Main,,,,Estado,,,,,Estado AMD,,Media de los flujos (kg/min),,,,Sangre (ppm),,,,Conductividad (mS / cm),,,,Misc,,,,Flujos máximos (kg/min),,,,Producciones (kg),,,
Hora de inicio,Acción,Duración (mm:ss),Producción (kg),Número de ordeño,RCS (* 1000 células / ml),Patada,Incompleto,Pezones no encontrados,Ubre,Pezón,DI,DD,TI,TD,DI,DD,TI,TD,DI,DD,TI,TD,EO/PO,Usuario,Destino Leche,Razón de la desviación,DI,DD,TI,TD,DI,DD,TI,TD
23/11/2022 11:57 a. m.,Ordeño,12:36,19.06,1,,,,,1,,0.48,0.66,0.96,0.66,6473,1586,485,389,3.77,4.26,4.28,4.18,VMS 3,,Divert 3,,0.90,1.20,1.38,1.08,3.57,4.16,5.26,6.07
24/11/2022 03:31 a. m.,Ordeño,09:12,14.09,1,,,,,1,,0.72,0.96,1.02,0.66,1989,676,0,0,4.08,4.28,4.38,4.41,VMS 3,,Tanque,,1.14,1.44,1.38,1.02,2.96,3.02,3.63,4.48
24/11/2022 09:16 p. m.,Ordeño,11:40,16.47,2,,,,,1,,0.60,0.60,0.96,0.54,2294,373,0,0,4.04,4.64,4.66,4.62,VMS 3,,Tanque,,1.02,0.84,1.26,0.90,3.42,3.90,4.38,4.77
25/11/2022 07:14 p. m.,Ordeño,11:43,16.23,1,,,,,1,,0.66,0.72,1.02,0.60,2084,0,0,0,4.78,4.81,4.86,4.92,VMS 3,,Tanque,,1.08,1.20,1.32,1.08,3.34,3.65,4.26,4.98
26/11/2022 03:13 p. m.,Ordeño,09:43,15.95,1,,,,,1,,0.72,0.78,0.96,0.60,781,0,0,0,4.30,4.21,4.32,4.19,VMS 3,,Tanque,,1.08,1.14,1.32,1.08,3.58,3.90,4.00,4.47
28/11/2022 04:08 p. m.,Ordeño,11:57,16.30,1,,,,,1,,0.60,0.78,0.90,0.54,0,0,0,0,3.90,4.31,4.57,4.24,VMS 3,,Tanque,,1.08,1.38,1.32,1.08,3.32,3.71,4.58,4.69
05/12/2022 01:25 a. m.,Ordeño,10:00,12.75,1,,,,,1,"DI,TD",0.66,0.78,0.90,0.54,0,0,0,0,4.96,4.25,3.47,5.01,VMS 3,,Tanque,,1.14,1.14,1.20,0.96,2.60,2.82,3.43,3.90
05/12/2022 06:30 p. m.,Ordeño,10:27,13.90,2,,,,,1,,0.66,0.72,0.96,0.54,0,0,0,0,4.97,4.62,4.39,5.12,VMS 3,,Tanque,,1.02,1.08,1.32,1.14,2.89,2.85,4.14,4.02
10/12/2022 04:06 p. m.,Ordeño,11:57,17.74,1,,,,,1,,0.60,0.84,1.02,0.54,0,0,0,0,4.90,4.94,4.73,4.65,VMS 3,,Tanque,,0.96,1.20,1.26,0.78,3.95,3.88,5.08,4.83
17/12/2022 02:26 p. m.,Ordeño,13:20,11.42,2,,,,,1,TD,0.48,0.66,0.84,0.48,0,0,0,0,4.15,4.15,4.33,5.12,VMS 3,,Tanque,,0.90,0.96,1.14,0.90,1.94,2.14,2.59,4.75
21/12/2022 04:35 p. m.,Ordeño,12:23,14.26,2,,,,,1,"DI,TD",0.72,0.66,0.84,0.60,0,0,0,0,5.31,4.00,4.15,4.70,VMS 3,,Tanque,,1.02,1.08,1.20,1.08,4.30,1.95,2.77,5.24
27/12/2022 09:50 a. m.,Ordeño,11:12,13.33,2,,,,,1,TD,0.66,0.72,0.90,0.60,0,0,0,0,3.95,4.06,4.10,5.38,VMS 3,,Tanque,,0.90,1.26,1.26,0.96,2.38,2.52,3.53,4.90
31/12/2022 11:26 p. m.,Ordeño,10:29,16.43,2,,,TD,,1,DI,0.66,0.78,0.96,0.30,0,0,0,0,5.51,5.30,5.11,4.31,VMS 3,,Tanque,,1.02,1.14,1.32,0.78,4.69,4.61,6.64,0.49
01/01/2023 11:20 a. m.,Ordeño,13:48,15.18,1,,,,,1,TD,0.66,0.72,0.90,0.60,1086,0,0,0,4.29,4.14,4.37,5.83,VMS 3,,Divert 3,Sangre por pezón por encima del umbral,0.96,1.20,1.32,1.02,2.62,2.86,4.18,5.52
04/02/2023 04:39 p. m.,Ordeño,12:52,22.37,1,,,,,1,,0.54,0.90,1.32,0.84,0,0,0,0,5.51,5.80,5.03,5.57,VMS 1,,Tanque,,1.08,1.38,1.74,1.26,4.93,4.29,6.65,6.50
07/02/2023 11:25 p. m.,Ordeño,11:16,19.63,3,,,,,1,,0.72,0.90,1.20,0.78,0,0,0,0,4.87,4.85,5.12,5.33,VMS 1,,Tanque,,1.14,1.26,1.62,1.26,3.73,3.42,6.16,6.32
14/02/2023 09:04 a. m.,Ordeño,13:25,24.22,1,,,,,1,,0.66,0.96,1.38,0.90,0,0,0,0,5.92,5.35,5.39,5.50,VMS 1,,Tanque,,1.08,1.38,1.74,1.32,5.11,4.26,7.24,7.61
17/02/2023 12:46 a. m.,Ordeño,14:16,23.55,1,,,,,1,,0.60,0.84,1.14,0.90,0,0,0,0,5.45,5.29,5.00,5.36,VMS 1,,Tanque,,1.02,1.50,1.68,1.38,4.85,4.86,6.05,7.79
05/03/2023 06:53 p. m.,Ordeño,13:24,19.28,2,,,TI,TI,1,,0.78,1.02,0.00,1.26,0,0,0,0,5.31,5.23,0.00,5.39,VMS 1,,Tanque,,1.20,1.50,0.00,1.74,5.58,5.00,0.00,8.70
30/03/2023 12:56 p. m.,Ordeño,11:17,24.11,1,,DD,,,1,,0.78,0.90,1.50,0.96,0,0,0,0,5.54,5.39,5.45,5.51,VMS 1,,Tanque,,1.32,1.44,1.86,1.44,4.89,4.69,7.04,7.49
02/04/2023 07:23 a. m.,Ordeño,09:57,26.22,1,,,,,1,,0.90,0.90,1.50,1.14,0,0,0,0,5.52,5.62,5.41,5.07,VMS 1,,Tanque,,1.44,1.26,2.40,1.68,5.81,5.43,6.99,7.99
11/04/2023 05:47 p. m.,Ordeño,12:31,26.02,2,,,,,1,,0.84,0.96,1.44,0.96,0,0,0,0,5.09,5.45,5.23,4.82,VMS 1,,Tanque,,1.38,1.38,1.92,1.56,4.85,5.44,7.66,8.07
29/05/2023 10:09 a. m.,Ordeño,09:03,27.92,1,,TD,,,1,,0.84,0.90,1.38,1.08,0,0,0,0,5.06,5.14,5.30,5.21,VMS 1,,Tanque,,1.20,1.38,1.86,1.68,5.64,4.72,8.69,8.87
08/08/2023 11:57 a. m.,Ordeño,08:22,15.76,1,,"DI,TI,TD",TD,,1,,0.96,1.02,1.62,0.78,0,0,0,0,5.30,4.87,5.37,2.88,VMS 1,,Tanque,,1.80,1.44,2.64,1.74,3.70,4.38,6.97,0.71
06/09/2023 06:07 p. m.,Ordeño,06:25,7.02,3,,"TI,TD",TI,TI,1,DI,0.66,0.84,0.72,0.96,0,0,0,0,4.93,4.82,4.56,3.95,VMS 1,,Tanque,,1.08,1.20,1.26,1.56,1.80,1.40,0.15,3.67
28/10/2023 04:24 p. m.,Ordeño,07:15,12.46,1,,,,,1,Todos,0.96,1.08,1.56,1.26,6093,1953,1186,1274,5.20,5.26,5.09,5.55,VMS 3,,Divert 3,,1.44,1.92,2.58,1.68,3.00,2.37,3.77,3.32
31/10/2023 08:01 a. m.,Ordeño,11:22,8.00,2,,,,,1,"DI,DD",0.84,0.96,1.44,0.78,7231,850,0,373,4.76,4.76,4.79,4.71,VMS 3,,Divert 3,,1.14,1.38,2.10,1.20,1.13,1.15,3.93,1.79
19/01/2024 09:26 a. m.,Ordeño,11:35,29.50,1,,,,,1,DI,0.90,1.02,1.62,1.32,0,0,383,0,5.81,4.89,5.12,0.00,VMS 1,,Tanque,,1.26,1.38,2.04,1.86,7.43,4.77,8.31,8.99
17/02/2024 10:08 p. m.,Ordeño,10:03,28.05,2,,,,,1,,1.08,1.08,1.68,1.44,0,0,0,0,5.78,6.11,5.67,0.00,VMS 1,,Tanque,,1.62,1.80,2.22,2.16,6.76,5.55,7.34,8.40
18/03/2024 08:52 a. m.,Ordeño,09:22,23.34,1,,,,,1,,1.08,0.84,1.68,1.20,0,0,0,0,6.04,5.16,5.51,0.00,VMS 1,,Tanque,,1.50,1.26,2.16,1.68,3.46,4.95,6.48,8.45
18/03/2024 05:17 p. m.,Ordeño,07:32,16.81,2,,,,,1,,0.96,0.84,1.68,1.26,0,0,0,0,5.80,5.21,5.44,0.00,VMS 1,,Tanque,,1.44,1.44,2.28,1.74,2.50,3.14,5.40,5.77
19/03/2024 03:29 p. m.,Ordeño,07:53,16.60,3,,"TI,TD",,,1,,0.90,1.02,1.98,1.32,0,0,0,0,6.15,5.77,5.90,0.00,VMS 1,,Tanque,,1.44,1.56,2.70,1.74,3.45,3.46,5.74,3.95
21/03/2024 06:36 p. m.,Ordeño,08:53,21.10,2,,DI,,,1,,0.84,1.20,1.74,1.20,0,0,0,0,6.06,5.57,5.85,0.00,VMS 1,,Tanque,,1.38,1.62,2.28,1.68,2.57,3.89,7.74,6.90
22/03/2024 05:12 a. m.,Ordeño,10:17,23.50,1,,,,,1,,0.90,0.84,1.44,1.02,0,0,0,0,5.97,5.35,5.59,0.00,VMS 1,,Tanque,,1.38,1.32,1.86,1.86,5.96,3.94,6.77,6.83
23/03/2024 12:11 a. m.,Ordeño,11:39,29.35,1,,,,,1,,0.90,0.96,1.74,1.32,0,0,0,0,6.16,5.55,5.52,0.00,VMS 1,,Tanque,,1.50,1.38,2.34,1.68,7.28,4.97,8.63,8.47
18/04/2024 09:05 p. m.,Ordeño,18:34,25.38,2,,,,,1,,0.30,1.08,1.80,1.44,0,0,0,0,5.46,5.79,6.03,0.00,VMS 1,,Tanque,,0.96,1.44,2.34,2.22,3.53,4.81,7.95,9.09
21/04/2024 12:01 a. m.,Ordeño,07:54,23.00,1,,,,,1,,0.90,1.08,1.86,1.38,0,0,0,0,6.29,5.71,5.85,0.00,VMS 1,,Tanque,,1.50,1.50,2.46,1.80,3.51,4.21,7.53,7.75
22/04/2024 05:10 a. m.,Ordeño,08:24,22.78,1,,TI,,,1,,0.96,0.96,1.62,1.56,0,0,0,0,6.19,5.66,6.03,0.00,VMS 1,,Tanque,,1.50,1.38,2.22,2.28,3.06,4.49,6.69,8.54
22/04/2024 03:31 p. m.,Ordeño,06:54,22.06,2,,,,,1,,1.08,1.14,1.92,1.56,0,0,0,0,6.25,5.69,5.88,0.00,VMS 1,,Tanque,,1.50,1.56,2.40,1.92,3.49,3.70,7.91,6.96
23/04/2024 07:36 a. m.,Ordeño,08:20,25.64,1,,,,,1,,1.08,1.14,1.80,1.44,0,0,0,0,6.06,5.95,5.95,0.00,VMS 1,,Tanque,,1.44,1.50,2.46,1.92,4.45,4.55,7.55,9.09
06/05/2024 09:40 p. m.,Ordeño,07:39,14.56,2,,,,,1,,1.02,0.90,1.62,1.38,0,0,0,0,4.98,4.89,5.48,0.00,VMS 1,,Tanque,,1.56,1.44,2.04,2.04,3.08,2.16,4.20,5.12
12/05/2024 06:55 a. m.,Ordeño,09:00,25.59,1,,,,,1,,0.96,0.96,1.74,1.26,0,0,0,0,5.30,5.67,5.89,0.00,VMS 1,,Tanque,,1.50,1.38,2.22,1.62,5.63,3.84,7.62,8.50
14/05/2024 05:46 p. m.,Ordeño,07:29,20.49,2,,,,,1,,1.08,1.02,1.92,1.32,0,0,0,0,5.70,6.11,6.19,0.00,VMS 1,,Tanque,,1.68,1.50,2.34,1.74,4.85,3.17,5.91,6.56
17/05/2024 05:25 a. m.,Ordeño,08:52,23.02,1,,DI,,,1,,1.08,0.96,1.68,1.38,0,0,0,0,5.63,5.96,6.10,0.00,VMS 1,,Tanque,,1.68,1.56,2.34,1.80,5.35,3.69,6.01,7.97
17/05/2024 04:39 p. m.,Ordeño,06:33,18.85,2,,,,,1,,1.20,1.02,1.86,1.38,0,0,0,0,5.68,5.88,6.22,0.00,VMS 1,,Tanque,,1.74,1.62,2.52,1.86,4.28,3.29,5.14,6.14
17/05/2024 10:57 p. m.,Ordeño,05:45,13.05,3,,,,,1,,1.02,0.60,1.44,1.32,0,0,0,0,5.56,5.68,6.05,0.00,VMS 1,,Tanque,,1.50,0.96,2.10,1.68,2.89,2.07,3.76,4.33
18/05/2024 07:56 a. m.,Ordeño,07:31,18.39,1,,TD,,,1,,1.02,1.02,1.68,1.50,0,0,0,0,5.82,6.11,6.37,0.00,VMS 1,,Tanque,,1.62,1.62,2.10,1.98,4.30,2.95,5.35,5.79
18/05/2024 04:55 p. m.,Ordeño,06:16,17.96,2,,,,,1,,1.20,1.02,1.80,1.50,0,0,0,0,5.56,5.96,6.19,0.00,VMS 1,,Tanque,,1.68,1.50,2.22,1.98,4.24,2.71,5.22,5.79
19/05/2024 07:00 a. m.,Ordeño,09:33,26.38,1,,,,,1,,1.08,1.02,1.92,1.26,0,0,0,0,5.56,5.84,6.06,0.00,VMS 1,,Tanque,,1.62,1.50,2.34,1.62,5.81,4.28,7.17,9.12
19/05/2024 05:00 p. m.,Ordeño,07:01,19.35,2,,,,,1,,1.14,1.02,1.98,1.50,0,0,0,0,5.63,5.89,6.13,0.00,VMS 1,,Tanque,,1.68,1.50,2.52,1.92,4.72,2.93,5.68,6.02
23/05/2024 02:39 a. m.,Ordeño,12:41,21.79,1,,Todos,,,1,,0.48,0.72,1.32,0.90,0,0,0,0,5.59,6.16,6.30,0.00,VMS 1,,Tanque,,0.84,1.14,1.74,1.32,4.68,3.48,6.98,6.65
24/05/2024 01:48 p. m.,Ordeño,06:13,9.37,3,,,,,1,TI,0.90,0.78,1.56,1.20,0,0,0,0,5.39,5.63,6.49,0.00,VMS 1,,Tanque,,1.44,1.32,1.92,1.68,2.27,1.57,2.60,2.93
24/05/2024 08:19 p. m.,Ordeño,06:11,13.99,4,,,,,1,,1.02,0.72,1.50,1.26,0,0,0,0,5.81,5.77,6.52,0.00,VMS 1,,Tanque,,1.56,1.08,1.86,1.74,3.30,1.86,4.04,4.79
25/05/2024 07:04 a. m.,Ordeño,08:24,23.41,1,,,,,1,,0.96,1.14,1.68,1.32,0,0,0,0,5.71,6.11,5.71,0.00,VMS 1,,Tanque,,1.32,1.56,2.22,1.92,5.36,3.27,7.33,7.45
25/05/2024 04:49 p. m.,Ordeño,10:03,18.48,2,,,,,1,,0.96,1.02,1.74,0.96,0,0,0,0,5.44,5.76,5.18,0.00,VMS 1,,Tanque,,1.32,1.50,2.40,1.86,4.29,2.80,5.35,6.04
26/05/2024 06:05 a. m.,Ordeño,11:33,14.91,1,,,TD,TD,1,TI,0.96,1.08,1.80,0.00,0,0,0,0,5.39,5.69,7.37,0.00,VMS 1,,Tanque,,1.74,1.74,2.34,0.00,5.32,3.62,5.97,0.00
26/05/2024 02:59 p. m.,Ordeño,09:11,18.15,2,,,,,1,TI,0.90,0.78,1.50,1.38,0,0,0,0,4.90,5.29,6.81,0.00,VMS 1,,Tanque,,1.32,1.44,1.92,1.92,3.50,2.23,3.21,9.21
27/05/2024 12:11 a. m.,Ordeño,09:22,15.64,1,,TI,,,1,TI,0.84,0.90,1.62,1.14,0,0,0,0,5.26,5.40,6.48,0.00,VMS 1,,Tanque,,1.56,1.44,2.22,1.62,4.04,2.38,3.86,5.36
27/05/2024 10:09 a. m.,Ordeño,07:07,20.15,2,,,,,1,TI,1.14,1.14,1.86,1.44,0,0,0,0,5.62,5.80,7.17,0.00,VMS 1,,Tanque,,1.92,1.62,2.40,1.92,4.95,3.32,5.66,6.22
27/05/2024 06:15 p. m.,Ordeño,06:19,15.32,3,,,,,1,TI,1.02,1.02,1.56,1.38,0,0,0,0,5.34,5.51,6.27,0.00,VMS 1,,Tanque,,1.68,1.56,2.40,2.04,3.68,2.64,4.01,4.99
28/05/2024 01:54 a. m.,Ordeño,08:48,14.32,1,,,,,1,,1.14,0.84,1.62,0.96,0,0,0,0,5.46,5.51,6.18,0.00,VMS 1,,Tanque,,1.68,1.50,2.10,1.62,3.47,2.13,3.81,4.91
28/05/2024 01:52 p. m.,Ordeño,07:37,23.31,2,,,,,1,,1.14,1.20,1.92,1.44,0,0,0,0,5.86,6.17,6.65,0.00,VMS 1,,Tanque,,1.56,1.56,2.58,2.10,5.70,3.77,6.46,7.38
28/05/2024 11:29 p. m.,Ordeño,06:57,18.63,3,,TD,,,1,,1.14,1.08,1.80,1.38,0,0,0,0,5.59,5.87,6.47,0.00,VMS 1,,Tanque,,1.50,1.62,2.22,1.98,4.75,3.52,5.11,5.25
29/05/2024 10:47 a. m.,Ordeño,08:23,21.88,1,,,,,1,,1.02,1.14,1.92,1.50,0,0,0,0,5.57,5.83,6.49,0.00,VMS 1,,Tanque,,1.50,1.62,2.46,1.86,5.51,3.35,6.29,6.73
29/05/2024 08:24 p. m.,Ordeño,06:42,16.72,2,,,,,1,,0.96,0.90,1.74,1.32,0,0,0,0,5.33,5.64,6.08,0.00,VMS 1,,Tanque,,1.44,1.32,2.28,2.04,3.94,2.56,4.78,5.44
30/05/2024 07:08 a. m.,Ordeño,08:28,22.75,1,,,,,1,,1.02,1.08,1.80,1.44,0,0,0,0,5.60,5.83,6.36,0.00,VMS 1,,Tanque,,1.32,1.56,2.34,1.86,5.46,3.67,6.49,7.13
31/05/2024 09:26 a. m.,Ordeño,08:14,20.60,1,,TD,,,1,,1.08,0.96,1.68,1.26,0,0,0,0,5.74,5.88,6.41,0.00,VMS 1,,Tanque,,1.56,1.74,2.04,1.80,5.13,3.05,6.63,5.79
16/06/2024 05:03 p. m.,Ordeño,08:31,21.43,2,,,,,1,DD,1.02,0.96,1.86,1.44,0,627,0,0,5.48,5.61,5.73,0.00,VMS 1,,Tanque,,1.62,1.44,2.40,1.86,5.06,3.26,6.25,6.86
18/06/2024 02:58 p. m.,Ordeño,12:02,27.37,1,,TI,,,1,,1.08,1.32,0.78,1.80,0,0,0,0,5.34,5.97,3.27,0.00,VMS 1,,Tanque,,1.80,2.04,1.68,2.52,7.63,4.60,1.43,13.71
18/06/2024 08:31 p. m.,Ordeño,10:10,8.45,2,,,,,1,DD,0.78,0.48,1.02,0.66,563,2213,0,0,4.56,5.15,5.09,0.00,VMS 1,,Tanque,,1.38,0.90,1.80,1.56,1.99,1.22,2.65,2.59
19/06/2024 04:17 a. m.,Ordeño,07:17,13.45,1,,,,,1,DD,1.08,0.96,1.74,1.20,0,713,0,0,5.38,5.73,5.78,0.00,VMS 1,,Tanque,,1.86,1.44,2.40,1.86,3.55,1.77,4.27,3.86
21/06/2024 02:10 p. m.,Ordeño,10:35,24.92,2,,,,,1,,1.02,1.08,1.62,1.32,0,0,0,0,5.52,5.87,4.95,0.00,VMS 1,,Tanque,,1.44,1.56,2.16,1.74,6.14,3.22,8.12,7.44
22/06/2024 06:12 p. m.,Ordeño,06:57,14.37,2,,,,,1,,1.08,0.96,1.92,1.32,582,447,0,0,4.77,5.38,5.49,0.00,VMS 1,,Tanque,,1.62,1.32,2.34,1.80,3.37,1.99,4.70,4.31
23/06/2024 01:35 a. m.,Ordeño,06:38,13.63,1,,TD,,,1,,0.96,0.90,1.74,1.26,0,0,0,0,4.92,5.54,5.47,0.00,VMS 1,,Tanque,,1.38,1.38,2.28,2.04,3.40,1.86,4.00,4.37
23/06/2024 05:20 p. m.,Ordeño,08:55,26.47,2,,,,,1,,1.20,1.20,2.10,1.56,0,0,0,0,5.46,5.92,5.67,0.00,VMS 1,,Tanque,,1.62,1.74,2.76,2.52,6.96,3.80,7.38,8.33
24/06/2024 04:03 a. m.,Ordeño,09:37,19.44,1,,,,,1,,1.02,1.08,1.80,1.26,0,0,306,0,5.03,5.72,5.56,0.00,VMS 1,,Tanque,,1.56,1.44,2.64,1.98,5.13,2.55,5.52,6.24
24/06/2024 10:36 a. m.,Ordeño,06:36,9.36,2,,,,,1,,0.90,0.78,1.62,1.14,490,397,0,0,4.72,5.17,5.37,0.00,VMS 1,,Tanque,,1.68,1.32,2.46,1.68,2.51,1.02,2.91,2.92
24/06/2024 06:32 p. m.,Ordeño,08:38,11.73,3,,,,,1,DD,0.96,0.84,1.62,1.20,585,691,0,0,4.63,5.16,5.25,0.00,VMS 1,,Tanque,,1.68,1.38,2.28,1.86,2.99,1.51,3.53,3.70
25/06/2024 07:11 a. m.,Ordeño,08:34,21.68,1,,,,,1,,1.08,1.02,1.80,1.32,0,0,0,0,5.38,6.11,5.82,0.00,VMS 1,,Tanque,,1.56,1.50,2.34,1.80,5.78,2.66,6.63,6.61
25/06/2024 05:51 p. m.,Ordeño,07:50,19.16,2,,,,,1,,1.08,0.96,1.80,1.26,0,0,0,0,5.11,5.94,5.75,0.00,VMS 1,,Tanque,,1.86,1.56,2.46,1.86,4.63,2.65,5.97,5.91
26/06/2024 06:19 p. m.,Ordeño,08:50,10.18,3,,TD,DI,,1,,0.78,0.90,1.50,1.38,0,0,0,0,5.11,5.73,5.45,0.00,VMS 1,,Tanque,,1.26,1.68,2.34,2.04,0.70,1.92,3.99,3.57
27/06/2024 02:28 a. m.,Ordeño,08:56,16.89,1,,TI,,,1,,1.14,0.90,1.80,1.32,0,0,0,0,5.42,5.96,5.72,0.00,VMS 1,,Tanque,,1.68,1.38,3.06,1.92,6.03,1.82,4.22,4.82
27/06/2024 12:51 p. m.,Ordeño,07:26,19.09,2,,,,,1,,1.14,1.02,2.04,1.38,0,0,0,0,5.36,6.39,6.17,0.00,VMS 1,,Tanque,,1.92,1.44,2.58,2.16,4.53,2.55,5.92,6.09
28/06/2024 12:05 p. m.,Ordeño,07:53,16.92,2,,"DI,TI,TD",,,1,,1.08,0.90,1.98,1.44,0,0,316,345,5.43,5.86,5.75,0.00,VMS 1,,Tanque,,1.50,1.26,2.52,2.16,4.25,2.56,4.87,5.24
30/06/2024 02:46 a. m.,Ordeño,06:39,14.61,1,,,,,1,,1.08,0.90,1.62,1.32,0,0,0,0,5.19,5.91,5.48,0.00,VMS 1,,Tanque,,1.68,1.38,2.16,1.74,3.76,1.85,4.48,4.52
30/06/2024 04:18 p. m.,Ordeño,08:41,22.15,2,,,,,1,,1.02,1.02,1.74,1.32,0,0,0,0,5.46,6.35,5.88,0.00,VMS 1,,Tanque,,1.56,1.68,2.22,1.74,5.78,3.04,5.88,7.45
30/06/2024 11:20 p. m.,Ordeño,06:50,12.22,3,,"TI,TD",,,1,DD,0.96,0.84,1.14,1.50,0,0,0,0,4.95,5.76,0.00,5.07,VMS 1,,Tanque,,1.44,1.38,1.62,1.92,2.99,1.78,3.72,3.73
01/07/2024 08:40 a. m.,Ordeño,07:40,18.13,1,,,,,1,,0.96,0.90,1.56,1.08,0,0,0,0,5.51,6.13,5.55,0.00,VMS 1,,Tanque,,1.44,1.38,2.10,1.50,4.65,2.09,5.45,5.94
01/07/2024 09:07 p. m.,Ordeño,11:31,22.08,2,,,,,1,,1.14,1.02,1.68,1.20,0,0,0,0,5.22,5.95,5.55,0.00,VMS 1,,Tanque,,1.62,1.50,2.52,1.86,5.47,2.89,7.14,6.58
02/07/2024 09:13 a. m.,Ordeño,09:00,22.16,1,,,,,1,,0.96,1.08,1.74,1.26,0,0,0,0,5.25,6.22,5.69,0.00,VMS 1,,Tanque,,1.44,1.62,2.22,1.68,5.79,2.86,6.77,6.74
02/07/2024 06:37 p. m.,Ordeño,07:22,16.61,2,,,,,1,DD,0.96,1.02,1.62,1.38,0,0,0,0,5.12,5.96,5.15,0.00,VMS 1,,Tanque,,1.38,1.50,2.22,1.86,4.18,2.17,5.19,5.07
03/07/2024 11:00 p. m.,Ordeño,08:53,17.31,3,,DD,,,1,,1.08,1.08,1.92,1.44,0,0,0,0,5.11,6.01,5.79,0.00,VMS 1,,Tanque,,1.50,1.50,2.58,2.76,3.87,1.92,6.64,4.88
04/07/2024 01:55 p. m.,Ordeño,09:26,24.73,1,,TD,,,1,,1.14,1.14,1.92,1.32,0,0,0,0,5.58,6.58,6.11,0.00,VMS 1,,Tanque,,1.56,1.50,2.46,2.16,6.88,3.28,6.92,7.65
05/07/2024 12:26 a. m.,Ordeño,08:08,18.70,1,,,,,1,,0.96,1.08,1.80,1.26,0,0,0,0,5.24,5.97,5.87,0.00,VMS 1,,Tanque,,1.62,1.50,2.34,1.80,4.95,2.11,5.86,5.78
05/07/2024 02:56 p. m.,Ordeño,08:44,20.99,2,,,,,1,,1.08,1.20,1.80,1.32,0,0,0,0,5.39,6.22,5.81,0.00,VMS 1,,Tanque,,1.44,1.62,2.34,1.92,6.34,3.09,5.25,6.31
06/07/2024 12:18 a. m.,Ordeño,07:08,15.78,1,,TD,,,1,,1.02,0.84,1.56,1.14,0,0,0,0,5.14,5.61,5.62,0.00,VMS 1,,Tanque,,1.44,1.26,1.98,1.62,4.12,2.18,4.64,4.84
06/07/2024 03:57 p. m.,Ordeño,09:45,23.85,2,,DI,,,1,,1.08,1.02,1.86,1.44,0,0,0,0,5.53,6.46,6.13,0.00,VMS 1,,Tanque,,1.62,1.56,2.46,1.86,6.83,2.70,6.84,7.48
06/07/2024 11:08 p. m.,Ordeño,06:20,11.55,3,,,,,1,,1.02,0.54,1.56,1.14,0,0,0,0,5.15,5.66,5.67,0.00,VMS 1,,Tanque,,1.56,0.90,2.16,1.74,3.21,1.56,3.51,3.27
07/07/2024 04:46 p. m.,Ordeño,09:29,19.59,1,,TD,TD,,1,DD,1.14,1.08,1.80,1.02,0,0,0,0,5.40,6.71,6.00,0.00,VMS 1,,Tanque,,1.68,1.68,2.22,1.62,7.13,3.21,8.01,1.24
08/07/2024 02:25 a. m.,Ordeño,07:34,14.07,1,,TD,,,1,DD,1.02,0.90,1.62,1.38,0,0,0,0,4.99,6.09,5.45,0.00,VMS 1,,Tanque,,1.44,1.38,2.28,1.86,3.81,1.72,4.02,4.52
08/07/2024 09:49 a. m.,Ordeño,06:06,11.33,2,,,,,1,,0.96,0.78,1.32,1.20,0,0,0,0,5.38,6.21,5.93,0.00,VMS 1,,Tanque,,1.50,1.20,1.98,1.74,3.09,1.30,3.22,3.72
08/07/2024 09:53 p. m.,Ordeño,07:32,14.87,3,,,,,1,,1.02,0.90,1.62,1.02,0,0,0,0,5.28,6.28,5.78,0.00,VMS 1,,Tanque,,1.50,1.44,2.16,1.38,4.36,2.14,4.96,3.41
09/07/2024 08:41 a. m.,Ordeño,08:39,16.75,1,,,,,1,,1.02,0.90,1.74,1.08,0,0,0,0,5.32,6.18,5.73,0.00,VMS 1,,Tanque,,1.56,1.38,2.34,1.56,5.16,2.27,5.33,3.99
09/07/2024 05:46 p. m.,Ordeño,07:34,12.58,2,,,,,1,,1.08,0.84,1.68,0.96,0,0,0,0,5.12,6.05,5.59,0.00,VMS 1,,Tanque,,1.62,1.32,2.34,1.38,3.89,1.89,4.03,2.77
10/07/2024 05:39 a. m.,Ordeño,08:32,19.24,1,,,,,1,,1.02,0.96,1.86,1.32,0,0,0,0,5.38,6.27,5.80,0.00,VMS 1,,Tanque,,1.62,1.38,2.34,1.80,5.44,2.54,5.50,5.76
10/07/2024 02:12 p. m.,Ordeño,05:59,13.07,2,,,,,1,,1.20,0.84,1.74,1.26,0,0,0,0,5.30,6.04,5.70,0.00,VMS 1,,Tanque,,1.68,1.32,2.28,1.68,3.75,1.83,4.02,3.47
10/07/2024 11:01 p. m.,Ordeño,07:03,14.05,3,,,,,1,,1.02,0.90,1.74,1.20,0,0,0,0,5.35,5.85,5.75,0.00,VMS 1,,Tanque,,1.56,1.44,2.16,1.92,4.16,1.61,4.70,3.58
11/07/2024 06:45 a. m.,Ordeño,07:09,14.69,1,,,,,1,,1.02,1.08,1.68,1.26,0,0,0,0,5.77,6.37,6.02,0.00,VMS 1,,Tanque,,1.56,1.56,2.40,1.62,4.37,1.73,4.78,3.81
11/07/2024 11:37 p. m.,Ordeño,11:43,24.57,2,,"DD,TD",,,1,DD,1.14,1.20,1.68,1.44,0,0,0,0,5.66,6.32,4.85,0.00,VMS 1,,Tanque,,1.86,1.86,2.34,2.10,7.33,3.24,7.67,6.33
12/07/2024 08:05 a. m.,Ordeño,06:37,13.10,1,,"TI,TD",,,1,,1.08,1.08,1.62,1.38,0,0,0,0,5.05,6.02,5.44,0.00,VMS 1,,Tanque,,1.56,1.62,2.04,1.86,4.12,1.86,3.58,3.54
12/07/2024 05:36 p. m.,Ordeño,06:59,14.41,2,,"TI,TD",,,1,,1.02,0.90,1.74,1.20,0,0,0,0,5.29,5.86,5.36,0.00,VMS 1,,Tanque,,1.44,1.38,2.34,1.56,4.09,2.04,4.64,3.64
13/07/2024 02:14 a. m.,Ordeño,06:57,14.11,1,,,,,1,,1.14,0.96,1.68,1.32,0,0,0,0,5.30,5.85,5.56,0.00,VMS 1,,Tanque,,1.50,1.50,2.40,1.80,4.03,1.69,4.13,4.26
13/07/2024 09:57 a. m.,Ordeño,06:49,13.46,2,,,,,1,,1.02,0.96,1.68,1.32,0,0,0,0,5.57,6.18,5.95,0.00,VMS 1,,Tanque,,1.44,1.56,2.28,2.04,4.05,1.48,4.19,3.74
13/07/2024 05:26 p. m.,Ordeño,06:51,13.02,3,,,,,1,,0.96,0.84,1.62,1.14,0,0,0,0,5.45,6.04,5.46,0.00,VMS 1,,Tanque,,1.56,1.50,2.10,1.62,3.75,1.63,4.09,3.55
14/07/2024 03:55 a. m.,Ordeño,10:59,18.48,1,,TI,,,1,,0.78,0.96,1.68,1.38,0,0,0,0,5.37,6.04,5.75,0.00,VMS 1,,Tanque,,1.26,1.38,2.52,1.80,5.26,2.18,5.18,5.86
14/07/2024 04:00 p. m.,Ordeño,07:58,18.24,2,,,,,1,,1.20,0.96,1.92,1.32,0,0,0,0,5.35,6.18,5.66,0.00,VMS 1,,Tanque,,1.86,1.74,2.52,1.80,4.59,2.66,5.23,5.76
15/07/2024 01:52 a. m.,Ordeño,07:51,14.68,1,,,,,1,,0.96,0.78,1.62,1.14,0,0,0,0,5.03,5.80,5.34,0.00,VMS 1,,Tanque,,1.50,1.26,2.04,1.62,4.08,1.93,4.38,4.29
15/07/2024 03:25 p. m.,Ordeño,08:19,19.89,2,,,,,1,DD,1.08,1.02,1.86,1.32,0,0,0,0,5.43,6.46,5.78,0.00,VMS 1,,Tanque,,1.86,1.44,2.58,1.74,5.35,2.53,5.62,6.39
16/07/2024 06:02 a. m.,Ordeño,10:16,22.55,1,,"DI,DD,TD",,,1,DD,1.02,1.08,1.80,1.50,0,0,0,0,5.19,6.63,5.61,0.00,VMS 1,,Tanque,,1.44,1.62,2.46,2.34,6.46,2.61,7.12,6.36
16/07/2024 06:06 p. m.,Ordeño,07:26,15.93,2,,TD,,,1,DD,1.02,0.84,1.62,1.20,0,0,0,0,5.01,6.31,5.51,0.00,VMS 1,,Tanque,,1.74,1.92,2.34,1.62,4.50,2.10,4.72,4.61
17/07/2024 04:05 a. m.,Ordeño,07:46,14.00,1,,"DI,TI,TD",,,1,,0.96,0.72,1.62,1.26,0,0,0,0,5.10,6.02,5.40,0.00,VMS 1,,Tanque,,1.44,1.26,1.98,2.10,4.04,1.68,3.93,4.35
17/07/2024 06:20 p. m.,Ordeño,10:01,22.84,2,,TD,,,1,DD,1.08,1.08,1.80,1.26,0,0,0,0,5.71,7.17,6.28,0.00,VMS 1,,Tanque,,1.50,1.50,2.22,1.98,6.49,2.61,7.63,6.11
18/07/2024 05:26 a. m.,Ordeño,12:11,17.26,1,,,,,1,DD,1.02,0.96,1.86,1.32,0,0,0,0,5.16,6.23,5.41,0.00,VMS 1,,Tanque,,1.44,1.80,2.76,1.80,4.42,2.32,5.13,5.39
18/07/2024 05:21 p. m.,Ordeño,08:34,17.74,2,,,,,1,DD,1.02,0.90,1.74,1.14,0,0,0,0,5.13,6.36,5.69,0.00,VMS 1,,Tanque,,1.62,1.50,2.28,1.68,5.00,1.94,5.35,5.45
19/07/2024 08:00 a. m.,Ordeño,09:55,21.46,1,,,,,1,DD,0.96,0.90,1.68,1.32,0,0,0,0,5.05,6.51,5.83,0.00,VMS 1,,Tanque,,1.50,1.44,2.22,1.80,6.53,2.28,6.75,5.90
19/07/2024 06:22 p. m.,Ordeño,07:05,15.04,2,,TD,,,1,,1.14,0.96,1.62,1.38,0,0,0,0,5.17,6.15,5.56,0.00,VMS 1,,Tanque,,1.74,1.50,2.28,1.98,4.25,1.80,4.47,4.52
20/07/2024 07:12 a. m.,Ordeño,07:52,14.96,1,,TD,TD,,1,,1.08,0.96,1.62,1.32,0,0,0,0,5.27,6.09,5.82,0.00,VMS 1,,Tanque,,1.68,1.44,2.22,1.68,5.10,2.01,5.97,1.88
20/07/2024 06:10 p. m.,Ordeño,07:31,17.32,2,,TI,,,1,DD,1.08,0.96,1.68,1.62,0,0,0,0,5.27,6.39,0.00,5.68,VMS 1,,Tanque,,1.50,1.44,2.22,2.28,4.60,1.73,6.47,4.52
21/07/2024 12:53 p. m.,Ordeño,12:59,24.53,1,,TD,,,1,,1.02,1.08,1.86,1.56,0,0,0,0,5.51,6.32,6.05,0.00,VMS 1,,Tanque,,1.86,1.44,2.40,2.04,7.66,2.74,7.43,6.70
21/07/2024 09:38 p. m.,Ordeño,07:10,11.92,2,,"TI,TD",,,1,,1.02,0.90,1.56,1.26,0,0,0,0,4.97,6.01,5.63,0.00,VMS 1,,Tanque,,1.50,1.50,1.98,1.68,3.81,1.49,3.53,3.09
22/07/2024 09:32 a. m.,Ordeño,07:09,16.56,1,,"DI,TD",,,1,,1.08,0.96,1.68,1.32,0,0,0,0,5.41,6.50,5.90,0.00,VMS 1,,Tanque,,1.62,1.44,2.58,2.22,4.70,2.00,5.29,4.57
22/07/2024 06:11 p. m.,Ordeño,07:49,13.18,2,,,,,1,,0.96,0.90,1.56,1.26,0,0,0,0,5.25,6.09,5.69,0.00,VMS 1,,Tanque,,1.38,1.38,2.10,1.74,4.26,1.32,3.95,3.65
23/07/2024 04:22 a. m.,Ordeño,09:44,14.68,1,,,,,1,,1.02,0.90,1.62,1.26,0,0,0,0,5.29,6.21,5.77,0.00,VMS 1,,Tanque,,1.74,1.44,2.52,1.74,4.35,1.67,4.51,4.15
23/07/2024 06:26 p. m.,Ordeño,11:25,21.80,2,,,,,1,DD,1.08,1.26,1.86,1.50,0,0,0,0,5.74,7.17,6.27,0.00,VMS 1,,Tanque,,1.74,1.68,2.88,2.28,6.56,2.40,6.83,6.01
24/07/2024 04:21 a. m.,Ordeño,09:01,16.75,1,,,,,1,,0.96,0.96,1.50,1.26,0,0,0,0,5.27,6.34,5.89,0.00,VMS 1,,Tanque,,1.32,1.44,2.04,2.04,4.98,2.14,5.20,4.43
24/07/2024 05:01 p. m.,Ordeño,06:57,18.29,2,,,,,1,,1.20,0.96,2.04,1.32,0,0,0,0,5.46,6.48,5.98,0.00,VMS 1,,Tanque,,1.68,1.44,2.52,1.80,4.95,2.29,5.67,5.38
25/07/2024 02:34 a. m.,Ordeño,07:48,14.80,1,,TI,,,1,,0.96,0.90,1.68,1.20,0,0,0,0,5.37,6.40,5.83,0.00,VMS 1,,Tanque,,1.74,1.44,2.22,1.80,4.49,1.86,3.96,4.49
25/07/2024 01:36 p. m.,Ordeño,10:01,11.68,2,,"DD,TD",TD,,1,,1.14,1.14,1.92,1.38,0,0,0,0,5.45,6.33,5.93,0.00,VMS 1,,Tanque,,1.56,1.62,3.06,2.34,4.44,1.83,4.37,1.04
25/07/2024 08:11 p. m.,Ordeño,08:14,12.37,3,,DI,,,1,DD,0.90,0.72,1.32,1.38,0,0,0,0,4.65,6.15,5.41,0.00,VMS 1,,Tanque,,1.62,1.14,2.46,2.04,2.29,1.07,2.59,6.42
26/07/2024 06:22 a. m.,Ordeño,07:43,13.90,1,,,,,1,DD,1.02,0.96,1.56,1.20,0,0,0,0,5.28,6.23,5.52,0.00,VMS 1,,Tanque,,1.68,1.38,2.10,1.86,4.22,1.63,4.23,3.82
26/07/2024 05:18 p. m.,Ordeño,06:54,15.87,2,,DI,,,1,,1.32,0.90,1.86,1.32,0,0,0,0,5.58,6.52,5.82,0.00,VMS 1,,Tanque,,2.10,1.44,2.46,1.80,4.12,2.08,5.29,4.38
27/07/2024 02:30 a. m.,Ordeño,06:21,14.40,1,,,,,1,,1.26,0.84,1.74,1.26,0,0,0,0,5.40,6.26,5.69,0.00,VMS 1,,Tanque,,1.74,1.32,2.52,1.80,4.41,1.72,4.27,4.00
27/07/2024 05:17 p. m.,Ordeño,09:21,21.52,2,,,,,1,DD,1.14,1.26,2.10,1.44,0,0,0,0,5.59,7.10,5.96,0.00,VMS 1,,Tanque,,1.74,1.68,2.70,2.34,6.64,2.36,6.37,6.15
28/07/2024 04:45 a. m.,Ordeño,06:55,17.84,1,,TD,,,1,DD,1.26,1.08,1.98,1.38,0,0,0,0,5.38,6.53,5.70,0.00,VMS 1,,Tanque,,1.68,1.50,2.40,1.80,5.34,2.28,5.35,4.87
28/07/2024 06:21 p. m.,Ordeño,08:52,15.91,2,,,,,1,,1.02,1.08,1.98,1.50,0,0,0,0,5.65,6.23,5.50,0.00,VMS 1,,Tanque,,1.62,1.62,2.64,1.98,4.49,1.77,4.75,4.90
29/07/2024 07:53 a. m.,Ordeño,08:09,16.95,1,,,,,1,DD,1.08,1.02,1.68,1.26,0,0,0,0,5.35,6.35,5.68,0.00,VMS 1,,Tanque,,1.62,1.74,2.22,1.74,4.35,2.11,5.36,5.13
29/07/2024 04:59 p. m.,Ordeño,06:57,10.43,2,,TD,,,1,DD,0.90,0.96,1.38,1.20,0,0,0,0,5.24,6.51,5.59,0.00,VMS 1,,Tanque,,1.56,1.38,1.92,1.80,2.85,1.42,2.87,3.29
30/07/2024 12:43 a. m.,Ordeño,06:18,11.23,1,,TD,,,1,,0.96,0.78,1.44,1.14,0,0,0,0,5.31,6.24,5.66,0.00,VMS 1,,Tanque,,1.86,1.32,2.52,2.34,2.92,1.33,3.88,3.10
30/07/2024 10:46 a. m.,Ordeño,06:17,13.58,2,,DI,,,1,,1.02,1.02,1.80,1.38,0,0,0,0,5.85,6.78,6.17,0.00,VMS 1,,Tanque,,1.74,1.50,2.70,1.86,3.49,1.41,4.37,4.31
30/07/2024 07:49 p. m.,Ordeño,07:24,12.17,3,,,,,1,,0.90,0.84,1.08,1.38,0,0,0,0,5.42,6.37,0.00,5.65,VMS 1,,Tanque,,1.38,1.38,1.50,1.80,3.84,1.59,3.42,3.32
31/07/2024 04:34 a. m.,Ordeño,07:03,13.50,1,,DI,,,1,,1.02,0.78,1.62,1.26,0,0,0,0,5.46,5.96,5.78,0.00,VMS 1,,Tanque,,1.50,1.26,1.98,1.74,4.06,1.64,3.83,3.97
01/08/2024 09:45 a. m.,Ordeño,05:32,11.34,2,,,,,1,,1.14,0.78,2.10,1.26,0,0,0,0,5.25,5.99,5.77,0.00,VMS 1,,Tanque,,1.68,1.20,2.82,1.68,3.10,1.19,4.02,3.03
01/08/2024 07:39 p. m.,Ordeño,07:43,12.52,3,,,,,1,DD,1.02,0.84,1.38,1.02,0,0,0,0,5.05,5.98,5.32,0.00,VMS 1,,Tanque,,1.80,1.38,1.92,1.98,3.64,1.42,3.36,4.10
02/08/2024 08:02 a. m.,Ordeño,09:39,16.10,1,,DI,,,1,,1.14,0.90,1.68,1.20,0,0,0,0,5.68,6.14,6.11,0.00,VMS 1,,Tanque,,2.04,1.44,2.40,1.92,4.39,2.25,4.12,5.34
02/08/2024 05:16 p. m.,Ordeño,07:08,14.02,2,,TD,,,1,,1.08,0.84,1.50,1.20,0,0,0,0,5.13,6.13,5.90,0.00,VMS 1,,Tanque,,1.56,1.38,2.04,1.62,4.70,1.76,3.83,3.73
03/08/2024 01:54 a. m.,Ordeño,07:58,12.46,1,,DI,,,1,,1.02,0.78,1.38,1.20,0,0,0,0,5.07,5.93,5.71,0.00,VMS 1,,Tanque,,1.56,1.44,2.22,1.92,3.53,1.49,3.29,4.15
03/08/2024 01:51 p. m.,Ordeño,07:08,17.02,2,,DI,,,1,,1.08,0.90,1.68,1.32,0,0,0,0,5.51,6.58,6.23,0.00,VMS 1,,Tanque,,1.50,1.50,2.40,1.92,4.75,2.14,4.90,5.23
04/08/2024 01:10 a. m.,Ordeño,09:45,17.88,1,,"TI,TD",,,1,,1.02,0.84,1.56,1.32,0,0,0,0,5.38,5.84,6.01,0.00,VMS 1,,Tanque,,1.50,1.26,2.04,1.98,5.92,1.79,5.14,5.03
04/08/2024 02:07 p. m.,Ordeño,09:38,17.36,2,,,,,1,,1.14,0.84,1.80,1.20,0,0,0,0,5.11,6.22,6.15,0.00,VMS 1,,Tanque,,1.92,1.32,2.40,1.86,4.97,2.03,4.69,5.67
05/08/2024 06:10 a. m.,Ordeño,07:40,20.38,1,,DI,,,1,DD,1.08,1.08,1.92,1.38,0,0,0,0,5.27,6.79,5.87,0.00,VMS 1,,Tanque,,1.98,1.56,2.52,1.86,5.46,2.69,5.97,6.26
05/08/2024 02:02 p. m.,Ordeño,06:46,9.73,2,,TI,,,1,DD,1.02,0.78,1.56,1.02,0,0,0,0,4.80,6.10,5.51,0.00,VMS 1,,Tanque,,1.74,1.26,2.10,1.50,3.56,1.08,2.51,2.58
06/08/2024 01:29 a. m.,Ordeño,08:04,14.67,1,,"TI,TD",,,1,,0.96,0.72,1.56,1.02,0,0,0,0,5.15,6.13,5.84,0.00,VMS 1,,Tanque,,1.44,1.20,1.98,1.74,4.46,1.56,3.90,4.75
06/08/2024 08:07 a. m.,Ordeño,08:26,9.41,2,,,,,1,,0.84,0.90,1.32,1.08,0,0,0,0,5.16,6.24,5.75,0.00,VMS 1,,Tanque,,1.26,1.44,2.16,1.62,2.93,1.04,2.56,2.88
06/08/2024 07:38 p. m.,Ordeño,08:03,15.18,3,,,,,1,DD,0.90,0.72,1.56,1.08,0,0,0,0,5.14,6.39,5.88,0.00,VMS 1,,Tanque,,1.38,1.20,2.28,1.50,4.50,1.83,4.93,3.92
07/08/2024 07:49 a. m.,Ordeño,08:59,16.99,1,,TI,,,1,,0.96,0.78,1.68,1.26,0,0,0,0,5.27,6.25,5.77,0.00,VMS 1,,Tanque,,1.38,1.32,2.52,1.62,5.53,1.90,4.25,5.31
07/08/2024 05:52 p. m.,Ordeño,07:26,12.84,2,,"DI,TI,TD",,,1,,1.02,1.02,1.62,1.20,0,0,0,0,5.27,6.28,6.22,0.00,VMS 1,,Tanque,,1.44,1.50,2.22,1.62,4.15,1.40,3.23,4.06
08/08/2024 02:04 a. m.,Ordeño,07:21,13.69,1,,,,,1,,0.96,0.60,1.62,1.02,0,0,0,0,5.21,5.83,6.03,0.00,VMS 1,,Tanque,,1.50,1.20,2.16,1.56,3.99,1.47,4.89,3.34
08/08/2024 02:43 p. m.,Ordeño,09:12,16.77,2,,TD,,,1,DD,1.08,0.84,1.68,1.26,0,0,0,0,5.33,6.58,6.02,0.00,VMS 1,,Tanque,,1.74,1.44,2.16,2.10,5.01,2.03,5.11,4.62
09/08/2024 04:49 a. m.,Ordeño,09:07,13.69,1,,"DI,TI,TD",TD,,1,DD,1.08,0.84,1.50,0.84,0,0,0,0,5.10,6.36,5.83,0.00,VMS 1,,Tanque,,1.68,1.38,2.22,1.62,6.00,2.13,5.24,0.32
09/08/2024 05:13 p. m.,Ordeño,07:09,16.67,2,,,,,1,DD,1.14,0.96,1.86,1.44,0,0,0,0,4.99,6.34,5.93,0.00,VMS 1,,Tanque,,1.50,1.38,2.52,1.92,4.64,1.84,4.16,6.03
10/08/2024 06:28 a. m.,Ordeño,08:19,16.27,1,,,,,1,,1.08,0.90,1.38,1.02,0,0,0,0,5.04,6.28,5.99,0.00,VMS 1,,Tanque,,1.50,1.32,1.92,1.62,5.59,2.07,5.00,3.61
10/08/2024 04:18 p. m.,Ordeño,07:39,11.33,2,,,,,1,,1.02,0.84,1.62,1.02,0,0,0,0,4.93,5.90,5.73,0.00,VMS 1,,Tanque,,1.44,1.38,2.10,1.62,4.06,1.25,3.35,2.67
11/08/2024 06:21 a. m.,Ordeño,08:11,16.54,1,,,,,1,,1.02,0.96,1.62,1.20,0,0,0,0,5.17,6.43,6.20,0.00,VMS 1,,Tanque,,1.44,1.32,2.16,1.68,5.42,1.90,5.13,4.09
11/08/2024 08:14 p. m.,Ordeño,07:53,16.58,2,,,,,1,,1.14,0.96,1.74,1.26,0,0,0,0,5.17,6.36,6.06,0.00,VMS 1,,Tanque,,1.56,1.44,2.22,1.80,5.48,1.98,4.97,4.15
12/08/2024 07:24 a. m.,Ordeño,07:49,15.47,1,,,,,1,,1.08,1.14,1.68,1.32,0,0,0,0,5.11,6.35,5.94,0.00,VMS 1,,Tanque,,1.62,1.44,2.28,1.80,5.13,1.71,4.54,4.09
12/08/2024 04:36 p. m.,Ordeño,06:57,11.48,2,,,,,1,,1.08,1.02,1.56,1.20,0,0,0,0,5.00,6.03,5.57,0.00,VMS 1,,Tanque,,1.56,1.50,2.10,1.62,3.84,1.14,3.38,3.12
13/08/2024 06:12 a. m.,Ordeño,08:39,16.41,1,,,,,1,DD,1.02,0.84,1.62,1.14,0,0,0,0,5.05,6.25,5.80,0.00,VMS 1,,Tanque,,1.38,1.32,2.04,1.50,5.19,2.01,4.66,4.55
13/08/2024 03:04 p. m.,Ordeño,05:48,10.47,2,,,,,1,DD,1.14,0.78,1.50,1.08,0,0,0,0,4.93,6.23,5.64,0.00,VMS 1,,Tanque,,1.62,1.44,2.04,1.68,3.45,1.13,2.99,2.90
14/08/2024 01:26 a. m.,Ordeño,08:04,12.48,1,,,,,1,,1.08,1.08,1.32,1.56,0,0,0,0,4.99,6.05,0.00,5.65,VMS 1,,Tanque,,1.56,1.50,1.92,2.04,3.97,1.38,3.44,3.69
14/08/2024 09:28 a. m.,Ordeño,06:12,9.67,2,,,,,1,,1.02,0.72,1.38,1.20,0,0,0,0,4.94,5.78,5.36,0.00,VMS 1,,Tanque,,1.50,1.38,2.04,1.62,3.42,0.95,2.51,2.79
14/08/2024 09:22 p. m.,Ordeño,07:37,14.72,3,,,,,1,,1.14,0.72,1.56,1.26,0,0,0,0,4.93,5.91,6.06,0.00,VMS 1,,Tanque,,1.74,1.20,2.10,1.98,4.62,1.57,4.15,4.38
15/08/2024 07:12 a. m.,Ordeño,08:21,13.68,1,,TD,,,1,,0.96,0.78,1.56,1.14,0,0,0,0,5.05,5.94,5.71,0.00,VMS 1,,Tanque,,1.38,1.38,1.98,1.56,4.55,1.46,4.10,3.57
15/08/2024 05:26 p. m.,Ordeño,07:04,12.49,2,,"TI,TD",,,1,DD,1.08,0.96,1.74,1.38,0,0,0,0,5.27,6.41,5.84,0.00,VMS 1,,Tanque,,1.50,1.38,2.10,2.40,4.45,1.32,3.55,3.17
16/08/2024 01:48 a. m.,Ordeño,07:19,11.15,1,,,,,1,DD,0.84,0.78,1.38,1.26,0,0,0,0,4.87,6.20,5.52,0.00,VMS 1,,Tanque,,1.26,1.32,1.98,1.74,3.47,1.36,2.94,3.38
16/08/2024 04:34 p. m.,Ordeño,08:34,18.48,2,,,,,1,,1.08,0.84,1.68,1.32,0,0,0,0,5.14,6.38,5.97,0.00,VMS 1,,Tanque,,1.62,1.44,2.64,1.74,5.93,2.02,5.06,5.47
16/08/2024 11:46 p. m.,Ordeño,06:15,8.40,3,,,,,1,DD,0.96,0.78,1.44,1.02,0,0,0,0,4.63,5.69,5.17,0.00,VMS 1,,Tanque,,1.68,1.26,1.92,1.68,2.82,0.89,2.10,2.59
17/08/2024 12:11 p. m.,Ordeño,07:48,14.45,1,,DI,,,1,DD,0.96,0.96,1.56,1.20,0,0,0,0,4.97,6.45,5.89,0.00,VMS 1,,Tanque,,1.62,1.50,2.22,1.86,4.51,1.43,4.30,4.21
17/08/2024 08:56 p. m.,Ordeño,08:21,8.58,2,,,,,1,DD,0.84,0.66,1.20,0.96,0,0,0,0,4.56,5.94,5.50,0.00,VMS 1,,Tanque,,1.32,1.20,1.62,1.74,2.74,1.00,2.52,2.32
18/08/2024 07:29 a. m.,Ordeño,07:40,12.99,1,,TD,,,1,,0.96,0.72,1.38,1.20,0,0,0,0,5.02,5.97,5.71,0.00,VMS 1,,Tanque,,1.38,1.14,2.10,1.86,4.30,1.21,3.71,3.77
18/08/2024 03:14 p. m.,Ordeño,05:50,8.85,2,,DI,,,1,DD,0.96,0.66,1.08,1.02,0,0,0,0,4.97,6.16,5.52,0.00,VMS 1,,Tanque,,1.44,1.08,1.68,1.56,2.77,0.98,2.62,2.48
19/08/2024 01:20 a. m.,Ordeño,06:12,13.10,1,,TI,,,1,DD,0.90,0.60,1.26,1.14,0,0,0,0,4.94,6.31,5.77,0.00,VMS 1,,Tanque,,1.26,1.08,1.86,1.50,4.28,1.35,3.75,3.72
19/08/2024 12:11 p. m.,Ordeño,07:59,13.16,2,,DI,,,1,DD,1.02,1.02,1.56,1.26,0,0,0,0,4.85,6.46,5.75,0.00,VMS 1,,Tanque,,1.50,1.50,1.98,1.68,4.31,1.33,3.79,3.73
20/08/2024 12:09 a. m.,Ordeño,06:49,11.82,1,,TD,,,1,,1.08,0.66,1.44,1.26,0,0,0,0,4.67,5.91,5.69,0.00,VMS 1,,Tanque,,1.56,1.14,2.10,1.68,3.76,1.27,3.40,3.39
20/08/2024 08:53 a. m.,Ordeño,05:39,10.29,2,,TI,,,1,,1.20,0.72,1.26,1.32,0,0,0,0,5.27,6.23,0.00,5.87,VMS 1,,Tanque,,1.80,1.14,1.74,2.04,3.53,1.06,2.80,2.90
20/08/2024 11:02 p. m.,Ordeño,10:28,17.54,3,,,,,1,DD,0.96,0.90,1.44,1.26,0,0,0,0,5.07,6.46,5.98,0.00,VMS 1,,Tanque,,1.38,1.44,2.10,1.68,5.59,1.81,5.09,5.05
21/08/2024 03:36 p. m.,Ordeño,08:51,17.46,1,,,,,1,DD,1.02,0.84,1.50,1.26,0,0,0,0,4.91,6.71,5.65,0.00,VMS 1,,Tanque,,1.62,1.38,2.22,1.68,6.02,2.13,4.53,4.78
21/08/2024 11:42 p. m.,Ordeño,05:34,9.65,2,,DI,,,1,DD,1.02,0.72,1.32,1.20,0,0,0,0,4.75,6.08,5.53,0.00,VMS 1,,Tanque,,1.98,1.02,1.80,1.62,2.99,1.13,2.83,2.70
22/08/2024 08:35 a. m.,Ordeño,06:39,11.88,1,,TI,,,1,,1.20,0.96,1.80,1.38,0,0,0,0,5.12,6.30,5.86,0.00,VMS 1,,Tanque,,1.62,1.44,2.64,1.92,4.24,1.12,2.83,3.69
22/08/2024 03:34 p. m.,Ordeño,06:21,8.83,2,,"TI,TD",,,1,,0.90,0.72,1.38,1.14,0,0,0,0,4.98,5.97,5.88,0.00,VMS 1,,Tanque,,1.44,1.26,1.80,1.62,2.87,0.92,2.86,2.18
23/08/2024 12:39 a. m.,Ordeño,07:11,12.52,1,,TD,,,1,,1.02,0.66,1.38,1.14,0,0,0,0,5.26,5.76,5.87,0.00,VMS 1,,Tanque,,1.44,1.02,1.86,1.68,4.16,1.17,3.83,3.36
23/08/2024 10:14 a. m.,Ordeño,08:35,14.08,2,,,,,1,,0.96,0.96,1.38,1.20,0,0,0,0,5.27,6.31,5.84,0.00,VMS 1,,Tanque,,1.32,1.32,1.86,1.56,4.68,1.46,4.02,3.92
23/08/2024 07:46 p. m.,Ordeño,06:35,11.52,3,,,,,1,,1.08,0.84,1.38,1.14,0,0,0,0,5.12,6.05,5.54,0.00,VMS 1,,Tanque,,1.50,1.26,2.04,1.56,3.90,1.26,3.33,3.03
24/08/2024 04:32 a. m.,Ordeño,06:51,12.34,1,,"TI,TD",,,1,,1.02,0.84,1.26,1.44,0,0,0,0,5.11,5.93,0.00,5.56,VMS 1,,Tanque,,1.44,1.32,1.74,2.28,4.16,1.26,3.61,3.31
24/08/2024 04:08 p. m.,Ordeño,08:44,15.49,2,,,,,1,DD,0.90,0.96,1.50,1.32,0,0,0,0,4.77,6.32,5.16,0.00,VMS 1,,Tanque,,1.44,1.38,1.98,1.68,5.08,1.46,4.68,4.27
25/08/2024 12:14 a. m.,Ordeño,06:36,8.80,1,,,,,1,DD,0.84,0.78,1.26,1.02,0,0,0,0,4.67,5.93,5.17,0.00,VMS 1,,Tanque,,1.26,1.08,1.68,1.44,3.10,1.06,2.47,2.17
25/08/2024 06:52 a. m.,Ordeño,05:54,8.21,2,,TI,,,1,,1.02,0.72,1.38,1.20,0,0,0,0,4.94,5.73,5.13,0.00,VMS 1,,Tanque,,1.50,1.20,2.04,1.80,2.92,0.86,2.23,2.20
25/08/2024 06:00 p. m.,Ordeño,09:20,12.41,3,,TD,TD,,1,,1.08,0.78,1.62,1.02,0,0,0,0,5.16,6.20,5.92,0.00,VMS 1,,Tanque,,1.86,1.20,2.46,1.62,4.87,1.44,4.67,1.43
25/08/2024 10:52 p. m.,Ordeño,08:09,7.52,4,,TD,,,1,DD,0.96,0.54,0.96,1.20,0,0,0,0,4.82,5.73,5.13,0.00,VMS 1,,Tanque,,1.44,0.90,1.62,1.98,1.99,0.84,1.68,3.01
26/08/2024 08:55 a. m.,Ordeño,07:11,14.53,1,,"TI,TD",,,1,,1.14,0.78,1.86,1.44,0,0,0,0,5.13,6.10,5.83,0.00,VMS 1,,Tanque,,1.80,1.26,2.34,2.16,4.54,1.35,3.61,5.03
26/08/2024 05:22 p. m.,Ordeño,05:52,9.61,2,,DI,,,1,,1.14,0.66,1.44,1.14,0,0,0,0,4.97,5.91,5.67,0.00,VMS 1,,Tanque,,1.50,1.02,2.10,1.62,3.25,0.97,3.02,2.37
27/08/2024 05:30 a. m.,Ordeño,07:53,15.58,1,,,,,1,DD,1.08,0.96,1.74,1.32,0,0,0,0,5.04,6.11,5.49,0.00,VMS 1,,Tanque,,1.56,1.56,2.70,1.98,5.39,1.55,4.47,4.17
27/08/2024 03:48 p. m.,Ordeño,07:53,11.54,2,,,,,1,DD,0.90,0.90,1.26,1.02,0,0,0,0,4.32,5.91,4.81,0.00,VMS 1,,Tanque,,1.50,1.32,1.74,1.74,4.17,1.15,3.19,3.03
27/08/2024 11:56 p. m.,Ordeño,06:59,9.79,1,,"TI,TD",,,1,,0.84,0.60,1.32,1.08,0,0,0,0,4.87,5.78,5.34,0.00,VMS 1,,Tanque,,1.14,0.90,1.68,1.44,3.53,1.06,2.78,2.42
28/08/2024 12:10 p. m.,Ordeño,11:20,17.19,2,,,,,1,DD,0.96,0.96,1.62,1.26,0,0,0,0,5.07,6.31,5.82,0.00,VMS 1,,Tanque,,1.62,1.38,2.28,1.98,5.34,1.69,5.05,5.11
28/08/2024 11:37 p. m.,Ordeño,08:14,10.17,3,,DI,TD,TD,1,,1.08,0.84,1.44,0.00,0,0,0,0,4.85,5.77,5.52,0.00,VMS 1,,Tanque,,1.80,1.20,2.10,0.00,4.23,1.41,4.53,0.00
29/08/2024 05:56 a. m.,Ordeño,07:23,12.53,1,,TI,,,1,DD,1.02,0.48,1.38,1.26,0,0,0,0,4.64,5.87,0.00,5.24,VMS 1,,Tanque,,1.38,0.96,1.74,1.86,4.43,0.74,5.14,2.22
29/08/2024 04:58 p. m.,Ordeño,08:11,13.55,2,,,,,1,DD,1.08,0.90,1.44,1.26,0,0,0,0,4.90,6.23,5.68,0.00,VMS 1,,Tanque,,1.62,1.32,1.92,1.74,4.90,1.30,3.96,3.39
30/08/2024 02:33 a. m.,Ordeño,07:45,10.34,1,,TI,,,1,DD,0.84,0.72,1.02,1.14,0,0,0,0,4.23,5.69,5.20,0.00,VMS 1,,Tanque,,1.50,1.32,1.86,1.68,3.51,1.00,3.13,2.70
30/08/2024 03:06 p. m.,Ordeño,07:32,14.44,2,,"DI,TI,TD",,,1,,1.20,0.84,1.80,1.26,0,0,0,0,5.08,6.31,6.13,0.00,VMS 1,,Tanque,,1.80,1.38,2.16,1.80,5.34,1.31,4.42,3.37
31/08/2024 08:44 a. m.,Ordeño,08:47,18.73,1,,TD,,,1,DD,1.14,1.14,1.74,1.44,0,0,0,0,5.08,6.69,5.99,0.00,VMS 1,,Tanque,,1.56,1.50,2.22,1.92,6.52,1.70,5.50,5.01
31/08/2024 11:38 p. m.,Ordeño,10:07,14.90,2,,,,,1,DD,0.90,0.78,1.44,1.26,0,0,0,0,4.62,5.93,5.16,0.00,VMS 1,,Tanque,,1.44,1.26,1.92,1.80,5.25,1.58,4.23,3.84
01/09/2024 02:21 p. m.,Ordeño,08:28,16.12,1,,,,,1,DD,1.08,1.02,1.74,1.32,0,0,0,0,4.99,6.24,5.59,0.00,VMS 1,,Tanque,,1.50,1.50,2.22,1.74,5.91,1.51,4.54,4.16
02/09/2024 06:25 a. m.,Ordeño,09:35,18.13,1,,,,,1,DD,1.02,0.96,1.56,1.08,0,0,0,0,4.88,6.21,5.74,0.00,VMS 1,,Tanque,,1.38,1.44,2.04,1.56,6.19,1.84,4.98,5.12
02/09/2024 05:21 p. m.,Ordeño,06:38,11.53,2,,,,,1,TD,1.20,0.90,1.38,1.32,0,0,0,0,4.56,5.60,5.21,6.21,VMS 3,,Tanque,,1.74,1.32,1.86,1.92,4.35,0.94,3.01,3.23
03/09/2024 06:53 a. m.,Ordeño,07:16,15.14,1,,TD,,,1,TD,1.26,1.08,1.50,1.38,0,0,0,0,4.72,5.80,5.37,6.22,VMS 3,,Tanque,,1.74,1.56,2.22,1.80,5.38,1.61,3.77,4.38
04/09/2024 03:46 p. m.,Ordeño,05:54,9.76,2,,"TI,TD",,,1,DD,1.32,0.78,1.62,1.14,0,0,0,0,4.46,5.42,4.94,5.22,VMS 3,,Tanque,,1.74,1.20,2.16,1.80,3.98,1.04,2.60,2.14
05/09/2024 04:14 a. m.,Ordeño,07:28,13.82,1,,TD,,,1,,1.26,0.78,1.74,1.14,0,0,0,0,4.66,5.37,5.35,5.72,VMS 3,,Tanque,,1.74,1.20,2.22,1.68,4.81,1.27,3.69,4.05
05/09/2024 04:51 p. m.,Ordeño,07:31,14.81,2,,TD,,,1,"DD,TD",1.26,0.90,1.80,1.20,0,0,0,0,4.59,5.71,5.12,5.76,VMS 3,,Tanque,,2.10,1.32,2.28,1.62,5.50,1.44,3.67,4.20
06/09/2024 06:59 a. m.,Ordeño,05:41,14.31,1,,DI,,,1,"DD,TD",1.44,1.02,1.68,1.44,0,0,0,0,4.58,5.69,5.17,5.80,VMS 3,,Tanque,,2.28,1.44,2.22,1.92,4.74,1.39,3.89,4.29
26/12/2024 05:30 a. m.,Ordeño,07:49,18.04,1,,,,,1,DI,1.26,1.44,1.62,1.26,0,0,0,0,7.10,5.57,5.13,5.04,VMS 2,,Tanque,,1.80,2.76,2.04,1.92,3.96,4.46,4.75,4.87
26/12/2024 02:42 p. m.,Ordeño,10:00,8.29,2,,,DI,,1,DI,0.36,0.66,1.02,0.96,0,349,0,0,6.63,4.09,4.20,3.99,VMS 2,,Tanque,,0.78,1.44,1.74,1.62,0.44,1.89,2.74,3.22
28/12/2024 05:13 p. m.,Ordeño,07:43,8.70,4,,TD,DI,,1,DI,0.66,1.02,1.26,0.96,0,0,0,0,5.68,4.96,4.90,4.16,VMS 2,,Drenaje,,1.08,1.44,1.62,1.92,0.98,1.87,3.24,2.61
12/01/2025 11:06 p. m.,Ordeño,10:41,29.70,3,,,,,1,"DI,DD",0.96,1.08,1.68,1.44,0,0,0,0,5.97,6.55,4.67,5.05,VMS 2,,Tanque,,1.68,1.56,2.10,1.92,7.19,6.79,7.29,8.43
04/04/2025 05:59 a. m.,Ordeño,09:36,30.88,1,,,,,1,TD,1.26,1.14,1.92,1.68,0,0,0,0,5.56,4.82,5.03,6.37,VMS 3,,Tanque,,1.68,1.68,2.46,2.40,4.62,6.48,8.57,11.21
18/04/2025 09:18 p. m.,Ordeño,10:41,26.65,3,,,,,1,TD,1.02,1.26,1.62,1.44,0,0,0,0,5.16,4.76,4.89,5.96,VMS 3,,Tanque,,1.56,1.56,2.04,2.04,3.92,5.32,6.55,10.86
26/05/2025 11:07 p. m.,Ordeño,07:13,13.29,3,,,,,1,TD,0.48,0.48,0.72,1.68,0,0,0,0,4.16,4.83,4.59,5.86,VMS 3,,Tanque,,0.90,1.14,1.32,2.52,1.45,1.42,1.98,8.44
16/06/2025 06:30 p. m.,Ordeño,09:45,26.48,2,,TD,,,1,TD,1.14,1.32,1.86,1.44,0,0,0,0,5.98,5.41,5.71,7.04,VMS 3,,Tanque,,1.62,1.80,2.28,1.98,6.71,4.41,8.49,6.87
19/06/2025 09:06 a. m.,Ordeño,07:06,24.50,1,,,,,1,,1.08,1.56,1.98,1.68,0,0,0,0,5.12,5.34,5.31,5.87,VMS 3,,Tanque,,1.44,2.10,2.64,2.22,4.93,4.36,7.77,7.44
20/06/2025 01:42 p. m.,Ordeño,06:46,12.82,2,,TD,,,1,TD,1.02,0.96,1.50,1.32,0,0,0,0,5.43,4.82,4.96,6.43,VMS 3,,Tanque,,1.44,1.38,2.28,1.80,2.57,1.91,4.36,3.98
21/06/2025 12:47 a. m.,Ordeño,07:20,22.82,1,,,,,1,,1.20,1.26,1.80,1.62,0,0,0,0,5.60,5.58,5.16,6.13,VMS 3,,Tanque,,1.86,1.80,2.52,2.10,4.51,3.85,7.22,7.24
21/06/2025 06:09 a. m.,Ordeño,05:18,9.27,2,,,,,1,,0.90,0.66,1.14,1.02,0,0,0,0,5.27,5.39,4.89,5.72,VMS 3,,Tanque,,1.50,1.08,1.62,1.62,1.92,1.63,2.82,2.90
22/06/2025 12:57 a. m.,Ordeño,08:53,30.36,1,,,,,1,TD,1.20,1.20,1.92,1.62,0,0,0,0,5.51,5.46,5.03,6.21,VMS 3,,Tanque,,1.56,1.80,2.34,2.04,6.47,6.14,7.49,10.26
22/06/2025 05:17 p. m.,Ordeño,09:10,28.83,2,,,,,1,,1.14,1.26,1.86,1.44,306,0,0,0,5.25,5.40,5.09,5.91,VMS 3,,Tanque,,1.62,1.68,2.46,1.98,5.76,4.41,9.31,9.35
23/06/2025 04:38 p. m.,Ordeño,13:37,36.02,1,,TI,,,1,,1.20,1.32,1.98,1.56,0,0,0,0,5.17,5.87,5.30,5.83,VMS 3,,Tanque,,1.62,1.74,2.82,4.68,7.26,7.43,8.13,13.20
24/06/2025 02:21 a. m.,Ordeño,06:03,18.18,1,,"TI,TD",,,1,,1.20,0.96,1.86,1.38,0,0,0,0,4.77,5.12,5.08,5.40,VMS 3,,Tanque,,1.74,1.38,2.64,1.92,3.50,2.96,6.42,5.30
11/07/2025 02:33 a. m.,Ordeño,06:49,14.15,1,,,,,1,,1.14,0.78,2.52,1.32,0,0,0,0,4.99,5.11,5.70,5.24,VMS 3,,Tanque,,1.92,1.32,0.40,1.80,2.94,2.15,4.95,4.11
11/07/2025 04:52 p. m.,Ordeño,08:15,24.05,2,,,,,1,,1.32,1.32,2.22,1.62,0,0,0,0,5.11,5.28,5.70,5.60,VMS 3,,Tanque,,1.98,2.10,3.36,2.64,5.67,3.77,7.20,7.41
31/07/2025 02:37 a. m.,Ordeño,08:07,24.76,1,,,,,1,,1.14,1.20,1.98,1.44,0,0,0,0,5.27,5.22,5.63,5.59,VMS 3,,Tanque,,1.62,1.92,2.64,1.86,5.77,3.66,7.94,7.39
01/08/2025 07:00 p. m.,Ordeño,10:03,18.69,3,,,,,1,,1.32,1.14,1.38,1.62,0,0,0,0,5.48,5.42,5.66,5.46,VMS 3,,Tanque,,1.86,1.68,1.92,2.82,4.06,3.40,5.55,5.68
03/08/2025 01:25 a. m.,Ordeño,07:35,14.61,1,,"TI,TD",,,1,,1.14,0.72,1.68,1.44,0,0,0,0,4.86,5.01,4.96,5.20,VMS 3,,Tanque,,1.62,1.08,2.58,2.10,2.35,2.13,3.95,6.18
20/08/2025 07:02 p. m.,Ordeño,08:44,26.47,2,,TD,,,1,,1.20,1.08,1.98,1.38,0,0,0,0,5.31,5.58,5.85,6.05,VMS 3,,Tanque,,1.86,1.56,2.46,1.98,4.84,5.30,7.59,8.74
23/08/2025 07:04 a. m.,Ordeño,08:09,21.09,1,,TD,,,1,,1.20,1.02,1.86,1.20,0,0,0,0,5.43,5.43,5.88,5.83,VMS 3,,Tanque,,1.80,1.62,2.34,1.80,4.48,3.99,7.17,5.45
03/09/2025 11:43 p. m.,Ordeño,06:31,17.99,3,,TD,,,1,,0.96,1.02,1.92,1.44,0,0,0,0,5.29,5.40,5.22,5.67,VMS 3,,Tanque,,1.50,1.56,2.52,1.86,3.66,2.89,6.34,5.10
04/09/2025 03:45 p. m.,Ordeño,09:09,24.15,1,,,,,1,,1.26,1.26,1.86,1.44,0,0,0,0,5.65,5.60,5.74,5.99,VMS 3,,Tanque,,1.74,2.04,2.40,1.98,4.83,4.65,6.08,8.59
06/09/2025 07:56 a. m.,Ordeño,06:32,18.08,1,,,,,1,,1.20,1.14,1.74,1.38,0,0,0,0,5.00,5.30,5.41,5.46,VMS 3,,Tanque,,1.68,1.68,2.28,1.86,3.82,3.47,4.79,6.00
06/09/2025 09:05 p. m.,Ordeño,08:40,18.58,2,,TD,,,1,,1.02,1.32,1.86,1.44,0,0,0,0,5.11,5.64,5.50,5.58,VMS 3,,Tanque,,1.80,1.92,2.76,2.34,4.18,3.11,5.47,5.82
08/09/2025 09:37 p. m.,Ordeño,06:16,15.93,2,,,,,1,DI,1.02,1.14,1.80,1.38,0,0,0,0,7.17,5.38,5.30,5.61,VMS 3,,Tanque,,1.68,1.62,2.34,1.86,2.93,2.96,4.72,5.32
09/09/2025 05:16 a. m.,Ordeño,06:09,6.35,1,,,DI,,1,DI,0.66,0.78,1.20,0.90,0,0,0,0,5.98,5.03,5.04,4.59,VMS 3,,Tanque,,1.20,1.38,1.80,1.44,0.75,1.22,2.14,2.24
09/09/2025 01:34 p. m.,Ordeño,06:51,8.91,2,,,,,1,DI,0.54,0.90,1.44,1.02,0,0,0,0,6.50,5.35,5.30,5.36,VMS 3,,Tanque,,0.84,1.44,2.16,1.98,1.28,1.69,2.63,3.31
09/09/2025 11:55 p. m.,Ordeño,06:41,11.85,1,,TD,,,1,DI,0.78,0.96,1.62,0.96,0,0,0,0,7.30,5.48,5.50,5.56,VMS 3,,Tanque,,1.32,1.50,2.16,1.50,1.70,2.23,3.92,4.00
10/09/2025 09:27 a. m.,Ordeño,06:03,11.59,2,,,,,1,DI,0.90,1.02,1.44,1.08,0,0,0,0,7.71,5.41,5.29,5.54,VMS 3,,Tanque,,1.38,1.56,1.98,1.44,1.83,2.09,3.79,3.88
10/09/2025 06:05 p. m.,Ordeño,05:10,10.58,3,,,,,1,DI,0.66,0.60,1.20,0.90,0,0,0,0,6.47,5.26,5.31,5.14,VMS 3,,Tanque,,1.44,1.02,1.92,1.38,2.02,1.90,3.30,3.36
11/09/2025 08:31 a. m.,Ordeño,12:15,18.67,1,,,,,1,DI,0.96,1.32,1.38,1.14,0,0,0,0,7.44,5.52,4.90,5.72,VMS 3,,Tanque,,1.32,1.92,1.98,1.56,3.41,3.03,5.84,6.39
11/09/2025 05:33 p. m.,Ordeño,07:33,12.38,2,,TD,,,1,DI,0.96,1.02,1.38,0.96,0,0,0,0,6.46,5.26,4.89,5.23,VMS 3,,Tanque,,1.50,1.50,1.98,1.44,2.31,2.13,4.06,3.88
12/09/2025 02:54 a. m.,Ordeño,10:59,11.82,1,,TD,,,1,DI,0.96,1.20,1.50,1.08,0,0,0,0,6.24,5.26,5.17,5.30,VMS 3,,Tanque,,1.38,1.74,2.10,1.92,2.50,2.01,4.09,3.22
12/09/2025 11:46 p. m.,Ordeño,11:22,11.29,4,,TD,,,1,,0.90,0.84,1.50,1.02,0,0,0,0,5.50,4.83,4.95,4.95,VMS 3,,Tanque,,1.62,1.20,1.98,1.62,1.58,1.42,6.21,2.08
13/09/2025 12:35 p. m.,Ordeño,11:27,19.43,1,,"TI,TD",,,1,,0.96,1.20,1.68,1.20,0,0,0,0,6.02,5.74,5.48,5.72,VMS 3,,Tanque,,1.38,1.74,2.22,1.80,3.54,3.14,5.47,7.28
19/09/2025 11:45 a. m.,Ordeño,10:07,13.50,1,,,TI,TI,1,,0.96,1.14,0.00,1.38,0,0,0,0,5.21,5.40,0.00,5.36,VMS 3,,Tanque,,1.62,1.68,0.00,1.86,3.72,3.64,0.00,6.14
21/09/2025 06:39 a. m.,Ordeño,08:18,19.07,1,,,,,1,,0.84,0.96,1.44,1.32,0,0,0,0,5.09,5.23,5.81,5.17,VMS 3,,Tanque,,1.38,1.50,1.92,2.04,4.46,3.54,4.23,6.84
21/09/2025 06:10 p. m.,Ordeño,06:07,14.83,2,,TI,,,1,,1.08,1.14,1.44,1.50,0,0,0,0,5.15,5.29,5.11,5.82,VMS 3,,Tanque,,1.68,1.62,2.10,2.10,3.42,2.63,5.13,3.65
24/09/2025 03:27 a. m.,Ordeño,06:08,17.76,1,,,,,1,,1.32,1.20,1.80,1.56,0,0,0,0,5.13,5.50,5.76,5.52,VMS 3,,Tanque,,1.86,1.68,2.46,2.28,3.18,3.74,4.56,6.28
25/09/2025 04:28 p. m.,Ordeño,05:37,14.27,2,,,,,1,TI,0.90,1.14,1.62,1.62,0,0,0,0,3.83,4.90,5.13,4.96,VMS 3,,Tanque,,1.50,1.80,2.16,2.28,3.27,2.49,4.02,4.49
26/09/2025 07:10 p. m.,Ordeño,08:03,21.60,2,,,,,1,,1.08,1.14,1.74,1.56,367,0,0,0,6.00,5.50,5.38,6.03,VMS 3,,Tanque,,1.50,1.80,2.40,2.10,3.99,4.11,5.95,7.55
27/09/2025 10:27 a. m.,Ordeño,06:59,13.92,1,,,TD,TD,1,,1.20,1.20,1.80,0.00,0,0,0,0,5.19,5.22,5.29,0.00,VMS 3,,Tanque,,1.68,1.74,2.40,0.00,4.67,3.05,6.20,0.00
27/09/2025 04:58 p. m.,Ordeño,07:01,13.49,2,,,,,1,TD,1.08,0.90,1.44,1.68,0,0,0,0,5.18,5.31,5.26,6.10,VMS 3,,Tanque,,1.98,1.62,2.10,2.16,1.89,1.33,2.26,8.01
28/09/2025 05:00 a. m.,Ordeño,06:02,17.11,1,,TD,,,1,,1.26,1.20,1.80,1.44,0,0,0,0,5.37,5.68,5.61,5.46,VMS 3,,Tanque,,1.92,1.62,2.40,1.98,3.98,3.40,5.40,4.33
29/09/2025 02:23 a. m.,Ordeño,09:38,6.40,1,,,,,1,TI,0.42,0.30,1.50,0.54,0,0,0,0,4.61,5.49,5.81,5.39,VMS 3,,Tanque,,0.90,0.66,1.86,1.50,0.95,0.55,3.85,1.05
29/09/2025 05:27 p. m.,Ordeño,09:52,20.80,2,,,,,1,TI,1.20,1.26,1.50,1.74,0,0,0,0,5.20,5.85,7.04,5.44,VMS 3,,Tanque,,1.68,1.86,1.92,2.28,3.76,3.85,6.36,6.83
30/09/2025 12:49 a. m.,Ordeño,05:09,7.73,1,,,,,1,TD,0.96,0.84,1.32,0.96,0,0,0,0,4.77,5.50,5.16,5.75,VMS 3,,Tanque,,1.50,1.38,1.86,1.50,1.93,1.44,2.25,2.11
30/09/2025 07:42 a. m.,Ordeño,07:06,8.93,2,,,,,1,,0.90,0.72,1.26,1.08,0,0,0,0,4.91,5.27,5.30,5.42,VMS 3,,Tanque,,1.32,1.08,2.04,1.56,2.06,1.54,2.98,2.35
30/09/2025 05:10 p. m.,Ordeño,05:14,11.75,3,,,,,1,TD,1.14,0.96,1.68,1.32,0,0,0,0,5.21,5.72,5.43,6.28,VMS 3,,Tanque,,1.68,1.50,2.34,1.74,2.77,2.02,3.27,3.69
01/10/2025 07:19 a. m.,Ordeño,09:10,12.96,1,,,TI,TI,1,,0.96,1.20,0.00,1.44,0,0,0,0,4.95,5.33,0.00,5.87,VMS 3,,Tanque,,1.38,1.56,0.00,2.04,4.25,3.13,0.00,5.58
02/10/2025 05:42 p. m.,Ordeño,08:23,21.56,2,,,,,1,TD,1.02,1.26,2.04,1.56,0,0,0,0,5.06,5.64,5.74,6.21,VMS 3,,Tanque,,1.50,1.74,2.64,2.16,4.75,3.47,7.42,5.92
04/10/2025 06:55 p. m.,Ordeño,08:28,18.85,2,,TD,,,1,,1.02,1.20,1.62,1.32,0,0,0,0,5.11,5.47,5.75,5.39,VMS 3,,Tanque,,1.38,1.92,2.16,2.16,4.06,3.22,4.97,6.60
06/10/2025 09:13 p. m.,Ordeño,09:38,19.99,2,,"TI,TD",,,1,TI,1.02,1.38,0.84,1.92,356,0,329,0,5.29,5.03,6.10,5.43,VMS 3,,Tanque,,1.50,1.98,1.62,2.46,4.97,3.78,5.11,6.13
08/10/2025 06:23 p. m.,Ordeño,08:36,20.37,2,,TI,,,1,,0.96,1.20,1.68,0.96,582,0,0,0,5.29,4.96,5.36,5.76,VMS 3,,Tanque,,1.62,1.74,2.16,1.62,5.24,3.82,5.89,5.42
09/10/2025 07:45 a. m.,Ordeño,06:08,13.22,1,,,,,1,TD,1.14,1.20,1.62,0.90,350,0,0,0,4.98,5.28,5.68,6.09,VMS 3,,Tanque,,1.74,1.80,2.22,1.44,3.79,2.30,4.25,2.88
09/10/2025 05:50 p. m.,Ordeño,07:59,8.74,2,,,TI,TI,1,TD,1.08,1.32,0.00,1.02,0,0,0,0,5.21,5.42,0.00,6.41,VMS 3,,Tanque,,1.62,1.86,0.00,1.92,3.40,2.38,0.00,2.96
10/10/2025 01:35 a. m.,Ordeño,05:20,12.31,1,,,,,1,TD,0.96,0.96,2.04,0.84,307,0,0,0,4.91,5.22,5.54,6.11,VMS 3,,Tanque,,1.44,1.44,2.64,1.50,2.37,1.78,6.01,2.15
10/10/2025 03:14 p. m.,Ordeño,08:10,18.51,2,,,,,1,TD,1.14,1.20,1.62,1.02,0,0,0,0,5.14,5.53,5.24,6.47,VMS 3,,Tanque,,1.74,1.68,2.16,1.44,4.57,3.31,5.05,5.58
11/10/2025 07:33 p. m.,Ordeño,08:58,23.15,2,,,,,1,,1.08,1.26,1.98,1.14,0,0,0,0,5.07,5.73,5.87,6.18,VMS 3,,Tanque,,1.62,1.80,2.40,1.80,6.59,4.29,6.52,5.75
12/10/2025 03:53 a. m.,Ordeño,05:32,8.73,1,,,,,1,TD,0.78,0.72,0.96,1.02,0,0,0,0,4.56,5.25,5.15,5.67,VMS 3,,Tanque,,1.38,1.14,1.68,1.44,2.10,1.38,2.20,3.05
12/10/2025 05:48 p. m.,Ordeño,08:56,17.16,2,,,,,1,,1.14,1.14,1.68,1.20,0,0,0,0,5.27,5.67,5.81,6.23,VMS 3,,Tanque,,1.74,1.62,2.34,1.62,3.62,2.95,4.73,5.86
13/10/2025 11:14 a. m.,Ordeño,09:11,21.10,1,,,,,1,,1.14,1.20,1.68,1.20,0,0,0,0,5.27,5.73,5.82,6.13,VMS 3,,Tanque,,1.80,1.74,2.34,1.80,4.95,3.32,6.00,6.83
14/10/2025 07:57 a. m.,Ordeño,10:28,20.28,1,,DI,,,1,,1.14,1.32,1.86,1.08,0,0,0,0,5.30,5.82,5.73,6.05,VMS 3,,Tanque,,2.04,1.92,2.58,1.80,3.39,3.65,6.15,7.09
15/10/2025 10:51 a. m.,Ordeño,08:16,10.75,2,,,,,1,,1.08,0.84,1.38,1.08,0,0,0,0,5.16,5.44,5.68,5.57,VMS 3,,Tanque,,1.68,1.26,2.04,1.68,2.45,1.76,3.13,3.41
15/10/2025 05:45 p. m.,Ordeño,08:10,8.95,3,,,,,1,,0.96,1.02,1.44,1.08,0,0,0,0,5.17,5.68,5.55,6.05,VMS 3,,Tanque,,1.50,1.50,2.16,1.62,2.15,1.52,2.46,2.82
16/10/2025 07:24 a. m.,Ordeño,06:51,16.58,1,,,,,1,,1.20,1.14,1.92,1.14,0,0,0,0,5.35,5.81,5.93,6.15,VMS 3,,Tanque,,1.62,1.50,2.52,1.62,3.98,2.94,4.46,5.20
17/10/2025 10:19 a. m.,Ordeño,06:31,12.18,2,,,,,1,,1.02,0.96,1.62,0.96,0,0,0,0,5.05,5.44,5.56,5.72,VMS 3,,Tanque,,1.56,1.44,2.52,1.38,2.88,2.09,3.44,3.77
17/10/2025 07:26 p. m.,Ordeño,06:26,12.45,3,,,,,1,,0.78,0.96,1.56,0.96,0,0,0,0,4.84,5.38,5.63,5.79,VMS 3,,Tanque,,1.38,1.38,1.92,1.38,3.01,2.11,3.48,3.85
18/10/2025 10:39 a. m.,Ordeño,08:57,19.82,1,,,,,1,,1.08,1.08,1.62,1.14,0,0,0,0,5.01,5.71,5.62,5.95,VMS 3,,Tanque,,1.80,1.62,2.16,1.86,4.68,3.41,5.85,5.88
18/10/2025 10:44 p. m.,Ordeño,07:43,12.73,2,,,,,1,,0.96,1.08,1.62,1.02,0,0,0,0,4.82,5.41,5.49,5.72,VMS 3,,Tanque,,1.50,1.62,2.22,1.44,3.19,2.07,3.52,3.95
19/10/2025 08:56 a. m.,Ordeño,07:18,11.30,1,,,,,1,,0.84,1.02,1.62,0.96,0,0,0,0,4.70,5.27,5.49,5.71,VMS 3,,Tanque,,1.68,1.62,2.22,1.56,2.91,1.83,3.13,3.43
19/10/2025 05:44 p. m.,Ordeño,06:01,10.35,2,,,,,1,,0.96,0.90,0.90,1.62,0,0,0,0,4.76,5.22,5.53,5.39,VMS 3,,Tanque,,1.44,1.38,1.50,2.04,2.41,1.71,3.15,3.08
20/11/2022 10:06 a. m.,Ordeño,12:25,11.07,1,,TD,,,0,,2.34,0.60,0.72,0.54,5187,2174,1088,1186,2.14,2.95,3.39,3.15,VMS 3,,Divert 3,,0.52,0.96,1.32,0.96,3.82,1.59,1.78,3.88
20/11/2022 10:45 p. m.,Ordeño,09:41,7.68,2,,,,,0,,0.24,0.66,0.78,0.42,0,2078,893,684,1.21,2.75,4.21,3.73,VMS 3,,Divert 3,,0.54,1.08,1.38,0.78,0.32,2.31,2.42,2.63
22/11/2022 01:08 p. m.,Ordeño,14:36,21.84,1,,,,,0,,0.60,0.72,0.96,0.60,7974,2470,678,383,3.04,4.36,4.46,4.70,VMS 3,,Divert 3,,1.02,1.08,1.50,1.20,4.67,5.50,5.09,6.58
26/11/2022 10:54 p. m.,Ordeño,06:42,7.30,2,,,,,0,,0.60,0.78,0.96,0.54,0,0,0,0,3.84,4.01,4.19,4.05,VMS 3,,Tanque,,1.02,1.32,1.26,0.78,1.52,1.69,1.92,2.17
27/11/2022 10:07 p. m.,Ordeño,11:59,18.91,1,,,,,0,,0.66,0.90,0.90,0.60,0,0,0,0,4.68,4.86,4.84,4.79,VMS 3,,Tanque,,1.08,1.26,1.44,1.02,4.26,4.16,5.20,5.29
29/11/2022 07:38 p. m.,Ordeño,13:12,19.06,1,,,,,0,,0.72,0.90,0.96,0.60,0,0,0,0,5.20,5.10,5.13,5.40,VMS 3,,Tanque,,1.14,1.44,1.38,1.02,4.09,4.39,4.82,5.76
30/11/2022 01:47 p. m.,Ordeño,08:36,10.42,1,,,,,0,,0.54,0.84,0.90,0.54,379,0,0,0,4.21,4.33,4.52,4.23,VMS 3,,Tanque,,0.96,1.26,1.26,0.96,2.12,2.41,2.84,3.05
01/12/2022 02:44 a. m.,Ordeño,07:39,7.83,1,,,,,0,,0.54,0.78,0.78,0.48,0,0,0,0,4.40,4.50,4.59,4.54,VMS 3,,Tanque,,0.84,1.14,1.14,0.90,1.59,1.87,2.04,2.33
02/12/2022 01:17 a. m.,Ordeño,09:22,13.39,1,,,,,0,,0.72,1.02,0.90,0.54,0,0,0,0,4.66,4.75,4.82,4.60,VMS 3,,Tanque,,1.08,1.38,1.26,0.96,3.05,3.19,3.56,3.59
03/12/2022 02:31 a. m.,Ordeño,12:09,14.77,1,,,,,0,,0.66,0.84,0.84,0.54,0,0,0,0,4.59,4.77,4.89,4.77,VMS 3,,Tanque,,1.08,1.26,1.20,1.20,3.14,3.35,4.01,4.27
03/12/2022 04:29 p. m.,Ordeño,08:06,8.26,2,,,,,0,,0.54,0.84,0.78,0.48,0,0,0,0,4.20,4.32,4.35,4.27,VMS 3,,Tanque,,0.90,1.20,1.14,0.78,1.71,1.80,2.29,2.46
04/12/2022 08:48 a. m.,Ordeño,09:18,10.02,1,,,,,0,,0.66,0.60,0.66,0.48,0,0,0,0,4.33,4.40,4.39,4.37,VMS 3,,Tanque,,0.90,0.90,1.08,0.84,2.17,2.36,2.48,3.01
06/12/2022 02:00 a. m.,Ordeño,06:50,6.26,1,,,,,0,,0.48,0.60,0.72,0.42,0,0,0,0,4.19,4.10,4.22,4.30,VMS 3,,Tanque,,0.90,1.02,1.26,0.78,1.28,1.37,1.70,1.91
06/12/2022 03:23 p. m.,Ordeño,06:39,10.02,2,,"TI,TD",,,0,,0.66,0.78,0.96,0.48,0,0,0,0,4.79,4.64,4.74,4.79,VMS 3,,Tanque,,0.96,1.20,1.32,0.84,2.44,2.58,3.31,1.69
07/12/2022 02:50 a. m.,Ordeño,10:41,12.22,1,,,,,0,,0.54,0.72,0.90,0.54,0,0,0,0,4.47,4.50,4.70,4.69,VMS 3,,Tanque,,0.90,1.20,1.26,0.90,2.21,2.48,3.27,4.26
07/12/2022 04:32 p. m.,Ordeño,10:12,13.64,2,,,,,0,,0.54,0.72,0.90,0.54,0,0,0,0,4.63,4.57,4.79,4.58,VMS 3,,Tanque,,0.90,1.14,1.26,0.90,2.78,3.05,3.96,3.85
08/12/2022 08:37 a. m.,Ordeño,10:45,14.60,1,,,,,0,,0.60,0.90,0.90,0.54,0,0,0,0,4.95,4.79,4.83,4.79,VMS 3,,Tanque,,1.08,1.44,1.26,1.02,3.27,3.22,3.86,4.25
08/12/2022 03:23 p. m.,Ordeño,06:44,7.38,2,,,,,0,,0.48,0.72,0.78,0.48,0,0,0,0,4.08,4.26,4.29,4.19,VMS 3,,Tanque,,0.72,1.14,1.20,0.90,1.47,1.69,2.08,2.14
09/12/2022 03:37 a. m.,Ordeño,09:17,12.70,1,,,,,0,,0.60,0.90,0.90,0.54,0,0,0,0,4.50,4.68,4.68,4.77,VMS 3,,Tanque,,0.84,1.32,1.20,0.90,2.61,2.86,3.67,3.56
09/12/2022 09:33 p. m.,Ordeño,12:06,17.97,2,,,,,0,,0.60,0.84,0.96,0.54,0,0,0,0,4.75,4.72,4.88,4.94,VMS 3,,Tanque,,0.96,1.20,1.32,0.90,3.71,3.88,5.31,5.07
10/12/2022 11:34 p. m.,Ordeño,08:17,9.33,2,,,,,0,,0.54,0.72,0.78,0.48,0,0,0,0,4.17,4.19,4.33,4.13,VMS 3,,Tanque,,0.90,1.14,1.14,0.96,1.91,1.95,2.56,2.91
11/12/2022 08:30 a. m.,Ordeño,07:19,9.03,1,,,,,0,TI,0.48,0.72,0.84,0.36,0,0,0,0,4.35,4.42,4.58,3.53,VMS 3,,Tanque,,0.78,1.20,1.20,0.54,2.09,2.17,3.11,1.66
11/12/2022 07:07 p. m.,Ordeño,11:37,12.24,2,,,,,0,,0.42,0.66,0.84,0.54,0,0,0,0,4.55,4.66,4.69,4.86,VMS 3,,Tanque,,0.72,0.90,1.14,1.02,2.21,2.50,3.25,4.28
12/12/2022 02:28 a. m.,Ordeño,08:25,9.61,1,,TD,,,0,,0.48,0.54,0.84,0.54,0,0,0,0,4.30,4.25,4.45,4.22,VMS 3,,Tanque,,0.84,0.84,1.26,0.90,1.85,2.09,2.64,3.03
12/12/2022 11:03 a. m.,Ordeño,09:08,11.03,2,,,,,0,,0.54,0.72,0.90,0.48,0,0,0,0,4.40,4.52,4.65,4.44,VMS 3,,Tanque,,0.84,1.08,1.20,0.84,2.22,2.42,3.22,3.17
12/12/2022 07:49 p. m.,Ordeño,09:49,10.08,3,,,,,0,,0.42,0.60,0.78,0.42,0,0,0,0,4.00,4.17,4.39,4.12,VMS 3,,Tanque,,0.72,1.14,1.20,0.90,1.97,2.20,2.91,3.00
13/12/2022 04:38 a. m.,Ordeño,08:59,10.46,1,,,,,0,,0.60,0.84,0.78,0.48,0,0,0,0,4.10,4.27,4.32,4.26,VMS 3,,Tanque,,0.90,1.26,1.20,0.78,2.11,2.30,3.11,2.94
13/12/2022 03:13 p. m.,Ordeño,10:03,12.67,2,,,,,0,,0.66,0.66,0.90,0.54,0,0,0,0,4.33,4.46,4.42,4.76,VMS 3,,Tanque,,0.96,1.08,1.26,1.14,2.48,2.79,3.73,3.67
13/12/2022 11:57 p. m.,Ordeño,09:34,11.24,1,,,,,0,,0.48,0.78,0.84,0.48,0,0,0,0,4.00,4.17,4.23,4.09,VMS 3,,Tanque,,0.84,1.20,1.26,1.20,2.15,2.45,3.28,3.36
14/12/2022 10:27 a. m.,Ordeño,11:01,12.96,2,,,,,0,,0.60,0.72,0.90,0.48,0,0,0,0,4.17,4.24,4.52,4.29,VMS 3,,Tanque,,0.90,1.08,1.32,0.90,2.68,2.85,3.69,3.74
14/12/2022 06:51 p. m.,Ordeño,09:18,10.60,3,,,,,0,,0.48,0.66,0.84,0.54,0,0,0,0,4.04,4.17,4.32,4.29,VMS 3,,Tanque,,0.78,1.02,1.20,0.90,1.99,2.27,3.14,3.20
15/12/2022 04:18 a. m.,Ordeño,10:22,11.82,1,,,,,0,,0.60,0.66,0.78,0.48,0,0,0,0,4.14,4.16,4.39,4.26,VMS 3,,Tanque,,0.90,1.08,1.20,0.78,2.35,2.65,3.46,3.36
15/12/2022 11:21 a. m.,Ordeño,10:41,9.89,2,,,,,0,,0.48,0.66,0.78,0.48,0,0,0,0,4.14,4.24,4.30,4.27,VMS 3,,Tanque,,0.72,1.02,1.14,0.72,1.91,2.25,2.89,2.84
15/12/2022 07:38 p. m.,Ordeño,09:37,10.57,3,,,,,0,,0.54,0.66,0.84,0.48,0,0,0,0,4.01,4.11,4.24,4.19,VMS 3,,Tanque,,0.84,1.02,1.14,0.84,2.02,2.24,3.13,3.18
16/12/2022 06:05 a. m.,Ordeño,11:28,13.01,1,,,,,0,,0.60,0.72,0.78,0.48,0,0,0,0,4.23,4.25,4.43,4.38,VMS 3,,Tanque,,0.96,1.08,1.20,1.02,2.71,2.90,3.78,3.62
16/12/2022 06:08 p. m.,Ordeño,12:46,16.25,2,,,,,0,,0.60,0.72,0.90,0.48,0,0,0,0,4.45,4.49,4.65,4.63,VMS 3,,Tanque,,0.90,1.08,1.26,0.96,3.39,3.70,4.48,4.68
17/12/2022 08:06 a. m.,Ordeño,11:48,12.78,1,,,TD,TD,0,,0.60,0.78,0.96,0.00,0,0,0,0,4.84,4.40,4.64,0.00,VMS 3,,Tanque,,0.96,1.02,1.32,0.00,3.85,3.84,5.09,0.00
18/12/2022 03:15 a. m.,Ordeño,11:19,11.91,1,,,TD,TD,0,,0.66,0.72,0.96,0.00,0,0,0,0,4.64,4.48,4.66,0.00,VMS 3,,Tanque,,0.96,1.14,1.38,0.00,3.49,3.93,4.49,0.00
18/12/2022 11:25 a. m.,Ordeño,11:52,13.39,2,,,,,0,TD,0.72,0.66,0.84,0.60,0,0,0,0,4.25,4.23,4.44,5.30,VMS 3,,Tanque,,1.08,0.96,1.26,1.08,2.35,2.59,3.05,5.40
18/12/2022 08:57 p. m.,Ordeño,08:29,11.71,3,,,,,0,,0.60,0.60,0.84,0.54,0,0,0,0,4.16,4.21,4.34,3.77,VMS 3,,Tanque,,0.90,0.96,1.26,0.96,2.52,2.71,3.41,3.07
19/12/2022 08:45 a. m.,Ordeño,09:13,15.49,1,,,,,0,,0.60,0.78,0.90,0.60,0,0,0,0,4.34,4.41,4.43,4.70,VMS 3,,Tanque,,0.96,1.14,1.38,1.08,3.41,3.48,4.92,3.68
19/12/2022 05:04 p. m.,Ordeño,08:32,8.42,2,,,TI,TI,0,,0.54,0.66,0.00,0.54,0,0,0,0,4.00,4.12,0.00,4.58,VMS 3,,Tanque,,0.84,1.02,0.00,1.02,2.48,2.77,0.00,3.17
19/12/2022 11:57 p. m.,Ordeño,08:01,12.33,1,,,,,0,,0.54,0.72,1.02,0.48,0,0,0,0,3.95,4.15,4.52,4.46,VMS 3,,Tanque,,0.84,1.08,1.32,0.84,2.08,2.28,5.37,2.60
20/12/2022 11:48 a. m.,Ordeño,11:03,15.99,2,,,,,0,,0.66,0.78,0.96,0.54,0,0,0,0,4.24,4.38,4.32,4.74,VMS 3,,Tanque,,1.02,1.14,1.26,1.02,3.32,3.58,4.52,4.57
20/12/2022 09:16 p. m.,Ordeño,10:05,11.70,3,,,,,0,,0.54,0.72,0.78,0.48,0,0,0,0,3.80,4.06,4.15,4.07,VMS 3,,Tanque,,0.84,1.08,1.32,0.96,2.37,2.60,3.33,3.40
21/12/2022 09:43 a. m.,Ordeño,07:10,8.29,1,,,"DI,TD","DI,TD",0,,0.00,0.84,1.02,0.00,0,0,0,0,0.00,4.46,4.50,0.00,VMS 3,,Tanque,,0.00,1.44,1.44,0.00,0.00,3.49,4.80,0.00
22/12/2022 01:45 a. m.,Ordeño,09:46,12.23,1,,,,,0,,0.60,0.66,0.84,0.54,0,0,0,0,3.90,4.17,4.29,3.99,VMS 3,,Tanque,,0.90,0.96,1.26,0.90,2.22,2.66,3.69,3.66
22/12/2022 11:50 a. m.,Ordeño,09:10,13.03,2,,,,,0,,0.60,0.84,0.96,0.60,0,0,0,0,4.29,4.43,4.50,4.33,VMS 3,,Tanque,,1.02,1.26,1.38,1.08,2.32,2.95,4.02,3.74
22/12/2022 09:12 p. m.,Ordeño,09:36,11.83,3,,,,,0,,0.54,0.60,0.84,0.54,0,0,0,0,4.10,4.14,4.39,4.19,VMS 3,,Tanque,,0.90,0.96,1.20,0.90,2.28,2.51,3.47,3.57
23/12/2022 07:43 a. m.,Ordeño,09:53,12.95,1,,,,,0,,0.60,0.60,0.90,0.54,0,0,0,0,4.17,4.12,4.40,4.26,VMS 3,,Tanque,,0.96,0.90,1.20,0.84,2.44,2.81,3.82,3.88
23/12/2022 03:20 p. m.,Ordeño,09:08,11.53,2,,,,,0,,0.60,0.66,0.84,0.54,0,0,0,0,4.26,4.31,4.46,4.39,VMS 3,,Tanque,,0.96,1.14,1.20,0.84,2.24,2.59,3.33,3.37
24/12/2022 03:05 a. m.,Ordeño,12:00,16.32,1,,,,,0,,0.60,0.66,0.90,0.54,0,0,0,0,4.32,4.44,4.53,4.54,VMS 3,,Tanque,,0.90,0.96,1.26,1.08,3.25,3.50,4.90,4.67
24/12/2022 03:21 p. m.,Ordeño,11:16,15.76,2,,,,,0,,0.66,0.84,1.02,0.54,0,0,0,0,4.28,4.49,4.44,4.48,VMS 3,,Tanque,,1.02,1.20,1.38,1.02,3.18,3.52,4.53,4.53
25/12/2022 02:49 a. m.,Ordeño,13:16,15.85,1,,,,,0,,0.60,0.66,0.90,0.42,0,0,0,0,4.03,4.19,4.14,4.18,VMS 3,,Tanque,,0.90,1.02,1.32,0.78,3.33,3.46,4.94,4.12
25/12/2022 11:32 a. m.,Ordeño,10:42,13.10,2,,,,,0,,0.66,0.60,0.90,0.48,0,0,0,0,4.29,4.31,4.28,4.27,VMS 3,,Tanque,,1.02,0.90,1.20,0.78,2.58,2.78,4.06,3.68
25/12/2022 06:30 p. m.,Ordeño,09:14,11.33,3,,,,,0,,0.54,0.60,0.78,0.48,0,0,0,0,4.17,4.25,4.34,4.12,VMS 3,,Tanque,,0.84,0.84,1.14,1.02,2.25,2.45,3.34,3.29
26/12/2022 03:44 a. m.,Ordeño,09:48,14.56,1,,,,,0,,0.60,0.72,0.90,0.54,0,0,0,0,4.31,4.33,4.42,4.30,VMS 3,,Tanque,,0.90,1.26,1.32,0.84,3.12,3.13,4.37,3.94
26/12/2022 01:24 p. m.,Ordeño,10:46,14.56,2,,,,,0,,0.66,0.66,0.90,0.54,0,0,0,0,4.18,4.14,4.30,4.26,VMS 3,,Tanque,,1.02,1.08,1.26,0.90,2.89,3.17,4.32,4.18
27/12/2022 01:22 a. m.,Ordeño,08:18,12.34,1,,TD,TD,TD,0,,0.72,0.72,0.96,0.30,0,0,0,0,4.19,4.18,4.33,3.42,VMS 3,,Tanque,,1.08,1.14,1.32,0.84,3.40,3.54,5.26,0.14
27/12/2022 10:52 p. m.,Ordeño,11:41,17.59,3,,,,,0,,0.60,0.66,0.84,0.54,0,0,0,0,4.15,4.21,4.33,3.93,VMS 3,,Tanque,,0.90,1.08,1.26,1.08,3.69,4.00,5.36,4.54
28/12/2022 08:05 a. m.,Ordeño,09:22,14.06,1,,,,,0,,0.66,0.78,0.96,0.60,0,0,0,0,4.17,4.25,4.20,4.26,VMS 3,,Tanque,,1.08,1.26,1.32,1.32,3.00,3.09,4.21,3.76
28/12/2022 04:53 p. m.,Ordeño,10:30,14.31,2,,,,,0,,0.54,0.72,0.90,0.54,0,0,0,0,4.22,4.25,4.32,4.50,VMS 3,,Tanque,,0.90,1.08,1.38,1.08,2.93,3.07,4.52,3.79
29/12/2022 02:39 a. m.,Ordeño,10:35,14.86,1,,,,,0,,0.72,0.72,0.96,0.60,0,0,0,0,4.23,4.23,4.40,4.36,VMS 3,,Tanque,,1.08,1.02,1.32,1.08,2.98,3.22,4.24,4.42
29/12/2022 01:52 p. m.,Ordeño,11:13,16.75,2,,,,,0,,0.72,0.72,0.96,0.60,0,0,0,0,4.34,4.42,4.55,4.51,VMS 3,,Tanque,,1.08,1.08,1.32,1.14,3.32,3.69,4.89,4.85
29/12/2022 11:08 p. m.,Ordeño,09:39,15.18,3,,,,,0,,0.60,0.84,0.96,0.60,0,0,0,0,4.17,4.22,4.36,4.67,VMS 3,,Tanque,,0.96,1.26,1.32,1.02,3.04,3.37,4.55,4.22
30/12/2022 09:40 a. m.,Ordeño,10:51,16.79,1,,,,,0,,0.66,0.78,0.90,0.60,0,0,0,0,4.44,4.50,4.64,4.84,VMS 3,,Tanque,,0.90,1.14,1.26,1.08,3.55,3.70,4.97,4.57
30/12/2022 06:11 p. m.,Ordeño,11:48,13.17,2,,,,,0,,0.54,0.72,0.90,0.48,0,0,0,0,4.06,4.19,4.24,4.27,VMS 3,,Tanque,,0.78,1.08,1.32,0.90,2.64,2.94,3.95,3.64
31/12/2022 04:56 a. m.,Ordeño,12:14,16.27,1,,,,,0,,0.60,0.72,0.84,0.54,0,0,0,0,4.04,4.23,4.41,4.41,VMS 3,,Tanque,,0.84,1.20,1.26,0.96,3.36,3.53,4.80,4.58
01/01/2023 07:49 p. m.,Ordeño,07:25,9.48,2,,,,,0,,0.54,0.72,0.84,0.54,0,0,0,0,4.00,4.00,4.23,3.78,VMS 3,,Tanque,,0.84,1.20,1.20,1.02,1.95,2.22,3.01,2.30
02/01/2023 10:38 a. m.,Ordeño,11:36,19.23,1,,,,,0,,0.66,0.72,0.90,0.48,0,0,0,0,4.44,4.59,4.56,4.64,VMS 3,,Tanque,,0.96,1.14,1.32,0.90,4.11,4.72,6.06,4.34
02/01/2023 05:55 p. m.,Ordeño,08:42,12.09,2,,,,,0,,0.60,0.66,0.84,0.54,0,0,0,0,4.29,4.35,4.36,4.82,VMS 3,,Tanque,,0.90,1.02,1.32,0.90,2.52,2.78,3.85,2.94
03/01/2023 12:35 a. m.,Ordeño,08:14,10.75,1,,,,,0,,0.60,0.72,0.84,0.48,0,0,0,0,4.43,4.49,4.54,4.97,VMS 3,,Tanque,,0.90,1.14,1.26,0.90,2.28,2.40,3.31,2.76
03/01/2023 09:11 a. m.,Ordeño,10:04,14.12,2,,,,,0,,0.72,0.66,0.96,0.54,0,0,0,0,4.63,4.66,4.73,4.94,VMS 3,,Tanque,,1.26,1.14,1.26,0.90,2.80,3.21,4.30,3.81
03/01/2023 10:58 p. m.,Ordeño,12:47,19.11,3,,,,,0,,0.72,0.78,0.96,0.54,0,0,0,0,4.41,4.48,4.64,4.76,VMS 3,,Tanque,,1.02,1.20,1.32,1.08,3.98,4.08,5.73,5.32
04/01/2023 08:22 a. m.,Ordeño,10:33,15.29,1,,,,,0,,0.66,0.66,0.96,0.60,0,0,0,0,4.28,4.41,4.44,4.63,VMS 3,,Tanque,,1.08,0.90,1.32,1.02,2.99,3.27,4.50,4.53
04/01/2023 05:52 p. m.,Ordeño,10:24,9.90,2,,,TI,TI,0,,0.60,0.72,0.00,0.60,0,0,0,0,4.28,4.39,0.00,4.50,VMS 3,,Tanque,,0.90,1.14,0.00,0.96,2.77,2.98,0.00,4.15
05/01/2023 06:38 a. m.,Ordeño,12:11,17.94,1,,,,,0,,0.60,0.66,1.02,0.54,0,0,0,0,4.12,4.17,4.60,4.46,VMS 3,,Tanque,,0.90,0.96,1.32,0.96,3.55,3.75,5.53,5.11
05/01/2023 05:21 p. m.,Ordeño,10:05,14.24,2,,,,,0,,0.60,0.78,0.90,0.60,0,0,0,0,4.09,4.18,4.22,4.26,VMS 3,,Tanque,,0.90,1.08,1.20,1.08,3.05,3.17,3.48,4.54
06/01/2023 08:11 a. m.,Ordeño,14:33,18.45,1,,,,,0,,0.66,0.78,0.90,0.48,0,0,0,0,4.23,4.25,4.35,4.06,VMS 3,,Tanque,,1.02,1.14,1.32,1.08,4.06,4.32,5.25,4.82
06/01/2023 09:09 p. m.,Ordeño,11:43,15.06,2,,,,,0,,0.66,0.78,0.96,0.60,0,0,0,0,4.00,4.20,4.28,4.21,VMS 3,,Tanque,,0.96,1.14,1.38,1.08,2.83,3.10,4.03,5.10
07/01/2023 08:00 a. m.,Ordeño,10:52,14.36,1,,,,,0,,0.54,0.66,0.84,0.54,0,0,0,0,3.95,4.10,4.20,3.97,VMS 3,,Tanque,,0.84,0.96,1.26,1.02,2.86,3.09,4.10,4.31
07/01/2023 05:55 p. m.,Ordeño,09:53,15.11,2,,,,,0,,0.60,0.66,1.02,0.66,0,0,0,0,4.31,4.48,4.54,4.43,VMS 3,,Tanque,,0.84,1.08,1.32,1.02,3.05,3.25,4.35,4.46
08/01/2023 07:43 a. m.,Ordeño,12:27,19.89,1,,,,,0,,0.66,0.78,0.96,0.60,0,0,0,0,4.31,4.49,4.55,4.34,VMS 3,,Tanque,,1.14,1.26,1.32,0.96,4.11,4.41,5.61,5.76
08/01/2023 04:03 p. m.,Ordeño,09:25,10.82,2,,,,,0,,0.60,0.72,0.90,0.54,0,0,0,0,3.92,4.13,4.20,4.04,VMS 3,,Tanque,,1.02,1.14,1.38,1.08,2.15,2.32,3.04,3.31
09/01/2023 07:30 a. m.,Ordeño,11:37,21.53,1,,,,,0,,0.60,0.84,1.08,0.72,0,0,0,0,4.18,4.38,4.45,4.47,VMS 3,,Tanque,,0.90,1.26,1.44,1.14,4.41,4.42,6.57,6.13
09/01/2023 05:42 p. m.,Ordeño,09:21,14.67,2,,,,,0,,0.72,0.78,0.96,0.66,0,0,0,0,4.10,4.25,4.19,4.08,VMS 3,,Tanque,,1.14,1.44,1.38,1.08,2.91,3.23,4.40,4.13
10/01/2023 02:26 a. m.,Ordeño,06:14,9.66,1,,TI,,,0,,0.66,0.72,0.60,0.90,0,0,0,0,3.83,4.07,4.13,4.12,VMS 3,,Tanque,,0.96,1.02,1.14,1.26,2.00,2.18,2.39,3.09
10/01/2023 05:27 p. m.,Ordeño,12:49,18.64,2,,,,,0,,0.60,0.72,0.96,0.60,0,0,0,0,4.07,4.45,4.38,4.52,VMS 3,,Tanque,,0.96,1.14,1.38,0.96,3.53,3.77,5.57,5.77
11/01/2023 09:40 a. m.,Ordeño,11:51,21.18,1,,,,,0,,0.66,0.84,1.02,0.72,0,0,0,0,4.14,4.46,4.34,4.42,VMS 3,,Tanque,,1.02,1.26,1.38,1.14,4.12,4.31,6.38,6.37
11/01/2023 07:34 p. m.,Ordeño,09:28,14.52,2,,,,,0,,0.54,0.84,0.96,0.60,0,0,0,0,4.13,4.31,4.34,4.31,VMS 3,,Tanque,,0.90,1.32,1.50,1.08,2.79,2.97,4.67,4.09
12/01/2023 07:44 a. m.,Ordeño,10:17,16.16,1,,,,,0,,0.60,0.78,0.90,0.66,0,0,0,0,4.15,4.40,4.34,4.54,VMS 3,,Tanque,,0.96,1.14,1.32,1.08,3.15,3.36,4.98,4.67
12/01/2023 04:57 p. m.,Ordeño,08:45,12.24,2,,,,,0,,0.66,0.78,0.90,0.60,0,0,0,0,3.87,4.15,4.23,4.17,VMS 3,,Tanque,,0.90,1.14,1.32,1.08,2.40,2.59,3.68,3.57
13/01/2023 06:56 a. m.,Ordeño,11:24,17.88,1,,,,,0,,0.66,0.84,1.02,0.66,0,0,0,0,4.20,4.42,4.36,4.44,VMS 3,,Tanque,,0.96,1.26,1.38,1.08,3.51,3.75,5.57,5.05
13/01/2023 09:35 p. m.,Ordeño,12:54,20.54,2,,,,,0,,0.72,0.72,1.02,0.66,0,0,0,0,4.23,4.58,4.54,4.53,VMS 3,,Tanque,,1.08,1.14,1.44,1.20,4.00,4.43,5.94,6.17
14/01/2023 08:44 a. m.,Ordeño,10:41,14.35,1,,,,,0,,0.66,0.66,0.96,0.54,0,0,0,0,3.84,4.18,4.29,4.11,VMS 3,,Tanque,,0.96,1.02,1.32,1.02,2.79,2.85,4.26,4.45
14/01/2023 09:37 p. m.,Ordeño,13:01,15.21,2,,,,,0,,0.54,0.66,0.96,0.54,0,0,0,0,4.11,4.26,4.46,4.26,VMS 3,,Tanque,,0.90,1.20,1.32,1.08,2.88,3.14,4.64,4.55
15/01/2023 10:07 a. m.,Ordeño,10:53,14.79,1,,,,,0,,0.54,0.78,0.96,0.54,0,0,0,0,4.02,4.28,4.39,4.20,VMS 3,,Tanque,,0.90,1.20,1.32,0.96,2.84,3.09,4.41,4.45
15/01/2023 07:17 p. m.,Ordeño,08:25,12.01,2,,,,,0,,0.54,0.78,0.90,0.60,0,0,0,0,3.89,4.21,4.24,4.08,VMS 3,,Tanque,,0.90,1.32,1.26,1.14,2.28,2.54,3.53,3.66
16/01/2023 02:12 a. m.,Ordeño,09:22,9.83,1,,,,,0,,0.54,0.54,0.72,0.48,0,0,0,0,3.82,3.98,4.10,3.98,VMS 3,,Tanque,,0.90,0.90,1.08,0.84,1.90,2.06,2.92,2.95
16/01/2023 10:55 a. m.,Ordeño,09:58,12.18,2,,,,,0,,0.48,0.66,0.84,0.54,0,0,0,0,4.08,4.36,4.46,4.39,VMS 3,,Tanque,,0.84,1.02,1.20,0.96,2.34,2.51,3.71,3.62
16/01/2023 07:45 p. m.,Ordeño,10:54,13.44,3,,,,,0,,0.60,0.60,0.96,0.54,0,0,0,0,4.27,4.41,4.59,4.48,VMS 3,,Tanque,,0.96,1.02,1.38,1.20,2.67,2.81,3.91,4.05
17/01/2023 02:52 a. m.,Ordeño,09:44,10.80,1,,,,,0,,0.54,0.60,0.78,0.48,0,0,0,0,4.10,4.23,4.35,4.20,VMS 3,,Tanque,,0.84,0.90,1.26,0.90,2.07,2.32,3.13,3.28
18/01/2023 09:25 a. m.,Ordeño,14:33,22.59,1,,,,,0,,0.60,0.78,1.14,0.60,486,0,0,0,6.14,5.95,5.28,5.95,VMS 3,,Tanque,,1.02,1.08,1.62,1.02,4.35,4.83,6.80,6.61
19/01/2023 11:32 a. m.,Ordeño,12:00,16.79,1,,,,,0,,0.66,0.84,0.96,0.60,663,0,0,0,4.49,4.60,4.57,4.49,VMS 3,,Tanque,,1.08,1.26,1.38,0.96,3.03,3.58,5.00,5.18
20/01/2023 01:16 a. m.,Ordeño,08:38,8.26,1,,,Todos,,0,,0.54,0.54,0.78,0.54,0,0,0,0,3.94,4.08,4.11,3.95,VMS 3,,Tanque,,0.78,0.90,1.20,0.78,1.68,1.65,2.47,2.46
20/01/2023 05:03 p. m.,Ordeño,10:55,15.23,2,,,,,0,,0.72,0.66,1.02,0.60,0,0,0,0,4.77,4.87,4.86,4.79,VMS 3,,Tanque,,1.08,1.08,1.50,1.02,3.01,3.18,4.44,4.60
21/01/2023 02:12 a. m.,Ordeño,09:07,11.57,1,,,,,0,,0.54,0.60,0.84,0.54,0,0,0,0,4.36,4.54,4.59,4.53,VMS 3,,Tanque,,0.84,0.96,1.26,0.90,2.21,2.31,3.49,3.56
21/01/2023 03:20 p. m.,Ordeño,09:11,15.51,2,,TD,,,0,,0.78,0.72,1.02,0.66,0,0,0,0,4.73,4.85,4.81,4.98,VMS 3,,Tanque,,1.20,1.26,1.32,1.08,3.21,3.38,4.63,4.29
22/01/2023 01:59 a. m.,Ordeño,09:30,13.28,1,,,,,0,,0.60,0.78,1.02,0.66,0,0,0,0,4.23,4.50,4.57,4.73,VMS 3,,Tanque,,0.96,1.14,1.32,0.96,2.49,2.64,3.82,4.33
22/01/2023 03:24 p. m.,Ordeño,11:35,18.92,2,,,,,0,,0.90,0.90,1.20,0.72,0,0,0,0,4.93,4.82,5.05,5.04,VMS 3,,Tanque,,1.32,1.32,1.62,1.14,3.59,4.16,5.60,5.57
23/01/2023 04:51 a. m.,Ordeño,13:00,19.10,1,,,,,0,,0.66,0.72,1.02,0.66,0,0,0,0,4.52,4.79,4.80,4.79,VMS 3,,Tanque,,0.96,1.14,1.38,1.08,3.77,3.80,5.75,5.78
23/01/2023 03:17 p. m.,Ordeño,10:24,14.81,2,,,,,0,,0.60,0.72,1.02,0.60,0,0,0,0,4.59,4.54,4.72,4.57,VMS 3,,Tanque,,1.02,1.08,1.32,1.08,2.90,3.05,4.35,4.51
24/01/2023 06:30 a. m.,Ordeño,12:33,19.67,1,,,,,0,,0.72,0.78,1.08,0.60,0,0,0,0,4.84,4.61,4.75,4.76,VMS 3,,Tanque,,1.08,1.14,1.38,0.96,3.98,4.29,5.44,5.96
24/01/2023 09:00 p. m.,Ordeño,11:47,18.26,2,,,,,0,,0.78,0.72,1.08,0.60,0,0,0,0,4.71,4.71,4.57,5.04,VMS 3,,Tanque,,1.14,1.14,1.44,1.20,3.86,4.31,4.72,5.37
25/01/2023 07:37 a. m.,Ordeño,09:32,13.50,1,,,,,0,,0.66,0.72,1.02,0.60,0,0,0,0,4.30,4.42,4.56,4.34,VMS 3,,Tanque,,1.08,1.20,1.32,1.14,2.66,2.87,4.08,3.89
25/01/2023 03:01 p. m.,Ordeño,08:54,12.04,2,,,,,0,,0.60,0.72,1.02,0.54,0,0,0,0,4.48,4.52,4.67,4.55,VMS 3,,Tanque,,0.96,1.02,1.32,0.96,2.32,2.58,3.70,3.44
25/01/2023 11:59 p. m.,Ordeño,09:24,14.11,1,,,,,0,,0.72,0.66,1.08,0.60,0,0,0,0,4.49,4.61,4.72,4.73,VMS 3,,Tanque,,1.08,1.26,1.50,1.02,2.77,2.89,4.33,4.12
26/01/2023 02:46 p. m.,Ordeño,12:12,20.64,2,,,,,0,,0.72,0.78,1.14,0.66,0,0,0,0,4.55,4.70,4.71,4.80,VMS 3,,Tanque,,1.08,1.20,1.38,1.14,4.14,4.20,6.14,6.16
27/01/2023 06:17 a. m.,Ordeño,12:15,20.45,1,,,,,0,,0.66,0.72,1.02,0.66,0,0,0,0,4.34,4.43,4.59,4.32,VMS 3,,Tanque,,0.96,1.14,1.38,1.08,4.08,4.09,6.33,5.95
27/01/2023 11:15 p. m.,Ordeño,13:45,21.89,2,,,,,0,,0.72,0.66,1.08,0.66,0,0,0,0,4.81,4.82,5.05,5.01,VMS 3,,Tanque,,1.08,1.08,1.50,1.26,4.47,4.55,6.39,6.48
28/01/2023 09:15 a. m.,Ordeño,09:01,9.75,1,,,,,0,,0.48,0.60,0.78,0.54,0,0,0,0,3.69,3.96,4.07,3.83,VMS 3,,Tanque,,0.78,0.90,1.14,0.90,1.92,1.99,2.79,3.05
28/01/2023 04:55 p. m.,Ordeño,07:43,10.48,2,,,,,0,,0.66,0.60,0.96,0.60,0,0,0,0,4.44,4.43,4.58,4.51,VMS 3,,Tanque,,0.96,0.90,1.26,1.02,1.95,2.18,3.18,3.17
29/01/2023 03:36 a. m.,Ordeño,09:44,15.01,1,,TD,,,0,,0.60,0.72,1.02,0.60,0,0,0,0,4.85,4.81,4.99,5.05,VMS 3,,Tanque,,0.90,1.20,1.44,1.26,3.38,3.48,5.18,2.97
30/01/2023 03:12 a. m.,Ordeño,12:08,26.00,1,,,,,0,,0.66,0.78,1.26,0.96,0,0,0,0,5.27,5.26,5.27,5.10,VMS 3,,Tanque,,1.08,1.20,1.62,1.38,5.36,5.51,7.93,7.20
30/01/2023 04:44 p. m.,Ordeño,10:52,19.18,2,,,,,0,,0.60,0.72,1.26,0.78,0,0,0,0,5.00,5.16,5.30,5.24,VMS 1,,Tanque,,0.90,1.20,1.62,1.20,3.70,3.52,6.38,5.58
31/01/2023 07:27 a. m.,Ordeño,10:42,21.93,1,,,,,0,,0.60,0.72,1.08,0.72,0,0,0,0,4.88,5.06,5.18,5.05,VMS 1,,Tanque,,0.96,1.14,1.62,1.20,3.97,4.26,7.30,6.40
31/01/2023 05:44 p. m.,Ordeño,08:42,16.19,2,,,,,0,,0.54,0.78,1.20,0.78,0,0,0,0,5.04,5.33,5.33,5.40,VMS 1,,Tanque,,0.84,1.26,1.62,1.20,2.83,3.12,5.31,4.93
01/02/2023 03:28 a. m.,Ordeño,09:11,17.39,1,,,,,0,,0.78,0.72,1.26,0.78,0,0,0,0,5.24,5.49,5.42,5.56,VMS 1,,Tanque,,1.02,1.08,1.80,1.14,3.04,3.36,5.94,5.05
01/02/2023 10:28 a. m.,Ordeño,08:00,12.41,2,,,,,0,,0.60,0.84,1.02,0.72,0,0,0,0,5.10,5.31,5.23,5.34,VMS 1,,Tanque,,0.96,1.14,1.38,1.32,2.21,2.42,4.05,3.73
01/02/2023 10:23 p. m.,Ordeño,10:49,20.52,3,,,,,0,,0.66,0.84,1.20,0.72,0,0,0,0,5.36,5.48,5.49,5.51,VMS 1,,Tanque,,0.96,1.20,1.62,1.08,3.88,3.82,6.77,6.05
02/02/2023 11:22 a. m.,Ordeño,09:43,18.97,1,,"TI,TD",,,0,,0.66,0.84,1.32,0.78,0,0,0,0,5.15,5.31,5.34,5.50,VMS 1,,Tanque,,1.08,1.20,1.74,1.44,3.77,3.91,6.63,4.66
02/02/2023 09:17 p. m.,Ordeño,12:15,18.40,2,,,,,0,,0.66,0.72,1.20,0.78,0,0,0,0,5.00,5.10,5.37,5.29,VMS 1,,Tanque,,0.96,1.08,1.68,1.56,3.29,3.37,5.37,6.37
03/02/2023 08:43 a. m.,Ordeño,09:19,19.12,1,,,,,0,,0.60,0.72,1.14,0.84,0,0,0,0,5.15,5.27,5.48,5.34,VMS 1,,Tanque,,0.90,1.14,1.62,1.20,3.59,4.04,5.98,5.51
03/02/2023 06:30 p. m.,Ordeño,09:08,15.14,2,,TD,,,0,,0.60,0.66,1.08,0.66,0,0,0,0,4.75,4.62,4.84,4.82,VMS 1,,Tanque,,0.96,1.02,1.50,1.26,2.65,2.84,5.23,4.42
05/02/2023 12:12 a. m.,Ordeño,07:29,13.41,1,,,,,0,,0.60,0.78,1.14,0.72,0,0,0,0,4.86,5.02,5.08,5.07,VMS 1,,Tanque,,1.02,1.14,1.62,1.20,2.58,2.23,4.74,3.86
05/02/2023 08:55 a. m.,Ordeño,09:37,15.07,2,,,,,0,,0.42,0.78,1.14,0.78,0,0,0,0,5.08,5.33,5.47,5.35,VMS 1,,Tanque,,0.78,1.08,1.62,1.20,2.41,2.68,5.20,4.78
05/02/2023 07:54 p. m.,Ordeño,10:15,5.43,3,,,"DI,DD,TI","DI,DD,TI",0,,0.00,0.00,0.00,0.72,0,0,0,0,0.00,0.00,0.00,5.30,VMS 1,,Tanque,,0.00,0.00,0.00,1.20,0.00,0.00,0.00,5.43
06/02/2023 03:48 a. m.,Ordeño,11:49,21.58,1,,,,,0,,0.54,0.72,1.32,0.66,0,0,0,0,5.16,5.19,5.15,5.00,VMS 1,,Tanque,,0.90,1.20,1.68,1.08,4.49,4.60,7.48,5.01
06/02/2023 03:21 p. m.,Ordeño,11:25,5.82,2,,,"DI,DD,TI","DI,DD,TI",0,,0.00,0.00,0.00,0.84,0,0,0,0,0.00,0.00,0.00,5.43,VMS 1,,Tanque,,0.00,0.00,0.00,1.26,0.00,0.00,0.00,5.82
06/02/2023 06:08 p. m.,Ordeño,08:34,1.84,3,,,"DI,DD,TI","DI,DD,TI",0,,0.00,0.00,0.00,0.66,0,0,0,0,0.00,0.00,0.00,5.05,VMS 1,,Tanque,,0.00,0.00,0.00,1.20,0.00,0.00,0.00,1.84
06/02/2023 11:56 p. m.,Ordeño,07:59,3.57,1,,,"DI,DD,TI","DI,DD,TI",0,,0.00,0.00,0.00,0.66,0,0,0,0,0.00,0.00,0.00,5.24,VMS 1,,Tanque,,0.00,0.00,0.00,1.08,0.00,0.00,0.00,3.57
07/02/2023 10:04 a. m.,Ordeño,20:02,22.71,2,,,,,0,,0.60,0.84,1.20,0.78,0,0,0,0,5.38,5.36,4.93,5.37,VMS 1,,Tanque,,1.02,1.26,1.68,1.26,4.74,4.01,7.81,6.15
08/02/2023 09:45 a. m.,Ordeño,10:34,17.78,1,,,,,0,,0.66,0.84,1.20,0.78,0,0,0,0,5.15,5.39,5.47,5.22,VMS 1,,Tanque,,0.96,1.38,1.68,1.14,3.02,3.12,5.68,5.96
08/02/2023 07:25 p. m.,Ordeño,12:59,15.83,2,,,,,0,,0.66,0.84,1.20,0.54,0,0,0,0,5.12,5.13,5.36,4.75,VMS 1,,Tanque,,1.02,1.14,1.98,0.84,2.78,2.91,5.43,4.71
09/02/2023 07:42 a. m.,Ordeño,10:24,21.42,1,,,,,0,,0.72,0.90,1.38,0.90,0,0,0,0,5.39,5.43,5.58,5.37,VMS 1,,Tanque,,1.02,1.32,1.74,1.32,3.98,3.84,6.99,6.61
09/02/2023 05:18 p. m.,Ordeño,09:42,16.97,2,,,,,0,,0.72,0.78,1.20,0.78,0,0,0,0,5.19,5.30,5.39,5.10,VMS 1,,Tanque,,1.08,1.20,1.68,1.26,3.12,3.21,5.52,5.12
10/02/2023 06:40 a. m.,Ordeño,13:33,21.62,1,,,,,0,,0.72,0.96,1.14,0.84,0,0,0,0,5.12,5.28,5.37,5.26,VMS 1,,Tanque,,1.08,1.32,1.62,1.62,3.94,4.09,6.53,7.06
10/02/2023 04:39 p. m.,Ordeño,10:49,16.35,2,,TI,,,0,,0.72,0.72,1.14,0.72,0,0,0,0,4.80,4.89,5.04,4.78,VMS 1,,Tanque,,1.14,1.14,1.56,1.62,3.11,3.04,5.03,5.17
10/02/2023 11:21 p. m.,Ordeño,08:41,9.53,3,,,,,0,,0.60,0.72,1.02,0.66,0,0,0,0,4.53,4.60,4.84,4.60,VMS 1,,Tanque,,0.96,1.02,1.44,1.62,1.71,1.79,2.98,3.05
11/02/2023 06:28 a. m.,Ordeño,08:35,12.78,1,,,,,0,,0.60,0.72,0.90,0.72,0,0,0,0,4.87,5.01,5.18,5.17,VMS 1,,Tanque,,0.90,0.96,1.32,1.14,2.39,2.29,4.05,4.05
11/02/2023 03:19 p. m.,Ordeño,08:20,15.39,2,,"TI,TD",,,0,,0.78,0.78,1.20,0.90,0,0,0,0,5.06,5.11,5.33,5.28,VMS 1,,Tanque,,1.08,1.44,1.74,1.50,2.87,2.94,4.67,4.91
12/02/2023 12:28 a. m.,Ordeño,10:33,17.10,1,,,,,0,,0.60,0.72,1.14,0.78,0,0,0,0,4.89,5.01,5.22,5.12,VMS 1,,Tanque,,0.90,1.14,1.74,1.14,2.95,3.27,5.23,5.65
12/02/2023 09:58 a. m.,Ordeño,10:17,17.25,2,,,,,0,,0.66,0.84,1.32,0.78,0,0,0,0,4.94,5.12,5.18,5.33,VMS 1,,Tanque,,1.02,1.26,1.80,1.26,3.43,3.07,5.12,5.63
12/02/2023 07:15 p. m.,Ordeño,10:00,16.48,3,,,,,0,,0.66,0.78,1.20,0.78,0,0,0,0,4.83,4.80,5.06,5.01,VMS 1,,Tanque,,1.08,1.14,1.62,1.26,3.05,3.06,5.10,5.27
13/02/2023 04:46 a. m.,Ordeño,08:55,17.56,1,,TD,,,0,,0.60,0.78,1.14,0.84,0,0,0,0,4.91,4.90,5.17,5.12,VMS 1,,Tanque,,1.02,1.26,1.56,1.38,3.35,3.31,5.76,5.14
13/02/2023 01:31 p. m.,Ordeño,10:01,15.75,2,,TI,,,0,,0.60,0.84,1.20,0.84,0,0,0,0,4.70,4.80,5.01,5.12,VMS 1,,Tanque,,0.96,1.20,1.68,1.20,2.92,2.76,4.57,5.50
14/02/2023 04:54 p. m.,Ordeño,08:41,9.67,2,,,,,0,,0.54,0.66,0.90,0.66,0,0,0,0,4.51,4.46,4.57,4.56,VMS 1,,Tanque,,0.96,1.02,1.50,1.50,1.77,1.86,2.97,3.07
15/02/2023 04:33 a. m.,Ordeño,09:53,17.45,1,,,,,0,,0.66,0.90,1.14,0.78,0,0,0,0,4.91,4.97,5.13,5.01,VMS 1,,Tanque,,1.02,1.38,1.56,1.20,3.09,3.31,5.60,5.45
15/02/2023 04:20 p. m.,Ordeño,11:05,19.69,2,,TD,,,0,,0.60,0.78,1.14,0.78,0,0,0,0,4.92,4.89,5.15,5.14,VMS 1,,Tanque,,0.96,1.20,1.62,1.20,3.50,3.80,6.11,6.28
16/02/2023 02:06 a. m.,Ordeño,10:27,16.37,1,,"DD,TI",,,0,,0.66,0.84,1.14,0.78,0,0,0,0,4.90,4.99,5.11,5.16,VMS 1,,Tanque,,1.32,1.26,1.92,1.32,3.11,3.37,4.44,5.45
17/02/2023 04:44 p. m.,Ordeño,09:55,16.32,2,,,,,0,,0.66,0.78,1.08,0.78,0,0,0,0,4.77,4.61,4.73,4.71,VMS 1,,Tanque,,1.08,1.14,1.56,1.32,3.15,3.27,4.65,5.25
18/02/2023 08:35 a. m.,Ordeño,11:24,22.00,1,,,,,0,,0.72,0.84,1.26,0.84,0,0,0,0,5.11,5.09,5.29,5.22,VMS 1,,Tanque,,1.20,1.20,1.62,1.26,4.54,3.73,7.17,6.56
18/02/2023 04:24 p. m.,Ordeño,06:58,13.02,2,,"DI,TD",,,0,,0.72,0.84,1.26,0.84,0,0,0,0,5.04,4.94,5.19,5.07,VMS 1,,Tanque,,1.50,1.20,1.80,1.50,2.42,2.50,4.46,3.64
19/02/2023 04:47 a. m.,Ordeño,11:04,20.05,1,,,,,0,,0.66,0.84,1.20,0.84,0,0,0,0,5.01,5.19,5.42,5.35,VMS 1,,Tanque,,1.02,1.20,1.68,1.26,3.66,3.57,6.02,6.80
19/02/2023 02:04 p. m.,Ordeño,08:23,14.42,2,,"TI,TD",,,0,,0.60,0.84,1.20,0.84,0,0,0,0,5.15,5.26,5.47,5.49,VMS 1,,Tanque,,0.96,1.20,1.68,1.20,2.93,3.02,4.82,3.65
20/02/2023 02:05 a. m.,Ordeño,12:38,21.05,1,,,,,0,,0.78,0.90,1.26,0.90,0,0,0,0,4.99,4.99,5.26,5.33,VMS 1,,Tanque,,1.02,1.26,1.80,3.12,3.67,3.74,5.97,7.67
20/02/2023 04:42 p. m.,Ordeño,11:46,24.78,2,,,,,0,,0.66,1.02,1.26,0.90,0,0,0,0,5.18,5.33,5.22,5.37,VMS 1,,Tanque,,0.96,1.44,1.62,1.50,4.68,4.68,7.85,7.57
21/02/2023 02:54 a. m.,Ordeño,09:55,13.19,1,,,TD,TD,0,,0.66,0.90,1.20,0.00,0,0,0,0,4.98,5.02,5.04,0.00,VMS 1,,Tanque,,1.08,1.56,1.80,0.00,3.50,3.61,6.08,0.00
21/02/2023 01:39 p. m.,Ordeño,11:33,20.96,2,,,,,0,,0.72,0.96,1.44,1.02,0,0,0,0,4.90,5.04,5.28,4.95,VMS 1,,Tanque,,1.20,1.32,1.80,1.56,3.52,3.72,5.60,8.12
22/02/2023 01:41 a. m.,Ordeño,08:47,20.73,1,,,,,0,,0.72,0.90,1.32,1.08,0,0,0,0,5.05,5.04,5.21,4.99,VMS 1,,Tanque,,1.20,1.26,1.74,1.62,3.76,4.07,6.48,6.42
22/02/2023 03:01 p. m.,Ordeño,10:00,20.58,2,,TD,,,0,,0.66,0.78,1.20,0.90,0,0,0,317,4.83,4.81,4.52,5.14,VMS 1,,Tanque,,1.14,1.20,1.62,1.38,4.38,4.41,6.42,5.37
23/02/2023 06:57 a. m.,Ordeño,12:45,16.01,1,,,TD,TD,0,,0.72,0.90,1.38,0.00,0,0,0,0,5.06,5.09,5.27,0.00,VMS 1,,Tanque,,1.14,1.32,1.74,0.00,4.94,4.47,6.60,0.00
23/02/2023 07:42 a. m.,Ordeño,11:02,8.49,2,,,TI,,0,TD,0.30,0.18,0.30,0.90,0,0,0,0,2.95,3.22,3.32,5.35,VMS 1,,Tanque,,0.90,0.54,0.72,1.38,0.27,0.23,0.40,7.59
23/02/2023 04:27 p. m.,Ordeño,08:18,16.97,3,,,,,0,,0.72,0.84,1.32,0.90,0,0,0,0,4.85,4.97,5.09,4.93,VMS 1,,Tanque,,1.26,1.20,1.80,1.26,3.09,3.05,5.32,5.51
23/02/2023 11:24 p. m.,Ordeño,06:57,12.05,4,,,,,0,,0.66,0.66,1.20,0.84,0,0,0,0,4.73,4.58,4.73,4.72,VMS 1,,Tanque,,1.02,1.02,1.80,1.50,2.15,2.15,4.08,3.67
24/02/2023 01:46 p. m.,Ordeño,11:06,23.92,1,,,,,0,,0.60,0.84,1.38,1.02,0,0,0,0,5.06,5.05,5.26,5.27,VMS 1,,Tanque,,1.02,1.26,1.80,1.44,4.46,4.64,7.04,7.78
25/02/2023 01:11 a. m.,Ordeño,09:26,20.21,1,,,,,0,,0.78,0.96,1.32,0.96,0,0,0,0,4.89,5.09,5.19,5.33,VMS 1,,Tanque,,1.14,1.38,2.10,1.38,3.72,3.84,6.30,6.35
25/02/2023 11:31 a. m.,Ordeño,08:36,18.18,2,,,,,0,,0.66,0.72,1.20,0.96,0,0,0,0,4.60,4.64,4.85,4.87,VMS 1,,Tanque,,1.02,1.14,1.74,1.44,3.38,3.28,5.80,5.72
25/02/2023 07:45 p. m.,Ordeño,09:57,8.93,3,,,TI,TI,0,,0.48,0.72,0.00,0.90,0,0,0,0,4.46,4.45,0.00,4.83,VMS 1,,Tanque,,0.84,1.08,0.00,1.32,2.46,2.37,0.00,4.10
26/02/2023 02:01 a. m.,Ordeño,08:14,14.74,1,,,,,0,,0.48,0.72,1.44,0.90,0,0,0,0,4.53,4.65,4.94,5.04,VMS 1,,Tanque,,0.84,1.14,1.80,1.32,2.12,1.92,7.00,3.70
26/02/2023 01:10 p. m.,Ordeño,11:00,17.25,2,,"DD,TD",,,0,,0.66,0.78,1.20,0.84,0,0,0,0,4.69,4.79,4.91,4.97,VMS 1,,Tanque,,1.20,1.50,1.62,1.50,3.30,3.21,5.29,5.45
27/02/2023 12:23 a. m.,Ordeño,08:44,16.80,1,,,,,0,,0.66,0.78,1.20,0.96,0,0,0,0,4.61,4.73,4.75,4.87,VMS 1,,Tanque,,1.20,1.14,1.68,1.32,3.09,3.09,4.99,5.63
27/02/2023 09:22 a. m.,Ordeño,07:39,15.50,2,,,,,0,,0.96,0.84,1.26,1.02,0,0,0,0,4.96,4.79,5.04,5.04,VMS 1,,Tanque,,1.38,1.32,1.68,1.50,2.84,2.91,4.61,5.14
27/02/2023 05:41 p. m.,Ordeño,09:14,14.45,3,,DI,,,0,,0.60,0.78,1.08,0.72,0,0,0,0,4.69,4.74,5.03,4.91,VMS 1,,Tanque,,0.84,1.26,1.38,1.08,2.72,2.74,4.24,4.75
28/02/2023 01:34 a. m.,Ordeño,07:13,13.89,1,,TD,,,0,,0.66,0.66,1.20,0.96,0,0,0,0,4.82,4.72,5.02,4.94,VMS 1,,Tanque,,1.02,1.08,1.62,1.44,2.49,2.46,4.26,4.68
28/02/2023 09:44 a. m.,Ordeño,08:58,10.28,2,,TI,TI,TI,0,,0.60,0.84,0.54,0.78,0,0,0,0,4.81,4.93,4.69,5.07,VMS 1,,Tanque,,1.02,1.14,1.08,1.62,2.67,2.78,0.09,4.74
28/02/2023 02:06 p. m.,Ordeño,07:47,10.21,3,,,,,0,,0.48,0.72,0.84,1.20,0,0,0,0,4.46,4.55,4.54,5.01,VMS 1,,Tanque,,0.84,1.08,1.32,1.92,1.23,1.28,2.12,5.58
01/03/2023 12:25 a. m.,Ordeño,09:46,18.79,1,,,,,0,,0.78,0.72,1.14,0.84,0,0,0,0,4.91,4.90,4.99,5.10,VMS 1,,Tanque,,1.20,1.20,1.68,1.14,3.37,3.42,5.75,6.25
01/03/2023 10:33 a. m.,Ordeño,08:59,16.24,2,,"TI,TD",,,0,,0.72,0.84,0.96,0.96,0,0,0,0,4.86,4.94,4.42,5.02,VMS 1,,Tanque,,1.14,1.26,1.92,1.74,3.23,3.11,4.71,5.19
01/03/2023 07:11 p. m.,Ordeño,09:54,13.72,3,,TI,,,0,,0.54,0.72,1.14,0.72,0,0,0,0,4.50,4.59,4.95,4.73,VMS 1,,Tanque,,0.90,1.14,1.98,1.38,2.59,2.60,3.58,4.95
02/03/2023 04:00 a. m.,Ordeño,09:45,16.74,1,,TD,,,0,,0.66,0.60,1.14,0.78,0,0,0,0,4.83,4.73,5.05,4.89,VMS 1,,Tanque,,1.08,1.02,1.56,1.44,2.84,2.92,5.63,5.35
02/03/2023 04:35 p. m.,Ordeño,12:06,17.47,2,,"DI,TD",,,0,,0.72,0.84,1.14,0.90,0,0,0,0,5.11,5.07,5.20,5.11,VMS 1,,Tanque,,1.32,1.20,1.74,1.32,3.26,4.25,6.15,3.81
03/03/2023 02:40 a. m.,Ordeño,10:04,12.60,1,,TD,TI,TI,0,,0.66,0.90,0.00,1.26,0,0,0,0,5.05,4.90,0.00,5.14,VMS 1,,Tanque,,1.08,1.32,0.00,1.92,4.42,3.57,0.00,4.61
03/03/2023 09:57 a. m.,Ordeño,09:31,18.23,2,,,,,0,,0.60,0.78,1.32,0.90,0,0,0,0,4.60,4.71,5.14,4.84,VMS 1,,Tanque,,0.96,1.14,1.80,1.32,2.50,2.37,7.28,6.08
03/03/2023 06:56 p. m.,Ordeño,08:17,15.77,3,,,,,0,,0.60,0.84,1.02,0.78,0,0,0,0,4.91,4.92,4.87,5.07,VMS 1,,Tanque,,1.08,1.26,1.44,1.26,3.07,3.12,4.63,4.95
04/03/2023 07:33 a. m.,Ordeño,11:21,21.85,1,,,,,0,,0.60,0.78,1.08,0.84,0,0,0,0,4.83,4.91,5.04,5.19,VMS 1,,Tanque,,1.02,1.26,1.44,1.32,4.19,4.39,6.24,7.03
04/03/2023 09:38 p. m.,Ordeño,10:49,15.38,2,,"DI,TD",TI,TI,0,,0.66,0.84,0.00,1.02,0,0,0,0,4.70,4.63,0.00,5.02,VMS 1,,Tanque,,1.02,1.20,0.00,1.50,4.00,4.26,0.00,7.12
05/03/2023 02:26 a. m.,Ordeño,08:23,13.71,1,,"DI,DD",,,0,,0.66,0.78,1.32,0.78,0,0,0,0,4.76,4.84,4.95,5.01,VMS 1,,Tanque,,1.08,1.20,1.74,1.26,1.31,1.75,7.40,3.25
06/03/2023 09:48 a. m.,Ordeño,11:50,23.91,1,,DD,,,0,,0.90,0.96,1.38,0.96,0,0,0,0,4.94,5.05,4.93,5.17,VMS 1,,Tanque,,1.26,1.74,2.10,1.38,4.38,3.81,6.97,8.75
06/03/2023 06:44 p. m.,Ordeño,08:14,15.44,2,,,,,0,,0.84,0.78,1.14,0.96,0,0,0,0,4.71,4.92,4.81,4.92,VMS 1,,Tanque,,1.26,1.20,1.56,1.38,2.69,4.15,3.41,5.19
07/03/2023 07:22 a. m.,Ordeño,10:27,22.94,1,,,,,0,,0.84,0.84,1.50,0.96,0,0,0,0,5.19,4.97,5.49,5.20,VMS 1,,Tanque,,1.26,1.20,2.10,1.32,4.30,4.13,6.99,7.52
07/03/2023 07:45 p. m.,Ordeño,10:48,21.93,2,,,,,0,,0.72,0.84,1.20,0.90,0,0,565,0,5.03,4.95,5.22,5.23,VMS 1,,Divert 3,Sangre por pezón por encima del umbral,1.26,1.20,1.92,1.20,4.03,3.91,6.74,7.25
08/03/2023 08:34 a. m.,Ordeño,10:52,22.28,1,,,,,0,TI,0.84,0.96,1.32,0.96,0,327,968,0,4.91,4.88,5.23,5.21,VMS 1,,Divert 3,Sangre por pezón por encima del umbral,1.14,1.44,1.80,1.32,4.06,4.22,6.59,7.41
08/03/2023 07:25 p. m.,Ordeño,10:09,18.57,2,,"DI,DD",,,0,,0.84,0.84,1.44,0.84,0,0,0,0,5.01,4.98,5.26,5.24,VMS 1,,Tanque,,1.38,1.32,1.86,1.50,3.38,3.58,5.66,5.95
09/03/2023 04:21 a. m.,Ordeño,07:50,17.00,1,,,,,0,,0.78,0.90,1.44,1.08,0,0,0,0,4.97,5.01,5.41,5.24,VMS 1,,Tanque,,1.20,1.26,1.86,1.38,3.24,3.19,5.18,5.39
09/03/2023 01:32 p. m.,Ordeño,10:30,16.50,2,,,,,0,,0.84,0.72,1.50,0.90,0,0,0,0,5.04,5.02,5.37,5.15,VMS 1,,Tanque,,1.08,1.20,1.92,1.44,3.15,3.02,5.15,5.18
09/03/2023 11:36 p. m.,Ordeño,10:06,17.77,3,,"DI,TD",,,0,,0.84,0.84,1.26,0.78,0,0,0,0,5.26,5.24,5.38,4.89,VMS 1,,Tanque,,1.68,1.38,1.68,1.38,3.28,3.48,5.78,5.23
10/03/2023 10:00 a. m.,Ordeño,09:24,20.19,1,,,,,0,,0.90,0.96,1.44,0.96,0,0,0,0,5.01,5.00,5.17,4.98,VMS 1,,Tanque,,1.26,1.38,1.92,1.32,3.96,3.53,5.98,6.72
10/03/2023 05:44 p. m.,Ordeño,07:08,12.36,2,,DI,,,0,,0.60,0.84,1.20,0.90,0,0,0,0,4.59,4.66,4.82,4.75,VMS 1,,Tanque,,1.02,1.32,1.56,1.32,2.29,2.26,3.89,3.92
11/03/2023 03:44 a. m.,Ordeño,09:19,11.94,1,,TD,TD,TD,0,,0.60,0.78,1.26,0.66,0,0,0,0,4.71,4.82,5.05,4.36,VMS 1,,Tanque,,1.02,1.26,1.68,1.38,3.19,3.10,5.53,0.12
11/03/2023 01:14 p. m.,Ordeño,10:46,19.75,2,,,,,0,,0.66,0.78,1.32,0.96,0,0,0,0,4.99,4.91,5.08,5.18,VMS 1,,Tanque,,1.02,1.20,1.68,1.44,3.24,3.18,5.41,7.92
12/03/2023 12:29 a. m.,Ordeño,09:51,20.60,1,,,,,0,,0.78,0.90,1.26,0.90,0,0,0,0,5.00,5.16,5.21,5.07,VMS 1,,Tanque,,1.20,1.20,1.80,1.32,3.90,3.84,6.52,6.34
12/03/2023 10:45 a. m.,Ordeño,11:07,18.01,2,,,,,0,,0.66,0.72,1.26,0.72,0,0,0,0,4.87,4.91,4.99,4.93,VMS 1,,Tanque,,1.02,1.08,1.62,1.08,3.47,3.29,5.70,5.55
13/03/2023 12:10 a. m.,Ordeño,11:20,19.68,1,,,,,0,,0.66,0.72,1.14,0.78,0,0,0,0,4.69,4.70,4.70,4.74,VMS 1,,Tanque,,1.02,1.26,1.56,1.50,3.53,3.77,6.14,6.24
13/03/2023 09:58 a. m.,Ordeño,08:55,16.07,2,,,,,0,,0.72,0.72,1.26,0.84,0,0,0,0,4.81,4.67,4.99,4.90,VMS 1,,Tanque,,1.26,1.14,1.68,1.32,3.01,3.00,4.86,5.20
14/03/2023 02:38 a. m.,Ordeño,11:32,26.94,1,,,,,0,,0.72,0.84,1.38,0.96,0,0,0,0,5.03,5.21,5.22,5.11,VMS 1,,Tanque,,1.02,1.38,1.86,1.68,5.32,5.14,7.94,8.54
14/03/2023 01:48 p. m.,Ordeño,09:02,18.43,2,,,,,0,,0.84,0.78,1.20,0.96,0,0,0,0,4.69,4.66,4.81,4.94,VMS 1,,Tanque,,1.20,1.20,1.68,1.44,3.43,3.43,5.64,5.93
15/03/2023 01:59 a. m.,Ordeño,08:33,19.89,1,,,,,0,,0.72,0.96,1.08,1.14,0,0,0,0,4.90,5.00,5.01,5.12,VMS 1,,Tanque,,1.08,1.44,1.44,1.62,3.88,3.69,6.36,5.96
15/03/2023 01:47 p. m.,Ordeño,10:06,19.73,2,,TI,,,0,,0.84,0.96,1.32,0.90,0,0,0,0,5.12,5.05,5.23,5.30,VMS 1,,Tanque,,1.20,1.38,1.74,1.32,3.82,3.87,5.45,6.59
15/03/2023 09:03 p. m.,Ordeño,07:11,13.54,3,,,,,0,,0.66,0.72,1.08,0.96,0,0,0,0,4.78,4.78,5.05,5.09,VMS 1,,Tanque,,0.96,1.14,1.56,1.44,2.28,2.49,4.53,4.24
16/03/2023 09:23 a. m.,Ordeño,09:58,21.84,1,,,,,0,,0.90,1.02,1.26,0.96,0,0,0,0,5.24,5.28,5.39,5.40,VMS 1,,Tanque,,1.32,1.38,1.80,1.32,4.22,4.03,6.79,6.80
16/03/2023 05:31 p. m.,Ordeño,08:26,13.42,2,,TI,,,0,,0.78,0.72,0.90,0.96,0,0,0,0,4.95,4.90,4.96,5.09,VMS 1,,Tanque,,1.08,1.26,1.74,1.50,2.76,2.81,3.00,4.85
17/03/2023 03:36 a. m.,Ordeño,08:37,19.86,1,,TD,,,0,,1.08,0.84,1.38,1.02,0,0,0,0,5.22,5.16,5.18,5.36,VMS 1,,Tanque,,1.50,1.26,2.04,1.62,3.45,3.70,6.54,6.17
17/03/2023 05:06 p. m.,Ordeño,13:04,22.00,2,,"DD,TI",,,0,,0.72,0.78,1.14,0.84,0,0,0,0,4.96,5.03,5.18,5.18,VMS 1,,Tanque,,1.14,1.38,2.16,1.74,4.36,4.27,5.84,7.53
18/03/2023 01:51 a. m.,Ordeño,07:55,17.16,1,,"TI,TD",,,0,,0.78,0.96,1.20,0.84,0,0,0,0,5.02,4.95,5.19,5.08,VMS 1,,Tanque,,1.20,1.38,1.68,1.44,3.24,3.28,6.02,4.62
18/03/2023 10:33 a. m.,Ordeño,06:01,15.62,2,,TD,,,0,,0.84,0.96,1.26,0.96,0,0,0,0,5.12,5.02,5.19,5.30,VMS 1,,Tanque,,1.26,1.44,1.74,1.62,3.32,3.18,5.28,3.84
18/03/2023 06:36 p. m.,Ordeño,10:35,16.50,3,,"DI,DD,TI",,,0,,0.60,0.78,1.26,0.84,0,0,0,0,5.05,5.04,5.31,5.23,VMS 1,,Tanque,,1.14,1.14,1.56,1.44,2.74,2.69,4.61,6.46
19/03/2023 03:38 a. m.,Ordeño,09:15,17.37,1,,TD,,,0,,0.66,0.78,1.26,0.96,0,0,0,0,4.95,5.05,5.23,5.20,VMS 1,,Tanque,,1.02,1.20,1.68,1.50,3.51,3.39,5.53,4.94
19/03/2023 02:30 p. m.,Ordeño,11:17,20.31,2,,TI,,,0,,0.84,0.78,1.38,0.84,0,0,0,0,4.87,4.89,5.10,4.51,VMS 1,,Tanque,,1.26,1.14,2.04,1.50,3.69,3.65,6.05,6.92
19/03/2023 11:56 p. m.,Ordeño,08:01,17.50,1,,TD,,,0,,0.78,0.66,1.32,1.02,0,0,0,0,4.86,4.68,5.10,5.00,VMS 1,,Tanque,,1.14,1.14,1.74,1.56,3.14,3.34,5.34,5.68
20/03/2023 03:35 p. m.,Ordeño,10:40,25.07,2,,,,,0,,0.72,0.90,1.50,1.02,0,0,0,0,5.19,5.04,5.28,5.39,VMS 1,,Tanque,,1.14,1.32,2.10,1.44,4.89,4.61,7.51,8.06
21/03/2023 03:31 a. m.,Ordeño,09:16,20.13,1,,,,,0,,0.96,0.78,1.50,1.08,0,0,0,0,4.88,4.85,5.19,5.12,VMS 1,,Tanque,,1.32,1.32,1.92,1.86,3.74,3.89,5.86,6.64
21/03/2023 04:06 p. m.,Ordeño,11:05,19.87,2,,,,,0,,0.78,0.90,1.26,0.90,0,0,0,0,4.86,4.87,5.03,5.01,VMS 1,,Tanque,,1.26,1.26,1.80,1.50,3.74,3.68,6.13,6.32
22/03/2023 03:07 a. m.,Ordeño,09:11,13.34,1,,TI,TI,TI,0,TD,0.90,0.78,0.36,0.96,0,0,0,0,4.98,4.97,4.29,5.37,VMS 1,,Tanque,,1.26,1.14,0.60,1.50,3.38,3.68,0.07,6.21
22/03/2023 07:31 a. m.,Ordeño,08:42,13.57,2,,TI,,,0,,0.60,0.66,1.26,0.78,0,0,0,0,4.71,4.89,5.38,5.25,VMS 1,,Tanque,,1.02,1.02,1.80,1.20,1.55,1.47,7.89,2.66
22/03/2023 06:20 p. m.,Ordeño,10:09,19.34,3,,DD,,,0,,0.72,0.84,1.32,0.90,0,0,0,0,5.10,5.17,5.10,5.46,VMS 1,,Tanque,,1.38,1.32,1.86,1.62,3.59,3.60,5.64,6.51
23/03/2023 03:50 a. m.,Ordeño,09:56,16.54,1,,DI,,,0,,0.78,0.78,1.08,0.90,0,0,0,0,4.86,4.92,5.05,5.13,VMS 1,,Tanque,,1.32,1.20,1.68,1.38,2.78,3.24,5.15,5.37
23/03/2023 05:41 p. m.,Ordeño,11:36,21.75,2,,TD,,,0,,0.78,0.78,1.32,0.96,0,368,0,0,5.06,5.10,5.22,5.38,VMS 1,,Tanque,,1.44,1.14,2.04,1.56,4.85,4.47,7.19,5.24
24/03/2023 02:09 a. m.,Ordeño,10:05,14.84,1,,"DI,TD",,,0,,0.60,0.66,1.08,0.78,0,0,0,0,4.74,4.76,5.05,5.21,VMS 1,,Tanque,,1.32,0.96,1.80,1.56,2.86,2.86,4.85,4.27
24/03/2023 10:24 a. m.,Ordeño,10:41,17.59,2,,"TI,TD",,,0,,0.66,0.66,1.38,0.96,0,0,0,0,5.07,5.12,5.46,5.31,VMS 1,,Tanque,,1.32,1.02,1.80,1.50,2.76,2.83,4.71,7.29
24/03/2023 08:42 p. m.,Ordeño,09:58,15.39,3,,DD,,,0,,0.78,0.72,1.26,0.84,0,0,0,0,4.96,4.86,5.00,4.67,VMS 1,,Tanque,,1.20,1.14,1.68,1.74,2.98,2.98,5.03,4.40
25/03/2023 09:06 a. m.,Ordeño,10:28,21.27,1,,,,,0,,0.84,0.84,1.38,1.02,0,0,0,0,5.26,5.31,5.49,5.49,VMS 1,,Tanque,,1.32,1.20,1.98,1.56,3.97,3.63,6.59,7.08
25/03/2023 10:33 p. m.,Ordeño,14:22,14.66,2,,,TD,TD,0,,0.54,0.66,1.26,0.00,0,0,0,0,5.00,5.06,5.16,0.00,VMS 1,,Tanque,,1.14,1.08,1.74,0.00,3.86,3.61,7.19,0.00
26/03/2023 03:16 p. m.,Ordeño,10:37,24.47,1,,,,,0,,0.78,0.78,1.32,0.96,0,0,0,0,5.13,5.20,5.31,5.57,VMS 1,,Tanque,,1.20,1.14,2.28,1.32,4.86,4.90,7.49,7.22
27/03/2023 06:43 a. m.,Ordeño,08:39,14.40,1,,,,,0,,0.66,0.96,1.32,0.90,0,0,0,0,4.62,4.68,4.89,4.65,VMS 1,,Tanque,,1.14,1.26,1.86,1.38,3.03,2.83,5.08,3.46
28/03/2023 02:11 a. m.,Ordeño,08:52,15.41,1,,"TI,TD",TD,,0,,0.72,0.78,1.20,0.78,0,0,0,0,4.98,4.97,5.23,5.32,VMS 1,,Tanque,,1.08,1.32,2.04,1.26,5.19,4.98,3.34,1.90
28/03/2023 09:59 a. m.,Ordeño,07:48,12.86,2,,"DI,TI,TD",,,0,,0.54,0.90,1.38,1.08,0,0,0,0,4.77,5.07,5.22,5.45,VMS 1,,Tanque,,1.32,1.44,1.98,1.74,1.68,2.41,4.06,4.71
28/03/2023 11:06 p. m.,Ordeño,09:16,22.99,3,,TD,,,0,,0.90,0.78,1.50,1.02,0,0,0,0,5.20,5.02,5.06,5.35,VMS 1,,Tanque,,1.32,1.08,1.92,1.62,4.54,4.22,6.87,7.36
29/03/2023 04:53 p. m.,Ordeño,12:49,26.03,1,,,,,0,,0.72,0.90,1.32,1.08,0,0,0,0,5.31,5.43,5.45,5.65,VMS 1,,Tanque,,1.14,1.32,1.68,1.50,5.20,5.18,7.66,7.99
31/03/2023 12:25 a. m.,Ordeño,07:58,12.34,1,,"DD,TI,TD",,,0,,0.78,0.90,1.44,1.14,0,0,0,0,5.05,5.23,5.36,5.40,VMS 1,,Tanque,,1.20,1.44,2.28,1.56,3.50,2.09,3.71,3.04
31/03/2023 01:08 p. m.,Ordeño,09:59,24.84,2,,TD,,,0,,0.72,0.96,1.50,1.02,0,0,0,0,5.36,5.54,5.65,5.62,VMS 1,,Tanque,,1.20,1.38,2.04,1.56,4.36,5.48,7.53,7.47
01/04/2023 12:52 a. m.,Ordeño,13:56,10.97,1,,TI,TD,TD,0,,0.72,0.84,1.32,0.00,0,0,0,0,5.15,5.07,5.38,0.00,VMS 1,,Tanque,,1.14,1.20,1.98,0.00,3.56,3.26,4.15,0.00
01/04/2023 10:52 a. m.,Ordeño,07:17,16.35,2,,"DI,TI,TD",,,0,,0.72,0.84,1.44,1.02,0,0,0,0,4.95,4.81,5.29,5.24,VMS 1,,Tanque,,1.38,1.20,2.04,1.80,3.08,2.80,5.85,4.62
02/04/2023 04:54 p. m.,Ordeño,19:36,8.50,2,,"DI,TI,TD",,,0,,0.72,0.78,1.32,0.84,0,0,0,0,5.20,5.22,5.58,5.43,VMS 1,,Tanque,,1.20,1.08,1.68,1.38,1.73,1.98,2.41,2.38
03/04/2023 12:38 a. m.,Ordeño,08:48,16.28,1,,TI,,,0,,0.90,0.90,1.50,0.90,0,0,0,0,5.06,5.13,5.40,5.06,VMS 1,,Tanque,,1.44,1.50,1.86,1.56,3.64,3.24,4.06,5.34
03/04/2023 06:41 p. m.,Ordeño,12:25,27.47,2,,,,,0,,0.84,0.96,1.56,1.08,0,0,0,0,5.36,5.41,5.31,5.55,VMS 1,,Tanque,,1.74,1.56,2.40,1.86,5.53,5.16,8.08,8.70
04/04/2023 06:47 a. m.,Ordeño,09:50,19.89,1,,,,,0,,0.96,0.84,1.62,1.02,0,0,0,0,4.96,5.00,5.15,5.25,VMS 1,,Tanque,,1.38,1.14,2.04,1.44,3.98,3.80,5.74,6.37
04/04/2023 02:53 p. m.,Ordeño,06:17,9.57,2,,"DI,TD",TD,,0,,0.78,0.84,1.20,0.72,0,0,0,0,4.84,4.93,5.01,4.73,VMS 1,,Tanque,,1.68,1.32,2.22,1.26,2.04,2.34,3.99,1.20
04/04/2023 08:14 p. m.,Ordeño,08:22,12.71,3,,,,,0,,0.84,0.84,1.14,1.02,0,0,0,0,5.25,5.19,5.23,5.43,VMS 1,,Tanque,,1.20,1.38,1.68,1.62,2.21,1.78,2.92,5.80
05/04/2023 08:04 a. m.,Ordeño,09:15,20.26,1,,DI,,,0,,0.78,1.08,1.38,1.08,0,0,0,0,5.28,5.47,5.52,5.42,VMS 1,,Tanque,,1.32,1.44,1.80,1.56,2.96,4.01,6.78,6.51
05/04/2023 04:28 p. m.,Ordeño,08:04,15.10,2,,,,,0,,0.78,0.96,1.26,0.96,0,0,0,0,5.05,5.22,5.25,5.24,VMS 1,,Tanque,,1.14,1.38,2.10,1.50,3.91,2.53,4.42,4.24
06/04/2023 12:52 a. m.,Ordeño,07:34,13.03,1,,"TI,TD",,,0,,0.84,0.78,1.20,0.96,0,0,0,0,5.19,5.16,5.38,5.31,VMS 1,,Tanque,,1.26,1.20,2.28,1.62,2.95,2.92,3.15,4.01
06/04/2023 02:10 p. m.,Ordeño,09:40,21.48,2,,"TI,TD",,,0,,0.78,0.96,1.38,1.02,0,0,0,0,5.36,5.45,5.63,5.67,VMS 1,,Tanque,,1.38,1.32,2.16,1.62,4.49,4.24,7.24,5.51
07/04/2023 03:16 a. m.,Ordeño,10:16,21.36,1,,"TI,TD",,,0,,0.72,0.84,1.44,1.08,0,0,0,0,5.07,5.19,5.39,5.45,VMS 1,,Tanque,,1.02,1.38,2.10,1.50,4.81,4.70,6.67,5.18
07/04/2023 11:54 a. m.,Ordeño,11:09,17.26,2,,Todos,,,0,,0.78,0.84,1.38,0.96,0,0,0,0,4.99,4.86,5.06,4.31,VMS 1,,Tanque,,1.38,1.62,2.16,1.56,2.25,2.99,5.32,6.70
07/04/2023 09:58 p. m.,Ordeño,08:33,18.06,3,,TD,,,0,,0.90,0.72,1.38,0.96,0,0,0,0,5.11,4.89,5.21,4.89,VMS 1,,Tanque,,1.32,1.14,1.86,1.38,3.94,3.32,5.38,5.42
08/04/2023 07:48 a. m.,Ordeño,07:48,18.40,1,,TD,,,0,,0.84,0.84,1.32,1.14,0,0,0,0,5.06,5.26,5.29,5.43,VMS 1,,Tanque,,1.26,1.32,1.68,1.68,3.71,3.43,5.82,5.44
08/04/2023 03:01 p. m.,Ordeño,07:47,11.67,2,,DI,,,0,,0.72,0.90,1.14,0.84,0,0,0,0,4.60,4.73,4.82,4.89,VMS 1,,Tanque,,1.38,1.56,2.10,1.44,1.98,2.06,3.70,3.93
08/04/2023 11:38 p. m.,Ordeño,08:00,14.16,1,,,,,0,,0.66,0.72,1.32,0.90,0,0,0,0,4.81,4.74,5.07,5.01,VMS 1,,Tanque,,1.20,1.14,1.80,1.32,2.78,2.63,4.31,4.44
09/04/2023 10:34 a. m.,Ordeño,09:39,18.80,2,,,,,0,,0.78,0.78,1.32,0.90,0,0,0,0,4.99,5.04,5.22,5.17,VMS 1,,Tanque,,1.20,1.08,2.22,1.26,3.52,3.53,5.79,5.96
09/04/2023 09:19 p. m.,Ordeño,08:51,11.85,3,,TD,TD,,0,,0.66,0.60,0.96,0.54,0,0,0,0,4.71,4.56,4.82,4.40,VMS 1,,Tanque,,1.14,0.96,1.44,1.08,2.93,3.04,4.85,1.03
10/04/2023 12:49 p. m.,Ordeño,08:17,21.27,1,,"DI,DD,TD",,,0,,0.90,0.90,1.44,1.14,0,0,0,0,5.29,5.33,5.28,5.49,VMS 1,,Tanque,,1.68,1.56,2.04,1.86,4.16,3.83,7.47,5.81
10/04/2023 09:05 p. m.,Ordeño,08:18,10.99,2,,,TD,TD,0,"DI,TI",0.66,0.78,1.14,0.30,0,0,0,0,4.84,4.76,4.95,3.55,VMS 1,,Tanque,,1.08,1.14,1.56,0.66,3.52,3.09,4.23,0.15
11/04/2023 03:05 a. m.,Ordeño,12:20,6.06,1,,"DI,TI","DD,TI",DD,0,,0.66,0.00,0.84,0.54,0,0,0,0,4.86,0.00,4.46,4.69,VMS 1,,Tanque,,0.96,0.00,1.80,0.96,1.89,0.00,0.61,3.56
12/04/2023 06:52 a. m.,Ordeño,08:16,19.48,1,,,,,0,,0.96,1.14,1.32,0.96,0,0,0,0,4.90,4.83,4.94,4.56,VMS 1,,Tanque,,1.32,1.62,1.62,1.32,4.33,3.60,6.33,5.22
12/04/2023 05:35 p. m.,Ordeño,07:57,14.21,2,,"DI,TI,TD",,,0,,0.72,0.90,0.84,1.20,0,0,0,0,4.68,4.80,4.69,4.77,VMS 1,,Tanque,,1.14,1.38,1.38,1.92,3.19,2.77,3.88,4.37
13/04/2023 04:34 a. m.,Ordeño,08:42,10.60,1,,"DD,TD","DD,TD",,0,,0.72,0.78,1.26,0.96,0,0,0,0,4.78,4.22,4.96,4.76,VMS 1,,Tanque,,1.14,1.62,1.74,1.38,3.44,0.29,6.01,0.86
13/04/2023 06:35 a. m.,Ordeño,08:49,8.26,2,,TD,,,0,TD,0.42,0.78,0.60,0.96,0,0,0,0,4.56,5.10,4.65,5.36,VMS 1,,Tanque,,0.72,1.08,1.02,1.50,0.55,3.32,0.92,3.47
13/04/2023 05:58 p. m.,Ordeño,13:39,21.62,3,,,,,0,,0.72,0.78,1.26,1.02,0,0,0,0,5.09,5.11,5.42,5.36,VMS 1,,Tanque,,1.26,1.20,1.92,1.62,3.96,3.84,6.57,7.25
14/04/2023 01:34 a. m.,Ordeño,08:26,13.89,1,,,,,0,,0.78,0.72,1.38,0.90,0,0,0,0,4.98,4.93,5.17,4.96,VMS 1,,Tanque,,1.20,1.08,1.80,1.26,2.75,2.47,4.51,4.16
14/04/2023 11:08 a. m.,Ordeño,08:29,12.58,2,,"DI,TI,TD",,,0,,0.84,0.84,1.26,0.90,0,0,0,0,4.96,5.08,5.14,5.23,VMS 1,,Tanque,,1.44,1.38,2.16,1.80,2.95,3.25,3.28,3.10
14/04/2023 08:45 p. m.,Ordeño,12:23,20.85,3,,,,,0,,0.72,0.72,1.44,0.90,0,0,0,0,5.05,5.09,5.15,5.23,VMS 1,,Tanque,,1.14,1.08,1.86,1.50,4.06,3.05,7.09,6.65
15/04/2023 06:39 a. m.,Ordeño,09:36,12.16,1,,"DI,TI",TI,TI,0,"DI,DD,TD",0.84,0.78,0.36,0.90,0,0,0,0,5.13,5.13,3.42,5.09,VMS 1,,Tanque,,1.20,1.14,0.66,1.38,3.22,3.57,0.05,5.32
15/04/2023 01:17 p. m.,Ordeño,07:59,15.32,2,,"TI,TD",,,0,,0.66,0.84,1.68,1.02,0,0,0,0,4.87,4.93,5.34,5.09,VMS 1,,Tanque,,1.08,1.20,2.40,1.80,2.71,2.13,7.34,3.14
15/04/2023 09:45 p. m.,Ordeño,07:30,13.91,3,,,,,0,,0.72,0.84,1.38,0.96,0,0,0,0,4.86,4.80,4.91,5.03,VMS 1,,Tanque,,1.20,1.32,1.68,1.32,2.71,2.64,4.05,4.51
16/04/2023 11:21 a. m.,Ordeño,11:44,23.72,1,,,,,0,,0.78,0.78,1.38,0.90,0,0,0,0,5.00,5.09,5.18,5.23,VMS 1,,Tanque,,1.44,1.26,1.98,1.62,4.65,4.58,6.84,7.65
16/04/2023 06:58 p. m.,Ordeño,08:29,13.14,2,,TI,,,0,,0.60,0.66,1.26,0.84,0,0,0,0,4.52,4.62,4.91,4.62,VMS 1,,Tanque,,1.08,1.02,1.80,1.56,2.57,2.42,4.13,4.02
17/04/2023 05:27 a. m.,Ordeño,10:14,18.41,1,,TD,,,0,,0.84,0.72,1.26,1.14,0,0,0,0,4.88,4.78,5.16,4.96,VMS 1,,Tanque,,1.26,1.14,1.92,1.56,3.63,3.44,5.50,5.84
17/04/2023 08:20 p. m.,Ordeño,12:59,22.96,2,,TD,,,0,,0.72,0.72,1.32,0.90,0,0,0,0,5.02,4.92,5.22,5.32,VMS 1,,Tanque,,1.32,1.08,2.04,1.56,5.28,5.09,8.39,4.20
18/04/2023 09:22 a. m.,Ordeño,10:38,23.13,1,,,,,0,,0.90,0.66,1.44,0.96,0,0,0,0,4.82,4.75,5.07,4.92,VMS 1,,Tanque,,1.38,1.02,1.98,1.44,4.26,4.22,6.69,7.96
18/04/2023 09:16 p. m.,Ordeño,11:00,16.73,2,,"DD,TD",DD,,0,,0.78,0.48,1.20,0.90,0,0,0,0,4.67,4.54,4.92,4.69,VMS 1,,Tanque,,1.20,1.02,1.74,1.44,3.86,1.27,6.22,5.38
19/04/2023 01:58 a. m.,Ordeño,10:19,10.31,1,,,,,0,,0.66,0.60,1.14,0.78,0,0,0,0,4.75,4.80,4.98,4.90,VMS 1,,Tanque,,0.96,1.02,1.62,1.56,1.55,3.70,2.60,2.46
19/04/2023 11:38 a. m.,Ordeño,08:36,17.46,2,,,,,0,,0.78,0.66,1.26,0.90,0,0,0,0,4.80,4.47,5.03,5.12,VMS 1,,Tanque,,1.14,1.14,1.92,1.44,3.49,3.18,5.65,5.14
20/04/2023 12:46 a. m.,Ordeño,12:15,23.57,1,,TD,,,0,,0.84,0.66,1.26,0.96,0,0,0,0,5.06,4.92,5.33,5.33,VMS 1,,Tanque,,1.26,1.20,1.68,1.38,4.68,4.14,7.53,7.22
20/04/2023 08:53 a. m.,Ordeño,07:05,10.31,2,,TD,TD,,0,,1.02,0.66,1.44,0.66,0,0,0,0,4.79,4.69,5.05,4.69,VMS 1,,Tanque,,1.44,1.02,2.28,1.26,2.75,2.74,4.52,0.30
20/04/2023 02:22 p. m.,Ordeño,12:08,11.93,3,,,,,0,,0.72,0.72,1.14,0.90,0,0,0,0,4.80,4.72,5.01,5.37,VMS 1,,Tanque,,1.50,1.20,2.04,1.56,1.74,1.62,6.36,2.21
21/04/2023 12:43 a. m.,Ordeño,08:37,19.37,1,,TD,,,0,,1.02,0.66,1.50,1.08,0,0,0,0,5.15,5.07,5.36,5.10,VMS 1,,Tanque,,1.38,1.02,2.16,1.56,3.40,3.50,6.44,6.03
21/04/2023 03:03 p. m.,Ordeño,09:40,22.69,2,,,,,0,,0.96,0.90,1.50,1.14,0,0,0,0,5.29,5.32,5.49,5.60,VMS 1,,Tanque,,1.50,1.26,2.52,1.50,4.82,4.07,7.18,6.62
21/04/2023 10:49 p. m.,Ordeño,06:35,12.37,3,,,,,0,,0.96,0.66,1.38,0.96,0,0,0,0,4.86,4.75,5.01,4.95,VMS 1,,Tanque,,1.44,1.14,1.80,1.32,2.38,2.20,4.07,3.72
22/04/2023 08:19 a. m.,Ordeño,08:32,17.31,1,,,,,0,,0.96,0.78,1.26,0.96,0,0,0,0,5.16,5.15,5.23,5.35,VMS 1,,Tanque,,1.38,1.14,1.86,1.74,3.41,3.25,5.25,5.40
22/04/2023 06:07 p. m.,Ordeño,07:48,11.98,2,,"DD,TD",TD,,0,,0.78,0.66,1.14,0.72,0,0,0,0,4.95,4.98,5.01,5.03,VMS 1,,Tanque,,1.50,0.96,1.68,1.38,3.19,3.12,5.11,0.56
23/04/2023 03:50 a. m.,Ordeño,11:13,19.44,1,,,,,0,,0.78,0.66,1.20,0.90,0,0,0,0,5.10,5.06,5.22,5.33,VMS 1,,Tanque,,1.26,0.96,1.68,1.26,3.53,3.30,5.52,7.09
23/04/2023 10:07 p. m.,Ordeño,12:45,28.28,2,,,,,0,,0.90,0.84,1.26,0.96,0,0,0,0,5.24,5.21,5.26,5.23,VMS 1,,Tanque,,1.44,1.32,2.10,1.44,5.62,5.33,8.87,8.46
24/04/2023 07:08 a. m.,Ordeño,07:27,12.94,1,,,,,0,,0.84,0.72,1.20,0.84,0,0,0,0,4.68,4.57,4.81,4.76,VMS 1,,Tanque,,1.20,1.02,1.68,1.20,2.60,2.37,4.01,3.96
24/04/2023 05:15 p. m.,Ordeño,07:40,16.38,2,,"DD,TI,TD",,,0,,0.84,0.78,1.26,0.96,0,0,0,0,5.12,5.09,5.38,5.32,VMS 1,,Tanque,,1.26,1.74,1.74,1.68,3.29,3.20,5.41,4.48
25/04/2023 03:42 a. m.,Ordeño,07:57,17.77,1,,"TI,TD",,,0,,0.90,0.78,1.50,1.14,0,0,0,0,4.91,4.77,5.05,5.10,VMS 1,,Tanque,,1.32,1.20,1.92,1.86,3.21,3.24,5.24,6.08
25/04/2023 06:21 p. m.,Ordeño,13:27,18.97,2,,DI,DI,,0,,0.66,0.84,1.32,0.90,0,0,0,0,5.01,5.05,5.39,5.30,VMS 1,,Tanque,,1.08,1.32,2.10,1.44,0.75,4.38,7.23,6.61
25/04/2023 11:19 p. m.,Ordeño,07:32,9.99,3,,DI,,,0,,0.90,0.66,1.14,0.90,0,0,0,0,5.14,4.45,4.72,4.58,VMS 1,,Tanque,,1.62,0.96,1.62,1.44,3.08,1.41,2.60,2.90
26/04/2023 09:17 a. m.,Ordeño,12:00,19.11,1,,,,,0,,0.84,0.84,1.26,0.90,0,0,0,0,5.07,5.23,5.39,5.46,VMS 1,,Tanque,,1.38,1.38,1.86,1.50,4.73,3.35,5.63,5.40
26/04/2023 07:19 p. m.,Ordeño,07:34,17.22,2,,,,,0,,0.84,0.96,1.38,1.08,0,0,0,0,5.03,5.22,5.38,5.34,VMS 1,,Tanque,,1.26,1.50,1.80,1.56,3.04,3.16,5.51,5.51
27/04/2023 06:31 a. m.,Ordeño,10:54,18.02,1,,,,,0,,0.78,0.84,1.32,1.02,0,0,0,0,4.84,4.82,5.02,4.89,VMS 1,,Tanque,,1.32,1.26,2.58,1.56,3.31,3.50,5.73,5.48
27/04/2023 02:49 p. m.,Ordeño,06:47,12.87,2,,"DI,DD",,,0,,0.90,0.84,1.50,1.02,0,0,0,0,4.96,4.79,5.09,5.13,VMS 1,,Tanque,,1.26,1.38,1.92,1.38,2.43,2.47,3.87,4.10
27/04/2023 10:48 p. m.,Ordeño,11:24,9.69,3,,,DD,DD,0,,0.66,0.00,1.26,0.96,0,0,0,0,4.63,0.00,4.83,4.92,VMS 1,,Tanque,,1.26,0.00,1.80,1.50,2.15,0.00,3.74,3.80
28/04/2023 01:38 a. m.,Ordeño,07:36,5.70,1,,"DI,DD,TI",,,0,,0.60,0.72,0.72,0.66,0,0,0,0,5.03,5.04,4.82,5.01,VMS 1,,Tanque,,0.84,1.56,1.26,1.38,0.83,2.19,1.43,1.25
28/04/2023 03:05 p. m.,Ordeño,09:49,21.72,2,,"DI,TI,TD",,,0,,0.96,0.90,1.44,1.08,0,0,0,0,5.59,5.51,5.66,5.73,VMS 1,,Tanque,,1.92,1.32,2.04,1.62,3.82,5.04,7.29,5.57
29/04/2023 02:12 a. m.,Ordeño,12:51,13.50,1,,,TD,TD,0,,0.96,0.78,1.44,0.00,0,0,0,0,5.22,5.07,5.25,0.00,VMS 1,,Tanque,,1.56,1.20,1.98,0.00,4.23,3.25,6.02,0.00
29/04/2023 09:03 a. m.,Ordeño,10:16,13.75,2,,"DD,TI",,,0,,0.78,0.84,1.32,1.02,0,0,0,0,4.98,4.89,5.30,5.52,VMS 1,,Tanque,,1.44,1.38,2.10,1.92,2.13,2.04,2.80,6.78
29/04/2023 04:08 p. m.,Ordeño,07:59,11.69,3,,TI,,,0,,0.78,0.90,1.38,1.02,0,0,0,0,5.26,5.11,5.44,4.83,VMS 1,,Tanque,,1.38,1.32,2.28,1.50,2.28,2.42,3.43,3.56
30/04/2023 06:25 a. m.,Ordeño,10:33,24.11,1,,,,,0,,0.90,0.78,1.38,0.90,0,0,0,0,5.07,4.97,5.32,5.06,VMS 1,,Tanque,,1.50,1.14,2.22,1.50,4.90,4.40,8.17,6.64
30/04/2023 05:12 p. m.,Ordeño,08:01,15.10,2,,,,,0,,0.96,0.84,1.32,0.96,0,0,0,0,4.98,4.75,5.01,5.02,VMS 1,,Tanque,,1.62,1.44,2.10,1.56,2.91,2.82,4.69,4.68
01/05/2023 12:12 a. m.,Ordeño,05:54,10.63,1,,,,,0,,0.78,0.78,1.32,1.02,0,0,0,0,4.78,4.73,5.01,4.84,VMS 1,,Tanque,,1.26,1.14,1.68,1.38,2.15,1.93,3.10,3.45
01/05/2023 08:25 a. m.,Ordeño,08:53,12.57,2,,"TI,TD",,,0,,0.84,0.84,1.62,0.90,0,0,0,0,5.04,5.07,5.41,5.17,VMS 1,,Tanque,,1.26,1.50,2.28,1.62,2.72,2.63,3.49,3.73
01/05/2023 05:30 p. m.,Ordeño,09:16,13.40,3,,"DI,DD,TI",,,0,,0.84,0.90,1.38,1.08,0,0,0,0,4.97,5.04,5.42,5.26,VMS 1,,Tanque,,1.74,1.44,1.92,1.68,2.24,2.62,3.88,4.66
02/05/2023 04:56 a. m.,Ordeño,08:10,21.39,1,,"TI,TD",,,0,,0.84,0.78,1.32,1.08,0,0,0,0,5.11,5.05,5.08,5.26,VMS 1,,Tanque,,1.20,1.26,1.92,1.56,4.22,3.55,7.40,6.22
02/05/2023 05:18 p. m.,Ordeño,10:19,21.09,2,,,,,0,,0.90,0.84,1.44,1.08,0,0,0,0,5.09,5.18,5.31,5.36,VMS 1,,Tanque,,1.38,1.38,2.46,1.56,4.10,3.92,6.28,6.79
03/05/2023 02:40 a. m.,Ordeño,07:33,16.62,1,,,,,0,,0.96,0.84,1.44,1.02,0,0,0,0,5.13,5.04,5.24,5.21,VMS 1,,Tanque,,1.44,1.26,1.86,1.44,3.13,3.08,5.04,5.37
03/05/2023 10:23 a. m.,Ordeño,06:10,11.95,2,,"TI,TD",,,0,,0.90,0.90,1.50,1.02,0,0,0,0,5.26,5.30,5.51,5.42,VMS 1,,Tanque,,1.32,1.32,2.22,1.74,2.59,2.45,3.26,3.65
03/05/2023 10:30 p. m.,Ordeño,09:46,22.79,3,,,,,0,,1.02,0.84,1.68,1.08,0,0,0,0,5.53,5.29,5.86,5.64,VMS 1,,Tanque,,1.44,1.26,2.10,1.50,3.75,4.32,6.92,7.80
04/05/2023 05:24 a. m.,Ordeño,07:29,12.99,1,,TD,,,0,,0.72,0.72,1.26,0.84,0,0,0,0,5.06,5.03,5.24,5.16,VMS 1,,Tanque,,1.20,1.08,1.56,1.44,2.48,2.45,3.92,4.14
04/05/2023 03:06 p. m.,Ordeño,09:55,16.79,2,,"DI,DD,TI",,,0,,0.78,0.84,1.38,0.96,0,0,0,0,5.38,5.31,5.63,5.56,VMS 1,,Tanque,,1.32,1.38,1.98,1.50,2.62,3.09,5.26,5.82
05/05/2023 12:36 a. m.,Ordeño,07:45,18.05,1,,DI,,,0,,1.02,0.90,1.56,1.08,0,0,0,0,5.52,5.37,5.65,5.50,VMS 1,,Tanque,,1.56,1.32,2.10,1.44,2.83,3.34,5.96,5.92
05/05/2023 07:27 a. m.,Ordeño,07:39,12.67,2,,"DI,DD",,,0,,0.90,0.84,1.38,0.90,0,0,0,0,5.13,5.15,5.40,5.29,VMS 1,,Tanque,,1.62,1.62,1.86,1.32,2.26,2.02,4.19,4.20
05/05/2023 04:30 p. m.,Ordeño,08:24,14.34,3,,"DI,TD",TD,,0,,0.90,0.96,1.32,0.96,0,0,0,0,5.26,5.14,5.53,5.43,VMS 1,,Tanque,,1.56,1.62,1.92,1.32,3.41,3.43,5.11,2.39
05/05/2023 10:26 p. m.,Ordeño,09:51,9.15,4,,"TI,TD",TD,,0,,0.72,0.72,1.08,0.60,0,0,0,0,4.86,4.81,5.21,4.89,VMS 1,,Tanque,,1.14,1.20,1.74,1.50,2.53,2.02,3.43,1.17
06/05/2023 06:20 a. m.,Ordeño,08:28,14.35,1,,"TI,TD",,,0,,0.84,0.96,1.38,1.08,0,0,0,0,5.28,5.17,5.53,5.51,VMS 1,,Tanque,,1.38,1.44,2.10,1.80,2.79,2.75,4.62,4.19
06/05/2023 04:50 p. m.,Ordeño,09:50,19.44,2,,"DI,TI,TD",,,0,,0.90,0.90,1.38,1.08,0,0,0,0,5.34,5.31,5.64,5.38,VMS 1,,Tanque,,1.50,1.26,1.86,1.86,3.37,3.28,5.85,6.94
07/05/2023 05:34 a. m.,Ordeño,09:42,21.12,1,,TI,,,0,,0.78,0.84,1.32,0.96,0,0,0,0,5.13,5.21,5.30,5.20,VMS 1,,Tanque,,1.20,1.26,2.16,1.38,4.23,4.27,5.72,6.90
07/05/2023 03:13 p. m.,Ordeño,08:04,12.74,2,,TD,,,0,,0.90,0.78,1.14,1.02,0,0,0,0,4.88,4.79,4.98,4.98,VMS 1,,Tanque,,1.50,1.08,1.92,1.50,2.70,2.60,4.41,3.03
08/05/2023 12:35 a. m.,Ordeño,08:25,17.30,1,,,,,0,,1.02,0.90,1.32,1.02,0,0,0,0,5.09,5.04,5.18,5.18,VMS 1,,Tanque,,3.84,1.50,2.10,1.56,3.57,2.90,5.08,5.75
08/05/2023 07:58 a. m.,Ordeño,06:48,12.98,2,,,,,0,,0.72,0.84,1.26,1.02,0,0,0,0,5.22,5.10,5.38,5.41,VMS 1,,Tanque,,1.14,1.20,1.74,1.38,2.52,2.50,3.97,3.99
08/05/2023 05:12 p. m.,Ordeño,08:17,15.92,3,,TD,,,0,,0.78,0.90,1.50,1.02,0,0,0,0,5.12,5.09,5.23,5.44,VMS 1,,Tanque,,1.56,1.50,2.40,1.44,2.89,2.84,5.43,4.76
09/05/2023 12:37 a. m.,Ordeño,06:40,8.11,1,,TI,TI,,0,,0.60,0.78,0.84,1.02,0,0,0,0,4.74,4.70,4.69,5.09,VMS 1,,Tanque,,1.08,1.20,1.62,1.50,2.22,1.96,0.21,3.72
09/05/2023 06:44 a. m.,Ordeño,07:28,13.73,2,,,,,0,,0.78,0.78,1.44,0.84,0,0,0,0,5.15,4.99,5.20,5.30,VMS 1,,Tanque,,1.14,1.14,1.92,1.38,2.11,2.03,5.92,3.67
09/05/2023 05:12 p. m.,Ordeño,07:43,16.70,3,,TD,,,0,,0.84,0.90,1.38,0.84,0,0,0,0,5.21,5.27,5.31,5.65,VMS 1,,Tanque,,1.26,1.32,1.98,1.62,3.74,3.41,6.02,3.53
10/05/2023 02:46 a. m.,Ordeño,09:43,17.95,1,,,,,0,,0.84,0.66,1.32,1.08,0,0,0,0,5.10,4.86,5.19,5.29,VMS 1,,Tanque,,1.56,1.14,1.74,1.50,3.08,2.86,4.91,7.10
10/05/2023 03:15 p. m.,Ordeño,11:48,21.45,2,,"DI,DD",,,0,,0.90,1.02,1.50,1.02,0,0,0,0,5.36,5.28,5.54,5.43,VMS 1,,Tanque,,1.62,1.44,1.98,1.68,3.92,3.92,6.90,6.71
11/05/2023 02:23 a. m.,Ordeño,09:37,21.91,1,,,,,0,,0.78,0.78,1.32,0.96,0,0,0,0,5.23,5.01,5.48,5.25,VMS 1,,Tanque,,1.20,1.20,1.68,1.38,4.37,4.14,6.64,6.76
11/05/2023 03:29 p. m.,Ordeño,08:56,20.57,2,,TD,,,0,,0.96,0.90,1.50,1.02,0,0,0,0,5.21,5.14,5.38,5.29,VMS 1,,Tanque,,1.44,1.32,2.46,1.50,4.10,4.02,6.36,6.09
12/05/2023 01:11 a. m.,Ordeño,10:46,16.15,1,,,,,0,,0.84,0.72,1.14,0.96,0,0,0,0,4.87,4.69,5.06,4.88,VMS 1,,Tanque,,1.26,1.08,1.62,1.74,2.81,2.77,4.76,5.81
12/05/2023 11:48 a. m.,Ordeño,09:03,15.14,2,,,DD,DD,0,,0.84,0.00,1.44,1.02,0,0,0,0,5.34,0.00,5.51,5.25,VMS 1,,Tanque,,1.20,0.00,2.04,1.44,3.56,0.00,5.62,5.96
12/05/2023 06:27 p. m.,Ordeño,09:44,14.21,3,,DI,,,0,,0.78,0.90,1.08,0.84,0,0,0,0,4.98,5.56,5.05,5.04,VMS 1,,Tanque,,1.32,1.44,1.56,1.20,1.77,4.83,3.80,3.81
13/05/2023 05:54 a. m.,Ordeño,09:55,20.03,1,,,,,0,,0.72,0.84,1.38,0.90,0,0,0,0,5.11,4.89,5.41,5.16,VMS 1,,Tanque,,1.20,1.32,1.80,1.32,4.10,3.30,6.14,6.49
13/05/2023 07:34 p. m.,Ordeño,12:27,24.42,2,,,,,0,,0.84,1.02,1.38,0.96,0,0,0,0,5.09,5.04,4.93,5.29,VMS 1,,Tanque,,1.50,1.68,1.86,1.68,4.74,4.05,8.07,7.56
14/05/2023 05:22 a. m.,Ordeño,06:55,12.77,1,,"DI,TD",TD,,0,,0.78,1.02,1.56,0.96,0,0,0,300,4.82,5.01,5.22,4.96,VMS 1,,Tanque,,1.50,1.56,2.10,1.56,3.04,3.18,5.95,0.60
14/05/2023 12:54 p. m.,Ordeño,08:24,13.64,2,,"TI,TD",,DD,0,,0.90,0.00,1.56,1.26,0,0,0,0,4.95,0.00,5.28,5.31,VMS 1,,Tanque,,1.56,0.00,2.28,1.68,2.62,0.00,3.72,7.30
14/05/2023 07:49 p. m.,Ordeño,08:58,13.26,3,,"TI,TD",,,0,,0.60,0.72,1.20,0.78,0,0,0,0,4.70,5.06,4.99,4.62,VMS 1,,Tanque,,0.90,1.02,1.80,1.20,1.87,4.21,4.02,3.16
15/05/2023 09:48 a. m.,Ordeño,12:31,18.08,1,,"DI,TI,TD",,,0,,0.84,0.96,1.56,0.96,0,0,0,0,5.11,5.11,5.43,5.38,VMS 1,,Tanque,,2.10,1.32,2.34,1.56,2.45,3.16,7.26,5.21
15/05/2023 08:29 p. m.,Ordeño,10:21,18.70,2,,DI,,,0,,0.78,0.66,1.08,0.90,0,0,0,0,5.07,4.51,4.94,4.77,VMS 1,,Tanque,,1.98,0.96,1.86,1.56,4.12,3.15,5.09,6.34
16/05/2023 07:00 a. m.,Ordeño,07:00,16.08,1,,,,,0,,0.90,0.78,1.50,1.08,0,0,0,0,4.74,4.79,5.09,4.95,VMS 1,,Tanque,,1.32,1.20,1.98,1.44,3.37,2.50,5.12,5.09
16/05/2023 02:57 p. m.,Ordeño,08:50,13.25,2,,TD,,,0,,0.72,0.72,1.32,1.20,0,0,0,0,4.98,5.11,5.41,5.33,VMS 1,,Tanque,,1.20,1.08,1.74,1.80,2.33,2.35,4.29,4.28
17/05/2023 01:03 a. m.,Ordeño,10:12,16.57,1,,,,,0,,0.72,0.78,1.32,0.90,0,0,0,0,4.96,4.84,5.17,5.13,VMS 1,,Tanque,,1.26,1.08,1.74,1.62,3.00,2.83,5.29,5.45
17/05/2023 08:01 a. m.,Ordeño,07:42,10.21,2,,,DD,DD,0,,0.96,0.00,1.38,1.02,0,0,0,0,5.15,0.00,5.22,5.21,VMS 1,,Tanque,,1.62,0.00,2.34,1.74,2.27,0.00,3.95,3.99
17/05/2023 11:40 a. m.,Ordeño,07:15,8.06,3,,DD,,,0,,0.66,0.84,1.08,0.72,0,0,0,0,5.35,4.90,5.51,5.34,VMS 1,,Tanque,,1.20,1.62,1.50,1.32,1.17,2.98,1.92,1.99
17/05/2023 07:43 p. m.,Ordeño,07:46,14.53,4,,TD,,,0,,0.54,0.72,1.32,0.78,0,0,0,0,5.49,5.13,5.76,5.67,VMS 1,,Tanque,,1.02,1.08,1.68,1.38,2.65,2.74,4.75,4.39
18/05/2023 02:30 a. m.,Ordeño,08:58,11.57,1,,DI,,,0,,0.84,0.96,1.20,0.90,0,0,0,0,5.29,5.04,5.31,5.39,VMS 1,,Tanque,,1.38,1.32,1.92,1.32,2.06,1.99,3.77,3.75
18/05/2023 01:56 p. m.,Ordeño,08:20,14.15,2,,"DI,TI,TD",TD,,0,,0.90,0.96,1.44,0.60,0,0,0,0,5.27,5.08,5.46,4.87,VMS 1,,Tanque,,1.68,1.38,2.10,1.14,3.83,3.46,6.20,0.66
18/05/2023 06:32 p. m.,Ordeño,10:45,12.00,3,,,,,0,TD,0.60,0.54,0.90,0.96,0,0,0,0,4.86,4.66,4.91,5.54,VMS 1,,Tanque,,0.96,0.96,1.68,1.74,1.26,1.25,2.12,7.37
19/05/2023 03:59 a. m.,Ordeño,07:27,13.60,1,,"TI,TD",,,0,,0.78,0.84,1.44,0.96,0,0,0,0,5.01,4.83,5.16,4.96,VMS 1,,Tanque,,1.14,1.20,1.86,1.50,2.89,2.73,4.90,3.08
19/05/2023 04:02 p. m.,Ordeño,11:32,15.13,2,,"DI,DD,TI",DI,,0,,0.72,0.90,1.32,1.08,0,0,0,0,5.13,5.24,5.55,5.34,VMS 1,,Tanque,,1.80,1.68,2.34,2.04,1.44,2.89,3.19,7.61
19/05/2023 09:54 p. m.,Ordeño,09:22,13.46,3,,"DI,DD,TD",,,0,,0.78,0.78,1.20,0.96,0,0,0,0,5.36,5.01,5.34,4.86,VMS 1,,Tanque,,1.44,1.32,1.56,1.32,1.99,1.96,6.37,3.14
20/05/2023 04:56 a. m.,Ordeño,09:38,13.20,1,,DI,,,0,,0.78,1.02,1.38,0.96,0,0,0,0,5.19,4.80,4.80,4.91,VMS 1,,Tanque,,1.38,1.38,2.10,1.50,2.22,2.82,3.95,4.21
20/05/2023 01:58 p. m.,Ordeño,09:02,14.29,2,,,,,0,,0.78,0.78,1.20,0.84,0,0,0,0,5.21,4.78,5.07,5.04,VMS 1,,Tanque,,1.20,1.14,1.98,1.38,3.81,2.46,3.83,4.19
20/05/2023 10:33 p. m.,Ordeño,08:36,13.17,3,,,,,0,,0.78,0.72,1.20,0.84,0,0,0,0,4.63,4.65,4.94,4.75,VMS 1,,Tanque,,1.26,1.26,1.68,1.32,2.07,2.41,4.27,4.42
21/05/2023 11:48 a. m.,Ordeño,07:46,18.06,1,,"TI,TD",,,0,,0.84,0.84,1.38,0.96,0,0,0,0,5.27,5.15,5.48,5.40,VMS 1,,Tanque,,1.32,1.26,1.80,1.38,3.50,3.93,6.22,4.41
21/05/2023 07:16 p. m.,Ordeño,11:03,12.42,2,,,,,0,,0.72,0.78,1.14,0.96,0,0,0,0,4.68,4.68,4.85,5.09,VMS 1,,Tanque,,1.50,1.14,2.10,1.80,1.90,1.85,3.32,5.35
22/05/2023 06:13 a. m.,Ordeño,08:31,18.28,1,,TI,,,0,,0.84,1.02,1.44,1.08,0,0,0,0,5.38,5.27,5.57,5.27,VMS 1,,Tanque,,1.32,1.32,1.74,1.44,3.52,3.23,5.33,6.20
22/05/2023 04:15 p. m.,Ordeño,11:02,17.32,2,,,,,0,,0.84,0.90,1.38,1.02,0,0,0,0,5.45,5.25,5.66,5.41,VMS 1,,Tanque,,1.20,1.80,1.98,1.44,2.96,3.08,5.82,5.46
23/05/2023 12:46 a. m.,Ordeño,07:14,13.84,1,,TD,,,0,,0.72,0.78,1.26,0.90,0,0,0,0,4.93,4.87,5.02,4.81,VMS 1,,Tanque,,1.14,1.14,2.22,1.32,2.62,2.39,4.66,4.17
23/05/2023 09:22 a. m.,Ordeño,08:40,15.60,2,,,,,0,,0.84,0.84,1.50,1.02,0,0,0,0,5.26,5.20,5.39,5.24,VMS 1,,Tanque,,1.50,1.20,1.92,1.62,2.85,2.78,5.08,4.89
23/05/2023 06:06 p. m.,Ordeño,08:49,13.98,3,,"DI,TI,TD",,,0,,0.84,0.78,1.44,1.02,0,0,0,0,5.12,5.13,5.37,5.42,VMS 1,,Tanque,,1.62,1.26,1.92,1.50,2.03,2.70,4.96,4.29
24/05/2023 07:10 a. m.,Ordeño,09:23,21.67,1,,"DI,DD",,,0,,1.02,0.84,1.62,1.14,0,0,0,0,5.24,5.12,5.25,5.16,VMS 1,,Tanque,,1.56,1.38,2.04,1.56,4.27,3.71,5.95,7.74
24/05/2023 04:37 p. m.,Ordeño,09:25,14.16,2,,Todos,,,0,,0.78,0.84,1.44,0.96,0,0,0,0,5.02,5.08,5.33,5.20,VMS 1,,Tanque,,1.50,1.50,1.98,1.56,2.60,2.70,4.33,4.53
25/05/2023 12:10 a. m.,Ordeño,07:56,14.11,1,,"DI,TD",,,0,,0.72,0.60,1.38,0.96,0,0,0,0,4.94,5.03,5.23,5.03,VMS 1,,Tanque,,1.26,0.96,1.80,1.38,1.80,2.50,4.86,4.95
25/05/2023 09:37 a. m.,Ordeño,09:12,14.59,2,,TD,,,0,,0.84,0.90,1.44,1.02,0,0,0,0,5.32,5.20,5.44,5.39,VMS 1,,Tanque,,1.68,1.32,2.22,1.74,4.01,3.05,5.53,2.00
26/05/2023 01:07 a. m.,Ordeño,09:47,24.62,1,,,,,0,,0.78,0.90,1.32,1.14,0,0,0,0,5.11,5.20,5.45,5.67,VMS 1,,Tanque,,1.20,1.56,2.04,1.68,4.83,4.08,8.01,7.70
26/05/2023 12:10 p. m.,Ordeño,09:24,13.39,2,,DI,,,0,,0.66,0.84,1.26,0.90,0,0,0,0,4.67,4.74,4.96,4.66,VMS 1,,Tanque,,1.44,1.14,1.74,1.38,2.74,2.51,4.58,3.56
27/05/2023 12:57 a. m.,Ordeño,08:38,19.45,1,,DI,,,0,,0.84,0.90,1.44,0.96,0,0,0,0,4.99,5.01,5.18,5.12,VMS 1,,Tanque,,1.26,1.26,2.10,1.38,3.67,3.51,6.41,5.86
27/05/2023 11:38 a. m.,Ordeño,08:16,15.50,2,,DD,,,0,,0.72,0.84,1.44,1.02,0,0,0,0,4.63,4.69,4.88,4.97,VMS 1,,Tanque,,1.62,1.50,2.04,1.50,2.88,2.68,4.99,4.95
27/05/2023 11:54 p. m.,Ordeño,09:43,19.17,1,,TI,,,0,,0.84,0.84,1.50,1.02,0,0,0,0,5.05,5.11,5.22,5.25,VMS 1,,Tanque,,1.32,1.44,2.04,1.62,3.75,3.50,5.61,6.31
28/05/2023 01:18 p. m.,Ordeño,08:05,18.73,2,,"DI,TD",,,0,,0.72,0.84,1.50,0.96,0,0,0,0,5.12,5.23,5.42,5.27,VMS 1,,Tanque,,1.86,1.26,1.86,1.68,3.56,3.58,7.41,4.18
29/05/2023 05:40 p. m.,Ordeño,06:50,11.90,2,,"DI,TD",,,0,,0.72,0.84,1.32,1.02,0,0,0,0,4.94,5.10,5.19,5.06,VMS 1,,Tanque,,1.38,1.26,2.10,1.50,2.23,2.18,3.90,3.59
30/05/2023 05:13 a. m.,Ordeño,07:25,18.52,1,,,,,0,,0.96,0.84,1.56,1.20,0,0,0,0,5.23,5.28,5.50,5.43,VMS 1,,Tanque,,1.32,1.26,1.98,1.68,3.55,3.34,5.60,6.03
30/05/2023 12:12 p. m.,Ordeño,08:35,7.44,2,,DI,TD,TD,0,,0.66,0.72,1.26,0.00,0,0,0,0,4.91,5.07,5.23,0.00,VMS 1,,Tanque,,1.32,1.20,1.74,0.00,2.04,1.92,3.48,0.00
30/05/2023 01:50 p. m.,Ordeño,09:13,5.55,3,,,,,0,TD,0.30,0.30,0.42,0.84,0,0,0,0,4.08,4.45,4.74,5.29,VMS 1,,Tanque,,0.60,0.78,0.78,1.38,0.37,0.44,0.64,4.10
31/05/2023 02:09 a. m.,Ordeño,08:44,21.78,1,,TD,,,0,,0.84,0.72,1.14,1.08,0,0,0,0,5.23,5.35,5.52,5.34,VMS 1,,Tanque,,1.20,1.14,1.56,1.44,4.07,3.72,6.88,7.11
31/05/2023 12:25 p. m.,Ordeño,08:13,17.84,2,,"DI,TD",,,0,,0.78,0.84,1.32,0.96,0,0,0,0,5.14,5.27,5.50,5.46,VMS 1,,Tanque,,1.32,1.20,1.74,1.44,3.41,3.13,5.83,5.47
31/05/2023 10:02 p. m.,Ordeño,08:57,17.10,3,,DD,,,0,,0.78,0.84,1.32,0.90,0,0,0,0,5.33,5.48,5.63,5.60,VMS 1,,Tanque,,1.50,1.68,1.80,1.38,3.19,2.54,5.62,5.75
01/06/2023 12:00 p. m.,Ordeño,10:14,24.01,1,,TI,,,0,,0.90,0.84,1.44,1.02,0,0,0,0,5.21,5.29,5.23,5.30,VMS 1,,Tanque,,1.50,1.20,2.16,1.68,4.42,4.59,7.20,7.80
01/06/2023 08:36 p. m.,Ordeño,08:34,12.09,2,,,,,0,,0.60,0.60,1.20,0.78,0,0,0,0,4.67,4.73,5.00,4.90,VMS 1,,Tanque,,1.14,1.02,1.62,1.26,2.31,2.17,3.76,3.85
02/06/2023 12:30 p. m.,Ordeño,09:50,24.40,1,,,,,0,,0.96,0.96,1.44,1.08,0,0,0,0,5.22,5.34,5.67,5.27,VMS 1,,Tanque,,1.32,1.32,1.86,1.50,4.78,4.54,7.39,7.69
02/06/2023 10:37 p. m.,Ordeño,08:23,15.85,2,,,,,0,,0.78,0.72,1.20,0.84,0,0,0,0,4.66,4.73,4.91,4.81,VMS 1,,Tanque,,1.68,1.44,1.62,1.44,3.03,2.87,4.85,5.10
03/06/2023 06:40 a. m.,Ordeño,09:18,15.26,1,,,,,0,,0.84,0.72,1.32,1.02,0,0,0,0,5.07,4.91,5.26,5.12,VMS 1,,Tanque,,1.44,1.08,1.80,1.44,2.85,2.65,4.78,4.98
03/06/2023 06:49 p. m.,Ordeño,10:10,21.40,2,,DI,,,0,,0.90,0.84,1.32,1.08,0,0,0,0,5.17,5.12,5.43,5.29,VMS 1,,Tanque,,1.62,1.32,2.16,1.80,3.50,3.86,7.07,6.97
04/06/2023 05:59 a. m.,Ordeño,08:32,19.52,1,,,,,0,,0.72,0.96,1.26,1.08,0,0,0,0,4.62,4.86,4.84,4.90,VMS 1,,Tanque,,1.08,1.38,1.74,1.56,4.09,3.41,6.13,5.89
04/06/2023 06:49 p. m.,Ordeño,10:52,20.04,2,,,,,0,,0.78,0.90,1.26,1.08,0,0,0,0,4.82,4.97,5.22,5.15,VMS 1,,Tanque,,1.20,1.38,1.68,1.62,3.53,3.69,6.22,6.60
05/06/2023 01:55 a. m.,Ordeño,06:23,13.82,1,,,,,0,,0.78,0.78,1.26,1.08,0,0,0,0,5.04,5.06,5.21,5.19,VMS 1,,Tanque,,1.14,1.26,1.80,1.38,2.43,2.50,4.58,4.31
05/06/2023 11:27 a. m.,Ordeño,09:15,14.28,2,,DI,DI,,0,,0.48,0.84,1.32,1.14,0,0,0,0,4.66,4.99,5.28,5.17,VMS 1,,Tanque,,0.90,1.32,2.34,1.56,0.60,2.79,5.35,5.54
05/06/2023 08:14 p. m.,Ordeño,10:01,19.04,3,,DI,,,0,,0.90,0.84,1.20,0.96,0,0,0,0,5.71,5.30,5.56,5.46,VMS 1,,Tanque,,1.32,1.26,1.92,1.50,5.10,3.02,5.30,5.62
06/06/2023 04:38 a. m.,Ordeño,09:12,17.10,1,,,,,0,,0.96,0.84,1.56,1.08,0,0,0,0,4.92,4.98,5.20,5.19,VMS 1,,Tanque,,1.68,1.32,2.52,2.04,2.90,3.19,5.34,5.67
06/06/2023 01:09 p. m.,Ordeño,06:29,10.65,2,,Todos,TD,,0,,0.84,0.84,1.32,0.78,0,0,0,0,4.99,4.97,5.19,5.01,VMS 1,,Tanque,,1.26,1.44,2.16,1.62,2.17,2.44,4.58,1.46
06/06/2023 06:49 p. m.,Ordeño,09:17,13.19,3,,,,,0,,0.78,0.72,1.26,0.90,0,0,0,0,5.18,5.11,5.28,5.39,VMS 1,,Tanque,,1.26,1.08,1.68,1.26,1.96,1.78,3.36,6.09
07/06/2023 04:05 a. m.,Ordeño,08:43,17.60,1,,,,,0,,0.90,0.84,1.38,0.96,0,0,0,0,5.24,5.05,5.32,5.09,VMS 1,,Tanque,,1.26,1.20,1.86,1.32,3.14,2.94,5.73,5.79
07/06/2023 03:48 p. m.,Ordeño,12:58,19.86,2,,"DI,TI",,,0,,0.84,0.78,1.20,0.84,0,0,0,0,5.20,5.22,5.27,5.07,VMS 1,,Tanque,,1.62,1.14,2.28,1.56,3.79,3.60,5.52,6.95
08/06/2023 02:57 a. m.,Ordeño,09:50,19.79,1,,,,,0,,0.96,0.90,1.44,0.90,0,0,0,0,5.02,4.92,4.95,4.94,VMS 1,,Tanque,,1.38,1.26,1.86,1.26,3.59,3.42,6.16,6.62
08/06/2023 03:11 p. m.,Ordeño,08:29,14.28,2,,"TI,TD",TD,,0,,0.90,0.90,1.26,0.78,0,0,0,0,4.64,4.55,4.66,4.72,VMS 1,,Tanque,,1.38,1.32,2.04,1.38,3.32,3.26,5.89,1.81
09/06/2023 12:03 a. m.,Ordeño,09:57,16.13,1,,,,,0,,0.84,0.72,1.38,1.08,0,0,0,0,4.79,4.63,4.75,4.92,VMS 1,,Tanque,,1.14,1.20,1.86,1.62,2.47,2.22,4.12,7.32
09/06/2023 11:08 a. m.,Ordeño,10:33,12.08,2,,"DI,TI",TD,TD,0,,0.90,0.90,1.62,0.00,0,0,0,0,4.96,4.87,5.08,0.00,VMS 1,,Tanque,,1.44,1.56,3.54,0.00,3.38,3.24,5.46,0.00
09/06/2023 10:19 p. m.,Ordeño,07:41,19.16,3,,"DI,TI,TD",,,0,,1.02,0.78,1.56,1.26,0,0,0,0,5.14,5.02,5.28,5.53,VMS 1,,Tanque,,1.56,1.14,2.28,2.04,3.20,3.57,5.73,6.66
10/06/2023 07:14 a. m.,Ordeño,06:35,15.28,1,,"DI,TI,TD",,,0,,0.96,0.84,1.56,1.08,0,0,0,0,5.09,5.02,5.17,5.30,VMS 1,,Tanque,,1.38,1.26,2.34,1.62,3.64,2.97,5.14,3.53
10/06/2023 04:41 p. m.,Ordeño,08:33,20.64,2,,"TI,TD",,,0,,0.96,0.90,1.50,1.14,0,0,0,0,5.15,5.17,5.22,5.17,VMS 1,,Tanque,,1.56,1.38,2.04,1.68,3.41,3.14,6.73,7.36
11/06/2023 03:04 a. m.,Ordeño,07:32,18.18,1,,,,,0,,1.08,0.78,1.62,1.02,0,0,0,0,5.09,4.90,5.15,5.16,VMS 1,,Tanque,,1.44,1.38,2.04,1.38,3.62,3.55,5.81,5.20
11/06/2023 06:00 p. m.,Ordeño,08:53,24.85,2,,"TI,TD",,,0,,1.02,0.96,1.62,1.26,0,0,0,0,5.29,5.31,5.43,5.54,VMS 1,,Tanque,,1.50,1.38,2.34,1.68,5.06,4.71,7.38,7.70
12/06/2023 08:14 a. m.,Ordeño,11:51,22.96,1,,,,,0,,0.96,0.84,1.50,1.02,0,0,0,0,4.90,4.95,5.08,4.97,VMS 1,,Tanque,,1.86,1.50,1.92,1.74,4.42,4.47,6.85,7.22
12/06/2023 06:00 p. m.,Ordeño,07:09,14.68,2,,,,,0,,0.96,0.84,1.44,1.08,0,0,0,0,4.92,4.86,5.19,5.12,VMS 1,,Tanque,,1.44,1.32,1.92,1.62,2.64,2.62,4.56,4.86
13/06/2023 02:40 a. m.,Ordeño,05:56,13.82,1,,TD,,,0,,0.84,0.84,1.50,1.08,0,0,0,0,4.96,4.86,5.07,5.02,VMS 1,,Tanque,,1.20,1.26,1.92,1.50,2.68,2.43,4.45,4.26
13/06/2023 06:12 p. m.,Ordeño,10:58,26.20,2,,"DI,TI",,,0,,0.90,0.90,1.56,1.08,0,0,0,0,5.24,5.15,5.38,5.44,VMS 1,,Tanque,,1.38,1.32,2.34,1.86,5.30,4.80,7.64,8.46
14/06/2023 04:49 a. m.,Ordeño,06:48,13.75,1,,,DI,DI,0,,0.00,0.84,1.56,1.14,0,0,0,0,0.00,4.53,4.87,4.84,VMS 1,,Tanque,,0.00,1.32,1.92,1.50,0.00,2.91,5.81,5.03
14/06/2023 07:03 a. m.,Ordeño,09:00,2.65,2,,TD,DI,DI,0,,0.00,0.36,0.48,0.48,0,0,0,0,0.00,4.06,4.48,4.32,VMS 1,,Tanque,,0.00,0.78,0.90,1.02,0.00,0.62,0.97,1.06
14/06/2023 11:40 a. m.,Ordeño,07:26,8.62,3,,DI,,,0,,0.96,0.60,1.08,0.90,0,0,0,0,5.25,4.73,5.07,4.97,VMS 1,,Tanque,,1.68,1.26,1.50,1.68,2.84,1.20,2.21,2.37
15/06/2023 12:08 a. m.,Ordeño,10:02,23.99,1,,,,,0,,1.02,0.84,1.44,1.02,0,0,0,0,5.07,5.27,5.53,5.49,VMS 1,,Tanque,,1.50,1.20,1.86,1.56,5.26,4.12,7.13,7.48
15/06/2023 09:00 a. m.,Ordeño,07:04,15.39,2,,,,,0,,0.90,0.96,1.38,1.08,0,0,0,0,4.57,4.85,5.05,5.09,VMS 1,,Tanque,,1.56,1.38,2.22,1.50,2.62,2.63,5.19,4.95
15/06/2023 04:27 p. m.,Ordeño,08:30,10.26,3,,"DD,TI,TD",TD,,0,,0.90,0.96,1.32,1.08,0,0,0,0,5.18,5.21,5.39,5.39,VMS 1,,Tanque,,1.80,1.92,2.22,1.98,2.25,1.90,4.34,1.77
15/06/2023 07:27 p. m.,Ordeño,06:16,6.86,4,,"TI,TD",,,0,,0.36,0.54,0.54,1.02,0,0,0,0,4.85,5.07,5.12,5.12,VMS 1,,Tanque,,0.72,0.90,1.38,1.56,0.77,0.98,0.99,4.12
16/06/2023 02:32 a. m.,Ordeño,06:41,13.88,1,,"DI,TI,TD",,,0,,0.90,0.78,1.38,1.02,0,0,0,0,5.10,4.95,5.14,4.98,VMS 1,,Tanque,,1.80,1.38,1.98,1.44,1.98,2.61,4.92,4.37
16/06/2023 04:47 p. m.,Ordeño,09:09,23.35,2,,"DI,TD",,,0,,0.90,0.96,1.56,1.20,0,0,0,0,5.41,5.39,5.61,5.48,VMS 1,,Tanque,,1.86,1.32,2.40,1.80,3.75,3.97,8.29,7.34
17/06/2023 04:07 a. m.,Ordeño,08:24,21.11,1,,DI,,,0,,1.08,0.84,1.56,1.14,0,0,0,0,5.11,4.91,5.18,4.96,VMS 1,,Tanque,,1.74,1.20,1.98,1.68,4.77,3.31,6.25,6.78
17/06/2023 11:44 a. m.,Ordeño,07:28,9.22,2,,"DD,TI,TD",TI,TI,0,,0.90,0.84,0.84,1.08,0,0,0,0,4.83,4.90,4.29,5.14,VMS 1,,Tanque,,1.44,1.26,1.68,1.68,2.64,2.47,0.16,3.95
17/06/2023 03:43 p. m.,Ordeño,06:00,10.21,3,,"DI,TI,TD",,,0,,0.84,0.72,1.44,0.90,0,0,0,0,5.08,5.13,5.29,5.33,VMS 1,,Tanque,,1.26,1.26,2.16,1.62,1.16,1.29,4.73,3.03
17/06/2023 10:43 p. m.,Ordeño,06:10,14.38,4,,"DI,TD",,,0,,0.90,0.78,1.50,0.96,0,0,0,0,5.28,5.31,5.29,5.56,VMS 1,,Tanque,,1.86,1.14,1.98,1.62,2.30,2.70,5.77,3.61
18/06/2023 07:24 a. m.,Ordeño,08:06,18.33,1,,,,,0,,0.96,0.90,1.50,1.14,0,0,0,0,5.30,5.25,5.27,5.48,VMS 1,,Tanque,,1.50,1.20,2.28,1.56,3.65,3.01,5.18,6.49
18/06/2023 03:22 p. m.,Ordeño,07:25,12.50,2,,"TI,TD",,,0,,0.84,0.84,1.44,1.14,0,0,0,0,5.08,5.04,5.21,5.23,VMS 1,,Tanque,,1.38,1.74,2.22,1.74,2.72,2.57,2.75,4.46
19/06/2023 01:35 a. m.,Ordeño,08:07,18.52,1,,DD,,,0,,0.96,0.78,1.50,1.08,0,0,0,0,4.94,4.90,4.88,5.04,VMS 1,,Tanque,,1.62,1.32,1.98,1.62,3.24,2.64,6.89,5.75
19/06/2023 10:48 a. m.,Ordeño,07:53,17.33,2,,TD,,,0,,0.84,0.78,1.32,1.08,0,0,0,0,4.95,4.87,4.82,4.79,VMS 1,,Tanque,,1.62,1.20,2.10,1.56,3.19,3.24,5.34,5.56
19/06/2023 09:12 p. m.,Ordeño,07:53,19.31,3,,,,,0,,0.90,0.78,1.50,1.14,0,0,0,0,5.28,5.12,5.21,5.36,VMS 1,,Tanque,,1.32,1.26,2.10,1.56,3.66,3.45,5.87,6.33
20/06/2023 07:25 a. m.,Ordeño,07:43,19.35,1,,,,,0,,0.84,0.78,1.44,1.14,0,0,0,0,4.94,4.85,5.04,5.07,VMS 1,,Tanque,,1.20,1.20,1.86,1.56,3.80,3.20,6.22,6.13
20/06/2023 08:08 p. m.,Ordeño,13:34,19.61,2,,DI,,,0,,0.78,0.84,1.32,1.02,0,0,0,0,4.82,4.64,5.01,4.89,VMS 1,,Tanque,,1.44,1.50,2.10,1.74,3.96,3.24,6.42,5.99
21/06/2023 06:04 a. m.,Ordeño,11:20,10.65,1,,,TD,TD,0,,0.78,0.72,0.96,0.00,0,0,0,0,4.77,4.56,4.76,0.00,VMS 1,,Tanque,,1.32,1.08,1.38,0.00,2.94,2.47,5.24,0.00
21/06/2023 11:56 a. m.,Ordeño,08:55,15.26,2,,,,,0,,0.78,0.78,1.56,1.02,0,0,0,0,4.85,4.77,5.12,4.95,VMS 1,,Tanque,,1.20,1.08,2.04,1.38,2.11,1.69,7.85,3.61
21/06/2023 08:36 p. m.,Ordeño,09:16,15.68,3,,,,,0,,0.72,0.66,1.32,0.90,0,0,0,0,4.88,4.94,4.97,4.65,VMS 1,,Tanque,,1.14,1.08,1.80,1.44,3.14,2.62,4.80,5.12
22/06/2023 07:43 a. m.,Ordeño,08:39,20.28,1,,,,,0,,0.78,0.90,1.50,1.08,0,0,0,0,4.91,5.02,5.10,5.06,VMS 1,,Tanque,,1.20,1.38,1.92,1.38,4.07,3.37,6.29,6.55
22/06/2023 08:47 p. m.,Ordeño,10:02,22.80,2,,TD,,,0,,0.78,0.84,1.32,1.14,0,0,0,0,5.03,5.12,5.32,5.02,VMS 1,,Tanque,,1.20,1.32,1.98,1.74,4.45,3.92,6.92,7.51
23/06/2023 04:21 a. m.,Ordeño,06:44,14.11,1,,"DD,TD",,,0,,0.78,0.72,1.38,1.08,0,0,0,0,4.93,4.89,5.18,5.09,VMS 1,,Tanque,,1.20,1.14,1.80,1.56,2.88,2.55,4.76,3.92
23/06/2023 04:05 p. m.,Ordeño,11:25,21.10,2,,"TI,TD",,,0,,0.72,0.78,1.32,1.08,0,0,0,0,4.93,4.92,5.02,5.10,VMS 1,,Tanque,,1.44,1.50,2.10,1.38,3.87,3.49,6.51,7.23
24/06/2023 06:29 a. m.,Ordeño,09:50,24.34,1,,,,,0,,0.84,0.84,1.50,1.02,0,0,0,0,5.13,5.14,4.96,5.20,VMS 1,,Tanque,,1.32,1.26,1.98,1.50,4.99,4.42,7.25,7.68
24/06/2023 04:55 p. m.,Ordeño,07:43,16.97,2,,DI,,,0,,0.66,0.96,1.44,1.14,0,0,0,0,4.91,5.03,5.25,5.12,VMS 1,,Tanque,,1.20,1.38,1.98,1.62,3.16,2.81,5.78,5.22
25/06/2023 12:36 a. m.,Ordeño,07:05,14.24,1,,,,,0,,0.90,0.72,1.38,1.02,0,0,0,0,5.06,4.86,5.17,5.08,VMS 1,,Tanque,,1.38,1.08,1.74,1.86,2.80,2.37,4.53,4.54
25/06/2023 03:20 p. m.,Ordeño,11:03,24.88,2,,DI,,,0,,0.84,0.90,1.50,1.14,0,0,0,0,5.23,5.23,5.43,5.43,VMS 1,,Tanque,,1.50,1.26,2.04,1.50,5.11,4.00,8.06,7.71
26/06/2023 02:31 a. m.,Ordeño,07:19,16.95,1,,TD,,,0,,0.90,0.78,1.32,1.14,0,0,0,0,4.87,4.75,4.93,4.95,VMS 1,,Tanque,,1.26,1.20,1.92,1.56,3.45,2.94,5.33,5.23
26/06/2023 11:18 a. m.,Ordeño,09:47,16.00,2,,,,,0,,0.78,0.78,1.38,1.02,0,0,0,0,5.15,5.08,5.33,5.20,VMS 1,,Tanque,,1.62,1.20,2.28,1.74,3.16,2.60,4.99,5.25
26/06/2023 10:02 p. m.,Ordeño,08:38,19.64,3,,,,,0,,0.96,0.78,1.44,1.08,0,0,0,0,5.35,5.28,5.41,5.40,VMS 1,,Tanque,,1.50,1.20,1.86,1.44,3.58,3.49,6.09,6.48
27/06/2023 06:42 a. m.,Ordeño,08:59,16.63,1,,"DD,TI",,,0,,0.96,0.78,1.38,0.96,0,0,0,0,5.25,5.21,5.49,5.48,VMS 1,,Tanque,,1.26,1.20,2.10,1.74,3.21,2.83,5.31,5.28
27/06/2023 08:35 p. m.,Ordeño,11:18,23.55,2,,,,,0,,0.78,0.78,1.44,0.90,0,0,0,0,5.14,5.06,5.30,5.13,VMS 1,,Tanque,,1.26,1.20,2.40,1.62,4.53,3.88,7.66,7.48
28/06/2023 08:27 a. m.,Ordeño,10:05,18.67,1,,,,,0,,0.84,0.72,1.44,0.96,0,0,0,0,5.01,4.98,5.19,4.93,VMS 1,,Tanque,,1.38,1.14,1.92,1.38,3.68,3.20,5.91,5.88
28/06/2023 06:35 p. m.,Ordeño,07:50,17.44,2,,"DI,TI,TD",,,0,,0.78,0.84,1.44,1.08,0,0,0,0,4.97,4.99,5.29,5.04,VMS 1,,Tanque,,1.20,1.20,2.16,1.86,3.28,2.95,5.66,5.55
29/06/2023 07:18 a. m.,Ordeño,08:43,22.61,1,,,,,0,,0.84,0.78,1.56,1.26,0,0,0,0,5.06,4.99,5.28,5.10,VMS 1,,Tanque,,1.32,1.20,2.34,1.68,4.43,3.86,7.16,7.16
29/06/2023 05:03 p. m.,Ordeño,08:04,15.12,2,,,,,0,,0.78,0.84,1.38,0.90,0,0,0,0,4.68,4.73,4.83,4.72,VMS 1,,Tanque,,1.26,1.38,1.86,1.32,2.92,2.48,4.72,5.00
30/06/2023 04:58 a. m.,Ordeño,12:05,21.47,1,,,,,0,,0.90,0.84,1.50,0.96,0,0,0,0,5.05,4.92,5.13,5.06,VMS 1,,Tanque,,1.62,1.32,2.04,1.50,4.08,3.45,7.09,6.85
30/06/2023 05:42 p. m.,Ordeño,08:45,21.44,2,,"DD,TD",,,0,,0.90,0.78,1.44,1.20,0,0,0,0,4.93,4.95,4.97,4.98,VMS 1,,Tanque,,1.44,1.20,2.34,1.62,4.10,2.94,7.07,7.33
01/07/2023 05:54 a. m.,Ordeño,08:09,21.85,1,,TD,,,0,,0.90,0.90,1.62,1.32,0,0,0,0,5.14,5.06,5.22,5.21,VMS 1,,Tanque,,1.68,1.38,2.40,1.92,3.93,4.39,6.66,6.87
01/07/2023 03:37 p. m.,Ordeño,08:05,17.33,2,,,,,0,,0.84,0.72,1.50,1.02,0,0,0,0,4.88,4.74,4.99,4.96,VMS 1,,Tanque,,1.62,1.32,1.98,1.44,3.23,2.80,5.54,5.76
02/07/2023 03:20 a. m.,Ordeño,09:01,20.60,1,,TI,,,0,,1.08,0.72,1.68,1.08,0,0,0,0,5.17,4.99,5.22,5.18,VMS 1,,Tanque,,1.50,1.20,2.46,1.80,3.83,3.51,6.24,7.02
02/07/2023 10:46 a. m.,Ordeño,10:29,13.16,2,,"DI,TD",,,0,,0.78,0.72,1.44,0.90,0,0,0,0,4.71,4.80,5.03,4.83,VMS 1,,Tanque,,1.38,1.14,1.92,1.38,2.19,2.30,4.43,4.24
02/07/2023 09:15 p. m.,Ordeño,07:55,19.66,3,,,,,0,,0.84,0.90,1.50,1.26,0,0,0,0,5.26,5.21,5.27,5.31,VMS 1,,Tanque,,1.38,1.32,2.04,1.92,4.00,3.05,6.39,6.22
03/07/2023 07:04 a. m.,Ordeño,08:17,18.03,1,,,,,0,,0.72,0.96,1.44,1.14,0,0,0,0,4.84,4.81,4.95,4.83,VMS 1,,Tanque,,1.08,1.38,1.86,1.56,3.57,2.87,5.93,5.66
03/07/2023 04:11 p. m.,Ordeño,09:17,15.16,2,,TI,,,0,,0.78,0.72,1.38,0.96,0,0,0,0,4.98,4.94,5.21,5.18,VMS 1,,Tanque,,1.44,1.14,2.34,1.62,2.99,2.56,4.58,5.03
04/07/2023 04:29 a. m.,Ordeño,08:56,22.65,1,,TD,,,0,,1.08,0.84,1.68,1.14,0,0,0,0,5.30,5.32,5.42,5.44,VMS 1,,Tanque,,1.80,1.20,2.40,1.74,4.30,4.03,7.06,7.26
04/07/2023 02:54 p. m.,Ordeño,11:21,17.84,2,,"TI,TD",,,0,,0.90,0.78,1.50,1.02,0,0,0,0,5.08,4.92,5.24,5.19,VMS 1,,Tanque,,1.38,1.20,1.92,1.68,3.57,3.12,5.85,5.30
04/07/2023 10:31 p. m.,Ordeño,09:22,14.08,3,,TI,,,0,,0.78,0.72,1.50,0.96,0,0,0,0,4.43,4.74,5.18,4.90,VMS 1,,Tanque,,1.26,1.32,2.52,1.80,2.85,2.43,3.45,5.35
05/07/2023 05:56 a. m.,Ordeño,06:55,14.18,1,,,,,0,,0.96,0.78,1.56,0.96,0,0,0,0,5.02,4.98,5.15,5.02,VMS 1,,Tanque,,1.50,1.14,1.86,1.38,2.55,2.21,4.91,4.51
05/07/2023 03:06 p. m.,Ordeño,08:21,18.61,2,,,,,0,,0.78,0.72,1.50,1.02,0,0,0,0,5.19,5.18,5.43,5.37,VMS 1,,Tanque,,1.20,1.08,1.92,1.62,3.74,2.86,6.05,5.96
06/07/2023 12:36 a. m.,Ordeño,08:17,18.15,1,,,,,0,,0.90,0.66,1.56,1.02,0,0,0,0,5.09,4.91,5.29,5.15,VMS 1,,Tanque,,1.44,1.02,1.98,1.44,3.31,3.01,5.83,6.00
06/07/2023 12:17 p. m.,Ordeño,09:38,21.76,2,,DD,,,0,,0.90,0.72,1.56,1.14,0,0,0,0,5.07,5.03,5.32,5.35,VMS 1,,Tanque,,1.50,1.38,1.98,1.56,4.25,3.14,7.37,7.00
06/07/2023 09:33 p. m.,Ordeño,09:20,13.14,3,,DI,TD,TD,0,,0.78,0.84,1.44,0.00,0,0,0,0,4.95,5.05,5.29,0.00,VMS 1,,Tanque,,1.38,1.20,1.86,0.00,3.69,3.31,6.14,0.00
07/07/2023 07:06 a. m.,Ordeño,09:21,20.47,1,,DI,,,0,,1.14,0.78,1.62,1.20,0,0,0,0,5.15,5.13,5.28,5.34,VMS 1,,Tanque,,1.44,1.20,2.22,1.62,3.27,3.28,5.48,8.44
07/07/2023 04:44 p. m.,Ordeño,08:55,15.51,2,,TI,,,0,,0.84,0.90,1.26,1.08,0,0,0,0,4.98,4.94,4.94,4.98,VMS 1,,Tanque,,1.38,1.32,2.16,2.10,3.31,2.89,6.40,2.91
08/07/2023 02:14 a. m.,Ordeño,06:55,17.69,1,,"TI,TD",,,0,,1.02,0.90,1.68,1.26,0,0,0,0,5.11,5.06,5.27,5.26,VMS 1,,Tanque,,1.68,1.38,2.34,1.86,3.54,3.36,6.09,4.70
08/07/2023 10:14 a. m.,Ordeño,06:49,15.64,2,,TD,,,0,,0.84,0.90,1.44,1.08,0,0,0,0,5.10,5.07,5.25,5.21,VMS 1,,Tanque,,1.50,1.32,2.28,1.74,3.10,2.58,5.18,4.78
08/07/2023 08:13 p. m.,Ordeño,08:17,19.18,3,,TD,,,0,,0.84,0.90,1.50,1.14,0,0,0,0,5.07,5.06,5.26,5.24,VMS 1,,Tanque,,1.50,1.26,2.16,1.92,3.65,3.22,6.14,6.17
09/07/2023 04:08 a. m.,Ordeño,08:25,15.87,1,,DI,,,0,,0.84,0.96,1.56,1.14,0,0,0,0,5.09,5.20,5.30,5.38,VMS 1,,Tanque,,1.50,1.26,1.98,1.68,3.14,2.50,5.14,5.09
09/07/2023 03:23 p. m.,Ordeño,09:08,20.47,2,,TI,,,0,,0.90,0.96,1.56,1.20,0,0,0,0,5.08,5.14,5.32,5.23,VMS 1,,Tanque,,1.50,1.50,2.46,2.34,3.93,3.84,6.08,6.62
10/07/2023 12:33 a. m.,Ordeño,08:08,17.68,1,,,,,0,,0.84,0.78,1.56,1.14,0,0,0,0,4.81,4.95,5.14,5.19,VMS 1,,Tanque,,1.20,1.20,2.28,1.56,3.30,2.91,6.05,5.42
10/07/2023 01:32 p. m.,Ordeño,10:17,24.90,2,,,,,0,,0.90,0.90,1.62,1.20,0,0,0,0,5.10,5.19,5.29,5.38,VMS 1,,Tanque,,1.56,1.38,2.34,1.86,4.91,4.20,7.89,7.90
10/07/2023 10:00 p. m.,Ordeño,09:13,15.73,3,,"TI,TD",,,0,,0.78,0.84,1.50,1.14,0,0,0,0,4.89,4.87,5.00,5.07,VMS 1,,Tanque,,1.20,1.20,2.10,1.68,3.05,2.75,5.04,4.89
11/07/2023 03:55 p. m.,Ordeño,10:39,25.91,1,,,,,0,,0.96,1.02,1.68,1.20,0,0,0,0,5.61,5.54,5.55,5.47,VMS 1,,Tanque,,1.50,1.44,2.28,1.68,5.20,4.61,8.28,7.82
12/07/2023 02:09 a. m.,Ordeño,07:13,12.55,1,,,,,0,,0.78,0.72,1.50,1.08,0,0,0,0,4.51,4.47,4.71,4.67,VMS 1,,Tanque,,1.26,1.08,2.04,1.44,2.44,2.26,3.79,4.06
12/07/2023 01:20 p. m.,Ordeño,08:16,15.80,2,,,,,0,,0.78,0.78,1.38,1.08,0,0,0,0,4.98,4.99,5.23,5.17,VMS 1,,Tanque,,1.50,1.44,2.16,1.50,2.88,2.58,5.10,5.24
13/07/2023 12:42 a. m.,Ordeño,08:01,16.85,1,,"DI,DD",,,0,,0.84,0.78,1.44,1.02,0,0,0,0,4.84,4.86,5.18,4.96,VMS 1,,Tanque,,1.68,1.44,1.92,1.44,3.07,2.72,5.43,5.63
13/07/2023 08:13 a. m.,Ordeño,05:18,10.40,2,,,,,0,,0.90,0.66,1.44,1.14,0,0,0,0,4.76,4.59,4.90,4.84,VMS 1,,Tanque,,1.32,1.02,1.98,1.50,1.93,1.81,3.32,3.34
13/07/2023 06:06 p. m.,Ordeño,07:11,13.32,3,,,,,0,,0.84,0.72,1.38,0.90,0,0,0,0,4.69,4.70,4.93,4.64,VMS 1,,Tanque,,1.50,1.14,1.92,1.62,2.55,2.17,4.33,4.27
14/07/2023 04:44 a. m.,Ordeño,06:30,15.24,1,,,,,0,,0.96,1.02,1.56,1.26,0,0,0,0,4.61,4.57,4.87,4.84,VMS 1,,Tanque,,1.56,1.62,2.10,1.74,2.72,2.50,4.89,5.13
14/07/2023 03:00 p. m.,Ordeño,10:56,12.26,2,,,,,0,,0.84,0.66,1.38,0.96,0,0,0,0,4.52,4.48,4.69,4.61,VMS 1,,Tanque,,2.22,1.20,1.92,1.38,2.43,2.03,3.84,3.96
15/07/2023 04:25 a. m.,Ordeño,06:24,16.69,1,,TD,,,0,,0.90,1.08,1.56,1.26,0,0,0,0,4.63,4.62,4.70,4.75,VMS 1,,Tanque,,1.32,1.56,1.92,1.92,3.25,2.75,5.64,5.05
15/07/2023 01:06 p. m.,Ordeño,07:03,12.39,2,,TI,,,0,,0.78,0.78,1.26,0.96,0,0,0,0,4.57,4.45,4.69,4.66,VMS 1,,Tanque,,1.50,1.20,1.86,1.38,2.19,1.86,3.76,4.58
15/07/2023 10:16 p. m.,Ordeño,06:39,13.51,3,,,,,0,,0.90,0.60,1.44,1.08,0,0,0,0,4.60,4.43,4.83,4.70,VMS 1,,Tanque,,1.38,1.02,2.28,2.16,2.38,2.36,4.42,4.35
16/07/2023 06:13 a. m.,Ordeño,06:46,12.62,1,,,,,0,,0.84,0.78,1.44,0.96,0,0,0,0,4.59,4.63,4.99,4.81,VMS 1,,Tanque,,1.32,1.26,1.86,1.32,2.44,2.00,3.97,4.21
16/07/2023 02:59 p. m.,Ordeño,07:25,13.31,2,,TI,,,0,,0.72,0.72,1.56,0.96,0,0,0,0,4.66,4.70,5.05,4.88,VMS 1,,Tanque,,1.26,1.20,2.16,1.44,2.48,2.09,4.21,4.53
17/07/2023 03:56 a. m.,Ordeño,12:26,21.64,1,,,,,0,,1.08,0.78,1.62,1.14,0,0,0,0,4.85,4.70,5.14,4.93,VMS 1,,Tanque,,1.50,1.14,2.22,1.74,3.99,3.68,6.83,7.14
17/07/2023 04:28 p. m.,Ordeño,11:59,16.79,2,,DI,,,0,,0.84,0.90,1.44,1.02,0,0,0,0,4.66,4.64,4.98,4.76,VMS 1,,Tanque,,1.68,1.32,1.92,1.50,2.76,2.89,5.44,5.70
18/07/2023 02:56 a. m.,Ordeño,07:39,16.02,1,,TD,,,0,,0.90,0.72,1.44,1.26,0,0,0,0,4.66,4.59,4.85,4.73,VMS 1,,Tanque,,1.38,1.14,2.04,1.92,3.24,2.66,4.99,5.13
18/07/2023 12:07 p. m.,Ordeño,06:33,13.06,2,,TD,,,0,,0.78,0.78,1.44,1.02,0,0,0,0,4.66,4.71,4.90,4.82,VMS 1,,Tanque,,1.20,1.20,1.80,1.56,2.39,2.13,4.11,4.43
18/07/2023 08:58 p. m.,Ordeño,06:41,14.79,3,,"TI,TD",,,0,,0.90,0.72,1.50,1.32,0,0,0,0,4.91,4.81,5.19,5.06,VMS 1,,Tanque,,1.26,1.14,1.98,1.80,2.72,2.34,4.94,4.79
19/07/2023 07:34 a. m.,Ordeño,09:11,13.95,1,,"DI,TD",DI,,0,,0.60,0.84,1.56,1.08,0,0,0,0,4.62,4.92,5.13,4.99,VMS 1,,Tanque,,1.26,1.26,2.28,1.80,0.44,3.14,5.63,4.74
19/07/2023 10:52 a. m.,Ordeño,07:54,8.14,2,,DI,,,0,,0.84,0.36,0.42,0.90,0,0,0,0,4.86,4.52,4.39,4.79,VMS 1,,Tanque,,1.32,0.78,0.78,1.32,3.60,0.68,1.24,2.62
19/07/2023 07:15 p. m.,Ordeño,09:54,14.05,3,,,,,0,,0.84,0.78,1.32,0.90,0,0,0,0,4.86,4.92,5.05,5.07,VMS 1,,Tanque,,1.44,1.26,1.92,1.38,2.68,2.34,4.62,4.41
20/07/2023 12:01 p. m.,Ordeño,08:52,23.01,1,,TD,,,0,,1.08,0.84,1.74,1.14,0,0,0,0,5.37,5.44,5.47,5.42,VMS 1,,Tanque,,1.68,1.32,2.16,1.68,4.86,4.92,7.25,5.98
20/07/2023 11:01 p. m.,Ordeño,08:15,15.12,2,,TD,,,0,,0.90,0.78,1.38,1.02,0,0,0,0,4.68,4.58,4.89,4.75,VMS 1,,Tanque,,1.92,1.14,2.40,1.80,2.88,2.47,4.91,4.86
21/07/2023 09:46 a. m.,Ordeño,07:36,17.48,1,,TD,,,0,,0.78,0.96,1.50,1.14,0,0,0,0,5.07,5.04,5.43,5.21,VMS 1,,Tanque,,1.38,1.50,1.86,2.10,3.50,3.07,6.17,4.74
21/07/2023 07:26 p. m.,Ordeño,08:31,17.55,2,,TI,,,0,,0.96,0.78,1.38,1.08,0,0,0,0,5.11,4.92,5.24,5.08,VMS 1,,Tanque,,1.44,1.20,2.34,1.74,3.11,2.69,5.32,6.43
22/07/2023 04:52 a. m.,Ordeño,07:24,16.72,1,,"TI,TD",,,0,,0.90,1.02,1.74,1.44,0,0,0,0,5.17,5.12,5.38,5.44,VMS 1,,Tanque,,1.38,1.44,2.22,2.10,3.41,2.72,6.06,4.53
22/07/2023 01:19 p. m.,Ordeño,07:25,10.27,2,,"DI,TI,TD",,,0,,0.78,0.90,1.14,1.02,0,0,0,0,4.76,4.78,4.95,4.94,VMS 1,,Tanque,,1.32,1.26,2.10,2.22,2.10,2.04,2.75,3.38
22/07/2023 11:03 p. m.,Ordeño,08:13,17.93,3,,"DD,TI,TD",,,0,,0.84,0.90,1.68,1.44,0,0,0,0,4.89,4.85,5.14,5.07,VMS 1,,Tanque,,1.74,1.56,2.58,2.10,3.26,2.78,6.15,5.74
23/07/2023 10:13 a. m.,Ordeño,07:21,19.12,1,,,,,0,,0.96,0.84,1.62,1.26,0,0,0,0,4.96,5.05,5.28,5.15,VMS 1,,Tanque,,1.50,1.32,2.16,1.74,3.90,3.07,6.28,5.87
23/07/2023 06:02 p. m.,Ordeño,11:09,13.72,2,,,,,0,,0.78,0.84,1.50,0.96,0,0,0,0,4.95,5.05,5.20,5.24,VMS 1,,Tanque,,1.26,1.32,1.86,1.98,2.77,2.15,4.00,4.80
24/07/2023 03:50 a. m.,Ordeño,07:49,16.60,1,,"DI,TD",,,0,,0.72,1.02,1.56,1.20,0,0,0,0,4.95,5.07,5.11,5.17,VMS 1,,Tanque,,1.08,1.38,1.92,1.98,3.52,2.91,5.98,4.19
24/07/2023 01:33 p. m.,Ordeño,09:17,16.72,2,,TI,,,0,,0.84,0.84,1.38,1.20,0,0,0,0,4.63,4.75,4.89,5.03,VMS 1,,Tanque,,1.20,1.62,1.92,1.98,2.86,2.71,4.99,6.16
24/07/2023 11:16 p. m.,Ordeño,08:08,12.83,3,,TD,,,0,,0.78,0.72,1.32,1.08,0,0,0,0,4.58,4.53,4.72,4.46,VMS 1,,Tanque,,1.56,1.08,2.10,1.74,2.46,2.20,4.06,4.11
25/07/2023 02:56 p. m.,Ordeño,09:28,21.96,1,,Todos,,,0,,1.02,0.96,1.62,1.14,0,0,0,0,5.25,5.20,5.34,5.31,VMS 1,,Tanque,,1.56,1.62,2.52,1.80,4.39,3.35,6.26,7.96
26/07/2023 12:07 a. m.,Ordeño,06:55,13.69,1,,,,,0,,0.90,0.78,1.44,1.08,0,0,0,0,4.64,4.73,4.98,4.73,VMS 1,,Tanque,,1.38,1.14,1.86,1.50,2.25,2.88,4.48,4.08
26/07/2023 07:08 a. m.,Ordeño,06:22,12.12,2,,,,,0,,0.84,0.66,1.44,1.14,0,0,0,0,4.86,4.61,4.99,5.05,VMS 1,,Tanque,,1.50,1.08,1.86,1.56,2.32,1.99,3.91,3.90
26/07/2023 05:01 p. m.,Ordeño,09:00,18.01,3,,"DD,TD",,,0,,0.90,0.84,1.38,1.02,0,0,0,0,5.23,5.06,5.34,5.13,VMS 1,,Tanque,,1.44,1.68,1.92,1.74,3.43,2.88,5.76,5.94
27/07/2023 07:40 a. m.,Ordeño,08:39,25.22,1,,TD,,,0,,1.08,0.90,1.74,1.32,0,0,0,0,5.23,5.24,5.36,5.27,VMS 1,,Tanque,,1.68,1.44,2.28,1.86,4.86,4.66,7.55,8.15
27/07/2023 11:19 p. m.,Ordeño,11:40,25.92,2,,"DD,TI",,,0,,0.96,0.90,1.56,1.08,0,0,0,0,4.79,4.43,5.04,4.90,VMS 1,,Tanque,,1.74,1.68,2.64,2.16,5.00,4.46,8.04,8.42
28/07/2023 11:56 a. m.,Ordeño,08:24,19.36,1,,TI,,,0,,0.90,0.96,1.32,1.62,0,0,0,0,4.79,4.70,4.85,4.96,VMS 1,,Tanque,,1.50,1.44,1.80,2.64,3.72,3.00,6.25,6.39
29/07/2023 12:41 a. m.,Ordeño,09:13,17.53,1,,DD,,,0,,0.66,0.72,1.38,1.02,0,0,0,0,4.65,4.54,4.72,4.72,VMS 1,,Tanque,,1.26,1.08,1.92,1.44,3.24,2.81,5.65,5.83
29/07/2023 12:12 p. m.,Ordeño,07:28,17.10,2,,"DI,TD",,,0,,0.84,0.90,1.50,1.08,0,0,0,0,4.82,4.85,5.12,4.90,VMS 1,,Tanque,,1.56,1.38,1.92,1.74,3.02,2.89,5.50,5.69
30/07/2023 03:07 a. m.,Ordeño,10:33,26.63,1,,,,,0,"DI,TD",1.02,1.02,1.56,1.38,0,0,0,0,5.20,4.87,3.98,5.18,VMS 1,,Tanque,,1.44,1.50,2.16,2.10,5.12,4.59,8.52,8.40
30/07/2023 12:47 p. m.,Ordeño,07:13,15.83,2,,"TI,TD",,,0,,0.78,0.96,1.56,1.14,0,0,0,0,4.85,4.89,5.19,5.04,VMS 1,,Tanque,,1.26,1.38,2.10,1.62,3.17,2.88,5.43,4.35
31/07/2023 03:41 a. m.,Ordeño,09:24,25.19,1,,,,,0,,0.84,1.02,1.62,1.14,0,0,0,0,5.03,5.10,4.88,5.15,VMS 1,,Tanque,,1.26,1.38,2.10,1.50,4.99,3.83,8.48,7.89
31/07/2023 03:23 p. m.,Ordeño,08:55,17.87,2,,"DI,TI,TD",,,0,,0.72,0.90,1.62,0.96,0,0,0,0,4.88,4.90,5.14,5.11,VMS 1,,Tanque,,1.32,1.32,2.10,1.62,3.36,2.89,6.45,5.17
01/08/2023 07:32 a. m.,Ordeño,08:52,25.47,1,,TD,,,0,,0.96,0.90,1.80,1.38,0,0,0,0,5.13,5.03,5.25,5.23,VMS 1,,Tanque,,1.32,1.32,2.28,1.86,5.72,4.48,8.69,6.58
01/08/2023 05:30 p. m.,Ordeño,07:11,11.09,2,,TD,TD,TD,0,,0.78,0.84,1.44,0.66,0,0,0,0,4.66,4.72,4.88,4.76,VMS 1,,Tanque,,1.38,1.44,1.92,1.20,2.91,2.61,5.41,0.16
01/08/2023 11:36 p. m.,Ordeño,10:33,15.80,3,,TI,,,0,,0.72,0.78,1.38,1.14,0,0,0,0,4.86,4.73,4.88,5.02,VMS 1,,Tanque,,1.14,1.20,1.98,1.80,2.06,1.92,3.42,8.40
02/08/2023 09:23 a. m.,Ordeño,06:53,12.51,1,,TD,TD,,0,,0.84,1.02,1.62,0.90,0,0,0,0,5.05,5.05,5.21,4.62,VMS 1,,Tanque,,1.20,1.44,2.04,1.50,3.36,2.96,5.72,0.47
02/08/2023 11:30 p. m.,Ordeño,09:38,24.60,2,,,,,0,,0.78,1.02,1.38,1.20,0,0,0,0,4.71,4.91,4.57,4.57,VMS 1,,Tanque,,1.50,1.44,2.22,1.74,4.48,3.69,8.03,8.40
03/08/2023 08:34 a. m.,Ordeño,06:10,14.95,1,,"TI,TD",,,0,,1.02,0.90,1.86,1.14,0,0,0,0,4.83,4.83,4.97,4.73,VMS 1,,Tanque,,1.80,1.38,2.64,1.56,2.97,2.83,5.39,3.76
03/08/2023 06:26 p. m.,Ordeño,07:50,15.09,2,,,,,0,,0.84,0.78,1.20,0.84,0,0,0,0,4.85,4.53,4.52,4.72,VMS 1,,Tanque,,1.26,1.20,1.74,1.32,3.04,2.47,5.34,4.24
04/08/2023 04:36 a. m.,Ordeño,07:01,17.52,1,,,,,0,,1.08,0.84,1.68,1.20,0,0,0,0,5.10,5.00,5.24,5.30,VMS 1,,Tanque,,1.56,1.26,2.10,1.62,3.40,2.90,5.77,5.45
04/08/2023 03:53 p. m.,Ordeño,12:34,18.43,2,,TD,,,0,,0.54,0.96,1.38,0.90,0,0,0,0,4.76,4.87,4.77,5.16,VMS 1,,Tanque,,1.14,1.56,2.10,1.50,3.68,3.02,6.63,5.10
05/08/2023 05:24 a. m.,Ordeño,07:52,23.29,1,,DI,,,0,,1.02,1.20,1.74,1.38,0,0,0,0,4.97,5.10,4.96,5.27,VMS 1,,Tanque,,1.56,1.86,2.34,1.74,4.37,3.78,7.51,7.63
05/08/2023 03:06 p. m.,Ordeño,06:07,12.56,2,,,,,0,,0.84,0.84,1.44,1.20,0,0,0,0,4.52,4.56,4.68,4.80,VMS 1,,Tanque,,1.38,1.20,2.04,1.62,2.32,2.16,4.21,3.87
06/08/2023 03:43 a. m.,Ordeño,06:59,18.62,1,,,,,0,,0.90,1.02,1.44,1.50,0,0,0,0,4.85,4.76,5.03,5.12,VMS 1,,Tanque,,1.50,1.38,1.92,1.92,3.50,2.90,6.03,6.19
06/08/2023 07:17 p. m.,Ordeño,08:58,22.19,2,,,,,0,,0.84,0.84,1.56,1.14,0,0,0,0,5.08,4.95,5.22,5.12,VMS 1,,Tanque,,1.38,1.20,1.92,1.68,4.03,3.50,7.17,7.49
07/08/2023 08:52 a. m.,Ordeño,09:29,13.86,1,,TI,TD,TD,0,,0.90,1.02,1.56,0.00,0,0,0,0,4.68,4.63,4.49,0.00,VMS 1,,Tanque,,1.44,1.44,2.52,0.00,3.94,3.32,6.60,0.00
07/08/2023 08:17 p. m.,Ordeño,07:41,18.58,2,,"DI,TD",,,0,,0.72,0.84,1.38,2.40,0,0,0,0,4.61,4.74,5.02,2.75,VMS 1,,Tanque,,1.32,1.20,1.92,4.62,1.17,2.74,5.98,8.69
08/08/2023 06:37 p. m.,Ordeño,07:29,15.63,2,,TD,,,0,,1.02,0.84,1.50,1.26,0,0,0,0,5.46,4.68,4.98,5.51,VMS 1,,Tanque,,1.56,1.56,2.04,1.86,3.22,1.45,4.06,6.90
09/08/2023 07:57 a. m.,Ordeño,08:27,18.57,1,,TI,,,0,,0.90,0.90,1.56,1.02,0,0,0,0,4.74,4.88,5.17,4.97,VMS 1,,Tanque,,1.32,1.32,2.04,1.62,3.21,3.60,6.43,5.33
09/08/2023 08:52 p. m.,Ordeño,08:08,19.00,2,,TD,,,0,TD,0.84,1.86,1.50,1.26,0,0,0,0,4.94,4.02,5.05,5.15,VMS 1,,Tanque,,1.38,0.04,2.34,1.86,3.37,4.22,6.38,5.03
10/08/2023 07:02 a. m.,Ordeño,08:05,16.38,1,,TI,,,0,,0.96,0.96,1.62,1.08,0,0,0,0,5.09,5.03,5.30,5.35,VMS 1,,Tanque,,1.44,1.38,2.16,1.44,3.16,2.93,5.37,4.92
10/08/2023 05:20 p. m.,Ordeño,07:46,14.94,2,,TD,,,0,,0.84,0.96,1.38,1.08,0,0,0,0,5.46,5.35,5.53,5.35,VMS 1,,Tanque,,1.38,1.26,2.22,1.80,2.87,2.46,4.94,4.67
11/08/2023 12:05 a. m.,Ordeño,06:20,11.16,1,,TI,,,0,,0.78,0.90,1.38,0.96,0,0,0,0,4.85,4.76,5.03,4.85,VMS 1,,Tanque,,1.26,1.32,2.04,1.62,2.18,2.06,3.40,3.52
11/08/2023 07:08 a. m.,Ordeño,06:00,9.75,2,,"DD,TI,TD",,,0,,0.90,0.90,1.56,1.14,0,0,0,0,5.06,5.00,5.27,5.18,VMS 1,,Tanque,,1.26,1.26,2.34,1.68,2.22,1.81,3.01,2.71
11/08/2023 04:53 p. m.,Ordeño,06:57,16.20,3,,"DD,TD",,,0,,0.90,1.02,1.56,1.08,0,0,0,0,5.24,5.13,5.46,5.40,VMS 1,,Tanque,,1.44,1.56,2.22,1.80,3.24,2.59,6.26,4.11
12/08/2023 03:12 a. m.,Ordeño,06:31,14.65,1,,"TI,TD",,,0,,0.90,0.90,1.62,1.26,0,0,0,0,5.00,4.94,5.21,5.23,VMS 1,,Tanque,,1.38,1.44,2.58,2.04,3.22,2.69,4.80,3.94
12/08/2023 11:00 a. m.,Ordeño,10:21,13.67,2,,,,,0,,0.96,0.72,1.80,1.20,0,0,0,0,4.77,4.45,4.87,4.87,VMS 1,,Tanque,,1.44,1.26,2.34,2.16,2.12,1.92,3.88,5.75
13/08/2023 12:41 a. m.,Ordeño,10:20,18.54,1,,,,,0,,0.96,0.72,1.50,1.14,0,0,0,0,4.78,4.59,4.87,4.73,VMS 1,,Tanque,,1.38,1.38,1.98,1.86,3.66,3.08,6.01,5.79
13/08/2023 12:01 p. m.,Ordeño,07:25,15.94,2,,,,,0,,0.78,0.78,1.50,1.08,0,0,0,0,4.74,4.75,4.87,4.80,VMS 1,,Tanque,,1.26,1.20,2.28,1.56,3.21,2.45,5.31,4.97
13/08/2023 08:01 p. m.,Ordeño,07:00,13.43,3,,,,,0,,0.84,0.84,1.44,1.08,0,0,0,0,4.89,4.94,4.94,4.93,VMS 1,,Tanque,,1.20,1.14,2.04,1.62,2.67,2.05,4.45,4.26
14/08/2023 08:17 a. m.,Ordeño,09:25,19.38,1,,,,,0,,0.96,0.96,1.68,1.20,0,0,0,0,5.00,4.99,5.10,5.01,VMS 1,,Tanque,,1.44,1.44,2.34,1.74,3.89,3.31,6.17,6.01
14/08/2023 05:24 p. m.,Ordeño,06:11,12.78,2,,,,,0,,0.84,0.84,1.44,1.08,0,0,0,0,4.62,4.57,4.85,4.72,VMS 1,,Tanque,,1.38,1.32,2.16,1.50,2.50,2.01,4.26,4.01
15/08/2023 04:02 a. m.,Ordeño,06:50,16.09,1,,"DI,TD",,,0,,0.84,0.96,1.56,1.14,0,0,0,0,4.87,4.85,5.11,4.86,VMS 1,,Tanque,,1.32,1.32,1.98,1.68,2.95,2.62,5.19,5.33
15/08/2023 12:13 p. m.,Ordeño,06:36,11.70,2,,"DI,TI,TD",,,0,,0.72,0.84,1.50,1.02,0,0,0,0,4.66,4.67,4.81,4.83,VMS 1,,Tanque,,1.20,1.26,2.04,1.56,2.17,1.80,3.67,4.06
16/08/2023 02:20 a. m.,Ordeño,07:25,14.01,1,,,,,0,,0.84,0.78,1.62,0.96,0,0,0,0,4.77,4.72,5.08,4.73,VMS 1,,Tanque,,1.20,1.32,1.98,1.50,2.63,2.30,4.59,4.49
16/08/2023 12:00 p. m.,Ordeño,09:33,10.00,2,,,,,0,,0.66,0.60,1.14,0.78,0,0,0,0,4.25,4.20,4.45,4.30,VMS 1,,Tanque,,1.14,1.38,1.62,1.50,1.87,1.68,2.98,3.47
17/08/2023 12:36 a. m.,Ordeño,08:19,18.19,1,,TD,,,0,,0.84,0.72,1.38,1.02,0,0,0,0,4.83,4.72,5.06,4.95,VMS 1,,Tanque,,1.26,1.08,1.80,1.62,3.62,2.96,6.09,5.52
17/08/2023 08:45 a. m.,Ordeño,07:08,11.07,2,,,,DI,0,,0.00,0.84,1.32,1.02,0,0,0,0,0.00,4.77,5.00,4.99,VMS 1,,Tanque,,0.00,1.26,1.68,1.32,0.00,2.06,4.13,4.88
17/08/2023 05:13 p. m.,Ordeño,09:29,14.98,3,,TD,,,0,,0.84,0.84,1.32,0.84,0,0,0,0,4.94,4.84,5.00,4.92,VMS 1,,Tanque,,1.26,1.32,1.86,1.44,4.79,2.13,4.24,3.82
18/08/2023 03:23 a. m.,Ordeño,08:25,16.09,1,,"DI,DD",,,0,,0.78,0.66,1.44,0.96,0,0,0,0,4.82,4.90,5.29,5.09,VMS 1,,Tanque,,1.50,1.20,1.86,1.44,2.59,2.26,5.48,5.76
18/08/2023 11:09 a. m.,Ordeño,05:58,11.93,2,,,,,0,,0.84,0.84,1.44,1.14,0,0,0,0,4.49,4.57,4.67,4.63,VMS 1,,Tanque,,1.20,1.26,1.98,1.62,2.39,2.22,3.71,3.61
18/08/2023 07:59 p. m.,Ordeño,06:52,12.52,3,,,,,0,,0.78,0.66,1.44,0.96,0,0,0,0,4.50,4.46,4.88,4.58,VMS 1,,Tanque,,1.20,0.96,1.98,1.32,2.18,1.99,4.15,4.20
19/08/2023 08:13 a. m.,Ordeño,09:12,18.52,1,,,,,0,,1.08,0.78,1.68,1.08,0,0,0,0,4.90,4.76,5.01,4.82,VMS 1,,Tanque,,1.56,1.14,2.04,1.56,3.60,3.16,5.50,6.26
19/08/2023 06:21 p. m.,Ordeño,07:33,15.66,2,,,,,0,,0.90,0.78,1.44,1.02,0,0,0,0,4.91,4.69,5.14,4.89,VMS 1,,Tanque,,1.38,1.32,1.86,1.38,2.85,2.49,4.95,5.37
20/08/2023 03:29 a. m.,Ordeño,07:42,16.09,1,,,,,0,,0.84,0.90,1.44,1.02,0,0,0,0,5.05,5.05,5.26,5.01,VMS 1,,Tanque,,1.26,1.26,1.80,1.50,3.19,2.45,5.22,5.23
20/08/2023 03:27 p. m.,Ordeño,08:41,17.81,2,,,,,0,,0.78,0.78,1.26,0.96,0,0,0,0,4.84,4.72,4.96,4.84,VMS 1,,Tanque,,1.38,1.26,1.74,1.32,3.41,3.06,5.74,5.60
21/08/2023 01:40 a. m.,Ordeño,06:59,12.49,1,,,,,0,,0.78,0.72,1.26,0.96,0,0,0,0,4.49,4.45,4.73,4.49,VMS 1,,Tanque,,1.26,1.14,1.68,1.62,2.29,2.04,3.96,4.20
21/08/2023 10:47 a. m.,Ordeño,06:22,14.55,2,,TD,,,0,,0.84,0.84,1.50,1.08,0,0,0,0,4.96,5.09,5.31,5.08,VMS 1,,Tanque,,1.26,1.32,1.92,1.62,2.87,2.21,4.90,4.57
21/08/2023 07:04 p. m.,Ordeño,09:07,9.84,3,,"DI,TD",TD,,0,,0.78,0.78,1.32,0.72,0,0,0,0,5.02,4.97,5.25,4.76,VMS 1,,Tanque,,1.32,1.20,2.10,1.08,2.38,2.31,4.84,0.31
22/08/2023 01:04 a. m.,Ordeño,09:01,13.91,1,,"DI,TD",,,0,,0.78,0.78,1.26,1.20,0,0,0,0,4.87,4.76,5.12,5.01,VMS 1,,Tanque,,1.20,1.14,1.74,1.74,2.27,1.64,3.11,6.89
22/08/2023 09:08 a. m.,Ordeño,06:56,10.25,2,,"DI,TD",TD,,0,,0.72,0.84,1.44,0.60,0,0,0,0,4.99,4.96,5.09,4.36,VMS 1,,Tanque,,1.20,1.26,1.80,1.38,2.79,2.46,4.76,0.24
22/08/2023 04:40 p. m.,Ordeño,09:31,16.18,3,,DI,,,0,,0.78,0.84,1.44,1.20,0,0,0,0,4.91,4.92,5.19,5.21,VMS 1,,Tanque,,1.44,1.32,1.92,1.56,2.15,1.98,4.33,7.72
23/08/2023 04:21 a. m.,Ordeño,07:27,17.92,1,,DI,,,0,,0.84,1.08,1.68,1.32,0,0,0,0,4.96,5.05,5.26,5.09,VMS 1,,Tanque,,1.26,1.56,2.10,1.74,3.02,3.18,6.18,5.54
23/08/2023 12:24 p. m.,Ordeño,07:50,12.42,2,,"DI,TD",,,0,,1.02,0.84,1.50,1.14,0,0,0,0,4.91,4.66,4.86,4.67,VMS 1,,Tanque,,1.62,1.26,2.16,1.98,2.57,2.31,4.46,3.08
24/08/2023 12:03 a. m.,Ordeño,08:29,18.77,1,,,,,0,,0.90,0.90,1.44,1.14,0,0,0,0,4.83,4.72,4.86,4.89,VMS 1,,Tanque,,1.32,1.32,1.86,1.56,3.97,2.90,5.74,6.16
24/08/2023 12:30 p. m.,Ordeño,09:44,18.75,2,,,,,0,,0.84,0.90,1.62,1.14,0,0,0,0,4.69,4.81,4.84,5.03,VMS 1,,Tanque,,1.32,1.44,2.16,1.62,3.48,3.16,6.07,6.04
24/08/2023 08:42 p. m.,Ordeño,06:30,9.47,3,,,,,0,,0.66,0.78,1.32,0.96,0,0,0,0,4.33,4.46,4.58,4.59,VMS 1,,Tanque,,0.96,1.26,1.74,1.44,1.63,1.59,3.12,3.13
25/08/2023 05:06 a. m.,Ordeño,05:43,11.77,1,,,,,0,,0.96,0.84,1.56,1.26,0,0,0,0,4.69,4.68,4.77,4.89,VMS 1,,Tanque,,1.44,1.20,1.98,1.86,2.23,1.75,3.79,4.00
25/08/2023 03:35 p. m.,Ordeño,08:14,15.53,2,,"TI,TD",,,0,,0.72,0.96,1.44,1.08,0,0,0,0,4.86,4.95,5.02,4.94,VMS 1,,Tanque,,1.26,1.38,1.92,1.50,3.03,2.38,5.02,5.10
26/08/2023 02:47 a. m.,Ordeño,08:07,18.64,1,,TD,,,0,,0.84,0.96,1.50,1.08,0,0,0,0,4.84,4.94,5.04,5.08,VMS 1,,Tanque,,1.26,1.26,2.22,1.86,3.66,3.20,6.40,5.38
26/08/2023 05:14 p. m.,Ordeño,08:51,23.01,2,,"DI,TD",,,0,,0.90,0.90,1.62,1.14,0,0,0,0,4.88,4.74,4.96,4.93,VMS 1,,Tanque,,1.80,1.38,2.10,1.86,4.36,3.71,7.43,7.51
27/08/2023 08:51 a. m.,Ordeño,09:56,22.78,1,,TD,,,0,,0.96,0.84,1.56,1.14,0,0,0,0,4.79,4.75,4.89,4.87,VMS 1,,Tanque,,1.50,1.50,1.92,1.62,4.46,3.74,7.15,7.43
27/08/2023 07:29 p. m.,Ordeño,07:04,14.11,2,,"TI,TD",,,0,,0.78,0.72,1.44,1.08,0,0,0,0,4.53,4.59,4.61,4.51,VMS 1,,Tanque,,1.32,1.38,1.98,1.62,2.72,2.10,4.75,4.54
28/08/2023 08:06 a. m.,Ordeño,07:49,17.24,1,,"TI,TD",,,0,,0.90,0.90,1.62,1.26,0,0,0,0,4.93,4.91,5.10,5.09,VMS 1,,Tanque,,1.44,1.26,2.40,1.80,3.99,3.07,5.87,4.31
28/08/2023 07:39 p. m.,Ordeño,10:45,19.72,2,,TI,,,0,,0.84,0.90,1.62,1.14,0,0,0,0,4.81,4.72,4.95,5.02,VMS 1,,Tanque,,1.32,1.38,2.28,1.98,3.32,2.72,6.05,7.63
29/08/2023 08:24 a. m.,Ordeño,07:12,13.58,1,,TD,TD,,0,,1.02,0.96,1.62,0.72,0,0,0,0,4.79,4.58,4.81,4.22,VMS 1,,Tanque,,1.50,1.38,2.34,1.08,3.84,3.12,6.37,0.25
29/08/2023 01:33 p. m.,Ordeño,07:46,11.54,2,,TI,,,0,,0.72,0.66,1.14,1.32,0,0,0,0,4.52,4.52,4.60,4.94,VMS 1,,Tanque,,1.62,1.08,1.62,1.98,1.47,1.22,2.26,6.59
30/08/2023 12:33 a. m.,Ordeño,07:01,17.31,1,,TD,,,0,,0.84,0.90,1.56,1.14,0,0,0,0,4.74,4.73,4.87,4.62,VMS 1,,Tanque,,1.26,1.26,2.10,1.62,3.37,2.98,6.00,4.96
30/08/2023 03:24 p. m.,Ordeño,08:32,18.70,2,,TI,,,0,,0.90,1.02,1.50,1.20,0,0,0,0,4.97,5.05,5.09,5.12,VMS 1,,Tanque,,1.50,1.38,2.58,1.68,4.49,3.32,4.34,6.55
30/08/2023 05:21 p. m.,Ordeño,06:34,3.68,3,,"DD,TD",,DI,0,TD,0.24,0.36,1.08,1.20,0,0,0,0,3.82,4.02,4.48,5.25,VMS 1,,Tanque,,0.60,0.60,1.92,1.68,0.13,0.26,1.91,1.38
31/08/2023 02:36 a. m.,Ordeño,08:28,16.01,1,,TD,,,0,,0.90,0.90,1.50,1.14,0,0,0,0,4.64,4.71,4.73,4.95,VMS 1,,Tanque,,2.94,1.32,1.98,1.50,3.44,2.69,5.19,4.69
31/08/2023 11:01 a. m.,Ordeño,06:11,13.55,2,,TD,,,0,,0.78,0.72,1.44,1.20,0,0,0,0,4.74,4.57,4.86,5.00,VMS 1,,Tanque,,1.32,1.02,1.92,1.92,2.51,2.09,4.29,4.66
31/08/2023 07:29 p. m.,Ordeño,05:54,12.39,3,,"DI,TD",,,0,,0.78,0.78,1.32,1.08,0,0,0,0,4.78,4.78,4.80,5.00,VMS 1,,Tanque,,1.32,1.20,1.80,1.92,2.09,1.96,4.47,3.87
01/09/2023 05:33 a. m.,Ordeño,07:50,10.78,1,,"DI,DD",TD,TD,0,,1.02,0.84,1.74,0.00,0,0,0,0,5.06,5.07,5.09,0.00,VMS 1,,Tanque,,1.44,1.20,2.16,0.00,3.09,2.62,5.07,0.00
01/09/2023 09:34 a. m.,Ordeño,07:54,11.12,2,,,,,0,,0.72,0.66,0.96,1.26,0,0,0,0,4.66,4.73,4.77,5.27,VMS 1,,Tanque,,1.08,1.20,1.62,1.74,1.65,0.90,2.17,6.40
01/09/2023 06:51 p. m.,Ordeño,06:41,13.88,3,,"TI,TD",,,0,,0.78,0.90,1.32,1.08,0,0,0,0,4.66,4.74,4.85,4.84,VMS 1,,Tanque,,1.26,1.44,1.98,1.56,2.70,2.47,4.53,4.18
02/09/2023 02:15 a. m.,Ordeño,06:00,10.17,1,,,,,0,,0.66,0.90,1.44,1.14,0,0,0,0,4.54,4.67,4.64,4.70,VMS 1,,Tanque,,1.08,1.26,1.86,1.44,1.81,1.51,3.44,3.41
02/09/2023 09:36 a. m.,Ordeño,06:14,11.12,2,,TD,,,0,,0.78,0.78,1.38,1.14,0,0,0,0,4.63,4.56,4.61,4.75,VMS 1,,Tanque,,1.20,1.26,2.10,1.44,2.09,1.84,3.68,3.51
02/09/2023 05:59 p. m.,Ordeño,07:50,13.56,3,,,,,0,,0.78,0.96,1.44,1.14,0,0,0,0,4.87,4.87,4.95,5.01,VMS 1,,Tanque,,1.32,1.38,1.98,2.04,2.56,2.12,4.37,4.51
03/09/2023 10:28 a. m.,Ordeño,07:24,21.71,1,,,,,0,,0.96,1.02,1.80,1.32,0,0,0,0,5.48,5.42,5.50,5.50,VMS 1,,Tanque,,1.38,1.44,2.22,1.68,4.36,3.70,6.73,6.92
03/09/2023 06:56 p. m.,Ordeño,10:20,9.58,2,,TD,TI,TI,0,,0.60,0.78,0.00,1.26,0,375,0,0,4.27,4.43,0.00,4.58,VMS 1,,Tanque,,1.14,1.26,0.00,1.92,1.78,1.73,0.00,6.07
04/09/2023 05:27 a. m.,Ordeño,06:50,9.66,1,,,TI,TI,0,,0.78,0.84,0.00,1.26,0,0,0,0,4.79,4.74,0.00,5.03,VMS 1,,Tanque,,1.26,1.14,0.00,1.62,2.63,2.12,0.00,4.91
04/09/2023 10:27 a. m.,Ordeño,05:25,9.77,2,,"TI,TD",,,0,,0.60,0.60,1.68,1.02,0,0,0,0,4.33,4.36,4.92,4.35,VMS 1,,Tanque,,0.96,1.08,2.16,1.50,1.10,1.04,5.62,2.01
04/09/2023 06:16 p. m.,Ordeño,05:58,10.56,3,,,,,0,,0.66,0.72,1.32,1.08,0,0,0,0,4.66,4.69,4.73,4.88,VMS 1,,Tanque,,1.14,1.14,1.98,1.68,1.96,1.50,3.28,3.82
05/09/2023 04:53 p. m.,Ordeño,10:56,22.39,1,,"DI,DD",DD,,0,,0.78,0.96,1.62,1.14,0,0,0,0,5.53,5.21,5.28,5.02,VMS 1,,Tanque,,1.44,1.56,2.10,1.98,5.11,2.09,7.64,7.55
06/09/2023 12:23 a. m.,Ordeño,07:10,9.93,1,,TD,,,0,,0.72,0.90,1.26,0.96,0,0,0,0,4.37,4.90,4.52,4.52,VMS 1,,Tanque,,1.20,1.32,1.74,1.32,1.67,2.68,2.65,2.93
06/09/2023 10:58 a. m.,Ordeño,06:25,14.37,2,,TD,,,0,,0.78,0.90,1.62,1.14,0,0,0,0,4.92,4.79,4.95,4.97,VMS 1,,Tanque,,1.20,1.32,2.10,1.44,2.77,2.02,4.73,4.85
07/09/2023 01:14 a. m.,Ordeño,07:33,13.25,1,,TD,,,0,,0.78,0.90,1.62,1.08,0,0,0,0,5.02,4.94,5.05,4.62,VMS 1,,Tanque,,1.14,1.20,2.10,1.50,1.99,1.54,6.24,3.48
07/09/2023 02:48 p. m.,Ordeño,08:28,19.99,2,,,,,0,,0.84,0.84,1.62,1.20,0,0,0,0,5.25,5.11,5.25,5.44,VMS 1,,Tanque,,1.26,1.26,2.34,1.68,3.77,3.41,6.07,6.74
08/09/2023 03:30 a. m.,Ordeño,06:36,15.11,1,,TD,,,0,,0.84,1.08,1.62,1.26,0,0,0,0,4.83,4.99,4.97,4.78,VMS 1,,Tanque,,1.32,1.50,2.10,1.80,2.94,2.19,4.85,5.13
08/09/2023 11:07 a. m.,Ordeño,05:18,9.07,2,,"DD,TD",,,0,,0.78,0.78,1.44,1.02,0,0,0,0,4.78,4.72,4.90,4.83,VMS 1,,Tanque,,1.14,1.20,1.80,1.50,1.62,1.40,2.94,3.11
27/10/2023 03:06 p. m.,Ordeño,05:59,11.88,1,,,,,0,Todos,1.20,1.20,1.74,1.14,7388,1830,1283,1269,4.12,4.70,4.66,4.07,VMS 3,,Divert 3,,1.68,1.80,2.16,1.62,2.92,2.36,2.62,3.98
27/10/2023 11:36 p. m.,Ordeño,04:56,6.06,2,,,,,0,Todos,0.90,0.84,1.20,0.84,7896,1949,1288,1471,4.84,4.80,5.00,4.45,VMS 3,,Divert 3,,1.56,1.32,1.92,1.38,1.23,1.31,1.90,1.62
29/10/2023 12:57 a. m.,Ordeño,04:31,6.08,1,,,,,0,Todos,0.96,1.02,1.50,1.08,7863,3236,990,1071,5.06,5.13,5.03,5.21,VMS 3,,Divert 3,,1.38,1.50,2.16,1.50,1.26,1.47,1.40,1.95
29/10/2023 09:13 a. m.,Ordeño,04:18,5.93,2,,,,,0,Todos,0.96,0.90,1.26,0.96,7877,1647,793,982,5.34,5.12,5.43,4.95,VMS 3,,Divert 3,,1.44,1.26,2.16,1.62,1.28,1.26,1.45,1.94
29/10/2023 05:44 p. m.,Ordeño,05:31,8.15,3,,,,,0,Todos,1.02,1.02,1.56,0.96,7848,1237,784,866,5.54,5.40,5.55,5.49,VMS 3,,Divert 3,,1.68,1.44,2.28,2.04,1.76,1.69,2.35,2.35
30/10/2023 01:23 a. m.,Ordeño,04:37,7.17,1,,,,,0,"DI,DD,TD",0.90,0.96,1.44,1.14,4851,1019,581,773,5.04,5.27,5.43,5.09,VMS 3,,Divert 3,,1.50,1.44,2.28,1.74,1.63,1.63,1.81,2.10
30/10/2023 11:34 a. m.,Ordeño,04:35,10.12,2,,,,,0,"DI,DD",1.14,1.14,1.62,1.26,4771,929,581,576,5.52,5.38,5.63,5.58,VMS 3,,Divert 3,,1.56,1.56,2.22,1.80,2.16,2.25,2.76,2.95
30/10/2023 06:44 p. m.,Ordeño,04:21,7.22,3,,TD,,,0,"DI,DD",0.90,0.96,1.44,1.02,5046,940,575,573,5.34,5.25,5.49,5.15,VMS 3,,Divert 3,,1.38,1.32,2.40,1.50,1.49,1.56,1.83,2.34
31/10/2023 02:52 a. m.,Ordeño,07:05,6.00,1,,DI,TI,TI,0,"DI,DD",0.90,1.08,0.00,1.08,5539,736,0,572,4.83,4.94,0.00,4.92,VMS 3,,Divert 3,,1.50,1.74,0.00,1.74,1.88,1.87,0.00,2.25
31/10/2023 05:50 p. m.,Ordeño,06:36,10.10,3,,TD,,,0,DI,1.02,0.90,1.44,1.02,918,420,0,0,5.36,5.19,5.34,5.09,VMS 3,,Divert 3,,1.44,1.32,1.86,1.44,2.17,2.19,2.52,3.22
01/11/2023 02:16 a. m.,Ordeño,05:24,10.24,1,,TD,,,0,DI,0.84,0.90,1.44,1.02,909,421,0,0,5.08,5.10,5.22,5.10,VMS 3,,Divert 3,,1.44,1.26,2.04,1.44,2.09,2.13,3.10,2.92
01/11/2023 10:43 a. m.,Ordeño,05:13,9.87,2,,,,,0,DI,0.84,0.96,1.44,1.02,1797,426,0,0,5.04,4.97,5.12,5.11,VMS 3,,Divert 3,,1.38,1.38,1.98,1.50,2.09,2.21,2.58,2.99
01/11/2023 06:45 p. m.,Ordeño,05:31,10.37,3,,TD,,,0,DI,0.84,0.84,1.50,1.02,1396,414,0,0,5.07,4.92,5.05,4.91,VMS 3,,Divert 3,,1.20,1.38,1.98,1.44,2.05,2.29,2.92,3.11
02/11/2023 02:40 a. m.,Ordeño,06:12,10.12,1,,,,,0,DI,0.84,0.84,1.44,0.90,698,0,0,0,4.81,4.93,5.02,4.81,VMS 3,,Divert 3,,1.26,1.20,1.92,1.38,2.05,2.17,2.75,3.15
02/11/2023 02:20 p. m.,Ordeño,07:42,16.37,2,,,,,0,DI,0.78,1.02,1.68,1.08,1980,314,0,0,5.10,5.22,5.21,5.04,VMS 3,,Divert 3,,1.20,1.44,2.28,1.68,3.44,3.55,4.50,4.88
02/11/2023 10:32 p. m.,Ordeño,06:06,10.78,3,,TD,,,0,,0.78,0.90,1.44,0.96,560,300,0,0,4.92,4.93,4.96,4.76,VMS 3,,Divert 3,,1.44,1.38,1.92,1.50,2.08,2.34,3.11,3.25
03/11/2023 08:40 a. m.,Ordeño,06:57,14.74,1,,,,,0,DI,0.84,1.02,1.44,0.96,1041,0,0,0,5.07,5.04,5.18,5.15,VMS 3,,Divert 3,,1.20,1.44,1.92,1.38,3.05,3.08,4.34,4.27
03/11/2023 05:18 p. m.,Ordeño,06:52,12.49,2,,TD,,,0,,0.78,0.90,1.32,0.84,421,0,0,0,4.94,4.88,5.02,5.12,VMS 3,,Divert 3,,1.32,1.32,1.86,1.38,2.51,2.64,3.55,3.79
04/11/2023 03:43 a. m.,Ordeño,10:28,11.39,1,,,TI,TI,0,,0.66,0.72,0.00,0.96,406,0,0,0,4.84,4.89,0.00,4.96,VMS 3,,Divert 3,,1.02,1.14,0.00,1.44,3.37,3.41,0.00,4.61
04/11/2023 08:08 a. m.,Ordeño,10:35,11.15,2,,"TI,TD",,,0,DI,0.54,0.84,1.20,0.66,707,0,0,0,4.76,4.84,5.20,4.63,VMS 3,,Divert 3,,1.08,1.20,1.62,1.14,1.38,1.32,6.42,2.03
04/11/2023 04:51 p. m.,Ordeño,09:51,10.02,3,,TD,TI,TI,0,,0.60,0.84,0.00,1.02,0,0,0,0,5.04,4.96,0.00,4.81,VMS 3,,Divert 3,,1.02,1.26,0.00,1.62,2.84,2.95,0.00,4.23
04/11/2023 08:20 p. m.,Ordeño,07:37,8.66,4,,"TI,TD",,,0,,0.54,0.66,1.14,0.78,595,0,0,0,4.64,4.70,5.28,4.54,VMS 3,,Divert 3,Sangre por pezón por encima del umbral,1.02,0.96,1.68,1.26,0.98,0.92,5.33,1.43
05/11/2023 07:50 a. m.,Ordeño,09:28,17.47,1,,TD,,,0,DI,0.66,0.78,1.26,0.78,1279,470,0,0,5.00,4.96,5.14,5.13,VMS 3,,Divert 3,Sangre por pezón por encima del umbral,1.08,1.20,1.62,1.26,3.56,3.75,4.80,5.36
05/11/2023 06:11 p. m.,Ordeño,12:19,10.28,2,,"DD,TD",TI,,0,DI,0.66,0.84,0.96,0.90,866,0,0,0,5.14,5.05,4.93,5.19,VMS 3,,Divert 3,Sangre por pezón por encima del umbral,1.20,1.62,1.32,1.74,3.18,2.24,1.59,3.27
05/11/2023 10:51 p. m.,Ordeño,06:40,9.83,3,,"TI,TD",,,0,,0.60,0.78,1.26,0.90,359,0,0,0,4.87,4.99,5.47,4.89,VMS 3,,Tanque,,0.96,1.20,1.68,1.50,1.59,2.90,3.10,2.24
06/11/2023 10:43 a. m.,Ordeño,11:30,20.22,1,,TD,,,0,DI,0.54,0.66,1.32,0.96,1351,0,0,0,5.08,5.11,5.28,5.36,VMS 3,,Divert 3,Sangre por pezón por encima del umbral,0.96,1.02,1.68,1.62,4.12,4.10,6.12,5.88
06/11/2023 08:17 p. m.,Ordeño,10:16,14.00,2,,"DI,TD",,,0,,0.60,0.78,1.14,0.78,0,0,0,0,4.96,5.03,5.13,5.24,VMS 3,,Tanque,,1.50,1.08,1.62,1.14,2.42,3.46,4.71,3.41
07/11/2023 04:12 a. m.,Ordeño,08:37,16.34,1,,,,,0,DI,0.78,0.78,1.32,0.96,1436,0,0,0,5.17,5.07,5.38,5.08,VMS 3,,Divert 3,Sangre por pezón por encima del umbral,1.20,1.20,1.74,1.44,3.84,2.95,4.06,5.49
07/11/2023 02:04 p. m.,Ordeño,09:46,16.32,2,,"TI,TD",,,0,DI,0.66,0.96,1.38,0.90,629,0,0,0,5.11,5.17,5.40,5.35,VMS 3,,Divert 3,Sangre por pezón por encima del umbral,1.20,1.38,1.92,1.50,3.69,3.65,5.24,3.74
07/11/2023 10:41 p. m.,Ordeño,09:31,17.73,3,,"TI,TD",,,0,DI,0.66,0.84,1.26,0.90,1446,0,0,0,5.09,5.03,5.11,5.19,VMS 3,,Divert 3,Sangre por pezón por encima del umbral,1.08,1.20,1.92,1.38,3.25,3.36,4.72,6.40
08/11/2023 11:04 a. m.,Ordeño,09:30,22.02,1,,"TI,TD",,,0,DI,0.90,0.84,1.44,1.02,828,0,0,0,5.37,5.27,5.47,5.40,VMS 3,,Divert 3,Sangre por pezón por encima del umbral,1.56,1.32,2.28,1.80,4.56,5.10,6.39,5.97
08/11/2023 08:06 p. m.,Ordeño,07:11,12.33,2,,"DI,TD",TD,,0,,0.66,0.78,1.20,0.72,0,0,0,0,5.19,5.23,5.36,5.34,VMS 1,,Tanque,,1.26,1.14,1.50,1.56,2.45,3.00,5.18,1.70
09/11/2023 12:06 a. m.,Ordeño,09:26,11.55,1,,"DI,TI,TD",,,0,,0.66,0.60,0.96,1.02,0,0,0,0,4.93,4.89,4.96,4.54,VMS 1,,Tanque,,1.20,1.02,1.62,1.74,2.24,1.33,1.75,6.23
09/11/2023 09:38 a. m.,Ordeño,08:22,12.28,2,,DD,TD,TD,0,,0.72,0.78,1.26,0.00,0,0,0,0,5.22,5.20,5.43,0.00,VMS 1,,Tanque,,1.14,1.26,1.62,0.00,3.40,3.37,5.51,0.00
09/11/2023 12:59 p. m.,Ordeño,10:09,11.23,3,,,,,0,,0.54,0.66,1.20,1.02,0,0,0,0,5.07,5.18,5.29,5.44,VMS 1,,Tanque,,0.90,1.08,3.42,1.44,1.35,1.24,2.26,6.38
09/11/2023 10:28 p. m.,Ordeño,08:47,17.41,4,,"DD,TD",,,0,,0.78,0.78,1.20,0.96,0,0,0,0,5.21,5.20,5.29,5.11,VMS 1,,Tanque,,1.26,1.44,1.80,1.56,3.55,2.95,5.29,5.62
10/11/2023 07:08 a. m.,Ordeño,07:23,11.87,1,,TD,TD,,0,,0.90,0.78,1.32,0.90,0,0,0,0,5.26,5.17,5.29,5.05,VMS 1,,Tanque,,1.32,1.14,1.74,1.44,2.87,3.47,4.24,1.29
10/11/2023 10:22 a. m.,Ordeño,06:25,9.23,2,,TD,,,0,,0.72,0.60,1.08,1.08,0,0,0,0,5.00,4.97,5.16,5.06,VMS 1,,Tanque,,1.32,0.90,1.56,1.50,1.37,1.26,1.95,4.65
10/11/2023 06:42 p. m.,Ordeño,07:25,12.03,3,,TD,TD,,0,,0.72,0.84,1.26,0.78,0,0,0,0,5.22,5.24,5.29,5.20,VMS 1,,Tanque,,1.20,1.20,1.86,1.50,3.25,3.02,4.95,0.81
10/11/2023 10:30 p. m.,Ordeño,07:53,7.35,4,,TD,,,0,,0.66,0.66,1.02,0.90,0,0,0,0,5.01,5.03,5.23,5.54,VMS 1,,Tanque,,1.02,1.08,1.62,1.56,1.54,1.44,2.25,2.12
11/11/2023 11:30 a. m.,Ordeño,08:34,22.01,1,,,,,0,,0.84,0.90,1.44,1.08,0,0,0,0,5.37,5.44,5.43,5.33,VMS 1,,Tanque,,1.26,1.38,1.86,1.56,4.71,4.49,6.09,6.72
11/11/2023 07:08 p. m.,Ordeño,07:15,13.87,2,,,,,0,,0.84,0.72,1.20,0.96,0,0,0,0,4.97,4.92,5.09,5.06,VMS 1,,Tanque,,1.26,1.08,1.56,1.50,2.83,2.70,4.47,3.87
12/11/2023 10:14 a. m.,Ordeño,10:40,22.75,1,,DI,,,0,,0.66,0.84,1.08,1.44,0,0,0,0,5.46,5.41,5.40,5.43,VMS 1,,Tanque,,1.44,1.20,1.50,1.98,4.91,4.91,6.63,6.30
12/11/2023 06:44 p. m.,Ordeño,07:35,15.45,2,,TD,,,0,,0.78,0.66,1.14,0.96,0,0,0,0,4.98,4.97,5.16,4.91,VMS 1,,Tanque,,1.50,1.44,1.62,1.50,3.34,2.86,4.55,4.70
13/11/2023 08:22 a. m.,Ordeño,10:38,23.35,1,,"DI,TD",,,0,,0.66,0.84,1.44,0.90,0,0,0,0,5.26,5.42,5.56,5.31,VMS 1,,Tanque,,1.08,1.26,1.98,1.62,4.82,4.47,7.11,6.95
13/11/2023 04:56 p. m.,Ordeño,06:55,13.84,2,,TI,,,0,,0.72,0.84,1.38,0.96,0,0,0,0,5.01,5.03,5.16,5.07,VMS 1,,Tanque,,1.20,1.32,1.74,1.32,2.85,2.48,4.25,4.26
14/11/2023 12:52 a. m.,Ordeño,08:33,16.31,1,,,,,0,,0.72,0.72,1.20,0.96,0,0,0,0,5.28,5.16,5.29,4.76,VMS 1,,Tanque,,1.38,1.26,1.98,1.50,3.02,3.01,4.81,5.47
14/11/2023 10:19 a. m.,Ordeño,08:49,14.65,2,,TD,TD,,0,,0.66,0.72,1.20,0.60,0,0,0,0,5.46,5.51,5.63,5.35,VMS 1,,Tanque,,1.08,1.08,1.62,1.32,3.97,3.50,6.19,0.99
14/11/2023 01:52 p. m.,Ordeño,07:14,8.35,3,,TD,,,0,TD,0.48,0.60,0.96,1.02,0,0,0,0,4.83,4.90,5.09,5.62,VMS 1,,Tanque,,0.96,1.08,1.50,1.74,1.45,1.31,2.37,3.22
15/11/2023 01:14 a. m.,Ordeño,09:55,20.99,1,,"DD,TD",,,0,,0.72,0.72,1.32,1.08,0,0,0,0,5.30,5.36,5.56,5.41,VMS 1,,Tanque,,1.50,1.20,1.68,1.80,4.31,3.53,6.91,6.24
15/11/2023 09:28 a. m.,Ordeño,08:52,18.12,2,,,,,0,,0.60,0.78,1.44,1.20,0,0,0,0,5.28,5.29,5.63,5.34,VMS 1,,Tanque,,1.14,1.32,2.04,1.74,3.23,3.71,5.31,5.87
16/11/2023 12:28 a. m.,Ordeño,11:21,25.69,1,,DI,,,0,,0.84,0.90,1.50,1.14,0,0,0,0,5.70,5.49,5.70,5.26,VMS 1,,Tanque,,1.32,1.32,1.92,1.62,5.40,5.69,7.07,7.53
16/11/2023 11:38 a. m.,Ordeño,09:26,19.54,2,,"TI,TD",,,0,,0.96,0.90,1.44,1.14,0,0,0,0,5.62,5.29,5.70,5.50,VMS 1,,Tanque,,1.56,1.32,1.80,1.74,4.97,4.14,4.60,5.83
16/11/2023 10:49 p. m.,Ordeño,09:27,19.38,3,,TD,,,0,,0.96,0.78,1.56,0.90,0,0,0,0,5.49,5.37,5.56,5.48,VMS 1,,Tanque,,1.44,1.14,1.98,1.50,4.74,4.41,6.70,3.53
17/11/2023 08:37 a. m.,Ordeño,06:46,17.82,1,,"TI,TD",,,0,,1.02,0.96,1.32,1.14,0,0,0,0,5.41,5.28,5.43,5.04,VMS 1,,Tanque,,1.44,1.38,1.74,1.62,3.79,3.36,5.51,5.16
17/11/2023 05:26 p. m.,Ordeño,08:04,18.39,2,,"DI,TD",,,0,,0.84,0.78,1.26,1.02,0,0,0,0,5.36,5.25,5.55,5.02,VMS 1,,Tanque,,1.44,1.44,1.62,1.62,3.27,3.49,5.70,5.93
18/11/2023 01:45 a. m.,Ordeño,08:52,17.94,1,,TD,,,0,,0.72,0.78,1.32,1.02,0,0,0,0,5.38,5.41,5.69,5.56,VMS 1,,Tanque,,1.08,1.20,1.74,1.50,4.16,3.14,5.60,5.04
18/11/2023 11:33 a. m.,Ordeño,08:22,19.53,2,,,,,0,,0.84,0.90,1.32,0.96,0,0,0,0,5.41,5.31,5.38,5.41,VMS 1,,Tanque,,1.26,1.32,1.74,1.50,4.47,4.23,5.20,5.63
18/11/2023 10:59 p. m.,Ordeño,09:39,22.15,3,,"TI,TD",,,0,,0.72,0.84,1.32,1.02,0,0,0,0,5.25,5.27,5.51,5.02,VMS 1,,Tanque,,1.14,1.20,1.80,1.62,4.79,4.41,5.50,7.45
19/11/2023 09:02 a. m.,Ordeño,08:40,21.05,1,,TI,,,0,,0.84,0.90,1.62,1.08,0,0,0,0,5.45,5.47,5.65,5.67,VMS 1,,Tanque,,1.38,1.38,2.10,1.74,4.48,4.04,6.00,6.53
19/11/2023 06:29 p. m.,Ordeño,10:30,14.46,2,,"DI,TD",TD,,0,,0.96,0.90,1.44,0.72,0,0,0,0,5.54,5.34,5.43,5.46,VMS 1,,Tanque,,1.50,1.38,2.34,1.50,3.62,3.87,6.18,0.79
19/11/2023 10:23 p. m.,Ordeño,05:06,8.54,3,,Todos,,,0,,0.84,0.60,1.08,1.02,0,0,0,0,5.27,5.00,5.16,5.61,VMS 1,,Tanque,,1.32,1.32,1.68,1.44,2.01,1.42,2.36,2.75
20/11/2023 07:15 a. m.,Ordeño,07:50,19.77,1,,,,,0,,0.90,1.02,1.56,1.08,0,0,0,0,5.28,5.21,5.34,5.07,VMS 1,,Tanque,,1.32,1.56,2.22,1.56,4.29,3.91,6.16,5.41
20/11/2023 09:11 p. m.,Ordeño,08:51,22.01,2,,TI,,,0,,0.96,0.90,1.50,1.14,0,0,0,0,5.53,5.17,5.56,5.19,VMS 1,,Tanque,,1.38,1.26,1.86,1.86,5.74,3.83,7.67,4.77
21/11/2023 08:19 a. m.,Ordeño,09:53,22.83,1,,,,,0,,0.84,0.90,1.44,1.02,0,0,0,0,5.34,5.29,5.37,5.31,VMS 1,,Tanque,,1.20,1.32,1.86,1.38,4.76,4.10,6.53,7.44
21/11/2023 04:57 p. m.,Ordeño,07:20,15.26,2,,"DI,TD",,,0,,0.72,0.84,1.32,0.90,0,0,0,0,4.85,5.01,5.09,4.95,VMS 1,,Tanque,,1.20,1.26,1.80,1.26,3.13,2.70,4.75,4.68
22/11/2023 03:11 a. m.,Ordeño,09:20,19.21,1,,TD,,,0,,0.78,0.78,1.44,1.02,0,0,0,0,5.22,5.06,5.31,5.04,VMS 1,,Tanque,,1.38,1.20,1.86,1.56,3.97,4.07,5.79,5.38
22/11/2023 04:07 p. m.,Ordeño,10:19,26.31,2,,"DI,TD",,,0,,0.84,0.84,1.56,1.02,0,0,0,0,5.08,5.05,5.26,4.91,VMS 1,,Tanque,,1.20,1.20,2.10,1.56,5.48,5.19,7.26,8.38
23/11/2023 06:52 a. m.,Ordeño,10:49,25.53,1,,,,,0,,0.78,1.02,1.62,1.14,0,0,0,0,5.17,5.04,5.34,5.09,VMS 1,,Tanque,,1.32,1.56,1.92,1.68,6.16,4.70,7.26,7.41
23/11/2023 05:15 p. m.,Ordeño,08:34,20.43,2,,TD,,,0,,0.78,0.90,1.50,0.96,0,0,0,0,5.01,5.14,5.30,5.25,VMS 1,,Tanque,,1.20,1.38,2.04,1.62,4.20,4.01,6.64,5.58
24/11/2023 01:18 a. m.,Ordeño,07:29,16.50,1,,TI,,,0,,0.84,0.96,1.44,1.02,0,0,0,0,5.17,5.20,5.44,5.29,VMS 1,,Tanque,,1.32,1.50,2.22,1.50,3.58,2.98,4.67,5.27
24/11/2023 09:28 a. m.,Ordeño,08:35,19.62,2,,,,,0,,0.90,0.84,1.56,1.02,0,0,0,0,5.39,5.33,5.57,5.35,VMS 1,,Tanque,,1.32,1.32,1.98,1.50,3.41,3.85,6.19,6.17
24/11/2023 05:12 p. m.,Ordeño,08:41,16.08,3,,"DI,TI,TD",,,0,,0.84,0.72,1.26,0.96,0,0,0,0,5.24,5.07,5.30,4.90,VMS 1,,Tanque,,1.20,1.20,2.16,1.44,2.55,3.19,4.61,5.73
25/11/2023 01:27 a. m.,Ordeño,08:12,20.11,1,,,,,0,,0.84,0.84,1.38,1.02,0,0,0,0,5.25,5.20,5.35,5.36,VMS 1,,Tanque,,1.26,1.20,1.92,1.50,4.22,3.40,6.52,5.97
25/11/2023 06:07 p. m.,Ordeño,10:07,30.45,2,,"DI,TD",,,0,,1.02,1.02,1.44,1.38,0,0,0,0,4.63,4.89,4.53,4.31,VMS 2,,Tanque,,1.80,1.38,4.02,2.16,7.12,6.79,7.64,8.90
26/11/2023 01:24 a. m.,Ordeño,08:29,14.32,1,,TI,,,0,,0.84,0.78,1.14,1.08,0,0,0,0,5.13,5.08,5.21,5.28,VMS 1,,Tanque,,1.32,1.14,1.62,1.80,3.54,3.21,1.57,6.00
26/11/2023 12:10 p. m.,Ordeño,09:31,24.22,2,,,,,0,,0.84,0.90,1.50,1.08,0,0,0,0,5.28,5.37,5.32,5.27,VMS 1,,Tanque,,1.20,1.56,1.92,1.56,4.56,4.22,7.75,7.69
27/11/2023 01:37 a. m.,Ordeño,10:15,26.13,1,,,,,0,,0.78,0.84,1.20,1.02,0,0,0,0,5.26,5.23,5.25,5.16,VMS 1,,Tanque,,1.20,1.26,1.56,1.50,5.60,5.01,8.24,7.28
27/11/2023 11:08 a. m.,Ordeño,08:32,16.97,2,,TD,,,0,,0.78,0.78,1.02,0.78,0,0,0,0,4.91,4.96,4.94,4.96,VMS 1,,Tanque,,1.26,1.20,1.38,1.38,3.47,3.11,5.53,4.86
27/11/2023 07:48 p. m.,Ordeño,08:25,13.67,3,,,,,0,,0.66,0.66,1.26,0.84,0,0,0,0,4.84,4.94,5.08,4.90,VMS 1,,Tanque,,1.26,1.08,1.50,1.56,2.72,2.44,4.21,4.30
28/11/2023 05:02 a. m.,Ordeño,09:32,19.22,1,,,,,0,,0.90,0.90,1.44,1.02,0,0,0,0,5.32,5.23,5.39,5.37,VMS 1,,Tanque,,1.38,1.38,2.10,1.50,3.67,3.56,5.86,6.13
28/11/2023 01:22 p. m.,Ordeño,08:20,17.86,2,,"TI,TD",,,0,,0.78,0.96,1.44,1.02,0,0,0,0,5.25,5.30,5.39,4.62,VMS 1,,Tanque,,1.14,1.38,2.10,1.50,3.46,3.11,5.01,6.28
29/11/2023 12:06 a. m.,Ordeño,10:06,24.03,1,,TD,,,0,,0.66,0.72,1.02,0.96,0,0,0,0,5.18,5.17,5.31,5.17,VMS 1,,Tanque,,1.02,1.20,1.50,1.68,4.61,4.45,7.42,7.55
29/11/2023 01:25 p. m.,Ordeño,09:49,24.66,2,,DI,,,0,,0.78,0.96,1.38,1.14,0,0,0,0,5.67,5.55,5.68,5.68,VMS 1,,Tanque,,1.38,1.38,1.80,1.56,5.26,4.95,6.72,7.73
29/11/2023 08:45 p. m.,Ordeño,10:42,14.00,3,,TD,,,0,,0.72,0.84,1.26,0.84,0,0,0,0,4.82,4.76,4.95,4.31,VMS 1,,Tanque,,1.38,1.68,1.86,1.32,2.80,2.69,4.13,4.38
30/11/2023 07:08 a. m.,Ordeño,10:32,24.09,1,,,,,0,,0.66,0.84,1.14,0.96,0,0,0,0,5.60,5.75,5.82,5.75,VMS 1,,Tanque,,1.02,1.20,1.62,1.44,4.82,3.89,7.68,7.70
30/11/2023 04:35 p. m.,Ordeño,09:12,20.50,2,,,,,0,,0.66,0.84,1.20,1.02,0,0,0,0,5.35,5.41,5.48,5.47,VMS 1,,Tanque,,1.26,1.32,1.74,1.44,3.97,3.86,6.07,6.60
30/11/2023 11:57 p. m.,Ordeño,08:50,18.30,1,,TI,,,0,,0.78,0.84,1.20,0.96,0,0,0,0,5.51,5.60,5.70,5.64,VMS 1,,Tanque,,1.14,1.26,1.62,1.56,3.43,3.47,5.37,6.03
01/12/2023 08:21 a. m.,Ordeño,08:46,17.90,2,,TD,,,0,,0.84,1.08,1.20,0.96,0,0,0,0,5.53,5.87,5.88,5.87,VMS 1,,Tanque,,2.04,1.50,1.86,1.50,4.57,3.81,6.54,2.98
01/12/2023 03:16 p. m.,Ordeño,09:36,19.75,3,,"TI,TD",,,0,,0.84,0.84,1.26,1.14,0,0,0,0,5.47,5.50,5.60,5.74,VMS 1,,Tanque,,1.32,1.20,1.74,1.62,3.26,2.86,5.37,8.26
01/12/2023 11:16 p. m.,Ordeño,08:00,17.81,4,,TI,,,0,,1.02,0.72,1.32,1.08,0,0,0,0,5.52,5.53,5.65,5.47,VMS 1,,Tanque,,1.44,1.20,1.68,1.50,3.25,3.73,4.94,5.89
02/12/2023 12:26 p. m.,Ordeño,10:05,20.92,1,,TI,,,0,,0.96,0.84,1.38,1.20,0,0,0,0,5.63,5.70,5.90,5.76,VMS 1,,Tanque,,1.56,1.32,1.86,1.62,5.83,4.65,3.40,7.04
02/12/2023 04:34 p. m.,Ordeño,07:42,12.82,2,,,,,0,,0.78,0.66,1.38,0.90,0,300,0,0,5.09,5.23,5.70,5.16,VMS 1,,Tanque,,1.26,1.20,2.10,1.50,1.68,1.53,6.74,2.87
03/12/2023 12:24 a. m.,Ordeño,07:41,18.21,1,,"TI,TD",,,0,,0.78,0.90,1.26,1.08,0,0,0,0,5.36,5.49,5.29,5.56,VMS 1,,Tanque,,1.38,1.32,1.68,1.56,3.79,3.34,5.74,5.34
03/12/2023 11:15 a. m.,Ordeño,09:41,24.66,2,,,,,0,,0.72,0.78,1.26,1.20,0,0,0,0,5.56,5.43,5.76,5.76,VMS 1,,Tanque,,1.14,1.14,1.74,1.62,4.58,4.94,7.38,7.76
03/12/2023 03:55 p. m.,Ordeño,06:33,11.08,3,,TD,,,0,,0.78,0.66,1.08,0.90,0,0,0,0,5.09,5.09,5.16,4.62,VMS 1,,Tanque,,1.26,1.02,1.86,1.38,2.02,2.07,3.26,3.73
04/12/2023 05:33 a. m.,Ordeño,10:13,25.76,1,,,,,0,,0.84,0.90,1.44,1.08,0,300,0,0,5.63,5.83,5.76,5.76,VMS 1,,Tanque,,1.20,1.26,1.92,1.44,5.88,5.56,7.32,7.00
04/12/2023 03:39 p. m.,Ordeño,09:34,23.50,2,,,,,0,,0.84,0.84,1.20,1.14,0,0,0,0,5.56,5.56,5.70,4.89,VMS 1,,Tanque,,1.26,1.26,1.56,1.62,4.63,4.10,7.50,7.27
05/12/2023 12:50 a. m.,Ordeño,08:36,21.54,1,,,,,0,,0.78,0.96,1.20,1.14,0,300,0,0,5.49,5.63,5.70,5.76,VMS 1,,Tanque,,1.32,1.38,1.62,1.44,4.40,3.83,6.64,6.67
05/12/2023 01:31 p. m.,Ordeño,10:07,26.82,2,,"TI,TD",,,0,,0.84,0.90,1.38,1.26,0,300,0,0,5.70,5.76,5.90,5.76,VMS 1,,Tanque,,1.44,1.32,1.80,2.10,5.66,5.35,8.08,7.73
06/12/2023 12:33 a. m.,Ordeño,10:18,24.13,1,,TD,,,0,,0.72,0.78,1.50,1.14,0,300,0,0,5.43,5.36,5.56,5.49,VMS 1,,Tanque,,1.14,1.32,1.98,1.68,5.03,5.12,7.77,6.21
06/12/2023 10:10 a. m.,Ordeño,09:37,22.62,2,,,,,0,,0.66,0.72,1.32,1.02,0,0,0,0,5.49,5.56,5.76,5.63,VMS 1,,Tanque,,1.02,1.14,1.74,1.44,4.51,4.12,6.98,7.01
06/12/2023 08:44 p. m.,Ordeño,09:42,23.55,3,,,,,0,,0.72,0.90,1.32,1.14,300,0,0,0,5.29,5.29,5.49,5.16,VMS 1,,Tanque,,1.14,1.26,1.98,1.62,4.74,4.33,7.67,6.81
07/12/2023 10:01 a. m.,Ordeño,10:48,26.42,1,,,,,0,,0.78,0.78,1.32,1.32,0,300,0,0,5.63,5.70,5.90,5.96,VMS 1,,Tanque,,1.14,1.26,1.74,1.80,4.95,5.95,7.40,8.12
07/12/2023 04:32 p. m.,Ordeño,07:08,15.98,2,,,,,0,,0.84,0.84,1.32,1.02,0,300,0,0,5.29,5.49,5.49,5.63,VMS 1,,Tanque,,1.32,1.26,1.74,1.44,3.04,2.87,4.88,5.19
08/12/2023 03:37 a. m.,Ordeño,09:19,25.54,1,,,,,0,,0.72,0.84,1.38,1.26,0,300,0,0,5.49,5.49,5.63,5.63,VMS 1,,Tanque,,1.08,1.20,1.74,1.62,4.65,4.99,7.43,8.47
08/12/2023 02:56 p. m.,Ordeño,10:54,23.02,2,,,,,0,,0.72,0.78,1.20,0.96,400,400,300,300,5.36,5.49,5.63,5.49,VMS 1,,Tanque,,1.26,1.26,1.68,1.50,4.47,4.20,6.81,7.54
09/12/2023 12:42 a. m.,Ordeño,10:06,13.72,1,,TI,TD,,0,,0.72,0.84,1.08,0.54,0,337,0,478,5.03,5.09,5.23,4.96,VMS 1,,Tanque,,1.14,1.32,1.80,1.02,3.87,3.26,5.57,1.02
09/12/2023 08:40 a. m.,Ordeño,07:01,18.80,2,,TD,,,0,,0.96,1.02,1.38,1.26,0,0,0,0,5.81,5.69,5.68,5.61,VMS 1,,Tanque,,1.32,1.38,1.98,1.68,3.81,3.76,5.82,5.41
09/12/2023 04:36 p. m.,Ordeño,10:05,22.75,3,,,,,0,,0.96,0.90,1.38,1.26,0,0,0,0,5.53,5.60,5.70,5.66,VMS 1,,Tanque,,1.32,1.32,1.86,1.98,3.70,3.71,6.07,9.27
10/12/2023 07:24 a. m.,Ordeño,10:17,26.80,1,,,,,0,,0.84,0.96,1.38,1.26,0,0,0,0,5.74,5.56,5.75,5.52,VMS 1,,Tanque,,1.26,1.32,1.80,1.62,6.03,4.88,7.71,8.18
10/12/2023 06:26 p. m.,Ordeño,11:40,26.02,2,,,,,0,,0.60,0.84,1.20,0.96,0,0,0,0,5.25,5.33,5.47,5.19,VMS 1,,Tanque,,1.02,1.32,1.68,1.38,5.06,4.64,8.15,8.17
11/12/2023 11:11 a. m.,Ordeño,10:58,30.26,1,,,,,0,,0.96,0.90,1.38,1.32,0,0,0,0,6.01,5.59,5.79,5.91,VMS 1,,Tanque,,1.44,1.32,1.74,1.74,7.31,6.27,8.12,8.56
11/12/2023 05:45 p. m.,Ordeño,06:50,13.89,2,,,,,0,,0.72,0.96,1.20,1.08,0,0,0,0,5.15,5.19,5.20,5.29,VMS 1,,Tanque,,1.08,1.44,1.62,1.44,2.78,2.29,4.35,4.47
12/12/2023 01:51 a. m.,Ordeño,08:13,19.80,1,,,,,0,,0.84,0.96,1.44,1.14,0,0,0,0,5.61,5.69,5.81,5.80,VMS 1,,Tanque,,1.26,1.38,1.80,1.44,3.62,3.70,5.80,6.68
12/12/2023 10:11 a. m.,Ordeño,07:35,20.16,2,,DI,,,0,,1.02,1.08,1.44,1.20,0,0,0,0,5.66,5.62,5.69,5.81,VMS 1,,Tanque,,1.44,1.62,1.92,1.50,3.68,3.71,6.30,6.47
12/12/2023 09:27 p. m.,Ordeño,09:48,25.62,3,,,,,0,,0.84,0.84,1.32,1.08,0,0,0,0,5.32,5.28,5.58,5.46,VMS 1,,Tanque,,1.50,1.26,1.80,1.50,5.08,4.86,7.53,8.15
13/12/2023 11:52 a. m.,Ordeño,10:37,29.24,1,,,,,0,,0.84,1.20,1.56,1.32,0,0,0,0,5.53,5.63,5.71,5.57,VMS 1,,Tanque,,1.26,1.68,1.86,1.86,6.17,6.00,8.17,8.90
13/12/2023 07:30 p. m.,Ordeño,08:26,14.15,2,,,,,0,,0.78,0.84,1.14,0.90,0,0,0,0,4.97,4.95,5.06,4.99,VMS 1,,Tanque,,1.20,1.38,1.62,1.74,2.72,2.53,4.37,4.53
14/12/2023 04:06 a. m.,Ordeño,09:49,20.80,1,,,,,0,,0.60,0.78,1.08,0.90,0,0,0,0,5.23,5.34,5.41,5.45,VMS 1,,Tanque,,0.96,1.08,1.56,1.44,3.95,3.76,6.45,6.64
14/12/2023 01:00 p. m.,Ordeño,11:39,22.37,2,,TD,,,0,,0.90,0.96,1.26,1.14,0,0,0,0,5.77,5.59,5.89,5.92,VMS 1,,Tanque,,1.20,1.38,1.74,1.50,4.33,4.14,6.71,7.19
14/12/2023 06:18 p. m.,Ordeño,07:31,13.25,3,,,,,0,,0.72,0.78,1.02,0.84,0,0,0,0,5.43,5.47,5.55,5.46,VMS 1,,Tanque,,1.02,1.20,1.44,1.32,2.52,2.38,4.31,4.04
15/12/2023 12:54 a. m.,Ordeño,06:57,16.72,1,,,,,0,,1.02,0.96,1.26,1.14,0,0,0,0,5.68,5.68,5.81,5.88,VMS 1,,Tanque,,1.56,1.38,1.68,1.44,3.26,3.26,5.07,5.13
15/12/2023 10:39 a. m.,Ordeño,12:49,22.76,2,,"DI,TD",,,0,,0.66,0.78,1.14,1.08,0,0,0,0,5.40,5.34,5.55,5.41,VMS 1,,Tanque,,1.50,1.14,2.10,1.86,3.62,4.22,7.31,7.61
15/12/2023 05:19 p. m.,Ordeño,07:11,16.00,3,,TD,,,0,,1.02,1.02,1.14,1.32,0,0,0,0,5.79,5.81,5.95,6.15,VMS 1,,Tanque,,1.32,1.50,1.62,1.74,4.08,3.11,4.70,4.11
16/12/2023 02:13 a. m.,Ordeño,08:38,23.59,1,,TD,,,0,,0.96,0.96,1.26,1.20,0,0,0,0,5.55,5.63,5.69,5.71,VMS 1,,Tanque,,1.32,1.38,1.74,1.56,4.60,4.41,6.93,7.65
16/12/2023 12:28 p. m.,Ordeño,09:22,21.08,2,,TI,,,0,,0.90,1.08,1.44,1.20,0,0,0,0,5.28,5.32,5.60,5.31,VMS 1,,Tanque,,1.44,1.50,2.04,1.80,4.72,3.67,6.99,5.70
16/12/2023 07:55 p. m.,Ordeño,07:17,14.68,3,,"TI,TD",,,0,,0.84,0.78,1.26,1.02,0,0,0,0,5.26,5.09,5.31,5.25,VMS 1,,Tanque,,1.26,1.14,1.92,1.44,2.74,2.75,4.59,4.60
17/12/2023 05:21 a. m.,Ordeño,09:01,21.24,1,,,,,0,,0.90,0.90,1.32,1.08,0,0,0,0,5.46,5.42,5.56,5.60,VMS 1,,Tanque,,1.32,1.32,1.86,1.44,4.13,4.02,6.12,6.97
17/12/2023 03:54 p. m.,Ordeño,10:07,17.37,2,,,TD,TD,0,,0.90,1.02,1.62,0.00,0,0,0,0,5.52,5.61,5.85,0.00,VMS 1,,Tanque,,1.56,1.56,2.10,0.00,5.25,4.28,7.84,0.00
18/12/2023 01:57 a. m.,Ordeño,10:44,28.71,1,,TD,,,0,,0.72,0.84,1.26,1.38,0,0,0,0,5.31,5.33,5.63,5.23,VMS 1,,Tanque,,1.26,1.26,1.62,2.10,5.25,4.73,7.98,10.75
18/12/2023 02:54 p. m.,Ordeño,08:24,26.44,2,,TD,,,0,,1.08,1.08,1.44,1.44,0,0,0,0,5.41,5.34,5.48,5.47,VMS 1,,Tanque,,1.50,1.44,1.92,2.10,5.88,5.84,7.36,7.36
19/12/2023 02:43 a. m.,Ordeño,10:11,27.41,1,,,,,0,,0.84,1.02,1.56,1.44,0,0,0,0,5.10,5.16,5.35,5.49,VMS 1,,Tanque,,1.38,1.44,1.86,2.10,4.88,4.58,6.88,11.07
19/12/2023 05:07 p. m.,Ordeño,10:35,31.33,2,,,,,0,,0.84,1.02,1.44,1.86,0,0,0,0,5.57,5.54,5.65,5.75,VMS 1,,Tanque,,1.20,1.44,2.04,2.70,6.50,5.89,8.26,10.68
20/12/2023 05:03 a. m.,Ordeño,09:41,27.92,1,,,,,0,,0.90,1.02,1.62,1.62,0,0,0,0,5.46,5.35,5.64,5.53,VMS 1,,Tanque,,1.32,1.50,2.04,2.34,5.96,4.40,8.02,9.54
20/12/2023 05:43 p. m.,Ordeño,11:39,30.80,2,,TD,,,0,,0.78,0.84,1.50,1.32,0,0,0,0,5.55,5.49,5.82,5.78,VMS 1,,Tanque,,1.14,1.26,2.04,2.16,6.09,5.69,7.93,11.09
21/12/2023 04:48 a. m.,Ordeño,10:02,27.18,1,,,,,0,,0.84,0.78,1.32,1.38,0,0,0,0,5.44,5.42,5.68,5.64,VMS 1,,Tanque,,1.20,1.14,1.74,2.46,4.81,4.95,7.33,10.09
21/12/2023 04:03 p. m.,Ordeño,10:22,28.80,2,,TD,,,0,,0.78,0.90,1.56,1.50,0,0,0,0,5.38,5.43,5.66,5.70,VMS 1,,Tanque,,1.44,1.26,1.98,2.34,5.46,5.02,8.71,9.61
22/12/2023 12:11 a. m.,Ordeño,07:58,20.41,1,,,,,0,,0.90,0.78,1.38,1.32,0,0,0,0,5.43,5.28,5.53,5.55,VMS 1,,Tanque,,1.38,1.20,1.80,1.92,3.74,3.43,5.87,7.37
22/12/2023 12:45 p. m.,Ordeño,12:09,31.76,2,,"TI,TD",,,0,,0.78,0.78,1.50,1.32,0,0,0,0,5.53,5.49,5.81,0.00,VMS 1,,Tanque,,1.26,1.20,2.04,2.88,6.49,6.00,9.00,10.27
23/12/2023 01:52 a. m.,Ordeño,11:29,30.22,1,,,,,0,,1.02,0.72,1.56,1.38,0,0,0,0,5.53,5.51,5.66,0.00,VMS 1,,Tanque,,1.38,1.20,1.98,2.16,5.87,6.29,7.86,10.20
23/12/2023 03:42 p. m.,Ordeño,10:59,29.07,2,,"DI,TD",,,0,,0.78,1.02,1.50,1.56,0,0,0,0,5.56,5.38,5.27,0.00,VMS 1,,Tanque,,1.20,1.56,1.98,2.10,5.83,4.68,8.50,10.06
24/12/2023 03:45 a. m.,Ordeño,09:29,29.36,1,,,,,0,,0.96,1.14,1.62,1.74,0,0,0,0,5.52,5.57,5.79,0.00,VMS 1,,Tanque,,1.38,1.62,2.10,2.52,6.46,4.31,9.06,9.53
24/12/2023 03:03 p. m.,Ordeño,11:05,27.72,2,,,,,0,,0.66,0.66,1.50,1.20,0,351,0,312,5.46,5.45,5.79,0.00,VMS 1,,Tanque,,1.26,1.26,1.98,1.92,4.57,5.15,8.36,9.64
25/12/2023 02:48 a. m.,Ordeño,08:33,22.00,1,,"TI,TD",,,0,,1.02,1.14,1.74,1.50,0,0,0,417,5.69,5.67,5.91,0.00,VMS 1,,Tanque,,1.44,1.56,2.76,2.10,5.78,4.59,7.80,3.83
25/12/2023 07:58 a. m.,Ordeño,08:40,17.87,2,,,,,0,,0.84,0.84,1.26,1.38,0,0,0,0,5.24,5.15,5.33,0.00,VMS 1,,Tanque,,1.32,1.38,1.86,2.04,2.46,2.42,4.28,8.71
25/12/2023 03:12 p. m.,Ordeño,07:33,20.16,3,,,,,0,,0.84,0.90,1.38,1.38,0,0,0,0,5.47,5.46,5.66,0.00,VMS 1,,Tanque,,1.26,1.32,1.86,2.04,3.80,3.52,5.59,7.25
26/12/2023 03:16 a. m.,Ordeño,09:42,29.42,1,,,,,0,,0.96,1.02,1.68,1.50,0,0,0,0,5.88,5.81,5.99,0.00,VMS 1,,Divert 3,Sangre por pezón por encima del umbral,1.50,1.44,2.04,2.28,6.21,5.57,7.76,9.88
26/12/2023 01:51 p. m.,Ordeño,10:05,25.43,2,,TI,,,0,,0.78,1.14,1.44,1.56,0,0,0,0,5.58,5.61,5.78,0.00,VMS 1,,Tanque,,1.26,1.62,2.10,2.40,5.60,4.63,6.10,9.10
27/12/2023 12:42 a. m.,Ordeño,09:15,28.90,1,,,,,0,,0.96,1.08,1.62,1.44,0,334,0,0,5.70,5.68,5.82,0.00,VMS 1,,Tanque,,1.68,1.50,2.16,2.22,5.46,4.82,8.67,9.95
27/12/2023 10:29 a. m.,Ordeño,08:53,23.08,2,,,,,0,,1.02,1.02,1.56,1.32,0,0,0,0,5.42,5.44,5.50,0.00,VMS 1,,Tanque,,1.44,1.44,2.04,2.16,4.39,4.17,6.39,8.13
27/12/2023 04:43 p. m.,Ordeño,06:54,15.91,3,,,,,0,,0.90,0.96,1.14,1.26,0,0,0,0,5.42,5.41,5.52,0.00,VMS 1,,Tanque,,1.38,1.38,1.56,1.98,2.93,2.86,4.49,5.63
28/12/2023 12:17 a. m.,Ordeño,08:46,21.23,1,,,,,0,,0.72,0.90,1.38,1.32,0,0,0,0,5.63,5.51,5.83,0.00,VMS 1,,Tanque,,1.20,1.26,1.86,1.92,4.25,3.50,6.01,7.47
28/12/2023 07:02 a. m.,Ordeño,08:33,13.78,2,,TI,TI,,0,,0.78,0.78,1.02,1.14,0,0,0,0,5.71,5.58,5.43,0.00,VMS 1,,Tanque,,1.14,1.26,1.86,1.86,3.60,3.36,0.44,6.38
28/12/2023 03:32 p. m.,Ordeño,08:18,22.24,3,,DI,,,0,,0.90,1.02,1.56,1.14,0,0,0,0,5.72,5.58,5.89,0.00,VMS 1,,Tanque,,1.50,1.50,1.98,1.50,3.63,4.06,7.69,6.86
29/12/2023 12:10 a. m.,Ordeño,09:28,20.79,1,,,,,0,,0.84,0.90,1.26,1.14,0,0,0,0,5.26,5.19,5.24,0.00,VMS 1,,Tanque,,1.38,1.38,2.28,1.80,4.76,3.64,5.97,6.42
29/12/2023 12:21 p. m.,Ordeño,10:00,26.29,2,,,,,0,,0.96,1.02,1.56,1.26,0,0,0,0,5.67,5.46,5.72,0.00,VMS 1,,Tanque,,1.56,1.50,2.16,1.92,5.86,4.80,7.59,8.04
29/12/2023 07:53 p. m.,Ordeño,09:36,17.98,3,,,,,0,,0.60,0.84,1.32,1.02,0,0,0,332,5.10,5.15,5.37,0.00,VMS 1,,Tanque,,1.02,1.26,1.92,1.44,3.63,3.09,5.87,5.39
30/12/2023 01:10 a. m.,Ordeño,07:12,13.53,1,,,,,0,,0.66,0.84,1.14,0.90,472,0,0,321,5.40,5.31,5.52,0.00,VMS 1,,Tanque,,1.08,1.32,1.56,1.38,2.55,2.65,4.08,4.25
30/12/2023 10:57 a. m.,Ordeño,09:54,25.76,2,,,,,0,,0.78,1.08,1.44,1.14,0,0,0,0,5.54,5.46,5.64,0.00,VMS 1,,Tanque,,1.32,1.50,1.80,1.74,5.53,4.88,8.06,7.29
30/12/2023 07:15 p. m.,Ordeño,10:44,22.07,3,,,,,0,,0.84,1.02,1.44,1.20,363,0,0,0,5.54,5.40,5.54,0.00,VMS 1,,Tanque,,1.44,1.38,1.98,1.80,4.13,4.35,6.45,7.14
31/12/2023 04:39 a. m.,Ordeño,10:19,23.77,1,,,,,0,,0.72,1.02,1.38,1.14,0,0,0,0,5.24,5.26,5.49,0.00,VMS 1,,Tanque,,1.32,1.98,1.80,1.86,4.80,4.34,7.21,7.42
31/12/2023 04:43 p. m.,Ordeño,10:16,27.48,2,,TD,,,0,,0.84,1.02,1.56,1.14,0,0,0,0,5.38,5.28,5.41,0.00,VMS 1,,Tanque,,1.26,1.44,2.10,1.50,5.88,4.88,8.36,8.36
01/01/2024 09:31 a. m.,Ordeño,10:14,30.11,1,,,,,0,,0.96,1.08,1.74,1.32,372,323,0,0,5.38,5.44,5.45,0.00,VMS 1,,Divert 3,Sangre por pezón por encima del umbral,1.38,1.44,2.34,1.74,6.54,6.71,8.35,8.51
01/01/2024 06:57 p. m.,Ordeño,07:24,17.32,2,,,,,0,,0.84,0.90,1.26,1.14,0,0,0,0,4.88,4.71,4.85,0.00,VMS 1,,Tanque,,1.32,1.38,1.74,1.62,3.50,3.34,5.14,5.34
02/01/2024 09:50 a. m.,Ordeño,14:11,31.10,1,,,,,0,,0.96,1.02,1.56,1.20,0,0,0,304,5.52,5.36,5.51,0.00,VMS 1,,Tanque,,1.50,1.50,1.98,1.92,6.86,6.36,8.59,9.29
02/01/2024 03:12 p. m.,Ordeño,07:16,12.44,2,,,,,0,,0.78,0.78,1.20,0.90,0,0,0,0,5.04,4.89,5.12,0.00,VMS 1,,Tanque,,1.26,1.26,1.80,1.32,2.45,2.16,3.73,4.10
02/01/2024 08:31 p. m.,Ordeño,06:09,13.22,3,,,,,0,,0.78,0.96,1.38,1.08,0,0,0,0,5.11,5.10,5.25,0.00,VMS 1,,Tanque,,1.14,1.44,1.86,1.56,2.57,2.38,4.25,4.02
03/01/2024 08:44 a. m.,Ordeño,10:03,30.72,1,,,,,0,,0.96,0.96,1.68,1.26,319,0,0,0,5.76,5.48,5.75,0.00,VMS 1,,Divert 3,Sangre por pezón por encima del umbral,1.38,1.56,2.16,1.80,6.13,6.55,8.41,9.63
03/01/2024 05:59 p. m.,Ordeño,09:22,20.02,2,,"TI,TD",,,0,,0.66,0.84,1.38,1.14,0,0,0,0,5.17,5.07,5.27,0.00,VMS 1,,Tanque,,1.14,1.26,1.74,1.80,4.15,3.99,6.37,5.51
04/01/2024 04:49 a. m.,Ordeño,10:45,27.87,1,,,,,0,,0.78,0.96,1.74,1.14,398,0,0,0,5.52,5.25,5.52,0.00,VMS 1,,Tanque,,1.20,1.38,2.28,1.92,5.22,5.49,8.06,9.10
04/01/2024 03:48 p. m.,Ordeño,11:06,25.76,2,,,,,0,,0.78,1.02,1.68,1.14,371,0,0,0,5.07,4.94,5.06,0.00,VMS 1,,Tanque,,1.26,1.56,2.16,1.62,5.19,5.01,7.84,7.72
04/01/2024 08:43 p. m.,Ordeño,06:27,9.55,3,,,,,0,,0.72,0.72,1.26,0.84,0,0,0,0,4.82,4.53,4.83,0.00,VMS 1,,Tanque,,1.14,1.02,1.74,1.32,1.81,1.79,3.06,2.89
05/01/2024 10:06 a. m.,Ordeño,10:40,28.48,1,,TD,,,0,,0.90,0.90,1.68,1.08,490,0,0,0,5.33,5.03,5.26,0.00,VMS 1,,Divert 3,Sangre por pezón por encima del umbral,1.38,1.38,2.10,1.44,6.13,5.62,8.54,8.19
05/01/2024 09:00 p. m.,Ordeño,08:52,22.86,2,,,,,0,,0.90,0.96,1.62,1.08,0,0,0,0,4.75,4.61,4.81,0.00,VMS 1,,Tanque,,1.32,1.44,2.10,1.38,4.86,4.20,6.92,6.88
06/01/2024 10:07 a. m.,Ordeño,09:01,32.25,1,,,,,0,,1.02,1.14,1.68,1.98,0,0,365,0,5.13,4.92,5.20,0.00,VMS 1,,Divert 3,Sangre por pezón por encima del umbral,1.44,1.56,2.22,3.72,6.15,5.72,8.39,11.99
06/01/2024 09:04 p. m.,Ordeño,09:08,24.35,2,,,,,0,,0.84,0.90,1.68,1.44,0,0,0,425,4.70,4.56,4.77,0.00,VMS 1,,Tanque,,1.26,1.26,2.16,2.16,4.32,4.16,6.55,9.32
07/01/2024 04:55 a. m.,Ordeño,07:17,21.29,1,,,,,0,,0.90,1.02,1.74,1.68,0,0,0,0,4.96,4.79,4.97,0.00,VMS 1,,Tanque,,1.26,1.68,2.16,2.28,3.97,3.61,5.92,7.79
07/01/2024 12:16 p. m.,Ordeño,07:31,18.59,2,,,,,0,,0.72,1.14,1.62,1.62,0,0,0,0,4.65,4.60,4.78,0.00,VMS 1,,Tanque,,1.14,1.62,2.22,2.16,3.37,3.35,5.20,6.67
08/01/2024 12:05 a. m.,Ordeño,11:12,29.74,1,,,,,0,,0.72,0.96,1.68,1.44,311,0,0,0,4.97,4.69,5.01,0.00,VMS 1,,Divert 3,Sangre por pezón por encima del umbral,1.08,1.32,2.64,2.04,5.37,5.35,8.48,10.54
08/01/2024 08:50 a. m.,Ordeño,08:25,24.58,2,,,,,0,,1.08,1.08,1.80,1.62,0,0,0,0,5.00,4.61,4.89,0.00,VMS 1,,Tanque,,1.44,1.62,2.34,2.28,4.40,4.14,6.61,9.43
08/01/2024 04:42 p. m.,Ordeño,07:06,19.18,3,,,,,0,,0.84,1.08,1.56,1.50,0,0,0,0,4.55,5.53,5.16,0.00,VMS 1,,Tanque,,1.26,1.50,2.04,2.04,3.54,3.42,5.33,6.89
09/01/2024 04:25 a. m.,Ordeño,09:10,26.15,1,,,,,0,,1.14,1.02,1.80,1.26,0,0,0,0,5.12,5.56,5.63,0.00,VMS 1,,Tanque,,1.44,1.50,2.34,1.74,5.12,5.14,7.17,8.72
09/01/2024 01:24 p. m.,Ordeño,08:18,19.21,2,,TD,,,0,,0.78,0.96,1.50,1.20,0,0,0,0,4.73,5.03,5.16,0.00,VMS 1,,Tanque,,1.26,1.38,2.04,1.68,3.98,3.70,5.77,5.76
09/01/2024 09:29 p. m.,Ordeño,07:47,19.03,3,,TI,,,0,,0.78,1.02,1.56,1.20,0,0,0,0,5.06,5.18,5.34,0.00,VMS 1,,Tanque,,1.26,1.50,2.04,1.68,3.69,3.25,5.72,6.37
10/01/2024 07:08 a. m.,Ordeño,08:28,23.46,1,,,,,0,,0.90,1.08,1.74,1.26,0,0,0,0,5.35,5.40,5.66,0.00,VMS 1,,Tanque,,1.20,1.50,2.16,1.74,5.04,4.12,7.33,6.97
10/01/2024 05:05 p. m.,Ordeño,09:31,21.98,2,,,,,0,,0.72,0.96,1.56,1.26,0,0,0,0,4.95,5.02,5.28,0.00,VMS 1,,Tanque,,1.26,1.56,2.10,1.62,4.30,3.75,6.57,7.36
11/01/2024 02:59 a. m.,Ordeño,10:24,25.18,1,,,,,0,,0.72,0.96,1.38,1.20,0,0,0,0,5.25,5.30,5.49,0.00,VMS 1,,Tanque,,1.08,1.50,1.92,1.92,4.70,4.90,7.50,8.08
11/01/2024 03:05 p. m.,Ordeño,08:53,25.71,2,,,,,0,,0.90,1.14,1.68,1.32,0,0,0,0,5.20,5.22,5.40,0.00,VMS 1,,Tanque,,1.26,1.56,2.22,1.80,5.34,4.83,7.59,7.95
12/01/2024 12:35 a. m.,Ordeño,08:12,21.38,1,,,,,0,,0.90,0.96,1.56,1.20,0,0,0,0,5.22,5.06,5.25,0.00,VMS 1,,Tanque,,1.38,1.56,2.10,1.68,4.12,3.79,6.47,7.00
12/01/2024 08:07 a. m.,Ordeño,07:13,17.99,2,,,,,0,,0.78,1.02,1.56,1.20,0,0,0,0,5.13,5.10,5.25,0.00,VMS 1,,Tanque,,1.26,1.44,2.22,1.62,3.37,3.23,5.39,6.00
12/01/2024 03:09 p. m.,Ordeño,07:31,16.99,3,,,,,0,,0.72,1.02,1.56,1.26,0,0,0,0,5.37,5.36,5.50,0.00,VMS 1,,Tanque,,1.08,1.62,2.10,1.80,3.26,3.16,4.96,5.61
12/01/2024 09:08 p. m.,Ordeño,07:11,14.28,4,,,,,0,,0.66,0.84,1.32,1.08,0,0,0,0,4.76,4.61,4.91,0.00,VMS 1,,Tanque,,1.08,1.26,1.80,1.50,2.62,2.50,4.58,4.58
13/01/2024 02:08 a. m.,Ordeño,06:09,10.79,1,,,,,0,,0.72,0.66,1.02,0.96,0,0,0,0,5.15,4.95,5.26,0.00,VMS 1,,Tanque,,1.20,1.14,1.62,1.44,2.00,2.02,3.14,3.63
13/01/2024 12:31 p. m.,Ordeño,10:25,24.67,2,,TD,,,0,,0.72,1.02,1.50,1.14,0,0,0,0,5.02,5.03,5.23,0.00,VMS 1,,Tanque,,1.14,1.44,1.98,1.56,5.10,4.54,7.59,7.44
13/01/2024 11:14 p. m.,Ordeño,09:02,25.09,3,,,,,0,,0.96,1.02,1.56,1.20,0,0,0,0,5.27,5.25,5.45,0.00,VMS 1,,Tanque,,1.32,1.56,2.04,1.68,5.55,4.22,8.03,7.29
14/01/2024 09:37 a. m.,Ordeño,08:42,23.37,1,,,,,0,,0.90,1.14,1.62,1.26,0,0,0,0,5.21,5.31,5.46,0.00,VMS 1,,Tanque,,1.26,1.68,2.04,1.80,4.92,4.42,7.39,6.64
14/01/2024 06:44 p. m.,Ordeño,09:32,22.37,2,,,,,0,,0.72,0.96,1.50,1.20,0,0,0,0,5.12,5.20,5.37,0.00,VMS 1,,Tanque,,1.14,1.38,1.86,1.62,4.33,3.98,6.81,7.25
15/01/2024 07:35 a. m.,Ordeño,09:29,27.77,1,,,,,0,,0.96,0.96,1.62,1.32,0,0,0,0,5.47,5.40,5.51,0.00,VMS 1,,Tanque,,1.26,1.38,2.10,1.92,6.06,5.46,7.31,8.94
15/01/2024 04:25 p. m.,Ordeño,07:19,20.34,2,,,,,0,,0.96,1.02,1.56,1.32,0,0,0,0,5.08,5.12,5.30,0.00,VMS 1,,Tanque,,1.32,1.56,2.04,1.74,3.85,3.63,6.14,6.72
15/01/2024 09:47 p. m.,Ordeño,05:43,11.41,3,,"TI,TD",,,0,,0.78,0.72,1.44,1.14,0,0,0,0,4.89,4.78,5.02,0.00,VMS 1,,Tanque,,1.26,1.20,1.98,1.56,2.26,1.98,3.61,3.56
16/01/2024 07:25 a. m.,Ordeño,10:51,23.23,1,,,,,0,,0.78,0.84,1.68,1.14,0,0,0,0,5.56,5.49,5.64,0.00,VMS 1,,Tanque,,1.26,1.26,2.16,1.62,4.89,4.32,6.94,7.08
16/01/2024 05:14 p. m.,Ordeño,09:42,23.64,2,,,,,0,,0.84,0.90,1.62,1.38,0,0,0,0,5.21,5.16,5.42,0.00,VMS 1,,Tanque,,1.38,1.38,2.10,2.04,4.95,4.25,7.11,7.33
16/01/2024 11:18 p. m.,Ordeño,07:26,13.86,3,,,,,0,,0.96,0.90,1.38,1.14,0,0,0,0,5.23,5.24,5.33,0.00,VMS 1,,Tanque,,1.26,1.50,1.86,1.68,2.80,2.39,4.20,4.47
17/01/2024 07:46 a. m.,Ordeño,09:09,22.25,1,,,,,0,,0.78,0.90,1.50,1.20,0,0,0,0,5.61,5.62,5.69,0.00,VMS 1,,Tanque,,1.20,1.20,1.98,1.68,4.55,3.97,6.42,7.31
17/01/2024 03:55 p. m.,Ordeño,08:16,18.28,2,,,,,0,,0.84,0.90,1.50,1.26,0,0,0,0,5.51,5.44,5.70,0.00,VMS 1,,Tanque,,1.14,1.56,1.92,1.92,3.94,2.62,5.98,5.74
17/01/2024 11:17 p. m.,Ordeño,08:22,19.74,3,,TI,,,0,,0.78,0.90,1.56,1.20,0,0,0,0,5.43,5.40,5.40,0.00,VMS 1,,Tanque,,1.14,1.38,2.28,1.80,3.86,3.64,5.60,6.64
18/01/2024 07:54 a. m.,Ordeño,08:51,23.32,1,,,,,0,,0.78,0.90,1.62,1.26,0,0,0,0,5.42,5.33,5.48,0.00,VMS 1,,Tanque,,1.20,1.32,2.16,1.68,4.64,4.25,6.70,7.73
18/01/2024 01:57 p. m.,Ordeño,08:46,15.97,2,,TI,,,0,,0.72,0.96,1.62,1.20,0,0,0,0,5.34,5.31,5.50,0.00,VMS 1,,Tanque,,1.20,1.44,2.34,1.92,3.23,2.76,4.80,5.18
19/01/2024 12:21 p. m.,Ordeño,09:59,4.08,2,,,Todos,,0,,0.30,0.24,0.54,0.30,0,0,0,0,4.10,3.91,4.13,0.00,VMS 1,,Tanque,,0.72,0.66,1.62,0.60,0.79,0.86,2.04,0.39
19/01/2024 04:59 p. m.,Ordeño,12:00,8.57,3,,,,,0,,0.54,0.60,0.90,0.72,0,0,0,0,4.56,4.58,4.59,0.00,VMS 1,,Tanque,,1.02,1.08,1.50,1.32,1.54,1.48,2.76,2.79
20/01/2024 04:02 a. m.,Ordeño,09:18,23.71,1,,,,,0,,0.90,0.90,1.38,1.08,0,0,0,0,5.45,5.32,5.43,0.00,VMS 1,,Tanque,,1.26,1.32,1.74,1.68,4.78,4.28,7.58,7.07
20/01/2024 09:47 a. m.,Ordeño,06:07,13.91,2,,,,,0,,0.84,0.90,1.38,1.20,0,0,0,0,5.01,4.94,5.04,0.00,VMS 1,,Tanque,,1.26,1.38,1.92,1.68,2.67,2.50,4.34,4.40
20/01/2024 03:20 p. m.,Ordeño,06:17,13.08,3,,,,,0,,0.78,0.84,1.32,1.08,0,0,0,0,5.06,5.04,5.19,0.00,VMS 1,,Tanque,,1.20,1.32,1.80,1.62,2.56,2.20,3.94,4.38
21/01/2024 01:17 a. m.,Ordeño,09:22,24.32,1,,TI,,,0,,0.84,0.90,1.38,1.14,0,0,0,0,5.43,5.41,5.50,0.00,VMS 1,,Tanque,,1.26,1.26,1.86,1.50,4.73,4.28,7.25,8.06
21/01/2024 04:57 a. m.,Ordeño,05:41,7.45,2,,,,,0,,0.66,0.60,0.84,0.84,0,0,0,0,5.15,5.07,5.23,0.00,VMS 1,,Tanque,,1.14,1.14,1.44,1.62,1.44,1.23,2.42,2.36
21/01/2024 01:23 p. m.,Ordeño,11:32,20.29,3,,,,,0,,0.84,0.90,1.44,1.20,0,0,0,0,5.00,4.92,4.95,0.00,VMS 1,,Tanque,,1.44,1.44,1.98,1.74,4.01,3.59,6.03,6.66
21/01/2024 08:35 p. m.,Ordeño,07:22,17.38,4,,TD,,,0,,0.84,0.90,1.26,1.14,0,0,0,0,5.03,5.00,5.06,0.00,VMS 1,,Tanque,,1.20,1.38,1.86,1.62,3.40,3.14,5.20,5.64
22/01/2024 08:30 a. m.,Ordeño,08:52,26.93,1,,,,,0,,0.96,1.08,1.62,1.38,0,0,0,0,5.42,5.34,5.49,0.00,VMS 1,,Tanque,,1.26,1.50,2.16,1.86,5.67,4.33,8.71,8.22
22/01/2024 04:17 p. m.,Ordeño,07:57,12.72,2,,TI,TI,,0,,0.78,0.96,0.96,1.20,0,0,0,0,4.97,4.95,4.69,0.00,VMS 1,,Tanque,,1.38,1.44,1.38,1.92,3.48,3.11,0.38,5.75
22/01/2024 08:05 p. m.,Ordeño,06:41,12.40,3,,,,,0,,0.72,0.72,1.50,0.96,0,0,0,0,4.83,4.88,5.16,0.00,VMS 1,,Tanque,,1.08,1.32,2.10,1.56,1.54,1.62,6.36,2.88
23/01/2024 03:21 a. m.,Ordeño,07:18,18.02,1,,,,,0,,0.84,0.78,1.44,1.26,0,0,0,0,5.15,5.08,5.16,0.00,VMS 1,,Tanque,,1.20,1.14,1.92,1.86,3.58,3.09,5.37,5.98
23/01/2024 10:35 a. m.,Ordeño,06:46,17.42,2,,,,,0,,0.96,1.02,1.56,1.32,0,0,0,0,5.47,5.54,5.20,0.00,VMS 1,,Tanque,,1.32,1.44,2.16,1.74,3.38,3.14,5.07,5.83
23/01/2024 07:52 p. m.,Ordeño,08:15,23.27,3,,,,,0,,0.84,0.84,1.56,1.32,0,0,0,0,5.00,4.89,5.13,0.00,VMS 1,,Tanque,,1.32,1.26,2.04,1.74,4.67,4.26,6.89,7.45
24/01/2024 08:33 a. m.,Ordeño,09:35,24.83,1,,,,,0,,0.90,1.14,1.74,1.32,0,0,0,0,5.40,5.37,5.64,0.00,VMS 1,,Tanque,,1.26,1.50,2.22,1.80,5.92,4.41,7.64,6.86
24/01/2024 03:55 p. m.,Ordeño,07:41,18.42,2,,,,,0,,0.78,1.02,1.62,1.26,0,0,0,0,5.10,5.23,5.43,0.00,VMS 1,,Tanque,,1.14,1.50,2.04,1.68,3.74,3.26,5.76,5.66
24/01/2024 11:44 p. m.,Ordeño,08:10,19.93,3,,,,,0,,0.78,0.96,1.56,1.20,0,0,0,0,5.22,5.35,5.51,0.00,VMS 1,,Tanque,,1.20,1.44,2.10,1.56,3.87,3.47,6.00,6.59
25/01/2024 08:17 a. m.,Ordeño,09:36,22.46,1,,,,,0,,0.90,0.90,1.62,1.20,0,0,0,0,5.51,5.54,5.89,0.00,VMS 1,,Tanque,,1.20,1.38,2.04,1.68,4.37,4.28,6.30,7.51
25/01/2024 01:48 p. m.,Ordeño,07:20,13.54,2,,,,,0,,0.90,0.84,1.26,1.14,0,0,0,0,5.29,5.35,5.46,0.00,VMS 1,,Tanque,,1.32,1.32,1.98,1.62,2.55,2.26,4.43,4.30
25/01/2024 11:32 p. m.,Ordeño,09:45,25.26,3,,,,,0,,1.08,0.96,1.56,1.14,0,0,0,0,5.53,5.49,5.76,0.00,VMS 1,,Tanque,,1.44,1.38,1.92,1.62,5.18,4.88,6.86,8.34
26/01/2024 11:07 a. m.,Ordeño,10:22,26.77,1,,,,,0,,0.90,1.08,1.80,1.44,0,0,0,0,5.61,5.48,5.90,0.00,VMS 1,,Tanque,,1.32,1.44,2.34,2.04,6.08,5.54,6.66,8.49
26/01/2024 04:54 p. m.,Ordeño,06:17,11.83,2,,,,,0,,0.90,0.78,1.20,1.02,0,0,0,0,5.13,5.20,5.37,0.00,VMS 1,,Tanque,,1.26,1.26,1.80,1.68,2.40,2.06,3.67,3.70
27/01/2024 01:03 a. m.,Ordeño,07:10,18.43,1,,,,,0,,0.90,0.90,1.50,1.20,0,0,0,0,5.08,5.20,5.43,0.00,VMS 1,,Tanque,,1.38,1.44,2.10,1.68,3.88,3.16,5.65,5.74
27/01/2024 11:03 a. m.,Ordeño,09:20,24.81,2,,TI,,,0,,0.96,1.02,1.80,1.32,0,0,0,0,5.69,5.68,5.96,0.00,VMS 1,,Tanque,,1.38,1.50,2.28,1.98,4.70,4.76,6.85,8.50
27/01/2024 04:54 p. m.,Ordeño,07:01,13.92,3,,,,,0,,0.90,0.90,1.26,1.08,0,0,0,0,5.27,5.32,5.17,0.00,VMS 1,,Tanque,,1.26,1.50,1.80,1.56,2.61,2.21,4.66,4.44
28/01/2024 12:52 a. m.,Ordeño,09:12,20.62,1,,,,,0,,0.90,0.90,1.62,0.96,0,0,0,0,5.20,5.26,5.52,0.00,VMS 1,,Tanque,,1.32,1.32,2.16,1.38,4.11,3.79,6.31,6.41
28/01/2024 05:07 a. m.,Ordeño,07:14,9.47,2,,,,,0,,0.48,0.54,0.84,1.02,0,0,0,0,5.12,5.05,5.38,0.00,VMS 1,,Tanque,,0.90,1.08,1.38,1.56,1.71,1.75,2.87,3.14
28/01/2024 03:16 p. m.,Ordeño,08:43,22.86,3,,TD,,,0,,0.96,1.08,1.62,1.08,0,0,0,0,5.66,5.65,5.83,0.00,VMS 1,,Tanque,,1.32,1.44,2.04,1.56,4.64,4.36,6.97,6.89
28/01/2024 08:23 p. m.,Ordeño,06:43,11.85,4,,,,,0,,0.78,0.84,1.32,1.14,0,0,0,0,5.13,5.00,5.31,0.00,VMS 1,,Tanque,,1.20,1.26,1.98,1.44,2.15,1.86,3.45,4.39
29/01/2024 05:55 a. m.,Ordeño,09:20,22.46,1,,,,,0,,0.78,1.02,1.44,1.14,0,0,0,0,5.27,5.36,5.61,0.00,VMS 1,,Tanque,,1.20,1.38,1.86,1.50,4.78,3.89,7.19,6.60
29/01/2024 11:17 a. m.,Ordeño,06:39,12.96,2,,,,,0,,0.84,0.72,1.38,1.08,0,0,0,0,5.47,5.34,5.74,0.00,VMS 1,,Tanque,,1.26,1.14,1.92,1.62,2.60,2.20,4.07,4.09
29/01/2024 08:36 p. m.,Ordeño,09:44,24.80,3,,"TI,TD",,,0,,0.84,0.90,1.68,1.20,0,0,0,0,5.53,5.48,5.77,0.00,VMS 1,,Tanque,,1.26,1.32,2.04,1.62,5.08,4.55,7.26,7.91
30/01/2024 07:51 a. m.,Ordeño,10:31,26.29,1,,,,,0,,0.84,0.90,1.50,1.20,0,0,0,0,5.29,5.41,5.53,0.00,VMS 1,,Tanque,,1.74,1.50,2.34,1.62,4.88,5.17,7.42,8.82
30/01/2024 04:28 p. m.,Ordeño,09:21,20.80,2,,,,,0,,0.90,0.84,1.62,1.32,0,0,0,0,5.14,5.21,5.41,0.00,VMS 1,,Tanque,,1.62,1.32,2.22,2.40,4.19,3.64,5.96,7.01
31/01/2024 03:08 a. m.,Ordeño,11:31,24.08,1,,,,,0,,1.02,0.96,1.68,1.20,0,0,0,0,5.54,5.54,5.68,0.00,VMS 1,,Tanque,,1.44,1.86,2.16,2.04,4.95,4.60,6.97,7.56
31/01/2024 01:39 p. m.,Ordeño,08:00,24.69,2,,,,,0,,1.08,0.96,1.86,1.38,0,0,0,0,5.45,5.40,5.70,0.00,VMS 1,,Tanque,,1.50,1.44,2.40,1.80,5.03,4.79,7.04,7.83
01/02/2024 12:21 a. m.,Ordeño,09:18,19.25,1,,TD,TD,,0,,0.90,0.96,1.68,1.14,0,0,0,0,5.32,5.39,5.55,0.00,VMS 1,,Tanque,,1.38,1.44,2.76,1.62,5.22,4.24,7.58,2.21
01/02/2024 08:50 a. m.,Ordeño,08:34,24.00,2,,,,,0,,0.96,1.02,1.68,1.44,0,0,0,0,5.67,5.67,5.94,0.00,VMS 1,,Tanque,,1.32,1.38,2.10,1.98,4.26,4.26,6.48,9.00
01/02/2024 05:01 p. m.,Ordeño,07:15,20.48,3,,,,,0,,0.96,1.08,1.74,1.38,0,0,0,0,5.66,5.60,5.94,0.00,VMS 1,,Tanque,,1.26,1.56,2.22,1.80,4.16,3.70,6.09,6.53
02/02/2024 01:12 a. m.,Ordeño,07:10,21.20,1,,,,,0,,0.96,0.96,1.74,1.32,0,0,0,0,5.58,5.54,5.87,0.00,VMS 1,,Tanque,,1.38,1.50,2.46,1.74,4.12,3.95,6.57,6.56
02/02/2024 08:56 a. m.,Ordeño,07:06,20.17,2,,,,,0,,0.96,1.02,1.68,1.38,0,0,0,0,5.66,5.59,5.94,0.00,VMS 1,,Tanque,,1.32,1.38,2.10,1.80,4.06,3.61,6.11,6.39
02/02/2024 03:39 p. m.,Ordeño,07:24,17.18,3,,,,,0,,0.84,1.02,1.68,1.26,0,0,0,0,5.49,5.46,5.81,0.00,VMS 1,,Tanque,,1.26,1.38,2.22,1.74,3.56,3.09,5.10,5.43
03/02/2024 02:31 a. m.,Ordeño,09:05,23.65,1,,,,,0,,0.84,1.08,1.86,1.20,0,0,0,0,5.57,5.54,5.95,0.00,VMS 1,,Tanque,,1.20,1.56,2.34,1.62,4.95,4.46,6.50,7.74
03/02/2024 08:58 a. m.,Ordeño,08:11,15.38,2,,TD,,,0,,0.78,0.90,1.32,1.02,0,0,0,0,5.46,5.40,5.67,0.00,VMS 1,,Tanque,,1.14,1.26,1.86,1.86,3.32,3.13,5.37,3.56
03/02/2024 04:26 p. m.,Ordeño,08:17,20.86,3,,,,,0,,0.84,0.96,1.56,1.32,0,0,0,0,5.34,5.46,5.66,0.00,VMS 1,,Tanque,,1.32,1.32,2.10,1.80,3.82,3.39,5.81,7.84
04/02/2024 03:25 a. m.,Ordeño,10:38,25.67,1,,,,,0,,0.78,1.14,1.56,1.26,0,0,0,0,5.51,5.52,5.19,0.00,VMS 1,,Tanque,,1.26,1.56,2.04,1.86,5.98,4.45,8.17,7.07
04/02/2024 11:32 a. m.,Ordeño,08:08,19.90,2,,,,,0,,0.84,1.02,1.74,1.38,0,0,0,0,5.17,5.32,5.55,0.00,VMS 1,,Tanque,,1.26,1.50,2.34,1.92,4.25,3.63,5.94,6.08
04/02/2024 06:15 p. m.,Ordeño,06:06,15.67,3,,TD,,,0,,1.02,0.90,1.62,1.14,0,0,0,0,5.59,5.47,5.77,0.00,VMS 1,,Tanque,,1.44,1.26,2.34,1.92,3.30,3.04,5.14,4.19
04/02/2024 11:56 p. m.,Ordeño,06:31,14.67,1,,"TI,TD",,,0,,0.84,0.78,1.44,1.26,0,0,0,0,5.25,5.41,5.57,0.00,VMS 1,,Tanque,,1.32,1.32,1.92,2.10,3.04,2.70,4.42,4.51
05/02/2024 07:30 a. m.,Ordeño,08:37,23.02,2,,,,,0,,0.84,0.90,1.50,1.44,0,0,0,0,5.39,5.49,5.71,0.00,VMS 1,,Tanque,,1.20,1.32,1.86,1.92,4.28,3.73,6.62,8.39
05/02/2024 02:55 p. m.,Ordeño,06:44,17.69,3,,TD,,,0,,1.02,0.96,1.62,1.26,0,0,0,0,5.45,5.60,5.81,0.00,VMS 1,,Tanque,,1.32,1.38,2.22,2.22,3.80,3.14,5.77,4.98
06/02/2024 01:07 a. m.,Ordeño,10:07,27.89,1,,TD,,,0,,0.78,0.96,1.50,1.26,0,0,0,0,5.47,5.46,5.81,0.00,VMS 1,,Tanque,,1.20,1.38,1.92,1.68,5.60,4.79,7.81,9.69
06/02/2024 08:30 a. m.,Ordeño,07:19,18.32,2,,,,,0,,0.90,0.96,1.56,1.20,0,0,0,0,5.15,5.21,5.47,0.00,VMS 1,,Tanque,,1.44,1.32,2.16,1.74,3.71,3.09,5.69,5.83
06/02/2024 03:39 p. m.,Ordeño,08:18,18.71,3,,,,,0,,0.84,0.90,1.50,1.26,0,0,0,0,5.34,5.48,5.65,0.00,VMS 1,,Tanque,,1.50,1.38,2.04,1.74,3.82,3.35,5.62,5.92
06/02/2024 09:28 p. m.,Ordeño,06:28,13.21,4,,,,,0,,0.84,0.66,1.32,1.08,0,0,0,0,5.47,5.09,5.44,0.00,VMS 1,,Tanque,,1.20,1.14,1.74,1.50,2.51,2.38,4.08,4.24
07/02/2024 05:12 a. m.,Ordeño,09:54,22.29,1,,,,,0,,0.72,0.90,1.50,1.26,0,0,0,0,5.51,5.51,5.83,0.00,VMS 1,,Tanque,,1.02,1.32,1.92,1.92,4.61,3.70,6.95,7.03
07/02/2024 12:19 p. m.,Ordeño,07:13,19.59,2,,,,,0,,0.90,0.78,1.68,1.32,0,0,0,0,5.63,5.36,5.94,0.00,VMS 1,,Tanque,,1.26,1.32,2.16,1.74,3.76,3.52,6.07,6.24
07/02/2024 07:26 p. m.,Ordeño,07:43,18.12,3,,TD,,,0,,0.78,0.90,1.50,1.26,0,0,0,0,5.49,5.74,5.86,0.00,VMS 1,,Tanque,,1.14,1.26,1.98,1.92,3.73,3.11,5.17,6.11
08/02/2024 06:59 a. m.,Ordeño,12:01,25.78,1,,,,,0,,0.72,0.90,1.74,1.32,0,0,0,0,5.62,5.59,6.11,0.00,VMS 1,,Tanque,,1.32,1.32,2.28,1.74,6.16,4.43,7.40,7.79
08/02/2024 03:23 p. m.,Ordeño,08:10,21.45,2,,,,,0,,0.90,1.02,1.62,1.44,0,0,0,0,5.37,5.44,5.73,0.00,VMS 1,,Tanque,,1.32,1.44,2.10,1.92,4.56,3.41,6.64,6.84
08/02/2024 11:12 p. m.,Ordeño,08:11,20.35,3,,"TI,TD",,,0,,0.84,0.90,1.56,1.26,0,0,0,0,5.54,5.68,6.01,0.00,VMS 1,,Tanque,,1.62,1.32,1.98,1.92,4.09,3.75,6.28,6.23
09/02/2024 03:37 a. m.,Ordeño,06:12,12.16,1,,,,,0,,0.78,0.66,1.20,1.08,0,0,0,0,5.51,5.47,5.81,0.00,VMS 1,,Tanque,,1.14,1.02,1.80,1.62,2.18,2.10,3.93,3.95
09/02/2024 08:05 a. m.,Ordeño,06:20,12.38,2,,,,,0,,0.84,0.66,1.32,1.20,0,0,0,0,5.53,5.48,5.73,0.00,VMS 1,,Tanque,,1.26,1.14,2.22,1.68,2.35,2.27,3.81,3.95
09/02/2024 05:09 p. m.,Ordeño,10:10,21.58,3,,,,,0,,0.90,0.90,1.56,1.14,0,0,0,0,5.66,5.62,5.78,0.00,VMS 1,,Tanque,,1.38,1.32,2.10,2.28,4.15,3.88,7.96,5.59
09/02/2024 09:37 p. m.,Ordeño,06:40,9.05,4,,,,,0,,0.66,0.42,0.72,0.78,0,0,0,0,5.41,5.42,5.46,0.00,VMS 1,,Tanque,,1.02,0.90,1.44,1.26,2.02,1.49,2.57,2.97
10/02/2024 06:07 a. m.,Ordeño,09:25,23.83,1,,,,,0,,0.90,0.78,1.62,1.14,0,0,0,0,5.63,5.55,5.68,0.00,VMS 1,,Tanque,,1.26,1.32,2.04,1.56,4.69,4.40,7.08,7.66
10/02/2024 11:55 a. m.,Ordeño,06:07,12.20,2,,,,,0,,0.90,0.66,1.14,1.08,0,0,0,0,5.28,5.36,5.22,0.00,VMS 1,,Tanque,,1.26,1.14,1.62,1.62,2.47,2.19,3.66,3.88
10/02/2024 05:06 p. m.,Ordeño,07:58,12.24,3,,,,,0,,0.78,0.72,1.20,1.14,0,0,0,0,5.47,5.37,5.63,0.00,VMS 1,,Tanque,,1.26,1.20,2.04,2.22,2.43,1.93,3.79,4.09
10/02/2024 09:10 p. m.,Ordeño,08:17,10.42,4,,DI,,,0,,0.78,0.78,1.20,1.14,0,0,0,0,5.36,5.38,5.56,0.00,VMS 1,,Tanque,,1.20,1.08,1.86,1.56,1.78,1.69,3.38,3.57
11/02/2024 08:03 a. m.,Ordeño,09:39,24.27,1,,,,,0,,0.90,1.08,1.98,1.38,0,0,0,0,5.72,5.64,5.79,0.00,VMS 1,,Tanque,,1.32,1.50,2.52,1.80,5.99,3.62,6.89,7.77
11/02/2024 04:11 p. m.,Ordeño,08:22,13.52,2,,TD,TI,TI,0,,0.90,0.90,0.00,1.26,0,0,0,0,5.33,5.39,0.00,0.00,VMS 1,,Tanque,,1.44,1.26,0.00,1.74,3.89,3.52,0.00,6.11
12/02/2024 02:59 a. m.,Ordeño,07:58,23.84,1,,,,,0,,1.08,1.14,1.80,1.50,0,0,0,0,5.65,5.58,5.64,0.00,VMS 1,,Tanque,,1.56,1.56,2.34,1.92,5.59,3.69,8.19,6.37
12/02/2024 01:37 p. m.,Ordeño,08:36,24.03,2,,,,,0,,0.96,0.90,1.56,1.32,0,0,0,0,5.45,5.31,5.48,0.00,VMS 1,,Tanque,,1.38,1.32,2.04,1.74,4.85,4.26,7.04,7.88
12/02/2024 11:06 p. m.,Ordeño,08:45,21.16,3,,,,,0,,1.02,0.84,1.44,1.20,0,320,0,0,5.33,5.24,5.61,0.00,VMS 1,,Tanque,,1.56,1.20,1.92,1.80,4.25,3.81,6.33,6.77
13/02/2024 08:14 a. m.,Ordeño,07:15,19.09,1,,,,,0,,0.96,0.90,1.44,1.38,0,0,0,0,5.40,5.36,5.53,0.00,VMS 1,,Tanque,,1.86,1.56,2.10,1.86,4.09,3.18,5.85,5.97
13/02/2024 06:25 p. m.,Ordeño,08:55,25.38,2,,,,,0,,0.90,1.08,1.68,1.38,0,0,0,0,5.77,5.69,6.09,0.00,VMS 1,,Tanque,,1.38,1.62,2.10,1.98,5.35,4.37,7.05,8.61
14/02/2024 03:30 a. m.,Ordeño,08:07,23.71,1,,TD,,,0,,0.96,0.90,1.62,1.32,0,0,0,0,5.44,5.51,5.80,0.00,VMS 1,,Tanque,,1.44,1.26,2.10,1.98,4.75,4.88,6.61,7.47
14/02/2024 03:16 p. m.,Ordeño,09:53,27.69,2,,,,,0,,1.02,1.14,1.68,1.38,0,0,0,0,5.55,5.56,5.88,0.00,VMS 1,,Tanque,,1.74,1.56,2.16,2.10,5.79,4.79,8.33,8.78
15/02/2024 01:46 a. m.,Ordeño,08:06,20.93,1,,,,,0,,0.96,1.02,1.50,1.14,0,0,0,0,5.27,5.30,5.56,0.00,VMS 1,,Tanque,,1.44,1.44,1.92,1.50,4.25,3.60,6.37,6.71
15/02/2024 07:58 a. m.,Ordeño,05:42,13.22,2,,,,,0,,0.90,0.78,1.38,1.20,0,0,0,0,5.17,5.18,5.41,0.00,VMS 1,,Tanque,,1.38,1.14,1.86,1.56,2.76,2.39,4.14,3.93
15/02/2024 05:58 p. m.,Ordeño,07:36,20.32,3,,,,,0,,0.90,1.02,1.74,1.38,0,0,0,0,5.43,5.44,5.76,0.00,VMS 1,,Tanque,,1.32,1.44,2.22,1.80,4.38,3.34,6.14,6.46
15/02/2024 11:48 p. m.,Ordeño,06:21,13.92,4,,,,,0,,0.90,0.90,1.44,1.08,0,0,0,0,5.14,5.26,5.45,0.00,VMS 1,,Tanque,,1.32,1.44,1.92,1.74,2.63,2.72,4.26,4.31
16/02/2024 10:45 a. m.,Ordeño,09:06,24.80,1,,TI,,,0,,0.96,1.08,1.80,1.38,0,0,0,0,5.97,6.04,6.38,0.00,VMS 1,,Tanque,,1.26,1.56,2.22,2.04,5.83,4.30,7.16,7.51
16/02/2024 07:07 p. m.,Ordeño,09:17,22.81,2,,,,,0,,0.78,1.08,1.68,1.26,0,0,0,0,5.64,5.62,6.19,0.00,VMS 1,,Tanque,,1.26,1.50,2.04,1.68,4.62,3.96,7.58,6.65
16/02/2024 11:48 p. m.,Ordeño,07:38,13.12,3,,,,,0,,0.84,0.72,1.26,0.90,0,0,0,0,5.45,5.44,5.84,0.00,VMS 1,,Tanque,,1.80,1.26,1.98,1.80,2.55,2.30,4.03,4.24
17/02/2024 08:31 a. m.,Ordeño,08:00,20.40,1,,TD,,,0,,0.96,0.96,1.68,1.38,0,0,0,0,5.86,5.86,6.30,0.00,VMS 1,,Tanque,,1.38,1.32,2.10,2.58,4.72,3.68,6.08,5.92
18/02/2024 05:29 a. m.,Ordeño,06:34,18.33,1,,,,,0,,0.96,0.96,1.38,1.32,0,0,0,0,5.54,5.66,5.75,0.00,VMS 1,,Tanque,,1.50,1.56,1.86,1.74,3.60,3.24,5.74,5.75
18/02/2024 03:37 p. m.,Ordeño,08:53,23.00,2,,,,,0,,1.02,1.08,1.62,1.38,0,0,0,0,5.57,5.73,5.88,0.00,VMS 1,,Tanque,,1.44,1.50,2.10,1.92,4.47,4.51,6.04,7.98
18/02/2024 08:25 p. m.,Ordeño,05:58,10.04,3,,TD,,,0,,0.72,0.66,0.96,1.02,0,0,0,0,5.36,5.41,5.56,0.00,VMS 1,,Tanque,,1.20,1.20,1.56,1.50,2.03,1.86,2.93,3.22
19/02/2024 03:51 a. m.,Ordeño,09:19,20.14,1,,,,,0,,0.78,1.02,1.50,1.32,0,0,0,0,5.47,5.66,5.91,0.00,VMS 1,,Tanque,,1.14,1.44,1.98,1.80,4.30,3.41,6.43,6.00
19/02/2024 03:40 p. m.,Ordeño,10:22,26.03,2,,,,,0,,0.90,1.14,1.74,1.56,0,0,0,0,5.46,5.69,5.81,0.00,VMS 1,,Tanque,,1.56,1.68,2.16,2.04,5.97,4.01,7.79,8.26
19/02/2024 11:09 p. m.,Ordeño,07:05,15.90,3,,,,,0,,0.84,0.78,1.38,1.14,0,0,0,0,5.30,5.23,5.47,0.00,VMS 1,,Tanque,,1.26,1.20,1.86,1.50,3.33,2.79,4.74,5.04
20/02/2024 08:29 a. m.,Ordeño,07:43,22.70,1,,,,,0,,0.96,1.08,1.62,1.26,0,0,0,0,5.69,5.63,6.08,0.00,VMS 1,,Tanque,,1.44,1.68,2.10,1.74,4.89,3.90,7.14,6.77
20/02/2024 04:44 p. m.,Ordeño,07:40,19.12,2,,,,,0,,0.96,0.96,1.50,1.14,0,0,0,0,5.75,5.76,5.80,0.00,VMS 1,,Tanque,,1.38,1.38,2.04,1.56,4.05,3.34,5.74,5.99
20/02/2024 11:41 p. m.,Ordeño,10:34,17.53,3,,,,,0,,0.84,0.84,1.32,1.26,0,0,0,0,5.14,5.23,5.40,0.00,VMS 1,,Tanque,,1.68,1.32,1.86,1.92,3.51,3.06,5.53,5.43
21/02/2024 08:38 a. m.,Ordeño,22:56,19.69,1,,,DI,,0,,0.84,1.02,1.56,1.32,0,0,0,0,5.57,5.61,5.89,0.00,VMS 1,,Tanque,,1.20,1.56,1.98,1.68,1.98,4.28,6.71,6.72
21/02/2024 03:39 p. m.,Ordeño,09:00,18.36,2,,,,,0,,0.90,0.96,1.38,1.20,0,0,0,0,5.48,5.52,5.68,0.00,VMS 1,,Tanque,,1.32,1.44,1.92,1.68,5.10,2.83,5.12,5.31
21/02/2024 11:23 p. m.,Ordeño,09:30,19.97,3,,,,,0,,0.96,0.96,1.44,1.14,0,0,0,0,5.34,5.53,5.67,0.00,VMS 1,,Tanque,,1.50,1.44,1.98,1.68,4.10,3.56,6.08,6.23
22/02/2024 09:23 a. m.,Ordeño,11:32,24.77,1,,,,,0,,0.90,0.60,1.62,1.02,0,0,0,0,5.75,4.83,5.74,0.00,VMS 1,,Tanque,,1.26,1.20,2.22,1.50,5.09,4.37,6.95,8.36
22/02/2024 02:54 p. m.,Ordeño,07:01,13.54,2,,TI,,,0,,0.84,0.90,1.44,1.08,0,0,0,0,5.41,5.57,5.72,0.00,VMS 1,,Tanque,,1.38,1.38,2.10,1.68,2.77,2.54,4.05,4.18
23/02/2024 12:15 a. m.,Ordeño,09:17,24.83,1,,,,,0,,0.90,1.02,1.56,1.14,0,0,0,0,5.53,5.55,5.90,0.00,VMS 1,,Tanque,,1.20,1.50,2.04,1.68,5.08,4.34,7.53,7.88
23/02/2024 08:29 a. m.,Ordeño,07:53,21.69,2,,,,,0,,0.90,1.08,1.62,1.20,0,0,0,0,5.62,5.54,5.90,0.00,VMS 1,,Tanque,,1.26,1.56,2.22,1.56,4.37,3.73,6.85,6.74
23/02/2024 04:14 p. m.,Ordeño,14:28,12.77,3,,,TD,TD,0,,1.02,0.90,1.44,0.00,0,0,0,0,5.43,5.35,5.44,0.00,VMS 1,,Tanque,,1.44,1.32,2.16,0.00,3.60,3.33,5.84,0.00
24/02/2024 12:23 a. m.,Ordeño,10:23,20.78,1,,"TI,TD",,,0,,0.84,0.96,1.38,1.38,0,0,0,0,5.39,5.42,5.54,0.00,VMS 1,,Tanque,,1.26,1.26,1.80,1.86,3.80,3.37,5.27,8.34
24/02/2024 08:25 a. m.,Ordeño,09:51,20.23,2,,TI,,,0,,0.78,0.90,1.38,1.08,0,0,0,0,5.52,5.51,5.76,0.00,VMS 1,,Tanque,,1.20,1.26,1.92,1.56,4.07,3.63,6.36,6.17
24/02/2024 03:17 p. m.,Ordeño,07:08,14.89,3,,"DI,TI",,,0,,0.90,1.08,1.56,1.20,0,0,0,0,5.58,5.58,5.85,0.00,VMS 1,,Tanque,,1.56,1.44,2.70,2.04,2.20,3.06,4.66,4.97
25/02/2024 12:50 a. m.,Ordeño,09:45,23.76,1,,,,,0,,1.02,1.14,1.62,1.32,0,0,0,0,5.71,5.70,5.97,0.00,VMS 1,,Tanque,,1.50,1.50,2.16,2.40,5.39,4.45,6.46,7.46
25/02/2024 07:14 a. m.,Ordeño,07:52,16.60,2,,"TI,TD",,,0,,0.84,0.90,1.38,1.02,0,0,0,0,5.31,5.42,5.77,0.00,VMS 1,,Tanque,,1.20,1.32,1.86,1.62,3.45,2.73,4.97,5.45
25/02/2024 05:04 p. m.,Ordeño,09:20,23.21,3,,TD,,,0,,0.90,1.02,1.56,1.26,0,0,0,0,5.85,5.69,6.21,0.00,VMS 1,,Tanque,,1.32,1.38,2.04,1.92,5.03,4.56,7.49,6.13
25/02/2024 11:03 p. m.,Ordeño,07:42,14.72,4,,TD,,,0,,0.84,0.84,1.38,1.02,0,0,0,0,5.73,5.60,5.95,0.00,VMS 1,,Tanque,,1.20,1.26,1.92,1.50,3.12,2.44,4.50,4.66
26/02/2024 05:39 a. m.,Ordeño,07:11,16.78,1,,"TI,TD",,,0,,0.78,0.96,1.32,1.14,0,0,0,0,5.72,5.79,5.96,0.00,VMS 1,,Tanque,,1.20,1.26,1.80,1.56,3.48,3.08,4.99,5.23
26/02/2024 12:33 p. m.,Ordeño,07:05,17.90,2,,,,,0,,0.84,1.02,1.68,1.38,0,0,0,0,5.53,5.50,5.83,0.00,VMS 1,,Tanque,,1.26,1.50,2.10,1.80,3.74,3.30,5.56,5.30
26/02/2024 06:52 p. m.,Ordeño,06:11,13.85,3,,TD,,,0,,1.02,1.02,1.38,1.32,0,0,0,0,5.58,5.53,5.75,0.00,VMS 1,,Tanque,,1.56,1.38,1.92,1.92,2.94,2.31,4.59,4.01
27/02/2024 02:35 a. m.,Ordeño,09:54,20.41,1,,,,,0,,0.90,0.90,1.32,1.20,0,0,0,0,5.73,5.81,5.96,0.00,VMS 1,,Tanque,,1.20,1.20,1.68,1.62,4.14,3.69,6.03,6.55
27/02/2024 10:27 a. m.,Ordeño,08:01,20.45,2,,,,,0,,0.90,1.08,1.56,1.20,0,0,0,0,5.83,5.94,6.19,0.00,VMS 1,,Tanque,,1.32,1.50,2.34,1.62,4.47,3.26,6.46,6.26
27/02/2024 05:44 p. m.,Ordeño,07:55,10.71,3,,,"DI,TI",,0,,0.72,1.02,0.60,1.08,0,0,0,0,5.76,6.11,5.66,0.00,VMS 1,,Tanque,,1.20,1.32,1.44,1.68,1.75,3.02,1.36,4.58
28/02/2024 12:48 a. m.,Ordeño,07:17,17.04,1,,TD,,,0,,0.84,0.90,1.44,1.14,0,0,0,0,5.76,5.50,6.06,0.00,VMS 1,,Tanque,,1.26,1.26,1.92,1.56,3.56,3.08,5.08,5.32
28/02/2024 07:46 a. m.,Ordeño,07:37,17.87,2,,TD,,,0,,1.02,0.84,1.50,1.14,0,0,0,0,5.90,5.62,6.10,0.00,VMS 1,,Tanque,,1.50,1.26,1.86,1.74,3.50,3.33,5.38,5.66
28/02/2024 05:09 p. m.,Ordeño,09:21,16.84,3,,,,,0,,0.90,0.90,1.44,1.14,0,0,0,0,6.00,5.87,6.25,0.00,VMS 1,,Tanque,,1.38,1.32,2.04,1.56,4.26,2.61,4.73,5.24
28/02/2024 11:44 p. m.,Ordeño,09:23,17.55,4,,,,,0,,0.78,0.84,1.20,1.32,0,0,0,0,5.60,5.49,5.91,0.00,VMS 1,,Tanque,,1.14,1.32,1.80,1.86,3.55,3.20,5.18,5.62
29/02/2024 05:55 a. m.,Ordeño,09:09,9.10,1,,,TI,TI,0,,0.84,0.84,0.00,1.02,0,0,0,0,5.49,5.40,0.00,0.00,VMS 1,,Tanque,,1.20,1.26,0.00,1.44,2.96,2.37,0.00,3.77
29/02/2024 10:49 a. m.,Ordeño,07:23,14.93,2,,,,,0,,0.78,0.90,1.50,1.14,0,0,0,0,5.47,5.54,5.91,0.00,VMS 1,,Tanque,,1.14,1.32,1.86,1.44,2.67,2.22,5.68,4.36
29/02/2024 05:04 p. m.,Ordeño,08:20,19.18,3,,,,,0,,0.90,1.08,1.50,1.20,0,0,0,0,5.59,5.57,5.66,0.00,VMS 1,,Tanque,,1.32,1.50,1.98,1.74,4.07,3.37,5.69,6.05
29/02/2024 11:32 p. m.,Ordeño,07:16,17.04,4,,TD,,,0,,0.84,0.96,1.50,1.14,0,0,0,0,5.54,5.52,5.79,0.00,VMS 1,,Tanque,,1.32,1.26,1.92,1.56,3.59,3.41,5.79,4.25
01/03/2024 03:35 a. m.,Ordeño,09:32,9.22,1,,,DD,DD,0,,0.66,0.00,1.02,1.08,0,0,0,0,5.41,0.00,5.50,0.00,VMS 1,,Tanque,,1.26,0.00,2.10,2.16,2.09,0.00,2.93,4.20
01/03/2024 01:12 p. m.,Ordeño,10:26,25.33,2,,,,,0,,1.02,1.08,1.68,1.32,0,0,0,0,6.21,5.77,6.25,0.00,VMS 1,,Tanque,,1.38,1.50,2.34,1.74,5.70,5.09,7.37,7.17
01/03/2024 05:48 p. m.,Ordeño,06:33,10.50,3,,,,,0,,0.72,0.66,1.02,0.84,0,0,0,0,6.10,5.61,6.18,0.00,VMS 1,,Tanque,,1.08,1.14,1.56,1.32,2.21,1.86,3.27,3.16
01/03/2024 09:44 p. m.,Ordeño,05:39,12.12,4,,,,,0,,0.96,0.90,1.50,1.20,0,0,0,0,6.06,5.65,6.24,0.00,VMS 1,,Tanque,,1.86,1.32,2.22,1.62,2.76,1.98,3.80,3.58
02/03/2024 09:15 a. m.,Ordeño,10:18,26.27,1,,,,,0,,1.08,1.14,1.68,1.20,0,0,0,0,5.74,5.94,6.08,0.00,VMS 1,,Tanque,,1.56,1.68,2.10,1.80,5.22,4.62,7.68,8.75
02/03/2024 09:08 p. m.,Ordeño,10:13,25.63,2,,TD,,,0,,0.96,0.96,1.62,1.14,0,0,0,0,5.33,5.49,5.60,0.00,VMS 1,,Tanque,,1.38,1.38,2.16,1.80,5.17,4.81,7.31,8.34
03/03/2024 02:51 a. m.,Ordeño,08:13,12.96,1,,,,,0,,0.84,0.84,1.32,1.02,0,0,0,0,5.44,5.20,5.37,0.00,VMS 1,,Tanque,,1.44,1.38,2.40,1.86,2.66,2.39,3.99,3.92
03/03/2024 09:36 a. m.,Ordeño,06:29,13.62,2,,,,,0,,0.84,1.02,1.50,1.26,0,0,0,0,5.44,5.59,5.83,0.00,VMS 1,,Tanque,,1.20,1.50,1.92,1.74,2.95,2.63,3.85,4.19
03/03/2024 10:31 p. m.,Ordeño,10:35,28.12,3,,,,,0,,0.96,0.96,1.68,1.26,0,0,0,0,5.51,5.48,5.63,0.00,VMS 1,,Tanque,,1.38,1.38,2.16,1.62,5.83,5.28,7.49,9.52
04/03/2024 07:04 a. m.,Ordeño,08:07,18.52,1,,TI,,,0,,0.84,0.96,1.56,1.20,0,0,0,0,5.44,5.44,5.86,0.00,VMS 1,,Tanque,,1.32,1.50,2.40,1.74,3.91,3.40,5.25,5.96
04/03/2024 06:38 p. m.,Ordeño,11:28,25.36,2,,,,,0,,0.96,1.02,1.44,1.32,0,0,0,0,5.55,5.42,5.63,0.00,VMS 1,,Tanque,,1.44,1.56,1.92,1.86,5.20,4.49,7.33,8.34
05/03/2024 07:31 a. m.,Ordeño,10:38,25.69,1,,,,,0,,0.78,1.14,1.62,1.32,0,0,0,0,5.47,5.69,5.86,0.00,VMS 1,,Tanque,,1.14,1.56,2.10,1.74,6.12,4.96,7.20,7.41
05/03/2024 06:27 p. m.,Ordeño,10:03,24.60,2,,,,,0,,0.90,0.96,1.56,1.38,0,0,0,0,5.61,5.53,5.96,0.00,VMS 1,,Tanque,,1.26,1.38,2.16,2.82,5.43,3.67,7.58,7.92
06/03/2024 03:03 a. m.,Ordeño,07:49,18.32,1,,"TI,TD",,,0,,0.90,1.08,1.50,1.32,0,0,0,0,5.48,5.56,5.89,0.00,VMS 1,,Tanque,,1.38,1.74,2.10,1.74,4.41,3.56,5.48,4.87
06/03/2024 11:19 a. m.,Ordeño,07:03,16.32,2,,,,,0,,0.90,0.96,1.68,1.20,0,0,0,0,5.64,5.56,5.96,0.00,VMS 1,,Tanque,,1.32,1.50,2.16,1.68,2.91,2.67,5.24,5.50
06/03/2024 11:15 p. m.,Ordeño,09:40,23.53,3,,,,,0,,1.02,1.02,1.50,1.14,0,0,0,0,5.63,5.75,5.79,0.00,VMS 1,,Tanque,,1.62,1.74,2.04,2.10,4.63,4.22,6.87,7.81
07/03/2024 08:14 a. m.,Ordeño,08:36,21.32,1,,,,,0,,0.96,0.96,1.50,1.20,0,0,0,0,5.98,6.02,6.26,0.00,VMS 1,,Tanque,,1.32,1.50,2.04,1.62,4.43,3.85,6.44,6.60
07/03/2024 06:00 p. m.,Ordeño,08:47,21.12,2,,,,,0,,0.84,0.96,1.44,1.08,0,0,0,0,5.62,5.63,5.97,0.00,VMS 1,,Tanque,,1.26,1.50,1.92,1.68,4.40,3.56,6.26,6.90
08/03/2024 09:11 a. m.,Ordeño,09:20,28.37,1,,,,,0,,1.02,1.08,1.62,1.32,0,0,0,0,5.80,5.75,6.03,0.00,VMS 1,,Tanque,,1.50,1.86,2.40,1.86,6.61,5.66,7.55,8.55
08/03/2024 06:48 p. m.,Ordeño,07:36,20.67,2,,"TI,TD",,,0,,0.96,1.20,1.62,1.26,0,0,0,0,5.65,5.81,6.00,0.00,VMS 1,,Tanque,,1.50,1.56,2.16,2.28,4.60,3.75,6.89,5.43
09/03/2024 05:18 a. m.,Ordeño,08:29,21.58,1,,"TI,TD",,,0,,0.90,0.96,1.50,1.50,0,0,0,0,5.69,5.64,6.09,0.00,VMS 1,,Tanque,,1.32,1.32,2.34,1.92,4.84,4.61,5.41,6.72
09/03/2024 01:02 p. m.,Ordeño,08:04,18.92,2,,,,,0,,0.96,1.14,1.74,1.38,0,0,0,0,5.73,5.81,6.10,0.00,VMS 1,,Tanque,,1.44,1.56,2.16,1.86,3.60,3.07,6.57,5.68
09/03/2024 06:51 p. m.,Ordeño,05:59,13.57,3,,,,,0,,0.90,1.02,1.44,1.26,0,0,0,0,5.48,5.45,5.67,0.00,VMS 1,,Tanque,,1.32,1.56,2.04,1.62,2.74,2.42,4.14,4.27
10/03/2024 03:43 a. m.,Ordeño,08:43,19.31,1,,TI,,,0,,0.84,0.90,1.50,1.26,0,0,0,0,5.54,5.52,5.91,0.00,VMS 1,,Tanque,,1.26,1.38,2.04,1.74,4.45,3.56,4.61,6.69
10/03/2024 11:35 a. m.,Ordeño,07:28,15.68,2,,TI,,,0,,0.84,1.08,1.74,1.44,0,0,0,0,5.43,5.44,6.04,0.00,VMS 1,,Tanque,,1.32,1.50,2.76,2.52,3.70,3.07,3.41,5.50
10/03/2024 06:40 p. m.,Ordeño,06:43,16.73,3,,,,,0,,0.84,0.90,1.50,1.32,0,0,0,0,5.69,5.58,5.92,0.00,VMS 1,,Tanque,,1.26,1.26,2.04,1.98,3.11,2.68,6.01,4.93
11/03/2024 03:30 a. m.,Ordeño,08:07,20.39,1,,,,,0,,0.96,0.96,1.50,1.44,0,0,0,0,5.71,5.68,5.92,0.00,VMS 1,,Tanque,,1.44,1.32,1.86,1.92,4.22,3.69,5.85,6.63
11/03/2024 09:08 a. m.,Ordeño,06:40,13.43,2,,,,,0,,0.84,0.72,1.26,1.08,0,0,0,0,5.55,5.48,5.77,0.00,VMS 1,,Tanque,,1.32,1.26,2.04,1.68,2.70,2.53,3.97,4.23
11/03/2024 05:30 p. m.,Ordeño,08:41,17.98,3,,,,,0,,0.96,0.84,1.50,1.02,0,0,0,0,5.49,5.49,5.71,0.00,VMS 1,,Tanque,,1.44,1.26,2.22,1.56,3.53,3.06,5.13,6.26
12/03/2024 01:42 a. m.,Ordeño,08:47,18.28,1,,,,,0,,0.90,0.90,1.38,1.08,0,0,0,0,5.70,5.77,5.98,0.00,VMS 1,,Tanque,,1.32,1.20,1.92,2.10,3.84,3.22,5.41,5.81
12/03/2024 09:49 a. m.,Ordeño,07:59,18.17,2,,,,,0,,0.90,1.02,1.74,1.20,0,0,0,0,5.65,5.49,6.10,0.00,VMS 1,,Tanque,,1.32,1.44,2.22,1.68,3.89,3.43,5.66,5.19
12/03/2024 06:54 p. m.,Ordeño,08:34,19.58,3,,,,,0,,1.02,1.08,1.62,1.20,0,0,0,0,5.44,5.59,5.79,0.00,VMS 1,,Tanque,,1.44,1.56,2.10,1.50,4.07,3.38,5.77,6.36
12/03/2024 11:05 p. m.,Ordeño,06:56,8.12,4,,,,,0,,0.54,0.54,0.90,0.78,0,0,0,0,5.26,5.24,5.51,0.00,VMS 1,,Tanque,,1.02,1.14,2.10,1.32,1.66,1.45,2.66,2.35
13/03/2024 09:05 a. m.,Ordeño,08:25,23.54,1,,,,,0,,0.96,1.20,1.86,1.32,0,0,0,0,5.69,5.69,5.88,0.00,VMS 1,,Tanque,,1.38,1.68,2.46,1.68,5.12,4.23,6.96,7.23
13/03/2024 06:52 p. m.,Ordeño,08:09,21.30,2,,,,,0,,0.90,1.02,1.74,1.26,0,0,0,0,5.66,5.81,6.07,0.00,VMS 1,,Tanque,,1.38,1.38,2.40,1.86,4.52,3.60,6.05,7.13
14/03/2024 03:13 a. m.,Ordeño,07:34,20.19,1,,DI,,,0,,0.78,1.02,1.80,1.44,0,0,0,0,5.90,5.74,6.22,0.00,VMS 1,,Tanque,,1.32,1.50,2.40,1.86,3.72,3.67,6.50,6.30
14/03/2024 08:47 a. m.,Ordeño,07:43,14.24,2,,,,,0,,1.02,0.78,1.68,1.14,0,0,0,0,5.89,5.60,6.22,0.00,VMS 1,,Tanque,,1.44,1.14,2.22,1.56,3.59,2.10,4.23,4.32
15/03/2024 12:10 a. m.,Ordeño,10:13,29.49,1,,,,,0,,1.02,1.08,1.80,1.20,0,0,0,0,5.88,5.79,5.71,0.00,VMS 1,,Tanque,,1.38,1.38,2.34,1.62,7.11,6.63,7.18,8.57
15/03/2024 11:48 a. m.,Ordeño,08:54,26.21,2,,,,,0,,0.96,1.14,1.80,1.38,0,0,0,0,5.75,5.81,6.14,0.00,VMS 1,,Tanque,,1.44,1.50,2.22,1.86,5.70,4.60,7.74,8.17
15/03/2024 11:35 p. m.,Ordeño,09:32,26.23,3,,,,,0,,1.02,1.08,1.80,1.26,0,0,0,0,5.83,5.83,6.13,0.00,VMS 1,,Tanque,,1.44,1.38,2.28,1.68,5.67,4.45,7.02,9.09
16/03/2024 09:44 a. m.,Ordeño,07:25,24.30,1,,,,,0,,1.08,1.26,1.92,1.56,0,0,0,0,5.57,5.53,5.65,0.00,VMS 1,,Tanque,,1.44,1.68,2.34,2.22,5.18,4.33,7.32,7.47
16/03/2024 05:56 p. m.,Ordeño,06:51,17.21,2,,TD,,,0,,1.08,0.96,1.74,1.38,0,0,0,0,5.49,5.38,5.74,0.00,VMS 1,,Tanque,,1.68,1.44,2.22,2.04,3.90,2.99,5.10,5.22
17/03/2024 12:37 a. m.,Ordeño,06:38,15.45,1,,,,,0,,0.90,0.96,1.56,1.32,0,0,0,0,5.75,5.77,6.13,0.00,VMS 1,,Tanque,,1.44,1.50,2.16,1.68,3.14,2.66,4.18,5.47
17/03/2024 07:18 a. m.,Ordeño,06:38,16.72,2,,TD,,,0,,0.84,0.96,1.68,1.38,0,0,0,0,5.97,5.77,6.24,0.00,VMS 1,,Tanque,,1.20,1.38,2.22,1.74,3.18,3.08,5.49,4.97
17/03/2024 05:52 p. m.,Ordeño,07:03,19.10,3,,,,,0,,1.02,1.26,1.98,1.44,0,0,0,0,6.29,5.86,5.82,0.00,VMS 1,,Tanque,,1.38,1.68,2.88,1.74,3.27,3.61,5.54,6.68
19/03/2024 12:24 a. m.,Ordeño,06:53,14.20,1,,TD,,,0,,0.78,0.96,1.44,1.20,0,0,0,0,5.87,5.37,5.73,0.00,VMS 1,,Tanque,,1.26,1.50,1.86,1.62,2.18,2.74,4.95,4.33
19/03/2024 07:20 a. m.,Ordeño,07:38,18.08,2,,,,,0,,0.84,0.96,1.38,1.14,0,0,0,0,6.14,5.75,3.22,0.00,VMS 1,,Tanque,,1.20,1.56,2.16,1.56,2.40,2.47,8.58,4.63
20/03/2024 12:04 a. m.,Ordeño,08:48,19.84,1,,,,,0,,0.90,0.96,1.56,1.20,0,0,0,0,5.98,5.59,5.91,0.00,VMS 1,,Tanque,,1.26,1.32,1.98,1.62,3.65,3.19,6.00,7.00
20/03/2024 12:04 p. m.,Ordeño,08:55,24.14,2,,TD,,,0,,1.08,1.14,1.74,1.26,0,0,0,0,6.22,5.85,6.17,0.00,VMS 1,,Tanque,,1.68,1.50,2.46,1.92,5.35,4.89,6.64,7.26
20/03/2024 07:21 p. m.,Ordeño,08:30,16.44,3,,,,,0,,1.02,0.96,1.50,1.14,0,0,0,0,6.08,5.63,6.04,0.00,VMS 1,,Tanque,,1.38,1.56,2.04,1.62,3.31,3.03,5.15,4.95
21/03/2024 06:44 a. m.,Ordeño,09:32,23.65,1,,,,,0,,0.96,0.90,1.68,1.20,0,0,0,0,6.27,5.59,5.98,0.00,VMS 1,,Tanque,,1.44,1.32,2.10,1.62,4.88,4.49,5.97,8.31
23/03/2024 10:03 a. m.,Ordeño,07:38,19.48,2,,,,,0,,1.02,1.02,1.56,1.20,0,0,0,0,5.58,5.40,5.73,0.00,VMS 1,,Tanque,,1.50,1.50,2.16,1.56,3.63,3.44,6.12,6.29
23/03/2024 03:03 p. m.,Ordeño,06:18,9.94,3,,TI,,,0,,0.60,0.66,1.38,1.14,0,0,0,0,5.66,5.30,5.71,0.00,VMS 1,,Tanque,,1.14,1.14,1.92,1.98,1.79,2.11,2.36,3.68
24/03/2024 12:38 a. m.,Ordeño,08:42,22.67,1,,DI,,,0,,0.96,1.02,1.68,1.20,0,0,0,0,6.15,5.91,5.96,0.00,VMS 1,,Tanque,,1.32,1.50,2.22,1.62,3.85,3.89,7.54,7.39
24/03/2024 06:26 a. m.,Ordeño,08:38,13.63,2,,,,,0,,0.90,0.78,1.38,1.08,0,0,0,0,6.13,5.76,6.04,0.00,VMS 1,,Tanque,,1.38,1.26,2.04,1.74,2.28,2.53,4.15,4.67
24/03/2024 04:42 p. m.,Ordeño,09:04,23.41,3,,,,,0,,0.96,1.08,1.68,1.20,0,0,0,0,6.12,5.82,6.05,0.00,VMS 1,,Tanque,,1.32,1.56,2.10,1.62,4.60,3.91,7.25,7.65
24/03/2024 11:21 p. m.,Ordeño,05:54,13.32,4,,,,,0,,1.02,0.96,1.62,1.14,0,0,0,0,5.50,5.36,5.65,0.00,VMS 1,,Tanque,,1.56,1.50,2.28,1.56,2.46,2.52,4.25,4.09
25/03/2024 10:21 a. m.,Ordeño,09:25,22.09,1,,"TI,TD",,,0,,0.90,0.96,1.62,1.20,0,0,0,0,5.93,5.78,6.10,0.00,VMS 1,,Tanque,,1.38,1.38,2.04,1.80,5.25,4.48,6.12,6.24
25/03/2024 04:49 p. m.,Ordeño,08:47,17.36,2,,TD,,,0,,0.90,0.84,1.62,1.20,0,0,0,0,5.48,5.29,5.66,0.00,VMS 1,,Tanque,,1.32,1.38,2.10,1.92,2.67,2.39,6.40,5.90
26/03/2024 05:14 a. m.,Ordeño,11:23,26.64,1,,,,,0,,0.84,1.14,1.86,1.56,0,0,0,0,5.87,5.78,6.00,0.00,VMS 1,,Tanque,,1.38,1.50,2.34,2.40,5.87,4.49,7.84,8.44
26/03/2024 02:43 p. m.,Ordeño,08:59,23.64,2,,,,,0,,0.96,1.20,1.86,1.44,0,0,0,0,5.66,5.65,4.97,0.00,VMS 1,,Tanque,,1.56,1.62,2.34,1.80,4.57,4.03,8.05,6.99
26/03/2024 08:15 p. m.,Ordeño,05:40,7.50,3,,"TI,TD",TD,,0,,0.84,0.78,1.38,0.72,0,0,0,0,5.33,5.42,5.32,0.00,VMS 1,,Tanque,,1.38,1.32,1.92,1.32,2.11,1.90,3.15,0.34
27/03/2024 03:31 a. m.,Ordeño,09:08,20.91,1,,,,,0,,0.72,0.84,1.56,1.32,0,0,0,0,5.57,5.53,6.01,0.00,VMS 1,,Tanque,,1.20,1.32,2.22,1.68,3.59,3.09,5.40,8.83
27/03/2024 02:44 p. m.,Ordeño,10:15,24.39,2,,TI,,,0,,0.96,1.08,1.80,1.20,0,0,0,0,5.65,5.69,5.92,0.00,VMS 1,,Tanque,,1.50,1.50,2.34,1.74,4.89,4.25,7.34,7.91
27/03/2024 10:08 p. m.,Ordeño,08:26,14.73,3,,,,,0,,0.84,0.72,1.50,1.08,0,0,0,0,5.05,4.90,5.30,0.00,VMS 1,,Tanque,,1.20,1.26,2.04,1.86,2.84,2.58,4.57,4.74
28/03/2024 10:20 a. m.,Ordeño,12:41,26.52,1,,,,,0,,0.90,0.96,1.98,1.02,0,0,0,0,5.77,5.81,6.08,0.00,VMS 1,,Tanque,,1.26,1.32,2.46,1.56,5.73,4.64,6.97,9.18
28/03/2024 05:36 p. m.,Ordeño,06:31,13.88,2,,,,,0,,0.84,1.08,1.68,1.26,0,0,0,0,5.15,5.32,5.57,0.00,VMS 1,,Tanque,,1.38,1.56,2.28,1.62,2.89,2.46,4.36,4.17
29/03/2024 02:53 a. m.,Ordeño,07:08,18.35,1,,TD,,,0,,1.20,0.90,1.80,1.26,0,0,0,0,5.72,5.68,6.00,0.00,VMS 1,,Tanque,,1.56,1.44,2.22,1.98,3.84,3.68,5.05,5.78
29/03/2024 07:57 a. m.,Ordeño,06:33,13.38,2,,,,,0,,0.90,0.78,1.32,1.32,0,0,0,0,5.43,5.58,5.85,0.00,VMS 1,,Tanque,,1.44,1.26,2.04,1.80,2.56,1.99,4.39,4.44
29/03/2024 03:32 p. m.,Ordeño,07:26,17.50,3,,,,,0,,1.20,1.02,1.68,1.38,0,0,0,0,5.56,5.51,5.76,0.00,VMS 1,,Tanque,,1.86,1.68,2.34,2.04,3.60,3.22,4.88,5.80
30/03/2024 01:45 a. m.,Ordeño,08:08,21.68,1,,,,,0,,1.08,0.96,1.86,1.32,0,0,0,0,5.77,5.79,5.98,0.00,VMS 1,,Tanque,,1.56,1.44,2.40,1.74,4.34,3.98,5.61,7.75
30/03/2024 06:45 a. m.,Ordeño,06:29,12.45,2,,,,,0,,0.84,0.78,1.56,1.08,0,0,0,0,5.37,5.58,5.98,0.00,VMS 1,,Tanque,,1.38,1.32,2.10,1.62,2.69,2.17,3.58,4.01
30/03/2024 04:10 p. m.,Ordeño,08:18,20.99,3,,,,,0,,1.08,0.96,1.80,1.26,0,0,0,0,5.58,5.51,5.82,0.00,VMS 1,,Tanque,,1.38,1.44,2.40,1.56,4.34,3.89,5.63,7.13
31/03/2024 01:42 a. m.,Ordeño,07:42,19.10,1,,,,,0,,0.84,0.84,1.56,1.20,0,0,0,0,5.24,5.31,5.63,0.00,VMS 1,,Tanque,,1.26,1.20,2.10,1.62,3.88,3.00,5.95,6.27
31/03/2024 02:07 p. m.,Ordeño,10:14,27.42,2,,TI,,,0,,0.90,1.20,1.62,1.44,0,0,0,0,5.73,5.93,4.99,0.00,VMS 1,,Tanque,,1.38,1.68,2.22,1.86,5.68,4.91,8.46,8.37
31/03/2024 07:16 p. m.,Ordeño,06:27,10.08,3,,TI,,,0,,0.90,0.78,1.38,1.08,0,0,0,0,5.44,5.37,5.55,0.00,VMS 1,,Tanque,,1.32,1.26,1.92,1.56,1.97,2.05,3.08,2.98
01/04/2024 07:24 a. m.,Ordeño,08:17,20.18,1,,,DD,DD,0,,1.02,0.00,2.04,1.44,0,0,0,0,5.57,0.00,5.55,0.00,VMS 1,,Tanque,,1.32,0.00,2.64,1.86,4.88,0.00,6.50,8.80
01/04/2024 02:41 p. m.,Ordeño,09:13,19.63,2,,,,,0,,0.90,1.08,1.86,1.26,0,0,0,0,5.24,5.91,5.28,0.00,VMS 1,,Tanque,,1.32,1.44,2.40,1.74,2.97,7.03,4.79,4.84
01/04/2024 11:05 p. m.,Ordeño,07:09,18.90,3,,,,,0,,1.02,1.02,1.68,1.26,0,0,0,0,5.62,5.37,5.82,0.00,VMS 1,,Tanque,,1.38,1.68,2.10,1.68,3.78,3.11,5.95,6.06
02/04/2024 10:20 a. m.,Ordeño,07:58,17.33,1,,TD,TD,,0,,1.08,1.14,1.86,1.20,0,0,0,0,5.77,5.72,5.79,0.00,VMS 1,,Tanque,,1.44,1.62,2.40,2.04,5.05,3.47,6.90,1.91
02/04/2024 03:05 p. m.,Ordeño,06:23,13.52,2,,TD,,,0,,0.72,0.66,0.96,1.38,0,0,0,0,5.48,5.52,5.51,0.00,VMS 1,,Tanque,,1.20,1.14,1.86,1.80,2.00,1.83,3.70,5.99
03/04/2024 12:19 a. m.,Ordeño,08:00,15.77,1,,TD,TD,,0,,0.96,1.08,1.74,1.02,0,0,0,0,5.51,5.71,5.97,0.00,VMS 1,,Tanque,,1.38,1.50,2.22,1.92,4.85,3.93,6.64,0.35
03/04/2024 07:52 a. m.,Ordeño,09:15,20.07,2,,,,,0,,0.90,0.84,1.50,1.26,0,0,0,0,5.31,5.33,5.56,0.00,VMS 1,,Tanque,,1.26,1.20,1.98,1.68,3.35,2.78,5.26,8.68
03/04/2024 02:20 p. m.,Ordeño,09:37,15.91,3,,,,,0,,0.90,0.90,1.44,1.20,0,0,0,0,5.45,5.55,5.76,0.00,VMS 1,,Tanque,,1.38,1.44,2.16,1.80,3.14,2.63,5.15,4.99
04/04/2024 12:50 a. m.,Ordeño,09:24,24.55,1,,,,,0,,0.84,0.96,1.68,1.26,0,0,0,0,5.53,5.79,5.93,0.00,VMS 1,,Tanque,,1.14,1.50,2.16,1.74,5.35,4.21,7.24,7.75
04/04/2024 07:10 a. m.,Ordeño,05:57,13.61,2,,,,,0,,0.84,0.84,1.38,1.14,0,0,0,0,5.18,5.40,5.68,0.00,VMS 1,,Tanque,,1.20,1.26,1.80,1.62,2.79,2.47,4.20,4.15
04/04/2024 02:38 p. m.,Ordeño,10:11,17.96,3,,TI,,,0,,0.84,0.90,1.62,1.20,0,0,0,0,5.37,5.64,5.95,0.00,VMS 1,,Tanque,,1.62,1.32,2.04,2.10,3.77,3.05,5.28,5.86
05/04/2024 07:33 a. m.,Ordeño,12:18,30.19,1,,,,,0,,0.84,1.02,1.68,1.38,0,0,0,0,5.65,5.91,6.03,0.00,VMS 1,,Tanque,,1.20,1.26,2.16,2.34,6.85,6.23,8.15,8.96
05/04/2024 04:01 p. m.,Ordeño,08:27,14.75,2,,,,,0,,0.90,0.96,1.50,1.20,0,0,0,0,5.15,5.55,5.18,0.00,VMS 1,,Tanque,,1.32,1.50,2.46,1.74,3.10,2.61,4.53,4.51
06/04/2024 12:57 a. m.,Ordeño,06:58,17.01,1,,,,,0,,0.84,0.90,1.50,1.20,0,0,0,0,5.49,5.61,5.50,0.00,VMS 1,,Tanque,,1.20,1.38,1.92,1.62,3.20,3.05,5.23,5.53
06/04/2024 06:56 a. m.,Ordeño,06:15,12.40,2,,,,,0,,0.78,0.72,1.20,1.14,0,0,0,0,5.63,5.66,5.69,0.00,VMS 1,,Tanque,,1.14,1.14,1.68,1.50,2.25,2.18,3.87,4.10
06/04/2024 12:09 p. m.,Ordeño,06:20,11.41,3,,,,,0,,0.84,0.78,1.62,1.26,0,0,0,0,5.63,5.59,5.80,0.00,VMS 1,,Tanque,,1.26,1.26,2.28,1.80,2.00,1.97,3.73,3.71
06/04/2024 06:38 p. m.,Ordeño,06:01,13.40,4,,"TI,TD",,,0,,0.84,0.90,1.68,1.32,0,0,0,0,5.75,5.98,5.88,0.00,VMS 1,,Tanque,,1.20,1.26,2.16,2.10,2.65,2.38,4.58,3.79
07/04/2024 02:31 a. m.,Ordeño,07:12,18.49,1,,,,,0,,0.90,1.02,1.68,1.26,0,0,0,0,5.75,6.12,6.07,0.00,VMS 1,,Tanque,,1.32,1.44,2.22,1.62,3.58,3.06,5.47,6.38
07/04/2024 10:03 a. m.,Ordeño,06:23,16.77,2,,TD,,,0,,0.96,1.14,1.80,1.50,0,0,0,0,5.70,5.92,5.91,0.00,VMS 1,,Tanque,,1.38,1.62,2.40,1.98,3.39,2.98,5.30,5.10
07/04/2024 05:35 p. m.,Ordeño,07:37,16.29,3,,,,,0,,0.96,0.84,1.62,1.32,0,0,0,0,5.56,5.65,5.82,0.00,VMS 1,,Tanque,,1.50,1.38,2.04,2.22,3.33,2.65,4.87,5.44
07/04/2024 11:43 p. m.,Ordeño,07:00,13.86,4,,,,,0,,0.90,0.90,1.44,1.20,0,0,0,0,5.67,5.93,5.88,0.00,VMS 1,,Tanque,,1.44,1.44,2.34,1.80,2.63,2.00,4.63,4.60
08/04/2024 07:28 a. m.,Ordeño,07:00,18.08,1,,,,,0,,0.96,0.96,1.56,1.26,0,0,0,0,5.70,5.92,6.03,0.00,VMS 1,,Tanque,,1.38,1.44,2.10,1.68,3.81,3.34,5.41,5.52
08/04/2024 09:28 p. m.,Ordeño,08:58,24.58,2,,,,,0,,0.96,1.02,1.68,1.26,0,0,0,0,5.50,5.82,5.95,0.00,VMS 1,,Tanque,,1.44,1.50,2.22,1.74,5.07,4.08,6.99,8.44
09/04/2024 01:31 a. m.,Ordeño,08:44,7.79,1,,TD,,,0,,0.42,0.36,0.54,0.72,0,0,0,0,4.98,5.20,5.28,0.00,VMS 1,,Tanque,,0.78,0.78,0.96,1.20,1.39,1.41,2.33,2.66
09/04/2024 02:51 p. m.,Ordeño,08:35,23.54,2,,,,,0,,0.96,1.08,1.74,1.32,0,0,0,0,5.69,6.08,6.20,0.00,VMS 1,,Tanque,,1.32,1.44,2.28,1.74,4.76,4.15,6.27,8.36
09/04/2024 10:54 p. m.,Ordeño,06:41,14.63,3,,,,,0,,0.84,0.90,1.50,1.20,0,0,0,0,5.06,5.52,5.67,0.00,VMS 1,,Tanque,,1.26,1.38,1.92,1.80,3.05,2.42,4.48,4.68
10/04/2024 05:44 a. m.,Ordeño,06:44,14.90,1,,,,,0,,0.84,1.02,1.56,1.32,0,0,0,0,5.28,5.72,5.96,0.00,VMS 1,,Tanque,,1.08,1.44,1.98,1.68,2.93,2.46,4.56,4.95
10/04/2024 02:31 p. m.,Ordeño,08:15,18.93,2,,TD,,,0,,0.96,0.96,1.62,1.14,0,0,0,0,5.36,5.66,5.95,0.00,VMS 1,,Tanque,,1.38,1.44,2.04,1.56,3.89,3.02,5.55,6.47
10/04/2024 08:20 p. m.,Ordeño,06:05,12.38,3,,,,,0,,0.84,0.72,1.32,1.14,0,0,0,0,5.34,5.52,5.81,0.00,VMS 1,,Tanque,,1.20,1.20,1.86,1.56,2.44,2.15,3.95,3.84
11/04/2024 09:03 a. m.,Ordeño,09:28,26.92,1,,,,,0,,0.90,0.96,1.50,1.20,0,0,0,0,5.59,5.96,6.07,0.00,VMS 1,,Tanque,,1.20,1.56,1.92,1.62,5.76,4.06,8.44,8.66
11/04/2024 04:39 p. m.,Ordeño,06:26,16.55,2,,TD,,,0,,0.96,0.90,1.68,1.38,0,0,0,0,5.30,5.65,5.86,0.00,VMS 1,,Tanque,,1.32,1.38,2.22,1.68,3.54,2.82,4.91,5.28
11/04/2024 11:03 p. m.,Ordeño,06:04,13.11,3,,"TI,TD",,,0,,0.78,0.84,1.38,1.20,0,0,0,0,5.21,5.58,5.65,0.00,VMS 1,,Tanque,,1.20,1.38,2.22,1.56,2.76,2.36,3.72,4.27
12/04/2024 10:41 a. m.,Ordeño,09:12,24.10,1,,,,,0,,0.90,0.96,1.68,1.44,0,0,0,0,5.75,6.09,6.33,0.00,VMS 1,,Tanque,,1.50,1.38,2.04,1.86,5.45,3.95,6.85,7.85
12/04/2024 09:11 p. m.,Ordeño,07:42,21.97,2,,,,,0,,0.96,0.90,1.62,1.38,0,0,0,0,5.17,5.50,5.74,0.00,VMS 1,,Tanque,,1.32,1.26,2.04,1.74,4.56,3.65,6.37,7.39
13/04/2024 02:33 a. m.,Ordeño,09:05,10.56,1,,TI,,,0,,0.72,0.72,1.38,0.96,0,0,0,0,4.91,5.12,5.29,0.00,VMS 1,,Tanque,,1.32,1.14,2.58,1.92,2.10,1.83,3.28,3.35
13/04/2024 01:06 p. m.,Ordeño,08:08,20.01,2,,TI,,,0,,0.90,0.96,1.56,1.26,0,0,0,0,5.45,5.85,5.82,0.00,VMS 1,,Tanque,,1.56,1.38,1.98,1.86,4.41,3.19,5.71,6.70
13/04/2024 09:27 p. m.,Ordeño,06:24,15.26,3,,TD,,,0,,1.14,0.84,1.50,1.32,0,0,0,0,5.29,5.41,5.30,5.50,VMS 2,,Tanque,,1.86,1.32,2.10,1.98,3.41,2.97,4.63,4.25
14/04/2024 08:53 a. m.,Ordeño,08:45,24.51,1,,,,,0,,1.08,1.14,1.56,1.32,0,0,0,0,5.38,5.76,5.62,5.69,VMS 2,,Tanque,,1.56,1.50,2.04,1.80,5.38,3.93,6.81,8.39
14/04/2024 06:51 p. m.,Ordeño,08:04,17.50,2,,"TI,TD",,,0,,0.90,1.08,1.44,1.26,0,0,0,0,5.07,5.59,5.35,5.50,VMS 2,,Tanque,,1.44,1.50,1.80,1.98,4.35,3.07,5.26,4.82
15/04/2024 12:17 a. m.,Ordeño,06:15,12.17,1,,,,,0,,0.90,0.72,1.38,1.20,0,0,0,0,4.83,4.88,5.01,5.05,VMS 2,,Tanque,,1.38,1.44,1.86,1.62,2.10,1.92,3.29,4.86
15/04/2024 09:04 a. m.,Ordeño,06:56,18.70,2,,,,,0,,1.02,0.90,1.74,1.38,0,0,0,0,5.48,5.69,5.89,0.00,VMS 1,,Tanque,,1.44,1.50,2.34,1.86,4.00,2.98,5.72,6.00
15/04/2024 03:57 p. m.,Ordeño,05:48,12.95,3,,,,,0,,0.90,0.90,1.62,1.32,0,0,0,0,5.21,5.64,5.71,0.00,VMS 1,,Tanque,,1.26,1.44,2.28,1.86,2.70,2.05,3.92,4.28
16/04/2024 12:14 a. m.,Ordeño,08:06,15.76,1,,"DI,TD",,,0,,0.96,0.90,1.62,1.32,0,0,0,0,5.46,5.65,5.92,0.00,VMS 1,,Tanque,,1.92,1.50,2.70,1.98,2.88,2.92,5.22,4.74
16/04/2024 08:37 a. m.,Ordeño,07:38,21.51,2,,,,,0,,1.02,0.96,1.74,1.38,0,0,0,0,5.47,5.75,5.84,0.00,VMS 1,,Tanque,,1.44,1.56,2.22,1.80,4.98,3.17,6.05,7.31
16/04/2024 05:59 p. m.,Ordeño,07:47,19.61,3,,,,,0,,0.90,0.90,1.62,1.32,0,0,0,0,5.38,5.65,5.70,0.00,VMS 1,,Tanque,,1.38,1.26,2.16,1.86,4.19,3.05,5.77,6.60
17/04/2024 02:40 a. m.,Ordeño,07:42,18.61,1,,,,,0,,0.84,0.90,1.68,1.38,0,0,0,0,5.17,5.65,5.77,0.00,VMS 1,,Tanque,,1.26,1.38,2.22,1.80,4.06,3.05,5.67,5.83
17/04/2024 04:11 p. m.,Ordeño,09:12,25.26,2,,TD,,,0,,1.08,1.14,1.92,1.62,0,0,0,0,5.58,5.70,5.91,0.00,VMS 1,,Tanque,,1.38,1.62,2.52,2.28,6.33,4.11,7.29,7.53
18/04/2024 05:25 a. m.,Ordeño,14:12,21.67,1,,,DI,,0,,0.30,1.14,1.92,1.56,0,0,0,0,5.07,5.79,5.95,0.00,VMS 1,,Tanque,,0.66,1.62,2.40,2.16,2.88,4.48,7.27,7.04
19/04/2024 01:58 a. m.,Ordeño,06:19,6.66,1,,,DI,,0,,0.24,0.48,0.78,0.78,0,0,0,0,5.29,5.13,4.99,0.00,VMS 1,,Tanque,,0.66,0.84,1.32,1.50,0.47,1.41,2.34,2.44
19/04/2024 12:57 p. m.,Ordeño,09:41,17.61,2,,,DI,,0,,0.24,0.96,1.74,1.26,0,0,0,0,5.35,5.58,5.86,0.00,VMS 1,,Tanque,,0.54,1.50,2.28,1.80,0.34,3.33,6.83,7.11
19/04/2024 11:01 p. m.,Ordeño,11:07,19.17,3,,TD,,,0,,0.36,1.14,1.68,1.50,0,0,0,0,5.86,5.70,5.79,0.00,VMS 1,,Tanque,,1.02,1.68,2.22,2.04,2.72,3.73,6.37,6.35
20/04/2024 10:53 a. m.,Ordeño,17:33,20.80,1,,TD,,,0,,0.30,0.96,1.80,1.26,0,0,0,0,5.79,5.44,5.58,0.00,VMS 1,,Tanque,,0.72,1.50,2.34,1.86,3.38,3.77,6.03,7.62
21/04/2024 07:58 a. m.,Ordeño,06:52,16.81,2,,,,,0,,0.48,0.96,1.68,1.38,0,0,0,0,5.98,5.49,5.70,0.00,VMS 1,,Tanque,,1.08,1.38,2.16,1.80,1.77,2.95,6.01,6.08
21/04/2024 04:24 p. m.,Ordeño,07:17,16.95,3,,TI,,,0,,0.60,0.96,1.56,1.32,0,0,0,0,6.13,5.76,5.89,0.00,VMS 1,,Tanque,,1.26,1.44,2.10,1.80,1.89,3.03,6.17,5.86
23/04/2024 03:56 p. m.,Ordeño,06:41,17.00,2,,,,,0,,1.08,1.08,1.62,1.50,0,0,0,0,5.71,5.72,5.72,0.00,VMS 1,,Tanque,,1.68,1.56,2.34,2.34,2.84,3.01,5.43,5.72
24/04/2024 04:03 a. m.,Ordeño,08:27,21.63,1,,,,,0,,0.96,0.96,1.62,1.26,0,0,0,0,5.61,5.57,5.65,0.00,VMS 1,,Tanque,,1.50,1.32,2.10,1.80,4.32,3.73,6.13,7.45
24/04/2024 10:40 a. m.,Ordeño,05:36,12.37,2,,,,,0,,1.02,0.84,1.56,1.32,0,0,0,0,5.39,5.46,5.71,0.00,VMS 1,,Tanque,,1.56,1.32,2.28,1.86,2.18,2.19,4.13,3.87
24/04/2024 09:00 p. m.,Ordeño,08:57,21.44,3,,,,,0,,0.96,0.84,1.74,1.44,0,0,0,0,5.61,5.85,5.98,0.00,VMS 1,,Tanque,,1.50,1.44,2.76,1.92,4.21,3.33,6.72,7.18
25/04/2024 07:26 a. m.,Ordeño,07:45,21.02,1,,DI,,,0,,1.02,1.02,1.74,1.44,0,0,0,0,5.46,5.71,5.92,0.00,VMS 1,,Tanque,,1.44,1.68,2.28,1.86,4.33,3.30,6.93,6.46
25/04/2024 04:45 p. m.,Ordeño,06:35,16.96,2,,,,,0,,1.02,0.90,1.74,1.44,0,0,0,0,5.36,5.72,5.79,0.00,VMS 1,,Tanque,,1.44,1.38,2.34,1.86,3.35,2.59,5.42,5.60
26/04/2024 04:17 a. m.,Ordeño,07:46,22.59,1,,,,,0,,1.14,1.02,1.68,1.38,0,0,0,0,5.64,5.90,6.07,0.00,VMS 1,,Tanque,,1.44,1.44,2.22,1.74,4.56,3.65,6.55,7.83
26/04/2024 05:08 p. m.,Ordeño,08:03,23.76,2,,,,,0,,1.14,1.02,1.86,1.38,0,0,0,0,5.42,5.70,5.95,0.00,VMS 1,,Tanque,,1.62,1.44,2.22,1.74,4.90,3.91,7.00,7.95
26/04/2024 11:38 p. m.,Ordeño,05:50,14.73,3,,,,,0,,1.02,0.84,1.50,1.38,0,0,0,0,5.28,5.61,5.68,0.00,VMS 1,,Tanque,,1.38,1.32,2.10,1.74,2.75,2.55,4.71,4.72
27/04/2024 02:29 p. m.,Ordeño,09:22,26.07,1,,,,,0,,1.02,1.26,1.98,1.68,0,0,0,0,5.50,5.99,5.94,0.00,VMS 1,,Tanque,,1.68,1.62,2.52,2.34,6.44,4.30,7.60,7.73
27/04/2024 09:57 p. m.,Ordeño,07:52,12.96,2,,,,,0,,0.96,0.90,1.50,1.26,0,0,0,0,4.78,5.46,5.46,0.00,VMS 1,,Tanque,,1.44,1.50,2.04,1.92,2.63,2.19,4.03,4.11
28/04/2024 08:24 a. m.,Ordeño,07:03,19.49,1,,,,,0,,1.08,0.90,1.80,1.44,0,0,0,0,5.33,5.52,5.94,0.00,VMS 1,,Tanque,,1.50,1.26,2.40,1.86,4.32,2.99,6.07,6.11
28/04/2024 04:00 p. m.,Ordeño,08:37,15.59,2,,,,,0,,0.90,0.84,1.44,1.20,0,0,0,0,5.13,5.75,5.08,0.00,VMS 1,,Tanque,,1.56,1.38,2.04,2.10,3.00,2.48,4.99,5.12
28/04/2024 10:12 p. m.,Ordeño,06:00,11.89,3,,"TI,TD",,,0,,0.90,0.72,1.44,1.32,0,0,0,0,5.26,5.61,5.83,0.00,VMS 1,,Tanque,,1.38,1.20,1.98,1.80,2.72,1.89,3.63,3.65
29/04/2024 08:34 a. m.,Ordeño,07:19,21.12,1,,,,,0,,1.08,0.96,1.74,1.44,0,0,0,0,5.47,5.80,6.03,0.00,VMS 1,,Tanque,,1.50,1.50,2.70,1.80,4.34,3.32,6.70,6.76
29/04/2024 03:59 p. m.,Ordeño,05:49,15.70,2,,,,,0,,1.02,0.72,1.44,1.26,0,0,0,0,5.21,5.54,5.59,0.00,VMS 1,,Tanque,,1.50,1.50,2.52,2.04,3.16,2.40,5.08,5.06
30/04/2024 01:28 a. m.,Ordeño,07:16,19.88,1,,,,,0,,1.02,1.02,1.62,1.32,0,0,0,0,5.37,5.80,5.68,0.00,VMS 1,,Tanque,,1.44,1.38,1.98,1.74,4.06,3.10,5.83,6.89
30/04/2024 10:42 a. m.,Ordeño,06:42,17.95,2,,,,,0,,1.14,1.14,1.98,1.38,0,0,0,0,5.33,5.80,5.75,0.00,VMS 1,,Tanque,,1.56,1.50,2.46,1.80,3.75,2.84,5.32,6.04
30/04/2024 09:08 p. m.,Ordeño,06:29,14.39,3,,,,,0,,1.02,0.96,1.56,1.14,0,0,0,0,4.99,5.54,5.42,0.00,VMS 1,,Tanque,,1.62,1.38,2.28,1.62,3.32,2.48,4.35,4.24
01/05/2024 11:20 a. m.,Ordeño,07:59,23.43,1,,,,,0,,1.02,1.08,1.74,1.44,0,0,0,0,5.31,5.98,5.68,0.00,VMS 1,,Tanque,,1.56,1.50,2.16,1.80,5.05,3.82,6.91,7.65
01/05/2024 05:48 p. m.,Ordeño,06:18,13.12,2,,,,,0,,0.96,0.90,1.32,1.26,0,0,0,0,5.04,5.62,5.21,0.00,VMS 1,,Tanque,,1.44,1.38,1.98,1.68,2.72,2.05,4.42,3.93
02/05/2024 05:54 a. m.,Ordeño,11:45,21.97,1,,TD,,,0,,1.32,1.02,1.50,1.38,0,0,0,0,5.36,5.61,5.28,0.00,VMS 1,,Tanque,,1.74,1.44,1.98,1.98,5.11,3.45,6.15,7.26
02/05/2024 02:55 p. m.,Ordeño,06:46,17.30,2,,TD,,,0,,1.02,0.90,1.68,1.74,0,0,0,0,4.99,5.70,5.28,0.00,VMS 1,,Tanque,,1.44,1.44,2.16,2.34,3.86,2.34,5.61,5.49
02/05/2024 08:44 p. m.,Ordeño,05:32,10.39,3,,,,,0,,0.84,0.60,1.56,1.32,0,0,0,0,4.94,5.45,5.53,0.00,VMS 1,,Tanque,,1.38,1.14,2.16,1.80,2.30,1.57,3.24,3.28
03/05/2024 04:10 a. m.,Ordeño,08:36,17.77,1,,,,,0,,0.84,0.66,1.50,1.20,0,0,0,0,5.42,5.53,5.85,0.00,VMS 1,,Tanque,,1.56,1.32,2.10,1.86,3.54,2.83,5.69,5.71
03/05/2024 04:54 p. m.,Ordeño,08:12,23.94,2,,DI,,,0,,1.02,1.20,1.92,1.98,0,0,0,0,5.51,6.33,6.07,0.00,VMS 1,,Tanque,,1.62,1.68,2.34,2.94,5.51,3.58,6.97,7.88
03/05/2024 10:57 p. m.,Ordeño,07:23,11.89,3,,,,,0,,0.96,0.54,1.56,1.44,0,0,0,0,4.89,5.23,5.47,0.00,VMS 1,,Tanque,,1.32,1.26,2.04,1.86,2.53,2.06,3.28,4.02
04/05/2024 12:33 p. m.,Ordeño,09:51,25.19,1,,,,,0,,1.02,1.02,1.98,1.50,0,0,0,0,5.57,6.12,6.13,0.00,VMS 1,,Tanque,,1.38,1.44,2.52,2.22,6.34,3.40,6.88,8.57
04/05/2024 05:58 p. m.,Ordeño,06:52,11.40,2,,,,,0,,0.90,0.60,1.26,1.14,0,0,0,0,5.17,5.62,5.27,0.00,VMS 1,,Tanque,,1.50,1.02,1.92,1.86,2.47,1.76,3.61,3.56
04/05/2024 11:56 p. m.,Ordeño,07:38,13.76,1,,,,,0,,1.02,0.66,1.56,1.44,0,0,0,0,5.17,5.41,5.61,0.00,VMS 1,,Tanque,,1.44,1.20,2.04,2.10,2.73,2.34,4.40,4.29
05/05/2024 09:00 a. m.,Ordeño,07:04,18.55,2,,,,,0,,1.08,0.78,1.68,1.44,0,0,0,0,5.18,5.62,5.77,0.00,VMS 1,,Tanque,,1.50,1.50,2.10,2.04,3.86,2.73,5.17,6.79
05/05/2024 06:03 p. m.,Ordeño,07:22,19.19,3,,,,,0,,1.08,0.84,1.80,1.38,0,0,0,0,5.22,5.76,5.85,0.00,VMS 1,,Tanque,,1.44,1.38,2.40,1.92,4.17,2.73,5.78,6.51
05/05/2024 11:12 p. m.,Ordeño,05:29,10.05,4,,,,,0,,1.02,0.54,1.38,1.26,0,0,0,0,5.20,5.20,5.48,0.00,VMS 1,,Tanque,,1.56,0.96,2.04,1.80,2.05,1.60,2.94,3.46
06/05/2024 12:52 p. m.,Ordeño,10:43,25.81,1,,,,,0,,0.84,1.08,1.68,1.50,0,0,0,0,5.35,5.88,5.95,0.00,VMS 1,,Tanque,,1.20,1.68,2.22,2.46,6.09,4.39,7.42,7.91
07/05/2024 08:29 a. m.,Ordeño,06:44,19.79,1,,,,,0,,1.26,0.84,1.98,1.56,0,0,0,0,5.56,5.73,6.04,0.00,VMS 1,,Tanque,,1.68,1.26,2.52,2.04,4.43,3.06,5.25,7.05
07/05/2024 02:46 p. m.,Ordeño,06:38,11.59,2,,,,,0,,1.02,0.54,1.50,1.32,0,0,0,0,5.28,5.45,5.61,0.00,VMS 1,,Tanque,,1.44,0.96,2.10,2.16,2.26,2.03,3.38,3.92
07/05/2024 10:52 p. m.,Ordeño,07:05,18.00,3,,,,,0,,1.02,0.72,1.62,1.38,0,0,0,0,5.47,5.79,5.95,0.00,VMS 1,,Tanque,,1.44,1.26,1.98,1.92,3.97,2.36,5.20,6.47
08/05/2024 09:51 a. m.,Ordeño,07:50,21.95,1,,,,,0,,1.02,1.02,1.98,1.56,0,0,0,0,5.60,6.07,6.15,0.00,VMS 1,,Tanque,,1.44,1.56,2.58,2.10,5.10,3.19,6.24,7.42
08/05/2024 05:14 p. m.,Ordeño,06:00,13.66,2,,,,,0,,1.02,0.90,1.74,1.44,0,0,0,0,5.31,5.66,5.81,0.00,VMS 1,,Tanque,,1.44,1.44,2.16,2.16,3.16,2.05,4.02,4.43
08/05/2024 11:52 p. m.,Ordeño,07:15,13.20,3,,TD,,,0,,0.90,0.72,1.56,1.26,0,0,0,0,5.31,5.49,5.70,0.00,VMS 1,,Tanque,,1.62,1.26,2.46,1.92,2.97,2.04,4.56,3.63
09/05/2024 08:49 a. m.,Ordeño,08:15,19.35,1,,,,,0,,1.02,0.72,1.74,1.38,0,0,0,0,5.58,5.77,5.99,0.00,VMS 1,,Tanque,,1.38,1.20,2.28,1.86,3.74,2.93,5.01,7.67
09/05/2024 08:23 p. m.,Ordeño,08:10,23.10,2,,,,,0,,1.08,0.96,1.68,1.32,0,0,0,0,5.66,6.07,6.16,0.00,VMS 1,,Tanque,,1.50,1.50,2.10,1.86,5.18,3.47,6.86,7.59
10/05/2024 06:46 a. m.,Ordeño,06:52,17.83,1,,,,,0,,1.08,0.90,1.80,1.38,0,0,0,0,5.28,5.73,5.79,0.00,VMS 1,,Tanque,,1.56,1.38,2.28,1.98,3.97,2.67,5.36,5.83
10/05/2024 04:59 p. m.,Ordeño,07:44,20.34,2,,"DI,TI",,,0,,1.08,1.08,1.86,1.38,0,0,0,0,5.74,6.21,6.29,0.00,VMS 1,,Tanque,,1.80,1.62,2.34,1.86,3.69,2.94,6.58,7.13
11/05/2024 12:01 a. m.,Ordeño,06:23,14.21,1,,"DI,TD",,,0,,1.14,0.72,1.38,1.14,0,0,0,0,5.42,5.60,5.60,0.00,VMS 1,,Tanque,,1.86,1.26,1.92,1.74,3.89,1.95,4.13,4.24
11/05/2024 04:45 p. m.,Ordeño,10:16,30.20,2,,,,,0,,1.02,1.14,1.74,1.44,0,0,0,0,5.81,6.36,6.41,0.00,VMS 1,,Tanque,,1.68,1.56,2.22,1.86,7.04,4.66,9.49,9.01
12/05/2024 04:23 p. m.,Ordeño,06:59,16.08,2,,,,,0,,1.14,0.84,1.74,1.32,0,0,0,0,5.45,5.56,5.74,0.00,VMS 1,,Tanque,,1.56,1.38,2.22,1.74,3.29,2.54,4.80,5.45
13/05/2024 10:44 a. m.,Ordeño,08:40,19.11,1,,TD,TD,,0,,1.02,0.90,1.68,0.96,0,0,0,300,5.95,6.10,5.96,0.00,VMS 1,,Tanque,,1.44,1.38,2.22,1.74,7.82,3.95,6.80,0.54
13/05/2024 06:12 p. m.,Ordeño,08:26,18.04,2,,,,,0,,1.02,0.72,1.56,1.50,0,0,0,0,5.44,5.42,5.57,0.00,VMS 1,,Tanque,,1.38,1.02,1.98,1.92,2.75,1.95,3.96,9.38
14/05/2024 06:27 a. m.,Ordeño,07:45,22.83,1,,,,,0,,1.08,1.14,1.92,1.38,0,0,0,0,5.72,5.95,6.31,0.00,VMS 1,,Tanque,,1.68,1.56,2.46,1.74,5.36,3.60,7.07,6.80
14/05/2024 11:54 p. m.,Ordeño,05:09,11.19,3,,,,,0,,1.02,0.78,1.56,1.20,0,0,0,0,5.58,5.64,6.00,0.00,VMS 1,,Tanque,,1.50,1.26,2.04,1.62,2.54,1.88,3.48,3.29
15/05/2024 12:24 p. m.,Ordeño,08:41,24.21,1,,DI,,,0,,1.08,1.08,1.74,1.26,0,0,0,0,5.99,6.23,6.40,0.00,VMS 1,,Tanque,,1.68,1.62,2.22,1.92,5.73,3.54,7.41,7.53
15/05/2024 09:48 p. m.,Ordeño,06:24,14.35,2,,,,,0,,1.32,0.90,1.74,1.26,0,0,0,0,5.60,5.54,5.78,0.00,VMS 1,,Tanque,,1.86,1.38,2.10,1.74,3.38,2.45,4.18,4.34
16/05/2024 05:50 a. m.,Ordeño,05:56,14.44,1,,,,,0,,1.14,0.78,1.68,1.20,0,0,0,0,5.58,5.64,6.12,0.00,VMS 1,,Tanque,,1.68,1.38,2.16,1.62,3.31,2.46,4.22,4.45
16/05/2024 05:04 p. m.,Ordeño,08:03,22.50,2,,TD,,,0,,1.08,1.02,1.86,1.32,0,0,0,0,5.97,6.18,6.29,0.00,VMS 1,,Tanque,,1.86,1.62,2.40,2.10,5.44,3.19,7.02,6.85
20/05/2024 01:00 a. m.,Ordeño,05:59,14.13,1,,TD,,,0,,1.14,0.72,1.68,1.38,0,0,0,0,5.35,5.37,5.75,0.00,VMS 1,,Tanque,,1.62,1.02,2.28,1.80,3.36,2.32,4.23,4.22
20/05/2024 12:05 p. m.,Ordeño,07:23,22.83,2,,TD,,,0,,1.14,1.08,1.92,1.50,0,0,0,0,5.74,6.06,6.23,0.00,VMS 1,,Tanque,,1.86,1.56,2.46,1.98,5.21,3.29,6.64,7.69
20/05/2024 07:08 p. m.,Ordeño,05:33,13.65,3,,,,,0,,1.20,0.90,1.62,1.38,0,0,0,0,5.66,5.91,6.06,0.00,VMS 1,,Tanque,,1.56,1.44,2.16,1.86,3.43,2.29,3.88,4.05
21/05/2024 04:57 a. m.,Ordeño,07:18,19.77,1,,,,,0,,1.26,0.96,1.92,1.38,0,0,0,0,5.47,5.71,5.94,0.00,VMS 1,,Tanque,,1.98,1.32,2.46,1.80,4.42,3.03,5.85,6.47
21/05/2024 03:59 p. m.,Ordeño,08:14,19.40,2,,,,,0,,1.02,1.08,1.80,1.38,0,0,0,0,5.52,5.92,5.66,0.00,VMS 1,,Tanque,,1.62,1.50,2.28,1.80,4.43,3.11,5.59,6.27
21/05/2024 08:59 p. m.,Ordeño,05:55,7.78,3,,,,,0,,0.90,0.72,1.32,0.84,0,0,0,0,5.18,5.38,5.48,0.00,VMS 1,,Tanque,,1.32,1.26,1.98,1.38,1.71,1.31,2.32,2.44
22/05/2024 05:55 a. m.,Ordeño,06:49,16.25,1,,,,,0,,1.02,0.90,1.56,1.20,0,0,0,0,5.58,5.94,6.16,0.00,VMS 1,,Tanque,,1.38,1.44,2.16,1.80,3.85,2.46,4.51,5.43
22/05/2024 05:28 p. m.,Ordeño,07:20,15.37,2,,"TI,TD",,,0,,1.02,1.08,1.74,1.14,0,0,0,0,5.69,6.17,6.33,0.00,VMS 1,,Tanque,,1.56,1.44,2.40,1.80,4.68,2.69,4.87,3.13
23/05/2024 09:31 a. m.,Ordeño,06:28,12.71,2,,,,,0,,0.90,0.78,1.50,1.38,0,0,0,0,5.18,5.61,5.43,0.00,VMS 1,,Tanque,,1.86,1.26,2.04,1.74,2.86,1.97,3.21,4.67
23/05/2024 06:39 p. m.,Ordeño,06:19,14.91,3,,TD,,,0,,1.02,1.02,1.86,1.20,0,0,0,0,5.33,5.39,5.95,0.00,VMS 1,,Tanque,,1.50,1.50,2.28,1.74,3.55,2.31,4.34,4.71
24/05/2024 01:18 a. m.,Ordeño,05:54,11.41,1,,,,,0,,0.96,0.72,1.56,1.02,0,0,0,0,5.48,5.40,5.90,0.00,VMS 1,,Tanque,,1.38,1.08,2.10,1.62,2.69,1.84,3.28,3.60
24/05/2024 08:09 a. m.,Ordeño,06:27,13.49,2,,,,,0,TI,1.08,0.78,1.50,1.08,0,0,0,0,5.75,5.90,6.75,0.00,VMS 1,,Tanque,,1.62,1.26,1.92,1.74,3.20,2.13,3.70,4.46
30/05/2024 02:12 p. m.,Ordeño,07:14,13.06,2,,TD,,,0,,1.02,0.84,1.44,1.44,0,0,0,0,5.55,5.63,0.00,5.61,VMS 1,,Tanque,,1.44,1.26,2.10,1.86,2.99,2.17,5.87,2.03
30/05/2024 11:12 p. m.,Ordeño,07:10,17.62,3,,,,,0,,1.08,0.96,1.80,1.32,0,0,0,0,5.54,5.90,6.23,0.00,VMS 1,,Tanque,,1.56,1.38,2.34,1.80,4.15,2.48,4.87,6.12
31/05/2024 05:51 p. m.,Ordeño,06:46,18.06,2,,,,,0,,1.08,0.96,1.74,1.50,0,0,0,0,5.60,5.89,6.22,0.00,VMS 1,,Tanque,,1.38,1.50,2.34,1.92,4.05,2.75,4.52,6.74
01/06/2024 01:50 a. m.,Ordeño,08:07,15.81,1,,,,,0,,0.84,0.84,1.68,1.38,0,0,0,0,5.28,5.55,5.83,0.00,VMS 1,,Tanque,,1.14,1.32,2.22,1.86,3.91,2.42,4.46,5.02
01/06/2024 08:25 a. m.,Ordeño,06:12,13.02,2,,TI,,,0,,1.02,0.96,1.68,1.32,0,0,0,0,5.55,5.69,6.04,0.00,VMS 1,,Tanque,,1.38,1.68,2.28,1.80,2.88,2.06,3.78,4.30
01/06/2024 03:08 p. m.,Ordeño,10:51,14.11,3,,,,,0,,1.08,0.78,1.44,1.08,0,0,0,0,5.77,5.80,6.10,0.00,VMS 1,,Tanque,,1.56,1.20,2.22,1.44,3.30,1.92,4.21,4.68
01/06/2024 08:41 p. m.,Ordeño,08:05,9.40,4,,TD,TD,,0,,1.02,0.72,1.32,1.08,0,0,0,0,5.71,5.74,6.02,0.00,VMS 1,,Tanque,,1.50,1.20,1.92,1.74,2.44,1.99,3.56,1.41
02/06/2024 05:10 a. m.,Ordeño,07:08,16.83,1,,TD,,,0,,1.08,0.96,1.74,1.44,0,0,0,0,5.72,5.82,6.09,0.00,VMS 1,,Tanque,,1.44,1.56,2.34,2.10,4.11,2.86,4.75,5.11
02/06/2024 10:30 a. m.,Ordeño,06:24,12.01,2,,TD,,,0,,0.90,0.72,1.02,1.26,0,0,0,0,5.57,5.70,5.81,0.00,VMS 1,,Tanque,,1.32,1.08,1.68,1.80,2.41,1.49,3.10,5.01
02/06/2024 04:21 p. m.,Ordeño,06:18,11.22,3,,,,,0,,0.90,0.84,1.62,1.14,0,0,0,0,5.35,5.62,5.84,0.00,VMS 1,,Tanque,,1.56,1.38,2.16,1.56,2.80,1.93,2.94,3.55
03/06/2024 12:27 a. m.,Ordeño,06:57,17.14,1,,,,,0,,1.02,0.96,1.74,1.20,0,0,0,0,5.76,5.95,6.12,0.00,VMS 1,,Tanque,,1.44,1.50,2.22,1.50,3.84,2.57,5.16,5.57
03/06/2024 09:39 a. m.,Ordeño,07:24,17.96,2,,,,,0,,1.02,1.14,1.62,1.38,0,0,347,0,5.62,5.90,5.93,0.00,VMS 1,,Tanque,,1.56,1.62,2.22,1.80,4.44,2.98,4.86,5.68
03/06/2024 08:00 p. m.,Ordeño,08:21,20.02,3,,,,,0,,1.02,1.08,1.68,1.32,0,0,0,0,5.50,5.77,5.77,0.00,VMS 1,,Tanque,,1.56,1.56,2.28,1.80,4.91,2.99,5.78,6.34
04/06/2024 03:56 a. m.,Ordeño,07:27,13.97,1,,,,,0,,0.90,0.90,1.56,1.26,0,0,0,0,5.07,5.37,5.44,0.00,VMS 1,,Tanque,,1.32,1.38,2.10,1.80,3.32,1.99,4.03,4.63
04/06/2024 10:32 a. m.,Ordeño,06:25,13.42,2,,,,,0,,0.96,0.90,1.50,1.26,0,0,0,0,5.60,5.70,5.85,0.00,VMS 1,,Tanque,,1.50,1.38,2.10,1.86,3.24,2.06,4.02,4.10
04/06/2024 05:44 p. m.,Ordeño,06:18,14.60,3,,,,,0,,0.96,0.96,1.56,1.32,0,0,0,0,5.57,5.90,5.99,0.00,VMS 1,,Tanque,,1.44,1.38,2.04,1.98,3.31,2.08,4.43,4.78
05/06/2024 01:39 a. m.,Ordeño,07:38,17.14,1,,TI,,,0,,1.02,0.90,1.68,1.32,0,0,0,0,5.56,5.68,5.99,0.00,VMS 1,,Tanque,,1.44,1.44,2.28,2.04,4.02,2.72,4.72,5.68
05/06/2024 12:12 p. m.,Ordeño,07:49,19.32,2,,,,,0,,1.02,1.08,1.80,1.38,0,0,0,0,5.58,5.89,5.92,0.00,VMS 1,,Tanque,,1.44,1.38,2.28,1.92,4.61,3.01,5.25,6.45
05/06/2024 08:20 p. m.,Ordeño,06:43,13.98,3,,TD,,,0,,0.90,0.84,1.50,1.26,0,0,0,0,5.17,5.52,5.58,0.00,VMS 1,,Tanque,,1.38,1.44,2.04,1.68,3.11,2.16,4.28,4.43
06/06/2024 06:43 a. m.,Ordeño,08:31,20.77,1,,,,,0,,0.96,1.08,1.74,1.20,0,0,0,0,5.65,5.97,6.05,0.00,VMS 1,,Tanque,,1.38,1.56,2.22,1.62,4.80,3.12,5.71,7.14
06/06/2024 06:15 p. m.,Ordeño,09:12,21.83,2,,,,,0,,1.02,1.14,1.86,1.20,0,0,0,0,5.41,5.90,6.01,0.00,VMS 1,,Tanque,,1.98,1.74,2.46,1.98,5.17,3.25,6.47,6.94
07/06/2024 12:52 a. m.,Ordeño,07:22,13.56,1,,,,,0,,0.96,0.84,1.74,1.26,0,0,0,0,5.40,5.51,5.83,0.00,VMS 1,,Tanque,,1.32,1.32,2.40,1.74,3.16,1.99,4.21,4.20
07/06/2024 09:32 a. m.,Ordeño,07:35,17.51,2,,,,,0,,1.08,1.14,1.86,1.44,0,0,0,0,5.62,5.92,6.09,0.00,VMS 1,,Tanque,,1.44,1.62,2.46,1.86,4.22,2.60,5.09,5.60
07/06/2024 11:48 p. m.,Ordeño,08:48,24.03,3,,,,,0,,1.02,1.26,1.80,1.38,0,0,0,0,5.58,5.90,5.95,0.00,VMS 1,,Tanque,,1.56,1.86,2.28,2.16,5.79,3.72,6.58,7.94
08/06/2024 09:05 a. m.,Ordeño,08:54,18.68,1,,,,,0,,1.14,1.14,2.04,1.44,0,0,0,0,5.47,5.64,5.96,0.00,VMS 1,,Tanque,,1.56,1.74,2.76,2.10,4.41,3.05,5.30,5.92
08/06/2024 04:53 p. m.,Ordeño,05:48,14.52,2,,"DI,TD",,,0,,1.08,0.96,1.68,1.26,0,0,0,0,5.60,5.73,5.71,0.00,VMS 1,,Tanque,,1.56,1.44,2.22,1.74,3.31,2.27,4.23,4.71
09/06/2024 01:14 a. m.,Ordeño,06:57,16.25,1,,,,,0,,1.02,0.90,1.68,1.26,0,0,306,0,5.52,5.72,5.64,0.00,VMS 1,,Tanque,,1.44,1.20,2.22,1.80,3.85,2.13,4.73,5.54
09/06/2024 07:36 a. m.,Ordeño,05:54,13.71,2,,,,,0,,1.08,0.90,1.74,1.38,0,0,0,0,5.80,5.90,5.99,0.00,VMS 1,,Tanque,,1.62,1.44,2.52,2.10,3.12,2.17,4.02,4.40
09/06/2024 01:42 p. m.,Ordeño,06:18,13.13,3,,,,,0,,0.96,0.90,1.68,1.32,0,0,0,0,5.72,5.97,6.18,0.00,VMS 1,,Tanque,,1.38,1.56,2.40,1.68,3.11,1.99,3.92,4.11
09/06/2024 08:27 p. m.,Ordeño,07:41,15.34,4,,TI,,,0,,1.02,0.90,1.74,1.32,0,0,0,0,5.73,5.75,6.03,0.00,VMS 1,,Tanque,,1.50,1.38,2.46,2.04,3.57,2.40,4.10,5.27
10/06/2024 02:17 a. m.,Ordeño,07:53,12.47,1,,,,,0,,0.96,0.72,1.38,1.14,0,0,0,0,5.62,5.74,5.76,0.00,VMS 1,,Tanque,,1.44,1.20,2.22,1.62,2.93,1.63,4.11,3.80
10/06/2024 01:08 p. m.,Ordeño,07:23,21.39,2,,,,,0,,1.20,1.14,1.92,1.38,0,0,0,0,5.85,6.14,6.17,0.00,VMS 1,,Tanque,,1.68,1.80,2.58,1.86,4.99,3.57,5.81,7.02
10/06/2024 08:16 p. m.,Ordeño,07:28,14.04,3,,,,,0,,1.02,0.78,1.50,1.26,0,0,0,0,5.40,5.60,5.78,0.00,VMS 1,,Tanque,,1.92,1.32,2.04,1.68,3.44,2.11,3.92,4.57
11/06/2024 04:43 a. m.,Ordeño,07:05,16.77,1,,TI,,,0,,0.96,0.84,1.62,1.14,0,0,0,0,5.46,5.61,5.86,0.00,VMS 1,,Tanque,,1.44,1.26,2.16,1.56,3.96,2.53,4.94,5.34
11/06/2024 04:01 p. m.,Ordeño,08:00,20.69,2,,DI,,,0,,0.96,1.20,1.86,1.38,0,0,0,0,5.39,5.74,5.69,0.00,VMS 1,,Tanque,,1.92,1.80,2.46,1.86,4.73,3.18,5.97,6.81
11/06/2024 11:15 p. m.,Ordeño,06:15,12.63,3,,,,,0,,1.02,0.96,1.62,1.32,0,471,0,0,5.13,5.34,5.36,0.00,VMS 1,,Tanque,,1.56,1.50,2.28,1.86,3.47,1.87,3.51,3.78
12/06/2024 08:28 a. m.,Ordeño,06:51,18.63,1,,,,,0,,1.26,1.02,1.62,1.32,0,0,0,0,5.47,5.76,4.62,0.00,VMS 1,,Tanque,,1.74,1.50,2.22,1.86,4.17,2.65,5.92,5.89
12/06/2024 06:28 p. m.,Ordeño,10:02,19.55,2,,,,,0,,1.02,1.02,1.62,1.20,0,0,0,0,5.48,5.75,5.78,0.00,VMS 1,,Tanque,,1.86,1.44,2.22,1.80,4.88,2.51,5.97,6.19
12/06/2024 11:13 p. m.,Ordeño,05:50,8.39,3,,,,,0,,0.78,0.60,0.84,0.84,0,357,0,0,4.95,5.29,5.16,0.00,VMS 1,,Tanque,,1.26,1.02,1.44,1.56,1.78,1.56,2.46,2.59
13/06/2024 09:32 a. m.,Ordeño,07:21,20.66,1,,,,,0,,1.20,1.20,2.04,1.38,0,0,0,0,5.69,5.90,6.17,0.00,VMS 1,,Tanque,,1.74,1.68,2.58,1.80,5.00,3.13,5.57,6.96
13/06/2024 05:45 p. m.,Ordeño,06:36,15.78,2,,,,,0,,1.14,1.08,1.80,1.26,0,347,0,0,5.33,5.72,5.72,0.00,VMS 1,,Tanque,,1.56,1.56,2.46,1.80,3.96,2.38,4.56,4.88
14/06/2024 04:48 a. m.,Ordeño,08:18,22.26,1,,,,,0,,1.08,1.08,1.74,1.14,0,0,0,0,5.44,5.68,5.86,0.00,VMS 1,,Tanque,,1.44,1.68,2.22,1.50,5.70,3.25,6.90,6.41
14/06/2024 12:26 p. m.,Ordeño,07:27,16.05,2,,"TI,TD",,,0,,1.08,0.96,1.86,1.26,0,485,0,0,5.38,5.61,5.82,0.00,VMS 1,,Tanque,,1.50,1.50,2.58,1.86,3.86,2.33,4.61,5.25
14/06/2024 10:01 p. m.,Ordeño,07:51,18.87,3,,,,,0,,0.96,1.08,1.74,1.32,0,359,0,0,5.28,5.85,5.81,0.00,VMS 1,,Tanque,,1.74,1.68,2.52,2.28,4.70,2.60,5.73,5.84
15/06/2024 07:41 a. m.,Ordeño,07:34,18.99,1,,,,,0,,1.08,1.14,1.92,1.32,0,0,0,0,5.42,5.73,5.91,0.00,VMS 1,,Tanque,,1.44,1.62,2.40,1.74,4.76,2.96,5.63,5.64
15/06/2024 05:59 p. m.,Ordeño,07:43,20.21,2,,,,,0,,1.26,1.08,1.98,1.26,0,431,0,0,5.50,5.63,6.02,0.00,VMS 1,,Tanque,,1.62,1.74,2.70,1.80,4.73,3.01,5.96,6.51
16/06/2024 05:57 a. m.,Ordeño,08:47,21.91,1,,TI,,,0,DD,1.08,1.02,1.92,1.56,0,629,0,0,5.16,5.30,5.79,0.00,VMS 1,,Tanque,,1.56,1.62,2.76,2.16,5.75,2.72,6.40,7.04
17/06/2024 03:40 a. m.,Ordeño,12:16,21.42,1,,TI,,,0,,0.96,0.96,1.68,1.26,0,433,0,300,5.34,5.61,5.82,0.00,VMS 1,,Tanque,,1.44,1.44,2.70,1.98,5.44,3.36,5.36,7.26
17/06/2024 08:59 p. m.,Ordeño,12:17,26.74,2,,TD,,,0,DD,1.26,1.14,2.04,1.44,0,922,0,0,5.49,5.47,5.65,0.00,VMS 1,,Tanque,,2.34,1.86,2.70,1.92,7.69,4.71,7.87,6.47
19/06/2024 11:28 a. m.,Ordeño,07:07,11.98,2,,"DI,TI",,,0,,1.20,0.78,1.50,1.08,0,309,0,0,5.65,6.10,5.97,0.00,VMS 1,,Tanque,,2.16,1.26,2.34,1.86,3.09,1.81,3.49,3.59
19/06/2024 06:55 p. m.,Ordeño,06:23,13.87,3,,,,,0,,1.20,0.96,1.92,1.08,0,0,0,0,5.44,5.87,5.82,0.00,VMS 1,,Tanque,,1.62,1.56,2.46,1.50,3.76,1.98,4.30,3.83
20/06/2024 04:24 a. m.,Ordeño,07:22,18.85,1,,TD,,,0,,1.08,0.96,1.92,1.32,0,0,0,0,5.64,6.02,6.04,0.00,VMS 1,,Tanque,,1.56,1.50,2.58,1.80,4.84,2.86,5.60,5.55
20/06/2024 12:43 p. m.,Ordeño,07:25,17.39,2,,,,,0,,1.08,1.02,1.92,1.32,0,0,0,0,5.58,5.90,6.00,0.00,VMS 1,,Tanque,,1.50,1.62,2.70,1.80,4.39,2.45,5.49,5.06
20/06/2024 06:10 p. m.,Ordeño,06:19,11.61,3,,TD,,,0,,0.96,0.90,1.62,1.26,372,355,0,0,5.20,5.66,5.62,0.00,VMS 1,,Tanque,,1.50,1.38,2.34,1.80,2.94,1.71,3.46,3.50
21/06/2024 02:17 a. m.,Ordeño,06:42,16.13,1,,TD,,,0,,1.08,0.90,1.80,1.38,0,0,0,0,5.36,5.56,5.75,0.00,VMS 1,,Tanque,,1.56,1.44,2.40,1.86,4.01,2.17,4.92,5.03
21/06/2024 11:53 p. m.,Ordeño,07:32,19.09,1,,DI,,,0,,0.90,1.26,2.04,1.50,0,0,0,0,5.31,5.62,5.83,0.00,VMS 1,,Tanque,,1.50,1.92,2.64,1.92,4.28,2.83,5.84,6.14
22/06/2024 10:09 a. m.,Ordeño,09:17,19.12,1,,TI,,,0,,1.08,0.96,1.92,1.20,0,0,0,0,5.11,5.42,5.74,0.00,VMS 1,,Tanque,,1.74,1.50,2.52,1.98,5.15,2.84,5.02,6.11
26/06/2024 12:24 a. m.,Ordeño,05:52,12.17,1,,,,,0,,1.08,0.66,1.56,1.26,0,0,0,0,5.38,5.87,5.66,0.00,VMS 1,,Tanque,,1.56,1.02,2.28,1.86,3.20,1.55,3.67,3.75
26/06/2024 12:17 p. m.,Ordeño,08:39,21.85,2,,,,,0,,1.14,1.32,1.86,1.56,0,0,0,0,5.60,6.50,5.74,0.00,VMS 1,,Tanque,,1.92,1.92,2.70,2.10,5.69,2.40,6.93,6.83
27/06/2024 06:08 p. m.,Ordeño,05:38,9.57,3,,TD,,,0,,1.14,0.60,1.74,1.38,0,0,0,0,5.35,5.83,5.76,0.00,VMS 1,,Tanque,,1.68,1.20,2.58,1.98,2.29,1.20,3.12,2.96
28/06/2024 02:35 a. m.,Ordeño,06:02,17.08,1,,,,,0,,1.32,1.02,1.98,1.56,0,0,0,0,5.66,6.21,5.95,0.00,VMS 1,,Tanque,,1.74,1.68,2.70,2.22,4.39,2.17,4.80,5.72
28/06/2024 06:51 p. m.,Ordeño,05:46,11.31,3,,"TI,TD",,,0,,1.02,0.60,1.68,1.32,0,0,0,0,5.23,5.42,5.66,0.00,VMS 1,,Tanque,,1.44,0.96,2.40,2.22,2.97,1.37,3.67,3.30
29/06/2024 02:30 a. m.,Ordeño,06:49,14.27,1,,,,,0,,1.20,0.84,1.80,1.50,0,0,0,0,5.50,5.90,5.73,0.00,VMS 1,,Tanque,,1.62,1.38,2.40,2.10,3.58,1.70,3.84,5.15
29/06/2024 09:01 a. m.,Ordeño,06:56,13.46,2,,DD,,,0,,1.02,0.78,1.74,1.26,0,0,0,0,5.54,5.90,5.84,0.00,VMS 1,,Tanque,,1.50,1.14,2.34,2.28,3.31,1.39,4.41,4.35
29/06/2024 05:54 p. m.,Ordeño,06:46,16.52,3,,,,,0,,1.02,0.96,1.68,1.38,0,0,0,0,5.46,6.13,5.76,0.00,VMS 1,,Tanque,,1.50,1.50,2.40,1.92,4.09,2.23,4.99,5.21
03/07/2024 01:29 a. m.,Ordeño,06:26,13.17,1,,,,,0,,0.90,0.66,1.38,1.02,0,0,0,0,5.35,5.69,5.70,0.00,VMS 1,,Tanque,,1.20,1.02,1.98,1.44,3.38,1.85,4.04,3.90
03/07/2024 01:03 p. m.,Ordeño,07:47,17.52,2,,TI,,,0,,1.08,1.14,1.86,1.26,0,0,0,0,5.51,6.19,6.11,0.00,VMS 1,,Tanque,,1.50,1.62,2.46,2.04,5.07,2.75,3.64,6.06
31/07/2024 04:43 p. m.,Ordeño,10:06,11.23,2,,"DI,TI,TD",TI,TI,0,,1.08,0.96,0.36,1.32,0,0,0,0,5.57,6.51,5.83,0.00,VMS 1,,Tanque,,1.74,1.68,0.72,2.52,4.49,1.97,0.07,4.70
01/08/2024 01:51 a. m.,Ordeño,07:15,15.62,1,,TI,,,0,,1.02,0.78,1.92,1.38,0,0,0,0,5.31,6.06,6.01,0.00,VMS 1,,Tanque,,1.38,1.32,2.76,1.98,4.69,1.65,4.42,4.86
03/09/2024 05:40 p. m.,Ordeño,07:51,10.66,2,,,,,0,,1.20,1.08,1.56,1.14,0,0,0,0,4.40,5.33,4.93,5.31,VMS 3,,Tanque,,1.68,1.62,2.16,1.80,4.11,1.03,2.86,2.66
04/09/2024 05:17 a. m.,Ordeño,06:12,11.84,1,,,,,0,,1.32,0.72,1.56,1.08,0,0,0,0,4.59,5.28,5.23,5.46,VMS 3,,Tanque,,1.80,1.20,2.22,1.50,4.38,1.00,3.35,3.11
01/12/2024 09:45 a. m.,Ordeño,09:14,8.20,1,,,,,0,Todos,1.08,0.84,1.14,1.14,3435,1397,994,787,3.70,4.07,3.54,3.15,VMS 3,,Divert 3,,1.92,1.44,1.92,1.80,1.91,1.40,2.49,2.40
01/12/2024 05:59 p. m.,Ordeño,09:17,2.41,2,,DI,,TI,0,"DI,DD",1.14,0.48,0.00,0.54,3205,798,0,0,3.33,3.58,0.00,2.58,VMS 3,,Divert 3,,2.04,1.14,0.00,1.20,1.12,0.50,0.00,0.79
02/12/2024 12:57 a. m.,Ordeño,10:10,3.60,1,,TD,,TI,0,"DI,DD",0.72,0.84,0.00,1.38,1996,799,0,359,3.77,4.07,0.00,3.47,VMS 3,,Divert 3,,1.74,1.32,0.00,2.22,0.89,0.91,0.00,1.80
02/12/2024 08:52 a. m.,Ordeño,09:56,7.07,2,,,,,0,"DI,TI",1.14,0.96,1.68,1.20,2099,590,679,0,4.21,4.37,4.41,3.91,VMS 3,,Divert 3,,1.68,1.62,2.46,2.04,1.37,0.94,3.66,1.10
02/12/2024 05:38 p. m.,Ordeño,07:56,5.06,3,,DI,,,0,DI,1.14,0.96,0.42,1.14,1499,389,0,0,4.54,4.43,3.15,4.10,VMS 3,,Divert 3,,1.56,1.50,0.84,1.62,1.77,1.20,0.30,1.79
03/12/2024 12:12 a. m.,Ordeño,04:50,6.58,1,,"DI,TD",,,0,DI,1.02,0.78,1.86,1.44,1415,388,486,0,4.57,4.44,4.65,4.23,VMS 3,,Divert 3,,1.50,1.08,2.46,1.80,1.26,1.17,2.59,1.56
03/12/2024 06:45 a. m.,Ordeño,09:30,9.75,2,,"DI,TD",,,0,DI,1.26,0.96,1.50,1.92,1604,0,0,368,4.14,4.37,3.87,4.10,VMS 3,,Divert 3,,1.74,1.38,2.04,2.58,2.08,1.82,3.14,2.71
03/12/2024 07:39 p. m.,Ordeño,10:55,10.62,3,,TD,TI,TI,0,DI,1.02,0.90,0.00,1.20,834,0,0,369,4.28,4.42,0.00,4.46,VMS 3,,Divert 3,,1.74,1.20,0.00,1.56,3.79,3.16,0.00,3.67
04/12/2024 12:15 a. m.,Ordeño,06:29,4.88,1,,"DI,TD",TI,TI,0,DI,1.02,0.90,0.00,1.26,1218,0,0,0,4.02,3.97,0.00,3.99,VMS 3,,Divert 3,,1.32,1.32,0.00,1.62,1.27,1.12,0.00,2.49
04/12/2024 10:04 a. m.,Ordeño,11:02,15.09,2,,TD,,,0,,1.32,1.02,1.56,1.08,504,0,0,0,4.58,4.44,4.32,4.08,VMS 3,,Divert 3,,1.68,1.50,2.16,1.68,3.10,2.77,6.45,2.77
04/12/2024 04:30 p. m.,Ordeño,07:29,10.95,3,,"TI,TD",,,0,DI,1.20,1.08,1.68,1.50,621,0,0,0,4.55,4.71,4.62,4.61,VMS 3,,Divert 3,,1.68,1.62,2.28,2.10,2.11,1.57,2.29,4.98
04/12/2024 11:32 p. m.,Ordeño,09:15,8.18,4,,"DI,TI",TI,,0,,0.96,0.96,0.84,1.32,426,0,0,0,4.34,4.52,2.68,4.13,VMS 3,,Divert 3,,1.38,1.32,1.50,1.80,2.63,2.11,0.43,3.01
05/12/2024 06:29 a. m.,Ordeño,10:26,6.76,1,,TD,TI,TI,0,,1.08,0.90,0.00,1.32,0,0,0,0,4.29,4.39,0.00,4.31,VMS 3,,Divert 3,,1.50,1.32,0.00,1.62,2.53,2.24,0.00,1.99
05/12/2024 04:48 p. m.,Ordeño,08:12,19.59,2,,TI,,,0,,1.08,1.08,1.74,1.44,0,0,0,0,4.59,4.66,4.80,4.64,VMS 3,,Divert 3,,1.62,1.50,2.10,1.86,4.02,2.87,7.31,5.39
06/12/2024 12:18 a. m.,Ordeño,07:47,8.59,1,,"DI,TD",TI,TI,0,,1.20,1.08,0.00,1.62,0,0,0,0,4.31,4.38,0.00,4.44,VMS 3,,Divert 3,,1.74,1.44,0.00,2.22,2.81,2.23,0.00,3.55
06/12/2024 04:48 a. m.,Ordeño,06:39,9.91,2,,TD,,,0,,1.08,0.96,1.56,1.38,0,0,0,0,4.34,4.26,4.48,4.08,VMS 3,,Divert 3,,1.62,1.38,2.10,1.80,1.69,1.31,4.74,2.17
06/12/2024 12:46 p. m.,Ordeño,05:25,13.38,3,,TD,,,0,,1.26,1.02,1.44,1.56,0,0,0,0,4.88,4.77,4.55,4.56,VMS 3,,Divert 3,,1.62,1.44,2.10,2.22,2.99,2.69,3.31,4.39
06/12/2024 09:07 p. m.,Ordeño,07:58,13.66,4,,TI,,,0,,1.14,0.84,1.68,1.38,0,0,0,0,4.80,4.78,4.80,4.72,VMS 3,,Divert 3,,1.62,1.32,2.16,1.86,3.34,2.56,3.65,4.11
07/12/2024 03:57 a. m.,Ordeño,08:04,12.46,1,,"TI,TD",,,0,,1.08,0.90,1.38,1.56,0,0,0,0,4.62,4.71,4.41,4.55,VMS 3,,Divert 3,,1.56,1.26,1.86,2.16,2.83,2.49,3.36,3.78
07/12/2024 05:12 p. m.,Ordeño,09:22,23.45,2,,"DI,TI,TD",,,0,,1.26,1.20,1.56,1.44,0,0,372,0,4.87,5.00,4.90,4.79,VMS 2,,Tanque,,1.80,1.56,2.10,2.40,5.24,4.69,6.02,7.50
08/12/2024 12:56 a. m.,Ordeño,08:10,4.78,1,,TD,"DI,DD,TI","DI,DD,TI",0,,0.00,0.00,0.00,1.02,0,0,0,0,0.00,0.00,0.00,4.54,VMS 2,,Tanque,,0.00,0.00,0.00,1.62,0.00,0.00,0.00,4.78
08/12/2024 02:45 a. m.,Ordeño,05:47,1.40,2,,TD,"DI,DD,TI","DI,DD,TI",0,,0.00,0.00,0.00,0.78,0,0,0,0,0.00,0.00,0.00,4.08,VMS 2,,Tanque,,0.00,0.00,0.00,1.44,0.00,0.00,0.00,1.40
08/12/2024 09:35 a. m.,Ordeño,08:27,24.09,3,,"TI,TD",,,0,,1.32,1.14,1.80,1.08,0,0,346,0,4.91,5.04,4.77,4.71,VMS 2,,Tanque,,1.80,1.62,2.52,1.74,6.85,6.04,7.53,3.67
08/12/2024 04:10 p. m.,Ordeño,06:51,12.49,4,,TD,,,0,,1.14,1.02,1.56,0.96,0,0,357,0,4.64,4.58,4.64,3.82,VMS 2,,Tanque,,1.62,1.44,1.98,1.50,2.72,2.22,3.17,4.38
09/12/2024 01:16 a. m.,Ordeño,07:29,18.37,1,,TD,,,0,,1.02,1.08,1.56,1.08,0,0,461,0,4.51,4.71,4.77,4.37,VMS 2,,Tanque,,1.44,1.56,2.16,1.80,4.31,3.48,4.99,5.59
09/12/2024 09:46 a. m.,Ordeño,08:44,18.62,2,,TD,,,0,,1.02,1.08,1.50,1.32,0,0,0,0,4.53,4.46,4.23,4.20,VMS 2,,Tanque,,1.44,1.62,2.04,2.76,3.99,3.66,5.32,5.65
09/12/2024 03:59 p. m.,Ordeño,06:28,13.10,3,,TD,,,0,,1.08,0.96,1.44,1.08,0,0,0,0,4.60,4.45,4.46,3.58,VMS 2,,Tanque,,1.50,1.62,1.86,1.50,2.82,2.55,3.13,4.60
09/12/2024 11:11 p. m.,Ordeño,09:00,11.16,4,,TD,TI,TI,0,,0.90,1.02,0.00,1.26,0,0,0,0,4.52,4.56,0.00,4.49,VMS 2,,Tanque,,1.26,1.50,0.00,1.86,3.46,3.11,0.00,4.59
10/12/2024 05:49 a. m.,Ordeño,08:53,17.65,1,,"DI,TD",,,0,,0.84,0.90,1.44,1.02,0,0,0,0,4.30,4.30,4.60,4.36,VMS 2,,Tanque,,1.32,1.26,2.16,1.68,2.81,2.66,7.64,4.54
10/12/2024 04:30 p. m.,Ordeño,08:12,22.64,2,,TD,,,0,,1.08,1.14,1.56,1.38,0,0,0,0,4.77,4.85,4.53,4.48,VMS 2,,Tanque,,1.50,1.50,2.16,2.70,5.14,4.13,6.03,7.34
10/12/2024 11:23 p. m.,Ordeño,08:43,13.39,3,,"TI,TD",,,0,,0.84,1.02,1.38,1.20,0,0,447,0,4.36,4.51,4.37,4.31,VMS 2,,Tanque,,1.26,1.38,1.86,1.80,3.01,2.55,3.90,3.93
11/12/2024 09:38 a. m.,Ordeño,10:23,22.43,1,,TD,,,0,,0.78,0.96,1.20,1.26,0,0,0,0,4.51,4.72,4.66,4.40,VMS 2,,Tanque,,1.26,1.50,1.74,2.04,5.10,4.07,5.58,7.68
11/12/2024 05:36 p. m.,Ordeño,09:20,12.74,2,,TD,TD,,0,,0.96,1.08,1.38,0.54,0,348,0,0,4.27,4.42,4.52,1.21,VMS 2,,Tanque,,1.44,1.50,1.98,1.20,3.87,3.30,5.11,0.46
12/12/2024 12:11 a. m.,Ordeño,07:23,16.12,1,,"TI,TD",,,0,,0.78,1.02,1.56,1.20,0,0,0,0,4.40,4.56,4.53,4.27,VMS 2,,Tanque,,1.32,1.56,1.92,1.68,3.23,2.36,6.49,4.04
12/12/2024 08:08 a. m.,Ordeño,09:10,12.27,2,,TD,TI,TI,0,,0.96,0.96,0.00,1.08,0,0,0,0,4.39,4.30,0.00,4.38,VMS 2,,Tanque,,1.56,1.32,0.00,1.80,3.76,3.41,0.00,5.10
12/12/2024 12:44 p. m.,Ordeño,06:48,13.63,3,,TD,,,0,,0.96,0.90,1.74,1.38,0,0,0,0,4.51,4.56,4.75,4.40,VMS 2,,Tanque,,1.62,1.44,2.40,1.92,2.29,1.75,6.41,3.18
12/12/2024 06:09 p. m.,Ordeño,07:03,12.47,4,,"TI,TD",,,0,,0.90,0.90,1.26,1.38,0,0,0,0,4.67,4.63,4.71,4.68,VMS 2,,Tanque,,1.38,1.44,1.92,2.04,3.15,2.34,3.64,3.34
12/12/2024 11:55 p. m.,Ordeño,07:14,13.69,1,,"TI,TD",,,0,,0.78,1.02,1.38,1.14,0,0,0,0,4.47,4.54,4.62,4.26,VMS 2,,Tanque,,1.38,1.44,1.74,1.80,3.03,2.53,3.73,4.40
13/12/2024 06:42 a. m.,Ordeño,06:06,14.93,2,,"DI,TD",,,0,,1.02,1.02,1.26,1.14,0,0,0,0,4.72,4.68,4.65,4.64,VMS 2,,Tanque,,1.38,1.44,1.68,2.04,3.25,3.11,4.04,4.53
13/12/2024 12:41 p. m.,Ordeño,11:23,13.94,3,,"TI,TD",,,0,,1.02,0.90,1.20,0.90,0,0,0,0,4.51,4.54,4.13,4.11,VMS 2,,Tanque,,1.56,1.44,1.80,1.32,3.29,2.57,4.21,3.87
13/12/2024 06:42 p. m.,Ordeño,07:33,12.81,4,,TI,,,0,,0.90,1.08,1.50,1.02,0,0,0,0,4.37,4.61,4.65,4.59,VMS 2,,Tanque,,1.38,1.62,1.86,1.62,3.20,2.66,3.53,3.42
13/12/2024 11:57 p. m.,Ordeño,09:23,12.02,1,,"TI,TD",,,0,,0.90,0.96,1.20,1.26,0,359,0,0,4.57,4.49,4.72,4.58,VMS 2,,Tanque,,1.32,1.62,1.50,1.86,2.89,2.44,2.92,3.77
14/12/2024 08:35 a. m.,Ordeño,08:23,18.71,2,,TI,,,0,,1.02,1.14,1.44,1.32,0,0,0,0,4.63,4.70,4.67,4.62,VMS 2,,Tanque,,1.44,1.56,1.98,1.98,4.35,3.48,5.27,5.61
14/12/2024 04:24 p. m.,Ordeño,08:05,17.37,3,,TD,,,0,,1.02,0.90,1.38,1.20,0,0,0,0,4.65,4.49,4.48,4.61,VMS 2,,Tanque,,1.50,1.50,1.74,1.80,3.81,3.56,4.30,5.70
14/12/2024 11:15 p. m.,Ordeño,09:18,15.59,4,,"TI,TD",,,0,,0.72,0.96,1.26,1.02,0,0,0,0,4.38,4.49,4.63,4.64,VMS 2,,Tanque,,1.20,1.32,1.80,1.68,3.72,2.99,4.27,4.61
15/12/2024 09:54 a. m.,Ordeño,08:36,21.98,1,,TD,,,0,,0.90,1.02,1.44,1.26,0,0,0,0,4.71,4.86,4.84,4.76,VMS 2,,Tanque,,1.32,1.68,1.86,1.86,4.94,4.29,4.92,7.83
15/12/2024 06:26 p. m.,Ordeño,07:40,17.22,2,,TD,,,0,,0.96,1.02,1.38,1.08,0,0,0,0,4.58,4.54,4.69,4.55,VMS 2,,Tanque,,1.32,1.50,1.80,1.98,3.82,3.23,4.70,5.47
16/12/2024 12:59 a. m.,Ordeño,07:00,13.42,1,,TD,,,0,,0.84,0.90,1.32,1.02,0,0,0,0,4.56,4.63,4.66,4.83,VMS 2,,Tanque,,1.26,1.38,1.74,1.56,3.23,2.79,3.93,3.47
16/12/2024 09:00 a. m.,Ordeño,08:14,16.37,2,,TD,,,0,,0.84,0.78,1.44,1.32,0,0,0,0,4.56,4.70,4.85,4.92,VMS 2,,Tanque,,1.38,1.14,1.86,1.86,3.92,3.27,4.57,4.61
16/12/2024 03:18 p. m.,Ordeño,07:38,13.34,3,,"DD,TI,TD",,,0,,0.90,0.84,1.38,1.26,0,0,0,0,4.63,4.49,4.73,4.71,VMS 2,,Tanque,,1.38,1.32,1.92,1.92,2.86,2.08,3.33,5.07
16/12/2024 11:02 p. m.,Ordeño,08:02,17.55,4,,TD,,,0,,0.78,0.84,1.38,1.26,0,0,0,0,4.61,4.77,4.85,4.73,VMS 2,,Tanque,,1.14,1.20,1.86,2.04,3.83,3.57,4.60,5.55
17/12/2024 07:32 a. m.,Ordeño,07:05,18.99,1,,TD,,,0,,0.96,1.02,1.44,1.26,0,0,0,0,4.82,4.82,4.92,4.73,VMS 2,,Tanque,,1.38,1.50,1.80,1.86,4.11,3.55,5.30,6.03
17/12/2024 03:11 p. m.,Ordeño,06:43,16.59,2,,TD,,,0,,1.02,0.96,1.38,1.26,0,0,0,0,4.62,4.60,4.70,4.57,VMS 2,,Tanque,,1.50,1.44,1.80,1.92,3.70,3.07,4.49,5.33
17/12/2024 08:45 p. m.,Ordeño,09:06,12.95,3,,TD,,,0,,0.66,0.84,1.32,1.02,0,362,362,0,4.23,4.45,4.51,4.56,VMS 2,,Tanque,,1.08,1.20,1.86,1.50,3.08,2.43,3.77,3.67
18/12/2024 02:59 a. m.,Ordeño,09:06,13.51,1,,"TI,TD",,,0,,0.78,0.96,1.38,1.02,0,0,0,0,4.70,4.71,4.91,5.05,VMS 2,,Tanque,,1.26,1.56,1.98,1.56,3.44,2.98,3.97,3.12
18/12/2024 10:17 a. m.,Ordeño,08:37,13.50,2,,TD,TI,TI,0,,0.96,0.84,0.00,1.20,0,0,0,0,4.63,4.49,0.00,4.66,VMS 2,,Tanque,,1.44,1.26,0.00,2.46,3.78,3.28,0.00,6.44
18/12/2024 05:53 p. m.,Ordeño,07:51,18.15,3,,TD,,,0,,1.02,0.84,1.38,1.20,0,0,0,0,4.84,4.62,4.85,4.52,VMS 2,,Tanque,,1.44,1.26,2.04,2.22,3.79,3.20,5.72,5.44
19/12/2024 01:17 a. m.,Ordeño,09:01,17.96,1,,TD,,,0,,0.84,0.96,1.38,1.08,0,0,0,0,4.57,4.69,4.77,4.67,VMS 2,,Tanque,,1.26,1.32,1.80,1.62,4.28,3.26,4.86,5.56
19/12/2024 08:06 a. m.,Ordeño,06:39,16.71,2,,TD,,,0,,1.02,0.84,1.32,1.20,0,0,0,0,4.92,4.76,4.87,4.75,VMS 2,,Tanque,,1.44,1.26,1.74,1.98,3.33,3.44,4.54,5.40
19/12/2024 05:10 p. m.,Ordeño,08:11,20.41,3,,"TI,TD",,,0,,1.02,1.14,1.44,1.38,0,0,0,0,4.88,5.03,4.84,5.09,VMS 2,,Tanque,,1.56,1.56,1.86,2.16,5.30,3.65,6.53,4.93
20/12/2024 01:47 a. m.,Ordeño,07:59,19.60,1,,TD,,,0,,0.96,1.08,1.38,1.32,0,0,0,0,4.64,4.78,4.66,4.89,VMS 2,,Tanque,,1.50,1.50,1.80,1.92,5.05,4.40,6.23,3.92
20/12/2024 09:06 a. m.,Ordeño,08:24,21.16,2,,TD,,,0,,0.96,0.84,1.38,1.44,0,0,0,0,4.63,4.50,4.81,4.68,VMS 2,,Tanque,,1.38,1.26,1.86,2.46,4.07,3.45,4.91,8.73
20/12/2024 03:21 p. m.,Ordeño,08:06,16.49,3,,TD,,,0,,0.84,0.96,1.38,1.08,0,0,0,0,4.64,4.71,4.85,4.42,VMS 2,,Tanque,,1.26,1.32,1.86,2.22,3.71,3.17,4.23,5.38
20/12/2024 08:46 p. m.,Ordeño,08:23,13.00,4,,TD,,,0,,0.78,0.90,1.44,1.08,0,347,368,0,4.22,4.46,4.51,4.63,VMS 2,,Tanque,,1.20,1.20,1.80,1.74,3.15,2.36,4.11,3.38
21/12/2024 02:50 a. m.,Ordeño,06:28,14.60,1,,TD,,,0,,1.02,0.96,1.38,1.26,0,0,0,0,4.78,4.72,4.86,4.73,VMS 2,,Tanque,,1.38,1.38,1.68,1.98,3.18,2.66,3.97,4.79
21/12/2024 08:11 a. m.,Ordeño,06:09,13.72,2,,TD,,,0,,1.08,0.96,1.38,1.08,0,0,0,0,4.92,4.72,4.93,4.79,VMS 2,,Tanque,,1.44,1.38,1.80,1.68,3.10,2.73,3.81,4.08
21/12/2024 03:25 p. m.,Ordeño,07:26,19.07,3,,,,,0,,0.96,1.08,1.44,1.44,0,0,0,0,4.73,4.85,4.86,4.79,VMS 2,,Tanque,,1.38,1.68,1.92,2.10,4.53,3.29,5.17,6.08
22/12/2024 12:17 a. m.,Ordeño,09:42,21.43,1,,TD,,,0,,0.84,0.90,1.44,1.32,0,0,0,0,4.52,4.60,4.79,4.58,VMS 2,,Tanque,,1.38,1.32,1.80,2.22,5.21,4.34,4.69,7.19
22/12/2024 10:34 a. m.,Ordeño,09:34,24.24,2,,TD,,,0,,1.02,1.20,1.62,1.56,0,0,0,0,4.72,4.74,4.87,4.70,VMS 2,,Tanque,,1.50,1.62,2.10,2.10,6.04,4.63,6.18,7.39
22/12/2024 05:13 p. m.,Ordeño,06:46,15.49,3,,TD,,,0,,0.90,0.96,1.32,1.08,0,0,0,0,4.37,4.47,4.66,4.39,VMS 2,,Tanque,,1.38,1.44,1.62,1.74,3.61,2.83,4.19,4.86
22/12/2024 11:22 p. m.,Ordeño,07:30,13.82,4,,TD,,,0,,0.90,0.90,1.32,1.14,0,0,448,0,4.36,4.47,4.55,4.30,VMS 2,,Tanque,,1.38,1.32,1.68,1.68,3.31,2.63,4.22,3.66
23/12/2024 06:34 a. m.,Ordeño,08:37,18.03,1,,TD,,,0,,0.90,1.02,1.50,1.14,0,0,0,0,4.73,4.78,4.83,4.55,VMS 2,,Tanque,,1.32,1.44,1.92,1.86,4.35,3.28,4.90,5.50
23/12/2024 05:30 p. m.,Ordeño,09:52,23.45,2,,,,,0,,0.96,1.26,1.62,1.32,0,0,0,0,4.74,4.85,4.86,4.52,VMS 2,,Tanque,,1.38,1.62,2.04,1.92,6.58,4.70,5.86,6.31
24/12/2024 02:04 a. m.,Ordeño,07:36,18.08,1,,,,,0,,0.90,0.96,1.38,1.02,0,0,0,0,4.39,4.46,4.65,4.46,VMS 2,,Tanque,,1.20,1.32,1.80,1.80,4.39,3.24,5.01,5.44
24/12/2024 08:02 a. m.,Ordeño,07:28,14.26,2,,TD,,,0,,1.02,0.96,1.50,1.32,0,0,0,0,4.53,4.46,4.66,4.11,VMS 2,,Tanque,,1.44,1.50,2.04,2.22,3.42,2.19,4.51,4.14
24/12/2024 05:41 p. m.,Ordeño,08:24,22.33,3,,"TI,TD",,,0,,1.08,1.02,1.56,1.38,0,0,0,0,4.94,4.93,5.00,4.84,VMS 2,,Tanque,,1.44,1.44,2.10,2.10,5.89,5.17,4.82,6.45
25/12/2024 01:09 a. m.,Ordeño,07:08,18.35,1,,TD,,,0,,1.02,1.02,1.32,1.32,0,0,0,0,4.68,4.73,4.58,4.44,VMS 2,,Tanque,,1.44,1.62,1.74,2.28,4.43,3.78,3.92,6.22
25/12/2024 06:38 a. m.,Ordeño,06:31,12.62,2,,TD,,,0,,0.90,0.84,1.32,1.02,0,0,0,0,4.41,4.60,4.70,4.32,VMS 2,,Tanque,,1.32,1.38,1.80,1.62,3.20,2.25,3.90,3.27
25/12/2024 02:52 p. m.,Ordeño,08:47,20.76,3,,,,,0,,0.90,1.08,1.56,1.56,0,0,0,0,4.80,4.92,5.05,5.06,VMS 2,,Tanque,,1.44,1.50,1.98,2.22,5.11,3.12,5.63,6.90
26/12/2024 06:07 p. m.,Ordeño,10:16,1.89,3,,TD,Todos,,0,,0.42,0.24,0.48,0.48,0,0,0,0,4.62,3.50,2.14,2.08,VMS 2,,Tanque,,0.90,0.84,1.20,0.90,0.31,0.33,0.91,0.34
27/12/2024 01:59 a. m.,Ordeño,06:29,10.15,1,,,DI,,0,,0.18,0.84,1.14,1.02,0,0,0,0,5.35,4.69,4.72,4.80,VMS 2,,Tanque,,0.54,1.32,1.62,1.62,0.44,1.96,3.75,4.00
27/12/2024 07:19 a. m.,Ordeño,06:19,8.50,2,,,DI,,0,,0.30,0.78,1.20,0.96,0,0,0,0,4.22,4.89,4.98,4.94,VMS 2,,Tanque,,0.72,1.38,1.98,1.74,0.63,2.03,2.84,3.00
27/12/2024 04:31 p. m.,Ordeño,06:48,15.84,3,,,DI,,0,,0.60,1.20,1.56,1.32,0,0,0,0,5.14,5.28,5.25,5.23,VMS 2,,Tanque,,1.32,1.56,1.98,1.98,1.58,3.17,4.93,6.16
28/12/2024 12:54 a. m.,Ordeño,07:31,7.88,1,,,"DI,TD",TD,0,DI,0.78,0.90,1.14,0.00,0,0,0,0,5.63,4.73,4.77,0.00,VMS 2,,Tanque,,1.20,1.26,1.80,0.00,1.22,2.82,3.84,0.00
28/12/2024 05:17 a. m.,Ordeño,07:57,12.67,2,,,,,0,,0.30,0.78,0.90,1.38,0,0,0,0,4.95,4.48,4.63,5.10,VMS 2,,Tanque,,0.78,1.26,1.38,1.92,0.60,1.72,2.66,7.69
28/12/2024 11:37 a. m.,Ordeño,08:14,14.08,3,,TD,,,0,DI,0.72,1.02,1.32,1.14,0,0,0,0,5.81,4.90,4.97,4.69,VMS 2,,Tanque,,1.14,1.44,1.74,1.68,1.37,3.18,4.52,5.01
29/12/2024 04:49 a. m.,Ordeño,11:27,16.83,1,,TD,TI,TI,0,,0.90,1.02,0.00,1.38,0,0,0,0,5.18,4.97,0.00,4.88,VMS 2,,Drenaje,,1.38,1.44,0.00,2.64,2.95,5.31,0.00,8.57
29/12/2024 08:36 a. m.,Ordeño,07:36,4.77,2,,TD,"DI,TI","DI,TI",0,,0.00,0.90,0.00,1.20,0,0,0,0,0.00,4.41,0.00,3.87,VMS 2,,Drenaje,,0.00,1.62,0.00,2.04,0.00,1.58,0.00,3.19
29/12/2024 10:41 a. m.,Ordeño,06:35,9.04,3,,TD,TD,,0,,0.66,0.54,1.62,0.72,0,0,0,0,4.98,4.42,5.34,2.14,VMS 2,,Drenaje,,1.44,0.90,2.34,1.02,1.49,0.88,6.25,0.42
29/12/2024 09:44 p. m.,Ordeño,07:34,20.67,4,,,,,0,,0.90,1.14,1.38,1.44,0,0,0,0,5.11,5.14,4.75,4.90,VMS 2,,Drenaje,,1.44,1.56,1.86,2.22,3.34,5.29,5.23,6.81
30/12/2024 04:59 a. m.,Ordeño,07:46,15.43,1,,,,,0,,0.72,0.90,1.20,0.96,0,0,0,0,4.58,4.88,4.90,4.60,VMS 2,,Drenaje,,1.14,1.38,1.68,1.62,2.40,3.20,4.77,5.06
30/12/2024 10:51 a. m.,Ordeño,05:41,13.24,2,,TD,,,0,,0.96,0.96,1.38,1.44,0,0,0,0,4.97,5.06,5.14,5.00,VMS 2,,Drenaje,,1.44,1.68,1.86,2.16,1.45,2.77,4.04,4.98
30/12/2024 03:48 p. m.,Ordeño,06:10,11.67,3,,,,,0,,0.84,0.72,1.26,1.38,0,0,0,0,4.97,5.14,5.20,5.33,VMS 2,,Drenaje,,1.32,1.14,1.86,2.28,1.84,2.52,3.40,3.91
30/12/2024 10:54 p. m.,Ordeño,07:04,17.82,4,,,,,0,,0.84,1.02,1.44,1.50,0,0,0,0,4.86,5.18,5.17,5.10,VMS 2,,Drenaje,,1.20,1.44,1.80,2.34,2.53,3.35,5.02,6.92
31/12/2024 04:59 a. m.,Ordeño,06:28,14.27,1,,,,,0,,0.78,0.90,1.20,1.26,0,0,0,0,4.56,4.89,4.97,4.94,VMS 2,,Drenaje,,1.26,1.20,1.56,1.92,1.96,2.75,4.55,5.01
31/12/2024 12:59 p. m.,Ordeño,08:47,21.47,2,,TD,,,0,,0.96,0.96,1.44,1.26,0,0,0,0,5.19,5.14,5.16,4.81,VMS 2,,Drenaje,,1.38,1.50,2.04,1.98,2.86,4.43,6.13,8.05
31/12/2024 06:10 p. m.,Ordeño,06:09,11.34,3,,,,,0,,0.72,0.84,1.32,1.14,0,0,0,0,4.69,4.64,4.83,4.74,VMS 2,,Drenaje,,1.14,1.38,2.04,1.68,1.60,2.34,3.48,3.92
31/12/2024 10:54 p. m.,Ordeño,06:05,11.87,4,,,,,0,,0.78,0.84,1.20,1.08,0,0,0,0,4.61,4.85,4.87,4.70,VMS 2,,Drenaje,,1.20,1.38,1.80,1.92,1.70,2.57,3.42,4.18
01/01/2025 08:50 a. m.,Ordeño,07:54,21.45,1,,,,,0,,1.08,1.02,1.56,1.32,0,0,0,0,5.41,4.97,5.10,5.01,VMS 2,,Drenaje,,1.68,1.44,2.04,2.28,3.54,4.93,6.07,6.91
01/01/2025 06:54 p. m.,Ordeño,09:08,23.74,2,,,,,0,,0.90,1.02,1.50,1.32,0,0,0,0,4.98,4.86,4.91,4.81,VMS 2,,Drenaje,,1.32,1.38,1.98,2.22,3.54,4.53,6.93,8.74
02/01/2025 12:11 a. m.,Ordeño,07:00,12.35,1,,,,,0,,0.54,0.66,1.20,1.02,0,0,0,0,4.59,4.46,4.70,4.55,VMS 2,,Drenaje,,0.84,1.08,1.56,1.80,1.65,2.25,3.88,4.57
02/01/2025 08:48 a. m.,Ordeño,08:32,20.65,2,,,,,0,,0.90,0.78,1.44,1.20,0,0,0,0,5.05,4.72,4.83,4.97,VMS 2,,Drenaje,,1.38,1.20,1.74,1.92,3.21,4.67,6.07,6.70
02/01/2025 04:13 p. m.,Ordeño,07:01,17.52,3,,,,,0,,0.90,1.02,1.38,1.26,0,378,0,0,4.86,4.53,4.62,4.61,VMS 2,,Drenaje,,1.38,1.74,1.80,2.04,2.49,3.50,5.49,6.04
03/01/2025 01:46 a. m.,Ordeño,09:23,23.80,1,,,,,0,,0.78,1.02,1.26,1.38,0,0,0,0,4.85,4.68,4.69,4.61,VMS 2,,Drenaje,,1.14,1.38,1.74,2.94,3.67,4.07,7.01,9.05
03/01/2025 06:56 a. m.,Ordeño,07:05,12.64,2,,,,,0,,0.72,0.84,1.20,1.02,0,0,0,0,4.38,4.34,4.49,4.41,VMS 2,,Drenaje,,1.08,1.26,1.80,1.80,1.78,2.69,3.87,4.30
03/01/2025 11:51 a. m.,Ordeño,06:53,10.52,3,,,,,0,,0.60,0.66,1.08,0.84,0,0,0,0,4.62,4.28,4.52,4.40,VMS 2,,Drenaje,,1.14,1.08,1.62,1.50,1.71,2.23,3.25,3.33
03/01/2025 04:14 p. m.,Ordeño,05:30,10.70,4,,,,,0,,0.72,0.84,1.26,1.26,0,0,0,0,4.83,4.55,4.64,4.34,VMS 2,,Drenaje,,1.14,1.26,1.80,1.92,1.63,2.13,2.97,3.97
03/01/2025 11:44 p. m.,Ordeño,09:30,16.87,5,,,,,0,,0.84,0.84,1.32,1.14,0,0,0,0,4.80,4.65,4.73,4.64,VMS 2,,Drenaje,,1.20,1.26,1.68,1.86,2.97,3.25,4.91,5.74
04/01/2025 05:07 a. m.,Ordeño,06:37,13.37,1,,,,,0,,0.66,0.84,1.26,1.08,0,0,0,0,4.67,4.58,4.78,4.74,VMS 2,,Drenaje,,1.08,1.26,1.86,1.80,1.92,2.80,3.97,4.68
04/01/2025 09:16 a. m.,Ordeño,05:53,10.89,2,,,,,0,,0.60,0.84,1.20,1.26,0,0,0,0,4.50,4.47,4.59,4.47,VMS 2,,Drenaje,,0.90,1.38,1.86,1.92,1.57,2.14,3.06,4.12
04/01/2025 05:06 p. m.,Ordeño,07:37,20.15,3,,,,,0,,0.96,1.02,1.56,1.44,0,0,0,0,4.98,4.88,4.83,4.88,VMS 2,,Drenaje,,1.38,1.44,2.10,2.10,3.41,3.81,5.55,7.38
05/01/2025 03:27 a. m.,Ordeño,07:40,21.68,1,,,,,0,,1.02,1.20,1.62,1.44,0,0,0,0,5.02,4.88,4.99,4.75,VMS 2,,Drenaje,,1.44,1.62,2.04,2.16,3.59,4.62,6.52,6.95
05/01/2025 10:23 a. m.,Ordeño,06:25,17.45,2,,,,,0,,0.96,1.02,1.62,1.44,0,0,0,0,5.01,4.74,4.99,4.62,VMS 2,,Drenaje,,1.32,1.50,2.04,2.22,3.02,3.38,5.41,5.64
05/01/2025 06:27 p. m.,Ordeño,09:10,20.46,3,,,,,0,,0.84,0.96,1.44,1.44,0,0,0,0,4.83,4.67,4.97,4.89,VMS 2,,Drenaje,,1.20,1.44,2.04,2.04,3.19,4.15,5.83,7.29
06/01/2025 02:10 a. m.,Ordeño,08:14,19.73,1,,,,,0,,0.90,0.90,1.38,1.20,0,0,0,0,4.99,4.89,5.04,5.12,VMS 2,,Drenaje,,1.32,1.32,1.74,1.80,3.13,3.71,5.84,7.05
06/01/2025 11:00 a. m.,Ordeño,07:29,20.72,2,,,,,0,,1.08,1.02,1.68,1.38,0,0,0,0,5.27,4.84,4.80,4.52,VMS 2,,Drenaje,,1.44,1.44,2.10,1.98,3.38,3.91,6.02,7.41
06/01/2025 07:10 p. m.,Ordeño,08:39,13.37,3,,,TD,TD,0,,0.96,0.90,1.50,0.00,0,0,0,0,4.90,4.77,4.98,0.00,VMS 2,,Drenaje,,1.50,1.38,1.98,0.00,3.27,4.28,5.82,0.00
07/01/2025 01:42 a. m.,Ordeño,06:37,15.34,1,,TD,,,0,,0.84,0.84,1.44,1.56,0,0,0,0,4.69,4.65,4.92,4.91,VMS 2,,Drenaje,,1.32,1.26,1.86,2.16,2.60,3.25,4.94,4.55
07/01/2025 11:52 a. m.,Ordeño,07:26,22.85,2,,,,,0,,1.02,1.08,1.68,1.38,0,0,0,0,5.17,5.04,5.06,4.49,VMS 2,,Drenaje,,1.38,1.68,2.10,2.28,4.09,4.53,7.07,7.16
08/01/2025 03:04 a. m.,Ordeño,08:29,19.30,1,,,TI,TI,0,DI,1.08,1.14,0.00,1.56,0,0,0,0,5.52,4.74,0.00,4.69,VMS 2,,Drenaje,,1.50,1.62,0.00,2.34,5.77,4.65,0.00,8.88
08/01/2025 08:38 a. m.,Ordeño,07:11,17.00,2,,,,,0,,0.96,0.84,1.68,1.08,0,0,0,0,4.56,4.19,4.60,4.20,VMS 2,,Drenaje,,1.50,1.38,2.10,1.62,1.92,2.67,8.14,4.27
08/01/2025 01:36 p. m.,Ordeño,06:12,11.75,3,,,,,0,,0.96,0.84,1.20,1.08,0,0,0,0,4.77,4.75,4.37,4.41,VMS 2,,Drenaje,,1.38,1.26,1.74,1.56,2.14,2.04,3.51,4.06
08/01/2025 08:51 p. m.,Ordeño,07:51,17.69,4,,"DI,TD",,,0,,1.02,0.96,1.62,1.32,0,0,0,0,5.10,4.81,4.93,4.99,VMS 2,,Drenaje,,1.62,1.50,2.10,1.98,3.04,3.93,5.00,5.72
09/01/2025 02:28 a. m.,Ordeño,06:48,14.77,1,,,,,0,,1.08,0.84,1.56,1.38,0,0,0,0,5.05,4.88,5.02,5.02,VMS 2,,Drenaje,,1.62,1.32,2.04,2.04,2.24,2.79,4.27,5.47
09/01/2025 10:00 a. m.,Ordeño,07:12,18.57,2,,,,,0,,0.96,1.02,1.56,1.50,0,0,0,0,4.79,4.81,4.98,4.92,VMS 2,,Drenaje,,1.26,1.44,1.92,2.58,3.36,3.37,5.35,6.49
09/01/2025 04:45 p. m.,Ordeño,06:30,15.04,3,,"TI,TD",,,0,,1.02,1.02,1.62,1.50,0,0,0,0,4.68,4.61,4.84,4.83,VMS 2,,Tanque,,1.38,1.50,2.40,2.04,2.65,3.49,4.57,4.33
09/01/2025 09:35 p. m.,Ordeño,07:08,16.12,4,,,,,0,,0.96,0.78,1.44,1.56,0,0,0,0,4.73,4.62,4.98,4.97,VMS 2,,Tanque,,1.32,1.32,2.34,2.22,1.92,2.39,4.53,7.28
10/01/2025 06:21 a. m.,Ordeño,07:35,22.31,1,,,,,0,,1.02,1.08,1.56,1.62,0,368,0,0,5.07,5.15,5.24,5.04,VMS 2,,Tanque,,1.38,1.50,1.92,2.46,3.97,3.94,6.52,7.88
10/01/2025 04:32 p. m.,Ordeño,08:12,24.67,2,,,,,0,,1.02,1.32,1.56,1.56,0,0,0,0,4.75,4.90,4.99,4.66,VMS 2,,Tanque,,1.44,1.74,1.98,2.34,4.15,4.45,6.98,9.09
11/01/2025 01:13 a. m.,Ordeño,07:08,18.52,1,,,,,0,,1.02,1.02,1.62,1.38,0,0,0,0,4.81,4.71,4.78,4.73,VMS 2,,Tanque,,1.44,1.56,2.16,2.22,3.17,3.69,5.05,6.61
11/01/2025 06:54 a. m.,Ordeño,06:15,14.33,2,,,,,0,,1.02,0.90,1.56,1.26,0,0,0,0,4.67,4.49,4.78,4.68,VMS 2,,Tanque,,1.50,1.32,1.98,1.86,2.33,2.77,4.19,5.04
11/01/2025 05:29 p. m.,Ordeño,07:14,24.87,3,,TD,,,0,,1.02,1.08,1.86,1.80,0,0,0,0,4.93,4.71,4.86,4.93,VMS 2,,Tanque,,1.32,1.68,2.22,2.34,4.37,4.82,6.63,9.05
12/01/2025 01:46 a. m.,Ordeño,06:05,16.96,1,,,,,0,,1.02,1.02,1.62,1.50,0,0,0,0,4.51,4.58,4.73,4.54,VMS 2,,Tanque,,1.38,1.62,2.10,2.10,2.95,3.20,5.10,5.71
12/01/2025 09:52 a. m.,Ordeño,07:37,6.63,2,,,"DI,DD,TI","DI,DD,TI",0,,0.00,0.00,0.00,1.50,0,0,0,0,0.00,0.00,0.00,4.65,VMS 2,,Tanque,,0.00,0.00,0.00,2.16,0.00,0.00,0.00,6.63
13/01/2025 07:17 a. m.,Ordeño,07:08,19.36,1,,,,,0,,1.08,1.20,1.74,1.62,0,0,0,0,4.91,5.03,4.86,5.16,VMS 2,,Tanque,,1.38,1.74,2.28,2.10,2.73,2.77,6.04,7.82
13/01/2025 02:15 p. m.,Ordeño,06:37,16.60,2,,,,,0,,1.14,0.96,1.50,1.38,0,0,0,0,5.19,4.89,4.94,5.08,VMS 2,,Tanque,,1.50,1.44,2.04,1.92,2.56,3.13,4.75,6.16
13/01/2025 10:33 p. m.,Ordeño,08:46,20.12,3,,,,,0,,0.96,1.14,1.50,1.50,0,0,0,0,5.07,5.30,5.16,5.11,VMS 2,,Tanque,,1.32,1.56,1.80,1.92,3.41,3.70,5.57,7.44
14/01/2025 08:32 a. m.,Ordeño,09:34,24.20,1,,,,,0,,1.08,1.20,1.74,1.26,0,0,0,0,5.19,5.29,5.21,4.76,VMS 2,,Tanque,,1.50,1.80,2.10,1.80,4.13,4.33,6.77,8.97
14/01/2025 03:13 p. m.,Ordeño,10:16,16.39,2,,,,,0,,1.08,1.20,1.50,0.84,0,0,0,0,5.05,5.12,4.95,4.44,VMS 2,,Tanque,,1.44,1.62,1.92,1.26,2.82,3.09,4.84,5.64
14/01/2025 09:39 p. m.,Ordeño,07:03,15.07,3,,TI,,,0,,0.96,0.90,1.44,1.38,0,0,0,0,4.85,4.86,5.03,5.02,VMS 2,,Tanque,,1.50,1.50,2.28,2.22,2.61,3.35,4.02,5.09
15/01/2025 01:46 a. m.,Ordeño,07:09,12.25,1,,,,,0,,0.60,0.78,1.44,1.02,0,0,0,0,4.85,4.86,4.89,4.43,VMS 2,,Tanque,,1.08,1.32,2.10,1.62,1.60,1.85,4.38,4.42
15/01/2025 07:27 a. m.,Ordeño,09:33,14.59,2,,,,,0,,1.14,0.84,1.62,1.56,0,0,0,0,4.90,4.93,5.04,5.10,VMS 2,,Tanque,,1.50,1.20,2.22,2.10,2.44,2.80,4.38,4.97
15/01/2025 02:53 p. m.,Ordeño,07:00,19.21,3,,,,,0,,0.96,1.14,1.56,1.56,0,0,0,0,4.84,5.01,4.96,4.96,VMS 2,,Tanque,,1.44,1.62,2.16,2.22,3.15,3.36,5.26,7.44
15/01/2025 07:30 p. m.,Ordeño,08:15,11.56,4,,TI,,,0,,0.78,0.84,1.38,1.32,0,0,0,0,4.64,4.81,4.96,4.68,VMS 2,,Tanque,,1.20,1.32,2.04,2.22,1.96,2.34,3.31,3.95
16/01/2025 01:47 a. m.,Ordeño,06:15,15.53,1,,,,,0,,0.90,1.14,1.74,1.62,0,0,0,0,4.78,4.86,5.03,4.83,VMS 2,,Tanque,,1.26,1.68,2.16,2.16,2.65,2.58,4.86,5.44
16/01/2025 08:07 a. m.,Ordeño,07:44,17.41,2,,,,,0,,0.78,0.84,1.26,1.14,0,0,0,0,4.92,4.86,5.04,5.01,VMS 2,,Tanque,,1.14,1.32,1.56,1.86,2.87,3.29,5.16,6.09
16/01/2025 04:20 p. m.,Ordeño,07:20,20.33,3,,,,,0,,1.08,1.08,1.56,1.50,0,0,0,0,4.93,5.00,5.03,5.01,VMS 2,,Tanque,,1.50,1.56,2.04,2.04,3.29,3.66,5.84,7.54
16/01/2025 10:40 p. m.,Ordeño,06:09,15.91,4,,,,,0,,1.02,0.90,1.50,1.38,0,0,0,0,4.83,4.87,4.95,4.91,VMS 2,,Tanque,,1.50,1.44,1.92,1.92,2.73,3.09,4.72,5.37
17/01/2025 07:19 a. m.,Ordeño,07:27,22.96,1,,,,,0,,0.90,1.20,1.68,1.74,0,0,0,0,4.98,5.23,5.22,4.94,VMS 2,,Tanque,,1.26,1.80,2.22,2.34,4.16,4.11,6.58,8.11
17/01/2025 04:43 p. m.,Ordeño,07:47,24.44,2,,,,,0,,1.08,1.20,1.68,1.62,0,0,0,0,5.00,5.01,5.24,4.92,VMS 2,,Tanque,,1.44,1.62,2.16,2.22,3.92,4.62,6.86,9.04
18/01/2025 07:49 a. m.,Ordeño,11:21,33.47,1,,,,,0,,0.96,1.02,1.44,1.26,0,0,0,0,4.09,4.60,4.51,4.62,VMS 2,,Tanque,,1.50,1.56,2.04,1.80,6.41,7.32,8.73,11.01
18/01/2025 03:57 p. m.,Ordeño,05:50,16.13,2,,DI,,,0,,1.14,1.08,1.62,1.44,0,0,0,0,4.76,4.74,4.83,4.76,VMS 2,,Tanque,,1.74,1.44,2.22,2.04,2.92,3.08,4.82,5.31
18/01/2025 08:49 p. m.,Ordeño,05:00,10.16,3,,TD,,,0,,0.90,0.78,1.38,1.26,0,367,0,0,4.45,4.46,4.84,4.67,VMS 2,,Tanque,,1.38,1.20,1.92,1.68,1.81,1.84,3.17,3.34
19/01/2025 03:47 a. m.,Ordeño,07:40,18.47,1,,,,,0,,1.02,1.20,1.56,1.32,0,0,0,0,5.14,5.13,5.23,4.94,VMS 2,,Tanque,,1.50,1.62,2.04,1.80,3.18,3.14,5.45,6.70
19/01/2025 07:51 a. m.,Ordeño,07:45,11.71,2,,,,,0,,0.72,0.78,1.02,0.96,0,0,0,0,4.65,4.73,4.98,4.81,VMS 2,,Tanque,,1.26,1.26,1.74,1.68,1.82,2.34,3.38,4.17
19/01/2025 12:01 p. m.,Ordeño,04:51,9.03,3,,,,,0,,0.90,0.90,1.26,1.38,0,0,0,0,4.72,4.72,4.99,4.80,VMS 2,,Tanque,,1.38,1.38,1.86,1.92,1.51,1.61,2.53,3.38
19/01/2025 05:18 p. m.,Ordeño,06:51,14.77,4,,TD,,,0,,0.96,0.96,1.44,1.26,0,0,0,0,4.91,5.06,5.26,4.67,VMS 2,,Tanque,,1.38,1.44,1.80,1.80,2.57,2.76,4.07,5.37
20/01/2025 10:20 a. m.,Ordeño,08:55,28.26,1,,,,,0,,1.08,1.44,1.86,1.62,0,0,0,0,5.24,5.14,5.17,4.95,VMS 2,,Tanque,,1.50,1.92,2.28,2.22,6.23,5.27,8.10,8.66
20/01/2025 06:16 p. m.,Ordeño,06:40,18.30,2,,,,,0,,0.84,1.14,1.74,1.38,0,0,0,0,4.48,4.81,4.85,4.75,VMS 2,,Tanque,,1.38,1.56,2.28,2.04,3.06,3.55,5.45,6.24
21/01/2025 07:00 a. m.,Ordeño,08:03,28.98,1,,,,,0,,1.08,1.26,1.74,1.56,0,0,0,0,5.10,5.12,5.17,5.11,VMS 2,,Tanque,,1.68,1.74,2.28,2.16,5.43,6.09,8.37,9.09
21/01/2025 03:55 p. m.,Ordeño,07:35,23.14,2,,,,,0,,1.02,1.14,1.68,1.56,0,0,0,0,4.83,4.88,4.98,5.01,VMS 2,,Tanque,,1.32,1.68,2.16,2.10,3.69,4.40,6.61,8.44
22/01/2025 02:39 a. m.,Ordeño,08:35,26.38,1,,,,,0,,0.90,1.20,1.50,1.56,0,0,0,0,4.73,5.01,4.97,4.99,VMS 2,,Tanque,,1.26,1.68,1.86,2.04,4.50,4.61,7.71,9.56
22/01/2025 10:19 a. m.,Ordeño,06:58,18.21,2,,,,,0,,0.96,1.02,1.74,1.56,0,0,0,0,4.83,4.82,4.98,4.88,VMS 2,,Tanque,,1.50,1.62,2.28,2.16,2.90,3.50,5.03,6.78
22/01/2025 03:27 p. m.,Ordeño,09:16,12.57,3,,TD,,,0,,1.14,0.84,1.32,1.38,0,0,0,0,4.58,4.48,4.68,4.62,VMS 2,,Tanque,,1.68,1.26,1.68,1.86,1.95,2.55,3.67,4.40
22/01/2025 10:48 p. m.,Ordeño,06:42,16.76,4,,,,,0,,1.02,0.84,1.50,1.38,0,0,0,0,4.85,4.89,4.90,4.99,VMS 2,,Tanque,,1.44,1.32,1.98,1.86,2.73,3.11,4.85,6.07
23/01/2025 06:12 a. m.,Ordeño,06:36,17.64,1,,,,,0,,1.08,1.08,1.50,1.44,0,0,0,0,5.19,5.15,5.11,5.25,VMS 2,,Tanque,,1.50,1.50,1.92,1.92,3.20,3.27,5.74,5.43
23/01/2025 01:57 p. m.,Ordeño,06:44,19.87,2,,,,,0,,1.14,1.20,1.68,1.62,0,0,0,0,5.00,5.15,5.23,5.32,VMS 2,,Tanque,,1.56,1.62,2.22,2.04,3.45,3.58,5.41,7.43
23/01/2025 10:06 p. m.,Ordeño,06:23,18.57,3,,TD,,,0,,0.90,1.02,1.44,1.56,0,0,0,0,4.87,4.96,4.96,5.10,VMS 2,,Tanque,,1.26,1.50,1.92,2.10,3.10,3.37,5.44,6.66
24/01/2025 07:46 a. m.,Ordeño,07:05,21.40,1,,"TI,TD",,,0,,0.96,1.20,1.62,2.04,0,0,0,0,5.01,5.09,5.30,5.44,VMS 2,,Tanque,,1.44,1.68,2.46,2.82,4.34,3.52,5.91,7.63
24/01/2025 03:16 p. m.,Ordeño,07:06,19.86,2,,,,,0,,0.96,1.08,1.50,1.50,0,0,0,0,4.82,4.89,5.11,5.01,VMS 2,,Tanque,,1.38,1.56,2.10,2.10,3.05,3.42,6.91,6.48
25/01/2025 12:11 a. m.,Ordeño,07:13,21.84,1,,,,,0,,0.84,1.02,1.68,1.62,0,0,0,0,5.11,5.12,5.22,5.53,VMS 2,,Tanque,,1.26,1.50,2.16,2.16,3.92,3.97,6.85,7.10
25/01/2025 06:28 a. m.,Ordeño,06:10,16.29,2,,,,,0,,1.20,1.02,1.44,1.44,0,0,0,0,5.20,5.06,5.10,5.34,VMS 2,,Tanque,,1.74,1.56,1.92,1.98,2.77,3.20,4.88,5.44
25/01/2025 03:14 p. m.,Ordeño,07:06,20.88,3,,,,,0,,1.14,1.26,1.68,1.44,0,0,0,0,4.99,4.98,5.06,4.67,VMS 2,,Tanque,,1.56,1.56,2.16,2.10,3.97,3.82,5.89,7.20
25/01/2025 11:02 p. m.,Ordeño,06:37,19.36,4,,,,,0,,0.96,1.08,1.56,1.50,0,0,0,0,4.90,4.90,5.06,4.84,VMS 2,,Tanque,,1.38,1.56,1.98,1.98,3.17,3.64,5.56,6.99
26/01/2025 07:24 a. m.,Ordeño,06:45,20.74,1,,,,,0,,0.96,1.20,1.62,1.68,0,0,0,0,5.12,5.24,5.30,5.25,VMS 2,,Tanque,,1.38,1.62,2.10,2.16,3.57,3.74,6.01,7.42
26/01/2025 07:28 p. m.,Ordeño,08:47,28.72,2,,TD,,,0,,1.08,1.02,1.68,1.50,0,0,0,0,5.29,5.42,5.45,5.83,VMS 2,,Tanque,,1.44,1.56,2.10,1.98,5.24,6.05,7.63,9.80
27/01/2025 06:45 a. m.,Ordeño,09:07,30.24,1,,,,,0,,0.84,1.08,1.62,1.86,0,0,0,0,4.69,5.05,5.21,4.95,VMS 2,,Tanque,,1.20,1.62,2.04,2.40,5.25,5.47,8.52,11.00
27/01/2025 03:07 p. m.,Ordeño,06:29,19.90,2,,TD,,,0,,0.96,1.20,1.74,1.68,0,0,0,0,4.62,4.97,4.94,4.83,VMS 2,,Tanque,,1.50,1.68,2.22,2.28,3.46,3.36,5.63,7.45
27/01/2025 11:55 p. m.,Ordeño,07:01,20.51,1,,,,,0,,1.02,1.02,1.44,1.50,0,0,0,0,4.69,4.64,4.78,4.64,VMS 2,,Tanque,,1.56,1.56,1.98,2.22,3.24,3.89,6.11,7.27
28/01/2025 08:12 a. m.,Ordeño,06:13,19.93,2,,,,,0,,1.08,1.20,1.68,1.92,0,0,0,0,4.88,4.89,4.99,4.87,VMS 2,,Tanque,,1.44,1.56,2.10,2.52,3.35,3.31,5.55,7.72
28/01/2025 05:18 p. m.,Ordeño,08:06,24.44,3,,,,,0,,0.96,1.14,1.74,1.56,0,0,0,0,4.82,4.96,5.21,5.05,VMS 2,,Tanque,,1.38,1.62,2.16,2.04,4.20,4.21,6.77,9.26
29/01/2025 02:20 a. m.,Ordeño,08:12,21.59,1,,TD,,,0,,1.08,1.08,1.62,1.32,0,0,0,0,4.69,4.83,5.01,4.90,VMS 2,,Tanque,,1.56,1.50,2.22,1.98,3.82,4.06,6.46,7.25
29/01/2025 10:39 a. m.,Ordeño,06:18,21.11,2,,,,,0,,1.14,1.26,1.80,1.98,0,0,0,0,4.82,4.97,5.19,4.91,VMS 2,,Tanque,,1.56,1.80,2.40,2.46,3.58,3.35,5.78,8.40
29/01/2025 06:05 p. m.,Ordeño,06:18,19.24,3,,,,,0,,1.20,1.14,1.62,1.74,0,0,0,0,4.96,4.90,5.05,4.92,VMS 2,,Tanque,,1.86,1.68,1.98,2.28,3.04,3.63,5.44,7.13
30/01/2025 01:24 a. m.,Ordeño,06:36,18.68,1,,,,,0,,1.02,0.96,1.50,1.56,0,0,0,0,4.90,4.83,5.00,4.91,VMS 2,,Tanque,,1.50,1.50,1.92,2.16,3.15,3.33,5.42,6.78
30/01/2025 08:05 a. m.,Ordeño,05:15,15.96,2,,"DD,TI,TD",,,0,,1.20,1.08,1.68,1.68,0,0,0,0,4.83,4.84,5.11,4.92,VMS 2,,Tanque,,1.62,1.50,2.16,2.46,2.81,2.97,4.88,5.30
30/01/2025 03:29 p. m.,Ordeño,08:14,21.89,3,,,,,0,,0.96,1.20,1.56,1.74,0,0,0,0,4.77,4.97,5.02,4.94,VMS 2,,Tanque,,1.50,1.62,1.98,2.28,3.42,3.56,5.51,9.40
30/01/2025 10:50 p. m.,Ordeño,06:53,18.37,4,,,,,0,,1.02,1.02,1.56,1.44,0,377,0,0,4.70,4.63,4.82,4.67,VMS 2,,Tanque,,1.50,1.56,2.10,1.92,3.11,3.55,5.44,6.27
31/01/2025 08:19 a. m.,Ordeño,07:07,24.13,1,,,,,0,,1.02,1.26,1.74,1.92,0,0,0,0,5.04,5.09,5.17,5.08,VMS 2,,Tanque,,1.38,1.68,2.16,2.52,4.27,4.38,6.78,8.70
31/01/2025 05:31 p. m.,Ordeño,08:44,25.19,2,,,,,0,,1.02,1.20,1.56,1.38,0,0,0,0,4.83,4.88,4.98,5.01,VMS 2,,Tanque,,1.50,1.62,2.10,1.86,4.20,4.63,7.26,9.10
01/02/2025 03:47 a. m.,Ordeño,08:38,17.61,1,,,TI,TI,0,,1.02,1.02,0.00,1.38,0,0,0,0,4.61,4.63,0.00,4.72,VMS 2,,Tanque,,1.50,1.50,0.00,1.98,4.24,4.78,0.00,8.59
01/02/2025 08:59 a. m.,Ordeño,07:09,13.64,2,,,,,0,,0.90,0.84,1.44,1.44,0,0,0,0,4.41,4.30,4.73,4.72,VMS 2,,Tanque,,1.32,1.32,2.22,2.10,1.79,2.13,5.58,4.14
01/02/2025 05:36 p. m.,Ordeño,08:36,24.63,3,,,,,0,,0.90,1.14,1.68,1.62,0,0,0,0,4.89,5.02,4.89,5.03,VMS 2,,Tanque,,1.38,1.62,2.16,2.22,4.03,4.45,6.37,9.78
02/02/2025 02:34 a. m.,Ordeño,08:00,25.10,1,,,,,0,,0.90,1.20,1.86,1.74,0,0,0,0,5.05,5.22,5.00,5.23,VMS 2,,Tanque,,1.20,1.62,2.28,2.34,4.56,4.54,7.17,8.83
02/02/2025 07:46 a. m.,Ordeño,05:54,12.53,2,,,,,0,,0.90,0.96,1.26,1.32,0,0,0,0,4.56,4.82,4.87,4.97,VMS 2,,Tanque,,1.32,1.50,1.98,1.98,1.97,2.26,3.87,4.43
02/02/2025 02:47 p. m.,Ordeño,07:19,19.51,3,,,,,0,,0.84,1.20,1.62,1.44,0,0,0,0,4.83,5.09,5.14,5.11,VMS 2,,Tanque,,1.44,1.68,2.04,2.04,3.45,3.74,5.05,7.27
02/02/2025 09:52 p. m.,Ordeño,06:50,17.89,4,,,,,0,,1.08,1.02,1.74,1.56,0,0,0,0,5.02,4.97,5.14,5.11,VMS 2,,Tanque,,1.56,1.38,2.22,2.22,2.85,3.21,4.94,6.89
03/02/2025 03:42 a. m.,Ordeño,06:02,17.78,1,,,,,0,,1.02,1.20,1.62,1.68,0,0,0,0,5.01,5.23,5.15,5.31,VMS 2,,Tanque,,1.44,1.74,2.10,2.22,3.11,3.10,5.06,6.51
03/02/2025 08:16 a. m.,Ordeño,06:10,12.85,2,,,,,0,,0.90,0.90,1.32,1.26,0,0,0,0,4.76,4.95,4.95,5.17,VMS 2,,Tanque,,1.20,1.32,1.92,1.80,2.25,2.56,3.78,4.26
03/02/2025 03:06 p. m.,Ordeño,07:43,17.19,3,,DI,,,0,,0.84,1.08,1.44,1.32,0,0,0,0,5.11,5.09,4.86,5.17,VMS 2,,Tanque,,1.50,1.44,1.92,1.92,2.33,2.96,4.93,6.97
03/02/2025 10:26 p. m.,Ordeño,07:43,21.13,4,,TD,,,0,,0.84,0.96,1.68,1.44,0,0,0,0,5.02,5.09,5.22,5.10,VMS 2,,Tanque,,1.20,1.38,2.16,1.98,4.37,4.35,5.11,7.30
04/02/2025 03:15 a. m.,Ordeño,06:53,12.23,1,,,,,0,,0.84,0.78,1.50,1.08,0,0,0,0,4.90,5.10,5.16,4.94,VMS 2,,Tanque,,1.26,1.08,2.04,1.80,1.95,2.05,4.25,3.98
04/02/2025 08:43 a. m.,Ordeño,07:04,17.66,2,,,,,0,,1.08,1.08,1.56,1.44,0,0,0,0,4.99,5.03,5.05,4.97,VMS 2,,Tanque,,1.44,1.50,1.92,1.98,3.01,3.24,4.51,6.90
04/02/2025 04:30 p. m.,Ordeño,07:12,20.62,3,,,,,0,,0.96,1.20,1.56,1.62,0,0,0,0,5.20,5.16,5.18,5.23,VMS 2,,Tanque,,1.38,1.74,1.98,2.16,3.55,3.47,5.86,7.74
04/02/2025 10:19 p. m.,Ordeño,06:40,15.68,4,,,,,0,,0.90,0.90,1.32,1.26,0,0,0,0,4.58,4.62,4.85,4.84,VMS 2,,Tanque,,1.32,1.38,1.68,1.80,2.66,2.85,4.61,5.56
05/02/2025 02:26 a. m.,Ordeño,06:32,8.74,1,,,,,0,,0.42,0.54,0.84,0.96,0,0,0,0,4.18,4.57,4.70,4.57,VMS 2,,Tanque,,0.84,1.08,1.38,1.62,1.34,1.82,2.45,3.13
05/02/2025 11:21 a. m.,Ordeño,07:41,24.50,2,,,,,0,,0.96,1.26,1.74,1.74,0,0,0,0,4.92,5.11,4.93,5.20,VMS 2,,Tanque,,1.50,1.68,2.22,2.16,4.80,4.69,6.37,8.64
05/02/2025 05:55 p. m.,Ordeño,07:16,19.34,3,,,,,0,,1.14,1.02,1.74,1.44,0,0,0,0,4.92,4.98,5.15,5.11,VMS 2,,Tanque,,1.56,1.50,2.22,1.92,2.83,3.79,5.29,7.43
05/02/2025 10:22 p. m.,Ordeño,05:13,12.12,4,,,,,0,,0.90,0.90,1.50,1.56,0,0,0,0,4.66,4.84,4.96,4.90,VMS 2,,Tanque,,1.44,1.44,1.98,2.16,2.16,1.98,3.67,4.31
06/02/2025 04:46 a. m.,Ordeño,07:00,16.81,1,,,,,0,,0.78,1.14,1.38,1.32,0,367,0,0,4.60,4.78,4.89,4.89,VMS 2,,Tanque,,1.08,1.56,1.74,1.80,3.07,3.11,5.23,5.40
06/02/2025 11:15 a. m.,Ordeño,05:29,13.78,2,,,,,0,,1.14,1.08,1.56,1.50,0,0,0,0,4.94,4.85,5.07,5.18,VMS 2,,Tanque,,1.56,1.50,1.92,2.10,2.42,2.79,3.79,4.78
06/02/2025 05:03 p. m.,Ordeño,07:30,18.59,3,,,,,0,,1.02,1.08,1.32,1.32,0,0,0,0,4.94,5.01,4.98,5.11,VMS 2,,Tanque,,1.44,1.50,1.86,1.80,3.01,3.20,5.47,6.91
06/02/2025 10:22 p. m.,Ordeño,06:29,14.65,4,,,,,0,,0.96,0.96,1.26,1.26,0,0,0,0,4.94,4.86,4.85,4.98,VMS 2,,Tanque,,1.38,1.44,1.74,1.74,2.26,2.76,4.45,5.18
07/02/2025 07:43 a. m.,Ordeño,09:39,22.88,1,,,,,0,,0.78,1.08,1.68,1.56,0,0,0,0,5.14,5.41,5.39,5.24,VMS 2,,Tanque,,1.26,1.38,2.10,2.10,4.68,4.43,5.83,7.94
07/02/2025 07:49 p. m.,Ordeño,08:01,25.93,2,,TD,,,0,,0.90,1.32,1.68,1.38,0,0,0,0,4.66,5.06,4.83,4.61,VMS 2,,Tanque,,1.50,1.74,2.16,2.16,4.50,6.23,7.85,7.35
08/02/2025 12:41 a. m.,Ordeño,07:00,16.40,1,,,,,0,,0.96,1.08,1.44,1.44,0,0,0,0,4.72,4.81,4.79,4.91,VMS 2,,Tanque,,1.38,1.56,1.92,1.92,2.47,2.94,4.25,6.74
08/02/2025 11:35 a. m.,Ordeño,08:28,26.97,2,,,,,0,,1.08,1.26,1.62,1.50,0,0,0,0,5.20,5.21,5.04,5.11,VMS 2,,Tanque,,1.44,1.68,2.04,1.98,5.20,5.61,7.27,8.89
08/02/2025 11:32 p. m.,Ordeño,08:35,28.31,3,,TD,,,0,,1.08,1.14,1.68,1.62,0,0,0,0,4.99,5.01,5.19,5.04,VMS 2,,Tanque,,1.44,1.62,2.22,2.16,5.70,6.65,8.56,7.40
09/02/2025 06:53 a. m.,Ordeño,08:50,21.56,1,,,,,0,,0.84,0.96,1.44,1.44,0,0,0,0,4.57,4.58,4.82,4.92,VMS 2,,Tanque,,1.20,1.62,1.98,1.98,3.20,3.42,5.73,9.21
09/02/2025 03:09 p. m.,Ordeño,07:18,20.34,2,,,,,0,,0.96,1.08,1.56,1.50,0,0,0,0,4.78,4.87,5.07,4.98,VMS 2,,Tanque,,1.44,1.74,2.04,1.86,3.39,3.88,5.70,7.37
09/02/2025 09:54 p. m.,Ordeño,08:10,18.31,3,,,,,0,,1.02,0.90,1.44,1.20,0,373,0,0,4.71,4.73,5.00,4.34,VMS 2,,Tanque,,1.44,1.44,1.98,1.92,2.90,3.53,5.60,6.28
10/02/2025 05:02 a. m.,Ordeño,08:00,21.21,1,,,,,0,,0.90,0.90,1.38,1.32,0,0,0,0,4.91,4.98,5.06,5.08,VMS 2,,Tanque,,1.32,1.44,2.04,1.92,3.91,3.84,6.04,7.42
10/02/2025 04:26 p. m.,Ordeño,08:10,26.60,2,,,,,0,,1.14,1.08,1.80,1.56,0,0,0,0,4.87,4.87,4.82,4.87,VMS 3,,Tanque,,1.62,1.50,2.52,2.04,4.49,4.82,7.84,9.45
11/02/2025 12:47 a. m.,Ordeño,06:32,22.25,1,,,,,0,,1.14,1.20,1.86,1.74,0,0,0,0,4.80,4.84,4.80,5.06,VMS 3,,Tanque,,1.50,1.50,2.46,2.22,4.25,3.81,6.80,7.39
11/02/2025 10:07 a. m.,Ordeño,07:18,25.81,2,,,,,0,,1.08,1.14,1.80,1.62,0,0,0,0,4.87,4.81,4.84,5.11,VMS 3,,Tanque,,1.44,1.50,2.22,2.04,4.63,4.78,7.88,8.52
11/02/2025 10:43 p. m.,Ordeño,08:08,26.82,3,,,,,0,,1.08,1.02,1.86,1.56,0,0,0,0,4.92,4.90,4.76,4.98,VMS 3,,Tanque,,1.62,1.50,2.40,2.04,4.85,5.59,7.24,9.14
12/02/2025 11:48 a. m.,Ordeño,08:06,25.74,1,,,,,0,,1.20,1.20,1.98,1.86,0,0,0,0,4.56,5.02,5.12,5.21,VMS 3,,Tanque,,1.74,1.50,2.46,2.28,3.47,6.49,7.84,7.94
12/02/2025 11:15 p. m.,Ordeño,08:58,30.36,2,,,,,0,,1.20,1.14,1.74,1.62,0,0,0,0,4.93,4.88,4.85,4.97,VMS 3,,Tanque,,1.68,1.50,2.28,2.04,5.06,5.57,9.10,10.63
13/02/2025 09:15 a. m.,Ordeño,07:19,25.46,1,,,,,0,,1.26,1.20,1.98,1.68,0,0,0,0,4.94,4.92,5.11,5.20,VMS 3,,Tanque,,1.80,1.62,2.52,2.10,4.45,4.83,7.33,8.85
13/02/2025 05:59 p. m.,Ordeño,06:37,20.14,2,,,,,0,,1.20,1.14,1.80,1.50,0,0,0,0,4.73,4.72,4.82,4.96,VMS 3,,Tanque,,1.80,1.56,2.22,1.80,3.68,3.62,6.01,6.83
14/02/2025 10:49 a. m.,Ordeño,07:58,30.16,1,,,,,0,,1.26,1.50,1.98,1.68,0,0,0,0,5.01,5.00,4.27,4.75,VMS 3,,Tanque,,1.74,1.98,2.52,2.16,6.99,6.55,8.04,8.58
14/02/2025 09:24 p. m.,Ordeño,07:38,27.32,2,,,,,0,,1.32,1.26,1.92,1.74,0,0,0,0,5.05,5.00,5.12,5.27,VMS 3,,Tanque,,1.86,1.74,2.46,2.34,5.03,5.25,7.69,9.35
15/02/2025 07:10 a. m.,Ordeño,08:01,26.17,1,,,,,0,,1.38,1.26,1.92,1.80,0,0,0,0,4.89,4.81,4.96,5.10,VMS 3,,Tanque,,1.86,1.68,2.46,2.22,5.07,4.62,8.08,8.40
15/02/2025 02:04 p. m.,Ordeño,06:03,14.88,2,,,,,0,,1.08,0.90,1.50,1.50,0,0,0,0,4.41,4.74,4.48,4.80,VMS 3,,Tanque,,1.68,1.38,1.98,2.10,2.94,2.62,4.37,4.95
15/02/2025 11:03 p. m.,Ordeño,06:52,21.75,3,,,,,0,,1.14,1.14,1.68,1.50,0,0,0,0,4.93,4.80,4.84,4.92,VMS 3,,Tanque,,1.56,1.56,2.10,1.86,3.99,3.60,6.93,7.23
16/02/2025 07:34 a. m.,Ordeño,07:28,22.36,1,,,,,0,,1.20,1.08,1.74,1.44,0,0,0,0,4.84,4.82,4.91,5.07,VMS 3,,Tanque,,1.68,1.50,2.22,1.80,4.10,4.08,6.69,7.49
16/02/2025 02:13 p. m.,Ordeño,05:25,13.29,2,,,,,0,,1.20,1.02,1.74,1.50,0,0,0,0,4.67,4.76,4.86,4.87,VMS 3,,Tanque,,1.80,1.44,2.40,1.86,2.74,2.19,3.91,4.45
16/02/2025 06:41 p. m.,Ordeño,05:43,11.44,3,,DI,,,0,,0.96,0.96,1.50,1.26,0,0,0,0,4.55,4.76,4.87,4.78,VMS 3,,Tanque,,1.44,1.44,2.04,1.68,1.90,2.09,3.23,4.22
17/02/2025 03:09 a. m.,Ordeño,06:23,22.75,1,,,,,0,,1.14,1.32,1.86,1.68,0,0,0,0,4.89,4.96,5.08,5.31,VMS 3,,Tanque,,1.50,1.92,2.40,2.10,4.43,3.88,6.97,7.47
17/02/2025 02:33 p. m.,Ordeño,08:07,24.28,2,,,,,0,,1.02,1.26,1.68,1.62,0,0,0,0,4.67,4.72,4.79,4.92,VMS 3,,Tanque,,1.56,1.74,2.22,2.22,5.13,3.99,7.07,8.09
17/02/2025 10:27 p. m.,Ordeño,05:59,16.34,3,,,,,0,,1.26,1.14,1.62,1.38,0,0,0,0,4.68,4.62,4.77,4.82,VMS 3,,Tanque,,1.68,1.56,2.04,1.74,2.78,2.91,5.07,5.58
18/02/2025 01:38 a. m.,Ordeño,06:46,7.55,1,,,,,0,,0.72,0.54,0.90,0.78,0,0,0,0,4.54,4.75,4.78,4.75,VMS 3,,Tanque,,1.20,1.08,1.62,1.44,1.38,1.29,2.08,2.80
18/02/2025 08:28 a. m.,Ordeño,06:19,18.72,2,,,,,0,,1.20,1.20,1.74,1.44,0,0,0,0,5.19,5.04,5.19,5.28,VMS 3,,Tanque,,1.62,1.62,2.28,1.92,3.59,3.57,5.66,5.90
18/02/2025 03:39 p. m.,Ordeño,06:32,15.66,3,,DD,,,0,,1.14,0.96,1.44,1.32,0,0,0,0,4.50,4.75,4.51,4.79,VMS 3,,Tanque,,1.62,1.56,1.98,1.74,3.05,1.92,5.05,5.64
18/02/2025 08:51 p. m.,Ordeño,06:42,13.66,4,,DI,,,0,,1.14,0.90,1.50,1.38,0,0,0,0,4.58,4.70,4.91,4.84,VMS 3,,Tanque,,1.56,1.32,2.22,1.86,2.27,3.53,3.68,4.18
19/02/2025 02:33 a. m.,Ordeño,06:12,16.64,1,,,,,0,,1.08,1.32,1.74,1.56,0,0,0,0,5.11,5.24,5.33,5.43,VMS 3,,Tanque,,1.44,1.74,2.28,2.04,3.38,2.74,5.18,5.34
19/02/2025 08:27 a. m.,Ordeño,06:01,16.68,2,,,,,0,,1.26,1.08,1.74,1.44,0,0,0,0,5.05,5.10,5.27,5.35,VMS 3,,Tanque,,1.80,1.68,2.22,1.86,3.05,3.29,4.81,5.53
19/02/2025 01:50 p. m.,Ordeño,05:50,13.70,3,,,,,0,,1.02,1.08,1.68,1.32,0,0,0,0,4.58,4.84,4.86,4.88,VMS 3,,Tanque,,1.62,1.50,2.46,1.68,2.53,2.52,4.04,4.61
19/02/2025 11:31 p. m.,Ordeño,08:00,24.68,4,,,,,0,,1.08,1.14,1.74,1.44,0,0,0,0,5.06,5.17,5.26,5.35,VMS 3,,Tanque,,1.62,1.62,2.16,1.80,4.16,4.77,7.47,8.28
20/02/2025 09:19 a. m.,Ordeño,09:12,28.42,1,,,,,0,,1.08,1.02,1.74,1.38,0,0,0,0,5.07,5.01,5.12,5.31,VMS 3,,Tanque,,1.50,1.44,2.16,1.74,5.27,5.42,8.10,9.63
20/02/2025 03:19 p. m.,Ordeño,05:46,12.68,2,,,,,0,,1.14,1.08,1.38,1.56,0,0,0,0,4.53,4.67,4.72,4.77,VMS 3,,Tanque,,1.80,1.50,1.92,1.92,2.43,2.22,4.00,4.03
21/02/2025 02:18 a. m.,Ordeño,08:31,28.01,1,,,,,0,,1.02,1.26,1.62,1.74,0,0,0,0,5.07,5.07,5.24,5.40,VMS 3,,Tanque,,1.56,1.62,2.04,2.22,5.84,5.35,7.97,8.85
21/02/2025 10:54 a. m.,Ordeño,07:50,25.17,2,,,,,0,,1.20,1.08,1.80,1.50,0,0,0,0,5.13,5.07,5.31,5.39,VMS 3,,Tanque,,1.56,1.56,2.28,1.80,4.64,4.66,7.17,8.70
21/02/2025 09:50 p. m.,Ordeño,09:06,28.06,3,,,,,0,,0.90,0.90,1.80,1.62,0,0,0,0,5.03,5.08,5.11,5.36,VMS 3,,Tanque,,1.62,1.32,2.40,1.98,5.48,5.90,7.47,9.21
22/02/2025 06:09 a. m.,Ordeño,07:10,22.56,1,,TD,,,0,,1.02,1.02,1.50,1.32,0,0,0,0,5.23,5.14,5.25,5.28,VMS 3,,Tanque,,1.56,1.44,1.98,1.62,4.40,4.43,7.18,6.55
22/02/2025 02:29 p. m.,Ordeño,07:26,21.35,2,,,,,0,,1.02,1.14,1.50,1.44,0,0,0,0,4.86,4.88,5.04,5.12,VMS 3,,Tanque,,1.44,1.62,1.92,1.92,3.82,3.82,6.30,7.41
23/02/2025 02:07 a. m.,Ordeño,10:14,29.45,1,,,,,0,,0.96,1.02,1.62,1.26,0,0,0,0,4.75,4.97,4.96,4.89,VMS 3,,Tanque,,1.44,1.44,2.16,1.74,5.75,5.19,8.57,9.94
23/02/2025 04:15 p. m.,Ordeño,09:09,31.77,2,,,,,0,,1.08,1.20,1.68,1.56,0,0,0,0,5.24,5.00,5.08,5.33,VMS 3,,Tanque,,1.56,1.62,2.16,2.04,6.85,6.18,9.17,9.57
24/02/2025 02:01 a. m.,Ordeño,08:12,25.47,1,,,,,0,,1.14,1.26,1.74,1.44,0,0,0,0,4.96,4.93,5.09,5.18,VMS 3,,Tanque,,1.80,1.68,2.22,1.80,4.84,4.36,7.68,8.59
24/02/2025 12:09 p. m.,Ordeño,08:23,23.29,2,,,,,0,,1.02,1.20,1.68,1.50,0,0,0,0,5.35,5.19,5.41,5.68,VMS 3,,Tanque,,1.44,1.56,2.28,1.80,4.72,4.62,5.66,8.29
24/02/2025 10:38 p. m.,Ordeño,08:50,26.99,3,,,,,0,,1.08,1.08,1.86,1.56,0,0,0,0,4.99,5.04,5.06,5.22,VMS 3,,Tanque,,1.50,1.44,2.28,1.98,5.36,5.18,7.88,8.57
25/02/2025 08:59 a. m.,Ordeño,09:24,27.04,1,,,,,0,,0.84,1.14,1.62,1.62,0,0,0,0,5.00,5.02,5.20,5.35,VMS 3,,Tanque,,1.20,1.50,2.04,2.04,5.50,5.26,8.30,7.98
25/02/2025 04:00 p. m.,Ordeño,05:14,14.03,2,,,,,0,,1.08,0.96,1.62,1.50,0,0,0,0,4.93,5.02,5.10,5.19,VMS 3,,Tanque,,1.56,1.44,2.16,1.92,2.76,2.28,4.26,4.73
26/02/2025 07:20 a. m.,Ordeño,09:09,30.19,1,,,,,0,,0.96,1.14,1.74,1.56,0,0,0,0,4.97,5.17,5.03,5.20,VMS 3,,Tanque,,1.44,1.50,2.22,1.86,6.08,7.34,7.50,9.27
26/02/2025 02:48 p. m.,Ordeño,05:13,14.91,2,,TD,,,0,,1.14,1.02,1.68,1.56,0,0,0,0,4.60,4.75,4.76,4.79,VMS 3,,Tanque,,1.50,1.56,2.16,1.92,3.08,2.63,4.45,4.75
26/02/2025 09:33 p. m.,Ordeño,06:12,17.74,3,,,,,0,,1.08,1.02,1.50,1.44,0,0,0,0,4.84,4.95,5.04,5.20,VMS 3,,Tanque,,1.50,1.50,2.10,1.92,3.43,3.39,5.15,5.77
27/02/2025 10:17 a. m.,Ordeño,08:22,28.85,1,,,,,0,,1.08,1.26,1.80,1.62,0,0,0,0,5.30,5.22,5.33,5.46,VMS 3,,Tanque,,1.50,1.68,2.28,2.04,6.23,5.62,7.61,9.39
27/02/2025 03:52 p. m.,Ordeño,05:50,11.81,2,,,,,0,,0.90,0.90,1.32,1.32,0,0,0,0,4.90,4.81,4.79,4.93,VMS 3,,Tanque,,1.44,1.38,2.10,1.92,2.04,2.25,3.82,3.70
28/02/2025 02:19 a. m.,Ordeño,07:53,25.46,1,,TD,,,0,,1.08,1.14,1.92,1.68,0,0,0,0,5.14,5.16,5.30,5.43,VMS 3,,Tanque,,1.74,1.80,2.64,2.22,5.33,5.12,7.78,7.23
28/02/2025 08:16 a. m.,Ordeño,05:58,16.55,2,,,,,0,,1.20,1.02,1.56,1.68,0,0,0,0,5.06,5.15,5.02,5.33,VMS 3,,Tanque,,1.68,1.44,2.28,2.16,2.84,2.82,4.47,6.42
28/02/2025 02:34 p. m.,Ordeño,06:29,18.42,3,,,,,0,,1.08,1.14,1.50,1.56,0,0,0,0,5.27,5.14,5.19,5.50,VMS 3,,Tanque,,1.56,1.62,2.04,1.92,3.40,3.42,5.41,6.19
28/02/2025 09:52 p. m.,Ordeño,06:33,18.66,4,,,,,0,,1.08,1.08,1.74,1.68,0,0,0,0,5.32,5.15,5.37,5.73,VMS 3,,Tanque,,1.56,1.62,2.34,2.04,3.45,3.28,5.67,6.26
01/03/2025 03:55 a. m.,Ordeño,05:54,16.77,1,,,,,0,,1.08,1.14,1.62,1.44,0,0,0,0,5.44,5.36,5.48,5.82,VMS 3,,Tanque,,1.62,1.44,2.10,1.98,3.27,3.04,4.97,5.49
01/03/2025 01:43 p. m.,Ordeño,07:40,27.46,2,,,,,0,,1.20,1.20,1.80,1.68,0,0,0,0,5.17,5.16,5.31,5.54,VMS 3,,Tanque,,1.68,1.62,2.34,2.16,5.33,4.99,8.10,9.04
02/03/2025 01:07 a. m.,Ordeño,08:25,27.23,1,,,,,0,,1.02,1.14,1.56,1.38,0,0,0,0,4.92,4.92,5.01,5.05,VMS 3,,Tanque,,1.38,1.68,2.10,1.80,5.06,5.28,8.27,8.62
02/03/2025 09:59 a. m.,Ordeño,08:06,23.42,2,,,,,0,,1.02,1.20,1.68,1.62,0,0,0,0,4.84,4.91,5.03,5.18,VMS 3,,Tanque,,1.50,1.80,2.46,2.22,4.51,4.17,7.04,7.70
02/03/2025 09:29 p. m.,Ordeño,08:03,28.22,3,,,,,0,,1.14,1.14,1.68,1.62,0,0,0,0,5.04,5.17,5.28,5.48,VMS 3,,Tanque,,1.50,1.74,2.10,2.10,5.78,6.16,7.91,8.37
03/03/2025 07:34 a. m.,Ordeño,07:25,23.03,1,,"TI,TD",,,0,,1.02,0.96,1.62,1.56,0,0,0,0,4.93,5.02,5.17,5.39,VMS 3,,Tanque,,1.44,1.50,2.04,2.22,5.05,4.55,6.76,6.67
03/03/2025 04:03 p. m.,Ordeño,07:18,24.21,2,,,,,0,,1.14,1.14,1.86,1.74,0,0,0,0,4.97,4.95,5.05,5.20,VMS 3,,Tanque,,1.56,1.56,2.34,2.28,3.73,3.77,7.57,9.14
04/03/2025 02:56 a. m.,Ordeño,08:02,27.17,1,,,,,0,,1.08,1.14,1.68,1.62,0,0,0,0,5.36,5.22,5.30,5.56,VMS 3,,Tanque,,1.56,1.50,2.16,1.98,5.56,5.20,7.24,9.17
04/03/2025 08:53 a. m.,Ordeño,06:26,16.37,2,,,,,0,,0.96,0.96,1.56,1.26,0,0,0,0,4.81,4.96,5.05,5.21,VMS 3,,Tanque,,1.44,1.38,2.10,1.80,3.04,3.15,4.87,5.31
04/03/2025 04:20 p. m.,Ordeño,07:27,21.64,3,,,,,0,,1.08,1.14,1.56,1.50,0,0,0,0,5.23,5.08,5.14,5.19,VMS 3,,Tanque,,1.50,1.74,2.10,1.86,3.81,3.97,6.53,7.33
04/03/2025 11:29 p. m.,Ordeño,06:40,17.48,4,,,,,0,,0.96,0.96,1.50,1.32,0,0,0,0,5.01,4.93,5.07,5.09,VMS 3,,Tanque,,1.50,1.38,1.98,1.80,3.12,3.34,5.08,5.94
05/03/2025 08:21 a. m.,Ordeño,07:01,25.02,1,,,,,0,,1.14,1.14,1.68,1.62,0,0,0,0,5.43,5.26,5.44,5.71,VMS 3,,Tanque,,1.56,1.56,2.04,1.98,4.37,4.98,7.52,8.15
05/03/2025 04:27 p. m.,Ordeño,06:34,20.56,2,,,,,0,,1.26,1.14,1.62,1.56,0,0,0,0,5.05,4.99,5.03,5.23,VMS 3,,Tanque,,1.74,1.56,2.04,1.92,3.84,3.78,6.02,6.92
06/03/2025 03:32 a. m.,Ordeño,08:09,26.19,1,,,,,0,,1.14,1.38,1.80,1.80,0,0,0,0,5.11,4.91,5.06,5.35,VMS 3,,Tanque,,1.68,1.86,2.22,2.22,5.51,5.11,7.19,8.38
06/03/2025 01:52 p. m.,Ordeño,08:16,26.34,2,,,,,0,,1.08,1.26,1.56,1.62,0,0,0,0,5.03,4.97,5.01,5.22,VMS 3,,Tanque,,1.56,1.68,2.04,1.92,4.48,4.95,7.65,9.26
07/03/2025 02:54 a. m.,Ordeño,09:53,29.67,1,,,,,0,,0.90,0.96,1.68,1.68,0,0,0,0,5.16,5.17,5.36,5.47,VMS 3,,Tanque,,1.44,1.50,2.34,2.22,6.69,5.70,8.31,8.97
07/03/2025 08:25 a. m.,Ordeño,06:49,13.13,2,,,,,0,,0.96,0.84,1.20,1.32,0,0,0,0,5.29,5.12,5.14,5.35,VMS 3,,Tanque,,1.44,1.26,1.86,1.74,2.28,2.26,4.14,4.45
07/03/2025 04:55 p. m.,Ordeño,07:16,24.37,3,,,,,0,,1.38,1.26,1.68,1.62,0,0,0,0,5.51,5.33,5.54,5.74,VMS 3,,Tanque,,1.80,1.68,2.22,2.04,4.61,4.51,6.78,8.47
07/03/2025 09:26 p. m.,Ordeño,05:12,10.35,4,,,,,0,,0.78,0.84,1.26,1.44,0,0,0,0,5.03,5.07,5.21,5.33,VMS 3,,Tanque,,1.38,1.20,2.04,1.80,1.86,1.80,2.98,3.71
08/03/2025 07:58 a. m.,Ordeño,06:32,23.58,1,,,,,0,,1.32,1.20,2.04,1.92,0,0,0,0,5.28,5.13,5.58,5.52,VMS 3,,Tanque,,1.68,1.62,2.52,2.28,4.98,3.48,7.15,7.97
08/03/2025 04:55 p. m.,Ordeño,07:07,21.90,2,,,,,0,,1.26,1.14,1.68,1.62,0,0,0,0,5.28,5.17,5.19,5.33,VMS 3,,Tanque,,1.80,1.68,2.10,2.04,4.13,3.47,6.56,7.74
09/03/2025 02:15 a. m.,Ordeño,07:09,24.00,1,,,,,0,,1.08,1.20,1.80,1.56,0,0,0,0,5.28,5.20,5.41,5.62,VMS 3,,Tanque,,1.50,1.56,2.46,1.92,4.62,4.52,6.96,7.90
09/03/2025 10:07 a. m.,Ordeño,06:27,20.04,2,,,,,0,,1.14,1.32,1.80,1.56,0,0,0,0,5.41,5.22,5.46,5.68,VMS 3,,Tanque,,1.50,1.74,2.28,1.98,3.99,3.38,5.75,6.92
09/03/2025 06:24 p. m.,Ordeño,06:42,19.04,3,,,,,0,,1.26,1.08,1.56,1.50,0,0,0,0,4.92,5.04,4.92,5.02,VMS 3,,Tanque,,1.74,1.56,2.22,1.80,3.54,3.46,5.67,6.37
09/03/2025 11:57 p. m.,Ordeño,05:01,11.02,1,,"DI,TD",,,0,,1.08,0.90,1.44,1.32,0,0,0,0,4.79,4.84,4.83,4.91,VMS 3,,Tanque,,1.68,1.32,1.86,1.74,2.19,2.14,3.07,3.62
10/03/2025 06:50 a. m.,Ordeño,06:56,19.18,2,,,,,0,,1.08,1.14,1.50,1.32,0,0,0,0,5.26,5.15,5.25,5.38,VMS 3,,Tanque,,1.50,1.56,1.98,1.80,3.66,3.54,5.56,6.42
10/03/2025 12:27 p. m.,Ordeño,06:11,13.73,3,,,,,0,,1.08,0.90,1.38,1.38,0,0,0,0,4.94,4.94,5.03,5.11,VMS 3,,Tanque,,1.62,1.50,2.04,1.86,2.66,2.36,4.18,4.53
10/03/2025 06:35 p. m.,Ordeño,05:30,13.96,4,,,,,0,,1.08,1.08,1.50,1.50,0,0,0,0,5.19,5.15,5.14,5.42,VMS 3,,Tanque,,1.74,1.62,2.04,2.04,2.65,2.49,3.93,4.89
11/03/2025 06:26 a. m.,Ordeño,08:04,27.46,1,,,,,0,,1.08,1.08,1.92,1.56,0,0,0,0,5.39,5.29,5.26,5.43,VMS 3,,Tanque,,1.50,1.56,2.52,1.98,5.37,5.88,7.37,8.84
11/03/2025 03:12 p. m.,Ordeño,06:28,21.42,2,,TD,,,0,,1.32,1.32,1.74,1.74,0,0,0,0,5.27,5.18,5.30,5.42,VMS 3,,Tanque,,1.98,1.74,2.28,2.34,3.95,4.08,6.85,6.54
12/03/2025 02:13 a. m.,Ordeño,08:52,28.48,1,,,,,0,,1.02,1.26,1.62,1.68,0,0,0,0,5.25,5.19,5.35,5.36,VMS 3,,Tanque,,1.50,1.68,2.16,2.16,5.80,5.11,8.74,8.83
12/03/2025 10:05 a. m.,Ordeño,06:45,20.54,2,,,,,0,,1.02,1.20,1.74,1.62,0,0,0,0,5.31,5.09,5.36,5.47,VMS 3,,Tanque,,1.92,1.68,2.22,2.04,4.03,3.69,6.10,6.72
12/03/2025 03:23 p. m.,Ordeño,05:52,12.54,3,,,,,0,,1.08,1.02,1.50,1.38,0,0,0,0,5.24,5.19,5.18,5.29,VMS 3,,Tanque,,1.68,1.44,2.16,1.80,2.34,1.86,3.91,4.43
13/03/2025 01:51 a. m.,Ordeño,08:34,25.69,1,,TD,,,0,,1.02,1.32,1.80,1.44,0,0,0,0,5.40,5.34,5.50,5.61,VMS 3,,Tanque,,1.38,1.80,2.16,2.22,5.59,5.02,7.90,7.18
13/03/2025 09:06 a. m.,Ordeño,07:24,21.05,2,,,,,0,,1.14,1.14,1.62,1.50,0,0,0,0,5.10,5.00,5.14,5.25,VMS 3,,Tanque,,1.56,1.62,2.40,1.92,3.78,3.48,6.08,7.71
13/03/2025 02:24 p. m.,Ordeño,05:04,10.13,3,,,,,0,,0.96,0.90,1.26,1.26,0,0,0,0,4.88,4.92,4.84,5.00,VMS 3,,Tanque,,1.50,1.32,1.86,1.80,2.01,1.79,2.87,3.46
14/03/2025 12:17 a. m.,Ordeño,07:28,23.12,1,,,,,0,,1.14,1.20,1.68,1.50,0,0,0,0,5.38,5.19,5.28,5.38,VMS 3,,Tanque,,1.68,1.62,2.28,1.92,4.04,4.36,6.86,7.86
14/03/2025 11:07 a. m.,Ordeño,08:13,27.45,2,,,,,0,,1.14,1.08,1.86,1.56,0,0,0,0,5.42,5.15,5.30,5.37,VMS 3,,Tanque,,1.62,1.56,2.34,2.10,5.41,5.44,7.35,9.25
14/03/2025 03:17 p. m.,Ordeño,06:10,9.54,3,,TD,,,0,,0.60,0.66,1.02,1.08,0,0,0,0,5.00,5.15,5.10,5.12,VMS 3,,Tanque,,1.08,1.20,1.74,1.62,1.93,1.76,3.13,2.72
15/03/2025 02:58 a. m.,Ordeño,07:53,27.13,1,,,,,0,,1.08,1.38,1.92,1.74,0,0,0,0,5.35,5.21,5.29,5.46,VMS 3,,Tanque,,1.56,1.86,2.52,2.16,5.64,5.59,7.69,8.21
15/03/2025 10:06 a. m.,Ordeño,05:33,15.90,2,,"DI,TD",,,0,,1.20,1.02,1.62,1.44,0,0,0,0,4.59,4.75,4.83,4.79,VMS 3,,Tanque,,1.74,1.50,2.10,2.34,3.21,2.88,5.02,4.79
15/03/2025 05:45 p. m.,Ordeño,06:57,20.67,3,,,,,0,,1.08,1.08,1.62,1.50,0,0,0,0,5.06,4.95,5.04,5.18,VMS 3,,Tanque,,1.50,1.56,2.16,2.04,3.98,3.30,6.07,7.32
16/03/2025 05:03 a. m.,Ordeño,09:03,26.06,1,,,,,0,TD,1.20,0.96,1.92,1.62,0,0,0,0,5.29,4.56,4.69,5.90,VMS 3,,Tanque,,1.68,1.26,2.40,2.04,3.47,5.55,7.42,9.62
16/03/2025 04:10 p. m.,Ordeño,08:05,25.65,2,,,,,0,,1.14,1.44,1.80,1.44,0,0,0,0,5.11,4.93,5.11,5.22,VMS 3,,Tanque,,1.50,1.92,2.28,1.92,4.96,4.48,7.65,8.56
17/03/2025 03:33 a. m.,Ordeño,06:29,22.61,1,,,,,0,,1.26,0.96,1.92,1.68,0,0,0,0,5.14,4.81,4.97,5.05,VMS 3,,Tanque,,1.74,1.44,2.40,2.22,4.67,3.34,7.26,7.34
17/03/2025 11:13 a. m.,Ordeño,06:31,16.76,2,,,,,0,,1.32,1.14,1.86,1.50,0,0,0,0,4.93,4.81,4.82,5.00,VMS 3,,Tanque,,1.74,1.62,2.40,2.04,3.08,2.92,4.78,5.98
17/03/2025 04:55 p. m.,Ordeño,05:33,9.94,3,,,,,0,,0.72,0.72,1.26,1.08,0,0,0,0,4.75,4.92,4.90,4.72,VMS 3,,Tanque,,1.26,1.20,2.04,1.86,1.90,1.81,3.01,3.22
18/03/2025 03:14 a. m.,Ordeño,09:05,18.95,1,,TD,TD,,0,,1.08,0.96,1.56,1.20,0,0,0,0,4.93,4.92,5.10,5.15,VMS 3,,Tanque,,1.56,1.38,2.10,1.80,4.84,4.42,7.61,2.08
18/03/2025 03:18 p. m.,Ordeño,10:30,27.92,2,,TD,,,0,DD,0.90,1.02,1.44,1.26,0,0,0,0,4.07,4.79,3.83,4.52,VMS 3,,Tanque,,1.26,1.68,1.98,1.86,5.08,4.57,9.01,9.26
18/03/2025 10:07 p. m.,Ordeño,10:27,12.44,3,,,,,0,,1.08,0.90,1.50,1.38,0,0,0,0,4.85,4.77,4.98,4.70,VMS 3,,Tanque,,1.62,1.26,1.92,1.98,2.49,2.06,3.76,4.13
19/03/2025 09:09 a. m.,Ordeño,09:41,27.16,1,,TD,,,0,,1.08,1.08,1.68,1.32,0,0,0,0,5.12,5.09,5.14,5.29,VMS 3,,Tanque,,1.56,1.50,2.22,2.34,5.78,5.29,7.62,8.47
19/03/2025 11:00 p. m.,Ordeño,09:37,22.93,2,,TD,DD,DD,0,,1.08,0.00,1.86,1.56,0,0,0,0,5.13,0.00,5.10,5.07,VMS 3,,Tanque,,1.44,0.00,2.34,1.98,5.96,0.00,7.75,9.22
20/03/2025 08:40 a. m.,Ordeño,09:05,27.20,1,,,,,0,,1.08,1.14,1.98,1.50,0,0,0,0,5.11,5.47,5.30,5.63,VMS 3,,Tanque,,1.50,1.56,2.64,2.04,3.65,6.73,7.97,8.85
20/03/2025 07:39 p. m.,Ordeño,08:43,27.33,2,,,,,0,,1.14,1.08,1.80,1.44,0,0,0,0,5.46,5.18,5.46,5.68,VMS 3,,Tanque,,1.68,1.44,2.22,1.92,5.55,4.09,8.26,9.43
21/03/2025 09:09 a. m.,Ordeño,09:41,34.43,1,,,,,0,,1.08,1.20,1.98,1.56,0,0,0,0,5.44,5.37,5.47,5.70,VMS 3,,Tanque,,1.50,1.56,2.40,1.98,7.30,6.17,10.30,10.66
21/03/2025 05:11 p. m.,Ordeño,06:34,20.44,2,,,,,0,,1.26,1.14,1.86,1.50,0,0,0,0,5.17,5.18,5.15,5.40,VMS 3,,Tanque,,2.04,1.50,2.34,2.10,4.09,3.53,6.17,6.65
22/03/2025 04:48 a. m.,Ordeño,08:14,20.42,1,,"DD,TI,TD",DI,DI,0,,0.00,1.02,1.98,1.56,0,0,0,0,0.00,5.12,5.06,5.27,VMS 3,,Tanque,,0.00,1.32,2.52,2.46,0.00,3.91,7.72,8.79
22/03/2025 09:08 a. m.,Ordeño,08:41,16.99,2,,,,,0,,1.20,1.14,1.50,1.44,0,0,0,0,5.45,5.12,5.01,5.19,VMS 3,,Tanque,,1.68,1.56,2.22,2.10,6.73,3.02,3.23,4.01
22/03/2025 04:25 p. m.,Ordeño,06:33,20.07,3,,,,,0,,1.32,1.14,1.74,1.56,0,0,0,0,5.11,5.32,5.41,5.60,VMS 3,,Tanque,,1.74,1.56,2.40,2.16,3.91,3.59,5.74,6.83
22/03/2025 11:47 p. m.,Ordeño,08:18,14.90,4,,"TI,TD",,,0,,1.14,1.02,1.74,1.38,0,0,0,0,4.91,5.05,4.94,5.13,VMS 3,,Tanque,,1.50,1.44,2.28,2.34,2.91,2.92,4.97,4.10
23/03/2025 05:20 a. m.,Ordeño,06:39,14.50,1,,,,,0,,1.02,0.84,1.32,1.26,0,0,0,0,5.44,5.40,5.41,5.53,VMS 3,,Tanque,,1.44,1.32,1.92,1.68,2.55,2.40,4.46,5.09
23/03/2025 03:47 p. m.,Ordeño,11:12,27.22,2,,,,,0,,1.14,1.26,1.86,1.50,0,0,0,0,4.89,5.20,5.22,5.39,VMS 3,,Tanque,,1.86,1.92,2.46,1.98,5.24,4.77,7.88,9.33
24/03/2025 05:06 a. m.,Ordeño,08:31,27.26,1,,,,,0,,1.14,1.20,1.86,1.62,0,0,0,0,5.40,5.19,5.18,5.46,VMS 3,,Tanque,,1.68,1.68,2.46,2.16,6.78,4.03,7.99,8.46
24/03/2025 01:30 p. m.,Ordeño,06:52,19.12,2,,,,,0,,1.08,1.20,1.68,1.38,0,0,0,0,4.92,4.93,4.85,4.99,VMS 3,,Tanque,,1.56,1.62,2.34,1.86,3.74,3.41,5.90,6.07
25/03/2025 12:38 a. m.,Ordeño,08:52,24.34,1,,DI,,,0,,1.02,1.14,1.74,1.32,0,0,0,0,5.10,5.12,4.99,5.16,VMS 3,,Tanque,,1.86,1.44,2.34,1.80,3.98,4.76,7.03,8.57
25/03/2025 07:43 a. m.,Ordeño,06:53,17.19,2,,,,,0,,1.02,0.90,1.62,1.14,0,0,0,0,5.09,5.13,5.27,5.28,VMS 3,,Tanque,,1.44,1.32,2.10,1.56,3.54,3.13,4.90,5.62
25/03/2025 05:03 p. m.,Ordeño,07:40,24.28,3,,,,,0,,1.20,1.26,1.74,1.50,0,0,0,0,5.40,5.13,5.41,5.63,VMS 3,,Tanque,,1.62,1.74,2.40,1.92,4.84,4.09,7.29,8.06
26/03/2025 12:33 a. m.,Ordeño,07:32,18.04,1,,,,,0,,1.02,0.96,1.38,1.38,0,0,0,0,5.16,5.07,5.14,5.26,VMS 3,,Tanque,,1.44,1.38,1.86,1.80,3.43,2.97,5.69,5.95
26/03/2025 09:11 a. m.,Ordeño,07:22,21.28,2,,,,,0,,1.14,1.20,1.68,1.44,0,0,0,0,5.19,5.13,5.23,5.28,VMS 3,,Tanque,,1.56,1.56,2.34,1.86,4.19,3.71,6.04,7.34
26/03/2025 05:16 p. m.,Ordeño,06:39,18.14,3,,,,,0,,1.26,1.20,1.74,1.44,0,0,0,0,5.24,5.15,5.02,5.23,VMS 3,,Tanque,,1.68,1.56,2.28,1.86,3.52,3.26,5.20,6.16
27/03/2025 02:00 a. m.,Ordeño,07:45,18.81,1,,TI,,,0,,1.08,1.32,1.74,1.50,0,0,0,0,5.16,5.00,5.16,5.38,VMS 3,,Tanque,,1.68,1.80,2.40,2.16,3.90,3.28,5.16,6.47
27/03/2025 10:04 a. m.,Ordeño,08:02,18.33,2,,"DI,TD",,,0,,1.20,1.14,1.74,1.38,0,0,0,0,5.29,5.14,5.19,5.27,VMS 3,,Tanque,,2.04,1.62,2.40,2.10,3.33,3.02,5.72,6.26
27/03/2025 06:24 p. m.,Ordeño,08:55,19.10,3,,,,,0,,1.14,1.14,1.68,1.26,0,0,0,0,5.28,5.22,5.18,5.42,VMS 3,,Tanque,,1.98,1.62,2.22,2.04,4.15,3.22,5.54,6.19
28/03/2025 02:47 a. m.,Ordeño,07:04,18.55,1,,,,,0,,1.32,1.14,1.80,1.38,0,0,0,0,5.37,5.15,5.16,5.42,VMS 3,,Tanque,,1.74,1.56,2.34,1.98,3.39,3.48,5.33,6.35
28/03/2025 10:19 a. m.,Ordeño,08:03,18.37,2,,,,,0,,0.84,1.14,1.50,1.14,0,0,0,0,5.36,5.36,5.29,5.62,VMS 3,,Tanque,,1.20,1.56,1.98,1.50,3.70,3.49,5.22,5.96
28/03/2025 04:51 p. m.,Ordeño,06:47,13.47,3,,,,,0,,1.02,0.90,1.50,1.14,0,0,0,0,5.18,5.09,5.04,5.12,VMS 3,,Tanque,,1.50,1.38,2.22,1.56,2.47,2.43,3.99,4.58
29/03/2025 01:04 a. m.,Ordeño,08:53,14.87,1,,,TI,TI,0,,1.14,0.96,0.00,1.26,0,0,0,0,5.44,5.42,0.00,5.53,VMS 3,,Tanque,,1.62,1.56,0.00,1.74,3.86,4.08,0.00,6.93
29/03/2025 11:55 a. m.,Ordeño,09:24,25.89,2,,DI,,,0,,1.20,1.20,1.86,1.32,0,0,0,0,5.37,5.36,5.45,5.59,VMS 3,,Tanque,,1.74,1.62,2.28,1.68,4.66,4.71,7.52,9.00
29/03/2025 06:23 p. m.,Ordeño,07:04,14.31,3,,TI,,,0,,1.02,1.02,1.68,1.32,0,0,0,0,5.18,4.97,4.90,5.18,VMS 3,,Tanque,,1.50,1.50,2.34,1.86,2.87,2.80,3.85,4.79
30/03/2025 04:47 a. m.,Ordeño,09:46,26.65,1,,,,,0,,1.14,1.14,1.74,1.26,0,0,0,339,5.54,5.26,5.41,5.57,VMS 3,,Tanque,,1.68,1.44,2.22,1.86,4.72,5.29,7.59,9.05
30/03/2025 12:12 p. m.,Ordeño,07:00,17.19,2,,,,,0,,1.02,1.14,1.62,1.20,0,0,0,0,5.27,5.13,5.10,5.27,VMS 3,,Tanque,,1.62,1.68,2.10,1.68,3.23,3.40,4.82,5.74
30/03/2025 08:58 p. m.,Ordeño,10:24,21.50,3,,,,,0,"DI,TD",1.02,1.02,1.56,1.14,0,0,0,351,5.63,4.76,4.96,6.03,VMS 3,,Tanque,,1.38,1.44,2.04,1.50,4.03,3.93,6.19,7.35
31/03/2025 08:11 a. m.,Ordeño,09:55,27.64,1,,,,,0,,1.20,1.20,1.80,1.26,0,0,0,0,5.54,5.22,5.17,5.44,VMS 3,,Tanque,,1.74,1.56,2.34,1.74,5.32,5.18,7.50,9.64
31/03/2025 05:31 p. m.,Ordeño,08:37,22.99,2,,,,,0,,1.26,1.50,1.80,1.26,0,0,0,0,5.45,5.24,5.23,5.44,VMS 3,,Tanque,,1.68,1.98,2.28,1.86,4.10,4.12,6.78,7.99
01/04/2025 02:32 a. m.,Ordeño,08:31,23.44,1,,,,,0,,0.96,1.14,1.68,1.32,0,0,0,0,5.37,5.21,5.23,5.49,VMS 3,,Tanque,,1.44,1.62,2.46,1.80,4.67,3.68,7.08,8.01
01/04/2025 07:29 a. m.,Ordeño,06:32,11.48,2,,,,,0,,0.84,0.78,1.08,1.20,0,0,0,0,5.32,5.19,5.11,5.35,VMS 3,,Tanque,,1.38,1.26,1.86,1.80,1.88,1.98,3.37,4.25
01/04/2025 04:40 p. m.,Ordeño,07:03,22.14,3,,"TI,TD",,,0,,1.20,1.20,1.80,1.44,0,0,0,0,5.59,5.32,5.33,5.73,VMS 3,,Tanque,,1.68,1.80,2.28,1.86,5.01,4.29,6.83,6.01
02/04/2025 01:11 a. m.,Ordeño,08:02,22.08,1,,,,,0,,1.02,1.14,1.74,1.50,0,0,0,0,5.16,5.13,5.07,5.34,VMS 3,,Tanque,,1.50,1.50,2.52,1.98,3.77,3.71,6.25,8.35
02/04/2025 07:19 a. m.,Ordeño,06:15,16.81,2,,TD,,,0,,0.96,0.96,1.62,1.32,0,0,0,0,5.37,5.33,5.46,5.56,VMS 3,,Tanque,,1.32,1.38,2.28,1.74,3.39,2.91,5.09,5.42
02/04/2025 11:00 a. m.,Ordeño,06:40,9.17,3,,,,,0,,0.90,0.90,1.38,1.20,0,0,0,0,5.30,5.28,5.06,5.60,VMS 3,,Tanque,,1.32,1.38,1.92,1.62,1.73,1.62,2.67,3.15
02/04/2025 10:53 p. m.,Ordeño,09:11,27.50,4,,TD,,,0,,1.14,1.14,1.86,1.50,0,0,0,0,5.83,5.54,5.60,5.94,VMS 3,,Tanque,,1.56,1.80,2.40,1.92,4.81,5.96,8.34,8.39
03/04/2025 07:59 a. m.,Ordeño,08:56,27.98,1,,,,,0,,0.96,1.26,1.62,1.44,0,0,0,0,5.54,5.36,5.42,5.65,VMS 3,,Tanque,,1.44,1.86,2.04,1.80,5.35,4.91,8.37,9.35
03/04/2025 04:30 p. m.,Ordeño,08:42,21.64,2,,,,,0,,1.14,1.14,1.56,1.32,0,0,0,0,5.31,5.22,5.23,5.47,VMS 3,,Tanque,,1.74,1.62,2.04,1.86,3.91,3.90,6.63,7.20
04/04/2025 05:01 p. m.,Ordeño,08:08,25.49,2,,,,,0,,1.08,1.08,1.68,1.44,0,0,0,0,5.22,5.20,5.25,5.57,VMS 3,,Tanque,,1.50,1.44,2.16,1.92,4.94,4.65,7.38,8.52
05/04/2025 12:54 a. m.,Ordeño,07:00,18.00,1,,,,,0,,1.08,1.08,1.56,1.32,0,0,0,0,4.96,4.96,5.03,5.09,VMS 3,,Tanque,,1.44,1.50,2.16,1.80,3.28,3.24,5.46,6.02
05/04/2025 11:12 a. m.,Ordeño,07:47,26.63,2,,,,,0,,1.20,1.26,1.74,1.62,0,0,0,0,5.47,5.24,5.38,5.69,VMS 3,,Tanque,,1.68,1.68,2.28,2.04,4.63,5.01,8.02,8.97
05/04/2025 05:59 p. m.,Ordeño,10:12,11.31,3,,,TI,TI,0,,1.08,0.90,0.00,1.44,0,0,0,0,5.11,5.05,0.00,5.04,VMS 3,,Tanque,,1.56,1.44,0.00,1.98,2.58,3.12,0.00,5.61
06/04/2025 12:51 a. m.,Ordeño,08:02,21.91,1,,,,,0,,0.90,1.02,1.80,1.38,0,0,0,0,5.29,5.38,5.44,5.66,VMS 3,,Tanque,,1.26,1.44,2.34,1.80,3.64,2.98,9.24,6.05
06/04/2025 07:40 a. m.,Ordeño,07:28,18.38,2,,,,,0,,0.96,1.14,1.50,1.26,0,0,0,0,5.37,5.25,5.31,5.58,VMS 3,,Tanque,,1.32,1.56,2.04,1.68,3.30,3.22,5.40,6.46
06/04/2025 10:15 p. m.,Ordeño,11:40,32.26,3,,DI,,,0,,1.08,1.26,1.56,1.44,0,0,0,0,5.36,5.32,5.27,5.52,VMS 3,,Tanque,,1.80,1.56,2.16,2.34,5.82,6.04,9.80,10.60
07/04/2025 07:31 a. m.,Ordeño,08:12,25.04,1,,,,,0,,1.14,1.14,1.74,1.44,0,0,0,0,5.39,5.26,5.25,5.47,VMS 3,,Tanque,,1.62,1.62,2.40,1.92,4.74,4.75,6.91,8.64
07/04/2025 01:53 p. m.,Ordeño,05:47,14.08,2,,,,,0,,1.02,1.02,1.56,1.38,0,0,0,0,4.98,5.05,5.05,5.22,VMS 3,,Tanque,,1.38,1.44,2.22,1.80,2.49,2.65,4.31,4.63
07/04/2025 05:53 p. m.,Ordeño,05:30,7.96,3,,,,,0,,0.72,0.54,1.08,0.96,0,0,0,0,5.05,5.19,5.12,5.35,VMS 3,,Tanque,,1.08,0.90,1.74,1.56,1.45,1.33,2.46,2.72
08/04/2025 12:19 a. m.,Ordeño,07:14,15.04,1,,,,,0,,0.78,0.84,1.38,1.08,0,0,0,0,4.91,5.04,4.97,5.18,VMS 3,,Tanque,,1.08,1.44,1.92,1.56,2.81,2.73,4.45,5.05
08/04/2025 06:48 a. m.,Ordeño,06:15,16.17,2,,TD,,,0,,1.02,1.02,1.50,1.38,0,0,0,0,5.46,5.38,5.51,5.70,VMS 3,,Tanque,,1.44,1.56,2.10,1.92,2.98,2.77,4.83,5.59
08/04/2025 03:23 p. m.,Ordeño,08:51,19.46,3,,,,,0,,1.14,1.20,1.44,1.38,0,0,0,0,5.09,5.05,4.88,5.22,VMS 3,,Tanque,,1.62,1.86,1.92,1.74,3.71,3.63,5.69,6.43
09/04/2025 02:41 a. m.,Ordeño,08:21,23.82,1,,TD,,,0,,0.84,1.20,1.80,1.56,0,0,0,0,5.14,5.18,5.30,5.49,VMS 3,,Tanque,,1.26,1.62,2.46,1.98,4.44,4.18,7.39,7.81
09/04/2025 07:38 a. m.,Ordeño,05:06,11.16,2,,TI,,,0,,1.08,1.08,1.50,1.50,0,0,0,0,5.21,5.24,5.17,5.48,VMS 3,,Tanque,,1.50,1.62,2.10,1.98,2.08,2.15,3.35,3.58
09/04/2025 03:08 p. m.,Ordeño,06:25,16.51,3,,,,,0,,1.20,1.08,1.56,1.38,0,0,0,0,5.24,5.17,5.19,5.44,VMS 3,,Tanque,,1.62,1.92,2.10,1.80,2.98,3.08,4.91,5.54
10/04/2025 02:08 a. m.,Ordeño,07:34,23.18,1,,,,,0,,1.14,1.08,1.74,1.56,0,0,0,0,5.30,5.25,5.27,5.49,VMS 3,,Tanque,,1.68,1.56,2.34,1.98,3.92,4.07,6.59,8.60
10/04/2025 09:56 a. m.,Ordeño,07:11,19.90,2,,,,,0,,0.96,1.14,1.56,1.38,0,0,0,0,5.29,5.24,5.15,5.30,VMS 3,,Tanque,,1.32,1.68,2.04,1.92,3.66,3.66,5.74,6.84
10/04/2025 04:02 p. m.,Ordeño,06:58,13.51,3,,,,,0,,0.78,1.02,1.50,1.32,0,0,0,0,4.87,5.10,5.07,5.19,VMS 3,,Tanque,,1.20,1.50,2.04,1.92,2.50,2.43,4.00,4.58
11/04/2025 01:56 a. m.,Ordeño,07:07,22.11,1,,,,,0,,1.20,1.08,1.68,1.50,0,0,0,0,5.17,5.16,5.24,5.33,VMS 3,,Tanque,,1.80,1.56,2.40,1.98,3.93,3.91,6.81,7.46
11/04/2025 09:48 a. m.,Ordeño,06:57,16.49,2,,"TI,TD",,,0,,0.90,1.20,1.56,1.38,0,0,0,0,5.30,5.17,5.30,5.54,VMS 3,,Tanque,,1.26,1.62,2.34,2.34,3.79,3.66,4.73,4.31
11/04/2025 03:34 p. m.,Ordeño,06:50,16.05,3,,,,,0,,0.96,0.96,1.50,1.44,0,0,0,0,4.97,5.03,5.17,5.33,VMS 3,,Tanque,,1.38,1.38,2.16,1.98,2.20,2.15,5.01,6.69
12/04/2025 02:19 a. m.,Ordeño,09:16,23.73,1,,,,,0,,0.96,1.14,1.50,1.50,0,0,0,0,5.23,5.18,5.22,5.27,VMS 3,,Tanque,,1.44,1.50,2.16,1.92,4.44,4.32,7.25,7.72
12/04/2025 12:25 p. m.,Ordeño,10:02,24.74,2,,DI,,,0,,1.02,1.32,1.50,1.50,0,0,0,0,5.42,5.18,5.24,5.47,VMS 3,,Tanque,,1.56,1.80,1.86,1.86,3.65,4.28,8.23,8.58
12/04/2025 04:34 p. m.,Ordeño,05:47,10.33,3,,,,,0,,1.14,0.60,1.14,1.02,0,0,0,0,5.16,5.06,5.05,5.17,VMS 3,,Tanque,,1.56,1.08,1.74,1.74,3.01,1.76,2.62,2.94
12/04/2025 11:21 p. m.,Ordeño,07:49,13.58,4,,,,,0,,0.96,0.96,1.32,1.44,0,0,0,0,4.87,4.96,4.96,5.10,VMS 3,,Tanque,,1.32,1.32,1.80,2.10,2.65,2.41,3.97,4.55
13/04/2025 03:47 a. m.,Ordeño,06:28,10.12,1,,,,,0,,0.60,0.60,1.08,1.08,0,0,0,0,4.94,5.18,5.15,5.29,VMS 3,,Tanque,,1.08,1.02,1.92,1.68,1.79,1.59,3.05,3.69
13/04/2025 11:38 a. m.,Ordeño,07:44,20.05,2,,TI,,,0,,1.02,0.96,1.80,1.50,0,0,0,0,5.16,5.15,5.38,5.42,VMS 3,,Tanque,,1.56,1.56,2.46,1.92,3.90,3.41,5.84,6.90
13/04/2025 07:01 p. m.,Ordeño,06:54,15.89,3,,,,,0,,1.02,1.02,1.38,1.20,0,0,0,0,4.98,4.96,4.98,5.18,VMS 3,,Tanque,,1.44,1.50,1.92,1.56,2.76,2.66,5.08,5.39
14/04/2025 02:00 a. m.,Ordeño,07:01,17.99,1,,,,,0,,1.02,1.08,1.44,1.38,0,0,0,0,5.11,5.16,5.13,5.36,VMS 3,,Tanque,,1.44,1.56,1.92,1.74,3.23,3.58,5.51,5.67
14/04/2025 12:19 p. m.,Ordeño,08:00,26.27,2,,,,,0,,1.02,1.20,1.62,1.56,0,0,0,0,5.31,5.34,5.38,5.68,VMS 3,,Tanque,,1.62,1.56,1.98,1.92,5.15,5.04,7.57,8.51
14/04/2025 11:08 p. m.,Ordeño,07:12,22.41,3,,,,,0,,0.96,1.14,1.80,1.56,359,0,0,0,4.87,4.85,4.99,5.12,VMS 3,,Tanque,,1.38,1.62,2.22,2.04,4.22,3.92,6.83,7.44
15/04/2025 07:23 a. m.,Ordeño,08:45,22.08,1,,,,,0,,0.96,1.20,1.68,1.32,0,0,0,0,5.15,4.98,5.13,5.11,VMS 3,,Tanque,,1.38,1.62,2.16,1.92,3.95,3.83,6.79,7.51
15/04/2025 04:30 p. m.,Ordeño,07:40,22.19,2,,,,,0,,1.02,1.20,1.74,1.62,0,0,0,0,5.16,5.07,5.13,5.27,VMS 3,,Tanque,,1.50,1.80,2.34,2.10,3.85,3.98,7.14,7.22
16/04/2025 01:50 a. m.,Ordeño,08:05,20.83,1,,,,,0,,1.02,1.08,1.80,1.38,0,0,0,0,5.10,5.03,5.11,5.20,VMS 3,,Tanque,,1.50,1.56,2.28,1.98,3.85,3.65,5.92,7.41
16/04/2025 06:45 a. m.,Ordeño,07:19,12.52,2,,,,,0,,0.90,0.54,1.32,1.14,0,0,0,0,4.91,4.95,4.90,5.07,VMS 3,,Tanque,,1.32,0.90,1.92,1.62,2.34,2.44,3.91,3.83
16/04/2025 07:47 p. m.,Ordeño,08:36,24.85,3,,TD,,,0,,1.14,0.96,1.86,1.50,0,0,0,0,5.23,5.21,5.17,5.36,VMS 3,,Tanque,,1.56,1.38,2.40,1.98,3.86,5.53,7.68,7.78
17/04/2025 01:16 a. m.,Ordeño,06:18,12.77,1,,,,,0,,0.66,0.72,1.14,1.50,0,0,0,0,4.76,4.95,4.76,5.09,VMS 3,,Tanque,,1.08,1.08,1.74,1.86,2.14,2.06,3.62,4.95
17/04/2025 01:34 p. m.,Ordeño,08:59,29.12,2,,,,,0,,1.08,1.14,1.92,1.50,0,0,0,0,5.09,5.12,4.92,5.23,VMS 3,,Tanque,,1.56,1.56,2.46,1.86,5.65,5.84,7.64,9.99
18/04/2025 01:09 a. m.,Ordeño,08:45,26.38,1,,,,,0,,1.02,1.14,1.74,1.50,0,0,0,0,4.94,4.99,5.00,5.17,VMS 3,,Tanque,,1.62,1.68,2.40,1.98,5.05,4.49,8.20,8.64
18/04/2025 07:14 a. m.,Ordeño,05:34,12.85,2,,,,,0,,0.90,0.90,1.44,1.38,0,0,0,0,4.62,4.70,4.59,4.85,VMS 3,,Tanque,,1.32,1.26,1.92,1.86,2.37,2.32,3.93,4.23
19/04/2025 06:49 a. m.,Ordeño,06:27,24.76,1,,,,,0,,1.26,1.26,1.92,1.56,0,0,0,0,5.09,5.07,4.84,5.09,VMS 3,,Tanque,,1.68,1.86,2.58,2.22,4.34,5.05,6.91,8.46
19/04/2025 04:12 p. m.,Ordeño,06:25,21.79,2,,,,,0,,1.14,1.20,1.80,1.62,0,0,0,0,5.07,5.00,4.68,5.22,VMS 3,,Tanque,,1.62,1.92,2.28,2.16,4.02,3.93,7.00,6.84
20/04/2025 01:09 a. m.,Ordeño,08:51,17.97,1,,TI,,,0,,0.96,0.84,1.68,1.38,0,0,0,0,4.99,5.01,5.10,5.19,VMS 3,,Tanque,,1.38,1.26,2.34,1.98,3.33,3.39,4.42,6.83
20/04/2025 07:32 a. m.,Ordeño,09:09,10.62,2,,TD,TI,TI,0,,1.02,0.78,0.00,1.44,0,0,0,0,4.84,4.99,0.00,5.05,VMS 3,,Tanque,,1.68,1.38,0.00,1.98,3.06,3.05,0.00,4.51
20/04/2025 11:37 p. m.,Ordeño,09:06,29.59,3,,,,,0,,1.02,1.26,1.80,1.44,0,0,0,0,5.22,5.22,4.66,5.46,VMS 3,,Tanque,,1.44,1.86,2.34,2.10,6.60,5.65,8.08,9.26
21/04/2025 09:50 a. m.,Ordeño,06:52,18.90,1,,DI,,,0,,0.90,1.14,1.62,1.50,0,0,0,0,4.95,5.03,4.84,5.21,VMS 3,,Tanque,,1.44,1.62,2.16,1.92,3.23,3.85,5.37,6.45
21/04/2025 04:08 p. m.,Ordeño,05:47,14.47,2,,,,,0,,1.20,0.96,1.56,1.56,0,0,0,0,5.14,5.16,5.13,5.47,VMS 3,,Tanque,,1.56,1.62,2.34,2.16,3.20,2.36,3.97,4.94
22/04/2025 01:27 a. m.,Ordeño,06:39,20.28,1,,,,,0,,1.20,1.14,1.86,1.56,0,0,0,0,5.15,5.13,5.38,5.45,VMS 3,,Tanque,,1.56,1.68,2.46,1.92,4.08,3.34,5.84,7.02
22/04/2025 07:58 a. m.,Ordeño,10:12,14.64,2,,TI,,,0,,1.08,0.78,1.74,1.44,0,0,0,0,5.09,5.06,5.26,5.23,VMS 3,,Tanque,,1.74,1.14,2.16,1.80,2.83,2.85,3.55,5.41
22/04/2025 05:57 p. m.,Ordeño,09:42,21.32,3,,TI,,,0,,1.02,1.20,1.62,1.50,0,0,0,0,5.20,5.23,5.39,5.49,VMS 3,,Tanque,,1.56,1.80,2.40,1.92,4.59,4.45,3.99,8.29
23/04/2025 02:58 a. m.,Ordeño,09:20,24.31,1,,,,,0,TD,1.14,1.02,1.74,1.50,0,0,0,0,5.43,4.76,4.89,6.03,VMS 3,,Tanque,,1.56,1.56,2.34,1.80,4.52,4.29,7.60,7.90
23/04/2025 01:29 p. m.,Ordeño,13:08,25.78,2,,,,,0,,1.20,1.14,1.50,1.86,0,0,0,0,5.35,4.83,4.52,5.26,VMS 3,,Tanque,,1.92,1.92,2.04,2.34,4.73,4.72,7.57,8.76
23/04/2025 08:05 p. m.,Ordeño,06:00,16.56,3,,,,,0,,1.14,0.96,1.74,1.62,0,0,0,0,5.07,5.01,5.09,5.33,VMS 3,,Tanque,,1.56,1.38,2.28,2.04,3.14,2.98,5.09,5.35
24/04/2025 01:46 a. m.,Ordeño,09:15,14.35,1,,,,,0,,1.08,0.78,1.62,1.56,0,0,0,0,4.94,4.94,5.02,5.13,VMS 3,,Tanque,,1.44,1.14,2.22,2.04,2.51,2.62,4.39,4.83
24/04/2025 09:12 a. m.,Ordeño,06:32,14.11,2,,,DI,DI,0,,0.00,0.96,1.68,1.38,0,0,0,0,0.00,5.20,5.36,5.55,VMS 3,,Tanque,,0.00,1.50,2.16,1.98,0.00,3.02,5.34,5.75
24/04/2025 03:14 p. m.,Ordeño,09:22,18.41,3,,TD,,,0,,1.02,1.08,1.62,1.50,0,0,0,0,5.11,4.95,5.12,5.19,VMS 3,,Tanque,,1.38,1.56,2.22,1.92,5.39,3.02,4.56,5.44
25/04/2025 12:57 a. m.,Ordeño,06:55,23.30,1,,,,,0,,1.14,1.32,1.86,1.80,0,0,0,0,4.97,5.13,5.31,5.49,VMS 3,,Tanque,,1.80,1.92,2.40,2.28,4.12,4.22,6.74,8.22
25/04/2025 07:23 a. m.,Ordeño,06:23,10.38,2,,,TD,TD,0,,1.08,1.08,1.50,0.00,0,0,0,0,4.76,4.86,4.91,0.00,VMS 3,,Tanque,,1.50,1.50,2.10,0.00,2.91,2.73,4.74,0.00
25/04/2025 04:14 p. m.,Ordeño,07:13,21.84,3,,,,,0,,1.20,1.02,1.86,1.80,0,0,0,0,5.17,5.02,5.09,5.02,VMS 3,,Tanque,,1.62,1.50,2.40,2.28,3.65,3.13,6.00,9.06
25/04/2025 11:03 p. m.,Ordeño,08:39,14.21,4,,,,,0,,1.02,0.66,1.62,1.32,0,0,0,0,4.82,4.75,4.83,4.63,VMS 3,,Tanque,,1.50,1.08,2.10,1.74,2.61,2.67,4.47,4.46
26/04/2025 07:16 a. m.,Ordeño,07:26,20.62,1,,,,,0,,1.08,1.02,1.56,1.44,0,0,0,0,5.25,5.21,5.23,5.34,VMS 3,,Tanque,,1.50,1.56,2.16,1.86,3.53,3.79,6.32,6.98
26/04/2025 04:33 p. m.,Ordeño,07:07,21.55,2,,,,,0,,1.14,0.90,1.62,1.56,0,0,0,0,5.04,5.03,5.23,5.33,VMS 3,,Tanque,,1.50,1.32,2.16,2.10,4.09,4.11,6.22,7.13
27/04/2025 03:11 a. m.,Ordeño,07:04,20.43,1,,,,,0,,0.96,1.20,1.80,1.68,0,0,0,0,4.96,5.11,5.09,5.28,VMS 3,,Tanque,,1.26,1.62,2.40,2.16,4.06,3.40,6.27,6.70
27/04/2025 09:10 a. m.,Ordeño,06:43,11.93,2,,,DD,DD,0,,1.02,0.00,1.68,1.50,0,0,0,0,4.98,0.00,5.11,5.22,VMS 3,,Tanque,,1.50,0.00,2.40,1.92,2.67,0.00,4.25,5.01
27/04/2025 07:10 p. m.,Ordeño,08:59,24.90,3,,,,,0,,1.02,1.08,1.50,1.50,0,0,0,0,5.00,5.17,5.04,5.29,VMS 3,,Tanque,,1.44,1.56,2.04,1.86,3.97,6.40,7.05,7.48
28/04/2025 03:14 a. m.,Ordeño,05:46,12.82,1,,,DD,DD,0,,1.20,0.00,1.56,1.50,0,0,0,0,5.14,0.00,5.18,5.24,VMS 3,,Tanque,,1.74,0.00,2.22,1.92,2.89,0.00,4.79,5.14
28/04/2025 08:12 a. m.,Ordeño,06:52,14.27,2,,,,,0,,0.96,1.14,1.44,1.32,0,0,0,0,4.87,5.01,4.98,5.04,VMS 3,,Tanque,,1.44,1.80,2.28,1.80,2.28,4.49,3.57,3.93
28/04/2025 04:15 p. m.,Ordeño,06:37,15.59,3,,,DD,DD,0,,1.08,0.00,1.56,1.56,0,0,0,0,5.18,0.00,5.14,5.29,VMS 3,,Tanque,,1.56,0.00,2.16,2.22,3.49,0.00,5.60,6.50
29/04/2025 01:37 a. m.,Ordeño,09:54,9.51,1,,TD,"DD,TI","DD,TI",0,,1.08,0.00,0.00,1.62,0,0,0,0,5.14,0.00,0.00,5.29,VMS 3,,Tanque,,1.50,0.00,0.00,2.34,3.61,0.00,0.00,5.90
29/04/2025 07:30 a. m.,Ordeño,07:51,22.01,2,,,,,0,,1.14,1.32,1.68,1.50,0,0,0,0,5.15,5.14,5.27,5.14,VMS 3,,Tanque,,1.56,1.80,2.34,1.86,2.53,6.56,7.32,5.60
29/04/2025 04:43 p. m.,Ordeño,07:19,21.31,3,,"TI,TD",,,0,,1.14,1.02,1.74,1.56,0,0,0,0,5.43,4.80,5.21,5.34,VMS 3,,Tanque,,1.56,1.50,2.40,2.28,4.73,2.98,5.81,7.79
30/04/2025 02:27 a. m.,Ordeño,06:11,19.33,1,,"DI,TI",,,0,,1.14,0.84,1.92,1.68,0,0,0,0,5.31,5.03,5.19,5.31,VMS 3,,Tanque,,1.50,1.32,2.40,2.28,3.54,2.62,6.75,6.42
30/04/2025 11:36 a. m.,Ordeño,08:11,20.95,2,,,,,0,TD,1.14,0.96,1.62,1.44,0,0,0,0,5.43,4.76,4.69,5.76,VMS 3,,Tanque,,1.44,1.44,2.10,2.16,4.30,3.33,6.04,7.28
30/04/2025 10:45 p. m.,Ordeño,07:05,21.29,3,,,,,0,,1.14,1.02,1.68,1.56,0,0,0,0,5.03,5.35,5.13,5.39,VMS 3,,Tanque,,1.62,1.62,2.28,2.04,3.51,3.47,6.98,7.33
01/05/2025 10:43 a. m.,Ordeño,10:25,27.29,1,,,,,0,,1.08,1.14,1.74,1.44,0,0,0,0,5.32,5.42,5.32,5.45,VMS 3,,Tanque,,1.50,1.62,2.22,1.80,4.72,5.04,7.27,10.26
01/05/2025 05:47 p. m.,Ordeño,07:39,15.97,2,,,,,0,,1.14,0.66,1.38,1.26,0,0,0,0,5.32,5.24,5.09,5.19,VMS 3,,Tanque,,1.56,1.20,2.22,1.74,2.94,2.86,5.29,4.88
01/05/2025 11:57 p. m.,Ordeño,06:49,12.73,1,,,,,0,,1.14,0.60,1.62,1.50,0,0,0,0,5.30,5.25,5.30,5.32,VMS 3,,Tanque,,1.62,0.96,2.16,1.98,2.44,2.38,3.44,4.47
02/05/2025 07:08 a. m.,Ordeño,07:07,17.00,2,,,,,0,,1.14,0.90,1.74,1.44,0,0,0,0,5.40,5.48,5.32,5.45,VMS 3,,Tanque,,1.62,1.44,2.16,2.16,3.17,2.57,5.04,6.22
02/05/2025 04:59 p. m.,Ordeño,08:54,15.28,3,,,TI,TI,0,,1.02,1.02,0.00,1.32,0,0,0,0,5.07,5.10,0.00,4.99,VMS 3,,Tanque,,1.56,1.50,0.00,1.86,3.83,4.06,0.00,7.39
03/05/2025 03:02 a. m.,Ordeño,06:54,23.09,1,,,,,0,,0.96,1.08,2.04,1.68,0,0,0,0,5.06,5.16,4.86,5.22,VMS 3,,Tanque,,1.44,1.62,2.58,2.10,3.64,3.57,8.65,7.23
03/05/2025 09:39 a. m.,Ordeño,06:02,15.29,2,,,,,0,,1.08,0.84,1.44,1.44,0,0,0,0,4.96,5.11,4.66,5.37,VMS 3,,Tanque,,1.74,1.50,2.28,1.98,3.18,2.62,4.24,5.25
03/05/2025 06:08 p. m.,Ordeño,06:35,17.45,3,,,,,0,,1.08,0.96,1.62,1.50,0,0,0,0,5.23,5.17,5.22,5.49,VMS 3,,Tanque,,1.62,1.56,2.16,1.92,3.38,3.20,4.52,6.35
04/05/2025 01:00 a. m.,Ordeño,06:39,14.22,1,,,,,0,,1.14,0.84,1.68,1.44,0,0,0,0,4.90,5.10,5.16,4.94,VMS 3,,Tanque,,1.56,1.50,2.34,1.98,2.53,2.61,4.17,4.91
04/05/2025 07:28 a. m.,Ordeño,05:29,13.17,2,,,,,0,,1.02,0.90,1.44,1.44,0,0,0,0,5.30,5.32,5.34,5.35,VMS 3,,Tanque,,1.44,1.56,2.16,1.98,2.43,2.36,3.57,4.81
04/05/2025 04:22 p. m.,Ordeño,07:36,18.41,3,,,,,0,,1.14,1.20,1.68,1.68,0,0,0,0,5.28,5.28,5.29,5.33,VMS 3,,Tanque,,1.56,1.68,2.28,2.16,3.27,3.37,5.82,5.95
05/05/2025 05:46 a. m.,Ordeño,09:19,25.63,1,,"TI,TD",,,0,,1.26,1.26,1.68,1.80,0,0,0,0,5.36,5.06,5.01,5.14,VMS 3,,Tanque,,1.74,1.86,2.34,2.28,5.36,5.21,8.52,6.54
05/05/2025 05:36 p. m.,Ordeño,07:15,24.07,2,,,,,0,,1.08,1.20,1.74,1.68,0,0,0,0,5.28,5.23,5.42,5.51,VMS 3,,Tanque,,1.56,1.68,2.34,2.10,4.47,3.89,7.31,8.40
06/05/2025 02:00 a. m.,Ordeño,10:35,18.00,1,,,,,0,,1.20,0.96,1.38,1.62,0,0,0,0,4.95,4.98,4.69,5.07,VMS 3,,Tanque,,1.62,1.56,1.92,2.10,2.63,3.37,5.90,6.10
06/05/2025 10:15 a. m.,Ordeño,06:27,17.75,2,,,,,0,,1.14,1.02,1.74,1.50,0,0,0,0,5.14,5.18,5.31,5.34,VMS 3,,Tanque,,1.62,1.56,2.34,1.86,3.64,2.99,5.26,5.86
06/05/2025 06:00 p. m.,Ordeño,05:50,16.38,3,,,,,0,,1.14,1.08,1.62,1.50,0,0,0,0,5.17,5.13,5.31,5.30,VMS 3,,Tanque,,1.62,1.56,2.22,1.92,3.23,2.81,4.85,5.49
07/05/2025 01:38 a. m.,Ordeño,06:35,16.26,1,,"TI,TD",,,0,,1.08,0.96,1.74,1.44,0,0,0,0,5.38,5.25,5.36,5.18,VMS 3,,Tanque,,1.62,1.50,3.24,1.98,2.94,3.18,4.38,5.76
07/05/2025 09:02 a. m.,Ordeño,07:10,19.36,2,,,,,0,,0.96,0.96,1.62,1.50,0,0,0,0,5.28,5.21,4.58,5.50,VMS 3,,Tanque,,1.38,1.50,2.22,1.92,3.47,3.39,6.87,5.63
07/05/2025 07:01 p. m.,Ordeño,07:09,21.88,3,,,,,0,,1.08,0.96,1.86,1.50,0,0,0,0,5.36,5.41,5.43,5.78,VMS 3,,Tanque,,1.44,1.50,2.58,1.98,4.30,4.03,6.27,7.28
08/05/2025 01:45 a. m.,Ordeño,07:20,14.15,1,,TI,,,0,,1.14,0.78,1.80,1.56,0,0,0,0,5.16,5.13,4.83,5.25,VMS 3,,Tanque,,1.68,1.32,2.70,2.04,2.21,2.80,4.46,4.68
08/05/2025 10:40 a. m.,Ordeño,07:04,19.07,2,,"TI,TD",,,0,,1.08,0.90,1.80,1.44,0,0,0,0,5.35,5.36,5.32,5.34,VMS 3,,Tanque,,1.38,1.50,2.52,1.92,3.61,3.61,4.70,7.15
08/05/2025 07:30 p. m.,Ordeño,07:12,21.32,3,,,,,0,,1.14,0.96,1.80,1.44,0,0,0,0,5.49,5.51,5.42,5.29,VMS 3,,Tanque,,1.56,1.50,2.34,1.86,3.98,3.76,6.77,6.81
09/05/2025 02:47 a. m.,Ordeño,06:22,15.78,1,,,,,0,,1.14,1.02,1.68,1.50,0,0,0,0,5.29,5.31,5.05,5.46,VMS 3,,Tanque,,1.56,1.68,2.46,1.98,2.91,2.51,5.16,5.20
09/05/2025 01:57 p. m.,Ordeño,10:34,18.23,2,,,TI,TI,0,TD,1.08,1.08,0.00,1.44,0,0,0,0,5.49,4.69,0.00,5.90,VMS 3,,Tanque,,1.62,1.74,0.00,1.86,4.89,4.85,0.00,8.49
10/05/2025 12:23 a. m.,Ordeño,07:42,21.99,1,,,,,0,,0.90,0.96,1.98,1.44,0,0,0,0,4.90,4.93,4.96,5.12,VMS 3,,Tanque,,1.26,1.68,2.52,1.86,3.82,3.49,7.67,7.01
10/05/2025 06:18 a. m.,Ordeño,07:22,12.44,2,,,,,0,,1.14,0.78,1.50,1.38,0,0,0,0,5.22,5.06,4.83,5.39,VMS 3,,Tanque,,1.62,1.26,2.22,1.80,2.30,2.43,3.55,4.16
10/05/2025 01:03 p. m.,Ordeño,06:14,14.32,3,,,,,0,,1.14,0.90,1.44,1.50,0,0,0,0,5.22,5.10,5.06,5.40,VMS 3,,Tanque,,1.50,1.44,2.58,2.04,2.87,2.49,3.75,5.21
10/05/2025 07:58 p. m.,Ordeño,07:38,14.48,4,,,,,0,,1.14,0.78,1.56,1.38,0,0,0,0,5.16,5.17,5.08,5.29,VMS 3,,Tanque,,1.62,1.38,2.10,1.68,2.68,2.60,4.19,5.01
11/05/2025 02:04 a. m.,Ordeño,05:10,10.89,1,,"TI,TD",,,0,,1.02,0.84,1.50,1.38,0,0,0,0,5.61,5.44,5.55,5.77,VMS 3,,Tanque,,1.50,1.20,2.10,2.34,2.28,1.93,3.21,3.47
11/05/2025 06:51 a. m.,Ordeño,06:16,13.96,2,,,,,0,,1.02,0.90,1.44,1.44,0,0,0,0,5.42,5.32,5.27,5.62,VMS 3,,Tanque,,1.50,1.50,2.10,1.86,2.35,2.38,4.15,5.08
11/05/2025 12:53 p. m.,Ordeño,09:39,9.46,3,,TD,TI,,0,,0.96,0.96,1.14,1.44,0,0,0,0,5.21,5.37,4.85,5.68,VMS 3,,Tanque,,1.68,1.56,1.98,2.04,2.60,2.32,1.07,3.47
12/05/2025 01:41 a. m.,Ordeño,11:03,20.53,1,,,TI,TI,0,,0.96,1.02,0.00,1.68,0,0,0,0,5.41,5.43,0.00,5.77,VMS 3,,Tanque,,1.56,1.56,0.00,2.28,5.81,5.81,0.00,8.91
12/05/2025 07:01 a. m.,Ordeño,08:13,15.68,2,,,,,0,,0.96,0.90,1.86,1.32,0,0,0,0,5.08,4.96,5.44,5.08,VMS 3,,Tanque,,1.32,1.38,2.34,1.80,1.88,1.85,8.65,3.30
12/05/2025 02:31 p. m.,Ordeño,06:05,14.51,3,,TD,,,0,,0.96,0.90,1.68,1.44,0,0,0,0,5.07,5.18,4.93,5.52,VMS 3,,Tanque,,1.50,1.26,2.22,2.16,3.22,2.82,4.55,3.92
12/05/2025 11:12 p. m.,Ordeño,06:35,19.01,4,,,,,0,,1.08,1.26,1.80,1.74,0,0,0,0,5.24,5.26,5.26,5.41,VMS 3,,Tanque,,1.38,1.74,2.58,2.10,3.15,3.58,5.41,6.87
13/05/2025 08:46 a. m.,Ordeño,09:27,14.94,1,,,TI,TI,0,,1.02,0.96,0.00,1.50,0,0,0,0,5.15,5.18,0.00,5.23,VMS 3,,Tanque,,1.74,1.56,0.00,1.98,3.72,4.04,0.00,7.18
13/05/2025 02:04 p. m.,Ordeño,06:21,15.34,2,,,,,0,,0.84,0.84,1.92,1.44,0,0,0,0,5.14,5.23,5.57,5.36,VMS 3,,Tanque,,1.26,1.26,2.52,2.04,2.04,1.90,7.70,3.70
13/05/2025 07:03 p. m.,Ordeño,07:21,10.44,3,,"TI,TD",,,0,,0.84,0.72,1.44,1.26,0,0,0,0,5.16,5.11,5.12,4.65,VMS 3,,Tanque,,1.38,1.20,1.86,2.40,2.11,2.14,2.08,4.11
14/05/2025 02:26 a. m.,Ordeño,06:17,17.08,1,,,,,0,,1.14,0.96,1.80,1.56,0,0,0,0,5.35,5.35,5.33,5.55,VMS 3,,Tanque,,1.56,1.50,2.34,2.16,2.95,3.17,5.35,5.61
14/05/2025 11:26 a. m.,Ordeño,06:38,20.03,2,,,,,0,,1.08,1.08,1.74,1.50,0,0,0,0,5.31,5.21,5.13,5.45,VMS 3,,Tanque,,1.44,1.74,2.40,1.98,3.88,3.88,5.68,6.59
14/05/2025 06:35 p. m.,Ordeño,06:53,14.69,3,,,,,0,,1.08,0.78,1.56,1.32,0,0,0,0,5.03,5.02,5.21,5.11,VMS 3,,Tanque,,1.50,1.38,2.04,1.92,2.76,2.91,4.19,4.83
15/05/2025 03:17 a. m.,Ordeño,07:48,17.70,1,,,,,0,,1.08,1.14,1.86,1.62,0,0,0,0,5.37,5.20,5.48,5.66,VMS 3,,Tanque,,1.50,1.50,2.46,2.16,3.81,2.58,5.40,5.91
15/05/2025 10:58 a. m.,Ordeño,06:03,16.92,2,,,,,0,,1.08,1.08,1.74,1.56,0,0,0,0,5.37,5.33,5.30,5.65,VMS 3,,Tanque,,1.50,1.50,2.52,1.98,3.45,2.57,4.88,6.02
15/05/2025 06:49 p. m.,Ordeño,07:25,19.06,3,,,,,0,,1.20,1.02,1.62,1.44,0,0,0,0,5.48,5.43,5.50,5.78,VMS 3,,Tanque,,1.62,1.62,2.40,1.86,3.57,3.54,5.57,6.38
16/05/2025 02:43 a. m.,Ordeño,09:49,17.39,1,,TD,,,0,,1.02,1.08,1.62,1.74,0,0,0,0,5.31,5.23,5.57,5.14,VMS 3,,Tanque,,1.80,1.56,2.28,2.22,3.23,3.21,5.91,5.04
16/05/2025 07:24 a. m.,Ordeño,07:03,10.28,2,,,,,0,,0.60,0.60,0.84,0.78,0,0,0,0,5.03,5.43,5.48,5.16,VMS 3,,Tanque,,1.14,1.20,1.74,1.50,1.95,2.08,2.94,3.31
16/05/2025 02:58 p. m.,Ordeño,07:09,18.71,3,,,,,0,,1.14,1.26,1.68,1.50,0,0,0,0,5.77,5.61,5.63,5.91,VMS 3,,Tanque,,1.50,1.80,2.34,1.92,3.45,3.33,5.71,6.22
17/05/2025 12:40 a. m.,Ordeño,07:28,21.27,1,,,,,0,,1.20,1.08,1.74,1.56,0,0,0,0,5.70,5.40,5.49,5.79,VMS 3,,Tanque,,1.56,1.62,2.58,1.98,4.15,3.50,6.66,6.96
17/05/2025 08:54 a. m.,Ordeño,06:14,16.76,2,,,,,0,,1.14,0.96,1.80,1.50,0,0,0,0,5.06,5.06,4.99,5.20,VMS 3,,Tanque,,1.56,1.50,2.46,1.98,3.23,3.38,4.73,5.42
17/05/2025 04:18 p. m.,Ordeño,05:39,15.79,3,,,,,0,,1.20,1.14,1.80,1.56,0,0,0,0,5.36,5.18,5.15,5.55,VMS 3,,Tanque,,1.68,1.56,2.64,2.04,2.93,2.84,4.75,5.27
18/05/2025 01:29 a. m.,Ordeño,07:17,19.98,1,,,,,0,,1.08,1.20,1.62,1.50,0,0,0,0,5.34,5.39,5.40,5.51,VMS 3,,Tanque,,1.56,1.62,2.28,1.86,3.77,3.68,6.09,6.44
18/05/2025 09:22 a. m.,Ordeño,05:54,16.52,2,,DI,,,0,,1.08,1.08,1.62,1.50,0,0,0,0,4.99,5.13,5.20,5.25,VMS 3,,Tanque,,1.74,1.56,2.10,2.10,3.06,3.11,4.76,5.59
18/05/2025 07:09 p. m.,Ordeño,07:02,20.70,3,,,,,0,,1.08,1.20,1.62,1.56,0,0,0,0,5.47,5.39,5.48,5.77,VMS 3,,Tanque,,1.44,1.62,2.16,1.98,3.76,3.65,6.31,6.98
19/05/2025 03:01 a. m.,Ordeño,07:29,15.49,1,,"DI,TI",,,0,,1.14,1.20,1.62,1.32,0,0,0,0,5.31,5.31,5.41,5.47,VMS 3,,Tanque,,1.62,1.86,2.22,2.04,2.56,2.82,4.58,5.53
19/05/2025 07:25 a. m.,Ordeño,06:55,9.59,2,,,,,0,,0.96,0.72,1.44,1.26,0,0,0,0,4.79,4.85,4.89,4.97,VMS 3,,Tanque,,1.38,1.26,1.92,1.98,2.16,1.79,2.85,2.79
19/05/2025 04:37 p. m.,Ordeño,06:27,19.03,3,,TD,,,0,,1.26,1.14,1.68,1.50,0,0,0,0,5.33,5.19,5.34,5.58,VMS 3,,Tanque,,1.62,1.86,2.40,1.98,3.42,3.53,5.71,6.37
19/05/2025 10:42 p. m.,Ordeño,07:38,12.72,4,,,,,0,,0.78,0.96,1.56,1.26,0,0,0,0,5.12,5.34,5.34,5.51,VMS 3,,Tanque,,1.32,1.32,1.98,1.92,2.42,2.16,3.93,4.21
20/05/2025 03:53 a. m.,Ordeño,07:01,11.50,1,,,,,0,,0.72,0.78,1.26,1.02,0,0,0,0,5.39,5.33,5.47,5.58,VMS 3,,Tanque,,1.20,1.26,1.92,1.62,2.04,1.88,3.46,4.12
20/05/2025 02:49 p. m.,Ordeño,08:06,24.50,2,,,,,0,,1.14,1.32,1.80,1.68,0,0,0,0,5.52,5.54,5.60,5.76,VMS 3,,Tanque,,1.98,1.80,2.58,2.52,4.48,4.31,7.56,8.15
20/05/2025 11:44 p. m.,Ordeño,08:51,12.88,3,,TD,TI,TI,0,,0.84,0.96,0.00,1.26,0,0,0,0,4.98,5.13,0.00,5.29,VMS 3,,Tanque,,1.50,1.56,0.00,1.80,3.52,3.40,0.00,5.96
21/05/2025 08:11 a. m.,Ordeño,09:30,20.02,1,,,,,0,,1.08,1.14,1.92,1.50,0,0,0,0,5.13,5.18,5.35,5.44,VMS 3,,Tanque,,1.74,1.62,2.58,2.04,3.07,2.73,8.20,6.02
21/05/2025 06:53 p. m.,Ordeño,09:56,12.43,2,,,TD,TD,0,,0.90,1.02,1.62,0.00,0,0,0,0,5.24,5.32,5.13,0.00,VMS 3,,Tanque,,1.38,1.62,2.16,0.00,3.81,3.33,5.29,0.00
22/05/2025 03:50 a. m.,Ordeño,08:13,21.48,1,,,,,0,,1.14,1.08,1.68,1.62,0,0,0,0,5.19,5.20,5.13,5.79,VMS 3,,Tanque,,1.50,1.56,2.16,2.22,3.31,3.44,5.25,9.48
22/05/2025 08:51 a. m.,Ordeño,06:47,9.49,2,,,,,0,,0.78,0.72,1.02,0.66,0,0,0,0,4.87,4.98,4.92,4.86,VMS 3,,Tanque,,1.44,1.44,1.74,1.14,2.18,1.98,2.91,2.42
22/05/2025 05:11 p. m.,Ordeño,09:42,15.15,3,,,,,0,,0.84,1.02,1.56,1.26,0,0,0,0,5.00,5.11,5.10,5.28,VMS 3,,Tanque,,1.44,1.62,2.10,2.10,3.10,2.87,4.75,4.43
22/05/2025 11:53 p. m.,Ordeño,07:00,11.41,4,,,,,0,,0.84,0.78,1.38,1.14,0,0,0,0,4.86,4.93,4.98,5.06,VMS 3,,Tanque,,1.50,1.26,2.10,1.92,2.22,2.04,3.81,3.34
23/05/2025 09:36 a. m.,Ordeño,07:03,18.64,1,,,,,0,,1.02,1.32,1.86,1.50,0,0,0,0,5.39,5.34,5.39,5.52,VMS 3,,Tanque,,1.50,1.98,2.40,1.86,3.76,3.61,5.25,6.02
23/05/2025 04:44 p. m.,Ordeño,05:15,12.77,2,,,,,0,,1.02,0.90,1.68,1.56,0,0,0,0,5.66,5.61,5.58,6.14,VMS 3,,Tanque,,1.38,1.62,2.22,2.10,2.41,2.14,3.98,4.24
24/05/2025 06:13 a. m.,Ordeño,07:13,23.50,1,,,,,0,,1.20,1.32,2.04,1.62,0,0,0,0,5.73,5.40,5.44,5.75,VMS 3,,Tanque,,1.50,1.68,2.52,2.04,5.42,4.88,6.75,6.45
24/05/2025 12:43 p. m.,Ordeño,05:50,13.48,2,,,,,0,,1.08,0.90,1.50,1.44,0,0,0,0,5.19,5.20,5.18,5.53,VMS 3,,Tanque,,1.50,1.26,2.16,1.80,2.50,2.39,4.25,4.34
24/05/2025 07:49 p. m.,Ordeño,06:34,15.83,3,,,,,0,,1.02,0.96,1.56,1.38,0,0,0,0,5.60,5.47,5.53,5.85,VMS 3,,Tanque,,1.50,1.38,2.16,1.86,2.78,3.00,4.60,5.45
25/05/2025 07:14 a. m.,Ordeño,06:51,22.47,1,,,,,0,,1.20,1.32,1.92,1.44,0,0,0,0,5.54,5.41,5.59,5.57,VMS 3,,Tanque,,1.56,1.86,2.52,1.92,4.88,4.67,6.41,6.51
25/05/2025 01:47 p. m.,Ordeño,06:19,13.41,2,,TI,,,0,,1.02,0.96,1.44,1.50,0,0,0,0,5.24,5.20,5.19,5.41,VMS 3,,Tanque,,1.38,1.38,2.16,2.16,2.43,2.23,4.18,4.57
25/05/2025 06:51 p. m.,Ordeño,05:28,10.69,3,,TD,,,0,,0.90,0.72,1.32,1.26,0,0,0,0,5.10,5.21,5.25,5.35,VMS 3,,Tanque,,1.44,1.14,1.98,1.74,2.06,1.99,3.15,3.49
26/05/2025 03:31 a. m.,Ordeño,07:50,20.50,1,,,,,0,,1.20,1.14,1.80,1.50,0,0,0,0,5.62,5.40,5.58,5.18,VMS 3,,Tanque,,1.62,1.74,2.28,1.98,3.55,3.71,5.62,7.62
26/05/2025 06:00 p. m.,Ordeño,07:10,16.78,2,,,TD,TD,0,,1.14,1.32,1.92,0.00,0,0,0,0,5.08,5.37,5.27,0.00,VMS 3,,Tanque,,1.56,1.74,2.34,0.00,4.95,4.96,6.87,0.00
27/05/2025 08:45 a. m.,Ordeño,06:07,16.62,1,,,,,0,,1.14,1.02,1.68,1.50,0,0,0,0,5.12,5.07,5.20,5.32,VMS 3,,Tanque,,1.56,1.50,2.16,1.98,3.46,3.15,4.95,5.06
27/05/2025 10:05 p. m.,Ordeño,09:20,24.47,2,,,,,0,,1.20,1.14,1.68,1.38,0,0,0,0,5.27,5.21,5.21,5.48,VMS 3,,Tanque,,1.68,1.68,2.16,1.80,4.94,4.42,7.47,7.64
28/05/2025 06:28 a. m.,Ordeño,06:45,19.39,1,,TI,,,0,,1.02,1.14,1.74,1.44,0,0,0,0,5.14,5.28,5.41,5.68,VMS 3,,Tanque,,1.50,1.74,2.22,2.04,3.95,3.60,5.67,6.17
28/05/2025 04:42 p. m.,Ordeño,06:50,22.87,2,,,,,0,,1.08,1.32,1.74,1.56,0,0,0,0,5.41,5.42,5.48,5.92,VMS 3,,Tanque,,1.74,1.86,2.28,2.04,4.48,3.90,7.13,7.36
29/05/2025 12:59 a. m.,Ordeño,06:26,17.65,1,,,,,0,,0.78,0.96,1.44,1.26,0,0,0,0,5.05,5.30,5.08,5.01,VMS 3,,Tanque,,1.38,1.50,2.04,1.86,3.23,3.39,5.33,5.70
29/05/2025 08:56 a. m.,Ordeño,06:41,17.00,2,,,,,0,,0.84,1.14,1.74,1.68,0,0,0,0,5.16,5.32,5.25,5.72,VMS 3,,Tanque,,1.26,1.56,2.34,2.16,3.37,3.04,5.32,5.27
29/05/2025 05:32 p. m.,Ordeño,09:29,16.28,3,,TD,DI,DI,0,,0.00,0.90,1.80,1.50,0,0,0,0,0.00,5.37,5.48,5.57,VMS 3,,Tanque,,0.00,1.50,2.46,2.04,0.00,3.48,6.34,6.46
30/05/2025 06:05 a. m.,Ordeño,07:27,23.37,1,,,,,0,,1.32,1.38,1.86,1.62,0,0,0,0,5.31,5.33,5.22,5.72,VMS 3,,Tanque,,1.92,1.80,2.46,2.04,4.48,4.64,5.82,8.43
30/05/2025 12:35 p. m.,Ordeño,06:30,12.27,2,,,,,0,,0.54,0.66,1.02,0.96,0,0,0,0,4.58,5.19,4.88,5.12,VMS 3,,Tanque,,0.96,1.14,1.86,1.62,2.14,2.40,3.67,4.06
30/05/2025 07:01 p. m.,Ordeño,06:29,12.12,3,,,,,0,,0.96,0.90,1.50,1.38,0,0,0,0,5.03,5.14,5.07,5.33,VMS 3,,Tanque,,1.44,1.32,2.16,1.80,2.00,2.31,3.89,3.92
31/05/2025 05:40 a. m.,Ordeño,07:08,22.91,1,,,,,0,,0.96,1.20,1.80,1.62,0,0,0,0,5.49,5.40,5.40,5.75,VMS 3,,Tanque,,1.32,1.62,2.34,1.98,4.36,4.12,6.75,7.68
31/05/2025 02:09 p. m.,Ordeño,06:46,16.59,2,,,,,0,,1.14,0.96,1.56,1.50,0,0,0,0,5.17,5.12,5.07,5.14,VMS 3,,Tanque,,1.56,1.50,2.22,1.98,3.14,3.08,5.10,5.27
31/05/2025 11:41 p. m.,Ordeño,06:07,15.95,3,,"TI,TD",,,0,,1.08,1.14,1.80,1.56,0,0,0,0,5.48,5.41,5.42,5.67,VMS 3,,Tanque,,1.38,1.80,2.76,2.22,3.49,3.13,4.79,4.54
01/06/2025 07:49 a. m.,Ordeño,07:03,21.66,1,,,,,0,,1.26,1.20,1.98,1.68,0,0,0,0,5.54,5.46,5.33,5.79,VMS 3,,Tanque,,1.62,1.62,2.52,2.46,3.65,3.66,6.71,7.64
01/06/2025 04:39 p. m.,Ordeño,08:02,13.94,2,,"TI,TD",TI,,0,,1.14,1.14,1.38,1.68,0,0,0,0,5.40,5.34,5.63,5.28,VMS 3,,Tanque,,1.56,1.74,2.52,2.40,3.62,3.71,2.66,3.95
02/06/2025 02:29 a. m.,Ordeño,06:37,21.83,1,,,,,0,,1.20,1.26,1.98,1.74,0,0,0,0,5.75,5.49,5.48,5.72,VMS 3,,Tanque,,1.68,1.80,2.82,2.28,3.96,3.85,6.89,7.13
02/06/2025 11:55 a. m.,Ordeño,06:59,18.46,2,,,,,0,,1.32,1.08,1.92,1.68,0,0,0,0,5.21,5.20,5.07,5.62,VMS 3,,Tanque,,1.80,1.68,2.52,2.10,3.50,3.69,5.15,6.12
02/06/2025 06:37 p. m.,Ordeño,06:52,14.31,3,,,,,0,,0.90,0.72,1.14,1.44,0,0,0,0,5.02,5.34,5.29,5.58,VMS 3,,Tanque,,1.50,1.14,1.86,1.98,2.90,2.67,3.84,4.90
03/06/2025 02:01 a. m.,Ordeño,06:18,15.77,1,,,,,0,,0.90,0.90,1.56,1.50,0,0,0,0,5.09,5.15,5.09,5.31,VMS 3,,Tanque,,1.50,1.32,2.16,2.16,2.95,2.79,4.81,5.22
03/06/2025 07:53 a. m.,Ordeño,07:28,11.99,2,,,,,0,,1.02,1.02,1.32,1.32,0,0,0,0,5.36,5.34,5.21,5.45,VMS 3,,Tanque,,1.74,1.80,2.46,2.34,2.50,2.20,3.38,3.91
03/06/2025 02:46 p. m.,Ordeño,07:12,13.52,3,,,,,0,,1.02,1.02,1.56,1.44,0,0,0,0,5.04,5.15,5.25,5.32,VMS 3,,Tanque,,2.10,1.50,2.16,2.40,2.55,2.29,3.93,4.75
03/06/2025 11:43 p. m.,Ordeño,05:30,16.29,4,,,,,0,,1.14,1.26,1.86,1.62,0,0,0,0,5.16,5.15,5.25,5.48,VMS 3,,Tanque,,1.68,1.74,2.46,2.10,2.89,3.11,4.77,5.52
04/06/2025 06:51 a. m.,Ordeño,05:10,13.38,1,,,,,0,,1.14,1.08,1.68,1.44,0,0,0,0,5.08,5.15,5.32,5.43,VMS 3,,Tanque,,1.56,1.50,2.16,1.92,2.64,2.34,4.03,4.37
04/06/2025 04:57 p. m.,Ordeño,06:49,22.40,2,,,,,0,,1.32,1.26,1.92,1.68,0,0,0,0,5.37,5.35,5.38,5.75,VMS 3,,Tanque,,1.92,1.74,2.52,2.10,4.22,4.05,6.46,7.67
05/06/2025 01:11 a. m.,Ordeño,08:31,10.77,1,,,TI,TI,0,,0.96,0.78,0.00,1.38,0,0,0,0,4.65,4.80,0.00,5.21,VMS 3,,Tanque,,1.56,1.26,0.00,1.86,3.09,2.90,0.00,4.78
05/06/2025 09:39 a. m.,Ordeño,06:56,18.83,2,,,,,0,,0.96,0.90,1.68,1.44,0,0,0,0,5.19,5.32,5.32,5.74,VMS 3,,Tanque,,1.44,1.38,2.28,2.04,3.32,3.07,6.53,5.91
05/06/2025 06:36 p. m.,Ordeño,08:17,14.61,3,,TD,,,0,,1.02,0.90,1.44,1.56,0,0,0,0,5.02,5.55,5.81,5.19,VMS 3,,Tanque,,1.62,1.44,2.04,2.04,3.08,2.64,4.80,4.09
06/06/2025 02:19 a. m.,Ordeño,07:46,14.24,1,,,,,0,,1.08,1.02,1.44,1.32,0,0,0,0,5.77,5.68,5.69,5.98,VMS 3,,Tanque,,1.44,1.50,2.10,1.74,2.58,2.66,4.06,4.94
06/06/2025 02:13 p. m.,Ordeño,06:13,14.50,2,,,DD,,0,,1.08,0.72,1.74,1.38,0,0,0,0,5.77,5.55,5.85,6.00,VMS 3,,Tanque,,1.50,1.20,2.34,1.86,3.93,1.88,4.83,3.86
06/06/2025 10:50 p. m.,Ordeño,07:39,18.60,3,,TI,,,0,,1.08,0.96,1.74,1.32,0,0,0,0,5.19,5.54,5.76,5.83,VMS 3,,Tanque,,1.62,1.44,2.64,1.74,3.84,3.25,4.81,6.70
07/06/2025 07:50 a. m.,Ordeño,07:20,22.28,1,,,,,0,,1.14,1.14,1.80,1.44,0,0,0,0,5.64,5.66,5.75,5.93,VMS 3,,Tanque,,1.50,1.68,2.28,1.92,4.14,3.99,6.93,7.22
07/06/2025 09:28 p. m.,Ordeño,09:26,26.93,2,,"TI,TD",,,0,,1.02,1.20,1.74,1.56,0,0,0,0,5.22,5.34,5.49,5.73,VMS 3,,Tanque,,1.44,1.50,2.52,2.10,5.91,5.32,8.10,7.60
08/06/2025 09:57 a. m.,Ordeño,07:53,25.42,1,,TD,,,0,,1.14,1.26,1.80,1.56,0,0,0,0,5.13,5.27,5.27,5.50,VMS 3,,Tanque,,1.56,1.62,2.52,2.22,4.60,4.11,7.62,9.09
08/06/2025 03:21 p. m.,Ordeño,05:22,9.66,2,,DI,,,0,,1.02,0.90,1.44,1.14,0,0,0,0,4.90,4.99,5.14,4.94,VMS 3,,Tanque,,1.44,1.32,2.22,1.68,2.04,1.71,2.73,3.18
09/06/2025 12:46 a. m.,Ordeño,06:14,19.09,1,,,,,0,,1.14,1.32,1.86,1.62,0,0,0,0,5.29,5.39,5.37,5.72,VMS 3,,Tanque,,1.56,1.80,2.34,2.04,3.96,3.53,5.79,5.81
09/06/2025 06:58 a. m.,Ordeño,06:22,13.79,2,,,,,0,,1.02,1.08,1.38,1.44,0,0,0,0,5.22,5.33,5.39,5.56,VMS 3,,Tanque,,1.44,1.50,1.98,1.86,2.56,2.46,4.36,4.41
09/06/2025 04:48 p. m.,Ordeño,06:42,20.86,3,,,,,0,,1.14,1.26,1.74,1.68,0,0,0,0,5.57,5.46,5.64,6.05,VMS 3,,Tanque,,1.56,1.74,2.34,2.16,4.38,3.38,6.19,6.91
10/06/2025 03:38 a. m.,Ordeño,06:51,21.09,1,,,,,0,,1.14,1.38,1.74,1.68,0,0,0,0,5.40,5.40,5.37,5.81,VMS 3,,Tanque,,1.74,1.98,2.46,2.22,4.05,3.75,6.52,6.77
10/06/2025 02:56 p. m.,Ordeño,07:02,19.89,2,,DI,,,0,,1.14,1.20,1.74,1.56,0,0,0,0,5.17,5.22,5.10,5.61,VMS 3,,Tanque,,1.50,1.56,2.34,1.98,4.00,2.89,6.22,6.78
10/06/2025 08:21 p. m.,Ordeño,05:31,7.97,3,,,,,0,,0.90,0.60,1.20,1.08,0,0,0,0,4.72,5.03,4.80,5.29,VMS 3,,Tanque,,1.44,1.08,1.86,1.62,1.59,1.49,2.34,2.55
11/06/2025 06:29 a. m.,Ordeño,07:19,18.27,1,,DI,,,0,,1.14,1.14,1.62,1.44,0,0,0,0,5.36,5.44,5.36,5.74,VMS 3,,Tanque,,1.50,1.56,2.22,1.74,3.16,3.09,6.03,5.99
11/06/2025 07:26 p. m.,Ordeño,07:44,23.55,2,,,,,0,,1.02,1.20,1.74,1.44,0,0,0,0,5.22,5.40,5.40,5.75,VMS 3,,Tanque,,1.44,1.62,2.40,1.86,4.25,4.33,7.10,7.87
12/06/2025 02:05 a. m.,Ordeño,05:29,12.37,1,,,,,0,,0.96,0.96,1.68,1.32,0,0,0,0,4.93,5.19,5.07,5.44,VMS 3,,Tanque,,1.44,1.56,2.28,1.92,2.52,2.23,3.77,3.85
12/06/2025 08:48 a. m.,Ordeño,05:21,12.76,2,,TI,,,0,,1.20,1.08,1.74,1.50,0,0,0,0,5.20,5.35,5.43,5.33,VMS 3,,Tanque,,1.68,1.68,2.76,2.04,2.41,2.27,3.39,4.69
12/06/2025 06:09 p. m.,Ordeño,06:23,18.55,3,,,,,0,,1.20,1.20,1.86,1.56,0,0,0,0,5.46,5.61,5.57,6.00,VMS 3,,Tanque,,1.74,1.80,2.34,2.22,3.60,3.10,5.69,6.16
13/06/2025 02:15 a. m.,Ordeño,05:52,15.36,1,,TI,,,0,,1.20,1.26,1.92,1.68,0,0,0,0,5.34,5.28,5.37,5.78,VMS 3,,Tanque,,1.68,1.80,2.64,2.16,3.12,2.41,4.97,4.86
13/06/2025 08:50 a. m.,Ordeño,07:11,12.62,2,,,,,0,,1.02,1.02,1.62,1.44,0,0,0,0,5.20,5.42,5.46,5.49,VMS 3,,Tanque,,1.56,1.44,2.16,2.40,2.30,1.97,3.84,4.51
13/06/2025 06:29 p. m.,Ordeño,08:57,20.69,3,,,,,0,,1.08,1.02,1.44,1.38,0,0,0,0,5.35,5.55,5.58,5.70,VMS 3,,Tanque,,1.44,1.50,1.92,1.74,4.00,3.73,6.44,6.52
14/06/2025 08:39 a. m.,Ordeño,07:52,24.28,1,,,,,0,,1.02,1.20,1.80,1.50,0,0,0,0,5.31,5.49,5.34,5.56,VMS 3,,Tanque,,1.50,1.68,2.70,2.04,5.24,4.44,6.83,7.77
14/06/2025 06:52 p. m.,Ordeño,07:05,20.16,2,,,,,0,,1.02,1.26,1.80,1.38,0,0,0,0,5.19,5.27,5.30,5.55,VMS 3,,Tanque,,1.56,1.74,2.52,1.86,3.87,3.53,6.13,6.63
15/06/2025 06:02 a. m.,Ordeño,07:06,21.75,1,,,,,0,,1.26,1.32,1.86,1.44,0,0,0,0,5.31,5.31,5.38,5.57,VMS 3,,Tanque,,1.68,1.80,2.40,2.16,3.93,3.79,6.81,7.22
15/06/2025 03:39 p. m.,Ordeño,05:51,16.64,2,,,,,0,,1.14,1.14,1.74,1.44,0,0,0,0,5.04,5.24,5.23,5.33,VMS 3,,Tanque,,1.68,1.56,2.22,1.80,3.39,2.91,4.96,5.38
16/06/2025 12:54 a. m.,Ordeño,05:41,16.97,1,,,,,0,,1.20,1.26,1.86,1.68,0,0,0,0,5.37,5.60,5.40,5.75,VMS 3,,Tanque,,1.62,1.86,2.52,2.10,3.19,3.11,5.29,5.38
17/06/2025 02:42 a. m.,Ordeño,07:08,19.59,1,,TI,,,0,,1.26,1.20,1.80,1.68,0,0,0,0,5.33,5.30,5.25,5.96,VMS 3,,Tanque,,1.68,1.62,2.40,2.40,3.18,3.27,4.66,8.48
17/06/2025 08:35 p. m.,Ordeño,08:32,28.26,2,,,,,0,,1.20,1.32,1.74,1.44,349,0,0,0,5.36,5.62,5.21,5.39,VMS 3,,Tanque,,1.68,1.74,2.34,2.22,6.03,5.78,7.61,8.84
18/06/2025 02:28 a. m.,Ordeño,09:00,10.42,1,,,,,0,,0.84,0.54,1.20,0.84,0,0,0,0,4.57,4.98,4.59,4.88,VMS 3,,Tanque,,1.38,1.08,1.98,1.56,2.06,1.77,3.26,3.33
18/06/2025 05:30 p. m.,Ordeño,07:19,25.16,2,,,,,0,,1.26,1.32,2.10,1.62,0,0,0,0,5.36,5.33,5.31,5.84,VMS 3,,Tanque,,1.62,1.80,2.58,2.10,4.75,4.49,7.60,8.32
19/06/2025 06:09 p. m.,Ordeño,05:30,12.71,2,,,,,0,,1.02,0.90,1.68,1.44,0,0,0,0,4.93,5.14,5.16,5.60,VMS 3,,Tanque,,1.56,1.56,2.28,1.98,2.59,2.07,4.11,3.94
20/06/2025 05:49 a. m.,Ordeño,06:52,21.59,1,,,,,0,,1.20,1.20,1.74,1.50,0,0,0,0,5.54,5.67,5.67,6.29,VMS 3,,Tanque,,1.62,1.50,2.52,1.92,4.40,3.59,6.87,6.73
24/06/2025 08:24 a. m.,Ordeño,05:42,11.78,2,,,,,0,,0.84,0.90,1.38,1.14,0,0,0,0,4.93,5.36,5.04,5.63,VMS 3,,Tanque,,1.32,1.32,2.10,1.62,2.52,2.02,3.70,3.54
24/06/2025 04:32 p. m.,Ordeño,10:23,14.68,3,,,,,0,,1.08,1.20,1.62,1.32,0,0,0,0,5.17,5.37,5.32,5.71,VMS 3,,Tanque,,1.74,1.86,2.22,1.86,2.99,2.54,4.50,4.65
25/06/2025 03:13 a. m.,Ordeño,06:26,17.85,1,,,,,0,,1.32,1.32,1.86,1.44,0,0,0,0,5.38,5.59,5.44,5.83,VMS 3,,Tanque,,1.80,1.74,2.40,1.92,3.68,2.97,5.96,5.24
25/06/2025 12:49 p. m.,Ordeño,07:08,17.10,2,,DI,,,0,,1.20,1.14,1.68,1.26,344,0,0,0,5.12,5.45,5.41,5.87,VMS 3,,Tanque,,1.98,1.56,2.28,1.80,3.30,2.89,5.02,5.89
25/06/2025 10:46 p. m.,Ordeño,07:12,16.68,3,,"TI,TD",,,0,,1.20,1.08,1.92,1.32,0,0,0,0,5.26,5.43,5.49,5.71,VMS 3,,Tanque,,1.62,1.56,2.46,2.22,3.34,2.96,4.89,5.49
26/06/2025 08:34 a. m.,Ordeño,07:21,19.66,1,,,,,0,,1.20,1.20,1.92,1.38,0,0,0,0,5.50,5.58,5.78,6.19,VMS 3,,Tanque,,1.74,1.68,2.52,1.86,4.03,3.06,6.15,6.42
26/06/2025 02:45 p. m.,Ordeño,06:56,10.86,2,,TD,,,0,,1.08,0.84,1.50,0.96,0,0,0,0,4.92,5.45,5.31,5.55,VMS 3,,Tanque,,1.80,1.38,2.22,1.86,2.26,1.76,3.20,3.64
26/06/2025 11:27 p. m.,Ordeño,06:18,14.72,3,,TD,,,0,,1.02,1.08,1.74,1.20,0,0,0,0,5.51,5.85,5.83,6.06,VMS 3,,Tanque,,1.38,1.62,2.46,1.74,3.18,2.59,4.35,4.60
27/06/2025 08:35 a. m.,Ordeño,07:34,17.10,1,,,,,0,,1.14,1.20,1.74,1.14,0,0,0,0,5.36,5.57,5.54,5.78,VMS 3,,Tanque,,1.56,1.86,2.28,1.68,3.44,2.89,4.93,5.84
27/06/2025 06:26 p. m.,Ordeño,06:27,16.17,2,,"TI,TD",,,0,,1.08,1.08,1.80,1.08,0,0,0,0,4.98,5.39,5.35,5.45,VMS 3,,Tanque,,1.50,1.62,2.28,1.92,3.40,3.15,5.05,4.57
28/06/2025 02:40 a. m.,Ordeño,08:17,16.41,1,,TD,,,0,,1.20,1.14,1.80,1.02,0,0,0,0,5.16,5.24,5.34,5.57,VMS 3,,Tanque,,1.74,1.68,2.64,1.62,3.10,2.61,5.11,5.59
28/06/2025 11:01 a. m.,Ordeño,10:17,17.14,2,,"TI,TD",,,0,,1.26,1.08,1.80,0.90,0,0,0,0,5.44,5.59,5.49,5.59,VMS 3,,Tanque,,1.68,1.56,2.46,1.68,3.29,2.80,4.78,6.27
28/06/2025 05:22 p. m.,Ordeño,07:57,12.72,3,,TD,,,0,,1.14,0.90,1.44,0.84,0,0,0,0,5.54,5.65,5.54,5.31,VMS 3,,Tanque,,1.68,1.32,2.16,1.32,2.24,2.07,4.15,4.26
29/06/2025 01:21 a. m.,Ordeño,06:07,14.70,1,,"TI,TD",,,0,,1.14,1.14,1.68,0.84,0,0,0,0,5.11,5.43,5.43,5.33,VMS 3,,Tanque,,1.68,1.56,2.46,1.50,3.53,2.87,5.13,3.17
29/06/2025 08:02 a. m.,Ordeño,10:56,15.01,2,,TI,,,0,,1.02,1.02,0.84,1.38,0,0,0,0,5.12,5.32,5.37,5.56,VMS 3,,Tanque,,1.50,1.56,1.68,1.98,2.76,2.60,5.30,4.35
29/06/2025 06:08 p. m.,Ordeño,09:37,16.94,3,,TD,,,0,,1.08,1.02,1.74,0.90,0,0,0,0,5.33,5.39,5.40,5.65,VMS 3,,Tanque,,1.68,1.62,2.40,1.68,4.00,3.63,5.17,4.14
30/06/2025 12:58 a. m.,Ordeño,11:23,15.76,1,,TD,,,0,,1.02,1.02,1.38,0.90,0,0,0,0,5.00,5.34,5.31,4.64,VMS 3,,Tanque,,1.68,1.44,2.76,1.74,2.56,1.95,4.00,7.25
30/06/2025 08:37 a. m.,Ordeño,09:03,13.03,2,,"DD,TI,TD",,,0,,0.96,1.02,1.62,0.78,0,0,0,0,5.03,5.19,5.30,5.05,VMS 3,,Tanque,,1.32,1.38,2.58,1.08,3.10,1.98,3.09,4.86
30/06/2025 02:28 p. m.,Ordeño,06:59,12.78,3,,"DD,TI,TD",,,0,,1.02,1.26,0.78,1.74,0,0,0,0,4.98,5.52,5.17,5.49,VMS 3,,Tanque,,1.56,1.62,1.08,2.82,2.32,2.65,3.27,4.54
30/06/2025 11:48 p. m.,Ordeño,10:49,19.45,4,,"TI,TD",,,0,,1.32,1.14,1.86,0.90,0,0,0,0,5.35,5.33,5.28,5.55,VMS 3,,Tanque,,1.80,1.62,2.52,1.50,3.90,3.81,5.58,6.16
01/07/2025 07:17 a. m.,Ordeño,07:44,15.27,1,,DI,,,0,,0.96,1.20,1.80,0.96,0,0,0,0,5.10,5.32,5.20,5.42,VMS 3,,Tanque,,1.44,1.74,2.34,1.50,2.93,2.60,4.66,5.08
01/07/2025 02:41 p. m.,Ordeño,07:07,11.28,2,,"TI,TD",TI,,0,,0.96,0.96,0.72,1.56,0,0,0,0,4.98,5.31,5.16,5.25,VMS 3,,Tanque,,1.50,1.44,1.38,2.16,2.90,2.39,1.47,4.52
02/07/2025 01:18 a. m.,Ordeño,12:49,21.30,1,,TD,,,0,,1.08,1.20,1.68,1.14,0,0,0,0,5.11,5.38,5.31,5.56,VMS 3,,Tanque,,1.74,1.74,2.70,1.92,4.27,3.62,5.69,7.72
02/07/2025 11:42 a. m.,Ordeño,09:32,17.15,2,,,,,0,,0.96,1.32,1.56,0.84,0,0,0,0,4.86,5.32,5.10,5.02,VMS 3,,Tanque,,1.50,1.80,2.04,1.14,3.38,3.03,5.43,5.31
02/07/2025 06:30 p. m.,Ordeño,07:45,9.57,3,,TI,,,0,,0.96,0.78,1.50,0.78,0,0,0,0,4.71,5.04,5.05,4.90,VMS 3,,Tanque,,1.44,1.32,2.10,1.50,2.07,1.69,2.67,3.14
03/07/2025 02:47 a. m.,Ordeño,09:03,16.82,1,,,,,0,,1.20,0.96,1.68,0.90,0,0,0,0,5.26,5.30,5.30,5.43,VMS 3,,Tanque,,1.68,1.62,2.82,1.62,3.08,2.99,5.66,5.09
03/07/2025 10:16 a. m.,Ordeño,08:18,14.45,2,,,,,0,,1.08,1.02,1.62,0.90,0,0,0,0,4.97,5.19,5.31,5.56,VMS 3,,Tanque,,1.62,1.62,2.40,1.26,2.92,2.23,4.50,4.80
03/07/2025 09:45 p. m.,Ordeño,10:04,20.10,3,,TI,,,0,,1.02,1.20,1.74,0.90,0,0,0,0,4.92,5.40,5.45,5.61,VMS 3,,Tanque,,1.44,1.62,2.34,1.32,4.50,3.00,5.99,6.61
04/07/2025 06:30 a. m.,Ordeño,07:18,17.21,1,,TI,,,0,,1.14,1.32,1.80,1.20,0,0,0,0,4.97,5.19,5.17,5.37,VMS 3,,Tanque,,1.62,1.92,2.40,1.80,3.69,3.19,4.62,5.71
04/07/2025 01:02 p. m.,Ordeño,06:40,9.67,2,,TI,,,0,,0.84,0.72,1.50,0.84,0,0,0,0,4.83,5.05,5.15,5.14,VMS 3,,Tanque,,1.38,1.26,2.10,1.86,1.94,1.49,2.93,3.31
04/07/2025 06:37 p. m.,Ordeño,05:55,8.54,3,,TD,,,0,,0.90,0.78,1.38,0.78,0,0,0,0,4.95,5.38,5.29,5.42,VMS 3,,Tanque,,1.44,1.38,1.92,1.50,1.86,1.36,2.87,2.45
05/07/2025 01:44 a. m.,Ordeño,06:29,12.97,1,,,,,0,,1.20,1.02,1.74,1.14,0,0,0,0,5.32,5.50,5.43,5.66,VMS 3,,Tanque,,1.74,1.56,2.40,1.62,2.62,2.07,4.19,4.09
05/07/2025 09:16 a. m.,Ordeño,07:56,14.51,2,,TD,,,0,,0.96,1.08,1.56,0.90,0,0,0,0,5.18,5.52,5.42,5.46,VMS 3,,Tanque,,1.50,1.50,2.04,1.50,2.78,2.39,4.43,4.91
05/07/2025 06:43 p. m.,Ordeño,08:31,17.74,3,,,,,0,,1.26,1.14,1.68,0.96,0,0,0,0,5.12,5.55,5.55,5.62,VMS 3,,Tanque,,1.92,1.62,2.34,1.50,3.86,2.87,5.29,5.72
06/07/2025 01:08 a. m.,Ordeño,06:58,12.36,1,,TI,,,0,,1.14,1.02,1.80,0.90,0,0,0,0,5.07,5.36,5.32,5.22,VMS 3,,Tanque,,1.68,1.62,3.06,1.32,2.67,2.06,3.57,4.06
06/07/2025 11:01 a. m.,Ordeño,07:25,16.32,2,,"TI,TD",,,0,,1.14,1.14,1.80,1.14,0,0,0,0,5.17,5.49,5.45,5.52,VMS 3,,Tanque,,1.80,1.50,2.82,1.98,3.98,2.91,4.13,5.30
06/07/2025 07:22 p. m.,Ordeño,06:03,13.98,3,,"TI,TD",,,0,,1.14,0.96,1.08,1.98,0,0,0,0,4.85,5.29,5.34,5.29,VMS 3,,Tanque,,1.68,1.38,1.80,2.94,2.87,2.35,3.74,5.02
07/07/2025 01:24 a. m.,Ordeño,09:09,13.01,1,,,,,0,,0.84,0.90,1.62,1.14,0,0,0,0,4.95,5.27,5.08,5.34,VMS 3,,Tanque,,1.44,1.38,2.58,1.86,2.34,1.55,3.91,5.21
07/07/2025 08:34 a. m.,Ordeño,06:16,12.11,2,,"TI,TD",,,0,,1.08,1.02,1.74,1.08,0,0,0,0,5.08,5.32,5.20,5.17,VMS 3,,Tanque,,1.74,1.56,2.28,1.98,3.04,2.36,3.59,3.12
07/07/2025 06:05 p. m.,Ordeño,09:43,12.67,3,,TD,TI,TI,0,,1.26,1.08,0.00,1.32,0,0,0,0,5.15,5.32,0.00,5.23,VMS 3,,Tanque,,1.98,1.68,0.00,2.28,3.60,2.61,0.00,6.46
07/07/2025 11:18 p. m.,Ordeño,05:43,13.05,4,,"TI,TD",,,0,,1.14,0.78,2.04,1.14,0,0,0,0,5.02,5.19,5.27,4.48,VMS 3,,Tanque,,1.86,1.26,2.88,1.80,1.96,1.27,6.97,2.85
08/07/2025 08:17 a. m.,Ordeño,08:25,16.70,1,,TI,,,0,,1.20,1.26,1.80,1.26,0,0,0,0,5.09,5.41,5.20,5.40,VMS 3,,Tanque,,1.80,1.80,2.40,2.10,3.75,2.97,3.80,6.18
08/07/2025 05:17 p. m.,Ordeño,11:32,16.07,2,,,,,0,,1.02,1.14,1.20,1.50,0,0,0,0,4.89,5.18,5.21,4.75,VMS 3,,Tanque,,1.86,1.68,1.74,2.16,3.37,2.57,4.89,5.24
09/07/2025 02:48 a. m.,Ordeño,08:34,12.48,1,,TI,TI,,0,,1.08,1.02,1.20,1.26,0,0,0,0,4.90,5.14,4.42,4.95,VMS 3,,Tanque,,1.80,1.56,1.92,1.62,3.73,2.68,0.81,5.26
09/07/2025 09:51 a. m.,Ordeño,05:34,16.49,2,,TI,,,0,,1.08,1.02,2.28,1.50,0,0,0,0,5.09,5.33,5.33,5.22,VMS 3,,Tanque,,1.68,1.50,2.94,2.28,2.81,1.94,7.53,4.21
09/07/2025 05:50 p. m.,Ordeño,05:50,13.96,3,,,,,0,,1.14,1.14,1.62,1.26,0,0,0,0,4.98,5.32,5.06,5.20,VMS 3,,Tanque,,1.68,1.62,2.28,1.74,3.15,2.46,4.06,4.29
10/07/2025 12:51 a. m.,Ordeño,06:50,12.10,1,,,,,0,,1.20,0.90,1.62,1.26,0,0,0,0,5.11,5.21,5.24,5.28,VMS 3,,Tanque,,1.86,1.32,2.16,1.68,2.69,2.04,3.25,4.12
10/07/2025 10:01 a. m.,Ordeño,07:33,18.35,2,,,,,0,,1.32,1.14,1.68,1.14,0,0,0,0,5.24,5.33,5.36,5.50,VMS 3,,Tanque,,2.10,1.50,2.22,1.62,4.11,3.06,5.16,6.02
10/07/2025 07:13 p. m.,Ordeño,10:48,16.52,3,,TI,,,0,TD,1.20,1.08,1.20,1.92,0,0,0,0,5.01,5.26,5.21,5.88,VMS 3,,Tanque,,1.92,1.56,1.92,0.58,3.57,2.47,5.08,5.40
12/07/2025 02:26 a. m.,Ordeño,09:09,15.90,1,,,,,0,,1.08,1.08,1.86,1.20,0,0,0,0,4.96,5.17,5.20,5.10,VMS 3,,Tanque,,1.80,1.56,4.80,1.86,3.42,2.59,5.46,4.43
12/07/2025 01:38 p. m.,Ordeño,07:04,14.11,2,,TI,TD,,0,,1.26,1.20,1.26,3.84,0,0,0,0,5.02,5.44,5.51,5.46,VMS 3,,Tanque,,2.22,1.68,2.34,0.70,4.00,2.95,4.87,2.29
12/07/2025 07:16 p. m.,Ordeño,06:16,11.56,3,,TI,,,0,,1.20,0.90,2.34,1.26,0,0,0,0,4.94,5.23,5.42,5.51,VMS 3,,Tanque,,2.22,1.56,4.32,1.92,2.43,1.74,2.60,4.79
13/07/2025 03:23 a. m.,Ordeño,05:52,14.35,1,,TI,,,0,,1.44,1.32,1.86,1.26,0,0,0,0,4.96,5.45,5.00,5.29,VMS 3,,Tanque,,2.34,1.80,2.70,1.98,3.67,3.07,3.40,4.21
13/07/2025 05:08 p. m.,Ordeño,09:33,24.42,2,,,,,0,,1.14,1.26,1.80,1.38,0,0,0,0,5.02,5.39,4.97,5.51,VMS 3,,Tanque,,2.04,1.74,2.70,2.28,5.31,4.09,7.56,7.46
14/07/2025 01:15 a. m.,Ordeño,06:46,12.08,1,,,,,0,,1.14,1.08,1.08,1.14,0,0,0,0,4.59,4.91,4.55,4.91,VMS 3,,Tanque,,1.98,1.68,1.74,1.50,2.90,2.38,2.77,4.03
14/07/2025 04:30 p. m.,Ordeño,09:38,23.62,2,,,,,0,,1.26,1.38,1.74,1.44,0,0,0,0,5.95,5.40,5.36,5.47,VMS 3,,Tanque,,1.98,1.92,2.34,1.86,5.23,4.51,6.09,7.79
15/07/2025 02:02 a. m.,Ordeño,06:23,14.24,1,,TD,,,0,,1.14,0.96,1.62,1.20,0,0,0,0,5.07,5.12,5.00,5.10,VMS 3,,Tanque,,1.62,1.50,2.34,1.68,2.93,2.35,4.01,4.95
15/07/2025 01:01 p. m.,Ordeño,08:21,19.53,2,,TD,,,0,,1.08,1.14,1.68,1.20,0,0,0,0,5.59,5.63,5.69,5.80,VMS 3,,Tanque,,2.10,1.56,2.22,1.74,4.02,3.60,5.54,6.37
15/07/2025 06:40 p. m.,Ordeño,08:07,9.74,3,,TD,,,0,,0.84,0.60,1.02,1.20,0,0,0,0,5.14,5.59,5.42,5.54,VMS 3,,Tanque,,1.38,1.20,1.68,1.98,2.14,1.55,2.77,3.28
16/07/2025 01:26 a. m.,Ordeño,10:10,14.17,1,,,,,0,,1.08,1.02,1.68,1.26,0,0,0,0,5.46,5.47,5.57,5.54,VMS 3,,Tanque,,1.62,1.50,2.22,2.04,2.90,2.54,3.53,5.20
16/07/2025 03:01 p. m.,Ordeño,08:31,21.31,2,,TD,,,0,,1.20,1.20,1.86,1.26,0,0,0,0,5.36,5.58,5.62,5.54,VMS 3,,Tanque,,1.62,1.56,2.46,2.04,4.35,3.97,6.14,6.85
17/07/2025 01:00 a. m.,Ordeño,06:57,15.24,1,,,,,0,,0.96,1.14,1.50,1.20,0,0,0,0,4.89,5.18,5.16,5.13,VMS 3,,Tanque,,1.44,1.68,2.10,1.86,2.85,2.51,4.37,5.51
17/07/2025 08:47 a. m.,Ordeño,06:57,10.19,2,,,TI,TI,0,,1.02,1.02,0.00,1.20,0,0,0,0,5.21,5.37,0.00,5.33,VMS 3,,Tanque,,1.62,1.62,0.00,1.62,2.96,2.53,0.00,4.70
17/07/2025 04:39 p. m.,Ordeño,08:39,16.83,3,,TD,,,0,,0.96,0.78,1.68,1.14,0,0,0,0,5.39,5.54,5.72,5.39,VMS 3,,Tanque,,1.44,1.20,2.28,1.62,2.77,2.36,6.38,5.32
18/07/2025 03:06 a. m.,Ordeño,09:32,18.55,1,,TI,,,0,,1.20,1.08,1.56,1.26,0,0,0,0,5.39,5.51,5.20,5.60,VMS 3,,Tanque,,1.80,1.62,2.28,1.68,3.71,3.66,4.98,6.20
18/07/2025 11:58 a. m.,Ordeño,08:04,14.46,2,,"DI,DD,TD",,,0,,1.14,1.14,1.74,1.20,0,0,0,0,5.06,5.18,5.28,5.18,VMS 3,,Tanque,,1.56,1.56,2.40,2.16,2.32,2.48,5.38,4.28
19/07/2025 12:23 a. m.,Ordeño,06:46,22.04,1,,,,,0,,1.26,1.50,1.92,1.56,0,0,0,0,5.50,5.45,5.77,5.79,VMS 3,,Tanque,,1.56,2.22,2.52,2.10,5.09,3.18,6.45,7.32
19/07/2025 05:57 a. m.,Ordeño,05:39,9.87,2,,"DD,TI,TD",,,0,,0.84,0.72,1.20,1.14,0,0,0,0,4.91,5.26,5.28,5.31,VMS 3,,Tanque,,1.50,1.32,1.92,1.74,2.07,1.69,2.86,3.25
19/07/2025 02:07 p. m.,Ordeño,07:56,11.34,3,,,TI,TI,0,,0.96,1.08,0.00,1.32,0,0,0,0,5.32,5.38,0.00,5.69,VMS 3,,Tanque,,1.38,1.62,0.00,1.74,3.00,2.98,0.00,5.36
20/07/2025 12:24 a. m.,Ordeño,06:34,19.93,1,,,,,0,,1.02,1.08,1.98,1.38,0,0,0,0,5.39,5.33,5.62,5.58,VMS 3,,Tanque,,1.56,1.68,2.52,1.86,3.81,2.99,7.40,5.73
20/07/2025 08:09 a. m.,Ordeño,05:57,13.28,2,,,,,0,,0.96,0.90,1.62,1.26,0,0,0,0,5.04,5.06,5.10,5.09,VMS 3,,Tanque,,1.32,1.44,2.58,1.74,2.61,2.23,3.77,4.67
20/07/2025 06:11 p. m.,Ordeño,06:41,18.17,3,,TD,,,0,,1.20,0.96,1.74,1.50,0,0,0,0,5.27,5.24,5.30,5.42,VMS 3,,Tanque,,1.62,1.50,2.40,1.98,3.71,2.97,5.11,6.38
21/07/2025 02:03 a. m.,Ordeño,07:54,13.53,1,,TI,,,0,,0.96,0.72,1.80,1.20,0,0,0,0,4.96,4.98,5.21,5.08,VMS 3,,Tanque,,1.56,1.32,2.22,2.16,2.78,2.57,3.26,4.92
21/07/2025 09:13 a. m.,Ordeño,08:31,13.82,2,,,,,0,,0.90,0.84,1.62,1.20,0,0,0,0,4.73,4.99,5.23,5.08,VMS 3,,Tanque,,1.44,1.32,2.58,2.04,2.72,2.24,4.50,4.36
21/07/2025 06:47 p. m.,Ordeño,06:38,13.56,3,,"DI,TD",,,0,,1.20,1.14,1.68,1.26,0,0,0,0,5.17,5.30,5.25,5.33,VMS 3,,Tanque,,1.86,1.68,2.34,2.22,2.53,2.66,4.56,3.81
22/07/2025 03:03 a. m.,Ordeño,06:19,15.87,1,,TD,,,0,,1.08,1.08,1.80,1.50,0,0,0,0,4.81,5.02,5.26,5.27,VMS 3,,Tanque,,1.68,1.56,2.52,2.16,3.37,2.33,4.01,6.16
22/07/2025 01:28 p. m.,Ordeño,08:32,19.41,2,,TD,,,0,,1.26,1.08,1.74,1.14,0,0,0,0,5.29,5.36,5.50,5.03,VMS 3,,Tanque,,1.62,1.56,2.46,2.22,3.65,3.48,5.60,6.68
22/07/2025 10:06 p. m.,Ordeño,10:37,15.15,3,,TD,,,0,TI,1.14,1.02,1.74,1.14,0,0,0,0,5.08,5.23,5.44,4.35,VMS 3,,Tanque,,1.80,1.50,2.28,1.74,3.13,2.31,4.52,5.19
23/07/2025 08:10 a. m.,Ordeño,09:08,19.33,1,,TD,,,0,,1.26,1.14,1.80,1.08,0,0,0,0,5.06,5.25,5.31,4.83,VMS 3,,Tanque,,1.68,1.62,2.40,1.74,3.63,3.24,5.67,6.79
23/07/2025 07:38 p. m.,Ordeño,07:34,18.01,2,,TD,,,0,,1.14,1.26,1.74,1.20,0,0,0,0,5.16,5.22,5.37,5.28,VMS 3,,Tanque,,1.62,1.86,2.40,1.62,3.46,3.34,5.64,5.57
24/07/2025 05:59 a. m.,Ordeño,08:28,17.01,1,,,,,0,,0.84,1.02,1.44,1.20,0,0,0,0,4.85,5.07,5.13,5.17,VMS 3,,Tanque,,1.32,1.50,1.86,1.80,3.64,2.76,4.99,5.62
24/07/2025 01:38 p. m.,Ordeño,08:33,8.56,2,,,,,0,,0.60,0.60,0.96,0.78,0,0,0,0,4.41,4.92,4.68,4.89,VMS 3,,Tanque,,1.14,1.02,1.68,1.38,1.81,1.54,2.43,2.78
25/07/2025 01:06 a. m.,Ordeño,06:51,15.08,1,,,,,0,,1.02,1.08,1.68,1.08,0,0,0,0,4.88,5.06,5.00,5.15,VMS 3,,Tanque,,1.68,1.74,2.28,1.44,3.06,2.45,4.73,4.84
25/07/2025 06:00 p. m.,Ordeño,10:51,25.85,2,,DI,,,0,,1.14,1.38,1.86,1.32,0,0,0,0,5.64,5.60,5.64,5.68,VMS 3,,Tanque,,1.62,1.80,2.40,1.92,4.96,4.32,7.91,8.66
26/07/2025 02:05 a. m.,Ordeño,09:37,11.38,1,,,TI,TI,0,,0.90,1.02,0.00,1.20,0,0,0,0,4.66,5.09,0.00,4.97,VMS 3,,Tanque,,1.56,1.62,0.00,1.62,3.91,2.78,0.00,4.69
26/07/2025 03:42 p. m.,Ordeño,10:04,22.77,2,,TD,,,0,,1.14,1.14,1.80,1.26,0,0,0,0,5.17,5.33,5.14,5.64,VMS 3,,Tanque,,1.92,1.50,2.46,1.98,4.44,3.76,7.07,7.50
27/07/2025 12:39 a. m.,Ordeño,05:45,12.58,1,,"TI,TD",,,0,,1.02,0.96,1.68,1.20,0,0,0,0,4.83,5.13,4.88,5.32,VMS 3,,Tanque,,1.44,1.44,2.28,1.98,2.90,2.34,3.50,3.84
27/07/2025 07:57 a. m.,Ordeño,07:59,10.72,2,,TD,,,0,,0.96,0.90,1.32,1.26,0,0,0,0,5.12,5.16,4.96,5.73,VMS 3,,Tanque,,1.50,1.38,1.80,2.04,2.63,2.75,1.98,3.36
27/07/2025 07:00 p. m.,Ordeño,10:47,22.32,3,,TD,,,0,,1.26,1.02,1.74,1.14,0,0,0,0,5.69,5.50,5.61,5.43,VMS 3,,Tanque,,1.68,1.50,2.34,1.80,4.02,3.71,6.96,7.63
28/07/2025 06:23 a. m.,Ordeño,08:47,18.92,1,,,,,0,,1.14,1.14,1.62,1.08,0,0,0,0,5.13,5.42,5.36,5.39,VMS 3,,Tanque,,1.62,1.62,2.10,1.74,4.16,3.49,4.91,6.36
28/07/2025 05:01 p. m.,Ordeño,08:33,19.53,2,,,,,0,,1.26,1.14,1.80,1.32,0,0,0,0,5.36,5.30,5.49,5.55,VMS 3,,Tanque,,1.68,1.68,2.82,1.92,3.61,3.70,5.64,6.58
29/07/2025 02:19 a. m.,Ordeño,06:55,17.09,1,,,,,0,,1.02,1.08,1.50,1.26,0,0,0,0,5.13,5.35,5.43,5.46,VMS 3,,Tanque,,1.62,1.68,2.16,1.68,3.62,2.91,4.77,5.79
29/07/2025 05:42 p. m.,Ordeño,10:54,20.45,2,,,TI,TI,0,,1.14,1.32,0.00,1.32,0,0,0,0,5.31,5.34,0.00,5.62,VMS 3,,Tanque,,1.68,1.80,0.00,1.86,5.71,5.13,0.00,9.61
30/07/2025 03:02 a. m.,Ordeño,07:37,18.13,1,,,,,0,,1.20,0.90,1.98,1.26,0,0,0,0,4.94,5.01,5.43,5.18,VMS 3,,Tanque,,1.86,1.50,2.46,2.04,2.96,3.02,6.48,5.67
30/07/2025 10:34 a. m.,Ordeño,08:45,14.37,2,,TD,,,0,,1.08,1.02,1.50,1.38,0,0,0,0,5.17,5.35,5.24,4.94,VMS 3,,Tanque,,1.68,1.50,2.10,1.98,2.98,2.44,3.87,5.08
31/07/2025 10:59 a. m.,Ordeño,05:53,14.71,2,,TD,,,0,,1.14,0.90,1.62,1.20,0,0,0,0,4.94,5.14,5.31,5.12,VMS 3,,Tanque,,1.68,1.44,2.22,2.16,3.05,2.38,4.22,5.06
31/07/2025 06:47 p. m.,Ordeño,09:05,15.00,3,,TD,,,0,,1.20,0.96,1.74,1.32,0,0,0,0,5.36,5.34,5.63,5.30,VMS 3,,Tanque,,1.80,1.44,2.40,2.16,2.99,2.51,3.97,5.53
01/08/2025 01:44 a. m.,Ordeño,05:52,11.16,1,,TD,,,0,,1.02,0.96,1.56,1.26,0,0,0,0,5.37,5.57,5.89,5.82,VMS 3,,Tanque,,1.56,1.68,2.10,2.10,2.81,2.38,3.16,2.81
01/08/2025 07:43 a. m.,Ordeño,08:37,13.31,2,,"TI,TD",,,0,,1.02,1.20,1.50,1.44,0,0,0,0,5.23,5.22,5.55,5.09,VMS 3,,Tanque,,1.56,1.80,2.58,1.92,2.50,2.34,5.19,3.28
02/08/2025 02:44 a. m.,Ordeño,06:03,14.71,1,,,,,0,,1.08,0.90,1.92,1.20,0,0,0,0,4.87,5.24,5.54,5.26,VMS 3,,Tanque,,1.74,1.56,2.52,1.74,2.82,2.67,5.26,3.96
02/08/2025 07:14 p. m.,Ordeño,08:39,25.34,2,,"TI,TD",,,0,,1.20,1.26,1.98,1.38,0,0,0,0,5.39,5.41,5.63,5.72,VMS 3,,Tanque,,1.68,1.74,2.70,2.40,6.33,5.35,7.64,6.02
03/08/2025 12:51 p. m.,Ordeño,07:41,18.38,2,,"DI,TI,TD",,,0,,1.14,1.08,1.86,1.26,0,0,0,0,5.23,5.32,5.52,5.30,VMS 3,,Tanque,,1.74,1.50,2.40,2.04,3.58,3.28,5.64,5.88
03/08/2025 09:43 p. m.,Ordeño,06:23,14.92,3,,TD,,,0,,1.20,1.08,1.68,1.32,0,0,0,0,4.96,5.12,5.25,5.17,VMS 3,,Tanque,,1.74,1.62,2.28,1.86,3.08,2.46,4.55,4.83
04/08/2025 06:47 a. m.,Ordeño,05:15,13.41,1,,"DI,TI,TD",,,0,,1.38,1.14,1.92,1.32,0,0,0,0,5.15,5.20,5.39,5.24,VMS 3,,Tanque,,1.86,1.62,2.40,2.10,2.72,2.70,4.47,3.52
04/08/2025 07:29 p. m.,Ordeño,12:30,20.89,2,,,,,0,,1.14,1.14,1.80,1.20,0,0,0,0,4.99,5.34,5.43,5.47,VMS 3,,Tanque,,1.74,1.80,2.46,1.74,4.26,3.24,6.28,7.11
05/08/2025 06:21 a. m.,Ordeño,06:57,18.32,1,,,,,0,,1.20,1.14,1.98,1.38,0,0,0,0,5.20,5.18,5.42,5.30,VMS 3,,Tanque,,1.62,1.74,2.94,1.86,3.67,3.62,5.40,5.63
05/08/2025 06:39 p. m.,Ordeño,08:27,18.80,2,,"DI,TI,TD",,,0,,1.14,1.20,1.80,1.32,0,0,0,0,5.46,5.56,5.68,5.46,VMS 3,,Tanque,,1.86,1.56,2.52,1.98,3.35,3.34,5.11,7.00
06/08/2025 05:07 a. m.,Ordeño,10:41,21.23,1,,DD,,,0,,0.84,1.08,1.74,1.26,0,0,0,0,4.86,5.12,5.45,5.34,VMS 3,,Tanque,,1.32,1.62,2.40,1.92,4.90,3.10,6.89,6.34
06/08/2025 03:37 p. m.,Ordeño,07:18,15.37,2,,,,,0,,1.14,1.08,1.62,1.26,0,0,0,0,4.91,5.29,5.38,5.26,VMS 3,,Tanque,,1.62,1.62,2.04,1.68,3.12,2.98,4.66,4.61
06/08/2025 10:23 p. m.,Ordeño,05:36,8.37,3,,,,,0,,0.84,0.78,1.38,1.14,0,0,0,0,4.68,4.99,5.10,5.14,VMS 3,,Tanque,,1.44,1.20,2.04,1.68,1.67,1.41,2.72,2.57
07/08/2025 06:03 a. m.,Ordeño,05:15,11.60,1,,"TI,TD",,,0,,1.08,0.96,1.74,1.26,0,0,0,0,5.29,5.40,5.35,5.00,VMS 3,,Tanque,,1.50,1.62,2.64,1.74,2.30,2.10,3.40,3.80
07/08/2025 02:48 p. m.,Ordeño,10:43,15.53,2,,,,,0,,1.08,1.14,1.68,1.20,0,0,0,0,5.35,5.39,5.61,5.63,VMS 3,,Tanque,,1.44,1.56,2.16,1.74,3.04,2.48,4.76,5.25
08/08/2025 01:34 a. m.,Ordeño,07:02,19.27,1,,,,,0,,1.08,0.96,1.74,1.56,0,0,0,0,5.26,5.41,5.55,4.55,VMS 3,,Tanque,,1.50,1.38,2.28,3.96,3.44,2.99,5.46,7.38
08/08/2025 11:34 a. m.,Ordeño,09:33,17.14,2,,"DI,TD",,,0,,1.20,1.14,1.80,1.32,0,0,0,0,5.36,5.42,5.34,5.38,VMS 3,,Tanque,,1.62,1.68,2.40,2.10,2.61,2.95,5.39,6.19
08/08/2025 06:16 p. m.,Ordeño,06:57,11.01,3,,,,,0,,1.08,0.90,1.56,1.08,0,0,0,0,5.34,5.44,5.54,5.39,VMS 3,,Tanque,,1.62,1.56,2.04,1.56,2.85,1.94,3.00,3.22
09/08/2025 03:19 a. m.,Ordeño,07:34,15.29,1,,TI,,,0,,0.90,1.14,1.80,1.26,0,0,0,0,4.88,5.38,5.54,5.38,VMS 3,,Tanque,,1.44,1.74,2.34,2.16,3.35,2.59,4.26,5.09
09/08/2025 04:53 p. m.,Ordeño,08:45,17.75,2,,,DI,DI,0,,0.00,1.20,2.04,1.50,0,0,0,0,0.00,5.57,5.50,5.79,VMS 3,,Tanque,,0.00,1.62,2.94,2.34,0.00,3.80,6.22,7.73
10/08/2025 01:10 a. m.,Ordeño,09:23,15.72,1,,TD,,,0,,1.14,1.02,1.80,1.32,0,0,0,0,5.49,5.17,5.09,5.22,VMS 3,,Tanque,,1.68,1.68,2.28,1.62,5.89,2.40,3.66,3.77
10/08/2025 08:43 a. m.,Ordeño,07:17,13.11,2,,,,,0,,1.26,1.02,1.56,1.38,0,0,0,0,4.88,5.25,5.34,5.30,VMS 3,,Tanque,,1.74,1.56,2.34,2.16,2.34,2.17,3.81,4.79
10/08/2025 07:09 p. m.,Ordeño,07:43,17.62,3,,,,,0,,1.14,0.96,1.74,1.44,0,0,0,0,4.88,5.33,5.45,5.35,VMS 3,,Tanque,,1.92,1.44,3.06,2.34,3.57,3.27,4.98,5.80
11/08/2025 03:02 a. m.,Ordeño,09:46,11.16,1,,DD,,,0,,1.08,0.90,1.74,1.14,0,0,0,0,4.95,5.06,5.29,5.00,VMS 3,,Tanque,,1.56,1.38,2.28,1.80,2.14,1.92,3.21,3.89
11/08/2025 09:16 p. m.,Ordeño,14:18,24.95,2,,TD,,,0,,1.14,1.14,1.92,1.50,0,0,0,0,5.45,5.59,5.74,5.91,VMS 3,,Tanque,,1.86,1.62,2.58,2.16,4.99,4.35,7.12,8.49
12/08/2025 06:58 a. m.,Ordeño,11:15,15.56,1,,TD,,,0,,1.20,1.02,1.98,1.50,0,0,0,0,4.96,5.03,4.94,5.18,VMS 3,,Tanque,,2.10,1.38,2.64,2.04,3.25,2.91,4.67,4.73
12/08/2025 05:53 p. m.,Ordeño,06:49,17.31,2,,,,,0,,1.20,1.02,1.86,1.38,0,0,0,0,5.21,5.29,5.28,5.46,VMS 3,,Tanque,,1.68,1.50,2.70,1.86,3.38,2.93,5.09,5.91
13/08/2025 03:20 a. m.,Ordeño,05:06,12.68,1,,,,,0,,1.14,1.14,1.86,1.44,0,0,0,0,5.12,5.21,5.21,5.56,VMS 3,,Tanque,,1.68,1.80,2.58,1.86,2.62,2.18,3.81,4.07
13/08/2025 01:17 p. m.,Ordeño,07:32,17.53,2,,,,,0,,1.08,1.08,1.74,1.26,0,0,0,0,5.20,5.51,5.49,5.62,VMS 3,,Tanque,,1.62,1.56,2.58,1.98,3.38,3.14,5.24,5.77
13/08/2025 11:34 p. m.,Ordeño,06:04,17.68,3,,,,,0,,1.26,1.14,1.92,1.50,0,0,0,0,5.59,5.46,5.56,5.44,VMS 3,,Tanque,,1.80,1.62,2.58,1.98,3.74,3.24,5.40,5.30
14/08/2025 06:08 a. m.,Ordeño,05:52,11.26,1,,DI,,,0,,1.08,0.96,1.56,1.32,0,0,0,0,5.26,5.40,5.37,5.48,VMS 3,,Tanque,,1.50,1.56,2.28,2.04,2.13,1.98,3.26,3.89
14/08/2025 04:52 p. m.,Ordeño,06:28,18.64,2,,,,,0,,1.20,1.08,1.86,1.44,0,0,0,0,5.26,5.46,5.45,5.67,VMS 3,,Tanque,,1.74,1.50,2.58,1.80,3.23,3.56,5.64,6.21
15/08/2025 12:08 a. m.,Ordeño,05:18,10.56,1,,,,,0,,1.02,0.84,1.50,1.14,0,0,0,0,5.01,5.26,5.09,5.28,VMS 3,,Tanque,,1.50,1.38,2.28,1.68,2.06,1.82,3.13,3.55
15/08/2025 08:05 a. m.,Ordeño,07:44,14.73,2,,,,,0,,1.14,1.08,1.62,1.32,0,0,0,0,5.34,5.38,5.38,5.61,VMS 3,,Tanque,,1.74,1.68,2.10,1.80,3.11,2.67,4.30,4.65
15/08/2025 04:15 p. m.,Ordeño,08:31,13.86,3,,TD,,,0,,0.96,0.90,1.50,1.26,0,0,0,0,4.48,5.18,5.09,4.88,VMS 3,,Tanque,,2.04,1.38,2.40,1.86,3.07,2.14,3.92,4.73
16/08/2025 03:07 a. m.,Ordeño,05:55,15.29,1,,TD,,,0,,1.14,1.14,1.80,1.44,0,0,0,0,5.13,5.32,5.42,5.44,VMS 3,,Tanque,,1.74,1.68,2.22,2.16,3.56,2.55,4.80,4.38
16/08/2025 11:37 a. m.,Ordeño,06:08,15.47,2,,,,,0,,1.26,1.14,1.80,1.44,0,0,0,0,5.41,5.46,5.30,5.46,VMS 3,,Tanque,,1.80,1.74,2.58,1.92,2.86,2.87,4.54,5.20
16/08/2025 08:45 p. m.,Ordeño,07:26,15.73,3,,,,,0,,0.96,0.90,1.68,1.14,0,0,0,0,5.01,5.20,5.30,5.13,VMS 3,,Tanque,,1.56,1.38,2.22,1.62,3.13,2.78,4.56,5.26
17/08/2025 07:10 a. m.,Ordeño,06:15,16.53,1,,"TI,TD",,,0,"DI,DD,TI",1.14,1.08,1.86,2.28,0,0,0,0,5.20,5.35,5.33,3.42,VMS 3,,Tanque,,1.56,1.56,2.52,4.74,3.63,3.01,4.46,5.43
17/08/2025 06:55 p. m.,Ordeño,08:10,18.50,2,,TI,,,0,,1.08,1.02,1.74,1.20,0,0,0,0,5.28,5.42,5.39,5.36,VMS 3,,Tanque,,1.56,1.44,2.28,1.68,3.98,3.40,4.12,7.00
18/08/2025 06:39 a. m.,Ordeño,07:23,19.64,1,,,,,0,,1.14,1.26,1.92,1.38,0,0,0,0,5.25,5.35,5.45,5.46,VMS 3,,Tanque,,1.62,1.80,2.64,1.86,3.70,3.25,7.59,5.10
18/08/2025 05:34 p. m.,Ordeño,06:00,16.05,2,,,,,0,,1.26,1.26,1.92,1.50,0,0,0,0,5.35,5.35,5.29,5.65,VMS 3,,Tanque,,1.80,1.92,2.58,1.92,3.39,2.97,4.23,5.46
19/08/2025 01:41 a. m.,Ordeño,06:02,11.61,1,,,,,0,,0.78,0.84,1.50,1.02,0,0,0,0,4.77,5.08,5.05,4.86,VMS 3,,Tanque,,1.14,1.20,2.10,1.56,2.59,1.96,3.58,3.48
19/08/2025 08:18 a. m.,Ordeño,06:24,10.13,2,,,,,0,,0.96,0.66,1.44,1.02,0,0,0,0,4.94,5.15,5.25,5.22,VMS 3,,Tanque,,1.44,1.20,2.16,1.50,2.20,1.90,2.76,3.27
20/08/2025 12:39 a. m.,Ordeño,10:05,25.34,1,,,,,0,,1.20,1.14,1.86,1.26,0,0,0,0,5.42,5.45,5.64,5.71,VMS 3,,Tanque,,1.80,1.62,2.64,1.98,5.45,4.65,7.19,8.05
21/08/2025 08:49 a. m.,Ordeño,10:53,20.68,1,,"DI,TD",,,0,,1.26,1.20,1.86,1.38,0,0,0,0,5.30,5.14,5.51,5.22,VMS 3,,Tanque,,1.68,1.68,2.64,2.16,4.21,2.87,6.81,6.79
21/08/2025 09:28 p. m.,Ordeño,10:02,21.32,2,,,,,0,,1.14,0.96,1.56,1.32,0,0,0,0,4.93,5.22,5.12,5.09,VMS 3,,Tanque,,1.62,1.56,2.04,2.16,4.82,3.60,6.30,6.60
22/08/2025 06:15 a. m.,Ordeño,05:51,11.27,1,,,,,0,,1.02,0.84,1.32,1.08,0,0,0,0,4.71,4.99,5.04,5.16,VMS 3,,Tanque,,1.50,1.26,1.80,1.50,2.27,1.89,3.48,3.63
22/08/2025 05:57 p. m.,Ordeño,07:19,16.27,2,,"TI,TD",,,0,,1.08,1.20,1.74,1.26,0,0,0,0,5.25,5.54,5.50,5.08,VMS 3,,Tanque,,1.62,1.80,2.52,1.86,3.61,2.81,4.76,5.09
23/08/2025 05:13 p. m.,Ordeño,06:51,17.36,2,,,,,0,,1.20,1.14,1.74,1.50,0,0,0,0,5.27,5.52,5.35,5.82,VMS 3,,Tanque,,1.80,1.74,2.64,1.92,2.97,2.97,4.78,6.64
24/08/2025 07:13 a. m.,Ordeño,06:48,19.46,1,,,,,0,,1.14,1.02,1.98,1.38,0,0,0,0,5.06,5.50,5.46,5.56,VMS 3,,Tanque,,1.74,1.56,2.64,2.10,3.33,3.91,6.16,6.06
24/08/2025 02:32 p. m.,Ordeño,05:39,11.01,2,,,,,0,,1.02,0.78,1.38,1.20,0,0,0,0,5.13,5.43,5.38,5.56,VMS 3,,Tanque,,1.62,1.32,2.16,1.74,2.30,2.00,3.36,3.35
24/08/2025 09:54 p. m.,Ordeño,06:44,7.01,3,,TD,TI,TI,0,,0.96,1.08,0.00,1.44,0,0,0,0,5.21,5.42,0.00,5.56,VMS 3,,Tanque,,1.80,1.74,0.00,2.64,2.49,1.95,0.00,2.57
25/08/2025 04:54 a. m.,Ordeño,07:00,14.27,1,,,,,0,,1.14,0.90,1.80,1.08,0,0,0,0,5.35,5.42,5.19,5.22,VMS 3,,Tanque,,1.68,1.38,2.34,1.68,2.08,1.80,5.62,4.77
25/08/2025 04:22 p. m.,Ordeño,06:33,18.48,2,,,,,0,,1.20,1.08,1.92,1.44,0,0,0,0,5.29,5.46,5.39,5.57,VMS 3,,Tanque,,1.62,1.56,2.58,1.98,3.87,3.40,5.09,6.12
26/08/2025 12:31 a. m.,Ordeño,10:49,11.12,1,,,,,0,,0.96,0.72,1.68,1.14,0,0,0,0,4.92,5.04,5.11,4.77,VMS 3,,Tanque,,1.74,1.20,2.34,1.62,2.28,1.81,3.44,3.59
26/08/2025 11:35 a. m.,Ordeño,06:10,16.86,2,,,,,0,,1.26,1.14,1.86,1.44,0,0,0,0,5.38,5.36,5.53,5.57,VMS 3,,Tanque,,1.86,1.68,2.52,1.92,3.48,3.03,4.94,5.41
26/08/2025 07:10 p. m.,Ordeño,05:48,10.22,3,,TI,,,0,,0.84,0.78,1.68,1.20,0,0,0,0,4.96,5.20,5.32,5.35,VMS 3,,Tanque,,1.62,1.38,2.58,2.16,2.48,1.70,2.28,3.76
27/08/2025 03:42 a. m.,Ordeño,07:50,10.36,1,,,TI,TI,0,,0.90,1.02,0.00,1.20,0,0,0,0,5.17,5.35,0.00,5.27,VMS 3,,Tanque,,1.86,1.80,0.00,1.74,3.03,2.59,0.00,4.74
27/08/2025 01:58 p. m.,Ordeño,06:05,18.28,2,,,,,0,,1.02,1.02,2.04,1.50,0,0,0,0,5.28,5.41,5.59,5.57,VMS 3,,Tanque,,1.44,1.68,2.58,2.04,3.31,2.72,6.85,5.40
27/08/2025 11:06 p. m.,Ordeño,05:35,11.04,3,,"TI,TD",,,0,,1.08,0.90,1.56,1.44,0,0,0,0,5.01,5.20,5.03,5.26,VMS 3,,Tanque,,1.56,1.38,2.10,1.86,2.72,1.81,3.03,3.48
28/08/2025 05:13 a. m.,Ordeño,06:02,10.95,1,,,,,0,,0.90,0.90,1.20,1.20,0,0,0,0,5.24,5.41,5.34,5.58,VMS 3,,Tanque,,1.38,1.44,1.98,1.80,2.18,2.05,3.02,3.70
28/08/2025 02:54 p. m.,Ordeño,09:34,15.67,2,,,,,0,,1.08,1.08,1.80,1.44,0,0,0,0,5.33,5.42,5.54,5.35,VMS 3,,Tanque,,1.56,1.62,2.34,1.98,3.18,2.78,4.33,5.38
28/08/2025 09:52 p. m.,Ordeño,07:20,7.42,3,,"TI,TD",TI,,0,,0.90,0.72,1.02,1.26,0,0,0,0,4.86,5.21,4.76,4.88,VMS 3,,Tanque,,1.32,1.20,2.28,1.74,1.98,1.66,0.69,3.09
29/08/2025 04:59 a. m.,Ordeño,08:50,13.51,1,,,,,0,,0.90,0.66,1.56,1.20,0,0,0,0,5.02,5.28,5.53,5.01,VMS 3,,Tanque,,1.74,1.26,2.40,2.58,2.61,1.76,4.80,4.34
29/08/2025 03:37 p. m.,Ordeño,06:12,16.84,2,,,,,0,,1.14,1.20,1.80,1.38,0,0,0,0,5.15,5.62,5.54,5.54,VMS 3,,Tanque,,1.56,1.80,2.52,1.86,3.53,3.30,4.86,5.15
30/08/2025 12:18 a. m.,Ordeño,06:00,12.13,1,,,,,0,,1.08,0.96,1.56,1.20,0,0,0,0,4.87,5.09,5.25,5.22,VMS 3,,Tanque,,1.80,1.50,2.16,1.86,2.63,2.08,3.24,4.18
30/08/2025 11:50 a. m.,Ordeño,10:25,18.69,2,,"DD,TI",,,0,,0.96,1.08,1.92,1.26,0,0,0,0,5.25,5.50,5.41,5.60,VMS 3,,Tanque,,1.44,1.56,2.64,1.92,3.89,2.78,5.57,6.45
30/08/2025 07:38 p. m.,Ordeño,06:07,14.97,3,,,,,0,,1.08,1.08,1.80,1.26,0,0,0,0,5.31,5.50,5.51,5.12,VMS 3,,Tanque,,1.56,1.68,2.52,1.80,2.91,3.28,3.92,4.86
31/08/2025 06:23 a. m.,Ordeño,05:43,15.11,1,,"TI,TD",,,0,,1.14,1.08,1.86,1.38,0,0,0,0,5.12,5.29,5.42,5.47,VMS 3,,Tanque,,1.62,1.56,2.34,1.86,3.53,2.97,4.85,3.76
31/08/2025 03:13 p. m.,Ordeño,09:14,12.50,2,,TD,,,0,,1.02,1.02,1.80,1.20,0,0,0,0,4.84,5.21,5.13,5.45,VMS 3,,Tanque,,1.68,1.74,2.52,2.16,2.79,2.12,4.09,3.50
31/08/2025 10:01 p. m.,Ordeño,05:02,9.69,3,,TD,,,0,,0.96,0.78,1.50,1.14,0,0,0,0,4.94,5.21,5.21,5.40,VMS 3,,Tanque,,1.32,1.14,2.04,1.68,1.96,1.64,2.83,3.26
01/09/2025 08:03 a. m.,Ordeño,09:12,18.41,1,,,,,0,,0.96,1.08,1.56,1.20,0,0,0,0,5.27,5.47,5.27,5.49,VMS 3,,Tanque,,1.50,1.62,2.10,1.62,3.68,2.96,4.85,6.92
01/09/2025 06:35 p. m.,Ordeño,09:48,11.81,2,,TD,TI,TI,0,,0.90,0.90,0.00,1.14,0,0,0,0,4.99,4.87,0.00,5.11,VMS 3,,Tanque,,1.62,1.62,0.00,1.62,3.55,3.35,0.00,4.91
02/09/2025 02:44 a. m.,Ordeño,06:35,15.75,1,,,,,0,,1.02,1.08,1.98,1.44,0,0,0,0,4.98,5.27,5.47,5.31,VMS 3,,Tanque,,1.62,1.86,2.52,1.92,2.41,2.09,7.49,3.76
02/09/2025 10:57 a. m.,Ordeño,06:21,10.85,2,,,,,0,,1.02,0.96,1.74,1.26,0,0,0,0,4.84,5.16,4.94,5.29,VMS 3,,Tanque,,1.56,1.56,2.52,1.92,2.44,2.00,2.63,3.78
02/09/2025 07:00 p. m.,Ordeño,07:29,7.27,3,,"TI,TD",TI,,0,,0.66,0.90,0.96,1.14,0,0,0,0,4.44,4.95,4.77,4.80,VMS 3,,Tanque,,1.38,1.56,1.80,1.80,1.95,1.94,1.33,2.05
03/09/2025 03:47 a. m.,Ordeño,07:48,8.66,1,,,TI,TI,0,,0.96,0.84,0.00,1.26,0,0,0,0,4.94,5.22,0.00,5.13,VMS 3,,Tanque,,1.62,1.38,0.00,1.80,2.72,2.26,0.00,3.68
03/09/2025 01:15 p. m.,Ordeño,09:46,15.40,2,,"TI,TD",,,0,,0.90,1.14,1.98,1.50,0,0,0,0,5.13,5.62,5.50,5.85,VMS 3,,Tanque,,1.44,1.80,2.46,1.98,3.26,2.39,5.00,4.75
05/09/2025 03:15 a. m.,Ordeño,10:48,18.76,1,,,,,0,,1.26,1.08,1.80,1.14,0,0,0,0,5.37,5.40,5.41,5.26,VMS 3,,Tanque,,1.74,1.62,2.52,1.68,4.03,3.51,5.03,6.19
05/09/2025 06:43 p. m.,Ordeño,11:04,21.11,2,,TI,,,0,,1.08,1.14,1.32,1.80,0,0,0,0,5.21,5.50,5.72,5.59,VMS 3,,Tanque,,1.68,1.80,2.22,2.64,4.34,4.15,4.18,8.44
07/09/2025 06:31 a. m.,Ordeño,05:34,14.64,1,,"TI,TD",,,0,,1.32,1.14,2.16,1.62,0,0,0,0,5.17,5.31,5.35,4.74,VMS 3,,Tanque,,1.86,1.68,2.64,2.34,3.23,2.60,3.18,5.63
07/09/2025 06:14 p. m.,Ordeño,06:48,15.97,2,,TI,,,0,,1.14,1.08,2.10,1.38,0,0,0,0,4.91,5.44,5.64,5.51,VMS 3,,Tanque,,1.86,1.98,3.36,2.04,2.96,2.96,4.66,5.39
08/09/2025 05:24 a. m.,Ordeño,10:07,16.85,1,,TI,,,0,,1.02,0.96,1.26,1.56,0,0,0,0,4.87,5.24,4.71,5.35,VMS 3,,Tanque,,1.50,1.86,1.86,2.16,3.35,3.08,4.92,5.50
12/09/2025 01:09 p. m.,Ordeño,07:31,10.18,2,,TD,TI,,0,,1.02,1.26,0.90,1.38,0,0,0,0,5.28,5.45,5.38,5.60,VMS 3,,Tanque,,2.16,1.98,1.38,1.80,2.86,2.39,0.81,4.12
12/09/2025 05:08 p. m.,Ordeño,07:09,4.25,3,,TI,TI,,0,,0.84,0.66,1.14,0.90,0,0,0,0,5.85,5.19,5.16,5.23,VMS 3,,Tanque,,1.32,1.14,2.16,1.32,1.09,1.00,0.82,1.34
13/09/2025 09:43 p. m.,Ordeño,05:27,11.40,2,,,,,0,,0.96,1.14,1.44,0.96,0,0,0,0,5.85,5.52,5.35,5.26,VMS 3,,Tanque,,1.44,1.56,1.92,1.44,2.42,2.20,3.47,3.31
14/09/2025 07:09 a. m.,Ordeño,06:49,9.05,1,,TD,TI,TI,0,,0.96,1.08,0.00,1.26,0,0,0,0,5.37,5.46,0.00,5.74,VMS 3,,Tanque,,1.92,1.62,0.00,1.92,3.17,2.73,0.00,3.15
14/09/2025 01:15 p. m.,Ordeño,09:14,14.45,2,,TI,,,0,,0.96,0.84,1.86,1.26,0,0,0,0,5.77,5.41,5.89,5.85,VMS 3,,Tanque,,1.44,1.44,2.34,1.74,1.81,1.82,6.41,4.41
15/09/2025 12:30 a. m.,Ordeño,09:18,15.33,1,,"TI,TD",,,0,"DI,DD,TD",0.78,0.90,0.66,1.50,0,0,0,0,5.30,5.28,3.72,5.39,VMS 3,,Tanque,,1.08,1.38,1.56,2.52,3.26,3.16,0.54,8.37
15/09/2025 08:02 a. m.,Ordeño,05:46,11.30,2,,,,,0,,0.78,0.96,1.50,1.20,0,0,0,0,5.00,5.23,5.34,5.26,VMS 3,,Tanque,,1.20,1.50,2.40,1.68,2.13,1.92,3.83,3.42
15/09/2025 03:22 p. m.,Ordeño,08:48,9.29,3,,TI,,,0,,0.90,0.90,1.50,1.20,0,0,0,0,5.20,5.25,5.37,5.42,VMS 3,,Tanque,,1.38,1.38,2.40,1.68,1.95,1.96,1.79,3.59
16/09/2025 01:09 a. m.,Ordeño,06:31,15.58,1,,TD,,,0,,0.90,1.02,1.74,1.26,0,0,0,0,5.51,5.46,5.72,5.68,VMS 3,,Tanque,,1.38,1.50,2.16,1.86,2.74,2.69,5.46,4.69
16/09/2025 01:10 p. m.,Ordeño,09:49,12.69,2,,,TI,TI,0,,1.02,0.96,0.00,1.44,0,0,0,0,5.61,5.59,0.00,5.88,VMS 3,,Tanque,,1.62,1.44,0.00,1.98,3.48,3.34,0.00,5.87
16/09/2025 05:50 p. m.,Ordeño,06:31,3.75,3,,TD,TI,TI,0,,0.66,0.54,0.00,0.84,0,0,0,0,4.87,4.91,0.00,4.76,VMS 3,,Tanque,,0.96,1.08,0.00,1.44,1.27,1.09,0.00,1.39
16/09/2025 11:23 p. m.,Ordeño,05:11,11.88,4,,TI,,,0,,0.72,0.78,1.74,1.26,0,0,0,0,5.03,5.41,5.51,5.63,VMS 3,,Tanque,,1.20,1.44,2.22,1.74,1.80,1.72,5.11,3.25
17/09/2025 11:37 a. m.,Ordeño,12:40,19.51,1,,,,,0,,1.02,1.20,1.56,1.56,0,0,0,0,5.67,5.69,5.99,5.49,VMS 3,,Tanque,,1.68,1.68,2.10,2.16,3.61,3.48,6.03,6.39
17/09/2025 07:28 p. m.,Ordeño,12:11,12.50,2,,"TI,TD",,,0,,0.84,0.96,1.38,1.26,0,0,0,0,4.86,5.08,4.94,5.29,VMS 3,,Tanque,,1.56,1.44,1.98,1.80,2.64,2.19,3.69,3.98
18/09/2025 05:26 a. m.,Ordeño,06:07,14.79,1,,,,,0,,1.08,1.08,1.74,1.32,0,0,0,0,5.26,5.34,5.54,5.43,VMS 3,,Tanque,,1.56,1.50,2.34,2.04,3.07,2.91,3.79,5.02
18/09/2025 05:16 p. m.,Ordeño,08:37,11.71,2,,TI,TI,TI,0,"DI,DD,TD",1.26,1.08,0.42,1.50,0,0,0,0,5.26,5.27,3.42,5.42,VMS 3,,Tanque,,1.74,1.74,0.72,1.92,2.96,3.19,0.06,5.50
18/09/2025 11:23 p. m.,Ordeño,06:49,8.76,3,,TI,,,0,TI,0.90,0.78,1.74,1.14,0,0,0,0,4.88,5.12,5.75,5.01,VMS 3,,Tanque,,1.50,1.26,2.28,1.62,1.77,1.36,2.99,2.64
19/09/2025 09:34 p. m.,Ordeño,06:17,15.37,2,,TD,,,0,,1.02,1.08,1.20,1.80,0,0,0,0,5.14,5.21,5.28,5.61,VMS 3,,Tanque,,1.44,1.62,1.80,2.22,2.99,2.64,4.82,4.92
20/09/2025 07:37 a. m.,Ordeño,05:52,14.52,1,,TD,,,0,,1.02,1.32,1.56,1.50,0,0,0,0,5.20,5.36,5.49,5.52,VMS 3,,Tanque,,1.44,1.92,2.16,1.86,3.32,2.81,3.52,4.87
20/09/2025 05:43 p. m.,Ordeño,06:30,13.50,2,,,,,0,,1.08,1.20,1.50,1.32,0,0,0,0,5.17,5.30,5.55,5.42,VMS 3,,Tanque,,1.50,1.80,2.22,1.74,2.96,2.61,2.89,5.04
22/09/2025 12:41 a. m.,Ordeño,05:14,7.77,1,,,,,0,,0.90,0.84,0.96,1.20,0,0,0,0,4.81,5.09,5.51,5.10,VMS 3,,Tanque,,1.38,1.38,1.62,1.68,1.74,1.43,1.96,2.64
22/09/2025 08:53 a. m.,Ordeño,08:02,8.54,2,,TD,TI,TI,0,,0.90,1.02,0.00,1.32,0,0,0,0,4.87,5.24,0.00,5.25,VMS 3,,Tanque,,1.68,1.62,0.00,2.22,2.70,2.48,0.00,3.36
22/09/2025 06:20 p. m.,Ordeño,08:12,17.09,3,,,,,0,TI,0.90,1.02,1.92,1.56,0,0,0,0,4.92,5.43,6.43,5.60,VMS 3,,Tanque,,1.38,1.74,2.52,2.34,2.76,2.67,6.34,5.32
23/09/2025 03:39 a. m.,Ordeño,05:54,13.32,1,,,,,0,,1.14,1.08,1.62,1.44,0,0,0,0,5.12,5.30,5.49,5.19,VMS 3,,Tanque,,1.62,1.56,2.10,2.16,2.77,2.58,3.19,4.78
23/09/2025 03:34 p. m.,Ordeño,10:50,17.82,2,,,,,0,,1.08,1.08,1.68,1.44,0,0,0,0,5.20,5.42,5.76,5.59,VMS 3,,Tanque,,1.80,1.62,2.28,2.04,3.56,3.41,4.83,6.02
24/09/2025 11:45 a. m.,Ordeño,05:59,13.40,2,,,,,0,,1.14,1.08,1.38,1.38,0,0,0,0,4.98,5.23,5.35,5.34,VMS 3,,Tanque,,1.62,1.62,2.34,1.92,2.65,2.45,4.00,4.30
24/09/2025 06:39 p. m.,Ordeño,09:45,10.28,3,,,,,0,,1.02,1.02,1.50,1.50,0,0,0,0,4.95,5.23,5.49,5.11,VMS 3,,Tanque,,1.56,1.68,2.16,2.04,2.11,1.91,2.94,3.32
25/09/2025 06:42 a. m.,Ordeño,07:48,18.25,1,,,,,0,"DD,TI,TD",0.96,1.08,1.68,1.44,0,0,0,0,3.53,5.18,5.37,5.35,VMS 3,,Tanque,,1.50,1.56,2.28,1.92,4.54,3.22,4.72,5.77
26/09/2025 01:33 a. m.,Ordeño,05:14,11.32,1,,,,,0,,1.08,0.90,1.44,1.26,0,0,0,0,4.12,4.81,4.83,4.87,VMS 3,,Tanque,,1.44,1.56,2.10,1.80,2.70,1.95,3.20,3.47
28/09/2025 02:53 p. m.,Ordeño,06:19,13.32,2,,,,,0,,1.32,1.02,1.50,1.20,0,0,0,0,5.09,5.35,5.38,5.75,VMS 3,,Tanque,,1.98,1.44,2.10,1.80,3.11,2.40,4.35,3.46
28/09/2025 10:32 p. m.,Ordeño,10:29,6.34,3,,,TI,,0,"DD,TD",0.78,0.96,0.42,1.08,0,0,0,0,4.74,5.43,4.45,5.81,VMS 3,,Tanque,,1.26,1.44,1.14,1.98,2.01,1.56,0.34,2.43
01/10/2025 04:35 p. m.,Ordeño,08:13,16.03,2,,TD,,,0,,1.08,1.08,2.16,1.44,0,0,0,0,4.74,5.31,5.50,5.62,VMS 3,,Tanque,,1.50,1.56,2.70,1.92,2.84,2.11,7.55,3.53
02/10/2025 03:37 a. m.,Ordeño,08:12,10.10,1,,TD,TI,TI,0,,1.02,0.96,0.00,1.50,0,0,0,0,4.46,5.25,0.00,4.98,VMS 3,,Tanque,,1.56,1.56,0.00,2.22,3.05,2.43,0.00,4.62
03/10/2025 02:18 a. m.,Ordeño,05:41,8.32,1,,,,,0,,0.96,0.96,0.90,1.32,0,0,0,0,4.46,5.10,4.79,5.15,VMS 3,,Tanque,,1.44,1.38,1.68,1.86,2.13,1.40,1.91,2.88
03/10/2025 11:39 a. m.,Ordeño,07:35,13.30,2,,,,,0,,0.84,0.96,1.26,1.38,0,0,0,0,4.93,5.38,5.53,5.73,VMS 3,,Tanque,,1.20,1.44,1.92,1.80,3.47,2.62,2.91,4.30
03/10/2025 09:38 p. m.,Ordeño,07:02,13.45,3,,TI,,,0,,0.84,1.20,1.80,1.32,0,0,0,0,5.09,5.66,5.49,5.86,VMS 3,,Tanque,,1.68,1.92,2.34,1.92,3.53,2.53,2.68,4.71
04/10/2025 06:39 a. m.,Ordeño,06:39,14.25,1,,,,,0,TI,0.96,1.20,1.62,1.38,0,0,0,0,5.09,5.47,6.10,5.58,VMS 3,,Tanque,,1.44,1.74,2.22,1.80,3.47,2.57,4.22,3.99
05/10/2025 06:18 a. m.,Ordeño,07:18,15.99,1,,,,,0,,0.90,1.08,1.74,1.08,0,0,0,0,4.77,5.26,5.42,5.31,VMS 3,,Tanque,,1.62,1.80,2.28,1.80,3.84,2.80,4.32,5.03
05/10/2025 01:26 p. m.,Ordeño,07:57,11.06,2,,,,,0,,0.96,1.08,1.62,1.08,0,0,0,0,4.90,5.33,5.30,5.57,VMS 3,,Tanque,,1.50,1.68,2.28,1.62,2.72,1.99,2.92,3.43
05/10/2025 10:48 p. m.,Ordeño,06:55,11.62,3,,"DI,TD",,,0,,1.20,1.14,1.74,0.84,0,0,0,0,5.29,5.52,5.79,5.37,VMS 3,,Tanque,,2.16,1.92,2.22,1.62,2.29,2.67,3.76,2.90
06/10/2025 06:35 a. m.,Ordeño,08:33,16.30,1,,,,,0,,1.20,1.08,1.74,1.14,0,0,0,0,5.20,5.54,5.73,5.72,VMS 3,,Tanque,,1.62,1.74,2.40,1.56,4.16,2.45,3.68,6.01
07/10/2025 07:16 a. m.,Ordeño,06:22,13.72,1,,"TI,TD",,,0,,1.20,1.50,1.98,1.26,0,0,0,0,4.79,4.99,5.33,5.46,VMS 3,,Tanque,,1.68,2.22,2.58,1.92,3.72,2.38,4.47,3.15
07/10/2025 05:08 p. m.,Ordeño,06:19,14.68,2,,TD,,,0,,1.32,1.26,1.80,1.20,0,0,0,0,4.94,5.28,5.48,5.60,VMS 3,,Tanque,,1.92,2.04,2.46,2.28,3.34,2.50,3.76,5.08
08/10/2025 03:00 a. m.,Ordeño,06:43,15.06,1,,,,,0,,1.08,1.14,1.74,1.14,0,0,0,0,4.95,5.28,5.35,5.19,VMS 3,,Tanque,,1.56,1.68,2.28,1.80,3.53,2.75,4.27,4.51
11/10/2025 05:18 a. m.,Ordeño,11:57,4.03,1,,TD,"DI,DD,TI","DI,DD,TI",0,,0.00,0.00,0.00,1.02,0,0,0,0,0.00,0.00,0.00,5.83,VMS 3,,Tanque,,0.00,0.00,0.00,1.56,0.00,0.00,0.00,4.03
14/10/2025 05:28 p. m.,Ordeño,08:44,11.15,2,,,,,0,,1.32,0.96,1.32,1.02,0,0,0,0,5.07,5.21,5.32,5.51,VMS 3,,Tanque,,1.92,1.56,1.86,1.62,4.15,1.62,2.95,2.43
15/10/2025 02:01 a. m.,Ordeño,08:50,8.89,1,,,,,0,TI,0.96,1.08,1.08,1.38,0,0,0,0,4.71,5.36,5.84,5.46,VMS 3,,Tanque,,1.32,1.74,1.50,1.92,2.10,1.40,2.53,2.86
16/10/2025 04:49 p. m.,Ordeño,06:50,11.02,2,,TD,,,0,,0.90,1.02,1.56,1.08,0,0,0,0,5.03,5.56,5.40,5.66,VMS 3,,Tanque,,1.68,1.50,2.10,2.10,2.90,2.00,3.67,2.45
17/10/2025 12:30 a. m.,Ordeño,07:47,10.40,1,,,,,0,TD,0.84,0.90,1.38,1.14,0,0,0,0,4.95,5.29,5.29,6.11,VMS 3,,Tanque,,1.32,1.38,1.92,1.68,2.07,1.61,2.65,4.07
19/10/2025 11:51 p. m.,Ordeño,05:15,7.24,3,,,,,0,,0.90,0.66,1.20,0.90,0,0,0,0,4.71,5.00,5.10,5.02,VMS 3,,Tanque,,1.38,1.08,1.80,1.38,1.79,1.12,2.15,2.18
20/10/2025 11:05 a. m.,Ordeño,06:27,14.81,1,,,,,0,,1.14,1.20,1.80,1.14,0,0,0,0,5.01,5.55,5.56,5.92,VMS 3,,Tanque,,1.56,1.74,2.46,1.62,3.75,2.26,4.25,4.55
03/12/2024 05:54 p. m.,Echada sin ordeñar,00:52,,,,,,,,,,,,,,,,,,,,,VMS 3,,,,,,,,,,,
07/01/2025 08:20 p. m.,Echada sin ordeñar,17:52,,,,,,,,,,,,,,,,,,,,,VMS 2,,,,,,,,,,,
20/01/2025 02:44 a. m.,Echada sin ordeñar,17:57,,,,,,,,,,,,,,,,,,,,,VMS 2,,,,,,,,,,,
16/03/2025 05:03 a. m.,Echada sin ordeñar,09:02,,,,,,,,,,,,,,,,,,,,,VMS 3,,,,,,,,,,,
23/04/2025 02:54 a. m.,Echada sin ordeñar,01:58,,,,,,,,,,,,,,,,,,,,,VMS 3,,,,,,,,,,,
23/05/2025 03:20 a. m.,Rechazada,00:00,,,,,,,,,,,,,,,,,,,,,VMS 3,,,,,,,,,,,
25/07/2025 02:39 a. m.,Rechazada,00:00,,,,,,,,,,,,,,,,,,,,,VMS 3,,,,,,,,,,,
04/09/2025 09:42 p. m.,Rechazada,00:00,,,,,,,,,,,,,,,,,,,,,VMS 3,,,,,,,,,,,
18/09/2025 11:17 p. m.,Echada sin ordeñar,05:53,,,,,,,,,,,,,,,,,,,,,VMS 3,,,,,,,,,,,
22/09/2025 12:35 a. m.,Echada sin ordeñar,05:41,,,,,,,,,,,,,,,,,,,,,VMS 3,,,,,,,,,,,
