Main,,,,Estado,,,,,Estado AMD,,Media de los flujos (kg/min),,,,Sangre (ppm),,,,Conductividad (mS / cm),,,,Misc,,,,Flujos máximos (kg/min),,,,Producciones (kg),,,
Hora de inicio,Acción,Duración (mm:ss),Producción (kg),Número de ordeño,RCS (* 1000 células / ml),Patada,Incompleto,Pezones no encontrados,Ubre,Pezón,DI,DD,TI,TD,DI,DD,TI,TD,DI,DD,TI,TD,EO/PO,Usuario,Destino Leche,Razón de la desviación,DI,DD,TI,TD,DI,DD,TI,TD
26/11/2023 09:37 a. m.,Ordeño,11:29,10.43,1,,,TD,TD,1,,0.54,0.60,0.72,0.00,730,472,0,0,4.27,4.71,4.68,0.00,VMS 3,,Divert 3,,0.84,1.02,1.02,0.00,3.08,3.03,4.32,0.00
27/11/2023 05:41 a. m.,Ordeño,14:21,9.11,1,,,,DD,1,"DI,TD",0.54,0.24,0.48,0.60,1310,0,0,0,4.64,3.48,4.43,4.60,VMS 3,,Divert 3,,1.14,0.30,0.78,0.90,3.85,0.05,1.25,3.96
22/06/2025 12:30 a. m.,Ordeño,09:22,22.63,1,,,,,1,,0.96,,1.38,1.14,0,,0,0,5.05,,4.76,5.20,VMS 3,,Tanque,,1.38,,1.74,1.50,6.82,,7.59,8.22
22/06/2025 04:04 p. m.,Ordeño,10:28,22.70,2,,,,,1,,1.02,,1.38,1.02,0,,0,0,5.19,,4.82,5.24,VMS 3,,Tanque,,1.38,,1.74,1.38,6.94,,7.45,8.31
23/06/2025 08:45 a. m.,Ordeño,10:00,24.18,1,,,,,1,,1.08,,1.44,1.14,0,,0,0,4.93,,4.56,5.04,VMS 3,,Tanque,,1.50,,1.86,1.56,7.26,,8.23,8.69
25/09/2025 05:50 a. m.,Ordeño,06:20,9.86,1,,,,,1,,0.78,,1.38,1.08,0,,0,0,3.17,,4.53,4.44,VMS 3,,Tanque,,1.02,,1.86,1.50,3.34,,3.05,3.47
25/09/2025 12:51 p. m.,Ordeño,06:07,9.74,2,,,,,1,,0.90,,1.38,1.14,0,,0,0,3.88,,4.78,4.69,VMS 3,,Tanque,,1.26,,1.74,1.56,3.28,,2.94,3.52
26/09/2025 02:49 p. m.,Ordeño,08:06,18.03,2,,,,,1,DI,1.02,,1.44,1.14,0,,0,0,5.85,,4.41,4.32,VMS 3,,Tanque,,1.50,,1.92,1.56,5.66,,5.66,6.71
17/11/2023 08:45 a. m.,Ordeño,17:57,8.48,1,,,,DD,0,,0.60,0.00,0.60,0.66,7599,0,2580,2147,2.75,0.00,2.75,2.68,VMS 3,,Divert 3,,1.32,0.00,1.14,1.08,1.76,0.00,3.10,3.62
18/11/2023 02:14 a. m.,Ordeño,15:14,3.08,1,,,,TD,0,,0.42,0.42,0.36,0.00,7584,848,881,0,4.37,3.84,3.91,0.00,VMS 3,,Divert 3,,0.84,1.08,0.78,0.00,1.62,0.89,0.57,0.00
20/11/2023 12:19 p. m.,Ordeño,13:42,15.06,1,,,,DD,0,,0.60,0.00,0.60,0.66,7422,0,1183,788,4.03,0.00,3.91,4.13,VMS 3,,Divert 3,,0.90,0.00,1.08,1.08,5.77,0.00,3.65,5.64
23/11/2023 03:56 p. m.,Ordeño,15:33,15.12,1,,,,DD,0,,0.60,0.00,0.72,0.66,4883,0,662,880,4.45,0.00,4.34,4.42,VMS 3,,Divert 3,,0.96,0.00,1.08,1.44,5.71,0.00,4.20,5.21
25/11/2023 01:47 p. m.,Ordeño,18:07,9.32,1,,,,"DD,TI",0,,0.48,0.00,0.00,0.60,3532,0,0,0,4.57,0.00,0.00,5.25,VMS 3,,Divert 3,,0.96,0.00,0.00,1.02,4.67,0.00,0.00,4.65
27/11/2023 10:28 a. m.,Ordeño,11:13,1.51,2,,,,"DD,TD",0,,0.36,0.00,0.48,0.00,3322,0,0,0,4.38,0.00,4.55,0.00,VMS 3,,Divert 3,,0.60,0.00,0.72,0.00,1.10,0.00,0.41,0.00
27/11/2023 08:49 p. m.,Ordeño,10:25,6.50,3,,,,DD,0,,0.42,0.00,0.54,0.54,0,0,0,0,4.54,0.00,4.53,4.55,VMS 3,,Tanque,,0.72,0.00,0.78,0.90,2.22,0.00,1.11,3.17
28/11/2023 10:48 a. m.,Ordeño,20:04,6.90,1,,,,"DD,TI",0,,0.48,0.00,0.00,0.60,751,0,0,0,4.93,0.00,0.00,4.67,VMS 3,,Tanque,,0.90,0.00,0.00,0.90,3.44,0.00,0.00,3.46
29/11/2023 03:40 a. m.,Ordeño,11:49,8.73,1,,,DI,,0,,0.36,,0.66,0.60,0,,0,0,4.36,,5.11,4.75,VMS 3,,Tanque,,0.96,,1.02,0.96,0.30,,4.09,4.34
29/11/2023 10:32 a. m.,Ordeño,20:04,8.54,2,,,,,0,DI,0.48,,0.84,0.54,1211,,0,0,5.16,,4.00,4.57,VMS 3,,Divert 3,Sangre por pezón por encima del umbral,0.84,,3.42,1.02,5.08,,1.48,1.98
30/11/2023 04:40 a. m.,Ordeño,15:47,12.21,1,,,,,0,,0.48,,0.60,0.54,2160,,0,0,4.70,,4.85,4.83,VMS 3,,Divert 3,Sangre por pezón por encima del umbral,0.84,,1.02,0.78,4.46,,2.90,4.85
30/11/2023 08:06 p. m.,Ordeño,11:14,10.06,2,,DI,,,0,,0.48,,0.60,0.54,0,,0,0,4.91,,4.91,4.85,VMS 3,,Tanque,,1.80,,0.90,0.90,2.43,,3.14,4.49
01/12/2023 02:28 a. m.,Ordeño,12:20,6.38,1,,,,,0,,0.42,,0.54,0.48,1554,,0,0,4.62,,4.64,4.70,VMS 3,,Divert 3,Sangre por pezón por encima del umbral,0.78,,0.90,0.78,3.23,,1.28,1.87
01/12/2023 08:36 p. m.,Ordeño,14:41,13.43,2,,,,,0,,0.48,,0.66,0.54,1248,,0,0,4.56,,4.72,4.84,VMS 3,,Divert 3,Sangre por pezón por encima del umbral,0.78,,0.96,0.96,4.65,,3.63,5.15
02/12/2023 07:16 a. m.,Ordeño,08:54,7.91,1,,,,,0,,0.48,,0.66,0.54,739,,0,0,4.49,,4.57,4.56,VMS 3,,Tanque,,0.84,,1.02,0.90,2.73,,2.18,3.00
02/12/2023 08:32 p. m.,Ordeño,11:01,10.94,2,,,,,0,,0.48,,0.72,0.54,0,,0,0,4.82,,4.64,4.83,VMS 3,,Tanque,,0.84,,1.02,0.90,3.85,,2.84,4.25
03/12/2023 07:03 a. m.,Ordeño,11:02,9.13,1,,,,,0,,0.48,,0.72,0.54,0,,0,0,4.68,,4.51,4.68,VMS 3,,Tanque,,0.84,,1.02,0.84,3.28,,2.39,3.46
03/12/2023 05:51 p. m.,Ordeño,09:41,9.42,2,,,,,0,,0.54,,0.72,0.54,329,,0,0,4.63,,4.49,4.72,VMS 3,,Tanque,,1.08,,1.02,0.84,3.41,,2.52,3.49
04/12/2023 08:17 a. m.,Ordeño,13:21,11.73,1,,,,,0,,0.48,,0.60,0.54,722,,0,0,4.64,,4.52,4.69,VMS 3,,Tanque,,0.78,,0.96,0.90,4.05,,3.33,4.35
04/12/2023 01:51 p. m.,Ordeño,09:48,5.58,2,,,,,0,,0.42,,0.54,0.48,0,,0,0,4.34,,4.38,4.57,VMS 3,,Tanque,,0.84,,0.96,0.78,2.10,,1.51,1.97
05/12/2023 12:06 a. m.,Ordeño,12:08,8.55,1,,TD,,,0,,0.48,,0.60,0.48,0,,0,0,4.75,,4.53,4.84,VMS 3,,Tanque,,0.84,,0.96,0.96,3.40,,2.62,2.53
05/12/2023 11:45 a. m.,Ordeño,14:11,11.91,2,,,,,0,,0.48,,0.60,0.48,0,,0,0,4.68,,4.55,4.90,VMS 3,,Tanque,,0.78,,0.90,0.96,3.95,,3.02,4.94
06/12/2023 12:49 a. m.,Ordeño,12:36,12.64,1,,,,,0,,0.54,,0.66,0.54,725,,0,0,4.67,,4.59,4.79,VMS 3,,Tanque,,0.90,,1.08,0.84,4.58,,3.29,4.77
06/12/2023 01:37 p. m.,Ordeño,12:30,11.96,2,,,,,0,,0.54,,0.72,0.60,818,,0,0,4.57,,4.51,4.71,VMS 3,,Tanque,,0.84,,1.08,0.96,4.40,,3.21,4.35
06/12/2023 09:14 p. m.,Ordeño,12:33,7.30,3,,,,,0,,0.42,,0.60,0.48,0,,0,0,4.27,,4.44,4.44,VMS 3,,Tanque,,0.72,,1.14,0.90,2.64,,2.01,2.65
07/12/2023 02:50 a. m.,Ordeño,07:23,5.75,1,,,,,0,,0.48,,0.66,0.48,0,,0,0,4.43,,4.45,4.48,VMS 3,,Tanque,,0.84,,0.96,0.72,2.14,,1.63,1.98
07/12/2023 01:47 p. m.,Ordeño,11:25,11.10,2,,,,,0,,0.48,,0.66,0.54,304,,0,0,4.77,,4.71,4.93,VMS 3,,Tanque,,0.90,,1.02,0.90,3.82,,3.15,4.13
07/12/2023 07:14 p. m.,Ordeño,09:03,5.93,3,,,,,0,,0.42,,0.60,0.54,0,,0,0,4.30,,4.50,4.47,VMS 3,,Tanque,,0.84,,0.96,0.84,2.15,,1.68,2.10
08/12/2023 03:54 a. m.,Ordeño,11:37,8.63,1,,,,,0,,0.48,,0.66,0.54,0,,0,0,4.65,,4.72,4.78,VMS 3,,Tanque,,0.78,,0.96,0.84,3.03,,2.38,3.22
08/12/2023 05:26 p. m.,Ordeño,14:35,13.56,2,,,,,0,,0.48,,0.66,0.54,0,,0,0,4.96,,4.49,5.06,VMS 3,,Tanque,,0.84,,1.14,0.84,4.70,,3.92,4.94
09/12/2023 05:14 a. m.,Ordeño,13:20,12.23,1,,,,,0,,0.48,,0.60,0.54,609,,0,0,4.37,,4.51,4.56,VMS 3,,Tanque,,0.78,,0.96,0.96,4.37,,3.40,4.46
09/12/2023 06:51 p. m.,Ordeño,14:34,14.25,2,,,,,0,,0.54,,0.66,0.60,920,,0,0,4.59,,4.53,4.82,VMS 3,,Tanque,,0.84,,1.14,2.28,4.99,,3.86,5.40
10/12/2023 03:54 a. m.,Ordeño,10:11,9.95,1,,,,,0,,0.48,,0.66,0.54,523,,0,0,4.25,,4.34,4.49,VMS 3,,Tanque,,0.78,,1.02,0.90,3.69,,2.72,3.54
10/12/2023 02:56 p. m.,Ordeño,11:21,11.85,2,,,,,0,,0.54,,0.66,0.54,0,,0,0,4.60,,4.67,4.80,VMS 3,,Tanque,,0.78,,1.02,0.84,4.28,,3.30,4.27
11/12/2023 12:35 a. m.,Ordeño,11:08,10.83,1,,,,,0,,0.48,,0.66,0.54,0,,0,0,4.46,,4.57,4.74,VMS 3,,Tanque,,0.78,,1.08,0.90,3.87,,3.00,3.96
11/12/2023 11:14 a. m.,Ordeño,11:36,11.91,2,,,,,0,,0.54,,0.72,0.66,0,,0,0,4.43,,4.59,4.73,VMS 3,,Tanque,,0.90,,1.02,0.96,4.30,,3.27,4.34
11/12/2023 07:00 p. m.,Ordeño,12:39,8.26,3,,,,,0,,0.42,,0.54,0.48,0,,0,0,4.30,,4.52,4.58,VMS 3,,Tanque,,0.78,,0.84,0.84,2.93,,2.30,3.03
12/12/2023 04:00 a. m.,Ordeño,12:34,10.14,1,,,,,0,,0.48,,0.54,0.54,0,,0,0,4.53,,4.57,4.78,VMS 3,,Tanque,,1.20,,0.90,0.84,3.63,,2.91,3.60
12/12/2023 01:52 p. m.,Ordeño,11:17,11.47,2,,,,,0,,0.54,,0.60,0.60,0,,0,0,4.60,,4.64,4.83,VMS 3,,Tanque,,0.84,,0.96,0.96,4.30,,2.97,4.20
12/12/2023 11:20 p. m.,Ordeño,11:19,10.09,3,,,,,0,,0.48,,0.60,0.54,0,,0,0,4.62,,4.65,4.82,VMS 3,,Tanque,,0.78,,1.02,0.96,3.60,,2.69,3.80
13/12/2023 09:36 a. m.,Ordeño,14:05,11.68,1,,,,,0,,0.48,,0.54,0.54,0,,0,0,4.61,,4.62,4.78,VMS 3,,Tanque,,0.96,,0.96,0.96,4.11,,3.24,4.33
13/12/2023 05:08 p. m.,Ordeño,12:36,3.29,2,,,"TI,TD","TI,TD",0,,0.48,,0.00,0.00,0,,0,0,4.35,,0.00,0.00,VMS 3,,Tanque,,0.78,,0.00,0.00,3.29,,0.00,0.00
13/12/2023 11:02 p. m.,Ordeño,12:59,11.98,3,,,,,0,,0.42,,0.60,0.54,0,,0,0,4.35,,4.80,4.83,VMS 3,,Tanque,,0.72,,1.20,0.96,2.48,,4.36,5.14
14/12/2023 10:38 a. m.,Ordeño,12:25,12.75,1,,,,,0,,0.48,,0.66,0.60,0,,0,0,5.07,,4.48,4.92,VMS 3,,Tanque,,0.84,,1.08,0.90,4.17,,3.75,4.83
14/12/2023 06:17 p. m.,Ordeño,10:17,8.97,2,,,,,0,,0.48,,0.66,0.60,0,,0,0,4.51,,4.47,4.55,VMS 3,,Tanque,,0.84,,1.02,0.96,3.37,,2.35,3.25
15/12/2023 02:34 a. m.,Ordeño,10:28,8.60,1,,,,,0,,0.42,,0.66,0.48,0,,0,0,4.37,,4.50,4.48,VMS 3,,Tanque,,0.78,,0.96,0.90,3.08,,2.49,3.03
15/12/2023 12:24 p. m.,Ordeño,11:59,11.26,2,,,,,0,,0.48,,0.72,0.60,0,,0,0,4.75,,4.78,4.94,VMS 3,,Tanque,,0.78,,1.20,0.96,3.87,,3.21,4.18
15/12/2023 07:44 p. m.,Ordeño,09:51,8.84,3,,,,,0,,0.48,,0.66,0.54,0,,0,0,4.49,,4.59,4.66,VMS 3,,Tanque,,0.78,,1.14,0.90,3.26,,2.34,3.24
16/12/2023 07:00 a. m.,Ordeño,12:15,12.86,1,,,,,0,,0.48,,0.72,0.60,0,,0,0,4.70,,4.50,4.87,VMS 3,,Tanque,,0.84,,1.08,0.96,4.48,,3.67,4.71
16/12/2023 03:25 p. m.,Ordeño,10:13,9.92,2,,,,,0,,0.48,,0.78,0.60,0,,0,0,4.36,,4.43,4.47,VMS 3,,Tanque,,0.78,,1.20,1.08,3.42,,2.83,3.67
16/12/2023 11:18 p. m.,Ordeño,10:37,8.92,3,,,,,0,,0.48,,0.66,0.48,0,,0,0,4.23,,4.36,4.34,VMS 3,,Tanque,,1.02,,0.96,0.84,3.10,,2.58,3.24
17/12/2023 10:09 a. m.,Ordeño,12:57,12.23,1,,,,,0,,0.42,,0.72,0.60,0,,0,0,4.48,,4.59,4.67,VMS 3,,Tanque,,0.78,,1.08,0.96,4.06,,3.58,4.59
17/12/2023 06:45 p. m.,Ordeño,11:31,10.27,2,,,,,0,,0.48,,0.66,0.54,0,,0,0,4.33,,4.53,4.54,VMS 3,,Tanque,,0.78,,0.90,0.84,3.59,,2.96,3.72
18/12/2023 04:37 a. m.,Ordeño,12:04,11.50,1,,,,,0,,0.48,,0.66,0.54,0,,0,0,4.25,,4.05,4.32,VMS 3,,Tanque,,0.78,,1.14,0.96,4.08,,3.26,4.16
18/12/2023 01:20 p. m.,Ordeño,10:35,9.90,2,,,,,0,,0.48,,0.66,0.54,0,,0,0,4.25,,4.19,4.18,VMS 3,,Tanque,,0.78,,0.96,0.78,3.47,,2.79,3.64
18/12/2023 09:51 p. m.,Ordeño,12:03,10.43,3,,,,,0,,0.42,,0.66,0.54,0,,0,0,4.23,,4.30,4.42,VMS 3,,Tanque,,0.72,,1.02,1.14,3.54,,2.99,3.90
19/12/2023 05:29 a. m.,Ordeño,09:09,6.22,1,,,DI,,0,,0.36,,0.66,0.54,0,,0,0,3.60,,4.26,4.20,VMS 3,,Tanque,,1.02,,0.96,0.96,0.31,,2.68,3.23
19/12/2023 03:12 p. m.,Ordeño,13:52,12.12,2,,,,,0,,0.48,,0.66,0.54,0,,0,0,4.68,,4.58,4.61,VMS 3,,Tanque,,1.20,,0.96,0.90,4.70,,3.36,4.06
20/12/2023 12:32 a. m.,Ordeño,13:50,10.75,1,,,,,0,,0.42,,0.54,0.54,0,,0,0,4.43,,4.37,4.47,VMS 3,,Tanque,,1.20,,0.90,0.84,4.04,,2.93,3.78
20/12/2023 10:24 a. m.,Ordeño,11:47,12.33,2,,,,,0,,0.48,,0.72,0.60,972,,0,0,4.21,,4.49,2.61,VMS 3,,Tanque,,0.72,,1.02,1.44,3.57,,3.43,5.33
20/12/2023 05:43 p. m.,Ordeño,10:01,6.97,3,,,,,0,,0.42,,0.66,0.30,0,,0,0,4.31,,4.31,1.94,VMS 3,,Tanque,,0.78,,1.02,0.66,2.43,,2.37,2.17
21/12/2023 03:51 a. m.,Ordeño,11:59,11.06,1,,,,,0,,0.48,,0.66,0.48,0,,0,0,4.34,,4.29,4.85,VMS 3,,Tanque,,0.90,,1.14,0.84,3.34,,3.24,4.48
21/12/2023 06:05 p. m.,Ordeño,13:08,13.62,2,,,,,0,,0.48,,0.72,0.54,0,,0,0,4.61,,4.51,4.73,VMS 3,,Tanque,,0.84,,1.02,0.78,4.69,,4.12,4.81
22/12/2023 01:27 a. m.,Ordeño,08:18,6.73,1,,,,,0,,0.48,,0.66,0.54,0,,0,0,4.03,,4.13,4.14,VMS 3,,Tanque,,0.90,,1.02,0.78,2.51,,1.87,2.35
22/12/2023 07:49 a. m.,Ordeño,08:31,6.43,2,,,,,0,,0.42,,0.66,0.42,0,,0,0,4.31,,4.28,4.32,VMS 3,,Tanque,,0.72,,0.96,0.78,2.25,,1.91,2.27
22/12/2023 03:49 p. m.,Ordeño,09:33,8.53,3,,,,,0,,0.48,,0.66,0.54,0,,0,0,4.39,,4.36,4.47,VMS 3,,Tanque,,0.78,,0.96,1.02,2.93,,2.54,3.06
22/12/2023 11:22 p. m.,Ordeño,09:29,8.41,4,,,,,0,,0.48,,0.66,0.54,0,,0,0,4.37,,4.36,4.36,VMS 3,,Tanque,,0.96,,1.14,0.84,2.92,,2.47,3.02
23/12/2023 05:56 a. m.,Ordeño,08:35,7.52,1,,,,,0,,0.48,,0.72,0.54,0,,0,0,4.30,,4.15,4.22,VMS 3,,Tanque,,0.78,,1.08,0.78,2.62,,2.21,2.69
23/12/2023 03:44 p. m.,Ordeño,11:02,10.60,2,,,,,0,,0.48,,0.60,0.54,0,,0,0,4.49,,4.48,4.56,VMS 3,,Tanque,,0.78,,1.02,0.90,3.62,,3.18,3.80
23/12/2023 11:55 p. m.,Ordeño,10:39,8.94,1,,,,,0,,0.42,,0.66,0.48,0,,0,0,4.22,,4.29,4.23,VMS 3,,Tanque,,0.90,,1.02,0.90,3.18,,2.58,3.18
24/12/2023 08:45 a. m.,Ordeño,11:44,10.24,2,,,,,0,,0.42,,0.66,0.48,0,,0,0,4.48,,4.60,4.56,VMS 3,,Tanque,,0.78,,1.02,0.90,3.60,,3.07,3.57
24/12/2023 08:10 p. m.,Ordeño,13:10,13.20,3,,,,,0,,0.48,,0.66,0.54,0,,0,0,4.49,,4.52,4.57,VMS 3,,Tanque,,0.78,,1.08,0.84,4.42,,4.07,4.71
25/12/2023 02:54 a. m.,Ordeño,09:39,8.19,1,,,,,0,,0.42,,0.66,0.54,0,,0,0,4.22,,4.37,4.29,VMS 3,,Tanque,,0.72,,1.02,0.84,2.92,,2.31,2.96
25/12/2023 03:34 p. m.,Ordeño,14:07,14.56,2,,,,,0,,0.54,,0.66,0.60,0,,0,0,4.82,,4.69,4.99,VMS 3,,Tanque,,0.90,,1.08,0.84,4.96,,4.33,5.27
26/12/2023 02:42 a. m.,Ordeño,12:41,13.08,1,,,,,0,,0.48,,0.66,0.54,0,,0,0,4.60,,4.72,4.71,VMS 3,,Tanque,,0.78,,1.02,0.84,4.44,,3.92,4.72
26/12/2023 12:52 p. m.,Ordeño,12:52,7.75,2,,DI,DI,,0,,0.36,,0.66,0.48,0,,0,0,3.89,,4.39,4.51,VMS 3,,Tanque,,1.08,,1.02,0.78,0.28,,3.42,4.05
26/12/2023 06:50 p. m.,Ordeño,13:03,9.90,3,,,,,0,,0.54,,0.60,0.48,0,,0,0,4.62,,4.50,4.43,VMS 3,,Tanque,,0.84,,1.02,0.72,5.20,,2.01,2.69
27/12/2023 02:01 a. m.,Ordeño,10:42,8.37,1,,,,,0,,0.42,,0.54,0.48,0,,0,0,4.16,,4.57,4.54,VMS 3,,Tanque,,0.72,,0.84,0.78,3.00,,2.41,2.96
27/12/2023 05:29 p. m.,Ordeño,13:32,15.51,2,,,,,0,,0.54,,0.66,0.54,0,,0,0,4.68,,4.84,5.03,VMS 3,,Tanque,,0.90,,1.02,0.96,5.11,,4.94,5.46
28/12/2023 05:48 a. m.,Ordeño,12:53,13.90,1,,,,,0,,0.54,,0.60,0.54,0,,0,0,4.55,,4.59,4.66,VMS 3,,Tanque,,0.96,,0.96,0.90,4.49,,4.14,5.27
28/12/2023 05:55 p. m.,Ordeño,12:42,12.67,2,,,,,0,,0.48,,0.66,0.54,0,,0,0,4.70,,4.69,4.75,VMS 3,,Tanque,,0.84,,1.20,0.90,4.14,,3.96,4.57
29/12/2023 02:49 a. m.,Ordeño,11:35,10.54,1,,,,,0,,0.48,,0.60,0.54,0,,0,0,4.63,,4.69,4.82,VMS 3,,Tanque,,0.78,,0.90,1.80,3.58,,3.09,3.87
29/12/2023 03:05 p. m.,Ordeño,12:57,13.77,2,,,,,0,,0.54,,0.72,0.54,0,,0,0,4.86,,4.77,4.94,VMS 3,,Tanque,,0.84,,1.02,1.02,4.65,,4.27,4.85
30/12/2023 01:12 a. m.,Ordeño,11:38,11.83,1,,,,,0,,0.48,,0.72,0.54,0,,0,0,4.69,,4.69,4.82,VMS 3,,Tanque,,0.78,,1.14,1.08,3.94,,3.50,4.39
30/12/2023 08:40 a. m.,Ordeño,11:14,9.59,2,,,,,0,,0.42,,0.66,0.54,0,,0,0,4.78,,4.80,4.80,VMS 3,,Tanque,,0.78,,1.02,0.90,3.18,,2.87,3.54
30/12/2023 04:45 p. m.,Ordeño,10:45,9.98,3,,,,,0,,0.48,,0.66,0.54,0,,0,0,4.95,,4.97,5.05,VMS 3,,Tanque,,0.78,,0.96,0.84,3.34,,3.04,3.60
31/12/2023 02:09 a. m.,Ordeño,12:19,11.34,1,,,,,0,,0.48,,0.60,0.48,0,,0,0,4.83,,4.76,4.87,VMS 3,,Tanque,,0.84,,0.96,0.90,3.79,,3.45,4.10
31/12/2023 10:29 a. m.,Ordeño,11:24,10.99,2,,,,,0,,0.48,,0.66,0.54,0,,0,0,4.63,,4.72,4.71,VMS 3,,Tanque,,0.78,,0.90,0.84,3.73,,3.24,4.02
31/12/2023 06:45 p. m.,Ordeño,10:49,9.68,3,,,,,0,,0.42,,0.60,0.48,0,,0,0,4.70,,4.77,4.86,VMS 3,,Tanque,,0.72,,0.90,0.78,3.29,,2.86,3.53
01/01/2024 09:25 a. m.,Ordeño,13:45,17.06,1,,,,,0,,0.54,,0.66,0.60,0,,0,0,5.10,,4.97,5.19,VMS 3,,Tanque,,1.38,,1.14,0.90,5.34,,5.44,6.28
01/01/2024 03:28 p. m.,Ordeño,10:26,8.65,2,,,,,0,,0.48,,0.60,0.54,460,,0,0,4.48,,4.49,4.54,VMS 3,,Tanque,,0.78,,0.90,0.78,3.21,,2.43,3.01
01/01/2024 09:34 p. m.,Ordeño,07:56,6.75,3,,,,,0,,0.48,,0.60,0.48,341,,0,0,4.41,,4.56,4.60,VMS 3,,Tanque,,0.84,,0.90,0.84,2.38,,1.92,2.45
02/01/2024 07:20 a. m.,Ordeño,11:06,12.02,1,,,,,0,,0.54,,0.66,0.54,0,,0,0,4.82,,4.85,4.92,VMS 3,,Tanque,,0.78,,1.02,0.90,3.95,,3.64,4.43
02/01/2024 03:53 p. m.,Ordeño,11:17,11.21,2,,,,,0,,0.48,,0.60,0.54,0,,0,0,4.84,,4.83,4.92,VMS 3,,Tanque,,0.78,,0.90,0.84,3.69,,3.43,4.09
03/01/2024 01:13 a. m.,Ordeño,12:03,12.23,1,,,,,0,,0.48,,0.66,0.54,0,,0,0,4.88,,4.88,4.91,VMS 3,,Tanque,,0.78,,1.02,0.84,4.01,,3.71,4.51
03/01/2024 06:46 a. m.,Ordeño,09:44,7.97,2,,,,,0,,0.42,,0.60,0.54,0,,0,0,4.54,,4.75,4.67,VMS 3,,Tanque,,0.78,,0.96,0.78,2.65,,2.36,2.96
03/01/2024 04:58 p. m.,Ordeño,14:42,11.81,3,,,,,0,,0.48,,0.54,0.54,0,,0,0,4.74,,4.82,4.79,VMS 3,,Tanque,,0.78,,1.14,1.20,3.82,,3.43,4.56
04/01/2024 05:54 a. m.,Ordeño,13:58,15.12,1,,,,,0,,0.42,,0.66,0.54,0,,0,0,4.76,,4.65,4.79,VMS 3,,Tanque,,0.96,,1.08,0.96,4.28,,5.01,5.83
04/01/2024 05:53 p. m.,Ordeño,17:17,10.95,2,,TD,TD,,0,,0.54,,0.60,0.48,0,,0,300,4.73,,4.55,4.36,VMS 3,,Tanque,,0.96,,0.90,0.84,5.47,,5.12,0.36
05/01/2024 10:20 a. m.,Ordeño,15:05,6.36,1,,DI,"DI,TI",TI,0,,0.36,,0.00,0.54,0,,0,0,4.05,,0.00,4.71,VMS 3,,Tanque,,1.02,,0.00,0.90,0.52,,0.00,5.84
05/01/2024 10:46 p. m.,Ordeño,13:59,16.50,2,,,,,0,,0.54,,0.66,0.54,0,,0,0,5.06,,4.71,4.64,VMS 3,,Tanque,,1.14,,0.96,1.02,5.79,,5.05,5.66
06/01/2024 11:25 a. m.,Ordeño,13:06,12.24,1,,,,,0,,0.48,,0.66,0.54,1512,,0,0,4.85,,4.87,4.74,VMS 3,,Divert 3,Sangre por pezón por encima del umbral,0.84,,1.08,0.90,3.78,,2.76,5.70
06/01/2024 08:38 p. m.,Ordeño,10:59,8.94,2,,,,,0,,0.48,,0.72,0.48,1932,,0,0,4.70,,5.00,4.52,VMS 3,,Divert 3,Sangre por pezón por encima del umbral,0.90,,1.14,0.90,2.64,,2.53,3.77
07/01/2024 05:54 a. m.,Ordeño,11:37,10.78,1,,,,,0,,0.48,,0.78,0.54,0,,0,0,5.38,,5.40,4.87,VMS 3,,Divert 3,,0.84,,1.08,0.90,2.86,,3.19,4.73
07/01/2024 03:57 p. m.,Ordeño,11:34,12.00,2,,,,,0,,0.54,,0.72,0.60,0,,0,0,5.44,,5.33,4.94,VMS 3,,Tanque,,0.84,,1.26,0.90,3.59,,3.65,4.76
08/01/2024 12:15 a. m.,Ordeño,10:44,10.75,1,,,,,0,,0.54,,0.78,0.54,0,,0,0,5.50,,5.33,4.94,VMS 3,,Tanque,,0.84,,1.14,0.96,3.51,,3.26,3.98
08/01/2024 02:54 p. m.,Ordeño,14:01,17.37,2,,,,,0,,0.60,,0.78,0.60,0,,0,0,5.68,,5.37,5.25,VMS 3,,Tanque,,0.84,,1.20,0.96,5.74,,5.18,6.45
09/01/2024 02:12 a. m.,Ordeño,13:09,15.80,1,,,,,0,,0.54,,0.72,0.60,0,,0,0,5.15,,4.97,4.84,VMS 3,,Tanque,,0.84,,1.38,1.02,5.30,,4.71,5.79
09/01/2024 11:50 a. m.,Ordeño,12:22,12.98,2,,,,,0,,0.54,,0.78,0.54,0,,0,0,5.03,,4.99,4.84,VMS 3,,Tanque,,0.90,,1.14,0.84,4.42,,3.88,4.68
10/01/2024 12:21 a. m.,Ordeño,15:45,16.81,1,,,,,0,,0.60,,0.72,0.60,0,,0,0,4.94,,4.95,4.89,VMS 3,,Tanque,,1.92,,1.14,0.90,5.71,,4.95,6.15
10/01/2024 10:04 a. m.,Ordeño,11:59,13.40,2,,,,,0,,0.60,,0.72,0.54,910,,0,0,4.57,,4.66,4.55,VMS 3,,Tanque,,0.90,,1.08,0.90,4.54,,4.07,4.79
10/01/2024 08:56 p. m.,Ordeño,11:00,13.59,3,,,,,0,,0.60,,0.84,0.60,0,,0,0,4.70,,4.71,4.69,VMS 3,,Tanque,,0.96,,1.20,0.90,4.51,,4.14,4.94
11/01/2024 05:08 a. m.,Ordeño,10:43,11.91,1,,,,,0,,0.60,,0.78,0.60,414,,0,0,4.70,,4.79,4.83,VMS 3,,Tanque,,0.84,,1.20,1.08,4.03,,3.50,4.38
11/01/2024 02:21 p. m.,Ordeño,09:41,11.56,2,,,,,0,,0.60,,0.84,0.60,0,,0,0,4.63,,4.66,4.69,VMS 3,,Tanque,,0.96,,1.26,0.96,3.80,,3.49,4.27
12/01/2024 12:47 a. m.,Ordeño,12:00,13.80,1,,,,,0,,0.60,,0.72,0.60,0,,0,0,4.84,,4.79,4.97,VMS 3,,Tanque,,0.90,,1.20,0.90,4.46,,4.23,5.11
12/01/2024 08:55 a. m.,Ordeño,11:07,10.66,2,,,,,0,,0.48,,0.72,0.54,0,,0,0,4.61,,4.59,4.71,VMS 3,,Tanque,,0.84,,1.02,0.90,3.43,,3.31,3.92
12/01/2024 07:48 p. m.,Ordeño,12:50,13.65,3,,,,,0,,0.54,,0.72,0.54,0,,0,0,4.63,,4.67,4.73,VMS 3,,Tanque,,0.90,,1.20,0.84,4.68,,4.02,4.95
13/01/2024 12:43 a. m.,Ordeño,08:17,7.86,1,,,,,0,,0.48,,0.66,0.54,0,,0,0,4.21,,4.42,4.34,VMS 3,,Tanque,,0.78,,1.02,0.84,2.66,,2.13,3.07
13/01/2024 01:44 p. m.,Ordeño,13:41,16.92,2,,,,,0,,0.54,,0.78,0.60,0,,0,0,5.08,,5.03,0.00,VMS 1,,Tanque,,0.96,,1.14,1.08,5.22,,5.33,6.37
14/01/2024 12:03 a. m.,Ordeño,12:32,15.03,1,,,,,0,,0.48,,0.72,0.60,0,,0,0,4.60,,4.58,0.00,VMS 1,,Tanque,,0.90,,1.14,1.08,4.72,,4.71,5.60
14/01/2024 12:47 p. m.,Ordeño,13:07,16.04,2,,,,,0,,0.54,,0.78,0.66,0,,0,0,4.53,,4.48,0.00,VMS 1,,Tanque,,0.84,,1.32,1.02,4.93,,5.14,5.97
14/01/2024 07:41 p. m.,Ordeño,10:01,9.80,3,,,,,0,,0.48,,0.72,0.60,0,,0,0,4.19,,4.36,0.00,VMS 1,,Tanque,,0.90,,1.14,1.02,3.12,,2.92,3.76
15/01/2024 02:54 a. m.,Ordeño,09:35,10.19,1,,,,,0,,0.48,,0.72,0.66,0,,0,0,4.52,,4.69,0.00,VMS 1,,Tanque,,0.84,,1.26,0.96,3.29,,3.19,3.71
15/01/2024 02:00 p. m.,Ordeño,13:01,14.84,2,,,,,0,,0.54,,0.72,0.66,0,,0,0,4.79,,4.77,0.00,VMS 1,,Tanque,,0.90,,1.14,1.02,4.60,,4.59,5.65
15/01/2024 08:35 p. m.,Ordeño,10:17,11.56,3,,,,,0,,0.48,,0.78,0.60,0,,0,0,4.61,,4.61,0.00,VMS 1,,Tanque,,0.84,,1.26,1.02,3.58,,3.71,4.27
16/01/2024 11:13 a. m.,Ordeño,14:23,19.04,1,,,,,0,,0.54,,0.78,0.66,0,,0,0,4.89,,4.91,0.00,VMS 1,,Tanque,,0.90,,1.14,1.08,5.59,,6.19,7.26
16/01/2024 06:42 p. m.,Ordeño,11:21,11.97,2,,,,,0,,0.54,,0.78,0.66,0,,0,0,4.35,,4.40,0.00,VMS 1,,Tanque,,0.84,,1.14,1.02,3.98,,3.51,4.48
17/01/2024 02:34 a. m.,Ordeño,10:00,10.59,1,,,,,0,,0.48,,0.72,0.60,0,,0,0,4.49,,4.69,0.00,VMS 1,,Tanque,,0.84,,1.08,0.96,3.26,,3.36,3.97
17/01/2024 08:05 a. m.,Ordeño,08:01,8.15,2,,,,,0,,0.48,,0.78,0.66,0,,0,0,4.67,,4.68,0.00,VMS 1,,Tanque,,0.78,,1.26,1.02,2.57,,2.50,3.08
17/01/2024 07:49 p. m.,Ordeño,14:07,15.54,3,,,,,0,,0.48,,0.78,0.66,0,,0,0,5.04,,5.07,0.00,VMS 1,,Tanque,,0.78,,1.26,1.02,4.30,,5.34,5.90
18/01/2024 07:05 a. m.,Ordeño,12:21,14.95,1,,,,,0,,0.48,,0.72,0.66,0,,0,0,4.28,,4.43,0.00,VMS 1,,Tanque,,1.02,,1.20,1.02,4.43,,4.75,5.77
18/01/2024 06:42 p. m.,Ordeño,12:28,15.44,2,,,,,0,,0.54,,0.78,0.72,0,,0,0,4.26,,4.43,0.00,VMS 1,,Tanque,,0.84,,1.20,1.08,4.82,,4.84,5.78
19/01/2024 03:57 a. m.,Ordeño,11:06,12.45,1,,,,,0,,0.48,,0.78,0.66,0,,0,0,4.20,,4.36,0.00,VMS 1,,Tanque,,0.84,,1.20,1.08,3.80,,3.97,4.68
19/01/2024 12:54 p. m.,Ordeño,10:26,13.47,2,,,,,0,,0.54,,0.90,0.72,0,,0,0,4.42,,4.52,0.00,VMS 1,,Tanque,,0.96,,1.44,1.14,4.22,,4.32,4.93
19/01/2024 06:45 p. m.,Ordeño,07:36,8.45,3,,,,,0,,0.54,,0.78,0.66,0,,0,0,4.34,,4.45,0.00,VMS 1,,Tanque,,0.96,,1.08,1.02,2.63,,2.65,3.17
19/01/2024 11:38 p. m.,Ordeño,07:50,6.75,4,,,,,0,,0.42,,0.66,0.60,0,,0,0,4.28,,4.41,0.00,VMS 1,,Tanque,,0.66,,1.02,0.90,2.00,,2.16,2.59
20/01/2024 12:21 p. m.,Ordeño,14:49,17.14,1,,,,,0,,0.48,,0.78,0.72,0,,0,0,4.86,,4.91,0.00,VMS 1,,Tanque,,0.90,,1.26,1.14,5.12,,5.55,6.47
20/01/2024 08:23 p. m.,Ordeño,11:37,12.16,2,,,,,0,,0.54,,0.78,0.60,0,,0,0,4.53,,4.57,0.00,VMS 1,,Tanque,,0.96,,1.20,0.96,3.82,,3.80,4.54
21/01/2024 04:28 a. m.,Ordeño,10:25,12.17,1,,,,,0,,0.54,,0.84,0.72,0,,0,0,4.54,,4.69,0.00,VMS 1,,Tanque,,0.84,,1.26,1.14,3.80,,3.81,4.56
21/01/2024 03:56 p. m.,Ordeño,12:27,13.74,2,,,,,0,,0.54,,0.72,0.72,0,,0,0,4.59,,4.42,0.00,VMS 1,,Tanque,,0.84,,1.20,1.08,4.29,,4.15,5.30
21/01/2024 09:02 p. m.,Ordeño,08:50,5.79,3,,,,,0,,0.42,,0.60,0.54,0,,0,0,4.15,,4.20,0.00,VMS 1,,Tanque,,0.84,,0.90,1.02,1.88,,1.77,2.14
22/01/2024 02:43 a. m.,Ordeño,06:59,5.88,1,,,,,0,,0.48,,0.78,0.60,0,,0,0,4.28,,4.36,0.00,VMS 1,,Tanque,,0.84,,1.14,0.96,1.80,,1.87,2.21
22/01/2024 01:00 p. m.,Ordeño,11:17,13.21,2,,,,,0,,0.54,,0.78,0.72,0,,0,0,4.55,,4.60,0.00,VMS 1,,Tanque,,0.84,,1.26,1.08,4.08,,4.11,5.02
22/01/2024 07:34 p. m.,Ordeño,09:26,9.46,3,,,,,0,,0.48,,0.78,0.66,0,,0,0,4.56,,4.62,0.00,VMS 1,,Tanque,,0.78,,1.14,1.14,2.97,,2.90,3.59
23/01/2024 04:15 a. m.,Ordeño,10:40,12.45,1,,,,,0,,0.54,,0.72,0.66,0,,0,0,4.74,,4.76,0.00,VMS 1,,Tanque,,0.96,,1.02,1.02,3.94,,3.99,4.52
23/01/2024 12:54 p. m.,Ordeño,10:41,12.90,2,,,,,0,,0.54,,0.84,0.72,0,,0,0,4.64,,4.71,0.00,VMS 1,,Tanque,,0.96,,1.20,1.14,4.07,,4.04,4.79
23/01/2024 08:12 p. m.,Ordeño,11:11,10.87,3,,,,,0,,0.48,,0.72,0.72,0,,0,0,4.47,,4.46,0.00,VMS 1,,Tanque,,0.84,,1.20,1.32,3.32,,3.43,4.12
24/01/2024 09:17 a. m.,Ordeño,14:15,18.58,1,,,,,0,,0.54,,0.84,0.72,0,,0,0,4.79,,4.76,0.00,VMS 1,,Tanque,,0.84,,1.32,1.20,5.71,,5.85,7.02
24/01/2024 04:50 p. m.,Ordeño,11:50,12.05,2,,,,,0,,0.48,,0.84,0.72,0,,0,0,4.35,,4.55,0.00,VMS 1,,Tanque,,0.84,,1.26,1.08,3.76,,3.65,4.64
25/01/2024 12:10 a. m.,Ordeño,09:21,10.36,1,,,,,0,,0.54,,0.84,0.66,0,,0,0,4.35,,4.63,0.00,VMS 1,,Tanque,,0.84,,1.26,1.08,3.29,,3.23,3.84
25/01/2024 11:08 a. m.,Ordeño,12:58,15.88,2,,,,,0,,0.48,,0.78,0.66,0,,0,0,4.88,,5.02,0.00,VMS 1,,Tanque,,0.84,,1.26,1.08,4.68,,5.20,6.00
25/01/2024 07:26 p. m.,Ordeño,11:36,12.79,3,,,,,0,,0.48,,0.78,0.72,0,,0,0,4.57,,4.83,0.00,VMS 1,,Tanque,,0.96,,1.32,1.08,3.92,,3.97,4.90
26/01/2024 05:21 a. m.,Ordeño,12:33,14.06,1,,,,,0,,0.48,,0.78,0.72,0,,0,0,4.40,,4.61,0.00,VMS 1,,Tanque,,0.84,,1.32,1.08,4.35,,4.46,5.25
26/01/2024 06:37 p. m.,Ordeño,13:37,16.26,2,,,,,0,,0.54,,0.72,0.66,0,,0,0,4.74,,4.40,0.00,VMS 1,,Tanque,,1.08,,1.38,0.96,5.06,,5.30,5.90
27/01/2024 05:57 a. m.,Ordeño,14:20,15.96,1,,,,,0,,0.48,,0.78,0.66,0,,0,0,4.41,,4.43,0.00,VMS 1,,Tanque,,0.90,,1.26,1.08,4.93,,4.98,6.05
27/01/2024 11:19 p. m.,Ordeño,14:10,17.79,2,,,,,0,,0.54,,0.72,0.72,0,,0,0,5.00,,4.78,0.00,VMS 1,,Tanque,,0.90,,1.26,1.08,5.57,,5.46,6.76
28/01/2024 05:29 a. m.,Ordeño,10:30,9.20,1,,,,,0,,0.48,,0.84,0.60,0,,0,0,4.18,,4.37,0.00,VMS 1,,Tanque,,0.72,,1.44,0.96,3.43,,2.59,3.18
28/01/2024 04:47 p. m.,Ordeño,11:44,14.58,2,,,,,0,,0.54,,0.84,0.66,0,,0,0,4.66,,5.04,0.00,VMS 1,,Tanque,,0.90,,1.26,1.02,4.41,,4.90,5.27
29/01/2024 04:16 a. m.,Ordeño,11:49,17.01,1,,,,,0,,0.60,,0.78,0.72,0,,0,0,4.80,,4.94,0.00,VMS 1,,Tanque,,0.90,,1.32,1.08,5.02,,5.56,6.43
29/01/2024 06:27 p. m.,Ordeño,15:49,19.79,2,,,,,0,,0.54,,0.90,0.72,0,,0,0,5.15,,5.23,0.00,VMS 1,,Tanque,,0.90,,1.26,1.14,5.92,,6.65,7.22
30/01/2024 12:50 a. m.,Ordeño,10:39,11.57,1,,,,,0,,0.48,,0.84,0.66,0,,0,0,4.49,,4.67,0.00,VMS 1,,Tanque,,0.84,,1.14,1.02,3.62,,3.51,4.44
30/01/2024 08:02 a. m.,Ordeño,09:16,9.99,2,,,,,0,,0.48,,0.96,0.66,0,,0,0,4.56,,4.79,0.00,VMS 1,,Tanque,,0.84,,1.50,1.26,2.99,,3.29,3.71
30/01/2024 04:54 p. m.,Ordeño,11:59,13.42,3,,,,,0,,0.48,,0.90,0.72,0,,0,0,5.15,,5.33,0.00,VMS 1,,Tanque,,0.84,,1.26,1.08,3.95,,4.49,4.98
31/01/2024 01:52 a. m.,Ordeño,11:08,13.26,1,,,,,0,,0.48,,0.96,0.72,0,,0,0,4.99,,5.08,0.00,VMS 1,,Tanque,,0.78,,1.38,1.20,3.93,,4.25,5.08
31/01/2024 01:53 p. m.,Ordeño,13:10,18.88,2,,,,,0,,0.60,,0.96,0.78,0,,0,0,5.25,,5.22,0.00,VMS 1,,Tanque,,0.90,,1.38,1.20,5.75,,6.06,7.07
31/01/2024 11:48 p. m.,Ordeño,11:45,14.45,3,,,,,0,,0.54,,0.90,0.72,0,,0,0,4.78,,4.96,0.00,VMS 1,,Tanque,,0.84,,1.26,1.20,4.44,,4.72,5.29
01/02/2024 08:59 a. m.,Ordeño,10:36,12.89,1,,,,,0,,0.54,,0.96,0.78,0,,0,0,4.60,,4.93,0.00,VMS 1,,Tanque,,0.90,,1.32,1.14,3.90,,4.16,4.83
01/02/2024 03:31 p. m.,Ordeño,08:30,10.87,2,,,,,0,,0.60,,1.02,0.72,0,,0,0,4.52,,4.85,0.00,VMS 1,,Tanque,,1.02,,1.44,1.20,3.54,,3.38,3.95
01/02/2024 10:16 p. m.,Ordeño,09:00,11.02,3,,,,,0,,0.54,,0.96,0.72,0,,0,0,5.13,,5.32,0.00,VMS 1,,Tanque,,0.90,,1.44,1.08,3.39,,3.60,4.03
02/02/2024 11:47 a. m.,Ordeño,13:52,19.72,1,,,,,0,,0.60,,1.02,0.78,0,,0,0,5.35,,5.40,0.00,VMS 1,,Tanque,,1.08,,1.44,1.20,6.01,,6.25,7.46
02/02/2024 07:36 p. m.,Ordeño,10:27,12.91,2,,,,,0,,0.54,,0.96,0.72,0,,0,0,4.69,,4.93,0.00,VMS 1,,Tanque,,0.90,,1.44,1.08,4.09,,3.92,4.90
03/02/2024 02:21 a. m.,Ordeño,09:43,10.50,1,,,,,0,,0.48,,0.90,0.66,0,,0,0,4.56,,4.88,0.00,VMS 1,,Tanque,,0.90,,1.38,1.08,3.22,,3.46,3.82
03/02/2024 01:50 p. m.,Ordeño,13:12,17.01,2,,,,,0,,0.54,,0.90,0.72,0,,0,0,5.20,,5.26,0.00,VMS 1,,Tanque,,0.96,,1.26,1.14,5.17,,5.57,6.27
04/02/2024 12:47 a. m.,Ordeño,12:41,17.07,1,,,,,0,,0.54,,0.84,0.72,0,,0,0,4.93,,5.07,0.00,VMS 1,,Tanque,,1.14,,1.20,1.14,5.20,,5.54,6.33
04/02/2024 09:05 a. m.,Ordeño,10:13,12.98,2,,,,,0,,0.54,,0.96,0.72,0,,0,0,4.71,,4.80,0.00,VMS 1,,Tanque,,0.90,,1.56,1.14,4.04,,4.16,4.78
04/02/2024 05:45 p. m.,Ordeño,10:01,12.95,3,,,,,0,,0.60,,0.96,0.66,0,,0,0,4.78,,4.96,0.00,VMS 1,,Tanque,,1.02,,1.44,1.08,4.12,,4.18,4.65
05/02/2024 03:33 a. m.,Ordeño,10:36,13.23,1,,,,,0,,0.54,,0.84,0.72,0,,0,0,4.79,,4.90,0.00,VMS 1,,Tanque,,0.96,,1.38,1.20,3.93,,4.27,5.03
05/02/2024 02:29 p. m.,Ordeño,11:39,15.58,2,,,,,0,,0.60,,0.90,0.72,0,,0,0,4.71,,4.93,0.00,VMS 1,,Tanque,,0.96,,1.38,1.20,4.88,,5.03,5.67
05/02/2024 07:48 p. m.,Ordeño,08:44,10.31,3,,,,,0,,0.54,,0.96,0.72,0,,0,0,4.39,,4.65,0.00,VMS 1,,Tanque,,0.90,,1.32,1.08,3.20,,3.35,3.76
06/02/2024 03:13 a. m.,Ordeño,09:29,11.64,1,,,,,0,,0.54,,1.02,0.72,0,,0,0,4.74,,4.86,0.00,VMS 1,,Tanque,,0.90,,1.44,1.14,3.40,,4.02,4.22
06/02/2024 09:39 a. m.,Ordeño,09:16,11.00,2,,,,,0,,0.54,,0.96,0.72,0,,0,0,4.61,,4.86,0.00,VMS 1,,Tanque,,0.90,,1.32,1.26,3.44,,3.43,4.13
06/02/2024 09:05 p. m.,Ordeño,12:03,16.20,3,,,,,0,,0.54,,0.90,0.78,0,,0,0,4.86,,5.11,0.00,VMS 1,,Tanque,,0.90,,1.38,1.08,4.84,,5.34,6.02
07/02/2024 04:40 a. m.,Ordeño,10:17,11.90,1,,,,,0,,0.54,,0.90,0.72,0,,0,0,4.16,,4.15,0.00,VMS 1,,Tanque,,0.90,,1.32,1.14,3.73,,3.69,4.48
07/02/2024 12:44 p. m.,Ordeño,09:39,12.66,2,,,,,0,,0.54,,1.02,0.78,0,,0,0,4.69,,4.80,0.00,VMS 1,,Tanque,,0.84,,1.38,1.44,3.79,,4.06,4.81
07/02/2024 09:43 p. m.,Ordeño,10:14,14.40,3,,,,,0,,0.60,,0.96,0.78,0,,0,0,4.83,,5.17,0.00,VMS 1,,Tanque,,1.02,,1.44,1.26,4.44,,4.61,5.35
08/02/2024 09:51 a. m.,Ordeño,13:08,18.40,1,,,,,0,,0.54,,0.96,0.72,0,,0,0,4.69,,4.95,0.00,VMS 1,,Tanque,,0.96,,1.32,1.14,5.58,,6.07,6.75
08/02/2024 08:55 p. m.,Ordeño,11:47,16.78,2,,,,,0,,0.54,,1.02,0.72,0,,0,0,4.69,,5.07,0.00,VMS 1,,Tanque,,0.96,,1.38,1.08,5.05,,5.52,6.21
09/02/2024 11:15 a. m.,Ordeño,13:27,19.66,1,,,,,0,,0.60,,0.96,0.84,0,,0,0,4.64,,4.80,0.00,VMS 1,,Tanque,,1.20,,1.56,1.38,5.85,,6.40,7.41
09/02/2024 07:53 p. m.,Ordeño,10:55,13.45,2,,,,,0,,0.54,,1.02,0.78,0,,0,0,4.24,,4.52,0.00,VMS 1,,Tanque,,0.90,,1.38,1.26,4.15,,4.28,5.02
10/02/2024 02:59 a. m.,Ordeño,08:53,10.50,1,,,,,0,,0.54,,0.96,0.72,0,,0,0,4.14,,4.53,0.00,VMS 1,,Tanque,,0.90,,1.38,1.08,3.38,,3.31,3.81
10/02/2024 01:12 p. m.,Ordeño,11:05,15.86,2,,,,,0,,0.60,,1.02,0.78,0,,0,0,4.75,,4.95,0.00,VMS 1,,Tanque,,0.96,,1.50,1.20,4.74,,5.27,5.85
10/02/2024 09:19 p. m.,Ordeño,09:16,12.39,3,,,,,0,,0.60,,1.02,0.78,0,,0,0,4.48,,4.68,0.00,VMS 1,,Tanque,,0.96,,1.56,1.14,3.88,,3.98,4.53
11/02/2024 03:47 a. m.,Ordeño,08:06,9.89,1,,,,,0,,0.54,,0.96,0.84,0,,0,0,4.61,,4.81,0.00,VMS 1,,Tanque,,0.96,,1.38,1.26,3.01,,3.14,3.74
11/02/2024 12:47 p. m.,Ordeño,09:46,13.33,2,,,,,0,,0.60,,1.02,0.72,0,,0,0,4.62,,4.80,0.00,VMS 1,,Tanque,,0.90,,1.62,1.14,4.04,,4.35,4.94
11/02/2024 08:28 p. m.,Ordeño,08:21,11.46,3,,,,,0,,0.60,,1.14,0.78,0,,0,0,4.83,,4.80,0.00,VMS 1,,Tanque,,0.96,,1.56,1.20,3.49,,3.76,4.21
12/02/2024 03:48 a. m.,Ordeño,07:46,10.01,1,,,,,0,,0.60,,1.02,0.84,0,,0,0,4.51,,4.69,0.00,VMS 1,,Tanque,,1.02,,1.38,1.20,3.08,,3.20,3.73
12/02/2024 02:53 p. m.,Ordeño,10:07,14.73,2,,,,,0,,0.60,,0.90,0.78,0,,0,0,4.64,,4.74,0.00,VMS 1,,Tanque,,1.02,,1.32,1.14,4.44,,4.80,5.49
13/02/2024 01:28 a. m.,Ordeño,10:08,13.98,1,,,,,0,,0.60,,0.90,0.72,0,,0,0,4.61,,4.73,0.00,VMS 1,,Tanque,,1.08,,1.26,1.20,4.38,,4.34,5.26
13/02/2024 11:25 a. m.,Ordeño,10:24,14.91,2,,,,,0,,0.60,,0.90,0.72,0,,0,0,4.58,,4.59,0.00,VMS 1,,Tanque,,0.96,,1.26,1.14,4.48,,5.02,5.41
13/02/2024 05:26 p. m.,Ordeño,07:39,9.75,3,,,,,0,,0.60,,0.96,0.78,0,,0,0,4.64,,4.83,0.00,VMS 1,,Tanque,,0.90,,1.32,1.20,3.11,,2.97,3.67
14/02/2024 01:08 a. m.,Ordeño,09:38,11.21,1,,,,,0,,0.54,,0.84,0.72,0,,0,0,4.71,,4.86,0.00,VMS 1,,Tanque,,0.84,,1.20,1.50,3.42,,3.60,4.19
14/02/2024 10:35 a. m.,Ordeño,11:12,14.26,2,,,,,0,,0.54,,0.90,0.72,0,,0,0,4.82,,5.07,0.00,VMS 1,,Tanque,,0.84,,1.26,1.14,4.30,,4.58,5.38
14/02/2024 07:00 p. m.,Ordeño,10:10,12.95,3,,,,,0,,0.54,,0.90,0.72,0,,0,0,4.73,,4.67,0.00,VMS 1,,Tanque,,0.90,,1.62,1.02,4.12,,4.04,4.79
15/02/2024 05:05 a. m.,Ordeño,10:35,15.17,1,,,,,0,,0.60,,1.02,0.78,0,,0,0,4.68,,4.93,0.00,VMS 1,,Tanque,,0.96,,1.38,1.26,4.67,,4.91,5.59
15/02/2024 01:24 p. m.,Ordeño,10:49,12.34,2,,,,,0,,0.54,,0.90,0.72,0,,0,0,4.55,,4.84,0.00,VMS 1,,Tanque,,0.84,,1.44,1.08,3.70,,4.09,4.55
15/02/2024 09:49 p. m.,Ordeño,09:26,10.74,3,,,,,0,,0.48,,0.78,0.66,0,,0,0,4.39,,4.72,0.00,VMS 1,,Tanque,,0.84,,1.20,1.08,3.33,,3.48,3.93
16/02/2024 03:43 a. m.,Ordeño,07:14,7.62,1,,,,,0,,0.54,,0.90,0.72,0,,0,0,4.26,,4.58,0.00,VMS 1,,Tanque,,0.84,,1.26,1.26,2.42,,2.31,2.89
16/02/2024 05:00 p. m.,Ordeño,13:05,19.48,2,,,,,0,,0.60,,0.90,0.84,0,,0,0,4.97,,5.12,0.00,VMS 1,,Tanque,,1.14,,1.38,1.26,5.83,,6.39,7.26
16/02/2024 11:56 p. m.,Ordeño,08:39,10.52,1,,,,,0,,0.54,,0.84,0.78,0,,0,0,4.24,,4.57,0.00,VMS 1,,Tanque,,0.96,,1.26,1.32,3.32,,3.26,3.94
17/02/2024 12:49 p. m.,Ordeño,10:48,17.75,2,,"DI,TD",,,0,,0.60,,0.84,0.78,0,,0,0,4.92,,5.03,0.00,VMS 1,,Tanque,,1.08,,1.20,1.38,4.89,,6.08,6.78
17/02/2024 08:06 p. m.,Ordeño,08:57,13.05,3,,,,,0,,0.72,,1.02,0.78,0,,0,0,4.78,,4.94,0.00,VMS 1,,Tanque,,1.08,,1.44,1.26,4.50,,3.80,4.75
18/02/2024 05:36 a. m.,Ordeño,09:28,14.03,1,,,,,0,,0.66,,0.96,0.78,0,,0,0,4.80,,5.08,0.00,VMS 1,,Tanque,,1.02,,1.32,1.26,4.25,,4.54,5.24
18/02/2024 03:47 p. m.,Ordeño,09:59,14.30,2,,,,,0,,0.60,,0.90,0.78,0,,0,0,4.56,,4.87,0.00,VMS 1,,Tanque,,1.02,,1.44,1.26,4.30,,4.68,5.32
18/02/2024 09:47 p. m.,Ordeño,07:32,9.42,3,,,,,0,,0.60,,0.90,0.84,0,,0,0,4.42,,4.85,0.00,VMS 1,,Tanque,,0.84,,1.38,1.20,2.97,,2.90,3.55
19/02/2024 10:55 a. m.,Ordeño,12:23,18.54,1,,,,,0,,0.66,,0.90,0.78,0,,0,0,4.80,,4.96,0.00,VMS 1,,Tanque,,1.08,,1.38,1.32,5.73,,6.12,6.69
19/02/2024 05:54 p. m.,Ordeño,08:33,10.82,2,,,,,0,,0.60,,0.96,0.72,0,,0,0,4.46,,4.67,0.00,VMS 1,,Tanque,,0.90,,1.44,1.02,3.48,,3.39,3.95
20/02/2024 04:32 a. m.,Ordeño,10:28,15.17,1,,,,,0,,0.66,,0.90,0.72,0,,0,0,5.00,,5.14,0.00,VMS 1,,Tanque,,0.96,,1.26,1.08,4.71,,4.91,5.55
20/02/2024 03:37 p. m.,Ordeño,11:33,16.55,2,,,,,0,,0.66,,0.90,0.72,0,,0,0,5.01,,5.07,0.00,VMS 1,,Tanque,,1.02,,1.26,1.14,5.29,,5.38,5.88
21/02/2024 01:54 a. m.,Ordeño,10:32,14.72,1,,,,,0,,0.60,,0.90,0.72,0,,0,0,4.63,,4.79,0.00,VMS 1,,Tanque,,1.08,,1.38,1.14,4.61,,4.79,5.32
21/02/2024 09:50 a. m.,Ordeño,12:17,11.47,2,,,,,0,,0.60,,0.84,0.72,0,,0,0,4.76,,4.94,0.00,VMS 1,,Tanque,,0.96,,1.20,1.14,3.52,,3.44,4.51
21/02/2024 07:01 p. m.,Ordeño,08:58,12.46,3,,,,,0,,0.66,,0.84,0.72,0,,0,0,4.53,,4.72,0.00,VMS 1,,Tanque,,1.02,,1.20,1.08,4.07,,4.16,4.23
22/02/2024 05:19 a. m.,Ordeño,09:45,16.10,1,,,,,0,,0.66,,0.96,0.78,0,,0,0,4.97,,5.15,0.00,VMS 1,,Tanque,,1.02,,1.38,1.20,4.96,,5.26,5.88
22/02/2024 04:33 p. m.,Ordeño,11:13,16.03,2,,TD,,,0,,0.60,,0.90,0.78,0,,0,0,5.29,,5.56,0.00,VMS 1,,Tanque,,1.20,,1.26,1.20,5.31,,5.49,5.23
23/02/2024 04:05 a. m.,Ordeño,12:04,18.29,1,,,,,0,,0.60,,0.96,0.78,0,,0,0,5.01,,5.29,0.00,VMS 1,,Tanque,,0.96,,1.38,1.26,5.48,,5.62,7.19
23/02/2024 11:50 a. m.,Ordeño,08:41,13.10,2,,,,,0,,0.72,,1.02,0.78,0,,0,0,4.89,,5.06,0.00,VMS 1,,Tanque,,1.14,,1.38,1.14,4.27,,4.24,4.59
23/02/2024 11:06 p. m.,Ordeño,11:13,15.24,3,,,,,0,,0.60,,0.90,0.72,0,,0,0,4.78,,5.08,0.00,VMS 1,,Tanque,,0.96,,1.32,1.20,4.80,,4.95,5.49
24/02/2024 11:20 a. m.,Ordeño,11:54,17.93,1,,,,,0,,0.66,,0.90,0.78,0,,0,0,4.93,,5.08,0.00,VMS 1,,Tanque,,1.14,,1.32,1.14,5.67,,5.90,6.36
24/02/2024 05:46 p. m.,Ordeño,08:53,9.75,2,,,,,0,,0.54,,0.90,0.84,0,,0,0,4.44,,4.77,0.00,VMS 1,,Tanque,,0.84,,1.38,1.32,3.15,,3.07,3.53
25/02/2024 05:45 a. m.,Ordeño,11:57,16.12,1,,,,,0,,0.60,,0.84,0.72,0,,0,0,5.04,,5.24,0.00,VMS 1,,Tanque,,1.02,,1.26,1.08,5.07,,5.31,5.74
25/02/2024 04:53 p. m.,Ordeño,10:26,17.13,2,,,,,0,,0.66,,0.96,0.84,0,,0,0,4.90,,5.07,0.00,VMS 1,,Tanque,,1.08,,1.38,1.26,5.27,,5.57,6.29
26/02/2024 03:42 a. m.,Ordeño,10:05,13.96,1,,,,,0,,0.60,,0.90,0.78,0,,0,0,4.44,,4.68,0.00,VMS 1,,Tanque,,1.02,,1.38,1.20,4.30,,4.40,5.26
26/02/2024 03:11 p. m.,Ordeño,10:44,17.58,2,,,,,0,,0.66,,0.96,0.84,0,,0,0,4.98,,5.30,0.00,VMS 1,,Tanque,,1.02,,1.32,1.26,5.51,,5.54,6.53
26/02/2024 09:04 p. m.,Ordeño,07:05,8.93,3,,,,,0,,0.66,,0.90,0.72,0,,0,0,4.78,,5.07,0.00,VMS 1,,Tanque,,1.02,,1.26,1.14,2.81,,2.86,3.26
27/02/2024 08:45 a. m.,Ordeño,11:43,16.93,1,,,,,0,,0.66,,0.90,0.84,0,,0,0,5.16,,5.32,0.00,VMS 1,,Tanque,,1.08,,1.32,1.32,5.26,,5.41,6.26
27/02/2024 06:00 p. m.,Ordeño,09:56,14.52,2,,,,,0,,0.72,,1.02,0.78,0,,0,0,5.09,,5.19,0.00,VMS 1,,Tanque,,1.08,,1.56,1.20,4.53,,4.69,5.30
28/02/2024 01:04 a. m.,Ordeño,08:17,10.89,1,,,,,0,,0.66,,1.02,0.90,0,,0,0,4.87,,5.12,0.00,VMS 1,,Tanque,,1.02,,1.44,1.32,3.47,,3.37,4.05
28/02/2024 10:54 a. m.,Ordeño,10:15,15.43,2,,,,,0,,0.72,,1.08,0.84,0,,0,0,5.00,,5.02,0.00,VMS 1,,Tanque,,1.08,,1.50,1.26,4.89,,4.97,5.57
28/02/2024 08:09 p. m.,Ordeño,09:00,13.41,3,,,,,0,,0.66,,1.08,0.78,0,,0,0,4.80,,4.97,0.00,VMS 1,,Tanque,,1.02,,1.44,1.32,4.21,,4.28,4.92
29/02/2024 08:51 a. m.,Ordeño,09:40,16.19,1,,,,,0,,0.72,,1.02,0.78,0,,0,0,4.87,,5.04,0.00,VMS 1,,Tanque,,1.08,,1.56,1.26,5.13,,5.21,5.85
29/02/2024 05:21 p. m.,Ordeño,08:20,12.31,2,,,,,0,,0.72,,1.02,0.78,0,,0,0,4.78,,5.05,0.00,VMS 1,,Tanque,,1.08,,1.44,1.08,3.76,,4.01,4.54
01/03/2024 12:14 a. m.,Ordeño,07:24,9.07,1,,,,,0,,0.66,,0.90,0.66,0,,0,0,5.07,,5.17,0.00,VMS 1,,Tanque,,0.90,,1.26,1.08,2.84,,2.95,3.28
01/03/2024 05:35 p. m.,Ordeño,12:26,17.21,2,,,,,0,,0.78,,0.90,0.66,0,,0,0,5.23,,5.24,0.00,VMS 1,,Tanque,,1.26,,1.26,1.08,5.46,,5.66,6.09
01/03/2024 11:52 p. m.,Ordeño,06:20,7.09,3,,,,,0,,0.66,,0.84,0.72,0,,0,0,3.80,,4.10,0.00,VMS 1,,Tanque,,1.02,,1.32,1.14,2.24,,2.26,2.59
02/03/2024 07:54 a. m.,Ordeño,08:30,9.03,1,,,,,0,,0.60,,0.78,0.60,0,,0,0,4.25,,4.20,0.00,VMS 1,,Tanque,,1.08,,1.20,0.96,2.83,,2.85,3.35
02/03/2024 09:30 p. m.,Ordeño,13:10,18.77,2,,,,,0,,0.60,,0.84,0.66,0,,0,0,5.00,,5.13,0.00,VMS 1,,Tanque,,1.08,,1.38,1.08,5.80,,6.15,6.82
03/03/2024 11:00 a. m.,Ordeño,13:20,19.04,1,,,,,0,,0.72,,0.90,0.78,0,,0,0,4.85,,5.08,0.00,VMS 1,,Tanque,,1.08,,1.26,1.14,6.06,,6.06,6.92
03/03/2024 10:55 p. m.,Ordeño,10:49,16.81,2,,,,,0,,0.72,,0.90,0.78,0,,0,0,4.78,,4.89,0.00,VMS 1,,Tanque,,1.26,,1.44,1.20,5.35,,5.48,5.98
04/03/2024 09:59 a. m.,Ordeño,10:33,16.03,1,,,,,0,,0.66,,0.96,0.72,0,,0,0,4.81,,5.03,0.00,VMS 1,,Tanque,,1.02,,1.44,1.14,4.98,,5.20,5.85
04/03/2024 09:07 p. m.,Ordeño,12:13,15.97,2,,,,,0,,0.66,,0.96,0.60,0,,0,0,4.89,,5.04,0.00,VMS 1,,Tanque,,1.02,,1.38,0.96,5.09,,5.20,5.68
05/03/2024 09:51 a. m.,Ordeño,13:10,18.39,1,,,,,0,,0.66,,0.90,0.72,0,,0,0,4.99,,5.16,0.00,VMS 1,,Tanque,,1.02,,1.32,1.14,5.71,,5.86,6.82
05/03/2024 07:26 p. m.,Ordeño,11:28,13.86,2,,,,,0,,0.66,,0.96,0.60,0,,0,0,4.89,,5.01,0.00,VMS 1,,Tanque,,1.02,,1.44,0.96,4.48,,4.64,4.74
06/03/2024 05:55 a. m.,Ordeño,11:22,13.80,1,,,,,0,,0.60,,0.84,0.60,0,,0,0,4.88,,5.15,0.00,VMS 1,,Tanque,,0.90,,1.20,0.96,4.30,,4.35,5.15
06/03/2024 04:18 p. m.,Ordeño,11:46,15.35,2,,,,,0,,0.60,,0.84,0.84,0,,0,0,5.17,,5.03,0.00,VMS 1,,Tanque,,1.02,,1.44,1.14,4.79,,4.83,5.73
06/03/2024 11:45 p. m.,Ordeño,09:48,11.88,3,,,,,0,,0.60,,0.96,0.78,0,,0,0,4.83,,4.99,0.00,VMS 1,,Tanque,,0.96,,1.38,1.20,3.83,,3.86,4.19
07/03/2024 12:03 p. m.,Ordeño,11:27,16.38,1,,,,,0,,0.60,,0.96,0.78,0,,0,0,5.11,,5.30,0.00,VMS 1,,Tanque,,0.96,,1.38,1.14,5.01,,5.46,5.91
07/03/2024 11:24 p. m.,Ordeño,11:40,16.69,2,,,,,0,,0.66,,0.90,0.72,0,,0,0,4.95,,5.17,0.00,VMS 1,,Tanque,,1.08,,1.32,1.08,5.31,,5.21,6.17
08/03/2024 11:45 a. m.,Ordeño,12:08,18.72,1,,,,,0,,0.66,,0.96,0.72,0,,0,0,4.99,,5.35,0.00,VMS 1,,Tanque,,1.02,,1.32,1.14,5.87,,6.07,6.78
09/03/2024 01:03 a. m.,Ordeño,12:32,18.78,1,,,,,0,,0.60,,0.96,0.72,0,,0,0,4.88,,5.11,0.00,VMS 1,,Tanque,,1.02,,1.32,1.08,5.92,,6.05,6.81
09/03/2024 10:48 a. m.,Ordeño,10:32,15.48,2,,,,,0,,0.60,,1.02,0.72,0,,0,0,4.62,,4.90,0.00,VMS 1,,Tanque,,0.90,,1.44,1.20,4.80,,5.00,5.68
09/03/2024 11:26 p. m.,Ordeño,13:07,11.22,3,,,TI,TI,0,,0.66,,0.00,0.66,0,,0,0,4.87,,0.00,0.00,VMS 1,,Tanque,,1.08,,0.00,1.08,5.18,,0.00,6.04
10/03/2024 07:25 a. m.,Ordeño,10:19,16.04,1,,,,,0,,0.60,,0.90,0.72,0,,0,0,4.61,,5.10,0.00,VMS 1,,Tanque,,1.08,,1.32,1.14,4.27,,6.80,4.97
10/03/2024 01:20 p. m.,Ordeño,07:19,8.70,2,,,,,0,,0.60,,1.02,0.84,0,,0,0,4.56,,4.56,0.00,VMS 1,,Tanque,,1.02,,1.44,1.20,2.83,,2.74,3.13
10/03/2024 09:22 p. m.,Ordeño,08:20,10.29,3,,,,,0,,0.60,,1.02,0.78,0,,0,0,4.82,,5.12,0.00,VMS 1,,Tanque,,0.96,,1.50,1.26,3.36,,3.04,3.89
11/03/2024 05:13 a. m.,Ordeño,08:00,10.53,1,,,,,0,,0.66,,1.02,0.78,0,,0,0,4.69,,5.11,0.00,VMS 1,,Tanque,,1.02,,1.38,1.20,3.40,,3.20,3.93
11/03/2024 02:06 p. m.,Ordeño,07:26,11.40,2,,,,,0,,0.72,,0.96,0.84,0,,0,0,4.82,,5.23,0.00,VMS 1,,Tanque,,1.08,,1.44,1.20,3.61,,3.56,4.23
12/03/2024 01:32 a. m.,Ordeño,09:57,15.18,1,,,,,0,,0.66,,1.02,0.78,0,,0,0,5.10,,5.38,0.00,VMS 1,,Tanque,,1.08,,1.38,1.20,4.70,,4.97,5.51
12/03/2024 11:56 a. m.,Ordeño,09:30,13.85,2,,,,,0,,0.66,,1.14,0.72,0,,0,0,4.70,,5.07,0.00,VMS 1,,Tanque,,1.02,,1.74,1.08,4.40,,4.51,4.94
12/03/2024 11:39 p. m.,Ordeño,10:35,12.77,3,,,,,0,,0.54,,1.02,0.72,0,,0,0,4.52,,4.77,0.00,VMS 1,,Tanque,,1.02,,1.50,1.14,4.00,,4.05,4.72
13/03/2024 06:24 a. m.,Ordeño,07:55,9.89,1,,,,,0,,0.60,,1.08,0.72,0,,0,0,4.55,,4.80,0.00,VMS 1,,Tanque,,0.96,,1.56,1.02,3.21,,3.08,3.60
13/03/2024 02:50 p. m.,Ordeño,08:38,12.47,2,,,,,0,,0.60,,1.08,0.78,0,,0,0,5.21,,5.39,0.00,VMS 1,,Tanque,,0.96,,1.38,1.08,3.79,,4.14,4.54
13/03/2024 11:24 p. m.,Ordeño,08:57,11.52,3,,,,,0,,0.66,,1.02,0.66,0,,0,0,5.10,,5.34,0.00,VMS 1,,Tanque,,1.02,,1.56,0.96,3.58,,3.79,4.15
14/03/2024 05:18 a. m.,Ordeño,07:29,9.73,1,,,,,0,,0.66,,1.08,0.72,0,,0,0,4.97,,5.29,0.00,VMS 1,,Tanque,,1.08,,1.44,1.08,3.01,,3.09,3.63
14/03/2024 04:37 p. m.,Ordeño,09:58,16.42,2,,,,,0,,0.72,,1.08,0.84,0,,0,0,5.21,,5.28,0.00,VMS 1,,Tanque,,1.08,,1.50,1.32,4.99,,5.37,6.06
15/03/2024 12:39 a. m.,Ordeño,08:37,10.52,1,,TD,,,0,,0.66,,0.96,0.72,0,,0,0,4.60,,4.76,0.00,VMS 1,,Tanque,,1.14,,1.38,1.38,3.48,,3.34,3.70
15/03/2024 11:09 a. m.,Ordeño,12:38,15.43,2,,,,,0,,0.72,,1.02,0.72,0,,0,0,5.08,,5.35,0.00,VMS 1,,Tanque,,1.14,,1.44,1.08,4.73,,4.81,5.89
16/03/2024 12:02 a. m.,Ordeño,11:39,18.80,1,,,,,0,,0.72,,1.14,0.84,0,,0,0,4.96,,5.12,0.00,VMS 1,,Tanque,,1.08,,1.50,1.26,5.91,,6.05,6.84
16/03/2024 10:03 a. m.,Ordeño,09:45,15.80,2,,,,,0,,0.72,,1.08,0.78,0,,0,0,4.76,,4.85,0.00,VMS 1,,Tanque,,1.14,,1.44,1.38,5.12,,4.94,5.74
16/03/2024 06:50 p. m.,Ordeño,09:02,13.13,3,,,,,0,,0.72,,0.96,0.78,0,,0,0,4.95,,5.00,0.00,VMS 1,,Tanque,,1.08,,1.38,1.20,4.03,,4.14,4.96
17/03/2024 09:05 a. m.,Ordeño,12:00,18.79,1,,,,,0,,0.78,,1.08,0.78,0,,0,0,5.11,,5.09,0.00,VMS 1,,Tanque,,1.20,,1.50,1.26,5.82,,6.01,6.96
17/03/2024 06:44 p. m.,Ordeño,09:42,13.76,2,,,,,0,,0.72,,0.96,0.84,0,,0,0,4.74,,4.89,0.00,VMS 1,,Tanque,,1.14,,1.32,1.20,4.35,,4.30,5.11
18/03/2024 08:31 a. m.,Ordeño,13:05,19.96,1,,,,,0,,0.78,,1.08,0.90,0,,0,0,5.10,,5.04,0.00,VMS 1,,Tanque,,1.20,,1.62,1.44,6.46,,6.07,7.43
18/03/2024 02:59 p. m.,Ordeño,06:20,8.10,2,,,,,0,,0.72,,0.96,0.72,0,,0,0,4.59,,4.77,0.00,VMS 1,,Tanque,,1.14,,1.38,1.14,2.71,,2.54,2.85
19/03/2024 03:00 a. m.,Ordeño,09:58,17.51,1,,,,,0,,0.78,,1.02,0.90,0,,0,0,4.92,,5.12,0.00,VMS 1,,Tanque,,1.14,,1.38,1.32,5.49,,5.64,6.38
19/03/2024 01:47 p. m.,Ordeño,12:52,8.64,2,,,TI,TI,0,,0.78,,0.00,0.84,0,,0,0,5.02,,0.00,0.00,VMS 1,,Tanque,,1.44,,0.00,1.20,3.56,,0.00,5.08
20/03/2024 01:27 a. m.,Ordeño,13:51,12.33,1,,TI,DI,,0,,0.72,,0.84,0.90,0,,0,0,4.62,,5.06,0.00,VMS 1,,Tanque,,1.50,,1.44,1.38,0.66,,5.16,6.51
20/03/2024 09:35 a. m.,Ordeño,12:06,15.13,2,,,,,0,,0.84,,1.02,0.78,0,,0,0,5.08,,4.60,0.00,VMS 1,,Tanque,,1.26,,1.38,1.20,6.93,,4.10,4.10
20/03/2024 11:07 p. m.,Ordeño,13:47,19.10,3,,,,,0,,0.78,,0.96,0.78,0,,0,0,4.80,,5.37,0.00,VMS 1,,Tanque,,1.20,,1.38,1.14,6.34,,5.66,7.10
21/03/2024 09:47 a. m.,Ordeño,09:50,15.73,1,,,,,0,,0.84,,1.14,0.84,0,,0,0,5.02,,5.43,0.00,VMS 1,,Tanque,,1.20,,1.56,1.38,4.67,,5.08,5.98
22/03/2024 12:30 a. m.,Ordeño,12:23,20.13,1,,,,,0,,0.78,,1.08,0.78,0,,0,0,5.09,,5.31,0.00,VMS 1,,Tanque,,1.26,,1.44,1.20,6.03,,6.49,7.61
22/03/2024 11:11 a. m.,Ordeño,09:15,14.98,2,,,,,0,,0.72,,1.08,0.78,0,,0,0,5.03,,5.25,0.00,VMS 1,,Tanque,,1.14,,1.50,1.20,4.57,,4.76,5.65
22/03/2024 05:43 p. m.,Ordeño,07:10,9.67,3,,,,,0,,0.66,,1.02,0.84,0,,0,0,5.02,,5.26,0.00,VMS 1,,Tanque,,1.14,,1.38,1.32,2.98,,3.01,3.68
23/03/2024 07:04 a. m.,Ordeño,11:22,17.46,1,,,,,0,,0.78,,1.08,0.78,0,,0,0,5.23,,5.41,0.00,VMS 1,,Tanque,,1.14,,1.56,1.14,5.50,,5.68,6.28
23/03/2024 04:17 p. m.,Ordeño,07:57,12.45,2,,,,,0,,0.78,,1.14,0.78,0,,0,0,4.85,,4.98,0.00,VMS 1,,Tanque,,1.38,,1.56,1.26,4.06,,3.81,4.58
23/03/2024 10:10 p. m.,Ordeño,06:57,7.82,3,,,,,0,,0.60,,1.02,0.78,0,,0,0,4.80,,4.95,0.00,VMS 1,,Tanque,,0.96,,1.38,1.08,2.37,,2.55,2.90
24/03/2024 09:48 a. m.,Ordeño,11:16,16.52,1,,,,,0,,0.78,,1.08,0.78,0,,0,0,5.33,,5.43,0.00,VMS 1,,Tanque,,1.14,,1.56,1.14,5.13,,5.43,5.96
24/03/2024 09:58 p. m.,Ordeño,09:35,17.25,2,,,,,0,,0.78,,1.02,0.90,0,,0,0,5.31,,5.24,0.00,VMS 1,,Tanque,,1.20,,1.44,1.32,5.33,,5.73,6.19
25/03/2024 05:56 a. m.,Ordeño,08:04,11.41,1,,,,,0,,0.72,,0.90,0.78,0,,0,0,4.77,,4.89,0.00,VMS 1,,Tanque,,1.08,,1.26,1.14,3.66,,3.61,4.14
25/03/2024 08:47 p. m.,Ordeño,14:22,12.51,2,,,TI,TI,0,,0.78,,0.00,0.84,0,,0,0,5.18,,0.00,0.00,VMS 1,,Tanque,,1.08,,0.00,1.20,5.75,,0.00,6.76
26/03/2024 06:20 a. m.,Ordeño,10:02,17.32,1,,,,,0,,0.72,,1.08,0.78,0,,0,0,4.53,,4.98,0.00,VMS 1,,Tanque,,1.26,,1.68,1.26,4.87,,7.23,5.22
26/03/2024 02:58 p. m.,Ordeño,10:51,8.15,2,,,TI,TI,0,,0.78,,0.00,0.84,0,,0,0,4.65,,0.00,0.00,VMS 1,,Tanque,,1.32,,0.00,1.14,3.68,,0.00,4.47
27/03/2024 04:51 a. m.,Ordeño,10:48,19.77,1,,,,,0,,0.78,,0.96,0.84,0,,0,0,4.77,,4.80,0.00,VMS 1,,Tanque,,1.20,,1.68,1.20,5.98,,7.05,6.74
27/03/2024 04:24 p. m.,Ordeño,09:03,13.37,2,,,,,0,,0.72,,0.96,0.84,0,,0,0,4.45,,4.49,0.00,VMS 1,,Tanque,,1.20,,1.44,1.20,4.53,,3.56,5.28
28/03/2024 05:10 a. m.,Ordeño,10:07,15.16,1,,,,,0,,0.72,,1.08,0.84,0,,0,0,4.74,,5.16,0.00,VMS 1,,Tanque,,1.14,,1.56,1.26,5.09,,4.05,6.02
28/03/2024 03:42 p. m.,Ordeño,08:16,12.29,2,,,,,0,,0.72,,1.02,0.78,0,,0,0,4.52,,4.96,0.00,VMS 1,,Tanque,,1.26,,1.44,1.08,4.18,,3.45,4.66
28/03/2024 09:40 p. m.,Ordeño,07:58,7.98,3,,,,,0,,0.48,,0.90,0.72,0,,0,0,4.71,,5.26,0.00,VMS 1,,Tanque,,0.84,,1.26,1.08,2.57,,2.30,3.11
29/03/2024 09:27 a. m.,Ordeño,12:31,15.54,1,,,,,0,,0.66,,0.96,0.78,0,,0,0,5.30,,5.78,0.00,VMS 1,,Tanque,,1.20,,1.44,1.26,4.92,,4.75,5.87
29/03/2024 09:09 p. m.,Ordeño,10:35,16.75,2,,,,,0,,0.72,,0.96,0.72,0,,0,0,5.09,,5.51,0.00,VMS 1,,Tanque,,1.14,,1.50,1.20,5.42,,5.26,6.07
30/03/2024 05:56 a. m.,Ordeño,08:43,12.93,1,,,,,0,,0.72,,1.02,0.78,0,,0,0,4.83,,5.31,0.00,VMS 1,,Tanque,,1.14,,1.44,1.20,4.16,,3.81,4.96
30/03/2024 09:23 p. m.,Ordeño,14:39,18.30,2,,"TI,TD",,,0,,0.72,,0.90,0.84,0,,0,0,5.28,,5.56,0.00,VMS 1,,Tanque,,1.08,,1.44,1.38,6.12,,4.39,7.79
31/03/2024 10:12 a. m.,Ordeño,14:04,18.71,1,,,,,0,,0.78,,1.08,0.78,0,,0,0,4.91,,5.10,0.00,VMS 1,,Tanque,,1.32,,1.56,1.32,5.78,,6.07,6.86
31/03/2024 11:38 p. m.,Ordeño,11:17,15.19,2,,TD,,,0,,0.84,,1.02,0.78,0,,0,0,4.72,,4.86,0.00,VMS 1,,Tanque,,1.26,,1.44,1.50,6.04,,5.56,3.59
01/04/2024 06:35 p. m.,Ordeño,13:53,22.07,1,,,,,0,,0.78,,0.96,0.78,0,,0,0,4.94,,5.20,0.00,VMS 1,,Tanque,,1.26,,1.50,1.38,6.76,,6.75,8.56
02/04/2024 02:02 a. m.,Ordeño,07:04,8.60,1,,,,,0,,0.66,,1.02,0.84,0,,0,0,4.16,,4.41,0.00,VMS 1,,Tanque,,1.02,,1.50,1.20,2.99,,2.83,2.78
02/04/2024 11:04 a. m.,Ordeño,08:29,10.67,2,,,,,0,,0.60,,1.02,0.84,0,,0,0,5.24,,5.38,0.00,VMS 1,,Tanque,,1.02,,1.38,1.26,3.47,,3.66,3.54
02/04/2024 08:46 p. m.,Ordeño,09:57,13.65,3,,,,,0,,0.66,,0.96,0.84,0,,0,0,5.59,,5.63,0.00,VMS 1,,Tanque,,1.02,,1.32,1.26,4.51,,4.39,4.75
03/04/2024 08:02 a. m.,Ordeño,11:07,15.49,1,,,,,0,,0.66,,0.96,0.84,0,,0,0,5.24,,5.36,0.00,VMS 1,,Tanque,,1.08,,1.32,1.20,4.90,,5.02,5.57
03/04/2024 09:30 p. m.,Ordeño,12:42,19.20,2,,,,,0,,0.72,,1.02,0.90,0,,0,0,5.06,,5.17,0.00,VMS 1,,Tanque,,1.20,,1.50,1.44,6.11,,6.17,6.92
04/04/2024 03:48 a. m.,Ordeño,07:10,9.18,1,,,,,0,,0.66,,1.08,0.90,0,,0,0,4.31,,4.62,0.00,VMS 1,,Tanque,,1.08,,1.50,1.32,3.16,,2.73,3.29
04/04/2024 06:52 p. m.,Ordeño,12:03,20.73,2,,,,,0,,0.78,,1.02,0.90,0,,0,0,5.17,,5.38,0.00,VMS 1,,Tanque,,1.14,,1.62,1.38,6.54,,6.71,7.48
05/04/2024 10:17 a. m.,Ordeño,11:08,19.10,1,,,,,0,,0.78,,1.08,0.84,0,,0,0,5.03,,5.21,0.00,VMS 1,,Tanque,,1.20,,1.62,1.26,6.20,,6.00,6.90
05/04/2024 10:30 p. m.,Ordeño,09:50,16.59,2,,,,,0,,0.78,,1.08,0.96,0,,0,0,4.89,,5.11,0.00,VMS 1,,Tanque,,1.14,,1.62,1.44,5.27,,5.14,6.18
06/04/2024 09:06 a. m.,Ordeño,08:31,14.36,1,,,,,0,,0.78,,1.08,0.90,0,,0,0,4.88,,4.96,0.00,VMS 1,,Tanque,,1.20,,1.56,1.26,4.59,,4.51,5.26
06/04/2024 07:54 p. m.,Ordeño,08:20,13.89,2,,,,,0,,0.78,,1.08,0.84,0,,0,0,4.94,,5.07,0.00,VMS 1,,Tanque,,1.14,,1.44,1.32,4.45,,4.35,5.09
07/04/2024 03:10 a. m.,Ordeño,07:20,9.87,1,,,,,0,,0.72,,1.02,0.90,0,,0,0,4.94,,5.20,0.00,VMS 1,,Tanque,,1.08,,1.44,1.50,3.13,,3.10,3.64
07/04/2024 10:17 a. m.,Ordeño,06:04,9.85,2,,,,,0,,0.84,,1.14,1.02,0,,0,0,5.23,,5.37,0.00,VMS 1,,Tanque,,1.26,,1.56,1.38,3.15,,3.08,3.62
07/04/2024 11:51 p. m.,Ordeño,10:54,16.88,1,,,,,0,,0.72,,1.08,0.90,0,,0,0,5.14,,5.41,0.00,VMS 1,,Tanque,,1.20,,1.56,1.38,5.27,,5.46,6.15
08/04/2024 02:06 p. m.,Ordeño,11:33,18.18,2,,,,,0,,0.72,,1.08,0.96,0,,0,0,4.88,,5.06,0.00,VMS 1,,Tanque,,1.14,,1.44,1.50,5.64,,5.73,6.81
08/04/2024 10:04 p. m.,Ordeño,07:02,8.83,3,,,,,0,,0.66,,1.02,0.84,0,,0,0,4.44,,4.67,0.00,VMS 1,,Tanque,,0.96,,1.50,1.26,2.87,,2.72,3.24
09/04/2024 10:16 a. m.,Ordeño,10:16,14.53,1,,,,,0,,0.66,,1.08,0.90,0,,0,0,5.23,,5.35,0.00,VMS 1,,Tanque,,1.08,,1.38,1.32,4.47,,4.65,5.41
09/04/2024 08:28 p. m.,Ordeño,09:06,14.56,2,,,,,0,,0.72,,1.08,0.90,0,,0,0,5.20,,5.40,0.00,VMS 1,,Tanque,,1.08,,1.50,1.26,4.59,,4.52,5.45
10/04/2024 05:08 a. m.,Ordeño,08:13,11.11,1,,,,,0,,0.66,,1.02,0.78,0,,0,0,5.00,,5.22,0.00,VMS 1,,Tanque,,1.08,,1.44,1.20,3.54,,3.53,4.04
10/04/2024 09:13 p. m.,Ordeño,13:01,21.78,2,,,,,0,,0.72,,1.08,0.90,0,,0,0,5.15,,5.27,0.00,VMS 1,,Tanque,,1.14,,1.38,1.32,6.79,,7.06,7.93
11/04/2024 09:23 a. m.,Ordeño,12:05,17.46,1,,,,,0,,0.66,,1.08,0.90,0,,0,0,4.86,,5.06,0.00,VMS 1,,Tanque,,1.02,,1.44,1.26,5.51,,5.52,6.43
11/04/2024 10:01 p. m.,Ordeño,10:46,16.93,2,,,,,0,,0.72,,1.08,0.90,0,,0,0,4.80,,5.06,0.00,VMS 1,,Tanque,,1.20,,1.50,1.26,5.46,,5.29,6.18
12/04/2024 02:26 p. m.,Ordeño,13:18,20.70,1,,,,,0,,0.72,,1.14,1.02,0,,0,0,5.34,,5.52,0.00,VMS 1,,Tanque,,1.38,,1.56,1.32,6.58,,6.53,7.59
13/04/2024 05:41 a. m.,Ordeño,12:58,19.92,1,,,,,0,,0.72,,1.02,0.90,0,,0,0,4.71,,4.90,0.00,VMS 1,,Tanque,,1.14,,1.50,1.56,6.46,,6.15,7.31
13/04/2024 04:56 p. m.,Ordeño,08:38,12.67,2,,,,,0,,0.72,,1.08,0.78,0,,0,0,4.73,,4.82,0.00,VMS 1,,Tanque,,1.08,,1.62,1.20,4.01,,3.95,4.71
14/04/2024 05:14 a. m.,Ordeño,11:04,15.66,1,,,,,0,,0.60,,1.08,0.78,0,,0,0,5.09,,5.30,0.00,VMS 1,,Tanque,,1.02,,1.44,1.14,4.82,,4.97,5.87
14/04/2024 04:44 p. m.,Ordeño,09:06,15.01,2,,,,,0,,0.72,,1.20,0.96,0,,0,0,5.07,,5.19,0.00,VMS 1,,Tanque,,1.08,,1.56,1.38,4.67,,4.74,5.60
15/04/2024 02:09 a. m.,Ordeño,08:21,12.47,1,,,,,0,,0.72,,1.08,0.84,0,,0,0,4.93,,5.15,0.00,VMS 1,,Tanque,,1.08,,1.50,1.20,3.96,,3.93,4.58
15/04/2024 11:32 a. m.,Ordeño,08:53,13.68,2,,,,,0,,0.72,,1.08,0.96,0,,0,0,5.20,,5.27,0.00,VMS 1,,Tanque,,1.08,,1.44,1.38,4.33,,4.34,5.01
15/04/2024 11:37 p. m.,Ordeño,10:08,16.63,3,,,,,0,,0.72,,1.20,0.90,0,,0,0,5.06,,5.32,0.00,VMS 1,,Tanque,,1.14,,1.92,1.26,5.29,,5.32,6.02
16/04/2024 11:48 a. m.,Ordeño,11:39,16.99,1,,,,,0,,0.66,,1.02,0.96,0,,0,0,5.05,,5.15,0.00,VMS 1,,Tanque,,1.08,,1.44,1.38,5.38,,5.42,6.19
16/04/2024 11:07 p. m.,Ordeño,09:51,13.84,2,,,,,0,,0.66,,1.02,0.84,0,,0,0,4.75,,4.97,0.00,VMS 1,,Tanque,,1.02,,1.44,1.26,4.50,,4.35,4.99
17/04/2024 03:31 p. m.,Ordeño,12:43,21.83,1,,,,,0,,0.72,,1.08,0.84,0,,0,0,5.19,,5.31,0.00,VMS 1,,Tanque,,1.08,,1.56,1.32,6.78,,7.08,7.97
18/04/2024 01:08 a. m.,Ordeño,10:41,11.73,1,,,,,0,,0.48,,1.02,0.90,0,,0,0,4.56,,4.69,0.00,VMS 1,,Tanque,,0.84,,1.50,1.20,3.69,,3.61,4.43
18/04/2024 10:56 a. m.,Ordeño,09:25,8.97,2,,,DI,DI,0,,0.00,,1.08,0.90,0,,0,0,0.00,,5.11,0.00,VMS 1,,Tanque,,0.00,,1.56,1.32,0.00,,4.12,4.85
18/04/2024 10:50 p. m.,Ordeño,08:29,10.56,3,,,DI,DI,0,,0.00,,1.02,0.90,0,,0,0,0.00,,5.22,0.00,VMS 1,,Tanque,,0.00,,1.56,1.32,0.00,,4.89,5.67
19/04/2024 11:23 a. m.,Ordeño,10:17,12.15,1,,,DI,DI,0,,0.00,,1.02,0.90,0,,0,0,0.00,,5.14,0.00,VMS 1,,Tanque,,0.00,,1.68,1.38,0.00,,5.59,6.56
20/04/2024 01:00 a. m.,Ordeño,09:46,13.24,1,,,DI,DI,0,,0.00,,1.08,0.96,0,,0,0,0.00,,5.08,0.00,VMS 1,,Tanque,,0.00,,1.44,1.38,0.00,,6.09,7.15
20/04/2024 05:39 a. m.,Ordeño,09:09,3.46,2,,,DI,DI,0,,0.00,,1.02,0.90,0,,0,0,0.00,,4.60,0.00,VMS 1,,Tanque,,0.00,,1.62,1.38,0.00,,1.54,1.92
20/04/2024 05:52 p. m.,Ordeño,13:44,20.44,3,,,,,0,,0.96,,0.66,0.90,0,,0,0,6.30,,2.48,0.00,VMS 1,,Tanque,,1.38,,0.96,1.38,6.74,,7.61,6.09
21/04/2024 06:58 a. m.,Ordeño,10:01,14.54,1,,,DI,,0,,0.42,,1.20,0.96,0,,0,0,5.26,,5.14,0.00,VMS 1,,Tanque,,0.90,,1.68,1.32,0.78,,6.37,7.39
21/04/2024 09:38 a. m.,Ordeño,09:38,2.82,2,,,DI,,0,,0.30,,1.02,0.90,0,,0,0,4.01,,5.10,0.00,VMS 1,,Tanque,,1.02,,1.38,1.44,0.35,,1.08,1.39
21/04/2024 11:25 a. m.,Ordeño,07:38,1.60,3,,DI,DI,DI,0,,0.18,,0.78,0.66,0,,0,0,3.22,,4.94,0.00,VMS 1,,Tanque,,0.42,,1.26,1.08,0.13,,0.70,0.77
22/04/2024 04:22 a. m.,Ordeño,13:12,18.58,1,,,DI,,0,,0.78,,1.14,0.96,0,,0,0,6.00,,5.49,0.00,VMS 1,,Tanque,,1.20,,1.56,1.38,2.46,,7.05,9.07
22/04/2024 01:36 p. m.,Ordeño,07:47,12.26,2,,,,,0,,0.84,,1.26,0.96,0,,0,0,6.13,,5.23,0.00,VMS 1,,Tanque,,1.26,,1.62,1.32,2.55,,4.57,5.14
22/04/2024 11:40 p. m.,Ordeño,07:40,12.28,3,,,,,0,,0.72,,1.20,0.90,0,,0,0,5.74,,5.15,0.00,VMS 1,,Tanque,,1.08,,1.56,1.32,3.08,,4.17,5.03
23/04/2024 10:06 a. m.,Ordeño,07:22,12.43,1,,,,,0,,0.78,,1.14,0.96,0,,0,0,5.78,,5.34,0.00,VMS 1,,Tanque,,1.20,,1.62,1.38,3.28,,4.09,5.06
23/04/2024 09:17 p. m.,Ordeño,08:13,14.59,2,,,,,0,,0.78,,1.20,0.96,0,,0,0,5.65,,5.45,0.00,VMS 1,,Tanque,,1.14,,1.74,1.32,3.97,,4.84,5.78
24/04/2024 04:26 a. m.,Ordeño,05:54,8.59,1,,,,,0,,0.72,,1.08,0.90,0,,0,0,5.28,,5.05,0.00,VMS 1,,Tanque,,1.08,,1.50,1.32,2.32,,2.81,3.46
24/04/2024 02:41 p. m.,Ordeño,08:19,13.30,2,,,,,0,,0.72,,1.14,0.90,0,,0,0,5.54,,5.37,0.00,VMS 1,,Tanque,,1.20,,1.50,1.38,3.71,,4.39,5.20
24/04/2024 09:51 p. m.,Ordeño,05:48,8.93,3,,,,,0,,0.78,,1.14,0.90,0,,0,0,5.16,,5.11,0.00,VMS 1,,Tanque,,1.14,,1.50,1.32,2.55,,2.87,3.51
25/04/2024 05:49 a. m.,Ordeño,06:16,10.74,1,,,,,0,,0.78,,1.20,0.96,0,,0,0,5.52,,5.38,0.00,VMS 1,,Tanque,,1.14,,1.62,1.56,3.08,,3.53,4.13
25/04/2024 03:17 p. m.,Ordeño,07:00,11.80,2,,,,,0,,0.72,,1.14,0.90,0,,0,0,5.21,,5.19,0.00,VMS 1,,Tanque,,1.14,,1.56,1.32,3.37,,3.79,4.64
25/04/2024 10:19 p. m.,Ordeño,06:11,9.53,3,,,,,0,,0.72,,1.08,0.96,0,,0,0,5.16,,5.26,0.00,VMS 1,,Tanque,,1.14,,1.50,1.32,2.72,,3.07,3.74
26/04/2024 05:29 a. m.,Ordeño,06:05,9.67,1,,,,,0,,0.78,,1.20,0.96,0,,0,0,5.17,,5.27,0.00,VMS 1,,Tanque,,1.14,,1.56,1.44,2.79,,3.16,3.72
26/04/2024 07:27 p. m.,Ordeño,10:22,17.87,2,,,,,0,,0.72,,1.08,0.84,0,,0,0,5.11,,5.34,0.00,VMS 1,,Tanque,,1.14,,1.56,1.26,5.22,,5.86,6.79
27/04/2024 05:07 a. m.,Ordeño,07:28,12.91,1,,,,,0,,0.72,,1.14,0.90,0,,0,0,4.74,,5.00,0.00,VMS 1,,Tanque,,1.14,,1.62,1.26,3.77,,4.28,4.86
27/04/2024 03:12 p. m.,Ordeño,06:58,11.94,2,,,,,0,,0.78,,1.20,0.96,0,,0,0,4.83,,4.99,0.00,VMS 1,,Tanque,,1.20,,1.62,1.38,3.48,,3.87,4.59
28/04/2024 02:49 a. m.,Ordeño,09:33,15.40,1,,,,,0,,0.72,,1.14,0.78,0,,0,0,4.79,,5.01,0.00,VMS 1,,Tanque,,1.08,,1.50,1.26,4.54,,5.08,5.78
28/04/2024 03:01 p. m.,Ordeño,08:35,15.55,2,,,,,0,,0.78,,1.20,0.96,0,,0,0,4.79,,4.95,0.00,VMS 1,,Tanque,,1.14,,1.56,1.38,4.48,,5.17,5.90
29/04/2024 12:06 a. m.,Ordeño,08:21,11.71,1,,,,,0,,0.72,,1.14,0.90,0,,0,0,4.54,,4.42,0.00,VMS 1,,Tanque,,1.14,,1.56,1.20,3.33,,3.95,4.43
29/04/2024 09:38 a. m.,Ordeño,09:06,12.99,2,,,,,0,,0.72,,1.08,0.96,0,,0,0,4.82,,4.95,0.00,VMS 1,,Tanque,,1.14,,1.50,1.38,3.67,,4.24,5.08
29/04/2024 10:16 p. m.,Ordeño,09:45,16.13,3,,,,,0,,0.66,,1.14,0.90,0,,0,0,4.82,,5.07,0.00,VMS 1,,Tanque,,1.08,,1.62,1.26,4.62,,5.24,6.27
30/04/2024 10:13 a. m.,Ordeño,09:36,15.70,1,,,,,0,,0.78,,1.20,0.90,0,,0,0,4.85,,5.08,0.00,VMS 1,,Tanque,,1.26,,1.68,1.32,4.52,,5.13,6.05
30/04/2024 08:37 p. m.,Ordeño,08:27,12.18,2,,,,,0,,0.66,,1.14,0.78,0,,0,0,4.51,,4.89,0.00,VMS 1,,Tanque,,1.02,,1.56,1.20,3.49,,3.98,4.71
01/05/2024 05:41 a. m.,Ordeño,08:52,11.71,1,,,,,0,,0.66,,1.08,0.72,0,,0,0,4.74,,5.07,0.00,VMS 1,,Tanque,,1.08,,1.38,1.14,3.34,,3.79,4.58
01/05/2024 01:37 p. m.,Ordeño,07:10,10.44,2,,,,,0,,0.66,,1.08,0.90,0,,0,0,4.77,,5.20,0.00,VMS 1,,Tanque,,1.02,,1.62,1.32,3.01,,3.50,3.93
01/05/2024 10:42 p. m.,Ordeño,08:15,12.39,3,,,,,0,,0.72,,1.14,0.84,0,,0,0,4.97,,5.35,0.00,VMS 1,,Tanque,,1.08,,1.50,1.14,3.57,,4.10,4.72
02/05/2024 10:24 a. m.,Ordeño,09:21,16.22,1,,,,,0,,0.72,,1.14,0.90,0,,0,0,4.92,,5.22,0.00,VMS 1,,Tanque,,1.20,,1.62,1.14,4.68,,5.25,6.29
02/05/2024 06:16 p. m.,Ordeño,06:41,9.10,2,,,,,0,,0.72,,1.02,0.84,0,,0,0,4.75,,4.94,0.00,VMS 1,,Tanque,,1.14,,1.38,1.20,2.64,,2.93,3.53
03/05/2024 05:56 a. m.,Ordeño,11:12,14.97,1,,,,,0,,0.72,,1.08,0.78,0,,0,0,4.88,,5.02,0.00,VMS 1,,Tanque,,1.26,,1.44,1.32,4.53,,5.26,5.18
03/05/2024 06:17 p. m.,Ordeño,09:11,16.74,2,,,,,0,,0.78,,1.14,1.02,0,,0,0,4.77,,5.07,0.00,VMS 1,,Tanque,,1.14,,1.50,1.50,4.79,,5.21,6.74
04/05/2024 06:01 a. m.,Ordeño,10:09,16.62,1,,,,,0,,0.72,,1.14,0.96,0,,0,0,4.77,,4.98,0.00,VMS 1,,Tanque,,1.08,,1.56,1.56,4.53,,5.36,6.73
04/05/2024 03:12 p. m.,Ordeño,07:40,13.30,2,,,,,0,,0.72,,1.14,0.96,0,,0,0,4.77,,5.02,0.00,VMS 1,,Tanque,,1.14,,1.62,1.50,3.69,,4.14,5.47
05/05/2024 02:04 a. m.,Ordeño,08:10,14.25,1,,,,,0,,0.72,,1.14,1.02,0,,0,0,4.50,,4.81,0.00,VMS 1,,Tanque,,1.14,,1.50,1.50,4.02,,4.45,5.78
05/05/2024 05:02 p. m.,Ordeño,11:27,19.32,2,,,,,0,,0.72,,1.08,1.02,0,,0,0,4.61,,4.98,0.00,VMS 1,,Tanque,,1.14,,1.44,1.50,5.47,,6.13,7.72
06/05/2024 05:43 a. m.,Ordeño,10:15,16.32,1,,,,,0,,0.60,,1.08,0.90,0,,0,0,4.57,,4.89,0.00,VMS 1,,Tanque,,1.08,,1.50,1.38,4.64,,5.16,6.52
06/05/2024 09:29 p. m.,Ordeño,10:34,17.52,2,,,,,0,,0.66,,1.08,1.02,0,,0,0,4.57,,4.74,0.00,VMS 1,,Tanque,,1.02,,1.44,1.50,4.84,,5.55,7.13
07/05/2024 06:49 a. m.,Ordeño,07:02,10.86,1,,,,,0,,0.72,,1.08,0.90,0,,0,0,4.63,,4.75,0.00,VMS 1,,Tanque,,1.08,,1.44,1.38,3.08,,3.38,4.40
07/05/2024 01:54 p. m.,Ordeño,06:25,9.62,2,,,,,0,,0.72,,1.08,0.96,0,,0,0,5.01,,5.14,0.00,VMS 1,,Tanque,,1.14,,1.44,1.44,2.77,,3.07,3.78
07/05/2024 11:27 p. m.,Ordeño,10:36,14.26,3,,,,,0,,0.60,,1.14,0.96,0,,0,0,5.34,,5.54,0.00,VMS 1,,Tanque,,0.96,,1.50,1.50,3.91,,4.57,5.78
08/05/2024 02:08 p. m.,Ordeño,11:03,19.90,1,,,,,0,,0.72,,1.20,1.08,0,,0,0,5.12,,5.33,0.00,VMS 1,,Tanque,,1.26,,1.50,1.92,5.65,,6.38,7.87
08/05/2024 08:38 p. m.,Ordeño,06:03,7.56,2,,,,,0,,0.66,,1.14,0.84,0,,0,0,4.65,,5.01,0.00,VMS 1,,Tanque,,1.14,,1.50,1.44,2.17,,2.30,3.09
09/05/2024 07:30 a. m.,Ordeño,09:18,15.23,1,,,,,0,,0.72,,1.20,1.02,0,,0,0,4.97,,5.19,0.00,VMS 1,,Tanque,,1.08,,1.56,1.62,4.25,,4.95,6.03
09/05/2024 09:45 p. m.,Ordeño,11:35,18.91,2,,,,,0,,0.66,,1.14,0.96,0,,0,0,4.98,,5.21,0.00,VMS 1,,Tanque,,1.08,,1.56,1.26,5.56,,6.06,7.29
10/05/2024 12:51 p. m.,Ordeño,11:39,11.95,1,,,TD,TD,0,,0.78,,1.14,0.00,0,,0,0,4.99,,5.31,0.00,VMS 1,,Tanque,,1.20,,1.62,0.00,5.62,,6.33,0.00
10/05/2024 09:34 p. m.,Ordeño,09:44,14.88,2,,,,,0,,0.66,,1.14,1.14,0,,0,0,4.62,,4.86,0.00,VMS 1,,Tanque,,1.08,,1.68,1.56,3.15,,3.37,8.36
11/05/2024 07:07 a. m.,Ordeño,08:08,10.05,1,,,,,0,,0.66,,1.14,0.90,0,,0,0,4.88,,5.09,0.00,VMS 1,,Tanque,,1.08,,1.62,1.26,3.29,,3.75,3.01
11/05/2024 09:22 p. m.,Ordeño,11:07,16.74,2,,,,,0,,0.60,,1.08,1.02,0,,0,0,5.22,,5.47,0.00,VMS 1,,Tanque,,1.02,,1.62,1.44,5.05,,5.86,5.83
12/05/2024 10:06 a. m.,Ordeño,09:55,16.83,1,,,,,0,,0.78,,1.08,1.02,0,,0,0,5.02,,5.20,0.00,VMS 1,,Tanque,,1.14,,1.62,1.44,5.21,,5.66,5.96
12/05/2024 10:37 p. m.,Ordeño,09:08,15.78,2,,,,,0,,0.66,,1.02,0.96,0,,0,0,5.02,,5.15,0.00,VMS 1,,Tanque,,1.02,,1.44,1.32,4.70,,5.14,5.94
13/05/2024 03:09 p. m.,Ordeño,10:33,20.19,1,,,,,0,,0.72,,1.20,1.02,0,,0,0,5.15,,5.47,0.00,VMS 1,,Tanque,,1.32,,1.86,1.38,6.07,,6.71,7.41
14/05/2024 07:44 a. m.,Ordeño,11:30,20.72,1,,,,,0,,0.72,,1.14,1.08,0,,0,0,4.91,,5.15,0.00,VMS 1,,Tanque,,1.26,,1.68,1.62,6.20,,6.76,7.76
14/05/2024 10:28 p. m.,Ordeño,11:04,18.94,2,,,,,0,,0.72,,1.08,1.14,0,,0,0,5.03,,5.33,0.00,VMS 1,,Tanque,,1.44,,1.50,1.50,5.73,,6.13,7.08
15/05/2024 10:27 a. m.,Ordeño,08:49,15.91,1,,,,,0,,0.78,,1.08,1.08,0,,0,0,4.91,,5.20,0.00,VMS 1,,Tanque,,1.44,,1.62,1.62,4.79,,5.14,5.98
15/05/2024 08:38 p. m.,Ordeño,08:52,12.86,2,,,,,0,,0.66,,1.02,0.90,0,,0,0,4.85,,5.11,0.00,VMS 1,,Tanque,,1.38,,1.44,1.38,3.83,,4.15,4.88
16/05/2024 06:31 a. m.,Ordeño,08:49,13.35,1,,DI,,,0,,0.66,,1.14,0.96,0,,0,0,4.91,,5.11,0.00,VMS 1,,Tanque,,1.20,,1.56,1.44,3.98,,4.38,4.99
16/05/2024 05:55 p. m.,Ordeño,08:39,14.84,2,,DI,,,0,,0.72,,1.08,0.96,0,,0,0,5.03,,5.20,0.00,VMS 1,,Tanque,,1.38,,1.44,1.44,4.40,,4.78,5.66
17/05/2024 06:28 a. m.,Ordeño,09:20,16.18,1,,,,,0,,0.72,,1.14,1.02,0,,0,0,4.85,,5.05,0.00,VMS 1,,Tanque,,1.14,,1.50,1.50,4.87,,5.15,6.16
17/05/2024 08:55 p. m.,Ordeño,11:08,19.38,2,,DI,,,0,,0.72,,1.14,1.02,0,,0,0,5.10,,5.31,0.00,VMS 1,,Tanque,,1.32,,1.62,1.38,5.72,,6.35,7.31
18/05/2024 08:24 a. m.,Ordeño,08:55,15.54,1,,,,,0,,0.78,,1.14,0.96,0,,0,0,4.75,,5.02,0.00,VMS 1,,Tanque,,1.44,,1.50,1.32,4.71,,5.05,5.78
18/05/2024 04:06 p. m.,Ordeño,06:25,9.57,2,,,,,0,,0.72,,1.14,0.90,0,,0,0,4.83,,5.05,0.00,VMS 1,,Tanque,,1.14,,1.56,1.38,2.85,,3.14,3.58
19/05/2024 12:03 a. m.,Ordeño,07:38,11.38,1,,,,,0,,0.72,,1.14,0.90,0,,0,0,4.99,,5.11,0.00,VMS 1,,Tanque,,1.38,,1.56,1.32,3.41,,3.71,4.26
19/05/2024 08:44 a. m.,Ordeño,08:20,11.62,2,,TI,,,0,,0.78,,1.14,0.96,0,,0,0,5.00,,5.20,0.00,VMS 1,,Tanque,,1.50,,1.80,1.32,3.54,,3.73,4.35
19/05/2024 03:54 p. m.,Ordeño,06:12,9.17,3,,,,,0,,0.78,,1.20,0.96,0,,0,0,4.96,,5.12,0.00,VMS 1,,Tanque,,1.14,,1.50,1.44,2.80,,2.93,3.44
20/05/2024 05:04 a. m.,Ordeño,10:43,17.96,1,,,,,0,,0.66,,1.14,0.96,0,,0,0,5.05,,5.20,0.00,VMS 1,,Tanque,,1.20,,1.62,1.44,5.32,,5.92,6.72
20/05/2024 01:19 p. m.,Ordeño,08:25,10.22,2,,,,,0,,0.78,,1.14,0.84,0,,0,0,4.66,,4.82,0.00,VMS 1,,Tanque,,1.44,,1.56,1.26,3.26,,3.24,3.72
20/05/2024 08:09 p. m.,Ordeño,06:43,9.34,3,,,,,0,,0.72,,1.14,0.90,0,,0,0,4.93,,5.11,0.00,VMS 1,,Tanque,,1.20,,1.50,1.38,2.80,,3.06,3.48
21/05/2024 06:48 a. m.,Ordeño,08:09,15.11,1,,,,,0,,0.72,,1.14,0.96,0,,0,0,5.07,,5.19,0.00,VMS 1,,Tanque,,1.38,,1.44,1.50,4.52,,4.91,5.68
21/05/2024 07:59 p. m.,Ordeño,10:03,17.52,2,,,,,0,,0.78,,1.08,1.02,0,,0,0,4.97,,5.13,0.00,VMS 1,,Tanque,,1.32,,1.56,1.44,5.22,,5.69,6.61
22/05/2024 04:19 a. m.,Ordeño,07:35,11.57,1,,,,,0,,0.72,,1.14,0.96,0,,0,0,4.92,,5.03,0.00,VMS 1,,Tanque,,1.14,,1.68,1.32,3.47,,3.75,4.35
22/05/2024 03:30 p. m.,Ordeño,08:15,12.36,2,,,,,0,,0.72,,1.08,0.96,0,,0,0,4.78,,4.98,0.00,VMS 1,,Tanque,,1.08,,1.44,1.32,3.59,,4.00,4.77
23/05/2024 12:55 a. m.,Ordeño,08:53,3.84,1,,TI,"DI,TD","DI,TD",0,,0.00,,0.66,0.00,0,,0,0,0.00,,5.24,0.00,VMS 1,,Tanque,,0.00,,1.02,0.00,0.00,,3.84,0.00
23/05/2024 06:29 a. m.,Ordeño,09:21,16.40,2,,,,,0,,0.72,,1.08,1.02,0,,0,0,5.00,,4.93,0.00,VMS 1,,Tanque,,1.44,,1.56,1.38,6.00,,2.97,7.43
23/05/2024 08:13 p. m.,Ordeño,10:00,17.62,3,,,,,0,,0.72,,1.08,1.02,0,,0,0,4.92,,5.35,0.00,VMS 1,,Tanque,,1.20,,1.56,1.62,5.29,,5.88,6.45
24/05/2024 07:19 a. m.,Ordeño,08:57,16.20,1,,,,,0,,0.78,,1.08,0.96,0,,0,0,4.95,,5.21,0.00,VMS 1,,Tanque,,1.26,,1.50,1.38,4.86,,5.28,6.06
24/05/2024 04:00 p. m.,Ordeño,07:19,12.00,2,,,,,0,,0.78,,1.14,0.96,0,,0,0,4.95,,5.21,0.00,VMS 1,,Tanque,,1.14,,1.62,1.50,3.61,,3.99,4.40
25/05/2024 05:51 a. m.,Ordeño,10:15,18.67,1,,,,,0,,0.72,,1.26,1.08,0,,0,0,5.04,,5.12,0.00,VMS 1,,Tanque,,1.14,,1.74,1.44,5.56,,6.21,6.90
25/05/2024 03:05 p. m.,Ordeño,06:43,11.77,2,,,,,0,,0.78,,1.26,1.02,0,,0,0,4.90,,5.05,0.00,VMS 1,,Tanque,,1.20,,1.74,1.56,3.52,,3.85,4.40
26/05/2024 12:00 a. m.,Ordeño,08:48,13.02,1,,,,,0,,0.72,,1.20,0.96,0,,0,0,4.99,,5.15,0.00,VMS 1,,Tanque,,1.14,,1.56,1.32,3.86,,4.31,4.85
26/05/2024 12:10 p. m.,Ordeño,09:21,16.68,2,,,,,0,,0.84,,1.38,1.02,0,,0,0,5.21,,5.21,0.00,VMS 1,,Tanque,,1.32,,1.80,1.44,5.01,,5.49,6.18
27/05/2024 01:26 a. m.,Ordeño,09:16,16.05,1,,,,,0,,0.78,,1.14,1.02,0,,0,0,4.80,,4.93,0.00,VMS 1,,Tanque,,1.14,,1.56,1.44,4.76,,5.28,6.01
27/05/2024 11:32 a. m.,Ordeño,09:46,13.63,2,,,,,0,,0.66,,1.14,1.02,0,,0,0,5.06,,5.22,0.00,VMS 1,,Tanque,,1.02,,1.50,1.68,4.06,,4.40,5.17
27/05/2024 11:55 p. m.,Ordeño,10:47,15.08,1,,,,,0,,0.72,,1.20,1.02,0,,0,0,4.91,,5.10,0.00,VMS 1,,Tanque,,1.14,,1.80,1.44,4.51,,4.90,5.67
28/05/2024 10:55 a. m.,Ordeño,07:56,15.34,2,,,,,0,,0.84,,1.20,0.96,0,,0,0,5.06,,5.27,0.00,VMS 1,,Tanque,,1.32,,1.62,1.38,4.66,,4.92,5.76
28/05/2024 11:59 p. m.,Ordeño,10:13,16.09,1,,,,,0,,0.78,,1.14,0.78,0,,0,0,5.06,,5.19,0.00,VMS 1,,Tanque,,1.20,,1.50,1.20,4.78,,5.25,6.06
29/05/2024 06:17 a. m.,Ordeño,06:04,7.89,2,,,,,0,,0.72,,1.08,0.90,0,,0,0,4.78,,4.96,0.00,VMS 1,,Tanque,,1.32,,1.44,1.26,2.39,,2.48,3.02
29/05/2024 08:39 p. m.,Ordeño,11:00,19.63,3,,,,,0,,0.72,,1.08,0.96,0,,0,0,5.20,,5.34,0.00,VMS 1,,Tanque,,1.26,,1.56,1.68,5.70,,6.44,7.49
30/05/2024 06:21 a. m.,Ordeño,09:37,12.85,1,,,,,0,,0.78,,1.14,0.84,0,,0,0,4.80,,5.02,0.00,VMS 1,,Tanque,,1.20,,1.62,1.38,3.86,,4.20,4.79
30/05/2024 04:48 p. m.,Ordeño,08:28,14.14,2,,,,,0,,0.72,,1.14,0.84,0,,0,0,5.00,,5.27,0.00,VMS 1,,Tanque,,1.14,,1.56,1.26,4.18,,4.65,5.31
31/05/2024 05:21 a. m.,Ordeño,10:57,17.60,1,,,,,0,,0.72,,1.14,0.84,0,,0,0,5.00,,5.28,0.00,VMS 1,,Tanque,,1.14,,1.56,1.38,5.25,,5.73,6.62
31/05/2024 01:57 p. m.,Ordeño,08:05,11.96,2,,,,,0,,0.84,,1.14,0.78,0,,0,0,5.00,,5.15,0.00,VMS 1,,Tanque,,1.14,,1.50,1.20,3.51,,3.93,4.52
01/06/2024 12:53 a. m.,Ordeño,08:22,14.79,1,,,,,0,,0.78,,1.08,0.96,0,,0,0,5.01,,5.22,0.00,VMS 1,,Tanque,,1.20,,1.50,1.32,4.39,,4.81,5.59
01/06/2024 10:17 a. m.,Ordeño,07:19,11.90,2,,,,,0,,0.72,,1.20,0.96,0,,0,0,4.90,,5.08,0.00,VMS 1,,Tanque,,1.14,,1.56,1.44,3.53,,3.89,4.48
01/06/2024 10:26 p. m.,Ordeño,09:10,15.46,3,,,,,0,,0.72,,1.14,0.90,0,,0,0,4.98,,5.02,0.00,VMS 1,,Tanque,,1.02,,1.56,1.44,4.57,,4.96,5.93
02/06/2024 06:51 a. m.,Ordeño,08:18,11.98,1,,,,,0,,0.66,,1.26,0.84,0,,0,0,5.05,,5.34,0.00,VMS 1,,Tanque,,1.02,,1.56,1.26,3.58,,3.87,4.53
02/06/2024 01:27 p. m.,Ordeño,07:34,8.63,2,,,,,0,,0.66,,1.14,0.78,0,,0,0,5.04,,5.21,0.00,VMS 1,,Tanque,,1.26,,1.50,1.20,2.54,,2.81,3.28
02/06/2024 10:35 p. m.,Ordeño,08:12,12.91,3,,,,,0,,0.72,,1.26,0.96,0,,0,0,5.15,,5.37,0.00,VMS 1,,Tanque,,1.02,,1.62,1.26,3.83,,4.29,4.79
03/06/2024 06:19 a. m.,Ordeño,08:20,9.88,1,,,,,0,,0.66,,1.14,0.72,0,,0,0,5.03,,5.26,0.00,VMS 1,,Tanque,,0.96,,1.44,1.14,2.96,,3.28,3.64
03/06/2024 02:23 p. m.,Ordeño,08:30,10.92,2,,,,,0,,0.60,,1.20,0.72,0,,0,0,5.09,,5.37,0.00,VMS 1,,Tanque,,0.90,,1.56,1.20,3.25,,3.63,4.04
04/06/2024 01:34 a. m.,Ordeño,09:27,16.20,1,,,,,0,,0.72,,1.26,0.84,0,,0,0,5.06,,5.35,0.00,VMS 1,,Tanque,,1.02,,1.62,1.20,4.81,,5.28,6.11
04/06/2024 10:06 a. m.,Ordeño,07:11,11.38,2,,,,,0,,0.72,,1.32,0.84,0,,0,0,4.99,,5.24,0.00,VMS 1,,Tanque,,1.14,,1.62,1.26,3.45,,3.64,4.29
04/06/2024 11:03 p. m.,Ordeño,11:31,17.48,3,,,,,0,,0.72,,1.14,0.84,0,,0,0,5.03,,5.25,0.00,VMS 1,,Tanque,,1.38,,1.56,1.26,5.15,,5.71,6.62
05/06/2024 06:29 a. m.,Ordeño,07:14,10.10,1,,,,,0,,0.72,,1.14,0.78,0,,0,0,4.63,,4.85,0.00,VMS 1,,Tanque,,1.14,,1.50,1.14,3.10,,3.26,3.74
05/06/2024 04:14 p. m.,Ordeño,08:12,12.38,2,,,,,0,,0.78,,1.20,0.78,0,,0,0,4.78,,4.98,0.00,VMS 1,,Tanque,,1.26,,1.50,1.26,3.80,,3.95,4.63
05/06/2024 10:23 p. m.,Ordeño,06:21,9.00,3,,,,,0,,0.66,,1.14,0.90,0,,0,0,4.84,,5.05,0.00,VMS 1,,Tanque,,1.08,,1.56,1.26,2.73,,2.89,3.38
06/06/2024 09:42 a. m.,Ordeño,10:11,16.71,1,,,,,0,,0.72,,1.20,0.78,0,,0,0,5.15,,5.38,0.00,VMS 1,,Tanque,,1.14,,1.62,1.14,4.92,,5.53,6.26
06/06/2024 09:37 p. m.,Ordeño,09:55,14.47,2,,,,,0,,0.78,,1.14,0.84,0,,0,0,4.74,,5.01,0.00,VMS 1,,Tanque,,1.08,,1.50,1.20,4.33,,4.66,5.48
07/06/2024 09:40 a. m.,Ordeño,07:52,13.77,1,,,,,0,,0.78,,1.20,0.90,0,,0,0,4.75,,5.01,0.00,VMS 1,,Tanque,,1.20,,1.62,1.32,4.07,,4.39,5.31
07/06/2024 03:39 p. m.,Ordeño,05:59,6.78,2,,,,,0,,0.66,,1.08,0.90,0,,0,0,4.42,,4.74,0.00,VMS 1,,Tanque,,0.96,,1.50,1.26,1.99,,2.28,2.51
07/06/2024 11:10 p. m.,Ordeño,07:34,10.24,3,,,,,0,,0.66,,1.14,0.84,0,,0,0,4.89,,5.16,0.00,VMS 1,,Tanque,,1.08,,1.62,1.20,3.03,,3.39,3.82
08/06/2024 08:56 a. m.,Ordeño,08:58,14.14,1,,,,,0,,0.78,,1.20,0.90,0,,0,0,5.26,,5.49,0.00,VMS 1,,Tanque,,1.32,,1.62,1.32,4.24,,4.61,5.29
08/06/2024 06:57 p. m.,Ordeño,09:37,12.85,2,,,,,0,,0.78,,1.20,0.78,0,,0,0,4.79,,5.04,0.00,VMS 1,,Tanque,,1.26,,1.62,1.32,3.84,,4.27,4.74
09/06/2024 06:42 a. m.,Ordeño,09:08,17.16,1,,,,,0,,0.78,,1.26,0.90,0,,0,0,5.06,,5.26,0.00,VMS 1,,Tanque,,1.26,,1.62,1.44,5.19,,5.53,6.44
09/06/2024 03:37 p. m.,Ordeño,08:27,12.74,2,,,,,0,,0.78,,1.20,0.90,0,,0,0,4.98,,5.23,0.00,VMS 1,,Tanque,,1.14,,1.62,1.38,3.74,,4.15,4.85
10/06/2024 12:02 a. m.,Ordeño,07:20,11.72,1,,,,,0,,0.78,,1.20,0.84,315,,0,0,5.00,,5.23,0.00,VMS 1,,Tanque,,1.08,,1.56,1.20,3.52,,3.77,4.43
10/06/2024 06:18 a. m.,Ordeño,06:44,9.25,2,,,,,0,,0.72,,1.20,0.90,0,,0,0,5.06,,5.22,0.00,VMS 1,,Tanque,,1.20,,1.56,1.26,2.78,,3.01,3.46
10/06/2024 01:49 p. m.,Ordeño,08:12,10.88,3,,,,,0,,0.78,,1.26,0.84,385,,0,0,5.05,,5.30,0.00,VMS 1,,Tanque,,1.32,,1.62,1.32,3.22,,3.61,4.05
10/06/2024 10:21 p. m.,Ordeño,07:32,12.16,4,,,,,0,,0.72,,1.14,0.90,0,,0,0,4.93,,5.11,0.00,VMS 1,,Tanque,,1.02,,1.56,1.32,3.60,,3.95,4.61
11/06/2024 08:51 a. m.,Ordeño,08:22,14.24,1,,,,,0,,0.78,,1.14,0.90,373,,0,0,4.78,,4.96,0.00,VMS 1,,Tanque,,1.08,,1.50,1.32,4.33,,4.45,5.46
11/06/2024 08:31 p. m.,Ordeño,09:09,15.31,2,,,,,0,,0.72,,1.14,0.84,357,,0,0,4.66,,4.86,0.00,VMS 1,,Tanque,,1.14,,1.50,1.20,4.64,,4.98,5.69
12/06/2024 08:58 a. m.,Ordeño,09:32,16.27,1,,,,,0,,0.78,,1.26,0.90,444,,0,0,4.66,,4.88,0.00,VMS 1,,Tanque,,1.14,,1.62,1.26,4.85,,5.33,6.09
12/06/2024 06:45 p. m.,Ordeño,08:50,13.03,2,,,,,0,,0.78,,1.08,0.84,341,,0,0,4.61,,4.91,0.00,VMS 1,,Tanque,,1.26,,1.44,1.26,3.92,,4.24,4.87
13/06/2024 05:46 a. m.,Ordeño,08:33,14.58,1,,,,,0,,0.72,,1.14,0.90,0,,0,0,4.46,,4.73,0.00,VMS 1,,Tanque,,1.08,,1.50,1.32,4.36,,4.70,5.52
13/06/2024 06:17 p. m.,Ordeño,09:50,16.55,2,,,,,0,,0.78,,1.14,0.90,493,,0,0,4.79,,4.92,0.00,VMS 1,,Tanque,,1.14,,1.62,1.44,4.99,,5.43,6.13
14/06/2024 01:51 a. m.,Ordeño,07:28,12.24,1,,,,,0,,0.78,,1.20,0.96,324,,0,0,4.93,,5.11,0.00,VMS 1,,Tanque,,1.14,,1.50,1.38,3.66,,3.91,4.67
14/06/2024 10:32 a. m.,Ordeño,07:24,12.72,2,,,,,0,,0.78,,1.14,0.96,318,,0,0,4.91,,5.22,0.00,VMS 1,,Tanque,,1.14,,1.56,1.38,3.86,,4.10,4.76
14/06/2024 10:15 p. m.,Ordeño,10:12,17.30,3,,,,,0,,0.72,,1.14,0.84,0,,0,0,4.88,,5.07,0.00,VMS 1,,Tanque,,1.08,,1.44,1.20,5.25,,5.69,6.36
15/06/2024 09:17 a. m.,Ordeño,09:14,16.26,1,,,,,0,,0.84,,1.26,0.90,468,,0,0,4.77,,5.05,0.00,VMS 1,,Tanque,,1.26,,1.74,1.32,4.93,,5.26,6.07
15/06/2024 10:45 p. m.,Ordeño,10:54,17.75,2,,,,,0,,0.72,,1.20,0.84,571,,0,0,4.61,,4.86,0.00,VMS 1,,Tanque,,1.14,,1.74,1.20,5.34,,5.73,6.68
16/06/2024 09:04 a. m.,Ordeño,09:52,15.01,1,,,,,0,,0.72,,1.26,0.96,463,,0,0,4.70,,4.98,0.00,VMS 1,,Tanque,,1.14,,1.62,1.38,4.45,,4.96,5.60
16/06/2024 06:25 p. m.,Ordeño,08:35,11.64,2,,,,,0,,0.66,,1.14,0.72,655,,0,0,4.42,,4.58,0.00,VMS 1,,Tanque,,1.08,,1.50,1.14,3.66,,3.85,4.13
17/06/2024 06:46 a. m.,Ordeño,09:50,18.35,1,,,,,0,,0.84,,1.26,0.90,437,,0,0,4.92,,5.14,0.00,VMS 1,,Tanque,,1.20,,1.68,1.26,5.56,,5.91,6.88
17/06/2024 10:40 p. m.,Ordeño,14:17,21.61,2,,,,,0,,0.78,,1.02,0.90,422,,0,0,4.79,,4.51,0.00,VMS 1,,Tanque,Separada manualmente,1.14,,1.74,1.32,6.57,,6.98,8.06
18/06/2024 09:31 p. m.,Ordeño,17:54,14.60,1,,,TI,TI,0,,0.72,,0.00,0.78,461,,0,0,4.87,,0.00,0.00,VMS 1,,Tanque,,1.20,,0.00,1.20,6.55,,0.00,8.05
19/06/2024 01:23 a. m.,Ordeño,09:14,11.68,1,,,,,0,,0.66,,1.26,0.78,2549,,0,0,4.07,,5.34,0.00,VMS 1,,Tanque,,0.96,,1.62,1.14,1.82,,7.53,2.33
19/06/2024 01:30 p. m.,Ordeño,08:31,12.95,2,,,,,0,,0.78,,1.26,0.84,448,,316,0,4.64,,4.57,0.00,VMS 1,,Tanque,,1.26,,1.80,1.26,4.21,,3.55,5.19
19/06/2024 10:56 p. m.,Ordeño,08:17,11.63,3,,,,,0,,0.78,,1.14,0.84,0,,0,0,4.73,,4.93,0.00,VMS 1,,Tanque,,1.20,,1.68,1.20,3.81,,3.22,4.60
20/06/2024 05:59 a. m.,Ordeño,06:42,9.66,1,,,,,0,,0.78,,1.26,0.96,398,,0,0,4.91,,5.29,0.00,VMS 1,,Tanque,,1.08,,1.68,1.26,3.03,,2.85,3.78
20/06/2024 04:43 p. m.,Ordeño,08:00,14.11,2,,,,,0,,0.78,,1.32,0.96,479,,0,0,4.92,,5.29,0.00,VMS 1,,Tanque,,1.14,,1.74,1.38,4.33,,4.38,5.40
21/06/2024 02:02 a. m.,Ordeño,08:45,13.57,1,,,,,0,,0.84,,1.38,1.02,440,,0,0,4.81,,5.15,0.00,VMS 1,,Tanque,,1.26,,1.74,1.38,4.29,,4.18,5.10
21/06/2024 09:41 a. m.,Ordeño,09:02,9.81,2,,,,,0,,0.78,,1.26,0.78,526,,0,0,4.75,,5.00,0.00,VMS 1,,Tanque,,1.14,,1.80,1.14,3.01,,3.15,3.65
21/06/2024 10:13 p. m.,Ordeño,08:46,17.02,3,,,,,0,,0.84,,1.50,0.96,523,,0,0,4.83,,5.16,0.00,VMS 1,,Tanque,,1.20,,2.04,1.38,5.23,,5.53,6.26
22/06/2024 08:41 a. m.,Ordeño,08:02,15.24,1,,,,,0,,0.90,,1.44,1.02,398,,0,0,4.83,,5.07,0.00,VMS 1,,Tanque,,1.38,,2.10,1.44,4.79,,4.82,5.63
22/06/2024 06:45 p. m.,Ordeño,07:21,12.90,2,,,,,0,,0.78,,1.26,1.02,584,,0,0,4.50,,4.75,0.00,VMS 1,,Tanque,,1.20,,1.86,1.32,3.95,,4.17,4.78
23/06/2024 04:17 a. m.,Ordeño,08:11,13.33,1,,,,,0,,0.78,,1.26,0.96,482,,0,0,4.79,,5.08,0.00,VMS 1,,Tanque,,1.14,,1.62,1.38,4.06,,4.37,4.90
23/06/2024 01:17 p. m.,Ordeño,08:17,13.20,2,,,,,0,,0.78,,1.26,0.96,593,,0,0,4.88,,5.13,0.00,VMS 1,,Tanque,,1.14,,1.62,1.32,4.01,,4.16,5.03
23/06/2024 09:49 p. m.,Ordeño,07:47,12.12,3,,,,,0,,0.84,,1.32,1.02,495,,0,0,4.75,,4.95,0.00,VMS 1,,Tanque,,1.26,,1.74,1.38,3.64,,3.93,4.55
24/06/2024 06:05 a. m.,Ordeño,07:41,11.78,1,,,,,0,,0.84,,1.26,1.02,496,,0,0,4.68,,4.90,0.00,VMS 1,,Tanque,,1.20,,1.68,1.38,3.68,,3.75,4.35
24/06/2024 04:11 p. m.,Ordeño,08:06,13.05,2,,,,,0,,0.72,,1.20,0.90,580,,0,0,4.47,,4.80,0.00,VMS 1,,Tanque,,1.14,,1.50,1.32,3.98,,4.17,4.90
25/06/2024 12:18 a. m.,Ordeño,07:12,11.72,1,,,,,0,,0.84,,1.26,0.84,396,,0,0,4.64,,4.86,0.00,VMS 1,,Tanque,,1.14,,1.68,1.38,3.50,,3.71,4.51
25/06/2024 01:29 p. m.,Ordeño,09:22,18.24,2,,,,,0,,0.84,,1.32,0.96,0,,0,0,4.97,,5.09,0.00,VMS 1,,Tanque,,1.26,,1.68,1.38,5.47,,5.90,6.87
26/06/2024 12:30 a. m.,Ordeño,09:30,15.18,1,,,,,0,,0.84,,1.26,0.96,379,,0,0,4.72,,4.65,0.00,VMS 1,,Tanque,,1.26,,1.74,1.68,4.62,,4.99,5.57
26/06/2024 10:27 a. m.,Ordeño,07:33,12.79,2,,,,,0,,0.84,,1.32,0.90,0,,0,0,4.66,,4.81,0.00,VMS 1,,Tanque,,1.26,,1.80,1.26,3.83,,4.16,4.80
27/06/2024 12:04 a. m.,Ordeño,09:02,14.65,1,,,,,0,,0.78,,1.32,0.84,352,,0,0,4.40,,4.59,0.00,VMS 1,,Tanque,,1.26,,1.80,1.26,4.39,,4.85,5.41
27/06/2024 10:40 a. m.,Ordeño,08:22,14.64,2,,,,,0,,0.78,,1.38,0.96,0,,0,0,4.94,,5.14,0.00,VMS 1,,Tanque,,1.44,,1.80,1.32,4.39,,4.79,5.46
27/06/2024 09:29 p. m.,Ordeño,08:28,12.78,3,,,,,0,,0.78,,1.20,0.84,0,,0,0,4.57,,4.74,0.00,VMS 1,,Tanque,,1.14,,1.74,1.20,3.84,,4.17,4.77
28/06/2024 06:48 a. m.,Ordeño,07:50,12.81,1,,,,,0,,0.78,,1.32,0.84,0,,0,0,4.97,,5.16,0.00,VMS 1,,Tanque,,1.14,,1.74,1.32,3.77,,4.17,4.87
28/06/2024 02:10 p. m.,Ordeño,06:41,10.23,2,,,,,0,,0.78,,1.32,0.90,0,,0,0,5.09,,5.20,0.00,VMS 1,,Tanque,,1.20,,1.68,1.26,3.05,,3.21,3.97
28/06/2024 10:02 p. m.,Ordeño,07:35,10.72,3,,,,,0,,0.72,,1.32,0.84,0,,0,0,4.97,,5.13,0.00,VMS 1,,Tanque,,1.08,,1.86,1.20,3.18,,3.48,4.06
29/06/2024 07:48 a. m.,Ordeño,08:16,13.50,1,,,,,0,,0.84,,1.44,1.02,0,,0,0,4.94,,5.13,0.00,VMS 1,,Tanque,,1.26,,1.80,1.50,3.96,,4.37,5.17
29/06/2024 08:32 p. m.,Ordeño,11:13,16.23,2,,,,,0,,0.72,,1.26,0.78,0,,0,0,4.65,,4.92,0.00,VMS 1,,Tanque,,1.14,,1.68,1.20,4.81,,5.42,6.00
30/06/2024 09:13 a. m.,Ordeño,09:29,17.31,1,,,,,0,,0.78,,1.32,0.90,0,,0,0,4.78,,5.02,0.00,VMS 1,,Tanque,,1.14,,1.92,1.38,5.17,,5.49,6.65
30/06/2024 06:02 p. m.,Ordeño,07:26,11.53,2,,,,,0,,0.72,,1.26,0.96,0,,0,0,4.61,,4.94,0.00,VMS 1,,Tanque,,1.02,,1.68,1.56,3.45,,3.70,4.38
01/07/2024 02:38 a. m.,Ordeño,08:02,11.62,1,,,,,0,,0.72,,1.32,0.78,0,,0,0,4.85,,4.93,0.00,VMS 1,,Tanque,,1.20,,1.92,1.14,3.45,,3.79,4.38
01/07/2024 03:20 p. m.,Ordeño,10:38,16.29,2,,,,,0,,0.72,,1.14,0.78,0,,0,0,4.90,,4.93,0.00,VMS 1,,Tanque,,1.20,,1.56,1.38,4.82,,5.36,6.11
02/07/2024 05:47 a. m.,Ordeño,13:50,11.18,1,,,TD,TD,0,,0.78,,1.08,0.00,0,,0,0,4.60,,4.67,0.00,VMS 1,,Tanque,,1.44,,1.62,0.00,5.38,,5.80,0.00
02/07/2024 10:30 a. m.,Ordeño,06:24,5.64,2,,TD,TD,,0,,0.66,,1.08,0.66,0,,0,0,4.24,,4.49,0.00,VMS 1,,Tanque,,1.08,,1.50,1.14,2.06,,2.28,1.30
02/07/2024 11:45 p. m.,Ordeño,11:58,13.26,3,,DI,DI,,0,,0.54,,1.14,0.84,0,,0,0,4.47,,4.83,0.00,VMS 1,,Tanque,,1.20,,1.68,1.26,0.57,,5.34,7.35
03/07/2024 09:07 a. m.,Ordeño,13:55,14.26,1,,,,,0,,0.84,,1.14,0.72,0,,0,0,5.13,,4.88,0.00,VMS 1,,Tanque,,1.32,,1.56,1.08,7.28,,4.51,2.47
03/07/2024 09:18 p. m.,Ordeño,07:45,12.14,2,,,,,0,,0.78,,1.20,0.78,0,,0,0,4.36,,4.79,0.00,VMS 1,,Tanque,,1.26,,1.62,1.14,3.84,,4.80,3.50
04/07/2024 11:54 a. m.,Ordeño,08:06,14.56,1,,,,,0,,0.72,,1.26,0.90,0,,0,0,4.62,,4.85,0.00,VMS 1,,Tanque,,1.08,,1.62,1.26,4.17,,5.48,4.91
05/07/2024 12:16 a. m.,Ordeño,09:48,14.15,1,,,,,0,,0.72,,1.26,0.90,0,,0,0,4.84,,4.86,0.00,VMS 1,,Tanque,,1.32,,1.86,1.26,4.13,,5.06,4.96
05/07/2024 01:47 p. m.,Ordeño,10:00,16.36,2,,,,,0,,0.72,,1.26,0.90,0,,0,0,5.12,,5.07,0.00,VMS 1,,Tanque,,1.08,,1.68,1.32,5.06,,5.41,5.89
06/07/2024 12:10 a. m.,Ordeño,07:50,12.54,1,,,,,0,,0.72,,1.14,0.84,0,,0,0,4.87,,4.88,0.00,VMS 1,,Tanque,,1.14,,1.50,1.32,3.79,,4.21,4.54
06/07/2024 02:27 p. m.,Ordeño,11:25,10.23,2,,TD,TD,TD,0,,0.72,,1.20,0.66,0,,0,0,5.13,,5.11,0.00,VMS 1,,Tanque,,1.32,,1.62,1.38,4.76,,5.29,0.18
06/07/2024 05:54 p. m.,Ordeño,08:48,9.09,3,,,,,0,,0.66,,0.90,1.08,0,,0,0,4.45,,4.52,0.00,VMS 1,,Tanque,,1.08,,1.50,1.56,1.16,,1.05,6.88
07/07/2024 08:14 a. m.,Ordeño,09:55,16.91,1,,,,,0,,0.78,,1.26,1.02,0,,0,0,5.08,,5.06,0.00,VMS 1,,Tanque,,1.14,,1.62,1.44,5.27,,5.74,5.90
07/07/2024 09:10 p. m.,Ordeño,09:18,13.23,2,,TD,,,0,,0.66,,1.14,0.96,0,,0,0,4.72,,4.84,0.00,VMS 1,,Tanque,,1.08,,1.62,1.62,4.29,,4.50,4.44
08/07/2024 10:47 a. m.,Ordeño,11:33,16.68,1,,,,,0,,0.78,,1.26,0.96,0,,0,0,5.13,,5.02,0.00,VMS 1,,Tanque,,1.26,,1.74,1.44,4.99,,5.22,6.47
08/07/2024 10:22 p. m.,Ordeño,10:38,13.77,2,,,,,0,,0.78,,1.20,0.96,0,,0,0,4.82,,4.97,0.00,VMS 1,,Tanque,,1.38,,1.74,1.38,4.30,,4.53,4.94
09/07/2024 08:06 a. m.,Ordeño,07:41,12.35,1,,,,,0,,0.78,,1.14,0.96,0,,0,0,5.00,,5.05,0.00,VMS 1,,Tanque,,1.14,,1.56,1.32,3.86,,4.03,4.46
09/07/2024 10:03 p. m.,Ordeño,10:55,17.44,2,,,,,0,,0.72,,1.26,0.96,0,,0,0,4.98,,5.25,0.00,VMS 1,,Tanque,,1.20,,1.62,1.32,5.35,,5.78,6.31
10/07/2024 05:59 a. m.,Ordeño,07:34,10.25,1,,,,,0,,0.66,,1.20,0.90,0,,0,0,4.85,,5.19,0.00,VMS 1,,Tanque,,1.08,,1.56,1.26,3.25,,3.38,3.62
10/07/2024 04:54 p. m.,Ordeño,09:41,13.91,2,,,,,0,,0.78,,1.26,0.96,0,,0,0,5.09,,5.22,0.00,VMS 1,,Tanque,,1.14,,1.68,1.38,4.26,,4.55,5.10
11/07/2024 05:42 a. m.,Ordeño,13:59,10.93,1,,,TI,TI,0,,0.66,,0.00,1.02,0,,0,0,4.96,,0.00,0.00,VMS 1,,Tanque,,1.14,,0.00,1.38,4.70,,0.00,6.23
11/07/2024 05:56 a. m.,Ordeño,12:18,2.67,2,,,,"DI,TD",0,,0.12,,1.02,0.00,0,,0,0,0.80,,5.49,0.00,VMS 1,,Tanque,,0.18,,1.50,0.00,0.05,,2.62,0.00
12/07/2024 12:36 a. m.,Ordeño,14:04,22.23,1,,DI,,,0,,0.72,,1.14,0.96,0,,0,0,4.86,,5.07,0.00,VMS 1,,Tanque,,1.32,,1.62,1.38,6.86,,7.02,8.35
12/07/2024 04:40 p. m.,Ordeño,09:38,15.98,2,,,,,0,,0.72,,1.20,0.90,0,,0,0,4.74,,5.04,0.00,VMS 1,,Tanque,,1.14,,1.56,1.38,5.30,,4.08,6.60
13/07/2024 12:59 a. m.,Ordeño,06:11,8.66,1,,,,,0,,0.72,,0.96,0.90,0,,0,0,4.39,,4.90,0.00,VMS 1,,Tanque,,1.20,,1.38,1.26,2.74,,2.48,3.44
13/07/2024 10:10 a. m.,Ordeño,06:58,10.84,2,,,,,0,,0.72,,1.26,0.96,0,,0,0,5.10,,5.61,0.00,VMS 1,,Tanque,,1.08,,1.62,1.32,3.28,,3.35,4.21
13/07/2024 06:43 p. m.,Ordeño,06:20,10.01,3,,,,,0,,0.78,,1.26,1.02,0,,0,0,5.11,,5.53,0.00,VMS 1,,Tanque,,1.20,,1.62,1.44,3.07,,3.15,3.79
14/07/2024 02:27 a. m.,Ordeño,07:02,9.50,1,,,,,0,,0.72,,1.14,0.96,0,,0,0,4.96,,5.35,0.00,VMS 1,,Tanque,,1.08,,1.56,1.38,2.97,,2.98,3.55
14/07/2024 11:43 a. m.,Ordeño,07:04,11.92,2,,,,,0,,0.78,,1.38,1.02,0,,0,0,5.23,,5.59,0.00,VMS 1,,Tanque,,1.14,,1.74,1.56,3.70,,3.81,4.41
14/07/2024 08:32 p. m.,Ordeño,06:31,11.09,3,,,,,0,,0.84,,1.26,0.96,0,,0,0,5.11,,5.33,0.00,VMS 1,,Tanque,,1.26,,1.62,1.38,3.37,,3.64,4.08
15/07/2024 04:12 a. m.,Ordeño,06:41,9.39,1,,,,,0,,0.78,,1.26,0.90,0,,0,0,4.97,,5.22,0.00,VMS 1,,Tanque,,1.20,,1.56,1.32,2.80,,3.14,3.45
15/07/2024 02:23 p. m.,Ordeño,08:30,12.57,2,,,,,0,,0.72,,1.20,0.96,0,,0,0,5.10,,5.37,0.00,VMS 1,,Tanque,,1.14,,1.56,1.50,3.85,,4.01,4.71
15/07/2024 09:23 p. m.,Ordeño,06:33,5.63,3,,,TD,TD,0,,0.72,,1.20,0.00,0,,0,0,4.88,,5.18,0.00,VMS 1,,Tanque,,1.08,,1.62,0.00,2.73,,2.90,0.00
16/07/2024 02:22 p. m.,Ordeño,13:03,22.35,1,,,,,0,,0.78,,1.26,1.02,0,,0,0,5.07,,5.48,0.00,VMS 1,,Tanque,,1.20,,1.62,1.44,6.84,,7.32,8.19
17/07/2024 12:08 a. m.,Ordeño,08:01,11.44,1,,,,,0,,0.72,,1.20,0.96,0,,0,0,4.63,,4.86,0.00,VMS 1,,Tanque,,1.08,,1.92,1.32,3.94,,4.01,3.49
17/07/2024 04:00 p. m.,Ordeño,11:32,17.73,2,,,,,0,,0.78,,1.20,1.02,0,,0,0,4.89,,5.04,0.00,VMS 1,,Tanque,,1.14,,1.68,1.50,5.69,,6.11,5.93
18/07/2024 04:11 a. m.,Ordeño,09:03,15.37,1,,,,,0,,0.78,,1.14,0.96,0,,0,0,4.62,,4.80,0.00,VMS 1,,Tanque,,1.20,,1.74,1.44,4.79,,5.20,5.38
18/07/2024 05:51 p. m.,Ordeño,10:33,16.46,2,,,,,0,,0.72,,1.14,0.78,0,,0,0,4.68,,4.95,0.00,VMS 1,,Tanque,,1.08,,1.62,1.32,5.04,,5.50,5.92
19/07/2024 05:39 a. m.,Ordeño,10:43,9.16,1,,,TD,TD,0,,0.72,,1.20,0.00,0,,0,0,4.65,,4.81,0.00,VMS 1,,Tanque,,1.08,,1.62,0.00,4.50,,4.66,0.00
19/07/2024 08:22 p. m.,Ordeño,12:49,20.42,2,,,,,0,,0.72,,1.20,1.02,0,,0,0,4.77,,4.96,0.00,VMS 1,,Tanque,,1.14,,1.62,1.38,5.75,,6.24,8.43
20/07/2024 06:48 a. m.,Ordeño,08:14,12.50,1,,,,,0,,0.72,,1.20,0.96,0,,0,0,4.73,,4.88,0.00,VMS 1,,Tanque,,1.14,,1.68,1.50,4.29,,4.47,3.74
20/07/2024 04:32 p. m.,Ordeño,08:44,11.44,2,,,,,0,,0.72,,1.14,0.96,0,,0,0,4.81,,5.06,0.00,VMS 1,,Tanque,,1.08,,1.62,1.32,3.86,,4.14,3.44
20/07/2024 11:32 p. m.,Ordeño,07:06,8.69,3,,,,,0,,0.72,,1.20,0.90,0,,0,0,4.78,,5.05,0.00,VMS 1,,Tanque,,1.26,,1.50,1.44,2.83,,3.00,2.86
21/07/2024 10:06 a. m.,Ordeño,07:53,13.47,1,,,,,0,,0.78,,1.20,1.02,0,,0,0,4.98,,5.11,0.00,VMS 1,,Tanque,,1.14,,1.56,1.62,4.28,,4.50,4.69
21/07/2024 08:44 p. m.,Ordeño,08:39,12.86,2,,,,,0,,0.72,,1.14,0.90,0,,0,0,4.83,,5.04,0.00,VMS 1,,Tanque,,1.14,,1.62,1.32,4.04,,4.23,4.59
22/07/2024 06:06 a. m.,Ordeño,07:37,11.82,1,,,,,0,,0.78,,1.20,0.96,0,,0,0,4.88,,5.05,0.00,VMS 1,,Tanque,,1.20,,1.56,1.32,3.79,,3.83,4.20
22/07/2024 03:37 p. m.,Ordeño,07:58,12.31,2,,,,,0,,0.72,,1.20,1.08,0,,0,0,4.84,,4.97,0.00,VMS 1,,Tanque,,1.14,,1.50,1.50,3.87,,3.97,4.47
22/07/2024 11:17 p. m.,Ordeño,06:34,9.86,3,,,,,0,,0.72,,1.14,0.96,0,,0,0,4.90,,5.05,0.00,VMS 1,,Tanque,,1.14,,1.56,1.32,3.08,,3.22,3.56
23/07/2024 08:38 a. m.,Ordeño,07:35,12.35,1,,,,,0,,0.78,,1.14,0.96,0,,0,0,4.93,,5.04,0.00,VMS 1,,Tanque,,1.20,,1.50,1.50,3.82,,4.01,4.52
23/07/2024 05:05 p. m.,Ordeño,07:12,11.30,2,,,,,0,,0.78,,1.14,0.96,0,,0,0,4.79,,5.00,0.00,VMS 1,,Tanque,,1.14,,1.56,1.26,3.59,,3.60,4.11
24/07/2024 01:26 a. m.,Ordeño,07:10,11.36,1,,,,,0,,0.78,,1.20,0.96,0,,0,0,5.01,,5.09,0.00,VMS 1,,Tanque,,1.14,,1.56,1.32,3.53,,3.60,4.23
24/07/2024 10:07 a. m.,Ordeño,07:29,10.79,2,,,,,0,,0.78,,1.20,0.90,0,,0,0,4.73,,4.87,0.00,VMS 1,,Tanque,,1.14,,1.68,1.32,3.31,,3.50,3.98
24/07/2024 08:19 p. m.,Ordeño,09:17,12.84,3,,,,,0,,0.66,,1.14,0.84,0,,0,0,4.61,,4.75,0.00,VMS 1,,Tanque,,1.02,,1.50,1.50,3.86,,4.15,4.83
25/07/2024 04:06 a. m.,Ordeño,07:38,9.71,1,,,,,0,,0.72,,1.14,0.84,0,,0,0,4.57,,4.76,0.00,VMS 1,,Tanque,,1.02,,1.50,1.26,3.04,,3.10,3.57
25/07/2024 05:01 p. m.,Ordeño,09:29,15.65,2,,,,,0,,0.72,,1.14,0.78,0,,0,0,4.64,,4.80,0.00,VMS 1,,Tanque,,1.08,,1.50,1.20,4.77,,5.10,5.78
26/07/2024 01:18 a. m.,Ordeño,07:22,10.54,1,,,,,0,,0.72,,1.14,0.84,0,,0,0,4.54,,4.57,0.00,VMS 1,,Tanque,,1.20,,1.56,1.26,3.25,,3.32,3.97
26/07/2024 08:39 a. m.,Ordeño,06:15,9.42,2,,,,,0,,0.72,,1.08,0.90,0,,0,0,4.79,,4.81,0.00,VMS 1,,Tanque,,1.14,,1.44,1.26,2.81,,3.01,3.60
26/07/2024 05:39 p. m.,Ordeño,06:52,10.15,3,,,,,0,,0.72,,1.08,0.96,0,,0,0,4.65,,4.68,0.00,VMS 1,,Tanque,,1.14,,1.44,1.38,3.11,,3.25,3.79
27/07/2024 05:45 a. m.,Ordeño,09:09,13.90,1,,,,,0,,0.78,,1.20,0.84,0,,0,0,4.64,,4.75,0.00,VMS 1,,Tanque,,1.20,,1.56,1.20,4.46,,4.38,5.06
27/07/2024 01:30 p. m.,Ordeño,06:59,9.83,2,,,,,0,,0.78,,1.08,0.84,0,,0,0,4.85,,4.88,0.00,VMS 1,,Tanque,,1.14,,1.56,1.32,3.09,,3.17,3.57
27/07/2024 09:41 p. m.,Ordeño,07:45,10.76,3,,,,,0,,0.72,,1.20,0.90,0,,0,0,4.91,,5.08,0.00,VMS 1,,Tanque,,1.08,,1.68,1.26,3.32,,3.54,3.90
28/07/2024 04:25 a. m.,Ordeño,06:19,8.91,1,,,,,0,,0.78,,1.20,0.90,0,,0,0,4.98,,5.03,0.00,VMS 1,,Tanque,,1.50,,1.62,1.26,2.82,,2.88,3.21
28/07/2024 04:21 p. m.,Ordeño,08:46,15.62,2,,,,,0,,0.78,,1.14,0.90,0,,0,0,4.89,,5.03,0.00,VMS 1,,Tanque,,1.14,,1.62,1.20,4.85,,4.99,5.78
28/07/2024 11:40 p. m.,Ordeño,06:18,9.05,3,,,,,0,,0.72,,1.08,0.84,0,,0,0,4.55,,4.64,0.00,VMS 1,,Tanque,,1.14,,1.44,1.26,2.83,,2.89,3.33
29/07/2024 08:40 a. m.,Ordeño,06:58,10.39,1,,,,,0,,0.72,,1.14,0.84,0,,0,0,4.55,,4.80,0.00,VMS 1,,Tanque,,1.08,,1.50,1.26,3.21,,3.39,3.79
29/07/2024 04:26 p. m.,Ordeño,06:13,8.66,2,,,,,0,,0.72,,1.14,0.90,0,,0,0,4.63,,4.78,0.00,VMS 1,,Tanque,,0.96,,1.50,1.32,2.65,,2.83,3.18
30/07/2024 12:25 a. m.,Ordeño,06:42,10.05,1,,,,,0,,0.72,,1.14,0.84,0,,0,0,4.70,,4.79,0.00,VMS 1,,Tanque,,1.14,,1.50,1.20,3.14,,3.22,3.69
30/07/2024 09:09 a. m.,Ordeño,09:13,10.98,2,,,,,0,,0.72,,1.08,0.78,0,,0,0,4.90,,4.98,0.00,VMS 1,,Tanque,,1.08,,1.50,1.14,3.42,,3.60,3.96
30/07/2024 10:17 p. m.,Ordeño,11:05,16.63,3,,,,,0,,0.78,,1.14,0.78,0,,0,0,4.84,,5.02,0.00,VMS 1,,Tanque,,1.20,,1.50,1.20,5.24,,5.44,5.95
31/07/2024 07:22 a. m.,Ordeño,07:06,11.93,1,,,,,0,,0.84,,1.14,0.84,0,,0,0,4.66,,4.78,0.00,VMS 1,,Tanque,,1.20,,1.74,1.20,3.76,,3.79,4.38
31/07/2024 05:36 p. m.,Ordeño,08:08,12.37,2,,,,,0,,0.72,,1.08,0.84,0,,0,0,4.64,,4.92,0.00,VMS 1,,Tanque,,1.14,,1.44,1.38,3.84,,4.05,4.48
01/08/2024 07:00 a. m.,Ordeño,10:38,17.28,1,,,,,0,,0.72,,1.14,0.78,0,,0,0,4.63,,4.86,0.00,VMS 1,,Tanque,,1.14,,1.50,1.44,5.42,,5.77,6.09
01/08/2024 06:05 p. m.,Ordeño,07:55,13.49,2,,,,,0,,0.78,,1.14,0.90,0,,0,0,4.52,,4.71,0.00,VMS 1,,Tanque,,1.20,,1.56,1.44,4.27,,4.31,4.91
02/08/2024 12:48 a. m.,Ordeño,06:02,7.71,1,,,,,0,,0.66,,1.14,0.84,0,,0,0,4.48,,4.78,0.00,VMS 1,,Tanque,,0.96,,1.44,1.26,2.37,,2.57,2.77
02/08/2024 12:33 p. m.,Ordeño,08:38,14.06,2,,,,,0,,0.72,,1.26,0.90,0,,0,0,4.93,,5.10,0.00,VMS 1,,Tanque,,1.08,,1.56,1.32,4.36,,4.67,5.03
02/08/2024 08:21 p. m.,Ordeño,06:19,7.92,3,,,,,0,,0.66,,1.20,0.84,0,,0,0,4.38,,4.66,0.00,VMS 1,,Tanque,,1.20,,1.50,1.20,2.49,,2.54,2.89
03/08/2024 04:10 a. m.,Ordeño,06:59,8.74,1,,,,,0,,0.66,,1.20,0.90,0,,0,0,4.54,,4.71,0.00,VMS 1,,Tanque,,0.96,,1.50,1.26,2.68,,2.87,3.19
03/08/2024 12:25 p. m.,Ordeño,07:28,10.39,2,,,,,0,,0.84,,1.32,0.90,0,,0,0,5.19,,5.24,0.00,VMS 1,,Tanque,,1.32,,1.68,1.32,3.26,,3.38,3.75
03/08/2024 08:49 p. m.,Ordeño,08:10,11.09,3,,,,,0,,0.72,,1.32,0.84,0,,0,0,4.97,,5.15,0.00,VMS 1,,Tanque,,1.02,,1.62,1.26,3.49,,3.70,3.90
04/08/2024 05:51 a. m.,Ordeño,08:20,11.97,1,,,,,0,,0.78,,1.20,0.90,0,,0,0,4.88,,5.03,0.00,VMS 1,,Tanque,,1.38,,1.62,1.32,3.72,,3.95,4.30
04/08/2024 05:07 p. m.,Ordeño,10:05,14.56,2,,,,,0,,0.84,,1.26,0.84,0,,0,0,4.98,,4.98,0.00,VMS 1,,Tanque,,1.26,,1.86,1.26,4.50,,4.67,5.39
05/08/2024 05:06 a. m.,Ordeño,09:45,14.94,1,,,,,0,,0.72,,1.38,0.90,0,,0,0,4.74,,4.86,0.00,VMS 1,,Tanque,,1.08,,1.74,1.38,4.61,,4.94,5.39
05/08/2024 01:50 p. m.,Ordeño,06:18,9.14,2,,,,,0,,0.72,,1.20,0.90,0,,0,0,4.45,,4.64,0.00,VMS 1,,Tanque,,1.08,,1.56,1.32,2.81,,3.06,3.27
06/08/2024 01:46 a. m.,Ordeño,09:44,13.64,1,,,,,0,,0.66,,1.20,0.78,0,,0,0,4.62,,4.76,0.00,VMS 1,,Tanque,,1.02,,1.68,1.20,4.19,,4.44,5.01
06/08/2024 01:12 p. m.,Ordeño,07:46,13.36,2,,,,,0,,0.78,,1.26,1.02,0,,0,0,4.75,,4.88,0.00,VMS 1,,Tanque,,1.14,,1.68,1.38,4.15,,4.23,4.98
06/08/2024 10:45 p. m.,Ordeño,07:27,10.41,3,,,,,0,,0.72,,1.20,0.90,0,,0,0,4.56,,4.74,0.00,VMS 1,,Tanque,,1.08,,1.62,1.38,3.30,,3.40,3.71
07/08/2024 01:58 p. m.,Ordeño,10:32,18.80,1,,,,,0,,0.84,,1.38,0.84,0,,0,0,4.99,,5.02,0.00,VMS 1,,Tanque,,1.14,,1.80,1.32,6.07,,5.76,6.97
07/08/2024 10:15 p. m.,Ordeño,06:50,10.05,2,,,,,0,,0.78,,1.26,1.02,0,,0,0,4.66,,4.82,0.00,VMS 1,,Tanque,,1.26,,1.62,1.38,3.07,,3.23,3.75
08/08/2024 04:55 a. m.,Ordeño,06:46,8.08,1,,,,,0,,0.72,,1.20,0.84,0,,0,0,4.86,,4.96,0.00,VMS 1,,Tanque,,1.08,,1.56,1.38,2.52,,2.65,2.91
08/08/2024 01:01 p. m.,Ordeño,06:45,10.22,2,,,,,0,,0.78,,1.32,0.84,0,,0,0,5.07,,5.15,0.00,VMS 1,,Tanque,,1.14,,1.56,1.26,3.17,,3.34,3.71
08/08/2024 10:46 p. m.,Ordeño,07:58,11.93,3,,,,,0,,0.72,,1.20,0.96,0,,0,0,5.03,,5.18,0.00,VMS 1,,Tanque,,1.20,,1.56,1.32,3.65,,3.84,4.44
09/08/2024 08:33 a. m.,Ordeño,07:15,12.61,1,,,,,0,,0.84,,1.38,1.02,0,,0,0,4.89,,4.97,0.00,VMS 1,,Tanque,,1.20,,1.80,1.38,3.98,,4.17,4.46
09/08/2024 03:47 p. m.,Ordeño,06:01,8.53,2,,,,,0,,0.78,,1.26,1.08,0,,0,0,4.78,,4.92,0.00,VMS 1,,Tanque,,1.20,,1.68,1.38,2.68,,2.81,3.04
09/08/2024 11:47 p. m.,Ordeño,07:21,9.62,3,,,,,0,,0.66,,1.14,0.84,0,,0,0,4.77,,4.91,0.00,VMS 1,,Tanque,,0.90,,1.50,1.26,2.93,,3.14,3.55
10/08/2024 09:39 a. m.,Ordeño,08:17,12.40,1,,,,,0,,0.66,,1.32,1.02,0,,0,0,4.67,,4.92,0.00,VMS 1,,Tanque,,1.02,,1.74,1.38,3.88,,4.17,4.35
10/08/2024 08:22 p. m.,Ordeño,08:09,12.35,2,,,,,0,,0.78,,1.20,0.96,0,,0,0,4.62,,4.81,0.00,VMS 1,,Tanque,,1.32,,1.50,1.32,3.82,,4.03,4.50
11/08/2024 04:06 a. m.,Ordeño,06:37,9.41,1,,,,,0,,0.72,,1.14,0.96,0,,0,0,4.62,,4.93,0.00,VMS 1,,Tanque,,1.14,,1.44,1.38,2.93,,3.02,3.46
11/08/2024 12:42 p. m.,Ordeño,07:45,9.10,2,,,,,0,,0.66,,1.14,0.90,0,,0,0,4.71,,4.90,0.00,VMS 1,,Tanque,,1.08,,1.50,1.38,2.75,,2.92,3.43
11/08/2024 10:01 p. m.,Ordeño,07:24,11.40,3,,,,,0,,0.78,,1.08,1.02,0,,0,0,4.66,,4.87,0.00,VMS 1,,Tanque,,1.08,,1.56,1.50,3.50,,3.70,4.20
12/08/2024 12:42 p. m.,Ordeño,10:44,12.50,1,,TD,TD,,0,,0.78,,1.20,0.72,0,,0,0,4.97,,5.11,0.00,VMS 1,,Tanque,,1.26,,1.56,1.38,5.72,,5.97,0.81
12/08/2024 01:43 p. m.,Ordeño,10:10,6.59,2,,,,,0,,0.18,,0.18,0.90,0,,0,0,3.57,,3.71,0.00,VMS 1,,Tanque,,0.54,,0.54,1.38,0.33,,0.32,5.94
12/08/2024 08:26 p. m.,Ordeño,05:55,6.99,3,,,,,0,,0.66,,1.02,0.84,0,,0,0,4.25,,4.47,0.00,VMS 1,,Tanque,,1.02,,1.38,1.26,2.10,,2.21,2.68
13/08/2024 05:12 a. m.,Ordeño,09:25,10.42,1,,,,,0,,0.66,,1.02,0.78,0,,0,0,4.86,,5.01,0.00,VMS 1,,Tanque,,1.02,,1.38,1.26,3.15,,3.48,3.79
13/08/2024 01:37 p. m.,Ordeño,06:33,10.80,2,,,,,0,,0.90,,1.20,1.02,0,,0,0,5.12,,5.12,0.00,VMS 1,,Tanque,,1.20,,1.50,1.50,3.41,,3.56,3.83
13/08/2024 09:35 p. m.,Ordeño,06:47,9.11,3,,,,,0,,0.78,,1.20,0.90,0,,0,0,4.74,,4.76,0.00,VMS 1,,Tanque,,1.14,,1.56,1.38,2.84,,3.04,3.23
14/08/2024 10:32 a. m.,Ordeño,09:30,16.27,1,,,,,0,,0.78,,1.26,0.84,0,,0,0,4.96,,5.03,0.00,VMS 1,,Tanque,,1.14,,1.62,1.20,5.06,,5.32,5.89
14/08/2024 08:27 p. m.,Ordeño,08:22,12.13,2,,,,,0,,0.66,,1.20,0.90,0,,0,0,4.62,,4.84,0.00,VMS 1,,Tanque,,1.02,,1.50,1.32,3.76,,3.89,4.48
15/08/2024 04:45 a. m.,Ordeño,06:43,10.20,1,,,,,0,,0.72,,1.14,0.90,0,,0,0,4.71,,4.79,0.00,VMS 1,,Tanque,,1.26,,1.50,1.26,3.18,,3.33,3.69
15/08/2024 04:21 p. m.,Ordeño,08:32,14.66,2,,,,,0,,0.78,,1.26,0.90,0,,0,0,4.81,,4.89,0.00,VMS 1,,Tanque,,1.14,,1.68,1.32,4.49,,4.78,5.39
15/08/2024 11:20 p. m.,Ordeño,06:36,8.02,3,,,,,0,,0.66,,1.14,0.78,0,,0,0,4.39,,4.52,0.00,VMS 1,,Tanque,,1.02,,1.44,1.26,2.45,,2.63,2.94
16/08/2024 08:38 a. m.,Ordeño,08:07,11.45,1,,,,,0,,0.66,,1.14,0.78,0,,0,0,4.65,,4.93,0.00,VMS 1,,Tanque,,1.02,,1.56,1.20,3.47,,3.76,4.22
16/08/2024 08:24 p. m.,Ordeño,08:39,13.20,2,,,,,0,,0.78,,1.20,0.90,0,,0,0,4.66,,4.79,0.00,VMS 1,,Tanque,,1.20,,1.62,1.26,4.14,,4.40,4.66
17/08/2024 04:12 a. m.,Ordeño,06:47,9.49,1,,,,,0,,0.66,,1.14,0.96,0,,0,0,4.57,,4.69,0.00,VMS 1,,Tanque,,1.02,,1.56,1.44,2.97,,3.11,3.41
17/08/2024 10:58 a. m.,Ordeño,05:32,7.22,2,,,,,0,,0.66,,1.08,0.84,0,,0,0,4.56,,4.68,0.00,VMS 1,,Tanque,,1.02,,1.38,1.32,2.19,,2.32,2.71
17/08/2024 06:44 p. m.,Ordeño,06:17,8.91,3,,,,,0,,0.66,,1.14,0.78,0,,0,0,4.68,,4.83,0.00,VMS 1,,Tanque,,1.08,,1.56,1.20,2.69,,2.90,3.32
18/08/2024 09:06 a. m.,Ordeño,10:17,18.39,1,,,,,0,,0.72,,1.26,0.96,0,,0,0,5.02,,5.04,0.00,VMS 1,,Tanque,,1.08,,1.56,1.38,5.60,,6.19,6.60
18/08/2024 04:50 p. m.,Ordeño,06:43,8.93,2,,,,,0,,0.72,,1.08,0.90,0,,0,0,4.38,,4.59,0.00,VMS 1,,Tanque,,1.14,,1.44,1.26,2.81,,2.80,3.32
19/08/2024 04:53 a. m.,Ordeño,08:08,14.30,1,,,,,0,,0.72,,1.20,0.84,0,,0,0,4.69,,4.77,0.00,VMS 1,,Tanque,,1.08,,1.86,1.26,4.43,,4.66,5.21
19/08/2024 04:26 p. m.,Ordeño,08:27,13.36,2,,,,,0,,0.72,,1.14,0.90,0,,0,0,4.57,,4.81,0.00,VMS 1,,Tanque,,1.14,,1.74,1.32,4.16,,4.31,4.89
20/08/2024 12:21 a. m.,Ordeño,08:06,10.16,1,,,,,0,,0.60,,1.08,0.90,0,,0,0,4.48,,4.61,0.00,VMS 1,,Tanque,,1.02,,1.38,1.50,3.20,,3.25,3.71
20/08/2024 08:00 a. m.,Ordeño,06:59,9.21,2,,,,,0,,0.66,,1.20,1.02,0,,0,0,4.73,,4.93,0.00,VMS 1,,Tanque,,1.02,,1.74,1.44,2.84,,3.03,3.34
20/08/2024 09:55 p. m.,Ordeño,12:18,10.69,3,,,TI,TI,0,,0.72,,0.00,0.96,0,,0,0,4.52,,0.00,0.00,VMS 1,,Tanque,,1.32,,0.00,1.38,4.71,,0.00,5.98
21/08/2024 12:34 a. m.,Ordeño,07:49,8.01,1,,,,,0,,0.60,,1.20,0.72,0,,0,0,4.41,,4.91,0.00,VMS 1,,Tanque,,0.96,,1.62,1.08,1.40,,5.48,1.13
21/08/2024 12:06 p. m.,Ordeño,08:56,15.16,2,,,,,0,,0.78,,1.32,0.90,0,,0,0,4.87,,4.79,0.00,VMS 1,,Tanque,,1.14,,1.86,1.32,4.65,,4.87,5.64
21/08/2024 08:10 p. m.,Ordeño,06:39,9.12,3,,,,,0,,0.72,,1.08,0.90,0,,0,0,4.52,,4.72,0.00,VMS 1,,Tanque,,1.08,,1.44,1.32,2.81,,2.77,3.54
22/08/2024 05:37 a. m.,Ordeño,07:07,10.35,1,,,,,0,,0.72,,1.14,0.96,0,,0,0,4.50,,4.75,0.00,VMS 1,,Tanque,,1.02,,1.50,1.32,3.25,,3.22,3.88
22/08/2024 03:41 p. m.,Ordeño,07:30,12.03,2,,,,,0,,0.72,,1.14,0.90,0,,0,0,4.85,,4.94,0.00,VMS 1,,Tanque,,1.08,,1.44,1.38,3.60,,3.84,4.59
23/08/2024 12:31 a. m.,Ordeño,07:31,11.06,1,,,,,0,,0.72,,1.14,0.84,0,,0,0,4.86,,5.00,0.00,VMS 1,,Tanque,,1.08,,1.44,1.26,3.46,,3.48,4.12
23/08/2024 10:06 a. m.,Ordeño,07:51,13.02,2,,,,,0,,0.78,,1.14,0.90,0,,0,0,4.93,,5.03,0.00,VMS 1,,Tanque,,1.14,,1.44,1.32,4.07,,4.20,4.75
23/08/2024 09:12 p. m.,Ordeño,09:42,13.92,3,,TI,,,0,,1.08,,0.78,0.90,0,,0,0,4.82,,4.77,0.00,VMS 1,,Tanque,,1.50,,1.14,1.38,4.90,,3.81,5.21
24/08/2024 06:22 a. m.,Ordeño,07:25,12.64,1,,,,,0,,0.78,,1.32,1.02,0,,0,0,4.72,,4.70,0.00,VMS 1,,Tanque,,1.14,,1.68,1.44,3.82,,4.19,4.63
24/08/2024 04:41 p. m.,Ordeño,07:11,13.06,2,,,,,0,,0.84,,1.32,1.02,0,,0,0,4.72,,4.83,0.00,VMS 1,,Tanque,,1.20,,1.80,1.62,4.03,,4.21,4.82
25/08/2024 02:09 a. m.,Ordeño,07:04,10.65,1,,,,,0,,0.78,,1.32,0.96,0,,0,0,4.63,,4.69,0.00,VMS 1,,Tanque,,1.32,,1.68,1.44,3.31,,3.43,3.91
25/08/2024 01:24 p. m.,Ordeño,08:10,13.96,2,,,,,0,,0.78,,1.26,1.02,0,,0,0,4.72,,4.93,0.00,VMS 1,,Tanque,,1.20,,1.62,1.32,4.38,,4.57,5.01
25/08/2024 09:44 p. m.,Ordeño,06:47,10.55,3,,,,,0,,0.72,,1.32,0.90,0,,0,0,4.56,,4.64,0.00,VMS 1,,Tanque,,1.14,,1.62,1.32,3.30,,3.47,3.78
26/08/2024 04:50 a. m.,Ordeño,06:13,8.78,1,,,,,0,,0.72,,1.26,0.96,0,,0,0,4.56,,4.79,0.00,VMS 1,,Tanque,,1.14,,1.74,1.32,2.72,,2.87,3.19
26/08/2024 01:25 p. m.,Ordeño,07:43,10.85,2,,,,,0,,0.84,,1.26,0.90,0,,0,0,4.92,,5.05,0.00,VMS 1,,Tanque,,1.20,,1.62,1.38,3.38,,3.55,3.92
26/08/2024 08:55 p. m.,Ordeño,07:10,9.55,3,,,,,0,,0.72,,1.20,0.90,0,,0,0,4.67,,4.92,0.00,VMS 1,,Tanque,,1.02,,1.50,1.26,2.97,,3.06,3.52
27/08/2024 05:23 a. m.,Ordeño,06:49,10.98,1,,,,,0,,0.78,,1.32,0.90,0,,0,0,4.84,,5.02,0.00,VMS 1,,Tanque,,1.14,,1.62,1.26,3.42,,3.51,4.05
27/08/2024 01:54 p. m.,Ordeño,05:58,9.91,2,,,,,0,,0.84,,1.26,1.02,0,,0,0,4.65,,4.90,0.00,VMS 1,,Tanque,,1.14,,1.62,1.38,3.00,,3.19,3.72
27/08/2024 09:15 p. m.,Ordeño,05:45,8.36,3,,,,,0,,0.72,,1.20,0.90,0,,0,0,4.60,,4.69,0.00,VMS 1,,Tanque,,1.08,,1.56,1.26,2.56,,2.74,3.06
28/08/2024 05:39 a. m.,Ordeño,07:00,11.44,1,,,,,0,,0.78,,1.26,0.96,0,,0,0,4.94,,5.01,0.00,VMS 1,,Tanque,,1.32,,1.68,1.38,3.55,,3.74,4.15
28/08/2024 02:31 p. m.,Ordeño,07:10,11.23,2,,,,,0,,0.78,,1.20,0.90,0,,0,0,4.82,,4.88,0.00,VMS 1,,Tanque,,1.14,,1.62,1.32,3.51,,3.57,4.15
28/08/2024 11:05 p. m.,Ordeño,07:34,11.10,3,,,,,0,,0.72,,1.14,0.90,0,,0,0,4.66,,4.91,0.00,VMS 1,,Tanque,,1.08,,1.50,1.44,3.47,,3.61,4.02
29/08/2024 06:32 a. m.,Ordeño,07:37,9.64,1,,,,,0,,0.78,,1.14,0.90,0,,0,0,4.85,,4.91,0.00,VMS 1,,Tanque,,1.14,,1.56,1.32,3.02,,3.11,3.51
29/08/2024 04:37 p. m.,Ordeño,07:21,12.05,2,,,,,0,,0.78,,1.20,1.02,0,,0,0,4.69,,4.88,0.00,VMS 1,,Tanque,,1.14,,1.50,1.50,3.76,,3.82,4.47
30/08/2024 01:14 a. m.,Ordeño,06:33,10.45,1,,,,,0,,0.78,,1.26,1.02,0,,0,0,4.50,,4.74,0.00,VMS 1,,Tanque,,1.14,,1.68,1.44,3.23,,3.34,3.88
30/08/2024 12:15 p. m.,Ordeño,08:17,14.10,2,,,,,0,,0.78,,1.20,0.84,0,,0,0,4.76,,4.90,0.00,VMS 1,,Tanque,,1.08,,1.68,1.32,4.38,,4.60,5.12
30/08/2024 09:21 p. m.,Ordeño,07:43,4.37,3,,DI,"DI,TI","DI,TI",0,,0.42,,0.00,0.84,0,,0,0,3.69,,0.00,0.00,VMS 1,,Tanque,,0.90,,0.00,1.26,0.08,,0.00,4.29
31/08/2024 07:37 a. m.,Ordeño,15:44,15.78,1,,,,,0,,0.78,,1.08,0.90,0,,0,0,4.92,,5.13,0.00,VMS 1,,Tanque,,1.08,,1.56,1.26,5.52,,5.47,4.79
31/08/2024 03:06 p. m.,Ordeño,09:56,6.35,2,,,TI,TI,0,,0.66,,0.00,0.96,0,,0,0,4.20,,0.00,0.00,VMS 1,,Tanque,,1.44,,0.00,1.44,2.84,,0.00,3.51
31/08/2024 11:48 p. m.,Ordeño,07:12,12.43,3,,,,,0,,0.66,,1.08,0.90,0,,0,0,4.36,,4.42,0.00,VMS 1,,Tanque,,1.08,,1.62,1.32,2.87,,5.62,3.94
01/09/2024 07:56 a. m.,Ordeño,06:00,8.89,1,,,,,0,,0.78,,1.14,0.96,0,,0,0,4.75,,4.43,0.00,VMS 1,,Tanque,,1.14,,1.80,1.38,2.75,,2.33,3.81
01/09/2024 03:35 p. m.,Ordeño,06:10,8.62,2,,,,,0,,0.78,,1.08,0.96,0,,0,0,4.92,,4.85,0.00,VMS 1,,Tanque,,1.02,,1.50,1.32,2.63,,2.31,3.68
02/09/2024 07:23 a. m.,Ordeño,09:06,18.77,1,,,,,0,,0.84,,1.20,0.90,0,,0,0,5.03,,5.13,0.00,VMS 1,,Tanque,,1.32,,1.56,1.32,6.24,,5.68,6.85
02/09/2024 02:59 p. m.,Ordeño,06:00,7.71,2,,,,,0,,0.78,,1.14,0.90,0,,0,0,4.60,,4.83,0.00,VMS 1,,Tanque,,1.20,,1.56,1.44,2.48,,2.34,2.89
03/09/2024 12:05 a. m.,Ordeño,07:16,10.11,1,,,,,0,,0.72,,1.02,0.90,0,,0,0,4.77,,5.03,0.00,VMS 1,,Tanque,,1.08,,1.44,1.26,3.21,,3.05,3.85
03/09/2024 09:15 a. m.,Ordeño,10:36,7.90,2,,,TI,TI,0,,0.78,,0.00,0.96,0,,0,0,5.02,,0.00,0.00,VMS 1,,Tanque,,1.14,,0.00,1.44,3.40,,0.00,4.50
03/09/2024 10:38 a. m.,Ordeño,09:48,0.73,3,,,TI,TI,0,,0.24,,0.00,0.18,0,,0,0,3.88,,0.00,0.00,VMS 1,,Tanque,,0.60,,0.00,0.60,0.42,,0.00,0.31
03/09/2024 02:26 p. m.,Ordeño,06:50,8.11,4,,,,,0,,0.66,,1.20,0.84,0,,0,0,4.69,,5.14,0.00,VMS 1,,Tanque,,1.02,,1.62,1.26,1.35,,5.11,1.65
04/09/2024 05:37 a. m.,Ordeño,09:59,18.85,1,,,,,0,,0.84,,1.14,0.96,0,,0,0,5.02,,4.89,0.00,VMS 1,,Tanque,,1.20,,1.68,1.50,6.07,,5.83,6.95
04/09/2024 07:02 p. m.,Ordeño,08:46,16.02,2,,,,,0,,0.84,,1.14,0.90,0,,0,0,4.75,,4.85,0.00,VMS 1,,Tanque,,1.20,,1.56,1.32,5.11,,5.05,5.86
05/09/2024 08:57 a. m.,Ordeño,08:51,17.57,1,,,,,0,,0.90,,1.20,1.08,0,,0,0,4.88,,5.12,0.00,VMS 1,,Tanque,,1.26,,1.62,1.50,5.55,,5.52,6.50
05/09/2024 09:02 p. m.,Ordeño,08:35,13.47,2,,,,,0,,0.84,,1.20,1.02,0,,0,0,4.55,,4.74,0.00,VMS 1,,Tanque,,1.32,,1.74,1.44,4.22,,4.22,5.03
06/09/2024 06:00 a. m.,Ordeño,06:03,9.59,1,,,,,0,,0.90,,1.20,1.08,0,,0,0,4.71,,4.69,0.00,VMS 1,,Tanque,,1.44,,1.62,1.44,3.04,,3.06,3.49
06/09/2024 01:15 p. m.,Ordeño,05:10,7.55,2,,,,,0,,0.78,,1.20,1.08,0,,0,0,4.65,,4.69,0.00,VMS 1,,Tanque,,1.14,,1.50,1.38,2.32,,2.48,2.75
06/09/2024 08:27 p. m.,Ordeño,05:47,8.00,3,,,,,0,,0.72,,1.08,1.02,0,,0,0,4.77,,4.85,0.00,VMS 1,,Tanque,,1.02,,1.44,1.50,2.42,,2.61,2.97
07/09/2024 02:55 a. m.,Ordeño,05:52,8.04,1,,,,,0,,0.84,,1.14,1.02,0,,0,0,5.02,,5.05,0.00,VMS 1,,Tanque,,1.20,,1.74,1.44,2.50,,2.53,3.01
07/09/2024 11:22 a. m.,Ordeño,06:42,10.45,2,,,,,0,,0.78,,1.20,0.90,0,,0,0,5.00,,5.12,0.00,VMS 1,,Tanque,,1.26,,1.62,1.32,3.29,,3.30,3.86
07/09/2024 08:21 p. m.,Ordeño,06:59,10.98,3,,,,,0,,0.72,,1.20,1.02,0,,0,0,4.74,,4.94,0.00,VMS 1,,Tanque,,1.14,,1.80,1.44,3.36,,3.51,4.11
08/09/2024 05:11 a. m.,Ordeño,06:44,11.35,1,,,,,0,,0.84,,1.20,1.08,0,,0,0,4.80,,4.89,0.00,VMS 1,,Tanque,,1.26,,1.68,1.38,3.55,,3.52,4.28
08/09/2024 12:49 p. m.,Ordeño,05:57,9.29,2,,,,,0,,0.84,,1.20,1.08,0,,0,0,4.67,,4.72,0.00,VMS 1,,Tanque,,1.14,,1.50,1.50,2.86,,2.98,3.45
08/09/2024 08:32 p. m.,Ordeño,06:39,8.97,3,,,,,0,,0.72,,1.20,1.08,0,,0,0,4.66,,4.75,0.00,VMS 1,,Tanque,,1.14,,1.68,1.56,2.69,,2.91,3.37
09/09/2024 09:55 a. m.,Ordeño,08:17,16.65,1,,,,,0,,0.90,,1.20,1.02,0,,0,0,4.95,,4.99,0.00,VMS 1,,Tanque,,1.26,,1.62,1.50,5.24,,5.29,6.12
09/09/2024 09:42 p. m.,Ordeño,08:01,13.08,2,,,,,0,,0.78,,1.14,1.02,0,,0,0,4.50,,4.59,0.00,VMS 1,,Tanque,,1.20,,1.56,1.44,3.97,,4.19,4.92
10/09/2024 07:52 a. m.,Ordeño,07:42,12.47,1,,,,,0,,0.90,,1.08,1.02,0,,0,0,4.68,,4.68,0.00,VMS 1,,Tanque,,1.26,,1.68,1.44,3.86,,4.08,4.53
10/09/2024 04:07 p. m.,Ordeño,05:58,9.66,2,,,,,0,,0.84,,1.14,1.02,0,,0,0,4.62,,4.59,0.00,VMS 1,,Tanque,,1.14,,1.50,1.44,2.98,,3.04,3.64
11/09/2024 12:38 a. m.,Ordeño,05:35,9.80,1,,,,,0,,0.90,,1.14,1.02,0,,0,0,4.64,,4.64,0.00,VMS 1,,Tanque,,1.26,,1.62,1.44,3.00,,3.16,3.64
11/09/2024 09:58 a. m.,Ordeño,06:33,11.77,2,,,,,0,,0.90,,1.20,1.08,0,,0,0,4.68,,4.73,0.00,VMS 1,,Tanque,,1.26,,1.56,1.38,3.69,,3.72,4.36
11/09/2024 05:46 p. m.,Ordeño,05:26,8.80,3,,,,,0,,0.78,,1.14,0.90,0,,0,0,4.67,,4.70,0.00,VMS 1,,Tanque,,1.20,,1.56,1.26,2.68,,2.84,3.28
12/09/2024 02:57 a. m.,Ordeño,06:10,11.12,1,,,,,0,,0.84,,1.20,0.90,0,,0,0,4.70,,4.76,0.00,VMS 1,,Tanque,,1.26,,1.56,1.38,3.45,,3.51,4.16
12/09/2024 11:02 a. m.,Ordeño,06:44,9.06,2,,,,,0,,0.84,,1.32,0.90,0,,0,0,4.68,,4.77,0.00,VMS 1,,Tanque,,1.20,,1.68,1.26,2.87,,2.79,3.40
12/09/2024 09:40 p. m.,Ordeño,07:52,12.85,3,,,,,0,,0.78,,1.26,0.90,0,,0,0,4.77,,4.89,0.00,VMS 1,,Tanque,,1.20,,1.68,1.38,3.95,,4.07,4.83
13/09/2024 05:50 a. m.,Ordeño,07:01,10.50,1,,,,,0,,0.84,,1.26,0.96,0,,0,0,4.82,,4.90,0.00,VMS 1,,Tanque,,1.20,,1.74,1.32,3.34,,3.28,3.88
13/09/2024 01:04 p. m.,Ordeño,06:51,8.54,2,,,,,0,,0.78,,1.26,0.96,0,,0,0,4.66,,4.77,0.00,VMS 1,,Tanque,,1.14,,1.68,1.26,2.67,,2.77,3.10
13/09/2024 07:54 p. m.,Ordeño,06:09,7.88,3,,,,,0,,0.72,,1.14,0.90,0,,0,0,4.68,,4.68,0.00,VMS 1,,Tanque,,1.08,,1.56,1.26,2.42,,2.54,2.92
14/09/2024 06:32 a. m.,Ordeño,10:03,9.10,1,,,DI,DI,0,,0.00,,1.14,0.96,0,,0,0,0.00,,4.91,0.00,VMS 1,,Tanque,,0.00,,1.62,1.38,0.00,,4.06,5.04
14/09/2024 08:59 a. m.,Ordeño,08:35,6.53,2,,,,,0,,0.78,,0.66,0.60,0,,0,0,4.95,,4.38,0.00,VMS 1,,Tanque,,1.32,,1.20,1.02,4.60,,1.02,0.91
14/09/2024 04:36 p. m.,Ordeño,06:23,9.33,3,,,,,0,,0.78,,1.14,0.96,0,,0,0,4.40,,4.76,0.00,VMS 1,,Tanque,,1.14,,1.56,1.26,3.01,,2.90,3.42
15/09/2024 12:57 a. m.,Ordeño,09:06,9.52,1,,,,,0,,0.78,,1.02,0.90,0,,0,0,4.44,,4.49,0.00,VMS 1,,Tanque,,1.26,,1.50,1.38,2.85,,2.89,3.78
15/09/2024 02:57 p. m.,Ordeño,09:35,16.56,2,,,,,0,,0.84,,1.20,0.84,0,,0,0,4.82,,4.89,0.00,VMS 1,,Tanque,,1.26,,1.62,1.26,4.92,,5.45,6.19
16/09/2024 01:34 a. m.,Ordeño,06:34,10.49,1,,,,,0,,0.90,,1.26,0.90,0,,0,0,4.35,,4.44,0.00,VMS 1,,Tanque,,1.38,,1.62,1.32,3.17,,3.27,4.05
16/09/2024 11:16 a. m.,Ordeño,06:46,11.46,2,,,,,0,,0.90,,1.32,0.96,0,,0,0,4.92,,4.91,0.00,VMS 1,,Tanque,,1.32,,1.62,1.26,3.55,,3.58,4.33
16/09/2024 08:15 p. m.,Ordeño,06:49,9.68,3,,,,,0,,0.78,,1.08,0.78,0,,0,0,4.71,,4.69,0.00,VMS 1,,Tanque,,1.26,,1.56,1.38,2.95,,3.01,3.72
17/09/2024 05:06 a. m.,Ordeño,05:54,10.31,4,,,,,0,,0.90,,1.20,0.96,0,,0,0,4.96,,5.00,0.00,VMS 1,,Tanque,,1.38,,1.56,1.32,3.20,,3.16,3.95
17/09/2024 12:07 p. m.,Ordeño,05:27,8.62,2,,,,,0,,0.84,,1.20,1.02,0,,0,0,4.97,,5.04,0.00,VMS 1,,Tanque,,1.20,,1.68,1.38,2.65,,2.74,3.23
17/09/2024 06:23 p. m.,Ordeño,05:51,6.77,3,,,,,0,,0.78,,1.08,0.96,0,,0,0,4.77,,4.82,0.00,VMS 1,,Tanque,,1.38,,1.44,1.32,2.05,,2.08,2.64
18/09/2024 02:02 a. m.,Ordeño,06:02,9.30,1,,,,,0,,0.78,,1.14,1.02,0,,0,0,4.86,,4.79,0.00,VMS 1,,Tanque,,1.20,,1.68,1.44,2.86,,2.92,3.52
18/09/2024 10:46 a. m.,Ordeño,06:11,10.60,2,,,,,0,,0.90,,1.20,0.96,0,,0,0,4.89,,5.02,0.00,VMS 1,,Tanque,,1.26,,1.62,1.38,3.25,,3.44,3.91
18/09/2024 05:14 p. m.,Ordeño,04:44,6.67,3,,,,,0,,0.78,,1.08,0.96,0,,0,0,4.53,,4.62,0.00,VMS 1,,Tanque,,1.38,,1.38,1.32,2.09,,2.13,2.45
19/09/2024 05:06 a. m.,Ordeño,08:12,13.09,1,,,,,0,,0.84,,1.14,0.90,0,,0,0,4.80,,4.84,0.00,VMS 1,,Tanque,,1.26,,1.50,1.32,4.03,,4.12,4.94
19/09/2024 04:55 p. m.,Ordeño,07:34,13.78,2,,,,,0,,0.84,,1.26,0.90,0,,0,0,4.66,,4.85,0.00,VMS 1,,Tanque,,1.20,,1.74,1.32,4.32,,4.37,5.09
20/09/2024 12:08 a. m.,Ordeño,05:34,7.51,1,,,,,0,,0.84,,1.14,0.84,0,,0,0,4.35,,4.43,0.00,VMS 1,,Tanque,,1.26,,1.68,1.38,2.28,,2.43,2.80
20/09/2024 07:34 a. m.,Ordeño,04:59,7.09,2,,,,,0,,0.78,,1.14,1.02,0,,0,0,4.43,,4.53,0.00,VMS 1,,Tanque,,1.14,,1.44,1.44,2.19,,2.24,2.66
20/09/2024 06:59 p. m.,Ordeño,10:31,7.20,3,,,TD,TD,0,,0.78,,1.02,0.00,0,,0,0,4.46,,4.66,0.00,VMS 1,,Tanque,,1.32,,1.44,0.00,3.42,,3.78,0.00
20/09/2024 09:39 p. m.,Ordeño,09:21,6.04,4,,,,,0,,0.54,,0.48,0.78,0,,0,0,4.34,,4.26,0.00,VMS 1,,Tanque,,0.96,,1.20,1.14,0.69,,0.54,4.81
21/09/2024 09:49 a. m.,Ordeño,07:26,13.68,1,,,,,0,,0.90,,1.14,0.90,0,,0,0,4.74,,4.90,0.00,VMS 1,,Tanque,,1.20,,1.56,1.32,4.39,,4.44,4.85
21/09/2024 09:16 p. m.,Ordeño,07:40,12.33,2,,,,,0,,0.78,,1.14,0.90,0,,0,0,4.59,,4.64,0.00,VMS 1,,Tanque,,1.14,,1.50,1.32,3.96,,3.91,4.46
22/09/2024 08:24 a. m.,Ordeño,06:47,12.44,1,,,,,0,,0.84,,1.14,0.90,0,,0,0,4.53,,4.68,0.00,VMS 1,,Tanque,,1.26,,1.62,1.50,3.85,,4.08,4.51
22/09/2024 06:23 p. m.,Ordeño,07:09,10.58,2,,,,,0,,0.72,,1.08,0.90,0,,0,0,4.54,,4.65,0.00,VMS 1,,Tanque,,1.08,,1.38,1.26,3.31,,3.42,3.85
23/09/2024 07:36 a. m.,Ordeño,08:41,15.49,1,,,,,0,,0.78,,1.08,1.02,0,,0,0,4.75,,4.89,0.00,VMS 1,,Tanque,,1.20,,1.56,1.44,4.80,,4.95,5.74
23/09/2024 05:59 p. m.,Ordeño,08:00,11.41,2,,,,,0,,0.72,,1.14,0.90,0,,0,0,4.41,,4.65,0.00,VMS 1,,Tanque,,1.08,,1.56,1.56,3.60,,3.59,4.22
24/09/2024 06:45 a. m.,Ordeño,08:37,14.65,1,,,,,0,,0.78,,1.20,1.02,0,,0,0,4.56,,4.79,0.00,VMS 1,,Tanque,,1.14,,1.62,1.38,4.46,,4.72,5.47
24/09/2024 05:26 p. m.,Ordeño,07:27,11.46,2,,,,,0,,0.78,,1.20,1.02,0,,0,0,4.67,,4.85,0.00,VMS 1,,Tanque,,1.20,,1.62,1.44,3.62,,3.55,4.29
25/09/2024 09:14 a. m.,Ordeño,09:19,17.03,1,,,,,0,,0.78,,1.32,0.96,0,,0,0,4.70,,4.91,0.00,VMS 1,,Tanque,,1.20,,1.62,1.44,5.28,,5.47,6.28
25/09/2024 07:25 p. m.,Ordeño,07:39,9.14,2,,,,,0,,0.66,,1.08,0.96,0,,0,0,4.36,,4.40,0.00,VMS 1,,Tanque,,1.08,,1.38,1.26,2.73,,2.99,3.42
26/09/2024 11:50 a. m.,Ordeño,09:47,16.80,1,,,,,0,,0.84,,1.20,1.02,0,,0,0,4.69,,4.81,0.00,VMS 1,,Tanque,,1.26,,1.62,1.44,5.20,,5.39,6.21
24/12/2024 10:38 a. m.,Ordeño,23:20,11.20,1,,,,,0,,1.08,,1.20,1.26,3769,,1191,846,3.85,,4.45,4.14,VMS 3,,Divert 3,,1.62,,1.74,1.74,4.16,,3.11,3.93
24/12/2024 06:09 p. m.,Ordeño,08:14,4.11,2,,,,,0,,0.72,,1.14,1.02,5092,,895,751,4.47,,4.32,4.47,VMS 3,,Divert 3,,1.08,,1.68,1.38,1.36,,1.22,1.53
25/12/2024 01:03 a. m.,Ordeño,06:48,2.71,1,,,,TI,0,,0.78,,0.00,1.02,1586,,0,339,4.52,,0.00,4.39,VMS 3,,Divert 3,,1.14,,0.00,1.38,1.43,,0.00,1.28
25/12/2024 09:16 a. m.,Ordeño,11:58,8.57,2,,,,,0,,0.84,,1.14,1.02,1789,,580,335,4.66,,4.58,4.82,VMS 3,,Divert 3,,1.20,,1.68,1.32,2.46,,3.38,2.73
25/12/2024 04:17 p. m.,Ordeño,08:34,2.37,3,,,"TI,TD","TI,TD",0,,0.84,,0.00,0.00,1276,,0,0,4.81,,0.00,0.00,VMS 3,,Divert 3,,1.44,,0.00,0.00,2.37,,0.00,0.00
25/12/2024 07:22 p. m.,Ordeño,07:21,1.34,4,,,"TI,TD","TI,TD",0,,0.78,,0.00,0.00,1680,,0,0,4.33,,0.00,0.00,VMS 3,,Divert 3,,1.14,,0.00,0.00,1.34,,0.00,0.00
26/12/2024 12:45 a. m.,Ordeño,19:46,13.36,1,,,,,0,,0.72,,1.02,0.96,1065,,476,335,4.28,,4.63,4.73,VMS 3,,Divert 3,,1.08,,1.62,1.44,2.17,,5.17,6.02
26/12/2024 07:53 a. m.,Ordeño,08:53,2.52,2,,,"TI,TD","TI,TD",0,,0.78,,0.00,0.00,965,,0,0,4.28,,0.00,0.00,VMS 3,,Divert 3,,1.20,,0.00,0.00,2.52,,0.00,0.00
26/12/2024 04:47 p. m.,Ordeño,13:00,15.48,3,,,,,0,,0.78,,1.02,0.96,640,,0,0,4.75,,4.65,4.88,VMS 3,,Divert 3,,1.20,,1.50,1.38,3.52,,5.71,6.25
27/12/2024 02:33 a. m.,Ordeño,10:53,4.43,1,,DI,"TI,TD","TI,TD",0,,0.90,,0.00,0.00,749,,0,0,4.29,,0.00,0.00,VMS 3,,Divert 3,,1.50,,0.00,0.00,4.43,,0.00,0.00
27/12/2024 09:58 a. m.,Ordeño,09:26,3.61,2,,DI,"TI,TD","TI,TD",0,,0.96,,0.00,0.00,748,,0,0,4.00,,0.00,0.00,VMS 3,,Divert 3,,1.44,,0.00,0.00,3.61,,0.00,0.00
27/12/2024 05:05 p. m.,Ordeño,16:16,20.40,3,,TI,,,0,,0.90,,0.96,0.90,540,,0,0,4.57,,4.64,5.09,VMS 3,,Divert 3,,1.32,,1.56,1.38,3.72,,7.47,9.21
28/12/2024 12:57 a. m.,Ordeño,11:58,8.57,1,,DI,TI,TI,0,,0.96,,0.00,0.84,552,,0,0,4.45,,0.00,4.10,VMS 3,,Divert 3,,1.68,,0.00,1.14,4.27,,0.00,4.30
28/12/2024 05:01 a. m.,Ordeño,09:23,2.47,2,,,"TI,TD","TI,TD",0,,0.72,,0.00,0.00,436,,0,0,4.04,,0.00,0.00,VMS 3,,Divert 3,,1.50,,0.00,0.00,2.47,,0.00,0.00
28/12/2024 07:26 a. m.,Ordeño,11:20,10.74,3,,,,,0,,0.84,,1.08,0.84,634,,0,0,3.99,,4.46,4.59,VMS 3,,Divert 3,,1.38,,1.68,1.20,1.39,,6.19,3.16
28/12/2024 12:49 p. m.,Ordeño,08:54,5.99,4,,DI,TI,TI,0,,0.90,,0.00,1.08,0,,0,0,3.12,,0.00,4.38,VMS 3,,Tanque,,1.32,,0.00,1.56,3.31,,0.00,2.68
28/12/2024 07:35 p. m.,Ordeño,10:19,7.43,5,,DI,TI,TI,0,,0.90,,0.00,1.08,0,,0,0,2.75,,0.00,4.31,VMS 3,,Tanque,,1.32,,0.00,1.44,3.95,,0.00,3.48
29/12/2024 12:11 a. m.,Ordeño,14:55,12.47,1,,,TD,TD,0,,0.90,,1.14,0.00,0,,0,0,1.61,,4.36,0.00,VMS 3,,Tanque,,1.44,,1.98,0.00,5.87,,6.60,0.00
29/12/2024 05:38 a. m.,Ordeño,14:04,8.49,2,,,TD,TD,0,,0.60,,1.20,0.00,0,,0,0,0.67,,4.03,0.00,VMS 3,,Tanque,,0.96,,1.98,0.00,5.10,,3.39,0.00
29/12/2024 12:46 p. m.,Ordeño,10:21,8.34,3,,,TD,TD,0,,0.96,,1.26,0.00,382,,0,0,4.69,,4.31,0.00,VMS 3,,Tanque,,1.38,,2.10,0.00,4.71,,3.63,0.00
29/12/2024 07:54 p. m.,Ordeño,10:11,4.35,4,,,"TI,TD","TI,TD",0,,1.02,,0.00,0.00,479,,0,0,4.78,,0.00,0.00,VMS 3,,Tanque,,1.56,,0.00,0.00,4.35,,0.00,0.00
30/12/2024 02:36 a. m.,Ordeño,12:36,19.95,1,,,,,0,,0.96,,1.20,1.20,481,,0,0,4.19,,4.56,4.81,VMS 3,,Tanque,,1.38,,1.92,1.62,4.22,,6.33,9.40
30/12/2024 11:57 a. m.,Ordeño,11:53,10.11,2,,,TI,TI,0,,1.02,,0.00,1.26,0,,0,0,4.41,,0.00,4.52,VMS 3,,Tanque,,1.56,,0.00,1.68,5.94,,0.00,4.17
30/12/2024 04:54 p. m.,Ordeño,09:45,12.69,3,,,,,0,,0.96,,1.38,1.08,440,,0,0,4.38,,4.72,4.63,VMS 3,,Tanque,,1.50,,2.04,1.44,3.13,,7.47,2.09
31/12/2024 02:59 a. m.,Ordeño,11:21,5.70,1,,DI,"TI,TD","TI,TD",0,,1.02,,0.00,0.00,0,,0,0,4.28,,0.00,0.00,VMS 3,,Tanque,,1.38,,0.00,0.00,5.70,,0.00,0.00
31/12/2024 07:59 a. m.,Ordeño,10:31,17.20,2,,,,,0,,0.90,,1.32,1.20,350,,0,0,4.01,,4.45,4.79,VMS 3,,Tanque,,1.32,,1.74,1.56,3.48,,7.15,6.57
31/12/2024 05:31 p. m.,Ordeño,12:11,10.40,3,,,TI,TI,0,,0.96,,0.00,1.26,0,,0,0,4.38,,0.00,4.61,VMS 3,,Tanque,,1.44,,0.00,1.74,5.65,,0.00,4.75
31/12/2024 11:35 p. m.,Ordeño,15:39,14.07,4,,,,,0,,0.90,,1.20,1.08,0,,0,0,4.04,,4.60,4.29,VMS 3,,Tanque,,1.44,,1.62,1.62,4.10,,6.63,3.34
01/01/2025 09:53 a. m.,Ordeño,13:58,17.97,1,,,,,0,,1.02,,1.50,1.14,0,,0,0,4.34,,4.35,4.73,VMS 3,,Tanque,,1.38,,1.86,1.50,6.30,,6.24,5.43
01/01/2025 03:52 p. m.,Ordeño,07:52,9.56,2,,,,,0,,0.96,,1.26,1.14,493,,0,0,4.13,,4.29,4.44,VMS 3,,Tanque,,1.38,,2.10,1.56,4.06,,2.63,2.87
01/01/2025 10:10 p. m.,Ordeño,11:17,10.15,3,,,,,0,,0.90,,1.32,1.02,0,,0,0,4.08,,4.27,4.30,VMS 3,,Tanque,,1.50,,2.10,1.44,3.75,,3.05,3.35
02/01/2025 06:33 a. m.,Ordeño,09:49,10.18,1,,,TI,TI,0,,0.96,,0.00,1.26,0,,0,0,4.20,,0.00,4.26,VMS 3,,Tanque,,1.44,,0.00,1.68,5.21,,0.00,4.97
02/01/2025 09:23 a. m.,Ordeño,07:18,4.03,2,,,TI,TI,0,,0.96,,0.00,1.08,0,,0,0,4.00,,0.00,4.23,VMS 3,,Tanque,,1.50,,0.00,1.44,2.34,,0.00,1.69
02/01/2025 05:41 p. m.,Ordeño,10:49,12.75,3,,,TD,TD,0,,0.96,,1.32,0.00,0,,0,0,4.47,,5.07,0.00,VMS 3,,Tanque,,1.44,,1.86,0.00,4.99,,7.76,0.00
03/01/2025 12:33 a. m.,Ordeño,10:11,16.43,1,,,,,0,,0.90,,1.32,1.26,0,,0,0,4.22,,4.26,4.79,VMS 3,,Tanque,,1.38,,1.68,1.68,4.46,,3.78,8.19
03/01/2025 06:53 a. m.,Ordeño,11:22,8.44,2,,,TI,TI,0,,0.90,,0.00,1.14,0,,0,0,4.24,,0.00,3.99,VMS 3,,Tanque,,1.32,,0.00,1.50,4.19,,0.00,4.25
03/01/2025 11:51 a. m.,Ordeño,10:05,13.12,3,,,,,0,,0.84,,1.50,1.08,0,,0,0,4.34,,4.70,4.48,VMS 3,,Tanque,,1.26,,1.98,1.38,3.70,,6.26,3.16
03/01/2025 07:57 p. m.,Ordeño,11:25,10.28,4,,,TI,TI,0,,0.96,,0.00,1.20,0,,0,0,4.43,,0.00,4.44,VMS 3,,Tanque,,1.38,,0.00,1.62,5.36,,0.00,4.92
04/01/2025 02:32 a. m.,Ordeño,15:14,14.74,1,,,,,0,,0.90,,1.32,1.08,0,,0,0,4.09,,4.74,4.31,VMS 3,,Tanque,,1.32,,1.86,1.56,4.40,,6.37,3.97
04/01/2025 11:54 a. m.,Ordeño,13:00,17.26,2,,,,,0,,1.02,,1.20,1.14,0,,0,0,4.44,,4.43,4.40,VMS 3,,Tanque,,1.38,,1.86,1.68,6.13,,5.30,5.83
04/01/2025 09:10 p. m.,Ordeño,15:55,11.41,3,,,TI,TI,0,,0.96,,0.00,1.02,0,,0,0,4.61,,0.00,4.58,VMS 3,,Tanque,,1.38,,0.00,1.44,6.52,,0.00,4.89
05/01/2025 01:22 a. m.,Ordeño,09:24,8.07,1,,,TI,TI,0,,0.90,,0.00,1.14,0,,0,0,4.08,,0.00,4.09,VMS 3,,Tanque,,1.44,,0.00,1.56,3.81,,0.00,4.26
05/01/2025 07:08 a. m.,Ordeño,14:13,16.06,2,,,,,0,,0.90,,1.26,1.08,0,,0,0,4.54,,5.02,4.58,VMS 3,,Tanque,,1.32,,1.92,1.44,4.28,,7.75,4.03
05/01/2025 05:53 p. m.,Ordeño,16:36,5.85,3,,,"TI,TD","TI,TD",0,,0.90,,0.00,0.00,0,,0,0,4.69,,0.00,0.00,VMS 3,,Tanque,,1.56,,0.00,0.00,5.85,,0.00,0.00
05/01/2025 10:38 p. m.,Ordeño,12:13,22.05,4,,,,,0,,0.96,,1.32,1.20,0,,0,0,4.28,,4.66,4.86,VMS 3,,Tanque,,1.26,,1.68,1.62,5.10,,7.54,9.41
06/01/2025 10:26 a. m.,Ordeño,15:07,20.51,1,,,,,0,,0.96,,1.26,1.08,0,,0,0,4.54,,4.67,4.53,VMS 3,,Tanque,,1.32,,1.68,1.44,7.51,,5.92,7.08
06/01/2025 06:31 p. m.,Ordeño,12:28,10.03,2,,,TD,TD,0,,0.90,,1.32,0.00,0,,0,0,4.47,,4.58,0.00,VMS 3,,Tanque,,1.26,,1.86,0.00,5.51,,4.52,0.00
06/01/2025 10:33 p. m.,Ordeño,11:58,14.35,3,,,,,0,,0.84,,1.20,1.14,0,,0,0,4.10,,4.44,4.55,VMS 3,,Tanque,,1.32,,1.62,1.50,3.51,,2.42,8.42
07/01/2025 08:10 a. m.,Ordeño,12:49,12.07,1,,,TI,TI,0,,0.90,,0.00,1.14,0,,0,0,4.53,,0.00,4.28,VMS 3,,Tanque,,1.26,,0.00,1.56,5.92,,0.00,6.15
07/01/2025 04:08 p. m.,Ordeño,12:15,5.49,2,,,"TI,TD","TI,TD",0,,0.96,,0.00,0.00,0,,0,0,4.51,,0.00,0.00,VMS 2,,Tanque,,1.38,,0.00,0.00,5.49,,0.00,0.00
07/01/2025 09:56 p. m.,Ordeño,11:38,19.96,3,,,,,0,,0.90,,1.26,1.02,0,,0,0,4.38,,5.02,4.87,VMS 2,,Tanque,,1.26,,1.62,1.98,4.29,,7.75,7.92
08/01/2025 07:48 a. m.,Ordeño,13:26,17.58,1,,,,,0,,0.84,,1.08,0.96,0,,0,0,4.63,,4.74,4.46,VMS 2,,Tanque,,1.26,,1.38,1.50,6.16,,4.73,6.69
08/01/2025 01:01 p. m.,Ordeño,08:25,12.79,2,,,,,0,,0.84,,1.26,1.08,0,,0,0,4.30,,4.44,4.32,VMS 2,,Tanque,,1.32,,1.62,1.62,4.79,,3.68,4.32
08/01/2025 07:39 p. m.,Ordeño,09:55,11.63,3,,,,,0,,0.84,,1.26,0.96,0,,0,0,4.36,,4.73,4.65,VMS 2,,Tanque,,1.26,,1.80,1.32,4.50,,3.27,3.86
09/01/2025 07:26 a. m.,Ordeño,14:12,6.69,1,,,"TI,TD","TI,TD",0,,0.84,,0.00,0.00,0,,0,0,4.70,,0.00,0.00,VMS 2,,Tanque,,1.26,,0.00,0.00,6.69,,0.00,0.00
09/01/2025 03:21 p. m.,Ordeño,11:49,25.30,2,,,,,0,,0.78,,1.32,1.26,0,,0,0,4.39,,4.92,5.10,VMS 2,,Tanque,,1.20,,1.80,2.16,6.75,,8.69,9.86
09/01/2025 09:25 p. m.,Ordeño,08:35,12.48,3,,,,,0,,0.78,,1.20,1.08,0,,0,0,4.32,,4.64,4.50,VMS 2,,Tanque,,1.20,,1.56,1.56,4.71,,3.48,4.29
10/01/2025 10:17 a. m.,Ordeño,12:05,22.02,1,,,,,0,,0.84,,1.26,1.08,0,,0,0,4.79,,4.85,4.92,VMS 2,,Tanque,,1.20,,1.68,1.80,7.59,,6.66,7.77
10/01/2025 07:51 p. m.,Ordeño,11:39,17.80,2,,,,,0,,0.84,,1.32,1.14,0,,0,0,4.53,,4.85,4.82,VMS 2,,Tanque,,1.26,,1.68,2.16,6.43,,5.25,6.12
11/01/2025 01:27 a. m.,Ordeño,08:42,11.41,1,,,,,0,,0.96,,1.26,0.84,0,,0,0,4.28,,4.71,4.66,VMS 2,,Tanque,,1.38,,1.56,1.32,4.54,,3.26,3.61
11/01/2025 05:16 p. m.,Ordeño,12:43,17.44,2,,,TI,TI,0,,0.96,,0.00,1.14,0,,0,0,5.07,,0.00,5.33,VMS 2,,Tanque,,1.44,,0.00,1.62,8.19,,0.00,9.25
12/01/2025 03:13 a. m.,Ordeño,12:08,21.56,1,,,,,0,,0.90,,1.26,0.96,0,,0,0,4.65,,4.80,4.87,VMS 2,,Tanque,,1.38,,1.62,1.74,7.17,,7.73,6.66
12/01/2025 11:58 a. m.,Ordeño,13:47,5.78,2,,,"DI,TI","DI,TI",0,,0.00,,0.00,1.02,0,,0,0,0.00,,0.00,4.79,VMS 2,,Tanque,,0.00,,0.00,1.74,0.00,,0.00,5.78
12/01/2025 10:43 p. m.,Ordeño,13:48,24.60,3,,,,,0,,1.02,,1.26,0.96,0,,0,0,5.04,,4.67,4.92,VMS 2,,Tanque,,1.44,,1.68,1.38,10.03,,7.27,7.30
13/01/2025 08:25 a. m.,Ordeño,10:01,19.25,1,,,,,0,,0.90,,1.20,1.08,0,,0,0,4.38,,4.59,4.76,VMS 2,,Tanque,,1.38,,1.68,1.56,6.60,,5.49,7.16
13/01/2025 04:49 p. m.,Ordeño,08:20,14.49,2,,,,,0,,0.84,,1.26,0.96,0,,0,0,4.52,,4.69,4.80,VMS 2,,Tanque,,1.32,,1.68,1.56,4.70,,4.30,5.49
13/01/2025 10:53 p. m.,Ordeño,08:35,4.63,3,,,"DI,TI","DI,TI",0,,0.00,,0.00,1.08,0,,0,0,0.00,,0.00,4.84,VMS 2,,Tanque,,0.00,,0.00,1.68,0.00,,0.00,4.63
14/01/2025 07:14 a. m.,Ordeño,11:03,20.10,1,,,,,0,,0.84,,1.20,0.96,0,,0,0,5.18,,5.13,4.97,VMS 2,,Tanque,,1.32,,1.56,1.44,7.15,,7.09,5.86
14/01/2025 12:54 p. m.,Ordeño,08:25,13.33,2,,,,,0,,1.02,,1.32,1.02,0,,0,0,4.66,,4.81,4.83,VMS 2,,Tanque,,1.98,,1.62,1.56,4.62,,4.01,4.70
14/01/2025 11:44 p. m.,Ordeño,10:02,18.26,3,,,,,0,,0.84,,1.14,0.96,0,,0,0,5.05,,5.09,5.24,VMS 2,,Tanque,,1.20,,1.50,1.44,5.79,,5.60,6.87
15/01/2025 09:59 a. m.,Ordeño,10:01,20.24,1,,,,,0,,0.96,,1.26,1.20,0,,0,0,4.96,,4.90,5.11,VMS 2,,Tanque,,1.32,,1.62,1.62,6.47,,6.20,7.57
15/01/2025 03:49 p. m.,Ordeño,07:29,12.99,2,,,,,0,,0.90,,1.26,1.08,0,,0,0,4.84,,4.95,4.90,VMS 2,,Tanque,,1.26,,1.62,1.44,4.32,,3.91,4.76
15/01/2025 09:46 p. m.,Ordeño,07:16,11.83,3,,,,,0,,0.84,,1.26,1.02,0,,0,0,4.92,,5.03,5.01,VMS 2,,Tanque,,1.32,,1.62,1.62,3.91,,3.58,4.34
16/01/2025 07:57 a. m.,Ordeño,09:51,19.02,1,,,,,0,,0.84,,1.26,1.14,0,,0,0,5.19,,5.17,5.15,VMS 2,,Tanque,,1.26,,1.62,1.56,6.14,,5.74,7.14
16/01/2025 02:35 p. m.,Ordeño,09:21,13.52,2,,,,,0,,0.78,,1.38,1.02,0,,0,0,4.84,,4.97,4.82,VMS 2,,Tanque,,1.14,,1.74,1.44,4.51,,4.21,4.80
16/01/2025 11:03 p. m.,Ordeño,10:34,16.57,3,,,,,0,,0.84,,1.32,1.08,0,,0,0,4.97,,5.02,5.04,VMS 2,,Tanque,,1.26,,1.80,1.62,5.43,,5.02,6.12
17/01/2025 08:12 a. m.,Ordeño,10:18,17.54,1,,,,,0,,0.84,,1.26,1.02,0,,0,0,4.85,,4.96,4.94,VMS 2,,Tanque,,1.32,,1.68,1.44,5.76,,5.56,6.22
17/01/2025 01:56 p. m.,Ordeño,07:46,12.59,2,,,,,0,,0.90,,1.38,1.02,0,,0,0,4.52,,4.70,4.51,VMS 2,,Tanque,,1.26,,1.86,1.56,4.50,,3.82,4.27
17/01/2025 10:40 p. m.,Ordeño,09:05,16.29,3,,,,,0,,0.84,,1.32,1.08,0,,0,0,4.72,,4.89,4.86,VMS 2,,Tanque,,1.26,,1.68,1.62,5.16,,4.93,6.20
18/01/2025 11:14 a. m.,Ordeño,12:19,23.20,1,,,,,0,,0.90,,1.26,1.08,0,,0,0,4.88,,4.99,5.03,VMS 2,,Tanque,,1.26,,1.50,1.62,7.67,,7.12,8.41
18/01/2025 05:07 p. m.,Ordeño,07:18,12.46,2,,,,,0,,0.84,,1.26,1.08,0,,0,0,4.23,,4.51,4.35,VMS 2,,Tanque,,1.32,,1.62,1.50,4.28,,3.56,4.62
19/01/2025 03:55 a. m.,Ordeño,10:55,16.59,1,,TD,,,0,,0.84,,1.14,1.02,0,,0,0,4.93,,4.96,5.08,VMS 2,,Tanque,,1.20,,1.50,1.50,6.04,,5.34,5.21
19/01/2025 11:39 a. m.,Ordeño,09:59,19.32,2,,,,,0,,0.90,,1.26,1.02,0,,0,0,4.85,,4.93,5.07,VMS 2,,Tanque,,1.32,,1.80,1.50,5.93,,5.74,7.65
19/01/2025 05:32 p. m.,Ordeño,07:23,13.10,3,,,,,0,,0.90,,1.20,1.02,0,,0,0,4.58,,4.78,4.68,VMS 2,,Tanque,,1.32,,1.56,1.56,4.31,,3.82,4.97
20/01/2025 02:03 a. m.,Ordeño,10:31,10.38,1,,,DI,DI,0,,0.00,,1.20,1.08,0,,0,0,0.00,,4.77,4.81,VMS 2,,Tanque,,0.00,,1.68,1.62,0.00,,4.49,5.89
20/01/2025 03:18 p. m.,Ordeño,13:13,17.08,2,,,TI,TI,0,,0.96,,0.00,1.14,0,,0,0,5.57,,0.00,4.89,VMS 2,,Tanque,,1.44,,0.00,1.62,8.42,,0.00,8.66
20/01/2025 07:38 p. m.,Ordeño,07:32,13.74,3,,,,,0,,0.78,,1.20,0.96,0,,0,0,4.81,,5.06,4.14,VMS 2,,Tanque,,1.20,,1.62,1.50,3.47,,6.54,3.73
21/01/2025 05:43 a. m.,Ordeño,08:54,18.64,1,,,,,0,,0.78,,1.08,1.08,0,,0,0,4.62,,4.57,4.77,VMS 2,,Tanque,,1.26,,1.44,1.62,5.23,,6.15,7.26
21/01/2025 01:49 p. m.,Ordeño,08:05,16.17,2,,,,,0,,0.90,,1.26,1.08,0,,0,0,4.69,,4.57,4.81,VMS 2,,Tanque,,1.38,,1.62,1.62,4.86,,5.15,6.16
21/01/2025 09:06 p. m.,Ordeño,08:51,13.87,3,,,,,0,,0.72,,1.20,1.08,0,,0,0,4.45,,4.58,4.65,VMS 2,,Tanque,,1.14,,1.56,1.50,4.26,,4.29,5.32
22/01/2025 06:09 a. m.,Ordeño,10:17,19.28,1,,,,,0,,0.78,,1.26,1.14,0,,0,0,4.88,,4.97,4.97,VMS 2,,Tanque,,1.20,,1.74,1.62,5.62,,5.89,7.77
22/01/2025 11:59 a. m.,Ordeño,07:30,14.29,2,,,,,0,,0.90,,1.44,1.14,0,,0,0,4.70,,4.84,4.73,VMS 2,,Tanque,,1.32,,1.86,1.62,4.66,,4.14,5.49
22/01/2025 06:07 p. m.,Ordeño,06:25,11.83,3,,,,,0,,0.96,,1.32,1.14,0,,0,0,4.93,,4.95,4.95,VMS 2,,Tanque,,1.44,,1.74,1.80,3.77,,3.52,4.54
23/01/2025 01:31 a. m.,Ordeño,09:03,15.67,1,,,,,0,,0.78,,1.26,1.02,0,,0,0,5.07,,5.04,5.05,VMS 2,,Tanque,,1.14,,1.62,1.50,4.84,,4.81,6.02
23/01/2025 08:59 a. m.,Ordeño,08:49,16.43,2,,,,,0,,0.84,,1.26,1.26,0,,0,0,5.06,,5.08,5.02,VMS 2,,Tanque,,1.20,,1.62,1.80,4.99,,4.80,6.64
23/01/2025 07:57 p. m.,Ordeño,10:14,19.59,3,,,,,0,,0.84,,1.14,1.08,0,,0,0,5.14,,5.16,5.24,VMS 2,,Tanque,,1.26,,1.56,1.56,6.14,,5.97,7.48
24/01/2025 12:47 a. m.,Ordeño,07:44,11.63,1,,,,,0,,0.84,,1.32,1.14,0,,0,0,4.68,,4.80,4.77,VMS 2,,Tanque,,1.26,,1.62,1.56,3.80,,3.42,4.41
24/01/2025 07:05 a. m.,Ordeño,07:44,14.42,2,,,,,0,,0.96,,1.26,1.08,0,,0,0,4.74,,4.95,4.90,VMS 2,,Tanque,,1.32,,1.68,1.68,4.69,,4.33,5.40
24/01/2025 11:55 a. m.,Ordeño,06:23,10.52,3,,,,,0,,0.90,,1.50,1.02,0,,0,0,4.75,,4.95,4.90,VMS 2,,Tanque,,1.38,,1.98,1.50,3.48,,3.15,3.89
24/01/2025 06:29 p. m.,Ordeño,07:13,12.56,4,,,,,0,,0.90,,1.38,1.02,0,,0,0,4.90,,5.01,5.01,VMS 2,,Tanque,,1.38,,1.80,1.50,4.09,,3.82,4.65
25/01/2025 12:03 a. m.,Ordeño,07:11,9.57,1,,,,,0,,0.78,,1.26,0.90,0,,0,0,4.64,,4.82,4.72,VMS 2,,Tanque,,1.08,,1.74,1.50,2.98,,2.97,3.62
25/01/2025 06:55 a. m.,Ordeño,07:53,12.95,2,,,,,0,,0.84,,1.32,0.96,0,,0,0,4.73,,4.97,4.80,VMS 2,,Tanque,,1.20,,1.74,1.50,4.19,,3.93,4.83
25/01/2025 04:52 p. m.,Ordeño,09:44,19.07,3,,,,,0,,0.84,,1.32,1.14,0,,0,0,5.19,,5.24,5.34,VMS 2,,Tanque,,1.14,,1.62,1.68,6.06,,5.89,7.12
25/01/2025 11:52 p. m.,Ordeño,08:09,15.97,1,,,,,0,,0.96,,1.32,1.14,0,,0,0,4.76,,4.99,4.84,VMS 2,,Tanque,,1.32,,1.68,1.68,5.06,,4.78,6.13
26/01/2025 07:39 a. m.,Ordeño,09:02,16.52,1,,,,,0,,0.84,,1.26,1.08,0,,0,0,4.65,,4.90,4.78,VMS 2,,Tanque,,1.26,,1.62,1.50,5.15,,5.05,6.32
26/01/2025 04:25 p. m.,Ordeño,15:24,4.38,2,,,"TI,TD","TI,TD",0,,0.84,,0.00,0.00,0,,0,0,4.99,,0.00,0.00,VMS 2,,Tanque,,1.32,,0.00,0.00,4.38,,0.00,0.00
27/01/2025 03:12 a. m.,Ordeño,13:36,7.61,1,,,"TI,TD","TI,TD",0,,0.96,,0.00,0.00,0,,0,0,4.58,,0.00,0.00,VMS 2,,Tanque,,1.26,,0.00,0.00,7.61,,0.00,0.00
27/01/2025 11:19 a. m.,Ordeño,09:59,23.27,2,,TD,,,0,,0.90,,1.20,1.08,0,,0,0,4.42,,4.96,5.00,VMS 2,,Tanque,,1.32,,1.62,1.92,6.51,,8.69,8.07
27/01/2025 06:43 p. m.,Ordeño,09:45,18.22,3,,,,,0,,0.90,,1.20,1.02,0,,0,0,4.75,,4.73,4.91,VMS 2,,Tanque,,1.32,,1.56,1.62,5.75,,4.77,7.70
27/01/2025 11:30 p. m.,Ordeño,06:18,9.94,4,,,,,0,,0.96,,1.26,0.96,0,,0,0,4.69,,4.99,4.64,VMS 2,,Tanque,,1.32,,1.62,1.56,3.79,,2.69,3.46
28/01/2025 08:43 a. m.,Ordeño,09:25,16.54,1,,,,,0,,0.90,,1.26,1.02,0,,0,0,4.74,,5.13,5.15,VMS 2,,Tanque,,1.38,,1.56,1.56,5.98,,5.24,5.32
28/01/2025 02:32 p. m.,Ordeño,07:55,11.89,2,,,,,0,,0.84,,1.32,1.08,0,,0,0,4.56,,5.00,4.98,VMS 2,,Tanque,,1.20,,1.68,1.62,4.36,,3.64,3.89
28/01/2025 10:41 p. m.,Ordeño,08:58,15.75,3,,,,,0,,0.84,,1.26,1.14,0,,0,0,4.61,,5.00,4.99,VMS 2,,Tanque,,1.26,,1.62,1.80,5.38,,4.81,5.56
29/01/2025 07:30 a. m.,Ordeño,10:17,18.47,1,,,,,0,,0.78,,1.26,1.20,0,,0,0,4.88,,5.20,5.33,VMS 2,,Tanque,,1.20,,1.74,1.68,5.92,,5.80,6.75
29/01/2025 01:27 p. m.,Ordeño,08:09,14.40,2,,,,,0,,0.96,,1.26,1.26,0,,0,0,4.83,,5.26,5.18,VMS 2,,Tanque,,1.38,,1.62,1.86,5.10,,4.23,5.07
29/01/2025 10:57 p. m.,Ordeño,09:59,18.92,3,,,,,0,,0.84,,1.20,1.08,0,,0,0,4.83,,5.19,5.32,VMS 2,,Tanque,,1.26,,1.68,1.62,6.08,,5.88,6.96
30/01/2025 07:26 a. m.,Ordeño,09:56,18.86,1,,,,,0,,0.90,,1.20,1.20,0,,0,0,4.69,,5.18,5.12,VMS 2,,Tanque,,1.32,,1.68,1.74,6.09,,5.62,7.15
30/01/2025 03:37 p. m.,Ordeño,09:13,17.00,2,,,,,0,,0.90,,1.20,1.14,0,,0,0,4.64,,4.95,5.01,VMS 2,,Tanque,,1.26,,1.80,1.74,5.43,,5.14,6.43
30/01/2025 09:14 p. m.,Ordeño,08:17,12.24,3,,,,,0,,0.84,,1.32,1.02,0,,0,0,4.57,,4.96,4.95,VMS 2,,Tanque,,1.20,,1.68,1.62,4.38,,3.91,3.95
31/01/2025 06:02 a. m.,Ordeño,10:56,19.84,1,,,,,0,,0.72,,1.20,1.26,0,,0,0,4.71,,5.03,5.14,VMS 2,,Tanque,,1.26,,1.56,1.86,5.95,,5.81,8.08
31/01/2025 03:26 p. m.,Ordeño,10:09,20.62,2,,,,,0,,0.90,,1.32,1.14,0,,0,0,4.89,,5.10,5.15,VMS 2,,Tanque,,1.26,,1.74,1.68,6.63,,6.25,7.74
01/02/2025 01:33 a. m.,Ordeño,10:42,19.12,1,,,,,0,,0.78,,1.20,1.08,0,,0,0,4.41,,4.74,4.72,VMS 2,,Tanque,,1.20,,1.56,1.62,5.90,,5.95,7.27
01/02/2025 12:28 p. m.,Ordeño,11:25,20.50,2,,,,,0,,0.78,,1.26,1.02,0,,0,0,4.49,,4.73,4.85,VMS 2,,Tanque,,1.32,,1.56,1.50,6.64,,6.31,7.55
01/02/2025 06:53 p. m.,Ordeño,08:11,15.76,3,,,,,0,,0.90,,1.32,1.14,0,,0,0,4.55,,4.83,4.76,VMS 2,,Tanque,,1.26,,1.74,1.62,5.40,,4.69,5.67
02/02/2025 03:47 a. m.,Ordeño,08:46,18.22,1,,,,,0,,0.90,,1.32,1.26,0,,0,0,4.91,,5.01,4.96,VMS 2,,Tanque,,1.38,,1.62,1.74,5.72,,5.47,7.03
02/02/2025 03:20 p. m.,Ordeño,12:13,21.59,2,,,,,0,,0.84,,1.20,1.14,0,,0,0,4.83,,4.88,4.97,VMS 2,,Tanque,,1.32,,1.74,1.74,6.65,,6.60,8.34
02/02/2025 10:13 p. m.,Ordeño,09:06,16.53,3,,,,,0,,0.84,,1.26,1.20,0,,0,0,4.55,,4.73,4.64,VMS 2,,Tanque,,1.32,,1.62,1.80,5.57,,5.17,5.79
03/02/2025 06:44 a. m.,Ordeño,09:53,19.06,1,,,,,0,,0.90,,1.32,1.32,0,,0,0,4.89,,5.02,5.04,VMS 2,,Tanque,,1.26,,1.68,1.86,6.03,,5.71,7.32
03/02/2025 11:44 a. m.,Ordeño,08:56,10.47,2,,,,,0,,0.84,,1.20,1.08,0,,0,0,4.49,,4.73,4.77,VMS 2,,Tanque,,1.26,,1.56,1.56,3.49,,3.06,3.92
03/02/2025 07:15 p. m.,Ordeño,08:09,15.40,3,,,,,0,,0.90,,1.20,1.14,0,,0,0,4.69,,4.81,4.97,VMS 2,,Tanque,,1.26,,1.62,1.68,5.04,,4.59,5.77
04/02/2025 05:00 a. m.,Ordeño,09:57,19.31,1,,,,,0,,0.84,,1.32,1.08,0,,0,0,4.90,,5.01,5.10,VMS 2,,Tanque,,1.32,,1.62,1.86,6.21,,5.92,7.18
04/02/2025 10:56 a. m.,Ordeño,08:06,15.34,2,,,,,0,,0.90,,1.32,1.32,0,,0,0,4.73,,4.83,4.84,VMS 2,,Tanque,,1.32,,1.80,1.80,5.03,,4.48,5.83
04/02/2025 05:46 p. m.,Ordeño,07:43,13.98,3,,,,,0,,0.84,,1.26,1.14,0,,0,0,4.72,,4.85,4.97,VMS 2,,Tanque,,1.26,,1.74,1.68,4.49,,4.28,5.21
05/02/2025 12:15 a. m.,Ordeño,08:30,14.22,1,,,,,0,,0.78,,1.32,1.20,0,,0,0,4.71,,4.86,4.83,VMS 2,,Tanque,,1.20,,1.74,1.62,4.66,,4.29,5.27
05/02/2025 06:13 a. m.,Ordeño,07:28,12.74,2,,,,,0,,0.84,,1.32,1.14,0,,0,0,4.74,,4.91,5.08,VMS 2,,Tanque,,1.20,,1.68,1.68,4.05,,3.86,4.83
05/02/2025 10:24 a. m.,Ordeño,06:17,10.00,3,,,,,0,,0.90,,1.32,1.14,0,,0,0,4.92,,4.99,5.14,VMS 2,,Tanque,,1.32,,1.86,1.68,3.39,,2.97,3.64
05/02/2025 04:28 p. m.,Ordeño,08:10,13.96,4,,,,,0,,0.78,,1.32,1.20,0,,0,0,5.19,,5.27,5.46,VMS 2,,Tanque,,1.20,,1.68,1.68,4.24,,4.29,5.43
05/02/2025 08:59 p. m.,Ordeño,06:53,10.77,5,,,,,0,,0.90,,1.38,0.96,0,,0,0,4.92,,5.02,5.04,VMS 2,,Tanque,,1.38,,1.80,1.38,3.82,,3.26,3.69
06/02/2025 05:42 a. m.,Ordeño,09:09,18.56,1,,,,,0,,0.90,,1.32,1.20,0,,0,0,5.20,,5.16,5.17,VMS 2,,Tanque,,1.26,,1.62,1.68,5.75,,5.80,7.01
06/02/2025 10:16 a. m.,Ordeño,06:24,10.59,2,,,,,0,,0.90,,1.32,1.14,0,,0,0,4.54,,4.81,4.63,VMS 2,,Tanque,,1.32,,1.74,1.62,3.72,,3.07,3.80
06/02/2025 05:11 p. m.,Ordeño,08:20,13.76,3,,,,,0,,0.84,,1.26,1.14,0,,0,0,4.94,,5.18,5.04,VMS 2,,Tanque,,1.26,,1.62,1.62,4.20,,4.12,5.44
06/02/2025 09:24 p. m.,Ordeño,06:51,10.06,4,,,,,0,,0.84,,1.20,1.08,0,,0,0,4.74,,4.92,4.97,VMS 2,,Tanque,,1.44,,1.56,1.68,3.51,,2.96,3.59
07/02/2025 05:56 a. m.,Ordeño,11:06,18.59,1,,,,,0,,0.78,,1.26,1.20,0,,0,0,5.08,,5.11,5.30,VMS 2,,Tanque,,1.20,,1.74,1.74,5.64,,5.65,7.30
07/02/2025 05:34 p. m.,Ordeño,12:53,24.94,2,,,,,0,,0.90,,1.26,1.08,0,,0,0,5.11,,5.16,5.28,VMS 2,,Tanque,,1.26,,1.68,1.68,8.20,,7.65,9.09
08/02/2025 03:09 a. m.,Ordeño,11:36,20.50,1,,,,,0,,0.84,,1.14,1.02,0,,0,0,4.59,,4.79,4.84,VMS 2,,Tanque,,1.20,,1.50,1.44,6.72,,6.27,7.51
08/02/2025 11:13 a. m.,Ordeño,10:28,18.47,2,,,,,0,,0.78,,1.20,1.08,0,,0,0,4.60,,4.78,4.71,VMS 2,,Tanque,,1.14,,1.50,1.50,5.91,,5.57,6.99
08/02/2025 06:01 p. m.,Ordeño,09:00,13.49,3,,,,,0,,0.72,,1.14,1.08,0,,0,0,4.71,,5.06,4.99,VMS 2,,Tanque,,1.08,,1.50,1.50,4.36,,4.12,5.01
08/02/2025 10:24 p. m.,Ordeño,06:46,10.31,4,,,,,0,,0.90,,1.08,1.14,0,,0,0,4.77,,4.98,5.08,VMS 2,,Tanque,,1.38,,1.44,1.56,3.51,,3.00,3.80
09/02/2025 05:50 a. m.,Ordeño,09:37,15.24,1,,,,,0,,0.72,,1.14,1.08,0,,0,0,5.06,,5.21,5.32,VMS 2,,Tanque,,1.14,,1.56,1.62,4.65,,4.63,5.96
09/02/2025 11:39 a. m.,Ordeño,07:54,13.58,2,,,,,0,,0.84,,1.26,1.14,0,,0,0,5.05,,5.21,5.23,VMS 2,,Tanque,,1.26,,1.74,1.62,4.26,,4.16,5.16
09/02/2025 05:18 p. m.,Ordeño,15:25,9.95,3,,,TI,,0,,0.84,,0.96,1.02,0,,0,0,4.71,,4.99,4.86,VMS 2,,Tanque,,1.38,,1.56,1.56,3.87,,1.67,4.41
09/02/2025 07:16 p. m.,Ordeño,04:32,3.39,4,,,TD,,0,,0.60,,1.02,0.60,0,,0,0,4.43,,4.99,4.86,VMS 2,,Tanque,,0.90,,1.44,1.14,0.68,,1.95,0.76
09/02/2025 10:03 p. m.,Ordeño,05:04,6.26,5,,,,,0,,0.78,,1.08,1.02,0,,0,0,4.77,,4.99,5.14,VMS 2,,Tanque,,1.08,,1.44,1.56,1.96,,2.05,2.25
10/02/2025 03:25 a. m.,Ordeño,07:33,12.98,1,,,,,0,,0.84,,1.20,1.08,0,,0,0,4.91,,5.06,5.14,VMS 2,,Tanque,,1.14,,1.56,1.50,4.10,,4.15,4.73
10/02/2025 07:53 a. m.,Ordeño,07:14,10.57,2,,,,,0,,0.84,,1.14,1.02,0,,0,0,4.71,,4.86,4.87,VMS 2,,Tanque,,1.20,,1.56,1.44,3.40,,3.23,3.94
10/02/2025 01:17 p. m.,Ordeño,06:38,9.79,3,,,,,0,,0.84,,1.20,0.96,0,,0,0,4.53,,4.69,4.67,VMS 3,,Tanque,,1.20,,1.56,1.68,3.42,,2.89,3.48
10/02/2025 06:51 p. m.,Ordeño,06:01,9.78,4,,,,,0,,0.90,,1.20,1.08,0,,0,0,4.81,,4.89,5.00,VMS 3,,Tanque,,1.32,,1.62,1.44,3.20,,2.98,3.60
11/02/2025 06:12 a. m.,Ordeño,11:35,26.21,1,,,,,0,,0.96,,1.20,1.14,0,,0,0,5.15,,5.16,5.30,VMS 3,,Tanque,,1.32,,1.74,1.62,8.60,,8.37,9.24
11/02/2025 11:22 a. m.,Ordeño,06:55,12.66,2,,,,,0,,0.96,,1.26,1.20,0,,0,0,4.40,,4.57,4.57,VMS 3,,Tanque,,1.38,,1.74,1.56,4.41,,3.82,4.43
11/02/2025 07:07 p. m.,Ordeño,08:07,16.45,3,,,,,0,,0.96,,1.26,1.14,0,,0,0,4.81,,4.99,5.08,VMS 3,,Tanque,,1.32,,1.68,1.50,5.51,,5.02,5.92
11/02/2025 11:05 p. m.,Ordeño,05:10,7.20,4,,,,,0,,0.90,,1.26,1.02,0,,0,0,4.52,,4.77,4.84,VMS 3,,Tanque,,1.20,,1.62,1.44,2.63,,2.04,2.53
12/02/2025 03:31 a. m.,Ordeño,05:53,10.56,1,,,,,0,,0.96,,1.20,1.14,0,,0,0,4.70,,4.83,4.89,VMS 3,,Tanque,,1.38,,1.68,1.50,3.48,,3.19,3.89
12/02/2025 11:57 a. m.,Ordeño,09:58,19.42,2,,,,,0,,0.90,,1.26,1.02,0,,0,0,4.90,,4.98,5.07,VMS 3,,Tanque,,1.32,,1.68,1.50,6.50,,6.13,6.79
12/02/2025 05:50 p. m.,Ordeño,07:45,14.42,3,,,,,0,,0.90,,1.20,1.14,0,,0,0,4.84,,4.86,4.92,VMS 3,,Tanque,,1.26,,1.50,1.56,4.86,,4.35,5.21
13/02/2025 06:08 a. m.,Ordeño,11:34,25.84,1,,,,,0,,0.96,,1.26,1.20,0,,0,0,4.89,,4.93,5.02,VMS 3,,Tanque,,1.32,,1.68,1.56,8.52,,8.07,9.25
13/02/2025 12:03 p. m.,Ordeño,07:36,14.74,2,,,,,0,,0.96,,1.26,1.14,0,,0,0,4.34,,4.63,4.45,VMS 3,,Tanque,,1.38,,1.56,1.50,5.11,,4.48,5.15
13/02/2025 06:47 p. m.,Ordeño,07:14,14.58,3,,,,,0,,0.96,,1.32,1.14,0,,0,0,4.81,,4.95,4.96,VMS 3,,Tanque,,1.38,,1.62,1.50,4.88,,4.55,5.15
14/02/2025 10:06 a. m.,Ordeño,11:15,26.63,1,,,,,0,,1.02,,1.20,1.08,0,,0,0,4.81,,4.81,4.88,VMS 3,,Tanque,,1.50,,1.56,1.44,8.87,,8.46,9.30
14/02/2025 01:53 p. m.,Ordeño,06:09,8.23,2,,,,,0,,0.96,,1.20,1.02,382,,0,0,4.28,,4.48,4.39,VMS 3,,Tanque,,1.38,,1.62,1.56,3.08,,2.27,2.88
14/02/2025 07:38 p. m.,Ordeño,05:50,10.25,3,,,,,0,,0.96,,1.26,1.02,0,,0,0,4.32,,4.65,4.53,VMS 3,,Tanque,,1.38,,1.62,1.56,3.56,,3.05,3.64
15/02/2025 12:07 a. m.,Ordeño,05:45,9.28,1,,,,,0,,0.96,,1.20,1.02,0,,0,0,4.86,,4.95,5.07,VMS 3,,Tanque,,1.38,,1.50,1.38,3.25,,2.68,3.35
15/02/2025 07:36 a. m.,Ordeño,07:41,16.88,2,,,,,0,,1.02,,1.44,1.08,0,,0,0,5.10,,5.03,5.23,VMS 3,,Tanque,,1.32,,1.92,1.50,5.55,,5.28,6.05
15/02/2025 12:16 p. m.,Ordeño,04:58,6.48,3,,,,,0,,0.90,,0.96,0.90,0,,0,0,4.62,,4.80,4.87,VMS 3,,Tanque,,1.26,,1.56,1.38,2.48,,1.77,2.23
15/02/2025 05:15 p. m.,Ordeño,06:31,13.34,4,,,,,0,,1.02,,1.38,1.08,0,,0,0,4.70,,4.78,4.81,VMS 3,,Tanque,,1.50,,1.74,1.50,4.42,,4.26,4.66
16/02/2025 12:33 a. m.,Ordeño,08:50,15.96,1,,,,,0,,1.02,,1.32,0.84,0,,0,0,4.92,,4.92,5.05,VMS 3,,Tanque,,1.50,,1.68,1.20,5.48,,4.90,5.58
16/02/2025 08:29 a. m.,Ordeño,10:27,19.34,2,,,,,0,,0.90,,1.32,1.08,0,,0,0,5.17,,5.12,5.19,VMS 3,,Tanque,,1.38,,1.74,1.44,6.31,,5.96,7.07
16/02/2025 01:17 p. m.,Ordeño,07:13,12.45,3,,,,,0,,0.96,,1.32,1.02,0,,0,0,4.40,,4.67,4.53,VMS 3,,Tanque,,1.44,,1.68,1.38,4.44,,3.70,4.31
16/02/2025 11:50 p. m.,Ordeño,10:45,22.74,1,,,,,0,,0.90,,1.32,0.96,0,,0,0,4.82,,4.94,4.98,VMS 3,,Tanque,,1.38,,1.56,1.44,7.57,,7.22,7.95
17/02/2025 09:24 a. m.,Ordeño,11:06,22.66,2,,,,,0,,0.90,,1.32,1.08,0,,0,0,4.80,,4.92,4.83,VMS 3,,Tanque,,1.38,,1.80,1.56,7.57,,7.09,8.00
17/02/2025 03:32 p. m.,Ordeño,08:02,13.25,3,,,,,0,,0.90,,1.32,1.02,0,,0,0,4.46,,4.80,4.57,VMS 3,,Tanque,,1.32,,1.80,1.38,4.68,,3.88,4.69
17/02/2025 09:41 p. m.,Ordeño,07:19,13.06,4,,,,,0,,0.90,,1.26,1.02,0,,0,0,4.88,,4.98,4.96,VMS 3,,Tanque,,1.26,,1.68,1.38,4.50,,3.94,4.62
18/02/2025 03:24 a. m.,Ordeño,07:59,12.70,1,,,,,0,,0.78,,1.26,1.02,0,,0,0,4.94,,4.99,4.93,VMS 3,,Tanque,,1.08,,1.68,1.50,4.23,,3.93,4.54
18/02/2025 11:15 a. m.,Ordeño,09:00,16.72,2,,,,,0,,0.90,,1.20,0.96,0,,0,0,4.69,,4.92,4.92,VMS 3,,Tanque,,1.38,,1.44,1.38,5.60,,5.12,6.00
18/02/2025 04:12 p. m.,Ordeño,05:54,9.55,3,,,,,0,,0.96,,1.26,1.08,0,,0,0,4.50,,4.65,4.65,VMS 3,,Tanque,,1.32,,1.56,1.44,3.36,,2.72,3.47
18/02/2025 11:29 p. m.,Ordeño,07:25,14.74,4,,,,,0,,1.02,,1.32,1.08,0,,0,0,4.70,,4.86,4.91,VMS 3,,Tanque,,1.50,,1.68,1.56,5.09,,4.43,5.22
19/02/2025 07:23 a. m.,Ordeño,08:03,16.21,1,,,,,0,,0.96,,1.32,1.02,0,,0,0,4.71,,4.80,4.75,VMS 3,,Tanque,,1.32,,1.68,1.50,5.45,,4.93,5.83
19/02/2025 12:17 p. m.,Ordeño,05:49,10.20,2,,,,,0,,1.02,,1.32,1.08,0,,0,0,4.44,,4.73,4.61,VMS 3,,Tanque,,1.38,,1.80,1.50,3.58,,3.05,3.57
19/02/2025 05:08 p. m.,Ordeño,06:52,10.15,3,,,,,0,,0.90,,1.32,0.96,0,,0,0,4.73,,4.85,4.81,VMS 3,,Tanque,,1.26,,1.68,1.38,3.39,,3.11,3.65
20/02/2025 03:00 a. m.,Ordeño,09:34,20.66,1,,,,,0,,0.96,,1.38,1.14,0,,0,0,4.85,,4.91,4.93,VMS 3,,Tanque,,1.50,,1.80,1.62,6.93,,6.43,7.30
20/02/2025 11:25 a. m.,Ordeño,09:14,18.09,2,,,,,0,,0.90,,1.32,1.14,0,,0,0,4.76,,4.77,4.75,VMS 3,,Tanque,,1.38,,1.86,1.56,6.09,,5.53,6.47
20/02/2025 04:09 p. m.,Ordeño,06:28,10.76,3,,,,,0,,0.90,,1.32,1.14,0,,0,0,4.60,,4.79,4.75,VMS 3,,Tanque,,1.56,,1.74,1.50,3.78,,3.23,3.75
21/02/2025 03:18 a. m.,Ordeño,11:30,23.90,1,,,,,0,,0.90,,1.26,1.08,0,,0,0,4.94,,5.04,5.12,VMS 3,,Tanque,,1.38,,1.68,1.50,7.87,,7.52,8.51
21/02/2025 12:01 p. m.,Ordeño,09:18,18.88,2,,,,,0,,0.90,,1.32,1.14,0,,0,0,4.87,,4.90,4.98,VMS 3,,Tanque,,1.32,,1.74,1.50,6.32,,5.75,6.81
21/02/2025 10:56 p. m.,Ordeño,12:19,22.09,3,,,,,0,,0.78,,1.26,1.08,0,,0,0,4.96,,5.04,5.15,VMS 3,,Tanque,,1.26,,1.68,1.50,7.28,,6.96,7.85
22/02/2025 09:49 a. m.,Ordeño,12:30,24.03,1,,,,,0,,0.84,,1.08,0.96,0,,0,0,4.89,,4.91,5.01,VMS 3,,Tanque,,1.38,,1.50,1.44,8.15,,7.39,8.49
22/02/2025 04:51 p. m.,Ordeño,08:55,14.83,2,,,,,0,,0.78,,1.14,0.96,0,,0,0,4.54,,4.77,4.75,VMS 3,,Tanque,,1.20,,1.50,1.26,5.30,,4.39,5.14
23/02/2025 07:48 a. m.,Ordeño,13:58,29.56,1,,,,,0,,0.84,,1.08,0.96,0,,0,0,5.22,,5.22,5.25,VMS 3,,Tanque,,1.62,,1.50,1.38,9.75,,9.54,10.27
23/02/2025 09:41 p. m.,Ordeño,13:54,26.73,2,,,,,0,,0.84,,1.08,0.84,0,,0,0,4.91,,5.02,4.97,VMS 3,,Tanque,,1.26,,1.56,1.32,9.08,,8.34,9.31
24/02/2025 09:48 a. m.,Ordeño,12:35,24.32,1,,,,,0,,0.84,,1.14,1.02,0,,0,0,5.07,,5.09,5.15,VMS 3,,Tanque,,1.20,,1.56,1.50,8.03,,7.48,8.81
24/02/2025 09:11 p. m.,Ordeño,11:42,23.41,2,,,,,0,,0.90,,1.26,1.02,0,,0,0,5.26,,5.26,5.37,VMS 3,,Tanque,,1.38,,1.68,1.44,7.93,,7.47,8.01
25/02/2025 08:17 a. m.,Ordeño,12:06,24.31,1,,,,,0,,0.90,,1.44,1.02,0,,0,0,5.07,,5.22,5.20,VMS 3,,Tanque,,1.44,,1.86,1.44,8.22,,7.58,8.51
25/02/2025 05:41 p. m.,Ordeño,09:53,17.80,2,,,,,0,,0.84,,1.32,1.08,0,,0,0,4.86,,5.03,4.99,VMS 3,,Tanque,,1.20,,1.62,1.50,6.12,,5.30,6.38
26/02/2025 02:46 a. m.,Ordeño,10:53,19.65,1,,,,,0,,0.78,,1.32,1.14,0,,0,0,5.32,,5.29,5.40,VMS 3,,Tanque,,1.20,,1.74,1.62,6.42,,6.11,7.12
26/02/2025 01:22 p. m.,Ordeño,10:53,21.64,2,,,,,0,,0.96,,1.32,1.02,0,,0,0,5.27,,5.31,5.45,VMS 3,,Tanque,,1.32,,1.68,1.38,7.34,,6.78,7.52
26/02/2025 06:41 p. m.,Ordeño,07:44,10.71,3,,,,,0,,0.78,,1.26,1.14,0,,0,0,4.91,,5.10,5.08,VMS 3,,Tanque,,1.20,,1.68,1.56,3.72,,3.01,3.98
27/02/2025 08:15 a. m.,Ordeño,12:47,27.89,1,,,,,0,,0.90,,1.32,1.08,0,,0,0,5.45,,5.46,5.66,VMS 3,,Tanque,,1.26,,1.80,1.56,9.21,,8.99,9.69
27/02/2025 05:51 p. m.,Ordeño,10:34,19.59,2,,,,,0,,0.84,,1.20,1.08,0,,0,0,5.17,,5.27,5.32,VMS 3,,Tanque,,1.20,,1.68,1.44,6.59,,5.94,7.06
28/02/2025 02:52 a. m.,Ordeño,09:22,18.56,1,,,,,0,,0.90,,1.32,1.08,0,,0,0,5.21,,5.24,5.28,VMS 3,,Tanque,,1.38,,1.80,1.56,6.36,,5.65,6.55
28/02/2025 08:43 a. m.,Ordeño,08:04,13.76,2,,,,,0,,0.78,,1.26,1.08,0,,0,0,5.07,,5.23,5.32,VMS 3,,Tanque,,1.14,,1.74,1.44,4.64,,4.15,4.97
28/02/2025 06:18 p. m.,Ordeño,09:14,18.34,3,,,,,0,,0.90,,1.26,1.02,0,,0,0,5.54,,5.53,5.76,VMS 3,,Tanque,,1.26,,1.62,1.44,6.11,,5.62,6.61
01/03/2025 12:09 a. m.,Ordeño,08:16,14.76,1,,,,,0,,0.90,,1.32,1.08,0,,0,0,4.91,,4.98,5.25,VMS 3,,Tanque,,1.32,,1.80,1.44,5.08,,4.55,5.13
01/03/2025 11:48 a. m.,Ordeño,11:59,23.99,2,,,,,0,,0.90,,1.38,1.14,0,,0,0,5.46,,5.43,5.61,VMS 3,,Tanque,,1.32,,1.80,1.56,7.88,,7.66,8.45
01/03/2025 05:00 p. m.,Ordeño,06:43,11.67,3,,,,,0,,0.90,,1.32,1.14,0,,0,0,5.18,,5.30,5.27,VMS 3,,Tanque,,1.32,,1.86,1.62,4.23,,3.29,4.15
02/03/2025 03:51 a. m.,Ordeño,11:08,21.44,1,,,,,0,,0.84,,1.26,1.02,0,,0,0,5.32,,5.27,5.46,VMS 3,,Tanque,,1.26,,1.74,1.50,7.16,,6.67,7.61
02/03/2025 01:22 p. m.,Ordeño,11:06,21.00,2,,,,,0,,0.84,,1.32,1.02,0,,0,0,5.18,,5.22,5.34,VMS 3,,Tanque,,1.20,,1.68,1.50,6.91,,6.55,7.54
02/03/2025 09:04 p. m.,Ordeño,09:29,17.28,3,,,,,0,,0.84,,1.32,1.02,0,,0,0,4.97,,5.08,5.15,VMS 3,,Tanque,,1.14,,1.74,1.38,5.85,,5.34,6.09
03/03/2025 09:30 a. m.,Ordeño,12:11,25.58,1,,,,,0,,0.90,,1.38,0.96,0,,0,0,5.45,,5.39,5.51,VMS 3,,Tanque,,1.32,,1.68,1.32,8.30,,8.40,8.88
03/03/2025 09:38 p. m.,Ordeño,12:41,23.25,2,,,,,0,,0.90,,1.26,1.02,0,,0,0,5.02,,5.03,5.18,VMS 3,,Tanque,,1.32,,1.68,1.38,7.92,,6.91,8.42
04/03/2025 07:24 a. m.,Ordeño,12:01,24.61,1,,,,,0,,0.90,,1.26,1.02,0,,0,0,5.08,,5.24,5.23,VMS 3,,Tanque,,1.20,,1.68,1.50,8.27,,7.65,8.69
04/03/2025 09:03 p. m.,Ordeño,12:13,25.74,2,,,,,0,,0.90,,1.32,1.08,0,,0,0,5.08,,5.20,5.22,VMS 3,,Tanque,,1.38,,1.86,1.44,8.71,,8.08,8.95
05/03/2025 07:43 a. m.,Ordeño,11:48,24.42,1,,,,,0,,0.90,,1.32,1.20,0,,0,0,5.16,,5.18,5.24,VMS 3,,Tanque,,1.26,,1.74,1.62,8.10,,7.66,8.66
05/03/2025 02:17 p. m.,Ordeño,08:08,14.61,2,,,,,0,,0.90,,1.32,1.14,0,,0,0,4.72,,4.90,4.90,VMS 3,,Tanque,,1.32,,1.68,1.56,5.22,,4.32,5.07
06/03/2025 01:43 a. m.,Ordeño,12:22,22.80,1,,,,,0,,0.84,,1.26,0.96,0,,0,0,5.18,,5.13,5.21,VMS 3,,Tanque,,1.20,,1.68,1.50,7.62,,7.15,8.03
06/03/2025 12:04 p. m.,Ordeño,10:55,22.57,2,,,,,0,,0.90,,1.32,1.14,0,,0,0,5.37,,5.28,5.42,VMS 3,,Tanque,,1.32,,1.80,1.44,7.36,,7.06,8.15
07/03/2025 12:55 a. m.,Ordeño,12:36,24.48,1,,,,,0,,0.84,,1.32,1.08,0,,0,0,5.31,,5.22,5.19,VMS 3,,Tanque,,1.32,,1.68,1.44,7.87,,7.80,8.81
07/03/2025 07:17 a. m.,Ordeño,08:31,14.92,2,,,,,0,,0.84,,1.32,1.08,0,,0,0,4.88,,5.07,5.09,VMS 3,,Tanque,,1.26,,1.68,1.44,5.21,,4.37,5.34
07/03/2025 02:15 p. m.,Ordeño,07:38,14.62,3,,,,,0,,0.90,,1.38,1.14,0,,0,0,5.22,,5.36,5.33,VMS 3,,Tanque,,1.38,,1.68,1.50,5.01,,4.40,5.21
07/03/2025 09:18 p. m.,Ordeño,07:38,13.81,4,,,,,0,,0.90,,1.38,1.14,0,,0,0,4.89,,5.15,5.13,VMS 3,,Tanque,,1.26,,1.74,1.56,4.63,,4.27,4.91
08/03/2025 06:37 a. m.,Ordeño,09:58,20.66,1,,,,,0,,0.90,,1.38,1.20,0,,0,0,5.34,,5.37,5.54,VMS 3,,Tanque,,1.32,,1.68,1.50,6.80,,6.50,7.36
08/03/2025 12:07 p. m.,Ordeño,08:02,13.82,2,,,,,0,,0.90,,1.44,1.26,0,,0,0,4.88,,5.09,5.07,VMS 3,,Tanque,,1.26,,1.86,1.62,4.84,,4.05,4.93
08/03/2025 05:50 p. m.,Ordeño,07:13,10.91,3,,,,,0,,0.84,,1.26,1.20,0,,0,0,4.87,,5.13,5.12,VMS 3,,Tanque,,1.14,,1.50,1.56,3.80,,3.23,3.88
09/03/2025 03:02 a. m.,Ordeño,09:42,18.08,1,,,,,0,,0.90,,1.26,1.08,0,,0,0,5.15,,5.28,5.35,VMS 3,,Tanque,,1.26,,1.62,1.56,5.88,,5.69,6.51
09/03/2025 08:59 a. m.,Ordeño,08:04,13.45,2,,,,,0,,0.84,,1.32,1.20,0,,0,0,4.81,,4.93,5.00,VMS 3,,Tanque,,1.32,,1.80,1.50,4.61,,4.05,4.79
09/03/2025 05:50 p. m.,Ordeño,09:03,16.45,3,,,,,0,,0.84,,1.32,1.14,0,,0,0,5.18,,5.19,5.30,VMS 3,,Tanque,,1.20,,1.62,1.50,5.49,,5.00,5.96
09/03/2025 11:15 p. m.,Ordeño,06:11,10.18,4,,,,,0,,0.84,,1.26,1.08,0,,0,0,5.33,,5.29,5.44,VMS 3,,Tanque,,1.32,,1.68,1.62,3.35,,3.09,3.74
10/03/2025 06:57 a. m.,Ordeño,10:22,18.03,1,,,,,0,,0.78,,1.20,0.96,0,,0,0,4.99,,5.05,5.11,VMS 3,,Tanque,,1.26,,1.62,1.38,5.99,,5.54,6.50
10/03/2025 06:41 p. m.,Ordeño,08:16,5.17,2,,"DI,TD","DI,TI",TI,0,,0.60,,0.00,1.02,300,,0,0,4.96,,0.00,5.15,VMS 3,,Tanque,,1.26,,0.00,1.44,0.30,,0.00,4.87
11/03/2025 06:10 a. m.,Ordeño,15:38,29.00,1,,,,,0,,0.90,,1.20,1.08,0,,0,0,5.40,,4.99,5.03,VMS 3,,Tanque,,1.44,,1.56,1.44,9.98,,8.48,10.54
11/03/2025 12:28 p. m.,Ordeño,07:45,13.39,2,,,,,0,,0.90,,1.14,1.08,0,,0,0,4.11,,4.41,4.29,VMS 3,,Tanque,,1.20,,1.38,1.44,4.90,,3.32,5.17
11/03/2025 07:07 p. m.,Ordeño,07:18,11.78,3,,,,,0,,0.78,,1.14,1.02,0,,0,0,4.72,,4.90,4.76,VMS 3,,Tanque,,1.08,,1.50,1.38,3.90,,3.47,4.41
12/03/2025 06:06 a. m.,Ordeño,11:37,21.99,1,,,,,0,,0.78,,1.26,1.14,0,,0,0,5.04,,5.09,4.97,VMS 3,,Tanque,,1.14,,1.74,1.56,6.88,,6.86,8.25
12/03/2025 11:44 a. m.,Ordeño,06:59,11.25,2,,,,,0,,0.84,,1.26,1.02,0,,0,0,4.57,,4.69,4.46,VMS 3,,Tanque,,1.20,,1.68,1.44,3.76,,3.37,4.12
12/03/2025 06:09 p. m.,Ordeño,07:36,11.27,3,,,,,0,,0.78,,1.26,1.08,0,,0,0,4.77,,4.91,4.78,VMS 3,,Tanque,,1.14,,1.74,1.44,3.95,,3.30,4.02
13/03/2025 02:35 a. m.,Ordeño,08:39,16.93,1,,,,,0,,0.90,,1.32,1.14,0,,0,0,5.07,,5.02,4.93,VMS 3,,Tanque,,1.26,,1.80,1.56,5.54,,5.26,6.13
13/03/2025 11:36 a. m.,Ordeño,10:03,18.57,2,,,,,0,,0.84,,1.32,1.02,0,,0,0,4.96,,4.96,4.84,VMS 3,,Tanque,,1.20,,1.68,1.50,6.29,,5.66,6.62
13/03/2025 05:43 p. m.,Ordeño,06:59,11.67,3,,,,,0,,0.84,,1.26,1.08,0,,0,0,4.77,,4.83,4.65,VMS 3,,Tanque,,1.26,,1.56,1.68,4.05,,3.39,4.23
14/03/2025 01:56 a. m.,Ordeño,08:53,15.41,1,,,,,0,,0.84,,1.20,1.02,0,,0,0,4.64,,4.74,4.65,VMS 3,,Tanque,,1.14,,1.74,1.44,5.19,,4.80,5.42
14/03/2025 02:43 p. m.,Ordeño,11:57,25.09,2,,,,,0,,0.90,,1.38,1.14,0,,0,0,4.94,,4.90,4.91,VMS 3,,Tanque,,1.38,,1.80,1.56,8.23,,7.81,9.05
14/03/2025 11:20 p. m.,Ordeño,10:20,17.50,3,,,,,0,,0.78,,1.26,1.02,0,,0,0,4.75,,4.82,4.78,VMS 3,,Tanque,,1.26,,1.80,1.44,6.01,,5.37,6.12
15/03/2025 06:08 a. m.,Ordeño,09:23,15.95,1,,,,,0,,0.78,,1.32,1.08,0,,0,0,4.87,,5.04,4.98,VMS 3,,Tanque,,1.26,,1.74,1.50,5.38,,4.87,5.70
15/03/2025 03:55 p. m.,Ordeño,09:53,20.52,2,,,,,0,,0.90,,1.38,1.14,0,,0,0,4.87,,4.98,4.97,VMS 3,,Tanque,,1.32,,1.80,1.50,6.86,,6.31,7.35
16/03/2025 02:26 a. m.,Ordeño,10:49,21.29,1,,,,,0,,0.90,,1.38,1.08,0,,0,0,4.60,,4.83,4.66,VMS 3,,Tanque,,1.20,,1.80,1.56,7.21,,6.57,7.51
16/03/2025 10:55 a. m.,Ordeño,09:14,18.06,2,,,,,0,,0.96,,1.38,1.14,0,,0,0,4.72,,4.92,4.84,VMS 3,,Tanque,,1.38,,1.74,1.56,6.27,,5.41,6.38
16/03/2025 10:28 p. m.,Ordeño,10:41,21.28,3,,,,,0,,0.90,,1.38,0.90,0,,0,0,4.84,,4.86,4.86,VMS 3,,Tanque,,1.32,,1.74,1.38,7.01,,6.81,7.46
17/03/2025 05:23 a. m.,Ordeño,10:06,16.30,1,,,,,0,,0.72,,1.26,0.96,0,,0,0,4.60,,4.84,4.64,VMS 3,,Tanque,,1.14,,1.62,1.26,5.41,,4.92,5.97
17/03/2025 03:04 p. m.,Ordeño,09:21,19.33,2,,,,,0,,0.96,,1.38,1.08,0,,0,0,4.73,,4.84,4.85,VMS 3,,Tanque,,1.38,,1.74,1.56,6.53,,5.96,6.84
18/03/2025 02:05 a. m.,Ordeño,09:57,19.80,1,,,,,0,,0.90,,1.32,1.02,0,,0,0,4.53,,4.69,4.69,VMS 3,,Tanque,,1.32,,1.74,1.44,6.71,,6.06,7.03
18/03/2025 07:55 a. m.,Ordeño,07:36,13.08,2,,,,,0,,0.90,,1.32,1.08,0,,0,0,4.19,,4.51,4.34,VMS 3,,Tanque,,1.26,,1.74,1.62,4.61,,3.82,4.65
18/03/2025 04:19 p. m.,Ordeño,08:30,13.85,3,,,,,0,,0.78,,1.26,0.90,0,,0,0,4.75,,4.98,4.92,VMS 3,,Tanque,,1.14,,1.50,1.26,4.59,,4.26,5.00
18/03/2025 11:23 p. m.,Ordeño,09:05,16.00,4,,,,,0,,0.84,,1.32,1.02,0,,0,0,4.63,,4.74,4.76,VMS 3,,Tanque,,1.20,,1.68,1.50,5.34,,4.96,5.70
19/03/2025 06:12 a. m.,Ordeño,08:34,15.22,1,,,,,0,,0.90,,1.32,1.02,0,,0,0,4.92,,5.02,5.01,VMS 3,,Tanque,,1.32,,1.62,1.44,5.17,,4.59,5.46
19/03/2025 02:46 p. m.,Ordeño,08:26,15.02,2,,,,,0,,0.84,,1.32,0.96,0,,0,0,4.92,,5.00,4.92,VMS 3,,Tanque,,1.32,,1.74,1.44,5.08,,4.52,5.42
19/03/2025 10:01 p. m.,Ordeño,07:57,14.03,3,,,,,0,,0.84,,1.26,1.02,0,,0,0,4.50,,4.63,4.60,VMS 3,,Tanque,,1.26,,1.62,1.44,4.68,,4.42,4.93
20/03/2025 07:41 a. m.,Ordeño,11:17,21.35,1,,,,,0,,0.84,,1.26,1.02,0,,0,0,5.04,,5.09,5.23,VMS 3,,Tanque,,1.26,,1.68,1.44,7.37,,6.60,7.38
20/03/2025 05:38 p. m.,Ordeño,10:49,21.91,2,,,,,0,,0.90,,1.26,1.02,0,,0,0,4.72,,4.91,4.87,VMS 3,,Tanque,,1.32,,1.68,1.44,7.53,,6.60,7.78
21/03/2025 08:11 a. m.,Ordeño,13:20,28.37,1,,,,,0,,0.90,,1.38,1.02,0,,0,0,4.90,,4.93,5.03,VMS 3,,Tanque,,1.32,,1.74,1.62,9.37,,8.88,10.12
21/03/2025 07:10 p. m.,Ordeño,11:41,22.34,2,,,,,0,,0.84,,1.32,1.08,0,,0,0,4.71,,4.95,4.93,VMS 3,,Tanque,,1.26,,1.74,1.50,7.54,,6.92,7.88
22/03/2025 06:31 a. m.,Ordeño,11:56,24.36,1,,,,,0,,0.96,,1.32,1.08,0,,0,0,4.85,,5.00,4.93,VMS 3,,Tanque,,1.38,,1.74,1.56,8.16,,7.52,8.68
22/03/2025 03:29 p. m.,Ordeño,09:33,18.06,2,,,,,0,,0.96,,1.26,1.02,0,,0,0,4.63,,4.88,4.72,VMS 3,,Tanque,,1.38,,1.68,1.50,6.06,,5.48,6.52
23/03/2025 12:35 a. m.,Ordeño,09:24,18.29,1,,,,,0,,0.90,,1.32,1.02,0,,0,0,4.70,,4.95,4.86,VMS 3,,Tanque,,1.32,,1.80,1.50,6.18,,5.60,6.51
23/03/2025 06:50 a. m.,Ordeño,07:35,13.61,2,,,,,0,,0.90,,1.20,1.02,0,,0,0,5.03,,5.15,5.12,VMS 3,,Tanque,,1.32,,1.56,1.38,4.56,,4.16,4.89
23/03/2025 02:08 p. m.,Ordeño,08:37,14.52,3,,,,,0,TD,0.96,,1.32,1.08,0,,0,0,5.09,,4.42,5.49,VMS 3,,Tanque,,1.50,,1.68,1.56,4.82,,4.37,5.33
24/03/2025 05:15 a. m.,Ordeño,13:08,28.74,1,,,,,0,,0.96,,1.14,1.20,0,,0,0,5.13,,5.12,5.19,VMS 3,,Tanque,,1.50,,1.56,1.68,9.52,,8.92,10.30
24/03/2025 02:22 p. m.,Ordeño,09:50,21.08,2,,,,,0,,0.96,,1.26,1.08,0,,0,0,4.85,,4.92,4.86,VMS 3,,Tanque,,1.38,,1.68,1.62,7.29,,6.30,7.49
24/03/2025 09:49 p. m.,Ordeño,08:07,14.47,3,,,,,0,,0.90,,1.20,1.08,0,,0,0,4.71,,4.92,4.94,VMS 3,,Tanque,,1.20,,1.62,1.56,4.91,,4.34,5.22
25/03/2025 08:16 a. m.,Ordeño,10:48,21.59,1,,,,,0,,0.90,,1.20,1.02,0,,0,0,5.16,,5.14,5.27,VMS 3,,Tanque,,1.26,,1.56,1.44,7.20,,6.76,7.63
25/03/2025 02:38 p. m.,Ordeño,07:42,14.83,2,,,,,0,,0.96,,1.26,1.14,0,,0,0,4.73,,4.81,4.89,VMS 3,,Tanque,,1.32,,1.86,1.56,5.12,,4.38,5.33
25/03/2025 07:55 p. m.,Ordeño,05:13,7.01,3,,,,,0,,0.84,,1.08,0.84,0,,0,0,5.14,,5.34,5.42,VMS 3,,Tanque,,1.20,,1.56,1.26,2.53,,1.95,2.53
26/03/2025 07:00 a. m.,Ordeño,11:49,24.90,1,,,,,0,,0.96,,1.38,1.14,0,,0,0,5.35,,5.30,5.38,VMS 3,,Tanque,,1.32,,1.74,1.62,8.74,,6.88,9.28
26/03/2025 04:24 p. m.,Ordeño,09:48,20.32,2,,,,,0,,0.96,,1.26,1.14,0,,0,0,4.70,,4.89,4.76,VMS 3,,Tanque,,1.38,,1.74,1.44,7.18,,5.95,7.19
26/03/2025 10:50 p. m.,Ordeño,07:25,13.05,3,,,,,0,,0.90,,1.26,1.08,0,,0,0,4.49,,4.69,4.65,VMS 3,,Tanque,,1.26,,1.68,1.50,4.69,,3.79,4.57
27/03/2025 03:32 a. m.,Ordeño,07:51,10.11,1,,,,,0,,0.90,,1.20,0.96,0,,0,0,4.77,,4.94,4.84,VMS 3,,Tanque,,1.32,,1.56,1.32,3.49,,2.89,3.73
27/03/2025 07:53 a. m.,Ordeño,06:07,10.23,2,,,,,0,,0.96,,1.38,1.14,0,,0,0,5.15,,5.14,5.14,VMS 3,,Tanque,,1.32,,1.74,1.44,3.54,,3.01,3.68
27/03/2025 01:44 p. m.,Ordeño,06:39,12.72,3,,,,,0,,1.02,,1.32,1.20,0,,0,0,5.16,,5.20,5.25,VMS 3,,Tanque,,1.38,,1.68,1.62,4.38,,3.78,4.56
27/03/2025 07:50 p. m.,Ordeño,06:59,12.64,4,,,,,0,,0.90,,1.26,1.14,0,,0,0,5.01,,5.05,5.02,VMS 3,,Tanque,,1.32,,1.62,1.68,4.36,,3.77,4.51
28/03/2025 05:24 a. m.,Ordeño,10:40,18.63,1,,,,,0,,0.90,,1.26,1.02,0,,0,393,5.43,,4.69,5.76,VMS 3,,Tanque,,1.38,,1.74,1.50,6.13,,5.92,6.58
28/03/2025 10:41 a. m.,Ordeño,06:06,10.46,2,,,,,0,,1.02,,1.20,1.14,0,,0,0,4.83,,4.89,4.95,VMS 3,,Tanque,,1.50,,1.56,1.68,3.71,,2.89,3.86
28/03/2025 04:58 p. m.,Ordeño,07:16,13.16,3,,,,,0,,0.90,,1.32,1.08,0,,0,0,4.92,,4.91,5.05,VMS 3,,Tanque,,1.32,,1.62,1.44,4.43,,3.97,4.76
28/03/2025 10:00 p. m.,Ordeño,07:35,11.56,4,,,,,0,,1.02,,1.32,1.20,0,,0,0,4.97,,4.90,4.99,VMS 3,,Tanque,,1.44,,1.68,1.68,4.04,,3.25,4.27
29/03/2025 07:45 a. m.,Ordeño,09:35,20.21,1,,,,,0,,0.96,,1.32,1.14,0,,0,0,5.02,,5.03,5.23,VMS 3,,Tanque,,1.32,,1.74,1.56,6.85,,6.10,7.26
29/03/2025 02:09 p. m.,Ordeño,07:13,13.31,2,,,,,0,,0.90,,1.26,1.02,0,,0,0,4.51,,4.72,4.58,VMS 3,,Tanque,,1.38,,1.74,1.44,4.68,,3.94,4.69
29/03/2025 07:18 p. m.,Ordeño,06:17,9.66,3,,,,,0,,0.84,,1.20,0.90,0,,0,0,4.71,,4.83,4.84,VMS 3,,Tanque,,1.26,,1.62,1.38,3.29,,2.85,3.52
30/03/2025 06:23 a. m.,Ordeño,11:23,23.78,1,,,,,0,,0.90,,1.38,1.20,0,,0,0,5.14,,5.08,5.30,VMS 3,,Tanque,,1.26,,1.80,1.56,7.73,,7.57,8.48
30/03/2025 10:57 a. m.,Ordeño,06:51,10.45,2,,,,,0,,0.84,,1.32,1.02,0,,0,0,4.52,,4.56,4.53,VMS 3,,Tanque,,1.26,,1.68,1.56,3.76,,2.90,3.79
30/03/2025 03:33 p. m.,Ordeño,06:40,9.12,3,,,,,0,,0.78,,1.26,0.96,0,,0,0,4.79,,4.82,4.88,VMS 3,,Tanque,,1.14,,1.62,1.32,3.09,,2.70,3.33
30/03/2025 09:37 p. m.,Ordeño,07:40,10.93,4,,,,,0,,0.84,,1.20,0.90,0,,0,0,4.78,,4.78,4.87,VMS 3,,Tanque,,1.14,,1.62,1.26,3.56,,3.37,4.00
31/03/2025 07:59 a. m.,Ordeño,11:55,22.74,1,,,,,0,,0.84,,1.26,0.96,0,,0,0,5.21,,5.10,5.30,VMS 3,,Tanque,,1.14,,1.56,1.32,7.44,,7.19,8.11
31/03/2025 02:19 p. m.,Ordeño,08:44,12.90,2,,,,,0,TD,0.66,,1.32,1.02,0,,0,0,4.89,,4.29,5.29,VMS 3,,Tanque,,1.02,,1.62,1.38,3.74,,4.15,5.01
31/03/2025 07:16 p. m.,Ordeño,06:36,9.73,3,,,,,0,,0.78,,1.20,0.90,0,,0,0,4.78,,4.85,4.97,VMS 3,,Tanque,,1.08,,1.56,1.38,3.33,,2.87,3.53
01/04/2025 05:55 a. m.,Ordeño,10:58,22.47,1,,,,,0,,0.84,,1.26,1.02,0,,0,0,5.10,,5.05,5.15,VMS 3,,Tanque,,1.26,,1.74,1.56,7.21,,7.03,8.23
01/04/2025 02:27 p. m.,Ordeño,09:48,17.69,2,,,,,0,,0.84,,1.26,0.90,0,,0,0,4.78,,4.80,4.91,VMS 3,,Tanque,,1.26,,1.62,1.26,5.88,,5.33,6.48
01/04/2025 08:59 p. m.,Ordeño,08:03,13.34,3,,,,,0,,0.78,,1.26,0.90,0,,0,0,4.85,,4.93,4.99,VMS 3,,Tanque,,1.08,,1.62,1.26,4.34,,4.10,4.90
02/04/2025 07:25 a. m.,Ordeño,10:51,21.09,1,,,,,0,,0.84,,1.26,0.96,0,,0,0,5.17,,5.12,5.36,VMS 3,,Tanque,,1.14,,1.74,1.38,6.84,,6.67,7.58
02/04/2025 04:36 p. m.,Ordeño,09:52,19.19,2,,,,,0,,0.90,,1.26,0.96,0,,0,0,4.84,,4.87,4.85,VMS 3,,Tanque,,1.32,,1.62,1.38,6.23,,5.93,7.03
03/04/2025 06:27 a. m.,Ordeño,13:00,27.88,1,,,,,0,,0.90,,1.26,1.02,0,,0,0,5.07,,4.90,4.98,VMS 3,,Tanque,,1.32,,1.62,1.44,8.95,,8.88,10.05
03/04/2025 09:37 p. m.,Ordeño,13:31,26.60,2,,,,,0,,0.90,,1.26,0.72,0,,0,0,4.98,,4.89,4.95,VMS 3,,Tanque,,1.38,,1.56,1.32,9.34,,9.10,8.16
04/04/2025 06:09 a. m.,Ordeño,10:10,19.69,1,,,,,0,,0.78,,1.20,1.08,0,,0,0,4.64,,4.64,4.78,VMS 3,,Tanque,,1.26,,1.62,1.56,5.78,,5.59,8.32
04/04/2025 09:33 p. m.,Ordeño,13:04,20.20,2,,DI,DI,,0,,0.72,,1.14,1.02,0,,0,0,4.75,,4.91,4.95,VMS 3,,Tanque,,1.26,,1.50,1.44,1.29,,9.08,9.83
05/04/2025 07:55 a. m.,Ordeño,14:35,23.95,1,,,,,0,,0.84,,1.20,0.96,0,,0,0,5.28,,4.84,4.93,VMS 3,,Tanque,,1.44,,1.62,1.38,9.69,,6.70,7.56
05/04/2025 04:19 p. m.,Ordeño,10:10,17.35,2,,,,,0,,0.78,,1.14,1.02,0,,0,0,4.66,,4.85,4.94,VMS 3,,Tanque,,1.20,,1.50,1.44,5.90,,5.25,6.20
05/04/2025 10:15 p. m.,Ordeño,06:33,10.10,3,,,,,0,,0.78,,1.14,0.96,0,,0,0,4.45,,4.77,4.69,VMS 3,,Tanque,,1.20,,1.44,1.32,2.85,,3.28,3.97
06/04/2025 10:57 a. m.,Ordeño,11:08,24.04,1,,,,,0,,0.78,,1.26,1.08,0,,0,0,5.65,,5.35,5.58,VMS 3,,Tanque,,1.14,,1.56,1.68,6.72,,8.27,9.05
06/04/2025 11:48 p. m.,Ordeño,11:29,24.41,2,,,,,0,,0.84,,1.20,1.02,0,,0,0,5.23,,5.02,5.06,VMS 3,,Tanque,,1.26,,1.74,1.50,7.19,,8.02,9.20
07/04/2025 09:07 a. m.,Ordeño,10:33,21.59,1,,,,,0,,0.84,,1.38,1.14,0,,0,0,5.46,,5.18,5.28,VMS 3,,Tanque,,1.20,,1.92,1.62,6.52,,7.04,8.03
07/04/2025 04:12 p. m.,Ordeño,07:41,13.44,2,,,,,0,,0.78,,1.32,1.02,0,,0,0,5.18,,5.04,5.16,VMS 3,,Tanque,,1.20,,1.68,1.32,4.33,,4.21,4.90
08/04/2025 12:27 a. m.,Ordeño,08:28,15.96,1,,,,,0,,0.84,,1.26,0.96,0,,0,0,5.18,,5.03,5.24,VMS 3,,Tanque,,1.20,,1.62,1.32,4.98,,5.09,5.89
08/04/2025 06:14 a. m.,Ordeño,07:46,12.84,2,,,,,0,,0.78,,1.38,0.96,0,,0,0,5.25,,4.97,5.23,VMS 3,,Tanque,,1.08,,1.74,1.38,3.96,,4.18,4.70
08/04/2025 03:42 p. m.,Ordeño,09:00,18.04,3,,,,,0,,0.84,,1.32,1.08,0,,0,0,5.35,,5.15,5.29,VMS 3,,Tanque,,1.26,,1.74,1.68,5.72,,5.63,6.69
09/04/2025 01:37 a. m.,Ordeño,09:13,17.48,1,,,,,0,,0.84,,1.32,1.02,0,,0,0,4.94,,4.90,4.88,VMS 3,,Tanque,,1.20,,1.74,1.44,5.66,,5.57,6.25
09/04/2025 08:31 a. m.,Ordeño,07:31,12.94,2,,,,,0,,0.84,,1.44,1.08,0,,0,0,4.60,,4.64,4.62,VMS 3,,Tanque,,1.26,,1.86,1.44,4.30,,3.94,4.70
09/04/2025 06:05 p. m.,Ordeño,09:08,16.60,3,,,,,0,,0.78,,1.38,1.02,0,,0,0,4.97,,5.03,5.12,VMS 3,,Tanque,,1.20,,1.74,1.50,5.23,,5.31,6.06
10/04/2025 07:15 a. m.,Ordeño,13:13,23.25,1,,,,,0,,0.72,,1.26,0.90,0,,0,0,5.03,,5.02,5.08,VMS 3,,Tanque,,1.08,,1.62,1.32,7.07,,7.67,8.51
10/04/2025 04:28 p. m.,Ordeño,11:12,22.38,2,,,,,0,,0.84,,1.50,1.14,0,,0,0,4.94,,5.07,5.18,VMS 3,,Tanque,,1.26,,1.86,1.50,7.05,,6.93,8.40
11/04/2025 12:37 a. m.,Ordeño,09:51,16.07,1,,,,,0,,0.72,,1.38,1.02,0,,0,0,4.63,,4.90,4.94,VMS 3,,Tanque,,1.02,,1.86,1.44,5.25,,5.05,5.77
11/04/2025 09:37 a. m.,Ordeño,10:00,18.10,2,,,,,0,,0.78,,1.38,1.08,0,,0,0,4.96,,5.04,5.14,VMS 3,,Tanque,,1.14,,1.68,1.56,5.55,,5.86,6.69
11/04/2025 05:14 p. m.,Ordeño,08:56,14.93,3,,,,,0,,0.78,,1.32,1.02,0,,0,0,4.89,,4.97,5.06,VMS 3,,Tanque,,1.20,,1.74,1.38,4.78,,4.65,5.50
11/04/2025 10:47 p. m.,Ordeño,06:25,10.16,4,,,,,0,,0.78,,1.44,1.08,0,,0,0,4.75,,4.80,4.98,VMS 3,,Tanque,,1.26,,1.80,1.44,3.29,,3.04,3.83
12/04/2025 07:47 a. m.,Ordeño,09:36,18.07,1,,,,,0,,0.78,,1.44,0.96,0,,0,0,5.16,,5.16,5.35,VMS 3,,Tanque,,1.20,,2.04,1.38,5.50,,5.97,6.60
12/04/2025 04:25 p. m.,Ordeño,08:58,16.36,2,,,,,0,,0.84,,1.44,0.96,0,,0,0,4.89,,5.05,5.03,VMS 3,,Tanque,,1.26,,1.92,1.44,5.25,,5.16,5.95
12/04/2025 11:49 p. m.,Ordeño,08:16,14.53,3,,,,,0,,0.78,,1.32,0.96,0,,0,0,4.60,,4.75,4.90,VMS 3,,Tanque,,1.14,,1.74,1.44,4.64,,4.41,5.48
13/04/2025 10:10 a. m.,Ordeño,09:58,17.93,1,,,,,0,,0.78,,1.32,0.84,0,,0,0,4.49,,4.70,4.75,VMS 3,,Tanque,,1.14,,1.80,1.26,5.63,,5.82,6.48
13/04/2025 05:42 p. m.,Ordeño,09:43,12.59,2,,,,,0,,0.78,,1.32,0.78,0,,0,0,4.43,,4.64,4.59,VMS 3,,Tanque,,1.26,,1.80,1.20,4.15,,3.99,4.45
13/04/2025 10:44 p. m.,Ordeño,05:41,6.68,3,,,,,0,,0.72,,1.14,0.84,0,,0,0,4.45,,4.54,4.55,VMS 3,,Tanque,,1.02,,1.50,1.26,2.02,,1.88,2.78
14/04/2025 06:11 a. m.,Ordeño,08:35,13.97,1,,,,,0,,0.72,,1.26,0.90,0,,0,0,4.56,,4.77,4.66,VMS 3,,Tanque,,1.14,,1.62,1.26,4.36,,4.45,5.16
14/04/2025 10:19 p. m.,Ordeño,11:46,23.51,2,,,,,0,,0.84,,1.20,1.02,0,,0,0,4.87,,4.93,4.99,VMS 3,,Tanque,,1.32,,1.62,1.44,7.30,,7.49,8.72
15/04/2025 07:54 a. m.,Ordeño,09:37,17.82,1,,,,,0,,0.78,,1.20,0.96,0,,0,0,4.41,,4.59,4.50,VMS 3,,Tanque,,1.20,,1.56,1.38,5.65,,5.75,6.42
15/04/2025 05:06 p. m.,Ordeño,08:42,17.09,2,,,,,0,,0.84,,1.38,1.02,0,,0,0,4.96,,5.00,5.00,VMS 3,,Tanque,,1.20,,1.74,1.44,5.38,,5.56,6.15
15/04/2025 10:20 p. m.,Ordeño,06:14,9.97,3,,,,,0,,0.84,,1.32,0.96,0,,0,0,4.68,,4.82,4.52,VMS 3,,Tanque,,1.20,,1.62,1.44,3.20,,2.91,3.86
16/04/2025 06:13 a. m.,Ordeño,08:37,17.06,1,,,,,0,,0.96,,1.32,1.02,0,,0,0,5.12,,4.96,5.27,VMS 3,,Tanque,,1.38,,1.74,1.44,5.39,,5.46,6.21
16/04/2025 04:46 p. m.,Ordeño,09:44,20.47,2,,,,,0,,0.96,,1.56,1.14,0,,0,0,5.10,,5.03,5.22,VMS 3,,Tanque,,1.56,,1.98,1.56,6.42,,6.57,7.48
17/04/2025 01:42 a. m.,Ordeño,08:26,16.59,1,,,,,0,,0.90,,1.44,1.02,0,,0,0,4.55,,4.72,4.75,VMS 3,,Tanque,,1.38,,1.80,1.44,5.31,,5.20,6.08
17/04/2025 08:07 a. m.,Ordeño,06:36,13.50,2,,,,,0,,0.96,,1.50,1.14,0,,0,0,4.89,,4.91,4.94,VMS 3,,Tanque,,1.32,,1.86,1.62,4.18,,4.31,5.01
17/04/2025 04:49 p. m.,Ordeño,07:58,16.25,3,,,,,0,,0.90,,1.38,1.08,0,,0,0,5.21,,5.25,5.53,VMS 3,,Tanque,,1.26,,1.74,1.44,5.02,,5.23,6.00
18/04/2025 02:08 a. m.,Ordeño,09:02,18.71,1,,,,,0,,0.90,,1.38,1.02,0,,0,0,4.60,,4.80,4.90,VMS 3,,Tanque,,1.32,,1.80,1.68,5.67,,5.96,7.08
18/04/2025 11:39 a. m.,Ordeño,09:28,19.38,2,,,,,0,,0.90,,1.38,1.02,0,,0,0,4.81,,4.85,4.97,VMS 3,,Tanque,,1.32,,1.98,1.50,5.96,,6.19,7.23
19/04/2025 01:08 a. m.,Ordeño,12:04,25.31,1,,,,,0,,0.90,,1.38,1.02,0,,0,0,4.81,,4.79,4.91,VMS 3,,Tanque,,1.32,,1.80,1.50,7.44,,8.45,9.42
19/04/2025 09:06 a. m.,Ordeño,07:28,17.96,2,,,,,0,,0.96,,1.50,1.20,0,,0,0,4.62,,4.68,4.68,VMS 3,,Tanque,,1.32,,1.86,1.68,5.86,,5.47,6.63
19/04/2025 04:19 p. m.,Ordeño,07:11,13.17,3,,,,,0,,0.84,,1.44,1.14,0,,0,0,4.73,,4.75,4.81,VMS 3,,Tanque,,1.26,,1.74,1.50,4.09,,4.17,4.91
20/04/2025 12:22 a. m.,Ordeño,07:41,15.23,1,,,,,0,,0.90,,1.26,1.08,0,,0,0,4.79,,4.84,4.93,VMS 3,,Tanque,,1.32,,1.68,1.50,4.55,,4.91,5.77
20/04/2025 09:27 a. m.,Ordeño,08:37,17.98,2,,,,,0,,0.90,,1.38,1.14,0,,0,0,4.91,,4.87,5.06,VMS 3,,Tanque,,1.32,,1.80,1.50,5.49,,5.72,6.77
20/04/2025 02:48 p. m.,Ordeño,07:41,10.35,3,,,,,0,,0.84,,1.32,1.02,0,,0,0,4.74,,4.82,4.82,VMS 3,,Tanque,,1.26,,1.68,1.50,3.39,,3.21,3.75
21/04/2025 01:03 a. m.,Ordeño,08:33,18.05,1,,,,,0,,0.84,,1.32,1.14,0,,0,0,4.89,,4.79,4.93,VMS 3,,Tanque,,1.32,,1.74,1.50,5.31,,5.93,6.81
21/04/2025 10:31 a. m.,Ordeño,09:22,18.05,2,,,,,0,,0.90,,1.38,0.96,0,,0,0,4.89,,4.78,4.86,VMS 3,,Tanque,,1.26,,1.74,1.32,5.59,,5.83,6.63
21/04/2025 04:02 p. m.,Ordeño,05:50,10.50,3,,,,,0,,0.96,,1.32,1.08,0,,0,0,4.47,,4.52,4.53,VMS 3,,Tanque,,1.26,,1.68,1.50,3.40,,3.21,3.89
22/04/2025 01:41 a. m.,Ordeño,09:13,17.41,1,,,,,0,,0.84,,1.32,1.02,0,,0,0,4.82,,4.78,4.91,VMS 3,,Tanque,,1.26,,1.74,1.50,5.35,,5.67,6.39
22/04/2025 11:51 a. m.,Ordeño,10:56,19.14,2,,,,,0,,0.90,,1.44,1.02,0,,0,0,4.83,,4.79,4.77,VMS 3,,Tanque,,1.38,,1.80,1.50,5.88,,6.24,7.02
22/04/2025 06:48 p. m.,Ordeño,07:14,13.02,3,,,,,0,,0.84,,1.38,1.08,0,,0,0,4.53,,4.59,4.61,VMS 3,,Tanque,,1.20,,1.68,1.56,4.17,,4.10,4.75
23/04/2025 11:21 a. m.,Ordeño,12:14,26.25,1,,,,,0,,0.84,,1.32,1.02,0,,0,0,5.07,,4.99,4.93,VMS 3,,Tanque,,1.20,,1.74,1.38,8.05,,8.55,9.65
23/04/2025 03:23 p. m.,Ordeño,06:10,9.47,2,,,,,0,,0.84,,1.32,0.96,0,,0,0,4.12,,4.33,4.21,VMS 3,,Tanque,,1.20,,1.62,1.44,3.12,,2.91,3.44
24/04/2025 05:32 a. m.,Ordeño,11:55,26.00,1,,,,,0,,0.90,,1.44,1.14,0,,0,0,4.88,,4.82,4.94,VMS 3,,Tanque,,1.26,,1.98,1.56,7.89,,8.67,9.44
24/04/2025 02:03 p. m.,Ordeño,07:36,5.63,2,,,"DI,TI","DI,TI",0,,0.00,,0.00,1.08,0,,0,0,0.00,,0.00,4.79,VMS 3,,Tanque,,0.00,,0.00,1.50,0.00,,0.00,5.63
24/04/2025 04:08 p. m.,Ordeño,08:38,13.41,3,,,,,0,,0.96,,1.44,0.90,0,,0,0,4.89,,4.97,4.87,VMS 3,,Tanque,,1.32,,1.80,1.26,5.67,,6.01,1.73
25/04/2025 06:51 a. m.,Ordeño,11:48,15.39,1,,,TD,TD,0,,0.90,,1.56,0.00,0,,0,0,4.89,,4.90,0.00,VMS 3,,Tanque,,1.32,,2.04,0.00,7.90,,7.49,0.00
25/04/2025 08:41 a. m.,Ordeño,09:57,13.15,2,,,,,0,TD,0.78,,0.96,1.32,0,,0,0,3.95,,4.38,5.24,VMS 3,,Tanque,,1.14,,1.50,1.74,1.88,,1.18,10.09
25/04/2025 04:57 p. m.,Ordeño,07:44,14.78,3,,,,,0,,0.84,,1.38,1.14,0,,0,0,4.81,,4.91,4.77,VMS 3,,Tanque,,1.20,,1.68,1.50,4.38,,4.42,5.98
26/04/2025 02:32 a. m.,Ordeño,08:16,17.53,1,,,,,0,,0.96,,1.44,1.14,0,,0,0,5.21,,5.17,5.20,VMS 3,,Tanque,,1.38,,1.74,1.50,5.49,,5.75,6.29
26/04/2025 02:45 p. m.,Ordeño,09:38,22.71,2,,,,,0,,1.02,,1.44,1.08,0,,0,0,5.19,,5.10,5.19,VMS 3,,Tanque,,1.38,,1.86,1.56,7.08,,7.45,8.18
26/04/2025 11:32 p. m.,Ordeño,09:00,16.25,3,,,,,0,,0.96,,1.38,1.08,0,,0,0,5.03,,4.49,5.36,VMS 3,,Tanque,,1.32,,1.68,1.44,5.15,,5.17,5.93
27/04/2025 12:24 p. m.,Ordeño,10:59,23.91,1,,,,,0,,0.90,,1.44,1.14,0,,0,0,5.12,,5.17,5.23,VMS 3,,Tanque,,1.32,,1.86,1.62,7.42,,7.86,8.63
28/04/2025 12:04 a. m.,Ordeño,09:11,20.24,1,,,,,0,,0.90,,1.38,1.08,0,,0,0,4.54,,4.76,4.75,VMS 3,,Tanque,,1.38,,1.86,1.50,6.31,,6.43,7.50
28/04/2025 12:01 p. m.,Ordeño,10:05,22.25,2,,,,,0,,0.96,,1.44,1.20,0,,0,0,4.87,,4.93,5.08,VMS 3,,Tanque,,1.32,,1.86,1.62,6.98,,7.28,7.99
28/04/2025 07:56 p. m.,Ordeño,06:56,13.42,3,,,,,0,,0.96,,1.32,1.08,0,,0,0,4.51,,4.74,4.72,VMS 3,,Tanque,,1.44,,1.74,1.50,4.38,,4.24,4.80
29/04/2025 06:57 a. m.,Ordeño,09:55,21.10,1,,,,,0,,0.90,,1.38,1.14,0,,0,0,5.08,,5.07,5.14,VMS 3,,Tanque,,1.32,,1.80,1.62,6.50,,6.98,7.62
29/04/2025 02:19 p. m.,Ordeño,06:56,14.05,2,,,,,0,,0.96,,1.32,1.14,0,,0,0,4.91,,4.86,5.02,VMS 3,,Tanque,,1.38,,1.68,1.68,4.43,,4.41,5.21
29/04/2025 11:32 p. m.,Ordeño,08:00,15.91,3,,,,,0,,0.90,,1.38,1.20,0,,0,0,4.97,,4.89,4.99,VMS 3,,Tanque,,1.26,,1.80,1.56,4.95,,5.09,5.87
30/04/2025 07:34 a. m.,Ordeño,07:44,14.99,1,,,,,0,,0.90,,1.50,1.08,0,,0,0,5.01,,4.94,5.04,VMS 3,,Tanque,,1.26,,1.86,1.56,4.70,,4.89,5.40
30/04/2025 02:35 p. m.,Ordeño,07:02,13.48,2,,,,,0,,0.90,,1.38,1.14,0,,0,0,4.94,,4.94,5.03,VMS 3,,Tanque,,1.32,,1.74,1.56,4.15,,4.33,5.00
30/04/2025 11:09 p. m.,Ordeño,07:16,13.42,3,,,,,0,,0.90,,1.38,1.14,0,,0,0,4.90,,4.88,4.98,VMS 3,,Tanque,,1.26,,1.74,1.56,4.19,,4.21,5.02
01/05/2025 05:23 a. m.,Ordeño,08:37,10.94,1,,,,,0,,0.90,,1.26,1.02,0,,0,0,5.16,,4.49,5.49,VMS 3,,Tanque,,1.26,,1.68,1.38,3.40,,3.49,4.05
01/05/2025 11:13 a. m.,Ordeño,06:21,10.22,2,,,,,0,,0.84,,1.26,1.02,0,,0,0,5.38,,5.38,5.45,VMS 3,,Tanque,,1.26,,1.56,1.50,3.28,,3.13,3.81
01/05/2025 06:01 p. m.,Ordeño,07:29,12.87,3,,,,,0,,0.78,,1.38,1.14,0,,0,0,5.18,,5.16,5.25,VMS 3,,Tanque,,1.20,,1.92,1.56,4.01,,4.19,4.67
01/05/2025 11:43 p. m.,Ordeño,06:43,11.99,4,,,,,0,,0.90,,1.44,1.20,0,,0,0,4.96,,4.97,4.92,VMS 3,,Tanque,,1.38,,1.80,1.62,3.82,,3.78,4.39
02/05/2025 09:45 a. m.,Ordeño,10:07,11.92,1,,,TD,TD,0,,0.96,,1.32,0.00,0,,0,0,4.92,,5.00,0.00,VMS 3,,Tanque,,1.26,,1.74,0.00,5.92,,6.00,0.00
02/05/2025 05:09 p. m.,Ordeño,09:57,15.85,2,,,,,0,,0.90,,1.32,1.14,0,,0,0,4.73,,4.87,5.32,VMS 3,,Tanque,,1.32,,1.68,1.50,3.65,,3.54,8.66
03/05/2025 01:04 a. m.,Ordeño,07:07,13.61,1,,,,,0,,0.84,,1.38,1.08,0,,0,0,4.73,,4.74,4.47,VMS 3,,Tanque,,1.26,,1.86,1.62,4.04,,4.31,5.26
03/05/2025 09:46 a. m.,Ordeño,08:35,17.67,2,,,,,0,,0.90,,1.44,1.20,0,,0,0,4.83,,4.93,4.83,VMS 3,,Tanque,,1.32,,1.80,1.50,5.67,,6.03,5.97
03/05/2025 03:50 p. m.,Ordeño,06:43,11.82,3,,,,,0,,0.90,,1.44,1.08,0,,0,0,4.62,,4.81,4.83,VMS 3,,Tanque,,1.32,,1.80,1.44,3.98,,3.82,4.02
03/05/2025 11:18 p. m.,Ordeño,06:23,12.49,4,,,,,0,,0.96,,1.44,1.14,0,,0,0,4.77,,4.88,4.94,VMS 3,,Tanque,,1.32,,1.74,1.50,3.88,,4.09,4.52
04/05/2025 06:35 a. m.,Ordeño,07:38,13.85,1,,,,,0,,0.84,,1.38,1.14,0,,0,0,4.95,,5.07,5.29,VMS 3,,Tanque,,1.26,,1.68,1.56,4.35,,4.47,5.03
04/05/2025 11:37 a. m.,Ordeño,05:28,9.31,2,,,,,0,,0.96,,1.50,1.20,0,,0,0,4.83,,4.87,5.08,VMS 3,,Tanque,,1.32,,1.92,1.56,3.04,,2.95,3.32
04/05/2025 05:13 p. m.,Ordeño,06:28,10.94,3,,,,,0,,0.84,,1.32,1.14,0,,0,0,5.21,,5.23,5.40,VMS 3,,Tanque,,1.20,,1.68,1.62,3.41,,3.56,3.97
04/05/2025 11:37 p. m.,Ordeño,06:56,11.49,4,,,,,0,,0.84,,1.32,1.08,0,,0,0,4.88,,4.97,5.07,VMS 3,,Tanque,,1.20,,1.74,1.44,3.59,,3.65,4.25
05/05/2025 06:28 a. m.,Ordeño,07:06,13.18,1,,,,,0,,0.90,,1.44,1.20,0,,0,0,4.88,,5.02,5.08,VMS 3,,Tanque,,1.32,,1.86,1.56,4.10,,4.25,4.83
05/05/2025 03:57 p. m.,Ordeño,09:37,17.99,2,,,,,0,,0.84,,1.38,1.14,0,,0,0,5.02,,5.12,5.32,VMS 3,,Tanque,,1.26,,1.86,1.62,5.59,,5.85,6.55
06/05/2025 12:12 a. m.,Ordeño,07:36,14.21,1,,,,,0,,0.84,,1.32,1.08,0,,0,0,4.67,,4.83,5.01,VMS 3,,Tanque,,1.20,,1.74,1.44,4.55,,4.48,5.18
06/05/2025 09:12 a. m.,Ordeño,08:49,16.38,2,,,,,0,,0.84,,1.38,1.08,0,,0,0,4.54,,4.83,4.87,VMS 3,,Tanque,,1.26,,1.80,1.44,5.09,,5.33,5.96
06/05/2025 04:11 p. m.,Ordeño,06:45,12.16,3,,,,,0,,0.84,,1.38,1.08,0,,0,0,4.47,,4.71,4.65,VMS 3,,Tanque,,1.26,,1.86,1.62,3.85,,3.82,4.49
06/05/2025 09:48 p. m.,Ordeño,06:17,8.72,4,,,,,0,,0.72,,1.26,0.96,0,,0,0,4.36,,4.64,4.50,VMS 3,,Tanque,,1.20,,1.68,1.32,2.78,,2.72,3.22
07/05/2025 05:38 a. m.,Ordeño,07:57,13.40,1,,,,,0,TD,0.78,,1.32,1.08,0,,0,0,5.03,,4.42,5.49,VMS 3,,Tanque,,1.26,,1.68,1.44,4.03,,4.33,5.04
07/05/2025 03:46 p. m.,Ordeño,08:09,16.70,2,,,,,0,,0.96,,1.32,1.02,0,,0,0,4.70,,4.74,4.92,VMS 3,,Tanque,,1.44,,1.74,1.44,5.39,,5.18,6.13
07/05/2025 11:37 p. m.,Ordeño,06:38,12.56,3,,,,,0,,0.96,,1.26,1.08,0,,0,0,4.48,,4.55,4.58,VMS 3,,Tanque,,1.32,,1.62,1.50,3.83,,3.93,4.80
08/05/2025 07:24 a. m.,Ordeño,06:57,12.95,1,,,,,0,,0.96,,1.20,1.08,0,,0,0,4.69,,4.80,4.73,VMS 3,,Tanque,,1.50,,1.62,1.50,4.09,,4.16,4.70
08/05/2025 04:51 p. m.,Ordeño,07:28,14.71,2,,,,,0,,0.90,,1.20,1.14,0,,0,0,4.89,,4.93,4.94,VMS 3,,Tanque,,1.38,,1.62,1.56,4.45,,4.81,5.45
09/05/2025 12:37 a. m.,Ordeño,06:53,13.16,1,,,,,0,,0.90,,1.26,1.14,0,,0,0,4.61,,4.75,4.74,VMS 3,,Tanque,,1.32,,1.80,1.50,4.27,,4.15,4.74
09/05/2025 11:59 a. m.,Ordeño,09:45,18.84,2,,,,,0,,0.96,,1.32,1.14,0,,0,0,5.16,,4.56,5.49,VMS 3,,Tanque,,1.32,,1.80,1.68,5.80,,6.04,7.00
09/05/2025 07:07 p. m.,Ordeño,06:48,12.61,3,,,,,0,,0.90,,1.26,1.08,0,,0,0,4.69,,4.84,4.91,VMS 3,,Tanque,,1.50,,1.74,1.44,4.00,,4.01,4.60
10/05/2025 05:17 a. m.,Ordeño,08:31,18.29,1,,,,,0,,0.96,,1.32,1.08,0,,0,0,4.95,,4.89,5.13,VMS 3,,Tanque,,1.32,,1.80,1.44,5.65,,5.93,6.71
10/05/2025 11:43 a. m.,Ordeño,06:49,11.06,2,,,,,0,,0.90,,1.32,1.14,0,,0,0,4.68,,4.78,4.81,VMS 3,,Tanque,,1.32,,1.68,1.50,3.63,,3.44,3.99
10/05/2025 05:57 p. m.,Ordeño,05:40,9.83,3,,,,,0,,0.90,,1.32,1.08,0,,0,0,4.83,,4.91,4.93,VMS 3,,Tanque,,1.62,,1.80,1.56,3.09,,3.13,3.61
11/05/2025 01:49 a. m.,Ordeño,07:37,13.19,1,,,,,0,,0.84,,1.26,1.14,0,,0,0,4.81,,4.82,4.97,VMS 3,,Tanque,,1.38,,1.68,1.50,4.25,,4.12,4.82
11/05/2025 09:16 a. m.,Ordeño,07:31,12.43,2,,DI,,,0,,0.90,,1.26,1.02,0,,0,0,4.89,,4.88,5.15,VMS 3,,Tanque,,1.26,,1.68,1.44,3.93,,3.87,4.63
11/05/2025 03:21 p. m.,Ordeño,06:24,11.44,3,,,,,0,,0.96,,1.38,1.08,0,,0,0,4.88,,5.07,5.18,VMS 3,,Tanque,,1.38,,1.74,1.62,3.64,,3.49,4.31
12/05/2025 01:17 a. m.,Ordeño,09:39,16.75,1,,,,,0,,0.84,,1.26,1.02,0,,0,0,5.01,,5.09,5.23,VMS 3,,Tanque,,1.26,,1.62,1.44,5.13,,5.48,6.14
12/05/2025 06:09 a. m.,Ordeño,06:32,9.18,2,,,,,0,,0.84,,1.26,1.08,0,,0,0,4.68,,4.90,5.02,VMS 3,,Tanque,,1.38,,1.62,1.50,2.89,,2.84,3.45
12/05/2025 12:26 p. m.,Ordeño,07:05,11.10,3,,,,,0,,0.78,,1.32,0.90,0,,0,0,4.87,,5.05,5.08,VMS 3,,Tanque,,1.26,,1.68,1.32,3.53,,3.52,4.05
12/05/2025 06:20 p. m.,Ordeño,06:31,10.12,4,,,,,0,,0.84,,1.20,1.02,0,,0,0,5.02,,5.05,5.17,VMS 3,,Tanque,,1.26,,1.68,1.44,3.16,,3.23,3.73
12/05/2025 11:20 p. m.,Ordeño,05:38,8.72,5,,,,,0,,0.84,,1.38,1.08,0,,0,0,4.91,,4.93,5.01,VMS 3,,Tanque,,1.20,,1.74,1.44,2.76,,2.75,3.21
13/05/2025 07:34 a. m.,Ordeño,08:28,14.43,1,,,,,0,,0.78,,1.38,1.02,0,,0,0,4.94,,5.08,5.16,VMS 3,,Tanque,,1.14,,1.74,1.44,4.48,,4.60,5.35
13/05/2025 01:45 p. m.,Ordeño,06:47,11.69,2,,,,,0,,0.84,,1.38,1.08,0,,0,0,4.74,,4.96,4.96,VMS 3,,Tanque,,1.26,,1.74,1.50,3.72,,3.70,4.27
13/05/2025 09:16 p. m.,Ordeño,07:33,12.85,3,,,,,0,,0.78,,1.26,1.02,0,,0,0,4.88,,5.06,5.18,VMS 3,,Tanque,,1.20,,1.74,1.50,4.00,,4.04,4.81
14/05/2025 05:32 a. m.,Ordeño,08:27,16.26,1,,,,,0,,0.84,,1.38,1.02,0,,0,0,4.96,,5.08,5.11,VMS 3,,Tanque,,1.32,,1.80,1.50,5.08,,5.28,5.90
14/05/2025 01:03 p. m.,Ordeño,07:57,13.11,2,,,,,0,,0.78,,1.32,0.96,0,,0,0,4.71,,4.87,4.91,VMS 3,,Tanque,,1.20,,1.62,1.38,4.06,,4.27,4.78
14/05/2025 09:40 p. m.,Ordeño,08:42,15.12,3,,,,,0,,0.78,,1.26,0.96,0,,0,0,4.90,,5.09,5.19,VMS 3,,Tanque,,1.20,,1.68,1.38,4.67,,4.87,5.58
15/05/2025 05:45 a. m.,Ordeño,08:23,14.86,1,,,,,0,,0.78,,1.26,0.96,0,,0,0,5.10,,5.15,5.19,VMS 3,,Tanque,,1.20,,1.62,1.32,4.60,,4.90,5.36
15/05/2025 01:46 p. m.,Ordeño,08:17,15.55,2,,,,,0,,0.90,,1.32,1.02,0,,0,0,4.80,,4.89,4.95,VMS 3,,Tanque,,1.32,,1.74,1.50,4.83,,5.11,5.61
15/05/2025 10:02 p. m.,Ordeño,07:36,15.04,3,,,,,0,,0.90,,1.38,1.08,0,,0,0,4.87,,4.96,4.97,VMS 3,,Tanque,,1.38,,1.86,1.44,4.80,,4.75,5.49
16/05/2025 07:32 a. m.,Ordeño,08:47,18.43,1,,,,,0,,0.90,,1.38,1.02,0,,0,0,4.84,,4.94,4.96,VMS 3,,Tanque,,1.38,,1.86,1.44,5.86,,5.98,6.59
16/05/2025 01:57 p. m.,Ordeño,06:41,11.42,2,,,,,0,,0.90,,1.26,1.08,0,,0,0,4.64,,4.82,4.76,VMS 3,,Tanque,,1.32,,1.74,1.56,3.61,,3.61,4.20
16/05/2025 09:19 p. m.,Ordeño,07:16,12.84,3,,,,,0,,0.90,,1.26,1.02,0,,0,0,4.87,,4.94,5.07,VMS 3,,Tanque,,1.26,,1.68,1.50,3.96,,4.06,4.82
17/05/2025 04:24 a. m.,Ordeño,07:15,13.28,1,,,,,0,,0.84,,1.26,0.96,0,,0,0,5.04,,5.09,5.12,VMS 3,,Tanque,,1.20,,1.62,1.44,4.13,,4.29,4.86
17/05/2025 10:35 a. m.,Ordeño,06:25,12.34,2,,,,,0,,0.90,,1.26,1.08,0,,0,0,5.03,,5.12,5.24,VMS 3,,Tanque,,1.26,,1.68,1.50,3.87,,4.01,4.46
17/05/2025 04:24 p. m.,Ordeño,06:08,11.12,3,,,,,0,,0.90,,1.38,1.08,0,,0,0,5.15,,5.15,5.35,VMS 3,,Tanque,,1.32,,1.86,1.56,3.51,,3.55,4.06
17/05/2025 10:18 p. m.,Ordeño,05:52,10.61,4,,,,,0,,0.96,,1.38,1.08,0,,0,0,5.00,,5.19,5.33,VMS 3,,Tanque,,1.32,,1.86,1.50,3.30,,3.36,3.95
18/05/2025 08:16 a. m.,Ordeño,08:54,18.41,1,,,,,0,,0.84,,1.38,1.08,0,,0,0,5.00,,5.13,5.17,VMS 3,,Tanque,,1.26,,1.86,1.50,5.77,,6.01,6.63
18/05/2025 04:28 p. m.,Ordeño,07:37,14.31,2,,,,,0,,0.90,,1.44,1.02,0,,0,0,4.67,,4.94,4.90,VMS 3,,Tanque,,1.26,,1.80,1.44,4.37,,4.67,5.27
18/05/2025 09:42 p. m.,Ordeño,06:15,8.71,3,,,,,0,,0.78,,1.32,1.02,0,,0,0,4.40,,4.74,4.57,VMS 3,,Tanque,,1.14,,1.80,1.56,2.78,,2.70,3.23
19/05/2025 02:18 a. m.,Ordeño,05:55,7.14,1,,,,,0,,0.84,,1.26,1.02,0,,0,0,4.57,,4.88,4.81,VMS 3,,Tanque,,1.38,,1.80,1.32,2.39,,2.09,2.66
19/05/2025 07:40 a. m.,Ordeño,06:31,9.74,2,,,,,0,,0.84,,1.26,1.02,0,,0,0,4.85,,5.03,5.04,VMS 3,,Tanque,,1.32,,1.62,1.50,3.03,,3.12,3.59
19/05/2025 12:35 p. m.,Ordeño,05:21,8.49,3,,,,,0,,0.84,,1.32,1.02,0,,0,0,4.89,,5.13,5.17,VMS 3,,Tanque,,1.26,,1.98,1.50,2.72,,2.64,3.13
19/05/2025 09:34 p. m.,Ordeño,08:00,16.11,4,,,,,0,,0.90,,1.38,1.14,0,,0,0,5.07,,5.20,5.30,VMS 3,,Tanque,,1.32,,1.86,1.50,4.88,,5.37,5.86
20/05/2025 03:07 a. m.,Ordeño,06:56,9.80,1,,,,,0,,0.84,,1.26,1.02,0,,0,0,4.78,,4.94,5.05,VMS 3,,Tanque,,1.14,,1.62,1.38,3.08,,3.13,3.59
20/05/2025 08:41 a. m.,Ordeño,06:22,11.47,2,,,,,0,,0.90,,1.38,1.14,0,,0,0,4.78,,5.08,5.18,VMS 3,,Tanque,,1.32,,1.80,1.56,3.58,,3.58,4.31
20/05/2025 03:09 p. m.,Ordeño,06:37,10.04,3,,,,,0,,0.78,,1.20,0.96,0,,0,0,5.13,,5.34,5.43,VMS 3,,Tanque,,1.14,,1.56,1.44,3.09,,3.18,3.77
20/05/2025 10:32 p. m.,Ordeño,07:29,13.63,4,,,,,0,,0.84,,1.26,1.08,0,,0,0,5.12,,5.23,5.36,VMS 3,,Tanque,,1.38,,1.68,1.68,4.31,,4.32,5.00
21/05/2025 06:56 a. m.,Ordeño,08:13,15.65,1,,,,,0,,0.84,,1.26,1.02,0,,0,0,5.01,,5.16,5.22,VMS 3,,Tanque,,1.26,,1.62,1.44,4.83,,4.98,5.84
21/05/2025 03:57 p. m.,Ordeño,08:36,16.90,2,,,,,0,,0.84,,1.26,1.08,0,,0,0,4.88,,5.00,5.03,VMS 3,,Tanque,,1.26,,1.62,1.80,5.33,,5.48,6.09
21/05/2025 09:15 p. m.,Ordeño,07:21,5.75,3,,,TD,TD,0,,0.78,,1.26,0.00,0,,0,0,4.50,,4.80,0.00,VMS 3,,Tanque,,1.20,,1.74,0.00,2.80,,2.95,0.00
22/05/2025 02:05 a. m.,Ordeño,08:10,12.14,1,,,,,0,,0.90,,1.32,1.08,0,,0,0,4.78,,4.85,5.13,VMS 3,,Tanque,,1.26,,1.74,1.50,2.91,,2.81,6.42
22/05/2025 08:38 a. m.,Ordeño,07:24,12.69,2,,,,,0,,0.78,,1.32,1.08,0,,0,0,5.00,,4.99,5.06,VMS 3,,Tanque,,1.20,,1.74,1.44,3.98,,3.99,4.72
22/05/2025 02:40 p. m.,Ordeño,06:40,10.30,3,,,,,0,,0.84,,1.32,0.96,0,,0,0,4.78,,4.97,5.03,VMS 3,,Tanque,,1.20,,1.74,1.44,3.30,,3.31,3.69
23/05/2025 12:08 a. m.,Ordeño,08:13,14.89,1,,,,,0,,0.84,,1.38,0.96,0,,0,0,4.66,,4.92,4.92,VMS 3,,Tanque,,1.20,,1.92,1.32,4.78,,4.82,5.29
23/05/2025 08:11 a. m.,Ordeño,07:45,14.98,2,,,,,0,,0.90,,1.26,1.02,0,,0,0,5.26,,5.34,5.38,VMS 3,,Tanque,,1.38,,1.62,1.38,4.76,,4.66,5.56
23/05/2025 05:10 p. m.,Ordeño,08:39,17.52,3,,,,,0,,0.90,,1.32,1.02,0,,0,0,5.06,,5.19,5.32,VMS 3,,Tanque,,1.62,,1.68,1.50,5.63,,5.58,6.31
23/05/2025 11:08 p. m.,Ordeño,05:40,9.45,4,,,,,0,,0.84,,1.26,1.02,0,,0,0,4.79,,4.90,5.08,VMS 3,,Tanque,,1.26,,1.62,1.44,2.99,,2.96,3.50
24/05/2025 09:22 a. m.,Ordeño,09:04,18.43,1,,,,,0,,0.90,,1.32,1.08,0,,0,0,4.87,,4.99,5.10,VMS 3,,Tanque,,1.38,,1.74,1.44,5.66,,6.06,6.71
24/05/2025 05:47 p. m.,Ordeño,07:41,13.91,2,,,,,0,,0.84,,1.32,1.02,0,,0,0,4.66,,4.92,4.91,VMS 3,,Tanque,,1.26,,1.62,1.44,4.35,,4.47,5.09
24/05/2025 11:45 p. m.,Ordeño,06:38,10.25,3,,,,,0,,0.78,,1.26,1.14,0,,0,0,4.84,,4.90,5.03,VMS 3,,Tanque,,1.14,,1.62,1.56,3.22,,3.31,3.72
25/05/2025 06:42 a. m.,Ordeño,06:51,12.63,1,,,,,0,,0.84,,1.32,1.08,0,,0,0,4.82,,4.97,5.10,VMS 3,,Tanque,,1.32,,1.62,1.56,3.90,,3.96,4.77
25/05/2025 06:12 p. m.,Ordeño,08:28,18.31,2,,,,,0,,0.96,,1.38,1.14,0,,0,0,5.16,,4.98,5.28,VMS 3,,Tanque,,1.32,,1.80,1.50,5.64,,6.03,6.64
26/05/2025 12:30 a. m.,Ordeño,05:59,7.95,1,,,,,0,,0.78,,1.14,1.02,0,,0,0,4.27,,4.52,4.50,VMS 3,,Tanque,,1.26,,1.56,1.32,2.66,,2.43,2.86
26/05/2025 08:45 a. m.,Ordeño,07:20,12.67,2,,,,,0,,0.84,,1.26,1.02,0,,0,0,4.70,,4.90,5.04,VMS 3,,Tanque,,1.26,,1.68,1.38,3.93,,4.14,4.60
26/05/2025 07:33 p. m.,Ordeño,08:36,16.39,3,,,,,0,,0.78,,1.26,1.14,0,,0,0,5.09,,5.27,5.32,VMS 3,,Tanque,,1.26,,1.68,1.56,4.90,,5.46,6.03
27/05/2025 03:56 a. m.,Ordeño,06:04,10.60,1,,,,,0,,0.84,,1.20,1.20,0,,0,0,4.45,,4.64,4.67,VMS 3,,Tanque,,1.26,,1.62,1.62,3.33,,3.37,3.90
27/05/2025 09:24 a. m.,Ordeño,05:34,9.37,2,,,,,0,,0.84,,1.32,1.14,0,,0,0,4.91,,5.05,5.14,VMS 3,,Tanque,,1.26,,1.68,1.56,2.98,,2.91,3.48
27/05/2025 07:04 p. m.,Ordeño,08:54,17.15,3,,,,,0,,0.84,,1.26,1.08,0,,0,0,5.28,,5.24,5.44,VMS 3,,Tanque,,1.26,,1.74,1.62,5.33,,5.55,6.27
28/05/2025 02:35 a. m.,Ordeño,06:08,12.61,1,,,,,0,,0.96,,1.32,1.20,0,,0,0,5.14,,5.07,5.34,VMS 3,,Tanque,,1.50,,1.68,1.56,3.91,,4.02,4.68
28/05/2025 09:55 a. m.,Ordeño,06:31,13.29,2,,,,,0,,1.02,,1.26,1.20,0,,0,0,5.16,,5.08,5.31,VMS 3,,Tanque,,1.38,,1.68,1.50,4.36,,4.11,4.82
28/05/2025 06:00 p. m.,Ordeño,07:36,14.14,3,,,,,0,,0.90,,1.32,1.26,0,,0,0,4.96,,4.99,5.33,VMS 3,,Tanque,,1.44,,1.68,1.62,4.61,,4.36,5.17
29/05/2025 02:28 a. m.,Ordeño,05:42,11.85,1,,,,,0,,0.84,,1.38,1.26,0,,0,0,4.76,,4.89,5.02,VMS 3,,Tanque,,1.26,,1.80,1.62,3.51,,3.86,4.48
29/05/2025 12:21 p. m.,Ordeño,07:56,7.92,2,,,DI,DI,0,,0.00,,1.32,1.20,0,,0,0,0.00,,4.78,4.86,VMS 3,,Tanque,,0.00,,1.86,1.74,0.00,,3.77,4.15
29/05/2025 06:49 p. m.,Ordeño,04:23,3.51,3,,,"DI,TI,TD",DI,0,,0.00,,1.14,1.14,0,,0,0,0.00,,4.87,4.77,VMS 3,,Tanque,,0.00,,1.62,1.56,0.00,,1.59,1.92
30/05/2025 03:36 a. m.,Ordeño,08:38,10.09,1,,,TI,,0,,1.02,,1.14,1.02,0,,0,0,5.20,,4.79,4.72,VMS 3,,Tanque,,3.72,,1.56,1.50,5.70,,1.95,2.44
30/05/2025 05:23 p. m.,Ordeño,05:33,9.01,2,,,DI,,0,,0.66,,1.38,1.20,0,,0,0,4.91,,4.79,4.92,VMS 3,,Tanque,,1.08,,1.68,1.62,1.54,,3.39,4.08
31/05/2025 09:19 a. m.,Ordeño,05:49,6.31,1,,,"DI,TI,TD",,0,,0.36,,1.26,1.08,0,,0,0,4.61,,5.02,4.94,VMS 3,,Tanque,,0.84,,1.62,1.44,1.03,,2.45,2.83
31/05/2025 09:31 p. m.,Ordeño,06:34,4.03,2,,,"DI,TI,TD",,0,,0.30,,1.08,0.84,0,,0,0,4.77,,4.60,4.50,VMS 3,,Tanque,,0.78,,1.50,1.32,0.64,,1.45,1.94
01/06/2025 03:08 p. m.,Ordeño,08:42,6.54,1,,,DI,,0,,0.42,,1.20,1.14,0,,0,0,4.65,,4.66,4.64,VMS 3,,Drenaje,,0.72,,1.80,1.68,0.83,,2.68,3.03
01/06/2025 09:20 p. m.,Ordeño,05:47,2.72,2,,,"DI,TD",,0,,0.24,,0.90,0.72,0,,0,0,3.58,,4.17,4.05,VMS 3,,Drenaje,,0.90,,1.50,1.38,0.33,,1.33,1.06
02/06/2025 07:58 a. m.,Ordeño,05:09,6.89,1,,,DI,,0,,0.42,,1.26,1.20,0,,0,0,4.99,,5.02,5.22,VMS 3,,Drenaje,,0.78,,1.62,1.68,0.85,,2.77,3.27
02/06/2025 05:38 p. m.,Ordeño,06:42,8.07,2,,,,,0,,0.54,,1.14,1.20,0,,0,0,4.94,,5.01,5.21,VMS 3,,Drenaje,,0.84,,1.50,1.62,1.55,,3.02,3.50
03/06/2025 11:32 a. m.,Ordeño,09:03,17.92,1,,,,,0,,0.78,,1.38,1.08,0,,0,0,5.66,,5.36,5.41,VMS 3,,Drenaje,,1.14,,1.86,1.44,3.71,,6.65,7.56
03/06/2025 10:18 p. m.,Ordeño,07:04,11.41,2,,,,,0,,0.66,,1.32,0.96,0,,0,0,5.28,,4.98,5.14,VMS 3,,Drenaje,,1.02,,1.68,1.32,2.69,,4.05,4.67
04/06/2025 09:22 a. m.,Ordeño,08:09,13.27,1,,,,,0,,0.72,,1.32,1.08,0,,0,0,5.48,,5.32,5.56,VMS 3,,Drenaje,,1.20,,1.74,1.44,3.66,,4.52,5.09
04/06/2025 10:11 p. m.,Ordeño,09:04,15.53,2,,,,,0,,0.66,,1.26,0.90,0,,0,0,5.24,,5.13,4.99,VMS 3,,Drenaje,,1.08,,1.86,1.44,4.24,,5.31,5.98
05/06/2025 09:54 a. m.,Ordeño,08:27,15.20,1,,,,,0,,0.78,,1.32,1.02,0,,0,0,5.26,,5.13,5.26,VMS 3,,Drenaje,,1.14,,1.74,1.44,4.30,,5.22,5.68
05/06/2025 05:57 p. m.,Ordeño,06:43,9.96,2,,,,,0,,0.72,,1.14,0.96,0,,0,0,4.95,,5.13,5.14,VMS 3,,Drenaje,,1.14,,1.50,1.38,3.01,,3.22,3.73
06/06/2025 04:02 a. m.,Ordeño,08:05,12.73,1,,,,,0,,0.78,,1.14,0.96,0,,0,0,5.18,,5.28,5.28,VMS 3,,Drenaje,,1.14,,1.74,1.74,3.67,,4.31,4.75
06/06/2025 02:57 p. m.,Ordeño,08:21,15.16,2,,,,,0,,0.78,,1.14,0.96,0,,0,0,5.18,,5.18,5.31,VMS 3,,Drenaje,,1.26,,1.56,1.32,4.57,,4.94,5.65
06/06/2025 11:30 p. m.,Ordeño,06:41,10.60,3,,,,,0,,0.78,,1.14,1.02,0,,0,0,4.52,,4.88,4.89,VMS 3,,Drenaje,,1.14,,1.44,1.38,3.33,,3.45,3.82
07/06/2025 07:37 a. m.,Ordeño,06:46,11.67,1,,,,,0,,0.78,,1.08,1.08,0,,0,0,4.96,,5.22,5.26,VMS 3,,Drenaje,,1.20,,1.56,1.56,3.36,,3.82,4.49
07/06/2025 10:50 p. m.,Ordeño,11:32,20.65,2,,,,,0,,0.78,,1.26,0.84,0,,0,0,5.36,,5.42,5.33,VMS 3,,Drenaje,,1.20,,1.80,1.20,5.95,,7.01,7.69
08/06/2025 11:30 a. m.,Ordeño,09:13,19.92,1,,,,,0,,0.84,,1.20,1.02,0,,0,0,5.08,,5.21,5.15,VMS 3,,Drenaje,,1.26,,1.62,1.38,5.72,,6.74,7.46
08/06/2025 11:23 p. m.,Ordeño,09:42,18.03,2,,,,,0,,0.84,,1.20,0.96,0,,0,0,4.97,,5.10,5.25,VMS 3,,Drenaje,,1.26,,1.56,1.38,5.27,,5.99,6.77
09/06/2025 12:56 p. m.,Ordeño,10:21,21.75,1,,,,,0,,0.84,,1.20,1.08,0,,0,0,5.08,,5.19,5.25,VMS 3,,Drenaje,,1.26,,1.56,1.44,6.42,,7.30,8.03
10/06/2025 02:34 a. m.,Ordeño,10:07,20.16,1,,,,,0,,0.84,,1.32,1.08,0,,0,0,4.93,,5.09,5.14,VMS 3,,Drenaje,,1.26,,1.62,1.44,5.83,,6.87,7.46
10/06/2025 02:04 p. m.,Ordeño,09:20,18.16,2,,,,,0,,0.90,,1.32,1.02,0,,0,0,5.03,,5.17,5.14,VMS 3,,Drenaje,,1.26,,1.74,1.38,5.27,,5.94,6.95
10/06/2025 11:56 p. m.,Ordeño,07:02,13.11,1,,,,,0,,0.84,,1.38,1.08,0,,0,0,4.78,,4.95,5.06,VMS 3,,Drenaje,,1.20,,1.68,1.38,3.83,,4.32,4.96
11/06/2025 06:45 a. m.,Ordeño,06:07,10.68,2,,,,,0,,0.90,,1.38,1.02,0,,0,0,4.90,,5.16,5.20,VMS 3,,Drenaje,,1.38,,1.74,1.38,3.22,,3.49,3.97
11/06/2025 03:01 p. m.,Ordeño,06:32,13.07,3,,,,,0,,0.90,,1.38,1.08,0,,0,0,5.10,,5.35,5.47,VMS 3,,Drenaje,,1.26,,1.80,1.50,3.85,,4.31,4.91
12/06/2025 02:20 a. m.,Ordeño,08:06,16.44,1,,,,,0,,0.84,,1.38,1.14,0,,0,0,5.00,,5.14,5.23,VMS 3,,Drenaje,,1.32,,1.92,1.50,4.99,,5.41,6.04
12/06/2025 12:32 p. m.,Ordeño,07:58,16.45,2,,,,,0,,0.96,,1.44,1.08,0,,0,0,5.12,,5.24,5.39,VMS 3,,Drenaje,,1.44,,2.04,1.50,4.91,,5.39,6.15
12/06/2025 09:57 p. m.,Ordeño,07:14,12.57,3,,,,,0,,0.84,,1.26,0.96,0,,0,0,4.67,,4.90,4.90,VMS 3,,Drenaje,,1.26,,1.68,1.32,3.85,,4.05,4.67
13/06/2025 06:28 a. m.,Ordeño,06:50,13.45,1,,,,,0,,0.90,,1.38,1.08,0,,0,0,5.06,,5.20,5.31,VMS 3,,Drenaje,,1.32,,1.74,1.50,3.96,,4.45,5.04
13/06/2025 03:16 p. m.,Ordeño,06:51,14.26,2,,,,,0,,0.96,,1.38,1.14,0,,0,0,5.23,,5.44,5.46,VMS 3,,Tanque,,1.38,,1.80,1.62,4.20,,4.64,5.42
14/06/2025 08:04 a. m.,Ordeño,11:35,25.18,1,,,,,0,,1.02,,1.50,1.02,0,,0,0,5.25,,5.34,5.50,VMS 3,,Tanque,,1.44,,1.86,1.38,7.57,,8.63,8.98
14/06/2025 07:00 p. m.,Ordeño,08:26,17.08,2,,,,,0,,0.84,,1.26,1.02,0,,0,0,4.72,,4.97,4.94,VMS 3,,Tanque,,1.20,,1.68,1.44,5.04,,5.51,6.53
15/06/2025 06:23 a. m.,Ordeño,08:38,17.73,1,,,,,0,,0.96,,1.44,1.02,0,,0,0,4.91,,5.11,5.10,VMS 3,,Tanque,,1.50,,1.86,1.44,5.29,,5.80,6.64
15/06/2025 04:46 p. m.,Ordeño,07:43,15.68,2,,,,,0,,0.84,,1.38,1.14,0,,0,0,4.84,,5.15,5.07,VMS 3,,Tanque,,1.26,,1.92,1.56,4.58,,5.27,5.83
16/06/2025 03:07 a. m.,Ordeño,08:09,16.29,1,,,,,0,,0.90,,1.38,1.02,0,,0,0,5.04,,5.13,5.22,VMS 3,,Tanque,,1.44,,1.74,1.38,4.94,,5.41,5.94
16/06/2025 04:10 p. m.,Ordeño,10:16,19.31,2,,,,,0,,0.90,,1.32,0.90,0,,0,0,4.92,,5.05,5.00,VMS 3,,Tanque,,1.44,,1.74,1.32,5.82,,6.49,7.00
17/06/2025 03:43 a. m.,Ordeño,07:33,16.75,1,,,,,0,,0.96,,1.38,1.14,0,,0,0,4.85,,4.93,4.94,VMS 3,,Tanque,,1.38,,1.74,1.50,5.04,,5.53,6.18
17/06/2025 06:21 p. m.,Ordeño,11:03,22.07,2,,,,,0,,1.02,,1.38,0.96,0,,0,0,5.13,,5.05,5.05,VMS 3,,Tanque,,1.38,,1.86,1.26,6.60,,7.47,8.00
18/06/2025 08:11 a. m.,Ordeño,08:32,20.09,1,,,,,0,,0.96,,1.44,1.14,0,,0,0,5.05,,4.83,5.10,VMS 3,,Tanque,,1.38,,1.86,1.44,5.90,,6.85,7.34
18/06/2025 10:20 p. m.,Ordeño,09:28,18.51,2,,,,,0,,0.90,,1.32,0.96,0,,0,0,4.81,,4.91,4.97,VMS 3,,Tanque,,1.44,,1.86,1.44,5.43,,6.10,6.98
19/06/2025 10:43 a. m.,Ordeño,09:19,19.16,1,,,,,0,,1.02,,1.44,1.02,0,,0,0,5.14,,5.11,5.27,VMS 3,,Tanque,,1.56,,1.86,1.62,5.91,,6.27,6.98
19/06/2025 11:53 p. m.,Ordeño,08:21,17.92,1,,,,,0,,0.96,,1.44,1.14,0,,0,0,4.92,,5.05,5.11,VMS 3,,Tanque,,1.38,,1.80,1.56,5.35,,5.98,6.59
20/06/2025 07:37 a. m.,Ordeño,05:57,11.79,2,,,,,0,,0.96,,1.44,1.14,0,,0,0,4.95,,5.16,5.27,VMS 3,,Tanque,,1.32,,1.80,1.50,3.63,,3.87,4.29
20/06/2025 02:06 p. m.,Ordeño,05:50,10.28,3,,,,,0,,0.90,,1.44,1.08,0,,0,0,5.23,,4.89,5.39,VMS 3,,Tanque,,1.32,,1.86,1.50,3.11,,3.37,3.80
21/06/2025 06:15 a. m.,Ordeño,09:27,23.23,1,,,,,0,,1.02,,1.62,1.20,0,,0,0,5.14,,4.69,5.25,VMS 3,,Tanque,,1.38,,2.10,1.68,6.98,,7.85,8.40
23/06/2025 06:10 p. m.,Ordeño,06:50,12.60,2,,,,,0,,0.96,,1.32,1.02,0,,0,0,4.64,,4.91,4.82,VMS 3,,Tanque,,1.32,,1.68,1.38,3.85,,4.12,4.63
24/06/2025 08:31 a. m.,Ordeño,08:55,20.23,1,,,,,0,,0.96,,1.44,1.38,0,,0,0,5.27,,5.18,5.49,VMS 3,,Tanque,,1.50,,1.92,1.74,6.18,,6.80,7.25
24/06/2025 04:49 p. m.,Ordeño,06:13,10.61,2,,,,,0,,0.84,,1.32,1.20,0,,0,0,4.71,,5.10,5.18,VMS 3,,Tanque,,1.32,,1.74,1.68,3.24,,3.50,3.87
25/06/2025 02:34 a. m.,Ordeño,06:30,13.84,1,,,,,0,,0.96,,1.50,1.26,0,,0,0,5.19,,5.17,5.36,VMS 3,,Tanque,,1.44,,1.98,1.74,4.19,,4.52,5.13
25/06/2025 01:00 p. m.,Ordeño,07:34,14.93,2,,,,,0,,0.90,,1.32,1.26,0,,0,0,5.19,,5.21,5.39,VMS 3,,Tanque,,1.38,,1.80,1.68,4.57,,4.91,5.45
25/06/2025 11:43 p. m.,Ordeño,07:27,14.03,3,,,,,0,,0.90,,1.26,1.02,0,,0,0,4.99,,5.11,5.10,VMS 3,,Tanque,,1.26,,1.74,1.68,4.24,,4.58,5.21
26/06/2025 07:35 a. m.,Ordeño,06:31,12.67,1,,,,,0,,0.90,,1.38,1.14,0,,0,0,5.24,,5.38,5.38,VMS 3,,Tanque,,1.32,,1.80,1.56,3.86,,4.15,4.66
26/06/2025 02:20 p. m.,Ordeño,05:48,10.26,2,,,,,0,,0.96,,1.38,1.14,0,,0,0,5.05,,5.32,5.36,VMS 3,,Tanque,,1.44,,1.74,1.44,3.23,,3.38,3.65
27/06/2025 12:44 a. m.,Ordeño,07:14,14.57,1,,,,,0,,0.96,,1.44,1.20,0,,0,0,5.31,,5.09,5.26,VMS 3,,Tanque,,1.38,,1.80,1.44,4.46,,4.76,5.35
27/06/2025 09:06 a. m.,Ordeño,06:44,12.53,2,,,,,0,,0.96,,1.44,1.14,0,,0,0,5.15,,5.13,5.24,VMS 3,,Tanque,,1.44,,1.80,1.68,3.80,,4.16,4.57
27/06/2025 07:55 p. m.,Ordeño,07:34,14.76,3,,,,,0,,0.84,,1.32,1.14,0,,0,0,4.98,,5.07,5.19,VMS 3,,Tanque,,1.32,,1.80,1.56,4.53,,4.87,5.36
28/06/2025 04:19 a. m.,Ordeño,07:18,13.45,1,,,,,0,,0.90,,1.44,1.20,0,,0,0,5.10,,5.08,5.36,VMS 3,,Tanque,,1.26,,1.86,1.56,4.20,,4.41,4.84
28/06/2025 01:57 p. m.,Ordeño,07:50,14.69,2,,,,,0,,0.84,,1.44,0.96,0,,0,0,5.09,,5.21,5.32,VMS 3,,Tanque,,1.26,,1.86,1.50,4.47,,4.98,5.24
29/06/2025 12:55 a. m.,Ordeño,08:56,16.87,1,,,,,0,,0.78,,1.44,1.20,0,,0,0,4.84,,5.11,5.20,VMS 3,,Tanque,,1.20,,1.92,1.68,5.08,,5.64,6.15
29/06/2025 08:23 a. m.,Ordeño,06:47,10.00,2,,,,,0,,0.72,,1.38,1.08,0,,0,0,4.52,,4.70,4.68,VMS 3,,Tanque,,1.08,,1.74,1.50,3.09,,3.29,3.62
29/06/2025 03:51 p. m.,Ordeño,06:53,9.98,3,,,,,0,,0.72,,1.26,1.08,0,,0,0,4.79,,5.12,5.06,VMS 3,,Tanque,,1.14,,1.68,1.56,3.16,,3.21,3.61
30/06/2025 02:46 a. m.,Ordeño,08:52,16.96,1,,,,,0,,0.84,,1.38,1.02,0,,0,0,5.08,,5.24,5.31,VMS 3,,Tanque,,1.20,,1.74,1.56,5.14,,5.73,6.09
30/06/2025 11:40 a. m.,Ordeño,07:48,13.30,2,,,,,0,,0.78,,1.32,1.14,0,,0,0,4.94,,5.17,5.19,VMS 3,,Tanque,,1.08,,1.62,1.56,4.04,,4.28,4.98
30/06/2025 10:52 p. m.,Ordeño,09:10,17.04,3,,,,,0,,0.84,,1.26,1.08,0,,0,0,4.88,,4.94,5.01,VMS 3,,Tanque,,1.38,,1.68,1.44,5.16,,5.64,6.24
01/07/2025 07:25 a. m.,Ordeño,07:31,13.70,1,,,,,0,,0.84,,1.32,1.14,0,,0,0,4.90,,5.07,5.08,VMS 3,,Tanque,,1.20,,1.86,1.92,4.27,,4.40,5.03
01/07/2025 03:15 p. m.,Ordeño,06:19,11.35,2,,,,,0,,0.84,,1.32,0.96,0,,0,0,4.86,,5.11,5.09,VMS 3,,Tanque,,1.20,,1.74,1.32,3.32,,3.86,4.17
01/07/2025 09:40 p. m.,Ordeño,06:13,9.30,3,,,,,0,,0.72,,1.26,1.08,0,,0,0,4.78,,5.04,5.16,VMS 3,,Tanque,,1.02,,1.68,1.50,2.87,,3.01,3.42
02/07/2025 04:22 a. m.,Ordeño,06:50,10.60,1,,,,,0,,0.78,,1.32,1.14,0,,0,0,5.04,,5.19,5.22,VMS 3,,Tanque,,1.20,,1.74,1.56,3.26,,3.44,3.90
02/07/2025 11:02 a. m.,Ordeño,06:09,9.84,2,,,,,0,,0.84,,1.32,1.02,0,,0,0,5.00,,5.17,5.16,VMS 3,,Tanque,,1.26,,1.80,1.50,3.04,,3.24,3.56
02/07/2025 07:31 p. m.,Ordeño,08:40,13.08,3,,,,,0,,0.72,,1.32,0.96,0,,0,0,4.91,,5.25,5.16,VMS 3,,Tanque,,1.02,,1.74,1.32,4.01,,4.28,4.79
03/07/2025 05:37 a. m.,Ordeño,08:47,16.31,1,,,,,0,,0.78,,1.38,1.14,0,,0,0,4.91,,5.13,5.15,VMS 3,,Tanque,,1.26,,1.74,1.62,5.08,,5.28,5.95
03/07/2025 06:31 p. m.,Ordeño,09:34,18.52,2,,,,,0,,0.78,,1.32,1.02,0,,0,0,4.70,,4.98,4.96,VMS 3,,Tanque,,1.20,,1.80,1.56,5.63,,6.08,6.81
04/07/2025 06:00 a. m.,Ordeño,09:18,16.93,1,,,,,0,,0.78,,1.32,1.08,0,,0,0,4.57,,4.77,4.74,VMS 3,,Tanque,,1.20,,1.74,1.56,5.23,,5.57,6.13
04/07/2025 02:51 p. m.,Ordeño,06:25,11.66,2,,,,,0,,0.90,,1.32,1.08,0,,0,0,4.63,,4.81,4.80,VMS 3,,Tanque,,1.32,,1.68,1.44,3.52,,3.80,4.34
04/07/2025 09:16 p. m.,Ordeño,05:31,7.89,3,,,,,0,,0.78,,1.26,0.96,0,,0,0,4.62,,4.89,4.94,VMS 3,,Tanque,,1.14,,1.62,1.32,2.47,,2.50,2.92
05/07/2025 06:25 a. m.,Ordeño,07:41,13.75,1,,,,,0,,0.84,,1.32,1.20,0,,0,0,4.86,,4.88,5.11,VMS 3,,Tanque,,1.26,,1.74,1.74,4.33,,4.49,4.93
05/07/2025 04:38 p. m.,Ordeño,07:14,14.54,2,,,,,0,,0.90,,1.32,1.08,0,,0,0,4.76,,5.06,5.17,VMS 3,,Tanque,,1.44,,1.74,1.56,4.63,,4.71,5.20
06/07/2025 01:23 a. m.,Ordeño,07:22,13.17,1,,,,,0,,0.84,,1.32,1.14,0,,0,0,4.81,,5.05,5.02,VMS 3,,Tanque,,1.32,,1.68,1.62,4.17,,4.27,4.73
06/07/2025 11:44 a. m.,Ordeño,08:05,15.39,2,,,,,0,,0.90,,1.44,1.20,0,,0,0,4.78,,4.84,4.99,VMS 3,,Tanque,,1.44,,1.86,1.62,4.97,,4.98,5.44
06/07/2025 06:47 p. m.,Ordeño,06:12,8.56,3,,,,,0,,0.72,,1.26,1.02,0,,0,0,4.50,,4.82,4.75,VMS 3,,Tanque,,1.14,,1.62,1.56,2.74,,2.74,3.08
07/07/2025 06:02 a. m.,Ordeño,08:08,15.89,1,,,,,0,,0.90,,1.50,1.20,0,,0,0,4.82,,4.94,4.96,VMS 3,,Tanque,,1.50,,1.86,1.56,5.03,,5.06,5.80
07/07/2025 02:20 p. m.,Ordeño,06:45,11.74,2,,,,,0,,0.84,,1.44,1.14,0,,0,0,4.88,,4.99,4.97,VMS 3,,Tanque,,1.38,,1.86,1.62,3.66,,3.84,4.24
07/07/2025 10:03 p. m.,Ordeño,06:37,11.31,3,,,,,0,,0.84,,1.50,1.14,0,,0,0,4.69,,4.12,4.88,VMS 3,,Tanque,,1.38,,2.52,1.56,3.34,,4.15,3.82
08/07/2025 05:58 a. m.,Ordeño,06:27,12.27,1,,,,,0,,0.96,,1.56,1.32,0,,0,0,4.97,,4.88,5.20,VMS 3,,Tanque,,1.50,,1.86,1.68,3.91,,3.88,4.48
08/07/2025 02:01 p. m.,Ordeño,06:21,12.37,2,,,,,0,,0.96,,1.38,1.20,0,,0,0,4.88,,5.00,5.23,VMS 3,,Tanque,,1.56,,1.92,1.68,3.94,,3.95,4.48
08/07/2025 10:21 p. m.,Ordeño,06:48,12.80,3,,,,,0,,0.90,,1.38,1.08,0,,0,0,4.96,,5.06,5.09,VMS 3,,Tanque,,1.38,,1.80,1.44,4.11,,4.04,4.65
09/07/2025 08:11 a. m.,Ordeño,08:06,15.90,1,,,,,0,,0.96,,1.44,1.14,0,,0,0,5.09,,5.05,5.08,VMS 3,,Tanque,,1.62,,1.98,1.50,5.17,,5.05,5.68
09/07/2025 06:41 p. m.,Ordeño,08:18,16.16,2,,,,,0,,0.96,,1.50,1.14,0,,0,0,4.91,,4.72,4.94,VMS 3,,Tanque,,1.56,,1.92,1.62,5.22,,5.21,5.73
10/07/2025 03:35 a. m.,Ordeño,08:05,14.52,1,,,,,0,,0.84,,1.50,1.20,0,,0,0,4.77,,4.84,4.96,VMS 3,,Tanque,,1.38,,1.98,1.62,4.72,,4.50,5.30
10/07/2025 03:20 p. m.,Ordeño,09:37,19.45,2,,,,,0,,0.84,,1.44,1.02,0,,0,0,5.20,,4.96,5.21,VMS 3,,Tanque,,1.38,,1.92,1.32,5.94,,6.56,6.95
11/07/2025 12:19 a. m.,Ordeño,08:25,16.10,1,,,,,0,,0.84,,1.68,1.08,0,,0,0,4.85,,5.20,4.83,VMS 3,,Tanque,,1.38,,2.94,1.44,4.91,,5.58,5.61
11/07/2025 02:01 p. m.,Ordeño,10:06,22.55,2,,,,,0,,0.90,,1.86,0.96,0,,0,0,5.09,,5.35,5.01,VMS 3,,Tanque,,1.50,,0.04,1.32,6.46,,8.57,7.52
12/07/2025 01:50 a. m.,Ordeño,11:07,18.12,1,,,,,0,,0.78,,1.80,0.96,0,,0,0,4.83,,4.80,4.69,VMS 3,,Tanque,,1.50,,3.72,1.32,4.85,,5.93,7.34
12/07/2025 10:08 a. m.,Ordeño,08:46,9.32,2,,,TI,TI,0,,0.84,,0.00,1.14,0,,0,0,4.66,,0.00,4.76,VMS 3,,Tanque,,1.44,,0.00,1.62,4.35,,0.00,4.97
12/07/2025 11:46 a. m.,Ordeño,08:25,6.55,3,,,,,0,,0.42,,1.92,0.48,0,,0,0,4.55,,5.00,4.49,VMS 3,,Tanque,,0.66,,0.28,1.08,0.66,,5.12,0.77
13/07/2025 01:18 a. m.,Ordeño,09:28,19.08,1,,,,,0,,0.84,,1.44,1.02,0,,0,0,4.63,,4.01,4.78,VMS 3,,Tanque,,1.38,,1.86,1.32,5.62,,6.33,7.13
13/07/2025 09:28 a. m.,Ordeño,06:57,12.54,2,,,,,0,,0.84,,1.38,1.02,0,,0,0,4.77,,4.28,4.57,VMS 3,,Tanque,,1.32,,1.92,1.44,3.81,,4.11,4.62
13/07/2025 06:38 p. m.,Ordeño,07:59,13.95,3,,,,,0,,0.72,,1.26,1.02,0,,0,0,5.03,,4.65,4.97,VMS 3,,Tanque,,1.26,,1.68,1.44,4.12,,4.49,5.34
14/07/2025 06:38 a. m.,Ordeño,10:25,19.28,1,,,,,0,,0.78,,1.44,0.96,0,,0,0,5.09,,4.61,4.71,VMS 3,,Tanque,,1.38,,1.86,1.38,5.71,,6.39,7.18
14/07/2025 07:49 p. m.,Ordeño,10:21,20.90,2,,,,,0,,0.84,,1.38,1.02,0,,0,0,5.18,,4.60,4.64,VMS 3,,Tanque,,1.32,,1.80,1.38,6.16,,7.05,7.69
15/07/2025 03:21 a. m.,Ordeño,07:31,12.54,1,,,,,0,,0.90,,1.38,1.14,0,,0,0,4.90,,4.70,4.63,VMS 3,,Tanque,,1.38,,1.74,1.56,3.90,,4.04,4.60
15/07/2025 10:34 a. m.,Ordeño,07:21,11.50,2,,,,,0,,0.78,,1.26,0.96,0,,0,0,4.99,,4.82,4.77,VMS 3,,Tanque,,1.38,,1.62,1.32,3.49,,3.71,4.30
15/07/2025 05:34 p. m.,Ordeño,06:30,10.52,3,,,,,0,,0.78,,1.32,1.26,0,,0,0,4.96,,4.73,4.95,VMS 3,,Tanque,,1.14,,1.74,1.62,3.13,,3.51,3.88
16/07/2025 12:33 a. m.,Ordeño,07:35,11.17,1,,,,,0,,0.78,,1.38,1.26,0,,0,0,4.79,,4.83,4.81,VMS 3,,Tanque,,1.26,,1.74,1.80,3.32,,3.71,4.14
16/07/2025 08:46 a. m.,Ordeño,07:14,13.02,2,,,,,0,,0.78,,1.38,1.26,0,,0,0,4.97,,4.94,4.93,VMS 3,,Tanque,,1.32,,1.68,1.68,4.01,,4.11,4.90
16/07/2025 07:05 p. m.,Ordeño,07:06,14.55,3,,,,,0,,0.90,,1.38,1.08,0,,0,0,4.70,,4.76,4.73,VMS 3,,Tanque,,1.32,,1.92,1.50,4.27,,4.81,5.47
17/07/2025 02:36 a. m.,Ordeño,06:49,12.60,1,,,,,0,,0.84,,1.44,1.08,0,,0,0,4.89,,4.83,4.81,VMS 3,,Tanque,,1.44,,1.92,1.44,3.85,,4.11,4.64
17/07/2025 10:14 a. m.,Ordeño,06:32,11.37,2,,,,,0,,0.84,,1.32,1.14,0,,0,0,4.81,,4.93,4.88,VMS 3,,Tanque,,1.26,,1.74,1.56,3.45,,3.68,4.24
17/07/2025 06:41 p. m.,Ordeño,07:01,13.82,3,,,,,0,,0.90,,1.44,1.08,0,,0,0,4.92,,5.06,5.12,VMS 3,,Tanque,,1.38,,1.86,1.56,4.20,,4.55,5.07
18/07/2025 02:15 a. m.,Ordeño,07:07,12.78,1,,,,,0,,0.78,,1.56,1.02,0,,0,0,4.93,,4.86,5.00,VMS 3,,Tanque,,1.26,,2.04,1.50,3.90,,4.04,4.84
18/07/2025 11:23 a. m.,Ordeño,08:18,13.78,2,,,,,0,,0.78,,1.32,1.08,0,,0,0,4.86,,4.96,4.91,VMS 3,,Tanque,,1.20,,1.74,1.50,4.22,,4.37,5.19
18/07/2025 06:11 p. m.,Ordeño,05:39,10.76,3,,,,,0,,0.90,,1.32,1.14,0,,0,0,4.79,,4.95,4.90,VMS 3,,Tanque,,1.44,,1.74,1.62,3.27,,3.51,3.98
19/07/2025 01:18 a. m.,Ordeño,06:44,11.51,1,,,,,0,,0.84,,1.44,1.14,0,,0,0,4.83,,4.90,4.91,VMS 3,,Tanque,,1.20,,1.80,1.56,3.56,,3.61,4.34
19/07/2025 10:48 a. m.,Ordeño,07:03,14.90,2,,,,,0,,0.96,,1.44,1.20,0,,0,0,4.85,,4.79,5.01,VMS 3,,Tanque,,1.44,,1.86,1.68,4.48,,4.88,5.54
19/07/2025 11:23 p. m.,Ordeño,09:37,19.10,3,,,,,0,,0.96,,1.44,0.96,0,,0,0,4.72,,4.75,4.77,VMS 3,,Tanque,,1.38,,1.86,1.38,5.86,,6.24,7.00
20/07/2025 08:32 a. m.,Ordeño,06:47,13.58,1,,,,,0,,0.90,,1.44,1.20,0,,0,0,4.51,,4.63,4.56,VMS 3,,Tanque,,1.26,,1.86,1.62,4.14,,4.37,5.07
20/07/2025 11:53 p. m.,Ordeño,10:31,22.08,1,,,,,0,,0.84,,1.50,1.26,0,,0,0,4.88,,4.89,4.94,VMS 3,,Tanque,,1.26,,1.86,1.68,6.58,,7.32,8.18
21/07/2025 07:39 a. m.,Ordeño,07:46,12.26,2,,,,,0,,0.78,,1.38,1.20,0,,0,0,4.34,,4.49,4.48,VMS 3,,Tanque,,1.14,,1.80,1.62,3.92,,3.86,4.48
21/07/2025 11:22 p. m.,Ordeño,10:34,24.11,3,,,,,0,,0.90,,1.50,1.20,0,,0,0,5.15,,5.06,5.20,VMS 3,,Tanque,,1.32,,1.86,1.50,7.09,,7.94,9.08
22/07/2025 09:29 a. m.,Ordeño,07:55,16.96,1,,,,,0,,0.96,,1.44,1.20,0,,0,0,4.82,,4.91,4.87,VMS 3,,Tanque,,1.32,,1.86,1.62,5.23,,5.41,6.32
22/07/2025 10:57 p. m.,Ordeño,09:08,19.72,2,,,,,0,,0.90,,1.38,1.20,0,,0,0,4.81,,4.90,4.96,VMS 3,,Tanque,,1.32,,1.80,1.62,5.89,,6.52,7.31
23/07/2025 11:38 a. m.,Ordeño,08:21,19.37,1,,,,,0,,0.96,,1.44,1.14,0,,0,0,4.44,,4.64,4.63,VMS 3,,Tanque,,1.62,,1.86,1.56,5.81,,6.40,7.16
23/07/2025 07:03 p. m.,Ordeño,05:31,8.03,2,,,,,0,,0.78,,1.26,0.90,0,,0,0,4.09,,4.37,4.35,VMS 3,,Tanque,,1.20,,1.62,1.38,2.54,,2.63,2.86
24/07/2025 03:14 a. m.,Ordeño,06:25,11.41,1,,,,,0,,0.96,,1.38,1.02,0,,0,0,4.57,,4.73,4.73,VMS 3,,Tanque,,1.44,,1.86,1.38,3.61,,3.55,4.25
24/07/2025 02:39 p. m.,Ordeño,08:27,16.89,2,,,,,0,,0.96,,1.32,0.96,0,,0,0,5.01,,5.16,5.20,VMS 3,,Tanque,,1.32,,1.74,1.38,5.14,,5.49,6.26
24/07/2025 10:31 p. m.,Ordeño,06:45,11.47,3,,,,,0,,0.96,,1.32,0.96,0,,0,0,4.60,,4.75,4.65,VMS 3,,Tanque,,1.50,,1.86,1.32,3.58,,3.57,4.32
25/07/2025 09:14 a. m.,Ordeño,08:20,17.12,1,,,,,0,,0.90,,1.44,1.02,0,,0,0,4.87,,4.93,5.00,VMS 3,,Tanque,,1.20,,1.86,1.50,5.31,,5.53,6.28
25/07/2025 10:48 p. m.,Ordeño,08:37,19.43,2,,,,,0,,0.96,,1.38,1.14,0,,0,0,4.75,,4.91,4.89,VMS 3,,Tanque,,1.32,,1.86,1.68,5.84,,6.41,7.18
26/07/2025 05:26 a. m.,Ordeño,05:22,8.85,1,,,,,0,,0.90,,1.32,1.08,0,,0,0,4.22,,4.56,4.36,VMS 3,,Tanque,,1.38,,1.74,1.44,2.83,,2.81,3.21
26/07/2025 05:17 p. m.,Ordeño,07:58,16.52,2,,,,,0,,0.96,,1.32,1.02,0,,0,0,4.79,,4.89,5.03,VMS 3,,Tanque,,1.38,,1.68,1.50,5.12,,5.40,6.00
27/07/2025 01:28 a. m.,Ordeño,06:55,12.11,1,,,,,0,,0.90,,1.26,1.02,0,,0,0,4.56,,4.76,4.84,VMS 3,,Tanque,,1.32,,1.74,1.56,3.68,,3.81,4.62
27/07/2025 10:47 a. m.,Ordeño,06:55,14.17,2,,,,,0,,0.96,,1.32,1.14,0,,0,0,4.85,,5.03,5.04,VMS 3,,Tanque,,1.38,,1.80,1.50,4.35,,4.57,5.25
27/07/2025 06:14 p. m.,Ordeño,06:06,10.68,3,,,,,0,,0.90,,1.32,1.02,0,,0,0,4.68,,4.87,4.92,VMS 3,,Tanque,,1.26,,1.68,1.44,3.37,,3.40,3.91
28/07/2025 06:40 a. m.,Ordeño,09:11,19.10,1,,,,,0,,0.84,,1.44,1.20,0,,0,0,4.80,,4.89,4.98,VMS 3,,Tanque,,1.32,,2.04,1.80,5.79,,6.19,7.12
28/07/2025 05:36 p. m.,Ordeño,07:33,15.68,2,,,,,0,,0.96,,1.38,1.08,0,,0,0,4.70,,4.83,4.81,VMS 3,,Tanque,,1.50,,1.80,1.62,4.93,,4.93,5.82
29/07/2025 12:53 a. m.,Ordeño,07:00,11.80,1,,,,,0,,0.84,,1.32,1.08,0,,0,0,4.52,,4.75,4.80,VMS 3,,Tanque,,1.38,,1.68,1.56,3.70,,3.69,4.41
29/07/2025 08:04 a. m.,Ordeño,06:01,8.13,2,,,DI,DI,0,,0.00,,1.38,1.08,0,,0,0,0.00,,4.97,4.96,VMS 3,,Tanque,,0.00,,1.80,1.50,0.00,,3.80,4.33
29/07/2025 05:53 p. m.,Ordeño,10:00,16.72,3,,,,,0,,0.96,,1.38,1.20,0,,0,0,5.17,,5.05,4.94,VMS 3,,Tanque,,1.50,,1.74,1.62,7.06,,4.44,5.22
30/07/2025 08:51 a. m.,Ordeño,09:28,19.67,1,,,,,0,,0.90,,1.50,1.02,0,,0,0,4.52,,4.90,4.80,VMS 3,,Tanque,,1.26,,1.92,1.44,5.90,,6.45,7.32
30/07/2025 06:11 p. m.,Ordeño,07:03,13.77,2,,,,,0,,0.96,,1.32,1.08,0,,0,0,4.53,,4.92,4.77,VMS 3,,Tanque,,1.38,,1.80,1.62,3.86,,4.45,5.46
31/07/2025 06:39 a. m.,Ordeño,08:51,19.00,1,,,,,0,,0.96,,1.62,1.08,0,,0,0,4.90,,4.95,4.91,VMS 3,,Tanque,,1.38,,2.10,1.68,5.57,,6.22,7.21
31/07/2025 02:54 p. m.,Ordeño,06:29,11.80,2,,,,,0,,0.90,,1.38,1.02,0,,0,0,4.82,,4.90,4.71,VMS 3,,Tanque,,1.38,,1.80,1.38,3.53,,3.81,4.46
31/07/2025 09:22 p. m.,Ordeño,05:41,9.59,3,,,,,0,,0.90,,1.38,1.14,0,,0,0,4.91,,4.94,4.84,VMS 3,,Tanque,,1.32,,1.74,1.56,2.83,,3.11,3.65
01/08/2025 09:48 a. m.,Ordeño,08:59,19.50,1,,,,,0,,0.96,,1.44,1.14,0,,0,0,5.09,,5.16,5.03,VMS 3,,Tanque,,1.44,,1.74,1.62,5.83,,6.34,7.33
01/08/2025 07:17 p. m.,Ordeño,06:44,13.33,2,,,,,0,,0.96,,1.38,1.14,0,,0,0,4.81,,4.86,4.80,VMS 3,,Tanque,,1.38,,1.74,1.56,4.01,,4.38,4.94
02/08/2025 04:48 a. m.,Ordeño,07:34,15.12,1,,,,,0,,0.96,,1.44,1.08,0,,0,0,4.86,,4.86,4.92,VMS 3,,Tanque,,1.50,,1.98,1.44,4.61,,4.90,5.61
02/08/2025 02:38 p. m.,Ordeño,08:18,15.33,2,,,,,0,,0.96,,1.38,1.02,0,,0,0,4.99,,5.02,4.96,VMS 3,,Tanque,,1.32,,1.80,1.38,4.57,,4.94,5.82
03/08/2025 12:35 a. m.,Ordeño,07:43,15.21,1,,,,,0,,0.96,,1.44,1.02,0,,0,0,4.87,,4.89,4.87,VMS 3,,Tanque,,1.44,,1.92,1.50,4.65,,4.86,5.70
03/08/2025 01:01 p. m.,Ordeño,09:15,18.85,2,,,,,0,,1.02,,1.44,1.02,0,,0,0,4.90,,4.98,4.83,VMS 3,,Tanque,,1.50,,1.86,1.56,5.73,,6.06,7.06
03/08/2025 09:57 p. m.,Ordeño,05:29,10.42,3,,,,,0,,1.02,,1.56,1.14,0,,0,0,4.49,,4.57,4.50,VMS 3,,Tanque,,1.50,,2.10,1.62,3.22,,3.30,3.90
04/08/2025 07:20 a. m.,Ordeño,07:16,13.80,1,,,,,0,,0.96,,1.50,1.02,0,,0,0,4.88,,4.91,4.84,VMS 3,,Tanque,,1.32,,1.86,1.38,4.33,,4.36,5.11
04/08/2025 09:46 p. m.,Ordeño,09:39,20.24,2,,,,,0,,1.02,,1.50,1.02,0,,0,0,4.93,,5.03,4.87,VMS 3,,Tanque,,1.38,,1.92,1.38,6.20,,6.61,7.43
05/08/2025 05:53 a. m.,Ordeño,06:18,11.28,1,,,,,0,,0.90,,1.44,1.14,0,,0,0,4.47,,4.68,4.56,VMS 3,,Tanque,,1.26,,1.80,1.50,3.54,,3.58,4.16
05/08/2025 04:23 p. m.,Ordeño,07:56,15.78,2,,,,,0,,0.90,,1.38,1.14,0,,0,0,4.98,,5.07,5.14,VMS 3,,Tanque,,1.38,,1.74,1.56,4.76,,5.13,5.89
06/08/2025 03:14 a. m.,Ordeño,07:41,16.96,1,,,,,0,,0.90,,1.56,1.20,0,,0,0,4.86,,4.91,4.87,VMS 3,,Tanque,,1.26,,1.98,1.62,5.20,,5.50,6.26
06/08/2025 10:58 a. m.,Ordeño,06:06,12.22,2,,,,,0,,0.90,,1.38,1.20,0,,0,0,4.58,,4.77,4.87,VMS 3,,Tanque,,1.32,,1.92,1.62,3.77,,3.97,4.48
06/08/2025 09:36 p. m.,Ordeño,07:48,14.87,3,,,,,0,,0.84,,1.44,1.14,0,,0,0,4.79,,4.96,5.02,VMS 3,,Tanque,,1.26,,1.74,1.50,4.58,,4.68,5.61
07/08/2025 07:28 a. m.,Ordeño,08:05,15.23,1,,,,,0,,0.84,,1.44,1.14,0,,0,0,4.89,,5.01,5.07,VMS 3,,Tanque,,1.26,,1.80,1.50,4.78,,4.93,5.52
07/08/2025 04:31 p. m.,Ordeño,06:38,13.17,2,,,,,0,,0.90,,1.38,1.08,0,,0,0,4.93,,5.13,5.17,VMS 3,,Tanque,,1.32,,1.80,1.44,4.00,,4.25,4.92
07/08/2025 11:59 p. m.,Ordeño,06:07,11.28,1,,,,,0,,0.96,,1.38,1.20,0,,0,0,4.80,,4.94,4.89,VMS 3,,Tanque,,1.26,,1.74,1.56,3.55,,3.50,4.23
08/08/2025 08:00 a. m.,Ordeño,06:37,12.24,2,,,,,0,,0.90,,1.44,1.14,0,,0,0,4.82,,4.74,4.86,VMS 3,,Tanque,,1.32,,1.80,1.50,3.79,,3.95,4.50
08/08/2025 07:15 p. m.,Ordeño,08:32,15.72,3,,,,,0,,1.02,,1.44,1.08,0,,0,0,4.81,,4.93,4.79,VMS 3,,Tanque,,1.44,,1.86,1.44,4.71,,5.08,5.93
09/08/2025 01:54 a. m.,Ordeño,05:52,9.48,1,,,,,0,,0.96,,1.44,1.08,0,,0,0,4.34,,4.53,4.31,VMS 3,,Tanque,,1.38,,1.74,1.44,2.88,,2.87,3.73
09/08/2025 11:43 a. m.,Ordeño,06:12,12.31,2,,,,,0,,1.02,,1.44,1.20,0,,0,0,4.68,,4.85,4.80,VMS 3,,Tanque,,1.44,,1.80,1.56,3.80,,3.89,4.62
09/08/2025 11:46 p. m.,Ordeño,08:11,17.43,3,,,,,0,,0.96,,1.44,1.08,0,,0,0,4.90,,4.95,4.99,VMS 3,,Tanque,,1.38,,1.86,1.56,5.30,,5.65,6.48
10/08/2025 07:10 a. m.,Ordeño,06:44,9.76,1,,,,,0,,0.96,,1.26,0.96,0,,0,0,4.49,,4.71,4.59,VMS 3,,Tanque,,1.44,,1.74,1.32,3.07,,3.08,3.61
10/08/2025 05:54 p. m.,Ordeño,07:42,14.33,2,,,,,0,,0.96,,1.44,1.02,0,,0,0,4.88,,4.93,4.90,VMS 3,,Tanque,,1.44,,1.80,1.44,4.37,,4.55,5.41
11/08/2025 07:10 a. m.,Ordeño,12:17,19.85,1,,,,,0,,0.96,,1.50,0.78,0,,0,0,4.96,,4.96,4.85,VMS 3,,Tanque,,1.38,,1.98,1.20,6.13,,6.52,7.20
11/08/2025 02:45 p. m.,Ordeño,07:02,11.73,2,,,,,0,,0.96,,1.50,0.96,0,,0,0,4.68,,4.81,4.62,VMS 3,,Tanque,,1.38,,1.80,1.32,3.70,,3.58,4.45
12/08/2025 01:54 a. m.,Ordeño,09:41,15.34,1,,,,,0,,0.96,,1.38,0.90,0,,0,0,4.82,,4.93,4.76,VMS 3,,Tanque,,1.32,,1.92,1.32,4.71,,4.86,5.77
12/08/2025 03:02 p. m.,Ordeño,10:07,18.27,2,,,,,0,,0.96,,1.44,0.84,0,,0,0,4.90,,4.96,4.88,VMS 3,,Tanque,,1.38,,1.80,1.20,5.73,,5.94,6.60
12/08/2025 11:44 p. m.,Ordeño,07:54,12.82,3,,,,,0,,0.90,,1.32,0.90,0,,0,0,4.56,,4.68,4.65,VMS 3,,Tanque,,1.44,,1.74,1.32,3.96,,4.02,4.84
13/08/2025 08:58 a. m.,Ordeño,07:38,13.33,1,,,,,0,,0.96,,1.38,0.96,0,,0,0,4.82,,4.81,4.84,VMS 3,,Tanque,,1.38,,1.86,1.38,4.07,,4.32,4.94
13/08/2025 04:34 p. m.,Ordeño,06:03,9.93,2,,,,,0,,0.90,,1.50,0.90,0,,0,0,4.52,,4.68,4.91,VMS 3,,Tanque,,1.44,,2.04,1.32,3.03,,3.29,3.61
14/08/2025 12:01 a. m.,Ordeño,07:44,10.23,1,,,,,0,,0.84,,1.38,0.72,0,,0,0,4.71,,4.82,4.70,VMS 3,,Tanque,,1.20,,1.86,1.26,3.30,,3.21,3.72
14/08/2025 06:43 a. m.,Ordeño,07:44,9.70,2,,,,,0,,0.84,,1.32,0.72,0,,0,0,4.86,,5.04,4.88,VMS 3,,Tanque,,1.26,,1.80,1.08,3.07,,3.05,3.58
14/08/2025 02:06 p. m.,Ordeño,08:52,11.06,3,,,,,0,,0.96,,1.38,0.66,0,,0,0,5.12,,5.16,5.08,VMS 3,,Tanque,,1.32,,1.80,1.02,3.40,,3.59,4.07
14/08/2025 10:05 p. m.,Ordeño,09:38,11.52,4,,,,,0,,0.90,,1.32,0.60,0,,0,0,4.88,,5.02,4.87,VMS 3,,Tanque,,1.32,,1.74,1.08,3.74,,3.56,4.22
15/08/2025 09:58 a. m.,Ordeño,12:23,18.11,1,,,,,0,,0.90,,1.50,0.66,0,,0,0,4.74,,4.98,4.89,VMS 3,,Tanque,,1.56,,2.04,1.02,5.88,,5.86,6.37
15/08/2025 10:04 p. m.,Ordeño,11:33,15.19,2,,,,,0,,0.96,,1.26,0.66,0,,0,0,4.82,,4.89,4.75,VMS 3,,Tanque,,1.32,,1.74,1.08,4.73,,4.76,5.70
16/08/2025 07:45 a. m.,Ordeño,09:35,13.60,1,,,,,0,,1.02,,1.56,0.72,0,,0,0,4.46,,4.62,4.42,VMS 3,,Tanque,,1.44,,1.98,1.08,4.30,,4.28,5.02
16/08/2025 02:50 p. m.,Ordeño,08:05,8.98,2,,,,,0,,0.96,,1.44,0.60,0,,0,0,4.55,,4.69,4.33,VMS 3,,Tanque,,1.38,,1.92,0.90,2.79,,2.86,3.33
16/08/2025 11:21 p. m.,Ordeño,08:26,11.02,3,,,,,0,,0.96,,1.26,0.66,0,,0,0,4.78,,4.88,4.66,VMS 3,,Tanque,,1.50,,1.68,1.02,3.52,,3.53,3.97
17/08/2025 07:47 a. m.,Ordeño,08:39,12.04,1,,,,,0,,1.02,,1.38,0.72,0,,0,0,4.99,,4.93,4.97,VMS 3,,Tanque,,1.38,,1.80,1.08,3.83,,3.90,4.31
17/08/2025 03:09 p. m.,Ordeño,07:53,10.52,2,,,,,0,,1.08,,1.50,0.72,0,,0,0,5.01,,4.89,4.99,VMS 3,,Tanque,,1.56,,2.04,1.14,3.21,,3.42,3.89
17/08/2025 11:17 p. m.,Ordeño,07:59,11.04,3,,,,,0,,1.02,,1.38,0.72,0,,0,0,4.82,,4.79,4.80,VMS 3,,Tanque,,1.38,,1.74,1.08,3.47,,3.47,4.10
18/08/2025 07:32 a. m.,Ordeño,07:54,11.49,1,,,,,0,,0.96,,1.38,0.78,0,,0,0,4.77,,4.80,4.64,VMS 3,,Tanque,,1.32,,1.80,1.14,3.61,,3.71,4.17
18/08/2025 08:38 p. m.,Ordeño,10:38,18.19,2,,,,,0,,0.90,,1.44,0.84,0,,0,0,4.90,,4.98,4.88,VMS 3,,Tanque,,1.32,,1.80,1.62,5.70,,5.96,6.53
19/08/2025 08:25 a. m.,Ordeño,08:58,17.45,1,,,,,0,,1.02,,1.44,1.02,0,,0,0,4.68,,4.85,4.49,VMS 3,,Tanque,,1.44,,1.86,1.56,5.24,,5.51,6.70
20/08/2025 01:45 a. m.,Ordeño,11:35,23.44,1,,,,,0,,1.02,,1.44,0.96,0,,0,0,5.02,,5.02,4.88,VMS 3,,Tanque,,1.32,,1.98,1.44,7.22,,7.61,8.61
20/08/2025 01:41 p. m.,Ordeño,09:08,15.83,2,,,,,0,,1.02,,1.50,0.84,0,,0,0,4.51,,4.65,4.51,VMS 3,,Tanque,,1.44,,1.86,1.32,4.82,,5.21,5.80
20/08/2025 10:55 p. m.,Ordeño,08:20,13.05,3,,,,,0,,0.96,,1.32,0.84,0,,0,0,4.91,,4.91,4.70,VMS 3,,Tanque,,1.50,,1.86,1.26,4.06,,4.18,4.81
21/08/2025 07:18 a. m.,Ordeño,08:07,12.62,1,,,,,0,,0.96,,1.38,0.84,0,,0,0,5.04,,4.98,4.81,VMS 3,,Tanque,,1.44,,1.80,1.20,3.91,,4.11,4.60
21/08/2025 02:38 p. m.,Ordeño,07:04,10.39,2,,,,,0,,0.96,,1.38,0.84,0,,0,0,5.02,,5.05,4.88,VMS 3,,Tanque,,1.38,,1.74,1.20,3.17,,3.31,3.91
22/08/2025 06:04 a. m.,Ordeño,10:39,21.21,1,,,,,0,,1.02,,1.38,0.90,0,,0,0,4.50,,4.84,4.69,VMS 3,,Tanque,,1.38,,1.74,1.38,6.58,,6.97,7.66
22/08/2025 04:48 p. m.,Ordeño,07:41,13.24,2,,,,,0,,0.96,,1.38,0.90,0,,0,0,4.36,,4.71,4.54,VMS 3,,Tanque,,1.62,,1.86,1.44,4.18,,4.18,4.88
23/08/2025 12:22 a. m.,Ordeño,06:26,9.69,1,,,,,0,,0.90,,1.20,0.84,0,,0,0,4.58,,4.80,4.56,VMS 3,,Tanque,,1.26,,1.62,1.20,3.04,,3.02,3.63
23/08/2025 01:52 p. m.,Ordeño,09:26,18.65,2,,,,,0,,1.02,,1.50,0.96,0,,0,0,5.16,,5.14,5.08,VMS 3,,Tanque,,1.44,,1.86,1.44,5.76,,6.04,6.85
23/08/2025 10:30 p. m.,Ordeño,06:20,10.70,3,,,,,0,,0.96,,1.32,0.96,0,,0,0,4.47,,4.62,4.49,VMS 3,,Tanque,,1.38,,1.68,1.62,3.31,,3.38,4.01
24/08/2025 07:36 a. m.,Ordeño,06:30,12.97,1,,,,,0,,1.02,,1.44,1.08,0,,0,0,5.00,,5.05,5.02,VMS 3,,Tanque,,1.44,,1.86,1.62,4.04,,4.18,4.75
24/08/2025 03:13 p. m.,Ordeño,05:28,10.17,2,,,,,0,,0.96,,1.44,1.08,0,,0,0,4.60,,4.98,4.96,VMS 3,,Tanque,,1.38,,1.74,1.56,3.26,,3.16,3.75
25/08/2025 12:17 a. m.,Ordeño,07:41,12.42,1,,,,,0,,0.90,,1.26,0.84,0,,0,0,4.81,,4.86,4.67,VMS 3,,Tanque,,1.20,,1.68,1.38,3.75,,4.08,4.59
25/08/2025 08:17 a. m.,Ordeño,06:44,11.59,2,,,,,0,,0.96,,1.50,1.02,0,,0,0,4.95,,5.11,4.97,VMS 3,,Tanque,,1.38,,1.92,1.38,3.62,,3.69,4.28
25/08/2025 03:51 p. m.,Ordeño,05:48,10.57,3,,,,,0,,1.02,,1.44,1.02,0,,0,0,4.88,,4.99,4.84,VMS 3,,Tanque,,1.44,,1.86,1.44,3.29,,3.34,3.94
26/08/2025 03:13 a. m.,Ordeño,07:32,15.26,1,,,,,0,,0.96,,1.50,1.08,0,,0,0,4.84,,4.91,4.87,VMS 3,,Tanque,,1.32,,1.98,1.44,4.82,,4.90,5.54
26/08/2025 10:19 a. m.,Ordeño,06:07,9.32,2,,,,,0,,0.90,,1.44,0.90,0,,0,0,4.64,,4.78,4.51,VMS 3,,Tanque,,1.50,,1.80,1.26,2.93,,2.99,3.40
26/08/2025 09:36 p. m.,Ordeño,08:04,15.25,3,,,,,0,,0.96,,1.38,0.96,0,,0,0,4.91,,4.98,4.81,VMS 3,,Tanque,,1.44,,1.86,1.38,4.86,,4.91,5.48
27/08/2025 07:56 a. m.,Ordeño,08:11,14.38,1,,,,,0,,0.96,,1.44,0.90,0,,0,0,4.69,,4.83,4.71,VMS 3,,Tanque,,1.32,,2.04,1.38,4.51,,4.49,5.38
27/08/2025 10:39 p. m.,Ordeño,10:17,20.41,2,,,,,0,,0.96,,1.44,0.96,0,,0,0,4.93,,5.04,4.99,VMS 3,,Tanque,,1.44,,1.80,1.38,6.32,,6.64,7.45
28/08/2025 08:58 a. m.,Ordeño,08:37,13.74,1,,,,,0,,0.96,,1.38,0.84,0,,0,0,4.52,,4.74,4.49,VMS 3,,Tanque,,1.44,,1.98,1.44,4.21,,4.27,5.26
28/08/2025 07:03 p. m.,Ordeño,07:26,12.90,2,,,,,0,,0.90,,1.32,0.90,0,,0,0,4.65,,4.86,4.69,VMS 3,,Tanque,,1.32,,1.68,1.56,4.07,,4.10,4.73
29/08/2025 01:53 a. m.,Ordeño,06:05,9.42,1,,,,,0,,0.84,,1.32,0.90,0,,0,0,4.69,,4.78,4.68,VMS 3,,Tanque,,1.32,,1.62,1.32,2.95,,3.00,3.47
29/08/2025 02:36 p. m.,Ordeño,09:36,18.33,2,,,,,0,,1.02,,1.44,0.96,0,,0,0,5.01,,5.06,4.94,VMS 3,,Tanque,,1.44,,1.98,1.26,5.63,,5.89,6.81
29/08/2025 09:11 p. m.,Ordeño,05:10,8.09,3,,,,,0,,0.96,,1.32,1.02,0,,0,0,4.53,,4.72,4.54,VMS 3,,Tanque,,1.38,,1.62,1.50,2.56,,2.52,3.01
30/08/2025 08:15 a. m.,Ordeño,07:55,14.10,1,,,,,0,,0.96,,1.38,0.90,0,,0,0,4.73,,4.88,4.72,VMS 3,,Tanque,,1.44,,1.98,1.26,4.49,,4.41,5.20
30/08/2025 07:02 p. m.,Ordeño,08:05,15.17,2,,,,,0,,0.90,,1.38,0.96,0,,0,0,4.85,,4.98,4.92,VMS 3,,Tanque,,1.32,,1.68,1.32,4.69,,4.93,5.55
31/08/2025 02:16 a. m.,Ordeño,05:33,9.49,1,,,,,0,,0.90,,1.32,1.08,0,,0,0,4.65,,4.77,4.79,VMS 3,,Tanque,,1.20,,1.74,1.44,2.99,,2.99,3.51
31/08/2025 09:24 a. m.,Ordeño,05:45,9.15,2,,,,,0,,0.90,,1.38,0.96,0,,0,0,4.65,,4.82,4.74,VMS 3,,Tanque,,1.32,,1.74,1.38,2.91,,2.92,3.32
31/08/2025 09:25 p. m.,Ordeño,07:59,16.18,3,,,,,0,,0.96,,1.38,1.02,0,,0,0,4.94,,5.08,5.00,VMS 3,,Tanque,,1.38,,1.92,1.44,5.03,,5.21,5.94
01/09/2025 05:03 a. m.,Ordeño,05:10,8.80,1,,,,,0,,0.96,,1.38,1.08,0,,0,0,4.53,,4.66,4.69,VMS 3,,Tanque,,1.50,,1.74,1.50,2.69,,2.85,3.26
01/09/2025 12:56 p. m.,Ordeño,05:19,10.32,2,,,,,0,,1.02,,1.50,1.20,0,,0,0,4.73,,4.86,4.89,VMS 3,,Tanque,,1.44,,1.92,1.56,3.18,,3.30,3.84
01/09/2025 09:24 p. m.,Ordeño,06:24,9.71,3,,,,,0,,0.96,,1.26,0.90,0,,0,0,4.67,,4.53,4.63,VMS 3,,Tanque,,1.44,,1.62,1.32,3.03,,3.09,3.59
02/09/2025 08:47 a. m.,Ordeño,07:20,14.93,1,,,,,0,,0.96,,1.38,1.08,0,,0,0,4.87,,5.07,5.01,VMS 3,,Tanque,,1.38,,1.98,1.44,4.57,,4.89,5.47
02/09/2025 05:16 p. m.,Ordeño,06:02,10.81,2,,,,,0,,0.96,,1.50,1.02,0,,0,0,4.51,,4.68,4.67,VMS 3,,Tanque,,1.44,,1.86,1.38,3.40,,3.44,3.97
03/09/2025 01:31 a. m.,Ordeño,05:54,9.53,1,,,,,0,,1.02,,1.38,0.96,0,,0,0,4.54,,4.81,4.60,VMS 3,,Tanque,,1.38,,1.74,1.26,3.05,,3.01,3.47
03/09/2025 08:12 a. m.,Ordeño,05:28,8.99,2,,,,,0,,1.02,,1.44,1.02,0,,0,0,4.95,,5.08,4.85,VMS 3,,Tanque,,1.50,,1.86,1.44,2.83,,2.83,3.33
03/09/2025 11:50 p. m.,Ordeño,10:52,20.20,1,,,,,0,,0.90,,1.50,0.90,0,,0,0,4.82,,4.96,4.72,VMS 3,,Tanque,,1.38,,1.86,1.26,6.26,,6.47,7.47
04/09/2025 07:47 a. m.,Ordeño,06:48,10.73,2,,,,,0,,0.90,,1.32,0.90,0,,0,0,4.59,,4.81,4.69,VMS 3,,Tanque,,1.32,,1.74,1.38,3.31,,3.42,4.00
04/09/2025 02:34 p. m.,Ordeño,05:35,9.27,3,,,,,0,,0.90,,1.38,0.96,0,,0,0,4.84,,4.94,4.86,VMS 3,,Tanque,,1.26,,1.80,1.44,2.93,,3.00,3.34
05/09/2025 01:37 a. m.,Ordeño,08:28,15.23,1,,,,,0,,0.90,,1.44,0.96,0,,0,0,4.83,,5.00,4.73,VMS 3,,Tanque,,1.26,,1.86,1.32,4.68,,5.08,5.47
05/09/2025 08:52 a. m.,Ordeño,05:54,10.36,2,,,,,0,,0.90,,1.44,1.02,0,,0,0,4.61,,4.81,4.73,VMS 3,,Tanque,,1.32,,1.74,1.44,3.31,,3.23,3.82
05/09/2025 09:07 p. m.,Ordeño,08:28,17.16,3,,,,,0,,0.90,,1.32,1.02,0,,0,0,4.82,,4.93,4.85,VMS 3,,Tanque,,1.32,,1.80,1.38,5.35,,5.56,6.25
06/09/2025 09:05 a. m.,Ordeño,08:16,16.74,1,,,,,0,,0.96,,1.44,1.02,0,,0,0,4.73,,4.87,4.72,VMS 3,,Tanque,,1.32,,1.86,1.38,5.23,,5.36,6.15
06/09/2025 08:57 p. m.,Ordeño,07:29,16.18,2,,,,,0,,1.02,,1.50,1.14,0,,0,0,4.71,,4.97,4.72,VMS 3,,Tanque,,1.44,,1.86,1.44,5.10,,5.13,5.95
07/09/2025 08:24 a. m.,Ordeño,07:04,14.84,1,,,,,0,,0.96,,1.38,1.14,0,,0,0,4.64,,4.82,4.59,VMS 3,,Tanque,,1.32,,1.74,1.50,4.67,,4.78,5.39
07/09/2025 03:47 p. m.,Ordeño,05:04,9.08,2,,,,,0,,0.96,,1.44,1.14,0,,0,0,4.65,,4.76,4.66,VMS 3,,Tanque,,1.32,,1.86,1.74,2.84,,2.91,3.33
07/09/2025 11:57 p. m.,Ordeño,05:57,9.70,1,,,,,0,,0.84,,1.32,1.02,0,,0,0,4.47,,4.62,4.43,VMS 3,,Tanque,,1.26,,1.68,1.44,2.99,,3.08,3.63
08/09/2025 11:43 a. m.,Ordeño,07:11,15.00,2,,,,,0,,0.96,,1.38,1.14,0,,0,0,4.75,,4.86,4.85,VMS 3,,Tanque,,1.38,,1.80,1.56,4.80,,4.75,5.45
09/09/2025 12:50 a. m.,Ordeño,07:25,15.87,1,,,,,0,,1.02,,1.38,1.14,0,,0,0,4.61,,4.77,4.68,VMS 3,,Tanque,,1.38,,1.74,1.62,5.05,,5.06,5.76
09/09/2025 08:33 a. m.,Ordeño,05:31,10.00,2,,,,,0,,1.02,,1.32,1.08,0,,0,0,4.55,,4.76,4.75,VMS 3,,Tanque,,1.38,,1.86,1.44,3.23,,3.12,3.65
09/09/2025 07:58 p. m.,Ordeño,07:11,14.64,3,,,,,0,,0.90,,1.44,1.08,0,,0,0,4.75,,4.91,4.89,VMS 3,,Tanque,,1.32,,1.86,1.56,4.57,,4.71,5.36
10/09/2025 04:46 a. m.,Ordeño,06:04,10.75,1,,,,,0,,0.90,,1.38,1.08,0,,0,0,4.50,,4.72,4.60,VMS 3,,Tanque,,1.38,,1.68,1.56,3.45,,3.38,3.92
10/09/2025 01:28 p. m.,Ordeño,05:52,10.29,2,,,,,0,,1.02,,1.32,1.02,0,,0,0,4.69,,4.76,4.74,VMS 3,,Tanque,,1.50,,1.74,1.56,3.25,,3.26,3.78
10/09/2025 11:45 p. m.,Ordeño,07:33,13.53,3,,,,,0,,0.96,,1.26,0.96,0,,0,0,4.68,,4.83,4.74,VMS 3,,Tanque,,1.38,,1.68,1.44,4.28,,4.41,4.84
11/09/2025 01:50 p. m.,Ordeño,09:08,18.52,1,,,,,0,,1.02,,1.26,1.14,0,,0,0,5.04,,4.95,5.12,VMS 3,,Tanque,,1.56,,1.68,1.74,5.83,,5.91,6.78
11/09/2025 10:34 p. m.,Ordeño,06:18,12.61,2,,,,,0,,0.96,,1.26,1.08,0,,0,0,4.30,,4.83,4.70,VMS 3,,Tanque,,1.56,,1.62,1.50,4.24,,3.88,4.49
12/09/2025 07:35 a. m.,Ordeño,07:42,12.74,1,,,,,0,,0.90,,1.38,1.02,0,,0,0,4.83,,4.90,4.85,VMS 3,,Tanque,,1.32,,1.74,1.44,4.06,,4.06,4.62
12/09/2025 03:58 p. m.,Ordeño,05:57,10.64,2,,,,,0,,0.96,,1.38,1.08,0,,0,0,4.62,,4.77,4.71,VMS 3,,Tanque,,1.38,,1.80,1.50,3.36,,3.34,3.94
13/09/2025 02:41 a. m.,Ordeño,07:33,14.43,1,,,,,0,,0.96,,1.32,1.02,0,,0,0,4.69,,4.92,4.78,VMS 3,,Tanque,,1.38,,1.80,1.44,4.51,,4.59,5.33
13/09/2025 11:33 a. m.,Ordeño,06:31,12.34,2,,,,,0,,0.96,,1.32,1.08,0,,0,0,4.67,,4.81,4.74,VMS 3,,Tanque,,1.32,,1.68,1.50,3.96,,3.86,4.52
13/09/2025 09:57 p. m.,Ordeño,07:42,12.60,3,,,,,0,,0.90,,1.26,0.90,0,,0,0,4.43,,4.68,4.46,VMS 3,,Tanque,,1.32,,1.62,1.26,4.09,,3.89,4.62
14/09/2025 08:45 a. m.,Ordeño,07:44,14.88,1,,,,,0,,0.96,,1.38,0.96,0,,0,0,4.71,,4.82,4.71,VMS 3,,Tanque,,1.38,,1.80,1.38,4.75,,4.72,5.41
14/09/2025 07:15 p. m.,Ordeño,07:06,14.31,2,,,,,0,,1.02,,1.32,1.08,0,,0,0,4.75,,4.92,4.84,VMS 3,,Tanque,,1.38,,1.62,1.50,4.50,,4.58,5.23
15/09/2025 03:51 a. m.,Ordeño,06:36,11.42,1,,,,,0,,0.90,,1.32,0.96,0,,0,0,4.48,,4.73,4.60,VMS 3,,Tanque,,1.44,,1.68,1.38,3.72,,3.61,4.09
15/09/2025 04:09 p. m.,Ordeño,06:36,13.22,2,,,,,0,,0.96,,1.38,1.08,0,,0,0,4.35,,4.62,4.47,VMS 3,,Tanque,,1.38,,1.74,1.44,4.16,,4.17,4.89
16/09/2025 01:03 a. m.,Ordeño,05:37,10.32,1,,,,,0,,1.02,,1.32,1.08,0,,0,0,4.51,,4.65,4.47,VMS 3,,Tanque,,1.50,,1.74,1.62,3.33,,3.25,3.74
16/09/2025 01:20 p. m.,Ordeño,08:07,16.18,2,,,,,0,,1.02,,1.38,1.08,0,,0,0,4.87,,5.03,5.01,VMS 3,,Tanque,,1.44,,1.86,1.50,5.17,,5.16,5.85
17/09/2025 12:16 a. m.,Ordeño,07:44,14.18,1,,,,,0,,1.02,,1.32,1.02,0,,0,0,4.56,,4.84,4.62,VMS 3,,Tanque,,1.50,,1.68,1.50,4.46,,4.43,5.29
17/09/2025 07:16 a. m.,Ordeño,05:14,9.64,2,,,,,0,,1.08,,1.32,1.14,0,,0,0,4.68,,4.87,4.74,VMS 3,,Tanque,,1.50,,1.62,1.62,3.06,,3.04,3.54
17/09/2025 01:59 p. m.,Ordeño,05:08,8.68,3,,,,,0,,1.08,,1.38,1.08,0,,0,0,4.73,,4.89,4.81,VMS 3,,Tanque,,1.50,,1.80,1.56,2.80,,2.78,3.10
17/09/2025 10:25 p. m.,Ordeño,06:03,11.27,4,,,,,0,,0.90,,1.32,1.08,0,,0,0,4.66,,4.86,4.76,VMS 3,,Tanque,,1.38,,1.68,1.56,3.60,,3.55,4.12
18/09/2025 06:16 a. m.,Ordeño,05:42,10.98,1,,,,,0,,0.96,,1.38,1.14,0,,0,0,4.73,,4.94,4.95,VMS 3,,Tanque,,1.38,,1.74,1.56,3.42,,3.50,4.06
18/09/2025 07:42 p. m.,Ordeño,08:49,17.88,2,,,,,0,,1.02,,1.32,0.96,0,,0,0,4.88,,4.92,5.02,VMS 3,,Tanque,,1.50,,1.86,1.44,5.65,,5.80,6.43
19/09/2025 02:38 a. m.,Ordeño,05:49,10.28,1,,,,,0,,0.90,,1.38,1.14,0,,0,0,4.49,,4.67,4.60,VMS 3,,Tanque,,1.32,,1.80,1.62,3.24,,3.19,3.85
19/09/2025 11:56 a. m.,Ordeño,06:29,12.31,2,,,,,0,,0.90,,1.32,1.08,0,,0,0,4.88,,4.94,5.02,VMS 3,,Tanque,,1.32,,1.80,1.62,3.89,,3.92,4.50
19/09/2025 09:27 p. m.,Ordeño,06:48,13.38,3,,,,,0,,0.96,,1.38,1.08,0,,0,0,4.53,,4.81,4.68,VMS 3,,Tanque,,1.44,,1.74,1.50,4.23,,4.25,4.90
20/09/2025 08:11 a. m.,Ordeño,07:13,14.92,1,,,,,0,,0.96,,1.38,1.20,0,,0,0,4.80,,4.96,4.86,VMS 3,,Tanque,,1.38,,1.86,1.56,4.73,,4.73,5.46
20/09/2025 04:50 p. m.,Ordeño,05:54,10.37,2,,,,,0,,0.90,,1.44,1.14,0,,0,0,4.57,,4.81,4.75,VMS 3,,Tanque,,1.38,,1.86,1.50,3.23,,3.31,3.83
21/09/2025 12:12 a. m.,Ordeño,05:22,9.24,1,,,,,0,,0.90,,1.44,1.08,0,,0,0,4.55,,4.74,4.59,VMS 3,,Tanque,,1.38,,1.86,1.56,2.98,,2.92,3.34
21/09/2025 07:29 a. m.,Ordeño,05:40,10.61,2,,,,,0,,0.96,,1.50,1.14,0,,0,0,4.67,,4.87,4.79,VMS 3,,Tanque,,1.44,,1.80,1.62,3.47,,3.36,3.78
21/09/2025 03:13 p. m.,Ordeño,05:46,10.98,3,,,,,0,,0.96,,1.50,1.08,0,,0,0,4.52,,5.10,4.99,VMS 3,,Tanque,,1.38,,1.86,1.44,3.68,,3.39,3.91
22/09/2025 01:19 a. m.,Ordeño,06:56,14.67,1,,,,,0,,1.02,,1.50,1.08,0,,0,0,4.88,,4.90,4.84,VMS 3,,Tanque,,1.44,,1.98,1.50,4.64,,4.80,5.23
22/09/2025 12:51 p. m.,Ordeño,07:59,15.81,2,,,,,0,,1.02,,1.38,1.08,0,,0,0,4.85,,4.95,4.60,VMS 3,,Tanque,,1.38,,1.92,1.62,4.94,,4.99,5.88
22/09/2025 11:23 p. m.,Ordeño,07:51,14.50,3,,,,,0,,0.90,,1.38,0.96,0,,0,0,4.44,,4.60,4.46,VMS 3,,Tanque,,1.32,,1.86,1.56,4.65,,4.48,5.37
23/09/2025 09:09 a. m.,Ordeño,06:39,12.12,1,,,,,0,,1.08,,1.56,1.02,0,,0,0,4.53,,4.55,4.43,VMS 3,,Tanque,,1.50,,1.92,1.50,3.77,,3.80,4.55
23/09/2025 10:29 p. m.,Ordeño,07:52,16.60,2,,,,,0,,1.02,,1.44,1.08,0,,0,0,4.53,,4.67,4.59,VMS 3,,Tanque,,1.44,,1.80,1.50,5.19,,5.34,6.07
24/09/2025 10:42 a. m.,Ordeño,07:35,15.92,1,,,,,0,,1.02,,1.50,1.14,0,,0,0,4.71,,4.83,4.74,VMS 3,,Tanque,,1.44,,2.10,1.56,5.06,,5.02,5.84
24/09/2025 10:23 p. m.,Ordeño,07:05,13.56,2,,,,,0,,0.90,,1.44,1.02,0,,0,0,4.36,,4.47,4.30,VMS 3,,Tanque,,1.38,,1.80,1.56,4.24,,4.32,5.00
26/09/2025 01:12 a. m.,Ordeño,08:27,17.05,1,,,,,0,,0.84,,1.38,1.14,0,,0,0,4.18,,4.56,4.53,VMS 3,,Tanque,,1.26,,1.80,1.62,5.53,,5.52,6.00
27/09/2025 12:27 a. m.,Ordeño,06:30,10.67,1,,,,,0,,0.96,,1.44,0.90,0,,0,0,4.54,,4.12,3.90,VMS 3,,Tanque,,1.32,,1.74,1.44,3.28,,3.42,3.97
27/09/2025 09:10 a. m.,Ordeño,06:00,10.99,2,,,,,0,,0.90,,1.44,1.02,0,,0,0,4.43,,4.55,4.32,VMS 3,,Tanque,,1.74,,1.86,1.50,3.75,,3.42,3.82
27/09/2025 11:26 p. m.,Ordeño,08:52,19.03,3,,,,,0,,1.02,,1.44,1.02,0,,0,0,5.05,,4.92,4.93,VMS 3,,Tanque,,1.44,,1.80,1.62,5.95,,6.17,6.91
28/09/2025 11:50 a. m.,Ordeño,08:39,15.71,1,,,,,0,,1.02,,1.38,0.96,0,,0,0,4.49,,4.64,4.47,VMS 3,,Tanque,,1.44,,1.80,1.38,4.98,,4.89,5.84
28/09/2025 10:09 p. m.,Ordeño,06:12,12.24,2,,,,,0,,0.96,,1.44,1.20,0,,0,0,4.40,,4.53,4.46,VMS 3,,Tanque,,1.38,,1.98,1.62,3.84,,3.86,4.54
29/09/2025 06:47 a. m.,Ordeño,06:21,11.93,1,,,,,0,,0.96,,1.38,1.14,0,,0,0,4.60,,4.86,4.60,VMS 3,,Tanque,,1.38,,1.80,1.56,3.79,,3.75,4.39
29/09/2025 04:02 p. m.,Ordeño,06:23,11.53,2,,,,,0,,0.96,,1.50,1.02,0,,0,0,4.60,,4.91,4.74,VMS 3,,Tanque,,1.38,,1.86,1.50,3.68,,3.67,4.18
29/09/2025 10:17 p. m.,Ordeño,05:09,8.11,3,,,,,0,,0.90,,1.38,1.08,0,,0,0,4.48,,4.82,4.61,VMS 3,,Tanque,,1.38,,1.80,1.50,2.59,,2.49,3.03
30/09/2025 10:51 a. m.,Ordeño,07:50,17.96,1,,,,,0,,1.02,,1.50,1.14,0,,0,0,5.10,,5.17,5.14,VMS 3,,Tanque,,1.44,,1.92,1.56,5.68,,5.77,6.51
30/09/2025 10:38 p. m.,Ordeño,07:11,15.28,2,,,,,0,,0.96,,1.50,1.14,0,,0,0,4.45,,4.68,4.60,VMS 3,,Tanque,,1.44,,1.98,1.62,4.83,,4.86,5.59
01/10/2025 08:29 a. m.,Ordeño,06:53,14.03,1,,,,,0,,0.96,,1.56,1.20,0,,0,0,4.49,,4.69,4.64,VMS 3,,Tanque,,1.38,,2.04,1.74,4.41,,4.44,5.18
01/10/2025 04:50 p. m.,Ordeño,05:59,10.27,2,,,,,0,,0.90,,1.50,1.08,0,,0,0,4.48,,4.76,4.55,VMS 3,,Tanque,,1.26,,1.86,1.56,3.28,,3.22,3.77
02/10/2025 05:37 a. m.,Ordeño,07:58,18.13,1,,,,,0,,0.96,,1.50,1.14,0,,0,0,4.74,,4.80,4.85,VMS 3,,Tanque,,1.38,,1.92,1.68,5.60,,5.84,6.69
02/10/2025 05:52 p. m.,Ordeño,07:39,16.60,2,,,,,0,,1.02,,1.50,1.14,0,,0,0,4.46,,4.66,4.60,VMS 3,,Tanque,,1.44,,2.04,1.56,5.15,,5.35,6.10
03/10/2025 01:22 a. m.,Ordeño,05:41,8.69,1,,,,,0,,0.84,,1.32,1.08,0,,0,0,4.20,,4.46,4.33,VMS 3,,Tanque,,1.32,,1.86,1.50,2.83,,2.75,3.11
03/10/2025 12:00 p. m.,Ordeño,08:27,14.76,2,,,,,0,,0.90,,1.38,0.90,0,,0,0,4.47,,4.65,4.46,VMS 3,,Tanque,,1.38,,1.86,1.26,4.70,,4.69,5.37
03/10/2025 09:45 p. m.,Ordeño,06:55,13.07,3,,,,,0,,0.96,,1.38,1.08,0,,0,0,4.50,,4.75,4.65,VMS 3,,Tanque,,1.38,,1.74,1.38,4.13,,4.10,4.84
04/10/2025 07:37 a. m.,Ordeño,06:53,13.94,1,,,,,0,,1.02,,1.38,1.08,0,,0,0,4.69,,4.74,4.64,VMS 3,,Tanque,,1.50,,1.80,1.56,4.31,,4.52,5.11
04/10/2025 08:40 p. m.,Ordeño,08:13,18.04,2,,,,,0,,1.02,,1.50,1.14,0,,0,0,4.71,,4.86,4.72,VMS 3,,Tanque,,1.50,,1.80,1.44,5.59,,5.93,6.52
05/10/2025 06:45 a. m.,Ordeño,06:12,11.68,1,,,,,0,,0.90,,1.44,1.08,0,,0,0,4.18,,4.49,4.31,VMS 3,,Tanque,,1.32,,1.80,1.56,3.65,,3.68,4.35
05/10/2025 01:41 p. m.,Ordeño,05:02,8.81,2,,,,,0,,0.96,,1.38,1.20,0,,0,0,4.57,,4.77,4.69,VMS 3,,Tanque,,1.32,,1.74,1.56,2.80,,2.72,3.29
05/10/2025 11:54 p. m.,Ordeño,06:32,13.79,1,,,,,0,,1.08,,1.56,1.14,0,,0,0,4.76,,4.92,4.83,VMS 3,,Tanque,,1.44,,2.04,1.50,4.29,,4.42,5.08
06/10/2025 08:13 a. m.,Ordeño,06:03,11.97,2,,,,,0,,1.02,,1.50,1.14,0,,0,0,4.79,,4.93,4.97,VMS 3,,Tanque,,1.38,,1.98,1.68,3.72,,3.89,4.36
06/10/2025 10:15 p. m.,Ordeño,08:34,18.96,3,,,,,0,,1.08,,1.62,1.08,0,,0,0,4.84,,4.77,4.84,VMS 3,,Tanque,,1.44,,2.04,1.44,5.88,,6.22,6.86
07/10/2025 07:28 a. m.,Ordeño,06:28,13.27,1,,,,,0,,0.96,,1.62,1.20,0,,0,0,4.52,,4.59,4.52,VMS 3,,Tanque,,1.44,,2.28,1.62,4.16,,4.23,4.88
07/10/2025 02:44 p. m.,Ordeño,05:36,9.10,2,,,,,0,,0.90,,1.38,1.26,0,,0,0,4.45,,4.68,4.59,VMS 3,,Tanque,,1.32,,1.80,1.80,2.89,,2.90,3.31
08/10/2025 12:18 a. m.,Ordeño,06:24,13.04,1,,,,,0,,1.02,,1.50,1.20,0,,0,0,4.67,,4.68,4.72,VMS 3,,Tanque,,1.38,,1.98,1.62,4.04,,4.11,4.89
08/10/2025 09:15 a. m.,Ordeño,05:52,12.35,2,,,,,0,,1.02,,1.62,1.26,0,,0,0,4.46,,4.61,3.91,VMS 3,,Tanque,,1.44,,2.04,1.80,3.83,,3.75,4.77
08/10/2025 07:30 p. m.,Ordeño,06:30,12.41,3,,,,,0,,0.96,,1.50,1.02,0,,0,0,4.67,,4.13,4.28,VMS 3,,Tanque,,1.38,,1.92,1.56,3.93,,4.21,4.27
09/10/2025 10:43 a. m.,Ordeño,07:52,17.72,1,,,,,0,,1.02,,1.56,1.14,0,,0,0,4.64,,4.61,4.56,VMS 3,,Tanque,,1.50,,1.98,2.10,5.45,,5.83,6.44
09/10/2025 06:33 p. m.,Ordeño,05:21,8.64,2,,,,,0,,0.90,,1.62,0.84,0,,0,0,4.53,,3.63,4.39,VMS 3,,Tanque,,1.32,,2.16,1.32,2.85,,3.04,2.75
10/10/2025 05:05 a. m.,Ordeño,06:38,13.01,1,,,,,0,,0.96,,1.56,1.08,0,,0,0,4.76,,4.44,4.80,VMS 3,,Tanque,,1.32,,1.92,1.50,4.14,,4.31,4.56
10/10/2025 01:35 p. m.,Ordeño,05:39,11.37,2,,,,,0,,1.02,,1.50,1.20,0,,0,0,4.75,,4.61,5.02,VMS 3,,Tanque,,1.56,,1.98,1.62,3.54,,3.58,4.25
10/10/2025 09:48 p. m.,Ordeño,05:30,9.12,3,,,,,0,,0.96,,1.44,1.08,0,,0,0,4.51,,4.54,4.65,VMS 3,,Tanque,,1.38,,1.80,1.50,2.91,,2.88,3.33
12/10/2025 12:44 a. m.,Ordeño,12:31,24.22,1,,,,,0,,1.08,,1.38,1.38,0,,0,0,5.31,,5.01,5.14,VMS 3,,Tanque,,1.50,,1.86,1.74,7.11,,7.97,9.14
12/10/2025 08:57 a. m.,Ordeño,05:16,6.89,2,,,TD,,0,,0.90,,0.90,1.20,0,,0,0,4.15,,4.00,4.28,VMS 3,,Tanque,,1.32,,1.32,1.62,2.37,,2.53,1.99
12/10/2025 12:45 p. m.,Ordeño,04:22,2.88,3,,,"DI,TI,TD",,0,,0.54,,0.84,0.78,0,,0,0,4.14,,4.32,4.29,VMS 3,,Tanque,,0.90,,1.50,1.32,0.97,,0.92,0.99
12/10/2025 04:42 p. m.,Ordeño,06:40,3.54,4,,,,,0,,0.60,,1.08,0.78,0,,0,0,4.53,,4.66,4.62,VMS 3,,Tanque,,1.20,,1.50,1.44,1.19,,1.15,1.20
13/10/2025 10:10 a. m.,Ordeño,08:58,19.48,1,,,,,0,,1.02,,1.44,1.20,0,,0,0,5.07,,5.11,5.07,VMS 3,,Tanque,,1.50,,1.80,1.74,5.93,,6.48,7.07
13/10/2025 09:49 p. m.,Ordeño,07:11,14.73,2,,,,,0,,0.96,,1.56,1.14,0,,0,0,4.97,,4.83,4.92,VMS 3,,Tanque,,1.32,,2.22,1.56,4.58,,4.84,5.31
14/10/2025 08:28 a. m.,Ordeño,06:23,12.73,1,,,,,0,,0.96,,1.50,1.14,0,,0,0,4.92,,4.86,4.84,VMS 3,,Tanque,,1.38,,2.04,1.56,3.87,,4.03,4.83
14/10/2025 10:03 p. m.,Ordeño,07:38,16.60,2,,,,,0,,0.96,,1.44,1.08,0,,0,0,4.88,,4.93,4.84,VMS 3,,Tanque,,1.38,,1.80,1.86,5.08,,5.48,6.04
15/10/2025 07:35 a. m.,Ordeño,11:23,10.91,1,,,,,0,,0.96,,1.50,0.84,0,,0,0,4.71,,4.67,4.56,VMS 3,,Tanque,,1.44,,2.10,1.44,3.45,,3.54,3.92
15/10/2025 04:05 p. m.,Ordeño,06:17,10.40,2,,,,,0,,0.96,,1.26,0.96,0,,0,0,4.96,,5.08,4.91,VMS 3,,Tanque,,1.32,,2.04,1.56,3.12,,3.33,3.95
15/10/2025 11:15 p. m.,Ordeño,06:53,8.95,3,,,,,0,,0.90,,1.50,0.96,0,,0,0,4.82,,4.86,4.87,VMS 3,,Tanque,,1.38,,1.86,1.38,2.87,,2.84,3.24
16/10/2025 07:42 a. m.,Ordeño,06:23,10.89,1,,,,,0,,0.90,,1.50,0.96,0,,0,0,4.83,,4.86,4.87,VMS 3,,Tanque,,1.32,,1.92,1.32,3.44,,3.52,3.93
16/10/2025 03:07 p. m.,Ordeño,06:14,9.75,2,,,,,0,,0.96,,1.44,0.90,0,,0,0,5.02,,5.02,4.99,VMS 3,,Tanque,,1.38,,1.86,1.32,3.08,,3.13,3.54
16/10/2025 11:58 p. m.,Ordeño,08:01,11.98,1,,,,,0,,0.90,,1.44,0.90,0,,0,0,4.88,,4.95,4.78,VMS 3,,Tanque,,1.26,,1.86,1.32,3.70,,4.00,4.28
17/10/2025 11:35 a. m.,Ordeño,08:52,16.11,2,,,,,0,,0.96,,1.56,0.96,0,,0,0,4.99,,5.03,4.98,VMS 3,,Tanque,,1.38,,2.22,1.44,5.03,,5.31,5.77
18/10/2025 01:35 a. m.,Ordeño,10:31,18.83,1,,,,,0,,0.90,,1.50,0.90,0,,0,0,4.67,,4.90,4.71,VMS 3,,Tanque,,1.32,,1.86,1.38,5.83,,6.18,6.82
18/10/2025 11:03 a. m.,Ordeño,08:16,13.13,2,,,,,0,,0.90,,1.50,1.02,0,,0,0,4.42,,4.62,4.41,VMS 3,,Tanque,,1.32,,1.98,1.44,4.18,,4.13,4.82
18/10/2025 06:22 p. m.,Ordeño,05:46,9.25,3,,,,,0,,0.84,,1.38,1.02,0,,0,0,4.54,,4.87,4.57,VMS 3,,Tanque,,1.26,,1.74,1.38,2.97,,2.87,3.41
19/10/2025 09:04 a. m.,Ordeño,09:08,19.18,1,,,,,0,,0.96,,1.50,1.02,0,,0,0,4.71,,4.88,4.70,VMS 3,,Tanque,,1.38,,1.86,1.50,6.07,,6.27,6.84
19/10/2025 03:35 p. m.,Ordeño,04:58,8.20,2,,,,,0,,0.96,,1.50,1.08,0,,0,0,4.37,,4.66,4.45,VMS 3,,Tanque,,1.38,,1.92,1.56,2.57,,2.54,3.09
20/10/2025 01:56 a. m.,Ordeño,06:57,13.17,1,,,,,0,,0.90,,1.44,0.96,0,,0,0,4.58,,4.74,4.63,VMS 3,,Tanque,,1.38,,1.86,1.38,4.07,,4.30,4.80
20/10/2025 12:14 p. m.,Ordeño,06:38,13.44,2,,,,,0,,1.02,,1.56,1.08,0,,0,0,4.83,,4.75,4.78,VMS 3,,Tanque,,1.50,,2.16,1.56,4.20,,4.39,4.85
26/12/2024 11:54 p. m.,Echada sin ordeñar,16:16,,,,,,,,,,,,,,,,,,,,,VMS 3,,,,,,,,,,,
19/01/2025 01:32 a. m.,Echada sin ordeñar,14:03,,,,,,,,,,,,,,,,,,,,,VMS 2,,,,,,,,,,,
08/02/2025 11:57 p. m.,Rechazada,00:00,,,,,,,,,,,,,,,,,,,,,VMS 2,,,,,,,,,,,
08/03/2025 11:58 p. m.,Echada sin ordeñar,00:00,,,,,,,,,,,,,,,,,,,,,VMS 3,,,,,,,,,,,
10/04/2025 10:33 a. m.,Rechazada,00:00,,,,,,,,,,,,,,,,,,,,,VMS 3,,,,,,,,,,,
30/04/2025 09:33 a. m.,Rechazada,00:00,,,,,,,,,,,,,,,,,,,,,VMS 3,,,,,,,,,,,
12/05/2025 03:51 p. m.,Rechazada,00:00,,,,,,,,,,,,,,,,,,,,,VMS 3,,,,,,,,,,,
17/05/2025 12:06 p. m.,Rechazada,00:00,,,,,,,,,,,,,,,,,,,,,VMS 3,,,,,,,,,,,
21/05/2025 09:26 a. m.,Rechazada,00:00,,,,,,,,,,,,,,,,,,,,,VMS 3,,,,,,,,,,,
23/05/2025 02:37 a. m.,Rechazada,00:00,,,,,,,,,,,,,,,,,,,,,VMS 3,,,,,,,,,,,
14/06/2025 10:13 p. m.,Rechazada,00:00,,,,,,,,,,,,,,,,,,,,,VMS 3,,,,,,,,,,,
14/08/2025 04:11 p. m.,Rechazada,00:00,,,,,,,,,,,,,,,,,,,,,VMS 3,,,,,,,,,,,
16/08/2025 04:35 p. m.,Rechazada,00:00,,,,,,,,,,,,,,,,,,,,,VMS 3,,,,,,,,,,,
30/08/2025 01:13 a. m.,Rechazada,00:00,,,,,,,,,,,,,,,,,,,,,VMS 3,,,,,,,,,,,
12/09/2025 07:29 a. m.,Echada sin ordeñar,06:26,,,,,,,,,,,,,,,,,,,,,VMS 3,,,,,,,,,,,
16/09/2025 12:58 a. m.,Echada sin ordeñar,05:29,,,,,,,,,,,,,,,,,,,,,VMS 3,,,,,,,,,,,
18/09/2025 10:46 a. m.,Rechazada,00:00,,,,,,,,,,,,,,,,,,,,,VMS 3,,,,,,,,,,,
20/09/2025 04:44 p. m.,Echada sin ordeñar,05:44,,,,,,,,,,,,,,,,,,,,,VMS 3,,,,,,,,,,,
28/09/2025 04:58 p. m.,Rechazada,00:00,,,,,,,,,,,,,,,,,,,,,VMS 3,,,,,,,,,,,
07/10/2025 10:30 a. m.,Rechazada,00:00,,,,,,,,,,,,,,,,,,,,,VMS 3,,,,,,,,,,,
11/10/2025 01:57 p. m.,Echada sin ordeñar,17:05,,,,,,,,,,,,,,,,,,,,,VMS 3,,,,,,,,,,,
