Main,,,,Estado,,,,,Estado AMD,,Media de los flujos (kg/min),,,,Sangre (ppm),,,,Conductividad (mS / cm),,,,Misc,,,,Flujos máximos (kg/min),,,,Producciones (kg),,,
Hora de inicio,Acción,Duración (mm:ss),Producción (kg),Número de ordeño,RCS (* 1000 células / ml),Patada,Incompleto,Pezones no encontrados,Ubre,Pezón,DI,DD,TI,TD,DI,DD,TI,TD,DI,DD,TI,TD,EO/PO,Usuario,Destino Leche,Razón de la desviación,DI,DD,TI,TD,DI,DD,TI,TD
14/12/2024 08:14 a. m.,Ordeño,05:22,6.08,1,,,,,1,,1.26,0.96,1.02,0.90,2063,0,0,0,4.80,4.57,4.30,4.22,VMS 3,,Divert 3,,2.28,1.68,1.80,2.04,1.92,1.45,1.47,1.24
20/12/2024 07:50 p. m.,Ordeño,05:14,14.08,2,,,,,1,,1.68,1.68,1.32,1.38,375,0,0,0,4.65,4.72,4.65,4.54,VMS 3,,Tanque,,2.22,2.16,1.74,1.92,3.83,3.55,3.06,3.64
30/12/2024 11:21 p. m.,Ordeño,07:21,15.10,2,,,,,1,"DI,DD",1.74,1.50,1.08,1.44,0,0,0,0,4.48,4.39,3.60,3.85,VMS 3,,Tanque,,2.28,2.10,1.74,1.98,3.93,3.75,3.70,3.72
31/12/2024 07:00 p. m.,Ordeño,05:38,15.36,1,,,,,1,,1.86,1.56,1.26,1.38,0,0,0,0,4.39,4.36,4.26,4.00,VMS 3,,Tanque,,2.46,2.28,1.74,1.98,4.11,3.96,3.43,3.86
22/07/2025 03:16 p. m.,Ordeño,06:04,23.47,1,,,,,1,DI,2.22,2.46,1.56,1.80,0,0,0,0,4.76,4.20,4.26,4.06,VMS 2,,Tanque,,2.82,3.06,2.04,2.28,5.56,6.15,5.59,6.17
25/07/2025 10:24 a. m.,Ordeño,07:47,25.38,1,,TI,,,1,,2.04,2.34,1.62,1.86,0,0,0,0,4.29,3.99,4.42,4.04,VMS 2,,Tanque,,2.58,2.82,2.10,3.18,5.16,6.19,6.83,7.20
09/10/2025 01:26 p. m.,Ordeño,05:45,21.05,1,,TI,,,1,,2.46,2.28,1.98,1.98,0,0,0,0,3.82,4.29,4.29,2.88,VMS 3,,Tanque,,3.24,3.00,2.64,3.24,5.66,3.64,5.33,6.42
13/12/2024 07:25 p. m.,Ordeño,08:59,6.12,1,,,,,0,DI,0.60,0.54,0.60,0.48,3350,484,1095,0,5.12,4.35,3.99,3.97,VMS 3,,Divert 3,,1.86,1.20,1.56,1.20,1.67,1.48,1.51,1.46
14/12/2024 03:14 p. m.,Ordeño,04:41,4.86,2,,,,,0,,1.32,1.26,1.02,1.20,1245,0,0,0,4.98,4.82,4.55,4.67,VMS 3,,Divert 3,,2.40,2.22,1.74,1.98,1.40,1.29,0.92,1.25
14/12/2024 11:45 p. m.,Ordeño,05:24,5.78,3,,,,,0,,1.50,1.38,0.96,1.20,849,0,0,0,4.76,4.86,4.63,4.51,VMS 3,,Divert 3,,2.40,2.28,1.68,2.34,1.53,1.70,0.95,1.60
15/12/2024 10:50 a. m.,Ordeño,05:46,8.87,1,,,,,0,,1.86,1.62,1.26,1.38,866,0,0,0,4.81,4.60,4.57,4.44,VMS 3,,Divert 3,,2.88,2.58,1.80,2.22,2.76,2.55,1.67,1.89
15/12/2024 09:10 p. m.,Ordeño,04:34,9.34,2,,,,,0,,1.80,1.74,1.32,1.50,968,0,0,0,4.58,4.70,4.63,4.19,VMS 3,,Divert 3,,2.76,2.52,1.98,2.40,2.49,2.58,1.91,2.36
16/12/2024 12:28 p. m.,Ordeño,05:05,12.54,1,,,,,0,,1.86,1.86,1.44,1.50,853,0,0,0,4.57,4.62,4.62,4.48,VMS 3,,Tanque,,2.88,2.94,1.92,2.16,3.50,3.59,2.43,3.02
16/12/2024 09:17 p. m.,Ordeño,04:28,8.26,2,,,,,0,,1.74,1.62,1.26,1.38,1034,0,0,0,4.77,4.82,4.77,4.61,VMS 3,,Tanque,,2.46,2.34,1.68,1.98,2.05,2.34,1.96,1.91
17/12/2024 12:07 p. m.,Ordeño,06:03,12.57,1,,,,,0,,1.92,1.74,1.38,1.32,725,0,0,0,4.51,4.41,4.39,4.24,VMS 3,,Tanque,,2.58,2.52,1.92,1.92,3.34,3.62,2.61,3.00
17/12/2024 11:51 p. m.,Ordeño,06:41,11.48,2,,TD,,,0,,1.80,1.56,1.32,1.50,518,0,0,0,4.62,4.47,4.35,4.32,VMS 3,,Tanque,,2.46,2.16,1.92,1.98,3.45,3.30,2.34,2.39
18/12/2024 04:32 p. m.,Ordeño,07:38,15.07,1,,DI,,,0,,2.04,1.68,1.38,1.50,379,0,0,0,4.67,4.46,4.70,4.46,VMS 3,,Tanque,,2.52,2.40,1.92,2.16,3.54,4.45,3.14,3.94
19/12/2024 01:44 a. m.,Ordeño,04:47,8.54,1,,TI,TI,TI,0,,1.68,1.56,0.90,1.14,1481,0,0,0,4.41,4.40,3.02,2.84,VMS 3,,Tanque,,2.16,2.04,1.56,1.92,3.11,2.62,0.19,2.62
19/12/2024 07:45 a. m.,Ordeño,04:52,8.03,2,,,,,0,,1.68,1.56,1.26,1.14,472,0,0,0,4.34,4.41,4.49,3.98,VMS 3,,Tanque,,2.40,2.22,1.62,1.74,1.66,1.93,2.94,1.50
20/12/2024 03:31 a. m.,Ordeño,07:15,18.11,1,,,,,0,,1.92,1.62,1.44,1.44,0,0,0,0,4.79,4.80,4.72,3.98,VMS 3,,Tanque,,2.46,2.52,1.86,1.98,4.61,5.02,3.77,4.71
21/12/2024 02:12 a. m.,Ordeño,03:48,5.73,1,,,,,0,,1.32,1.44,1.02,1.38,469,0,0,0,4.34,4.43,4.37,3.55,VMS 3,,Tanque,,1.86,2.10,1.56,1.92,1.35,1.60,1.19,1.59
21/12/2024 10:57 p. m.,Ordeño,06:12,13.38,2,,,,,0,,1.74,1.74,1.44,1.20,0,0,0,0,4.46,4.55,4.23,4.05,VMS 3,,Tanque,,2.52,2.52,2.16,1.92,3.37,3.88,3.07,3.06
23/12/2024 01:03 a. m.,Ordeño,05:29,15.51,1,,,,,0,,1.92,1.68,1.38,1.56,880,0,0,0,4.99,4.83,5.00,4.08,VMS 3,,Tanque,,2.52,2.22,1.92,2.10,4.28,4.09,3.57,3.57
23/12/2024 12:33 p. m.,Ordeño,03:45,7.98,2,,,,,0,,1.68,1.44,1.26,1.32,958,0,0,0,4.12,4.13,4.12,3.24,VMS 3,,Tanque,,2.28,2.10,1.62,1.86,2.06,1.94,1.77,2.21
24/12/2024 02:35 a. m.,Ordeño,05:04,11.99,1,,TD,,,0,,1.62,1.38,1.26,1.38,0,0,0,0,4.46,4.37,4.36,3.89,VMS 3,,Tanque,,2.22,1.92,1.62,1.98,3.21,3.33,2.59,2.86
24/12/2024 10:52 p. m.,Ordeño,06:28,18.48,2,,,,,0,,1.56,1.38,1.26,1.38,0,0,0,0,4.78,4.60,4.51,4.00,VMS 3,,Tanque,,2.10,1.98,1.68,1.98,4.98,4.74,4.00,4.76
26/12/2024 05:00 a. m.,Ordeño,09:37,19.07,1,,,,,0,,1.56,1.50,1.32,1.32,461,0,0,0,5.02,4.65,4.69,4.66,VMS 3,,Tanque,,2.28,2.10,1.74,1.86,5.49,5.28,3.98,4.32
27/12/2024 07:16 a. m.,Ordeño,06:04,17.62,1,,,,,0,,1.74,1.50,1.26,1.44,0,0,0,0,4.54,4.47,4.44,3.90,VMS 3,,Tanque,,2.46,1.92,1.80,2.04,4.94,4.26,3.94,4.48
28/12/2024 01:54 p. m.,Ordeño,06:15,19.20,1,,DI,,,0,,1.80,1.74,1.32,1.50,0,0,0,0,3.11,4.24,4.40,4.08,VMS 3,,Tanque,,2.34,2.34,1.80,2.22,4.86,4.97,4.35,5.02
29/12/2024 03:14 a. m.,Ordeño,08:45,10.88,1,,,,,0,,0.90,1.38,1.14,1.20,0,0,0,0,1.88,4.02,3.89,3.13,VMS 3,,Tanque,,1.98,1.98,1.62,1.80,3.96,2.27,2.18,2.47
30/12/2024 03:01 a. m.,Ordeño,05:51,17.58,1,,,,,0,,1.68,1.62,1.32,1.38,0,0,0,0,4.66,4.52,4.49,3.68,VMS 3,,Tanque,,2.16,2.16,1.74,1.98,4.25,4.55,4.02,4.76
01/01/2025 05:25 a. m.,Ordeño,06:06,9.67,1,,,,,0,DI,1.56,1.56,1.26,1.44,0,0,0,0,4.44,4.33,4.25,3.32,VMS 3,,Tanque,,2.52,2.04,1.80,2.10,2.34,2.51,2.08,2.74
02/01/2025 02:52 a. m.,Ordeño,06:10,19.38,1,,,,,0,,1.68,1.68,1.38,1.38,0,0,0,0,4.49,4.36,4.34,3.83,VMS 3,,Tanque,,2.40,2.58,1.92,1.92,4.98,5.14,4.38,4.88
02/01/2025 10:55 a. m.,Ordeño,03:50,7.36,2,,,,,0,,1.50,1.50,1.20,1.26,0,0,0,0,4.35,4.22,4.28,3.43,VMS 3,,Tanque,,2.10,2.10,1.62,1.92,2.00,1.68,1.86,1.82
03/01/2025 02:08 a. m.,Ordeño,05:26,13.32,1,,,,,0,,1.32,1.32,1.08,1.32,0,0,0,0,4.49,4.48,4.33,3.98,VMS 3,,Tanque,,1.68,1.80,1.68,1.98,3.20,3.52,3.20,3.40
03/01/2025 09:37 p. m.,Ordeño,06:05,19.07,2,,,,,0,,1.92,1.80,1.38,1.32,0,0,0,0,4.56,4.42,4.39,4.11,VMS 3,,Tanque,,2.52,2.46,1.86,1.92,5.13,4.97,4.26,4.71
04/01/2025 08:42 a. m.,Ordeño,04:45,11.12,1,,,,,0,,1.62,1.56,1.32,1.38,0,0,0,0,4.32,4.20,4.22,3.61,VMS 3,,Tanque,,2.34,1.92,1.74,1.98,3.08,2.82,2.46,2.76
04/01/2025 06:13 p. m.,Ordeño,04:38,10.39,2,,,,,0,,1.56,1.50,1.26,1.32,0,0,0,0,4.35,4.37,4.36,3.67,VMS 3,,Tanque,,2.16,1.98,1.62,2.16,2.89,2.65,2.18,2.67
04/01/2025 11:16 p. m.,Ordeño,03:48,5.34,3,,,,,0,,1.44,1.20,1.14,1.14,0,0,0,0,4.07,4.09,4.10,3.22,VMS 3,,Tanque,,2.04,1.56,1.50,1.62,1.45,1.36,1.05,1.48
05/01/2025 08:28 a. m.,Ordeño,05:00,10.01,1,,,,,0,DI,1.56,1.38,1.26,1.20,0,0,0,0,4.49,4.36,4.34,3.42,VMS 3,,Tanque,,2.28,1.86,1.62,1.80,2.77,2.58,2.02,2.64
05/01/2025 07:26 p. m.,Ordeño,04:59,12.83,2,,,,,0,,1.68,1.50,1.26,1.38,0,0,0,0,4.69,4.54,4.48,3.98,VMS 3,,Tanque,,2.34,2.04,1.80,1.98,3.51,3.36,2.74,3.22
06/01/2025 07:49 a. m.,Ordeño,08:02,11.16,1,,,DI,DI,0,,0.00,1.44,1.32,1.02,0,0,0,0,0.00,4.49,4.33,2.35,VMS 3,,Tanque,,0.00,1.98,1.74,1.68,0.00,3.83,3.32,4.01
06/01/2025 09:17 p. m.,Ordeño,05:48,17.20,2,,,,,0,DI,1.74,1.68,1.32,1.32,0,0,0,0,5.11,4.39,4.37,4.15,VMS 3,,Tanque,,2.34,2.22,1.80,1.92,4.64,4.27,3.90,4.39
07/01/2025 08:51 a. m.,Ordeño,05:56,12.82,1,,,,,0,DI,1.50,0.96,1.20,1.26,0,0,0,0,4.41,3.81,3.77,3.29,VMS 3,,Tanque,,2.04,1.98,1.74,1.92,2.61,2.62,3.58,4.01
07/01/2025 03:43 p. m.,Ordeño,09:27,6.27,2,,TI,TI,,0,,1.08,1.38,1.14,1.14,0,0,0,0,4.52,4.34,3.82,3.03,VMS 2,,Tanque,,1.92,2.04,2.04,2.10,1.16,2.09,0.50,2.52
08/01/2025 02:18 a. m.,Ordeño,06:11,14.95,1,,TI,,,0,"DI,DD,TI",1.62,1.44,1.20,1.26,0,0,0,0,4.66,4.55,4.54,3.33,VMS 2,,Tanque,,2.16,1.86,1.62,1.80,3.35,3.59,4.08,3.93
08/01/2025 01:22 p. m.,Ordeño,05:41,14.95,2,,,,,0,DI,1.68,2.04,1.20,1.26,0,0,0,0,4.50,4.08,4.24,3.39,VMS 2,,Tanque,,2.10,2.70,1.68,1.80,3.46,3.93,3.47,4.09
08/01/2025 07:56 p. m.,Ordeño,04:38,8.24,3,,,,,0,,1.38,1.50,1.08,1.02,0,0,0,0,4.37,4.27,4.13,3.85,VMS 2,,Tanque,,1.92,2.10,1.44,1.56,1.98,2.22,2.04,2.00
09/01/2025 06:46 p. m.,Ordeño,06:39,20.76,1,,,,,0,,1.86,1.86,1.26,1.26,0,0,0,0,5.14,5.17,4.77,4.69,VMS 2,,Tanque,,2.34,2.52,1.80,1.74,5.20,5.60,4.81,5.15
10/01/2025 05:02 a. m.,Ordeño,10:53,8.24,1,,,TD,TD,0,,1.38,1.50,0.24,1.14,0,0,0,0,4.27,4.22,1.94,3.14,VMS 2,,Tanque,,1.98,1.92,0.60,1.92,2.60,2.67,2.82,0.15
10/01/2025 06:19 p. m.,Ordeño,05:46,8.94,2,,TD,"DI,TD",DI,0,,0.00,1.68,1.38,1.26,0,0,0,0,0.00,4.43,4.10,2.68,VMS 2,,Tanque,,0.00,2.40,1.92,1.80,0.00,3.97,4.44,0.53
11/01/2025 12:24 a. m.,Ordeño,05:28,12.14,1,,,,,0,,1.62,1.44,1.14,1.44,0,0,0,0,4.41,4.10,3.91,4.13,VMS 2,,Tanque,,2.10,1.92,1.56,2.04,4.65,1.86,1.66,3.97
12/01/2025 12:33 a. m.,Ordeño,06:54,21.46,1,,,,,0,,1.62,1.80,1.20,1.32,0,0,0,0,4.71,4.59,4.60,4.26,VMS 2,,Tanque,,2.16,2.64,1.62,1.98,5.51,5.79,4.92,5.24
12/01/2025 11:53 p. m.,Ordeño,06:06,20.46,2,,TI,,,0,,1.74,1.68,1.32,1.32,0,0,0,0,4.56,4.30,4.36,3.92,VMS 2,,Tanque,,2.28,2.28,1.68,1.86,5.12,5.24,4.85,5.25
13/01/2025 12:15 p. m.,Ordeño,07:33,12.87,1,,,,,0,,1.74,1.50,1.26,1.32,0,0,0,0,4.39,4.20,4.07,4.08,VMS 2,,Tanque,,2.22,1.98,1.80,1.80,3.15,3.25,3.13,3.34
13/01/2025 07:33 p. m.,Ordeño,06:31,4.51,2,,,"DI,TI","DI,TI",0,,0.00,1.44,0.00,1.14,0,0,0,0,0.00,4.35,0.00,3.77,VMS 2,,Tanque,,0.00,1.86,0.00,1.74,0.00,2.26,0.00,2.25
14/01/2025 06:43 a. m.,Ordeño,05:59,15.63,1,,,,,0,,1.80,2.04,1.32,1.32,0,0,0,0,4.59,4.28,4.33,4.09,VMS 2,,Tanque,,2.40,2.76,1.74,2.04,4.41,3.62,4.33,3.27
14/01/2025 03:53 p. m.,Ordeño,06:20,11.66,2,,TD,,,0,,1.62,1.80,1.20,1.26,0,0,0,0,4.52,4.45,4.48,4.37,VMS 2,,Tanque,,2.04,2.46,1.56,1.92,2.97,3.13,2.78,2.78
15/01/2025 05:14 a. m.,Ordeño,06:47,16.15,1,,"DI,TI",,,0,,1.80,1.68,1.20,1.32,0,0,0,0,4.78,4.80,4.57,4.42,VMS 2,,Tanque,,2.82,2.22,1.92,1.92,3.64,4.50,3.87,4.14
15/01/2025 04:42 p. m.,Ordeño,05:21,15.11,2,,,,,0,,1.68,1.86,1.32,1.26,0,0,0,0,4.51,4.27,4.35,3.96,VMS 2,,Tanque,,2.34,2.64,1.80,1.92,3.83,4.09,3.39,3.80
16/01/2025 01:20 a. m.,Ordeño,05:39,11.91,1,,,,,0,,1.50,1.56,1.26,1.14,0,0,0,0,4.52,4.59,4.50,4.15,VMS 2,,Tanque,,1.86,1.98,1.86,1.68,2.89,3.21,2.83,2.98
16/01/2025 07:33 a. m.,Ordeño,05:23,9.22,2,,,,,0,,1.50,1.56,1.14,1.26,0,0,0,0,4.66,4.45,4.51,4.20,VMS 2,,Tanque,,1.98,2.04,1.62,2.04,2.25,2.45,2.11,2.41
16/01/2025 06:37 p. m.,Ordeño,08:00,3.76,3,,,"DI,DD,TI","DI,DD,TI",0,,0.00,0.00,0.00,1.50,0,0,0,0,0.00,0.00,0.00,4.68,VMS 2,,Tanque,,0.00,0.00,0.00,2.10,0.00,0.00,0.00,3.76
17/01/2025 03:27 a. m.,Ordeño,07:05,17.00,1,,,,,0,,1.74,1.92,1.38,1.26,0,0,0,0,4.39,4.02,4.12,4.36,VMS 2,,Tanque,,2.22,2.52,2.04,2.70,4.34,4.04,4.65,3.97
17/01/2025 03:52 p. m.,Ordeño,06:31,16.15,2,,,,,0,,1.68,1.68,1.32,1.26,0,0,0,0,4.32,4.14,4.23,4.05,VMS 2,,Tanque,,2.22,2.28,1.80,1.80,4.25,4.10,3.76,4.04
18/01/2025 04:50 a. m.,Ordeño,12:46,8.28,1,,,"DI,TI","DI,TI",0,,0.00,1.56,0.00,1.26,0,0,0,0,0.00,4.22,0.00,4.07,VMS 2,,Tanque,,0.00,2.10,0.00,1.80,0.00,4.41,0.00,3.87
18/01/2025 04:46 p. m.,Ordeño,06:39,19.02,2,,TD,,,0,,1.62,1.74,1.26,1.38,0,0,0,0,4.30,4.20,4.17,4.15,VMS 2,,Tanque,,2.04,2.40,1.74,1.98,5.25,4.45,4.96,4.36
19/01/2025 07:04 a. m.,Ordeño,07:03,16.64,1,,TD,,,0,,1.50,1.62,1.20,1.38,0,0,0,0,4.26,4.26,4.23,4.21,VMS 2,,Tanque,,1.86,2.04,1.74,1.92,4.40,4.68,4.23,3.33
19/01/2025 05:40 p. m.,Ordeño,05:29,15.91,2,,TD,,,0,,1.74,1.86,1.32,1.44,0,0,0,0,4.25,4.05,4.18,4.01,VMS 2,,Tanque,,2.22,2.46,1.80,1.98,3.62,4.12,3.50,4.67
20/01/2025 08:34 a. m.,Ordeño,06:15,18.47,1,,,,,0,,1.62,1.68,1.20,1.26,0,0,0,0,4.38,4.27,4.23,3.94,VMS 2,,Tanque,,2.34,2.28,1.68,1.98,4.68,5.04,4.25,4.50
20/01/2025 09:50 p. m.,Ordeño,08:07,18.20,2,,,,,0,,1.74,1.74,1.26,1.20,0,0,0,0,4.23,4.13,4.19,3.74,VMS 2,,Tanque,,2.52,2.40,2.10,1.68,4.56,4.96,4.34,4.34
21/01/2025 01:57 p. m.,Ordeño,06:17,19.59,1,,,,,0,,1.74,1.98,1.32,1.44,0,0,0,0,4.22,4.08,4.17,4.07,VMS 2,,Tanque,,2.28,2.58,1.98,2.10,4.94,5.18,4.65,4.82
21/01/2025 10:36 p. m.,Ordeño,06:07,10.98,2,,,,,0,,1.62,1.56,1.26,1.26,0,0,0,0,3.92,3.80,2.95,3.64,VMS 2,,Tanque,,2.10,1.98,1.56,1.74,2.80,2.92,2.71,2.55
22/01/2025 08:03 a. m.,Ordeño,06:21,11.69,1,,,,,0,,1.50,1.56,1.08,1.14,0,0,0,0,4.03,4.01,3.91,3.80,VMS 2,,Tanque,,1.86,2.22,1.44,1.50,2.86,3.11,2.83,2.89
22/01/2025 02:18 p. m.,Ordeño,05:53,8.43,2,,TI,,,0,,1.62,1.68,1.08,1.32,0,0,0,0,4.17,4.08,4.15,3.47,VMS 2,,Tanque,,2.22,2.58,1.86,2.04,2.20,2.42,1.30,2.51
23/01/2025 02:20 a. m.,Ordeño,08:38,17.46,1,,,,,0,,1.74,2.04,1.32,1.32,0,0,0,0,4.32,3.94,4.11,3.92,VMS 2,,Tanque,,2.22,2.58,1.86,1.86,4.07,4.30,4.57,4.52
23/01/2025 10:34 a. m.,Ordeño,04:55,12.04,2,,,,,0,,1.62,1.92,1.26,1.38,0,0,0,0,4.06,3.74,3.94,3.67,VMS 2,,Tanque,,2.16,2.52,1.68,1.92,2.81,3.08,2.92,3.23
23/01/2025 07:51 p. m.,Ordeño,05:53,12.85,3,,,,,0,,1.80,1.86,1.38,1.50,0,0,0,0,4.27,4.08,4.09,4.03,VMS 2,,Tanque,,2.40,2.40,1.80,1.98,3.07,3.40,2.98,3.40
24/01/2025 05:30 a. m.,Ordeño,05:15,13.64,1,,TD,,,0,,1.62,1.62,1.26,1.38,0,0,0,0,4.21,4.24,4.08,3.69,VMS 2,,Tanque,,2.10,2.16,1.62,1.80,3.29,3.44,3.13,3.78
24/01/2025 02:25 p. m.,Ordeño,04:55,10.38,2,,,,,0,,1.62,1.68,1.08,1.14,0,0,0,0,4.02,3.96,4.00,3.50,VMS 2,,Tanque,,2.04,2.10,1.44,1.74,2.47,2.59,2.44,2.88
24/01/2025 11:34 p. m.,Ordeño,09:47,8.43,3,,,TD,TD,0,,1.56,1.56,1.20,0.18,0,0,0,0,4.24,4.28,3.98,1.81,VMS 2,,Tanque,,1.92,2.04,1.62,0.48,2.63,2.73,2.97,0.10
25/01/2025 06:48 a. m.,Ordeño,05:38,12.45,1,,,,,0,,1.62,1.62,1.26,1.14,0,0,0,0,4.40,4.40,4.30,4.06,VMS 2,,Tanque,,2.10,2.04,1.62,1.62,2.71,2.78,4.41,2.55
25/01/2025 06:19 p. m.,Ordeño,06:29,16.54,2,,,,,0,,1.80,1.92,1.44,1.32,0,0,0,0,4.59,4.26,4.04,4.40,VMS 2,,Tanque,,2.28,2.64,1.86,1.80,4.06,4.34,4.09,4.05
26/01/2025 12:47 a. m.,Ordeño,05:41,9.04,1,,DI,,,0,DI,1.32,1.80,1.26,1.26,0,0,0,0,4.38,4.03,3.89,3.31,VMS 2,,Tanque,,1.74,2.28,1.68,1.68,2.01,2.40,2.18,2.45
26/01/2025 12:53 p. m.,Ordeño,07:39,11.82,2,,,DD,DD,0,,1.68,0.00,1.32,1.32,0,0,0,0,4.51,0.00,4.23,4.10,VMS 2,,Tanque,,2.16,0.00,1.80,1.68,4.09,0.00,3.85,3.88
27/01/2025 01:43 a. m.,Ordeño,07:48,4.90,1,,,"DI,DD,TI","DI,DD,TI",0,,0.00,0.00,0.00,1.32,0,0,0,0,0.00,0.00,0.00,3.89,VMS 2,,Tanque,,0.00,0.00,0.00,1.98,0.00,0.00,0.00,4.90
27/01/2025 10:04 a. m.,Ordeño,06:20,18.29,2,,,,,0,,1.98,1.80,1.26,1.38,0,0,0,0,4.42,4.58,4.24,3.84,VMS 2,,Tanque,,2.46,2.28,1.68,1.98,4.93,4.65,4.65,4.06
27/01/2025 10:32 p. m.,Ordeño,07:17,17.69,3,,,,,0,,1.74,1.98,1.38,1.26,0,0,0,0,4.42,4.18,4.12,4.43,VMS 2,,Tanque,,2.28,2.58,1.86,2.22,4.43,3.75,4.60,4.91
28/01/2025 08:19 a. m.,Ordeño,06:09,15.06,1,,,,,0,,1.56,1.68,1.26,1.26,0,0,0,0,4.34,4.42,4.12,4.00,VMS 2,,Tanque,,1.98,2.28,1.74,1.92,3.72,3.58,3.64,4.12
28/01/2025 04:14 p. m.,Ordeño,05:32,13.22,2,,,,,0,,1.80,1.62,1.20,1.50,0,0,0,0,4.43,4.55,4.20,4.04,VMS 2,,Tanque,,2.40,2.16,1.62,2.04,3.26,3.06,3.12,3.78
28/01/2025 11:21 p. m.,Ordeño,05:40,7.75,3,,TD,DD,DD,0,,1.86,0.00,1.14,1.26,0,0,0,0,4.55,0.00,4.34,3.91,VMS 2,,Tanque,,2.34,0.00,1.44,1.68,3.08,0.00,2.76,1.91
29/01/2025 08:40 a. m.,Ordeño,06:08,16.06,1,,,,,0,,1.80,1.86,1.32,1.44,0,0,0,0,4.55,4.63,4.40,4.52,VMS 2,,Tanque,,2.34,2.40,1.68,1.98,3.53,4.71,3.29,4.53
29/01/2025 05:23 p. m.,Ordeño,05:10,14.11,2,,,,,0,,1.92,1.92,1.44,1.44,0,0,0,0,4.63,4.36,4.51,4.31,VMS 2,,Tanque,,2.52,2.64,1.80,2.10,3.57,3.47,3.51,3.56
30/01/2025 05:20 a. m.,Ordeño,06:28,16.48,1,,,,,0,,1.80,1.62,1.38,1.26,0,0,0,0,4.42,4.30,4.19,4.04,VMS 2,,Tanque,,2.34,2.10,1.92,1.68,4.34,3.92,4.27,3.95
30/01/2025 05:12 p. m.,Ordeño,05:29,17.45,2,,,,,0,,1.92,1.86,1.38,1.50,0,0,0,0,4.58,4.29,4.35,4.13,VMS 2,,Tanque,,2.52,2.52,1.80,2.10,4.13,4.58,4.06,4.68
31/01/2025 12:14 a. m.,Ordeño,04:49,13.45,1,,,,,0,,1.74,1.98,1.38,1.56,0,0,0,0,4.57,4.29,4.09,4.13,VMS 2,,Tanque,,2.10,2.58,1.80,1.98,3.23,3.35,3.21,3.66
31/01/2025 04:54 a. m.,Ordeño,05:36,8.24,2,,,,,0,,1.44,1.74,1.14,1.08,0,0,0,0,4.31,3.95,4.09,4.19,VMS 2,,Tanque,,1.80,2.28,1.74,1.74,1.98,2.10,2.02,2.14
31/01/2025 01:09 p. m.,Ordeño,06:01,13.15,3,,,,,0,,1.68,1.62,1.20,1.50,0,0,0,0,4.43,4.15,4.17,4.06,VMS 2,,Tanque,,2.22,2.10,1.68,1.92,3.19,3.30,3.20,3.46
31/01/2025 06:26 p. m.,Ordeño,04:46,8.72,4,,,,,0,,1.56,1.74,1.14,1.26,0,0,0,0,4.42,4.28,4.37,4.01,VMS 2,,Tanque,,1.98,2.28,1.50,1.68,2.26,2.22,2.02,2.22
01/02/2025 05:39 a. m.,Ordeño,07:22,18.77,1,,,,,0,,1.62,1.62,1.20,1.32,0,0,0,0,4.14,3.09,4.00,3.18,VMS 2,,Tanque,,2.10,2.28,1.62,1.98,4.19,5.02,4.14,5.42
01/02/2025 04:56 p. m.,Ordeño,06:15,17.09,2,,,,,0,,1.68,1.80,1.32,1.32,0,0,0,0,4.28,4.16,4.16,4.16,VMS 2,,Tanque,,2.40,2.46,1.86,1.80,4.33,4.32,4.18,4.26
02/02/2025 03:10 a. m.,Ordeño,05:48,16.06,1,,,,,0,,1.50,1.68,1.26,1.44,0,0,0,0,4.04,4.02,3.86,3.95,VMS 2,,Tanque,,2.10,2.16,1.74,2.04,4.00,3.97,3.95,4.14
02/02/2025 03:48 p. m.,Ordeño,07:21,18.15,2,,,,,0,,1.80,1.74,1.26,1.32,0,0,0,0,4.28,4.01,4.08,4.04,VMS 2,,Tanque,,2.22,2.40,1.62,1.80,4.41,4.84,4.19,4.71
03/02/2025 05:05 a. m.,Ordeño,06:58,14.15,1,,DI,TI,TI,0,,1.32,1.68,0.00,1.32,0,0,0,0,4.15,4.02,0.00,4.10,VMS 2,,Tanque,,1.92,2.58,0.00,1.74,4.69,4.78,0.00,4.68
03/02/2025 07:01 p. m.,Ordeño,07:38,20.66,2,,,,,0,,1.80,1.74,1.38,1.56,0,0,0,0,4.23,3.96,3.94,3.88,VMS 2,,Tanque,,2.46,2.28,1.80,2.10,5.15,5.17,5.14,5.20
04/02/2025 01:17 a. m.,Ordeño,04:38,9.37,1,,,,,0,,1.38,1.74,1.02,1.44,0,0,0,0,3.89,3.83,3.94,3.82,VMS 2,,Tanque,,1.80,2.16,1.32,1.86,2.48,2.39,1.78,2.72
04/02/2025 09:27 a. m.,Ordeño,06:04,11.88,2,,TD,,,0,,1.38,1.62,1.02,1.26,0,0,0,0,4.05,4.17,3.90,3.89,VMS 2,,Tanque,,1.80,1.98,1.74,1.80,3.14,3.13,2.81,2.80
04/02/2025 06:51 p. m.,Ordeño,06:09,15.36,3,,,,,0,,1.62,1.68,1.32,1.38,0,0,0,0,4.46,4.22,4.31,4.10,VMS 2,,Tanque,,2.04,2.28,1.86,1.86,3.88,3.95,3.42,4.11
05/02/2025 07:51 a. m.,Ordeño,06:46,16.20,1,,TD,,,0,,1.62,1.86,1.26,1.56,0,0,0,0,4.19,4.05,3.94,3.76,VMS 2,,Tanque,,2.22,2.40,1.74,1.98,4.00,4.00,4.42,3.78
05/02/2025 03:43 p. m.,Ordeño,05:17,4.31,2,,"DD,TI,TD","DD,TI,TD",TI,0,,1.56,1.14,0.78,1.32,0,0,0,0,4.46,3.75,2.41,4.25,VMS 2,,Tanque,,2.10,2.22,1.56,2.04,2.55,0.22,0.12,1.42
05/02/2025 11:17 p. m.,Ordeño,10:28,15.48,3,,,,,0,,1.62,2.16,1.26,1.38,0,0,0,0,4.47,4.05,4.48,4.29,VMS 2,,Tanque,,2.22,2.94,2.28,1.98,2.40,4.56,4.65,3.87
06/02/2025 08:48 a. m.,Ordeño,05:24,15.58,1,,,,,0,,1.74,2.10,1.44,1.56,0,0,0,0,4.60,4.16,4.09,4.23,VMS 2,,Tanque,,2.22,2.70,1.80,2.04,3.68,3.87,3.91,4.12
06/02/2025 08:51 p. m.,Ordeño,08:06,18.82,2,,,,,0,,1.98,1.98,1.20,1.62,0,0,0,0,4.28,4.07,4.25,4.30,VMS 2,,Tanque,,2.82,2.64,1.62,2.10,4.94,4.73,4.12,5.03
07/02/2025 05:07 a. m.,Ordeño,06:32,13.76,1,,,,,0,,1.74,1.86,1.20,1.44,0,0,0,0,4.21,3.72,3.91,4.03,VMS 2,,Tanque,,2.16,2.52,1.74,1.92,3.39,3.66,3.16,3.55
07/02/2025 11:26 p. m.,Ordeño,07:43,18.69,2,,,,,0,,1.92,1.92,1.26,1.38,0,0,0,0,4.93,4.27,4.30,4.46,VMS 2,,Tanque,,2.76,2.52,1.80,1.74,4.75,4.71,4.40,4.83
08/02/2025 09:15 a. m.,Ordeño,06:33,12.39,1,,,,,0,,1.62,1.68,1.08,1.32,0,0,0,0,4.20,3.99,4.18,4.04,VMS 2,,Tanque,,2.10,2.22,2.04,1.74,3.09,3.17,2.84,3.29
08/02/2025 11:41 p. m.,Ordeño,05:40,19.78,2,,,,,0,,1.80,1.80,1.38,1.56,0,0,0,0,4.58,4.41,4.25,4.24,VMS 2,,Tanque,,2.46,2.34,1.74,2.04,4.76,5.13,4.63,5.26
09/02/2025 12:22 p. m.,Ordeño,09:20,18.34,1,,,,,0,,1.80,1.92,1.26,1.68,0,0,0,0,4.31,3.86,4.27,4.11,VMS 2,,Tanque,,2.22,2.58,1.74,2.22,4.22,4.94,4.09,5.09
09/02/2025 06:43 p. m.,Ordeño,07:11,6.16,2,,"TI,TD","TI,TD",TI,0,,1.74,1.86,0.84,1.32,0,0,0,0,4.23,4.00,3.15,4.22,VMS 2,,Tanque,,2.34,2.52,1.62,2.16,2.71,2.70,0.15,0.60
10/02/2025 02:32 a. m.,Ordeño,06:48,16.58,1,,,,,0,,1.80,1.92,1.32,1.50,0,0,0,0,4.17,3.92,4.19,4.20,VMS 2,,Tanque,,2.34,2.40,1.74,1.98,3.48,3.74,4.40,4.96
10/02/2025 06:16 p. m.,Ordeño,06:05,21.68,2,,,,,0,,2.04,1.98,1.38,1.62,0,0,0,0,4.29,4.07,4.20,4.19,VMS 2,,Tanque,,2.52,2.64,1.80,2.16,5.28,5.56,5.07,5.77
11/02/2025 03:43 a. m.,Ordeño,06:55,15.65,1,,,,,0,,2.04,1.86,1.26,1.44,0,0,0,0,4.10,4.06,4.26,4.15,VMS 2,,Tanque,,2.76,2.34,1.62,2.16,3.97,4.03,3.49,4.16
11/02/2025 02:44 p. m.,Ordeño,06:42,16.70,2,,,,,0,,1.92,1.80,1.26,1.50,0,0,0,0,4.37,4.28,4.30,4.27,VMS 2,,Tanque,,2.40,2.46,1.68,2.04,4.20,4.34,3.81,4.35
11/02/2025 10:32 p. m.,Ordeño,06:31,13.97,3,,,,,0,,1.80,1.74,1.32,1.32,0,0,0,0,4.52,4.40,4.30,4.47,VMS 2,,Tanque,,2.46,2.28,1.68,1.80,3.26,3.42,3.43,3.86
12/02/2025 09:35 a. m.,Ordeño,05:48,11.45,1,,,,,0,,1.68,1.74,1.26,1.50,0,0,0,0,4.69,4.59,4.53,4.54,VMS 2,,Tanque,,2.16,2.28,1.68,2.22,2.36,2.98,3.13,2.98
12/02/2025 05:24 p. m.,Ordeño,06:53,13.75,2,,,,,0,,1.74,1.74,1.32,1.50,0,0,0,0,4.49,4.11,4.21,4.14,VMS 2,,Tanque,,2.28,2.34,1.62,2.04,3.21,3.72,3.15,3.67
13/02/2025 03:22 a. m.,Ordeño,07:13,8.39,1,,TI,"DD,TI","DD,TI",0,,1.62,0.00,0.72,1.56,0,0,0,0,4.56,0.00,1.41,4.25,VMS 2,,Tanque,,2.04,0.00,1.20,1.98,3.92,0.00,0.12,4.35
13/02/2025 05:20 a. m.,Ordeño,06:30,13.89,2,,TI,,,0,,1.26,1.98,2.88,0.84,0,0,8000,0,4.01,4.21,1.07,4.14,VMS 2,,Tanque,,2.16,2.70,3.66,1.62,1.15,4.12,7.65,0.97
13/02/2025 03:22 p. m.,Ordeño,08:02,15.44,3,,,,,0,DI,1.56,1.86,1.32,1.62,0,0,0,0,4.43,4.01,4.05,3.60,VMS 2,,Tanque,,2.10,2.40,1.74,2.40,3.11,3.84,4.04,4.45
14/02/2025 02:13 a. m.,Ordeño,08:34,14.88,1,,,TI,TI,0,DI,1.68,1.98,0.00,1.74,0,0,0,0,4.42,3.96,0.00,3.66,VMS 2,,Tanque,,2.22,2.52,0.00,2.34,4.16,4.51,0.00,6.21
14/02/2025 08:36 a. m.,Ordeño,09:21,9.69,2,,,TI,TI,0,,1.68,1.68,0.00,1.56,0,0,0,0,4.13,4.01,0.00,3.72,VMS 2,,Tanque,,2.40,2.28,0.00,2.10,2.78,2.95,0.00,3.96
14/02/2025 07:37 p. m.,Ordeño,07:30,19.85,3,,,,,0,TD,1.74,1.80,1.32,1.38,0,0,0,0,4.12,4.30,3.99,4.68,VMS 2,,Tanque,,2.22,2.28,1.62,1.92,4.89,4.78,5.04,5.14
15/02/2025 07:28 a. m.,Ordeño,07:33,17.51,1,,,,,0,,1.74,1.92,1.38,1.32,0,0,0,0,4.31,4.24,3.75,4.25,VMS 2,,Tanque,,2.28,2.58,1.74,2.10,4.78,4.61,3.45,4.67
15/02/2025 06:10 p. m.,Ordeño,11:27,12.99,2,,TI,DI,,0,,1.56,1.86,1.62,1.32,0,0,0,0,4.30,4.13,4.32,4.01,VMS 2,,Tanque,,2.10,2.76,2.70,2.16,1.48,4.45,2.07,4.99
16/02/2025 02:05 a. m.,Ordeño,06:38,17.30,1,,,,,0,,1.74,1.68,1.32,1.26,0,0,0,0,4.16,4.40,4.37,4.22,VMS 2,,Tanque,,2.28,2.16,1.74,1.62,4.38,3.86,5.10,3.96
16/02/2025 10:56 a. m.,Ordeño,06:39,14.84,2,,,,,0,,1.80,1.92,1.20,1.50,0,0,0,0,4.25,4.17,4.12,4.28,VMS 2,,Tanque,,2.40,2.52,1.50,2.10,3.63,4.07,2.92,4.22
16/02/2025 07:56 p. m.,Ordeño,07:39,14.16,3,,,,,0,,1.38,1.62,1.08,1.32,0,0,0,0,4.20,3.90,4.11,4.15,VMS 2,,Tanque,,1.92,2.52,1.50,1.74,3.47,3.82,2.84,4.03
17/02/2025 03:28 a. m.,Ordeño,06:28,12.55,1,,,,,0,,1.74,1.86,1.26,1.38,0,0,0,0,4.32,4.03,4.13,4.14,VMS 2,,Tanque,,2.64,2.52,1.62,2.04,3.08,3.33,2.79,3.35
17/02/2025 11:16 a. m.,Ordeño,04:32,12.67,2,,,,,0,,1.74,1.92,1.26,1.56,0,0,0,0,4.13,3.88,4.12,4.14,VMS 2,,Tanque,,2.40,2.40,1.68,2.34,3.18,3.25,2.72,3.52
17/02/2025 08:59 p. m.,Ordeño,05:00,15.51,3,,,,,0,,1.74,1.92,1.50,1.38,0,0,0,0,4.25,4.01,3.93,4.03,VMS 2,,Tanque,,2.22,2.58,1.92,2.04,4.02,4.00,3.53,3.96
18/02/2025 08:49 a. m.,Ordeño,07:46,19.27,1,,,,,0,,1.80,2.22,1.32,1.50,0,0,0,0,4.40,4.16,4.31,4.28,VMS 2,,Tanque,,2.28,3.00,1.74,2.04,4.70,4.99,4.23,5.35
18/02/2025 04:27 p. m.,Ordeño,05:20,13.10,2,,,,,0,,1.80,2.10,1.38,1.56,0,0,0,0,4.08,3.85,3.81,3.88,VMS 2,,Tanque,,2.22,2.70,1.92,2.16,3.18,3.26,2.92,3.74
19/02/2025 01:10 a. m.,Ordeño,06:49,14.82,1,,,,,0,,1.86,1.98,1.32,1.44,0,0,0,0,4.47,3.95,4.35,4.18,VMS 2,,Tanque,,2.46,2.52,1.86,1.98,3.57,3.94,3.31,4.00
19/02/2025 08:30 a. m.,Ordeño,05:14,12.90,2,,,,,0,,1.68,1.80,1.26,1.38,0,0,0,0,4.18,4.00,4.02,4.15,VMS 2,,Tanque,,2.16,2.28,1.62,2.04,3.17,3.21,2.94,3.58
19/02/2025 05:29 p. m.,Ordeño,05:57,14.87,3,,,,,0,,1.80,1.74,1.32,1.38,0,0,0,0,4.28,4.03,4.01,4.23,VMS 2,,Tanque,,2.40,2.34,1.74,1.92,3.69,3.73,3.41,4.04
19/02/2025 11:56 p. m.,Ordeño,05:30,11.61,1,,,,,0,,1.56,1.86,1.20,1.38,0,0,0,0,4.40,4.37,4.27,4.31,VMS 2,,Tanque,,2.04,2.46,1.80,1.86,2.92,2.97,2.63,3.09
20/02/2025 11:13 a. m.,Ordeño,07:07,18.03,2,,,,,0,,1.92,2.04,1.26,1.26,0,0,0,0,4.29,4.05,4.17,4.31,VMS 2,,Tanque,,2.46,2.76,1.80,1.62,4.60,4.82,4.13,4.48
21/02/2025 12:36 a. m.,Ordeño,06:18,18.69,1,,,,,0,,1.80,2.04,1.32,1.38,0,0,0,0,4.25,3.86,3.92,4.05,VMS 2,,Tanque,,2.28,2.70,1.74,1.86,4.65,4.82,4.62,4.60
21/02/2025 07:24 a. m.,Ordeño,05:37,10.95,2,,,,,0,,1.68,1.86,1.14,1.38,0,0,0,0,4.12,3.79,4.01,3.82,VMS 2,,Tanque,,2.16,2.34,1.56,1.68,2.80,2.86,2.52,2.77
21/02/2025 09:31 p. m.,Ordeño,08:17,19.74,3,,,,,0,,1.62,2.04,1.26,1.08,0,0,0,0,4.33,3.95,4.08,4.24,VMS 2,,Tanque,,2.16,2.70,1.74,1.56,5.13,5.28,4.86,4.47
22/02/2025 11:19 a. m.,Ordeño,08:43,21.33,1,,,,,0,,1.98,2.16,1.38,1.56,0,0,0,0,4.36,3.97,4.08,4.27,VMS 2,,Tanque,,2.58,3.00,2.58,2.76,4.31,5.27,6.01,5.74
23/02/2025 01:21 a. m.,Ordeño,06:08,18.44,1,,,,,0,,1.86,2.16,1.44,1.38,0,0,0,0,4.22,3.89,3.83,4.13,VMS 2,,Tanque,,2.58,2.88,1.86,1.92,4.68,4.86,4.59,4.31
23/02/2025 02:02 p. m.,Ordeño,06:29,18.58,2,,,,,0,,1.86,1.98,1.32,1.38,0,0,0,0,4.50,4.25,4.25,4.22,VMS 2,,Tanque,,2.58,2.64,1.86,2.22,4.82,4.85,4.38,4.53
23/02/2025 09:30 p. m.,Ordeño,07:35,12.71,3,,,,,0,,1.80,1.74,1.26,1.32,0,0,0,0,4.61,4.40,4.24,4.44,VMS 2,,Tanque,,2.22,2.22,1.68,1.86,3.24,3.06,2.95,3.46
24/02/2025 05:48 a. m.,Ordeño,07:01,14.41,1,,,,,0,,1.62,1.80,1.32,1.38,0,0,0,0,4.55,4.40,4.18,4.48,VMS 2,,Tanque,,2.16,2.34,1.98,1.92,3.53,3.69,3.41,3.78
24/02/2025 12:34 p. m.,Ordeño,05:44,11.71,2,,,,,0,,1.62,1.92,1.08,1.38,0,0,0,0,4.40,4.26,4.39,4.30,VMS 2,,Tanque,,2.28,2.46,1.44,2.16,2.94,3.04,2.50,3.23
24/02/2025 07:46 p. m.,Ordeño,05:43,12.59,3,,,,,0,,1.68,1.74,1.26,1.44,0,0,0,0,4.68,4.54,4.35,4.59,VMS 2,,Tanque,,2.16,2.64,1.80,1.98,3.12,3.16,2.93,3.38
25/02/2025 06:49 a. m.,Ordeño,08:11,18.73,1,,,,,0,,1.62,1.98,1.38,1.62,0,0,0,0,4.75,4.41,4.27,4.46,VMS 2,,Tanque,,2.16,2.40,1.86,2.04,4.44,4.69,4.38,5.22
25/02/2025 04:15 p. m.,Ordeño,07:55,12.26,2,,,DD,,0,DI,1.74,0.66,1.44,2.16,0,0,0,0,4.40,4.02,3.91,3.70,VMS 2,,Tanque,,2.22,1.74,2.10,2.70,3.80,0.31,3.86,4.29
25/02/2025 10:33 p. m.,Ordeño,06:32,14.05,3,,,,,0,,1.62,1.92,1.26,1.38,0,0,0,0,4.33,4.25,4.22,4.09,VMS 2,,Tanque,,2.10,2.40,1.68,2.04,3.08,2.83,2.80,5.34
26/02/2025 08:05 a. m.,Ordeño,06:11,16.94,1,,,,,0,,1.92,2.04,1.32,1.56,0,0,0,0,4.66,4.39,4.28,4.02,VMS 2,,Tanque,,2.52,2.64,1.74,2.10,4.22,4.45,3.82,4.45
26/02/2025 04:02 p. m.,Ordeño,06:09,12.83,2,,TI,,,0,,1.86,1.92,1.26,1.56,0,0,0,0,4.37,4.27,4.09,4.09,VMS 2,,Tanque,,2.46,2.46,2.10,1.98,3.36,3.60,2.49,3.38
27/02/2025 01:05 a. m.,Ordeño,11:08,11.91,1,,,TD,TD,0,,1.80,1.86,1.44,0.18,0,0,0,0,4.45,4.30,4.32,2.75,VMS 2,,Tanque,,2.34,2.40,1.98,0.60,3.81,4.14,3.83,0.13
27/02/2025 07:34 a. m.,Ordeño,08:00,13.77,2,,,,,0,,1.74,1.86,1.44,1.56,0,0,0,0,4.30,4.27,4.11,4.41,VMS 2,,Tanque,,2.34,2.34,1.86,1.92,2.98,2.88,4.98,2.93
27/02/2025 01:46 p. m.,Ordeño,04:52,11.15,3,,,,,0,,1.86,1.92,1.32,1.38,0,0,0,0,4.64,4.32,4.12,4.47,VMS 2,,Tanque,,2.40,2.76,1.74,1.98,2.86,2.81,2.73,2.75
27/02/2025 09:53 p. m.,Ordeño,07:23,13.52,4,,,,,0,,1.68,1.98,1.14,1.32,0,0,0,0,4.60,4.35,4.26,4.41,VMS 2,,Tanque,,2.64,2.58,1.56,2.04,3.33,3.82,2.80,3.57
28/02/2025 07:53 a. m.,Ordeño,06:19,17.21,1,,,,,0,,1.92,2.22,1.38,1.56,0,0,0,0,4.11,4.02,3.84,4.10,VMS 2,,Tanque,,2.34,3.00,2.04,1.98,4.30,4.54,3.86,4.51
28/02/2025 02:06 p. m.,Ordeño,05:07,9.50,2,,"DI,TI",,,0,,1.74,1.92,1.26,1.44,0,0,0,0,3.99,3.88,3.92,3.89,VMS 2,,Tanque,,2.28,2.52,1.80,1.86,2.36,2.46,2.14,2.54
28/02/2025 09:20 p. m.,Ordeño,06:00,11.91,3,,,,,0,,1.68,1.74,1.26,1.44,0,0,0,0,4.48,4.42,4.25,4.27,VMS 2,,Tanque,,2.10,2.28,1.62,1.98,2.97,3.06,2.68,3.20
01/03/2025 10:01 a. m.,Ordeño,06:40,20.56,1,,,,,0,,1.80,2.22,1.38,1.50,0,0,0,0,4.62,4.29,4.39,4.39,VMS 2,,Tanque,,2.46,3.00,1.86,2.40,5.06,5.40,4.89,5.21
01/03/2025 04:55 p. m.,Ordeño,05:14,12.84,2,,,,,0,,1.74,1.98,1.32,1.50,0,0,0,0,4.40,4.16,4.26,4.13,VMS 2,,Tanque,,2.16,2.58,1.86,1.98,3.29,3.27,2.85,3.43
02/03/2025 03:34 a. m.,Ordeño,06:13,18.07,1,,,,,0,,1.62,2.04,1.32,1.56,0,0,0,0,4.67,4.43,4.34,4.31,VMS 2,,Tanque,,2.10,2.64,1.86,2.04,4.35,4.67,4.17,4.88
02/03/2025 09:48 a. m.,Ordeño,04:44,11.98,2,,,,,0,,1.80,2.04,1.38,1.50,0,0,0,0,4.32,4.22,4.28,4.13,VMS 2,,Tanque,,2.40,2.94,1.74,1.92,3.06,3.11,2.74,3.07
02/03/2025 05:38 p. m.,Ordeño,06:25,13.50,3,,,,,0,,1.74,1.92,1.38,1.62,0,0,0,0,4.79,4.43,4.32,4.35,VMS 2,,Tanque,,2.28,2.52,1.80,2.16,3.21,3.58,2.90,3.81
03/03/2025 05:21 a. m.,Ordeño,06:12,19.38,1,,,,,0,,1.80,2.10,1.44,1.44,0,0,0,0,4.40,4.21,4.21,4.26,VMS 2,,Tanque,,2.34,2.88,1.92,1.98,5.00,4.89,4.64,4.85
03/03/2025 03:57 p. m.,Ordeño,05:41,18.03,2,,"TI,TD",,,0,,1.80,2.16,1.38,1.56,0,0,0,0,4.40,4.07,4.15,4.06,VMS 2,,Tanque,,2.22,2.94,2.34,2.04,4.53,4.84,3.84,4.82
03/03/2025 10:02 p. m.,Ordeño,05:28,12.18,3,,,,,0,,1.68,2.22,1.26,1.44,0,0,0,0,4.40,4.08,4.33,4.14,VMS 2,,Tanque,,2.16,2.94,1.80,2.16,2.89,3.14,3.13,3.02
04/03/2025 10:11 a. m.,Ordeño,05:40,19.07,1,,"DI,TI",,,0,,1.86,2.22,1.38,1.50,0,0,0,0,4.40,4.14,4.25,4.23,VMS 2,,Tanque,,2.64,2.94,2.04,2.16,4.80,5.15,3.97,5.15
04/03/2025 04:21 p. m.,Ordeño,04:50,10.35,2,,,,,0,,1.74,1.86,1.26,1.44,0,0,0,0,4.34,4.14,4.05,3.95,VMS 2,,Tanque,,2.34,2.40,1.62,1.92,2.62,2.46,2.88,2.39
05/03/2025 02:21 a. m.,Ordeño,06:14,16.24,1,,,,,0,,1.86,2.04,1.38,1.56,0,0,0,0,4.46,4.30,4.12,4.08,VMS 2,,Tanque,,2.34,2.82,1.92,1.98,3.88,4.27,3.81,4.28
05/03/2025 11:36 a. m.,Ordeño,05:10,15.64,2,,,,,0,,1.86,2.10,1.38,1.50,0,0,0,0,4.31,4.16,4.20,4.15,VMS 2,,Tanque,,2.46,2.76,1.98,2.22,3.95,4.13,3.67,3.89
05/03/2025 07:11 p. m.,Ordeño,04:58,13.20,3,,,,,0,,1.74,2.22,1.26,1.38,0,0,0,0,4.31,4.05,4.14,4.12,VMS 2,,Tanque,,2.34,2.88,1.68,2.22,3.34,3.53,3.07,3.26
06/03/2025 01:03 a. m.,Ordeño,04:13,10.81,1,,,,,0,,1.86,2.04,1.50,1.56,0,0,0,0,4.53,4.30,4.34,4.18,VMS 2,,Tanque,,2.46,2.58,1.98,2.04,2.77,2.85,2.52,2.67
06/03/2025 10:22 a. m.,Ordeño,05:40,11.97,2,,DI,DI,,0,,1.38,2.28,1.44,1.56,0,0,0,0,4.22,4.03,4.15,3.98,VMS 2,,Tanque,,2.28,3.12,1.86,2.64,0.43,3.94,3.66,3.94
06/03/2025 01:59 p. m.,Ordeño,05:31,8.64,3,,,,,0,,1.92,1.74,1.14,1.02,0,0,0,0,4.38,4.30,4.12,4.21,VMS 2,,Tanque,,2.46,2.52,1.98,1.56,4.42,1.48,1.44,1.30
06/03/2025 11:57 p. m.,Ordeño,06:23,16.37,1,,,,,0,,1.80,2.04,1.32,1.38,0,0,0,0,4.39,4.30,4.33,4.14,VMS 2,,Tanque,,2.34,2.76,1.62,2.16,4.02,4.42,3.88,4.05
07/03/2025 08:08 a. m.,Ordeño,05:26,14.80,2,,,,,0,,1.80,2.10,1.32,1.50,0,0,0,0,4.50,4.41,4.41,4.30,VMS 2,,Tanque,,2.22,2.76,1.74,1.98,3.57,3.92,3.48,3.83
07/03/2025 02:44 p. m.,Ordeño,04:30,11.07,3,,,,,0,,1.80,1.80,1.32,1.26,0,0,0,0,4.38,4.36,4.24,4.18,VMS 2,,Tanque,,2.34,2.40,1.68,1.74,2.77,2.96,2.62,2.72
08/03/2025 01:58 a. m.,Ordeño,08:17,17.54,1,,,,,0,,1.80,2.04,1.26,1.44,0,0,0,0,4.65,4.15,4.38,4.32,VMS 2,,Tanque,,2.34,2.64,1.68,2.22,4.51,2.55,4.31,6.17
08/03/2025 10:24 a. m.,Ordeño,07:00,15.42,2,,,,,0,,1.74,1.86,1.26,1.62,0,0,0,0,4.30,4.16,4.24,3.91,VMS 2,,Tanque,,2.28,2.40,1.92,2.16,3.70,3.97,3.53,4.22
08/03/2025 06:54 p. m.,Ordeño,07:16,14.38,3,,,,,0,,1.74,1.80,1.26,1.50,0,0,0,0,4.45,4.29,4.26,4.15,VMS 2,,Tanque,,2.82,2.70,1.68,2.40,3.48,3.73,3.29,3.88
09/03/2025 01:09 a. m.,Ordeño,05:04,9.28,1,,TI,TI,TI,0,,1.86,2.04,0.60,1.44,0,0,0,0,4.40,4.16,2.88,4.13,VMS 2,,Tanque,,2.58,2.94,1.20,1.98,3.11,3.26,0.09,2.82
09/03/2025 03:23 p. m.,Ordeño,07:55,20.87,2,,,,,0,,1.92,1.98,1.26,1.50,0,0,0,0,4.53,4.29,4.31,4.29,VMS 2,,Tanque,,2.46,2.58,1.74,2.46,5.21,5.24,5.21,5.21
09/03/2025 10:22 p. m.,Ordeño,06:03,11.52,3,,TD,,,0,,1.62,1.80,1.14,1.20,0,0,0,0,4.34,4.12,4.03,4.13,VMS 2,,Tanque,,1.98,2.22,1.56,1.62,3.06,3.20,2.54,2.72
10/03/2025 07:49 a. m.,Ordeño,06:06,16.78,1,,,,,0,,1.74,2.04,1.20,1.44,0,0,0,0,4.62,4.32,4.45,4.17,VMS 2,,Tanque,,2.64,2.76,1.62,2.10,4.11,4.59,3.48,4.60
10/03/2025 04:52 p. m.,Ordeño,10:59,11.61,2,,,TD,TD,0,DI,1.74,1.92,1.38,0.18,0,0,0,0,4.47,4.25,4.12,3.42,VMS 2,,Tanque,,2.34,2.40,2.10,0.48,3.63,3.87,4.00,0.11
11/03/2025 02:26 a. m.,Ordeño,05:51,16.53,1,,TI,,,0,,1.86,2.04,1.38,1.32,0,0,0,0,4.40,4.16,4.33,4.27,VMS 2,,Tanque,,2.46,2.64,2.16,2.16,4.43,4.49,3.76,3.85
11/03/2025 11:41 a. m.,Ordeño,07:28,11.33,2,,,TI,TI,0,,1.86,2.04,0.00,1.56,0,0,0,0,4.23,3.71,0.00,3.92,VMS 2,,Tanque,,2.40,2.64,0.00,2.64,3.49,3.82,0.00,4.02
12/03/2025 11:29 a. m.,Ordeño,09:26,17.84,1,,,TI,TI,0,,1.38,2.16,0.00,1.74,0,0,0,0,4.11,4.02,0.00,3.93,VMS 2,,Tanque,,1.74,2.76,0.00,2.64,5.22,5.97,0.00,6.65
13/03/2025 03:46 a. m.,Ordeño,09:48,20.28,1,,,,,0,,1.80,1.86,1.20,1.44,0,0,0,0,4.09,3.96,3.91,3.88,VMS 2,,Tanque,,2.34,2.58,1.74,2.10,5.22,5.86,3.28,5.92
13/03/2025 03:19 p. m.,Ordeño,07:48,18.01,2,,,,,0,,1.74,2.16,1.14,1.50,0,0,0,0,4.26,3.88,4.46,3.96,VMS 2,,Tanque,,2.34,2.70,1.68,2.70,3.72,5.56,3.16,5.57
14/03/2025 12:51 a. m.,Ordeño,06:17,11.48,1,,TD,TD,,0,,1.92,1.98,1.14,1.50,0,0,0,0,4.14,3.94,4.31,3.89,VMS 2,,Tanque,,2.46,2.58,1.74,2.28,3.28,4.00,2.55,1.65
14/03/2025 06:26 a. m.,Ordeño,06:43,11.41,2,,,,,0,,1.50,1.86,1.08,1.62,0,0,0,0,4.45,3.95,4.49,4.20,VMS 2,,Tanque,,1.98,2.58,1.50,2.22,2.13,2.74,1.77,4.77
14/03/2025 03:32 p. m.,Ordeño,06:46,14.31,3,,,,,0,,1.74,1.98,1.26,1.32,0,0,0,0,4.77,4.51,4.66,4.02,VMS 2,,Tanque,,2.22,2.76,1.68,1.98,3.54,3.90,2.99,3.88
15/03/2025 01:43 a. m.,Ordeño,07:09,17.48,1,,,,,0,,1.98,2.04,1.32,1.62,0,0,0,0,4.61,4.17,4.32,4.18,VMS 2,,Tanque,,2.58,3.06,1.68,2.64,4.06,4.86,3.57,4.99
15/03/2025 10:51 a. m.,Ordeño,06:44,8.05,2,,TD,"DI,TD",DI,0,,0.00,2.10,1.32,1.62,0,0,0,0,0.00,3.87,4.26,4.15,VMS 2,,Tanque,,0.00,2.70,1.74,2.52,0.00,3.74,2.86,1.45
15/03/2025 10:35 p. m.,Ordeño,07:50,19.39,3,,,,,0,,1.86,1.86,1.32,1.50,0,0,0,0,4.74,4.43,4.25,4.07,VMS 2,,Tanque,,2.46,2.46,1.92,2.64,5.27,4.56,3.96,5.60
16/03/2025 05:43 a. m.,Ordeño,07:36,7.73,1,,"TI,TD","TI,TD",TI,0,,1.68,1.80,0.48,1.02,0,0,0,0,4.19,4.19,3.15,4.05,VMS 2,,Tanque,,2.52,2.22,1.08,2.10,2.98,3.43,0.13,1.19
16/03/2025 12:01 p. m.,Ordeño,07:55,14.15,2,,TD,,,0,,1.80,1.98,1.44,1.56,0,0,0,0,4.12,3.85,4.13,4.05,VMS 2,,Tanque,,2.34,2.58,1.92,2.16,2.35,2.90,4.47,4.43
16/03/2025 08:58 p. m.,Ordeño,08:10,11.26,3,,TI,,,0,,1.86,2.10,1.38,1.26,0,0,0,0,4.28,3.72,4.07,3.83,VMS 2,,Tanque,,2.58,2.70,2.10,1.80,3.36,3.72,2.04,2.14
17/03/2025 03:51 a. m.,Ordeño,06:33,13.92,1,,,,,0,,1.80,1.92,1.26,1.44,0,0,0,0,4.26,3.99,4.04,4.27,VMS 2,,Tanque,,2.40,2.40,1.74,2.10,2.90,3.27,4.45,3.30
17/03/2025 10:49 a. m.,Ordeño,06:25,12.48,2,,,,,0,,1.62,1.98,1.38,1.68,0,0,0,0,4.23,3.90,3.50,4.18,VMS 2,,Tanque,,2.70,3.06,1.80,2.52,2.79,3.33,3.02,3.34
17/03/2025 06:09 p. m.,Ordeño,05:32,12.05,3,,,,,0,,1.80,1.86,1.26,1.56,0,0,0,0,4.21,3.89,3.87,4.17,VMS 2,,Tanque,,2.46,2.46,1.62,2.10,2.79,3.14,2.54,3.58
18/03/2025 03:38 a. m.,Ordeño,06:59,16.12,1,,,,,0,,1.80,2.04,1.32,1.56,0,0,0,0,4.33,3.99,3.96,4.29,VMS 2,,Tanque,,2.34,2.70,1.86,2.16,3.67,4.18,3.45,4.82
18/03/2025 09:40 a. m.,Ordeño,05:07,11.28,2,,,,,0,,1.80,2.22,1.26,1.44,0,0,0,0,4.21,3.80,4.12,4.15,VMS 2,,Tanque,,2.40,2.94,1.62,2.16,2.75,3.21,2.36,2.96
18/03/2025 04:02 p. m.,Ordeño,04:59,11.29,3,,,,,0,,1.80,2.16,1.20,1.62,0,0,0,0,4.27,3.93,4.20,4.29,VMS 2,,Tanque,,2.40,2.82,1.56,2.52,2.67,3.01,2.33,3.28
18/03/2025 10:25 p. m.,Ordeño,05:32,10.79,4,,,,,0,,1.56,2.04,1.26,1.44,0,0,0,0,4.47,4.25,3.97,4.13,VMS 2,,Tanque,,2.28,2.76,1.62,2.46,2.64,2.78,2.33,3.04
19/03/2025 08:19 a. m.,Ordeño,05:42,17.29,1,,"TI,TD",,,0,,1.86,2.22,1.38,1.68,0,0,0,0,4.36,4.02,4.27,4.24,VMS 2,,Tanque,,2.52,2.94,1.98,2.16,4.31,4.46,3.46,5.06
19/03/2025 01:33 p. m.,Ordeño,06:30,9.40,2,,,,,0,,1.56,1.98,1.14,1.68,0,0,0,0,4.16,3.89,4.40,3.96,VMS 2,,Tanque,,2.10,2.70,1.44,2.34,2.27,2.30,2.07,2.76
20/03/2025 04:59 a. m.,Ordeño,06:45,22.51,1,,,,,0,,1.92,2.16,1.32,1.68,0,0,0,0,4.17,3.82,4.41,3.95,VMS 2,,Tanque,,2.46,2.82,1.68,2.28,5.26,5.67,4.83,6.75
20/03/2025 02:31 p. m.,Ordeño,05:05,14.81,2,,,,,0,,1.92,2.16,1.26,1.56,0,0,0,0,3.60,3.44,3.92,3.78,VMS 2,,Tanque,,2.52,2.70,1.68,2.04,3.55,3.82,3.05,4.39
21/03/2025 01:25 a. m.,Ordeño,06:11,15.75,1,,TI,,,0,,1.80,2.10,1.50,1.56,0,0,0,0,4.13,3.79,3.82,4.06,VMS 2,,Tanque,,2.22,2.58,1.92,2.10,3.79,3.92,3.50,4.54
21/03/2025 11:15 a. m.,Ordeño,06:09,16.89,2,,TD,,,0,,1.86,2.10,1.44,1.56,0,0,0,0,4.21,4.02,4.09,4.17,VMS 2,,Tanque,,2.64,2.88,1.86,2.04,4.19,4.31,3.86,4.53
21/03/2025 06:04 p. m.,Ordeño,04:53,12.23,3,,,,,0,,2.04,2.10,1.44,1.68,0,0,0,0,3.97,3.92,4.02,3.91,VMS 2,,Tanque,,2.64,2.70,1.80,2.22,3.06,3.14,2.62,3.41
22/03/2025 03:08 a. m.,Ordeño,05:54,15.85,1,,,,,0,,2.16,1.80,1.44,1.86,0,0,0,0,3.92,4.21,4.07,4.02,VMS 2,,Tanque,,2.82,2.28,1.80,2.76,3.68,3.92,3.54,4.71
22/03/2025 12:17 p. m.,Ordeño,07:48,9.45,2,,"DI,DD,TI","DI,DD",DD,0,,1.80,1.02,1.62,1.44,0,0,0,0,4.10,3.48,3.81,3.91,VMS 2,,Tanque,,2.58,2.04,2.58,2.40,1.63,0.19,3.50,4.13
22/03/2025 06:32 p. m.,Ordeño,06:30,14.20,3,,,,,0,,1.86,2.22,1.32,1.50,0,0,0,0,4.15,3.90,4.05,4.04,VMS 2,,Tanque,,2.52,3.00,1.74,2.34,3.94,4.90,2.30,3.06
23/03/2025 06:30 a. m.,Ordeño,06:40,20.09,1,,,,,0,,1.92,2.34,1.50,1.62,0,0,0,0,4.03,3.70,3.98,4.03,VMS 2,,Tanque,,2.40,2.88,2.16,2.46,4.52,4.99,5.29,5.29
23/03/2025 03:25 p. m.,Ordeño,05:55,14.94,2,,,,,0,,1.80,2.16,1.44,1.50,0,0,0,0,4.12,3.66,3.93,3.90,VMS 2,,Tanque,,2.40,2.70,1.86,2.10,3.80,3.62,3.54,3.98
24/03/2025 04:53 a. m.,Ordeño,07:30,22.99,1,,,,,0,,1.68,2.22,1.56,1.68,0,0,0,0,4.06,3.79,3.71,3.91,VMS 2,,Tanque,,2.16,2.88,2.04,2.28,5.52,5.50,5.30,6.67
24/03/2025 08:59 p. m.,Ordeño,05:53,23.96,2,,,,,0,,1.86,2.22,1.20,1.56,0,0,0,0,3.90,3.47,2.88,3.75,VMS 2,,Tanque,,2.46,3.12,1.74,2.22,5.69,6.01,5.17,7.09
25/03/2025 05:53 a. m.,Ordeño,03:55,13.09,1,,,,,0,,1.74,1.68,1.20,1.56,0,0,0,0,3.91,3.51,3.89,3.69,VMS 2,,Tanque,,2.22,2.16,1.62,2.16,3.08,3.21,2.68,4.12
25/03/2025 11:52 a. m.,Ordeño,04:35,9.86,2,,,,,0,,1.62,2.10,1.08,1.56,0,0,0,0,3.85,3.75,3.82,3.99,VMS 2,,Tanque,,2.04,2.82,1.68,2.04,2.34,2.55,2.07,2.90
25/03/2025 11:11 p. m.,Ordeño,04:45,19.75,3,,,,,0,,2.10,2.10,1.32,1.56,0,0,0,0,4.05,3.83,3.72,4.01,VMS 2,,Tanque,,2.58,2.70,1.92,2.22,4.58,5.04,4.51,5.62
26/03/2025 10:29 a. m.,Ordeño,04:15,17.69,1,,TD,,,0,,2.28,2.58,1.38,1.74,0,0,0,0,3.74,3.87,4.01,3.99,VMS 2,,Tanque,,2.88,3.30,1.86,2.34,4.76,4.64,4.06,4.23
27/03/2025 12:34 a. m.,Ordeño,05:20,22.55,1,,,,,0,,2.28,2.34,1.38,1.56,0,0,0,0,3.88,3.92,3.93,4.01,VMS 2,,Tanque,,3.00,3.06,1.92,2.34,5.55,5.46,5.19,6.35
27/03/2025 09:57 a. m.,Ordeño,04:06,16.12,2,,,,,0,,2.10,2.34,1.50,1.62,0,0,0,0,3.99,3.90,3.84,4.07,VMS 2,,Tanque,,2.58,3.00,1.92,2.04,3.87,4.00,3.74,4.51
27/03/2025 07:52 p. m.,Ordeño,05:57,16.84,3,,,,,0,,1.86,2.16,1.44,1.74,0,0,0,0,4.14,3.92,4.08,4.14,VMS 2,,Tanque,,2.52,2.88,1.98,2.28,4.04,4.29,3.70,4.81
28/03/2025 05:45 a. m.,Ordeño,05:16,17.45,1,,,,,0,,1.86,1.98,1.38,1.44,0,0,0,0,4.02,3.86,3.81,4.13,VMS 2,,Tanque,,2.52,2.58,1.74,1.98,4.25,4.57,4.04,4.59
28/03/2025 05:25 p. m.,Ordeño,05:18,18.00,2,,,,,0,,2.04,2.40,1.50,1.80,0,0,0,0,3.85,3.68,3.81,4.08,VMS 2,,Tanque,,2.64,2.94,1.98,2.34,4.33,4.51,4.04,5.12
28/03/2025 11:37 p. m.,Ordeño,04:13,9.00,3,,,,,0,,1.68,2.22,1.38,1.02,0,0,0,0,4.04,3.77,3.86,4.07,VMS 2,,Tanque,,2.10,2.76,1.86,1.44,2.41,2.56,2.15,1.88
29/03/2025 10:14 a. m.,Ordeño,05:32,18.57,1,,,,,0,,2.04,2.22,1.38,1.92,0,0,0,0,4.35,4.00,4.20,4.19,VMS 2,,Tanque,,2.76,3.18,1.86,2.52,4.57,4.72,4.05,5.23
29/03/2025 03:24 p. m.,Ordeño,03:54,8.71,2,,,,,0,,1.68,2.04,1.26,1.56,0,0,0,0,4.07,3.95,4.07,4.18,VMS 2,,Tanque,,2.28,2.76,1.62,2.16,2.14,2.30,1.90,2.37
29/03/2025 10:23 p. m.,Ordeño,05:07,11.60,3,,,,,0,,2.04,2.10,1.26,1.62,0,0,0,0,4.07,3.80,4.01,4.13,VMS 2,,Tanque,,2.70,2.76,1.62,2.64,2.86,2.31,2.58,3.85
30/03/2025 09:43 a. m.,Ordeño,05:38,19.64,1,,,,,0,,1.98,2.46,1.56,1.80,0,0,0,0,4.27,4.10,4.16,4.35,VMS 2,,Tanque,,2.58,3.06,2.10,2.28,4.77,4.95,4.45,5.47
30/03/2025 03:00 p. m.,Ordeño,04:12,9.81,2,,,,,0,,1.86,2.10,1.26,1.68,0,0,0,0,4.09,3.97,4.15,4.21,VMS 2,,Tanque,,2.64,2.82,1.74,2.28,2.43,2.57,2.10,2.71
31/03/2025 01:27 a. m.,Ordeño,05:32,18.84,1,,,,,0,,1.68,2.28,1.56,1.86,0,0,0,0,4.17,4.10,4.15,4.34,VMS 2,,Tanque,,2.28,3.06,1.98,2.64,4.51,4.80,4.13,5.40
31/03/2025 10:28 a. m.,Ordeño,06:11,16.09,2,,,,,0,,2.10,2.22,1.38,1.74,0,0,0,0,4.16,3.96,3.91,4.18,VMS 2,,Tanque,,2.64,3.06,1.92,2.34,3.91,4.14,3.48,4.56
31/03/2025 05:15 p. m.,Ordeño,04:22,11.61,3,,,,,0,,1.92,2.16,1.32,1.74,0,0,0,0,4.17,3.97,4.19,4.15,VMS 2,,Tanque,,2.46,3.12,1.74,2.28,2.78,2.98,2.55,3.30
01/04/2025 03:31 a. m.,Ordeño,06:40,16.76,1,,,,,0,,1.98,2.16,1.50,1.50,0,0,0,0,4.18,4.12,4.14,4.31,VMS 2,,Tanque,,2.52,2.76,2.04,2.16,4.09,4.40,3.74,4.53
01/04/2025 11:18 a. m.,Ordeño,05:16,14.77,2,,DI,,,0,,2.04,2.34,1.56,1.80,0,0,0,0,3.94,3.92,3.93,4.10,VMS 2,,Tanque,,2.58,3.06,2.04,2.58,3.58,3.62,3.29,4.28
01/04/2025 07:11 p. m.,Ordeño,04:39,13.11,3,,,,,0,,2.10,2.22,1.56,1.62,0,0,0,0,4.07,3.92,3.95,4.34,VMS 2,,Tanque,,2.58,2.88,2.16,2.22,3.31,3.37,3.01,3.42
02/04/2025 09:48 a. m.,Ordeño,06:29,22.58,1,,,,,0,,1.86,2.34,1.56,1.44,0,0,0,0,4.31,3.98,4.05,4.33,VMS 2,,Tanque,,2.34,2.94,2.16,2.04,5.49,5.96,5.45,5.68
02/04/2025 04:39 p. m.,Ordeño,04:30,12.21,2,,,,,0,,1.86,2.10,1.50,1.62,0,0,0,0,4.06,3.74,3.92,4.23,VMS 2,,Tanque,,2.40,2.64,1.92,2.04,2.97,3.15,2.78,3.31
03/04/2025 08:39 a. m.,Ordeño,06:32,23.18,1,,,,,0,,1.92,2.34,1.62,1.44,0,0,0,0,4.14,3.93,4.00,4.28,VMS 2,,Tanque,,2.58,3.00,1.98,2.04,5.72,6.05,5.61,5.80
03/04/2025 09:18 p. m.,Ordeño,05:34,19.80,2,,,,,0,,1.98,2.04,1.56,1.62,0,0,0,0,3.81,3.72,2.95,4.06,VMS 2,,Tanque,,2.40,2.82,1.98,2.16,4.73,5.05,4.62,5.40
04/04/2025 11:57 a. m.,Ordeño,05:42,21.46,1,,,,,0,,2.04,2.28,1.62,1.68,0,0,0,0,3.99,4.04,4.01,4.18,VMS 2,,Tanque,,2.64,2.94,2.04,2.28,5.40,5.32,5.03,5.71
04/04/2025 06:00 p. m.,Ordeño,04:46,10.42,2,,"TI,TD",,,0,,1.86,2.28,1.38,1.74,0,0,0,0,4.26,3.89,4.01,4.19,VMS 2,,Tanque,,2.58,3.00,2.40,2.88,2.87,2.99,1.72,2.84
05/04/2025 12:28 a. m.,Ordeño,05:11,13.15,1,,,,,0,,1.62,2.10,1.26,1.62,0,0,0,0,4.22,4.05,4.21,4.41,VMS 2,,Tanque,,2.16,2.70,1.68,2.22,2.95,2.93,3.50,3.77
05/04/2025 12:23 p. m.,Ordeño,05:46,18.87,2,,,,,0,,1.92,2.22,1.56,1.68,0,0,0,0,4.57,4.28,4.22,4.48,VMS 2,,Tanque,,2.40,3.00,2.10,2.16,4.49,4.76,4.20,5.42
05/04/2025 11:05 p. m.,Ordeño,05:38,16.03,3,,,,,0,,2.10,1.98,1.38,1.44,0,0,0,0,3.79,4.09,4.06,4.13,VMS 2,,Tanque,,2.76,2.70,1.80,2.34,4.18,4.07,3.60,4.18
06/04/2025 01:02 p. m.,Ordeño,08:21,21.82,1,,,,,0,,2.16,2.22,1.32,1.62,0,0,0,0,4.04,4.10,4.33,4.34,VMS 2,,Tanque,,2.70,2.94,2.28,2.46,5.09,5.37,5.31,6.05
07/04/2025 01:11 a. m.,Ordeño,06:29,20.59,1,,,,,0,,2.10,2.16,1.38,1.50,0,0,0,0,4.07,4.16,4.28,4.31,VMS 2,,Tanque,,2.64,2.94,1.74,2.04,5.19,5.19,4.67,5.54
07/04/2025 03:36 p. m.,Ordeño,06:22,23.25,2,,,,,0,,1.98,2.22,1.38,1.62,0,0,0,0,4.11,3.90,4.14,4.13,VMS 2,,Tanque,,2.76,3.06,1.86,2.22,5.92,5.77,5.19,6.37
07/04/2025 11:26 p. m.,Ordeño,04:55,12.65,3,,,,,0,,1.80,2.34,1.32,1.56,0,0,0,0,3.84,3.78,4.13,3.92,VMS 2,,Tanque,,2.28,3.00,1.74,2.34,3.29,3.14,2.82,3.40
08/04/2025 07:18 a. m.,Ordeño,04:54,13.88,1,,,,,0,,1.98,2.34,1.14,1.38,0,0,0,0,4.17,4.11,4.27,4.34,VMS 2,,Tanque,,2.82,3.12,1.50,2.04,3.63,3.70,3.13,3.42
08/04/2025 02:53 p. m.,Ordeño,04:56,12.44,2,,TD,,,0,,1.98,2.40,1.32,1.56,0,0,0,0,4.03,3.98,4.13,4.08,VMS 2,,Tanque,,2.58,2.94,1.80,1.98,3.21,3.21,2.86,3.16
09/04/2025 01:18 a. m.,Ordeño,05:38,13.23,1,,TD,TD,,0,,1.92,2.16,1.38,1.20,0,0,0,0,4.25,4.33,4.34,4.42,VMS 2,,Tanque,,2.70,2.88,1.86,1.80,4.50,4.29,3.92,0.52
09/04/2025 08:12 a. m.,Ordeño,06:04,14.50,2,,,,,0,,1.92,2.16,1.38,1.74,0,0,0,0,3.93,3.84,4.12,4.18,VMS 2,,Tanque,,2.82,2.88,1.86,2.76,2.96,3.06,2.61,5.87
09/04/2025 01:11 p. m.,Ordeño,04:20,8.46,3,,,,,0,,1.68,1.98,1.32,1.50,0,0,0,0,4.26,4.07,4.28,3.80,VMS 2,,Tanque,,2.22,2.52,1.74,2.16,2.04,2.26,1.92,2.24
09/04/2025 10:12 p. m.,Ordeño,05:57,13.89,4,,,,,0,,1.92,2.16,1.38,1.44,0,0,0,0,4.25,4.20,4.28,4.15,VMS 2,,Tanque,,2.64,3.12,2.04,2.28,3.64,3.62,3.30,3.33
10/04/2025 11:45 a. m.,Ordeño,06:45,22.23,1,,,,,0,,2.04,2.16,1.38,1.56,0,0,0,0,3.97,4.00,4.20,4.18,VMS 2,,Tanque,,2.76,2.94,1.80,2.70,5.50,5.74,5.10,5.89
10/04/2025 10:35 p. m.,Ordeño,05:58,17.76,2,,,,,0,,1.80,2.10,1.20,1.50,0,0,0,0,3.97,3.78,4.06,3.99,VMS 2,,Tanque,,2.34,2.58,1.56,2.16,4.45,4.42,4.12,4.77
11/04/2025 06:34 a. m.,Ordeño,05:50,13.67,1,,,,,0,,1.98,2.34,1.20,1.38,0,0,0,0,4.04,4.11,4.13,4.40,VMS 2,,Tanque,,2.52,2.94,1.56,1.92,3.66,3.39,3.21,3.41
11/04/2025 01:35 p. m.,Ordeño,05:43,7.39,2,,"DI,TI","DI,TI",DI,0,,0.96,2.34,1.20,1.62,0,0,400,0,3.89,3.87,3.08,4.04,VMS 2,,Tanque,,1.86,3.06,1.62,2.40,0.17,3.05,0.73,3.44
11/04/2025 10:43 p. m.,Ordeño,06:32,18.08,3,,,,,0,,1.92,2.04,1.26,1.38,0,0,0,0,4.04,4.02,4.06,4.30,VMS 2,,Tanque,,2.52,2.58,1.56,1.68,5.34,3.94,4.74,4.06
12/04/2025 07:47 a. m.,Ordeño,05:23,15.07,1,,,,,0,,1.80,2.22,1.20,1.44,0,0,0,0,3.88,4.05,3.97,4.25,VMS 2,,Tanque,,2.22,3.06,1.68,1.92,3.73,3.89,3.48,3.97
12/04/2025 03:16 p. m.,Ordeño,06:33,9.90,2,,TD,TD,,0,,1.86,2.04,1.20,1.32,0,0,0,0,4.05,4.14,4.13,4.62,VMS 2,,Tanque,,3.24,2.88,1.80,2.40,3.35,3.12,2.79,0.64
12/04/2025 07:54 p. m.,Ordeño,05:27,7.53,3,,"DI,TD",,,0,,1.80,1.86,1.20,1.44,0,0,0,0,4.29,3.94,4.14,4.17,VMS 2,,Tanque,,2.76,2.58,1.68,1.98,1.87,2.20,1.98,1.48
13/04/2025 08:53 a. m.,Ordeño,06:26,21.01,1,,,,,0,,2.16,2.10,1.44,1.56,0,0,0,0,4.16,4.10,4.21,4.35,VMS 2,,Tanque,,3.00,2.88,2.04,2.04,5.00,5.33,4.74,5.94
13/04/2025 03:34 p. m.,Ordeño,05:08,11.46,2,,,,,0,,2.04,2.28,1.38,1.50,0,0,0,0,3.89,3.84,2.95,3.75,VMS 2,,Tanque,,2.58,2.88,1.92,2.22,2.91,3.10,2.77,2.68
14/04/2025 12:18 a. m.,Ordeño,08:08,11.91,1,,,,,0,,1.68,1.92,1.26,1.44,0,0,0,0,4.29,3.92,4.12,4.01,VMS 2,,Tanque,,2.52,2.70,1.74,2.04,2.87,3.43,2.77,2.84
14/04/2025 10:40 a. m.,Ordeño,05:11,17.07,2,,"DI,TD",,,0,,2.16,2.28,1.56,1.56,0,0,0,0,3.88,3.99,3.99,4.35,VMS 2,,Tanque,,2.82,2.94,1.98,2.04,4.26,4.38,4.27,4.16
14/04/2025 08:06 p. m.,Ordeño,06:16,14.75,3,,,,,0,,1.68,1.80,1.38,1.44,0,0,0,0,4.36,4.38,4.06,4.36,VMS 2,,Tanque,,2.16,2.34,1.92,1.92,3.93,3.64,3.55,3.63
15/04/2025 05:44 a. m.,Ordeño,06:22,16.76,1,,"TI,TD",,,0,,1.74,2.16,1.50,1.56,0,0,0,0,4.22,4.08,4.13,4.24,VMS 2,,Tanque,,2.16,2.88,1.86,2.22,4.33,4.51,3.82,4.10
15/04/2025 04:01 p. m.,Ordeño,06:06,17.17,2,,,,,0,,1.98,2.16,1.44,1.44,0,0,0,0,4.07,4.13,4.18,4.70,VMS 2,,Tanque,,2.52,2.76,1.98,1.92,4.34,4.51,4.13,4.19
16/04/2025 02:57 a. m.,Ordeño,06:27,14.12,1,,,TI,TI,0,,2.10,2.28,0.00,1.56,0,0,0,0,4.09,4.07,0.00,4.53,VMS 2,,Tanque,,2.64,2.88,0.00,2.22,4.58,4.73,0.00,4.81
16/04/2025 09:40 a. m.,Ordeño,07:41,14.35,2,,,,,0,,1.92,2.04,1.50,1.44,0,0,0,0,4.01,3.94,4.40,4.47,VMS 2,,Tanque,,2.64,2.64,2.22,1.92,3.10,3.20,4.97,3.08
16/04/2025 03:02 p. m.,Ordeño,05:09,9.97,3,,,,,0,,1.68,2.10,1.32,1.50,0,0,0,0,4.21,4.05,3.93,4.35,VMS 2,,Tanque,,2.10,2.64,1.74,2.16,2.35,2.59,2.39,2.64
16/04/2025 09:24 p. m.,Ordeño,06:09,8.45,4,,,TI,TI,0,,1.44,2.04,0.00,1.50,0,0,0,0,4.60,4.19,0.00,4.31,VMS 2,,Tanque,,1.92,2.58,0.00,2.10,2.62,2.83,0.00,3.00
16/04/2025 11:48 p. m.,Ordeño,05:49,7.14,5,,,,,0,,1.32,1.56,1.26,1.02,0,0,0,0,4.33,4.31,4.39,4.46,VMS 2,,Tanque,,1.80,2.22,1.86,1.80,1.38,1.45,3.10,1.21
17/04/2025 10:23 a. m.,Ordeño,06:13,18.94,1,,,,,0,,1.86,2.28,1.44,1.80,0,0,0,0,4.70,4.45,4.39,4.62,VMS 2,,Tanque,,2.40,3.00,1.86,2.22,4.60,4.70,4.20,5.44
17/04/2025 06:33 p. m.,Ordeño,05:42,15.81,2,,,,,0,,1.74,2.40,1.38,1.74,0,0,0,0,4.43,4.19,4.25,4.48,VMS 2,,Tanque,,2.28,3.06,1.86,2.22,3.85,4.11,3.40,4.45
18/04/2025 07:52 a. m.,Ordeño,06:13,20.70,1,,,,,0,,1.80,2.52,1.38,1.56,0,0,0,0,4.31,4.03,4.42,4.53,VMS 2,,Tanque,,2.70,3.30,1.86,2.04,5.30,5.39,4.84,5.17
18/04/2025 08:09 p. m.,Ordeño,07:05,20.11,2,,,,,0,,1.86,2.28,1.32,1.68,0,0,0,0,3.91,3.85,4.29,4.09,VMS 2,,Tanque,,2.52,2.82,1.80,2.16,4.95,5.20,4.50,5.46
19/04/2025 07:31 a. m.,Ordeño,07:38,12.66,1,,,TI,TI,0,,1.86,2.28,0.00,1.50,0,0,0,0,4.03,3.97,0.00,4.19,VMS 2,,Tanque,,2.52,3.06,0.00,1.92,4.02,4.18,0.00,4.46
19/04/2025 11:26 a. m.,Ordeño,07:57,8.40,2,,,DI,DI,0,,0.00,2.10,1.44,1.32,0,0,0,0,0.00,3.99,4.32,4.40,VMS 2,,Tanque,,0.00,2.70,1.92,1.74,0.00,1.99,4.60,1.81
19/04/2025 09:18 p. m.,Ordeño,05:43,19.13,3,,"TI,TD",,,0,,1.92,2.16,1.62,1.62,0,0,0,0,4.09,4.13,2.95,4.53,VMS 2,,Tanque,,2.46,3.06,2.46,2.10,5.51,4.55,4.44,4.63
20/04/2025 04:08 a. m.,Ordeño,09:15,8.72,1,,,DD,DD,0,,1.32,0.24,1.50,1.86,0,0,0,0,4.17,2.61,4.40,4.19,VMS 2,,Tanque,,1.68,0.48,1.86,2.64,2.66,0.10,3.17,2.79
20/04/2025 11:48 a. m.,Ordeño,07:01,16.33,2,,,,,0,,1.86,2.22,1.50,1.68,0,0,0,0,4.10,4.26,4.40,4.47,VMS 2,,Tanque,,2.40,3.00,1.92,2.16,3.63,3.64,5.28,3.78
20/04/2025 10:29 p. m.,Ordeño,06:45,18.60,3,,,,,0,,1.62,2.16,1.32,1.50,0,0,0,0,4.44,4.25,4.20,4.53,VMS 2,,Tanque,,2.40,2.70,1.74,2.52,4.34,5.06,4.20,5.00
21/04/2025 10:27 a. m.,Ordeño,08:29,20.25,1,,,,,0,,1.92,2.28,1.56,1.68,0,0,0,0,4.19,4.26,4.05,4.44,VMS 2,,Tanque,,2.76,3.12,2.10,2.04,4.71,5.28,4.62,5.64
21/04/2025 10:34 p. m.,Ordeño,05:58,18.36,2,,,,,0,,1.80,2.28,1.50,1.50,0,0,0,0,4.04,3.99,4.01,4.37,VMS 2,,Tanque,,2.22,3.06,1.92,2.04,4.36,4.81,4.28,4.91
22/04/2025 11:37 a. m.,Ordeño,07:09,16.92,1,,,DI,DI,0,,0.00,2.34,1.62,1.80,0,0,0,0,0.00,3.97,4.15,4.41,VMS 2,,Tanque,,0.00,3.00,2.04,2.28,0.00,5.85,4.93,6.14
22/04/2025 08:14 p. m.,Ordeño,08:41,15.75,2,,,,,0,,1.92,2.04,1.38,1.62,0,0,0,0,4.19,4.05,4.24,4.20,VMS 2,,Tanque,,2.52,2.64,1.80,2.10,5.17,3.64,3.24,3.70
23/04/2025 05:47 a. m.,Ordeño,11:55,6.36,1,,,"DI,TI","DI,TI",0,,0.00,1.68,0.00,1.44,0,0,0,0,0.00,3.98,0.00,4.14,VMS 2,,Tanque,,0.00,2.52,0.00,1.86,0.00,2.59,0.00,3.77
23/04/2025 04:09 p. m.,Ordeño,06:56,20.34,2,,,,,0,TI,1.80,2.16,1.44,1.74,0,0,0,0,3.77,3.38,4.27,4.06,VMS 2,,Tanque,,2.28,2.82,1.92,2.16,5.18,5.36,5.64,4.16
23/04/2025 11:27 p. m.,Ordeño,05:37,8.05,3,,TD,TD,,0,,1.68,2.04,1.32,1.32,0,0,0,0,4.13,4.17,4.04,4.22,VMS 2,,Tanque,,2.34,2.94,1.80,2.40,1.93,2.65,2.31,1.16
24/04/2025 07:22 a. m.,Ordeño,05:14,9.67,1,,TD,TD,,0,,1.86,2.28,1.38,1.14,0,0,0,0,4.28,4.11,4.23,4.62,VMS 2,,Tanque,,2.40,3.12,1.74,1.62,2.59,3.62,2.99,0.47
24/04/2025 02:35 p. m.,Ordeño,05:40,13.81,2,,,,,0,,1.74,2.04,1.20,1.68,0,0,0,0,4.50,4.43,4.56,4.27,VMS 2,,Tanque,,2.22,2.52,1.56,2.04,2.46,3.12,2.60,5.63
25/04/2025 01:35 a. m.,Ordeño,06:51,17.39,1,,TI,,,0,,1.98,2.22,1.38,1.62,0,0,0,0,4.73,4.39,4.56,4.21,VMS 2,,Tanque,,2.58,3.06,1.98,1.98,3.95,4.66,3.95,4.83
25/04/2025 12:17 p. m.,Ordeño,06:02,17.16,2,,,,,0,,1.86,2.34,1.50,1.56,0,0,0,0,4.58,4.42,4.42,4.47,VMS 2,,Tanque,,2.52,3.30,1.92,1.98,4.08,4.56,4.15,4.37
25/04/2025 06:30 p. m.,Ordeño,05:39,11.59,3,,,,,0,,1.74,2.34,1.26,1.62,0,0,0,0,4.49,4.14,4.57,4.28,VMS 2,,Tanque,,2.28,3.06,1.68,2.10,2.73,3.27,2.69,2.90
26/04/2025 03:16 a. m.,Ordeño,08:04,14.56,1,,,,,0,,1.98,2.22,1.44,1.62,0,0,0,0,4.50,4.30,4.48,4.41,VMS 2,,Tanque,,2.70,2.88,1.98,2.04,3.51,3.78,3.30,3.97
26/04/2025 03:32 p. m.,Ordeño,08:13,11.69,2,,"TI,TD",DD,DD,0,,1.92,0.00,1.62,1.74,0,0,0,0,4.47,0.00,4.21,4.33,VMS 2,,Tanque,,2.52,0.00,2.64,2.94,4.52,0.00,3.78,3.39
26/04/2025 07:52 p. m.,Ordeño,05:32,14.89,3,,,,,0,,1.98,2.40,1.44,1.56,0,0,0,0,3.87,4.15,4.17,4.03,VMS 2,,Tanque,,2.70,3.18,2.04,2.04,2.25,6.16,2.83,3.65
27/04/2025 04:22 a. m.,Ordeño,05:26,15.10,1,,,,,0,,2.10,2.10,1.44,1.56,0,0,0,0,4.31,3.97,4.29,4.52,VMS 2,,Tanque,,2.82,2.70,1.86,2.04,3.58,4.17,3.44,3.91
27/04/2025 10:42 a. m.,Ordeño,04:25,11.89,2,,,,,0,,2.04,2.16,1.44,1.74,0,0,0,0,4.32,4.13,4.54,4.17,VMS 2,,Tanque,,2.76,2.76,1.92,2.22,2.91,3.04,2.71,3.23
27/04/2025 06:05 p. m.,Ordeño,05:23,12.33,3,,,,,0,,1.92,1.80,1.26,1.62,0,0,0,0,4.31,4.25,4.56,4.16,VMS 2,,Tanque,,2.52,2.52,1.68,2.22,3.04,3.09,2.82,3.38
28/04/2025 04:04 a. m.,Ordeño,05:05,17.60,1,,,,,0,,1.98,2.34,1.56,1.74,0,0,0,0,4.40,4.26,4.34,4.36,VMS 2,,Tanque,,2.46,3.06,2.04,2.10,4.24,4.55,4.27,4.54
28/04/2025 02:42 p. m.,Ordeño,05:26,19.13,2,,,,,0,,2.22,2.28,1.44,1.80,0,0,0,0,4.14,4.11,4.34,4.15,VMS 2,,Tanque,,2.76,2.94,1.92,2.22,4.78,4.76,4.50,5.09
28/04/2025 10:43 p. m.,Ordeño,05:41,13.84,3,,,,,0,,2.04,1.80,1.38,1.50,0,0,0,0,4.00,4.18,4.15,3.88,VMS 2,,Tanque,,2.52,2.46,1.74,1.92,3.55,3.42,3.18,3.69
29/04/2025 10:32 a. m.,Ordeño,06:25,18.87,1,,TI,,,0,,1.92,2.10,1.32,1.50,0,0,0,0,3.97,3.99,4.24,3.42,VMS 2,,Tanque,,2.52,2.58,2.16,2.22,4.60,4.77,3.85,5.65
29/04/2025 07:05 p. m.,Ordeño,05:20,14.45,2,,,,,0,,1.98,1.86,1.32,1.56,0,0,0,0,3.91,4.29,4.22,4.13,VMS 2,,Tanque,,2.58,2.52,1.68,2.04,3.53,3.56,3.69,3.67
30/04/2025 12:30 a. m.,Ordeño,06:10,9.60,1,,,,,0,,1.68,2.28,1.38,1.56,0,0,0,0,4.22,3.93,3.99,4.01,VMS 2,,Tanque,,2.22,3.30,1.74,2.34,2.10,2.56,2.39,2.55
30/04/2025 10:57 a. m.,Ordeño,08:22,15.21,2,,TI,DI,,0,,1.74,2.40,1.38,1.80,0,0,0,0,4.39,3.93,4.04,3.99,VMS 2,,Tanque,,2.46,3.24,1.86,2.34,1.78,4.43,4.21,4.79
01/05/2025 12:06 a. m.,Ordeño,06:13,20.30,1,,,,,0,,2.28,2.46,1.44,1.74,0,0,0,0,3.79,4.11,4.18,4.00,VMS 2,,Tanque,,2.76,3.12,1.86,2.10,5.38,5.04,4.84,5.04
01/05/2025 06:38 a. m.,Ordeño,05:16,10.96,2,,,,,0,,1.80,2.04,1.38,1.50,0,0,0,0,3.80,3.99,4.10,4.00,VMS 2,,Tanque,,2.34,2.64,2.04,2.04,2.55,3.00,2.47,2.94
01/05/2025 02:47 p. m.,Ordeño,05:12,13.75,3,,,,,0,,1.92,2.16,1.32,1.68,0,0,0,0,4.21,4.12,4.29,4.00,VMS 2,,Tanque,,2.46,3.06,1.74,2.16,3.21,3.68,3.05,3.81
01/05/2025 10:58 p. m.,Ordeño,05:09,13.65,4,,,,,0,,2.04,2.16,1.50,1.44,0,0,0,0,4.01,3.98,4.24,4.19,VMS 2,,Tanque,,2.64,2.82,1.92,1.98,3.26,3.63,3.23,3.53
02/05/2025 11:36 a. m.,Ordeño,07:20,18.98,1,,,,,0,,2.04,2.22,1.38,1.68,0,0,0,0,4.32,4.12,4.41,4.03,VMS 2,,Tanque,,2.64,2.76,1.86,2.22,4.62,5.01,4.28,5.07
03/05/2025 12:01 a. m.,Ordeño,06:21,20.80,1,,,,,0,,2.16,2.34,1.44,1.74,0,0,0,0,3.85,3.93,4.23,3.86,VMS 2,,Tanque,,2.76,3.00,1.92,2.34,4.86,5.30,4.87,5.77
03/05/2025 09:47 a. m.,Ordeño,05:48,16.32,2,,,,,0,,2.10,2.40,1.32,1.68,0,0,0,0,3.75,3.77,4.17,3.72,VMS 2,,Tanque,,2.64,3.18,1.68,2.10,3.99,4.32,3.66,4.35
03/05/2025 03:41 p. m.,Ordeño,05:17,9.03,3,,,,,0,,1.74,1.80,1.32,1.50,0,0,0,0,3.89,4.10,4.30,3.86,VMS 2,,Tanque,,2.28,2.34,1.80,2.40,2.15,2.30,2.10,2.48
04/05/2025 01:08 a. m.,Ordeño,05:05,15.19,1,,,,,0,,1.92,2.34,1.44,1.80,0,0,0,0,4.18,4.02,4.21,4.01,VMS 2,,Tanque,,2.40,2.94,1.86,2.22,3.73,3.87,3.61,3.98
04/05/2025 11:10 a. m.,Ordeño,06:49,16.80,2,,,,,0,,1.98,2.04,1.32,1.62,0,0,0,0,4.18,4.32,4.47,4.04,VMS 2,,Tanque,,2.70,2.64,1.74,2.22,4.05,4.34,3.83,4.58
05/05/2025 12:40 a. m.,Ordeño,05:56,22.37,1,,,,,0,,2.10,2.46,1.50,1.86,0,0,0,0,3.94,4.06,4.21,3.94,VMS 2,,Tanque,,2.70,3.18,1.86,2.28,5.08,5.68,5.22,6.39
05/05/2025 06:39 a. m.,Ordeño,09:41,7.95,2,,,DI,DI,0,,0.24,2.10,1.26,1.74,0,0,0,0,2.88,3.53,3.93,3.45,VMS 2,,Tanque,,0.54,2.70,1.80,2.28,0.12,2.61,2.59,2.63
05/05/2025 09:46 a. m.,Ordeño,05:17,6.87,3,,,,,0,DI,1.98,1.74,1.08,0.78,0,0,0,0,4.29,3.51,4.08,3.80,VMS 2,,Tanque,,2.64,2.34,1.50,1.44,3.21,1.38,1.17,1.11
05/05/2025 05:37 p. m.,Ordeño,07:10,12.45,4,,,,,0,,1.26,2.16,1.86,1.62,0,0,0,0,3.93,3.79,4.02,3.80,VMS 2,,Tanque,,1.68,2.94,2.58,2.04,2.94,3.31,2.84,3.36
06/05/2025 02:30 a. m.,Ordeño,05:44,15.11,1,,,,,0,,1.98,2.22,1.56,1.50,0,0,0,0,3.85,3.72,2.95,3.83,VMS 2,,Tanque,,2.58,3.00,2.16,1.92,3.62,3.87,3.78,3.84
06/05/2025 12:15 p. m.,Ordeño,05:22,16.11,2,,,,,0,,2.10,2.16,1.50,1.68,0,0,0,0,3.84,3.77,3.83,3.83,VMS 2,,Tanque,,2.70,2.88,1.92,2.10,3.85,4.06,3.69,4.51
06/05/2025 09:16 p. m.,Ordeño,04:53,14.74,3,,,,,0,,1.98,2.22,1.38,1.68,0,0,0,0,4.07,3.91,4.08,3.82,VMS 2,,Tanque,,2.76,2.94,1.80,2.16,3.60,3.79,3.32,4.03
07/05/2025 09:05 a. m.,Ordeño,06:33,18.30,1,,,,,0,,2.10,2.28,1.56,1.68,0,0,0,0,3.94,3.71,3.83,3.87,VMS 2,,Tanque,,2.58,2.94,2.04,2.10,4.54,4.49,4.43,4.84
07/05/2025 04:39 p. m.,Ordeño,06:57,6.71,2,,,TD,TD,0,,1.92,2.04,1.32,0.00,0,0,318,0,3.83,3.65,3.89,0.00,VMS 2,,Tanque,,2.52,2.82,1.74,0.00,2.21,2.41,2.09,0.00
08/05/2025 12:08 a. m.,Ordeño,05:59,12.41,1,,,,,0,,1.98,1.92,1.44,1.62,0,0,0,0,3.69,3.74,3.81,3.83,VMS 2,,Tanque,,2.52,2.64,1.80,1.98,2.61,2.55,2.44,4.81
08/05/2025 10:25 a. m.,Ordeño,05:34,15.75,2,,,,,0,,2.10,2.34,1.68,1.98,0,0,0,0,4.09,3.85,3.89,3.65,VMS 2,,Tanque,,2.82,3.06,2.16,2.40,3.73,3.93,3.71,4.38
08/05/2025 07:06 p. m.,Ordeño,04:37,12.83,3,,,,,0,,2.04,2.16,1.56,1.80,0,0,0,0,3.80,3.71,3.81,3.69,VMS 2,,Tanque,,2.76,2.82,1.98,2.52,3.04,3.29,3.05,3.45
09/05/2025 12:45 a. m.,Ordeño,04:13,9.51,1,,,,,0,,2.04,2.10,1.38,1.68,0,0,0,0,3.93,3.66,3.87,3.75,VMS 2,,Tanque,,2.58,2.70,1.80,2.16,2.46,2.38,2.19,2.48
09/05/2025 08:17 a. m.,Ordeño,04:59,12.61,2,,,,,0,,2.10,2.10,1.50,1.56,0,0,0,0,4.05,4.04,4.09,4.23,VMS 2,,Tanque,,2.76,2.76,1.92,2.04,3.20,3.24,2.92,3.25
09/05/2025 07:21 p. m.,Ordeño,06:28,17.16,3,,,,,0,,1.86,1.98,1.44,1.56,0,0,0,0,4.13,3.98,4.16,4.08,VMS 2,,Tanque,,2.64,2.52,1.86,1.92,4.26,4.26,4.13,4.51
10/05/2025 03:18 a. m.,Ordeño,04:39,14.77,1,,,,,0,,2.04,2.28,1.56,1.86,0,0,0,0,3.91,3.84,3.99,3.87,VMS 2,,Tanque,,2.64,3.06,1.92,2.22,3.82,3.69,3.22,4.04
10/05/2025 11:19 a. m.,Ordeño,05:46,14.53,2,,,,,0,,1.80,2.04,1.44,1.68,0,0,0,0,4.02,3.85,4.00,3.94,VMS 2,,Tanque,,2.28,2.52,1.86,2.34,3.57,3.58,3.42,3.96
10/05/2025 04:49 p. m.,Ordeño,04:06,9.10,3,,,,,0,,1.86,2.16,1.38,1.50,0,0,0,0,3.87,3.74,4.03,3.84,VMS 2,,Tanque,,2.70,2.94,1.92,2.22,2.22,2.38,2.10,2.40
10/05/2025 11:37 p. m.,Ordeño,05:11,11.11,4,,,,,0,,1.86,2.16,1.26,1.62,0,0,0,0,4.00,3.89,4.20,3.93,VMS 2,,Tanque,,2.46,2.88,1.68,2.16,2.78,2.69,2.58,3.06
11/05/2025 07:20 a. m.,Ordeño,05:07,14.02,1,,,,,0,,1.68,2.28,1.38,1.68,0,0,0,0,4.30,4.01,4.30,4.27,VMS 2,,Tanque,,2.22,2.94,1.80,2.22,3.49,3.47,3.26,3.80
11/05/2025 02:25 p. m.,Ordeño,04:34,12.94,2,,,,,0,,1.98,2.22,1.38,1.74,0,0,0,0,3.96,3.87,4.11,4.01,VMS 2,,Tanque,,2.58,3.06,1.86,2.22,3.12,3.18,3.01,3.63
11/05/2025 11:05 p. m.,Ordeño,04:54,15.30,3,,,,,0,,2.04,2.46,1.38,1.80,0,0,0,0,4.04,4.00,4.03,3.88,VMS 2,,Tanque,,2.64,3.06,1.74,2.46,3.80,3.79,3.60,4.11
12/05/2025 10:10 a. m.,Ordeño,05:43,20.04,1,,,,,0,,2.16,2.52,1.50,1.92,0,0,0,0,3.96,4.06,4.09,4.04,VMS 2,,Tanque,,2.94,3.24,1.98,2.46,5.01,4.97,4.54,5.52
12/05/2025 06:54 p. m.,Ordeño,05:44,15.26,2,,,,,0,,2.04,2.16,1.56,1.50,0,0,0,0,3.65,3.85,3.91,3.94,VMS 2,,Tanque,,2.58,2.88,1.98,1.98,3.91,3.73,3.74,3.88
13/05/2025 03:18 a. m.,Ordeño,05:09,14.50,1,,,,,0,,2.04,2.46,1.44,1.50,0,0,0,0,3.80,3.85,3.82,3.94,VMS 2,,Tanque,,2.64,3.24,2.04,1.86,3.68,3.74,3.42,3.66
13/05/2025 11:59 a. m.,Ordeño,06:50,15.96,2,,,,,0,,2.10,2.34,1.44,1.68,0,0,0,0,3.98,3.87,4.03,3.74,VMS 2,,Tanque,,2.76,3.24,1.92,2.76,3.99,4.19,3.67,4.11
13/05/2025 09:20 p. m.,Ordeño,04:49,15.42,3,,,,,0,,2.04,2.16,1.56,1.68,0,0,0,0,4.22,3.95,4.08,4.03,VMS 2,,Tanque,,2.52,2.88,2.22,2.16,3.68,3.88,3.61,4.25
14/05/2025 03:19 a. m.,Ordeño,04:52,11.35,1,,,,,0,,1.68,2.28,1.38,1.38,0,0,0,0,3.81,3.98,4.02,4.00,VMS 2,,Tanque,,2.16,2.88,1.86,1.80,2.75,3.05,2.70,2.85
14/05/2025 09:51 a. m.,Ordeño,04:14,11.31,2,,,,,0,,1.98,2.22,1.32,1.50,0,0,0,0,4.10,4.05,4.25,4.14,VMS 2,,Tanque,,2.64,3.06,1.80,2.04,2.78,3.02,2.55,2.96
14/05/2025 05:55 p. m.,Ordeño,04:50,13.93,3,,,,,0,,2.04,2.22,1.44,1.38,0,0,0,0,4.27,4.37,4.26,4.32,VMS 2,,Tanque,,2.58,3.00,1.80,1.86,3.45,3.61,3.35,3.52
15/05/2025 03:26 a. m.,Ordeño,06:45,12.42,1,,TI,TD,,0,,1.98,2.46,1.56,1.38,0,0,0,0,4.29,3.98,4.05,4.22,VMS 2,,Tanque,,2.88,3.30,2.10,2.40,3.97,3.60,4.23,0.62
15/05/2025 09:08 a. m.,Ordeño,05:45,13.10,2,,,,,0,,1.86,2.10,1.44,1.56,0,0,0,0,4.03,3.87,4.15,3.90,VMS 2,,Tanque,,2.40,2.76,1.86,2.04,2.61,2.57,5.11,2.81
15/05/2025 10:43 p. m.,Ordeño,06:24,21.72,3,,,,,0,,1.92,1.98,1.38,1.74,0,0,0,0,4.40,4.07,4.11,4.03,VMS 2,,Tanque,,2.34,2.58,1.74,2.70,5.15,5.47,4.74,6.36
16/05/2025 06:07 a. m.,Ordeño,04:48,12.19,1,,,,,0,,1.68,2.22,1.26,1.44,0,0,0,0,3.94,3.72,3.94,3.80,VMS 2,,Tanque,,2.04,2.88,1.62,1.92,3.09,3.21,2.69,3.20
19/05/2025 03:52 p. m.,Ordeño,07:59,23.09,1,,,,,0,,2.16,2.46,1.56,2.76,0,0,0,0,3.47,3.49,2.95,3.10,VMS 2,,Tanque,,2.58,2.94,1.98,3.78,5.04,5.84,4.95,7.26
21/05/2025 02:34 a. m.,Ordeño,05:48,21.07,1,,,,,0,,2.28,2.46,1.50,1.74,0,0,0,0,3.95,4.09,4.19,3.78,VMS 2,,Tanque,,2.76,3.18,1.92,2.88,5.33,5.33,4.90,5.51
22/05/2025 07:48 a. m.,Ordeño,06:32,23.34,1,,,,,0,,1.98,2.34,1.50,1.98,0,0,0,0,3.91,3.93,4.18,3.92,VMS 2,,Tanque,,2.58,2.94,2.04,2.70,5.51,6.15,5.29,6.39
23/05/2025 12:07 a. m.,Ordeño,05:49,19.66,1,,,,,0,,2.04,2.58,1.38,1.86,0,0,0,0,4.20,4.17,4.21,4.09,VMS 2,,Tanque,,2.58,3.12,1.74,2.52,4.95,4.78,4.47,5.46
23/05/2025 06:06 p. m.,Ordeño,05:31,19.55,2,,,,,0,,1.98,2.40,1.62,1.80,0,0,0,0,4.31,4.09,4.20,4.16,VMS 2,,Tanque,,2.58,3.18,2.22,2.82,4.79,4.75,4.82,5.19
23/05/2025 10:45 p. m.,Ordeño,04:07,7.03,3,,,,,0,,1.92,1.74,1.32,1.44,0,0,0,0,3.74,3.87,3.99,3.68,VMS 2,,Tanque,,2.82,2.70,1.86,2.10,1.80,1.73,1.53,1.97
25/05/2025 05:27 a. m.,Ordeño,13:47,23.71,1,,,,,0,,2.16,2.58,1.56,1.80,0,0,0,0,4.04,3.79,3.78,3.66,VMS 2,,Tanque,,3.00,3.30,2.10,2.58,5.82,6.00,5.78,6.11
26/05/2025 02:43 a. m.,Ordeño,06:12,23.88,1,,,,,0,,2.28,2.40,1.56,1.80,0,0,0,0,3.68,3.75,3.84,3.94,VMS 2,,Tanque,,3.00,3.30,2.04,2.52,6.10,6.02,5.45,6.31
27/05/2025 10:23 a. m.,Ordeño,06:29,13.39,1,,,"TI,TD",,0,,2.16,2.40,1.14,1.56,0,0,0,0,3.73,4.14,4.36,4.11,VMS 2,,Tanque,,2.70,3.24,1.74,2.10,5.43,5.13,1.13,1.70
27/05/2025 09:52 p. m.,Ordeño,06:17,17.84,2,,,,,0,,1.98,2.40,1.56,1.74,0,0,0,0,3.91,3.88,4.23,4.20,VMS 2,,Tanque,,2.52,2.94,1.98,2.34,4.00,4.63,4.09,5.12
28/05/2025 07:42 a. m.,Ordeño,06:50,14.86,1,,,,,0,,2.04,2.52,1.56,1.56,0,0,0,0,3.96,4.02,4.26,4.18,VMS 2,,Tanque,,2.46,3.12,2.04,2.10,3.27,3.75,3.58,4.26
28/05/2025 09:46 p. m.,Ordeño,07:40,18.78,2,,TD,,,0,,1.98,2.28,1.56,1.62,0,0,0,0,4.23,4.13,4.24,4.29,VMS 2,,Tanque,,2.76,3.12,2.22,2.22,4.90,5.31,5.31,3.26
29/05/2025 10:26 a. m.,Ordeño,07:17,16.98,1,,,,DD,0,,2.28,0.00,1.56,1.92,0,0,0,0,3.82,0.00,3.90,4.03,VMS 2,,Tanque,,2.76,0.00,2.10,3.30,4.89,0.00,4.61,7.48
29/05/2025 08:02 p. m.,Ordeño,08:12,15.22,2,,,,,0,,2.04,1.98,1.32,1.50,0,0,0,0,3.88,3.88,4.02,3.83,VMS 2,,Tanque,,2.52,2.58,1.68,1.92,5.53,3.23,3.01,3.45
30/05/2025 06:45 a. m.,Ordeño,05:33,16.46,1,,,,,0,,2.16,2.28,1.50,1.50,0,0,0,0,3.50,3.76,3.90,3.85,VMS 2,,Tanque,,2.82,2.76,2.04,2.04,3.97,4.16,4.07,4.26
30/05/2025 03:38 p. m.,Ordeño,05:49,12.54,2,,,,,0,,2.10,2.28,1.74,1.50,0,0,0,0,3.70,3.63,3.67,3.81,VMS 2,,Tanque,,2.58,2.82,2.22,2.04,2.80,3.34,3.38,3.02
31/05/2025 04:27 a. m.,Ordeño,08:57,17.68,1,,TD,,,0,,1.98,2.10,1.44,1.86,0,0,0,0,3.95,4.06,3.95,3.69,VMS 2,,Tanque,,3.18,2.76,2.40,2.34,4.23,4.29,6.39,2.77
31/05/2025 02:02 p. m.,Ordeño,08:00,12.62,2,,DI,,,0,,1.98,2.22,1.62,1.56,0,0,0,0,4.02,3.68,3.80,3.80,VMS 2,,Tanque,,3.06,2.76,2.04,2.16,1.37,3.68,3.95,3.62
01/06/2025 12:03 a. m.,Ordeño,09:33,12.05,1,,,,TI,0,,2.28,2.40,0.12,1.62,0,0,0,0,4.01,3.82,1.54,3.77,VMS 2,,Tanque,,3.00,3.00,0.48,2.22,4.55,3.64,0.13,3.73
01/06/2025 10:22 a. m.,Ordeño,06:48,18.50,2,,,,,0,,2.16,2.22,1.62,1.86,0,0,0,0,3.74,3.79,4.13,3.74,VMS 2,,Tanque,,2.76,3.06,2.10,2.52,4.13,3.99,5.86,4.52
01/06/2025 10:49 p. m.,Ordeño,10:11,18.27,3,,,,,0,,2.28,2.34,1.80,1.62,0,0,0,0,3.84,4.13,3.89,3.48,VMS 2,,Tanque,,3.00,3.06,2.34,2.34,4.42,4.59,5.32,3.94
02/06/2025 07:16 a. m.,Ordeño,07:13,13.08,1,,,,,0,,1.92,2.40,1.80,1.68,0,0,0,0,3.89,3.48,3.23,3.61,VMS 2,,Tanque,,2.34,3.06,2.34,2.16,2.94,3.34,3.52,3.28
02/06/2025 06:25 p. m.,Ordeño,06:38,11.70,2,,,TD,,0,,2.10,2.40,1.44,1.68,0,0,0,0,3.79,3.65,2.95,3.84,VMS 2,,Tanque,,2.88,3.00,2.04,2.46,3.28,3.47,3.05,1.90
03/06/2025 04:12 a. m.,Ordeño,06:01,17.10,1,,,,,0,,2.28,2.46,1.62,1.80,0,0,0,0,3.99,3.90,3.94,3.99,VMS 2,,Tanque,,2.88,3.24,2.16,2.34,3.79,3.92,3.49,5.90
03/06/2025 02:08 p. m.,Ordeño,07:11,11.15,2,,,TD,,0,,2.04,2.34,1.62,1.32,0,0,0,0,4.01,3.90,4.14,4.23,VMS 2,,Tanque,,2.82,3.06,2.10,2.64,3.52,3.26,3.81,0.56
03/06/2025 10:44 p. m.,Ordeño,06:57,16.68,3,,,,,0,,2.22,2.16,1.50,1.32,0,0,0,0,3.96,3.92,4.13,4.07,VMS 2,,Tanque,,2.88,2.70,1.98,1.98,3.57,3.78,5.31,4.02
04/06/2025 06:24 a. m.,Ordeño,05:17,12.08,1,,,,,0,,2.16,2.34,1.56,1.56,0,0,0,0,3.84,3.72,2.88,4.11,VMS 2,,Tanque,,2.58,3.00,2.16,1.86,3.05,3.18,2.78,3.07
04/06/2025 02:46 p. m.,Ordeño,05:40,12.33,2,,,,,0,,1.98,2.16,1.20,1.62,0,0,0,0,4.29,4.08,4.32,4.26,VMS 2,,Tanque,,2.58,2.76,1.50,2.16,3.14,3.35,2.49,3.35
05/06/2025 01:02 a. m.,Ordeño,10:54,12.48,1,,DI,TD,,0,,1.92,2.40,1.80,0.18,0,0,0,0,4.43,4.22,4.34,1.94,VMS 2,,Tanque,,3.00,3.36,2.28,0.48,3.17,4.44,4.67,0.20
05/06/2025 07:30 a. m.,Ordeño,06:54,14.88,2,,,,,0,,2.04,2.34,1.50,1.68,0,0,0,0,4.28,4.23,4.63,4.01,VMS 2,,Tanque,,2.58,2.94,1.86,2.10,3.56,3.09,4.98,3.25
05/06/2025 04:53 p. m.,Ordeño,07:52,15.35,3,,TI,,,0,,1.56,2.22,2.10,1.68,0,0,0,0,4.50,4.26,4.13,4.60,VMS 2,,Tanque,,3.18,3.00,2.88,2.28,4.61,4.14,2.35,4.25
06/06/2025 03:52 a. m.,Ordeño,07:40,14.56,1,,TI,TD,,0,,1.98,2.46,1.74,1.02,0,0,0,0,4.28,4.11,4.20,4.10,VMS 2,,Tanque,,2.76,2.94,2.28,2.46,4.57,4.47,4.95,0.57
06/06/2025 12:02 p. m.,Ordeño,05:47,16.50,2,,,,,0,,2.16,2.40,1.62,1.68,0,0,0,0,3.96,3.90,4.30,3.93,VMS 2,,Tanque,,2.76,3.00,1.98,2.22,3.61,3.75,5.50,3.64
06/06/2025 10:54 p. m.,Ordeño,07:01,16.20,3,,,,,0,,2.16,2.34,1.62,1.68,0,0,0,0,4.23,4.24,3.97,4.24,VMS 2,,Tanque,,2.70,3.00,2.10,2.22,3.89,4.18,3.40,4.73
07/06/2025 11:19 a. m.,Ordeño,07:49,13.85,1,,"DI,DD,TI",TD,,0,,2.16,2.52,1.74,1.98,0,0,0,0,4.49,4.26,4.42,4.32,VMS 2,,Tanque,,3.18,3.54,2.58,2.76,4.13,3.73,4.32,1.67
07/06/2025 11:12 p. m.,Ordeño,07:14,21.93,2,,,,,0,,2.04,2.22,1.44,1.74,0,0,0,0,4.04,3.98,4.32,4.01,VMS 2,,Tanque,,2.82,2.82,1.98,2.16,4.87,5.32,5.29,6.45
08/06/2025 09:57 a. m.,Ordeño,06:30,16.43,1,,,,,0,,2.10,2.10,1.68,1.74,0,0,0,0,3.95,3.87,2.88,3.81,VMS 2,,Tanque,,2.76,2.88,2.16,2.46,3.87,4.49,3.26,4.81
08/06/2025 07:02 p. m.,Ordeño,06:46,14.90,2,,,,,0,,2.10,2.28,1.56,1.74,0,0,0,0,4.09,4.14,4.23,4.03,VMS 2,,Tanque,,2.58,3.06,2.16,2.28,3.48,3.90,3.23,4.29
09/06/2025 10:35 a. m.,Ordeño,07:57,22.81,1,,,,,0,,2.22,2.40,1.44,1.86,0,0,0,0,4.23,4.25,4.36,4.18,VMS 2,,Tanque,,3.00,3.06,1.92,2.58,5.70,5.62,5.30,6.19
09/06/2025 09:57 p. m.,Ordeño,06:00,18.08,2,,,,,0,,2.22,2.04,1.56,1.98,0,0,0,0,4.02,3.82,4.38,3.99,VMS 2,,Tanque,,2.70,3.30,2.10,2.64,4.36,4.20,4.15,5.37
10/06/2025 09:33 a. m.,Ordeño,06:36,19.30,1,,,,,0,,1.98,2.28,1.38,1.80,0,0,0,0,3.93,4.00,4.45,3.96,VMS 2,,Tanque,,2.40,2.88,1.74,2.46,4.63,4.84,4.22,5.61
10/06/2025 07:28 p. m.,Ordeño,07:34,15.42,2,,,,,0,,2.16,2.04,1.20,1.68,0,0,0,0,3.73,4.00,4.36,3.85,VMS 2,,Tanque,,2.64,2.70,1.62,2.22,3.88,4.02,3.36,4.16
11/06/2025 03:31 a. m.,Ordeño,05:59,11.63,1,,,,,0,,2.10,2.04,1.62,1.44,0,0,0,0,3.93,4.16,4.20,3.91,VMS 2,,Tanque,,2.64,2.70,2.16,1.86,2.82,2.78,3.29,2.74
11/06/2025 12:50 p. m.,Ordeño,06:03,14.51,2,,,,,0,,2.10,2.46,1.44,1.86,0,0,0,0,4.14,4.24,4.31,4.13,VMS 2,,Tanque,,2.88,3.30,1.92,2.28,3.61,3.69,3.28,3.93
11/06/2025 10:25 p. m.,Ordeño,08:08,11.76,3,,,TI,TI,0,,1.98,2.40,0.00,1.74,0,0,0,0,4.06,4.11,0.00,4.22,VMS 2,,Tanque,,2.58,3.30,0.00,2.34,3.40,3.94,0.00,4.42
12/06/2025 04:21 a. m.,Ordeño,06:45,13.65,1,,TD,,,0,,1.98,2.34,1.56,1.32,0,0,0,0,3.95,3.95,4.24,4.01,VMS 2,,Tanque,,2.46,3.18,2.04,1.86,2.75,2.69,5.33,2.88
12/06/2025 12:34 p. m.,Ordeño,07:29,12.81,2,,,,,0,,2.04,2.22,1.32,1.62,0,0,0,0,3.95,3.90,4.24,4.06,VMS 2,,Tanque,,2.70,2.94,1.74,2.16,3.07,3.27,2.73,3.74
12/06/2025 09:20 p. m.,Ordeño,06:31,14.60,3,,,,,0,,2.16,2.22,1.56,1.62,0,0,0,0,4.13,4.04,4.07,3.78,VMS 2,,Tanque,,2.94,2.88,1.98,2.10,3.63,3.79,3.20,3.98
13/06/2025 10:17 a. m.,Ordeño,07:03,20.95,1,,,,,0,,2.10,2.34,1.44,1.62,0,0,0,0,4.08,4.01,4.25,4.27,VMS 2,,Tanque,,2.70,3.12,2.22,2.10,5.01,5.47,4.59,5.88
14/06/2025 01:18 a. m.,Ordeño,07:59,22.61,1,,,,,0,,2.40,2.40,1.62,1.74,0,0,0,0,4.09,3.97,4.07,4.01,VMS 2,,Tanque,,2.88,3.18,2.04,2.28,5.35,5.64,5.31,6.31
14/06/2025 10:38 a. m.,Ordeño,06:27,10.49,2,,,DD,DD,0,,2.16,0.00,1.32,1.56,0,0,0,0,3.65,0.00,3.96,3.82,VMS 2,,Tanque,,2.70,0.00,1.74,1.98,3.37,0.00,3.17,3.95
14/06/2025 05:27 p. m.,Ordeño,09:41,10.01,3,,"DD,TI",TD,TD,0,,1.74,2.10,1.56,0.24,0,0,0,0,4.07,4.29,3.88,2.88,VMS 2,,Tanque,,2.22,3.18,2.22,0.48,2.26,4.86,2.74,0.15
15/06/2025 03:00 a. m.,Ordeño,07:06,14.41,1,,TI,,,0,,2.10,2.28,1.44,1.62,0,0,0,0,3.94,3.74,4.36,4.04,VMS 2,,Tanque,,2.58,3.48,2.04,2.10,3.76,3.92,2.69,4.04
15/06/2025 10:10 a. m.,Ordeño,06:37,13.55,2,,,,,0,,1.98,2.22,1.56,1.44,0,0,0,0,3.81,3.72,4.09,4.06,VMS 2,,Tanque,,2.58,2.88,2.04,1.92,2.90,2.68,4.86,3.11
15/06/2025 07:13 p. m.,Ordeño,07:46,10.02,3,,,DD,DD,0,,2.16,0.36,1.44,1.98,0,0,0,0,4.08,2.75,4.02,3.71,VMS 2,,Tanque,,2.82,0.90,1.80,3.12,3.63,0.12,3.07,3.20
16/06/2025 02:12 a. m.,Ordeño,06:58,15.05,1,,,,,0,,2.16,2.22,1.86,1.32,0,0,0,0,4.24,4.05,4.04,4.23,VMS 2,,Tanque,,2.76,3.30,2.46,1.74,3.04,2.96,6.40,2.65
16/06/2025 09:04 a. m.,Ordeño,05:36,11.76,2,,,,,0,,2.10,2.16,1.50,1.38,0,0,0,0,4.09,3.98,4.02,3.93,VMS 2,,Tanque,,2.64,2.70,2.04,1.92,3.07,3.00,2.74,2.95
16/06/2025 07:47 p. m.,Ordeño,09:05,15.98,3,,,,,0,,2.04,2.34,1.38,1.62,0,0,0,0,3.92,3.98,4.18,3.94,VMS 2,,Tanque,,2.58,2.82,1.86,2.34,4.00,4.21,3.62,4.15
17/06/2025 02:46 a. m.,Ordeño,07:19,11.83,1,,,,,0,,1.68,2.22,1.80,1.44,0,0,0,0,3.59,3.92,4.28,3.95,VMS 2,,Tanque,,2.16,3.06,2.40,1.92,3.15,2.92,2.71,3.05
17/06/2025 03:09 p. m.,Ordeño,08:10,14.26,2,,TI,TI,TI,0,,2.04,2.16,0.24,1.68,0,0,0,0,4.07,4.01,2.28,3.95,VMS 2,,Tanque,,2.70,2.82,0.60,2.28,4.15,4.74,0.08,5.29
17/06/2025 10:55 p. m.,Ordeño,06:24,15.28,3,,,,,0,TI,2.10,2.10,1.56,1.62,0,0,0,0,3.65,3.60,4.27,3.89,VMS 2,,Tanque,,2.58,2.76,1.98,2.16,3.34,3.10,5.37,3.47
18/06/2025 08:41 a. m.,Ordeño,05:52,15.36,1,,,,,0,,2.34,2.10,1.56,1.74,0,0,0,0,3.83,3.88,2.88,3.97,VMS 2,,Tanque,,2.82,2.82,2.10,2.22,3.80,4.04,3.15,4.37
18/06/2025 07:47 p. m.,Ordeño,08:42,16.18,2,,TI,,,0,,1.98,2.34,1.50,1.80,0,0,0,0,4.05,3.81,4.05,3.70,VMS 2,,Tanque,,3.12,3.06,2.22,2.34,3.24,4.48,3.93,4.53
19/06/2025 08:18 a. m.,Ordeño,07:46,18.84,1,,,,,0,,2.34,2.34,1.56,1.92,0,0,0,0,3.66,3.78,3.88,3.96,VMS 2,,Tanque,,3.30,3.00,1.98,2.40,4.65,4.78,4.19,5.22
19/06/2025 05:18 p. m.,Ordeño,05:54,12.16,2,,,,,0,,2.34,2.34,1.50,1.74,0,0,0,0,3.71,3.84,4.03,3.89,VMS 2,,Tanque,,3.00,2.94,2.10,2.40,2.97,3.10,2.67,3.42
20/06/2025 01:43 a. m.,Ordeño,07:45,9.51,1,,,TI,TI,0,,2.22,2.10,0.00,1.74,0,0,0,0,3.92,3.86,0.00,3.90,VMS 2,,Tanque,,2.88,2.88,0.00,2.40,2.86,3.06,0.00,3.59
20/06/2025 07:56 a. m.,Ordeño,06:19,12.01,2,,,,,0,,2.22,2.10,1.50,1.74,0,0,0,0,3.78,3.73,4.28,3.96,VMS 2,,Tanque,,2.88,2.76,2.04,2.34,2.47,2.51,4.41,2.62
20/06/2025 06:47 p. m.,Ordeño,05:28,14.97,3,,,,,0,,2.22,2.22,1.50,1.68,0,0,0,0,3.70,3.73,4.01,3.96,VMS 2,,Tanque,,2.70,2.76,1.86,2.16,3.67,3.78,3.16,4.36
21/06/2025 04:17 a. m.,Ordeño,07:19,13.14,1,,,,,0,,1.98,1.68,1.26,1.56,0,0,0,0,4.04,4.00,4.07,3.83,VMS 2,,Tanque,,2.70,2.28,1.74,2.04,3.23,3.30,2.86,3.75
21/06/2025 11:47 a. m.,Ordeño,07:23,10.32,2,,,,,0,,1.98,1.98,1.26,1.44,0,0,0,0,3.72,3.87,4.27,3.83,VMS 2,,Tanque,,2.70,2.82,1.68,2.16,2.58,2.63,2.17,2.94
21/06/2025 09:18 p. m.,Ordeño,05:50,13.16,3,,,,,0,,2.04,2.16,1.38,1.56,0,0,0,0,3.91,3.70,4.21,3.86,VMS 2,,Tanque,,2.52,2.76,1.74,2.16,3.37,3.15,2.79,3.85
22/06/2025 11:53 a. m.,Ordeño,05:48,20.34,1,,,,,0,,2.22,2.28,1.50,1.68,0,0,0,0,3.85,3.89,4.06,3.88,VMS 2,,Tanque,,3.06,2.88,1.98,2.16,4.96,5.22,4.53,5.63
22/06/2025 10:13 p. m.,Ordeño,05:26,12.01,2,,,,,0,TI,1.98,2.28,1.26,1.74,0,0,0,0,3.60,3.68,4.07,3.39,VMS 2,,Tanque,,2.46,3.00,1.86,2.94,2.78,3.05,2.62,3.56
23/06/2025 10:24 a. m.,Ordeño,07:30,17.49,1,,,,,0,,1.98,2.04,1.32,1.68,0,0,0,0,3.92,3.89,4.27,3.81,VMS 2,,Tanque,,2.34,2.64,1.68,2.22,4.29,4.30,3.86,5.04
23/06/2025 08:24 p. m.,Ordeño,09:51,9.71,2,,DI,TD,TD,0,,1.92,2.04,1.74,0.24,0,0,0,0,3.86,3.92,3.67,2.41,VMS 2,,Tanque,,2.64,2.58,2.34,0.54,2.87,3.07,3.64,0.13
24/06/2025 04:12 a. m.,Ordeño,07:03,14.47,1,,,,,0,,2.10,2.28,1.50,1.62,0,0,0,0,3.91,3.99,4.21,3.90,VMS 2,,Tanque,,2.58,3.00,1.98,2.34,3.07,2.99,5.37,3.04
24/06/2025 03:42 p. m.,Ordeño,07:05,12.64,2,,TD,TD,,0,,2.16,2.52,1.50,1.38,0,0,0,0,3.98,4.24,3.86,4.02,VMS 2,,Tanque,,2.82,3.24,2.16,2.46,4.32,4.21,3.77,0.34
24/06/2025 10:52 p. m.,Ordeño,06:18,14.10,3,,,,,0,,1.80,2.16,1.26,1.80,0,0,0,0,3.93,3.88,4.13,4.01,VMS 2,,Tanque,,2.22,2.70,1.68,2.34,2.72,2.86,2.30,6.22
25/06/2025 09:28 a. m.,Ordeño,06:31,12.98,1,,,TI,TI,0,,2.16,2.34,0.00,1.86,0,0,0,0,4.06,4.15,0.00,3.68,VMS 2,,Tanque,,2.64,3.00,0.00,2.46,4.19,4.36,0.00,4.43
25/06/2025 03:59 p. m.,Ordeño,06:30,10.99,2,,,,TD,0,,1.86,2.10,1.56,0.00,0,0,0,0,3.92,4.00,4.48,0.00,VMS 2,,Tanque,,2.46,2.76,2.10,0.00,2.62,2.66,5.71,0.00
26/06/2025 03:02 a. m.,Ordeño,07:05,15.30,1,,,,TI,0,,2.04,2.40,0.00,1.80,0,0,0,0,4.19,4.26,0.00,4.03,VMS 2,,Tanque,,2.58,3.00,0.00,2.70,4.41,4.54,0.00,6.35
26/06/2025 01:24 p. m.,Ordeño,08:09,17.75,2,,TI,,,0,,1.86,2.22,1.62,1.56,0,0,0,0,4.14,3.93,4.12,3.82,VMS 2,,Tanque,,2.40,2.70,2.34,1.92,3.80,4.37,5.77,3.81
26/06/2025 10:02 p. m.,Ordeño,05:02,12.94,3,,,,,0,,1.68,2.16,1.14,1.50,0,0,0,0,3.93,3.87,4.08,3.93,VMS 2,,Tanque,,2.10,2.64,1.56,2.10,3.43,3.51,2.64,3.36
27/06/2025 08:06 a. m.,Ordeño,05:55,14.88,1,,,,,0,,1.86,2.22,1.14,1.50,0,0,0,0,4.19,4.15,4.34,4.28,VMS 2,,Tanque,,2.46,2.82,1.50,1.92,4.06,4.19,2.75,3.88
27/06/2025 04:21 p. m.,Ordeño,05:33,12.24,2,,,,,0,,1.92,2.04,1.14,1.50,0,0,0,0,4.04,4.20,4.54,4.30,VMS 2,,Tanque,,2.46,2.64,1.44,2.04,3.26,3.36,2.40,3.22
27/06/2025 11:58 p. m.,Ordeño,06:26,9.48,1,,DI,DD,,0,TI,2.22,1.08,1.32,1.74,0,0,0,0,3.80,3.48,4.19,4.01,VMS 2,,Tanque,,3.18,2.10,1.68,2.40,2.94,0.42,2.61,3.51
28/06/2025 09:56 a. m.,Ordeño,07:16,16.50,2,,,,,0,,2.04,2.10,1.26,1.56,0,0,0,0,4.15,3.89,4.28,4.09,VMS 2,,Tanque,,2.76,2.88,1.68,2.16,5.52,3.79,3.12,4.07
28/06/2025 11:01 p. m.,Ordeño,06:04,17.08,3,,,,,0,,1.92,2.04,1.38,1.62,0,0,0,0,3.68,4.04,4.22,3.87,VMS 2,,Tanque,,2.46,2.58,1.80,2.46,3.79,4.46,3.88,4.95
29/06/2025 08:47 a. m.,Ordeño,05:26,15.20,1,,,,,0,,1.80,2.16,1.32,1.68,0,0,0,0,3.89,3.94,4.28,3.96,VMS 2,,Tanque,,2.16,2.82,1.80,2.28,3.44,4.04,3.23,4.49
29/06/2025 03:40 p. m.,Ordeño,04:26,10.41,2,,TD,,,0,,1.86,2.04,1.26,1.44,0,0,0,0,4.17,4.23,4.47,4.22,VMS 2,,Tanque,,2.46,2.76,1.68,1.92,2.60,2.74,2.38,2.69
30/06/2025 01:18 a. m.,Ordeño,04:54,14.68,1,,TD,,,0,,1.92,2.22,1.32,1.38,0,0,0,0,4.21,4.33,4.42,4.39,VMS 2,,Tanque,,2.34,2.88,1.68,2.04,3.67,4.03,3.53,3.45
30/06/2025 01:14 p. m.,Ordeño,07:34,16.89,2,,TD,,,0,,2.10,2.10,1.32,1.56,0,0,0,0,4.16,4.20,4.37,4.35,VMS 2,,Tanque,,2.64,2.76,1.80,2.46,4.23,4.61,4.11,3.94
30/06/2025 09:37 p. m.,Ordeño,05:37,15.19,3,,,,,0,,2.04,2.22,1.20,1.62,0,0,0,0,3.97,3.93,4.42,4.16,VMS 2,,Tanque,,2.52,2.76,1.56,2.04,3.42,3.62,2.93,5.22
01/07/2025 08:18 a. m.,Ordeño,06:18,16.18,1,,,,,0,,2.04,2.34,1.32,1.62,0,0,0,0,3.88,3.88,4.17,3.81,VMS 2,,Tanque,,2.82,3.00,1.80,2.10,4.07,4.18,3.77,4.16
01/07/2025 04:28 p. m.,Ordeño,04:36,11.64,2,,,,,0,,1.92,2.10,1.14,1.50,0,0,0,0,3.83,3.80,4.27,4.04,VMS 2,,Tanque,,2.40,2.64,1.50,2.10,2.97,2.87,2.65,3.15
02/07/2025 02:33 a. m.,Ordeño,04:55,15.35,1,,,,,0,,2.04,2.40,1.38,1.62,0,0,0,0,3.97,4.06,4.15,4.09,VMS 2,,Tanque,,2.82,3.06,1.80,2.16,3.81,3.94,3.46,4.14
02/07/2025 02:01 p. m.,Ordeño,05:28,17.65,2,,,,,0,,2.16,2.28,1.32,1.68,0,0,0,0,3.90,3.87,4.16,3.95,VMS 2,,Tanque,,2.70,3.00,1.62,2.28,4.39,4.51,4.04,4.71
02/07/2025 11:58 p. m.,Ordeño,06:07,15.33,1,,,,,0,,2.16,2.28,1.26,1.62,0,0,0,0,3.89,3.99,4.28,4.05,VMS 2,,Tanque,,3.12,2.94,1.62,2.16,3.66,3.89,3.44,4.34
03/07/2025 07:03 a. m.,Ordeño,08:02,11.81,2,,,,,0,,1.80,2.28,1.20,1.44,0,0,0,0,4.02,4.02,3.22,4.09,VMS 2,,Tanque,,2.58,2.82,1.62,2.04,2.93,3.21,2.59,3.08
03/07/2025 05:17 p. m.,Ordeño,05:20,12.55,3,,,,,0,,1.92,2.16,1.20,1.50,0,0,0,0,4.04,4.12,4.56,4.23,VMS 2,,Tanque,,2.52,2.70,1.62,2.04,3.04,3.16,2.82,3.53
04/07/2025 02:02 a. m.,Ordeño,07:12,15.41,1,,,,,0,,2.04,2.28,1.26,1.74,0,0,0,0,4.07,4.09,4.34,3.97,VMS 2,,Tanque,,2.64,3.06,1.68,2.58,3.87,4.06,3.30,4.18
04/07/2025 10:49 a. m.,Ordeño,05:08,14.41,2,,,,,0,,1.92,2.10,1.26,1.62,0,0,0,0,3.93,3.94,4.20,4.08,VMS 2,,Tanque,,2.52,2.70,1.74,2.04,3.70,3.58,3.26,3.87
04/07/2025 07:40 p. m.,Ordeño,05:32,13.19,3,,,,,0,,2.04,2.10,1.26,1.68,0,0,0,0,3.84,4.06,4.28,4.23,VMS 2,,Tanque,,2.58,2.64,1.62,2.28,3.32,3.28,3.00,3.59
05/07/2025 05:12 a. m.,Ordeño,06:42,15.58,1,,,,,0,,2.04,2.34,1.44,1.62,0,0,0,0,4.06,3.98,4.09,4.15,VMS 2,,Tanque,,2.52,3.00,1.98,2.10,3.84,4.03,3.65,4.06
05/07/2025 01:12 p. m.,Ordeño,05:44,9.35,2,,TD,TD,,0,,2.04,1.92,1.38,1.26,0,0,0,0,3.78,3.98,3.97,4.29,VMS 2,,Tanque,,2.82,2.46,1.86,2.16,3.04,2.98,2.88,0.45
05/07/2025 08:24 p. m.,Ordeño,07:48,10.30,3,,,,DD,0,,1.98,0.18,1.74,1.86,0,0,0,0,4.04,2.95,4.21,4.17,VMS 2,,Tanque,,2.58,0.48,2.22,2.40,2.45,0.10,5.22,2.53
06/07/2025 06:10 a. m.,Ordeño,05:47,16.49,1,,,,,0,,2.10,2.10,1.44,1.68,0,0,0,0,3.92,4.00,4.31,3.72,VMS 2,,Tanque,,2.58,2.64,1.80,2.04,3.96,3.74,4.59,4.20
06/07/2025 04:51 p. m.,Ordeño,06:09,14.82,2,,,,,0,,1.92,2.22,1.26,1.50,0,0,0,0,3.91,4.07,4.22,4.01,VMS 2,,Tanque,,2.46,2.82,1.74,2.04,3.94,3.82,3.09,3.97
07/07/2025 02:00 a. m.,Ordeño,06:00,13.84,1,,,,,0,,1.98,2.10,1.26,1.44,0,0,0,0,3.92,3.88,4.25,4.24,VMS 2,,Tanque,,2.70,2.70,1.80,2.04,3.36,3.76,3.02,3.70
07/07/2025 11:50 a. m.,Ordeño,05:40,14.55,2,,,,,0,,2.04,2.34,1.38,1.44,0,0,0,0,3.89,4.04,4.33,3.96,VMS 2,,Tanque,,2.46,2.82,1.98,1.92,3.76,3.78,3.30,3.71
07/07/2025 06:54 p. m.,Ordeño,04:35,11.64,3,,,,,0,,2.10,2.22,1.26,1.50,0,0,0,0,4.04,4.10,4.50,4.31,VMS 2,,Tanque,,2.76,2.88,1.62,1.92,3.09,3.06,2.54,2.95
08/07/2025 03:29 a. m.,Ordeño,05:06,13.95,1,,,,,0,,2.16,2.10,1.44,1.56,0,0,0,0,3.98,4.10,4.35,4.06,VMS 2,,Tanque,,2.70,2.70,1.80,2.16,3.46,3.60,3.11,3.78
08/07/2025 02:00 p. m.,Ordeño,05:23,15.63,2,,,,,0,,1.92,2.16,1.26,1.56,0,0,0,0,4.17,4.09,4.43,4.12,VMS 2,,Tanque,,2.52,2.82,1.62,2.04,3.88,4.04,3.44,4.27
08/07/2025 11:51 p. m.,Ordeño,07:33,15.43,3,,,,,0,,1.92,1.86,1.44,1.56,0,0,0,0,4.27,4.19,4.11,4.11,VMS 2,,Tanque,,2.40,2.40,1.92,2.04,3.55,3.97,3.93,3.98
09/07/2025 10:17 a. m.,Ordeño,05:13,16.97,1,,,,,0,,2.22,2.34,1.56,1.74,0,0,0,0,3.85,3.98,4.13,3.99,VMS 2,,Tanque,,2.70,2.94,1.98,2.22,4.34,4.02,3.97,4.64
09/07/2025 09:36 p. m.,Ordeño,07:10,16.74,2,,,,,0,,2.16,2.34,1.32,1.68,0,0,0,0,3.91,3.97,4.36,4.12,VMS 2,,Tanque,,2.94,2.94,1.68,2.10,4.24,4.21,3.82,4.47
10/07/2025 06:12 a. m.,Ordeño,05:04,14.98,1,,,,,0,,2.10,2.16,1.32,1.44,0,0,0,0,4.11,4.04,4.22,4.25,VMS 2,,Tanque,,2.94,2.94,1.68,1.86,3.78,3.94,3.56,3.70
10/07/2025 02:56 p. m.,Ordeño,07:20,10.15,2,,,TI,TI,0,,2.04,2.04,0.00,1.56,0,0,0,0,4.17,4.10,0.00,4.26,VMS 2,,Tanque,,2.52,2.70,0.00,2.16,3.31,3.44,0.00,3.40
10/07/2025 10:35 p. m.,Ordeño,07:11,15.00,3,,,,,0,TI,2.10,2.16,1.38,1.56,0,0,0,0,3.92,3.92,4.61,4.17,VMS 2,,Tanque,,2.82,2.70,1.74,2.10,3.41,3.48,4.87,3.24
11/07/2025 03:53 p. m.,Ordeño,08:11,24.56,1,,,,,0,,2.22,2.10,1.26,1.68,0,0,0,0,4.21,4.35,4.35,4.44,VMS 2,,Tanque,,2.76,2.64,1.62,2.10,5.96,6.42,5.25,6.93
12/07/2025 05:17 a. m.,Ordeño,08:25,10.38,1,,DI,"DI,TI",TI,0,,1.98,2.10,0.00,1.74,0,0,0,0,4.22,3.71,0.00,3.84,VMS 2,,Tanque,,2.76,2.82,0.00,2.10,1.04,4.47,0.00,4.87
12/07/2025 02:06 p. m.,Ordeño,07:23,18.58,2,,,,,0,,2.16,2.46,1.44,1.56,0,0,0,0,3.77,4.03,4.27,4.14,VMS 2,,Tanque,,2.76,3.36,2.10,2.16,5.51,3.78,5.49,3.80
13/07/2025 03:00 a. m.,Ordeño,13:26,13.36,1,,,TI,TI,0,,1.80,1.98,0.00,1.68,0,0,0,0,4.29,4.18,0.00,4.27,VMS 2,,Tanque,,2.58,2.64,0.00,2.16,3.57,4.23,0.00,5.56
13/07/2025 03:56 p. m.,Ordeño,05:44,21.91,2,,,,,0,,2.28,2.40,1.56,1.74,0,0,0,0,3.89,4.03,4.30,4.25,VMS 2,,Tanque,,2.94,3.06,1.98,2.40,5.28,5.53,5.11,5.99
14/07/2025 03:27 a. m.,Ordeño,07:55,5.88,1,,,"DI,TI,TD","DI,TI,TD",0,,0.00,1.80,0.00,0.00,0,0,0,0,0.00,4.12,0.00,0.00,VMS 2,,Tanque,,0.00,2.28,0.00,0.00,0.00,5.88,0.00,0.00
14/07/2025 05:31 p. m.,Ordeño,07:51,24.46,2,,,,,0,,2.28,2.34,1.50,1.62,0,0,0,0,3.81,3.99,4.17,4.19,VMS 2,,Tanque,,3.06,3.00,1.92,2.04,6.55,6.06,5.85,6.00
15/07/2025 08:21 a. m.,Ordeño,09:40,21.12,1,,DI,,,0,,2.16,2.10,1.44,1.74,0,0,0,0,3.81,4.01,4.29,4.11,VMS 2,,Tanque,,2.82,2.64,1.80,2.22,4.95,5.03,4.51,6.63
15/07/2025 10:11 p. m.,Ordeño,05:28,19.65,2,,,,,0,,2.34,2.28,1.62,1.68,0,0,0,0,4.04,4.06,4.23,4.16,VMS 2,,Tanque,,2.88,2.82,2.10,2.46,4.71,4.99,4.41,5.54
16/07/2025 09:44 a. m.,Ordeño,05:38,16.98,1,,,,,0,,2.10,2.40,1.62,1.68,0,0,0,0,4.09,3.99,4.11,4.22,VMS 2,,Tanque,,2.70,3.00,1.98,2.16,4.08,4.16,3.84,4.90
16/07/2025 04:26 p. m.,Ordeño,05:22,7.13,2,,,,,0,,1.80,1.92,1.32,1.32,0,0,0,0,4.42,4.19,4.29,4.12,VMS 2,,Tanque,,2.34,2.58,1.74,1.86,1.63,1.78,1.70,2.02
17/07/2025 03:28 a. m.,Ordeño,07:50,14.28,1,,,,,0,,2.10,2.16,1.32,1.62,0,0,0,0,4.44,4.24,4.49,4.18,VMS 2,,Tanque,,2.76,2.70,1.56,2.10,2.94,3.64,3.40,4.30
17/07/2025 02:33 p. m.,Ordeño,06:02,16.55,2,,,,,0,,2.10,2.34,1.38,1.44,0,0,0,0,4.35,3.93,4.33,3.94,VMS 2,,Tanque,,2.76,3.12,1.74,1.92,3.77,4.36,3.86,4.56
17/07/2025 10:07 p. m.,Ordeño,06:47,7.97,3,,TD,TD,,0,,2.04,2.34,1.44,1.62,0,0,0,0,4.22,4.22,4.05,3.89,VMS 2,,Tanque,,2.58,3.06,1.86,2.88,2.70,2.29,2.56,0.42
18/07/2025 06:05 a. m.,Ordeño,05:58,14.25,1,,,,,0,,2.16,2.46,1.50,1.68,0,0,0,0,4.53,4.39,4.35,3.95,VMS 2,,Tanque,,2.70,3.06,1.86,2.16,2.78,3.25,2.80,5.42
18/07/2025 04:56 p. m.,Ordeño,08:25,12.79,2,,,TI,TI,0,DI,1.74,2.34,0.00,1.68,0,0,0,0,5.01,4.38,0.00,3.98,VMS 2,,Tanque,,2.52,3.06,0.00,2.46,3.68,4.32,0.00,4.79
19/07/2025 04:14 a. m.,Ordeño,06:11,20.91,1,,,,,0,,1.98,2.40,1.56,1.68,0,0,0,0,4.13,4.34,4.12,4.10,VMS 2,,Tanque,,2.64,3.00,2.16,2.34,5.51,4.48,5.93,4.99
19/07/2025 03:23 p. m.,Ordeño,06:35,16.28,2,,TD,,,0,,2.16,2.34,1.38,1.62,0,0,0,0,4.28,4.13,3.91,3.97,VMS 2,,Tanque,,2.76,2.94,2.10,2.16,4.40,4.57,3.70,3.61
20/07/2025 04:08 a. m.,Ordeño,06:10,21.41,1,,,,,0,,2.16,2.34,1.56,1.74,0,0,0,0,4.62,4.25,4.10,4.33,VMS 2,,Tanque,,2.70,2.88,1.98,2.40,5.05,5.37,4.77,6.22
20/07/2025 03:38 p. m.,Ordeño,07:36,17.91,2,,,,,0,,2.04,2.28,1.50,1.62,0,0,0,0,4.62,3.95,4.12,4.38,VMS 2,,Tanque,,2.64,2.88,1.92,2.10,4.30,4.67,4.20,4.74
21/07/2025 12:52 a. m.,Ordeño,07:35,7.68,1,,TD,"DI,TD",DI,0,,0.00,2.16,1.56,1.26,0,0,0,0,0.00,4.23,4.18,4.22,VMS 2,,Tanque,,0.00,3.00,2.16,2.28,0.00,3.91,3.38,0.39
21/07/2025 09:33 a. m.,Ordeño,06:18,18.60,2,,,,,0,DI,2.10,2.40,1.68,1.74,0,0,0,0,4.82,3.94,4.10,3.95,VMS 2,,Tanque,,2.64,3.12,2.10,2.34,4.73,4.19,3.45,6.23
21/07/2025 05:02 p. m.,Ordeño,08:11,5.82,3,,TD,"DD,TD",DD,0,DI,1.80,0.18,1.98,1.32,0,0,0,0,4.89,2.95,4.32,4.09,VMS 2,,Tanque,,2.34,0.54,2.52,1.92,2.08,0.09,2.84,0.81
21/07/2025 10:44 p. m.,Ordeño,06:31,13.00,4,,,,,0,,1.62,2.16,1.62,1.68,0,0,0,0,4.62,4.15,4.25,3.90,VMS 2,,Tanque,,2.16,2.82,2.22,2.28,1.76,2.47,4.76,4.01
22/07/2025 10:26 p. m.,Ordeño,06:19,10.98,2,,,,,0,DI,1.98,2.10,1.44,1.44,0,0,0,0,4.56,3.80,3.95,4.05,VMS 2,,Tanque,,2.52,2.70,1.92,1.92,2.51,2.95,2.65,2.87
23/07/2025 06:07 a. m.,Ordeño,06:47,11.62,1,,TD,,,0,,1.98,2.10,1.50,1.56,0,0,0,0,4.89,4.37,4.31,4.46,VMS 2,,Tanque,,2.64,3.00,2.04,2.22,2.93,3.26,2.97,2.46
23/07/2025 01:30 p. m.,Ordeño,06:30,13.55,2,,,,,0,,2.10,2.10,1.50,1.50,0,0,0,0,4.76,4.24,4.26,4.51,VMS 2,,Tanque,,2.58,2.88,1.98,2.10,3.06,3.39,3.09,4.01
23/07/2025 10:03 p. m.,Ordeño,07:14,13.12,3,,TI,,,0,,2.04,1.92,1.38,1.62,0,0,0,0,4.42,4.03,4.28,4.37,VMS 2,,Tanque,,2.76,2.46,1.86,2.22,3.56,3.39,2.23,3.94
24/07/2025 05:47 a. m.,Ordeño,07:42,10.89,1,,,,DI,0,,0.00,2.34,1.44,1.80,0,0,0,0,0.00,4.15,4.38,4.24,VMS 2,,Tanque,,0.00,2.94,1.92,2.28,0.00,3.34,3.89,3.66
24/07/2025 04:29 p. m.,Ordeño,07:45,18.87,2,,,,,0,DI,2.04,2.22,1.56,1.74,0,0,0,0,5.16,4.26,4.13,4.19,VMS 2,,Tanque,,2.64,2.88,1.98,2.40,5.35,4.46,4.39,4.67
25/07/2025 09:48 p. m.,Ordeño,06:02,16.01,2,,,,,0,,2.16,2.34,1.38,1.56,0,0,0,0,4.02,3.78,3.87,3.78,VMS 2,,Tanque,,2.70,2.94,1.68,2.04,3.60,4.15,3.72,4.54
26/07/2025 06:00 a. m.,Ordeño,05:45,12.44,1,,,,,0,,1.98,2.28,1.38,1.56,0,0,0,0,4.36,3.85,3.96,3.82,VMS 2,,Tanque,,2.40,3.06,1.74,2.34,2.80,3.22,2.81,3.61
26/07/2025 03:09 p. m.,Ordeño,08:26,13.41,2,,,,,0,,1.74,2.16,1.38,1.68,0,0,0,0,4.48,3.99,4.22,3.96,VMS 2,,Tanque,,2.70,2.94,1.92,2.16,2.67,3.55,3.29,3.90
27/07/2025 02:12 a. m.,Ordeño,06:13,17.76,1,,,,,0,,2.22,2.28,1.62,1.62,0,0,0,0,4.36,3.97,4.01,4.20,VMS 2,,Tanque,,2.76,3.06,2.22,2.16,4.16,4.48,4.34,4.78
27/07/2025 01:20 p. m.,Ordeño,06:51,13.85,2,,,TI,TI,0,,2.16,2.10,0.00,1.80,0,0,0,0,4.49,4.04,0.00,4.03,VMS 2,,Tanque,,3.00,2.76,0.00,2.46,4.04,4.74,0.00,5.07
27/07/2025 08:22 p. m.,Ordeño,06:40,15.32,3,,,,,0,,2.04,2.22,1.56,1.74,0,0,0,0,4.36,3.92,4.25,3.98,VMS 2,,Tanque,,3.00,2.82,1.98,2.94,2.89,3.14,5.61,3.68
28/07/2025 03:15 a. m.,Ordeño,07:44,11.43,1,,,,,0,,1.86,2.04,1.32,1.56,0,0,0,0,4.69,4.39,4.11,4.39,VMS 2,,Tanque,,2.46,2.76,1.92,2.04,2.67,2.81,2.71,3.24
28/07/2025 03:38 p. m.,Ordeño,07:23,19.93,2,,,,,0,,1.98,2.34,1.44,1.56,0,0,0,0,4.36,4.00,3.92,4.03,VMS 2,,Tanque,,2.52,2.94,1.98,2.52,4.78,5.29,4.46,5.40
28/07/2025 10:37 p. m.,Ordeño,04:41,11.26,3,,,,,0,,1.92,2.16,1.32,1.50,0,0,0,0,4.22,3.87,4.08,3.96,VMS 2,,Tanque,,2.46,2.76,1.74,2.22,2.85,2.82,2.53,3.06
29/07/2025 06:06 a. m.,Ordeño,05:29,12.45,1,,TI,,,0,,1.98,2.16,1.38,1.50,0,0,0,0,4.49,4.14,4.18,4.24,VMS 2,,Tanque,,2.64,2.76,1.68,2.16,3.05,3.26,2.65,3.49
29/07/2025 07:02 p. m.,Ordeño,08:44,21.26,2,,,,,0,,2.04,2.28,1.44,1.62,0,0,0,0,4.28,4.09,4.26,4.26,VMS 2,,Tanque,,2.64,3.12,2.16,2.22,5.10,5.54,4.76,5.86
30/07/2025 05:21 a. m.,Ordeño,05:49,18.92,1,,,,,0,,2.04,2.46,1.44,1.62,0,0,0,0,3.88,4.02,4.17,3.54,VMS 2,,Tanque,,2.64,3.06,1.86,2.34,4.50,5.07,4.24,5.11
30/07/2025 04:31 p. m.,Ordeño,09:56,18.48,2,,,,,0,TI,1.68,2.46,1.26,1.98,0,0,0,0,4.36,3.87,4.51,3.81,VMS 2,,Tanque,,2.28,3.00,1.62,3.42,4.03,4.94,3.76,5.75
31/07/2025 04:39 a. m.,Ordeño,07:34,21.64,1,,,,,0,,1.86,2.46,1.44,1.56,0,0,0,0,3.98,3.90,4.18,4.03,VMS 2,,Tanque,,2.34,3.06,1.98,2.40,5.54,5.45,5.12,5.53
31/07/2025 11:26 a. m.,Ordeño,06:04,11.38,2,,,,,0,,2.10,2.28,1.56,1.50,0,0,0,0,3.53,3.57,2.88,3.82,VMS 2,,Tanque,,2.82,3.00,2.22,2.46,2.87,2.91,2.66,2.94
31/07/2025 07:10 p. m.,Ordeño,05:39,11.91,3,,,,,0,,1.92,2.10,1.38,1.44,0,0,0,0,4.02,3.91,4.10,4.12,VMS 2,,Tanque,,2.52,2.76,1.74,1.86,2.87,3.07,2.70,3.27
01/08/2025 06:35 a. m.,Ordeño,05:19,19.75,1,,,,,0,,2.10,2.40,1.62,1.80,0,0,0,0,4.22,4.24,4.30,3.52,VMS 2,,Tanque,,2.76,3.00,2.04,2.28,4.91,4.70,4.75,5.39
01/08/2025 03:21 p. m.,Ordeño,05:06,15.23,2,,,,,0,,2.16,2.28,1.68,1.80,0,0,0,0,3.92,3.88,3.97,3.98,VMS 2,,Tanque,,2.76,2.82,2.10,2.58,3.64,3.88,3.52,4.19
01/08/2025 11:21 p. m.,Ordeño,07:39,9.29,3,,,TI,TI,0,,1.80,2.10,0.00,1.56,0,0,0,0,4.20,4.03,0.00,3.98,VMS 2,,Tanque,,2.34,2.70,0.00,2.22,2.69,3.01,0.00,3.59
02/08/2025 09:01 a. m.,Ordeño,06:18,18.52,1,,,,,0,,2.22,2.40,1.50,1.80,0,0,0,0,4.10,4.17,4.29,4.32,VMS 2,,Tanque,,3.06,3.06,1.92,2.40,4.29,4.26,5.56,4.41
02/08/2025 05:40 p. m.,Ordeño,07:30,13.62,2,,TI,,,0,,1.86,2.34,1.32,1.50,0,0,0,0,4.31,4.12,3.90,4.16,VMS 2,,Tanque,,3.06,3.00,1.80,2.22,3.20,3.57,3.18,3.67
03/08/2025 01:12 a. m.,Ordeño,06:40,11.79,1,,"DI,TD",,,0,,1.98,2.34,1.32,1.56,0,0,0,0,4.17,4.41,4.32,4.19,VMS 2,,Tanque,,3.00,3.06,1.80,1.98,2.74,3.47,2.81,2.77
03/08/2025 01:55 p. m.,Ordeño,08:18,16.43,2,,,TI,TI,0,,2.22,2.22,0.00,1.80,0,0,0,0,4.37,4.44,0.00,4.22,VMS 2,,Tanque,,2.82,2.94,0.00,3.12,5.16,5.23,0.00,6.04
03/08/2025 09:07 p. m.,Ordeño,07:13,16.80,3,,,,,0,,2.16,2.10,1.68,1.56,0,0,0,0,3.97,3.98,4.30,4.03,VMS 2,,Tanque,,2.64,2.70,2.22,2.16,3.51,3.60,5.84,3.85
04/08/2025 09:50 a. m.,Ordeño,06:34,21.30,1,,,,,0,,2.34,2.52,1.62,1.74,0,0,0,0,3.90,4.11,3.83,4.04,VMS 2,,Tanque,,2.94,3.12,2.10,2.16,5.19,5.52,4.77,5.82
04/08/2025 08:46 p. m.,Ordeño,05:37,15.54,2,,,,,0,,1.92,2.34,1.44,1.38,0,0,0,0,4.05,4.06,4.09,4.02,VMS 2,,Tanque,,2.64,2.94,1.86,1.80,4.07,4.07,3.34,4.06
05/08/2025 09:56 a. m.,Ordeño,05:18,22.30,1,,,,,0,,2.16,2.34,1.56,2.28,0,0,0,0,4.12,3.71,4.28,3.89,VMS 2,,Tanque,,2.64,2.94,2.04,3.36,5.32,5.67,4.72,6.59
05/08/2025 07:26 p. m.,Ordeño,05:08,14.46,2,,,,,0,,2.10,2.10,1.50,1.68,0,0,0,0,3.70,3.89,3.89,3.93,VMS 2,,Tanque,,2.64,2.82,1.98,2.10,3.57,3.46,3.55,3.88
06/08/2025 09:25 a. m.,Ordeño,05:50,21.37,1,,,,,0,,2.34,2.22,1.56,1.80,0,0,0,0,4.02,3.90,4.44,4.05,VMS 2,,Tanque,,2.88,3.00,1.98,2.40,5.41,5.35,4.81,5.80
07/08/2025 12:59 a. m.,Ordeño,06:17,24.97,1,,,,,0,,2.28,2.64,1.62,1.92,0,0,0,0,3.98,3.74,4.14,3.89,VMS 2,,Tanque,,3.06,4.92,2.22,2.52,5.66,6.64,5.87,6.80
07/08/2025 01:19 p. m.,Ordeño,08:47,13.76,2,,,TI,TI,0,,2.04,2.28,0.00,1.62,0,0,0,0,3.74,3.78,0.00,3.72,VMS 2,,Tanque,,2.58,3.00,0.00,2.22,4.43,4.54,0.00,4.79
07/08/2025 10:35 p. m.,Ordeño,05:39,17.06,3,,,,,0,,2.10,2.34,1.80,1.62,0,0,0,0,4.01,3.99,3.91,3.91,VMS 2,,Tanque,,2.82,2.88,2.46,2.22,3.41,3.66,6.07,3.92
08/08/2025 06:36 a. m.,Ordeño,06:28,12.81,1,,,,,0,,2.04,2.16,1.38,1.56,0,0,0,0,4.18,4.24,3.99,4.13,VMS 2,,Tanque,,2.58,2.88,1.74,2.16,3.23,3.31,2.82,3.45
08/08/2025 02:10 p. m.,Ordeño,04:57,12.71,2,,,,,0,,2.16,2.28,1.44,1.38,0,0,0,0,4.18,4.29,4.09,4.32,VMS 2,,Tanque,,2.76,2.94,2.04,1.80,3.14,3.41,2.81,3.35
08/08/2025 10:16 p. m.,Ordeño,05:09,13.98,3,,,,,0,,2.22,2.28,1.44,1.38,0,0,0,0,4.33,4.39,4.44,4.46,VMS 2,,Tanque,,3.00,2.76,1.80,1.86,3.54,3.68,3.22,3.54
09/08/2025 08:54 a. m.,Ordeño,06:22,18.38,1,,,,,0,,2.04,2.40,1.50,1.68,0,0,0,0,4.34,4.30,4.40,4.30,VMS 2,,Tanque,,2.70,3.24,2.16,2.28,4.59,4.60,4.08,5.11
09/08/2025 04:24 p. m.,Ordeño,08:53,9.58,2,,"DI,TI,TD",TD,,0,,1.98,2.28,1.62,0.78,0,0,0,0,4.20,3.96,4.18,2.81,VMS 2,,Tanque,,2.82,2.76,2.10,2.22,2.95,2.87,3.42,0.34
10/08/2025 01:52 a. m.,Ordeño,07:13,17.57,1,,,,,0,,2.10,2.16,1.62,1.50,0,0,0,0,4.19,4.16,4.35,4.25,VMS 2,,Tanque,,2.64,3.18,2.04,2.10,4.02,3.84,5.54,4.17
10/08/2025 12:46 p. m.,Ordeño,09:57,13.14,2,,,DI,DI,0,,0.00,2.28,1.44,1.68,0,0,0,0,0.00,3.98,4.12,4.09,VMS 2,,Tanque,,0.00,2.94,1.92,3.12,0.00,4.75,3.71,4.68
10/08/2025 09:37 p. m.,Ordeño,05:28,16.96,3,,,,,0,,2.22,2.22,1.50,1.44,0,0,0,0,4.30,3.89,3.93,4.10,VMS 2,,Tanque,,2.88,2.82,1.92,1.86,5.37,3.94,3.71,3.94
11/08/2025 07:53 a. m.,Ordeño,08:30,16.68,1,,DD,,,0,,2.10,2.04,1.68,1.62,0,0,0,0,3.91,3.81,4.32,3.90,VMS 2,,Tanque,,2.88,2.58,2.22,2.16,3.70,4.07,4.74,4.17
11/08/2025 05:59 p. m.,Ordeño,06:32,17.11,2,,,,,0,,2.16,2.40,1.56,1.62,0,0,0,0,3.87,3.91,4.00,4.03,VMS 2,,Tanque,,2.76,2.94,2.10,2.22,3.91,4.33,4.12,4.75
12/08/2025 02:46 a. m.,Ordeño,07:46,13.77,1,,,,,0,,2.04,2.22,1.50,1.56,0,0,0,0,3.94,3.91,4.14,3.95,VMS 2,,Tanque,,2.76,3.06,1.92,2.04,3.22,3.61,3.13,3.81
12/08/2025 11:59 a. m.,Ordeño,06:24,16.19,2,,,,,0,,2.10,2.34,1.56,1.68,0,0,0,0,4.12,3.92,4.22,3.90,VMS 2,,Tanque,,2.70,3.06,2.04,2.82,3.73,4.11,3.82,4.53
12/08/2025 11:03 p. m.,Ordeño,07:08,14.34,3,,TI,DI,,0,,1.68,2.40,1.62,1.62,0,0,0,0,3.48,3.91,4.20,3.89,VMS 2,,Tanque,,2.70,3.06,2.10,2.10,1.04,4.56,4.30,4.44
13/08/2025 10:06 a. m.,Ordeño,05:32,19.19,1,,"DI,TI",,,0,,2.22,2.52,1.68,1.74,0,0,0,0,3.94,3.80,4.01,3.86,VMS 2,,Tanque,,3.24,3.12,2.22,2.28,4.68,4.88,4.30,5.33
13/08/2025 11:40 p. m.,Ordeño,07:20,21.37,2,,,,,0,,1.86,2.40,1.62,1.56,0,0,0,0,4.20,4.14,4.28,4.26,VMS 2,,Tanque,,2.40,3.18,1.98,2.70,4.77,5.56,5.29,5.75
14/08/2025 10:56 a. m.,Ordeño,05:25,19.12,1,,,,,0,,2.34,2.28,1.74,1.74,0,0,0,0,4.00,3.94,4.04,3.83,VMS 2,,Tanque,,3.06,3.06,2.22,3.00,4.35,4.95,4.56,5.26
15/08/2025 05:01 a. m.,Ordeño,06:56,26.23,1,,,,,0,,2.22,2.40,1.62,1.86,0,0,0,0,4.08,4.06,4.30,3.91,VMS 2,,Tanque,,2.88,2.94,2.04,3.24,6.33,6.58,6.07,7.25
15/08/2025 03:27 p. m.,Ordeño,05:37,17.39,2,,,,,0,,2.16,2.16,1.50,1.80,0,0,0,0,3.93,3.84,4.07,3.64,VMS 2,,Tanque,,3.00,2.76,1.98,3.48,4.19,4.32,4.15,4.73
15/08/2025 10:41 p. m.,Ordeño,06:19,13.01,3,,,,,0,,1.98,2.04,1.50,1.44,0,0,0,0,4.14,3.95,4.00,3.32,VMS 2,,Tanque,,2.58,2.58,2.04,2.82,3.12,3.16,2.92,3.81
16/08/2025 11:05 a. m.,Ordeño,06:43,19.57,1,,,,,0,,2.34,2.28,1.38,1.50,0,0,0,0,4.36,4.12,4.48,4.32,VMS 2,,Tanque,,3.00,2.94,1.98,1.92,4.92,5.06,4.62,4.97
16/08/2025 10:47 p. m.,Ordeño,05:41,19.13,2,,,,,0,,2.28,2.16,1.56,1.44,0,0,0,0,4.23,4.05,4.16,4.11,VMS 2,,Tanque,,2.82,2.88,2.04,1.92,4.64,4.92,4.66,4.91
17/08/2025 06:12 a. m.,Ordeño,05:59,12.52,1,,,,,0,,2.28,2.34,1.62,1.44,0,0,0,0,3.95,3.86,3.89,3.84,VMS 2,,Tanque,,2.70,2.88,2.04,2.04,3.12,3.12,2.95,3.33
17/08/2025 06:52 p. m.,Ordeño,06:03,19.55,2,,,,,0,,2.10,2.34,1.32,1.56,0,0,0,0,4.20,4.13,4.32,4.24,VMS 2,,Tanque,,2.82,3.00,1.80,1.98,4.98,4.97,4.49,5.11
18/08/2025 05:12 a. m.,Ordeño,05:19,17.46,1,,,,,0,,2.34,2.46,1.74,1.68,0,0,0,0,4.07,4.08,4.11,3.82,VMS 2,,Tanque,,2.94,3.06,2.34,2.40,4.32,4.40,4.29,4.45
18/08/2025 09:25 p. m.,Ordeño,06:08,23.20,2,,,,,0,,2.10,2.46,1.74,1.62,0,0,0,0,3.99,3.95,4.20,3.95,VMS 2,,Tanque,,2.58,3.00,2.22,2.04,5.31,5.72,6.16,6.01
19/08/2025 05:22 a. m.,Ordeño,05:07,13.85,1,,,,,0,,2.16,2.22,1.74,1.44,0,0,0,0,3.73,3.67,2.88,3.76,VMS 2,,Tanque,,2.88,2.70,2.10,1.92,3.23,3.70,3.37,3.55
19/08/2025 10:22 p. m.,Ordeño,06:08,23.55,2,,,,,0,,2.28,2.52,1.74,1.74,0,0,0,0,4.09,4.06,4.30,4.10,VMS 2,,Tanque,,2.82,3.24,2.28,2.28,5.56,6.02,5.54,6.43
20/08/2025 07:51 a. m.,Ordeño,05:28,13.12,1,,,DI,DI,0,,0.00,2.34,1.80,1.92,0,0,0,0,0.00,3.68,3.91,3.96,VMS 2,,Tanque,,0.00,3.00,2.16,2.58,0.00,4.27,3.78,5.07
21/08/2025 12:50 a. m.,Ordeño,05:54,25.11,1,,,,,0,,2.28,2.40,1.74,1.86,0,0,0,0,4.04,4.33,4.26,4.26,VMS 2,,Tanque,,2.82,3.18,2.40,2.40,6.04,6.04,6.05,6.98
21/08/2025 11:58 a. m.,Ordeño,08:54,13.10,2,,,TI,TI,0,,2.22,2.22,0.00,1.86,0,0,0,0,4.03,4.03,0.00,4.05,VMS 2,,Tanque,,3.12,3.00,0.00,2.28,3.88,4.14,0.00,5.08
22/08/2025 05:31 a. m.,Ordeño,06:11,23.34,1,,,,,0,,2.34,2.16,1.80,1.80,0,0,0,0,4.19,4.11,4.05,4.33,VMS 2,,Tanque,,3.18,2.76,2.22,2.16,5.46,5.58,5.83,6.47
22/08/2025 06:31 p. m.,Ordeño,06:21,21.39,2,,,,,0,,2.22,2.22,1.32,1.80,0,0,0,0,4.32,4.24,4.31,4.35,VMS 2,,Tanque,,2.88,2.94,1.68,2.52,5.25,5.46,4.17,6.51
23/08/2025 05:46 a. m.,Ordeño,05:19,19.32,1,,,,,0,,2.28,2.34,1.56,1.80,0,0,0,0,4.19,4.25,4.20,4.24,VMS 2,,Tanque,,2.94,3.12,2.10,2.22,4.85,4.76,4.29,5.42
23/08/2025 02:18 p. m.,Ordeño,07:39,10.30,2,,,TD,TD,0,,2.10,2.34,1.74,0.00,0,0,0,0,4.15,3.98,4.14,0.00,VMS 2,,Tanque,,2.76,2.94,2.22,0.00,3.52,3.61,3.17,0.00
24/08/2025 03:08 a. m.,Ordeño,05:59,20.54,1,,,,,0,,2.28,2.34,1.68,1.86,0,0,0,0,4.36,4.28,4.18,4.13,VMS 2,,Tanque,,3.06,3.00,2.16,2.34,4.62,4.91,4.42,6.59
24/08/2025 03:29 p. m.,Ordeño,07:53,15.73,2,,TD,TD,,0,,2.28,2.52,1.68,1.56,0,0,0,0,4.03,4.09,4.13,4.30,VMS 2,,Tanque,,2.88,3.24,2.16,2.58,4.66,4.85,4.49,1.73
25/08/2025 12:42 a. m.,Ordeño,05:09,14.29,1,,,,,0,,2.16,2.16,1.50,1.74,0,0,0,0,4.04,3.93,4.08,3.96,VMS 2,,Tanque,,2.94,2.76,2.16,2.16,3.02,3.27,2.85,5.15
25/08/2025 10:08 a. m.,Ordeño,05:25,15.07,2,,TD,,,0,,2.34,2.46,1.56,1.74,0,0,0,0,4.39,4.33,4.36,4.21,VMS 2,,Tanque,,3.00,3.12,2.10,2.22,3.70,3.88,3.49,4.00
25/08/2025 05:59 p. m.,Ordeño,05:05,12.37,3,,,,,0,,2.04,2.40,1.38,1.62,0,0,0,0,4.51,4.47,4.72,4.53,VMS 2,,Tanque,,2.64,3.24,1.80,2.28,3.11,3.16,2.81,3.29
26/08/2025 03:04 a. m.,Ordeño,06:19,15.35,1,,,,,0,,2.10,2.28,1.38,1.68,0,0,0,0,4.58,4.53,4.68,4.70,VMS 2,,Tanque,,2.76,3.00,1.86,2.28,3.64,3.98,3.57,4.16
26/08/2025 10:25 a. m.,Ordeño,04:59,13.06,2,,TD,,,0,,1.98,2.34,1.32,1.56,0,0,0,0,4.32,4.27,4.52,4.38,VMS 2,,Tanque,,2.40,3.00,1.68,2.22,3.28,3.41,2.93,3.44
26/08/2025 06:32 p. m.,Ordeño,09:45,10.17,3,,,DD,DD,0,,1.98,0.18,1.44,2.22,0,0,0,0,4.37,3.02,4.71,4.32,VMS 2,,Tanque,,2.64,0.54,1.86,2.76,3.17,0.19,3.51,3.30
27/08/2025 01:08 a. m.,Ordeño,05:56,12.74,1,,TD,,,0,,1.86,2.04,1.50,1.50,0,0,0,0,4.33,4.27,4.57,4.64,VMS 2,,Tanque,,2.34,2.64,1.86,1.98,2.60,2.46,4.85,2.83
27/08/2025 01:05 p. m.,Ordeño,07:38,13.49,2,,,TD,TD,0,,2.28,2.40,1.32,0.00,0,0,0,0,4.43,4.50,4.59,0.00,VMS 2,,Tanque,,2.82,3.18,1.68,0.00,4.63,4.72,4.14,0.00
27/08/2025 11:52 p. m.,Ordeño,06:06,17.53,3,,,,,0,,2.28,2.40,1.44,1.62,0,0,0,0,4.29,4.22,4.33,4.38,VMS 2,,Tanque,,2.94,3.00,1.92,2.04,3.96,3.89,3.63,6.05
28/08/2025 09:12 a. m.,Ordeño,07:11,14.40,1,,,,,0,,1.98,2.34,1.56,1.74,0,0,0,0,4.44,4.17,4.47,4.07,VMS 2,,Tanque,,2.58,3.06,2.04,2.28,3.34,4.01,3.43,3.62
28/08/2025 06:18 p. m.,Ordeño,05:29,14.09,2,,,,,0,,2.16,2.40,1.50,1.62,0,0,0,0,4.68,4.33,4.35,4.41,VMS 2,,Tanque,,2.88,3.00,1.98,2.70,3.46,3.65,3.32,3.66
29/08/2025 03:20 a. m.,Ordeño,07:22,14.98,1,,,,,0,,2.10,2.28,1.44,1.62,0,0,0,0,4.33,4.20,4.36,4.53,VMS 2,,Tanque,,2.64,2.94,1.98,2.10,3.68,4.04,3.37,3.89
29/08/2025 02:56 p. m.,Ordeño,05:25,18.36,2,,,,,0,,2.16,2.34,1.62,1.68,0,0,0,0,4.24,4.15,4.17,4.26,VMS 2,,Tanque,,2.94,3.06,2.10,2.40,4.45,4.79,4.23,4.89
29/08/2025 10:58 p. m.,Ordeño,06:02,12.64,3,,,,,0,,2.16,2.10,1.50,1.56,0,0,0,0,4.06,3.94,4.18,4.24,VMS 2,,Tanque,,2.64,2.70,2.04,1.98,3.03,3.26,2.87,3.48
30/08/2025 11:29 a. m.,Ordeño,06:16,19.85,1,,,,,0,,2.28,2.46,1.56,1.80,0,0,0,0,4.23,4.23,4.22,4.33,VMS 2,,Tanque,,3.00,3.12,1.98,2.40,4.63,5.14,4.59,5.49
30/08/2025 08:46 p. m.,Ordeño,07:02,14.58,2,,,,,0,,1.92,2.10,1.50,1.68,0,0,0,0,4.49,4.05,4.24,4.31,VMS 2,,Tanque,,2.34,2.76,2.04,2.28,3.35,3.68,3.51,4.04
31/08/2025 08:55 a. m.,Ordeño,06:15,18.92,1,,,,,0,,2.28,2.46,1.56,1.62,0,0,0,0,3.95,4.00,4.27,4.13,VMS 2,,Tanque,,2.82,3.12,2.04,2.28,4.82,4.72,4.44,4.94
31/08/2025 06:23 p. m.,Ordeño,06:04,13.53,2,,,,,0,,2.16,2.28,1.44,1.62,0,0,0,0,3.99,3.92,4.20,4.23,VMS 2,,Tanque,,2.82,3.06,1.80,2.04,3.35,3.33,3.17,3.68
01/09/2025 06:43 a. m.,Ordeño,06:38,14.39,1,,DI,DI,,0,,1.92,2.40,1.50,1.62,0,0,0,0,4.29,4.18,4.39,4.47,VMS 2,,Tanque,,3.30,2.94,1.92,2.10,0.74,4.49,4.25,4.91
01/09/2025 03:56 p. m.,Ordeño,08:21,12.51,2,,,TI,TI,0,,2.22,2.28,0.00,1.74,0,0,0,0,4.05,4.02,0.00,4.18,VMS 2,,Tanque,,2.82,3.06,0.00,2.10,4.65,3.79,0.00,4.07
02/09/2025 12:53 a. m.,Ordeño,08:00,15.86,1,,,,,0,,2.10,2.22,1.62,1.62,0,0,0,0,3.82,3.91,4.12,4.10,VMS 2,,Tanque,,2.70,2.88,2.34,2.40,3.20,3.73,5.07,3.86
02/09/2025 07:54 p. m.,Ordeño,09:31,20.61,2,,DI,DI,,0,,1.68,2.52,1.86,1.74,0,0,0,0,3.62,4.21,3.74,4.13,VMS 2,,Tanque,,2.64,3.18,2.40,2.34,1.11,6.43,6.38,6.69
03/09/2025 02:32 a. m.,Ordeño,09:13,11.66,1,,,,,0,,2.22,2.22,1.26,1.44,0,0,0,0,3.87,3.49,3.93,3.79,VMS 2,,Tanque,,3.06,2.76,1.62,2.28,4.81,2.40,1.91,2.54
03/09/2025 03:28 p. m.,Ordeño,08:18,17.78,2,,,,,0,,2.16,2.28,1.44,1.62,0,0,0,0,3.94,4.06,4.34,4.48,VMS 2,,Tanque,,2.76,2.94,2.04,2.04,4.08,4.78,3.88,5.04
04/09/2025 06:08 a. m.,Ordeño,06:09,21.66,1,,,,,0,,2.22,2.46,1.80,1.80,0,0,0,0,4.27,4.28,4.29,4.51,VMS 2,,Tanque,,3.00,3.18,2.28,2.40,4.64,5.53,5.35,6.14
04/09/2025 05:15 p. m.,Ordeño,05:10,16.86,2,,TD,,,0,,2.16,2.34,1.68,1.68,0,0,0,0,4.26,4.13,4.18,4.38,VMS 2,,Tanque,,2.94,3.06,2.28,2.16,3.58,4.47,3.91,4.90
05/09/2025 08:12 a. m.,Ordeño,05:46,21.31,1,,,,,0,,2.34,2.46,1.92,1.98,0,0,0,0,4.32,4.27,4.34,4.29,VMS 2,,Tanque,,3.06,3.12,2.40,3.42,4.58,5.45,5.15,6.13
05/09/2025 07:53 p. m.,Ordeño,04:51,12.19,2,,,,,0,,1.92,2.34,1.56,1.56,0,0,0,0,3.99,4.16,4.06,4.08,VMS 2,,Tanque,,2.58,3.00,2.10,1.92,3.03,2.95,3.02,3.19
06/09/2025 10:10 a. m.,Ordeño,06:34,14.07,1,,,,,0,,1.56,2.40,1.44,1.74,0,0,0,0,2.88,3.97,4.15,3.89,VMS 2,,Tanque,,2.10,3.24,1.98,2.34,4.02,3.26,3.18,3.61
06/09/2025 07:21 p. m.,Ordeño,05:08,12.68,2,,,,,0,,2.10,2.22,1.50,1.50,0,0,0,0,4.26,4.14,4.37,4.32,VMS 2,,Tanque,,2.64,2.82,1.92,2.10,2.98,3.17,2.98,3.55
07/09/2025 08:25 a. m.,Ordeño,05:42,18.30,1,,,,,0,,2.40,2.28,1.68,1.86,0,0,0,0,4.13,4.00,4.10,3.92,VMS 2,,Tanque,,3.06,3.06,2.16,2.46,4.45,4.45,4.47,4.93
07/09/2025 06:00 p. m.,Ordeño,05:51,9.40,2,,TD,TD,,0,,2.10,2.10,1.44,1.44,0,0,0,0,4.01,4.26,4.00,4.36,VMS 2,,Tanque,,2.70,2.70,1.92,2.28,2.89,2.85,2.87,0.79
08/09/2025 06:07 a. m.,Ordeño,05:37,18.69,1,,,,,0,,2.28,2.46,1.50,1.80,0,0,0,0,4.55,4.25,4.17,3.98,VMS 2,,Tanque,,2.94,3.24,2.10,2.28,4.47,4.41,4.37,5.44
08/09/2025 06:59 p. m.,Ordeño,05:36,18.88,2,,,,,0,,2.22,2.28,1.50,1.74,0,0,0,0,4.07,3.98,4.14,4.03,VMS 2,,Tanque,,2.82,2.88,2.10,2.22,4.72,4.64,4.65,4.87
09/09/2025 07:43 a. m.,Ordeño,08:30,13.75,1,,,TD,TD,0,,2.40,2.46,1.50,0.00,0,0,0,0,4.07,3.97,3.97,0.00,VMS 2,,Tanque,,3.12,3.36,1.98,0.00,4.68,4.59,4.48,0.00
10/09/2025 12:06 a. m.,Ordeño,06:44,22.51,1,,,,,0,,2.28,2.28,1.56,2.04,0,0,0,0,3.91,3.95,4.06,3.71,VMS 2,,Tanque,,2.76,3.00,2.04,2.58,4.93,5.43,5.35,6.80
10/09/2025 12:16 p. m.,Ordeño,05:47,16.14,2,,"DI,TI,TD",,,0,,2.22,2.22,1.44,1.86,0,0,0,0,3.91,3.79,4.05,3.81,VMS 2,,Tanque,,2.88,2.76,1.98,2.40,3.33,4.85,4.49,3.47
11/09/2025 01:32 a. m.,Ordeño,05:25,17.90,1,,"DI,TD",,,0,,2.16,2.34,1.68,1.92,0,0,0,0,4.11,3.92,4.06,4.07,VMS 2,,Tanque,,2.94,3.06,2.10,2.64,4.39,4.83,4.85,3.83
11/09/2025 09:00 a. m.,Ordeño,05:01,10.35,2,,TD,,,0,,2.04,2.28,1.32,1.38,0,0,0,0,3.77,3.78,4.07,3.74,VMS 2,,Tanque,,2.76,2.82,1.68,2.16,3.52,3.04,2.73,1.06
11/09/2025 09:15 p. m.,Ordeño,06:50,11.43,3,,"TI,TD","TI,TD",,0,,2.16,2.34,1.14,1.32,0,0,0,0,3.76,4.08,3.42,3.98,VMS 2,,Tanque,,3.06,2.88,1.68,1.92,4.99,4.87,0.66,0.91
12/09/2025 11:47 a. m.,Ordeño,08:24,23.34,1,,DD,,,0,,2.40,2.40,1.86,1.80,0,0,0,0,3.95,3.87,4.03,4.10,VMS 2,,Tanque,,3.06,3.30,2.40,2.28,5.49,5.78,5.55,6.52
13/09/2025 06:50 a. m.,Ordeño,07:15,13.54,1,,TD,"DD,TD",DD,0,,2.22,0.00,1.80,1.68,0,0,0,0,4.23,0.00,4.13,4.31,VMS 2,,Tanque,,3.12,0.00,2.46,2.70,5.81,0.00,5.51,2.22
13/09/2025 05:08 p. m.,Ordeño,05:57,19.82,2,,TD,,,0,,2.28,2.46,1.68,1.98,0,0,0,0,3.98,4.02,4.01,3.99,VMS 2,,Tanque,,3.00,3.06,2.10,4.56,4.33,6.09,3.96,5.44
14/09/2025 03:18 a. m.,Ordeño,05:46,11.62,1,,TI,DI,,0,,1.56,2.40,2.10,1.92,0,0,0,0,3.86,3.76,4.36,3.83,VMS 2,,Tanque,,2.52,3.00,3.18,2.64,0.95,3.84,3.02,3.81
14/09/2025 11:09 a. m.,Ordeño,05:40,10.24,2,,TI,,,0,,2.22,2.04,1.44,1.86,0,0,0,0,4.21,3.92,4.51,4.17,VMS 2,,Tanque,,2.76,3.00,3.06,2.28,2.46,3.33,1.58,2.87
15/09/2025 05:35 a. m.,Ordeño,06:19,23.93,1,,,,,0,,2.10,2.40,1.44,1.86,0,0,0,0,4.30,4.17,4.19,4.49,VMS 2,,Tanque,,2.76,3.12,1.80,2.52,5.54,6.47,5.63,6.29
15/09/2025 04:54 p. m.,Ordeño,04:54,13.63,2,,TI,,,0,,2.28,2.34,1.26,1.80,0,0,0,0,4.08,4.06,4.15,4.06,VMS 2,,Tanque,,2.82,2.88,1.74,2.22,3.86,3.61,2.31,3.85
16/09/2025 02:57 a. m.,Ordeño,04:43,14.98,1,,,,,0,,2.22,2.34,1.32,1.80,0,0,0,0,4.34,4.33,4.61,4.34,VMS 2,,Tanque,,2.76,3.00,1.74,2.22,4.02,3.95,2.77,4.24
16/09/2025 12:31 p. m.,Ordeño,05:44,15.16,2,,,,,0,,2.22,2.22,1.32,1.68,0,0,0,0,4.26,4.18,4.62,4.29,VMS 2,,Tanque,,2.76,2.88,1.86,2.16,3.92,4.02,3.13,4.09
17/09/2025 01:32 a. m.,Ordeño,06:27,18.61,1,,,,,0,,2.16,2.34,1.44,1.68,0,0,0,0,4.20,4.06,4.41,4.00,VMS 2,,Tanque,,2.70,2.94,1.92,2.22,5.02,4.53,4.08,4.98
17/09/2025 08:59 a. m.,Ordeño,06:15,10.88,2,,,,,0,,2.16,2.22,1.32,1.56,0,0,0,0,3.72,3.93,4.20,3.89,VMS 2,,Tanque,,2.76,2.94,1.68,2.04,2.95,2.82,2.15,2.96
17/09/2025 06:49 p. m.,Ordeño,05:45,12.51,3,,,,,0,,2.10,2.28,1.32,1.68,0,0,0,0,3.95,4.07,4.33,4.14,VMS 2,,Tanque,,2.76,2.82,1.74,2.04,3.07,3.19,2.82,3.43
18/09/2025 03:43 a. m.,Ordeño,05:10,12.78,1,,TI,,,0,,1.98,2.16,1.50,1.74,0,0,0,0,4.16,4.06,4.40,4.06,VMS 2,,Tanque,,2.52,2.94,2.22,2.16,3.12,3.19,2.73,3.74
18/09/2025 06:38 p. m.,Ordeño,05:53,20.74,2,,,,,0,,2.22,2.46,1.50,1.68,0,0,0,0,4.06,4.14,4.46,4.16,VMS 2,,Tanque,,2.88,3.42,1.98,2.28,5.08,5.08,4.78,5.80
19/09/2025 03:31 a. m.,Ordeño,05:05,12.57,1,,TD,,,0,,2.04,2.52,1.50,1.50,0,0,0,0,3.86,3.87,3.99,3.96,VMS 2,,Tanque,,2.70,3.18,1.92,2.64,3.22,3.34,2.98,3.03
19/09/2025 09:03 p. m.,Ordeño,06:34,23.40,2,,,,,0,,2.28,2.40,1.68,1.80,0,0,0,0,4.15,4.13,4.26,3.94,VMS 2,,Tanque,,2.88,2.94,2.16,2.64,5.70,5.81,5.61,6.28
20/09/2025 10:28 a. m.,Ordeño,05:33,18.59,1,,,,,0,,2.16,2.40,1.50,1.80,0,0,0,0,3.70,3.84,4.19,3.68,VMS 2,,Tanque,,3.00,3.12,1.86,2.46,4.70,4.57,4.34,4.98
20/09/2025 10:30 p. m.,Ordeño,05:00,13.98,2,,,,,0,,2.10,2.10,1.44,1.68,0,0,0,0,3.78,3.64,4.05,3.80,VMS 2,,Tanque,,2.70,2.64,1.92,2.16,3.36,3.52,3.27,3.83
21/09/2025 05:34 a. m.,Ordeño,05:46,8.40,1,,,,,0,,1.80,1.98,1.38,1.62,0,0,0,0,3.96,3.65,3.99,3.68,VMS 2,,Tanque,,2.28,2.58,1.74,2.04,1.96,2.17,2.01,2.26
21/09/2025 05:18 p. m.,Ordeño,06:50,13.47,2,,TI,,,0,,2.10,2.28,1.38,1.74,0,0,0,0,3.90,3.93,4.06,3.81,VMS 2,,Tanque,,2.70,3.00,2.22,2.28,3.47,3.58,2.57,3.85
22/09/2025 03:31 a. m.,Ordeño,05:07,14.84,1,,,,,0,,2.10,2.34,1.68,1.68,0,0,0,0,3.97,3.94,4.07,4.10,VMS 2,,Tanque,,2.76,3.12,2.22,2.22,3.51,3.61,3.91,3.81
22/09/2025 04:26 p. m.,Ordeño,06:04,17.41,2,,,,,0,,1.92,2.34,1.62,1.68,0,0,0,0,4.53,4.17,3.91,4.15,VMS 2,,Tanque,,2.40,3.06,2.22,2.34,3.88,4.34,4.42,4.77
23/09/2025 12:55 a. m.,Ordeño,05:56,13.19,1,,,,,0,,2.16,2.34,1.56,1.74,0,0,0,0,4.04,4.18,4.18,4.08,VMS 2,,Tanque,,2.70,3.00,1.98,2.52,3.31,3.25,3.08,3.55
23/09/2025 10:43 a. m.,Ordeño,05:43,14.74,2,,,,,0,,2.28,2.40,1.62,1.74,0,0,0,0,4.32,4.24,4.25,4.07,VMS 2,,Tanque,,2.82,3.12,2.16,2.34,3.61,3.72,3.39,4.02
23/09/2025 10:47 p. m.,Ordeño,05:24,17.18,3,,TI,,,0,,2.22,2.52,1.50,1.80,0,0,0,0,4.19,4.12,4.27,4.03,VMS 2,,Tanque,,2.64,3.30,1.98,2.28,4.18,4.38,3.83,4.79
24/09/2025 11:33 a. m.,Ordeño,07:31,13.31,1,,TD,TD,,0,,2.16,2.52,1.68,0.42,0,0,0,0,4.26,4.03,4.22,2.21,VMS 2,,Tanque,,2.82,3.18,2.34,0.84,4.14,4.38,4.31,0.48
25/09/2025 01:53 a. m.,Ordeño,06:57,21.07,1,,,,,0,,2.04,2.52,1.74,1.80,0,0,0,0,4.34,3.95,3.97,4.23,VMS 2,,Tanque,,2.64,3.12,2.22,2.22,4.49,5.27,5.19,6.12
25/09/2025 02:56 p. m.,Ordeño,05:51,18.61,2,,,,,0,,2.22,2.34,1.44,1.68,0,0,0,0,4.12,4.10,4.21,4.11,VMS 2,,Tanque,,2.88,2.94,1.92,2.10,4.90,4.89,4.57,4.25
26/09/2025 08:35 a. m.,Ordeño,05:27,21.90,1,,,,,0,,2.40,2.40,1.68,1.86,0,0,0,0,4.12,4.12,4.18,4.34,VMS 2,,Tanque,,2.94,3.00,2.10,2.28,5.09,5.88,5.24,5.69
27/09/2025 12:06 a. m.,Ordeño,05:12,13.91,1,,,,,0,,2.40,2.46,1.86,1.98,0,0,0,0,4.36,4.50,4.16,4.07,VMS 2,,Tanque,,3.12,3.30,2.28,2.58,3.29,3.39,3.48,3.75
27/09/2025 07:34 a. m.,Ordeño,05:34,5.99,2,,,TD,,0,,1.86,1.74,1.38,1.26,0,0,0,0,4.01,3.91,4.03,3.99,VMS 2,,Tanque,,2.52,2.64,1.92,1.92,1.66,1.49,1.42,1.42
27/09/2025 04:22 p. m.,Ordeño,05:41,4.53,3,,,Todos,,0,,1.80,1.86,1.20,1.44,0,0,0,0,3.88,3.97,3.99,3.97,VMS 2,,Tanque,,2.40,2.58,1.80,2.16,1.26,1.10,1.01,1.16
27/09/2025 10:44 p. m.,Ordeño,07:34,2.91,4,,,Todos,DI,0,,0.00,1.50,1.44,0.60,0,0,0,0,0.00,3.64,2.95,2.61,VMS 2,,Tanque,,0.00,2.52,2.46,1.14,0.00,0.94,0.97,1.00
28/09/2025 08:09 a. m.,Ordeño,05:33,8.42,1,,,,,0,,2.10,2.10,1.50,1.56,0,0,0,0,3.69,3.80,2.88,3.88,VMS 2,,Tanque,,2.64,2.76,2.04,2.10,2.09,1.87,2.04,2.42
28/09/2025 05:25 p. m.,Ordeño,05:19,9.12,2,,,,,0,,2.04,2.28,1.32,1.68,0,0,0,0,3.96,3.94,4.02,3.84,VMS 2,,Tanque,,2.52,2.88,1.74,2.16,2.17,2.31,2.25,2.39
29/09/2025 02:54 a. m.,Ordeño,07:06,11.13,1,,TI,,,0,,1.86,2.28,1.56,1.68,0,0,0,0,4.16,4.13,4.00,4.12,VMS 2,,Tanque,,3.24,3.00,3.00,2.16,1.74,2.85,3.77,2.77
29/09/2025 04:12 p. m.,Ordeño,05:09,16.07,2,,,,,0,,2.22,2.22,1.50,1.74,0,0,0,0,4.29,4.34,4.38,4.41,VMS 2,,Tanque,,2.82,3.18,2.10,2.22,3.83,4.22,3.75,4.27
29/09/2025 11:42 p. m.,Ordeño,03:53,10.17,3,,,,,0,,2.10,2.22,1.38,1.50,0,0,0,0,4.02,4.06,4.24,4.16,VMS 2,,Tanque,,2.70,3.12,1.80,2.04,2.62,2.55,2.34,2.66
30/09/2025 08:21 a. m.,Ordeño,06:29,11.99,1,,TD,,,0,,1.86,2.28,1.50,1.68,0,0,0,0,4.44,4.33,4.27,4.60,VMS 2,,Tanque,,3.12,2.82,2.46,2.10,2.96,3.14,3.46,2.43
30/09/2025 03:23 p. m.,Ordeño,05:02,10.38,2,,,,,0,,1.98,2.04,1.32,1.86,0,0,0,0,4.83,4.60,4.74,4.52,VMS 2,,Tanque,,2.46,2.76,1.74,2.88,2.55,2.72,2.37,2.74
01/10/2025 03:39 a. m.,Ordeño,05:13,17.68,1,,,,,0,,2.28,2.46,1.50,1.92,0,0,0,0,4.35,4.47,4.40,4.40,VMS 2,,Tanque,,2.88,3.06,1.98,2.46,4.40,4.29,4.05,4.94
01/10/2025 03:40 p. m.,Ordeño,05:00,17.39,2,,,,,0,,2.22,2.34,1.62,1.98,0,0,0,0,4.05,3.88,4.27,4.29,VMS 2,,Tanque,,3.18,2.88,2.16,2.46,4.36,4.16,4.21,4.66
01/10/2025 11:55 p. m.,Ordeño,04:46,12.30,3,,,,,0,,2.16,2.28,1.50,1.80,0,0,0,0,4.11,3.85,4.17,4.22,VMS 2,,Tanque,,2.58,3.18,2.04,2.40,3.07,3.09,2.84,3.30
02/10/2025 11:18 a. m.,Ordeño,05:24,17.05,1,,,,,0,,2.16,2.40,1.56,2.04,0,0,0,0,4.16,4.02,4.13,4.04,VMS 2,,Tanque,,2.82,3.12,2.04,2.76,4.06,4.25,4.12,4.62
02/10/2025 09:24 p. m.,Ordeño,04:21,13.48,2,,TD,,,0,,2.22,2.46,1.62,1.92,0,0,0,0,3.83,3.93,4.04,4.01,VMS 2,,Tanque,,2.82,3.00,2.10,2.58,3.27,3.36,3.30,3.55
03/10/2025 08:11 a. m.,Ordeño,06:14,16.44,1,,,,,0,,2.16,2.46,1.98,1.50,0,0,0,0,4.29,4.23,4.08,4.22,VMS 2,,Tanque,,3.06,3.00,2.64,1.98,4.00,4.23,4.45,3.76
03/10/2025 05:37 p. m.,Ordeño,04:51,14.82,2,,,,,0,,2.16,2.34,1.56,1.98,0,0,0,0,4.01,4.18,4.10,3.92,VMS 2,,Tanque,,2.64,2.88,2.10,2.58,3.73,3.58,3.50,4.01
04/10/2025 03:20 a. m.,Ordeño,04:44,10.76,1,,TI,TD,TD,0,,2.10,2.34,1.62,0.00,0,0,0,0,4.17,3.90,3.93,0.00,VMS 2,,Tanque,,3.00,3.00,2.04,0.00,3.67,3.65,3.44,0.00
04/10/2025 11:47 a. m.,Ordeño,04:40,13.91,2,,TD,,,0,,2.22,2.16,1.62,1.86,0,0,0,0,3.82,3.76,2.81,4.15,VMS 2,,Tanque,,2.76,2.64,2.04,2.64,2.98,3.17,3.13,4.63
04/10/2025 09:59 p. m.,Ordeño,04:23,10.57,3,,TI,TI,,0,,2.04,2.34,1.14,1.68,0,0,0,0,4.03,3.92,3.08,3.91,VMS 2,,Tanque,,2.52,2.94,1.92,2.16,3.20,3.31,0.46,3.60
05/10/2025 05:53 p. m.,Ordeño,07:10,16.92,1,,,DD,DD,0,,2.22,0.00,1.62,1.92,0,0,0,0,4.44,0.00,4.36,4.14,VMS 2,,Tanque,,2.94,0.00,2.34,2.94,5.46,0.00,5.42,6.04
06/10/2025 12:55 a. m.,Ordeño,05:06,12.37,1,,,,,0,DD,1.86,2.46,1.44,1.50,0,0,0,0,3.84,4.39,2.88,3.42,VMS 2,,Tanque,,2.40,3.30,1.86,2.10,2.26,5.96,1.81,2.34
06/10/2025 01:46 p. m.,Ordeño,05:27,17.02,2,,,,,0,,2.22,2.16,1.74,1.92,0,0,0,0,3.91,3.86,4.12,4.18,VMS 3,,Tanque,,2.94,2.70,2.16,2.40,4.47,3.93,3.87,4.75
06/10/2025 09:59 p. m.,Ordeño,04:37,11.13,3,,TD,,,0,,1.92,2.10,1.50,1.86,0,0,0,0,3.70,4.11,4.17,3.84,VMS 3,,Tanque,,2.76,2.76,1.92,2.46,3.12,2.68,2.33,3.00
07/10/2025 07:36 a. m.,Ordeño,07:16,10.14,1,,,DD,,0,,2.22,0.42,1.62,2.28,0,0,0,0,4.06,0.00,4.25,4.12,VMS 3,,Tanque,,2.82,1.20,2.04,3.06,3.51,0.23,3.20,3.20
07/10/2025 01:40 p. m.,Ordeño,06:58,11.11,2,,,,,0,,1.98,2.10,1.38,2.10,0,0,0,0,3.85,3.96,4.42,4.12,VMS 3,,Tanque,,2.58,3.00,1.80,2.82,2.30,1.99,1.88,4.94
08/10/2025 12:36 a. m.,Ordeño,04:58,15.71,1,,,,,0,,2.22,2.40,1.68,2.04,0,0,0,0,3.87,4.14,4.28,3.78,VMS 3,,Tanque,,3.00,3.00,1.98,2.52,4.07,3.59,3.82,4.23
08/10/2025 08:14 p. m.,Ordeño,08:16,22.46,2,,,,,0,DI,2.16,2.28,1.62,1.74,0,0,0,0,4.58,3.94,3.76,3.93,VMS 3,,Tanque,,2.82,2.94,2.04,2.34,5.49,5.67,5.42,5.88
09/10/2025 08:31 p. m.,Ordeño,04:44,11.32,2,,TI,,,0,,2.04,2.28,1.74,1.68,0,0,0,0,3.73,3.78,3.35,3.68,VMS 3,,Tanque,,2.88,2.88,2.28,2.34,2.97,2.56,2.87,2.92
10/10/2025 05:20 a. m.,Ordeño,06:14,12.62,1,,TI,,,0,,2.16,2.34,1.62,1.68,0,0,0,0,4.02,4.09,3.78,4.06,VMS 3,,Tanque,,2.82,2.88,2.58,2.34,3.46,3.51,2.14,3.51
10/10/2025 01:28 p. m.,Ordeño,06:42,11.39,2,,DI,,,0,,2.28,2.34,1.68,1.68,0,0,0,0,3.94,4.24,4.01,4.29,VMS 3,,Tanque,,3.18,3.06,2.16,2.76,2.96,3.33,3.96,1.14
10/10/2025 09:02 p. m.,Ordeño,05:07,12.79,3,,,,,0,,2.16,2.34,1.86,1.92,0,0,0,0,4.11,4.12,3.80,4.33,VMS 3,,Tanque,,3.00,3.06,2.34,2.70,2.83,2.89,2.60,4.47
11/10/2025 04:35 p. m.,Ordeño,06:19,25.00,1,,,,,0,,2.40,2.58,1.92,1.86,0,0,0,0,3.99,4.09,3.95,4.32,VMS 3,,Tanque,,2.88,3.42,2.40,2.40,5.85,6.21,6.40,6.54
12/10/2025 12:04 a. m.,Ordeño,06:54,6.49,1,,,DD,DD,0,,2.04,0.42,2.22,1.50,0,0,0,0,3.23,0.00,3.47,3.60,VMS 3,,Tanque,,2.52,1.08,2.76,1.92,2.31,0.11,2.01,2.06
12/10/2025 01:12 p. m.,Ordeño,06:48,18.30,2,,,,,0,,1.92,2.34,1.50,1.74,0,0,0,0,4.14,4.27,3.98,4.29,VMS 3,,Tanque,,2.64,3.00,1.92,2.40,3.94,4.42,3.98,5.96
13/10/2025 11:57 a. m.,Ordeño,06:04,25.15,1,,,,,0,,2.40,2.40,1.74,2.04,0,0,0,0,3.95,4.26,4.03,3.98,VMS 3,,Tanque,,2.94,3.24,2.16,2.58,6.76,6.07,5.76,6.56
13/10/2025 10:50 p. m.,Ordeño,08:42,13.91,2,,,,,0,,2.04,2.22,1.86,1.68,0,0,0,0,3.70,3.94,3.71,3.72,VMS 3,,Tanque,,2.88,2.76,2.46,2.28,3.39,3.03,3.80,3.69
14/10/2025 11:45 a. m.,Ordeño,05:15,18.11,1,,,,,0,,2.34,2.40,1.86,1.86,0,0,0,0,3.80,4.06,3.79,3.95,VMS 3,,Tanque,,3.00,2.94,2.22,2.46,4.36,4.47,4.62,4.66
14/10/2025 07:40 p. m.,Ordeño,04:43,11.58,2,,,,,0,,2.28,2.40,1.62,1.92,0,0,0,0,3.79,4.06,3.78,3.98,VMS 3,,Tanque,,2.82,3.30,2.10,2.40,2.84,2.95,2.70,3.09
15/10/2025 03:36 a. m.,Ordeño,07:36,9.06,1,,,DI,DI,0,,0.12,2.28,2.10,1.86,0,0,0,0,3.35,4.08,4.19,4.10,VMS 3,,Tanque,,0.36,2.82,2.64,2.34,0.14,3.18,2.48,3.26
15/10/2025 01:33 p. m.,Ordeño,07:07,16.40,2,,,,,0,,2.28,2.40,1.80,1.98,0,0,0,0,4.12,4.11,3.95,4.30,VMS 3,,Tanque,,2.88,3.06,2.40,2.58,3.36,3.67,5.54,3.83
15/10/2025 10:36 p. m.,Ordeño,04:52,13.43,3,,,,,0,,1.92,2.52,1.68,1.98,0,0,0,0,4.08,4.08,3.79,4.14,VMS 3,,Tanque,,2.34,3.18,2.22,2.46,3.25,3.37,3.02,3.79
16/10/2025 07:36 a. m.,Ordeño,05:05,13.32,1,,,,,0,,2.22,2.46,1.74,1.86,0,0,0,0,4.02,4.20,3.98,4.34,VMS 3,,Tanque,,2.82,3.24,2.16,2.40,3.27,3.36,2.88,3.81
16/10/2025 06:09 p. m.,Ordeño,04:43,16.37,2,,,,,0,,2.28,2.34,1.80,2.04,0,0,0,0,3.96,4.01,3.99,4.12,VMS 3,,Tanque,,2.82,2.82,2.40,2.52,4.05,4.05,3.72,4.55
17/10/2025 05:58 a. m.,Ordeño,10:22,8.26,1,,DD,"DI,DD",DI,0,,0.00,2.40,2.04,1.80,0,0,0,0,0.00,3.28,4.07,3.83,VMS 3,,Tanque,,0.00,3.54,2.70,2.34,0.00,1.42,2.75,4.09
17/10/2025 01:36 p. m.,Ordeño,06:24,15.10,2,,,,,0,,2.22,2.52,1.92,1.86,0,0,0,0,3.82,4.03,3.57,3.59,VMS 3,,Tanque,,2.88,3.24,2.52,2.28,2.85,4.12,5.38,2.75
18/10/2025 04:53 p. m.,Ordeño,08:49,21.51,1,,,,,0,,2.16,2.40,1.80,1.80,0,0,0,0,3.95,3.95,4.02,4.10,VMS 3,,Tanque,,2.94,3.12,2.34,2.28,5.12,5.68,5.00,5.71
18/10/2025 11:51 p. m.,Ordeño,07:09,7.78,2,,,,,0,,1.80,1.98,1.50,1.32,0,0,0,0,3.09,2.95,3.42,3.31,VMS 3,,Tanque,,2.40,2.82,1.92,2.28,2.07,1.87,1.81,2.03
19/10/2025 11:08 a. m.,Ordeño,04:59,13.28,1,,,,,0,,2.16,2.22,1.56,1.80,0,0,0,0,3.76,3.93,4.00,3.86,VMS 3,,Tanque,,2.76,2.82,1.98,2.40,3.24,3.37,3.00,3.67
19/10/2025 09:20 p. m.,Ordeño,04:32,13.05,2,,,,,0,,2.10,2.28,1.62,1.86,0,0,0,0,4.04,4.01,4.09,4.07,VMS 3,,Tanque,,2.70,2.88,2.16,2.34,3.29,3.31,2.82,3.63
20/10/2025 05:49 a. m.,Ordeño,07:50,12.26,1,,,,,0,,1.98,2.28,1.44,1.92,0,0,0,0,4.11,4.06,4.35,4.17,VMS 3,,Tanque,,2.70,2.88,1.92,2.52,3.01,3.21,2.53,3.51
13/12/2024 07:24 p. m.,Echada sin ordeñar,00:00,,,,,,,,,,,,,,,,,,,,,VMS 3,,,,,,,,,,,
15/12/2024 03:25 a. m.,Rechazada,00:00,,,,,,,,,,,,,,,,,,,,,VMS 3,,,,,,,,,,,
19/12/2024 07:51 a. m.,Rechazada,00:00,,,,,,,,,,,,,,,,,,,,,VMS 3,,,,,,,,,,,
13/02/2025 03:31 p. m.,Rechazada,00:00,,,,,,,,,,,,,,,,,,,,,VMS 2,,,,,,,,,,,
15/02/2025 06:10 p. m.,Echada sin ordeñar,00:06,,,,,,,,,,,,,,,,,,,,,VMS 2,,,,,,,,,,,
17/02/2025 11:21 a. m.,Rechazada,00:00,,,,,,,,,,,,,,,,,,,,,VMS 2,,,,,,,,,,,
20/02/2025 07:59 p. m.,Echada sin ordeñar,00:07,,,,,,,,,,,,,,,,,,,,,VMS 2,,,,,,,,,,,
21/02/2025 07:30 a. m.,Rechazada,00:00,,,,,,,,,,,,,,,,,,,,,VMS 2,,,,,,,,,,,
25/02/2025 04:23 p. m.,Rechazada,00:00,,,,,,,,,,,,,,,,,,,,,VMS 2,,,,,,,,,,,
28/02/2025 05:20 p. m.,Rechazada,00:00,,,,,,,,,,,,,,,,,,,,,VMS 2,,,,,,,,,,,
28/02/2025 09:27 p. m.,Rechazada,00:00,,,,,,,,,,,,,,,,,,,,,VMS 2,,,,,,,,,,,
01/03/2025 10:08 a. m.,Rechazada,00:00,,,,,,,,,,,,,,,,,,,,,VMS 2,,,,,,,,,,,
05/03/2025 11:41 a. m.,Rechazada,00:00,,,,,,,,,,,,,,,,,,,,,VMS 2,,,,,,,,,,,
12/03/2025 02:49 a. m.,Echada sin ordeñar,18:01,,,,,,,,,,,,,,,,,,,,,VMS 2,,,,,,,,,,,
16/03/2025 05:43 a. m.,Echada sin ordeñar,07:35,,,,,,,,,,,,,,,,,,,,,VMS 2,,,,,,,,,,,
27/03/2025 03:35 a. m.,Rechazada,00:00,,,,,,,,,,,,,,,,,,,,,VMS 2,,,,,,,,,,,
07/04/2025 11:32 p. m.,Rechazada,00:00,,,,,,,,,,,,,,,,,,,,,VMS 2,,,,,,,,,,,
08/04/2025 08:52 a. m.,Rechazada,00:00,,,,,,,,,,,,,,,,,,,,,VMS 2,,,,,,,,,,,
08/04/2025 09:48 a. m.,Rechazada,00:00,,,,,,,,,,,,,,,,,,,,,VMS 2,,,,,,,,,,,
07/05/2025 09:13 a. m.,Rechazada,00:00,,,,,,,,,,,,,,,,,,,,,VMS 2,,,,,,,,,,,
08/05/2025 12:14 a. m.,Rechazada,00:00,,,,,,,,,,,,,,,,,,,,,VMS 2,,,,,,,,,,,
08/05/2025 07:12 p. m.,Rechazada,00:00,,,,,,,,,,,,,,,,,,,,,VMS 2,,,,,,,,,,,
09/05/2025 12:38 p. m.,Rechazada,00:00,,,,,,,,,,,,,,,,,,,,,VMS 2,,,,,,,,,,,
12/05/2025 01:04 p. m.,Rechazada,00:00,,,,,,,,,,,,,,,,,,,,,VMS 2,,,,,,,,,,,
13/06/2025 01:49 a. m.,Rechazada,00:00,,,,,,,,,,,,,,,,,,,,,VMS 2,,,,,,,,,,,
27/06/2025 03:35 a. m.,Rechazada,00:00,,,,,,,,,,,,,,,,,,,,,VMS 2,,,,,,,,,,,
23/07/2025 02:36 a. m.,Rechazada,00:00,,,,,,,,,,,,,,,,,,,,,VMS 2,,,,,,,,,,,
26/07/2025 03:26 a. m.,Rechazada,00:00,,,,,,,,,,,,,,,,,,,,,VMS 2,,,,,,,,,,,
27/07/2025 05:25 a. m.,Rechazada,00:00,,,,,,,,,,,,,,,,,,,,,VMS 2,,,,,,,,,,,
27/07/2025 10:39 p. m.,Rechazada,00:00,,,,,,,,,,,,,,,,,,,,,VMS 2,,,,,,,,,,,
28/07/2025 09:22 a. m.,Rechazada,00:00,,,,,,,,,,,,,,,,,,,,,VMS 2,,,,,,,,,,,
30/07/2025 11:54 a. m.,Rechazada,00:00,,,,,,,,,,,,,,,,,,,,,VMS 2,,,,,,,,,,,
01/08/2025 09:35 p. m.,Rechazada,00:00,,,,,,,,,,,,,,,,,,,,,VMS 2,,,,,,,,,,,
03/08/2025 03:03 a. m.,Rechazada,00:00,,,,,,,,,,,,,,,,,,,,,VMS 2,,,,,,,,,,,
03/08/2025 05:04 a. m.,Rechazada,00:00,,,,,,,,,,,,,,,,,,,,,VMS 2,,,,,,,,,,,
08/08/2025 10:33 a. m.,Rechazada,00:00,,,,,,,,,,,,,,,,,,,,,VMS 2,,,,,,,,,,,
10/08/2025 06:49 a. m.,Rechazada,00:00,,,,,,,,,,,,,,,,,,,,,VMS 2,,,,,,,,,,,
13/08/2025 03:29 a. m.,Rechazada,00:00,,,,,,,,,,,,,,,,,,,,,VMS 2,,,,,,,,,,,
20/08/2025 03:33 a. m.,Rechazada,00:00,,,,,,,,,,,,,,,,,,,,,VMS 2,,,,,,,,,,,
22/08/2025 11:36 p. m.,Rechazada,00:00,,,,,,,,,,,,,,,,,,,,,VMS 2,,,,,,,,,,,
25/08/2025 05:34 a. m.,Rechazada,00:00,,,,,,,,,,,,,,,,,,,,,VMS 2,,,,,,,,,,,
26/08/2025 06:39 a. m.,Rechazada,00:00,,,,,,,,,,,,,,,,,,,,,VMS 2,,,,,,,,,,,
30/08/2025 05:47 p. m.,Rechazada,00:00,,,,,,,,,,,,,,,,,,,,,VMS 2,,,,,,,,,,,
04/09/2025 11:43 a. m.,Rechazada,00:00,,,,,,,,,,,,,,,,,,,,,VMS 2,,,,,,,,,,,
04/09/2025 10:58 p. m.,Rechazada,00:00,,,,,,,,,,,,,,,,,,,,,VMS 2,,,,,,,,,,,
08/09/2025 11:05 a. m.,Rechazada,00:00,,,,,,,,,,,,,,,,,,,,,VMS 2,,,,,,,,,,,
14/09/2025 04:05 p. m.,Rechazada,00:00,,,,,,,,,,,,,,,,,,,,,VMS 2,,,,,,,,,,,
15/09/2025 09:49 p. m.,Rechazada,00:00,,,,,,,,,,,,,,,,,,,,,VMS 2,,,,,,,,,,,
17/09/2025 10:47 a. m.,Rechazada,00:00,,,,,,,,,,,,,,,,,,,,,VMS 2,,,,,,,,,,,
17/09/2025 12:04 p. m.,Rechazada,00:00,,,,,,,,,,,,,,,,,,,,,VMS 2,,,,,,,,,,,
17/09/2025 12:54 p. m.,Rechazada,00:00,,,,,,,,,,,,,,,,,,,,,VMS 2,,,,,,,,,,,
18/09/2025 08:22 a. m.,Rechazada,00:00,,,,,,,,,,,,,,,,,,,,,VMS 2,,,,,,,,,,,
20/09/2025 03:37 a. m.,Rechazada,00:00,,,,,,,,,,,,,,,,,,,,,VMS 2,,,,,,,,,,,
21/09/2025 11:05 p. m.,Rechazada,00:00,,,,,,,,,,,,,,,,,,,,,VMS 2,,,,,,,,,,,
22/09/2025 06:35 a. m.,Rechazada,00:00,,,,,,,,,,,,,,,,,,,,,VMS 2,,,,,,,,,,,
04/10/2025 07:37 a. m.,Rechazada,00:00,,,,,,,,,,,,,,,,,,,,,VMS 2,,,,,,,,,,,
13/10/2025 12:29 a. m.,Echada sin ordeñar,00:00,,,,,,,,,,,,,,,,,,,,,VMS 3,,,,,,,,,,,
18/10/2025 09:18 a. m.,Echada sin ordeñar,21:45,,,,,,,,,,,,,,,,,,,,,VMS 3,,,,,,,,,,,
19/10/2025 11:09 p. m.,Rechazada,00:00,,,,,,,,,,,,,,,,,,,,,VMS 3,,,,,,,,,,,
