Main,,,,Estado,,,,,Estado AMD,,Media de los flujos (kg/min),,,,Sangre (ppm),,,,Conductividad (mS / cm),,,,Misc,,,,Flujos máximos (kg/min),,,,Producciones (kg),,,
Hora de inicio,Acción,Duración (mm:ss),Producción (kg),Número de ordeño,RCS (* 1000 células / ml),Patada,Incompleto,Pezones no encontrados,Ubre,Pezón,DI,DD,TI,TD,DI,DD,TI,TD,DI,DD,TI,TD,EO/PO,Usuario,Destino Leche,Razón de la desviación,DI,DD,TI,TD,DI,DD,TI,TD
11/08/2024 02:39 a. m.,Ordeño,10:14,15.96,1,,,,,1,,0.96,0.66,0.54,0.72,1056,2507,0,381,5.04,4.63,4.43,4.99,VMS 3,,Divert 3,,1.32,1.32,1.08,1.14,3.94,4.65,3.90,3.47
11/08/2024 09:30 p. m.,Ordeño,06:20,10.67,2,,,,,1,,0.96,0.78,0.78,0.90,850,2618,0,388,3.94,4.17,4.17,4.21,VMS 3,,Divert 3,,1.38,1.20,1.14,1.32,2.90,2.99,2.24,2.54
06/09/2024 05:07 a. m.,Ordeño,12:52,22.27,1,,,,,1,"DI,TD",1.20,0.78,0.72,0.90,0,0,0,0,5.56,5.03,3.75,5.09,VMS 2,,Tanque,,1.56,1.32,1.08,1.44,5.17,5.87,5.44,5.79
06/09/2024 05:52 p. m.,Ordeño,08:50,14.74,2,,,,,1,DI,0.96,0.78,0.66,0.90,0,0,0,0,5.15,3.99,4.21,3.80,VMS 2,,Tanque,,1.50,1.20,1.08,1.50,3.05,3.82,3.75,4.12
07/09/2024 12:12 a. m.,Ordeño,06:41,8.23,1,,,,,1,DI,0.90,0.60,0.60,0.84,0,0,0,0,4.75,3.66,4.00,3.67,VMS 2,,Tanque,,1.44,1.08,0.96,1.38,1.76,2.13,2.08,2.26
07/09/2024 05:47 p. m.,Ordeño,09:43,7.41,4,,,TD,TD,1,DI,1.02,0.72,0.60,0.00,0,0,0,0,5.16,4.17,4.49,0.00,VMS 2,,Tanque,,1.38,1.08,0.96,0.00,2.20,2.82,2.39,0.00
09/09/2024 06:42 a. m.,Ordeño,11:00,20.50,1,,,,,1,"DI,DD",1.08,0.84,0.84,0.96,0,0,0,0,7.10,5.02,4.54,3.98,VMS 2,,Tanque,,1.50,1.26,1.26,1.38,3.49,5.85,6.18,4.98
09/09/2024 03:10 p. m.,Ordeño,09:16,7.94,2,,"TI,TD",DI,,1,DI,0.84,0.72,0.66,0.78,0,873,0,0,5.43,3.80,4.13,4.03,VMS 2,,Tanque,,1.14,1.50,1.32,1.38,1.21,2.28,2.43,2.02
09/09/2024 08:19 p. m.,Ordeño,08:57,4.79,3,,,"DI,TI",TI,1,DI,0.60,0.60,0.00,0.90,0,772,0,0,4.92,4.07,0.00,4.14,VMS 2,,Tanque,,1.02,1.14,0.00,1.32,0.70,1.12,0.00,2.97
10/09/2024 06:57 a. m.,Ordeño,09:50,13.13,1,,,,,1,DI,1.02,0.78,0.66,0.90,0,664,0,0,5.21,4.35,4.63,4.23,VMS 2,,Tanque,,1.44,1.14,1.08,1.32,2.11,3.16,4.12,3.74
10/09/2024 05:15 p. m.,Ordeño,09:09,12.86,2,,,,,1,DI,0.96,0.72,0.66,0.90,0,0,0,0,4.90,4.21,4.35,4.10,VMS 2,,Tanque,,1.50,1.26,1.14,1.50,2.34,3.29,3.47,3.76
11/09/2024 02:00 p. m.,Ordeño,10:51,17.47,2,,TI,,,1,DI,1.08,0.78,0.72,0.90,0,352,0,0,5.78,4.40,4.34,4.23,VMS 2,,Tanque,,1.56,1.20,1.62,1.50,4.57,5.32,3.28,4.30
12/09/2024 05:16 a. m.,Ordeño,08:51,19.70,1,,,,,1,,1.08,0.90,0.78,1.08,0,330,0,0,4.73,4.10,4.48,4.17,VMS 2,,Tanque,,1.56,1.32,1.14,1.50,3.45,5.20,5.33,5.72
15/09/2024 06:44 p. m.,Ordeño,09:03,13.95,2,,,,,1,,1.02,0.84,0.72,1.02,0,0,0,0,5.29,4.60,4.76,4.71,VMS 2,,Tanque,,1.50,1.20,1.14,1.38,2.85,3.44,3.60,4.06
16/09/2024 05:06 a. m.,Ordeño,08:16,14.88,1,,,,,1,DI,0.96,0.84,0.72,0.96,0,0,0,0,5.04,4.05,4.41,4.24,VMS 2,,Tanque,,1.32,1.38,1.02,1.38,2.57,4.00,3.86,4.45
16/09/2024 03:01 p. m.,Ordeño,09:22,13.44,2,,TD,,,1,DI,0.96,0.66,0.72,0.96,0,0,0,0,5.38,4.19,4.56,4.29,VMS 2,,Tanque,,1.38,1.14,1.08,1.44,2.42,3.56,3.64,3.82
17/09/2024 01:51 a. m.,Ordeño,07:53,15.73,3,,TI,,,1,DI,1.02,0.90,0.78,1.02,0,0,0,0,5.51,4.34,4.55,3.96,VMS 2,,Tanque,,1.44,1.50,1.32,1.50,2.93,4.27,3.91,4.62
17/09/2024 11:34 a. m.,Ordeño,08:31,16.12,2,,,,,1,DI,1.02,0.84,0.78,1.08,0,0,0,0,5.32,3.95,4.42,4.13,VMS 2,,Tanque,,1.50,1.32,1.14,1.62,2.87,4.24,4.41,4.60
17/09/2024 08:53 p. m.,Ordeño,07:37,15.73,3,,,,,1,DI,1.08,0.84,0.72,1.08,0,0,439,0,5.11,4.09,4.35,4.27,VMS 2,,Tanque,,1.56,1.20,1.08,1.44,2.99,3.99,4.21,4.54
18/09/2024 06:32 a. m.,Ordeño,07:47,15.30,1,,,,,1,DI,1.02,0.72,0.66,0.96,0,0,0,0,5.18,4.07,4.43,4.28,VMS 2,,Tanque,,1.50,1.20,1.02,1.38,3.08,3.88,3.84,4.50
18/09/2024 12:39 p. m.,Ordeño,08:11,9.96,2,,,,,1,DI,0.90,0.60,0.72,0.90,0,0,0,0,5.05,3.87,4.45,4.24,VMS 2,,Tanque,,1.26,1.08,1.32,1.38,1.86,2.54,2.70,2.86
18/09/2024 09:20 p. m.,Ordeño,08:27,12.99,3,,TI,,,1,DI,0.90,0.72,0.72,0.96,0,0,0,0,5.17,4.11,4.65,4.57,VMS 2,,Tanque,,1.32,1.20,1.38,1.26,2.70,3.51,2.89,3.89
19/09/2024 07:33 a. m.,Ordeño,09:34,11.36,1,,,TD,TD,1,,1.02,0.84,0.72,0.00,0,0,0,0,5.13,4.32,4.62,0.00,VMS 2,,Tanque,,1.38,1.32,1.14,0.00,3.03,3.84,4.49,0.00
20/09/2024 08:49 a. m.,Ordeño,06:33,10.62,2,,,,,1,DI,1.14,0.72,0.66,1.02,0,0,0,0,5.77,3.91,4.18,4.11,VMS 2,,Tanque,,1.68,1.14,1.20,1.50,4.20,2.22,2.21,1.99
20/09/2024 04:27 p. m.,Ordeño,07:11,10.67,3,,,,,1,DI,0.90,0.78,0.66,0.90,0,0,0,0,4.84,4.07,4.26,4.25,VMS 2,,Tanque,,1.38,1.20,1.02,1.26,2.37,2.66,2.80,2.84
21/09/2024 01:10 a. m.,Ordeño,07:36,11.81,1,,,,,1,DI,1.14,0.72,0.72,0.96,0,0,0,0,5.06,3.99,4.26,4.31,VMS 2,,Tanque,,1.62,1.08,1.08,1.38,1.89,3.19,3.10,3.63
21/09/2024 08:46 a. m.,Ordeño,07:00,11.28,2,,,,,1,DI,1.08,0.84,0.72,0.96,0,0,0,0,4.99,3.92,4.15,3.97,VMS 2,,Tanque,,1.56,1.26,1.14,1.38,2.01,3.02,3.03,3.22
21/09/2024 05:46 p. m.,Ordeño,07:40,12.53,3,,,,,1,DI,1.08,0.66,0.72,0.96,0,0,0,0,4.77,3.72,4.10,3.88,VMS 2,,Tanque,,1.50,1.20,1.14,1.56,2.44,3.20,3.23,3.66
22/09/2024 12:05 a. m.,Ordeño,06:30,9.73,1,,,,,1,DI,1.08,0.66,0.72,0.90,0,0,0,0,4.85,3.73,4.07,3.90,VMS 2,,Tanque,,1.50,1.02,1.14,1.38,1.95,2.44,2.59,2.75
22/09/2024 08:39 a. m.,Ordeño,07:38,12.87,2,,,,,1,DI,1.02,0.78,0.66,0.96,0,0,0,0,5.04,4.10,4.35,4.26,VMS 2,,Tanque,,1.44,1.26,1.08,1.50,2.74,3.20,3.38,3.55
22/09/2024 04:39 p. m.,Ordeño,09:03,12.02,3,,,,,1,DI,1.02,0.54,0.66,1.02,0,0,301,0,4.78,3.83,4.20,4.14,VMS 2,,Tanque,,1.50,0.96,1.02,1.50,2.45,2.98,3.06,3.53
23/09/2024 12:02 a. m.,Ordeño,07:58,12.04,1,,,,,1,DI,0.96,0.78,0.60,0.90,0,0,0,0,4.83,4.04,4.25,4.23,VMS 2,,Tanque,,1.32,1.20,0.90,1.32,2.43,3.10,3.13,3.38
23/09/2024 05:40 a. m.,Ordeño,06:33,8.77,2,,,,,1,,0.90,0.78,0.60,0.96,0,0,0,0,4.82,4.18,4.39,4.43,VMS 2,,Tanque,,1.32,1.20,0.90,1.32,1.65,2.23,2.28,2.61
24/09/2024 10:01 a. m.,Ordeño,12:31,14.80,2,,,,,1,DI,0.84,0.66,0.66,0.90,0,0,0,0,4.83,4.06,4.32,4.21,VMS 2,,Tanque,,1.20,1.08,1.02,1.38,2.76,3.71,3.95,4.38
24/09/2024 08:08 p. m.,Ordeño,09:33,13.61,3,,,,,1,DI,0.96,0.78,0.60,0.96,0,0,0,0,4.90,4.00,4.32,4.21,VMS 2,,Tanque,,1.38,1.26,0.96,1.38,2.64,3.72,3.34,3.91
26/09/2024 12:58 a. m.,Ordeño,14:32,15.54,1,,,,,1,DI,0.96,0.48,0.60,0.96,0,0,0,0,5.08,3.61,4.06,3.53,VMS 2,,Tanque,,1.26,0.90,1.02,1.44,2.84,3.84,3.98,4.88
26/09/2024 12:47 p. m.,Ordeño,10:58,12.65,2,,,TD,TD,1,DI,0.96,0.84,0.60,0.00,0,0,0,0,5.30,3.70,4.10,0.00,VMS 2,,Tanque,,1.32,1.26,1.08,0.00,3.36,4.63,4.66,0.00
26/09/2024 09:30 p. m.,Ordeño,16:13,13.82,3,,,,,1,DI,0.90,0.84,0.60,0.84,0,0,0,0,4.88,3.91,4.08,4.35,VMS 2,,Tanque,,1.26,1.32,0.90,1.32,2.97,3.02,3.64,4.19
27/09/2024 05:26 p. m.,Ordeño,13:31,17.29,2,,,,,1,DI,0.84,0.72,0.54,0.84,0,0,0,0,4.99,3.95,4.30,3.97,VMS 2,,Tanque,,1.32,1.20,0.90,1.32,3.99,4.49,4.58,4.23
28/09/2024 01:48 a. m.,Ordeño,09:58,14.28,1,,,,,1,DI,0.96,0.78,0.60,0.96,0,0,0,0,4.82,4.03,4.21,4.43,VMS 2,,Tanque,,1.50,1.26,0.96,1.38,2.93,3.90,3.95,3.50
28/09/2024 10:51 a. m.,Ordeño,09:17,14.78,2,,,,,1,DI,1.02,0.78,0.66,0.90,0,0,0,0,4.93,4.18,4.30,4.54,VMS 2,,Tanque,,1.38,1.26,1.08,1.44,3.05,3.97,3.96,3.80
28/09/2024 05:52 p. m.,Ordeño,09:17,12.68,3,,,,,1,,0.96,0.78,0.60,0.90,0,0,0,0,4.86,4.27,4.44,4.52,VMS 2,,Tanque,,1.62,1.14,1.08,1.44,2.63,3.32,3.33,3.40
29/09/2024 01:03 a. m.,Ordeño,09:23,11.67,1,,,,,1,,0.90,0.84,0.54,0.96,0,0,0,0,5.01,4.46,4.50,4.79,VMS 2,,Tanque,,1.32,1.20,0.90,1.44,2.30,3.04,3.10,3.23
29/09/2024 10:52 a. m.,Ordeño,11:05,16.84,2,,,,,1,,0.96,0.78,0.54,0.96,0,0,0,0,5.06,4.54,4.57,4.80,VMS 2,,Tanque,,1.32,1.20,0.96,1.38,3.46,4.41,4.08,4.89
29/09/2024 05:01 p. m.,Ordeño,09:10,12.50,3,,,,,1,,0.90,0.72,0.60,0.90,0,0,0,0,4.77,4.22,4.36,4.60,VMS 2,,Tanque,,1.26,1.32,0.90,1.44,2.34,3.23,3.57,3.36
30/09/2024 02:29 a. m.,Ordeño,11:26,16.17,1,,,,,1,,0.96,0.90,0.60,0.96,0,0,0,0,4.91,4.40,4.45,4.66,VMS 2,,Tanque,,1.44,1.32,0.96,1.44,3.47,4.24,3.97,4.49
30/09/2024 10:55 a. m.,Ordeño,12:14,14.67,2,,,,,1,,0.90,0.72,0.54,0.78,0,0,0,0,4.56,4.09,4.23,4.40,VMS 2,,Tanque,,1.32,1.32,0.96,1.26,3.12,3.91,3.65,3.99
30/09/2024 08:04 p. m.,Ordeño,14:06,15.60,3,,,,,1,,0.90,0.78,0.48,0.84,0,0,0,0,4.62,4.12,4.29,4.38,VMS 2,,Tanque,,1.26,1.20,0.84,1.38,3.31,4.40,3.63,4.26
01/10/2024 04:31 a. m.,Ordeño,12:21,15.17,1,,,,,1,DI,0.90,0.66,0.60,0.78,0,0,0,0,4.76,4.02,4.24,4.19,VMS 2,,Tanque,,1.32,1.02,1.08,1.32,3.03,3.44,4.28,4.42
01/10/2024 06:58 p. m.,Ordeño,17:13,13.85,2,,,TD,TD,1,DI,0.96,0.54,0.60,0.00,0,0,0,0,5.38,4.24,4.26,0.00,VMS 2,,Tanque,,1.32,0.90,0.96,0.00,4.35,4.08,5.42,0.00
03/10/2024 12:45 p. m.,Ordeño,14:05,22.15,1,,,,,1,DI,1.02,0.66,0.60,0.90,0,0,0,0,5.49,4.13,4.22,3.85,VMS 2,,Tanque,,1.38,1.20,1.02,1.38,5.12,5.48,5.76,5.79
04/10/2024 02:31 a. m.,Ordeño,14:10,20.16,1,,,,,1,DI,0.96,0.84,0.66,0.90,0,0,0,0,4.55,3.87,4.00,3.73,VMS 2,,Tanque,,1.38,1.44,0.96,1.32,4.24,5.01,5.64,5.27
04/10/2024 09:09 a. m.,Ordeño,09:09,10.41,2,,,,,1,DI,0.72,0.60,0.54,0.84,0,0,0,0,4.29,3.59,2.81,3.74,VMS 2,,Tanque,,1.14,0.96,0.84,1.32,2.14,2.42,2.99,2.86
06/10/2024 07:47 p. m.,Ordeño,08:46,11.27,3,,,,,1,TD,0.72,0.60,0.66,1.08,0,0,0,0,3.67,3.39,2.81,4.54,VMS 2,,Tanque,,1.14,1.02,1.08,1.56,0.94,1.55,2.03,6.75
11/10/2024 04:04 a. m.,Ordeño,08:10,13.71,1,,,,,1,DI,0.96,1.08,0.66,1.08,0,0,0,0,4.87,3.53,3.55,3.73,VMS 2,,Tanque,,1.38,2.04,0.96,1.68,2.07,4.72,3.38,3.54
11/10/2024 12:17 p. m.,Ordeño,08:06,12.43,2,,,DI,,1,DI,0.84,0.84,0.66,1.02,0,0,0,0,4.48,3.33,2.95,3.57,VMS 2,,Tanque,,1.50,1.56,0.96,1.56,1.33,3.72,3.56,3.82
11/10/2024 04:08 p. m.,Ordeño,05:46,6.54,3,,,DI,,1,DI,0.48,0.72,0.60,0.96,0,0,0,0,4.48,3.46,3.49,3.51,VMS 2,,Tanque,,1.08,1.38,1.02,1.56,0.57,2.04,1.87,2.06
12/10/2024 06:53 a. m.,Ordeño,09:00,14.68,1,,,,,1,DI,1.02,0.78,0.72,0.96,0,0,0,0,4.73,3.60,3.66,3.62,VMS 2,,Tanque,,1.38,1.56,1.08,1.56,2.00,4.38,3.95,4.35
12/10/2024 11:35 a. m.,Ordeño,06:47,8.78,2,,,,,1,DI,0.84,0.72,0.66,0.96,0,0,0,0,4.73,3.61,3.46,3.61,VMS 2,,Tanque,,1.14,1.50,1.08,1.38,1.27,2.50,2.47,2.54
12/10/2024 07:49 p. m.,Ordeño,10:05,15.54,3,,,,,1,DI,0.90,0.78,0.60,0.84,0,0,0,0,4.68,3.59,3.45,3.63,VMS 2,,Tanque,,1.32,1.38,1.14,1.32,2.72,4.63,4.13,4.06
13/10/2024 07:20 a. m.,Ordeño,10:01,20.71,1,,,,,1,DI,1.02,0.96,0.72,1.08,0,0,0,0,4.69,3.60,3.52,3.61,VMS 2,,Tanque,,1.44,2.04,1.14,1.92,3.37,6.39,5.19,5.76
13/10/2024 06:02 p. m.,Ordeño,10:26,19.35,2,,,,,1,DI,0.96,1.02,0.66,0.90,0,0,0,0,4.27,3.34,3.38,3.41,VMS 2,,Tanque,,1.50,2.10,0.96,1.50,3.35,6.37,4.94,4.69
14/10/2024 01:34 a. m.,Ordeño,09:30,13.21,1,,,,,1,,0.90,0.96,0.54,0.90,0,0,0,0,3.95,3.26,2.81,3.29,VMS 2,,Tanque,,1.38,1.74,0.90,1.38,2.17,4.17,3.54,3.33
15/10/2024 06:55 a. m.,Ordeño,08:52,16.59,1,,,,,1,,1.14,0.90,0.78,1.02,0,0,0,0,3.84,3.38,2.81,3.29,VMS 2,,Tanque,,1.56,1.56,1.14,1.50,2.75,4.83,4.63,4.38
22/10/2024 06:46 p. m.,Ordeño,08:50,22.42,3,,,,,1,,1.86,1.02,0.78,1.14,0,0,0,0,4.53,4.21,4.21,4.34,VMS 2,,Tanque,,3.48,1.92,1.14,1.62,6.21,6.09,4.73,5.39
23/10/2024 05:13 a. m.,Ordeño,09:49,23.55,1,,,,,1,DI,2.94,0.84,0.84,1.14,0,0,0,0,4.60,3.89,4.11,4.35,VMS 2,,Tanque,,0.22,1.68,1.14,1.62,7.73,5.36,4.77,5.69
25/11/2024 07:42 p. m.,Ordeño,10:21,22.42,2,,,,,1,,1.20,0.78,0.90,1.26,0,0,0,0,4.76,4.15,4.29,4.21,VMS 2,,Tanque,,1.62,1.14,1.38,1.98,4.31,4.82,6.31,6.98
26/11/2024 09:02 a. m.,Ordeño,09:01,18.75,1,,,,,1,,1.32,0.84,0.90,1.26,0,0,0,0,4.76,4.13,4.20,4.29,VMS 2,,Tanque,,1.68,1.44,1.26,1.86,3.46,4.91,4.97,5.41
30/11/2024 11:04 a. m.,Ordeño,08:53,15.80,2,,,,,1,DI,1.14,0.90,0.84,1.14,0,0,0,0,4.49,4.29,3.35,4.36,VMS 2,,Tanque,,1.56,1.38,1.32,1.74,2.86,4.23,4.42,4.29
01/12/2024 07:59 a. m.,Ordeño,10:41,29.07,1,,,,,1,,1.20,0.96,1.02,1.44,0,0,0,0,4.97,4.64,4.64,4.71,VMS 2,,Tanque,,1.56,1.74,1.44,1.98,5.12,7.61,7.30,9.04
13/09/2025 07:06 p. m.,Ordeño,04:36,8.44,3,,,,,1,,1.08,1.14,1.20,1.20,0,0,0,0,3.91,3.96,3.98,0.00,VMS 1,,Tanque,,1.62,1.50,1.56,1.50,1.35,2.08,2.56,2.45
09/08/2024 01:01 p. m.,Ordeño,09:55,5.04,1,,,,,0,,0.18,0.78,0.90,1.02,0,7957,1791,1080,3.44,3.77,3.56,3.23,VMS 3,,Divert 3,,0.66,1.20,1.32,1.56,0.34,1.75,1.46,1.49
10/08/2024 02:49 a. m.,Ordeño,06:15,9.43,1,,,,,0,,1.02,0.96,0.84,0.78,1059,4258,580,477,3.91,3.81,3.40,3.15,VMS 3,,Divert 3,,1.80,1.50,1.44,1.86,2.12,2.77,2.35,2.19
12/08/2024 08:32 a. m.,Ordeño,05:33,8.12,1,,,,,0,,0.90,0.72,0.66,0.84,0,427,0,0,4.07,4.31,4.29,4.22,VMS 3,,Divert 3,,1.26,1.20,1.02,1.14,2.11,2.29,1.80,1.92
13/08/2024 12:05 a. m.,Ordeño,06:41,11.89,1,,DD,,,0,,1.02,0.78,0.72,0.96,0,0,0,0,4.29,4.49,4.42,4.62,VMS 3,,Divert 3,,1.38,1.20,1.20,1.32,3.25,2.62,2.90,3.12
13/08/2024 12:17 p. m.,Ordeño,08:05,11.91,2,,,,,0,,0.96,0.72,0.72,0.90,0,0,0,0,4.12,4.44,4.38,4.42,VMS 3,,Tanque,,1.38,1.08,1.14,1.26,2.84,3.87,2.54,2.66
14/08/2024 06:19 a. m.,Ordeño,08:27,16.08,1,,,,,0,,1.08,0.72,0.66,0.84,0,0,0,0,4.21,4.39,4.35,4.47,VMS 3,,Tanque,,1.50,1.20,0.96,1.26,4.13,4.27,3.74,3.94
14/08/2024 03:10 p. m.,Ordeño,06:05,8.62,2,,"TI,TD",,,0,,0.96,0.66,0.78,0.78,0,0,0,0,4.00,4.32,4.26,4.04,VMS 3,,Tanque,,1.32,1.14,1.20,1.20,2.24,2.32,1.90,2.16
15/08/2024 04:13 a. m.,Ordeño,09:09,12.90,1,,TD,,,0,,1.02,0.60,0.66,0.78,0,0,0,0,4.12,4.31,4.25,4.21,VMS 3,,Tanque,,1.38,0.96,0.96,1.08,3.39,3.52,2.98,3.01
15/08/2024 02:03 p. m.,Ordeño,07:08,9.54,2,,,,,0,,1.02,0.60,0.72,0.90,0,0,0,0,4.12,4.41,4.28,4.21,VMS 3,,Tanque,,1.38,0.96,1.14,1.26,2.50,2.49,2.14,2.41
16/08/2024 05:54 a. m.,Ordeño,09:44,16.07,1,,,,,0,,1.08,0.66,0.72,0.96,0,0,0,0,4.02,4.30,4.26,4.24,VMS 3,,Tanque,,1.50,1.02,1.20,1.56,4.33,4.00,3.86,3.88
16/08/2024 01:54 p. m.,Ordeño,06:51,8.50,2,,,,,0,,0.96,0.60,0.66,0.90,0,0,0,0,3.97,4.29,4.22,4.14,VMS 3,,Tanque,,1.32,0.96,1.14,1.26,2.34,2.16,1.96,2.04
17/08/2024 05:09 a. m.,Ordeño,10:52,15.54,1,,,,,0,,1.08,0.54,0.66,0.90,0,0,0,0,4.13,4.36,4.27,4.26,VMS 3,,Tanque,,1.44,0.96,1.14,1.26,4.19,4.02,3.77,3.56
17/08/2024 01:41 p. m.,Ordeño,07:11,9.87,2,,,,,0,,1.02,0.66,0.66,0.84,0,0,0,0,4.19,4.35,4.23,4.26,VMS 3,,Tanque,,1.32,1.14,1.08,1.20,2.67,2.66,2.27,2.27
18/08/2024 03:54 a. m.,Ordeño,10:21,15.81,1,,,,,0,,1.02,0.54,0.66,0.90,0,0,0,0,4.04,4.27,4.18,4.20,VMS 3,,Tanque,,1.44,0.96,1.14,1.32,4.20,3.96,3.83,3.82
18/08/2024 12:26 p. m.,Ordeño,07:38,10.53,2,,,,,0,,0.96,0.66,0.60,0.84,0,0,0,0,4.02,4.21,4.19,4.20,VMS 3,,Tanque,,1.26,1.02,0.90,1.20,2.80,2.73,2.44,2.56
19/08/2024 12:38 a. m.,Ordeño,08:57,14.26,1,,,,,0,,1.08,0.72,0.66,0.84,0,0,0,0,4.13,4.32,4.25,4.26,VMS 3,,Tanque,,1.56,1.02,1.14,1.26,3.71,3.74,3.33,3.48
19/08/2024 07:51 a. m.,Ordeño,06:30,8.73,2,,,,,0,,0.96,0.60,0.60,0.90,0,0,0,0,4.05,4.14,4.11,3.98,VMS 3,,Tanque,,1.38,1.02,0.90,1.32,2.38,2.16,1.98,2.21
19/08/2024 01:42 p. m.,Ordeño,05:56,7.37,3,,,,,0,,0.96,0.66,0.60,0.78,0,0,0,0,4.05,4.25,4.18,4.27,VMS 3,,Tanque,,1.26,1.14,1.02,1.14,1.92,1.93,1.74,1.78
20/08/2024 02:00 a. m.,Ordeño,09:07,14.84,1,,,,,0,,1.02,0.66,0.60,0.84,0,0,0,0,4.21,4.25,4.22,4.21,VMS 3,,Tanque,,1.44,1.02,1.08,1.26,3.94,3.75,3.44,3.71
20/08/2024 01:24 p. m.,Ordeño,09:12,14.51,2,,,,,0,,1.02,0.66,0.66,0.84,0,0,0,0,4.13,4.31,4.27,4.31,VMS 3,,Tanque,,1.44,0.96,1.02,1.20,3.75,3.59,3.43,3.74
20/08/2024 11:43 p. m.,Ordeño,08:45,11.77,3,,TD,,,0,,0.96,0.54,0.60,0.72,0,0,0,0,3.99,4.25,4.13,4.04,VMS 3,,Tanque,,1.38,0.96,1.02,1.44,3.29,3.06,2.95,2.47
21/08/2024 08:25 a. m.,Ordeño,08:18,12.14,1,,TD,,,0,,0.90,0.60,0.60,0.84,0,0,0,0,4.07,4.17,4.20,4.11,VMS 3,,Tanque,,1.38,0.96,0.96,1.20,3.17,2.92,2.76,3.29
21/08/2024 03:26 p. m.,Ordeño,06:40,9.77,2,,TD,,,0,,0.96,0.66,0.66,0.96,0,0,0,0,3.97,4.26,3.85,4.14,VMS 3,,Tanque,,1.38,1.02,1.20,1.62,2.55,2.49,2.36,2.37
22/08/2024 04:48 a. m.,Ordeño,08:56,15.44,1,,,,,0,,1.08,0.72,0.66,0.90,0,0,0,0,4.14,4.26,4.29,4.13,VMS 3,,Tanque,,1.44,1.08,1.08,1.32,4.00,4.04,3.55,3.85
22/08/2024 03:18 p. m.,Ordeño,08:28,14.74,2,,,,,0,,0.90,0.66,0.66,0.84,0,0,0,0,4.16,4.32,4.30,4.37,VMS 3,,Tanque,,1.26,1.14,1.08,1.32,3.76,3.77,3.52,3.69
23/08/2024 12:51 a. m.,Ordeño,07:46,12.45,1,,,,,0,,0.96,0.72,0.60,0.90,0,0,0,0,3.95,4.06,4.06,3.88,VMS 3,,Tanque,,1.44,1.08,1.08,1.20,3.19,3.15,2.89,3.22
23/08/2024 03:18 p. m.,Ordeño,10:36,17.88,2,,,,,0,,1.02,0.72,0.66,0.84,0,0,0,0,4.19,4.38,4.40,4.12,VMS 3,,Tanque,,1.38,1.14,1.14,1.20,4.68,4.47,4.21,4.52
24/08/2024 02:00 a. m.,Ordeño,09:05,14.56,1,,,,,0,,0.96,0.78,0.66,0.84,0,0,0,0,3.98,4.14,4.15,3.88,VMS 3,,Tanque,,1.32,1.14,1.02,1.20,3.80,3.73,3.63,3.40
24/08/2024 11:01 a. m.,Ordeño,08:05,13.65,2,,,,,0,,1.02,0.66,0.66,0.90,0,0,0,0,3.98,4.12,4.20,3.90,VMS 3,,Tanque,,1.50,1.14,1.08,1.20,3.62,3.34,3.23,3.46
24/08/2024 05:55 p. m.,Ordeño,07:01,9.58,3,,TI,,,0,,0.96,0.66,0.66,0.90,0,0,0,0,3.94,4.18,4.29,4.14,VMS 3,,Tanque,,1.38,1.02,1.08,1.26,2.69,2.58,1.81,2.50
25/08/2024 02:51 a. m.,Ordeño,09:43,13.08,1,,,,,0,,0.84,0.66,0.54,0.84,0,0,0,0,3.92,4.18,4.21,3.83,VMS 3,,Tanque,,1.14,1.14,1.02,1.14,3.37,3.10,3.32,3.29
25/08/2024 11:03 a. m.,Ordeño,08:58,12.55,2,,,,,0,,0.90,0.72,0.66,0.84,0,0,0,0,3.98,4.26,4.23,4.15,VMS 3,,Tanque,,1.38,1.14,1.08,1.26,3.29,3.16,3.14,2.96
25/08/2024 04:06 p. m.,Ordeño,07:57,6.68,3,,,,,0,,0.78,0.66,0.54,0.78,0,0,0,0,3.89,4.06,3.66,3.99,VMS 3,,Tanque,,1.50,1.50,1.02,1.56,1.81,1.94,1.41,1.52
25/08/2024 11:50 p. m.,Ordeño,08:04,12.44,4,,,,,0,,1.02,0.66,0.66,0.84,0,0,0,0,3.90,4.09,4.14,3.94,VMS 3,,Tanque,,1.38,1.02,1.08,1.38,3.13,2.93,3.19,3.19
26/08/2024 08:50 a. m.,Ordeño,08:41,13.32,1,,,,,0,,0.96,0.66,0.66,0.90,0,0,0,0,3.95,4.10,4.06,3.97,VMS 3,,Tanque,,1.32,1.08,1.08,1.38,3.60,3.24,3.22,3.26
26/08/2024 06:48 p. m.,Ordeño,08:28,14.90,2,,,,,0,,1.08,0.72,0.66,0.96,0,0,0,0,3.89,4.21,4.19,4.13,VMS 3,,Tanque,,1.50,1.08,1.14,1.44,3.98,3.77,3.44,3.71
27/08/2024 01:35 a. m.,Ordeño,08:01,10.15,1,,,,,0,,0.90,0.60,0.48,0.78,0,0,0,0,3.75,3.96,3.89,3.48,VMS 3,,Tanque,,1.32,0.96,0.84,1.20,2.66,2.49,2.37,2.63
27/08/2024 02:18 p. m.,Ordeño,10:01,17.24,2,,,,,0,,1.08,0.66,0.66,0.90,0,0,0,0,3.92,4.13,4.11,3.91,VMS 3,,Tanque,,1.74,1.08,1.08,1.50,4.45,4.13,4.18,4.48
27/08/2024 09:48 p. m.,Ordeño,09:21,9.75,3,,TD,,,0,,0.96,0.60,0.60,0.78,0,0,0,0,3.83,4.00,3.74,3.83,VMS 3,,Tanque,,1.50,1.08,0.96,1.44,2.77,2.56,2.56,1.86
28/08/2024 12:21 p. m.,Ordeño,09:48,19.07,1,,,,,0,,1.14,0.72,0.72,0.96,0,0,0,0,4.06,4.14,4.08,4.47,VMS 3,,Tanque,,1.50,1.14,1.08,1.44,4.72,4.49,4.50,5.36
28/08/2024 11:59 p. m.,Ordeño,09:35,17.08,1,,,,,0,,1.14,0.72,0.66,1.02,0,0,0,0,3.85,4.03,4.00,3.79,VMS 3,,Tanque,,1.44,1.14,1.20,1.62,4.41,3.99,4.04,4.64
29/08/2024 01:08 p. m.,Ordeño,12:21,18.56,2,,,,,0,,1.14,0.66,0.66,0.96,0,0,0,0,4.04,4.09,4.14,3.97,VMS 3,,Tanque,,1.86,1.02,1.08,1.56,4.86,4.49,4.30,4.91
30/08/2024 04:51 a. m.,Ordeño,18:38,27.00,1,,,,,0,,1.02,1.38,0.72,0.84,0,0,0,0,4.10,4.39,4.04,4.02,VMS 3,,Tanque,,1.56,2.46,1.26,1.50,5.51,10.61,5.54,5.34
30/08/2024 08:00 p. m.,Ordeño,14:14,21.34,2,,,,,0,TD,1.02,0.66,0.66,0.72,0,0,0,0,4.08,3.92,4.12,4.64,VMS 3,,Tanque,,1.50,1.08,1.02,1.32,5.60,5.59,5.01,5.14
31/08/2024 12:55 a. m.,Ordeño,07:47,10.28,1,,,,,0,,0.90,0.72,0.54,0.72,0,0,0,0,3.83,3.68,3.87,4.09,VMS 3,,Tanque,,1.38,1.08,0.90,1.08,2.44,2.67,2.36,2.81
31/08/2024 10:55 a. m.,Ordeño,09:06,14.62,2,,,,,0,,1.08,0.60,0.60,0.84,0,0,0,0,4.20,4.23,4.29,4.43,VMS 3,,Tanque,,1.50,1.02,1.08,1.26,3.94,3.41,3.46,3.81
31/08/2024 08:48 p. m.,Ordeño,09:07,15.34,3,,,,,0,,0.96,0.60,0.66,0.84,0,0,0,0,4.16,4.23,4.18,4.26,VMS 3,,Tanque,,1.32,0.96,1.08,1.26,3.94,3.61,3.79,4.00
01/09/2024 04:40 a. m.,Ordeño,08:46,12.41,1,,,,,0,,0.96,0.60,0.60,0.78,0,0,0,0,4.04,4.08,4.07,3.97,VMS 3,,Tanque,,1.38,1.08,0.96,1.20,3.32,2.94,3.13,3.02
01/09/2024 01:07 p. m.,Ordeño,07:51,13.07,2,,,,,0,,1.02,0.66,0.66,0.90,0,0,0,0,4.15,4.30,4.28,4.10,VMS 3,,Tanque,,1.44,1.02,1.08,1.32,3.50,3.00,3.14,3.43
01/09/2024 10:49 p. m.,Ordeño,09:04,14.95,3,,,,,0,,1.02,0.66,0.60,0.78,0,0,0,0,4.08,4.19,4.10,4.11,VMS 3,,Tanque,,1.38,1.02,0.96,1.20,3.93,3.59,3.55,3.88
02/09/2024 07:20 a. m.,Ordeño,08:35,14.33,1,,,,,0,,1.08,0.72,0.66,0.84,0,0,0,0,4.08,4.19,4.21,3.94,VMS 3,,Tanque,,1.50,1.14,1.26,1.26,3.75,3.40,3.42,3.76
02/09/2024 05:29 p. m.,Ordeño,08:52,15.74,2,,,,,0,,1.02,0.72,0.66,0.96,0,0,0,0,4.67,4.50,0.00,4.17,VMS 2,,Tanque,,1.50,1.14,1.26,1.38,3.97,3.88,3.67,4.22
03/09/2024 12:03 a. m.,Ordeño,07:55,9.95,1,,,,,0,,0.96,0.72,0.60,0.96,0,0,0,0,4.66,4.22,0.00,4.37,VMS 2,,Tanque,,1.32,1.20,1.02,1.44,2.41,2.41,2.52,2.61
03/09/2024 06:37 a. m.,Ordeño,07:13,10.01,2,,,,,0,,1.02,0.66,0.60,0.78,0,0,0,0,4.25,3.96,0.00,4.04,VMS 2,,Tanque,,1.38,1.08,1.08,1.20,2.28,2.53,2.56,2.64
03/09/2024 02:07 p. m.,Ordeño,08:37,11.49,3,,,,,0,,1.02,0.66,0.60,0.84,0,0,0,0,4.47,3.94,0.00,4.26,VMS 2,,Tanque,,1.44,1.02,1.08,1.26,2.91,2.82,2.89,2.87
04/09/2024 12:37 a. m.,Ordeño,09:29,15.61,1,,,,,0,,1.02,0.66,0.60,0.84,0,0,0,0,4.52,4.14,0.00,4.17,VMS 2,,Tanque,,1.44,1.02,1.02,1.44,3.99,3.85,3.68,4.09
04/09/2024 06:43 a. m.,Ordeño,07:58,12.01,2,,,,,0,,0.90,0.78,0.60,0.84,0,0,0,0,4.24,3.94,0.00,4.20,VMS 2,,Tanque,,1.32,1.14,1.02,1.32,2.99,3.05,2.94,3.03
04/09/2024 07:34 p. m.,Ordeño,11:02,18.39,3,,,,,0,,1.08,0.72,0.66,0.90,0,0,0,0,4.58,4.35,4.44,4.53,VMS 2,,Tanque,,1.50,1.20,1.26,1.38,4.72,4.49,4.24,4.94
05/09/2024 12:40 a. m.,Ordeño,07:05,10.27,1,,TI,,,0,,1.08,0.78,0.66,0.84,0,0,0,0,4.16,3.95,4.06,3.64,VMS 2,,Tanque,,1.50,1.20,1.14,1.38,2.70,2.82,1.83,2.92
05/09/2024 01:38 p. m.,Ordeño,15:04,17.43,2,,DD,,,0,,1.14,0.60,0.66,0.84,0,0,0,0,4.55,4.22,4.55,4.43,VMS 2,,Tanque,,1.62,0.96,1.08,1.38,4.75,3.49,4.61,4.58
07/09/2024 04:58 a. m.,Ordeño,10:49,5.61,2,,,DI,,0,DI,0.72,0.60,0.42,0.72,0,0,0,0,4.56,3.72,3.66,3.80,VMS 2,,Tanque,,1.14,0.96,0.78,1.14,0.97,1.54,1.42,1.68
07/09/2024 09:30 a. m.,Ordeño,06:51,7.22,3,,,,,0,DI,0.90,0.66,0.54,0.78,0,0,0,0,4.95,3.91,4.29,3.99,VMS 2,,Tanque,,1.26,1.14,0.90,1.14,1.57,1.76,1.93,1.96
07/09/2024 11:51 p. m.,Ordeño,08:54,6.34,1,,,"DI,DD","DI,DD",0,,0.00,0.00,0.54,0.78,0,0,0,0,0.00,0.00,4.36,4.48,VMS 2,,Tanque,,0.00,0.00,0.84,1.38,0.00,0.00,2.49,3.85
08/09/2024 06:54 a. m.,Ordeño,08:56,6.75,1,,,"DI,DD","DI,DD",0,TI,0.00,0.00,0.96,0.90,0,0,0,0,0.00,0.00,6.11,4.41,VMS 2,,Tanque,,0.00,0.00,1.38,1.44,0.00,0.00,3.50,3.25
08/09/2024 06:43 p. m.,Ordeño,08:46,7.31,2,,"DD,TI","DI,TI",DI,0,DD,0.00,0.72,0.60,0.78,0,0,0,0,0.00,5.02,4.71,3.62,VMS 2,,Tanque,,0.00,1.32,1.02,1.26,0.00,2.20,2.01,3.10
11/09/2024 02:03 a. m.,Ordeño,07:20,6.59,1,,DD,"DI,DD","DI,DD",0,,0.00,0.18,0.78,0.96,0,0,0,0,0.00,2.01,4.34,4.08,VMS 2,,Tanque,,0.00,0.36,1.20,1.38,0.00,0.08,3.09,3.42
12/09/2024 04:09 p. m.,Ordeño,08:20,14.87,2,,DD,,,0,,1.02,0.78,0.78,0.96,0,0,0,0,4.52,4.00,4.35,4.14,VMS 2,,Tanque,,1.50,1.44,1.20,1.44,2.62,3.69,4.04,4.52
12/09/2024 11:32 p. m.,Ordeño,07:08,11.10,3,,TI,,,0,,1.02,0.78,0.72,0.90,0,0,0,0,4.59,4.14,4.48,4.28,VMS 2,,Tanque,,1.44,1.14,1.08,1.38,2.00,2.92,2.86,3.32
13/09/2024 09:06 a. m.,Ordeño,07:15,13.88,1,,,,,0,,1.02,0.78,0.72,1.02,0,0,0,0,4.64,4.33,4.64,4.48,VMS 2,,Tanque,,1.44,1.20,1.26,1.38,2.63,3.45,3.74,4.06
14/09/2024 04:50 a. m.,Ordeño,10:55,23.82,1,,,,,0,,1.14,0.78,0.84,1.08,0,0,0,0,5.11,4.86,4.84,4.75,VMS 2,,Tanque,,1.62,1.26,1.26,1.50,4.69,6.37,6.39,6.37
14/09/2024 12:05 p. m.,Ordeño,07:59,12.52,2,,,,,0,,1.02,0.66,0.66,0.96,0,0,0,0,4.65,4.26,4.44,4.34,VMS 2,,Tanque,,1.44,1.20,1.08,1.44,2.36,3.48,3.23,3.45
14/09/2024 08:04 p. m.,Ordeño,07:19,12.14,3,,,,,0,,1.02,0.78,0.72,0.90,0,0,0,0,4.87,4.60,4.78,4.59,VMS 2,,Tanque,,1.50,1.26,1.14,1.38,2.18,3.21,3.08,3.67
15/09/2024 09:25 a. m.,Ordeño,10:01,19.73,1,,,,,0,,1.08,0.84,0.78,0.96,0,0,0,0,5.09,4.72,4.90,4.85,VMS 2,,Tanque,,1.56,1.32,1.14,1.56,4.04,5.09,5.09,5.51
19/09/2024 04:55 p. m.,Ordeño,09:06,16.17,2,,,,,0,,0.90,0.72,0.60,0.96,0,0,0,0,4.73,4.00,4.28,4.61,VMS 2,,Tanque,,1.26,1.14,1.08,1.44,2.99,3.55,3.58,6.05
20/09/2024 03:42 a. m.,Ordeño,08:44,12.41,1,,,DI,DI,0,,0.00,0.84,0.72,1.02,0,0,0,0,0.00,4.03,4.20,3.99,VMS 2,,Tanque,,0.00,1.26,1.02,1.74,0.00,4.22,3.67,4.52
23/09/2024 02:23 p. m.,Ordeño,08:02,13.40,3,,,,,0,,0.96,0.78,0.66,0.90,0,0,0,0,4.62,4.05,4.36,4.25,VMS 2,,Tanque,,1.38,1.20,1.08,1.44,2.83,3.50,3.53,3.54
24/09/2024 01:08 a. m.,Ordeño,14:23,15.28,1,,,,,0,,0.96,0.48,0.66,0.78,0,0,0,0,4.76,3.98,4.42,4.39,VMS 2,,Tanque,,1.32,0.96,1.08,1.38,3.40,3.63,4.23,4.02
25/09/2024 10:04 a. m.,Ordeño,11:53,7.87,1,,,"DD,TD","DD,TD",0,,1.02,0.00,0.66,0.00,0,0,0,0,5.23,0.00,4.28,0.00,VMS 2,,Tanque,,1.38,0.00,1.02,0.00,3.43,0.00,4.44,0.00
25/09/2024 01:19 p. m.,Ordeño,12:49,13.35,2,,,,,0,DI,0.72,0.84,0.60,1.02,0,0,0,0,4.84,4.26,2.75,4.04,VMS 2,,Tanque,,1.08,1.26,1.20,1.56,0.95,4.44,2.02,5.94
27/09/2024 04:51 a. m.,Ordeño,09:28,13.89,1,,,,,0,DI,0.78,0.66,0.54,0.90,0,0,0,0,4.95,4.12,4.19,3.96,VMS 2,,Tanque,,1.26,1.08,1.08,1.50,2.40,2.73,3.34,5.42
02/10/2024 04:57 a. m.,Ordeño,16:25,7.78,1,,,"DD,TI","DD,TI",0,,0.84,0.00,0.00,0.84,0,0,0,0,4.67,0.00,0.00,4.30,VMS 2,,Tanque,,1.32,0.00,0.00,1.44,2.84,0.00,0.00,4.94
02/10/2024 05:58 p. m.,Ordeño,19:04,14.31,2,,,TD,TD,0,,0.96,0.54,0.66,0.00,0,0,0,0,4.73,4.08,4.16,0.00,VMS 2,,Tanque,,1.38,1.08,1.08,0.00,3.94,4.17,6.20,0.00
04/10/2024 04:07 p. m.,Ordeño,10:14,7.26,3,,,TD,TD,0,,0.90,0.78,0.48,0.00,0,0,0,0,4.57,4.08,4.05,0.00,VMS 2,,Tanque,,1.32,1.26,1.08,0.00,2.23,2.56,2.47,0.00
04/10/2024 06:50 p. m.,Ordeño,07:56,6.19,4,,,,,0,TD,0.72,0.60,0.60,0.90,0,0,0,0,4.16,3.82,3.93,4.50,VMS 2,,Tanque,,1.14,1.02,0.90,1.38,0.74,0.81,1.27,3.37
05/10/2024 04:35 a. m.,Ordeño,09:22,15.60,1,,,,,0,,0.96,0.84,0.60,0.96,0,0,0,0,4.45,4.23,4.40,4.33,VMS 2,,Tanque,,1.44,1.26,0.96,1.50,3.32,3.76,3.83,4.69
05/10/2024 10:55 a. m.,Ordeño,09:03,10.01,2,,,,,0,,0.90,0.54,0.60,0.90,0,0,0,0,4.42,4.03,4.20,4.10,VMS 2,,Tanque,,1.32,0.84,0.96,1.38,2.07,2.45,2.65,2.84
05/10/2024 07:39 p. m.,Ordeño,09:43,14.12,3,,,,,0,,0.84,0.72,0.72,0.96,0,0,0,0,4.42,4.33,4.33,4.40,VMS 2,,Tanque,,1.20,1.08,1.14,1.50,2.95,3.60,3.79,3.78
06/10/2024 05:17 a. m.,Ordeño,12:21,10.76,1,,,TD,TD,0,,1.08,0.72,0.72,0.00,0,0,0,0,4.40,4.28,4.32,0.00,VMS 2,,Tanque,,1.56,1.14,1.14,0.00,3.23,3.26,4.27,0.00
06/10/2024 05:17 p. m.,Ordeño,12:38,14.74,2,,,TD,TD,0,,0.96,0.90,0.66,0.00,0,0,0,0,4.27,4.12,4.27,0.00,VMS 2,,Tanque,,1.38,1.32,1.14,0.00,4.30,5.53,4.91,0.00
07/10/2024 05:06 a. m.,Ordeño,10:57,15.68,1,,,,,0,,0.90,0.60,0.60,0.96,0,0,0,0,4.17,3.82,4.12,3.56,VMS 2,,Tanque,,1.26,1.02,0.96,1.38,3.24,3.49,3.96,4.99
07/10/2024 06:06 p. m.,Ordeño,12:48,16.87,2,,,,,0,,0.90,0.72,0.54,0.90,0,0,0,0,4.20,3.80,3.98,3.83,VMS 2,,Tanque,,1.26,1.20,0.96,1.38,3.79,4.68,4.30,4.10
08/10/2024 12:38 a. m.,Ordeño,07:51,10.30,1,,,,,0,,0.96,0.72,0.60,0.96,0,0,0,0,3.85,3.53,2.88,3.70,VMS 2,,Tanque,,1.32,1.14,1.02,1.50,2.08,2.62,3.13,2.47
08/10/2024 08:46 a. m.,Ordeño,08:59,12.08,2,,,,,0,,0.90,0.60,0.60,0.90,0,0,0,0,4.08,3.65,3.88,4.00,VMS 2,,Tanque,,1.26,1.08,1.02,1.38,2.51,2.99,3.18,3.40
08/10/2024 04:48 p. m.,Ordeño,11:34,13.65,3,,,,,0,,1.02,0.54,0.66,1.02,0,0,0,0,4.36,3.85,4.15,4.32,VMS 2,,Tanque,,1.44,0.96,0.96,1.68,2.90,3.16,3.68,3.91
09/10/2024 04:17 a. m.,Ordeño,11:09,20.76,1,,,,,0,,1.08,0.66,0.66,1.26,0,0,0,0,4.15,3.84,4.04,3.51,VMS 2,,Tanque,,1.44,1.14,1.14,2.34,4.15,4.99,5.14,6.48
09/10/2024 04:59 p. m.,Ordeño,11:42,21.44,2,,,,,0,,0.84,0.90,0.72,1.14,0,0,0,0,3.59,3.35,3.74,3.53,VMS 2,,Tanque,,1.26,1.68,1.08,1.92,4.13,5.51,5.63,6.17
10/10/2024 02:43 a. m.,Ordeño,09:38,18.42,1,,,,,0,,1.08,0.84,0.66,1.08,0,0,0,0,3.62,3.39,3.50,3.62,VMS 2,,Tanque,,1.50,1.74,1.08,1.74,3.70,5.06,4.52,5.14
10/10/2024 11:01 a. m.,Ordeño,08:46,8.32,2,,,"DI,DD","DI,DD",0,,0.00,0.00,0.72,1.08,0,0,0,0,0.00,0.00,3.53,3.64,VMS 2,,Tanque,,0.00,0.00,1.20,1.80,0.00,0.00,4.09,4.23
10/10/2024 06:49 p. m.,Ordeño,11:15,21.20,3,,,,,0,DI,1.08,1.02,0.66,1.08,0,0,0,0,4.53,3.85,3.62,3.88,VMS 2,,Tanque,,1.44,1.80,1.02,1.56,5.08,7.65,3.91,4.56
11/10/2024 05:54 p. m.,Ordeño,08:19,2.69,4,,,DI,,0,DI,0.18,0.54,0.48,0.72,0,0,0,0,3.95,3.42,3.48,3.37,VMS 2,,Tanque,,0.48,1.08,0.72,1.44,0.21,0.86,0.79,0.83
11/10/2024 10:48 p. m.,Ordeño,07:43,8.34,5,,,DI,,0,DI,0.72,0.60,0.60,1.08,0,0,0,0,4.38,3.47,3.54,3.62,VMS 2,,Tanque,,1.08,1.62,0.90,1.68,0.84,2.42,2.40,2.68
14/10/2024 08:53 a. m.,Ordeño,07:57,13.52,2,,,,,0,,0.96,0.96,0.72,0.84,0,0,0,0,3.79,2.95,2.81,3.22,VMS 2,,Tanque,,1.32,1.86,1.02,1.32,2.24,4.39,3.67,3.22
14/10/2024 09:48 p. m.,Ordeño,10:32,22.56,3,,,,,0,DI,1.14,1.20,0.66,1.08,0,0,0,0,3.87,3.37,2.88,3.35,VMS 2,,Tanque,,1.62,1.92,1.14,1.62,3.66,7.41,5.32,6.17
15/10/2024 12:30 p. m.,Ordeño,06:52,10.42,2,,,,,0,,1.02,1.02,0.66,1.02,0,0,0,0,3.65,3.22,2.68,3.25,VMS 2,,Tanque,,1.32,1.98,1.08,1.50,1.57,3.26,2.80,2.79
15/10/2024 06:54 p. m.,Ordeño,07:10,10.65,3,,,,,0,,1.08,0.90,0.66,0.78,0,0,0,0,3.60,3.31,2.81,3.33,VMS 2,,Tanque,,1.50,1.68,1.08,1.32,1.72,3.20,2.88,2.85
16/10/2024 03:57 a. m.,Ordeño,08:53,16.98,1,,,,,0,,1.14,1.14,0.72,1.02,0,0,345,0,4.14,3.55,3.76,3.69,VMS 2,,Tanque,,1.56,1.92,1.08,1.62,2.82,5.27,4.21,4.68
16/10/2024 10:42 a. m.,Ordeño,08:03,13.32,2,,,,,0,,1.14,1.02,0.66,0.96,0,0,0,0,4.05,3.64,3.71,3.75,VMS 2,,Tanque,,1.56,1.92,1.02,1.44,2.13,4.06,3.55,3.58
16/10/2024 08:22 p. m.,Ordeño,09:59,18.29,3,,,,,0,,1.14,1.02,0.66,0.96,0,0,0,0,4.08,3.75,3.90,3.87,VMS 2,,Tanque,,1.50,1.86,1.02,1.44,3.09,5.65,4.46,5.09
17/10/2024 04:23 a. m.,Ordeño,09:15,16.66,1,,,,,0,,1.08,1.14,0.72,1.08,0,0,0,0,3.92,3.71,3.80,3.84,VMS 2,,Tanque,,1.44,2.10,1.14,1.68,2.72,4.90,4.35,4.69
17/10/2024 01:02 p. m.,Ordeño,08:55,15.60,2,,,,,0,,1.14,0.90,0.66,1.02,0,0,0,0,3.98,3.85,3.85,3.87,VMS 2,,Tanque,,1.50,1.74,1.14,1.56,2.76,4.49,3.97,4.38
17/10/2024 08:39 p. m.,Ordeño,09:12,14.31,3,,,,,0,,0.96,0.84,0.60,0.90,0,0,0,0,3.86,3.62,3.63,3.75,VMS 2,,Tanque,,1.44,1.62,0.96,1.38,2.48,4.28,3.54,4.01
18/10/2024 05:17 a. m.,Ordeño,10:20,15.36,1,,,,,0,,1.08,0.78,0.54,1.08,0,0,0,0,3.99,3.77,3.80,3.99,VMS 2,,Tanque,,1.50,1.56,0.90,1.62,2.75,4.14,3.71,4.76
18/10/2024 08:11 p. m.,Ordeño,13:43,24.74,2,,,,,0,,1.14,1.14,0.54,1.08,0,0,0,0,4.34,3.74,3.89,4.05,VMS 2,,Tanque,,1.50,2.04,0.90,1.68,4.36,8.13,5.33,6.92
19/10/2024 05:40 a. m.,Ordeño,11:23,18.31,1,,,,,0,,1.14,1.02,0.54,1.08,0,0,0,0,3.86,3.56,3.59,3.80,VMS 2,,Tanque,,1.56,1.98,0.90,1.80,3.10,5.53,4.56,5.12
19/10/2024 11:27 a. m.,Ordeño,08:10,11.06,2,,,,,0,,1.14,0.90,0.60,1.14,0,0,0,0,4.00,3.50,2.95,3.73,VMS 2,,Tanque,,1.50,1.92,0.90,1.68,1.78,3.15,2.94,3.19
19/10/2024 04:39 p. m.,Ordeño,06:33,9.18,3,,,,,0,,1.08,0.96,0.54,1.08,0,0,0,0,4.12,3.84,3.65,4.07,VMS 2,,Tanque,,1.50,1.68,0.96,1.80,1.60,2.81,2.22,2.55
20/10/2024 01:24 a. m.,Ordeño,08:56,15.63,1,,,,,0,,1.08,0.90,0.60,1.14,0,0,0,0,4.13,4.03,3.97,4.08,VMS 2,,Tanque,,1.50,1.68,1.02,1.86,2.74,4.48,3.48,4.93
20/10/2024 06:00 a. m.,Ordeño,06:25,9.23,2,,,,,0,,1.02,0.96,0.60,1.14,0,0,0,0,4.00,3.77,3.83,3.95,VMS 2,,Tanque,,1.38,1.56,1.02,1.68,1.50,2.90,2.32,2.51
20/10/2024 11:51 a. m.,Ordeño,08:11,10.33,3,,,,,0,,1.02,0.78,0.60,1.02,0,0,0,0,3.99,3.71,3.76,3.76,VMS 2,,Tanque,,1.50,1.38,0.90,1.56,1.81,2.95,2.60,2.97
20/10/2024 08:13 p. m.,Ordeño,08:27,15.19,4,,,,,0,,1.08,0.96,0.66,1.08,0,0,0,0,4.13,3.88,3.98,3.95,VMS 2,,Tanque,,1.44,1.68,0.96,1.56,2.72,4.41,3.65,4.41
21/10/2024 06:13 a. m.,Ordeño,09:08,18.95,1,,,,,0,TD,1.08,1.38,0.72,1.32,0,0,0,0,4.29,3.94,4.14,4.85,VMS 2,,Tanque,,1.50,2.34,1.20,1.92,3.25,5.88,4.38,5.44
21/10/2024 06:23 p. m.,Ordeño,10:18,26.85,2,,,,,0,DI,2.70,1.08,0.72,1.14,0,0,0,0,4.57,3.97,4.05,3.89,VMS 2,,Tanque,,4.32,1.80,1.20,1.86,8.17,6.74,5.64,6.30
22/10/2024 01:54 a. m.,Ordeño,10:38,17.19,1,,,,,0,,2.46,0.78,0.84,1.20,0,0,0,0,4.47,3.99,3.87,4.48,VMS 2,,Tanque,,4.26,1.56,1.26,1.80,5.00,3.74,4.09,4.36
22/10/2024 07:32 a. m.,Ordeño,06:57,12.52,2,,,,,0,DI,2.58,1.14,0.78,1.14,0,0,0,0,4.63,4.06,3.97,4.50,VMS 2,,Tanque,,0.58,1.86,1.14,1.62,3.42,3.78,2.61,2.71
23/10/2024 09:37 a. m.,Ordeño,06:27,10.52,2,,,,,0,,1.44,1.02,0.72,1.14,0,0,0,0,4.05,3.75,3.85,4.04,VMS 2,,Tanque,,2.22,1.62,1.20,1.62,2.08,3.42,2.41,2.61
23/10/2024 09:00 p. m.,Ordeño,09:25,23.46,3,,,,,0,,2.88,0.90,0.84,1.14,0,0,0,0,4.46,4.05,4.13,4.25,VMS 2,,Tanque,,0.76,1.62,1.26,1.62,7.15,5.52,4.91,5.88
24/10/2024 09:48 a. m.,Ordeño,10:00,18.49,1,,,DI,DI,0,,0.18,0.96,0.84,1.26,0,0,0,0,1.54,4.32,4.21,4.30,VMS 2,,Tanque,,0.36,1.98,1.20,1.68,0.06,6.32,5.49,6.62
24/10/2024 08:01 p. m.,Ordeño,08:47,19.40,2,,,,,0,DI,1.20,0.96,0.78,1.14,0,0,0,0,4.56,3.94,3.91,3.94,VMS 2,,Tanque,,1.74,1.68,1.08,1.68,5.22,5.19,4.20,4.79
25/10/2024 05:09 a. m.,Ordeño,07:40,16.21,1,,,,,0,,1.08,1.20,0.84,1.14,0,0,0,0,3.80,3.82,3.85,3.94,VMS 2,,Tanque,,1.50,2.04,1.32,1.68,2.24,5.60,3.88,4.49
25/10/2024 10:25 a. m.,Ordeño,05:39,8.94,2,,,DI,,0,,0.78,1.14,0.72,1.14,0,0,0,0,3.82,3.74,3.64,3.68,VMS 2,,Tanque,,1.14,2.16,1.08,1.62,0.84,3.28,2.24,2.58
25/10/2024 02:20 p. m.,Ordeño,06:03,6.55,3,,,,,0,,0.84,0.72,0.66,0.96,0,0,0,0,4.16,3.92,3.84,3.89,VMS 2,,Tanque,,1.26,1.44,0.96,1.68,0.92,2.08,1.66,1.89
25/10/2024 08:30 p. m.,Ordeño,06:37,10.39,4,,,,,0,,0.78,1.02,0.60,1.08,0,0,0,0,4.11,3.79,3.84,3.87,VMS 2,,Tanque,,1.20,1.86,0.96,1.68,1.56,3.10,2.49,3.24
26/10/2024 08:25 a. m.,Ordeño,09:28,21.26,1,,,,,0,,0.78,1.08,0.90,1.20,0,0,0,0,4.65,4.21,4.25,4.24,VMS 2,,Tanque,,1.14,1.92,1.56,1.80,3.21,6.71,5.09,6.25
26/10/2024 05:28 p. m.,Ordeño,10:45,16.95,2,,,,,0,,0.84,0.78,0.72,1.14,0,0,0,0,4.34,4.05,3.96,4.00,VMS 2,,Tanque,,1.26,1.56,1.14,1.62,2.72,5.23,4.06,4.94
27/10/2024 03:38 a. m.,Ordeño,09:45,19.14,1,,,,,0,,0.84,1.02,0.78,1.14,0,0,0,0,4.56,4.19,4.17,4.17,VMS 2,,Tanque,,1.20,2.22,1.20,1.68,3.05,6.48,4.50,5.11
27/10/2024 09:51 a. m.,Ordeño,08:19,12.32,2,,,,,0,,0.96,0.84,0.72,1.14,0,0,0,0,4.27,3.79,3.92,3.89,VMS 2,,Tanque,,1.32,1.62,1.14,1.80,1.96,3.81,2.98,3.57
27/10/2024 06:51 p. m.,Ordeño,10:13,13.94,3,,,,,0,,0.90,0.84,0.72,0.96,0,0,0,0,4.20,4.01,3.97,4.03,VMS 2,,Tanque,,1.38,2.16,1.20,1.50,2.51,4.01,3.58,3.84
28/10/2024 03:28 a. m.,Ordeño,08:10,16.37,1,,,,,0,,1.08,1.08,0.78,1.14,0,0,0,0,4.32,4.23,4.23,4.38,VMS 2,,Tanque,,1.44,1.98,1.14,1.74,2.68,5.22,3.90,4.57
28/10/2024 11:58 a. m.,Ordeño,08:32,16.14,3,,,,,0,,1.02,0.90,0.90,1.26,0,0,0,0,4.55,4.22,4.24,4.35,VMS 2,,Tanque,,1.32,1.80,1.32,1.74,2.75,4.71,3.91,4.77
28/10/2024 06:29 p. m.,Ordeño,06:30,10.09,2,,,,,0,,0.84,0.96,0.72,1.02,0,0,0,0,4.65,4.08,4.08,4.54,VMS 2,,Tanque,,1.20,1.74,1.02,1.74,1.45,3.49,2.37,2.78
29/10/2024 02:40 a. m.,Ordeño,08:13,16.79,1,,,,,0,,1.02,1.20,0.72,1.08,0,0,0,0,4.48,4.21,4.21,4.58,VMS 2,,Tanque,,1.38,1.98,1.08,1.56,2.99,5.38,3.97,4.45
29/10/2024 10:50 a. m.,Ordeño,08:37,16.74,2,,,,,0,,0.90,1.08,0.72,1.26,0,0,0,0,4.38,4.31,4.20,4.40,VMS 2,,Tanque,,1.26,1.98,1.08,1.68,2.74,5.32,3.94,4.74
29/10/2024 06:32 p. m.,Ordeño,10:06,15.07,3,,,,,0,,1.02,1.08,0.78,1.02,0,0,0,0,4.24,4.24,4.18,4.36,VMS 2,,Tanque,,1.38,1.92,1.14,1.62,2.54,5.10,3.50,3.93
30/10/2024 05:01 a. m.,Ordeño,09:18,19.38,1,,,,,0,,1.02,0.84,0.78,1.20,0,0,0,0,4.49,4.09,4.24,4.40,VMS 2,,Tanque,,1.44,1.44,1.20,1.74,3.47,4.93,4.73,6.25
30/10/2024 12:28 p. m.,Ordeño,06:42,17.76,2,,,,,0,,1.08,1.44,0.84,1.02,0,0,0,0,3.95,3.92,3.86,3.88,VMS 2,,Tanque,,1.62,2.40,1.26,1.56,2.79,6.51,4.17,4.29
30/10/2024 08:37 p. m.,Ordeño,08:34,17.05,3,,,,,0,,0.96,1.02,0.72,1.14,0,0,0,0,4.14,4.09,4.14,4.12,VMS 2,,Tanque,,1.38,2.28,1.14,1.62,2.78,5.30,4.04,4.93
31/10/2024 12:28 p. m.,Ordeño,11:38,25.50,1,,,,,0,,1.02,1.14,0.66,1.08,0,0,0,0,4.25,4.09,4.13,4.15,VMS 2,,Tanque,,1.44,1.92,0.96,1.62,4.60,8.25,5.62,7.03
31/10/2024 10:23 p. m.,Ordeño,08:53,16.15,2,,,,,0,,0.84,1.08,0.66,1.02,0,0,0,0,4.05,3.89,3.93,3.95,VMS 2,,Tanque,,1.26,1.92,1.08,1.62,2.63,5.27,4.05,4.20
01/11/2024 05:53 a. m.,Ordeño,07:32,14.16,1,,,,,0,,0.90,1.02,0.66,1.08,0,0,0,0,4.02,3.96,3.96,4.07,VMS 2,,Tanque,,1.32,1.92,0.96,1.68,2.45,4.54,3.18,3.99
01/11/2024 01:20 p. m.,Ordeño,08:22,13.40,2,,,,,0,,0.96,1.02,0.60,0.78,0,0,0,0,4.11,4.08,4.08,3.41,VMS 2,,Tanque,,1.38,1.74,0.90,1.20,2.40,4.36,3.31,3.33
02/11/2024 03:20 a. m.,Ordeño,10:57,26.17,1,,,,,0,,0.90,1.26,0.72,1.08,0,0,0,0,4.33,4.12,4.12,4.18,VMS 2,,Tanque,,1.32,2.58,1.20,1.56,4.43,9.13,5.85,6.76
02/11/2024 12:53 p. m.,Ordeño,09:09,18.78,2,,,,,0,,1.02,1.08,0.72,1.14,0,0,0,0,3.82,3.92,3.94,3.94,VMS 2,,Tanque,,1.50,2.34,1.08,1.68,3.21,5.98,4.53,5.06
02/11/2024 07:14 p. m.,Ordeño,07:08,11.58,3,,,,,0,,0.84,0.84,0.72,0.96,0,0,0,0,3.75,2.81,3.72,3.77,VMS 2,,Tanque,,1.14,1.50,1.14,1.50,1.92,3.59,2.92,3.15
03/11/2024 01:44 a. m.,Ordeño,07:47,12.77,1,,,,,0,,1.02,1.14,0.54,0.90,0,0,0,0,3.93,3.99,4.06,4.23,VMS 2,,Tanque,,1.32,2.58,1.14,1.38,2.07,4.45,2.80,3.45
03/11/2024 11:02 a. m.,Ordeño,09:10,17.96,2,,,,,0,,1.14,0.90,0.72,1.14,0,0,0,0,4.33,4.01,4.13,4.15,VMS 2,,Tanque,,1.50,1.74,1.14,1.68,2.96,5.42,4.35,5.23
03/11/2024 06:58 p. m.,Ordeño,08:09,16.49,3,,,,,0,,1.02,1.14,0.72,1.14,0,0,0,0,4.07,4.09,4.03,4.03,VMS 2,,Tanque,,1.38,2.46,1.20,1.62,2.59,5.54,3.91,4.45
04/11/2024 05:27 a. m.,Ordeño,10:07,20.16,1,,,,,0,,0.96,0.90,0.78,1.14,0,0,0,0,4.04,3.96,4.10,4.04,VMS 2,,Tanque,,1.44,1.98,1.14,1.68,3.46,6.10,4.82,5.78
04/11/2024 05:09 p. m.,Ordeño,09:24,20.61,2,,,,,0,,1.08,1.14,0.72,1.14,0,0,0,0,3.81,3.98,3.92,3.84,VMS 2,,Tanque,,1.50,2.22,1.08,1.62,3.56,6.92,4.70,5.43
05/11/2024 02:58 a. m.,Ordeño,09:17,18.50,1,,,,,0,,1.08,1.08,0.72,1.08,0,0,0,0,3.87,4.03,3.90,3.81,VMS 2,,Tanque,,1.50,2.34,1.20,1.74,3.08,6.00,4.52,4.90
05/11/2024 05:23 p. m.,Ordeño,10:37,24.04,2,,,,,0,,1.08,0.90,0.78,1.14,0,0,0,0,3.98,2.95,3.98,3.94,VMS 2,,Tanque,,1.50,1.80,1.20,2.46,4.43,6.61,6.11,6.89
06/11/2024 12:22 a. m.,Ordeño,07:29,14.38,1,,,,,0,,1.14,1.26,0.78,1.02,0,0,0,0,3.59,2.88,3.71,3.62,VMS 2,,Tanque,,1.50,2.22,1.14,1.50,2.15,5.59,3.31,3.33
06/11/2024 09:41 a. m.,Ordeño,08:50,19.26,2,,,,,0,,1.14,1.20,0.84,1.14,0,0,0,0,4.27,4.09,4.17,4.15,VMS 2,,Tanque,,1.56,2.34,1.20,1.68,3.06,6.92,4.35,4.93
06/11/2024 07:51 p. m.,Ordeño,09:15,20.19,3,,,,,0,,0.96,1.14,0.72,1.14,0,0,0,0,4.19,4.08,4.22,4.19,VMS 2,,Tanque,,1.44,2.10,1.14,1.68,3.42,6.80,4.62,5.35
07/11/2024 02:36 a. m.,Ordeño,07:32,13.06,1,,,,,0,DD,0.78,0.84,0.72,1.14,0,0,0,0,4.08,4.89,4.20,4.18,VMS 2,,Tanque,,1.14,1.50,1.02,1.62,2.34,3.57,3.37,3.78
07/11/2024 10:18 a. m.,Ordeño,09:07,13.97,2,,,,,0,,1.14,0.72,0.84,1.02,0,0,0,0,4.28,4.37,4.26,4.24,VMS 2,,Tanque,,1.56,1.62,1.20,1.50,2.64,3.84,3.77,3.72
07/11/2024 06:30 p. m.,Ordeño,07:50,15.29,3,,,,,0,,1.08,1.02,0.78,1.14,0,0,0,0,4.29,4.18,4.21,4.27,VMS 2,,Tanque,,1.44,1.98,1.14,1.86,2.66,4.98,3.84,3.81
08/11/2024 12:06 a. m.,Ordeño,07:36,12.50,1,,,,,0,,1.08,1.02,0.78,1.14,0,0,0,0,4.35,4.20,4.28,4.46,VMS 2,,Tanque,,1.50,1.98,1.14,1.74,2.14,4.10,2.95,3.31
08/11/2024 10:00 a. m.,Ordeño,09:09,19.00,2,,,,,0,,1.14,1.20,0.78,1.26,0,0,0,0,4.33,4.15,4.31,4.35,VMS 2,,Tanque,,1.56,2.34,1.14,1.80,3.05,6.59,4.30,5.06
08/11/2024 04:59 p. m.,Ordeño,07:48,14.82,3,,,,,0,,0.96,1.02,0.78,1.20,0,0,0,0,4.33,3.87,4.22,4.32,VMS 2,,Tanque,,1.68,2.28,1.20,1.74,2.55,4.56,3.63,4.08
08/11/2024 11:48 p. m.,Ordeño,07:22,13.10,4,,,,,0,,1.26,1.08,0.60,1.26,0,0,0,0,4.17,2.95,4.11,4.11,VMS 2,,Tanque,,1.80,1.98,0.96,1.98,2.04,4.28,2.86,3.92
09/11/2024 04:46 a. m.,Ordeño,06:41,10.92,1,,,,,0,,1.02,0.90,0.84,1.26,0,0,0,0,4.10,2.81,3.97,4.04,VMS 2,,Tanque,,1.50,1.62,1.20,1.74,2.00,3.00,2.99,2.93
09/11/2024 12:00 p. m.,Ordeño,07:43,13.46,2,,,,,0,,1.08,0.90,0.78,1.08,0,0,0,0,4.27,2.95,4.18,4.27,VMS 2,,Tanque,,1.38,1.62,1.20,1.56,2.14,4.25,3.16,3.91
09/11/2024 05:46 p. m.,Ordeño,06:37,11.80,3,,,,,0,,1.08,0.96,0.78,1.14,0,0,0,0,4.17,2.68,4.05,4.12,VMS 2,,Tanque,,1.62,1.74,1.14,1.80,1.98,3.69,2.83,3.30
10/11/2024 05:56 a. m.,Ordeño,09:20,23.72,1,,,,,0,DD,0.96,1.14,0.84,1.32,0,0,0,0,4.22,4.89,4.18,4.20,VMS 2,,Tanque,,1.38,1.86,1.32,1.98,3.99,7.19,5.46,7.08
10/11/2024 12:14 p. m.,Ordeño,07:36,12.53,2,,,,,0,,1.02,1.02,0.78,1.14,0,0,0,0,3.81,4.16,3.85,3.80,VMS 2,,Tanque,,1.38,1.92,1.14,1.56,2.24,4.01,3.23,3.05
10/11/2024 10:31 p. m.,Ordeño,09:33,20.67,3,,,,,0,,1.02,1.02,0.84,1.26,0,0,0,0,4.31,3.98,4.30,4.22,VMS 2,,Tanque,,1.44,2.04,1.26,1.80,3.40,6.39,4.86,6.02
11/11/2024 05:28 a. m.,Ordeño,07:41,15.96,1,,,,,0,,1.02,1.20,0.78,1.26,0,0,0,0,4.09,2.95,4.09,4.14,VMS 2,,Tanque,,1.38,2.28,1.20,1.74,2.46,5.48,3.51,4.51
11/11/2024 10:28 a. m.,Ordeño,06:25,10.54,2,,,,,0,,0.90,1.08,0.72,0.96,0,0,0,0,4.02,2.81,3.95,3.96,VMS 2,,Tanque,,1.32,2.34,1.08,1.38,1.75,3.73,2.46,2.60
11/11/2024 06:03 p. m.,Ordeño,07:05,14.36,3,,,,,0,,1.08,0.96,0.78,1.14,0,0,0,0,4.21,2.75,4.26,4.29,VMS 2,,Tanque,,1.50,1.74,1.26,1.62,2.61,4.10,3.45,4.20
12/11/2024 08:14 a. m.,Ordeño,11:12,23.11,1,,,,,0,,1.08,0.84,0.78,1.14,0,0,0,0,4.13,2.55,3.98,3.99,VMS 2,,Tanque,,1.56,1.62,1.38,1.68,4.42,6.62,5.96,6.11
12/11/2024 03:05 p. m.,Ordeño,08:16,14.68,2,,,,,0,,1.08,0.90,0.66,1.08,0,0,0,0,3.79,2.48,3.72,3.72,VMS 2,,Tanque,,1.44,1.50,1.14,1.80,2.65,4.55,3.68,3.80
12/11/2024 10:13 p. m.,Ordeño,07:50,14.72,3,,,,,0,,0.96,1.02,0.66,1.20,0,0,0,0,3.71,2.41,3.82,3.96,VMS 2,,Tanque,,1.56,1.86,1.14,1.80,2.51,4.84,3.39,3.98
13/11/2024 03:50 a. m.,Ordeño,08:00,10.08,1,,,,,0,,0.90,0.60,0.54,0.90,0,0,0,0,3.86,2.41,3.91,3.93,VMS 2,,Tanque,,1.44,1.20,0.96,1.44,1.90,2.86,2.57,2.75
13/11/2024 10:44 a. m.,Ordeño,07:24,13.22,2,,,,,0,,0.84,0.90,0.66,1.08,0,0,0,0,3.97,2.61,4.04,4.08,VMS 2,,Tanque,,1.26,1.62,1.08,1.56,2.24,4.26,3.09,3.63
13/11/2024 08:46 p. m.,Ordeño,13:40,9.77,3,,,TD,TD,0,,0.90,0.42,0.54,0.00,0,0,0,0,3.77,2.28,3.83,0.00,VMS 2,,Tanque,,1.38,0.90,0.96,0.00,2.89,3.03,3.85,0.00
14/11/2024 12:23 a. m.,Ordeño,08:18,13.48,1,,,,,0,,0.90,0.66,0.66,1.20,0,0,0,0,3.52,2.28,3.49,3.94,VMS 2,,Tanque,,1.20,1.38,0.96,1.92,1.47,2.91,2.39,6.71
14/11/2024 11:42 a. m.,Ordeño,10:07,20.01,2,,,,,0,,1.08,0.78,0.66,1.08,0,0,0,0,3.92,2.55,3.88,3.74,VMS 2,,Tanque,,1.44,1.38,1.02,1.56,3.57,5.34,4.91,6.19
14/11/2024 10:47 p. m.,Ordeño,08:28,12.48,3,,,TI,TI,0,DD,1.32,0.84,0.00,1.08,0,0,0,0,3.92,4.74,0.00,3.79,VMS 2,,Tanque,,1.80,1.32,0.00,1.68,3.32,4.51,0.00,4.65
15/11/2024 07:04 a. m.,Ordeño,11:16,18.13,1,,,,,0,,1.02,0.84,0.78,0.96,0,0,0,0,4.23,4.55,4.18,4.27,VMS 2,,Tanque,,1.50,1.38,1.14,1.56,2.96,4.06,6.74,4.37
15/11/2024 02:28 p. m.,Ordeño,08:42,14.47,2,,,,,0,,1.14,0.78,0.66,1.08,0,0,0,0,4.32,4.47,3.85,4.45,VMS 2,,Tanque,,1.44,1.26,1.14,1.50,2.68,3.70,4.04,4.05
16/11/2024 12:16 a. m.,Ordeño,09:07,16.42,1,,,,,0,,1.02,0.90,0.60,1.14,0,0,0,0,4.41,4.28,4.26,4.33,VMS 2,,Tanque,,1.44,1.44,0.90,1.62,3.17,4.32,3.71,5.22
16/11/2024 10:14 a. m.,Ordeño,09:23,16.99,2,,,,,0,,1.14,0.84,0.66,1.14,0,0,0,0,4.38,4.21,4.49,4.54,VMS 2,,Tanque,,1.62,1.38,0.96,1.56,3.41,4.46,4.15,4.97
16/11/2024 06:08 p. m.,Ordeño,08:03,14.68,3,,,,,0,,1.14,0.84,0.66,1.14,0,0,0,0,4.48,4.19,4.48,4.47,VMS 2,,Tanque,,1.50,1.26,1.08,1.56,2.88,3.70,3.78,4.32
17/11/2024 03:00 a. m.,Ordeño,08:16,16.76,1,,,,,0,,1.14,0.96,0.78,1.20,0,0,0,0,4.69,4.37,4.68,4.55,VMS 2,,Tanque,,1.62,1.32,1.20,1.62,3.14,4.34,4.48,4.80
17/11/2024 11:23 a. m.,Ordeño,07:47,14.44,2,,,,,0,,1.14,0.90,0.72,1.20,0,0,0,0,4.44,4.18,4.41,4.33,VMS 2,,Tanque,,1.56,1.44,1.14,1.74,2.79,3.76,3.80,4.09
17/11/2024 08:45 p. m.,Ordeño,09:08,15.34,3,,,,,0,,1.08,0.96,0.72,0.90,0,0,0,0,4.37,4.19,4.35,4.32,VMS 2,,Tanque,,1.62,1.38,1.62,1.56,3.06,4.18,4.18,3.92
18/11/2024 06:19 a. m.,Ordeño,08:14,16.94,1,,,,,0,,1.14,0.90,0.84,1.14,0,0,0,0,4.59,4.30,4.54,4.53,VMS 2,,Tanque,,1.62,1.38,1.20,1.68,3.20,4.12,4.58,5.04
18/11/2024 02:01 p. m.,Ordeño,07:22,13.94,2,,,,,0,,1.08,0.78,0.78,1.14,0,0,0,0,4.44,4.03,4.32,4.36,VMS 2,,Tanque,,1.56,1.20,1.20,1.56,2.68,3.58,3.74,3.94
18/11/2024 09:32 p. m.,Ordeño,07:31,14.23,3,,,,,0,,1.02,0.84,0.78,1.14,0,0,0,0,4.58,4.29,4.59,4.69,VMS 2,,Tanque,,1.44,1.68,1.20,1.62,2.64,3.65,3.84,4.10
19/11/2024 05:57 a. m.,Ordeño,07:44,15.47,1,,,,,0,,1.26,0.96,0.78,1.14,0,0,0,0,4.92,4.62,4.82,4.87,VMS 2,,Tanque,,1.62,1.32,1.20,1.62,2.84,4.12,3.99,4.52
19/11/2024 11:26 a. m.,Ordeño,06:06,10.85,2,,,,,0,,1.20,0.84,0.78,1.20,0,0,0,0,4.36,4.18,4.36,4.33,VMS 2,,Tanque,,1.62,1.32,1.32,1.68,1.89,2.86,2.90,3.20
19/11/2024 05:38 p. m.,Ordeño,06:22,11.16,3,,,,,0,,1.32,0.96,0.72,1.08,0,0,0,0,4.58,4.28,4.57,4.59,VMS 2,,Tanque,,1.74,1.44,1.08,1.56,2.20,2.79,2.82,3.35
20/11/2024 02:40 a. m.,Ordeño,08:18,16.50,1,,,,,0,,1.20,1.02,0.78,1.14,0,0,0,0,4.71,4.56,4.76,4.73,VMS 2,,Tanque,,1.50,1.44,1.26,1.80,3.18,4.16,4.41,4.75
20/11/2024 07:25 a. m.,Ordeño,06:37,8.95,2,,,,,0,,1.20,0.72,0.72,1.08,0,0,0,0,4.64,4.16,4.57,4.51,VMS 2,,Tanque,,1.74,1.08,1.08,1.56,1.68,2.25,2.53,2.49
20/11/2024 03:12 p. m.,Ordeño,08:26,12.96,3,,,,,0,,1.02,0.66,0.60,0.84,0,0,0,0,4.43,4.25,4.56,4.52,VMS 2,,Tanque,,1.38,1.02,1.02,1.56,2.78,3.26,3.37,3.55
21/11/2024 01:32 a. m.,Ordeño,09:14,18.01,1,,,,,0,,1.20,1.08,0.72,1.14,0,0,0,0,4.55,4.30,4.51,4.46,VMS 2,,Tanque,,1.56,1.38,1.08,1.86,3.46,4.77,4.90,4.88
21/11/2024 10:06 a. m.,Ordeño,07:51,16.07,2,,,,,0,,1.20,0.90,0.78,1.20,0,0,0,0,4.49,4.15,4.38,4.33,VMS 2,,Tanque,,1.62,1.38,1.38,1.98,2.96,4.08,4.24,4.79
21/11/2024 09:17 p. m.,Ordeño,09:23,20.92,3,,,,,0,,1.14,0.96,0.84,1.14,0,0,0,0,4.41,4.23,4.43,4.42,VMS 2,,Tanque,,1.44,1.26,1.44,1.92,3.90,5.37,5.69,5.96
22/11/2024 07:08 a. m.,Ordeño,08:18,17.00,1,,,,,0,,1.20,0.78,0.78,1.20,0,0,0,0,4.27,4.02,4.31,4.29,VMS 2,,Tanque,,1.62,1.14,1.32,1.80,3.25,4.26,4.34,5.15
22/11/2024 02:51 p. m.,Ordeño,07:02,12.70,2,,,,,0,,1.14,0.84,0.72,1.08,0,0,0,0,4.20,3.96,4.16,4.22,VMS 2,,Tanque,,1.50,1.14,1.08,1.56,2.50,3.30,3.33,3.57
23/11/2024 01:03 a. m.,Ordeño,08:47,13.90,1,,TD,TD,,0,,1.02,0.84,0.84,1.14,0,0,0,0,4.42,3.88,4.29,4.23,VMS 2,,Tanque,,1.44,1.14,1.50,1.86,3.27,4.27,4.44,1.92
23/11/2024 11:04 a. m.,Ordeño,07:52,17.94,2,,,,,0,,1.08,0.84,0.78,1.26,0,0,0,0,4.36,3.87,4.15,4.24,VMS 2,,Tanque,,1.44,1.20,1.20,1.92,3.08,3.93,4.22,6.71
24/11/2024 12:17 a. m.,Ordeño,10:18,20.25,1,,,,,0,,0.90,0.72,0.84,1.20,0,0,0,0,4.36,3.89,4.20,4.11,VMS 2,,Tanque,,1.26,1.32,1.26,1.68,3.99,4.88,5.50,5.88
24/11/2024 10:59 a. m.,Ordeño,08:04,17.98,2,,,,,0,,1.26,0.96,0.84,1.20,0,0,0,0,4.49,3.92,4.20,4.24,VMS 2,,Tanque,,1.68,1.38,1.26,1.74,3.32,4.81,4.78,5.07
25/11/2024 03:57 a. m.,Ordeño,11:37,25.20,1,,,,,0,,1.08,1.02,0.78,1.20,0,0,0,0,4.76,4.15,4.32,4.38,VMS 2,,Tanque,,1.44,1.38,1.20,1.80,4.84,6.37,6.54,7.45
26/11/2024 06:43 p. m.,Ordeño,08:02,16.57,2,,,,,0,,1.14,0.96,0.84,1.08,0,0,0,0,4.89,4.28,4.51,4.61,VMS 2,,Tanque,,1.50,1.32,1.20,1.62,3.10,4.21,4.47,4.79
27/11/2024 02:31 a. m.,Ordeño,06:58,14.24,1,,,,,0,,1.14,0.84,0.84,1.26,0,0,0,0,4.96,4.38,4.65,4.68,VMS 2,,Tanque,,1.68,1.38,1.20,1.74,2.61,3.54,3.73,4.36
27/11/2024 10:37 a. m.,Ordeño,07:09,15.58,2,,,,,0,,1.02,0.84,0.96,1.32,0,0,0,0,5.16,4.56,4.77,4.80,VMS 2,,Tanque,,1.38,1.32,1.32,1.74,2.91,3.86,4.10,4.71
27/11/2024 07:34 p. m.,Ordeño,07:37,18.10,3,,,,,0,,1.08,1.02,0.90,1.32,0,0,0,0,5.36,4.76,4.89,4.98,VMS 2,,Tanque,,1.50,1.50,1.26,1.92,3.29,4.49,4.72,5.60
28/11/2024 03:55 a. m.,Ordeño,07:26,15.19,1,,,,,0,,1.26,0.84,0.84,1.14,0,0,0,0,5.36,4.60,4.85,4.85,VMS 2,,Tanque,,1.68,1.32,1.20,1.74,2.78,4.00,3.86,4.55
28/11/2024 10:58 a. m.,Ordeño,07:11,15.04,2,,,,,0,,1.08,0.84,0.90,1.20,0,0,0,0,4.89,4.34,4.65,4.81,VMS 2,,Tanque,,1.50,1.32,1.26,1.68,2.83,3.84,4.00,4.37
28/11/2024 10:36 p. m.,Ordeño,09:39,22.00,3,,,,,0,,1.02,0.84,0.84,1.26,0,0,0,0,4.96,4.40,4.51,4.62,VMS 2,,Tanque,,1.38,1.26,1.32,1.68,3.99,5.39,5.94,6.68
29/11/2024 08:36 a. m.,Ordeño,08:14,20.48,1,,,,,0,,1.20,0.96,1.02,1.26,0,0,0,0,4.69,4.10,4.39,4.44,VMS 2,,Tanque,,1.56,1.62,1.44,1.86,3.70,5.35,5.44,5.99
30/11/2024 12:58 a. m.,Ordeño,09:25,25.85,1,,,,,0,,1.26,0.96,1.02,1.38,0,0,0,0,4.89,4.39,4.60,4.69,VMS 2,,Tanque,,1.62,1.44,1.68,2.04,4.98,6.54,7.01,7.32
01/12/2024 09:56 p. m.,Ordeño,09:56,22.34,2,,,,,0,,1.14,0.90,0.78,1.20,0,0,0,0,4.46,4.24,4.42,4.36,VMS 2,,Tanque,,1.56,1.32,1.26,1.80,4.13,5.73,5.66,6.82
02/12/2024 10:48 a. m.,Ordeño,09:42,23.06,1,,,,,0,,1.08,0.96,1.08,1.26,0,0,0,0,4.54,4.32,3.92,4.44,VMS 2,,Tanque,,1.44,1.50,2.52,1.80,4.00,5.66,6.84,6.56
02/12/2024 04:23 p. m.,Ordeño,13:36,9.36,2,,,,,0,,0.84,1.02,0.78,0.96,0,0,0,0,4.21,4.27,4.35,4.33,VMS 2,,Tanque,,1.20,1.44,1.20,1.74,1.67,2.45,2.61,2.63
02/12/2024 11:33 p. m.,Ordeño,07:05,14.98,3,,,,,0,,1.20,1.08,0.84,1.32,0,0,0,0,4.82,4.73,4.74,4.87,VMS 2,,Tanque,,1.68,1.44,1.20,1.86,2.75,3.70,3.96,4.57
03/12/2024 07:33 a. m.,Ordeño,07:32,16.58,1,,,,,0,,1.08,0.90,0.90,1.44,0,0,0,0,5.11,4.82,4.93,4.79,VMS 2,,Tanque,,1.50,1.32,1.38,2.10,3.00,4.09,4.37,5.12
03/12/2024 05:36 p. m.,Ordeño,07:43,19.45,2,,,,,0,,1.26,1.02,0.96,1.38,0,0,0,0,5.11,4.87,4.94,4.98,VMS 2,,Tanque,,1.74,1.50,1.38,1.98,3.50,4.95,5.17,5.83
04/12/2024 04:56 a. m.,Ordeño,08:41,23.06,1,,,,,0,,1.26,1.02,1.02,1.56,0,0,0,0,4.84,4.72,4.85,4.89,VMS 2,,Tanque,,1.74,1.44,1.38,2.16,4.10,5.51,6.20,7.25
04/12/2024 02:27 p. m.,Ordeño,08:27,19.93,2,,,,,0,,1.26,0.84,0.90,1.62,0,0,0,0,4.60,4.41,4.57,4.57,VMS 2,,Tanque,,1.98,1.26,1.32,2.16,3.47,4.86,5.28,6.32
04/12/2024 07:33 p. m.,Ordeño,06:19,10.44,3,,,,,0,,1.26,0.78,0.84,1.56,0,0,0,0,4.55,4.41,4.62,4.65,VMS 2,,Tanque,,1.98,1.56,1.14,2.16,1.72,2.61,2.86,3.25
05/12/2024 02:51 a. m.,Ordeño,06:36,15.61,1,,,,,0,,1.32,0.96,0.96,1.56,0,0,0,0,4.83,4.59,4.82,4.78,VMS 2,,Tanque,,1.74,1.62,1.38,2.22,2.72,3.97,4.05,4.87
05/12/2024 09:06 a. m.,Ordeño,06:17,13.05,2,,,,,0,,0.96,1.20,0.90,1.44,0,0,0,0,4.44,4.25,4.41,4.45,VMS 2,,Tanque,,1.38,1.68,1.20,2.22,2.28,3.38,3.41,3.98
05/12/2024 05:00 p. m.,Ordeño,08:02,10.65,3,,,TD,TD,0,,1.14,1.14,0.90,0.00,0,0,0,0,4.67,4.46,4.64,0.00,VMS 2,,Tanque,,1.68,1.50,1.32,0.00,2.71,3.91,4.03,0.00
06/12/2024 01:26 a. m.,Ordeño,07:13,16.46,1,,,,,0,,1.20,0.96,0.84,1.26,0,0,0,0,4.44,4.21,4.36,4.41,VMS 2,,Tanque,,1.62,1.44,1.20,1.98,2.76,3.82,4.01,5.87
06/12/2024 06:41 a. m.,Ordeño,05:41,9.81,2,,,,,0,,1.14,1.02,0.84,1.02,0,0,0,0,4.31,4.03,4.18,3.96,VMS 2,,Tanque,,1.56,1.50,1.26,1.62,1.71,2.64,2.79,2.67
06/12/2024 11:29 a. m.,Ordeño,05:05,8.88,3,,,,,0,,1.26,0.90,0.90,1.14,0,0,0,0,4.48,4.32,4.52,4.37,VMS 2,,Tanque,,1.68,1.32,1.32,1.80,1.72,2.36,2.51,2.29
07/12/2024 01:23 a. m.,Ordeño,09:43,23.33,1,,,,,0,,1.32,1.20,0.84,1.38,0,0,0,0,4.58,4.45,4.50,4.49,VMS 2,,Tanque,,1.68,1.62,1.38,2.22,4.38,5.89,6.26,6.80
07/12/2024 12:49 p. m.,Ordeño,08:00,18.41,2,,,,,0,,1.38,1.08,0.90,1.20,0,0,0,0,4.39,4.05,4.14,4.18,VMS 2,,Tanque,,1.86,1.50,1.26,1.68,3.28,5.00,5.06,5.07
08/12/2024 05:44 a. m.,Ordeño,11:41,26.63,1,,,,,0,,1.38,1.20,0.90,1.56,0,0,0,0,4.88,4.44,4.49,4.28,VMS 2,,Tanque,,1.86,1.68,1.38,2.88,4.65,7.15,7.24,7.59
08/12/2024 12:28 p. m.,Ordeño,06:59,13.29,2,,,,,0,,1.20,1.02,0.78,1.14,0,0,0,0,4.36,4.12,4.16,4.24,VMS 2,,Tanque,,1.62,1.44,1.26,1.74,2.43,3.62,3.71,3.53
08/12/2024 08:47 p. m.,Ordeño,07:34,14.10,3,,,,,0,,1.20,1.02,0.78,1.08,0,0,0,0,4.58,4.31,4.44,4.55,VMS 2,,Tanque,,1.56,1.44,1.14,1.62,2.59,3.69,3.83,3.99
09/12/2024 06:05 a. m.,Ordeño,07:01,17.05,1,,,,,0,,1.26,1.02,0.96,1.32,0,0,0,0,5.19,4.98,5.04,5.10,VMS 2,,Tanque,,1.68,1.38,1.32,2.10,3.14,4.43,4.39,5.09
09/12/2024 02:00 p. m.,Ordeño,07:00,15.85,2,,,,,0,,1.50,1.02,0.96,1.02,0,0,0,0,4.65,4.44,4.55,4.58,VMS 2,,Tanque,,1.86,1.44,1.44,1.56,2.96,4.50,4.47,3.92
09/12/2024 11:42 p. m.,Ordeño,07:21,12.84,3,,,TI,TI,0,,1.08,1.02,0.00,1.38,0,0,0,0,4.65,4.43,0.00,4.50,VMS 2,,Tanque,,1.50,1.38,0.00,1.98,3.15,4.42,0.00,5.27
10/12/2024 07:06 a. m.,Ordeño,09:02,17.86,1,,,,,0,,1.44,0.78,1.02,1.26,0,0,0,0,4.71,4.43,4.67,4.76,VMS 2,,Tanque,,1.86,1.20,1.50,1.80,2.63,4.00,6.83,4.40
10/12/2024 12:54 p. m.,Ordeño,05:31,11.01,2,,,,,0,,1.32,1.08,0.90,1.38,0,0,0,0,4.50,4.24,4.07,4.47,VMS 2,,Tanque,,1.74,1.56,1.20,1.98,1.95,2.92,2.82,3.32
10/12/2024 06:31 p. m.,Ordeño,04:46,8.09,3,,,,,0,,1.20,0.96,0.90,1.32,0,0,0,0,4.42,4.19,4.33,4.35,VMS 2,,Tanque,,1.68,1.68,1.26,1.98,1.51,2.17,1.91,2.50
11/12/2024 01:57 a. m.,Ordeño,06:29,12.33,1,,,,,0,,1.08,0.96,0.78,1.26,0,0,0,0,4.42,4.30,4.44,4.46,VMS 2,,Tanque,,1.50,1.44,1.08,1.86,2.36,3.14,3.10,3.73
11/12/2024 11:39 a. m.,Ordeño,07:34,16.25,2,,,,,0,,1.20,1.02,0.84,1.38,0,0,0,0,4.51,4.31,4.53,4.60,VMS 2,,Tanque,,1.68,1.56,1.20,1.92,2.85,4.15,4.22,5.03
11/12/2024 11:24 p. m.,Ordeño,07:57,16.71,3,,,,,0,,1.26,1.14,0.90,1.14,0,0,0,0,4.27,3.95,4.26,4.13,VMS 2,,Tanque,,1.62,1.56,1.26,1.74,3.05,4.27,4.80,4.59
12/12/2024 07:43 a. m.,Ordeño,06:54,13.11,1,,,,,0,,1.02,1.14,0.84,1.08,0,0,0,0,4.06,3.90,4.14,4.05,VMS 2,,Tanque,,1.44,1.56,1.26,1.62,2.38,3.35,3.64,3.74
12/12/2024 12:39 p. m.,Ordeño,04:54,8.07,2,,,,,0,,1.26,1.02,0.84,1.14,0,0,0,0,4.11,3.82,4.15,4.07,VMS 2,,Tanque,,1.74,1.44,1.20,1.86,1.39,2.03,2.30,2.35
13/12/2024 12:53 a. m.,Ordeño,08:48,19.29,1,,,,,0,,1.32,1.20,0.84,1.26,0,0,0,0,4.61,4.41,4.53,4.42,VMS 2,,Tanque,,1.68,1.50,1.32,2.10,3.51,5.02,5.27,5.49
13/12/2024 07:12 a. m.,Ordeño,06:17,10.91,2,,,,,0,,1.26,0.96,0.84,1.20,0,0,0,0,4.12,3.74,4.12,3.90,VMS 2,,Tanque,,1.68,1.38,1.26,1.62,2.00,2.86,3.07,2.98
13/12/2024 02:07 p. m.,Ordeño,06:11,12.19,3,,,,,0,,1.20,0.90,0.90,1.26,0,0,0,0,4.50,4.27,4.53,4.45,VMS 2,,Tanque,,1.62,1.38,1.20,1.80,2.22,3.13,3.26,3.58
14/12/2024 01:11 a. m.,Ordeño,07:52,18.50,1,,,,,0,,1.32,1.02,0.96,1.32,0,0,0,0,4.72,4.36,4.66,4.49,VMS 2,,Tanque,,1.68,1.44,1.38,2.04,3.15,4.71,5.03,5.61
14/12/2024 09:53 a. m.,Ordeño,07:25,16.22,2,,,,,0,,1.20,1.02,0.90,1.38,0,0,0,0,4.37,4.16,4.34,4.42,VMS 2,,Tanque,,1.62,1.44,1.26,1.86,2.89,4.20,4.22,4.91
14/12/2024 04:33 p. m.,Ordeño,05:22,11.41,3,,,,,0,,1.32,0.96,0.96,1.26,0,0,0,0,4.38,4.16,4.34,4.27,VMS 2,,Tanque,,1.68,1.50,1.32,1.80,2.02,2.92,2.98,3.49
14/12/2024 10:05 p. m.,Ordeño,04:48,7.65,4,,,,,0,,1.14,1.08,0.90,1.38,0,0,0,0,4.32,4.29,4.37,4.38,VMS 2,,Tanque,,1.50,1.56,1.32,2.28,1.37,1.80,2.11,2.37
15/12/2024 08:28 a. m.,Ordeño,07:07,18.75,1,,,,,0,,1.32,1.14,1.02,1.50,0,0,0,0,4.65,4.45,4.57,4.56,VMS 2,,Tanque,,1.74,1.68,1.62,2.10,3.34,4.82,4.90,5.69
15/12/2024 04:21 p. m.,Ordeño,05:46,12.21,2,,,,,0,,1.26,1.02,0.96,1.32,0,0,0,0,4.32,4.01,4.15,4.14,VMS 2,,Tanque,,1.56,1.56,1.32,1.80,2.21,3.17,3.24,3.59
16/12/2024 03:22 a. m.,Ordeño,06:26,15.87,1,,,,,0,,1.32,1.08,1.02,1.32,0,0,0,0,4.23,4.08,4.28,4.23,VMS 2,,Tanque,,1.68,1.50,1.50,2.04,2.77,4.12,4.37,4.61
16/12/2024 11:02 a. m.,Ordeño,05:32,10.66,2,,,,,0,,1.20,1.02,0.96,1.14,0,0,0,0,4.03,3.82,4.13,3.90,VMS 2,,Tanque,,1.56,1.56,1.26,1.68,1.94,2.78,2.91,3.03
16/12/2024 05:57 p. m.,Ordeño,05:52,9.91,3,,,,,0,,1.14,1.02,0.78,1.20,0,0,0,0,4.22,4.10,4.25,4.11,VMS 2,,Tanque,,1.56,1.56,1.14,1.86,1.82,2.57,2.75,2.77
17/12/2024 04:58 a. m.,Ordeño,07:27,18.54,1,,,,,0,,1.26,0.96,1.02,1.32,0,0,0,0,4.63,4.43,4.64,4.45,VMS 2,,Tanque,,1.62,1.38,1.38,1.92,3.42,4.52,5.13,5.47
17/12/2024 11:00 a. m.,Ordeño,05:58,11.72,2,,,,,0,,1.32,1.14,0.90,1.20,0,0,0,0,4.53,4.34,4.45,4.44,VMS 2,,Tanque,,1.68,1.56,1.32,1.68,2.08,3.20,3.30,3.14
17/12/2024 06:20 p. m.,Ordeño,06:40,12.09,3,,,,,0,,1.20,1.08,0.78,1.14,0,0,0,0,4.49,4.33,4.44,4.43,VMS 2,,Tanque,,1.50,1.50,1.20,1.80,2.26,3.19,3.35,3.29
18/12/2024 03:42 a. m.,Ordeño,07:51,16.83,1,,,,,0,,1.26,1.02,0.90,1.20,0,0,0,0,4.77,4.37,4.64,4.64,VMS 2,,Tanque,,1.68,1.56,1.26,1.68,2.99,4.33,4.67,4.84
18/12/2024 11:33 a. m.,Ordeño,06:51,14.77,2,,,,,0,,1.26,1.08,0.90,1.20,0,0,0,0,4.63,4.43,4.58,4.52,VMS 2,,Tanque,,1.62,1.56,1.26,1.86,2.67,3.87,4.08,4.15
18/12/2024 09:17 p. m.,Ordeño,06:56,15.27,3,,,,,0,,1.20,1.02,1.08,1.26,0,0,0,0,4.39,4.09,4.28,4.20,VMS 2,,Tanque,,1.50,1.44,1.44,2.64,2.68,4.09,4.15,4.35
19/12/2024 03:53 a. m.,Ordeño,05:15,9.08,1,,,,,0,,1.14,0.96,0.90,1.20,0,0,0,0,4.24,4.02,4.22,4.20,VMS 2,,Tanque,,1.56,1.38,1.26,1.92,1.68,2.33,2.60,2.47
19/12/2024 09:30 a. m.,Ordeño,04:51,8.64,2,,,,,0,,1.14,1.02,0.96,1.20,0,0,0,0,4.31,4.16,4.33,4.42,VMS 2,,Tanque,,1.68,1.50,1.44,1.74,1.54,2.25,2.37,2.48
19/12/2024 05:45 p. m.,Ordeño,06:29,12.83,3,,,,,0,,1.14,1.08,0.84,1.26,0,0,0,0,4.35,4.16,4.30,4.48,VMS 2,,Tanque,,1.56,1.50,1.20,1.98,2.26,3.35,3.51,3.71
20/12/2024 04:20 a. m.,Ordeño,07:05,19.40,1,,,,,0,,1.32,1.20,1.08,1.62,0,0,0,0,4.57,4.44,4.53,4.48,VMS 2,,Tanque,,1.68,1.56,1.50,2.34,3.31,4.88,5.08,6.13
20/12/2024 12:17 p. m.,Ordeño,06:09,13.79,2,,,,,0,,1.20,0.96,0.96,1.32,0,0,0,0,4.24,4.12,4.24,4.35,VMS 2,,Tanque,,1.56,1.38,1.38,2.16,2.52,3.58,3.68,4.01
20/12/2024 07:00 p. m.,Ordeño,05:59,11.63,3,,,,,0,,1.32,0.96,0.84,1.32,0,0,0,0,4.36,4.19,4.32,4.35,VMS 2,,Tanque,,1.86,1.44,1.20,1.92,2.03,2.99,3.07,3.54
21/12/2024 01:29 a. m.,Ordeño,05:31,10.11,1,,,,,0,,1.02,1.08,0.90,1.26,0,0,0,0,4.25,4.05,4.25,4.27,VMS 2,,Tanque,,1.44,1.44,1.32,1.86,1.85,2.60,2.74,2.92
21/12/2024 09:27 a. m.,Ordeño,06:27,12.61,2,,,,,0,,1.26,1.14,0.90,1.32,0,0,0,0,4.37,4.19,4.33,4.26,VMS 2,,Tanque,,1.68,1.56,1.26,1.86,2.14,3.25,3.55,3.67
21/12/2024 03:33 p. m.,Ordeño,05:18,9.52,3,,,,,0,,1.26,1.02,0.84,1.20,0,0,0,0,4.39,4.11,4.26,4.25,VMS 2,,Tanque,,1.74,1.38,1.20,1.68,1.74,2.38,2.56,2.84
22/12/2024 12:59 a. m.,Ordeño,06:57,14.47,1,,,,,0,,1.32,1.14,0.84,1.38,0,0,0,0,4.39,4.27,4.39,4.31,VMS 2,,Tanque,,1.68,1.50,1.20,2.10,2.47,3.67,3.93,4.40
22/12/2024 10:06 a. m.,Ordeño,07:49,16.57,2,,,,,0,,1.32,1.08,0.84,1.38,0,0,0,0,4.52,4.28,4.39,4.37,VMS 2,,Tanque,,1.68,1.56,1.20,1.98,2.97,4.22,4.40,4.98
22/12/2024 07:11 p. m.,Ordeño,07:08,15.27,3,,,,,0,,1.20,1.08,0.90,1.26,0,0,0,0,4.31,4.21,4.23,4.27,VMS 2,,Tanque,,1.56,1.50,1.44,1.86,2.75,3.96,4.23,4.33
23/12/2024 05:46 a. m.,Ordeño,08:41,19.14,1,,,,,0,,1.26,1.26,0.84,1.44,0,0,0,0,4.69,4.58,4.50,4.52,VMS 2,,Tanque,,1.74,1.62,1.20,2.22,3.50,4.98,5.11,5.55
23/12/2024 06:11 p. m.,Ordeño,07:50,20.76,2,,,,,0,,1.38,1.08,1.02,1.56,0,0,0,0,4.46,4.25,4.31,4.33,VMS 2,,Tanque,,1.80,1.56,1.38,2.58,3.59,5.43,5.41,6.33
24/12/2024 03:56 a. m.,Ordeño,07:10,15.45,1,,,,,0,,1.14,0.90,0.90,1.26,0,0,0,0,4.20,3.92,4.11,4.12,VMS 2,,Tanque,,1.68,1.44,1.26,1.86,2.77,4.20,4.20,4.28
24/12/2024 10:44 a. m.,Ordeño,05:56,11.98,2,,,,,0,,1.14,1.08,0.90,1.26,0,0,0,0,4.32,4.19,4.32,4.32,VMS 2,,Tanque,,1.56,1.56,1.26,1.92,2.10,3.25,3.21,3.42
24/12/2024 06:58 p. m.,Ordeño,06:25,14.29,3,,,,,0,,1.26,1.08,0.96,1.38,0,0,0,0,4.46,4.33,4.46,4.43,VMS 2,,Tanque,,1.62,1.50,1.26,2.16,2.46,3.72,3.88,4.23
25/12/2024 05:26 a. m.,Ordeño,07:29,18.94,1,,,,,0,,1.32,1.08,0.96,1.50,0,0,0,0,4.47,4.38,4.53,4.44,VMS 2,,Tanque,,1.74,1.62,1.32,2.04,3.22,4.85,5.12,5.75
25/12/2024 04:14 p. m.,Ordeño,07:22,18.53,2,,,,,0,,1.32,1.08,1.02,1.38,0,0,0,0,4.54,4.33,4.46,4.43,VMS 2,,Tanque,,1.68,1.62,1.38,2.70,3.22,4.80,5.04,5.47
26/12/2024 03:44 a. m.,Ordeño,07:44,21.12,1,,,,,0,,1.38,1.20,1.02,1.50,0,0,0,0,4.48,4.35,4.47,4.45,VMS 2,,Tanque,,1.98,1.56,1.50,2.22,3.73,5.39,5.68,6.32
26/12/2024 02:07 p. m.,Ordeño,07:33,18.29,2,,,,,0,,1.32,1.08,0.96,1.44,0,0,0,0,4.35,4.22,4.33,4.38,VMS 2,,Tanque,,1.74,1.50,1.38,2.04,3.23,4.80,4.80,5.46
27/12/2024 12:54 a. m.,Ordeño,08:03,17.90,1,,,,,0,,1.32,1.08,0.90,1.38,0,0,0,0,4.47,4.23,4.37,4.34,VMS 2,,Tanque,,1.80,1.44,1.32,2.04,3.17,4.64,4.87,5.22
27/12/2024 12:44 p. m.,Ordeño,07:56,19.82,2,,,,,0,,1.32,1.08,0.96,1.44,0,0,0,0,4.32,4.16,4.39,4.21,VMS 2,,Tanque,,1.80,1.56,1.38,2.10,3.43,5.09,5.25,6.05
27/12/2024 06:01 p. m.,Ordeño,05:06,8.63,3,,,,,0,,1.14,0.96,0.96,1.20,0,0,0,0,4.08,3.95,4.16,4.08,VMS 2,,Tanque,,1.50,1.38,1.38,1.98,1.54,2.25,2.39,2.45
28/12/2024 01:09 a. m.,Ordeño,06:15,12.69,1,,,,,0,,1.26,1.02,0.90,1.26,0,0,0,0,4.41,4.33,4.58,4.50,VMS 2,,Tanque,,1.80,1.38,1.20,2.10,2.22,3.30,3.51,3.66
28/12/2024 11:46 a. m.,Ordeño,07:58,19.35,2,,,,,0,,1.26,1.08,0.96,1.26,0,0,0,0,4.73,4.63,4.70,4.76,VMS 2,,Tanque,,1.62,1.44,1.32,1.92,3.43,5.12,5.18,5.62
28/12/2024 07:03 p. m.,Ordeño,06:40,13.74,3,,,,,0,,1.26,1.14,0.90,1.26,0,0,0,0,4.48,4.35,4.50,4.35,VMS 2,,Tanque,,1.68,1.56,1.32,2.40,2.43,3.69,3.81,3.81
29/12/2024 06:04 a. m.,Ordeño,09:00,13.19,1,,,TI,TI,0,,1.26,0.96,0.00,1.20,0,0,0,0,4.50,4.37,0.00,4.10,VMS 2,,Tanque,,1.80,1.44,0.00,1.92,3.30,4.97,0.00,4.92
29/12/2024 06:51 p. m.,Ordeño,10:17,24.11,2,,,,,0,,1.26,1.02,1.02,1.56,0,0,0,0,4.24,4.21,4.55,4.14,VMS 2,,Tanque,,1.56,1.50,1.44,2.22,3.69,5.52,8.02,6.88
30/12/2024 02:29 a. m.,Ordeño,07:34,13.30,1,,,,,0,,1.20,0.90,0.66,1.20,0,0,0,0,4.18,4.00,4.03,4.20,VMS 2,,Tanque,,1.74,1.38,1.02,1.74,2.39,3.54,3.37,4.00
30/12/2024 03:59 p. m.,Ordeño,10:10,22.05,2,,,,,0,,1.26,0.90,0.84,1.44,0,0,0,0,4.64,4.33,4.46,4.53,VMS 2,,Tanque,,1.74,1.56,1.20,2.16,4.06,5.66,5.15,7.18
31/12/2024 03:45 a. m.,Ordeño,08:59,20.33,1,,,,,0,,1.20,1.26,0.78,1.26,0,0,0,0,4.36,4.22,4.50,4.41,VMS 2,,Tanque,,1.62,1.68,1.14,2.16,3.78,5.45,5.19,5.91
31/12/2024 01:53 p. m.,Ordeño,07:50,16.71,2,,,,,0,,1.14,1.08,0.84,1.14,0,0,0,0,4.38,4.14,4.42,4.08,VMS 2,,Tanque,,1.56,1.62,1.14,1.68,3.06,4.49,4.38,4.78
01/01/2025 03:10 a. m.,Ordeño,09:08,22.78,1,,,,,0,,1.14,1.08,0.90,1.08,0,0,0,0,4.43,4.30,4.47,4.36,VMS 2,,Tanque,,1.56,1.62,1.32,1.74,4.08,6.09,6.10,6.51
01/01/2025 01:47 p. m.,Ordeño,08:01,17.05,2,,,,,0,,1.20,0.90,0.90,1.20,0,0,0,0,4.21,4.03,4.30,4.21,VMS 2,,Tanque,,1.68,1.56,1.26,2.04,3.07,4.36,4.54,5.08
01/01/2025 07:21 p. m.,Ordeño,04:55,8.75,3,,,,,0,,1.14,1.02,0.90,1.02,0,0,0,0,4.31,4.06,4.44,4.28,VMS 2,,Tanque,,1.62,1.44,1.32,1.56,1.58,2.29,2.27,2.61
02/01/2025 03:53 a. m.,Ordeño,07:17,16.37,1,,,,,0,,1.02,1.02,0.90,1.20,0,0,0,0,4.58,4.43,4.53,4.29,VMS 2,,Tanque,,1.38,1.44,1.26,1.62,2.95,4.12,4.29,5.01
02/01/2025 11:29 a. m.,Ordeño,06:44,13.62,2,,,,,0,,1.20,0.96,0.90,1.20,0,0,0,0,4.25,4.13,4.37,4.40,VMS 2,,Tanque,,1.56,1.44,1.32,1.80,2.48,3.63,3.66,3.85
02/01/2025 06:56 p. m.,Ordeño,05:58,11.66,3,,,,,0,,1.20,0.96,0.84,1.08,0,0,0,0,4.46,4.33,4.51,4.32,VMS 2,,Tanque,,1.50,1.38,1.32,1.68,2.10,3.11,3.11,3.34
03/01/2025 03:04 a. m.,Ordeño,06:52,16.02,1,,,,,0,,1.14,1.08,0.96,1.32,0,0,0,0,4.65,4.55,4.62,4.48,VMS 2,,Tanque,,1.56,1.56,1.32,1.86,2.88,4.13,4.24,4.77
03/01/2025 10:13 a. m.,Ordeño,06:09,12.99,2,,,,,0,,1.02,1.02,0.90,1.32,0,0,0,0,4.29,4.34,4.45,4.41,VMS 2,,Tanque,,1.44,1.44,1.20,1.86,2.32,3.35,3.37,3.95
03/01/2025 03:58 p. m.,Ordeño,05:42,10.78,3,,,,,0,,1.08,0.90,0.90,1.20,0,0,0,0,4.56,4.48,4.58,4.47,VMS 2,,Tanque,,1.62,1.50,1.26,1.80,1.92,2.85,2.81,3.20
03/01/2025 10:11 p. m.,Ordeño,05:40,11.01,4,,,,,0,,1.20,1.02,0.84,1.32,0,0,0,0,4.33,4.33,4.46,4.37,VMS 2,,Tanque,,1.68,1.44,1.20,1.98,1.89,2.84,2.87,3.41
04/01/2025 06:58 a. m.,Ordeño,07:04,16.26,1,,,,,0,,1.08,1.08,0.90,1.20,0,0,0,0,4.47,4.38,4.53,4.64,VMS 2,,Tanque,,1.50,1.62,1.26,1.80,2.92,4.14,4.36,4.84
04/01/2025 11:38 a. m.,Ordeño,05:05,8.98,2,,,,,0,,1.14,1.08,0.90,1.26,0,0,0,0,4.51,4.40,4.46,4.59,VMS 2,,Tanque,,1.50,1.56,1.26,1.86,1.40,2.38,2.36,2.84
04/01/2025 05:19 p. m.,Ordeño,06:20,9.93,3,,,,,0,,1.14,0.96,0.78,1.20,0,0,0,0,4.64,4.28,4.56,4.54,VMS 2,,Tanque,,1.50,1.50,1.08,1.74,1.84,2.63,2.62,2.84
05/01/2025 02:56 a. m.,Ordeño,06:53,16.73,1,,,,,0,,1.26,1.08,1.02,1.38,0,0,0,0,4.62,4.61,4.65,4.54,VMS 2,,Tanque,,1.80,1.62,1.32,2.22,3.02,4.25,4.52,4.94
05/01/2025 11:35 a. m.,Ordeño,07:28,16.36,2,,,,,0,,1.26,1.14,0.90,1.26,0,0,0,0,4.21,4.13,4.31,4.17,VMS 2,,Tanque,,1.80,1.56,1.38,1.74,2.79,4.34,4.43,4.80
05/01/2025 09:55 p. m.,Ordeño,07:32,17.58,3,,,,,0,,1.02,1.08,0.96,1.32,0,0,0,0,4.23,4.15,4.29,4.29,VMS 2,,Tanque,,1.38,1.68,1.38,1.80,3.11,4.64,4.82,5.01
06/01/2025 07:31 a. m.,Ordeño,08:11,17.71,1,,,,,0,,1.14,0.90,0.84,1.14,0,0,0,0,4.25,4.02,4.33,4.22,VMS 2,,Tanque,,1.50,1.32,1.20,1.56,3.18,4.72,4.78,5.03
06/01/2025 09:53 p. m.,Ordeño,10:06,17.52,2,,,TD,TD,0,,1.26,1.20,1.02,0.00,0,0,0,0,4.57,4.36,4.58,0.00,VMS 2,,Tanque,,1.74,1.62,1.38,0.00,4.56,6.36,6.60,0.00
07/01/2025 03:39 a. m.,Ordeño,07:38,16.18,1,,,,,0,,1.20,1.02,0.84,1.44,0,0,0,0,4.24,3.98,4.25,4.41,VMS 2,,Tanque,,1.68,1.44,1.20,2.22,1.90,3.12,3.25,7.91
07/01/2025 01:25 p. m.,Ordeño,07:01,15.15,2,,,,,0,,1.20,1.14,0.96,1.38,0,0,0,0,4.28,4.09,4.25,3.86,VMS 2,,Tanque,,1.68,1.50,1.44,1.80,2.81,4.17,4.19,3.98
07/01/2025 11:11 p. m.,Ordeño,07:24,15.15,3,,,,,0,,1.14,0.96,0.90,1.08,0,0,0,0,4.04,3.88,4.15,4.14,VMS 2,,Tanque,,1.50,1.44,1.20,1.62,2.76,4.10,4.28,4.01
08/01/2025 07:36 a. m.,Ordeño,06:19,13.07,1,,,,,0,,1.32,1.02,0.90,1.26,0,0,0,0,4.02,3.86,4.14,4.06,VMS 2,,Tanque,,1.74,1.62,1.32,1.86,2.32,3.50,3.60,3.65
08/01/2025 04:29 p. m.,Ordeño,06:21,13.56,2,,,,,0,,1.20,1.02,0.96,1.26,0,0,0,0,4.11,3.93,4.11,4.08,VMS 2,,Tanque,,1.56,1.50,1.26,2.04,2.43,3.55,3.59,3.99
08/01/2025 11:08 p. m.,Ordeño,05:53,11.83,3,,,,,0,,1.14,1.02,0.90,1.26,0,0,0,0,4.10,4.07,4.12,4.32,VMS 2,,Tanque,,1.56,1.50,1.26,1.86,2.07,3.06,3.11,3.59
09/01/2025 12:57 p. m.,Ordeño,09:16,22.58,1,,,,,0,,1.14,1.20,0.96,1.38,0,0,0,0,4.39,4.21,4.38,4.37,VMS 2,,Tanque,,1.56,1.62,1.32,1.98,3.84,5.76,6.17,6.81
09/01/2025 10:39 p. m.,Ordeño,06:58,15.46,2,,,,,0,,1.26,1.02,0.96,1.20,0,0,0,0,4.20,4.02,4.23,4.23,VMS 2,,Tanque,,1.80,1.62,1.38,1.80,2.85,4.01,4.15,4.45
10/01/2025 06:47 a. m.,Ordeño,06:55,14.52,1,,,,,0,,1.26,1.08,1.02,1.26,0,0,0,0,4.55,4.28,4.36,4.24,VMS 2,,Tanque,,1.74,1.56,1.44,1.80,2.68,3.90,3.89,4.05
10/01/2025 06:12 p. m.,Ordeño,06:54,16.33,2,,,,,0,,1.26,1.14,0.96,1.38,0,0,0,0,4.27,4.10,4.23,4.21,VMS 2,,Tanque,,1.68,1.50,1.32,2.04,2.75,4.15,4.31,5.12
11/01/2025 02:31 a. m.,Ordeño,06:31,11.96,1,,,,,0,,1.02,1.02,0.78,1.32,0,0,0,0,4.01,3.84,4.11,3.93,VMS 2,,Tanque,,1.44,1.50,1.20,1.80,2.01,3.10,3.18,3.67
11/01/2025 06:35 p. m.,Ordeño,09:27,22.68,2,,,,,0,,1.14,1.02,0.90,1.26,0,0,0,0,4.33,4.11,4.32,4.39,VMS 2,,Tanque,,1.50,1.44,1.20,1.80,3.85,5.79,6.07,6.97
11/01/2025 11:51 p. m.,Ordeño,05:22,7.60,3,,,,,0,,1.20,0.84,0.96,1.38,0,0,0,0,4.05,3.72,4.06,3.92,VMS 2,,Tanque,,1.62,1.38,1.38,1.80,1.35,2.06,2.02,2.17
12/01/2025 03:09 p. m.,Ordeño,10:41,10.77,1,,,"DI,TI","DI,TI",0,,0.00,1.20,0.00,1.20,0,0,0,0,0.00,4.26,0.00,4.32,VMS 2,,Tanque,,0.00,1.62,0.00,1.74,0.00,5.06,0.00,5.71
13/01/2025 02:32 a. m.,Ordeño,09:19,22.16,1,,,,,0,,1.38,1.26,1.08,1.50,0,0,0,0,4.49,4.14,4.40,4.32,VMS 2,,Tanque,,1.74,1.74,1.56,1.98,4.61,4.70,7.14,5.71
13/01/2025 03:05 p. m.,Ordeño,07:03,19.93,2,,,,,0,,1.32,1.20,1.08,1.50,0,0,0,0,4.26,4.21,4.21,4.41,VMS 2,,Tanque,,1.80,1.80,1.50,2.22,3.22,5.52,4.62,6.57
14/01/2025 12:44 a. m.,Ordeño,06:15,15.27,1,,,,,0,,1.32,1.14,0.90,1.56,0,0,0,0,4.40,4.16,4.29,4.24,VMS 2,,Tanque,,1.68,1.62,1.32,2.04,2.51,4.07,3.59,5.10
14/01/2025 06:38 a. m.,Ordeño,05:02,10.40,2,,,,,0,,1.26,1.14,0.90,1.38,0,0,0,0,4.52,4.28,4.53,4.36,VMS 2,,Tanque,,1.68,1.56,1.38,1.98,1.67,2.82,2.54,3.37
14/01/2025 04:54 p. m.,Ordeño,11:40,15.10,3,,,,,0,,1.20,1.20,1.08,1.32,0,0,0,0,5.12,4.72,4.95,4.77,VMS 2,,Tanque,,1.62,1.80,1.56,1.86,2.57,4.00,4.00,4.53
15/01/2025 02:41 a. m.,Ordeño,06:41,18.93,1,,,,,0,,1.44,1.20,1.08,1.50,0,0,0,0,4.71,4.46,4.69,4.56,VMS 2,,Tanque,,1.80,1.80,1.50,2.10,3.13,4.91,4.83,6.06
15/01/2025 09:47 a. m.,Ordeño,05:26,11.00,2,,,,,0,,1.20,1.02,0.90,1.44,0,0,0,0,4.63,4.26,4.56,4.37,VMS 2,,Tanque,,1.62,1.38,1.32,2.04,1.77,2.93,2.79,3.51
15/01/2025 05:53 p. m.,Ordeño,05:50,13.67,3,,,,,0,,1.38,1.14,1.02,1.56,0,0,0,0,4.84,4.68,4.75,4.63,VMS 2,,Tanque,,1.80,1.50,1.44,2.04,2.27,3.55,3.52,4.33
15/01/2025 11:39 p. m.,Ordeño,05:50,12.01,4,,,,,0,,1.38,0.96,1.08,1.50,0,0,0,0,4.72,4.46,4.63,4.55,VMS 2,,Tanque,,1.74,1.62,1.44,2.04,1.82,3.15,3.13,3.91
16/01/2025 10:32 a. m.,Ordeño,07:03,21.71,1,,,,,0,,1.38,1.32,1.20,1.56,0,0,0,0,4.73,4.54,4.70,4.60,VMS 2,,Tanque,,1.68,1.86,1.62,2.10,3.81,5.59,5.65,6.66
16/01/2025 09:59 p. m.,Ordeño,06:41,18.84,2,,,,,0,,1.32,1.32,1.20,1.50,0,0,0,0,4.64,4.34,4.55,4.36,VMS 2,,Tanque,,1.68,1.68,1.68,1.98,3.15,4.92,5.00,5.77
17/01/2025 08:05 a. m.,Ordeño,06:59,17.66,1,,,,,0,,1.38,1.14,1.02,1.44,0,0,0,0,4.38,4.08,4.29,4.07,VMS 2,,Tanque,,1.80,1.56,1.50,1.92,3.02,4.67,4.60,5.37
17/01/2025 05:52 p. m.,Ordeño,07:15,15.58,2,,TD,,,0,,1.38,0.96,0.96,1.50,0,0,0,0,4.32,4.08,4.50,4.26,VMS 2,,Tanque,,1.74,1.38,1.38,2.22,2.84,4.36,4.41,3.97
18/01/2025 03:51 a. m.,Ordeño,14:31,14.36,1,,,DI,DI,0,,0.00,1.08,0.66,1.26,0,0,0,0,0.00,4.09,4.37,4.47,VMS 2,,Tanque,,0.00,1.50,1.02,1.74,0.00,4.53,4.09,5.74
18/01/2025 09:33 a. m.,Ordeño,05:55,15.06,2,,,,,0,DI,1.50,0.96,0.96,1.38,0,0,0,0,4.63,3.94,4.17,3.94,VMS 2,,Tanque,,1.86,1.50,1.38,1.80,4.53,2.92,3.49,4.12
18/01/2025 03:31 p. m.,Ordeño,05:38,10.99,3,,,,,0,,1.08,1.08,0.90,1.38,0,0,0,0,3.95,4.21,4.37,4.22,VMS 2,,Tanque,,1.44,1.44,1.26,1.86,1.93,2.83,2.87,3.36
18/01/2025 09:23 p. m.,Ordeño,05:15,9.53,4,,,,,0,,1.20,0.96,0.90,1.38,0,0,0,0,4.39,4.26,4.50,4.34,VMS 2,,Tanque,,1.56,1.38,1.32,1.80,1.57,2.50,2.52,2.94
19/01/2025 11:04 a. m.,Ordeño,08:41,24.13,1,,,,,0,,1.32,1.20,1.02,1.44,0,0,0,0,4.51,4.45,4.59,4.54,VMS 2,,Tanque,,1.74,1.62,1.44,2.22,4.13,6.12,6.49,7.39
19/01/2025 06:21 p. m.,Ordeño,06:13,12.90,2,,,,,0,,1.20,1.08,0.90,1.44,0,0,0,0,4.32,4.18,4.37,4.21,VMS 2,,Tanque,,1.68,1.50,1.26,1.92,2.15,3.33,3.47,3.95
19/01/2025 11:45 p. m.,Ordeño,05:45,10.26,3,,,,,0,,0.90,1.02,0.84,1.20,0,0,0,0,4.38,4.19,4.44,4.34,VMS 2,,Tanque,,1.32,1.56,1.20,1.62,1.80,2.60,2.81,3.05
20/01/2025 06:23 p. m.,Ordeño,09:31,29.00,1,,,,,0,,1.44,1.14,1.20,1.44,0,0,0,0,4.68,4.47,4.65,4.28,VMS 2,,Tanque,,1.80,2.22,1.56,1.92,5.03,7.49,8.09,8.39
21/01/2025 05:26 a. m.,Ordeño,08:17,20.62,1,,,,,0,,1.14,1.14,0.96,1.38,0,0,0,0,4.35,4.19,4.30,4.31,VMS 2,,Tanque,,1.50,1.50,1.32,1.80,3.54,5.35,5.60,6.13
21/01/2025 05:17 p. m.,Ordeño,08:53,19.58,2,,,,,0,,1.26,1.20,0.84,1.32,0,0,0,0,4.43,4.21,4.38,4.34,VMS 2,,Tanque,,1.74,1.56,1.26,1.92,3.45,4.98,5.10,6.05
22/01/2025 03:19 a. m.,Ordeño,07:50,18.30,1,,,,,0,,1.14,1.20,0.90,1.20,0,0,0,0,4.41,4.27,4.36,4.38,VMS 2,,Tanque,,1.56,1.68,1.26,1.68,3.11,4.65,4.86,5.68
22/01/2025 09:20 a. m.,Ordeño,06:14,11.62,2,,,,,0,,1.26,0.96,0.84,1.32,0,0,0,0,4.36,4.08,4.31,4.27,VMS 2,,Tanque,,1.62,1.32,1.26,1.80,1.91,3.04,3.07,3.60
22/01/2025 02:50 p. m.,Ordeño,06:00,7.84,3,,,,,0,,0.96,1.02,0.84,1.02,0,0,0,0,4.44,4.35,4.42,4.48,VMS 2,,Tanque,,1.44,1.50,1.26,1.38,1.47,1.99,2.02,2.36
22/01/2025 10:56 p. m.,Ordeño,07:23,15.70,4,,,,,0,,1.14,1.26,0.84,1.38,0,0,0,0,4.72,4.63,4.70,4.58,VMS 2,,Tanque,,1.56,1.86,1.26,1.92,2.73,4.00,4.09,4.88
23/01/2025 07:35 a. m.,Ordeño,06:39,16.90,1,,,,,0,,1.20,1.20,1.08,1.56,0,0,0,0,4.79,4.75,4.79,4.83,VMS 2,,Tanque,,1.62,1.68,1.44,1.98,2.85,4.24,4.48,5.33
23/01/2025 07:26 p. m.,Ordeño,07:58,22.27,2,,,,,0,,1.32,1.26,1.02,1.56,0,0,0,0,4.74,4.55,4.63,4.57,VMS 2,,Tanque,,1.74,1.62,1.38,2.10,3.76,5.71,5.83,6.97
24/01/2025 12:41 a. m.,Ordeño,05:18,9.30,1,,,,,0,,1.32,1.02,0.96,1.32,0,0,0,0,4.21,4.10,4.34,4.24,VMS 2,,Tanque,,1.68,1.50,1.38,1.86,1.58,2.35,2.50,2.87
24/01/2025 12:12 p. m.,Ordeño,07:37,20.44,2,,,,,0,,1.26,1.20,1.08,1.32,0,0,0,0,4.61,4.49,4.69,4.77,VMS 2,,Tanque,,1.68,1.56,1.38,1.80,3.56,5.20,5.52,6.16
25/01/2025 01:24 a. m.,Ordeño,08:34,23.58,1,,,,,0,,1.26,1.14,1.08,1.50,0,0,0,0,4.72,4.52,4.61,4.51,VMS 2,,Tanque,,1.68,1.56,1.38,1.92,4.24,6.11,6.54,6.69
25/01/2025 12:50 p. m.,Ordeño,07:31,19.91,2,,,,,0,,1.38,1.32,1.08,1.38,0,0,0,0,4.52,4.38,4.44,4.48,VMS 2,,Tanque,,1.74,1.68,1.50,1.62,3.49,5.20,5.50,5.72
25/01/2025 10:29 p. m.,Ordeño,07:16,18.04,3,,,,,0,,1.14,1.32,1.02,1.50,0,0,0,0,4.36,4.44,4.46,4.30,VMS 2,,Tanque,,1.62,1.80,1.44,2.10,3.13,4.42,4.88,5.61
26/01/2025 12:43 p. m.,Ordeño,09:51,24.07,1,,,,,0,,1.26,1.32,1.14,1.38,0,0,0,0,4.64,4.51,4.63,4.71,VMS 2,,Tanque,,2.10,1.74,1.56,2.40,4.19,6.40,6.65,6.83
27/01/2025 03:26 a. m.,Ordeño,09:34,26.49,1,,,,,0,,1.50,1.32,1.14,1.62,0,0,0,0,4.59,4.41,4.59,4.17,VMS 2,,Tanque,,1.98,1.74,1.62,2.28,4.60,7.01,6.94,7.94
27/01/2025 10:33 a. m.,Ordeño,05:42,13.76,2,,,,,0,,1.32,1.26,0.96,1.56,0,0,0,0,4.16,3.98,4.02,3.98,VMS 2,,Tanque,,2.04,1.68,1.56,2.10,2.23,3.59,3.64,4.30
27/01/2025 06:20 p. m.,Ordeño,05:42,13.21,3,,,,,0,,1.08,1.20,0.96,1.50,0,0,0,0,4.28,4.11,4.33,4.10,VMS 2,,Tanque,,1.50,1.62,1.44,1.98,2.32,3.17,3.35,4.37
28/01/2025 01:41 a. m.,Ordeño,05:58,13.46,1,,,,,0,,1.38,1.02,0.96,1.50,0,0,0,0,4.29,4.10,4.31,4.05,VMS 2,,Tanque,,1.92,1.38,1.26,2.04,2.24,3.30,3.50,4.42
28/01/2025 09:45 a. m.,Ordeño,05:55,13.44,2,,,,,0,,1.32,1.32,0.96,1.56,0,0,0,0,4.28,4.29,4.38,4.20,VMS 2,,Tanque,,1.74,1.74,1.50,2.10,2.25,3.35,3.47,4.37
28/01/2025 03:54 p. m.,Ordeño,04:51,9.40,3,,,,,0,,1.08,1.14,0.96,1.38,0,0,0,0,4.29,4.15,4.33,4.18,VMS 2,,Tanque,,1.44,1.56,1.32,1.86,1.56,2.34,2.54,2.96
29/01/2025 05:39 a. m.,Ordeño,08:30,22.19,1,,,,,0,,1.20,1.20,0.90,1.44,0,0,0,0,4.69,4.50,4.59,4.51,VMS 2,,Tanque,,1.68,1.56,1.32,2.04,3.79,5.86,5.64,6.90
29/01/2025 11:51 a. m.,Ordeño,06:01,13.77,2,,,,,0,,1.20,1.32,0.96,1.56,0,0,0,0,4.35,4.36,4.46,4.31,VMS 2,,Tanque,,1.62,1.92,1.44,2.40,2.37,3.32,3.58,4.50
29/01/2025 05:18 p. m.,Ordeño,05:11,10.31,3,,,,,0,,1.14,1.26,0.96,1.50,0,0,0,0,4.36,4.30,4.52,4.18,VMS 2,,Tanque,,1.74,1.68,1.44,1.98,1.79,2.62,2.67,3.23
30/01/2025 03:02 a. m.,Ordeño,06:51,16.59,1,,,,,0,,1.26,1.20,0.96,1.38,0,0,0,0,4.42,4.30,4.46,4.31,VMS 2,,Tanque,,1.62,1.62,1.32,1.80,2.80,4.26,4.36,5.17
30/01/2025 10:08 a. m.,Ordeño,05:26,13.45,2,,,,,0,,1.38,1.26,1.08,1.50,0,0,0,0,4.30,4.24,4.48,4.20,VMS 2,,Tanque,,1.74,1.74,1.44,2.04,2.26,3.36,3.47,4.36
30/01/2025 04:56 p. m.,Ordeño,05:21,11.70,3,,,,,0,,1.20,1.08,1.02,1.38,0,0,0,0,4.24,4.16,4.35,4.20,VMS 2,,Tanque,,1.62,1.62,1.50,1.80,1.90,2.96,3.09,3.75
30/01/2025 10:58 p. m.,Ordeño,04:59,10.50,4,,,,,0,,1.14,1.14,1.02,1.38,0,0,0,0,4.43,4.36,4.49,4.34,VMS 2,,Tanque,,1.50,1.56,1.44,2.16,1.74,2.61,2.82,3.33
31/01/2025 08:11 a. m.,Ordeño,07:18,18.31,1,,,,,0,,1.26,1.20,1.02,1.38,0,0,0,0,4.57,4.42,4.63,4.47,VMS 2,,Tanque,,1.68,1.74,1.38,1.98,3.08,4.78,4.80,5.65
31/01/2025 05:40 p. m.,Ordeño,07:17,18.25,2,,,,,0,,1.32,1.02,0.96,1.32,0,0,0,0,4.43,4.21,4.37,4.34,VMS 2,,Tanque,,1.74,1.44,1.32,1.86,3.14,4.65,4.75,5.71
01/02/2025 05:22 a. m.,Ordeño,07:30,20.77,1,,,,,0,,1.44,1.26,1.08,1.44,0,0,0,0,4.34,4.16,4.33,4.19,VMS 2,,Tanque,,1.80,1.68,1.44,1.98,3.58,5.25,5.57,6.37
01/02/2025 01:24 p. m.,Ordeño,06:33,12.98,2,,,,,0,,1.26,1.14,0.90,1.20,0,0,0,0,4.02,3.76,4.13,3.84,VMS 2,,Tanque,,1.62,1.56,1.32,1.86,2.22,3.40,3.59,3.77
01/02/2025 06:04 p. m.,Ordeño,04:10,6.62,3,,,,,0,,1.08,1.02,1.02,1.26,0,0,0,0,4.02,3.95,4.22,3.96,VMS 2,,Tanque,,1.86,1.50,1.44,1.68,1.18,1.64,1.78,2.02
02/02/2025 03:19 a. m.,Ordeño,06:04,14.95,1,,,,,0,,1.38,1.14,1.14,1.50,0,0,0,0,4.44,4.29,4.40,4.22,VMS 2,,Tanque,,1.92,1.68,1.50,2.04,2.44,3.91,3.92,4.68
02/02/2025 01:46 p. m.,Ordeño,07:21,19.51,2,,,,,0,,1.20,1.14,1.08,1.50,0,0,0,0,4.50,4.43,4.53,4.37,VMS 2,,Tanque,,1.50,1.50,1.38,2.04,3.24,4.83,5.27,6.17
03/02/2025 03:57 a. m.,Ordeño,08:39,23.42,1,,,,,0,,1.50,1.20,1.02,1.56,0,0,0,0,4.55,4.36,4.41,4.30,VMS 2,,Tanque,,1.86,1.68,1.38,2.04,3.97,5.73,6.09,7.63
03/02/2025 11:01 a. m.,Ordeño,05:57,14.36,2,,,,,0,,1.26,1.26,1.08,1.50,0,0,0,0,4.09,3.89,4.14,3.90,VMS 2,,Tanque,,1.80,1.62,1.44,2.28,2.44,3.61,3.71,4.60
03/02/2025 10:34 p. m.,Ordeño,06:56,18.95,3,,,,,0,,1.38,1.20,1.08,1.38,0,0,0,0,4.42,4.42,4.35,4.29,VMS 2,,Tanque,,1.74,1.56,1.44,1.86,3.20,4.86,5.01,5.88
04/02/2025 05:56 a. m.,Ordeño,05:34,14.60,1,,,,,0,,1.38,1.26,1.14,1.56,0,0,0,0,4.57,4.56,4.53,4.29,VMS 2,,Tanque,,1.74,1.80,1.56,2.16,2.49,3.67,3.82,4.62
04/02/2025 12:23 p. m.,Ordeño,05:23,12.06,2,,,,,0,,1.32,1.14,1.08,1.56,0,0,0,0,4.33,4.23,4.36,4.23,VMS 2,,Tanque,,1.80,1.62,1.56,2.10,1.95,3.03,3.24,3.84
04/02/2025 09:24 p. m.,Ordeño,06:25,17.31,3,,,,,0,,1.32,1.26,1.08,1.68,0,0,0,0,4.51,4.35,4.51,4.37,VMS 2,,Tanque,,1.86,1.74,1.44,2.22,2.82,4.37,4.50,5.62
05/02/2025 03:14 a. m.,Ordeño,04:54,11.40,1,,,,,0,,1.38,1.26,1.08,1.56,0,0,0,0,4.46,4.30,4.44,4.36,VMS 2,,Tanque,,1.74,1.74,1.50,2.04,1.94,2.88,2.94,3.64
05/02/2025 08:24 a. m.,Ordeño,04:55,10.17,2,,,,,0,,1.32,1.08,1.08,1.56,0,0,0,0,4.39,4.17,4.39,4.41,VMS 2,,Tanque,,1.80,1.50,1.44,2.10,1.68,2.56,2.61,3.32
05/02/2025 04:56 p. m.,Ordeño,06:36,15.26,3,,,,,0,,1.44,1.02,1.14,1.56,0,0,0,0,4.65,4.45,4.61,4.51,VMS 2,,Tanque,,1.80,1.92,1.50,2.22,2.49,3.92,3.85,5.00
06/02/2025 05:14 a. m.,Ordeño,07:48,24.12,1,,,,,0,,1.38,1.14,1.20,1.80,0,0,0,0,4.47,4.31,4.49,4.36,VMS 2,,Tanque,,1.68,1.50,1.50,2.34,3.84,6.19,6.31,7.78
06/02/2025 12:02 p. m.,Ordeño,04:55,12.03,2,,,,,0,,1.32,1.32,1.14,1.62,0,0,0,0,4.20,4.04,4.21,3.97,VMS 2,,Tanque,,1.74,1.86,1.50,2.28,2.08,3.10,3.11,3.74
06/02/2025 09:49 p. m.,Ordeño,06:21,16.35,3,,,,,0,,1.44,1.14,1.08,1.56,0,0,0,0,4.27,4.20,4.25,4.16,VMS 2,,Tanque,,1.92,1.44,1.44,1.98,2.67,4.13,4.39,5.16
07/02/2025 05:49 a. m.,Ordeño,05:37,14.59,1,,,,,0,,1.32,1.20,1.14,1.56,0,0,0,0,4.27,4.21,4.31,4.23,VMS 2,,Tanque,,1.74,1.68,1.50,2.10,2.37,3.88,3.73,4.61
07/02/2025 12:14 p. m.,Ordeño,10:13,2.67,2,,,"DI,TI,TD","DI,TI,TD",0,,0.00,1.08,0.00,0.00,0,0,0,0,0.00,4.07,0.00,0.00,VMS 2,,Tanque,,0.00,1.44,0.00,0.00,0.00,2.67,0.00,0.00
07/02/2025 04:37 p. m.,Ordeño,06:52,15.38,3,,,,,0,,1.32,1.14,1.08,1.44,0,0,0,0,4.64,4.34,4.56,4.55,VMS 2,,Tanque,,1.74,1.50,1.50,1.80,3.01,2.14,4.70,5.53
08/02/2025 12:10 a. m.,Ordeño,06:16,15.71,1,,,,,0,,1.44,1.08,1.14,1.50,0,0,0,0,4.31,4.34,4.32,4.18,VMS 2,,Tanque,,1.86,1.50,1.50,1.92,2.47,3.88,4.45,4.91
08/02/2025 11:44 a. m.,Ordeño,07:52,21.32,2,,,,,0,,1.38,1.08,1.08,1.50,0,0,0,0,4.46,4.40,4.44,4.31,VMS 2,,Tanque,,1.80,1.50,1.50,1.92,3.49,5.58,5.75,6.50
08/02/2025 07:40 p. m.,Ordeño,06:12,15.39,3,,,,,0,,1.38,1.14,1.14,1.38,0,0,0,0,4.44,4.19,4.32,4.47,VMS 2,,Tanque,,1.80,1.50,1.50,1.86,2.65,4.07,3.98,4.69
09/02/2025 01:52 a. m.,Ordeño,05:27,12.37,1,,,,,0,,1.26,1.14,1.08,1.50,0,0,0,0,4.26,4.19,4.47,4.24,VMS 2,,Tanque,,1.80,1.56,1.44,2.04,2.01,3.17,3.26,3.93
09/02/2025 09:39 a. m.,Ordeño,05:53,13.96,2,,,,,0,,1.44,1.20,1.08,1.50,0,0,0,0,4.18,4.05,4.34,4.24,VMS 2,,Tanque,,1.80,1.62,1.38,1.92,2.39,3.63,3.71,4.23
09/02/2025 07:09 p. m.,Ordeño,06:10,15.26,3,,,,,0,,1.32,1.20,1.02,1.50,0,0,0,0,4.37,4.21,4.39,4.26,VMS 2,,Tanque,,1.62,1.74,1.32,2.04,2.58,3.87,4.07,4.74
10/02/2025 05:33 a. m.,Ordeño,06:35,18.91,1,,,,,0,,1.44,1.20,1.20,1.56,0,0,0,0,4.31,4.18,4.38,4.21,VMS 2,,Tanque,,1.80,1.80,1.62,2.04,3.19,4.81,5.07,5.84
10/02/2025 12:05 p. m.,Ordeño,05:01,9.56,2,,,,,0,,1.26,1.14,1.20,1.44,0,0,0,0,4.42,4.22,4.29,0.00,VMS 1,,Tanque,,1.68,1.50,1.56,2.04,1.48,2.40,2.83,2.85
10/02/2025 05:25 p. m.,Ordeño,04:40,7.04,3,,,,,0,,1.20,1.14,1.08,1.20,0,0,0,0,4.35,4.37,4.28,0.00,VMS 1,,Tanque,,1.56,1.68,1.38,1.56,1.07,1.85,2.09,2.03
11/02/2025 12:56 a. m.,Ordeño,05:14,11.45,1,,,,,0,,1.32,1.26,1.20,1.44,0,0,0,0,4.41,4.44,4.48,0.00,VMS 1,,Tanque,,1.68,1.62,1.56,1.80,1.91,2.86,3.36,3.32
11/02/2025 06:37 a. m.,Ordeño,04:50,9.71,2,,,,,0,,1.20,1.08,1.20,1.38,0,0,0,0,4.61,4.51,4.68,0.00,VMS 1,,Tanque,,1.50,1.44,1.74,1.74,1.46,2.58,2.89,2.78
11/02/2025 02:05 p. m.,Ordeño,05:42,13.65,3,,,,,0,,1.14,1.14,1.14,1.44,0,0,0,0,4.60,4.49,4.70,0.00,VMS 1,,Tanque,,1.50,1.62,1.50,1.98,2.19,3.49,3.95,4.02
12/02/2025 06:39 a. m.,Ordeño,08:23,24.48,1,,,,,0,,1.26,1.14,1.26,1.38,0,0,0,0,4.59,4.38,4.63,0.00,VMS 1,,Tanque,,1.68,1.50,1.68,1.80,3.75,6.48,7.12,7.13
12/02/2025 11:51 a. m.,Ordeño,05:11,7.23,2,,,,,0,,1.08,0.84,1.08,1.20,0,0,0,0,4.19,4.05,4.22,0.00,VMS 1,,Tanque,,1.56,1.32,1.56,1.68,1.17,1.87,2.15,2.04
12/02/2025 07:36 p. m.,Ordeño,05:43,11.40,3,,,,,0,,1.14,1.14,1.02,1.26,0,0,0,0,4.19,4.10,4.23,0.00,VMS 1,,Tanque,,1.50,1.50,1.50,1.86,1.77,2.91,3.36,3.36
13/02/2025 08:45 a. m.,Ordeño,08:20,20.99,1,,,,,0,,1.32,1.14,1.14,1.38,0,0,0,0,4.59,4.41,4.54,0.00,VMS 1,,Tanque,,1.62,1.68,1.56,1.80,3.30,5.37,6.13,6.19
13/02/2025 05:35 p. m.,Ordeño,05:56,13.75,2,,,,,0,,1.08,1.20,1.14,1.38,0,0,0,0,4.46,4.32,4.41,0.00,VMS 1,,Tanque,,1.56,1.56,1.56,1.80,2.25,3.48,4.04,3.98
14/02/2025 08:22 a. m.,Ordeño,08:10,22.85,1,,,,,0,,1.20,1.26,1.20,1.44,0,0,0,0,4.47,4.52,4.55,0.00,VMS 1,,Tanque,,1.68,1.74,1.56,1.92,3.70,5.78,6.85,6.52
14/02/2025 06:22 p. m.,Ordeño,06:25,15.79,2,,,,,0,,1.14,1.20,1.14,1.50,0,0,0,0,4.32,4.25,4.37,0.00,VMS 1,,Tanque,,1.50,1.62,1.68,2.04,2.55,4.10,4.59,4.55
15/02/2025 10:17 a. m.,Ordeño,08:30,24.40,1,,,,,0,,1.08,1.14,1.20,1.38,0,0,0,0,4.59,4.50,4.58,0.00,VMS 1,,Tanque,,1.50,1.56,1.62,1.74,3.89,6.17,7.14,7.20
15/02/2025 06:40 p. m.,Ordeño,05:33,12.62,2,,,,,0,,1.32,1.08,1.14,1.32,0,0,0,0,4.32,4.23,4.38,0.00,VMS 1,,Tanque,,1.68,1.50,1.50,1.74,2.03,3.25,3.71,3.63
16/02/2025 08:07 a. m.,Ordeño,08:20,20.48,1,,,,,0,,1.44,0.96,1.32,1.50,0,0,0,0,4.92,4.62,4.86,0.00,VMS 1,,Tanque,,1.92,1.44,1.62,2.16,3.27,5.28,6.00,5.93
16/02/2025 03:45 p. m.,Ordeño,06:32,14.06,2,,,,,0,,1.20,1.02,1.08,1.44,0,0,0,0,4.47,4.38,4.42,0.00,VMS 1,,Tanque,,1.56,1.44,1.56,1.80,2.21,3.62,4.08,4.15
16/02/2025 11:26 p. m.,Ordeño,06:01,12.69,3,,,,,0,,1.02,0.96,1.02,1.14,0,0,0,0,4.40,4.25,4.28,0.00,VMS 1,,Tanque,,1.44,1.32,1.50,1.68,1.92,3.22,3.58,3.97
17/02/2025 07:08 a. m.,Ordeño,05:58,11.72,1,,,,,0,,1.20,0.96,1.08,1.26,0,0,0,0,4.58,4.39,4.56,0.00,VMS 1,,Tanque,,1.56,1.38,1.98,1.62,1.83,3.09,3.41,3.39
17/02/2025 02:52 p. m.,Ordeño,05:23,12.42,2,,,,,0,,1.32,1.08,1.14,1.44,0,0,0,0,4.51,4.48,4.55,0.00,VMS 1,,Tanque,,1.68,1.50,1.56,1.86,2.00,3.17,3.55,3.70
17/02/2025 09:48 p. m.,Ordeño,05:47,12.15,3,,,,,0,,1.26,1.02,0.96,1.38,0,0,0,0,4.59,4.55,4.60,0.00,VMS 1,,Tanque,,1.56,1.50,1.44,1.92,1.87,3.15,3.45,3.68
18/02/2025 07:17 a. m.,Ordeño,06:29,16.02,1,,,,,0,,1.26,1.02,1.14,1.44,0,0,0,0,4.80,4.68,4.79,0.00,VMS 1,,Tanque,,1.62,1.50,1.50,1.86,2.55,4.01,4.74,4.72
18/02/2025 03:06 p. m.,Ordeño,05:51,12.86,2,,,,,0,,1.20,1.08,1.02,1.38,0,0,0,0,4.45,4.34,4.54,0.00,VMS 1,,Tanque,,1.56,1.50,1.50,1.80,1.99,3.32,3.71,3.84
19/02/2025 12:37 a. m.,Ordeño,07:14,17.29,1,,,,,0,,1.14,1.14,1.08,1.44,0,0,0,0,4.73,4.55,4.66,0.00,VMS 1,,Tanque,,1.50,1.50,1.62,1.86,2.76,4.41,5.07,5.05
19/02/2025 10:02 a. m.,Ordeño,07:14,17.51,2,,,,,0,,1.26,1.14,1.08,1.50,0,0,0,0,4.78,4.63,4.72,0.00,VMS 1,,Tanque,,1.56,1.62,1.62,1.92,2.64,4.42,5.20,5.25
19/02/2025 05:41 p. m.,Ordeño,06:34,14.12,3,,,,,0,,1.32,1.26,1.02,1.32,0,0,0,0,4.44,4.54,4.62,0.00,VMS 1,,Tanque,,1.68,1.68,1.44,1.80,2.26,3.71,4.08,4.07
20/02/2025 01:53 a. m.,Ordeño,06:33,14.76,1,,,,,0,,1.32,1.14,1.02,1.44,0,0,0,0,4.71,4.62,4.80,0.00,VMS 1,,Tanque,,1.68,1.56,1.56,1.92,2.14,3.91,4.26,4.45
20/02/2025 07:34 a. m.,Ordeño,05:37,11.57,2,,,,,0,,1.20,1.08,1.02,1.38,0,0,0,0,4.56,4.57,4.61,0.00,VMS 1,,Tanque,,1.56,1.68,1.56,1.86,1.85,3.02,3.30,3.40
20/02/2025 01:33 p. m.,Ordeño,05:22,10.87,3,,,,,0,,1.14,1.20,1.02,1.32,0,0,0,0,4.57,4.48,4.61,0.00,VMS 1,,Tanque,,1.50,1.68,1.50,1.68,1.71,2.94,3.11,3.11
20/02/2025 09:16 p. m.,Ordeño,06:08,13.38,4,,,,,0,,1.20,1.14,1.02,1.38,0,0,0,0,4.59,4.49,4.66,0.00,VMS 1,,Tanque,,1.56,1.62,1.68,1.80,2.09,3.47,3.88,3.94
21/02/2025 03:57 a. m.,Ordeño,06:03,13.47,1,,,,,0,,1.08,1.20,1.08,1.44,0,0,0,0,4.65,4.54,4.74,0.00,VMS 1,,Tanque,,1.44,1.56,1.56,1.92,2.10,3.50,3.92,3.95
21/02/2025 11:23 a. m.,Ordeño,06:02,12.09,2,,,,,0,,1.14,1.08,1.02,1.14,0,0,0,0,4.31,4.27,4.48,0.00,VMS 1,,Tanque,,1.56,1.50,1.62,1.62,2.00,2.96,3.59,3.54
21/02/2025 07:24 p. m.,Ordeño,06:11,11.97,3,,,,,0,,1.20,1.08,1.02,1.26,0,0,0,0,4.40,4.34,4.47,0.00,VMS 1,,Tanque,,1.56,1.62,1.62,1.68,1.84,3.07,3.51,3.55
22/02/2025 07:06 a. m.,Ordeño,08:29,22.97,1,,,,,0,,1.44,1.26,1.14,1.50,0,0,0,0,4.67,4.54,4.66,0.00,VMS 1,,Tanque,,1.80,1.68,1.56,1.92,3.58,5.86,6.80,6.73
22/02/2025 10:02 p. m.,Ordeño,09:08,24.71,2,,,,,0,,1.44,1.14,1.14,1.50,0,0,0,0,4.64,4.53,4.56,0.00,VMS 1,,Tanque,,1.80,1.56,1.62,2.16,3.95,6.34,7.28,7.14
23/02/2025 09:33 a. m.,Ordeño,09:27,20.77,1,,,,,0,,1.20,1.02,1.08,1.32,0,0,0,0,4.49,4.22,4.36,0.00,VMS 1,,Tanque,,1.56,1.56,1.50,1.92,3.34,5.33,6.20,5.90
23/02/2025 05:49 p. m.,Ordeño,06:29,13.48,2,,,,,0,,1.38,1.02,1.02,1.38,0,0,0,0,4.32,4.20,4.41,0.00,VMS 1,,Tanque,,1.80,1.44,1.56,1.98,2.16,3.43,3.86,4.03
24/02/2025 01:25 a. m.,Ordeño,05:57,12.45,1,,DI,,,0,,1.14,1.14,1.08,1.32,0,0,0,0,4.46,4.39,4.41,0.00,VMS 1,,Tanque,,1.68,1.50,1.50,1.68,2.01,3.22,3.59,3.63
24/02/2025 11:08 a. m.,Ordeño,06:23,15.45,2,,,,,0,,1.26,1.08,1.14,1.38,0,0,0,0,4.18,4.27,4.27,0.00,VMS 1,,Tanque,,1.86,1.50,1.56,1.74,2.54,4.09,4.39,4.43
24/02/2025 07:40 p. m.,Ordeño,06:24,13.61,3,,,,,0,,1.32,0.96,1.08,1.26,0,0,0,0,4.32,4.21,4.27,0.00,VMS 1,,Tanque,,1.68,1.38,1.38,1.62,2.05,3.60,3.91,4.05
25/02/2025 06:46 a. m.,Ordeño,07:25,18.23,1,,,,,0,,1.26,1.08,1.08,1.26,0,0,0,0,4.38,4.28,4.40,0.00,VMS 1,,Tanque,,1.62,1.50,1.44,1.74,2.70,4.76,5.28,5.49
25/02/2025 11:37 a. m.,Ordeño,04:32,7.69,2,,,,,0,,1.20,1.02,1.02,1.32,0,0,0,0,4.45,4.27,4.48,0.00,VMS 1,,Tanque,,1.56,1.32,1.38,1.68,1.25,1.90,2.27,2.27
25/02/2025 06:35 p. m.,Ordeño,05:36,11.71,3,,,,,0,,1.08,1.08,1.02,1.14,0,0,0,0,4.33,4.20,4.40,0.00,VMS 1,,Tanque,,1.50,1.68,1.38,1.62,1.76,3.27,3.29,3.39
26/02/2025 08:41 a. m.,Ordeño,08:43,22.89,1,,,,,0,,1.44,1.08,1.14,1.38,0,0,0,0,4.51,4.42,4.40,0.00,VMS 1,,Tanque,,1.80,1.62,1.56,3.66,3.51,5.73,6.45,7.20
26/02/2025 04:06 p. m.,Ordeño,05:30,10.75,2,,,,,0,,1.14,1.08,1.02,1.20,0,0,0,0,4.32,4.14,4.33,0.00,VMS 1,,Tanque,,1.44,1.50,1.44,1.68,1.64,2.84,3.13,3.14
26/02/2025 11:01 p. m.,Ordeño,06:14,11.32,3,,,,,0,,1.20,1.02,0.96,1.26,0,0,0,0,4.46,4.28,4.40,0.00,VMS 1,,Tanque,,1.50,1.44,1.38,1.68,1.74,2.92,3.31,3.35
27/02/2025 08:49 a. m.,Ordeño,07:10,17.29,1,,,,,0,,1.20,1.02,1.08,1.26,0,0,0,0,4.58,4.54,4.54,0.00,VMS 1,,Tanque,,1.62,1.56,1.50,1.68,2.63,4.42,5.00,5.24
27/02/2025 04:37 p. m.,Ordeño,06:26,13.39,2,,,,,0,,1.26,1.14,0.96,1.26,0,0,0,0,4.58,4.41,4.54,0.00,VMS 1,,Tanque,,1.56,1.68,1.32,1.62,2.13,3.45,3.86,3.95
28/02/2025 02:40 a. m.,Ordeño,08:05,18.93,1,,,,,0,,1.20,0.90,1.02,1.14,0,0,0,0,4.51,4.84,4.58,0.00,VMS 1,,Tanque,,1.56,1.50,1.50,1.74,3.00,4.85,5.46,5.62
28/02/2025 11:36 a. m.,Ordeño,06:42,17.12,2,,,,,0,,1.38,1.08,1.14,1.38,0,0,0,0,4.57,4.52,4.72,0.00,VMS 1,,Tanque,,1.74,1.50,1.56,1.68,2.64,4.57,4.85,5.06
28/02/2025 11:07 p. m.,Ordeño,07:35,20.44,3,,,,,0,,1.32,1.14,1.20,1.38,0,0,0,0,4.50,4.47,4.57,0.00,VMS 1,,Tanque,,1.68,1.56,1.56,1.80,3.12,5.22,6.09,6.01
01/03/2025 09:49 a. m.,Ordeño,08:03,18.94,1,,,,,0,,1.26,1.02,1.02,1.26,0,0,0,0,4.57,4.39,4.58,0.00,VMS 1,,Tanque,,1.56,1.62,1.44,1.74,2.93,4.80,5.71,5.50
01/03/2025 11:43 p. m.,Ordeño,09:05,25.03,2,,,,,0,,1.38,1.08,1.26,1.26,0,0,0,0,4.74,4.54,4.59,0.00,VMS 1,,Tanque,,1.80,1.50,1.80,1.68,3.99,6.47,7.28,7.29
02/03/2025 08:58 a. m.,Ordeño,07:08,18.35,1,,,,,0,,1.14,1.20,1.14,1.26,0,0,0,0,4.45,4.29,4.40,0.00,VMS 1,,Tanque,,1.56,1.68,1.62,1.68,3.00,4.66,5.40,5.29
02/03/2025 02:07 p. m.,Ordeño,06:53,10.14,2,,,,,0,,1.20,1.14,1.32,0.96,0,0,0,0,4.44,4.37,0.00,4.39,VMS 1,,Tanque,,1.62,1.56,1.68,1.38,1.64,2.65,2.84,3.01
03/03/2025 12:54 a. m.,Ordeño,08:13,20.45,1,,,,,0,,1.44,1.02,1.20,1.26,0,0,0,0,4.68,4.57,4.69,0.00,VMS 1,,Tanque,,1.92,1.62,1.62,1.62,3.22,5.24,6.07,5.92
03/03/2025 10:15 a. m.,Ordeño,06:56,18.53,2,,,,,0,,1.38,1.26,1.14,1.26,0,0,0,0,4.44,4.41,4.55,0.00,VMS 1,,Tanque,,1.74,1.62,1.56,1.56,2.77,4.85,5.34,5.57
03/03/2025 07:15 p. m.,Ordeño,06:43,15.96,3,,,,,0,,1.20,1.14,1.08,1.26,0,0,0,0,4.33,4.25,4.49,0.00,VMS 1,,Tanque,,1.56,1.62,1.56,1.62,2.48,4.11,4.59,4.78
04/03/2025 01:26 a. m.,Ordeño,05:30,11.98,1,,,,,0,,1.26,1.14,1.20,1.08,0,0,0,0,4.58,4.41,4.61,0.00,VMS 1,,Tanque,,1.62,1.62,1.68,1.50,1.84,3.19,3.48,3.47
04/03/2025 08:55 a. m.,Ordeño,06:18,16.40,2,,,,,0,,1.38,1.14,1.20,1.38,0,0,0,0,4.50,4.35,4.48,0.00,VMS 1,,Tanque,,1.86,1.56,1.56,2.04,2.61,4.29,4.68,4.82
04/03/2025 07:12 p. m.,Ordeño,07:19,19.46,3,,,,,0,,1.26,1.08,1.20,1.38,0,0,0,0,4.49,4.27,4.57,0.00,VMS 1,,Tanque,,1.56,1.50,1.50,1.86,2.93,5.06,5.67,5.80
05/03/2025 01:05 a. m.,Ordeño,05:34,12.51,1,,,,,0,,1.20,1.14,1.26,1.38,0,0,0,0,4.29,4.22,4.35,0.00,VMS 1,,Tanque,,1.62,1.62,1.62,1.74,1.99,3.22,3.70,3.60
05/03/2025 11:02 a. m.,Ordeño,07:21,17.59,2,,,,,0,,1.20,1.14,1.08,1.32,0,0,0,0,4.29,4.21,4.23,0.00,VMS 1,,Tanque,,1.56,1.68,1.56,1.68,2.79,4.49,5.35,4.96
05/03/2025 04:39 p. m.,Ordeño,04:52,9.55,3,,,,,0,,1.02,1.02,1.14,1.38,0,0,0,0,4.27,4.10,4.23,0.00,VMS 1,,Tanque,,1.38,1.44,1.56,1.98,1.53,2.44,2.85,2.73
05/03/2025 11:52 p. m.,Ordeño,06:41,13.79,4,,,,,0,,1.08,0.96,0.96,1.20,0,0,0,0,4.13,4.12,4.21,0.00,VMS 1,,Tanque,,1.50,1.62,1.32,1.56,2.11,3.47,4.05,4.16
06/03/2025 07:58 a. m.,Ordeño,06:27,15.73,1,,,,,0,,1.32,1.08,1.20,1.26,0,0,0,0,4.40,4.25,4.35,0.00,VMS 1,,Tanque,,1.68,1.50,1.62,1.62,2.43,4.06,4.57,4.67
06/03/2025 04:15 p. m.,Ordeño,06:07,15.53,2,,,,,0,,1.02,1.20,1.20,1.32,0,0,0,0,4.13,4.13,4.21,0.00,VMS 1,,Tanque,,1.32,1.56,1.56,1.68,2.38,4.06,4.57,4.52
07/03/2025 12:06 a. m.,Ordeño,06:15,14.97,1,,,,,0,,1.38,1.02,1.08,1.32,0,0,0,0,4.14,3.98,4.08,0.00,VMS 1,,Tanque,,1.74,1.44,1.56,1.80,2.29,3.89,4.30,4.49
07/03/2025 10:12 a. m.,Ordeño,08:08,17.58,2,,,,,0,,1.26,1.14,1.14,1.32,0,0,0,0,4.07,3.92,4.08,0.00,VMS 1,,Tanque,,1.62,1.62,1.50,1.74,2.81,4.41,5.12,5.24
07/03/2025 11:34 p. m.,Ordeño,08:01,20.97,3,,,,,0,,1.26,1.14,1.14,1.38,0,0,0,0,3.85,3.88,3.86,0.00,VMS 1,,Tanque,,1.68,1.62,1.56,1.74,3.28,5.36,6.37,5.96
08/03/2025 09:19 a. m.,Ordeño,07:19,18.11,1,,,,,0,,1.26,1.20,1.08,1.44,0,0,0,0,3.70,3.67,3.82,0.00,VMS 1,,Tanque,,1.68,1.68,1.62,1.86,2.86,4.68,5.39,5.18
08/03/2025 03:07 p. m.,Ordeño,05:18,9.83,2,,,,,0,,1.26,1.14,1.08,1.38,0,0,0,0,3.77,3.80,3.89,0.00,VMS 1,,Tanque,,1.62,1.62,1.50,1.80,1.51,2.56,2.90,2.86
09/03/2025 05:46 a. m.,Ordeño,09:32,22.85,1,,,,,0,,1.26,0.96,1.02,1.20,0,0,0,0,4.36,3.82,4.09,0.00,VMS 1,,Tanque,,1.62,1.50,1.44,1.56,3.65,6.10,6.25,6.85
09/03/2025 06:52 p. m.,Ordeño,07:54,23.17,2,,,,,0,,1.26,1.26,1.20,1.44,0,0,0,0,3.98,3.88,3.99,0.00,VMS 1,,Tanque,,1.56,1.62,1.74,1.80,3.51,6.12,6.68,6.86
10/03/2025 09:58 a. m.,Ordeño,08:54,26.18,1,,,,,0,,1.38,1.14,1.26,1.44,0,0,0,0,4.19,4.02,4.05,0.00,VMS 1,,Tanque,,1.86,1.68,1.86,1.86,4.23,6.89,7.77,7.29
10/03/2025 05:47 p. m.,Ordeño,06:11,15.02,2,,,,,0,,1.32,1.20,1.26,1.32,0,0,0,0,3.87,3.76,3.89,0.00,VMS 1,,Tanque,,1.68,1.56,1.56,1.68,2.35,3.92,4.38,4.37
11/03/2025 11:06 a. m.,Ordeño,10:53,28.15,1,,,,,0,,1.44,1.26,1.20,1.02,0,0,0,0,4.13,3.92,3.95,0.00,VMS 1,,Tanque,,1.98,1.74,1.68,1.50,4.25,7.23,8.33,8.34
11/03/2025 05:53 p. m.,Ordeño,05:56,12.54,2,,,,,0,,1.32,1.08,1.26,1.20,0,0,0,0,3.79,3.70,3.70,0.00,VMS 1,,Tanque,,1.74,1.56,1.68,1.68,1.81,3.35,3.60,3.78
12/03/2025 03:41 a. m.,Ordeño,07:54,12.28,1,,,TD,TD,0,,1.38,1.26,1.32,0.00,0,0,0,0,3.89,3.70,3.73,0.00,VMS 1,,Tanque,,1.80,1.68,1.80,0.00,2.81,4.34,5.13,0.00
12/03/2025 10:38 a. m.,Ordeño,06:35,14.27,2,,,,,0,,1.32,1.20,1.26,1.50,0,0,0,0,3.60,3.71,3.82,0.00,VMS 1,,Tanque,,1.80,1.62,1.68,2.04,1.63,2.67,3.20,6.77
12/03/2025 04:46 p. m.,Ordeño,05:14,7.93,3,,,,,0,,1.14,1.08,1.08,1.32,0,0,0,0,3.52,3.57,3.69,0.00,VMS 1,,Tanque,,1.44,1.50,1.50,1.74,1.24,2.02,2.42,2.25
13/03/2025 01:05 a. m.,Ordeño,06:12,13.33,1,,,,,0,,1.20,1.02,1.02,1.32,0,0,0,0,3.99,4.02,4.04,0.00,VMS 1,,Tanque,,1.62,1.50,1.50,1.68,2.18,3.49,3.96,3.70
13/03/2025 11:50 a. m.,Ordeño,06:55,18.66,2,,,,,0,,1.26,1.26,1.26,1.50,0,0,0,0,4.28,4.19,4.40,0.00,VMS 1,,Tanque,,1.62,1.68,1.74,1.86,2.96,4.84,5.70,5.16
14/03/2025 12:58 a. m.,Ordeño,08:04,22.46,1,,,,,0,,1.14,1.20,1.20,1.44,0,0,0,0,4.24,4.23,4.26,0.00,VMS 1,,Tanque,,1.62,1.62,1.74,2.10,3.55,5.69,6.82,6.40
14/03/2025 07:52 a. m.,Ordeño,05:29,11.98,2,,,,,0,,1.26,1.08,1.08,1.32,0,0,0,0,4.06,4.08,4.05,0.00,VMS 1,,Tanque,,1.56,1.50,1.62,1.68,1.84,3.20,3.56,3.38
14/03/2025 03:30 p. m.,Ordeño,05:57,13.42,3,,,,,0,,1.26,1.08,1.20,1.38,0,0,0,0,4.25,4.17,4.31,0.00,VMS 1,,Tanque,,1.56,1.68,1.62,1.80,2.11,3.52,3.99,3.80
15/03/2025 12:01 a. m.,Ordeño,06:25,13.51,1,,,,,0,,1.26,1.08,1.02,1.26,0,0,0,0,4.18,4.10,4.18,0.00,VMS 1,,Tanque,,1.56,1.50,1.68,1.62,2.03,3.47,4.01,4.00
15/03/2025 11:38 a. m.,Ordeño,08:11,20.48,2,,,,,0,,1.20,1.38,1.14,1.50,0,0,0,0,4.26,4.21,4.19,0.00,VMS 1,,Tanque,,1.50,1.74,1.50,1.86,3.12,5.15,6.29,5.92
15/03/2025 06:43 p. m.,Ordeño,05:48,12.49,3,,,,,0,,1.32,1.14,1.14,1.32,0,0,0,0,4.15,3.95,4.03,0.00,VMS 1,,Tanque,,1.68,1.68,1.56,1.86,1.92,3.17,3.89,3.51
16/03/2025 01:46 a. m.,Ordeño,05:49,12.85,1,,,,,0,,1.38,1.02,1.08,1.44,0,0,0,0,4.27,4.21,4.31,0.00,VMS 1,,Tanque,,1.80,1.44,1.56,1.80,1.97,3.34,3.78,3.76
16/03/2025 08:38 a. m.,Ordeño,05:41,12.54,2,,,,,0,,1.26,1.14,1.20,1.38,0,0,0,0,4.18,4.10,4.18,0.00,VMS 1,,Tanque,,1.62,1.62,1.68,1.68,1.97,3.24,3.68,3.65
16/03/2025 02:47 p. m.,Ordeño,05:56,10.72,3,,DI,,,0,,1.20,1.14,1.02,1.32,0,0,0,0,4.19,4.21,4.13,0.00,VMS 1,,Tanque,,1.80,1.50,1.44,1.80,1.75,2.66,3.24,3.07
17/03/2025 12:58 a. m.,Ordeño,08:01,17.24,1,,,,,0,,1.14,0.84,0.96,1.14,0,0,0,0,4.20,4.10,4.17,0.00,VMS 1,,Tanque,,1.44,1.26,1.32,1.56,2.53,4.36,5.04,5.31
17/03/2025 10:11 a. m.,Ordeño,07:05,17.50,2,,,,,0,,1.32,1.20,1.08,1.44,0,0,0,0,4.18,4.21,4.26,0.00,VMS 1,,Tanque,,1.68,1.56,1.56,2.04,2.72,4.45,5.22,5.11
17/03/2025 06:21 p. m.,Ordeño,08:00,13.39,3,,,,,0,,1.26,1.08,1.02,1.32,0,0,0,0,4.13,4.10,4.23,0.00,VMS 1,,Tanque,,1.68,1.56,1.44,1.68,2.19,3.30,3.88,4.02
17/03/2025 11:43 p. m.,Ordeño,05:05,9.56,4,,,,,0,,1.14,1.08,1.02,1.26,0,0,0,0,4.07,4.10,4.02,0.00,VMS 1,,Tanque,,1.44,1.56,1.44,1.74,1.43,2.54,2.78,2.81
18/03/2025 08:32 a. m.,Ordeño,06:25,17.20,1,,,,,0,,1.20,1.20,1.20,1.44,0,0,0,0,4.47,4.37,4.49,0.00,VMS 1,,Tanque,,1.50,1.56,1.62,1.92,2.78,4.49,4.86,5.07
18/03/2025 03:44 p. m.,Ordeño,05:43,12.57,2,,,,,0,,1.26,1.14,1.02,1.44,0,0,0,0,4.34,4.31,4.41,0.00,VMS 1,,Tanque,,1.68,1.62,1.38,1.80,2.08,3.18,3.66,3.65
19/03/2025 01:29 a. m.,Ordeño,06:52,17.75,1,,,,,0,,1.20,1.14,1.14,1.38,0,0,0,0,4.43,4.23,4.47,0.00,VMS 1,,Tanque,,1.56,1.56,1.56,1.74,2.64,4.63,5.06,5.42
19/03/2025 08:17 a. m.,Ordeño,05:42,13.17,2,,,,,0,,1.20,1.14,1.20,1.38,0,0,0,0,4.08,4.11,4.13,0.00,VMS 1,,Tanque,,1.62,1.50,1.68,1.98,2.02,3.42,3.90,3.83
19/03/2025 03:38 p. m.,Ordeño,05:40,13.07,3,,,,,0,,1.20,1.14,1.08,1.44,0,0,0,0,4.15,4.17,4.28,0.00,VMS 1,,Tanque,,1.92,1.80,1.44,1.86,2.08,3.37,3.77,3.85
19/03/2025 11:46 p. m.,Ordeño,06:13,12.97,4,,,,,0,,1.02,0.96,1.08,1.20,0,0,0,0,4.23,4.09,4.28,0.00,VMS 1,,Tanque,,1.50,1.32,1.62,1.56,1.91,3.38,3.99,3.69
20/03/2025 06:58 a. m.,Ordeño,06:32,15.41,1,,,,,0,,1.32,0.96,1.26,1.44,0,0,0,0,4.22,4.11,4.27,0.00,VMS 1,,Tanque,,1.74,1.44,1.86,1.92,2.34,3.95,4.73,4.39
20/03/2025 12:11 p. m.,Ordeño,04:36,8.01,2,,,,,0,,1.08,1.20,1.14,1.38,0,0,0,0,3.95,3.95,3.95,0.00,VMS 1,,Tanque,,1.44,1.62,1.50,1.80,1.17,2.07,2.41,2.36
20/03/2025 07:32 p. m.,Ordeño,06:49,13.30,3,,,,,0,,0.90,1.02,0.96,1.14,0,0,0,0,4.07,4.01,4.19,0.00,VMS 1,,Tanque,,1.26,1.50,1.44,1.56,2.01,3.32,3.99,3.98
21/03/2025 09:11 a. m.,Ordeño,08:36,24.61,1,,,,,0,,1.26,1.26,1.32,1.14,0,0,0,0,4.45,4.35,4.46,0.00,VMS 1,,Tanque,,1.68,1.80,1.86,1.80,3.69,6.09,7.66,7.17
21/03/2025 05:31 p. m.,Ordeño,06:12,16.29,2,,,,,0,,1.20,1.38,1.26,1.44,0,0,0,0,4.32,4.16,4.33,0.00,VMS 1,,Tanque,,1.62,1.74,1.74,1.80,2.52,4.12,5.03,4.62
21/03/2025 11:29 p. m.,Ordeño,05:12,11.21,3,,,,,0,,1.20,1.26,1.20,1.38,0,0,0,0,4.18,4.15,4.20,0.00,VMS 1,,Tanque,,1.56,1.68,1.68,1.74,1.70,2.81,3.49,3.21
22/03/2025 07:06 a. m.,Ordeño,06:06,14.58,1,,,,,0,,1.14,1.32,1.20,1.44,0,0,0,0,4.37,4.35,4.48,0.00,VMS 1,,Tanque,,1.50,1.68,1.74,2.10,2.22,3.63,4.53,4.20
22/03/2025 03:46 p. m.,Ordeño,06:08,15.60,2,,,,,0,,1.20,1.14,1.26,1.44,0,0,0,0,4.29,4.28,4.42,0.00,VMS 1,,Tanque,,1.74,1.56,1.74,1.80,2.39,3.96,4.83,4.42
22/03/2025 11:11 p. m.,Ordeño,05:31,13.16,3,,,,,0,,1.32,1.14,1.20,1.44,0,0,0,0,4.31,4.29,4.33,0.00,VMS 1,,Tanque,,1.68,1.56,1.62,2.16,2.01,3.33,4.03,3.79
23/03/2025 09:50 a. m.,Ordeño,07:16,19.77,1,,,,,0,,1.32,1.26,1.26,1.50,0,0,0,0,4.40,4.29,4.30,0.00,VMS 1,,Tanque,,1.80,1.68,1.74,2.04,3.04,4.91,6.06,5.76
23/03/2025 03:44 p. m.,Ordeño,05:36,10.97,2,,,,,0,,1.26,1.08,1.26,1.50,0,0,0,0,4.07,4.09,4.17,0.00,VMS 1,,Tanque,,1.68,1.50,1.68,1.80,1.78,2.84,3.27,3.08
23/03/2025 10:50 p. m.,Ordeño,05:25,12.35,3,,,,,0,,1.26,1.14,1.26,1.32,0,0,0,0,4.27,4.16,4.23,0.00,VMS 1,,Tanque,,1.68,1.62,1.68,1.80,1.84,3.23,3.72,3.56
24/03/2025 08:50 a. m.,Ordeño,06:36,18.21,1,,,,,0,,1.38,1.14,1.26,1.44,0,0,0,0,4.34,4.22,4.31,0.00,VMS 1,,Tanque,,1.74,1.62,1.68,1.80,2.73,4.61,5.57,5.30
24/03/2025 03:05 p. m.,Ordeño,06:08,11.64,2,,,,,0,,1.32,1.14,1.20,1.44,0,0,0,0,4.26,4.15,4.26,0.00,VMS 1,,Tanque,,1.62,1.62,1.74,1.80,1.74,3.00,3.60,3.30
24/03/2025 10:12 p. m.,Ordeño,05:44,12.56,3,,,,,0,,1.14,1.14,1.20,1.32,0,0,0,0,4.29,4.19,4.32,0.00,VMS 1,,Tanque,,1.56,1.44,1.62,1.92,1.91,3.17,3.91,3.57
25/03/2025 02:48 a. m.,Ordeño,04:47,8.73,1,,,,,0,,1.08,1.20,1.14,1.32,0,0,0,0,4.28,4.33,4.39,0.00,VMS 1,,Tanque,,1.44,1.56,1.56,1.80,1.28,2.26,2.57,2.62
25/03/2025 09:21 a. m.,Ordeño,05:32,12.47,2,,,,,0,,1.44,1.08,1.20,1.26,0,0,0,0,4.35,4.31,4.41,0.00,VMS 1,,Tanque,,2.10,1.56,1.74,1.68,1.90,3.14,3.73,3.70
25/03/2025 02:59 p. m.,Ordeño,04:44,9.71,3,,,,,0,,1.26,1.20,1.20,1.38,0,0,0,0,4.34,4.38,4.48,0.00,VMS 1,,Tanque,,1.62,1.50,1.56,1.74,1.46,2.52,2.95,2.78
25/03/2025 09:20 p. m.,Ordeño,06:14,10.99,4,,,,,0,,1.02,1.08,1.02,1.38,0,0,0,0,4.35,4.26,4.39,0.00,VMS 1,,Tanque,,1.38,1.56,1.44,1.92,1.70,2.84,3.22,3.23
26/03/2025 09:35 a. m.,Ordeño,08:05,22.35,1,,,,,0,,1.14,1.26,1.26,1.26,0,0,0,0,4.48,4.38,4.47,0.00,VMS 1,,Tanque,,1.56,1.68,1.62,1.80,3.38,5.53,6.47,6.97
26/03/2025 04:53 p. m.,Ordeño,05:44,13.15,2,,,,,0,,1.32,1.20,1.14,1.44,0,0,0,0,4.26,4.17,4.43,0.00,VMS 1,,Tanque,,1.74,1.62,1.50,1.80,2.02,3.48,3.84,3.81
27/03/2025 01:07 a. m.,Ordeño,06:22,15.43,1,,,,,0,,1.38,1.20,1.14,1.38,0,0,0,0,4.39,4.27,4.48,0.00,VMS 1,,Tanque,,1.74,1.56,1.56,1.86,2.43,3.92,4.59,4.49
27/03/2025 08:12 a. m.,Ordeño,05:26,12.38,2,,,,,0,,1.14,1.14,1.14,1.32,0,0,0,0,4.25,4.15,4.33,0.00,VMS 1,,Tanque,,1.62,1.50,1.56,1.68,1.96,3.19,3.64,3.59
27/03/2025 05:58 p. m.,Ordeño,06:49,18.35,3,,DI,,,0,,1.38,1.26,1.20,1.38,0,0,0,0,4.29,4.29,4.49,0.00,VMS 1,,Tanque,,2.10,1.68,1.68,1.80,3.06,4.53,5.46,5.30
28/03/2025 02:09 a. m.,Ordeño,06:58,16.84,1,,,,,0,,1.32,1.26,1.14,1.44,0,0,0,0,4.36,4.31,4.47,0.00,VMS 1,,Tanque,,1.74,1.74,1.62,1.74,2.66,4.18,5.04,4.96
28/03/2025 12:20 p. m.,Ordeño,07:40,18.63,2,,,,,0,,1.20,1.26,1.08,1.38,0,0,0,0,4.24,4.30,4.32,0.00,VMS 1,,Tanque,,1.68,1.74,1.44,1.80,2.89,4.71,5.59,5.44
28/03/2025 05:40 p. m.,Ordeño,04:57,9.61,3,,,,,0,,1.14,1.14,1.08,1.38,0,0,0,0,4.27,4.22,4.24,0.00,VMS 1,,Tanque,,1.50,1.56,1.44,1.80,1.47,2.54,2.81,2.79
29/03/2025 02:34 a. m.,Ordeño,06:33,15.22,1,,,,,0,,1.02,1.32,1.08,1.44,0,0,0,0,4.26,4.29,4.31,0.00,VMS 1,,Tanque,,1.32,1.62,1.50,1.98,2.41,3.85,4.50,4.46
29/03/2025 11:05 a. m.,Ordeño,06:18,14.18,2,,,,,0,,1.20,1.20,1.08,1.26,0,0,0,0,4.26,4.09,4.18,0.00,VMS 1,,Tanque,,1.62,1.62,1.44,1.68,2.15,3.64,4.13,4.26
29/03/2025 04:12 p. m.,Ordeño,04:47,9.23,3,,,,,0,,1.32,1.20,1.08,1.26,0,0,0,0,4.11,4.17,4.19,0.00,VMS 1,,Tanque,,1.74,1.68,1.56,1.62,1.45,2.42,2.75,2.61
29/03/2025 10:50 p. m.,Ordeño,05:57,12.05,4,,,,,0,,1.20,1.26,1.02,1.38,0,0,0,0,4.32,4.38,4.31,0.00,VMS 1,,Tanque,,1.56,1.68,1.44,1.80,1.80,3.09,3.60,3.56
30/03/2025 09:13 a. m.,Ordeño,07:09,17.46,1,,,,,0,,1.20,1.26,1.14,1.20,0,0,0,0,4.18,4.16,4.19,0.00,VMS 1,,Tanque,,1.56,1.80,1.56,1.62,2.73,4.46,5.09,5.18
30/03/2025 02:43 p. m.,Ordeño,05:05,8.16,2,,,,,0,,1.14,1.14,1.08,1.44,0,0,0,0,3.98,4.04,4.05,0.00,VMS 1,,Tanque,,1.50,1.62,1.50,1.92,1.30,2.17,2.27,2.42
31/03/2025 12:20 a. m.,Ordeño,06:19,14.97,1,,,,,0,,1.20,1.20,1.14,1.32,0,0,0,0,4.19,4.16,4.19,0.00,VMS 1,,Tanque,,1.56,1.62,1.44,1.74,2.23,3.82,4.39,4.53
31/03/2025 09:23 a. m.,Ordeño,06:16,16.34,2,,,,,0,,1.32,1.26,1.20,1.32,0,0,0,0,4.25,4.17,4.18,0.00,VMS 1,,Tanque,,1.62,1.68,1.50,1.80,2.46,4.27,4.79,4.82
31/03/2025 04:05 p. m.,Ordeño,05:35,11.79,3,,,,,0,,1.20,1.26,1.08,1.32,0,0,0,0,4.39,4.30,4.31,0.00,VMS 1,,Tanque,,1.56,1.62,1.50,1.74,1.78,3.02,3.51,3.48
01/04/2025 12:16 a. m.,Ordeño,06:54,14.17,1,,,,,0,,1.26,1.14,0.90,1.32,0,0,0,0,4.32,4.30,4.38,0.00,VMS 1,,Tanque,,1.56,1.68,1.38,1.68,2.29,3.60,4.14,4.14
01/04/2025 07:12 a. m.,Ordeño,06:24,13.41,2,,,,,0,,1.26,1.08,1.02,1.26,0,0,0,0,4.52,4.44,4.50,0.00,VMS 1,,Tanque,,1.68,1.50,1.38,1.74,1.99,3.58,3.92,3.92
01/04/2025 03:27 p. m.,Ordeño,07:44,10.96,3,,DI,TD,TD,0,,1.32,1.14,1.14,0.00,0,0,0,0,4.31,4.40,4.43,0.00,VMS 1,,Tanque,,1.98,1.62,1.56,0.00,2.49,3.91,4.56,0.00
01/04/2025 07:21 p. m.,Ordeño,05:59,9.32,4,,,,,0,,0.96,0.96,1.02,1.32,0,0,0,0,4.26,4.31,4.29,0.00,VMS 1,,Tanque,,1.68,1.50,1.44,1.68,0.97,1.55,1.86,4.94
02/04/2025 08:42 a. m.,Ordeño,08:47,22.54,1,,,,,0,,1.20,1.08,1.20,1.38,0,0,0,0,4.40,4.43,4.37,0.00,VMS 1,,Tanque,,1.56,1.56,1.68,1.86,3.45,5.77,6.75,6.57
02/04/2025 03:59 p. m.,Ordeño,08:53,8.83,2,,,TD,TD,0,,1.20,0.96,0.90,0.00,0,0,0,0,4.20,3.98,4.15,0.00,VMS 1,,Tanque,,1.56,1.50,1.32,0.00,1.94,3.23,3.66,0.00
03/04/2025 10:34 a. m.,Ordeño,11:35,12.81,1,,,"DD,TD","DD,TD",0,,1.26,0.00,1.14,0.00,0,0,0,0,4.77,0.00,4.54,0.00,VMS 1,,Tanque,,1.68,0.00,1.50,0.00,4.17,0.00,8.64,0.00
03/04/2025 07:15 p. m.,Ordeño,09:13,22.02,2,,,,,0,,1.14,1.08,1.14,1.44,0,0,0,0,4.15,4.28,4.23,0.00,VMS 1,,Tanque,,1.50,1.50,1.50,1.86,2.58,6.85,5.06,7.53
04/04/2025 03:51 a. m.,Ordeño,05:05,13.78,1,,,,,0,,1.32,1.14,1.14,1.38,0,0,0,0,4.33,3.96,4.31,0.00,VMS 1,,Tanque,,1.74,1.56,1.56,1.80,2.27,3.73,4.17,3.61
04/04/2025 03:21 p. m.,Ordeño,07:14,15.86,2,,,,,0,,1.14,1.20,1.14,1.32,0,0,0,0,4.21,3.96,4.22,0.00,VMS 1,,Tanque,,1.74,1.74,1.62,1.80,2.79,3.73,5.21,4.13
04/04/2025 10:58 p. m.,Ordeño,05:41,10.53,3,,,,,0,,1.26,1.14,1.02,1.26,0,0,0,0,4.07,4.12,4.07,0.00,VMS 1,,Tanque,,1.68,1.62,1.38,1.80,1.77,2.53,3.34,2.89
05/04/2025 07:40 a. m.,Ordeño,05:45,14.26,1,,,,,0,,1.56,1.20,1.26,1.38,0,0,0,0,4.28,4.26,4.33,0.00,VMS 1,,Tanque,,2.04,1.62,1.68,1.74,2.28,3.57,4.39,4.02
05/04/2025 07:09 p. m.,Ordeño,06:36,17.47,2,,,,,0,,1.38,1.32,1.32,1.50,0,0,0,0,4.14,4.25,4.34,0.00,VMS 1,,Tanque,,2.16,1.86,1.68,1.92,2.86,4.39,5.36,4.86
06/04/2025 11:11 a. m.,Ordeño,09:17,24.27,1,,,,,0,,1.38,1.26,1.26,1.50,0,0,0,0,4.34,4.24,4.28,0.00,VMS 1,,Tanque,,1.80,1.80,1.62,1.92,3.69,6.17,7.23,7.18
06/04/2025 11:52 p. m.,Ordeño,07:19,19.17,2,,,,,0,,1.50,1.26,1.20,1.44,0,0,0,0,4.56,4.38,4.33,0.00,VMS 1,,Tanque,,1.80,1.62,1.56,1.86,2.82,4.99,5.80,5.56
07/04/2025 06:48 a. m.,Ordeño,06:00,12.27,1,,,,,0,,1.38,1.38,1.08,1.38,0,0,0,0,4.42,4.50,4.48,0.00,VMS 1,,Tanque,,1.80,1.80,1.50,1.74,1.84,3.22,3.52,3.69
07/04/2025 02:04 p. m.,Ordeño,05:39,11.72,2,,,,,0,,1.38,1.14,1.02,1.38,0,0,0,0,4.41,4.35,4.44,0.00,VMS 1,,Tanque,,1.80,1.56,1.44,1.74,1.84,3.05,3.36,3.47
07/04/2025 09:31 p. m.,Ordeño,06:13,12.21,3,,,,,0,,1.08,0.90,0.96,1.08,0,0,0,0,4.54,4.44,4.55,0.00,VMS 1,,Tanque,,1.38,1.38,1.38,1.44,1.92,3.03,3.63,3.63
08/04/2025 06:08 a. m.,Ordeño,07:34,15.86,1,,,,,0,,1.38,1.02,1.20,1.26,0,0,0,0,4.88,4.78,4.88,0.00,VMS 1,,Tanque,,1.80,1.50,1.62,1.62,2.41,4.05,4.68,4.72
08/04/2025 02:07 p. m.,Ordeño,06:03,13.83,2,,,,,0,,1.44,1.20,1.14,1.32,0,0,0,0,4.62,4.45,4.53,0.00,VMS 1,,Tanque,,1.80,1.62,1.44,1.74,2.23,3.57,4.10,3.93
08/04/2025 09:45 p. m.,Ordeño,05:51,12.57,3,,,,,0,,1.26,1.08,1.08,1.26,0,0,0,0,4.50,4.38,4.45,0.00,VMS 1,,Tanque,,1.68,1.50,1.50,1.56,1.98,3.23,3.75,3.61
09/04/2025 09:53 a. m.,Ordeño,07:23,21.04,1,,,,,0,,1.38,1.26,1.26,1.44,0,0,0,0,4.72,4.65,4.78,0.00,VMS 1,,Tanque,,1.74,1.62,1.62,1.80,3.07,5.32,6.47,6.18
09/04/2025 03:04 p. m.,Ordeño,04:43,8.64,2,,,,,0,,1.08,1.14,1.08,1.26,0,0,0,0,4.52,4.48,4.47,0.00,VMS 1,,Tanque,,1.62,1.56,1.56,1.74,1.33,2.25,2.58,2.48
09/04/2025 10:57 p. m.,Ordeño,06:10,14.15,3,,,,,0,,1.32,1.20,1.14,1.32,0,0,0,0,4.45,4.29,4.45,0.00,VMS 1,,Tanque,,1.74,1.56,1.62,1.80,2.29,3.62,4.16,4.08
10/04/2025 09:13 a. m.,Ordeño,07:18,17.88,1,,,,,0,,1.38,1.38,1.20,1.32,0,0,0,0,4.64,4.62,4.74,0.00,VMS 1,,Tanque,,1.74,1.80,1.50,1.80,2.85,4.47,5.74,4.82
10/04/2025 05:07 p. m.,Ordeño,05:47,14.23,2,,,,,0,,1.32,1.32,1.20,1.50,0,0,0,0,4.29,4.30,4.35,0.00,VMS 1,,Tanque,,1.98,1.62,1.62,1.98,2.40,3.56,4.34,3.93
11/04/2025 12:43 a. m.,Ordeño,06:02,13.36,1,,,,,0,,1.26,1.20,1.08,1.44,0,0,0,0,4.50,4.27,4.43,0.00,VMS 1,,Tanque,,1.68,1.68,1.44,1.80,2.07,3.43,3.97,3.89
11/04/2025 01:59 p. m.,Ordeño,08:07,21.95,2,,,,,0,,1.26,1.26,1.20,1.56,0,0,0,0,4.57,4.46,4.64,0.00,VMS 1,,Tanque,,1.62,1.68,1.62,1.98,3.59,5.47,6.62,6.27
11/04/2025 10:38 p. m.,Ordeño,07:23,15.79,3,,,,,0,,1.26,1.32,0.96,1.38,0,0,0,0,4.39,4.22,4.19,0.00,VMS 1,,Tanque,,1.68,1.74,1.38,1.86,2.43,4.02,4.74,4.60
12/04/2025 07:58 a. m.,Ordeño,05:55,14.48,1,,,,,0,,1.20,1.14,1.20,1.38,0,0,0,0,4.45,4.28,4.40,0.00,VMS 1,,Tanque,,1.50,1.56,1.62,1.86,2.23,3.76,4.21,4.28
12/04/2025 05:54 p. m.,Ordeño,05:54,14.47,2,,,,,0,,1.26,1.14,1.26,1.44,0,0,0,0,4.30,4.22,4.34,0.00,VMS 1,,Tanque,,1.74,1.56,1.62,1.92,2.28,3.68,4.31,4.20
13/04/2025 03:47 a. m.,Ordeño,06:07,14.42,1,,,,,0,,1.32,1.14,1.26,1.38,0,0,0,0,4.37,4.23,4.26,0.00,VMS 1,,Tanque,,1.80,1.56,1.62,1.86,2.20,3.73,4.40,4.09
13/04/2025 10:21 a. m.,Ordeño,04:59,11.13,2,,,,,0,,1.32,1.14,1.26,1.50,0,0,0,0,3.92,3.83,3.91,0.00,VMS 1,,Tanque,,1.68,1.50,1.62,2.22,1.62,2.97,3.23,3.31
13/04/2025 07:24 p. m.,Ordeño,06:20,11.16,3,,,,,0,,1.08,1.02,1.02,1.32,0,0,0,0,4.45,4.22,4.32,0.00,VMS 1,,Tanque,,1.38,1.50,1.44,1.74,1.75,3.04,3.32,3.05
14/04/2025 07:04 a. m.,Ordeño,07:37,20.77,1,,,,,0,,1.44,1.38,1.20,1.50,0,0,0,0,4.60,4.36,4.51,0.00,VMS 1,,Tanque,,1.92,1.68,1.62,2.04,3.13,5.33,6.29,6.02
14/04/2025 02:46 p. m.,Ordeño,05:34,13.06,2,,,,,0,,1.32,1.20,1.20,1.38,0,0,0,0,4.28,4.02,4.16,0.00,VMS 1,,Tanque,,1.68,1.62,1.68,1.80,2.16,3.25,3.87,3.78
15/04/2025 01:36 a. m.,Ordeño,07:21,18.25,1,,,,,0,,1.26,1.08,1.14,1.32,0,0,0,0,4.46,4.35,4.45,0.00,VMS 1,,Tanque,,1.62,1.44,1.56,1.80,2.87,4.62,5.51,5.25
15/04/2025 08:35 a. m.,Ordeño,05:36,13.04,2,,,,,0,,1.26,1.26,1.26,1.38,0,0,0,0,4.26,4.09,4.25,0.00,VMS 1,,Tanque,,1.68,1.62,1.62,1.80,2.05,3.32,3.99,3.68
15/04/2025 06:22 p. m.,Ordeño,06:03,15.32,3,,,,,0,,1.26,1.20,1.26,1.44,0,0,0,0,4.65,4.43,4.59,0.00,VMS 1,,Tanque,,1.56,1.68,1.74,1.86,2.40,3.87,4.67,4.38
16/04/2025 09:23 a. m.,Ordeño,08:09,24.90,1,,,,,0,,1.50,1.26,1.32,1.38,0,0,0,0,4.66,4.51,4.43,0.00,VMS 1,,Tanque,,1.86,1.68,1.92,1.80,3.88,6.55,7.46,7.01
16/04/2025 03:56 p. m.,Ordeño,05:12,11.62,2,,,,,0,,1.32,1.14,1.26,1.38,0,0,0,0,4.46,4.36,4.45,0.00,VMS 1,,Tanque,,1.80,1.56,1.74,1.80,1.77,2.98,3.44,3.43
16/04/2025 10:26 p. m.,Ordeño,05:05,10.59,3,,,,,0,,1.26,1.20,1.20,1.32,0,0,0,0,4.33,4.31,4.43,0.00,VMS 1,,Tanque,,1.86,1.68,1.74,1.80,1.69,2.68,3.16,3.06
17/04/2025 06:39 a. m.,Ordeño,09:04,14.32,1,,,,,0,,1.44,1.32,1.32,1.38,0,0,0,0,4.45,4.37,4.44,0.00,VMS 1,,Tanque,,2.10,1.80,1.80,1.98,2.33,3.87,4.16,3.96
17/04/2025 03:30 p. m.,Ordeño,06:05,15.54,2,,,,,0,,1.20,1.26,1.26,1.38,0,0,0,0,4.36,4.31,4.47,0.00,VMS 1,,Tanque,,1.86,1.80,1.62,1.80,2.53,3.85,4.82,4.34
17/04/2025 11:50 p. m.,Ordeño,06:18,14.21,3,,,,,0,,1.26,1.20,1.08,1.38,0,0,0,0,4.44,4.30,4.26,0.00,VMS 1,,Tanque,,1.56,1.56,1.50,1.92,2.20,3.71,4.23,4.07
18/04/2025 08:40 a. m.,Ordeño,06:02,14.84,1,,,,,0,,1.26,1.20,1.20,1.32,0,0,0,0,4.21,4.17,4.35,0.00,VMS 1,,Tanque,,1.80,1.62,1.62,1.68,2.40,3.87,4.42,4.15
18/04/2025 07:40 p. m.,Ordeño,06:44,17.55,2,,,,,0,DD,1.44,1.20,1.20,1.38,0,0,0,0,4.31,5.00,4.35,0.00,VMS 1,,Tanque,,1.80,1.56,1.92,1.86,2.67,4.56,5.21,5.11
19/04/2025 07:38 a. m.,Ordeño,08:05,17.41,1,,,,,0,,1.44,1.26,0.96,1.44,0,0,0,0,4.17,3.99,4.04,0.00,VMS 1,,Tanque,,1.74,1.68,1.44,1.98,2.74,4.47,5.14,5.06
19/04/2025 03:27 p. m.,Ordeño,05:09,11.10,2,,,,,0,,1.20,1.14,1.20,1.32,0,0,0,0,3.90,3.93,4.03,0.00,VMS 1,,Tanque,,1.80,1.50,1.74,1.80,1.76,2.81,3.32,3.21
20/04/2025 01:14 a. m.,Ordeño,06:33,14.11,1,,,,,0,,1.20,1.26,1.14,1.44,0,0,0,0,4.03,3.96,4.07,0.00,VMS 1,,Tanque,,1.50,1.68,1.62,1.80,2.11,3.73,4.29,3.98
20/04/2025 09:16 a. m.,Ordeño,06:11,11.93,2,,,,,0,,1.20,1.20,0.96,1.26,0,0,0,0,4.10,3.96,4.07,0.00,VMS 1,,Tanque,,1.62,1.56,1.44,1.56,1.87,3.03,3.63,3.40
20/04/2025 03:10 p. m.,Ordeño,04:56,9.89,3,,,,,0,,1.26,1.20,1.14,1.32,0,0,0,0,4.16,4.16,4.21,0.00,VMS 1,,Tanque,,1.74,1.56,1.56,1.68,1.52,2.65,2.84,2.88
21/04/2025 01:37 a. m.,Ordeño,10:16,7.04,1,,,DD,DD,0,,1.14,0.00,1.20,1.02,0,0,0,0,4.31,0.00,0.00,4.33,VMS 1,,Tanque,,1.74,0.00,1.80,1.92,1.36,0.00,3.14,2.54
21/04/2025 07:56 a. m.,Ordeño,08:12,18.62,2,,,,,0,,1.26,1.20,1.14,1.50,0,0,0,0,4.16,4.09,4.28,0.00,VMS 1,,Tanque,,1.62,1.62,1.62,1.92,2.57,4.56,6.66,4.83
21/04/2025 03:03 p. m.,Ordeño,05:38,12.66,3,,,,,0,,1.32,1.26,1.14,1.44,0,0,0,0,4.29,4.16,4.14,0.00,VMS 1,,Tanque,,1.74,1.62,1.56,1.86,1.99,3.33,3.80,3.54
22/04/2025 03:47 a. m.,Ordeño,07:28,20.77,1,,,,,0,,1.44,1.32,1.26,1.50,0,0,0,0,4.46,4.36,4.32,0.00,VMS 1,,Tanque,,1.74,1.68,1.92,1.92,3.40,5.70,6.21,5.46
22/04/2025 03:20 p. m.,Ordeño,08:00,18.84,2,,,,,0,,1.44,1.02,1.26,1.44,0,0,0,0,4.44,4.22,4.34,0.00,VMS 1,,Tanque,,1.80,1.68,1.74,1.86,3.01,5.04,5.53,5.26
23/04/2025 12:42 a. m.,Ordeño,07:12,15.94,1,,,,,0,,1.38,1.14,1.20,1.44,0,0,0,0,4.44,4.30,4.46,0.00,VMS 1,,Tanque,,1.74,1.56,1.68,1.86,2.51,4.15,4.60,4.68
23/04/2025 07:18 a. m.,Ordeño,05:17,11.37,2,,,,,0,,1.20,1.14,1.20,1.38,0,0,0,0,4.32,4.85,4.37,0.00,VMS 1,,Tanque,,1.50,1.56,1.62,1.92,1.66,3.04,3.32,3.35
23/04/2025 01:05 p. m.,Ordeño,05:16,9.96,3,,,,,0,,1.14,1.02,1.26,1.38,0,0,0,0,4.44,4.35,4.54,0.00,VMS 1,,Tanque,,1.56,1.44,1.74,1.68,1.56,2.62,2.93,2.85
23/04/2025 07:04 p. m.,Ordeño,05:37,10.55,4,,,,,0,,1.02,1.08,1.20,1.38,0,0,0,0,4.60,4.56,4.72,0.00,VMS 1,,Tanque,,1.50,1.56,1.62,1.80,1.61,2.84,3.06,3.04
24/04/2025 09:05 a. m.,Ordeño,07:46,22.06,1,,,,,0,,1.14,1.14,1.38,1.38,0,0,0,0,4.88,4.72,4.87,0.00,VMS 1,,Tanque,,1.50,1.74,1.74,1.80,2.93,5.63,6.70,6.80
24/04/2025 04:01 p. m.,Ordeño,06:30,14.08,2,,,,,0,,1.32,1.02,1.26,1.44,0,0,0,0,4.55,4.38,4.53,0.00,VMS 1,,Tanque,,1.80,1.44,1.74,1.86,2.11,3.80,4.07,4.10
25/04/2025 02:55 a. m.,Ordeño,06:28,17.78,1,,,,,0,,1.32,1.14,1.32,1.44,0,0,0,0,4.71,4.43,4.65,0.00,VMS 1,,Tanque,,1.68,1.56,1.80,1.80,2.85,4.58,5.32,5.03
25/04/2025 02:16 p. m.,Ordeño,07:26,19.48,2,,,,,0,,1.44,1.08,1.32,1.44,0,0,0,0,4.58,4.26,4.49,0.00,VMS 1,,Tanque,,1.74,1.62,1.68,1.80,3.24,5.19,5.65,5.40
26/04/2025 12:08 a. m.,Ordeño,06:23,16.07,1,,,,,0,,1.38,1.14,1.32,1.38,0,0,0,0,4.58,4.19,4.43,0.00,VMS 1,,Tanque,,1.74,1.56,1.74,1.86,2.52,4.23,4.75,4.57
26/04/2025 08:08 a. m.,Ordeño,06:00,14.32,2,,,,,0,,1.20,1.08,1.32,1.44,0,0,0,0,4.18,4.13,4.29,0.00,VMS 1,,Tanque,,1.68,1.44,1.68,1.92,2.37,3.76,4.23,3.96
26/04/2025 03:54 p. m.,Ordeño,05:29,13.38,3,,,,,0,,1.38,1.20,1.26,1.26,0,0,0,0,4.50,4.39,4.52,0.00,VMS 1,,Tanque,,1.98,1.68,1.62,1.74,2.31,3.29,4.00,3.78
27/04/2025 01:34 a. m.,Ordeño,06:14,16.10,1,,,,,0,,1.26,1.14,1.32,1.38,0,0,0,0,4.43,4.31,4.52,0.00,VMS 1,,Tanque,,1.56,1.56,1.68,1.80,2.59,4.13,4.73,4.65
27/04/2025 11:01 a. m.,Ordeño,06:24,16.53,2,,,,,0,,1.20,1.38,1.32,1.32,0,0,0,0,4.55,4.41,4.51,0.00,VMS 1,,Tanque,,1.50,1.74,1.68,1.74,2.73,4.12,5.16,4.52
27/04/2025 06:45 p. m.,Ordeño,06:02,15.55,3,,,,,0,,1.26,1.20,1.26,1.38,0,0,0,0,4.40,4.27,4.46,0.00,VMS 1,,Tanque,,1.56,1.68,1.62,1.86,2.60,3.99,4.56,4.40
28/04/2025 02:08 a. m.,Ordeño,06:33,14.85,1,,,,,0,,1.32,1.02,1.26,1.32,0,0,0,0,4.28,4.14,4.31,0.00,VMS 1,,Tanque,,1.74,1.44,1.74,1.74,2.31,3.82,4.40,4.32
28/04/2025 01:57 p. m.,Ordeño,10:43,20.80,2,,,,,0,,1.20,1.20,1.14,1.44,0,0,0,0,4.38,4.41,4.61,0.00,VMS 1,,Tanque,,1.74,1.62,1.56,1.92,3.52,5.46,5.65,6.17
28/04/2025 11:56 p. m.,Ordeño,07:03,18.71,1,,,,,0,,1.32,1.14,1.32,1.38,0,0,0,0,4.32,4.28,4.33,0.00,VMS 1,,Tanque,,1.74,1.56,1.68,1.80,2.90,4.61,5.90,5.30
29/04/2025 10:21 a. m.,Ordeño,06:52,17.03,2,,,,,0,,1.20,1.14,1.08,1.26,0,0,0,0,4.25,4.16,3.99,0.00,VMS 1,,Tanque,,1.62,1.56,1.68,1.74,2.73,4.29,4.92,5.09
29/04/2025 03:54 p. m.,Ordeño,04:36,8.43,3,,,,,0,,1.20,0.96,1.08,1.32,0,0,0,0,4.26,4.16,4.11,0.00,VMS 1,,Tanque,,1.62,1.32,1.50,1.80,1.39,2.11,2.54,2.39
30/04/2025 12:50 a. m.,Ordeño,05:28,13.83,1,,,,,0,,1.38,1.20,1.26,1.38,0,0,0,0,4.19,4.10,4.11,0.00,VMS 1,,Tanque,,1.92,1.56,1.68,1.86,2.14,3.56,3.95,4.18
30/04/2025 09:35 a. m.,Ordeño,05:55,14.11,2,,,,,0,,1.44,1.02,1.20,1.38,0,0,0,0,4.23,4.17,4.26,0.00,VMS 1,,Tanque,,1.80,1.44,1.56,1.74,2.24,3.60,4.18,4.09
30/04/2025 05:11 p. m.,Ordeño,05:41,12.96,3,,,,,0,,1.38,1.14,1.32,1.44,0,0,0,0,4.46,4.33,4.34,0.00,VMS 1,,Tanque,,1.86,1.56,1.68,1.86,2.03,3.29,3.92,3.72
01/05/2025 06:07 a. m.,Ordeño,08:19,22.32,1,,,,,0,,1.44,1.20,1.26,1.38,0,0,0,0,4.39,4.41,4.47,0.00,VMS 1,,Tanque,,1.80,1.86,1.62,1.80,3.59,5.54,6.82,6.37
01/05/2025 01:51 p. m.,Ordeño,05:32,12.27,2,,,,,0,,1.38,1.08,1.20,1.56,0,0,0,0,4.17,4.10,4.13,0.00,VMS 1,,Tanque,,1.68,1.50,1.56,1.92,1.87,3.11,3.70,3.59
01/05/2025 07:18 p. m.,Ordeño,04:34,8.31,3,,,,,0,,1.20,0.96,1.14,1.38,0,0,0,0,4.18,4.16,4.19,0.00,VMS 1,,Tanque,,1.62,1.44,1.56,1.92,1.33,2.13,2.47,2.38
02/05/2025 09:22 a. m.,Ordeño,08:30,23.57,1,,,,,0,,1.50,1.02,1.26,1.38,0,0,0,0,4.70,4.69,4.75,0.00,VMS 1,,Tanque,,1.86,1.44,1.68,1.80,3.59,6.07,7.15,6.76
03/05/2025 01:08 a. m.,Ordeño,08:37,26.00,1,,,,,0,,1.50,1.26,1.32,1.56,0,0,0,0,4.60,4.60,4.60,0.00,VMS 1,,Tanque,,1.86,1.62,1.68,2.04,4.33,6.44,8.34,6.89
03/05/2025 02:37 p. m.,Ordeño,09:54,19.62,2,,,,,0,,1.44,0.78,1.14,1.26,0,0,0,0,4.34,4.33,4.33,0.00,VMS 1,,Tanque,,1.80,1.32,1.50,1.74,3.24,4.58,5.72,6.08
04/05/2025 06:12 a. m.,Ordeño,07:10,21.25,1,,,,,0,,1.44,1.26,1.32,1.32,0,0,0,0,4.42,4.23,4.28,0.00,VMS 1,,Tanque,,1.92,1.62,1.68,1.80,3.25,5.57,6.34,6.09
04/05/2025 06:09 p. m.,Ordeño,09:24,18.56,2,,,,,0,,1.44,1.08,1.32,1.44,0,0,0,0,4.45,4.38,4.45,0.00,VMS 1,,Tanque,,1.80,1.50,1.74,1.80,3.00,4.34,5.77,5.45
05/05/2025 12:33 a. m.,Ordeño,05:26,12.12,1,,,,,0,,1.38,1.26,1.20,1.44,0,0,0,0,4.79,4.54,4.67,0.00,VMS 1,,Tanque,,1.74,1.62,1.68,1.86,1.84,3.43,3.52,3.33
05/05/2025 12:02 p. m.,Ordeño,07:34,21.55,2,,,,,0,,1.44,1.14,1.26,1.44,0,0,0,0,4.92,4.63,4.79,0.00,VMS 1,,Tanque,,1.80,1.56,1.68,1.80,3.20,5.57,6.56,6.22
06/05/2025 01:36 a. m.,Ordeño,08:44,24.17,1,,,,,0,,1.44,1.26,1.20,1.32,0,0,0,0,4.70,4.66,4.71,0.00,VMS 1,,Tanque,,1.80,1.68,1.50,1.68,3.81,6.22,7.32,6.82
06/05/2025 12:56 p. m.,Ordeño,07:07,19.84,2,,,,,0,,1.44,1.14,1.26,1.38,0,0,0,0,4.71,4.45,4.58,0.00,VMS 1,,Tanque,,1.86,1.56,1.68,1.74,3.14,5.13,6.01,5.56
07/05/2025 12:45 a. m.,Ordeño,07:24,20.44,1,,,,,0,,1.56,1.20,1.20,1.44,0,0,0,0,4.80,4.57,4.57,0.00,VMS 1,,Tanque,,1.92,1.62,1.56,1.86,3.16,5.26,6.03,5.99
07/05/2025 10:49 a. m.,Ordeño,06:59,18.26,2,,,,,0,,1.32,1.14,1.20,1.38,0,0,0,0,4.52,4.43,4.58,0.00,VMS 1,,Tanque,,1.80,1.62,1.50,1.68,2.77,4.74,5.48,5.27
08/05/2025 02:46 a. m.,Ordeño,10:22,25.13,1,,,,,0,,1.44,1.20,1.02,1.38,0,0,0,0,4.73,4.49,4.51,0.00,VMS 1,,Tanque,,1.80,1.62,1.44,1.74,4.12,6.15,7.59,7.27
08/05/2025 07:57 a. m.,Ordeño,04:55,7.76,2,,,,,0,,0.90,0.96,1.02,1.02,0,0,0,0,4.25,4.04,4.04,0.00,VMS 1,,Tanque,,1.44,1.50,1.50,1.50,1.15,2.02,2.38,2.21
08/05/2025 03:30 p. m.,Ordeño,06:01,12.44,3,,,,,0,,1.32,1.14,1.08,1.08,0,0,0,0,4.31,4.30,4.32,0.00,VMS 1,,Tanque,,1.68,1.56,1.56,1.44,1.85,3.04,3.53,4.02
09/05/2025 01:40 a. m.,Ordeño,07:22,16.90,1,,,,,0,,1.32,1.08,1.02,1.44,0,0,0,0,4.73,4.56,4.65,0.00,VMS 1,,Tanque,,1.62,1.50,1.38,1.86,2.56,4.41,4.98,4.95
09/05/2025 04:28 p. m.,Ordeño,08:51,23.12,2,,,,,0,,1.38,1.20,1.08,1.26,0,0,0,0,4.57,4.45,4.45,0.00,VMS 1,,Tanque,,1.80,1.56,1.44,1.62,3.74,5.78,6.84,6.76
10/05/2025 02:06 a. m.,Ordeño,06:52,15.85,1,,,,,0,,1.20,1.08,1.08,1.14,0,0,0,0,4.19,4.03,3.83,0.00,VMS 1,,Tanque,,1.44,1.56,1.38,1.62,2.59,4.09,4.58,4.59
10/05/2025 12:05 p. m.,Ordeño,08:00,15.14,2,,,,,0,,1.50,1.20,0.90,1.38,0,0,0,0,4.44,4.18,4.18,0.00,VMS 1,,Tanque,,2.04,1.62,1.32,1.74,2.51,3.96,4.24,4.43
10/05/2025 05:26 p. m.,Ordeño,05:21,9.54,3,,,,,0,,1.20,1.08,1.08,1.32,0,0,0,0,4.38,4.24,4.38,0.00,VMS 1,,Tanque,,1.92,1.50,1.50,1.74,1.38,2.45,2.93,2.78
11/05/2025 01:54 a. m.,Ordeño,06:05,14.86,1,,,,,0,,1.50,1.20,1.26,1.26,0,0,0,0,4.54,4.41,4.51,0.00,VMS 1,,Tanque,,1.86,1.62,1.74,1.68,2.25,3.84,4.45,4.32
11/05/2025 08:53 a. m.,Ordeño,05:40,12.98,2,,,,,0,,1.56,1.08,1.32,1.38,0,0,0,0,4.47,4.36,4.44,0.00,VMS 1,,Tanque,,1.92,1.50,1.74,1.86,1.99,3.32,3.77,3.90
11/05/2025 04:18 p. m.,Ordeño,06:12,11.68,3,,,,,0,,1.38,1.38,1.08,1.38,0,0,0,0,4.53,4.41,4.47,0.00,VMS 1,,Tanque,,1.98,1.80,1.56,1.86,1.91,2.97,3.35,3.45
11/05/2025 11:29 p. m.,Ordeño,05:15,11.95,4,,,,,0,,1.44,1.26,1.20,1.44,0,0,0,0,4.33,4.41,4.46,0.00,VMS 1,,Tanque,,1.92,1.68,1.56,1.92,1.86,3.07,3.53,3.49
12/05/2025 08:31 a. m.,Ordeño,05:36,14.56,1,,,,,0,,1.44,1.32,1.32,1.50,0,0,0,0,4.32,4.24,4.30,0.00,VMS 1,,Tanque,,1.92,1.74,1.80,1.86,2.27,3.70,4.37,4.22
12/05/2025 06:33 p. m.,Ordeño,05:40,13.72,2,,,,,0,,1.50,1.26,1.26,1.44,0,0,0,0,4.48,4.30,4.35,0.00,VMS 1,,Tanque,,1.86,1.68,1.68,1.86,2.12,3.37,4.19,4.04
12/05/2025 11:28 p. m.,Ordeño,05:18,7.05,3,,,,,0,,0.72,0.90,1.02,1.20,0,0,0,0,4.09,4.23,4.15,0.00,VMS 1,,Tanque,,1.32,1.62,1.44,1.74,1.12,1.77,2.05,2.11
13/05/2025 07:46 a. m.,Ordeño,06:13,13.90,1,,,,,0,,1.32,1.20,1.14,1.32,0,0,0,0,4.41,4.36,4.49,0.00,VMS 1,,Tanque,,1.68,1.62,1.50,1.74,2.21,3.39,4.09,4.21
13/05/2025 02:37 p. m.,Ordeño,05:09,11.16,2,,,,,0,,1.26,1.20,1.26,1.38,0,0,0,0,4.31,4.34,4.47,0.00,VMS 1,,Tanque,,1.68,1.74,1.68,1.92,1.70,2.89,3.41,3.16
14/05/2025 12:50 a. m.,Ordeño,06:04,14.45,1,,,,,0,,1.44,1.20,1.20,1.38,0,0,0,0,4.54,4.35,4.52,0.00,VMS 1,,Tanque,,1.74,1.56,1.62,1.74,2.13,3.70,4.37,4.25
14/05/2025 10:07 a. m.,Ordeño,06:14,15.48,2,,,,,0,,1.50,1.26,1.20,1.44,0,0,0,0,4.37,4.18,4.25,0.00,VMS 1,,Tanque,,1.86,1.74,1.62,1.86,2.30,3.96,4.70,4.52
14/05/2025 06:43 p. m.,Ordeño,05:58,13.29,3,,,,,0,,1.50,1.26,1.08,1.32,0,0,0,0,4.28,4.23,4.36,0.00,VMS 1,,Tanque,,1.86,1.68,1.62,1.68,2.18,3.28,3.92,3.91
15/05/2025 09:13 a. m.,Ordeño,07:48,22.71,1,,,,,0,,1.50,1.26,1.26,1.38,0,0,0,0,4.61,4.49,4.49,0.00,VMS 1,,Tanque,,1.80,1.80,1.74,1.74,3.42,5.74,6.92,6.63
15/05/2025 03:03 p. m.,Ordeño,07:00,6.88,2,,,TD,TD,0,,1.32,1.02,1.26,0.00,0,0,0,0,4.20,4.10,4.29,0.00,VMS 1,,Tanque,,2.04,1.56,1.68,0.00,1.57,2.49,2.82,0.00
16/05/2025 01:22 a. m.,Ordeño,06:54,17.68,1,,,,,0,,1.44,1.14,1.20,1.44,338,0,0,0,4.61,4.36,4.43,0.00,VMS 1,,Tanque,,1.86,1.50,1.62,1.74,2.38,4.13,4.85,6.32
16/05/2025 11:29 a. m.,Ordeño,06:03,16.40,2,,,,,0,,1.50,1.20,1.38,1.62,0,0,0,0,4.46,4.28,4.38,0.00,VMS 1,,Tanque,,1.86,1.56,1.86,2.10,2.46,4.37,4.93,4.64
16/05/2025 06:50 p. m.,Ordeño,05:29,12.47,3,,,,,0,,1.20,1.26,1.20,1.50,0,0,0,0,4.44,4.31,4.45,0.00,VMS 1,,Tanque,,1.62,1.74,1.62,1.86,2.00,3.19,3.87,3.41
17/05/2025 02:16 a. m.,Ordeño,05:08,12.61,1,,,,,0,,1.38,1.26,1.32,1.44,0,0,0,0,4.38,4.38,4.44,0.00,VMS 1,,Tanque,,1.68,1.80,1.62,1.80,1.84,3.29,3.80,3.68
17/05/2025 09:52 a. m.,Ordeño,05:24,12.53,2,,,,,0,,1.20,1.20,1.20,1.50,0,0,0,0,4.86,4.63,4.85,0.00,VMS 1,,Tanque,,1.62,1.62,1.68,1.98,1.99,3.18,3.79,3.57
17/05/2025 06:07 p. m.,Ordeño,05:49,13.90,3,,,,,0,,1.26,1.26,1.14,1.44,0,0,0,0,4.61,4.37,4.56,0.00,VMS 1,,Tanque,,1.56,1.62,1.62,1.92,2.13,3.61,4.12,4.04
18/05/2025 01:30 a. m.,Ordeño,09:23,11.68,1,,,,,0,,1.26,1.26,1.08,1.56,0,0,0,0,4.39,4.36,4.51,0.00,VMS 1,,Tanque,,1.62,1.74,1.44,1.86,1.89,3.16,3.20,3.43
18/05/2025 11:55 a. m.,Ordeño,09:22,18.34,2,,,,,0,,1.26,0.84,1.20,1.08,0,0,0,0,4.59,4.32,4.57,0.00,VMS 1,,Tanque,,1.68,1.68,1.62,1.62,2.76,4.39,5.66,5.53
18/05/2025 10:04 p. m.,Ordeño,06:38,18.64,3,,,,,0,,1.50,1.56,1.26,1.62,0,0,0,0,4.48,4.23,4.42,0.00,VMS 1,,Tanque,,1.98,2.10,1.80,1.98,2.94,4.95,5.56,5.19
19/05/2025 08:43 a. m.,Ordeño,06:58,18.81,1,,,,,0,,1.44,1.38,1.26,1.50,0,0,0,0,4.35,4.31,4.27,0.00,VMS 1,,Tanque,,1.80,1.92,1.62,1.92,3.06,4.82,5.60,5.33
19/05/2025 05:48 p. m.,Ordeño,05:32,14.37,2,,,,,0,,1.38,1.26,1.32,1.44,0,0,0,0,4.42,4.30,4.41,0.00,VMS 1,,Tanque,,1.74,1.74,1.68,1.92,2.30,3.54,4.30,4.23
20/05/2025 02:03 a. m.,Ordeño,05:45,14.60,1,,,,,0,,1.32,1.26,1.26,1.38,0,0,0,0,4.47,4.31,4.35,0.00,VMS 1,,Tanque,,1.74,1.68,1.74,1.92,2.25,3.71,4.43,4.21
20/05/2025 11:33 a. m.,Ordeño,06:09,16.16,2,,DD,,,0,,1.44,1.14,1.32,1.44,0,0,0,0,4.41,4.23,4.35,0.00,VMS 1,,Tanque,,1.74,1.56,1.68,1.80,2.56,4.01,4.85,4.74
20/05/2025 11:18 p. m.,Ordeño,07:05,19.96,3,,,,,0,,1.32,1.38,1.26,1.38,0,0,0,0,4.61,4.45,4.41,0.00,VMS 1,,Tanque,,1.80,1.74,1.62,1.80,3.05,5.31,5.89,5.71
21/05/2025 07:27 a. m.,Ordeño,05:52,14.45,1,,,,,0,,1.44,1.26,1.20,1.44,0,0,0,0,4.50,4.47,4.36,0.00,VMS 1,,Tanque,,1.92,1.80,1.62,1.92,2.12,3.72,4.34,4.27
21/05/2025 02:06 p. m.,Ordeño,04:56,12.43,2,,DI,,,0,,1.44,1.26,1.26,1.50,0,0,0,0,4.24,4.26,4.30,0.00,VMS 1,,Tanque,,2.16,1.74,1.68,2.16,1.99,3.12,3.60,3.72
21/05/2025 10:04 p. m.,Ordeño,05:26,12.93,3,,,,,0,,1.38,1.26,1.20,1.38,0,0,0,0,4.50,4.40,4.44,0.00,VMS 1,,Tanque,,1.80,1.68,1.68,1.74,1.96,3.26,3.87,3.84
22/05/2025 09:12 a. m.,Ordeño,06:43,20.55,1,,,,,0,,1.62,1.38,1.38,1.44,0,0,0,0,4.58,4.45,4.57,0.00,VMS 1,,Tanque,,2.04,1.86,1.74,1.86,3.18,5.32,6.12,5.93
22/05/2025 06:10 p. m.,Ordeño,05:58,14.48,2,,,,,0,,1.44,1.26,1.20,1.44,0,0,0,0,4.45,4.31,4.37,0.00,VMS 1,,Tanque,,1.80,1.68,1.68,1.80,2.22,3.66,4.44,4.16
23/05/2025 01:05 a. m.,Ordeño,05:15,12.34,1,,,,,0,,1.44,1.32,1.26,1.50,0,0,0,0,4.52,4.52,4.57,0.00,VMS 1,,Tanque,,1.86,1.80,1.74,1.92,1.94,3.12,3.71,3.57
23/05/2025 09:34 a. m.,Ordeño,05:49,14.31,2,,,,,0,,1.38,1.20,1.26,1.50,0,0,0,0,4.44,4.53,4.56,0.00,VMS 1,,Tanque,,1.86,1.80,1.68,1.98,2.29,3.64,4.34,4.04
23/05/2025 03:06 p. m.,Ordeño,07:56,6.43,3,,,TI,TI,0,,1.20,1.26,0.00,1.32,0,0,0,0,4.50,4.52,0.00,0.00,VMS 1,,Tanque,,1.92,1.68,0.00,1.86,1.45,2.31,0.00,2.67
23/05/2025 06:57 p. m.,Ordeño,06:08,8.28,4,,,,,0,,0.48,0.72,1.20,0.96,0,0,0,0,4.30,4.60,4.84,0.00,VMS 1,,Tanque,,0.90,1.20,1.62,1.50,0.85,1.46,4.29,1.68
24/05/2025 01:17 a. m.,Ordeño,05:30,12.33,1,,,,,0,,1.44,1.26,1.26,1.44,0,0,0,0,4.45,4.53,4.42,0.00,VMS 1,,Tanque,,1.80,1.68,1.68,1.80,1.87,3.21,3.76,3.49
24/05/2025 10:49 a. m.,Ordeño,06:21,17.09,2,,,,,0,,1.50,1.26,1.32,1.44,0,0,0,0,4.67,4.58,4.55,0.00,VMS 1,,Tanque,,1.80,1.62,1.80,1.86,2.62,4.43,5.08,4.96
24/05/2025 05:56 p. m.,Ordeño,05:10,12.87,3,,,,,0,,1.44,1.26,1.26,1.44,0,0,0,0,4.61,4.44,4.49,0.00,VMS 1,,Tanque,,1.74,1.74,1.68,1.80,1.95,3.37,3.76,3.79
25/05/2025 03:01 a. m.,Ordeño,06:21,16.56,1,,,,,0,,1.44,1.20,1.20,1.32,0,0,0,0,4.47,4.38,4.48,0.00,VMS 1,,Tanque,,1.74,1.68,1.62,1.74,2.49,4.37,4.97,4.73
25/05/2025 11:08 a. m.,Ordeño,06:05,14.85,2,,,,,0,,1.38,1.32,1.20,1.26,0,0,0,0,4.43,4.34,4.44,0.00,VMS 1,,Tanque,,1.68,1.68,1.62,1.56,2.31,3.83,4.55,4.16
25/05/2025 05:19 p. m.,Ordeño,05:58,11.60,3,,,,,0,,1.32,0.96,1.20,1.20,0,0,0,0,4.23,3.53,4.23,0.00,VMS 1,,Tanque,,1.74,1.44,1.62,1.68,1.71,3.12,3.49,3.28
25/05/2025 10:21 p. m.,Ordeño,05:28,7.10,4,,,,,0,,0.72,1.02,1.08,1.14,0,0,0,0,4.44,4.41,4.41,0.00,VMS 1,,Tanque,,1.32,1.50,1.44,1.68,1.08,1.78,2.25,1.99
26/05/2025 06:13 a. m.,Ordeño,06:20,14.79,1,,,,,0,,1.26,1.20,1.08,1.38,0,0,0,0,4.37,4.38,4.45,0.00,VMS 1,,Tanque,,1.56,1.62,1.56,1.74,2.23,3.78,4.39,4.39
26/05/2025 11:47 a. m.,Ordeño,08:44,10.62,2,,DI,,,0,,1.32,1.20,1.14,0.66,0,0,0,0,4.18,4.12,4.23,0.00,VMS 1,,Tanque,,1.68,1.62,1.56,1.20,1.66,2.70,3.38,2.88
27/05/2025 12:30 a. m.,Ordeño,07:18,20.45,1,,,,,0,,1.44,1.14,1.20,1.26,0,0,0,0,4.46,4.37,4.43,0.00,VMS 1,,Tanque,,1.74,1.56,1.68,1.74,3.15,5.19,6.00,6.11
27/05/2025 09:31 a. m.,Ordeño,06:39,17.22,2,,,,,0,,1.44,1.20,1.20,1.32,0,0,0,0,4.19,4.10,4.17,0.00,VMS 1,,Tanque,,1.86,1.74,1.62,1.80,2.76,4.39,5.17,4.90
28/05/2025 12:59 a. m.,Ordeño,07:29,23.18,1,,,,,0,,1.50,1.20,1.32,1.32,0,0,0,0,4.40,4.24,4.29,0.00,VMS 1,,Tanque,,1.86,1.62,1.74,1.86,3.41,5.94,6.86,6.97
28/05/2025 11:06 a. m.,Ordeño,06:40,17.11,2,,,,,0,,1.44,1.20,1.20,1.44,0,0,0,0,4.18,3.98,4.10,0.00,VMS 1,,Tanque,,1.80,1.68,1.50,1.80,2.73,4.36,5.06,4.96
28/05/2025 04:39 p. m.,Ordeño,04:33,9.16,3,,,,,0,,1.26,1.14,1.26,1.38,0,0,0,0,4.31,4.25,4.31,0.00,VMS 1,,Tanque,,1.74,1.62,1.68,1.74,1.41,2.35,2.87,2.53
29/05/2025 10:03 a. m.,Ordeño,08:36,24.80,1,,,,,0,,1.62,1.08,1.38,1.44,0,0,0,0,4.65,4.34,4.55,0.00,VMS 1,,Tanque,,2.04,1.62,1.80,2.10,3.97,6.15,7.93,6.75
29/05/2025 05:15 p. m.,Ordeño,05:31,10.71,2,,,,,0,,1.20,1.02,1.26,1.32,0,0,0,0,4.19,4.00,4.01,0.00,VMS 1,,Tanque,,1.56,1.38,1.68,1.62,1.79,2.76,3.21,2.95
29/05/2025 10:13 p. m.,Ordeño,04:55,6.78,3,,,,,0,,0.60,0.90,1.02,1.20,0,0,0,0,4.00,4.05,4.08,0.00,VMS 1,,Tanque,,1.02,1.32,1.62,1.74,1.01,1.74,2.07,1.96
30/05/2025 07:31 a. m.,Ordeño,05:53,14.35,1,,,,,0,,1.32,1.14,1.14,1.50,0,0,0,0,4.21,4.13,4.19,0.00,VMS 1,,Tanque,,1.68,1.50,1.62,1.92,2.16,3.71,4.19,4.29
30/05/2025 04:27 p. m.,Ordeño,05:24,12.80,2,,,,,0,,1.38,1.26,1.20,1.14,0,0,0,0,4.33,4.28,4.25,0.00,VMS 1,,Tanque,,1.74,1.62,1.62,1.50,1.97,3.28,3.78,3.77
31/05/2025 05:34 a. m.,Ordeño,07:33,18.40,1,,,,,0,,1.38,1.14,1.32,1.50,0,0,0,0,4.18,4.15,4.13,0.00,VMS 1,,Tanque,,1.74,1.86,1.74,1.98,2.64,4.73,5.59,5.44
31/05/2025 04:44 p. m.,Ordeño,06:03,13.25,2,,,,,0,,1.26,1.26,1.14,1.38,0,0,0,0,4.23,4.14,4.16,0.00,VMS 1,,Tanque,,1.68,1.68,1.62,1.80,2.05,3.38,3.91,3.91
01/06/2025 01:45 a. m.,Ordeño,05:32,13.02,1,,,,,0,,1.32,1.26,1.20,1.50,0,0,0,0,4.06,4.06,4.20,0.00,VMS 1,,Tanque,,1.80,1.68,1.98,2.10,1.92,3.37,3.88,3.85
01/06/2025 10:10 a. m.,Ordeño,05:15,12.14,2,,,,,0,,1.32,1.32,1.20,1.44,0,0,0,0,4.23,4.20,4.30,0.00,VMS 1,,Tanque,,1.68,1.80,1.68,1.80,1.83,3.06,3.66,3.59
01/06/2025 08:06 p. m.,Ordeño,05:54,14.15,3,,,,,0,,1.38,1.26,1.20,1.38,0,0,0,0,4.30,4.28,4.29,0.00,VMS 1,,Tanque,,1.68,1.68,1.68,1.80,2.13,3.59,4.25,4.18
02/06/2025 07:37 a. m.,Ordeño,06:29,18.17,1,,,,,0,,1.38,1.20,1.32,1.50,0,0,0,0,4.18,4.25,4.23,0.00,VMS 1,,Tanque,,1.80,1.68,1.74,2.04,2.60,4.60,5.51,5.46
02/06/2025 04:09 p. m.,Ordeño,05:38,12.56,2,,,,,0,,1.26,1.26,1.14,1.38,0,0,0,0,4.26,4.18,4.30,0.00,VMS 1,,Tanque,,1.68,1.62,1.62,1.80,1.77,3.23,3.71,3.85
03/06/2025 12:10 a. m.,Ordeño,05:28,10.73,1,,,,,0,,1.26,1.32,1.02,1.38,0,0,0,0,4.16,4.13,4.24,0.00,VMS 1,,Tanque,,1.62,1.74,1.50,1.86,1.59,2.71,3.21,3.22
03/06/2025 07:27 a. m.,Ordeño,05:13,10.43,2,,,,,0,,1.26,1.08,1.14,1.38,0,0,0,0,4.17,4.14,4.29,0.00,VMS 1,,Tanque,,1.68,1.50,1.62,1.92,1.52,2.71,3.22,2.98
03/06/2025 03:52 p. m.,Ordeño,04:45,11.04,3,,,,,0,,1.38,1.20,1.26,1.32,0,0,0,0,4.43,4.28,4.36,0.00,VMS 1,,Tanque,,1.68,1.62,1.68,1.86,1.65,2.75,3.23,3.41
04/06/2025 12:31 a. m.,Ordeño,05:05,8.66,1,,,,,0,,1.08,1.26,1.14,1.14,0,0,0,0,4.28,4.26,4.33,0.00,VMS 1,,Tanque,,1.50,1.62,1.50,1.44,1.26,2.10,2.68,2.62
04/06/2025 08:09 a. m.,Ordeño,04:59,8.86,2,,,,,0,,1.08,1.08,1.20,1.26,0,0,0,0,4.08,4.02,4.17,0.00,VMS 1,,Tanque,,1.56,1.56,1.68,1.74,1.25,2.29,2.70,2.62
04/06/2025 01:57 p. m.,Ordeño,04:46,7.98,3,,,,,0,,1.20,1.20,1.26,1.38,0,0,0,0,3.87,3.94,4.04,0.00,VMS 1,,Tanque,,1.62,1.50,1.68,1.86,1.25,2.05,2.42,2.26
04/06/2025 10:44 p. m.,Ordeño,04:55,10.09,4,,,,,0,,1.26,1.26,1.32,1.38,0,0,0,0,4.07,4.02,4.03,0.00,VMS 1,,Tanque,,1.62,1.68,1.74,1.74,1.45,2.55,3.12,2.97
05/06/2025 09:21 a. m.,Ordeño,05:39,14.35,1,,,,,0,,1.38,1.26,1.32,1.44,0,0,0,0,4.30,4.27,4.29,0.00,VMS 1,,Tanque,,1.74,1.68,1.80,1.86,2.03,3.54,4.44,4.34
05/06/2025 05:06 p. m.,Ordeño,05:26,10.64,2,,,,,0,,1.26,1.08,1.20,1.38,0,0,0,0,4.29,3.85,4.45,0.00,VMS 1,,Tanque,,1.68,1.68,1.62,1.92,1.72,2.74,3.06,3.12
06/06/2025 07:07 a. m.,Ordeño,07:02,20.63,1,,,,,0,,1.50,1.38,1.32,1.56,0,0,0,0,4.56,4.54,4.64,0.00,VMS 1,,Tanque,,1.92,1.80,1.80,2.04,2.88,5.33,6.32,6.10
06/06/2025 04:19 p. m.,Ordeño,05:46,13.54,2,,,,,0,,1.38,1.20,1.26,1.44,0,0,0,0,4.76,4.60,4.70,0.00,VMS 1,,Tanque,,1.68,1.74,1.80,1.74,2.00,3.45,4.10,3.99
07/06/2025 02:07 a. m.,Ordeño,13:14,13.77,1,,,,,0,,1.32,1.20,1.14,1.26,0,0,0,0,4.80,4.62,4.78,0.00,VMS 1,,Tanque,,1.68,1.62,1.56,1.56,2.50,3.90,2.80,4.57
07/06/2025 09:30 a. m.,Ordeño,06:37,14.40,2,,,,,0,,1.26,1.26,1.26,1.38,0,0,0,0,4.53,4.54,4.53,0.00,VMS 1,,Tanque,,1.68,1.62,1.74,1.80,1.93,3.20,5.46,3.81
07/06/2025 05:56 p. m.,Ordeño,05:27,12.84,3,,DI,,,0,,1.26,1.26,1.20,1.26,0,0,0,0,4.46,4.53,4.35,0.00,VMS 1,,Tanque,,1.98,1.62,1.68,1.56,2.04,3.24,3.76,3.80
08/06/2025 12:12 a. m.,Ordeño,04:40,8.62,1,,,,,0,,1.20,1.14,1.02,1.26,0,0,0,0,4.31,4.26,4.30,0.00,VMS 1,,Tanque,,1.62,1.56,1.44,1.80,1.41,2.22,2.45,2.54
08/06/2025 08:32 a. m.,Ordeño,05:54,13.99,2,,,,,0,,1.26,1.32,1.20,1.32,0,0,0,0,4.53,4.55,4.65,0.00,VMS 1,,Tanque,,1.68,1.68,1.74,1.74,2.23,3.59,4.07,4.10
08/06/2025 03:05 p. m.,Ordeño,04:51,9.94,3,,,,,0,,1.14,1.14,1.14,1.26,0,0,0,0,4.53,4.50,4.64,0.00,VMS 1,,Tanque,,1.44,1.50,1.62,1.62,1.55,2.54,2.86,2.99
09/06/2025 01:48 a. m.,Ordeño,06:30,17.70,1,,,,,0,,1.32,1.26,1.26,1.50,0,0,0,0,4.60,4.50,4.70,0.00,VMS 1,,Tanque,,1.98,1.68,1.74,1.86,2.82,4.45,5.25,5.18
09/06/2025 10:35 a. m.,Ordeño,06:01,14.81,2,,,,,0,,1.44,1.26,1.20,1.32,0,0,0,0,4.44,4.38,4.58,0.00,VMS 1,,Tanque,,1.74,1.80,1.62,1.62,2.13,3.80,4.49,4.39
09/06/2025 04:49 p. m.,Ordeño,04:58,10.20,3,,,,,0,,1.32,1.14,1.14,1.50,0,0,0,0,4.57,4.51,4.72,0.00,VMS 1,,Tanque,,1.80,1.68,1.56,1.86,1.61,2.60,2.94,3.05
09/06/2025 11:25 p. m.,Ordeño,05:38,11.32,4,,,,,0,,1.20,1.20,1.08,1.38,0,0,0,0,4.45,4.37,4.51,0.00,VMS 1,,Tanque,,1.62,1.56,1.38,1.80,1.69,2.80,3.42,3.41
10/06/2025 09:13 a. m.,Ordeño,06:18,15.92,1,,,,,0,,1.32,1.20,1.20,1.32,0,0,0,0,4.45,4.36,4.52,0.00,VMS 1,,Tanque,,1.68,1.68,1.56,1.86,2.37,4.07,4.77,4.71
10/06/2025 05:55 p. m.,Ordeño,06:04,14.06,2,,,,,0,,1.14,1.08,1.14,1.32,0,0,0,0,4.32,4.10,4.44,0.00,VMS 1,,Tanque,,1.44,1.50,1.62,1.68,2.10,3.55,4.27,4.14
11/06/2025 12:20 a. m.,Ordeño,05:03,9.71,1,,,,,0,,1.14,1.20,1.08,1.20,0,0,0,0,4.30,4.24,4.32,0.00,VMS 1,,Tanque,,1.74,1.62,1.44,1.62,1.53,2.44,2.99,2.75
11/06/2025 09:48 a. m.,Ordeño,05:57,15.30,2,,,,,0,,1.32,1.26,1.26,1.50,0,0,0,0,4.33,4.37,4.43,0.00,VMS 1,,Tanque,,1.80,1.68,1.62,1.86,2.36,3.94,4.57,4.43
11/06/2025 03:46 p. m.,Ordeño,04:38,9.06,3,,,,,0,,1.20,1.08,1.20,1.26,0,0,0,0,4.52,4.38,4.57,0.00,VMS 1,,Tanque,,1.62,1.44,1.68,1.62,1.39,2.24,2.77,2.66
12/06/2025 01:54 a. m.,Ordeño,06:08,16.12,1,,,,,0,,1.38,1.38,1.32,1.50,0,0,0,0,4.53,4.52,4.56,0.00,VMS 1,,Tanque,,1.68,1.86,1.80,1.86,2.52,3.94,5.02,4.64
12/06/2025 09:04 a. m.,Ordeño,05:36,12.76,2,,,,,0,,1.32,1.32,1.14,1.38,0,0,0,0,4.46,4.39,4.41,0.00,VMS 1,,Tanque,,1.62,1.74,1.62,1.74,1.95,3.24,3.78,3.79
12/06/2025 03:57 p. m.,Ordeño,05:20,10.83,3,,,,,0,,1.02,1.20,1.02,1.32,0,0,0,0,4.45,4.26,4.42,0.00,VMS 1,,Tanque,,1.62,1.62,1.50,1.68,1.75,2.77,3.13,3.18
13/06/2025 01:35 a. m.,Ordeño,05:56,14.84,1,,,,,0,,1.32,1.50,1.20,1.44,0,0,0,0,4.45,4.31,4.57,0.00,VMS 1,,Tanque,,1.68,1.98,1.74,1.80,2.33,3.70,4.51,4.30
13/06/2025 07:42 a. m.,Ordeño,04:59,10.74,2,,,,,0,,1.26,1.20,1.20,1.44,0,0,0,0,4.26,4.18,4.29,0.00,VMS 1,,Tanque,,1.68,1.62,1.68,2.04,1.62,2.76,3.17,3.19
13/06/2025 03:20 p. m.,Ordeño,05:23,11.36,3,,,,,0,,1.14,1.26,1.08,1.32,0,0,0,0,4.45,4.39,4.44,0.00,VMS 1,,Tanque,,1.50,1.80,1.50,1.92,1.73,2.85,3.45,3.33
13/06/2025 11:13 p. m.,Ordeño,06:34,13.29,4,,,,,0,,1.20,1.20,1.14,1.32,0,0,0,0,4.60,4.50,4.63,0.00,VMS 1,,Tanque,,1.56,1.56,1.50,1.74,2.07,3.27,3.94,4.01
14/06/2025 08:35 a. m.,Ordeño,06:26,16.35,1,,,,,0,,1.32,1.26,1.26,1.50,0,0,0,0,4.39,4.46,4.41,0.00,VMS 1,,Tanque,,1.74,1.62,1.62,1.92,2.47,4.05,5.10,4.73
14/06/2025 04:42 p. m.,Ordeño,06:03,13.47,2,,DD,,,0,,1.32,1.02,1.14,1.44,0,0,0,0,4.45,4.25,4.29,0.00,VMS 1,,Tanque,,1.62,1.86,1.62,1.92,1.96,3.43,4.08,4.00
15/06/2025 12:18 a. m.,Ordeño,05:36,12.54,1,,,,,0,,1.38,1.20,1.14,1.44,0,0,0,0,4.43,4.37,4.40,0.00,VMS 1,,Tanque,,1.74,1.56,1.62,1.80,1.86,3.32,3.73,3.63
15/06/2025 08:54 a. m.,Ordeño,06:48,15.01,2,,,,,0,,1.26,1.26,1.14,1.32,0,0,0,0,4.45,4.47,4.42,0.00,VMS 1,,Tanque,,1.68,1.62,1.62,1.62,2.33,3.78,4.52,4.38
15/06/2025 04:34 p. m.,Ordeño,06:01,12.59,3,,,,,0,,1.20,1.20,1.14,1.38,0,0,0,0,4.46,4.46,4.49,0.00,VMS 1,,Tanque,,1.62,1.56,1.56,1.80,2.04,3.13,3.71,3.71
16/06/2025 02:10 a. m.,Ordeño,06:28,17.67,1,,,,,0,,1.26,1.50,1.32,1.56,0,0,0,0,4.59,4.45,4.63,0.00,VMS 1,,Tanque,,1.74,1.98,1.74,2.04,2.79,4.43,5.39,5.06
16/06/2025 04:17 p. m.,Ordeño,07:33,21.70,2,,,,,0,,1.38,1.38,1.26,1.44,0,0,0,0,4.53,4.52,4.49,0.00,VMS 1,,Tanque,,1.86,1.86,1.74,1.92,3.33,5.55,6.46,6.36
17/06/2025 02:12 a. m.,Ordeño,06:14,15.36,1,,,,,0,,1.38,1.20,1.20,1.38,0,0,0,0,4.14,4.11,4.15,0.00,VMS 1,,Tanque,,1.74,1.68,1.56,1.74,2.40,3.88,4.54,4.54
17/06/2025 08:26 a. m.,Ordeño,05:16,10.31,2,,,,,0,,1.20,1.08,1.08,1.32,0,0,0,0,4.21,4.06,4.07,0.00,VMS 1,,Tanque,,1.74,1.56,1.50,1.86,1.59,2.65,3.01,3.06
17/06/2025 02:02 p. m.,Ordeño,04:15,8.49,3,,,,,0,,1.14,1.14,1.26,1.32,0,0,0,0,4.20,4.19,4.26,0.00,VMS 1,,Tanque,,1.56,1.44,1.62,1.74,1.27,2.18,2.54,2.50
17/06/2025 10:31 p. m.,Ordeño,05:22,12.75,4,,,,,0,,1.26,1.26,1.20,1.14,0,0,0,0,4.41,4.41,4.38,0.00,VMS 1,,Tanque,,1.62,1.68,1.62,1.50,2.01,3.29,3.71,3.74
18/06/2025 07:53 a. m.,Ordeño,06:26,15.55,1,,,,,0,,1.38,1.32,1.26,1.44,0,0,0,0,4.34,4.34,4.32,0.00,VMS 1,,Tanque,,1.74,1.68,1.62,1.80,2.34,3.90,4.63,4.68
18/06/2025 02:29 p. m.,Ordeño,04:47,9.43,2,,,,,0,,1.20,1.14,1.14,1.32,0,0,0,0,4.25,4.13,4.08,0.00,VMS 1,,Tanque,,1.68,1.50,1.50,1.68,1.46,2.41,2.89,2.67
18/06/2025 11:39 p. m.,Ordeño,05:42,13.54,3,,DD,,,0,,1.14,1.26,1.20,1.32,0,0,0,0,4.32,4.41,4.41,0.00,VMS 1,,Tanque,,1.86,1.68,1.68,1.80,2.17,3.07,4.18,4.12
19/06/2025 09:05 a. m.,Ordeño,06:19,15.56,1,,,,,0,,1.38,1.32,1.14,1.38,0,0,0,0,4.52,4.53,4.49,0.00,VMS 1,,Tanque,,1.68,1.74,1.56,1.80,2.20,4.31,4.64,4.41
19/06/2025 05:01 p. m.,Ordeño,05:16,12.00,2,,,,,0,,1.32,1.32,1.20,1.44,0,0,0,0,4.32,4.34,4.33,0.00,VMS 1,,Tanque,,1.92,1.80,1.50,1.92,1.89,3.04,3.58,3.49
19/06/2025 11:18 p. m.,Ordeño,05:11,10.54,3,,,,,0,,1.32,1.20,1.14,1.26,0,0,0,0,4.34,4.40,4.32,0.00,VMS 1,,Tanque,,1.68,1.44,1.56,1.74,1.75,2.64,3.28,2.87
20/06/2025 08:19 a. m.,Ordeño,05:55,14.54,1,,DI,,,0,,1.32,1.26,1.14,1.38,0,0,0,0,4.39,4.26,4.41,0.00,VMS 1,,Tanque,,1.92,1.80,1.50,1.80,2.21,3.76,4.28,4.29
20/06/2025 02:59 p. m.,Ordeño,04:55,10.21,2,,,,,0,,1.26,1.20,1.14,1.38,0,0,0,0,4.24,4.34,4.28,0.00,VMS 1,,Tanque,,1.74,1.50,1.62,1.80,1.54,2.58,3.10,2.99
20/06/2025 10:19 p. m.,Ordeño,05:28,10.78,3,,,,,0,,1.26,1.38,1.08,1.38,0,0,0,0,4.50,4.57,4.46,0.00,VMS 1,,Tanque,,1.62,1.98,1.44,1.80,1.62,2.72,3.28,3.16
21/06/2025 05:51 a. m.,Ordeño,05:29,12.40,1,,,,,0,,1.38,1.32,1.20,1.44,0,0,0,0,4.44,4.34,4.42,0.00,VMS 1,,Tanque,,1.92,1.80,1.68,1.80,1.93,3.04,3.86,3.57
21/06/2025 12:52 p. m.,Ordeño,05:59,10.41,2,,,,,0,,1.26,1.26,0.90,1.20,0,0,0,0,4.11,4.14,4.08,0.00,VMS 1,,Tanque,,1.62,1.62,1.68,1.74,1.57,2.63,3.16,3.05
21/06/2025 06:44 p. m.,Ordeño,04:26,7.94,3,,DD,,,0,,1.02,0.96,1.14,1.08,0,0,0,0,4.32,4.27,4.34,0.00,VMS 1,,Tanque,,1.44,1.38,1.50,1.68,1.27,1.97,2.38,2.32
22/06/2025 03:04 a. m.,Ordeño,06:03,13.63,1,,,,,0,,1.32,1.38,1.08,1.26,0,0,0,0,4.45,4.40,4.42,0.00,VMS 1,,Tanque,,1.68,1.80,1.56,1.68,2.07,3.44,4.11,4.01
22/06/2025 03:17 p. m.,Ordeño,06:52,16.13,2,,,,,0,,1.26,1.26,1.08,1.32,0,0,0,0,4.41,4.38,4.28,0.00,VMS 1,,Tanque,,1.68,1.74,1.62,1.68,2.46,4.00,5.00,4.67
22/06/2025 10:58 p. m.,Ordeño,05:42,11.89,3,,,,,0,,1.26,1.38,1.14,1.38,0,0,0,0,4.21,4.31,4.28,0.00,VMS 1,,Tanque,,1.62,1.92,1.62,1.74,1.86,2.86,3.71,3.46
23/06/2025 11:21 a. m.,Ordeño,07:02,19.13,1,,,,,0,,1.38,1.26,1.26,1.44,0,0,0,0,4.33,4.30,4.44,0.00,VMS 1,,Tanque,,1.74,1.74,1.62,1.74,2.87,4.92,5.84,5.50
23/06/2025 06:03 p. m.,Ordeño,06:08,9.81,2,,,,,0,,1.26,1.14,0.96,1.32,0,0,0,0,4.22,4.13,4.05,0.00,VMS 1,,Tanque,,1.68,1.50,1.32,1.68,1.55,2.50,2.96,2.80
24/06/2025 01:32 a. m.,Ordeño,05:26,11.37,1,,,,,0,,1.32,1.20,1.14,1.38,0,0,0,0,4.35,4.32,4.39,0.00,VMS 1,,Tanque,,1.74,1.62,1.62,1.74,1.78,2.94,3.40,3.25
24/06/2025 07:29 a. m.,Ordeño,05:12,9.65,2,,,,,0,,1.20,1.02,1.14,1.32,0,0,0,0,4.56,4.24,4.47,0.00,VMS 1,,Tanque,,1.62,1.38,1.50,1.86,1.43,2.59,2.85,2.78
24/06/2025 02:56 p. m.,Ordeño,06:30,11.98,3,,,,,0,,1.26,1.20,0.84,1.32,0,0,0,0,4.46,4.40,4.14,0.00,VMS 1,,Tanque,,1.74,1.56,1.32,1.74,1.83,3.03,3.50,3.62
24/06/2025 09:29 p. m.,Ordeño,05:12,10.13,4,,,,,0,,1.32,1.14,1.14,1.32,0,0,0,0,4.32,4.24,4.36,0.00,VMS 1,,Tanque,,1.62,1.44,1.50,1.80,1.59,2.61,3.05,2.88
25/06/2025 07:57 a. m.,Ordeño,05:59,16.26,1,,,,,0,,1.56,1.26,1.32,1.32,0,0,0,0,4.42,4.38,4.40,0.00,VMS 1,,Tanque,,1.92,1.68,1.98,1.68,2.45,4.15,4.94,4.72
25/06/2025 01:32 p. m.,Ordeño,04:45,7.93,2,,,,,0,,1.20,1.08,1.08,1.26,0,0,0,0,4.23,4.08,4.15,0.00,VMS 1,,Tanque,,1.56,1.50,1.50,1.62,1.23,2.07,2.35,2.28
25/06/2025 09:33 p. m.,Ordeño,05:36,11.89,3,,,,,0,,1.32,1.02,1.08,1.26,0,0,0,0,4.36,4.24,4.33,0.00,VMS 1,,Tanque,,1.62,1.44,1.50,1.68,1.77,3.01,3.53,3.58
26/06/2025 07:19 a. m.,Ordeño,07:05,16.40,1,,,,,0,,1.50,0.96,1.26,1.32,0,0,0,0,4.57,4.38,4.58,0.00,VMS 1,,Tanque,,1.86,1.44,1.62,1.74,2.43,4.32,4.78,4.87
26/06/2025 04:29 p. m.,Ordeño,05:54,14.36,2,,,,,0,,1.38,1.14,1.26,1.32,0,0,0,0,4.61,4.38,4.47,0.00,VMS 1,,Tanque,,1.74,1.50,1.62,1.68,2.12,3.67,4.33,4.24
27/06/2025 12:53 a. m.,Ordeño,05:58,13.32,1,,,,,0,,1.44,0.96,1.20,1.32,0,0,0,0,4.34,4.25,4.27,0.00,VMS 1,,Tanque,,1.86,1.38,1.50,1.80,2.01,3.43,3.97,3.91
27/06/2025 08:43 a. m.,Ordeño,08:22,12.81,2,,,,,0,,1.38,1.20,0.90,1.44,0,0,0,0,4.20,4.26,4.28,0.00,VMS 1,,Tanque,,1.80,1.50,1.38,1.98,1.97,3.29,3.79,3.76
27/06/2025 05:10 p. m.,Ordeño,05:48,11.99,3,,,,,0,,1.20,0.96,1.20,1.32,0,0,0,0,4.21,4.11,4.15,0.00,VMS 1,,Tanque,,1.50,1.62,1.68,2.10,1.85,2.90,3.68,3.56
28/06/2025 12:52 a. m.,Ordeño,05:19,11.48,1,,,,,0,,1.32,1.26,1.14,1.32,0,0,0,0,4.19,4.03,4.18,0.00,VMS 1,,Tanque,,1.74,1.62,1.56,1.62,1.86,2.87,3.38,3.37
28/06/2025 10:18 a. m.,Ordeño,05:53,13.55,2,,,,,0,,1.32,1.20,1.20,1.44,0,0,0,0,4.20,4.10,4.17,0.00,VMS 1,,Tanque,,1.80,1.86,1.68,1.98,2.16,3.37,4.14,3.88
28/06/2025 04:03 p. m.,Ordeño,04:33,7.62,3,,,,,0,,1.14,1.08,1.08,1.32,0,0,0,0,4.20,4.24,4.16,0.00,VMS 1,,Tanque,,1.50,1.44,1.44,1.74,1.24,1.90,2.26,2.22
29/06/2025 12:29 a. m.,Ordeño,05:55,12.49,1,,,,,0,,1.26,1.14,1.02,1.20,0,0,0,0,4.33,4.24,4.30,0.00,VMS 1,,Tanque,,1.62,1.56,1.38,1.56,1.88,3.16,3.80,3.65
29/06/2025 07:15 a. m.,Ordeño,05:25,11.48,2,,,,,0,,1.32,1.20,1.14,1.32,0,0,0,0,4.46,4.39,4.42,0.00,VMS 1,,Tanque,,1.98,1.74,1.56,1.80,1.72,2.96,3.40,3.40
29/06/2025 05:45 p. m.,Ordeño,06:31,16.23,3,,DI,,,0,,1.32,1.14,1.14,1.26,0,0,0,0,4.61,4.52,4.54,0.00,VMS 1,,Tanque,,1.92,1.44,1.50,1.56,2.56,4.12,4.81,4.74
30/06/2025 12:30 a. m.,Ordeño,06:09,11.25,1,,,,,0,,1.50,1.20,1.20,1.26,0,0,0,0,4.33,4.28,4.25,0.00,VMS 1,,Tanque,,1.98,1.50,1.62,1.74,1.83,2.75,3.28,3.39
30/06/2025 06:09 a. m.,Ordeño,04:35,9.33,2,,,,,0,,1.32,1.20,1.26,1.26,0,0,0,0,4.34,4.34,4.39,0.00,VMS 1,,Tanque,,1.74,1.56,1.62,1.62,1.46,2.41,2.86,2.60
30/06/2025 03:38 p. m.,Ordeño,05:34,13.82,3,,,,,0,,1.38,1.26,1.26,1.32,0,0,0,0,4.35,4.34,4.25,0.00,VMS 1,,Tanque,,1.68,1.62,1.56,1.68,2.16,3.48,4.12,4.06
01/07/2025 02:41 a. m.,Ordeño,06:21,15.70,1,,,,,0,,1.38,1.26,1.32,1.32,0,0,0,0,4.48,4.44,4.41,0.00,VMS 1,,Tanque,,1.86,1.62,1.74,1.80,2.43,3.62,5.06,4.59
01/07/2025 09:58 a. m.,Ordeño,05:42,12.12,2,,,,,0,,1.26,1.26,1.20,1.38,0,0,0,0,4.27,4.12,4.13,0.00,VMS 1,,Tanque,,1.68,1.62,1.62,1.74,1.98,3.12,3.48,3.54
01/07/2025 06:29 p. m.,Ordeño,05:30,10.91,3,,,,,0,,1.14,1.08,1.14,1.14,0,0,0,0,4.19,4.14,4.20,0.00,VMS 1,,Tanque,,1.50,1.38,1.56,1.50,1.69,2.69,3.32,3.21
02/07/2025 01:12 a. m.,Ordeño,05:22,8.14,1,,,DI,DI,0,,0.00,1.08,1.08,1.56,0,0,0,0,0.00,4.21,0.00,4.26,VMS 1,,Tanque,,0.00,1.50,1.44,2.10,0.00,2.30,2.81,3.03
02/07/2025 07:12 a. m.,Ordeño,04:23,9.32,2,,,,,0,,1.38,1.02,1.14,1.26,0,0,0,0,4.47,4.11,4.15,0.00,VMS 1,,Tanque,,1.80,1.38,1.62,1.62,2.64,1.99,2.34,2.35
02/07/2025 04:55 p. m.,Ordeño,05:31,11.71,3,,,,,0,,1.20,1.14,1.14,1.20,377,341,0,0,4.16,4.27,4.24,0.00,VMS 1,,Tanque,,1.56,1.44,1.62,1.74,1.79,2.88,3.60,3.44
03/07/2025 12:22 a. m.,Ordeño,04:46,10.21,1,,,,,0,,1.32,1.14,1.26,1.32,0,0,0,0,4.09,4.14,4.16,0.00,VMS 1,,Tanque,,1.80,1.56,1.68,1.74,1.50,2.59,3.20,2.92
03/07/2025 10:00 a. m.,Ordeño,06:16,13.56,2,,,,,0,,1.32,1.20,1.08,1.32,0,0,0,0,4.24,4.12,4.16,0.00,VMS 1,,Tanque,,1.92,1.68,1.50,1.74,2.06,3.46,4.04,4.00
03/07/2025 07:29 p. m.,Ordeño,05:16,11.48,3,,,,,0,,1.20,1.20,1.20,1.26,0,0,0,0,4.24,4.21,4.15,0.00,VMS 1,,Tanque,,1.62,1.50,1.56,1.68,1.69,2.80,3.56,3.43
04/07/2025 01:47 a. m.,Ordeño,04:33,9.24,1,,,,,0,,1.26,1.20,1.32,1.38,0,0,0,0,4.30,4.21,4.22,0.00,VMS 1,,Tanque,,1.62,1.62,1.68,1.80,1.42,2.31,2.88,2.63
04/07/2025 01:40 p. m.,Ordeño,06:35,15.78,2,,,,,0,,1.26,1.26,1.32,1.32,0,0,0,0,4.29,4.31,4.27,0.00,VMS 1,,Tanque,,1.62,1.62,1.74,1.68,2.48,3.91,4.71,4.68
04/07/2025 09:43 p. m.,Ordeño,05:01,10.65,3,,,,,0,,1.32,1.08,1.20,1.26,0,0,0,0,4.36,4.15,4.28,0.00,VMS 1,,Tanque,,1.80,1.50,1.56,1.68,1.58,2.71,3.19,3.17
05/07/2025 06:16 a. m.,Ordeño,06:47,13.31,1,,,,,0,,1.32,1.32,1.20,1.32,0,0,0,0,4.46,4.48,4.40,0.00,VMS 1,,Tanque,,1.68,1.62,1.68,1.68,2.01,3.29,4.13,3.88
05/07/2025 01:13 p. m.,Ordeño,04:41,9.21,2,,DI,,,0,,1.08,1.02,1.14,1.26,0,0,0,0,4.30,4.22,4.41,0.00,VMS 1,,Tanque,,1.74,1.56,1.56,1.74,1.49,2.30,2.73,2.69
05/07/2025 10:42 p. m.,Ordeño,06:25,14.19,3,,,,,0,,1.38,1.20,1.14,1.20,0,0,0,0,4.52,4.52,4.56,0.00,VMS 1,,Tanque,,1.80,2.16,1.68,1.56,2.14,3.65,4.34,4.06
06/07/2025 07:01 a. m.,Ordeño,05:55,13.07,1,,,,,0,,1.26,1.32,1.14,1.32,0,0,0,0,4.45,4.40,4.42,0.00,VMS 1,,Tanque,,1.62,1.68,1.50,1.80,2.00,3.19,4.00,3.88
06/07/2025 01:02 p. m.,Ordeño,04:31,8.72,2,,,,,0,,1.14,1.14,1.20,1.32,0,0,0,0,4.51,4.46,4.50,0.00,VMS 1,,Tanque,,1.50,1.50,1.74,1.74,1.35,2.06,2.76,2.55
06/07/2025 10:43 p. m.,Ordeño,06:36,15.37,3,,,,,0,,1.38,1.20,1.08,1.32,0,0,0,0,4.58,4.47,4.55,0.00,VMS 1,,Tanque,,1.74,1.56,1.62,1.80,2.48,3.91,4.46,4.52
07/07/2025 08:52 a. m.,Ordeño,05:52,15.29,1,,,,,0,,1.50,1.26,1.32,1.44,0,0,0,0,4.39,4.40,4.40,0.00,VMS 1,,Tanque,,1.86,1.62,1.68,2.04,2.28,3.95,4.42,4.64
07/07/2025 03:37 p. m.,Ordeño,04:25,9.59,2,,,,,0,,1.26,1.20,1.32,1.38,0,0,0,0,4.46,4.53,4.41,0.00,VMS 1,,Tanque,,1.74,1.50,1.68,1.92,1.41,2.47,2.86,2.85
07/07/2025 09:54 p. m.,Ordeño,04:25,8.71,3,,,,,0,,1.26,1.20,1.20,1.26,0,0,0,0,4.40,4.39,4.27,0.00,VMS 1,,Tanque,,1.68,1.56,1.68,1.56,1.37,2.15,2.65,2.54
08/07/2025 05:53 a. m.,Ordeño,05:26,12.53,1,,,,,0,,1.20,1.44,1.32,1.32,0,0,0,0,4.45,4.39,4.62,0.00,VMS 1,,Tanque,,1.62,1.86,1.68,1.86,1.90,3.10,3.81,3.72
08/07/2025 03:11 p. m.,Ordeño,05:46,14.51,2,,,,,0,,1.20,1.38,1.32,1.32,0,0,0,0,4.32,4.32,4.43,0.00,VMS 1,,Tanque,,1.56,1.74,1.86,1.68,2.20,3.57,4.47,4.27
08/07/2025 10:30 p. m.,Ordeño,05:39,10.87,3,,,,,0,,1.32,1.20,1.26,1.02,0,0,0,0,4.29,4.25,4.32,0.00,VMS 1,,Tanque,,1.62,1.62,1.62,1.62,1.68,2.67,3.33,3.19
09/07/2025 09:11 a. m.,Ordeño,08:42,15.13,1,,,,,0,,1.38,1.14,1.32,0.72,0,0,0,0,4.44,4.33,4.43,0.00,VMS 1,,Tanque,,1.68,1.50,1.80,1.44,2.37,3.90,4.65,4.21
09/07/2025 04:31 p. m.,Ordeño,06:58,10.54,2,,,,,0,,1.38,1.08,1.20,0.90,0,0,0,0,4.31,4.14,4.27,0.00,VMS 1,,Tanque,,1.74,1.44,1.62,1.68,1.54,2.58,3.09,3.33
10/07/2025 03:23 a. m.,Ordeño,12:54,17.51,1,,,,,0,,1.32,0.96,1.20,0.60,0,0,0,0,4.46,4.06,4.48,0.00,VMS 1,,Tanque,,2.16,1.50,1.62,1.38,2.50,4.95,5.37,4.69
10/07/2025 04:56 p. m.,Ordeño,07:23,21.56,2,,,,,0,,1.44,1.20,1.32,1.26,0,0,0,0,4.80,4.59,4.68,0.00,VMS 1,,Tanque,,2.10,1.56,1.68,1.62,3.37,5.50,6.57,6.12
10/07/2025 11:36 p. m.,Ordeño,05:03,9.95,3,,TD,,,0,,1.32,1.08,1.14,1.26,0,0,0,0,4.38,4.25,4.37,0.00,VMS 1,,Tanque,,1.62,1.38,1.56,1.62,1.62,2.63,3.22,2.48
11/07/2025 02:31 p. m.,Ordeño,07:37,23.23,1,,,,,0,,1.26,1.32,1.38,1.32,0,0,0,0,4.81,4.52,4.67,0.00,VMS 1,,Tanque,,1.68,1.74,1.74,1.74,3.75,6.05,7.05,6.38
12/07/2025 01:17 a. m.,Ordeño,06:21,17.29,1,,,,,0,,1.26,1.56,1.32,1.26,0,0,0,0,4.48,4.26,4.40,0.00,VMS 1,,Tanque,,1.68,1.98,1.74,1.74,2.95,4.42,5.32,4.60
12/07/2025 08:58 a. m.,Ordeño,06:25,13.12,2,,DI,,,0,DD,0.96,1.26,1.02,1.26,0,0,0,0,3.80,4.41,3.59,0.00,VMS 1,,Tanque,,1.50,1.74,1.50,1.74,2.24,3.24,4.21,3.43
12/07/2025 04:45 p. m.,Ordeño,05:48,12.80,3,,DI,,,0,,1.38,1.08,1.26,1.26,0,0,0,0,4.53,4.46,4.54,0.00,VMS 1,,Tanque,,1.74,1.50,1.62,1.74,2.12,3.41,3.87,3.40
13/07/2025 03:48 a. m.,Ordeño,06:35,18.86,1,,DI,,,0,,1.38,1.20,1.38,1.56,0,0,0,0,4.67,4.52,4.68,0.00,VMS 1,,Tanque,,1.92,1.98,1.74,2.04,2.86,4.67,5.59,5.74
13/07/2025 01:40 p. m.,Ordeño,06:06,16.37,2,,DI,,,0,,1.14,1.20,1.32,1.56,0,0,0,0,4.46,4.29,4.51,0.00,VMS 1,,Tanque,,1.74,1.56,1.98,2.10,2.64,3.89,4.70,5.14
13/07/2025 09:44 p. m.,Ordeño,05:08,12.34,3,,DD,,,0,,1.26,0.96,1.32,1.74,0,0,0,0,4.47,4.23,4.57,0.00,VMS 1,,Tanque,,1.56,1.38,1.74,2.28,1.81,2.74,3.67,4.12
14/07/2025 03:35 a. m.,Ordeño,04:38,10.08,1,,,,,0,,1.26,1.14,1.32,1.62,0,0,0,0,4.08,4.08,4.23,0.00,VMS 1,,Tanque,,1.98,1.50,1.62,2.16,1.59,2.34,2.82,3.33
14/07/2025 11:08 a. m.,Ordeño,05:40,12.13,2,,,,,0,,1.38,1.02,1.32,1.56,0,0,0,0,4.14,3.95,4.30,0.00,VMS 1,,Tanque,,1.80,1.44,1.80,2.10,1.76,2.85,3.57,3.95
14/07/2025 04:59 p. m.,Ordeño,04:59,8.99,3,,,,,0,,1.32,0.84,1.08,1.38,0,0,0,0,4.47,4.10,4.23,0.00,VMS 1,,Tanque,,1.80,1.20,1.50,1.92,1.33,2.12,2.67,2.87
14/07/2025 10:19 p. m.,Ordeño,05:05,8.83,4,,,,,0,,1.32,0.84,1.26,1.44,0,0,0,0,4.47,4.23,4.50,0.00,VMS 1,,Tanque,,1.68,1.26,1.80,1.86,1.27,2.11,2.59,2.86
15/07/2025 07:36 a. m.,Ordeño,06:25,16.67,1,,,,,0,,1.50,1.08,1.38,1.68,0,0,0,0,4.72,4.50,4.72,0.00,VMS 1,,Tanque,,1.86,1.44,1.80,2.28,2.27,3.96,4.83,5.61
15/07/2025 01:22 p. m.,Ordeño,04:40,9.26,2,,,,,0,,1.32,0.96,1.32,1.56,0,0,0,0,4.12,4.10,4.31,0.00,VMS 1,,Tanque,,1.74,1.32,1.68,1.98,1.41,2.16,2.77,2.92
15/07/2025 10:29 p. m.,Ordeño,05:53,13.80,3,,,,,0,,1.44,0.96,1.38,1.50,0,0,0,0,4.46,4.17,4.44,0.00,VMS 1,,Tanque,,1.80,1.44,1.80,1.86,2.01,3.29,4.18,4.32
16/07/2025 09:28 a. m.,Ordeño,06:07,16.91,1,,,,,0,,1.80,1.14,1.44,1.50,0,0,0,0,4.04,4.27,4.30,0.00,VMS 1,,Tanque,,2.22,1.56,1.98,1.98,2.40,4.22,4.85,5.44
16/07/2025 04:24 p. m.,Ordeño,04:44,10.52,2,,,,,0,,1.44,1.08,1.32,1.50,0,0,0,0,4.17,4.15,4.28,0.00,VMS 1,,Tanque,,2.10,1.50,1.80,1.98,1.64,2.58,3.03,3.27
17/07/2025 12:22 a. m.,Ordeño,04:47,11.55,1,,,,,0,,1.32,1.38,1.38,1.62,0,0,0,0,4.32,4.20,4.33,0.00,VMS 1,,Tanque,,1.74,1.92,2.16,1.98,1.66,2.83,3.52,3.54
17/07/2025 08:54 a. m.,Ordeño,05:08,12.69,2,,,,,0,,1.50,1.20,1.38,1.56,0,0,0,0,4.39,4.34,4.33,0.00,VMS 1,,Tanque,,1.86,1.56,1.74,1.98,1.92,3.12,3.81,3.84
17/07/2025 04:39 p. m.,Ordeño,05:12,10.55,3,,,,,0,,1.38,1.02,1.08,1.56,0,0,0,0,4.31,4.22,4.26,0.00,VMS 1,,Tanque,,1.80,1.44,1.56,2.04,1.55,2.59,3.17,3.24
18/07/2025 06:12 a. m.,Ordeño,06:09,18.15,1,,DI,,,0,,1.62,1.32,1.44,1.68,0,0,0,0,4.40,4.33,4.41,0.00,VMS 1,,Tanque,,2.28,1.74,1.92,2.04,2.56,4.51,5.43,5.65
18/07/2025 01:54 p. m.,Ordeño,04:30,9.92,2,,,,,0,,1.44,1.14,1.32,1.44,0,0,0,0,4.20,4.13,4.13,0.00,VMS 1,,Tanque,,2.04,1.50,1.86,1.92,1.47,2.42,2.98,3.05
18/07/2025 11:00 p. m.,Ordeño,08:56,8.22,3,,,TI,TI,0,,1.26,1.14,0.00,1.44,0,0,0,0,4.20,4.13,0.00,0.00,VMS 1,,Tanque,,2.10,1.68,0.00,2.04,1.74,2.93,0.00,3.55
19/07/2025 07:58 a. m.,Ordeño,07:33,8.78,1,,,TI,TI,0,,1.26,1.20,0.00,1.68,0,0,0,0,4.09,4.19,0.00,0.00,VMS 1,,Tanque,,2.04,1.62,0.00,2.16,1.95,3.00,0.00,3.83
19/07/2025 11:18 a. m.,Ordeño,07:34,8.40,2,,,,,0,TI,0.24,0.36,1.44,0.48,0,0,0,0,3.70,3.82,4.41,0.00,VMS 1,,Tanque,,0.54,0.78,2.34,1.14,0.54,0.93,5.64,1.29
19/07/2025 06:31 p. m.,Ordeño,04:27,9.22,3,,DI,,,0,,1.32,1.20,1.26,1.38,0,0,0,0,4.39,4.27,4.07,0.00,VMS 1,,Tanque,,1.98,1.62,1.80,1.80,1.58,2.36,2.35,2.93
20/07/2025 03:49 a. m.,Ordeño,05:22,11.88,1,,,,,0,,1.44,1.20,1.38,1.56,0,0,0,0,4.23,4.25,4.25,0.00,VMS 1,,Tanque,,1.92,1.62,1.86,2.04,1.87,2.99,3.07,3.95
20/07/2025 10:36 a. m.,Ordeño,04:47,8.04,2,,,,,0,,1.26,1.26,1.08,1.50,0,0,0,0,4.02,4.00,4.04,0.00,VMS 1,,Tanque,,1.74,1.74,1.74,2.16,1.32,1.97,2.26,2.49
20/07/2025 05:25 p. m.,Ordeño,04:57,7.59,3,,,,,0,,1.26,1.14,1.20,1.38,0,0,0,0,4.20,4.03,4.16,0.00,VMS 1,,Tanque,,1.80,1.44,1.74,1.92,1.21,1.90,2.01,2.47
21/07/2025 08:22 a. m.,Ordeño,07:26,18.01,1,,,,,0,,1.44,1.32,1.08,1.56,0,0,0,0,4.28,4.45,4.40,0.00,VMS 1,,Tanque,,1.86,1.86,1.50,1.98,2.82,4.14,5.53,5.52
21/07/2025 05:34 p. m.,Ordeño,04:48,11.68,2,,,,,0,,1.44,1.26,1.38,1.50,0,0,0,0,4.19,4.33,4.28,0.00,VMS 1,,Tanque,,2.04,1.62,1.80,1.86,1.82,2.95,3.49,3.42
22/07/2025 10:00 a. m.,Ordeño,07:29,20.42,1,,DI,,,0,,1.38,1.38,1.26,1.50,0,0,0,0,4.23,4.27,4.37,0.00,VMS 1,,Tanque,,1.74,1.86,1.68,1.92,3.14,5.07,6.16,6.05
22/07/2025 05:57 p. m.,Ordeño,04:40,10.73,2,,,,,0,,1.26,1.38,1.38,1.20,0,0,0,0,4.20,4.28,4.38,0.00,VMS 1,,Tanque,,1.86,1.98,1.92,1.74,1.69,2.70,3.23,3.11
23/07/2025 07:59 a. m.,Ordeño,06:33,20.05,1,,,,,0,,1.38,1.44,1.44,1.44,0,0,0,0,4.64,4.63,4.67,0.00,VMS 1,,Tanque,,1.92,2.28,1.92,1.74,3.34,4.66,6.36,5.69
23/07/2025 04:54 p. m.,Ordeño,05:52,13.78,2,,,,,0,,1.56,1.20,1.38,1.56,0,0,0,0,4.64,4.55,4.62,0.00,VMS 1,,Tanque,,1.86,1.80,1.86,1.98,2.07,3.44,4.35,3.92
24/07/2025 08:45 a. m.,Ordeño,07:28,22.10,1,,,,,0,,1.50,1.44,1.38,1.38,0,0,0,0,4.59,4.82,4.79,0.00,VMS 1,,Tanque,,1.80,1.86,1.74,1.68,3.31,5.99,7.24,5.56
24/07/2025 03:20 p. m.,Ordeño,05:06,10.04,2,,,,,0,,1.26,1.02,1.20,1.38,0,0,0,0,4.48,4.27,4.38,0.00,VMS 1,,Tanque,,1.68,1.44,1.62,1.80,1.63,2.60,3.07,2.74
24/07/2025 10:00 p. m.,Ordeño,05:02,10.86,3,,DI,,,0,,1.26,1.14,1.14,1.32,0,0,0,0,4.41,4.41,4.58,0.00,VMS 1,,Tanque,,1.86,1.56,1.50,1.68,1.68,2.68,3.13,3.37
25/07/2025 01:15 p. m.,Ordeño,07:20,22.12,1,,,,,0,,1.62,1.20,1.38,1.50,0,0,0,0,4.69,4.54,4.64,0.00,VMS 1,,Tanque,,1.98,1.74,1.80,1.86,3.32,5.80,6.27,6.73
26/07/2025 12:27 a. m.,Ordeño,06:19,17.57,1,,,,,0,,1.50,1.32,1.38,1.38,0,0,0,0,4.30,4.32,4.37,0.00,VMS 1,,Tanque,,2.22,1.74,1.86,1.80,2.59,4.33,5.48,5.17
26/07/2025 11:00 a. m.,Ordeño,05:58,16.11,2,,,,,0,,1.50,1.32,1.32,1.38,0,0,0,0,4.29,4.33,4.31,0.00,VMS 1,,Tanque,,1.80,1.74,1.74,1.80,2.39,4.03,4.95,4.74
26/07/2025 06:18 p. m.,Ordeño,04:55,10.71,3,,,,,0,,1.32,1.14,1.20,1.38,0,0,0,0,4.40,4.33,4.40,0.00,VMS 1,,Tanque,,1.74,1.50,1.68,1.80,1.65,2.64,3.30,3.12
27/07/2025 08:05 a. m.,Ordeño,07:02,21.34,1,,,,,0,,1.50,1.32,1.38,1.56,0,0,0,0,4.58,4.67,4.68,0.00,VMS 1,,Tanque,,2.16,1.86,1.74,1.98,3.46,5.50,6.54,5.84
27/07/2025 06:15 p. m.,Ordeño,05:59,15.76,2,,DI,,,0,,1.44,1.26,1.32,1.44,0,0,0,0,4.38,4.37,4.44,0.00,VMS 1,,Tanque,,2.22,1.74,1.80,1.86,2.47,3.83,4.83,4.63
28/07/2025 09:34 a. m.,Ordeño,07:37,21.92,1,,,,,0,,1.32,1.44,1.38,1.56,0,0,0,0,4.46,4.44,4.50,0.00,VMS 1,,Tanque,,1.80,1.92,1.92,1.98,3.58,4.83,6.98,6.53
28/07/2025 06:44 p. m.,Ordeño,05:20,13.46,2,,,,,0,,1.38,1.20,1.38,1.50,0,0,0,0,4.32,4.40,4.41,0.00,VMS 1,,Tanque,,1.80,1.62,1.92,1.98,1.99,3.51,4.01,3.95
29/07/2025 01:26 a. m.,Ordeño,05:06,10.64,1,,,,,0,,1.32,1.26,1.38,1.44,0,0,0,0,4.46,4.40,4.47,0.00,VMS 1,,Tanque,,1.80,1.56,1.92,1.98,1.57,2.60,3.31,3.16
29/07/2025 08:38 a. m.,Ordeño,05:46,11.37,2,,,,,0,,1.02,1.08,1.14,1.38,0,0,0,0,4.33,4.27,4.40,0.00,VMS 1,,Tanque,,1.38,1.50,1.44,2.22,1.70,2.89,3.35,3.43
29/07/2025 04:03 p. m.,Ordeño,04:44,10.41,3,,,,,0,,1.20,1.14,1.26,1.44,0,0,0,0,4.46,4.48,4.66,0.00,VMS 1,,Tanque,,1.98,1.50,1.74,1.80,1.71,2.56,3.04,3.10
29/07/2025 10:40 p. m.,Ordeño,04:55,9.19,4,,,,,0,,1.08,1.14,1.20,1.44,0,0,0,0,4.39,4.32,4.42,0.00,VMS 1,,Tanque,,1.62,1.44,1.74,1.86,1.36,2.26,2.79,2.78
30/07/2025 06:06 a. m.,Ordeño,05:24,12.57,1,,,,,0,,1.14,1.08,1.26,1.44,0,0,0,0,4.62,4.58,4.67,0.00,VMS 1,,Tanque,,1.50,1.50,1.68,1.86,1.89,3.03,3.87,3.78
30/07/2025 03:29 p. m.,Ordeño,06:02,15.50,2,,,,,0,,1.38,1.08,1.26,1.44,0,0,0,0,4.62,4.44,4.54,0.00,VMS 1,,Tanque,,1.80,1.50,1.68,1.86,2.32,3.81,4.80,4.57
30/07/2025 09:51 p. m.,Ordeño,05:14,10.23,3,,,,,0,,1.26,1.14,1.26,1.26,0,0,0,0,4.33,4.26,4.41,0.00,VMS 1,,Tanque,,1.92,1.56,1.62,1.56,1.67,2.49,3.09,2.98
31/07/2025 07:20 a. m.,Ordeño,06:01,15.41,1,,,,,0,,1.56,1.14,1.32,1.50,0,0,0,0,4.45,4.25,4.43,0.00,VMS 1,,Tanque,,2.04,1.62,1.74,1.98,2.19,3.92,4.74,4.56
31/07/2025 01:24 p. m.,Ordeño,04:44,9.21,2,,DI,,,0,,1.26,1.02,1.20,1.38,0,0,0,0,4.18,4.32,4.23,0.00,VMS 1,,Tanque,,1.80,1.44,1.56,1.80,1.51,2.22,2.77,2.71
31/07/2025 09:55 p. m.,Ordeño,05:50,13.89,3,,,,,0,,1.44,1.14,1.32,1.38,0,0,0,0,4.39,4.27,4.40,0.00,VMS 1,,Tanque,,1.86,1.62,1.68,1.80,1.90,3.47,4.21,4.31
01/08/2025 05:50 a. m.,Ordeño,05:25,12.43,1,,,,,0,,1.32,1.20,1.26,1.44,0,0,0,0,4.79,4.54,4.74,0.00,VMS 1,,Tanque,,1.62,1.62,1.68,1.92,1.82,3.05,3.73,3.83
01/08/2025 01:22 p. m.,Ordeño,05:41,13.20,2,,,,,0,,1.20,1.20,1.20,1.32,0,0,0,0,4.42,4.22,4.42,0.00,VMS 1,,Tanque,,1.80,1.68,1.74,1.74,1.99,3.21,4.05,3.95
01/08/2025 08:59 p. m.,Ordeño,05:25,10.55,3,,,,,0,,1.08,0.96,1.14,1.20,0,0,0,0,4.64,4.54,4.68,0.00,VMS 1,,Tanque,,1.50,1.32,1.44,1.74,1.34,2.72,3.24,3.25
02/08/2025 02:58 a. m.,Ordeño,05:07,12.02,1,,,,,0,,1.44,1.20,1.32,1.56,0,0,0,0,4.60,4.47,4.67,0.00,VMS 1,,Tanque,,1.80,1.68,1.80,1.92,1.85,2.85,3.70,3.62
02/08/2025 08:17 a. m.,Ordeño,05:08,9.01,2,,,,,0,,1.26,1.26,1.26,1.50,0,0,0,0,4.18,4.14,4.28,0.00,VMS 1,,Tanque,,1.62,2.04,1.62,2.04,1.32,2.26,2.67,2.76
02/08/2025 03:33 p. m.,Ordeño,04:50,10.55,3,,,,,0,,1.26,1.08,1.26,1.38,0,0,0,0,4.44,4.43,4.46,0.00,VMS 1,,Tanque,,1.68,1.62,1.56,2.16,1.52,2.61,3.22,3.20
02/08/2025 11:46 p. m.,Ordeño,05:34,12.92,4,,,,,0,,1.38,1.14,1.20,1.20,0,0,0,0,4.61,4.49,4.64,0.00,VMS 1,,Tanque,,1.74,1.50,1.62,1.68,1.92,3.19,3.95,3.86
03/08/2025 05:36 a. m.,Ordeño,04:54,10.61,1,,,,,0,,1.32,1.26,1.20,1.32,0,0,0,0,4.59,4.55,4.59,0.00,VMS 1,,Tanque,,1.68,1.74,1.56,1.68,1.61,2.66,3.20,3.14
03/08/2025 04:05 p. m.,Ordeño,06:35,17.38,2,,,,,0,,1.26,1.20,1.26,1.38,0,0,0,0,4.74,4.61,4.66,0.00,VMS 1,,Tanque,,1.56,1.62,1.80,1.74,2.59,4.36,5.37,5.06
04/08/2025 12:00 a. m.,Ordeño,05:30,13.02,1,,,,,0,,1.32,1.14,1.32,1.26,0,0,0,0,4.33,4.13,4.27,0.00,VMS 1,,Tanque,,1.74,1.74,1.68,1.80,1.92,3.20,3.96,3.94
04/08/2025 05:54 a. m.,Ordeño,07:29,7.77,2,,,,,0,,0.84,1.08,1.20,1.38,0,0,0,0,4.13,4.01,4.12,0.00,VMS 1,,Tanque,,1.50,1.62,1.56,1.92,1.13,1.90,2.38,2.36
04/08/2025 01:57 p. m.,Ordeño,05:16,11.68,3,,,,,0,,1.08,1.14,1.32,1.32,0,0,0,0,4.35,4.19,4.19,0.00,VMS 1,,Tanque,,1.50,1.50,1.86,1.80,1.81,2.73,3.61,3.53
04/08/2025 11:23 p. m.,Ordeño,05:41,13.42,4,,,,,0,,1.32,1.14,1.26,1.32,0,0,0,0,4.08,4.00,3.98,0.00,VMS 1,,Tanque,,1.74,1.56,1.62,1.74,1.92,3.27,4.17,4.06
05/08/2025 06:31 a. m.,Ordeño,04:48,9.85,1,,,,,0,,1.26,1.14,1.26,1.38,0,0,0,0,4.13,4.01,4.12,0.00,VMS 1,,Tanque,,1.62,1.62,1.62,1.80,1.52,2.48,2.98,2.87
05/08/2025 04:40 p. m.,Ordeño,05:17,12.76,2,,,,,0,,1.14,1.26,1.26,1.44,0,0,0,0,4.18,4.13,4.16,0.00,VMS 1,,Tanque,,1.62,1.74,1.68,1.80,1.90,3.14,3.84,3.88
05/08/2025 10:37 p. m.,Ordeño,05:32,7.24,3,,,,,0,,1.08,1.14,1.14,1.26,0,0,0,0,3.94,3.79,3.86,0.00,VMS 1,,Tanque,,1.56,1.50,1.50,1.74,1.12,1.73,2.23,2.16
06/08/2025 07:54 a. m.,Ordeño,05:17,10.38,1,,,,,0,,1.14,1.32,1.20,1.38,0,0,0,0,4.06,3.97,4.03,0.00,VMS 1,,Tanque,,1.56,1.74,1.56,1.98,1.52,2.45,3.21,3.20
06/08/2025 02:30 p. m.,Ordeño,04:48,6.93,2,,,,,0,,1.02,1.20,1.26,1.26,0,0,0,0,3.98,3.90,3.98,0.00,VMS 1,,Tanque,,1.44,1.62,1.74,1.68,1.02,1.72,2.09,2.10
06/08/2025 10:15 p. m.,Ordeño,05:22,7.70,3,,,,,0,,1.02,1.26,1.20,1.38,0,0,0,0,3.92,3.84,3.97,0.00,VMS 1,,Tanque,,1.38,1.86,1.56,1.68,1.17,1.88,2.33,2.32
07/08/2025 08:35 a. m.,Ordeño,05:16,10.78,1,,,,,0,,1.26,1.26,1.32,1.38,0,0,0,0,3.94,3.90,3.89,0.00,VMS 1,,Tanque,,1.68,1.62,1.74,1.74,1.64,2.56,3.34,3.24
07/08/2025 04:59 p. m.,Ordeño,04:39,8.35,2,,,,,0,,1.20,1.26,1.32,1.50,0,0,0,0,3.93,3.89,4.04,0.00,VMS 1,,Tanque,,1.68,1.74,1.74,1.92,1.21,1.94,2.51,2.69
07/08/2025 11:45 p. m.,Ordeño,04:04,7.55,3,,,,,0,,1.20,1.20,1.32,1.38,0,0,0,0,4.13,4.12,4.08,0.00,VMS 1,,Tanque,,1.74,1.62,1.74,1.80,1.10,1.82,2.39,2.24
08/08/2025 07:48 a. m.,Ordeño,06:27,9.73,1,,,,,0,,1.20,1.38,1.26,1.50,0,0,0,0,4.13,4.18,4.22,0.00,VMS 1,,Tanque,,1.98,1.86,1.68,1.92,1.47,2.45,2.97,2.84
08/08/2025 02:20 p. m.,Ordeño,03:54,7.42,2,,,,,0,,1.14,1.26,1.38,1.44,0,0,0,0,4.21,4.11,4.15,0.00,VMS 1,,Tanque,,1.62,1.68,1.74,1.86,1.07,1.72,2.36,2.27
08/08/2025 09:24 p. m.,Ordeño,04:29,8.28,3,,,,,0,,1.20,1.20,1.38,1.38,0,0,0,0,4.11,4.14,4.15,0.00,VMS 1,,Tanque,,1.68,1.62,1.86,1.92,1.17,2.04,2.58,2.49
09/08/2025 07:07 a. m.,Ordeño,04:56,12.81,1,,,,,0,,1.38,1.32,1.44,1.44,0,0,0,0,4.34,4.40,4.39,0.00,VMS 1,,Tanque,,1.86,1.74,1.92,1.74,1.79,3.19,3.97,3.86
09/08/2025 03:57 p. m.,Ordeño,04:32,9.89,2,,,,,0,,1.20,1.44,1.38,1.50,0,0,0,0,4.33,4.25,4.28,0.00,VMS 1,,Tanque,,1.62,1.80,1.80,1.86,1.46,2.29,3.06,3.08
10/08/2025 12:07 a. m.,Ordeño,04:43,8.07,1,,,,,0,,1.14,1.14,1.32,1.26,0,0,0,0,4.25,4.25,4.29,0.00,VMS 1,,Tanque,,1.62,1.68,1.62,1.62,1.20,1.94,2.52,2.41
10/08/2025 07:51 a. m.,Ordeño,05:05,10.84,2,,,,,0,,1.20,1.26,1.38,1.38,0,0,0,0,4.26,4.24,4.36,0.00,VMS 1,,Tanque,,1.62,1.80,1.80,1.92,1.50,2.69,3.35,3.30
10/08/2025 05:29 p. m.,Ordeño,04:49,10.81,3,,,,,0,,1.26,1.08,1.26,1.26,0,0,0,0,4.32,4.22,4.39,0.00,VMS 1,,Tanque,,1.74,1.56,1.62,1.56,1.63,2.64,3.25,3.29
11/08/2025 07:00 a. m.,Ordeño,06:14,17.60,1,,,,,0,,1.26,1.44,1.38,1.44,0,0,0,0,4.43,4.40,4.51,0.00,VMS 1,,Tanque,,2.16,1.92,1.80,1.86,2.68,4.49,5.33,5.10
11/08/2025 06:13 p. m.,Ordeño,05:35,15.16,2,,DI,,,0,,1.32,1.32,1.44,1.26,0,0,0,0,4.37,4.37,4.39,0.00,VMS 1,,Tanque,,2.04,1.74,1.92,1.62,2.29,3.71,4.68,4.48
12/08/2025 01:44 a. m.,Ordeño,05:03,8.77,1,,,,,0,,1.26,1.38,1.26,1.26,0,0,0,0,4.42,4.34,4.45,0.00,VMS 1,,Tanque,,1.68,1.74,1.68,1.62,1.33,2.13,2.72,2.59
12/08/2025 11:39 a. m.,Ordeño,05:14,13.60,2,,,,,0,,1.32,1.32,1.44,1.38,0,0,0,0,4.28,4.27,4.44,0.00,VMS 1,,Tanque,,1.74,1.62,1.92,1.80,2.02,3.34,4.07,4.17
12/08/2025 11:55 p. m.,Ordeño,06:23,16.33,1,,,,,0,,1.38,1.38,1.20,1.38,0,0,0,0,4.21,4.29,4.23,0.00,VMS 1,,Tanque,,1.80,1.80,1.56,2.04,2.33,3.91,4.86,5.23
13/08/2025 06:21 a. m.,Ordeño,04:16,7.12,2,,,,,0,,1.08,1.08,1.20,1.26,0,0,0,0,4.15,4.29,4.29,0.00,VMS 1,,Tanque,,1.56,1.68,1.62,1.74,1.13,1.81,2.10,2.08
13/08/2025 04:11 p. m.,Ordeño,05:41,14.56,3,,,,,0,,1.20,1.32,1.32,1.32,0,0,0,0,4.53,4.54,4.66,0.00,VMS 1,,Tanque,,1.68,1.74,1.74,1.74,2.11,3.64,4.42,4.39
13/08/2025 11:42 p. m.,Ordeño,04:35,10.99,4,,,,,0,,1.32,1.38,1.38,1.44,0,0,0,0,4.53,4.67,4.73,0.00,VMS 1,,Tanque,,1.68,1.80,1.74,1.80,1.68,2.74,3.26,3.31
14/08/2025 09:22 a. m.,Ordeño,07:07,16.05,1,,DI,,,0,,1.44,1.14,1.44,1.56,0,0,0,0,4.53,4.55,4.65,0.00,VMS 1,,Tanque,,2.10,1.62,1.86,2.10,2.44,3.98,4.79,4.84
14/08/2025 06:19 p. m.,Ordeño,05:13,12.81,2,,,,,0,,1.32,1.26,1.32,1.56,0,0,0,0,4.60,4.57,4.71,0.00,VMS 1,,Tanque,,1.68,1.86,1.68,1.80,1.86,3.34,3.81,3.80
15/08/2025 02:26 a. m.,Ordeño,05:04,12.60,1,,,,,0,,1.50,1.32,1.38,1.56,0,0,0,0,4.59,4.64,4.71,0.00,VMS 1,,Tanque,,1.86,1.68,1.74,1.98,1.92,3.03,3.89,3.76
15/08/2025 10:23 a. m.,Ordeño,05:12,11.94,2,,,,,0,,1.26,1.38,1.32,1.38,0,0,0,0,4.42,4.48,4.57,0.00,VMS 1,,Tanque,,1.62,1.86,1.62,1.74,1.72,3.22,3.50,3.50
15/08/2025 06:35 p. m.,Ordeño,05:12,12.13,3,,,,,0,,1.26,1.26,1.32,1.32,0,0,0,0,4.52,4.41,4.67,0.00,VMS 1,,Tanque,,1.68,1.62,1.80,1.68,1.65,3.07,3.76,3.65
16/08/2025 01:36 a. m.,Ordeño,05:12,10.77,1,,,,,0,,1.38,1.26,1.38,1.50,0,0,0,0,4.69,4.56,4.75,0.00,VMS 1,,Tanque,,1.80,1.68,1.68,1.98,1.53,2.79,3.28,3.17
16/08/2025 10:14 a. m.,Ordeño,05:21,13.18,2,,,,,0,,1.32,1.20,1.32,1.50,0,0,0,0,4.28,4.43,4.55,0.00,VMS 1,,Tanque,,1.74,1.62,1.68,1.92,1.89,3.35,3.96,3.98
16/08/2025 06:48 p. m.,Ordeño,04:44,11.40,3,,DI,,,0,,1.32,1.26,1.38,1.44,0,0,0,0,4.26,4.30,4.44,0.00,VMS 1,,Tanque,,2.22,1.56,1.74,1.92,1.75,2.74,3.45,3.46
17/08/2025 08:01 a. m.,Ordeño,06:27,18.43,1,,,,,0,,0.90,1.38,1.44,1.50,0,0,0,0,2.48,4.34,4.40,0.00,VMS 1,,Tanque,,1.44,1.80,2.28,1.86,2.73,4.35,5.62,5.73
17/08/2025 06:28 p. m.,Ordeño,06:15,14.23,2,,DI,,,0,,0.96,1.14,1.26,1.38,0,0,0,0,2.14,3.99,4.24,0.00,VMS 1,,Tanque,,1.80,1.50,1.68,1.86,2.29,3.38,4.26,4.30
18/08/2025 01:12 a. m.,Ordeño,06:25,10.78,1,,DI,,,0,,0.90,1.32,1.26,1.38,0,0,0,0,1.94,4.05,4.05,0.00,VMS 1,,Tanque,,1.50,1.74,1.80,1.86,1.99,2.38,3.28,3.13
18/08/2025 10:39 a. m.,Ordeño,06:35,14.67,2,,,,,0,,1.32,1.44,1.38,1.44,0,0,0,0,4.57,4.14,4.15,0.00,VMS 1,,Tanque,,1.74,1.92,1.80,1.86,2.14,3.60,4.57,4.36
18/08/2025 05:26 p. m.,Ordeño,04:37,9.23,3,,,,,0,,1.20,1.32,1.32,1.32,0,0,0,0,4.29,4.23,4.22,0.00,VMS 1,,Tanque,,1.56,1.68,1.80,1.68,1.36,2.23,2.88,2.76
19/08/2025 05:58 a. m.,Ordeño,06:28,17.03,1,,,,,0,,1.38,1.20,1.32,1.50,0,0,0,0,4.62,4.39,4.45,0.00,VMS 1,,Tanque,,1.68,1.80,1.62,2.04,2.64,3.62,5.59,5.18
19/08/2025 04:43 p. m.,Ordeño,06:35,19.69,2,,,,,0,,1.26,2.76,1.26,1.32,0,0,0,0,4.35,4.43,4.35,0.00,VMS 1,,Tanque,,1.74,4.98,1.74,1.68,2.31,7.30,5.13,4.95
19/08/2025 11:18 p. m.,Ordeño,05:18,11.00,3,,,,,0,,1.32,1.20,1.20,1.44,0,0,0,0,4.21,4.00,4.25,0.00,VMS 1,,Tanque,,1.68,2.10,1.56,1.80,1.67,2.70,3.39,3.24
20/08/2025 09:51 a. m.,Ordeño,07:06,16.47,1,,DI,,,0,,1.32,1.08,1.14,1.38,0,0,0,0,4.40,4.34,4.47,0.00,VMS 1,,Tanque,,2.04,1.86,1.50,1.80,2.61,3.43,5.32,5.11
20/08/2025 04:41 p. m.,Ordeño,05:45,12.25,2,,,,,0,,1.20,1.98,1.32,1.32,0,0,0,0,4.33,4.50,4.37,0.00,VMS 1,,Tanque,,1.62,3.72,1.74,1.80,1.70,3.80,3.43,3.32
21/08/2025 12:39 a. m.,Ordeño,05:10,13.12,1,,,,,0,,1.26,2.22,1.20,1.26,0,0,0,0,4.31,4.53,4.42,0.00,VMS 1,,Tanque,,1.62,4.02,1.50,1.62,1.69,4.53,3.39,3.51
21/08/2025 11:10 a. m.,Ordeño,06:10,17.31,2,,,,,0,,1.26,1.38,1.38,1.50,0,0,0,0,4.44,4.54,4.49,0.00,VMS 1,,Tanque,,1.62,1.86,1.92,1.92,2.39,4.45,5.36,5.11
21/08/2025 09:12 p. m.,Ordeño,07:36,13.67,3,,,,,0,,1.26,1.02,1.20,1.44,0,0,0,0,4.58,4.52,4.36,0.00,VMS 1,,Tanque,,1.56,1.56,1.62,1.86,2.21,4.15,3.02,4.29
22/08/2025 09:40 a. m.,Ordeño,06:14,19.29,1,,DI,,,0,,1.44,1.38,1.50,1.62,0,0,0,0,4.46,4.44,4.56,0.00,VMS 1,,Tanque,,2.16,2.04,1.80,2.04,2.74,5.10,5.95,5.50
22/08/2025 05:36 p. m.,Ordeño,04:58,10.36,2,,,,,0,,1.38,1.38,1.38,1.44,0,0,0,0,4.06,4.20,4.01,0.00,VMS 1,,Tanque,,1.86,2.10,1.86,1.98,1.55,2.64,2.79,3.38
23/08/2025 03:46 a. m.,Ordeño,05:35,14.50,1,,,,,0,,1.44,1.50,1.32,1.68,0,0,0,0,4.36,4.32,4.38,0.00,VMS 1,,Tanque,,1.80,2.04,1.74,2.28,2.07,3.57,4.20,4.66
23/08/2025 01:14 p. m.,Ordeño,05:10,14.63,2,,,,,0,,1.44,1.44,1.44,1.80,0,0,0,0,4.57,4.38,4.38,0.00,VMS 1,,Tanque,,1.80,2.10,1.80,2.28,2.18,3.58,4.25,4.62
23/08/2025 07:45 p. m.,Ordeño,04:18,9.05,3,,,,,0,,1.26,1.32,1.32,1.50,0,0,0,0,4.29,4.24,4.19,0.00,VMS 1,,Tanque,,1.74,1.92,1.68,1.98,1.30,2.39,2.56,2.80
24/08/2025 05:32 a. m.,Ordeño,05:57,14.85,1,,,,,0,,1.44,1.44,1.26,1.50,0,0,0,0,4.38,4.16,4.18,0.00,VMS 1,,Tanque,,1.80,1.86,1.62,1.92,2.21,3.60,4.33,4.71
24/08/2025 11:05 a. m.,Ordeño,05:25,6.44,2,,,,,0,,0.66,0.96,1.02,1.14,0,0,0,0,4.18,4.10,4.25,0.00,VMS 1,,Tanque,,1.26,1.44,1.44,1.74,0.92,1.53,1.96,2.03
24/08/2025 05:52 p. m.,Ordeño,08:36,7.62,3,,,TD,TD,0,,1.32,1.38,1.32,0.00,0,0,0,0,4.18,4.07,4.21,0.00,VMS 1,,Tanque,,1.74,1.98,1.62,0.00,1.63,2.81,3.18,0.00
24/08/2025 11:54 p. m.,Ordeño,05:56,12.23,1,,,,,0,,1.26,1.20,1.32,1.56,0,0,0,0,4.10,4.06,4.11,0.00,VMS 1,,Tanque,,1.74,1.86,1.80,1.98,1.34,2.36,2.62,5.91
25/08/2025 09:46 a. m.,Ordeño,05:32,14.37,1,,,,,0,,1.50,1.26,1.38,1.62,0,0,0,0,4.35,4.01,4.16,0.00,VMS 1,,Tanque,,1.86,1.98,1.74,2.04,2.10,3.75,4.33,4.19
25/08/2025 05:44 p. m.,Ordeño,04:50,11.36,2,,,,,0,,1.38,1.38,1.26,1.38,0,0,0,0,4.10,4.15,4.15,0.00,VMS 1,,Tanque,,1.74,1.80,1.62,1.74,1.70,2.98,3.37,3.31
26/08/2025 02:20 a. m.,Ordeño,05:15,11.78,1,,,,,0,,1.26,1.26,1.26,1.38,0,0,0,0,4.15,4.07,4.18,0.00,VMS 1,,Tanque,,1.56,1.74,1.68,1.74,1.68,2.99,3.62,3.49
26/08/2025 01:09 p. m.,Ordeño,07:55,12.12,2,,"DI,TD",TD,,0,,1.20,1.20,1.26,0.36,0,0,0,0,3.90,3.93,4.10,0.00,VMS 1,,Tanque,,1.98,1.80,1.62,0.72,2.45,4.07,4.70,0.90
26/08/2025 07:52 p. m.,Ordeño,04:43,7.00,3,,TD,TD,TD,0,,1.26,1.32,1.26,0.30,0,0,0,0,4.22,4.01,4.10,0.00,VMS 1,,Tanque,,1.62,1.98,1.68,0.60,1.43,2.65,2.73,0.19
27/08/2025 12:32 a. m.,Ordeño,06:38,9.68,1,,,,TD,0,,1.14,1.56,1.20,0.00,0,0,0,0,4.05,3.96,4.18,0.00,VMS 1,,Tanque,,1.98,2.10,1.62,0.00,1.02,6.59,2.07,0.00
27/08/2025 10:01 a. m.,Ordeño,07:42,15.60,2,,,,,0,,1.38,1.14,1.38,1.44,0,0,0,0,4.20,4.08,4.25,0.00,VMS 1,,Tanque,,1.80,1.86,1.92,1.80,1.99,5.22,4.45,3.94
27/08/2025 06:35 p. m.,Ordeño,06:15,11.76,3,,,,,0,,1.32,1.20,1.26,1.32,0,0,0,0,4.18,3.81,4.07,0.00,VMS 1,,Tanque,,1.80,1.98,1.68,1.68,1.83,3.26,3.61,3.06
28/08/2025 09:52 a. m.,Ordeño,07:06,20.80,1,,,,,0,,1.38,1.32,1.38,1.62,0,0,0,0,4.38,4.11,4.31,0.00,VMS 1,,Tanque,,1.80,2.04,1.68,2.04,3.16,5.04,6.52,6.08
28/08/2025 06:53 p. m.,Ordeño,05:51,12.65,2,,DI,,,0,,1.50,1.14,1.26,1.32,0,0,0,0,4.04,3.98,4.05,0.00,VMS 1,,Tanque,,2.22,1.80,1.68,1.86,1.88,3.26,3.99,3.52
29/08/2025 06:29 a. m.,Ordeño,06:34,16.57,1,,,,,0,,1.44,1.38,1.20,1.62,0,0,0,0,4.25,4.10,4.18,0.00,VMS 1,,Tanque,,1.74,1.80,1.56,1.98,2.28,4.25,5.07,4.97
29/08/2025 05:30 p. m.,Ordeño,06:27,16.63,2,,,,,0,,1.26,1.26,1.32,1.32,0,0,0,0,4.37,4.21,4.28,0.00,VMS 1,,Tanque,,1.62,1.86,1.74,1.68,2.52,4.04,5.14,4.93
30/08/2025 12:59 a. m.,Ordeño,05:02,11.57,1,,DI,,,0,,1.38,1.32,1.26,1.50,0,0,0,0,4.09,4.16,4.15,0.00,VMS 1,,Tanque,,2.10,1.80,1.62,1.86,1.77,2.95,3.52,3.33
30/08/2025 11:29 a. m.,Ordeño,06:17,16.31,2,,DI,,,0,,1.38,1.32,1.32,1.50,0,0,0,0,4.30,4.28,4.42,0.00,VMS 1,,Tanque,,1.98,1.74,1.68,1.86,2.41,4.01,5.05,4.84
30/08/2025 05:30 p. m.,Ordeño,04:22,9.38,3,,,,,0,,1.32,1.26,1.38,1.56,0,0,0,0,4.38,4.22,4.40,0.00,VMS 1,,Tanque,,1.86,1.68,1.74,1.98,1.43,2.35,2.95,2.65
31/08/2025 05:59 a. m.,Ordeño,06:19,18.26,1,,DI,,,0,,1.50,1.32,1.38,1.44,0,0,0,0,4.24,4.21,4.35,0.00,VMS 1,,Tanque,,1.98,1.80,1.86,1.80,2.50,4.66,5.56,5.54
31/08/2025 01:13 p. m.,Ordeño,05:52,8.58,2,,,,,0,,1.20,0.66,1.38,1.38,0,0,0,0,3.90,2.48,3.93,0.00,VMS 1,,Tanque,,1.68,0.96,1.74,1.92,1.25,2.28,2.59,2.46
31/08/2025 07:11 p. m.,Ordeño,05:01,7.59,3,,,,,0,,1.20,1.08,1.26,1.38,0,0,0,0,4.11,3.88,4.08,0.00,VMS 1,,Tanque,,1.68,1.68,1.62,1.92,1.12,1.88,2.23,2.36
01/09/2025 07:05 a. m.,Ordeño,06:23,17.13,1,,,,,0,,1.44,1.20,1.44,1.62,0,0,0,0,4.35,4.17,4.41,0.00,VMS 1,,Tanque,,1.92,1.62,1.98,2.04,2.52,4.22,5.24,5.15
01/09/2025 04:22 p. m.,Ordeño,05:46,11.85,2,,DI,,,0,,1.26,1.38,1.14,1.38,0,0,0,0,4.08,4.01,4.17,0.00,VMS 1,,Tanque,,2.10,1.92,1.68,1.74,1.85,2.95,3.71,3.34
02/09/2025 02:53 a. m.,Ordeño,05:53,15.36,1,,,,,0,,1.44,1.38,1.38,1.50,0,0,0,0,4.08,4.03,4.21,0.00,VMS 1,,Tanque,,1.86,2.10,1.68,1.98,2.15,3.96,4.66,4.59
02/09/2025 10:31 a. m.,Ordeño,04:52,10.95,2,,,,,0,,1.44,1.38,1.38,1.56,0,0,0,0,3.81,3.70,3.95,0.00,VMS 1,,Tanque,,2.04,1.74,1.80,2.04,1.77,2.73,3.24,3.21
02/09/2025 05:05 p. m.,Ordeño,04:21,8.07,3,,"DI,TD",,,0,,1.38,1.14,1.32,1.50,0,0,0,0,3.81,3.85,3.93,0.00,VMS 1,,Tanque,,2.16,1.86,1.68,1.92,1.24,2.11,2.29,2.43
03/09/2025 03:14 a. m.,Ordeño,05:23,13.72,1,,DI,,,0,,1.50,1.32,1.38,1.50,0,0,0,0,4.22,4.14,4.24,0.00,VMS 1,,Tanque,,1.98,1.80,1.74,1.80,1.92,3.56,4.19,4.05
03/09/2025 02:22 p. m.,Ordeño,05:32,16.54,2,,,,,0,,1.44,1.44,1.50,1.50,0,0,0,0,4.35,4.08,4.17,0.00,VMS 1,,Tanque,,1.74,2.04,1.86,1.92,2.30,4.36,4.92,4.96
04/09/2025 01:08 a. m.,Ordeño,05:36,15.11,1,,DI,,,0,,1.50,1.38,1.38,1.50,0,0,0,0,4.07,4.01,4.11,0.00,VMS 1,,Tanque,,2.10,1.86,1.74,1.86,2.16,3.95,4.55,4.45
04/09/2025 12:17 p. m.,Ordeño,06:08,16.26,2,,,,,0,,1.44,1.26,1.32,1.44,0,0,0,0,4.34,4.16,4.23,0.00,VMS 1,,Tanque,,1.80,1.92,1.74,1.86,2.24,4.32,4.88,4.82
04/09/2025 11:41 p. m.,Ordeño,06:08,17.32,3,,,,,0,,1.56,1.38,1.44,1.44,0,0,0,0,4.36,4.23,4.22,0.00,VMS 1,,Tanque,,2.34,1.98,1.86,1.86,2.60,4.53,5.06,5.13
05/09/2025 06:56 a. m.,Ordeño,05:03,11.55,1,,DI,,,0,,1.38,1.38,1.26,1.62,0,0,0,0,4.07,4.21,4.25,0.00,VMS 1,,Tanque,,1.92,1.92,1.92,2.22,1.73,2.88,3.44,3.50
05/09/2025 03:41 p. m.,Ordeño,05:11,13.04,2,,,,,0,,1.44,1.26,1.32,1.38,0,0,0,0,4.48,4.24,4.28,0.00,VMS 1,,Tanque,,1.80,1.74,1.68,1.86,1.99,3.31,3.87,3.87
05/09/2025 10:56 p. m.,Ordeño,05:04,10.40,3,,,,,0,,1.32,1.26,1.20,1.38,0,0,0,0,4.06,4.16,4.24,0.00,VMS 1,,Tanque,,1.86,1.62,1.92,1.74,1.50,2.79,3.11,3.00
06/09/2025 05:09 a. m.,Ordeño,04:53,8.74,1,,,,,0,,1.20,1.20,1.20,1.26,0,0,0,0,4.26,4.29,4.38,0.00,VMS 1,,Tanque,,1.62,1.62,1.62,1.68,1.33,2.11,2.72,2.58
06/09/2025 03:22 p. m.,Ordeño,05:35,15.25,2,,,,,0,,1.44,1.44,1.38,1.50,0,0,0,0,4.40,4.28,4.52,0.00,VMS 1,,Tanque,,1.74,2.16,1.74,1.74,2.17,3.83,4.59,4.66
06/09/2025 11:44 p. m.,Ordeño,05:22,12.55,3,,,,,0,,1.38,1.26,1.26,1.56,0,0,0,0,4.21,4.04,4.14,0.00,VMS 1,,Tanque,,1.98,1.74,1.62,1.98,1.83,3.12,3.90,3.70
07/09/2025 05:41 a. m.,Ordeño,04:28,9.18,1,,,,,0,,1.32,1.32,1.26,1.50,0,0,0,0,4.06,3.99,4.14,0.00,VMS 1,,Tanque,,1.86,1.80,1.62,1.98,1.36,2.34,2.82,2.66
07/09/2025 03:40 p. m.,Ordeño,05:18,14.24,2,,,,,0,,1.44,1.38,1.38,1.50,0,0,0,0,4.20,4.06,4.27,0.00,VMS 1,,Tanque,,1.86,2.04,1.80,1.86,1.96,3.76,4.29,4.23
08/09/2025 12:23 a. m.,Ordeño,05:00,12.16,1,,,,,0,,1.44,1.32,1.38,1.56,0,0,0,0,4.22,4.05,4.12,0.00,VMS 1,,Tanque,,1.80,1.86,1.80,1.92,1.86,3.00,3.71,3.59
08/09/2025 07:22 a. m.,Ordeño,04:39,10.50,2,,,,,0,,1.38,1.44,1.38,1.32,0,0,0,0,4.08,3.99,4.06,0.00,VMS 1,,Tanque,,1.86,1.80,1.80,1.74,1.58,2.68,3.18,3.06
08/09/2025 04:12 p. m.,Ordeño,05:23,12.10,3,,TD,,,0,,1.26,1.14,1.44,1.50,0,0,0,0,4.08,3.92,4.12,0.00,VMS 1,,Tanque,,1.56,1.56,1.92,1.98,1.77,3.01,3.74,3.58
09/09/2025 12:20 a. m.,Ordeño,04:57,9.04,1,,,,,0,,1.20,1.20,1.26,1.26,0,0,0,0,4.10,3.96,4.00,0.00,VMS 1,,Tanque,,1.62,1.62,1.68,1.68,1.30,2.22,2.76,2.76
09/09/2025 06:07 a. m.,Ordeño,04:22,9.01,2,,,,,0,,1.32,1.32,1.32,1.44,0,0,0,0,4.11,3.95,4.13,0.00,VMS 1,,Tanque,,1.74,1.80,1.74,1.98,1.32,2.31,2.75,2.63
09/09/2025 04:21 p. m.,Ordeño,05:52,14.81,3,,,,,0,,1.26,1.26,1.26,1.38,0,0,0,0,4.11,4.11,4.18,0.00,VMS 1,,Tanque,,1.86,1.80,1.56,1.74,2.09,3.69,4.52,4.51
09/09/2025 11:25 p. m.,Ordeño,05:01,10.35,4,,DD,,,0,,1.32,1.32,1.20,1.50,0,0,0,0,4.17,4.04,4.12,0.00,VMS 1,,Tanque,,2.10,1.86,1.56,1.98,1.59,2.41,3.31,3.04
10/09/2025 05:17 a. m.,Ordeño,05:33,8.44,1,,,,,0,,1.20,1.32,1.20,1.32,0,0,0,0,4.16,3.93,4.04,0.00,VMS 1,,Tanque,,1.56,1.80,1.56,1.92,1.22,2.07,2.60,2.55
10/09/2025 02:55 p. m.,Ordeño,06:16,13.28,2,,DI,,,0,,1.20,1.32,1.08,1.20,0,0,0,0,4.09,3.98,4.06,0.00,VMS 1,,Tanque,,1.92,1.68,1.38,1.86,1.87,3.31,4.08,4.02
11/09/2025 12:31 a. m.,Ordeño,05:48,13.42,1,,DI,,,0,,1.38,1.38,1.20,1.50,0,0,0,0,4.11,4.05,4.10,0.00,VMS 1,,Tanque,,1.92,1.80,1.80,2.04,2.02,3.25,4.10,4.05
11/09/2025 09:58 a. m.,Ordeño,05:40,13.60,2,,,,,0,,1.32,1.32,1.26,1.44,0,0,0,0,4.09,3.99,4.11,0.00,VMS 1,,Tanque,,1.74,1.86,1.56,1.86,1.90,3.41,4.13,4.16
11/09/2025 04:44 p. m.,Ordeño,04:52,9.37,3,,,,,0,,1.26,1.20,1.20,1.44,0,0,0,0,3.89,3.86,3.91,0.00,VMS 1,,Tanque,,1.68,1.62,1.50,1.86,1.45,2.28,2.80,2.84
12/09/2025 02:23 a. m.,Ordeño,06:07,13.26,1,,,,,0,,1.38,1.14,1.08,1.08,0,0,0,0,3.99,3.88,4.00,0.00,VMS 1,,Tanque,,1.80,1.62,1.38,1.44,1.81,3.28,4.14,4.03
12/09/2025 03:35 p. m.,Ordeño,06:43,18.69,2,,,,,0,,1.44,1.32,1.32,1.44,0,0,0,0,4.17,4.04,4.05,0.00,VMS 1,,Tanque,,1.86,1.80,1.68,1.98,2.88,4.56,5.70,5.55
13/09/2025 01:23 a. m.,Ordeño,06:19,12.77,1,,,,,0,,1.32,1.14,1.02,1.08,0,0,0,0,3.89,3.91,3.93,0.00,VMS 1,,Tanque,,1.80,1.68,1.50,1.56,1.83,3.11,3.94,3.89
13/09/2025 01:01 p. m.,Ordeño,06:03,15.24,2,,,,,0,,1.44,1.14,1.32,1.32,0,0,0,0,4.05,4.02,4.13,0.00,VMS 1,,Tanque,,1.80,1.74,1.74,1.74,2.31,3.86,4.63,4.44
14/09/2025 06:09 a. m.,Ordeño,06:15,16.34,1,,DD,,,0,,1.44,1.26,1.26,1.32,0,0,0,0,4.46,4.21,4.33,0.00,VMS 1,,Tanque,,2.10,1.74,1.56,1.74,2.36,4.05,4.98,4.95
14/09/2025 03:53 p. m.,Ordeño,06:42,13.83,2,,,,,0,,1.38,1.38,1.08,1.32,0,0,0,0,4.34,4.14,4.19,0.00,VMS 1,,Tanque,,1.86,1.92,1.44,1.74,2.02,3.42,4.36,4.03
14/09/2025 11:39 p. m.,Ordeño,05:40,11.26,3,,"DI,DD",,,0,,1.38,1.50,1.20,1.38,0,0,0,0,3.98,4.04,4.11,0.00,VMS 1,,Tanque,,1.92,1.98,1.56,1.74,1.69,2.53,3.64,3.40
15/09/2025 06:24 a. m.,Ordeño,04:42,10.86,1,,,,,0,,1.50,1.38,1.32,1.44,0,0,0,0,4.23,0.00,4.23,0.00,VMS 1,,Tanque,,2.34,1.86,1.68,1.86,1.57,2.96,3.24,3.09
15/09/2025 01:41 p. m.,Ordeño,04:35,10.22,2,,,,,0,,1.38,1.38,1.32,1.32,0,0,0,0,4.16,0.00,4.11,0.00,VMS 1,,Tanque,,1.74,1.86,1.74,1.68,1.49,2.65,3.03,3.05
16/09/2025 01:24 a. m.,Ordeño,06:02,16.03,1,,,,,0,,1.68,1.32,1.32,1.56,0,0,0,0,4.29,0.00,4.38,0.00,VMS 1,,Tanque,,2.10,1.74,1.56,1.86,2.31,4.00,4.87,4.85
16/09/2025 10:07 a. m.,Ordeño,06:01,12.82,2,,,,,0,,1.32,1.44,1.38,1.44,0,0,0,0,4.01,0.00,3.92,0.00,VMS 1,,Tanque,,1.80,2.04,1.74,1.86,1.80,3.31,3.87,3.84
16/09/2025 10:34 p. m.,Ordeño,06:45,15.55,3,,DI,,,0,,1.38,1.38,1.44,1.38,0,0,0,0,4.01,0.00,3.97,0.00,VMS 1,,Tanque,,1.98,1.98,1.80,1.92,2.23,3.99,4.73,4.60
17/09/2025 07:38 a. m.,Ordeño,05:48,12.78,1,,,,,0,,1.38,1.20,1.26,1.50,0,0,0,0,3.95,0.00,3.96,0.00,VMS 1,,Tanque,,1.86,1.68,1.68,1.92,1.80,3.20,3.92,3.86
17/09/2025 03:35 p. m.,Ordeño,04:37,9.96,2,,,,,0,,1.32,1.26,1.26,1.38,0,0,0,0,3.88,0.00,3.97,0.00,VMS 1,,Tanque,,1.74,1.80,1.56,1.74,1.47,2.49,3.01,2.99
18/09/2025 12:06 a. m.,Ordeño,05:20,11.50,1,,,,,0,,1.38,1.32,1.14,1.38,0,0,0,0,4.09,0.00,4.11,0.00,VMS 1,,Tanque,,1.80,1.74,1.50,1.86,1.75,2.95,3.44,3.36
18/09/2025 07:16 a. m.,Ordeño,05:07,9.91,2,,,,,0,,1.20,1.20,1.20,1.44,0,0,0,0,4.10,0.00,4.16,0.00,VMS 1,,Tanque,,1.50,1.68,1.56,1.80,1.41,2.54,2.94,3.02
18/09/2025 05:46 p. m.,Ordeño,05:30,13.43,3,,,,,0,,1.38,1.38,1.32,1.50,0,0,0,0,4.13,0.00,4.16,0.00,VMS 1,,Tanque,,1.86,1.92,1.68,1.80,1.96,3.21,4.16,4.10
19/09/2025 03:36 a. m.,Ordeño,05:02,11.43,1,,,,,0,,1.32,1.38,1.26,1.50,0,0,0,0,4.01,0.00,4.04,0.00,VMS 1,,Tanque,,1.62,1.98,1.68,1.92,1.61,2.83,3.34,3.65
19/09/2025 11:58 a. m.,Ordeño,04:19,9.73,2,,,,,0,,1.44,1.26,1.32,1.50,0,0,0,0,3.98,0.00,4.10,0.00,VMS 1,,Tanque,,1.86,1.74,1.74,1.92,1.42,2.46,2.86,2.99
19/09/2025 06:36 p. m.,Ordeño,04:37,7.27,3,,,,,0,,1.20,1.20,1.20,1.38,0,0,0,0,3.98,0.00,4.10,0.00,VMS 1,,Tanque,,1.62,1.68,1.56,1.92,1.05,1.77,2.22,2.23
20/09/2025 07:39 a. m.,Ordeño,06:27,16.35,1,,,,,0,,1.44,1.38,1.32,1.50,0,0,0,0,4.19,0.00,4.22,0.00,VMS 1,,Tanque,,1.92,1.92,1.68,1.98,2.34,4.07,4.96,4.98
20/09/2025 03:11 p. m.,Ordeño,04:37,9.20,2,,,,,0,,1.26,1.38,1.44,1.44,0,0,0,0,4.11,0.00,4.14,0.00,VMS 1,,Tanque,,1.80,1.86,1.86,1.86,1.31,2.31,2.71,2.87
21/09/2025 12:12 a. m.,Ordeño,05:04,11.44,1,,,,,0,,1.38,1.44,1.32,1.56,0,0,0,0,4.11,0.00,4.12,0.00,VMS 1,,Tanque,,1.80,1.98,1.74,2.04,1.61,2.79,3.49,3.55
21/09/2025 09:47 a. m.,Ordeño,05:09,12.42,2,,,,,0,,1.38,1.38,1.32,1.50,0,0,0,0,4.24,0.00,4.22,0.00,VMS 1,,Tanque,,1.68,1.86,1.80,1.86,1.67,3.13,3.81,3.81
21/09/2025 05:40 p. m.,Ordeño,04:30,10.05,3,,,,,0,,1.32,1.32,1.38,1.26,0,0,0,0,4.32,0.00,4.29,0.00,VMS 1,,Tanque,,1.80,1.80,1.80,1.74,1.44,2.60,3.05,2.96
22/09/2025 12:05 a. m.,Ordeño,04:32,8.07,1,,,,,0,,1.14,1.32,1.08,1.38,0,0,0,0,4.09,0.00,4.16,0.00,VMS 1,,Tanque,,1.68,1.86,1.50,1.86,1.16,2.08,2.47,2.36
22/09/2025 07:04 a. m.,Ordeño,04:25,9.17,2,,,,,0,,1.26,1.38,1.32,1.56,0,0,0,0,4.26,0.00,4.35,0.00,VMS 1,,Tanque,,1.56,1.68,1.74,1.92,1.34,2.19,2.80,2.84
22/09/2025 05:13 p. m.,Ordeño,05:33,13.55,3,,,,,0,,1.26,1.32,1.26,1.44,0,0,0,0,4.37,0.00,4.47,0.00,VMS 1,,Tanque,,1.56,1.74,1.62,1.86,1.86,3.42,4.15,4.12
23/09/2025 02:14 a. m.,Ordeño,05:27,12.96,1,,,,,0,,1.26,1.26,1.20,1.44,0,0,0,0,4.06,0.00,4.13,0.00,VMS 1,,Tanque,,1.92,1.92,1.62,1.98,1.91,3.34,3.84,3.87
23/09/2025 09:51 a. m.,Ordeño,05:08,10.00,2,,,,,0,,1.20,1.32,1.08,1.38,0,0,0,0,3.93,0.00,4.06,0.00,VMS 1,,Tanque,,1.86,1.74,1.50,1.74,1.57,2.43,2.96,3.04
23/09/2025 05:02 p. m.,Ordeño,04:33,9.33,3,,,,,0,,1.02,1.26,1.20,1.32,0,0,0,0,4.29,0.00,4.33,0.00,VMS 1,,Tanque,,1.62,1.92,1.56,1.62,1.41,2.34,2.81,2.77
24/09/2025 05:21 a. m.,Ordeño,06:55,16.59,1,,,,,0,,1.26,1.26,1.14,1.44,0,0,0,0,4.26,0.00,4.20,0.00,VMS 1,,Tanque,,1.56,1.86,1.44,1.86,2.32,4.12,5.08,5.07
24/09/2025 03:06 p. m.,Ordeño,05:18,12.09,2,,,,,0,,1.20,1.20,1.26,1.32,0,0,0,0,4.28,0.00,4.26,0.00,VMS 1,,Tanque,,1.50,1.68,1.68,1.80,1.74,2.99,3.66,3.70
25/09/2025 12:57 a. m.,Ordeño,05:24,12.65,1,,,,,0,,1.14,1.32,1.26,1.38,0,0,0,0,4.13,0.00,4.15,0.00,VMS 1,,Tanque,,1.56,1.74,1.62,1.68,1.78,3.17,3.79,3.91
25/09/2025 08:28 a. m.,Ordeño,04:29,9.74,2,,,,,0,,1.38,1.26,1.26,1.44,0,0,0,0,4.20,0.00,4.29,0.00,VMS 1,,Tanque,,1.80,1.80,1.74,1.86,1.51,2.51,2.91,2.81
25/09/2025 03:54 p. m.,Ordeño,05:03,9.35,3,,,,,0,,0.96,1.26,1.20,1.38,0,0,0,0,3.86,0.00,4.13,0.00,VMS 1,,Tanque,,1.62,1.86,1.62,1.80,1.40,2.30,2.77,2.88
25/09/2025 10:26 p. m.,Ordeño,06:20,7.23,4,,,,,0,,1.14,1.26,1.32,1.32,0,0,0,0,4.21,0.00,4.28,0.00,VMS 1,,Tanque,,1.80,1.80,1.68,1.74,1.02,1.75,2.33,2.13
26/09/2025 06:43 a. m.,Ordeño,04:32,10.26,1,,,,,0,,1.32,1.26,1.26,1.38,0,0,0,0,4.27,0.00,4.28,0.00,VMS 1,,Tanque,,1.68,1.62,1.68,1.80,1.39,2.67,2.97,3.23
26/09/2025 01:02 p. m.,Ordeño,04:19,7.44,2,,DD,,,0,,1.14,1.20,1.26,1.38,0,0,0,0,3.98,0.00,4.15,0.00,VMS 1,,Tanque,,1.56,1.62,1.68,1.74,1.06,1.80,2.25,2.33
26/09/2025 07:29 p. m.,Ordeño,04:18,8.02,3,,,,,0,,1.14,1.26,1.20,1.44,0,0,0,0,4.31,0.00,4.35,0.00,VMS 1,,Tanque,,1.68,1.80,1.56,1.80,1.15,1.98,2.46,2.43
27/09/2025 06:18 a. m.,Ordeño,05:34,14.38,1,,,,,0,,1.44,1.32,1.32,1.38,0,0,0,0,4.41,0.00,4.47,0.00,VMS 1,,Tanque,,1.80,1.86,1.62,1.74,1.95,3.62,4.33,4.48
27/09/2025 05:05 p. m.,Ordeño,05:26,14.17,2,,DI,,,0,,1.32,1.32,1.32,1.26,0,0,0,0,4.32,0.00,4.32,0.00,VMS 1,,Tanque,,2.10,1.92,1.74,1.62,2.12,3.61,4.21,4.23
28/09/2025 05:21 a. m.,Ordeño,06:31,16.96,1,,,,,0,,1.32,1.20,1.26,1.38,0,0,0,0,4.42,0.00,4.49,0.00,VMS 1,,Tanque,,2.04,1.86,1.74,1.86,2.49,4.24,5.08,5.15
28/09/2025 11:59 a. m.,Ordeño,04:41,9.80,2,,,,,0,,1.08,1.26,1.32,1.32,0,0,0,0,4.28,0.00,4.27,0.00,VMS 1,,Tanque,,1.44,1.80,1.62,1.68,1.34,2.46,2.96,3.04
28/09/2025 07:08 p. m.,Ordeño,05:10,10.60,3,,,,,0,,1.14,1.20,1.14,1.20,0,0,0,0,4.28,0.00,4.35,0.00,VMS 1,,Tanque,,1.74,1.74,1.44,1.56,1.51,2.66,3.14,3.29
29/09/2025 05:23 a. m.,Ordeño,06:19,15.03,1,,,,,0,,1.14,0.96,1.14,1.20,0,0,0,0,4.64,0.00,4.54,0.00,VMS 1,,Tanque,,1.62,1.44,1.56,1.62,2.31,3.73,4.46,4.53
29/09/2025 12:40 p. m.,Ordeño,04:41,10.54,2,,TD,,,0,,1.26,1.32,1.32,1.08,0,0,0,0,4.43,0.00,4.39,0.00,VMS 1,,Tanque,,1.62,2.10,1.62,1.50,1.56,2.66,3.22,3.10
29/09/2025 07:13 p. m.,Ordeño,04:38,9.21,3,,,,,0,,1.14,1.08,1.20,1.20,0,0,0,0,4.15,0.00,4.40,0.00,VMS 1,,Tanque,,1.80,1.50,1.50,1.62,1.38,2.30,2.77,2.76
30/09/2025 03:58 a. m.,Ordeño,05:36,11.11,1,,,,,0,,1.20,1.02,1.14,1.14,0,0,0,0,4.42,0.00,4.35,0.00,VMS 1,,Tanque,,1.74,1.50,1.50,1.44,1.52,2.78,3.44,3.37
30/09/2025 11:52 a. m.,Ordeño,05:00,10.88,2,,,,,0,,1.26,1.08,1.32,1.14,0,0,0,0,4.33,0.00,4.28,0.00,VMS 1,,Tanque,,1.62,1.62,1.68,1.44,1.63,2.69,3.27,3.29
30/09/2025 07:29 p. m.,Ordeño,04:46,10.21,3,,,,,0,,0.96,1.20,1.26,1.20,0,0,0,0,4.26,0.00,4.27,0.00,VMS 1,,Tanque,,1.44,1.92,1.80,1.74,1.56,2.55,3.07,3.03
01/10/2025 06:06 a. m.,Ordeño,06:07,14.07,1,,,,,0,,0.90,1.26,1.20,1.20,0,0,0,0,4.39,0.00,4.36,0.00,VMS 1,,Tanque,,1.32,1.80,1.56,1.56,1.98,3.56,4.26,4.27
01/10/2025 03:32 p. m.,Ordeño,05:38,12.51,2,,,,,0,,0.96,1.20,1.20,1.38,0,0,0,0,4.21,0.00,4.23,0.00,VMS 1,,Tanque,,1.44,1.74,1.62,1.80,1.72,3.18,3.68,3.93
01/10/2025 10:42 p. m.,Ordeño,06:07,8.47,3,,,,,0,,1.02,1.26,1.02,1.20,0,0,0,0,4.22,0.00,4.21,0.00,VMS 1,,Tanque,,1.44,1.80,1.50,1.50,1.16,2.20,2.56,2.55
02/10/2025 09:59 a. m.,Ordeño,05:47,14.67,1,,,,,0,,1.20,1.26,1.32,1.32,0,0,0,0,4.40,0.00,4.52,0.00,VMS 1,,Tanque,,1.68,1.80,1.74,1.80,2.02,3.71,4.42,4.52
03/10/2025 12:05 a. m.,Ordeño,06:37,17.31,1,,,,,0,,1.44,1.44,1.32,1.44,0,0,0,0,4.63,0.00,4.63,0.00,VMS 1,,Tanque,,1.80,2.04,1.68,1.86,2.48,4.32,5.27,5.24
03/10/2025 10:14 a. m.,Ordeño,04:49,11.49,2,,DI,,,0,,1.32,1.26,1.38,1.26,0,0,0,0,4.26,0.00,4.38,0.00,VMS 1,,Tanque,,1.80,1.98,1.86,1.68,1.75,2.91,3.41,3.42
03/10/2025 09:00 p. m.,Ordeño,06:04,8.83,3,,,,,0,,1.14,1.20,1.14,1.32,0,0,0,0,4.14,0.00,4.31,0.00,VMS 1,,Tanque,,1.80,1.62,1.50,1.74,1.30,2.13,2.73,2.67
04/10/2025 05:15 p. m.,Ordeño,05:52,8.56,1,,,Todos,,0,,1.08,1.14,1.26,1.26,0,0,0,0,4.33,0.00,4.68,0.00,VMS 1,,Tanque,,1.68,1.68,1.74,1.80,1.29,1.95,2.77,2.55
05/10/2025 09:06 a. m.,Ordeño,05:29,2.85,1,,,Todos,,0,,0.60,0.72,0.96,0.90,0,0,0,0,3.75,0.00,4.11,0.00,VMS 1,,Tanque,,1.20,1.44,1.38,1.38,0.43,0.68,0.95,0.79
05/10/2025 04:26 p. m.,Ordeño,10:25,0.59,2,,"DD,TD",Todos,"DI,DD,TD",0,,0.24,0.30,0.24,0.24,0,0,0,0,1.47,0.00,3.17,0.00,VMS 1,,Tanque,,0.42,0.66,0.78,0.42,0.09,0.08,0.36,0.06
06/10/2025 02:30 a. m.,Ordeño,09:23,2.49,1,,,Todos,,0,,0.54,0.30,0.36,0.30,1096,582,0,0,2.88,0.00,3.42,0.00,VMS 1,,Tanque,,1.44,1.02,0.84,0.66,0.41,0.48,0.80,0.80
06/10/2025 04:47 p. m.,Ordeño,07:45,2.32,2,,,Todos,,0,,0.42,0.36,0.78,0.42,896,0,587,0,2.95,0.00,3.79,0.00,VMS 1,,Tanque,,1.02,0.84,1.20,0.78,0.38,0.34,0.83,0.77
07/10/2025 06:27 a. m.,Ordeño,06:13,3.69,1,,,"DI,DD,TI",,0,,0.48,0.60,0.84,1.38,674,526,0,0,2.81,0.00,3.77,0.00,VMS 1,,Tanque,,1.32,1.26,1.50,1.98,0.48,0.58,1.13,1.50
07/10/2025 10:21 p. m.,Ordeño,07:11,4.00,2,,,"DD,TI",TI,0,,0.90,1.08,0.00,1.26,0,0,0,0,3.70,0.00,0.00,0.00,VMS 1,,Tanque,,1.80,1.68,0.00,1.92,0.81,1.28,0.00,1.91
08/10/2025 07:46 a. m.,Ordeño,05:55,6.32,1,,,DD,,0,,0.66,0.72,1.14,0.84,0,0,0,0,3.57,0.00,4.81,0.00,VMS 1,,Tanque,,1.38,1.38,1.56,1.56,0.55,0.75,3.43,1.59
08/10/2025 06:29 p. m.,Ordeño,04:44,4.88,2,,,,,0,,0.78,0.84,1.02,1.08,0,0,0,0,3.71,0.00,4.02,0.00,VMS 1,,Tanque,,1.32,1.56,1.62,1.74,0.76,0.98,1.31,1.83
09/10/2025 02:19 a. m.,Ordeño,07:02,2.81,1,,,TI,TI,0,,0.66,0.96,0.00,1.08,0,0,0,0,3.46,0.00,0.00,0.00,VMS 1,,Tanque,,1.20,1.50,0.00,1.62,0.62,0.89,0.00,1.30
09/10/2025 06:24 a. m.,Ordeño,09:42,1.86,2,,DD,,DI,0,,0.18,0.30,0.66,0.60,0,0,0,0,2.95,0.00,4.60,0.00,VMS 1,,Tanque,,0.42,0.78,1.26,1.74,0.14,0.22,1.15,0.35
09/10/2025 04:03 p. m.,Ordeño,04:35,7.00,3,,,,,0,,0.84,1.20,1.14,1.14,0,0,0,0,3.97,0.00,4.30,0.00,VMS 1,,Tanque,,1.26,1.86,1.50,1.62,0.92,1.50,2.19,2.39
10/10/2025 06:18 a. m.,Ordeño,05:56,9.94,1,,,,,0,,1.08,1.26,1.02,0.96,0,0,0,0,4.05,0.00,4.24,0.00,VMS 1,,Tanque,,1.56,1.80,1.56,1.38,1.40,2.19,2.97,3.38
10/10/2025 04:16 p. m.,Ordeño,04:25,7.22,2,,,,,0,,0.96,1.20,1.08,1.08,0,0,0,0,3.99,0.00,4.37,0.00,VMS 1,,Tanque,,1.62,1.80,1.50,1.62,1.07,1.56,2.27,2.32
11/10/2025 12:36 a. m.,Ordeño,03:54,6.04,1,,,,,0,,0.84,1.08,1.08,1.08,0,0,0,0,4.15,0.00,4.08,0.00,VMS 1,,Tanque,,1.20,1.62,1.38,1.62,0.78,1.38,1.82,2.06
11/10/2025 11:12 a. m.,Ordeño,05:04,8.43,2,,,,,0,,0.96,1.14,0.96,1.20,0,0,0,0,4.24,0.00,4.39,0.00,VMS 1,,Tanque,,1.56,1.62,1.38,1.68,1.16,1.97,2.55,2.75
11/10/2025 10:06 p. m.,Ordeño,04:49,8.91,3,,DD,,,0,,1.02,1.02,1.26,1.14,0,0,0,0,4.58,0.00,4.38,0.00,VMS 1,,Tanque,,1.56,1.56,1.62,1.50,1.20,2.16,2.66,2.89
12/10/2025 05:44 a. m.,Ordeño,06:57,6.80,1,,,,,0,,0.90,1.20,1.02,1.26,0,0,0,0,4.32,0.00,4.46,0.00,VMS 1,,Tanque,,1.50,1.80,1.44,1.92,0.90,1.61,2.09,2.20
12/10/2025 04:50 p. m.,Ordeño,05:34,10.84,2,,,,,0,,1.02,1.26,1.02,1.26,0,0,0,0,4.44,0.00,4.51,0.00,VMS 1,,Tanque,,1.56,1.86,1.44,1.68,1.53,2.55,3.23,3.53
13/10/2025 09:50 a. m.,Ordeño,07:12,16.87,1,,,,,0,,1.14,1.20,1.08,1.26,0,0,0,0,4.57,0.00,4.67,0.00,VMS 1,,Tanque,,1.62,2.04,1.44,1.80,2.43,4.14,5.00,5.30
13/10/2025 06:24 p. m.,Ordeño,04:44,8.76,2,,,,,0,,1.08,1.26,1.14,1.20,0,0,0,0,4.23,0.00,4.29,0.00,VMS 1,,Tanque,,1.44,1.98,1.56,1.56,1.25,2.09,2.72,2.70
14/10/2025 02:14 a. m.,Ordeño,04:39,7.74,1,,DD,,,0,,1.02,1.26,1.08,1.20,0,0,0,0,4.28,0.00,4.43,0.00,VMS 1,,Tanque,,1.44,1.86,1.50,1.50,1.07,1.97,2.31,2.39
14/10/2025 03:53 p. m.,Ordeño,06:52,14.17,2,,"DI,DD",,,0,,1.14,1.26,1.08,1.26,0,0,0,0,4.58,0.00,4.76,0.00,VMS 1,,Tanque,,1.86,1.80,1.56,1.68,2.09,2.60,4.67,4.81
15/10/2025 02:24 a. m.,Ordeño,05:41,8.72,1,,DI,,TD,0,,1.08,1.32,1.14,0.00,0,0,0,0,4.38,0.00,4.42,0.00,VMS 1,,Tanque,,1.50,1.92,1.68,0.00,1.68,3.54,3.50,0.00
15/10/2025 11:22 a. m.,Ordeño,13:43,9.90,2,,,,TD,0,,1.14,1.20,1.56,0.36,0,0,0,0,4.26,0.00,0.00,1.81,VMS 1,,Tanque,,1.62,1.86,2.22,0.96,1.45,2.39,5.90,0.16
15/10/2025 11:20 p. m.,Ordeño,07:43,14.98,3,,,,,0,,1.20,1.32,1.26,1.26,0,0,0,0,4.37,0.00,4.74,0.00,VMS 1,,Tanque,,1.62,1.98,1.74,1.68,1.79,3.10,6.54,3.55
16/10/2025 06:37 a. m.,Ordeño,05:27,8.07,1,,,,,0,,1.08,1.32,1.08,1.32,0,0,0,0,4.26,0.00,4.06,0.00,VMS 1,,Tanque,,1.50,1.92,1.62,1.74,1.28,2.04,2.35,2.40
16/10/2025 04:56 p. m.,Ordeño,04:54,11.10,2,,,,,0,,1.14,1.14,1.26,1.38,0,0,0,0,4.29,4.71,4.34,0.00,VMS 1,,Tanque,,1.50,1.62,1.62,1.68,1.59,2.79,3.17,3.55
17/10/2025 07:10 a. m.,Ordeño,06:12,15.56,1,,,,,0,,1.14,1.20,1.20,1.32,0,0,0,0,4.54,4.62,4.51,0.00,VMS 1,,Tanque,,1.50,1.86,1.62,1.74,2.19,3.80,4.68,4.89
17/10/2025 04:59 p. m.,Ordeño,05:09,11.36,2,,,,,0,,1.14,1.08,1.26,1.26,0,0,0,0,4.34,4.45,4.47,0.00,VMS 1,,Tanque,,1.50,1.50,1.62,1.68,1.63,2.81,3.36,3.56
18/10/2025 05:23 a. m.,Ordeño,05:38,14.28,1,,,,,0,,1.14,1.26,1.32,1.38,0,0,0,0,4.41,4.52,4.47,0.00,VMS 1,,Tanque,,1.50,1.92,1.74,1.74,1.96,3.43,4.33,4.56
18/10/2025 04:44 p. m.,Ordeño,05:57,13.57,2,,,,,0,,1.14,1.26,1.14,1.38,0,0,0,0,4.32,4.54,4.54,0.00,VMS 1,,Tanque,,1.62,1.80,1.62,1.68,1.91,3.30,4.07,4.29
19/10/2025 07:27 a. m.,Ordeño,05:59,15.88,1,,,,,0,,1.26,1.38,1.26,1.32,0,0,0,0,4.41,4.40,4.40,0.00,VMS 1,,Tanque,,1.62,1.92,1.68,1.68,2.21,4.00,4.79,4.88
19/10/2025 04:12 p. m.,Ordeño,05:08,8.27,2,,,,,0,,1.14,1.14,1.14,1.32,0,0,0,0,3.94,4.07,4.12,0.00,VMS 1,,Tanque,,1.56,1.62,1.56,1.68,1.17,1.97,2.58,2.55
20/10/2025 01:50 a. m.,Ordeño,04:38,9.51,1,,,,,0,,1.08,1.20,1.26,1.26,0,327,0,0,4.07,4.11,4.21,0.00,VMS 1,,Tanque,,1.56,1.92,1.80,1.74,1.28,2.34,2.85,3.04
20/10/2025 11:12 a. m.,Ordeño,04:38,9.51,2,,,,,0,,1.08,1.20,1.20,1.44,0,0,0,0,3.91,4.25,4.29,0.00,VMS 1,,Tanque,,1.50,1.80,1.62,1.74,1.33,2.38,2.90,2.90
29/09/2024 07:47 p. m.,Rechazada,00:00,,,,,,,,,,,,,,,,,,,,,VMS 2,,,,,,,,,,,
03/10/2024 02:02 a. m.,Echada sin ordeñar,15:49,,,,,,,,,,,,,,,,,,,,,VMS 2,,,,,,,,,,,
16/10/2024 06:40 a. m.,Rechazada,00:00,,,,,,,,,,,,,,,,,,,,,VMS 2,,,,,,,,,,,
23/10/2024 05:24 a. m.,Rechazada,00:00,,,,,,,,,,,,,,,,,,,,,VMS 2,,,,,,,,,,,
25/10/2024 05:17 a. m.,Rechazada,00:00,,,,,,,,,,,,,,,,,,,,,VMS 2,,,,,,,,,,,
30/10/2024 08:50 p. m.,Rechazada,00:00,,,,,,,,,,,,,,,,,,,,,VMS 2,,,,,,,,,,,
05/12/2024 09:13 a. m.,Rechazada,00:00,,,,,,,,,,,,,,,,,,,,,VMS 2,,,,,,,,,,,
28/12/2024 11:54 a. m.,Rechazada,00:00,,,,,,,,,,,,,,,,,,,,,VMS 2,,,,,,,,,,,
30/01/2025 05:01 p. m.,Rechazada,00:00,,,,,,,,,,,,,,,,,,,,,VMS 2,,,,,,,,,,,
08/02/2025 11:57 a. m.,Rechazada,00:00,,,,,,,,,,,,,,,,,,,,,VMS 2,,,,,,,,,,,
11/02/2025 05:18 p. m.,Rechazada,00:00,,,,,,,,,,,,,,,,,,,,,VMS 1,,,,,,,,,,,
12/02/2025 11:21 p. m.,Rechazada,00:00,,,,,,,,,,,,,,,,,,,,,VMS 1,,,,,,,,,,,
03/03/2025 02:44 p. m.,Rechazada,00:00,,,,,,,,,,,,,,,,,,,,,VMS 1,,,,,,,,,,,
03/06/2025 05:55 p. m.,Rechazada,00:00,,,,,,,,,,,,,,,,,,,,,VMS 1,,,,,,,,,,,
21/06/2025 02:58 a. m.,Rechazada,00:00,,,,,,,,,,,,,,,,,,,,,VMS 1,,,,,,,,,,,
29/06/2025 02:50 a. m.,Rechazada,00:00,,,,,,,,,,,,,,,,,,,,,VMS 1,,,,,,,,,,,
09/07/2025 04:42 p. m.,Rechazada,00:00,,,,,,,,,,,,,,,,,,,,,VMS 1,,,,,,,,,,,
09/07/2025 04:47 p. m.,Rechazada,00:00,,,,,,,,,,,,,,,,,,,,,VMS 1,,,,,,,,,,,
13/07/2025 11:39 p. m.,Rechazada,00:00,,,,,,,,,,,,,,,,,,,,,VMS 1,,,,,,,,,,,
14/07/2025 06:08 a. m.,Rechazada,00:00,,,,,,,,,,,,,,,,,,,,,VMS 1,,,,,,,,,,,
17/07/2025 09:54 a. m.,Rechazada,00:00,,,,,,,,,,,,,,,,,,,,,VMS 1,,,,,,,,,,,
20/07/2025 10:33 p. m.,Rechazada,00:00,,,,,,,,,,,,,,,,,,,,,VMS 1,,,,,,,,,,,
23/07/2025 10:14 p. m.,Rechazada,00:00,,,,,,,,,,,,,,,,,,,,,VMS 1,,,,,,,,,,,
28/07/2025 02:55 p. m.,Rechazada,00:00,,,,,,,,,,,,,,,,,,,,,VMS 1,,,,,,,,,,,
31/07/2025 02:35 a. m.,Rechazada,00:00,,,,,,,,,,,,,,,,,,,,,VMS 1,,,,,,,,,,,
01/08/2025 05:55 a. m.,Rechazada,00:00,,,,,,,,,,,,,,,,,,,,,VMS 1,,,,,,,,,,,
03/08/2025 08:08 a. m.,Rechazada,00:00,,,,,,,,,,,,,,,,,,,,,VMS 1,,,,,,,,,,,
04/08/2025 09:53 a. m.,Rechazada,00:00,,,,,,,,,,,,,,,,,,,,,VMS 1,,,,,,,,,,,
26/08/2025 02:28 a. m.,Rechazada,00:00,,,,,,,,,,,,,,,,,,,,,VMS 1,,,,,,,,,,,
31/08/2025 11:10 p. m.,Rechazada,00:00,,,,,,,,,,,,,,,,,,,,,VMS 1,,,,,,,,,,,
20/09/2025 10:57 a. m.,Rechazada,00:00,,,,,,,,,,,,,,,,,,,,,VMS 1,,,,,,,,,,,
26/09/2025 02:22 a. m.,Rechazada,00:00,,,,,,,,,,,,,,,,,,,,,VMS 1,,,,,,,,,,,
26/09/2025 04:03 p. m.,Rechazada,00:00,,,,,,,,,,,,,,,,,,,,,VMS 1,,,,,,,,,,,
28/09/2025 12:10 p. m.,Rechazada,00:00,,,,,,,,,,,,,,,,,,,,,VMS 1,,,,,,,,,,,
29/09/2025 04:21 p. m.,Rechazada,00:00,,,,,,,,,,,,,,,,,,,,,VMS 1,,,,,,,,,,,
29/09/2025 10:55 p. m.,Rechazada,00:00,,,,,,,,,,,,,,,,,,,,,VMS 1,,,,,,,,,,,
02/10/2025 03:58 p. m.,Rechazada,00:00,,,,,,,,,,,,,,,,,,,,,VMS 1,,,,,,,,,,,
09/10/2025 11:16 a. m.,Rechazada,00:00,,,,,,,,,,,,,,,,,,,,,VMS 1,,,,,,,,,,,
12/10/2025 05:51 a. m.,Rechazada,00:00,,,,,,,,,,,,,,,,,,,,,VMS 1,,,,,,,,,,,
12/10/2025 10:42 p. m.,Rechazada,00:00,,,,,,,,,,,,,,,,,,,,,VMS 1,,,,,,,,,,,
14/10/2025 07:17 a. m.,Rechazada,00:00,,,,,,,,,,,,,,,,,,,,,VMS 1,,,,,,,,,,,
18/10/2025 06:57 p. m.,Rechazada,00:00,,,,,,,,,,,,,,,,,,,,,VMS 1,,,,,,,,,,,
