Main,,,,Estado,,,,,Estado AMD,,Media de los flujos (kg/min),,,,Sangre (ppm),,,,Conductividad (mS / cm),,,,Misc,,,,Flujos máximos (kg/min),,,,Producciones (kg),,,
Hora de inicio,Acción,Duración (mm:ss),Producción (kg),Número de ordeño,RCS (* 1000 células / ml),Patada,Incompleto,Pezones no encontrados,Ubre,Pezón,DI,DD,TI,TD,DI,DD,TI,TD,DI,DD,TI,TD,EO/PO,Usuario,Destino Leche,Razón de la desviación,DI,DD,TI,TD,DI,DD,TI,TD
21/12/2024 05:31 a. m.,Ordeño,08:16,5.44,1,,,,,1,,0.84,0.72,0.48,0.66,2980,2297,1683,960,4.32,4.57,4.30,4.30,VMS 3,,Divert 3,,1.20,1.14,1.20,1.44,1.52,1.63,1.30,0.99
21/12/2024 06:47 p. m.,Ordeño,06:55,6.38,2,,,,,1,,0.90,0.84,0.54,0.60,1110,393,676,757,4.31,4.50,4.10,3.92,VMS 3,,Divert 3,,1.20,1.20,1.14,1.02,1.59,1.45,1.20,2.14
22/12/2024 05:28 a. m.,Ordeño,06:39,5.87,1,,,,,1,,0.84,0.72,0.54,0.60,395,0,1181,434,4.45,4.62,4.29,3.85,VMS 3,,Divert 3,,1.14,1.08,0.96,0.96,1.50,1.54,1.36,1.47
23/12/2024 02:23 a. m.,Ordeño,11:12,11.78,1,,,,,1,,0.84,0.84,0.42,0.54,374,0,0,0,4.79,4.90,4.87,4.47,VMS 3,,Divert 3,,1.20,1.14,1.08,0.90,3.19,3.02,2.65,2.92
27/12/2024 03:37 p. m.,Ordeño,10:13,15.70,1,,,,,1,DD,1.08,1.02,0.60,0.60,736,0,0,0,4.68,4.87,4.59,3.62,VMS 3,,Tanque,,1.56,1.38,1.38,1.08,3.85,3.89,3.55,4.41
31/12/2024 02:30 a. m.,Ordeño,09:47,15.79,1,,,,,1,,0.84,0.90,0.60,0.66,0,0,0,0,4.48,4.64,4.42,4.48,VMS 3,,Drenaje,,1.38,1.32,1.02,1.38,4.27,4.12,3.70,3.70
06/01/2025 09:23 p. m.,Ordeño,08:53,15.52,2,,,,,1,,1.02,0.96,0.66,0.78,0,0,0,0,4.77,4.80,4.84,4.69,VMS 3,,Drenaje,,1.44,1.32,1.14,1.26,3.72,3.88,3.91,4.01
14/01/2025 11:06 p. m.,Ordeño,10:26,17.71,2,,,,,1,,0.96,1.02,0.66,0.72,0,0,0,0,5.01,4.95,5.24,0.00,VMS 1,,Tanque,,1.38,1.50,1.14,1.02,4.05,4.38,4.86,4.42
15/01/2025 09:20 p. m.,Ordeño,09:29,15.69,1,,,,,1,,0.96,0.96,0.66,0.78,0,0,0,0,5.07,4.96,5.18,0.00,VMS 1,,Tanque,,1.56,1.38,1.14,1.32,3.77,3.60,4.59,3.73
21/01/2025 06:13 a. m.,Ordeño,09:36,16.84,1,,,,,1,,0.96,1.02,0.72,0.72,0,0,0,0,4.64,4.40,4.78,0.00,VMS 1,,Tanque,,1.38,1.50,1.08,1.14,4.06,3.94,4.89,3.95
23/01/2025 10:30 p. m.,Ordeño,10:05,18.01,2,,,,,1,,1.08,1.08,0.66,0.84,0,0,0,0,4.90,4.86,4.91,0.00,VMS 1,,Tanque,,1.68,1.56,1.08,1.20,4.27,4.52,4.85,4.37
27/01/2025 06:00 a. m.,Ordeño,10:58,19.59,1,,,,,1,,1.08,1.20,0.78,0.78,0,0,0,0,4.63,4.66,5.05,0.00,VMS 1,,Tanque,,1.56,1.68,1.20,1.26,4.47,4.81,5.90,4.41
28/01/2025 05:53 a. m.,Ordeño,10:51,21.05,1,,,,,1,,1.08,1.14,0.78,0.84,0,0,0,0,4.82,4.78,5.21,0.00,VMS 1,,Tanque,,1.62,1.56,1.20,1.26,5.01,5.21,5.89,4.94
31/01/2025 07:31 p. m.,Ordeño,08:27,17.08,2,,,,,1,,1.08,1.08,0.78,0.72,0,0,0,0,4.88,5.07,4.92,0.00,VMS 1,,Tanque,,1.68,1.44,1.26,1.14,4.18,4.64,4.20,4.06
02/04/2025 02:49 a. m.,Ordeño,09:50,20.30,1,,,,,1,,1.20,1.32,0.90,0.90,0,0,0,0,4.59,4.58,4.83,0.00,VMS 1,,Tanque,,1.56,1.68,1.32,1.32,4.62,5.17,5.60,4.91
02/04/2025 11:24 p. m.,Ordeño,12:17,11.35,2,,"DI,TI","TI,TD",TD,1,,1.14,1.50,0.72,0.00,0,0,0,0,4.58,4.69,4.80,0.00,VMS 1,,Tanque,,1.86,1.86,1.50,0.00,4.58,5.38,1.39,0.00
03/04/2025 09:39 p. m.,Ordeño,08:38,21.99,1,,,,,1,,1.08,1.32,0.96,1.02,0,0,0,0,4.75,4.36,4.09,0.00,VMS 1,,Tanque,,1.50,1.62,1.50,1.38,6.18,5.40,5.64,4.77
08/05/2025 06:41 a. m.,Ordeño,08:00,17.84,1,,TD,TD,TD,1,,1.20,1.38,1.08,0.66,0,0,0,0,4.78,4.78,4.77,0.00,VMS 1,,Tanque,,1.50,1.74,1.44,1.38,6.19,5.58,5.89,0.18
14/10/2025 12:14 p. m.,Ordeño,07:34,17.95,1,,TI,,,1,,1.14,1.38,1.14,1.02,0,0,0,0,4.68,4.66,4.60,4.69,VMS 3,,Tanque,,1.50,1.92,1.50,1.50,4.37,4.95,3.99,4.64
20/12/2024 02:30 p. m.,Ordeño,14:23,10.33,1,,,,,0,,0.84,0.78,0.48,0.54,4275,590,681,0,4.19,4.50,3.74,3.27,VMS 3,,Divert 3,,1.38,1.20,1.08,1.26,3.15,2.60,1.88,2.70
23/12/2024 12:37 p. m.,Ordeño,11:00,5.92,2,,,,,0,,0.84,0.84,0.48,0.54,858,0,0,0,4.32,4.73,4.32,2.35,VMS 3,,Divert 3,,1.26,1.20,0.90,1.32,1.64,1.62,1.29,1.37
23/12/2024 09:57 p. m.,Ordeño,06:26,6.87,3,,,,,0,,0.84,0.84,0.48,0.60,0,0,0,0,4.26,4.67,4.64,2.71,VMS 3,,Divert 3,,1.20,1.38,0.72,1.14,1.68,1.64,1.29,2.26
24/12/2024 10:19 a. m.,Ordeño,12:14,8.75,1,,,,,0,,0.84,0.90,0.48,0.60,0,0,0,0,4.65,4.72,4.52,4.60,VMS 3,,Divert 3,,1.14,1.26,0.78,0.96,2.36,2.34,1.79,2.26
25/12/2024 12:14 a. m.,Ordeño,08:40,10.53,1,,,,,0,,0.90,1.02,0.54,0.72,384,0,0,0,4.64,4.79,4.65,4.21,VMS 3,,Tanque,,1.32,1.50,0.78,1.08,2.91,2.81,2.31,2.50
25/12/2024 03:19 p. m.,Ordeño,10:32,11.76,2,,,,,0,,0.96,0.90,0.60,0.54,576,0,0,0,4.34,4.59,4.56,2.87,VMS 3,,Tanque,,1.38,1.32,0.90,1.14,3.19,2.81,2.54,3.22
26/12/2024 03:43 p. m.,Ordeño,07:44,14.25,1,,,,,0,,1.08,1.08,0.72,0.72,850,0,0,0,4.89,4.68,4.92,4.34,VMS 3,,Tanque,,1.50,1.44,1.20,1.20,3.75,3.62,3.32,3.56
28/12/2024 08:52 a. m.,Ordeño,08:45,13.07,1,,,,,0,,0.78,0.96,0.66,0.66,533,0,0,0,4.54,4.57,4.48,4.37,VMS 3,,Tanque,,1.26,1.32,1.02,1.02,3.54,3.43,2.91,3.19
29/12/2024 05:24 a. m.,Ordeño,13:23,21.87,1,,DI,,,0,,0.90,0.78,0.48,0.66,0,0,0,0,1.14,4.43,4.29,2.81,VMS 3,,Tanque,,1.62,1.08,0.90,1.14,9.21,4.14,3.38,5.14
30/12/2024 02:49 a. m.,Ordeño,11:20,15.82,1,,,,,0,,0.84,1.02,0.54,0.54,0,0,0,0,4.60,4.39,4.43,3.27,VMS 3,,Tanque,,1.26,1.38,1.02,0.90,4.13,3.70,3.67,4.32
31/12/2024 03:02 p. m.,Ordeño,07:20,9.29,2,,,,,0,"DD,TI",0.96,0.96,0.60,0.66,0,0,0,0,4.04,4.38,4.33,3.47,VMS 3,,Drenaje,,1.32,1.50,0.90,1.02,2.38,2.43,2.04,2.44
01/01/2025 05:32 a. m.,Ordeño,07:33,10.37,1,,,,,0,,0.78,0.84,0.54,0.60,0,0,0,0,4.03,4.13,3.92,3.67,VMS 3,,Drenaje,,1.14,1.20,0.84,1.20,2.67,2.73,2.38,2.59
01/01/2025 04:57 p. m.,Ordeño,06:01,7.97,2,,,,,0,TI,0.90,0.96,0.66,0.78,0,0,0,0,4.34,4.42,4.48,3.37,VMS 3,,Drenaje,,1.38,1.38,0.90,1.26,2.00,2.06,1.79,2.12
02/01/2025 07:08 a. m.,Ordeño,11:48,11.30,1,,,,,0,,0.96,1.02,0.60,0.72,0,0,0,0,4.34,4.40,4.36,2.41,VMS 3,,Drenaje,,1.38,1.38,1.02,1.14,2.70,2.77,2.17,3.66
02/01/2025 07:46 p. m.,Ordeño,08:33,8.06,2,,,TI,TI,0,,0.90,0.96,0.00,0.60,0,0,0,0,4.06,4.14,0.00,2.88,VMS 3,,Drenaje,,1.44,1.38,0.00,1.08,2.62,2.66,0.00,2.78
02/01/2025 09:47 p. m.,Ordeño,07:26,3.89,3,,,,,0,TI,0.60,0.60,0.66,0.36,344,0,0,0,3.52,3.81,4.39,2.61,VMS 3,,Drenaje,,1.20,1.02,0.96,0.78,0.51,0.47,2.48,0.43
03/01/2025 12:34 p. m.,Ordeño,07:58,11.63,1,,,,,0,,1.08,0.96,0.66,0.60,0,0,0,0,4.48,4.62,4.43,3.76,VMS 3,,Drenaje,,1.50,1.32,0.96,1.02,3.24,2.91,2.56,2.92
03/01/2025 09:44 p. m.,Ordeño,07:09,8.31,2,,,,,0,,0.84,0.78,0.54,0.60,0,0,0,0,4.56,4.56,4.39,3.58,VMS 3,,Drenaje,,1.26,1.20,0.84,0.96,2.21,2.18,1.75,2.17
04/01/2025 12:15 p. m.,Ordeño,07:59,12.54,1,,,,,0,,1.02,0.96,0.60,0.66,0,0,0,0,4.84,4.95,4.90,4.94,VMS 3,,Drenaje,,1.44,1.44,0.90,1.02,3.27,3.32,2.71,3.24
04/01/2025 10:02 p. m.,Ordeño,06:39,8.89,2,,,,,0,,0.90,0.90,0.60,0.60,0,0,0,0,4.48,4.69,4.56,4.24,VMS 3,,Drenaje,,1.26,1.32,0.90,0.96,2.30,2.40,1.94,2.25
05/01/2025 06:32 a. m.,Ordeño,07:47,8.37,1,,,,,0,,0.90,0.90,0.54,0.72,0,0,0,0,4.67,4.75,4.62,4.31,VMS 3,,Drenaje,,1.26,1.20,0.90,1.08,2.27,2.14,1.87,2.09
06/01/2025 12:26 a. m.,Ordeño,10:49,15.31,1,,,,,0,,1.08,1.14,0.60,0.66,0,0,0,0,5.04,4.84,4.93,5.15,VMS 3,,Drenaje,,1.50,1.50,1.02,1.02,4.12,4.09,3.46,3.64
07/01/2025 09:13 a. m.,Ordeño,06:38,9.82,1,,,,,0,,0.96,0.90,0.60,0.66,0,0,0,0,4.61,4.62,4.44,4.10,VMS 3,,Drenaje,,1.26,1.32,0.90,1.14,2.51,2.61,2.18,2.52
07/01/2025 09:09 p. m.,Ordeño,09:20,7.80,2,,,TI,TI,0,,0.84,0.90,0.00,0.48,0,0,0,0,5.10,5.13,0.00,0.00,VMS 1,,Drenaje,,1.20,1.26,0.00,1.02,2.47,2.86,0.00,2.47
08/01/2025 12:26 a. m.,Ordeño,06:17,3.85,1,,,,TI,0,,0.78,0.78,0.00,0.60,0,0,0,0,4.70,4.80,0.00,0.00,VMS 1,,Drenaje,,1.26,1.02,0.00,0.96,1.20,1.23,0.00,1.42
08/01/2025 12:24 p. m.,Ordeño,10:15,12.41,2,,,,,0,,0.84,0.96,0.66,0.60,0,0,0,0,5.03,5.05,5.46,0.00,VMS 1,,Drenaje,,1.14,1.32,1.02,0.96,2.89,3.19,3.74,2.59
09/01/2025 03:51 a. m.,Ordeño,09:33,13.10,1,,,,,0,,0.96,1.02,0.60,0.66,0,0,0,0,4.87,4.99,4.86,0.00,VMS 1,,Drenaje,,1.26,1.68,0.96,1.08,3.18,3.49,3.09,3.34
09/01/2025 11:21 p. m.,Ordeño,12:37,15.67,2,,,,,0,,1.02,1.02,0.66,0.66,0,0,0,0,5.16,4.65,5.05,0.00,VMS 1,,Tanque,,1.62,1.44,1.08,1.14,3.92,3.73,4.27,3.75
10/01/2025 08:45 a. m.,Ordeño,08:51,9.20,1,,,,,0,,0.78,0.84,0.54,0.60,0,0,0,0,4.60,4.52,4.56,0.00,VMS 1,,Tanque,,1.20,1.38,0.96,1.02,2.17,2.35,2.13,2.55
10/01/2025 09:09 p. m.,Ordeño,10:28,9.80,2,,,TI,TI,0,,0.84,0.96,0.00,0.60,0,0,0,0,4.99,4.99,0.00,0.00,VMS 1,,Tanque,,1.26,1.32,0.00,1.02,3.08,3.26,0.00,3.46
11/01/2025 09:22 a. m.,Ordeño,09:21,13.25,1,,,,,0,,0.96,0.96,0.66,0.72,0,0,0,0,4.86,4.69,5.16,0.00,VMS 1,,Tanque,,1.44,1.44,0.96,1.14,3.17,3.23,3.82,3.03
11/01/2025 11:31 p. m.,Ordeño,07:52,12.96,2,,,,,0,,1.02,1.02,0.66,0.72,0,0,0,0,4.99,4.95,4.90,0.00,VMS 1,,Tanque,,1.50,1.68,1.08,1.08,3.20,3.63,2.89,3.24
12/01/2025 10:36 a. m.,Ordeño,07:21,12.02,1,,,,,0,,0.90,0.96,0.60,0.66,0,0,0,0,4.95,4.95,5.11,0.00,VMS 1,,Tanque,,1.26,1.44,1.08,1.14,2.87,3.29,2.62,3.24
12/01/2025 11:37 p. m.,Ordeño,10:37,14.56,2,,,,,0,,0.96,0.96,0.60,0.54,0,0,0,0,4.96,4.91,5.01,0.00,VMS 1,,Tanque,,1.38,1.56,0.96,0.96,3.38,3.73,3.22,4.23
13/01/2025 12:13 p. m.,Ordeño,10:30,14.12,1,,,,,0,,0.90,0.96,0.60,0.66,0,0,0,0,5.06,5.11,5.07,0.00,VMS 1,,Tanque,,1.32,1.44,1.20,1.08,3.41,3.76,3.15,3.80
14/01/2025 02:10 a. m.,Ordeño,08:55,14.70,1,,,,,0,,0.90,1.08,0.66,0.66,0,0,0,0,5.15,5.10,5.19,0.00,VMS 1,,Tanque,,1.26,1.68,1.08,1.02,3.58,3.70,3.63,3.79
16/01/2025 12:47 p. m.,Ordeño,08:38,12.87,1,,"TI,TD",,,0,,1.02,1.08,0.60,0.66,0,0,0,0,5.01,5.03,4.88,0.00,VMS 1,,Tanque,,1.32,1.56,0.96,1.38,3.96,3.98,1.76,3.17
16/01/2025 09:24 p. m.,Ordeño,07:37,12.07,2,,,,,0,,1.08,1.02,0.72,0.84,0,0,0,0,4.95,4.97,4.80,0.00,VMS 1,,Tanque,,1.56,1.44,1.14,1.20,2.49,2.86,3.63,3.09
17/01/2025 12:15 p. m.,Ordeño,09:50,15.59,1,,,,,0,,1.08,1.14,0.72,0.66,0,0,0,0,5.17,5.21,5.06,0.00,VMS 1,,Tanque,,1.38,1.44,1.14,1.14,3.70,3.93,3.91,4.05
17/01/2025 11:01 p. m.,Ordeño,08:28,13.58,2,,,,,0,,1.02,1.08,0.66,0.78,0,0,0,0,5.16,5.13,5.09,0.00,VMS 1,,Tanque,,1.44,1.44,1.08,1.26,3.28,3.61,3.22,3.47
18/01/2025 06:25 a. m.,Ordeño,08:21,7.28,1,,TD,,TI,0,,0.84,1.02,0.00,0.78,0,0,0,0,4.68,4.74,0.00,0.00,VMS 1,,Tanque,,1.26,1.74,0.00,1.68,2.28,2.68,0.00,2.32
18/01/2025 07:12 p. m.,Ordeño,09:20,16.53,2,,,,,0,,1.02,1.08,0.72,0.72,0,0,0,0,4.98,4.95,4.98,0.00,VMS 1,,Tanque,,1.32,1.50,1.14,1.14,3.78,4.05,4.63,4.07
19/01/2025 07:36 a. m.,Ordeño,07:35,13.39,1,,,,,0,,1.02,1.14,0.72,0.72,0,0,0,0,4.74,4.90,4.51,0.00,VMS 1,,Tanque,,1.38,1.56,1.14,1.32,3.64,3.38,3.39,2.98
19/01/2025 06:24 p. m.,Ordeño,07:11,12.61,2,,,,,0,,0.96,1.02,0.66,0.78,0,0,0,0,4.73,4.74,4.77,0.00,VMS 1,,Tanque,,1.56,1.44,1.14,1.26,3.13,3.30,2.98,3.20
20/01/2025 10:26 a. m.,Ordeño,10:26,16.81,1,,,,,0,,1.02,1.20,0.66,0.78,0,0,0,0,4.59,4.69,4.79,0.00,VMS 1,,Tanque,,1.32,1.56,1.14,1.32,4.07,4.29,4.30,4.15
21/01/2025 02:57 p. m.,Ordeño,08:01,8.81,2,,,,,0,,0.84,0.96,0.60,0.72,0,0,0,0,4.48,4.32,4.23,0.00,VMS 1,,Tanque,,1.38,1.50,0.96,1.08,2.09,2.28,2.23,2.21
22/01/2025 03:58 a. m.,Ordeño,09:48,15.23,1,,,,,0,,0.96,0.96,0.60,0.66,0,0,0,0,4.88,4.88,4.77,0.00,VMS 1,,Tanque,,1.44,1.32,1.20,1.08,3.64,4.14,3.63,3.82
22/01/2025 01:50 p. m.,Ordeño,08:38,12.48,2,,,,,0,,0.96,1.02,0.66,0.72,0,0,0,0,4.93,4.95,4.95,0.00,VMS 1,,Tanque,,1.26,1.44,1.02,1.26,3.01,3.37,3.03,3.07
23/01/2025 06:26 a. m.,Ordeño,09:24,17.45,1,,,,,0,,1.08,1.14,0.72,0.84,0,0,0,0,4.98,5.02,5.12,0.00,VMS 1,,Tanque,,1.68,1.50,1.14,1.26,4.16,4.41,4.58,4.30
24/01/2025 05:37 a. m.,Ordeño,07:04,9.40,1,,,,,0,,0.90,0.84,0.54,0.60,0,0,0,0,4.45,4.45,4.22,0.00,VMS 1,,Tanque,,1.32,1.38,0.96,1.08,2.29,2.44,2.35,2.32
25/01/2025 06:20 a. m.,Ordeño,11:49,18.58,1,,,,,0,,0.96,1.14,0.72,0.78,0,0,0,0,5.00,4.81,4.92,0.00,VMS 1,,Tanque,,1.50,1.50,1.14,1.38,4.43,4.65,4.84,4.66
26/01/2025 06:38 a. m.,Ordeño,13:00,19.43,1,,,,,0,,1.02,1.08,0.72,0.72,0,0,0,0,4.90,4.70,5.08,0.00,VMS 1,,Tanque,,1.80,1.68,1.26,1.20,4.10,4.32,6.04,4.97
28/01/2025 09:14 p. m.,Ordeño,08:44,16.69,2,,,,,0,,1.20,1.14,0.72,0.78,0,0,0,0,4.96,4.87,4.77,0.00,VMS 1,,Tanque,,1.50,1.56,1.14,1.20,4.06,4.53,3.99,4.11
29/01/2025 02:57 p. m.,Ordeño,10:12,19.43,1,,,,,0,,1.20,1.14,0.78,0.78,0,0,0,0,5.25,5.28,5.42,0.00,VMS 1,,Tanque,,1.56,1.74,1.14,1.26,4.64,5.18,5.10,4.51
30/01/2025 03:58 a. m.,Ordeño,09:17,16.13,1,,,,,0,,1.02,1.02,0.66,0.60,0,0,0,0,4.81,4.86,4.87,0.00,VMS 1,,Tanque,,1.62,1.38,1.02,1.14,4.12,4.40,3.81,3.80
30/01/2025 03:08 p. m.,Ordeño,10:10,14.37,2,,,,,0,,1.02,1.08,0.66,0.72,0,0,0,0,5.16,5.24,5.21,0.00,VMS 1,,Tanque,,1.38,1.50,1.14,1.14,3.50,4.04,3.51,3.32
31/01/2025 06:15 a. m.,Ordeño,09:26,18.92,1,,,,,0,,1.08,1.14,0.78,0.72,0,0,0,0,5.17,5.24,5.20,0.00,VMS 1,,Tanque,,1.68,1.50,1.08,1.38,4.65,4.96,4.82,4.49
01/02/2025 06:27 a. m.,Ordeño,07:56,14.89,1,,,,,0,,1.02,1.14,0.72,0.84,0,0,0,0,4.94,4.94,4.92,0.00,VMS 1,,Tanque,,1.56,1.74,1.20,1.32,3.70,4.01,3.65,3.53
01/02/2025 07:42 p. m.,Ordeño,09:13,17.30,2,,,,,0,,1.20,1.20,0.72,0.72,0,0,0,0,4.94,4.96,4.78,0.00,VMS 1,,Tanque,,1.62,1.56,1.20,1.14,4.15,4.66,4.34,4.15
02/02/2025 06:00 a. m.,Ordeño,07:33,14.36,1,,DD,,,0,,1.08,1.14,0.72,0.84,0,0,0,0,5.05,5.08,5.01,0.00,VMS 1,,Tanque,,1.62,1.68,1.14,1.26,3.46,3.73,3.66,3.51
02/02/2025 06:04 p. m.,Ordeño,08:43,16.73,2,,,,,0,,0.96,1.20,0.72,0.78,0,0,0,0,4.99,5.02,4.87,0.00,VMS 1,,Tanque,,1.26,1.62,1.14,1.20,4.03,4.35,4.29,4.06
03/02/2025 08:57 a. m.,Ordeño,10:19,18.93,1,,,,,0,,0.96,1.14,0.72,0.84,0,0,0,0,4.98,5.01,5.02,0.00,VMS 1,,Tanque,,1.44,1.68,1.08,1.44,4.52,4.91,4.93,4.57
03/02/2025 10:46 p. m.,Ordeño,10:31,17.51,2,,,,,0,,1.08,1.08,0.72,0.60,0,0,0,0,4.53,4.62,4.52,0.00,VMS 1,,Tanque,,1.44,1.74,1.08,1.14,4.15,4.75,4.48,4.13
04/02/2025 07:38 a. m.,Ordeño,05:57,11.76,1,,,,,0,,1.20,1.08,0.78,0.78,0,0,0,0,4.53,4.53,4.47,0.00,VMS 1,,Tanque,,1.56,1.50,1.14,1.26,2.81,3.11,2.90,2.94
04/02/2025 10:02 p. m.,Ordeño,09:20,19.36,2,,DI,,,0,,1.02,1.08,0.72,0.84,0,0,0,0,4.81,4.80,4.73,0.00,VMS 1,,Tanque,,1.44,1.50,1.32,1.20,4.65,5.23,4.88,4.60
05/02/2025 11:34 a. m.,Ordeño,09:11,17.65,1,,,,,0,,1.02,1.02,0.78,0.78,0,0,0,0,4.59,4.66,4.55,0.00,VMS 1,,Tanque,,1.44,1.56,1.14,1.08,4.20,4.82,4.46,4.17
06/02/2025 02:45 a. m.,Ordeño,09:29,19.94,1,,,,,0,,1.02,1.14,0.72,0.72,0,0,0,0,4.79,4.66,4.62,0.00,VMS 1,,Tanque,,1.74,1.68,1.20,1.14,4.88,5.53,5.08,4.45
06/02/2025 07:05 p. m.,Ordeño,11:22,20.53,2,,DD,,,0,,1.02,1.14,0.72,0.72,0,0,0,0,4.80,4.78,4.69,0.00,VMS 1,,Tanque,,1.44,1.74,1.32,1.08,5.01,5.52,5.18,4.82
07/02/2025 02:22 a. m.,Ordeño,05:59,10.01,1,,,,,0,,1.02,1.08,0.72,0.78,0,0,0,0,4.45,4.59,4.43,0.00,VMS 1,,Tanque,,1.44,1.56,1.38,1.20,2.46,2.68,2.48,2.39
07/02/2025 12:01 p. m.,Ordeño,07:17,13.74,2,,,,,0,,1.02,1.14,0.72,0.78,0,0,0,0,5.06,5.12,5.10,0.00,VMS 1,,Tanque,,1.38,1.74,1.32,1.20,3.35,3.78,3.43,3.18
07/02/2025 11:10 p. m.,Ordeño,08:30,15.96,3,,,,,0,,1.08,1.02,0.78,0.72,0,0,0,0,5.00,5.00,4.94,0.00,VMS 1,,Tanque,,1.68,1.50,1.14,1.08,3.89,4.17,4.05,3.85
08/02/2025 11:51 a. m.,Ordeño,08:17,17.48,1,,DD,,,0,,1.02,1.14,0.84,0.78,0,0,0,0,4.87,4.99,4.68,0.00,VMS 1,,Tanque,,1.38,1.56,3.06,1.32,4.08,4.56,4.93,3.91
08/02/2025 11:41 p. m.,Ordeño,09:11,16.86,2,,,,,0,,1.08,1.08,0.66,0.78,0,0,0,0,4.95,5.00,4.86,0.00,VMS 1,,Tanque,,1.44,1.50,1.08,1.14,4.02,4.54,4.24,4.06
09/02/2025 12:07 p. m.,Ordeño,09:17,17.11,1,,,,,0,,0.96,1.20,0.72,0.78,0,0,0,0,4.89,5.00,4.85,0.00,VMS 1,,Tanque,,1.38,1.86,1.08,1.14,4.33,4.54,4.46,3.78
10/02/2025 03:42 a. m.,Ordeño,13:08,19.09,1,,,,,0,,1.02,1.20,0.60,0.72,0,0,0,0,5.10,5.11,4.93,0.00,VMS 1,,Tanque,,1.26,1.68,1.08,1.14,4.48,4.99,4.97,4.65
10/02/2025 12:25 p. m.,Ordeño,07:39,11.83,2,,,,,0,,1.02,1.08,0.60,0.78,0,0,0,0,4.61,4.56,4.56,0.00,VMS 1,,Tanque,,1.32,1.86,1.14,1.14,2.91,3.19,2.93,2.80
10/02/2025 10:11 p. m.,Ordeño,07:21,12.32,3,,,,,0,,0.96,1.02,0.66,0.78,0,0,0,0,4.69,4.71,4.60,0.00,VMS 1,,Tanque,,1.50,1.38,1.14,1.14,2.99,3.24,3.01,3.08
11/02/2025 08:46 a. m.,Ordeño,09:09,14.44,1,,,,,0,,1.08,1.26,0.66,0.72,0,0,0,0,5.13,5.26,5.09,0.00,VMS 1,,Tanque,,1.38,1.80,1.02,1.02,3.54,3.90,3.65,3.35
11/02/2025 07:45 p. m.,Ordeño,08:46,15.61,2,,,,,0,,1.02,1.08,0.66,0.78,0,0,0,0,5.49,5.43,5.43,0.00,VMS 1,,Tanque,,1.32,1.44,1.08,1.14,3.69,4.26,3.94,3.72
12/02/2025 09:51 a. m.,Ordeño,10:17,19.35,1,,,,,0,,1.08,1.14,0.66,0.78,0,0,0,0,5.39,5.39,5.36,0.00,VMS 1,,Tanque,,1.62,1.74,1.14,1.20,4.70,5.07,5.07,4.51
12/02/2025 05:41 p. m.,Ordeño,07:36,11.63,2,,,,,0,,1.14,1.02,0.60,0.72,0,0,0,0,4.99,5.06,4.82,0.00,VMS 1,,Tanque,,1.44,1.62,1.02,1.14,2.68,3.17,3.05,2.73
13/02/2025 02:48 a. m.,Ordeño,07:48,13.51,1,,,,,0,,1.02,0.96,0.66,0.78,0,0,0,0,5.34,5.40,5.27,0.00,VMS 1,,Tanque,,1.56,1.26,1.08,1.14,3.24,3.60,3.39,3.28
13/02/2025 11:43 a. m.,Ordeño,08:41,13.35,2,,,,,0,,1.02,1.02,0.66,0.72,0,0,0,0,5.26,5.19,5.16,0.00,VMS 1,,Tanque,,1.38,1.50,0.96,1.14,3.17,3.64,3.29,3.25
13/02/2025 09:15 p. m.,Ordeño,08:54,14.66,3,,,,,0,,0.90,1.02,0.60,0.60,0,0,0,0,5.20,5.13,5.08,0.00,VMS 1,,Tanque,,1.50,1.50,1.02,1.02,3.63,3.95,3.67,3.41
14/02/2025 11:32 a. m.,Ordeño,09:18,19.63,1,,,,,0,,1.02,1.14,0.78,0.84,0,0,0,0,5.21,5.11,5.22,0.00,VMS 1,,Tanque,,1.44,1.56,1.20,1.26,4.94,5.24,5.08,4.37
14/02/2025 09:34 p. m.,Ordeño,07:45,13.78,2,,,,,0,,1.14,1.14,0.72,0.78,0,0,0,0,4.73,4.68,4.59,0.00,VMS 1,,Tanque,,1.44,1.74,1.14,1.26,3.34,3.66,3.54,3.24
15/02/2025 09:07 a. m.,Ordeño,08:38,16.98,1,,,,,0,,1.20,1.26,0.72,0.78,0,0,0,0,5.46,5.38,5.37,0.00,VMS 1,,Tanque,,1.56,1.56,1.14,1.20,4.18,4.53,4.25,4.02
15/02/2025 05:01 p. m.,Ordeño,08:41,10.67,2,,,,,0,,1.08,1.08,0.60,0.72,0,0,0,0,5.06,5.04,4.98,0.00,VMS 1,,Tanque,,1.68,1.74,1.44,1.14,2.68,2.91,2.27,2.81
16/02/2025 06:02 a. m.,Ordeño,08:53,18.15,1,,,,,0,,1.02,1.26,0.78,0.72,0,0,0,0,5.32,5.34,5.23,0.00,VMS 1,,Tanque,,1.44,2.04,1.14,1.14,4.57,4.83,4.81,3.94
16/02/2025 06:21 p. m.,Ordeño,07:57,16.38,2,,,,,0,,1.02,1.26,0.78,0.72,0,0,0,0,4.94,4.84,4.83,0.00,VMS 1,,Tanque,,1.62,1.98,1.20,1.14,4.05,4.49,4.12,3.72
17/02/2025 07:59 a. m.,Ordeño,08:46,18.09,1,,,,,0,,1.14,1.32,0.84,0.84,0,0,0,0,5.05,5.11,5.11,0.00,VMS 1,,Tanque,,1.92,1.68,1.32,1.20,4.32,4.90,4.66,4.21
17/02/2025 07:21 p. m.,Ordeño,08:12,15.64,2,,,,,0,,1.08,1.26,0.78,0.78,0,0,0,0,5.13,5.15,5.27,0.00,VMS 1,,Tanque,,1.56,2.16,1.26,1.14,3.73,3.81,4.34,3.76
18/02/2025 05:02 a. m.,Ordeño,08:56,13.10,1,,,,,0,,1.08,1.20,0.72,0.36,0,0,0,0,5.13,5.22,5.12,0.00,VMS 1,,Tanque,,1.62,1.92,1.14,0.60,3.45,3.77,3.60,2.28
18/02/2025 02:22 p. m.,Ordeño,07:29,12.19,2,,,,,0,,1.14,1.14,0.72,0.78,0,0,0,0,5.19,5.21,5.21,0.00,VMS 1,,Tanque,,1.50,1.62,1.14,1.14,2.88,3.35,3.05,2.91
18/02/2025 11:04 p. m.,Ordeño,07:49,14.32,3,,,,,0,,1.14,1.26,0.78,0.78,0,0,0,0,5.34,5.35,5.26,0.00,VMS 1,,Tanque,,1.56,1.86,1.26,1.20,3.47,3.85,3.60,3.40
19/02/2025 10:10 a. m.,Ordeño,08:33,17.02,1,,,,,0,,1.20,1.20,0.78,0.84,0,0,0,0,5.32,5.44,5.39,0.00,VMS 1,,Tanque,,1.74,1.86,1.26,1.26,4.34,4.16,4.67,3.85
19/02/2025 09:13 p. m.,Ordeño,08:02,15.83,2,,,,,0,,1.20,1.20,0.78,0.78,0,0,0,0,4.90,4.81,5.03,0.00,VMS 1,,Tanque,,1.56,1.92,1.20,1.26,4.01,4.08,4.23,3.51
20/02/2025 05:00 a. m.,Ordeño,13:11,4.24,1,,,"DI,DD,TI",TI,0,,0.96,0.96,0.00,0.78,0,0,0,0,4.64,4.55,0.00,0.00,VMS 1,,Tanque,,1.62,1.50,0.00,1.08,0.97,1.02,0.00,2.25
20/02/2025 09:55 a. m.,Ordeño,08:11,14.03,2,,,,,0,,1.20,1.14,0.84,0.84,0,0,0,0,4.63,4.70,4.88,0.00,VMS 1,,Tanque,,1.56,1.68,1.26,1.14,3.42,3.79,4.72,2.10
20/02/2025 06:57 p. m.,Ordeño,09:33,11.69,3,,,,,0,,1.02,1.14,0.66,0.84,0,0,0,0,4.58,4.70,4.59,0.00,VMS 1,,Tanque,,1.38,1.68,1.02,1.26,2.91,3.06,2.88,2.84
21/02/2025 02:25 a. m.,Ordeño,06:52,11.88,1,,,,,0,,1.14,1.02,0.78,0.78,0,0,0,0,4.86,4.82,4.66,0.00,VMS 1,,Tanque,,1.50,1.62,1.20,1.14,2.82,2.98,3.35,2.73
21/02/2025 09:51 a. m.,Ordeño,06:55,11.31,2,,,,,0,,1.02,1.08,0.72,0.78,0,0,0,0,4.72,4.74,4.61,0.00,VMS 1,,Tanque,,1.38,1.68,1.08,1.20,2.66,2.98,2.81,2.86
21/02/2025 08:20 p. m.,Ordeño,07:55,14.40,3,,,,,0,,1.02,1.08,0.72,0.72,0,0,0,0,4.81,4.81,4.65,0.00,VMS 1,,Tanque,,1.44,1.74,1.08,1.14,3.53,3.84,3.58,3.45
22/02/2025 05:20 a. m.,Ordeño,07:38,13.72,1,,,,,0,,0.96,1.14,0.72,0.78,0,0,0,0,4.66,4.74,4.60,0.00,VMS 1,,Tanque,,1.38,1.56,1.14,1.26,3.29,3.51,3.49,3.43
22/02/2025 07:54 p. m.,Ordeño,08:50,18.83,2,,,,,0,,1.08,1.20,0.78,0.72,0,0,0,0,4.46,4.59,4.62,0.00,VMS 1,,Tanque,,1.44,1.62,1.20,1.20,4.55,4.90,4.84,4.54
23/02/2025 08:04 a. m.,Ordeño,08:45,17.27,1,,,,,0,,1.14,1.38,0.78,0.84,0,0,0,0,4.58,4.69,4.60,0.00,VMS 1,,Tanque,,1.56,2.16,1.20,1.32,4.13,4.47,4.46,4.21
23/02/2025 09:39 p. m.,Ordeño,08:41,18.13,2,,,,,0,,1.14,1.20,0.78,0.78,0,0,0,0,4.52,4.68,4.61,0.00,VMS 1,,Tanque,,1.92,1.80,1.20,1.20,4.09,4.92,4.67,4.45
24/02/2025 05:49 a. m.,Ordeño,07:30,11.44,1,,,,,0,,1.02,1.14,0.72,0.78,0,0,0,0,4.37,4.46,4.43,0.00,VMS 1,,Tanque,,1.56,1.68,1.08,1.14,2.66,3.08,2.84,2.86
24/02/2025 04:45 p. m.,Ordeño,07:44,14.55,2,,,,,0,,1.02,1.14,0.78,0.84,0,0,0,0,4.59,4.67,4.61,0.00,VMS 1,,Tanque,,1.38,1.62,1.20,1.20,3.47,3.81,3.77,3.50
25/02/2025 05:45 a. m.,Ordeño,09:35,18.36,1,,,,,0,,1.20,1.20,0.78,0.78,0,0,0,0,4.65,4.75,4.68,0.00,VMS 1,,Tanque,,1.80,1.68,1.14,1.14,4.39,4.81,4.67,4.49
25/02/2025 12:28 p. m.,Ordeño,05:38,10.12,2,,,,,0,,1.08,1.14,0.84,0.90,0,0,0,0,4.65,4.67,4.68,0.00,VMS 1,,Tanque,,1.56,1.56,1.20,1.32,2.40,2.72,2.62,2.38
25/02/2025 09:59 p. m.,Ordeño,07:00,13.34,3,,,,,0,,1.08,1.14,0.78,0.84,0,0,0,0,4.80,4.80,4.80,0.00,VMS 1,,Tanque,,1.56,1.50,1.26,1.26,3.13,3.53,3.39,3.29
26/02/2025 05:42 a. m.,Ordeño,06:28,11.61,1,,,,,0,,1.14,1.14,0.78,0.84,0,0,0,0,5.07,4.94,4.93,0.00,VMS 1,,Tanque,,1.50,1.56,1.20,1.20,2.71,3.04,3.01,2.85
26/02/2025 03:18 p. m.,Ordeño,07:37,14.48,2,,,,,0,,1.08,1.20,0.78,0.78,0,0,0,0,4.92,5.02,5.00,0.00,VMS 1,,Tanque,,1.62,1.62,1.20,1.14,3.61,3.90,3.61,3.36
26/02/2025 11:33 p. m.,Ordeño,06:27,12.17,3,,,,,0,,1.14,1.14,0.78,0.78,0,0,0,0,5.19,5.02,5.07,0.00,VMS 1,,Tanque,,1.50,1.80,1.08,1.32,2.82,3.21,3.13,3.01
27/02/2025 10:13 a. m.,Ordeño,07:45,16.92,1,,,,,0,,1.20,1.32,0.84,0.84,0,0,0,0,5.19,5.15,5.14,0.00,VMS 1,,Tanque,,1.62,1.74,1.44,1.26,4.12,4.42,4.40,3.98
27/02/2025 07:30 p. m.,Ordeño,07:17,13.52,2,,,,,0,,1.14,1.08,0.72,0.78,0,0,0,0,4.77,4.74,4.76,0.00,VMS 1,,Tanque,,1.56,1.68,1.26,1.20,3.23,3.49,3.50,3.30
28/02/2025 06:10 a. m.,Ordeño,08:16,16.62,1,,,,,0,,1.20,1.14,0.78,0.84,0,0,0,0,5.05,4.84,4.99,0.00,VMS 1,,Tanque,,1.62,1.62,1.26,1.20,3.92,4.42,4.26,4.02
28/02/2025 07:07 p. m.,Ordeño,08:14,17.66,2,,,,,0,,1.14,1.14,0.84,0.84,0,0,0,0,4.77,4.68,4.70,0.00,VMS 1,,Tanque,,1.62,1.74,1.32,1.20,4.29,4.76,4.65,3.96
01/03/2025 03:44 a. m.,Ordeño,06:02,11.73,1,,,,,0,,1.20,1.08,0.84,0.84,0,0,0,0,4.42,4.33,4.32,0.00,VMS 1,,Tanque,,1.62,1.68,1.26,1.44,2.83,3.07,2.92,2.91
01/03/2025 02:57 p. m.,Ordeño,08:03,16.27,2,,,,,0,,1.26,1.20,0.96,0.90,0,0,0,0,4.89,4.81,4.84,0.00,VMS 1,,Tanque,,1.74,1.68,1.56,1.32,3.96,4.29,4.21,3.81
01/03/2025 09:55 p. m.,Ordeño,06:10,11.05,3,,,,,0,,1.08,1.08,0.78,0.84,0,0,0,0,4.81,4.74,4.72,0.00,VMS 1,,Tanque,,1.50,1.50,1.14,1.26,2.58,2.78,2.90,2.79
02/03/2025 05:44 a. m.,Ordeño,06:21,13.07,1,,,,,0,,1.26,1.02,0.84,0.84,0,0,0,0,4.99,4.83,4.99,0.00,VMS 1,,Tanque,,1.86,1.50,1.26,1.14,3.16,3.47,3.27,3.17
02/03/2025 02:24 p. m.,Ordeño,07:03,13.95,2,,,,,0,,1.20,1.26,0.90,0.78,0,0,0,0,5.11,5.04,5.06,0.00,VMS 1,,Tanque,,1.80,1.80,1.32,1.14,3.36,3.62,3.68,3.29
03/03/2025 02:09 a. m.,Ordeño,08:08,17.06,1,,DD,,,0,,1.14,1.20,0.84,0.78,0,0,0,0,5.07,5.04,5.16,0.00,VMS 1,,Tanque,,1.68,1.56,1.26,1.20,4.23,4.22,4.55,4.06
03/03/2025 02:57 p. m.,Ordeño,07:57,18.54,2,,,,,0,,1.26,1.26,0.90,0.90,0,0,0,0,4.85,4.73,5.02,0.00,VMS 1,,Tanque,,1.62,1.80,1.38,1.38,4.32,4.81,4.94,4.47
04/03/2025 12:12 a. m.,Ordeño,06:24,13.30,1,,,,,0,,1.20,1.14,0.84,0.84,0,0,0,0,4.52,4.46,4.49,0.00,VMS 1,,Tanque,,1.68,1.68,1.32,1.20,3.08,3.58,3.42,3.22
04/03/2025 07:22 a. m.,Ordeño,06:24,11.99,2,,,,,0,,1.02,1.26,0.90,0.84,0,0,0,0,4.78,4.82,4.81,0.00,VMS 1,,Tanque,,1.44,1.68,1.32,1.20,2.80,3.04,3.20,2.95
04/03/2025 04:33 p. m.,Ordeño,06:48,14.21,3,,,,,0,,1.14,1.14,0.84,0.84,0,0,0,0,5.03,4.87,5.04,0.00,VMS 1,,Tanque,,1.56,1.56,1.20,1.32,3.49,3.70,3.71,3.31
05/03/2025 01:25 a. m.,Ordeño,07:05,13.21,1,,,,,0,,1.14,1.08,0.78,0.72,0,0,0,0,4.63,4.61,4.69,0.00,VMS 1,,Tanque,,1.56,1.62,1.14,1.08,3.27,3.40,3.46,3.08
05/03/2025 10:13 a. m.,Ordeño,08:37,13.91,2,,,,,0,,1.20,1.20,0.84,0.72,0,0,0,0,4.76,4.55,4.62,0.00,VMS 1,,Tanque,,1.62,1.80,1.20,1.14,3.23,3.67,3.68,3.33
05/03/2025 09:23 p. m.,Ordeño,08:11,16.25,3,,,,,0,,1.14,1.20,0.84,0.72,0,0,0,0,4.48,4.50,4.48,0.00,VMS 1,,Tanque,,1.56,1.86,1.20,1.20,3.75,4.44,4.07,3.99
06/03/2025 05:52 a. m.,Ordeño,07:01,14.29,1,,,,,0,,1.20,1.20,0.84,0.78,0,0,0,0,4.68,4.64,4.69,0.00,VMS 1,,Tanque,,1.62,1.68,1.26,1.08,3.39,3.75,3.69,3.46
06/03/2025 02:59 p. m.,Ordeño,07:30,14.02,2,,DD,,,0,,1.14,1.14,0.78,0.72,0,0,0,0,4.73,4.66,4.68,0.00,VMS 1,,Tanque,,1.50,1.56,1.14,1.14,3.55,3.32,3.89,3.26
07/03/2025 01:53 a. m.,Ordeño,08:31,17.20,1,,,,,0,,1.14,1.20,0.78,0.72,0,0,0,0,4.67,4.65,4.74,0.00,VMS 1,,Tanque,,1.56,1.80,1.32,1.14,4.14,4.53,4.45,4.08
07/03/2025 12:07 p. m.,Ordeño,08:00,15.93,2,,,,,0,,1.20,1.20,0.78,0.84,0,0,0,0,4.26,4.32,4.35,0.00,VMS 1,,Tanque,,1.56,1.62,1.50,1.44,3.79,4.30,4.01,3.83
07/03/2025 07:07 p. m.,Ordeño,06:23,9.82,3,,DD,,,0,,0.96,1.14,0.72,0.78,0,0,0,0,4.04,4.13,4.08,0.00,VMS 1,,Tanque,,1.32,1.62,1.08,1.14,2.35,2.43,2.64,2.40
08/03/2025 03:51 a. m.,Ordeño,07:17,13.23,1,,,,,0,,1.14,1.20,0.72,0.84,0,0,0,0,4.53,4.54,4.47,0.00,VMS 1,,Tanque,,1.56,1.80,1.14,1.26,3.26,3.35,3.45,3.17
08/03/2025 02:17 p. m.,Ordeño,08:15,16.12,2,,,,,0,,1.02,1.26,0.78,0.84,0,0,0,0,4.57,4.54,4.63,0.00,VMS 1,,Tanque,,1.38,1.86,1.14,1.32,3.89,4.14,4.20,3.89
08/03/2025 10:44 p. m.,Ordeño,06:50,12.66,3,,,,,0,,1.02,1.32,0.78,0.84,0,0,0,0,4.25,4.28,4.33,0.00,VMS 1,,Tanque,,1.44,1.80,1.14,1.32,3.04,3.15,3.40,3.07
09/03/2025 09:28 a. m.,Ordeño,07:43,16.45,1,,,,,0,,1.08,1.26,0.84,0.84,0,0,0,0,4.38,4.43,4.40,0.00,VMS 1,,Tanque,,1.56,2.16,1.26,1.32,3.89,4.25,4.34,3.97
10/03/2025 12:56 a. m.,Ordeño,09:40,21.90,1,,,,,0,,1.08,1.26,0.84,0.78,0,0,0,0,4.26,4.27,4.26,0.00,VMS 1,,Tanque,,1.50,1.80,1.62,1.62,5.30,5.60,5.66,5.34
10/03/2025 12:09 p. m.,Ordeño,06:55,14.96,2,,,,,0,,1.08,1.38,0.84,0.96,0,0,0,0,3.86,3.95,3.91,0.00,VMS 1,,Tanque,,1.44,2.10,1.32,1.38,3.61,3.96,3.81,3.58
10/03/2025 07:58 p. m.,Ordeño,06:24,10.40,3,,,,,0,,0.90,1.26,0.78,0.90,0,0,0,0,3.80,3.91,3.95,0.00,VMS 1,,Tanque,,1.20,1.62,1.20,1.38,2.44,2.75,2.67,2.54
11/03/2025 10:32 a. m.,Ordeño,08:09,20.28,1,,,,,0,,1.20,1.44,0.96,0.96,0,0,0,0,4.26,4.32,4.42,0.00,VMS 1,,Tanque,,1.56,1.80,1.38,1.38,4.71,4.97,5.50,5.10
11/03/2025 10:35 p. m.,Ordeño,12:50,16.72,2,,,,,0,,1.14,1.32,0.84,0.30,0,0,0,0,4.13,4.18,4.15,0.00,VMS 1,,Tanque,,1.56,1.92,1.26,0.60,4.22,4.62,4.67,3.21
12/03/2025 07:54 a. m.,Ordeño,06:42,15.61,1,,,,,0,,1.14,1.38,0.90,0.96,0,0,0,0,4.22,4.23,4.28,0.00,VMS 1,,Tanque,,1.62,1.92,1.32,1.32,3.58,3.91,3.96,4.16
12/03/2025 04:57 p. m.,Ordeño,06:58,13.64,2,,,,,0,,1.08,1.08,0.84,0.90,0,0,0,0,3.99,4.04,4.02,0.00,VMS 1,,Tanque,,1.50,1.62,1.32,1.44,3.30,3.58,3.55,3.21
13/03/2025 05:33 a. m.,Ordeño,08:10,16.49,1,,,,,0,,1.26,1.14,0.84,0.84,0,0,0,0,4.38,4.42,4.33,0.00,VMS 1,,Tanque,,1.74,1.68,1.26,1.20,3.90,4.25,4.38,3.96
13/03/2025 02:31 p. m.,Ordeño,07:06,13.29,2,,,,,0,DD,1.20,1.26,0.84,1.02,0,0,0,0,4.38,5.21,4.47,0.00,VMS 1,,Tanque,,1.92,1.68,1.20,1.38,3.25,3.44,3.62,2.98
13/03/2025 11:39 p. m.,Ordeño,06:41,13.61,3,,,,,0,,1.14,1.14,0.84,0.96,0,0,0,0,4.50,4.51,4.46,0.00,VMS 1,,Tanque,,1.50,1.62,1.26,1.26,3.17,3.62,3.57,3.25
14/03/2025 07:58 a. m.,Ordeño,06:25,12.59,1,,TD,,,0,,1.26,1.20,0.84,0.96,0,0,0,0,4.66,4.55,4.59,0.00,VMS 1,,Tanque,,1.68,1.68,1.14,1.44,2.87,3.35,3.25,3.12
14/03/2025 07:28 p. m.,Ordeño,07:40,16.42,2,,,,,0,,1.14,1.26,0.84,0.90,0,0,0,0,4.57,4.51,4.59,0.00,VMS 1,,Tanque,,1.62,1.80,1.26,1.38,3.74,4.34,4.37,3.97
15/03/2025 03:26 a. m.,Ordeño,07:07,11.68,1,,,,,0,,1.14,1.38,0.84,0.96,0,0,0,0,4.38,4.41,4.47,0.00,VMS 1,,Tanque,,1.50,1.68,1.32,1.38,2.82,3.05,3.02,2.79
15/03/2025 03:00 p. m.,Ordeño,07:39,16.16,2,,,,,0,,1.14,1.32,0.84,0.96,0,0,0,0,4.34,4.43,4.43,0.00,VMS 1,,Tanque,,1.50,1.86,1.32,1.32,3.75,4.26,4.21,3.94
15/03/2025 11:03 p. m.,Ordeño,06:05,12.06,3,,,,,0,,1.14,1.38,0.84,0.96,0,0,0,0,4.35,4.48,4.43,0.00,VMS 1,,Tanque,,1.62,1.92,1.26,1.20,2.83,3.10,3.10,3.03
16/03/2025 10:58 a. m.,Ordeño,07:35,16.98,1,,,,,0,,1.08,1.26,0.90,0.84,0,0,0,0,4.58,4.50,4.59,0.00,VMS 1,,Tanque,,1.50,1.74,1.32,1.26,4.10,4.44,4.49,3.95
16/03/2025 07:36 p. m.,Ordeño,06:39,11.88,2,,,,,0,,0.96,1.08,0.78,0.72,0,0,0,0,4.20,4.22,4.25,0.00,VMS 1,,Tanque,,1.32,1.50,1.14,1.14,2.79,3.09,3.11,2.89
17/03/2025 05:18 a. m.,Ordeño,06:00,13.34,1,,,,,0,,1.26,1.32,0.96,0.90,0,0,0,0,4.39,4.34,4.46,0.00,VMS 1,,Tanque,,1.68,1.68,1.44,1.32,3.13,3.44,3.43,3.34
17/03/2025 02:59 p. m.,Ordeño,06:41,12.39,2,,,,,0,,1.02,1.26,0.78,0.84,0,0,0,0,4.25,4.21,4.47,0.00,VMS 1,,Tanque,,1.44,1.62,1.14,1.20,2.93,3.34,3.10,3.02
17/03/2025 11:13 p. m.,Ordeño,06:04,10.36,3,,,,,0,,1.02,1.20,0.78,0.90,0,0,0,0,4.21,4.23,4.36,0.00,VMS 1,,Tanque,,1.38,1.56,1.08,1.26,2.45,2.74,2.59,2.58
18/03/2025 08:25 a. m.,Ordeño,06:36,11.68,1,,,,,0,,1.20,1.44,0.84,1.02,0,0,0,0,4.47,4.51,4.62,0.00,VMS 1,,Tanque,,1.68,1.86,1.20,1.32,2.74,3.15,2.97,2.82
18/03/2025 06:58 p. m.,Ordeño,06:45,13.32,2,,,,,0,,1.08,1.26,0.78,0.90,0,0,0,0,4.63,4.62,4.69,0.00,VMS 1,,Tanque,,1.50,1.74,1.14,1.26,3.15,3.51,3.39,3.27
19/03/2025 01:58 a. m.,Ordeño,05:27,9.78,1,,,,,0,,1.02,1.26,0.90,0.96,0,0,0,0,4.83,4.76,4.94,0.00,VMS 1,,Tanque,,1.44,1.68,1.32,1.26,2.28,2.44,2.70,2.36
19/03/2025 02:08 p. m.,Ordeño,07:21,16.50,2,,,,,0,,1.08,1.32,0.90,0.90,0,0,0,0,4.82,4.77,4.88,0.00,VMS 1,,Tanque,,1.56,1.74,1.26,1.32,3.91,4.22,4.49,3.88
19/03/2025 10:09 p. m.,Ordeño,06:26,10.75,3,,,,,0,,1.02,1.20,0.78,0.96,0,0,0,0,4.37,4.36,4.41,0.00,VMS 1,,Tanque,,1.38,1.62,1.26,1.38,2.59,2.71,2.91,2.54
20/03/2025 08:41 a. m.,Ordeño,06:49,15.33,1,,,,,0,,1.08,1.32,0.96,0.96,0,0,0,0,4.69,4.63,4.76,0.00,VMS 1,,Tanque,,1.56,1.80,1.32,1.32,3.66,3.81,4.15,3.71
20/03/2025 09:39 p. m.,Ordeño,07:59,18.63,2,,,,,0,,1.08,1.26,0.90,0.84,0,0,0,0,4.73,4.62,4.72,0.00,VMS 1,,Tanque,,1.50,1.74,1.44,1.20,4.38,4.85,4.98,4.42
21/03/2025 09:54 a. m.,Ordeño,07:10,18.32,1,,,,,0,,1.26,1.26,1.02,0.96,0,0,0,0,4.78,4.62,4.86,0.00,VMS 1,,Tanque,,1.62,1.62,1.44,1.38,4.28,4.76,4.94,4.34
21/03/2025 07:59 p. m.,Ordeño,06:46,14.97,2,,,,,0,,1.14,1.32,1.02,1.02,0,0,0,0,4.64,4.63,4.66,0.00,VMS 1,,Tanque,,1.56,1.62,1.44,1.44,3.48,3.70,4.22,3.57
22/03/2025 09:07 a. m.,Ordeño,08:11,19.69,1,,,,,0,,1.32,1.26,1.02,0.90,0,0,0,0,4.64,4.62,4.81,0.00,VMS 1,,Tanque,,1.86,1.62,1.38,1.20,4.73,5.11,5.39,4.46
22/03/2025 05:19 p. m.,Ordeño,05:54,12.20,2,,,,,0,,1.32,1.14,0.90,0.90,0,0,0,0,4.43,4.42,4.48,0.00,VMS 1,,Tanque,,1.92,1.56,1.26,1.26,2.89,3.18,3.22,2.91
23/03/2025 02:54 a. m.,Ordeño,07:27,14.48,1,,,,,0,,1.26,1.20,0.90,0.90,0,0,0,0,4.65,4.63,4.73,0.00,VMS 1,,Tanque,,1.62,1.68,1.32,1.26,3.31,3.86,3.87,3.44
23/03/2025 04:42 p. m.,Ordeño,07:49,19.94,2,,,,,0,,1.26,1.32,1.02,0.90,0,0,0,0,4.74,4.69,4.78,0.00,VMS 1,,Tanque,,1.62,1.80,1.38,1.26,4.49,5.31,5.39,4.75
24/03/2025 03:26 a. m.,Ordeño,07:23,14.62,1,,,,,0,,1.08,1.20,0.90,0.90,0,0,0,0,4.21,4.21,4.24,0.00,VMS 1,,Tanque,,1.50,1.62,1.44,1.38,3.40,3.81,3.93,3.48
24/03/2025 11:03 a. m.,Ordeño,05:41,10.40,2,,,,,0,,0.96,1.20,0.84,0.84,0,0,0,0,4.60,4.48,4.59,0.00,VMS 1,,Tanque,,1.32,1.56,1.32,1.32,2.52,2.65,2.78,2.45
24/03/2025 09:11 p. m.,Ordeño,07:03,14.98,3,,,,,0,,1.14,1.20,0.96,0.90,0,0,0,0,4.82,4.86,4.85,0.00,VMS 1,,Tanque,,1.68,1.62,1.38,1.32,3.65,3.84,4.09,3.40
25/03/2025 07:31 a. m.,Ordeño,07:03,16.24,1,,,,,0,,1.20,1.38,1.02,0.90,0,0,0,0,4.89,4.86,4.93,0.00,VMS 1,,Tanque,,1.68,1.92,1.44,1.50,3.73,4.12,4.50,3.89
25/03/2025 03:58 p. m.,Ordeño,06:50,11.86,2,,,,,0,,1.20,1.08,0.78,0.90,0,0,0,0,4.68,4.58,4.67,0.00,VMS 1,,Tanque,,1.56,1.50,1.26,1.38,2.83,3.11,3.09,2.83
26/03/2025 12:39 a. m.,Ordeño,09:12,11.57,1,,,,,0,,1.20,1.08,0.66,0.90,0,0,0,0,4.69,4.65,4.67,0.00,VMS 1,,Tanque,,1.56,1.44,1.26,1.26,2.96,3.14,2.47,3.00
26/03/2025 10:39 a. m.,Ordeño,07:24,14.56,2,,,,,0,,1.08,1.32,0.96,0.96,0,0,0,0,4.62,4.56,4.75,0.00,VMS 1,,Tanque,,1.50,1.68,1.32,1.32,3.34,3.57,4.56,3.09
26/03/2025 09:22 p. m.,Ordeño,06:48,12.66,3,,,,,0,,1.14,1.26,0.84,0.90,0,0,0,0,4.39,4.40,4.34,0.00,VMS 1,,Tanque,,1.50,1.62,1.26,1.38,2.93,3.23,3.19,3.31
27/03/2025 05:59 a. m.,Ordeño,05:25,11.76,1,,,,,0,,1.20,1.20,0.84,0.84,0,0,0,0,4.85,4.69,4.73,0.00,VMS 1,,Tanque,,1.62,1.56,1.26,1.26,2.77,3.11,3.00,2.88
27/03/2025 07:24 p. m.,Ordeño,07:44,18.31,2,,,,,0,,1.14,1.32,0.90,0.90,0,0,0,0,4.68,4.63,4.69,0.00,VMS 1,,Tanque,,1.50,1.80,1.32,1.32,4.30,4.73,4.77,4.51
28/03/2025 06:38 a. m.,Ordeño,07:08,15.89,1,,,,,0,,1.20,1.26,0.90,0.90,0,0,0,0,4.57,4.62,4.68,0.00,VMS 1,,Tanque,,1.62,1.68,1.32,1.32,3.74,4.20,4.07,3.88
28/03/2025 02:59 p. m.,Ordeño,06:54,12.19,2,,,,,0,,1.02,1.08,0.78,0.66,0,0,0,0,4.71,4.63,4.73,0.00,VMS 1,,Tanque,,1.38,1.68,1.26,0.90,2.91,3.25,3.22,2.81
29/03/2025 12:18 a. m.,Ordeño,06:37,13.67,1,,,,,0,,1.08,1.26,0.84,0.90,0,0,0,0,4.79,4.70,4.84,0.00,VMS 1,,Tanque,,1.44,1.62,1.20,1.26,3.16,3.60,3.63,3.28
29/03/2025 12:11 p. m.,Ordeño,07:17,16.40,2,,TI,,,0,,1.14,1.26,0.84,0.84,0,0,0,0,4.73,4.57,4.64,0.00,VMS 1,,Tanque,,1.56,1.62,1.44,1.20,3.85,4.23,4.18,4.14
29/03/2025 07:53 p. m.,Ordeño,06:28,11.52,3,,,,,0,,1.14,1.26,0.78,0.90,0,0,0,0,4.52,4.51,4.43,0.00,VMS 1,,Tanque,,1.44,1.68,1.08,1.32,2.75,2.97,3.08,2.72
30/03/2025 06:56 a. m.,Ordeño,07:09,16.07,1,,,,,0,,1.20,1.44,0.90,0.96,0,0,0,0,4.65,4.64,4.64,0.00,VMS 1,,Tanque,,1.62,1.80,1.32,1.38,3.92,4.00,4.29,3.86
30/03/2025 06:20 p. m.,Ordeño,07:07,15.30,2,,,,,0,,1.14,1.32,0.90,0.90,0,0,0,0,4.51,4.51,4.51,0.00,VMS 1,,Tanque,,1.44,1.86,1.20,1.44,3.58,3.99,4.03,3.70
31/03/2025 02:14 a. m.,Ordeño,06:09,11.98,1,,,,,0,,1.14,1.26,0.84,0.90,663,0,0,0,4.39,4.56,4.52,0.00,VMS 1,,Tanque,,1.68,1.68,1.38,1.38,2.83,3.09,3.11,2.95
31/03/2025 10:18 a. m.,Ordeño,05:45,11.18,2,,,,,0,,1.20,1.32,0.90,0.96,0,0,0,0,4.58,4.57,4.58,0.00,VMS 1,,Tanque,,1.62,1.68,1.26,1.44,2.63,2.96,2.84,2.75
31/03/2025 09:13 p. m.,Ordeño,08:50,15.17,3,,,,,0,,1.20,1.32,0.84,0.90,0,0,0,0,4.85,4.77,4.85,0.00,VMS 1,,Tanque,,1.56,1.68,1.20,1.38,3.64,3.98,3.71,3.84
01/04/2025 07:27 a. m.,Ordeño,07:28,16.66,1,,,,,0,,1.20,1.38,0.90,0.84,0,0,0,0,4.72,4.78,4.77,0.00,VMS 1,,Tanque,,1.62,1.86,1.32,1.26,4.04,4.31,4.46,3.85
04/04/2025 06:10 a. m.,Ordeño,08:26,10.35,1,,,,,0,,1.08,1.26,0.72,0.78,0,0,0,0,4.26,4.30,4.37,0.00,VMS 1,,Tanque,,1.50,1.92,1.14,1.20,2.95,3.32,1.87,2.21
04/04/2025 07:19 p. m.,Ordeño,06:28,15.93,2,,,,,0,,1.32,1.32,1.02,1.02,0,0,0,0,5.07,5.00,5.14,0.00,VMS 1,,Tanque,,1.80,1.92,1.38,1.38,4.11,4.91,3.53,3.38
05/04/2025 07:14 a. m.,Ordeño,06:17,16.39,1,,,,,0,,1.26,1.56,1.02,1.08,0,0,0,0,5.01,4.99,5.34,0.00,VMS 1,,Tanque,,1.80,1.98,1.38,1.62,4.08,4.46,4.01,3.84
05/04/2025 02:39 p. m.,Ordeño,06:47,7.74,2,,,TI,TI,0,,1.32,1.32,0.12,1.02,0,0,0,0,4.82,4.66,4.42,0.00,VMS 1,,Tanque,,1.74,1.74,0.18,1.32,2.50,2.75,0.07,2.42
05/04/2025 07:45 p. m.,Ordeño,06:58,9.70,3,,,,,0,,1.20,1.32,1.02,0.90,0,0,0,0,5.01,4.85,5.35,0.00,VMS 1,,Tanque,,1.74,1.62,1.62,1.20,1.82,1.94,4.39,1.55
07/04/2025 01:04 a. m.,Ordeño,07:33,18.91,1,,,,,0,,1.26,1.50,1.02,1.02,0,0,0,0,4.49,4.45,4.66,0.00,VMS 1,,Tanque,,1.56,2.10,1.44,1.50,4.90,4.73,4.78,4.50
07/04/2025 11:30 a. m.,Ordeño,07:32,13.82,2,,,,,0,,1.20,1.38,0.90,0.96,0,0,0,0,4.60,4.68,5.05,0.00,VMS 1,,Tanque,,1.62,1.80,1.32,1.32,3.33,3.89,3.45,3.15
08/04/2025 01:03 a. m.,Ordeño,07:13,17.85,1,,,,,0,,1.26,1.32,0.96,0.90,0,0,0,0,4.89,4.77,5.08,0.00,VMS 1,,Tanque,,1.68,1.98,1.38,1.26,4.41,4.48,4.56,4.40
08/04/2025 09:02 a. m.,Ordeño,06:13,12.24,2,,,,,0,,1.20,1.26,0.78,0.84,0,0,0,0,4.75,4.66,4.93,0.00,VMS 1,,Tanque,,1.80,1.56,1.26,1.50,2.97,3.33,2.96,2.98
08/04/2025 09:59 p. m.,Ordeño,07:28,16.09,3,,,,,0,,1.14,1.26,0.84,0.90,0,0,0,0,4.91,4.71,4.92,0.00,VMS 1,,Tanque,,1.50,1.62,1.20,1.32,4.00,4.13,4.27,3.69
09/04/2025 06:28 a. m.,Ordeño,06:07,11.51,1,,,,,0,,1.14,1.26,0.84,0.90,0,0,0,0,4.56,4.58,4.72,0.00,VMS 1,,Tanque,,1.62,1.74,1.26,1.38,2.74,3.10,2.87,2.80
09/04/2025 04:31 p. m.,Ordeño,06:21,13.78,2,,,,,0,,1.20,1.44,0.96,1.02,0,0,0,0,5.05,5.09,5.00,0.00,VMS 1,,Tanque,,1.56,1.80,1.44,1.38,3.27,3.70,3.57,3.24
10/04/2025 01:29 a. m.,Ordeño,06:10,12.86,1,,,,,0,,1.08,1.26,0.90,0.84,0,0,0,0,4.85,4.83,4.86,0.00,VMS 1,,Tanque,,1.50,1.80,1.38,1.26,3.16,3.42,3.29,2.99
10/04/2025 10:02 a. m.,Ordeño,06:30,12.68,2,,,,,0,,1.32,1.44,0.90,0.78,0,0,0,0,4.91,4.82,4.81,0.00,VMS 1,,Tanque,,1.98,1.86,1.32,1.20,3.06,3.41,3.26,2.95
10/04/2025 09:02 p. m.,Ordeño,06:26,15.90,3,,,,,0,,1.32,1.38,1.02,1.02,0,0,0,0,4.90,4.95,4.95,0.00,VMS 1,,Tanque,,1.68,1.92,1.44,1.38,3.78,4.11,4.04,3.97
11/04/2025 03:00 p. m.,Ordeño,07:24,19.29,1,,,,,0,,1.32,1.44,1.02,1.02,0,0,0,0,4.56,4.60,4.64,0.00,VMS 1,,Tanque,,1.62,1.86,1.38,1.44,4.63,5.09,4.97,4.60
12/04/2025 12:30 a. m.,Ordeño,06:18,11.56,1,,,,,0,,1.32,1.26,0.90,0.96,0,0,0,0,4.31,4.22,4.20,0.00,VMS 1,,Tanque,,1.62,1.62,1.38,1.38,2.71,3.08,2.95,2.82
12/04/2025 09:16 a. m.,Ordeño,05:46,11.45,2,,,,,0,,1.20,1.26,0.90,0.84,0,0,0,0,4.44,4.49,4.47,0.00,VMS 1,,Tanque,,1.74,1.74,1.26,1.20,2.67,2.99,3.01,2.78
12/04/2025 11:16 p. m.,Ordeño,07:25,18.23,3,,,,,0,,1.26,1.38,0.96,0.96,0,0,0,0,4.56,4.64,4.60,0.00,VMS 1,,Tanque,,1.62,1.80,1.44,1.32,4.35,4.91,4.87,4.10
13/04/2025 08:25 a. m.,Ordeño,06:00,12.28,1,,,,,0,,1.02,1.38,0.90,1.02,0,0,0,0,4.30,4.37,4.40,0.00,VMS 1,,Tanque,,1.56,1.92,1.32,1.38,2.92,3.25,3.12,2.99
13/04/2025 09:33 p. m.,Ordeño,06:57,16.41,2,,,,,0,,1.14,1.56,1.02,1.08,0,0,0,0,4.57,4.64,4.59,0.00,VMS 1,,Tanque,,1.50,1.98,1.38,1.44,3.92,4.13,4.49,3.87
14/04/2025 05:39 a. m.,Ordeño,06:49,8.60,1,,,TI,TI,0,,1.14,1.38,0.00,1.02,0,0,0,0,4.65,4.64,0.00,0.00,VMS 1,,Tanque,,1.56,1.80,0.00,1.44,2.77,3.07,0.00,2.76
14/04/2025 07:45 a. m.,Ordeño,06:06,5.23,2,,,,,0,,0.60,0.54,0.96,0.30,0,0,0,0,4.07,4.23,4.69,0.00,VMS 1,,Tanque,,1.20,1.08,1.38,0.60,0.60,0.60,3.65,0.38
14/04/2025 04:41 p. m.,Ordeño,06:04,12.02,3,,,,,0,,1.14,1.32,0.90,0.78,0,0,0,0,4.62,4.61,4.58,0.00,VMS 1,,Tanque,,1.74,1.92,1.38,1.26,2.80,3.05,3.15,3.02
15/04/2025 06:58 a. m.,Ordeño,07:26,19.20,1,,,,,0,,1.38,1.44,1.02,0.96,0,0,0,0,4.67,4.68,4.71,0.00,VMS 1,,Tanque,,1.80,1.80,1.38,1.32,4.65,5.10,4.97,4.48
15/04/2025 06:47 p. m.,Ordeño,06:15,14.55,2,,,,,0,,1.20,1.26,0.96,0.90,0,0,0,0,4.79,4.77,4.72,0.00,VMS 1,,Tanque,,1.62,1.74,1.32,1.26,3.39,3.98,3.68,3.50
16/04/2025 04:16 a. m.,Ordeño,05:52,13.06,1,,,,,0,,1.26,1.38,1.02,0.90,0,0,0,0,4.67,4.65,4.75,0.00,VMS 1,,Tanque,,1.62,1.80,1.50,1.26,3.11,3.43,3.43,3.09
16/04/2025 12:23 p. m.,Ordeño,06:14,11.97,2,,,,,0,,1.26,1.38,1.02,0.72,0,0,0,0,4.93,4.90,4.84,0.00,VMS 1,,Tanque,,1.92,1.80,1.44,1.20,2.82,3.17,3.08,2.90
16/04/2025 10:47 p. m.,Ordeño,06:57,14.85,3,,,,,0,,1.20,1.32,0.96,0.90,0,0,0,0,5.00,4.98,4.97,0.00,VMS 1,,Tanque,,1.68,1.74,1.32,1.32,3.49,3.90,3.93,3.53
17/04/2025 11:07 a. m.,Ordeño,06:32,13.03,1,,,TI,TI,0,,1.32,1.38,0.00,1.02,0,0,0,0,4.84,4.71,0.00,0.00,VMS 1,,Tanque,,1.68,1.92,0.00,1.44,4.37,4.39,0.00,4.27
17/04/2025 05:13 p. m.,Ordeño,08:27,12.11,2,,,,,0,,1.20,1.38,1.02,0.96,0,0,0,0,4.78,4.63,5.06,0.00,VMS 1,,Tanque,,1.62,1.98,1.50,1.38,2.25,2.48,5.01,2.37
18/04/2025 03:00 a. m.,Ordeño,06:31,14.94,1,,,,,0,,1.20,1.32,0.96,0.96,0,0,0,0,4.78,4.84,4.32,0.00,VMS 1,,Tanque,,1.56,1.56,1.38,1.32,3.47,3.91,3.97,3.59
18/04/2025 11:14 a. m.,Ordeño,06:26,11.58,2,,,,,0,,1.08,1.32,0.90,0.90,0,0,0,0,4.63,4.62,4.55,0.00,VMS 1,,Tanque,,1.74,1.68,1.26,1.50,2.80,3.17,2.74,2.87
19/04/2025 03:06 a. m.,Ordeño,08:13,21.26,1,,,,,0,,1.14,1.50,1.02,0.96,0,0,0,0,4.86,4.63,4.71,0.00,VMS 1,,Tanque,,1.56,1.92,1.44,1.32,5.42,5.05,5.55,5.24
19/04/2025 10:42 a. m.,Ordeño,05:02,10.15,2,,,,,0,,1.26,1.32,0.96,0.96,0,0,0,0,4.44,4.34,4.43,0.00,VMS 1,,Tanque,,1.74,1.80,1.44,1.50,2.42,2.76,2.50,2.47
19/04/2025 07:49 p. m.,Ordeño,05:45,12.78,3,,,,,0,,1.20,1.38,0.96,0.96,0,0,0,0,4.64,4.76,4.81,0.00,VMS 1,,Tanque,,1.74,1.80,1.50,1.38,3.11,3.40,3.28,2.99
20/04/2025 05:40 a. m.,Ordeño,06:13,14.62,1,,,,,0,,1.20,1.62,0.96,1.02,0,0,0,0,4.85,4.83,4.93,0.00,VMS 1,,Tanque,,1.68,1.98,1.38,1.38,3.47,3.84,3.79,3.52
20/04/2025 03:15 p. m.,Ordeño,06:06,13.18,2,,,,,0,,1.14,1.38,0.96,0.96,0,0,0,0,4.57,4.56,4.74,0.00,VMS 1,,Tanque,,1.50,1.74,1.50,1.44,3.10,3.50,3.45,3.13
21/04/2025 06:22 a. m.,Ordeño,07:11,19.91,1,,,,,0,,1.20,1.50,1.14,1.02,0,0,0,0,4.91,4.75,5.01,0.00,VMS 1,,Tanque,,1.50,1.98,1.68,1.50,5.17,4.76,5.48,4.50
21/04/2025 07:57 p. m.,Ordeño,08:03,15.60,2,,"DI,TI",TI,,0,,1.26,1.38,0.84,0.84,0,0,0,0,4.64,4.65,4.91,0.00,VMS 1,,Tanque,,1.74,2.16,1.44,1.26,4.11,4.63,2.29,4.57
22/04/2025 08:43 a. m.,Ordeño,07:54,19.51,1,,,,,0,,1.32,1.32,1.02,0.90,0,0,0,0,4.79,4.70,4.18,0.00,VMS 1,,Tanque,,1.80,1.74,1.44,1.26,4.53,5.22,5.41,4.35
22/04/2025 04:28 p. m.,Ordeño,06:09,9.45,2,,TI,TI,,0,,1.20,1.32,0.78,0.96,0,0,0,0,4.70,4.56,4.48,0.00,VMS 1,,Tanque,,1.56,1.68,1.38,1.44,2.69,3.05,1.07,2.64
23/04/2025 07:59 a. m.,Ordeño,07:27,19.97,1,,,,,0,,1.38,1.44,1.08,1.02,0,0,0,0,4.99,4.76,4.52,0.00,VMS 1,,Tanque,,1.80,1.98,1.50,1.50,4.55,4.93,5.43,5.06
24/04/2025 07:59 a. m.,Ordeño,08:11,21.15,1,,,,,0,,1.26,1.50,1.08,1.02,0,0,0,0,4.62,4.52,4.07,0.00,VMS 1,,Tanque,,1.62,2.16,1.56,1.50,4.86,5.44,5.86,4.99
24/04/2025 11:38 p. m.,Ordeño,06:32,18.61,2,,,,,0,,1.50,1.62,1.08,1.02,0,0,0,0,4.78,4.77,4.78,0.00,VMS 1,,Tanque,,1.86,2.04,1.38,1.38,4.39,5.14,4.61,4.47
25/04/2025 07:15 a. m.,Ordeño,05:08,10.39,1,,,,,0,,1.26,1.38,0.96,0.96,0,0,0,0,4.70,4.65,4.72,0.00,VMS 1,,Tanque,,1.74,1.86,1.26,1.32,2.50,2.83,2.56,2.50
25/04/2025 02:45 p. m.,Ordeño,05:24,10.38,2,,,,,0,,1.20,1.20,0.84,0.90,0,0,0,0,5.11,4.87,4.43,0.00,VMS 1,,Tanque,,1.56,1.92,1.14,1.38,2.60,2.85,2.50,2.43
26/04/2025 01:25 a. m.,Ordeño,06:35,15.98,1,,,,,0,,1.26,1.32,1.02,0.90,0,0,0,0,5.11,5.06,5.17,0.00,VMS 1,,Tanque,,1.62,1.80,1.38,1.20,3.95,4.15,4.00,3.88
26/04/2025 03:08 p. m.,Ordeño,07:08,19.46,2,,,,,0,,1.20,1.38,1.08,1.02,0,0,0,0,5.03,4.98,5.19,0.00,VMS 1,,Tanque,,1.68,1.80,1.44,1.32,4.73,5.19,4.97,4.57
27/04/2025 02:36 a. m.,Ordeño,06:29,16.04,1,,,,,0,,1.26,1.38,1.02,1.02,0,0,0,0,4.63,4.52,4.72,0.00,VMS 1,,Tanque,,1.86,1.74,1.44,1.32,4.00,4.23,4.05,3.76
27/04/2025 12:05 p. m.,Ordeño,05:53,13.72,2,,,,,0,,1.14,1.32,1.02,0.96,0,0,0,0,4.62,4.69,4.70,0.00,VMS 1,,Tanque,,1.50,1.74,1.32,1.38,3.35,3.67,3.51,3.19
28/04/2025 08:07 a. m.,Ordeño,07:26,18.71,1,,,,,0,,1.14,1.38,1.14,0.96,0,0,0,0,4.72,4.61,4.80,0.00,VMS 1,,Tanque,,1.56,1.74,1.44,1.44,4.08,4.93,5.07,4.63
28/04/2025 05:44 p. m.,Ordeño,05:59,12.68,2,,,,,0,,1.14,1.26,0.96,1.02,0,0,0,0,4.52,4.56,4.53,0.00,VMS 1,,Tanque,,1.50,1.74,1.38,1.80,2.99,3.43,3.25,3.01
29/04/2025 07:39 a. m.,Ordeño,07:46,18.66,1,,,,,0,,1.32,1.56,1.14,1.02,0,0,0,0,4.99,4.84,4.97,0.00,VMS 1,,Tanque,,1.98,2.34,1.50,1.74,4.68,4.48,4.97,4.53
29/04/2025 05:48 p. m.,Ordeño,07:16,11.18,2,,,DD,DD,0,,1.32,0.00,1.08,0.78,0,0,0,0,4.72,0.00,4.58,0.00,VMS 1,,Tanque,,1.68,0.00,1.44,1.08,3.60,0.00,3.88,3.70
29/04/2025 07:45 p. m.,Ordeño,06:52,5.34,3,,,,,0,DD,0.48,1.26,0.42,0.30,0,0,0,0,3.58,4.77,4.31,0.00,VMS 1,,Tanque,,0.84,1.68,0.78,0.84,0.39,3.80,0.55,0.60
30/04/2025 11:07 a. m.,Ordeño,09:02,21.43,1,,,,,0,,1.32,1.50,1.20,0.90,0,0,0,0,5.09,4.78,4.93,0.00,VMS 1,,Tanque,,1.68,2.10,1.62,1.38,5.35,5.93,5.33,4.82
30/04/2025 11:19 p. m.,Ordeño,07:15,18.69,2,,,,,0,,1.20,1.44,1.02,0.90,0,0,0,0,4.60,4.47,4.60,0.00,VMS 1,,Tanque,,1.50,1.86,1.32,1.38,4.53,4.84,4.83,4.49
01/05/2025 09:17 a. m.,Ordeño,06:03,14.08,1,,,,,0,,1.08,1.38,1.02,0.96,0,0,0,0,4.56,4.72,4.66,0.00,VMS 1,,Tanque,,1.38,1.98,1.44,1.32,3.34,3.72,3.64,3.38
02/05/2025 01:16 a. m.,Ordeño,07:57,21.64,1,,,,,0,,1.26,1.38,1.08,0.96,0,0,0,0,4.71,4.82,4.74,0.00,VMS 1,,Tanque,,1.62,1.98,1.56,1.26,5.21,5.41,5.88,5.14
02/05/2025 10:24 a. m.,Ordeño,05:39,11.90,2,,,,,0,,1.02,1.38,0.96,1.02,0,0,0,0,4.37,4.55,4.48,0.00,VMS 1,,Tanque,,1.32,1.74,1.38,1.44,2.84,3.20,3.09,2.77
03/05/2025 03:01 a. m.,Ordeño,07:33,21.24,1,,,,,0,,1.32,1.50,1.14,1.08,0,0,0,0,4.93,5.01,5.01,0.00,VMS 1,,Tanque,,1.68,1.98,1.50,1.56,5.05,5.35,5.68,5.16
03/05/2025 05:34 p. m.,Ordeño,07:38,20.21,2,,,,,0,,1.26,1.44,1.20,1.02,0,0,0,0,4.88,4.90,4.89,0.00,VMS 1,,Tanque,,1.74,1.92,1.56,1.26,4.88,5.06,5.50,4.77
04/05/2025 11:48 a. m.,Ordeño,07:41,21.50,1,,,,,0,,1.08,1.38,1.14,1.02,0,0,0,0,4.64,4.77,4.66,0.00,VMS 1,,Tanque,,1.44,1.68,1.56,1.62,5.26,5.77,5.83,4.64
05/05/2025 03:36 a. m.,Ordeño,07:02,20.15,1,,,,,0,,1.38,1.50,1.20,1.08,0,0,0,0,4.66,4.79,4.83,0.00,VMS 1,,Tanque,,1.86,1.98,1.62,1.44,5.13,5.03,5.50,4.49
05/05/2025 05:02 p. m.,Ordeño,06:51,19.19,2,,,,,0,,1.20,1.26,1.14,1.02,0,0,0,0,4.85,4.64,4.98,0.00,VMS 1,,Tanque,,1.62,1.80,1.44,1.50,4.55,5.14,5.02,4.48
06/05/2025 09:09 a. m.,Ordeño,06:53,20.08,1,,,,,0,,1.26,1.44,1.20,1.02,0,0,0,0,5.06,4.97,4.98,0.00,VMS 1,,Tanque,,1.74,1.80,1.68,1.50,5.13,5.10,5.30,4.55
06/05/2025 05:56 p. m.,Ordeño,05:57,12.06,2,,,,,0,,1.14,1.32,1.02,0.84,0,0,0,0,4.59,4.69,4.86,0.00,VMS 1,,Tanque,,1.50,1.86,1.38,1.20,2.92,3.21,3.17,2.76
07/05/2025 10:15 a. m.,Ordeño,08:37,19.39,1,,,,,0,,1.20,1.26,1.14,0.96,0,0,0,0,5.20,5.10,5.12,0.00,VMS 1,,Tanque,,1.56,2.16,1.44,1.38,4.81,4.53,4.71,5.34
08/05/2025 12:19 p. m.,Ordeño,07:52,9.74,2,,,,,0,,1.02,1.08,0.96,1.08,0,0,0,0,4.11,4.24,4.18,0.00,VMS 1,,Tanque,,1.38,1.56,1.44,1.44,1.37,1.68,1.53,5.16
09/05/2025 05:22 p. m.,Ordeño,08:21,19.93,1,,,,,0,,1.20,1.26,1.08,0.90,0,0,0,0,5.18,4.72,4.71,0.00,VMS 1,,Tanque,,1.50,1.98,1.44,1.32,5.06,5.03,5.06,4.78
10/05/2025 10:40 a. m.,Ordeño,07:33,18.66,1,,,,,0,,1.32,1.38,1.02,0.96,0,0,0,0,4.79,4.64,4.58,0.00,VMS 1,,Tanque,,1.68,1.92,1.50,1.32,4.27,5.30,5.13,3.96
10/05/2025 06:43 p. m.,Ordeño,08:04,9.62,2,,DD,,,0,,1.14,1.20,0.84,1.02,0,0,0,0,4.79,4.64,4.64,0.00,VMS 1,,Tanque,,1.62,1.80,1.20,1.44,2.29,2.80,2.48,2.05
11/05/2025 05:24 a. m.,Ordeño,05:45,13.40,1,,,,,0,,1.38,1.44,1.08,1.14,0,0,0,0,4.94,4.89,4.84,0.00,VMS 1,,Tanque,,1.92,1.86,1.50,1.56,3.21,3.76,3.48,2.95
12/05/2025 02:18 a. m.,Ordeño,07:17,20.67,1,,,,,0,,1.56,1.44,1.20,1.08,0,0,0,0,5.13,4.82,4.99,0.00,VMS 1,,Tanque,,1.98,1.86,1.44,1.38,5.07,5.39,5.47,4.74
12/05/2025 12:09 p. m.,Ordeño,05:58,8.81,2,,TD,TI,TI,0,,1.50,1.32,0.00,1.02,0,0,0,0,4.71,4.57,0.00,0.00,VMS 1,,Tanque,,1.98,1.92,0.00,1.44,2.67,3.31,0.00,2.83
12/05/2025 07:12 p. m.,Ordeño,06:57,11.87,3,,,,,0,,1.14,1.20,1.14,1.08,0,0,0,0,4.95,4.77,4.82,0.00,VMS 1,,Tanque,,1.62,1.68,1.44,1.50,2.13,2.36,5.26,2.12
13/05/2025 09:28 a. m.,Ordeño,06:39,17.87,1,,,,,0,,1.32,1.44,1.08,0.96,0,0,0,0,5.34,5.10,4.97,0.00,VMS 1,,Tanque,,1.68,2.16,1.62,1.32,4.21,4.81,4.67,4.18
13/05/2025 10:04 p. m.,Ordeño,06:30,16.04,2,,,,,0,,1.32,1.44,1.08,0.96,0,0,0,0,4.94,4.81,4.86,0.00,VMS 1,,Tanque,,1.68,1.98,1.44,1.38,3.80,4.28,4.12,3.84
14/05/2025 03:00 p. m.,Ordeño,06:38,14.75,1,,"TI,TD",TI,TI,0,,1.26,1.38,0.84,1.02,0,0,0,0,4.80,4.61,4.76,0.00,VMS 1,,Tanque,,1.62,1.74,1.38,1.50,4.71,5.46,0.19,4.39
14/05/2025 06:50 p. m.,Ordeño,07:18,9.35,2,,,,,0,,1.02,1.08,1.08,0.96,0,0,0,0,4.41,4.49,4.76,0.00,VMS 1,,Tanque,,1.44,1.56,1.62,1.38,1.27,1.36,5.21,1.51
15/05/2025 10:10 a. m.,Ordeño,06:57,20.26,1,,,,,0,,1.26,1.38,1.14,1.08,0,0,0,0,4.94,5.04,4.83,0.00,VMS 1,,Tanque,,2.04,1.98,1.62,1.56,4.93,5.28,5.28,4.77
15/05/2025 11:59 p. m.,Ordeño,06:47,18.01,1,,,,,0,,1.32,1.20,1.08,1.02,0,0,0,0,4.82,4.63,4.55,0.00,VMS 1,,Tanque,,1.68,1.68,1.50,1.26,4.24,4.94,4.69,4.14
16/05/2025 10:32 a. m.,Ordeño,05:38,13.25,2,,DD,,,0,,1.32,1.20,1.02,0.96,0,0,0,0,4.73,4.69,4.79,0.00,VMS 1,,Tanque,,2.28,1.86,1.38,1.32,3.09,3.70,3.34,3.12
17/05/2025 01:36 a. m.,Ordeño,07:19,20.07,1,,,,,0,,1.26,1.38,1.14,0.96,0,0,0,0,4.77,4.85,4.98,0.00,VMS 1,,Tanque,,1.56,1.86,1.50,1.56,4.75,5.35,5.14,4.83
17/05/2025 09:47 a. m.,Ordeño,05:18,11.71,2,,,,,0,,1.08,1.32,1.08,0.90,0,0,0,0,4.73,4.76,4.78,0.00,VMS 1,,Tanque,,1.38,1.68,1.50,1.32,2.86,3.13,2.98,2.74
18/05/2025 03:08 a. m.,Ordeño,06:51,21.00,1,,,,,0,,1.32,1.44,1.20,1.14,0,0,0,0,5.07,4.97,5.11,0.00,VMS 1,,Tanque,,1.68,1.92,1.68,1.44,5.54,5.32,5.42,4.72
18/05/2025 03:30 p. m.,Ordeño,06:58,16.45,2,,,,,0,,1.14,1.44,1.14,1.08,0,0,0,0,4.78,4.72,4.83,0.00,VMS 1,,Tanque,,1.56,1.92,1.44,1.44,3.94,4.53,4.24,3.74
19/05/2025 06:11 a. m.,Ordeño,07:00,19.56,1,,,,,0,,1.26,1.62,1.14,1.08,0,0,0,0,4.82,4.79,4.73,0.00,VMS 1,,Tanque,,1.62,2.34,1.50,1.50,4.83,4.98,5.25,4.50
19/05/2025 02:37 p. m.,Ordeño,05:58,10.59,2,,,,,0,,1.14,1.38,1.08,1.02,0,0,0,0,4.60,4.65,4.42,0.00,VMS 1,,Tanque,,1.44,1.92,1.44,1.50,2.48,2.84,2.76,2.51
20/05/2025 05:56 a. m.,Ordeño,06:51,20.38,1,,,,,0,,1.26,1.44,1.20,1.08,0,0,0,0,4.89,4.92,4.80,0.00,VMS 1,,Tanque,,1.74,1.98,1.50,1.44,5.08,5.20,5.57,4.53
20/05/2025 03:13 p. m.,Ordeño,05:52,10.09,2,,TD,TD,,0,,1.14,1.44,1.08,0.90,0,0,0,0,4.62,4.58,4.60,0.00,VMS 1,,Tanque,,1.44,1.98,1.68,1.50,2.93,3.39,3.23,0.54
20/05/2025 06:12 p. m.,Ordeño,05:49,6.30,3,,,,,0,,0.96,1.08,0.84,0.84,0,0,0,0,4.67,4.64,4.62,0.00,VMS 1,,Tanque,,1.38,1.86,1.32,1.32,0.99,1.08,0.99,3.24
21/05/2025 08:59 a. m.,Ordeño,07:17,19.66,1,,,,,0,,1.26,1.38,1.14,1.02,0,0,0,0,4.90,5.00,4.84,0.00,VMS 1,,Tanque,,1.56,1.80,1.44,1.38,4.62,5.23,5.30,4.51
21/05/2025 04:52 p. m.,Ordeño,05:24,9.55,2,,,,,0,,1.08,1.14,0.84,0.90,0,0,0,0,4.43,4.53,4.24,0.00,VMS 1,,Tanque,,1.38,1.50,1.26,1.32,2.28,2.53,2.50,2.24
22/05/2025 03:01 a. m.,Ordeño,05:55,13.72,1,,,,,0,,1.08,1.20,0.96,0.96,0,0,0,0,4.85,4.85,4.78,0.00,VMS 1,,Tanque,,1.44,1.80,1.44,1.32,3.29,3.69,3.54,3.20
22/05/2025 11:10 a. m.,Ordeño,05:27,11.36,2,,,,,0,,1.02,1.14,1.02,0.96,0,0,0,0,4.92,4.91,4.84,0.00,VMS 1,,Tanque,,1.38,1.50,1.38,1.32,2.75,3.01,3.00,2.60
22/05/2025 07:41 p. m.,Ordeño,05:52,12.20,3,,,,,0,,0.96,1.14,0.96,0.96,0,0,0,0,4.85,4.91,4.84,0.00,VMS 1,,Tanque,,1.26,1.56,1.26,1.80,2.82,3.19,3.09,3.10
23/05/2025 07:10 a. m.,Ordeño,06:10,16.72,1,,,,,0,,1.26,1.44,1.14,1.02,0,0,0,0,5.05,5.13,4.96,0.00,VMS 1,,Tanque,,1.62,1.74,1.44,1.38,4.01,4.48,4.39,3.84
23/05/2025 07:33 p. m.,Ordeño,06:19,16.53,2,,,,,0,,1.32,1.26,1.08,1.02,0,0,0,0,4.90,4.93,4.84,0.00,VMS 1,,Tanque,,1.80,1.62,1.44,1.38,3.92,4.44,4.34,3.83
24/05/2025 06:57 a. m.,Ordeño,06:12,15.56,1,,,,,0,,1.20,1.38,1.08,1.02,0,0,0,0,4.72,4.66,4.69,0.00,VMS 1,,Tanque,,1.80,1.80,1.38,1.38,3.68,4.18,4.08,3.62
24/05/2025 02:37 p. m.,Ordeño,05:18,11.10,2,,,,,0,,1.14,1.38,1.02,0.96,0,0,0,0,4.92,4.98,4.98,0.00,VMS 1,,Tanque,,1.50,1.80,1.38,1.26,2.68,2.94,2.91,2.57
25/05/2025 05:34 a. m.,Ordeño,07:31,19.28,1,,,,,0,,1.32,1.50,1.08,1.02,0,0,0,0,4.93,4.92,4.82,0.00,VMS 1,,Tanque,,1.68,1.86,1.50,1.38,4.64,5.03,5.31,4.30
25/05/2025 03:01 p. m.,Ordeño,06:49,12.39,2,,,,,0,,0.96,1.26,1.02,0.90,0,0,0,0,4.50,4.59,4.57,0.00,VMS 1,,Tanque,,1.38,1.62,1.32,1.20,2.93,3.37,3.27,2.82
26/05/2025 02:08 a. m.,Ordeño,06:11,14.18,1,,,,,0,,1.02,1.26,1.02,0.90,0,0,0,0,4.86,4.87,4.81,0.00,VMS 1,,Tanque,,1.44,1.68,1.44,1.32,3.39,3.77,3.72,3.30
26/05/2025 12:24 p. m.,Ordeño,09:42,12.28,2,,,,,0,,1.02,1.44,1.02,0.36,0,0,0,0,4.45,4.52,4.57,0.00,VMS 1,,Tanque,,1.38,1.86,1.32,0.84,3.07,3.25,3.36,2.60
27/05/2025 01:14 a. m.,Ordeño,06:14,15.71,1,,,,,0,,1.14,1.44,1.08,1.02,0,0,0,0,4.59,4.64,4.50,0.00,VMS 1,,Tanque,,1.56,1.92,1.32,1.32,3.59,4.07,4.15,3.90
27/05/2025 10:28 a. m.,Ordeño,05:12,10.85,2,,,,,0,DD,1.02,1.26,1.02,1.08,0,0,0,0,4.28,5.13,4.19,0.00,VMS 1,,Tanque,,1.44,1.68,1.38,1.38,2.64,2.91,2.80,2.50
28/05/2025 01:07 a. m.,Ordeño,06:54,13.94,1,,,,,0,,1.14,1.44,1.02,0.96,0,0,0,0,4.40,4.38,4.29,0.00,VMS 1,,Tanque,,1.38,1.92,1.56,1.32,3.25,3.73,3.62,3.34
28/05/2025 12:42 p. m.,Ordeño,05:54,11.30,2,,,,,0,,1.08,1.26,0.96,0.96,0,0,0,0,4.06,4.16,3.97,0.00,VMS 1,,Tanque,,1.38,1.74,1.50,1.44,2.75,2.99,2.94,2.62
29/05/2025 03:36 a. m.,Ordeño,06:33,13.39,1,,,,,0,,1.20,1.32,1.02,1.02,0,0,0,0,4.16,4.27,4.23,0.00,VMS 1,,Tanque,,1.56,1.74,1.38,1.32,3.22,3.55,3.48,3.14
29/05/2025 04:32 p. m.,Ordeño,07:39,7.99,2,,,TI,TI,0,,1.02,1.26,0.00,0.84,0,0,0,0,4.11,4.27,0.00,0.00,VMS 1,,Tanque,,1.44,1.68,0.00,1.14,2.45,2.82,0.00,2.72
30/05/2025 01:59 a. m.,Ordeño,06:51,10.39,1,,,,,0,,1.02,1.14,1.02,0.90,0,0,0,0,4.27,4.32,4.41,0.00,VMS 1,,Tanque,,1.38,1.50,1.38,1.32,1.91,2.08,4.54,1.86
30/05/2025 05:10 p. m.,Ordeño,06:21,15.83,2,,,,,0,,1.20,1.32,1.08,0.90,0,0,0,0,4.73,4.82,4.85,0.00,VMS 1,,Tanque,,1.56,1.80,1.50,1.26,3.97,4.39,3.98,3.49
31/05/2025 07:24 a. m.,Ordeño,05:45,15.82,1,,,,,0,,1.20,1.44,0.90,0.84,0,0,0,0,4.66,4.75,4.59,0.00,VMS 1,,Tanque,,1.68,1.80,1.26,1.26,3.73,4.30,3.94,3.85
31/05/2025 05:00 p. m.,Ordeño,05:28,10.19,2,,,,,0,,1.02,1.20,0.96,0.90,0,0,0,0,4.50,4.61,4.56,0.00,VMS 1,,Tanque,,1.38,1.56,1.26,1.20,2.39,2.78,2.57,2.45
01/06/2025 01:57 a. m.,Ordeño,05:27,10.32,1,,,,,0,,1.08,0.96,0.96,0.96,0,0,0,0,4.80,4.73,4.87,0.00,VMS 1,,Tanque,,1.44,1.44,1.38,1.32,2.44,2.85,2.63,2.40
01/06/2025 10:39 a. m.,Ordeño,05:15,10.24,2,,,,,0,,1.02,1.08,1.02,0.96,0,0,0,0,4.89,4.95,5.11,0.00,VMS 1,,Tanque,,1.38,1.56,1.26,1.32,2.43,2.73,2.64,2.44
01/06/2025 06:50 p. m.,Ordeño,07:28,10.07,3,,,,,0,,1.08,1.14,0.96,0.90,0,0,0,0,5.04,5.01,5.10,0.00,VMS 1,,Tanque,,1.68,1.44,1.50,1.20,2.43,2.67,2.60,2.37
02/06/2025 06:01 a. m.,Ordeño,06:00,14.13,1,,,,,0,,1.14,1.26,1.08,1.02,0,0,0,0,5.05,4.99,5.17,0.00,VMS 1,,Tanque,,1.56,1.68,1.44,1.32,3.42,3.82,3.63,3.26
02/06/2025 05:42 p. m.,Ordeño,06:13,14.40,2,,,,,0,,1.14,1.14,1.02,0.90,0,0,0,0,5.16,5.13,5.19,0.00,VMS 1,,Tanque,,1.50,1.44,1.32,1.20,3.37,3.79,3.79,3.45
03/06/2025 05:38 a. m.,Ordeño,06:27,15.38,1,,,,,0,,1.32,1.20,1.02,0.96,0,0,0,0,5.04,4.94,5.10,0.00,VMS 1,,Tanque,,1.62,1.74,1.44,1.38,3.67,4.13,3.99,3.59
03/06/2025 08:19 p. m.,Ordeño,06:50,17.83,2,,,,,0,,1.20,1.20,1.14,0.96,0,0,0,0,5.07,5.07,5.13,0.00,VMS 1,,Tanque,,1.56,1.68,1.44,1.26,4.28,4.40,4.87,4.28
04/06/2025 07:49 a. m.,Ordeño,06:46,15.43,1,,,,,0,,1.20,1.14,0.96,0.96,0,0,0,0,4.95,4.88,4.97,0.00,VMS 1,,Tanque,,1.62,1.44,1.38,1.26,3.70,4.08,3.98,3.67
04/06/2025 04:46 p. m.,Ordeño,05:13,10.69,2,,,,,0,,1.14,1.26,1.02,0.84,0,0,0,0,4.67,4.68,4.78,0.00,VMS 1,,Tanque,,1.50,1.62,1.38,1.20,2.55,2.83,2.83,2.48
05/06/2025 06:55 a. m.,Ordeño,07:08,18.11,1,,,,,0,,1.20,1.38,1.02,0.96,0,0,0,0,5.03,5.10,4.95,0.00,VMS 1,,Tanque,,1.56,1.80,1.44,1.26,4.27,4.72,4.94,4.18
05/06/2025 04:18 p. m.,Ordeño,06:01,12.69,2,,,,,0,,1.08,1.20,0.96,0.90,0,0,0,0,4.83,4.87,4.91,0.00,VMS 1,,Tanque,,1.50,1.68,1.32,1.50,3.01,3.34,3.33,3.01
06/06/2025 08:01 a. m.,Ordeño,06:56,18.65,1,,,,,0,,1.32,1.56,1.08,0.96,0,0,0,0,5.15,5.29,5.24,0.00,VMS 1,,Tanque,,1.62,2.10,1.56,1.32,4.48,4.72,4.94,4.51
06/06/2025 03:14 p. m.,Ordeño,05:02,10.13,2,,,,,0,,1.02,1.20,0.96,0.84,0,0,0,0,4.82,5.00,4.85,0.00,VMS 1,,Tanque,,1.38,1.74,1.32,1.14,2.38,2.74,2.60,2.41
07/06/2025 01:50 a. m.,Ordeño,07:46,10.50,1,,,TI,TI,0,,1.26,1.32,0.00,0.90,0,0,0,0,5.21,5.22,0.00,0.00,VMS 1,,Tanque,,1.68,1.68,0.00,1.26,3.31,3.78,0.00,3.41
07/06/2025 07:08 a. m.,Ordeño,07:06,11.24,2,,,,,0,,1.14,1.14,1.02,0.84,0,0,0,0,5.05,5.16,5.27,0.00,VMS 1,,Tanque,,1.44,1.56,1.44,1.20,2.13,2.17,4.94,2.00
07/06/2025 04:35 p. m.,Ordeño,07:12,13.88,3,,,,,0,,1.26,1.38,1.02,0.96,0,0,0,0,5.39,5.27,5.02,0.00,VMS 1,,Tanque,,1.68,1.98,1.50,1.20,3.28,3.63,3.71,3.26
08/06/2025 07:57 a. m.,Ordeño,07:42,18.72,1,,,,,0,,1.20,1.26,1.08,0.96,0,0,0,0,5.08,4.96,5.10,0.00,VMS 1,,Tanque,,1.56,1.86,1.44,1.26,4.27,4.75,5.49,4.21
08/06/2025 03:29 p. m.,Ordeño,05:36,10.96,2,,,,,0,,1.14,1.14,0.96,0.90,0,0,0,0,4.80,4.77,4.64,0.00,VMS 1,,Tanque,,1.50,1.56,1.32,1.26,2.67,2.93,2.77,2.59
09/06/2025 03:48 a. m.,Ordeño,07:26,16.99,1,,,,,0,,1.20,1.26,1.02,0.90,0,0,0,0,4.91,4.77,4.86,0.00,VMS 1,,Tanque,,1.44,1.86,1.44,1.32,3.99,4.50,4.48,4.02
09/06/2025 10:48 a. m.,Ordeño,05:28,9.91,2,,DD,,,0,,1.20,1.20,0.90,0.78,0,0,0,0,4.65,4.58,4.58,0.00,VMS 1,,Tanque,,1.62,1.86,1.32,1.08,2.49,2.65,2.49,2.28
10/06/2025 12:04 a. m.,Ordeño,08:32,17.12,1,,,,,0,,1.14,1.38,1.02,0.84,0,0,0,0,4.66,4.64,4.70,0.00,VMS 1,,Tanque,,1.68,1.86,1.50,1.50,4.08,4.58,4.47,3.99
10/06/2025 08:13 a. m.,Ordeño,05:27,10.63,2,,,,,0,,1.14,1.20,0.90,0.90,0,0,0,0,4.32,4.35,4.32,0.00,VMS 1,,Tanque,,1.56,1.50,1.32,1.20,2.54,2.87,2.73,2.49
10/06/2025 07:48 p. m.,Ordeño,06:40,14.15,3,,,,,0,,1.14,1.20,0.96,0.90,0,0,0,0,4.51,4.53,4.63,0.00,VMS 1,,Tanque,,1.50,1.62,1.44,1.26,3.32,3.67,3.78,3.38
11/06/2025 07:52 a. m.,Ordeño,07:01,15.78,1,,,,,0,,1.32,1.26,0.96,0.90,0,0,0,0,4.59,4.64,4.77,0.00,VMS 1,,Tanque,,1.80,1.68,1.32,1.32,3.74,4.14,4.09,3.81
11/06/2025 06:44 p. m.,Ordeño,06:07,10.02,2,,,TI,TI,0,,1.32,1.20,0.00,0.90,0,0,0,0,4.79,4.70,0.00,0.00,VMS 1,,Tanque,,2.04,1.56,0.00,1.32,3.26,3.59,0.00,3.17
11/06/2025 09:56 p. m.,Ordeño,06:45,6.75,3,,,,,0,,0.78,0.78,0.90,0.42,0,0,0,0,4.46,4.51,4.90,0.00,VMS 1,,Tanque,,1.32,1.26,1.38,0.90,0.85,0.93,4.13,0.84
12/06/2025 10:23 a. m.,Ordeño,06:43,16.73,1,,,,,0,,1.20,1.26,1.02,0.90,0,0,0,0,4.93,4.86,4.75,0.00,VMS 1,,Tanque,,1.56,1.62,1.38,1.26,3.94,4.37,4.49,3.93
12/06/2025 07:32 p. m.,Ordeño,05:15,11.02,2,,,,,0,,1.14,1.20,1.02,0.84,0,0,0,0,4.65,4.73,4.63,0.00,VMS 1,,Tanque,,1.50,1.56,1.32,1.26,2.55,3.03,2.77,2.67
13/06/2025 08:38 a. m.,Ordeño,08:24,16.94,1,,,,,0,,1.32,1.32,1.08,0.90,0,0,0,0,4.98,4.93,4.90,0.00,VMS 1,,Tanque,,1.68,1.68,1.62,1.26,3.88,4.61,4.48,3.97
13/06/2025 07:12 p. m.,Ordeño,06:15,15.00,2,,,,,0,,1.20,1.14,1.02,0.90,0,0,0,0,4.91,4.78,4.84,0.00,VMS 1,,Tanque,,1.50,1.44,1.32,1.20,3.54,4.06,3.82,3.58
14/06/2025 06:44 a. m.,Ordeño,06:44,15.90,1,,,,,0,,1.44,1.44,1.08,0.90,0,0,0,0,4.92,4.65,4.90,0.00,VMS 1,,Tanque,,1.80,2.28,1.50,1.26,3.74,4.33,4.15,3.68
14/06/2025 04:56 p. m.,Ordeño,05:46,12.82,2,,,,,0,,1.14,1.26,1.02,0.96,0,0,0,0,4.65,4.66,4.76,0.00,VMS 1,,Tanque,,1.56,1.62,1.32,1.38,3.07,3.41,3.28,3.06
15/06/2025 12:59 a. m.,Ordeño,05:10,10.38,1,,,,,0,,1.26,1.26,0.96,0.90,0,0,0,0,4.77,4.78,4.85,0.00,VMS 1,,Tanque,,1.62,1.68,1.32,1.26,2.51,2.72,2.73,2.42
15/06/2025 09:51 a. m.,Ordeño,08:44,11.94,2,,,,,0,,1.20,1.26,0.96,0.84,0,0,0,0,4.92,4.80,4.88,0.00,VMS 1,,Tanque,,1.56,1.86,1.80,1.32,2.80,3.09,3.20,2.85
15/06/2025 07:13 p. m.,Ordeño,06:20,12.17,3,,,,,0,,1.32,1.20,0.96,0.84,0,0,0,0,4.92,4.80,4.89,0.00,VMS 1,,Tanque,,1.68,1.62,1.26,1.32,3.02,3.31,3.10,2.74
16/06/2025 07:45 a. m.,Ordeño,07:23,17.08,1,,,,,0,,1.20,1.32,1.02,0.90,0,0,0,0,5.00,4.93,5.01,0.00,VMS 1,,Tanque,,1.56,1.68,1.44,1.26,4.07,4.49,4.51,4.01
16/06/2025 03:26 p. m.,Ordeño,05:36,10.39,2,,,,,0,,1.14,1.20,0.90,0.84,0,0,0,0,4.79,4.73,4.75,0.00,VMS 1,,Tanque,,1.56,1.62,1.50,1.14,2.51,2.76,2.74,2.38
17/06/2025 03:12 a. m.,Ordeño,06:36,15.88,1,,,,,0,,1.32,1.14,1.02,0.90,0,0,0,0,4.93,4.78,4.90,0.00,VMS 1,,Tanque,,1.68,1.44,1.32,1.32,3.77,4.11,4.26,3.74
17/06/2025 10:56 a. m.,Ordeño,07:20,10.41,2,,TI,,,0,,1.02,1.02,0.84,0.90,0,0,0,0,4.74,4.60,4.66,0.00,VMS 1,,Tanque,,1.50,1.50,1.62,1.20,2.58,2.77,2.61,2.45
17/06/2025 08:14 p. m.,Ordeño,05:45,11.96,3,,,,,0,,1.02,1.32,0.96,0.84,0,0,0,0,4.61,4.67,4.52,0.00,VMS 1,,Tanque,,1.38,1.68,1.32,1.14,2.90,3.03,3.23,2.80
18/06/2025 09:56 a. m.,Ordeño,07:22,17.46,1,,,,,0,,1.26,1.50,1.08,0.90,0,0,0,0,4.94,4.87,4.87,0.00,VMS 1,,Tanque,,1.56,1.86,1.56,1.20,4.08,4.62,4.59,4.17
18/06/2025 06:39 p. m.,Ordeño,05:58,11.24,2,,,,,0,,0.96,1.38,0.90,0.90,0,0,0,0,4.45,4.54,4.47,0.00,VMS 1,,Tanque,,1.32,1.80,1.20,1.32,2.75,2.99,2.89,2.61
19/06/2025 07:00 a. m.,Ordeño,06:26,15.01,1,,,,,0,,1.14,1.26,1.02,0.90,0,0,0,0,4.78,4.81,4.68,0.00,VMS 1,,Tanque,,1.56,1.74,1.26,1.26,3.50,4.02,3.88,3.61
19/06/2025 02:53 p. m.,Ordeño,07:08,9.42,2,,,,,0,,1.20,1.38,0.90,0.90,0,0,0,0,4.46,4.55,4.39,0.00,VMS 1,,Tanque,,1.50,1.86,1.20,1.20,2.25,2.58,2.39,2.20
19/06/2025 09:46 p. m.,Ordeño,05:45,8.27,3,,,,,0,,1.02,1.02,0.84,0.84,0,0,0,0,4.54,4.60,4.53,0.00,VMS 1,,Tanque,,1.26,1.56,1.14,1.14,1.99,2.19,2.17,1.92
20/06/2025 08:37 a. m.,Ordeño,06:17,13.63,1,,,,,0,,1.08,1.44,0.96,1.02,0,0,0,0,4.79,4.87,4.88,0.00,VMS 1,,Tanque,,1.50,1.74,1.26,1.32,3.37,3.58,3.61,3.07
20/06/2025 04:44 p. m.,Ordeño,05:55,9.82,2,,TI,,,0,,1.26,1.26,1.02,0.96,0,0,0,0,4.57,4.73,4.70,0.00,VMS 1,,Tanque,,1.74,1.62,1.38,1.44,2.40,2.60,2.58,2.24
21/06/2025 02:51 a. m.,Ordeño,06:20,12.26,1,,,,,0,,1.14,1.26,1.02,0.90,0,0,0,0,4.83,4.89,4.82,0.00,VMS 1,,Tanque,,1.44,1.56,1.26,1.32,2.83,3.23,3.30,2.90
21/06/2025 11:05 a. m.,Ordeño,05:03,9.97,2,,,,,0,,1.02,1.26,0.96,0.96,0,0,0,0,4.64,4.68,4.68,0.00,VMS 1,,Tanque,,1.38,1.80,1.32,1.38,2.38,2.69,2.56,2.34
21/06/2025 07:38 p. m.,Ordeño,07:30,9.33,3,,TD,,,0,,1.08,1.20,0.96,0.96,0,0,0,0,4.79,4.80,4.75,0.00,VMS 1,,Tanque,,1.62,1.62,1.26,1.38,2.47,2.84,1.93,2.09
22/06/2025 06:14 a. m.,Ordeño,07:08,14.72,1,,,,,0,,1.26,1.26,1.08,0.90,0,0,0,0,4.99,5.01,4.94,0.00,VMS 1,,Tanque,,1.56,1.74,1.44,1.26,3.27,3.64,4.33,3.48
22/06/2025 06:50 p. m.,Ordeño,06:45,15.53,2,,,,,0,,1.20,1.26,1.02,0.90,0,0,0,0,4.95,4.85,4.68,0.00,VMS 1,,Tanque,,1.62,1.56,1.38,1.26,3.74,4.17,4.01,3.61
23/06/2025 09:38 a. m.,Ordeño,07:51,18.84,1,,,,,0,,1.26,1.38,1.08,0.84,0,0,0,0,4.93,4.75,4.85,0.00,VMS 1,,Tanque,,1.56,1.74,1.44,1.20,4.45,4.94,5.00,4.45
23/06/2025 08:19 p. m.,Ordeño,06:35,12.29,2,,,,,0,,1.26,1.26,0.96,0.84,0,0,0,0,4.63,4.60,4.44,0.00,VMS 1,,Tanque,,1.56,1.68,1.32,1.20,2.87,3.24,3.31,2.87
24/06/2025 09:15 a. m.,Ordeño,06:41,16.48,1,,,,,0,,1.50,1.44,1.02,0.90,0,0,0,0,5.08,4.99,4.93,0.00,VMS 1,,Tanque,,1.92,1.74,1.38,1.26,3.90,4.28,4.35,3.95
24/06/2025 06:22 p. m.,Ordeño,05:26,10.60,2,,,,,0,,1.32,1.38,0.96,0.90,0,0,0,0,4.52,4.51,4.43,0.00,VMS 1,,Tanque,,1.62,1.68,1.26,1.32,2.55,2.79,2.77,2.49
25/06/2025 08:50 a. m.,Ordeño,07:01,17.41,1,,,,,0,,1.44,1.44,1.08,0.90,0,0,0,0,4.94,4.91,4.82,0.00,VMS 1,,Tanque,,1.74,1.86,1.50,1.26,4.06,4.42,4.78,4.15
25/06/2025 04:21 p. m.,Ordeño,05:23,9.11,2,,,,,0,,1.20,1.14,0.96,0.90,0,0,0,0,4.56,4.51,4.47,0.00,VMS 1,,Tanque,,1.68,1.56,1.38,1.20,2.23,2.36,2.41,2.11
26/06/2025 03:34 a. m.,Ordeño,08:30,14.16,1,,,,,0,,1.20,1.38,1.02,0.90,0,0,0,0,4.96,4.98,4.93,0.00,VMS 1,,Tanque,,1.62,2.10,1.38,1.26,3.42,3.76,3.61,3.37
26/06/2025 01:00 p. m.,Ordeño,07:15,12.57,2,,,,,0,,1.02,1.20,0.96,0.90,0,0,0,0,4.94,4.85,4.81,0.00,VMS 1,,Tanque,,1.44,1.50,1.38,1.20,3.01,3.22,3.47,2.87
27/06/2025 06:41 a. m.,Ordeño,07:59,20.97,1,,,,,0,,1.26,1.50,1.14,0.96,0,0,0,0,5.07,4.93,4.94,0.00,VMS 1,,Tanque,,1.62,1.92,1.50,1.26,5.15,4.97,5.78,5.07
27/06/2025 04:08 p. m.,Ordeño,05:39,10.19,2,,,,,0,,1.20,1.20,0.84,0.90,0,0,0,0,4.54,4.51,4.42,0.00,VMS 1,,Tanque,,1.56,1.50,1.26,1.20,2.46,2.75,2.63,2.35
28/06/2025 05:40 a. m.,Ordeño,06:29,16.07,1,,,,,0,,1.32,1.26,1.02,0.96,0,0,0,0,5.08,4.82,4.91,0.00,VMS 1,,Tanque,,1.74,1.68,1.38,1.32,3.75,4.20,4.27,3.85
28/06/2025 01:41 p. m.,Ordeño,05:33,9.73,2,,TD,,,0,,1.32,1.08,0.84,0.96,0,0,0,0,4.79,4.66,4.56,0.00,VMS 1,,Tanque,,1.68,1.56,1.56,1.44,2.51,2.68,2.68,1.86
29/06/2025 03:07 a. m.,Ordeño,07:31,17.53,1,,,,,0,,1.26,1.26,1.08,0.90,0,0,0,0,5.15,4.99,4.94,0.00,VMS 1,,Tanque,,1.62,1.68,1.50,1.26,4.05,4.47,4.56,4.45
29/06/2025 03:14 p. m.,Ordeño,07:05,14.84,2,,,,,0,,1.14,1.20,0.96,0.90,0,0,0,0,4.94,4.86,4.67,0.00,VMS 1,,Tanque,,1.62,1.50,1.38,1.26,3.55,3.91,4.00,3.38
29/06/2025 10:43 p. m.,Ordeño,05:12,9.18,3,,,,,0,,1.20,1.08,0.96,0.84,0,0,0,0,4.73,4.66,4.67,0.00,VMS 1,,Tanque,,1.80,1.50,1.20,1.14,2.14,2.42,2.48,2.14
30/06/2025 06:39 a. m.,Ordeño,05:25,10.68,1,,,,,0,,1.14,1.32,1.02,0.96,0,0,0,0,5.06,5.09,4.93,0.00,VMS 1,,Tanque,,1.44,1.80,1.32,1.26,2.58,2.81,2.84,2.45
30/06/2025 04:44 p. m.,Ordeño,05:36,12.60,2,,TD,,,0,,1.20,1.20,1.02,0.96,0,0,0,0,4.96,4.92,4.93,0.00,VMS 1,,Tanque,,1.50,1.92,1.38,1.38,2.97,3.37,3.39,2.87
01/07/2025 03:01 a. m.,Ordeño,06:05,12.95,1,,,,,0,,1.08,1.32,1.02,0.96,0,0,0,0,4.95,4.91,4.68,0.00,VMS 1,,Tanque,,1.50,1.92,1.38,1.20,3.12,3.28,3.48,3.07
01/07/2025 10:56 a. m.,Ordeño,06:45,9.22,2,,TD,,,0,,1.08,1.32,0.90,0.90,0,0,0,0,4.67,4.73,4.47,0.00,VMS 1,,Tanque,,1.50,1.92,1.26,1.32,2.37,2.68,2.65,1.52
01/07/2025 07:27 p. m.,Ordeño,06:33,11.37,3,,,,,0,,1.08,1.20,0.96,0.90,0,0,0,0,4.80,4.80,4.73,0.00,VMS 1,,Tanque,,1.50,1.56,1.26,1.26,2.58,2.81,2.77,3.21
02/07/2025 09:01 a. m.,Ordeño,06:57,17.43,1,,,,,0,,1.08,1.44,1.02,1.02,0,0,0,0,4.94,4.79,4.81,0.00,VMS 1,,Tanque,,1.50,1.92,1.38,1.32,4.17,4.46,4.75,4.05
02/07/2025 05:12 p. m.,Ordeño,09:38,6.95,2,,TI,TI,,0,,0.96,1.26,0.90,0.84,0,0,0,0,4.43,4.60,4.42,0.00,VMS 1,,Tanque,,1.74,1.74,1.20,1.38,2.00,2.26,0.70,1.99
02/07/2025 09:29 p. m.,Ordeño,05:28,6.27,3,,,,,0,,0.84,1.08,0.90,0.72,0,0,0,0,4.43,4.52,4.64,0.00,VMS 1,,Tanque,,1.20,1.56,1.26,1.08,1.16,1.28,2.75,1.08
03/07/2025 08:02 a. m.,Ordeño,06:15,13.90,1,,,,,0,,1.26,1.08,1.08,0.90,0,0,0,0,5.04,4.99,4.97,0.00,VMS 1,,Tanque,,1.68,1.68,1.44,1.20,3.34,3.66,3.69,3.21
03/07/2025 06:27 p. m.,Ordeño,09:08,12.12,2,,TD,,,0,,1.02,1.14,0.84,0.78,0,0,0,0,4.92,4.86,4.82,0.00,VMS 1,,Tanque,,1.80,1.62,1.14,1.32,2.92,3.43,3.21,2.56
04/07/2025 02:33 a. m.,Ordeño,05:25,11.11,1,,,,,0,,1.08,1.14,1.02,0.90,0,0,0,0,4.71,4.82,4.60,0.00,VMS 1,,Tanque,,1.44,1.68,1.50,1.32,2.63,2.81,2.85,2.82
04/07/2025 10:30 a. m.,Ordeño,05:32,9.61,2,,,,,0,,1.02,1.08,0.90,0.78,0,0,0,0,4.70,4.71,4.60,0.00,VMS 1,,Tanque,,1.50,1.38,1.32,1.08,2.27,2.60,2.49,2.25
04/07/2025 07:18 p. m.,Ordeño,05:04,9.64,3,,,,,0,,1.02,1.14,0.96,0.78,0,0,0,0,4.76,4.76,4.68,0.00,VMS 1,,Tanque,,1.44,1.50,1.38,1.20,2.31,2.52,2.60,2.21
05/07/2025 03:16 a. m.,Ordeño,05:38,10.45,1,,,,,0,,0.96,1.20,1.02,0.84,0,0,0,0,4.92,4.95,4.80,0.00,VMS 1,,Tanque,,1.32,1.56,1.50,1.14,2.57,2.73,2.75,2.40
05/07/2025 10:41 a. m.,Ordeño,06:15,9.07,2,,,,,0,,1.14,1.26,0.96,0.84,0,0,0,0,4.78,5.02,4.81,0.00,VMS 1,,Tanque,,1.86,1.68,1.26,1.32,2.27,2.44,2.29,2.07
05/07/2025 07:42 p. m.,Ordeño,10:29,9.88,3,,,,,0,,0.90,1.26,0.72,0.72,0,0,0,0,4.92,4.92,4.83,0.00,VMS 1,,Tanque,,1.38,1.56,1.08,1.14,2.37,2.72,2.35,2.44
06/07/2025 08:00 a. m.,Ordeño,07:00,16.52,1,,DD,,,0,,1.26,1.50,1.02,0.90,0,0,0,0,5.05,5.00,4.82,0.00,VMS 1,,Tanque,,1.80,1.92,1.32,1.26,4.04,4.07,4.45,3.96
06/07/2025 07:17 p. m.,Ordeño,07:42,13.65,2,,,,,0,,1.14,1.38,0.90,0.78,0,0,0,0,4.78,4.81,4.35,0.00,VMS 1,,Tanque,,1.50,1.80,1.32,1.14,3.28,3.66,3.50,3.21
07/07/2025 06:57 a. m.,Ordeño,07:28,14.71,1,,,,,0,,1.38,1.20,0.96,0.84,0,0,0,0,4.78,4.81,4.74,0.00,VMS 1,,Tanque,,1.80,1.50,1.32,1.26,3.39,3.91,3.86,3.55
07/07/2025 02:24 p. m.,Ordeño,05:16,9.56,2,,,,,0,,1.08,1.20,0.84,0.84,0,0,0,0,4.92,4.94,4.88,0.00,VMS 1,,Tanque,,1.44,1.74,1.14,1.26,2.26,2.58,2.51,2.21
07/07/2025 11:38 p. m.,Ordeño,05:43,12.19,3,,,,,0,,1.32,1.20,1.08,0.84,0,0,0,0,5.00,4.93,4.88,0.00,VMS 1,,Tanque,,1.80,1.62,1.44,1.26,2.90,3.16,3.24,2.89
08/07/2025 09:56 a. m.,Ordeño,06:22,13.52,1,,,,,0,,1.26,1.20,1.08,0.84,0,0,0,0,4.92,4.80,4.68,0.00,VMS 1,,Tanque,,1.68,1.50,1.44,1.20,3.16,3.54,3.53,3.29
08/07/2025 05:07 p. m.,Ordeño,05:02,8.79,2,,,,,0,,1.08,1.14,0.96,0.78,0,0,0,0,4.77,4.79,4.77,0.00,VMS 1,,Tanque,,1.56,1.44,1.32,1.32,2.12,2.24,2.34,2.09
09/07/2025 02:56 a. m.,Ordeño,07:53,11.84,1,,,,,0,,1.26,1.20,1.02,0.72,0,0,0,0,5.03,4.99,5.05,0.00,VMS 1,,Tanque,,1.68,1.80,1.62,1.14,2.82,3.17,3.21,2.64
09/07/2025 01:09 p. m.,Ordeño,09:25,12.60,2,,TI,,,0,,1.08,1.14,1.02,0.66,0,0,0,0,4.70,4.65,4.72,0.00,VMS 1,,Tanque,,1.44,1.50,1.74,1.20,3.35,3.70,3.16,2.39
09/07/2025 09:29 p. m.,Ordeño,08:05,11.21,3,,TD,,,0,,1.08,1.08,0.96,0.60,0,0,0,0,4.66,4.54,4.54,0.00,VMS 1,,Tanque,,1.50,1.38,1.38,1.32,2.61,2.89,2.77,2.94
10/07/2025 06:12 a. m.,Ordeño,11:32,11.74,1,,,,,0,,1.14,1.02,1.02,0.36,0,0,0,0,4.93,4.80,4.81,0.00,VMS 1,,Tanque,,1.62,1.38,1.38,0.84,2.82,3.06,3.09,2.77
10/07/2025 08:19 p. m.,Ordeño,07:23,17.24,2,,TD,,,0,,1.14,1.14,1.02,0.78,0,0,0,0,4.91,4.78,4.98,0.00,VMS 1,,Tanque,,1.50,1.62,1.50,1.20,3.84,4.76,4.87,3.77
11/07/2025 06:42 a. m.,Ordeño,07:25,13.62,1,,,,,0,,1.08,1.26,1.02,0.84,0,0,0,0,4.99,4.93,4.89,0.00,VMS 1,,Tanque,,1.44,1.62,1.32,1.20,3.40,3.76,3.83,2.63
11/07/2025 01:38 p. m.,Ordeño,09:04,7.47,2,,"DI,TD",,,0,,1.08,1.26,0.90,0.78,0,0,0,0,4.88,4.79,4.73,0.00,VMS 1,,Tanque,,1.62,1.68,1.50,2.40,2.33,2.53,1.31,1.30
11/07/2025 10:44 p. m.,Ordeño,06:29,11.45,3,,TI,,,0,,1.08,1.26,0.96,0.84,0,0,0,0,4.96,4.93,4.99,0.00,VMS 1,,Tanque,,1.44,1.68,1.80,1.32,2.71,3.03,2.68,3.03
12/07/2025 06:23 a. m.,Ordeño,06:53,11.40,1,,,,,0,,1.08,1.20,1.08,0.78,0,0,0,0,5.15,5.01,4.85,0.00,VMS 1,,Tanque,,1.50,1.68,1.44,1.14,2.53,2.68,4.18,2.01
12/07/2025 04:21 p. m.,Ordeño,07:05,11.89,2,,"TI,TD",,,0,,1.20,1.38,1.08,0.72,0,0,0,0,5.01,5.00,4.60,0.00,VMS 1,,Tanque,,1.68,1.80,1.38,1.20,3.25,3.47,3.38,1.79
13/07/2025 05:43 a. m.,Ordeño,09:12,5.14,1,,,"DI,DD,TI","DI,DD,TI",0,,0.00,0.00,0.00,1.14,0,0,0,0,0.00,0.00,0.00,0.00,VMS 1,,Tanque,,0.00,0.00,0.00,1.62,0.00,0.00,0.00,5.14
13/07/2025 08:44 a. m.,Ordeño,06:44,13.49,2,,"DI,DD",,,0,,1.38,1.32,1.08,0.48,0,0,0,0,5.06,4.85,4.90,0.00,VMS 1,,Tanque,,1.98,2.16,1.44,0.90,3.84,3.84,4.77,1.04
13/07/2025 08:16 p. m.,Ordeño,06:07,14.15,3,,,,,0,,1.26,1.20,1.02,1.02,0,0,0,0,4.61,4.57,4.43,0.00,VMS 1,,Tanque,,1.62,1.56,1.38,1.38,3.24,3.78,3.70,3.43
14/07/2025 09:28 a. m.,Ordeño,06:51,16.14,1,,,,,0,,1.20,1.20,1.02,0.96,0,0,0,0,4.74,4.63,4.57,0.00,VMS 1,,Tanque,,1.68,1.98,1.38,1.38,3.54,4.24,4.14,4.22
14/07/2025 07:35 p. m.,Ordeño,05:28,11.79,2,,,,,0,,1.08,1.26,1.02,0.96,0,0,0,0,4.59,4.57,4.58,0.00,VMS 1,,Tanque,,1.44,1.74,1.44,1.50,2.62,3.01,3.09,3.07
15/07/2025 08:40 a. m.,Ordeño,08:46,17.37,1,,,,,0,,1.32,1.44,1.02,1.02,0,0,0,0,5.06,4.95,5.00,0.00,VMS 1,,Tanque,,1.74,1.86,1.38,1.56,3.99,4.27,4.30,4.81
15/07/2025 07:29 p. m.,Ordeño,06:29,14.47,2,,,,,0,,1.20,1.26,1.08,0.84,0,0,0,0,4.80,4.70,4.71,0.00,VMS 1,,Tanque,,1.62,1.68,1.38,1.38,3.38,3.69,3.83,3.57
16/07/2025 06:43 a. m.,Ordeño,08:17,13.85,1,,,,,0,,1.26,1.32,1.02,0.90,0,0,0,0,4.91,4.80,0.00,4.83,VMS 1,,Tanque,,1.68,1.68,1.44,1.26,3.24,3.49,3.72,3.40
16/07/2025 03:06 p. m.,Ordeño,05:54,11.67,2,,,,,0,,1.14,1.44,0.96,1.02,0,0,0,0,4.89,4.89,4.82,0.00,VMS 1,,Tanque,,1.50,1.86,1.26,1.44,2.69,2.95,3.06,2.97
16/07/2025 11:17 p. m.,Ordeño,05:31,10.00,3,,,,,0,,1.08,1.26,0.96,0.96,0,0,0,0,4.72,4.81,4.81,0.00,VMS 1,,Tanque,,1.50,1.68,1.56,1.38,2.48,2.51,2.59,2.42
17/07/2025 09:08 a. m.,Ordeño,05:47,12.64,1,,,,,0,,1.08,1.38,1.02,1.08,0,0,0,0,4.99,5.01,4.94,0.00,VMS 1,,Tanque,,1.56,1.98,1.32,1.50,3.00,3.22,3.30,3.12
17/07/2025 05:50 p. m.,Ordeño,05:00,9.87,2,,,,,0,,1.26,1.38,0.90,1.02,0,0,0,0,4.78,4.69,4.60,0.00,VMS 1,,Tanque,,1.56,2.10,1.26,1.38,2.25,2.54,2.52,2.56
18/07/2025 01:26 a. m.,Ordeño,04:52,8.93,1,,,,,0,,1.08,1.20,0.90,0.96,0,0,0,0,4.81,4.72,4.67,0.00,VMS 1,,Tanque,,1.50,1.50,1.32,1.32,2.22,2.28,2.30,2.13
18/07/2025 11:51 a. m.,Ordeño,05:55,13.54,2,,,,,0,,1.08,1.44,1.02,1.14,0,0,0,0,5.07,4.99,4.94,0.00,VMS 1,,Tanque,,1.74,1.80,1.44,1.56,3.20,3.50,3.48,3.36
18/07/2025 07:59 p. m.,Ordeño,05:25,8.77,3,,,,,0,,1.02,1.14,0.96,0.90,0,0,0,0,4.74,4.67,4.66,0.00,VMS 1,,Tanque,,1.44,1.56,1.38,1.26,2.05,2.31,2.28,2.13
19/07/2025 09:40 a. m.,Ordeño,06:33,16.53,1,,,,,0,,1.20,1.26,1.08,1.08,0,0,0,0,5.18,5.02,5.08,0.00,VMS 1,,Tanque,,1.56,1.68,1.50,1.56,3.82,4.31,4.26,4.14
19/07/2025 07:07 p. m.,Ordeño,06:41,11.01,2,,,,,0,,0.96,0.96,0.84,0.90,0,0,0,0,4.85,4.81,4.75,0.00,VMS 1,,Tanque,,1.50,1.68,1.26,1.38,2.66,2.83,2.84,2.68
20/07/2025 06:53 a. m.,Ordeño,06:49,15.06,1,,,,,0,,1.26,1.14,0.96,1.02,0,0,0,0,5.17,5.01,5.04,0.00,VMS 1,,Tanque,,1.62,1.50,1.26,1.44,3.58,3.84,3.96,3.68
20/07/2025 02:24 p. m.,Ordeño,08:51,9.60,2,,,,,0,,1.14,1.08,0.96,1.02,0,0,0,0,5.03,4.87,0.00,4.91,VMS 1,,Tanque,,1.62,1.38,1.44,1.74,2.31,2.42,3.00,1.87
21/07/2025 02:03 a. m.,Ordeño,06:26,15.42,1,,,,,0,,1.02,1.14,1.02,1.02,0,0,0,0,5.10,5.04,5.01,0.00,VMS 1,,Tanque,,1.38,1.56,1.44,1.44,3.57,4.05,4.03,3.77
21/07/2025 10:33 a. m.,Ordeño,05:47,10.61,2,,,,,0,,1.08,1.20,0.96,1.08,0,0,0,0,4.67,4.72,4.67,0.00,VMS 1,,Tanque,,1.50,1.56,1.38,1.56,2.52,2.72,2.73,2.64
21/07/2025 06:37 p. m.,Ordeño,05:04,8.82,3,,,,,0,,1.02,0.96,0.90,0.90,0,0,0,0,4.65,4.73,4.76,0.00,VMS 1,,Tanque,,1.38,1.32,1.32,1.26,2.18,2.31,2.32,2.01
22/07/2025 11:07 a. m.,Ordeño,07:56,18.68,1,,TI,,,0,,1.02,1.44,1.14,1.08,0,0,0,0,5.22,5.08,5.24,0.00,VMS 1,,Tanque,,1.44,1.86,1.62,1.32,4.61,4.84,5.11,4.12
22/07/2025 06:57 p. m.,Ordeño,08:07,7.02,2,,,TI,TI,0,,1.20,1.26,0.00,0.90,0,0,0,0,4.82,4.68,0.00,0.00,VMS 1,,Tanque,,1.92,1.68,0.00,1.26,2.02,2.66,0.00,2.34
23/07/2025 06:46 a. m.,Ordeño,07:20,17.41,1,,,,,0,,1.14,1.32,1.20,1.08,0,0,0,0,5.10,5.16,5.15,0.00,VMS 1,,Tanque,,1.50,1.68,1.56,1.56,3.87,4.00,5.99,3.55
23/07/2025 06:33 p. m.,Ordeño,06:34,13.28,2,,TD,,,0,,1.14,1.26,1.08,0.96,0,0,0,0,4.95,4.96,4.49,0.00,VMS 1,,Tanque,,1.62,1.74,1.56,1.32,3.37,3.82,3.27,2.82
24/07/2025 03:08 a. m.,Ordeño,05:15,11.41,1,,,,,0,,1.02,1.20,1.02,1.02,0,0,0,0,4.93,4.96,4.92,0.00,VMS 1,,Tanque,,1.44,1.62,1.38,1.44,2.65,2.86,2.81,3.09
24/07/2025 02:34 p. m.,Ordeño,06:08,14.63,2,,,,,0,,1.08,1.20,1.08,0.96,0,0,0,0,5.02,4.94,4.91,0.00,VMS 1,,Tanque,,1.62,1.68,1.32,1.32,3.50,3.87,3.79,3.47
24/07/2025 10:41 p. m.,Ordeño,05:05,9.89,3,,,,,0,,1.02,1.26,1.02,0.96,0,0,0,0,4.81,4.75,4.78,0.00,VMS 1,,Tanque,,1.38,1.62,1.38,1.26,2.43,2.63,2.50,2.33
25/07/2025 11:11 a. m.,Ordeño,06:23,16.50,1,,,,,0,,1.14,1.32,1.14,0.96,0,0,0,0,5.09,4.94,4.90,0.00,VMS 1,,Tanque,,1.56,1.68,1.56,1.32,3.95,4.31,4.38,3.86
25/07/2025 10:41 p. m.,Ordeño,08:07,14.47,2,,,,,0,,0.90,1.32,1.08,0.90,0,0,0,0,4.71,4.71,4.72,0.00,VMS 1,,Tanque,,1.20,1.68,1.32,1.32,3.48,3.72,3.83,3.44
26/07/2025 06:28 a. m.,Ordeño,05:33,10.31,1,,,,,0,,1.02,1.20,1.02,0.90,0,0,0,0,4.88,4.81,4.78,0.00,VMS 1,,Tanque,,1.38,1.74,1.44,1.32,2.49,2.62,2.75,2.45
26/07/2025 01:38 p. m.,Ordeño,06:27,8.81,2,,,,,0,,0.96,1.26,0.84,0.78,0,0,0,0,4.69,4.73,4.71,0.00,VMS 1,,Tanque,,1.38,1.74,1.20,1.08,2.13,2.37,2.25,2.06
26/07/2025 11:23 p. m.,Ordeño,06:07,12.30,3,,TD,,,0,,1.08,1.26,0.96,0.84,0,0,0,0,5.06,4.88,4.93,0.00,VMS 1,,Tanque,,1.50,1.74,1.32,1.32,2.92,3.23,3.32,2.83
27/07/2025 09:18 a. m.,Ordeño,06:33,13.93,1,,,,,0,,1.14,1.26,1.02,0.90,0,0,0,0,5.07,5.07,5.00,0.00,VMS 1,,Tanque,,1.56,1.86,1.38,1.26,3.20,3.64,3.67,3.42
27/07/2025 04:41 p. m.,Ordeño,07:01,6.57,2,,,DD,DD,0,,1.02,0.00,0.90,0.84,0,0,0,0,4.71,0.00,4.70,0.00,VMS 1,,Tanque,,1.38,0.00,1.26,1.26,2.14,0.00,2.39,2.04
27/07/2025 11:03 p. m.,Ordeño,06:06,10.68,3,,,,,0,,1.02,1.32,0.90,0.84,0,0,0,0,4.60,4.78,4.49,0.00,VMS 1,,Tanque,,1.44,1.68,1.26,1.26,1.95,4.38,2.29,2.06
28/07/2025 06:51 a. m.,Ordeño,05:17,10.25,1,,,,,0,,1.02,1.14,0.96,0.84,0,0,0,0,4.86,4.59,4.82,0.00,VMS 1,,Tanque,,1.38,1.50,1.44,1.20,2.48,2.63,2.76,2.38
28/07/2025 02:38 p. m.,Ordeño,06:18,10.21,2,,,,,0,,1.14,1.26,0.96,0.84,0,0,0,0,4.86,4.64,4.71,0.00,VMS 1,,Tanque,,1.56,1.62,1.26,1.26,2.50,2.61,2.73,2.37
28/07/2025 10:14 p. m.,Ordeño,05:21,9.59,3,,TI,,,0,,1.02,1.20,0.84,0.84,0,0,0,0,4.79,4.68,4.60,0.00,VMS 1,,Tanque,,1.38,1.74,1.50,1.20,2.35,2.55,2.29,2.40
29/07/2025 08:44 a. m.,Ordeño,06:21,14.73,1,,,,,0,,1.32,1.26,1.08,0.84,0,0,0,0,4.94,4.94,4.86,0.00,VMS 1,,Tanque,,1.68,1.74,1.38,1.20,3.36,3.73,4.18,3.46
29/07/2025 04:21 p. m.,Ordeño,11:37,8.77,2,,TI,,,0,,1.08,1.14,0.78,0.72,0,0,0,0,4.66,4.68,0.00,4.54,VMS 1,,Tanque,,1.50,1.50,1.08,1.44,2.19,2.51,2.25,1.82
30/07/2025 12:30 a. m.,Ordeño,06:00,11.53,1,,,,,0,,1.08,1.26,0.96,0.84,0,0,0,0,4.80,4.78,4.55,0.00,VMS 1,,Tanque,,1.50,1.62,1.26,1.20,2.69,2.81,3.40,2.63
30/07/2025 08:05 a. m.,Ordeño,05:50,10.00,2,,,,,0,,1.14,1.02,0.96,0.84,0,0,0,0,4.75,4.65,4.46,0.00,VMS 1,,Tanque,,1.56,1.44,1.32,1.26,2.39,2.62,2.67,2.32
30/07/2025 03:10 p. m.,Ordeño,05:42,8.53,3,,"TI,TD",,,0,,0.90,1.20,0.90,0.78,0,0,0,0,4.89,4.78,4.53,0.00,VMS 1,,Tanque,,1.38,1.50,1.50,1.14,2.20,2.38,1.84,2.11
30/07/2025 10:14 p. m.,Ordeño,05:32,10.15,4,,,,,0,,1.02,1.20,0.96,0.84,0,0,0,0,4.93,4.93,4.87,0.00,VMS 1,,Tanque,,1.38,1.74,1.26,1.14,2.37,2.47,3.04,2.27
31/07/2025 09:10 a. m.,Ordeño,06:20,14.57,1,,,,,0,,1.20,1.38,1.02,1.02,0,0,0,0,4.99,4.99,4.69,0.00,VMS 1,,Tanque,,1.56,1.80,1.32,1.44,3.49,3.85,3.87,3.36
31/07/2025 07:21 p. m.,Ordeño,06:11,12.50,2,,,,,0,,1.14,1.02,0.96,0.90,0,0,0,0,4.92,4.67,4.68,0.00,VMS 1,,Tanque,,1.62,1.50,1.26,1.26,2.93,3.40,3.25,2.92
01/08/2025 08:51 a. m.,Ordeño,09:21,17.39,1,,,,,0,,1.26,1.44,1.08,0.96,0,0,0,0,5.17,5.03,4.87,0.00,VMS 1,,Tanque,,1.68,1.86,1.44,1.38,4.24,4.38,4.51,4.26
01/08/2025 04:37 p. m.,Ordeño,06:30,9.86,2,,,,,0,,1.08,1.08,0.90,0.90,0,0,0,0,4.57,4.54,4.49,0.00,VMS 1,,Tanque,,1.68,1.80,1.26,1.20,2.25,2.71,2.57,2.33
02/08/2025 03:43 a. m.,Ordeño,06:43,14.89,1,,,,,0,,1.14,1.26,1.08,0.96,0,0,0,0,5.06,4.94,4.80,0.00,VMS 1,,Tanque,,1.44,1.62,1.50,1.38,3.45,3.88,4.00,3.56
02/08/2025 01:10 p. m.,Ordeño,07:15,8.69,2,,,TI,TI,0,,1.02,1.20,0.00,0.90,0,0,0,0,4.84,4.82,0.00,0.00,VMS 1,,Tanque,,1.38,1.68,0.00,1.14,2.87,3.18,0.00,2.64
02/08/2025 05:23 p. m.,Ordeño,06:34,6.89,3,,TI,,,0,,1.08,1.08,0.96,0.84,0,0,0,0,4.76,4.77,5.13,0.00,VMS 1,,Tanque,,1.44,1.50,1.62,1.26,1.58,1.72,2.09,1.50
03/08/2025 12:52 a. m.,Ordeño,06:56,12.86,1,,,,,0,,0.84,1.20,1.08,0.90,0,0,0,0,5.07,5.03,4.78,0.00,VMS 1,,Tanque,,1.20,1.68,1.50,1.20,2.51,2.81,4.93,2.61
03/08/2025 08:41 a. m.,Ordeño,08:25,10.56,2,,TI,,,0,,1.08,1.14,0.90,0.90,0,0,0,0,5.06,4.87,4.55,0.00,VMS 1,,Tanque,,1.44,1.80,1.32,1.32,2.38,2.98,2.55,2.65
03/08/2025 08:58 p. m.,Ordeño,07:30,12.78,3,,,DD,DD,0,,1.14,0.00,1.08,0.90,0,0,0,0,4.85,0.00,4.60,0.00,VMS 1,,Tanque,,1.56,0.00,2.46,1.68,4.22,0.00,4.39,4.17
04/08/2025 01:12 a. m.,Ordeño,07:13,7.77,1,,"DI,TI",TI,,0,,1.02,1.38,0.60,0.72,0,0,0,0,4.47,4.94,4.42,0.00,VMS 1,,Tanque,,1.56,2.16,1.32,1.26,1.47,4.55,0.29,1.46
04/08/2025 08:01 a. m.,Ordeño,05:59,7.04,2,,,TI,TI,0,,0.96,1.32,0.00,0.84,0,0,0,0,4.67,4.40,0.00,0.00,VMS 1,,Tanque,,1.56,1.92,0.00,1.20,2.22,2.75,0.00,2.07
04/08/2025 04:03 p. m.,Ordeño,08:17,10.24,3,,,,DD,0,,1.02,0.00,1.08,0.78,0,0,0,0,4.75,0.00,4.73,0.00,VMS 1,,Tanque,,1.38,0.00,1.50,1.44,2.48,0.00,5.37,2.39
05/08/2025 12:33 a. m.,Ordeño,08:06,12.19,1,,DD,,,0,,1.08,1.38,1.02,0.84,0,0,0,0,4.95,4.80,4.25,0.00,VMS 1,,Tanque,,1.62,1.86,1.38,1.32,2.50,4.36,2.74,2.59
05/08/2025 09:22 a. m.,Ordeño,06:42,12.70,2,,TD,,,0,,1.14,1.32,1.08,0.84,0,0,0,0,4.95,4.53,4.66,0.00,VMS 1,,Tanque,,1.50,1.74,1.38,1.50,3.29,3.59,3.18,2.64
05/08/2025 06:08 p. m.,Ordeño,05:59,9.17,3,,,TI,TI,0,,1.08,1.32,0.00,0.96,0,0,0,0,4.78,4.60,0.00,0.00,VMS 1,,Tanque,,1.80,1.80,0.00,1.44,2.96,2.98,0.00,3.23
05/08/2025 09:32 p. m.,Ordeño,06:52,7.30,4,,,,,0,,0.84,1.08,1.08,0.60,0,0,0,0,4.53,4.75,4.99,0.00,VMS 1,,Tanque,,1.32,1.50,1.44,1.08,1.09,1.10,3.97,1.14
06/08/2025 06:08 a. m.,Ordeño,06:29,11.41,1,,,,,0,,1.20,1.26,1.02,0.84,0,0,0,0,4.87,4.77,4.63,0.00,VMS 1,,Tanque,,1.56,1.80,1.50,1.20,2.82,2.84,2.99,2.76
06/08/2025 01:55 p. m.,Ordeño,05:01,9.69,2,,TD,,,0,,1.08,1.26,1.02,0.90,0,0,0,0,4.79,4.77,4.72,0.00,VMS 1,,Tanque,,1.44,1.68,1.44,1.38,2.38,2.54,2.48,2.29
06/08/2025 10:36 p. m.,Ordeño,05:56,10.69,3,,,,,0,,1.02,1.26,1.02,0.78,0,0,0,0,4.79,4.78,4.64,0.00,VMS 1,,Tanque,,1.44,1.62,1.62,1.14,2.64,2.75,2.71,2.59
07/08/2025 08:17 a. m.,Ordeño,08:15,13.98,1,,,,,0,,1.20,1.50,1.02,0.96,0,0,0,0,5.08,5.11,0.00,4.96,VMS 1,,Tanque,,1.92,2.10,1.56,1.56,3.46,3.59,3.09,3.84
07/08/2025 03:17 p. m.,Ordeño,06:17,9.16,2,,,,,0,,1.08,1.38,0.96,0.90,0,0,0,0,4.66,4.84,4.84,0.00,VMS 1,,Tanque,,1.44,1.92,1.50,1.20,2.18,2.53,2.42,2.03
08/08/2025 12:05 a. m.,Ordeño,05:26,11.16,1,,,,,0,,0.96,1.38,0.96,0.90,0,0,0,0,4.73,4.79,4.82,0.00,VMS 1,,Tanque,,1.50,1.80,1.32,1.32,2.73,2.87,2.88,2.68
08/08/2025 07:32 a. m.,Ordeño,05:16,9.67,2,,,,,0,,1.08,1.32,0.96,0.90,0,0,0,0,4.73,4.78,4.69,0.00,VMS 1,,Tanque,,1.56,1.74,1.32,1.20,2.36,2.54,2.56,2.21
08/08/2025 02:27 p. m.,Ordeño,06:26,8.84,3,,,,,0,,1.02,1.08,0.84,0.72,0,0,0,0,4.81,4.91,4.82,0.00,VMS 1,,Tanque,,1.32,1.68,1.20,1.20,2.16,2.38,2.28,2.02
08/08/2025 09:36 p. m.,Ordeño,05:41,9.83,4,,,,,0,,0.90,1.44,0.90,0.84,0,0,0,0,4.98,5.08,5.01,0.00,VMS 1,,Tanque,,1.38,1.98,1.26,1.32,2.44,2.54,2.59,2.26
09/08/2025 08:56 a. m.,Ordeño,07:02,14.36,1,,,,,0,,1.14,1.56,1.08,1.02,0,0,0,0,4.93,4.93,4.81,0.00,VMS 1,,Tanque,,1.50,2.04,1.44,1.38,3.52,3.73,3.93,3.18
09/08/2025 07:19 p. m.,Ordeño,09:03,10.77,2,,TI,,,0,,1.02,1.26,0.96,0.78,0,0,0,0,4.79,4.79,4.70,0.00,VMS 1,,Tanque,,1.38,1.68,1.26,1.14,2.52,2.94,2.64,2.67
10/08/2025 08:02 a. m.,Ordeño,07:10,17.55,1,,,,,0,,1.26,1.56,1.20,0.96,0,0,0,0,4.93,4.78,4.83,0.00,VMS 1,,Tanque,,1.62,2.22,1.62,1.32,4.18,4.21,4.94,4.22
10/08/2025 10:00 p. m.,Ordeño,06:59,16.35,2,,,,,0,,1.26,1.44,1.20,0.90,0,0,0,0,4.72,4.72,4.64,0.00,VMS 1,,Tanque,,1.68,2.04,1.98,1.38,3.80,4.02,4.51,4.02
11/08/2025 08:14 a. m.,Ordeño,07:04,12.22,1,,,,,0,,1.14,1.32,1.02,0.96,0,0,0,0,4.56,4.59,4.52,0.00,VMS 1,,Tanque,,1.74,1.74,1.38,1.68,2.79,3.32,3.23,2.88
11/08/2025 09:22 p. m.,Ordeño,09:03,9.64,2,,,TD,TD,0,,1.08,1.20,0.84,0.00,0,0,0,0,4.75,4.72,4.87,0.00,VMS 1,,Tanque,,1.44,1.74,1.32,0.00,2.94,3.47,3.23,0.00
12/08/2025 07:53 a. m.,Ordeño,07:52,15.68,1,,,,,0,,1.08,1.32,1.20,1.02,0,0,0,0,4.76,4.67,4.71,0.00,VMS 1,,Tanque,,1.50,1.74,1.50,1.62,3.54,3.80,3.90,4.44
12/08/2025 05:57 p. m.,Ordeño,05:39,11.98,2,,,,,0,,1.14,1.38,1.08,0.90,0,0,0,0,4.76,4.74,4.70,0.00,VMS 1,,Tanque,,1.56,1.80,1.62,1.20,3.01,3.17,3.57,2.23
13/08/2025 10:10 a. m.,Ordeño,08:37,17.80,1,,,,,0,,1.14,1.50,1.32,1.02,0,0,0,0,5.02,4.81,4.85,0.00,VMS 1,,Tanque,,1.44,2.10,1.68,1.44,4.47,4.20,5.29,3.84
13/08/2025 10:49 p. m.,Ordeño,05:35,14.16,2,,,,,0,,1.26,1.38,1.20,0.96,0,0,0,0,4.80,4.73,4.73,0.00,VMS 1,,Tanque,,1.62,1.74,1.56,1.38,3.33,3.65,3.96,3.22
14/08/2025 08:20 a. m.,Ordeño,06:35,12.04,1,,,,,0,,1.14,1.20,1.08,0.90,0,0,0,0,4.93,4.88,4.93,0.00,VMS 1,,Tanque,,1.74,1.62,1.44,1.20,3.01,3.23,3.25,2.55
14/08/2025 06:54 p. m.,Ordeño,06:10,13.31,2,,,,,0,,1.20,1.44,1.08,0.96,0,0,0,0,5.00,5.05,4.96,0.00,VMS 1,,Tanque,,1.44,1.92,1.38,1.26,3.23,3.46,3.61,3.01
15/08/2025 05:39 a. m.,Ordeño,05:41,13.83,1,,,,,0,,1.20,1.26,1.20,1.02,0,0,0,0,4.88,4.89,4.84,0.00,VMS 1,,Tanque,,1.62,1.68,1.50,1.38,3.35,3.67,3.71,3.10
15/08/2025 07:07 p. m.,Ordeño,06:05,15.69,2,,,,,0,,1.14,1.38,1.20,1.02,0,0,0,0,4.84,4.82,4.74,0.00,VMS 1,,Tanque,,1.68,1.74,1.74,1.38,3.66,4.18,4.26,3.59
16/08/2025 01:59 a. m.,Ordeño,06:23,6.08,1,,,TI,TI,0,,1.02,1.26,0.00,0.96,0,0,0,0,4.49,4.57,0.00,0.00,VMS 1,,Tanque,,1.38,1.68,0.00,1.32,2.00,2.24,0.00,1.84
16/08/2025 11:00 a. m.,Ordeño,06:32,7.52,2,,DD,TI,TI,0,,1.08,1.38,0.12,1.02,0,0,0,0,4.74,4.77,3.89,0.00,VMS 1,,Tanque,,1.44,1.92,0.24,1.32,2.56,2.58,0.07,2.31
16/08/2025 05:13 p. m.,Ordeño,06:42,9.97,3,,,,,0,,1.14,1.26,1.26,0.84,0,0,0,0,4.53,4.57,4.71,0.00,VMS 1,,Tanque,,1.62,1.80,1.68,1.26,1.67,2.01,4.90,1.39
17/08/2025 12:04 a. m.,Ordeño,04:39,7.64,1,,,,,0,,0.96,1.26,0.90,0.96,0,0,0,0,4.35,4.69,4.23,0.00,VMS 1,,Tanque,,1.38,1.74,1.32,1.26,1.86,2.11,1.65,2.02
17/08/2025 08:38 a. m.,Ordeño,06:01,10.75,2,,,,,0,,0.96,1.38,1.08,0.96,0,0,0,0,2.61,4.73,4.46,0.00,VMS 1,,Tanque,,1.56,1.98,1.38,1.32,3.17,2.86,2.24,2.48
17/08/2025 05:38 p. m.,Ordeño,06:10,11.72,3,,DI,,,0,,0.96,1.38,1.08,1.02,0,0,0,0,2.48,4.77,4.70,0.00,VMS 1,,Tanque,,1.80,1.86,1.44,1.38,3.20,3.08,2.66,2.78
18/08/2025 02:27 a. m.,Ordeño,06:16,11.40,1,,,,,0,,0.90,1.32,1.02,0.96,0,0,0,0,2.28,4.53,4.67,0.00,VMS 1,,Tanque,,1.92,1.80,1.44,1.38,3.22,2.90,2.67,2.61
18/08/2025 10:05 a. m.,Ordeño,05:52,9.21,2,,,,,0,,0.90,1.26,1.02,0.90,0,0,0,0,4.99,4.60,4.68,0.00,VMS 1,,Tanque,,1.38,1.68,1.38,1.44,2.11,2.58,2.30,2.22
18/08/2025 05:45 p. m.,Ordeño,05:44,9.57,3,,,,,0,,0.96,1.26,1.02,0.96,0,0,0,0,5.15,4.84,4.95,0.00,VMS 1,,Tanque,,1.32,1.68,1.32,1.26,2.29,2.54,2.45,2.29
19/08/2025 01:34 a. m.,Ordeño,09:51,3.79,1,,,"DD,TI","DD,TI",0,,1.02,0.00,0.00,0.84,0,0,0,0,5.12,0.00,0.00,0.00,VMS 1,,Tanque,,1.44,0.00,0.00,1.26,1.68,0.00,0.00,2.11
19/08/2025 08:31 a. m.,Ordeño,08:36,14.24,2,,DD,,,0,,1.08,1.38,1.08,0.84,0,0,0,0,4.87,4.93,4.87,0.00,VMS 1,,Tanque,,1.44,2.10,1.68,1.26,2.73,4.33,4.70,2.48
19/08/2025 04:30 p. m.,Ordeño,05:25,11.21,3,,,,,0,,1.02,1.68,0.96,0.90,0,0,0,0,4.75,4.43,4.49,0.00,VMS 1,,Tanque,,1.50,2.34,1.38,1.32,2.44,3.54,2.75,2.48
20/08/2025 12:56 a. m.,Ordeño,05:59,10.87,1,,,,,0,,0.90,1.50,0.90,0.90,0,0,0,0,4.54,4.61,4.71,0.00,VMS 1,,Tanque,,1.38,2.10,1.32,1.32,2.52,3.17,2.65,2.53
20/08/2025 03:57 p. m.,Ordeño,09:45,8.91,2,,DD,"DD,TD","DD,TD",0,,1.38,0.12,1.08,0.00,0,0,0,0,5.07,3.22,5.03,0.00,VMS 1,,Tanque,,1.74,0.18,1.50,0.00,4.33,0.06,4.52,0.00
20/08/2025 09:54 p. m.,Ordeño,07:58,14.64,3,,,,,0,,0.90,2.22,1.02,0.90,0,0,0,0,4.52,4.79,4.55,0.00,VMS 1,,Tanque,,1.32,3.90,1.38,1.38,2.07,5.95,2.40,4.22
21/08/2025 12:59 p. m.,Ordeño,08:04,16.90,1,,TD,,,0,,1.20,1.56,1.14,1.02,0,0,0,0,4.78,4.61,4.69,0.00,VMS 1,,Tanque,,1.62,2.10,1.44,1.50,4.32,4.58,4.91,3.09
21/08/2025 09:21 p. m.,Ordeño,05:42,9.01,2,,,,,0,,1.08,1.20,1.02,1.08,0,0,0,0,4.11,4.19,4.16,0.00,VMS 1,,Tanque,,1.50,1.92,1.38,1.56,1.99,2.06,2.27,2.69
22/08/2025 06:37 a. m.,Ordeño,05:19,9.42,1,,,,,0,,1.08,1.32,0.96,0.84,0,0,0,0,4.45,4.46,4.49,0.00,VMS 1,,Tanque,,1.44,1.86,1.44,1.38,2.31,2.42,2.70,1.99
22/08/2025 03:00 p. m.,Ordeño,08:12,10.00,2,,,,,0,,1.08,1.26,1.14,0.72,0,0,0,0,4.79,4.80,4.68,0.00,VMS 1,,Tanque,,1.38,1.80,1.50,1.14,2.48,2.84,2.75,1.93
23/08/2025 01:51 a. m.,Ordeño,09:50,9.22,1,,,TD,TD,0,,0.90,1.20,1.08,0.00,0,0,0,0,4.83,4.80,4.70,0.00,VMS 1,,Tanque,,1.26,1.74,1.38,0.00,2.78,3.25,3.19,0.00
23/08/2025 07:24 a. m.,Ordeño,06:45,11.06,2,,,,,0,,0.96,1.38,0.96,1.08,0,0,0,0,4.36,4.53,4.31,0.00,VMS 1,,Tanque,,1.68,1.98,1.44,1.56,2.13,2.37,2.29,4.27
23/08/2025 03:31 p. m.,Ordeño,05:47,10.34,3,,,,,0,,1.02,1.32,1.14,1.02,0,0,0,0,4.71,4.77,4.59,0.00,VMS 1,,Tanque,,1.50,1.80,1.68,1.44,2.50,2.82,2.80,2.22
24/08/2025 12:21 a. m.,Ordeño,05:51,12.14,1,,,,,0,,1.08,1.32,1.08,1.08,0,0,0,0,4.93,4.89,4.79,0.00,VMS 1,,Tanque,,1.44,1.80,1.50,1.50,2.93,3.23,3.30,2.68
24/08/2025 08:02 a. m.,Ordeño,05:00,10.58,2,,,,,0,,1.14,1.26,1.02,0.96,0,0,0,0,4.86,4.91,4.70,0.00,VMS 1,,Tanque,,1.50,1.80,1.38,1.38,2.54,2.96,2.86,2.22
24/08/2025 03:10 p. m.,Ordeño,05:33,7.00,3,,,TD,TD,0,,0.96,1.20,0.96,0.24,0,0,0,0,4.66,4.73,4.61,0.00,VMS 1,,Tanque,,1.86,1.68,1.38,0.66,2.17,2.42,2.27,0.14
25/08/2025 12:18 a. m.,Ordeño,08:33,13.60,1,,,,,0,,1.08,1.26,1.14,1.02,0,0,0,0,4.83,4.80,4.77,0.00,VMS 1,,Tanque,,1.50,1.86,1.44,1.50,2.81,3.34,3.19,4.26
25/08/2025 09:52 a. m.,Ordeño,06:17,12.83,2,,,,,0,,1.20,1.50,1.08,1.14,0,0,0,0,4.69,4.68,4.63,0.00,VMS 1,,Tanque,,1.50,1.98,1.44,1.50,3.04,3.51,3.57,2.71
25/08/2025 06:06 p. m.,Ordeño,05:16,9.70,3,,,,,0,,0.96,1.20,0.96,0.96,0,0,0,0,4.65,4.61,4.48,0.00,VMS 1,,Tanque,,1.32,1.74,1.32,1.32,2.28,2.83,2.60,1.99
26/08/2025 07:38 a. m.,Ordeño,08:07,15.97,1,,TD,,,0,,1.14,1.38,1.14,0.90,0,0,0,0,4.83,4.80,4.71,0.00,VMS 1,,Tanque,,1.74,1.86,1.50,1.32,4.03,4.43,4.43,3.08
27/08/2025 12:55 a. m.,Ordeño,09:39,18.04,1,,,TD,TD,0,,1.26,1.14,1.20,0.00,0,0,0,0,4.53,4.63,4.45,0.00,VMS 1,,Tanque,,1.86,1.56,1.50,0.00,8.01,5.00,5.03,0.00
27/08/2025 10:47 a. m.,Ordeño,06:15,12.70,2,,,,,0,,1.02,1.38,1.02,0.90,0,0,0,0,4.53,4.35,4.45,0.00,VMS 1,,Tanque,,1.44,1.92,1.38,1.38,3.04,3.62,3.34,2.70
27/08/2025 09:29 p. m.,Ordeño,07:49,12.18,3,,,,,0,,1.08,1.20,0.96,0.90,0,0,0,0,4.51,4.34,0.00,4.68,VMS 1,,Tanque,,1.44,1.74,1.38,1.38,2.85,3.34,3.28,2.71
28/08/2025 01:45 p. m.,Ordeño,10:03,17.88,1,,DD,,,0,,1.14,1.32,1.14,0.96,0,0,0,0,4.56,4.46,4.58,0.00,VMS 1,,Tanque,,1.62,2.04,1.44,1.50,4.23,4.77,4.73,4.15
29/08/2025 12:19 a. m.,Ordeño,05:17,11.84,1,,,,,0,,1.08,1.38,1.02,0.96,0,0,0,0,4.10,4.18,4.05,0.00,VMS 1,,Tanque,,1.44,1.86,1.50,1.50,2.68,3.20,3.08,2.88
29/08/2025 10:39 a. m.,Ordeño,06:17,11.90,2,,,,,0,,1.08,1.44,1.02,1.02,0,0,0,0,4.50,4.44,4.45,0.00,VMS 1,,Tanque,,1.50,2.04,1.38,1.50,2.74,3.26,3.16,2.74
29/08/2025 09:07 p. m.,Ordeño,06:35,13.02,3,,,,,0,,0.90,1.26,1.08,0.90,0,0,0,0,4.65,4.61,4.62,0.00,VMS 1,,Tanque,,1.26,1.74,1.44,1.32,2.99,3.57,3.49,2.97
30/08/2025 06:51 a. m.,Ordeño,05:15,9.27,1,,"DI,DD,TI",TI,TI,0,,1.14,1.44,0.72,1.02,0,0,0,0,4.69,4.70,4.22,0.00,VMS 1,,Tanque,,1.62,1.98,1.38,1.44,2.86,3.45,0.17,2.79
30/08/2025 01:13 p. m.,Ordeño,04:51,5.82,2,,,TI,TI,0,,1.02,1.26,0.00,0.72,0,0,0,0,4.72,4.56,0.00,0.00,VMS 1,,Tanque,,1.38,1.74,0.00,1.26,2.02,2.24,0.00,1.56
30/08/2025 04:41 p. m.,Ordeño,07:29,7.85,3,,,,,0,,0.84,0.96,1.14,0.72,0,0,0,0,4.71,4.63,4.94,0.00,VMS 1,,Tanque,,1.26,1.56,1.74,1.14,0.97,1.14,4.50,1.24
30/08/2025 11:58 p. m.,Ordeño,05:20,10.28,1,,,,,0,,0.96,1.26,1.08,0.90,0,0,0,0,4.71,4.63,4.07,0.00,VMS 1,,Tanque,,1.56,1.86,1.38,1.38,2.32,2.70,2.96,2.30
31/08/2025 09:57 a. m.,Ordeño,05:41,12.49,2,,,,,0,,1.08,1.38,1.08,0.96,0,0,0,0,4.84,4.63,4.53,0.00,VMS 1,,Tanque,,1.44,1.98,1.50,1.32,2.99,3.72,2.88,2.90
31/08/2025 08:56 p. m.,Ordeño,06:28,13.22,3,,,,,0,,1.08,1.38,1.08,0.90,0,0,0,0,4.78,4.61,4.61,0.00,VMS 1,,Tanque,,1.44,2.10,1.38,1.32,3.06,3.79,3.18,3.19
01/09/2025 08:14 a. m.,Ordeño,08:33,14.48,1,,,,,0,,1.14,1.26,1.08,0.90,0,0,0,0,4.81,4.57,4.69,0.00,VMS 1,,Tanque,,1.50,1.74,1.44,1.44,3.30,4.06,3.69,3.43
01/09/2025 05:15 p. m.,Ordeño,05:15,11.97,2,,TD,,,0,,1.08,1.20,1.02,0.90,0,0,0,0,4.56,4.42,4.62,0.00,VMS 1,,Tanque,,1.44,1.68,1.38,1.26,2.80,3.42,2.95,2.80
02/09/2025 08:55 a. m.,Ordeño,06:38,18.18,1,,TD,,,0,,1.32,1.62,1.20,1.02,0,0,0,0,4.67,4.52,4.67,0.00,VMS 1,,Tanque,,1.80,2.16,1.68,1.50,4.27,5.14,4.89,3.88
02/09/2025 05:32 p. m.,Ordeño,05:18,9.72,2,,DD,,,0,,1.02,1.26,0.96,0.84,0,0,0,0,4.22,4.18,4.20,0.00,VMS 1,,Tanque,,1.62,1.86,1.26,1.26,2.16,2.63,2.45,2.48
03/09/2025 12:56 a. m.,Ordeño,04:58,8.29,1,,,,,0,,1.02,1.26,1.02,0.90,0,0,0,0,4.42,4.35,4.50,0.00,VMS 1,,Tanque,,1.44,1.86,1.32,1.32,1.94,2.43,2.09,1.83
03/09/2025 02:34 p. m.,Ordeño,06:36,17.01,2,,DD,,,0,,1.26,1.50,1.20,1.02,0,0,0,0,4.68,4.55,4.64,0.00,VMS 1,,Tanque,,1.74,2.34,1.56,1.38,3.91,4.79,4.42,3.89
03/09/2025 11:07 p. m.,Ordeño,04:39,10.13,3,,DD,,,0,,1.14,1.26,1.14,0.96,0,0,0,0,4.34,4.35,4.37,0.00,VMS 1,,Tanque,,1.56,1.80,1.44,1.38,2.42,2.83,2.63,2.25
04/09/2025 06:56 a. m.,Ordeño,04:55,9.49,1,,,,,0,,0.96,1.44,1.02,0.90,0,0,0,0,4.54,4.48,4.72,0.00,VMS 1,,Tanque,,1.38,3.06,1.56,1.38,2.16,2.82,2.47,2.04
04/09/2025 06:32 p. m.,Ordeño,05:46,13.07,2,,,,,0,,1.02,1.38,1.08,0.96,0,0,0,0,4.46,4.48,4.52,0.00,VMS 1,,Tanque,,1.38,1.92,1.50,1.32,2.91,3.69,3.51,2.96
05/09/2025 01:47 a. m.,Ordeño,04:38,8.40,1,,,,,0,,0.96,1.26,0.96,0.90,0,0,0,0,4.48,4.42,4.50,0.00,VMS 1,,Tanque,,1.26,1.86,1.44,1.26,1.91,2.32,2.31,1.86
05/09/2025 10:34 a. m.,Ordeño,05:32,11.39,2,,,,,0,,1.02,1.50,0.96,1.02,0,0,0,0,4.74,4.69,4.78,0.00,VMS 1,,Tanque,,1.56,2.10,1.26,1.50,2.59,3.25,2.91,2.64
05/09/2025 07:45 p. m.,Ordeño,05:41,10.82,3,,,,,0,,0.96,1.32,0.96,0.84,0,0,0,0,4.66,4.56,4.71,0.00,VMS 1,,Tanque,,1.32,1.86,1.32,1.44,2.46,3.14,2.83,2.39
06/09/2025 05:29 a. m.,Ordeño,05:52,12.47,1,,,,,0,,1.02,1.32,1.02,0.96,0,0,0,0,4.79,4.69,4.78,0.00,VMS 1,,Tanque,,1.32,1.92,1.50,1.50,2.83,3.50,3.27,2.87
06/09/2025 03:09 p. m.,Ordeño,05:51,12.04,2,,TI,,,0,,0.96,1.38,1.02,0.96,0,0,0,0,4.80,4.61,4.66,0.00,VMS 1,,Tanque,,1.44,1.98,1.68,1.32,2.81,3.53,2.83,2.87
07/09/2025 03:10 a. m.,Ordeño,06:19,15.16,1,,,,,0,,1.08,1.44,1.14,1.08,0,0,0,0,4.66,4.52,4.62,0.00,VMS 1,,Tanque,,1.50,1.86,1.44,1.50,3.45,4.08,4.24,3.39
07/09/2025 12:35 p. m.,Ordeño,05:39,12.23,2,,,,,0,,0.96,1.32,1.02,1.02,0,0,0,0,4.61,4.45,4.54,0.00,VMS 1,,Tanque,,1.38,1.80,1.32,1.56,2.75,3.51,3.15,2.82
08/09/2025 12:29 a. m.,Ordeño,06:44,14.63,1,,,,,0,,1.26,1.26,1.20,0.96,0,0,0,0,4.69,4.52,4.59,0.00,VMS 1,,Tanque,,1.98,1.74,1.50,1.44,3.38,4.00,3.88,3.37
08/09/2025 08:46 a. m.,Ordeño,05:06,10.05,2,,DD,,,0,,1.20,1.20,1.14,0.96,0,0,0,0,4.43,4.31,4.26,0.00,VMS 1,,Tanque,,1.56,1.80,1.50,1.38,2.35,2.73,2.68,2.29
08/09/2025 06:57 p. m.,Ordeño,05:34,11.91,3,,,,,0,,1.02,1.14,1.02,0.84,0,0,0,0,4.56,4.53,4.45,0.00,VMS 1,,Tanque,,1.56,1.74,1.32,1.26,2.68,3.27,3.21,2.75
09/09/2025 01:48 a. m.,Ordeño,04:56,8.18,1,,,,,0,,0.90,1.20,0.96,0.90,0,0,0,0,4.36,4.36,4.41,0.00,VMS 1,,Tanque,,1.20,1.68,1.32,1.26,1.90,2.23,2.16,1.89
09/09/2025 10:25 a. m.,Ordeño,05:23,11.36,2,,DD,,,0,,1.02,1.20,0.96,0.84,0,0,0,0,4.79,4.68,4.80,0.00,VMS 1,,Tanque,,1.50,1.74,1.38,1.26,2.67,3.09,3.02,2.58
09/09/2025 06:43 p. m.,Ordeño,05:30,10.35,3,,,,,0,,0.96,1.14,1.02,0.96,0,0,0,0,4.59,4.56,4.52,0.00,VMS 1,,Tanque,,1.26,1.68,1.44,1.44,2.43,2.86,2.71,2.35
10/09/2025 01:50 a. m.,Ordeño,05:42,9.12,1,,,,,0,,1.02,1.26,0.96,0.90,0,0,0,0,4.70,4.59,4.65,0.00,VMS 1,,Tanque,,1.62,1.74,1.32,1.26,2.17,2.46,2.39,2.10
10/09/2025 12:20 p. m.,Ordeño,09:30,12.76,2,,DD,,,0,,1.02,1.38,0.96,0.96,0,0,0,0,4.61,4.54,4.65,0.00,VMS 1,,Tanque,,1.32,2.10,1.38,1.32,3.09,3.43,3.31,2.93
10/09/2025 11:50 p. m.,Ordeño,05:53,12.74,3,,DD,,,0,,0.96,1.26,0.96,0.96,0,0,0,0,4.45,4.31,4.31,0.00,VMS 1,,Tanque,,1.32,1.74,1.44,1.44,2.92,3.41,3.50,2.91
11/09/2025 10:42 a. m.,Ordeño,06:26,13.89,1,,,,,0,,1.08,1.38,1.08,1.02,0,0,0,0,4.63,4.53,4.51,0.00,VMS 1,,Tanque,,1.44,2.10,1.56,1.44,3.18,3.94,3.61,3.16
11/09/2025 06:58 p. m.,Ordeño,05:05,9.18,2,,TI,,,0,,0.90,1.26,0.96,0.90,0,0,0,0,4.29,4.25,4.25,0.00,VMS 1,,Tanque,,1.32,1.74,1.26,1.26,2.07,2.52,2.46,2.13
12/09/2025 09:13 a. m.,Ordeño,06:18,15.74,1,,,,,0,,1.14,1.56,1.14,1.08,0,0,0,0,4.64,4.50,4.54,0.00,VMS 1,,Tanque,,1.56,2.58,1.50,1.38,3.70,4.15,4.24,3.65
12/09/2025 06:56 p. m.,Ordeño,09:31,9.06,2,,,,,0,,0.96,1.20,0.96,0.90,0,0,0,0,4.16,4.18,4.12,0.00,VMS 1,,Tanque,,1.26,1.74,1.26,1.32,2.04,2.49,2.38,2.15
13/09/2025 10:14 a. m.,Ordeño,06:08,13.41,1,,,,,0,,1.14,1.38,1.08,1.02,0,0,0,0,4.04,4.10,3.92,0.00,VMS 1,,Tanque,,1.56,1.86,1.50,1.38,3.01,3.69,3.62,3.09
13/09/2025 07:59 p. m.,Ordeño,05:13,8.69,2,,,,,0,,0.96,1.08,1.02,0.90,0,0,0,0,4.05,4.09,4.06,0.00,VMS 1,,Tanque,,1.38,1.62,1.50,1.26,1.92,2.45,2.32,2.00
14/09/2025 07:16 a. m.,Ordeño,05:36,10.89,1,,,,,0,,0.90,1.32,1.02,0.90,0,0,0,0,4.32,4.29,4.39,0.00,VMS 1,,Tanque,,1.32,1.86,1.38,1.44,2.46,3.08,2.94,2.41
14/09/2025 03:04 p. m.,Ordeño,05:04,7.31,2,,,,,0,,0.90,1.08,0.96,0.90,0,0,0,0,4.26,4.29,4.24,0.00,VMS 1,,Tanque,,1.38,1.68,1.32,1.20,1.67,2.00,1.95,1.69
14/09/2025 10:17 p. m.,Ordeño,06:09,7.19,3,,,,,0,,0.96,1.14,0.90,0.84,0,0,0,0,4.25,4.37,4.32,0.00,VMS 1,,Tanque,,1.26,1.62,1.26,1.26,1.68,1.99,1.87,1.65
15/09/2025 12:24 p. m.,Ordeño,06:16,15.69,1,,,,,0,,1.14,1.44,1.20,1.08,0,0,0,0,4.78,0.00,4.64,0.00,VMS 1,,Tanque,,1.56,2.16,1.56,1.38,3.64,4.30,4.20,3.55
15/09/2025 09:42 p. m.,Ordeño,05:23,9.23,2,,,,,0,,0.90,1.26,1.02,0.96,0,0,0,0,4.16,0.00,4.31,0.00,VMS 1,,Tanque,,1.38,1.74,1.38,1.32,2.15,2.61,2.40,2.07
16/09/2025 10:29 a. m.,Ordeño,05:57,15.27,1,,,,,0,,1.20,1.32,1.14,0.96,0,0,0,0,5.02,0.00,4.93,0.00,VMS 1,,Tanque,,1.62,1.92,1.56,1.38,3.45,4.27,4.13,3.42
16/09/2025 07:52 p. m.,Ordeño,06:06,10.95,2,,,,,0,,1.02,1.14,1.02,0.90,0,0,0,0,4.69,0.00,4.64,0.00,VMS 1,,Tanque,,1.32,1.80,1.44,1.26,2.49,2.99,2.89,2.58
17/09/2025 05:19 a. m.,Ordeño,06:02,11.50,1,,,,,0,,0.96,1.08,1.08,0.90,0,0,0,0,4.69,0.00,4.77,0.00,VMS 1,,Tanque,,1.32,1.62,1.32,1.26,2.71,3.06,3.06,2.67
17/09/2025 05:46 p. m.,Ordeño,06:09,13.84,2,,,,,0,,1.08,1.20,1.14,0.96,0,0,0,0,4.77,0.00,4.78,0.00,VMS 1,,Tanque,,1.44,1.74,1.50,1.38,3.21,3.84,3.65,3.14
18/09/2025 01:52 a. m.,Ordeño,05:13,10.10,1,,,,,0,,1.02,1.20,1.02,0.84,0,0,0,0,4.49,0.00,4.50,0.00,VMS 1,,Tanque,,1.38,1.62,1.50,1.32,2.33,2.79,2.66,2.32
18/09/2025 11:17 a. m.,Ordeño,05:30,11.43,2,,,,,0,,1.02,1.14,1.08,0.90,0,0,0,0,4.69,0.00,4.63,0.00,VMS 1,,Tanque,,1.56,1.62,1.44,1.32,2.61,3.13,3.11,2.58
18/09/2025 07:43 p. m.,Ordeño,05:15,10.01,3,,,,,0,,0.90,1.14,0.96,0.84,0,0,0,0,4.55,0.00,4.63,0.00,VMS 1,,Tanque,,1.32,1.68,1.32,1.20,2.30,2.75,2.64,2.32
19/09/2025 08:07 a. m.,Ordeño,06:36,14.78,1,,,,,0,,1.02,1.32,1.14,1.02,0,0,0,0,4.61,0.00,4.65,0.00,VMS 1,,Tanque,,1.38,1.98,1.50,1.38,3.32,4.17,3.92,3.37
19/09/2025 06:48 p. m.,Ordeño,06:45,12.55,2,,,,,0,,1.08,1.26,1.02,0.90,0,0,0,0,4.45,0.00,4.51,0.00,VMS 1,,Tanque,,1.44,1.74,1.44,1.38,2.83,3.50,3.39,2.83
20/09/2025 06:37 a. m.,Ordeño,06:57,13.78,1,,DD,,,0,,1.14,1.32,1.14,0.90,0,0,0,0,4.65,0.00,4.69,0.00,VMS 1,,Tanque,,1.56,1.86,1.50,1.38,3.12,3.66,3.72,3.28
20/09/2025 03:02 p. m.,Ordeño,08:34,10.29,2,,,,,0,,1.08,1.20,0.84,0.90,0,0,0,0,4.61,0.00,4.45,0.00,VMS 1,,Tanque,,1.56,1.68,1.14,1.38,2.59,2.85,2.39,2.46
21/09/2025 02:24 a. m.,Ordeño,08:00,13.50,1,,,,,0,,1.02,1.44,1.08,1.02,0,0,0,0,4.58,0.00,4.39,0.00,VMS 1,,Tanque,,1.44,1.86,1.44,1.38,3.05,3.68,3.65,3.12
21/09/2025 11:10 a. m.,Ordeño,05:08,11.20,2,,,,,0,,1.02,1.32,1.08,0.96,0,0,0,0,4.37,0.00,4.23,0.00,VMS 1,,Tanque,,1.56,1.86,1.38,1.38,2.56,3.10,2.99,2.55
21/09/2025 09:54 p. m.,Ordeño,06:32,12.06,3,,,,,0,,0.90,1.32,1.02,0.90,0,0,0,0,4.38,0.00,4.42,0.00,VMS 1,,Tanque,,1.44,1.80,1.38,1.38,2.77,3.17,3.18,2.94
22/09/2025 08:20 a. m.,Ordeño,05:52,12.58,1,,,,,0,,0.96,1.50,1.02,1.02,0,0,0,0,4.39,0.00,4.48,0.00,VMS 1,,Tanque,,1.26,1.98,1.44,1.44,3.03,3.39,3.28,2.88
22/09/2025 05:57 p. m.,Ordeño,10:15,10.01,2,,DD,,,0,,1.02,1.38,0.96,1.02,0,0,0,0,4.59,0.00,4.67,0.00,VMS 1,,Tanque,,1.38,1.86,1.26,1.44,2.19,2.92,2.39,2.51
23/09/2025 02:57 a. m.,Ordeño,05:50,11.91,1,,,,,0,,1.14,1.20,1.02,1.02,0,0,0,0,4.61,0.00,4.54,0.00,VMS 1,,Tanque,,1.50,1.80,1.44,1.44,2.80,3.10,3.30,2.71
23/09/2025 02:57 p. m.,Ordeño,06:12,14.22,2,,,,,0,,1.08,1.38,1.08,1.08,0,0,0,0,4.46,0.00,4.40,0.00,VMS 1,,Tanque,,1.44,1.80,1.56,1.44,3.29,3.85,3.72,3.36
23/09/2025 11:33 p. m.,Ordeño,04:32,9.40,3,,,,,0,,1.26,1.26,1.14,1.02,0,0,0,0,4.48,0.00,4.42,0.00,VMS 1,,Tanque,,1.80,1.80,1.50,1.38,2.07,2.65,2.54,2.14
24/09/2025 08:24 a. m.,Ordeño,05:42,11.20,1,,,,,0,,1.08,1.32,0.96,1.02,0,0,0,0,4.69,0.00,4.54,0.00,VMS 1,,Tanque,,1.74,1.74,1.56,1.32,2.60,3.09,2.93,2.58
24/09/2025 06:09 p. m.,Ordeño,06:58,11.65,2,,,,,0,,1.14,1.26,1.08,1.02,0,0,0,0,4.73,0.00,4.74,0.00,VMS 1,,Tanque,,1.44,1.74,1.68,1.38,2.67,3.16,3.08,2.74
25/09/2025 03:21 a. m.,Ordeño,05:36,9.33,1,,TD,TD,,0,,1.20,1.44,1.02,0.96,0,0,0,0,4.86,0.00,4.84,0.00,VMS 1,,Tanque,,1.56,1.92,1.44,1.62,2.68,3.15,3.09,0.41
25/09/2025 10:37 a. m.,Ordeño,06:06,11.51,2,,,,,0,,0.90,1.32,1.02,1.08,0,0,0,0,4.66,0.00,4.62,0.00,VMS 1,,Tanque,,1.26,2.04,1.26,1.44,2.19,2.59,2.46,4.27
25/09/2025 07:26 p. m.,Ordeño,05:23,10.10,3,,,,,0,,1.02,1.26,1.02,0.90,0,0,0,0,4.62,0.00,4.54,0.00,VMS 1,,Tanque,,1.50,1.74,1.32,1.26,2.34,2.79,2.83,2.14
26/09/2025 05:36 a. m.,Ordeño,05:39,11.27,1,,,,,0,,0.96,1.26,1.14,1.02,0,0,0,0,4.60,0.00,4.49,0.00,VMS 1,,Tanque,,1.32,1.62,1.44,1.32,2.58,3.08,3.13,2.48
26/09/2025 03:21 p. m.,Ordeño,05:20,10.60,2,,,,,0,,0.90,1.32,1.08,0.96,0,0,0,0,4.60,0.00,4.41,0.00,VMS 1,,Tanque,,1.38,1.80,1.56,1.32,2.37,2.92,2.92,2.39
26/09/2025 10:26 p. m.,Ordeño,04:49,6.84,3,,,,,0,,0.96,1.20,1.02,1.02,0,0,0,0,4.52,0.00,4.42,0.00,VMS 1,,Tanque,,1.50,1.86,1.38,1.26,1.49,1.89,1.86,1.60
27/09/2025 05:50 a. m.,Ordeño,08:33,6.31,1,,TD,TD,,0,,1.02,1.08,1.20,0.96,0,0,0,0,4.28,0.00,4.27,0.00,VMS 1,,Tanque,,2.04,1.68,1.56,1.56,1.61,1.83,1.98,0.89
27/09/2025 10:39 a. m.,Ordeño,06:20,4.56,2,,,,,0,,0.84,1.14,0.90,0.90,0,0,0,0,4.29,0.00,4.33,0.00,VMS 1,,Tanque,,1.32,1.74,1.32,1.32,0.94,1.15,1.16,1.31
27/09/2025 07:07 p. m.,Ordeño,05:53,8.39,3,,,,,0,,0.90,1.20,1.08,0.90,0,0,0,0,4.41,0.00,4.32,0.00,VMS 1,,Tanque,,1.26,1.68,1.56,1.26,1.79,2.32,2.29,1.99
28/09/2025 06:27 a. m.,Ordeño,05:29,12.27,1,,,,,0,,1.08,1.20,1.02,0.90,0,0,0,0,4.69,0.00,4.57,0.00,VMS 1,,Tanque,,1.56,1.74,1.50,1.32,2.83,3.36,3.32,2.76
28/09/2025 04:54 p. m.,Ordeño,06:21,12.92,2,,TD,,,0,,0.96,1.38,1.08,0.96,0,0,0,0,4.82,0.00,4.63,0.00,VMS 1,,Tanque,,1.38,1.98,1.50,1.56,2.93,3.75,3.48,2.76
29/09/2025 02:58 a. m.,Ordeño,05:49,12.24,1,,,,,0,,0.96,1.38,1.14,1.02,0,0,0,0,4.91,0.00,4.68,0.00,VMS 1,,Tanque,,1.38,2.04,1.50,1.32,2.69,3.44,3.29,2.82
29/09/2025 04:21 p. m.,Ordeño,05:40,15.15,2,,DD,,,0,,1.14,1.32,1.20,1.08,0,0,0,0,5.04,0.00,4.79,0.00,VMS 1,,Tanque,,1.56,1.86,1.62,1.44,3.48,4.11,4.05,3.51
29/09/2025 11:34 p. m.,Ordeño,05:13,8.72,3,,,,,0,,0.96,1.20,0.84,0.90,0,0,0,0,4.43,0.00,4.41,0.00,VMS 1,,Tanque,,1.44,1.80,1.20,1.26,1.99,2.44,2.29,2.00
30/09/2025 10:26 a. m.,Ordeño,06:20,12.87,1,,,,,0,,1.02,1.38,1.08,1.08,0,0,0,0,4.82,0.00,4.68,0.00,VMS 1,,Tanque,,1.44,1.86,1.38,1.50,2.88,3.49,3.46,3.04
30/09/2025 07:34 p. m.,Ordeño,05:27,10.62,2,,,,,0,,0.96,1.32,1.02,1.02,0,0,0,0,4.66,0.00,4.67,0.00,VMS 1,,Tanque,,1.38,1.86,1.38,1.32,2.37,2.89,2.88,2.48
01/10/2025 05:35 a. m.,Ordeño,05:17,11.57,1,,,,,0,,1.02,1.44,1.08,1.02,0,0,0,0,4.85,0.00,4.70,0.00,VMS 1,,Tanque,,1.38,1.98,1.44,1.50,2.67,3.24,3.06,2.60
01/10/2025 05:32 p. m.,Ordeño,05:56,13.71,2,,,,,0,,1.08,1.44,1.14,1.08,0,0,0,0,4.62,0.00,4.50,0.00,VMS 1,,Tanque,,1.38,1.86,1.62,1.38,3.12,3.73,3.71,3.15
02/10/2025 01:51 a. m.,Ordeño,06:04,9.14,1,,,,,0,,1.08,1.44,0.96,0.90,0,0,0,0,4.61,0.00,4.62,0.00,VMS 1,,Tanque,,1.38,2.46,1.32,1.32,2.00,2.63,2.41,2.10
02/10/2025 12:10 p. m.,Ordeño,06:04,12.83,2,,,,,0,,0.96,1.44,1.08,0.96,0,0,0,0,4.95,0.00,4.86,0.00,VMS 1,,Tanque,,1.32,2.16,1.44,1.38,2.94,3.62,3.46,2.81
02/10/2025 08:56 p. m.,Ordeño,08:54,9.95,3,,,,,0,,1.14,1.50,1.08,1.02,0,0,0,0,4.62,0.00,4.64,0.00,VMS 1,,Tanque,,2.10,2.10,1.50,1.38,2.21,2.85,2.65,2.24
03/10/2025 12:16 p. m.,Ordeño,06:35,17.81,1,,,,,0,,1.08,1.74,1.20,1.14,0,0,0,0,4.92,0.00,4.86,0.00,VMS 1,,Tanque,,1.44,2.28,1.56,1.56,4.27,4.54,4.91,4.09
03/10/2025 09:24 p. m.,Ordeño,05:11,9.65,2,,,,,0,,1.08,1.32,1.02,1.02,0,0,0,0,4.61,0.00,4.51,0.00,VMS 1,,Tanque,,1.38,1.98,1.50,1.38,2.17,2.75,2.58,2.15
04/10/2025 06:39 a. m.,Ordeño,05:53,11.33,1,,,,,0,,1.08,1.50,1.20,1.02,0,0,0,0,4.89,0.00,4.67,0.00,VMS 1,,Tanque,,1.44,2.16,1.56,1.56,2.62,3.17,3.03,2.51
04/10/2025 10:37 p. m.,Ordeño,07:06,17.51,2,,DD,,,0,,1.26,1.50,1.26,0.96,0,0,0,0,4.98,0.00,4.76,0.00,VMS 1,,Tanque,,1.62,2.10,1.74,1.38,3.83,4.68,4.62,4.38
05/10/2025 05:36 a. m.,Ordeño,04:59,8.73,1,,,,,0,,0.96,1.44,1.02,1.02,0,0,0,0,4.65,0.00,4.43,0.00,VMS 1,,Tanque,,1.38,2.22,1.44,1.32,1.99,2.49,2.39,1.86
05/10/2025 04:20 p. m.,Ordeño,05:39,12.74,2,,,,,0,,1.08,1.44,1.08,1.02,0,0,0,0,4.96,0.00,4.78,0.00,VMS 1,,Tanque,,1.44,2.28,1.44,1.44,2.82,3.67,3.42,2.83
06/10/2025 05:08 a. m.,Ordeño,06:30,15.86,1,,TD,,,0,,1.02,1.50,1.02,1.02,0,0,0,0,4.88,0.00,4.78,0.00,VMS 1,,Tanque,,1.32,2.28,1.44,1.44,3.67,4.32,4.14,3.73
06/10/2025 01:03 p. m.,Ordeño,05:36,8.65,2,,,,,0,,1.08,1.14,0.96,0.84,0,0,0,0,4.67,4.79,4.60,4.71,VMS 3,,Tanque,,1.74,1.50,1.32,1.14,2.19,2.26,2.16,2.04
06/10/2025 10:36 p. m.,Ordeño,06:31,12.31,3,,,,,0,,1.14,1.20,1.02,0.84,0,0,0,0,4.63,4.91,4.58,4.70,VMS 3,,Tanque,,1.80,1.62,1.32,1.20,3.06,3.27,3.24,2.74
07/10/2025 07:23 a. m.,Ordeño,05:05,11.43,1,,,,,0,,1.20,1.32,1.14,1.02,0,0,0,0,4.79,4.86,4.72,4.86,VMS 3,,Tanque,,1.50,1.80,1.56,1.38,2.81,3.01,2.93,2.68
07/10/2025 04:40 p. m.,Ordeño,05:10,10.73,2,,,,,0,,1.14,1.32,1.20,1.02,0,0,0,0,4.48,4.62,4.47,4.59,VMS 3,,Tanque,,1.50,1.80,1.56,1.50,2.75,2.85,2.80,2.33
08/10/2025 01:13 a. m.,Ordeño,05:58,9.96,1,,DD,,,0,,1.14,1.38,1.08,1.02,0,0,0,0,4.49,4.67,4.48,4.58,VMS 3,,Tanque,,1.80,1.74,1.38,1.38,2.43,2.64,2.58,2.31
08/10/2025 09:13 p. m.,Ordeño,06:33,14.02,2,,,,,0,,1.14,1.32,1.08,0.96,0,0,0,0,4.75,4.53,4.07,4.47,VMS 3,,Tanque,,1.80,1.80,1.38,1.32,3.67,3.42,3.91,3.02
09/10/2025 12:47 p. m.,Ordeño,05:52,12.43,1,,,,,0,,1.08,1.20,0.96,0.90,0,0,0,0,4.32,4.54,4.15,4.41,VMS 3,,Tanque,,1.50,1.98,1.38,1.26,3.07,3.38,3.16,2.82
09/10/2025 09:40 p. m.,Ordeño,06:54,9.89,2,,,,,0,,0.96,1.26,0.96,0.90,0,0,0,0,4.85,4.77,4.12,4.81,VMS 3,,Tanque,,1.38,1.92,1.32,1.26,2.51,2.69,2.60,2.09
10/10/2025 10:00 a. m.,Ordeño,05:44,15.32,1,,,,,0,,1.26,1.32,1.20,1.08,0,0,0,0,4.81,4.76,4.56,5.23,VMS 3,,Tanque,,1.62,1.74,1.56,1.44,3.71,4.11,4.02,3.48
10/10/2025 06:37 p. m.,Ordeño,04:44,8.97,2,,DD,,,0,,1.08,1.08,1.02,0.96,0,0,0,0,4.38,4.53,4.29,4.62,VMS 3,,Tanque,,1.50,1.50,1.26,1.32,2.27,2.24,2.30,2.16
11/10/2025 06:08 a. m.,Ordeño,08:01,6.68,1,,,"DD,TI","DD,TI",0,,1.20,0.00,0.00,1.08,0,0,0,0,4.90,0.00,0.00,4.95,VMS 3,,Tanque,,1.56,0.00,0.00,1.38,3.39,0.00,0.00,3.29
11/10/2025 08:16 p. m.,Ordeño,06:33,18.35,2,,,,,0,,1.26,1.44,1.26,1.08,0,0,0,0,4.55,4.59,4.72,4.63,VMS 3,,Tanque,,1.56,1.92,1.62,1.38,4.26,4.77,5.42,3.90
12/10/2025 12:17 p. m.,Ordeño,04:54,3.36,1,,,"DI,TI,TD","DI,TI,TD",0,,0.00,1.26,0.00,0.00,0,0,0,0,0.00,4.53,0.00,0.00,VMS 3,,Tanque,,0.00,1.86,0.00,0.00,0.00,3.36,0.00,0.00
12/10/2025 11:36 p. m.,Ordeño,10:04,16.86,2,,,,,0,,1.26,1.26,1.26,1.14,0,0,0,0,4.69,4.52,4.45,4.63,VMS 3,,Tanque,,1.98,1.80,1.62,1.68,4.15,3.07,5.13,4.51
13/10/2025 03:37 p. m.,Ordeño,06:12,13.87,1,,,,,0,,1.20,1.32,1.08,1.02,0,0,0,0,4.06,4.75,4.31,4.30,VMS 3,,Tanque,,1.56,1.74,1.44,1.32,3.44,4.49,3.00,2.94
14/10/2025 11:21 p. m.,Ordeño,06:07,9.71,2,,,,,0,,1.14,1.20,1.20,1.08,0,0,0,0,4.20,4.33,4.31,4.17,VMS 3,,Tanque,,1.56,1.68,1.50,1.50,2.19,2.52,3.03,1.97
15/10/2025 12:58 p. m.,Ordeño,06:52,12.72,1,,,,,0,,1.08,1.26,1.08,0.96,0,0,0,0,4.69,4.71,4.59,4.70,VMS 3,,Tanque,,1.44,1.74,1.62,1.38,3.09,3.42,3.11,3.10
16/10/2025 12:03 a. m.,Ordeño,05:06,10.92,1,,,,,0,,1.08,1.14,1.14,1.02,0,0,0,0,4.54,4.63,4.65,4.67,VMS 3,,Tanque,,1.38,1.80,1.44,1.38,2.63,3.07,2.70,2.52
16/10/2025 11:09 a. m.,Ordeño,05:00,12.20,2,,DD,,,0,,1.14,1.38,1.20,1.08,0,0,0,0,4.89,4.81,4.80,5.00,VMS 3,,Tanque,,1.68,1.92,1.62,1.38,2.94,3.23,3.10,2.93
17/10/2025 02:03 a. m.,Ordeño,05:57,16.60,1,,DD,,,0,,1.26,1.44,1.20,1.08,0,0,0,0,4.95,4.91,4.86,4.98,VMS 3,,Tanque,,1.92,1.92,1.56,1.44,4.01,4.39,4.22,3.98
17/10/2025 10:13 a. m.,Ordeño,04:54,9.28,2,,,,,0,,0.96,1.32,1.08,1.02,0,0,0,0,4.58,4.77,4.69,4.79,VMS 3,,Tanque,,1.32,1.74,1.50,1.32,2.32,2.61,2.18,2.17
18/10/2025 01:46 a. m.,Ordeño,07:05,17.20,1,,DD,,,0,,1.38,1.38,1.26,1.08,0,0,0,0,5.01,4.88,4.90,5.11,VMS 3,,Tanque,,1.92,1.80,1.62,1.38,4.01,4.43,4.61,4.15
18/10/2025 01:38 p. m.,Ordeño,06:07,13.14,2,,,,,0,,1.20,1.26,1.02,1.02,0,0,0,0,4.43,4.62,4.57,4.53,VMS 3,,Tanque,,1.62,2.04,1.32,1.38,3.31,3.60,3.23,3.00
19/10/2025 02:00 a. m.,Ordeño,06:03,12.53,1,,,,,0,,1.08,1.08,1.02,0.96,0,0,0,0,4.50,4.52,4.55,4.59,VMS 3,,Tanque,,1.50,1.56,1.38,1.32,3.04,3.33,3.23,2.93
19/10/2025 11:46 a. m.,Ordeño,05:19,10.70,2,,,,,0,,1.14,1.08,1.08,1.02,0,0,0,0,4.64,4.66,4.60,4.60,VMS 3,,Tanque,,1.74,1.44,1.38,1.38,2.62,2.85,2.72,2.51
20/10/2025 02:22 a. m.,Ordeño,06:11,17.29,1,,,,,0,,1.20,1.20,1.20,1.14,0,0,0,0,4.71,4.69,4.52,4.77,VMS 3,,Tanque,,1.50,1.68,1.74,1.50,4.20,4.50,4.53,4.06
20/10/2025 01:00 p. m.,Ordeño,05:30,12.54,2,,DD,,,0,,1.20,1.26,1.14,1.08,0,0,0,0,4.50,4.61,4.41,4.51,VMS 3,,Tanque,,1.56,1.74,1.50,1.38,3.15,3.20,3.26,2.93
20/12/2024 02:28 p. m.,Echada sin ordeñar,00:00,,,,,,,,,,,,,,,,,,,,,VMS 3,,,,,,,,,,,
17/01/2025 12:26 p. m.,Rechazada,00:00,,,,,,,,,,,,,,,,,,,,,VMS 1,,,,,,,,,,,
22/01/2025 08:33 a. m.,Rechazada,00:00,,,,,,,,,,,,,,,,,,,,,VMS 1,,,,,,,,,,,
07/02/2025 02:30 a. m.,Rechazada,00:00,,,,,,,,,,,,,,,,,,,,,VMS 1,,,,,,,,,,,
10/02/2025 06:12 a. m.,Rechazada,00:00,,,,,,,,,,,,,,,,,,,,,VMS 1,,,,,,,,,,,
12/02/2025 02:06 a. m.,Rechazada,00:00,,,,,,,,,,,,,,,,,,,,,VMS 1,,,,,,,,,,,
13/02/2025 09:17 a. m.,Rechazada,00:00,,,,,,,,,,,,,,,,,,,,,VMS 1,,,,,,,,,,,
26/02/2025 10:59 a. m.,Rechazada,00:00,,,,,,,,,,,,,,,,,,,,,VMS 1,,,,,,,,,,,
28/02/2025 11:26 a. m.,Rechazada,00:00,,,,,,,,,,,,,,,,,,,,,VMS 1,,,,,,,,,,,
03/03/2025 05:48 a. m.,Rechazada,00:00,,,,,,,,,,,,,,,,,,,,,VMS 1,,,,,,,,,,,
07/03/2025 06:36 a. m.,Rechazada,00:00,,,,,,,,,,,,,,,,,,,,,VMS 1,,,,,,,,,,,
12/03/2025 02:18 p. m.,Rechazada,00:00,,,,,,,,,,,,,,,,,,,,,VMS 1,,,,,,,,,,,
14/03/2025 08:07 a. m.,Rechazada,00:00,,,,,,,,,,,,,,,,,,,,,VMS 1,,,,,,,,,,,
14/03/2025 08:08 a. m.,Rechazada,00:00,,,,,,,,,,,,,,,,,,,,,VMS 1,,,,,,,,,,,
29/03/2025 12:21 p. m.,Rechazada,00:00,,,,,,,,,,,,,,,,,,,,,VMS 1,,,,,,,,,,,
03/04/2025 09:51 p. m.,Rechazada,00:00,,,,,,,,,,,,,,,,,,,,,VMS 1,,,,,,,,,,,
11/05/2025 09:51 a. m.,Rechazada,00:00,,,,,,,,,,,,,,,,,,,,,VMS 1,,,,,,,,,,,
28/05/2025 01:16 a. m.,Rechazada,00:00,,,,,,,,,,,,,,,,,,,,,VMS 1,,,,,,,,,,,
02/06/2025 05:56 p. m.,Rechazada,00:00,,,,,,,,,,,,,,,,,,,,,VMS 1,,,,,,,,,,,
18/06/2025 02:41 a. m.,Rechazada,00:00,,,,,,,,,,,,,,,,,,,,,VMS 1,,,,,,,,,,,
25/06/2025 09:25 a. m.,Rechazada,00:00,,,,,,,,,,,,,,,,,,,,,VMS 1,,,,,,,,,,,
27/06/2025 04:36 p. m.,Rechazada,00:00,,,,,,,,,,,,,,,,,,,,,VMS 1,,,,,,,,,,,
09/07/2025 05:38 p. m.,Rechazada,00:00,,,,,,,,,,,,,,,,,,,,,VMS 1,,,,,,,,,,,
14/07/2025 02:36 a. m.,Rechazada,00:00,,,,,,,,,,,,,,,,,,,,,VMS 1,,,,,,,,,,,
16/07/2025 07:07 p. m.,Rechazada,00:00,,,,,,,,,,,,,,,,,,,,,VMS 1,,,,,,,,,,,
19/07/2025 01:59 a. m.,Rechazada,00:00,,,,,,,,,,,,,,,,,,,,,VMS 1,,,,,,,,,,,
21/07/2025 05:47 a. m.,Rechazada,00:00,,,,,,,,,,,,,,,,,,,,,VMS 1,,,,,,,,,,,
24/07/2025 12:37 a. m.,Rechazada,00:00,,,,,,,,,,,,,,,,,,,,,VMS 1,,,,,,,,,,,
28/07/2025 02:23 a. m.,Rechazada,00:00,,,,,,,,,,,,,,,,,,,,,VMS 1,,,,,,,,,,,
31/07/2025 02:36 a. m.,Rechazada,00:00,,,,,,,,,,,,,,,,,,,,,VMS 1,,,,,,,,,,,
06/08/2025 03:23 a. m.,Rechazada,00:00,,,,,,,,,,,,,,,,,,,,,VMS 1,,,,,,,,,,,
10/08/2025 09:55 a. m.,Rechazada,00:00,,,,,,,,,,,,,,,,,,,,,VMS 1,,,,,,,,,,,
29/08/2025 10:59 p. m.,Rechazada,00:00,,,,,,,,,,,,,,,,,,,,,VMS 1,,,,,,,,,,,
01/09/2025 01:04 p. m.,Rechazada,00:00,,,,,,,,,,,,,,,,,,,,,VMS 1,,,,,,,,,,,
05/09/2025 10:02 p. m.,Rechazada,00:00,,,,,,,,,,,,,,,,,,,,,VMS 1,,,,,,,,,,,
13/09/2025 12:43 a. m.,Rechazada,00:00,,,,,,,,,,,,,,,,,,,,,VMS 1,,,,,,,,,,,
18/09/2025 05:33 a. m.,Rechazada,00:00,,,,,,,,,,,,,,,,,,,,,VMS 1,,,,,,,,,,,
21/09/2025 04:21 p. m.,Rechazada,00:00,,,,,,,,,,,,,,,,,,,,,VMS 1,,,,,,,,,,,
22/09/2025 09:02 p. m.,Rechazada,00:00,,,,,,,,,,,,,,,,,,,,,VMS 1,,,,,,,,,,,
28/09/2025 05:03 p. m.,Rechazada,00:00,,,,,,,,,,,,,,,,,,,,,VMS 1,,,,,,,,,,,
28/09/2025 05:04 p. m.,Rechazada,00:00,,,,,,,,,,,,,,,,,,,,,VMS 1,,,,,,,,,,,
28/09/2025 05:04 p. m.,Rechazada,00:00,,,,,,,,,,,,,,,,,,,,,VMS 1,,,,,,,,,,,
28/09/2025 05:06 p. m.,Rechazada,00:00,,,,,,,,,,,,,,,,,,,,,VMS 1,,,,,,,,,,,
29/09/2025 07:05 p. m.,Rechazada,00:00,,,,,,,,,,,,,,,,,,,,,VMS 1,,,,,,,,,,,
