Main,,,,Estado,,,,,Estado AMD,,Media de los flujos (kg/min),,,,Sangre (ppm),,,,Conductividad (mS / cm),,,,Misc,,,,Flujos máximos (kg/min),,,,Producciones (kg),,,
Hora de inicio,Acción,Duración (mm:ss),Producción (kg),Número de ordeño,RCS (* 1000 células / ml),Patada,Incompleto,Pezones no encontrados,Ubre,Pezón,DI,DD,TI,TD,DI,DD,TI,TD,DI,DD,TI,TD,EO/PO,Usuario,Destino Leche,Razón de la desviación,DI,DD,TI,TD,DI,DD,TI,TD
07/09/2024 05:55 p. m.,Ordeño,08:00,13.85,1,,,,,1,,0.72,0.84,0.84,0.78,1202,0,392,384,4.55,4.90,4.80,4.78,VMS 3,,Tanque,,1.14,1.26,1.26,1.26,3.63,3.83,3.68,2.71
08/09/2024 09:00 p. m.,Ordeño,08:26,13.44,1,,,,,1,,0.72,0.84,0.78,0.90,876,0,0,581,4.86,4.95,4.47,4.68,VMS 3,,Tanque,,1.20,1.32,1.08,1.32,3.97,3.34,4.18,1.95
10/09/2024 01:48 a. m.,Ordeño,10:28,15.44,1,,,,,1,,0.66,0.84,0.78,0.72,0,0,0,0,4.90,5.01,4.95,5.18,VMS 3,,Tanque,,1.20,1.14,1.20,1.20,4.74,3.71,5.04,1.95
10/09/2024 04:23 p. m.,Ordeño,07:12,8.28,2,,,,,1,,0.66,0.78,0.72,0.72,0,0,0,0,4.18,4.49,4.57,4.37,VMS 3,,Tanque,,1.08,1.20,1.08,1.26,2.45,2.08,2.62,1.13
11/09/2024 06:50 a. m.,Ordeño,07:57,10.31,1,,,,,1,TD,0.72,0.78,0.84,0.66,0,0,0,0,4.33,4.60,4.67,7.84,VMS 3,,Tanque,,1.20,1.20,1.20,0.96,3.39,2.26,3.59,1.07
12/09/2024 02:07 p. m.,Ordeño,11:26,18.30,1,,,,,1,"DI,TD",0.72,0.90,0.78,0.66,0,0,0,0,7.57,5.90,6.34,8.04,VMS 3,,Tanque,,1.14,1.32,1.26,1.08,5.62,4.29,6.47,1.92
13/09/2024 03:21 p. m.,Ordeño,09:02,13.61,1,,,,,1,TD,0.60,0.72,0.72,0.66,0,0,0,0,4.19,4.49,4.44,6.11,VMS 3,,Tanque,,1.08,1.08,1.14,1.20,3.58,3.77,3.93,2.33
14/09/2024 02:20 a. m.,Ordeño,05:41,6.85,1,,,,,1,,0.66,0.66,0.72,0.60,0,0,0,0,3.97,4.22,4.26,4.51,VMS 3,,Tanque,,1.02,1.02,1.02,0.90,1.89,1.95,2.04,0.97
16/09/2024 12:59 p. m.,Ordeño,09:52,12.63,1,,,,,1,TD,0.66,0.78,0.84,0.72,0,0,0,0,4.38,4.39,4.60,6.00,VMS 3,,Tanque,,0.90,1.20,1.20,1.02,3.72,3.23,3.95,1.73
17/09/2024 02:16 a. m.,Ordeño,08:43,12.20,2,,,,,1,,0.60,0.72,0.78,0.66,0,0,0,0,4.23,4.54,4.59,4.26,VMS 3,,Tanque,,1.02,1.20,1.14,1.14,3.58,2.88,3.85,1.89
17/09/2024 09:34 p. m.,Ordeño,11:33,17.55,2,,,,,1,,0.60,0.72,0.72,0.60,0,0,0,0,5.05,4.90,4.82,4.66,VMS 3,,Tanque,,0.96,1.14,1.14,1.02,5.13,4.21,5.62,2.59
18/09/2024 03:48 p. m.,Ordeño,10:27,16.11,1,,,,,1,,0.66,0.72,0.72,0.60,0,0,0,0,4.50,4.76,4.71,5.13,VMS 3,,Tanque,,0.96,1.14,1.14,1.02,4.69,4.03,5.05,2.34
19/09/2024 02:13 a. m.,Ordeño,07:07,7.18,1,,,DD,DD,1,,0.60,0.00,0.72,0.60,0,0,0,0,4.28,0.00,4.57,4.48,VMS 3,,Tanque,,0.96,0.00,1.02,0.96,2.63,0.00,3.04,1.51
19/09/2024 09:37 p. m.,Ordeño,10:48,18.33,2,,,,,1,"DD,TD",0.66,0.78,0.72,0.66,0,0,0,0,5.32,6.78,4.88,6.00,VMS 3,,Tanque,,1.08,1.32,1.62,1.02,5.26,5.04,5.04,2.99
20/09/2024 01:24 p. m.,Ordeño,08:51,11.41,1,,,,,1,TD,0.60,0.66,0.78,0.66,0,0,0,0,3.94,4.78,4.61,4.96,VMS 3,,Tanque,,0.96,0.96,1.14,1.02,3.37,1.96,3.93,2.15
21/09/2024 02:42 p. m.,Ordeño,11:26,20.19,1,,,,,1,DI,0.72,0.84,0.84,0.66,0,0,0,0,5.65,5.12,4.86,4.53,VMS 3,,Tanque,,1.08,1.14,1.20,1.08,5.70,4.68,6.62,3.19
22/09/2024 02:39 a. m.,Ordeño,07:24,9.74,1,,,,,1,,0.60,0.66,0.78,0.60,0,0,0,0,4.48,4.77,4.60,4.79,VMS 3,,Tanque,,0.96,1.02,1.20,0.90,2.72,2.27,3.16,1.59
24/09/2024 01:13 a. m.,Ordeño,10:14,20.29,1,,,,,1,,0.72,0.84,0.90,0.78,0,0,0,0,5.67,5.59,5.14,6.17,VMS 3,,Tanque,,1.08,1.20,1.20,1.20,5.21,5.17,6.18,3.73
24/09/2024 03:59 p. m.,Ordeño,08:06,12.17,2,,,,,1,,0.60,0.72,0.78,0.72,0,0,0,0,4.65,4.85,4.82,4.71,VMS 3,,Tanque,,0.96,1.08,1.14,1.02,3.30,2.90,3.94,2.03
30/09/2024 04:39 a. m.,Ordeño,09:05,9.37,1,,,,,1,TI,0.60,0.60,0.84,0.60,0,0,0,0,4.15,4.38,4.90,4.12,VMS 3,,Tanque,,0.90,0.96,1.26,0.84,1.79,1.42,5.19,0.97
23/04/2025 10:13 p. m.,Ordeño,13:18,24.13,2,,,,,1,,0.90,1.20,1.14,0.84,0,0,0,0,5.13,5.10,4.71,0.00,VMS 1,,Tanque,,1.32,1.68,1.62,1.26,5.36,7.27,7.19,4.31
20/08/2025 01:03 p. m.,Ordeño,08:19,18.29,1,,DI,,,1,,0.96,1.26,1.02,0.84,0,0,0,0,4.64,4.68,4.72,5.32,VMS 3,,Tanque,,1.68,1.68,1.56,1.44,4.60,4.67,5.55,3.47
21/08/2025 02:58 a. m.,Ordeño,10:21,17.00,1,,DI,,,1,,0.90,1.14,1.08,0.78,0,0,0,0,4.82,4.87,4.93,4.81,VMS 3,,Tanque,,1.68,1.68,1.44,1.14,4.76,4.76,5.83,1.65
21/08/2025 09:19 p. m.,Ordeño,09:09,18.68,2,,DI,,,1,,0.90,0.96,1.02,0.72,0,0,0,0,4.99,4.89,4.86,5.03,VMS 3,,Tanque,,1.32,1.62,1.44,1.14,4.68,5.38,6.56,2.06
11/09/2025 04:41 p. m.,Ordeño,08:23,15.44,2,,DI,,,1,,0.84,1.20,0.96,0.66,0,0,0,0,4.31,4.59,4.63,4.43,VMS 3,,Tanque,,1.32,1.62,1.32,1.02,4.23,4.28,5.04,1.89
15/09/2025 06:36 p. m.,Ordeño,05:29,9.43,2,,DI,,,1,TD,0.90,1.20,0.84,0.78,0,0,0,0,3.42,4.25,4.22,4.86,VMS 3,,Tanque,,1.86,1.74,1.20,1.14,2.49,2.06,2.37,2.51
25/09/2025 04:06 p. m.,Ordeño,09:02,9.71,2,,,,TD,1,,0.78,1.14,0.96,0.00,0,0,0,0,3.75,4.43,4.33,0.00,VMS 3,,Tanque,,1.08,1.50,1.32,0.00,3.22,2.95,3.54,0.00
26/09/2025 06:23 a. m.,Ordeño,07:53,14.07,1,,DI,,,1,TD,0.78,1.08,0.96,0.84,0,0,0,0,2.68,4.27,4.34,5.06,VMS 3,,Tanque,,1.92,1.62,1.32,1.20,3.96,3.77,4.46,1.88
26/09/2025 09:20 p. m.,Ordeño,07:38,12.68,2,,,,,1,,0.90,1.20,0.90,0.72,0,0,0,0,5.12,4.52,4.40,4.52,VMS 3,,Tanque,,1.62,1.74,1.32,1.02,3.73,3.73,4.29,0.93
30/09/2025 10:45 p. m.,Ordeño,08:07,13.03,3,,,,,1,TD,0.96,1.02,0.90,0.78,0,0,0,0,4.25,4.50,4.47,5.61,VMS 3,,Tanque,,1.56,1.50,1.32,1.20,3.32,3.44,4.07,2.20
03/10/2025 11:10 a. m.,Ordeño,07:11,13.75,1,,,,,1,TD,0.84,1.02,0.96,0.84,0,0,0,0,3.98,4.37,4.39,5.89,VMS 3,,Tanque,,1.50,1.44,1.32,1.20,3.60,3.52,4.25,2.38
04/10/2025 05:30 p. m.,Ordeño,09:49,16.38,1,,,,,1,TD,0.84,0.96,1.02,0.72,0,0,0,0,4.42,4.72,4.76,5.39,VMS 3,,Tanque,,1.38,1.38,1.44,1.08,4.75,4.68,5.55,1.40
08/10/2025 07:46 p. m.,Ordeño,09:15,17.49,2,,DI,,,1,TD,0.84,0.96,0.96,0.60,0,0,0,0,4.80,4.54,4.33,5.42,VMS 3,,Tanque,,1.44,1.68,1.32,1.02,4.97,5.01,5.86,1.65
10/10/2025 09:26 a. m.,Ordeño,08:12,11.85,2,,,,,1,TD,0.84,1.08,1.08,0.66,0,0,0,0,4.46,4.28,4.49,5.80,VMS 3,,Tanque,,1.38,1.44,1.44,1.02,4.32,1.79,4.87,0.87
10/10/2025 05:45 p. m.,Ordeño,08:12,7.70,3,,,,,1,TD,0.84,0.90,0.84,0.66,0,0,0,0,4.03,4.60,4.07,5.05,VMS 3,,Tanque,,1.26,1.38,1.26,0.96,2.31,2.44,2.32,0.63
11/10/2025 11:16 p. m.,Ordeño,10:36,18.34,2,,DD,,,1,TD,0.84,1.20,1.14,0.78,0,0,0,0,4.49,4.79,4.66,5.62,VMS 3,,Tanque,,1.44,1.98,1.44,1.08,4.71,5.33,6.42,1.88
18/10/2025 07:37 a. m.,Ordeño,14:29,16.86,1,,,,,1,,0.78,1.08,1.08,0.66,0,0,0,0,4.54,4.91,4.89,4.96,VMS 3,,Tanque,,1.74,1.56,1.50,1.02,4.54,5.01,6.16,1.15
06/09/2024 07:38 a. m.,Ordeño,16:53,15.37,1,,,,,0,,0.66,0.72,0.90,0.42,2624,590,686,0,3.65,4.15,2.81,4.45,VMS 3,,Divert 3,,1.32,1.26,1.38,0.78,4.83,4.69,4.13,1.72
06/09/2024 06:20 p. m.,Ordeño,07:08,6.29,2,,,,,0,,0.54,0.72,0.84,0.48,4707,684,2992,0,3.44,4.16,3.89,3.93,VMS 3,,Divert 3,,1.02,1.20,1.26,0.90,1.96,1.74,1.84,0.75
14/09/2024 10:34 a. m.,Ordeño,05:27,5.68,2,,,,,0,,0.66,0.72,0.72,0.60,0,0,0,0,4.35,4.33,4.46,4.48,VMS 3,,Tanque,,0.96,1.08,1.08,0.96,1.66,1.41,1.86,0.75
14/09/2024 09:28 p. m.,Ordeño,06:24,8.31,3,,,,,0,,0.66,0.78,0.78,0.72,0,0,0,0,4.53,4.44,4.61,4.65,VMS 3,,Tanque,,1.08,1.14,1.08,1.08,2.58,1.93,2.71,1.09
15/09/2024 06:17 a. m.,Ordeño,05:57,6.38,1,,,,,0,,0.66,0.72,0.72,0.66,0,0,0,0,4.28,4.43,4.50,4.82,VMS 3,,Tanque,,0.90,1.08,1.08,1.02,2.02,1.54,1.93,0.89
15/09/2024 11:28 a. m.,Ordeño,05:04,5.12,2,,,,,0,,1.26,0.72,0.72,0.66,0,0,0,0,2.95,4.43,4.55,4.77,VMS 3,,Tanque,,2.82,1.14,1.02,0.96,2.34,0.94,1.25,0.59
15/09/2024 10:19 p. m.,Ordeño,06:53,8.52,3,,,,,0,,0.60,0.72,0.72,0.72,0,0,0,0,4.58,4.69,4.69,4.80,VMS 3,,Tanque,,0.96,1.08,1.08,1.02,2.59,2.11,2.70,1.12
22/09/2024 03:19 p. m.,Ordeño,08:35,12.22,2,,,,,0,,0.66,0.72,0.72,0.72,0,0,0,0,5.00,5.15,5.12,5.03,VMS 3,,Tanque,,0.96,1.08,1.08,1.08,3.56,2.88,3.85,1.93
22/09/2024 11:20 p. m.,Ordeño,06:31,7.77,3,,,,,0,,0.60,0.72,0.66,0.72,0,0,0,0,4.71,4.84,4.43,4.85,VMS 3,,Tanque,,0.96,1.08,0.96,1.14,2.33,1.77,2.42,1.25
25/09/2024 05:31 p. m.,Ordeño,12:39,21.71,1,,,,,0,,0.66,0.84,0.78,0.72,0,0,0,0,5.31,5.18,4.94,4.94,VMS 3,,Tanque,,1.02,1.26,1.14,1.14,5.99,5.39,6.46,3.87
26/09/2024 04:50 a. m.,Ordeño,07:22,9.09,1,,,,,0,,0.54,0.66,0.72,0.60,0,0,0,0,4.34,4.58,4.59,4.52,VMS 3,,Tanque,,0.84,1.02,1.14,0.96,2.38,2.18,2.85,1.68
26/09/2024 02:11 p. m.,Ordeño,06:52,9.31,2,,,,,0,,0.60,0.72,0.78,0.60,0,0,0,0,4.86,4.91,4.84,4.61,VMS 3,,Tanque,,0.96,1.02,1.14,0.96,2.56,2.20,2.88,1.67
26/09/2024 09:21 p. m.,Ordeño,05:55,7.39,3,,,,,0,,0.66,0.66,0.72,0.60,0,0,0,0,4.65,4.70,4.75,4.65,VMS 3,,Tanque,,0.90,1.08,1.08,1.02,2.13,1.72,2.33,1.21
27/09/2024 04:58 a. m.,Ordeño,13:06,8.76,1,,,,TI,0,,0.54,0.72,0.00,0.66,0,0,0,0,4.58,4.70,0.00,4.84,VMS 3,,Tanque,,0.78,1.14,0.00,1.08,2.53,1.97,0.00,4.26
27/09/2024 05:01 p. m.,Ordeño,08:39,13.65,2,,,,,0,,0.72,0.78,0.84,0.72,0,0,0,0,4.88,4.85,4.93,4.90,VMS 3,,Tanque,,1.08,1.14,1.14,1.02,3.80,3.12,4.68,2.05
28/09/2024 01:11 a. m.,Ordeño,06:51,8.46,1,,TI,,,0,,0.66,0.72,0.78,0.66,0,0,0,0,4.42,4.67,4.65,4.48,VMS 3,,Tanque,,1.02,1.02,1.08,0.96,2.58,2.02,2.43,1.43
28/09/2024 03:54 p. m.,Ordeño,09:24,16.62,2,,,,,0,,0.72,0.84,0.90,0.78,0,0,0,0,4.89,4.79,4.92,4.76,VMS 3,,Tanque,,1.32,1.26,1.26,1.20,4.71,3.61,5.87,2.43
28/09/2024 11:24 p. m.,Ordeño,06:51,8.36,3,,,,,0,,0.60,0.66,0.78,0.66,0,0,0,0,4.20,4.44,4.45,4.59,VMS 3,,Tanque,,0.90,1.02,1.14,0.96,2.33,1.96,2.68,1.39
29/09/2024 09:26 a. m.,Ordeño,08:09,11.78,1,,,,,0,,0.60,0.66,0.78,0.66,0,0,0,0,4.46,4.66,4.77,4.79,VMS 3,,Tanque,,0.96,1.14,1.20,1.02,3.32,2.80,3.75,1.91
29/09/2024 11:36 p. m.,Ordeño,09:31,11.00,2,,,TI,TI,0,,0.72,0.78,0.00,0.72,0,0,0,0,4.56,4.63,0.00,4.68,VMS 3,,Tanque,,1.02,1.20,0.00,1.08,4.57,4.01,0.00,2.42
30/09/2024 12:15 p. m.,Ordeño,07:31,9.42,2,,,,,0,,0.60,0.60,0.72,0.66,0,0,0,0,4.56,4.64,4.45,4.70,VMS 3,,Tanque,,0.90,1.02,1.14,0.96,2.77,2.19,2.97,1.49
30/09/2024 08:30 p. m.,Ordeño,07:38,9.54,3,,,,,0,,0.60,0.66,0.72,0.60,0,0,0,0,4.80,4.85,4.91,0.00,VMS 1,,Tanque,,0.96,1.08,1.14,0.96,2.71,2.25,3.09,1.49
01/10/2024 05:16 a. m.,Ordeño,08:55,10.78,1,,,,,0,,0.60,0.72,0.78,0.60,0,0,0,0,4.87,4.84,4.95,0.00,VMS 1,,Tanque,,1.02,1.14,1.14,0.90,2.93,2.57,3.70,1.58
01/10/2024 04:41 p. m.,Ordeño,09:20,13.85,2,,,,,0,,0.60,0.78,0.78,0.66,0,0,0,0,4.57,4.69,4.88,0.00,VMS 1,,Tanque,,0.96,1.14,1.14,1.08,3.63,3.18,4.86,2.18
02/10/2024 06:04 a. m.,Ordeño,10:06,16.10,1,,,,,0,,0.66,0.78,0.78,0.66,0,0,0,0,4.62,4.71,4.83,0.00,VMS 1,,Tanque,,1.02,1.26,1.20,1.20,4.44,3.57,5.64,2.45
02/10/2024 07:35 p. m.,Ordeño,10:39,16.55,2,,,,,0,,0.66,0.78,0.78,0.66,0,0,0,0,4.43,4.63,4.64,0.00,VMS 1,,Tanque,,1.02,1.14,1.14,1.02,4.29,4.01,5.71,2.54
03/10/2024 02:40 a. m.,Ordeño,07:01,8.78,1,,,,,0,,0.54,0.72,0.72,0.60,0,0,0,0,4.32,4.44,4.37,0.00,VMS 1,,Tanque,,0.96,1.08,1.08,0.96,2.25,2.11,3.07,1.35
03/10/2024 03:36 p. m.,Ordeño,10:08,15.40,2,,,,,0,,0.60,0.72,0.72,0.60,0,0,0,0,4.59,4.63,4.76,0.00,VMS 1,,Tanque,,0.96,1.14,1.02,0.96,4.02,3.46,5.46,2.46
04/10/2024 02:41 a. m.,Ordeño,09:47,13.44,1,,,,,0,,0.66,0.78,0.78,0.60,0,0,0,0,4.47,4.59,4.61,0.00,VMS 1,,Tanque,,0.96,1.14,1.26,0.96,3.53,3.18,4.87,1.86
04/10/2024 04:50 p. m.,Ordeño,10:52,16.47,2,,,,,0,,0.60,0.78,0.78,0.66,0,354,0,0,4.41,4.52,4.56,0.00,VMS 1,,Tanque,,1.08,1.20,1.14,1.02,4.27,4.01,5.75,2.44
05/10/2024 02:17 a. m.,Ordeño,08:47,11.88,1,,,,,0,,0.60,0.78,0.78,0.66,0,0,0,0,4.23,4.31,4.38,0.00,VMS 1,,Tanque,,0.90,1.08,1.14,1.02,3.10,2.80,4.17,1.81
05/10/2024 11:33 a. m.,Ordeño,09:12,11.63,2,,,,,0,,0.54,0.78,0.78,0.72,0,0,0,0,4.37,4.52,4.57,0.00,VMS 1,,Tanque,,0.96,1.08,1.20,1.02,2.93,2.74,4.19,1.77
06/10/2024 05:14 a. m.,Ordeño,11:47,19.32,1,,,,,0,,0.60,0.84,0.78,0.72,0,0,0,0,4.87,4.81,4.71,0.00,VMS 1,,Tanque,,1.02,1.20,1.38,1.08,5.07,4.80,6.49,2.96
06/10/2024 02:31 p. m.,Ordeño,08:13,9.77,2,,,,,0,,0.48,0.66,0.66,0.54,0,0,0,0,4.19,4.33,4.16,0.00,VMS 1,,Tanque,,0.84,0.96,1.02,1.02,2.45,2.43,3.37,1.52
07/10/2024 01:08 a. m.,Ordeño,08:58,12.79,1,,,,,0,,0.60,0.72,0.72,0.66,0,0,0,0,4.67,4.62,4.62,0.00,VMS 1,,Tanque,,0.96,1.08,1.02,0.96,3.36,2.94,4.48,2.01
07/10/2024 07:48 a. m.,Ordeño,07:28,8.80,2,,,,,0,,0.54,0.72,0.66,0.60,0,0,0,0,4.73,4.70,4.74,0.00,VMS 1,,Tanque,,0.84,1.20,1.08,0.90,2.39,1.89,3.17,1.35
07/10/2024 07:44 p. m.,Ordeño,11:09,16.15,3,,,,,0,,0.60,0.72,0.78,0.66,0,0,0,0,4.71,4.73,4.74,0.00,VMS 1,,Tanque,,0.96,1.08,1.20,1.14,4.21,3.75,5.62,2.57
08/10/2024 04:50 a. m.,Ordeño,15:08,11.87,1,,,,,0,,0.54,0.78,0.78,0.66,0,0,0,0,4.60,4.61,4.58,0.00,VMS 1,,Tanque,,0.90,1.20,1.14,1.02,3.04,2.81,4.18,1.84
08/10/2024 12:42 p. m.,Ordeño,08:35,11.39,2,,,,,0,,0.66,0.66,0.78,0.66,0,0,0,0,4.66,4.67,4.65,0.00,VMS 1,,Tanque,,1.02,1.08,1.08,0.96,2.90,2.65,4.07,1.77
09/10/2024 06:11 a. m.,Ordeño,18:52,14.77,1,,,TD,TD,0,,0.66,0.78,0.84,0.00,0,323,0,0,5.14,5.09,4.84,0.00,VMS 1,,Tanque,,1.20,1.20,1.26,0.00,4.46,4.55,5.76,0.00
09/10/2024 07:06 p. m.,Ordeño,12:53,14.53,2,,,TD,TD,0,,0.54,0.78,0.84,0.00,0,0,0,0,4.33,4.33,4.29,0.00,VMS 1,,Tanque,,0.90,1.20,1.20,0.00,4.34,4.20,5.99,0.00
10/10/2024 04:29 a. m.,Ordeño,09:47,13.03,1,,TI,,,0,,0.60,0.72,0.78,0.72,0,0,0,0,4.41,4.64,4.48,0.00,VMS 1,,Tanque,,0.96,1.08,1.20,1.14,3.08,2.88,3.74,3.33
10/10/2024 12:44 p. m.,Ordeño,08:23,9.98,2,,,TD,,0,,0.54,0.72,0.78,0.42,0,0,0,0,4.50,4.71,4.69,0.00,VMS 1,,Tanque,,0.84,1.02,1.20,0.90,2.71,2.61,4.10,0.56
10/10/2024 03:23 p. m.,Ordeño,07:43,2.97,3,,,,TD,0,,0.36,0.60,0.66,0.18,0,0,0,0,4.53,4.52,4.41,0.00,VMS 1,,Tanque,,0.60,0.90,1.14,0.42,0.80,0.82,1.18,0.17
10/10/2024 08:18 p. m.,Ordeño,07:50,6.28,4,,,TD,,0,,0.54,0.72,0.66,0.42,0,0,0,0,4.65,4.72,4.63,0.00,VMS 1,,Tanque,,0.78,1.08,0.96,0.66,1.81,1.67,2.35,0.45
11/10/2024 07:16 a. m.,Ordeño,11:01,14.96,1,,,,,0,,0.60,0.84,0.78,0.66,0,0,0,0,5.05,5.16,5.09,0.00,VMS 1,,Tanque,,1.26,1.26,1.32,1.02,4.05,3.84,5.45,1.62
11/10/2024 04:38 p. m.,Ordeño,08:50,13.46,2,,,,,0,,0.66,0.72,0.78,0.60,0,0,0,0,4.91,5.05,4.92,0.00,VMS 1,,Tanque,,1.08,1.08,1.26,0.90,3.58,3.37,4.71,1.80
11/10/2024 10:06 p. m.,Ordeño,06:23,4.90,3,,,TI,TI,0,,0.60,0.66,0.00,0.60,0,0,0,0,4.65,4.65,0.00,0.00,VMS 1,,Tanque,,0.90,0.96,0.00,0.90,2.00,1.91,0.00,0.99
12/10/2024 07:57 a. m.,Ordeño,10:26,15.82,1,,,,,0,,0.60,0.90,0.90,0.66,0,0,0,0,5.10,5.16,5.30,0.00,VMS 1,,Tanque,,0.96,1.26,1.56,1.02,3.80,3.39,6.64,1.99
12/10/2024 07:02 p. m.,Ordeño,09:51,15.75,2,,,,,0,,0.66,0.78,0.90,0.72,0,0,0,0,4.90,4.95,4.74,0.00,VMS 1,,Tanque,,1.08,1.14,1.32,1.02,4.33,3.76,5.47,2.19
13/10/2024 02:21 a. m.,Ordeño,06:37,9.57,1,,,,,0,,0.66,0.78,0.84,0.72,0,0,0,0,4.63,4.78,4.76,0.00,VMS 1,,Tanque,,0.96,1.08,1.26,0.96,2.57,2.57,3.05,1.38
13/10/2024 09:41 a. m.,Ordeño,07:33,10.49,2,,,,,0,,0.66,0.72,0.84,0.66,0,0,0,0,4.92,4.89,5.02,0.00,VMS 1,,Tanque,,1.02,1.32,1.14,1.08,2.70,2.68,3.56,1.55
13/10/2024 04:43 p. m.,Ordeño,06:11,9.94,3,,,,,0,,0.66,0.78,0.78,0.66,0,0,0,0,4.93,4.91,5.06,0.00,VMS 1,,Tanque,,1.08,1.14,1.32,1.02,2.50,2.48,3.49,1.47
14/10/2024 02:48 a. m.,Ordeño,08:43,11.25,1,,TI,,,0,,0.66,0.72,0.78,0.66,0,0,0,0,4.79,4.70,4.90,0.00,VMS 1,,Tanque,,1.08,1.02,1.14,0.96,3.50,3.38,2.39,1.98
14/10/2024 04:07 p. m.,Ordeño,10:24,18.38,2,,,,,0,,0.66,0.72,0.90,0.72,0,0,0,0,4.93,4.93,5.16,0.00,VMS 1,,Tanque,,1.08,1.14,1.20,1.08,4.71,4.45,6.65,2.57
14/10/2024 10:50 p. m.,Ordeño,07:31,8.59,3,,,,,0,,0.60,0.72,0.72,0.60,0,0,0,0,4.42,4.52,4.61,0.00,VMS 1,,Tanque,,0.96,1.02,1.08,0.84,2.37,2.12,2.76,1.34
15/10/2024 09:39 a. m.,Ordeño,09:35,13.58,1,,,,,0,,0.66,0.72,0.78,0.66,0,0,0,0,4.76,4.58,4.65,0.00,VMS 1,,Tanque,,1.02,1.08,1.14,0.96,3.72,3.32,4.62,1.92
15/10/2024 04:29 p. m.,Ordeño,07:50,9.57,2,,,,,0,,0.60,0.72,0.66,0.60,0,0,0,0,4.69,4.77,4.97,0.00,VMS 1,,Tanque,,0.90,1.08,1.08,0.90,2.55,2.23,3.38,1.41
16/10/2024 01:59 a. m.,Ordeño,09:48,13.35,1,,,,,0,,0.66,0.78,0.78,0.60,0,0,0,0,4.75,4.72,4.89,0.00,VMS 1,,Tanque,,1.08,1.20,1.08,0.90,3.55,3.17,4.60,2.03
16/10/2024 09:02 a. m.,Ordeño,07:15,9.94,2,,,,,0,,0.60,0.66,0.78,0.60,0,0,0,0,4.55,4.50,4.72,0.00,VMS 1,,Tanque,,1.02,1.08,1.20,0.90,2.59,2.44,3.42,1.49
16/10/2024 05:06 p. m.,Ordeño,09:06,11.40,3,,,,,0,,0.54,0.78,0.72,0.60,0,0,0,0,4.76,4.73,4.99,0.00,VMS 1,,Tanque,,0.78,1.20,1.02,0.90,3.00,2.72,3.98,1.70
17/10/2024 02:10 a. m.,Ordeño,09:22,13.46,1,,,,,0,,0.60,0.78,0.78,0.60,0,0,0,0,4.43,4.55,4.68,0.00,VMS 1,,Tanque,,0.96,1.20,1.26,0.96,3.59,3.24,4.71,1.92
17/10/2024 11:34 a. m.,Ordeño,13:42,12.52,2,,,,,0,,0.66,0.72,0.72,0.60,0,0,0,0,4.49,4.53,4.60,0.00,VMS 1,,Tanque,,1.02,1.08,1.08,0.90,3.15,3.13,4.36,1.88
17/10/2024 09:11 p. m.,Ordeño,08:41,12.81,3,,,,,0,,0.60,0.72,0.78,0.66,0,0,0,0,4.37,4.47,4.55,0.00,VMS 1,,Tanque,,0.96,1.14,1.14,1.02,3.29,3.12,4.52,1.88
18/10/2024 06:44 a. m.,Ordeño,08:51,13.00,1,,,,,0,,0.60,0.78,0.84,0.72,0,0,0,0,4.45,4.47,4.62,0.00,VMS 1,,Tanque,,1.02,1.20,1.26,1.08,3.30,3.07,4.68,1.95
18/10/2024 12:54 p. m.,Ordeño,06:56,8.66,2,,,,,0,,0.60,0.72,0.78,0.66,0,0,0,0,4.35,4.41,4.38,0.00,VMS 1,,Tanque,,0.90,1.08,1.20,1.08,2.25,2.16,3.03,1.22
18/10/2024 11:28 p. m.,Ordeño,11:43,15.25,3,,,,,0,,0.72,0.78,0.84,0.72,0,0,0,0,4.57,4.50,4.69,0.00,VMS 1,,Tanque,,1.02,1.20,1.20,1.08,3.86,3.89,5.17,2.33
19/10/2024 09:35 a. m.,Ordeño,08:52,14.10,1,,,,,0,,0.60,0.78,0.78,0.72,0,0,0,0,4.40,4.36,4.47,0.00,VMS 1,,Tanque,,0.96,1.14,1.14,1.02,3.62,3.52,4.85,2.11
19/10/2024 04:59 p. m.,Ordeño,07:48,9.79,2,,,,,0,,0.54,0.78,0.78,0.66,0,0,0,0,4.28,4.49,4.41,0.00,VMS 1,,Tanque,,0.90,1.14,1.26,0.96,2.46,2.43,3.38,1.52
19/10/2024 11:51 p. m.,Ordeño,06:26,8.74,3,,,,,0,,0.60,0.72,0.78,0.66,0,0,0,0,4.45,4.44,4.48,0.00,VMS 1,,Tanque,,0.90,1.14,1.26,1.02,2.11,2.19,3.07,1.37
20/10/2024 12:30 p. m.,Ordeño,10:28,17.82,1,,,,,0,,0.66,0.84,0.84,0.66,0,0,0,0,4.72,4.90,4.87,0.00,VMS 1,,Tanque,,1.08,1.32,1.20,1.02,4.51,4.40,6.17,2.74
20/10/2024 07:56 p. m.,Ordeño,08:15,9.80,2,,,,,0,,0.60,0.66,0.78,0.60,0,0,387,0,4.30,4.46,4.53,0.00,VMS 1,,Tanque,,0.90,1.08,1.20,0.96,2.54,2.41,3.43,1.42
21/10/2024 05:48 a. m.,Ordeño,10:25,13.07,1,,,,,0,,0.66,0.78,0.72,0.66,0,0,0,0,4.84,4.84,4.84,0.00,VMS 1,,Tanque,,1.20,1.14,1.08,0.96,3.35,3.33,4.35,2.04
21/10/2024 11:12 a. m.,Ordeño,06:25,7.64,2,,,,,0,,0.60,0.72,0.72,0.66,0,0,0,0,4.51,4.62,4.48,0.00,VMS 1,,Tanque,,0.96,1.14,1.32,1.08,1.88,1.82,2.80,1.14
21/10/2024 05:38 p. m.,Ordeño,07:18,7.81,3,,,,,0,,0.66,0.72,0.72,0.60,0,0,0,0,4.38,4.46,4.44,0.00,VMS 1,,Tanque,,0.96,1.08,1.08,0.90,1.91,2.02,2.68,1.20
22/10/2024 01:41 a. m.,Ordeño,07:50,10.16,1,,,,,0,,0.60,0.78,0.72,0.66,0,0,0,0,4.59,4.80,4.65,0.00,VMS 1,,Tanque,,1.14,1.08,1.20,0.96,2.59,2.46,3.54,1.57
22/10/2024 12:24 p. m.,Ordeño,09:49,15.12,2,,,,,0,,0.60,0.78,0.78,0.66,0,0,0,0,4.77,4.92,4.91,0.00,VMS 1,,Tanque,,0.96,1.20,1.20,1.08,3.93,3.51,5.40,2.28
22/10/2024 10:15 p. m.,Ordeño,08:53,13.25,3,,,,,0,,0.60,0.78,0.78,0.66,0,0,0,0,4.40,4.54,4.49,0.00,VMS 1,,Tanque,,1.02,1.26,1.14,1.20,3.37,3.24,4.64,2.00
23/10/2024 06:02 a. m.,Ordeño,06:27,10.00,1,,,,,0,,0.66,0.78,0.78,0.66,0,0,0,0,4.30,4.48,4.45,0.00,VMS 1,,Tanque,,1.02,1.14,1.14,1.08,2.52,2.40,3.50,1.58
23/10/2024 02:46 p. m.,Ordeño,08:04,12.89,2,,,,,0,,0.66,0.78,0.78,0.60,0,0,0,0,4.67,4.81,4.87,0.00,VMS 1,,Tanque,,1.08,1.26,1.20,0.96,3.19,3.27,4.45,1.98
23/10/2024 11:50 p. m.,Ordeño,08:52,12.97,3,,,,,0,,0.60,0.84,0.78,0.66,0,0,0,0,4.38,4.49,4.52,0.00,VMS 1,,Tanque,,1.02,1.32,1.14,1.08,3.33,3.15,4.56,1.93
24/10/2024 08:55 a. m.,Ordeño,09:46,13.51,1,,,,,0,,0.66,0.84,0.78,0.66,0,0,0,0,4.56,4.63,4.63,0.00,VMS 1,,Tanque,,0.96,1.38,1.08,1.08,3.45,3.30,4.67,2.09
24/10/2024 02:17 p. m.,Ordeño,06:23,8.41,2,,,,,0,,0.60,0.72,0.72,0.66,0,0,0,0,4.42,4.50,4.56,0.00,VMS 1,,Tanque,,0.96,1.02,1.08,1.08,2.18,2.07,2.92,1.24
24/10/2024 09:08 p. m.,Ordeño,07:52,9.44,3,,,,,0,,0.60,0.90,0.78,0.72,0,0,0,0,4.39,4.69,4.58,0.00,VMS 1,,Tanque,,0.96,1.38,1.20,1.02,2.39,2.32,3.31,1.42
25/10/2024 06:36 a. m.,Ordeño,09:36,15.08,1,,,,,0,,0.72,0.78,0.84,0.66,0,0,0,0,4.86,4.93,4.97,0.00,VMS 1,,Tanque,,1.26,1.20,1.20,1.08,3.93,3.64,5.37,2.14
25/10/2024 02:17 p. m.,Ordeño,08:07,11.53,2,,,,,0,,0.60,0.72,0.72,0.60,0,0,0,0,4.57,4.73,4.67,0.00,VMS 1,,Tanque,,0.96,1.14,1.08,0.90,2.86,2.92,4.02,1.73
25/10/2024 08:58 p. m.,Ordeño,07:43,9.86,3,,,,,0,,0.66,0.72,0.78,0.60,0,0,0,0,4.54,4.68,4.60,0.00,VMS 1,,Tanque,,1.02,1.02,1.14,1.02,2.47,2.51,3.38,1.50
26/10/2024 05:01 a. m.,Ordeño,08:17,12.27,1,,,,,0,,0.66,0.84,0.78,0.66,0,0,0,0,4.66,4.82,4.74,0.00,VMS 1,,Tanque,,1.08,1.32,1.20,0.96,3.17,3.01,4.18,1.91
26/10/2024 11:42 a. m.,Ordeño,08:45,7.86,2,,,DD,DD,0,,0.60,0.00,0.72,0.60,0,0,0,0,4.79,0.00,4.84,0.00,VMS 1,,Tanque,,0.96,0.00,1.08,0.96,2.66,0.00,3.57,1.63
26/10/2024 04:33 p. m.,Ordeño,09:15,9.54,3,,,,,0,,0.54,0.78,0.72,0.66,0,0,0,0,4.65,5.41,4.77,0.00,VMS 1,,Tanque,,0.90,1.20,1.14,1.26,1.88,3.99,2.55,1.12
27/10/2024 12:13 a. m.,Ordeño,08:15,12.11,1,,,,,0,,0.66,0.72,0.78,0.66,0,0,0,0,4.88,4.74,4.97,0.00,VMS 1,,Tanque,,1.02,1.20,1.26,1.02,3.12,3.02,4.12,1.85
27/10/2024 08:52 a. m.,Ordeño,09:27,14.67,2,,,,,0,,0.72,0.72,0.78,0.66,0,0,0,0,5.13,5.07,5.16,0.00,VMS 1,,Tanque,,1.08,1.20,1.20,1.14,3.79,3.47,5.12,2.29
27/10/2024 02:35 p. m.,Ordeño,06:55,9.32,3,,,,,0,,0.66,0.66,0.72,0.60,0,0,0,0,4.85,4.91,4.93,0.00,VMS 1,,Tanque,,1.02,1.14,1.14,0.90,2.37,2.16,3.27,1.52
27/10/2024 09:00 p. m.,Ordeño,08:12,9.62,4,,,,,0,,0.66,0.66,0.66,0.66,0,0,0,0,4.85,5.02,5.05,0.00,VMS 1,,Tanque,,1.02,1.08,1.02,1.02,2.61,2.33,3.19,1.49
28/10/2024 05:28 a. m.,Ordeño,09:04,13.46,1,,,,,0,,0.60,0.78,0.78,0.66,0,0,0,0,5.01,5.20,5.08,0.00,VMS 1,,Tanque,,1.02,1.20,1.20,1.08,3.43,3.31,4.71,2.01
28/10/2024 11:34 a. m.,Ordeño,07:52,9.14,2,,,,,0,,0.54,0.72,0.72,0.60,0,0,0,0,4.52,4.79,4.58,0.00,VMS 1,,Tanque,,0.84,1.02,1.14,1.02,2.31,2.24,3.18,1.41
28/10/2024 05:23 p. m.,Ordeño,07:25,8.13,3,,,,,0,,0.60,0.72,0.78,0.60,0,0,0,0,4.60,4.73,4.77,0.00,VMS 1,,Tanque,,0.90,1.02,1.20,0.90,2.04,2.05,2.77,1.27
29/10/2024 12:03 a. m.,Ordeño,08:01,10.24,2,,,,,0,,0.60,0.78,0.78,0.66,0,0,0,0,4.70,4.94,4.90,0.00,VMS 1,,Tanque,,1.02,1.14,1.08,0.96,2.60,2.46,3.55,1.63
29/10/2024 05:06 a. m.,Ordeño,07:13,8.71,1,,,,,0,,0.60,0.84,0.78,0.72,0,0,0,0,5.24,5.34,5.15,0.00,VMS 1,,Tanque,,1.08,1.26,1.14,1.02,2.33,2.05,3.04,1.29
29/10/2024 12:50 p. m.,Ordeño,08:08,12.07,3,,,,,0,,0.60,0.78,0.78,0.66,0,0,0,0,5.02,5.14,5.22,0.00,VMS 1,,Tanque,,0.90,1.26,1.08,0.96,3.03,3.15,4.06,1.83
29/10/2024 05:59 p. m.,Ordeño,07:13,7.66,4,,,,,0,,0.54,0.66,0.72,0.54,0,0,0,0,4.82,4.92,4.95,0.00,VMS 1,,Tanque,,0.84,1.14,1.08,0.84,1.99,1.86,2.64,1.17
30/10/2024 12:25 a. m.,Ordeño,15:24,7.09,1,,,DD,DD,0,,0.60,0.00,0.66,0.60,0,0,0,0,4.93,0.00,4.98,0.00,VMS 1,,Tanque,,1.02,0.00,1.02,1.02,2.37,0.00,3.09,1.63
30/10/2024 07:13 a. m.,Ordeño,10:37,9.46,2,,,DD,DD,0,,0.66,0.00,0.84,0.54,0,0,0,0,5.14,0.00,5.18,0.00,VMS 1,,Tanque,,0.96,0.00,1.26,0.84,3.09,0.00,4.43,1.94
30/10/2024 12:30 p. m.,Ordeño,09:01,13.02,3,,,,,0,,0.54,0.90,0.72,0.60,0,0,0,0,5.20,5.98,5.30,0.00,VMS 1,,Tanque,,0.90,1.26,1.08,1.02,2.60,5.44,3.46,1.52
30/10/2024 05:59 p. m.,Ordeño,07:55,9.08,4,,,,,0,,0.60,0.78,0.72,0.60,0,0,0,0,5.03,4.90,5.17,0.00,VMS 1,,Tanque,,0.90,1.14,1.32,0.90,2.31,2.13,3.17,1.47
31/10/2024 02:39 a. m.,Ordeño,10:46,13.67,1,,,,,0,,0.66,0.72,0.78,0.66,0,0,0,0,4.84,4.92,4.99,0.00,VMS 1,,Tanque,,0.96,1.14,1.20,1.02,3.64,2.90,4.76,2.37
31/10/2024 09:36 a. m.,Ordeño,07:59,10.89,2,,,,,0,,0.66,0.72,0.78,0.60,0,0,0,0,4.53,4.91,4.69,0.00,VMS 1,,Tanque,,1.20,1.08,1.44,0.90,2.85,2.42,3.89,1.73
31/10/2024 05:32 p. m.,Ordeño,08:38,12.14,3,,,,,0,,0.66,0.72,0.78,0.60,0,0,0,0,4.91,5.18,4.98,0.00,VMS 1,,Tanque,,1.02,1.14,1.14,1.14,3.06,2.97,4.13,1.98
01/11/2024 01:16 a. m.,Ordeño,08:01,13.02,1,,,,,0,,0.72,0.78,0.84,0.66,0,0,0,0,4.86,5.16,4.85,0.00,VMS 1,,Tanque,,1.08,1.14,1.26,1.02,3.48,3.31,4.30,1.93
01/11/2024 09:52 a. m.,Ordeño,08:15,13.31,2,,,,,0,,0.72,0.78,0.84,0.60,0,0,0,0,4.64,4.92,4.79,0.00,VMS 1,,Tanque,,1.14,1.26,1.14,0.96,3.33,3.36,4.56,2.06
01/11/2024 06:26 p. m.,Ordeño,08:51,13.30,3,,,,,0,,0.72,0.66,0.78,0.66,0,0,0,0,4.49,4.81,4.72,0.00,VMS 1,,Tanque,,1.14,1.08,1.38,1.02,3.35,3.41,4.47,2.07
02/11/2024 12:56 a. m.,Ordeño,07:21,10.78,1,,,,,0,,0.72,0.78,0.78,0.60,0,0,0,0,4.56,4.92,4.66,0.00,VMS 1,,Tanque,,1.08,1.20,1.14,1.02,2.67,2.73,3.68,1.70
02/11/2024 12:12 p. m.,Ordeño,11:29,17.52,2,,,,,0,,0.78,0.90,0.90,0.72,0,0,0,0,4.91,5.21,5.02,0.00,VMS 1,,Tanque,,1.20,1.32,1.26,1.14,4.54,4.34,5.89,2.75
02/11/2024 07:10 p. m.,Ordeño,07:54,12.78,3,,,,,0,,0.72,0.78,0.84,0.66,0,0,0,0,4.77,5.05,4.87,0.00,VMS 1,,Tanque,,1.08,1.14,1.32,1.02,3.18,3.34,4.27,1.99
03/11/2024 02:16 a. m.,Ordeño,07:44,12.10,1,,,,,0,,0.66,0.90,0.90,0.72,0,0,0,0,4.85,5.06,4.87,0.00,VMS 1,,Tanque,,1.14,1.32,1.20,1.14,3.02,3.13,4.10,1.85
03/11/2024 09:41 a. m.,Ordeño,07:56,12.33,2,,,,,0,,0.72,0.84,0.84,0.78,0,0,0,0,4.99,5.07,5.12,0.00,VMS 1,,Tanque,,1.02,1.20,1.26,1.26,3.10,3.01,4.17,2.05
03/11/2024 05:59 p. m.,Ordeño,09:02,13.72,3,,,,,0,,0.72,0.84,0.78,0.72,0,0,0,0,5.02,5.27,5.12,0.00,VMS 1,,Tanque,,1.02,1.26,1.26,1.14,3.52,3.51,4.49,2.20
04/11/2024 12:43 a. m.,Ordeño,08:08,11.94,1,,,,,0,,0.66,0.84,0.84,0.72,0,0,0,0,4.85,5.19,4.92,0.00,VMS 1,,Tanque,,1.08,1.32,1.26,1.02,2.94,2.96,4.14,1.90
04/11/2024 10:24 a. m.,Ordeño,09:15,15.35,2,,,,,0,,0.66,0.78,0.84,0.54,0,0,0,0,4.85,4.97,4.96,0.00,VMS 1,,Tanque,,1.02,1.32,1.26,0.96,3.82,4.03,5.22,2.28
04/11/2024 06:20 p. m.,Ordeño,08:24,13.04,3,,,,,0,,0.66,0.90,0.84,0.72,0,0,0,0,4.76,5.04,4.81,0.00,VMS 1,,Tanque,,1.08,1.56,1.14,1.14,3.20,3.36,4.44,2.04
05/11/2024 06:21 a. m.,Ordeño,10:03,18.18,1,,,,,0,,0.72,0.90,0.84,0.72,0,0,0,0,4.58,4.85,4.71,0.00,VMS 1,,Tanque,,1.08,1.38,1.26,1.26,4.62,4.66,6.02,2.88
05/11/2024 06:28 p. m.,Ordeño,11:35,17.15,2,,,,,0,,0.72,0.90,0.84,0.66,0,0,0,0,4.63,4.69,4.70,0.00,VMS 1,,Tanque,,1.08,1.38,1.26,1.08,4.37,4.30,5.79,2.69
06/11/2024 12:18 a. m.,Ordeño,07:24,8.38,1,,,,,0,,0.60,0.84,0.72,0.66,0,0,0,0,4.51,4.70,0.00,4.49,VMS 1,,Tanque,,0.96,1.26,1.08,1.02,2.19,2.04,2.79,1.36
06/11/2024 07:10 a. m.,Ordeño,07:33,10.06,2,,,,,0,,0.60,0.96,0.84,0.66,0,0,0,0,4.51,4.71,4.55,0.00,VMS 1,,Tanque,,1.02,1.38,1.20,0.96,2.53,2.61,3.40,1.52
06/11/2024 12:25 p. m.,Ordeño,06:04,7.77,3,,,,,0,,0.66,0.84,0.84,0.60,0,0,0,0,4.62,4.75,4.72,0.00,VMS 1,,Tanque,,0.96,1.26,1.20,0.90,1.88,2.01,2.59,1.29
06/11/2024 07:26 p. m.,Ordeño,07:44,10.30,4,,,,,0,,0.66,0.84,0.84,0.60,0,0,0,0,4.68,4.74,4.71,0.00,VMS 1,,Tanque,,1.02,1.26,1.14,0.90,2.48,2.70,3.52,1.60
07/11/2024 03:03 a. m.,Ordeño,07:40,11.94,1,,,,,0,,0.66,0.90,0.90,0.60,0,0,0,0,4.50,4.69,4.72,0.00,VMS 1,,Tanque,,1.08,1.26,1.38,0.96,2.92,3.04,4.16,1.82
07/11/2024 07:48 a. m.,Ordeño,07:02,6.97,2,,,,,0,,0.60,0.84,0.72,0.60,0,0,0,0,4.56,4.74,4.81,0.00,VMS 1,,Tanque,,0.96,1.20,1.14,0.96,1.72,1.79,2.34,1.12
07/11/2024 04:53 p. m.,Ordeño,09:10,14.31,3,,,,,0,,0.72,0.90,0.78,0.66,0,0,0,0,4.94,5.02,5.13,0.00,VMS 1,,Tanque,,1.08,1.38,1.20,1.02,3.57,3.68,4.89,2.17
08/11/2024 01:23 a. m.,Ordeño,08:35,13.05,1,,,,,0,,0.60,0.96,0.90,0.78,0,0,0,0,4.62,4.88,4.84,0.00,VMS 1,,Tanque,,1.02,1.38,1.26,1.20,3.26,3.36,4.46,1.97
08/11/2024 09:55 a. m.,Ordeño,08:47,13.82,2,,,,,0,,0.66,0.84,0.78,0.78,0,0,0,0,4.95,5.08,5.11,0.00,VMS 1,,Tanque,,1.02,1.38,1.14,1.14,3.48,3.49,4.73,2.12
08/11/2024 05:39 p. m.,Ordeño,08:20,13.36,3,,,,,0,,0.60,0.90,0.78,0.72,0,0,0,0,5.14,5.21,5.28,0.00,VMS 1,,Tanque,,0.96,1.26,1.20,1.20,3.30,3.36,4.60,2.10
09/11/2024 02:48 a. m.,Ordeño,08:55,14.79,1,,,,,0,,0.72,0.90,0.84,0.78,0,0,0,0,4.95,5.07,5.18,0.00,VMS 1,,Tanque,,1.20,1.44,1.26,1.14,3.71,3.77,5.06,2.25
09/11/2024 07:51 a. m.,Ordeño,07:56,7.97,2,,,,,0,,0.66,0.78,0.72,0.72,0,0,0,0,4.93,5.15,4.98,0.00,VMS 1,,Tanque,,1.02,1.26,1.14,1.14,1.92,2.08,2.68,1.29
09/11/2024 05:01 p. m.,Ordeño,09:01,14.79,3,,,,,0,,0.66,0.90,0.78,0.72,0,0,0,0,5.12,5.29,5.25,0.00,VMS 1,,Tanque,,1.02,1.20,1.14,1.14,3.66,3.78,4.99,2.36
10/11/2024 12:29 a. m.,Ordeño,11:14,11.15,1,,,,,0,,0.54,0.90,0.72,0.78,0,0,0,0,4.62,4.90,4.78,0.00,VMS 1,,Tanque,,0.90,1.26,1.08,1.02,2.77,3.01,3.58,1.79
10/11/2024 07:45 a. m.,Ordeño,09:09,11.67,2,,,,,0,,0.60,0.84,0.84,0.72,0,0,0,0,4.79,5.04,4.83,0.00,VMS 1,,Tanque,,0.90,1.32,1.32,1.20,2.87,2.90,4.05,1.85
10/11/2024 04:49 p. m.,Ordeño,09:27,14.07,3,,,,,0,,0.60,0.78,0.84,0.72,0,0,0,0,4.91,5.19,5.04,0.00,VMS 1,,Tanque,,0.90,1.20,1.14,1.02,3.52,3.66,4.57,2.32
10/11/2024 10:06 p. m.,Ordeño,08:03,7.93,4,,,,,0,,0.48,0.78,0.78,0.66,0,0,0,0,4.60,4.86,4.74,0.00,VMS 1,,Tanque,,0.84,1.14,1.26,0.96,1.96,2.10,2.67,1.20
11/11/2024 06:14 a. m.,Ordeño,08:11,13.01,1,,,,,0,,0.72,1.02,0.90,0.78,0,0,0,0,5.08,5.19,5.17,0.00,VMS 1,,Tanque,,1.08,1.38,1.20,1.26,3.30,3.37,4.35,1.99
11/11/2024 12:42 p. m.,Ordeño,06:50,10.17,2,,,,,0,,0.66,0.84,0.78,0.72,0,0,0,0,4.85,4.98,4.99,0.00,VMS 1,,Tanque,,1.02,1.32,1.20,1.14,2.50,2.60,3.52,1.55
11/11/2024 07:05 p. m.,Ordeño,06:46,9.78,3,,,,,0,,0.66,0.78,0.78,0.66,0,0,0,0,4.80,4.90,5.00,0.00,VMS 1,,Tanque,,1.02,1.14,1.20,0.96,2.44,2.52,3.30,1.52
12/11/2024 03:13 a. m.,Ordeño,09:31,13.56,1,,,,,0,,0.66,0.90,0.78,0.72,0,0,0,0,5.13,5.27,5.26,0.00,VMS 1,,Tanque,,1.02,1.50,1.38,1.20,3.34,3.45,4.58,2.19
12/11/2024 12:27 p. m.,Ordeño,08:45,15.45,2,,,,,0,,0.72,0.96,0.84,0.72,0,0,0,0,5.00,5.20,5.08,0.00,VMS 1,,Tanque,,1.08,1.50,1.38,1.08,3.83,4.02,5.19,2.41
12/11/2024 09:00 p. m.,Ordeño,08:32,14.15,3,,,,,0,,0.72,0.90,0.84,0.66,0,0,0,0,4.93,5.06,5.05,0.00,VMS 1,,Tanque,,1.20,1.32,1.20,1.02,3.57,3.65,4.67,2.26
13/11/2024 08:06 a. m.,Ordeño,09:42,17.49,1,,,,,0,,0.78,0.90,0.90,0.78,0,0,0,0,5.05,5.11,5.10,0.00,VMS 1,,Tanque,,1.32,1.26,1.32,1.20,4.22,4.56,5.85,2.86
13/11/2024 07:36 p. m.,Ordeño,10:38,17.66,2,,,,,0,,0.72,0.84,0.78,0.72,0,0,0,0,4.79,4.90,4.82,0.00,VMS 1,,Tanque,,1.32,1.32,1.14,1.08,4.38,4.51,5.93,2.84
14/11/2024 01:50 a. m.,Ordeño,07:05,9.41,1,,,,,0,,0.66,0.78,0.84,0.66,0,0,0,0,4.44,4.58,4.56,0.00,VMS 1,,Tanque,,1.02,1.20,1.26,1.14,2.39,2.40,3.18,1.44
14/11/2024 07:23 a. m.,Ordeño,06:31,8.25,2,,,,,0,,0.66,0.78,0.78,0.60,0,0,0,0,4.73,4.91,4.83,0.00,VMS 1,,Tanque,,1.14,1.14,1.08,0.96,2.12,2.14,2.79,1.20
14/11/2024 04:46 p. m.,Ordeño,09:11,15.40,3,,,,,0,,0.66,0.84,0.78,0.60,0,0,0,0,5.06,5.15,5.17,0.00,VMS 1,,Tanque,,1.08,1.20,1.20,0.90,3.89,3.93,5.14,2.44
15/11/2024 01:07 a. m.,Ordeño,08:56,14.17,1,,,,,0,,0.72,0.84,0.84,0.72,0,0,0,0,5.10,5.19,5.11,0.00,VMS 1,,Tanque,,1.08,1.32,1.26,1.20,3.49,3.65,4.82,2.21
15/11/2024 12:14 p. m.,Ordeño,11:20,17.55,2,,,,,0,,0.66,0.90,0.78,0.66,0,0,0,0,4.94,5.06,5.03,0.00,VMS 1,,Tanque,,1.08,1.26,1.14,1.08,4.42,4.48,5.94,2.71
15/11/2024 10:31 p. m.,Ordeño,11:12,16.27,3,,,,,0,,0.72,0.90,0.84,0.66,0,0,0,0,4.81,5.00,4.89,0.00,VMS 1,,Tanque,,1.08,1.32,1.20,1.02,4.08,4.11,5.45,2.63
16/11/2024 07:41 a. m.,Ordeño,09:43,14.10,1,,,,,0,,0.72,0.90,0.78,0.66,0,0,0,0,4.70,4.79,4.69,0.00,VMS 1,,Tanque,,1.08,1.32,1.20,1.14,3.48,3.62,4.79,2.21
16/11/2024 07:56 p. m.,Ordeño,10:20,17.77,2,,,,,0,,0.72,0.90,0.84,0.66,0,0,0,0,4.68,4.89,4.82,0.00,VMS 1,,Tanque,,1.08,1.32,1.26,1.08,4.48,4.62,5.85,2.82
17/11/2024 01:40 a. m.,Ordeño,07:46,9.99,1,,,,,0,,0.60,0.84,0.72,0.66,0,0,0,0,4.96,5.09,5.00,0.00,VMS 1,,Tanque,,0.96,1.26,1.14,1.08,2.46,2.58,3.40,1.55
17/11/2024 11:38 a. m.,Ordeño,09:00,15.84,2,,,,,0,,0.78,0.84,0.84,0.72,0,0,0,0,5.05,5.06,5.08,0.00,VMS 1,,Tanque,,1.20,1.20,1.32,1.20,3.92,4.21,5.16,2.55
17/11/2024 06:21 p. m.,Ordeño,07:33,9.83,3,,,,,0,,0.66,0.84,0.72,0.66,0,0,0,0,4.80,5.05,4.89,0.00,VMS 1,,Tanque,,1.08,1.26,1.14,0.96,2.42,2.65,3.26,1.50
18/11/2024 04:54 a. m.,Ordeño,09:32,17.09,1,,,,,0,,0.78,0.84,0.96,0.72,0,0,0,0,5.15,5.21,5.15,0.00,VMS 1,,Tanque,,1.26,1.26,1.32,1.08,4.32,4.44,5.62,2.71
18/11/2024 10:55 a. m.,Ordeño,09:37,8.66,2,,,,,0,,0.66,0.78,0.78,0.60,0,0,0,0,4.75,4.84,0.00,4.69,VMS 1,,Tanque,,1.14,1.14,1.14,0.96,2.05,2.32,2.87,1.42
18/11/2024 07:28 p. m.,Ordeño,08:22,12.48,3,,,,,0,,0.66,0.78,0.84,0.60,0,0,0,0,4.69,4.89,4.95,0.00,VMS 1,,Tanque,,1.02,1.20,1.26,0.96,3.14,3.20,4.16,1.98
19/11/2024 01:54 a. m.,Ordeño,07:54,10.60,1,,,,,0,,0.60,0.78,0.90,0.66,0,0,0,0,5.09,5.22,5.14,0.00,VMS 1,,Tanque,,0.96,1.14,1.26,1.08,2.57,2.75,3.63,1.65
19/11/2024 09:40 a. m.,Ordeño,09:14,11.18,2,,,TD,TD,0,,0.60,0.90,0.84,0.00,0,0,0,0,5.13,5.28,5.27,0.00,VMS 1,,Tanque,,0.90,1.26,1.26,0.00,3.21,3.39,4.58,0.00
19/11/2024 02:33 p. m.,Ordeño,07:02,9.72,3,,,,,0,,0.60,0.78,0.78,0.66,0,0,0,0,4.94,5.01,5.09,0.00,VMS 1,,Tanque,,0.96,1.14,1.14,1.20,1.89,2.04,2.73,3.06
19/11/2024 09:44 p. m.,Ordeño,08:15,12.40,4,,,,,0,,0.60,0.96,0.84,0.66,0,0,0,0,5.11,5.29,5.12,0.00,VMS 1,,Tanque,,0.96,1.32,1.26,1.02,3.11,3.14,4.23,1.92
20/11/2024 09:40 a. m.,Ordeño,10:30,20.25,1,,,,,0,,0.78,0.96,0.90,0.66,0,0,0,0,5.15,5.17,5.21,0.00,VMS 1,,Tanque,,1.08,1.44,1.26,1.08,5.09,5.12,6.87,3.17
20/11/2024 10:09 p. m.,Ordeño,08:34,20.22,2,,,,,0,,0.90,1.08,1.14,0.90,0,0,0,0,4.84,4.84,4.85,0.00,VMS 1,,Tanque,,1.26,1.56,1.50,1.38,4.98,5.29,6.91,3.04
21/11/2024 03:58 a. m.,Ordeño,06:22,8.58,1,,,,,0,,0.66,0.78,0.78,0.66,0,0,0,0,4.77,4.80,4.77,0.00,VMS 1,,Tanque,,1.02,1.14,1.08,0.96,2.00,2.25,2.91,1.42
21/11/2024 11:49 a. m.,Ordeño,07:33,12.85,2,,,,,0,,0.72,0.96,0.90,0.72,0,0,0,0,5.15,5.20,5.09,0.00,VMS 1,,Tanque,,1.14,1.32,1.20,1.08,3.04,3.47,4.31,2.03
21/11/2024 11:13 p. m.,Ordeño,11:23,19.20,3,,,,,0,,0.78,1.02,0.96,0.84,0,0,0,0,5.35,5.47,5.28,0.00,VMS 1,,Tanque,,1.08,1.44,1.38,1.20,4.72,4.89,6.53,3.06
22/11/2024 10:12 a. m.,Ordeño,09:50,17.04,1,,,,,0,,0.72,0.96,0.90,0.90,0,0,0,0,4.99,5.07,4.96,0.00,VMS 1,,Tanque,,1.26,1.26,1.26,1.32,4.26,4.28,5.84,2.66
22/11/2024 06:54 p. m.,Ordeño,08:53,13.46,2,,,,,0,,0.84,0.90,0.90,0.72,0,0,0,0,4.78,4.88,4.78,0.00,VMS 1,,Tanque,,1.56,1.26,1.20,1.08,3.35,3.43,4.55,2.13
23/11/2024 03:54 a. m.,Ordeño,08:08,14.88,1,,,,,0,,0.78,1.02,0.96,0.84,0,0,0,0,5.01,5.22,5.12,0.00,VMS 1,,Tanque,,1.08,1.38,1.56,1.20,3.71,3.80,4.99,2.38
23/11/2024 12:45 p. m.,Ordeño,09:04,14.19,2,,,,,0,,0.78,0.84,0.84,0.78,0,0,0,0,5.12,5.20,5.17,0.00,VMS 1,,Tanque,,1.26,1.26,1.38,1.26,3.56,3.66,4.64,2.33
23/11/2024 07:05 p. m.,Ordeño,07:56,9.84,3,,,,,0,,0.84,0.84,0.84,0.72,0,0,0,0,4.92,4.94,4.97,0.00,VMS 1,,Tanque,,1.56,1.26,1.26,1.08,2.42,2.50,3.30,1.62
24/11/2024 05:46 a. m.,Ordeño,09:11,17.15,1,,,,,0,,0.78,1.08,0.96,0.84,0,0,0,0,5.12,5.20,5.04,0.00,VMS 1,,Tanque,,1.14,1.44,1.32,1.26,4.37,4.36,5.76,2.66
24/11/2024 11:28 a. m.,Ordeño,09:43,7.13,2,,,TI,TI,0,,0.72,0.84,0.00,0.78,0,0,0,0,4.76,4.72,0.00,0.00,VMS 1,,Tanque,,1.26,1.26,0.00,1.08,2.19,2.19,0.00,2.75
24/11/2024 04:21 p. m.,Ordeño,06:00,8.73,3,,,,,0,,0.66,0.78,0.84,0.78,0,0,0,0,4.83,4.86,4.90,0.00,VMS 1,,Tanque,,1.02,1.32,1.20,1.32,1.89,1.90,2.37,2.57
25/11/2024 05:35 a. m.,Ordeño,16:11,16.33,1,,,TD,TD,0,,0.78,1.08,0.72,0.00,0,426,0,0,5.31,5.35,4.94,0.00,VMS 1,,Tanque,,1.26,1.38,1.32,0.00,5.14,5.26,5.93,0.00
25/11/2024 04:08 p. m.,Ordeño,12:01,19.15,2,,,,,0,,0.72,0.84,0.84,0.78,0,0,0,0,4.82,4.94,4.95,0.00,VMS 1,,Tanque,,1.14,1.20,1.26,1.26,4.54,4.49,5.98,4.14
26/11/2024 05:04 a. m.,Ordeño,12:44,20.96,1,,,,,0,,0.72,0.90,1.08,0.72,0,322,0,0,5.19,5.20,5.22,0.00,VMS 1,,Tanque,,1.14,1.38,1.50,1.02,5.45,5.51,7.20,2.80
26/11/2024 04:17 p. m.,Ordeño,10:59,16.43,2,,,,,0,,0.78,1.02,0.78,0.66,0,0,0,0,4.97,5.00,4.78,0.00,VMS 1,,Tanque,,1.14,1.50,1.20,1.02,4.28,4.37,5.37,2.41
26/11/2024 10:37 p. m.,Ordeño,07:16,9.82,3,,,,,0,,0.72,0.90,0.84,0.66,0,0,0,0,4.77,4.95,4.76,0.00,VMS 1,,Tanque,,1.14,1.32,1.20,1.02,2.51,2.52,3.35,1.44
27/11/2024 05:16 a. m.,Ordeño,08:31,10.53,1,,,,,0,,0.66,0.90,0.90,0.72,0,0,0,0,4.91,5.09,5.02,0.00,VMS 1,,Tanque,,1.02,1.26,1.26,1.02,2.66,2.72,3.54,1.61
27/11/2024 12:13 p. m.,Ordeño,07:15,11.74,2,,,,,0,,0.78,0.84,0.84,0.78,0,0,0,0,5.43,5.48,5.51,0.00,VMS 1,,Tanque,,1.32,1.26,1.20,1.02,3.05,3.14,3.79,1.76
27/11/2024 09:25 p. m.,Ordeño,09:32,14.90,3,,,,,0,,0.78,0.90,0.84,0.60,0,0,0,0,5.11,5.17,5.09,0.00,VMS 1,,Tanque,,1.26,1.26,1.38,0.90,3.75,3.91,4.97,2.27
28/11/2024 06:40 a. m.,Ordeño,10:18,16.34,1,,,,,0,,0.90,0.84,0.96,0.78,0,0,0,0,5.25,5.16,5.22,0.00,VMS 1,,Tanque,,1.38,1.26,1.50,1.14,4.04,4.22,5.56,2.52
28/11/2024 12:56 p. m.,Ordeño,07:05,9.70,2,,,,,0,,0.66,0.84,0.78,0.72,0,0,0,0,4.77,4.89,4.88,0.00,VMS 1,,Tanque,,1.02,1.20,1.32,1.08,2.43,2.43,3.41,1.43
28/11/2024 07:38 p. m.,Ordeño,06:53,11.19,3,,,,,0,,0.78,0.96,0.90,0.78,0,0,0,0,5.31,5.29,5.35,0.00,VMS 1,,Tanque,,1.26,1.38,1.26,1.20,2.88,2.72,3.77,1.82
29/11/2024 12:31 a. m.,Ordeño,05:38,7.67,1,,,,,0,,0.78,0.96,0.84,0.66,0,0,0,0,5.05,5.07,5.16,0.00,VMS 1,,Tanque,,1.32,1.32,1.20,1.02,1.89,2.06,2.51,1.21
29/11/2024 10:05 a. m.,Ordeño,08:27,14.83,2,,,,,0,,0.78,1.08,1.02,0.78,0,0,0,0,4.64,4.74,4.88,0.00,VMS 1,,Tanque,,1.32,1.50,1.26,1.20,3.79,3.78,5.04,2.22
29/11/2024 05:07 p. m.,Ordeño,06:49,10.78,3,,,,,0,,0.72,0.96,0.90,0.78,0,0,0,0,4.72,4.80,4.74,0.00,VMS 1,,Tanque,,1.08,1.32,1.26,1.14,2.68,2.71,3.65,1.74
30/11/2024 03:36 a. m.,Ordeño,11:41,13.77,1,,,TD,TD,0,,0.78,1.02,0.90,0.00,0,0,0,0,4.75,4.81,4.77,0.00,VMS 1,,Tanque,,1.26,1.50,1.26,0.00,4.04,4.25,5.48,0.00
30/11/2024 03:16 p. m.,Ordeño,09:38,19.55,2,,,,,0,,0.84,0.96,0.90,0.84,0,0,0,0,4.55,4.60,4.62,0.00,VMS 1,,Tanque,,1.50,1.38,1.32,1.32,4.46,4.72,5.95,4.42
30/11/2024 11:27 p. m.,Ordeño,07:44,11.67,3,,,,,0,,0.78,0.84,0.90,0.72,0,0,0,0,4.57,4.60,4.62,0.00,VMS 1,,Tanque,,1.20,1.26,1.38,1.02,2.98,3.24,4.16,1.29
01/12/2024 07:47 a. m.,Ordeño,08:26,12.94,1,,,,,0,,0.78,0.96,0.96,0.72,0,0,0,0,4.64,4.80,4.73,0.00,VMS 1,,Tanque,,1.20,1.38,1.32,1.08,3.40,3.44,4.51,1.59
01/12/2024 05:46 p. m.,Ordeño,10:24,16.24,2,,,,,0,,0.66,0.96,0.78,0.84,0,0,0,0,4.76,4.80,4.74,0.00,VMS 1,,Tanque,,1.08,1.44,1.20,1.32,4.11,4.23,5.48,2.42
02/12/2024 03:12 a. m.,Ordeño,08:22,14.72,1,,,,,0,,0.78,0.90,1.14,0.78,0,0,0,0,4.41,4.61,4.53,0.00,VMS 1,,Tanque,,1.14,1.32,1.74,1.08,3.40,3.52,5.61,2.19
02/12/2024 12:51 p. m.,Ordeño,09:10,14.93,2,,,,,0,,0.84,0.84,0.96,0.78,0,0,0,0,4.59,4.66,4.49,0.00,VMS 1,,Tanque,,1.26,1.26,1.56,1.26,3.51,3.67,5.57,2.18
02/12/2024 11:08 p. m.,Ordeño,08:42,16.61,3,,,,,0,,0.78,0.90,1.08,0.78,0,0,0,0,4.53,4.61,4.61,0.00,VMS 1,,Tanque,,1.14,1.38,1.68,1.14,3.92,4.03,6.16,2.50
03/12/2024 09:25 a. m.,Ordeño,08:23,15.47,1,,,,,0,,0.78,0.90,1.08,0.84,0,0,0,0,4.51,4.61,4.53,0.00,VMS 1,,Tanque,,1.26,1.32,1.68,1.20,3.59,3.72,5.90,2.26
03/12/2024 07:45 p. m.,Ordeño,09:42,15.91,2,,,,,0,,0.84,0.90,1.02,0.72,0,0,0,0,4.52,4.60,4.71,0.00,VMS 1,,Tanque,,1.26,1.26,1.62,1.14,3.77,3.98,5.74,2.42
04/12/2024 02:00 a. m.,Ordeño,07:42,11.43,1,,,,,0,,0.78,0.90,0.90,0.78,0,0,0,0,4.96,4.98,5.14,0.00,VMS 1,,Tanque,,1.20,1.26,1.44,1.14,2.72,2.84,4.16,1.71
04/12/2024 12:23 p. m.,Ordeño,09:10,18.26,2,,,,,0,,0.84,0.96,1.02,0.84,0,0,0,0,5.16,5.25,5.25,0.00,VMS 1,,Tanque,,1.14,1.32,1.50,1.20,4.42,4.51,6.55,2.78
04/12/2024 10:16 p. m.,Ordeño,09:40,15.49,3,,,,,0,,0.84,0.96,1.02,0.78,0,0,0,0,4.82,4.83,4.89,0.00,VMS 1,,Tanque,,1.26,1.38,1.74,1.14,3.73,3.79,5.64,2.33
05/12/2024 03:50 p. m.,Ordeño,14:31,18.76,1,,DD,TD,TD,0,,0.78,0.90,0.90,0.00,0,0,0,0,5.20,5.09,5.17,0.00,VMS 1,,Tanque,,1.32,1.38,1.50,0.00,5.72,5.98,7.06,0.00
06/12/2024 01:42 a. m.,Ordeño,08:00,15.30,1,,,,,0,,0.72,0.84,0.90,0.84,0,0,0,0,4.38,4.43,4.46,0.00,VMS 1,,Tanque,,1.14,1.32,1.32,1.26,3.23,3.40,4.25,4.42
06/12/2024 10:29 a. m.,Ordeño,07:12,11.13,2,,,TD,,0,,0.72,0.96,0.84,0.72,0,0,0,0,4.52,4.80,4.56,0.00,VMS 1,,Tanque,,1.08,1.26,1.26,1.14,2.99,3.23,3.93,0.98
06/12/2024 12:00 p. m.,Ordeño,06:01,2.13,3,,DI,TI,,0,,0.60,0.66,0.30,0.60,0,0,0,0,4.86,5.20,5.16,0.00,VMS 1,,Tanque,,0.96,0.96,0.60,0.90,0.63,0.60,0.25,0.65
06/12/2024 03:03 p. m.,Ordeño,05:13,3.74,4,,,,,0,,0.60,0.78,0.78,0.42,0,0,0,0,4.59,4.72,4.82,0.00,VMS 1,,Tanque,,0.96,1.08,1.20,0.72,0.99,1.07,1.33,0.35
07/12/2024 12:42 a. m.,Ordeño,08:31,15.74,1,,DI,,,0,,0.90,0.90,1.02,0.72,0,0,0,0,5.28,5.25,5.34,0.00,VMS 1,,Tanque,,1.50,1.32,1.32,1.08,4.05,4.32,5.40,1.97
07/12/2024 11:24 a. m.,Ordeño,10:23,18.10,2,,,,,0,,0.84,0.96,0.90,0.78,0,0,0,0,5.28,5.23,5.31,0.00,VMS 1,,Tanque,,1.32,1.44,1.32,1.26,4.68,4.87,5.89,2.66
07/12/2024 07:16 p. m.,Ordeño,08:31,10.94,3,,DI,,,0,,0.78,0.84,0.90,0.72,0,0,0,0,4.62,4.65,4.72,0.00,VMS 1,,Tanque,,1.32,1.38,1.32,1.14,2.78,2.95,3.61,1.60
08/12/2024 02:31 a. m.,Ordeño,07:12,11.53,1,,,,,0,,0.90,0.84,0.96,0.84,0,0,0,0,4.96,5.00,5.08,0.00,VMS 1,,Tanque,,1.62,1.20,1.26,1.38,3.05,2.94,3.91,1.63
08/12/2024 01:05 p. m.,Ordeño,08:56,17.11,2,,,,,0,,0.84,0.96,0.90,0.90,0,0,0,0,5.08,5.25,5.13,0.00,VMS 1,,Tanque,,1.26,1.32,1.32,1.32,4.44,4.42,5.63,2.62
08/12/2024 10:56 p. m.,Ordeño,07:37,12.90,3,,,,,0,,0.78,0.96,0.96,0.84,0,0,0,0,4.49,4.67,4.59,0.00,VMS 1,,Tanque,,1.20,1.32,1.38,1.20,3.29,3.31,4.32,1.98
09/12/2024 12:12 p. m.,Ordeño,12:12,21.60,1,,,,,0,,0.84,1.02,0.96,0.78,0,0,0,0,5.07,5.12,5.14,0.00,VMS 1,,Tanque,,1.20,1.44,1.32,1.20,5.21,5.74,7.25,3.40
09/12/2024 06:09 p. m.,Ordeño,07:51,8.34,2,,,,,0,,0.60,0.84,0.84,0.72,0,0,0,0,4.61,4.64,4.73,0.00,VMS 1,,Tanque,,0.96,2.04,1.14,1.26,2.00,2.33,2.77,1.24
10/12/2024 03:55 a. m.,Ordeño,09:40,12.25,1,,,TD,TD,0,,0.84,0.96,1.02,0.00,0,0,0,0,4.82,4.86,4.93,0.00,VMS 1,,Tanque,,1.26,1.44,1.38,0.00,3.64,3.77,4.84,0.00
10/12/2024 02:27 p. m.,Ordeño,09:04,18.62,2,,,,,0,,0.84,0.96,0.96,0.78,0,0,0,0,5.11,5.10,5.14,0.00,VMS 1,,Tanque,,1.20,1.38,1.26,1.32,4.33,4.36,5.87,4.06
10/12/2024 11:29 p. m.,Ordeño,07:00,10.90,3,,,,,0,,0.72,0.96,0.84,0.54,0,0,0,0,4.51,4.51,4.44,0.00,VMS 1,,Tanque,,1.08,1.50,1.20,0.90,2.86,2.94,3.84,1.26
11/12/2024 11:46 a. m.,Ordeño,10:50,20.11,1,,,,,0,,0.96,1.08,1.02,0.72,0,0,0,0,5.09,5.13,5.01,0.00,VMS 1,,Tanque,,1.50,1.62,1.56,1.08,5.21,5.22,6.90,2.78
11/12/2024 07:31 p. m.,Ordeño,09:42,10.85,2,,,TD,TD,0,,0.78,0.96,0.90,0.00,0,0,0,0,4.91,4.90,4.85,0.00,VMS 1,,Tanque,,1.26,1.32,1.20,0.00,3.22,3.34,4.29,0.00
11/12/2024 09:36 p. m.,Ordeño,05:46,4.62,3,,,,,0,,0.66,0.72,0.72,0.66,0,0,0,0,4.64,4.77,4.73,0.00,VMS 1,,Tanque,,1.08,1.08,1.08,1.08,0.74,0.78,0.98,2.12
12/12/2024 09:40 a. m.,Ordeño,09:58,19.27,1,,,,,0,,0.96,1.02,1.08,0.78,0,0,0,0,5.12,5.10,5.17,0.00,VMS 1,,Tanque,,1.38,1.38,1.44,1.56,4.94,5.00,6.49,2.84
12/12/2024 07:08 p. m.,Ordeño,10:23,14.93,2,,,,,0,,0.78,1.08,0.96,0.78,0,0,0,0,4.93,4.95,5.06,0.00,VMS 1,,Tanque,,1.08,1.68,1.26,1.14,3.86,3.93,5.15,1.99
13/12/2024 05:13 a. m.,Ordeño,09:22,17.03,1,,,,,0,,0.96,1.02,1.08,0.72,0,0,0,0,4.91,5.05,5.00,0.00,VMS 1,,Tanque,,1.32,1.50,1.50,1.32,4.26,4.50,5.74,2.53
13/12/2024 12:32 p. m.,Ordeño,08:33,11.15,2,,,,,0,,0.78,1.02,0.90,0.72,0,0,0,0,4.77,4.96,4.85,0.00,VMS 1,,Tanque,,1.14,1.44,1.38,1.08,2.81,2.99,3.83,1.52
14/12/2024 12:40 a. m.,Ordeño,10:31,19.51,1,,,,,0,,0.84,1.02,0.96,0.84,0,0,0,0,4.97,5.01,5.01,0.00,VMS 1,,Tanque,,1.14,1.44,1.26,1.14,4.91,4.96,6.61,3.03
14/12/2024 09:53 a. m.,Ordeño,08:09,15.02,2,,,,,0,,0.78,0.90,0.90,0.84,0,0,0,0,4.83,4.83,4.81,0.00,VMS 1,,Tanque,,1.14,1.32,1.32,1.14,3.80,3.73,5.11,2.38
14/12/2024 06:45 p. m.,Ordeño,08:02,12.89,3,,,,,0,,0.78,0.84,0.84,0.66,0,0,0,0,4.82,4.76,4.81,0.00,VMS 1,,Tanque,,1.08,1.32,1.32,0.96,3.28,3.33,4.24,2.04
15/12/2024 02:07 a. m.,Ordeño,07:00,10.29,1,,,,,0,,0.72,0.84,0.90,0.72,0,0,0,0,4.64,4.71,4.67,0.00,VMS 1,,Tanque,,1.08,1.26,1.20,1.02,2.50,2.65,3.49,1.65
15/12/2024 12:55 p. m.,Ordeño,09:44,17.86,2,,,,,0,,0.84,0.96,0.96,0.84,0,0,0,0,5.11,5.15,5.14,0.00,VMS 1,,Tanque,,1.20,1.38,1.32,1.20,4.55,4.55,6.01,2.75
15/12/2024 07:33 p. m.,Ordeño,06:14,9.52,3,,,,,0,,0.72,0.90,0.90,0.78,0,0,0,0,4.77,4.82,4.75,0.00,VMS 1,,Tanque,,1.14,1.26,1.32,1.20,2.37,2.38,3.26,1.51
16/12/2024 06:27 a. m.,Ordeño,09:05,17.90,1,,,,,0,,0.84,0.90,1.02,0.78,0,0,0,0,5.09,5.14,5.14,0.00,VMS 1,,Tanque,,1.14,1.38,1.32,1.08,4.47,4.61,5.98,2.84
16/12/2024 02:51 p. m.,Ordeño,08:27,13.92,2,,,,,0,,0.72,0.96,0.90,0.78,0,0,0,0,5.01,5.14,5.01,0.00,VMS 1,,Tanque,,1.08,1.38,1.20,1.26,3.44,3.61,4.68,2.19
17/12/2024 12:01 a. m.,Ordeño,08:48,14.33,1,,,,,0,,0.84,1.02,0.90,0.78,0,0,0,0,4.82,4.99,4.85,0.00,VMS 1,,Tanque,,1.32,1.44,1.32,1.14,3.61,3.65,4.70,2.37
17/12/2024 10:15 a. m.,Ordeño,08:59,16.38,2,,,,,0,,0.78,1.02,0.90,0.84,0,0,0,0,4.82,4.99,4.79,0.00,VMS 1,,Tanque,,1.20,1.38,1.32,1.20,4.09,4.13,5.54,2.62
17/12/2024 06:32 p. m.,Ordeño,07:41,12.97,3,,,,,0,,0.78,0.96,0.84,0.78,0,0,0,0,4.75,4.79,4.81,0.00,VMS 1,,Tanque,,1.20,1.32,1.32,1.26,3.25,3.39,4.27,2.06
18/12/2024 02:47 a. m.,Ordeño,08:02,13.77,1,,,,,0,,0.72,1.02,1.02,0.84,0,0,0,0,4.87,5.02,4.89,0.00,VMS 1,,Tanque,,1.08,1.44,1.32,1.26,3.38,3.50,4.68,2.21
18/12/2024 08:58 a. m.,Ordeño,07:05,10.46,2,,,,,0,,0.72,0.90,0.90,0.78,0,0,0,0,4.94,4.99,5.12,0.00,VMS 1,,Tanque,,1.08,1.26,1.32,1.32,2.70,2.66,3.45,1.65
18/12/2024 02:51 p. m.,Ordeño,07:30,9.97,3,,,,,0,,0.66,0.90,0.84,0.72,0,0,0,0,5.20,5.14,5.23,0.00,VMS 1,,Tanque,,1.02,1.32,1.14,1.08,2.49,2.65,3.31,1.52
19/12/2024 02:22 a. m.,Ordeño,11:36,19.88,1,,,,,0,,0.78,1.02,1.02,0.90,0,0,0,0,5.22,5.27,5.24,0.00,VMS 1,,Tanque,,1.14,1.38,1.44,1.26,4.93,5.18,6.60,3.17
19/12/2024 10:53 a. m.,Ordeño,08:47,14.08,2,,,,,0,,0.72,0.96,0.96,0.84,0,0,0,0,4.68,4.80,4.76,0.00,VMS 1,,Tanque,,1.08,1.26,1.26,1.20,3.54,3.60,4.79,2.15
19/12/2024 07:00 p. m.,Ordeño,07:22,12.85,3,,,,,0,,0.72,0.90,0.96,0.72,0,0,0,0,4.81,4.86,4.84,0.00,VMS 1,,Tanque,,1.02,1.38,1.32,1.02,3.17,3.42,4.29,1.97
20/12/2024 08:10 a. m.,Ordeño,09:57,21.52,1,,,,,0,,0.84,0.96,1.08,0.84,0,0,0,0,4.90,4.92,4.96,0.00,VMS 1,,Tanque,,1.26,1.50,1.56,1.26,5.34,5.57,7.22,3.39
20/12/2024 04:39 p. m.,Ordeño,07:49,13.13,2,,,,,0,,0.72,0.90,0.84,0.72,0,0,0,0,4.70,4.74,4.68,0.00,VMS 1,,Tanque,,1.14,1.32,1.32,1.20,3.28,3.33,4.43,2.09
21/12/2024 12:05 a. m.,Ordeño,07:31,11.00,1,,,,,0,,0.66,0.96,0.90,0.66,0,0,0,0,4.70,4.75,4.67,0.00,VMS 1,,Tanque,,1.08,1.62,1.26,0.96,2.73,2.92,3.60,1.75
21/12/2024 11:49 a. m.,Ordeño,10:11,19.19,2,,,,,0,,0.84,0.96,0.96,0.84,0,0,0,0,5.15,5.09,5.18,0.00,VMS 1,,Tanque,,1.20,1.32,1.32,1.14,4.79,4.95,6.42,3.03
21/12/2024 09:33 p. m.,Ordeño,09:06,15.18,3,,,,,0,,0.72,0.96,0.96,0.84,0,0,0,0,4.64,4.68,4.72,0.00,VMS 1,,Tanque,,1.02,1.32,1.50,1.14,3.75,3.87,5.21,2.35
22/12/2024 10:19 a. m.,Ordeño,10:24,17.41,1,,TD,TD,TD,0,,0.78,1.02,0.90,0.24,0,0,0,0,4.92,4.85,4.88,0.00,VMS 1,,Tanque,,1.14,1.32,1.56,0.54,5.11,5.30,6.94,0.06
22/12/2024 02:12 p. m.,Ordeño,07:50,8.57,2,,,,,0,,0.66,0.84,0.84,0.84,0,0,0,0,4.63,4.69,4.70,0.00,VMS 1,,Tanque,,1.08,1.38,1.20,1.20,1.44,1.43,1.84,3.86
22/12/2024 10:58 p. m.,Ordeño,09:44,13.91,3,,,,,0,,0.72,0.90,0.90,0.72,0,0,0,0,4.83,4.88,4.96,0.00,VMS 1,,Tanque,,1.08,1.20,1.26,1.08,3.41,3.62,4.70,2.18
23/12/2024 11:31 a. m.,Ordeño,10:34,21.40,1,,,,,0,,0.78,0.96,0.90,0.84,0,0,0,0,5.20,5.18,5.13,0.00,VMS 1,,Tanque,,1.32,1.44,1.26,1.32,5.61,5.49,7.06,3.24
23/12/2024 04:51 p. m.,Ordeño,07:08,8.24,2,,DD,,,0,,0.78,0.66,0.78,0.48,0,0,0,0,4.66,4.42,4.56,0.00,VMS 1,,Tanque,,1.14,1.08,1.20,0.90,2.17,2.11,2.76,1.20
24/12/2024 12:03 a. m.,Ordeño,07:14,11.13,1,,,,,0,,0.78,0.84,0.96,0.72,0,0,0,0,4.86,4.66,4.92,0.00,VMS 1,,Tanque,,1.14,1.32,1.32,1.02,2.81,2.92,3.64,1.76
24/12/2024 04:54 a. m.,Ordeño,06:04,7.16,2,,,,,0,,0.72,0.84,0.90,0.72,346,0,0,0,4.58,4.58,4.82,0.00,VMS 1,,Tanque,,1.14,1.32,1.26,1.08,1.77,1.87,2.34,1.18
24/12/2024 12:39 p. m.,Ordeño,07:01,12.13,3,,,,,0,,0.72,0.90,0.84,0.72,0,0,0,0,4.74,4.80,4.91,0.00,VMS 1,,Tanque,,1.02,1.32,1.20,1.02,2.99,3.15,3.99,2.00
24/12/2024 11:22 p. m.,Ordeño,08:16,15.12,4,,,,,0,,0.78,0.96,0.90,0.84,0,0,0,0,4.68,4.72,4.59,0.00,VMS 1,,Tanque,,1.20,1.44,1.26,1.14,3.67,4.06,4.95,2.44
25/12/2024 09:45 a. m.,Ordeño,09:39,15.72,1,,,,,0,,0.78,0.96,0.84,0.84,0,0,0,0,4.57,4.64,4.62,0.00,VMS 1,,Tanque,,1.20,1.44,1.26,1.14,4.01,4.02,5.17,2.52
25/12/2024 06:54 p. m.,Ordeño,07:22,12.44,2,,,,,0,,0.72,1.02,0.90,0.78,0,0,0,0,4.51,4.64,4.54,0.00,VMS 1,,Tanque,,1.02,1.44,1.20,1.14,3.08,3.27,4.12,1.97
26/12/2024 02:48 a. m.,Ordeño,07:22,11.46,1,,,,,0,,0.78,0.96,0.84,0.78,0,0,0,0,4.47,4.48,4.46,0.00,VMS 1,,Tanque,,1.20,1.50,1.20,1.20,2.80,3.01,3.78,1.87
26/12/2024 12:14 p. m.,Ordeño,07:54,13.71,2,,,,,0,,0.66,0.90,0.90,0.72,0,0,0,0,4.61,4.73,4.74,0.00,VMS 1,,Tanque,,0.96,1.32,1.26,1.02,3.40,3.56,4.56,2.19
26/12/2024 09:35 p. m.,Ordeño,07:47,13.31,3,,,,,0,,0.72,0.96,0.90,0.72,0,0,0,0,4.73,4.79,4.70,0.00,VMS 1,,Tanque,,1.08,1.38,1.32,1.02,3.30,3.50,4.36,2.15
27/12/2024 05:43 a. m.,Ordeño,07:41,11.58,1,,,,,0,,0.78,0.90,0.90,0.66,0,0,0,0,4.58,4.61,4.57,0.00,VMS 1,,Tanque,,1.14,1.38,1.32,1.02,2.87,2.98,3.91,1.82
27/12/2024 01:20 p. m.,Ordeño,07:09,10.89,2,,,,,0,,0.72,1.02,0.84,0.72,0,0,0,0,4.70,4.75,4.64,0.00,VMS 1,,Tanque,,1.08,1.44,1.44,1.02,2.68,2.74,3.79,1.68
27/12/2024 06:34 p. m.,Ordeño,07:43,6.99,3,,,,,0,,0.60,0.84,0.78,0.60,0,0,0,0,4.53,4.57,4.70,0.00,VMS 1,,Tanque,,0.96,1.26,1.08,0.90,1.70,1.86,2.29,1.14
28/12/2024 01:32 a. m.,Ordeño,07:17,10.46,1,,,,,0,,0.72,0.84,0.90,0.72,0,0,0,0,4.72,4.77,4.84,0.00,VMS 1,,Tanque,,1.26,1.20,1.20,1.08,2.62,2.71,3.48,1.65
28/12/2024 12:05 p. m.,Ordeño,08:46,15.97,2,,,,,0,,0.72,1.08,0.96,0.84,0,0,0,0,4.72,4.82,4.78,0.00,VMS 1,,Tanque,,1.14,1.32,1.32,1.14,3.98,4.12,5.33,2.54
29/12/2024 12:06 a. m.,Ordeño,08:41,17.09,1,,,,,0,,0.78,1.02,0.96,0.78,0,0,0,0,4.60,4.69,4.56,0.00,VMS 1,,Tanque,,1.20,1.38,1.56,1.08,4.22,4.40,5.72,2.75
29/12/2024 11:13 a. m.,Ordeño,08:36,15.01,2,,,,,0,,0.78,0.96,0.96,0.78,0,0,0,0,4.62,4.57,4.56,0.00,VMS 1,,Tanque,,1.26,1.32,1.32,1.14,3.63,3.94,5.12,2.32
29/12/2024 11:13 p. m.,Ordeño,10:29,16.96,3,,,,,0,,0.78,1.02,0.96,0.84,0,0,0,0,4.74,4.79,4.73,0.00,VMS 1,,Tanque,,1.20,1.50,1.32,1.20,4.26,4.36,5.66,2.68
30/12/2024 08:12 a. m.,Ordeño,07:45,13.20,1,,,,,0,,0.72,0.90,0.96,0.78,0,0,0,0,4.60,4.53,4.60,0.00,VMS 1,,Tanque,,1.08,1.32,1.26,1.08,3.31,3.50,4.34,2.05
30/12/2024 02:37 p. m.,Ordeño,06:57,9.66,2,,,,,0,,0.66,0.84,0.84,0.66,0,0,0,0,4.80,4.92,4.94,0.00,VMS 1,,Tanque,,1.08,1.20,1.26,1.08,2.35,2.56,3.19,1.56
31/12/2024 03:47 a. m.,Ordeño,08:55,20.12,1,,,,,0,,0.90,0.96,1.14,0.72,0,0,0,0,4.82,4.90,4.91,0.00,VMS 1,,Tanque,,1.26,1.32,1.56,1.08,4.87,5.32,6.81,3.12
31/12/2024 02:05 p. m.,Ordeño,09:38,15.81,2,,,,,0,,0.66,0.84,0.96,0.66,0,0,0,0,4.48,4.69,4.71,0.00,VMS 1,,Tanque,,1.38,1.32,1.26,1.20,3.99,4.15,5.31,2.36
31/12/2024 11:50 p. m.,Ordeño,08:00,14.12,3,,,,,0,,0.72,0.90,0.96,0.66,0,0,0,0,4.64,4.79,4.72,0.00,VMS 1,,Tanque,,1.08,1.26,1.32,1.02,3.55,3.67,4.71,2.19
01/01/2025 10:52 a. m.,Ordeño,08:57,16.72,1,,,,,0,,0.72,0.90,0.96,0.72,0,0,0,0,4.84,4.87,4.91,0.00,VMS 1,,Tanque,,1.14,1.32,1.32,1.08,4.16,4.33,5.61,2.62
01/01/2025 07:11 p. m.,Ordeño,07:15,11.47,2,,,,,0,,0.72,0.78,0.96,0.66,0,0,0,0,4.60,4.66,4.62,0.00,VMS 1,,Tanque,,1.14,1.14,1.32,0.96,2.76,2.98,3.90,1.83
02/01/2025 02:41 a. m.,Ordeño,07:33,12.15,1,,DI,,,0,,0.72,0.90,1.08,0.72,0,0,0,0,4.88,5.01,4.98,0.00,VMS 1,,Tanque,,1.08,1.26,1.68,1.08,3.00,3.20,4.06,1.89
02/01/2025 12:39 p. m.,Ordeño,09:53,15.84,2,,,,,0,,0.66,1.02,0.96,0.72,0,0,0,0,4.83,4.92,4.98,0.00,VMS 1,,Tanque,,1.14,1.62,1.32,1.02,3.89,4.09,5.30,2.56
02/01/2025 07:15 p. m.,Ordeño,07:35,9.35,3,,,,,0,,0.66,0.78,0.96,0.66,0,0,0,0,4.55,4.64,4.66,0.00,VMS 1,,Tanque,,1.02,1.20,1.32,0.96,2.30,2.45,3.18,1.42
03/01/2025 03:16 a. m.,Ordeño,08:02,13.19,1,,,,,0,,0.84,0.84,1.02,0.60,0,0,0,0,5.03,5.04,5.14,0.00,VMS 1,,Tanque,,1.26,1.26,1.32,1.02,3.26,3.40,4.44,2.09
03/01/2025 11:53 a. m.,Ordeño,08:48,14.34,2,,,,,0,,0.66,0.90,1.08,0.72,0,0,0,0,4.84,5.04,4.98,0.00,VMS 1,,Tanque,,1.14,1.26,1.38,1.02,3.47,3.80,4.90,2.17
03/01/2025 06:54 p. m.,Ordeño,12:47,9.90,3,,,,,0,,0.72,0.66,0.84,0.60,0,0,0,0,4.73,4.70,4.77,0.00,VMS 1,,Tanque,,1.14,1.08,1.26,0.84,2.47,2.51,3.33,1.59
04/01/2025 05:52 a. m.,Ordeño,09:15,16.28,1,,,,,0,,0.78,0.90,0.96,0.84,0,0,0,0,4.56,4.48,4.44,0.00,VMS 1,,Tanque,,1.26,1.32,1.32,1.38,3.99,4.34,5.41,2.54
04/01/2025 03:58 p. m.,Ordeño,08:41,13.63,2,,,,,0,,0.66,0.84,0.90,0.72,0,0,0,0,4.57,4.65,4.62,0.00,VMS 1,,Tanque,,1.08,1.32,1.20,1.08,3.33,3.56,4.57,2.17
05/01/2025 03:15 a. m.,Ordeño,08:42,14.33,1,,,,,0,,0.84,0.96,1.02,0.78,0,0,0,0,4.69,4.65,4.78,0.00,VMS 1,,Tanque,,1.32,1.44,1.38,1.20,3.57,3.73,4.91,2.12
05/01/2025 12:50 p. m.,Ordeño,09:30,14.06,2,,,,,0,,0.72,0.84,0.90,0.72,0,0,0,0,4.71,4.79,4.77,0.00,VMS 1,,Tanque,,1.14,1.20,1.32,1.02,3.57,3.60,4.68,2.21
06/01/2025 12:38 a. m.,Ordeño,08:45,15.68,1,,,,,0,,0.84,0.90,0.96,0.72,0,0,0,0,4.63,4.57,4.63,0.00,VMS 1,,Tanque,,1.32,1.32,1.32,1.02,3.96,4.16,5.30,2.26
06/01/2025 12:09 p. m.,Ordeño,09:29,18.46,2,,,,,0,,0.78,0.84,0.96,0.72,0,0,0,0,4.95,4.91,5.01,0.00,VMS 1,,Tanque,,1.38,1.20,1.38,1.08,4.80,4.72,6.13,2.81
07/01/2025 02:40 a. m.,Ordeño,11:15,21.70,1,,,,,0,,0.78,0.96,0.96,0.84,0,0,0,0,4.74,4.79,4.84,0.00,VMS 1,,Tanque,,1.20,1.44,1.38,1.32,5.31,5.63,7.34,3.42
07/01/2025 03:07 p. m.,Ordeño,09:59,18.99,2,,,,,0,,0.78,0.90,0.90,0.72,0,0,0,0,4.72,4.70,4.85,0.00,VMS 1,,Tanque,,1.32,1.44,1.32,1.02,4.87,4.95,6.24,2.93
07/01/2025 09:52 p. m.,Ordeño,06:49,8.59,3,,,,,0,,0.72,1.02,0.84,0.66,0,0,0,0,4.43,4.53,4.44,0.00,VMS 1,,Tanque,,1.02,1.44,1.20,0.96,2.14,2.22,2.95,1.28
08/01/2025 06:28 a. m.,Ordeño,08:55,12.68,1,,,,,0,,0.78,0.90,0.90,0.72,0,0,0,0,4.82,4.99,4.86,0.00,VMS 1,,Tanque,,1.38,1.32,1.26,1.14,3.16,3.38,4.16,1.98
08/01/2025 04:09 p. m.,Ordeño,08:08,14.89,2,,DI,,,0,,0.72,0.96,1.02,0.84,0,0,0,0,5.02,4.98,4.99,0.00,VMS 1,,Tanque,,1.20,1.38,1.44,1.26,3.71,3.83,5.06,2.29
09/01/2025 12:13 a. m.,Ordeño,07:09,11.87,1,,,,,0,,0.78,0.90,0.90,0.72,0,0,0,0,4.69,4.72,4.72,0.00,VMS 1,,Tanque,,1.20,1.32,1.26,1.02,2.88,3.12,3.98,1.89
09/01/2025 11:33 a. m.,Ordeño,09:06,16.61,2,,,,,0,,0.72,1.02,1.02,0.78,0,0,0,0,5.01,5.11,4.99,0.00,VMS 1,,Tanque,,1.26,1.44,1.50,1.20,4.15,4.20,5.57,2.69
09/01/2025 11:54 p. m.,Ordeño,09:08,17.49,1,,,,,0,,0.78,0.96,0.96,0.78,0,0,0,0,4.82,4.86,4.85,0.00,VMS 1,,Tanque,,1.44,1.38,1.26,1.20,4.32,4.46,5.92,2.79
10/01/2025 07:24 a. m.,Ordeño,07:18,11.02,2,,,,,0,,0.84,0.90,0.96,0.72,0,0,0,0,4.74,4.65,4.84,0.00,VMS 1,,Tanque,,1.20,1.26,1.32,1.02,2.76,2.83,3.70,1.73
10/01/2025 05:39 p. m.,Ordeño,07:26,14.01,3,,,,,0,,0.78,0.96,1.02,0.72,0,0,0,0,4.80,4.78,4.70,0.00,VMS 1,,Tanque,,1.20,1.44,1.32,1.02,3.37,3.62,4.82,2.20
11/01/2025 02:07 a. m.,Ordeño,07:25,11.61,1,,,,,0,,0.84,0.78,0.90,0.78,0,0,0,0,4.67,4.57,4.80,0.00,VMS 1,,Tanque,,1.38,1.20,1.32,1.14,2.79,3.06,3.89,1.87
11/01/2025 10:57 a. m.,Ordeño,07:28,13.26,2,,,,,0,,0.90,0.78,0.90,0.66,0,0,0,0,4.79,4.82,4.96,0.00,VMS 1,,Tanque,,1.32,1.26,1.32,1.02,3.27,3.43,4.45,2.11
11/01/2025 07:32 p. m.,Ordeño,07:57,11.56,3,,,,,0,,0.78,0.90,0.96,0.66,0,0,0,0,5.07,4.95,5.02,0.00,VMS 1,,Tanque,,1.20,1.38,1.32,1.08,2.84,3.01,3.93,1.78
12/01/2025 02:11 a. m.,Ordeño,07:54,10.18,1,,,,,0,,0.72,0.90,0.90,0.66,0,0,0,0,4.64,4.77,4.75,0.00,VMS 1,,Tanque,,1.20,1.26,1.38,0.96,2.48,2.60,3.42,1.68
12/01/2025 07:48 a. m.,Ordeño,08:05,7.89,2,,,,,0,,0.72,0.90,0.90,0.66,0,0,0,0,4.49,4.63,4.58,0.00,VMS 1,,Tanque,,1.38,1.32,1.32,0.90,1.97,1.99,2.66,1.27
12/01/2025 07:29 p. m.,Ordeño,09:14,16.28,3,,,,,0,,0.78,0.84,0.90,0.72,0,0,0,0,4.69,4.77,4.74,0.00,VMS 1,,Tanque,,1.26,1.26,1.26,1.08,4.01,4.18,5.55,2.54
13/01/2025 03:38 a. m.,Ordeño,07:22,12.06,1,,,,,0,,0.78,0.78,1.02,0.66,0,0,0,0,4.68,4.65,4.87,0.00,VMS 1,,Tanque,,1.14,1.26,1.68,0.96,2.92,3.07,4.13,1.94
13/01/2025 03:22 p. m.,Ordeño,09:56,18.06,2,,,,,0,,0.66,0.90,0.90,0.72,0,0,0,0,4.72,4.83,4.86,0.00,VMS 1,,Tanque,,1.20,1.38,1.26,1.08,4.41,4.59,6.26,2.80
13/01/2025 10:42 p. m.,Ordeño,07:03,9.90,3,,,,,0,,0.66,0.78,0.90,0.72,0,0,0,0,4.40,4.49,4.51,0.00,VMS 1,,Tanque,,1.08,1.20,1.32,1.08,2.39,2.57,3.31,1.63
14/01/2025 07:13 a. m.,Ordeño,07:20,12.47,1,,,,,0,,0.72,0.84,0.90,0.72,0,0,0,0,4.73,4.67,4.68,0.00,VMS 1,,Tanque,,1.08,1.38,1.38,1.08,3.06,3.25,4.15,2.01
14/01/2025 09:30 p. m.,Ordeño,11:41,19.62,2,,,,,0,,0.72,0.90,0.90,0.78,0,0,0,0,4.60,4.69,4.72,0.00,VMS 1,,Tanque,,1.14,1.38,1.32,1.26,4.90,5.05,6.74,2.93
15/01/2025 10:41 a. m.,Ordeño,14:09,14.96,1,,TD,TD,,0,,0.72,0.96,1.02,0.84,0,0,0,0,4.47,4.60,0.00,4.36,VMS 1,,Tanque,,1.26,1.44,2.94,1.44,3.94,4.13,6.36,0.53
15/01/2025 10:33 p. m.,Ordeño,17:13,16.42,2,,,,,0,,0.78,0.96,1.02,0.78,0,0,0,0,4.47,4.50,4.58,0.00,VMS 1,,Tanque,,1.56,1.38,1.38,1.56,3.88,2.54,5.44,4.56
16/01/2025 07:02 a. m.,Ordeño,07:10,10.12,1,,,,,0,,0.78,0.96,0.96,0.66,0,0,0,0,4.21,4.40,4.32,0.00,VMS 1,,Tanque,,1.26,1.32,1.26,1.14,2.66,2.63,3.38,1.45
16/01/2025 04:30 p. m.,Ordeño,08:43,13.63,2,,,,,0,,0.72,0.90,0.96,0.66,0,0,0,0,4.82,5.05,5.01,0.00,VMS 1,,Tanque,,1.20,1.26,1.38,1.02,3.38,3.67,4.77,1.81
16/01/2025 09:55 p. m.,Ordeño,06:49,8.05,3,,,,,0,,0.66,1.02,0.84,0.60,0,0,0,0,4.95,5.11,5.21,0.00,VMS 1,,Tanque,,1.08,1.62,1.20,1.02,2.01,2.18,2.76,1.10
17/01/2025 08:54 a. m.,Ordeño,09:09,16.82,1,,,,,0,,0.84,0.96,1.02,0.72,0,0,0,0,5.05,5.08,5.14,0.00,VMS 1,,Tanque,,1.20,1.44,1.44,1.08,4.25,4.53,5.55,2.49
17/01/2025 06:00 p. m.,Ordeño,07:46,13.20,2,,,,,0,,0.66,0.96,0.96,0.72,0,0,0,0,4.68,4.94,4.92,0.00,VMS 1,,Tanque,,1.14,1.32,1.38,1.14,3.23,3.48,4.59,1.90
18/01/2025 03:37 a. m.,Ordeño,08:24,15.09,1,,,,,0,,0.84,0.90,1.08,0.78,0,0,0,0,4.89,4.99,5.08,0.00,VMS 1,,Tanque,,1.20,1.38,1.44,1.32,3.84,3.93,5.10,2.22
18/01/2025 11:41 a. m.,Ordeño,07:56,12.59,2,,,,,0,,0.72,0.96,0.90,0.72,0,0,0,0,4.75,4.94,5.02,0.00,VMS 1,,Tanque,,1.14,1.38,1.26,1.08,3.12,3.31,4.19,1.97
18/01/2025 09:08 p. m.,Ordeño,08:51,14.10,3,,,,,0,,0.78,0.90,1.02,0.72,0,0,0,0,4.72,4.89,4.85,0.00,VMS 1,,Tanque,,1.32,1.38,1.56,1.20,3.56,3.65,4.86,2.03
19/01/2025 09:18 a. m.,Ordeño,09:41,19.30,1,,,,,0,,0.78,1.08,1.08,0.78,0,0,0,0,4.75,5.04,4.98,0.00,VMS 1,,Tanque,,1.38,1.44,1.68,1.20,4.82,4.95,6.59,2.94
19/01/2025 04:57 p. m.,Ordeño,06:59,11.09,2,,,,,0,,0.66,0.90,0.90,0.72,0,0,0,0,4.57,4.74,4.74,0.00,VMS 1,,Tanque,,1.14,1.38,1.26,1.14,2.71,2.88,3.78,1.72
20/01/2025 05:30 a. m.,Ordeño,09:11,19.95,1,,,,,0,,0.84,0.96,1.14,0.84,0,0,0,0,4.81,4.88,4.92,0.00,VMS 1,,Tanque,,1.32,1.44,1.50,1.32,4.92,5.15,6.66,3.22
20/01/2025 10:04 p. m.,Ordeño,10:48,19.64,2,,TD,TD,,0,,0.78,1.08,1.02,0.72,0,0,0,0,4.48,4.60,4.56,0.00,VMS 1,,Tanque,,1.32,1.56,1.56,1.50,5.63,6.01,7.49,0.51
21/01/2025 05:40 a. m.,Ordeño,07:41,13.45,1,,,,,0,,0.66,0.84,0.84,0.84,0,0,0,0,4.51,4.67,4.64,0.00,VMS 1,,Tanque,,0.96,1.32,1.26,1.38,2.69,2.86,3.70,4.20
21/01/2025 01:57 p. m.,Ordeño,09:03,12.58,2,,,,,0,,0.66,1.02,0.96,0.72,0,0,0,0,5.09,5.05,5.04,0.00,VMS 1,,Tanque,,1.02,1.38,1.26,1.20,3.29,3.33,4.40,1.56
22/01/2025 02:38 a. m.,Ordeño,09:56,18.70,1,,TI,,,0,,0.84,1.20,1.08,0.78,0,0,0,0,4.81,4.87,4.84,0.00,VMS 1,,Tanque,,1.26,1.62,1.56,1.20,4.90,5.01,6.26,2.53
22/01/2025 11:54 a. m.,Ordeño,08:31,14.56,2,,,,,0,,0.72,1.02,1.02,0.78,0,0,0,0,4.72,4.74,4.81,0.00,VMS 1,,Tanque,,1.14,1.50,1.50,1.32,3.55,3.84,5.19,1.98
22/01/2025 04:47 p. m.,Ordeño,10:28,7.07,3,,,,,0,,0.60,0.84,0.84,0.54,0,0,0,0,4.79,4.93,4.94,0.00,VMS 1,,Tanque,,0.96,1.20,1.20,0.90,1.82,1.85,2.40,1.00
22/01/2025 11:38 p. m.,Ordeño,14:12,9.95,4,,,,,0,,0.66,1.02,0.78,0.72,0,0,0,0,4.98,5.02,5.02,0.00,VMS 1,,Tanque,,1.02,1.50,1.20,1.08,2.58,2.75,1.67,2.95
23/01/2025 10:17 a. m.,Ordeño,08:55,18.10,1,,,,,0,,0.84,1.08,1.02,0.78,0,0,0,0,5.09,5.14,5.05,0.00,VMS 1,,Tanque,,1.20,1.68,1.50,1.26,4.39,4.86,6.33,2.52
23/01/2025 10:48 p. m.,Ordeño,12:05,20.93,2,,,,,0,,0.84,1.20,1.14,0.84,0,0,0,0,4.97,5.00,5.04,0.00,VMS 1,,Tanque,,1.50,1.74,1.56,1.26,5.24,5.71,6.84,3.14
24/01/2025 08:31 a. m.,Ordeño,09:27,15.78,1,,,,,0,,0.78,1.14,1.08,0.78,0,0,0,0,4.51,4.66,4.65,0.00,VMS 1,,Tanque,,1.20,1.56,1.62,1.20,3.91,4.14,5.27,2.46
24/01/2025 06:55 p. m.,Ordeño,08:21,14.29,2,,,,,0,,0.66,1.02,0.96,0.66,0,0,0,0,4.59,4.65,4.69,0.00,VMS 1,,Tanque,,1.02,1.50,1.32,1.08,3.48,3.85,4.79,2.17
25/01/2025 03:09 a. m.,Ordeño,09:05,13.60,1,,,,,0,,0.84,1.02,0.96,0.72,0,0,0,0,4.86,4.82,4.82,0.00,VMS 1,,Tanque,,1.26,1.56,1.32,1.14,3.29,3.65,4.48,2.18
25/01/2025 04:58 p. m.,Ordeño,09:43,19.84,2,,,,,0,,0.78,1.02,0.96,0.78,0,0,0,0,4.81,4.92,4.55,0.00,VMS 1,,Tanque,,1.14,1.44,1.32,1.26,4.95,5.35,6.50,3.04
26/01/2025 02:42 a. m.,Ordeño,12:21,12.04,1,,,,,0,,0.66,0.90,0.90,0.72,0,0,0,0,4.42,4.43,4.21,0.00,VMS 1,,Tanque,,1.26,1.32,1.26,1.14,2.84,3.22,4.00,1.98
26/01/2025 08:25 a. m.,Ordeño,13:25,8.22,2,,,,,0,,0.60,0.90,0.84,0.54,0,0,0,0,4.48,4.57,4.49,0.00,VMS 1,,Tanque,,1.08,1.32,1.20,0.90,2.12,2.20,2.62,1.28
26/01/2025 03:18 p. m.,Ordeño,08:01,11.16,3,,,,,0,,0.78,0.90,0.90,0.66,0,0,0,0,4.83,4.88,4.90,0.00,VMS 1,,Tanque,,1.20,1.38,1.32,1.02,2.73,2.95,3.89,1.59
27/01/2025 05:37 a. m.,Ordeño,10:20,22.42,1,,,,,0,,0.84,0.90,1.20,0.84,0,0,0,0,4.77,4.66,4.78,0.00,VMS 1,,Tanque,,1.26,1.38,1.80,1.26,5.45,6.04,7.34,3.59
27/01/2025 02:24 p. m.,Ordeño,09:07,12.56,2,,,,,0,,0.66,1.02,0.90,0.72,0,0,0,0,4.55,4.53,4.52,0.00,VMS 1,,Tanque,,1.02,1.38,1.26,1.14,3.09,3.33,4.25,1.89
27/01/2025 07:56 p. m.,Ordeño,13:19,6.34,3,,,TI,TI,0,,0.66,0.90,0.00,0.84,0,0,0,0,4.23,4.25,0.00,0.00,VMS 1,,Tanque,,1.02,1.32,0.00,1.26,1.91,2.00,0.00,2.43
28/01/2025 12:46 a. m.,Ordeño,09:50,9.08,1,,,,,0,,0.78,0.90,0.96,0.72,0,0,0,0,4.56,4.59,4.58,0.00,VMS 1,,Tanque,,1.32,1.32,1.26,1.20,1.99,2.04,2.61,2.44
28/01/2025 12:57 p. m.,Ordeño,14:18,17.05,2,,,,TD,0,,0.78,0.96,1.02,0.00,0,0,0,0,4.50,4.54,4.63,0.00,VMS 1,,Tanque,,1.14,1.56,1.38,0.00,4.39,6.84,5.82,0.00
28/01/2025 09:05 p. m.,Ordeño,08:27,10.86,3,,,,,0,,0.66,0.84,0.96,0.66,0,0,0,0,4.22,4.20,4.31,0.00,VMS 1,,Tanque,,1.08,1.56,1.32,1.08,2.59,2.70,3.58,1.99
29/01/2025 03:57 a. m.,Ordeño,08:39,8.36,1,,,TD,TD,0,,0.78,0.90,0.96,0.00,0,0,0,0,4.54,4.54,4.65,0.00,VMS 1,,Tanque,,1.26,1.38,1.44,0.00,2.42,2.69,3.25,0.00
29/01/2025 03:29 p. m.,Ordeño,10:01,19.41,2,,,,,0,,0.78,0.90,0.96,0.72,0,0,0,0,5.12,5.14,5.28,0.00,VMS 1,,Tanque,,1.44,1.50,1.38,1.32,4.69,4.85,6.04,3.83
30/01/2025 01:31 a. m.,Ordeño,08:35,14.18,1,,,,,0,,0.66,1.02,0.96,0.72,0,0,0,0,4.74,4.80,4.80,0.00,VMS 1,,Tanque,,1.08,1.44,1.20,1.02,3.55,3.89,4.84,1.90
30/01/2025 01:45 p. m.,Ordeño,09:50,19.50,2,,,,,0,,0.84,1.02,1.02,0.78,0,0,0,0,5.03,5.03,5.08,0.00,VMS 1,,Tanque,,1.50,1.56,1.44,1.20,4.79,5.53,6.28,2.90
30/01/2025 11:55 p. m.,Ordeño,07:53,15.31,1,,,,,0,,0.84,1.02,1.08,0.84,0,0,0,0,4.77,4.76,4.73,0.00,VMS 1,,Tanque,,1.32,1.44,1.44,1.26,3.78,4.13,5.26,2.14
31/01/2025 05:33 a. m.,Ordeño,05:59,9.01,2,,,,,0,,0.84,0.90,1.02,0.72,0,0,0,0,4.90,4.78,4.86,0.00,VMS 1,,Tanque,,1.26,1.44,1.44,1.20,2.25,2.51,3.13,1.12
31/01/2025 01:30 p. m.,Ordeño,07:45,12.95,3,,,,,0,,0.72,1.08,0.96,0.78,0,309,0,0,5.02,4.97,5.09,0.00,VMS 1,,Tanque,,1.20,1.44,1.32,1.26,3.22,3.41,4.33,1.99
01/02/2025 05:32 a. m.,Ordeño,10:05,21.77,1,,,,,0,,0.78,1.08,0.96,0.90,0,0,0,0,5.01,5.08,4.99,0.00,VMS 1,,Tanque,,1.26,1.68,1.44,1.32,5.37,5.86,7.27,3.27
01/02/2025 03:40 p. m.,Ordeño,07:09,11.64,2,,,,,0,,0.78,1.02,0.96,0.78,0,0,0,0,4.47,4.56,4.37,0.00,VMS 1,,Tanque,,1.20,1.50,1.20,1.14,2.85,3.19,3.92,1.68
02/02/2025 01:50 a. m.,Ordeño,08:46,14.67,1,,,,,0,,0.78,1.02,0.96,0.78,0,0,0,0,5.00,5.01,4.93,0.00,VMS 1,,Tanque,,1.20,1.44,1.38,1.14,3.63,3.99,4.87,2.18
02/02/2025 11:40 a. m.,Ordeño,10:11,14.27,2,,,,,0,,0.78,0.90,0.90,0.66,0,0,0,0,4.58,4.68,4.73,0.00,VMS 1,,Tanque,,1.20,1.32,1.26,1.14,3.57,3.76,4.71,2.23
03/02/2025 01:30 a. m.,Ordeño,10:13,20.87,1,,,,,0,,0.84,1.02,1.08,0.72,0,0,0,0,4.99,4.88,4.93,0.00,VMS 1,,Tanque,,1.26,1.50,1.50,1.14,5.22,5.68,6.92,3.05
03/02/2025 09:51 a. m.,Ordeño,07:40,12.49,2,,,,,0,,0.78,0.84,0.90,0.66,0,0,0,0,4.79,4.66,4.75,0.00,VMS 1,,Tanque,,1.26,1.32,1.32,1.02,2.97,3.30,4.24,1.98
03/02/2025 07:17 p. m.,Ordeño,08:45,15.40,3,,,,,0,,0.72,0.96,0.96,0.60,0,0,0,0,5.07,5.16,5.12,0.00,VMS 1,,Tanque,,1.20,1.44,1.32,1.14,3.82,4.12,5.14,2.32
04/02/2025 02:27 a. m.,Ordeño,06:56,11.53,1,,,,,0,,0.72,1.02,0.96,0.66,0,0,0,0,4.87,4.94,4.93,0.00,VMS 1,,Tanque,,1.20,1.62,1.32,1.02,2.90,3.14,3.80,1.69
04/02/2025 09:46 a. m.,Ordeño,08:03,10.92,2,,,,,0,,0.66,0.96,0.84,0.60,0,0,0,0,4.80,4.79,4.81,0.00,VMS 1,,Tanque,,1.08,1.38,1.32,0.96,2.60,2.88,3.68,1.76
04/02/2025 09:15 p. m.,Ordeño,09:35,18.08,3,,,,,0,,0.84,1.02,1.08,0.78,0,0,0,0,4.94,4.80,4.93,0.00,VMS 1,,Tanque,,1.20,1.44,1.50,1.26,4.38,4.65,6.22,2.83
05/02/2025 09:57 a. m.,Ordeño,10:18,21.24,1,,,,,0,,0.78,1.08,1.02,0.90,0,0,0,0,4.93,5.12,5.15,0.00,VMS 1,,Tanque,,1.32,1.68,1.38,1.32,5.26,5.57,7.22,3.19
05/02/2025 10:12 p. m.,Ordeño,09:34,19.62,2,,,,,0,,0.84,1.08,1.02,0.78,0,0,0,0,4.73,4.73,4.81,0.00,VMS 1,,Tanque,,1.50,1.44,1.38,1.08,4.84,5.08,6.62,3.08
06/02/2025 07:04 a. m.,Ordeño,08:06,15.98,1,,,,,0,,0.90,0.96,1.02,0.78,0,0,0,0,4.92,4.93,4.90,0.00,VMS 1,,Tanque,,1.32,1.38,1.38,1.08,3.96,4.27,5.23,2.52
06/02/2025 04:41 p. m.,Ordeño,08:43,16.84,2,,,,,0,,0.72,1.02,0.96,0.66,0,0,0,0,5.04,5.19,5.24,0.00,VMS 1,,Tanque,,1.14,1.44,1.38,0.96,4.11,4.47,5.73,2.53
07/02/2025 01:24 a. m.,Ordeño,08:19,14.66,1,,,,,0,,0.72,1.02,0.90,0.72,0,0,0,0,4.79,4.99,4.89,0.00,VMS 1,,Tanque,,1.14,1.38,1.32,1.20,3.71,4.02,4.87,2.06
07/02/2025 10:43 a. m.,Ordeño,08:25,15.44,2,,,,,0,,0.72,1.08,1.02,0.78,0,0,0,0,4.79,4.85,4.97,0.00,VMS 1,,Tanque,,1.08,1.50,1.38,1.20,3.80,4.07,5.22,2.35
07/02/2025 06:10 p. m.,Ordeño,07:20,12.76,3,,,,,0,,0.72,0.96,0.96,0.72,0,0,0,0,4.93,5.07,4.95,0.00,VMS 1,,Tanque,,1.14,1.32,1.38,1.02,3.15,3.36,4.27,1.98
08/02/2025 07:34 a. m.,Ordeño,09:12,20.51,1,,,,,0,,0.96,1.14,1.14,0.84,0,0,0,0,4.95,4.98,4.94,0.00,VMS 1,,Tanque,,1.32,1.56,1.86,1.32,4.97,5.61,6.60,3.33
08/02/2025 03:12 p. m.,Ordeño,06:25,12.08,2,,,,,0,,0.84,0.96,1.02,0.72,0,0,0,0,4.81,4.80,4.87,0.00,VMS 1,,Tanque,,1.20,1.44,1.32,0.96,2.93,3.28,4.06,1.81
09/02/2025 01:20 a. m.,Ordeño,09:38,16.82,1,,,,,0,,0.84,1.20,0.96,0.72,0,0,0,0,5.10,4.99,5.05,0.00,VMS 1,,Tanque,,1.26,1.56,1.38,1.20,4.12,4.45,5.77,2.48
09/02/2025 10:09 a. m.,Ordeño,08:06,13.92,2,,TD,,,0,,0.72,1.02,0.96,0.72,0,0,0,0,4.82,4.82,4.78,0.00,VMS 1,,Tanque,,1.20,1.38,1.56,1.38,3.47,3.87,4.87,1.71
09/02/2025 04:32 p. m.,Ordeño,06:24,10.64,3,,,,,0,,0.72,0.96,0.96,0.72,0,0,0,0,4.87,5.00,4.94,0.00,VMS 1,,Tanque,,1.14,1.32,1.20,0.96,2.46,2.68,3.46,2.04
10/02/2025 03:20 a. m.,Ordeño,10:13,18.36,1,,,,,0,,0.90,1.02,1.02,0.72,0,0,0,0,5.17,5.11,5.20,0.00,VMS 1,,Tanque,,1.44,1.38,1.38,1.14,4.40,4.95,6.13,2.88
10/02/2025 12:11 p. m.,Ordeño,07:51,13.49,2,,,,,0,,0.72,0.90,0.84,0.66,0,0,0,0,4.75,4.69,4.70,0.00,VMS 1,,Tanque,,1.20,1.32,1.32,1.08,3.33,3.68,4.42,2.06
10/02/2025 06:11 p. m.,Ordeño,10:27,8.74,3,,,,,0,,0.72,0.96,0.90,0.48,0,0,0,0,4.36,4.70,4.68,0.00,VMS 1,,Tanque,,1.32,1.56,1.32,0.84,2.24,2.27,2.93,1.30
11/02/2025 12:33 a. m.,Ordeño,06:19,10.31,1,,,,,0,,0.78,0.96,0.90,0.66,0,0,0,0,4.95,4.84,4.95,0.00,VMS 1,,Tanque,,1.44,1.38,1.32,1.08,2.54,2.65,3.58,1.54
11/02/2025 05:53 a. m.,Ordeño,07:21,9.03,2,,,,,0,,0.90,0.90,0.90,0.60,0,0,0,0,5.14,5.11,5.22,0.00,VMS 1,,Tanque,,1.38,1.32,1.26,1.02,2.19,2.43,3.07,1.34
11/02/2025 06:55 p. m.,Ordeño,06:21,6.82,3,,,Todos,,0,,0.72,0.84,0.84,0.60,0,0,0,0,4.55,4.49,4.63,0.00,VMS 1,,Tanque,,1.14,1.14,1.32,0.96,1.73,1.79,2.31,0.99
12/02/2025 05:28 a. m.,Ordeño,09:49,16.27,1,,,,,0,,0.78,0.96,0.96,0.78,0,0,0,0,4.73,4.78,4.76,0.00,VMS 1,,Tanque,,1.20,1.50,1.32,1.26,4.07,4.25,5.40,2.55
12/02/2025 12:03 p. m.,Ordeño,06:10,9.62,2,,,,,0,,0.78,0.90,0.96,0.66,0,0,0,0,4.53,4.59,4.62,0.00,VMS 1,,Tanque,,1.20,1.38,1.44,1.08,2.42,2.61,3.27,1.32
12/02/2025 06:00 p. m.,Ordeño,06:01,9.21,3,,,,,0,,0.72,0.96,0.96,0.72,0,0,0,0,4.72,4.79,4.83,0.00,VMS 1,,Tanque,,1.14,1.44,1.38,1.08,2.31,2.48,3.09,1.33
13/02/2025 05:03 a. m.,Ordeño,10:17,18.94,1,,,,,0,,0.90,1.08,0.96,0.84,0,333,0,0,5.12,5.15,5.14,0.00,VMS 1,,Tanque,,1.32,1.56,1.38,1.26,4.65,4.98,6.15,3.16
13/02/2025 02:05 p. m.,Ordeño,07:59,15.41,2,,,,,0,,0.84,1.02,0.96,0.78,0,0,0,0,4.93,4.98,4.97,0.00,VMS 1,,Tanque,,1.20,1.50,1.50,1.14,3.77,4.12,5.15,2.37
14/02/2025 01:17 a. m.,Ordeño,09:25,18.84,1,,,,,0,,0.90,1.14,1.08,0.84,0,0,0,0,4.95,4.98,5.01,0.00,VMS 1,,Tanque,,1.26,1.62,1.56,1.26,4.61,5.04,6.35,2.84
14/02/2025 01:30 p. m.,Ordeño,08:36,17.17,2,,TI,,,0,,0.90,1.08,1.08,0.72,0,339,0,0,4.61,4.63,4.76,0.00,VMS 1,,Tanque,,1.26,1.44,1.62,1.14,4.26,4.55,5.72,2.64
14/02/2025 06:53 p. m.,Ordeño,05:25,6.26,3,,,,,0,,0.72,0.84,1.02,0.66,0,0,0,0,4.34,4.37,4.42,0.00,VMS 1,,Tanque,,1.08,1.32,1.44,1.14,1.61,1.65,2.13,0.87
15/02/2025 06:06 a. m.,Ordeño,09:40,18.21,1,,,,,0,,0.72,1.08,1.02,0.90,0,0,0,0,4.92,5.11,5.04,0.00,VMS 1,,Tanque,,1.20,1.50,1.50,1.32,4.63,4.73,6.11,2.74
15/02/2025 03:49 p. m.,Ordeño,06:29,11.89,2,,,,,0,,0.96,1.02,1.02,0.78,0,0,0,0,4.92,4.98,5.04,0.00,VMS 1,,Tanque,,1.38,1.44,1.38,1.32,2.84,3.18,4.04,1.83
15/02/2025 10:58 p. m.,Ordeño,05:48,7.30,3,,,,,0,,0.78,0.96,0.96,0.72,0,0,0,0,4.40,4.49,4.58,0.00,VMS 1,,Tanque,,1.08,1.38,1.26,1.14,1.68,1.98,2.37,1.27
16/02/2025 08:53 a. m.,Ordeño,07:12,11.25,1,,,,,0,,0.84,1.02,0.90,0.78,0,0,0,0,4.26,4.23,4.38,0.00,VMS 1,,Tanque,,1.20,1.50,1.26,1.14,2.70,3.01,3.82,1.72
16/02/2025 03:27 p. m.,Ordeño,06:32,7.27,2,,,,,0,,0.72,0.84,0.90,0.72,0,0,0,0,4.27,4.38,4.43,0.00,VMS 1,,Tanque,,1.44,1.20,1.38,1.08,1.82,1.95,2.43,1.07
17/02/2025 12:14 a. m.,Ordeño,07:57,12.31,1,,,,,0,,0.78,1.08,1.08,0.84,0,0,0,0,4.73,4.79,4.89,0.00,VMS 1,,Tanque,,1.20,1.62,1.50,1.32,3.08,3.23,4.15,1.85
17/02/2025 01:46 p. m.,Ordeño,10:20,19.52,2,,,,,0,,0.84,1.14,0.96,0.84,0,0,0,0,5.05,5.07,5.22,0.00,VMS 1,,Tanque,,1.38,1.62,1.32,1.20,4.82,5.23,6.44,3.03
17/02/2025 10:23 p. m.,Ordeño,06:52,10.23,3,,,,,0,,0.72,0.90,0.96,0.72,0,0,0,0,4.46,4.48,4.46,0.00,VMS 1,,Tanque,,1.14,1.32,1.32,1.02,2.52,2.66,3.55,1.50
18/02/2025 08:48 a. m.,Ordeño,08:09,15.76,1,,,,,0,,0.78,1.20,1.02,0.84,0,0,0,0,5.19,5.28,5.27,0.00,VMS 1,,Tanque,,1.20,1.68,1.44,1.20,4.03,4.09,5.24,2.40
18/02/2025 04:29 p. m.,Ordeño,07:14,11.39,2,,,,,0,,0.72,0.96,0.96,0.78,0,0,0,0,5.06,5.28,5.27,0.00,VMS 1,,Tanque,,1.08,1.38,1.38,1.20,2.82,2.99,3.81,1.77
19/02/2025 01:37 a. m.,Ordeño,08:56,15.15,1,,,,,0,,0.84,1.08,0.96,0.78,0,0,0,0,5.41,5.49,5.39,0.00,VMS 1,,Tanque,,1.20,1.74,1.32,1.20,3.62,3.97,5.22,2.34
19/02/2025 12:01 p. m.,Ordeño,09:15,16.87,2,,,,,0,,0.72,1.08,0.90,0.72,0,0,0,0,5.19,5.30,5.06,0.00,VMS 1,,Tanque,,1.20,1.62,1.56,1.02,4.18,4.54,5.66,2.49
19/02/2025 10:22 p. m.,Ordeño,09:43,16.91,3,,,,,0,,0.78,1.14,0.96,0.78,0,0,0,0,5.04,5.23,5.21,0.00,VMS 1,,Tanque,,1.32,1.62,1.44,1.20,4.30,4.37,5.76,2.48
20/02/2025 08:47 a. m.,Ordeño,08:48,17.39,1,,,,,0,,1.02,1.02,1.08,0.72,0,0,0,0,5.10,5.17,5.07,0.00,VMS 1,,Tanque,,1.44,1.56,1.56,1.08,4.22,4.60,5.86,2.71
20/02/2025 03:30 p. m.,Ordeño,06:43,10.57,2,,,,,0,,0.78,0.96,0.84,0.72,0,0,0,0,4.92,5.03,4.79,0.00,VMS 1,,Tanque,,1.20,1.38,1.32,1.14,2.57,2.91,3.45,1.64
20/02/2025 10:54 p. m.,Ordeño,06:17,11.89,3,,,,,0,,0.84,0.96,1.08,0.72,0,0,0,0,4.78,5.03,4.99,0.00,VMS 1,,Tanque,,1.32,1.44,1.56,1.14,2.88,3.14,4.00,1.87
21/02/2025 08:06 a. m.,Ordeño,08:23,15.01,1,,,,,0,,0.84,1.02,1.08,0.72,0,0,0,0,4.98,5.08,5.08,0.00,VMS 1,,Tanque,,1.38,1.44,1.50,1.02,3.62,3.97,5.05,2.37
21/02/2025 02:26 p. m.,Ordeño,06:39,9.27,2,,,,,0,,0.78,0.90,0.96,0.72,0,0,0,0,4.84,4.89,4.94,0.00,VMS 1,,Tanque,,1.26,1.32,1.32,1.14,2.25,2.40,3.12,1.50
22/02/2025 12:43 a. m.,Ordeño,08:07,17.03,2,,,,,0,,0.90,1.14,1.08,0.78,0,0,0,0,5.06,5.15,5.13,0.00,VMS 1,,Tanque,,1.32,1.62,1.44,1.14,4.21,4.49,5.70,2.63
22/02/2025 07:39 a. m.,Ordeño,07:25,10.24,1,,,,,0,,0.72,1.02,0.96,0.72,0,0,0,0,4.60,4.81,4.80,0.00,VMS 1,,Tanque,,1.20,1.56,1.32,1.08,2.53,2.72,3.40,1.59
22/02/2025 05:08 p. m.,Ordeño,08:14,14.68,3,,,,,0,,0.84,0.96,0.96,0.72,0,0,0,0,4.98,5.07,5.09,0.00,VMS 1,,Tanque,,1.38,1.38,1.44,1.02,3.50,3.91,5.00,2.27
23/02/2025 03:32 a. m.,Ordeño,08:03,16.25,1,,,,,0,,0.84,1.08,1.02,0.78,0,0,0,0,4.77,4.87,4.96,0.00,VMS 1,,Tanque,,1.32,1.50,1.32,1.20,3.90,4.31,5.29,2.75
23/02/2025 11:35 a. m.,Ordeño,08:42,12.73,2,,,,,0,,0.78,1.14,0.96,0.66,0,0,0,0,4.83,4.91,4.87,0.00,VMS 1,,Tanque,,1.38,1.56,1.26,1.08,3.11,3.36,4.30,1.96
23/02/2025 07:37 p. m.,Ordeño,06:41,10.81,3,,,,,0,,0.78,1.02,0.96,0.72,0,0,0,0,4.51,4.68,4.61,0.00,VMS 1,,Tanque,,1.20,1.50,1.32,1.08,2.67,2.87,3.70,1.57
24/02/2025 08:41 a. m.,Ordeño,12:43,12.72,1,,,TI,TI,0,,0.84,1.20,0.00,0.84,0,0,0,0,4.92,4.89,0.00,0.00,VMS 1,,Tanque,,1.26,1.68,0.00,1.14,4.59,5.16,0.00,2.97
24/02/2025 04:35 p. m.,Ordeño,09:48,16.65,2,,,,,0,,0.84,1.08,1.08,0.84,0,0,0,0,4.72,5.01,4.94,0.00,VMS 1,,Tanque,,1.38,1.56,1.50,1.26,3.51,3.36,7.75,2.03
25/02/2025 02:16 a. m.,Ordeño,08:27,15.89,1,,,,,0,,0.90,1.02,1.02,0.78,0,0,0,0,4.86,5.02,4.53,0.00,VMS 1,,Tanque,,1.32,1.44,1.38,1.14,3.97,4.53,4.79,2.60
25/02/2025 02:25 p. m.,Ordeño,09:00,18.00,2,,,,,0,,0.84,1.08,0.84,0.66,0,0,0,0,4.78,4.81,4.62,0.00,VMS 1,,Tanque,,1.26,1.50,1.26,1.08,4.60,5.19,5.25,2.96
25/02/2025 10:36 p. m.,Ordeño,06:45,11.54,3,,,,,0,,0.78,1.08,0.90,0.72,0,0,0,0,4.73,4.81,4.80,0.00,VMS 1,,Tanque,,1.32,1.62,1.32,1.08,2.79,3.21,3.55,1.99
26/02/2025 09:17 a. m.,Ordeño,08:51,17.08,1,,,,,0,,0.84,1.08,0.90,0.78,0,0,0,0,4.91,5.02,5.14,0.00,VMS 1,,Tanque,,1.20,1.56,1.26,1.20,4.34,4.65,5.37,2.72
26/02/2025 04:54 p. m.,Ordeño,06:47,10.84,2,,,,,0,,0.72,1.08,0.90,0.72,0,0,0,0,4.78,4.82,4.94,0.00,VMS 1,,Tanque,,1.08,1.50,1.44,1.14,2.77,3.05,3.40,1.62
27/02/2025 02:20 a. m.,Ordeño,08:03,14.68,1,,,,,0,,0.78,1.14,0.96,0.78,0,0,0,0,4.78,4.88,4.94,0.00,VMS 1,,Tanque,,1.14,1.56,1.50,1.08,3.59,4.04,4.66,2.39
27/02/2025 02:30 p. m.,Ordeño,10:03,19.94,2,,,,,0,,0.78,1.14,1.02,0.84,0,0,0,0,5.11,5.21,5.42,0.00,VMS 1,,Tanque,,1.38,1.56,1.44,1.20,5.07,5.19,6.66,3.02
28/02/2025 12:24 a. m.,Ordeño,08:41,16.22,1,,,,,0,,0.84,1.20,1.14,0.90,0,0,0,0,4.77,4.74,4.96,0.00,VMS 1,,Tanque,,1.26,1.62,1.56,1.26,4.07,4.30,5.28,2.57
28/02/2025 08:36 a. m.,Ordeño,07:23,13.85,2,,,,,0,,0.78,1.20,0.96,0.84,0,0,0,0,4.91,4.99,4.91,0.00,VMS 1,,Tanque,,1.26,1.56,1.44,1.20,3.42,3.66,4.60,2.17
28/02/2025 05:36 p. m.,Ordeño,07:46,13.76,3,,,,,0,,0.78,1.20,1.02,0.84,0,0,0,0,4.91,5.00,5.17,0.00,VMS 1,,Tanque,,1.14,1.56,1.44,1.20,3.44,3.62,4.61,2.09
28/02/2025 11:21 p. m.,Ordeño,06:16,9.38,4,,,,,0,,0.78,1.08,0.96,0.72,0,306,0,0,4.77,4.80,4.90,0.00,VMS 1,,Tanque,,1.20,1.56,1.32,0.96,2.20,2.58,3.17,1.43
01/03/2025 10:28 a. m.,Ordeño,09:49,18.54,1,,,,,0,,0.84,1.14,1.02,0.84,0,0,0,0,5.03,4.93,5.11,0.00,VMS 1,,Tanque,,1.26,1.62,1.32,1.20,4.51,5.02,6.16,2.85
01/03/2025 11:52 p. m.,Ordeño,09:01,20.18,1,,,,,0,,0.90,1.08,1.08,0.84,0,0,0,0,4.67,4.67,4.79,0.00,VMS 1,,Tanque,,1.38,1.56,1.44,1.38,5.05,5.35,6.79,2.99
02/03/2025 06:14 a. m.,Ordeño,06:09,10.11,2,,,,,0,,0.78,1.02,0.96,0.78,0,0,0,0,4.46,4.43,4.52,0.00,VMS 1,,Tanque,,1.20,1.44,1.44,1.14,2.47,2.72,3.32,1.60
02/03/2025 01:42 p. m.,Ordeño,07:30,13.04,3,,,,,0,,0.72,1.08,0.96,0.78,0,0,0,0,5.04,5.04,5.20,0.00,VMS 1,,Tanque,,1.02,1.56,1.26,1.08,3.26,3.43,4.32,2.03
03/03/2025 01:21 a. m.,Ordeño,12:07,16.03,1,,,TD,TD,0,,0.78,1.20,1.02,0.00,0,0,0,0,4.94,4.84,5.02,0.00,VMS 1,,Tanque,,1.38,1.62,1.92,0.00,4.39,5.34,6.30,0.00
03/03/2025 10:57 a. m.,Ordeño,09:17,20.13,2,,,,,0,,0.84,1.08,1.02,0.78,0,0,0,0,4.58,4.73,4.83,0.00,VMS 1,,Tanque,,1.20,1.62,1.50,1.32,4.68,4.82,6.20,4.43
03/03/2025 06:41 p. m.,Ordeño,09:21,12.02,3,,,,,0,,0.78,0.84,0.84,0.66,0,0,0,0,4.46,4.52,4.56,0.00,VMS 1,,Tanque,,1.14,1.26,1.20,1.08,3.03,3.41,4.15,1.43
04/03/2025 01:39 a. m.,Ordeño,06:45,11.19,1,,,,,0,,0.78,0.90,0.90,0.66,0,323,0,0,4.65,4.61,4.41,0.00,VMS 1,,Tanque,,1.08,1.38,1.38,1.02,2.77,3.05,3.90,1.47
04/03/2025 09:18 a. m.,Ordeño,07:31,13.58,2,,,,,0,,0.78,1.02,0.96,0.72,0,0,0,0,4.77,4.81,4.89,0.00,VMS 1,,Tanque,,1.14,1.44,1.56,1.08,3.36,3.69,4.63,1.90
04/03/2025 06:23 p. m.,Ordeño,07:55,15.26,3,,,,,0,,0.84,1.02,0.96,0.78,0,0,0,0,4.82,4.74,4.84,0.00,VMS 1,,Tanque,,1.20,1.62,1.50,1.08,3.73,4.09,5.14,2.30
05/03/2025 01:18 a. m.,Ordeño,06:22,10.16,1,,,,,0,,0.78,1.02,0.90,0.72,0,0,0,0,4.43,4.47,4.49,0.00,VMS 1,,Tanque,,1.14,1.50,1.56,1.32,2.47,2.73,3.54,1.42
05/03/2025 07:59 a. m.,Ordeño,06:52,11.43,2,,,,,0,,0.72,1.08,0.96,0.72,0,0,0,0,4.63,4.61,4.76,0.00,VMS 1,,Tanque,,1.08,1.50,1.32,1.08,2.79,3.11,3.88,1.65
05/03/2025 05:18 p. m.,Ordeño,08:01,15.41,3,,,,,0,,0.90,0.96,0.96,0.72,0,0,0,0,4.74,4.70,4.76,0.00,VMS 1,,Tanque,,1.26,1.50,1.32,1.14,3.69,4.28,5.19,2.25
06/03/2025 07:10 a. m.,Ordeño,12:08,18.16,1,,,TD,TD,0,,0.96,1.26,1.08,0.00,0,0,0,0,4.67,4.44,4.62,0.00,VMS 1,,Tanque,,1.56,1.74,1.56,0.00,5.36,5.27,7.53,0.00
06/03/2025 06:04 p. m.,Ordeño,08:11,19.11,2,,DI,,,0,,0.90,0.96,1.02,0.84,0,0,0,0,4.20,4.26,4.34,0.00,VMS 1,,Tanque,,1.56,1.44,1.32,1.26,4.21,4.41,5.67,4.82
07/03/2025 02:50 a. m.,Ordeño,07:53,11.12,1,,,TD,,0,,0.78,1.02,0.90,0.66,0,0,0,0,3.99,4.06,4.14,0.00,VMS 1,,Tanque,,1.32,1.50,1.38,1.08,2.86,3.24,4.09,0.93
07/03/2025 08:49 a. m.,Ordeño,05:56,8.19,2,,,TD,,0,,0.72,0.96,0.90,0.54,0,0,0,0,4.27,4.19,4.27,0.00,VMS 1,,Tanque,,1.08,1.26,1.38,0.90,2.14,2.45,2.90,0.70
07/03/2025 03:57 p. m.,Ordeño,06:06,8.81,3,,,,,0,,0.72,0.84,0.96,0.66,0,0,0,0,4.24,4.25,4.31,0.00,VMS 1,,Tanque,,1.08,1.26,1.44,1.14,2.21,2.53,3.10,0.97
08/03/2025 01:09 a. m.,Ordeño,07:23,13.96,1,,,,,0,,0.78,1.02,1.02,0.78,0,0,0,0,4.39,4.41,4.40,0.00,VMS 1,,Tanque,,1.20,1.44,1.44,1.20,3.51,3.86,4.90,1.69
08/03/2025 11:13 a. m.,Ordeño,08:06,16.15,2,,,,,0,,0.84,1.08,0.96,0.84,0,0,0,0,4.50,4.54,4.63,0.00,VMS 1,,Tanque,,1.26,1.50,1.50,1.32,4.09,4.43,5.45,2.18
08/03/2025 06:56 p. m.,Ordeño,06:44,12.26,3,,,,,0,,0.90,0.90,1.02,0.72,0,0,0,0,4.23,4.22,4.35,0.00,VMS 1,,Tanque,,1.32,1.26,1.50,1.08,3.01,3.40,4.22,1.63
09/03/2025 03:02 a. m.,Ordeño,07:09,14.30,1,,,,,0,,0.84,1.02,1.02,0.78,0,0,0,0,4.51,4.56,4.59,0.00,VMS 1,,Tanque,,1.26,1.38,1.50,1.26,3.48,3.86,4.88,2.08
09/03/2025 12:00 p. m.,Ordeño,08:46,16.32,2,,,,,0,,0.84,1.20,0.90,0.78,0,0,0,0,4.30,4.56,4.34,0.00,VMS 1,,Tanque,,1.26,1.62,1.26,1.14,4.09,4.29,5.56,2.38
09/03/2025 10:31 p. m.,Ordeño,09:48,16.94,3,,,,,0,,0.84,1.08,0.96,0.72,0,0,0,0,4.19,4.15,4.32,0.00,VMS 1,,Tanque,,1.20,1.62,1.38,1.14,4.03,4.59,5.77,2.55
10/03/2025 10:08 a. m.,Ordeño,08:48,19.69,1,,,,,0,,0.90,1.14,1.14,0.78,0,0,0,0,4.26,4.22,4.32,0.00,VMS 1,,Tanque,,1.20,1.56,1.56,1.26,4.82,5.23,6.73,2.91
10/03/2025 06:01 p. m.,Ordeño,09:04,12.69,2,,,,,0,,0.84,0.96,1.02,0.60,0,0,0,0,4.13,4.10,4.16,0.00,VMS 1,,Tanque,,1.32,1.50,1.44,1.14,3.18,3.37,4.30,1.84
11/03/2025 01:44 a. m.,Ordeño,07:50,11.99,1,,,,,0,,0.84,0.96,1.02,0.72,0,0,0,0,4.06,4.03,4.17,0.00,VMS 1,,Tanque,,1.20,1.50,1.38,1.20,3.03,3.09,4.12,1.75
11/03/2025 10:01 a. m.,Ordeño,07:08,13.24,2,,,,,0,,0.90,0.96,1.08,0.72,0,0,0,0,4.12,4.11,4.16,0.00,VMS 1,,Tanque,,1.20,1.62,1.50,1.08,3.28,3.51,4.46,1.99
11/03/2025 04:35 p. m.,Ordeño,06:59,9.54,3,,,,,0,,0.72,1.02,0.96,0.60,0,0,0,0,4.12,4.24,4.24,0.00,VMS 1,,Tanque,,1.08,1.38,1.38,1.02,2.33,2.63,3.16,1.42
11/03/2025 11:47 p. m.,Ordeño,06:41,10.06,4,,,TD,TD,0,,0.78,1.02,1.02,0.00,0,0,0,0,4.00,4.05,4.08,0.00,VMS 1,,Tanque,,1.20,1.44,1.38,0.00,2.89,3.19,3.98,0.00
12/03/2025 01:41 p. m.,Ordeño,09:23,20.19,1,,,,,0,,0.84,1.02,1.08,0.84,303,374,0,0,4.14,4.16,4.16,0.00,VMS 1,,Tanque,,1.44,1.68,1.44,1.26,4.62,4.96,6.42,4.19
12/03/2025 07:05 p. m.,Ordeño,05:17,5.01,2,,,,,0,,0.78,0.90,0.90,0.54,0,0,0,0,3.60,3.64,3.68,0.00,VMS 1,,Tanque,,1.14,1.44,1.32,0.96,1.27,1.43,1.71,0.60
13/03/2025 01:12 a. m.,Ordeño,06:17,7.28,1,,,,,0,,0.78,0.90,1.08,0.60,0,0,0,0,4.06,4.02,4.04,0.00,VMS 1,,Tanque,,1.38,1.26,1.44,0.96,1.85,2.05,2.55,0.83
13/03/2025 11:34 a. m.,Ordeño,07:44,16.28,2,,,,,0,,0.90,1.14,1.14,0.78,0,0,0,0,4.74,4.73,4.87,0.00,VMS 1,,Tanque,,1.20,1.56,1.50,1.20,3.88,4.46,5.64,2.30
13/03/2025 06:57 p. m.,Ordeño,06:33,12.48,3,,,,,0,,0.90,1.02,1.02,0.78,0,0,0,0,4.63,4.64,4.73,0.00,VMS 1,,Tanque,,1.20,1.44,1.38,1.20,3.12,3.33,4.24,1.79
14/03/2025 01:06 a. m.,Ordeño,05:58,8.84,1,,,,,0,,0.90,0.96,0.96,0.60,0,0,0,0,4.44,4.43,4.46,0.00,VMS 1,,Tanque,,1.26,1.38,1.38,1.02,2.27,2.35,3.09,1.13
14/03/2025 10:37 a. m.,Ordeño,07:03,15.06,2,,,,,0,,0.90,1.08,1.08,0.78,0,0,0,0,4.57,4.57,4.59,0.00,VMS 1,,Tanque,,1.32,1.50,1.44,1.26,3.69,4.02,5.12,2.23
14/03/2025 10:36 p. m.,Ordeño,09:15,17.82,3,,DI,,,0,,0.96,1.08,1.02,0.84,0,0,0,0,4.65,4.64,4.72,0.00,VMS 1,,Tanque,,1.38,1.56,1.44,1.32,4.41,4.83,6.01,2.57
15/03/2025 05:03 a. m.,Ordeño,06:19,9.58,1,,,,,0,,0.84,0.96,1.02,0.84,0,0,0,0,4.12,4.22,4.33,0.00,VMS 1,,Tanque,,1.44,1.38,1.50,1.38,2.36,2.50,3.25,1.47
15/03/2025 01:51 p. m.,Ordeño,07:29,13.27,2,,,,,0,,0.90,0.90,0.96,0.66,0,0,0,0,4.35,4.21,4.44,0.00,VMS 1,,Tanque,,1.44,1.32,1.32,0.96,3.23,3.65,4.45,1.94
15/03/2025 07:40 p. m.,Ordeño,05:22,8.20,3,,,,,0,,0.90,0.90,1.02,0.78,0,0,0,0,4.48,4.41,4.30,0.00,VMS 1,,Tanque,,1.32,1.26,1.38,1.14,2.05,2.21,2.79,1.15
16/03/2025 03:32 a. m.,Ordeño,07:05,12.49,1,,,,,0,,0.84,1.14,1.08,0.84,0,0,0,0,4.66,4.62,4.72,0.00,VMS 1,,Tanque,,1.32,1.56,1.50,1.26,2.96,3.38,4.25,1.90
16/03/2025 10:13 a. m.,Ordeño,07:59,9.37,2,,,TD,TD,0,,0.84,0.72,0.90,0.00,0,0,0,0,4.38,4.09,4.46,0.00,VMS 1,,Tanque,,1.32,1.50,1.32,0.00,2.73,2.93,3.71,0.00
16/03/2025 05:54 p. m.,Ordeño,06:28,13.40,3,,,,,0,,0.78,1.02,1.08,0.84,0,0,0,0,4.46,4.48,4.59,0.00,VMS 1,,Tanque,,1.32,1.50,1.44,1.26,2.85,3.13,4.02,3.40
17/03/2025 01:23 a. m.,Ordeño,06:22,10.13,1,,,,,0,,0.84,0.96,1.02,0.78,0,0,0,0,4.19,4.23,4.31,0.00,VMS 1,,Tanque,,1.20,1.44,1.44,1.08,2.42,2.73,3.44,1.54
17/03/2025 11:27 a. m.,Ordeño,07:11,14.44,2,,,,,0,,0.96,1.02,1.08,0.78,0,0,0,0,4.32,4.35,4.47,0.00,VMS 1,,Tanque,,1.44,1.50,1.50,1.08,3.55,3.87,4.91,2.11
17/03/2025 06:29 p. m.,Ordeño,07:21,10.09,3,,,,,0,,0.84,0.96,0.84,0.66,0,0,0,0,4.40,4.37,3.96,0.00,VMS 1,,Tanque,,1.32,1.38,1.26,0.96,2.58,2.80,3.24,1.47
18/03/2025 01:57 a. m.,Ordeño,06:55,11.13,1,,DI,,,0,,0.72,1.08,1.02,0.72,0,0,0,0,4.35,4.49,4.56,0.00,VMS 1,,Tanque,,1.44,1.62,1.26,1.20,2.62,3.02,3.73,1.76
18/03/2025 09:16 a. m.,Ordeño,07:08,10.67,2,,,,,0,,0.72,1.02,0.96,0.72,0,0,0,0,4.21,4.25,4.41,0.00,VMS 1,,Tanque,,1.08,1.50,1.38,1.14,2.72,2.87,3.55,1.53
18/03/2025 06:26 p. m.,Ordeño,08:00,14.03,3,,,,,0,,0.72,1.14,0.84,0.60,0,0,0,0,4.63,4.62,4.56,0.00,VMS 1,,Tanque,,1.14,1.56,1.38,0.96,3.53,3.87,4.74,1.89
19/03/2025 06:19 a. m.,Ordeño,09:02,20.50,1,,,,,0,,0.84,1.20,1.38,0.84,0,0,0,0,4.42,4.43,4.54,0.00,VMS 1,,Tanque,,1.38,1.68,1.98,1.26,4.44,4.87,8.32,2.87
19/03/2025 01:47 p. m.,Ordeño,06:32,10.19,2,,,,,0,,0.78,1.08,0.96,0.66,0,0,0,0,4.22,4.37,4.42,0.00,VMS 1,,Tanque,,1.20,1.56,1.26,1.02,2.42,2.73,3.55,1.49
20/03/2025 12:38 a. m.,Ordeño,09:17,18.26,1,,,,,0,,0.90,1.20,1.08,0.84,0,0,0,0,4.43,4.50,4.54,0.00,VMS 1,,Tanque,,1.50,1.62,1.56,1.26,4.33,4.84,6.30,2.79
20/03/2025 08:55 a. m.,Ordeño,07:37,13.84,2,,,,,0,,0.84,1.08,1.02,0.78,0,0,0,0,4.48,4.50,4.49,0.00,VMS 1,,Tanque,,1.50,1.50,1.50,1.20,3.24,3.70,4.78,2.12
20/03/2025 04:21 p. m.,Ordeño,08:29,12.22,3,,,,,0,,0.72,1.02,0.78,0.72,0,0,0,0,4.47,4.42,4.11,0.00,VMS 1,,Tanque,,1.26,1.44,1.20,1.02,3.00,3.36,4.15,1.71
21/03/2025 03:05 a. m.,Ordeño,08:59,17.54,1,,,,,0,,0.78,1.14,1.02,0.78,0,0,0,0,4.47,4.48,4.59,0.00,VMS 1,,Tanque,,1.26,1.62,1.56,1.20,4.27,4.61,6.11,2.55
21/03/2025 11:13 a. m.,Ordeño,08:23,12.42,2,,,,,0,,0.78,1.08,1.02,0.72,0,0,0,0,4.24,4.36,4.40,0.00,VMS 1,,Tanque,,1.26,1.50,1.56,1.02,2.97,3.29,4.34,1.82
21/03/2025 06:44 p. m.,Ordeño,06:51,11.81,3,,,,,0,,0.72,1.08,1.02,0.72,0,0,0,0,4.30,4.50,4.60,0.00,VMS 1,,Tanque,,1.20,1.50,1.56,1.20,2.82,3.16,4.13,1.70
22/03/2025 01:11 a. m.,Ordeño,07:20,10.19,1,,,,,0,,0.72,1.02,0.96,0.66,0,0,0,0,4.43,4.48,4.56,0.00,VMS 1,,Tanque,,1.32,1.50,1.44,0.96,2.39,2.77,3.48,1.55
22/03/2025 10:18 a. m.,Ordeño,08:05,15.27,2,,,,,0,,0.78,1.14,1.02,0.72,0,0,0,0,4.63,4.62,4.82,0.00,VMS 1,,Tanque,,1.32,1.56,1.50,1.14,3.57,4.18,5.33,2.19
22/03/2025 03:53 p. m.,Ordeño,07:01,8.46,3,,,,,0,,0.72,0.96,1.02,0.60,0,0,0,0,4.43,4.62,4.75,0.00,VMS 1,,Tanque,,1.14,1.32,1.44,0.96,2.00,2.29,3.00,1.17
22/03/2025 11:46 p. m.,Ordeño,07:12,14.15,4,,,,,0,,0.84,1.08,1.14,0.72,0,0,0,0,4.58,4.62,4.74,0.00,VMS 1,,Tanque,,1.26,1.44,1.56,1.20,3.30,3.70,5.05,2.10
23/03/2025 06:28 a. m.,Ordeño,08:42,11.56,1,,,,,0,,0.84,1.02,1.20,0.66,0,0,0,0,4.73,4.62,4.79,0.00,VMS 1,,Tanque,,1.32,1.50,1.68,1.14,2.67,3.17,4.00,1.72
23/03/2025 02:50 p. m.,Ordeño,08:50,14.78,2,,,,,0,,0.66,1.02,1.08,0.72,0,0,0,0,4.60,4.68,4.85,0.00,VMS 1,,Tanque,,1.02,1.38,1.44,1.02,3.51,3.90,5.18,2.19
24/03/2025 12:26 a. m.,Ordeño,08:52,15.46,1,,,,,0,,0.78,1.02,1.02,0.78,0,0,0,0,4.41,4.48,4.58,0.00,VMS 1,,Tanque,,1.32,1.50,1.38,1.14,3.68,4.07,5.40,2.31
24/03/2025 08:25 a. m.,Ordeño,11:12,13.16,2,,,,,0,,0.84,1.14,1.14,0.60,0,0,0,0,4.27,4.35,4.45,0.00,VMS 1,,Tanque,,1.38,1.56,1.56,0.96,3.00,3.51,4.67,1.98
24/03/2025 03:20 p. m.,Ordeño,06:52,10.24,3,,,,,0,,0.78,0.96,1.02,0.66,0,0,0,0,4.32,4.42,4.46,0.00,VMS 1,,Tanque,,1.20,1.44,1.38,1.02,2.45,2.74,3.72,1.33
24/03/2025 11:15 p. m.,Ordeño,07:42,12.25,4,,,,,0,,0.90,1.02,1.08,0.78,0,0,0,0,4.34,4.40,4.39,0.00,VMS 1,,Tanque,,1.32,1.56,1.38,1.14,2.96,3.20,4.24,1.85
25/03/2025 08:28 a. m.,Ordeño,08:00,15.63,1,,,,,0,,0.84,1.20,1.08,0.72,0,0,0,0,4.69,4.72,4.32,0.00,VMS 1,,Tanque,,1.32,1.68,1.74,1.14,3.77,4.13,5.43,2.30
25/03/2025 03:42 p. m.,Ordeño,07:39,12.20,2,,,,,0,,0.72,1.02,1.02,0.72,0,0,0,0,4.75,4.85,4.74,0.00,VMS 1,,Tanque,,1.26,1.38,1.38,1.14,3.02,3.18,4.23,1.77
25/03/2025 09:50 p. m.,Ordeño,07:07,10.40,3,,,,,0,,0.78,1.14,0.96,0.78,0,0,0,0,4.41,4.60,4.46,0.00,VMS 1,,Tanque,,1.14,1.68,1.44,1.26,2.50,2.82,3.43,1.65
26/03/2025 06:41 a. m.,Ordeño,07:54,14.58,1,,,,,0,,0.78,1.14,1.02,0.78,0,0,0,0,4.69,4.78,4.80,0.00,VMS 1,,Tanque,,1.14,1.50,1.44,1.20,3.59,3.92,4.89,2.18
26/03/2025 03:36 p. m.,Ordeño,07:38,14.32,2,,,,,0,,0.78,1.08,1.08,0.78,0,0,0,0,4.53,4.49,4.64,0.00,VMS 1,,Tanque,,1.20,1.50,1.44,1.08,3.47,3.78,4.91,2.16
27/03/2025 02:53 a. m.,Ordeño,10:22,18.85,1,,,,,0,,0.78,1.14,1.02,0.78,0,0,0,0,4.72,4.69,4.73,0.00,VMS 1,,Tanque,,1.26,1.68,1.38,1.26,4.50,5.11,6.40,2.84
27/03/2025 08:35 a. m.,Ordeño,06:41,8.57,2,,,,,0,,0.78,0.96,0.96,0.66,0,0,0,0,4.32,4.29,4.39,0.00,VMS 1,,Tanque,,1.26,1.32,1.32,1.02,2.09,2.30,2.88,1.30
27/03/2025 06:22 p. m.,Ordeño,07:54,14.89,3,,,,,0,,0.84,1.14,1.02,0.78,0,0,0,0,4.69,4.69,4.62,0.00,VMS 1,,Tanque,,1.20,1.62,1.44,1.14,3.60,4.05,5.13,2.11
28/03/2025 02:36 a. m.,Ordeño,07:43,14.69,1,,,,,0,,0.84,1.02,1.02,0.72,0,0,0,0,4.69,4.64,4.74,0.00,VMS 1,,Tanque,,1.38,1.38,1.38,1.14,3.57,3.91,5.06,2.15
28/03/2025 02:05 p. m.,Ordeño,08:54,18.52,2,,,,,0,,0.78,1.14,1.02,0.78,0,0,0,0,4.58,4.70,4.73,0.00,VMS 1,,Tanque,,1.20,1.56,1.38,1.26,4.54,4.89,6.33,2.76
28/03/2025 11:16 p. m.,Ordeño,06:59,12.00,3,,,,,0,,0.84,1.02,1.02,0.72,0,339,0,0,4.19,4.29,4.25,0.00,VMS 1,,Tanque,,1.26,1.44,1.26,1.20,2.96,3.21,4.07,1.76
29/03/2025 05:36 a. m.,Ordeño,06:11,10.84,1,,,,,0,,0.78,0.96,0.96,0.72,0,0,0,0,4.46,4.43,4.45,0.00,VMS 1,,Tanque,,1.14,1.32,1.20,1.44,2.54,2.98,3.61,1.71
29/03/2025 04:17 p. m.,Ordeño,08:03,17.24,2,,,,,0,,0.84,1.14,1.08,0.84,0,0,0,0,4.91,4.97,4.99,0.00,VMS 1,,Tanque,,1.26,1.68,1.38,1.38,4.21,4.60,5.88,2.55
30/03/2025 01:30 a. m.,Ordeño,07:26,13.83,1,,,,,0,,0.84,1.02,1.02,0.78,0,0,0,0,4.25,4.30,4.31,0.00,VMS 1,,Tanque,,1.26,1.38,1.38,1.08,3.36,3.68,4.66,2.13
30/03/2025 12:23 p. m.,Ordeño,07:48,16.38,2,,,,,0,,0.90,1.02,1.08,0.72,0,0,0,0,4.58,4.50,4.59,0.00,VMS 1,,Tanque,,1.32,1.50,1.44,1.02,4.11,4.36,5.58,2.33
30/03/2025 06:14 p. m.,Ordeño,05:27,7.18,3,,,,,0,,0.78,0.96,1.02,0.54,0,492,0,0,4.51,4.51,4.51,0.00,VMS 1,,Tanque,,1.14,1.44,1.38,0.90,1.77,1.92,2.44,1.05
31/03/2025 03:15 a. m.,Ordeño,07:43,14.45,1,,,,,0,,0.84,1.14,1.14,0.84,0,0,0,0,4.72,4.63,4.79,0.00,VMS 1,,Tanque,,1.20,1.62,1.56,1.26,3.55,3.85,4.89,2.16
31/03/2025 10:11 a. m.,Ordeño,06:25,11.02,2,,,,,0,,0.78,1.08,1.08,0.72,0,0,0,0,4.85,4.91,4.98,0.00,VMS 1,,Tanque,,1.14,1.56,1.44,1.08,2.78,2.96,3.68,1.60
31/03/2025 04:11 p. m.,Ordeño,05:46,9.39,3,,,,,0,,0.84,0.96,1.02,0.72,0,0,0,0,4.79,4.70,4.78,0.00,VMS 1,,Tanque,,1.26,1.38,1.38,1.14,2.30,2.58,3.16,1.35
01/04/2025 12:23 a. m.,Ordeño,06:54,12.50,1,,,,,0,,0.78,1.08,1.02,0.60,0,0,0,0,4.65,4.76,4.72,0.00,VMS 1,,Tanque,,1.26,1.50,1.44,0.96,3.06,3.31,4.27,1.86
01/04/2025 08:22 a. m.,Ordeño,08:16,14.09,2,,,,,0,,0.90,1.02,1.02,0.72,0,0,0,0,5.00,4.84,4.97,0.00,VMS 1,,Tanque,,1.32,1.44,1.38,1.14,3.45,3.81,4.80,2.03
01/04/2025 09:55 p. m.,Ordeño,09:32,21.53,3,,,,,0,,0.96,1.08,1.14,0.78,0,0,0,0,4.93,4.99,4.82,0.00,VMS 1,,Tanque,,1.44,1.56,1.62,1.20,5.30,5.73,7.16,3.34
02/04/2025 05:03 a. m.,Ordeño,08:57,12.36,1,,,,,0,,0.84,1.02,1.02,0.78,0,301,0,0,4.40,4.44,4.36,0.00,VMS 1,,Tanque,,1.44,1.56,1.44,1.14,3.07,3.15,4.23,1.91
02/04/2025 12:30 p. m.,Ordeño,07:39,9.42,2,,,DD,DD,0,,0.84,0.00,1.02,0.78,0,0,0,0,4.87,0.00,4.87,0.00,VMS 1,,Tanque,,1.26,0.00,1.74,1.14,3.18,0.00,4.39,1.85
02/04/2025 07:07 p. m.,Ordeño,16:15,9.98,3,,,TD,TD,0,,0.90,0.96,0.84,0.00,0,377,0,0,4.63,4.77,4.60,0.00,VMS 1,,Tanque,,1.26,1.50,1.20,0.00,2.00,5.21,2.77,0.00
03/04/2025 11:44 a. m.,Ordeño,09:15,26.13,1,,DD,,,0,,0.96,1.20,1.08,0.90,0,0,0,0,4.90,4.49,4.88,0.00,VMS 1,,Tanque,,1.50,1.92,1.38,1.32,6.37,6.71,8.23,4.82
03/04/2025 07:33 p. m.,Ordeño,07:17,10.21,2,,,,,0,,0.84,0.90,0.90,0.66,0,0,0,0,4.42,4.22,4.49,0.00,VMS 1,,Tanque,,1.20,1.44,1.32,1.02,2.78,2.50,3.74,1.19
04/04/2025 03:13 a. m.,Ordeño,06:12,11.04,1,,,,,0,,0.84,0.84,0.84,0.48,0,0,0,0,4.60,4.24,4.57,0.00,VMS 1,,Tanque,,1.32,1.32,1.26,0.78,2.88,2.74,3.99,1.43
04/04/2025 11:19 a. m.,Ordeño,07:26,13.04,2,,,,,0,,0.84,0.90,0.96,0.72,0,0,0,0,4.88,4.77,4.89,0.00,VMS 1,,Tanque,,1.20,1.32,1.38,1.14,3.34,3.17,4.57,1.96
04/04/2025 05:31 p. m.,Ordeño,06:17,9.10,3,,,,,0,,0.90,0.90,1.02,0.66,0,0,0,0,4.87,4.72,4.96,0.00,VMS 1,,Tanque,,1.50,1.26,1.38,1.08,2.29,2.42,3.22,1.17
05/04/2025 12:19 a. m.,Ordeño,06:14,10.17,1,,,,,0,,0.78,1.08,1.02,0.78,0,0,0,0,4.81,4.99,5.01,0.00,VMS 1,,Tanque,,1.14,1.44,1.38,1.26,2.51,2.63,3.50,1.53
05/04/2025 06:50 a. m.,Ordeño,06:38,11.08,2,,,,,0,,0.78,1.08,0.96,0.72,0,0,0,0,5.01,5.13,5.14,0.00,VMS 1,,Tanque,,1.26,1.50,1.32,1.08,2.79,2.81,3.91,1.57
05/04/2025 03:06 p. m.,Ordeño,07:26,12.77,3,,,,,0,,0.96,1.02,0.90,0.78,0,0,0,0,5.08,5.06,4.73,0.00,VMS 1,,Tanque,,1.86,1.50,1.32,1.08,2.95,3.41,4.52,1.89
05/04/2025 09:37 p. m.,Ordeño,06:21,10.08,4,,DD,,,0,,0.90,1.02,1.02,0.78,0,0,0,0,4.88,4.85,4.94,0.00,VMS 1,,Tanque,,1.38,1.62,1.44,1.08,2.61,2.30,3.62,1.55
06/04/2025 10:32 a. m.,Ordeño,09:14,21.06,1,,,,,0,,0.96,1.14,1.08,0.72,0,0,0,0,4.75,4.98,4.94,0.00,VMS 1,,Tanque,,1.44,1.68,1.62,1.20,5.06,5.95,7.06,2.99
06/04/2025 06:25 p. m.,Ordeño,07:09,11.52,2,,DD,,,0,,0.84,1.02,1.02,0.78,0,0,0,0,4.26,4.52,4.63,0.00,VMS 1,,Tanque,,1.62,1.80,1.44,1.14,2.89,2.89,4.03,1.71
07/04/2025 12:00 a. m.,Ordeño,06:11,9.22,1,,,,,0,,0.84,1.08,0.96,0.72,0,0,0,0,4.76,4.91,4.86,0.00,VMS 1,,Tanque,,1.26,1.44,1.32,1.08,2.14,2.52,3.19,1.37
07/04/2025 10:06 a. m.,Ordeño,07:44,16.43,2,,,,,0,,0.90,1.26,1.20,0.84,0,0,0,0,4.75,4.88,4.91,0.00,VMS 1,,Tanque,,1.44,1.68,1.50,1.20,4.08,4.34,5.67,2.34
07/04/2025 06:56 p. m.,Ordeño,06:52,11.26,3,,,,,0,,0.78,1.08,0.96,0.72,0,0,0,0,4.41,4.64,4.48,0.00,VMS 1,,Tanque,,1.26,1.62,1.44,1.08,2.73,3.03,3.88,1.62
08/04/2025 12:56 a. m.,Ordeño,06:17,9.87,1,,,,,0,,0.84,1.08,1.02,0.72,0,0,0,0,4.48,4.57,4.68,0.00,VMS 1,,Tanque,,1.32,1.56,1.26,1.08,2.29,2.55,3.55,1.48
08/04/2025 09:08 a. m.,Ordeño,06:30,13.77,2,,,,,0,,1.02,1.14,1.20,0.84,0,0,0,0,5.02,5.00,5.06,0.00,VMS 1,,Tanque,,1.50,1.74,1.56,1.20,3.40,3.69,4.72,1.96
08/04/2025 06:57 p. m.,Ordeño,07:34,14.83,3,,,,,0,,0.90,1.14,1.08,0.84,0,0,0,0,4.64,4.58,4.72,0.00,VMS 1,,Tanque,,1.26,1.68,1.50,1.26,3.57,3.97,5.07,2.22
09/04/2025 01:55 a. m.,Ordeño,06:47,11.93,1,,,,,0,,0.90,0.96,1.02,0.72,0,0,0,0,4.65,4.65,4.57,0.00,VMS 1,,Tanque,,1.32,1.38,1.44,1.14,2.83,3.19,4.16,1.75
09/04/2025 08:55 a. m.,Ordeño,06:33,11.40,2,,,,,0,,0.84,1.02,1.08,0.84,0,0,0,0,4.64,4.71,4.72,0.00,VMS 1,,Tanque,,1.26,1.44,1.44,1.14,2.79,3.01,3.87,1.73
09/04/2025 04:11 p. m.,Ordeño,06:17,11.24,3,,,,,0,,0.84,1.08,1.02,0.78,0,0,0,0,4.92,4.89,5.00,0.00,VMS 1,,Tanque,,1.20,1.62,1.44,1.14,2.73,3.01,3.96,1.54
09/04/2025 11:12 p. m.,Ordeño,06:17,11.61,4,,,,,0,,0.84,1.02,1.08,0.78,0,0,0,0,4.79,4.76,4.85,0.00,VMS 1,,Tanque,,1.32,1.44,1.38,1.14,2.83,3.04,4.07,1.67
10/04/2025 07:43 a. m.,Ordeño,08:26,14.17,1,,,,,0,,0.84,1.08,1.08,0.78,0,0,0,0,4.59,4.63,4.72,0.00,VMS 1,,Tanque,,1.32,1.68,1.50,1.26,3.38,3.66,4.88,2.25
10/04/2025 03:00 p. m.,Ordeño,07:42,10.64,2,,,,,0,,0.78,0.96,0.78,0.48,0,304,0,0,4.43,4.50,3.87,0.00,VMS 1,,Tanque,,1.14,1.50,1.08,0.72,2.62,2.88,3.82,1.32
11/04/2025 12:49 a. m.,Ordeño,08:06,15.39,1,,,,,0,,0.90,1.08,1.02,0.66,0,0,0,0,4.43,4.34,4.56,0.00,VMS 1,,Tanque,,1.44,1.62,1.44,0.96,3.76,4.14,5.13,2.36
11/04/2025 10:10 a. m.,Ordeño,08:28,14.38,2,,,,,0,,0.78,1.08,1.02,0.78,0,0,0,0,4.38,4.47,4.55,0.00,VMS 1,,Tanque,,1.20,1.62,1.44,1.32,3.51,3.84,4.90,2.13
11/04/2025 07:39 p. m.,Ordeño,07:06,13.13,3,,,,,0,,0.84,1.08,1.08,0.84,0,0,0,0,4.38,4.34,4.47,0.00,VMS 1,,Tanque,,1.20,1.62,1.38,1.32,3.17,3.59,4.53,1.84
12/04/2025 02:25 a. m.,Ordeño,07:18,9.76,1,,,,,0,,0.84,1.02,0.96,0.72,0,0,0,0,4.17,4.09,4.34,0.00,VMS 1,,Tanque,,1.26,1.44,1.44,1.20,2.34,2.66,3.42,1.34
12/04/2025 09:09 a. m.,Ordeño,06:12,10.14,2,,,,,0,,0.90,0.96,0.96,0.72,0,0,0,0,4.30,4.23,4.34,0.00,VMS 1,,Tanque,,1.38,1.32,1.38,1.14,2.43,2.69,3.40,1.62
12/04/2025 08:24 p. m.,Ordeño,07:59,15.51,3,,,,,0,,0.84,1.02,1.02,0.84,0,0,0,0,4.42,4.43,4.55,0.00,VMS 1,,Tanque,,1.26,1.38,1.50,1.44,3.73,4.12,5.37,2.29
13/04/2025 03:54 a. m.,Ordeño,06:59,10.49,1,,,,,0,,0.78,1.02,1.02,0.78,0,0,0,0,4.23,4.37,4.39,0.00,VMS 1,,Tanque,,1.14,1.56,1.56,1.38,2.53,2.71,3.64,1.61
13/04/2025 10:42 a. m.,Ordeño,05:34,8.24,2,,,,,0,,0.78,1.02,0.96,0.72,0,0,0,0,4.32,4.36,4.45,0.00,VMS 1,,Tanque,,1.26,1.50,1.26,1.08,1.99,2.27,2.84,1.14
13/04/2025 07:31 p. m.,Ordeño,06:35,11.70,3,,,,,0,,0.84,0.96,1.08,0.60,0,0,0,0,4.45,4.56,4.66,0.00,VMS 1,,Tanque,,1.32,1.44,1.44,0.90,2.80,3.16,4.09,1.65
14/04/2025 04:02 a. m.,Ordeño,08:39,8.97,1,,,TI,TI,0,,0.84,1.20,0.00,0.84,0,0,0,0,4.79,4.77,0.00,0.00,VMS 1,,Tanque,,1.32,1.68,0.00,1.32,3.38,3.60,0.00,1.99
14/04/2025 07:12 a. m.,Ordeño,09:13,9.06,2,,,,,0,,0.72,0.96,1.08,0.54,0,0,0,0,4.60,4.56,4.91,0.00,VMS 1,,Tanque,,1.14,1.38,1.56,0.90,1.18,1.19,6.11,0.58
14/04/2025 05:37 p. m.,Ordeño,09:22,15.82,3,,,,,0,,0.72,1.20,0.84,0.60,0,0,0,0,4.61,4.61,3.98,0.00,VMS 1,,Tanque,,1.38,1.74,1.20,1.02,3.95,4.26,5.28,2.33
15/04/2025 01:19 a. m.,Ordeño,08:26,9.55,1,,,TD,TD,0,,0.84,1.20,0.96,0.00,0,0,0,0,4.34,4.28,4.17,0.00,VMS 1,,Tanque,,1.26,1.68,1.38,0.00,2.81,3.11,3.63,0.00
15/04/2025 08:46 a. m.,Ordeño,06:46,12.56,2,,,,,0,,0.78,1.14,0.96,0.84,0,0,0,0,4.52,4.56,4.58,0.00,VMS 1,,Tanque,,1.08,1.56,1.32,1.32,2.78,3.12,3.58,3.08
15/04/2025 03:31 p. m.,Ordeño,06:13,9.34,3,,,,,0,,0.78,1.02,0.84,0.66,0,0,0,0,4.47,4.55,4.11,0.00,VMS 1,,Tanque,,1.20,1.50,1.26,1.02,2.35,2.61,3.00,1.38
15/04/2025 11:11 p. m.,Ordeño,06:37,11.24,4,,,,,0,,0.84,1.14,1.02,0.72,0,0,0,0,4.67,4.58,4.56,0.00,VMS 1,,Tanque,,1.44,1.62,1.44,1.14,2.80,3.12,3.74,1.58
16/04/2025 07:52 a. m.,Ordeño,07:05,13.95,1,,,,,0,,0.96,1.14,1.08,0.72,0,0,0,0,4.80,4.71,4.96,0.00,VMS 1,,Tanque,,1.38,1.56,1.50,1.14,3.37,3.83,4.72,2.03
16/04/2025 02:30 p. m.,Ordeño,06:14,10.07,2,,,,,0,,0.78,1.08,0.90,0.72,0,0,0,0,4.80,4.69,4.65,0.00,VMS 1,,Tanque,,1.20,1.44,1.32,1.02,2.52,2.78,3.45,1.32
16/04/2025 10:39 p. m.,Ordeño,07:12,13.12,3,,,,,0,,0.84,1.08,1.02,0.72,0,0,0,0,4.80,4.64,4.77,0.00,VMS 1,,Tanque,,1.32,1.56,1.50,1.20,3.22,3.57,4.47,1.86
17/04/2025 06:52 a. m.,Ordeño,07:54,13.70,1,,,,,0,,0.84,1.20,1.02,0.48,0,0,0,0,4.92,4.97,4.91,0.00,VMS 1,,Tanque,,1.26,1.68,1.44,0.66,3.42,3.71,4.62,1.95
17/04/2025 05:47 p. m.,Ordeño,08:59,19.60,2,,,,,0,,0.84,1.08,1.14,0.72,0,0,0,0,5.05,4.77,5.19,0.00,VMS 1,,Tanque,,1.20,1.56,1.56,1.08,4.81,5.47,6.57,2.75
18/04/2025 02:31 a. m.,Ordeño,07:44,14.70,1,,,,,0,,0.96,1.08,1.02,0.54,0,0,0,0,4.71,4.57,4.59,0.00,VMS 1,,Tanque,,1.38,1.50,1.50,0.78,3.61,3.94,5.12,2.03
18/04/2025 09:20 a. m.,Ordeño,06:34,11.11,2,,,,,0,,0.84,1.08,0.96,0.66,0,0,0,0,4.69,4.70,4.48,0.00,VMS 1,,Tanque,,1.44,1.50,1.44,1.20,2.73,3.02,3.85,1.51
18/04/2025 09:29 p. m.,Ordeño,09:37,20.24,3,,,,,0,,0.90,1.20,1.08,0.78,0,0,0,0,5.20,4.89,5.18,0.00,VMS 1,,Tanque,,1.38,1.86,1.44,1.14,5.02,5.52,6.75,2.95
19/04/2025 08:41 a. m.,Ordeño,08:51,19.37,1,,,,,0,,0.90,1.14,1.02,0.78,0,0,0,0,4.71,4.53,4.63,0.00,VMS 1,,Tanque,,1.26,1.56,1.50,1.26,4.63,5.30,6.56,2.88
19/04/2025 06:01 p. m.,Ordeño,11:00,13.63,2,,,,,0,,0.84,1.14,1.02,0.66,0,0,0,0,4.57,4.41,4.62,0.00,VMS 1,,Tanque,,2.04,1.80,1.44,1.02,3.33,3.73,4.56,2.01
20/04/2025 06:16 a. m.,Ordeño,10:26,21.37,1,,,,,0,,0.90,1.26,1.02,0.84,0,0,0,0,4.91,4.76,4.80,0.00,VMS 1,,Tanque,,1.32,1.68,1.44,1.44,5.36,5.45,7.49,3.07
20/04/2025 01:46 p. m.,Ordeño,07:57,11.64,2,,,,,0,,0.66,1.14,1.02,0.78,0,0,0,0,4.43,4.49,4.48,0.00,VMS 1,,Tanque,,1.50,1.56,1.38,1.14,2.79,3.11,3.97,1.77
20/04/2025 08:18 p. m.,Ordeño,10:37,10.69,3,,,,,0,,0.78,1.20,0.84,0.54,0,0,0,0,4.43,4.62,4.35,0.00,VMS 1,,Tanque,,1.20,1.68,1.26,0.90,2.55,3.02,3.57,1.55
21/04/2025 08:40 a. m.,Ordeño,09:44,20.96,1,,,,,0,,0.84,1.38,1.02,0.84,0,0,0,0,4.76,4.76,4.81,0.00,VMS 1,,Tanque,,1.26,1.86,1.56,1.20,5.08,5.61,7.21,3.06
21/04/2025 03:19 p. m.,Ordeño,06:35,9.93,2,,,,,0,,0.72,1.08,0.96,0.78,0,0,0,0,4.35,4.50,4.48,0.00,VMS 1,,Tanque,,1.14,1.50,1.32,1.14,2.43,2.68,3.32,1.50
22/04/2025 01:48 a. m.,Ordeño,08:22,16.65,1,,,,,0,,0.84,1.26,1.02,0.84,0,0,0,0,4.91,4.79,4.84,0.00,VMS 1,,Tanque,,1.38,1.74,1.44,1.20,4.02,4.56,5.65,2.42
22/04/2025 11:47 a. m.,Ordeño,08:22,16.95,2,,,,,0,,0.78,1.26,1.02,0.84,0,0,0,0,4.98,4.73,5.02,0.00,VMS 1,,Tanque,,1.20,1.74,1.32,1.14,4.16,4.62,5.71,2.46
22/04/2025 06:25 p. m.,Ordeño,06:35,11.00,3,,,,,0,,0.90,1.14,0.96,0.66,0,0,0,0,4.84,4.42,4.61,0.00,VMS 1,,Tanque,,1.32,1.62,1.50,1.14,2.70,3.08,3.68,1.54
23/04/2025 03:42 a. m.,Ordeño,08:16,16.34,1,,,,,0,,0.90,1.26,1.02,0.72,0,0,0,0,4.89,4.84,4.94,0.00,VMS 1,,Tanque,,1.32,1.68,1.62,1.20,3.98,4.41,5.64,2.31
24/04/2025 06:07 a. m.,Ordeño,07:34,12.35,1,,,,,0,,0.78,1.08,0.90,0.78,0,0,0,0,4.41,4.38,4.07,0.00,VMS 1,,Tanque,,1.14,1.50,1.20,1.32,2.86,3.34,4.26,1.89
24/04/2025 04:28 p. m.,Ordeño,07:37,15.62,2,,,,,0,,0.90,1.08,1.02,0.66,0,0,0,0,4.76,4.65,4.73,0.00,VMS 1,,Tanque,,1.32,1.56,1.44,1.02,3.79,4.36,5.25,2.22
25/04/2025 01:43 a. m.,Ordeño,07:57,15.06,1,,,,,0,,0.84,1.08,1.02,0.72,0,0,0,0,4.79,4.63,4.72,0.00,VMS 1,,Tanque,,1.56,1.62,1.44,1.08,3.70,3.99,5.28,2.09
25/04/2025 08:11 a. m.,Ordeño,06:05,10.06,2,,,,,0,,0.78,1.08,1.02,0.72,0,0,0,0,4.57,4.39,4.50,0.00,VMS 1,,Tanque,,1.20,1.44,1.38,1.08,2.57,2.59,3.46,1.44
25/04/2025 05:25 p. m.,Ordeño,07:30,13.89,3,,,,,0,,0.78,1.14,1.02,0.78,0,0,0,0,4.70,4.80,4.64,0.00,VMS 1,,Tanque,,1.26,1.56,1.38,1.14,3.49,3.66,4.73,2.01
26/04/2025 12:21 a. m.,Ordeño,07:57,11.71,1,,,,,0,,0.84,1.02,0.96,0.72,0,0,0,0,4.58,4.53,4.50,0.00,VMS 1,,Tanque,,1.44,1.44,1.32,1.14,2.88,3.11,3.99,1.73
26/04/2025 08:24 a. m.,Ordeño,06:52,13.11,2,,,,,0,,0.96,1.02,1.08,0.72,0,0,0,0,4.85,4.67,4.69,0.00,VMS 1,,Tanque,,1.56,1.44,1.50,1.02,3.16,3.57,4.49,1.89
26/04/2025 04:51 p. m.,Ordeño,08:49,13.81,3,,,,,0,,0.84,0.96,0.90,0.54,0,0,0,0,4.90,4.66,4.24,0.00,VMS 1,,Tanque,,1.38,1.44,1.38,0.90,3.35,3.82,4.65,1.99
27/04/2025 07:40 a. m.,Ordeño,13:09,19.68,1,,,TD,TD,0,,0.90,1.32,1.14,0.00,0,0,0,0,4.81,4.74,4.59,0.00,VMS 1,,Tanque,,1.32,1.74,1.62,0.00,5.48,6.08,8.12,0.00
27/04/2025 03:58 p. m.,Ordeño,07:40,15.75,2,,,,,0,,0.78,1.08,1.08,0.84,0,0,0,0,4.35,4.41,4.43,0.00,VMS 1,,Tanque,,1.14,1.50,1.50,1.26,3.32,3.45,4.57,4.41
28/04/2025 03:02 a. m.,Ordeño,09:19,16.53,1,,,,,0,,0.84,1.14,1.08,0.54,0,0,0,0,4.53,4.63,4.72,0.00,VMS 1,,Tanque,,1.20,1.68,1.44,0.90,4.19,4.50,5.86,1.98
28/04/2025 01:39 p. m.,Ordeño,07:52,16.35,2,,,,,0,,0.90,1.08,1.14,0.60,0,0,0,0,4.72,4.54,4.68,0.00,VMS 1,,Tanque,,1.32,1.86,1.44,0.96,4.11,4.48,5.80,1.96
29/04/2025 12:28 a. m.,Ordeño,09:39,18.47,1,,,,,0,,0.78,1.14,1.08,0.78,0,0,0,0,4.72,4.68,4.73,0.00,VMS 1,,Tanque,,1.26,1.86,1.44,1.14,4.51,4.87,6.61,2.48
29/04/2025 11:40 a. m.,Ordeño,09:12,16.81,2,,,,,0,,0.84,1.14,0.90,0.78,0,0,0,0,4.72,4.71,3.97,0.00,VMS 1,,Tanque,,1.32,1.62,1.32,1.14,4.18,4.60,5.71,2.32
29/04/2025 05:42 p. m.,Ordeño,05:29,9.24,3,,,,,0,,0.84,1.02,1.08,0.78,0,0,0,0,4.59,4.57,4.65,0.00,VMS 1,,Tanque,,1.26,1.38,1.44,1.26,2.22,2.43,3.26,1.33
30/04/2025 02:45 a. m.,Ordeño,08:05,15.41,1,,,,,0,,0.84,1.08,1.02,0.84,0,0,0,0,4.85,4.77,4.85,0.00,VMS 1,,Tanque,,1.20,1.56,1.38,1.32,3.74,4.08,5.42,2.17
30/04/2025 10:39 a. m.,Ordeño,07:55,12.83,2,,,,,0,,0.84,1.08,1.02,0.84,0,0,0,0,4.76,4.65,4.73,0.00,VMS 1,,Tanque,,1.20,1.50,1.38,1.20,3.12,3.37,4.47,1.87
30/04/2025 05:03 p. m.,Ordeño,07:26,9.55,3,,,TD,TD,0,,0.90,1.08,1.02,0.00,0,0,0,0,4.80,4.74,4.74,0.00,VMS 1,,Tanque,,1.32,1.56,1.38,0.00,2.74,3.00,3.81,0.00
01/05/2025 06:31 a. m.,Ordeño,10:01,23.53,1,,,,,0,,0.90,1.26,1.14,0.84,0,0,0,0,4.66,4.94,4.87,0.00,VMS 1,,Tanque,,1.44,1.68,1.74,1.26,5.77,5.84,7.76,4.16
01/05/2025 02:49 p. m.,Ordeño,07:32,12.53,2,,,,,0,,0.96,1.08,0.90,0.72,0,0,0,0,4.50,4.70,4.74,0.00,VMS 1,,Tanque,,1.50,1.44,1.32,1.14,3.17,3.29,4.37,1.70
02/05/2025 12:13 a. m.,Ordeño,07:59,15.04,1,,DI,,,0,,0.90,1.20,1.08,0.72,0,0,0,0,4.77,4.82,4.87,0.00,VMS 1,,Tanque,,1.38,1.80,1.38,1.26,3.77,4.01,5.21,2.05
02/05/2025 07:04 a. m.,Ordeño,06:56,12.67,2,,,,,0,,0.84,1.14,1.02,0.78,0,0,0,0,4.84,4.83,5.01,0.00,VMS 1,,Tanque,,1.26,1.56,1.50,1.08,3.16,3.39,4.35,1.77
02/05/2025 03:41 p. m.,Ordeño,07:08,14.78,3,,,,,0,,0.90,1.02,1.08,0.72,0,0,0,0,4.91,4.81,5.02,0.00,VMS 1,,Tanque,,1.50,1.44,1.50,1.14,3.67,3.96,5.04,2.11
03/05/2025 02:08 a. m.,Ordeño,08:11,17.60,1,,,,,0,,0.84,1.20,1.20,0.84,0,0,0,0,4.65,4.61,4.80,0.00,VMS 1,,Tanque,,1.26,1.80,1.62,1.20,4.37,4.58,6.10,2.55
03/05/2025 11:23 a. m.,Ordeño,07:46,15.30,2,,,,,0,,0.84,1.08,1.14,0.84,0,0,0,0,4.54,4.53,4.66,0.00,VMS 1,,Tanque,,1.26,1.62,1.44,1.20,3.78,4.06,5.28,2.18
03/05/2025 05:47 p. m.,Ordeño,05:33,9.06,3,,,,,0,,0.90,0.96,1.02,0.72,0,0,0,0,4.48,4.37,4.62,0.00,VMS 1,,Tanque,,1.44,1.92,1.50,1.14,2.22,2.31,3.15,1.38
04/05/2025 08:52 a. m.,Ordeño,09:49,23.31,1,,,,,0,,0.90,1.26,1.14,0.84,0,0,0,0,4.91,4.64,4.72,0.00,VMS 1,,Tanque,,1.56,1.86,1.56,1.20,5.91,6.34,7.64,3.42
04/05/2025 06:19 p. m.,Ordeño,07:29,14.03,2,,,,,0,,0.84,1.08,1.08,0.78,0,0,0,0,4.44,4.38,4.58,0.00,VMS 1,,Tanque,,1.26,1.56,1.50,1.08,3.41,3.73,4.84,2.05
05/05/2025 12:39 a. m.,Ordeño,09:48,10.43,1,,,,,0,,0.84,1.14,1.08,0.66,0,0,0,0,4.46,4.41,4.60,0.00,VMS 1,,Tanque,,1.20,1.62,1.50,0.96,2.52,2.77,3.63,1.51
05/05/2025 12:22 p. m.,Ordeño,13:26,16.40,2,,,TD,TD,0,,0.90,1.02,0.96,0.00,0,0,0,0,4.92,4.70,4.79,0.00,VMS 1,,Tanque,,1.32,1.74,1.38,0.00,4.67,5.01,6.72,0.00
05/05/2025 05:31 p. m.,Ordeño,09:53,11.97,3,,,,,0,,0.84,1.08,1.02,0.66,0,0,0,0,4.65,4.51,4.71,0.00,VMS 1,,Tanque,,1.32,1.80,1.44,1.08,2.30,2.56,3.18,3.93
06/05/2025 02:56 a. m.,Ordeño,08:21,16.19,1,,,,,0,,0.78,1.08,1.02,0.72,0,0,0,0,4.63,4.66,4.78,0.00,VMS 1,,Tanque,,1.26,1.56,1.38,1.20,3.99,4.24,5.78,2.18
06/05/2025 09:24 a. m.,Ordeño,06:56,10.73,2,,,,,0,,0.84,1.02,1.02,0.60,0,0,0,0,4.59,4.51,4.78,0.00,VMS 1,,Tanque,,1.20,1.50,1.44,0.96,2.70,2.81,3.79,1.43
06/05/2025 04:31 p. m.,Ordeño,06:54,12.29,3,,,,,0,,0.78,0.96,1.02,0.66,0,0,0,0,4.91,4.64,5.12,0.00,VMS 1,,Tanque,,1.14,1.32,1.44,1.08,3.04,3.30,4.30,1.65
06/05/2025 10:31 p. m.,Ordeño,06:19,10.24,4,,,,,0,,0.96,1.14,1.08,0.66,0,0,0,0,4.92,4.77,4.98,0.00,VMS 1,,Tanque,,1.38,1.62,1.50,1.02,2.57,2.73,3.58,1.36
07/05/2025 05:44 a. m.,Ordeño,07:19,12.52,1,,,,,0,,0.78,1.08,1.02,0.66,0,0,0,0,4.80,4.77,4.97,0.00,VMS 1,,Tanque,,1.32,1.50,1.44,1.02,3.05,3.26,4.41,1.80
07/05/2025 12:45 p. m.,Ordeño,06:35,11.83,2,,,,,0,,0.84,1.08,1.02,0.78,0,0,0,0,4.66,4.63,4.72,0.00,VMS 1,,Tanque,,1.20,1.56,1.38,1.08,2.90,3.17,4.07,1.69
07/05/2025 06:47 p. m.,Ordeño,05:53,10.15,3,,,,,0,,0.90,0.96,1.02,0.66,0,0,0,0,4.80,4.43,4.84,0.00,VMS 1,,Tanque,,1.32,1.38,1.38,1.08,2.49,2.76,3.51,1.39
08/05/2025 05:29 a. m.,Ordeño,08:29,17.86,1,,,,,0,,0.96,1.14,1.14,0.84,365,0,0,0,4.65,4.50,4.72,0.00,VMS 1,,Tanque,,1.32,1.56,1.50,1.26,4.31,4.70,6.23,2.62
08/05/2025 10:41 a. m.,Ordeño,10:26,6.32,2,,,TI,TI,0,,0.84,0.96,0.00,0.90,0,0,0,0,4.18,4.31,0.00,0.00,VMS 1,,Tanque,,1.38,1.68,0.00,1.26,1.87,2.00,0.00,2.45
08/05/2025 03:08 p. m.,Ordeño,05:27,7.73,3,,,,,0,,0.78,0.90,0.96,0.66,0,0,0,0,4.51,4.36,4.59,0.00,VMS 1,,Tanque,,1.20,1.26,1.26,1.14,1.62,1.71,2.32,2.08
09/05/2025 12:24 a. m.,Ordeño,09:14,14.87,1,,,,,0,,0.90,1.08,1.02,0.72,0,0,0,0,4.93,4.76,4.98,0.00,VMS 1,,Tanque,,1.20,1.68,1.38,1.14,3.67,3.92,5.07,2.21
09/05/2025 12:38 p. m.,Ordeño,09:48,19.58,2,,,,,0,,0.90,1.14,1.08,0.72,0,0,0,0,4.51,4.38,4.57,0.00,VMS 1,,Tanque,,1.26,1.62,1.44,1.20,4.85,5.22,6.84,2.67
10/05/2025 12:29 a. m.,Ordeño,08:16,14.59,1,,,,,0,,0.84,1.08,1.02,0.84,0,0,0,0,4.11,4.23,4.18,0.00,VMS 1,,Tanque,,1.44,1.62,1.50,1.26,3.54,3.80,5.02,2.23
10/05/2025 12:13 p. m.,Ordeño,08:56,18.24,2,,,,,0,,0.90,1.20,1.08,0.66,0,0,0,0,4.65,4.58,4.57,0.00,VMS 1,,Tanque,,1.38,1.62,1.62,1.08,4.45,4.84,6.35,2.60
10/05/2025 07:11 p. m.,Ordeño,06:08,10.85,3,,,,,0,,0.90,1.02,1.02,0.78,0,0,0,0,4.58,4.57,4.58,0.00,VMS 1,,Tanque,,1.38,1.44,1.44,1.14,2.72,2.82,3.68,1.63
11/05/2025 08:30 a. m.,Ordeño,08:58,20.50,1,,,,,0,,1.02,1.14,1.20,0.72,0,0,0,0,4.74,4.63,4.70,0.00,VMS 1,,Tanque,,1.68,1.56,1.62,1.14,5.08,5.64,6.74,3.04
11/05/2025 07:25 p. m.,Ordeño,12:51,13.81,2,,,TD,TD,0,,0.90,1.14,0.96,0.00,0,0,0,0,4.46,4.49,4.25,0.00,VMS 1,,Tanque,,1.44,1.80,1.74,0.00,4.00,4.36,5.45,0.00
12/05/2025 03:24 a. m.,Ordeño,07:37,15.02,1,,,,,0,,0.84,1.08,1.14,0.84,0,0,0,0,4.51,4.57,4.58,0.00,VMS 1,,Tanque,,1.38,1.50,1.44,1.14,3.22,3.30,4.37,4.13
12/05/2025 11:37 a. m.,Ordeño,07:01,13.02,2,,,,,0,,0.78,1.08,1.02,0.72,0,0,0,0,4.78,4.83,4.99,0.00,VMS 1,,Tanque,,1.14,1.44,1.44,1.14,3.28,3.53,4.56,1.65
12/05/2025 08:19 p. m.,Ordeño,07:00,13.56,3,,,,,0,,0.84,1.08,1.02,0.72,0,0,0,0,4.69,4.77,4.81,0.00,VMS 1,,Tanque,,1.14,1.50,1.50,1.08,3.35,3.68,4.69,1.84
13/05/2025 06:41 a. m.,Ordeño,07:44,16.75,1,,,,,0,,0.96,1.20,1.08,0.72,0,0,0,0,4.81,4.76,4.83,0.00,VMS 1,,Tanque,,1.50,1.68,1.38,1.20,4.22,4.51,5.73,2.29
13/05/2025 03:09 p. m.,Ordeño,07:36,13.60,2,,,,,0,,0.90,1.14,1.08,0.78,0,0,0,0,4.85,4.74,5.02,0.00,VMS 1,,Tanque,,1.14,1.50,1.44,1.26,3.28,3.70,4.68,1.94
13/05/2025 11:11 p. m.,Ordeño,07:10,13.43,3,,,,,0,,0.84,1.08,1.02,0.66,0,0,0,0,4.80,4.75,4.86,0.00,VMS 1,,Tanque,,1.20,1.56,1.44,1.02,3.30,3.60,4.72,1.81
14/05/2025 12:09 p. m.,Ordeño,09:55,19.96,1,,,,,0,,0.84,1.14,1.02,0.78,0,0,0,0,4.76,4.72,4.86,0.00,VMS 1,,Tanque,,1.14,1.56,1.44,1.08,5.01,5.33,6.86,2.76
14/05/2025 11:24 p. m.,Ordeño,07:50,15.79,2,,,,,0,,0.84,1.08,1.08,0.78,0,0,0,0,4.48,4.49,4.57,0.00,VMS 1,,Tanque,,1.38,1.62,1.44,1.20,3.93,4.12,5.45,2.29
15/05/2025 08:58 a. m.,Ordeño,07:39,15.70,1,,,,,0,,0.84,1.20,1.02,0.78,0,0,0,0,4.81,4.76,4.83,0.00,VMS 1,,Tanque,,1.32,1.62,1.32,1.14,3.88,4.18,5.35,2.29
15/05/2025 05:42 p. m.,Ordeño,07:19,13.57,2,,,,,0,,0.84,1.14,1.02,0.72,0,0,0,0,4.95,4.96,4.89,0.00,VMS 1,,Tanque,,1.14,1.56,1.38,1.02,3.37,3.53,4.73,1.94
16/05/2025 10:38 a. m.,Ordeño,11:06,23.99,1,,,,,0,,0.90,1.20,1.08,0.84,0,0,0,0,4.93,4.82,4.85,0.00,VMS 1,,Tanque,,1.62,1.92,1.50,1.26,6.21,6.14,8.01,3.63
16/05/2025 05:07 p. m.,Ordeño,07:17,7.63,2,,,,,0,,0.66,0.96,0.90,0.72,0,0,0,0,4.30,4.37,0.00,4.53,VMS 1,,Tanque,,1.08,1.38,1.32,1.14,1.85,2.08,2.39,1.31
17/05/2025 07:03 a. m.,Ordeño,09:30,21.09,1,,,,,0,,0.84,1.20,1.08,0.84,0,0,0,0,4.87,4.77,4.84,0.00,VMS 1,,Tanque,,1.44,1.68,1.56,1.38,5.21,5.57,7.28,3.03
17/05/2025 03:40 p. m.,Ordeño,07:11,14.00,2,,,,,0,,0.84,1.14,1.08,0.78,0,0,0,0,4.87,4.92,4.82,0.00,VMS 1,,Tanque,,1.26,1.56,1.38,1.14,3.39,3.78,4.78,2.05
18/05/2025 01:13 a. m.,Ordeño,07:18,14.76,1,,,,,0,,0.84,1.14,1.08,0.72,0,0,0,0,4.79,4.83,4.85,0.00,VMS 1,,Tanque,,1.26,1.62,1.38,1.02,3.67,4.04,5.01,2.04
18/05/2025 12:27 p. m.,Ordeño,08:57,18.09,2,,,,,0,,0.84,1.14,1.02,0.72,0,0,0,0,4.85,4.99,4.97,0.00,VMS 1,,Tanque,,1.26,1.56,1.44,1.02,4.54,4.73,6.12,2.70
18/05/2025 11:12 p. m.,Ordeño,08:34,15.54,3,,,,,0,,0.84,1.08,1.02,0.72,0,0,0,0,4.61,4.64,4.35,0.00,VMS 1,,Tanque,,1.26,1.56,1.44,1.20,3.80,4.22,5.26,2.26
19/05/2025 11:29 a. m.,Ordeño,08:11,19.50,1,,,,,0,,1.02,1.14,1.20,0.78,0,0,0,0,4.94,4.78,4.68,0.00,VMS 1,,Tanque,,1.62,1.56,1.74,1.08,4.77,5.21,6.73,2.79
19/05/2025 10:31 p. m.,Ordeño,08:27,15.42,2,,,,,0,,0.90,1.14,1.08,0.72,0,0,0,0,4.82,4.71,4.67,0.00,VMS 1,,Tanque,,1.38,1.56,1.44,1.08,3.74,4.19,5.22,2.27
20/05/2025 10:59 a. m.,Ordeño,08:39,19.88,1,,,,,0,,0.90,1.14,1.14,0.78,0,0,0,0,4.93,4.85,4.89,0.00,VMS 1,,Tanque,,1.38,1.68,1.50,1.08,4.82,5.37,6.79,2.90
20/05/2025 07:06 p. m.,Ordeño,06:40,10.65,2,,,,,0,,0.78,0.96,1.02,0.72,0,0,0,0,4.41,4.44,4.42,0.00,VMS 1,,Tanque,,1.38,1.44,1.44,1.02,2.64,2.84,3.66,1.51
21/05/2025 02:09 a. m.,Ordeño,07:27,10.55,1,,,,,0,,0.84,1.02,1.08,0.72,0,0,0,0,4.86,4.93,4.82,0.00,VMS 1,,Tanque,,1.32,1.56,1.38,1.14,2.50,2.87,3.60,1.58
21/05/2025 08:36 a. m.,Ordeño,06:56,10.73,2,,,,,0,,0.84,1.02,1.02,0.72,0,0,0,0,4.96,5.01,5.11,0.00,VMS 1,,Tanque,,1.68,1.44,1.44,1.02,2.61,2.92,3.61,1.59
21/05/2025 04:44 p. m.,Ordeño,07:55,13.65,3,,,,,0,,0.84,1.02,1.08,0.72,0,0,0,0,5.03,5.07,5.11,0.00,VMS 1,,Tanque,,1.32,1.38,1.50,1.14,3.27,3.74,4.73,1.91
22/05/2025 01:04 a. m.,Ordeño,06:47,12.28,1,,,,,0,,0.90,0.96,1.02,0.78,0,0,0,0,4.72,4.78,4.70,0.00,VMS 1,,Tanque,,1.38,1.38,1.44,1.20,3.03,3.31,4.19,1.75
22/05/2025 11:55 a. m.,Ordeño,08:39,18.23,2,,,,,0,,0.90,1.20,1.08,0.84,0,0,0,0,5.05,5.04,5.12,0.00,VMS 1,,Tanque,,1.26,1.80,1.50,1.26,4.48,4.83,6.20,2.72
22/05/2025 06:54 p. m.,Ordeño,07:24,11.02,3,,,,,0,,0.84,0.96,1.08,0.72,0,0,0,0,4.78,4.78,4.84,0.00,VMS 1,,Tanque,,1.20,1.44,1.44,1.14,2.68,2.94,3.82,1.58
23/05/2025 08:51 a. m.,Ordeño,10:11,22.53,1,,,,,0,,0.84,1.32,1.08,0.78,0,0,0,0,4.91,5.00,4.97,0.00,VMS 1,,Tanque,,1.56,1.68,1.50,1.26,5.71,5.68,7.85,3.29
23/05/2025 07:24 p. m.,Ordeño,08:33,16.69,2,,,,,0,,0.84,1.14,1.08,0.72,0,0,0,0,4.70,4.79,4.71,0.00,VMS 1,,Tanque,,1.26,2.10,1.44,1.08,4.06,4.44,5.78,2.41
24/05/2025 07:04 a. m.,Ordeño,09:17,19.57,1,,,,,0,,0.90,1.20,1.08,0.72,0,0,0,0,4.92,4.93,4.82,0.00,VMS 1,,Tanque,,1.32,1.62,1.50,1.14,4.68,5.29,6.78,2.82
24/05/2025 06:07 p. m.,Ordeño,08:27,17.43,2,,,,,0,,0.78,1.20,1.02,0.72,0,0,0,0,4.81,4.84,4.69,0.00,VMS 1,,Tanque,,1.14,1.68,1.50,1.08,4.22,4.75,5.90,2.56
25/05/2025 03:30 a. m.,Ordeño,11:02,12.89,1,,TD,TD,,0,,0.90,1.20,1.20,0.90,0,0,0,0,4.47,4.52,4.55,0.00,VMS 1,,Tanque,,1.50,1.62,1.62,1.68,3.85,3.99,4.44,0.61
25/05/2025 06:57 a. m.,Ordeño,06:22,7.34,2,,,,,0,,0.78,1.02,0.96,0.72,0,0,0,0,4.46,4.52,4.42,0.00,VMS 1,,Tanque,,1.20,1.38,1.38,1.08,1.32,1.36,1.74,2.92
25/05/2025 02:22 p. m.,Ordeño,07:20,11.53,3,,,,,0,,0.84,1.02,1.02,0.66,0,0,0,0,4.57,4.66,4.71,0.00,VMS 1,,Tanque,,1.20,1.50,1.32,0.96,2.77,3.22,3.93,1.61
25/05/2025 10:54 p. m.,Ordeño,08:58,11.05,4,,,TD,TD,0,,0.78,1.14,1.14,0.00,0,0,0,0,4.65,4.74,4.75,0.00,VMS 1,,Tanque,,1.14,1.62,1.50,0.00,3.15,3.40,4.50,0.00
26/05/2025 07:08 a. m.,Ordeño,08:35,15.44,1,,,,,0,,0.84,1.20,1.08,0.66,0,0,0,0,4.84,4.92,4.84,0.00,VMS 1,,Tanque,,1.26,1.68,1.44,1.02,3.36,3.69,4.84,3.55
26/05/2025 03:56 p. m.,Ordeño,08:53,11.39,2,,,TD,TD,0,,0.90,1.14,1.02,0.18,0,0,0,0,4.61,4.63,4.83,0.00,VMS 1,,Tanque,,1.56,1.62,1.44,0.48,3.17,3.59,4.47,0.16
27/05/2025 01:07 a. m.,Ordeño,07:04,14.01,1,,,,,0,,0.84,1.08,1.02,0.78,0,0,0,0,4.46,4.51,4.43,0.00,VMS 1,,Tanque,,1.26,1.56,1.44,1.14,3.09,3.44,4.42,3.06
27/05/2025 11:24 a. m.,Ordeño,08:30,16.47,2,,,,,0,,0.84,1.20,1.02,0.78,0,0,0,0,4.96,4.91,5.01,0.00,VMS 1,,Tanque,,1.44,1.62,1.50,1.08,4.03,4.44,5.81,2.19
27/05/2025 05:30 p. m.,Ordeño,06:18,9.46,3,,,,,0,,0.72,1.08,0.96,0.72,0,0,0,0,4.81,4.81,4.85,0.00,VMS 1,,Tanque,,1.08,1.50,1.44,1.02,2.28,2.57,3.34,1.27
28/05/2025 12:51 a. m.,Ordeño,07:49,11.87,1,,,,,0,,0.96,1.08,0.90,0.72,0,0,0,0,4.94,4.85,4.82,0.00,VMS 1,,Tanque,,1.32,1.62,1.26,1.20,2.80,3.28,4.11,1.68
28/05/2025 11:51 a. m.,Ordeño,08:38,17.62,2,,,,,0,,0.90,1.26,1.02,0.78,0,0,0,0,4.86,4.92,4.90,0.00,VMS 1,,Tanque,,1.32,1.68,1.38,1.14,4.45,4.64,6.12,2.41
28/05/2025 09:46 p. m.,Ordeño,08:23,14.60,3,,,,,0,,0.84,1.20,1.02,0.72,0,0,0,0,4.49,4.54,4.57,0.00,VMS 1,,Tanque,,1.20,1.74,1.38,1.02,3.48,4.02,5.07,2.03
29/05/2025 07:44 a. m.,Ordeño,08:49,15.08,1,,,,,0,,0.84,1.08,1.02,0.72,0,0,0,0,4.65,4.68,4.67,0.00,VMS 1,,Tanque,,1.20,1.56,1.44,1.20,3.65,4.02,5.21,2.20
29/05/2025 05:44 p. m.,Ordeño,08:02,15.70,2,,,,,0,,0.90,1.20,1.08,0.72,0,0,0,0,4.66,4.66,4.75,0.00,VMS 1,,Tanque,,1.38,1.74,1.44,1.08,3.86,4.19,5.46,2.19
30/05/2025 06:38 a. m.,Ordeño,09:11,19.88,1,,,,,0,,0.90,1.26,1.08,0.78,0,0,0,0,4.55,4.53,4.46,0.00,VMS 1,,Tanque,,1.26,1.74,1.50,1.14,4.90,5.26,6.92,2.80
30/05/2025 12:56 p. m.,Ordeño,08:17,6.78,2,,,TI,TI,0,,0.84,1.26,0.12,0.90,0,0,0,0,4.14,4.28,0.00,0.00,VMS 1,,Tanque,,1.26,1.68,0.24,1.32,2.10,2.19,0.05,2.44
30/05/2025 04:33 p. m.,Ordeño,04:38,5.27,3,,,TI,,0,,0.78,1.02,0.78,0.72,338,0,0,0,4.67,4.62,4.65,0.00,VMS 1,,Tanque,,1.20,1.38,1.20,1.14,1.03,1.08,1.42,1.74
31/05/2025 05:49 a. m.,Ordeño,07:31,20.64,1,,,,,0,,0.84,1.14,1.14,0.84,0,0,0,0,4.58,4.68,4.81,0.00,VMS 1,,Tanque,,1.32,1.68,1.62,1.14,5.11,5.53,7.18,2.82
31/05/2025 12:54 p. m.,Ordeño,06:42,11.30,2,,,,,0,,0.90,1.08,1.08,0.72,0,0,0,0,4.79,4.81,4.88,0.00,VMS 1,,Tanque,,1.44,1.50,1.38,1.14,2.76,2.98,3.96,1.60
31/05/2025 10:13 p. m.,Ordeño,08:03,15.84,3,,,,,0,,0.90,1.14,1.14,0.78,0,0,0,0,4.83,4.89,4.82,0.00,VMS 1,,Tanque,,1.38,1.56,1.50,1.14,3.88,4.27,5.50,2.19
01/06/2025 06:56 a. m.,Ordeño,07:57,14.82,1,,,,,0,,0.84,1.20,1.02,0.78,0,0,0,0,4.82,4.93,4.99,0.00,VMS 1,,Tanque,,1.20,1.68,1.44,1.20,3.57,3.99,5.14,2.12
01/06/2025 03:00 p. m.,Ordeño,07:22,12.38,2,,,,,0,,0.78,1.20,1.02,0.78,0,300,0,0,4.69,4.82,4.70,0.00,VMS 1,,Tanque,,1.14,1.62,1.32,1.08,3.01,3.41,4.18,1.78
01/06/2025 10:32 p. m.,Ordeño,06:54,11.89,3,,,,,0,,0.90,1.14,1.02,0.72,0,0,0,0,4.57,4.55,4.55,0.00,VMS 1,,Tanque,,1.32,1.50,1.56,1.08,2.96,3.17,4.12,1.64
02/06/2025 07:59 a. m.,Ordeño,07:53,15.96,1,,,,,0,,0.84,1.20,1.08,0.72,0,0,0,0,4.79,4.79,4.83,0.00,VMS 1,,Tanque,,1.20,1.68,1.44,1.08,4.00,4.20,5.47,2.29
02/06/2025 04:16 p. m.,Ordeño,07:41,12.82,2,,,,,0,,0.78,1.08,1.02,0.78,0,0,0,0,4.46,4.65,4.63,0.00,VMS 1,,Tanque,,1.26,1.62,1.32,1.14,3.17,3.44,4.35,1.86
03/06/2025 06:02 a. m.,Ordeño,10:49,20.97,1,,,,,0,,0.78,1.26,1.02,0.78,0,0,0,0,4.57,4.61,4.70,0.00,VMS 1,,Tanque,,1.20,1.74,1.44,1.20,5.05,5.48,7.39,3.05
03/06/2025 04:15 p. m.,Ordeño,08:17,13.20,2,,,,,0,,0.72,1.14,0.96,0.78,0,0,0,0,4.43,4.55,4.49,0.00,VMS 1,,Tanque,,1.08,1.56,1.32,1.20,3.11,3.65,4.57,1.87
04/06/2025 01:01 a. m.,Ordeño,07:48,13.57,1,,,,,0,,0.84,1.08,1.02,0.72,0,0,0,0,4.54,4.47,4.53,0.00,VMS 1,,Tanque,,1.32,1.50,1.32,1.08,3.27,3.65,4.72,1.93
04/06/2025 11:18 a. m.,Ordeño,08:41,14.64,2,,,,,0,,0.72,1.20,0.96,0.84,0,0,0,0,4.48,4.62,4.51,0.00,VMS 1,,Tanque,,1.50,1.62,1.32,1.20,3.62,3.93,4.94,2.15
04/06/2025 07:10 p. m.,Ordeño,06:35,8.98,3,,,,,0,,0.72,1.02,1.02,0.72,0,0,0,0,4.20,4.42,4.44,0.00,VMS 1,,Tanque,,1.20,1.50,1.50,1.08,2.21,2.47,3.06,1.24
05/06/2025 01:54 a. m.,Ordeño,07:15,9.97,1,,,,,0,,0.78,1.08,1.02,0.78,0,0,0,0,4.56,4.68,4.70,0.00,VMS 1,,Tanque,,1.26,1.56,1.38,1.14,2.43,2.74,3.45,1.35
05/06/2025 11:02 a. m.,Ordeño,07:25,14.95,2,,,,,0,,0.96,1.20,1.14,0.78,0,0,0,0,5.09,5.23,5.23,0.00,VMS 1,,Tanque,,1.26,1.62,1.62,1.08,3.68,3.98,5.17,2.12
05/06/2025 07:17 p. m.,Ordeño,07:11,12.64,3,,,,,0,,0.84,1.20,1.02,0.78,0,0,0,0,5.04,5.08,5.03,0.00,VMS 1,,Tanque,,1.20,1.68,1.38,1.14,3.10,3.42,4.32,1.80
06/06/2025 07:40 a. m.,Ordeño,09:15,20.24,1,,,,,0,,0.84,1.38,1.14,0.90,0,0,0,0,4.95,5.01,4.98,0.00,VMS 1,,Tanque,,1.32,1.74,1.44,1.26,5.03,5.24,7.07,2.90
06/06/2025 05:53 p. m.,Ordeño,07:44,15.43,2,,,,,0,,0.84,1.38,1.08,0.84,0,0,0,0,4.84,4.89,4.82,0.00,VMS 1,,Tanque,,1.20,1.68,1.50,1.20,3.87,4.19,5.24,2.13
07/06/2025 03:17 a. m.,Ordeño,08:03,14.70,1,,,,,0,,0.84,1.32,1.14,0.84,0,0,0,0,4.73,4.75,4.65,0.00,VMS 1,,Tanque,,1.38,1.68,1.44,1.26,3.63,4.00,5.03,2.04
07/06/2025 02:03 p. m.,Ordeño,09:00,16.04,2,,,,,0,,0.78,1.26,1.14,0.90,0,0,0,0,4.79,4.81,4.74,0.00,VMS 1,,Tanque,,1.20,1.80,1.50,1.32,3.96,4.29,5.54,2.25
08/06/2025 01:00 a. m.,Ordeño,10:33,16.76,1,,,,,0,,0.84,1.38,1.20,0.90,0,0,0,0,4.65,4.78,4.71,0.00,VMS 1,,Tanque,,1.20,1.80,1.62,1.32,4.05,4.47,5.77,2.47
08/06/2025 11:53 a. m.,Ordeño,08:41,16.07,2,,,,,0,,0.90,1.20,1.08,0.84,0,0,0,0,4.65,4.62,4.59,0.00,VMS 1,,Tanque,,1.44,1.62,1.50,1.14,3.98,4.28,5.51,2.30
08/06/2025 06:07 p. m.,Ordeño,10:11,8.21,3,,,TI,,0,,0.72,1.14,0.60,0.96,0,0,0,0,4.31,4.45,4.17,0.00,VMS 1,,Tanque,,1.38,1.56,1.02,1.32,2.06,2.35,1.29,2.51
09/06/2025 07:30 a. m.,Ordeño,09:34,19.35,1,,,,,0,,0.84,1.38,1.20,0.84,0,0,0,0,4.85,4.77,4.85,0.00,VMS 1,,Tanque,,1.26,1.80,1.62,1.20,4.90,5.21,6.67,2.57
09/06/2025 03:23 p. m.,Ordeño,06:12,11.68,2,,,,,0,,0.84,1.20,1.08,0.72,0,0,0,0,4.64,4.64,4.65,0.00,VMS 1,,Tanque,,1.20,1.68,1.50,1.08,2.96,3.20,3.96,1.56
10/06/2025 01:32 a. m.,Ordeño,08:08,13.78,1,,,,,0,,0.78,1.26,1.20,0.78,0,0,0,0,4.58,4.72,4.71,0.00,VMS 1,,Tanque,,1.14,1.80,1.56,1.14,3.32,3.81,4.75,1.90
10/06/2025 09:45 a. m.,Ordeño,08:04,12.24,2,,,,,0,,0.72,1.32,1.08,0.78,0,0,0,0,4.53,4.69,4.71,0.00,VMS 1,,Tanque,,1.32,1.62,1.50,1.14,2.98,3.37,4.15,1.74
10/06/2025 04:57 p. m.,Ordeño,06:07,10.06,3,,,,,0,,0.90,1.14,1.02,0.72,0,0,0,0,4.58,4.57,4.65,0.00,VMS 1,,Tanque,,1.26,1.68,1.44,1.02,2.39,2.85,3.42,1.40
10/06/2025 11:56 p. m.,Ordeño,06:29,9.16,1,,,,,0,,0.90,1.14,1.08,0.72,0,0,0,0,4.50,4.64,4.59,0.00,VMS 1,,Tanque,,1.20,1.44,1.44,1.14,2.28,2.51,3.08,1.29
11/06/2025 10:07 a. m.,Ordeño,06:41,13.92,2,,,,,0,,0.90,1.20,1.14,0.84,0,0,0,0,4.67,4.56,4.57,0.00,VMS 1,,Tanque,,1.26,1.68,1.44,1.14,3.39,3.82,4.78,1.93
11/06/2025 06:04 p. m.,Ordeño,05:59,10.48,3,,,,,0,,0.96,1.14,1.08,0.78,0,0,0,0,4.52,4.50,4.51,0.00,VMS 1,,Tanque,,1.32,1.74,1.50,1.14,2.51,2.91,3.66,1.40
12/06/2025 02:23 a. m.,Ordeño,10:07,10.58,1,,,TD,TD,0,,0.84,1.20,1.14,0.00,0,0,0,0,4.47,4.66,4.69,0.00,VMS 1,,Tanque,,1.26,1.74,1.56,0.00,3.09,3.27,4.22,0.00
12/06/2025 09:54 a. m.,Ordeño,06:10,13.09,2,,,,,0,,0.90,1.26,1.14,0.84,0,0,0,0,4.86,4.72,4.82,0.00,VMS 1,,Tanque,,1.26,1.74,1.50,1.20,2.91,3.18,3.84,3.16
12/06/2025 05:39 p. m.,Ordeño,07:16,10.72,3,,,,,0,,0.96,1.26,1.08,0.78,0,0,0,0,4.71,4.59,4.70,0.00,VMS 1,,Tanque,,1.32,1.80,1.44,1.20,2.60,2.98,3.71,1.43
13/06/2025 03:44 a. m.,Ordeño,06:49,12.95,1,,DI,,,0,,0.78,1.26,1.08,0.78,0,0,0,0,4.47,4.52,4.48,0.00,VMS 1,,Tanque,,1.26,1.68,1.44,1.32,3.24,3.46,4.60,1.65
13/06/2025 02:39 p. m.,Ordeño,07:37,15.20,2,,,,,0,,0.90,1.38,1.08,0.84,0,0,0,0,4.58,4.59,4.57,0.00,VMS 1,,Tanque,,1.38,1.80,1.56,1.20,3.89,4.12,5.14,2.05
14/06/2025 12:17 a. m.,Ordeño,07:03,13.09,1,,,,,0,,1.02,1.20,1.20,0.84,0,0,0,0,4.46,4.37,4.43,0.00,VMS 1,,Tanque,,1.38,1.74,1.68,1.14,3.16,3.69,4.55,1.69
14/06/2025 10:07 a. m.,Ordeño,09:21,14.52,2,,TD,,,0,,0.96,1.32,0.96,0.84,0,0,0,0,4.45,4.52,0.00,4.57,VMS 1,,Tanque,,1.32,1.74,1.44,1.32,3.67,4.05,4.69,2.11
14/06/2025 06:27 p. m.,Ordeño,07:50,11.72,3,,,,,0,,0.90,1.26,1.08,0.78,0,0,0,0,4.59,4.51,4.64,0.00,VMS 1,,Tanque,,1.26,1.62,1.44,1.08,2.90,3.22,4.00,1.60
15/06/2025 06:44 a. m.,Ordeño,08:43,17.76,1,,,,,0,,0.84,1.44,1.08,0.84,0,0,0,0,4.50,4.51,4.46,0.00,VMS 1,,Tanque,,1.26,1.80,1.68,1.20,4.47,4.84,6.02,2.43
15/06/2025 02:41 p. m.,Ordeño,13:27,9.52,2,,,,,0,,0.84,1.20,1.02,0.66,0,306,0,0,4.12,4.13,4.14,0.00,VMS 1,,Tanque,,1.26,1.74,1.50,1.26,2.36,2.55,3.35,1.26
15/06/2025 11:44 p. m.,Ordeño,07:11,11.84,3,,,,,0,,0.84,1.20,1.08,0.72,0,0,0,0,4.39,4.39,4.42,0.00,VMS 1,,Tanque,,1.20,1.56,1.56,1.08,2.92,3.14,4.15,1.63
16/06/2025 01:40 p. m.,Ordeño,10:04,17.96,1,,,,,0,,0.84,1.38,1.14,0.78,0,0,0,0,4.52,4.53,4.54,0.00,VMS 1,,Tanque,,1.38,1.74,1.44,1.20,4.51,4.87,6.10,2.48
16/06/2025 08:15 p. m.,Ordeño,07:37,6.46,2,,,,,0,,0.78,1.14,1.02,0.54,0,0,0,0,3.94,4.10,4.15,0.00,VMS 1,,Tanque,,1.20,1.74,1.32,0.90,1.51,1.82,2.15,0.98
17/06/2025 03:22 a. m.,Ordeño,06:58,9.24,1,,DI,,,0,,0.96,1.14,1.08,0.72,0,0,0,0,4.39,4.38,4.43,0.00,VMS 1,,Tanque,,1.44,1.68,1.62,1.02,2.19,2.55,3.21,1.29
17/06/2025 02:23 p. m.,Ordeño,08:53,14.92,2,,,,,0,,0.78,1.26,1.14,0.72,0,0,0,0,4.67,4.66,4.73,0.00,VMS 1,,Tanque,,1.32,1.68,1.44,1.14,3.68,4.09,5.14,2.01
17/06/2025 11:12 p. m.,Ordeño,06:16,10.70,3,,,,,0,,0.84,1.20,1.08,0.72,0,0,0,0,4.34,4.40,4.39,0.00,VMS 1,,Tanque,,1.26,1.68,1.74,1.02,2.58,2.94,3.73,1.45
18/06/2025 09:31 a. m.,Ordeño,07:02,14.07,1,,,,,0,,0.84,1.26,1.14,0.78,0,0,0,0,4.48,4.60,4.58,0.00,VMS 1,,Tanque,,1.20,1.80,1.50,1.14,3.38,3.93,4.86,1.90
18/06/2025 05:56 p. m.,Ordeño,05:45,10.30,2,,,,,0,,0.96,1.08,1.08,0.72,0,0,0,0,4.39,4.41,4.40,0.00,VMS 1,,Tanque,,1.38,1.50,1.44,1.08,2.57,2.78,3.59,1.36
19/06/2025 02:40 a. m.,Ordeño,06:33,11.25,1,,,,,0,,0.84,1.26,1.08,0.78,0,0,0,0,4.51,4.55,4.54,0.00,VMS 1,,Tanque,,1.38,1.68,1.44,1.32,2.79,3.13,3.84,1.49
19/06/2025 10:02 a. m.,Ordeño,06:07,9.48,2,,,,,0,,0.84,1.08,1.02,0.78,0,0,0,0,4.58,4.47,4.56,0.00,VMS 1,,Tanque,,1.14,1.44,1.44,1.20,2.40,2.68,3.22,1.18
19/06/2025 05:43 p. m.,Ordeño,06:36,8.60,3,,,,,0,,0.84,0.96,1.02,0.66,0,0,0,0,4.45,4.47,4.54,0.00,VMS 1,,Tanque,,1.20,1.38,1.38,1.02,2.11,2.34,3.01,1.14
20/06/2025 03:15 a. m.,Ordeño,07:39,12.16,1,,,,,0,,0.78,1.20,1.08,0.78,0,0,0,0,4.66,4.66,4.75,0.00,VMS 1,,Tanque,,1.26,1.68,1.50,1.14,3.03,3.36,4.18,1.59
20/06/2025 03:05 p. m.,Ordeño,08:37,13.69,2,,,,,0,,0.84,1.02,1.02,0.60,0,0,0,0,4.30,4.55,4.55,0.00,VMS 1,,Tanque,,1.50,1.50,1.44,0.96,3.41,3.69,4.71,1.88
20/06/2025 09:31 p. m.,Ordeño,05:25,6.08,3,,,,,0,,0.72,0.96,0.90,0.60,0,408,0,0,4.02,4.09,4.08,0.00,VMS 1,,Tanque,,1.14,1.32,1.32,1.02,1.51,1.70,2.07,0.80
21/06/2025 06:07 a. m.,Ordeño,07:29,11.07,1,,,,,0,,0.78,1.14,1.02,0.66,0,0,0,0,4.64,4.74,4.82,0.00,VMS 1,,Tanque,,1.20,1.50,1.44,1.02,2.75,2.98,3.83,1.51
21/06/2025 07:17 p. m.,Ordeño,18:14,2.36,2,,DD,"DI,TI,TD","DI,TI,TD",0,,0.00,0.84,0.00,0.00,0,0,0,0,0.00,5.00,0.00,0.00,VMS 1,,Tanque,,0.00,1.20,0.00,0.00,0.00,2.36,0.00,0.00
22/06/2025 01:14 a. m.,Ordeño,11:49,17.56,1,,,,,0,,0.84,0.90,1.02,0.72,0,0,0,0,4.92,4.39,4.89,0.00,VMS 1,,Tanque,,1.32,1.26,1.38,1.14,4.40,3.77,6.33,3.06
22/06/2025 04:28 p. m.,Ordeño,10:16,14.74,2,,,,,0,,0.66,0.90,0.84,0.60,0,0,0,0,4.21,4.38,4.28,0.00,VMS 1,,Tanque,,0.96,1.38,1.32,0.96,3.44,4.42,4.69,2.19
23/06/2025 02:19 a. m.,Ordeño,08:11,9.21,1,,,,,0,,0.60,0.90,0.84,0.60,0,0,0,0,4.06,4.23,4.24,0.00,VMS 1,,Tanque,,0.84,1.38,1.38,1.02,2.20,2.72,2.96,1.33
23/06/2025 02:15 p. m.,Ordeño,10:06,9.24,2,,TI,TI,TI,0,,0.60,0.78,0.54,0.66,0,0,0,0,4.48,4.42,4.29,0.00,VMS 1,,Tanque,,1.02,1.20,1.08,0.96,3.33,3.86,0.12,1.93
23/06/2025 06:10 p. m.,Ordeño,11:33,8.06,3,,,,,0,TI,0.48,0.66,0.84,0.48,0,0,0,0,4.15,4.26,5.06,0.00,VMS 1,,Tanque,,0.84,1.02,1.38,0.78,1.02,1.15,5.34,0.55
24/06/2025 01:16 a. m.,Ordeño,07:44,7.08,1,,,TD,TD,0,,0.78,0.84,0.84,0.00,0,0,0,0,4.42,4.38,4.26,0.00,VMS 1,,Tanque,,1.14,1.14,1.26,0.00,1.97,2.31,2.80,0.00
24/06/2025 08:53 a. m.,Ordeño,07:01,10.55,2,,,,,0,,0.78,0.78,0.90,0.66,0,0,0,0,4.95,4.79,4.87,0.00,VMS 1,,Tanque,,1.32,1.14,1.32,1.02,2.44,2.66,2.97,2.48
24/06/2025 05:44 p. m.,Ordeño,06:55,11.30,3,,,,,0,,0.72,0.84,0.90,0.60,0,0,0,0,4.85,4.93,4.96,0.00,VMS 1,,Tanque,,1.26,1.32,1.32,0.96,2.96,3.21,3.65,1.48
25/06/2025 03:36 a. m.,Ordeño,08:56,12.36,1,,DI,,,0,,0.78,0.90,0.90,0.66,0,0,0,0,4.74,4.70,4.89,0.00,VMS 1,,Tanque,,1.20,1.26,1.26,1.02,3.31,3.37,4.01,1.67
25/06/2025 01:21 p. m.,Ordeño,08:55,12.05,2,,,,,0,,0.72,0.90,0.84,0.60,0,0,0,0,4.64,4.48,4.69,0.00,VMS 1,,Tanque,,1.20,1.38,1.26,0.84,2.97,3.39,3.96,1.73
25/06/2025 11:02 p. m.,Ordeño,09:10,12.71,3,,,,,0,,0.78,1.02,0.78,0.60,0,0,0,0,4.70,4.64,4.79,0.00,VMS 1,,Tanque,,1.08,1.38,1.20,0.96,3.29,3.56,4.19,1.67
26/06/2025 07:51 a. m.,Ordeño,08:07,12.63,1,,,,,0,,0.66,0.90,0.78,0.54,0,0,0,0,4.83,4.79,5.05,0.00,VMS 1,,Tanque,,0.96,1.32,1.14,0.84,3.19,3.55,4.18,1.71
26/06/2025 06:19 p. m.,Ordeño,08:51,13.76,2,,,,,0,,0.60,1.02,0.84,0.66,0,0,0,0,4.55,4.65,4.87,0.00,VMS 1,,Tanque,,1.02,1.44,1.26,1.08,3.47,3.82,4.63,1.84
27/06/2025 01:35 a. m.,Ordeño,07:30,9.56,1,,,,,0,,0.54,0.96,0.84,0.66,0,0,0,0,4.40,4.66,4.74,0.00,VMS 1,,Tanque,,1.02,1.38,1.14,0.96,2.41,2.60,3.26,1.29
27/06/2025 01:45 p. m.,Ordeño,09:09,15.52,2,,,,,0,,0.66,0.96,0.84,0.60,0,0,0,0,4.61,4.65,4.82,0.00,VMS 1,,Tanque,,1.08,1.38,1.26,1.02,3.84,4.22,5.37,2.09
27/06/2025 09:45 p. m.,Ordeño,08:42,7.75,3,,,,,0,,0.54,0.78,0.60,0.60,0,0,0,0,4.11,4.17,0.00,4.45,VMS 1,,Tanque,,0.84,1.20,0.90,0.96,1.89,2.09,2.65,1.12
28/06/2025 08:05 a. m.,Ordeño,09:13,12.59,1,,,,,0,,0.60,0.90,0.72,0.60,0,0,0,0,4.35,4.36,4.29,0.00,VMS 1,,Tanque,,1.02,1.32,1.14,0.90,3.02,3.44,4.35,1.78
28/06/2025 05:33 p. m.,Ordeño,08:08,10.62,2,,,,,0,,0.66,0.84,0.84,0.60,0,0,0,0,4.39,4.38,4.56,0.00,VMS 1,,Tanque,,1.14,1.26,1.32,0.96,2.57,2.89,3.70,1.46
29/06/2025 01:15 a. m.,Ordeño,07:25,9.42,1,,,,,0,,0.72,0.90,0.84,0.60,0,0,0,0,4.40,4.45,4.55,0.00,VMS 1,,Tanque,,1.14,1.32,1.32,1.02,2.34,2.59,3.26,1.23
29/06/2025 10:00 a. m.,Ordeño,08:09,11.54,2,,,,,0,,0.78,0.90,0.90,0.60,0,0,0,0,4.67,4.65,4.81,0.00,VMS 1,,Tanque,,1.32,1.44,1.62,1.02,2.82,3.11,4.00,1.61
29/06/2025 10:23 p. m.,Ordeño,10:05,15.77,3,,,,,0,,0.78,1.14,0.90,0.72,0,0,0,0,4.53,4.66,4.67,0.00,VMS 1,,Tanque,,1.20,1.56,1.26,1.08,3.99,4.29,5.38,2.11
30/06/2025 06:01 a. m.,Ordeño,08:13,10.00,1,,,,,0,,0.78,1.08,0.90,0.60,0,0,0,0,4.47,4.67,4.66,0.00,VMS 1,,Tanque,,1.08,1.50,1.26,0.96,2.54,2.68,3.47,1.31
30/06/2025 04:11 p. m.,Ordeño,09:08,13.85,2,,,,,0,,0.78,1.02,0.90,0.66,0,0,0,0,4.82,4.94,4.92,0.00,VMS 1,,Tanque,,1.26,1.44,1.44,1.14,3.41,3.83,4.76,1.85
30/06/2025 10:48 p. m.,Ordeño,06:25,8.62,3,,,,,0,,0.84,0.96,0.84,0.60,0,0,0,0,4.54,4.52,4.68,0.00,VMS 1,,Tanque,,1.20,1.38,1.26,0.90,2.13,2.33,3.01,1.15
01/07/2025 07:28 a. m.,Ordeño,07:48,11.60,1,,,,,0,,0.78,1.08,0.90,0.66,0,0,0,0,4.74,4.72,4.74,0.00,VMS 1,,Tanque,,1.20,1.50,1.32,1.08,2.83,3.20,3.97,1.60
01/07/2025 06:35 p. m.,Ordeño,08:40,14.67,2,,,,,0,,0.90,0.96,0.90,0.66,0,0,0,0,4.66,4.68,4.73,0.00,VMS 1,,Tanque,,1.62,1.44,1.32,1.08,3.69,3.97,5.02,1.99
02/07/2025 04:26 a. m.,Ordeño,07:44,12.71,1,,,,,0,,0.84,1.02,0.84,0.66,0,0,0,0,4.47,4.46,4.46,0.00,VMS 1,,Tanque,,1.20,1.44,1.38,0.96,3.18,3.37,4.43,1.73
02/07/2025 05:30 p. m.,Ordeño,09:20,14.22,2,,,,,0,,0.72,1.14,1.02,0.66,0,0,0,0,4.44,4.53,4.50,0.00,VMS 1,,Tanque,,1.20,1.62,1.38,1.08,3.63,3.81,4.91,1.87
03/07/2025 12:10 a. m.,Ordeño,06:47,6.39,1,,,DI,DI,0,,0.00,0.90,0.96,0.66,0,0,0,0,0.00,4.41,4.50,0.00,VMS 1,,Tanque,,0.00,1.26,1.38,0.96,0.00,2.36,2.96,1.07
03/07/2025 07:36 a. m.,Ordeño,10:02,11.75,2,,,,,0,,0.84,1.02,0.96,0.72,0,0,0,0,4.91,4.86,4.84,0.00,VMS 1,,Tanque,,1.20,1.44,1.26,1.02,4.29,2.71,3.37,1.38
03/07/2025 04:22 p. m.,Ordeño,07:00,11.69,3,,,,,0,,0.72,1.02,0.96,0.72,0,0,0,0,4.58,5.01,4.89,0.00,VMS 1,,Tanque,,1.14,1.44,1.32,1.02,2.76,3.28,4.06,1.59
04/07/2025 01:24 a. m.,Ordeño,07:27,11.31,1,,,,,0,,0.78,1.08,1.02,0.66,0,0,0,0,4.57,4.67,4.76,0.00,VMS 1,,Tanque,,1.14,1.50,1.38,0.96,2.62,3.16,3.91,1.62
04/07/2025 10:02 a. m.,Ordeño,07:51,10.37,2,,,,,0,,0.72,1.08,1.02,0.60,0,0,0,0,4.49,4.57,4.54,0.00,VMS 1,,Tanque,,1.08,1.56,1.38,1.02,2.48,2.84,3.64,1.41
04/07/2025 07:09 p. m.,Ordeño,08:18,10.29,3,,,,,0,,0.72,1.08,0.96,0.72,0,0,0,0,4.63,4.77,4.68,0.00,VMS 1,,Tanque,,1.02,1.56,1.26,1.02,2.51,2.87,3.56,1.35
05/07/2025 05:37 a. m.,Ordeño,07:57,13.05,1,,,,,0,,0.84,1.08,1.08,0.72,0,0,0,0,4.79,4.75,4.73,0.00,VMS 1,,Tanque,,1.20,1.50,1.44,1.14,3.22,3.60,4.50,1.73
05/07/2025 01:19 p. m.,Ordeño,06:46,8.65,2,,,,,0,,0.72,1.02,0.96,0.66,0,0,0,0,4.50,4.56,4.54,0.00,VMS 1,,Tanque,,1.44,1.44,1.38,0.96,2.11,2.40,2.92,1.22
05/07/2025 11:04 p. m.,Ordeño,07:25,12.53,3,,,,,0,,0.72,1.08,0.96,0.66,0,0,0,0,4.79,4.79,4.83,0.00,VMS 1,,Tanque,,1.26,1.62,1.32,0.96,3.11,3.34,4.34,1.74
06/07/2025 06:30 a. m.,Ordeño,09:08,9.89,1,,,,,0,,0.84,1.08,0.96,0.66,0,0,0,0,4.79,4.67,4.68,0.00,VMS 1,,Tanque,,1.20,1.56,1.32,0.90,2.49,2.76,3.28,1.36
06/07/2025 02:44 p. m.,Ordeño,07:56,10.40,2,,,,,0,,0.78,1.02,0.90,0.66,0,0,0,0,4.85,4.79,4.89,0.00,VMS 1,,Tanque,,1.32,1.50,1.50,0.96,2.61,2.87,3.59,1.33
07/07/2025 12:05 a. m.,Ordeño,08:08,11.76,1,,,,,0,,0.90,1.02,1.02,0.66,0,0,0,0,4.98,4.79,4.84,0.00,VMS 1,,Tanque,,1.26,1.50,1.44,1.02,2.91,3.30,4.03,1.52
07/07/2025 11:14 a. m.,Ordeño,11:27,11.65,2,,,TD,TD,0,,0.90,0.96,1.02,0.00,0,0,0,0,4.79,4.60,4.82,0.00,VMS 1,,Tanque,,1.38,1.68,1.38,0.00,3.48,3.62,4.55,0.00
07/07/2025 06:06 p. m.,Ordeño,06:34,10.33,3,,,,,0,,0.84,0.90,0.90,0.72,0,0,0,0,4.78,4.74,4.68,0.00,VMS 1,,Tanque,,1.32,1.32,1.26,1.02,2.22,2.34,2.87,2.90
08/07/2025 02:17 a. m.,Ordeño,07:40,10.68,1,,,,,0,,0.84,0.96,0.96,0.60,0,0,0,0,4.86,4.87,4.95,0.00,VMS 1,,Tanque,,1.26,1.38,1.32,1.02,2.70,2.84,3.67,1.47
08/07/2025 09:04 a. m.,Ordeño,10:00,9.11,2,,,,,0,,0.84,1.02,0.84,0.48,0,0,0,0,4.73,4.80,4.67,0.00,VMS 1,,Tanque,,1.38,1.74,1.26,0.84,2.40,2.54,3.03,1.14
08/07/2025 04:10 p. m.,Ordeño,07:06,9.46,3,,,,,0,,0.78,1.02,0.96,0.48,0,0,0,0,4.91,4.99,4.97,0.00,VMS 1,,Tanque,,1.26,1.38,1.32,0.84,2.41,2.52,3.34,1.19
09/07/2025 01:57 a. m.,Ordeño,07:13,13.36,1,,,,,0,,0.90,1.14,1.02,0.54,0,0,0,0,4.76,4.80,4.85,0.00,VMS 1,,Tanque,,1.38,1.56,1.44,0.96,3.37,3.64,4.55,1.80
09/07/2025 10:07 a. m.,Ordeño,06:31,10.70,2,,,,,0,,0.96,1.02,1.02,0.42,0,0,0,0,4.77,4.66,4.71,0.00,VMS 1,,Tanque,,1.32,1.56,1.38,0.72,2.71,2.95,3.65,1.39
09/07/2025 07:45 p. m.,Ordeño,06:28,11.57,3,,DI,,,0,,0.96,1.02,1.08,0.60,0,0,0,0,4.78,4.75,4.74,0.00,VMS 1,,Tanque,,1.68,1.62,1.50,1.02,2.98,3.10,4.01,1.48
10/07/2025 02:48 a. m.,Ordeño,09:13,8.38,1,,,TD,,0,,0.84,1.14,1.02,0.24,0,0,0,0,4.72,4.80,4.82,0.00,VMS 1,,Tanque,,1.62,1.62,1.74,0.60,2.33,2.60,3.24,0.21
10/07/2025 10:04 a. m.,Ordeño,06:23,9.42,2,,,,,0,,0.78,1.20,0.96,0.42,0,0,0,0,4.87,4.97,4.96,0.00,VMS 1,,Tanque,,1.38,1.74,1.38,0.78,2.47,2.76,3.44,0.75
10/07/2025 07:43 p. m.,Ordeño,06:45,11.02,3,,,DI,DI,0,,0.00,1.14,1.14,0.78,0,0,0,0,0.00,4.98,4.97,0.00,VMS 1,,Tanque,,0.00,1.44,1.56,1.20,0.00,3.76,4.66,2.60
11/07/2025 03:56 a. m.,Ordeño,09:10,13.48,1,,,,,0,,0.84,1.14,1.14,0.66,0,0,0,0,4.99,4.99,4.96,0.00,VMS 1,,Tanque,,1.26,1.68,1.50,0.96,4.81,3.28,4.17,1.22
11/07/2025 03:30 p. m.,Ordeño,12:27,15.40,2,,,,,0,,0.84,1.08,1.08,0.48,0,0,0,0,4.46,4.86,4.94,0.00,VMS 1,,Tanque,,1.50,1.62,1.68,0.78,3.74,4.38,5.51,1.77
11/07/2025 10:17 p. m.,Ordeño,05:51,9.45,3,,,,,0,,0.84,1.08,1.02,0.66,0,0,0,0,4.76,4.86,4.72,0.00,VMS 1,,Tanque,,1.32,1.44,1.38,1.02,2.27,2.69,3.41,1.08
12/07/2025 06:16 a. m.,Ordeño,06:41,11.29,1,,,,,0,,0.96,1.02,1.02,0.66,0,0,0,0,4.89,4.87,4.92,0.00,VMS 1,,Tanque,,1.32,1.44,1.50,0.96,2.63,3.25,4.08,1.33
12/07/2025 06:49 p. m.,Ordeño,09:15,16.76,2,,DI,,,0,,0.96,1.14,1.08,0.60,0,0,0,0,5.07,4.80,4.94,0.00,VMS 1,,Tanque,,1.44,1.56,1.44,0.96,4.07,4.79,5.97,1.93
13/07/2025 03:29 a. m.,Ordeño,11:21,11.65,1,,,,,0,,0.78,1.20,1.02,0.72,0,0,0,0,4.60,4.59,4.55,0.00,VMS 1,,Tanque,,1.38,1.62,1.44,1.20,2.82,3.12,4.04,1.67
13/07/2025 03:35 p. m.,Ordeño,08:33,15.57,2,,,,,0,,0.84,1.32,1.02,0.84,0,0,0,0,4.79,4.91,4.71,0.00,VMS 1,,Tanque,,1.50,1.62,1.50,1.26,3.83,4.04,5.28,2.42
13/07/2025 11:19 p. m.,Ordeño,11:04,8.09,3,,,TD,TD,0,,0.72,1.14,0.96,0.00,0,0,0,0,4.55,4.58,4.55,0.00,VMS 1,,Tanque,,1.26,1.56,1.80,0.00,2.18,2.67,3.24,0.00
14/07/2025 03:49 a. m.,Ordeño,06:16,7.81,1,,,,,0,,0.84,1.02,1.02,0.72,0,0,0,0,4.62,4.35,4.43,0.00,VMS 1,,Tanque,,1.20,1.44,1.50,1.08,1.63,1.67,2.30,2.21
14/07/2025 02:09 p. m.,Ordeño,09:15,12.67,2,,DI,,,0,,0.78,1.02,0.90,0.42,0,0,0,0,5.01,4.77,4.89,0.00,VMS 1,,Tanque,,1.32,1.44,1.44,0.78,3.11,3.38,4.43,1.75
15/07/2025 12:45 a. m.,Ordeño,12:23,11.29,1,,,TD,TD,0,,0.96,1.14,1.08,0.00,0,0,0,0,4.87,4.10,4.57,0.00,VMS 1,,Tanque,,1.62,1.68,1.80,0.00,3.00,3.74,4.55,0.00
15/07/2025 10:41 a. m.,Ordeño,07:21,16.00,2,,,,,0,,0.90,1.08,1.08,0.84,0,0,0,0,4.87,4.74,4.86,0.00,VMS 1,,Tanque,,1.44,1.44,1.44,1.32,3.76,3.68,4.92,3.64
15/07/2025 06:27 p. m.,Ordeño,13:02,2.75,3,,,"DI,DD,TD","DI,DD,TD",0,,0.00,0.00,0.96,0.00,0,0,0,0,0.00,0.00,4.78,0.00,VMS 1,,Tanque,,0.00,0.00,1.26,0.00,0.00,0.00,2.75,0.00
16/07/2025 03:37 a. m.,Ordeño,19:34,8.52,1,,,"TI,TD","TI,TD",0,,0.96,1.14,0.00,0.00,382,0,0,0,5.26,4.99,0.00,0.00,VMS 1,,Tanque,,1.38,1.56,0.00,0.00,3.63,4.89,0.00,0.00
16/07/2025 10:22 a. m.,Ordeño,08:37,16.16,2,,,,,0,,0.90,1.08,1.14,0.84,0,0,0,0,4.30,4.26,4.77,0.00,VMS 1,,Tanque,,1.32,1.50,1.56,1.32,2.98,2.49,7.16,3.53
16/07/2025 07:26 p. m.,Ordeño,08:29,9.58,3,,,,,0,,0.84,1.14,1.08,0.78,0,0,0,0,4.51,4.82,4.49,0.00,VMS 1,,Tanque,,1.56,1.68,1.50,1.20,2.28,2.67,3.36,1.27
17/07/2025 02:16 a. m.,Ordeño,05:30,8.65,1,,,,,0,,0.78,1.14,1.08,0.72,0,0,0,0,5.00,5.02,4.79,0.00,VMS 1,,Tanque,,1.32,1.50,1.44,1.32,2.10,2.45,3.05,1.05
17/07/2025 11:30 a. m.,Ordeño,08:15,12.86,2,,,,,0,,0.90,1.08,1.02,0.48,0,0,0,0,5.26,5.21,5.07,0.00,VMS 1,,Tanque,,1.74,1.56,1.44,0.78,3.20,3.57,4.45,1.64
17/07/2025 09:24 p. m.,Ordeño,06:49,12.53,3,,DD,,,0,,0.96,1.08,1.08,0.84,0,0,0,0,4.94,4.86,5.01,0.00,VMS 1,,Tanque,,1.32,1.74,1.44,1.32,3.36,2.89,4.48,1.80
18/07/2025 07:39 a. m.,Ordeño,07:10,15.51,1,,DI,,,0,,1.02,1.20,1.08,0.84,0,0,0,0,5.07,5.14,5.00,0.00,VMS 1,,Tanque,,1.56,1.56,1.50,1.38,3.83,4.59,5.10,1.99
18/07/2025 02:06 p. m.,Ordeño,07:05,7.36,2,,,TD,TD,0,,0.90,0.96,1.02,0.00,0,311,0,0,4.94,4.80,4.94,0.00,VMS 1,,Tanque,,1.26,1.44,1.38,0.00,2.18,2.35,2.83,0.00
18/07/2025 06:53 p. m.,Ordeño,04:59,7.85,3,,,,,0,,0.96,0.96,1.08,0.78,0,0,0,0,4.94,4.79,4.94,0.00,VMS 1,,Tanque,,1.32,1.32,1.50,1.14,1.63,1.77,2.37,2.08
19/07/2025 06:04 a. m.,Ordeño,13:09,9.70,1,,,TI,TI,0,,0.90,1.20,0.00,0.84,0,0,0,0,5.09,4.86,0.00,0.00,VMS 1,,Tanque,,1.44,1.86,0.00,1.32,3.56,4.15,0.00,1.99
19/07/2025 04:52 p. m.,Ordeño,09:01,15.72,2,,DI,,,0,,0.78,1.08,1.08,0.72,0,0,0,0,4.91,5.02,5.07,0.00,VMS 1,,Tanque,,1.38,1.44,1.44,1.02,3.78,3.70,6.24,2.00
20/07/2025 07:18 a. m.,Ordeño,09:48,19.16,1,,,,,0,,0.84,1.32,1.20,0.84,0,0,0,0,4.76,4.80,4.50,0.00,VMS 1,,Tanque,,1.50,2.22,1.62,1.32,5.23,5.31,5.77,2.85
20/07/2025 01:59 p. m.,Ordeño,08:03,8.12,2,,,,,0,,0.72,1.08,0.96,0.84,0,0,0,0,4.56,4.54,0.00,4.50,VMS 1,,Tanque,,1.08,1.44,1.26,1.20,2.16,2.23,2.44,1.29
20/07/2025 10:40 p. m.,Ordeño,08:05,8.02,3,,,DD,DD,0,,0.84,0.00,1.02,0.72,0,0,0,0,4.82,0.00,4.82,0.00,VMS 1,,Tanque,,1.26,0.00,1.44,1.14,2.91,0.00,3.39,1.72
21/07/2025 09:48 a. m.,Ordeño,11:02,17.83,1,,,,,0,,0.96,1.02,1.14,0.84,0,0,0,0,4.81,5.05,4.74,0.00,VMS 1,,Tanque,,1.74,1.68,1.68,1.32,3.92,6.84,4.82,2.25
21/07/2025 05:20 p. m.,Ordeño,06:02,8.42,2,,DI,,,0,,0.96,0.90,0.96,0.60,356,0,0,0,4.79,4.46,4.75,0.00,VMS 1,,Tanque,,1.38,1.38,1.38,0.96,2.23,1.84,3.02,1.33
22/07/2025 09:22 a. m.,Ordeño,09:55,14.97,1,,,DD,DD,0,,1.02,0.00,1.14,0.78,0,0,0,0,4.97,0.00,4.90,0.00,VMS 1,,Tanque,,1.38,0.00,1.68,1.20,5.26,0.00,6.84,2.87
22/07/2025 06:02 p. m.,Ordeño,10:27,13.80,2,,DI,,TD,0,,0.90,1.26,1.20,0.00,0,0,0,0,4.61,5.21,4.72,0.00,VMS 1,,Tanque,,1.62,1.74,1.62,0.00,2.88,7.03,3.89,0.00
23/07/2025 02:41 a. m.,Ordeño,06:04,12.45,1,,DI,,,0,,1.02,1.02,1.14,0.84,0,0,0,0,4.97,4.40,4.97,0.00,VMS 1,,Tanque,,1.74,1.44,1.56,1.26,3.03,2.35,3.94,3.13
23/07/2025 10:56 a. m.,Ordeño,05:54,10.10,2,,DI,,,0,,0.90,0.90,1.08,0.66,0,0,0,0,4.83,4.70,4.81,0.00,VMS 1,,Tanque,,1.74,1.44,1.50,0.96,2.91,2.05,3.81,1.33
23/07/2025 05:56 p. m.,Ordeño,10:08,9.07,3,,,,,0,,1.02,0.96,0.96,0.66,0,0,0,0,4.96,4.82,4.96,0.00,VMS 1,,Tanque,,1.44,1.38,1.38,0.96,2.48,2.13,3.15,1.31
24/07/2025 02:50 a. m.,Ordeño,06:45,12.34,1,,,,,0,,0.96,1.02,1.08,0.72,0,0,0,0,4.86,5.03,4.85,0.00,VMS 1,,Tanque,,1.62,1.44,1.50,1.08,3.39,2.88,4.47,1.60
24/07/2025 01:55 p. m.,Ordeño,08:37,14.36,2,,DI,,,0,,0.84,0.96,0.96,0.72,0,0,0,0,4.61,4.95,4.90,0.00,VMS 1,,Tanque,,1.44,1.80,1.32,1.14,3.80,3.54,5.00,2.02
24/07/2025 10:57 p. m.,Ordeño,06:39,10.90,3,,DI,,,0,,0.84,1.02,0.96,0.72,0,0,0,0,4.48,4.75,4.64,0.00,VMS 1,,Tanque,,1.62,1.44,1.32,1.08,2.92,2.65,3.84,1.49
25/07/2025 10:46 a. m.,Ordeño,14:06,14.70,1,,,,,0,,0.78,1.20,0.96,0.60,0,0,0,0,4.43,4.68,0.00,4.24,VMS 1,,Tanque,,1.26,2.04,1.44,1.02,3.76,3.95,4.86,2.13
25/07/2025 10:33 p. m.,Ordeño,07:47,10.03,2,,,DD,DD,0,,0.90,0.00,0.96,0.72,0,0,0,0,4.50,0.00,4.51,0.00,VMS 1,,Tanque,,1.38,0.00,1.32,1.08,3.42,0.00,4.76,1.85
26/07/2025 06:34 a. m.,Ordeño,09:05,12.81,1,,,,,0,,0.90,1.14,1.08,0.78,0,0,0,0,4.62,4.94,4.51,0.00,VMS 1,,Tanque,,1.50,1.56,1.50,1.14,2.48,5.72,3.35,1.26
26/07/2025 08:03 p. m.,Ordeño,10:40,15.40,2,,DI,,,0,,0.96,1.14,0.90,0.78,0,0,0,0,4.79,4.55,4.80,0.00,VMS 1,,Tanque,,1.68,1.62,1.26,1.68,3.99,3.70,4.33,3.38
27/07/2025 05:43 a. m.,Ordeño,06:18,10.68,1,,,,,0,,0.96,1.38,1.08,0.78,0,440,0,0,4.18,4.41,4.28,0.00,VMS 1,,Tanque,,1.50,1.92,1.44,1.20,2.85,2.67,3.87,1.29
27/07/2025 01:44 p. m.,Ordeño,06:56,7.88,2,,,,,0,,0.78,0.96,0.90,0.66,0,0,0,0,4.11,4.27,4.21,0.00,VMS 1,,Tanque,,1.26,1.38,1.26,1.02,1.96,2.00,2.80,1.12
27/07/2025 11:18 p. m.,Ordeño,06:10,7.64,3,,,DD,DD,0,,0.90,0.00,1.02,0.72,0,0,0,0,4.40,0.00,4.49,0.00,VMS 1,,Tanque,,1.38,0.00,1.44,1.02,2.62,0.00,3.67,1.35
28/07/2025 07:30 a. m.,Ordeño,10:14,11.43,1,,,,,0,,0.96,1.02,1.02,0.66,0,0,0,0,4.60,4.66,4.42,0.00,VMS 1,,Tanque,,1.38,1.56,1.50,1.08,2.20,4.81,3.22,1.20
28/07/2025 03:29 p. m.,Ordeño,05:48,8.58,2,,,,,0,,0.84,0.90,0.96,0.66,0,0,0,0,4.32,4.18,4.43,0.00,VMS 1,,Tanque,,1.44,1.32,1.44,0.96,2.21,2.05,3.12,1.20
28/07/2025 10:45 p. m.,Ordeño,06:55,6.60,3,,,DD,DD,0,,0.84,0.00,1.02,0.66,0,0,0,0,4.53,0.00,4.66,0.00,VMS 1,,Tanque,,1.26,0.00,1.50,0.96,2.25,0.00,3.16,1.19
29/07/2025 02:17 a. m.,Ordeño,06:58,6.08,1,,,,,0,,0.78,1.14,0.90,0.54,0,0,0,0,4.66,4.94,4.67,0.00,VMS 1,,Tanque,,1.08,1.68,1.32,0.84,0.94,3.10,1.43,0.61
29/07/2025 12:47 p. m.,Ordeño,08:35,12.83,2,,DI,,,0,,0.90,0.84,1.08,0.72,0,335,0,0,4.82,4.56,4.89,0.00,VMS 1,,Tanque,,1.50,1.32,1.50,1.02,3.38,3.14,4.66,1.65
29/07/2025 07:40 p. m.,Ordeño,07:22,8.10,3,,,,,0,,0.90,0.84,1.02,0.66,0,0,0,0,4.53,4.51,4.69,0.00,VMS 1,,Tanque,,1.26,1.20,1.32,1.02,2.03,1.99,2.92,1.16
30/07/2025 03:20 a. m.,Ordeño,06:44,10.55,1,,,,,0,,0.90,0.96,1.02,0.72,0,0,0,0,4.83,4.85,4.99,0.00,VMS 1,,Tanque,,1.56,1.44,1.50,1.08,2.74,2.64,3.76,1.41
30/07/2025 11:27 a. m.,Ordeño,06:21,7.75,2,,,DD,DD,0,,0.84,0.00,0.96,0.60,0,0,0,0,4.69,0.00,4.86,0.00,VMS 1,,Tanque,,1.20,0.00,1.32,0.90,2.68,0.00,3.72,1.35
30/07/2025 03:11 p. m.,Ordeño,09:30,6.99,3,,,,,0,"DD,TI",0.78,0.96,0.84,1.74,0,0,0,0,4.68,5.15,4.90,3.82,VMS 3,,Tanque,,1.20,1.56,1.20,3.36,1.22,3.96,1.42,0.39
31/07/2025 12:42 a. m.,Ordeño,07:15,12.99,1,,DI,,,0,,0.78,1.14,0.96,0.78,0,0,0,0,4.55,4.61,4.77,4.90,VMS 3,,Tanque,,1.32,1.56,1.32,1.14,3.40,3.17,4.22,2.20
31/07/2025 11:55 a. m.,Ordeño,07:27,13.85,2,,DI,,,0,,0.84,1.14,1.02,0.72,0,0,0,0,4.48,4.68,4.63,4.51,VMS 3,,Tanque,,1.86,1.62,1.50,1.08,3.71,3.56,4.79,1.79
31/07/2025 07:48 p. m.,Ordeño,06:39,10.00,3,,,,,0,,0.84,1.14,0.90,0.66,0,0,0,0,4.37,4.61,4.68,4.43,VMS 3,,Tanque,,1.32,1.56,1.26,1.02,2.85,2.62,3.30,1.23
01/08/2025 02:40 a. m.,Ordeño,06:48,9.45,1,,,,,0,,0.78,1.20,0.90,0.60,0,0,0,0,4.57,4.83,4.68,4.67,VMS 3,,Tanque,,1.50,1.62,1.26,0.90,2.65,2.44,3.19,1.17
01/08/2025 10:15 a. m.,Ordeño,06:38,10.03,2,,,,,0,,0.78,1.14,0.96,0.72,0,0,0,0,4.49,4.75,4.69,4.56,VMS 3,,Tanque,,1.50,1.56,1.56,1.02,2.73,2.72,3.33,1.25
01/08/2025 06:03 p. m.,Ordeño,06:23,10.45,3,,,,,0,,0.90,1.14,0.90,0.66,0,0,0,0,4.54,4.76,4.74,4.72,VMS 3,,Tanque,,1.68,1.68,1.26,1.02,2.89,2.76,3.41,1.39
02/08/2025 02:29 a. m.,Ordeño,07:01,11.15,1,,,,,0,,0.84,1.08,0.90,0.66,0,0,0,0,4.67,4.84,4.74,4.59,VMS 3,,Tanque,,1.50,1.62,1.32,0.96,3.05,3.01,3.64,1.45
02/08/2025 10:03 a. m.,Ordeño,06:15,10.89,2,,,,,0,,0.78,1.08,0.90,0.72,0,0,0,0,4.47,4.66,4.60,4.62,VMS 3,,Tanque,,1.32,1.62,1.32,1.08,3.03,2.86,3.62,1.38
02/08/2025 07:06 p. m.,Ordeño,07:30,12.40,3,,,,,0,,0.84,1.14,0.84,0.66,0,0,0,0,4.52,4.81,4.69,4.74,VMS 3,,Tanque,,1.56,1.62,1.26,0.90,3.39,3.35,4.05,1.61
03/08/2025 08:18 a. m.,Ordeño,10:15,18.69,1,,,,,0,,0.96,1.26,1.02,0.72,0,0,0,0,4.48,4.68,4.57,4.57,VMS 3,,Tanque,,1.68,1.68,1.38,1.02,5.00,5.06,6.23,2.40
03/08/2025 02:56 p. m.,Ordeño,05:48,8.28,2,,,,,0,,0.84,1.08,0.90,0.66,0,0,0,0,4.22,4.39,4.43,4.24,VMS 3,,Tanque,,1.38,1.62,1.32,0.90,2.31,2.24,2.67,1.06
04/08/2025 04:48 a. m.,Ordeño,09:18,18.02,1,,,,,0,,0.84,1.20,1.08,0.72,0,0,0,0,4.43,4.60,4.52,4.42,VMS 3,,Tanque,,1.32,1.74,1.44,1.08,4.81,4.86,6.05,2.30
04/08/2025 04:16 p. m.,Ordeño,09:15,14.44,2,,,,,0,,0.78,1.08,0.96,0.66,0,0,0,0,4.27,4.52,4.57,4.33,VMS 3,,Tanque,,1.38,1.50,1.44,0.96,4.03,3.94,4.67,1.80
05/08/2025 02:54 a. m.,Ordeño,08:21,13.73,1,,,,,0,,0.84,1.08,1.02,0.66,0,0,0,0,4.48,4.59,4.48,4.48,VMS 3,,Tanque,,1.26,1.50,1.32,1.02,3.57,3.82,4.56,1.78
05/08/2025 01:49 p. m.,Ordeño,08:13,13.95,2,,,,,0,,0.78,1.08,0.96,0.72,0,0,0,0,4.32,4.59,4.49,4.57,VMS 3,,Tanque,,1.20,1.44,1.32,1.08,3.79,3.79,4.54,1.83
06/08/2025 12:04 a. m.,Ordeño,06:58,12.31,1,,,,,0,,0.84,1.26,1.02,0.72,0,0,0,0,4.31,4.56,4.48,4.40,VMS 3,,Tanque,,1.50,1.68,1.44,1.08,3.31,3.40,4.05,1.55
06/08/2025 09:35 a. m.,Ordeño,07:14,12.37,2,,,,,0,,0.84,1.20,0.96,0.78,0,0,0,0,4.44,4.61,4.70,4.61,VMS 3,,Tanque,,1.26,1.62,1.38,1.08,3.50,3.31,4.00,1.56
07/08/2025 01:20 a. m.,Ordeño,11:24,21.60,1,,DI,,,0,,0.84,1.26,0.96,0.84,0,0,0,0,4.97,4.93,5.02,5.12,VMS 3,,Tanque,,1.56,1.80,1.38,1.26,5.70,5.84,7.14,2.92
07/08/2025 09:08 a. m.,Ordeño,06:50,10.10,2,,,,,0,,0.84,1.26,0.90,0.72,0,0,0,0,4.35,4.53,4.46,4.55,VMS 3,,Tanque,,1.50,1.68,1.26,1.14,2.80,2.83,3.18,1.29
07/08/2025 06:27 p. m.,Ordeño,07:43,12.16,3,,,,,0,,0.90,1.08,1.02,0.78,0,0,0,0,4.85,4.88,4.86,4.77,VMS 3,,Tanque,,1.26,1.56,1.38,1.08,3.16,3.35,4.02,1.63
08/08/2025 01:49 a. m.,Ordeño,06:50,9.71,1,,,,,0,,0.84,1.08,0.96,0.66,0,0,0,0,4.66,4.67,4.74,4.82,VMS 3,,Tanque,,1.20,1.50,1.38,1.14,2.63,2.69,3.13,1.26
08/08/2025 05:01 p. m.,Ordeño,09:30,20.29,2,,DI,,,0,,0.84,1.32,1.02,0.84,0,0,0,0,4.66,4.83,4.67,4.87,VMS 3,,Tanque,,1.56,1.80,1.32,1.20,5.33,5.44,6.88,2.64
09/08/2025 03:27 a. m.,Ordeño,08:05,12.28,1,,,,,0,,0.90,1.20,1.08,0.72,0,0,0,0,4.21,4.44,4.33,4.37,VMS 3,,Tanque,,1.32,1.74,1.44,1.08,3.39,3.24,4.09,1.56
09/08/2025 07:19 p. m.,Ordeño,09:40,18.27,2,,,,,0,,0.96,1.26,1.02,0.78,0,0,0,0,4.54,4.66,4.51,4.65,VMS 3,,Tanque,,1.44,1.74,1.44,1.14,4.88,4.97,6.07,2.35
10/08/2025 06:50 a. m.,Ordeño,08:34,10.59,1,,,TD,TD,0,,0.90,1.08,1.02,0.00,0,0,0,0,4.22,4.38,4.30,0.00,VMS 3,,Tanque,,1.50,1.62,1.44,0.00,3.28,3.36,3.95,0.00
10/08/2025 05:36 p. m.,Ordeño,06:34,13.15,2,,,,,0,,0.90,1.08,1.02,0.84,0,0,0,0,4.54,4.66,4.66,5.11,VMS 3,,Tanque,,1.50,1.50,1.38,1.14,3.21,3.27,3.76,2.91
11/08/2025 02:55 a. m.,Ordeño,07:17,10.79,1,,,,,0,,0.84,1.26,1.08,0.72,0,0,0,0,4.28,4.45,4.49,4.33,VMS 3,,Tanque,,1.56,1.68,1.50,1.08,3.01,2.97,3.59,1.22
11/08/2025 07:17 p. m.,Ordeño,10:26,20.19,2,,DI,,,0,,0.90,1.32,1.20,0.84,0,0,0,0,4.85,4.85,4.88,5.04,VMS 3,,Tanque,,1.50,1.62,1.56,1.14,5.46,5.25,7.09,2.39
12/08/2025 02:56 a. m.,Ordeño,07:23,9.25,1,,,,,0,,0.78,1.14,0.96,0.72,0,0,0,0,4.24,4.43,4.32,4.37,VMS 3,,Tanque,,1.26,1.56,1.26,1.02,2.65,2.57,2.92,1.11
12/08/2025 01:44 p. m.,Ordeño,07:58,12.49,2,,"DI,DD",,,0,,0.84,1.08,0.96,0.72,0,0,0,0,4.68,4.68,4.82,4.77,VMS 3,,Tanque,,1.32,1.62,1.38,1.14,3.39,3.46,4.11,1.53
13/08/2025 03:25 a. m.,Ordeño,07:59,17.63,1,,,,,0,,0.96,1.32,1.20,0.84,0,0,0,0,4.79,4.74,4.61,4.95,VMS 3,,Tanque,,1.38,1.80,1.68,1.20,4.81,4.74,6.05,2.03
13/08/2025 10:11 a. m.,Ordeño,07:54,6.44,2,,,TD,TD,0,,0.78,1.08,1.02,0.00,0,0,0,0,4.28,4.56,4.34,0.00,VMS 3,,Tanque,,1.32,1.38,1.44,0.00,2.06,2.01,2.37,0.00
13/08/2025 04:51 p. m.,Ordeño,05:34,8.62,3,,,,,0,,0.78,1.02,0.96,0.78,0,0,0,0,4.47,4.65,4.60,4.97,VMS 3,,Tanque,,1.20,1.62,1.38,1.14,2.08,2.15,2.41,1.98
14/08/2025 12:44 a. m.,Ordeño,06:40,10.26,1,,,,,0,,0.84,1.14,0.90,0.66,0,0,0,0,4.92,4.92,4.90,4.77,VMS 3,,Tanque,,1.32,1.68,1.32,0.96,2.81,2.87,3.32,1.26
14/08/2025 08:01 a. m.,Ordeño,06:17,9.31,2,,,,,0,,0.78,1.20,0.84,0.66,0,0,0,0,4.52,4.73,4.71,4.60,VMS 3,,Tanque,,1.44,1.68,1.20,0.96,2.62,2.54,2.92,1.23
14/08/2025 06:03 p. m.,Ordeño,07:00,12.38,3,,DI,,,0,,0.96,1.08,0.96,0.60,0,0,0,0,4.80,4.79,4.78,4.66,VMS 3,,Tanque,,1.62,1.56,1.26,0.90,3.39,3.43,4.09,1.47
15/08/2025 07:37 a. m.,Ordeño,08:01,16.77,1,,DI,,,0,,0.96,1.38,1.08,0.78,0,0,0,0,4.73,4.70,4.71,4.88,VMS 3,,Tanque,,1.68,1.86,1.44,1.32,4.81,4.29,5.53,2.14
15/08/2025 03:08 p. m.,Ordeño,05:36,9.44,2,,,,,0,,0.84,1.08,1.02,0.66,0,0,0,0,4.40,4.51,4.48,4.43,VMS 3,,Tanque,,1.38,1.56,1.32,0.96,2.58,2.56,3.08,1.22
15/08/2025 09:50 p. m.,Ordeño,05:56,7.66,3,,,,,0,,0.78,1.20,0.96,0.60,0,0,0,0,4.69,4.57,4.62,4.55,VMS 3,,Tanque,,1.14,1.62,1.26,0.90,2.20,2.07,2.42,0.97
16/08/2025 07:26 a. m.,Ordeño,09:46,9.61,1,,,DD,,0,,0.84,0.96,1.02,1.08,0,0,0,0,4.80,4.65,4.69,4.69,VMS 3,,Tanque,,1.44,1.80,1.32,1.74,2.87,0.87,3.80,2.07
16/08/2025 06:07 p. m.,Ordeño,06:59,12.91,2,,,,,0,TD,0.90,1.02,0.84,0.72,0,0,0,0,4.53,4.59,4.57,5.41,VMS 3,,Tanque,,1.56,1.50,1.26,1.32,3.05,3.14,3.67,3.05
17/08/2025 03:25 a. m.,Ordeño,08:42,7.89,1,,,TI,TI,0,,0.96,1.26,0.00,0.96,0,0,0,0,4.19,4.29,0.00,4.04,VMS 3,,Tanque,,1.44,1.68,0.00,1.44,2.40,2.51,0.00,2.98
17/08/2025 08:53 a. m.,Ordeño,05:33,6.42,2,,,,,0,,0.78,1.08,0.84,0.72,0,0,0,0,4.05,4.34,4.19,4.58,VMS 3,,Tanque,,1.26,1.44,1.20,1.02,1.50,1.53,1.87,1.52
18/08/2025 12:16 a. m.,Ordeño,08:10,15.26,1,,DI,,,0,,0.90,1.14,1.08,0.66,0,0,0,0,4.49,4.41,4.40,4.19,VMS 3,,Tanque,,1.56,1.62,1.50,1.08,4.13,4.13,5.27,1.73
18/08/2025 09:18 a. m.,Ordeño,10:35,7.48,2,,,TI,TI,0,,0.84,1.08,0.00,0.90,0,0,0,0,4.09,4.16,0.00,4.02,VMS 3,,Tanque,,1.26,1.50,0.00,1.32,2.42,2.32,0.00,2.74
18/08/2025 06:02 p. m.,Ordeño,05:37,9.52,3,,,,,0,,0.90,1.02,0.90,0.72,0,0,0,0,4.21,4.42,4.35,4.77,VMS 3,,Tanque,,1.20,1.44,1.20,1.08,2.35,2.41,2.73,2.03
19/08/2025 05:10 a. m.,Ordeño,07:27,11.69,1,,,,,0,,0.84,1.02,0.90,0.66,0,0,0,0,4.49,4.54,4.65,4.34,VMS 3,,Tanque,,1.56,1.50,1.32,1.02,3.24,3.22,3.85,1.38
19/08/2025 10:00 p. m.,Ordeño,10:52,15.51,2,,DI,TD,TD,0,,0.90,1.02,0.96,0.00,0,0,0,0,4.68,4.78,4.84,0.00,VMS 3,,Tanque,,1.62,1.50,1.80,0.00,4.69,4.86,5.96,0.00
22/08/2025 07:25 a. m.,Ordeño,06:27,7.75,1,,,,,0,,0.72,1.02,0.84,0.60,0,0,0,0,4.45,4.32,4.31,4.41,VMS 3,,Tanque,,1.14,1.56,1.32,0.96,1.81,2.41,2.51,1.02
22/08/2025 04:39 p. m.,Ordeño,09:23,7.91,2,,,TD,,0,,0.84,0.96,0.90,0.84,0,0,0,0,4.70,4.41,4.71,4.34,VMS 3,,Tanque,,1.32,1.32,1.62,1.20,1.83,2.45,2.99,0.64
23/08/2025 06:48 a. m.,Ordeño,08:38,14.74,1,,,,,0,,0.96,1.14,1.02,0.72,0,0,0,0,5.10,4.83,4.87,4.96,VMS 3,,Tanque,,1.68,1.68,1.44,1.14,3.72,4.28,5.06,1.68
23/08/2025 05:04 p. m.,Ordeño,08:15,10.27,2,,,,,0,,0.90,1.08,1.08,0.72,0,0,0,0,4.87,4.65,4.68,4.75,VMS 3,,Tanque,,1.32,1.50,1.44,1.14,2.68,2.88,3.45,1.26
24/08/2025 01:39 a. m.,Ordeño,06:45,8.26,1,,,,,0,,0.78,1.08,0.96,0.72,0,0,0,0,4.61,4.64,4.70,4.74,VMS 3,,Tanque,,1.26,1.44,1.44,1.08,2.22,2.34,2.65,1.05
24/08/2025 01:45 p. m.,Ordeño,07:57,14.51,2,,,,,0,,0.78,1.14,1.02,0.72,0,0,0,0,5.34,5.10,5.11,5.23,VMS 3,,Tanque,,1.32,1.68,1.38,1.08,3.82,4.08,4.84,1.77
24/08/2025 11:05 p. m.,Ordeño,06:01,11.17,3,,DI,,,0,,0.90,1.20,1.08,0.72,0,0,0,0,4.82,4.82,4.79,4.54,VMS 3,,Tanque,,1.38,1.68,1.44,1.08,3.01,3.16,3.73,1.27
25/08/2025 10:45 a. m.,Ordeño,07:33,14.25,1,,DI,,,0,,0.90,1.08,1.02,0.66,0,0,0,0,4.88,4.87,4.91,4.83,VMS 3,,Tanque,,1.50,1.50,1.38,1.08,3.77,3.97,4.78,1.73
25/08/2025 07:48 p. m.,Ordeño,07:02,9.03,2,,DI,,,0,,0.90,1.14,1.02,0.36,0,0,0,0,4.57,4.49,4.57,4.19,VMS 3,,Tanque,,1.44,1.56,1.32,0.78,2.59,2.69,3.09,0.66
26/08/2025 06:04 a. m.,Ordeño,07:49,11.81,1,,,,,0,,0.78,1.08,1.02,0.72,0,0,0,0,4.57,4.69,4.57,4.93,VMS 3,,Tanque,,1.44,1.50,1.44,1.08,3.11,3.00,3.82,1.88
26/08/2025 06:55 p. m.,Ordeño,08:23,16.16,2,,DI,,,0,,0.84,1.20,0.96,0.72,0,0,0,0,4.89,4.93,5.05,4.96,VMS 3,,Tanque,,1.56,1.80,1.32,1.02,4.28,4.36,5.50,2.02
27/08/2025 03:26 a. m.,Ordeño,06:10,10.27,1,,,,,0,,0.90,1.14,0.90,0.66,0,0,0,0,4.50,4.62,4.64,4.47,VMS 3,,Tanque,,1.56,1.62,1.32,0.96,2.82,2.87,3.34,1.24
27/08/2025 07:34 p. m.,Ordeño,09:11,16.17,2,,DI,,,0,,0.84,1.14,1.02,0.72,0,0,0,0,4.54,4.67,4.72,4.76,VMS 3,,Tanque,,1.32,1.74,1.26,1.02,4.39,4.42,5.39,1.97
28/08/2025 06:27 a. m.,Ordeño,06:12,10.90,1,,,,,0,,0.96,0.96,1.08,0.72,0,0,0,0,4.25,4.47,4.33,4.37,VMS 3,,Tanque,,1.56,1.50,1.38,1.08,2.89,3.04,3.70,1.27
28/08/2025 06:35 p. m.,Ordeño,07:06,13.70,2,,DI,,,0,,0.84,1.08,1.02,0.72,0,0,0,0,4.79,4.88,5.00,4.83,VMS 3,,Tanque,,1.50,1.56,1.32,1.08,3.67,3.75,4.60,1.68
29/08/2025 04:47 a. m.,Ordeño,07:05,10.94,1,,"DI,DD",,,0,,0.84,0.96,0.90,0.66,0,0,0,0,4.49,4.61,4.66,4.40,VMS 3,,Tanque,,1.74,1.56,1.26,1.14,2.97,3.04,3.64,1.29
29/08/2025 11:43 p. m.,Ordeño,10:11,19.92,2,,DI,,,0,,0.84,1.20,1.08,0.72,0,0,0,0,4.73,4.89,4.72,4.88,VMS 3,,Tanque,,1.56,1.80,1.50,1.02,5.45,5.06,7.09,2.32
30/08/2025 09:47 a. m.,Ordeño,07:56,9.39,1,,,,,0,,0.72,1.08,0.90,0.66,0,0,0,0,4.07,4.36,4.27,4.12,VMS 3,,Tanque,,1.26,1.56,1.26,1.14,2.70,2.54,3.01,1.14
30/08/2025 06:16 p. m.,Ordeño,09:39,7.80,2,,,TI,TI,0,,0.78,0.90,0.00,0.96,0,0,0,0,4.64,4.83,0.00,4.78,VMS 3,,Tanque,,1.14,1.26,0.00,1.32,2.41,2.44,0.00,2.95
31/08/2025 01:54 a. m.,Ordeño,05:27,9.71,1,,,,,0,,0.84,1.08,0.96,0.72,0,0,0,0,4.72,4.75,4.84,5.12,VMS 3,,Tanque,,1.62,1.62,1.32,1.02,2.34,2.43,2.79,2.15
31/08/2025 09:16 a. m.,Ordeño,08:07,8.09,2,,,,,0,,0.84,1.02,0.96,0.60,0,0,0,0,4.72,4.82,4.89,4.47,VMS 3,,Tanque,,1.44,1.44,1.32,1.08,2.20,2.32,2.43,1.14
31/08/2025 05:17 p. m.,Ordeño,05:36,9.17,3,,,,,0,,0.90,1.14,0.96,0.66,0,0,0,0,4.99,5.07,4.95,4.96,VMS 3,,Tanque,,1.38,1.62,1.26,0.96,2.56,2.67,2.85,1.09
01/09/2025 02:46 a. m.,Ordeño,06:34,10.94,1,,,,,0,,0.84,1.14,1.02,0.66,0,0,0,0,4.80,4.87,4.88,4.82,VMS 3,,Tanque,,1.50,1.56,1.62,1.02,3.01,2.93,3.64,1.36
01/09/2025 02:09 p. m.,Ordeño,08:09,10.09,2,,DI,TD,TD,0,,0.78,1.26,1.02,0.00,0,0,0,0,4.52,4.68,4.48,0.00,VMS 3,,Tanque,,1.56,1.74,1.50,0.00,2.43,3.25,4.41,0.00
01/09/2025 06:20 p. m.,Ordeño,04:48,6.02,3,,,,,0,,0.90,1.08,0.90,0.72,0,0,0,0,4.46,4.40,4.38,4.98,VMS 3,,Tanque,,1.20,1.62,1.26,1.02,1.93,1.06,1.16,1.87
02/09/2025 01:29 a. m.,Ordeño,05:55,7.24,1,,,,,0,,0.90,1.14,0.96,0.66,0,0,0,0,4.30,4.53,4.67,4.38,VMS 3,,Tanque,,1.38,1.62,1.26,0.96,1.94,2.06,2.36,0.88
02/09/2025 08:38 a. m.,Ordeño,08:55,7.58,2,,,,,0,,0.78,1.14,0.90,0.66,0,0,0,0,4.67,4.82,4.87,4.60,VMS 3,,Tanque,,1.20,1.80,1.44,1.08,2.04,2.00,2.66,0.88
02/09/2025 03:54 p. m.,Ordeño,08:10,6.58,3,,,,TD,0,,0.84,1.02,0.90,0.00,0,0,0,0,4.45,4.62,4.34,0.00,VMS 3,,Tanque,,1.20,1.62,1.38,0.00,1.94,2.13,2.51,0.00
03/09/2025 02:41 a. m.,Ordeño,07:05,12.01,1,,DI,,,0,,0.78,1.20,0.90,0.72,0,0,0,0,4.46,4.75,4.75,5.00,VMS 3,,Tanque,,1.38,1.80,1.20,1.02,3.07,3.05,3.78,2.11
03/09/2025 02:30 p. m.,Ordeño,07:18,13.35,2,,,,,0,,0.84,1.32,1.02,0.72,0,0,0,0,4.66,4.81,4.89,4.73,VMS 3,,Tanque,,1.50,1.74,1.38,1.02,3.58,3.55,4.66,1.56
04/09/2025 03:44 a. m.,Ordeño,07:45,14.43,1,,,,,0,,0.84,1.26,1.02,0.72,0,0,0,0,4.47,4.66,4.76,4.60,VMS 3,,Tanque,,1.68,1.62,1.44,1.14,3.90,3.88,4.92,1.73
04/09/2025 02:22 p. m.,Ordeño,06:25,10.28,2,,,,,0,,0.78,1.20,0.90,0.66,0,0,0,0,4.23,4.47,4.40,4.52,VMS 3,,Tanque,,1.26,1.68,1.26,1.02,2.85,2.88,3.35,1.20
05/09/2025 02:50 a. m.,Ordeño,08:20,13.44,1,,,,,0,,0.84,1.20,1.02,0.78,0,0,0,0,4.62,4.80,4.93,4.80,VMS 3,,Tanque,,1.26,1.68,1.38,1.14,3.58,3.78,4.44,1.64
05/09/2025 06:26 p. m.,Ordeño,08:32,18.49,2,,DI,,,0,,0.90,1.26,1.14,0.84,0,0,0,0,4.80,4.97,4.93,5.07,VMS 3,,Tanque,,1.56,1.74,1.56,1.14,5.01,5.00,6.22,2.26
06/09/2025 03:22 a. m.,Ordeño,07:23,9.91,1,,,,,0,,0.78,1.26,1.02,0.72,0,0,0,0,4.37,4.50,4.31,4.44,VMS 3,,Tanque,,1.32,1.68,1.32,1.02,2.74,2.77,3.21,1.19
06/09/2025 01:45 p. m.,Ordeño,06:17,11.57,2,,,,,0,,0.84,1.20,1.02,0.66,0,0,0,0,4.59,4.69,4.60,4.74,VMS 3,,Tanque,,1.44,1.56,1.32,1.02,3.20,3.17,3.75,1.45
07/09/2025 12:41 a. m.,Ordeño,07:26,7.47,1,,,TI,TI,0,,0.96,1.08,0.00,0.66,0,0,0,0,4.46,4.69,0.00,4.59,VMS 3,,Tanque,,1.50,1.68,0.00,0.96,2.99,3.02,0.00,1.46
07/09/2025 08:03 a. m.,Ordeño,08:26,12.35,2,,,,,0,,0.84,1.20,1.14,0.66,0,0,0,0,4.64,4.85,4.75,4.78,VMS 3,,Tanque,,1.56,1.68,1.44,0.96,2.37,2.41,6.50,1.07
07/09/2025 03:35 p. m.,Ordeño,06:30,7.67,3,,,,,0,,0.84,1.20,1.02,0.66,0,0,0,0,4.78,4.89,4.49,5.00,VMS 3,,Tanque,,1.44,1.62,1.32,1.02,2.26,2.22,2.14,1.05
08/09/2025 12:40 a. m.,Ordeño,05:41,9.46,1,,,,,0,,0.84,1.20,0.96,0.72,0,0,0,0,4.48,4.70,4.40,4.51,VMS 3,,Tanque,,1.26,1.56,1.26,1.08,2.66,2.90,2.71,1.19
08/09/2025 08:58 a. m.,Ordeño,06:25,8.90,2,,,,,0,,0.96,1.14,1.02,0.66,0,0,0,0,3.98,4.51,4.54,4.45,VMS 3,,Tanque,,1.56,1.62,1.32,0.90,2.83,2.45,2.54,1.08
08/09/2025 06:22 p. m.,Ordeño,08:34,7.93,3,,,TD,TD,0,,0.90,1.08,0.90,0.00,0,0,0,0,4.33,4.44,4.32,0.00,VMS 3,,Tanque,,1.50,1.56,1.20,0.00,2.44,2.62,2.87,0.00
09/09/2025 01:24 a. m.,Ordeño,05:01,8.09,1,,,,,0,,0.84,1.02,0.84,0.72,0,0,0,0,4.28,4.50,4.57,4.87,VMS 3,,Tanque,,1.38,1.50,1.20,1.26,2.00,2.02,2.04,2.03
09/09/2025 10:42 a. m.,Ordeño,06:44,9.95,2,,DI,,,0,,0.96,1.08,0.96,0.66,0,0,0,0,4.53,4.70,4.68,4.38,VMS 3,,Tanque,,1.44,1.56,1.26,0.90,2.73,2.83,3.14,1.25
09/09/2025 11:14 p. m.,Ordeño,07:41,12.96,3,,DI,,,0,,0.72,1.26,0.96,0.66,0,0,0,0,4.35,4.68,4.64,4.50,VMS 3,,Tanque,,1.38,1.74,1.38,1.02,3.58,3.62,4.24,1.52
10/09/2025 10:19 a. m.,Ordeño,07:00,11.78,1,,DI,,,0,,0.84,1.08,0.90,0.60,0,0,0,0,4.34,4.61,4.55,4.46,VMS 3,,Tanque,,1.74,1.68,1.32,0.90,3.25,3.32,3.82,1.39
11/09/2025 01:14 a. m.,Ordeño,08:57,16.23,1,,DI,,,0,,0.84,1.20,0.90,0.66,0,0,0,0,4.49,4.66,4.82,4.66,VMS 3,,Tanque,,1.56,1.68,1.32,1.02,4.37,4.61,5.32,1.93
12/09/2025 03:46 a. m.,Ordeño,09:29,12.24,1,,,,,0,,0.90,1.14,0.96,0.66,0,0,0,0,4.42,4.60,4.63,4.31,VMS 3,,Tanque,,1.44,1.62,1.32,1.02,3.38,3.41,4.20,1.25
12/09/2025 04:36 p. m.,Ordeño,10:30,13.49,2,,,,,0,,1.02,1.14,0.90,0.78,0,0,0,0,4.56,4.60,4.44,4.63,VMS 3,,Tanque,,1.74,1.62,1.32,1.08,3.61,3.72,4.32,1.84
13/09/2025 07:27 a. m.,Ordeño,07:46,14.86,1,,DI,,,0,,0.90,1.20,1.02,0.72,0,0,0,0,4.34,4.60,4.60,4.49,VMS 3,,Tanque,,1.32,1.62,1.44,1.02,4.11,4.01,4.96,1.78
13/09/2025 05:40 p. m.,Ordeño,05:56,9.55,2,,DI,,,0,,0.96,1.14,0.96,0.72,0,0,0,0,4.42,4.59,4.62,4.46,VMS 3,,Tanque,,1.56,1.56,1.32,1.02,2.62,2.72,3.08,1.13
14/09/2025 08:36 a. m.,Ordeño,08:29,15.23,1,,DI,,,0,,0.96,1.02,0.96,0.66,0,0,0,0,4.64,4.73,4.82,4.50,VMS 3,,Tanque,,1.56,1.50,1.32,1.02,4.17,4.21,5.05,1.80
14/09/2025 06:10 p. m.,Ordeño,06:59,10.11,2,,DI,,,0,,0.78,1.14,0.90,0.72,0,0,0,0,4.38,4.56,4.57,4.45,VMS 3,,Tanque,,1.32,1.62,1.26,1.02,2.79,2.83,3.25,1.24
15/09/2025 09:51 a. m.,Ordeño,09:58,13.80,1,,DI,TD,TD,0,,0.90,1.14,0.96,0.00,0,0,0,0,4.44,4.63,4.74,0.00,VMS 3,,Tanque,,1.56,1.68,1.38,0.00,4.20,4.43,5.17,0.00
16/09/2025 01:32 a. m.,Ordeño,08:00,5.88,1,,,,TD,0,,0.84,1.08,0.84,0.00,0,0,0,0,4.18,4.46,4.38,0.00,VMS 3,,Tanque,,1.38,1.50,1.26,0.00,1.82,1.93,2.13,0.00
16/09/2025 10:50 a. m.,Ordeño,06:42,11.36,2,,DI,,,0,,1.08,1.14,0.90,0.66,0,0,0,0,4.74,4.79,4.90,4.66,VMS 3,,Tanque,,1.74,1.74,1.38,0.96,2.97,3.09,3.59,1.71
16/09/2025 07:21 p. m.,Ordeño,07:43,8.01,3,,,TD,TD,0,,0.96,1.02,0.90,0.00,0,0,0,0,4.35,4.45,4.47,0.00,VMS 3,,Tanque,,1.44,1.44,1.32,0.00,2.47,2.55,2.99,0.00
17/09/2025 09:20 a. m.,Ordeño,07:52,17.16,1,,DI,,,0,,0.96,1.26,1.02,0.84,0,0,0,0,4.66,4.82,4.94,5.07,VMS 3,,Tanque,,1.38,2.04,1.38,1.26,4.46,4.57,5.61,2.52
17/09/2025 10:17 p. m.,Ordeño,07:52,13.58,2,,DI,,,0,,0.96,1.26,0.96,0.72,0,0,0,0,4.26,4.55,4.59,4.35,VMS 3,,Tanque,,1.56,1.80,1.38,1.08,3.86,3.90,4.53,1.29
18/09/2025 08:41 a. m.,Ordeño,06:46,11.38,1,,DI,,,0,,1.08,1.26,0.96,0.72,0,0,0,0,4.34,4.54,4.60,4.34,VMS 3,,Tanque,,1.68,1.86,1.38,1.14,3.25,3.24,3.89,1.00
18/09/2025 11:36 p. m.,Ordeño,08:27,15.90,2,,DI,,,0,,0.90,1.32,1.02,0.78,0,0,0,0,4.48,4.66,4.73,4.81,VMS 3,,Tanque,,1.62,1.86,1.32,1.08,4.48,4.37,5.37,1.68
19/09/2025 11:37 a. m.,Ordeño,07:41,12.71,1,,,,,0,,0.78,1.20,0.96,0.78,0,0,0,0,4.21,4.46,4.46,4.56,VMS 3,,Tanque,,1.38,1.62,1.32,1.02,3.65,3.55,4.20,1.31
19/09/2025 09:05 p. m.,Ordeño,07:05,10.11,2,,,,,0,,0.84,1.32,1.02,0.66,0,0,0,0,4.20,4.49,4.39,4.47,VMS 3,,Tanque,,1.50,1.80,1.38,1.02,2.84,2.89,3.32,1.06
20/09/2025 08:57 a. m.,Ordeño,07:48,12.91,1,,,,,0,,0.90,1.26,0.96,0.72,0,0,0,0,4.38,4.63,4.63,4.59,VMS 3,,Tanque,,1.56,1.68,1.50,1.08,3.66,3.63,4.24,1.38
20/09/2025 04:12 p. m.,Ordeño,05:11,7.06,2,,,,,0,,0.84,1.08,0.90,0.60,0,0,0,0,4.03,4.42,4.34,4.49,VMS 3,,Tanque,,1.50,1.50,1.26,0.90,2.00,2.05,2.23,0.78
21/09/2025 08:10 a. m.,Ordeño,08:27,16.39,1,,DI,,,0,,0.96,1.20,1.08,0.72,0,0,0,0,4.55,4.63,4.74,4.70,VMS 3,,Tanque,,1.56,1.80,1.56,1.08,4.46,4.67,5.44,1.82
21/09/2025 04:08 p. m.,Ordeño,08:51,6.59,2,,,,TD,0,,0.90,1.08,0.96,0.24,0,0,0,0,4.07,4.29,4.22,3.82,VMS 3,,Tanque,,1.20,1.56,1.38,0.72,2.01,2.07,2.34,0.17
22/09/2025 03:47 a. m.,Ordeño,06:25,11.90,1,,DI,,,0,,0.96,1.14,1.02,0.66,0,0,0,0,4.20,4.49,4.49,4.71,VMS 3,,Tanque,,1.50,1.56,1.50,1.14,3.15,3.27,3.74,1.74
22/09/2025 03:28 p. m.,Ordeño,10:34,9.65,2,,DI,TD,TD,0,,1.08,1.02,1.02,0.00,0,0,0,0,4.45,4.57,4.60,0.00,VMS 3,,Tanque,,1.92,1.62,1.44,0.00,2.61,3.20,3.84,0.00
23/09/2025 01:46 a. m.,Ordeño,06:02,10.34,1,,,,,0,TD,1.02,1.02,0.96,0.72,0,0,0,0,4.24,4.38,4.27,4.93,VMS 3,,Tanque,,1.50,1.56,1.38,1.08,2.92,2.47,2.95,2.00
23/09/2025 10:21 a. m.,Ordeño,08:19,5.74,2,,DI,,TD,0,,1.02,0.90,0.96,0.00,0,0,0,0,4.00,4.31,4.28,0.00,VMS 3,,Tanque,,1.38,1.32,1.38,0.00,1.78,1.84,2.12,0.00
23/09/2025 10:43 p. m.,Ordeño,06:12,10.52,3,,,,,0,,0.90,1.08,0.96,0.78,0,0,0,0,4.20,4.49,4.47,4.86,VMS 3,,Tanque,,1.32,1.50,1.32,1.14,2.85,2.87,3.32,1.48
24/09/2025 10:50 a. m.,Ordeño,07:33,9.84,1,,,,,0,,1.02,1.08,0.96,0.66,0,0,0,0,4.44,4.55,4.63,4.60,VMS 3,,Tanque,,1.56,1.56,1.50,1.14,2.78,2.83,3.39,0.84
24/09/2025 11:44 p. m.,Ordeño,10:44,10.00,2,,,TD,TD,0,,0.84,1.02,0.96,0.00,0,0,0,0,4.27,4.57,4.48,0.00,VMS 3,,Tanque,,1.50,1.50,1.44,0.00,3.17,3.05,3.78,0.00
25/09/2025 04:54 a. m.,Ordeño,07:03,4.62,1,,,,,0,TI,0.48,0.90,0.72,0.78,0,0,0,0,2.61,4.11,4.95,3.99,VMS 3,,Tanque,,1.14,1.38,1.08,1.26,0.97,1.11,1.24,1.30
27/09/2025 08:37 a. m.,Ordeño,07:56,10.23,1,,,,,0,,0.84,1.08,0.96,0.72,0,0,0,0,4.72,4.59,4.54,4.71,VMS 3,,Tanque,,1.50,1.50,1.32,1.08,2.88,2.97,3.56,0.82
27/09/2025 05:06 p. m.,Ordeño,07:32,7.53,2,,,,,0,,0.84,1.26,0.96,0.60,0,0,0,0,4.65,4.64,4.66,4.82,VMS 3,,Tanque,,1.38,1.62,1.38,0.90,2.26,2.18,2.44,0.65
28/09/2025 01:52 a. m.,Ordeño,06:06,7.51,1,,,,TD,0,,0.90,1.02,0.84,0.00,0,0,0,0,4.56,4.81,4.73,0.00,VMS 3,,Tanque,,1.56,1.56,1.20,0.00,2.40,2.46,2.65,0.00
28/09/2025 10:14 a. m.,Ordeño,05:38,8.46,2,,,,,0,TD,0.90,1.02,0.84,0.72,0,0,0,0,4.43,4.62,4.63,5.41,VMS 3,,Tanque,,1.62,1.50,1.20,1.08,2.34,2.29,2.51,1.32
28/09/2025 04:58 p. m.,Ordeño,09:52,5.89,3,,,,TI,0,,0.84,0.96,0.00,0.84,0,0,0,0,4.28,4.62,0.00,4.53,VMS 3,,Tanque,,1.32,1.26,0.00,1.20,1.97,1.85,0.00,2.07
29/09/2025 01:11 a. m.,Ordeño,09:48,8.33,1,,,,,0,,0.84,0.96,0.90,0.66,0,0,0,0,4.47,4.69,4.74,5.13,VMS 3,,Tanque,,1.38,1.38,1.50,1.02,2.22,2.35,2.56,1.20
29/09/2025 11:05 a. m.,Ordeño,09:46,9.03,2,,,,TI,0,,0.96,1.08,0.00,0.84,0,0,0,0,4.81,4.84,0.00,4.86,VMS 3,,Tanque,,1.50,1.50,0.00,1.20,2.80,2.89,0.00,3.34
29/09/2025 05:47 p. m.,Ordeño,06:12,7.33,3,,DI,,,0,TD,0.84,0.96,0.84,0.66,0,0,0,0,4.26,4.64,4.70,5.36,VMS 3,,Tanque,,1.38,1.38,1.26,1.20,1.85,1.98,2.11,1.39
30/09/2025 12:07 a. m.,Ordeño,08:39,6.04,1,,,,TD,0,,0.90,0.90,0.84,0.00,0,0,0,0,4.49,4.69,4.69,0.00,VMS 3,,Tanque,,1.38,1.38,1.32,0.00,1.91,1.95,2.18,0.00
30/09/2025 10:35 a. m.,Ordeño,08:26,10.01,2,,DD,,TD,0,,0.90,1.02,0.90,0.00,0,0,0,0,4.63,4.81,4.77,0.00,VMS 3,,Tanque,,1.44,1.56,1.26,0.00,3.08,3.12,3.81,0.00
01/10/2025 09:06 a. m.,Ordeño,08:28,9.70,1,,DI,TD,TD,0,,0.96,1.08,0.96,0.00,0,0,0,0,4.22,4.34,4.36,0.00,VMS 3,,Tanque,,1.62,1.68,1.50,0.00,3.02,3.01,3.67,0.00
01/10/2025 03:12 p. m.,Ordeño,05:02,5.87,2,,DI,,,0,TD,0.96,0.84,0.78,0.66,0,0,0,0,3.93,4.32,4.23,4.95,VMS 3,,Tanque,,1.68,1.26,1.14,1.02,1.59,1.50,1.77,1.01
02/10/2025 12:58 a. m.,Ordeño,07:46,9.94,1,,,,,0,,0.78,0.96,0.84,0.60,0,0,0,0,4.12,4.43,4.48,4.38,VMS 3,,Tanque,,1.44,1.50,1.26,0.96,2.93,2.95,3.37,0.69
02/10/2025 08:46 a. m.,Ordeño,07:59,7.44,2,,,,TD,0,,0.84,0.84,0.84,0.00,0,0,0,0,4.19,4.42,4.42,0.00,VMS 3,,Tanque,,1.32,1.32,1.26,0.00,2.32,2.34,2.78,0.00
02/10/2025 11:04 p. m.,Ordeño,09:47,13.52,3,,DI,TD,TD,0,,1.02,1.14,1.02,0.00,0,0,0,0,4.40,4.54,4.58,0.00,VMS 3,,Tanque,,1.62,1.68,1.44,0.00,4.16,4.22,5.14,0.00
03/10/2025 07:49 p. m.,Ordeño,08:25,7.08,2,,,,TD,0,,0.84,0.90,0.90,0.00,0,0,0,0,3.80,4.25,4.17,0.00,VMS 3,,Tanque,,1.26,1.56,1.32,0.00,2.28,2.21,2.59,0.00
05/10/2025 01:03 a. m.,Ordeño,09:24,3.29,1,,,"DD,TI",TD,0,,0.72,0.66,0.84,0.00,656,0,0,0,3.24,3.72,3.67,0.00,VMS 3,,Tanque,,1.14,1.32,1.56,0.00,1.11,1.07,1.11,0.00
05/10/2025 01:04 p. m.,Ordeño,06:53,9.64,2,,,,,0,TD,0.78,0.90,0.90,0.60,0,0,0,0,4.15,4.46,4.43,4.97,VMS 3,,Tanque,,1.26,1.38,1.38,0.96,2.88,2.84,3.11,0.81
05/10/2025 07:49 p. m.,Ordeño,07:59,5.63,3,,TD,,,0,,0.66,0.78,0.66,0.78,0,0,0,0,4.21,4.54,4.22,4.28,VMS 3,,Tanque,,1.20,1.14,1.20,1.44,1.80,1.88,0.35,1.60
06/10/2025 03:21 a. m.,Ordeño,07:10,7.10,1,,,,,0,TI,0.78,0.84,0.66,0.84,0,0,0,0,4.25,4.53,5.14,4.50,VMS 3,,Tanque,,1.44,1.20,1.02,1.20,1.97,2.06,0.84,2.23
06/10/2025 11:58 a. m.,Ordeño,07:03,8.48,2,,,,,0,,0.72,0.84,0.84,0.54,0,0,0,0,4.26,4.72,4.67,4.71,VMS 3,,Tanque,,1.20,1.38,1.20,0.90,2.63,2.55,2.76,0.54
06/10/2025 09:45 p. m.,Ordeño,08:27,10.45,3,,,,,0,,0.78,0.90,0.90,0.48,0,0,0,0,4.50,4.85,4.77,4.50,VMS 3,,Tanque,,1.20,1.32,1.26,0.78,3.09,3.12,3.56,0.68
07/10/2025 08:05 a. m.,Ordeño,08:09,10.70,1,,,,,0,,0.84,1.08,0.96,0.60,0,0,0,0,4.52,4.71,4.66,4.86,VMS 3,,Tanque,,1.56,1.50,1.26,0.90,3.15,3.18,3.58,0.79
07/10/2025 05:42 p. m.,Ordeño,06:48,10.05,2,,,,,0,,0.84,1.02,0.96,0.60,0,0,0,0,4.39,4.68,4.68,4.87,VMS 3,,Tanque,,1.20,1.50,1.26,0.96,2.97,3.10,3.30,0.68
08/10/2025 02:48 a. m.,Ordeño,12:26,9.58,1,,,,TD,0,,0.84,0.84,1.02,0.00,0,0,0,0,4.68,4.81,4.75,0.00,VMS 3,,Tanque,,1.38,1.44,1.32,0.00,3.02,2.90,3.66,0.00
09/10/2025 09:11 a. m.,Ordeño,11:21,11.29,1,,TD,,,0,,0.96,0.90,0.84,0.90,0,0,0,0,3.63,4.22,4.24,4.07,VMS 3,,Tanque,,3.36,1.38,1.50,1.26,3.81,3.18,2.58,1.72
09/10/2025 06:17 p. m.,Ordeño,07:07,7.54,2,,,,,0,,0.90,0.90,0.72,0.48,0,0,0,0,4.46,4.48,4.53,3.82,VMS 3,,Tanque,,1.50,1.38,1.14,0.78,2.46,2.40,2.20,0.48
10/10/2025 03:54 a. m.,Ordeño,09:21,2.39,1,,,"DI,TI","DI,TI,TD",0,,0.00,0.96,0.00,0.00,0,0,0,0,0.00,4.49,0.00,0.00,VMS 3,,Tanque,,0.00,1.38,0.00,0.00,0.00,2.39,0.00,0.00
11/10/2025 01:06 a. m.,Ordeño,07:24,4.10,1,,,"DI,TI","DI,TI",0,,0.00,0.96,0.00,0.90,0,0,0,0,0.00,4.41,0.00,4.24,VMS 3,,Tanque,,0.00,1.44,0.00,1.20,0.00,2.03,0.00,2.07
12/10/2025 12:08 p. m.,Ordeño,08:59,8.59,1,,,TI,,0,,0.84,0.84,0.54,1.02,0,0,0,0,3.60,4.13,4.19,3.89,VMS 3,,Tanque,,1.26,1.38,0.96,1.50,2.01,2.59,0.83,3.16
13/10/2025 02:49 a. m.,Ordeño,10:44,9.15,1,,,TD,,0,,0.66,1.02,0.90,0.60,0,0,0,0,3.67,4.26,4.20,4.02,VMS 3,,Tanque,,1.08,1.50,1.38,0.96,2.14,2.95,3.36,0.70
13/10/2025 02:46 p. m.,Ordeño,10:06,8.53,2,,,,,0,,0.78,0.84,0.84,0.54,0,0,0,0,4.13,4.27,4.32,4.10,VMS 3,,Tanque,,1.14,1.32,1.20,0.78,2.24,2.67,2.96,0.66
13/10/2025 10:22 p. m.,Ordeño,12:28,5.02,3,,,,TD,0,,0.72,0.84,0.90,0.00,0,0,0,0,4.11,4.24,4.04,0.00,VMS 3,,Tanque,,1.08,1.20,1.26,0.00,1.36,1.74,1.92,0.00
14/10/2025 08:20 a. m.,Ordeño,07:16,8.30,1,,,,,0,TD,0.78,0.96,0.90,0.66,0,0,0,0,4.51,4.61,4.59,5.25,VMS 3,,Tanque,,1.26,1.38,1.26,1.08,2.04,2.49,2.75,1.02
14/10/2025 03:29 p. m.,Ordeño,08:31,5.02,2,,TI,,TD,0,,0.84,0.78,0.96,0.00,0,0,0,0,4.59,4.54,4.60,0.00,VMS 3,,Tanque,,1.14,1.14,1.32,0.00,1.41,1.77,1.84,0.00
15/10/2025 01:10 a. m.,Ordeño,10:11,3.58,1,,,"DI,TI","DI,TI",0,,0.00,0.78,0.00,0.66,0,0,0,0,0.00,4.61,0.00,4.98,VMS 3,,Tanque,,0.00,1.20,0.00,1.08,0.00,2.41,0.00,1.17
15/10/2025 06:18 a. m.,Ordeño,13:46,9.50,2,,,,,0,,0.78,0.78,1.02,0.42,0,0,0,0,4.85,4.53,4.94,4.56,VMS 3,,Tanque,,1.38,1.14,1.38,0.84,3.34,1.45,4.41,0.30
15/10/2025 02:59 p. m.,Ordeño,13:10,6.45,3,,,,TD,0,,0.72,0.84,0.78,0.00,0,0,0,0,4.30,4.62,4.60,0.00,VMS 3,,Tanque,,1.26,1.26,1.08,0.00,1.87,2.37,2.21,0.00
16/10/2025 02:33 a. m.,Ordeño,08:05,11.89,1,,,,,0,TD,0.84,1.02,0.96,0.72,0,0,0,0,4.36,4.62,4.44,5.40,VMS 3,,Tanque,,1.32,1.50,1.32,1.02,3.11,3.45,4.04,1.29
16/10/2025 10:18 a. m.,Ordeño,08:50,6.01,2,,,,,0,,0.84,0.78,0.84,0.54,0,0,0,0,4.21,4.41,4.32,4.34,VMS 3,,Tanque,,1.50,1.20,1.26,0.96,1.60,1.93,1.98,0.50
16/10/2025 07:46 p. m.,Ordeño,08:44,7.40,3,,TD,,,0,,0.72,0.90,0.78,0.84,0,0,0,0,4.36,4.61,4.45,4.33,VMS 3,,Tanque,,1.20,1.32,1.32,1.44,2.24,2.56,0.87,1.73
17/10/2025 05:05 a. m.,Ordeño,08:58,9.15,1,,,,,0,,0.78,0.78,0.90,0.66,0,0,0,0,4.48,4.64,4.60,4.97,VMS 3,,Tanque,,1.26,1.26,1.32,1.08,2.36,2.72,2.84,1.23
17/10/2025 12:04 p. m.,Ordeño,12:02,6.42,2,,,,,0,,0.72,0.84,0.54,0.84,0,0,0,0,4.31,4.57,4.42,4.51,VMS 3,,Tanque,,1.08,1.32,0.90,1.20,1.61,2.03,0.57,2.21
19/10/2025 12:40 a. m.,Ordeño,09:16,11.97,1,,,TD,TD,0,,0.78,1.02,1.02,0.00,0,0,0,0,4.09,4.36,4.23,0.00,VMS 3,,Tanque,,1.20,1.56,1.50,0.00,3.75,3.70,4.52,0.00
19/10/2025 09:22 a. m.,Ordeño,13:42,7.93,2,,,,,0,TI,0.60,1.02,0.60,0.90,0,0,0,0,3.84,4.26,5.08,4.03,VMS 3,,Tanque,,1.02,1.44,0.90,1.38,1.97,2.07,1.49,2.40
19/10/2025 06:26 p. m.,Ordeño,16:35,5.88,3,,,TI,TI,0,,0.54,0.84,0.00,0.90,0,0,0,0,4.02,4.43,0.00,4.13,VMS 3,,Tanque,,1.08,1.26,0.00,1.50,1.72,1.99,0.00,2.17
20/10/2025 04:49 a. m.,Ordeño,06:56,10.43,1,,,,,0,,0.84,1.02,1.02,0.60,0,0,0,0,4.37,4.60,4.62,4.84,VMS 3,,Tanque,,1.32,1.50,1.38,0.90,3.00,3.10,3.23,1.10
20/10/2025 11:45 a. m.,Ordeño,10:04,5.64,2,,,,TI,0,,0.90,0.96,0.00,0.90,0,0,0,0,4.36,4.47,0.00,4.51,VMS 3,,Tanque,,1.32,1.38,0.00,1.32,1.72,1.88,0.00,2.04
15/09/2024 10:26 p. m.,Rechazada,00:00,,,,,,,,,,,,,,,,,,,,,VMS 3,,,,,,,,,,,
15/09/2024 10:26 p. m.,Rechazada,00:00,,,,,,,,,,,,,,,,,,,,,VMS 3,,,,,,,,,,,
20/09/2024 01:33 p. m.,Rechazada,00:00,,,,,,,,,,,,,,,,,,,,,VMS 3,,,,,,,,,,,
21/09/2024 02:57 p. m.,Rechazada,00:00,,,,,,,,,,,,,,,,,,,,,VMS 3,,,,,,,,,,,
24/09/2024 01:23 a. m.,Rechazada,00:00,,,,,,,,,,,,,,,,,,,,,VMS 3,,,,,,,,,,,
25/09/2024 05:45 p. m.,Rechazada,00:00,,,,,,,,,,,,,,,,,,,,,VMS 3,,,,,,,,,,,
26/09/2024 09:27 p. m.,Rechazada,00:00,,,,,,,,,,,,,,,,,,,,,VMS 3,,,,,,,,,,,
27/09/2024 05:12 a. m.,Rechazada,00:00,,,,,,,,,,,,,,,,,,,,,VMS 3,,,,,,,,,,,
28/09/2024 01:18 a. m.,Rechazada,00:00,,,,,,,,,,,,,,,,,,,,,VMS 3,,,,,,,,,,,
29/09/2024 09:34 a. m.,Rechazada,00:00,,,,,,,,,,,,,,,,,,,,,VMS 3,,,,,,,,,,,
30/09/2024 04:48 a. m.,Rechazada,00:00,,,,,,,,,,,,,,,,,,,,,VMS 3,,,,,,,,,,,
07/10/2024 10:30 p. m.,Rechazada,00:00,,,,,,,,,,,,,,,,,,,,,VMS 1,,,,,,,,,,,
08/10/2024 09:27 a. m.,Rechazada,00:00,,,,,,,,,,,,,,,,,,,,,VMS 1,,,,,,,,,,,
11/10/2024 07:27 a. m.,Rechazada,00:00,,,,,,,,,,,,,,,,,,,,,VMS 1,,,,,,,,,,,
25/10/2024 08:47 a. m.,Rechazada,00:00,,,,,,,,,,,,,,,,,,,,,VMS 1,,,,,,,,,,,
26/10/2024 08:21 p. m.,Rechazada,00:00,,,,,,,,,,,,,,,,,,,,,VMS 1,,,,,,,,,,,
01/11/2024 02:45 a. m.,Rechazada,00:00,,,,,,,,,,,,,,,,,,,,,VMS 1,,,,,,,,,,,
07/11/2024 05:04 p. m.,Rechazada,00:00,,,,,,,,,,,,,,,,,,,,,VMS 1,,,,,,,,,,,
08/11/2024 09:25 p. m.,Rechazada,00:00,,,,,,,,,,,,,,,,,,,,,VMS 1,,,,,,,,,,,
13/11/2024 12:37 a. m.,Rechazada,00:00,,,,,,,,,,,,,,,,,,,,,VMS 1,,,,,,,,,,,
26/11/2024 09:15 a. m.,Rechazada,00:00,,,,,,,,,,,,,,,,,,,,,VMS 1,,,,,,,,,,,
25/12/2024 03:01 a. m.,Rechazada,00:00,,,,,,,,,,,,,,,,,,,,,VMS 1,,,,,,,,,,,
11/02/2025 02:11 p. m.,Echada sin ordeñar,13:10,,,,,,,,,,,,,,,,,,,,,VMS 1,,,,,,,,,,,
14/02/2025 11:14 p. m.,Rechazada,00:00,,,,,,,,,,,,,,,,,,,,,VMS 1,,,,,,,,,,,
20/02/2025 02:33 a. m.,Rechazada,00:00,,,,,,,,,,,,,,,,,,,,,VMS 1,,,,,,,,,,,
22/02/2025 07:39 a. m.,Echada sin ordeñar,07:25,,,,,,,,,,,,,,,,,,,,,VMS 1,,,,,,,,,,,
26/02/2025 03:00 a. m.,Rechazada,00:00,,,,,,,,,,,,,,,,,,,,,VMS 1,,,,,,,,,,,
04/03/2025 05:57 a. m.,Rechazada,00:00,,,,,,,,,,,,,,,,,,,,,VMS 1,,,,,,,,,,,
15/03/2025 01:31 a. m.,Rechazada,00:00,,,,,,,,,,,,,,,,,,,,,VMS 1,,,,,,,,,,,
16/03/2025 03:32 a. m.,Echada sin ordeñar,07:04,,,,,,,,,,,,,,,,,,,,,VMS 1,,,,,,,,,,,
21/06/2025 02:50 a. m.,Rechazada,00:00,,,,,,,,,,,,,,,,,,,,,VMS 1,,,,,,,,,,,
21/06/2025 04:11 p. m.,Echada sin ordeñar,20:19,,,,,,,,,,,,,,,,,,,,,VMS 1,,,,,,,,,,,
25/06/2025 01:32 p. m.,Rechazada,00:00,,,,,,,,,,,,,,,,,,,,,VMS 1,,,,,,,,,,,
25/06/2025 02:19 p. m.,Rechazada,00:00,,,,,,,,,,,,,,,,,,,,,VMS 1,,,,,,,,,,,
27/06/2025 01:45 p. m.,Echada sin ordeñar,09:09,,,,,,,,,,,,,,,,,,,,,VMS 1,,,,,,,,,,,
27/06/2025 07:02 p. m.,Rechazada,00:00,,,,,,,,,,,,,,,,,,,,,VMS 1,,,,,,,,,,,
28/06/2025 02:50 a. m.,Rechazada,00:00,,,,,,,,,,,,,,,,,,,,,VMS 1,,,,,,,,,,,
11/07/2025 06:42 a. m.,Rechazada,00:00,,,,,,,,,,,,,,,,,,,,,VMS 1,,,,,,,,,,,
12/07/2025 08:47 a. m.,Rechazada,00:00,,,,,,,,,,,,,,,,,,,,,VMS 1,,,,,,,,,,,
16/07/2025 04:30 p. m.,Rechazada,00:00,,,,,,,,,,,,,,,,,,,,,VMS 1,,,,,,,,,,,
18/07/2025 12:07 a. m.,Rechazada,00:00,,,,,,,,,,,,,,,,,,,,,VMS 1,,,,,,,,,,,
18/07/2025 02:27 a. m.,Rechazada,00:00,,,,,,,,,,,,,,,,,,,,,VMS 1,,,,,,,,,,,
18/07/2025 10:38 p. m.,Rechazada,00:00,,,,,,,,,,,,,,,,,,,,,VMS 1,,,,,,,,,,,
23/07/2025 06:15 a. m.,Rechazada,00:00,,,,,,,,,,,,,,,,,,,,,VMS 1,,,,,,,,,,,
28/07/2025 02:02 a. m.,Rechazada,00:00,,,,,,,,,,,,,,,,,,,,,VMS 1,,,,,,,,,,,
31/07/2025 05:16 a. m.,Rechazada,00:00,,,,,,,,,,,,,,,,,,,,,VMS 3,,,,,,,,,,,
05/09/2025 12:18 a. m.,Echada sin ordeñar,00:03,,,,,,,,,,,,,,,,,,,,,VMS 3,,,,,,,,,,,
13/09/2025 05:34 p. m.,Echada sin ordeñar,05:32,,,,,,,,,,,,,,,,,,,,,VMS 3,,,,,,,,,,,
14/09/2025 08:30 a. m.,Echada sin ordeñar,05:26,,,,,,,,,,,,,,,,,,,,,VMS 3,,,,,,,,,,,
28/09/2025 03:56 p. m.,Rechazada,00:00,,,,,,,,,,,,,,,,,,,,,VMS 3,,,,,,,,,,,
04/10/2025 03:40 a. m.,Echada sin ordeñar,09:45,,,,,,,,,,,,,,,,,,,,,VMS 3,,,,,,,,,,,
10/10/2025 10:32 p. m.,Rechazada,00:00,,,,,,,,,,,,,,,,,,,,,VMS 3,,,,,,,,,,,
11/10/2025 10:07 a. m.,Echada sin ordeñar,19:01,,,,,,,,,,,,,,,,,,,,,VMS 3,,,,,,,,,,,
16/10/2025 10:18 a. m.,Echada sin ordeñar,00:08,,,,,,,,,,,,,,,,,,,,,VMS 3,,,,,,,,,,,
