Main,,,,Estado,,,,,Estado AMD,,Media de los flujos (kg/min),,,,Sangre (ppm),,,,Conductividad (mS / cm),,,,Misc,,,,Flujos máximos (kg/min),,,,Producciones (kg),,,
Hora de inicio,Acción,Duración (mm:ss),Producción (kg),Número de ordeño,RCS (* 1000 células / ml),Patada,Incompleto,Pezones no encontrados,Ubre,Pezón,DI,DD,TI,TD,DI,DD,TI,TD,DI,DD,TI,TD,EO/PO,Usuario,Destino Leche,Razón de la desviación,DI,DD,TI,TD,DI,DD,TI,TD
28/09/2022 07:58 a. m.,Ordeño,08:21,14.38,1,,TD,,,1,,0.72,0.60,1.02,0.72,0,0,0,0,4.20,4.41,4.39,4.43,VMS 3,,Tanque,,1.26,1.02,1.50,1.38,1.16,3.11,5.82,4.29
28/09/2022 09:36 p. m.,Ordeño,10:12,7.14,2,,,TI,,1,TI,0.42,0.30,0.72,0.96,0,0,0,0,3.85,4.17,4.68,4.32,VMS 3,,Tanque,,0.78,0.96,1.08,1.62,0.57,1.32,2.14,3.11
01/10/2022 09:14 p. m.,Ordeño,09:08,8.36,2,,,TD,,1,,0.54,0.42,0.66,0.54,0,0,0,0,4.92,4.81,4.73,4.91,VMS 3,,Tanque,,0.84,0.90,1.14,0.84,0.68,1.62,4.30,1.76
07/10/2022 08:07 a. m.,Ordeño,10:00,11.40,1,,,,,1,,0.60,0.54,0.72,0.54,0,0,0,0,5.12,4.97,4.97,4.97,VMS 3,,Tanque,,1.02,0.90,1.20,1.08,0.81,2.16,5.06,3.37
08/10/2022 01:55 a. m.,Ordeño,09:00,10.70,1,,,,,1,,0.60,0.60,0.78,0.54,0,0,0,0,5.04,5.04,4.87,4.96,VMS 3,,Tanque,,0.96,0.96,1.32,0.90,0.73,1.96,4.69,3.32
15/10/2022 02:22 a. m.,Ordeño,13:00,21.43,1,,,,,1,,0.66,0.72,0.90,0.78,0,0,0,0,5.20,5.17,4.99,5.07,VMS 3,,Drenaje,,0.90,1.08,1.38,1.32,1.42,4.09,8.82,7.10
22/10/2022 09:09 a. m.,Ordeño,11:17,19.25,1,,,,,1,,0.60,0.78,1.02,0.84,0,0,0,0,4.53,4.62,4.38,4.63,VMS 3,,Drenaje,,0.84,1.20,1.56,1.98,1.28,3.57,8.27,6.13
23/10/2022 03:15 a. m.,Ordeño,11:58,18.72,1,,,,,1,,0.66,0.78,0.90,0.72,0,0,0,0,4.68,4.70,4.52,4.66,VMS 3,,Drenaje,,1.08,1.26,1.44,1.50,1.28,3.57,8.07,5.80
24/10/2022 12:56 a. m.,Ordeño,13:49,24.62,1,,,,,1,,0.66,0.72,0.96,0.84,0,0,0,0,4.73,4.68,4.60,4.68,VMS 3,,Drenaje,,1.26,1.14,1.38,1.32,1.67,4.68,10.36,7.91
27/10/2022 04:46 p. m.,Ordeño,12:59,23.41,1,,,,,1,,0.60,0.72,0.90,1.02,0,0,0,0,4.55,4.69,4.82,4.56,VMS 3,,Drenaje,,0.84,1.02,1.38,2.46,1.46,4.12,9.25,8.58
31/10/2022 09:03 a. m.,Ordeño,10:22,21.33,1,,,,,1,,0.60,0.78,1.14,1.02,0,0,0,0,4.64,4.81,4.65,5.00,VMS 3,,Tanque,,1.02,1.26,1.74,1.80,1.40,3.92,8.89,7.12
07/11/2022 04:57 p. m.,Ordeño,08:21,12.93,1,,,,,1,,0.48,0.48,0.96,0.78,0,0,0,0,4.43,4.56,4.60,4.63,VMS 3,,Tanque,,0.72,0.84,1.44,1.38,0.77,2.26,5.32,4.58
11/11/2022 03:08 p. m.,Ordeño,13:44,24.65,1,,,,,1,,0.54,0.60,0.96,0.84,0,0,0,0,4.90,4.82,4.83,4.95,VMS 3,,Tanque,,0.90,1.08,1.50,1.26,1.56,4.38,10.37,8.34
17/11/2022 02:40 a. m.,Ordeño,12:14,25.01,1,,,,,1,,0.60,0.72,1.14,0.90,0,0,0,0,4.79,4.67,4.72,4.71,VMS 3,,Tanque,,0.84,1.20,1.74,1.38,1.59,4.62,10.63,8.17
04/12/2022 06:22 p. m.,Ordeño,12:16,20.54,2,,,,,1,"DI,TD",0.48,0.60,0.96,0.90,0,0,0,0,5.72,4.13,3.12,5.73,VMS 3,,Tanque,,0.72,1.08,1.32,1.26,1.08,3.36,8.90,7.20
05/12/2022 03:52 p. m.,Ordeño,13:42,23.65,1,,,,,1,"DI,TD",0.48,0.66,0.96,0.90,0,0,0,0,5.25,4.73,4.25,5.33,VMS 3,,Tanque,,0.78,1.20,1.38,1.32,1.48,4.64,9.81,7.72
23/12/2022 03:06 p. m.,Ordeño,12:41,22.19,1,,,,,1,,0.48,0.60,1.08,0.78,0,0,0,0,4.67,4.37,4.46,4.52,VMS 3,,Tanque,,0.78,0.96,1.38,1.38,1.17,3.84,9.28,7.90
30/12/2022 01:39 a. m.,Ordeño,11:35,21.40,1,,,,,1,,0.48,0.72,1.02,0.96,0,0,0,0,4.79,4.43,4.34,4.53,VMS 3,,Tanque,,0.72,1.20,1.32,1.50,1.02,3.58,8.86,7.94
01/01/2023 04:07 p. m.,Ordeño,13:47,27.05,1,,,,,1,DI,0.48,0.66,0.78,1.02,0,0,0,0,6.23,5.64,5.10,5.54,VMS 3,,Tanque,,1.02,1.08,1.38,1.68,1.72,6.18,7.71,11.44
01/01/2023 10:56 p. m.,Ordeño,10:16,10.32,2,,,"DD,TD",,1,,0.36,0.30,0.96,0.72,0,0,0,0,4.62,4.35,4.73,4.46,VMS 3,,Tanque,,1.02,0.84,1.74,1.20,0.39,0.98,7.02,1.93
07/01/2023 01:26 a. m.,Ordeño,11:48,21.98,1,,,,,1,,0.48,0.60,1.08,1.02,0,0,0,0,4.49,4.46,4.41,4.80,VMS 3,,Tanque,,0.84,1.02,1.56,1.44,1.05,3.64,9.91,7.38
10/01/2023 11:04 p. m.,Ordeño,14:43,26.07,2,,,,,1,,0.60,0.60,1.08,0.96,0,0,0,0,4.65,4.42,4.24,4.25,VMS 3,,Tanque,,0.96,0.96,1.62,1.50,1.28,4.26,11.39,9.14
15/01/2023 03:27 p. m.,Ordeño,08:51,14.18,2,,,,,1,,0.42,0.54,1.02,0.96,0,0,0,0,4.89,4.54,4.52,4.61,VMS 3,,Tanque,,0.66,0.78,1.38,1.50,0.70,2.50,5.76,5.22
20/01/2023 05:05 a. m.,Ordeño,11:17,25.62,1,,,,,1,,0.66,0.78,1.26,1.02,0,0,0,0,5.48,5.29,5.05,5.42,VMS 3,,Drenaje,,1.08,1.20,2.16,1.38,1.16,4.55,11.00,8.91
21/01/2023 11:56 p. m.,Ordeño,09:28,20.64,1,,,,,1,,0.48,0.66,1.32,1.08,0,0,0,0,4.96,4.71,4.55,4.81,VMS 3,,Drenaje,,0.72,1.20,1.74,1.68,0.95,3.59,9.09,7.01
30/01/2023 05:09 p. m.,Ordeño,12:47,28.67,1,,,,,1,DI,0.66,0.66,1.38,0.96,0,0,0,0,7.37,5.56,5.88,5.64,VMS 3,,Drenaje,,1.02,1.08,1.86,1.38,1.62,5.11,12.57,9.37
02/02/2023 02:39 a. m.,Ordeño,07:59,15.79,1,,,,,1,,0.42,0.66,1.26,1.02,0,0,0,0,5.29,4.96,4.84,4.87,VMS 3,,Drenaje,,0.72,1.14,1.74,1.62,0.80,2.78,6.81,5.40
02/02/2023 03:36 p. m.,Ordeño,08:25,16.19,2,,,,,1,,0.48,0.78,1.32,0.90,0,0,0,0,5.50,5.04,4.84,5.00,VMS 3,,Drenaje,,0.84,1.26,1.74,1.26,0.83,2.61,7.22,5.53
04/02/2023 03:24 p. m.,Ordeño,12:49,27.74,1,,,,,1,,0.48,0.78,1.20,1.02,0,0,0,0,5.24,4.88,4.63,4.80,VMS 3,,Tanque,,0.78,1.26,1.68,1.50,1.26,4.92,12.02,9.54
05/02/2023 04:47 p. m.,Ordeño,12:52,30.47,1,,,,,1,DI,0.60,0.84,1.32,1.14,0,0,0,0,5.44,4.77,4.66,4.83,VMS 3,,Tanque,,1.02,1.32,1.86,1.50,1.33,5.40,13.24,10.50
07/02/2023 08:38 a. m.,Ordeño,12:03,24.53,1,,,,,1,,0.54,0.72,1.20,1.08,0,0,0,0,5.08,4.70,4.75,4.63,VMS 3,,Tanque,,0.84,1.14,1.86,1.56,1.00,4.48,11.15,7.90
08/02/2023 08:23 a. m.,Ordeño,13:51,27.90,1,,,,,1,,0.42,0.72,1.14,0.90,0,0,0,0,5.37,4.75,4.69,4.68,VMS 3,,Tanque,,0.84,1.08,1.50,1.38,1.24,4.94,12.63,9.09
11/02/2023 03:03 p. m.,Ordeño,11:14,19.22,1,,,,,1,,0.42,0.72,1.02,0.90,0,0,0,0,5.72,5.06,5.06,5.27,VMS 3,,Tanque,,0.66,1.14,1.38,1.38,0.66,3.40,8.56,6.60
12/02/2023 12:55 a. m.,Ordeño,08:44,13.09,1,,,,,1,,0.36,0.66,1.02,0.96,0,0,0,0,5.26,4.67,4.66,4.71,VMS 3,,Tanque,,0.60,1.14,1.44,1.38,0.52,2.18,5.98,4.41
12/02/2023 11:00 a. m.,Ordeño,07:50,12.34,2,,,,,1,DI,0.36,0.54,1.08,0.96,0,0,0,0,5.47,4.78,4.67,4.77,VMS 3,,Tanque,,0.60,0.90,1.44,1.32,0.47,2.12,5.46,4.29
12/02/2023 11:55 p. m.,Ordeño,08:36,12.53,1,,,,,1,,0.36,0.60,0.96,0.78,0,0,0,0,4.75,4.53,4.40,4.82,VMS 3,,Tanque,,0.60,0.90,1.44,1.26,0.44,2.08,5.62,4.39
13/02/2023 04:24 p. m.,Ordeño,09:44,21.78,2,,,,,1,DI,0.54,0.78,1.38,1.02,0,0,0,0,6.12,5.12,5.04,5.83,VMS 3,,Tanque,,0.84,1.20,1.98,1.44,0.74,3.78,9.60,7.66
14/02/2023 10:03 a. m.,Ordeño,12:16,19.79,1,,,,,1,DI,0.36,0.60,0.96,0.90,0,0,0,0,5.61,4.57,4.65,4.74,VMS 3,,Tanque,,0.54,0.90,1.38,1.32,0.74,3.47,8.88,6.70
15/02/2023 04:15 a. m.,Ordeño,10:24,19.65,1,,,,,1,,0.42,0.66,1.20,1.02,0,0,0,0,5.19,4.60,4.60,4.56,VMS 3,,Tanque,,0.72,1.02,1.74,1.44,0.62,3.32,8.94,6.77
15/02/2023 05:14 p. m.,Ordeño,08:03,13.82,2,,,,,1,,0.36,0.60,1.14,0.96,0,0,0,0,5.00,4.48,4.36,4.38,VMS 3,,Tanque,,0.66,1.08,1.62,1.32,0.53,2.38,6.13,4.78
16/02/2023 07:07 a. m.,Ordeño,10:33,15.65,1,,,,,1,,0.36,0.54,0.90,0.96,0,0,0,0,4.95,4.66,4.66,4.69,VMS 3,,Tanque,,0.60,0.96,1.38,1.32,0.47,2.67,7.02,5.49
17/02/2023 08:30 a. m.,Ordeño,14:17,24.91,1,,,,,1,DI,0.42,0.72,1.02,0.78,0,0,0,0,5.98,5.20,5.09,5.10,VMS 3,,Tanque,,0.66,1.20,1.56,1.26,0.89,4.70,11.24,8.08
18/02/2023 02:59 a. m.,Ordeño,12:27,21.51,1,,,,,1,DI,0.42,0.66,1.02,0.84,0,0,0,0,5.58,4.68,4.85,4.86,VMS 3,,Tanque,,0.72,1.14,1.50,1.20,0.74,3.47,9.62,7.68
18/02/2023 03:43 p. m.,Ordeño,07:17,9.99,2,,,,,1,DI,0.36,0.54,1.02,0.90,0,0,0,0,5.46,4.68,4.58,4.58,VMS 3,,Tanque,,0.54,1.02,1.44,1.26,0.48,2.02,4.49,3.00
19/02/2023 05:07 p. m.,Ordeño,11:52,24.45,1,,,,,1,DI,0.54,0.78,1.20,1.02,0,0,0,0,6.28,5.12,5.04,5.33,VMS 3,,Tanque,,0.90,1.26,1.56,1.44,0.81,4.56,10.98,8.10
20/02/2023 07:17 p. m.,Ordeño,12:42,21.71,2,,,,,1,,0.48,0.60,1.02,0.90,0,0,0,0,5.85,5.06,5.15,5.17,VMS 3,,Tanque,,0.72,1.14,1.44,1.26,0.63,3.75,9.80,7.53
21/02/2023 02:20 p. m.,Ordeño,11:07,23.49,1,,,,,1,DI,0.48,0.66,1.20,0.96,0,0,0,0,5.86,5.02,4.93,5.03,VMS 3,,Tanque,,0.90,1.08,1.74,1.32,0.86,4.27,10.19,8.17
22/02/2023 01:09 p. m.,Ordeño,13:55,26.91,1,,,,,1,DI,0.42,0.72,1.08,1.02,0,0,0,0,5.91,5.00,4.83,4.97,VMS 3,,Tanque,,0.66,1.38,1.56,1.44,0.93,4.77,12.01,9.20
23/02/2023 06:55 p. m.,Ordeño,14:05,30.09,1,,,,,1,DI,0.42,0.84,1.20,1.14,0,0,0,0,7.04,5.83,5.37,5.38,VMS 3,,Tanque,,0.72,1.38,1.62,1.50,0.98,5.25,13.42,10.44
25/02/2023 05:18 p. m.,Ordeño,10:53,19.08,2,,,,,1,,0.42,0.72,1.02,0.90,0,0,0,0,5.82,5.21,5.07,5.27,VMS 3,,Tanque,,0.72,1.14,1.50,1.32,0.63,3.49,8.28,6.68
01/03/2023 04:15 p. m.,Ordeño,13:12,23.52,1,,,,,1,DI,0.42,0.72,0.90,0.84,0,0,0,0,5.54,4.80,4.72,4.90,VMS 3,,Tanque,,0.72,1.26,1.32,1.26,0.97,4.52,9.04,8.99
02/03/2023 04:47 a. m.,Ordeño,09:05,16.94,1,,,,,1,,0.36,0.54,1.14,0.96,0,0,0,0,5.00,4.49,4.69,4.44,VMS 3,,Tanque,,0.66,1.02,1.80,1.62,0.61,3.05,7.03,6.25
02/03/2023 06:22 p. m.,Ordeño,11:26,17.39,2,,,,,1,DI,0.36,0.60,0.84,0.90,0,0,0,0,5.42,4.67,4.93,4.68,VMS 3,,Tanque,,0.66,1.08,1.26,1.26,0.57,3.35,7.22,6.25
04/03/2023 12:54 a. m.,Ordeño,13:57,29.61,1,,,,,1,DI,0.54,0.72,1.14,1.08,0,0,0,0,6.09,5.27,5.09,5.20,VMS 3,,Tanque,,0.90,1.14,1.62,1.44,1.07,5.41,12.91,10.22
04/03/2023 03:36 p. m.,Ordeño,09:49,16.74,2,,,,,1,DI,0.54,0.72,1.26,0.78,0,0,0,0,5.14,4.43,4.35,4.23,VMS 3,,Tanque,,0.96,1.26,1.74,1.14,0.67,3.11,7.36,5.60
05/03/2023 09:31 p. m.,Ordeño,13:28,25.90,2,,,,,1,,0.42,0.72,1.08,0.90,0,0,0,0,5.94,5.22,5.19,5.22,VMS 3,,Tanque,,0.96,1.20,1.62,1.38,0.82,4.51,11.41,9.16
06/03/2023 09:33 p. m.,Ordeño,13:53,26.28,1,,,,,1,DI,0.42,0.66,1.02,0.84,0,0,0,0,5.38,4.67,4.61,4.57,VMS 3,,Tanque,,0.72,1.14,1.56,1.50,0.86,4.89,11.40,9.13
07/03/2023 11:29 a. m.,Ordeño,09:15,17.18,1,,,,,1,DI,0.36,0.72,1.14,1.02,0,0,0,0,5.06,4.47,4.34,4.28,VMS 3,,Tanque,,0.72,1.20,1.56,1.44,0.55,2.93,7.56,6.14
09/03/2023 12:58 a. m.,Ordeño,08:25,17.95,1,,,,,1,DI,0.42,0.66,1.38,1.08,0,0,0,0,5.39,4.63,4.42,4.38,VMS 3,,Tanque,,0.72,1.20,1.92,1.50,0.50,3.05,8.02,6.38
09/03/2023 01:50 p. m.,Ordeño,08:25,16.36,2,,,,,1,DI,0.42,0.54,1.26,0.96,0,0,0,0,5.81,4.66,4.62,4.67,VMS 3,,Tanque,,0.66,0.96,1.68,1.32,0.59,2.94,7.24,5.59
10/03/2023 03:53 a. m.,Ordeño,09:27,15.70,1,,,,,1,,0.36,0.66,1.08,0.96,0,0,0,0,4.73,4.45,4.42,4.42,VMS 3,,Tanque,,0.60,1.14,1.50,1.50,0.41,2.71,7.07,5.51
11/03/2023 03:19 a. m.,Ordeño,13:19,26.40,1,,,,,1,DI,0.36,0.66,1.14,1.02,0,0,0,0,5.64,4.81,4.83,4.69,VMS 3,,Tanque,,0.60,1.20,1.62,1.32,0.59,4.79,11.49,9.53
11/03/2023 08:56 p. m.,Ordeño,10:35,16.76,2,,,,,1,DI,0.36,0.54,1.02,0.84,0,0,0,0,5.37,4.27,4.31,4.13,VMS 3,,Tanque,,0.66,1.14,1.44,1.20,0.57,2.91,7.43,5.85
12/03/2023 02:14 p. m.,Ordeño,09:54,17.20,1,,,,,1,DI,0.42,0.60,1.14,0.90,0,0,0,0,5.66,4.53,4.38,4.39,VMS 3,,Tanque,,0.84,1.14,1.68,1.26,0.39,2.88,8.02,5.91
15/03/2023 12:09 a. m.,Ordeño,07:33,9.29,1,,,,,1,DI,0.36,0.60,0.90,0.84,0,0,0,0,5.52,4.37,4.37,4.10,VMS 3,,Tanque,,0.66,1.02,1.32,1.38,0.31,1.57,4.20,3.21
15/03/2023 03:49 p. m.,Ordeño,09:14,18.55,2,,,,,1,,0.42,0.66,1.26,1.02,0,0,0,0,5.40,4.77,4.76,4.76,VMS 3,,Tanque,,0.66,1.20,1.62,1.38,0.42,3.30,8.26,6.57
17/03/2023 04:05 a. m.,Ordeño,10:37,17.24,1,,,,,1,DI,0.36,0.54,1.02,0.96,0,0,0,0,5.41,4.50,4.56,4.49,VMS 3,,Tanque,,0.60,0.96,1.44,1.38,0.38,2.96,7.72,6.18
17/03/2023 04:22 p. m.,Ordeño,07:35,14.13,2,,,,,1,DI,0.42,0.66,1.26,1.02,0,0,0,0,5.62,4.64,4.40,4.56,VMS 3,,Tanque,,0.66,1.08,1.74,1.44,0.44,2.46,6.29,4.94
19/03/2023 07:29 p. m.,Ordeño,12:59,21.85,2,,,,,1,DI,0.36,0.60,0.96,0.78,0,0,0,0,5.67,4.94,4.89,4.94,VMS 3,,Tanque,,0.60,1.14,1.50,1.20,0.55,3.92,9.83,7.55
21/03/2023 10:28 a. m.,Ordeño,09:45,15.67,1,,,,,1,DI,0.36,0.66,1.02,1.08,0,0,0,0,5.15,4.45,4.35,4.41,VMS 3,,Tanque,,0.66,1.20,1.38,1.50,0.42,2.77,6.95,5.53
22/03/2023 07:28 a. m.,Ordeño,12:35,22.60,1,,,,,1,DI,0.36,0.72,1.02,0.96,0,0,0,0,5.55,4.64,4.63,4.61,VMS 3,,Tanque,,0.66,1.20,1.44,1.32,0.58,4.14,9.86,8.02
22/03/2023 07:10 p. m.,Ordeño,07:17,10.80,2,,,,,1,DI,0.30,0.54,1.02,0.90,0,0,0,0,5.24,4.16,3.98,3.83,VMS 3,,Tanque,,0.60,0.96,1.44,1.32,0.33,1.89,4.88,3.70
23/03/2023 06:05 p. m.,Ordeño,13:07,25.78,1,,,,,1,DI,0.48,0.66,1.26,0.90,0,0,0,0,6.34,5.20,5.16,5.27,VMS 3,,Tanque,,0.72,1.14,1.62,1.26,0.50,4.65,11.44,9.19
25/03/2023 11:45 a. m.,Ordeño,10:58,19.56,1,,,,,1,DI,0.36,0.60,1.08,1.14,0,0,0,0,5.79,4.81,4.73,4.70,VMS 3,,Tanque,,0.66,1.08,1.62,1.44,0.45,3.41,8.77,6.93
25/03/2023 11:23 p. m.,Ordeño,09:51,13.61,2,,,,,1,DI,0.36,0.54,0.90,0.96,0,0,0,0,5.67,4.61,4.51,4.51,VMS 3,,Tanque,,0.84,1.08,1.32,1.32,0.31,2.30,6.16,4.84
26/03/2023 03:17 p. m.,Ordeño,11:26,21.01,1,,,,,1,DI,0.36,0.66,1.14,1.14,0,0,0,0,6.07,5.19,5.21,5.23,VMS 3,,Tanque,,0.78,1.14,1.74,1.56,0.46,3.65,9.38,7.52
27/03/2023 02:03 a. m.,Ordeño,08:38,12.20,1,,,,,1,DI,0.30,0.48,0.96,0.96,0,0,0,0,5.77,4.68,4.53,4.45,VMS 3,,Tanque,,0.54,0.90,1.38,1.32,0.34,2.05,5.63,4.18
27/03/2023 10:44 p. m.,Ordeño,13:04,23.56,2,,,,,1,,0.36,0.72,1.08,1.08,0,0,0,0,5.53,5.20,5.05,5.06,VMS 3,,Tanque,,0.60,1.20,1.56,1.50,0.42,4.10,10.78,8.26
28/03/2023 09:50 p. m.,Ordeño,13:19,19.25,1,,,,,1,DI,0.36,0.60,0.90,0.90,0,0,0,0,6.43,5.02,4.89,4.90,VMS 3,,Tanque,,0.66,1.08,1.32,1.32,0.48,3.24,8.80,6.73
29/03/2023 03:59 p. m.,Ordeño,09:14,13.67,1,,,,,1,DI,0.24,0.54,1.02,0.84,0,0,0,0,5.83,4.90,4.60,4.70,VMS 3,,Tanque,,0.42,0.90,1.62,1.26,0.28,2.21,6.36,4.82
30/03/2023 11:26 a. m.,Ordeño,11:54,18.81,1,,,,,1,,0.24,0.48,1.02,0.84,0,0,0,0,4.36,4.97,4.74,4.76,VMS 3,,Tanque,,0.72,0.84,1.56,1.26,0.31,2.81,8.88,6.81
31/03/2023 02:13 a. m.,Ordeño,09:12,16.42,1,,,,,1,,0.30,0.54,1.20,0.90,0,0,0,0,4.81,5.27,4.83,4.86,VMS 3,,Tanque,,0.84,1.08,1.68,1.26,0.31,2.78,7.50,5.83
31/03/2023 07:33 p. m.,Ordeño,09:33,11.62,2,,,TD,TD,1,,0.36,0.54,1.26,0.00,0,0,0,0,5.35,4.97,4.80,0.00,VMS 3,,Tanque,,0.78,0.90,1.68,0.00,0.33,2.78,8.51,0.00
01/04/2023 03:50 a. m.,Ordeño,11:42,14.36,1,,,,,1,DI,0.24,0.42,0.90,0.96,0,0,0,0,5.90,4.76,4.61,5.24,VMS 3,,Tanque,,0.42,0.72,1.44,1.32,0.29,1.43,4.13,8.51
01/04/2023 06:44 p. m.,Ordeño,11:02,15.17,2,,,,,1,DI,0.30,0.54,1.02,0.84,0,0,0,0,5.83,5.02,4.88,4.51,VMS 3,,Tanque,,0.54,1.02,1.44,1.20,0.30,2.81,8.03,4.03
03/04/2023 10:25 a. m.,Ordeño,11:02,19.25,1,,,,,1,,0.36,0.66,1.14,0.96,0,0,0,0,5.63,5.04,4.81,5.08,VMS 3,,Tanque,,0.60,1.08,1.50,1.38,0.39,3.27,9.26,6.33
03/04/2023 09:44 p. m.,Ordeño,07:31,11.54,2,,,,,1,DI,0.30,0.48,1.14,0.84,0,0,0,0,5.55,4.49,4.37,4.42,VMS 3,,Tanque,,0.72,0.90,1.50,1.20,0.32,1.89,5.48,3.85
04/04/2023 10:58 a. m.,Ordeño,10:00,16.01,1,,,,,1,DI,0.30,0.48,1.02,0.90,0,0,0,0,5.70,4.92,4.93,5.21,VMS 3,,Tanque,,0.54,1.02,1.50,1.26,0.34,2.63,7.49,5.55
12/04/2023 03:19 p. m.,Ordeño,12:48,23.24,1,,,,,1,DI,0.36,0.60,1.08,0.96,0,0,0,0,6.35,5.14,5.31,5.31,VMS 3,,Tanque,,0.66,1.14,1.50,1.32,0.41,3.98,10.61,8.24
01/05/2023 11:26 a. m.,Ordeño,09:38,15.29,1,,,,,1,DI,0.36,0.66,1.08,0.96,0,0,0,0,7.24,4.78,4.67,4.71,VMS 3,,Tanque,,0.60,1.20,1.50,1.26,0.49,2.56,7.06,5.18
09/05/2023 05:11 a. m.,Ordeño,09:14,13.16,1,,,,,1,DI,0.30,0.54,0.96,0.90,0,0,0,0,5.27,4.49,4.48,4.33,VMS 3,,Tanque,,0.60,0.90,1.56,1.26,0.33,2.21,6.05,4.57
15/05/2023 07:59 a. m.,Ordeño,13:01,24.03,1,,,,,1,,0.30,0.66,1.08,0.90,0,0,0,0,5.90,5.40,5.47,5.53,VMS 3,,Tanque,,0.54,1.08,1.56,1.20,0.44,4.37,10.73,8.49
15/05/2023 07:17 p. m.,Ordeño,07:11,9.54,2,,,,,1,DI,0.30,0.66,1.08,0.90,0,0,0,0,5.71,4.43,4.29,4.20,VMS 3,,Tanque,,0.54,1.14,1.44,1.26,0.32,1.61,4.45,3.16
16/05/2023 11:54 a. m.,Ordeño,09:28,18.85,1,,,,,1,,0.42,0.78,1.26,0.96,0,0,0,0,5.47,5.23,5.07,5.13,VMS 3,,Tanque,,1.02,1.26,1.68,1.32,0.31,3.16,8.86,6.52
19/05/2023 04:06 p. m.,Ordeño,13:48,21.47,1,,,,,1,DI,0.42,0.66,0.96,0.78,0,0,0,0,6.46,5.16,5.13,5.02,VMS 3,,Tanque,,0.66,1.02,1.32,1.08,0.35,3.67,9.92,7.53
20/05/2023 02:04 a. m.,Ordeño,08:45,14.15,1,,,,,1,DI,0.30,0.60,1.08,0.78,0,0,0,0,5.91,4.48,4.30,4.14,VMS 3,,Tanque,,0.42,1.02,1.50,1.20,0.32,2.54,6.50,4.79
01/06/2023 02:51 a. m.,Ordeño,07:40,10.34,1,,,,,1,DI,0.30,0.48,0.96,0.84,0,0,0,0,5.17,4.51,4.38,4.30,VMS 3,,Tanque,,0.66,0.72,1.26,1.20,0.33,1.92,4.73,3.36
02/06/2023 02:14 a. m.,Ordeño,09:59,17.87,1,,,,,1,DI,0.36,0.66,1.14,0.96,0,0,0,0,6.30,5.12,5.06,5.09,VMS 3,,Tanque,,0.60,1.02,1.50,1.32,0.37,3.01,8.29,6.20
06/06/2023 04:25 a. m.,Ordeño,10:40,23.21,1,,,,,1,,0.30,0.72,1.32,1.08,0,0,0,0,4.95,5.00,4.80,4.88,VMS 3,,Tanque,,0.66,1.20,1.86,1.38,0.31,4.09,10.76,8.05
08/06/2023 09:33 a. m.,Ordeño,12:17,22.55,1,,,,,1,DI,0.30,0.72,1.14,1.02,0,0,0,0,5.95,5.17,4.86,5.12,VMS 3,,Tanque,,0.54,1.20,1.62,1.62,0.32,3.84,10.37,8.02
16/06/2023 05:53 p. m.,Ordeño,12:56,20.64,1,,,,,1,,0.30,0.60,0.96,0.90,0,0,0,0,5.27,4.84,4.77,4.83,VMS 3,,Tanque,,0.66,1.02,1.44,1.32,0.31,3.49,9.79,7.05
25/06/2023 04:01 a. m.,Ordeño,12:35,20.56,1,,,,,1,TI,0.36,0.72,1.08,0.84,0,0,0,0,4.59,4.89,5.84,4.85,VMS 3,,Tanque,,1.08,1.38,1.50,1.20,0.32,3.26,10.60,6.38
25/06/2023 10:58 p. m.,Ordeño,10:05,15.69,2,,,,,1,,0.30,0.66,0.90,0.90,0,0,0,0,4.85,4.74,4.47,4.57,VMS 3,,Tanque,,0.60,1.20,1.38,1.32,0.31,3.45,5.04,6.89
26/06/2023 05:22 p. m.,Ordeño,11:12,18.27,1,,,,,1,,0.24,0.66,0.90,0.84,0,0,0,0,5.16,4.55,4.82,4.42,VMS 3,,Tanque,,0.48,1.08,1.32,1.26,0.26,3.56,7.27,7.18
16/07/2023 11:41 a. m.,Ordeño,09:56,16.90,1,,,,,1,DI,0.24,0.66,1.08,1.02,0,0,0,0,5.90,4.59,4.36,4.54,VMS 3,,Tanque,,0.42,1.08,1.62,1.32,0.29,2.95,7.98,5.68
20/08/2023 02:08 a. m.,Ordeño,09:49,14.74,1,,,,,1,,,0.54,0.96,0.90,,0,0,0,,4.43,4.16,4.21,VMS 3,,Tanque,,,0.90,1.32,1.26,,2.46,7.10,5.18
27/08/2023 09:46 p. m.,Ordeño,07:31,8.76,2,,,,,1,TI,,0.48,0.78,0.66,,0,0,0,,4.57,5.52,4.53,VMS 3,,Tanque,,,0.78,1.32,1.08,,1.68,3.63,3.45
03/09/2023 03:42 a. m.,Ordeño,10:04,14.62,1,,,,,1,,,0.60,0.96,0.84,,0,0,0,,4.46,4.54,4.33,VMS 3,,Tanque,,,0.96,1.38,1.20,,2.39,7.03,5.20
08/09/2023 10:50 p. m.,Ordeño,10:15,14.16,2,,,,,1,,,0.54,0.90,0.84,,0,0,0,,4.62,4.33,4.47,VMS 3,,Tanque,,,0.84,1.26,1.20,,2.35,6.88,4.93
09/09/2023 04:39 p. m.,Ordeño,10:05,14.90,1,,,,,1,,,0.60,0.96,0.90,,0,0,0,,4.77,4.61,4.67,VMS 3,,Tanque,,,1.02,1.32,1.20,,2.64,7.10,5.16
13/09/2023 06:49 a. m.,Ordeño,10:09,14.58,1,,,,,1,,,0.60,0.96,0.84,,0,0,0,,4.48,4.31,4.32,VMS 3,,Tanque,,,0.96,1.50,1.14,,2.37,7.09,5.12
19/09/2023 11:42 a. m.,Ordeño,11:17,14.68,1,,,,,1,,,0.54,0.84,0.90,,0,0,0,,4.92,4.73,4.99,VMS 3,,Tanque,,,0.90,1.26,1.26,,2.55,6.95,5.18
05/12/2023 01:48 a. m.,Ordeño,10:14,16.11,1,,,,,1,"DI,DD,TI",0.72,0.96,1.02,1.08,7714,2190,666,0,4.86,4.90,5.03,5.11,VMS 3,,Divert 3,,1.14,1.32,1.50,1.50,1.17,2.89,6.45,5.60
05/12/2023 06:50 p. m.,Ordeño,11:54,16.04,2,,,,,1,DI,0.72,0.78,1.02,1.08,7740,0,0,0,5.06,5.08,5.19,5.25,VMS 3,,Divert 3,,1.14,1.14,1.56,1.44,0.98,2.79,6.55,5.72
10/12/2023 01:00 p. m.,Ordeño,09:07,15.84,2,,,,,1,"DI,DD",0.60,0.84,1.02,1.02,1400,0,0,0,4.59,5.79,4.65,4.73,VMS 3,,Divert 3,Sangre por pezón por encima del umbral,1.32,1.20,1.38,1.50,0.79,5.26,5.18,4.61
14/12/2023 01:07 p. m.,Ordeño,14:02,20.95,3,,,,,1,TI,0.54,0.78,1.14,0.96,0,0,0,0,4.86,5.07,6.36,5.28,VMS 3,,Tanque,,0.96,1.20,1.80,1.44,0.77,2.48,12.59,5.11
16/12/2023 02:12 a. m.,Ordeño,11:24,16.57,1,,,,,1,TD,0.54,0.66,0.96,1.08,0,0,0,0,4.57,4.82,5.31,5.40,VMS 3,,Tanque,,0.78,1.32,1.44,1.62,0.68,2.14,4.53,9.22
11/01/2024 10:02 a. m.,Ordeño,12:33,29.30,1,,,,,1,,0.48,0.66,1.26,1.14,0,0,0,0,5.24,4.98,5.14,5.34,VMS 3,,Tanque,,0.72,0.96,1.86,1.50,1.26,4.56,12.13,11.35
12/01/2024 02:47 a. m.,Ordeño,13:02,27.47,1,,,,,1,,0.42,0.60,1.14,1.02,0,0,0,0,5.24,5.04,5.25,5.44,VMS 3,,Tanque,,0.66,0.96,1.68,1.38,1.18,4.39,11.91,9.99
14/01/2024 02:57 a. m.,Ordeño,13:09,29.14,1,,,,,1,,0.42,0.60,1.14,1.14,0,0,0,0,5.23,5.24,5.23,5.54,VMS 2,,Tanque,,0.72,1.02,1.50,1.68,1.43,4.59,12.07,11.05
15/01/2024 04:30 p. m.,Ordeño,13:35,28.63,2,,,,,1,,0.48,0.60,1.14,1.02,0,0,0,0,5.32,5.00,5.14,5.38,VMS 2,,Tanque,,0.78,0.96,1.62,1.50,1.34,4.35,12.02,10.92
16/01/2024 06:12 p. m.,Ordeño,12:17,24.76,2,,,,,1,DI,0.48,0.60,1.08,1.14,0,0,0,0,6.00,5.02,5.01,5.14,VMS 2,,Tanque,,0.84,1.02,1.44,1.62,1.90,3.41,10.01,9.44
22/01/2024 02:49 a. m.,Ordeño,10:51,23.45,1,,,,,1,,0.36,0.72,1.20,1.14,0,0,0,0,5.29,4.89,4.84,5.14,VMS 2,,Tanque,,0.66,1.20,1.62,1.62,0.94,3.73,9.54,9.24
26/01/2024 09:13 a. m.,Ordeño,15:12,33.63,1,,,,,1,,0.36,0.60,1.14,1.20,0,0,0,0,5.14,5.55,5.41,5.68,VMS 2,,Divert 3,Sangre por pezón por encima del umbral,0.66,1.14,1.62,1.62,1.68,5.88,12.52,13.55
29/01/2024 09:42 a. m.,Ordeño,13:42,30.19,1,,,,,1,,0.48,0.54,1.20,1.02,0,0,0,0,4.76,4.61,4.83,4.83,VMS 2,,Tanque,,0.96,0.90,1.68,1.56,1.38,4.55,12.78,11.48
30/01/2024 07:01 a. m.,Ordeño,13:58,33.58,1,,,,,1,,0.48,0.60,1.14,1.14,0,0,0,0,5.14,5.07,5.18,5.51,VMS 2,,Tanque,,0.72,1.08,1.56,1.62,1.73,5.72,13.09,13.04
31/01/2024 04:39 a. m.,Ordeño,13:54,35.82,1,,,,,1,,0.48,0.72,1.26,1.20,0,0,0,0,5.51,5.21,5.52,5.79,VMS 2,,Divert 3,Sangre por pezón por encima del umbral,0.84,1.38,1.74,1.68,1.64,5.92,14.42,13.84
14/03/2024 02:47 p. m.,Ordeño,10:53,17.55,2,,,,,1,TD,0.36,0.48,0.96,1.08,0,0,0,0,5.10,4.86,4.94,6.27,VMS 2,,Tanque,,0.54,0.90,1.38,1.44,0.55,2.53,7.64,6.83
15/03/2024 12:25 a. m.,Ordeño,10:20,16.88,1,,,,,1,TD,0.36,0.54,0.96,1.02,0,0,0,0,5.39,5.00,5.02,5.90,VMS 2,,Tanque,,0.66,1.02,1.38,1.56,0.46,2.52,7.32,6.58
18/03/2024 08:20 a. m.,Ordeño,13:19,22.35,1,,,,,1,,0.30,0.54,1.02,0.90,0,0,0,0,4.79,4.62,4.76,4.66,VMS 2,,Tanque,,0.54,1.08,1.44,1.44,0.79,2.84,10.03,8.69
19/03/2024 12:05 a. m.,Ordeño,13:30,20.49,1,,TD,,,1,,0.36,0.54,1.02,0.96,0,0,0,0,4.92,4.73,4.88,4.90,VMS 2,,Tanque,,0.66,1.08,1.44,1.50,0.81,3.32,10.84,5.52
19/03/2024 01:54 p. m.,Ordeño,12:56,25.68,2,,,,,1,TD,0.36,0.60,1.14,1.14,0,0,0,0,5.07,4.77,4.77,5.76,VMS 2,,Tanque,,0.66,1.02,1.50,1.56,0.73,2.91,10.16,11.88
02/04/2024 08:14 p. m.,Ordeño,10:33,22.70,2,,,,,1,,0.30,0.66,1.26,1.20,0,0,0,0,5.30,5.17,5.11,5.39,VMS 2,,Tanque,,0.60,1.14,1.80,1.68,0.68,2.89,10.22,8.91
03/04/2024 09:37 p. m.,Ordeño,14:18,24.84,1,,,,,1,"DI,DD",0.36,0.66,0.90,0.84,0,0,0,0,6.22,6.30,5.90,4.56,VMS 2,,Tanque,,0.54,1.02,1.38,1.32,1.03,4.36,10.42,9.03
05/04/2024 09:39 p. m.,Ordeño,12:22,26.11,2,,,,,1,TD,0.36,0.60,1.14,1.26,0,0,0,0,5.34,5.32,5.19,6.19,VMS 2,,Tanque,,0.66,0.96,1.56,1.68,0.75,2.88,10.07,12.41
06/04/2024 05:32 p. m.,Ordeño,13:46,26.47,1,,,,,1,,0.36,0.60,1.20,1.14,0,0,0,0,5.32,5.11,4.94,4.99,VMS 2,,Tanque,,0.66,1.08,1.62,1.62,0.93,4.33,13.07,8.14
18/04/2024 09:28 a. m.,Ordeño,12:04,20.85,1,,,,,1,,0.36,0.54,0.96,0.96,0,0,0,0,5.26,4.77,4.99,4.88,VMS 2,,Tanque,,0.60,1.14,1.32,1.50,0.63,3.00,9.17,8.05
22/04/2024 04:14 a. m.,Ordeño,13:53,25.37,1,,,,,1,,0.30,0.60,0.96,0.96,0,0,0,0,4.64,4.85,4.81,4.32,VMS 2,,Tanque,,0.66,1.08,1.56,1.50,0.72,3.67,11.06,9.92
22/04/2024 05:58 p. m.,Ordeño,11:32,18.60,2,,,,,1,,0.30,0.48,0.96,0.90,0,0,0,0,4.84,4.51,4.62,4.45,VMS 2,,Tanque,,0.66,0.90,1.32,1.38,0.52,2.62,8.57,6.89
30/04/2024 04:39 p. m.,Ordeño,10:46,24.55,2,,,,,1,DI,0.42,0.66,1.26,1.20,0,0,0,0,6.28,5.07,4.98,5.18,VMS 2,,Tanque,,0.66,1.14,1.74,1.62,1.20,3.69,10.42,9.24
03/05/2024 02:33 p. m.,Ordeño,10:59,22.62,1,,,,,1,DI,0.42,0.78,1.26,1.32,0,0,0,0,5.93,5.04,5.01,4.99,VMS 2,,Tanque,,0.78,1.20,1.62,2.22,0.60,2.92,10.17,8.93
04/05/2024 01:55 a. m.,Ordeño,09:31,17.96,1,,,,,1,,0.36,0.72,1.14,1.32,0,0,0,0,5.32,4.99,5.13,5.00,VMS 2,,Tanque,,0.72,1.14,1.56,1.74,0.55,2.21,7.97,7.23
05/05/2024 04:33 p. m.,Ordeño,07:33,11.36,2,,,,,1,DI,0.30,0.30,1.08,1.20,0,0,0,0,5.07,4.04,4.75,4.63,VMS 2,,Tanque,,0.48,0.48,1.56,1.68,0.43,0.63,5.60,4.70
06/05/2024 06:28 a. m.,Ordeño,10:27,21.78,1,,,,,1,,0.30,0.66,1.26,1.38,0,0,0,0,5.33,5.25,5.14,5.26,VMS 2,,Tanque,,0.60,1.02,1.80,1.80,0.53,2.40,9.95,8.90
15/05/2024 05:55 p. m.,Ordeño,13:37,30.43,1,,,,,1,,,0.66,1.26,1.32,,0,0,0,,5.81,5.38,5.75,VMS 2,,Tanque,,,1.14,1.74,1.68,,3.82,14.20,12.41
21/05/2024 09:07 a. m.,Ordeño,12:27,24.35,1,,,,,1,,,0.66,1.14,1.32,,0,0,0,,5.80,5.14,5.30,VMS 2,,Tanque,,,1.14,1.68,1.80,,2.51,11.77,10.07
21/05/2024 10:01 p. m.,Ordeño,10:52,17.55,2,,,,,1,,,0.60,0.96,1.20,,0,0,0,,5.41,4.87,4.89,VMS 2,,Tanque,,,0.96,1.44,1.62,,1.90,8.33,7.32
22/05/2024 10:16 a. m.,Ordeño,09:46,17.44,1,,,,,1,,,0.54,1.14,1.20,,0,0,0,,5.27,4.88,4.91,VMS 2,,Tanque,,,1.02,1.56,1.68,,1.72,8.42,7.30
22/05/2024 10:25 p. m.,Ordeño,10:06,18.01,2,,,,,1,,,0.60,1.08,1.14,,0,0,0,,5.54,5.13,5.17,VMS 2,,Tanque,,,0.96,1.56,1.56,,1.67,8.64,7.70
23/05/2024 10:19 a. m.,Ordeño,10:09,19.63,1,,,,,1,DD,,0.66,1.20,1.26,,0,0,0,,6.05,5.15,5.31,VMS 2,,Tanque,,,1.20,1.68,1.74,,2.22,9.50,7.91
25/05/2024 03:48 a. m.,Ordeño,08:15,13.75,1,,,,,1,DD,,0.48,1.14,1.08,,0,0,0,,5.59,4.84,4.85,VMS 2,,Tanque,,,0.84,1.44,1.62,,1.26,6.72,5.77
25/05/2024 01:14 p. m.,Ordeño,08:02,12.23,2,,,,,1,DD,,0.60,1.02,1.20,,0,0,0,,5.93,5.03,5.00,VMS 2,,Tanque,,,0.96,1.44,1.62,,1.14,5.98,5.11
27/05/2024 10:53 a. m.,Ordeño,13:37,19.97,1,,,,,1,DD,,0.66,1.02,1.08,,0,0,0,,7.77,5.79,4.81,VMS 2,,Tanque,,,1.32,1.44,1.50,,3.35,11.72,4.90
28/05/2024 12:40 a. m.,Ordeño,08:30,11.71,1,,,,,1,DD,,0.30,0.96,1.14,,0,383,0,,6.66,4.95,5.27,VMS 2,,Tanque,,,0.60,1.38,1.56,,1.17,5.40,5.14
30/05/2024 07:44 a. m.,Ordeño,10:56,22.33,1,,,,,1,,,0.66,1.14,1.32,,0,0,0,,5.96,5.46,5.64,VMS 2,,Tanque,,,1.14,1.56,1.86,,2.00,10.09,10.24
01/06/2024 01:43 p. m.,Ordeño,11:55,17.46,2,,,,,1,,,0.42,0.84,1.08,,0,0,0,,5.09,4.83,4.66,VMS 2,,Tanque,,,0.90,1.32,1.50,,2.24,8.15,7.07
03/06/2024 12:17 p. m.,Ordeño,12:20,17.28,2,,,,,1,,,0.54,0.84,0.96,,0,0,0,,5.23,4.81,4.60,VMS 2,,Tanque,,,0.96,1.26,1.38,,1.84,8.20,7.24
12/06/2024 10:31 p. m.,Ordeño,11:57,17.05,2,,,,,1,,,0.48,0.90,1.02,,0,0,0,,4.94,5.12,5.48,VMS 2,,Tanque,,,0.90,1.38,1.38,,2.25,8.42,6.38
16/06/2024 08:57 p. m.,Ordeño,13:11,23.43,3,,,,,1,,,0.48,1.08,1.08,,0,0,0,,4.60,4.58,5.05,VMS 2,,Tanque,,,0.78,1.44,1.68,,1.78,11.39,10.26
17/06/2024 10:44 a. m.,Ordeño,12:02,22.79,1,,,,,1,,,0.42,0.96,1.20,,0,0,0,,5.00,4.75,4.70,VMS 2,,Tanque,,,0.96,1.44,1.74,,3.21,9.70,9.88
12/09/2024 04:41 a. m.,Ordeño,11:59,20.13,1,,,,,1,,,0.42,0.96,1.02,,0,0,0,,4.63,4.68,4.91,VMS 2,,Tanque,,,0.72,1.38,1.44,,1.91,10.01,8.21
12/09/2024 06:51 p. m.,Ordeño,08:01,9.49,2,,,,,1,,,0.36,0.84,0.90,,0,0,0,,3.81,4.41,4.46,VMS 2,,Tanque,,,0.66,1.20,1.32,,0.87,4.89,3.73
28/09/2024 03:17 p. m.,Ordeño,08:58,11.87,1,,,,,1,,,0.30,0.90,1.02,,0,0,0,,3.54,4.24,3.91,VMS 2,,Tanque,,,0.66,1.38,1.50,,0.86,6.11,4.90
29/09/2024 04:55 a. m.,Ordeño,08:40,11.51,1,,,,,1,,,0.36,0.96,1.08,,0,0,0,,3.53,4.45,4.25,VMS 2,,Tanque,,,0.72,1.38,1.68,,0.65,6.05,4.81
16/01/2025 12:46 a. m.,Ordeño,11:53,14.21,1,,,TD,TD,1,,0.78,0.72,1.32,0.00,0,0,0,0,4.72,4.91,5.27,0.00,VMS 3,,Divert 3,,1.38,1.32,1.74,0.00,1.18,3.56,9.47,0.00
16/01/2025 12:03 p. m.,Ordeño,12:24,25.34,2,,TD,,,1,,0.66,0.78,1.38,1.26,0,0,0,0,4.43,4.74,4.85,5.21,VMS 3,,Divert 3,,1.14,1.44,1.92,1.92,0.94,3.42,9.00,11.98
19/01/2025 12:37 a. m.,Ordeño,12:25,16.30,1,,,,,1,TD,0.60,0.60,1.32,1.26,0,0,0,0,3.93,4.59,4.60,4.90,VMS 3,,Tanque,,1.26,1.08,1.98,1.68,0.52,1.62,4.41,9.75
19/01/2025 02:44 p. m.,Ordeño,12:10,17.35,2,,DD,TD,TD,1,,0.66,0.78,1.44,0.00,0,0,0,0,4.51,4.73,4.75,0.00,VMS 3,,Tanque,,1.14,1.50,1.98,0.00,1.35,4.36,11.64,0.00
19/01/2025 05:48 p. m.,Ordeño,07:58,5.29,3,,,TD,TD,1,,0.60,0.60,1.20,0.00,0,0,0,0,3.87,4.33,4.35,0.00,VMS 3,,Tanque,,1.02,0.90,1.62,0.00,0.35,1.19,3.75,0.00
27/01/2025 06:24 a. m.,Ordeño,14:02,35.87,1,,,,,1,"DI,DD",0.72,0.84,1.32,1.26,0,0,0,0,6.04,6.60,5.34,4.53,VMS 2,,Tanque,,1.20,1.80,1.86,1.80,2.80,7.46,14.94,10.67
03/02/2025 06:02 p. m.,Ordeño,14:02,36.14,1,,,,,1,,0.72,0.72,1.32,1.32,0,0,0,0,4.97,5.28,5.21,5.57,VMS 2,,Tanque,,1.08,1.26,1.86,1.86,2.04,6.03,15.26,12.81
09/02/2025 11:10 p. m.,Ordeño,13:37,32.05,2,,,,,1,,0.54,0.66,1.32,1.20,0,0,0,0,4.91,4.53,5.06,5.00,VMS 2,,Tanque,,0.84,1.08,1.68,1.74,1.61,4.87,14.31,11.26
11/03/2025 08:53 a. m.,Ordeño,14:00,32.09,1,,,,,1,,0.48,0.60,1.02,1.20,0,0,0,0,4.98,5.32,5.36,5.72,VMS 2,,Tanque,,0.78,1.32,1.44,2.34,2.07,5.71,11.66,12.65
11/03/2025 05:12 p. m.,Ordeño,11:07,10.62,2,,TD,TI,TI,1,TD,0.48,0.48,0.00,0.84,0,0,0,0,4.49,4.67,0.00,5.69,VMS 2,,Tanque,,0.84,1.08,0.00,1.44,1.00,2.73,0.00,6.89
12/03/2025 02:54 p. m.,Ordeño,13:53,36.53,1,,,,,1,,0.48,0.78,1.32,1.08,0,0,0,0,5.37,5.59,5.65,5.97,VMS 3,,Tanque,,0.72,1.26,2.46,1.80,2.53,6.26,15.09,12.65
19/03/2025 09:51 a. m.,Ordeño,13:56,34.42,1,,,,,1,,0.54,0.72,1.20,1.14,0,0,0,0,4.92,5.16,5.34,5.29,VMS 3,,Tanque,,0.96,1.14,1.74,1.62,2.37,5.96,13.45,12.64
20/03/2025 03:06 a. m.,Ordeño,13:53,29.51,1,,,,,1,,0.42,0.66,1.20,1.08,0,0,0,0,4.71,5.00,5.04,5.08,VMS 3,,Tanque,,0.72,1.20,1.80,1.56,1.67,4.36,13.48,10.00
20/03/2025 08:42 p. m.,Ordeño,11:21,28.32,2,,,,,1,,0.42,0.72,1.32,1.08,0,0,0,0,4.86,5.18,5.33,5.34,VMS 3,,Tanque,,0.72,1.14,1.68,1.56,1.95,5.37,11.39,9.61
25/03/2025 07:28 a. m.,Ordeño,13:53,29.75,1,,,,,1,,0.48,0.66,1.14,1.14,0,0,0,0,5.02,5.27,5.20,5.28,VMS 3,,Tanque,,0.72,1.08,1.68,1.62,1.86,4.68,12.90,10.31
31/03/2025 07:00 p. m.,Ordeño,07:16,9.09,2,,,DD,,1,"DI,TD",0.36,0.36,0.96,0.78,0,0,0,0,4.56,3.95,3.89,4.76,VMS 3,,Tanque,,0.60,0.78,1.38,1.14,0.46,1.02,4.58,3.03
04/04/2025 10:24 a. m.,Ordeño,11:27,18.73,1,,,,,1,,0.42,0.54,1.02,0.96,0,0,0,0,4.82,4.87,4.64,4.77,VMS 3,,Tanque,,0.66,0.96,1.44,1.38,0.98,2.43,9.05,6.27
15/04/2025 05:44 a. m.,Ordeño,15:07,31.86,1,,,,,1,TD,0.48,0.60,1.02,1.08,0,0,0,0,5.43,5.09,5.23,6.50,VMS 3,,Tanque,,1.08,1.14,1.62,1.86,1.89,5.94,11.53,12.50
16/04/2025 09:22 p. m.,Ordeño,10:33,20.99,2,,,,,1,,0.48,0.54,1.20,1.08,0,0,0,0,4.62,5.07,4.98,5.16,VMS 3,,Tanque,,0.72,0.84,1.62,1.50,0.99,3.30,9.51,7.19
25/04/2025 10:07 a. m.,Ordeño,12:32,27.04,1,,,,,1,,0.48,0.72,1.26,1.02,0,0,0,0,5.17,5.35,5.10,5.36,VMS 3,,Tanque,,0.78,1.14,1.68,1.50,1.42,4.15,12.06,9.41
26/04/2025 04:11 a. m.,Ordeño,12:17,28.16,1,,,,,1,,0.54,0.60,1.32,1.14,0,0,0,0,4.86,5.07,4.96,5.20,VMS 3,,Tanque,,0.84,0.90,1.80,1.68,1.27,4.53,12.65,9.71
28/04/2025 08:54 a. m.,Ordeño,11:33,24.25,1,,,,,1,,0.54,0.66,1.26,1.08,0,0,0,0,4.94,5.09,5.05,5.23,VMS 3,,Tanque,,0.84,0.96,1.68,1.56,1.16,3.88,11.03,8.18
29/04/2025 01:12 p. m.,Ordeño,12:18,25.46,1,,,,,1,TD,0.48,0.66,1.38,1.26,0,0,0,0,5.29,4.69,4.62,5.90,VMS 3,,Tanque,,0.72,1.20,1.80,1.68,1.27,4.08,11.61,8.50
30/04/2025 10:24 p. m.,Ordeño,13:42,30.30,2,,,,,1,,0.48,0.54,1.26,1.02,0,0,0,0,5.30,5.15,5.13,5.46,VMS 3,,Tanque,,0.72,0.84,1.74,1.38,1.54,4.76,13.72,10.28
03/06/2025 03:15 p. m.,Ordeño,11:05,23.98,2,,,,,1,TD,0.48,0.60,1.32,1.26,0,0,0,0,5.04,5.43,5.31,5.99,VMS 3,,Tanque,,0.72,1.08,1.80,1.62,1.00,2.85,9.23,10.90
05/06/2025 10:43 a. m.,Ordeño,13:52,31.71,1,,,,,1,,0.48,0.66,1.20,1.02,0,0,0,0,5.05,5.27,5.20,5.18,VMS 3,,Tanque,,0.78,1.02,1.74,1.56,1.74,5.31,13.52,11.14
06/06/2025 05:23 a. m.,Ordeño,14:03,27.68,1,,,,,1,,0.42,0.60,1.26,0.96,0,0,0,0,4.79,5.15,5.08,5.29,VMS 3,,Tanque,,0.78,0.90,1.80,1.32,1.20,4.04,13.82,8.62
08/06/2025 10:45 a. m.,Ordeño,13:50,31.73,1,,,,,1,,0.54,0.72,1.26,1.38,0,0,0,0,5.61,5.60,5.74,5.90,VMS 3,,Tanque,,0.78,1.14,1.74,1.92,1.60,5.04,14.20,10.89
09/06/2025 04:23 a. m.,Ordeño,13:26,24.11,1,,,,,1,,0.42,0.66,1.08,1.20,0,0,0,0,5.16,5.34,5.39,5.48,VMS 3,,Tanque,,0.66,1.08,1.62,1.62,1.21,3.07,11.69,8.14
11/06/2025 09:29 a. m.,Ordeño,13:49,28.60,1,,,,,1,,0.54,0.60,1.20,1.08,0,0,0,0,4.99,5.31,5.42,5.58,VMS 3,,Tanque,,0.90,1.20,1.98,1.50,1.45,4.29,13.41,9.45
12/06/2025 03:28 a. m.,Ordeño,13:34,27.69,1,,,,,1,,0.48,0.54,1.20,1.20,0,0,0,0,5.05,5.34,5.28,5.43,VMS 3,,Tanque,,1.02,0.96,1.74,1.68,1.27,3.91,13.05,9.46
14/06/2025 10:58 p. m.,Ordeño,14:38,35.31,1,,,,,1,TD,0.42,0.60,1.32,1.14,0,0,0,0,6.40,6.33,6.37,7.50,VMS 3,,Tanque,,1.02,0.90,1.86,1.56,2.22,5.66,14.85,12.58
16/06/2025 04:40 p. m.,Ordeño,11:29,18.19,2,,,,,1,,0.42,0.48,0.96,0.90,0,0,0,0,5.39,5.74,5.51,5.74,VMS 3,,Tanque,,0.66,0.84,1.50,1.26,0.79,2.51,8.54,6.35
18/06/2025 01:19 a. m.,Ordeño,14:24,32.61,1,,,,,1,,0.36,0.54,1.26,1.32,0,0,0,0,5.43,5.93,6.01,6.22,VMS 3,,Tanque,,0.96,1.20,1.68,1.74,0.52,5.55,13.98,12.56
19/06/2025 02:44 a. m.,Ordeño,13:50,29.92,1,,,,,1,,0.48,0.60,1.26,1.26,0,0,0,0,6.15,5.67,5.77,5.73,VMS 3,,Tanque,,0.72,0.90,1.74,1.68,2.11,4.13,13.90,9.78
19/06/2025 03:10 p. m.,Ordeño,09:24,13.66,2,,,DD,,1,,0.24,0.36,1.14,1.02,0,0,0,0,5.56,5.14,5.29,5.45,VMS 3,,Tanque,,0.60,0.78,1.62,1.38,0.31,1.22,7.71,4.42
20/06/2025 07:11 a. m.,Ordeño,10:23,19.60,1,,,,,1,,0.36,0.60,1.14,1.02,0,0,0,0,5.75,6.20,5.95,6.28,VMS 3,,Tanque,,0.60,1.02,1.80,1.44,0.58,2.66,8.59,7.77
21/06/2025 07:18 a. m.,Ordeño,14:05,29.93,1,,,,,1,,0.42,0.72,1.20,1.20,0,0,0,0,6.26,5.85,5.36,6.00,VMS 3,,Tanque,,0.72,1.14,1.98,1.62,1.04,4.24,13.33,11.32
22/06/2025 03:50 a. m.,Ordeño,13:30,26.91,1,,,,,1,,0.48,0.60,1.20,1.08,0,0,0,0,5.24,5.54,4.82,5.47,VMS 3,,Tanque,,0.72,1.02,1.80,1.62,1.07,3.64,12.92,9.28
22/06/2025 10:05 p. m.,Ordeño,11:46,24.84,2,,,,,1,,0.48,0.60,1.26,1.20,0,0,0,0,5.25,5.44,4.76,5.40,VMS 3,,Tanque,,0.72,1.08,1.74,1.68,0.99,3.38,11.67,8.80
24/06/2025 06:52 a. m.,Ordeño,13:56,34.43,1,,,,,1,TD,0.48,0.66,1.20,1.26,0,0,0,0,5.67,6.22,6.01,7.10,VMS 3,,Tanque,,0.84,1.08,1.68,1.68,1.94,6.18,13.52,12.79
25/06/2025 03:37 a. m.,Ordeño,13:50,23.94,1,,,,,1,,0.48,0.48,1.20,1.14,0,0,0,0,5.64,6.00,5.70,5.70,VMS 3,,Tanque,,0.84,0.96,1.68,1.56,1.08,2.54,13.01,7.31
25/06/2025 06:07 p. m.,Ordeño,09:01,18.25,2,,,,,1,,0.48,0.54,1.26,1.14,0,0,0,0,5.32,5.97,5.43,5.92,VMS 3,,Tanque,,0.72,0.90,1.68,1.56,0.86,2.57,8.12,6.70
26/06/2025 10:18 a. m.,Ordeño,09:52,20.22,1,,,,,1,,0.48,0.60,1.32,1.20,0,0,0,0,5.17,5.72,5.70,5.51,VMS 3,,Tanque,,0.72,1.20,1.86,1.56,0.98,2.64,8.62,7.98
05/07/2025 06:33 a. m.,Ordeño,12:11,21.29,1,,,,,1,,0.42,0.42,1.08,1.08,0,0,0,0,4.99,5.18,5.09,5.31,VMS 3,,Tanque,,0.66,0.84,1.50,1.50,0.91,2.92,10.02,7.44
06/07/2025 06:53 p. m.,Ordeño,13:28,23.90,2,,,,,1,TD,0.36,0.48,1.08,1.14,0,0,0,0,4.57,4.75,4.61,5.96,VMS 3,,Tanque,,0.60,0.90,1.44,1.62,0.72,2.34,8.41,12.43
08/07/2025 03:38 a. m.,Ordeño,10:41,16.11,1,,,,,1,,0.42,0.48,1.08,0.90,0,0,0,0,4.89,5.00,4.86,5.35,VMS 3,,Tanque,,0.60,0.90,1.50,1.44,0.66,2.46,7.85,5.14
08/07/2025 11:40 p. m.,Ordeño,13:48,26.01,2,,,,,1,,0.42,0.60,1.08,0.90,0,0,0,0,5.09,5.06,5.06,5.42,VMS 3,,Tanque,,0.66,1.02,1.56,1.32,1.18,3.92,12.27,8.64
11/07/2025 09:48 a. m.,Ordeño,10:02,12.20,1,,,TI,TI,1,,0.36,0.54,0.24,1.02,0,0,0,0,5.00,5.18,2.08,5.26,VMS 3,,Tanque,,0.72,0.96,0.42,1.38,1.04,3.26,0.05,7.85
12/07/2025 09:35 a. m.,Ordeño,18:27,31.96,1,,,,,1,TI,0.42,0.66,1.62,1.14,0,0,0,0,5.74,5.46,7.44,5.57,VMS 3,,Tanque,,0.72,1.02,3.96,1.62,1.52,4.79,15.00,10.65
13/07/2025 04:20 a. m.,Ordeño,10:50,17.01,1,,,,,1,,0.54,0.42,1.08,0.96,0,0,0,0,5.24,5.24,4.50,5.27,VMS 3,,Tanque,,0.90,0.96,1.44,1.50,1.12,2.82,4.88,8.19
22/07/2025 01:14 p. m.,Ordeño,13:48,31.54,1,,,,,1,TD,0.48,0.54,1.20,1.02,0,0,0,0,5.96,5.76,6.31,7.24,VMS 3,,Tanque,,0.78,0.90,1.98,1.44,1.50,4.41,13.75,11.88
23/07/2025 09:52 a. m.,Ordeño,12:29,24.97,1,,,,,1,,0.42,0.54,1.26,1.02,0,0,0,0,5.31,5.51,5.57,5.52,VMS 3,,Tanque,,0.84,1.02,1.68,1.44,1.12,2.74,12.43,8.68
24/07/2025 04:59 p. m.,Ordeño,08:46,16.96,2,,,,,1,,0.42,0.54,1.20,1.02,0,0,0,0,5.14,5.76,5.69,5.86,VMS 3,,Tanque,,0.66,0.90,1.62,1.38,0.72,2.45,7.25,6.54
27/07/2025 02:33 p. m.,Ordeño,10:30,16.35,2,,,,,1,,0.36,0.48,1.02,0.96,0,0,0,0,5.33,5.57,5.37,5.57,VMS 3,,Tanque,,0.72,0.78,1.50,1.38,0.72,1.85,7.90,5.88
28/07/2025 06:11 a. m.,Ordeño,11:55,21.73,1,,,,,1,,0.42,0.60,1.14,1.02,0,0,0,0,5.20,5.56,5.22,5.46,VMS 3,,Tanque,,0.66,1.02,1.56,1.38,0.96,2.78,10.19,7.80
01/08/2025 03:35 a. m.,Ordeño,11:53,22.33,1,,,,,1,,0.42,0.54,1.08,1.08,0,0,0,0,5.05,5.35,4.95,5.22,VMS 3,,Tanque,,0.72,1.08,1.50,1.50,1.13,3.00,10.02,8.18
26/08/2025 01:56 a. m.,Ordeño,13:10,28.59,1,,,,,1,,0.48,0.60,1.32,1.08,0,0,0,0,5.45,5.44,5.44,5.24,VMS 3,,Tanque,,0.72,0.96,2.04,1.50,1.14,3.50,13.75,10.20
31/08/2025 11:34 a. m.,Ordeño,13:20,25.47,1,,,,,1,,0.48,0.54,1.20,1.02,0,0,0,0,4.99,5.62,5.01,5.08,VMS 3,,Tanque,,0.66,1.02,1.56,1.32,1.05,2.63,12.95,8.84
02/09/2025 10:47 a. m.,Ordeño,10:13,18.25,1,,,,,1,,0.48,0.42,1.32,1.08,0,0,0,0,4.98,5.23,4.80,4.89,VMS 3,,Tanque,,0.66,0.78,1.74,1.50,0.77,1.46,9.72,6.30
03/09/2025 11:45 a. m.,Ordeño,12:44,24.11,1,,,,,1,,0.48,0.54,1.26,1.14,0,0,0,0,5.32,5.96,5.30,5.32,VMS 3,,Tanque,,0.84,0.90,1.68,1.44,1.06,1.89,12.55,8.61
03/09/2025 06:52 p. m.,Ordeño,06:20,7.50,2,,,,,1,DD,0.30,0.36,1.02,0.84,0,0,0,0,4.79,6.35,4.62,4.67,VMS 3,,Tanque,,0.60,0.78,1.38,1.50,0.33,0.89,3.93,2.35
04/09/2025 07:11 p. m.,Ordeño,10:01,16.13,2,,,,,1,DD,0.42,0.36,1.14,1.08,0,0,0,0,5.36,6.27,5.42,5.46,VMS 3,,Tanque,,0.66,0.84,1.56,1.44,0.59,1.20,8.37,5.97
07/09/2025 02:24 a. m.,Ordeño,11:32,20.08,1,,,,,1,,0.48,0.42,1.20,1.08,0,0,0,0,4.88,5.36,5.08,4.98,VMS 3,,Tanque,,0.84,0.90,1.68,1.62,1.09,1.43,10.65,6.91
08/09/2025 01:31 p. m.,Ordeño,09:43,16.70,2,,,,,1,DD,0.54,0.42,1.20,1.02,0,0,0,0,4.47,5.84,5.07,5.26,VMS 3,,Tanque,,1.74,0.78,1.74,1.44,0.75,1.34,8.68,5.93
09/09/2025 02:39 a. m.,Ordeño,11:23,14.55,1,,,,,1,DD,0.36,0.42,0.90,0.90,0,0,0,0,4.84,5.84,4.83,4.93,VMS 3,,Tanque,,0.60,0.90,1.26,1.20,0.54,1.40,7.40,5.21
10/09/2025 07:51 a. m.,Ordeño,13:51,26.13,1,,,,,1,DD,0.48,0.54,1.02,1.08,0,0,0,0,6.08,6.69,5.62,5.94,VMS 3,,Tanque,,0.66,1.02,1.62,1.56,1.28,2.56,11.49,10.80
12/09/2025 04:56 p. m.,Ordeño,11:31,17.99,2,,,,,1,DD,0.66,0.54,1.02,0.96,0,0,0,0,4.36,6.47,5.51,5.57,VMS 3,,Tanque,,2.76,1.02,1.50,1.38,1.05,1.42,8.99,6.53
13/09/2025 09:28 a. m.,Ordeño,10:36,18.39,1,,,,,1,,0.36,0.42,1.26,1.02,0,0,0,0,5.22,5.61,5.14,5.27,VMS 3,,Tanque,,0.54,0.78,1.80,1.44,0.63,1.09,9.96,6.71
13/09/2025 11:32 p. m.,Ordeño,09:40,13.91,2,,,,,1,DD,0.42,0.42,1.02,0.84,0,0,0,0,4.84,5.85,4.95,5.06,VMS 3,,Tanque,,0.66,0.66,1.44,1.26,0.61,0.85,7.35,5.10
14/09/2025 10:01 a. m.,Ordeño,09:11,10.78,1,,,,,1,DD,0.42,0.48,0.90,0.96,0,0,0,0,4.56,6.28,4.76,4.71,VMS 3,,Tanque,,0.66,1.32,1.26,1.44,0.40,0.81,5.67,3.90
14/09/2025 06:27 p. m.,Ordeño,08:42,9.96,2,,,,,1,DD,0.30,0.42,0.90,0.96,0,0,0,0,4.51,6.43,5.04,5.25,VMS 3,,Tanque,,0.54,1.08,1.26,1.38,0.35,0.55,5.35,3.71
15/09/2025 03:07 p. m.,Ordeño,13:49,23.13,1,,,,,1,DD,0.48,0.54,1.08,0.96,0,0,0,0,5.26,6.67,5.16,5.28,VMS 3,,Tanque,,0.78,0.96,1.50,1.38,0.90,2.00,11.95,8.28
16/09/2025 04:12 p. m.,Ordeño,13:17,19.10,1,,,,,1,DD,0.48,0.48,0.96,0.90,0,0,0,0,4.86,6.20,5.08,5.23,VMS 3,,Tanque,,0.66,0.78,1.32,1.32,0.77,1.01,10.16,7.16
17/09/2025 11:19 a. m.,Ordeño,11:35,20.62,1,,,,,1,,0.48,0.42,1.20,1.02,0,0,0,0,5.21,5.56,4.95,5.05,VMS 3,,Tanque,,0.78,0.84,1.68,1.50,0.89,1.06,10.88,7.79
17/09/2025 11:02 p. m.,Ordeño,10:45,13.63,2,,,,,1,DD,0.42,0.42,0.90,1.02,0,0,0,0,4.54,6.41,4.46,4.76,VMS 3,,Tanque,,0.66,0.84,1.26,1.38,0.49,0.86,7.18,5.10
19/09/2025 12:52 p. m.,Ordeño,11:46,18.52,1,,,,,1,DD,0.42,0.42,1.08,1.14,0,0,0,0,5.14,6.00,5.13,5.31,VMS 3,,Tanque,,0.60,1.14,1.38,1.44,0.78,1.13,9.86,6.75
20/09/2025 03:48 a. m.,Ordeño,11:30,17.20,1,,,,,1,,0.42,0.36,1.08,1.02,0,0,0,0,4.93,5.50,4.96,5.04,VMS 3,,Tanque,,0.66,0.78,1.56,1.38,0.72,0.74,9.42,6.32
21/09/2025 01:20 p. m.,Ordeño,11:03,16.45,1,,,,,1,DD,0.42,0.36,1.08,0.90,0,0,0,0,5.00,6.97,5.02,5.06,VMS 3,,Tanque,,0.60,0.84,1.38,1.26,0.65,0.73,8.88,6.19
22/09/2025 09:03 a. m.,Ordeño,13:23,24.47,1,,,,,1,DD,0.42,0.42,1.20,1.02,0,0,0,0,5.34,6.31,5.28,5.25,VMS 3,,Tanque,,0.66,0.72,1.56,1.56,1.04,1.42,12.80,9.21
24/09/2025 06:57 a. m.,Ordeño,10:04,13.88,1,,,,,1,DD,0.42,0.42,1.08,1.02,0,0,0,0,4.65,6.84,4.69,4.72,VMS 3,,Tanque,,0.66,0.78,1.50,1.56,0.59,0.67,7.87,4.75
25/09/2025 12:38 p. m.,Ordeño,12:35,20.28,1,,,,,1,DD,0.36,0.48,1.08,1.08,0,0,0,0,4.00,5.82,4.85,4.89,VMS 3,,Tanque,,0.60,1.14,1.56,1.50,1.06,0.79,10.85,7.58
26/09/2025 11:25 p. m.,Ordeño,09:36,12.73,2,,,,,1,DI,0.36,0.30,1.08,0.96,0,0,0,0,5.47,0.00,4.64,4.62,VMS 3,,Tanque,,0.54,0.90,1.56,1.38,0.60,0.57,6.92,4.64
27/09/2025 03:32 p. m.,Ordeño,11:29,19.27,1,,,,,1,,0.42,0.36,1.20,1.08,0,0,0,0,5.00,0.00,4.97,5.02,VMS 3,,Tanque,,1.26,1.02,1.56,1.50,0.81,0.67,10.51,7.28
02/10/2025 07:01 a. m.,Ordeño,09:23,16.10,1,,,,,1,DD,0.42,0.42,1.32,1.08,0,0,0,0,5.21,7.58,4.95,4.98,VMS 3,,Tanque,,0.60,1.08,1.68,1.44,0.48,0.63,8.94,6.05
02/10/2025 07:27 p. m.,Ordeño,10:24,15.28,2,,,,,1,DD,0.36,0.42,1.08,1.08,0,0,0,0,4.79,7.37,4.92,5.09,VMS 3,,Tanque,,0.60,1.44,1.44,1.50,0.65,0.69,8.20,5.74
03/10/2025 09:25 a. m.,Ordeño,10:46,17.36,1,,DI,,,1,,0.42,0.30,1.20,1.08,0,0,0,0,5.14,0.00,5.05,5.22,VMS 3,,Tanque,,0.90,0.96,1.56,1.50,0.47,0.59,9.73,6.57
04/10/2025 03:29 a. m.,Ordeño,11:13,19.57,1,,,,,1,,0.42,0.36,1.26,1.08,0,0,0,0,5.10,0.00,4.75,4.92,VMS 3,,Tanque,,0.66,0.90,1.68,1.44,0.92,0.30,10.97,7.38
05/10/2025 12:44 a. m.,Ordeño,11:25,21.57,1,,,,,1,DD,0.48,0.42,1.38,1.08,0,0,0,0,5.38,6.41,4.87,5.12,VMS 3,,Tanque,,0.72,0.90,1.86,1.44,0.82,0.54,12.12,8.09
05/10/2025 09:41 p. m.,Ordeño,12:49,19.62,2,,,,,1,DD,0.42,0.36,1.08,1.02,0,0,0,0,5.15,7.15,4.72,4.76,VMS 3,,Tanque,,0.66,0.78,2.04,1.38,0.79,0.64,10.73,7.46
06/10/2025 11:35 a. m.,Ordeño,09:37,14.89,1,,,,,1,DD,0.36,0.36,1.20,1.02,0,0,0,0,4.71,6.56,4.66,4.70,VMS 3,,Tanque,,0.54,0.96,1.62,1.44,0.55,0.35,8.42,5.57
07/10/2025 12:24 a. m.,Ordeño,09:07,15.38,1,,,,,1,DD,0.42,0.36,1.26,1.08,0,0,0,0,5.16,7.25,4.79,4.98,VMS 3,,Tanque,,0.60,0.96,1.80,1.56,0.50,0.71,8.42,5.75
07/10/2025 06:01 p. m.,Ordeño,11:07,20.83,2,,,,,1,,0.42,0.30,1.32,1.20,0,0,0,0,5.33,0.00,4.89,4.99,VMS 3,,Tanque,,0.72,0.96,1.80,1.50,0.78,0.50,11.47,8.08
09/10/2025 08:58 p. m.,Ordeño,07:25,8.67,2,,,TD,,1,"DI,DD",0.42,0.48,1.14,0.84,0,0,0,0,5.06,8.58,4.09,4.69,VMS 3,,Tanque,,0.96,0.96,1.56,1.26,0.36,1.37,5.01,1.93
10/10/2025 05:13 p. m.,Ordeño,10:37,16.25,1,,,,,1,,0.54,0.30,1.32,1.14,0,0,0,0,5.31,0.00,5.06,5.80,VMS 3,,Tanque,,0.84,0.96,1.80,1.62,0.53,0.47,10.25,5.00
11/10/2025 03:22 a. m.,Ordeño,10:17,6.69,1,,,,DD,1,TD,0.30,0.00,1.08,1.02,0,0,0,0,4.17,0.00,4.71,5.51,VMS 3,,Tanque,,0.72,0.00,1.62,1.38,0.31,0.00,3.87,2.51
11/10/2025 08:36 p. m.,Ordeño,08:16,11.81,2,,,,,1,,0.30,0.36,1.14,1.08,0,0,0,0,4.41,0.00,4.79,5.17,VMS 3,,Tanque,,0.60,0.84,1.62,1.56,0.36,0.36,6.50,4.59
13/10/2025 03:13 p. m.,Ordeño,13:49,23.63,1,,,,,1,DD,0.42,0.48,1.14,1.08,0,0,0,0,6.21,7.10,5.45,5.58,VMS 3,,Tanque,,0.66,1.14,1.86,1.50,0.72,1.01,12.88,9.02
14/10/2025 06:36 a. m.,Ordeño,10:35,12.34,1,,,,,1,,0.30,0.24,1.02,1.02,0,0,0,0,5.57,0.00,4.87,5.12,VMS 3,,Tanque,,0.48,0.66,1.50,1.38,0.45,0.39,7.66,3.84
14/10/2025 07:58 p. m.,Ordeño,08:08,11.50,2,,DD,,DD,1,,0.30,0.24,1.20,0.96,0,0,0,0,5.41,0.00,5.05,5.39,VMS 3,,Tanque,,0.54,0.66,1.62,1.32,0.38,0.18,6.52,4.42
15/10/2025 11:49 p. m.,Ordeño,13:50,22.40,1,,,,,1,,0.36,0.24,1.08,0.96,0,0,0,0,5.82,0.00,5.46,5.61,VMS 3,,Tanque,,0.72,0.66,1.98,1.44,0.85,0.46,12.44,8.65
16/10/2025 10:43 a. m.,Ordeño,07:47,8.85,2,,DD,,,1,,0.36,0.24,1.02,0.84,0,0,0,0,5.55,0.00,4.99,5.28,VMS 3,,Tanque,,0.54,0.72,1.50,1.20,0.31,0.33,5.31,2.90
17/10/2025 01:45 a. m.,Ordeño,10:47,14.81,1,,,,,1,,0.36,0.24,1.02,0.90,0,0,0,0,5.28,0.00,5.27,5.38,VMS 3,,Tanque,,0.54,0.84,1.50,1.26,0.49,0.40,8.25,5.67
19/10/2025 01:33 a. m.,Ordeño,14:02,26.27,1,,,,,1,"DI,TD",0.36,0.30,1.20,1.14,0,0,0,0,7.04,0.00,6.31,7.17,VMS 3,,Tanque,,0.72,0.78,1.62,1.62,1.24,0.50,13.69,10.84
19/10/2025 11:40 p. m.,Ordeño,10:46,13.36,2,,,,,1,DD,0.36,0.36,1.02,1.02,0,0,0,0,5.85,6.83,5.09,5.14,VMS 3,,Tanque,,0.54,0.90,1.44,1.44,0.56,0.42,8.00,4.38
21/09/2022 11:30 a. m.,Ordeño,08:27,13.29,1,,TD,,,0,,0.84,1.32,1.62,1.32,6980,1772,658,636,2.61,3.67,3.71,3.23,VMS 3,,Divert 3,,1.74,2.22,2.28,2.10,1.26,3.02,4.66,4.35
22/09/2022 03:55 a. m.,Ordeño,12:05,14.31,1,,,,,0,,0.66,1.08,1.20,0.96,5678,1680,563,550,4.40,4.43,3.94,4.19,VMS 3,,Divert 3,,1.20,1.86,1.80,1.50,1.05,2.62,6.40,4.24
22/09/2022 06:00 p. m.,Ordeño,05:56,11.00,2,,,,,0,,0.66,0.78,1.14,0.90,4681,1585,1062,561,4.79,5.13,5.07,4.91,VMS 3,,Divert 3,,1.14,1.44,1.68,1.44,0.96,2.41,4.10,3.53
23/09/2022 03:18 a. m.,Ordeño,06:45,8.58,1,,,,,0,,0.72,0.78,1.02,0.78,4176,578,561,0,4.64,4.87,4.93,4.73,VMS 3,,Divert 3,,1.32,1.26,1.50,1.20,0.79,1.80,3.20,2.79
23/09/2022 01:32 p. m.,Ordeño,07:27,11.40,2,,,,,0,"DD,TI",0.60,0.84,1.02,0.72,0,473,0,0,3.35,4.77,4.58,4.04,VMS 3,,Divert 3,,1.02,1.20,1.38,1.08,0.97,2.26,4.49,3.68
23/09/2022 10:39 p. m.,Ordeño,07:07,9.65,3,,TI,,,0,,0.66,0.78,1.02,0.66,581,357,0,0,4.65,4.74,4.56,4.53,VMS 3,,Divert 3,,1.14,1.14,1.50,1.08,0.73,1.98,3.92,3.02
24/09/2022 01:03 p. m.,Ordeño,08:51,14.94,1,,,,,0,,0.78,0.96,1.02,0.84,0,0,0,0,4.70,4.66,4.46,4.47,VMS 3,,Divert 3,,1.44,1.50,1.56,1.26,1.23,3.08,6.20,4.43
25/09/2022 03:24 a. m.,Ordeño,10:55,13.18,1,,TI,,,0,,0.78,0.72,1.08,0.78,386,0,0,0,4.48,4.46,4.49,4.33,VMS 3,,Divert 3,,1.20,1.20,1.86,1.32,1.15,3.12,4.37,4.54
26/09/2022 07:48 a. m.,Ordeño,13:07,24.42,1,,"TI,TD",,,0,,0.78,0.72,1.02,0.78,381,0,0,0,4.93,4.80,5.18,4.99,VMS 3,,Divert 3,Separada manualmente,1.14,1.14,1.74,1.26,1.84,4.99,10.01,7.58
26/09/2022 03:28 p. m.,Ordeño,07:11,5.66,2,,,,,0,,0.66,0.60,0.66,0.60,373,0,0,0,4.27,4.57,4.49,4.37,VMS 3,,Tanque,,0.96,1.08,1.02,1.02,0.71,1.02,2.14,1.79
27/09/2022 11:18 a. m.,Ordeño,09:33,16.87,1,,,,,0,,0.72,0.84,1.02,0.78,0,0,0,0,4.29,4.48,4.33,4.32,VMS 3,,Tanque,,1.08,1.20,1.62,1.44,1.24,3.48,6.79,5.36
29/09/2022 12:20 a. m.,Ordeño,11:06,1.47,1,,,"DD,TI",DI,0,,0.12,0.30,0.48,0.30,0,0,0,0,3.22,3.72,4.28,4.21,VMS 3,,Tanque,,0.30,0.84,0.96,0.66,0.05,0.32,0.60,0.50
29/09/2022 03:42 p. m.,Ordeño,12:28,7.20,2,,,TI,,0,,0.66,0.48,0.36,0.72,0,0,0,0,4.21,4.55,4.16,4.77,VMS 3,,Tanque,,1.14,0.90,1.14,1.26,0.48,1.57,0.45,4.70
30/09/2022 12:15 a. m.,Ordeño,10:57,2.23,1,,,TI,TI,0,,0.36,0.48,0.00,0.60,0,0,0,0,4.15,4.23,0.00,4.36,VMS 3,,Tanque,,0.66,0.84,0.00,1.02,0.25,0.75,0.00,1.23
30/09/2022 02:35 p. m.,Ordeño,09:10,4.97,2,,,"DD,TD",DD,0,,0.60,0.00,0.72,0.48,0,0,0,0,4.55,0.00,4.60,4.70,VMS 3,,Tanque,,0.96,0.00,1.20,0.78,0.56,0.00,2.90,1.51
01/10/2022 03:52 a. m.,Ordeño,09:29,9.19,1,,,,,0,TD,0.48,0.36,0.66,0.72,0,0,0,0,4.08,4.31,4.46,5.11,VMS 3,,Tanque,,0.90,0.72,1.14,1.14,0.49,1.33,2.85,4.52
02/10/2022 04:16 a. m.,Ordeño,06:04,3.82,1,,,,,0,,0.48,0.36,0.48,0.66,0,0,0,0,4.04,4.39,4.49,4.44,VMS 3,,Tanque,,0.96,0.66,0.78,1.08,0.32,0.87,0.96,1.67
02/10/2022 11:43 a. m.,Ordeño,05:38,4.54,2,,,,,0,,0.42,0.48,0.66,0.54,0,0,0,0,3.89,4.54,4.63,4.63,VMS 3,,Tanque,,0.66,1.02,1.26,0.90,0.33,1.15,1.88,1.18
03/10/2022 12:54 a. m.,Ordeño,08:18,7.84,1,,,,,0,,0.54,0.54,0.72,0.60,0,0,0,0,4.56,4.61,4.71,4.82,VMS 3,,Tanque,,0.96,1.02,1.14,0.90,0.55,1.25,3.70,2.34
03/10/2022 08:02 a. m.,Ordeño,06:09,4.29,2,,,,,0,,0.48,0.30,0.66,0.54,0,0,0,0,4.42,4.42,4.50,4.63,VMS 3,,Tanque,,0.84,0.90,0.96,0.90,0.34,0.85,1.85,1.25
03/10/2022 09:10 p. m.,Ordeño,08:28,8.85,3,,,,,0,,0.54,0.48,0.66,0.54,0,0,0,0,4.47,4.70,4.72,4.80,VMS 3,,Tanque,,0.78,0.96,1.38,0.96,0.58,1.92,3.77,2.58
04/10/2022 09:50 a. m.,Ordeño,08:06,7.94,1,,,,,0,,0.54,0.48,0.66,0.54,0,0,0,0,4.78,4.74,4.73,4.78,VMS 3,,Tanque,,0.90,0.90,1.02,0.96,0.63,1.37,3.57,2.37
04/10/2022 04:34 p. m.,Ordeño,05:01,4.32,2,,,,,0,,0.42,0.42,0.66,0.48,0,0,0,0,4.77,4.68,4.74,4.51,VMS 3,,Tanque,,0.72,0.72,1.14,0.72,0.33,0.95,1.80,1.24
05/10/2022 01:09 a. m.,Ordeño,06:33,5.26,1,,,,,0,,0.48,0.42,0.60,0.48,0,0,0,0,4.70,4.74,4.78,4.80,VMS 3,,Tanque,,0.78,0.96,0.96,0.96,0.35,0.97,2.28,1.66
05/10/2022 02:11 p. m.,Ordeño,08:43,9.42,2,,,,,0,,0.54,0.48,0.72,0.54,0,0,0,0,4.93,4.94,4.92,4.91,VMS 3,,Tanque,,0.78,0.84,1.20,0.90,0.62,1.88,4.06,2.86
06/10/2022 10:15 a. m.,Ordeño,10:57,13.92,1,,,,,0,,0.66,0.54,0.78,0.54,0,0,0,0,5.18,5.09,5.15,5.01,VMS 3,,Tanque,,0.90,0.90,1.26,0.96,0.94,2.78,5.97,4.23
08/10/2022 02:57 p. m.,Ordeño,07:56,8.58,2,,,,,0,,0.48,0.48,0.72,0.54,0,0,0,0,4.93,4.97,5.06,5.00,VMS 3,,Tanque,,0.72,1.02,1.20,0.90,0.59,1.72,3.71,2.56
09/10/2022 07:38 p. m.,Ordeño,13:20,18.33,1,,,,,0,,0.60,0.66,0.84,0.60,0,0,0,0,5.20,5.30,5.21,5.46,VMS 3,,Tanque,,0.90,1.02,1.32,1.26,1.22,3.51,8.05,5.55
10/10/2022 01:40 p. m.,Ordeño,09:33,10.40,1,,,,,0,,0.54,0.54,0.72,0.54,0,0,0,0,5.00,5.11,4.93,5.13,VMS 3,,Tanque,,0.84,0.90,1.20,0.90,0.80,2.14,4.56,2.90
11/10/2022 04:09 a. m.,Ordeño,09:03,11.74,1,,,,,0,,0.54,0.66,0.84,0.60,0,0,0,0,4.83,5.11,5.04,5.13,VMS 3,,Tanque,,0.84,1.08,1.32,0.96,0.81,2.33,5.06,3.54
12/10/2022 07:50 a. m.,Ordeño,14:14,17.81,1,,,,,0,,0.66,0.60,0.72,0.60,0,0,0,0,5.19,5.12,5.07,5.13,VMS 3,,Tanque,,1.02,0.96,1.44,1.14,1.26,3.66,7.39,5.50
12/10/2022 10:13 p. m.,Ordeño,07:55,8.91,2,,,,,0,,0.48,0.48,0.78,0.48,0,0,0,0,5.20,5.04,5.03,5.03,VMS 3,,Drenaje,,0.72,0.78,1.32,0.84,0.72,1.81,3.88,2.50
13/10/2022 11:26 a. m.,Ordeño,10:11,12.20,1,,,,,0,,0.60,0.60,0.72,0.60,0,0,0,0,5.52,5.45,5.41,5.60,VMS 3,,Drenaje,,0.90,0.96,1.08,1.02,0.86,2.42,5.13,3.79
14/10/2022 04:14 a. m.,Ordeño,12:02,15.74,1,,,,,0,,0.60,0.66,0.78,0.66,0,0,0,0,5.20,5.14,5.13,5.30,VMS 3,,Drenaje,,0.90,0.96,1.26,1.14,1.10,3.10,6.68,4.86
15/10/2022 07:21 p. m.,Ordeño,09:50,14.84,2,,,,,0,,0.60,0.60,0.90,0.72,0,0,0,0,4.95,4.90,4.91,4.94,VMS 3,,Drenaje,,0.84,1.02,1.32,1.08,1.12,2.92,6.30,4.50
16/10/2022 02:56 p. m.,Ordeño,10:39,17.77,1,,,,,0,,0.66,0.66,0.96,0.72,0,0,0,0,5.19,5.03,4.99,5.02,VMS 3,,Drenaje,,1.02,1.08,1.38,1.20,1.26,3.42,7.51,5.58
17/10/2022 07:04 a. m.,Ordeño,09:29,16.28,1,,,,,0,,0.60,0.72,1.14,0.72,0,0,0,0,4.80,4.76,4.85,4.82,VMS 3,,Drenaje,,0.96,1.14,1.50,1.14,1.12,3.15,7.03,4.98
18/10/2022 02:19 a. m.,Ordeño,10:49,18.48,1,,,,,0,,0.66,0.72,1.02,0.78,0,0,0,0,4.87,4.82,4.65,4.75,VMS 3,,Drenaje,,0.90,1.08,1.50,1.32,1.23,3.43,7.95,5.87
18/10/2022 06:54 p. m.,Ordeño,10:45,16.93,2,,,,,0,,0.66,0.66,0.96,0.72,0,0,0,0,4.93,4.89,4.89,4.86,VMS 3,,Drenaje,,0.96,1.02,1.44,1.20,1.24,3.20,7.29,5.20
19/10/2022 03:01 p. m.,Ordeño,12:11,20.58,1,,,,,0,,0.60,0.78,0.96,0.72,0,0,0,0,4.69,4.76,4.68,4.70,VMS 3,,Drenaje,,0.90,1.26,1.38,1.26,1.42,4.05,8.94,6.17
20/10/2022 04:43 a. m.,Ordeño,09:54,15.29,1,,,,,0,,0.72,0.66,1.02,0.78,0,0,0,0,4.36,4.49,4.32,4.45,VMS 3,,Drenaje,,1.02,1.20,1.50,1.32,0.97,2.88,6.74,4.70
20/10/2022 09:30 p. m.,Ordeño,11:29,18.08,2,,,,,0,,0.60,0.78,0.96,0.72,0,0,0,0,4.62,4.76,4.60,4.71,VMS 3,,Drenaje,,0.90,1.20,1.44,1.14,1.23,3.45,7.78,5.62
21/10/2022 03:20 p. m.,Ordeño,12:23,22.67,1,,,,,0,,0.66,0.78,0.90,1.26,0,0,0,0,4.75,4.83,4.67,4.71,VMS 3,,Drenaje,,0.96,1.14,1.50,2.34,1.41,3.81,8.79,8.66
24/10/2022 02:30 p. m.,Ordeño,09:00,15.83,2,,,,,0,,0.60,0.66,1.14,0.90,0,0,0,0,4.46,4.50,4.31,4.42,VMS 3,,Drenaje,,0.90,1.02,1.68,1.68,1.13,2.86,6.91,4.93
25/10/2022 08:31 a. m.,Ordeño,10:15,18.29,1,,,,,0,,0.60,0.60,0.96,0.96,0,0,0,0,4.45,4.52,4.47,4.45,VMS 3,,Drenaje,,0.96,1.14,1.56,1.92,1.13,3.43,7.67,6.06
25/10/2022 11:05 p. m.,Ordeño,08:46,14.98,2,,,,,0,,0.54,0.66,1.14,0.78,0,0,0,0,4.59,4.58,4.41,4.52,VMS 3,,Drenaje,,0.72,1.02,1.62,1.26,1.01,2.73,6.42,4.82
26/10/2022 06:33 p. m.,Ordeño,11:09,21.48,1,,,,,0,,0.72,0.78,1.08,0.84,0,0,0,0,4.61,4.63,4.56,4.69,VMS 3,,Drenaje,,1.32,1.14,1.62,1.26,1.41,4.07,8.97,7.03
28/10/2022 07:41 p. m.,Ordeño,14:05,22.89,1,,,,,0,,0.60,0.72,0.78,0.96,0,0,0,0,4.62,4.58,4.56,4.46,VMS 3,,Drenaje,,0.96,1.02,1.14,1.98,1.42,4.18,8.69,8.60
29/10/2022 09:45 a. m.,Ordeño,09:27,15.38,1,,,,,0,,0.54,0.66,0.84,1.08,0,0,0,0,4.03,4.22,4.07,3.82,VMS 3,,Drenaje,,0.84,0.96,1.32,2.04,0.95,2.64,5.84,5.95
29/10/2022 11:26 p. m.,Ordeño,10:02,18.48,2,,,,,0,,0.54,0.66,0.90,1.44,0,0,0,0,4.62,4.69,4.72,4.59,VMS 3,,Drenaje,,0.90,1.20,1.38,3.00,1.03,3.04,6.72,7.69
30/10/2022 05:04 p. m.,Ordeño,12:18,27.65,1,,,,,0,,0.66,0.72,1.14,1.50,0,0,0,0,4.80,4.80,4.68,4.68,VMS 3,,Drenaje,,1.14,1.08,1.50,2.94,1.41,4.32,9.54,12.38
01/11/2022 12:31 a. m.,Ordeño,10:43,22.25,1,,,,,0,,0.66,0.66,1.14,1.32,0,0,0,0,4.62,4.67,4.64,4.57,VMS 3,,Tanque,,1.02,1.08,1.62,2.70,1.29,3.80,8.80,8.36
01/11/2022 04:36 p. m.,Ordeño,01:28,0.00,2,,,Todos,Todos,0,,0.00,0.00,0.00,0.00,0,0,0,0,0.00,0.00,0.00,0.00,VMS 3,,Drenaje,,0.00,0.00,0.00,0.00,0.00,0.00,0.00,0.00
01/11/2022 04:39 p. m.,Ordeño,10:22,16.84,3,,,,,0,,0.60,0.66,0.96,0.96,0,0,0,0,4.46,4.47,4.45,4.38,VMS 3,,Drenaje,,0.84,1.02,1.32,2.10,1.04,2.77,6.98,6.05
02/11/2022 01:33 a. m.,Ordeño,06:36,7.62,1,,,,,0,,0.48,0.48,0.90,0.66,0,0,0,0,4.19,4.26,4.26,4.11,VMS 3,,Tanque,,0.78,0.78,1.32,1.02,0.56,1.42,3.21,2.43
02/11/2022 01:45 p. m.,Ordeño,08:54,16.83,2,,,,,0,,0.48,0.60,1.14,1.14,0,0,0,0,4.57,4.72,4.70,4.70,VMS 3,,Tanque,,0.72,0.96,1.62,2.40,0.95,2.71,6.53,6.64
03/11/2022 01:45 a. m.,Ordeño,09:41,19.75,1,,,,,0,,0.54,0.72,1.08,1.38,0,0,0,0,4.74,4.70,4.71,4.74,VMS 3,,Tanque,,1.26,1.08,1.62,2.82,1.16,3.10,7.72,7.77
03/11/2022 06:30 p. m.,Ordeño,12:03,21.59,2,,,,,0,,0.54,0.72,1.02,1.08,0,0,0,0,4.33,4.45,4.53,4.45,VMS 3,,Tanque,,0.84,1.20,1.50,2.22,1.24,3.76,8.24,8.35
04/11/2022 04:48 a. m.,Ordeño,06:08,9.65,1,,,,,0,,0.48,0.60,1.14,0.90,0,0,0,0,3.89,3.96,4.03,3.93,VMS 3,,Tanque,,0.84,0.90,1.62,1.92,0.66,1.78,3.84,3.37
05/11/2022 04:00 a. m.,Ordeño,12:42,14.18,1,,,TD,TD,0,,0.54,0.72,1.08,0.00,0,0,0,0,4.10,4.23,4.26,0.00,VMS 3,,Tanque,,0.84,1.20,1.62,0.00,1.19,3.88,9.11,0.00
05/11/2022 04:47 p. m.,Ordeño,12:41,20.25,2,,,,,0,,0.48,0.60,1.14,1.02,0,0,0,0,4.24,4.35,4.41,4.75,VMS 3,,Tanque,,0.78,0.96,1.50,1.74,0.98,2.76,6.47,10.04
06/11/2022 02:56 a. m.,Ordeño,07:13,11.00,1,,,,,0,,0.54,0.66,1.20,0.84,0,0,0,0,3.86,4.25,4.27,4.04,VMS 3,,Tanque,,0.84,1.08,1.68,1.14,0.80,2.34,5.36,2.50
06/11/2022 09:57 p. m.,Ordeño,11:04,13.68,2,,,,,0,,0.48,0.54,0.78,0.78,0,0,0,0,4.18,4.34,4.38,4.52,VMS 3,,Tanque,,0.78,0.90,1.20,1.38,0.89,2.63,6.05,4.11
08/11/2022 01:33 a. m.,Ordeño,06:14,7.89,1,,,,,0,,0.42,0.48,0.96,0.78,0,0,0,0,3.91,4.32,4.39,4.33,VMS 3,,Tanque,,0.72,0.72,1.38,1.20,0.48,1.47,3.39,2.55
08/11/2022 11:06 a. m.,Ordeño,08:03,9.83,2,,,,,0,,0.42,0.48,0.78,0.66,0,0,0,0,4.32,4.44,4.49,4.43,VMS 3,,Tanque,,0.72,0.90,1.38,1.14,0.58,1.88,4.23,3.14
08/11/2022 06:23 p. m.,Ordeño,08:19,8.97,3,,,,,0,,0.42,0.54,0.72,0.66,0,0,0,0,4.57,4.69,4.64,4.66,VMS 3,,Tanque,,0.60,0.90,1.20,1.20,0.54,1.67,3.88,2.88
09/11/2022 01:06 p. m.,Ordeño,12:43,23.01,1,,,,,0,,0.54,0.66,1.02,0.84,0,0,0,0,4.57,4.76,4.88,4.82,VMS 3,,Tanque,,0.84,1.08,1.44,1.44,1.37,4.22,9.82,7.60
09/11/2022 09:22 p. m.,Ordeño,07:03,9.12,2,,,,,0,,0.48,0.54,0.90,0.72,0,0,0,0,4.42,4.38,4.46,4.42,VMS 3,,Tanque,,0.72,0.90,1.32,1.14,0.64,1.61,3.89,2.98
10/11/2022 06:18 p. m.,Ordeño,13:46,25.60,1,,,,,0,,0.60,0.72,0.96,0.90,0,0,0,0,4.88,5.17,4.88,5.04,VMS 3,,Tanque,,1.14,1.02,1.56,1.38,1.55,4.69,10.70,8.66
12/11/2022 01:29 a. m.,Ordeño,10:01,14.13,1,,,,,0,,0.48,0.60,0.84,0.72,0,0,0,0,4.59,4.63,4.62,4.79,VMS 3,,Tanque,,0.78,0.96,1.32,1.26,0.93,2.56,6.06,4.58
12/11/2022 03:33 p. m.,Ordeño,11:53,19.72,2,,,,,0,,0.54,0.72,0.90,0.84,0,0,0,0,5.04,4.99,5.04,5.03,VMS 3,,Tanque,,0.84,1.14,1.38,1.20,1.21,3.54,8.39,6.58
13/11/2022 02:21 a. m.,Ordeño,09:02,14.59,1,,,,,0,,0.48,0.60,1.02,0.78,0,0,0,0,4.54,4.65,4.65,4.65,VMS 3,,Tanque,,0.78,0.96,1.44,1.26,0.89,2.58,6.29,4.83
14/11/2022 12:12 a. m.,Ordeño,13:49,26.44,1,,,,,0,,0.48,0.60,0.96,0.84,0,0,0,0,5.05,5.04,5.15,5.26,VMS 3,,Tanque,,0.72,1.02,1.74,1.32,1.76,5.02,10.82,8.84
14/11/2022 05:37 p. m.,Ordeño,11:34,20.66,2,,,,,0,,0.48,0.66,1.08,0.84,0,0,0,0,4.49,4.67,4.66,4.68,VMS 3,,Tanque,,0.78,1.14,1.56,1.38,1.21,3.49,9.40,6.56
15/11/2022 12:49 a. m.,Ordeño,06:56,10.50,1,,TI,,,0,,0.42,0.54,1.14,0.78,0,0,0,0,4.23,4.53,4.44,4.56,VMS 3,,Tanque,,0.60,0.84,1.74,1.38,0.72,1.83,4.49,3.46
15/11/2022 10:27 a. m.,Ordeño,07:58,13.60,2,,,,,0,,0.48,0.60,1.08,0.90,0,0,0,0,4.43,4.69,4.57,4.73,VMS 3,,Tanque,,0.66,0.96,1.50,1.50,0.79,2.44,5.78,4.59
16/11/2022 04:42 a. m.,Ordeño,13:38,27.13,1,,,,,0,,0.54,0.72,1.08,0.96,0,0,0,0,5.17,5.15,5.08,5.37,VMS 3,,Tanque,,0.90,0.96,1.56,1.50,1.62,4.83,11.75,8.93
17/11/2022 11:07 a. m.,Ordeño,06:00,8.34,2,,,,,0,,0.48,0.48,1.02,0.78,0,0,0,0,4.13,4.29,4.39,4.28,VMS 3,,Tanque,,0.72,0.84,1.38,1.32,0.62,1.45,3.52,2.75
17/11/2022 05:46 p. m.,Ordeño,06:29,8.06,3,,,,,0,,0.36,0.54,0.90,0.78,0,0,0,0,4.27,4.44,4.59,4.38,VMS 3,,Tanque,,0.54,0.78,1.32,1.20,0.39,1.41,3.50,2.76
18/11/2022 02:20 a. m.,Ordeño,08:36,12.71,1,,,,,0,,0.48,0.54,0.90,0.84,0,0,0,0,4.93,4.90,5.10,5.25,VMS 3,,Tanque,,0.66,0.90,1.26,1.26,0.78,2.17,5.45,4.31
18/11/2022 06:48 p. m.,Ordeño,13:44,24.51,2,,,,,0,,0.54,0.78,0.96,0.96,0,0,0,0,5.10,5.03,5.13,5.31,VMS 3,,Tanque,,0.78,1.14,1.56,1.38,1.49,4.44,10.52,8.06
19/11/2022 08:43 a. m.,Ordeño,10:57,21.18,1,,,,,0,,0.60,0.60,1.14,0.96,0,0,0,0,4.75,4.70,4.65,4.59,VMS 3,,Tanque,,0.96,1.02,1.62,1.50,1.22,3.64,9.19,7.13
19/11/2022 04:59 p. m.,Ordeño,09:00,14.29,2,,,,,0,,0.54,0.66,0.96,0.84,0,0,0,0,4.76,4.98,5.02,5.13,VMS 3,,Tanque,,0.72,1.02,1.32,1.26,0.90,2.64,5.99,4.76
20/11/2022 03:43 a. m.,Ordeño,13:12,16.18,1,,,,,0,,0.42,0.72,0.60,0.90,0,0,0,0,4.67,4.85,3.79,4.84,VMS 3,,Tanque,,0.72,1.08,0.90,1.38,0.99,3.09,6.46,5.64
20/11/2022 05:51 p. m.,Ordeño,12:04,21.74,2,,,,,0,,0.48,0.66,1.02,0.90,0,0,0,0,4.63,4.58,4.67,4.61,VMS 3,,Tanque,,0.84,1.14,1.44,1.38,1.28,3.84,9.23,7.39
21/11/2022 03:19 a. m.,Ordeño,08:32,14.86,1,,,,,0,,0.48,0.60,1.08,0.90,0,0,0,0,4.53,4.57,4.61,4.59,VMS 3,,Tanque,,0.78,1.02,1.62,1.38,0.94,2.62,6.22,5.08
21/11/2022 03:25 p. m.,Ordeño,10:48,17.00,2,,,,,0,,0.48,0.66,0.90,0.84,0,0,0,0,4.32,4.51,4.57,4.56,VMS 3,,Tanque,,0.84,1.08,1.44,1.20,0.99,2.97,7.10,5.94
22/11/2022 12:04 a. m.,Ordeño,07:59,12.57,1,,,,,0,,0.48,0.60,1.02,0.90,0,0,0,0,4.20,4.49,4.38,4.62,VMS 3,,Tanque,,0.72,0.96,1.50,1.50,0.77,2.07,5.50,4.23
22/11/2022 06:04 p. m.,Ordeño,13:06,22.97,2,,,,,0,,0.48,0.72,0.96,0.84,0,0,0,0,4.46,4.55,4.58,4.56,VMS 3,,Tanque,,0.78,1.14,1.56,1.20,1.36,4.12,9.73,7.76
23/11/2022 12:56 a. m.,Ordeño,06:01,7.63,1,,,,,0,,0.42,0.48,0.90,0.78,0,0,0,0,4.05,4.26,4.15,4.16,VMS 3,,Tanque,,0.60,0.78,1.38,1.20,0.52,1.45,3.10,2.56
23/11/2022 08:29 a. m.,Ordeño,06:23,8.52,2,,,,,0,,0.36,0.42,0.96,0.78,0,0,0,0,3.99,4.19,4.13,3.85,VMS 3,,Tanque,,0.60,0.96,1.32,1.14,0.52,1.35,3.66,2.99
23/11/2022 06:15 p. m.,Ordeño,08:38,14.39,3,,,,,0,,0.42,0.60,1.02,0.90,0,0,0,0,4.65,4.76,4.72,4.76,VMS 3,,Tanque,,0.66,0.96,1.50,1.26,0.84,2.69,5.98,4.88
24/11/2022 01:07 a. m.,Ordeño,06:59,10.06,1,,,,,0,,0.36,0.54,0.96,0.78,0,0,0,0,4.06,4.28,4.42,4.46,VMS 3,,Tanque,,0.54,1.02,1.38,1.20,0.61,1.73,4.27,3.45
24/11/2022 06:41 p. m.,Ordeño,12:44,22.79,2,,,,,0,,0.60,0.72,0.96,0.84,0,0,0,0,4.52,4.54,4.57,4.46,VMS 3,,Tanque,,0.84,1.20,1.44,1.26,1.36,4.13,9.59,7.71
25/11/2022 11:24 a. m.,Ordeño,10:37,17.30,1,,,,,0,,0.54,0.60,0.96,0.84,0,0,0,0,4.33,4.32,4.34,4.36,VMS 3,,Tanque,,0.84,0.90,1.38,1.38,1.13,3.13,7.28,5.76
25/11/2022 07:48 p. m.,Ordeño,06:26,7.79,2,,,,,0,,0.42,0.42,0.96,0.72,0,0,0,0,3.91,4.08,3.99,3.98,VMS 3,,Tanque,,0.66,0.66,1.44,1.14,0.54,1.41,3.30,2.54
26/11/2022 07:32 a. m.,Ordeño,08:43,12.03,1,,,,,0,,0.48,0.60,0.90,0.84,0,0,0,0,3.90,4.12,4.16,4.10,VMS 3,,Tanque,,0.72,0.96,1.38,1.32,0.64,2.16,5.11,4.12
26/11/2022 03:54 p. m.,Ordeño,07:30,10.03,2,,,,,0,,0.42,0.54,0.90,0.78,0,0,0,0,3.96,4.08,4.12,4.12,VMS 3,,Tanque,,0.60,1.02,1.38,1.20,0.57,1.75,4.23,3.48
27/11/2022 12:36 a. m.,Ordeño,07:45,11.27,1,,,,,0,,0.48,0.54,0.96,0.78,0,0,0,0,3.98,4.04,4.13,4.00,VMS 3,,Tanque,,0.90,0.90,1.50,1.20,0.60,2.00,4.82,3.85
27/11/2022 10:57 a. m.,Ordeño,08:46,13.62,2,,,,,0,,0.42,0.54,0.96,0.78,0,0,0,0,4.00,4.18,4.30,4.13,VMS 3,,Tanque,,0.66,0.96,1.44,1.32,0.78,2.38,5.81,4.65
27/11/2022 05:48 p. m.,Ordeño,13:16,5.50,3,,,TD,TD,0,,0.48,0.54,0.84,0.24,0,0,0,0,3.99,4.12,4.13,1.94,VMS 3,,Tanque,,0.78,0.90,1.20,0.60,0.57,1.60,3.22,0.11
28/11/2022 04:29 a. m.,Ordeño,12:13,17.71,1,,,,,0,,0.42,0.60,1.02,0.90,0,0,0,0,4.02,4.44,4.44,4.32,VMS 3,,Tanque,,0.60,0.90,1.44,1.56,0.70,2.52,9.53,4.96
28/11/2022 01:45 p. m.,Ordeño,08:58,13.49,2,,,,,0,,0.48,0.48,0.90,0.78,0,0,0,0,4.31,4.30,4.08,4.20,VMS 3,,Tanque,,0.72,0.78,1.44,1.26,0.88,2.22,5.78,4.61
29/11/2022 02:56 a. m.,Ordeño,11:05,18.01,1,,,,,0,,0.48,0.54,1.02,0.78,0,0,0,0,4.32,4.31,4.36,4.23,VMS 3,,Tanque,,0.72,0.96,1.38,1.26,1.03,3.07,7.63,6.28
29/11/2022 03:45 p. m.,Ordeño,12:30,16.67,2,,,,,0,,0.42,0.54,0.72,0.60,0,0,0,0,4.05,4.22,3.99,3.68,VMS 3,,Tanque,,0.66,0.96,1.32,0.96,1.00,3.30,6.88,5.49
30/11/2022 07:34 a. m.,Ordeño,13:43,19.77,1,,,,,0,,0.42,0.54,0.78,0.90,0,0,0,0,4.13,4.24,4.22,4.15,VMS 3,,Tanque,,0.66,1.08,1.38,1.32,1.13,3.35,8.37,6.92
30/11/2022 06:11 p. m.,Ordeño,10:12,15.83,2,,,,,0,,0.42,0.48,0.96,0.90,0,0,0,0,4.20,4.38,4.36,4.28,VMS 3,,Tanque,,0.66,0.90,1.38,1.32,0.93,2.66,7.01,5.23
01/12/2022 01:26 a. m.,Ordeño,07:49,12.08,1,,,,,0,,0.48,0.48,1.02,0.84,0,0,0,0,4.18,4.38,4.47,4.59,VMS 3,,Tanque,,0.78,0.96,1.38,1.20,0.67,2.09,5.25,4.07
01/12/2022 03:33 p. m.,Ordeño,11:48,19.70,2,,,,,0,,0.48,0.66,0.90,0.84,0,0,0,0,4.45,4.59,4.65,4.66,VMS 3,,Tanque,,0.78,1.08,1.32,1.32,1.13,3.76,8.14,6.67
02/12/2022 08:11 a. m.,Ordeño,11:42,21.53,1,,,,,0,,0.48,0.60,1.02,0.84,0,0,0,0,4.46,4.54,4.59,4.57,VMS 3,,Tanque,,0.78,1.02,1.62,1.38,1.23,3.79,8.87,7.64
02/12/2022 10:06 p. m.,Ordeño,11:17,17.22,2,,,,,0,,0.48,0.60,0.84,0.84,0,0,0,0,4.39,4.46,4.60,4.58,VMS 3,,Tanque,,0.72,1.02,1.20,1.32,1.03,3.09,7.08,6.02
04/12/2022 02:07 a. m.,Ordeño,13:55,24.47,1,,,,,0,,0.60,0.60,0.84,0.78,0,0,0,0,5.41,5.27,5.31,5.38,VMS 3,,Tanque,,1.08,0.96,1.32,1.44,1.52,5.04,9.42,8.49
06/12/2022 12:51 a. m.,Ordeño,07:39,10.07,1,,,,,0,,0.42,0.42,0.90,0.84,0,0,0,0,4.49,4.25,4.23,4.86,VMS 3,,Tanque,,0.66,1.02,1.32,1.32,0.60,2.09,4.08,3.30
06/12/2022 09:51 a. m.,Ordeño,10:49,10.23,2,,,,,0,,0.42,0.54,0.54,0.66,0,0,0,0,4.55,4.85,4.37,4.92,VMS 3,,Tanque,,0.66,0.78,0.84,1.14,0.65,2.03,3.89,3.66
06/12/2022 07:40 p. m.,Ordeño,08:06,14.21,3,,,,,0,,0.42,0.60,1.08,0.84,0,0,0,0,5.05,5.12,5.26,5.47,VMS 3,,Tanque,,0.66,0.84,1.44,1.32,0.78,2.58,5.97,4.88
07/12/2022 08:57 a. m.,Ordeño,12:35,18.66,1,,,,,0,,0.48,0.54,0.90,0.60,0,0,0,0,5.06,5.06,5.17,4.81,VMS 3,,Tanque,,0.72,0.84,1.32,1.02,1.10,3.48,8.03,6.05
07/12/2022 11:07 p. m.,Ordeño,10:59,21.09,2,,,,,0,,0.48,0.66,1.02,0.90,0,0,0,0,4.81,4.85,5.06,5.04,VMS 3,,Tanque,,0.78,1.08,1.50,1.44,1.20,3.95,8.60,7.34
08/12/2022 10:03 a. m.,Ordeño,09:03,16.09,1,,,,,0,,0.42,0.60,1.08,0.96,0,0,0,0,4.48,4.53,4.63,4.59,VMS 3,,Tanque,,0.66,0.96,1.62,1.50,0.91,2.81,6.87,5.50
08/12/2022 04:56 p. m.,Ordeño,07:29,9.98,2,,,,,0,,0.42,0.48,0.84,0.78,0,0,0,0,4.59,4.54,4.69,4.80,VMS 3,,Tanque,,0.54,0.78,1.20,1.20,0.58,1.75,4.22,3.43
09/12/2022 01:15 a. m.,Ordeño,08:33,12.32,1,,,,,0,,0.42,0.42,0.90,0.96,0,0,0,0,4.69,4.96,5.07,5.12,VMS 3,,Tanque,,0.60,0.84,1.32,1.38,0.66,1.88,5.32,4.46
09/12/2022 11:16 a. m.,Ordeño,10:15,16.93,2,,,,,0,,0.42,0.54,0.90,0.84,0,0,0,0,4.87,4.99,5.16,5.34,VMS 3,,Tanque,,0.72,1.02,1.32,1.26,0.87,3.33,7.02,5.71
09/12/2022 10:12 p. m.,Ordeño,12:16,17.66,3,,,,,0,,0.42,0.72,0.84,0.90,0,0,0,0,4.82,4.77,4.82,4.88,VMS 3,,Tanque,,0.66,1.14,1.44,1.38,0.98,3.12,7.38,6.18
10/12/2022 03:33 p. m.,Ordeño,13:44,25.77,1,,,,,0,,0.60,0.72,0.96,0.78,0,0,0,0,4.97,4.95,4.87,5.05,VMS 3,,Tanque,,1.08,1.08,1.74,1.38,1.49,4.86,10.93,8.49
11/12/2022 12:50 a. m.,Ordeño,08:57,15.20,1,,,,,0,,0.48,0.66,1.02,0.90,0,0,0,0,4.23,4.40,4.37,4.21,VMS 3,,Tanque,,0.66,1.08,1.50,1.44,0.97,2.67,6.16,5.40
11/12/2022 09:41 a. m.,Ordeño,07:37,12.42,2,,,,,0,,0.42,0.66,1.02,0.78,0,0,0,0,4.14,4.29,4.17,4.41,VMS 3,,Tanque,,0.66,1.14,1.50,1.14,0.76,2.17,5.25,4.24
11/12/2022 04:35 p. m.,Ordeño,07:11,9.41,3,,,,,0,,0.36,0.66,0.84,0.66,0,0,0,0,4.15,4.37,4.47,4.44,VMS 3,,Tanque,,0.60,1.20,1.32,1.14,0.50,1.69,4.05,3.17
12/12/2022 01:48 a. m.,Ordeño,09:00,12.99,1,,,,,0,,0.36,0.54,0.90,0.66,0,0,0,0,4.29,4.52,4.72,4.69,VMS 3,,Tanque,,0.54,1.08,1.32,1.08,0.75,2.43,5.59,4.22
12/12/2022 09:46 a. m.,Ordeño,09:45,11.45,2,,,,,0,,0.36,0.60,0.72,0.84,0,0,0,0,3.88,4.37,4.11,4.31,VMS 3,,Tanque,,0.54,1.02,1.20,1.32,0.65,1.96,4.75,4.09
13/12/2022 12:22 a. m.,Ordeño,12:01,19.19,1,,,,,0,,0.42,0.66,0.90,0.90,0,0,0,0,4.27,4.38,4.46,4.31,VMS 3,,Tanque,,0.72,1.08,1.32,1.32,1.07,3.43,8.01,6.68
13/12/2022 11:25 a. m.,Ordeño,09:35,15.14,2,,,,,0,,0.36,0.66,1.08,0.72,0,0,0,0,3.98,4.27,4.29,4.28,VMS 3,,Tanque,,0.60,1.14,1.50,1.26,0.88,2.72,6.42,5.12
14/12/2022 12:22 a. m.,Ordeño,10:20,17.43,1,,,,,0,,0.42,0.66,0.96,0.90,0,0,0,0,4.34,4.44,4.56,4.49,VMS 3,,Tanque,,0.72,1.02,1.44,1.62,0.96,3.18,7.29,6.00
14/12/2022 10:00 a. m.,Ordeño,08:26,15.25,2,,,,,0,,0.36,0.60,1.14,0.90,0,0,0,0,4.36,4.43,4.58,4.59,VMS 3,,Tanque,,0.72,0.96,1.68,1.44,0.88,2.66,6.39,5.32
14/12/2022 06:07 p. m.,Ordeño,08:18,12.93,3,,,,,0,,0.42,0.60,0.96,0.90,0,0,0,0,4.10,4.24,4.40,4.42,VMS 3,,Tanque,,0.60,1.02,1.56,1.38,0.73,2.28,5.42,4.50
15/12/2022 01:26 a. m.,Ordeño,07:39,11.16,1,,,,,0,,0.36,0.60,1.08,0.72,0,0,0,0,4.12,4.52,4.52,4.59,VMS 3,,Tanque,,0.66,0.90,1.56,1.26,0.63,1.92,4.70,3.91
15/12/2022 01:17 p. m.,Ordeño,09:42,17.85,2,,,,,0,,0.42,0.60,1.14,0.84,0,0,0,0,4.14,4.37,4.44,4.48,VMS 3,,Tanque,,0.66,1.02,1.50,1.38,0.97,3.18,7.74,5.96
16/12/2022 12:04 a. m.,Ordeño,09:26,14.94,1,,,,,0,,0.42,0.60,1.02,0.78,0,0,0,0,4.02,4.12,4.14,4.14,VMS 3,,Tanque,,0.66,0.96,1.44,1.44,0.80,2.63,6.47,5.04
16/12/2022 08:15 a. m.,Ordeño,09:46,12.99,2,,,,,0,,0.42,0.48,1.14,0.72,0,0,0,0,3.91,4.11,4.22,4.31,VMS 3,,Tanque,,0.72,0.84,1.68,1.14,0.75,2.07,5.62,4.55
17/12/2022 01:24 a. m.,Ordeño,12:22,23.60,1,,,,,0,,0.48,0.72,1.02,0.90,0,0,0,0,4.43,4.56,4.62,4.74,VMS 3,,Tanque,,0.72,1.08,1.62,1.44,1.30,4.32,9.95,8.03
17/12/2022 01:34 p. m.,Ordeño,10:26,17.66,2,,,,,0,,0.48,0.78,1.02,0.96,0,0,0,0,4.07,4.16,4.35,4.30,VMS 3,,Tanque,,0.90,1.20,1.44,1.50,1.02,2.97,7.48,6.19
18/12/2022 01:08 a. m.,Ordeño,10:07,17.46,1,,,,,0,,0.48,0.66,1.02,0.90,0,0,0,0,4.25,4.34,4.53,4.50,VMS 3,,Tanque,,0.78,1.08,1.74,1.44,0.98,3.09,7.33,6.06
18/12/2022 04:00 p. m.,Ordeño,11:17,19.19,2,,,,,0,,0.42,0.60,0.96,0.84,0,0,0,0,4.18,4.33,4.21,4.22,VMS 3,,Tanque,,0.60,0.96,1.38,1.44,1.02,3.42,8.25,6.50
19/12/2022 03:05 a. m.,Ordeño,11:01,17.09,1,,,,,0,,0.36,0.66,0.90,0.84,0,0,0,0,4.03,4.22,4.25,4.46,VMS 3,,Tanque,,0.60,0.96,1.44,1.38,0.97,2.82,7.45,5.85
19/12/2022 11:39 a. m.,Ordeño,08:19,12.36,2,,,,,0,,0.42,0.66,0.96,0.90,0,0,0,0,4.14,4.25,4.32,4.51,VMS 3,,Tanque,,0.90,1.08,1.44,1.32,0.76,2.12,5.27,4.21
20/12/2022 12:06 a. m.,Ordeño,09:55,15.62,1,,,,,0,,0.42,0.60,0.96,0.72,0,0,0,0,4.16,4.28,4.32,4.39,VMS 3,,Tanque,,0.60,1.08,1.32,1.20,0.83,2.79,6.65,5.35
20/12/2022 02:57 p. m.,Ordeño,12:30,21.99,2,,,,,0,,0.42,0.66,0.96,0.90,0,0,0,0,4.46,4.45,4.62,4.89,VMS 3,,Tanque,,0.66,1.02,1.32,1.50,1.17,3.98,9.20,7.64
21/12/2022 01:06 a. m.,Ordeño,11:47,13.18,1,,,,,0,,0.36,0.54,0.66,0.84,0,0,0,0,4.15,4.20,3.80,4.13,VMS 3,,Tanque,,0.54,0.90,1.20,1.32,0.78,2.37,5.43,4.60
21/12/2022 02:23 p. m.,Ordeño,11:22,18.76,2,,,,,0,,0.42,0.84,0.96,0.90,0,0,0,0,4.59,4.67,4.54,4.83,VMS 3,,Tanque,,0.60,1.26,1.44,1.32,0.96,3.33,7.98,6.49
22/12/2022 03:03 a. m.,Ordeño,11:45,19.00,1,,,,,0,,0.42,0.60,0.90,0.90,0,0,0,0,4.44,4.50,4.57,4.98,VMS 3,,Tanque,,0.60,1.08,1.26,1.32,0.96,3.28,8.27,6.49
22/12/2022 10:18 p. m.,Ordeño,13:50,26.77,2,,,,,0,,0.54,0.66,1.02,0.78,0,0,0,0,5.18,4.81,4.92,4.86,VMS 3,,Tanque,,1.08,1.08,1.74,1.38,1.57,5.39,11.44,8.37
24/12/2022 07:02 a. m.,Ordeño,13:31,21.93,1,,,,,0,,0.48,0.60,0.90,0.96,0,0,0,0,4.39,4.53,4.52,4.51,VMS 3,,Tanque,,0.72,0.96,1.32,1.56,1.07,3.82,9.27,7.77
24/12/2022 05:50 p. m.,Ordeño,10:02,16.68,2,,,,,0,,0.42,0.66,0.96,0.90,0,0,0,0,4.62,4.55,4.79,4.68,VMS 3,,Tanque,,0.66,1.14,1.50,1.50,0.96,2.94,7.13,5.65
25/12/2022 04:10 a. m.,Ordeño,13:27,14.91,1,,,,DI,0,,0.00,0.54,0.96,0.90,0,0,0,0,0.00,4.53,4.61,4.72,VMS 3,,Tanque,,0.00,0.96,1.44,1.50,0.00,2.56,6.87,5.48
25/12/2022 02:32 p. m.,Ordeño,09:42,17.69,2,,,,,0,,0.48,0.60,1.08,0.84,0,0,0,0,4.98,4.45,4.35,4.65,VMS 3,,Tanque,,0.78,0.96,1.44,1.38,1.60,2.99,7.35,5.75
26/12/2022 03:08 a. m.,Ordeño,12:08,16.98,1,,,,,0,,0.36,0.60,0.78,0.84,0,0,0,0,4.18,4.20,4.35,4.28,VMS 3,,Tanque,,0.72,1.02,1.38,1.44,0.68,3.08,7.17,6.05
26/12/2022 01:43 p. m.,Ordeño,09:24,15.48,2,,,,,0,,0.36,0.48,1.02,0.78,0,0,0,0,4.45,4.20,4.17,4.40,VMS 3,,Tanque,,0.72,0.96,1.38,1.32,0.68,2.67,6.91,5.22
27/12/2022 02:34 a. m.,Ordeño,12:15,16.82,1,,,,,0,,0.36,0.78,1.08,0.60,0,0,0,0,4.13,4.25,4.19,4.25,VMS 3,,Tanque,,0.66,1.20,1.62,1.14,0.79,3.03,7.48,5.52
27/12/2022 03:13 p. m.,Ordeño,10:05,15.35,2,,,,,0,,0.42,0.72,0.90,0.90,0,0,0,0,4.72,4.34,4.24,4.32,VMS 3,,Tanque,,0.66,1.14,1.38,1.44,0.70,2.78,6.44,5.43
28/12/2022 09:23 a. m.,Ordeño,12:12,24.95,1,,,,,0,,0.48,0.66,1.14,0.90,0,0,0,0,4.97,4.65,4.55,4.86,VMS 3,,Tanque,,0.72,1.14,1.62,1.38,1.10,4.21,10.94,8.70
28/12/2022 05:04 p. m.,Ordeño,08:28,12.66,2,,,,,0,,0.48,0.78,1.08,0.72,0,0,0,0,4.49,4.18,4.12,4.16,VMS 3,,Tanque,,0.78,1.32,1.56,1.14,0.69,2.36,5.44,4.17
29/12/2022 11:47 a. m.,Ordeño,13:51,25.20,1,,,,,0,,0.48,0.66,1.02,0.72,0,0,0,0,5.03,4.61,4.74,4.77,VMS 3,,Tanque,,0.78,1.14,1.50,1.44,1.10,4.79,11.20,8.11
30/12/2022 03:13 p. m.,Ordeño,11:15,20.58,2,,,,,0,,0.36,0.72,1.02,0.96,0,0,0,0,4.79,4.57,4.58,4.63,VMS 3,,Tanque,,0.60,1.26,1.38,1.56,1.02,3.65,8.67,7.24
31/12/2022 08:15 a. m.,Ordeño,13:42,25.66,1,,,,,0,,0.48,0.78,1.02,0.96,0,0,0,0,4.78,4.71,4.55,5.05,VMS 3,,Tanque,,0.78,1.20,1.44,1.44,1.16,4.52,11.13,8.85
02/01/2023 10:17 a. m.,Ordeño,10:35,9.10,1,,,,,0,,0.30,0.42,0.66,0.42,0,0,0,0,4.10,4.59,4.36,4.37,VMS 3,,Tanque,,0.48,0.66,1.14,0.72,0.48,1.89,3.49,3.24
02/01/2023 11:55 p. m.,Ordeño,11:24,15.20,1,,,,,0,,0.42,0.48,0.66,0.90,0,0,0,0,4.70,4.69,4.39,5.05,VMS 3,,Tanque,,0.66,0.90,1.08,1.38,0.78,2.80,5.73,5.89
03/01/2023 10:29 a. m.,Ordeño,08:59,14.87,2,,,,,0,,0.42,0.54,0.96,0.90,0,0,0,0,4.68,4.67,4.80,4.87,VMS 3,,Tanque,,0.60,1.08,1.44,1.38,0.80,2.67,6.08,5.32
04/01/2023 03:35 a. m.,Ordeño,13:07,23.82,1,,,,,0,,0.54,0.60,1.02,1.02,0,0,0,0,4.64,4.68,4.83,4.94,VMS 3,,Tanque,,0.90,0.90,1.38,1.56,1.17,4.18,10.04,8.43
04/01/2023 02:35 p. m.,Ordeño,09:10,17.58,2,,,,,0,,0.54,0.60,1.14,0.96,0,0,0,0,4.48,4.55,4.51,4.61,VMS 3,,Tanque,,0.84,0.96,1.56,1.44,0.97,3.03,7.52,6.06
05/01/2023 09:09 a. m.,Ordeño,13:45,25.71,1,,,,,0,,0.48,0.66,0.90,0.96,0,0,0,0,4.84,4.72,4.61,4.93,VMS 3,,Tanque,,0.72,1.14,1.80,1.44,1.40,4.92,9.56,9.83
05/01/2023 05:51 p. m.,Ordeño,10:41,16.46,2,,,,,0,,0.48,0.54,1.02,0.90,0,0,0,0,4.43,4.38,4.48,4.59,VMS 3,,Tanque,,0.72,0.90,1.44,1.32,0.88,2.56,8.20,4.82
06/01/2023 09:48 a. m.,Ordeño,13:43,23.20,1,,,,,0,,0.48,0.84,0.84,1.02,0,0,0,0,4.56,4.71,4.53,5.02,VMS 3,,Tanque,,0.90,1.26,1.56,1.56,1.27,4.46,8.99,8.48
07/01/2023 01:06 p. m.,Ordeño,10:03,20.34,2,,,,,0,,0.48,0.60,1.14,0.96,0,0,0,0,4.60,4.70,4.53,4.52,VMS 3,,Tanque,,0.78,0.96,1.50,1.38,1.11,3.72,8.25,7.26
08/01/2023 12:20 a. m.,Ordeño,10:25,17.51,1,,,,,0,,0.48,0.60,0.96,0.96,0,0,0,0,4.31,4.52,4.43,4.57,VMS 3,,Tanque,,0.72,1.08,1.50,1.38,0.84,3.12,7.39,6.16
08/01/2023 10:20 a. m.,Ordeño,11:02,15.92,2,,,,,0,,0.48,0.48,1.02,0.66,0,0,0,0,4.64,4.54,4.49,4.42,VMS 3,,Tanque,,0.78,0.84,1.62,1.08,0.93,2.75,6.94,5.30
09/01/2023 12:14 a. m.,Ordeño,11:06,20.52,1,,,,,0,,0.54,0.54,1.08,0.84,0,0,0,0,4.54,4.50,4.43,4.49,VMS 3,,Tanque,,0.84,0.84,1.50,1.56,1.04,3.63,8.92,6.93
09/01/2023 08:38 a. m.,Ordeño,08:23,13.65,2,,,,,0,,0.42,0.54,1.02,0.78,0,0,0,0,4.25,4.25,4.30,4.41,VMS 3,,Tanque,,0.66,1.02,1.44,1.32,0.76,2.45,5.78,4.66
10/01/2023 03:40 a. m.,Ordeño,12:50,28.46,1,,,,,0,,0.60,0.66,1.20,1.02,0,0,0,0,4.82,4.55,4.47,4.85,VMS 3,,Tanque,,1.02,1.02,1.68,1.44,1.35,5.03,12.27,9.81
11/01/2023 09:13 a. m.,Ordeño,08:49,16.54,1,,,,,0,,0.48,0.54,1.14,0.90,0,0,0,0,4.48,4.45,4.20,4.50,VMS 3,,Tanque,,0.78,0.96,1.56,1.44,0.94,2.67,7.29,5.64
11/01/2023 11:02 p. m.,Ordeño,10:04,17.97,2,,,,,0,,0.42,0.60,1.08,0.84,0,0,0,0,4.34,4.38,4.41,4.69,VMS 3,,Tanque,,0.66,1.02,1.56,1.20,0.80,2.97,8.05,6.15
12/01/2023 02:54 p. m.,Ordeño,12:44,26.08,1,,,,,0,,0.48,0.66,1.14,0.96,0,0,0,0,5.00,4.70,4.63,4.97,VMS 3,,Tanque,,0.78,1.02,1.50,1.50,1.23,4.50,11.16,9.19
13/01/2023 11:39 p. m.,Ordeño,14:13,31.18,1,,,,,0,,0.54,0.66,1.20,1.02,0,0,0,0,5.37,5.31,5.16,5.33,VMS 3,,Tanque,,1.02,1.14,1.98,1.74,1.35,5.85,13.06,10.92
15/01/2023 01:24 a. m.,Ordeño,13:12,27.73,1,,,,,0,DI,0.66,0.66,1.26,1.08,0,0,0,0,5.34,4.73,4.55,4.88,VMS 3,,Tanque,,0.90,1.02,1.74,1.50,1.27,4.51,12.44,9.51
17/01/2023 02:00 a. m.,Ordeño,14:02,29.53,1,,,,,0,,0.48,0.72,1.02,1.02,0,0,0,0,5.49,5.70,5.42,5.62,VMS 3,,Tanque,,0.78,1.08,1.68,1.56,1.61,5.80,11.20,10.92
17/01/2023 01:50 p. m.,Ordeño,09:52,15.43,2,,,,,0,,0.42,0.54,1.02,0.84,0,0,0,0,4.94,4.82,5.21,4.99,VMS 3,,Tanque,,0.66,0.96,1.50,1.38,0.68,2.19,7.45,5.11
18/01/2023 03:40 p. m.,Ordeño,14:32,28.21,1,,,,,0,,0.54,0.66,1.02,0.96,0,0,0,0,5.60,5.35,5.36,5.53,VMS 3,,Drenaje,,0.96,1.14,1.80,1.56,1.39,5.34,11.42,10.06
19/01/2023 10:22 a. m.,Ordeño,11:47,20.72,1,,,,,0,,0.54,0.54,1.08,0.84,0,0,0,0,5.24,4.89,4.97,5.00,VMS 3,,Drenaje,,0.78,0.96,1.50,1.26,0.91,3.40,9.77,6.64
20/01/2023 04:41 p. m.,Ordeño,09:03,15.91,2,,,,,0,,0.48,0.60,1.02,0.90,0,0,0,0,5.38,5.07,5.07,5.05,VMS 3,,Drenaje,,0.72,0.96,1.44,1.44,0.90,2.77,6.73,5.51
21/01/2023 09:20 a. m.,Ordeño,11:55,24.03,1,,,,,0,,0.54,0.72,1.14,1.02,0,0,0,0,5.33,5.07,5.01,5.29,VMS 3,,Drenaje,,0.90,1.14,1.62,1.44,0.98,4.20,10.41,8.44
22/01/2023 11:02 a. m.,Ordeño,08:39,16.47,2,,,,,0,,0.42,0.60,1.20,0.96,0,0,0,0,4.80,4.62,4.53,4.74,VMS 3,,Drenaje,,0.60,1.02,1.56,1.38,0.74,2.92,7.11,5.70
22/01/2023 09:13 p. m.,Ordeño,12:29,13.90,3,,,,,0,,0.42,0.60,0.54,0.84,0,0,0,0,4.80,4.69,4.57,4.63,VMS 3,,Drenaje,,0.66,1.02,1.02,1.20,0.68,2.75,5.13,5.34
24/01/2023 12:50 a. m.,Ordeño,13:59,31.74,1,,,,,0,,0.60,0.72,1.20,1.02,0,0,0,0,5.84,5.28,5.31,5.55,VMS 3,,Drenaje,,1.02,1.08,1.80,1.74,1.47,5.87,13.44,10.96
24/01/2023 08:13 a. m.,Ordeño,05:44,5.44,2,,,"TI,TD",,0,DI,0.36,0.36,1.02,0.72,0,0,0,0,4.92,4.21,4.34,4.42,VMS 3,,Drenaje,,0.66,0.60,1.38,1.08,0.35,1.09,2.16,1.84
24/01/2023 02:00 p. m.,Ordeño,06:27,5.41,3,,,TD,,0,,0.30,0.30,0.90,0.72,0,0,0,0,3.71,4.17,4.42,4.31,VMS 3,,Drenaje,,0.72,0.54,1.32,1.08,0.31,0.90,2.36,1.84
25/01/2023 03:27 a. m.,Ordeño,10:38,17.58,1,,,,,0,,0.42,0.60,1.02,0.96,0,0,0,0,5.12,5.02,5.10,5.20,VMS 3,,Drenaje,,0.60,1.02,1.38,1.32,0.61,3.07,7.83,6.07
25/01/2023 05:16 p. m.,Ordeño,10:22,20.58,2,,,,,0,,0.42,0.72,1.20,1.02,0,0,0,0,5.21,4.92,4.87,5.10,VMS 3,,Drenaje,,0.72,1.08,1.62,1.44,0.92,3.45,9.29,6.92
26/01/2023 05:46 a. m.,Ordeño,10:50,19.75,1,,,,,0,,0.48,0.66,1.14,1.02,0,0,0,0,4.94,4.80,4.84,4.93,VMS 3,,Drenaje,,0.78,1.14,1.56,1.50,0.88,3.40,8.75,6.72
26/01/2023 06:14 p. m.,Ordeño,10:58,17.94,2,,,,,0,,0.36,0.60,1.02,0.84,0,0,0,0,4.71,4.57,4.58,4.77,VMS 3,,Drenaje,,0.72,1.08,1.50,1.20,0.84,3.08,7.84,6.18
27/01/2023 10:18 a. m.,Ordeño,11:36,23.32,1,,,,,0,,0.48,0.66,1.14,0.96,0,0,0,0,4.86,4.60,4.68,4.68,VMS 3,,Drenaje,,0.72,1.02,1.86,1.38,1.02,4.19,10.01,8.10
27/01/2023 06:56 p. m.,Ordeño,07:06,10.59,2,,,,,0,,0.36,0.48,1.20,0.84,0,0,0,0,4.46,4.32,4.26,4.45,VMS 3,,Drenaje,,0.60,0.84,1.74,1.26,0.55,1.91,4.38,3.75
28/01/2023 08:32 a. m.,Ordeño,09:47,19.23,1,,,,,0,,0.36,0.54,1.26,0.96,0,0,0,0,4.36,4.49,4.53,4.77,VMS 3,,Drenaje,,0.60,0.90,1.74,1.26,0.76,3.26,8.54,6.67
31/01/2023 05:36 a. m.,Ordeño,08:32,3.59,1,,,"DD,TI,TD",,0,DI,0.30,0.30,0.72,0.78,0,0,0,482,5.76,4.77,4.93,5.06,VMS 3,,Drenaje,,0.48,0.54,1.20,1.08,0.30,0.76,1.44,1.09
31/01/2023 11:51 a. m.,Ordeño,08:24,3.25,2,,,"DD,TI,TD",DI,0,,0.12,0.24,0.84,0.66,0,0,0,0,5.63,4.99,5.24,5.41,VMS 3,,Drenaje,,0.42,0.42,1.20,0.96,0.13,0.48,1.36,1.28
31/01/2023 09:19 p. m.,Ordeño,10:00,8.36,3,,,,,0,,0.24,0.36,0.96,0.78,0,0,0,0,4.69,5.07,5.16,5.03,VMS 3,,Drenaje,,0.48,0.72,1.44,1.26,0.30,1.29,3.73,3.04
01/02/2023 02:20 p. m.,Ordeño,10:22,21.49,1,,,,,0,,0.42,0.66,1.20,1.02,0,0,0,0,5.57,5.46,5.24,5.64,VMS 3,,Drenaje,,0.60,1.08,1.62,1.44,0.88,3.85,9.37,7.39
03/02/2023 05:53 a. m.,Ordeño,08:49,18.20,1,,,,,0,,0.48,0.78,1.38,1.02,0,0,0,0,4.67,4.89,4.75,4.78,VMS 3,,Drenaje,,0.78,1.38,1.92,1.44,0.86,3.23,7.91,6.20
03/02/2023 06:12 p. m.,Ordeño,07:56,14.58,2,,,,,0,,0.48,0.60,1.32,0.90,0,0,0,0,4.29,4.42,4.23,4.34,VMS 3,,Tanque,,0.72,0.96,1.92,1.20,0.74,2.44,6.46,4.94
06/02/2023 04:42 a. m.,Ordeño,08:53,9.17,1,,,TD,TD,0,,0.48,0.54,1.02,0.00,0,0,0,0,4.38,4.19,4.18,0.00,VMS 3,,Tanque,,0.84,0.90,1.38,0.00,0.70,2.40,6.07,0.00
06/02/2023 01:09 p. m.,Ordeño,10:54,15.68,2,,,,,0,,0.48,0.60,1.26,0.96,0,0,0,0,5.10,4.93,4.81,4.74,VMS 3,,Tanque,,0.72,1.02,1.74,1.38,0.55,2.00,5.07,8.06
08/02/2023 06:44 p. m.,Ordeño,08:32,10.94,2,,,,,0,,0.42,0.54,0.90,0.78,0,0,0,0,4.98,4.61,4.40,4.57,VMS 3,,Tanque,,0.72,0.90,1.32,1.26,0.52,1.80,5.15,3.47
09/02/2023 04:33 a. m.,Ordeño,09:14,11.99,1,,,,,0,,0.42,0.54,0.84,0.90,0,0,0,0,5.46,5.09,5.03,5.18,VMS 3,,Tanque,,0.66,0.96,1.26,1.26,0.46,2.04,5.48,4.01
09/02/2023 03:35 p. m.,Ordeño,08:54,14.55,2,,,,,0,,0.48,0.66,1.08,0.96,0,0,0,0,5.85,5.41,5.32,5.72,VMS 3,,Tanque,,0.84,1.08,1.44,1.32,0.61,2.53,6.58,4.83
10/02/2023 03:54 a. m.,Ordeño,08:36,14.76,1,,,,,0,,0.36,0.54,1.20,0.90,0,0,0,0,5.12,4.87,4.87,4.97,VMS 3,,Tanque,,0.66,0.96,1.62,1.26,0.52,2.55,6.60,5.09
10/02/2023 02:13 p. m.,Ordeño,07:24,14.11,2,,,,,0,DI,0.48,0.72,1.50,0.96,0,0,0,0,5.78,5.13,4.86,5.14,VMS 3,,Tanque,,0.66,1.14,1.98,1.44,0.59,2.36,6.38,4.78
10/02/2023 11:52 p. m.,Ordeño,08:16,10.08,1,,,,,0,,0.36,0.48,0.96,0.72,0,0,0,0,4.77,4.50,4.61,4.61,VMS 3,,Tanque,,0.54,0.96,1.32,1.14,0.31,1.70,4.63,3.44
19/02/2023 11:59 p. m.,Ordeño,05:28,5.12,1,,,,,0,DI,0.30,0.36,0.84,0.66,0,0,0,0,5.63,4.46,4.36,4.33,VMS 3,,Tanque,,0.54,0.72,1.26,1.02,0.30,0.89,2.17,1.76
24/02/2023 03:59 a. m.,Ordeño,07:10,6.57,1,,,,,0,,0.30,0.42,0.90,0.84,0,0,0,0,4.90,4.40,4.37,4.16,VMS 3,,Tanque,,0.54,0.96,1.38,1.20,0.32,1.27,2.81,2.17
24/02/2023 11:30 a. m.,Ordeño,09:19,6.69,2,,,,,0,,0.30,0.36,0.90,0.72,0,0,0,0,5.29,4.84,5.00,4.97,VMS 3,,Tanque,,0.60,0.60,1.38,1.02,0.29,1.08,3.07,2.25
25/02/2023 02:34 a. m.,Ordeño,09:47,17.13,1,,,,,0,,0.30,0.54,1.14,1.02,0,0,0,0,4.85,5.22,5.20,5.23,VMS 3,,Tanque,,0.54,0.84,1.50,1.38,0.38,2.64,7.84,6.27
26/02/2023 04:21 a. m.,Ordeño,08:23,12.62,1,,,,,0,,0.42,0.54,1.02,0.96,0,0,0,0,5.09,4.81,4.74,4.72,VMS 3,,Tanque,,0.72,1.02,1.38,1.38,0.43,2.04,5.64,4.51
26/02/2023 04:36 p. m.,Ordeño,08:54,16.49,2,,,,,0,,0.42,0.54,1.26,0.96,0,0,0,0,5.57,5.20,5.01,5.32,VMS 3,,Tanque,,0.66,1.02,1.80,1.44,0.56,2.91,7.22,5.80
27/02/2023 06:20 a. m.,Ordeño,10:31,16.87,1,,,,,0,,0.42,0.66,0.96,0.84,0,0,0,0,4.90,4.80,4.89,4.71,VMS 3,,Tanque,,0.90,1.14,1.50,1.32,0.51,3.04,7.43,5.89
27/02/2023 06:05 p. m.,Ordeño,10:08,17.48,2,,,,,0,,0.42,0.66,1.02,0.96,0,0,0,0,5.57,5.04,5.07,5.03,VMS 3,,Tanque,,0.84,1.08,1.44,1.38,0.57,3.05,7.72,6.14
28/02/2023 06:28 a. m.,Ordeño,10:56,9.35,1,,,TI,TI,0,,0.36,0.54,0.00,0.72,0,0,0,0,5.09,4.68,0.00,4.77,VMS 3,,Tanque,,0.54,1.08,0.00,1.08,0.53,3.09,0.00,5.73
28/02/2023 07:34 p. m.,Ordeño,13:40,23.21,2,,,,,0,,0.36,0.66,1.20,0.84,0,0,0,0,5.37,4.85,5.46,4.82,VMS 3,,Tanque,,0.60,1.14,1.98,1.20,0.64,3.31,12.77,6.49
05/03/2023 02:14 a. m.,Ordeño,06:16,10.58,1,,,,,0,,0.36,0.54,1.26,1.02,0,0,0,0,5.08,4.66,4.61,4.55,VMS 3,,Tanque,,0.78,1.02,1.62,1.56,0.34,1.81,4.68,3.75
07/03/2023 09:25 p. m.,Ordeño,07:50,11.42,2,,,,,0,,0.30,0.60,0.96,0.90,0,0,0,0,4.79,4.56,4.48,4.40,VMS 3,,Tanque,,0.60,1.02,1.38,1.32,0.35,2.03,5.03,4.01
08/03/2023 11:51 a. m.,Ordeño,10:01,18.19,1,,,,,0,,0.48,0.66,1.14,0.84,0,0,0,0,5.31,5.02,4.99,5.06,VMS 3,,Tanque,,0.72,1.08,1.62,1.32,0.52,3.26,8.03,6.38
13/03/2023 02:11 a. m.,Ordeño,08:02,10.96,1,,,,,0,,0.36,0.66,0.96,0.90,0,0,0,0,4.78,4.43,4.37,4.18,VMS 3,,Tanque,,0.96,0.96,1.38,1.32,0.37,1.86,4.85,3.88
13/03/2023 10:04 a. m.,Ordeño,09:29,9.13,2,,,,,0,,0.30,0.60,1.08,0.84,0,0,0,0,4.62,4.75,4.78,4.61,VMS 3,,Tanque,,0.60,0.96,1.62,1.32,0.26,1.60,4.09,3.18
13/03/2023 09:36 p. m.,Ordeño,08:59,12.37,3,,,,,0,,0.24,0.54,1.02,0.90,0,0,0,0,4.09,4.60,4.63,4.57,VMS 3,,Tanque,,0.54,0.96,1.44,1.32,0.31,2.11,5.56,4.39
14/03/2023 02:55 p. m.,Ordeño,11:30,20.34,1,,,,,0,,0.30,0.60,1.08,0.96,0,0,0,0,5.04,4.84,4.87,4.83,VMS 3,,Tanque,,0.48,1.02,1.50,1.38,0.39,3.59,9.19,7.17
16/03/2023 01:37 a. m.,Ordeño,06:47,10.39,1,,,,,0,DI,0.36,0.60,1.14,1.08,0,0,0,0,4.81,4.23,4.13,4.12,VMS 3,,Tanque,,0.78,1.02,1.62,1.50,0.31,1.71,4.71,3.66
16/03/2023 01:59 p. m.,Ordeño,09:05,15.94,2,,,,,0,,0.36,0.54,1.08,0.96,0,0,0,0,4.88,4.69,4.73,4.80,VMS 3,,Tanque,,0.60,1.08,1.56,1.32,0.38,2.77,7.05,5.74
18/03/2023 04:01 a. m.,Ordeño,08:22,11.69,1,,,,,0,,0.30,0.54,0.96,0.78,0,0,0,0,4.48,4.39,4.35,4.20,VMS 3,,Tanque,,0.60,0.96,1.32,1.14,0.31,2.04,5.43,3.91
18/03/2023 05:09 p. m.,Ordeño,10:35,17.19,2,,,,,0,,0.36,0.54,1.02,0.90,0,0,0,0,5.21,4.78,4.84,4.87,VMS 3,,Tanque,,0.54,1.02,1.26,1.32,0.37,2.89,7.92,6.01
19/03/2023 02:37 a. m.,Ordeño,11:15,14.39,1,,,,,0,,0.30,0.54,0.78,0.78,0,0,0,0,5.27,4.80,5.03,4.80,VMS 3,,Tanque,,0.48,1.08,1.26,1.14,0.39,2.41,6.42,5.17
20/03/2023 05:52 a. m.,Ordeño,09:54,12.27,1,,,,,0,,0.36,0.54,0.84,0.84,0,0,0,0,4.66,4.19,4.16,4.01,VMS 3,,Tanque,,0.72,1.02,1.38,1.20,0.32,2.09,5.58,4.28
20/03/2023 09:44 p. m.,Ordeño,10:18,20.43,2,,,,,0,,0.36,0.72,1.26,1.08,0,0,0,0,5.48,4.78,4.83,4.81,VMS 3,,Tanque,,0.48,1.26,1.80,1.50,0.45,3.61,9.27,7.10
24/03/2023 03:30 a. m.,Ordeño,08:15,10.36,1,,,,,0,DI,0.36,0.48,0.90,0.84,0,0,0,0,6.23,4.47,4.41,4.23,VMS 3,,Tanque,,0.54,0.90,1.32,1.26,0.30,1.89,4.71,3.46
24/03/2023 05:28 p. m.,Ordeño,10:10,16.15,2,,,,,0,,0.42,0.78,1.20,0.78,0,0,0,0,5.52,5.17,5.07,5.21,VMS 3,,Tanque,,0.72,1.20,1.74,1.26,0.39,2.78,7.42,5.56
02/04/2023 04:37 a. m.,Ordeño,09:19,11.13,1,,,,,0,DI,0.24,0.48,0.90,0.66,0,0,0,0,5.49,4.63,4.60,4.77,VMS 3,,Tanque,,0.48,0.72,1.62,1.20,0.30,1.92,5.67,3.24
02/04/2023 06:29 p. m.,Ordeño,10:10,15.79,2,,,,,0,,0.30,0.48,1.02,0.78,0,0,0,0,5.30,4.92,4.71,4.97,VMS 3,,Tanque,,0.54,0.84,1.50,1.20,0.32,2.84,7.57,5.06
04/04/2023 08:16 p. m.,Ordeño,09:09,9.89,2,,,,,0,DI,0.30,0.42,1.08,0.90,0,0,0,0,6.03,4.65,4.41,4.53,VMS 3,,Tanque,,0.66,0.84,1.50,1.14,0.29,1.72,4.53,3.35
05/04/2023 05:17 a. m.,Ordeño,09:01,11.32,1,,,,,0,,0.24,0.42,1.02,0.84,0,0,0,0,4.62,4.79,4.80,4.93,VMS 3,,Tanque,,0.48,0.78,1.50,1.20,0.24,1.88,5.22,3.98
05/04/2023 05:36 p. m.,Ordeño,10:16,13.76,2,,,,,0,,0.30,0.42,0.90,0.72,0,0,0,0,5.36,4.87,4.81,4.88,VMS 3,,Tanque,,0.78,0.72,1.38,1.02,0.30,2.26,6.46,4.74
06/04/2023 01:50 a. m.,Ordeño,09:00,10.58,1,,,,,0,,0.36,0.48,0.96,0.90,0,0,0,0,4.89,4.72,4.76,4.66,VMS 3,,Tanque,,0.90,0.96,1.50,1.32,0.27,1.75,4.84,3.72
06/04/2023 11:23 a. m.,Ordeño,08:31,12.82,2,,,,,0,,0.30,0.60,1.02,0.96,0,0,0,0,5.36,5.05,5.03,5.14,VMS 3,,Tanque,,0.60,1.02,1.44,1.62,0.30,2.18,5.84,4.50
07/04/2023 01:30 a. m.,Ordeño,10:42,16.71,1,,,,,0,,0.30,0.60,0.96,0.96,0,0,0,0,4.88,4.84,4.82,4.82,VMS 3,,Tanque,,0.78,1.08,1.38,1.32,0.34,2.82,7.69,5.86
07/04/2023 01:36 p. m.,Ordeño,10:36,15.82,2,,,,,0,,0.30,0.72,0.96,1.08,0,0,0,0,5.10,4.77,4.72,4.78,VMS 3,,Tanque,,0.54,1.08,1.32,1.44,0.34,2.61,7.26,5.61
07/04/2023 10:36 p. m.,Ordeño,09:57,9.65,3,,,,,0,,0.24,0.60,0.96,0.90,0,0,0,0,4.69,4.51,4.33,4.40,VMS 3,,Tanque,,0.54,1.14,1.50,1.38,0.29,1.52,4.47,3.37
08/04/2023 02:28 p. m.,Ordeño,11:05,19.18,1,,,,,0,,0.36,0.66,1.08,0.96,0,0,0,0,5.22,5.04,4.83,4.94,VMS 3,,Tanque,,0.78,1.20,1.62,1.32,0.34,3.28,8.73,6.83
09/04/2023 12:23 a. m.,Ordeño,07:55,10.84,1,,,,,0,DI,0.30,0.60,0.90,0.90,0,0,0,0,5.12,4.52,4.28,4.31,VMS 3,,Tanque,,0.54,1.14,1.32,1.32,0.31,1.79,4.76,3.98
09/04/2023 02:10 p. m.,Ordeño,10:43,17.60,2,,,,,0,DI,0.30,0.54,1.02,0.96,0,0,0,0,6.16,4.92,4.90,4.96,VMS 3,,Tanque,,0.60,1.02,1.68,1.56,0.30,3.06,8.04,6.20
10/04/2023 12:36 a. m.,Ordeño,09:04,12.13,1,,,,,0,DI,0.24,0.54,1.02,0.90,0,0,0,0,5.63,4.63,4.40,4.40,VMS 3,,Tanque,,0.54,0.96,1.50,1.32,0.30,2.08,5.62,4.13
10/04/2023 03:42 p. m.,Ordeño,11:14,18.93,2,,,,,0,,0.36,0.60,1.02,0.90,0,0,0,0,5.39,4.98,4.85,4.95,VMS 3,,Tanque,,0.66,1.02,1.50,1.32,0.31,3.29,8.64,6.69
11/04/2023 02:54 a. m.,Ordeño,06:59,10.79,1,,,,,0,DI,0.30,0.60,1.20,0.90,0,0,0,0,5.49,4.45,4.31,4.27,VMS 3,,Tanque,,0.66,1.02,1.56,1.32,0.30,1.82,4.97,3.70
11/04/2023 06:17 p. m.,Ordeño,08:09,13.92,2,,,,,0,,0.36,0.48,1.20,0.90,0,0,0,0,5.03,4.64,4.61,4.56,VMS 3,,Tanque,,0.84,0.90,1.56,1.26,0.30,2.37,6.39,4.86
13/04/2023 01:25 a. m.,Ordeño,07:57,10.91,1,,,,,0,DI,0.36,0.54,0.96,1.02,0,0,0,0,6.10,4.34,4.35,4.24,VMS 3,,Tanque,,0.60,0.96,1.50,1.38,0.30,1.98,4.90,3.73
13/04/2023 11:53 a. m.,Ordeño,09:24,10.86,2,,,,,0,DI,0.24,0.54,0.96,1.02,0,0,0,0,5.63,4.63,4.77,4.60,VMS 3,,Tanque,,0.42,0.90,1.32,1.38,0.30,1.87,4.84,3.85
14/04/2023 05:24 a. m.,Ordeño,11:59,20.17,1,,,,,0,,0.24,0.66,1.02,0.78,0,0,0,0,4.82,4.83,4.80,4.77,VMS 3,,Tanque,,0.48,1.32,1.56,1.08,0.32,3.49,9.26,7.10
14/04/2023 06:28 p. m.,Ordeño,13:38,16.00,2,,,,,0,,0.24,0.60,0.72,0.84,0,0,0,0,4.76,4.61,4.54,4.52,VMS 3,,Tanque,,0.48,1.02,1.14,1.14,0.32,2.70,7.39,5.59
15/04/2023 02:43 a. m.,Ordeño,09:44,10.04,1,,,,,0,,0.24,0.54,0.72,0.54,0,0,0,0,5.09,4.67,4.56,4.58,VMS 3,,Tanque,,0.48,0.84,1.14,0.96,0.26,1.65,4.70,3.43
15/04/2023 11:20 a. m.,Ordeño,09:25,10.82,2,,,,,0,,0.18,0.48,1.02,0.78,0,0,0,0,4.22,4.67,4.68,4.71,VMS 3,,Tanque,,0.42,0.96,1.44,1.26,0.21,1.89,4.89,3.83
15/04/2023 06:34 p. m.,Ordeño,09:02,8.55,3,,,,DI,0,"DD,TI,TD",0.24,0.48,0.90,0.48,0,0,0,0,3.48,4.81,4.84,4.74,VMS 3,,Tanque,,0.66,0.90,1.38,0.78,0.18,1.45,3.99,2.93
16/04/2023 02:13 a. m.,Ordeño,09:09,9.53,1,,,,DI,0,,0.18,0.48,0.96,0.72,0,0,0,0,4.56,4.94,4.98,4.94,VMS 3,,Tanque,,0.42,0.84,1.38,1.08,0.19,1.58,4.49,3.27
16/04/2023 02:28 p. m.,Ordeño,09:59,17.23,2,,,,,0,,0.30,0.60,1.14,0.96,0,0,0,0,4.68,5.07,5.10,5.25,VMS 3,,Tanque,,0.60,1.02,1.56,1.44,0.31,2.97,7.96,5.99
17/04/2023 03:09 a. m.,Ordeño,09:32,15.34,1,,,,,0,,0.24,0.48,1.02,0.90,0,0,0,0,4.82,4.64,4.64,4.64,VMS 3,,Tanque,,0.60,0.90,1.44,1.32,0.28,2.55,7.07,5.44
17/04/2023 03:22 p. m.,Ordeño,08:47,16.19,2,,,,,0,,0.30,0.60,1.20,0.96,0,0,0,0,4.72,4.84,4.77,4.84,VMS 3,,Tanque,,0.60,1.02,1.56,1.50,0.31,2.76,7.42,5.70
18/04/2023 01:58 a. m.,Ordeño,07:55,13.51,1,,,,,0,DI,0.36,0.66,1.20,1.02,0,0,0,0,5.63,4.61,4.58,4.46,VMS 3,,Tanque,,0.90,1.08,1.56,1.38,0.30,2.28,6.28,4.65
18/04/2023 09:11 a. m.,Ordeño,09:03,8.34,2,,,,,0,DI,0.18,0.36,0.78,0.78,0,0,0,0,5.23,4.32,4.52,4.42,VMS 3,,Tanque,,0.36,0.84,1.20,1.20,0.22,1.22,4.00,2.90
18/04/2023 06:34 p. m.,Ordeño,09:05,12.04,3,,,,,0,,0.18,0.54,0.96,0.72,0,0,0,0,4.49,4.74,4.69,4.57,VMS 3,,Tanque,,0.48,0.96,1.38,1.14,0.25,2.01,5.57,4.21
19/04/2023 03:59 a. m.,Ordeño,09:07,13.19,1,,,,,0,,0.24,0.66,1.02,0.90,0,0,0,0,4.56,4.72,4.62,4.62,VMS 3,,Tanque,,0.54,1.02,1.56,1.26,0.26,2.32,6.00,4.61
19/04/2023 04:10 p. m.,Ordeño,10:06,15.59,2,,,,,0,,0.24,0.54,0.96,0.84,0,0,0,0,4.89,4.74,4.76,4.69,VMS 3,,Tanque,,0.54,0.96,1.38,1.32,0.30,2.58,7.29,5.42
20/04/2023 02:34 a. m.,Ordeño,09:47,13.60,1,,,,,0,DI,0.24,0.54,0.90,0.90,0,0,0,0,5.23,4.52,4.52,4.42,VMS 3,,Tanque,,0.54,0.90,1.56,1.38,0.28,2.22,6.37,4.73
20/04/2023 10:44 a. m.,Ordeño,09:16,10.18,2,,,,DI,0,,0.24,0.48,1.08,0.72,0,0,0,0,5.36,4.75,4.78,4.76,VMS 3,,Tanque,,0.54,0.96,1.50,1.08,0.18,1.70,4.68,3.62
20/04/2023 11:12 p. m.,Ordeño,10:46,16.39,3,,,,,0,,0.30,0.60,0.96,0.84,0,0,0,0,4.33,4.92,4.78,4.74,VMS 3,,Tanque,,0.72,1.08,1.32,1.20,0.32,2.84,7.45,5.78
21/04/2023 10:21 a. m.,Ordeño,09:40,15.25,1,,,,,0,,0.24,0.54,1.02,1.02,0,0,0,0,4.96,4.62,4.53,4.45,VMS 3,,Tanque,,0.60,0.96,1.50,1.38,0.32,2.57,7.04,5.32
21/04/2023 08:49 p. m.,Ordeño,11:05,13.35,2,,,,,0,,0.24,0.42,0.78,0.66,0,0,0,0,4.76,4.49,4.46,4.37,VMS 3,,Tanque,,0.42,0.90,1.20,1.20,0.28,2.27,6.13,4.67
22/04/2023 06:40 a. m.,Ordeño,09:47,11.43,1,,,,,0,,0.24,0.54,0.78,0.84,0,0,0,0,3.75,4.49,4.44,4.39,VMS 3,,Tanque,,0.66,0.96,1.20,1.14,0.26,1.88,5.33,3.96
22/04/2023 07:43 p. m.,Ordeño,11:27,17.02,2,,,,,0,,0.30,0.60,0.96,0.84,0,0,0,0,5.09,5.02,4.83,4.87,VMS 3,,Tanque,,0.78,1.02,1.38,1.20,0.30,2.87,7.85,6.00
23/04/2023 02:35 a. m.,Ordeño,09:02,9.88,1,,,,,0,DI,0.30,0.48,0.84,0.90,0,0,0,0,5.09,4.50,4.30,4.33,VMS 3,,Tanque,,0.60,0.84,1.26,1.44,0.29,1.59,4.74,3.26
23/04/2023 11:07 a. m.,Ordeño,10:01,10.03,2,,,,,0,,0.24,0.54,1.02,0.84,0,0,0,0,4.49,4.71,4.65,4.67,VMS 3,,Tanque,,0.48,0.96,1.38,1.26,0.22,1.74,4.48,3.59
23/04/2023 07:17 p. m.,Ordeño,09:05,9.82,3,,,,DI,0,,0.24,0.48,1.02,0.84,0,0,0,0,4.42,4.59,4.58,4.53,VMS 3,,Tanque,,0.78,0.84,1.44,1.20,0.19,1.61,4.54,3.48
24/04/2023 05:58 a. m.,Ordeño,09:51,12.66,1,,,,,0,,0.24,0.48,0.84,0.84,0,0,0,0,4.76,4.61,4.64,4.51,VMS 3,,Tanque,,0.54,0.84,1.32,1.32,0.24,2.14,5.79,4.49
24/04/2023 05:43 p. m.,Ordeño,08:56,15.37,2,,,,,0,,0.24,0.60,1.14,0.90,0,0,0,0,4.45,4.77,4.58,4.57,VMS 3,,Tanque,,0.48,0.96,1.62,1.26,0.32,2.58,7.02,5.45
25/04/2023 05:23 a. m.,Ordeño,09:04,13.91,1,,,,,0,,0.24,0.54,1.20,0.90,0,0,0,0,4.62,4.51,4.43,4.32,VMS 3,,Tanque,,0.54,1.26,1.74,1.44,0.29,2.44,6.44,4.74
25/04/2023 03:11 p. m.,Ordeño,09:16,11.48,2,,,,,0,,0.18,0.60,1.02,0.72,0,0,0,0,4.56,4.49,4.44,4.34,VMS 3,,Tanque,,0.48,1.02,1.50,1.08,0.21,1.89,5.41,3.97
26/04/2023 12:33 a. m.,Ordeño,08:58,11.70,1,,,,,0,,0.24,0.72,0.96,0.90,0,0,0,0,4.29,4.70,4.77,4.66,VMS 3,,Tanque,,0.48,1.20,1.50,1.32,0.23,1.95,5.49,4.03
26/04/2023 09:33 a. m.,Ordeño,09:08,11.76,2,,,,,0,,0.24,0.54,1.14,0.84,0,0,0,0,4.22,4.63,4.71,4.53,VMS 3,,Tanque,,0.48,0.90,1.62,1.26,0.26,2.04,5.39,4.07
26/04/2023 09:49 p. m.,Ordeño,09:39,14.62,3,,,,,0,,0.24,0.54,1.02,0.90,0,0,0,0,4.62,4.63,4.64,4.51,VMS 3,,Tanque,,0.42,0.96,1.50,1.32,0.28,2.47,6.71,5.16
27/04/2023 11:41 a. m.,Ordeño,10:06,16.59,1,,,,,0,,0.24,0.66,1.14,0.78,0,0,0,0,4.31,4.73,4.66,4.52,VMS 3,,Tanque,,0.48,1.08,1.68,1.14,0.32,2.85,7.67,5.75
27/04/2023 10:37 p. m.,Ordeño,09:38,12.99,2,,,,,0,,0.24,0.66,0.90,0.84,0,0,0,0,4.22,4.62,4.50,4.40,VMS 3,,Tanque,,0.60,1.20,1.38,1.26,0.27,2.09,6.06,4.57
28/04/2023 11:41 a. m.,Ordeño,09:29,16.94,1,,,,,0,,0.30,0.60,1.14,0.90,0,0,0,0,4.69,4.73,4.74,4.67,VMS 3,,Tanque,,0.66,1.08,1.62,1.38,0.34,2.91,7.73,5.96
29/04/2023 12:45 a. m.,Ordeño,08:42,15.52,1,,,,,0,,0.24,0.60,1.20,1.02,0,0,0,0,4.69,4.62,4.58,4.40,VMS 3,,Tanque,,0.60,1.08,1.62,1.32,0.31,2.65,7.15,5.41
29/04/2023 10:59 a. m.,Ordeño,09:10,12.51,2,,,,,0,,0.18,0.66,0.90,0.78,0,0,0,0,4.89,4.64,4.58,4.53,VMS 3,,Tanque,,0.42,1.08,1.44,1.14,0.25,2.16,5.74,4.36
29/04/2023 06:10 p. m.,Ordeño,09:01,7.86,3,,,,DI,0,TI,0.18,0.54,0.84,0.72,0,0,0,0,3.55,4.64,4.65,4.52,VMS 3,,Tanque,,0.48,0.90,1.20,1.14,0.14,1.36,3.63,2.73
30/04/2023 05:24 a. m.,Ordeño,09:39,14.88,1,,,,,0,,0.24,0.48,0.96,0.84,0,0,0,0,4.62,4.98,4.98,4.93,VMS 3,,Tanque,,0.54,0.78,1.38,1.32,0.31,2.55,6.84,5.18
30/04/2023 07:02 p. m.,Ordeño,08:02,13.86,2,,,,DI,0,,0.00,0.66,1.20,1.08,0,0,0,0,0.00,4.70,4.93,4.79,VMS 3,,Tanque,,0.00,1.08,1.74,1.38,0.00,2.48,6.49,4.89
01/05/2023 07:21 p. m.,Ordeño,09:59,7.91,2,,,,DI,0,,0.18,0.48,0.90,0.78,0,0,0,0,5.09,4.53,4.45,4.46,VMS 3,,Tanque,,0.42,0.84,1.32,1.14,0.11,1.33,3.73,2.74
02/05/2023 04:48 a. m.,Ordeño,09:08,10.31,1,,,,DI,0,,0.18,0.48,0.90,0.72,0,0,0,0,3.15,4.48,4.59,4.46,VMS 3,,Tanque,,0.42,0.84,1.44,1.26,0.09,1.70,4.85,3.67
02/05/2023 03:31 p. m.,Ordeño,09:22,14.80,2,,,,,0,,0.24,0.54,1.02,0.96,0,0,0,0,4.36,5.23,5.14,5.15,VMS 3,,Tanque,,0.48,0.96,1.38,1.32,0.23,2.59,6.80,5.18
03/05/2023 01:19 a. m.,Ordeño,09:57,12.62,1,,,,,0,,0.24,0.48,0.84,0.78,0,0,0,0,4.29,4.97,4.94,4.82,VMS 3,,Tanque,,0.72,0.90,1.32,1.14,0.24,2.07,5.92,4.39
03/05/2023 04:11 p. m.,Ordeño,10:36,18.33,2,,,,,0,,0.36,0.60,1.08,0.96,0,0,0,0,5.11,5.03,5.08,5.01,VMS 3,,Tanque,,0.96,1.02,1.44,1.32,0.32,3.15,8.43,6.43
04/05/2023 05:03 a. m.,Ordeño,08:28,14.73,1,,,,,0,DI,0.30,0.54,1.14,1.08,0,0,0,0,5.43,4.55,4.45,4.60,VMS 3,,Tanque,,0.66,1.02,1.68,1.56,0.22,2.51,6.79,5.21
04/05/2023 03:09 p. m.,Ordeño,09:23,13.61,2,,,,,0,,0.24,0.60,1.02,0.90,0,0,0,0,5.70,5.15,5.00,5.11,VMS 3,,Tanque,,0.48,1.08,1.38,1.32,0.26,2.28,6.31,4.76
04/05/2023 11:49 p. m.,Ordeño,08:16,11.73,3,,DI,,DI,0,,0.18,0.54,1.02,0.90,0,0,0,0,5.56,4.95,4.91,4.90,VMS 3,,Tanque,,0.36,0.84,1.56,1.32,0.18,2.03,5.40,4.12
05/05/2023 09:32 a. m.,Ordeño,09:30,13.66,1,,,,,0,,0.30,0.60,0.96,0.90,0,0,0,0,5.36,4.99,4.93,4.97,VMS 3,,Tanque,,0.60,0.96,1.38,1.32,0.26,2.37,6.30,4.73
05/05/2023 11:27 p. m.,Ordeño,10:39,16.60,2,,,,,0,,0.30,0.66,0.96,0.84,0,0,0,0,5.19,4.77,4.71,4.62,VMS 3,,Tanque,,0.60,1.08,1.38,1.20,0.32,2.82,7.61,5.85
06/05/2023 09:32 a. m.,Ordeño,09:20,13.43,1,,,,,0,DI,0.30,0.54,1.02,0.84,0,0,0,0,5.83,4.55,4.38,4.43,VMS 3,,Tanque,,0.60,0.90,1.38,1.20,0.30,2.17,6.44,4.52
07/05/2023 01:31 a. m.,Ordeño,10:47,18.65,1,,,,,0,DI,0.30,0.84,1.08,1.02,0,0,0,0,5.49,4.79,4.70,4.71,VMS 3,,Tanque,,0.54,1.26,1.50,1.44,0.28,3.16,8.67,6.54
07/05/2023 04:25 p. m.,Ordeño,11:10,16.82,2,,,,,0,DI,0.30,0.60,0.96,0.96,0,0,0,0,5.15,4.54,4.44,4.50,VMS 3,,Tanque,,0.48,1.08,1.38,1.26,0.32,2.92,7.87,5.71
08/05/2023 03:11 a. m.,Ordeño,08:10,10.94,1,,,,,0,DI,0.24,0.66,1.02,0.96,0,0,0,0,5.63,4.29,4.18,4.10,VMS 3,,Tanque,,0.48,1.26,1.38,1.26,0.23,1.65,5.21,3.85
08/05/2023 06:00 p. m.,Ordeño,11:01,17.95,2,,,,,0,,0.30,0.72,1.02,1.02,0,0,0,0,4.96,4.88,4.86,4.93,VMS 3,,Tanque,,0.54,1.26,1.44,1.44,0.31,3.10,8.15,6.39
09/05/2023 02:53 p. m.,Ordeño,09:16,11.67,2,,,,,0,,0.24,0.66,1.08,0.90,0,0,0,0,4.22,4.67,4.68,4.61,VMS 3,,Tanque,,0.42,1.02,1.38,1.26,0.25,1.99,5.31,4.12
10/05/2023 12:55 a. m.,Ordeño,08:59,10.30,1,,,,DI,0,,0.18,0.48,0.90,0.78,0,0,0,0,4.56,4.46,4.55,4.35,VMS 3,,Tanque,,0.42,0.90,1.32,1.20,0.18,1.78,4.71,3.63
10/05/2023 10:33 a. m.,Ordeño,09:09,12.43,2,,,,,0,,0.18,0.54,1.02,0.78,0,0,0,0,4.56,4.80,4.80,4.68,VMS 3,,Tanque,,0.36,0.90,1.38,1.08,0.23,2.08,5.73,4.39
10/05/2023 11:14 p. m.,Ordeño,09:14,15.03,3,,,,,0,,0.30,0.54,1.08,0.96,0,0,0,0,4.35,4.69,4.65,4.60,VMS 3,,Tanque,,0.84,0.90,1.44,1.26,0.31,2.62,6.83,5.27
11/05/2023 09:46 a. m.,Ordeño,09:08,13.25,1,,,,,0,,0.24,0.60,0.96,0.90,0,0,0,0,4.36,4.68,4.57,4.54,VMS 3,,Tanque,,0.60,1.02,1.38,1.20,0.24,2.21,6.10,4.70
11/05/2023 05:44 p. m.,Ordeño,09:06,9.32,2,,,,,0,,0.24,0.54,0.90,0.84,0,0,0,0,3.89,4.63,4.58,4.46,VMS 3,,Tanque,,0.72,0.84,1.26,1.26,0.21,1.57,4.23,3.31
12/05/2023 03:39 a. m.,Ordeño,08:13,11.91,1,,,,,0,,0.30,0.60,1.02,0.84,0,0,0,0,4.76,4.60,4.57,4.41,VMS 3,,Tanque,,0.90,1.08,1.44,1.32,0.24,1.98,5.51,4.18
12/05/2023 03:11 p. m.,Ordeño,09:58,14.37,2,,,,,0,,0.24,0.54,1.08,0.78,0,0,0,0,4.89,4.58,4.58,4.57,VMS 3,,Tanque,,0.66,0.96,1.38,1.20,0.29,2.54,6.53,5.01
13/05/2023 05:29 a. m.,Ordeño,11:21,16.94,1,,,,,0,,1.56,0.54,0.90,0.84,0,0,0,0,4.86,4.63,4.63,4.57,VMS 3,,Tanque,,3.90,1.02,1.50,1.32,0.55,2.90,7.70,5.79
13/05/2023 07:26 p. m.,Ordeño,09:55,17.15,2,,,,,0,DI,0.36,0.60,1.14,0.90,0,0,0,0,5.32,4.66,4.50,4.54,VMS 3,,Tanque,,0.90,1.14,1.62,1.26,0.34,2.96,7.98,5.87
14/05/2023 08:38 a. m.,Ordeño,10:26,15.36,1,,,,,0,DI,0.24,0.60,0.90,0.90,0,0,0,0,5.63,4.56,4.53,4.56,VMS 3,,Tanque,,0.60,0.96,1.38,1.26,0.30,2.66,7.06,5.34
16/05/2023 10:29 p. m.,Ordeño,08:16,12.08,2,,,,,0,,0.36,0.66,1.02,0.90,0,0,0,0,4.82,4.88,4.56,4.64,VMS 3,,Tanque,,0.90,1.14,1.50,1.32,0.32,2.02,5.59,4.15
17/05/2023 10:56 a. m.,Ordeño,09:37,15.41,1,,,,,0,,0.30,0.54,1.02,0.84,0,0,0,0,4.96,4.91,4.81,4.80,VMS 3,,Tanque,,0.60,0.96,1.50,1.26,0.30,2.70,7.03,5.38
17/05/2023 07:37 p. m.,Ordeño,09:06,10.93,2,,,,,0,,0.24,0.54,0.90,0.90,0,0,0,0,4.22,4.76,4.19,4.64,VMS 3,,Tanque,,0.48,0.90,1.38,1.26,0.28,1.84,4.90,3.91
18/05/2023 08:06 a. m.,Ordeño,10:19,14.58,1,,,,,0,,0.30,0.54,0.90,0.84,0,0,0,0,4.76,4.94,4.82,4.83,VMS 3,,Tanque,,0.78,0.84,1.32,1.26,0.29,2.50,6.68,5.11
18/05/2023 10:21 p. m.,Ordeño,10:28,19.17,2,,,,,0,,0.24,0.66,1.14,0.96,0,0,0,0,4.99,5.00,4.95,4.96,VMS 3,,Tanque,,0.54,1.14,1.62,1.38,0.31,3.25,8.89,6.72
20/05/2023 02:44 p. m.,Ordeño,09:36,16.20,2,,,,,0,DI,0.36,0.60,1.44,0.84,0,0,0,0,5.63,4.73,4.57,4.47,VMS 3,,Tanque,,0.72,1.20,1.92,1.38,0.30,2.72,7.67,5.51
21/05/2023 03:21 a. m.,Ordeño,08:12,15.14,1,,,,,0,,0.30,0.54,1.32,0.90,0,0,0,0,4.51,4.66,4.56,4.49,VMS 3,,Tanque,,0.60,1.02,1.80,1.38,0.31,2.46,7.19,5.18
21/05/2023 06:20 p. m.,Ordeño,09:11,17.76,2,,,,,0,,0.30,0.60,1.32,1.02,0,0,0,0,4.49,4.78,4.59,4.62,VMS 3,,Tanque,,0.54,1.02,1.74,1.38,0.30,2.96,8.42,6.08
22/05/2023 02:59 a. m.,Ordeño,08:57,9.08,1,,,,DI,0,,0.24,0.42,0.90,0.96,0,0,0,0,2.88,4.30,4.32,4.18,VMS 3,,Tanque,,0.72,0.78,1.32,1.32,0.17,1.61,4.21,3.09
22/05/2023 03:56 p. m.,Ordeño,11:10,16.17,2,,,,,0,,0.24,0.60,0.96,0.72,0,0,0,0,4.62,4.93,4.93,4.92,VMS 3,,Tanque,,0.60,0.96,1.38,1.08,0.27,2.77,7.50,5.63
23/05/2023 07:09 a. m.,Ordeño,09:33,17.93,1,,,,,0,,0.30,0.60,1.20,0.96,0,0,0,0,3.66,4.66,4.48,4.49,VMS 3,,Tanque,,0.66,0.96,1.74,1.32,0.32,3.16,8.30,6.15
23/05/2023 05:48 p. m.,Ordeño,09:17,12.33,2,,,,DI,0,,0.18,0.60,1.02,0.72,0,0,0,0,4.69,4.62,4.48,4.45,VMS 3,,Tanque,,0.42,1.20,1.56,1.08,0.18,2.03,5.76,4.36
24/05/2023 03:14 a. m.,Ordeño,09:12,12.34,1,,,,,0,,0.24,0.48,0.96,0.78,0,0,0,0,4.49,4.72,4.77,4.64,VMS 3,,Tanque,,0.60,0.84,1.32,1.14,0.23,2.12,5.75,4.24
24/05/2023 04:06 p. m.,Ordeño,10:40,16.87,2,,,,,0,,0.24,0.54,1.02,0.84,0,0,0,0,5.09,5.05,5.05,5.11,VMS 3,,Tanque,,0.66,0.96,1.44,1.26,0.26,2.93,7.85,5.83
25/05/2023 08:48 a. m.,Ordeño,11:27,20.61,1,,,,,0,,0.30,0.66,1.14,0.90,0,0,0,0,5.23,4.60,4.67,4.54,VMS 3,,Tanque,,0.60,1.32,1.56,1.50,0.30,3.54,9.60,7.17
25/05/2023 07:57 p. m.,Ordeño,09:29,12.66,2,,,,,0,DI,0.18,0.54,0.90,0.72,0,0,0,0,5.63,4.36,4.25,4.15,VMS 3,,Tanque,,0.42,0.90,1.38,1.20,0.29,2.12,5.91,4.34
26/05/2023 04:53 a. m.,Ordeño,09:15,11.40,1,,,,,0,,0.24,0.54,0.90,0.72,0,0,0,0,4.62,4.62,4.53,4.46,VMS 3,,Tanque,,0.66,1.02,1.26,1.20,0.24,1.97,5.31,3.88
26/05/2023 07:30 p. m.,Ordeño,11:47,18.79,2,,,,,0,,0.24,0.60,0.96,0.96,0,0,0,0,4.36,4.88,4.71,4.75,VMS 3,,Tanque,,0.48,1.08,1.44,1.32,0.26,3.21,8.73,6.59
27/05/2023 06:40 a. m.,Ordeño,10:28,13.68,1,,,,,0,,0.36,0.60,0.90,0.78,0,0,0,0,4.42,4.53,4.47,4.34,VMS 3,,Tanque,,0.78,1.08,1.32,1.32,0.31,2.44,6.17,4.76
27/05/2023 03:09 p. m.,Ordeño,08:35,9.37,2,,,,DI,0,,0.18,0.54,0.78,0.84,0,0,0,0,4.36,4.47,4.44,4.44,VMS 3,,Tanque,,0.42,0.90,1.38,1.20,0.17,1.57,4.46,3.17
28/05/2023 03:22 a. m.,Ordeño,11:11,15.23,1,,,,,0,,0.30,0.48,0.84,0.90,0,0,0,0,4.48,4.61,4.79,4.60,VMS 3,,Tanque,,0.66,0.84,1.26,1.26,0.31,2.61,6.93,5.38
28/05/2023 07:55 p. m.,Ordeño,09:18,17.87,2,,,,,0,,0.30,0.54,1.26,1.02,0,0,0,0,4.28,4.39,4.47,4.49,VMS 3,,Tanque,,0.60,1.02,1.86,1.38,0.31,3.09,8.39,6.08
29/05/2023 04:30 a. m.,Ordeño,09:08,8.28,1,,,,DI,0,DI,0.18,0.48,0.84,0.84,0,0,0,0,4.89,4.20,4.24,4.07,VMS 3,,Tanque,,0.36,0.84,1.26,1.14,0.18,1.38,3.83,2.89
29/05/2023 01:42 p. m.,Ordeño,09:03,11.00,2,,,,DI,0,,0.18,0.60,1.08,0.96,0,0,0,0,4.69,4.69,4.75,4.77,VMS 3,,Tanque,,0.42,1.08,1.44,1.38,0.18,1.87,5.09,3.86
30/05/2023 01:15 a. m.,Ordeño,07:50,12.67,1,,,,,0,,0.72,0.60,1.08,0.96,0,0,0,0,2.75,4.54,4.55,4.51,VMS 3,,Tanque,,1.62,1.02,1.50,1.26,0.39,2.12,5.75,4.41
30/05/2023 12:41 p. m.,Ordeño,10:01,15.17,2,,,,,0,,0.24,0.54,1.02,0.90,0,0,0,0,4.27,4.89,4.81,4.85,VMS 3,,Tanque,,0.42,1.02,1.50,1.32,0.31,2.55,7.07,5.24
31/05/2023 01:41 p. m.,Ordeño,11:06,24.15,1,,,,,0,,0.36,0.78,1.32,1.08,0,0,0,0,6.32,5.70,5.43,5.80,VMS 3,,Tanque,,0.60,1.26,1.74,1.50,0.37,4.38,10.90,8.50
01/06/2023 11:44 a. m.,Ordeño,10:17,9.33,2,,,,DI,0,,0.00,0.42,1.08,0.84,0,0,0,0,0.00,4.86,4.92,4.89,VMS 3,,Tanque,,0.00,0.84,1.50,1.20,0.00,1.63,4.52,3.18
02/06/2023 10:06 a. m.,Ordeño,07:35,11.46,2,,,,,0,,1.44,0.54,0.96,0.84,0,0,0,0,4.02,4.89,4.79,4.93,VMS 3,,Tanque,,2.94,0.90,1.38,1.32,0.95,1.76,5.04,3.71
03/06/2023 12:17 a. m.,Ordeño,11:16,17.42,1,,,,,0,,0.36,0.60,0.96,0.84,0,0,0,0,5.63,4.98,5.05,4.90,VMS 3,,Tanque,,0.72,1.08,1.38,1.26,0.30,2.87,8.12,6.13
03/06/2023 12:42 p. m.,Ordeño,10:18,16.51,2,,,,,0,DI,0.30,0.60,1.02,0.96,0,0,0,0,5.90,4.79,4.64,4.76,VMS 3,,Tanque,,0.60,0.90,1.44,1.38,0.30,2.85,7.77,5.59
04/06/2023 02:23 a. m.,Ordeño,10:13,16.21,1,,,,,0,DI,0.30,0.60,1.02,0.96,0,0,0,0,6.10,4.73,4.67,4.56,VMS 3,,Tanque,,0.60,0.96,1.44,1.26,0.30,2.67,7.56,5.68
04/06/2023 05:52 p. m.,Ordeño,10:36,18.96,2,,,,,0,,0.30,0.72,1.14,1.08,0,0,0,0,5.15,4.78,4.65,4.71,VMS 3,,Tanque,,0.66,1.20,1.56,1.44,0.34,3.37,8.78,6.47
05/06/2023 08:50 a. m.,Ordeño,09:52,16.27,1,,,,,0,,0.24,0.60,1.08,1.02,0,0,0,0,4.89,4.53,4.44,4.52,VMS 3,,Tanque,,0.42,1.02,1.50,1.38,0.26,2.75,7.66,5.60
06/06/2023 10:52 a. m.,Ordeño,05:36,6.82,2,,,,,0,DI,0.30,0.48,1.14,0.84,0,0,0,0,4.96,4.27,4.12,3.87,VMS 3,,Tanque,,0.54,0.84,1.44,1.32,0.20,1.16,3.32,2.14
06/06/2023 07:17 p. m.,Ordeño,09:07,8.69,3,,,,DI,0,,0.18,0.42,0.90,0.84,0,0,0,0,4.15,4.53,4.59,4.47,VMS 3,,Tanque,,0.42,0.90,1.32,1.20,0.16,1.38,4.05,3.10
07/06/2023 03:46 a. m.,Ordeño,09:08,10.57,1,,,,,0,,0.30,0.54,0.96,0.90,0,0,0,0,3.82,4.96,4.92,4.88,VMS 3,,Tanque,,0.78,0.96,1.50,1.20,0.22,1.83,4.76,3.76
07/06/2023 04:39 p. m.,Ordeño,10:22,15.96,2,,,,,0,DD,0.24,0.54,1.02,0.96,0,0,0,0,3.89,5.13,5.01,5.01,VMS 3,,Tanque,,0.66,0.96,1.44,1.44,0.21,2.70,7.41,5.64
08/06/2023 06:15 p. m.,Ordeño,09:17,9.76,2,,,,,0,DI,0.24,0.54,1.08,0.84,0,0,0,0,5.23,4.61,4.47,4.61,VMS 3,,Tanque,,0.42,0.96,1.50,1.26,0.23,1.62,4.60,3.31
09/06/2023 05:05 a. m.,Ordeño,08:22,13.63,1,,DI,,DI,0,,0.24,0.54,1.08,0.90,0,0,0,0,3.95,4.77,4.75,4.79,VMS 3,,Tanque,,0.60,0.90,1.44,1.32,0.14,2.36,6.31,4.82
09/06/2023 03:18 p. m.,Ordeño,08:44,13.44,2,,,,,0,,0.36,0.60,1.02,0.96,0,0,0,0,5.05,4.91,4.82,4.92,VMS 3,,Tanque,,0.96,1.08,1.50,1.38,0.31,2.23,6.19,4.71
10/06/2023 12:20 a. m.,Ordeño,09:50,11.55,1,,,,DI,0,,0.18,0.54,0.96,0.90,0,0,0,0,4.29,4.64,4.70,4.64,VMS 3,,Tanque,,0.30,1.02,1.38,1.38,0.16,1.85,5.40,4.14
10/06/2023 10:58 a. m.,Ordeño,09:04,13.03,2,,,,,0,,0.30,0.42,1.08,0.96,0,0,0,0,4.09,4.65,4.76,4.65,VMS 3,,Tanque,,0.84,0.84,1.50,1.38,0.27,1.55,6.34,4.87
10/06/2023 08:22 p. m.,Ordeño,08:57,11.46,3,,,,DI,0,,0.24,0.54,0.96,0.84,0,0,0,0,4.02,4.76,4.44,4.52,VMS 3,,Tanque,,0.60,1.02,1.32,1.20,0.17,2.50,5.05,3.74
11/06/2023 10:30 a. m.,Ordeño,10:40,16.76,1,,,,,0,,0.24,0.54,0.96,0.96,0,0,0,0,4.15,4.58,4.66,4.66,VMS 3,,Tanque,,0.48,0.96,1.56,1.56,0.25,2.89,7.65,5.97
11/06/2023 08:38 p. m.,Ordeño,08:55,11.57,2,,,,DI,0,,0.18,0.48,0.90,0.84,0,0,0,0,4.82,4.46,4.44,4.37,VMS 3,,Tanque,,0.42,0.84,1.38,1.26,0.16,1.90,5.31,4.20
12/06/2023 04:14 a. m.,Ordeño,07:36,8.64,1,,DI,,DI,0,,0.18,0.42,0.90,0.78,0,0,0,0,3.48,4.45,4.45,4.31,VMS 3,,Tanque,,0.42,0.78,1.32,1.20,0.14,1.43,3.99,3.08
12/06/2023 07:49 p. m.,Ordeño,10:29,16.92,2,,,,,0,,0.18,0.60,1.08,0.96,0,0,0,0,4.96,4.85,4.72,4.73,VMS 3,,Tanque,,0.36,0.96,1.56,1.44,0.21,2.80,7.96,5.95
13/06/2023 03:51 a. m.,Ordeño,08:26,9.65,1,,,,DI,0,DI,0.24,0.42,0.96,0.84,0,0,0,0,5.16,4.30,4.26,4.11,VMS 3,,Tanque,,0.48,0.78,1.38,1.20,0.16,1.59,4.54,3.36
13/06/2023 04:22 p. m.,Ordeño,09:58,14.68,2,,,,,0,,0.30,0.54,1.02,0.96,0,0,0,0,4.42,4.63,4.61,4.59,VMS 3,,Tanque,,0.78,0.84,1.44,1.32,0.25,2.50,6.85,5.08
14/06/2023 04:38 a. m.,Ordeño,09:06,12.29,1,,,,DI,0,,0.24,0.48,0.96,0.90,0,0,0,0,4.15,4.36,4.32,4.31,VMS 3,,Tanque,,0.48,0.84,1.44,1.26,0.16,2.08,5.71,4.34
14/06/2023 05:21 p. m.,Ordeño,10:38,14.68,2,,,,,0,,0.18,0.48,0.90,0.84,0,0,0,0,5.23,4.72,4.59,4.60,VMS 3,,Tanque,,0.42,0.84,1.50,1.26,0.20,2.41,6.88,5.19
15/06/2023 02:33 a. m.,Ordeño,08:30,10.99,1,,,,DI,0,,0.18,0.48,0.90,0.84,0,0,0,0,4.56,4.65,4.59,4.52,VMS 3,,Tanque,,0.42,0.96,1.38,1.32,0.13,1.83,5.10,3.93
15/06/2023 07:15 p. m.,Ordeño,11:32,17.02,2,,,,,0,,0.30,0.54,0.90,0.90,0,0,0,0,4.52,4.90,4.88,4.87,VMS 3,,Tanque,,0.60,0.84,1.32,1.32,0.33,3.00,7.64,6.05
17/06/2023 07:04 a. m.,Ordeño,09:01,12.11,1,,,,,0,DI,0.30,0.54,0.90,0.84,0,0,0,0,5.29,4.39,4.29,4.20,VMS 3,,Tanque,,0.60,0.96,1.32,1.20,0.30,2.05,5.61,4.15
17/06/2023 07:32 p. m.,Ordeño,09:36,14.44,2,,,,,0,,0.30,0.54,1.02,0.96,0,0,0,0,4.29,4.94,4.91,4.99,VMS 3,,Tanque,,0.66,0.96,1.50,1.50,0.27,2.41,6.70,5.06
18/06/2023 04:56 a. m.,Ordeño,07:50,10.23,1,,,,DI,0,,0.24,0.60,0.96,0.90,0,0,0,0,4.42,4.71,4.78,4.71,VMS 3,,Tanque,,0.48,0.84,1.38,1.32,0.09,1.72,4.80,3.62
18/06/2023 07:37 p. m.,Ordeño,11:06,18.30,2,,,,,0,,0.36,0.66,1.02,0.90,0,0,0,0,4.87,5.01,5.04,5.11,VMS 3,,Tanque,,0.96,1.08,1.50,1.32,0.33,3.05,8.40,6.52
19/06/2023 03:13 a. m.,Ordeño,09:00,8.95,1,,,,,0,,0.30,0.54,0.90,0.90,0,0,0,0,5.09,4.54,4.50,4.50,VMS 3,,Tanque,,0.84,0.90,1.32,1.20,0.22,1.43,4.20,3.10
19/06/2023 06:22 p. m.,Ordeño,09:19,14.27,2,,,,DI,0,,0.24,0.78,1.02,0.90,0,0,0,0,4.76,4.77,4.73,4.65,VMS 3,,Tanque,,0.48,1.32,1.44,1.32,0.18,2.42,6.55,5.12
20/06/2023 04:04 a. m.,Ordeño,09:21,10.06,1,,,,DI,0,,0.18,0.54,0.78,0.60,0,0,0,0,4.76,4.66,4.61,4.36,VMS 3,,Tanque,,0.36,0.90,1.32,1.02,0.17,1.72,4.72,3.45
20/06/2023 02:49 p. m.,Ordeño,10:45,12.52,2,,,,DI,0,,0.18,0.48,0.78,0.78,0,0,0,0,5.16,4.92,4.99,4.91,VMS 3,,Tanque,,0.36,1.02,1.32,1.14,0.14,2.12,5.72,4.54
21/06/2023 12:25 a. m.,Ordeño,09:52,9.62,1,,,,DI,0,,0.18,0.42,0.78,0.78,0,0,0,0,4.89,4.68,4.49,4.46,VMS 3,,Tanque,,0.36,0.66,1.20,1.08,0.14,1.58,4.53,3.37
21/06/2023 11:04 a. m.,Ordeño,09:10,13.89,2,,,,,0,,0.36,0.66,1.02,0.96,0,0,0,0,4.76,4.94,4.82,4.87,VMS 3,,Tanque,,0.84,1.14,1.50,1.32,0.27,2.35,6.37,4.90
22/06/2023 12:33 a. m.,Ordeño,10:41,16.01,1,,DI,,DI,0,,0.24,0.48,0.96,0.90,0,0,0,0,5.23,4.68,4.75,4.67,VMS 3,,Tanque,,0.72,0.84,1.38,1.26,0.19,2.77,7.33,5.72
22/06/2023 10:15 a. m.,Ordeño,08:35,12.07,2,,DI,,DI,0,,0.18,0.54,0.96,0.78,0,0,0,0,5.16,4.52,4.55,4.49,VMS 3,,Tanque,,0.36,0.96,1.38,1.08,0.16,2.06,5.58,4.27
23/06/2023 01:21 a. m.,Ordeño,10:28,17.97,1,,,,,0,,0.30,0.60,1.08,0.90,0,0,0,0,5.23,4.68,4.70,4.67,VMS 3,,Tanque,,0.66,1.02,1.44,1.32,0.29,3.15,8.21,6.32
23/06/2023 03:20 p. m.,Ordeño,11:05,16.06,2,,,,,0,,0.24,0.54,0.90,0.90,0,0,0,0,5.16,4.53,4.57,4.61,VMS 3,,Tanque,,0.42,0.90,1.38,1.32,0.26,2.84,7.33,5.63
23/06/2023 11:51 p. m.,Ordeño,07:46,8.32,3,,,,DI,0,,0.00,0.48,0.84,0.72,0,0,0,0,0.00,4.28,4.27,4.19,VMS 3,,Tanque,,0.00,0.78,1.26,1.26,0.00,1.34,3.96,3.02
24/06/2023 01:17 p. m.,Ordeño,09:27,9.69,1,,,TI,TI,0,,0.24,0.60,0.00,0.90,0,0,0,0,5.90,5.04,0.00,5.25,VMS 3,,Tanque,,0.48,1.14,0.00,1.26,0.24,3.09,0.00,6.36
27/06/2023 04:14 a. m.,Ordeño,09:09,10.93,1,,,,DI,0,DI,0.18,0.54,0.84,0.90,0,0,0,0,5.09,4.46,4.76,4.36,VMS 3,,Tanque,,0.42,0.96,1.20,1.26,0.16,1.87,4.75,4.15
27/06/2023 01:29 p. m.,Ordeño,08:12,10.34,2,,,,DI,0,,0.24,0.48,0.84,0.78,0,0,0,0,3.95,5.06,5.13,5.06,VMS 3,,Tanque,,0.48,0.84,1.26,1.14,0.15,1.84,4.50,3.85
28/06/2023 05:21 a. m.,Ordeño,10:39,19.19,1,,,,,0,,0.24,0.60,1.08,0.90,0,0,0,0,4.78,5.18,5.15,5.06,VMS 3,,Tanque,,0.48,0.96,1.56,1.26,0.32,3.31,8.47,7.09
28/06/2023 06:57 p. m.,Ordeño,08:32,15.47,2,,DI,,,0,,0.30,0.60,1.20,0.90,0,0,0,0,4.96,4.88,4.99,4.80,VMS 3,,Tanque,,0.78,1.08,1.56,1.26,0.26,2.84,6.93,5.44
29/06/2023 04:51 a. m.,Ordeño,09:43,12.02,1,,DI,,,0,,0.30,0.54,0.78,0.72,0,0,0,0,5.29,4.87,4.91,4.87,VMS 3,,Tanque,,0.72,0.84,1.20,1.02,0.26,2.13,5.38,4.25
29/06/2023 09:42 p. m.,Ordeño,10:56,16.10,2,,DI,,,0,DI,0.30,0.66,0.90,0.90,0,0,0,0,5.56,4.78,4.81,4.76,VMS 3,,Tanque,,0.54,1.08,1.32,1.26,0.29,2.93,7.26,5.62
30/06/2023 09:51 a. m.,Ordeño,08:38,10.89,1,,,,,0,DI,0.24,0.48,0.90,0.90,0,0,0,0,5.56,4.57,4.48,4.55,VMS 3,,Tanque,,0.54,0.90,1.26,1.26,0.24,1.86,5.01,3.78
01/07/2023 01:10 a. m.,Ordeño,10:22,18.33,1,,,,,0,,0.30,0.60,1.08,0.96,0,0,0,0,4.93,4.98,4.96,5.10,VMS 3,,Tanque,,0.90,0.96,1.50,1.38,0.33,3.21,8.22,6.57
01/07/2023 01:07 p. m.,Ordeño,09:05,13.81,2,,,,,0,,0.24,0.66,1.02,0.90,0,0,0,0,4.96,4.94,4.79,4.80,VMS 3,,Tanque,,0.54,1.02,1.50,1.26,0.27,2.37,6.25,4.92
02/07/2023 03:11 a. m.,Ordeño,09:43,15.76,1,,,,,0,,0.24,0.54,1.02,0.96,0,0,0,0,3.75,4.87,4.86,4.80,VMS 3,,Tanque,,0.66,1.02,1.50,1.38,0.26,2.69,7.07,5.74
02/07/2023 05:27 p. m.,Ordeño,10:22,16.15,2,,,,,0,,0.24,0.60,1.02,0.90,0,0,0,0,5.09,4.85,4.79,4.81,VMS 3,,Tanque,,0.48,1.02,1.50,1.26,0.23,2.81,7.52,5.59
03/07/2023 02:34 a. m.,Ordeño,09:15,10.24,1,,,,DI,0,,0.18,0.54,0.90,0.84,0,0,0,0,4.69,4.69,4.75,4.68,VMS 3,,Tanque,,0.36,0.84,1.32,1.26,0.17,1.75,4.66,3.66
03/07/2023 11:25 a. m.,Ordeño,07:43,10.60,2,,,,DI,0,,0.18,0.54,1.08,0.96,0,0,0,0,5.23,4.85,4.98,5.02,VMS 3,,Tanque,,0.48,0.96,1.56,1.38,0.14,1.84,4.89,3.73
03/07/2023 07:40 p. m.,Ordeño,07:00,9.17,3,,,,DI,0,"DD,TI,TD",0.42,0.42,1.08,0.72,0,0,0,0,3.35,4.62,4.76,4.66,VMS 3,,Tanque,,0.96,0.78,1.56,1.08,0.12,1.49,4.30,3.26
04/07/2023 02:49 a. m.,Ordeño,06:38,7.27,1,,DI,,DI,0,,0.18,0.42,0.90,0.78,0,0,0,0,4.15,4.78,4.80,4.78,VMS 3,,Tanque,,0.42,0.72,1.26,1.20,0.15,1.22,3.30,2.60
04/07/2023 03:10 p. m.,Ordeño,11:09,15.31,2,,,,DI,0,,0.24,0.60,0.90,0.84,0,0,0,0,5.49,5.15,5.14,5.24,VMS 3,,Tanque,,0.54,0.96,1.32,1.32,0.19,2.57,7.15,5.40
05/07/2023 01:55 a. m.,Ordeño,10:49,13.60,1,,,,,0,,0.24,0.54,0.84,0.90,0,0,0,0,4.02,4.74,4.72,4.76,VMS 3,,Tanque,,0.54,1.02,1.26,1.32,0.23,2.19,6.37,4.81
05/07/2023 10:00 a. m.,Ordeño,09:50,10.41,2,,,,DI,0,,0.18,0.54,0.90,0.84,0,0,0,0,2.95,4.65,4.54,4.72,VMS 3,,Tanque,,0.60,0.96,1.26,1.32,0.19,1.80,4.72,3.70
05/07/2023 06:25 p. m.,Ordeño,07:56,9.62,3,,,,DI,0,,0.00,0.48,0.90,0.84,0,0,0,0,0.00,4.65,4.65,4.65,VMS 3,,Tanque,,0.00,0.72,1.32,1.14,0.00,1.67,4.47,3.48
06/07/2023 11:13 a. m.,Ordeño,13:17,19.65,1,,,,,0,,0.24,0.54,0.90,0.78,0,0,0,0,4.72,4.83,4.79,4.88,VMS 3,,Tanque,,0.66,0.96,1.38,1.20,0.32,3.30,9.14,6.89
06/07/2023 09:44 p. m.,Ordeño,09:22,10.98,2,,,,DI,0,,0.18,0.54,0.78,0.84,0,0,0,0,4.42,4.43,4.25,4.19,VMS 3,,Tanque,,0.36,0.90,1.26,1.20,0.15,1.86,5.12,3.85
07/07/2023 05:32 a. m.,Ordeño,09:07,9.95,1,,,,DI,0,,0.18,0.54,0.90,0.90,0,0,0,0,3.89,4.63,4.66,4.79,VMS 3,,Tanque,,0.42,0.84,1.38,1.32,0.13,1.66,4.58,3.58
07/07/2023 06:17 p. m.,Ordeño,09:00,15.52,2,,DI,,,0,,0.24,0.60,1.14,1.08,0,0,0,0,4.36,4.80,4.74,4.76,VMS 3,,Tanque,,0.54,1.08,1.56,1.38,0.25,2.74,7.08,5.45
08/07/2023 04:49 a. m.,Ordeño,09:07,10.90,1,,,,,0,,0.24,0.42,0.96,0.90,0,0,0,0,2.88,4.45,4.43,4.45,VMS 3,,Tanque,,0.66,0.78,1.32,1.32,0.20,1.89,5.01,3.80
08/07/2023 01:59 p. m.,Ordeño,08:56,10.84,2,,,,DI,0,,0.24,0.48,0.96,0.84,0,0,0,0,3.75,4.80,4.82,4.91,VMS 3,,Tanque,,0.66,0.78,1.44,1.26,0.19,1.87,4.97,3.81
09/07/2023 12:30 a. m.,Ordeño,09:07,13.46,1,,,,DI,0,,0.18,0.48,1.08,0.96,0,0,0,0,4.02,4.84,4.79,4.91,VMS 3,,Tanque,,0.42,0.78,1.68,1.38,0.19,2.25,6.27,4.75
09/07/2023 10:36 a. m.,Ordeño,09:18,14.08,2,,,,DI,0,,0.18,0.60,1.02,0.90,0,0,0,0,4.62,4.89,4.96,5.02,VMS 3,,Tanque,,0.48,0.96,1.68,1.26,0.18,2.34,6.65,4.91
09/07/2023 08:55 p. m.,Ordeño,08:51,12.50,3,,,,DI,0,,0.18,0.48,0.96,0.78,0,0,0,0,4.36,4.64,4.72,4.60,VMS 3,,Tanque,,0.36,0.84,1.44,1.14,0.15,2.14,5.77,4.44
10/07/2023 08:09 a. m.,Ordeño,09:26,14.13,1,,,,,0,,0.24,0.54,1.02,0.90,0,0,0,0,4.49,4.62,4.72,4.62,VMS 3,,Tanque,,0.72,0.84,1.44,1.32,0.22,2.46,6.53,4.92
10/07/2023 04:46 p. m.,Ordeño,07:55,9.80,2,,DI,,DI,0,,0.12,0.42,0.90,0.84,0,0,0,0,5.16,4.54,4.68,4.54,VMS 3,,Tanque,,0.36,0.84,1.50,1.14,0.12,1.68,4.54,3.46
11/07/2023 03:28 a. m.,Ordeño,09:06,13.23,1,,,,,0,,0.30,0.54,1.02,0.84,0,0,0,0,4.49,4.58,4.75,4.69,VMS 3,,Tanque,,0.96,0.96,1.44,1.20,0.20,2.19,6.29,4.55
11/07/2023 01:46 p. m.,Ordeño,08:37,13.47,2,,,,,0,,0.24,0.60,1.02,1.02,0,0,0,0,4.49,4.74,4.56,4.77,VMS 3,,Tanque,,0.72,1.02,1.50,1.44,0.23,2.25,6.25,4.74
12/07/2023 02:09 a. m.,Ordeño,09:24,13.88,1,,,,DI,0,,0.24,0.42,1.02,0.84,0,0,0,0,4.22,4.39,4.37,4.48,VMS 3,,Tanque,,0.54,0.78,1.62,1.26,0.18,2.39,6.49,4.82
12/07/2023 12:15 p. m.,Ordeño,08:55,13.92,2,,,,DI,0,DI,0.30,0.42,1.02,0.96,0,0,0,0,5.43,4.63,4.61,4.73,VMS 3,,Tanque,,0.90,0.72,1.50,1.50,0.18,2.38,6.50,4.86
13/07/2023 05:43 a. m.,Ordeño,12:35,19.84,1,,,,,0,,0.24,0.60,0.96,0.78,0,0,0,0,4.89,4.57,4.64,4.55,VMS 3,,Tanque,,0.60,1.08,1.44,1.14,0.27,3.31,9.40,6.86
14/07/2023 02:33 a. m.,Ordeño,12:49,20.99,1,,DI,,,0,,0.30,0.60,1.02,0.78,0,0,0,0,4.73,4.58,4.40,4.44,VMS 3,,Tanque,,1.02,1.08,1.50,1.20,0.32,3.66,9.98,7.03
14/07/2023 12:08 p. m.,Ordeño,09:01,11.14,2,,,,,0,DI,0.24,0.48,0.96,0.84,0,0,0,0,5.23,4.30,4.12,4.10,VMS 3,,Tanque,,0.48,0.90,1.56,1.26,0.25,1.88,5.32,3.69
15/07/2023 04:23 a. m.,Ordeño,10:42,16.03,1,,DI,,,0,,0.18,0.60,0.96,0.90,0,0,0,0,4.89,4.56,4.48,4.56,VMS 3,,Tanque,,0.42,0.96,1.38,1.26,0.20,2.74,7.48,5.61
15/07/2023 09:58 p. m.,Ordeño,12:01,19.80,2,,DI,,,0,,0.24,0.54,1.02,0.96,0,0,0,0,5.23,4.80,4.79,4.79,VMS 3,,Tanque,,0.60,0.96,1.56,1.32,0.23,3.44,9.13,7.00
17/07/2023 03:43 a. m.,Ordeño,11:07,16.67,1,,,,DI,0,,0.18,0.48,0.96,0.90,0,0,0,0,4.89,4.68,4.58,4.58,VMS 3,,Tanque,,0.54,0.84,1.50,1.26,0.18,2.89,7.74,5.86
18/07/2023 01:04 a. m.,Ordeño,12:56,22.53,1,,,,,0,,0.24,0.60,1.02,0.90,0,0,0,0,5.23,4.82,4.63,4.73,VMS 3,,Tanque,,0.42,1.08,1.56,1.26,0.20,4.07,10.37,7.89
18/07/2023 11:10 a. m.,Ordeño,07:38,11.25,2,,,,DI,0,,0.24,0.48,1.08,0.96,0,0,0,0,4.89,4.37,4.23,4.34,VMS 3,,Tanque,,0.42,0.96,1.56,1.44,0.17,1.90,5.37,3.81
18/07/2023 08:44 p. m.,Ordeño,07:20,9.82,3,,DI,,DI,0,,0.12,0.36,1.02,0.90,0,0,0,0,3.89,4.62,4.83,4.63,VMS 3,,Tanque,,0.36,0.72,1.38,1.38,0.08,1.45,4.69,3.60
19/07/2023 05:03 p. m.,Ordeño,13:05,23.88,1,,,,,0,DI,0.24,0.48,1.08,1.08,0,0,0,0,6.16,5.28,5.14,5.22,VMS 3,,Tanque,,0.48,0.78,1.56,1.44,0.25,4.18,10.95,8.50
20/07/2023 03:09 a. m.,Ordeño,07:40,10.02,1,,DI,,DI,0,,0.30,0.48,0.96,0.96,0,0,0,0,4.96,4.47,4.44,4.41,VMS 3,,Tanque,,0.72,0.78,1.32,1.32,0.14,1.73,4.62,3.53
20/07/2023 01:06 p. m.,Ordeño,09:14,11.19,2,,,,DI,0,,0.18,0.48,0.96,0.84,0,0,0,0,5.09,4.94,4.89,4.97,VMS 3,,Tanque,,0.54,0.78,1.38,1.26,0.18,1.70,5.35,3.96
21/07/2023 05:28 a. m.,Ordeño,10:44,19.22,1,,,,DI,0,,0.24,0.60,1.20,1.02,0,0,0,0,4.62,4.93,4.81,4.86,VMS 3,,Tanque,,0.54,1.02,1.62,1.44,0.12,3.27,9.27,6.56
21/07/2023 03:47 p. m.,Ordeño,09:46,12.01,2,,,,,0,,0.24,0.42,0.84,0.84,0,0,0,0,5.16,4.61,4.54,4.72,VMS 3,,Tanque,,0.48,0.84,1.44,1.20,0.29,1.69,5.73,4.30
22/07/2023 07:25 a. m.,Ordeño,10:51,17.27,1,,,,,0,,0.36,0.54,1.02,1.02,0,0,0,0,4.96,4.92,4.78,4.90,VMS 3,,Tanque,,0.96,1.02,1.44,1.38,0.27,3.19,7.93,5.88
22/07/2023 04:18 p. m.,Ordeño,08:56,10.56,2,,,,DI,0,,0.18,0.42,1.02,0.90,0,0,0,0,4.15,4.67,4.49,4.72,VMS 3,,Tanque,,0.54,0.78,1.44,1.38,0.14,1.67,4.96,3.79
23/07/2023 08:47 p. m.,Ordeño,11:50,25.11,1,,,,,0,,0.36,0.60,1.26,1.14,0,0,0,0,5.76,5.41,5.10,5.71,VMS 3,,Tanque,,0.78,1.02,1.80,1.56,0.34,4.33,11.58,8.86
24/07/2023 09:08 a. m.,Ordeño,09:03,10.56,1,,,,,0,,0.24,0.48,1.02,1.02,0,0,0,0,4.62,4.48,4.36,4.45,VMS 3,,Tanque,,0.72,0.78,1.44,1.44,0.29,2.03,4.72,3.52
24/07/2023 05:09 p. m.,Ordeño,08:57,5.90,2,,,,DI,0,,0.12,0.42,0.90,0.78,0,0,0,0,3.22,4.91,4.68,4.85,VMS 3,,Tanque,,0.36,0.72,1.26,1.26,0.07,1.03,2.69,2.11
25/07/2023 01:11 a. m.,Ordeño,08:57,7.43,1,,,,DI,0,,0.18,0.42,0.72,0.84,0,0,0,0,2.61,4.72,4.59,4.86,VMS 3,,Tanque,,0.42,0.96,1.08,1.26,0.08,1.21,3.44,2.70
25/07/2023 02:57 p. m.,Ordeño,09:34,16.14,2,,,,DI,0,,0.24,0.66,1.08,0.96,0,0,0,0,4.62,5.24,4.86,5.26,VMS 3,,Tanque,,0.60,1.02,1.50,1.38,0.19,2.84,7.37,5.74
26/07/2023 02:37 a. m.,Ordeño,08:58,12.58,1,,,,DI,0,"DD,TD",0.30,0.60,0.96,0.90,0,0,0,0,3.62,4.84,4.58,4.79,VMS 3,,Tanque,,0.72,1.02,1.44,1.32,0.18,2.19,5.60,4.61
26/07/2023 03:45 p. m.,Ordeño,09:59,15.18,2,,,,DI,0,,0.36,0.60,0.96,0.90,0,0,0,0,4.49,4.92,4.64,4.86,VMS 3,,Tanque,,0.90,0.96,1.38,1.38,0.18,2.55,6.97,5.48
27/07/2023 10:35 a. m.,Ordeño,12:31,21.59,1,,,,,0,,0.24,0.66,1.02,1.02,0,0,0,0,4.49,4.86,4.63,4.88,VMS 3,,Tanque,,0.66,1.08,1.44,1.38,0.27,3.85,10.05,7.42
28/07/2023 01:16 a. m.,Ordeño,09:36,14.79,1,,,,,0,,0.24,0.54,1.02,0.90,0,0,0,0,3.95,4.66,4.50,4.57,VMS 3,,Tanque,,0.54,1.14,1.44,1.92,0.20,2.61,6.65,5.33
28/07/2023 10:24 a. m.,Ordeño,09:02,11.90,2,,,,DI,0,,0.18,0.60,0.96,0.90,0,0,0,0,2.88,4.98,4.76,4.90,VMS 3,,Tanque,,0.48,1.02,1.38,1.38,0.14,2.10,5.44,4.22
28/07/2023 09:41 p. m.,Ordeño,08:53,12.47,3,,,,DI,0,,0.30,0.60,1.02,0.90,0,0,0,0,2.81,4.69,4.65,4.74,VMS 3,,Tanque,,0.78,0.96,1.50,1.26,0.15,2.20,5.77,4.35
29/07/2023 10:04 a. m.,Ordeño,09:37,15.55,1,,,,DI,0,,0.18,0.60,1.02,1.02,0,0,0,0,4.49,4.96,4.78,4.88,VMS 3,,Tanque,,0.48,1.02,1.56,1.32,0.15,2.84,7.11,5.45
29/07/2023 05:33 p. m.,Ordeño,09:06,7.71,2,,,,DI,0,,0.18,0.48,0.90,0.90,0,0,0,0,2.61,4.64,4.51,4.68,VMS 3,,Tanque,,0.42,0.84,1.38,1.26,0.08,1.32,3.49,2.82
30/07/2023 03:51 a. m.,Ordeño,08:53,12.31,1,,,,DI,0,,0.24,0.48,0.96,0.84,0,0,0,0,2.75,4.71,4.64,4.70,VMS 3,,Tanque,,0.60,0.90,1.38,1.26,0.12,2.16,5.65,4.38
30/07/2023 01:14 p. m.,Ordeño,08:58,12.03,2,,,,DI,0,,0.18,0.60,0.96,0.90,0,0,0,0,3.15,4.71,4.66,4.69,VMS 3,,Tanque,,0.48,1.08,1.38,1.26,0.13,2.12,5.60,4.18
30/07/2023 09:27 p. m.,Ordeño,08:56,7.91,3,,,,DI,0,DD,0.24,0.48,0.90,0.78,0,0,0,0,3.48,4.57,4.40,4.50,VMS 3,,Tanque,,0.54,0.90,1.20,1.20,0.07,1.34,3.65,2.85
31/07/2023 07:10 a. m.,Ordeño,08:58,11.97,1,,,,DI,0,TD,0.24,0.48,0.96,0.96,0,0,0,0,3.62,4.70,4.65,4.79,VMS 3,,Tanque,,0.66,0.96,1.38,1.38,0.11,2.12,5.50,4.24
31/07/2023 06:20 p. m.,Ordeño,09:03,13.13,2,,,,DI,0,DD,0.18,0.60,1.02,0.96,0,0,0,0,3.75,4.76,4.53,4.74,VMS 3,,Tanque,,0.48,0.96,1.44,1.38,0.14,2.19,6.12,4.68
01/08/2023 08:33 a. m.,Ordeño,09:43,16.65,1,,,,DI,0,,0.30,0.60,1.08,0.96,0,0,0,0,3.95,4.63,4.59,4.60,VMS 3,,Tanque,,0.72,0.96,1.50,1.44,0.19,2.91,7.60,5.95
01/08/2023 07:46 p. m.,Ordeño,08:36,11.61,2,,,,DI,0,,0.18,0.48,0.96,0.84,0,0,0,0,3.35,4.36,4.26,4.23,VMS 3,,Tanque,,0.48,0.84,1.38,1.20,0.11,1.93,5.46,4.11
02/08/2023 09:56 a. m.,Ordeño,10:09,16.33,1,,,,,0,,0.36,0.54,1.02,0.96,0,0,0,0,3.62,4.56,4.51,4.59,VMS 3,,Tanque,,1.08,0.96,1.50,1.38,0.21,2.75,7.59,5.78
02/08/2023 05:51 p. m.,Ordeño,09:04,8.16,2,,,,DI,0,,0.18,0.48,0.96,0.84,0,0,0,0,3.89,4.50,4.31,4.38,VMS 3,,Tanque,,0.42,0.90,1.38,1.20,0.08,1.37,3.75,2.96
03/08/2023 09:11 a. m.,Ordeño,10:53,17.83,1,,,,DI,0,"DD,TI,TD",0.18,0.54,1.08,0.96,0,0,0,0,3.48,4.84,4.78,4.84,VMS 3,,Tanque,,0.48,1.02,1.50,1.38,0.18,2.93,8.42,6.30
03/08/2023 07:22 p. m.,Ordeño,09:04,12.32,2,,,,DI,0,,0.18,0.54,1.02,0.96,0,0,0,0,4.42,4.66,4.51,4.55,VMS 3,,Tanque,,0.54,0.96,1.50,1.26,0.12,2.12,5.58,4.50
04/08/2023 10:12 a. m.,Ordeño,10:22,18.20,1,,,,DI,0,,0.24,0.60,1.14,1.08,0,0,0,0,4.02,4.78,4.73,4.68,VMS 3,,Tanque,,0.54,0.96,1.62,1.44,0.17,3.13,8.35,6.55
04/08/2023 07:41 p. m.,Ordeño,09:04,10.94,2,,,,DI,0,,0.18,0.54,1.02,0.84,0,0,0,0,3.22,4.44,4.41,4.34,VMS 3,,Tanque,,0.48,1.02,1.44,1.20,0.09,1.86,5.11,3.88
05/08/2023 01:15 p. m.,Ordeño,11:10,20.61,1,,,,,0,,0.30,0.60,1.20,1.02,0,0,0,0,4.42,5.03,4.76,4.89,VMS 3,,Tanque,,0.84,0.96,1.68,1.44,0.25,3.50,9.65,7.21
06/08/2023 02:28 a. m.,Ordeño,09:26,14.91,1,,,,DI,0,,0.18,0.54,1.08,0.96,0,0,0,0,3.08,4.34,4.29,4.23,VMS 3,,Tanque,,0.36,0.84,1.50,1.38,0.13,2.51,7.00,5.27
06/08/2023 01:50 p. m.,Ordeño,08:58,12.56,2,,,,DI,0,DD,0.18,0.48,1.02,0.96,0,0,0,0,3.42,4.69,4.56,4.55,VMS 3,,Tanque,,0.42,0.84,1.44,1.38,0.13,2.13,5.84,4.46
07/08/2023 04:22 a. m.,Ordeño,10:21,16.44,1,,,,,0,,0.24,0.54,1.02,0.96,0,0,0,0,3.08,4.64,4.55,4.55,VMS 3,,Tanque,,0.66,0.90,1.50,1.38,0.20,2.69,7.85,5.70
07/08/2023 01:29 p. m.,Ordeño,10:29,10.80,2,,,,DI,0,,0.18,0.42,0.96,0.96,0,0,0,0,4.49,4.62,4.28,4.44,VMS 3,,Tanque,,0.36,0.66,1.32,1.32,0.17,1.87,4.93,3.83
08/08/2023 02:35 p. m.,Ordeño,11:47,24.87,1,,,,,0,"DD,TD",0.24,0.72,1.26,1.02,0,0,0,0,3.89,5.01,4.75,4.98,VMS 3,,Tanque,,0.66,1.26,1.68,1.32,0.30,4.32,11.66,8.59
09/08/2023 02:16 a. m.,Ordeño,08:55,10.04,1,,,,DI,0,,0.24,0.42,1.02,0.84,0,0,0,0,3.02,4.27,4.11,4.23,VMS 3,,Tanque,,0.54,0.72,1.44,1.20,0.14,1.81,4.71,3.38
09/08/2023 01:23 p. m.,Ordeño,08:56,12.72,2,,,,DI,0,,0.18,0.48,0.96,0.90,0,0,0,0,3.28,4.82,4.69,4.89,VMS 3,,Tanque,,0.54,0.90,1.32,1.26,0.11,2.20,5.97,4.44
09/08/2023 11:11 p. m.,Ordeño,08:52,10.36,3,,,,DI,0,,0.18,0.48,1.02,0.96,0,0,0,0,2.95,4.78,4.55,4.77,VMS 3,,Tanque,,0.48,0.90,1.44,1.32,0.10,1.74,4.85,3.67
10/08/2023 12:56 p. m.,Ordeño,09:57,15.89,1,,,,DI,0,"DD,TD",0.30,0.48,1.08,1.02,0,0,0,0,3.62,4.79,4.70,4.89,VMS 3,,Tanque,,0.66,0.96,1.50,1.38,0.12,2.50,7.48,5.79
11/08/2023 07:56 a. m.,Ordeño,11:00,21.61,1,,,,,0,,0.24,0.66,1.20,0.96,0,0,0,0,3.22,4.82,4.56,4.79,VMS 3,,Tanque,,0.54,1.14,1.62,1.38,0.20,3.82,10.10,7.49
11/08/2023 05:18 p. m.,Ordeño,09:15,8.12,2,,,,DI,0,,0.12,0.48,1.02,0.90,0,0,0,0,4.42,4.46,4.31,4.37,VMS 3,,Tanque,,0.24,0.84,1.32,1.26,0.07,1.33,3.91,2.81
12/08/2023 11:11 a. m.,Ordeño,09:21,15.88,1,,,,DI,0,,0.12,0.54,1.14,0.96,0,0,0,0,3.89,4.68,4.61,4.61,VMS 3,,Tanque,,0.30,0.90,1.62,1.32,0.10,2.66,7.46,5.66
13/08/2023 03:12 a. m.,Ordeño,09:04,13.29,1,,,,DI,0,,0.18,0.42,1.14,1.02,0,0,0,0,3.75,4.25,4.22,4.27,VMS 3,,Tanque,,0.36,0.78,1.50,1.38,0.10,1.81,6.53,4.85
13/08/2023 02:50 p. m.,Ordeño,09:17,11.77,2,,,,DI,0,,0.12,0.54,1.02,1.08,0,0,0,0,4.02,4.65,4.36,4.47,VMS 3,,Tanque,,0.30,0.90,1.44,1.68,0.06,2.11,5.48,4.12
13/08/2023 11:39 p. m.,Ordeño,08:55,6.94,3,,,,DI,0,,0.24,0.42,1.02,0.90,0,0,0,0,2.81,4.30,4.18,4.25,VMS 3,,Tanque,,0.42,0.84,1.50,1.32,0.06,1.10,3.31,2.47
14/08/2023 04:23 p. m.,Ordeño,09:56,17.30,1,,,,DI,0,,0.24,0.60,1.08,1.08,0,0,0,0,4.36,4.98,4.67,4.82,VMS 3,,Tanque,,0.66,0.90,1.56,1.38,0.17,2.93,8.06,6.14
15/08/2023 02:28 a. m.,Ordeño,09:05,7.68,1,,,,DI,0,,0.24,0.42,0.96,0.84,0,0,0,0,2.48,4.49,4.35,4.39,VMS 3,,Tanque,,0.48,0.78,1.38,1.14,0.09,1.24,3.60,2.75
15/08/2023 01:18 p. m.,Ordeño,09:02,10.74,2,,,,DI,0,,0.18,0.54,0.96,0.96,0,0,0,0,3.89,4.82,4.72,4.75,VMS 3,,Tanque,,0.54,0.90,1.32,1.32,0.13,1.77,4.99,3.85
16/08/2023 03:29 a. m.,Ordeño,09:41,15.32,1,,,,DI,0,DD,0.18,0.54,1.02,0.96,0,0,0,0,3.55,4.77,4.59,4.66,VMS 3,,Tanque,,0.54,0.90,1.50,1.38,0.12,2.55,7.21,5.44
16/08/2023 06:45 p. m.,Ordeño,09:55,16.26,2,,,,,0,,0.18,0.54,1.08,0.90,0,0,0,0,4.02,4.64,4.36,4.32,VMS 3,,Tanque,,0.48,0.96,1.44,1.32,0.13,2.74,7.58,5.81
17/08/2023 07:15 a. m.,Ordeño,08:11,12.43,1,,,,,0,,,0.48,1.02,0.90,,0,0,0,,4.62,4.36,4.40,VMS 3,,Tanque,,,0.78,1.44,1.20,,2.14,5.80,4.49
17/08/2023 08:16 p. m.,Ordeño,08:29,13.17,2,,,,,0,,,0.42,1.02,0.84,,0,0,0,,4.57,4.52,4.46,VMS 3,,Tanque,,,0.84,1.38,1.14,,2.21,6.32,4.64
18/08/2023 04:49 a. m.,Ordeño,06:51,9.10,1,,,,,0,,,0.48,0.96,0.84,,0,0,0,,4.44,4.33,4.32,VMS 3,,Tanque,,,0.78,1.38,1.14,,1.59,4.30,3.21
18/08/2023 03:49 p. m.,Ordeño,07:21,11.74,2,,,,,0,,,0.48,1.14,0.96,,0,0,0,,4.65,4.62,4.50,VMS 3,,Tanque,,,0.96,1.62,1.32,,1.98,5.65,4.11
19/08/2023 09:17 a. m.,Ordeño,10:32,16.77,1,,,,,0,,,0.54,1.02,0.90,,0,0,0,,4.64,4.38,4.45,VMS 3,,Tanque,,,0.84,1.44,1.32,,2.84,8.06,5.87
21/08/2023 11:17 a. m.,Ordeño,13:45,23.58,1,,,,,0,,,0.60,1.02,0.90,,0,0,0,,5.02,5.09,5.20,VMS 3,,Tanque,,,1.14,1.44,1.32,,4.06,11.17,8.35
21/08/2023 09:10 p. m.,Ordeño,05:55,5.96,2,,,,,0,,,0.36,0.90,0.78,,0,0,0,,3.88,3.88,3.96,VMS 3,,Tanque,,,0.66,1.32,1.08,,1.14,2.81,2.01
22/08/2023 11:52 a. m.,Ordeño,08:01,12.07,1,,,,,0,,,0.54,1.02,1.02,,0,0,0,,4.91,4.91,5.03,VMS 3,,Tanque,,,0.96,1.56,1.38,,2.04,5.92,4.11
23/08/2023 12:38 a. m.,Ordeño,07:29,10.62,1,,,,,0,,,0.48,1.02,0.90,,0,0,0,,4.45,4.46,4.51,VMS 3,,Tanque,,,0.96,1.56,1.26,,1.70,5.09,3.83
23/08/2023 10:25 a. m.,Ordeño,07:53,10.79,2,,,,,0,,,0.54,0.96,0.90,,0,0,0,,5.13,5.01,5.11,VMS 3,,Tanque,,,0.90,1.38,1.32,,1.79,5.09,3.91
24/08/2023 02:18 a. m.,Ordeño,09:31,16.19,1,,,,,0,,,0.60,1.08,0.96,,0,0,0,,4.85,4.75,4.76,VMS 3,,Tanque,,,0.96,1.50,1.38,,2.73,7.61,5.85
25/08/2023 02:19 a. m.,Ordeño,09:52,10.86,1,,,TI,TI,0,,,0.60,0.00,0.96,,0,0,0,,4.71,0.00,4.75,VMS 3,,Tanque,,,1.08,0.00,1.32,,3.63,0.00,7.23
26/08/2023 02:45 a. m.,Ordeño,12:23,21.59,1,,,,,0,TI,,0.60,1.14,0.84,,0,0,0,,4.62,5.71,4.55,VMS 3,,Tanque,,,1.08,1.62,1.26,,3.47,11.37,6.75
26/08/2023 03:51 p. m.,Ordeño,07:48,8.37,2,,,TI,,0,,,0.54,0.78,0.78,,0,0,0,,4.57,4.67,4.52,VMS 3,,Tanque,,,0.96,1.26,1.20,,2.23,1.67,4.47
27/08/2023 09:59 a. m.,Ordeño,09:01,13.31,1,,,,,0,,,0.66,1.02,0.90,,0,0,0,,4.79,4.88,4.66,VMS 3,,Tanque,,,1.02,1.44,1.38,,2.91,4.18,6.22
28/08/2023 11:56 a. m.,Ordeño,07:50,13.47,1,,,,,0,,,0.54,1.08,0.90,,0,0,0,,4.89,4.86,4.84,VMS 3,,Tanque,,,0.90,1.50,1.20,,2.46,5.89,5.12
29/08/2023 01:14 a. m.,Ordeño,08:08,11.21,1,,,,,0,,,0.54,0.90,0.84,,0,0,0,,4.60,4.93,4.42,VMS 3,,Tanque,,,0.90,1.32,1.20,,1.94,5.05,4.22
29/08/2023 09:46 a. m.,Ordeño,07:17,8.66,2,,,,,0,,,0.48,0.84,0.78,,0,0,0,,4.67,4.86,4.59,VMS 3,,Tanque,,,0.78,1.26,1.02,,1.57,3.83,3.26
29/08/2023 10:48 p. m.,Ordeño,08:54,11.92,3,,,,,0,,,0.48,0.90,0.84,,0,0,0,,4.55,4.69,4.59,VMS 3,,Tanque,,,0.78,1.62,1.20,,1.99,5.56,4.37
30/08/2023 09:15 a. m.,Ordeño,06:53,10.31,1,,,,,0,,,0.48,1.08,0.84,,0,0,0,,4.47,4.49,4.41,VMS 3,,Tanque,,,0.84,1.44,1.26,,1.77,4.79,3.75
30/08/2023 11:07 p. m.,Ordeño,09:10,12.71,2,,,,,0,,,0.54,0.90,0.84,,0,0,0,,4.68,4.38,4.67,VMS 3,,Tanque,,,0.84,1.50,1.26,,2.12,5.96,4.63
31/08/2023 12:40 p. m.,Ordeño,08:52,14.54,1,,,,,0,,,0.66,1.08,1.02,,0,0,0,,4.62,4.17,4.49,VMS 3,,Tanque,,,1.02,1.62,1.44,,2.49,7.02,5.03
01/09/2023 03:55 a. m.,Ordeño,09:25,12.86,1,,,,,0,,,0.54,0.90,0.90,,0,0,0,,4.26,4.13,4.15,VMS 3,,Tanque,,,0.78,1.38,1.32,,2.21,6.09,4.56
01/09/2023 06:53 p. m.,Ordeño,10:20,13.87,2,,,,,0,,,0.60,0.90,0.96,,0,0,0,,4.29,4.16,4.18,VMS 3,,Tanque,,,1.02,1.44,1.44,,2.39,6.52,4.96
02/09/2023 10:15 a. m.,Ordeño,09:03,13.99,1,,,,,0,TI,,0.60,1.02,0.90,,0,0,0,,4.30,5.00,4.11,VMS 3,,Tanque,,,0.96,1.44,1.56,,2.36,6.58,5.05
03/09/2023 07:56 p. m.,Ordeño,09:33,14.24,2,,,,,0,,,0.48,0.96,0.78,,0,0,0,,4.56,4.55,4.44,VMS 3,,Tanque,,,0.72,1.38,1.20,,2.33,7.00,4.91
04/09/2023 12:17 p. m.,Ordeño,08:20,14.70,1,,,,,0,,,0.60,1.20,1.02,,0,0,0,,4.64,4.44,4.51,VMS 3,,Tanque,,,0.90,1.56,1.32,,2.44,7.11,5.15
05/09/2023 12:57 a. m.,Ordeño,06:55,8.73,1,,,,,0,,,0.48,0.96,0.84,,0,0,0,,4.36,4.17,4.22,VMS 3,,Tanque,,,0.90,1.38,1.32,,1.45,4.23,3.05
05/09/2023 03:41 p. m.,Ordeño,08:59,14.39,2,,,,,0,,,0.54,1.08,0.90,,0,0,0,,5.05,4.75,4.83,VMS 3,,Tanque,,,0.78,1.44,1.50,,2.41,6.88,5.10
06/09/2023 03:49 a. m.,Ordeño,08:08,11.13,1,,,,,0,,,0.60,0.96,0.90,,0,0,0,,4.65,4.40,4.52,VMS 3,,Tanque,,,0.96,1.44,1.50,,1.78,5.42,3.93
06/09/2023 06:52 p. m.,Ordeño,09:59,13.39,2,,,,,0,,,0.60,0.90,0.84,,0,0,0,,4.79,4.48,4.59,VMS 3,,Tanque,,,1.02,1.26,1.26,,2.31,6.35,4.73
07/09/2023 08:15 a. m.,Ordeño,09:40,12.20,1,,,,,0,,,0.60,0.84,0.78,,0,0,0,,4.52,4.32,4.38,VMS 3,,Tanque,,,0.96,1.20,1.20,,2.02,5.85,4.33
08/09/2023 03:41 a. m.,Ordeño,11:02,16.90,1,,,,,0,,,0.66,0.96,0.84,,0,0,0,,4.96,4.75,4.86,VMS 3,,Tanque,,,0.96,1.38,1.20,,2.81,8.16,5.93
10/09/2023 05:33 a. m.,Ordeño,08:32,10.35,1,,,,,0,,,0.54,0.84,0.84,,0,0,0,,4.58,4.31,4.39,VMS 3,,Tanque,,,0.96,1.32,1.20,,1.78,4.91,3.66
10/09/2023 07:14 p. m.,Ordeño,08:46,11.99,2,,,,,0,,,0.60,0.90,0.78,,0,0,0,,4.62,4.49,4.48,VMS 3,,Tanque,,,1.14,1.26,1.20,,2.03,5.69,4.27
11/09/2023 10:01 a. m.,Ordeño,07:33,10.79,1,,,,,0,,,0.48,1.02,0.90,,0,0,0,,4.58,4.49,4.48,VMS 3,,Tanque,,,0.84,1.38,1.26,,1.87,5.20,3.72
11/09/2023 08:35 p. m.,Ordeño,06:27,6.71,2,,,,,0,,,0.54,0.90,0.78,,0,0,0,,4.51,4.52,4.47,VMS 3,,Tanque,,,0.84,1.26,1.02,,1.01,3.22,2.48
12/09/2023 12:26 p. m.,Ordeño,09:10,12.85,1,,,,,0,,,0.54,0.96,0.78,,0,0,0,,4.95,4.71,4.77,VMS 3,,Tanque,,,0.90,1.44,1.20,,2.20,6.29,4.36
13/09/2023 06:37 p. m.,Ordeño,07:28,9.20,2,,,,,0,,,0.54,1.02,0.78,,0,0,0,,4.67,4.27,4.24,VMS 3,,Tanque,,,0.84,1.50,1.14,,1.53,4.49,3.18
14/09/2023 09:29 a. m.,Ordeño,09:15,12.21,1,,,,,0,,,0.54,0.96,0.96,,0,0,0,,4.73,4.40,4.57,VMS 3,,Tanque,,,0.96,1.32,1.26,,1.91,6.01,4.29
15/09/2023 01:34 a. m.,Ordeño,09:22,12.29,1,,,,,0,,,0.54,0.90,0.84,,0,0,0,,4.67,4.49,4.57,VMS 3,,Tanque,,,0.90,1.56,1.20,,2.08,5.81,4.40
16/09/2023 06:44 p. m.,Ordeño,12:31,22.60,1,,,,,0,,,0.60,1.08,0.96,,0,0,0,,5.52,5.92,6.11,VMS 3,,Tanque,,,1.02,1.50,1.50,,3.89,10.98,7.73
17/09/2023 07:03 a. m.,Ordeño,05:18,4.37,1,,,"TI,TD",,0,,,0.36,0.78,0.72,,380,0,0,,4.29,4.28,4.54,VMS 3,,Tanque,,,0.66,1.02,1.08,,0.90,1.88,1.59
17/09/2023 01:05 p. m.,Ordeño,04:57,2.78,2,,,"TI,TD",,0,,,0.42,0.60,0.66,,0,0,0,,5.05,4.96,5.26,VMS 3,,Tanque,,,0.72,1.02,1.14,,0.55,1.13,1.10
17/09/2023 11:58 p. m.,Ordeño,06:03,7.22,1,,,,,0,,,0.42,0.90,0.84,,0,0,0,,5.05,5.11,5.15,VMS 3,,Tanque,,,0.66,1.26,1.26,,1.22,3.50,2.50
18/09/2023 04:59 p. m.,Ordeño,10:32,13.44,2,,,,,0,,,0.60,0.84,0.90,,0,0,0,,5.27,5.08,5.36,VMS 3,,Tanque,,,1.02,1.20,1.26,,2.38,6.38,4.68
20/09/2023 12:13 a. m.,Ordeño,08:52,10.12,1,,,,,0,,,0.54,0.78,0.90,,0,0,0,,4.80,4.52,4.78,VMS 3,,Tanque,,,0.72,1.14,1.26,,1.62,4.88,3.62
20/09/2023 01:48 p. m.,Ordeño,09:14,10.93,2,,,,,0,,,0.54,0.78,0.90,,0,0,0,,5.00,4.78,4.94,VMS 3,,Tanque,,,0.84,1.20,1.20,,1.84,5.10,3.99
21/09/2023 12:30 a. m.,Ordeño,07:38,8.36,1,,,,,0,,,0.60,0.84,0.90,,0,0,0,,4.71,4.47,4.54,VMS 3,,Tanque,,,0.96,1.20,1.32,,1.36,4.00,3.00
21/09/2023 01:33 p. m.,Ordeño,08:31,11.18,2,,,,,0,,,0.54,0.90,0.96,,0,0,0,,4.79,4.65,4.83,VMS 3,,Tanque,,,0.84,1.32,1.26,,1.92,5.30,3.96
22/09/2023 03:38 a. m.,Ordeño,08:57,11.69,1,,,,,0,,,0.60,0.90,0.78,,0,0,0,,4.69,4.43,4.53,VMS 3,,Tanque,,,1.02,1.44,1.14,,1.90,5.56,4.23
22/09/2023 04:37 p. m.,Ordeño,07:39,9.35,2,,,,,0,,,0.60,0.90,0.78,,0,0,0,,4.77,4.59,4.54,VMS 3,,Tanque,,,0.96,1.20,1.14,,1.60,4.43,3.32
23/09/2023 07:06 a. m.,Ordeño,07:48,10.93,1,,,,,0,,,0.48,0.96,0.90,,0,0,0,,4.61,4.37,4.33,VMS 3,,Tanque,,,0.78,1.38,1.20,,1.81,5.27,3.85
04/12/2023 08:39 a. m.,Ordeño,14:14,25.86,1,,,,,0,"DI,DD,TI",0.84,1.02,1.14,1.02,7726,2701,1365,361,4.64,4.90,5.12,4.49,VMS 3,,Divert 3,,1.26,1.68,1.62,1.38,1.53,4.41,10.48,9.44
06/12/2023 03:37 a. m.,Ordeño,10:58,8.45,1,,,,,0,DI,0.54,0.66,0.96,0.96,7730,0,0,0,4.61,4.81,4.85,4.96,VMS 3,,Divert 3,,1.02,1.02,1.32,1.32,0.57,1.45,3.42,3.01
06/12/2023 03:18 p. m.,Ordeño,10:00,13.16,2,,,,,0,DI,0.60,0.78,1.08,1.08,1820,0,0,0,4.50,4.84,4.84,4.85,VMS 3,,Divert 3,,0.90,1.14,1.50,1.50,0.79,2.37,5.14,4.86
06/12/2023 10:44 p. m.,Ordeño,08:20,8.52,3,,,,,0,DI,0.54,0.72,1.08,1.02,2121,0,0,0,4.54,4.59,4.71,4.84,VMS 3,,Divert 3,,0.96,1.08,1.44,1.38,0.59,1.49,3.44,3.00
07/12/2023 08:07 a. m.,Ordeño,06:01,10.46,1,,,,,0,DI,0.42,0.78,1.08,1.14,1922,0,0,0,4.62,4.65,4.86,4.89,VMS 3,,Divert 3,,0.84,1.50,1.50,1.56,0.57,1.95,4.21,3.73
07/12/2023 05:19 p. m.,Ordeño,08:44,11.35,2,,,,,0,DI,0.60,0.72,0.96,0.96,1220,0,0,0,4.62,4.76,4.78,4.81,VMS 3,,Divert 3,,0.96,1.08,1.32,1.26,0.74,2.03,4.54,4.04
08/12/2023 03:38 a. m.,Ordeño,10:01,12.59,1,,,,,0,DI,0.66,0.72,0.96,1.02,1022,0,0,0,4.79,4.67,4.72,4.65,VMS 3,,Divert 3,,1.08,1.08,1.38,1.50,0.82,2.33,5.00,4.44
08/12/2023 06:42 p. m.,Ordeño,10:09,17.74,2,,,,,0,DI,0.66,0.78,1.02,1.02,1954,0,0,0,5.16,4.91,4.84,4.86,VMS 3,,Divert 3,,1.02,1.26,1.50,1.38,1.03,3.21,7.15,6.35
09/12/2023 04:47 a. m.,Ordeño,09:18,12.40,1,,,,,0,,0.54,0.66,0.90,0.90,409,0,0,0,4.57,4.58,4.57,4.43,VMS 3,,Divert 3,,0.84,0.96,1.26,1.26,0.84,2.27,4.99,4.30
09/12/2023 12:44 p. m.,Ordeño,10:35,10.75,2,,,,,0,,0.54,0.60,0.90,0.84,309,0,0,0,4.33,4.57,4.64,3.81,VMS 3,,Tanque,,0.78,1.08,1.26,1.44,0.63,1.83,4.08,4.21
10/12/2023 04:20 a. m.,Ordeño,16:47,15.33,1,,,DD,DD,0,,0.60,0.00,0.96,0.84,417,0,0,0,4.46,0.00,4.74,4.55,VMS 3,,Tanque,,1.32,0.00,1.56,1.32,1.17,0.00,7.41,6.75
10/12/2023 08:24 p. m.,Ordeño,07:40,9.06,3,,,,,0,DI,0.66,0.60,1.02,0.96,618,0,0,0,4.24,4.61,4.71,4.74,VMS 3,,Divert 3,Sangre por pezón por encima del umbral,1.26,1.26,1.38,1.50,0.62,1.37,3.62,3.45
11/12/2023 10:04 a. m.,Ordeño,10:15,19.87,1,,,,,0,,0.60,0.66,1.14,1.08,0,0,0,0,4.63,5.15,5.07,5.25,VMS 3,,Tanque,,1.26,0.96,1.74,1.62,1.23,3.09,8.22,7.33
11/12/2023 03:39 p. m.,Ordeño,06:43,8.79,2,,,,,0,,0.54,0.72,0.96,1.02,0,0,0,0,4.37,4.80,4.72,4.74,VMS 3,,Tanque,,1.02,1.08,1.38,1.38,0.59,1.39,3.66,3.15
12/12/2023 12:13 a. m.,Ordeño,14:01,12.69,1,,,,,0,,0.60,0.66,1.02,1.02,0,0,0,0,4.32,4.79,5.01,4.98,VMS 3,,Tanque,,1.14,1.26,1.68,1.62,0.87,2.14,5.06,4.62
12/12/2023 09:45 a. m.,Ordeño,19:01,9.03,2,,,TD,TD,0,,0.60,0.66,0.84,0.00,0,0,0,0,4.34,4.82,4.70,0.00,VMS 3,,Tanque,,1.02,1.08,1.44,0.00,1.01,2.51,5.51,0.00
12/12/2023 03:24 p. m.,Ordeño,10:46,15.81,3,,,,,0,,0.54,0.72,1.08,1.14,0,0,0,0,4.54,4.82,4.77,5.29,VMS 3,,Tanque,,0.90,1.02,1.68,1.80,0.59,1.54,5.06,8.62
13/12/2023 04:35 a. m.,Ordeño,12:00,21.11,1,,,,,0,,0.60,0.78,1.02,1.14,0,0,0,0,4.47,4.88,5.00,4.95,VMS 3,,Tanque,,1.14,1.44,1.50,1.86,1.31,3.59,8.87,7.34
13/12/2023 01:01 p. m.,Ordeño,16:44,12.43,2,,,,,0,,0.60,0.78,0.84,0.96,0,0,0,0,4.39,4.92,4.91,4.88,VMS 3,,Tanque,,1.02,1.14,1.20,1.50,0.91,2.39,4.81,4.32
14/12/2023 12:47 a. m.,Ordeño,13:45,11.39,1,,,TI,TI,0,,0.60,0.84,0.00,1.02,0,0,0,0,4.64,4.97,0.00,4.90,VMS 3,,Tanque,,1.20,1.20,0.00,1.38,1.20,3.27,0.00,6.92
14/12/2023 05:11 a. m.,Ordeño,07:05,5.38,2,,,TI,TI,0,,0.54,0.72,0.00,0.96,0,0,0,0,4.26,4.76,0.00,4.49,VMS 3,,Tanque,,0.96,1.08,0.00,1.32,0.56,1.66,0.00,3.16
14/12/2023 07:46 p. m.,Ordeño,07:59,12.53,4,,,,,0,,0.54,0.72,0.96,0.96,0,0,0,0,4.64,4.76,5.01,4.89,VMS 3,,Tanque,,0.78,1.08,1.38,1.38,0.82,2.20,4.90,4.61
15/12/2023 05:12 a. m.,Ordeño,09:43,14.27,1,,,,,0,,0.54,0.72,0.96,0.96,0,0,0,0,4.70,4.90,5.17,4.99,VMS 3,,Tanque,,0.84,1.08,1.44,1.38,0.96,2.82,4.37,6.12
15/12/2023 12:12 p. m.,Ordeño,11:38,12.41,2,,,,,0,,0.48,0.72,0.90,1.02,0,0,0,0,4.75,4.89,5.26,5.08,VMS 3,,Tanque,,0.78,0.96,1.32,1.50,0.91,2.44,4.20,4.86
15/12/2023 08:17 p. m.,Ordeño,09:13,8.46,3,,,TD,TD,0,DI,0.60,0.78,1.08,0.00,1280,0,0,0,4.63,4.82,5.34,0.00,VMS 3,,Divert 3,Sangre por pezón por encima del umbral,0.90,1.14,1.68,0.00,0.86,2.63,4.97,0.00
16/12/2023 12:14 p. m.,Ordeño,11:17,18.45,2,,,,,0,,0.66,0.72,1.20,1.02,0,0,0,0,4.82,4.82,5.24,4.88,VMS 3,,Tanque,,0.96,1.08,1.74,1.38,1.15,3.29,7.01,7.00
16/12/2023 09:23 p. m.,Ordeño,10:15,15.10,3,,,,,0,,0.48,0.72,0.96,0.96,0,0,0,0,4.49,4.69,4.90,4.75,VMS 3,,Tanque,,0.78,1.20,1.50,1.38,0.90,2.66,6.10,5.44
17/12/2023 03:56 a. m.,Ordeño,09:34,12.79,1,,,,,0,,0.48,0.66,0.96,0.96,0,0,0,0,4.33,4.83,5.00,4.94,VMS 3,,Tanque,,0.72,1.02,1.32,1.44,0.77,2.23,5.05,4.74
17/12/2023 11:39 a. m.,Ordeño,14:20,14.84,2,,,,,0,,0.48,0.66,1.02,1.02,0,0,0,0,4.48,4.82,5.01,5.12,VMS 3,,Tanque,,0.90,1.14,1.38,1.62,0.96,2.74,6.00,5.14
17/12/2023 11:21 p. m.,Ordeño,10:53,21.21,3,,,,,0,,0.48,0.72,1.08,1.02,0,0,0,0,4.48,4.60,4.94,4.80,VMS 3,,Tanque,,0.72,1.32,1.56,1.44,1.11,3.54,8.29,8.27
18/12/2023 05:56 a. m.,Ordeño,08:28,12.12,1,,,,,0,,0.48,0.60,1.02,0.90,0,0,0,0,4.18,4.39,4.59,4.53,VMS 3,,Tanque,,0.72,0.84,1.44,1.20,0.79,2.09,4.77,4.47
18/12/2023 05:27 p. m.,Ordeño,11:45,20.87,2,,,,,0,,0.54,0.66,1.08,1.02,0,0,0,0,4.57,4.68,4.97,4.94,VMS 3,,Tanque,,0.78,1.32,1.56,1.44,1.14,3.50,8.50,7.73
19/12/2023 12:54 a. m.,Ordeño,12:17,9.42,1,,,TD,TD,0,,0.48,0.72,0.96,0.00,0,0,0,0,4.28,4.48,4.59,0.00,VMS 3,,Tanque,,0.78,1.14,1.56,0.00,0.94,2.60,5.88,0.00
19/12/2023 07:02 a. m.,Ordeño,11:18,16.35,2,,,,,0,TD,0.42,0.66,0.96,1.08,0,0,0,0,4.01,4.35,4.53,4.87,VMS 3,,Tanque,,0.66,0.96,1.32,1.62,0.64,1.94,4.82,8.95
19/12/2023 01:56 p. m.,Ordeño,09:47,13.98,3,,,,,0,,0.48,0.66,0.90,0.90,0,0,0,0,4.42,4.68,4.77,4.56,VMS 3,,Tanque,,0.72,1.08,1.38,1.26,0.85,2.38,5.51,5.24
19/12/2023 08:45 p. m.,Ordeño,09:47,13.70,4,,,,,0,,0.48,0.66,1.02,0.96,0,0,0,0,4.36,4.55,4.79,4.66,VMS 3,,Tanque,,0.72,0.90,1.56,1.50,0.78,2.34,5.55,5.03
20/12/2023 02:44 a. m.,Ordeño,09:24,12.20,1,,,,,0,,0.42,0.60,0.90,0.84,0,0,0,0,4.21,4.62,4.79,4.81,VMS 3,,Tanque,,0.78,0.96,1.38,1.20,0.70,2.02,4.95,4.53
20/12/2023 01:55 p. m.,Ordeño,12:04,24.19,2,,,,,0,,0.60,0.72,1.14,1.08,0,0,0,0,4.60,4.69,4.75,2.88,VMS 3,,Tanque,,0.90,1.08,1.62,1.62,1.23,3.62,8.99,10.35
21/12/2023 03:08 a. m.,Ordeño,12:18,25.35,1,,,,,0,TD,0.54,0.78,1.08,0.96,0,0,0,0,4.46,4.47,4.62,5.28,VMS 3,,Tanque,,0.90,1.20,1.44,1.44,1.51,4.22,10.21,9.41
21/12/2023 10:57 a. m.,Ordeño,09:28,15.55,2,,,,,0,,0.48,0.72,0.96,0.96,0,0,0,0,4.27,4.39,4.44,4.78,VMS 3,,Tanque,,0.66,1.08,1.32,1.32,0.95,2.60,6.23,5.77
21/12/2023 07:13 p. m.,Ordeño,08:47,15.52,3,,,,,0,,0.54,0.66,1.08,0.96,0,0,0,0,4.28,4.49,4.65,4.86,VMS 3,,Tanque,,0.78,0.96,1.56,1.32,0.83,2.62,6.27,5.80
22/12/2023 01:20 a. m.,Ordeño,07:32,11.23,1,,,,,0,TD,0.42,0.54,1.02,0.84,0,0,0,0,4.02,4.32,4.60,4.81,VMS 3,,Tanque,,0.66,0.96,1.44,1.20,0.65,1.89,4.59,4.10
22/12/2023 09:20 a. m.,Ordeño,11:17,10.38,2,,,TD,TD,0,,0.42,0.72,1.08,0.00,0,0,0,0,4.46,4.59,4.74,0.00,VMS 3,,Tanque,,0.66,1.08,1.56,0.00,0.93,2.80,6.65,0.00
22/12/2023 01:04 p. m.,Ordeño,11:45,12.59,3,,,,,0,TD,0.36,0.66,0.96,0.84,0,0,0,0,4.20,4.46,4.69,5.22,VMS 3,,Tanque,,0.60,1.08,1.44,1.32,0.37,1.37,3.42,7.43
22/12/2023 09:17 p. m.,Ordeño,11:12,17.90,4,,,,,0,,0.42,0.66,1.08,0.96,0,0,0,0,4.42,4.67,4.83,4.70,VMS 3,,Tanque,,0.66,1.14,1.56,1.44,0.95,2.91,6.97,7.07
23/12/2023 03:37 a. m.,Ordeño,11:23,13.84,1,,,,,0,,0.48,0.66,1.20,0.84,0,0,0,0,4.36,4.82,4.82,4.69,VMS 3,,Tanque,,0.72,1.02,1.62,1.32,0.81,2.42,5.82,4.79
23/12/2023 11:04 a. m.,Ordeño,09:24,16.26,2,,,,,0,,0.48,0.66,1.14,0.90,0,0,0,0,4.29,4.55,4.76,4.70,VMS 3,,Tanque,,0.72,1.08,1.56,1.26,0.88,2.67,6.73,5.98
23/12/2023 09:40 p. m.,Ordeño,10:21,19.92,3,,,,,0,,0.48,0.66,1.14,0.96,0,0,0,0,4.49,4.61,4.75,4.84,VMS 3,,Tanque,,0.78,1.08,1.62,1.38,1.07,3.32,8.27,7.26
24/12/2023 04:56 a. m.,Ordeño,09:18,15.87,1,,,,,0,,0.48,0.66,1.20,1.08,0,0,0,0,4.48,4.61,4.78,4.75,VMS 3,,Tanque,,0.72,1.02,1.56,1.56,0.94,2.55,6.52,5.86
24/12/2023 06:24 p. m.,Ordeño,13:08,25.66,2,,,,,0,,0.48,0.66,1.08,0.90,0,0,0,0,4.50,4.59,4.71,4.83,VMS 3,,Tanque,,0.78,1.02,1.44,1.44,1.39,4.18,10.68,9.41
25/12/2023 07:40 a. m.,Ordeño,08:38,18.23,1,,"TI,TD",,,0,,0.48,0.78,1.08,0.96,0,0,0,0,4.48,4.66,4.77,4.92,VMS 3,,Tanque,,0.72,1.38,1.50,1.44,1.41,4.23,6.49,6.10
25/12/2023 08:41 p. m.,Ordeño,13:56,29.84,2,,,,,0,,0.48,0.66,1.20,0.96,0,0,0,0,4.46,4.62,4.99,4.96,VMS 3,,Tanque,,0.66,1.14,1.74,1.56,1.36,4.42,13.49,10.57
26/12/2023 02:55 a. m.,Ordeño,10:21,15.64,1,,,,,0,,0.48,0.66,1.02,0.90,0,0,0,0,4.40,4.53,4.58,4.58,VMS 3,,Tanque,,0.72,1.14,1.44,1.38,0.97,2.52,6.00,6.15
26/12/2023 08:11 a. m.,Ordeño,06:51,10.39,2,,,,,0,,0.36,0.54,1.02,0.90,0,0,0,0,4.12,4.61,4.71,4.71,VMS 3,,Tanque,,0.60,0.84,1.44,1.26,0.67,1.78,4.07,3.87
26/12/2023 03:41 p. m.,Ordeño,07:50,15.12,3,,,,,0,,0.42,0.66,1.14,1.08,0,0,0,0,4.32,4.67,4.92,4.98,VMS 3,,Tanque,,0.78,1.08,1.56,1.44,0.76,2.76,6.06,5.54
26/12/2023 08:57 p. m.,Ordeño,07:20,10.15,4,,,,,0,,0.42,0.66,0.96,0.84,0,0,0,0,4.36,4.61,4.84,5.01,VMS 3,,Tanque,,0.60,1.02,1.32,1.14,0.62,1.69,4.14,3.70
27/12/2023 07:32 a. m.,Ordeño,10:07,21.82,1,,,,,0,,0.42,0.72,1.26,1.14,0,0,0,0,4.56,4.89,5.05,5.27,VMS 3,,Tanque,,0.66,1.14,1.68,1.68,1.18,3.73,8.89,8.02
27/12/2023 08:43 p. m.,Ordeño,11:53,25.95,2,,,,,0,,0.48,0.78,1.20,1.02,0,0,0,0,4.61,4.82,4.98,5.15,VMS 3,,Tanque,,0.78,1.14,1.74,1.62,1.39,4.33,10.70,9.53
28/12/2023 08:18 a. m.,Ordeño,11:29,23.38,1,,,,,0,,0.48,0.66,1.08,0.96,0,0,0,0,4.55,4.61,4.92,4.95,VMS 3,,Tanque,,0.90,1.02,1.62,1.50,1.32,3.91,9.48,8.67
28/12/2023 04:00 p. m.,Ordeño,08:52,15.32,2,,,,,0,,0.48,0.66,1.02,0.96,0,0,0,0,4.35,4.58,4.62,4.68,VMS 3,,Tanque,,0.72,0.96,1.50,1.38,0.85,2.41,6.34,5.72
29/12/2023 08:27 a. m.,Ordeño,13:35,30.86,1,,,,,0,,0.48,0.66,1.20,1.08,0,0,0,0,4.57,4.70,4.83,4.99,VMS 3,,Tanque,,0.78,0.96,1.74,1.44,1.54,5.09,12.87,11.36
29/12/2023 08:34 p. m.,Ordeño,11:42,22.43,2,,,,,0,,0.42,0.66,1.08,1.02,0,0,0,0,4.36,4.55,4.70,4.68,VMS 3,,Tanque,,0.66,1.08,1.56,1.44,1.21,3.56,9.32,8.34
30/12/2023 02:37 a. m.,Ordeño,09:00,13.52,1,,,,,0,,0.36,0.60,0.96,0.90,0,0,0,0,4.09,4.43,4.48,4.55,VMS 3,,Tanque,,0.66,0.90,1.32,1.32,0.74,2.15,5.63,5.00
30/12/2023 04:06 p. m.,Ordeño,12:07,25.43,2,,,,,0,,0.48,0.72,1.14,1.02,0,0,0,0,4.55,4.79,4.91,4.99,VMS 3,,Tanque,,0.78,1.14,1.80,1.56,1.30,4.14,10.49,9.50
30/12/2023 11:09 p. m.,Ordeño,08:26,15.35,3,,,,,0,,0.42,0.60,1.14,0.96,0,0,0,0,4.29,4.56,4.56,4.67,VMS 3,,Tanque,,0.66,0.90,1.80,1.38,0.89,2.37,6.45,5.64
31/12/2023 02:48 p. m.,Ordeño,13:59,26.42,1,,,,,0,,0.42,0.66,1.02,0.84,0,0,0,0,4.63,4.77,4.96,5.06,VMS 3,,Tanque,,0.72,0.90,1.56,1.50,1.34,4.48,11.22,9.38
01/01/2024 03:31 a. m.,Ordeño,13:26,27.39,1,,,,,0,,0.48,0.66,1.20,1.02,0,0,0,0,4.43,4.63,4.82,4.81,VMS 3,,Tanque,,0.84,1.20,1.68,1.50,1.31,4.38,10.92,10.78
01/01/2024 12:31 p. m.,Ordeño,10:20,18.99,2,,,,,0,,0.48,0.72,1.02,1.14,0,0,0,0,4.48,4.57,4.70,4.67,VMS 3,,Tanque,,0.72,1.14,1.50,1.50,1.01,3.13,7.64,7.21
01/01/2024 11:17 p. m.,Ordeño,12:03,19.52,3,,,,,0,,0.48,0.66,1.08,0.96,0,0,0,0,4.62,4.73,4.95,5.06,VMS 3,,Tanque,,0.78,0.96,1.74,1.38,1.02,3.11,8.16,7.23
02/01/2024 01:42 p. m.,Ordeño,13:06,29.59,1,,,,,0,,0.48,0.66,1.26,1.08,0,0,0,0,4.95,4.97,5.19,5.32,VMS 3,,Tanque,,0.78,1.20,1.80,1.50,1.45,4.76,12.32,11.06
03/01/2024 02:23 a. m.,Ordeño,12:10,25.62,1,,,,,0,,0.48,0.66,1.14,1.02,0,0,0,0,4.82,4.84,5.01,5.04,VMS 3,,Tanque,,0.72,1.02,1.62,1.38,1.32,4.10,10.76,9.44
03/01/2024 09:12 a. m.,Ordeño,08:27,15.59,2,,,,,0,,0.42,0.60,1.14,0.96,0,0,0,0,4.47,4.62,4.81,4.79,VMS 3,,Tanque,,0.66,1.02,1.56,1.32,0.86,2.50,6.58,5.65
04/01/2024 01:11 a. m.,Ordeño,13:50,28.39,1,,,,,0,,0.42,0.72,1.14,0.90,0,0,0,0,4.94,4.95,5.16,5.19,VMS 3,,Tanque,,0.72,1.08,1.80,1.44,1.37,4.66,12.15,10.21
04/01/2024 12:38 p. m.,Ordeño,10:48,23.30,2,,,,,0,,0.48,0.72,1.26,1.08,0,0,0,0,4.82,4.91,4.98,5.06,VMS 3,,Tanque,,0.72,1.02,1.86,1.50,1.18,3.66,9.99,8.47
04/01/2024 09:24 p. m.,Ordeño,09:53,16.80,3,,,,,0,,0.36,0.60,1.08,0.90,0,0,0,0,4.53,4.68,4.74,4.87,VMS 3,,Tanque,,0.60,0.90,1.44,1.32,0.80,2.60,7.33,6.07
05/01/2024 03:09 p. m.,Ordeño,13:42,33.24,1,,,,,0,,0.42,0.72,1.32,1.08,0,0,0,0,5.13,5.07,5.20,5.37,VMS 3,,Tanque,,0.72,1.08,1.80,1.68,1.61,5.47,14.02,12.14
06/01/2024 04:29 a. m.,Ordeño,12:51,25.60,1,,,,,0,,0.42,0.66,1.08,0.96,0,0,0,0,4.64,4.83,4.91,5.05,VMS 3,,Tanque,,0.66,1.02,1.50,1.38,1.23,4.10,10.90,9.37
06/01/2024 12:14 p. m.,Ordeño,08:30,15.43,2,,,,,0,,0.36,0.60,1.14,0.96,0,0,0,0,4.51,4.63,4.73,4.81,VMS 3,,Tanque,,0.60,0.96,1.56,1.32,0.73,2.35,6.69,5.66
06/01/2024 11:12 p. m.,Ordeño,11:00,20.29,3,,,,,0,,0.42,0.60,1.08,1.02,0,0,0,0,4.77,5.00,5.13,5.20,VMS 3,,Tanque,,0.66,0.96,1.62,1.56,0.89,3.23,8.67,7.50
07/01/2024 03:25 p. m.,Ordeño,13:37,30.33,1,,,,,0,,0.42,0.66,1.20,1.08,0,0,0,0,4.96,5.00,5.07,5.21,VMS 3,,Tanque,,0.72,1.14,1.68,1.50,1.44,5.01,12.56,11.32
08/01/2024 07:18 a. m.,Ordeño,13:41,30.08,1,,,,,0,,0.42,0.72,1.20,1.14,0,0,0,0,4.94,4.93,4.92,5.04,VMS 3,,Tanque,,0.78,1.14,1.74,1.56,1.38,4.85,12.80,11.05
08/01/2024 08:13 p. m.,Ordeño,11:37,21.90,2,,,,,0,,0.42,0.66,1.08,1.08,0,0,0,0,4.76,4.87,4.82,5.04,VMS 3,,Tanque,,0.60,1.02,1.50,1.50,1.01,3.37,9.54,7.98
09/01/2024 03:53 a. m.,Ordeño,09:11,14.75,1,,,,,0,,0.42,0.66,1.02,0.96,0,0,0,0,4.55,4.94,4.85,5.03,VMS 3,,Tanque,,0.72,1.08,1.56,1.32,0.58,2.41,6.42,5.34
09/01/2024 11:35 a. m.,Ordeño,08:52,15.35,2,,,,,0,,0.42,0.54,1.08,1.08,0,0,0,0,5.03,5.10,5.12,5.52,VMS 3,,Tanque,,0.66,0.84,1.44,1.44,0.71,2.33,6.57,5.74
10/01/2024 01:29 a. m.,Ordeño,13:36,24.77,1,,,,,0,,0.42,0.54,1.02,0.96,0,0,0,0,5.07,5.19,5.28,5.49,VMS 3,,Tanque,,0.66,0.84,1.44,1.56,1.16,3.89,10.40,9.32
10/01/2024 06:09 p. m.,Ordeño,14:01,28.59,2,,,,,0,,0.48,0.60,1.14,0.90,0,0,0,0,5.05,4.92,5.10,5.29,VMS 3,,Tanque,,0.72,0.96,1.92,1.50,1.33,4.74,12.68,9.84
12/01/2024 03:31 p. m.,Ordeño,11:15,24.24,2,,,,,0,,0.42,0.54,1.26,1.14,0,0,0,0,5.23,4.99,5.14,5.21,VMS 3,,Tanque,,0.66,0.90,1.74,1.62,1.14,3.72,10.48,8.90
12/01/2024 11:11 p. m.,Ordeño,08:40,15.23,3,,,,,0,,0.36,0.60,1.14,1.02,0,0,0,0,5.10,4.98,5.15,5.27,VMS 3,,Tanque,,0.60,0.96,1.56,1.44,0.69,2.33,6.83,5.38
13/01/2024 11:06 a. m.,Ordeño,10:53,21.64,1,,,,,0,,0.42,0.72,1.08,1.20,0,0,0,0,5.37,5.63,5.49,6.02,VMS 2,,Tanque,,0.60,1.08,1.44,1.86,0.89,3.41,9.14,8.20
14/01/2024 11:55 a. m.,Ordeño,09:35,17.14,2,,,,,0,,0.42,0.54,1.02,1.02,0,0,0,0,4.89,4.83,4.92,4.99,VMS 2,,Tanque,,0.78,0.84,1.44,1.50,0.82,2.56,7.09,6.67
15/01/2024 12:57 a. m.,Ordeño,12:08,23.00,1,,,,,0,,0.42,0.60,1.02,1.02,0,0,0,0,5.28,5.15,5.16,5.46,VMS 2,,Tanque,,0.78,1.02,1.44,1.44,1.03,3.65,9.57,8.75
16/01/2024 04:35 a. m.,Ordeño,12:09,21.10,1,,,DI,DI,0,,0.00,0.60,1.08,1.02,0,0,0,0,0.00,4.76,4.94,4.98,VMS 2,,Tanque,,0.00,1.20,1.68,1.56,0.00,3.40,9.18,8.52
17/01/2024 02:28 a. m.,Ordeño,09:18,16.01,1,,,,,0,,0.36,0.54,1.02,1.02,0,0,0,0,4.74,4.68,4.74,4.81,VMS 2,,Tanque,,0.78,0.84,1.44,1.56,0.47,2.38,6.97,6.19
17/01/2024 11:53 a. m.,Ordeño,10:28,18.86,2,,,,,0,,0.36,0.60,1.02,1.08,0,0,0,0,5.21,5.14,5.10,5.38,VMS 2,,Tanque,,0.66,1.02,1.44,1.56,0.43,3.06,7.93,7.44
17/01/2024 11:54 p. m.,Ordeño,11:29,22.62,1,,,,,0,,0.42,0.66,1.08,1.08,0,0,0,0,5.51,5.28,5.23,5.42,VMS 2,,Tanque,,0.72,1.08,1.44,1.56,0.83,3.55,9.36,8.88
18/01/2024 10:35 a. m.,Ordeño,10:13,21.08,2,,,,,0,,0.48,0.66,1.14,1.02,0,0,0,0,5.79,5.41,5.25,5.52,VMS 2,,Tanque,,0.72,0.96,1.62,1.50,0.72,3.20,9.05,8.11
18/01/2024 08:46 p. m.,Ordeño,09:33,19.88,3,,,,,0,,0.48,0.66,1.14,1.14,0,0,0,0,5.11,4.94,5.05,5.14,VMS 2,,Tanque,,0.78,1.02,1.56,1.62,0.81,3.04,8.23,7.80
19/01/2024 04:25 a. m.,Ordeño,08:08,14.97,1,,,,,0,,0.36,0.48,1.14,1.08,0,0,0,0,5.16,4.86,5.03,5.17,VMS 2,,Tanque,,0.66,0.84,1.74,1.62,0.41,2.26,6.36,5.94
19/01/2024 10:05 a. m.,Ordeño,07:34,12.61,2,,,,,0,,0.42,0.48,1.14,0.96,0,0,0,0,4.97,4.73,4.91,4.95,VMS 2,,Tanque,,0.66,0.90,1.50,1.38,0.52,1.82,5.34,4.93
19/01/2024 07:09 p. m.,Ordeño,08:59,16.49,3,,,,,0,,0.36,0.54,1.08,0.96,0,0,0,0,5.26,5.14,5.30,5.54,VMS 2,,Tanque,,0.78,0.84,1.44,1.38,0.61,2.57,6.81,6.50
20/01/2024 03:31 a. m.,Ordeño,08:54,16.50,1,,,,,0,,0.36,0.60,1.02,1.02,0,0,0,0,5.01,4.94,5.16,5.26,VMS 2,,Tanque,,0.54,0.90,1.44,1.44,0.54,2.66,6.65,6.65
20/01/2024 07:04 p. m.,Ordeño,13:37,31.03,2,,,,,0,,0.42,0.66,1.20,1.20,0,0,0,0,5.44,5.47,5.45,5.82,VMS 2,,Divert 3,Sangre por pezón por encima del umbral,0.72,1.08,1.56,1.68,1.21,4.94,13.02,11.86
21/01/2024 04:21 a. m.,Ordeño,12:30,10.17,1,,,TI,"DI,TI",0,,0.00,0.60,0.00,1.02,0,0,0,0,0.00,4.98,0.00,4.98,VMS 2,,Tanque,,0.00,1.02,0.00,1.56,0.00,2.56,0.00,7.61
21/01/2024 03:24 p. m.,Ordeño,12:56,28.89,2,,,,,0,,0.48,0.66,1.32,1.20,0,0,0,0,5.76,4.91,5.44,5.13,VMS 2,,Divert 3,Sangre por pezón por encima del umbral,0.84,1.20,1.98,1.56,1.56,4.02,13.98,9.33
22/01/2024 11:51 a. m.,Ordeño,09:35,19.39,2,,,,,0,,0.42,0.66,1.20,1.14,0,0,0,0,4.95,4.74,4.86,4.88,VMS 2,,Tanque,,0.72,1.14,1.56,1.68,0.66,3.20,7.56,7.97
22/01/2024 08:57 p. m.,Ordeño,08:44,17.07,3,,,,,0,,0.36,0.66,1.14,1.08,0,0,0,0,4.94,4.61,4.84,4.85,VMS 2,,Tanque,,0.60,1.08,1.62,1.56,0.64,2.80,6.89,6.74
23/01/2024 04:44 a. m.,Ordeño,08:40,15.74,1,,,,,0,,0.36,0.66,1.14,1.08,0,0,0,0,4.67,4.89,5.11,5.23,VMS 2,,Tanque,,0.60,1.14,1.50,1.56,0.61,2.50,6.37,6.26
23/01/2024 01:57 p. m.,Ordeño,09:14,19.03,2,,,,,0,,0.42,0.60,1.26,1.08,0,0,0,0,5.08,5.01,5.18,5.37,VMS 2,,Tanque,,0.60,0.96,1.68,1.50,0.70,3.06,7.91,7.36
24/01/2024 12:14 a. m.,Ordeño,09:58,19.85,1,,,,,0,,0.36,0.60,1.08,1.02,0,0,0,0,4.62,4.69,4.85,4.86,VMS 2,,Tanque,,0.54,0.96,1.50,1.50,0.73,3.28,8.20,7.64
24/01/2024 11:24 a. m.,Ordeño,11:20,23.83,2,,,,,0,,0.36,0.72,1.14,1.14,0,0,0,0,4.97,4.97,5.05,5.24,VMS 2,,Tanque,,0.78,1.26,1.74,1.62,0.92,3.89,9.91,9.11
24/01/2024 06:18 p. m.,Ordeño,08:51,15.84,3,,,,,0,,0.36,0.54,1.08,1.08,0,0,0,0,4.64,4.60,4.75,4.77,VMS 2,,Tanque,,0.72,0.96,1.62,1.50,0.59,2.30,6.80,6.15
25/01/2024 03:31 a. m.,Ordeño,09:44,18.16,1,,,,,0,,0.36,0.60,1.02,1.08,0,0,0,0,4.77,4.74,4.90,5.02,VMS 2,,Tanque,,0.66,1.08,1.62,1.62,0.71,2.95,7.46,7.04
25/01/2024 10:28 a. m.,Ordeño,08:44,15.99,2,,,,,0,,0.36,0.54,1.08,1.14,0,0,0,0,4.74,4.59,4.92,5.04,VMS 2,,Tanque,,0.54,0.96,1.50,1.56,0.57,2.49,6.65,6.28
26/01/2024 01:15 p. m.,Ordeño,08:59,12.02,2,,,,,0,TI,0.30,0.48,1.02,0.90,0,0,0,0,4.13,4.28,5.00,4.47,VMS 2,,Tanque,,0.48,0.84,1.38,1.32,0.37,1.45,6.65,3.55
26/01/2024 09:17 p. m.,Ordeño,07:56,13.93,3,,,,,0,,0.30,0.48,1.08,1.02,0,0,0,0,4.76,4.75,4.85,5.00,VMS 2,,Tanque,,0.54,0.90,1.56,1.44,0.64,1.91,5.95,5.43
27/01/2024 03:06 a. m.,Ordeño,07:24,11.00,1,,,,,0,,0.30,0.48,0.96,0.96,0,0,0,0,4.55,4.95,5.12,5.28,VMS 2,,Tanque,,0.54,0.90,1.32,1.38,0.38,1.53,4.57,4.52
27/01/2024 01:08 p. m.,Ordeño,10:50,18.98,2,,,,,0,,0.42,0.48,1.20,1.02,0,0,0,0,5.23,5.33,5.33,5.75,VMS 2,,Tanque,,0.78,0.90,1.86,1.56,0.95,2.57,8.23,7.23
28/01/2024 01:11 a. m.,Ordeño,10:36,22.96,1,,,,,0,,0.36,0.54,1.20,1.08,0,0,0,0,4.64,4.71,4.92,5.03,VMS 2,,Tanque,,0.66,1.02,1.56,1.68,1.01,3.37,9.71,8.87
28/01/2024 03:50 p. m.,Ordeño,11:43,25.98,2,,,,,0,TD,0.48,0.66,1.26,1.26,0,0,0,0,4.82,5.03,4.02,5.49,VMS 2,,Tanque,,0.78,1.38,1.62,1.68,1.08,3.93,11.06,9.91
31/01/2024 01:08 p. m.,Ordeño,09:25,17.28,2,,,,,0,,0.36,0.60,1.32,1.08,0,0,0,0,4.83,4.54,4.85,4.74,VMS 2,,Tanque,,0.66,1.02,1.68,1.50,0.92,1.96,8.47,5.93
01/02/2024 12:53 a. m.,Ordeño,08:37,16.62,1,,,,,0,,0.42,0.54,1.14,1.14,0,0,0,0,5.30,5.15,5.27,5.52,VMS 2,,Tanque,,0.66,0.90,1.62,1.56,0.77,2.71,6.80,6.34
01/02/2024 07:13 p. m.,Ordeño,13:05,29.85,2,,,,,0,,0.48,0.66,1.20,1.08,0,0,0,0,5.21,5.18,5.35,5.42,VMS 2,,Tanque,,0.84,1.08,1.62,1.50,1.26,5.17,12.44,10.98
02/02/2024 07:42 a. m.,Ordeño,10:30,23.11,1,,,,,0,,0.42,0.60,1.26,1.14,0,0,0,0,4.96,4.90,4.99,5.12,VMS 2,,Tanque,,0.78,1.02,1.68,1.62,0.99,3.36,9.83,8.93
03/02/2024 12:36 a. m.,Ordeño,13:22,29.73,1,,,,,0,,0.48,0.72,1.14,1.08,0,0,0,0,5.27,5.22,5.43,5.52,VMS 2,,Tanque,,0.78,1.14,1.62,1.56,1.29,4.70,12.35,11.39
03/02/2024 01:03 p. m.,Ordeño,11:28,24.62,2,,,,,0,,0.42,0.66,1.20,1.26,0,0,0,0,5.08,4.99,5.02,5.21,VMS 2,,Tanque,,0.72,1.08,1.62,1.80,1.10,3.55,10.58,9.39
04/02/2024 12:34 a. m.,Ordeño,10:51,22.93,1,,,,,0,,0.42,0.66,1.20,1.14,0,0,0,0,5.09,5.16,5.24,5.48,VMS 2,,Tanque,,0.72,1.14,1.68,1.62,0.95,3.62,9.62,8.74
04/02/2024 10:24 a. m.,Ordeño,10:30,20.12,2,,,,,0,,0.42,0.60,1.08,1.08,0,0,0,0,4.96,5.02,5.14,5.25,VMS 2,,Tanque,,0.72,0.96,1.62,1.50,0.85,3.08,8.50,7.69
04/02/2024 08:16 p. m.,Ordeño,09:46,18.86,3,,,,,0,,0.42,0.66,1.14,1.08,0,0,0,0,4.96,5.17,5.19,5.37,VMS 2,,Tanque,,0.66,1.08,1.50,1.56,0.88,2.77,7.98,7.23
05/02/2024 03:38 a. m.,Ordeño,09:01,15.31,1,,,,,0,,0.24,0.54,1.02,1.02,0,0,0,0,4.56,5.17,5.24,5.40,VMS 2,,Tanque,,0.48,0.84,1.38,1.44,0.37,2.13,6.55,6.26
05/02/2024 05:29 p. m.,Ordeño,11:07,25.84,2,,,,,0,,0.48,0.66,1.26,1.20,0,0,0,0,5.22,5.02,4.98,5.29,VMS 2,,Tanque,,0.90,1.20,1.68,1.68,1.29,4.19,10.69,9.67
06/02/2024 07:21 a. m.,Ordeño,11:25,24.23,1,,,,,0,,0.42,0.54,1.20,1.26,0,0,0,0,4.82,4.69,4.69,5.03,VMS 2,,Tanque,,0.66,1.02,1.92,1.80,0.92,3.55,10.50,9.26
06/02/2024 05:38 p. m.,Ordeño,09:10,18.58,2,,,,,0,,0.48,0.54,1.26,1.20,0,0,0,0,4.77,4.62,4.60,4.90,VMS 2,,Tanque,,0.78,1.02,1.86,1.62,0.71,2.74,8.01,7.12
07/02/2024 02:43 a. m.,Ordeño,08:11,12.76,1,,,,,0,,0.36,0.36,1.02,1.08,0,0,0,0,4.63,4.20,4.62,4.63,VMS 2,,Tanque,,0.54,0.72,1.50,1.56,0.51,1.56,5.63,5.06
07/02/2024 02:44 p. m.,Ordeño,10:17,21.63,2,,,,,0,,0.48,0.72,1.20,1.26,0,0,0,0,5.10,5.16,5.04,5.41,VMS 2,,Tanque,,0.72,1.08,1.68,1.86,0.74,3.49,9.17,8.23
07/02/2024 11:31 p. m.,Ordeño,09:12,17.72,3,,,,,0,,0.42,0.60,1.14,1.14,0,0,0,0,4.96,4.95,5.11,5.28,VMS 2,,Tanque,,0.72,0.96,1.50,1.62,0.67,2.75,7.40,6.90
08/02/2024 09:58 a. m.,Ordeño,09:51,19.16,1,,,,,0,,0.48,0.60,1.14,1.08,0,0,0,0,5.16,4.94,4.99,5.28,VMS 2,,Tanque,,0.84,0.96,1.62,1.56,0.80,2.77,8.08,7.51
08/02/2024 07:42 p. m.,Ordeño,10:18,18.43,2,,,,,0,,0.48,0.60,1.02,1.02,0,0,0,0,4.97,5.04,5.10,5.26,VMS 2,,Tanque,,0.78,1.02,1.56,1.50,0.77,2.81,7.82,7.03
09/02/2024 04:38 a. m.,Ordeño,09:39,16.54,1,,,,,0,,0.42,0.54,1.02,0.96,0,0,0,0,4.78,4.77,4.89,4.99,VMS 2,,Tanque,,0.66,1.02,1.44,1.56,0.63,2.42,7.07,6.42
09/02/2024 01:00 p. m.,Ordeño,08:55,18.72,2,,,,,0,,0.48,0.66,1.20,1.14,0,0,0,0,5.05,5.16,5.04,5.39,VMS 2,,Tanque,,0.72,1.02,1.62,1.56,0.73,2.85,7.94,7.20
10/02/2024 12:47 a. m.,Ordeño,10:43,22.63,1,,,,,0,,0.42,0.66,1.20,1.08,0,0,0,0,5.23,5.16,5.12,5.33,VMS 2,,Tanque,,0.72,1.08,1.74,1.62,0.92,3.34,9.77,8.60
10/02/2024 08:04 a. m.,Ordeño,08:17,15.66,2,,,,,0,,0.42,0.60,1.14,1.20,0,0,0,0,5.11,5.03,4.98,5.18,VMS 2,,Tanque,,0.78,1.08,1.68,1.68,0.60,2.19,6.71,6.16
10/02/2024 06:36 p. m.,Ordeño,09:32,20.08,3,,,,,0,,0.48,0.66,1.20,1.14,0,0,0,0,4.97,4.96,4.88,5.16,VMS 2,,Tanque,,0.78,1.20,1.74,1.56,0.76,3.21,8.46,7.65
11/02/2024 02:40 a. m.,Ordeño,08:16,15.04,1,,,,,0,,0.48,0.54,1.14,1.14,0,0,0,0,4.77,4.56,4.68,4.89,VMS 2,,Tanque,,0.78,1.14,1.62,1.56,0.63,2.19,6.50,5.72
11/02/2024 09:44 a. m.,Ordeño,07:54,13.12,2,,,,,0,,0.42,0.48,1.08,1.02,0,0,0,0,4.83,4.62,4.75,4.89,VMS 2,,Tanque,,0.72,0.84,1.50,1.50,0.57,1.83,5.68,5.04
11/02/2024 03:28 p. m.,Ordeño,06:29,10.47,3,,,,,0,,0.30,0.54,1.20,1.08,0,0,0,0,4.98,4.83,4.88,5.07,VMS 2,,Tanque,,0.66,0.96,1.62,1.50,0.43,1.25,4.66,4.13
12/02/2024 04:18 a. m.,Ordeño,11:08,23.64,1,,,,,0,,0.42,0.60,1.14,1.14,0,0,0,0,5.11,5.09,5.16,5.42,VMS 2,,Tanque,,0.72,1.02,1.56,1.68,0.80,3.78,9.92,9.14
12/02/2024 01:13 p. m.,Ordeño,08:58,16.63,2,,,,,0,,0.42,0.48,1.14,1.08,0,0,0,0,4.90,4.36,4.62,4.68,VMS 2,,Tanque,,0.66,0.90,1.56,1.62,0.68,2.20,7.26,6.49
12/02/2024 08:38 p. m.,Ordeño,07:53,11.18,3,,,,,0,,0.30,0.42,0.96,0.90,0,0,0,0,4.76,4.44,4.62,4.61,VMS 2,,Tanque,,0.48,0.78,1.32,1.32,0.32,1.59,4.93,4.34
13/02/2024 04:27 a. m.,Ordeño,10:00,14.94,1,,,,,0,,0.36,0.42,0.90,1.08,0,0,0,0,4.96,4.64,4.95,5.14,VMS 2,,Tanque,,0.60,0.78,1.32,1.74,0.68,1.86,6.44,5.96
13/02/2024 01:41 p. m.,Ordeño,09:04,17.36,2,,,,,0,,0.42,0.48,1.14,1.14,0,0,0,0,4.75,4.71,4.71,4.93,VMS 2,,Tanque,,0.60,0.90,1.56,1.56,0.62,2.90,7.36,6.48
13/02/2024 09:49 p. m.,Ordeño,09:06,15.17,3,,,,,0,,0.36,0.54,1.02,1.08,0,0,0,0,4.89,4.77,4.91,5.07,VMS 2,,Tanque,,0.60,0.90,1.62,1.56,0.54,2.13,6.61,5.89
14/02/2024 07:50 a. m.,Ordeño,10:01,19.95,1,,,,,0,,0.36,0.54,1.20,1.08,0,0,0,0,5.09,4.90,4.83,5.15,VMS 2,,Tanque,,0.66,0.90,1.62,1.50,0.73,2.69,8.79,7.74
14/02/2024 06:43 p. m.,Ordeño,11:29,20.88,2,,,,,0,,0.42,0.54,1.02,1.08,0,0,0,0,5.09,4.90,4.97,5.14,VMS 2,,Tanque,,0.78,0.84,1.44,1.56,0.80,2.72,9.09,8.27
15/02/2024 02:55 a. m.,Ordeño,10:33,16.24,1,,,,,0,,0.42,0.48,0.90,0.84,0,0,0,0,5.09,4.90,4.91,5.00,VMS 2,,Tanque,,0.66,0.90,1.26,1.26,0.60,2.42,7.04,6.18
15/02/2024 08:22 a. m.,Ordeño,08:05,12.17,2,,,,,0,,0.36,0.42,1.02,0.90,0,0,0,0,4.63,4.57,4.69,4.80,VMS 2,,Tanque,,0.60,0.78,1.38,1.26,0.49,1.34,5.44,4.90
15/02/2024 07:04 p. m.,Ordeño,11:26,20.08,3,,,,,0,,0.42,0.54,0.96,0.90,0,0,0,0,5.02,5.10,5.11,5.27,VMS 2,,Tanque,,0.66,0.96,1.44,1.32,0.75,3.19,8.57,7.57
16/02/2024 01:11 a. m.,Ordeño,07:56,11.76,1,,,,,0,,0.36,0.36,0.96,0.96,0,0,0,0,4.61,4.43,4.71,4.88,VMS 2,,Tanque,,0.60,0.78,1.38,1.62,0.39,1.15,5.31,4.91
16/02/2024 01:38 p. m.,Ordeño,12:22,23.18,2,,,,,0,,0.42,0.48,1.08,0.96,0,0,0,0,5.35,5.24,5.20,5.38,VMS 2,,Tanque,,0.66,0.90,1.44,1.32,0.80,3.45,9.97,8.96
16/02/2024 07:48 p. m.,Ordeño,10:12,14.59,3,,,,,0,,0.36,0.48,0.96,0.78,0,0,0,0,4.95,5.04,4.99,5.12,VMS 2,,Tanque,,0.54,0.84,1.38,1.32,0.55,2.00,6.31,5.73
17/02/2024 08:22 a. m.,Ordeño,13:08,25.07,1,,,,,0,,0.42,0.54,1.08,0.96,0,0,0,0,4.97,5.18,5.17,5.38,VMS 2,,Tanque,,0.66,0.96,1.50,1.44,0.87,3.52,10.76,9.92
17/02/2024 05:16 p. m.,Ordeño,10:25,18.89,2,,,,,0,,0.48,0.54,1.02,0.96,0,0,0,0,4.95,4.90,4.99,4.98,VMS 2,,Tanque,,0.78,0.96,1.38,1.32,0.79,2.77,7.99,7.34
18/02/2024 01:59 a. m.,Ordeño,10:13,16.42,1,,,,,0,,0.42,0.48,1.08,0.90,0,0,0,0,4.77,4.77,4.91,4.91,VMS 2,,Tanque,,0.66,0.96,1.50,1.38,0.54,2.14,7.21,6.53
18/02/2024 11:53 a. m.,Ordeño,10:12,20.36,2,,,,,0,,0.48,0.54,1.08,1.08,0,0,0,0,5.12,5.15,5.05,5.39,VMS 2,,Tanque,,0.78,0.84,1.62,1.50,0.90,3.22,8.48,7.76
19/02/2024 12:13 a. m.,Ordeño,13:06,21.72,1,,,,,0,,0.36,0.54,0.90,1.08,0,0,0,0,4.84,4.76,4.92,4.97,VMS 2,,Tanque,,0.60,0.90,1.32,1.50,0.82,2.92,9.37,8.61
19/02/2024 07:30 a. m.,Ordeño,10:03,16.14,2,,,,,0,,0.36,0.42,0.96,0.96,0,0,0,0,4.50,4.34,4.53,4.52,VMS 2,,Tanque,,0.66,0.84,1.50,1.38,0.65,2.38,7.04,6.07
19/02/2024 04:23 p. m.,Ordeño,11:08,17.27,3,,,,,0,,0.42,0.42,0.90,0.96,0,0,0,0,2.75,4.58,4.85,5.06,VMS 2,,Tanque,,1.08,0.96,1.32,1.38,0.90,2.07,7.62,6.68
20/02/2024 03:09 a. m.,Ordeño,11:30,18.70,1,,,,,0,,0.36,0.48,0.96,0.96,0,0,0,0,4.97,4.93,5.03,5.11,VMS 2,,Tanque,,0.66,0.96,1.32,1.38,0.62,2.42,8.35,7.31
20/02/2024 12:13 p. m.,Ordeño,09:59,19.34,2,,,,,0,,0.36,0.54,1.08,1.02,0,0,0,0,4.80,4.89,4.91,5.10,VMS 2,,Tanque,,0.66,0.84,1.86,1.56,0.74,2.91,8.19,7.50
20/02/2024 09:49 p. m.,Ordeño,18:23,16.14,3,,,,,0,,0.36,0.42,1.02,0.96,0,0,0,0,5.36,5.04,5.13,5.38,VMS 2,,Tanque,,0.66,0.90,1.38,1.38,0.37,1.79,7.44,6.54
21/02/2024 05:51 a. m.,Ordeño,09:09,17.27,1,,,,,0,,0.42,0.48,1.08,1.08,0,0,0,0,5.01,4.91,4.71,4.94,VMS 2,,Tanque,,0.66,0.84,1.38,1.56,0.87,2.47,7.16,6.77
21/02/2024 03:44 p. m.,Ordeño,10:19,19.26,2,,,,,0,,0.42,0.60,1.08,0.96,0,0,0,0,5.46,5.27,5.09,5.36,VMS 2,,Tanque,,0.66,0.96,1.62,1.38,0.66,2.85,8.30,7.45
22/02/2024 02:07 a. m.,Ordeño,10:55,20.54,1,,,,,0,,0.42,0.60,1.08,1.14,0,0,0,0,5.37,5.14,5.21,5.39,VMS 2,,Tanque,,0.60,0.96,1.44,1.56,0.77,2.87,8.92,7.98
22/02/2024 10:39 a. m.,Ordeño,11:15,19.08,2,,,,,0,,0.48,0.60,1.14,1.14,0,0,0,0,5.41,5.08,5.02,5.26,VMS 2,,Tanque,,0.72,1.02,1.68,1.74,0.71,2.72,8.27,7.38
22/02/2024 06:35 p. m.,Ordeño,09:04,18.12,3,,,,,0,,0.42,0.60,1.20,1.20,0,0,0,0,5.19,4.94,4.90,5.07,VMS 2,,Tanque,,0.78,0.96,1.92,1.56,0.79,2.44,7.87,7.02
23/02/2024 12:35 a. m.,Ordeño,07:42,11.62,1,,,,,0,,0.36,0.42,1.02,1.02,0,0,0,0,4.91,4.75,4.96,5.01,VMS 2,,Tanque,,0.60,0.78,1.50,1.56,0.38,1.34,5.21,4.69
23/02/2024 05:15 a. m.,Ordeño,06:30,8.92,2,,,,,0,,0.24,0.48,0.96,0.90,0,0,0,0,4.33,4.87,4.98,5.12,VMS 2,,Tanque,,0.66,0.90,1.38,1.38,0.33,1.24,3.84,3.51
23/02/2024 12:40 p. m.,Ordeño,07:57,14.26,3,,,,,0,,0.48,0.60,1.08,1.02,0,0,0,0,5.19,5.00,5.11,5.19,VMS 2,,Tanque,,0.78,1.08,1.50,1.38,0.50,2.08,6.17,5.51
23/02/2024 06:57 p. m.,Ordeño,07:38,12.83,4,,,,,0,,0.42,0.54,1.08,0.96,0,0,0,0,4.66,4.75,4.76,4.87,VMS 2,,Tanque,,0.66,0.96,1.50,1.38,0.53,1.97,5.49,4.84
24/02/2024 02:40 a. m.,Ordeño,08:27,12.78,1,,,,,0,,0.36,0.42,0.96,0.96,0,0,0,0,4.73,4.61,4.89,4.93,VMS 2,,Tanque,,0.60,0.84,1.38,1.38,0.51,1.58,5.65,5.04
24/02/2024 09:58 a. m.,Ordeño,09:09,14.10,2,,,,,0,,0.30,0.54,0.96,1.08,0,0,0,0,4.65,4.75,4.90,4.93,VMS 2,,Tanque,,0.54,0.84,1.32,1.50,0.52,1.76,6.22,5.60
24/02/2024 05:48 p. m.,Ordeño,09:42,14.69,3,,,,,0,,0.30,0.54,0.90,0.84,0,0,0,0,4.58,4.89,4.88,5.01,VMS 2,,Tanque,,0.54,1.02,1.44,1.32,0.47,2.27,6.29,5.66
25/02/2024 02:02 a. m.,Ordeño,10:00,16.00,1,,,,,0,,0.30,0.60,0.96,0.90,0,0,0,0,4.59,4.74,4.95,4.95,VMS 2,,Tanque,,0.72,0.96,1.32,1.38,0.49,2.26,6.99,6.26
25/02/2024 05:16 p. m.,Ordeño,13:45,26.97,2,,,,,0,,0.48,0.60,1.02,1.02,0,0,0,0,5.44,4.94,5.05,5.13,VMS 2,,Tanque,,0.72,1.02,1.50,1.44,1.12,3.98,11.33,10.54
26/02/2024 04:08 a. m.,Ordeño,11:51,19.15,1,,,,,0,,0.42,0.54,0.90,0.96,0,0,0,0,4.71,4.60,4.77,4.61,VMS 2,,Tanque,,0.72,1.02,1.32,1.38,0.64,2.74,8.31,7.46
26/02/2024 12:09 p. m.,Ordeño,13:35,15.36,2,,DI,,,0,,0.54,0.48,0.84,1.02,0,0,0,0,5.10,4.41,4.69,4.48,VMS 2,,Tanque,,0.96,0.78,1.26,1.44,0.67,1.99,6.34,6.36
26/02/2024 09:26 p. m.,Ordeño,11:19,16.79,3,,,,,0,,0.36,0.54,0.90,0.90,0,0,0,0,5.23,4.67,4.67,4.86,VMS 2,,Tanque,,0.60,0.90,1.50,1.44,0.59,2.59,7.43,6.18
27/02/2024 06:30 a. m.,Ordeño,09:43,16.49,1,,,,,0,,0.36,0.48,1.02,1.02,0,0,0,0,4.83,4.57,4.73,4.89,VMS 2,,Tanque,,0.60,0.90,1.44,1.44,0.55,2.26,7.28,6.40
27/02/2024 04:51 p. m.,Ordeño,11:01,19.74,2,,,,,0,,0.36,0.54,1.02,1.02,0,0,0,0,4.99,4.99,4.97,5.01,VMS 2,,Tanque,,0.72,0.90,1.68,1.44,0.85,2.93,8.33,7.63
27/02/2024 09:21 p. m.,Ordeño,07:04,9.34,3,,,,,0,,0.36,0.48,0.96,0.78,0,0,0,0,5.14,4.85,4.90,4.95,VMS 2,,Tanque,,0.60,0.90,1.44,1.14,0.32,1.22,4.19,3.61
28/02/2024 08:20 a. m.,Ordeño,10:33,19.84,1,,,,,0,,0.42,0.60,1.08,1.14,0,0,0,0,5.27,5.26,5.25,5.52,VMS 2,,Tanque,,0.66,0.96,1.44,1.56,0.63,2.94,8.52,7.75
28/02/2024 07:34 p. m.,Ordeño,11:02,20.51,2,,,,,0,,0.54,0.60,1.02,1.14,0,0,0,0,5.40,4.99,5.19,5.26,VMS 2,,Tanque,,0.84,0.96,1.50,1.56,0.79,2.87,8.85,8.00
29/02/2024 03:52 a. m.,Ordeño,09:15,16.70,1,,,,,0,,0.36,0.54,1.08,1.02,0,0,0,0,4.92,4.60,4.80,4.71,VMS 2,,Tanque,,0.60,1.20,1.56,1.50,0.65,2.54,7.21,6.30
29/02/2024 12:33 p. m.,Ordeño,09:28,14.79,2,,,,,0,,0.36,0.48,0.90,0.96,0,0,0,0,4.76,4.74,5.00,5.06,VMS 2,,Tanque,,0.54,0.84,1.26,1.44,0.50,2.07,6.33,5.89
29/02/2024 07:43 p. m.,Ordeño,08:45,13.18,3,,,,,0,,0.36,0.54,0.96,1.02,0,0,0,0,4.77,4.92,5.00,5.15,VMS 2,,Tanque,,0.60,0.96,1.44,1.68,0.38,1.91,5.75,5.14
01/03/2024 09:24 a. m.,Ordeño,12:35,24.59,1,,,,,0,,0.36,0.60,1.02,1.08,0,0,0,0,5.33,5.11,5.33,5.54,VMS 2,,Tanque,,0.60,1.02,1.38,1.44,1.02,3.68,10.30,9.59
01/03/2024 04:50 p. m.,Ordeño,09:06,13.49,2,,,,,0,,0.30,0.48,0.96,0.90,0,0,0,0,4.86,4.62,4.85,4.83,VMS 2,,Tanque,,0.54,0.84,1.38,1.26,0.51,1.93,5.98,5.07
01/03/2024 10:46 p. m.,Ordeño,07:37,10.42,3,,TD,,,0,,0.18,0.42,0.96,0.84,0,0,0,0,4.19,4.70,4.98,5.02,VMS 2,,Tanque,,0.48,0.78,1.38,1.38,0.33,1.48,4.60,4.01
02/03/2024 07:52 a. m.,Ordeño,10:00,16.78,1,,,,,0,,0.30,0.48,0.96,1.02,0,0,0,0,4.73,5.10,5.39,5.42,VMS 2,,Tanque,,0.78,0.84,1.44,1.38,0.38,2.44,7.25,6.71
02/03/2024 05:06 p. m.,Ordeño,10:16,17.08,2,,,,,0,,0.36,0.60,0.96,0.84,0,0,0,0,5.20,4.97,4.97,5.16,VMS 2,,Tanque,,0.96,1.02,1.44,1.32,0.82,2.46,7.37,6.43
02/03/2024 11:29 p. m.,Ordeño,08:39,12.07,3,,,,,0,,0.24,0.54,0.90,0.90,0,0,0,0,4.46,4.71,4.89,4.77,VMS 2,,Tanque,,0.48,0.84,1.26,1.26,0.37,1.52,5.43,4.75
03/03/2024 01:25 p. m.,Ordeño,12:41,23.48,1,,,,,0,,0.42,0.60,1.02,0.90,0,0,0,0,5.44,5.23,5.23,5.34,VMS 2,,Tanque,,0.78,0.96,1.50,1.38,0.75,3.42,10.27,9.04
04/03/2024 12:47 a. m.,Ordeño,12:14,21.09,1,,,,,0,,0.36,0.54,0.90,0.96,0,0,0,0,5.36,4.95,5.05,4.54,VMS 2,,Tanque,,0.60,0.96,1.26,2.70,0.72,3.27,8.63,8.47
04/03/2024 11:48 a. m.,Ordeño,12:19,19.76,2,,,,,0,,0.36,0.54,0.90,1.02,0,0,0,0,5.19,4.81,5.00,5.23,VMS 2,,Tanque,,0.66,0.90,1.26,1.50,0.76,2.76,8.58,7.66
04/03/2024 07:47 p. m.,Ordeño,10:26,14.81,3,,,,,0,,0.36,0.60,0.84,0.84,0,0,0,0,5.14,4.81,4.85,4.77,VMS 2,,Tanque,,0.66,1.08,1.38,1.26,0.42,2.25,6.68,5.46
05/03/2024 07:53 a. m.,Ordeño,11:46,20.37,1,,,,,0,,0.36,0.54,0.96,1.02,0,0,0,0,4.84,4.72,4.96,4.85,VMS 2,,Tanque,,0.78,0.90,1.26,1.44,0.79,2.90,8.68,8.00
05/03/2024 04:37 p. m.,Ordeño,09:20,15.23,2,,,,,0,,0.30,0.48,1.02,0.96,0,0,0,0,4.89,4.50,4.60,4.56,VMS 2,,Tanque,,0.48,0.90,1.44,1.38,0.48,2.17,6.94,5.64
06/03/2024 12:56 a. m.,Ordeño,09:11,13.58,1,,,,,0,,0.30,0.42,0.90,0.90,0,0,0,0,4.93,4.62,4.80,4.80,VMS 2,,Tanque,,0.42,0.84,1.32,1.32,0.46,1.67,6.06,5.39
06/03/2024 06:35 a. m.,Ordeño,08:23,11.42,2,,,,,0,,0.30,0.42,0.90,0.90,0,0,0,0,4.85,5.02,5.05,4.85,VMS 2,,Tanque,,0.60,0.78,1.20,1.38,0.42,1.50,5.06,4.44
06/03/2024 02:54 p. m.,Ordeño,09:05,14.12,3,,,,,0,,0.36,0.54,0.90,1.08,0,0,0,0,4.91,4.99,5.11,5.09,VMS 2,,Tanque,,0.60,0.84,1.38,1.50,0.43,2.39,5.87,5.43
07/03/2024 03:51 a. m.,Ordeño,12:26,20.60,1,,,,,0,,0.36,0.54,0.90,0.96,0,0,0,0,5.11,4.98,5.13,4.94,VMS 2,,Tanque,,0.60,0.96,1.20,1.44,0.76,2.98,8.74,8.12
07/03/2024 12:16 p. m.,Ordeño,09:20,15.37,2,,,,,0,,0.36,0.48,1.02,0.96,0,0,0,0,4.56,4.59,4.53,4.81,VMS 2,,Tanque,,0.60,0.78,1.56,1.38,0.45,2.11,6.87,5.94
08/03/2024 12:33 a. m.,Ordeño,10:44,17.68,1,,,,,0,,0.36,0.48,1.02,0.96,0,0,0,0,4.79,4.60,4.65,4.72,VMS 2,,Tanque,,0.66,0.84,1.56,1.38,0.56,2.40,7.96,6.76
08/03/2024 11:13 a. m.,Ordeño,12:32,19.99,2,,,,,0,,0.36,0.42,0.90,0.90,0,0,0,0,5.19,5.06,5.13,5.05,VMS 2,,Tanque,,0.60,0.78,1.32,1.38,0.71,2.82,8.77,7.69
09/03/2024 12:04 a. m.,Ordeño,11:50,20.30,1,,,,,0,,0.36,0.48,0.96,0.96,0,0,0,0,5.03,4.76,4.88,4.89,VMS 2,,Tanque,,0.54,0.90,1.44,1.38,0.61,2.90,8.81,7.98
09/03/2024 09:03 a. m.,Ordeño,10:03,17.52,2,,,,,0,,0.30,0.54,1.08,0.90,0,0,0,0,4.82,4.68,4.60,4.47,VMS 2,,Tanque,,0.48,0.96,1.56,1.38,0.58,2.69,7.69,6.56
09/03/2024 07:03 p. m.,Ordeño,10:05,16.25,3,,,,,0,,0.30,0.48,0.96,0.90,0,0,0,0,5.02,4.86,5.00,4.82,VMS 2,,Tanque,,0.54,0.84,1.32,1.32,0.44,2.33,7.21,6.27
10/03/2024 03:57 a. m.,Ordeño,10:17,17.66,1,,,,,0,,0.36,0.54,1.02,0.96,0,0,0,0,5.34,5.11,5.07,5.12,VMS 2,,Tanque,,0.66,0.96,1.38,1.38,0.64,2.33,7.83,6.86
10/03/2024 03:19 p. m.,Ordeño,11:43,20.33,2,,,,,0,,0.30,0.54,1.08,0.78,0,0,0,0,5.13,4.95,4.92,4.57,VMS 2,,Tanque,,0.54,0.96,1.44,1.20,0.70,2.88,9.38,7.37
11/03/2024 02:13 a. m.,Ordeño,10:22,19.44,1,,,,,0,,0.30,0.54,1.08,0.96,0,0,0,0,4.81,4.82,4.80,4.66,VMS 2,,Tanque,,0.60,0.90,1.50,1.56,0.42,2.79,8.67,7.56
11/03/2024 11:23 a. m.,Ordeño,09:26,17.68,2,,,,,0,,0.36,0.48,1.14,1.02,0,0,0,0,5.04,4.72,4.74,4.60,VMS 2,,Tanque,,0.66,0.90,1.56,1.32,0.79,2.45,7.66,6.78
11/03/2024 11:58 p. m.,Ordeño,10:34,18.80,1,,,,,0,,0.36,0.48,1.02,0.96,0,0,0,0,4.84,4.72,4.80,4.66,VMS 2,,Tanque,,0.60,0.90,1.38,1.32,0.55,2.72,8.23,7.30
12/03/2024 06:11 a. m.,Ordeño,08:56,12.74,2,,,,,0,,0.30,0.42,0.90,0.90,0,0,0,0,4.82,4.38,4.67,4.49,VMS 2,,Tanque,,0.54,0.84,1.20,1.32,0.47,1.71,5.56,5.00
12/03/2024 03:41 p. m.,Ordeño,09:41,15.84,3,,,,,0,,0.30,0.48,1.02,0.84,0,0,0,0,4.75,4.84,4.81,4.77,VMS 2,,Tanque,,0.42,0.90,1.38,1.26,0.36,2.29,7.07,6.12
13/03/2024 03:39 a. m.,Ordeño,11:34,21.02,1,,,,,0,,0.30,0.54,1.02,0.96,0,0,0,0,5.05,4.80,4.76,4.76,VMS 2,,Tanque,,0.60,0.90,1.38,1.44,0.77,3.00,9.06,8.19
13/03/2024 01:30 p. m.,Ordeño,10:14,15.43,2,,,,,0,,0.36,0.48,1.08,0.78,0,0,0,0,4.83,4.54,4.51,4.28,VMS 2,,Tanque,,0.54,0.90,1.50,1.14,0.56,2.02,7.23,5.62
14/03/2024 05:41 a. m.,Ordeño,12:30,21.68,1,,,,,0,,0.30,0.54,0.96,0.84,0,0,0,0,4.71,4.60,4.68,4.37,VMS 2,,Tanque,,0.48,0.90,1.38,1.26,0.69,3.24,9.59,8.16
15/03/2024 08:06 a. m.,Ordeño,11:27,16.39,2,,,,,0,,0.36,0.54,0.84,1.02,0,0,0,0,5.45,4.93,5.09,5.64,VMS 2,,Tanque,,0.60,0.96,1.26,1.44,0.61,2.16,7.28,6.34
15/03/2024 05:17 p. m.,Ordeño,09:57,16.11,3,,,,,0,,0.30,0.54,0.96,0.96,0,0,0,0,5.43,5.25,5.32,5.36,VMS 2,,Tanque,,0.60,0.96,1.50,1.62,0.46,2.36,7.21,6.08
16/03/2024 02:31 a. m.,Ordeño,10:54,15.80,1,,,,,0,,0.36,0.48,0.84,0.84,0,0,0,0,5.17,4.83,5.09,5.08,VMS 2,,Tanque,,0.54,0.90,1.26,1.32,0.47,2.13,7.00,6.20
16/03/2024 06:07 p. m.,Ordeño,13:10,26.56,2,,,,,0,,0.36,0.60,1.08,1.02,0,0,0,0,5.57,5.32,5.18,5.30,VMS 2,,Tanque,,0.66,1.08,1.62,1.50,0.93,3.79,11.63,10.21
17/03/2024 02:59 a. m.,Ordeño,10:57,18.66,1,,,,,0,,0.36,0.54,1.14,0.96,0,0,0,0,5.00,4.77,4.74,4.58,VMS 2,,Tanque,,0.60,1.02,1.68,1.50,0.67,2.54,8.07,7.38
17/03/2024 05:41 p. m.,Ordeño,12:30,24.40,2,,,,,0,,0.36,0.60,1.08,1.14,0,0,0,0,5.13,4.90,5.00,4.94,VMS 2,,Tanque,,0.60,1.02,1.68,1.74,0.83,3.27,10.64,9.66
19/03/2024 07:42 p. m.,Ordeño,07:59,12.23,3,,,,,0,,0.30,0.48,1.02,0.96,0,0,0,0,4.92,4.61,4.68,4.76,VMS 2,,Tanque,,0.66,0.78,1.38,1.50,0.46,1.47,5.49,4.81
20/03/2024 07:21 a. m.,Ordeño,11:12,19.31,1,,,,,0,,0.30,0.54,1.02,1.08,0,0,0,0,4.65,5.18,5.18,5.49,VMS 2,,Tanque,,0.66,0.90,1.50,1.50,0.53,2.61,8.90,7.27
20/03/2024 09:14 p. m.,Ordeño,12:32,22.50,2,,,,,0,,0.36,0.54,1.02,1.08,0,0,0,0,5.34,5.07,5.10,5.32,VMS 2,,Tanque,,0.72,0.96,1.44,1.56,0.81,3.06,10.07,8.56
21/03/2024 05:43 a. m.,Ordeño,09:09,13.29,1,,,,,0,,0.30,0.42,0.90,1.02,0,0,0,0,4.91,4.56,4.77,4.72,VMS 2,,Tanque,,0.54,0.84,1.26,1.62,0.47,1.53,6.17,5.12
21/03/2024 03:10 p. m.,Ordeño,09:22,15.75,2,,,,,0,,0.30,0.42,1.02,1.08,0,0,0,0,5.06,5.16,5.11,5.31,VMS 2,,Tanque,,0.60,0.78,1.44,1.50,0.38,2.16,7.02,6.19
22/03/2024 01:25 a. m.,Ordeño,11:10,18.53,1,,,,,0,,0.30,0.48,0.96,1.14,0,0,0,0,5.42,5.36,5.36,5.63,VMS 2,,Tanque,,0.60,1.08,1.38,1.68,0.54,2.18,8.34,7.47
22/03/2024 10:56 a. m.,Ordeño,08:51,15.64,2,,,,,0,,0.30,0.48,1.08,1.08,0,0,0,0,5.43,4.99,5.08,5.40,VMS 2,,Tanque,,0.60,0.90,1.50,1.62,0.46,2.11,6.92,6.15
22/03/2024 05:36 p. m.,Ordeño,07:49,11.57,3,,,,,0,,0.30,0.48,0.96,0.96,0,0,0,0,5.46,4.82,4.82,4.79,VMS 2,,Tanque,,0.60,0.78,1.44,1.50,0.40,1.50,5.23,4.44
23/03/2024 02:48 a. m.,Ordeño,09:32,14.51,1,,,,,0,,0.30,0.48,0.96,0.90,0,0,0,0,4.87,5.08,5.20,5.28,VMS 2,,Tanque,,0.54,0.96,1.26,1.32,0.40,2.06,6.49,5.56
23/03/2024 07:49 a. m.,Ordeño,07:53,11.53,2,,,,,0,,0.30,0.42,0.96,1.14,0,0,0,0,5.19,5.01,5.42,5.49,VMS 2,,Tanque,,0.54,0.78,1.50,1.56,0.40,1.23,5.26,4.64
23/03/2024 05:48 p. m.,Ordeño,09:41,16.72,3,,,,,0,,0.36,0.54,1.02,1.08,0,0,0,0,5.51,5.42,5.47,5.57,VMS 2,,Tanque,,0.54,0.90,1.44,1.50,0.49,2.37,7.28,6.58
24/03/2024 12:49 a. m.,Ordeño,09:30,13.39,1,,,,,0,,0.36,0.42,0.90,0.96,0,0,0,0,5.57,5.01,5.19,5.40,VMS 2,,Tanque,,0.72,0.78,1.26,1.50,0.38,1.65,6.02,5.34
24/03/2024 05:45 a. m.,Ordeño,08:20,9.90,2,,,,,0,,0.30,0.36,0.96,1.02,0,0,0,0,5.09,4.35,4.95,4.97,VMS 2,,Tanque,,0.42,0.66,1.38,1.38,0.32,0.76,4.49,4.33
24/03/2024 03:56 p. m.,Ordeño,09:27,17.27,3,,,,,0,,0.36,0.54,1.14,1.02,0,0,0,0,5.35,5.37,5.23,5.36,VMS 2,,Tanque,,0.60,0.90,1.50,1.50,0.58,2.64,7.42,6.63
24/03/2024 09:59 p. m.,Ordeño,07:48,11.74,4,,,,,0,,0.30,0.48,1.02,0.96,0,0,0,0,4.93,4.69,4.96,4.91,VMS 2,,Tanque,,0.60,0.84,1.32,1.44,0.35,1.43,5.17,4.79
25/03/2024 05:58 a. m.,Ordeño,09:15,14.70,1,,,,,0,,0.30,0.48,1.02,1.08,0,0,0,0,4.92,4.84,5.16,5.25,VMS 2,,Tanque,,0.54,0.90,1.44,1.74,0.47,1.75,6.58,5.90
25/03/2024 06:06 p. m.,Ordeño,10:58,20.90,2,,,,,0,,0.36,0.48,1.08,1.08,0,0,0,0,5.35,5.10,5.05,5.20,VMS 2,,Tanque,,0.66,0.96,1.56,1.62,0.71,2.92,9.06,8.21
26/03/2024 06:42 a. m.,Ordeño,11:26,21.33,1,,,,,0,,0.36,0.36,1.14,1.08,0,0,0,0,5.04,4.35,4.87,4.97,VMS 2,,Tanque,,0.66,0.72,1.56,1.56,0.58,1.97,9.93,8.85
26/03/2024 02:57 p. m.,Ordeño,08:46,15.08,2,,,,,0,,0.36,0.54,1.02,1.08,0,0,0,0,5.09,4.95,4.82,4.77,VMS 2,,Tanque,,0.66,1.02,1.56,1.56,0.51,2.50,6.32,5.75
27/03/2024 03:56 a. m.,Ordeño,12:01,21.07,1,,,,,0,,0.30,0.54,1.02,1.02,0,0,0,0,4.77,4.87,5.09,5.11,VMS 2,,Tanque,,0.60,0.90,1.38,1.38,0.40,2.81,9.40,8.46
27/03/2024 07:16 p. m.,Ordeño,19:16,24.93,2,,,,TI,0,,1.02,0.60,0.00,1.08,0,0,0,0,5.63,5.27,0.00,5.56,VMS 2,,Tanque,,1.50,1.08,0.00,1.50,11.05,3.65,0.00,10.23
28/03/2024 12:38 a. m.,Ordeño,09:46,12.72,1,,,,,0,,0.30,0.36,0.96,0.96,0,0,0,0,5.11,4.39,4.67,4.65,VMS 2,,Tanque,,0.66,0.66,1.38,1.26,0.41,1.17,6.53,4.61
28/03/2024 08:53 a. m.,Ordeño,08:56,14.23,2,,,,,0,,0.30,0.48,0.96,0.96,0,0,0,0,4.97,4.92,5.11,5.29,VMS 2,,Tanque,,0.48,0.96,1.56,1.38,0.43,2.04,6.25,5.51
28/03/2024 04:36 p. m.,Ordeño,10:14,14.54,3,,,,,0,,0.36,0.48,0.84,1.08,0,0,0,0,5.37,5.09,5.15,5.30,VMS 2,,Tanque,,0.66,0.84,1.38,1.44,0.52,1.94,6.23,5.85
29/03/2024 01:18 a. m.,Ordeño,09:15,15.15,1,,,,,0,,0.24,0.48,1.02,1.14,0,0,0,0,5.09,5.00,5.14,5.41,VMS 2,,Tanque,,0.60,0.84,1.38,1.56,0.38,1.73,6.81,6.23
29/03/2024 11:42 a. m.,Ordeño,10:43,20.05,2,,,,,0,,0.36,0.66,1.08,1.20,0,0,0,0,5.50,5.26,5.15,5.46,VMS 2,,Tanque,,0.66,1.08,1.50,1.74,0.57,2.89,8.65,7.94
29/03/2024 05:11 p. m.,Ordeño,06:57,10.43,3,,,,,0,,0.36,0.42,0.96,1.02,0,0,0,0,5.30,4.74,4.82,4.85,VMS 2,,Tanque,,0.60,0.84,1.62,1.50,0.41,1.60,4.50,3.92
30/03/2024 02:25 a. m.,Ordeño,10:46,15.68,1,,,,,0,,0.36,0.48,0.84,1.08,0,0,0,0,5.43,5.06,5.29,5.46,VMS 2,,Tanque,,0.60,0.90,1.26,1.56,0.55,1.99,6.73,6.41
30/03/2024 01:46 p. m.,Ordeño,11:28,20.45,2,,,,,0,,0.36,0.54,1.08,0.96,0,0,0,0,5.43,5.21,5.14,5.39,VMS 2,,Tanque,,0.60,0.96,1.44,1.38,0.65,2.61,9.21,7.98
31/03/2024 06:03 a. m.,Ordeño,12:54,26.16,1,,,,,0,,0.30,0.60,1.14,1.08,0,0,0,0,5.37,4.89,4.88,4.89,VMS 2,,Tanque,,0.54,1.02,1.50,1.50,0.88,3.39,11.63,10.26
31/03/2024 05:21 p. m.,Ordeño,10:48,17.80,2,,,,,0,,0.36,0.48,0.96,1.02,0,0,0,0,5.10,4.80,4.83,4.89,VMS 2,,Tanque,,0.60,0.90,1.32,1.38,0.56,2.36,7.82,7.06
01/04/2024 12:34 a. m.,Ordeño,09:14,12.60,1,,,,,0,,0.30,0.48,0.84,1.08,0,0,0,0,4.70,4.74,4.89,4.90,VMS 2,,Tanque,,0.48,0.78,1.20,1.50,0.36,1.71,5.55,4.98
01/04/2024 08:34 a. m.,Ordeño,08:50,14.75,2,,,,,0,,0.30,0.54,1.02,1.02,0,0,0,0,5.10,5.07,5.25,5.36,VMS 2,,Tanque,,0.48,0.90,1.38,1.50,0.39,1.94,6.40,6.02
01/04/2024 07:30 p. m.,Ordeño,11:14,18.68,3,,,,,0,,0.30,0.54,0.96,1.20,0,0,0,0,5.37,5.28,5.17,5.35,VMS 2,,Tanque,,0.54,1.02,1.44,1.56,0.42,2.25,8.40,7.61
02/04/2024 07:20 a. m.,Ordeño,12:21,21.15,1,,,,,0,,0.36,0.54,0.96,1.14,0,0,0,0,5.63,5.06,5.10,5.17,VMS 2,,Tanque,,0.60,0.90,1.62,1.68,0.94,2.84,9.01,8.36
04/04/2024 01:16 a. m.,Ordeño,08:37,11.82,1,,,,,0,DI,0.24,0.30,0.96,1.02,0,0,0,0,5.82,4.42,5.49,5.45,VMS 2,,Tanque,,0.48,0.84,1.38,1.38,0.33,1.00,5.95,4.54
04/04/2024 07:59 a. m.,Ordeño,08:06,9.98,2,,,,,0,,0.30,0.42,0.84,0.90,0,0,0,0,5.21,4.50,4.80,4.71,VMS 2,,Tanque,,0.48,0.96,1.26,1.32,0.36,1.31,4.43,3.88
04/04/2024 03:32 p. m.,Ordeño,07:27,11.61,3,,,,,0,,0.30,0.36,1.02,1.08,0,0,0,0,5.39,5.24,5.15,5.45,VMS 2,,Tanque,,0.48,0.72,1.38,1.44,0.53,1.39,5.01,4.68
04/04/2024 09:01 p. m.,Ordeño,06:25,8.97,4,,,,,0,,0.18,0.42,1.02,0.90,0,0,0,0,5.35,5.50,5.46,5.80,VMS 2,,Tanque,,0.54,0.72,1.44,1.32,0.34,1.18,4.02,3.43
05/04/2024 08:35 a. m.,Ordeño,11:35,11.97,1,,,TD,TD,0,,0.30,0.54,1.14,0.00,0,0,0,0,4.97,5.42,5.37,0.00,VMS 2,,Tanque,,0.48,1.02,1.50,0.00,0.57,2.58,8.82,0.00
07/04/2024 01:19 a. m.,Ordeño,08:46,12.08,1,,,,,0,,0.42,0.48,0.96,0.90,0,0,0,0,4.72,4.44,4.70,4.83,VMS 2,,Tanque,,0.66,0.90,1.32,1.26,0.51,1.72,5.79,4.06
07/04/2024 01:34 p. m.,Ordeño,09:46,16.87,2,,,,,0,,0.42,0.54,1.08,1.20,0,0,0,0,4.90,4.76,4.90,5.08,VMS 2,,Tanque,,0.78,0.96,1.50,1.68,0.56,2.53,7.68,6.10
08/04/2024 01:15 a. m.,Ordeño,07:26,9.13,1,,TI,TI,,0,,0.36,0.48,0.72,1.02,0,0,0,0,4.77,4.58,2.55,5.06,VMS 2,,Tanque,,0.72,0.96,1.20,1.50,0.47,1.92,1.53,5.21
08/04/2024 10:00 p. m.,Ordeño,13:58,29.33,2,,,,,0,,0.30,0.72,1.14,1.02,0,0,0,0,5.09,5.10,5.38,5.20,VMS 2,,Tanque,,0.66,1.20,1.50,1.38,0.89,4.53,12.85,11.06
09/04/2024 07:03 a. m.,Ordeño,10:28,16.74,1,,,,,0,,0.30,0.42,1.14,1.02,0,0,0,0,4.78,4.37,4.93,4.48,VMS 2,,Tanque,,0.60,0.84,1.50,1.50,0.57,2.12,8.54,5.51
09/04/2024 08:01 p. m.,Ordeño,10:12,19.19,2,,,,,0,,0.36,0.60,1.08,1.02,0,0,0,0,5.08,5.08,5.16,5.44,VMS 2,,Tanque,,0.60,0.96,1.50,1.44,0.59,3.02,7.93,7.65
10/04/2024 07:45 a. m.,Ordeño,10:26,19.89,1,,,,,0,,0.36,0.54,1.08,1.02,0,0,0,0,5.35,5.00,5.24,5.39,VMS 2,,Tanque,,0.78,0.96,1.50,1.50,0.75,3.00,8.21,7.93
10/04/2024 08:55 p. m.,Ordeño,11:20,21.26,2,,,,,0,,0.36,0.54,1.02,1.08,0,0,0,0,5.28,5.03,5.17,5.23,VMS 2,,Tanque,,0.66,1.02,1.38,1.62,0.65,3.09,9.06,8.46
11/04/2024 07:56 a. m.,Ordeño,11:22,19.81,1,,,,,0,,0.36,0.54,0.96,1.02,0,0,0,0,4.78,4.91,5.18,5.17,VMS 2,,Tanque,,0.66,1.02,1.44,1.62,0.50,3.10,8.38,7.83
11/04/2024 03:18 p. m.,Ordeño,08:37,13.04,2,,,,,0,,0.36,0.48,0.90,0.96,0,0,0,0,5.13,4.56,4.85,4.75,VMS 2,,Tanque,,0.66,0.90,1.38,1.44,0.56,1.66,5.68,5.14
12/04/2024 01:12 a. m.,Ordeño,09:30,16.86,1,,,,,0,,0.36,0.60,1.02,0.96,0,0,0,0,4.88,4.92,5.25,5.31,VMS 2,,Tanque,,0.60,0.96,1.44,1.38,0.51,2.73,7.16,6.46
12/04/2024 12:54 p. m.,Ordeño,10:47,19.90,2,,,,,0,,0.30,0.54,1.08,1.08,0,0,0,0,5.06,4.90,5.13,5.14,VMS 2,,Tanque,,0.66,1.02,1.68,1.56,0.42,2.91,8.89,7.68
12/04/2024 09:45 p. m.,Ordeño,09:08,15.38,3,,,,,0,,0.36,0.54,1.02,0.96,0,0,0,0,4.99,4.65,4.85,4.81,VMS 2,,Tanque,,0.72,0.96,1.50,1.50,0.66,1.89,6.76,6.07
13/04/2024 08:30 a. m.,Ordeño,08:14,14.66,1,,,,,0,,0.36,0.60,1.08,1.14,0,0,0,0,5.22,5.04,5.13,5.18,VMS 2,,Tanque,,0.66,1.14,1.50,1.62,0.48,2.40,6.28,5.50
13/04/2024 05:53 p. m.,Ordeño,07:47,5.25,2,,,"DD,TI",TI,0,,0.36,0.42,0.00,0.90,0,0,0,0,4.73,4.32,0.00,4.43,VMS 2,,Tanque,,0.72,0.72,0.00,1.50,0.40,1.09,0.00,3.76
14/04/2024 04:33 a. m.,Ordeño,09:04,12.86,1,,,,,0,,0.30,0.42,0.84,1.02,0,0,0,0,3.14,4.14,4.49,4.51,VMS 2,,Tanque,,0.96,0.84,1.26,1.44,0.35,1.39,4.77,6.35
14/04/2024 08:23 p. m.,Ordeño,10:48,17.11,2,,,,,0,,0.30,0.54,1.02,1.08,0,0,0,0,4.74,4.51,4.68,4.49,VMS 2,,Tanque,,0.60,0.96,1.50,1.56,0.33,2.44,7.99,6.35
15/04/2024 06:48 a. m.,Ordeño,10:36,15.93,1,,,,,0,,0.30,0.48,0.96,1.08,0,0,0,0,4.62,4.57,4.70,4.61,VMS 2,,Tanque,,0.48,0.78,1.26,1.50,0.41,2.28,7.22,6.02
15/04/2024 06:53 p. m.,Ordeño,09:38,17.90,2,,,,,0,,0.30,0.48,1.08,1.02,0,0,0,0,5.35,4.64,4.84,4.80,VMS 2,,Tanque,,0.66,0.96,1.50,1.44,0.62,2.56,7.93,6.79
16/04/2024 08:20 a. m.,Ordeño,11:14,20.46,1,,,,,0,,0.30,0.54,1.08,1.02,0,0,0,0,5.07,4.91,4.98,5.00,VMS 2,,Tanque,,0.60,0.96,1.50,1.44,0.39,3.10,9.35,7.62
16/04/2024 03:57 p. m.,Ordeño,08:19,13.35,2,,,,,0,DI,0.36,0.42,1.02,1.02,0,0,0,0,5.65,4.76,4.91,4.91,VMS 2,,Tanque,,0.60,0.78,1.50,1.50,0.44,1.90,5.96,5.05
16/04/2024 10:43 p. m.,Ordeño,07:28,10.74,3,,,,,0,,0.30,0.48,0.96,0.96,0,0,0,0,4.86,4.70,4.98,4.89,VMS 2,,Tanque,,0.54,0.78,1.38,1.32,0.35,1.51,4.76,4.12
17/04/2024 05:39 a. m.,Ordeño,08:16,11.74,1,,,,,0,,0.24,0.48,0.90,0.96,0,0,0,0,4.61,4.90,5.17,5.28,VMS 2,,Tanque,,0.48,0.84,1.32,1.44,0.36,1.62,5.13,4.63
17/04/2024 08:49 p. m.,Ordeño,12:03,23.23,2,,,,,0,,0.36,0.60,1.08,1.08,0,0,0,0,5.33,5.17,5.35,5.45,VMS 2,,Tanque,,0.60,1.14,1.50,1.56,0.64,3.49,10.26,8.84
18/04/2024 06:57 p. m.,Ordeño,09:59,15.81,2,,,,,0,,0.30,0.48,0.96,1.02,0,0,0,0,5.08,4.91,4.96,5.02,VMS 2,,Tanque,,0.48,0.84,1.26,1.44,0.46,2.10,7.05,6.20
19/04/2024 01:22 a. m.,Ordeño,07:55,10.37,1,,,,,0,,0.24,0.42,0.84,0.90,0,0,0,0,4.89,4.72,4.88,4.80,VMS 2,,Tanque,,0.48,0.84,1.20,1.38,0.33,1.45,4.47,4.12
19/04/2024 07:41 a. m.,Ordeño,07:36,10.40,2,,,,,0,"DD,TI,TD",0.24,0.48,0.84,0.90,0,0,0,0,3.43,4.80,4.95,4.85,VMS 2,,Tanque,,0.78,0.84,1.20,1.26,0.34,1.74,4.26,4.06
19/04/2024 10:52 p. m.,Ordeño,12:31,23.77,3,,,,,0,,0.30,0.60,1.08,1.02,0,0,0,0,5.12,5.24,5.34,5.40,VMS 2,,Tanque,,0.54,1.20,1.56,1.50,0.51,3.49,10.48,9.29
20/04/2024 11:58 a. m.,Ordeño,11:35,19.60,1,,,,,0,,0.30,0.54,1.02,1.02,0,0,0,0,4.83,4.86,4.97,4.85,VMS 2,,Tanque,,0.54,1.02,1.44,1.56,0.38,2.77,9.01,7.44
21/04/2024 12:31 a. m.,Ordeño,12:58,21.48,1,,,,,0,,0.30,0.60,0.90,1.14,0,0,0,0,5.70,5.19,5.31,5.17,VMS 2,,Tanque,,0.66,1.08,1.44,1.68,0.88,3.18,9.30,8.12
21/04/2024 10:05 a. m.,Ordeño,10:35,18.07,2,,,,,0,,0.42,0.54,1.02,0.90,0,0,0,0,4.69,4.80,4.81,4.73,VMS 2,,Tanque,,0.84,1.08,1.50,1.50,0.78,2.53,8.05,6.71
23/04/2024 05:15 a. m.,Ordeño,09:34,15.13,1,,,,,0,,0.30,0.42,1.02,0.90,0,0,0,0,4.63,4.47,4.65,4.60,VMS 2,,Tanque,,0.60,0.78,1.62,1.26,0.37,1.70,6.95,6.11
23/04/2024 04:12 p. m.,Ordeño,10:57,17.11,2,,,,,0,,0.36,0.54,1.02,0.96,0,0,0,0,5.25,5.00,5.00,4.92,VMS 2,,Tanque,,0.66,1.02,1.32,1.38,0.55,2.40,7.42,6.74
24/04/2024 12:25 a. m.,Ordeño,09:00,14.69,1,,,,,0,"DD,TI,TD",0.78,0.54,0.96,0.90,0,0,0,0,3.37,4.88,4.93,4.97,VMS 2,,Tanque,,1.92,1.02,1.38,1.38,0.63,2.18,6.38,5.50
24/04/2024 10:47 a. m.,Ordeño,09:31,16.20,2,,,,,0,,0.36,0.48,1.02,1.02,0,0,0,0,5.32,4.87,5.13,5.17,VMS 2,,Tanque,,0.72,0.96,1.56,1.50,0.43,2.24,7.22,6.31
24/04/2024 06:53 p. m.,Ordeño,09:09,13.72,3,,,,DI,0,,0.00,0.42,1.08,1.08,0,0,0,0,0.00,4.59,4.94,4.95,VMS 2,,Tanque,,0.00,0.72,1.56,1.50,0.00,1.79,6.34,5.59
25/04/2024 04:57 a. m.,Ordeño,09:52,16.62,1,,,,,0,,0.36,0.48,0.96,1.02,0,0,0,0,5.70,5.15,5.28,5.24,VMS 2,,Tanque,,0.60,0.90,1.56,1.38,0.83,2.26,7.11,6.42
25/04/2024 01:13 p. m.,Ordeño,09:00,14.42,2,,,,,0,,0.30,0.42,1.02,1.02,0,0,0,0,4.97,4.87,5.08,5.10,VMS 2,,Tanque,,0.54,0.78,1.44,1.56,0.34,1.95,6.43,5.70
26/04/2024 02:47 a. m.,Ordeño,11:21,20.38,1,,,,,0,,0.36,0.54,1.02,1.08,0,0,0,0,5.50,5.15,5.29,5.37,VMS 2,,Tanque,,0.60,0.96,1.50,1.50,0.50,2.85,9.13,7.90
26/04/2024 12:55 p. m.,Ordeño,10:25,17.04,2,,,,,0,,0.30,0.48,1.02,1.02,0,0,0,0,5.10,4.62,4.81,4.69,VMS 2,,Tanque,,0.60,0.90,1.56,1.50,0.47,2.22,7.81,6.54
26/04/2024 10:47 p. m.,Ordeño,09:55,14.78,3,,,,,0,,0.42,0.48,0.90,0.90,0,0,0,0,2.97,4.83,5.01,4.95,VMS 2,,Tanque,,1.44,0.90,1.44,1.32,0.60,1.93,6.59,5.66
27/04/2024 09:21 a. m.,Ordeño,11:03,19.09,1,,,,,0,,0.30,0.48,1.08,1.02,0,0,0,0,4.75,4.89,4.92,4.93,VMS 2,,Tanque,,0.54,0.90,1.38,1.56,0.60,2.36,8.69,7.44
27/04/2024 06:35 p. m.,Ordeño,07:39,14.49,2,,,,,0,,0.24,0.54,1.14,1.14,0,0,0,0,4.81,4.77,4.77,4.75,VMS 2,,Tanque,,0.48,0.96,1.62,1.56,0.39,2.25,6.36,5.49
28/04/2024 04:15 p. m.,Ordeño,14:18,29.62,1,,,,,0,,0.36,0.60,1.14,1.20,0,0,0,0,5.42,5.18,5.25,5.44,VMS 2,,Tanque,,0.66,1.20,1.74,1.80,0.76,4.15,13.02,11.69
29/04/2024 12:10 a. m.,Ordeño,06:51,10.86,1,,,,,0,,0.18,0.42,1.08,0.96,0,0,0,0,4.57,4.30,4.57,4.31,VMS 2,,Tanque,,0.60,0.78,1.44,1.38,0.33,1.55,5.22,3.76
29/04/2024 09:36 a. m.,Ordeño,17:28,5.76,2,,,TI,"DI,TI",0,,0.00,0.36,0.00,0.84,0,0,0,0,0.00,4.60,0.00,5.10,VMS 2,,Tanque,,0.00,0.66,0.00,1.26,0.00,1.46,0.00,4.30
30/04/2024 02:07 a. m.,Ordeño,13:54,28.17,1,,,,,0,,0.30,0.60,1.08,1.20,0,0,0,0,5.71,5.46,5.66,5.49,VMS 2,,Tanque,,0.66,1.02,1.50,1.68,0.41,3.87,12.63,11.26
30/04/2024 11:16 p. m.,Ordeño,06:24,9.33,3,,,,,0,DI,0.24,0.42,0.96,0.96,0,0,0,0,5.71,4.61,4.86,4.85,VMS 2,,Tanque,,0.48,0.72,1.38,1.38,0.31,1.32,3.68,4.02
01/05/2024 05:48 a. m.,Ordeño,07:21,10.17,1,,,,,0,"TI,TD",0.18,0.42,0.96,0.90,0,0,0,0,4.02,4.89,5.20,5.20,VMS 2,,Tanque,,0.54,0.78,1.32,1.44,0.25,1.49,3.96,4.47
01/05/2024 02:29 p. m.,Ordeño,08:49,13.15,2,,,,,0,,0.18,0.60,0.96,1.02,0,0,0,0,4.79,5.30,5.49,5.46,VMS 2,,Tanque,,0.48,1.08,1.38,1.44,0.31,1.86,5.53,5.45
01/05/2024 10:34 p. m.,Ordeño,08:34,12.95,3,,,,,0,,0.18,0.42,0.90,1.08,0,0,0,0,5.16,5.10,5.41,5.37,VMS 2,,Tanque,,0.60,0.90,1.44,1.62,0.27,1.92,5.36,5.40
02/05/2024 07:45 a. m.,Ordeño,08:46,15.35,1,,,,,0,,0.24,0.54,1.08,1.14,0,0,0,0,5.42,5.30,5.61,5.64,VMS 2,,Tanque,,0.66,0.90,1.44,1.50,0.32,2.14,6.52,6.37
02/05/2024 11:37 p. m.,Ordeño,11:10,22.78,2,,,,,0,,0.36,0.72,1.14,1.14,0,0,0,0,5.68,5.24,5.42,5.37,VMS 2,,Tanque,,0.66,1.08,1.62,1.56,0.53,3.21,9.79,9.25
04/05/2024 09:14 a. m.,Ordeño,07:04,11.00,2,,,,,0,,0.30,0.36,1.08,1.20,0,0,0,0,5.04,4.70,4.93,4.90,VMS 2,,Tanque,,0.54,0.60,1.50,1.74,0.34,1.13,5.08,4.45
04/05/2024 04:41 p. m.,Ordeño,07:26,11.45,3,,,,,0,,0.24,0.54,1.02,1.26,0,0,0,0,5.09,4.95,4.95,5.03,VMS 2,,Tanque,,0.78,1.02,1.50,1.80,0.30,1.55,5.14,4.46
05/05/2024 09:17 a. m.,Ordeño,11:39,25.84,1,,,,,0,,0.36,0.72,1.20,1.38,0,0,0,0,4.99,5.37,5.35,5.52,VMS 2,,Tanque,,0.78,1.26,1.56,1.74,0.69,4.18,11.15,9.82
06/05/2024 01:54 p. m.,Ordeño,07:41,12.38,2,,,,,0,,0.30,0.66,1.14,1.20,0,0,0,0,5.18,5.24,5.01,5.13,VMS 2,,Tanque,,0.54,1.02,1.62,1.68,0.35,1.53,5.74,4.76
07/05/2024 12:26 a. m.,Ordeño,09:04,17.81,1,,,,,0,,0.30,0.78,1.20,1.38,0,0,0,0,5.18,5.44,5.17,5.25,VMS 2,,Tanque,,0.60,1.26,1.62,1.86,0.51,2.31,7.95,7.04
07/05/2024 10:30 a. m.,Ordeño,08:44,16.51,2,,,,,0,,0.30,0.60,1.26,1.44,0,0,0,0,5.13,5.02,5.03,5.05,VMS 2,,Tanque,,0.54,1.02,1.80,1.92,0.53,1.60,7.78,6.60
07/05/2024 08:51 p. m.,Ordeño,08:49,16.84,3,,,,,0,,0.36,0.60,1.20,1.20,0,0,0,0,5.33,5.28,5.11,5.12,VMS 2,,Tanque,,0.60,0.96,1.80,1.62,0.43,2.17,7.66,6.58
08/05/2024 06:54 a. m.,Ordeño,08:53,15.26,1,,,,,0,,,0.48,1.08,1.26,,0,0,0,,5.00,5.17,5.27,VMS 2,,Tanque,,,1.14,1.44,1.74,,1.41,7.23,6.62
08/05/2024 05:00 p. m.,Ordeño,09:37,15.96,2,,,,,0,,,0.66,1.02,1.20,,0,0,0,,5.34,4.96,4.87,VMS 2,,Tanque,,,1.08,1.38,1.56,,2.34,7.35,6.27
09/05/2024 01:26 a. m.,Ordeño,08:30,13.17,1,,,,,0,,,0.54,1.02,1.26,,0,0,0,,4.88,5.11,5.01,VMS 2,,Tanque,,,0.90,1.44,1.86,,1.15,6.15,5.87
09/05/2024 03:12 p. m.,Ordeño,10:39,21.51,2,,,,,0,,,0.66,1.20,1.26,,0,0,0,,5.43,5.19,5.24,VMS 2,,Tanque,,,1.02,1.68,1.74,,2.88,9.91,8.72
09/05/2024 09:10 p. m.,Ordeño,06:34,8.78,3,,,,,0,,,0.48,1.02,1.14,,0,0,0,,4.62,4.71,4.44,VMS 2,,Tanque,,,1.02,1.50,1.50,,1.14,4.16,3.48
10/05/2024 09:10 a. m.,Ordeño,09:23,16.09,1,,,,,0,,,0.36,1.08,1.20,,0,0,0,,4.72,5.03,5.06,VMS 2,,Tanque,,,0.78,1.56,1.68,,1.34,7.74,7.01
10/05/2024 09:09 p. m.,Ordeño,10:25,19.96,2,,,,,0,,,0.60,1.14,1.20,,0,0,0,,5.24,5.04,5.13,VMS 2,,Tanque,,,0.96,1.68,1.62,,2.45,9.22,8.29
11/05/2024 10:06 a. m.,Ordeño,10:33,18.75,1,,,,,0,,,0.66,1.08,1.26,,0,0,0,,5.25,5.01,5.09,VMS 2,,Tanque,,,1.02,1.56,1.68,,1.99,8.93,7.83
11/05/2024 08:49 p. m.,Ordeño,09:24,16.10,2,,,,,0,,,0.60,1.08,1.20,,0,0,0,,5.19,4.89,4.87,VMS 2,,Tanque,,,1.14,1.44,1.74,,1.82,7.61,6.67
12/05/2024 02:05 p. m.,Ordeño,11:56,23.01,1,,,,,0,,,0.60,1.14,1.32,,0,0,0,,5.30,5.09,5.08,VMS 2,,Tanque,,,1.08,1.50,1.92,,2.76,10.80,9.45
13/05/2024 01:39 a. m.,Ordeño,10:13,18.67,1,,,,,0,,,0.54,1.14,1.26,,0,0,0,,5.09,4.97,5.06,VMS 2,,Tanque,,,0.90,1.62,1.86,,1.85,8.91,7.91
13/05/2024 07:56 a. m.,Ordeño,06:29,10.46,2,,,,,0,,,0.42,1.20,1.26,,0,0,0,,5.17,4.91,4.97,VMS 2,,Tanque,,,0.84,1.62,1.68,,1.15,5.12,4.19
13/05/2024 05:30 p. m.,Ordeño,08:24,15.29,3,,,,,0,,,0.66,1.14,1.20,,0,0,0,,5.42,5.27,5.38,VMS 2,,Tanque,,,1.08,1.56,1.62,,1.88,7.16,6.25
14/05/2024 07:05 a. m.,Ordeño,12:18,21.65,1,,,,,0,,,0.66,1.08,1.38,,0,0,0,,5.45,5.24,5.37,VMS 2,,Tanque,,,1.14,1.56,1.92,,2.30,10.54,8.81
14/05/2024 06:59 p. m.,Ordeño,09:49,16.59,2,,,,,0,,,0.48,1.08,1.26,,0,0,0,,5.02,5.05,5.01,VMS 2,,Tanque,,,1.02,1.56,1.74,,1.50,8.02,7.07
16/05/2024 06:28 a. m.,Ordeño,10:34,17.03,1,,,,,0,,,0.60,1.02,1.14,,0,0,0,,4.89,4.77,4.76,VMS 2,,Tanque,,,0.90,1.38,1.74,,1.58,8.25,7.20
16/05/2024 03:20 p. m.,Ordeño,08:06,12.62,2,,,,,0,,,0.36,1.08,1.14,,0,0,0,,5.09,5.16,5.30,VMS 2,,Tanque,,,0.66,1.50,1.56,,1.03,6.24,5.35
16/05/2024 11:10 p. m.,Ordeño,07:58,12.64,3,,,,,0,,,0.66,1.02,1.20,,0,0,0,,5.80,5.30,5.44,VMS 2,,Tanque,,,1.08,1.38,1.74,,1.72,5.85,5.07
17/05/2024 11:49 a. m.,Ordeño,10:07,19.08,1,,,,,0,,,0.66,1.20,1.32,,0,0,0,,5.50,5.52,5.78,VMS 2,,Tanque,,,1.02,1.68,1.74,,1.45,9.36,8.27
17/05/2024 08:36 p. m.,Ordeño,08:39,14.53,2,,,,,0,,,0.66,1.08,1.20,,0,0,0,,5.67,5.17,5.20,VMS 2,,Tanque,,,1.20,1.62,1.68,,1.84,6.90,5.79
18/05/2024 06:57 a. m.,Ordeño,08:52,16.01,1,,,,,0,,,0.42,1.14,1.32,,0,0,0,,5.06,5.09,5.27,VMS 2,,Tanque,,,0.72,1.62,1.80,,1.47,7.71,6.83
18/05/2024 03:43 p. m.,Ordeño,08:09,13.66,2,,,,,0,,,0.60,1.08,1.20,,0,0,0,,5.53,5.15,5.36,VMS 2,,Tanque,,,1.02,1.44,1.62,,1.48,6.33,5.85
19/05/2024 01:01 a. m.,Ordeño,08:32,14.00,1,,,,,0,,,0.60,1.02,1.20,,0,0,0,,5.39,5.22,5.27,VMS 2,,Tanque,,,0.96,1.44,1.62,,1.49,6.61,5.90
19/05/2024 09:06 a. m.,Ordeño,08:24,12.75,2,,,,,0,,,0.30,1.02,1.20,,0,0,0,,5.09,5.15,5.28,VMS 2,,Tanque,,,0.54,1.38,1.68,,0.91,6.41,5.43
19/05/2024 04:36 p. m.,Ordeño,07:26,11.71,3,,,,,0,,,0.60,1.02,1.14,,0,0,0,,5.48,5.07,5.17,VMS 2,,Tanque,,,0.96,1.56,1.56,,1.47,5.46,4.78
20/05/2024 05:34 a. m.,Ordeño,10:09,18.41,1,,,,,0,,,0.48,1.08,1.20,,0,0,0,,5.34,5.19,5.38,VMS 2,,Tanque,,,0.90,1.50,1.68,,1.86,8.69,7.86
20/05/2024 04:59 p. m.,Ordeño,09:28,15.72,2,,,,,0,,,0.54,1.02,1.14,,0,0,0,,5.14,4.92,4.96,VMS 2,,Tanque,,,1.08,1.50,1.50,,1.39,7.62,6.71
23/05/2024 09:26 p. m.,Ordeño,08:46,15.12,2,,,,,0,,,0.42,1.14,1.20,,0,0,0,,4.79,4.97,5.03,VMS 2,,Tanque,,,0.90,1.50,1.56,,0.96,7.60,6.56
24/05/2024 06:00 a. m.,Ordeño,07:44,12.41,1,,,,,0,,,0.30,1.14,1.26,,0,0,0,,5.19,5.15,5.31,VMS 2,,Tanque,,,0.66,1.50,1.62,,0.92,5.99,5.50
24/05/2024 04:09 p. m.,Ordeño,07:12,14.07,2,,,,,0,,,0.36,1.38,1.38,,0,0,0,,5.53,4.89,5.15,VMS 2,,Tanque,,,0.66,1.92,1.80,,1.06,7.04,5.97
26/05/2024 11:24 p. m.,Ordeño,11:03,34.07,1,,,,"DD,TI",0,TD,,0.00,0.00,4.44,,0,0,0,,0.00,0.00,7.30,VMS 2,,Tanque,,,0.00,0.00,0.58,,0.00,0.00,34.07
28/05/2024 08:42 a. m.,Ordeño,06:58,6.85,2,,,"DD,TI",,0,,,0.30,0.78,0.96,,0,0,0,,4.85,4.98,5.26,VMS 2,,Tanque,,,0.90,1.08,1.44,,0.31,2.68,3.86
28/05/2024 04:55 p. m.,Ordeño,05:35,7.61,3,,,TI,,0,,,0.24,0.96,1.14,,0,0,0,,5.52,5.40,5.52,VMS 2,,Tanque,,,0.66,1.32,1.56,,0.62,2.91,4.08
29/05/2024 03:47 a. m.,Ordeño,08:00,10.54,1,,,DD,,0,,,0.36,1.02,0.96,,0,0,0,,4.47,5.27,5.15,VMS 2,,Tanque,,,0.90,1.38,1.44,,0.38,4.64,5.52
29/05/2024 02:19 p. m.,Ordeño,07:24,13.40,2,,,,,0,,,0.36,1.14,1.32,,0,0,0,,5.35,5.61,5.48,VMS 2,,Tanque,,,0.72,1.50,1.80,,0.83,6.02,6.55
30/05/2024 08:32 p. m.,Ordeño,09:13,17.92,2,,,,,0,,,0.60,1.26,1.20,,0,0,0,,5.55,5.37,5.33,VMS 2,,Tanque,,,1.02,1.74,1.68,,1.47,8.69,7.76
31/05/2024 02:59 a. m.,Ordeño,06:12,8.62,1,,,,,0,,,0.36,1.02,1.14,,0,0,0,,4.83,5.16,4.85,VMS 2,,Tanque,,,0.84,1.50,1.56,,0.45,4.25,3.92
31/05/2024 11:12 a. m.,Ordeño,07:20,11.96,2,,,,,0,,,0.54,1.08,1.14,,0,0,0,,5.37,5.31,5.25,VMS 2,,Tanque,,,1.08,1.44,1.56,,1.27,5.48,5.21
01/06/2024 01:39 a. m.,Ordeño,10:55,18.44,1,,,,,0,,,0.60,1.02,1.14,,0,0,0,,5.29,5.23,5.20,VMS 2,,Tanque,,,1.14,1.44,1.56,,1.75,8.65,8.04
01/06/2024 11:22 p. m.,Ordeño,10:18,12.65,3,,,,,0,,,0.36,0.90,0.72,,0,0,0,,4.46,4.75,4.49,VMS 2,,Tanque,,,0.66,1.38,1.14,,1.11,6.11,5.43
02/06/2024 10:02 a. m.,Ordeño,09:31,15.54,1,,,,,0,,,0.42,1.02,0.90,,0,0,0,,5.04,5.01,4.96,VMS 2,,Tanque,,,0.72,1.50,1.32,,1.40,7.45,6.69
03/06/2024 01:37 a. m.,Ordeño,12:52,19.56,1,,,,,0,,,0.54,0.90,0.96,,0,0,0,,4.95,4.94,4.85,VMS 2,,Tanque,,,0.90,1.32,1.38,,1.69,9.29,8.58
03/06/2024 11:11 p. m.,Ordeño,10:15,15.55,3,,,,,0,,,0.36,0.90,0.96,,0,0,0,,4.94,4.95,4.92,VMS 2,,Tanque,,,0.60,1.44,1.44,,1.66,7.29,6.60
04/06/2024 02:33 p. m.,Ordeño,13:41,21.34,1,,,,,0,,,0.60,0.90,0.84,,0,0,0,,5.30,5.20,5.20,VMS 2,,Tanque,,,1.08,1.26,1.32,,2.34,9.98,9.02
04/06/2024 10:13 p. m.,Ordeño,08:52,11.70,2,,,,,0,,,0.42,0.84,0.96,,0,0,0,,4.63,4.84,4.69,VMS 2,,Tanque,,,0.78,1.26,1.62,,1.24,5.41,5.05
05/06/2024 10:36 a. m.,Ordeño,11:37,17.44,1,,,,,0,,,0.48,0.90,1.02,,0,0,0,,5.11,5.25,5.24,VMS 2,,Tanque,,,0.90,1.26,1.62,,2.02,8.00,7.42
05/06/2024 08:01 p. m.,Ordeño,09:42,13.73,2,,,,,0,,,0.36,0.90,0.90,,0,0,0,,4.30,4.72,4.54,VMS 2,,Tanque,,,0.66,1.26,1.32,,0.93,6.90,5.90
06/06/2024 02:48 a. m.,Ordeño,07:32,10.06,1,,,,,0,,,0.42,0.90,0.90,,0,0,0,,4.84,4.72,4.48,VMS 2,,Tanque,,,0.84,1.38,1.26,,1.15,4.69,4.22
06/06/2024 01:17 p. m.,Ordeño,10:07,15.50,2,,,,,0,,,0.42,0.90,0.96,,0,0,0,,5.13,5.11,4.93,VMS 2,,Tanque,,,0.78,1.32,1.50,,2.07,7.07,6.36
06/06/2024 10:25 p. m.,Ordeño,09:26,12.82,3,,,,,0,,,0.42,0.84,0.90,,0,0,0,,4.45,4.91,4.79,VMS 2,,Tanque,,,0.78,1.20,1.50,,1.24,6.08,5.50
07/06/2024 02:08 p. m.,Ordeño,12:55,20.74,1,,,,,0,,,0.54,0.96,1.14,,0,0,0,,5.16,4.96,4.95,VMS 2,,Tanque,,,0.90,1.38,1.62,,2.02,9.77,8.95
07/06/2024 09:47 p. m.,Ordeño,09:14,11.85,2,,,,,0,,,0.42,0.84,0.90,,0,0,0,,4.68,4.64,4.43,VMS 2,,Tanque,,,0.78,1.26,1.32,,1.50,5.64,4.71
08/06/2024 05:26 a. m.,Ordeño,08:55,11.55,1,,,,,0,,,0.36,0.90,0.84,,0,0,0,,4.16,4.96,4.83,VMS 2,,Tanque,,,0.78,1.32,1.32,,0.90,5.66,4.99
08/06/2024 11:26 p. m.,Ordeño,13:36,25.39,2,,,,,0,,,0.48,0.96,1.02,,0,0,0,,5.16,5.18,5.22,VMS 2,,Tanque,,,0.90,1.50,1.44,,3.35,11.15,10.89
09/06/2024 01:24 p. m.,Ordeño,16:16,12.48,1,,,TD,TD,0,,,0.48,0.96,0.00,,0,0,0,,4.97,4.51,0.00,VMS 2,,Tanque,,,0.84,1.50,0.00,,2.09,10.39,0.00
09/06/2024 07:56 p. m.,Ordeño,07:28,6.33,2,,,TD,TD,0,,,0.42,1.02,0.00,,0,0,0,,4.44,4.38,0.00,VMS 2,,Tanque,,,0.78,1.50,0.00,,1.23,5.10,0.00
10/06/2024 10:31 a. m.,Ordeño,12:44,23.65,1,,,,,0,,,0.60,1.02,1.14,,0,0,0,,5.12,5.15,5.82,VMS 2,,Tanque,,,1.08,1.38,1.50,,2.38,9.64,11.63
10/06/2024 11:20 p. m.,Ordeño,12:10,16.57,2,,,,,0,,,0.48,0.96,1.08,,0,0,0,,4.68,4.91,4.34,VMS 2,,Tanque,,,0.84,1.44,1.56,,2.38,9.28,4.91
11/06/2024 09:29 a. m.,Ordeño,09:20,12.57,1,,,,,0,,,0.42,1.02,0.96,,0,0,0,,4.52,4.74,4.67,VMS 2,,Tanque,,,0.78,1.50,1.50,,1.67,7.25,3.65
11/06/2024 09:51 p. m.,Ordeño,11:16,16.47,2,,,,,0,,,0.36,0.96,0.96,,0,0,0,,4.82,5.20,5.45,VMS 2,,Tanque,,,0.78,1.38,1.38,,2.17,8.66,5.64
12/06/2024 09:54 a. m.,Ordeño,12:31,17.46,1,,,,,0,,,0.48,0.90,0.96,,0,0,0,,4.84,5.07,5.39,VMS 2,,Tanque,,,0.84,1.32,1.50,,2.13,9.15,6.18
13/06/2024 08:14 a. m.,Ordeño,10:06,15.10,1,,,,,0,TD,,0.36,0.96,0.96,,0,0,0,,4.53,4.88,5.41,VMS 2,,Tanque,,,0.72,1.38,1.44,,1.74,7.71,5.65
13/06/2024 10:35 p. m.,Ordeño,11:53,18.51,2,,,,,0,,,0.54,0.96,0.96,,0,0,0,,4.92,5.05,5.34,VMS 2,,Tanque,,,0.90,1.44,1.38,,2.36,9.14,7.01
14/06/2024 09:34 a. m.,Ordeño,10:33,17.17,1,,,,,0,,,0.54,1.02,0.96,,0,0,0,,4.77,4.86,4.93,VMS 2,,Tanque,,,0.90,1.38,1.62,,2.01,8.62,6.54
14/06/2024 11:16 p. m.,Ordeño,11:33,18.92,2,,,,,0,,,0.48,1.02,1.08,,0,0,0,,4.63,4.83,5.13,VMS 2,,Tanque,,,0.90,1.38,1.56,,1.76,9.13,8.03
15/06/2024 09:03 a. m.,Ordeño,09:48,15.23,1,,,,,0,,,0.30,0.96,1.14,,0,0,0,,4.35,4.72,4.86,VMS 2,,Tanque,,,0.66,1.32,1.80,,1.22,7.31,6.70
16/06/2024 12:50 a. m.,Ordeño,09:56,12.86,1,,,TI,TI,0,,,0.60,0.00,1.26,,0,0,0,,4.89,0.00,4.81,VMS 2,,Tanque,,,1.02,0.00,1.92,,3.06,0.00,9.80
16/06/2024 04:45 a. m.,Ordeño,13:46,14.09,2,,,,,0,TI,,0.36,0.96,1.02,,0,0,0,,3.56,4.99,4.43,VMS 2,,Tanque,,,0.90,1.44,1.74,,0.54,10.91,2.64
17/06/2024 08:34 p. m.,Ordeño,08:31,13.15,2,,,,,0,,,0.36,0.96,1.08,,0,0,0,,4.19,4.62,4.70,VMS 2,,Tanque,,,0.66,1.32,1.68,,1.29,5.75,6.11
18/06/2024 07:51 a. m.,Ordeño,10:00,17.56,1,,,,,0,,,0.48,1.02,1.20,,0,0,0,,4.71,5.08,5.11,VMS 2,,Tanque,,,0.84,1.44,1.86,,1.55,7.98,8.03
18/06/2024 11:30 p. m.,Ordeño,10:18,22.93,2,,,,,0,,,0.54,1.26,1.32,,0,0,0,,5.26,5.13,5.26,VMS 2,,Tanque,,,1.14,1.68,1.86,,2.48,10.25,10.20
19/06/2024 01:22 p. m.,Ordeño,10:32,19.19,1,,,,,0,,,0.48,1.14,1.14,,0,0,0,,4.58,4.87,5.03,VMS 2,,Tanque,,,1.02,1.50,1.68,,1.82,9.45,7.92
20/06/2024 05:26 a. m.,Ordeño,12:51,21.41,1,,,,,0,,,0.48,1.02,1.20,,0,0,0,,4.77,4.90,4.74,VMS 2,,Tanque,,,0.84,1.44,1.74,,2.12,10.42,8.87
20/06/2024 03:30 p. m.,Ordeño,08:16,13.27,2,,,,,0,,,0.48,1.08,1.08,,0,0,0,,4.93,4.64,4.52,VMS 2,,Tanque,,,0.84,1.50,1.56,,1.66,6.34,5.27
21/06/2024 04:50 a. m.,Ordeño,09:49,17.41,1,,,,,0,,,0.48,1.08,1.14,,0,0,0,,4.98,5.13,5.11,VMS 2,,Tanque,,,0.84,1.44,1.56,,1.81,8.32,7.28
21/06/2024 03:40 p. m.,Ordeño,09:33,17.13,2,,,,,0,,,0.42,1.14,1.20,,0,0,0,,4.80,5.03,5.10,VMS 2,,Tanque,,,0.84,1.50,1.62,,1.85,8.28,7.00
22/06/2024 07:45 a. m.,Ordeño,13:37,22.46,1,,,,,0,,,0.42,0.96,1.08,,0,0,0,,4.81,5.13,5.10,VMS 2,,Tanque,,,0.78,1.44,1.56,,2.36,10.78,9.32
22/06/2024 08:26 p. m.,Ordeño,10:49,10.00,2,,,TD,TD,0,,,0.48,1.02,0.00,,0,0,0,,4.77,4.79,0.00,VMS 2,,Tanque,,,0.96,1.32,0.00,,1.88,8.12,0.00
23/06/2024 04:55 a. m.,Ordeño,13:01,19.15,1,,,,,0,,,0.42,0.90,1.08,,0,0,0,,4.61,4.78,5.31,VMS 2,,Tanque,,,0.84,1.32,1.44,,1.35,6.93,10.87
23/06/2024 05:26 p. m.,Ordeño,10:27,16.53,2,,,,,0,,,0.42,1.08,1.14,,0,0,0,,4.53,5.01,4.61,VMS 2,,Tanque,,,0.66,1.56,1.56,,1.49,8.50,6.54
24/06/2024 07:28 a. m.,Ordeño,11:13,20.80,1,,,,,0,,,0.60,1.14,1.08,,0,0,0,,5.35,5.07,5.07,VMS 2,,Tanque,,,1.08,1.56,1.56,,2.69,10.12,7.99
24/06/2024 08:22 p. m.,Ordeño,10:38,16.87,2,,,,,0,,,0.60,0.96,1.02,,0,0,0,,4.72,4.78,4.81,VMS 2,,Tanque,,,1.02,1.38,1.50,,1.87,8.19,6.81
25/06/2024 10:27 a. m.,Ordeño,10:41,18.61,1,,,,,0,,,0.36,1.08,1.14,,0,0,0,,4.74,5.03,5.14,VMS 2,,Tanque,,,0.72,1.44,1.50,,2.17,9.07,7.37
26/06/2024 12:10 a. m.,Ordeño,10:59,17.32,1,,,,,0,,,0.54,1.02,1.08,,0,0,0,,4.72,4.89,4.85,VMS 2,,Tanque,,,0.96,1.38,1.56,,1.68,8.52,7.12
26/06/2024 10:10 a. m.,Ordeño,09:24,14.68,2,,,,,0,,,0.54,1.02,1.14,,0,0,0,,4.77,4.89,4.91,VMS 2,,Tanque,,,0.96,1.38,1.62,,1.47,7.28,5.93
26/06/2024 04:32 p. m.,Ordeño,07:15,8.98,3,,,,,0,,,0.36,0.90,1.08,,0,0,0,,4.36,4.70,4.77,VMS 2,,Tanque,,,0.72,1.26,1.68,,0.72,4.62,3.64
27/06/2024 01:50 a. m.,Ordeño,08:11,11.48,1,,,,,0,,,0.30,0.96,1.08,,0,0,0,,4.56,5.04,5.05,VMS 2,,Tanque,,,0.54,1.38,1.56,,0.98,5.61,4.89
27/06/2024 03:28 p. m.,Ordeño,12:24,20.64,2,,,,,0,,,0.60,0.96,1.14,,0,0,0,,5.36,5.11,5.17,VMS 2,,Tanque,,,1.08,1.44,1.68,,2.82,9.73,8.09
28/06/2024 05:18 a. m.,Ordeño,12:00,17.44,1,,,DD,DD,0,,,0.00,0.96,1.14,,0,0,0,,0.00,4.69,4.81,VMS 2,,Tanque,,,0.00,1.38,1.56,,0.00,9.51,7.93
28/06/2024 11:37 p. m.,Ordeño,17:27,12.66,2,,,TD,TD,0,,,0.48,1.08,0.00,,0,0,0,,5.89,0.00,0.00,VMS 2,,Tanque,,,0.90,1.50,0.00,,3.21,9.45,0.00
29/06/2024 12:43 p. m.,Ordeño,12:54,24.79,1,,,,,0,,,0.42,1.14,1.14,,0,0,0,,4.76,0.00,5.74,VMS 2,,Tanque,,,0.78,1.56,1.74,,2.15,10.26,12.38
30/06/2024 01:48 a. m.,Ordeño,11:50,14.32,1,,,,,0,,,0.42,0.84,1.02,,0,0,0,,4.67,0.00,4.24,VMS 2,,Tanque,,,0.66,1.26,1.50,,1.41,7.91,5.00
30/06/2024 10:57 a. m.,Ordeño,09:37,12.23,2,,,,,0,,,0.36,0.96,1.02,,0,0,0,,4.51,0.00,4.95,VMS 2,,Tanque,,,0.60,1.38,1.62,,1.00,6.83,4.40
30/06/2024 10:04 p. m.,Ordeño,10:05,13.89,3,,,,,0,,,0.48,0.90,1.02,,0,0,0,,4.81,0.00,5.42,VMS 2,,Tanque,,,0.84,1.32,1.50,,1.25,7.05,5.59
01/07/2024 03:48 p. m.,Ordeño,13:23,24.18,1,,,,,0,,,0.48,1.14,1.26,,0,0,0,,5.12,0.00,5.27,VMS 2,,Tanque,,,0.90,1.56,1.80,,2.47,12.18,9.53
02/07/2024 07:33 a. m.,Ordeño,11:55,18.86,1,,,,,0,,,0.48,1.02,1.14,,0,0,0,,4.96,0.00,5.03,VMS 2,,Tanque,,,0.90,1.50,1.56,,1.79,9.56,7.51
02/07/2024 06:49 p. m.,Ordeño,09:49,14.61,2,,,,,0,,,0.36,1.02,1.08,,0,0,0,,4.59,0.00,4.89,VMS 2,,Tanque,,,0.60,1.44,1.50,,1.51,7.29,5.81
03/07/2024 07:33 a. m.,Ordeño,10:20,17.75,1,,,,,0,,,0.42,1.08,1.14,,0,0,0,,4.74,0.00,5.17,VMS 2,,Tanque,,,0.78,1.50,1.62,,1.73,8.83,7.19
03/07/2024 02:01 p. m.,Ordeño,07:32,8.67,2,,,,,0,,,0.36,0.84,1.02,,0,0,0,,4.33,0.00,4.62,VMS 2,,Tanque,,,0.66,1.26,1.44,,0.69,4.44,3.54
04/07/2024 01:53 p. m.,Ordeño,14:18,24.34,1,,,DD,DD,0,,,0.00,1.26,1.14,,0,0,0,,0.00,0.00,5.57,VMS 2,,Tanque,,,0.00,1.68,1.68,,0.00,13.10,11.24
04/07/2024 08:46 p. m.,Ordeño,08:24,10.82,2,,,,,0,DD,,0.66,0.96,0.96,,0,0,0,,6.21,0.00,4.29,VMS 2,,Tanque,,,1.14,1.38,1.44,,3.94,3.64,3.24
05/07/2024 12:37 p. m.,Ordeño,11:37,17.46,1,,,,,0,,,0.36,0.96,1.02,,0,0,0,,4.89,0.00,5.39,VMS 2,,Tanque,,,0.72,1.44,1.44,,1.43,8.56,7.47
05/07/2024 10:38 p. m.,Ordeño,09:17,14.34,2,,,,,0,,,0.36,1.08,1.02,,0,0,0,,4.79,0.00,4.95,VMS 2,,Tanque,,,0.84,1.74,1.38,,0.94,7.50,5.90
06/07/2024 09:16 a. m.,Ordeño,10:42,15.83,1,,,,,0,,,0.36,0.90,1.08,,0,0,0,,5.33,0.00,5.37,VMS 2,,Tanque,,,0.72,1.32,1.44,,1.54,7.75,6.54
06/07/2024 05:13 p. m.,Ordeño,09:04,11.44,2,,,,,0,,,0.30,0.84,1.08,,0,0,0,,4.85,0.00,5.23,VMS 2,,Tanque,,,0.66,1.32,1.50,,0.83,5.74,4.87
07/07/2024 01:07 a. m.,Ordeño,08:03,10.49,1,,,,,0,,,0.42,0.84,1.02,,0,0,0,,5.45,0.00,5.16,VMS 2,,Tanque,,,0.72,1.20,1.38,,1.34,4.87,4.28
07/07/2024 10:05 a. m.,Ordeño,08:49,12.38,2,,,,,0,,,0.36,0.96,1.08,,0,0,0,,4.85,0.00,5.24,VMS 2,,Tanque,,,0.72,1.26,1.56,,1.09,6.06,5.23
08/07/2024 01:44 a. m.,Ordeño,11:27,20.70,1,,,,,0,,,0.48,1.08,1.08,,0,0,0,,5.21,0.00,5.18,VMS 2,,Tanque,,,0.96,1.56,1.74,,1.97,10.12,8.61
08/07/2024 10:21 a. m.,Ordeño,08:37,12.75,2,,,,,0,,,0.54,0.96,1.02,,0,0,0,,5.05,0.00,4.72,VMS 2,,Tanque,,,0.90,1.38,1.50,,1.33,6.25,5.17
08/07/2024 08:16 p. m.,Ordeño,08:30,11.31,3,,,,,0,,,0.36,0.90,1.02,,0,0,0,,4.76,0.00,4.66,VMS 2,,Tanque,,,0.60,1.32,1.50,,1.21,5.44,4.66
09/07/2024 04:25 a. m.,Ordeño,08:48,10.69,1,,,,,0,,,0.48,0.78,0.96,,0,0,0,,4.69,0.00,4.89,VMS 2,,Tanque,,,0.78,1.14,1.32,,1.22,5.08,4.39
09/07/2024 12:19 p. m.,Ordeño,07:42,11.62,2,,,,,0,,,0.36,1.08,1.08,,0,0,0,,4.29,0.00,4.72,VMS 2,,Tanque,,,0.78,1.44,1.50,,0.78,6.00,4.84
09/07/2024 08:54 p. m.,Ordeño,06:57,10.72,3,,,,,0,,,0.48,1.08,1.20,,0,0,0,,4.91,0.00,4.62,VMS 2,,Tanque,,,0.90,1.50,1.56,,1.23,5.31,4.18
10/07/2024 05:35 a. m.,Ordeño,08:17,11.53,1,,,,,0,,,0.36,0.90,1.08,,0,0,0,,4.85,0.00,5.22,VMS 2,,Tanque,,,0.66,1.26,1.68,,1.20,5.39,4.94
10/07/2024 03:23 p. m.,Ordeño,10:05,14.03,2,,,,,0,,,0.48,0.90,0.96,,0,0,0,,4.86,0.00,5.00,VMS 2,,Tanque,,,0.84,1.20,1.44,,0.99,7.20,5.84
11/07/2024 04:39 a. m.,Ordeño,11:01,18.55,1,,,,,0,,,0.48,0.96,1.02,,0,0,0,,5.05,0.00,4.94,VMS 2,,Tanque,,,0.78,1.38,1.68,,2.53,8.93,7.09
11/07/2024 02:41 p. m.,Ordeño,09:34,14.26,2,,,,,0,,,0.48,0.96,0.96,,0,0,0,,4.70,0.00,4.67,VMS 2,,Tanque,,,0.90,1.50,1.44,,1.58,7.03,5.65
11/07/2024 11:40 p. m.,Ordeño,09:06,11.21,3,,,,,0,,,0.36,0.84,1.02,,0,0,0,,4.32,0.00,4.75,VMS 2,,Tanque,,,0.66,1.32,1.32,,1.09,5.43,4.69
12/07/2024 11:52 a. m.,Ordeño,11:30,17.76,1,,,,,0,,,0.48,1.02,1.14,,0,0,0,,4.85,0.00,5.21,VMS 2,,Tanque,,,0.78,1.38,1.62,,1.39,9.08,7.29
13/07/2024 01:40 a. m.,Ordeño,10:31,18.30,1,,,,,0,,,0.48,1.08,1.14,,0,0,0,,4.99,0.00,4.86,VMS 2,,Tanque,,,0.84,1.38,1.68,,1.65,9.00,7.65
13/07/2024 05:11 p. m.,Ordeño,10:51,20.89,2,,,,,0,,,0.54,1.20,1.02,,0,0,0,,5.21,0.00,4.73,VMS 2,,Tanque,,,1.08,1.68,1.50,,2.96,9.97,7.96
14/07/2024 01:14 a. m.,Ordeño,07:58,9.99,1,,,,,0,,,0.48,0.90,0.96,,0,0,0,,4.27,0.00,4.50,VMS 2,,Tanque,,,0.78,1.26,1.38,,0.90,4.95,4.14
14/07/2024 03:06 p. m.,Ordeño,11:57,17.86,2,,,,,0,,,0.42,0.96,1.08,,0,0,0,,4.89,0.00,5.14,VMS 2,,Tanque,,,0.66,1.32,1.50,,1.79,8.83,7.24
14/07/2024 10:45 p. m.,Ordeño,06:44,8.42,3,,,,,0,,,0.36,0.90,1.02,,0,0,0,,4.44,0.00,4.60,VMS 2,,Tanque,,,0.72,1.44,1.50,,0.81,4.20,3.41
15/07/2024 05:40 a. m.,Ordeño,07:19,9.44,1,,,,,0,,,0.48,0.90,1.08,,0,0,0,,4.78,0.00,4.86,VMS 2,,Tanque,,,0.78,1.38,1.56,,0.91,4.64,3.89
15/07/2024 06:12 p. m.,Ordeño,11:03,16.44,2,,,,,0,,,0.42,0.90,1.08,,0,0,0,,4.72,0.00,5.00,VMS 2,,Tanque,,,0.78,1.26,1.56,,1.58,8.04,6.82
16/07/2024 11:10 a. m.,Ordeño,10:44,21.07,1,,,,,0,,,0.48,1.20,1.14,,0,0,0,,5.14,0.00,4.99,VMS 2,,Tanque,,,0.96,1.68,1.56,,2.41,10.23,8.43
17/07/2024 12:16 p. m.,Ordeño,13:32,25.70,1,,,,,0,,,0.54,1.14,1.02,,0,0,0,,5.06,0.00,5.19,VMS 2,,Tanque,,,0.96,1.68,1.50,,2.70,12.59,10.41
18/07/2024 12:28 a. m.,Ordeño,09:05,14.17,1,,,,,0,,,0.36,1.08,1.08,,0,0,0,,4.07,0.00,4.31,VMS 2,,Tanque,,,0.84,1.74,1.56,,1.31,7.08,5.78
18/07/2024 02:37 p. m.,Ordeño,09:47,16.38,2,,,,,0,,,0.54,1.14,1.08,,0,0,0,,5.36,0.00,5.49,VMS 2,,Tanque,,,1.02,1.50,1.44,,2.13,7.78,6.47
19/07/2024 12:09 a. m.,Ordeño,06:45,8.85,1,,,,,0,,,0.36,1.02,1.08,,0,0,0,,4.40,0.00,4.72,VMS 2,,Tanque,,,0.54,1.44,1.44,,0.78,4.42,3.65
19/07/2024 11:22 a. m.,Ordeño,08:53,13.57,2,,,,,0,,,0.36,1.02,1.02,,0,0,0,,4.75,0.00,5.28,VMS 2,,Tanque,,,0.66,1.50,1.44,,1.32,6.70,5.55
20/07/2024 01:23 a. m.,Ordeño,10:40,18.04,1,,,,,0,,,0.42,1.08,1.14,,0,0,0,,5.14,0.00,5.34,VMS 2,,Tanque,,,0.60,1.62,1.56,,1.86,9.00,7.18
20/07/2024 02:33 p. m.,Ordeño,10:56,17.03,2,,,,,0,,,0.48,0.96,1.14,,0,0,0,,4.97,0.00,5.05,VMS 2,,Tanque,,,0.84,1.32,1.50,,1.71,8.23,7.09
20/07/2024 09:41 p. m.,Ordeño,07:09,9.50,3,,,,,0,,,0.42,0.96,1.02,,0,0,0,,4.56,0.00,4.80,VMS 2,,Tanque,,,0.72,1.38,1.68,,0.92,4.82,3.76
21/07/2024 08:16 a. m.,Ordeño,10:19,14.94,1,,,,,0,,,0.42,0.96,1.08,,0,0,0,,4.96,0.00,5.35,VMS 2,,Tanque,,,0.78,1.44,1.50,,1.58,7.29,6.07
21/07/2024 07:50 p. m.,Ordeño,09:17,15.58,2,,,,,0,,,0.36,1.14,1.14,,0,0,0,,4.52,0.00,4.96,VMS 2,,Tanque,,,0.66,1.56,1.68,,1.37,7.74,6.47
22/07/2024 09:37 a. m.,Ordeño,10:36,17.51,1,,DD,,,0,,,0.48,1.02,1.20,,0,0,0,,4.67,0.00,4.85,VMS 2,,Tanque,,,0.90,1.50,1.80,,1.62,8.58,7.31
22/07/2024 08:07 p. m.,Ordeño,08:11,13.61,2,,,,,0,,,0.48,1.14,1.14,,0,0,0,,4.90,0.00,4.84,VMS 2,,Tanque,,,0.90,1.56,1.50,,1.54,6.66,5.41
23/07/2024 10:18 a. m.,Ordeño,11:07,18.54,1,,,,,0,,,0.42,1.02,1.26,,0,0,0,,4.78,0.00,4.73,VMS 2,,Tanque,,,0.84,1.56,1.74,,1.92,9.10,7.52
23/07/2024 10:23 p. m.,Ordeño,09:34,13.78,2,,,,,0,,,0.48,0.96,1.08,,0,0,0,,4.53,0.00,4.82,VMS 2,,Tanque,,,0.78,1.32,1.50,,1.27,6.84,5.67
24/07/2024 06:40 a. m.,Ordeño,08:24,11.84,1,,,,,0,,,0.54,0.96,0.96,,0,0,0,,4.85,0.00,4.82,VMS 2,,Tanque,,,0.96,1.44,1.32,,1.37,5.81,4.66
24/07/2024 05:43 p. m.,Ordeño,09:34,14.42,2,,,,,0,,,0.42,1.02,0.90,,0,0,0,,4.52,0.00,4.82,VMS 2,,Tanque,,,0.72,1.50,1.38,,1.39,7.32,5.71
25/07/2024 02:31 a. m.,Ordeño,07:57,10.91,1,,,,,0,,,0.42,0.96,0.96,,0,0,0,,4.73,0.00,4.78,VMS 2,,Tanque,,,0.78,1.44,1.38,,1.21,5.42,4.28
25/07/2024 12:51 p. m.,Ordeño,10:42,13.66,2,,,,,0,,,0.48,0.84,1.08,,0,0,0,,4.85,0.00,4.96,VMS 2,,Tanque,,,0.84,1.26,1.56,,1.40,6.55,5.71
26/07/2024 01:31 a. m.,Ordeño,11:11,16.44,1,,,,,0,,,0.36,0.96,1.08,,0,0,0,,4.81,0.00,4.98,VMS 2,,Tanque,,,0.72,1.32,1.50,,1.66,8.10,6.68
26/07/2024 11:23 a. m.,Ordeño,09:39,14.09,2,,,,,0,,,0.48,0.96,1.14,,0,0,0,,4.60,0.00,4.84,VMS 2,,Tanque,,,0.84,1.38,1.68,,1.34,6.93,5.82
26/07/2024 09:09 p. m.,Ordeño,09:30,12.24,3,,,,,0,,,0.36,0.84,1.08,,0,0,0,,4.63,0.00,4.79,VMS 2,,Tanque,,,0.66,1.26,1.44,,1.30,5.91,5.03
27/07/2024 10:36 a. m.,Ordeño,10:23,17.11,1,,,,,0,,,0.48,1.02,1.20,,0,0,0,,4.87,0.00,4.98,VMS 2,,Tanque,,,0.84,1.38,1.62,,1.80,8.42,6.89
27/07/2024 08:59 p. m.,Ordeño,09:24,12.76,2,,,,,0,,,0.36,0.96,1.20,,0,0,0,,4.30,0.00,4.61,VMS 2,,Tanque,,,0.66,1.44,1.56,,1.15,6.57,5.04
28/07/2024 10:24 a. m.,Ordeño,09:49,16.47,1,,,,,0,,,0.48,1.08,1.20,,0,0,0,,4.85,0.00,4.83,VMS 2,,Tanque,,,0.84,1.44,1.68,,1.84,7.94,6.69
28/07/2024 09:39 p. m.,Ordeño,08:07,11.96,2,,,,,0,,,0.42,1.02,1.08,,0,0,0,,4.48,0.00,4.77,VMS 2,,Tanque,,,0.78,1.38,1.50,,1.19,5.94,4.83
29/07/2024 09:35 a. m.,Ordeño,08:48,14.87,1,,,,,0,,,0.48,1.14,1.02,,0,0,0,,4.76,0.00,5.08,VMS 2,,Tanque,,,0.84,1.56,1.44,,1.60,7.27,6.00
29/07/2024 05:33 p. m.,Ordeño,07:16,10.18,2,,,,,0,,,0.42,1.02,1.02,,0,0,0,,4.58,0.00,4.84,VMS 2,,Tanque,,,0.78,1.62,1.44,,1.01,5.15,4.02
30/07/2024 04:24 a. m.,Ordeño,09:27,12.04,1,,,,,0,,,0.42,0.96,0.72,,0,0,0,,4.19,0.00,4.76,VMS 2,,Tanque,,,0.78,1.26,1.38,,1.11,6.11,4.82
30/07/2024 05:44 p. m.,Ordeño,10:35,17.93,2,,,,,0,,,0.42,1.08,1.08,,0,0,0,,5.03,0.00,5.01,VMS 2,,Tanque,,,0.72,1.44,1.50,,2.09,8.73,7.11
31/07/2024 05:35 a. m.,Ordeño,10:11,14.24,1,,,,,0,,,0.36,0.96,0.90,,0,0,0,,4.30,0.00,4.79,VMS 2,,Tanque,,,0.72,1.38,1.32,,1.19,7.24,5.81
31/07/2024 05:33 p. m.,Ordeño,10:09,15.85,2,,,,,0,,,0.36,1.02,1.08,,0,0,0,,4.69,0.00,5.01,VMS 2,,Tanque,,,0.60,1.56,1.50,,1.49,8.08,6.28
01/08/2024 04:21 a. m.,Ordeño,09:31,13.34,1,,,,,0,,,0.36,0.90,1.08,,0,0,0,,4.71,0.00,4.87,VMS 2,,Tanque,,,0.60,1.32,1.50,,1.52,6.39,5.43
01/08/2024 01:33 p. m.,Ordeño,09:36,12.92,2,,,,,0,,,0.36,0.90,1.08,,0,0,0,,4.42,0.00,5.14,VMS 2,,Tanque,,,0.72,1.32,1.56,,0.95,6.76,5.21
02/08/2024 12:23 a. m.,Ordeño,09:22,14.63,1,,,,,0,,,0.42,1.02,1.20,,0,0,0,,4.94,0.00,4.96,VMS 2,,Tanque,,,0.84,1.50,1.62,,1.55,7.28,5.80
02/08/2024 02:57 p. m.,Ordeño,10:49,18.94,2,,,,,0,,,0.36,1.14,1.14,,0,0,0,,4.72,0.00,5.10,VMS 2,,Tanque,,,0.72,1.62,1.50,,1.80,9.51,7.63
03/08/2024 01:23 a. m.,Ordeño,08:33,12.32,1,,,,,0,,,0.36,0.96,0.96,,0,0,0,,4.47,0.00,4.66,VMS 2,,Tanque,,,0.72,1.38,1.56,,1.26,6.12,4.94
03/08/2024 06:34 p. m.,Ordeño,11:07,19.88,2,,,,,0,,,0.36,1.14,1.08,,0,0,0,,4.73,0.00,4.99,VMS 2,,Tanque,,,0.72,1.62,1.44,,2.00,9.97,7.91
04/08/2024 04:38 a. m.,Ordeño,06:42,9.54,1,,,,,0,,,0.42,1.08,1.14,,0,0,0,,4.39,0.00,4.60,VMS 2,,Tanque,,,0.78,1.50,1.56,,0.98,4.69,3.87
04/08/2024 02:54 p. m.,Ordeño,08:53,11.94,2,,,,,0,,,0.36,0.90,0.96,,0,0,0,,4.51,0.00,5.09,VMS 2,,Tanque,,,0.66,1.32,1.32,,0.98,6.01,4.95
05/08/2024 09:21 a. m.,Ordeño,11:00,21.66,1,,,,,0,,,0.54,1.26,1.14,,0,0,0,,5.45,0.00,5.08,VMS 2,,Tanque,,,0.90,1.80,1.56,,2.28,10.88,8.50
05/08/2024 06:14 p. m.,Ordeño,07:19,10.09,2,,,,,0,,,0.36,1.02,0.96,,0,0,0,,4.29,0.00,4.49,VMS 2,,Tanque,,,0.72,1.50,1.56,,0.91,5.28,3.90
06/08/2024 04:00 a. m.,Ordeño,08:17,10.30,1,,,,,0,,,0.36,0.90,1.02,,0,0,0,,4.45,0.00,4.89,VMS 2,,Tanque,,,0.66,1.32,1.44,,0.80,5.26,4.24
06/08/2024 04:19 p. m.,Ordeño,08:56,15.23,2,,,,,0,,,0.48,1.14,1.14,,0,0,0,,5.08,0.00,5.26,VMS 2,,Tanque,,,0.78,1.68,1.56,,1.29,7.71,6.23
07/08/2024 02:57 a. m.,Ordeño,08:15,13.36,1,,,,,0,,,0.54,1.08,1.02,,0,0,0,,5.24,0.00,4.93,VMS 2,,Tanque,,,0.84,1.50,1.68,,1.69,6.52,5.15
07/08/2024 01:00 p. m.,Ordeño,09:06,13.25,2,,,,,0,,,0.42,1.02,1.08,,0,0,0,,4.77,0.00,5.17,VMS 2,,Tanque,,,0.72,1.38,1.44,,0.92,6.98,5.35
08/08/2024 12:57 a. m.,Ordeño,09:05,13.82,1,,,,,0,,,0.54,1.02,1.02,,0,0,0,,5.11,0.00,5.12,VMS 2,,Tanque,,,0.90,1.38,1.44,,1.50,6.83,5.49
08/08/2024 09:12 a. m.,Ordeño,07:38,11.35,2,,,,,0,,,0.42,1.08,1.08,,0,0,0,,4.29,0.00,4.72,VMS 2,,Tanque,,,0.66,1.44,1.56,,0.81,5.86,4.68
08/08/2024 08:02 p. m.,Ordeño,10:18,13.07,3,,,,,0,,,0.48,0.84,0.90,,0,0,0,,5.12,0.00,5.16,VMS 2,,Tanque,,,0.78,1.20,1.32,,1.46,6.38,5.23
09/08/2024 09:14 a. m.,Ordeño,10:13,16.96,1,,,,,0,,,0.48,1.08,1.14,,0,0,0,,4.99,0.00,5.01,VMS 2,,Tanque,,,0.84,1.44,1.56,,1.83,8.46,6.67
09/08/2024 06:06 p. m.,Ordeño,07:27,11.15,2,,,,,0,,,0.42,1.08,1.14,,0,0,0,,4.65,0.00,4.75,VMS 2,,Tanque,,,0.78,1.68,1.80,,1.08,5.59,4.48
10/08/2024 06:10 a. m.,Ordeño,08:57,14.77,1,,,,,0,,,0.48,1.08,1.08,,0,0,0,,4.65,0.00,5.02,VMS 2,,Tanque,,,0.78,1.50,1.56,,1.42,7.23,6.12
10/08/2024 05:23 p. m.,Ordeño,09:42,14.00,2,,,,,0,,,0.48,0.96,1.14,,0,0,0,,4.80,0.00,4.89,VMS 2,,Tanque,,,0.78,1.44,1.62,,1.44,6.95,5.61
10/08/2024 11:59 p. m.,Ordeño,06:23,7.68,1,,,,,0,,,0.36,0.96,0.96,,0,0,0,,4.21,0.00,4.62,VMS 2,,Tanque,,,0.66,1.32,1.32,,0.66,4.00,3.02
11/08/2024 11:36 a. m.,Ordeño,09:40,14.92,2,,,,,0,,,0.42,1.02,1.20,,0,0,0,,4.85,0.00,5.04,VMS 2,,Tanque,,,0.78,1.56,1.62,,1.29,7.27,6.36
11/08/2024 08:44 p. m.,Ordeño,08:13,11.13,3,,,,,0,,,0.42,0.96,1.02,,0,0,0,,4.69,0.00,4.90,VMS 2,,Tanque,,,0.84,1.26,1.50,,1.04,5.54,4.55
12/08/2024 06:20 a. m.,Ordeño,08:23,12.33,1,,,,,0,,,0.42,1.02,1.08,,0,0,0,,5.02,0.00,5.12,VMS 2,,Tanque,,,0.72,1.38,1.50,,1.41,6.04,4.88
12/08/2024 08:40 p. m.,Ordeño,10:06,16.19,2,,,,,0,,,0.36,1.02,1.08,,0,0,0,,4.51,0.00,4.89,VMS 2,,Tanque,,,0.84,1.44,1.44,,1.56,8.11,6.52
13/08/2024 07:48 a. m.,Ordeño,09:16,13.82,1,,,,,0,,,0.36,1.02,1.08,,0,0,0,,4.38,0.00,4.56,VMS 2,,Tanque,,,0.78,1.44,1.56,,1.40,6.87,5.55
13/08/2024 06:33 p. m.,Ordeño,09:10,11.70,2,,,,,0,,,0.36,0.90,1.02,,0,0,0,,4.33,0.00,4.59,VMS 2,,Tanque,,,0.66,1.26,1.44,,1.08,5.94,4.68
14/08/2024 08:12 a. m.,Ordeño,10:01,16.14,1,,,,,0,,,0.42,1.08,1.14,,0,0,0,,4.60,0.00,4.80,VMS 2,,Tanque,,,0.84,1.44,1.50,,1.67,7.87,6.60
14/08/2024 05:35 p. m.,Ordeño,07:28,11.16,2,,,,,0,,,0.36,1.08,1.08,,0,0,0,,4.18,0.00,4.68,VMS 2,,Tanque,,,0.60,1.44,1.50,,0.96,5.74,4.46
15/08/2024 07:33 a. m.,Ordeño,09:48,14.79,1,,,,,0,,,0.42,1.02,1.08,,0,0,0,,4.65,0.00,4.87,VMS 2,,Tanque,,,0.72,1.38,1.56,,1.49,7.35,5.95
15/08/2024 05:27 p. m.,Ordeño,08:58,11.93,2,,,,,0,,,0.36,0.90,1.08,,0,0,0,,4.57,0.00,4.70,VMS 2,,Tanque,,,0.66,1.32,1.50,,1.17,5.99,4.77
16/08/2024 06:55 a. m.,Ordeño,10:54,16.42,1,,,,,0,,,0.48,0.96,1.02,,0,0,0,,4.79,0.00,4.79,VMS 2,,Tanque,,,0.78,1.50,1.56,,1.66,8.08,6.68
16/08/2024 05:38 p. m.,Ordeño,08:44,12.30,2,,,,,0,,,0.48,0.96,1.02,,0,0,0,,4.50,0.00,4.59,VMS 2,,Tanque,,,0.84,1.38,1.68,,1.21,6.16,4.93
17/08/2024 07:56 a. m.,Ordeño,10:42,16.83,1,,,,,0,,,0.42,1.02,1.08,,0,0,0,,4.65,0.00,4.86,VMS 2,,Tanque,,,0.72,1.44,1.74,,1.67,8.38,6.78
17/08/2024 07:50 p. m.,Ordeño,09:59,13.54,2,,,,,0,,,0.36,0.96,0.96,,0,0,0,,4.42,0.00,4.74,VMS 2,,Tanque,,,0.66,1.44,1.44,,1.33,6.68,5.53
18/08/2024 08:33 a. m.,Ordeño,09:49,15.06,1,,,,,0,,,0.48,0.96,0.96,,0,0,0,,4.41,0.00,4.58,VMS 2,,Tanque,,,0.90,1.38,1.50,,1.47,7.47,6.12
18/08/2024 06:38 p. m.,Ordeño,08:14,11.07,2,,,,,0,,,0.36,0.96,1.08,,0,0,0,,4.30,0.00,4.65,VMS 2,,Tanque,,,0.72,1.32,1.62,,1.00,5.60,4.47
19/08/2024 06:58 p. m.,Ordeño,12:41,24.51,1,,,,,0,,,0.48,1.20,1.14,,0,0,0,,5.51,0.00,5.53,VMS 2,,Tanque,,,0.90,1.62,1.56,,2.48,12.11,9.92
20/08/2024 09:45 a. m.,Ordeño,08:49,13.66,1,,,,,0,,,0.42,1.02,1.02,,0,0,0,,4.76,0.00,4.61,VMS 2,,Tanque,,,0.72,1.44,1.38,,1.52,6.76,5.38
20/08/2024 10:05 p. m.,Ordeño,08:48,13.49,2,,,,,0,,,0.36,1.08,1.02,,0,0,0,,4.59,0.00,5.15,VMS 2,,Tanque,,,0.66,1.50,1.38,,1.13,6.95,5.41
21/08/2024 06:15 a. m.,Ordeño,06:58,9.64,1,,,,,0,,,0.36,1.02,1.02,,0,0,0,,4.58,0.00,4.92,VMS 2,,Tanque,,,0.66,1.38,1.44,,0.86,4.88,3.90
21/08/2024 07:51 p. m.,Ordeño,11:36,16.25,2,,,,,0,,,0.36,0.90,1.02,,0,0,0,,4.81,0.00,5.44,VMS 2,,Tanque,,,0.66,1.20,1.50,,1.27,8.11,6.87
22/08/2024 06:42 a. m.,Ordeño,09:10,14.45,1,,,,,0,,,0.36,1.02,1.08,,0,0,0,,4.90,0.00,5.06,VMS 2,,Tanque,,,0.66,1.44,1.38,,1.59,7.14,5.72
22/08/2024 06:58 p. m.,Ordeño,10:15,15.48,2,,,,,0,,,0.30,1.02,1.08,,0,0,0,,4.54,0.00,5.30,VMS 2,,Tanque,,,0.66,1.50,1.50,,0.98,8.13,6.37
23/08/2024 04:35 a. m.,Ordeño,08:24,12.68,1,,,,,0,,,0.42,1.02,1.02,,0,0,0,,5.20,0.00,4.96,VMS 2,,Tanque,,,0.78,1.44,1.50,,1.58,6.18,4.92
23/08/2024 03:12 p. m.,Ordeño,09:34,13.16,2,,,,,0,,,0.36,0.96,0.96,,0,0,0,,4.33,0.00,5.01,VMS 2,,Tanque,,,0.66,1.44,1.56,,0.95,6.73,5.48
24/08/2024 01:25 a. m.,Ordeño,07:59,12.36,1,,,,,0,,,0.36,1.08,1.08,,0,0,0,,4.68,0.00,5.03,VMS 2,,Tanque,,,0.66,1.38,1.44,,1.18,6.23,4.95
24/08/2024 10:04 a. m.,Ordeño,08:28,11.32,2,,,,,0,,,0.36,0.96,1.02,,0,0,0,,4.40,0.00,5.01,VMS 2,,Tanque,,,0.78,1.38,1.50,,0.72,6.01,4.59
24/08/2024 11:31 p. m.,Ordeño,09:59,15.68,3,,,,,0,,,0.42,1.02,1.08,,0,0,0,,4.96,0.00,4.74,VMS 2,,Tanque,,,0.66,1.50,1.62,,1.79,7.64,6.25
25/08/2024 01:13 p. m.,Ordeño,11:41,14.95,1,,,,,0,,,0.42,0.84,1.14,,0,0,0,,4.72,0.00,4.68,VMS 2,,Tanque,,,0.72,1.32,1.50,,1.43,7.50,6.02
26/08/2024 12:52 a. m.,Ordeño,09:09,12.88,1,,,,,0,,,0.36,1.02,1.02,,0,0,0,,4.35,0.00,4.56,VMS 2,,Tanque,,,0.72,1.38,1.32,,0.95,6.71,5.22
26/08/2024 09:02 a. m.,Ordeño,07:28,10.32,2,,,,,0,,,0.42,1.08,1.14,,0,0,0,,4.57,0.00,4.85,VMS 2,,Tanque,,,0.84,1.44,1.62,,0.88,5.32,4.12
26/08/2024 10:33 p. m.,Ordeño,09:32,15.19,3,,,,,0,,,0.36,1.08,1.08,,0,0,0,,4.30,0.00,4.81,VMS 2,,Tanque,,,0.60,1.56,1.62,,1.06,7.80,6.33
27/08/2024 09:25 a. m.,Ordeño,08:13,12.42,1,,,,,0,,,0.42,1.14,1.02,,0,0,0,,4.83,0.00,4.60,VMS 2,,Tanque,,,0.72,1.56,1.50,,1.30,6.29,4.83
27/08/2024 09:36 p. m.,Ordeño,08:56,13.15,2,,,,,0,,,0.30,1.02,0.96,,0,0,0,,4.17,0.00,4.61,VMS 2,,Tanque,,,0.54,1.38,1.44,,0.90,6.85,5.40
28/08/2024 04:19 a. m.,Ordeño,08:14,9.78,1,,,,,0,,,0.36,0.96,1.02,,0,0,0,,4.57,0.00,4.64,VMS 2,,Tanque,,,0.78,1.32,1.50,,0.94,4.91,3.93
28/08/2024 01:29 p. m.,Ordeño,08:10,11.53,2,,,,,0,,,0.36,0.96,1.02,,0,0,0,,4.95,0.00,4.84,VMS 2,,Tanque,,,0.90,1.32,1.68,,1.15,5.81,4.57
29/08/2024 01:02 a. m.,Ordeño,08:51,13.43,1,,,,,0,,,0.36,1.02,1.02,,0,0,0,,4.43,0.00,4.99,VMS 2,,Tanque,,,0.72,1.44,1.50,,1.20,6.77,5.46
29/08/2024 09:30 a. m.,Ordeño,07:04,11.00,2,,,,,0,,,0.36,1.26,1.02,,0,0,0,,4.58,0.00,4.90,VMS 2,,Tanque,,,0.72,1.74,1.50,,0.88,5.76,4.36
29/08/2024 06:14 p. m.,Ordeño,07:35,10.62,3,,,,,0,,,0.42,1.02,1.14,,0,0,0,,4.53,0.00,4.89,VMS 2,,Tanque,,,0.66,1.44,1.50,,0.78,5.47,4.37
30/08/2024 06:32 a. m.,Ordeño,08:48,14.86,1,,,,,0,,,0.36,1.14,1.14,,0,0,0,,4.58,0.00,4.98,VMS 2,,Tanque,,,0.66,1.62,1.56,,1.07,7.69,6.10
30/08/2024 02:11 p. m.,Ordeño,06:30,9.08,2,,,,,0,,,0.30,1.08,1.08,,0,0,0,,4.48,0.00,4.71,VMS 2,,Tanque,,,0.60,1.44,1.62,,0.58,4.77,3.73
31/08/2024 02:21 a. m.,Ordeño,07:35,8.02,1,,TI,TI,,0,,,0.42,0.36,1.08,,0,0,0,,5.11,0.00,4.81,VMS 2,,Tanque,,,0.72,0.66,1.68,,1.82,0.59,5.61
31/08/2024 08:26 p. m.,Ordeño,13:33,21.35,2,,,,,0,,,0.42,1.02,1.20,,0,0,0,,4.53,0.00,4.92,VMS 2,,Tanque,,,0.78,1.44,1.80,,1.61,11.43,8.31
01/09/2024 08:37 a. m.,Ordeño,07:47,11.98,1,,,,,0,,,0.48,0.96,1.02,,0,0,0,,4.63,0.00,4.37,VMS 2,,Tanque,,,0.90,1.38,1.50,,1.45,5.06,5.47
01/09/2024 06:00 p. m.,Ordeño,06:50,7.94,2,,,,,0,,,0.42,0.84,0.84,,0,0,0,,4.36,0.00,4.36,VMS 2,,Tanque,,,0.72,1.14,1.20,,0.89,3.08,3.97
02/09/2024 01:34 a. m.,Ordeño,06:05,6.75,1,,,,,0,,,0.36,0.78,0.96,,0,0,0,,4.45,0.00,4.73,VMS 2,,Tanque,,,0.54,1.26,1.38,,0.66,2.75,3.34
02/09/2024 01:23 p. m.,Ordeño,08:18,14.60,2,,,,,0,,,0.36,1.14,1.08,,0,0,0,,4.69,0.00,5.12,VMS 2,,Tanque,,,0.66,1.56,1.62,,1.31,6.75,6.54
02/09/2024 08:49 p. m.,Ordeño,06:18,8.31,3,,,,,0,,,0.36,0.90,0.90,,0,0,0,,4.48,0.00,4.59,VMS 2,,Tanque,,,0.66,1.26,1.50,,0.87,3.92,3.52
03/09/2024 06:25 a. m.,Ordeño,08:14,11.60,1,,,,,0,,,0.36,0.96,0.96,,0,0,0,,4.35,0.00,4.91,VMS 2,,Tanque,,,0.78,1.50,1.62,,1.06,5.62,4.92
03/09/2024 05:45 p. m.,Ordeño,09:00,13.31,2,,,,,0,,,0.42,0.96,1.02,,0,0,0,,4.58,0.00,5.06,VMS 2,,Tanque,,,0.66,1.44,1.50,,0.99,6.67,5.65
04/09/2024 05:49 a. m.,Ordeño,09:21,14.88,1,,,,,0,,,0.48,1.08,1.02,,0,0,0,,5.10,0.00,4.79,VMS 2,,Tanque,,,0.84,1.44,1.68,,1.63,7.42,5.83
04/09/2024 08:25 p. m.,Ordeño,09:13,16.09,2,,,,,0,,,0.48,1.14,1.08,,0,0,0,,4.61,4.59,4.79,VMS 2,,Tanque,,,0.78,1.56,1.56,,1.49,8.10,6.50
05/09/2024 10:24 a. m.,Ordeño,09:46,15.38,1,,,,,0,,,0.36,1.08,1.08,,0,0,0,,4.07,4.56,4.64,VMS 2,,Tanque,,,0.60,1.50,1.68,,1.21,7.98,6.19
06/09/2024 12:44 a. m.,Ordeño,10:02,14.71,1,,,,,0,,,0.42,1.02,0.96,,0,0,0,,4.45,4.52,4.49,VMS 2,,Tanque,,,0.72,1.44,1.50,,1.35,7.49,5.87
06/09/2024 12:26 p. m.,Ordeño,08:17,12.27,2,,,,,0,,,0.36,1.08,0.96,,0,0,0,,4.18,4.45,4.36,VMS 2,,Tanque,,,0.60,1.44,1.44,,1.12,6.21,4.94
06/09/2024 10:58 p. m.,Ordeño,08:38,11.24,3,,,,,0,,,0.36,0.96,0.90,,0,0,0,,4.20,4.53,4.48,VMS 2,,Tanque,,,0.66,1.44,1.38,,1.08,5.71,4.45
07/09/2024 08:10 a. m.,Ordeño,08:21,11.09,1,,,,,0,,,0.30,1.08,0.90,,0,0,0,,4.18,4.69,4.67,VMS 2,,Tanque,,,0.72,1.86,1.32,,0.85,5.78,4.46
07/09/2024 09:46 p. m.,Ordeño,09:59,15.40,2,,,,,0,,,0.30,1.08,0.96,,0,0,0,,3.99,4.69,4.60,VMS 2,,Tanque,,,0.60,1.50,1.38,,1.03,8.02,6.35
08/09/2024 06:20 a. m.,Ordeño,06:57,9.65,1,,,,,0,,,0.36,1.02,0.96,,0,0,0,,4.62,4.29,4.27,VMS 2,,Tanque,,,0.66,1.50,1.50,,1.25,4.77,3.63
09/09/2024 02:23 a. m.,Ordeño,11:52,21.34,1,,,,,0,,,0.48,1.14,1.14,,0,0,0,,4.70,4.73,4.93,VMS 2,,Tanque,,,1.08,1.62,1.62,,1.81,11.09,8.44
09/09/2024 02:13 p. m.,Ordeño,08:29,12.00,2,,,,,0,,,0.36,1.02,1.02,,0,334,0,,4.31,4.34,4.36,VMS 2,,Tanque,,,0.66,1.50,1.50,,1.24,6.28,4.48
09/09/2024 11:25 p. m.,Ordeño,07:45,8.51,3,,,,,0,,,0.36,0.84,0.84,,0,0,0,,4.05,4.55,4.60,VMS 2,,Tanque,,,0.66,1.26,1.44,,0.69,4.40,3.42
10/09/2024 01:59 p. m.,Ordeño,11:08,16.41,1,,,,,0,,,0.36,0.96,1.02,,0,0,0,,4.61,4.82,4.90,VMS 2,,Tanque,,,0.66,1.44,1.68,,1.50,8.29,6.62
11/09/2024 04:53 a. m.,Ordeño,09:30,14.12,1,,,,,0,,,0.36,0.96,0.96,,0,0,0,,4.34,4.55,4.55,VMS 2,,Tanque,,,0.60,1.38,1.62,,1.37,6.94,5.81
13/09/2024 08:30 a. m.,Ordeño,07:47,13.06,1,,,,,0,,,0.42,1.08,1.08,,0,0,0,,4.18,4.64,4.75,VMS 2,,Tanque,,,0.66,1.50,1.74,,1.15,6.56,5.35
14/09/2024 07:03 a. m.,Ordeño,11:56,21.10,1,,,,,0,,,0.48,1.08,1.08,,0,0,0,,4.26,4.77,4.81,VMS 2,,Tanque,,,0.84,1.50,1.56,,1.45,10.83,8.82
14/09/2024 08:58 p. m.,Ordeño,07:43,11.12,2,,,,,0,,,0.42,1.02,0.96,,0,0,0,,4.39,4.45,4.38,VMS 2,,Tanque,,,0.72,1.38,1.50,,1.38,5.47,4.27
15/09/2024 10:07 p. m.,Ordeño,11:30,20.38,1,,,,,0,,,0.48,1.08,1.02,,0,0,0,,4.73,4.76,4.85,VMS 2,,Tanque,,,0.84,1.62,1.62,,1.90,10.18,8.30
16/09/2024 11:30 a. m.,Ordeño,07:36,9.54,1,,,,,0,,,0.36,0.90,0.96,,0,0,0,,3.65,4.43,4.30,VMS 2,,Tanque,,,0.84,1.38,1.38,,0.84,5.00,3.70
16/09/2024 09:59 p. m.,Ordeño,06:27,7.99,2,,,,,0,,,0.30,0.96,0.90,,0,0,0,,3.73,4.40,4.30,VMS 2,,Tanque,,,0.48,1.38,1.44,,0.58,4.13,3.28
17/09/2024 07:07 a. m.,Ordeño,06:56,8.37,3,,,,,0,,,0.30,0.90,0.96,,0,0,0,,4.28,4.75,4.75,VMS 2,,Tanque,,,0.60,1.44,1.44,,0.48,4.38,3.51
17/09/2024 04:15 p. m.,Ordeño,06:23,8.95,2,,,,,0,,,0.36,1.08,1.02,,0,0,0,,4.36,4.87,4.88,VMS 2,,Tanque,,,0.66,1.56,1.50,,0.61,4.63,3.71
18/09/2024 06:01 a. m.,Ordeño,07:55,12.77,1,,,,,0,,,0.48,1.02,1.08,,0,0,0,,4.87,4.69,4.75,VMS 2,,Tanque,,,0.78,1.50,1.92,,1.40,6.30,5.07
19/09/2024 08:20 a. m.,Ordeño,12:26,19.29,1,,,,,0,,,0.54,1.02,1.08,,0,0,0,,4.86,4.63,4.75,VMS 2,,Tanque,,,0.96,1.44,1.50,,1.53,9.97,7.79
20/09/2024 01:32 a. m.,Ordeño,10:35,14.45,1,,,,,0,,,0.48,0.90,1.02,,0,426,0,,4.42,4.47,4.61,VMS 2,,Tanque,,,0.72,1.26,1.56,,1.42,7.18,5.85
20/09/2024 12:14 p. m.,Ordeño,06:31,8.31,2,,,,,0,,,0.36,0.90,0.90,,0,0,0,,4.01,4.38,4.45,VMS 2,,Tanque,,,0.60,1.38,1.26,,0.79,4.07,3.45
21/09/2024 08:21 a. m.,Ordeño,11:21,16.16,1,,,,,0,,,0.42,0.90,0.96,,0,0,0,,4.32,4.61,4.64,VMS 2,,Tanque,,,0.78,1.32,1.68,,1.41,8.06,6.69
22/09/2024 12:53 a. m.,Ordeño,09:39,14.22,1,,,,,0,,,0.48,0.96,1.02,,0,0,0,,4.21,4.48,4.49,VMS 2,,Tanque,,,0.84,1.44,1.56,,1.24,7.01,5.97
22/09/2024 03:20 p. m.,Ordeño,08:29,11.91,2,,,,,0,,,0.42,0.96,0.96,,0,0,0,,4.10,4.43,4.31,VMS 2,,Tanque,,,0.66,1.44,1.50,,1.11,5.94,4.86
23/09/2024 01:28 a. m.,Ordeño,06:40,8.02,1,,,,,0,,,0.36,0.90,0.96,,0,0,0,,3.58,4.19,4.01,VMS 2,,Tanque,,,0.66,1.32,1.44,,0.71,3.97,3.34
23/09/2024 01:48 p. m.,Ordeño,08:57,12.10,2,,,,,0,,,0.30,0.90,1.02,,0,0,0,,3.84,4.69,4.73,VMS 2,,Tanque,,,0.72,1.32,1.44,,0.80,6.21,5.09
24/09/2024 09:50 a. m.,Ordeño,10:41,17.42,1,,,,,0,,,0.48,1.02,1.02,,0,0,0,,4.40,4.52,4.48,VMS 2,,Tanque,,,0.72,1.44,1.50,,1.56,8.64,7.22
24/09/2024 10:49 p. m.,Ordeño,08:34,11.90,2,,,,,0,,,0.36,0.96,1.02,,0,0,0,,3.85,4.18,4.03,VMS 2,,Tanque,,,0.66,1.62,1.74,,1.21,5.93,4.76
25/09/2024 12:33 p. m.,Ordeño,10:34,10.99,1,,,,,0,,,0.30,0.90,0.96,,0,339,0,,3.73,4.34,4.17,VMS 2,,Tanque,,,0.60,1.32,1.38,,0.80,5.70,4.49
26/09/2024 12:06 a. m.,Ordeño,07:43,9.75,1,,,,,0,TI,,0.30,0.96,1.02,,0,0,0,,3.40,4.27,3.79,VMS 2,,Tanque,,,0.54,1.44,1.56,,0.75,5.00,4.00
27/09/2024 01:43 a. m.,Ordeño,11:38,17.11,1,,,,,0,,,0.30,0.96,1.02,,0,0,0,,4.10,4.75,4.76,VMS 2,,Tanque,,,0.66,1.38,1.50,,1.67,8.61,6.83
27/09/2024 09:08 p. m.,Ordeño,06:53,8.42,2,,,,,0,,,0.30,1.02,0.96,,0,0,0,,3.49,4.21,4.03,VMS 2,,Tanque,,,0.66,1.50,1.50,,0.81,4.13,3.48
29/09/2024 04:33 p. m.,Ordeño,07:35,10.30,2,,,,,0,,,0.30,1.02,1.08,,0,0,0,,3.46,4.31,4.20,VMS 2,,Tanque,,,0.66,1.62,1.50,,0.40,5.52,4.38
30/09/2024 08:16 a. m.,Ordeño,10:29,14.15,1,,,,,0,,,0.36,0.90,1.02,,307,0,0,,4.14,4.45,4.26,VMS 2,,Tanque,,,0.66,1.32,1.50,,0.83,7.33,5.99
30/09/2024 08:09 p. m.,Ordeño,08:07,11.66,2,,,,,0,,,0.36,1.08,0.96,,0,0,0,,4.78,4.39,4.36,VMS 3,,Tanque,,,0.72,1.44,1.38,,0.95,6.13,4.58
01/10/2024 10:26 a. m.,Ordeño,09:33,13.64,1,,,,,0,,,0.42,1.02,0.90,,0,0,0,,4.93,4.60,4.59,VMS 3,,Tanque,,,0.78,1.44,1.26,,0.98,7.34,5.32
01/10/2024 10:37 p. m.,Ordeño,08:12,12.03,2,,,,,0,,,0.30,1.08,1.02,,0,0,0,,0.00,4.39,4.38,VMS 3,,Tanque,,,0.78,1.56,1.44,,0.83,6.36,4.84
02/10/2024 11:40 a. m.,Ordeño,09:05,12.95,1,,,,,0,,,0.30,1.14,1.08,,0,0,0,,4.58,4.45,4.45,VMS 3,,Tanque,,,0.90,1.62,1.44,,0.81,6.98,5.16
02/10/2024 11:55 p. m.,Ordeño,07:45,11.70,1,,,,,0,,,0.36,1.14,1.08,,0,0,0,,4.66,4.40,4.48,VMS 3,,Tanque,,,0.84,1.50,1.50,,0.65,6.29,4.76
03/10/2024 03:11 p. m.,Ordeño,08:59,14.65,2,,,,,0,,,0.30,1.20,1.20,,0,0,0,,0.00,4.34,4.48,VMS 3,,Tanque,,,0.96,1.62,1.68,,0.78,8.13,5.74
03/10/2024 09:30 p. m.,Ordeño,04:39,5.10,3,,,,,0,,,0.30,1.08,0.96,,0,0,0,,0.00,4.14,4.12,VMS 3,,Tanque,,,0.90,1.50,1.32,,0.32,2.65,2.13
04/10/2024 08:52 a. m.,Ordeño,07:08,10.66,1,,,,,0,DD,,0.30,1.20,1.08,,0,0,0,,5.37,4.35,4.41,VMS 3,,Tanque,,,0.72,1.50,1.50,,0.84,5.59,4.23
08/01/2025 11:43 a. m.,Ordeño,09:55,20.68,1,,,,,0,"DD,TI",,0.84,1.68,1.86,,986,1273,536,,4.38,4.85,4.70,VMS 3,,Divert 3,,,1.32,2.16,2.40,,3.75,9.36,7.57
09/01/2025 02:13 a. m.,Ordeño,09:47,7.07,1,,,,TD,0,TI,,0.72,1.26,0.00,,488,1290,0,,4.59,4.72,0.00,VMS 3,,Divert 3,,,1.08,1.56,0.00,,2.11,4.96,0.00
09/01/2025 02:55 p. m.,Ordeño,11:41,19.38,2,,,,,0,,,0.72,1.26,1.38,,0,583,334,,4.75,4.92,4.74,VMS 3,,Divert 3,,,1.26,1.62,1.98,,2.67,6.47,10.24
09/01/2025 10:51 p. m.,Ordeño,15:00,14.14,3,,,,,0,"DI,TI",1.08,0.72,1.08,1.38,4152,386,790,433,4.31,4.65,4.84,4.81,VMS 3,,Divert 3,,1.56,1.08,1.56,1.80,2.83,2.13,5.08,4.10
10/01/2025 08:45 a. m.,Ordeño,10:50,9.80,1,,,TD,TD,0,DI,0.66,0.72,1.20,0.00,6440,0,389,0,2.81,4.61,4.77,0.00,VMS 3,,Divert 3,,1.50,1.20,1.68,0.00,1.00,2.71,6.09,0.00
10/01/2025 05:41 p. m.,Ordeño,12:08,19.02,2,,,,,0,DI,0.42,0.72,1.20,1.32,7949,0,387,0,3.83,4.91,4.91,4.92,VMS 3,,Divert 3,,1.20,1.32,1.68,1.86,0.35,2.40,5.99,10.28
11/01/2025 03:06 a. m.,Ordeño,09:44,9.19,1,,,TD,TD,0,DI,0.60,0.78,1.32,0.00,1635,0,0,0,3.72,4.74,4.74,0.00,VMS 3,,Divert 3,,1.08,1.32,1.92,0.00,0.50,2.59,6.10,0.00
11/01/2025 08:01 a. m.,Ordeño,10:34,13.63,2,,TD,,,0,"TI,TD",0.54,0.66,1.32,1.26,0,0,0,0,3.41,4.54,4.62,5.04,VMS 3,,Divert 3,,0.96,1.02,1.80,1.86,0.38,1.50,3.89,7.86
11/01/2025 03:47 p. m.,Ordeño,11:11,8.30,3,,,TD,TD,0,DI,0.54,0.72,1.38,0.00,1437,0,0,0,3.85,4.70,4.76,0.00,VMS 3,,Divert 3,,1.20,1.14,1.74,0.00,0.67,2.31,5.32,0.00
12/01/2025 12:42 a. m.,Ordeño,13:36,9.32,1,,,TD,TD,0,DI,0.66,0.72,1.32,0.00,837,0,0,0,3.97,4.60,4.77,0.00,VMS 3,,Divert 3,,1.38,1.14,1.80,0.00,0.44,2.65,6.23,0.00
12/01/2025 12:29 p. m.,Ordeño,16:20,26.41,2,,,,,0,TD,0.72,0.72,1.32,1.14,338,0,0,0,4.82,4.66,4.70,5.46,VMS 3,,Divert 3,,1.14,1.32,1.86,1.74,0.98,3.60,9.07,12.76
12/01/2025 11:56 p. m.,Ordeño,11:40,21.27,1,,,,,0,,0.66,0.72,1.26,1.20,0,0,0,0,4.67,4.59,4.71,4.93,VMS 3,,Divert 3,,1.20,1.32,1.80,1.68,0.90,3.71,9.24,7.42
13/01/2025 07:01 a. m.,Ordeño,07:56,12.40,2,,,,,0,TD,0.60,0.72,1.20,1.02,0,0,0,0,3.83,4.38,4.49,4.72,VMS 3,,Divert 3,,1.14,1.08,1.74,1.38,0.56,2.42,6.07,3.35
13/01/2025 08:54 p. m.,Ordeño,13:25,24.59,3,,,,,0,,0.60,0.78,1.26,1.32,0,0,0,0,4.80,4.61,4.64,4.85,VMS 3,,Divert 3,,1.20,1.50,1.74,2.34,1.29,4.36,11.49,7.45
15/01/2025 10:12 a. m.,Ordeño,14:28,41.24,1,,,,,0,,0.84,0.78,1.44,1.38,0,0,0,0,6.69,6.07,6.59,5.65,VMS 3,,Divert 3,,1.50,1.38,1.92,1.92,2.16,7.48,16.18,15.42
17/01/2025 12:48 a. m.,Ordeño,11:14,22.84,1,,,,,0,,0.72,0.78,1.32,1.20,0,0,0,0,4.54,4.79,4.90,4.80,VMS 3,,Divert 3,,1.32,1.68,1.80,1.86,1.16,4.16,10.68,6.84
17/01/2025 11:44 a. m.,Ordeño,10:42,14.47,2,,,TD,TD,0,,0.72,0.84,1.56,0.00,0,0,0,0,4.38,4.76,4.86,0.00,VMS 3,,Divert 3,,1.62,1.50,2.04,0.00,1.11,3.85,9.51,0.00
17/01/2025 04:14 p. m.,Ordeño,14:28,14.22,3,,,,,0,TD,0.60,0.78,1.38,1.20,0,0,0,0,4.00,4.55,4.73,5.03,VMS 3,,Divert 3,,1.20,1.38,1.80,1.74,0.43,1.58,4.10,8.11
18/01/2025 12:16 a. m.,Ordeño,10:01,10.22,1,,,TD,TD,0,,0.60,0.72,1.44,0.00,0,0,0,0,4.31,4.73,4.86,0.00,VMS 3,,Divert 3,,1.14,1.50,1.92,0.00,0.66,2.73,6.83,0.00
18/01/2025 07:59 a. m.,Ordeño,09:44,19.61,2,,"DI,TD",,,0,,0.60,0.72,1.50,1.26,0,0,0,0,4.50,4.80,4.86,4.93,VMS 3,,Divert 3,,1.20,1.26,1.80,1.86,0.73,2.65,7.06,9.17
18/01/2025 03:15 p. m.,Ordeño,09:44,10.33,3,,,TD,TD,0,,0.66,0.72,1.44,0.00,0,0,0,0,4.52,4.80,4.83,0.00,VMS 3,,Tanque,,1.26,1.08,1.92,0.00,0.86,2.58,6.89,0.00
18/01/2025 07:59 p. m.,Ordeño,08:53,6.35,4,,,TD,TD,0,,0.54,0.60,1.26,0.00,0,0,0,0,4.13,4.44,4.53,0.00,VMS 3,,Tanque,,1.20,0.84,1.68,0.00,0.49,1.53,4.33,0.00
20/01/2025 02:19 a. m.,Ordeño,13:30,24.83,1,,TD,,,0,,0.60,0.72,1.44,1.26,0,0,0,0,4.33,4.73,4.60,5.10,VMS 3,,Tanque,,1.08,1.56,1.80,1.80,0.80,2.78,7.84,13.41
21/01/2025 03:35 a. m.,Ordeño,14:35,37.80,1,,DD,,,0,,0.84,0.84,1.44,1.26,0,0,0,0,4.58,4.96,4.89,4.86,VMS 3,,Tanque,,1.56,1.26,1.98,1.68,2.23,7.11,16.27,12.19
21/01/2025 06:25 p. m.,Ordeño,13:58,26.25,2,,TD,,,0,,0.66,0.54,1.14,0.96,0,0,0,0,4.57,4.61,4.79,4.86,VMS 2,,Tanque,,1.02,1.02,1.68,1.56,1.45,4.36,13.23,7.21
22/01/2025 05:17 a. m.,Ordeño,12:02,19.40,1,,,,,0,,0.60,0.60,1.26,0.96,0,0,0,0,3.94,4.27,4.50,4.64,VMS 2,,Tanque,,0.96,1.08,1.86,1.50,1.16,3.38,9.35,5.51
22/01/2025 11:28 a. m.,Ordeño,08:49,12.87,2,,,,,0,,0.54,0.66,1.14,0.96,0,0,0,0,4.02,4.35,4.50,4.75,VMS 2,,Tanque,,0.78,0.96,1.62,1.56,0.70,2.20,6.04,3.93
22/01/2025 04:27 p. m.,Ordeño,06:36,9.67,3,,,,,0,,0.54,0.48,1.20,1.02,0,0,0,0,4.18,4.61,4.81,5.03,VMS 2,,Tanque,,0.84,0.84,1.62,1.56,0.50,1.66,4.36,3.15
23/01/2025 05:34 a. m.,Ordeño,11:56,24.14,1,,,,,0,,0.60,0.72,1.14,1.14,0,0,0,0,4.32,4.61,4.77,4.92,VMS 2,,Tanque,,1.02,1.14,1.68,1.62,1.27,4.32,10.87,7.68
23/01/2025 12:44 p. m.,Ordeño,09:16,15.73,2,,,,,0,,0.54,0.66,1.14,1.08,0,0,0,0,4.26,4.48,4.62,4.86,VMS 2,,Tanque,,0.96,1.14,1.56,1.62,0.95,2.59,7.20,4.99
23/01/2025 10:35 p. m.,Ordeño,11:40,19.26,3,,,,,0,,0.54,0.72,1.14,1.14,0,0,0,0,4.07,4.49,4.76,4.77,VMS 2,,Tanque,,0.96,1.20,1.74,1.68,1.04,3.25,8.65,6.32
24/01/2025 11:01 a. m.,Ordeño,12:59,24.34,1,,,,,0,,0.54,0.72,1.20,1.14,0,0,0,0,4.21,4.48,4.68,4.78,VMS 2,,Tanque,,0.84,1.14,1.68,1.68,1.30,4.06,10.96,8.02
24/01/2025 11:22 p. m.,Ordeño,11:42,25.02,2,,,,,0,,0.66,0.72,1.26,1.08,0,0,0,0,4.23,4.39,4.62,4.72,VMS 2,,Tanque,,1.38,1.26,1.68,1.68,1.26,4.22,11.56,7.98
25/01/2025 11:10 a. m.,Ordeño,12:21,22.90,1,,,,,0,,0.66,0.72,1.20,0.96,0,0,0,0,4.32,4.37,4.71,4.68,VMS 2,,Tanque,,0.96,1.26,1.80,1.44,1.31,4.00,10.24,7.35
26/01/2025 01:33 a. m.,Ordeño,12:34,27.73,1,,,,,0,,0.60,0.54,1.26,1.02,0,0,0,0,4.50,4.37,4.76,4.58,VMS 2,,Tanque,,1.14,0.90,1.74,1.56,1.51,4.50,12.31,9.41
26/01/2025 04:41 p. m.,Ordeño,14:44,9.25,2,,,"DI,DD,TI","DI,DD,TI",0,,0.00,0.00,0.00,1.14,0,0,0,0,0.00,0.00,0.00,4.71,VMS 2,,Tanque,,0.00,0.00,0.00,1.68,0.00,0.00,0.00,9.25
27/01/2025 02:08 p. m.,Ordeño,09:36,15.98,2,,,,,0,,0.60,0.54,1.08,0.96,0,374,0,0,4.76,4.29,4.61,4.49,VMS 2,,Tanque,,0.96,0.90,1.50,1.56,0.73,1.91,7.55,5.79
28/01/2025 05:15 a. m.,Ordeño,10:02,18.28,1,,,,,0,,0.48,0.60,1.14,1.08,0,0,0,0,4.42,4.82,4.85,4.53,VMS 2,,Tanque,,0.84,0.96,1.62,1.74,0.95,2.38,7.82,7.13
28/01/2025 02:17 p. m.,Ordeño,08:04,14.39,2,,,,,0,,0.54,0.66,1.20,0.90,0,0,0,0,4.15,4.63,4.59,4.52,VMS 2,,Tanque,,0.84,0.96,1.62,1.50,0.71,2.14,6.51,5.03
29/01/2025 03:25 a. m.,Ordeño,11:20,25.35,1,,,,,0,,0.60,0.66,1.20,1.08,0,0,0,0,4.42,4.84,4.94,4.70,VMS 2,,Tanque,,0.90,1.08,1.62,1.56,1.37,4.11,10.60,9.27
29/01/2025 11:42 a. m.,Ordeño,09:01,17.86,2,,,,,0,,0.54,0.66,1.20,1.08,0,0,0,0,4.15,4.43,4.53,4.31,VMS 2,,Tanque,,0.84,1.02,1.68,1.50,0.93,2.80,7.79,6.34
30/01/2025 07:04 a. m.,Ordeño,13:57,36.79,1,,,,,0,,0.54,0.72,1.38,1.26,0,0,0,0,4.55,4.83,4.99,4.92,VMS 2,,Tanque,,0.96,1.20,1.80,1.80,2.11,5.88,15.50,13.30
30/01/2025 03:17 p. m.,Ordeño,10:59,19.26,2,,,,,0,,0.60,0.60,1.08,1.02,0,0,0,0,4.23,4.30,4.62,4.47,VMS 2,,Tanque,,0.90,0.96,1.44,1.68,1.04,2.91,8.93,6.38
31/01/2025 03:33 a. m.,Ordeño,10:50,24.85,1,,,,,0,,0.54,0.60,1.32,1.14,0,0,0,0,4.44,4.75,4.90,4.87,VMS 2,,Tanque,,0.84,1.14,1.74,1.68,1.40,4.02,10.96,8.47
31/01/2025 01:45 p. m.,Ordeño,11:00,22.17,2,,,,,0,,0.60,0.66,1.14,1.14,0,0,0,0,4.43,4.55,4.77,4.67,VMS 2,,Tanque,,1.02,1.02,1.62,1.62,1.24,3.57,9.82,7.54
31/01/2025 06:41 p. m.,Ordeño,06:52,10.28,3,,,,,0,,0.54,0.60,1.14,0.84,0,0,0,0,3.95,4.28,4.50,4.62,VMS 2,,Tanque,,0.84,0.96,1.50,1.44,0.50,1.61,4.83,3.34
01/02/2025 06:56 a. m.,Ordeño,12:17,26.15,1,,,,,0,,0.48,0.72,1.14,1.14,0,0,0,0,4.53,4.98,5.21,5.12,VMS 2,,Tanque,,0.84,1.38,1.68,1.62,1.46,4.31,11.31,9.07
01/02/2025 08:47 p. m.,Ordeño,13:26,26.98,2,,,,,0,,0.54,0.66,1.20,1.02,0,0,0,0,4.35,4.62,4.76,4.76,VMS 2,,Tanque,,1.14,1.20,1.68,1.56,1.56,4.45,12.43,8.54
02/02/2025 06:52 a. m.,Ordeño,11:30,23.17,1,,,,,0,,0.54,0.72,1.20,1.14,0,0,0,0,4.29,4.55,4.87,4.72,VMS 2,,Tanque,,1.08,1.32,1.62,1.56,1.30,3.86,10.50,7.51
02/02/2025 01:35 p. m.,Ordeño,09:44,14.74,2,,,,,0,"DD,TD",0.54,0.66,1.14,0.96,0,0,0,0,4.49,4.89,3.82,4.89,VMS 2,,Tanque,,0.90,1.08,1.50,1.50,0.86,2.39,6.90,4.59
02/02/2025 11:39 p. m.,Ordeño,11:01,21.00,3,,,,,0,,0.42,0.54,1.14,1.02,0,0,0,0,4.28,4.69,4.94,4.98,VMS 2,,Tanque,,0.78,1.14,1.56,1.56,1.20,3.44,9.52,6.84
04/02/2025 01:58 a. m.,Ordeño,08:56,16.19,1,,,,,0,,0.54,0.66,1.20,1.02,0,0,0,0,4.17,4.29,4.47,4.56,VMS 2,,Tanque,,0.84,1.08,1.62,1.44,0.90,2.50,7.61,5.18
04/02/2025 09:58 a. m.,Ordeño,08:42,16.67,2,,,,,0,,0.54,0.60,1.20,1.08,0,0,0,0,4.32,4.43,4.64,4.77,VMS 2,,Tanque,,0.84,1.08,1.50,1.56,0.85,2.56,7.55,5.71
04/02/2025 06:42 p. m.,Ordeño,09:05,18.51,3,,,,,0,,0.48,0.66,1.26,1.08,0,0,0,0,4.45,4.82,4.92,5.04,VMS 2,,Tanque,,0.84,1.14,1.62,1.74,1.10,3.04,8.21,6.16
05/02/2025 02:16 a. m.,Ordeño,08:32,16.49,1,,,,,0,,0.54,0.60,1.20,1.08,0,0,0,0,4.38,4.64,4.70,4.84,VMS 2,,Tanque,,0.84,1.02,1.74,1.56,0.83,2.58,7.46,5.62
05/02/2025 10:06 a. m.,Ordeño,08:51,16.65,2,,TD,,,0,,0.54,0.54,1.20,1.02,0,0,0,0,4.25,4.37,4.66,4.81,VMS 2,,Tanque,,0.90,1.08,1.74,1.92,0.88,2.59,7.53,5.65
05/02/2025 05:46 p. m.,Ordeño,08:42,16.84,3,,,,,0,,0.54,0.60,1.20,1.08,0,0,0,0,4.45,4.51,4.75,4.85,VMS 2,,Tanque,,0.96,1.20,1.68,1.50,0.86,2.67,7.57,5.74
06/02/2025 06:10 a. m.,Ordeño,12:04,27.95,1,,,,,0,,0.54,0.66,1.26,1.20,0,0,0,0,4.60,4.91,5.16,5.03,VMS 2,,Tanque,,0.84,1.14,1.68,1.62,1.59,4.50,12.23,9.63
06/02/2025 04:03 p. m.,Ordeño,11:13,22.29,2,,,,,0,,0.54,0.60,1.14,1.08,0,0,0,0,4.33,4.46,5.00,4.83,VMS 2,,Tanque,,1.02,1.14,1.56,1.62,1.24,3.55,9.87,7.63
07/02/2025 03:53 a. m.,Ordeño,11:38,26.87,1,,,,,0,,0.54,0.66,1.32,1.02,0,0,0,0,4.60,4.73,4.85,4.91,VMS 2,,Tanque,,0.90,1.08,1.80,1.62,1.43,4.34,11.97,9.13
07/02/2025 12:00 p. m.,Ordeño,10:36,6.22,2,,,"DD,TI","DI,DD,TI",0,,0.00,0.00,0.00,1.02,0,0,0,0,0.00,0.00,0.00,4.77,VMS 2,,Tanque,,0.00,0.00,0.00,1.44,0.00,0.00,0.00,6.22
08/02/2025 02:02 a. m.,Ordeño,14:03,33.42,1,,,,,0,,0.66,0.66,1.26,1.14,0,0,0,0,5.32,5.41,5.20,5.11,VMS 2,,Tanque,,0.96,1.08,1.56,1.50,2.23,6.38,14.47,10.34
08/02/2025 04:05 p. m.,Ordeño,12:29,27.28,2,,,,,0,,0.54,0.60,1.26,1.02,0,0,0,0,4.84,4.74,4.79,4.73,VMS 2,,Tanque,,0.84,1.14,1.74,1.62,1.34,3.92,11.84,10.18
09/02/2025 09:14 a. m.,Ordeño,14:02,33.59,1,,,,,0,,0.54,0.66,1.20,1.08,0,0,0,0,4.84,5.26,5.42,5.32,VMS 2,,Tanque,,0.84,1.56,1.68,1.56,1.75,5.34,14.23,12.27
10/02/2025 06:27 a. m.,Ordeño,09:24,18.58,1,,,,,0,,0.54,0.48,1.20,1.14,0,0,0,0,4.38,4.58,4.78,4.88,VMS 2,,Tanque,,0.90,0.78,1.62,1.62,0.99,2.58,8.66,6.35
10/02/2025 10:16 p. m.,Ordeño,13:05,30.27,2,,,,,0,,0.48,0.60,1.32,1.08,0,0,0,0,4.77,5.21,5.13,5.32,VMS 2,,Tanque,,0.84,1.32,1.74,1.56,1.61,4.71,13.83,10.12
11/02/2025 11:22 a. m.,Ordeño,13:47,28.67,1,,,,,0,,0.60,0.66,1.20,1.20,0,0,0,0,4.96,5.14,5.05,5.28,VMS 2,,Tanque,,0.96,1.02,1.68,1.68,1.31,4.42,12.84,10.10
12/02/2025 05:31 a. m.,Ordeño,13:35,34.28,1,,,,,0,,0.54,0.84,1.38,1.20,0,0,0,0,4.91,5.00,4.98,5.08,VMS 2,,Tanque,,0.96,1.26,1.92,1.68,1.84,5.28,15.31,11.85
12/02/2025 02:14 p. m.,Ordeño,08:09,15.43,2,,,,,0,,0.54,0.60,1.32,1.08,0,0,0,0,4.41,4.59,4.47,4.55,VMS 2,,Tanque,,0.84,0.96,1.68,1.56,0.83,1.95,7.45,5.20
12/02/2025 10:51 p. m.,Ordeño,08:57,16.12,3,,,,,0,,0.48,0.54,1.14,1.08,0,0,0,0,4.50,4.74,4.92,5.14,VMS 2,,Tanque,,0.72,0.90,1.50,1.56,0.68,2.50,7.37,5.57
13/02/2025 10:49 a. m.,Ordeño,11:45,26.25,1,,,,,0,,0.54,0.72,1.26,1.38,0,0,0,0,4.95,5.19,5.23,5.00,VMS 2,,Tanque,,0.90,1.32,1.62,2.28,1.37,4.11,11.43,9.34
13/02/2025 09:24 p. m.,Ordeño,09:44,22.27,2,,,,,0,TI,0.54,0.60,1.26,1.32,0,0,0,0,4.26,4.45,4.61,3.56,VMS 2,,Tanque,,0.90,0.96,1.74,1.80,0.96,3.12,9.31,8.88
14/02/2025 02:31 a. m.,Ordeño,07:36,7.61,1,,,TI,TI,0,,0.48,0.54,0.00,1.26,0,0,0,0,3.81,4.23,0.00,3.80,VMS 2,,Tanque,,0.72,0.90,0.00,1.80,0.54,1.82,0.00,5.25
14/02/2025 03:10 p. m.,Ordeño,13:51,30.44,2,,TD,,,0,,0.60,0.60,1.38,1.26,0,0,0,0,4.85,5.02,5.13,5.57,VMS 2,,Tanque,,1.02,1.26,1.86,1.92,1.34,4.19,15.72,9.19
15/02/2025 04:59 a. m.,Ordeño,11:46,29.25,1,,DD,,,0,,0.66,0.66,1.38,1.20,0,0,0,0,4.85,4.91,4.88,5.06,VMS 2,,Tanque,,1.14,1.02,1.80,2.46,1.61,4.63,12.89,10.12
15/02/2025 01:15 p. m.,Ordeño,10:48,18.55,2,,,,,0,,0.54,0.42,1.08,0.96,0,0,0,0,4.46,4.36,4.61,4.66,VMS 2,,Tanque,,0.96,1.02,1.38,1.38,0.95,2.91,8.46,6.23
15/02/2025 09:28 p. m.,Ordeño,09:33,14.98,3,,,,DI,0,,0.00,0.54,1.02,0.96,0,0,0,0,0.00,4.60,4.85,4.82,VMS 2,,Tanque,,0.00,1.32,1.38,1.44,0.00,2.46,7.29,5.23
16/02/2025 09:48 a. m.,Ordeño,11:51,27.50,1,,,,,0,,0.60,0.60,1.32,1.08,0,0,0,0,4.84,4.98,5.05,5.23,VMS 2,,Tanque,,1.02,1.20,1.62,1.56,2.15,4.27,12.23,8.85
16/02/2025 04:41 p. m.,Ordeño,09:05,15.05,2,,,,,0,,0.48,0.60,1.14,0.96,0,0,0,0,4.20,4.43,4.57,4.82,VMS 2,,Tanque,,0.78,0.96,1.50,1.50,0.67,2.21,7.16,5.01
17/02/2025 12:04 a. m.,Ordeño,09:09,14.66,1,,,,,0,,0.48,0.54,1.02,0.96,0,0,0,0,4.59,4.64,4.93,5.00,VMS 2,,Tanque,,0.78,1.02,1.56,1.50,0.63,2.31,6.65,5.07
17/02/2025 08:19 a. m.,Ordeño,10:56,17.32,2,,,,,0,,0.48,0.60,0.96,1.02,0,0,0,0,4.52,4.83,5.07,5.14,VMS 2,,Tanque,,0.84,1.08,1.32,1.50,0.95,2.73,7.81,5.83
17/02/2025 04:17 p. m.,Ordeño,09:00,16.32,3,,,,,0,,0.54,0.60,1.14,0.90,0,0,0,0,4.65,4.53,4.72,4.11,VMS 2,,Tanque,,0.78,0.96,1.50,1.32,0.78,2.43,7.54,5.57
17/02/2025 10:22 p. m.,Ordeño,07:30,11.62,4,,,,,0,,0.48,0.48,1.02,0.96,0,0,0,0,4.51,4.67,4.93,4.85,VMS 2,,Tanque,,0.78,0.90,1.44,1.56,0.54,1.72,5.26,4.10
18/02/2025 08:58 a. m.,Ordeño,11:21,21.05,1,,,,,0,,0.54,0.48,1.08,1.02,0,0,0,0,4.80,4.96,5.12,5.08,VMS 2,,Tanque,,0.78,0.84,1.56,1.68,1.08,3.27,9.67,7.03
18/02/2025 04:05 p. m.,Ordeño,09:32,15.18,2,,,,,0,,0.48,0.54,1.02,0.84,0,0,0,0,4.68,4.59,4.81,4.75,VMS 2,,Tanque,,0.78,0.90,1.44,1.38,0.73,2.32,7.21,4.92
18/02/2025 11:59 p. m.,Ordeño,09:26,15.91,1,,,,,0,,0.48,0.54,1.02,1.02,0,0,0,0,4.53,4.70,4.95,5.05,VMS 2,,Tanque,,0.84,1.02,1.44,1.62,0.65,2.46,7.06,5.74
19/02/2025 05:19 a. m.,Ordeño,07:19,13.39,2,,,,,0,,0.54,0.48,1.26,1.02,0,0,0,0,4.52,4.55,4.64,4.99,VMS 2,,Tanque,,1.02,0.96,1.62,1.56,0.73,2.03,6.07,4.56
19/02/2025 11:45 a. m.,Ordeño,08:53,12.98,3,,TD,,,0,TD,0.48,0.54,0.96,0.84,0,0,0,0,4.25,4.55,4.96,5.21,VMS 2,,Tanque,,0.72,0.78,1.50,1.26,0.69,2.05,6.14,4.10
19/02/2025 09:07 p. m.,Ordeño,11:43,18.03,4,,,,,0,,0.54,0.60,0.90,0.90,0,0,0,0,4.61,4.70,4.95,4.98,VMS 2,,Tanque,,0.90,1.08,1.32,1.44,0.89,2.84,8.41,5.89
20/02/2025 08:02 a. m.,Ordeño,12:37,21.51,1,,,,,0,,0.54,0.60,1.08,0.90,0,0,0,0,4.70,4.71,4.87,4.94,VMS 2,,Tanque,,0.96,1.14,1.56,1.38,1.26,3.33,10.22,6.70
20/02/2025 03:44 p. m.,Ordeño,10:01,15.42,2,,,,,0,,0.54,0.48,0.96,0.90,0,0,0,0,4.42,4.25,4.50,4.72,VMS 2,,Tanque,,0.84,1.02,1.44,1.32,0.74,2.40,7.26,5.02
21/02/2025 01:29 a. m.,Ordeño,10:41,19.51,1,,TD,,,0,,0.48,0.54,1.14,0.90,0,0,0,0,4.58,4.73,4.86,5.06,VMS 2,,Tanque,,0.78,0.90,1.68,1.80,1.01,3.07,9.42,6.01
21/02/2025 10:52 a. m.,Ordeño,10:45,21.28,2,,TD,,,0,,0.48,0.48,1.26,0.96,0,0,0,0,4.51,4.60,4.82,5.03,VMS 2,,Tanque,,0.84,0.78,1.62,1.80,1.08,3.14,10.15,6.91
21/02/2025 06:20 p. m.,Ordeño,10:37,16.43,3,,TD,,,0,"DD,TD",0.42,0.54,1.08,0.96,0,0,0,0,4.36,4.76,3.82,4.76,VMS 2,,Tanque,,0.66,1.02,1.44,1.44,0.74,2.54,7.78,5.37
22/02/2025 06:16 a. m.,Ordeño,13:05,23.51,1,,,,,0,,0.48,0.60,1.14,0.84,0,0,0,0,4.69,4.77,5.08,5.09,VMS 2,,Tanque,,0.78,0.96,1.44,1.38,1.36,3.88,11.35,6.92
22/02/2025 07:14 p. m.,Ordeño,13:36,25.66,2,,,,,0,,0.60,0.60,1.08,0.96,0,0,0,0,4.62,4.62,4.90,5.02,VMS 2,,Tanque,,0.84,1.14,1.50,1.68,1.33,4.04,11.92,8.37
23/02/2025 06:05 a. m.,Ordeño,12:09,23.72,1,,,,,0,,0.48,0.48,1.14,0.96,0,0,0,0,4.44,4.59,4.91,4.88,VMS 2,,Tanque,,0.72,1.02,1.68,1.62,1.34,3.53,11.09,7.76
23/02/2025 05:01 p. m.,Ordeño,13:32,23.47,2,,,,,0,,0.48,0.54,1.02,0.96,0,0,0,0,4.65,4.80,4.96,5.15,VMS 2,,Tanque,,0.78,0.90,1.44,1.50,1.19,3.53,10.97,7.78
23/02/2025 11:48 p. m.,Ordeño,09:04,15.25,3,,,,,0,,0.54,0.54,1.14,0.84,0,0,0,0,4.35,4.39,4.70,4.98,VMS 2,,Tanque,,0.84,0.90,1.68,1.32,0.72,2.20,7.41,4.92
24/02/2025 09:54 a. m.,Ordeño,11:03,23.49,1,,,,,0,,0.54,0.60,1.20,1.14,0,0,0,0,4.93,5.08,5.13,5.43,VMS 2,,Tanque,,0.90,0.96,1.56,1.86,1.31,3.59,10.38,8.21
24/02/2025 05:01 p. m.,Ordeño,09:33,15.82,2,,,,,0,,0.48,0.54,1.02,1.02,0,0,0,0,4.52,4.73,4.87,5.18,VMS 2,,Tanque,,0.84,0.90,1.44,1.44,0.73,2.45,7.43,5.21
24/02/2025 10:56 p. m.,Ordeño,08:29,13.87,3,,,,,0,,0.48,0.48,1.08,0.96,0,0,0,0,4.54,4.80,5.08,5.28,VMS 2,,Tanque,,0.78,0.84,1.44,1.56,0.66,2.12,6.43,4.66
25/02/2025 09:13 a. m.,Ordeño,12:15,22.15,1,,,,,0,,0.54,0.66,1.14,1.02,0,0,0,0,4.80,4.94,5.13,5.43,VMS 2,,Tanque,,0.84,1.02,1.50,1.62,1.40,3.50,9.74,7.51
25/02/2025 05:34 p. m.,Ordeño,09:54,18.51,2,,,,,0,,0.48,0.48,1.14,1.14,0,0,0,0,4.38,4.53,4.72,4.80,VMS 2,,Tanque,,0.84,0.84,1.68,1.62,0.87,2.61,8.36,6.67
25/02/2025 11:29 p. m.,Ordeño,07:58,12.77,3,,,,,0,,0.36,0.48,1.14,0.96,0,0,0,0,4.06,4.38,4.62,4.82,VMS 2,,Tanque,,0.60,0.78,1.50,1.38,0.44,1.94,6.19,4.20
26/02/2025 06:54 a. m.,Ordeño,10:54,16.68,1,,,,,0,,0.42,0.48,1.08,1.02,0,0,0,0,4.59,4.80,5.02,5.22,VMS 2,,Tanque,,0.78,1.02,1.50,1.62,1.01,2.50,7.59,5.58
26/02/2025 02:37 p. m.,Ordeño,09:53,17.58,2,,TD,,,0,,0.48,0.48,1.08,0.96,0,0,0,0,4.85,4.99,5.03,5.36,VMS 2,,Tanque,,0.90,1.02,1.44,1.56,0.86,2.68,8.26,5.78
26/02/2025 07:14 p. m.,Ordeño,07:13,11.20,3,,"DD,TD",,,0,,0.48,0.54,1.08,0.78,0,0,0,0,4.85,4.80,4.95,5.29,VMS 2,,Tanque,,0.78,1.08,1.44,1.38,0.56,1.80,5.31,3.53
27/02/2025 04:47 a. m.,Ordeño,11:41,17.67,1,,,,,0,,0.48,0.48,0.96,0.72,0,0,0,0,4.82,5.07,5.33,5.50,VMS 2,,Tanque,,0.72,1.02,1.32,1.32,0.90,2.78,8.52,5.47
27/02/2025 08:50 a. m.,Ordeño,07:43,12.14,2,,,,,0,,0.42,0.48,1.08,0.84,0,0,0,0,4.50,4.74,4.85,5.07,VMS 2,,Tanque,,0.66,0.72,1.50,1.32,0.57,1.78,5.56,4.23
27/02/2025 05:27 p. m.,Ordeño,10:00,18.98,3,,,,,0,,0.48,0.54,1.14,1.08,0,0,0,0,4.66,4.94,4.94,5.16,VMS 2,,Tanque,,0.84,0.90,1.56,1.56,1.00,2.84,8.71,6.43
27/02/2025 11:57 p. m.,Ordeño,08:49,13.16,1,,,,,0,,0.42,0.48,1.02,0.84,0,0,0,0,4.34,4.42,4.78,4.82,VMS 2,,Tanque,,0.66,0.90,1.32,1.44,0.60,2.02,6.28,4.26
28/02/2025 09:16 a. m.,Ordeño,11:24,21.54,2,,,,,0,,0.48,0.54,1.14,0.96,0,0,0,0,4.65,5.09,5.11,5.38,VMS 2,,Tanque,,0.84,0.96,1.50,1.50,1.29,3.31,10.01,6.93
28/02/2025 05:21 p. m.,Ordeño,11:29,19.27,3,,,,,0,,0.42,0.60,1.02,0.96,0,0,0,0,4.61,4.81,4.93,5.08,VMS 2,,Tanque,,0.78,1.08,1.38,1.38,1.00,2.85,8.90,6.52
01/03/2025 03:30 a. m.,Ordeño,11:39,21.25,1,,,,,0,,0.48,0.60,1.08,0.96,0,0,0,0,4.54,4.70,5.00,5.06,VMS 2,,Tanque,,0.78,1.08,1.56,1.38,1.00,3.37,9.80,7.08
01/03/2025 02:34 p. m.,Ordeño,12:29,25.09,2,,TD,,,0,,0.48,0.60,1.20,1.02,0,0,0,0,4.73,4.77,4.87,4.99,VMS 2,,Tanque,,0.84,0.90,1.56,2.04,1.35,4.00,11.62,8.12
01/03/2025 11:35 p. m.,Ordeño,11:18,20.28,3,,TD,,,0,,0.48,0.54,1.14,0.96,0,0,0,0,4.54,4.57,4.74,4.85,VMS 2,,Tanque,,0.72,1.32,1.62,1.56,1.07,3.00,9.71,6.50
02/03/2025 07:45 a. m.,Ordeño,10:28,18.84,1,,,,,0,,0.48,0.60,1.14,0.90,0,0,0,0,4.46,4.63,4.89,5.05,VMS 2,,Tanque,,0.78,1.08,1.50,1.50,0.95,3.00,8.83,6.06
02/03/2025 02:27 p. m.,Ordeño,08:52,15.73,2,,,,,0,,0.42,0.54,1.14,0.96,0,0,0,0,4.52,4.70,4.80,4.94,VMS 2,,Tanque,,0.72,1.08,1.56,1.98,0.75,2.22,7.03,5.73
02/03/2025 08:56 p. m.,Ordeño,10:11,13.52,3,,,,,0,,0.48,0.54,0.96,0.78,0,0,0,0,4.40,4.57,4.80,4.85,VMS 2,,Tanque,,0.78,1.02,1.38,1.44,0.60,2.18,6.73,4.01
03/03/2025 05:09 a. m.,Ordeño,11:09,17.75,1,,,,,0,,0.48,0.42,0.96,0.84,0,0,0,0,4.53,4.74,5.16,5.07,VMS 2,,Tanque,,0.78,0.72,1.38,1.38,1.00,2.65,8.16,5.94
03/03/2025 11:06 a. m.,Ordeño,08:34,14.36,2,,,,,0,,0.48,0.48,1.14,0.84,0,0,0,0,4.62,4.53,4.74,4.94,VMS 2,,Tanque,,0.72,0.78,1.56,1.32,0.71,2.18,7.05,4.42
03/03/2025 06:04 p. m.,Ordeño,10:08,14.06,3,,TD,,,0,,0.48,0.48,0.90,0.78,0,0,0,0,4.34,4.27,4.34,4.53,VMS 2,,Tanque,,0.84,0.78,1.44,1.26,0.70,2.19,6.92,4.25
04/03/2025 03:30 a. m.,Ordeño,10:54,18.50,1,,,,,0,,0.48,0.54,1.08,0.90,0,0,0,0,4.60,4.48,4.87,4.88,VMS 2,,Tanque,,0.84,0.90,1.44,1.50,0.81,2.88,8.81,6.00
04/03/2025 10:00 a. m.,Ordeño,10:29,16.76,2,,,,,0,,0.48,0.54,1.02,0.96,0,0,0,0,4.67,4.67,4.85,4.97,VMS 2,,Tanque,,0.78,0.96,1.38,1.62,0.87,2.51,8.17,5.21
04/03/2025 03:57 p. m.,Ordeño,08:35,13.05,3,,,,,0,,0.42,0.48,1.02,0.90,0,0,0,0,4.67,4.61,4.86,4.96,VMS 2,,Tanque,,0.72,0.72,1.38,1.62,0.69,1.94,6.45,3.97
05/03/2025 01:51 a. m.,Ordeño,10:53,18.76,1,,TD,,,0,,0.42,0.54,1.02,0.90,0,0,0,0,4.58,4.76,5.00,5.09,VMS 2,,Tanque,,0.72,0.90,1.38,1.50,1.01,2.96,8.71,6.08
05/03/2025 10:40 a. m.,Ordeño,10:49,19.63,2,,,,,0,,0.48,0.60,1.20,0.90,0,0,0,0,4.32,4.57,4.73,4.74,VMS 2,,Tanque,,0.66,1.02,1.68,1.32,1.03,2.96,9.48,6.16
06/03/2025 12:25 a. m.,Ordeño,13:43,26.02,1,,,,,0,,0.42,0.54,1.08,0.90,0,0,0,0,4.39,4.57,4.88,4.91,VMS 2,,Tanque,,0.78,1.08,1.50,1.62,1.37,4.09,12.36,8.20
06/03/2025 09:27 a. m.,Ordeño,11:19,21.94,2,,"DD,TD",,,0,,0.48,0.54,1.14,1.02,0,0,0,0,4.38,4.55,4.76,4.87,VMS 2,,Tanque,,0.78,1.14,1.56,1.68,1.12,3.35,10.35,7.12
06/03/2025 07:55 p. m.,Ordeño,11:19,20.14,3,,,,,0,,0.42,0.54,1.14,0.84,0,0,0,0,4.56,4.63,4.81,4.95,VMS 2,,Tanque,,0.72,1.14,1.62,1.26,1.03,3.20,10.11,5.80
07/03/2025 04:48 a. m.,Ordeño,12:49,18.86,1,,TD,,,0,,0.42,0.66,0.96,0.78,0,0,0,0,4.38,4.62,4.94,4.90,VMS 2,,Tanque,,0.78,1.44,1.38,1.68,1.07,3.26,9.02,5.51
07/03/2025 10:14 a. m.,Ordeño,07:58,11.91,2,,,,,0,,0.42,0.60,1.08,0.78,0,0,0,0,4.37,4.48,4.66,4.84,VMS 2,,Tanque,,0.78,0.96,1.62,1.26,0.63,1.74,5.95,3.59
07/03/2025 07:08 p. m.,Ordeño,08:55,17.30,3,,,,,0,,0.48,0.66,1.26,0.90,0,0,0,0,4.44,4.56,4.71,4.92,VMS 2,,Tanque,,0.72,1.20,1.98,1.56,0.92,2.76,8.39,5.23
08/03/2025 01:09 a. m.,Ordeño,07:44,12.37,1,,,,,0,,0.36,0.60,1.14,0.90,0,0,0,0,4.11,4.56,4.71,4.78,VMS 2,,Tanque,,0.66,0.90,1.50,1.26,0.70,1.87,6.09,3.71
08/03/2025 06:40 a. m.,Ordeño,08:53,12.14,2,,,,,0,,0.30,0.54,0.90,0.84,0,0,0,0,4.09,4.56,4.84,4.94,VMS 2,,Tanque,,0.54,0.90,1.50,1.26,0.59,1.91,5.71,3.93
08/03/2025 02:36 p. m.,Ordeño,11:16,16.15,3,,,,,0,,0.36,0.60,0.96,0.72,0,0,0,0,4.37,4.82,4.99,5.11,VMS 2,,Tanque,,0.66,0.90,1.38,1.32,0.84,2.56,7.83,4.92
08/03/2025 09:15 p. m.,Ordeño,09:48,14.71,4,,,,,0,,0.36,0.48,1.02,0.96,0,0,0,0,4.26,4.57,4.79,4.87,VMS 2,,Tanque,,0.72,0.90,1.50,1.50,0.68,2.08,7.16,4.79
09/03/2025 07:01 a. m.,Ordeño,12:15,20.25,1,,,,,0,,0.42,0.48,1.02,0.90,0,0,0,0,4.33,4.69,4.94,4.87,VMS 2,,Tanque,,0.66,0.96,1.56,1.68,1.17,3.08,9.43,6.57
09/03/2025 02:50 p. m.,Ordeño,10:36,16.01,2,,,,,0,,0.42,0.48,1.02,0.84,0,0,0,0,4.32,4.43,4.50,4.83,VMS 2,,Tanque,,0.72,0.84,1.32,1.68,0.80,2.37,8.01,4.83
10/03/2025 01:01 a. m.,Ordeño,11:57,19.70,1,,,,,0,,0.42,0.48,1.02,0.90,0,0,0,0,4.55,4.67,4.89,5.05,VMS 2,,Tanque,,0.78,1.20,1.44,1.26,1.03,2.84,9.44,6.39
10/03/2025 11:10 a. m.,Ordeño,12:19,23.12,2,,,,,0,,0.42,0.54,1.14,0.96,0,0,0,0,4.54,4.58,4.73,4.97,VMS 2,,Tanque,,0.72,0.96,1.50,1.44,1.31,3.50,10.83,7.48
13/03/2025 03:58 a. m.,Ordeño,10:53,22.14,1,,,,,0,,0.42,0.66,1.08,1.02,0,0,0,0,4.59,4.95,5.09,5.20,VMS 3,,Tanque,,0.90,1.32,1.50,1.44,1.44,3.47,8.70,8.53
13/03/2025 12:00 p. m.,Ordeño,08:04,14.29,2,,,,,0,,0.42,0.66,1.08,0.96,0,0,0,0,4.61,5.00,5.16,4.92,VMS 3,,Tanque,,0.66,1.08,1.44,1.38,0.96,2.51,5.12,5.70
13/03/2025 05:25 p. m.,Ordeño,05:57,9.06,3,,,,,0,,0.42,0.60,1.08,0.96,0,0,0,0,4.56,4.91,5.31,4.85,VMS 3,,Tanque,,0.60,0.96,1.44,1.38,0.50,1.64,3.35,3.57
14/03/2025 05:38 a. m.,Ordeño,10:38,23.40,1,,,,,0,,0.42,0.60,1.20,1.08,0,0,0,0,5.10,5.34,5.48,5.39,VMS 3,,Tanque,,0.66,0.96,1.56,1.56,1.47,3.99,9.35,8.59
14/03/2025 06:48 p. m.,Ordeño,12:52,28.15,2,,,,,0,,0.48,0.66,1.14,1.02,0,0,0,0,4.95,5.09,5.36,5.17,VMS 3,,Tanque,,0.78,1.20,1.56,1.38,1.69,4.65,11.90,9.91
15/03/2025 05:05 a. m.,Ordeño,10:30,22.19,1,,,,,0,,0.42,0.60,1.26,1.02,0,0,0,0,4.74,4.81,5.17,4.85,VMS 3,,Tanque,,0.66,0.96,1.62,1.38,1.26,3.47,9.76,7.70
15/03/2025 12:37 p. m.,Ordeño,09:03,17.17,2,,,,,0,,0.42,0.60,1.20,1.20,0,0,0,0,4.53,4.81,4.97,4.77,VMS 3,,Tanque,,0.66,0.96,1.68,1.56,1.00,2.64,7.51,6.02
15/03/2025 05:37 p. m.,Ordeño,07:08,11.39,3,,,,,0,,0.42,0.60,1.14,1.02,0,0,0,0,4.59,4.82,4.91,4.78,VMS 3,,Tanque,,0.72,0.90,1.56,1.38,0.53,1.74,5.20,3.92
16/03/2025 05:49 a. m.,Ordeño,10:50,24.27,1,,,,,0,,0.42,0.60,1.32,1.02,0,0,0,0,4.53,4.95,5.10,4.98,VMS 3,,Tanque,,0.72,1.08,1.68,1.38,1.41,3.86,10.71,8.29
16/03/2025 10:54 p. m.,Ordeño,13:53,32.33,2,,,,,0,,0.48,0.60,1.26,1.14,0,0,0,0,4.37,4.67,4.93,4.66,VMS 3,,Tanque,,0.66,1.08,1.74,1.56,1.59,4.86,14.69,11.19
17/03/2025 06:57 a. m.,Ordeño,10:50,19.20,1,,,,,0,,0.36,0.54,1.08,1.02,0,0,0,0,4.12,4.55,4.56,4.53,VMS 3,,Tanque,,0.60,0.90,1.44,1.44,1.17,2.89,8.64,6.50
18/03/2025 03:32 a. m.,Ordeño,13:50,32.74,1,,,,,0,,0.48,0.66,1.20,1.02,0,0,0,0,4.66,4.79,5.04,5.01,VMS 3,,Tanque,,0.72,1.08,1.86,1.50,2.10,5.40,13.44,11.80
18/03/2025 11:22 a. m.,Ordeño,09:07,14.10,2,,,,,0,,0.36,0.60,1.20,0.96,0,0,0,0,4.13,4.50,4.58,4.48,VMS 3,,Tanque,,0.60,0.90,1.62,1.26,0.62,1.61,7.92,3.95
21/03/2025 07:58 a. m.,Ordeño,12:26,30.17,1,,,,,0,,0.54,0.66,1.38,1.20,0,0,0,0,4.56,4.97,4.86,5.03,VMS 3,,Tanque,,0.78,1.08,1.80,1.68,1.55,3.83,13.85,10.94
21/03/2025 10:47 p. m.,Ordeño,12:50,31.36,2,,,,,0,,0.54,0.72,1.26,1.14,0,0,0,0,5.04,5.17,5.24,5.12,VMS 3,,Tanque,,0.84,1.14,1.62,1.56,2.06,5.08,13.08,11.14
22/03/2025 07:35 a. m.,Ordeño,09:09,21.02,1,,,,,0,,0.48,0.60,1.38,1.14,0,0,0,0,4.78,5.12,5.13,5.13,VMS 3,,Tanque,,0.66,0.96,1.92,1.62,1.22,3.25,9.01,7.54
23/03/2025 03:18 a. m.,Ordeño,13:59,36.55,1,,,,,0,,0.60,0.78,1.26,1.14,0,0,0,0,4.83,4.98,5.43,5.20,VMS 3,,Tanque,,0.96,1.26,1.74,1.80,2.37,6.43,14.38,13.37
24/03/2025 05:43 a. m.,Ordeño,13:54,34.93,1,,DD,,,0,,0.54,0.78,1.02,1.14,0,0,0,0,5.33,5.53,5.79,5.59,VMS 3,,Tanque,,1.02,1.20,1.50,1.92,2.79,7.51,11.86,12.77
24/03/2025 03:20 p. m.,Ordeño,13:49,24.21,2,,,,,0,TI,0.36,0.54,1.08,1.08,0,0,0,0,4.44,4.61,5.66,4.92,VMS 3,,Tanque,,0.66,0.96,1.56,1.44,1.15,2.64,12.09,8.33
25/03/2025 02:06 p. m.,Ordeño,07:16,11.90,2,,,,,0,,0.48,0.60,1.08,1.02,0,0,0,0,4.40,4.73,4.67,4.63,VMS 3,,Tanque,,0.72,0.96,1.50,1.38,0.64,1.71,5.15,4.40
25/03/2025 10:22 p. m.,Ordeño,07:55,15.06,3,,,,,0,,0.48,0.54,1.14,1.08,0,0,0,0,4.33,4.74,4.82,4.74,VMS 3,,Tanque,,0.78,0.90,1.68,1.50,0.89,2.51,6.03,5.63
26/03/2025 03:34 p. m.,Ordeño,12:55,34.44,1,,,,,0,,0.54,0.72,1.32,1.20,0,0,0,0,5.30,5.34,5.42,5.51,VMS 3,,Tanque,,0.96,1.08,1.74,1.74,2.22,5.85,13.82,12.55
27/03/2025 02:52 a. m.,Ordeño,10:15,24.90,1,,,,,0,,0.48,0.54,1.38,1.20,0,0,0,0,4.43,4.80,4.81,4.72,VMS 3,,Tanque,,0.72,0.90,1.86,1.68,1.39,3.82,10.35,9.34
27/03/2025 11:40 a. m.,Ordeño,09:35,19.70,2,,,,,0,,0.54,0.60,1.20,1.08,0,0,0,0,4.70,5.03,5.06,4.98,VMS 3,,Tanque,,0.78,1.02,1.68,1.68,1.09,3.13,8.37,7.11
27/03/2025 06:55 p. m.,Ordeño,08:03,16.78,3,,,,,0,,0.48,0.54,1.32,1.14,0,0,0,0,4.74,5.15,5.12,5.16,VMS 3,,Tanque,,0.72,0.96,1.68,1.74,0.97,2.51,7.29,6.01
28/03/2025 05:52 a. m.,Ordeño,10:24,23.91,1,,TD,,,0,,0.54,0.54,1.32,1.08,0,0,0,0,4.89,5.23,5.17,5.28,VMS 3,,Tanque,,0.78,0.96,1.74,1.62,1.49,3.68,10.25,8.49
28/03/2025 10:57 p. m.,Ordeño,14:01,33.00,2,,,,,0,,0.60,0.60,1.20,1.02,0,0,0,0,4.90,5.16,5.30,5.27,VMS 3,,Tanque,,1.26,1.08,1.80,2.28,1.74,5.61,13.94,11.71
29/03/2025 07:33 a. m.,Ordeño,11:02,23.95,1,,DD,,,0,,0.48,0.60,1.20,1.08,0,0,0,0,4.48,4.75,4.76,4.90,VMS 3,,Tanque,,0.78,1.20,1.68,1.50,1.34,3.52,10.26,8.83
29/03/2025 04:49 p. m.,Ordeño,10:29,20.50,2,,,,,0,,0.54,0.60,1.14,1.02,0,0,0,0,4.71,4.93,4.85,4.88,VMS 3,,Tanque,,0.84,1.02,1.56,1.38,1.21,3.14,8.85,7.30
30/03/2025 09:32 a. m.,Ordeño,13:06,31.47,1,,TD,,,0,,0.60,0.60,1.26,1.14,0,0,0,0,4.93,4.99,4.90,5.01,VMS 3,,Tanque,,1.02,1.02,1.80,1.74,1.85,5.04,13.51,11.07
30/03/2025 06:10 p. m.,Ordeño,10:11,18.45,2,,,,,0,,0.54,0.60,1.08,1.14,0,0,0,0,4.31,4.52,4.37,4.48,VMS 3,,Tanque,,0.78,0.96,1.56,1.56,0.92,2.81,8.14,6.58
31/03/2025 12:23 p. m.,Ordeño,13:58,28.57,1,,,,,0,,0.60,0.66,1.14,1.14,0,0,0,0,4.72,4.83,4.53,4.75,VMS 3,,Tanque,,0.96,1.20,1.62,1.56,1.67,4.41,12.55,9.94
01/04/2025 10:16 a. m.,Ordeño,09:37,17.07,1,,,DI,,0,,0.42,0.60,1.14,1.02,0,0,0,0,4.29,4.74,4.46,4.54,VMS 3,,Tanque,,0.66,1.32,1.62,1.50,0.75,2.50,7.97,5.85
01/04/2025 07:27 p. m.,Ordeño,07:34,9.07,2,,,"DI,DD",,0,,0.30,0.42,1.02,0.84,0,0,0,0,4.23,4.38,4.41,4.39,VMS 3,,Tanque,,0.54,0.78,1.50,1.20,0.40,1.01,4.58,3.08
02/04/2025 11:41 a. m.,Ordeño,10:08,16.89,1,,,,,0,,0.48,0.66,1.14,1.08,0,0,0,0,4.23,4.61,4.47,4.58,VMS 3,,Tanque,,0.72,1.02,1.62,1.44,0.70,2.43,7.99,5.77
02/04/2025 03:25 p. m.,Ordeño,07:03,3.56,2,,,"DD,TI,TD",,0,,0.24,0.30,0.96,0.78,0,0,0,0,4.36,0.00,4.48,4.37,VMS 3,,Tanque,,0.66,0.72,1.32,1.32,0.32,0.38,1.58,1.28
03/04/2025 02:01 p. m.,Ordeño,11:58,21.52,1,,,DI,,0,,0.48,0.66,1.08,1.02,0,0,0,0,4.79,4.80,4.70,4.80,VMS 3,,Tanque,,0.72,1.14,1.56,1.50,0.78,3.08,10.09,7.57
05/04/2025 10:48 a. m.,Ordeño,14:19,19.68,1,,,,,0,,0.42,0.60,0.84,0.84,0,0,0,0,4.60,4.77,4.24,4.42,VMS 3,,Tanque,,0.72,0.96,1.32,1.26,1.03,2.88,9.09,6.68
05/04/2025 10:58 p. m.,Ordeño,08:51,11.24,2,,,,,0,,0.42,0.48,0.96,0.84,0,0,0,0,4.32,4.65,4.32,4.40,VMS 3,,Tanque,,0.66,0.72,1.26,1.20,0.48,1.53,5.43,3.80
07/04/2025 05:09 a. m.,Ordeño,13:48,29.55,1,,,,,0,,0.54,0.54,1.08,0.96,0,0,0,0,4.91,4.85,4.82,4.92,VMS 3,,Tanque,,0.78,0.96,1.62,1.50,1.50,4.70,12.51,10.84
07/04/2025 05:26 p. m.,Ordeño,13:51,19.76,2,,,,,0,,0.48,0.48,0.96,0.96,0,0,0,0,4.84,4.85,4.44,4.69,VMS 3,,Tanque,,0.66,0.84,1.44,1.44,0.87,2.43,10.21,6.25
08/04/2025 01:40 a. m.,Ordeño,07:31,10.86,1,,,,,0,,0.36,0.48,1.02,0.78,0,0,0,0,4.36,4.91,4.71,4.91,VMS 3,,Tanque,,0.60,0.84,1.44,1.20,0.57,1.61,4.95,3.73
08/04/2025 10:48 a. m.,Ordeño,08:29,13.49,2,,,,,0,,0.42,0.54,1.02,0.90,0,0,0,0,4.78,5.39,5.23,5.51,VMS 3,,Tanque,,0.54,0.84,1.50,1.38,0.59,2.01,6.16,4.73
08/04/2025 06:48 p. m.,Ordeño,08:25,11.97,3,,,,,0,,0.42,0.48,0.96,0.96,0,0,0,0,5.08,5.17,5.18,5.34,VMS 3,,Tanque,,0.72,0.78,1.44,1.44,0.56,1.85,5.36,4.20
09/04/2025 09:09 a. m.,Ordeño,12:31,22.56,1,,,,,0,,0.48,0.66,1.08,1.02,0,0,0,0,5.20,5.37,5.25,5.49,VMS 3,,Tanque,,0.84,1.02,1.50,1.44,1.18,3.42,10.25,7.71
09/04/2025 08:40 p. m.,Ordeño,10:02,17.24,2,,,,,0,,0.48,0.54,1.14,0.96,0,0,0,0,4.98,5.11,5.02,5.11,VMS 3,,Tanque,,0.72,0.84,1.50,1.32,0.86,2.68,7.76,5.94
10/04/2025 04:35 a. m.,Ordeño,09:03,13.55,1,,,,,0,,0.42,0.60,0.96,0.78,0,0,0,0,4.75,5.04,4.89,4.88,VMS 3,,Tanque,,0.66,1.02,1.38,1.20,0.70,2.02,6.15,4.68
11/04/2025 12:22 a. m.,Ordeño,13:49,29.23,1,,,,,0,,0.48,0.60,1.14,0.90,0,0,0,0,5.10,5.29,5.37,5.48,VMS 3,,Tanque,,0.78,0.90,1.80,1.62,1.56,4.95,12.87,9.85
11/04/2025 10:28 a. m.,Ordeño,11:29,19.95,2,,,,,0,,0.48,0.54,1.02,0.96,0,0,0,0,4.75,4.97,4.85,4.99,VMS 3,,Tanque,,0.60,0.90,1.50,1.32,0.91,2.75,9.03,7.26
12/04/2025 03:33 a. m.,Ordeño,13:49,24.99,1,,,,,0,,0.42,0.48,1.02,0.90,0,0,0,0,4.96,5.18,5.03,5.20,VMS 3,,Tanque,,0.72,0.78,1.38,1.32,1.36,3.86,10.93,8.84
12/04/2025 03:30 p. m.,Ordeño,11:56,21.98,2,,,,,0,,0.42,0.60,1.08,1.08,0,0,0,0,4.88,4.98,4.84,4.92,VMS 3,,Tanque,,0.72,0.90,1.44,1.50,1.12,3.43,9.83,7.60
13/04/2025 02:33 a. m.,Ordeño,11:13,17.57,1,,,,,0,,0.36,0.48,0.96,0.90,0,0,0,0,4.55,4.79,4.73,4.90,VMS 3,,Tanque,,0.60,0.78,1.38,2.34,0.93,2.60,8.01,6.03
13/04/2025 10:01 a. m.,Ordeño,08:33,12.63,2,,,,,0,,0.36,0.48,1.02,0.84,0,0,0,0,4.55,4.82,4.77,4.88,VMS 3,,Tanque,,0.60,0.78,1.80,1.20,0.71,1.89,5.75,4.28
13/04/2025 06:39 p. m.,Ordeño,09:33,14.81,3,,,,,0,,0.36,0.48,1.02,0.90,0,0,0,0,4.63,4.96,4.92,5.12,VMS 3,,Tanque,,0.66,0.72,1.44,1.44,0.66,2.22,6.80,5.13
14/04/2025 05:13 a. m.,Ordeño,11:48,17.38,1,,,,,0,TD,0.42,0.48,1.14,0.84,0,0,0,0,4.76,4.62,4.82,5.76,VMS 3,,Tanque,,0.66,0.78,1.62,1.26,0.91,2.57,7.89,6.01
15/04/2025 05:15 p. m.,Ordeño,13:46,25.18,2,,,,,0,,0.48,0.60,1.20,0.90,0,0,0,0,5.09,4.94,5.20,5.20,VMS 3,,Tanque,,0.72,1.02,1.56,1.32,1.12,3.11,12.88,8.07
16/04/2025 08:07 a. m.,Ordeño,12:26,24.30,1,,,,,0,,0.48,0.60,1.14,0.96,0,0,0,0,4.91,5.22,4.98,5.26,VMS 3,,Tanque,,0.72,0.96,1.56,1.38,1.41,3.88,10.65,8.36
17/04/2025 05:38 a. m.,Ordeño,08:39,16.39,1,,,,,0,,0.48,0.54,1.20,0.90,0,0,0,0,4.67,5.15,5.05,5.23,VMS 3,,Tanque,,0.72,0.90,1.62,1.32,0.89,2.52,7.40,5.58
18/04/2025 07:28 a. m.,Ordeño,14:19,34.73,1,,,,,0,,0.48,0.54,1.20,1.14,0,0,0,0,5.36,5.44,5.47,5.78,VMS 3,,Tanque,,0.72,0.90,1.68,1.80,2.07,5.44,14.02,13.20
19/04/2025 07:47 a. m.,Ordeño,12:19,33.68,1,,,,,0,,0.48,0.54,1.20,1.14,0,0,0,0,5.23,5.19,5.46,5.50,VMS 3,,Tanque,,0.78,0.96,1.68,2.10,1.97,5.42,13.43,12.86
20/04/2025 10:12 a. m.,Ordeño,13:50,33.40,1,,,,,0,,0.42,0.60,1.26,1.14,0,0,0,0,5.25,5.59,5.55,5.46,VMS 3,,Tanque,,0.72,0.96,1.98,1.86,1.99,4.34,14.25,12.82
21/04/2025 09:23 a. m.,Ordeño,12:56,30.21,1,,,,,0,,0.42,0.66,1.14,1.14,0,0,0,0,5.22,5.57,5.17,5.48,VMS 3,,Tanque,,0.66,1.02,1.80,1.62,1.75,4.58,12.31,11.57
21/04/2025 04:33 p. m.,Ordeño,08:47,13.12,2,,,,,0,,0.42,0.54,1.14,0.90,0,0,0,0,4.81,5.09,4.80,4.93,VMS 3,,Tanque,,0.78,0.84,1.44,1.32,0.69,1.48,7.08,3.87
22/04/2025 04:22 a. m.,Ordeño,08:28,16.23,1,,,,,0,,0.48,0.54,1.14,1.02,0,0,0,0,4.82,5.53,5.19,5.50,VMS 3,,Tanque,,0.78,0.96,1.56,1.44,0.91,2.57,6.61,6.14
22/04/2025 02:50 p. m.,Ordeño,08:26,15.17,2,,,,,0,,0.48,0.60,1.08,1.08,0,0,0,0,5.09,5.37,5.18,5.40,VMS 3,,Tanque,,0.72,0.96,1.56,1.50,0.84,2.42,6.07,5.84
23/04/2025 03:44 p. m.,Ordeño,13:50,33.69,1,,,,,0,,0.42,0.72,1.20,1.14,0,0,0,0,5.27,5.36,5.34,5.62,VMS 3,,Tanque,,0.66,1.26,1.80,1.56,1.90,5.77,13.55,12.47
24/04/2025 02:52 a. m.,Ordeño,10:21,17.33,1,,,,,0,,0.42,0.60,1.14,0.96,0,0,0,0,4.89,5.00,4.88,4.93,VMS 3,,Tanque,,0.72,0.96,1.74,1.44,0.86,2.32,8.61,5.54
24/04/2025 04:36 p. m.,Ordeño,11:04,21.95,2,,,,,0,,0.42,0.60,1.14,1.14,0,0,0,0,5.03,5.43,5.04,5.41,VMS 3,,Tanque,,0.66,0.96,1.56,1.62,1.08,3.32,9.81,7.74
26/04/2025 04:22 p. m.,Ordeño,10:37,19.25,2,,,,,0,,0.48,0.60,1.14,0.96,0,0,0,0,4.70,5.17,4.90,5.13,VMS 3,,Tanque,,0.78,0.96,1.50,1.32,0.97,2.97,8.75,6.56
27/04/2025 03:42 a. m.,Ordeño,10:07,19.41,1,,,,,0,,0.42,0.54,1.20,0.96,0,0,0,0,4.89,5.24,5.03,5.41,VMS 3,,Tanque,,0.60,0.96,2.40,1.44,0.90,3.02,8.92,6.57
27/04/2025 06:35 p. m.,Ordeño,10:58,25.50,2,,,,,0,,0.48,0.60,1.38,1.20,0,0,0,0,5.13,5.24,4.91,5.36,VMS 3,,Tanque,,0.78,1.02,1.92,1.62,1.22,3.94,11.76,8.58
28/04/2025 10:50 p. m.,Ordeño,11:35,21.00,2,,,,,0,,0.48,0.60,1.20,1.14,0,0,0,0,4.84,5.07,4.93,5.06,VMS 3,,Tanque,,0.78,0.90,1.62,1.56,1.03,2.85,9.70,7.42
29/04/2025 07:36 p. m.,Ordeño,06:37,10.43,2,,,,,0,,0.48,0.48,1.26,1.14,0,0,0,0,4.41,4.59,4.56,4.74,VMS 3,,Tanque,,0.72,0.90,1.62,1.50,0.45,1.40,5.08,3.50
30/04/2025 12:48 a. m.,Ordeño,06:13,8.51,1,,,,,0,,0.36,0.42,1.08,0.96,0,0,0,0,4.76,4.92,4.90,5.12,VMS 3,,Tanque,,0.60,0.72,1.44,1.32,0.37,1.34,3.79,3.01
01/05/2025 06:22 a. m.,Ordeño,09:25,15.78,1,,,,,0,,0.42,0.54,1.08,0.96,0,0,0,0,4.51,4.79,4.66,4.94,VMS 3,,Tanque,,0.60,0.90,1.56,1.38,0.65,2.37,7.34,5.42
01/05/2025 05:12 p. m.,Ordeño,10:55,17.01,2,,,,,0,,0.48,0.54,1.02,1.08,0,0,0,0,5.18,5.20,4.88,5.31,VMS 3,,Tanque,,0.72,1.02,1.56,1.50,0.73,2.44,8.20,5.64
02/05/2025 02:31 a. m.,Ordeño,09:27,16.99,1,,,,,0,,0.42,0.54,1.14,1.08,0,0,0,0,5.04,5.26,5.14,5.47,VMS 3,,Tanque,,0.60,0.90,1.62,1.56,0.85,2.60,7.81,5.73
02/05/2025 11:58 a. m.,Ordeño,09:40,17.69,2,,,,,0,,0.42,0.54,1.20,1.08,0,0,0,0,4.89,5.12,4.93,5.36,VMS 3,,Tanque,,0.72,0.90,1.68,1.50,0.77,2.62,8.40,5.90
03/05/2025 12:36 a. m.,Ordeño,11:32,20.33,1,,,,,0,,0.42,0.60,1.14,1.08,0,0,0,0,4.99,5.02,4.94,5.28,VMS 3,,Tanque,,0.66,0.96,1.44,1.50,0.97,3.06,9.46,6.84
03/05/2025 03:21 p. m.,Ordeño,12:58,24.73,2,,,,,0,,0.42,0.54,1.14,1.14,0,0,0,0,5.09,5.17,5.01,5.37,VMS 3,,Tanque,,0.66,0.84,1.56,1.62,1.19,3.54,11.58,8.42
03/05/2025 11:59 p. m.,Ordeño,09:09,16.98,1,,,,,0,,0.36,0.54,1.26,1.08,0,0,0,0,4.90,5.17,5.02,5.34,VMS 3,,Tanque,,0.54,0.90,1.62,1.44,0.68,2.56,8.08,5.66
04/05/2025 10:03 a. m.,Ordeño,09:50,18.81,2,,,,,0,,0.42,0.48,1.20,1.08,0,0,0,0,4.87,5.38,5.21,5.57,VMS 3,,Tanque,,0.60,0.96,1.62,1.62,0.87,2.89,8.59,6.46
04/05/2025 08:03 p. m.,Ordeño,09:14,14.88,3,,DI,DD,,0,,0.42,0.30,1.20,1.02,0,0,0,0,4.88,4.93,4.88,5.21,VMS 3,,Tanque,,0.66,0.90,1.68,1.50,0.77,0.42,8.00,5.69
05/05/2025 08:17 a. m.,Ordeño,12:23,24.92,1,,,,,0,,0.42,0.60,1.14,1.02,0,0,0,0,4.93,5.25,5.02,5.30,VMS 3,,Tanque,,0.72,1.02,1.56,1.50,1.25,4.94,10.87,7.86
05/05/2025 04:07 p. m.,Ordeño,08:29,13.95,2,,,,,0,,0.42,0.54,1.20,0.96,0,0,0,0,4.76,4.71,4.72,4.92,VMS 3,,Tanque,,0.60,0.84,1.68,1.38,0.61,1.78,6.95,4.61
06/05/2025 01:50 a. m.,Ordeño,09:37,16.94,1,,,,,0,,0.42,0.48,1.20,0.90,0,0,0,0,4.68,5.12,5.03,5.07,VMS 3,,Tanque,,0.60,0.90,1.68,1.38,0.77,2.18,8.12,5.87
06/05/2025 11:48 a. m.,Ordeño,09:42,19.06,2,,,,,0,,0.42,0.60,1.32,1.14,0,0,0,0,5.00,5.39,4.97,5.34,VMS 3,,Tanque,,0.78,1.08,1.68,1.56,0.99,2.54,9.32,6.21
06/05/2025 11:48 p. m.,Ordeño,10:45,19.92,3,,,,,0,,0.48,0.54,1.14,1.02,0,0,0,0,4.89,5.39,5.10,5.25,VMS 3,,Tanque,,0.78,0.96,1.62,1.44,1.01,2.95,9.16,6.80
07/05/2025 09:34 a. m.,Ordeño,12:39,17.76,1,,,,,0,,0.42,0.54,1.02,0.96,0,0,0,0,4.68,5.00,4.85,4.83,VMS 3,,Tanque,,0.96,0.90,1.44,1.38,0.96,2.79,7.80,6.21
08/05/2025 02:38 a. m.,Ordeño,12:48,29.80,1,,,,,0,,0.48,0.54,1.38,1.20,0,0,0,0,5.02,5.34,4.98,5.37,VMS 3,,Tanque,,0.66,0.90,1.80,1.56,1.36,4.35,14.04,10.05
08/05/2025 11:46 a. m.,Ordeño,10:18,18.96,2,,,,,0,,0.42,0.54,1.20,1.14,0,0,0,0,4.82,5.03,4.64,5.07,VMS 3,,Tanque,,0.72,0.84,1.56,1.56,0.93,2.77,8.90,6.36
08/05/2025 07:59 p. m.,Ordeño,08:12,13.70,3,,,,,0,,0.42,0.48,1.14,1.08,0,0,0,0,4.82,4.97,4.81,5.10,VMS 3,,Tanque,,0.84,0.78,1.50,1.50,0.60,2.02,6.34,4.74
09/05/2025 05:49 a. m.,Ordeño,11:18,18.31,1,,,,,0,TD,0.36,0.48,1.14,1.14,0,0,0,0,5.09,4.82,4.69,5.90,VMS 3,,Tanque,,0.66,0.90,1.50,1.56,0.90,2.70,8.51,6.20
09/05/2025 06:32 p. m.,Ordeño,11:29,24.45,2,,,,,0,,0.48,0.60,1.32,1.26,0,0,0,0,5.16,5.39,5.26,5.43,VMS 3,,Tanque,,0.66,0.90,1.86,1.56,1.19,3.66,11.24,8.36
10/05/2025 06:52 a. m.,Ordeño,11:46,24.83,1,,,,,0,,0.42,0.54,1.26,1.08,0,0,0,0,5.02,5.26,5.11,5.45,VMS 3,,Tanque,,0.66,0.96,1.80,1.44,1.24,3.72,11.67,8.20
10/05/2025 01:55 p. m.,Ordeño,07:45,12.15,2,,,,,0,,0.36,0.54,1.20,1.08,0,0,0,0,4.48,4.90,4.79,5.00,VMS 3,,Tanque,,0.60,0.90,1.56,1.44,0.49,1.70,5.86,4.10
10/05/2025 08:13 p. m.,Ordeño,06:58,11.02,3,,,,,0,,0.36,0.48,1.20,1.02,0,0,0,0,4.43,4.84,4.68,4.95,VMS 3,,Tanque,,0.60,0.84,1.62,1.50,0.50,1.59,5.25,3.68
11/05/2025 08:49 a. m.,Ordeño,12:00,24.69,1,,,,,0,,0.42,0.66,1.26,1.08,0,0,0,0,4.88,5.25,5.08,5.36,VMS 3,,Tanque,,1.08,1.14,1.62,1.50,1.36,3.68,11.26,8.39
11/05/2025 07:14 p. m.,Ordeño,09:56,16.99,2,,,,,0,,0.36,0.54,1.08,1.02,0,0,0,0,4.49,4.82,4.69,4.83,VMS 3,,Tanque,,0.54,0.84,1.50,1.32,0.78,2.51,7.98,5.72
12/05/2025 04:23 a. m.,Ordeño,10:53,16.96,1,,,,,0,,0.42,0.54,1.02,1.02,0,0,0,0,4.54,5.04,4.84,4.94,VMS 3,,Tanque,,0.60,0.90,1.38,1.38,0.78,2.48,7.89,5.81
12/05/2025 06:45 p. m.,Ordeño,13:54,25.03,2,,,,,0,,0.42,0.60,1.02,1.08,0,0,0,0,4.89,5.27,4.92,5.16,VMS 3,,Tanque,,0.72,0.96,1.38,1.38,1.25,4.06,11.22,8.50
12/05/2025 11:47 p. m.,Ordeño,08:30,11.02,3,,,,,0,,0.36,0.54,1.02,0.84,0,0,0,0,4.57,4.79,4.46,4.47,VMS 3,,Tanque,,0.54,0.84,1.38,1.14,0.38,1.57,5.56,3.51
13/05/2025 10:26 a. m.,Ordeño,10:49,19.06,1,,,,,0,,0.48,0.48,1.14,0.84,0,0,0,0,5.07,5.40,5.23,5.54,VMS 3,,Tanque,,0.78,0.78,1.50,1.26,0.93,2.94,8.82,6.37
13/05/2025 04:14 p. m.,Ordeño,08:38,11.83,2,,,,,0,,0.36,0.54,0.96,0.96,0,0,0,0,4.75,5.16,4.95,5.24,VMS 3,,Tanque,,0.54,0.84,1.32,1.32,0.40,1.76,5.73,3.94
13/05/2025 09:54 p. m.,Ordeño,07:28,10.77,3,,,,,0,,0.42,0.54,1.08,1.02,0,0,0,0,4.89,5.11,4.92,5.25,VMS 3,,Tanque,,0.72,0.96,1.50,1.38,0.44,1.55,5.14,3.64
14/05/2025 05:15 a. m.,Ordeño,08:53,13.28,1,,,,,0,,0.36,0.54,1.14,0.90,0,0,0,0,4.82,5.23,5.14,5.38,VMS 3,,Tanque,,0.54,0.90,1.44,1.32,0.59,1.85,6.27,4.57
14/05/2025 11:47 a. m.,Ordeño,08:01,12.24,2,,,,,0,,0.42,0.54,1.08,0.90,0,0,0,0,4.91,5.01,4.86,5.11,VMS 3,,Tanque,,0.66,0.78,1.50,1.32,0.58,1.84,5.74,4.08
14/05/2025 10:58 p. m.,Ordeño,11:32,20.78,3,,,,,0,,0.42,0.54,1.14,1.08,0,0,0,0,4.90,5.12,4.96,5.18,VMS 3,,Tanque,,0.66,0.90,1.56,1.56,1.03,3.00,9.85,6.90
15/05/2025 06:44 a. m.,Ordeño,10:04,16.96,1,,,,,0,,0.36,0.48,1.08,1.02,0,0,0,0,4.71,4.80,4.81,4.91,VMS 3,,Tanque,,0.60,0.84,1.50,1.32,0.76,2.41,8.11,5.68
15/05/2025 03:05 p. m.,Ordeño,08:57,16.58,2,,,,,0,,0.42,0.60,1.20,1.02,0,0,0,0,5.00,5.19,5.02,5.35,VMS 3,,Tanque,,0.60,1.08,1.56,1.50,0.79,2.34,7.87,5.58
16/05/2025 04:00 a. m.,Ordeño,12:11,23.26,1,,,,,0,,0.36,0.48,1.14,0.96,0,0,0,0,5.03,5.16,5.02,5.16,VMS 3,,Tanque,,0.66,0.84,1.50,1.32,1.13,3.59,10.63,7.91
16/05/2025 03:48 p. m.,Ordeño,11:11,21.52,2,,,,,0,,0.42,0.66,1.20,0.96,0,0,0,0,5.10,5.08,4.89,5.17,VMS 3,,Tanque,,0.66,1.02,1.56,1.32,1.05,3.33,10.06,7.08
17/05/2025 01:43 a. m.,Ordeño,09:49,17.39,1,,,,,0,,0.36,0.54,1.20,1.02,0,0,0,0,4.55,4.80,4.63,4.78,VMS 3,,Tanque,,0.60,0.90,1.62,1.50,0.66,2.59,8.31,5.83
17/05/2025 10:24 a. m.,Ordeño,09:40,18.22,2,,,,,0,,0.42,0.60,1.26,1.08,0,0,0,0,4.83,5.12,4.85,5.24,VMS 3,,Tanque,,0.60,1.02,1.68,1.38,0.95,2.67,8.71,5.89
17/05/2025 04:42 p. m.,Ordeño,07:35,12.08,3,,,,,0,,0.36,0.66,1.20,1.02,0,0,0,0,4.88,5.12,4.88,5.21,VMS 3,,Tanque,,0.66,1.08,1.56,1.32,0.55,1.71,5.89,3.93
18/05/2025 03:09 a. m.,Ordeño,09:49,17.67,1,,,,,0,,0.36,0.54,1.14,1.02,0,0,0,0,5.08,5.32,5.19,5.45,VMS 3,,Tanque,,0.54,1.02,1.50,1.44,0.83,2.80,8.09,5.95
18/05/2025 11:05 a. m.,Ordeño,08:58,16.35,2,,,,,0,,0.36,0.60,1.26,0.96,0,0,0,0,4.80,5.06,4.86,5.11,VMS 3,,Tanque,,0.60,0.96,1.62,1.32,0.75,2.42,7.89,5.29
18/05/2025 07:38 p. m.,Ordeño,09:02,15.15,3,,,,,0,,0.42,0.54,1.14,1.02,0,0,0,0,4.66,5.06,4.94,5.03,VMS 3,,Tanque,,0.60,0.90,1.68,1.50,0.61,2.30,7.11,5.13
19/05/2025 04:08 a. m.,Ordeño,09:06,15.01,1,,,,,0,,0.36,0.54,1.08,0.96,0,0,0,0,4.78,5.11,4.95,5.19,VMS 3,,Tanque,,0.54,0.84,1.50,1.62,0.79,2.29,6.94,4.99
19/05/2025 03:04 p. m.,Ordeño,11:44,21.40,2,,,,,0,,0.36,0.66,1.08,1.14,0,0,0,0,4.93,5.18,5.07,5.18,VMS 3,,Tanque,,0.54,0.96,1.50,1.50,1.05,3.16,9.93,7.26
19/05/2025 10:56 p. m.,Ordeño,10:28,14.83,3,,,,,0,,0.36,0.54,1.02,0.96,0,0,0,0,4.66,4.87,4.67,4.90,VMS 3,,Tanque,,0.54,0.90,1.38,1.32,0.64,2.28,7.01,4.90
20/05/2025 08:19 a. m.,Ordeño,09:19,17.63,1,,,,,0,,0.42,0.66,1.26,1.08,0,0,0,0,4.84,5.13,4.94,5.32,VMS 3,,Tanque,,0.66,1.02,1.68,1.56,0.83,2.77,8.26,5.77
20/05/2025 02:41 p. m.,Ordeño,07:22,11.40,2,,,,,0,,0.36,0.60,1.14,0.96,0,0,0,0,4.91,5.21,5.01,5.31,VMS 3,,Tanque,,0.66,0.90,1.50,1.26,0.55,1.72,5.42,3.71
21/05/2025 01:33 a. m.,Ordeño,11:13,19.23,1,,,,,0,,0.36,0.48,1.08,0.84,0,0,0,0,4.85,5.12,5.18,5.29,VMS 3,,Tanque,,0.66,0.90,1.44,1.20,0.91,3.03,8.90,6.39
21/05/2025 07:53 a. m.,Ordeño,08:31,11.88,2,,,,,0,,0.36,0.48,1.02,0.78,0,0,0,0,4.59,4.77,4.82,4.91,VMS 3,,Tanque,,0.60,0.84,1.44,1.14,0.60,1.60,5.82,3.86
22/05/2025 03:01 a. m.,Ordeño,13:52,26.91,1,,,,,0,,0.42,0.60,1.08,1.02,0,0,0,0,4.85,4.93,4.99,5.19,VMS 3,,Tanque,,0.66,0.96,1.74,1.44,1.33,4.27,12.09,9.22
22/05/2025 09:20 a. m.,Ordeño,07:51,10.37,2,,,,,0,,0.36,0.42,1.02,0.84,0,0,0,0,4.34,4.45,4.33,4.43,VMS 3,,Tanque,,0.60,0.72,1.44,1.50,0.53,1.22,5.42,3.20
22/05/2025 03:55 p. m.,Ordeño,09:21,9.37,3,,,,,0,,0.30,0.48,0.84,0.72,0,0,0,0,4.32,4.71,4.63,4.83,VMS 3,,Tanque,,0.42,0.90,1.20,1.02,0.43,1.29,4.48,3.17
22/05/2025 09:38 p. m.,Ordeño,07:17,8.17,4,,,,,0,TD,0.30,0.54,0.90,0.90,0,0,0,0,3.57,4.66,4.64,4.81,VMS 3,,Tanque,,0.78,0.78,1.32,1.20,0.34,1.32,3.81,2.70
23/05/2025 03:28 a. m.,Ordeño,07:56,10.12,1,,,,,0,,0.36,0.42,1.02,0.90,0,0,0,0,4.52,5.14,5.12,5.31,VMS 3,,Tanque,,0.72,0.72,1.44,1.38,0.34,1.58,4.70,3.50
23/05/2025 11:11 a. m.,Ordeño,09:35,15.20,2,,,,,0,,0.42,0.54,1.02,0.96,0,0,0,0,5.33,5.54,5.46,5.77,VMS 3,,Tanque,,0.60,0.96,1.50,1.32,0.77,2.27,6.90,5.26
23/05/2025 09:14 p. m.,Ordeño,09:55,16.56,3,,,,,0,,0.42,0.60,1.08,0.90,0,0,0,0,5.11,5.53,5.46,5.75,VMS 3,,Tanque,,0.54,1.02,1.50,1.20,0.54,2.60,7.73,5.69
24/05/2025 09:31 a. m.,Ordeño,12:36,22.03,1,,,,,0,,0.42,0.60,1.02,0.90,0,0,0,0,5.14,5.21,5.19,5.30,VMS 3,,Tanque,,0.60,0.90,1.50,1.20,1.24,3.11,10.19,7.49
24/05/2025 02:34 p. m.,Ordeño,07:17,10.83,2,,,,,0,,0.36,0.60,1.14,0.90,0,0,0,0,4.53,5.07,4.71,5.06,VMS 3,,Tanque,,0.54,1.02,1.44,1.26,0.42,1.54,5.34,3.53
25/05/2025 01:41 a. m.,Ordeño,11:10,18.45,1,,,,,0,,0.36,0.60,1.02,0.96,0,0,0,0,5.17,5.39,5.45,5.70,VMS 3,,Tanque,,0.60,0.96,1.38,1.38,0.93,2.66,8.87,5.99
25/05/2025 12:07 p. m.,Ordeño,10:39,21.06,2,,,,,0,,0.42,0.60,1.26,0.96,0,0,0,0,4.89,5.21,5.12,5.29,VMS 3,,Tanque,,0.72,0.96,1.56,1.44,1.05,3.12,9.79,7.10
25/05/2025 09:32 p. m.,Ordeño,09:27,16.39,3,,,,,0,,0.36,0.48,1.14,0.96,0,0,0,0,4.49,4.99,4.84,5.04,VMS 3,,Tanque,,0.66,0.78,1.50,1.56,0.62,2.34,7.94,5.49
26/05/2025 06:34 a. m.,Ordeño,09:20,17.12,1,,,,,0,,0.36,0.48,1.20,1.02,0,0,0,0,4.88,5.19,5.10,5.40,VMS 3,,Tanque,,0.72,0.84,1.68,1.38,0.83,2.47,8.09,5.73
27/05/2025 01:12 a. m.,Ordeño,13:50,30.23,1,,,,,0,"DD,TI,TD",0.78,0.60,1.14,1.02,0,0,0,0,3.84,5.22,5.40,5.64,VMS 3,,Tanque,,2.28,0.96,1.80,1.38,2.21,4.69,13.28,10.05
27/05/2025 10:19 a. m.,Ordeño,10:13,16.25,2,,,,,0,,0.36,0.48,1.08,0.90,0,0,0,0,4.37,4.73,4.72,4.87,VMS 3,,Tanque,,0.66,0.96,1.50,1.26,0.66,2.14,8.12,5.33
27/05/2025 09:54 p. m.,Ordeño,10:46,19.67,3,,,,,0,,0.36,0.54,1.14,0.96,0,0,0,0,4.93,5.15,5.01,5.48,VMS 3,,Tanque,,0.60,1.02,1.56,1.38,1.01,2.88,9.20,6.58
28/05/2025 07:26 a. m.,Ordeño,10:11,16.72,1,,,,,0,,0.36,0.54,1.14,0.90,0,0,0,0,4.87,5.15,5.08,5.46,VMS 3,,Tanque,,0.60,1.02,1.50,1.38,0.75,2.35,8.01,5.61
28/05/2025 04:32 p. m.,Ordeño,09:06,17.16,2,,,,,0,,0.42,0.66,1.26,1.26,0,0,0,0,5.14,5.36,5.15,5.53,VMS 3,,Tanque,,0.60,1.08,1.74,1.62,0.76,2.46,8.06,5.88
29/05/2025 08:42 a. m.,Ordeño,13:54,28.31,1,,,,,0,,0.36,0.54,1.14,1.08,0,0,0,0,5.09,5.39,5.38,5.59,VMS 3,,Tanque,,0.72,0.90,1.80,1.44,1.23,4.41,12.97,9.70
29/05/2025 10:55 p. m.,Ordeño,11:51,24.87,2,,,,,0,,0.36,0.60,1.32,1.14,0,0,0,0,4.75,4.99,4.91,5.12,VMS 3,,Tanque,,0.54,1.08,1.92,1.44,1.13,3.55,12.14,8.05
30/05/2025 08:01 a. m.,Ordeño,09:13,17.57,1,,,,,0,,0.42,0.48,1.32,0.96,0,0,0,0,4.66,5.12,4.73,5.19,VMS 3,,Tanque,,0.66,0.84,1.92,1.32,0.83,2.46,8.40,5.88
31/05/2025 11:09 a. m.,Ordeño,13:55,32.16,1,,,,,0,,0.42,0.60,1.20,1.08,0,0,0,0,5.73,5.80,5.64,6.00,VMS 3,,Tanque,,0.66,0.90,1.80,1.50,1.80,5.23,13.74,11.39
31/05/2025 11:23 p. m.,Ordeño,10:26,16.29,2,,,,,0,,0.36,0.48,1.14,0.90,0,0,0,0,4.47,4.87,4.95,4.87,VMS 3,,Tanque,,0.66,0.78,1.56,1.38,0.68,1.92,8.76,4.93
01/06/2025 07:28 a. m.,Ordeño,07:50,9.72,1,,,DD,,0,,0.36,0.36,0.96,0.90,0,0,0,0,4.45,4.79,4.79,5.06,VMS 3,,Tanque,,0.54,0.96,1.44,1.20,0.45,0.95,4.69,3.63
01/06/2025 04:10 p. m.,Ordeño,08:42,13.95,2,,,,,0,,0.36,0.60,1.02,1.02,0,0,0,0,4.86,5.54,5.34,5.70,VMS 3,,Tanque,,0.60,1.02,1.50,1.38,0.62,2.18,6.11,5.04
02/06/2025 02:03 a. m.,Ordeño,08:43,15.70,1,,,,,0,,0.42,0.54,1.14,1.02,0,0,0,0,4.88,5.63,5.46,5.74,VMS 3,,Tanque,,0.66,0.96,1.56,1.32,0.76,2.35,7.05,5.54
02/06/2025 07:39 a. m.,Ordeño,07:13,10.23,2,,,,,0,,0.42,0.48,1.08,0.96,0,0,0,0,5.19,5.54,5.35,5.63,VMS 3,,Tanque,,0.60,0.84,1.44,1.68,0.54,1.34,4.69,3.66
02/06/2025 06:17 p. m.,Ordeño,10:15,19.19,3,,,,,0,,0.42,0.60,1.20,1.02,0,0,0,0,5.29,5.61,5.56,5.79,VMS 3,,Tanque,,0.66,0.90,1.68,1.44,0.94,2.79,8.77,6.69
03/06/2025 03:25 a. m.,Ordeño,10:09,10.83,1,,,TD,TD,0,,0.42,0.54,1.02,0.00,0,0,0,0,4.83,5.41,5.35,0.00,VMS 3,,Tanque,,0.72,0.90,1.44,0.00,0.73,2.45,7.65,0.00
04/06/2025 12:39 a. m.,Ordeño,08:44,12.34,1,,,,,0,,0.42,0.48,1.08,0.84,0,0,0,0,4.76,5.14,5.11,4.88,VMS 3,,Tanque,,0.72,0.78,1.68,1.26,0.51,1.96,6.35,3.52
04/06/2025 12:03 p. m.,Ordeño,12:56,18.82,2,,,,,0,,0.54,0.60,1.02,0.90,0,0,0,0,5.14,5.55,5.06,5.62,VMS 3,,Tanque,,0.96,1.02,1.56,1.20,1.08,3.01,9.05,5.68
06/06/2025 10:30 a. m.,Ordeño,06:18,8.63,2,,,,,0,,0.42,0.60,1.14,1.02,0,0,0,0,4.35,4.94,4.70,5.10,VMS 3,,Tanque,,0.66,0.90,1.50,1.50,0.42,1.06,4.26,2.89
07/06/2025 05:50 a. m.,Ordeño,13:27,29.04,1,,,,,0,,0.42,0.66,1.20,1.02,0,0,0,0,5.22,5.46,5.62,5.81,VMS 3,,Tanque,,0.84,1.08,1.74,1.44,1.45,4.86,12.96,9.77
07/06/2025 12:52 p. m.,Ordeño,08:41,12.33,2,,,,,0,,0.36,0.54,1.02,0.96,0,0,0,0,4.62,5.01,4.90,5.05,VMS 3,,Tanque,,0.54,0.96,1.62,1.32,0.62,1.50,6.25,3.96
09/06/2025 05:02 p. m.,Ordeño,10:34,18.03,2,,,,,0,,0.48,0.60,1.08,1.02,0,0,0,0,4.96,5.53,5.37,5.64,VMS 3,,Tanque,,0.72,0.96,1.44,1.44,0.82,2.79,8.26,6.16
10/06/2025 02:35 p. m.,Ordeño,13:48,30.94,1,,,,,0,,0.54,0.72,1.20,1.20,0,0,0,0,5.64,5.76,5.57,5.95,VMS 3,,Tanque,,0.84,1.20,1.80,1.56,1.60,4.72,13.79,10.83
12/06/2025 04:36 p. m.,Ordeño,10:20,19.51,2,,,,,0,,0.48,0.60,1.20,1.14,0,0,0,0,4.87,5.21,5.04,5.25,VMS 3,,Tanque,,0.72,1.08,1.68,1.50,1.03,2.72,9.19,6.57
13/06/2025 07:27 a. m.,Ordeño,11:12,23.38,1,,,,,0,,0.48,0.72,1.26,1.26,0,0,0,0,5.12,5.42,5.47,5.57,VMS 3,,Tanque,,0.72,1.14,1.62,1.62,1.04,3.52,10.80,8.02
15/06/2025 08:28 a. m.,Ordeño,09:17,11.31,1,,,,,0,,0.36,0.36,1.08,0.84,0,0,0,0,4.84,4.87,5.37,4.95,VMS 3,,Tanque,,0.54,0.72,1.50,1.26,0.41,1.12,6.89,2.89
15/06/2025 07:17 p. m.,Ordeño,08:58,9.99,2,,,DD,,0,,0.36,0.36,0.96,0.90,0,0,0,0,5.09,5.33,5.43,5.52,VMS 3,,Tanque,,0.60,0.84,1.32,1.26,0.52,1.00,4.93,3.54
16/06/2025 03:37 a. m.,Ordeño,07:41,9.72,1,,,,,0,,0.30,0.42,1.02,0.84,0,0,0,0,4.91,5.71,5.54,5.55,VMS 3,,Tanque,,0.48,0.78,1.32,1.20,0.33,1.31,4.64,3.44
27/06/2025 12:10 a. m.,Ordeño,10:48,17.80,1,,,,,0,,0.42,0.66,1.14,1.08,0,0,0,0,5.05,5.44,5.29,5.39,VMS 3,,Tanque,,0.60,1.02,1.56,1.50,0.80,2.64,7.78,6.58
27/06/2025 07:36 p. m.,Ordeño,12:29,24.23,2,,,,,0,,0.48,0.66,1.14,1.02,0,0,0,0,5.24,5.47,5.40,5.53,VMS 3,,Tanque,,0.72,1.02,1.56,1.44,1.08,3.59,11.05,8.51
28/06/2025 07:43 a. m.,Ordeño,11:26,17.27,1,,,,,0,,0.42,0.54,0.96,1.08,0,0,0,0,4.77,5.24,4.94,5.09,VMS 3,,Tanque,,0.66,1.08,1.44,1.50,0.75,2.12,8.24,6.16
28/06/2025 04:34 p. m.,Ordeño,08:43,12.11,2,,,,,0,,0.42,0.48,0.96,0.90,0,0,0,0,4.94,5.45,5.13,5.31,VMS 3,,Tanque,,0.60,0.84,1.56,1.32,0.49,1.67,5.68,4.27
29/06/2025 03:48 a. m.,Ordeño,10:04,16.73,1,,,,,0,,0.42,0.54,1.02,0.90,0,0,0,0,4.99,5.54,5.28,5.56,VMS 3,,Tanque,,0.60,0.96,1.44,1.26,0.70,2.42,7.62,5.99
29/06/2025 06:56 p. m.,Ordeño,11:57,21.44,2,,,,,0,DD,0.48,0.48,1.08,1.02,0,0,0,0,4.13,5.40,5.20,5.30,VMS 3,,Tanque,,1.08,0.90,1.62,1.50,1.15,2.73,9.95,7.61
30/06/2025 04:01 a. m.,Ordeño,10:27,15.04,1,,DI,,,0,,0.48,0.54,0.90,0.96,0,0,0,0,4.89,5.21,4.96,5.05,VMS 3,,Tanque,,1.14,0.90,1.26,1.32,0.59,2.08,7.07,5.30
30/06/2025 01:42 p. m.,Ordeño,10:04,14.61,2,,,,,0,,0.42,0.48,0.96,0.90,0,0,0,0,4.90,5.20,5.10,5.24,VMS 3,,Tanque,,0.66,0.96,1.38,1.26,0.67,1.95,6.81,5.18
01/07/2025 05:35 a. m.,Ordeño,12:39,21.14,1,,,,,0,,0.42,0.54,1.02,0.90,0,0,0,0,4.89,5.31,5.15,5.22,VMS 3,,Tanque,,0.72,0.90,1.38,1.20,0.86,3.09,9.69,7.50
01/07/2025 03:41 p. m.,Ordeño,10:38,16.41,2,,,,,0,,0.42,0.48,1.02,0.90,0,0,0,0,4.86,5.06,4.83,4.88,VMS 3,,Tanque,,0.60,0.96,1.38,1.26,0.61,2.33,7.82,5.65
02/07/2025 02:18 a. m.,Ordeño,10:48,15.04,1,,,,,0,,0.42,0.48,0.90,0.84,0,0,0,0,4.91,5.19,4.98,5.02,VMS 3,,Tanque,,0.66,0.84,1.56,1.32,0.61,2.19,6.98,5.26
02/07/2025 02:22 p. m.,Ordeño,10:38,17.92,2,,DI,,,0,,0.54,0.42,1.08,0.90,0,0,0,0,4.99,5.44,5.17,5.43,VMS 3,,Tanque,,1.20,0.90,1.62,1.44,0.64,2.39,8.55,6.34
03/07/2025 12:20 a. m.,Ordeño,10:37,14.83,1,,,,,0,,0.48,0.54,0.90,1.02,0,0,0,0,5.02,4.90,4.91,5.06,VMS 3,,Tanque,,0.60,0.84,1.26,1.50,0.57,2.16,6.93,5.17
03/07/2025 11:01 a. m.,Ordeño,10:56,16.74,2,,,,,0,,0.42,0.42,0.96,1.02,0,0,0,0,5.37,5.13,5.11,5.43,VMS 3,,Tanque,,0.72,0.84,1.26,1.50,0.71,2.40,7.83,5.80
04/07/2025 12:46 a. m.,Ordeño,12:34,18.39,1,,,,,0,,0.42,0.54,0.96,1.02,0,0,0,0,4.97,5.04,4.93,5.09,VMS 3,,Tanque,,0.66,0.96,1.44,1.44,0.89,2.54,8.52,6.44
04/07/2025 03:40 p. m.,Ordeño,13:17,22.30,2,,,,,0,,0.42,0.54,1.02,0.90,0,0,0,0,5.23,5.25,5.28,5.54,VMS 3,,Tanque,,0.96,1.02,1.50,1.32,0.92,3.33,10.41,7.64
05/07/2025 02:05 p. m.,Ordeño,08:29,12.41,2,,,,,0,,0.42,0.42,1.02,0.90,0,0,0,0,4.68,4.70,4.67,4.91,VMS 3,,Tanque,,0.60,1.08,1.38,1.44,0.50,1.69,6.14,4.08
06/07/2025 07:37 a. m.,Ordeño,13:34,16.50,1,,,TD,TD,0,,0.42,0.54,1.20,0.00,0,0,0,0,5.24,5.14,5.18,0.00,VMS 3,,Tanque,,0.78,1.14,1.62,0.00,1.18,3.58,11.74,0.00
07/07/2025 05:28 a. m.,Ordeño,09:26,13.06,1,,,,,0,,0.42,0.48,1.08,0.84,0,0,0,0,4.55,4.78,4.81,4.62,VMS 3,,Tanque,,0.66,1.02,1.56,1.14,0.64,2.05,6.99,3.38
07/07/2025 04:11 p. m.,Ordeño,11:19,16.02,2,,,,,0,,0.36,0.48,1.02,0.96,0,0,0,0,5.08,5.20,5.05,5.50,VMS 3,,Tanque,,0.72,0.96,1.44,1.50,0.74,2.33,8.49,4.46
09/07/2025 10:50 a. m.,Ordeño,11:09,16.30,1,,,,,0,,0.42,0.48,1.02,0.84,0,0,0,0,4.69,4.66,4.45,4.69,VMS 3,,Tanque,,0.66,1.08,1.44,1.26,0.72,1.73,8.42,5.43
10/07/2025 12:12 a. m.,Ordeño,10:11,19.42,1,,,,,0,,0.42,0.54,1.20,1.02,0,0,0,0,4.84,5.13,4.83,5.16,VMS 3,,Tanque,,0.66,0.96,1.68,1.38,0.79,3.03,9.28,6.32
10/07/2025 06:37 p. m.,Ordeño,11:45,15.22,2,,,TI,TI,0,,0.42,0.60,0.30,1.08,0,0,0,0,5.21,5.19,1.88,5.29,VMS 3,,Tanque,,0.72,1.02,0.54,2.22,1.24,4.23,0.18,9.57
13/07/2025 06:47 p. m.,Ordeño,09:12,16.85,2,,,,,0,,0.48,0.60,1.26,1.08,0,0,0,0,5.56,5.45,5.39,5.57,VMS 3,,Tanque,,0.84,0.96,1.74,1.44,0.85,3.16,5.38,7.46
14/07/2025 06:21 a. m.,Ordeño,07:26,13.93,1,,,,,0,,0.48,0.54,1.20,1.08,0,0,0,0,5.29,5.02,5.49,5.04,VMS 3,,Tanque,,0.84,0.90,1.56,1.50,0.63,1.97,5.81,5.52
14/07/2025 03:31 p. m.,Ordeño,06:15,10.45,2,,,,,0,,0.48,0.60,1.14,0.96,0,0,0,0,5.30,4.99,5.08,4.93,VMS 3,,Tanque,,0.78,1.08,1.62,1.44,0.45,1.80,4.29,3.91
15/07/2025 03:39 a. m.,Ordeño,08:25,16.63,1,,,,,0,,0.42,0.60,1.20,1.08,0,0,0,0,5.37,5.47,5.38,5.63,VMS 3,,Tanque,,0.72,1.14,1.68,1.56,0.75,2.41,7.21,6.26
15/07/2025 01:43 p. m.,Ordeño,08:30,15.02,2,,,,,0,,0.42,0.54,1.14,0.96,0,0,0,0,5.33,5.37,5.29,5.45,VMS 3,,Tanque,,0.66,1.02,1.62,1.38,0.80,2.05,6.68,5.49
16/07/2025 12:53 a. m.,Ordeño,08:38,14.42,1,,,,,0,,0.42,0.54,1.08,0.90,0,0,0,0,5.12,5.34,5.17,5.35,VMS 3,,Tanque,,0.78,0.90,1.68,1.32,0.50,2.07,6.58,5.27
16/07/2025 03:39 p. m.,Ordeño,10:31,20.28,2,,,,,0,,0.48,0.66,1.20,1.02,0,0,0,0,5.10,5.25,5.08,5.34,VMS 3,,Tanque,,0.66,1.20,1.62,1.44,0.96,2.92,9.22,7.18
17/07/2025 03:09 a. m.,Ordeño,08:20,13.41,1,,,,,0,,0.42,0.60,1.08,0.96,0,0,0,0,4.55,4.97,4.77,4.88,VMS 3,,Tanque,,0.72,1.02,1.56,1.32,0.50,1.81,6.25,4.85
17/07/2025 11:20 a. m.,Ordeño,08:10,12.35,2,,,,,0,,0.42,0.54,1.02,0.90,0,0,0,0,4.82,5.14,4.92,5.22,VMS 3,,Tanque,,0.66,1.02,1.32,1.26,0.61,1.70,5.58,4.46
18/07/2025 03:36 a. m.,Ordeño,11:51,22.02,1,,,,,0,,0.48,0.66,1.08,0.96,0,0,0,0,4.99,5.38,5.20,5.46,VMS 3,,Tanque,,0.78,1.02,1.56,1.26,1.05,3.30,9.98,7.69
18/07/2025 12:50 p. m.,Ordeño,09:00,12.74,2,,,,,0,,0.36,0.60,1.02,0.84,0,0,0,0,4.25,4.71,4.67,4.72,VMS 3,,Tanque,,0.54,1.02,1.56,1.14,0.36,1.66,6.26,4.46
19/07/2025 03:01 a. m.,Ordeño,11:30,19.19,1,,,,,0,,0.42,0.66,1.02,0.90,0,0,0,0,4.83,5.19,5.16,5.32,VMS 3,,Tanque,,0.66,1.02,1.44,1.32,0.89,2.71,8.91,6.68
19/07/2025 02:47 p. m.,Ordeño,10:36,19.07,2,,,,,0,,0.42,0.54,1.14,1.02,0,0,0,0,5.05,5.24,4.99,5.42,VMS 3,,Tanque,,0.78,0.90,1.50,1.44,0.81,2.67,9.03,6.56
20/07/2025 02:19 a. m.,Ordeño,09:45,15.84,1,,,,,0,,0.36,0.54,1.08,0.96,0,0,0,0,4.72,4.99,4.75,4.97,VMS 3,,Tanque,,0.60,0.96,1.56,1.38,0.67,2.07,7.47,5.63
21/07/2025 03:27 a. m.,Ordeño,13:59,28.48,1,,,,,0,,0.42,0.60,1.14,1.26,0,0,0,0,5.17,5.45,5.28,5.40,VMS 3,,Tanque,,0.66,1.02,1.68,1.68,1.41,4.13,12.54,10.40
23/07/2025 07:48 p. m.,Ordeño,06:32,9.75,2,,,,,0,,0.42,0.48,1.02,0.90,0,0,0,0,4.90,5.22,5.17,5.22,VMS 3,,Tanque,,0.78,0.78,1.44,1.26,0.39,1.39,4.14,3.83
24/07/2025 04:10 a. m.,Ordeño,07:03,10.55,1,,,,,0,,0.36,0.42,1.02,0.96,0,0,0,0,4.98,5.20,5.53,5.73,VMS 3,,Tanque,,0.60,0.90,1.44,1.32,0.60,1.23,4.46,4.26
25/07/2025 02:30 a. m.,Ordeño,07:27,12.89,1,,,,,0,,0.42,0.48,1.20,1.02,0,0,0,0,4.88,5.21,5.34,5.34,VMS 3,,Tanque,,0.66,0.84,1.62,1.38,0.47,1.85,5.77,4.80
26/07/2025 07:50 a. m.,Ordeño,13:56,30.35,1,,,,,0,,0.42,0.60,1.26,1.26,0,0,0,0,5.63,5.61,5.57,5.84,VMS 3,,Tanque,,0.72,0.96,1.74,1.68,1.50,3.99,13.88,10.98
27/07/2025 01:18 a. m.,Ordeño,09:37,16.62,1,,,,,0,,0.36,0.42,1.14,0.96,0,0,0,0,4.76,5.34,4.96,5.11,VMS 3,,Tanque,,0.60,0.78,1.62,1.32,0.70,2.24,8.02,5.66
28/07/2025 06:09 p. m.,Ordeño,09:05,16.05,2,,,,,0,,0.36,0.66,1.20,0.96,0,0,0,0,4.49,5.23,5.10,5.22,VMS 3,,Tanque,,0.60,0.96,1.74,1.26,0.77,2.12,7.59,5.57
29/07/2025 09:59 a. m.,Ordeño,11:02,22.33,1,,,,,0,,0.42,0.54,1.26,1.14,0,0,0,0,5.29,5.44,5.35,5.50,VMS 3,,Tanque,,0.72,1.02,1.80,1.56,1.04,2.84,10.39,8.06
30/07/2025 02:46 p. m.,Ordeño,13:48,34.67,1,,,,,0,,0.42,0.66,1.32,1.08,0,0,0,0,5.48,5.55,5.57,5.84,VMS 3,,Tanque,,0.78,1.08,1.62,1.80,1.62,5.10,14.90,13.05
31/07/2025 09:31 a. m.,Ordeño,13:54,26.98,1,,,,,0,,0.42,0.60,1.26,1.02,0,0,0,0,5.15,5.35,5.24,5.23,VMS 3,,Tanque,,0.72,1.08,1.74,1.44,1.29,3.11,14.09,8.49
01/08/2025 03:07 p. m.,Ordeño,09:05,16.58,2,,,,,0,,0.42,0.54,1.20,1.08,0,0,0,0,5.15,5.56,5.19,5.41,VMS 3,,Tanque,,0.66,1.02,1.62,1.50,0.76,2.42,7.45,5.95
02/08/2025 03:31 a. m.,Ordeño,09:44,17.03,1,,,,,0,,0.42,0.54,1.14,1.14,0,0,0,0,4.79,5.27,5.05,5.26,VMS 3,,Tanque,,0.66,0.96,1.56,1.50,0.77,2.22,7.72,6.32
02/08/2025 07:50 p. m.,Ordeño,11:23,22.95,2,,,,,0,,0.42,0.60,1.20,1.08,0,0,0,0,5.01,5.55,5.37,5.45,VMS 3,,Tanque,,0.66,1.02,1.62,1.44,1.11,3.20,10.47,8.17
03/08/2025 06:55 a. m.,Ordeño,10:08,16.46,1,,,,,0,,0.42,0.48,1.08,0.96,0,0,0,0,4.67,5.02,5.04,4.97,VMS 3,,Tanque,,0.54,0.90,1.50,1.44,0.78,2.02,7.67,5.99
03/08/2025 02:35 p. m.,Ordeño,07:09,10.67,2,,,,,0,,0.36,0.48,1.08,1.02,0,0,0,0,4.48,5.13,5.04,5.12,VMS 3,,Tanque,,0.66,0.78,1.44,1.38,0.47,1.44,4.94,3.82
04/08/2025 12:09 a. m.,Ordeño,08:53,12.64,1,,,,,0,,0.36,0.48,0.96,0.96,0,0,0,0,4.69,5.33,5.18,5.23,VMS 3,,Tanque,,0.60,0.84,1.38,1.44,0.52,1.88,5.84,4.40
04/08/2025 08:25 a. m.,Ordeño,08:03,12.96,2,,,,,0,,0.42,0.48,1.14,0.96,0,0,0,0,5.08,5.20,5.25,5.30,VMS 3,,Tanque,,0.60,0.90,1.62,1.26,0.67,1.55,6.13,4.61
04/08/2025 10:30 p. m.,Ordeño,11:03,17.59,3,,,,,0,,0.36,0.48,1.02,0.96,0,0,0,0,4.73,5.21,5.02,4.94,VMS 3,,Tanque,,0.54,0.90,1.44,1.32,0.79,2.33,8.26,6.21
05/08/2025 10:11 a. m.,Ordeño,09:19,15.06,1,,,,,0,,0.36,0.48,1.14,0.96,0,0,0,0,4.47,4.92,4.81,4.77,VMS 3,,Tanque,,0.60,1.14,1.56,1.32,0.72,1.68,7.39,5.27
06/08/2025 02:48 a. m.,Ordeño,11:11,22.71,1,,,,,0,,0.36,0.54,1.14,0.96,0,0,0,0,4.66,5.26,5.04,5.07,VMS 3,,Tanque,,0.78,0.96,1.68,1.44,1.00,3.07,10.62,8.02
06/08/2025 01:48 p. m.,Ordeño,09:34,15.32,2,,,,,0,,0.36,0.48,1.08,1.02,0,0,0,0,4.58,4.81,4.91,4.79,VMS 3,,Tanque,,0.54,1.08,1.44,1.44,0.71,1.79,7.38,5.44
06/08/2025 10:36 p. m.,Ordeño,08:20,11.00,3,,,,,0,,0.30,0.48,0.90,0.78,0,0,0,0,4.55,4.99,4.83,4.80,VMS 3,,Tanque,,0.60,0.78,1.44,1.08,0.48,1.45,5.20,3.87
07/08/2025 05:49 a. m.,Ordeño,07:24,10.75,1,,,,,0,,0.36,0.54,1.08,0.90,0,0,0,0,4.82,5.26,5.08,5.14,VMS 3,,Tanque,,0.60,0.90,1.56,1.26,0.46,1.42,5.10,3.77
07/08/2025 04:38 p. m.,Ordeño,09:45,16.17,2,,,,,0,,0.42,0.54,1.08,0.96,0,0,0,0,5.20,5.54,5.26,5.37,VMS 3,,Tanque,,0.72,1.02,1.50,1.26,0.72,2.05,7.75,5.65
08/08/2025 02:51 a. m.,Ordeño,10:05,13.34,1,,,,,0,,0.48,0.48,0.90,0.90,0,0,0,0,4.81,5.00,4.87,5.01,VMS 3,,Tanque,,0.66,0.90,1.38,1.20,0.64,1.28,6.69,4.73
08/08/2025 10:29 a. m.,Ordeño,07:35,10.74,2,,,,,0,,0.42,0.48,1.02,0.84,0,0,0,0,4.80,5.15,4.88,4.87,VMS 3,,Tanque,,0.78,0.84,1.44,1.14,0.51,1.23,5.21,3.79
08/08/2025 11:14 p. m.,Ordeño,11:36,18.08,3,,,,,0,,0.42,0.60,1.08,0.78,0,0,0,0,5.02,5.50,5.20,5.12,VMS 3,,Tanque,,0.60,1.08,1.56,1.20,0.85,2.41,8.55,6.27
09/08/2025 08:27 a. m.,Ordeño,08:34,14.25,1,,,,,0,,0.48,0.48,1.20,1.02,0,0,0,0,4.68,5.17,5.00,4.98,VMS 3,,Tanque,,0.72,0.84,1.68,1.38,0.56,1.53,6.99,5.17
10/08/2025 03:31 p. m.,Ordeño,14:08,31.38,1,,,,,0,,0.42,0.66,1.38,1.20,0,0,0,0,5.93,6.32,5.68,5.85,VMS 3,,Tanque,,0.72,1.08,1.98,1.56,1.54,4.25,14.74,10.85
10/08/2025 08:47 p. m.,Ordeño,11:19,3.19,2,,,"DD,TI,TD",,0,,0.30,0.24,0.78,0.78,0,0,0,0,3.42,0.00,4.40,4.37,VMS 3,,Tanque,,0.54,0.72,1.56,1.50,0.28,0.32,1.59,1.00
12/08/2025 12:38 a. m.,Ordeño,14:24,22.52,1,,,,,0,,0.42,0.48,1.14,1.08,0,0,0,0,5.02,5.47,5.13,5.29,VMS 3,,Tanque,,0.72,0.84,1.62,1.68,0.79,2.48,11.09,8.16
12/08/2025 03:19 p. m.,Ordeño,09:40,15.36,2,,,,,0,,0.48,0.42,1.08,1.08,0,0,0,0,5.16,5.56,5.09,5.36,VMS 3,,Tanque,,0.78,0.78,1.56,1.44,0.65,1.62,7.54,5.55
12/08/2025 10:58 p. m.,Ordeño,05:54,7.67,3,,,,,0,,0.36,0.48,1.02,0.90,0,0,0,0,5.03,5.42,5.14,5.32,VMS 3,,Tanque,,0.60,0.96,1.38,1.20,0.34,1.01,3.62,2.70
13/08/2025 06:00 a. m.,Ordeño,06:13,7.68,1,,,,,0,,0.36,0.30,1.14,0.96,0,0,0,0,4.68,5.15,5.21,5.46,VMS 3,,Tanque,,0.60,0.72,1.56,1.32,0.31,0.97,3.68,2.72
13/08/2025 06:43 p. m.,Ordeño,09:44,16.75,2,,,,,0,,0.48,0.48,1.14,0.96,0,0,0,0,5.33,5.60,5.41,5.56,VMS 3,,Tanque,,0.78,0.84,1.56,1.26,0.67,2.05,8.10,5.93
14/08/2025 03:59 a. m.,Ordeño,07:50,11.58,1,,,,,0,,0.42,0.42,1.08,0.84,0,0,0,0,4.92,5.13,5.16,5.15,VMS 3,,Tanque,,0.60,0.84,1.50,1.14,0.52,1.15,5.79,4.12
14/08/2025 01:20 p. m.,Ordeño,08:38,12.65,2,,,,,0,,0.42,0.48,1.08,0.96,0,0,0,0,5.24,5.48,5.29,5.49,VMS 3,,Tanque,,0.66,0.84,1.44,1.32,0.51,1.29,6.19,4.66
14/08/2025 10:29 p. m.,Ordeño,08:13,11.98,3,,,,,0,,0.42,0.60,1.02,0.96,0,0,0,0,4.88,5.60,5.09,5.20,VMS 3,,Drenaje,,0.66,0.96,1.62,1.32,0.47,1.90,5.56,4.05
15/08/2025 07:46 a. m.,Ordeño,08:08,13.89,1,,,,,0,,0.48,0.48,1.20,1.08,0,0,0,0,5.00,5.38,5.31,5.48,VMS 3,,Drenaje,,0.78,1.08,1.86,1.44,0.63,1.63,6.61,5.02
15/08/2025 05:15 p. m.,Ordeño,08:34,14.27,2,,,,,0,,0.54,0.54,1.14,1.02,0,0,0,0,4.35,5.46,5.29,5.40,VMS 3,,Drenaje,,1.62,0.96,1.56,1.44,0.85,1.78,6.80,4.84
16/08/2025 12:15 a. m.,Ordeño,07:04,9.26,1,,,,,0,,0.42,0.48,1.08,1.02,0,0,0,0,4.73,5.11,4.95,5.11,VMS 3,,Drenaje,,0.72,0.96,1.44,1.32,0.40,1.02,4.56,3.28
16/08/2025 11:15 a. m.,Ordeño,09:20,15.76,2,,,,,0,,0.42,0.54,1.14,1.08,0,0,0,0,5.01,5.53,5.23,5.40,VMS 3,,Drenaje,,0.60,0.96,1.56,1.44,0.65,2.05,7.59,5.47
17/08/2025 03:40 a. m.,Ordeño,11:12,23.63,1,,,,,0,,0.48,0.60,1.32,1.08,0,0,0,0,5.00,5.23,5.02,5.12,VMS 3,,Drenaje,,0.72,1.02,1.74,1.44,1.02,3.08,11.35,8.18
17/08/2025 07:03 p. m.,Ordeño,11:28,21.30,2,,,,,0,,0.48,0.60,1.20,1.02,0,0,0,0,4.55,5.01,4.65,4.95,VMS 3,,Drenaje,,0.72,1.08,1.62,1.38,1.00,2.79,10.31,7.20
18/08/2025 03:39 a. m.,Ordeño,07:55,10.08,1,,,,,0,,0.36,0.36,0.96,0.84,0,0,0,0,4.28,4.34,4.34,4.39,VMS 3,,Drenaje,,0.60,0.96,1.38,1.14,0.46,1.06,5.03,3.53
18/08/2025 04:55 p. m.,Ordeño,09:51,16.64,2,,,,,0,,0.42,0.48,1.14,0.96,0,0,0,0,4.55,5.02,4.88,4.92,VMS 3,,Drenaje,,0.60,0.84,1.62,1.32,0.59,2.29,8.08,5.68
19/08/2025 04:50 a. m.,Ordeño,08:41,13.46,1,,,,,0,,0.42,0.42,1.14,0.90,0,0,0,0,4.29,4.40,4.72,4.61,VMS 3,,Drenaje,,0.60,0.72,1.56,1.20,0.50,1.36,6.83,4.77
20/08/2025 11:17 a. m.,Ordeño,13:51,30.49,1,,,,,0,,0.48,0.60,1.14,1.08,0,0,0,0,5.90,6.09,6.00,6.13,VMS 3,,Drenaje,,0.78,1.08,1.56,1.56,1.50,4.52,12.82,11.65
21/08/2025 07:27 a. m.,Ordeño,13:09,23.85,1,,,,,0,,0.48,0.54,1.20,1.14,0,0,0,0,5.31,5.40,5.39,5.15,VMS 3,,Drenaje,,0.84,0.84,1.62,1.44,0.87,2.44,12.75,7.79
22/08/2025 10:33 a. m.,Ordeño,12:12,25.99,1,,,,,0,,0.54,0.66,1.26,0.96,0,0,0,0,5.85,5.81,5.51,5.68,VMS 3,,Drenaje,,0.78,1.08,1.68,1.26,1.33,3.26,12.15,9.25
23/08/2025 12:03 a. m.,Ordeño,07:11,9.47,1,,,,,0,,0.30,0.36,1.08,0.96,0,0,0,0,4.85,4.95,5.06,4.96,VMS 3,,Drenaje,,0.60,0.96,1.62,1.32,0.41,1.03,4.67,3.36
23/08/2025 04:40 p. m.,Ordeño,09:56,15.90,2,,,,,0,,0.48,0.48,1.08,0.90,0,0,0,0,5.27,5.59,5.49,5.49,VMS 3,,Drenaje,,0.72,0.84,1.50,1.26,0.61,1.56,7.82,5.91
24/08/2025 05:14 a. m.,Ordeño,08:56,14.18,1,,,,,0,DD,0.42,0.48,1.08,0.96,0,0,0,0,4.32,5.44,5.12,5.09,VMS 3,,Drenaje,,0.66,0.84,1.44,1.56,0.67,1.71,6.74,5.06
24/08/2025 02:54 p. m.,Ordeño,08:35,12.65,2,,,,,0,,0.36,0.42,1.08,0.96,0,0,0,0,5.27,5.57,5.38,5.36,VMS 3,,Drenaje,,0.60,0.72,1.62,1.38,0.44,1.25,6.39,4.57
25/08/2025 03:32 a. m.,Ordeño,09:50,14.59,1,,,,,0,,0.42,0.48,1.02,1.02,0,0,0,0,4.88,5.42,5.12,5.02,VMS 3,,Drenaje,,0.60,0.84,1.50,1.38,0.59,1.63,7.23,5.14
26/08/2025 05:11 p. m.,Ordeño,09:22,17.79,2,,,,,0,,0.48,0.48,1.26,1.02,0,0,0,0,5.04,5.12,4.99,5.02,VMS 3,,Tanque,,0.78,0.78,1.68,1.44,0.77,1.93,8.81,6.28
27/08/2025 07:26 a. m.,Ordeño,09:48,17.14,1,,,,,0,,0.42,0.42,1.26,0.96,0,0,0,0,4.94,5.07,5.12,5.04,VMS 3,,Tanque,,0.66,0.72,1.62,1.38,0.74,1.33,8.92,6.15
27/08/2025 06:43 p. m.,Ordeño,09:35,14.87,2,,,,,0,DD,0.36,0.54,1.02,1.08,0,0,0,0,4.59,5.42,4.73,4.95,VMS 3,,Tanque,,0.60,0.84,1.50,1.44,0.59,1.98,7.22,5.08
28/08/2025 09:18 a. m.,Ordeño,11:08,19.40,1,,,,,0,,0.42,0.48,1.14,1.14,0,0,0,0,4.93,5.08,5.20,5.09,VMS 3,,Tanque,,0.78,0.84,1.44,1.44,0.93,1.63,9.79,7.05
28/08/2025 05:13 p. m.,Ordeño,07:47,10.53,2,,,,,0,,0.42,0.54,1.02,0.90,0,0,0,0,4.77,5.42,5.14,5.11,VMS 3,,Tanque,,0.66,0.96,1.56,1.26,0.40,0.94,5.45,3.74
29/08/2025 03:43 a. m.,Ordeño,08:16,14.91,1,,,,,0,,0.42,0.48,1.32,1.08,0,0,0,0,5.02,5.62,5.19,5.28,VMS 3,,Tanque,,0.60,0.84,1.80,1.38,0.63,1.38,7.64,5.26
29/08/2025 04:00 p. m.,Ordeño,09:06,17.15,2,,,,,0,,0.48,0.54,1.26,0.96,0,0,0,0,5.08,5.62,5.20,5.20,VMS 3,,Tanque,,0.72,0.96,1.74,1.68,0.63,2.27,8.31,5.94
30/08/2025 01:01 p. m.,Ordeño,13:48,22.84,1,,,,,0,,0.48,0.48,1.02,0.90,0,0,0,0,4.85,5.24,4.94,4.93,VMS 3,,Tanque,,0.72,0.96,1.50,1.32,1.06,2.29,11.28,8.21
31/08/2025 11:40 p. m.,Ordeño,08:50,11.79,2,,,,,0,,0.36,0.30,1.02,0.78,0,0,0,0,4.20,0.00,4.46,4.35,VMS 3,,Tanque,,0.54,0.96,1.44,1.26,0.59,1.12,5.95,4.13
01/09/2025 04:51 p. m.,Ordeño,10:51,20.72,1,,,,,0,,0.42,0.48,1.26,0.96,0,0,0,0,4.93,5.54,5.00,5.09,VMS 3,,Tanque,,0.60,0.84,1.80,1.44,0.84,1.96,10.61,7.31
04/09/2025 05:37 a. m.,Ordeño,09:18,11.46,1,,,,,0,,0.30,0.24,0.96,0.90,0,0,0,0,4.80,0.00,5.16,5.27,VMS 3,,Tanque,,0.60,0.84,1.32,1.20,0.40,0.70,6.14,4.22
05/09/2025 05:29 a. m.,Ordeño,08:43,14.14,1,,,,,0,,0.42,0.30,1.32,0.96,0,0,0,0,5.43,0.00,5.41,5.61,VMS 3,,Tanque,,0.60,0.60,1.68,1.32,0.51,0.83,7.61,5.19
06/09/2025 06:25 a. m.,Ordeño,13:48,29.60,1,,,,,0,DD,0.54,0.54,1.32,1.14,0,0,0,0,5.88,6.93,5.59,5.92,VMS 3,,Tanque,,0.90,0.90,2.16,1.56,1.29,3.00,14.88,10.43
07/09/2025 09:39 a. m.,Ordeño,07:30,9.94,2,,,,,0,,0.36,0.30,1.14,0.90,0,0,0,0,4.93,0.00,4.68,4.92,VMS 3,,Tanque,,0.60,1.02,1.56,1.32,0.47,0.51,5.71,3.25
08/09/2025 01:00 a. m.,Ordeño,10:04,17.25,1,,,,,0,,0.48,0.42,1.20,0.96,0,0,0,0,5.28,5.71,5.28,5.38,VMS 3,,Tanque,,0.72,0.84,1.62,1.38,0.57,1.35,9.02,6.31
10/09/2025 06:53 p. m.,Ordeño,08:23,10.66,2,,,,,0,TI,0.24,0.30,1.02,0.84,0,0,0,0,4.05,0.00,4.98,4.53,VMS 3,,Tanque,,0.54,0.90,1.44,1.20,0.44,0.85,6.49,2.88
11/09/2025 01:22 p. m.,Ordeño,10:05,16.68,1,,,,,0,,0.42,0.30,1.14,1.02,0,0,0,0,4.36,0.00,5.37,5.46,VMS 3,,Tanque,,0.78,0.60,1.50,1.32,0.76,1.13,8.54,6.25
12/09/2025 02:04 a. m.,Ordeño,08:43,11.71,1,,,DD,,0,,0.66,0.30,1.02,1.02,0,0,0,0,3.89,0.00,5.12,5.10,VMS 3,,Tanque,,2.16,0.90,1.32,1.38,0.80,0.42,6.14,4.35
15/09/2025 11:44 p. m.,Ordeño,09:23,9.56,2,,,,DD,0,,0.36,0.24,0.84,0.84,0,0,0,0,4.37,0.00,4.25,4.34,VMS 3,,Tanque,,0.66,0.66,1.14,1.20,0.47,0.19,5.45,3.45
18/09/2025 09:43 a. m.,Ordeño,09:13,12.00,1,,,,,0,,0.42,0.30,0.96,0.90,0,0,0,0,4.88,0.00,4.81,4.94,VMS 3,,Tanque,,0.66,0.78,1.50,1.32,0.56,0.58,6.49,4.37
18/09/2025 10:50 p. m.,Ordeño,10:27,15.54,2,,DI,,,0,DD,0.48,0.36,1.08,1.02,0,0,0,0,4.81,6.63,5.07,5.14,VMS 3,,Tanque,,1.02,1.14,1.44,1.50,0.56,0.72,8.35,5.91
20/09/2025 12:39 p. m.,Ordeño,08:45,10.82,2,,,,,0,,0.36,0.36,0.96,0.90,0,0,0,0,4.66,0.00,4.67,4.88,VMS 3,,Tanque,,0.54,0.96,1.26,1.26,0.48,0.41,5.96,3.97
20/09/2025 11:34 p. m.,Ordeño,09:16,12.10,3,,,,,0,DD,0.42,0.42,1.02,0.90,0,0,0,0,4.66,6.17,4.89,4.92,VMS 3,,Tanque,,0.54,0.90,1.32,1.20,0.46,0.56,6.52,4.56
22/09/2025 07:57 p. m.,Ordeño,09:07,12.54,2,,,,,0,,0.42,0.30,1.08,0.90,0,0,0,0,4.66,0.00,4.54,4.59,VMS 3,,Tanque,,0.72,0.84,1.50,1.26,0.55,0.56,6.79,4.64
23/09/2025 09:16 p. m.,Ordeño,13:48,25.71,1,,DI,,,0,DD,0.42,0.42,1.20,1.08,0,0,0,0,4.86,6.46,5.27,5.32,VMS 3,,Tanque,,0.90,0.90,1.80,1.56,1.30,1.12,13.38,9.91
24/09/2025 07:11 p. m.,Ordeño,10:28,14.22,2,,,,,0,,0.36,0.30,1.02,0.90,0,0,0,0,4.88,0.00,5.15,5.18,VMS 3,,Tanque,,0.84,0.90,1.50,1.32,0.55,0.58,7.63,5.46
25/09/2025 10:54 p. m.,Ordeño,09:46,13.50,2,,DI,,,0,,0.42,0.30,1.08,1.02,0,0,0,0,3.97,0.00,4.48,4.46,VMS 3,,Tanque,,0.66,1.02,1.56,1.44,0.55,0.63,7.42,4.90
26/09/2025 11:12 a. m.,Ordeño,09:45,15.27,1,,DI,,,0,DD,0.42,0.36,1.20,1.14,0,0,0,0,4.42,5.66,4.60,4.68,VMS 3,,Tanque,,0.54,1.02,1.56,1.74,0.68,0.45,8.33,5.81
28/09/2025 04:42 a. m.,Ordeño,10:00,13.41,1,,,,,0,,0.36,0.24,1.08,0.96,0,0,0,0,4.36,0.00,4.60,4.59,VMS 3,,Tanque,,0.60,0.60,1.50,1.38,0.38,0.36,7.63,5.04
28/09/2025 03:23 p. m.,Ordeño,08:59,12.18,2,,,,,0,,0.42,0.30,1.02,1.02,0,0,0,0,4.75,0.00,4.72,4.81,VMS 3,,Tanque,,0.96,0.90,1.38,1.38,0.56,0.43,6.61,4.58
29/09/2025 02:06 a. m.,Ordeño,08:31,12.17,1,,,,,0,,0.36,0.24,1.14,1.02,0,0,0,0,4.88,0.00,4.94,4.86,VMS 3,,Tanque,,0.66,0.60,1.62,1.50,0.41,0.30,6.79,4.67
29/09/2025 03:02 p. m.,Ordeño,09:27,15.24,2,,DI,,,0,,0.48,0.30,1.26,1.14,0,0,0,0,5.28,0.00,5.33,5.40,VMS 3,,Tanque,,0.66,1.02,1.56,1.56,0.60,0.54,8.38,5.72
30/09/2025 12:17 a. m.,Ordeño,08:29,12.37,1,,,,,0,,0.36,0.30,1.14,1.08,0,0,0,0,4.76,0.00,4.95,5.03,VMS 3,,Tanque,,0.60,0.72,1.62,1.44,0.47,0.51,6.82,4.57
30/09/2025 11:21 a. m.,Ordeño,08:41,12.82,2,,,,,0,,0.42,0.24,1.20,1.08,0,0,0,0,4.83,0.00,4.95,5.01,VMS 3,,Tanque,,0.66,0.84,1.62,1.62,0.53,0.45,7.00,4.84
01/10/2025 12:38 a. m.,Ordeño,09:06,13.05,1,,,,,0,,0.42,0.36,1.14,1.08,0,0,0,0,4.99,0.00,4.95,4.92,VMS 3,,Tanque,,0.72,1.20,1.56,1.44,0.41,0.42,7.18,5.04
01/10/2025 04:10 p. m.,Ordeño,10:39,18.24,2,,,,,0,,0.42,0.30,1.26,1.08,0,0,0,0,5.27,0.00,5.17,5.09,VMS 3,,Tanque,,0.66,0.90,1.62,1.62,0.75,0.32,10.21,6.96
08/10/2025 07:06 a. m.,Ordeño,09:55,9.75,1,,,TD,TD,0,DD,0.42,0.30,1.20,0.00,0,0,0,0,4.87,5.68,4.82,0.00,VMS 3,,Tanque,,0.54,0.78,1.68,0.00,0.59,0.35,8.81,0.00
09/10/2025 07:52 a. m.,Ordeño,13:11,24.45,1,,,,DD,0,TD,0.42,0.00,1.32,1.08,0,0,0,0,5.53,0.00,5.21,6.35,VMS 3,,Tanque,,0.60,0.00,1.80,1.86,0.98,0.00,14.05,9.42
12/10/2025 07:23 a. m.,Ordeño,07:40,7.73,1,,,,DD,0,,0.30,0.00,1.02,0.96,0,0,0,0,4.62,0.00,4.47,4.60,VMS 3,,Tanque,,0.66,0.00,1.50,1.44,0.30,0.00,4.58,2.85
17/10/2025 11:28 a. m.,Ordeño,07:16,10.62,2,,,,,0,,0.30,0.30,1.20,1.08,0,0,0,0,5.05,0.00,5.10,5.19,VMS 3,,Tanque,,0.54,0.96,1.68,1.56,0.37,0.52,5.85,3.88
20/10/2025 01:24 p. m.,Ordeño,08:20,11.69,1,,,,,0,,0.30,0.42,1.08,0.96,0,0,0,0,5.17,0.00,4.95,5.17,VMS 3,,Tanque,,0.54,1.32,1.50,1.32,0.42,0.58,6.19,4.50
17/09/2024 07:07 a. m.,Echada sin ordeñar,06:55,,,,,,,,,,,,,,,,,,,,,VMS 2,,,,,,,,,,,
14/01/2025 04:46 p. m.,Echada sin ordeñar,22:17,,,,,,,,,,,,,,,,,,,,,VMS 3,,,,,,,,,,,
06/02/2025 03:59 a. m.,Echada sin ordeñar,00:07,,,,,,,,,,,,,,,,,,,,,VMS 2,,,,,,,,,,,
16/03/2025 05:49 a. m.,Echada sin ordeñar,10:50,,,,,,,,,,,,,,,,,,,,,VMS 3,,,,,,,,,,,
21/03/2025 07:52 a. m.,Echada sin ordeñar,06:25,,,,,,,,,,,,,,,,,,,,,VMS 3,,,,,,,,,,,
31/03/2025 06:59 p. m.,Echada sin ordeñar,01:06,,,,,,,,,,,,,,,,,,,,,VMS 3,,,,,,,,,,,
15/05/2025 08:26 p. m.,Echada sin ordeñar,00:25,,,,,,,,,,,,,,,,,,,,,VMS 3,,,,,,,,,,,
17/09/2025 10:57 p. m.,Echada sin ordeñar,05:27,,,,,,,,,,,,,,,,,,,,,VMS 3,,,,,,,,,,,
20/09/2025 11:28 p. m.,Echada sin ordeñar,05:35,,,,,,,,,,,,,,,,,,,,,VMS 3,,,,,,,,,,,
10/10/2025 10:07 p. m.,Rechazada,00:00,,,,,,,,,,,,,,,,,,,,,VMS 3,,,,,,,,,,,
20/10/2025 05:24 a. m.,Rechazada,00:00,,,,,,,,,,,,,,,,,,,,,VMS 3,,,,,,,,,,,
