Main,,,,Estado,,,,,Estado AMD,,Media de los flujos (kg/min),,,,Sangre (ppm),,,,Conductividad (mS / cm),,,,Misc,,,,Flujos máximos (kg/min),,,,Producciones (kg),,,
Hora de inicio,Acción,Duración (mm:ss),Producción (kg),Número de ordeño,RCS (* 1000 células / ml),Patada,Incompleto,Pezones no encontrados,Ubre,Pezón,DI,DD,TI,TD,DI,DD,TI,TD,DI,DD,TI,TD,EO/PO,Usuario,Destino Leche,Razón de la desviación,DI,DD,TI,TD,DI,DD,TI,TD
01/09/2022 12:56 a. m.,Ordeño,07:06,10.11,1,,,,,1,"DI,DD",1.08,1.44,1.32,1.02,1096,994,0,471,4.68,4.88,3.97,3.78,VMS 3,,Divert 3,,1.68,1.92,1.98,1.68,2.06,2.44,2.77,2.84
01/09/2022 10:36 a. m.,Ordeño,07:31,7.50,2,,,,,1,"DI,DD",1.26,1.38,1.20,0.90,1194,1096,384,362,5.08,5.14,4.48,4.25,VMS 3,,Divert 3,,1.68,1.86,1.74,1.44,1.94,2.17,1.74,1.65
02/09/2022 08:23 a. m.,Ordeño,10:37,19.57,1,,TD,,,1,,1.20,1.32,0.84,0.84,3097,680,0,365,5.29,5.24,5.10,5.27,VMS 3,,Divert 3,,1.62,1.80,1.38,1.32,5.08,5.15,5.02,4.32
02/09/2022 09:24 p. m.,Ordeño,06:36,11.84,2,,TD,,,1,,0.96,1.20,0.96,0.84,4392,566,365,0,4.83,4.69,4.77,4.74,VMS 3,,Divert 3,,1.38,1.74,1.44,1.20,3.19,3.39,2.52,2.74
03/09/2022 07:31 p. m.,Ordeño,06:17,12.32,2,,,,,1,,1.20,1.20,0.96,0.78,1579,348,0,0,5.57,5.34,5.28,5.25,VMS 3,,Divert 3,,1.74,1.74,1.50,1.26,3.23,3.27,2.82,3.00
04/09/2022 11:09 a. m.,Ordeño,08:37,9.81,1,,,DI,DI,1,,0.00,1.38,0.84,1.08,0,358,0,0,0.00,5.01,5.00,4.82,VMS 3,,Tanque,,0.00,2.04,1.26,1.56,0.00,3.80,2.80,3.21
05/09/2022 08:38 a. m.,Ordeño,09:32,20.73,1,,,,,1,DD,1.14,1.38,0.78,0.84,485,0,0,0,4.70,5.42,4.43,4.68,VMS 3,,Tanque,,1.50,1.92,1.26,1.32,5.37,5.55,4.97,4.84
06/09/2022 08:30 a. m.,Ordeño,09:49,21.87,1,,,,,1,,1.02,1.20,0.90,0.96,384,0,0,0,4.95,4.97,4.73,4.85,VMS 3,,Drenaje,,1.44,1.74,1.32,1.38,6.57,3.89,5.91,5.50
14/09/2022 08:40 a. m.,Ordeño,10:57,23.92,1,,TD,,,1,,0.84,1.20,0.84,0.78,0,0,0,0,4.73,5.26,5.11,5.33,VMS 3,,Drenaje,,1.14,1.68,1.38,1.38,5.46,5.97,5.82,6.67
20/09/2022 11:29 a. m.,Ordeño,11:25,27.17,1,,"TI,TD",,,1,,1.02,1.14,0.84,0.78,0,0,0,0,5.56,5.29,4.97,5.15,VMS 3,,Tanque,,1.44,1.62,1.32,1.26,8.17,5.94,6.96,6.10
13/10/2022 04:17 a. m.,Ordeño,10:48,28.92,1,,,,,1,,0.96,1.14,1.02,1.02,0,0,0,0,5.22,5.21,5.28,5.32,VMS 1,,Tanque,,1.44,1.68,1.38,1.38,6.53,6.51,7.60,8.28
23/10/2022 10:42 p. m.,Ordeño,10:00,26.13,2,,,,,1,DD,1.20,1.14,0.96,0.90,0,0,0,0,5.01,6.23,5.10,5.04,VMS 1,,Tanque,,1.86,1.62,1.32,1.32,6.97,6.11,6.48,6.57
21/12/2022 01:29 a. m.,Ordeño,08:35,13.62,1,,,,,1,,1.08,0.96,0.90,0.84,0,0,0,0,4.82,4.74,4.74,5.39,VMS 1,,Tanque,,1.50,1.44,1.32,1.26,3.24,2.74,2.84,4.80
15/01/2023 08:05 a. m.,Ordeño,11:47,17.36,1,,,TI,TI,1,DD,1.20,1.26,0.00,0.60,0,0,0,0,4.93,5.04,0.00,3.82,VMS 1,,Tanque,,1.62,1.62,0.00,0.90,6.21,5.89,0.00,5.26
15/01/2023 03:54 p. m.,Ordeño,08:27,14.57,2,,,,,1,TI,0.90,1.08,1.14,0.66,0,0,0,0,4.78,4.99,5.44,4.55,VMS 1,,Tanque,,1.32,1.50,1.62,1.02,2.76,2.22,7.01,2.58
18/03/2023 02:59 a. m.,Ordeño,08:31,16.54,1,,,,,1,TI,1.14,1.14,1.02,0.84,0,0,0,0,4.61,4.66,6.04,4.66,VMS 2,,Tanque,,1.68,1.50,1.38,1.26,3.91,3.42,5.79,3.42
18/03/2023 05:04 p. m.,Ordeño,07:03,16.58,2,,,,,1,,1.20,1.20,0.90,1.02,0,0,0,0,4.74,4.75,5.00,4.81,VMS 2,,Tanque,,1.50,1.56,1.38,1.50,4.90,4.53,2.46,4.69
04/04/2023 04:49 p. m.,Ordeño,08:07,7.35,2,,,"DI,DD,TI",,1,"TI,TD",0.72,0.84,0.30,1.02,0,0,772,0,4.93,4.26,4.92,5.93,VMS 2,,Divert 3,Sangre por pezón por encima del umbral,1.14,1.32,0.60,1.80,1.44,1.30,0.39,4.22
07/04/2023 06:34 p. m.,Ordeño,08:43,22.37,1,,,,,1,,1.26,1.32,1.02,1.14,0,0,0,0,5.37,5.54,5.49,5.91,VMS 2,,Tanque,,1.80,1.68,1.44,1.74,6.80,5.25,5.21,5.11
15/05/2023 10:57 p. m.,Ordeño,07:37,16.79,2,,,,,1,TD,1.38,1.32,0.96,0.96,0,0,0,0,4.82,4.82,4.02,5.23,VMS 2,,Tanque,,1.92,1.80,1.26,1.26,4.70,3.98,4.28,3.83
16/05/2023 01:04 p. m.,Ordeño,07:52,19.19,1,,,,,1,,1.32,1.50,1.14,1.14,0,0,0,0,4.91,5.20,4.91,5.41,VMS 2,,Tanque,,1.68,2.04,1.50,1.68,5.85,4.58,4.24,4.52
19/05/2023 11:20 p. m.,Ordeño,05:50,14.00,2,,,,,1,,1.44,1.32,0.96,0.96,0,0,0,0,5.13,4.95,5.08,5.41,VMS 2,,Tanque,,1.80,1.74,1.38,1.38,4.28,3.53,3.03,3.16
02/06/2023 08:36 p. m.,Ordeño,08:47,20.49,2,,,,,1,TD,1.26,1.38,1.08,1.14,0,0,0,0,5.16,5.23,4.15,5.63,VMS 2,,Tanque,,1.74,1.92,1.44,1.56,6.16,4.91,4.57,4.85
24/06/2023 04:07 p. m.,Ordeño,06:52,17.90,2,,,,,1,,1.44,1.44,1.02,1.02,0,0,0,0,4.62,4.94,4.82,4.98,VMS 2,,Tanque,,1.92,1.86,1.50,1.50,5.61,4.57,3.82,3.90
15/07/2023 11:30 a. m.,Ordeño,07:55,22.45,1,,,,,1,,1.26,1.38,1.02,1.20,0,0,0,0,5.06,5.25,5.10,5.63,VMS 2,,Tanque,,1.68,1.86,1.38,1.68,5.28,4.90,5.83,6.44
24/09/2023 01:09 a. m.,Ordeño,04:57,4.88,1,,,,,1,Todos,1.14,0.72,1.08,0.96,1994,878,883,982,4.90,4.95,4.58,3.59,VMS 3,,Divert 3,,1.86,1.44,1.56,1.92,1.22,0.84,1.20,1.62
25/09/2023 11:32 a. m.,Ordeño,08:48,13.34,2,,TD,,,1,"DI,DD,TI",1.26,1.26,1.14,1.08,2819,962,779,577,4.85,5.15,4.70,4.85,VMS 3,,Divert 3,,1.68,1.68,1.80,1.50,3.27,2.96,3.38,3.73
26/09/2023 09:54 p. m.,Ordeño,12:54,17.08,2,,TD,,,1,DI,1.26,1.20,0.96,0.90,911,546,480,0,4.91,5.22,4.91,4.86,VMS 3,,Divert 3,,1.74,1.62,1.26,1.26,4.60,3.55,4.37,4.56
27/09/2023 08:30 a. m.,Ordeño,09:41,16.96,1,,TD,,,1,,1.20,1.20,1.14,1.08,583,354,0,0,4.71,5.09,4.66,4.77,VMS 3,,Divert 3,,1.62,1.68,1.68,1.56,4.83,3.40,4.50,4.23
27/09/2023 09:08 p. m.,Ordeño,08:59,19.74,2,,TD,,,1,,1.38,1.32,1.26,1.08,371,0,0,0,4.85,5.09,4.67,4.82,VMS 3,,Divert 3,,1.80,2.16,1.80,1.50,5.10,4.31,5.05,5.28
01/10/2023 09:23 a. m.,Ordeño,08:30,22.99,1,,,,,1,,1.26,1.38,1.20,1.08,0,0,0,0,4.59,4.88,4.51,4.58,VMS 3,,Tanque,,1.74,1.86,1.68,1.50,5.88,4.81,5.99,6.31
05/10/2023 10:48 a. m.,Ordeño,09:58,29.95,1,,,,,1,,1.32,1.38,1.26,1.14,0,0,0,0,5.01,5.22,5.10,5.24,VMS 3,,Tanque,,1.62,2.04,1.80,1.74,7.04,5.89,9.16,7.86
10/10/2023 03:31 p. m.,Ordeño,10:44,29.13,2,,,,,1,,1.08,1.38,1.08,1.02,0,0,0,0,4.99,5.24,4.87,5.01,VMS 3,,Tanque,,1.50,1.74,1.50,1.38,8.04,5.70,7.86,7.53
11/10/2023 07:05 a. m.,Ordeño,10:19,29.27,1,,,,,1,,1.20,1.32,1.26,1.08,0,0,0,0,4.97,5.18,4.91,5.11,VMS 3,,Tanque,,1.56,1.74,1.62,1.50,8.10,5.77,7.39,8.01
15/10/2023 07:58 a. m.,Ordeño,10:50,20.94,1,,,TD,TD,1,,1.32,1.20,1.14,0.00,0,0,0,0,5.07,5.16,4.76,0.00,VMS 3,,Tanque,,1.86,1.80,1.56,0.00,7.54,5.64,7.76,0.00
25/11/2023 10:24 p. m.,Ordeño,12:44,37.52,2,,,,,1,,1.14,1.20,1.08,1.26,0,0,0,0,4.27,4.66,4.19,4.30,VMS 2,,Tanque,,1.74,1.68,1.50,2.34,9.35,6.50,8.75,12.92
27/11/2023 07:07 p. m.,Ordeño,10:00,29.21,2,,,,,1,TD,1.38,1.20,1.02,1.08,0,0,0,0,4.81,5.08,4.67,6.21,VMS 2,,Tanque,,1.86,1.62,1.32,1.92,8.71,5.72,7.45,7.33
20/03/2024 06:14 a. m.,Ordeño,08:02,19.98,1,,,,,1,,1.08,1.02,1.08,1.14,0,0,0,0,4.64,4.76,4.99,5.04,VMS 2,,Tanque,,1.44,1.44,1.44,1.62,5.36,4.45,5.99,4.18
20/03/2024 06:37 p. m.,Ordeño,09:14,14.34,2,,TD,TD,,1,,1.14,1.08,1.14,0.90,0,0,0,0,4.73,4.81,5.15,4.81,VMS 2,,Tanque,,1.56,1.62,1.86,1.32,4.69,3.85,4.11,1.69
09/04/2024 04:40 p. m.,Ordeño,08:34,21.03,2,,,,,1,,1.26,1.26,0.96,1.08,0,0,0,0,4.54,4.77,4.83,4.75,VMS 2,,Tanque,,1.68,1.68,1.50,1.56,6.70,4.95,4.31,5.07
10/04/2024 07:16 a. m.,Ordeño,09:47,22.68,1,,TD,,,1,,1.32,1.26,1.02,1.20,0,0,0,0,4.95,5.07,5.10,5.32,VMS 2,,Tanque,,1.74,1.86,1.50,1.62,6.04,4.74,5.99,5.91
12/04/2024 02:22 a. m.,Ordeño,08:23,16.22,1,,TI,TI,TI,1,"DI,DD,TD",1.26,1.32,0.48,1.14,0,0,0,0,4.63,4.80,3.42,4.78,VMS 2,,Tanque,,1.74,1.68,0.84,1.74,5.45,4.82,0.16,5.79
28/04/2024 03:28 p. m.,Ordeño,13:34,29.85,1,,,,,1,,1.44,1.26,1.02,1.26,0,0,0,0,4.95,5.39,4.97,5.05,VMS 2,,Tanque,,1.98,1.74,1.56,1.62,7.66,6.01,7.73,8.45
27/05/2024 10:25 a. m.,Ordeño,07:52,16.05,1,,,,,1,,1.26,1.32,1.14,1.20,0,0,0,0,5.00,5.10,5.12,5.22,VMS 2,,Tanque,,1.86,1.74,1.74,1.56,4.69,3.69,3.67,4.00
05/07/2024 02:49 p. m.,Ordeño,06:10,13.73,2,,,,,1,,1.26,1.26,1.02,1.08,0,0,0,0,4.96,4.61,0.00,5.10,VMS 2,,Tanque,,1.80,1.68,1.38,1.68,4.01,2.80,3.42,3.50
01/08/2024 07:36 p. m.,Ordeño,07:10,19.24,2,,,,,1,,1.32,1.32,1.26,1.08,0,0,0,0,4.71,4.64,4.62,5.06,VMS 3,,Tanque,,1.86,1.80,1.68,1.44,4.61,4.23,5.58,4.82
19/08/2024 09:37 p. m.,Ordeño,08:02,20.13,2,,,,,1,DI,1.38,1.20,1.08,1.08,0,0,0,0,6.51,4.61,4.67,5.05,VMS 3,,Tanque,,1.86,1.50,1.44,1.62,5.70,4.18,5.53,4.72
20/08/2024 08:03 a. m.,Ordeño,07:15,10.55,1,,,,,1,DI,1.26,1.26,0.96,1.08,0,0,0,0,4.82,4.22,4.39,4.06,VMS 3,,Tanque,,1.80,1.68,1.44,1.74,2.45,2.54,2.75,2.81
20/08/2024 10:59 p. m.,Ordeño,06:28,16.16,2,,,,,1,DI,1.32,1.20,1.20,1.14,0,0,0,0,5.66,4.49,4.49,4.99,VMS 3,,Tanque,,1.80,1.74,1.56,1.50,3.48,3.18,4.90,4.60
21/08/2024 12:06 p. m.,Ordeño,06:39,13.43,1,,,,,1,DI,1.38,1.20,1.20,1.02,0,0,0,0,5.55,4.25,4.40,4.70,VMS 3,,Tanque,,1.86,1.62,1.50,1.38,3.48,2.58,3.87,3.50
21/08/2024 10:33 p. m.,Ordeño,08:43,10.20,2,,DI,,,1,DI,1.20,1.14,1.02,0.90,0,0,0,0,5.50,4.23,4.26,4.51,VMS 3,,Tanque,,1.56,1.56,1.38,1.50,2.76,2.02,2.90,2.52
22/08/2024 12:26 p. m.,Ordeño,07:16,17.19,1,,,,,1,DI,1.44,1.20,1.08,1.14,0,0,0,0,6.10,4.67,5.07,4.80,VMS 3,,Tanque,,2.04,1.68,1.68,1.44,4.13,3.51,4.40,5.15
23/08/2024 12:59 a. m.,Ordeño,07:22,13.46,1,,TD,,,1,,1.20,1.14,1.02,1.02,0,0,0,0,5.09,4.53,4.33,4.62,VMS 3,,Tanque,,1.68,1.68,1.38,1.62,3.45,3.05,3.72,3.24
23/08/2024 11:45 p. m.,Ordeño,07:26,21.58,2,,,,,1,DI,1.44,1.26,1.08,1.32,0,0,0,0,6.13,5.17,5.47,5.20,VMS 3,,Tanque,,2.04,1.68,1.44,1.74,5.21,4.58,5.63,6.16
27/08/2024 01:13 p. m.,Ordeño,08:31,24.82,1,,,,,1,,1.38,1.32,1.26,1.20,0,0,0,0,5.47,4.81,4.90,5.39,VMS 3,,Tanque,,1.68,1.74,1.86,1.68,5.93,4.71,7.56,6.62
28/08/2024 01:09 a. m.,Ordeño,06:25,10.09,1,,,,,1,DI,1.26,1.20,1.02,0.90,0,0,0,0,4.99,4.41,4.20,4.37,VMS 3,,Tanque,,1.74,1.62,1.38,1.44,2.75,2.43,2.57,2.34
28/08/2024 12:42 p. m.,Ordeño,09:57,14.33,2,,,,,1,,1.32,1.20,1.02,1.08,0,0,0,0,5.12,4.54,4.90,5.34,VMS 3,,Tanque,,1.68,1.62,1.50,1.56,3.61,3.02,4.15,3.55
29/10/2024 01:35 a. m.,Ordeño,04:18,6.90,1,,,,,1,,1.32,1.08,1.32,1.38,458,0,0,0,5.64,5.98,5.14,5.42,VMS 3,,Divert 3,,1.74,1.56,1.92,1.74,1.69,1.06,1.88,2.27
29/10/2024 09:38 p. m.,Ordeño,04:56,8.33,2,,,,,1,DI,1.14,1.08,1.26,1.26,0,0,381,480,7.84,6.64,5.60,6.30,VMS 3,,Divert 3,,1.50,1.44,1.86,1.56,1.63,1.63,2.81,2.26
30/10/2024 08:40 a. m.,Ordeño,06:18,4.72,1,,,,,1,DI,0.48,0.60,0.84,0.48,325,0,0,0,5.75,5.33,4.98,4.61,VMS 3,,Divert 3,,1.08,1.62,1.62,1.62,1.02,0.91,1.61,1.18
30/10/2024 11:35 p. m.,Ordeño,04:41,7.46,2,,,,,1,,1.08,1.02,1.14,1.08,0,0,0,0,5.97,5.55,5.20,5.52,VMS 3,,Divert 3,,1.50,1.44,1.62,1.62,1.62,1.38,2.27,2.19
31/10/2024 01:57 p. m.,Ordeño,04:58,10.25,1,,,,,1,,1.14,1.08,1.14,1.14,0,0,0,0,5.63,5.60,5.02,5.39,VMS 3,,Divert 3,,1.62,1.50,1.68,1.62,2.38,2.06,2.91,2.90
01/11/2024 03:49 a. m.,Ordeño,05:33,11.31,1,,,,,1,,1.14,1.26,1.26,1.32,358,0,0,0,5.24,5.26,4.65,5.09,VMS 3,,Divert 3,,1.62,1.86,1.74,1.80,2.47,2.35,3.33,3.16
04/11/2024 03:20 a. m.,Ordeño,05:51,13.99,1,,,,,1,DI,1.20,1.20,1.20,1.14,0,0,0,0,6.56,5.19,4.56,4.87,VMS 3,,Divert 3,,1.56,1.62,1.56,1.56,3.46,2.77,3.97,3.79
04/11/2024 04:01 p. m.,Ordeño,05:46,11.85,2,,TD,,,1,DI,1.08,1.20,1.08,1.08,0,0,0,0,5.80,4.98,4.71,4.74,VMS 3,,Tanque,,1.56,1.56,1.56,1.80,2.58,2.55,3.59,3.13
04/11/2024 09:26 p. m.,Ordeño,03:54,4.79,3,,,,,1,DI,0.84,0.96,1.02,0.90,0,0,0,0,5.46,4.62,4.52,4.56,VMS 3,,Tanque,,1.20,1.44,1.44,1.38,1.05,1.11,1.39,1.24
05/11/2024 06:37 a. m.,Ordeño,05:07,9.61,1,,,,,1,DI,0.96,1.08,1.02,0.96,0,0,0,0,5.53,4.84,4.69,4.71,VMS 3,,Tanque,,1.44,1.50,1.50,1.32,1.99,2.12,2.72,2.78
05/11/2024 12:51 p. m.,Ordeño,05:14,6.28,2,,,,,1,DI,0.90,0.90,1.08,0.78,0,0,0,0,5.30,4.63,4.40,4.43,VMS 3,,Tanque,,1.26,1.38,1.50,1.50,1.42,1.19,1.76,1.91
09/11/2024 07:15 a. m.,Ordeño,05:41,8.63,1,,,,,1,DD,0.84,1.14,1.08,1.02,0,0,0,0,4.70,5.27,4.63,4.36,VMS 3,,Tanque,,1.32,1.56,1.44,1.50,2.20,1.51,2.76,2.16
09/11/2024 04:00 p. m.,Ordeño,06:10,11.89,2,,,,,1,DD,0.96,1.26,1.08,0.96,0,0,0,0,4.89,5.59,4.71,4.71,VMS 3,,Tanque,,1.44,1.74,1.50,1.32,2.69,2.37,3.32,3.51
10/11/2024 03:06 a. m.,Ordeño,06:35,15.10,1,,,,,1,,1.02,1.14,1.08,1.02,0,0,0,0,4.92,5.43,4.71,4.77,VMS 3,,Tanque,,1.44,1.56,1.44,1.38,3.42,3.10,4.39,4.19
10/11/2024 03:04 p. m.,Ordeño,07:31,16.74,2,,,,,1,DI,1.02,1.26,1.02,1.02,0,0,0,0,5.79,5.56,4.90,4.92,VMS 3,,Tanque,,1.44,1.68,1.32,1.74,3.95,3.56,4.84,4.39
11/11/2024 03:09 a. m.,Ordeño,06:55,15.63,1,,,,,1,DI,1.02,1.20,1.02,0.96,0,0,0,0,6.50,5.17,4.70,4.73,VMS 3,,Tanque,,1.44,1.74,1.44,1.32,3.74,3.13,4.46,4.30
11/11/2024 09:51 a. m.,Ordeño,05:00,8.63,2,,,,,1,DI,0.90,1.02,0.96,0.90,0,0,0,0,5.83,4.97,4.69,4.48,VMS 3,,Tanque,,1.38,1.56,1.44,1.38,1.98,1.89,2.54,2.22
11/11/2024 09:54 p. m.,Ordeño,07:06,17.03,3,,,,,1,DI,1.08,1.26,1.08,0.96,0,0,0,0,6.30,5.29,5.03,5.15,VMS 3,,Tanque,,1.50,1.74,1.44,1.44,3.94,3.35,4.97,4.77
12/11/2024 05:59 a. m.,Ordeño,05:49,11.21,1,,,,,1,DI,0.96,1.26,1.14,0.96,0,0,0,0,5.68,5.03,4.74,4.85,VMS 3,,Tanque,,1.32,1.62,1.62,1.32,2.59,2.33,3.36,2.93
12/11/2024 03:12 p. m.,Ordeño,06:03,12.57,2,,,,,1,DI,1.02,1.20,1.08,1.02,0,0,0,0,5.69,5.02,4.83,4.89,VMS 3,,Tanque,,1.44,1.62,1.44,1.44,2.90,2.39,3.77,3.51
16/11/2024 09:29 a. m.,Ordeño,06:34,10.62,2,,,,,1,,0.84,1.14,1.08,0.78,0,0,0,0,5.89,6.00,5.16,0.00,VMS 1,,Tanque,,1.20,1.62,1.44,1.26,2.49,2.13,3.23,2.77
16/11/2024 06:43 p. m.,Ordeño,07:53,14.27,3,,,,,1,,0.96,1.20,0.84,0.96,0,0,0,0,6.16,6.04,5.21,0.00,VMS 1,,Tanque,,1.32,1.62,1.26,1.32,3.12,2.86,4.53,3.76
17/11/2024 08:14 a. m.,Ordeño,07:42,21.52,1,,,,,1,DI,1.08,1.26,1.26,1.08,0,0,0,0,6.76,6.21,5.50,0.00,VMS 1,,Tanque,,1.56,1.74,1.68,1.44,4.57,4.53,6.53,5.89
17/11/2024 04:45 p. m.,Ordeño,06:09,13.65,2,,,,,1,,0.96,1.20,1.20,0.96,0,0,0,0,6.01,5.59,5.15,0.00,VMS 1,,Tanque,,1.38,1.56,1.62,1.44,2.95,2.74,4.37,3.59
19/11/2024 09:53 p. m.,Ordeño,07:36,16.40,3,,,,,1,DD,1.08,1.26,1.08,1.08,0,0,0,0,6.11,7.91,5.80,0.00,VMS 1,,Tanque,,1.50,1.74,1.50,1.50,3.27,3.29,5.41,4.43
20/11/2024 08:05 a. m.,Ordeño,06:08,12.06,1,,,DD,,1,,1.02,1.02,1.08,0.96,0,454,0,0,5.36,5.77,5.06,0.00,VMS 1,,Tanque,,1.50,1.50,1.44,1.38,2.76,1.61,4.12,3.57
20/11/2024 02:45 p. m.,Ordeño,08:34,9.86,2,,,,,1,DD,0.96,1.14,1.14,0.96,0,0,0,0,4.95,5.79,4.65,0.00,VMS 1,,Tanque,,1.38,1.74,1.68,1.32,2.14,1.77,3.23,2.72
21/11/2024 01:12 a. m.,Ordeño,08:13,15.62,1,,,,,1,DD,1.08,1.32,1.20,1.02,0,0,0,0,5.32,6.09,5.03,0.00,VMS 1,,Tanque,,1.44,1.80,1.56,1.50,3.43,2.68,4.94,4.57
21/11/2024 09:39 a. m.,Ordeño,06:07,13.59,2,,,,,1,,0.96,1.20,1.20,1.02,0,0,0,0,5.21,5.80,4.98,0.00,VMS 1,,Tanque,,1.38,1.68,1.62,1.44,3.02,2.18,4.47,3.92
22/11/2024 02:29 a. m.,Ordeño,07:28,17.26,1,,,,,1,DI,0.96,1.14,1.20,1.14,0,0,0,0,6.76,5.46,4.97,0.00,VMS 1,,Tanque,,1.38,1.62,1.56,1.44,4.12,2.66,5.32,5.16
22/11/2024 12:25 p. m.,Ordeño,06:34,15.03,2,,,,,1,DI,0.90,1.26,1.32,1.02,0,0,0,0,6.13,5.34,4.63,0.00,VMS 1,,Tanque,,1.32,1.68,1.68,1.38,3.03,2.79,5.09,4.12
30/11/2024 10:54 a. m.,Ordeño,08:00,19.08,1,,,,,1,,1.14,1.32,1.14,1.14,0,0,0,0,6.23,6.35,5.24,0.00,VMS 1,,Tanque,,1.44,1.74,1.50,1.50,3.91,3.57,5.96,5.64
30/11/2024 08:57 p. m.,Ordeño,07:45,14.41,2,,,,,1,,0.96,1.14,1.02,1.02,364,363,0,0,6.25,5.86,0.00,5.01,VMS 1,,Tanque,,1.32,1.50,1.44,1.38,3.02,2.70,4.02,4.67
01/12/2024 02:10 a. m.,Ordeño,05:50,7.59,1,,,,,1,,0.78,1.02,0.90,0.84,0,0,0,0,5.52,5.48,0.00,4.88,VMS 1,,Tanque,,1.32,2.10,1.32,1.32,1.61,1.75,2.00,2.23
01/12/2024 09:38 a. m.,Ordeño,05:54,11.89,2,,,,,1,,0.84,1.14,1.02,1.02,0,0,0,0,5.57,5.61,4.96,0.00,VMS 1,,Tanque,,1.32,1.56,1.44,1.56,2.43,2.44,3.31,3.71
02/12/2024 12:15 p. m.,Ordeño,08:04,20.15,2,,,,,1,,0.96,1.38,1.26,1.08,0,0,0,0,5.81,5.94,5.28,0.00,VMS 1,,Tanque,,1.38,1.86,1.80,1.44,4.07,3.99,6.92,5.17
02/12/2024 10:03 p. m.,Ordeño,07:30,17.88,3,,,,,1,,0.96,1.26,1.26,1.08,0,0,0,0,5.54,5.69,5.07,0.00,VMS 1,,Tanque,,1.50,1.68,1.98,1.56,3.58,3.44,6.22,4.64
03/12/2024 11:16 a. m.,Ordeño,08:12,23.37,1,,,,,1,,1.14,1.32,1.38,1.14,0,0,0,0,5.65,5.75,5.41,0.00,VMS 1,,Tanque,,1.56,1.74,2.34,1.62,4.17,4.98,7.84,6.38
04/12/2024 12:12 p. m.,Ordeño,10:08,23.81,1,,,,,1,,1.08,1.32,1.02,1.08,0,0,0,0,5.57,5.92,4.77,0.00,VMS 1,,Tanque,,1.50,1.68,1.50,1.56,4.95,4.98,7.31,6.57
05/12/2024 06:53 p. m.,Ordeño,06:59,14.54,3,,,,,1,,1.08,1.26,1.02,1.08,0,0,0,0,5.94,5.50,4.99,0.00,VMS 1,,Tanque,,1.56,1.62,1.44,1.38,3.32,2.80,4.20,4.22
09/12/2024 07:20 a. m.,Ordeño,08:03,18.86,1,,,,,1,DD,1.08,1.38,1.14,1.08,0,0,0,0,5.75,7.44,5.61,0.00,VMS 1,,Tanque,,1.68,1.80,1.62,1.44,3.95,3.87,5.93,5.11
09/12/2024 05:20 p. m.,Ordeño,10:40,11.92,2,,,DD,,1,DD,0.96,1.02,0.90,0.96,0,0,0,0,5.27,5.79,4.65,0.00,VMS 1,,Tanque,,1.32,1.44,1.38,1.44,2.35,1.73,4.01,3.83
10/12/2024 02:11 a. m.,Ordeño,08:28,11.26,1,,,,,1,,0.96,0.96,1.02,0.96,0,0,0,0,5.83,5.59,4.73,0.00,VMS 1,,Tanque,,1.50,1.62,1.50,1.38,3.14,1.57,3.56,2.99
10/12/2024 11:53 a. m.,Ordeño,07:02,13.23,2,,,,,1,,0.96,1.08,1.08,0.90,0,0,0,0,5.80,5.92,4.99,0.00,VMS 1,,Tanque,,1.38,1.56,1.56,1.26,2.85,2.33,4.50,3.55
11/12/2024 12:54 a. m.,Ordeño,09:18,21.37,1,,,,,1,,1.02,1.14,1.08,0.96,0,0,0,0,6.60,6.53,5.32,0.00,VMS 1,,Tanque,,1.38,1.56,1.50,1.44,4.65,3.72,7.04,5.96
11/12/2024 08:52 a. m.,Ordeño,07:25,14.08,2,,,,,1,,1.02,1.08,1.02,0.84,0,0,0,0,5.89,5.80,5.08,0.00,VMS 1,,Tanque,,1.50,1.68,1.44,1.62,3.21,2.63,4.55,3.69
11/12/2024 03:16 p. m.,Ordeño,06:27,10.88,3,,,,,1,,0.78,1.08,0.90,0.78,0,322,0,0,5.50,5.81,4.93,0.00,VMS 1,,Tanque,,1.20,1.50,1.32,1.26,2.48,2.12,3.55,2.73
12/12/2024 02:09 a. m.,Ordeño,08:31,20.35,1,,,,,1,,1.02,1.20,1.08,0.90,0,0,0,0,5.87,6.12,5.20,0.00,VMS 1,,Tanque,,1.44,1.62,1.56,1.50,4.47,3.85,6.55,5.48
12/12/2024 11:51 a. m.,Ordeño,08:10,17.12,2,,,,,1,,1.02,1.20,0.96,0.90,0,0,0,0,5.52,5.83,5.04,0.00,VMS 1,,Tanque,,1.44,1.62,1.38,1.38,3.64,3.49,5.39,4.60
12/12/2024 10:59 p. m.,Ordeño,08:50,20.40,3,,,,,1,,1.02,1.20,1.08,0.90,0,0,0,0,5.80,6.11,5.27,0.00,VMS 1,,Tanque,,1.38,1.56,1.50,1.32,4.36,3.96,6.61,5.47
13/12/2024 10:53 a. m.,Ordeño,09:16,21.94,1,,,,,1,,1.08,1.20,1.14,0.96,0,0,0,0,5.78,6.11,5.38,0.00,VMS 1,,Tanque,,1.44,1.62,1.50,1.44,5.04,3.71,7.51,5.68
13/12/2024 11:34 p. m.,Ordeño,08:46,22.37,2,,,,,1,,1.08,1.14,1.20,1.08,0,0,0,0,5.58,5.89,5.01,0.00,VMS 1,,Tanque,,1.44,1.56,1.62,1.50,4.74,3.95,7.11,6.57
14/12/2024 10:09 a. m.,Ordeño,07:15,18.65,1,,,,,1,,0.96,1.20,1.14,1.02,0,0,0,0,5.30,5.70,5.08,0.00,VMS 1,,Tanque,,1.38,1.56,1.56,1.44,4.07,3.85,5.70,5.03
15/12/2024 12:05 a. m.,Ordeño,10:17,24.64,1,,,,,1,,1.02,1.14,1.14,1.14,0,0,0,0,5.72,5.57,5.34,0.00,VMS 1,,Tanque,,1.56,1.50,1.50,1.80,5.11,4.50,8.26,6.77
15/12/2024 08:08 a. m.,Ordeño,06:25,13.40,2,,,,,1,DI,0.96,0.78,0.90,0.96,0,0,0,0,6.59,5.16,4.73,0.00,VMS 1,,Tanque,,1.38,1.26,1.50,1.50,3.06,2.49,4.11,3.74
15/12/2024 06:39 p. m.,Ordeño,07:27,17.82,3,,,,,1,DI,0.96,1.14,1.14,1.14,0,0,0,0,6.00,5.16,4.93,0.00,VMS 1,,Tanque,,1.38,1.56,1.50,1.56,3.24,3.36,5.70,5.52
16/12/2024 03:29 a. m.,Ordeño,07:06,15.30,1,,,,,1,DI,1.08,1.14,1.14,1.02,0,0,0,0,6.03,5.26,5.07,0.00,VMS 1,,Tanque,,1.50,1.62,1.56,1.44,3.02,2.96,4.94,4.38
16/12/2024 11:15 a. m.,Ordeño,08:44,14.59,2,,TD,,,1,DI,1.02,1.08,1.02,1.08,0,0,0,0,5.81,5.14,0.00,4.87,VMS 1,,Tanque,,1.38,1.50,1.62,1.80,2.91,2.88,5.69,3.11
16/12/2024 10:20 p. m.,Ordeño,08:25,19.76,3,,,,,1,DI,1.08,1.20,1.14,1.08,0,0,0,0,6.25,5.25,4.99,0.00,VMS 1,,Tanque,,1.50,1.50,3.96,1.56,4.08,3.54,6.73,5.41
18/12/2024 09:05 a. m.,Ordeño,07:07,14.41,2,,,,,1,,0.96,1.14,1.02,1.08,0,0,0,0,5.47,4.99,4.92,0.00,VMS 1,,Tanque,,1.38,1.56,1.38,1.50,2.84,2.95,4.51,4.11
18/12/2024 07:35 p. m.,Ordeño,07:56,20.32,3,,,,,1,DI,1.02,1.14,1.14,1.14,0,0,0,0,6.15,5.42,5.15,0.00,VMS 1,,Tanque,,1.44,1.56,1.50,1.50,3.93,4.03,6.28,6.08
19/12/2024 02:09 a. m.,Ordeño,06:29,12.25,1,,,,,1,DI,0.90,1.14,0.96,1.02,0,0,0,0,5.70,5.06,4.77,0.00,VMS 1,,Tanque,,1.32,1.44,1.32,1.44,2.55,2.45,3.81,3.44
19/12/2024 09:22 a. m.,Ordeño,08:45,10.31,2,,TD,TD,TD,1,,0.72,1.08,1.02,0.42,0,0,0,0,5.57,5.14,4.83,0.00,VMS 1,,Tanque,,1.02,1.56,1.56,0.84,2.77,3.09,4.37,0.08
20/12/2024 01:39 a. m.,Ordeño,09:03,24.95,1,,,,,1,DD,1.02,1.14,1.26,1.20,0,0,0,0,5.62,6.80,5.26,0.00,VMS 1,,Tanque,,1.44,1.56,1.74,1.68,4.01,4.62,8.46,7.86
21/12/2024 02:53 a. m.,Ordeño,07:12,16.91,1,,,,,1,,0.90,1.20,1.20,1.02,0,0,0,0,5.64,6.08,5.39,0.00,VMS 1,,Tanque,,1.32,1.68,1.68,1.50,3.40,3.11,5.55,4.85
21/12/2024 09:59 a. m.,Ordeño,06:26,12.42,2,,,,,1,,0.72,1.08,1.02,1.08,0,0,0,0,5.36,5.89,5.25,0.00,VMS 1,,Tanque,,1.08,1.56,1.38,1.62,2.66,2.28,4.00,3.48
21/12/2024 10:43 p. m.,Ordeño,09:17,16.91,3,,TD,TD,TD,1,,1.02,1.14,1.14,0.36,0,0,0,0,5.44,5.63,5.24,0.00,VMS 1,,Tanque,,1.50,1.74,1.62,0.66,4.46,4.89,7.48,0.08
24/12/2024 12:27 a. m.,Ordeño,09:34,22.67,1,,,,,1,DI,1.14,1.26,1.02,1.20,0,0,0,0,6.47,5.47,5.12,0.00,VMS 1,,Tanque,,1.74,1.62,1.50,1.74,4.10,4.80,7.00,6.77
24/12/2024 08:04 a. m.,Ordeño,07:57,11.04,2,,,,,1,DI,0.72,1.02,0.78,1.14,0,0,0,0,5.19,4.53,4.40,0.00,VMS 1,,Tanque,,1.14,1.50,1.38,1.86,2.23,2.23,3.37,3.21
25/12/2024 03:59 a. m.,Ordeño,10:50,27.92,1,,,,,1,DI,1.14,1.32,1.14,1.26,0,0,0,0,6.88,5.77,5.36,0.00,VMS 1,,Tanque,,1.62,1.92,1.68,1.74,6.16,4.46,8.29,9.01
25/12/2024 12:08 p. m.,Ordeño,07:07,8.86,2,,,,,1,DD,0.66,0.90,0.90,0.96,0,0,0,0,5.72,6.64,4.76,0.00,VMS 1,,Tanque,,1.08,1.44,1.32,1.56,1.89,1.51,2.77,2.69
25/12/2024 11:26 p. m.,Ordeño,07:20,12.69,3,,,DD,,1,DD,0.78,0.72,1.02,1.02,0,0,0,0,5.07,5.85,4.66,0.00,VMS 1,,Tanque,,1.26,1.38,1.44,1.50,2.69,1.40,4.50,4.10
26/12/2024 10:31 a. m.,Ordeño,07:36,17.04,1,,,,,1,DD,0.96,1.08,1.14,1.20,0,0,0,0,5.49,6.42,5.07,0.00,VMS 1,,Tanque,,1.38,1.62,1.56,1.86,3.47,2.44,5.71,5.42
26/12/2024 09:21 p. m.,Ordeño,07:58,17.71,2,,,,,1,DD,0.96,1.14,1.14,1.08,0,0,0,0,5.74,6.28,5.16,0.00,VMS 1,,Tanque,,1.44,1.62,1.56,1.50,3.57,2.47,6.22,5.45
27/12/2024 07:06 a. m.,Ordeño,07:42,17.09,1,,,,,1,,1.02,1.08,1.14,1.08,0,0,0,0,5.46,5.94,5.11,0.00,VMS 1,,Tanque,,1.38,1.56,1.56,1.56,3.27,2.65,5.80,5.37
27/12/2024 03:07 p. m.,Ordeño,06:25,13.68,2,,,,,1,,0.96,1.08,1.14,1.08,0,0,0,0,5.38,5.70,4.90,0.00,VMS 1,,Tanque,,1.50,1.50,1.50,1.92,2.89,2.16,4.34,4.29
29/12/2024 07:00 a. m.,Ordeño,07:50,12.63,1,,,,,1,,0.96,1.02,0.96,1.02,0,0,0,0,5.15,5.37,4.83,0.00,VMS 1,,Tanque,,1.32,1.44,1.38,1.44,2.71,2.27,3.86,3.79
30/12/2024 01:10 a. m.,Ordeño,06:41,12.32,1,,,,,1,DI,0.96,0.90,1.02,0.96,0,0,0,0,6.43,5.25,4.87,0.00,VMS 1,,Tanque,,1.32,1.38,1.32,1.32,2.49,2.06,3.83,3.94
31/12/2024 02:36 a. m.,Ordeño,09:54,21.34,1,,,,,1,DI,1.08,1.14,1.08,1.20,0,0,0,0,6.31,5.23,5.04,0.00,VMS 1,,Tanque,,1.44,1.50,1.62,1.74,4.28,3.52,7.44,6.10
31/12/2024 09:51 a. m.,Ordeño,07:46,12.65,2,,,,,1,DI,0.90,0.96,1.08,1.02,0,0,0,0,5.62,4.81,0.00,4.58,VMS 1,,Tanque,,1.32,1.56,1.56,1.38,2.62,2.25,3.69,4.09
01/01/2025 11:36 a. m.,Ordeño,07:00,14.02,2,,,,,1,,1.02,1.02,0.96,0.90,0,0,0,0,5.52,5.06,4.56,0.00,VMS 1,,Tanque,,1.50,1.44,1.44,1.26,2.75,2.75,4.30,4.22
03/01/2025 01:45 a. m.,Ordeño,08:55,19.16,1,,,,,1,,1.02,1.14,1.20,1.08,0,0,0,0,5.58,4.97,4.87,0.00,VMS 1,,Tanque,,1.44,1.56,1.74,1.56,4.08,3.08,6.21,5.79
03/01/2025 11:45 a. m.,Ordeño,07:42,18.21,2,,,,,1,,1.02,1.08,1.14,1.08,0,0,0,0,5.58,5.10,4.98,0.00,VMS 1,,Tanque,,1.38,1.44,1.56,1.56,3.52,3.29,5.81,5.59
04/01/2025 01:33 a. m.,Ordeño,10:31,25.55,1,,,,,1,DI,1.02,1.08,1.02,0.96,0,0,0,0,6.24,5.36,5.12,0.00,VMS 1,,Tanque,,1.38,1.62,1.56,1.38,4.86,5.04,8.12,7.53
04/01/2025 07:58 a. m.,Ordeño,06:44,13.61,2,,,,,1,,1.02,1.08,1.20,1.02,0,0,0,0,5.50,5.02,4.77,0.00,VMS 1,,Tanque,,1.44,1.56,1.74,1.44,2.67,2.66,4.26,4.02
04/01/2025 03:20 p. m.,Ordeño,06:30,12.43,3,,,,,1,,0.84,1.08,1.02,1.02,0,0,0,0,5.24,5.11,0.00,4.62,VMS 1,,Tanque,,1.32,1.62,1.44,1.50,2.50,2.78,3.71,3.44
07/01/2025 02:15 a. m.,Ordeño,10:34,25.61,1,,,,,1,DI,1.20,1.20,1.20,1.20,0,0,0,0,6.57,5.13,5.24,0.00,VMS 1,,Tanque,,1.62,1.62,1.68,1.74,4.85,4.32,9.12,7.32
07/01/2025 07:46 a. m.,Ordeño,06:46,8.04,2,,,,,1,DI,0.78,1.02,0.78,0.84,0,0,0,0,5.46,4.78,4.52,0.00,VMS 1,,Tanque,,1.26,1.50,1.20,1.86,1.65,1.73,2.37,2.29
07/01/2025 03:00 p. m.,Ordeño,06:32,12.10,3,,,,,1,,0.84,1.08,1.08,0.90,0,0,0,0,5.26,4.77,4.78,0.00,VMS 1,,Tanque,,1.26,1.74,1.44,1.32,2.14,2.58,4.10,3.28
07/01/2025 10:39 p. m.,Ordeño,07:26,14.45,4,,,,,1,,0.84,1.08,0.96,0.96,0,0,0,0,5.70,5.13,4.99,0.00,VMS 1,,Tanque,,1.38,1.50,1.44,1.32,2.80,2.96,4.42,4.27
08/01/2025 03:49 a. m.,Ordeño,05:21,10.41,1,,,,,1,,0.84,1.02,1.08,0.96,0,0,0,0,5.77,5.13,5.12,0.00,VMS 1,,Tanque,,1.26,1.44,1.44,1.44,2.05,2.11,3.21,3.04
08/01/2025 10:59 a. m.,Ordeño,06:37,13.85,2,,,,,1,,1.08,1.08,1.02,1.02,0,0,0,0,5.70,5.12,5.11,0.00,VMS 1,,Tanque,,1.50,1.56,1.50,1.50,2.85,2.86,4.04,4.10
09/01/2025 01:12 a. m.,Ordeño,10:45,26.70,1,,,,,1,DI,1.08,1.14,1.08,1.02,0,0,0,0,6.09,5.26,5.26,0.00,VMS 1,,Tanque,,1.50,1.56,1.38,1.50,5.52,4.44,8.75,7.99
12/01/2025 05:39 a. m.,Ordeño,06:24,14.76,1,,,,,1,DI,1.02,1.20,1.08,1.02,0,0,0,0,6.46,5.03,4.91,0.00,VMS 1,,Tanque,,1.38,1.62,1.44,1.68,3.49,2.77,4.35,4.15
12/01/2025 11:19 a. m.,Ordeño,07:38,11.59,2,,,,,1,DI,1.08,1.08,0.96,0.96,0,0,0,0,5.89,4.88,4.91,0.00,VMS 1,,Tanque,,1.56,1.38,1.32,1.56,2.23,2.38,3.88,3.10
12/01/2025 05:45 p. m.,Ordeño,06:46,10.51,3,,,,,1,DI,0.96,1.02,0.90,0.96,0,0,0,0,5.50,4.83,4.61,0.00,VMS 1,,Tanque,,1.38,1.68,1.50,1.38,2.14,2.37,2.97,3.03
13/01/2025 01:31 a. m.,Ordeño,07:06,16.26,1,,TD,,,1,DI,1.14,1.20,1.14,1.02,0,0,0,0,6.10,4.97,4.88,0.00,VMS 1,,Tanque,,1.50,1.62,1.44,1.62,2.86,3.42,5.07,4.91
13/01/2025 11:54 a. m.,Ordeño,09:09,20.85,2,,,,,1,DI,1.02,1.20,1.02,0.90,0,0,0,0,6.01,5.11,5.07,0.00,VMS 1,,Tanque,,1.38,1.56,1.32,1.38,4.22,4.07,6.59,5.97
15/01/2025 10:55 a. m.,Ordeño,09:46,26.02,1,,,,,1,,1.32,1.26,1.38,1.32,0,0,0,0,6.01,5.20,5.32,0.00,VMS 1,,Tanque,,1.68,1.68,1.80,2.04,5.13,4.69,8.26,7.94
18/01/2025 07:18 a. m.,Ordeño,06:42,14.15,1,,,,,1,DI,1.08,1.14,1.02,0.96,0,0,0,0,5.69,4.74,4.62,0.00,VMS 1,,Tanque,,1.50,1.62,1.38,1.44,2.87,2.89,4.32,4.07
18/01/2025 03:12 p. m.,Ordeño,07:14,14.69,2,,,,,1,DI,1.08,1.26,1.08,0.96,0,0,0,0,5.78,4.94,4.86,0.00,VMS 1,,Tanque,,1.44,1.62,1.50,1.50,2.95,3.05,4.67,4.02
18/01/2025 09:27 p. m.,Ordeño,05:46,10.41,3,,,,,1,,0.78,1.08,1.02,0.84,0,0,0,0,5.46,4.82,4.72,0.00,VMS 1,,Tanque,,1.38,1.62,1.44,1.32,2.08,2.11,3.48,2.74
19/01/2025 03:43 a. m.,Ordeño,05:59,12.21,1,,,,,1,DI,0.90,1.20,0.96,1.02,0,0,0,0,5.61,4.83,0.00,4.57,VMS 1,,Tanque,,1.44,1.80,1.38,1.44,2.45,2.40,3.68,3.68
19/01/2025 11:56 a. m.,Ordeño,07:44,15.97,2,,,,,1,DI,1.08,1.26,1.08,0.96,0,0,0,0,5.70,4.99,4.86,0.00,VMS 1,,Tanque,,1.44,1.68,1.50,1.38,3.20,2.85,5.14,4.78
27/01/2025 11:55 a. m.,Ordeño,11:04,12.09,2,,,TD,TD,1,DI,0.96,1.20,1.14,0.00,0,0,0,0,6.09,4.85,4.80,0.00,VMS 1,,Tanque,,1.56,1.68,1.50,0.00,2.95,3.44,5.70,0.00
27/01/2025 06:31 p. m.,Ordeño,09:57,13.99,3,,,,,1,DI,0.84,1.08,1.08,1.08,0,0,0,0,5.82,4.68,4.51,0.00,VMS 1,,Tanque,,1.26,1.56,1.44,1.50,1.87,2.08,2.88,7.16
28/01/2025 02:23 a. m.,Ordeño,08:09,13.21,1,,,,,1,DI,0.90,1.20,0.90,1.02,0,0,0,0,5.63,4.79,4.72,0.00,VMS 1,,Tanque,,1.38,1.68,1.32,1.62,2.42,2.97,4.28,3.54
28/01/2025 11:58 a. m.,Ordeño,09:41,12.15,2,,,TD,TD,1,DI,0.78,1.20,0.90,0.00,0,0,0,0,5.64,4.87,4.63,0.00,VMS 1,,Tanque,,1.32,2.22,1.32,0.00,3.30,3.79,5.06,0.00
29/01/2025 01:12 a. m.,Ordeño,10:33,22.04,1,,,,,1,DI,1.14,1.26,0.96,1.20,0,0,0,0,6.15,5.14,5.06,0.00,VMS 1,,Tanque,,1.50,1.80,1.32,1.68,4.19,3.66,7.33,6.86
29/01/2025 10:02 a. m.,Ordeño,08:53,16.47,2,,,,,1,DI,1.02,1.20,0.84,1.08,0,0,0,0,5.80,5.15,4.93,0.00,VMS 1,,Tanque,,1.38,1.56,1.20,1.50,3.46,3.33,5.18,4.50
02/02/2025 01:34 a. m.,Ordeño,09:56,20.42,1,,,,,1,DI,1.02,1.20,0.90,1.08,0,0,0,0,6.15,5.21,4.86,0.00,VMS 1,,Tanque,,1.44,1.68,1.32,1.50,3.84,4.52,6.36,5.70
02/02/2025 07:34 a. m.,Ordeño,06:22,10.39,2,,,,,1,DI,0.90,1.08,0.78,1.02,0,0,0,0,5.65,5.01,4.75,0.00,VMS 1,,Tanque,,1.38,1.56,1.20,1.38,2.21,2.35,2.93,2.90
02/02/2025 02:02 p. m.,Ordeño,07:16,12.64,3,,,,,1,,0.96,1.14,0.90,1.02,0,0,0,0,5.45,4.95,4.80,0.00,VMS 1,,Tanque,,1.44,1.56,1.26,1.44,2.40,2.72,4.09,3.43
03/02/2025 02:30 a. m.,Ordeño,11:29,22.46,1,,,,,1,,1.14,1.14,0.84,1.08,0,0,0,0,5.86,5.28,5.07,0.00,VMS 1,,Tanque,,1.50,1.62,1.20,1.56,4.23,4.48,7.27,6.48
03/02/2025 10:48 a. m.,Ordeño,09:22,15.92,2,,,,,1,,1.02,1.20,0.72,1.08,0,0,0,0,5.46,5.21,4.61,0.00,VMS 1,,Tanque,,1.50,1.56,1.20,1.50,3.24,3.58,4.87,4.23
06/02/2025 10:46 p. m.,Ordeño,07:42,13.25,3,,,,,1,DI,1.02,1.14,1.08,0.90,0,0,0,0,5.65,4.99,0.00,4.83,VMS 1,,Tanque,,1.50,1.68,1.62,1.26,2.80,2.68,3.38,4.39
07/02/2025 09:53 a. m.,Ordeño,10:02,20.31,1,,,,,1,DI,1.20,1.32,0.90,1.14,0,0,0,0,5.73,5.11,4.83,0.00,VMS 1,,Tanque,,1.62,1.92,1.32,1.50,4.08,4.09,6.52,5.62
07/02/2025 09:00 p. m.,Ordeño,09:45,15.29,2,,TD,TD,TD,1,DI,1.14,1.26,0.96,0.60,0,361,0,0,6.14,5.13,5.08,0.00,VMS 1,,Tanque,,1.56,1.74,1.38,1.20,4.38,4.50,6.27,0.14
08/02/2025 08:45 a. m.,Ordeño,09:19,24.09,1,,,,,1,,1.26,1.32,1.02,1.32,0,0,0,0,5.82,5.32,5.07,0.00,VMS 1,,Tanque,,1.62,1.74,1.38,1.80,4.42,4.92,7.03,7.72
08/02/2025 03:44 p. m.,Ordeño,06:45,12.63,2,,,,,1,,1.20,1.20,0.96,1.14,0,0,0,0,5.68,5.13,4.94,0.00,VMS 1,,Tanque,,1.62,1.62,1.38,1.56,2.70,2.71,3.97,3.25
11/02/2025 02:24 p. m.,Ordeño,07:48,14.35,2,,,,,1,,0.96,1.26,0.90,1.20,0,0,0,0,5.74,5.10,4.90,0.00,VMS 1,,Tanque,,1.50,1.68,1.32,1.62,2.82,3.08,4.53,3.92
12/02/2025 03:46 a. m.,Ordeño,11:58,24.96,1,,,,,1,DI,1.26,1.20,0.90,1.20,0,0,0,0,6.23,5.18,5.08,0.00,VMS 1,,Tanque,,1.62,1.56,1.32,1.62,4.67,4.96,8.03,7.30
12/02/2025 10:22 a. m.,Ordeño,06:25,10.40,2,,,,,1,DI,1.02,1.26,0.84,1.14,0,0,0,0,5.59,4.92,4.69,0.00,VMS 1,,Tanque,,1.50,1.56,1.26,1.50,2.20,2.28,3.25,2.67
12/02/2025 06:46 p. m.,Ordeño,07:52,14.49,3,,,,,1,,1.08,1.20,0.90,1.20,0,0,0,0,5.59,5.20,4.89,0.00,VMS 1,,Tanque,,1.62,1.56,1.32,1.56,2.97,3.26,4.52,3.74
13/02/2025 03:42 a. m.,Ordeño,08:56,18.72,1,,,,,1,,1.14,1.38,0.96,1.14,0,0,0,0,5.87,5.54,5.27,0.00,VMS 1,,Tanque,,1.50,1.80,1.44,1.56,3.86,3.83,5.94,5.09
13/02/2025 10:32 a. m.,Ordeño,07:39,13.66,2,,,,,1,,1.14,1.38,1.26,0.84,0,0,0,0,5.80,5.39,0.00,5.15,VMS 1,,Tanque,,1.56,1.80,1.62,1.20,2.93,2.78,3.73,4.22
16/02/2025 07:03 p. m.,Ordeño,08:03,12.32,3,,,,,1,DI,1.08,1.26,0.78,0.90,0,0,0,0,6.02,5.04,4.75,0.00,VMS 1,,Tanque,,1.50,1.62,1.26,1.38,2.83,3.06,3.50,2.93
17/02/2025 09:13 p. m.,Ordeño,07:47,13.89,3,,,,,1,,1.02,1.32,0.84,0.96,0,0,0,0,5.74,5.08,5.06,0.00,VMS 1,,Tanque,,1.44,1.74,1.26,1.44,2.60,3.02,4.37,3.90
18/02/2025 06:13 a. m.,Ordeño,07:49,15.35,1,,,,,1,,0.90,1.26,0.90,0.96,0,0,0,0,6.01,5.29,5.25,0.00,VMS 1,,Tanque,,1.38,1.74,1.44,1.50,3.27,3.40,4.54,4.14
18/02/2025 11:30 a. m.,Ordeño,08:27,11.44,2,,,,,1,,0.96,1.14,0.84,0.90,0,0,0,0,6.00,5.27,0.00,5.21,VMS 1,,Tanque,,1.38,1.86,1.32,1.32,2.15,2.53,3.18,3.58
22/02/2025 12:52 a. m.,Ordeño,07:32,11.41,1,,,,,1,DI,0.84,1.14,1.02,0.84,0,0,0,0,7.04,5.01,0.00,4.93,VMS 1,,Tanque,,1.26,1.68,1.50,1.26,1.92,2.43,3.33,3.73
22/02/2025 04:31 p. m.,Ordeño,11:03,23.29,2,,,,,1,DI,1.02,1.32,0.96,1.14,0,0,0,0,6.41,5.07,4.94,0.00,VMS 1,,Tanque,,1.44,1.74,1.44,1.62,3.36,5.54,7.58,6.81
23/02/2025 02:05 a. m.,Ordeño,08:12,16.00,1,,,,,1,DI,0.90,1.26,1.02,1.14,0,0,0,0,6.06,4.74,4.62,0.00,VMS 1,,Tanque,,1.32,1.80,1.38,1.62,2.41,3.46,5.39,4.74
23/02/2025 09:43 a. m.,Ordeño,07:04,14.30,2,,,,,1,DI,0.96,1.20,1.02,1.02,0,0,0,0,5.98,5.17,4.93,0.00,VMS 1,,Tanque,,1.50,1.92,1.50,1.50,2.10,3.27,4.55,4.38
23/02/2025 06:39 p. m.,Ordeño,08:02,14.54,3,,,,,1,DI,0.96,1.32,0.90,1.02,0,0,0,0,6.06,5.28,5.14,0.00,VMS 1,,Tanque,,1.44,1.74,1.38,1.44,2.31,3.55,4.98,3.70
24/02/2025 03:27 a. m.,Ordeño,09:29,16.31,1,,,,,1,,0.96,1.20,0.90,1.08,0,0,0,0,5.99,5.27,5.29,0.00,VMS 1,,Tanque,,1.32,1.56,1.38,1.56,2.72,3.25,5.17,5.17
24/02/2025 02:21 p. m.,Ordeño,09:05,18.77,2,,,,,1,DI,1.08,1.26,1.08,1.02,0,0,0,0,6.00,5.14,4.87,0.00,VMS 1,,Tanque,,1.38,1.74,1.56,1.62,3.03,4.38,6.00,5.36
24/02/2025 11:20 p. m.,Ordeño,07:31,16.64,3,,,,,1,DI,1.08,1.20,1.08,1.14,0,0,0,0,5.93,5.22,5.00,0.00,VMS 1,,Tanque,,1.56,1.74,1.44,1.56,2.54,3.86,5.33,4.91
25/02/2025 09:02 a. m.,Ordeño,08:18,19.57,1,,,,,1,,1.14,1.26,1.14,1.08,0,0,0,0,5.87,5.41,5.21,0.00,VMS 1,,Tanque,,1.62,1.68,1.56,1.56,3.14,4.30,6.31,5.82
02/03/2025 07:24 p. m.,Ordeño,09:20,20.28,2,,,,,1,DI,1.08,1.32,0.96,1.14,0,0,0,0,5.84,5.05,4.92,0.00,VMS 1,,Tanque,,1.50,1.80,1.38,2.10,3.71,4.16,6.44,5.97
03/03/2025 02:46 a. m.,Ordeño,06:35,13.69,1,,TD,,,1,DI,0.96,1.26,0.96,1.08,0,0,0,0,5.61,4.70,4.56,0.00,VMS 1,,Tanque,,1.44,1.68,1.44,1.74,2.77,3.47,4.00,3.45
03/03/2025 10:48 a. m.,Ordeño,08:34,15.75,2,,TD,,,1,,1.08,1.26,0.96,1.08,0,0,0,0,5.52,4.93,4.89,0.00,VMS 1,,Tanque,,1.38,1.68,1.32,1.68,2.92,3.38,5.07,4.38
07/03/2025 02:26 a. m.,Ordeño,09:30,19.55,1,,,,,1,DI,1.08,1.20,0.90,1.08,0,0,0,0,5.95,4.79,4.61,0.00,VMS 1,,Tanque,,1.44,1.80,1.38,1.50,3.93,4.37,6.21,5.04
07/03/2025 11:17 a. m.,Ordeño,06:33,11.67,2,,,,,1,,0.96,1.26,0.96,0.90,0,0,0,0,5.27,4.73,0.00,4.55,VMS 1,,Tanque,,1.56,1.68,1.50,1.44,2.38,2.79,3.23,3.27
07/03/2025 11:53 p. m.,Ordeño,09:17,17.60,1,,,,,1,DI,0.96,1.20,0.84,1.02,0,0,0,0,5.19,4.62,4.40,0.00,VMS 1,,Tanque,,1.38,1.62,1.32,1.50,3.58,4.12,5.59,4.31
11/03/2025 07:16 a. m.,Ordeño,10:43,8.86,1,,,Todos,,1,DD,1.08,0.60,1.08,0.78,0,0,0,0,5.25,6.25,5.17,0.00,VMS 1,,Tanque,,1.56,1.26,1.74,1.32,2.20,0.71,2.98,2.97
12/03/2025 09:02 a. m.,Ordeño,09:26,14.28,1,,,,,1,DI,0.96,0.24,1.02,1.02,0,0,0,0,5.41,4.58,4.75,0.00,VMS 1,,Tanque,,1.44,0.60,1.50,1.50,3.16,0.33,6.66,4.13
13/03/2025 02:43 a. m.,Ordeño,07:31,13.96,1,,,,,1,DD,1.08,0.48,0.90,1.08,0,0,0,0,5.87,6.77,4.84,0.00,VMS 1,,Tanque,,1.50,1.02,1.32,1.56,3.45,0.64,4.56,5.31
13/03/2025 02:23 p. m.,Ordeño,07:39,15.38,2,,,DD,,1,DD,1.14,0.84,1.14,1.14,0,0,0,0,5.46,7.17,5.14,0.00,VMS 1,,Tanque,,1.50,1.38,1.56,1.68,3.68,1.11,5.98,4.61
14/03/2025 01:49 a. m.,Ordeño,08:25,14.81,1,,,DD,,1,DD,0.96,0.66,0.90,1.02,0,0,0,0,5.18,6.57,4.73,0.00,VMS 1,,Tanque,,1.44,1.20,1.56,1.44,3.50,1.10,5.17,5.04
14/03/2025 06:12 a. m.,Ordeño,05:55,5.50,2,,,,,1,DD,0.72,0.78,0.66,1.08,0,0,0,0,4.80,7.04,0.00,4.71,VMS 1,,Tanque,,1.14,1.38,1.08,1.62,1.35,0.76,1.43,1.96
14/03/2025 04:49 p. m.,Ordeño,08:12,14.43,3,,,,,1,DD,1.14,0.78,1.02,1.02,0,0,0,0,5.45,6.12,5.05,0.00,VMS 1,,Tanque,,1.50,1.14,1.50,1.50,3.49,1.14,5.61,4.19
15/03/2025 02:51 a. m.,Ordeño,07:53,13.95,1,,,,,1,DD,1.08,0.72,0.96,1.02,0,0,0,0,4.98,5.89,4.67,0.00,VMS 1,,Tanque,,1.50,1.14,1.38,1.50,3.34,1.01,5.05,4.55
15/03/2025 08:25 a. m.,Ordeño,05:42,7.52,2,,,,,1,DD,0.90,0.54,0.84,0.90,0,0,0,0,4.93,6.37,4.58,0.00,VMS 1,,Tanque,,1.32,1.02,1.20,1.50,1.78,0.76,2.56,2.42
15/03/2025 05:13 p. m.,Ordeño,07:32,13.07,3,,,,,1,DD,1.20,0.84,0.90,1.14,0,0,0,0,5.08,5.91,4.49,0.00,VMS 1,,Tanque,,1.50,1.38,1.32,1.50,3.24,1.14,4.54,4.15
16/03/2025 12:45 a. m.,Ordeño,06:38,11.05,1,,,,,1,DD,1.14,0.66,1.02,1.02,0,0,0,0,5.49,6.11,4.69,0.00,VMS 1,,Tanque,,1.50,1.26,1.44,1.50,2.62,1.04,4.08,3.31
16/03/2025 08:31 a. m.,Ordeño,06:33,10.85,2,,,,,1,DI,1.08,0.36,0.96,1.14,0,0,0,0,5.93,4.76,4.85,0.00,VMS 1,,Tanque,,1.50,0.66,1.32,1.56,2.82,0.75,3.79,3.49
16/03/2025 05:27 p. m.,Ordeño,07:01,12.25,3,,,,,1,,1.08,0.66,0.96,1.08,0,0,0,0,5.33,5.36,4.59,0.00,VMS 1,,Tanque,,1.50,1.14,1.38,1.50,2.78,1.18,4.29,4.00
17/03/2025 07:33 p. m.,Ordeño,07:35,14.40,3,,,,,1,DD,1.14,0.84,1.02,1.14,0,0,0,0,5.28,5.90,4.83,0.00,VMS 1,,Tanque,,1.50,1.32,1.32,1.50,3.32,1.31,5.15,4.62
21/03/2025 05:19 a. m.,Ordeño,10:07,20.07,1,,,,,1,DI,1.14,0.96,1.20,1.20,0,0,0,0,6.07,5.36,4.45,0.00,VMS 1,,Tanque,,1.56,1.56,1.68,1.74,4.01,1.85,7.98,6.23
22/03/2025 02:46 p. m.,Ordeño,09:07,17.92,2,,,,,1,,1.14,1.02,1.08,1.14,0,0,0,0,5.50,5.29,4.68,0.00,VMS 1,,Tanque,,1.56,1.56,1.56,1.56,3.71,1.89,7.14,5.18
29/03/2025 03:06 p. m.,Ordeño,09:05,24.06,1,,,,,1,,1.20,1.14,1.26,1.38,0,0,0,0,6.06,5.65,4.98,0.00,VMS 1,,Tanque,,1.62,1.56,1.68,1.80,4.58,3.21,8.42,7.85
29/03/2025 10:43 p. m.,Ordeño,06:20,10.19,2,,,,,1,DI,0.96,0.78,0.96,1.02,0,0,0,0,5.53,4.57,4.30,0.00,VMS 1,,Tanque,,1.44,1.20,1.38,1.62,2.49,1.06,3.63,3.01
30/03/2025 08:17 a. m.,Ordeño,07:53,14.03,1,,,,,1,DI,0.96,0.84,1.02,1.08,0,0,0,0,5.39,4.78,4.57,0.00,VMS 1,,Tanque,,1.38,1.32,1.38,1.44,3.09,1.62,5.40,3.92
30/03/2025 06:42 p. m.,Ordeño,07:40,16.07,2,,,,,1,DI,1.02,0.90,1.08,1.20,0,0,0,0,5.79,5.18,4.85,0.00,VMS 1,,Tanque,,1.50,1.50,1.50,1.56,3.43,1.68,5.61,5.35
31/03/2025 08:05 a. m.,Ordeño,08:17,21.12,1,,,,,1,,1.08,1.08,1.32,1.44,0,0,0,0,5.53,5.03,4.92,0.00,VMS 1,,Tanque,,1.50,1.50,1.68,1.86,4.32,2.18,7.60,7.02
03/04/2025 04:58 a. m.,Ordeño,10:34,21.68,1,,,,,1,,1.08,0.96,1.08,1.02,0,0,0,0,5.39,4.82,0.00,4.67,VMS 1,,Tanque,,1.68,1.74,1.62,1.56,4.98,2.11,7.03,7.56
03/04/2025 05:08 p. m.,Ordeño,08:17,20.43,2,,,,,1,DI,1.26,0.96,1.32,1.26,0,0,0,0,6.46,5.07,4.88,0.00,VMS 1,,Tanque,,1.62,1.56,1.74,1.74,4.66,1.98,7.59,6.20
04/04/2025 01:06 a. m.,Ordeño,06:22,9.95,1,,,,,1,DI,1.02,0.90,1.08,1.02,0,0,0,0,5.41,4.78,4.55,0.00,VMS 1,,Tanque,,1.44,1.44,1.44,1.44,1.94,1.22,3.54,3.25
04/04/2025 02:27 p. m.,Ordeño,09:57,22.59,2,,,,,1,DI,1.20,1.02,1.08,1.20,0,0,0,0,5.96,5.24,4.81,0.00,VMS 1,,Tanque,,1.68,1.44,1.44,1.56,4.56,2.75,7.96,7.32
04/04/2025 10:35 p. m.,Ordeño,06:47,11.48,3,,,,,1,,0.96,0.84,1.14,1.02,0,0,0,0,5.42,4.93,0.00,4.73,VMS 1,,Tanque,,1.32,1.38,1.50,1.38,2.45,1.53,3.35,4.15
05/04/2025 08:33 a. m.,Ordeño,07:46,17.40,1,,,,,1,,1.20,1.08,1.20,1.32,0,0,0,0,5.81,5.27,5.00,0.00,VMS 1,,Tanque,,1.62,1.50,1.62,1.68,3.53,1.80,6.18,5.89
07/04/2025 10:21 a. m.,Ordeño,08:08,17.88,1,,,,,1,DI,1.14,1.08,1.14,1.20,0,0,0,0,6.09,5.08,4.98,0.00,VMS 1,,Tanque,,1.86,1.62,1.62,1.68,4.09,1.65,6.56,5.58
07/04/2025 06:34 p. m.,Ordeño,06:57,11.86,2,,,,,1,DI,0.90,0.96,0.96,1.02,0,0,0,0,5.48,4.98,4.55,0.00,VMS 1,,Tanque,,1.50,1.44,1.44,1.44,2.59,1.61,4.42,3.24
08/04/2025 02:38 a. m.,Ordeño,06:58,14.12,1,,,,,1,,1.02,0.90,1.08,1.14,0,0,0,0,5.69,5.11,4.87,0.00,VMS 1,,Tanque,,1.68,1.44,1.50,1.62,3.11,1.60,4.75,4.66
08/04/2025 09:15 a. m.,Ordeño,08:18,11.72,2,,,,,1,,0.90,0.96,0.96,0.96,0,0,0,0,5.62,5.13,0.00,4.99,VMS 1,,Tanque,,1.44,1.44,1.44,1.44,2.55,1.32,3.54,4.31
08/04/2025 08:23 p. m.,Ordeño,09:24,18.29,3,,,,,1,,1.02,0.96,1.02,1.08,0,0,0,0,5.51,5.38,4.92,0.00,VMS 1,,Tanque,,1.50,1.50,1.38,1.50,3.89,2.06,6.57,5.77
11/04/2025 02:30 p. m.,Ordeño,09:46,21.95,1,,,,,1,DI,1.20,1.14,1.14,1.20,0,0,0,0,6.51,5.41,5.03,0.00,VMS 1,,Tanque,,1.50,1.56,1.56,1.62,4.53,2.50,8.31,6.61
12/04/2025 01:52 a. m.,Ordeño,07:50,14.96,1,,,,,1,,0.96,0.96,1.02,1.02,0,0,0,0,5.45,5.08,4.61,0.00,VMS 1,,Tanque,,1.50,1.56,1.44,1.44,3.20,1.92,5.20,4.64
12/04/2025 08:19 a. m.,Ordeño,06:48,10.94,2,,,,,1,DI,0.96,0.90,0.96,1.08,0,0,0,0,5.65,4.89,4.53,0.00,VMS 1,,Tanque,,1.38,1.38,1.38,1.50,2.34,1.32,4.00,3.28
12/04/2025 02:27 p. m.,Ordeño,10:18,6.02,3,,,TD,TD,1,DI,0.90,0.66,0.84,0.00,0,0,0,0,5.84,4.63,4.87,0.00,VMS 1,,Tanque,,1.44,1.68,1.32,0.00,2.04,0.72,3.26,0.00
13/04/2025 03:09 a. m.,Ordeño,08:46,19.49,1,,,,,1,DI,1.20,0.90,1.20,1.32,0,0,0,0,5.85,5.03,5.13,0.00,VMS 1,,Tanque,,1.74,1.44,1.62,1.68,4.52,1.50,7.58,5.89
13/04/2025 04:53 p. m.,Ordeño,09:23,19.28,2,,,,,1,,1.02,1.08,1.02,1.08,0,0,0,0,5.40,5.22,4.66,0.00,VMS 1,,Tanque,,1.50,1.56,1.56,1.74,4.25,2.52,7.01,5.50
14/04/2025 03:05 a. m.,Ordeño,07:54,15.97,1,,,,,1,,1.02,1.08,1.08,1.20,0,0,0,0,5.45,5.38,4.78,0.00,VMS 1,,Tanque,,1.56,1.62,1.62,1.80,3.36,1.96,5.54,5.11
14/04/2025 04:07 p. m.,Ordeño,09:03,20.89,2,,,,,1,DI,1.20,1.20,1.14,1.14,0,0,0,0,6.17,5.48,5.10,0.00,VMS 1,,Tanque,,1.74,1.68,1.62,1.56,4.22,2.59,7.49,6.59
15/04/2025 01:28 a. m.,Ordeño,07:52,13.96,1,,,,,1,DI,1.08,0.90,1.08,1.02,0,0,0,0,6.02,4.95,4.85,0.00,VMS 1,,Tanque,,1.56,1.44,1.62,1.50,3.26,1.39,5.43,3.88
15/04/2025 11:51 a. m.,Ordeño,07:32,16.90,2,,,,,1,DI,1.20,0.66,1.20,1.26,0,0,0,0,6.08,4.94,4.99,0.00,VMS 1,,Tanque,,1.68,1.26,1.62,1.74,3.93,1.36,6.12,5.49
15/04/2025 07:41 p. m.,Ordeño,06:43,10.35,3,,,,,1,,0.96,0.72,0.96,1.02,0,0,0,0,5.59,5.03,4.79,0.00,VMS 1,,Tanque,,1.38,1.26,1.38,1.44,2.27,1.21,3.89,2.98
16/04/2025 02:29 a. m.,Ordeño,06:13,10.64,1,,,,,1,,0.90,0.60,1.02,1.14,0,0,0,0,5.35,4.65,4.75,0.00,VMS 1,,Tanque,,1.50,0.84,1.50,1.62,2.50,1.02,3.88,3.24
17/04/2025 02:02 p. m.,Ordeño,08:22,18.59,2,,,,,1,DI,1.26,1.02,1.26,1.14,0,0,0,0,6.11,5.38,0.00,4.86,VMS 1,,Tanque,,1.80,1.68,1.62,1.56,4.15,1.84,6.06,6.54
17/04/2025 10:36 p. m.,Ordeño,06:48,11.87,3,,,,,1,DI,1.02,0.84,1.08,1.14,0,0,0,0,5.65,4.90,4.72,0.00,VMS 1,,Tanque,,1.50,1.38,1.44,1.56,2.52,1.22,4.48,3.65
18/04/2025 07:31 a. m.,Ordeño,06:58,14.24,1,,,,,1,DI,1.08,0.96,1.14,1.14,0,0,0,0,5.97,4.98,4.67,0.00,VMS 1,,Tanque,,1.56,1.50,1.80,1.56,3.14,1.70,4.96,4.44
18/04/2025 10:38 p. m.,Ordeño,10:33,22.63,2,,,,,1,,1.14,1.14,1.14,1.20,0,0,0,0,5.75,5.55,5.33,0.00,VMS 1,,Tanque,,1.80,1.56,1.62,1.80,3.78,2.36,8.99,7.50
23/04/2025 01:52 a. m.,Ordeño,09:02,18.97,1,,,,,1,,1.02,1.08,1.14,1.14,0,0,0,0,5.84,5.31,0.00,4.86,VMS 1,,Tanque,,1.80,1.50,1.50,1.56,3.71,2.06,6.20,7.00
23/04/2025 11:53 a. m.,Ordeño,08:03,15.99,2,,,,,1,,1.08,1.02,1.14,1.20,0,0,0,0,5.59,4.95,4.87,0.00,VMS 1,,Tanque,,1.50,1.68,1.50,1.62,3.51,1.50,5.85,5.13
23/04/2025 11:26 p. m.,Ordeño,09:32,19.08,3,,,,,1,,1.14,0.90,1.02,1.08,0,0,0,0,5.58,4.85,4.98,0.00,VMS 1,,Tanque,,1.62,1.50,1.44,1.50,4.23,1.97,7.21,5.67
26/04/2025 05:31 p. m.,Ordeño,10:03,22.90,2,,,,,1,DI,1.20,1.02,1.26,1.20,0,0,0,0,5.90,5.00,4.99,0.00,VMS 1,,Tanque,,1.74,1.44,1.62,1.56,4.92,1.94,9.21,6.83
27/04/2025 06:40 a. m.,Ordeño,08:53,20.27,1,,,,,1,DI,1.14,1.08,1.20,1.20,0,0,0,0,6.09,5.06,4.80,0.00,VMS 1,,Tanque,,1.62,1.50,1.62,1.68,4.54,2.34,7.40,5.99
27/04/2025 02:57 p. m.,Ordeño,07:27,12.93,2,,,,,1,,0.78,0.90,0.96,1.14,0,0,0,0,5.36,5.15,4.70,0.00,VMS 1,,Tanque,,1.26,1.50,1.38,1.56,2.64,1.78,4.53,3.98
28/04/2025 01:51 a. m.,Ordeño,09:15,18.39,1,,,,,1,,1.08,1.02,1.02,1.20,0,0,0,0,5.55,5.08,4.98,0.00,VMS 1,,Tanque,,1.62,1.50,1.38,1.62,3.72,2.01,6.59,6.07
28/04/2025 03:49 p. m.,Ordeño,09:03,21.69,2,,,,,1,,1.20,1.08,1.32,1.32,0,0,0,0,5.66,5.15,5.00,0.00,VMS 1,,Tanque,,1.80,1.62,1.74,1.80,4.35,1.73,8.33,7.28
01/05/2025 06:51 a. m.,Ordeño,12:59,26.56,1,,,,,1,DI,1.20,1.08,1.08,1.26,0,0,0,0,7.17,5.60,5.48,0.00,VMS 1,,Tanque,,1.62,1.56,1.50,1.68,4.95,3.32,9.60,8.69
01/05/2025 07:30 p. m.,Ordeño,09:10,19.18,2,,,,,1,DI,1.14,1.08,1.14,1.20,0,0,0,0,5.92,4.96,4.53,0.00,VMS 1,,Tanque,,1.62,1.62,1.50,1.80,3.34,2.39,7.28,6.17
02/05/2025 02:05 a. m.,Ordeño,06:20,10.31,1,,,,,1,DI,1.02,0.72,0.96,1.02,0,0,0,0,5.92,4.76,4.60,0.00,VMS 1,,Tanque,,1.38,1.26,1.38,1.38,1.95,1.28,3.68,3.40
02/05/2025 02:19 p. m.,Ordeño,09:42,21.59,2,,,,,1,DI,1.14,1.08,1.08,1.20,0,0,0,0,6.52,5.41,5.16,0.00,VMS 1,,Tanque,,1.50,1.50,1.68,1.68,4.56,2.69,7.72,6.62
03/05/2025 01:17 a. m.,Ordeño,08:40,18.04,1,,,,,1,DI,1.08,1.08,1.08,1.20,0,0,0,0,5.94,5.27,4.93,0.00,VMS 1,,Tanque,,1.50,1.62,1.44,1.62,3.79,2.24,6.58,5.43
03/05/2025 05:19 p. m.,Ordeño,14:59,22.13,2,,,,,1,DI,1.32,1.02,1.26,1.02,0,0,0,0,6.16,5.10,0.00,5.35,VMS 1,,Tanque,,1.74,1.74,1.80,1.68,5.19,2.47,6.74,7.73
04/05/2025 12:44 p. m.,Ordeño,12:51,30.36,1,,,,,1,,1.26,1.20,1.20,1.26,0,0,0,0,5.98,5.45,5.39,0.00,VMS 1,,Tanque,,1.68,1.62,1.74,1.74,5.95,3.74,11.19,9.48
08/05/2025 03:50 a. m.,Ordeño,11:19,25.25,1,,,,,1,DI,1.20,1.14,1.14,1.26,0,0,0,0,6.80,5.37,5.58,0.00,VMS 1,,Tanque,,1.62,1.50,1.62,1.68,4.91,2.70,10.02,7.62
09/05/2025 10:51 a. m.,Ordeño,11:21,26.69,1,,,,,1,DI,1.08,0.96,1.20,1.32,0,0,0,0,6.61,5.05,5.16,0.00,VMS 1,,Tanque,,1.56,1.44,1.62,1.80,5.95,2.46,10.54,7.74
10/05/2025 05:29 a. m.,Ordeño,09:31,23.21,1,,,,,1,DI,1.26,1.14,1.20,1.26,0,0,0,0,6.19,5.11,4.98,0.00,VMS 1,,Tanque,,1.74,1.62,1.62,1.56,4.50,2.90,8.20,7.61
10/05/2025 02:52 p. m.,Ordeño,06:06,14.41,2,,,,,1,,1.14,1.14,1.38,1.26,0,0,0,0,5.51,5.12,4.77,0.00,VMS 1,,Tanque,,1.68,1.50,1.80,1.80,2.93,2.15,5.09,4.24
13/05/2025 02:56 p. m.,Ordeño,07:00,11.08,2,,,,,1,DI,0.90,0.96,0.96,0.96,0,0,0,0,5.93,5.14,0.00,4.88,VMS 1,,Tanque,,1.38,1.50,1.50,1.32,2.61,1.81,3.01,3.65
14/05/2025 02:37 a. m.,Ordeño,08:35,18.28,1,,,,,1,,0.90,1.08,1.14,1.14,0,0,0,0,5.90,5.78,5.27,0.00,VMS 1,,Tanque,,1.38,1.56,1.50,1.62,3.71,2.03,6.82,5.72
14/05/2025 01:31 p. m.,Ordeño,08:05,18.65,2,,,,,1,DI,1.14,1.02,1.20,1.26,0,0,0,0,6.24,5.27,5.31,0.00,VMS 1,,Tanque,,1.68,1.38,1.86,1.62,3.97,2.36,6.69,5.63
16/05/2025 04:13 p. m.,Ordeño,12:49,23.19,2,,,,,1,DI,1.08,1.08,0.78,1.20,0,0,0,0,5.78,5.58,4.46,0.00,VMS 1,,Tanque,,1.62,1.56,1.20,1.62,4.79,3.36,7.56,7.48
19/05/2025 10:01 p. m.,Ordeño,10:21,20.04,2,,,,,1,,0.96,1.08,1.02,1.26,0,0,0,0,6.03,5.44,5.28,0.00,VMS 1,,Tanque,,1.44,1.50,1.50,1.62,3.75,2.69,7.30,6.30
20/05/2025 03:56 p. m.,Ordeño,11:38,24.06,1,,,,,1,DI,1.02,1.08,1.14,1.20,0,0,0,0,6.02,4.84,4.81,0.00,VMS 1,,Tanque,,1.74,1.74,1.56,1.74,5.53,2.41,9.06,7.06
20/05/2025 10:21 p. m.,Ordeño,07:35,5.96,2,,,TD,TD,1,DI,0.72,0.78,0.96,0.00,0,0,0,0,5.50,4.51,4.39,0.00,VMS 1,,Tanque,,1.20,1.26,1.44,0.00,1.95,0.99,3.02,0.00
21/05/2025 05:24 a. m.,Ordeño,07:36,12.09,1,,,,,1,DI,0.78,0.72,0.96,1.14,0,0,0,0,5.60,4.66,4.82,0.00,VMS 1,,Tanque,,1.38,1.20,1.44,1.56,1.89,1.11,3.44,5.65
21/05/2025 06:47 p. m.,Ordeño,09:00,20.89,2,,,,,1,,1.02,1.08,1.14,1.20,0,0,0,0,5.77,5.26,5.11,0.00,VMS 1,,Tanque,,1.50,1.44,1.68,1.68,4.32,2.84,7.17,6.56
25/05/2025 02:44 a. m.,Ordeño,09:08,19.84,1,,,,,1,DI,1.08,1.08,1.20,1.14,0,0,0,0,5.89,5.04,5.08,0.00,VMS 1,,Tanque,,1.56,1.50,1.56,1.62,4.14,1.98,7.29,6.43
25/05/2025 09:46 a. m.,Ordeño,05:43,9.73,2,,,,,1,DI,1.02,0.96,1.14,0.96,0,0,0,0,5.60,4.93,4.68,0.00,VMS 1,,Tanque,,1.62,1.32,1.56,1.68,2.14,1.30,3.42,2.87
25/05/2025 07:11 p. m.,Ordeño,07:15,14.53,3,,,,,1,,1.08,1.08,1.14,1.08,0,0,0,0,5.51,5.14,5.03,0.00,VMS 1,,Tanque,,1.50,1.56,1.56,1.44,2.94,2.10,5.25,4.24
26/05/2025 04:10 a. m.,Ordeño,08:35,13.94,1,,,,,1,,1.02,1.08,1.08,1.02,0,0,0,0,5.53,5.10,5.05,0.00,VMS 1,,Tanque,,1.74,1.50,1.38,1.32,3.09,1.88,4.60,4.37
29/05/2025 07:37 p. m.,Ordeño,09:40,22.12,2,,,,,1,,1.26,0.96,1.32,1.08,0,0,0,0,5.61,4.99,5.08,0.00,VMS 1,,Tanque,,1.56,1.44,1.86,1.50,4.62,2.10,9.37,6.03
03/06/2025 09:44 a. m.,Ordeño,08:54,19.50,1,,DD,,,1,,1.20,1.38,1.14,1.50,0,0,0,0,5.85,5.22,0.00,5.29,VMS 1,,Tanque,,1.74,1.74,1.44,1.98,3.91,2.31,6.86,6.42
04/06/2025 02:59 p. m.,Ordeño,06:31,13.91,2,,,,,1,DI,1.20,1.20,1.20,1.20,0,0,0,0,5.88,4.95,4.84,0.00,VMS 1,,Tanque,,1.56,1.80,1.68,1.80,2.94,1.91,4.92,4.14
04/06/2025 10:34 p. m.,Ordeño,09:29,9.08,3,,,,,1,DI,0.90,0.84,0.90,1.02,0,0,0,0,5.69,4.76,0.00,4.76,VMS 1,,Tanque,,1.62,1.38,1.26,1.86,1.86,1.18,2.83,3.21
05/06/2025 10:09 a. m.,Ordeño,07:47,18.34,1,,,,,1,,1.32,1.26,1.26,1.26,0,0,0,0,6.11,5.55,5.43,0.00,VMS 1,,Tanque,,1.80,1.80,1.86,1.62,3.83,2.12,6.66,5.73
10/06/2025 11:39 a. m.,Ordeño,07:38,12.59,2,,,,,1,,0.78,0.72,0.84,0.90,0,0,0,0,5.47,4.83,4.71,0.00,VMS 1,,Tanque,,1.44,1.32,1.32,1.44,2.30,1.62,4.25,4.42
15/06/2025 05:00 p. m.,Ordeño,11:23,11.33,2,,,,,1,DI,1.02,1.02,1.20,0.90,0,0,0,0,5.86,5.00,5.09,0.00,VMS 1,,Tanque,,1.56,1.56,1.74,1.20,2.04,1.56,4.01,3.72
16/06/2025 01:58 p. m.,Ordeño,10:04,19.97,2,,,,,1,DI,1.20,1.14,0.96,1.20,0,0,0,0,5.86,5.14,4.68,0.00,VMS 1,,Tanque,,1.56,1.50,1.44,1.56,4.09,2.54,7.10,6.24
17/06/2025 01:37 a. m.,Ordeño,07:52,14.87,1,,,,,1,,1.02,0.96,1.02,1.14,0,0,0,0,5.27,4.65,4.69,0.00,VMS 1,,Tanque,,1.50,1.44,1.50,1.68,3.18,1.36,5.45,4.88
22/06/2025 02:41 a. m.,Ordeño,06:17,12.03,1,,,,,1,,1.08,1.02,1.20,1.14,0,0,0,0,5.59,5.00,5.02,0.00,VMS 1,,Tanque,,1.56,1.56,1.62,1.62,2.51,1.57,4.31,3.64
26/06/2025 09:54 a. m.,Ordeño,09:24,18.82,1,,,,,1,DI,1.26,0.96,1.08,1.14,0,0,0,0,6.31,4.63,4.80,0.00,VMS 1,,Tanque,,1.68,1.38,1.62,1.62,3.99,1.79,7.24,5.80
26/06/2025 07:22 p. m.,Ordeño,06:58,10.40,2,,,,,1,DI,1.08,0.78,0.90,0.90,0,0,0,0,6.63,4.37,4.54,0.00,VMS 1,,Tanque,,1.62,1.32,1.38,1.50,2.56,1.14,3.48,3.22
27/06/2025 06:03 p. m.,Ordeño,10:17,26.51,1,,,,,1,,1.20,1.20,1.20,1.14,0,0,0,0,6.54,5.64,6.10,0.00,VMS 1,,Tanque,,1.62,1.62,1.80,1.62,5.12,3.98,9.21,8.20
28/06/2025 10:08 a. m.,Ordeño,09:45,5.33,1,,,Todos,,1,,0.60,0.66,0.72,0.72,0,0,0,0,5.27,4.50,4.70,0.00,VMS 1,,Tanque,,1.32,1.20,1.44,1.14,0.70,0.82,2.02,1.79
01/07/2025 07:43 a. m.,Ordeño,09:48,5.05,1,,,,,1,TI,0.72,0.36,0.66,0.42,0,0,0,0,5.48,4.25,5.62,0.00,VMS 1,,Tanque,,1.32,0.66,1.20,1.08,1.24,0.31,1.91,1.59
01/07/2025 03:21 p. m.,Ordeño,15:24,4.52,2,,,TI,,1,,0.66,0.48,0.36,0.72,0,0,0,0,4.82,4.59,0.00,5.40,VMS 1,,Tanque,,1.02,0.90,0.60,1.32,1.07,0.47,1.11,1.87
02/07/2025 10:46 a. m.,Ordeño,09:12,11.42,1,,,,,1,,0.96,1.02,0.66,1.02,0,0,0,0,5.26,5.25,0.00,5.50,VMS 1,,Tanque,,1.32,1.50,1.14,1.50,2.77,1.48,3.48,3.69
04/07/2025 09:31 a. m.,Ordeño,12:28,4.43,2,,,TI,,1,TI,0.78,0.78,0.42,0.66,0,0,0,0,5.02,4.84,5.68,0.00,VMS 1,,Tanque,,1.20,1.44,0.78,1.08,1.42,0.83,0.57,1.61
04/07/2025 09:33 p. m.,Ordeño,09:47,10.72,3,,,,,1,DI,0.90,0.84,0.96,0.66,0,0,0,0,6.04,5.22,0.00,5.28,VMS 1,,Tanque,,1.38,1.50,1.44,1.08,2.08,1.45,4.47,2.72
05/07/2025 06:05 a. m.,Ordeño,10:49,5.07,1,,,TD,TD,1,,0.84,0.66,0.66,0.00,0,0,0,0,5.53,4.95,5.13,0.00,VMS 1,,Tanque,,1.38,1.02,1.02,0.00,1.74,1.06,2.27,0.00
05/07/2025 01:04 p. m.,Ordeño,09:03,7.96,2,,,,,1,,0.84,0.78,1.20,0.66,0,0,0,0,5.44,4.95,5.82,0.00,VMS 1,,Tanque,,1.26,1.26,1.62,1.14,1.25,1.01,3.90,1.80
06/07/2025 02:24 a. m.,Ordeño,07:25,11.35,1,,,,,1,,1.14,1.02,0.84,1.08,0,0,0,0,5.58,5.26,0.00,5.57,VMS 1,,Tanque,,1.56,1.38,1.20,1.62,2.27,1.87,3.67,3.54
09/07/2025 11:01 p. m.,Ordeño,15:44,13.74,2,,,,,1,TI,1.02,0.96,1.44,0.54,0,0,0,0,5.27,4.87,5.95,0.00,VMS 1,,Tanque,,1.86,1.56,1.92,1.44,2.80,1.47,5.13,4.34
10/07/2025 05:04 p. m.,Ordeño,09:08,14.31,1,,,,,1,,1.02,1.08,0.90,0.90,0,0,0,0,5.60,5.13,5.08,0.00,VMS 1,,Tanque,,1.50,1.50,1.38,1.32,3.20,2.50,4.77,3.84
12/07/2025 12:24 a. m.,Ordeño,10:05,7.79,1,,,,,1,,0.90,0.84,0.66,0.84,0,0,0,0,5.15,4.73,0.00,5.13,VMS 1,,Tanque,,1.50,1.26,1.14,1.56,1.58,1.08,2.32,2.81
13/07/2025 10:15 p. m.,Ordeño,09:54,9.14,3,,,,,1,,0.78,0.78,0.84,0.90,0,0,0,0,5.54,4.77,5.70,0.00,VMS 1,,Tanque,,1.20,1.20,1.32,1.68,2.05,1.24,2.65,3.20
14/07/2025 11:49 a. m.,Ordeño,07:48,10.41,1,,,,,1,,0.90,0.96,1.20,0.84,0,0,0,0,5.68,4.76,0.00,5.24,VMS 1,,Tanque,,1.38,1.56,1.86,1.32,2.48,1.42,3.49,3.02
15/07/2025 01:09 p. m.,Ordeño,12:13,7.09,2,,TI,,,1,TI,0.54,0.36,0.84,1.02,0,0,0,0,5.17,4.37,6.27,0.00,VMS 1,,Tanque,,1.50,0.78,1.68,1.74,0.78,0.34,1.52,4.45
16/07/2025 01:37 a. m.,Ordeño,11:18,11.96,1,,,,,1,,1.08,0.90,0.78,1.08,0,0,0,0,5.66,5.05,5.44,0.00,VMS 1,,Tanque,,1.50,1.38,1.38,1.50,2.75,1.50,2.92,4.79
16/07/2025 01:10 p. m.,Ordeño,06:47,10.59,2,,,,,1,,0.96,0.96,0.78,1.02,0,0,0,0,5.44,5.15,5.56,0.00,VMS 1,,Tanque,,1.50,1.44,1.20,1.44,2.65,1.68,3.39,2.87
18/07/2025 03:05 a. m.,Ordeño,10:07,9.71,1,,,,,1,DI,0.96,0.84,1.08,0.90,0,0,0,0,6.49,5.12,5.54,0.00,VMS 1,,Tanque,,1.74,1.38,1.38,1.38,2.55,1.20,3.29,2.67
18/07/2025 09:47 a. m.,Ordeño,08:44,6.84,2,,,,,1,DI,0.96,0.78,0.90,0.72,0,0,0,0,5.75,4.87,5.06,0.00,VMS 1,,Tanque,,1.44,1.44,1.38,1.14,1.60,0.84,2.30,2.10
19/07/2025 02:43 p. m.,Ordeño,08:50,15.34,2,,,,,1,TI,0.96,1.02,1.14,1.14,0,0,0,0,5.43,5.10,6.36,0.00,VMS 1,,Tanque,,1.38,1.56,1.68,1.56,2.92,1.79,6.88,3.75
20/07/2025 10:13 a. m.,Ordeño,10:11,11.46,2,,,,,1,TI,0.78,0.84,1.14,0.96,0,0,0,0,5.09,4.80,6.19,0.00,VMS 1,,Tanque,,1.38,1.44,1.56,1.50,2.36,1.13,5.19,2.78
21/07/2025 11:09 a. m.,Ordeño,10:30,9.26,2,,,,,1,,0.78,0.90,0.96,0.90,0,0,0,0,5.68,5.06,5.14,0.00,VMS 1,,Tanque,,1.32,1.44,1.62,1.38,2.02,1.26,3.24,2.74
22/07/2025 02:16 p. m.,Ordeño,09:12,19.28,1,,,,,1,TI,0.96,1.02,1.08,1.08,0,0,0,0,5.39,5.28,6.81,0.00,VMS 1,,Tanque,,1.44,1.56,1.62,1.74,3.33,2.62,7.37,5.96
25/07/2025 07:19 p. m.,Ordeño,07:47,18.19,2,,,,,1,DI,1.08,0.96,1.02,1.20,0,0,0,0,7.57,5.10,6.28,0.00,VMS 1,,Tanque,,1.68,1.44,1.44,1.56,4.25,2.19,5.46,6.29
26/07/2025 05:46 a. m.,Ordeño,08:40,5.52,1,,,"DI,TI",,1,DD,0.90,0.66,0.48,0.84,336,0,0,0,4.47,5.64,0.00,4.63,VMS 1,,Tanque,,1.50,1.02,0.78,1.56,1.03,1.18,1.09,2.22
26/07/2025 06:34 p. m.,Ordeño,07:27,9.52,2,,,,,1,,0.78,0.90,0.78,1.02,0,0,0,0,5.74,5.07,0.00,5.34,VMS 1,,Tanque,,1.20,1.44,1.20,1.56,1.88,1.72,2.80,3.12
27/07/2025 10:43 p. m.,Ordeño,10:43,13.57,2,,,,,1,TI,0.90,0.90,1.02,0.96,0,0,0,0,5.47,4.77,6.78,0.00,VMS 1,,Tanque,,1.38,1.38,1.50,1.26,2.04,1.77,6.51,3.25
29/07/2025 03:04 a. m.,Ordeño,09:57,7.75,1,,,,TD,1,TI,0.78,0.72,0.96,0.00,0,0,0,0,5.33,4.81,6.55,0.00,VMS 1,,Tanque,,1.56,1.08,1.44,0.00,1.75,1.22,4.78,0.00
29/07/2025 10:28 a. m.,Ordeño,09:46,8.14,2,,,,,1,TD,0.66,0.48,0.48,1.02,0,0,0,0,5.06,4.66,0.00,5.76,VMS 1,,Tanque,,1.02,0.96,0.96,1.50,1.54,0.59,1.37,4.64
30/07/2025 12:54 a. m.,Ordeño,06:54,13.25,1,,,,,1,,0.96,1.02,0.96,1.02,0,0,0,0,5.54,5.26,6.09,0.00,VMS 1,,Tanque,,1.26,1.38,1.26,1.44,3.06,2.26,3.75,4.18
30/07/2025 09:59 a. m.,Ordeño,12:05,5.62,2,,,TI,,1,TI,0.72,0.96,0.48,0.60,0,0,0,0,4.96,4.92,6.21,0.00,VMS 1,,Tanque,,1.50,1.44,0.90,0.96,1.68,1.50,0.65,1.79
30/07/2025 04:05 p. m.,Ordeño,08:54,7.02,3,,,,,1,TI,0.72,0.48,1.02,0.54,0,0,0,0,5.03,4.51,5.74,0.00,VMS 1,,Tanque,,1.02,0.84,1.56,0.96,1.19,0.62,4.36,0.85
31/07/2025 03:05 a. m.,Ordeño,07:49,8.10,1,,,,,1,,0.84,0.78,0.72,0.90,0,0,0,0,5.19,4.73,0.00,5.16,VMS 1,,Tanque,,1.38,1.26,1.14,1.26,2.01,0.82,2.47,2.80
31/07/2025 07:39 p. m.,Ordeño,13:44,6.22,3,,,,,1,TD,0.78,0.96,0.84,0.78,0,0,0,0,5.00,4.99,0.00,6.29,VMS 1,,Tanque,,1.14,1.44,1.32,1.26,1.26,1.08,1.83,2.05
01/08/2025 08:24 a. m.,Ordeño,12:32,10.21,1,,,,,1,,0.96,0.78,1.02,0.72,0,0,0,0,5.17,4.55,5.42,0.00,VMS 1,,Tanque,,1.50,1.26,1.80,1.14,2.69,1.03,3.87,2.62
02/08/2025 02:43 p. m.,Ordeño,08:26,10.36,2,,,,,1,,0.84,0.84,1.08,0.66,0,0,0,0,5.72,4.69,0.00,5.93,VMS 1,,Tanque,,1.26,1.14,1.38,1.14,1.97,0.99,4.68,2.72
02/08/2025 10:51 p. m.,Ordeño,10:17,3.79,3,,,DI,,1,,0.60,0.54,0.54,0.54,0,0,0,0,4.94,4.48,5.25,0.00,VMS 1,,Tanque,,1.38,0.90,0.90,1.38,0.54,0.61,1.28,1.36
03/08/2025 01:31 p. m.,Ordeño,09:49,11.30,1,,,,,1,TI,0.90,0.96,0.84,0.84,0,0,0,0,5.99,5.21,6.62,0.00,VMS 1,,Tanque,,1.26,1.50,1.26,1.32,3.00,1.58,3.64,3.08
04/08/2025 03:35 a. m.,Ordeño,08:55,8.67,1,,,,,1,,0.84,0.78,0.66,0.84,0,0,0,0,5.34,4.80,5.73,0.00,VMS 1,,Tanque,,1.38,1.08,1.26,1.32,2.10,1.40,2.57,2.60
05/08/2025 09:04 a. m.,Ordeño,08:08,9.06,1,,,,,1,,0.78,0.84,0.72,0.96,0,0,0,0,5.35,4.86,0.00,5.53,VMS 1,,Tanque,,1.26,1.44,1.14,1.44,2.21,1.24,2.27,3.34
06/08/2025 12:14 a. m.,Ordeño,13:14,10.89,1,,,,,1,,0.90,0.66,1.02,0.78,0,0,0,0,5.34,4.54,5.40,0.00,VMS 1,,Tanque,,1.50,1.02,1.68,1.14,2.88,1.07,4.16,2.78
06/08/2025 10:01 p. m.,Ordeño,09:29,10.77,4,,,,,1,,0.78,0.72,0.96,1.02,0,0,0,0,5.60,4.63,5.18,0.00,VMS 1,,Tanque,,1.20,1.08,1.38,1.38,2.07,0.90,2.37,5.43
07/08/2025 08:50 a. m.,Ordeño,07:21,8.95,1,,,,,1,,0.84,0.84,0.66,0.90,0,0,0,0,5.81,5.11,0.00,5.49,VMS 1,,Tanque,,1.38,1.20,1.14,1.38,2.29,1.38,2.00,3.28
09/08/2025 03:09 a. m.,Ordeño,12:17,12.68,1,,,,,1,TD,0.90,1.08,0.96,0.90,0,0,0,0,5.19,5.13,0.00,6.09,VMS 1,,Tanque,,2.16,1.62,1.62,1.26,2.95,1.68,4.15,3.90
09/08/2025 11:51 a. m.,Ordeño,10:27,7.18,2,,,,,1,,0.90,0.78,0.78,0.84,0,0,0,0,5.60,4.73,5.08,0.00,VMS 1,,Tanque,,1.38,1.26,1.20,1.26,1.94,1.19,1.94,2.11
09/08/2025 11:47 p. m.,Ordeño,11:23,11.35,3,,,,,1,,0.96,0.96,0.78,0.96,0,0,0,0,5.66,4.91,5.70,0.00,VMS 1,,Tanque,,1.26,1.44,1.20,1.32,2.92,1.52,3.42,3.49
13/08/2025 01:35 p. m.,Ordeño,09:46,14.08,2,,,,,1,,1.02,1.14,1.08,0.96,0,0,0,0,6.14,5.20,0.00,6.01,VMS 1,,Tanque,,1.44,1.62,1.44,1.38,3.47,2.22,3.97,4.42
14/08/2025 06:47 p. m.,Ordeño,06:23,7.88,3,,,,,1,DI,1.08,0.72,0.84,0.48,0,0,0,0,6.35,4.70,0.00,5.09,VMS 1,,Tanque,,1.62,1.20,1.38,0.90,3.66,0.80,2.06,1.36
15/08/2025 06:39 a. m.,Ordeño,13:02,12.68,1,,,,,1,,1.08,1.02,1.02,0.90,0,0,0,0,5.61,5.03,5.24,0.00,VMS 1,,Tanque,,1.80,1.62,1.62,1.50,2.68,2.19,4.46,3.35
18/08/2025 07:21 a. m.,Ordeño,08:40,10.09,1,,TI,,,1,,1.02,1.02,0.96,0.84,0,0,0,0,5.52,4.55,0.00,5.47,VMS 1,,Tanque,,1.62,1.56,1.50,1.32,2.11,1.42,3.47,3.09
18/08/2025 09:41 p. m.,Ordeño,07:56,13.38,2,,,,,1,,1.02,1.08,0.96,1.08,0,0,0,0,5.39,4.85,5.51,0.00,VMS 1,,Tanque,,1.44,1.50,1.44,1.62,2.82,2.39,3.73,4.44
21/08/2025 07:20 a. m.,Ordeño,07:18,13.45,1,,,,,1,TI,1.08,1.02,1.02,1.02,0,0,0,0,4.92,4.92,5.71,0.00,VMS 1,,Tanque,,1.50,1.50,1.56,1.38,2.70,2.21,3.99,4.55
21/08/2025 06:47 p. m.,Ordeño,08:12,7.80,2,,,TD,TD,1,,0.90,1.02,0.90,0.00,0,0,0,0,4.92,4.93,5.29,0.00,VMS 1,,Tanque,,1.50,1.56,1.44,0.00,2.50,2.21,3.09,0.00
22/08/2025 12:27 a. m.,Ordeño,10:13,9.20,1,,,,,1,TI,0.66,0.72,1.20,0.78,0,0,0,0,4.52,4.72,5.43,0.00,VMS 1,,Tanque,,1.14,1.26,1.68,1.38,1.20,0.91,5.65,1.44
22/08/2025 01:49 p. m.,Ordeño,09:47,13.30,2,,,,,1,,1.02,1.26,1.14,1.02,0,0,0,0,5.67,4.99,0.00,5.69,VMS 1,,Tanque,,1.50,1.74,1.62,1.38,2.65,2.56,4.05,4.04
23/08/2025 12:58 a. m.,Ordeño,08:58,10.29,1,,,,,1,,0.96,1.26,1.14,1.02,0,0,0,0,5.51,4.72,4.91,0.00,VMS 1,,Tanque,,1.44,1.80,1.62,1.56,2.23,1.81,3.63,2.62
23/08/2025 05:00 p. m.,Ordeño,08:11,15.61,2,,,,,1,DI,1.02,1.26,0.96,1.20,0,0,0,0,6.05,5.03,0.00,5.27,VMS 1,,Tanque,,1.38,1.92,1.38,1.68,3.76,2.40,4.25,5.20
26/08/2025 02:31 p. m.,Ordeño,16:30,15.04,1,,TI,,,1,TD,1.08,1.02,1.14,0.96,0,0,0,0,5.10,4.74,0.00,7.77,VMS 1,,Tanque,,1.86,1.50,1.68,1.50,3.31,2.32,4.83,4.58
27/08/2025 09:48 p. m.,Ordeño,06:42,9.84,3,,,,,1,TI,0.96,1.02,0.96,0.96,0,0,0,0,4.79,4.68,7.24,0.00,VMS 1,,Tanque,,1.56,1.68,1.32,1.44,1.93,1.96,3.38,2.57
28/08/2025 09:06 a. m.,Ordeño,09:32,10.48,1,,,,,1,,0.96,1.20,0.60,1.02,0,0,0,0,5.18,4.78,0.00,5.24,VMS 1,,Tanque,,1.50,1.68,1.14,1.56,2.72,2.01,1.53,4.22
29/08/2025 11:04 a. m.,Ordeño,10:05,11.02,1,,,,,1,TD,0.90,0.96,1.02,0.78,0,0,0,0,5.11,4.58,0.00,6.40,VMS 1,,Tanque,,1.50,1.56,1.50,1.14,2.78,1.92,3.69,2.63
29/08/2025 08:59 p. m.,Ordeño,07:42,7.24,2,,,,,1,,0.96,1.02,0.42,0.96,0,0,0,0,4.91,4.53,5.23,0.00,VMS 1,,Tanque,,1.32,1.62,0.96,1.32,2.08,1.28,1.45,2.43
30/08/2025 04:58 p. m.,Ordeño,08:10,12.93,2,,,,,1,TI,0.90,1.02,0.78,1.20,0,0,0,0,5.11,4.90,6.14,0.00,VMS 1,,Tanque,,1.38,1.44,1.20,1.68,2.33,2.12,2.30,6.18
31/08/2025 09:47 a. m.,Ordeño,09:18,14.28,1,,,,,1,TI,1.08,1.02,0.84,1.08,0,0,0,0,5.04,4.75,6.36,0.00,VMS 1,,Tanque,,1.68,1.62,1.38,1.50,3.52,2.12,4.16,4.48
31/08/2025 11:58 p. m.,Ordeño,07:14,13.28,1,,,,,1,,1.14,1.08,0.90,1.02,0,0,0,0,5.58,4.68,5.76,0.00,VMS 1,,Tanque,,1.50,1.68,1.50,1.44,3.48,2.36,3.14,4.30
01/09/2025 03:59 p. m.,Ordeño,10:31,12.23,2,,,,,1,,1.02,1.14,1.32,0.84,0,0,0,0,5.57,4.60,5.24,0.00,VMS 1,,Tanque,,1.86,1.80,1.74,1.38,2.88,2.18,4.33,2.84
02/09/2025 02:36 a. m.,Ordeño,05:18,8.38,1,,,,,1,,0.90,0.90,0.90,1.14,0,0,0,0,5.23,4.36,0.00,4.82,VMS 1,,Tanque,,1.38,1.50,1.32,1.50,1.97,1.16,2.43,2.82
02/09/2025 04:01 p. m.,Ordeño,07:38,12.02,2,,,,,1,TD,1.08,1.14,1.08,0.90,0,0,0,0,5.89,4.77,0.00,6.35,VMS 1,,Tanque,,1.56,1.74,1.62,1.32,2.78,2.36,3.46,3.42
03/09/2025 12:21 a. m.,Ordeño,05:44,5.93,1,,,,,1,,0.84,0.84,0.78,0.90,0,0,0,0,5.41,4.40,5.40,0.00,VMS 1,,Tanque,,1.26,1.20,1.32,1.38,1.60,0.97,1.50,1.86
03/09/2025 11:27 a. m.,Ordeño,12:38,9.87,2,,,,,1,,1.74,0.78,0.78,0.96,0,0,0,0,4.95,4.81,0.00,5.32,VMS 1,,Tanque,,0.40,1.44,1.26,1.50,2.85,1.68,2.34,3.00
04/09/2025 02:09 a. m.,Ordeño,09:48,12.66,1,,,,,1,TI,1.02,0.96,0.84,0.96,0,0,0,0,5.21,4.88,5.99,0.00,VMS 1,,Tanque,,1.50,1.50,1.26,1.38,2.88,2.04,3.55,4.19
05/09/2025 11:25 a. m.,Ordeño,11:37,9.56,2,,,,,1,TD,0.96,0.54,1.02,0.84,0,0,0,0,5.07,4.76,0.00,5.98,VMS 1,,Tanque,,1.50,1.20,1.44,1.32,2.36,1.28,3.13,2.79
06/09/2025 03:16 a. m.,Ordeño,09:13,11.84,1,,TI,,,1,,0.96,0.90,1.26,1.02,0,0,0,0,5.01,4.68,5.25,0.00,VMS 1,,Tanque,,1.38,1.50,1.62,1.56,2.50,2.15,3.37,3.82
06/09/2025 03:51 p. m.,Ordeño,08:09,11.06,2,,,,,1,,0.96,0.96,0.84,1.14,0,0,0,0,5.48,4.60,5.46,0.00,VMS 1,,Tanque,,1.44,1.50,1.32,1.62,2.26,1.71,2.50,4.59
09/09/2025 03:33 a. m.,Ordeño,08:49,14.22,1,,,,,1,TD,0.96,1.02,1.20,0.90,0,0,0,0,4.97,4.89,0.00,6.16,VMS 1,,Tanque,,1.50,1.50,1.56,1.44,2.74,2.15,4.57,4.76
09/09/2025 07:48 p. m.,Ordeño,07:18,14.73,2,,,,,1,,1.02,1.02,0.84,1.08,0,0,0,0,5.65,4.76,5.27,0.00,VMS 1,,Tanque,,1.44,1.44,1.32,1.56,4.02,2.63,3.50,4.58
10/09/2025 02:56 a. m.,Ordeño,08:51,6.54,1,,,,,1,,0.84,0.84,0.78,0.78,0,0,0,0,5.36,4.59,0.00,5.39,VMS 1,,Tanque,,1.62,1.26,1.26,1.20,1.64,1.23,1.74,1.93
11/09/2025 04:25 p. m.,Ordeño,10:12,6.05,3,,,,,1,TD,0.72,0.60,0.84,0.72,0,0,0,0,4.98,5.04,5.51,6.32,VMS 3,,Tanque,,1.26,1.38,1.44,1.14,1.41,0.70,1.58,2.36
12/09/2025 12:34 a. m.,Ordeño,08:11,6.87,1,,TI,TI,,1,TD,0.84,0.66,0.96,0.78,0,0,0,0,5.18,4.85,4.97,6.25,VMS 3,,Tanque,,1.50,1.26,1.68,1.20,2.04,1.24,0.88,2.71
12/09/2025 10:26 a. m.,Ordeño,07:07,10.22,2,,,,,1,TD,0.90,1.02,0.84,1.08,0,0,0,0,5.19,4.93,5.60,5.92,VMS 3,,Tanque,,1.44,1.56,1.26,1.56,2.33,1.56,2.17,4.16
13/09/2025 08:57 p. m.,Ordeño,09:33,10.06,3,,,,,1,TI,0.96,0.90,0.96,0.90,0,0,0,0,4.76,4.98,6.37,5.00,VMS 3,,Tanque,,1.32,1.32,1.38,1.32,1.85,1.63,4.59,1.99
15/09/2025 02:02 a. m.,Ordeño,07:30,9.91,1,,,,,1,TI,1.02,1.08,0.90,1.08,0,0,0,0,5.15,4.89,6.01,5.39,VMS 3,,Tanque,,1.62,1.62,1.26,1.50,2.07,1.55,2.99,3.30
16/09/2025 09:58 p. m.,Ordeño,09:35,14.70,2,,,,,1,TI,1.08,1.08,1.02,1.08,0,0,0,0,5.29,4.85,7.02,5.41,VMS 3,,Tanque,,1.56,1.50,1.44,1.44,3.00,1.77,5.96,3.97
17/09/2025 04:38 p. m.,Ordeño,08:52,6.71,2,,,,,1,TD,0.90,0.84,0.96,0.78,0,0,0,0,5.01,4.86,4.75,6.15,VMS 3,,Tanque,,1.38,1.38,1.80,1.20,1.94,1.37,1.92,1.48
18/09/2025 05:20 a. m.,Ordeño,05:50,10.68,1,,,,,1,TD,1.08,0.96,1.08,0.78,0,0,0,0,4.65,4.80,5.17,5.75,VMS 3,,Tanque,,2.46,1.32,1.62,1.20,3.31,1.73,3.73,1.91
18/09/2025 05:35 p. m.,Ordeño,09:23,11.30,2,,,,,1,TD,1.26,0.90,1.02,0.84,0,0,0,0,5.00,4.93,5.41,6.15,VMS 3,,Tanque,,4.50,1.44,1.50,1.56,3.49,1.64,3.54,2.63
19/09/2025 01:45 a. m.,Ordeño,09:36,7.42,1,,,,,1,TD,0.90,0.96,1.02,0.72,0,0,0,0,4.76,4.87,4.73,5.48,VMS 3,,Tanque,,1.74,1.38,1.98,1.14,1.96,1.41,2.57,1.48
19/09/2025 04:16 p. m.,Ordeño,06:18,12.60,2,,,,,1,,1.08,1.02,0.84,1.08,0,0,0,0,5.82,4.92,5.67,5.30,VMS 3,,Tanque,,1.68,1.44,1.26,1.44,3.52,1.84,3.04,4.20
20/09/2025 02:39 a. m.,Ordeño,08:04,9.18,1,,,,,1,TD,1.20,0.96,1.08,0.78,0,0,0,0,5.46,5.04,5.02,5.92,VMS 3,,Tanque,,1.74,1.38,1.62,1.26,2.42,1.78,3.04,1.94
20/09/2025 10:09 a. m.,Ordeño,09:46,6.32,2,,,,,1,TI,0.84,0.84,0.78,0.72,0,0,0,0,5.46,5.09,5.89,4.87,VMS 3,,Tanque,,1.56,1.38,1.26,1.56,2.05,1.31,1.66,1.30
20/09/2025 06:52 p. m.,Ordeño,09:20,7.64,3,,,,,1,TD,0.96,0.84,0.90,0.66,0,0,0,0,4.95,4.77,5.22,6.16,VMS 3,,Tanque,,1.80,1.26,1.62,1.32,1.11,1.19,3.38,1.96
21/09/2025 06:00 a. m.,Ordeño,10:22,10.11,1,,TI,,,1,TD,1.08,1.08,1.02,0.66,0,0,0,0,5.22,5.03,5.13,5.86,VMS 3,,Tanque,,1.50,1.62,1.50,0.96,2.81,1.74,3.19,2.37
22/09/2025 01:26 a. m.,Ordeño,10:13,11.41,1,,,,,1,TD,0.66,1.02,1.02,0.90,0,0,0,0,5.28,5.02,5.23,7.44,VMS 3,,Tanque,,1.62,1.56,1.50,1.26,2.29,1.58,3.10,4.44
22/09/2025 12:33 p. m.,Ordeño,06:26,10.29,2,,,,,1,"DI,TD",0.96,1.02,0.96,0.78,0,0,0,0,5.73,5.02,4.86,5.76,VMS 3,,Tanque,,1.50,1.68,1.38,1.20,2.70,1.99,2.87,2.73
23/09/2025 05:28 a. m.,Ordeño,07:20,4.68,1,,,DI,,1,TD,0.78,0.72,1.08,0.72,0,0,0,0,4.49,4.64,4.92,5.61,VMS 3,,Tanque,,1.44,1.38,1.44,1.20,0.32,0.91,1.93,1.52
23/09/2025 04:09 p. m.,Ordeño,06:38,10.68,2,,,,,1,,1.08,1.02,1.14,0.90,0,0,0,0,5.34,5.16,5.32,5.75,VMS 3,,Tanque,,1.56,1.50,1.50,1.38,2.82,2.02,3.49,2.35
24/09/2025 01:37 a. m.,Ordeño,10:15,7.65,1,,,,,1,TD,0.84,0.78,1.02,0.84,0,0,0,0,4.66,4.90,4.96,5.72,VMS 3,,Tanque,,1.44,1.20,1.62,1.32,1.90,1.37,2.41,1.97
24/09/2025 12:26 p. m.,Ordeño,09:40,10.18,2,,,,,1,,1.02,0.90,1.14,0.84,0,0,0,0,5.25,5.04,5.20,5.55,VMS 3,,Tanque,,1.56,1.44,1.56,1.50,2.72,1.82,3.02,2.62
25/09/2025 07:06 a. m.,Ordeño,08:59,8.07,1,,,,,1,"TI,TD",0.42,0.96,1.20,0.90,0,0,0,0,3.63,4.64,4.95,5.53,VMS 3,,Tanque,,1.50,1.56,1.62,1.32,1.83,1.40,2.70,2.14
25/09/2025 10:14 p. m.,Ordeño,08:47,12.15,2,,,,,1,TD,0.84,1.08,1.08,0.84,0,0,0,0,4.58,4.72,4.94,5.74,VMS 3,,Tanque,,1.20,1.50,1.56,1.38,2.72,2.24,4.06,3.13
26/09/2025 10:09 a. m.,Ordeño,07:11,10.49,1,,TD,,,1,TI,0.90,1.08,0.84,1.26,0,0,0,0,4.68,4.39,5.23,4.59,VMS 3,,Tanque,,1.32,1.50,1.20,1.80,3.02,1.69,2.64,3.14
27/09/2025 10:27 p. m.,Ordeño,09:11,8.63,3,,,,,1,TD,0.60,0.96,1.20,0.84,0,0,0,0,4.83,4.99,5.34,6.07,VMS 3,,Tanque,,1.62,1.26,1.62,1.20,1.78,1.48,2.98,2.39
28/09/2025 08:44 a. m.,Ordeño,10:58,9.35,1,,,,,1,,1.02,1.02,1.08,0.72,0,0,0,0,5.22,4.99,4.95,5.61,VMS 3,,Tanque,,1.56,1.56,1.50,1.02,2.41,2.03,2.97,1.94
28/09/2025 11:15 p. m.,Ordeño,09:58,8.87,3,,,,,1,TD,0.90,0.90,1.14,0.90,0,0,0,0,4.75,4.82,4.99,6.28,VMS 3,,Tanque,,1.80,1.44,1.44,1.32,1.89,1.22,1.86,3.90
30/09/2025 10:04 a. m.,Ordeño,09:12,13.78,1,,,,,1,TD,1.08,1.08,1.20,1.02,0,0,0,0,5.29,5.08,5.62,5.98,VMS 3,,Tanque,,1.62,1.56,1.56,1.44,3.43,2.27,4.46,3.62
30/09/2025 10:05 p. m.,Ordeño,07:45,9.77,2,,,,,1,,0.96,1.02,1.08,0.84,0,0,0,0,4.99,4.83,5.01,5.34,VMS 3,,Tanque,,1.62,1.62,1.50,1.26,2.74,1.65,3.16,2.22
01/10/2025 12:34 p. m.,Ordeño,07:12,9.38,1,,,TI,TI,1,,1.08,1.08,0.00,1.08,0,0,0,0,5.41,5.04,0.00,5.23,VMS 3,,Tanque,,1.62,1.50,0.00,1.68,3.13,2.46,0.00,3.79
01/10/2025 07:09 p. m.,Ordeño,09:30,6.26,2,,,TI,TI,1,TD,0.84,0.78,0.00,0.84,0,0,0,0,5.22,4.77,0.00,7.10,VMS 3,,Tanque,,1.50,1.20,0.00,1.20,1.45,0.88,0.00,3.93
02/10/2025 03:06 a. m.,Ordeño,07:05,8.39,1,,,,,1,TI,0.96,0.84,0.84,1.32,0,0,0,0,5.06,4.71,5.65,5.35,VMS 3,,Tanque,,1.44,1.38,1.32,1.92,1.66,1.10,1.76,3.87
02/10/2025 03:20 p. m.,Ordeño,05:52,11.29,2,,,,,1,TI,1.02,1.08,0.96,1.26,0,0,0,0,5.52,5.04,7.17,5.21,VMS 3,,Tanque,,1.56,1.44,1.38,1.80,3.11,2.18,2.65,3.35
02/10/2025 11:15 p. m.,Ordeño,08:32,5.57,3,,,,,1,TD,0.48,0.72,0.78,0.72,0,0,0,0,4.34,4.54,4.85,6.03,VMS 3,,Tanque,,1.20,1.20,1.38,1.02,1.54,0.85,1.88,1.30
03/10/2025 01:42 p. m.,Ordeño,06:41,12.25,1,,,,,1,,1.14,1.02,0.96,1.20,0,0,0,0,5.22,5.04,5.78,5.61,VMS 3,,Tanque,,1.74,1.56,1.44,1.86,3.33,2.13,2.89,3.90
04/10/2025 05:52 p. m.,Ordeño,07:36,16.40,1,,,,,1,"DI,TD",1.08,1.08,1.20,1.08,0,0,0,0,8.64,4.99,5.77,8.04,VMS 3,,Tanque,,1.50,1.62,1.62,1.44,4.25,1.50,4.99,5.66
05/10/2025 01:55 a. m.,Ordeño,10:31,3.94,1,,,TD,,1,"DI,TD",0.60,0.84,0.60,0.66,0,0,0,0,5.32,4.65,4.54,5.99,VMS 3,,Tanque,,1.44,1.38,1.26,1.08,0.95,0.99,1.07,0.93
05/10/2025 06:01 p. m.,Ordeño,06:31,9.75,2,,TD,,,1,"DI,TI",1.14,1.14,0.84,1.08,0,0,0,0,5.87,5.07,5.97,5.07,VMS 3,,Tanque,,1.56,1.56,1.26,1.86,2.47,2.51,2.10,2.67
06/10/2025 06:18 a. m.,Ordeño,06:15,9.10,1,,,,,1,DI,1.08,1.02,1.20,0.78,0,0,0,0,6.21,4.72,5.72,5.46,VMS 3,,Tanque,,1.62,1.56,1.68,1.20,2.24,1.62,3.50,1.74
06/10/2025 01:35 p. m.,Ordeño,06:07,5.57,2,,,,,1,"DI,TD",1.02,0.78,0.90,0.78,0,0,0,0,5.87,4.92,5.11,6.14,VMS 3,,Tanque,,1.74,1.26,1.44,1.38,1.33,1.10,1.75,1.39
06/10/2025 11:42 p. m.,Ordeño,06:48,7.33,3,,,,,1,,1.08,0.96,0.78,1.02,0,0,0,0,5.71,5.04,5.72,5.37,VMS 3,,Tanque,,1.62,1.50,1.20,1.38,2.09,1.21,1.88,2.15
07/10/2025 06:12 a. m.,Ordeño,05:22,5.38,1,,,,,1,,0.84,0.78,0.90,0.72,0,0,0,0,5.47,4.92,5.18,5.60,VMS 3,,Tanque,,1.38,1.26,1.32,1.08,1.42,1.00,1.67,1.29
07/10/2025 05:49 p. m.,Ordeño,11:08,9.87,2,,,,,1,TD,0.96,0.96,1.02,0.84,0,0,0,0,5.47,5.02,5.35,6.34,VMS 3,,Tanque,,1.92,1.44,1.56,1.32,2.70,1.61,3.14,2.42
08/10/2025 07:37 p. m.,Ordeño,08:12,16.53,2,,,,,1,TI,1.20,1.08,0.96,0.96,0,0,0,0,6.01,5.07,6.35,5.42,VMS 3,,Tanque,,1.80,1.50,1.38,1.44,4.25,2.87,5.22,4.19
09/10/2025 10:25 a. m.,Ordeño,17:40,7.03,1,,,"DI,TD",DI,1,,0.00,1.08,0.96,0.42,0,0,0,0,0.00,5.08,5.01,5.50,VMS 3,,Tanque,,0.00,1.92,1.74,1.02,0.00,2.44,3.93,0.66
09/10/2025 05:40 p. m.,Ordeño,09:40,7.35,2,,,,,1,TD,0.78,1.08,0.90,0.54,0,0,0,0,5.01,5.22,4.52,5.96,VMS 3,,Tanque,,1.44,2.10,1.50,1.02,1.75,2.58,1.86,1.16
10/10/2025 06:38 a. m.,Ordeño,07:54,8.92,1,,,,TI,1,"DI,DD",1.02,0.96,0.00,1.62,0,0,0,0,5.55,5.09,0.00,3.40,VMS 3,,Tanque,,1.62,1.56,0.00,3.00,2.80,2.12,0.00,4.00
10/10/2025 01:46 p. m.,Ordeño,06:13,8.01,2,,,,,1,TI,0.84,0.72,1.26,0.66,0,0,0,0,5.02,4.78,6.42,5.29,VMS 3,,Tanque,,1.32,1.14,1.68,1.14,1.39,0.85,4.73,1.04
11/10/2025 03:37 p. m.,Ordeño,09:02,16.50,1,,TD,,,1,"DI,TI",1.14,1.14,1.02,1.14,0,0,0,0,6.23,5.30,8.04,5.47,VMS 3,,Tanque,,1.62,1.62,1.44,1.68,3.86,2.96,4.89,4.79
13/10/2025 11:04 a. m.,Ordeño,09:38,17.50,1,,,,,1,"TI,TD",1.14,1.08,1.38,0.90,0,0,0,0,5.68,5.19,7.50,6.44,VMS 3,,Tanque,,1.56,1.56,1.86,1.50,3.69,3.38,6.99,3.44
14/10/2025 12:18 a. m.,Ordeño,08:13,7.98,1,,,,,1,,0.90,0.84,0.90,0.72,0,0,0,0,5.12,4.59,5.54,5.39,VMS 3,,Tanque,,1.50,1.44,1.38,1.20,2.71,1.24,2.26,1.77
14/10/2025 10:58 a. m.,Ordeño,06:32,6.83,2,,,,,1,TI,0.90,0.96,0.96,0.78,0,0,0,0,5.18,4.83,5.77,5.73,VMS 3,,Tanque,,1.38,1.44,1.38,1.32,2.16,1.06,1.83,1.78
14/10/2025 09:56 p. m.,Ordeño,07:22,7.86,3,,,,,1,"TI,TD",0.96,0.96,1.02,0.84,0,0,0,0,5.14,4.85,6.19,5.94,VMS 3,,Tanque,,1.44,1.38,1.50,1.26,2.06,1.37,2.53,1.90
15/10/2025 06:47 a. m.,Ordeño,07:50,7.26,1,,,,,1,TI,0.96,0.96,0.78,0.96,0,0,0,0,5.32,4.87,5.94,5.71,VMS 3,,Tanque,,1.44,1.32,1.26,1.50,2.04,1.37,1.78,2.07
16/10/2025 12:29 a. m.,Ordeño,07:37,13.18,1,,TI,,,1,"TI,TD",1.14,1.02,1.20,1.02,0,0,0,0,5.15,4.82,6.01,6.20,VMS 3,,Tanque,,1.56,1.56,2.04,1.38,3.28,1.66,4.29,3.95
16/10/2025 07:08 a. m.,Ordeño,09:56,4.45,2,,,,,1,TI,0.84,0.78,0.96,0.48,0,0,0,0,4.82,4.66,5.54,4.48,VMS 3,,Tanque,,1.38,1.50,1.44,1.26,1.19,0.83,1.44,0.99
16/10/2025 04:13 p. m.,Ordeño,05:20,7.00,3,,,,,1,DI,0.90,0.96,0.84,0.90,0,0,0,0,5.91,5.08,5.73,5.13,VMS 3,,Tanque,,1.44,1.26,1.26,1.32,2.11,1.46,1.90,1.53
17/10/2025 01:32 a. m.,Ordeño,11:54,6.33,1,,,,,1,,0.90,0.78,1.02,0.66,0,0,367,0,5.35,4.76,5.74,5.38,VMS 3,,Tanque,,1.38,1.38,1.38,1.08,1.73,0.92,1.52,2.16
17/10/2025 10:52 a. m.,Ordeño,06:30,7.67,2,,,,,1,TI,0.96,1.02,0.90,1.14,0,0,0,0,5.73,5.03,7.24,5.50,VMS 3,,Tanque,,1.44,1.44,1.38,2.16,2.04,1.19,2.21,2.23
18/10/2025 04:58 a. m.,Ordeño,08:41,12.87,1,,,,,1,TI,1.08,1.08,0.96,1.20,0,0,0,0,5.61,5.10,6.17,5.70,VMS 3,,Tanque,,1.44,1.56,1.38,1.92,2.92,2.59,3.07,4.29
18/10/2025 05:55 p. m.,Ordeño,13:40,9.68,2,,,,,1,,0.78,1.02,0.72,0.96,0,0,0,0,5.27,4.84,5.17,5.75,VMS 3,,Tanque,,1.26,1.68,1.14,1.74,2.56,1.47,1.47,4.18
19/10/2025 04:57 p. m.,Ordeño,06:39,7.25,3,,,,,1,TI,0.78,0.96,0.78,0.96,0,0,0,0,5.17,5.09,6.06,5.33,VMS 3,,Tanque,,1.20,1.50,1.14,1.44,1.80,1.53,1.68,2.24
20/10/2025 01:32 a. m.,Ordeño,09:14,6.86,1,,,,,1,,1.08,0.78,0.84,0.96,0,0,0,0,5.18,4.74,5.55,5.30,VMS 3,,Tanque,,1.62,1.32,1.26,1.56,2.07,0.95,1.71,2.13
20/10/2025 12:07 p. m.,Ordeño,06:32,8.92,2,,,,,1,,0.96,1.08,1.02,0.78,0,0,0,0,5.29,5.01,5.59,5.82,VMS 3,,Tanque,,1.50,1.50,1.74,1.26,2.46,1.79,2.79,1.88
31/08/2022 09:43 a. m.,Ordeño,10:56,7.65,1,,,,,0,,1.44,1.50,1.20,1.20,1591,1888,1090,793,3.29,3.67,3.77,2.94,VMS 3,,Divert 3,,1.92,2.04,1.62,1.56,1.62,2.10,2.01,1.92
03/09/2022 04:09 a. m.,Ordeño,05:03,6.83,1,,TD,,,0,,1.14,1.20,0.90,0.78,2787,362,0,0,4.65,4.53,4.69,4.28,VMS 3,,Divert 3,,1.68,1.74,1.32,1.20,1.67,1.96,1.61,1.59
06/09/2022 06:43 p. m.,Ordeño,05:58,10.28,2,,,,,0,,1.02,0.96,0.72,0.72,0,0,0,0,4.28,4.50,4.12,4.18,VMS 3,,Drenaje,,1.44,1.44,1.08,1.26,2.99,2.50,2.40,2.39
07/09/2022 10:18 a. m.,Ordeño,08:20,18.73,1,,,,,0,,1.02,1.20,0.90,0.84,0,0,0,0,4.39,4.77,4.39,4.33,VMS 3,,Drenaje,,1.44,1.62,1.32,1.26,5.27,3.95,5.00,4.51
07/09/2022 08:57 p. m.,Ordeño,07:01,12.66,2,,TD,,,0,,0.90,1.08,0.78,0.66,0,0,0,0,4.26,4.62,4.18,4.22,VMS 3,,Drenaje,,1.26,1.50,1.38,1.02,3.63,2.88,3.24,2.91
08/09/2022 04:16 a. m.,Ordeño,05:55,8.89,1,,,,,0,,0.90,1.08,0.78,0.72,0,0,0,0,4.04,4.40,4.04,4.07,VMS 3,,Drenaje,,1.20,1.56,1.08,1.08,2.54,2.06,2.30,1.99
08/09/2022 11:51 a. m.,Ordeño,05:44,9.16,2,,TD,,,0,,0.96,1.08,0.78,0.72,0,0,0,0,4.17,4.43,4.18,4.03,VMS 3,,Drenaje,,1.32,1.56,1.14,1.20,2.58,2.09,2.29,2.20
09/09/2022 01:27 a. m.,Ordeño,07:58,16.94,1,,TD,,,0,,1.02,1.08,0.84,0.78,0,0,0,0,4.23,4.46,4.25,4.21,VMS 3,,Drenaje,,1.38,1.50,1.44,1.14,4.73,4.08,4.43,3.70
09/09/2022 11:53 a. m.,Ordeño,06:08,13.01,2,,TD,,,0,,1.08,1.08,0.90,0.78,0,0,0,0,4.23,4.40,4.33,4.19,VMS 3,,Drenaje,,1.50,1.56,1.44,1.20,3.71,3.08,3.18,3.04
10/09/2022 06:57 a. m.,Ordeño,10:14,22.67,1,,,,,0,,1.20,1.14,1.02,0.78,0,0,0,0,4.76,4.73,4.47,4.80,VMS 3,,Drenaje,,1.62,1.56,1.62,1.26,6.01,5.20,5.73,5.73
10/09/2022 07:25 p. m.,Ordeño,06:40,13.37,2,,TD,,,0,,0.96,1.08,0.90,0.66,0,0,0,0,4.40,4.46,4.28,4.34,VMS 3,,Drenaje,,1.38,1.56,1.44,1.14,3.80,3.28,3.46,2.83
11/09/2022 07:41 a. m.,Ordeño,06:52,15.48,1,,,,,0,,1.08,1.26,0.90,0.78,0,0,0,0,4.29,4.49,4.41,4.31,VMS 3,,Drenaje,,1.62,1.74,1.32,1.26,4.46,3.76,4.03,3.23
11/09/2022 05:54 p. m.,Ordeño,06:28,13.71,2,,,,,0,,1.02,1.20,0.90,0.72,0,0,0,0,4.24,4.50,4.38,4.36,VMS 3,,Drenaje,,1.38,1.68,1.44,1.32,3.95,3.27,3.42,3.07
12/09/2022 06:38 a. m.,Ordeño,08:08,16.68,1,,TD,,,0,,0.90,1.08,0.90,0.78,0,0,0,0,3.92,4.22,4.09,4.05,VMS 3,,Drenaje,,1.26,1.56,1.38,1.20,4.69,3.94,4.22,3.83
12/09/2022 05:42 p. m.,Ordeño,07:21,15.29,2,,TD,,,0,,0.90,1.14,0.90,0.72,0,0,0,0,4.18,4.22,4.31,4.18,VMS 3,,Drenaje,,1.26,1.74,1.44,1.14,4.29,3.72,3.94,3.34
13/09/2022 02:07 a. m.,Ordeño,06:35,12.19,1,,TD,,,0,,1.08,1.14,0.84,0.66,0,0,0,0,4.27,4.42,4.36,4.30,VMS 3,,Drenaje,,1.44,1.62,1.32,1.14,3.35,3.09,3.08,2.67
13/09/2022 10:45 a. m.,Ordeño,07:11,13.71,2,,TD,,,0,,0.90,1.02,0.84,0.72,0,0,0,0,4.25,4.44,4.34,4.39,VMS 3,,Drenaje,,1.44,1.44,1.26,1.26,3.83,3.42,3.38,3.08
14/09/2022 09:27 p. m.,Ordeño,09:53,18.44,2,,,,,0,,0.96,1.08,0.78,0.60,0,0,0,0,4.52,4.71,4.37,4.50,VMS 3,,Drenaje,,1.44,1.50,1.20,1.20,5.34,4.30,4.76,4.04
15/09/2022 04:57 a. m.,Ordeño,06:42,10.11,1,,,,,0,,0.90,1.02,0.78,0.66,0,0,0,0,4.23,4.45,4.31,4.02,VMS 3,,Drenaje,,1.32,1.50,1.14,1.02,3.05,2.41,2.65,2.00
15/09/2022 05:24 p. m.,Ordeño,08:31,18.63,2,,TD,,,0,,0.90,0.96,0.84,0.72,0,0,0,0,4.50,4.68,4.64,4.68,VMS 3,,Drenaje,,1.32,1.50,1.32,1.14,5.19,4.38,4.77,4.29
16/09/2022 07:34 a. m.,Ordeño,08:46,19.96,1,,,,,0,,1.08,1.32,0.96,0.84,0,0,0,0,4.52,4.73,4.47,4.50,VMS 3,,Drenaje,,1.50,1.86,1.38,1.20,5.80,4.62,5.27,4.27
16/09/2022 06:10 p. m.,Ordeño,07:39,15.96,2,,,,,0,,1.08,1.14,0.84,0.66,0,0,0,0,4.38,4.55,4.51,4.46,VMS 3,,Drenaje,,1.56,1.74,1.32,1.02,4.54,3.88,4.23,3.31
17/09/2022 06:53 a. m.,Ordeño,08:42,19.97,1,,,,,0,,1.02,1.20,0.90,0.72,0,0,0,0,4.51,4.61,4.47,4.57,VMS 3,,Drenaje,,1.38,1.68,1.44,1.26,5.70,4.72,5.22,4.33
18/09/2022 12:22 a. m.,Ordeño,10:40,25.86,1,,,,,0,,0.90,1.26,0.90,0.84,0,0,0,0,4.96,4.93,4.75,4.86,VMS 3,,Drenaje,,1.32,1.68,1.44,1.38,7.19,5.97,6.21,6.49
18/09/2022 09:14 a. m.,Ordeño,09:26,14.13,2,,,,,0,,0.90,1.08,0.78,0.84,0,0,0,0,4.36,4.56,4.33,4.58,VMS 3,,Drenaje,,1.20,1.50,1.32,1.38,4.12,3.25,3.38,3.38
18/09/2022 10:33 p. m.,Ordeño,09:13,20.26,3,,,,,0,,1.02,1.08,0.90,0.72,0,0,0,0,4.71,4.68,4.62,4.62,VMS 3,,Drenaje,,1.44,1.56,1.38,1.20,5.40,4.81,5.29,4.76
19/09/2022 01:04 p. m.,Ordeño,09:45,24.01,1,,,,,0,,1.02,1.20,0.96,0.84,0,0,0,0,4.69,4.61,4.58,4.61,VMS 3,,Drenaje,,1.44,1.68,1.50,1.26,6.45,5.48,6.25,5.83
20/09/2022 07:01 p. m.,Ordeño,06:32,8.24,2,,,,,0,,0.84,1.02,0.54,0.78,0,0,0,0,4.37,4.43,4.06,4.36,VMS 3,,Tanque,,1.26,1.56,0.78,1.50,2.32,1.99,1.86,2.07
21/09/2022 09:08 a. m.,Ordeño,08:50,21.54,1,,,,,0,,0.96,1.32,1.02,0.84,0,0,0,0,5.13,5.04,4.80,4.79,VMS 3,,Tanque,,1.38,1.74,1.44,1.56,5.60,5.20,5.41,5.33
21/09/2022 04:11 p. m.,Ordeño,06:17,12.85,2,,TD,,,0,,0.96,1.14,0.90,0.72,0,0,0,0,5.04,4.94,4.77,4.82,VMS 3,,Tanque,,1.38,1.44,1.26,1.20,3.63,2.91,3.19,3.12
22/09/2022 06:30 a. m.,Ordeño,08:54,20.43,1,,TD,,,0,,1.02,1.26,1.14,0.96,0,0,0,0,4.86,4.76,4.82,4.85,VMS 3,,Tanque,,1.38,1.62,1.68,1.38,5.97,3.57,6.47,4.42
22/09/2022 01:58 p. m.,Ordeño,07:24,12.92,2,,,,,0,,0.96,1.14,0.84,0.72,0,0,0,0,4.85,4.96,4.89,4.79,VMS 3,,Tanque,,1.26,1.50,1.20,1.14,3.64,2.99,3.14,3.15
22/09/2022 10:45 p. m.,Ordeño,07:55,16.86,3,,,,,0,,0.90,1.02,0.84,0.78,0,0,0,0,5.15,5.16,5.06,4.87,VMS 3,,Tanque,,1.20,1.38,1.20,1.20,4.54,3.81,4.41,4.10
23/09/2022 07:17 a. m.,Ordeño,07:47,16.18,1,,,,,0,,0.90,1.02,0.90,0.72,0,0,0,0,5.16,5.06,5.18,5.04,VMS 3,,Tanque,,1.26,1.50,1.26,1.20,4.38,3.60,4.33,3.87
23/09/2022 05:52 p. m.,Ordeño,09:15,19.39,2,,TD,,,0,,0.78,1.14,0.84,0.72,0,0,0,0,4.79,4.83,4.86,4.68,VMS 3,,Tanque,,1.26,1.56,1.26,1.20,5.13,4.75,5.04,4.47
24/09/2022 01:02 a. m.,Ordeño,07:01,14.64,1,,,,,0,,1.02,0.78,0.78,0.84,0,0,0,0,4.45,4.49,4.45,4.50,VMS 3,,Tanque,,1.44,1.14,1.26,1.32,3.88,3.44,3.75,3.57
24/09/2022 08:18 a. m.,Ordeño,06:53,13.36,2,,,,,0,,0.90,1.02,0.78,0.78,0,0,0,0,4.66,4.67,4.54,4.69,VMS 3,,Tanque,,1.32,1.62,1.26,1.14,3.59,3.07,3.28,3.42
24/09/2022 07:36 p. m.,Ordeño,08:59,20.90,3,,TD,,,0,,0.90,1.14,1.02,0.84,0,0,0,0,4.74,4.58,4.62,4.69,VMS 3,,Tanque,,1.56,1.56,1.68,1.20,5.89,5.11,5.87,4.03
25/09/2022 07:57 a. m.,Ordeño,08:46,22.08,1,,TD,,,0,,1.02,1.08,0.96,0.84,0,0,0,0,4.45,4.45,4.37,4.56,VMS 3,,Tanque,,1.44,1.50,1.38,1.38,6.07,4.80,5.76,5.45
25/09/2022 10:10 p. m.,Ordeño,10:03,25.50,2,,TD,,,0,,0.96,1.14,0.96,0.84,0,0,0,0,4.71,4.62,4.58,4.58,VMS 3,,Tanque,,1.50,1.50,1.32,1.38,6.67,5.99,6.62,6.22
26/09/2022 08:55 a. m.,Ordeño,07:59,18.38,1,,,,,0,,1.02,1.14,1.02,0.84,0,0,0,0,4.54,4.49,4.51,4.35,VMS 3,,Tanque,,1.38,1.56,1.38,1.32,4.82,4.27,4.47,4.82
26/09/2022 07:33 p. m.,Ordeño,09:04,20.37,2,,TD,,,0,,0.90,1.20,0.90,0.78,0,0,0,0,4.89,4.82,4.63,4.70,VMS 3,,Tanque,,1.38,1.62,1.38,1.20,5.28,4.83,5.25,5.01
27/09/2022 11:08 a. m.,Ordeño,09:18,26.08,1,,TD,,,0,,1.14,1.20,1.02,0.78,0,0,0,0,4.76,4.62,4.53,4.45,VMS 3,,Tanque,,1.62,1.86,1.56,1.32,7.16,6.37,6.79,5.76
28/09/2022 01:35 a. m.,Ordeño,09:52,23.78,1,,,,,0,,1.02,1.20,1.02,0.90,0,0,0,0,4.47,4.47,4.31,4.38,VMS 3,,Tanque,,1.32,1.68,1.50,1.44,5.58,5.61,6.11,6.48
28/09/2022 01:32 p. m.,Ordeño,08:24,22.03,2,,,,,0,,1.14,1.26,1.02,0.90,0,0,0,0,4.50,4.50,4.30,4.72,VMS 3,,Tanque,,1.50,1.56,1.38,1.44,5.97,4.86,5.95,5.25
29/09/2022 12:10 a. m.,Ordeño,08:12,19.24,1,,,,,0,,1.08,1.26,1.02,0.78,0,0,0,0,4.61,4.52,4.41,4.62,VMS 3,,Tanque,,1.50,1.68,1.50,1.14,5.19,4.43,5.09,4.53
29/09/2022 09:49 a. m.,Ordeño,07:53,17.38,2,,,,,0,,1.08,1.20,0.78,0.90,0,0,0,0,4.61,4.55,4.57,4.50,VMS 3,,Tanque,,1.68,1.74,1.32,1.50,4.55,4.15,4.15,4.53
29/09/2022 06:13 p. m.,Ordeño,07:55,15.72,3,,,,,0,,0.96,1.26,0.66,0.84,0,0,0,0,4.56,4.63,4.51,4.65,VMS 3,,Tanque,,1.32,1.68,1.08,1.50,4.31,3.64,3.67,4.10
30/09/2022 06:03 a. m.,Ordeño,10:06,22.84,1,,,,,0,,0.90,1.14,0.84,0.78,0,0,0,0,4.84,4.74,4.70,4.75,VMS 3,,Tanque,,1.26,1.62,1.38,1.20,5.93,5.55,5.74,5.62
30/09/2022 05:04 p. m.,Ordeño,08:24,21.65,2,,TD,,,0,,1.08,1.20,0.96,0.84,0,0,0,0,4.89,4.73,4.63,4.78,VMS 3,,Tanque,,1.38,1.62,1.32,1.44,5.80,5.06,5.56,5.23
01/10/2022 05:43 a. m.,Ordeño,12:21,22.26,1,,,,,0,,1.08,1.14,0.90,0.84,0,0,0,0,4.95,4.65,4.52,4.85,VMS 3,,Tanque,,1.50,1.56,1.44,1.32,6.15,4.55,5.82,5.74
01/10/2022 02:57 p. m.,Ordeño,12:53,17.64,2,,,,,0,,1.08,1.14,0.84,0.90,0,0,0,0,4.78,4.51,4.76,4.57,VMS 3,,Tanque,,1.50,2.16,1.32,1.38,4.86,4.19,4.33,4.26
02/10/2022 12:09 a. m.,Ordeño,10:21,17.21,1,,,,,0,,1.02,1.08,0.84,0.84,0,0,0,0,4.64,4.62,4.48,4.62,VMS 3,,Tanque,,1.38,1.50,1.38,1.26,4.52,3.77,4.70,4.22
02/10/2022 09:17 a. m.,Ordeño,07:44,18.39,2,,TD,,,0,,0.96,1.08,0.90,0.90,0,0,0,0,4.91,4.81,4.77,5.01,VMS 3,,Tanque,,1.38,1.50,1.44,1.38,4.68,4.31,4.57,4.83
02/10/2022 07:16 p. m.,Ordeño,08:31,20.54,3,,,,,0,,0.96,1.26,0.84,0.90,0,0,0,0,4.98,4.72,4.69,4.97,VMS 3,,Tanque,,1.32,1.74,1.32,1.32,5.54,4.83,5.03,5.14
03/10/2022 08:09 a. m.,Ordeño,09:18,25.20,1,,,,,0,,1.08,1.38,1.02,0.96,0,0,0,0,4.82,4.89,4.76,4.89,VMS 3,,Tanque,,1.50,1.92,1.50,1.32,6.88,5.63,6.58,6.11
03/10/2022 10:22 p. m.,Ordeño,09:31,25.05,2,,,,,0,,1.14,1.32,1.08,0.90,0,0,0,0,4.60,4.58,4.72,4.79,VMS 3,,Tanque,,1.56,1.74,3.72,1.32,6.54,5.16,7.13,6.22
04/10/2022 10:16 a. m.,Ordeño,08:18,21.52,1,,,,,0,,1.08,1.20,1.02,0.84,0,0,0,0,4.70,4.65,4.53,4.67,VMS 3,,Tanque,,1.56,1.68,1.50,1.32,5.49,5.40,5.40,5.23
05/10/2022 01:13 a. m.,Ordeño,10:40,24.89,1,,,,,0,,1.02,1.08,0.96,0.84,0,0,0,0,5.18,5.18,5.21,5.21,VMS 1,,Tanque,,1.44,1.56,1.38,1.32,6.32,5.39,6.99,6.19
05/10/2022 06:50 p. m.,Ordeño,13:44,28.60,2,,,,,0,,1.02,1.08,1.08,0.90,0,0,0,0,5.05,5.10,5.26,5.02,VMS 1,,Tanque,,1.44,1.56,1.74,1.32,6.82,5.87,8.47,7.44
06/10/2022 02:24 a. m.,Ordeño,07:31,14.09,1,,,,,0,,1.02,1.02,0.78,0.78,0,0,0,0,5.13,5.12,4.84,5.07,VMS 1,,Tanque,,1.44,1.44,1.26,1.14,3.74,3.10,3.81,3.44
06/10/2022 10:12 a. m.,Ordeño,06:20,12.90,2,,,,,0,,0.96,0.96,0.84,0.84,0,0,0,0,5.01,5.07,5.04,5.05,VMS 1,,Tanque,,1.32,1.38,1.32,1.20,3.22,2.98,3.35,3.35
07/10/2022 08:37 a. m.,Ordeño,11:18,28.30,1,,,,,0,,1.02,1.14,0.96,0.96,0,0,0,0,5.16,5.16,5.18,5.34,VMS 1,,Tanque,,1.68,1.62,1.44,1.44,7.80,5.79,7.67,7.04
07/10/2022 07:10 p. m.,Ordeño,07:28,15.82,2,,,,,0,,1.02,1.08,0.90,0.84,0,0,0,0,4.82,4.92,4.94,4.95,VMS 1,,Tanque,,1.38,1.56,1.26,1.32,4.45,3.50,3.96,3.91
08/10/2022 09:30 a. m.,Ordeño,10:33,28.02,1,,,,,0,,1.08,1.20,0.96,0.90,0,0,0,0,5.41,5.76,5.41,5.66,VMS 1,,Tanque,,1.44,1.56,1.26,1.38,7.67,5.67,7.46,7.22
08/10/2022 10:36 p. m.,Ordeño,10:07,25.00,2,,,,,0,,0.90,1.14,0.96,0.96,0,0,0,0,5.12,5.37,5.21,5.27,VMS 1,,Tanque,,1.26,1.50,1.32,1.38,6.72,5.27,6.65,6.36
09/10/2022 08:39 a. m.,Ordeño,08:50,19.41,1,,,,,0,,0.90,1.02,0.96,0.90,0,0,0,0,5.05,5.29,5.24,5.25,VMS 1,,Tanque,,1.32,1.50,1.32,1.32,5.24,4.08,5.10,4.99
09/10/2022 11:21 p. m.,Ordeño,09:56,26.94,2,,,,,0,,1.14,1.20,0.96,0.90,0,0,0,0,5.28,5.30,5.33,5.32,VMS 1,,Tanque,,1.56,1.62,1.44,1.32,7.21,6.06,6.82,6.85
10/10/2022 03:17 p. m.,Ordeño,11:46,27.75,1,,,,,0,,0.96,0.96,0.96,0.96,0,0,0,0,5.15,5.26,5.18,5.19,VMS 1,,Tanque,,1.38,1.44,1.38,1.44,6.90,6.07,7.30,7.48
11/10/2022 12:36 a. m.,Ordeño,12:54,8.54,1,,,"TI,TD","TI,TD",0,,0.78,0.84,0.00,0.00,0,0,0,0,4.78,4.79,0.00,0.00,VMS 1,,Tanque,,1.14,1.38,0.00,0.00,4.09,4.45,0.00,0.00
11/10/2022 08:31 a. m.,Ordeño,10:34,19.38,2,,,,,0,,1.02,1.14,0.78,0.96,0,0,0,0,5.13,5.38,5.05,5.41,VMS 1,,Tanque,,1.44,1.56,1.20,1.38,5.89,5.23,3.95,4.31
11/10/2022 06:30 p. m.,Ordeño,08:01,18.59,3,,,,,0,,0.96,1.14,0.90,0.90,0,0,0,0,4.94,5.13,5.03,5.20,VMS 1,,Tanque,,1.44,1.56,1.32,1.20,4.78,3.96,4.98,4.87
12/10/2022 09:18 a. m.,Ordeño,09:25,24.60,1,,,,,0,,1.08,1.20,0.96,0.96,0,0,0,0,5.15,5.09,5.18,5.28,VMS 1,,Tanque,,1.50,1.68,1.38,1.44,5.67,5.59,6.39,6.95
13/10/2022 04:51 p. m.,Ordeño,11:28,21.07,2,,,,,0,,1.14,1.14,1.02,0.90,0,0,0,0,5.28,5.34,5.21,5.47,VMS 1,,Tanque,,1.56,1.50,1.56,1.32,5.48,4.80,5.36,5.43
14/10/2022 04:43 a. m.,Ordeño,08:48,21.35,1,,,,,0,,1.08,1.14,0.96,0.90,0,0,0,0,4.99,5.15,5.12,5.18,VMS 1,,Tanque,,1.50,1.62,1.38,1.38,5.81,4.49,5.50,5.55
14/10/2022 07:17 p. m.,Ordeño,09:49,24.86,2,,,,,0,,1.14,1.20,0.96,0.96,0,0,0,0,5.11,4.94,5.20,5.12,VMS 1,,Tanque,,1.62,1.56,1.38,1.44,5.85,5.22,7.18,6.61
15/10/2022 03:53 a. m.,Ordeño,07:24,17.20,1,,,,,0,,1.20,1.08,0.96,0.90,0,0,0,0,5.24,5.36,5.31,5.33,VMS 1,,Tanque,,1.62,1.50,1.26,1.32,4.68,3.62,4.45,4.45
15/10/2022 02:08 p. m.,Ordeño,08:08,19.84,2,,,,,0,,1.02,1.14,0.90,0.90,0,0,0,0,5.45,5.42,5.16,5.47,VMS 1,,Tanque,,1.44,1.44,1.32,1.32,5.05,4.44,5.12,5.23
16/10/2022 03:06 a. m.,Ordeño,08:59,21.98,1,,,,,0,,1.02,1.14,1.02,0.90,0,0,0,0,5.12,5.09,5.04,5.12,VMS 1,,Tanque,,1.50,1.50,1.44,1.26,4.74,5.05,6.29,5.90
16/10/2022 01:39 p. m.,Ordeño,07:40,18.49,2,,,,,0,,1.02,1.20,1.02,0.90,0,0,0,0,5.13,5.14,4.97,5.19,VMS 1,,Tanque,,1.50,1.92,1.32,1.32,4.77,4.14,4.89,4.69
17/10/2022 03:50 a. m.,Ordeño,10:22,27.61,1,,,,,0,,1.08,1.14,0.90,0.90,0,0,0,0,5.30,5.22,5.11,4.94,VMS 1,,Tanque,,1.50,1.44,1.26,1.38,7.04,6.41,7.02,7.14
17/10/2022 05:25 p. m.,Ordeño,10:31,24.16,2,,,,,0,,1.02,1.14,1.02,0.96,0,0,0,0,5.07,5.07,4.96,5.07,VMS 1,,Tanque,,1.56,1.50,1.44,1.26,6.05,5.47,6.26,6.38
18/10/2022 06:01 a. m.,Ordeño,09:01,19.48,1,,,,,0,,1.02,1.14,0.90,0.84,0,0,0,0,4.82,5.01,4.86,4.88,VMS 1,,Tanque,,1.62,1.56,1.26,1.20,5.02,4.20,5.20,5.06
18/10/2022 07:35 p. m.,Ordeño,10:32,22.25,2,,,,,0,,1.02,0.96,0.96,0.84,0,0,0,0,5.20,4.86,5.21,5.24,VMS 1,,Tanque,,1.50,1.44,1.26,1.56,5.44,5.32,5.69,5.80
19/10/2022 06:06 a. m.,Ordeño,08:46,15.94,1,,,,,0,,0.96,1.08,0.90,0.84,0,0,0,0,4.83,4.73,4.77,4.84,VMS 1,,Tanque,,1.50,1.44,1.44,1.56,3.92,3.69,4.03,4.30
19/10/2022 03:20 p. m.,Ordeño,07:24,13.76,2,,,,,0,,0.96,1.02,0.78,0.84,0,0,0,0,4.68,4.57,4.61,4.69,VMS 1,,Tanque,,1.50,1.50,1.14,1.26,3.61,3.17,3.42,3.56
20/10/2022 02:13 a. m.,Ordeño,07:01,15.89,1,,,,,0,,1.14,1.02,0.90,0.90,0,0,0,0,4.70,4.78,4.80,4.89,VMS 1,,Tanque,,1.68,1.50,1.26,1.20,4.13,3.60,4.05,4.11
20/10/2022 09:44 p. m.,Ordeño,10:33,26.77,2,,,,,0,,1.14,1.14,1.02,0.96,0,0,0,0,5.81,5.98,5.86,6.07,VMS 1,,Tanque,,1.62,1.44,1.38,1.38,6.40,5.67,7.34,7.36
21/10/2022 06:49 a. m.,Ordeño,06:47,15.09,1,,,,,0,,1.14,1.02,0.90,0.84,0,0,0,0,5.18,5.05,5.00,5.01,VMS 1,,Tanque,,1.68,1.44,1.50,1.50,4.31,3.57,3.72,3.49
22/10/2022 01:02 a. m.,Ordeño,09:15,27.17,1,,,,,0,,1.20,1.20,1.08,0.96,0,0,0,0,5.30,5.43,5.26,5.51,VMS 1,,Tanque,,1.68,1.68,1.44,1.44,7.25,6.00,7.12,6.80
22/10/2022 11:00 a. m.,Ordeño,07:44,16.49,2,,,,,0,,1.08,1.08,1.02,0.90,0,0,0,0,5.12,5.01,4.90,5.07,VMS 1,,Tanque,,1.56,1.44,1.38,1.32,4.43,3.77,4.34,3.95
23/10/2022 03:00 a. m.,Ordeño,13:47,19.23,1,,,DD,DD,0,,1.14,0.00,0.96,0.90,0,0,0,0,5.40,0.00,5.37,5.42,VMS 1,,Tanque,,1.86,0.00,1.44,1.32,6.38,0.00,6.57,6.28
24/10/2022 01:17 p. m.,Ordeño,08:24,14.61,1,,,DD,,0,,1.26,0.84,0.90,0.90,0,0,0,0,4.85,5.04,5.05,4.89,VMS 1,,Tanque,,1.80,1.32,1.26,1.32,4.52,2.05,3.92,4.12
24/10/2022 06:27 p. m.,Ordeño,08:24,5.21,2,,,DD,,0,,0.78,0.66,0.48,0.66,0,0,0,0,4.72,5.10,4.74,5.00,VMS 1,,Tanque,,1.44,1.20,1.20,1.08,1.48,0.92,1.44,1.37
25/10/2022 09:55 a. m.,Ordeño,16:05,17.39,1,,,DD,DD,0,,1.26,0.00,1.02,0.84,0,0,0,0,5.22,0.00,5.20,5.39,VMS 1,,Tanque,,1.80,0.00,1.44,1.14,5.90,0.00,5.99,5.50
26/10/2022 12:00 a. m.,Ordeño,08:15,23.04,1,,TD,,,0,,1.14,1.20,1.02,0.96,0,0,0,0,5.12,5.44,5.12,5.15,VMS 1,,Tanque,,1.56,1.62,1.50,1.56,6.41,4.73,6.06,5.84
26/10/2022 08:16 a. m.,Ordeño,08:27,14.24,2,,,,,0,,1.02,1.02,0.90,0.90,0,0,0,0,4.90,4.94,4.92,4.94,VMS 1,,Tanque,,1.50,1.50,1.26,1.26,4.02,2.27,3.80,4.15
27/10/2022 12:07 a. m.,Ordeño,09:47,26.47,1,,,,,0,,1.20,1.20,1.02,0.96,0,0,0,0,5.42,5.82,5.49,5.51,VMS 1,,Tanque,,1.68,1.68,1.50,1.38,6.74,5.13,7.42,7.18
27/10/2022 09:08 a. m.,Ordeño,07:31,16.11,2,,,,,0,,1.08,1.14,0.96,0.84,0,0,0,0,5.43,5.58,5.33,5.29,VMS 1,,Tanque,,1.44,1.68,1.32,1.26,4.48,3.31,4.32,4.00
28/10/2022 01:18 a. m.,Ordeño,09:41,27.11,1,,,,,0,,1.08,1.20,1.14,1.02,0,0,0,0,5.44,5.52,5.47,5.41,VMS 1,,Tanque,,1.56,1.68,1.56,1.50,6.20,5.98,7.35,7.58
28/10/2022 11:58 a. m.,Ordeño,07:44,18.00,2,,,,,0,,0.96,1.20,0.96,1.02,0,0,0,0,4.78,5.21,5.08,5.03,VMS 1,,Tanque,,1.38,1.56,1.50,1.44,4.73,3.75,4.67,4.85
29/10/2022 12:58 a. m.,Ordeño,08:41,21.99,1,,,,,0,,1.20,1.32,1.02,0.84,0,0,0,0,4.87,5.21,4.99,4.97,VMS 1,,Tanque,,1.74,1.80,1.44,1.38,6.60,4.24,5.87,5.28
29/10/2022 01:14 p. m.,Ordeño,09:10,24.08,2,,,,,0,,1.14,1.26,1.08,0.96,0,0,0,0,5.17,5.28,5.21,5.05,VMS 1,,Tanque,,1.68,1.74,1.50,1.44,6.10,5.03,6.73,6.22
29/10/2022 11:35 p. m.,Ordeño,07:59,18.01,3,,,,,0,,1.20,1.14,0.96,0.90,0,0,0,0,4.87,4.91,4.80,4.85,VMS 1,,Tanque,,1.68,1.50,1.44,1.26,4.67,3.82,4.57,4.95
30/10/2022 11:37 a. m.,Ordeño,09:31,25.63,1,,,,,0,,1.32,1.14,1.08,0.96,0,0,0,0,5.14,5.21,5.25,5.09,VMS 1,,Tanque,,1.74,1.56,1.50,1.50,6.71,5.59,6.28,7.05
31/10/2022 02:11 a. m.,Ordeño,09:08,23.91,1,,,,,0,,1.14,1.14,1.08,0.96,0,0,0,0,4.83,4.96,4.83,4.95,VMS 1,,Tanque,,1.68,1.44,1.44,1.32,5.92,5.06,6.50,6.43
31/10/2022 03:33 p. m.,Ordeño,09:17,22.64,2,,DI,,,0,,1.20,1.14,1.08,1.02,0,0,0,0,5.03,5.10,5.04,5.00,VMS 1,,Tanque,,1.68,1.50,1.44,1.62,5.35,4.98,6.14,6.17
01/11/2022 02:29 a. m.,Ordeño,07:46,18.87,1,,TD,,,0,,1.08,1.14,1.08,0.96,0,0,0,0,4.85,4.92,4.85,4.95,VMS 1,,Tanque,,1.62,1.50,1.38,1.62,5.12,4.00,4.90,4.85
01/11/2022 03:21 p. m.,Ordeño,08:15,21.94,2,,TD,,,0,,1.08,1.32,1.08,0.96,0,0,0,0,4.90,5.01,4.98,5.08,VMS 1,,Tanque,,1.50,1.74,1.56,1.56,5.68,5.05,5.60,5.61
02/11/2022 02:23 a. m.,Ordeño,07:28,19.65,1,,,,,0,,1.08,1.32,0.96,1.02,0,0,0,0,4.79,4.94,4.94,5.09,VMS 1,,Tanque,,1.56,1.68,1.38,1.44,5.37,3.98,4.93,5.37
02/11/2022 11:45 a. m.,Ordeño,06:48,17.03,2,,,,,0,,1.08,1.14,1.02,0.90,0,0,0,0,5.28,4.80,4.93,4.75,VMS 1,,Tanque,,1.44,1.56,1.38,1.32,4.46,3.85,4.47,4.25
03/11/2022 03:02 a. m.,Ordeño,09:03,24.91,1,,,,,0,,1.20,1.20,1.02,1.02,0,0,0,0,5.35,5.39,5.27,5.57,VMS 1,,Tanque,,1.56,1.56,1.44,1.32,6.67,5.00,6.85,6.39
03/11/2022 05:51 p. m.,Ordeño,11:05,24.09,2,,,,,0,,1.26,1.26,1.02,0.96,0,0,0,0,5.05,5.11,4.88,5.06,VMS 1,,Tanque,,1.62,1.56,1.38,1.50,6.42,5.29,6.10,6.28
04/11/2022 03:05 a. m.,Ordeño,07:06,15.56,1,,,,,0,,1.14,1.08,1.02,0.90,402,0,0,0,4.84,4.79,4.83,4.83,VMS 1,,Tanque,,1.56,1.62,1.38,1.38,4.17,3.47,3.97,3.95
04/11/2022 03:13 p. m.,Ordeño,08:17,22.85,2,,TD,,,0,,1.14,1.14,1.02,0.96,0,329,0,0,5.09,5.16,5.24,5.34,VMS 1,,Tanque,,1.50,1.56,1.38,1.38,5.95,4.80,6.14,5.96
05/11/2022 01:37 a. m.,Ordeño,08:42,18.59,1,,,,,0,,0.90,1.20,0.90,0.96,0,0,0,0,4.66,4.96,4.77,4.97,VMS 1,,Tanque,,1.26,1.56,1.32,1.26,4.87,3.90,4.85,4.97
05/11/2022 11:28 a. m.,Ordeño,07:57,20.35,2,,,,,0,,1.02,1.14,1.02,0.96,0,0,0,0,5.08,5.10,5.28,5.37,VMS 1,,Tanque,,1.50,1.68,1.44,1.32,5.24,4.56,5.36,5.19
05/11/2022 11:41 p. m.,Ordeño,08:42,22.42,3,,,,,0,,1.20,1.14,0.96,1.02,0,0,0,0,5.02,5.02,4.58,5.08,VMS 1,,Tanque,,1.56,1.56,1.44,1.44,5.33,5.28,5.72,6.09
06/11/2022 07:59 a. m.,Ordeño,08:06,14.20,1,,TD,,,0,,0.96,1.14,1.08,0.96,0,0,0,0,4.76,4.92,4.82,5.00,VMS 1,,Tanque,,1.44,1.50,1.38,1.38,3.65,3.23,3.75,3.57
06/11/2022 11:12 p. m.,Ordeño,09:18,27.56,2,,,,,0,,1.08,1.20,1.14,1.08,0,0,0,0,5.09,5.20,5.28,5.40,VMS 1,,Tanque,,1.50,1.56,1.50,1.44,6.03,6.01,7.91,7.61
07/11/2022 09:57 a. m.,Ordeño,07:34,17.48,1,,,,,0,,1.14,1.20,1.08,0.96,0,0,0,0,4.69,4.83,4.95,4.89,VMS 1,,Tanque,,1.56,1.62,1.50,1.44,4.67,3.81,4.57,4.43
07/11/2022 05:01 p. m.,Ordeño,05:48,13.03,2,,,,,0,,1.02,1.20,1.08,0.96,0,0,0,0,4.96,5.12,5.06,5.15,VMS 1,,Tanque,,1.50,1.62,1.44,1.32,3.37,3.01,3.26,3.39
07/11/2022 11:32 p. m.,Ordeño,06:21,12.02,3,,,,,0,,1.02,1.14,0.96,0.90,0,0,0,0,4.93,4.91,4.98,4.96,VMS 1,,Tanque,,1.38,1.50,1.38,1.38,3.07,2.69,3.12,3.14
08/11/2022 08:18 a. m.,Ordeño,08:01,19.75,1,,,,,0,,1.20,1.20,1.02,0.96,0,0,0,0,5.26,5.31,5.24,5.43,VMS 1,,Tanque,,1.50,1.62,1.44,1.32,5.01,4.26,5.23,5.25
08/11/2022 02:09 p. m.,Ordeño,06:21,10.66,2,,,,,0,,1.02,1.02,1.02,0.84,0,0,0,0,5.05,5.02,5.13,5.17,VMS 1,,Tanque,,1.44,1.44,1.38,1.44,2.72,2.27,2.72,2.95
08/11/2022 10:46 p. m.,Ordeño,06:48,15.94,3,,,,,0,,1.02,1.14,0.90,1.02,0,0,0,0,4.79,4.78,4.96,4.90,VMS 1,,Tanque,,1.44,1.50,1.32,1.50,4.06,3.56,4.06,4.26
09/11/2022 09:26 a. m.,Ordeño,11:24,19.26,1,,,,,0,,1.20,1.20,1.02,0.90,0,0,0,0,4.85,4.95,4.91,4.79,VMS 1,,Tanque,,1.56,1.62,1.38,1.32,5.24,4.34,5.06,4.62
09/11/2022 05:13 p. m.,Ordeño,06:53,14.65,2,,,,,0,,1.08,1.08,0.96,0.84,0,0,0,0,4.81,4.73,4.88,4.88,VMS 1,,Tanque,,1.38,1.44,1.38,1.26,3.77,3.18,3.78,3.92
10/11/2022 02:19 a. m.,Ordeño,07:41,18.70,1,,,,,0,,1.08,1.14,1.08,0.90,0,0,0,0,5.19,5.21,5.12,5.19,VMS 1,,Tanque,,1.44,1.56,1.44,1.32,4.78,3.90,4.95,5.07
10/11/2022 11:45 a. m.,Ordeño,08:35,18.77,2,,,,,0,,1.08,1.14,0.84,1.02,0,328,0,0,4.97,4.94,5.00,4.99,VMS 1,,Tanque,,1.56,1.62,1.50,1.38,4.99,3.90,5.01,4.87
11/11/2022 12:25 a. m.,Ordeño,10:17,24.78,1,,,,,0,,1.02,1.02,0.90,0.84,0,0,0,0,5.04,5.23,5.07,5.16,VMS 1,,Tanque,,1.44,1.44,1.20,1.26,6.65,5.13,6.45,6.55
11/11/2022 10:29 a. m.,Ordeño,09:20,16.76,2,,,,,0,,1.02,1.02,0.96,0.78,0,0,0,0,4.85,4.89,4.82,4.80,VMS 1,,Tanque,,1.38,1.50,1.38,1.26,4.46,3.53,4.25,4.52
11/11/2022 07:17 p. m.,Ordeño,07:56,16.83,3,,,,,0,,1.08,0.96,1.08,0.84,0,0,0,0,5.06,4.89,4.97,4.85,VMS 1,,Tanque,,1.44,1.50,1.38,1.26,4.27,3.77,4.42,4.37
12/11/2022 06:18 a. m.,Ordeño,07:58,20.98,1,,,,,0,,1.08,1.08,1.02,0.96,0,0,0,0,4.91,4.84,4.92,4.89,VMS 1,,Tanque,,1.44,1.50,1.38,1.44,5.54,4.73,5.28,5.43
12/11/2022 02:20 p. m.,Ordeño,08:23,15.40,2,,,,,0,,0.90,1.02,0.66,0.84,0,381,0,0,4.72,4.77,4.23,4.71,VMS 1,,Tanque,,1.26,1.56,1.08,1.38,3.99,3.36,3.72,4.33
12/11/2022 07:34 p. m.,Ordeño,05:41,10.28,3,,,,,0,,0.84,0.90,0.84,0.84,0,484,0,0,4.72,4.66,4.74,4.77,VMS 1,,Tanque,,1.20,1.38,1.20,1.26,2.53,2.29,2.71,2.75
13/11/2022 07:08 a. m.,Ordeño,09:45,22.81,1,,,,,0,,1.02,1.14,0.90,0.84,0,0,0,331,5.29,5.16,5.06,5.05,VMS 1,,Tanque,,1.38,1.50,1.50,1.32,6.04,4.98,5.92,5.87
13/11/2022 02:48 p. m.,Ordeño,06:28,11.80,2,,,,,0,,0.90,1.02,0.84,0.84,0,0,0,0,4.84,4.95,5.01,4.83,VMS 1,,Tanque,,1.32,1.44,1.20,1.26,3.06,2.55,3.11,3.08
13/11/2022 10:05 p. m.,Ordeño,07:43,14.19,3,,,,,0,,0.90,1.08,0.96,0.90,0,0,0,0,4.98,5.05,4.95,4.85,VMS 1,,Tanque,,1.26,1.44,1.38,1.38,3.53,3.11,3.73,3.82
14/11/2022 07:05 a. m.,Ordeño,08:51,19.00,1,,,,,0,,0.96,1.14,0.90,0.84,0,0,0,0,4.96,5.15,5.15,5.10,VMS 1,,Tanque,,1.38,1.56,1.32,1.44,4.98,4.10,4.91,5.01
14/11/2022 04:08 p. m.,Ordeño,08:05,18.60,2,,,,,0,,0.96,1.14,0.96,0.90,0,0,0,0,4.95,5.14,5.15,5.20,VMS 1,,Tanque,,1.38,1.56,1.44,1.26,4.86,4.07,4.84,4.83
15/11/2022 03:51 a. m.,Ordeño,09:11,21.69,1,,TD,,,0,,1.08,1.02,1.08,0.90,0,0,0,0,5.02,4.99,5.06,4.97,VMS 1,,Tanque,,1.50,1.38,1.44,1.32,5.28,5.02,6.06,5.33
15/11/2022 02:45 p. m.,Ordeño,08:54,21.85,2,,,,,0,,1.08,1.14,1.02,0.96,0,0,0,0,5.12,4.95,5.02,5.20,VMS 1,,Tanque,,1.50,1.44,1.38,1.38,5.49,4.76,5.59,6.01
16/11/2022 12:28 a. m.,Ordeño,07:27,7.91,1,,,"DI,DD","DI,DD",0,,0.00,0.00,0.96,0.90,0,0,0,0,0.00,0.00,4.78,4.95,VMS 1,,Tanque,,0.00,0.00,1.38,1.38,0.00,0.00,3.96,3.95
16/11/2022 02:10 p. m.,Ordeño,09:26,26.67,2,,,,,0,,1.20,1.26,1.02,0.90,0,0,0,0,5.63,5.71,5.16,5.15,VMS 1,,Tanque,,1.62,1.74,1.38,1.32,7.79,6.31,6.50,6.07
17/11/2022 12:04 a. m.,Ordeño,07:06,14.57,1,,,,,0,,1.02,1.02,1.08,0.90,0,0,0,0,4.99,4.89,4.77,4.71,VMS 1,,Tanque,,1.38,1.56,1.44,1.44,3.65,3.08,4.00,3.84
17/11/2022 07:46 a. m.,Ordeño,06:34,13.79,2,,,,,0,,1.02,1.08,0.96,0.90,0,0,0,0,5.11,5.01,4.99,5.06,VMS 1,,Tanque,,1.44,1.50,1.38,1.32,3.35,2.95,3.61,3.88
17/11/2022 05:26 p. m.,Ordeño,06:39,14.87,3,,,,,0,,1.02,1.08,0.96,0.90,0,0,0,0,5.16,5.24,5.04,5.13,VMS 1,,Tanque,,1.38,1.50,1.26,1.20,3.87,3.35,3.73,3.92
18/11/2022 03:11 a. m.,Ordeño,08:00,18.22,1,,,,,0,,1.14,1.08,1.02,0.90,0,0,0,0,5.04,5.12,5.05,5.03,VMS 1,,Tanque,,1.56,1.50,1.38,1.32,4.72,3.77,5.03,4.70
18/11/2022 08:30 a. m.,Ordeño,06:25,9.65,2,,,,,0,,0.90,0.96,0.90,0.78,0,0,0,0,4.96,4.82,4.86,4.85,VMS 1,,Tanque,,1.32,1.68,1.20,1.20,2.54,2.20,2.39,2.52
18/11/2022 04:39 p. m.,Ordeño,06:25,13.29,3,,,,,0,,0.96,1.14,1.02,0.90,0,0,0,0,4.75,4.69,4.82,4.84,VMS 1,,Tanque,,1.32,1.50,1.38,1.32,3.30,2.92,3.61,3.46
19/11/2022 03:33 a. m.,Ordeño,08:41,20.11,1,,,,,0,,1.02,1.08,1.02,0.84,0,0,0,0,4.82,4.96,5.02,5.04,VMS 1,,Tanque,,1.44,1.50,1.38,1.26,5.10,4.17,5.60,5.24
19/11/2022 12:55 p. m.,Ordeño,07:18,18.46,2,,,,,0,,1.14,1.08,0.90,0.84,0,0,0,0,5.10,4.83,4.94,4.96,VMS 1,,Tanque,,1.56,1.50,1.50,1.26,4.77,4.36,4.68,4.65
19/11/2022 09:18 p. m.,Ordeño,06:54,15.90,3,,,,,0,,1.14,1.26,1.08,0.96,0,0,0,0,4.87,4.89,4.78,4.96,VMS 1,,Tanque,,1.68,1.68,1.50,1.44,4.13,3.35,4.31,4.11
20/11/2022 11:31 a. m.,Ordeño,10:49,29.29,1,,,,,0,,1.02,1.26,1.08,0.90,0,0,0,0,4.99,5.03,5.02,5.06,VMS 1,,Tanque,,1.56,1.56,1.50,1.26,7.78,6.05,8.09,7.37
20/11/2022 10:10 p. m.,Ordeño,09:29,20.23,2,,,,,0,,1.08,1.14,0.84,0.90,0,0,0,0,4.95,4.76,4.80,4.86,VMS 1,,Tanque,,1.50,1.62,1.20,1.32,5.24,4.43,5.10,5.46
21/11/2022 03:21 a. m.,Ordeño,05:38,9.50,1,,,,,0,,0.96,0.96,0.90,0.72,0,0,0,0,4.87,4.62,4.84,4.37,VMS 1,,Tanque,,1.44,1.38,1.32,1.14,2.54,2.24,2.51,2.21
21/11/2022 07:19 p. m.,Ordeño,11:04,29.39,2,,,,,0,,1.02,1.02,1.02,0.90,0,0,0,0,5.33,5.20,5.46,5.32,VMS 1,,Tanque,,1.44,1.50,1.38,1.38,7.56,6.22,7.90,7.71
22/11/2022 06:49 a. m.,Ordeño,08:48,19.70,1,,,,,0,,1.08,1.08,1.02,0.84,0,0,0,0,4.78,4.61,4.81,4.82,VMS 1,,Tanque,,1.44,1.50,1.44,1.32,5.44,4.24,4.99,5.03
22/11/2022 04:17 p. m.,Ordeño,08:24,17.84,2,,,,,0,,1.14,1.14,1.02,0.96,0,0,0,0,4.94,4.95,4.93,5.22,VMS 1,,Tanque,,1.62,1.56,1.26,1.38,4.80,3.97,4.56,4.51
23/11/2022 12:54 a. m.,Ordeño,07:58,18.67,1,,,,,0,,1.02,1.14,0.96,0.84,0,0,0,0,4.91,4.85,4.93,5.00,VMS 1,,Tanque,,1.38,1.62,1.26,1.32,4.94,3.94,5.08,4.71
23/11/2022 11:53 a. m.,Ordeño,08:59,22.78,2,,,,,0,,1.02,1.14,0.96,1.02,0,0,0,0,5.11,5.11,5.06,5.09,VMS 1,,Tanque,,1.56,1.62,1.44,1.44,5.75,5.23,5.83,5.97
23/11/2022 09:30 p. m.,Ordeño,08:15,18.72,3,,,,,0,,0.96,1.20,1.02,0.96,0,0,0,0,4.91,4.92,4.94,5.06,VMS 1,,Tanque,,1.38,1.62,1.38,1.44,5.08,3.70,4.98,4.96
24/11/2022 07:08 a. m.,Ordeño,07:10,17.70,1,,,,,0,,1.08,1.08,1.02,0.84,0,0,0,0,4.85,4.87,4.84,4.80,VMS 1,,Tanque,,1.50,1.44,1.44,1.26,4.78,3.95,4.57,4.40
24/11/2022 02:34 p. m.,Ordeño,06:24,13.71,2,,,,,0,,1.14,1.08,1.08,0.84,0,0,0,0,4.89,4.79,4.91,4.64,VMS 1,,Tanque,,1.50,1.44,1.62,1.32,3.49,3.05,3.47,3.70
25/11/2022 12:41 a. m.,Ordeño,08:25,17.38,1,,,,,0,,1.14,1.14,1.02,0.90,0,0,0,0,4.67,4.66,4.79,4.71,VMS 1,,Tanque,,1.62,1.56,1.38,1.26,4.33,3.99,4.28,4.78
25/11/2022 02:02 p. m.,Ordeño,09:22,25.15,2,,,,,0,,1.08,1.20,1.02,0.96,0,0,0,0,5.15,5.14,5.13,5.15,VMS 1,,Tanque,,1.50,1.62,1.32,1.26,6.58,5.54,6.72,6.31
26/11/2022 03:14 a. m.,Ordeño,10:08,21.72,1,,,,,0,,1.02,1.20,1.08,0.96,0,0,0,0,4.94,4.97,4.91,4.94,VMS 1,,Tanque,,1.44,1.56,1.38,1.32,5.71,4.90,5.70,5.41
26/11/2022 03:05 p. m.,Ordeño,09:20,18.79,2,,,,,0,,1.02,1.14,1.02,0.90,0,0,0,0,5.09,5.18,5.10,5.01,VMS 1,,Tanque,,1.44,1.50,1.38,1.56,4.91,4.09,4.89,4.90
26/11/2022 11:47 p. m.,Ordeño,08:28,13.12,3,,,,,0,,0.90,0.96,1.02,1.08,0,0,0,0,4.83,4.78,4.83,4.65,VMS 1,,Tanque,,1.26,1.44,1.44,1.44,3.38,3.49,3.29,2.96
27/11/2022 10:06 a. m.,Ordeño,08:17,17.22,1,,,,,0,,0.96,1.26,1.08,0.96,0,0,0,0,4.88,5.03,5.00,5.05,VMS 1,,Tanque,,1.38,1.68,1.44,1.38,4.62,3.84,4.44,4.32
27/11/2022 05:41 p. m.,Ordeño,07:13,10.11,2,,,,,0,,0.78,1.14,0.90,0.84,0,0,0,0,4.68,4.77,4.79,4.59,VMS 1,,Tanque,,1.26,1.50,1.20,1.38,2.62,2.26,2.49,2.74
28/11/2022 01:52 a. m.,Ordeño,06:45,14.66,1,,,,,0,,0.96,1.08,0.96,0.90,0,0,0,0,5.02,5.17,5.14,5.10,VMS 1,,Tanque,,1.32,1.44,1.26,1.44,3.79,3.09,3.90,3.88
28/11/2022 07:16 p. m.,Ordeño,10:40,25.89,2,,,,,0,,0.96,1.14,0.90,0.84,0,0,0,0,5.53,5.48,5.41,5.42,VMS 1,,Tanque,,1.38,1.50,1.26,1.32,6.56,5.75,6.84,6.74
29/11/2022 09:17 a. m.,Ordeño,08:22,22.80,1,,TD,,,0,,0.96,1.14,1.08,0.96,0,0,0,0,5.11,5.23,5.16,5.21,VMS 1,,Tanque,,1.32,1.44,1.56,1.50,5.44,5.37,6.08,5.91
29/11/2022 03:40 p. m.,Ordeño,07:25,10.79,2,,,,,0,,1.02,1.02,0.96,0.78,0,0,0,0,5.18,5.10,5.16,4.99,VMS 1,,Tanque,,1.44,1.50,1.32,1.50,2.84,2.43,2.76,2.76
30/11/2022 01:27 a. m.,Ordeño,09:49,17.52,1,,,,,0,,1.02,1.14,1.02,0.84,0,0,0,0,4.99,4.99,5.05,5.07,VMS 1,,Tanque,,1.38,1.50,1.44,1.26,4.41,3.95,4.51,4.65
30/11/2022 02:23 p. m.,Ordeño,09:46,22.48,2,,,,,0,,0.96,1.20,1.02,0.96,0,0,0,0,5.00,5.26,5.14,5.17,VMS 1,,Tanque,,1.26,1.50,1.38,1.38,5.90,4.63,5.94,6.01
30/11/2022 10:37 p. m.,Ordeño,09:20,11.77,3,,DI,,,0,,1.02,1.08,0.90,0.90,0,0,0,0,4.69,4.73,4.88,4.80,VMS 1,,Tanque,,1.38,1.68,1.38,1.32,3.18,2.69,3.07,2.83
01/12/2022 09:12 a. m.,Ordeño,07:18,18.42,1,,,,,0,,1.02,1.20,1.02,0.96,0,0,0,0,5.06,5.18,5.14,5.06,VMS 1,,Tanque,,1.44,1.62,1.44,1.38,4.84,4.01,4.81,4.76
01/12/2022 03:00 p. m.,Ordeño,05:36,9.24,2,,,,,0,,0.90,1.02,0.78,0.84,0,0,0,0,4.85,4.70,4.87,4.81,VMS 1,,Tanque,,1.26,1.38,1.20,1.26,2.42,2.17,2.34,2.31
01/12/2022 09:43 p. m.,Ordeño,10:05,11.63,3,,,,,0,,1.02,1.08,0.90,0.96,0,0,0,0,4.72,4.72,4.85,4.80,VMS 1,,Tanque,,1.62,1.62,1.44,1.38,3.01,2.45,3.09,3.08
02/12/2022 04:05 a. m.,Ordeño,05:41,11.47,1,,,,,0,,1.02,1.02,0.90,0.84,0,0,0,0,5.19,5.18,5.05,5.16,VMS 1,,Tanque,,1.38,1.44,1.26,1.32,2.88,2.61,3.04,2.94
02/12/2022 02:33 p. m.,Ordeño,07:02,17.03,2,,,,,0,,1.02,1.14,0.96,1.02,0,0,0,0,5.05,5.10,5.09,5.13,VMS 1,,Tanque,,1.38,1.50,1.32,1.44,4.24,3.93,4.28,4.58
02/12/2022 11:56 p. m.,Ordeño,06:38,12.41,1,,,,,0,,0.90,1.08,0.90,0.90,0,0,0,0,4.85,5.09,4.84,4.85,VMS 1,,Tanque,,1.32,1.50,1.20,1.32,3.30,2.69,3.09,3.33
03/12/2022 09:56 a. m.,Ordeño,07:20,15.47,2,,,,,0,,0.96,1.14,0.96,0.96,0,0,0,0,5.05,5.06,5.13,5.20,VMS 1,,Tanque,,1.32,1.50,1.44,1.38,4.00,3.37,4.03,4.07
03/12/2022 05:21 p. m.,Ordeño,07:01,10.92,3,,,,,0,,0.84,1.08,0.90,0.84,0,0,0,0,4.88,4.85,4.84,4.80,VMS 1,,Tanque,,1.26,1.68,1.26,1.20,2.86,2.62,2.83,2.61
04/12/2022 01:44 a. m.,Ordeño,06:04,12.99,1,,,,,0,,1.08,1.02,1.02,0.84,0,0,0,0,4.72,4.74,4.77,4.67,VMS 1,,Tanque,,1.44,1.38,1.44,1.38,3.37,3.02,3.40,3.20
04/12/2022 09:44 a. m.,Ordeño,08:56,14.33,2,,,,,0,,0.90,1.02,0.96,0.90,0,0,0,0,4.99,5.25,5.18,5.28,VMS 1,,Tanque,,1.38,1.50,1.26,1.32,3.67,3.04,3.68,3.94
04/12/2022 05:31 p. m.,Ordeño,07:28,12.77,3,,,,,0,,0.84,1.08,0.90,0.90,0,0,0,0,5.20,5.25,5.31,5.20,VMS 1,,Tanque,,1.32,1.44,1.32,1.32,3.42,2.96,3.28,3.11
05/12/2022 01:52 a. m.,Ordeño,08:40,15.07,1,,,,,0,,0.96,1.20,0.96,0.96,0,0,0,0,4.99,5.27,5.23,5.21,VMS 1,,Tanque,,1.32,1.56,1.38,1.56,3.93,3.19,3.91,4.04
05/12/2022 11:13 a. m.,Ordeño,07:01,15.04,2,,,,,0,,0.96,1.20,0.96,0.90,0,0,0,0,5.21,5.18,5.24,5.20,VMS 1,,Tanque,,1.44,1.62,1.38,1.32,3.99,3.44,3.84,3.77
05/12/2022 06:14 p. m.,Ordeño,06:34,8.81,3,,,,,0,,0.78,0.96,0.78,0.78,0,0,0,0,4.86,4.87,4.84,4.79,VMS 1,,Tanque,,1.26,1.38,1.14,1.26,2.25,2.04,2.26,2.26
06/12/2022 02:40 a. m.,Ordeño,06:58,14.40,1,,,,,0,,0.96,1.08,0.90,0.84,0,0,0,0,5.06,5.13,5.11,5.08,VMS 1,,Tanque,,1.32,1.44,1.32,1.26,3.76,3.21,3.83,3.60
06/12/2022 05:40 p. m.,Ordeño,08:56,22.08,2,,,,,0,,1.08,1.20,0.96,0.90,0,0,0,0,5.38,5.45,5.48,5.34,VMS 1,,Tanque,,1.50,1.62,1.38,1.32,5.89,4.89,5.70,5.60
07/12/2022 03:09 a. m.,Ordeño,08:37,11.53,1,,,,,0,,0.84,0.96,0.72,0.84,0,0,0,0,4.75,4.77,4.82,4.77,VMS 1,,Tanque,,1.20,1.32,1.14,1.38,3.20,2.70,2.86,2.77
07/12/2022 05:10 p. m.,Ordeño,09:25,24.67,2,,,,,0,,1.08,1.20,0.96,0.96,0,0,0,0,5.19,5.38,5.38,5.29,VMS 1,,Tanque,,1.38,1.68,1.32,1.44,6.50,5.61,6.06,6.50
08/12/2022 03:37 a. m.,Ordeño,07:01,15.91,1,,,,,0,,1.08,1.14,0.96,0.96,0,0,0,0,4.62,4.80,4.73,4.68,VMS 1,,Tanque,,1.38,1.62,1.38,1.38,4.47,3.56,3.92,3.96
08/12/2022 04:42 p. m.,Ordeño,08:02,20.66,2,,,,,0,,1.02,1.08,1.02,0.96,0,0,0,0,5.07,5.21,5.19,5.30,VMS 1,,Tanque,,1.32,1.44,1.50,1.50,5.41,4.82,5.17,5.26
09/12/2022 02:09 a. m.,Ordeño,05:53,13.42,1,,,,,0,,1.08,1.14,1.02,1.02,0,0,0,0,4.73,4.93,4.87,4.97,VMS 1,,Tanque,,1.50,1.62,1.38,1.38,3.53,2.90,3.45,3.54
09/12/2022 01:13 p. m.,Ordeño,06:43,18.47,2,,TD,,,0,,1.26,1.14,1.02,0.96,0,0,0,0,5.22,5.25,5.32,5.25,VMS 1,,Tanque,,1.68,1.56,1.32,1.44,4.87,4.44,4.60,4.56
09/12/2022 09:32 p. m.,Ordeño,06:34,14.85,3,,,,,0,,1.14,1.14,1.02,0.96,0,0,0,0,5.09,5.20,5.11,5.24,VMS 1,,Tanque,,1.50,1.50,1.56,1.38,3.81,3.24,3.82,3.98
10/12/2022 06:54 a. m.,Ordeño,07:05,17.66,1,,,,,0,,1.14,1.26,1.08,1.02,0,0,0,0,5.03,5.20,4.96,5.24,VMS 1,,Tanque,,1.62,1.62,1.56,1.56,4.79,3.91,4.47,4.49
10/12/2022 05:12 p. m.,Ordeño,07:08,18.36,2,,,,,0,,1.14,1.26,1.08,1.02,0,0,0,0,5.11,5.20,5.24,5.22,VMS 1,,Tanque,,1.44,1.56,1.50,1.44,4.97,3.96,4.78,4.65
10/12/2022 10:09 p. m.,Ordeño,05:06,7.83,3,,,,,0,,0.84,1.14,0.84,0.78,0,0,0,0,4.83,4.94,4.74,4.65,VMS 1,,Tanque,,1.20,1.56,1.20,1.26,2.23,1.96,1.84,1.80
11/12/2022 11:15 a. m.,Ordeño,09:36,22.89,1,,,,,0,,1.26,1.20,1.08,0.96,0,0,0,0,5.08,5.09,5.32,5.07,VMS 1,,Tanque,,1.56,1.50,1.50,1.44,5.59,5.05,5.97,6.28
11/12/2022 05:23 p. m.,Ordeño,05:33,8.36,2,,,,,0,,1.02,1.02,0.78,0.78,0,0,0,0,4.94,4.73,5.01,4.62,VMS 1,,Tanque,,1.38,1.44,1.26,1.26,2.27,2.00,1.91,2.18
12/12/2022 01:49 a. m.,Ordeño,06:43,14.60,1,,TD,,,0,,1.08,1.14,1.02,0.90,0,0,0,0,4.75,4.88,4.86,4.73,VMS 1,,Tanque,,1.56,1.74,1.68,1.50,3.89,3.43,3.59,3.69
12/12/2022 10:47 a. m.,Ordeño,06:51,16.49,2,,,,,0,,1.02,1.14,0.96,0.96,0,0,0,0,4.96,5.22,5.13,5.06,VMS 1,,Tanque,,1.38,1.56,1.32,1.44,4.33,3.68,4.08,4.40
12/12/2022 05:44 p. m.,Ordeño,05:57,11.23,3,,,,,0,,0.90,1.08,0.90,0.84,0,0,0,0,4.82,5.01,5.01,4.86,VMS 1,,Tanque,,1.32,1.56,1.32,1.26,2.95,2.60,2.83,2.85
13/12/2022 12:49 a. m.,Ordeño,05:47,11.56,1,,,,,0,,1.02,1.14,0.96,0.84,0,0,0,0,4.72,4.78,4.76,4.84,VMS 1,,Tanque,,1.50,1.50,1.44,1.26,3.04,2.56,2.93,3.03
13/12/2022 01:47 p. m.,Ordeño,08:03,20.04,2,,TD,,,0,,1.14,1.14,1.02,0.90,0,0,0,0,5.27,5.20,5.27,5.29,VMS 1,,Tanque,,1.56,1.62,1.38,1.38,5.43,4.36,5.28,4.97
14/12/2022 02:10 a. m.,Ordeño,08:29,20.26,1,,TD,,,0,,1.08,1.20,1.02,0.96,0,0,0,0,4.90,4.96,5.01,4.97,VMS 1,,Tanque,,1.50,1.62,1.38,1.44,5.71,4.56,4.97,5.02
14/12/2022 04:14 p. m.,Ordeño,09:10,15.90,2,,,TD,TD,0,,1.14,1.14,1.08,0.00,0,0,0,0,5.39,5.20,5.31,0.00,VMS 1,,Tanque,,1.62,1.56,1.50,0.00,4.69,5.30,5.91,0.00
15/12/2022 01:40 a. m.,Ordeño,07:55,16.67,1,,,,,0,,1.02,1.20,0.90,0.96,0,0,0,0,4.90,4.96,4.67,5.44,VMS 1,,Tanque,,1.50,1.62,1.32,1.38,3.85,3.44,3.78,5.60
15/12/2022 02:02 p. m.,Ordeño,06:54,17.00,2,,,,,0,,1.14,1.08,1.14,0.84,0,0,0,0,5.09,4.99,5.14,5.15,VMS 1,,Tanque,,1.50,1.38,1.50,1.26,4.53,4.36,4.79,3.32
15/12/2022 09:15 p. m.,Ordeño,06:05,8.13,3,,,,,0,,0.90,1.02,0.84,0.78,0,0,0,0,4.76,4.85,4.78,4.50,VMS 1,,Tanque,,1.26,1.44,1.26,1.50,2.19,1.88,2.05,2.01
16/12/2022 06:03 a. m.,Ordeño,06:54,14.21,1,,,,,0,,0.96,1.02,0.90,0.90,0,0,0,0,4.69,4.32,4.53,4.49,VMS 1,,Tanque,,1.50,1.44,1.32,1.32,3.87,3.32,3.48,3.54
16/12/2022 03:17 p. m.,Ordeño,06:41,14.24,2,,,,,0,,1.02,1.20,1.02,0.90,0,0,0,0,5.07,4.94,5.15,5.27,VMS 1,,Tanque,,1.44,1.68,1.38,1.26,3.65,3.15,3.88,3.56
17/12/2022 04:18 a. m.,Ordeño,15:17,16.29,1,,,DI,DI,0,,0.00,1.08,0.96,0.96,0,0,0,0,0.00,4.76,4.83,4.80,VMS 1,,Tanque,,0.00,1.44,1.38,1.38,0.00,5.07,5.77,5.45
17/12/2022 02:40 p. m.,Ordeño,08:44,17.99,2,,,,,0,,1.32,1.14,0.90,0.90,0,0,0,0,5.50,5.05,4.96,5.00,VMS 1,,Tanque,,1.74,1.56,1.50,1.32,6.82,3.35,3.62,4.20
18/12/2022 12:53 a. m.,Ordeño,06:41,10.78,1,,,,,0,,0.90,1.02,0.84,0.84,0,0,0,0,4.82,4.93,4.85,4.63,VMS 1,,Tanque,,1.26,1.38,1.32,1.26,2.75,2.55,2.61,2.87
18/12/2022 11:19 a. m.,Ordeño,06:59,15.39,2,,,,,0,,1.14,1.26,1.08,0.96,0,0,0,0,5.40,5.37,5.33,5.27,VMS 1,,Tanque,,1.50,1.68,1.68,1.56,4.27,3.34,3.93,3.85
18/12/2022 05:52 p. m.,Ordeño,05:56,8.47,3,,,,,0,,0.90,1.02,0.78,0.72,0,0,0,0,5.18,5.09,5.14,5.02,VMS 1,,Tanque,,1.32,1.44,1.26,1.14,2.50,2.04,1.93,2.00
19/12/2022 03:29 a. m.,Ordeño,09:21,15.43,1,,,,,0,,1.20,1.14,1.02,0.96,0,0,0,0,5.11,5.16,5.18,5.19,VMS 1,,Tanque,,1.56,1.50,1.38,1.74,3.91,3.33,4.00,4.19
19/12/2022 11:22 a. m.,Ordeño,06:52,11.87,2,,,,,0,,1.26,1.08,1.14,0.90,0,0,0,0,5.08,5.18,5.28,5.16,VMS 1,,Tanque,,1.68,1.38,1.50,1.26,3.15,2.85,2.97,2.90
19/12/2022 07:02 p. m.,Ordeño,08:35,8.06,3,,,,,0,,0.90,0.84,0.72,0.72,0,0,0,0,4.98,4.66,4.67,4.39,VMS 1,,Tanque,,1.38,1.32,1.26,1.20,2.14,1.88,1.90,2.14
20/12/2022 02:32 p. m.,Ordeño,08:19,23.77,1,,TD,,,0,,1.20,1.26,1.08,0.90,0,0,0,0,5.47,5.62,5.62,5.39,VMS 1,,Tanque,,1.74,1.62,1.50,1.56,6.60,5.60,6.20,5.37
21/12/2022 07:37 a. m.,Ordeño,07:48,8.22,2,,,,,0,,0.84,0.96,0.84,0.78,0,0,0,0,4.93,4.73,4.84,4.85,VMS 1,,Tanque,,1.32,1.50,1.26,1.20,2.37,1.99,1.94,1.92
21/12/2022 03:55 p. m.,Ordeño,05:55,11.74,3,,,,,0,,1.02,1.14,0.96,0.84,0,0,0,0,5.28,5.32,5.27,4.97,VMS 1,,Tanque,,1.50,1.56,1.32,1.20,3.13,2.82,3.10,2.69
21/12/2022 11:23 p. m.,Ordeño,08:02,11.71,4,,,,,0,,0.90,1.08,0.90,0.84,0,0,0,0,5.14,5.20,5.13,5.10,VMS 1,,Tanque,,1.26,1.44,1.26,1.26,3.06,2.60,2.98,3.07
22/12/2022 10:40 a. m.,Ordeño,08:38,16.57,1,,,,,0,,1.02,1.14,0.90,0.96,0,0,0,0,5.20,5.15,5.16,5.12,VMS 1,,Tanque,,1.38,1.50,1.44,1.38,4.23,3.72,4.27,4.35
22/12/2022 05:01 p. m.,Ordeño,06:08,7.33,2,,,,,0,,0.90,0.90,0.72,0.60,0,0,0,0,5.01,5.06,4.99,4.97,VMS 1,,Tanque,,1.32,1.32,1.26,1.20,2.07,1.64,1.78,1.84
23/12/2022 12:53 a. m.,Ordeño,08:12,8.13,1,,,TD,TD,0,,0.96,1.08,0.84,0.00,0,0,0,0,4.99,4.94,4.85,0.00,VMS 1,,Tanque,,1.38,1.62,1.26,0.00,2.85,2.57,2.71,0.00
23/12/2022 02:08 p. m.,Ordeño,10:05,19.58,2,,,,,0,,1.14,1.14,0.90,0.96,0,0,0,0,5.10,5.22,5.12,5.40,VMS 1,,Tanque,,1.50,1.62,1.20,1.38,4.57,4.01,4.17,6.83
24/12/2022 01:16 a. m.,Ordeño,07:11,13.19,1,,,,,0,,0.96,1.14,0.96,0.96,0,0,0,0,4.76,4.93,4.88,4.73,VMS 1,,Tanque,,1.38,1.56,1.38,1.32,3.76,3.08,3.36,2.99
24/12/2022 12:44 p. m.,Ordeño,09:20,15.41,2,,,,,0,,1.14,1.14,0.66,0.78,0,0,0,0,5.09,5.16,4.76,4.96,VMS 1,,Tanque,,1.50,1.56,1.08,1.08,4.30,3.60,3.72,3.79
24/12/2022 09:36 p. m.,Ordeño,07:08,9.89,3,,,,,0,,0.90,0.96,0.72,0.78,0,0,0,0,4.75,4.86,4.66,4.69,VMS 1,,Tanque,,1.26,1.38,1.20,1.20,2.79,2.28,2.42,2.40
25/12/2022 08:14 a. m.,Ordeño,07:35,15.63,1,,,,,0,,1.14,1.08,0.90,0.90,0,0,0,0,5.02,5.04,4.96,5.00,VMS 1,,Tanque,,1.50,1.44,1.32,1.38,4.02,3.58,4.01,4.02
25/12/2022 06:38 p. m.,Ordeño,06:17,12.97,2,,TI,,,0,,0.96,1.08,0.84,0.90,0,0,0,0,4.82,4.93,4.77,4.85,VMS 1,,Tanque,,1.32,1.44,1.50,1.38,3.50,2.93,3.35,3.19
26/12/2022 04:43 a. m.,Ordeño,07:02,15.24,1,,,,,0,,1.14,1.08,0.90,0.96,0,0,0,0,4.84,4.95,4.94,4.98,VMS 1,,Tanque,,1.50,1.44,1.26,1.32,4.02,3.46,3.91,3.85
26/12/2022 02:18 p. m.,Ordeño,06:45,14.61,2,,,,,0,,1.08,1.14,0.96,0.96,0,0,0,0,5.03,5.21,5.15,5.25,VMS 1,,Tanque,,1.38,1.56,1.32,1.32,4.02,3.18,3.65,3.76
27/12/2022 03:36 a. m.,Ordeño,13:22,16.74,1,,,,,0,,1.02,1.14,0.90,0.84,0,0,0,0,4.84,4.87,4.92,4.87,VMS 1,,Tanque,,1.32,1.44,1.26,1.44,4.38,3.95,4.12,4.29
27/12/2022 11:25 a. m.,Ordeño,09:54,10.33,2,,,,,0,,0.90,1.08,0.78,0.90,0,0,0,0,4.57,4.76,4.65,4.65,VMS 1,,Tanque,,1.20,1.44,1.44,1.50,2.83,2.35,2.52,2.63
27/12/2022 10:10 p. m.,Ordeño,08:33,14.10,3,,,,,0,,0.96,1.02,0.90,0.84,0,0,0,0,4.65,4.70,4.70,4.58,VMS 1,,Tanque,,1.50,1.44,1.32,1.20,3.70,3.18,3.57,3.65
28/12/2022 04:24 a. m.,Ordeño,07:54,9.47,1,,,,,0,,0.84,0.90,0.72,0.78,0,0,0,0,4.87,4.97,4.83,4.82,VMS 1,,Tanque,,1.26,1.20,1.08,1.08,2.44,2.13,2.39,2.51
28/12/2022 05:05 p. m.,Ordeño,11:58,13.26,2,,,DI,DI,0,,0.00,1.08,0.90,0.78,0,0,0,0,0.00,5.11,5.05,4.88,VMS 1,,Tanque,,0.00,1.56,1.32,1.20,0.00,4.11,4.52,4.63
29/12/2022 04:12 a. m.,Ordeño,11:32,18.17,1,,,,,0,,1.02,1.14,0.84,0.84,0,0,0,0,5.32,5.10,4.81,4.87,VMS 1,,Tanque,,1.32,1.62,1.32,1.32,5.74,3.84,4.14,4.45
29/12/2022 11:16 a. m.,Ordeño,10:12,11.65,2,,,,,0,,1.02,1.08,0.84,0.78,0,0,0,0,5.06,5.02,4.99,4.97,VMS 1,,Tanque,,1.44,1.50,1.26,1.38,2.76,2.69,3.01,3.19
29/12/2022 09:35 p. m.,Ordeño,08:32,13.81,3,,,,,0,,1.02,1.08,0.72,0.84,0,0,0,0,4.57,4.69,4.20,4.57,VMS 1,,Tanque,,1.62,1.50,1.26,1.38,3.66,3.17,3.56,3.42
30/12/2022 08:33 a. m.,Ordeño,07:49,17.91,1,,,,,0,,1.14,1.14,0.90,0.84,0,0,0,0,5.09,5.06,5.06,4.96,VMS 1,,Tanque,,1.80,1.50,1.32,1.20,4.93,3.95,4.41,4.62
30/12/2022 03:06 p. m.,Ordeño,06:16,9.72,2,,,,,0,,1.08,0.96,0.90,0.78,0,0,0,0,4.87,4.86,4.87,4.83,VMS 1,,Tanque,,1.50,1.38,1.20,1.20,2.70,2.28,2.34,2.40
30/12/2022 10:05 p. m.,Ordeño,06:46,9.57,3,,,,,0,,0.96,1.02,0.84,0.72,0,0,0,0,4.87,4.79,4.77,4.67,VMS 1,,Tanque,,1.32,1.38,1.20,1.44,2.29,2.26,2.32,2.70
31/12/2022 08:30 a. m.,Ordeño,07:45,16.28,1,,,,,0,,1.08,1.14,0.90,0.84,0,0,0,0,5.01,5.07,5.11,4.98,VMS 1,,Tanque,,1.56,1.50,1.26,1.20,4.06,3.75,4.26,4.21
31/12/2022 07:25 p. m.,Ordeño,07:55,17.52,2,,,,,0,,1.14,1.14,0.84,0.90,0,0,0,0,5.00,5.08,4.98,4.91,VMS 1,,Tanque,,1.62,1.62,1.20,1.26,4.57,3.96,4.43,4.56
01/01/2023 09:02 a. m.,Ordeño,08:19,19.63,1,,,,,0,,1.14,1.08,0.96,0.84,0,0,0,0,5.16,5.05,5.17,4.99,VMS 1,,Tanque,,1.62,1.50,1.44,1.32,4.80,4.67,5.10,5.06
01/01/2023 11:11 p. m.,Ordeño,08:14,20.64,2,,TD,,,0,,1.20,1.20,0.96,0.90,0,0,0,0,4.64,4.58,4.46,4.28,VMS 1,,Tanque,,1.62,1.62,1.32,1.44,5.36,4.69,5.23,5.36
02/01/2023 04:03 p. m.,Ordeño,08:32,25.08,1,,TD,,,0,,1.20,1.20,1.20,0.96,0,0,0,0,5.28,5.28,4.95,5.26,VMS 1,,Tanque,,1.68,1.62,1.62,1.44,6.36,5.50,7.17,6.05
03/01/2023 01:28 a. m.,Ordeño,06:51,13.88,1,,,,,0,,1.08,1.20,1.08,0.90,0,0,0,0,4.73,4.81,4.70,4.72,VMS 1,,Tanque,,1.44,1.62,1.62,1.44,3.48,2.81,4.10,3.49
03/01/2023 01:53 p. m.,Ordeño,07:13,18.03,2,,,,,0,,1.20,1.20,1.14,0.90,0,0,0,0,4.92,4.91,4.86,4.94,VMS 1,,Tanque,,1.56,1.56,1.80,1.32,4.56,3.89,5.10,4.48
03/01/2023 09:50 p. m.,Ordeño,07:46,10.16,3,,,,,0,,0.84,1.02,0.66,0.84,305,0,0,0,4.55,4.73,4.47,4.55,VMS 1,,Tanque,,1.44,1.50,1.08,1.38,2.59,2.25,2.47,2.85
04/01/2023 06:49 a. m.,Ordeño,07:23,15.26,1,,,,,0,,1.14,1.08,0.96,0.78,0,0,0,0,5.00,5.20,4.87,4.97,VMS 1,,Tanque,,1.50,1.50,1.50,1.14,3.77,3.35,4.31,3.83
04/01/2023 04:04 p. m.,Ordeño,08:38,14.15,2,,,,,0,,1.02,1.14,0.84,0.90,0,0,0,0,4.88,5.07,5.01,4.87,VMS 1,,Tanque,,1.32,1.62,1.20,1.38,3.53,3.16,3.23,4.23
05/01/2023 07:09 a. m.,Ordeño,08:41,24.57,1,,,,,0,,1.20,1.26,1.20,0.96,0,0,0,0,5.08,5.16,5.06,5.07,VMS 1,,Tanque,,1.56,1.80,1.62,1.38,5.63,5.60,7.05,6.29
05/01/2023 10:37 p. m.,Ordeño,12:41,22.70,2,,,,,0,,1.20,1.14,0.96,0.90,0,0,0,0,4.91,5.01,4.86,4.79,VMS 1,,Tanque,,1.80,1.50,1.38,1.50,5.84,5.34,5.74,5.78
06/01/2023 02:15 p. m.,Ordeño,09:29,21.82,1,,,,,0,,1.14,1.26,1.02,0.84,0,0,0,0,4.61,4.78,4.67,4.57,VMS 1,,Tanque,,1.50,1.74,1.44,1.32,5.44,4.98,5.93,5.47
07/01/2023 03:26 a. m.,Ordeño,08:56,22.22,1,,,,,0,"DI,TD",1.26,0.90,0.96,0.84,0,0,0,0,5.05,4.08,4.19,5.11,VMS 1,,Tanque,,1.62,1.26,1.38,1.26,5.77,5.06,6.10,5.29
07/01/2023 03:23 p. m.,Ordeño,07:38,18.91,2,,,,,0,,1.14,1.26,1.14,0.90,0,0,0,0,4.98,5.16,4.85,4.98,VMS 1,,Tanque,,1.56,1.74,1.50,1.26,4.82,4.08,5.40,4.61
07/01/2023 10:18 p. m.,Ordeño,08:33,9.94,3,,,,,0,,1.02,1.14,0.90,0.84,0,0,0,0,4.35,4.53,4.32,4.55,VMS 1,,Tanque,,1.50,1.56,1.38,1.32,2.53,2.34,2.31,2.76
08/01/2023 07:56 a. m.,Ordeño,07:16,15.98,1,,,,,0,,1.08,1.14,1.02,0.90,0,0,0,0,4.76,4.86,4.87,4.74,VMS 1,,Tanque,,1.44,1.50,1.38,1.32,4.26,3.44,4.36,3.92
08/01/2023 04:07 p. m.,Ordeño,06:40,12.59,2,,,,,0,,1.26,1.08,1.14,0.78,0,0,0,0,4.71,4.78,4.70,4.64,VMS 1,,Tanque,,1.68,1.56,1.56,1.14,3.15,2.74,3.60,3.10
08/01/2023 09:27 p. m.,Ordeño,05:53,6.59,3,,,,,0,,0.84,0.90,0.60,0.60,0,319,0,0,4.56,4.71,4.70,4.32,VMS 1,,Tanque,,1.32,1.26,1.20,1.02,1.72,1.48,1.79,1.60
09/01/2023 03:07 a. m.,Ordeño,06:41,8.92,1,,,,,0,,0.90,0.96,0.78,0.78,0,0,0,0,4.49,4.64,4.36,4.33,VMS 1,,Tanque,,1.38,1.50,1.38,1.26,2.26,1.96,2.81,1.89
09/01/2023 02:50 p. m.,Ordeño,07:49,20.73,2,,,,,0,,1.26,1.20,1.14,0.96,0,0,0,0,5.10,5.19,5.12,5.16,VMS 1,,Tanque,,1.56,1.50,1.62,1.26,4.86,4.51,6.02,5.34
10/01/2023 03:14 a. m.,Ordeño,08:14,19.68,1,,,,,0,,1.26,1.20,1.14,0.78,0,0,0,0,4.90,5.05,4.68,4.46,VMS 1,,Tanque,,1.68,1.62,1.68,1.20,5.17,4.31,5.67,4.53
10/01/2023 10:08 a. m.,Ordeño,06:56,12.20,2,,,,,0,,1.02,0.96,0.96,0.78,0,0,0,0,4.78,4.76,4.64,4.78,VMS 1,,Tanque,,1.44,1.32,1.56,1.14,2.96,2.60,3.74,2.90
10/01/2023 04:11 p. m.,Ordeño,06:27,10.04,3,,,,,0,,1.02,1.02,0.90,0.72,0,0,0,0,4.76,4.70,4.70,4.67,VMS 1,,Tanque,,1.50,1.44,1.38,1.14,2.69,2.11,2.82,2.42
11/01/2023 12:51 a. m.,Ordeño,10:45,14.83,1,,,,,0,,1.08,1.20,1.08,0.78,0,0,0,0,4.85,4.86,4.86,4.72,VMS 1,,Tanque,,1.50,1.68,1.62,1.68,3.76,3.37,4.21,3.49
11/01/2023 08:17 a. m.,Ordeño,06:12,12.77,2,,,,,0,,1.14,1.08,0.96,1.02,0,0,0,0,4.91,4.88,4.94,4.84,VMS 1,,Tanque,,1.50,1.38,1.44,1.56,3.33,2.98,3.22,3.24
11/01/2023 01:10 p. m.,Ordeño,04:55,8.07,3,,,,,0,,0.96,1.08,0.96,0.78,0,0,0,0,4.76,4.81,4.98,4.75,VMS 1,,Tanque,,1.32,1.44,1.38,1.20,2.08,1.76,2.06,2.17
11/01/2023 07:33 p. m.,Ordeño,05:56,7.46,4,,TD,TI,TI,0,,0.96,1.02,0.48,0.96,314,315,0,0,4.51,4.64,4.62,4.50,VMS 1,,Tanque,,1.32,1.50,0.84,1.44,2.35,2.05,0.14,2.92
12/01/2023 01:20 a. m.,Ordeño,07:42,12.71,1,,,,,0,,0.96,0.96,1.14,0.96,0,309,0,0,4.70,4.69,4.71,4.73,VMS 1,,Tanque,,1.32,1.44,1.56,1.32,2.63,2.37,3.08,4.63
12/01/2023 08:26 a. m.,Ordeño,07:09,12.64,2,,,,,0,,1.14,1.14,1.08,0.84,0,0,0,0,4.97,5.18,5.09,4.92,VMS 1,,Tanque,,1.50,1.44,1.50,1.32,3.18,2.75,3.70,3.01
12/01/2023 03:09 p. m.,Ordeño,07:04,8.09,3,,,TD,TD,0,,0.96,1.08,1.02,0.00,0,0,0,0,4.88,5.03,5.13,0.00,VMS 1,,Tanque,,1.44,1.50,1.50,0.00,2.63,2.32,3.14,0.00
12/01/2023 11:25 p. m.,Ordeño,12:55,14.06,4,,,,,0,TI,1.02,1.20,1.02,0.78,0,0,0,0,4.43,4.70,5.19,4.43,VMS 1,,Tanque,,1.44,1.68,1.68,1.20,3.37,2.71,5.07,2.91
13/01/2023 08:35 a. m.,Ordeño,07:58,16.87,1,,,,,0,,1.02,1.20,1.08,0.96,0,0,0,0,4.76,4.97,4.78,4.64,VMS 1,,Tanque,,1.50,1.74,1.62,1.38,4.32,3.74,5.02,3.79
13/01/2023 05:00 p. m.,Ordeño,08:31,14.28,2,,,,,0,,1.20,1.02,1.02,0.72,0,0,0,0,4.75,4.76,4.72,4.40,VMS 1,,Tanque,,1.56,1.44,1.50,1.14,3.64,3.19,4.12,3.33
14/01/2023 03:23 a. m.,Ordeño,10:06,11.24,1,,,TI,TI,0,,0.96,1.14,0.00,0.84,0,0,0,0,4.58,4.59,0.00,4.33,VMS 1,,Tanque,,1.44,1.62,0.00,1.20,4.00,3.63,0.00,3.61
14/01/2023 06:04 p. m.,Ordeño,09:04,16.01,2,,DD,TI,TI,0,,1.20,1.26,0.00,0.96,0,0,0,0,4.83,5.04,0.00,4.95,VMS 1,,Tanque,,1.68,1.98,0.00,1.38,5.82,4.31,0.00,5.88
16/01/2023 02:26 a. m.,Ordeño,07:04,13.40,1,,,TI,,0,,1.08,1.08,0.66,0.84,0,0,0,0,4.65,4.67,4.54,4.36,VMS 1,,Tanque,,1.56,1.62,1.20,1.20,4.19,3.35,1.89,3.97
16/01/2023 04:38 p. m.,Ordeño,08:54,21.50,2,,,,,0,,1.20,1.26,1.08,0.90,0,0,0,0,4.98,5.19,5.57,5.10,VMS 1,,Tanque,,1.50,1.56,1.50,1.26,6.08,5.43,3.97,6.02
17/01/2023 12:59 a. m.,Ordeño,10:35,11.17,1,,,,,0,,0.96,1.14,1.02,0.66,0,0,0,0,4.69,4.85,4.78,5.24,VMS 1,,Tanque,,1.44,1.50,1.38,1.02,3.23,2.64,3.58,1.72
17/01/2023 08:43 a. m.,Ordeño,06:58,11.96,2,,,,,0,TI,0.96,1.20,1.02,0.84,0,0,0,0,4.60,4.90,5.47,4.66,VMS 1,,Tanque,,1.38,1.62,1.68,1.20,3.20,2.59,3.32,2.85
17/01/2023 06:18 p. m.,Ordeño,07:45,16.22,3,,,,,0,,0.96,1.20,1.14,0.84,0,0,0,0,4.84,5.10,5.21,4.82,VMS 1,,Tanque,,1.56,1.68,1.56,1.32,4.52,3.69,3.82,4.19
18/01/2023 01:50 a. m.,Ordeño,07:40,11.77,1,,,,,0,,1.08,1.14,0.96,0.84,0,0,0,0,4.84,4.90,5.17,4.85,VMS 1,,Tanque,,1.44,1.56,1.62,1.26,3.08,2.79,3.00,2.90
18/01/2023 09:41 a. m.,Ordeño,07:11,13.58,2,,,,,0,,1.14,1.20,1.02,0.78,0,0,0,0,4.90,5.09,5.32,4.93,VMS 1,,Tanque,,1.56,1.62,1.56,1.14,3.66,3.20,3.03,3.69
18/01/2023 06:45 p. m.,Ordeño,06:02,13.39,3,,,,,0,,1.14,1.14,1.02,0.84,307,0,0,0,4.64,4.96,5.21,4.89,VMS 1,,Tanque,,1.62,1.62,1.44,1.38,3.73,3.17,3.39,3.10
19/01/2023 12:35 a. m.,Ordeño,11:40,10.60,1,,,,,0,TI,1.02,0.96,0.78,1.02,0,0,0,0,4.64,4.75,5.29,4.55,VMS 1,,Tanque,,1.44,1.50,1.20,1.80,2.62,2.31,1.21,4.46
19/01/2023 10:21 a. m.,Ordeño,07:34,16.73,2,,,,,0,,1.32,1.08,1.08,0.90,0,0,0,0,4.85,4.90,5.23,4.85,VMS 1,,Tanque,,1.68,1.44,1.50,1.38,4.36,3.86,4.08,4.43
19/01/2023 03:59 p. m.,Ordeño,08:18,6.47,3,,DD,DD,,0,,1.08,0.84,0.66,0.84,0,400,0,0,4.97,4.62,5.23,4.60,VMS 1,,Tanque,,1.62,1.50,1.14,1.50,1.78,0.30,1.76,2.63
20/01/2023 08:30 a. m.,Ordeño,10:32,24.02,1,,,,,0,,0.90,1.08,0.78,0.90,0,0,0,0,4.67,4.80,5.06,5.24,VMS 2,,Tanque,,1.44,1.50,1.14,1.32,6.88,5.17,5.44,6.53
20/01/2023 07:26 p. m.,Ordeño,07:17,16.45,2,,TD,,,0,,1.08,1.14,1.02,0.84,0,0,0,0,4.86,4.93,4.66,4.64,VMS 1,,Tanque,,1.44,1.56,1.50,1.74,4.12,3.90,4.66,3.77
21/01/2023 01:15 a. m.,Ordeño,06:24,8.84,1,,,,,0,,0.84,1.02,0.72,0.78,0,0,0,0,4.67,4.74,4.67,4.49,VMS 1,,Tanque,,1.26,1.56,1.26,1.38,2.20,2.01,2.50,2.13
21/01/2023 07:56 a. m.,Ordeño,05:38,9.79,2,,,,,0,,0.90,1.08,0.72,0.78,0,0,0,0,4.58,4.74,4.81,4.49,VMS 1,,Tanque,,1.44,1.44,1.26,1.26,2.58,2.22,2.27,2.72
21/01/2023 06:56 p. m.,Ordeño,07:54,18.39,3,,,,,0,,1.08,1.20,1.02,0.84,0,0,0,0,4.92,4.96,4.95,4.86,VMS 1,,Tanque,,1.44,1.56,1.50,1.32,4.39,4.17,5.33,4.50
22/01/2023 02:42 a. m.,Ordeño,07:52,13.53,1,,TD,,,0,,1.08,1.08,0.96,0.90,0,0,0,0,5.05,5.09,4.98,5.06,VMS 1,,Tanque,,1.44,1.86,1.44,1.50,3.49,3.22,3.64,3.18
22/01/2023 10:57 a. m.,Ordeño,06:57,13.20,2,,,,,0,,0.96,1.14,1.02,0.84,0,0,0,0,4.97,5.10,4.96,5.07,VMS 1,,Tanque,,1.44,1.56,1.44,1.32,3.34,2.99,3.25,3.62
22/01/2023 06:17 p. m.,Ordeño,07:23,11.25,3,,,,,0,,0.96,1.08,0.90,0.84,0,0,0,0,4.66,4.95,4.85,4.84,VMS 1,,Tanque,,1.38,1.44,1.62,1.14,2.91,2.57,3.22,2.55
23/01/2023 03:49 a. m.,Ordeño,09:31,15.71,1,,,,,0,,1.08,1.08,0.96,0.96,0,0,0,0,4.65,4.74,4.87,4.76,VMS 1,,Tanque,,1.44,1.56,1.38,1.26,3.91,3.61,4.14,4.05
23/01/2023 04:49 p. m.,Ordeño,08:07,18.45,2,,,,,0,,1.14,1.08,0.96,0.84,0,0,0,0,4.77,4.93,4.81,4.85,VMS 1,,Tanque,,1.44,1.56,1.38,1.32,4.70,4.03,5.00,4.72
24/01/2023 12:31 a. m.,Ordeño,06:46,11.40,1,,,,,0,,0.90,0.96,0.90,0.78,0,0,0,0,4.56,4.74,4.61,4.58,VMS 1,,Tanque,,1.38,1.44,1.38,1.32,2.84,2.62,3.32,2.62
24/01/2023 02:54 p. m.,Ordeño,08:16,21.35,2,,,,,0,,1.08,1.08,1.08,1.02,0,0,0,0,4.90,4.99,5.18,5.09,VMS 1,,Tanque,,1.50,1.56,1.56,1.50,5.21,4.07,6.11,5.96
24/01/2023 10:25 p. m.,Ordeño,05:58,10.00,3,,,,,0,,0.78,1.02,0.78,0.72,0,0,0,0,4.74,4.76,4.76,4.77,VMS 1,,Tanque,,1.20,1.38,1.38,1.14,2.66,2.20,2.66,2.48
25/01/2023 11:35 a. m.,Ordeño,08:34,20.99,1,,,,,0,,1.02,1.08,1.08,0.84,0,0,0,0,4.80,4.97,4.85,4.81,VMS 1,,Tanque,,1.44,1.50,1.44,1.20,5.40,4.75,5.78,5.06
25/01/2023 09:22 p. m.,Ordeño,06:53,12.48,2,,,,,0,,0.84,1.02,0.90,0.78,0,0,0,0,4.62,4.74,4.65,4.55,VMS 1,,Tanque,,1.26,1.50,1.32,1.44,3.18,2.84,3.24,3.22
26/01/2023 06:58 a. m.,Ordeño,06:39,13.94,1,,,,,0,,1.08,1.08,1.02,0.78,0,0,0,0,4.84,4.88,4.78,4.59,VMS 1,,Tanque,,1.50,1.44,1.50,1.14,3.44,3.21,3.86,3.43
26/01/2023 05:12 p. m.,Ordeño,08:06,16.50,2,,,,,0,,1.14,1.08,1.02,0.78,0,0,0,0,4.73,4.88,4.75,4.68,VMS 1,,Tanque,,1.56,1.56,1.50,1.08,4.13,3.64,4.70,4.03
27/01/2023 01:35 a. m.,Ordeño,06:11,11.12,1,,TD,,,0,,0.96,1.02,0.90,0.90,0,0,0,0,4.61,4.76,4.68,4.71,VMS 1,,Tanque,,1.38,1.50,1.38,1.26,2.92,2.45,3.14,2.61
27/01/2023 10:43 a. m.,Ordeño,06:19,12.81,2,,,,,0,,1.02,1.02,0.96,0.84,0,0,0,0,4.79,4.81,4.81,4.68,VMS 1,,Tanque,,1.38,1.38,1.50,1.32,3.17,3.03,3.29,3.32
27/01/2023 05:57 p. m.,Ordeño,05:52,9.47,3,,,,,0,,1.02,0.96,0.84,0.84,0,0,0,0,4.80,4.87,4.82,4.67,VMS 1,,Tanque,,1.44,1.44,1.26,1.38,2.32,2.14,2.63,2.38
27/01/2023 11:28 p. m.,Ordeño,10:41,4.27,4,,,TI,TI,0,,0.72,0.78,0.00,0.78,0,0,0,0,4.33,4.40,0.00,4.20,VMS 1,,Tanque,,1.38,1.38,0.00,1.26,1.46,1.51,0.00,1.30
28/01/2023 03:16 a. m.,Ordeño,07:30,5.30,1,,DD,TI,TI,0,,0.78,0.96,0.00,0.84,0,0,0,0,4.45,4.53,0.00,4.49,VMS 1,,Tanque,,1.44,1.38,0.00,1.20,1.69,1.69,0.00,1.92
28/01/2023 01:15 p. m.,Ordeño,08:03,16.82,2,,,,,0,,1.14,0.96,1.08,0.84,0,0,0,0,4.89,4.94,4.95,4.91,VMS 1,,Tanque,,1.44,1.38,1.56,1.26,3.45,3.55,6.20,3.62
28/01/2023 09:21 p. m.,Ordeño,08:44,9.50,3,,,,,0,,1.08,0.84,0.60,0.72,383,354,0,0,4.93,4.92,4.76,4.81,VMS 1,,Tanque,,1.44,1.26,1.08,1.26,2.46,2.19,2.44,2.41
29/01/2023 02:22 a. m.,Ordeño,06:28,6.93,1,,,,,0,,0.90,0.90,0.66,0.96,0,362,0,0,4.53,4.65,4.33,4.50,VMS 1,,Tanque,,1.26,1.38,1.20,1.38,1.85,1.57,1.43,2.08
29/01/2023 01:36 p. m.,Ordeño,07:12,15.88,2,,,,,0,,1.02,1.08,1.02,0.90,0,0,0,0,4.80,4.96,4.90,4.90,VMS 1,,Tanque,,1.56,1.56,1.50,1.38,3.93,3.19,4.63,4.13
29/01/2023 06:41 p. m.,Ordeño,05:20,5.77,3,,,,,0,,0.84,0.90,0.78,0.66,0,302,0,0,4.96,5.02,4.90,4.89,VMS 1,,Tanque,,1.38,1.26,1.20,1.14,1.48,1.26,1.59,1.44
30/01/2023 04:49 a. m.,Ordeño,07:33,13.75,1,,,,,0,,1.08,1.20,0.84,0.96,0,0,0,0,4.62,4.65,4.59,4.77,VMS 1,,Tanque,,1.38,1.68,1.26,1.32,3.47,3.20,3.58,3.50
30/01/2023 05:44 p. m.,Ordeño,07:41,16.25,2,,,,,0,,0.96,1.20,0.84,0.84,0,0,0,0,4.73,4.81,4.76,4.67,VMS 2,,Tanque,,1.38,1.50,1.26,1.32,4.57,3.64,3.80,4.24
31/01/2023 12:42 a. m.,Ordeño,06:18,8.57,1,,,,,0,,0.90,1.14,0.66,0.66,0,0,0,0,4.46,4.56,4.56,4.38,VMS 2,,Tanque,,1.32,1.56,1.08,1.14,2.37,2.09,1.95,2.16
31/01/2023 09:27 a. m.,Ordeño,06:18,10.23,2,,,,,0,,0.90,1.08,0.72,0.84,0,0,0,0,4.42,4.45,4.57,4.31,VMS 2,,Tanque,,1.26,1.50,1.08,1.32,2.83,2.56,2.21,2.63
31/01/2023 05:34 p. m.,Ordeño,05:32,9.70,3,,,,,0,,0.90,0.96,0.78,0.78,0,0,0,0,4.56,4.60,4.59,4.40,VMS 2,,Tanque,,1.32,1.32,1.14,1.14,2.54,2.45,2.27,2.44
01/02/2023 04:16 a. m.,Ordeño,07:05,15.12,1,,,,,0,,1.02,1.14,0.84,0.90,0,0,0,0,4.64,4.72,4.75,4.65,VMS 2,,Tanque,,1.44,1.56,1.32,1.26,4.10,3.39,3.43,4.20
01/02/2023 01:07 p. m.,Ordeño,07:01,11.08,2,,,,,0,,0.90,0.84,0.78,0.66,0,0,0,0,4.76,4.86,4.69,4.84,VMS 2,,Tanque,,1.32,1.26,1.26,1.14,3.05,2.87,2.79,2.37
01/02/2023 11:08 p. m.,Ordeño,07:06,12.73,3,,,,,0,,0.90,1.02,0.78,0.78,0,0,0,0,4.48,4.65,4.64,4.65,VMS 2,,Tanque,,1.26,1.38,1.14,1.14,3.60,2.87,2.99,3.27
02/02/2023 04:54 a. m.,Ordeño,05:29,7.24,1,,,,,0,,0.84,0.96,0.66,0.66,0,0,0,0,4.57,4.71,4.64,4.38,VMS 2,,Tanque,,1.26,1.38,1.02,1.20,2.01,1.76,1.55,1.92
02/02/2023 10:34 a. m.,Ordeño,07:02,6.60,2,,TD,DI,DI,0,,0.12,1.14,0.84,0.96,0,0,0,0,0.00,4.87,4.91,4.78,VMS 2,,Tanque,,0.24,1.56,1.44,1.62,0.05,2.43,2.11,2.01
02/02/2023 10:25 p. m.,Ordeño,07:11,17.39,3,,,,,0,,1.02,1.14,0.84,0.90,0,0,0,0,4.91,5.41,4.87,4.98,VMS 2,,Tanque,,1.32,1.56,1.32,1.32,4.35,4.81,3.75,4.48
03/02/2023 07:20 a. m.,Ordeño,07:13,12.81,1,,,,,0,,0.84,1.02,0.78,0.84,0,0,0,0,4.57,4.92,4.69,4.51,VMS 2,,Tanque,,1.20,1.44,1.20,1.26,3.75,2.68,3.04,3.34
03/02/2023 02:04 p. m.,Ordeño,07:56,9.30,2,,,,,0,,1.02,0.90,0.66,0.84,0,0,0,0,4.58,4.57,4.55,4.52,VMS 2,,Tanque,,1.44,1.38,1.14,1.20,2.50,2.15,2.18,2.47
04/02/2023 01:53 a. m.,Ordeño,07:13,14.42,1,,,,,0,,0.96,1.02,0.78,0.96,0,0,0,0,4.50,4.73,4.62,4.51,VMS 2,,Tanque,,1.32,1.38,1.14,1.50,4.14,3.26,3.36,3.66
04/02/2023 10:05 a. m.,Ordeño,07:09,10.38,2,,,,,0,,0.84,1.02,0.72,0.72,0,0,0,0,4.56,4.80,4.63,4.51,VMS 2,,Tanque,,1.44,1.50,1.20,1.20,2.88,2.37,2.42,2.71
04/02/2023 03:46 p. m.,Ordeño,05:01,5.49,3,,,,,0,,0.96,0.96,0.60,0.72,0,0,0,0,4.51,4.85,4.54,4.53,VMS 2,,Tanque,,1.44,1.26,1.02,1.32,1.54,1.28,1.25,1.42
05/02/2023 01:03 a. m.,Ordeño,06:30,11.31,1,,,,,0,,1.08,0.90,0.90,0.96,0,0,0,0,4.40,4.51,4.48,4.29,VMS 2,,Tanque,,1.50,1.38,1.26,1.38,3.05,2.77,2.46,3.03
05/02/2023 10:08 a. m.,Ordeño,06:38,12.49,2,,,,,0,,1.02,1.02,0.90,0.84,0,0,0,0,4.71,4.97,4.75,4.80,VMS 2,,Tanque,,1.50,1.32,1.38,1.26,3.51,2.95,3.26,2.77
05/02/2023 05:01 p. m.,Ordeño,05:54,8.10,3,,,,,0,,0.78,1.02,0.72,0.78,0,0,0,0,4.71,4.84,4.84,4.64,VMS 2,,Tanque,,1.20,1.44,1.20,1.26,2.33,1.92,1.83,2.02
05/02/2023 11:55 p. m.,Ordeño,05:38,8.07,1,,,,,0,,1.02,1.02,0.78,0.78,0,0,0,0,4.72,4.72,4.63,4.49,VMS 2,,Tanque,,1.44,1.50,1.26,1.20,2.16,2.12,1.85,1.94
06/02/2023 09:02 a. m.,Ordeño,06:26,13.22,1,,,,,0,,1.02,1.02,0.84,0.90,0,0,0,0,4.91,4.85,4.76,4.71,VMS 2,,Tanque,,1.38,1.38,1.20,1.20,3.56,3.19,2.89,3.58
06/02/2023 04:43 p. m.,Ordeño,09:26,10.05,2,,,,,0,,1.08,1.08,0.78,0.90,0,0,0,0,4.73,4.71,4.78,4.68,VMS 2,,Tanque,,1.50,1.62,1.14,1.38,2.82,2.29,2.37,2.57
06/02/2023 10:47 p. m.,Ordeño,10:34,5.73,3,,,TD,TD,0,,0.84,0.96,0.78,0.24,0,0,0,0,4.31,4.46,4.28,2.88,VMS 2,,Tanque,,1.26,1.38,1.20,0.72,1.91,1.86,1.79,0.17
07/02/2023 08:51 a. m.,Ordeño,07:54,17.20,1,,,,,0,,1.08,1.14,0.84,1.02,0,0,0,0,4.78,4.99,4.70,5.10,VMS 2,,Tanque,,1.38,1.50,1.14,1.50,4.38,3.81,3.42,5.59
07/02/2023 04:18 p. m.,Ordeño,06:51,7.32,2,,,TD,TD,0,,1.02,1.14,0.84,0.00,0,0,0,0,4.84,4.87,4.75,0.00,VMS 2,,Tanque,,1.44,1.56,1.20,0.00,2.66,2.39,2.27,0.00
07/02/2023 09:07 p. m.,Ordeño,07:03,8.92,3,,,,,0,,0.72,0.84,0.66,0.84,0,0,0,0,4.45,4.51,4.58,4.82,VMS 2,,Tanque,,1.08,1.44,1.02,1.20,1.85,1.64,1.42,4.01
08/02/2023 02:02 a. m.,Ordeño,07:37,7.42,1,,DI,,,0,,0.78,0.90,0.66,0.72,0,0,0,0,4.33,4.67,4.63,3.93,VMS 2,,Tanque,,1.14,1.38,1.02,1.32,2.05,1.89,1.76,1.72
08/02/2023 09:22 a. m.,Ordeño,06:10,11.62,2,,,,,0,,0.96,1.14,0.90,0.90,0,0,0,0,4.76,4.91,4.62,4.88,VMS 2,,Tanque,,1.38,1.50,1.26,1.32,3.20,2.73,2.73,2.96
08/02/2023 03:50 p. m.,Ordeño,07:52,7.69,3,,"DI,TI",,,0,,1.14,1.14,0.90,0.90,0,0,0,0,4.81,4.85,4.60,4.77,VMS 2,,Tanque,,1.74,1.56,1.56,1.74,1.93,2.13,1.62,2.01
08/02/2023 11:29 p. m.,Ordeño,07:00,11.52,4,,,,,0,,1.02,1.02,0.78,0.96,0,0,0,0,4.53,4.59,4.42,4.68,VMS 2,,Tanque,,1.62,1.38,1.14,1.44,3.44,2.69,2.13,3.26
09/02/2023 07:59 a. m.,Ordeño,06:18,3.34,1,,,"DI,DD,TI","DI,DD,TI",0,,0.00,0.00,0.00,1.02,0,0,0,0,0.00,0.00,0.00,4.68,VMS 2,,Tanque,,0.00,0.00,0.00,1.44,0.00,0.00,0.00,3.34
09/02/2023 02:48 p. m.,Ordeño,07:24,17.76,2,,,,,0,,1.14,1.08,1.08,0.90,0,0,0,0,5.17,5.15,5.18,4.47,VMS 2,,Tanque,,1.62,1.44,1.50,1.44,5.18,4.80,4.83,2.95
10/02/2023 04:37 a. m.,Ordeño,07:29,18.53,1,,,,,0,,1.08,1.20,1.14,1.08,0,0,0,0,4.73,4.90,4.78,4.75,VMS 2,,Tanque,,1.44,1.62,1.44,1.50,3.96,4.79,4.24,5.54
10/02/2023 12:42 p. m.,Ordeño,05:55,10.81,2,,,,,0,,0.96,1.02,0.84,0.90,0,0,0,0,4.59,4.75,4.63,4.45,VMS 2,,Tanque,,1.50,1.38,1.26,1.56,3.00,2.69,2.20,2.92
10/02/2023 06:51 p. m.,Ordeño,08:49,6.46,3,,,TI,TI,0,,0.90,0.90,0.00,0.78,0,0,0,0,4.45,4.48,0.00,4.41,VMS 2,,Tanque,,1.26,1.26,0.00,1.14,2.34,1.97,0.00,2.15
11/02/2023 01:23 a. m.,Ordeño,07:19,11.60,1,,,,,0,,0.90,0.84,0.84,0.96,0,0,0,0,4.19,4.33,4.40,4.51,VMS 2,,Tanque,,1.32,1.26,1.26,1.38,2.57,2.34,1.96,4.73
11/02/2023 08:19 a. m.,Ordeño,06:02,10.96,2,,TD,,,0,,1.02,0.96,0.90,0.96,0,0,0,0,4.43,4.49,4.61,4.24,VMS 2,,Tanque,,1.56,1.32,1.26,1.74,3.07,2.81,2.65,2.43
11/02/2023 02:03 p. m.,Ordeño,06:39,9.10,3,,,,,0,TD,0.96,1.08,0.90,0.84,0,0,0,0,4.49,4.62,3.82,4.82,VMS 2,,Tanque,,1.44,1.50,1.32,1.14,2.44,2.08,2.07,2.51
12/02/2023 03:18 a. m.,Ordeño,06:54,20.91,1,,,,,0,,1.14,1.20,0.96,1.02,0,0,0,0,4.94,4.86,4.15,4.78,VMS 2,,Tanque,,1.68,1.50,1.44,1.44,4.91,5.26,4.74,6.00
12/02/2023 05:01 p. m.,Ordeño,08:15,19.25,2,,,,,0,,1.14,1.14,0.90,1.02,0,0,0,0,4.90,5.01,4.15,4.92,VMS 2,,Tanque,,1.50,1.56,1.26,1.44,5.19,4.03,4.63,5.40
13/02/2023 04:22 a. m.,Ordeño,07:06,17.36,1,,,,,0,,1.14,1.14,0.96,1.02,0,0,0,0,4.42,4.52,3.75,4.33,VMS 2,,Tanque,,1.56,1.50,1.38,1.44,4.89,4.11,3.90,4.46
13/02/2023 01:31 p. m.,Ordeño,06:06,13.55,2,,,,,0,,1.02,1.14,1.02,0.96,0,0,0,0,4.54,4.56,4.02,4.53,VMS 2,,Tanque,,1.38,1.50,1.44,1.50,3.59,3.34,3.10,3.52
13/02/2023 10:44 p. m.,Ordeño,06:14,13.84,3,,,,,0,,1.14,1.20,0.96,1.02,0,0,0,0,4.55,4.55,3.82,4.43,VMS 2,,Tanque,,1.50,1.68,1.32,1.80,3.76,3.28,3.03,3.77
14/02/2023 08:20 a. m.,Ordeño,06:12,14.76,1,,,,,0,,1.26,1.14,0.96,1.02,0,0,300,0,4.67,4.65,3.89,4.50,VMS 2,,Tanque,,1.68,1.50,1.38,1.68,3.79,3.62,3.45,3.90
14/02/2023 03:04 p. m.,Ordeño,05:55,11.04,2,,TD,,,0,,1.02,1.02,0.96,0.90,0,0,0,0,4.53,4.70,3.82,4.56,VMS 2,,Tanque,,1.44,1.38,1.44,1.26,3.09,2.69,2.40,2.86
15/02/2023 02:20 a. m.,Ordeño,08:04,17.45,1,,,,,0,,1.20,1.14,0.96,1.14,0,0,0,0,4.67,4.71,3.95,4.82,VMS 2,,Tanque,,1.56,1.56,1.44,1.50,4.17,4.19,4.23,4.86
15/02/2023 11:27 a. m.,Ordeño,06:15,14.69,2,,,,,0,,1.14,1.14,0.90,0.96,0,0,0,0,4.53,4.64,3.95,4.53,VMS 2,,Tanque,,1.56,1.56,1.26,1.38,4.11,3.66,3.14,3.78
16/02/2023 01:17 a. m.,Ordeño,08:32,20.63,1,,,,,0,,1.14,1.14,0.96,1.02,0,0,0,0,4.59,4.71,3.95,4.61,VMS 2,,Tanque,,1.56,1.56,1.38,1.38,5.06,4.51,5.17,5.89
16/02/2023 09:59 a. m.,Ordeño,07:10,13.45,2,,,,,0,,1.20,1.14,0.90,1.02,0,0,0,0,4.57,4.62,4.67,4.57,VMS 2,,Tanque,,1.50,1.56,1.26,1.44,3.75,3.16,3.03,3.51
16/02/2023 06:51 p. m.,Ordeño,06:30,13.68,3,,,,,0,,1.02,1.08,0.84,0.90,0,0,0,0,4.46,4.51,4.57,4.28,VMS 2,,Tanque,,1.38,1.50,1.26,1.44,3.85,3.30,3.05,3.48
17/02/2023 09:00 a. m.,Ordeño,07:27,20.82,1,,,,,0,,1.02,1.26,0.84,1.02,0,0,0,0,4.71,4.70,4.65,4.63,VMS 2,,Tanque,,1.50,1.56,1.32,1.62,5.69,4.28,5.16,5.69
17/02/2023 06:48 p. m.,Ordeño,07:07,13.44,2,,,,,0,,0.96,1.32,0.90,1.02,0,0,0,0,4.44,4.58,4.49,4.38,VMS 2,,Tanque,,1.50,1.62,1.38,1.50,3.93,3.26,2.95,3.30
18/02/2023 12:56 a. m.,Ordeño,12:02,6.86,1,,DI,TD,,0,,0.96,1.14,0.90,0.24,0,0,0,0,4.31,4.49,4.19,3.83,VMS 2,,Tanque,,1.68,1.74,1.62,0.48,2.25,2.22,2.05,0.34
18/02/2023 07:29 a. m.,Ordeño,08:51,12.56,2,,,,,0,,1.02,1.08,0.78,0.96,0,0,0,0,4.49,4.39,4.34,4.47,VMS 2,,Tanque,,1.44,1.50,1.08,1.44,3.19,2.28,2.00,5.09
18/02/2023 01:52 p. m.,Ordeño,06:39,10.67,3,,,,,0,,1.08,1.08,0.78,0.90,0,0,0,0,4.55,4.66,4.60,4.41,VMS 2,,Tanque,,1.56,1.44,1.14,1.38,2.90,2.79,2.40,2.58
19/02/2023 07:40 a. m.,Ordeño,08:09,22.56,1,,,,,0,,1.20,1.20,1.08,1.14,0,0,0,0,4.94,5.02,5.27,5.14,VMS 2,,Tanque,,1.68,1.62,1.44,1.74,5.71,4.89,5.56,6.40
19/02/2023 02:24 p. m.,Ordeño,05:51,9.12,2,,TD,,,0,,1.08,1.20,0.84,1.08,0,0,0,0,4.56,4.81,4.71,4.61,VMS 2,,Tanque,,1.44,1.68,1.32,1.68,2.78,2.25,1.91,2.18
19/02/2023 07:13 p. m.,Ordeño,07:36,6.33,3,,,,,0,,0.84,0.90,0.60,0.78,0,0,0,0,4.50,4.52,4.52,4.41,VMS 2,,Tanque,,1.26,1.38,0.96,1.20,1.82,1.63,1.28,1.60
20/02/2023 09:40 a. m.,Ordeño,10:51,22.01,1,,,,,0,,0.96,1.14,0.90,1.08,0,0,0,0,4.84,4.86,4.86,4.80,VMS 2,,Tanque,,1.26,1.50,1.38,1.44,6.49,4.77,5.04,5.71
20/02/2023 02:53 p. m.,Ordeño,04:46,6.82,2,,,,,0,,0.90,0.90,0.66,0.78,0,0,0,0,4.57,4.53,4.56,4.62,VMS 2,,Tanque,,1.32,1.26,0.96,1.20,1.95,1.65,1.42,1.80
20/02/2023 10:56 p. m.,Ordeño,08:30,8.72,3,,"DD,TI",DI,,0,,0.90,1.26,0.96,0.84,0,0,0,0,4.43,4.47,4.33,4.52,VMS 2,,Tanque,,1.38,2.28,1.38,1.38,1.33,1.92,2.84,2.63
21/02/2023 07:57 a. m.,Ordeño,07:12,16.81,1,,,,,0,,0.96,1.32,0.90,1.08,0,0,0,0,4.71,4.97,4.83,4.78,VMS 2,,Tanque,,1.44,1.74,1.38,1.56,4.10,4.81,3.48,4.42
21/02/2023 04:18 p. m.,Ordeño,05:33,11.94,2,,,,,0,,1.26,1.26,1.02,1.08,0,0,0,0,4.55,4.63,4.62,4.62,VMS 2,,Tanque,,1.62,1.68,1.44,1.50,3.48,2.86,2.72,2.88
22/02/2023 07:55 a. m.,Ordeño,08:35,22.53,1,,,,,0,,1.32,1.26,1.02,1.08,0,0,0,0,4.75,4.99,4.83,4.73,VMS 2,,Tanque,,1.74,1.62,1.44,1.62,6.51,5.09,5.88,5.05
22/02/2023 05:44 p. m.,Ordeño,08:21,14.57,2,,,,,0,,1.20,1.26,1.08,0.90,0,0,0,0,4.67,4.73,4.73,4.76,VMS 2,,Tanque,,1.62,2.58,1.56,1.44,3.31,4.33,3.72,3.21
23/02/2023 03:48 a. m.,Ordeño,06:24,14.44,1,,,,,0,,1.20,1.14,0.90,1.02,0,0,0,0,4.48,4.45,4.65,4.37,VMS 2,,Tanque,,1.56,1.56,1.20,1.44,4.18,3.54,3.07,3.65
23/02/2023 10:10 a. m.,Ordeño,05:22,10.38,2,,,,,0,,1.14,1.14,0.84,1.08,0,0,0,0,4.68,4.72,4.69,4.67,VMS 2,,Tanque,,1.56,1.68,1.32,1.56,2.97,2.46,2.18,2.77
23/02/2023 04:17 p. m.,Ordeño,10:08,7.29,3,,TD,,,0,,1.20,1.14,0.30,1.02,0,0,0,0,4.53,4.59,4.39,4.57,VMS 2,,Tanque,,1.62,1.56,0.66,1.38,2.30,2.10,1.35,1.54
24/02/2023 02:07 a. m.,Ordeño,08:12,16.66,1,,,,,0,TD,1.26,1.02,0.90,1.08,0,0,0,0,4.76,4.69,3.95,5.09,VMS 2,,Tanque,,1.62,1.44,1.38,1.62,4.30,3.77,3.85,4.74
24/02/2023 02:04 p. m.,Ordeño,07:25,18.06,2,,,,,0,,1.20,1.20,0.90,1.02,0,0,0,0,4.80,4.87,4.82,4.81,VMS 2,,Tanque,,1.56,1.62,1.26,1.38,5.26,4.34,3.96,4.50
24/02/2023 10:27 p. m.,Ordeño,09:15,6.15,3,,,TD,TD,0,,1.08,1.02,0.66,0.00,0,0,0,0,4.67,4.75,4.46,0.00,VMS 2,,Tanque,,1.68,1.44,1.14,0.00,2.39,2.04,1.72,0.00
25/02/2023 11:02 a. m.,Ordeño,08:43,18.99,1,,,,,0,,1.32,1.08,0.90,1.14,0,0,0,0,4.91,5.03,5.06,5.04,VMS 2,,Tanque,,1.74,1.50,1.32,1.68,4.66,4.27,3.98,6.08
25/02/2023 05:33 p. m.,Ordeño,07:15,7.57,2,,,,,0,,1.26,1.14,0.90,0.78,0,0,0,0,4.83,4.96,4.92,4.79,VMS 2,,Tanque,,1.80,1.62,1.44,1.50,2.17,1.84,1.68,1.88
25/02/2023 11:51 p. m.,Ordeño,08:51,8.73,1,,,,,0,,1.02,1.08,0.78,0.90,0,0,0,0,4.56,4.71,4.82,4.42,VMS 2,,Tanque,,1.92,1.56,1.14,1.32,2.50,2.20,2.05,1.98
26/02/2023 06:30 a. m.,Ordeño,06:55,9.65,1,,DI,,,0,,1.20,1.08,0.96,0.90,0,0,0,0,4.83,4.97,4.86,4.96,VMS 2,,Tanque,,1.68,1.50,1.44,1.38,1.82,2.61,2.48,2.74
26/02/2023 06:38 p. m.,Ordeño,08:09,19.22,2,,,,,0,,1.26,1.38,1.02,1.08,0,0,0,0,4.92,5.02,4.85,4.97,VMS 2,,Tanque,,1.62,1.86,1.50,1.56,6.44,3.91,4.17,4.70
27/02/2023 01:23 p. m.,Ordeño,09:04,24.68,1,,TI,,,0,,1.26,1.32,1.02,1.08,0,0,0,0,5.11,5.07,5.16,4.97,VMS 2,,Tanque,,1.62,1.68,1.62,1.62,6.56,6.07,5.03,7.02
28/02/2023 12:13 a. m.,Ordeño,09:56,16.35,1,,,,,0,,1.20,1.20,0.96,0.96,0,0,0,0,4.72,4.68,4.92,4.64,VMS 2,,Tanque,,1.56,1.92,1.32,1.38,4.49,3.70,4.11,4.05
28/02/2023 08:33 a. m.,Ordeño,11:02,12.62,2,,,,,0,,1.02,1.14,0.90,0.96,0,0,0,0,4.55,4.62,4.62,4.45,VMS 2,,Tanque,,1.92,1.62,1.68,1.50,3.58,3.17,3.04,2.83
28/02/2023 03:32 p. m.,Ordeño,05:43,8.98,3,,,,,0,,1.02,0.96,0.84,0.96,0,0,0,0,4.47,4.55,4.62,4.31,VMS 2,,Tanque,,1.56,1.38,1.32,1.44,2.63,2.24,1.92,2.19
28/02/2023 10:56 p. m.,Ordeño,05:56,11.77,4,,,,,0,,1.26,1.02,0.90,0.96,0,0,0,0,4.60,4.58,4.79,4.38,VMS 2,,Tanque,,1.62,1.38,1.50,1.32,3.10,2.85,2.82,3.00
01/03/2023 08:59 a. m.,Ordeño,07:46,11.66,1,,,DI,DI,0,,0.00,1.32,1.08,1.08,0,0,0,0,0.00,4.71,4.72,4.87,VMS 2,,Tanque,,0.00,2.10,1.44,1.56,0.00,4.08,3.75,3.83
01/03/2023 02:07 p. m.,Ordeño,08:16,9.46,2,,,,,0,,0.96,1.14,0.84,0.84,0,0,0,0,4.65,5.04,4.72,4.81,VMS 2,,Tanque,,1.32,1.62,1.20,1.20,1.68,5.18,1.32,1.28
01/03/2023 11:22 p. m.,Ordeño,06:05,12.46,3,,,,,0,,1.08,1.08,0.96,0.96,0,0,0,0,4.47,4.64,4.60,4.44,VMS 2,,Tanque,,1.44,1.74,1.32,1.50,3.54,2.84,2.76,3.32
02/03/2023 01:03 p. m.,Ordeño,08:31,19.72,1,,,,,0,,1.08,1.02,0.84,0.96,0,0,384,0,5.01,4.83,5.12,4.87,VMS 2,,Tanque,,1.56,1.50,1.26,1.44,5.52,4.77,4.44,4.99
02/03/2023 11:13 p. m.,Ordeño,06:37,14.90,2,,,,,0,,1.20,1.38,1.02,1.08,0,0,0,0,4.59,4.58,4.75,4.70,VMS 2,,Tanque,,1.62,1.86,1.44,1.56,4.32,3.48,3.23,3.87
03/03/2023 01:54 p. m.,Ordeño,07:47,19.94,1,,,,,0,,1.26,1.38,0.96,1.02,0,0,0,0,4.90,4.88,5.02,4.97,VMS 2,,Tanque,,1.62,1.98,1.38,1.62,4.99,5.11,4.52,5.32
03/03/2023 10:19 p. m.,Ordeño,06:17,12.13,2,,,,,0,,1.08,1.32,0.72,0.84,0,0,0,0,4.44,4.51,4.64,4.43,VMS 2,,Tanque,,1.50,1.92,1.08,1.32,3.44,3.08,2.57,3.04
04/03/2023 09:20 a. m.,Ordeño,06:44,16.98,1,,,,,0,,1.26,1.26,0.96,1.14,0,0,0,0,4.72,4.89,4.84,4.91,VMS 2,,Tanque,,1.62,1.68,1.32,1.74,4.95,3.36,4.10,4.57
04/03/2023 04:22 p. m.,Ordeño,05:49,8.71,2,,,,,0,,1.08,1.02,0.90,0.96,0,0,0,0,4.53,4.68,4.65,4.50,VMS 2,,Tanque,,1.44,1.44,1.32,1.38,2.88,1.73,1.93,2.17
05/03/2023 02:29 a. m.,Ordeño,07:57,11.23,1,,,TI,TI,0,,1.26,1.32,0.00,1.02,0,0,0,0,4.40,4.51,0.00,4.23,VMS 2,,Tanque,,1.68,2.22,0.00,1.44,3.85,3.61,0.00,3.77
05/03/2023 05:35 p. m.,Ordeño,08:53,21.60,2,,,,,0,,1.14,1.08,0.78,1.08,0,0,0,0,4.64,4.52,4.85,5.09,VMS 2,,Tanque,,1.56,1.62,1.20,1.56,5.29,5.27,4.32,6.72
06/03/2023 02:54 a. m.,Ordeño,07:21,12.38,1,,,,,0,,1.14,1.26,0.90,0.96,0,0,0,0,4.43,4.62,4.64,4.87,VMS 2,,Tanque,,1.68,1.86,1.32,1.50,3.71,3.22,2.63,2.82
06/03/2023 09:13 a. m.,Ordeño,08:36,8.77,2,,,,,0,,1.14,1.08,0.84,0.84,0,0,0,0,4.59,4.51,4.69,4.70,VMS 2,,Tanque,,1.68,1.56,1.20,1.38,2.54,2.13,2.07,2.03
06/03/2023 07:16 p. m.,Ordeño,06:28,12.67,3,,,,,0,,1.02,0.96,0.78,0.90,0,0,0,0,4.48,4.51,4.63,4.53,VMS 2,,Tanque,,1.38,1.68,1.14,1.32,3.51,3.37,2.71,3.08
07/03/2023 07:23 a. m.,Ordeño,06:39,17.03,1,,,,,0,,1.14,1.08,1.02,1.08,0,0,0,0,4.70,4.71,4.77,4.84,VMS 2,,Tanque,,1.50,1.68,1.38,1.56,4.32,4.33,3.88,4.50
07/03/2023 11:36 p. m.,Ordeño,07:56,20.39,2,,,,,0,,1.14,1.14,0.90,1.02,0,0,0,0,4.61,4.66,4.77,4.65,VMS 2,,Tanque,,1.44,1.56,1.38,1.44,5.74,4.95,4.51,5.19
08/03/2023 09:35 a. m.,Ordeño,06:26,14.56,1,,,,,0,,1.20,1.14,0.96,0.96,0,0,0,0,4.72,4.81,4.82,4.88,VMS 2,,Tanque,,1.62,1.86,1.32,1.38,4.17,3.43,3.31,3.65
08/03/2023 10:37 p. m.,Ordeño,08:39,16.16,2,,,,,0,,1.08,1.32,0.90,0.96,0,0,0,0,4.66,4.86,4.75,4.76,VMS 2,,Tanque,,1.38,1.74,1.26,1.44,4.56,3.93,3.44,4.23
09/03/2023 11:43 a. m.,Ordeño,06:59,18.54,1,,,,,0,,1.26,1.26,0.96,1.02,0,0,0,0,4.78,4.80,4.60,4.86,VMS 2,,Tanque,,1.56,1.62,1.26,1.50,5.19,4.60,4.14,4.61
09/03/2023 07:21 p. m.,Ordeño,10:03,7.41,2,,,TI,TI,0,,0.96,1.02,0.00,0.90,0,0,0,0,4.41,4.51,0.00,4.39,VMS 2,,Tanque,,1.44,1.56,0.00,1.26,2.78,2.41,0.00,2.22
10/03/2023 07:35 a. m.,Ordeño,08:34,18.19,1,,,,,0,,1.08,1.08,0.96,1.08,0,0,0,0,4.40,4.47,4.53,4.76,VMS 2,,Tanque,,1.62,1.50,1.38,1.62,4.08,3.99,3.41,6.71
10/03/2023 02:12 p. m.,Ordeño,05:11,6.98,2,,,,,0,,1.08,0.96,0.78,0.72,0,0,0,0,4.54,4.60,4.59,4.56,VMS 2,,Tanque,,1.50,1.38,1.20,1.32,1.97,1.89,1.44,1.68
11/03/2023 02:30 a. m.,Ordeño,06:50,15.83,1,,,,,0,,1.14,1.08,0.96,0.90,0,0,0,0,4.70,4.65,4.73,4.61,VMS 2,,Tanque,,1.50,1.50,1.26,1.38,4.37,4.10,3.68,3.68
11/03/2023 01:02 p. m.,Ordeño,07:51,10.43,2,,DD,TI,TI,0,,1.26,1.14,0.00,0.96,0,0,0,0,4.92,4.71,0.00,4.64,VMS 2,,Tanque,,1.68,1.56,0.00,1.38,4.26,2.48,0.00,3.69
11/03/2023 06:58 p. m.,Ordeño,11:07,11.74,3,,,,,0,,1.20,1.20,0.78,1.08,0,0,0,0,4.58,4.80,4.68,5.03,VMS 2,,Tanque,,1.56,1.56,1.14,1.50,2.05,2.55,1.58,5.56
12/03/2023 06:48 a. m.,Ordeño,07:10,16.05,1,,,,,0,,1.14,1.26,0.90,1.02,0,0,0,0,4.59,4.73,4.73,4.64,VMS 2,,Tanque,,1.50,1.68,1.26,1.38,4.77,3.54,3.82,3.92
12/03/2023 01:57 p. m.,Ordeño,06:23,8.52,2,,,,,0,,0.84,1.08,0.78,0.72,0,0,0,0,4.57,4.62,4.67,4.43,VMS 2,,Tanque,,1.38,1.50,1.26,1.08,2.58,2.08,1.93,1.93
12/03/2023 11:05 p. m.,Ordeño,06:25,12.66,3,,,,,0,,1.08,1.08,0.84,0.90,0,0,0,0,4.58,4.50,4.57,4.44,VMS 2,,Tanque,,1.44,1.50,1.14,1.26,3.48,3.10,2.89,3.19
13/03/2023 02:21 p. m.,Ordeño,08:15,21.23,1,,,,,0,,1.08,1.14,0.90,0.96,0,0,0,0,4.97,4.88,5.00,4.99,VMS 2,,Tanque,,1.56,1.56,1.26,1.38,5.64,5.08,4.92,5.59
13/03/2023 10:54 p. m.,Ordeño,06:12,11.65,2,,,,,0,,1.08,1.20,0.84,0.96,0,0,0,0,4.38,4.47,4.62,4.56,VMS 2,,Tanque,,1.56,1.68,1.20,1.38,3.23,2.92,2.47,3.03
14/03/2023 10:53 a. m.,Ordeño,07:54,17.28,1,,,,,0,,1.26,1.26,1.08,1.02,0,0,0,0,4.93,4.89,4.97,4.83,VMS 2,,Tanque,,1.56,1.62,1.44,1.44,4.23,4.59,4.60,3.86
14/03/2023 06:30 p. m.,Ordeño,05:55,9.48,2,,,,,0,,0.96,1.02,0.78,0.84,0,0,0,0,4.32,4.55,4.60,4.62,VMS 2,,Tanque,,1.38,1.44,1.20,1.26,2.83,2.28,1.94,2.43
15/03/2023 12:29 a. m.,Ordeño,05:06,8.69,1,,,,,0,,1.08,1.08,0.84,0.96,0,0,0,0,4.44,4.38,4.41,4.46,VMS 2,,Tanque,,1.50,1.56,1.20,1.44,2.35,2.25,1.91,2.18
15/03/2023 01:26 p. m.,Ordeño,07:25,19.93,2,,,,,0,,1.26,1.38,0.96,1.08,0,0,0,0,4.71,4.82,4.82,4.81,VMS 2,,Tanque,,1.62,1.86,1.26,1.44,5.43,4.92,4.61,4.97
15/03/2023 11:08 p. m.,Ordeño,05:27,13.56,3,,,,,0,,1.32,1.26,1.02,1.08,0,0,0,0,4.64,4.61,4.77,4.61,VMS 2,,Tanque,,1.86,1.68,1.44,1.44,3.63,3.38,3.01,3.54
16/03/2023 07:11 a. m.,Ordeño,05:58,12.21,1,,,,,0,,1.08,1.08,0.78,0.90,0,0,0,0,4.60,4.48,4.49,4.45,VMS 2,,Tanque,,1.38,1.50,1.20,1.44,3.38,2.98,2.56,3.29
16/03/2023 03:33 p. m.,Ordeño,06:25,12.56,2,,,,,0,,1.02,1.02,0.84,0.84,0,0,0,0,4.47,4.48,4.68,4.47,VMS 2,,Tanque,,1.44,1.44,1.20,1.26,3.47,3.17,2.82,3.10
16/03/2023 10:54 p. m.,Ordeño,05:11,9.37,3,,,,,0,,1.08,1.20,0.84,0.90,0,0,0,0,4.45,4.50,4.47,4.47,VMS 2,,Tanque,,1.50,1.68,1.32,1.26,2.69,2.24,1.94,2.50
17/03/2023 05:23 p. m.,Ordeño,08:39,15.43,1,,DD,TI,TI,0,,1.26,1.32,0.00,1.08,0,0,0,0,4.90,4.89,0.00,5.01,VMS 2,,Tanque,,1.98,2.16,0.00,1.68,5.83,4.46,0.00,5.14
19/03/2023 01:02 a. m.,Ordeño,05:50,9.87,1,,,,,0,,1.14,1.20,0.66,0.96,0,0,0,0,4.32,4.35,4.79,4.30,VMS 2,,Tanque,,1.86,1.80,1.14,1.38,3.03,2.55,1.68,2.61
19/03/2023 10:40 a. m.,Ordeño,05:54,13.51,2,,,,,0,TI,1.20,1.20,1.02,1.02,0,0,0,0,4.65,4.64,5.21,4.20,VMS 2,,Tanque,,1.68,1.62,1.44,1.62,3.65,3.49,2.75,3.62
19/03/2023 05:50 p. m.,Ordeño,06:13,9.73,3,,,,,0,,1.08,1.26,0.84,1.02,0,0,0,0,4.52,4.77,5.03,4.64,VMS 2,,Tanque,,1.44,1.62,1.26,1.44,2.89,2.51,1.78,2.55
20/03/2023 03:29 a. m.,Ordeño,05:48,12.80,1,,TD,,,0,,1.20,1.32,1.02,1.02,0,0,0,0,4.53,4.53,4.92,4.37,VMS 2,,Tanque,,1.62,1.86,1.32,1.44,3.82,3.12,2.83,3.03
20/03/2023 10:29 a. m.,Ordeño,05:47,10.85,2,,,,,0,,1.38,1.20,0.90,0.96,0,0,0,0,4.91,4.75,5.06,4.64,VMS 2,,Tanque,,1.92,1.62,1.26,1.56,2.92,2.52,2.16,3.25
20/03/2023 07:11 p. m.,Ordeño,06:26,10.55,3,,,,,0,,0.96,1.44,0.90,0.96,0,0,0,0,4.46,4.70,4.85,4.54,VMS 2,,Tanque,,1.44,1.98,1.38,1.56,3.21,2.58,2.09,2.67
21/03/2023 03:18 a. m.,Ordeño,06:10,10.92,1,,,,,0,,0.90,1.20,0.84,0.78,0,0,0,0,4.52,4.57,4.42,4.86,VMS 2,,Tanque,,1.32,1.62,1.32,1.20,3.09,2.58,2.89,2.36
21/03/2023 05:26 p. m.,Ordeño,08:58,18.55,2,,,,,0,,1.26,1.38,0.96,0.96,0,0,0,0,5.03,5.07,5.20,5.00,VMS 2,,Tanque,,1.68,1.86,1.38,1.56,5.00,4.55,4.08,4.92
22/03/2023 04:57 a. m.,Ordeño,07:30,16.47,1,,,,,0,,1.14,1.38,1.02,1.02,0,0,0,0,4.69,4.83,4.94,4.64,VMS 2,,Tanque,,1.56,1.92,1.68,1.68,4.30,4.15,3.66,4.36
22/03/2023 04:43 p. m.,Ordeño,07:39,16.06,2,,TD,,,0,,1.08,1.38,1.08,0.96,0,0,0,0,4.62,4.83,4.93,4.78,VMS 2,,Tanque,,1.56,1.80,1.50,1.32,4.46,3.74,3.84,4.02
23/03/2023 03:14 a. m.,Ordeño,06:13,13.86,1,,,,,0,,1.14,1.26,0.96,0.96,0,0,0,0,4.48,4.55,4.62,4.31,VMS 2,,Tanque,,1.56,1.68,1.38,1.44,3.96,3.41,3.15,3.34
23/03/2023 05:23 p. m.,Ordeño,06:38,16.82,2,,,,,0,,1.32,1.38,0.96,1.02,0,0,0,0,4.94,4.95,4.90,4.91,VMS 2,,Tanque,,1.86,1.80,1.38,1.50,4.73,4.30,3.61,4.18
24/03/2023 03:47 a. m.,Ordeño,06:58,14.69,1,,,,,0,,1.20,1.14,0.90,0.90,0,0,0,0,4.70,4.69,4.71,4.60,VMS 2,,Tanque,,1.62,1.50,1.26,1.38,4.01,3.64,3.24,3.80
24/03/2023 10:27 a. m.,Ordeño,05:27,9.32,2,,,,,0,,1.08,1.26,0.90,0.96,0,0,0,0,4.89,4.92,4.90,4.72,VMS 2,,Tanque,,1.68,1.62,1.20,1.32,2.60,2.31,1.98,2.43
24/03/2023 06:57 p. m.,Ordeño,10:01,10.55,3,,,,,0,,1.20,1.08,0.78,0.84,0,0,0,0,4.79,4.77,4.83,4.63,VMS 2,,Tanque,,1.68,1.62,1.14,1.32,2.87,2.74,2.43,2.51
25/03/2023 10:46 a. m.,Ordeño,07:44,22.03,1,,,,,0,,1.32,1.44,1.14,1.14,0,0,0,0,5.02,5.16,5.11,5.07,VMS 2,,Tanque,,1.92,1.86,1.56,1.62,5.20,5.57,5.21,6.05
25/03/2023 05:33 p. m.,Ordeño,06:27,8.33,2,,,,,0,,1.26,1.02,0.78,0.78,0,0,0,0,4.89,4.66,4.84,4.71,VMS 2,,Tanque,,1.74,1.44,1.20,1.08,2.41,2.20,1.73,1.99
26/03/2023 01:46 a. m.,Ordeño,08:06,10.35,1,,,,,0,,1.26,1.20,0.90,0.90,0,0,0,0,4.45,4.43,4.55,4.46,VMS 2,,Tanque,,1.74,1.80,1.20,1.38,2.92,2.59,2.28,2.56
26/03/2023 11:39 a. m.,Ordeño,10:05,11.65,2,,,TD,TD,0,,1.26,1.26,0.96,0.00,0,0,0,0,4.91,4.97,4.89,0.00,VMS 2,,Tanque,,1.68,1.68,1.26,0.00,4.35,3.61,3.69,0.00
26/03/2023 08:50 p. m.,Ordeño,07:02,13.79,3,,,,,0,,1.20,1.32,0.96,1.02,0,0,0,0,4.78,4.97,4.58,4.90,VMS 2,,Tanque,,1.62,1.68,1.38,1.44,3.77,3.04,2.56,4.42
27/03/2023 03:33 a. m.,Ordeño,06:25,9.18,1,,,,,0,,1.14,1.26,0.96,0.96,0,0,0,0,4.60,4.70,4.59,4.74,VMS 2,,Tanque,,1.56,1.68,1.38,1.44,2.50,2.35,2.05,2.28
27/03/2023 04:10 p. m.,Ordeño,07:14,17.69,2,,,,,0,,1.32,1.38,1.02,1.08,0,0,0,0,4.72,4.88,4.81,4.75,VMS 2,,Tanque,,1.74,1.68,1.38,1.50,4.72,4.60,4.08,4.29
27/03/2023 10:01 p. m.,Ordeño,05:47,6.31,3,,,,,0,,1.02,1.14,0.66,0.78,0,0,0,0,4.70,4.75,4.45,4.66,VMS 2,,Tanque,,1.44,1.68,1.32,1.26,1.84,1.56,1.32,1.59
28/03/2023 07:30 a. m.,Ordeño,08:58,13.94,1,,,,,0,,1.14,1.32,0.96,1.02,0,0,0,0,4.60,4.69,4.66,4.51,VMS 2,,Tanque,,1.68,1.80,1.32,1.80,3.75,3.39,3.12,3.68
28/03/2023 04:48 p. m.,Ordeño,06:01,12.55,2,,,,,0,,1.14,1.26,0.90,1.02,0,0,0,0,4.84,4.98,4.98,4.83,VMS 2,,Tanque,,1.56,1.62,1.38,1.56,3.38,3.41,2.71,3.05
29/03/2023 02:01 a. m.,Ordeño,06:16,12.55,1,,,,,0,,1.02,1.26,0.96,1.02,0,0,0,0,4.74,4.80,4.82,4.48,VMS 2,,Tanque,,1.44,1.92,1.38,1.68,3.46,3.05,2.92,3.12
29/03/2023 09:49 a. m.,Ordeño,05:51,12.01,2,,,,,0,,1.14,1.32,0.90,0.90,0,0,0,0,4.75,4.94,4.96,4.85,VMS 2,,Tanque,,1.56,1.74,1.26,1.44,3.43,3.01,2.68,2.89
29/03/2023 06:51 p. m.,Ordeño,07:10,12.60,3,,,,,0,,1.26,1.26,0.96,1.02,0,0,0,0,4.73,4.72,4.83,4.68,VMS 2,,Tanque,,1.62,1.68,1.38,1.50,3.49,3.18,2.99,2.94
30/03/2023 08:07 a. m.,Ordeño,07:11,18.00,1,,,,,0,,1.20,1.38,1.02,0.96,0,0,0,0,4.71,4.81,4.83,4.75,VMS 2,,Tanque,,1.62,1.74,1.32,1.38,5.30,4.25,4.20,4.25
30/03/2023 02:18 p. m.,Ordeño,05:31,7.77,2,,,,,0,,0.96,1.20,0.84,0.78,0,0,0,0,4.66,4.79,4.84,4.60,VMS 2,,Tanque,,1.38,1.62,1.26,1.26,2.38,1.81,1.80,1.78
31/03/2023 12:56 a. m.,Ordeño,06:47,15.66,1,,,,,0,,1.14,1.20,0.90,0.96,0,0,0,0,4.70,4.61,4.82,4.62,VMS 2,,Tanque,,1.56,1.56,1.26,1.44,4.34,3.83,3.51,3.98
31/03/2023 09:05 a. m.,Ordeño,07:00,12.21,2,,,,,0,,1.14,1.14,0.84,0.96,0,0,0,0,4.56,4.67,4.70,4.56,VMS 2,,Tanque,,1.50,1.56,1.20,1.44,3.42,2.93,2.69,3.17
31/03/2023 05:46 p. m.,Ordeño,05:41,10.81,3,,TD,,,0,,1.14,1.20,0.90,0.90,0,0,0,0,4.57,4.82,4.67,4.77,VMS 2,,Tanque,,1.44,1.62,1.32,1.50,3.15,2.64,2.53,2.49
01/04/2023 02:59 a. m.,Ordeño,07:26,13.50,1,,,,,0,,1.08,1.20,1.08,0.90,0,0,0,0,4.51,4.54,4.64,4.66,VMS 2,,Tanque,,1.50,1.56,1.44,1.20,3.80,3.17,3.51,3.02
01/04/2023 11:01 a. m.,Ordeño,05:19,10.67,2,,,,,0,,1.08,1.26,0.96,1.02,0,0,0,0,4.71,4.89,4.88,4.69,VMS 2,,Tanque,,1.44,1.68,1.32,1.50,2.94,2.61,2.41,2.71
01/04/2023 06:00 p. m.,Ordeño,06:47,8.07,3,,,,,0,,0.84,1.08,0.84,0.78,0,0,0,0,4.57,4.70,4.66,4.76,VMS 2,,Tanque,,1.26,1.56,1.38,1.14,2.37,2.07,1.84,1.79
02/04/2023 05:05 a. m.,Ordeño,08:39,12.25,1,,,TD,TD,0,,1.26,1.20,0.96,0.00,0,0,0,0,4.72,4.67,4.80,0.00,VMS 2,,Tanque,,1.62,1.92,1.26,0.00,4.59,3.90,3.76,0.00
02/04/2023 08:43 a. m.,Ordeño,08:38,3.91,2,,,"TI,TD",TI,0,,0.78,0.96,0.06,0.48,0,0,0,0,4.59,4.73,0.00,4.57,VMS 2,,Tanque,,1.32,1.56,0.18,0.90,1.49,1.33,0.05,1.04
02/04/2023 05:48 p. m.,Ordeño,08:33,14.19,3,,,,,0,,1.08,1.20,0.84,1.02,0,0,0,0,4.65,4.67,4.84,5.27,VMS 2,,Tanque,,1.56,1.56,1.32,1.38,3.45,3.01,2.70,5.03
04/04/2023 07:24 a. m.,Ordeño,10:06,18.82,1,,TD,,,0,,1.08,1.26,0.96,1.20,0,374,353,374,5.28,5.34,5.89,6.04,VMS 2,,Tanque,,1.62,1.68,1.56,1.62,5.89,4.79,5.50,2.64
05/04/2023 12:01 a. m.,Ordeño,09:50,2.63,1,,,Todos,TI,0,,0.54,0.78,0.00,0.48,0,0,0,0,4.66,4.81,0.00,4.92,VMS 2,,Tanque,,0.90,1.32,0.00,0.96,0.96,1.01,0.00,0.66
05/04/2023 04:46 p. m.,Ordeño,06:17,12.03,2,,,,,0,,1.20,1.32,0.84,0.84,0,0,0,0,5.33,5.44,5.39,5.55,VMS 2,,Tanque,,1.62,1.80,1.32,1.50,4.03,3.64,2.22,2.14
06/04/2023 02:14 a. m.,Ordeño,09:54,7.22,1,,,TI,,0,,0.96,0.96,0.60,0.54,0,0,0,0,4.57,4.72,4.90,4.77,VMS 2,,Tanque,,1.74,1.62,1.50,1.14,2.23,2.12,1.21,1.66
06/04/2023 12:50 p. m.,Ordeño,06:44,9.87,2,,DI,,,0,,1.38,1.02,0.96,0.90,0,0,0,0,5.07,4.49,5.24,5.37,VMS 2,,Tanque,,1.98,1.62,1.50,1.74,2.81,2.92,2.08,2.06
06/04/2023 09:43 p. m.,Ordeño,08:39,9.31,3,,,,,0,,1.20,1.08,0.78,0.84,0,0,0,0,4.84,4.63,5.12,4.70,VMS 2,,Tanque,,1.74,1.68,1.38,1.26,3.27,2.31,1.94,1.79
08/04/2023 03:54 a. m.,Ordeño,07:03,7.08,1,,,,,0,,1.14,1.20,0.84,0.42,0,0,0,0,4.67,4.79,4.66,4.63,VMS 2,,Tanque,,1.62,1.62,1.44,0.78,2.07,1.88,1.68,1.45
08/04/2023 10:33 p. m.,Ordeño,08:00,21.94,2,,,,,0,,1.20,1.20,0.90,0.96,0,0,0,0,5.26,5.46,5.33,5.52,VMS 2,,Tanque,,1.50,1.56,1.26,1.38,6.28,5.84,4.70,5.12
09/04/2023 10:21 a. m.,Ordeño,05:44,10.75,1,,,,,0,,1.26,1.14,0.90,1.02,0,0,0,0,4.90,4.78,4.96,4.66,VMS 2,,Tanque,,1.86,1.68,1.38,1.56,3.43,2.74,2.33,2.25
09/04/2023 11:01 p. m.,Ordeño,06:13,10.67,1,,,DI,DI,0,,0.00,1.32,0.96,1.08,0,0,0,0,0.00,5.19,5.14,5.25,VMS 2,,Tanque,,0.00,1.74,1.32,1.50,0.00,3.81,3.22,3.64
10/04/2023 08:55 a. m.,Ordeño,09:59,15.21,2,,,,,0,,1.08,1.32,0.84,1.02,0,0,0,0,5.07,5.04,5.00,5.00,VMS 2,,Tanque,,1.56,1.86,1.38,1.50,6.17,3.24,2.86,2.94
10/04/2023 02:12 p. m.,Ordeño,08:03,4.59,3,,,TD,TD,0,,1.02,1.08,0.66,0.00,0,0,0,0,4.72,4.77,4.89,0.00,VMS 2,,Tanque,,1.56,1.50,1.02,0.00,1.69,1.64,1.26,0.00
11/04/2023 02:26 a. m.,Ordeño,10:30,16.05,1,,,,,0,,1.26,1.32,1.02,0.96,0,0,0,0,4.90,4.93,5.22,4.84,VMS 2,,Tanque,,1.62,1.80,1.50,1.44,3.89,3.91,4.84,3.41
11/04/2023 11:49 a. m.,Ordeño,05:28,11.40,2,,,,,0,,1.20,1.26,1.02,1.14,0,0,0,0,4.91,4.90,4.95,4.81,VMS 2,,Tanque,,1.62,1.74,1.38,1.62,3.23,3.07,2.58,2.52
12/04/2023 12:16 a. m.,Ordeño,08:50,10.69,1,,,TD,TD,0,,1.32,1.32,1.14,0.00,0,0,0,0,4.79,4.89,4.87,0.00,VMS 2,,Tanque,,2.28,1.68,1.56,0.00,3.74,3.62,3.33,0.00
12/04/2023 10:12 a. m.,Ordeño,06:23,10.85,2,,,,DI,0,,0.00,1.26,0.96,1.14,0,0,0,0,0.00,5.02,5.06,5.34,VMS 2,,Tanque,,0.00,1.74,1.38,1.56,0.00,3.40,2.93,4.52
12/04/2023 11:39 p. m.,Ordeño,07:40,17.97,1,,,,,0,,1.32,1.20,0.96,1.02,0,0,0,0,5.00,4.94,4.88,5.01,VMS 2,,Tanque,,1.74,1.74,1.26,1.44,6.42,4.41,3.90,3.24
13/04/2023 11:52 a. m.,Ordeño,08:47,12.58,2,,TD,TD,,0,,1.32,1.38,1.02,1.02,0,0,0,0,4.80,4.96,5.17,5.11,VMS 2,,Tanque,,1.80,2.04,1.44,1.56,3.72,4.22,3.56,1.08
14/04/2023 12:27 a. m.,Ordeño,10:08,19.65,1,,,,,0,,1.02,1.14,0.90,0.90,0,0,0,0,4.80,4.82,5.15,5.06,VMS 2,,Tanque,,1.38,1.56,1.26,1.32,4.95,4.38,6.31,4.01
14/04/2023 04:21 p. m.,Ordeño,07:44,20.59,2,,,,,0,,1.38,1.26,1.08,0.96,0,0,0,0,4.87,4.88,4.77,5.11,VMS 2,,Tanque,,1.74,1.62,1.44,1.44,5.67,5.49,4.23,5.20
15/04/2023 03:09 a. m.,Ordeño,07:40,10.67,1,,,DD,DD,0,,1.26,0.00,0.96,0.96,0,0,0,0,4.62,0.00,4.82,4.67,VMS 2,,Tanque,,1.62,0.00,1.32,1.38,4.12,0.00,3.49,3.06
15/04/2023 04:47 p. m.,Ordeño,07:49,20.64,2,,,,,0,,1.32,1.26,0.96,0.90,0,0,0,0,4.97,5.25,4.88,5.06,VMS 2,,Tanque,,1.80,1.74,1.26,1.44,5.62,6.07,4.21,4.74
16/04/2023 09:29 a. m.,Ordeño,07:22,10.41,1,,,"DI,DD","DI,DD",0,,0.00,0.00,1.14,1.08,0,0,0,0,0.00,0.00,5.08,4.91,VMS 2,,Tanque,,0.00,0.00,1.50,1.44,0.00,0.00,5.40,5.01
16/04/2023 09:51 p. m.,Ordeño,09:14,18.75,2,,TD,,,0,,1.56,1.32,1.08,0.78,0,0,0,0,4.78,5.05,4.61,4.41,VMS 2,,Tanque,,1.92,1.74,1.62,1.20,6.14,6.12,3.25,3.24
17/04/2023 10:06 a. m.,Ordeño,06:14,13.66,1,,,,,0,,1.20,1.26,0.96,0.90,0,0,0,0,4.75,4.78,4.79,4.72,VMS 2,,Tanque,,1.74,1.80,1.26,1.26,3.88,2.94,3.75,3.09
17/04/2023 08:07 p. m.,Ordeño,08:27,10.68,2,,TI,,,0,,1.26,1.26,1.08,1.02,0,0,0,0,5.08,5.09,5.14,4.85,VMS 2,,Tanque,,1.80,1.74,1.38,1.38,3.99,3.20,1.83,1.66
18/04/2023 01:45 a. m.,Ordeño,08:58,10.85,1,,,,,0,,1.20,0.96,0.78,0.96,0,0,0,0,4.71,4.67,4.72,5.12,VMS 2,,Tanque,,1.62,1.44,1.26,1.44,2.20,1.67,1.47,5.51
18/04/2023 01:08 p. m.,Ordeño,06:52,14.71,2,,TI,,,0,,1.20,1.26,0.96,1.02,0,0,0,0,4.93,5.07,4.82,4.88,VMS 2,,Tanque,,1.62,1.74,1.38,1.44,4.78,3.97,2.14,3.82
18/04/2023 08:34 p. m.,Ordeño,07:05,13.07,3,,,,,0,,1.32,1.20,0.90,1.08,0,0,0,0,4.80,4.79,4.79,5.05,VMS 2,,Tanque,,1.74,1.74,1.26,1.62,3.35,2.70,2.44,4.58
19/04/2023 06:01 a. m.,Ordeño,09:29,13.96,1,,,,,0,,1.32,1.32,1.02,0.96,0,0,0,0,5.14,5.27,4.93,5.02,VMS 2,,Tanque,,1.74,1.80,1.44,1.32,4.13,3.31,3.35,3.17
19/04/2023 01:57 p. m.,Ordeño,08:46,7.99,2,,,TD,TD,0,,1.02,1.26,0.84,0.00,0,0,0,0,4.75,5.00,4.72,0.00,VMS 2,,Tanque,,1.86,1.62,1.32,0.00,3.05,2.55,2.39,0.00
19/04/2023 04:47 p. m.,Ordeño,05:35,5.69,3,,,,,0,,0.78,0.72,0.42,1.02,0,0,0,0,4.48,4.67,4.51,5.10,VMS 2,,Tanque,,1.20,1.20,0.78,1.56,1.02,0.85,0.69,3.13
19/04/2023 10:45 p. m.,Ordeño,08:13,8.47,4,,,,,0,,1.08,1.20,0.78,0.78,0,0,0,0,4.77,4.81,4.60,4.66,VMS 2,,Tanque,,1.56,1.68,1.20,1.38,2.44,2.18,1.77,2.08
20/04/2023 06:25 a. m.,Ordeño,05:34,12.16,1,,,,,0,,1.26,1.20,0.90,0.96,0,0,0,0,5.09,5.14,4.94,5.00,VMS 2,,Tanque,,1.74,1.56,1.26,1.38,3.52,3.07,2.55,3.02
20/04/2023 09:00 p. m.,Ordeño,07:50,21.86,2,,TD,,,0,,1.32,1.26,1.08,1.08,0,0,0,0,5.27,5.53,5.03,5.34,VMS 2,,Tanque,,1.68,1.92,1.50,1.62,6.55,4.98,5.28,5.05
21/04/2023 06:36 a. m.,Ordeño,06:21,13.76,1,,,,,0,,1.26,1.32,0.96,1.08,0,0,0,0,4.96,5.05,4.76,4.92,VMS 2,,Tanque,,1.62,1.68,1.38,1.80,4.23,3.22,3.08,3.23
21/04/2023 07:52 p. m.,Ordeño,06:28,14.41,2,,,,,0,,1.20,1.20,0.90,0.90,0,0,0,0,4.99,5.04,4.90,5.03,VMS 2,,Tanque,,1.62,1.62,1.32,1.26,4.16,3.53,3.29,3.43
22/04/2023 03:15 a. m.,Ordeño,07:00,7.32,1,,,TD,TD,0,,1.14,1.08,0.84,0.00,0,0,0,0,4.52,4.62,4.51,0.00,VMS 2,,Tanque,,1.62,1.68,1.14,0.00,2.90,2.42,2.00,0.00
22/04/2023 11:50 a. m.,Ordeño,07:21,14.12,2,,,,,0,,1.38,1.38,1.08,1.26,0,0,0,0,4.94,4.90,4.82,5.10,VMS 2,,Tanque,,1.74,1.98,1.50,1.74,3.47,2.93,2.60,5.12
22/04/2023 07:20 p. m.,Ordeño,07:12,7.66,3,,TI,TD,,0,,0.96,1.08,0.84,0.48,0,0,0,0,4.74,4.77,4.59,4.53,VMS 2,,Tanque,,1.38,1.50,1.32,1.08,2.95,2.58,1.60,0.53
23/04/2023 03:06 a. m.,Ordeño,07:52,13.24,1,,,,,0,,1.26,1.20,1.08,0.90,0,0,0,0,4.88,4.84,4.97,4.68,VMS 2,,Tanque,,1.68,1.68,1.50,1.50,3.17,2.68,4.85,2.54
23/04/2023 01:27 p. m.,Ordeño,06:38,14.82,2,,,,,0,,1.26,1.32,1.02,1.08,0,0,0,0,4.61,4.98,4.93,4.78,VMS 2,,Tanque,,1.74,1.74,1.50,1.44,4.46,3.95,3.67,2.74
24/04/2023 01:44 a. m.,Ordeño,08:42,15.58,1,,,,,0,TI,1.26,1.20,1.02,0.72,0,0,0,0,4.75,4.71,4.81,3.63,VMS 2,,Tanque,,1.74,1.56,1.32,1.26,4.49,4.11,3.51,3.47
24/04/2023 04:57 p. m.,Ordeño,08:59,18.67,2,,,,,0,,1.26,1.26,1.02,1.02,0,0,0,0,5.06,5.23,5.16,5.32,VMS 2,,Tanque,,1.74,1.80,1.38,1.44,5.33,4.46,4.08,4.80
25/04/2023 06:50 a. m.,Ordeño,08:50,15.65,1,,,,,0,,1.26,1.20,0.96,1.02,0,0,0,0,4.67,4.69,4.69,4.71,VMS 2,,Tanque,,1.68,1.62,1.32,1.56,4.69,3.75,3.47,3.74
25/04/2023 04:30 p. m.,Ordeño,09:03,11.23,2,,,,,0,,1.32,1.20,0.72,0.90,0,0,0,0,4.52,4.63,4.56,4.46,VMS 2,,Tanque,,1.74,1.74,1.26,1.38,3.56,2.98,2.24,2.45
26/04/2023 02:13 a. m.,Ordeño,06:31,14.16,1,,,,,0,,1.26,1.20,1.02,1.08,0,0,0,0,4.97,4.95,4.91,5.00,VMS 2,,Tanque,,1.68,1.68,1.38,1.50,3.89,3.67,3.06,3.54
26/04/2023 06:53 p. m.,Ordeño,07:51,22.46,2,,,,,0,,1.32,1.38,1.14,1.20,0,0,0,0,4.82,5.41,5.08,5.33,VMS 2,,Tanque,,1.74,1.86,1.50,1.86,5.39,5.81,5.24,6.02
27/04/2023 06:48 a. m.,Ordeño,06:09,14.34,1,,,,,0,,1.32,1.32,1.02,1.08,0,0,0,0,4.73,4.89,4.84,4.76,VMS 2,,Tanque,,1.68,1.80,1.50,1.62,3.86,3.74,3.25,3.49
27/04/2023 08:14 p. m.,Ordeño,08:01,19.20,2,,,,,0,,1.20,1.38,1.08,1.02,0,0,0,0,5.08,5.34,5.12,5.37,VMS 2,,Tanque,,1.56,1.80,1.50,1.44,5.84,4.79,4.12,4.45
28/04/2023 03:33 a. m.,Ordeño,06:07,11.74,1,,,,,0,,1.20,1.26,1.02,0.96,0,0,0,0,4.99,5.01,5.01,5.02,VMS 2,,Tanque,,1.62,1.92,1.68,1.32,3.58,2.90,2.55,2.71
28/04/2023 11:44 a. m.,Ordeño,07:35,11.48,2,,TD,,,0,,1.32,1.32,1.08,0.90,0,0,0,0,4.98,5.06,5.15,4.92,VMS 2,,Tanque,,1.68,1.80,1.44,1.68,3.48,3.18,2.78,2.04
28/04/2023 10:11 p. m.,Ordeño,08:23,12.33,3,,,TI,TI,0,,1.38,1.38,0.00,1.14,0,0,0,0,4.91,5.12,0.00,5.02,VMS 2,,Tanque,,1.80,1.86,0.00,1.92,4.46,3.93,0.00,3.94
29/04/2023 08:26 a. m.,Ordeño,07:38,18.66,1,,,,,0,,1.38,1.38,0.96,1.14,0,0,0,0,5.01,5.06,4.95,5.35,VMS 2,,Tanque,,1.80,1.74,1.38,1.68,5.05,4.13,3.46,6.02
29/04/2023 11:40 p. m.,Ordeño,09:24,19.79,2,,,,,0,,1.38,1.38,1.20,1.08,0,0,0,0,4.79,4.95,5.01,5.08,VMS 2,,Tanque,,1.92,2.04,1.68,1.50,4.95,5.62,4.47,4.75
30/04/2023 11:39 a. m.,Ordeño,07:57,16.52,1,,,,,0,,1.32,1.50,1.26,1.14,0,0,0,0,4.71,4.82,5.13,4.83,VMS 2,,Tanque,,1.74,2.04,1.86,1.50,5.36,3.58,3.93,3.65
30/04/2023 05:08 p. m.,Ordeño,07:04,6.57,2,,,,,0,,0.78,1.02,0.84,0.90,0,0,0,0,4.46,4.75,4.82,4.81,VMS 2,,Tanque,,1.38,1.56,1.62,1.32,1.96,1.73,1.36,1.52
01/05/2023 01:19 a. m.,Ordeño,05:27,11.66,1,,,,,0,,1.32,1.32,1.02,0.96,0,0,0,0,4.75,4.66,4.75,4.80,VMS 2,,Tanque,,1.68,1.68,1.44,1.56,3.25,3.07,2.66,2.68
01/05/2023 03:25 p. m.,Ordeño,08:11,20.13,2,,,,,0,,1.38,1.38,1.20,1.08,0,0,0,0,5.09,5.20,5.55,5.12,VMS 2,,Tanque,,1.80,1.86,1.62,1.50,5.27,5.28,4.78,4.80
02/05/2023 03:30 a. m.,Ordeño,08:54,11.66,1,,,TD,TD,0,,1.26,1.32,1.08,0.00,0,0,0,0,4.63,4.67,4.67,0.00,VMS 2,,Tanque,,1.74,1.74,1.44,0.00,4.32,3.93,3.41,0.00
02/05/2023 11:25 a. m.,Ordeño,07:09,14.34,2,,,,,0,,1.32,1.38,1.02,1.20,0,0,0,0,4.84,4.91,4.86,5.35,VMS 2,,Tanque,,1.74,1.74,1.44,1.80,3.28,2.81,2.44,5.81
02/05/2023 10:30 p. m.,Ordeño,06:54,15.30,3,,,,,0,,1.32,1.32,1.08,1.08,0,0,0,0,4.98,5.05,4.85,4.82,VMS 2,,Tanque,,1.68,1.74,1.56,1.74,4.68,3.85,3.57,3.20
03/05/2023 03:33 p. m.,Ordeño,08:23,22.81,1,,TD,,,0,,1.38,1.38,1.08,1.14,0,0,0,0,5.08,5.10,5.18,5.15,VMS 2,,Tanque,,1.80,1.80,1.44,1.68,5.64,5.55,5.67,5.95
04/05/2023 02:52 a. m.,Ordeño,06:04,11.72,1,,,,,0,,1.38,1.26,1.02,1.02,0,0,0,0,4.75,4.68,4.66,4.27,VMS 2,,Tanque,,1.74,1.62,1.38,1.62,3.50,3.04,2.60,2.58
04/05/2023 03:19 p. m.,Ordeño,06:53,18.55,2,,,,,0,,1.32,1.50,1.14,1.26,0,0,0,0,5.27,5.44,5.22,5.52,VMS 2,,Tanque,,1.80,2.04,1.44,1.62,5.48,4.55,4.26,4.26
05/05/2023 08:43 a. m.,Ordeño,07:55,22.36,1,,,,,0,,1.32,1.50,1.14,1.26,0,0,0,0,5.10,5.15,5.06,5.40,VMS 2,,Tanque,,1.80,1.98,1.44,1.68,6.48,5.58,5.13,5.17
05/05/2023 11:40 p. m.,Ordeño,08:01,20.34,2,,,,,0,,1.14,1.32,0.96,1.08,0,0,0,0,5.01,5.02,5.07,5.27,VMS 2,,Tanque,,1.44,1.92,1.38,1.50,5.71,4.54,4.86,5.23
06/05/2023 03:07 p. m.,Ordeño,06:58,21.06,1,,,,,0,,1.38,1.44,1.14,1.20,0,0,0,0,4.96,5.00,5.07,5.21,VMS 2,,Tanque,,1.92,1.98,1.56,1.68,5.52,5.49,4.81,5.24
07/05/2023 12:09 a. m.,Ordeño,06:51,9.85,1,,,,,0,,1.14,1.26,0.84,0.96,0,0,0,0,4.59,4.62,4.68,4.46,VMS 2,,Tanque,,1.62,1.74,1.32,1.44,2.98,2.61,1.74,2.52
07/05/2023 09:05 a. m.,Ordeño,12:22,12.00,2,,,,TI,0,,1.32,1.32,0.00,0.60,0,0,0,0,4.66,4.76,0.00,4.47,VMS 2,,Tanque,,1.98,1.86,0.00,1.26,3.62,2.92,0.00,5.46
07/05/2023 03:32 p. m.,Ordeño,06:05,9.87,3,,,,,0,,1.26,1.26,0.84,1.14,0,0,0,0,5.00,4.99,4.96,5.42,VMS 2,,Tanque,,1.74,1.74,1.32,1.56,2.51,2.30,1.97,3.09
08/05/2023 06:07 a. m.,Ordeño,06:46,19.17,1,,,,,0,,1.44,1.20,1.20,1.20,0,0,0,0,5.13,5.10,5.07,5.13,VMS 2,,Tanque,,1.86,1.56,1.74,2.04,5.20,4.83,4.33,4.81
08/05/2023 02:50 p. m.,Ordeño,09:37,9.66,2,,,TI,TI,0,,1.08,1.38,0.00,0.66,0,0,0,0,4.83,4.97,0.00,4.76,VMS 2,,Tanque,,1.68,1.80,0.00,1.02,3.09,2.37,0.00,4.20
08/05/2023 06:15 p. m.,Ordeño,11:41,2.14,3,,,"DD,TI,TD",TD,0,,0.36,0.60,0.48,0.00,0,0,0,0,4.22,4.42,4.47,0.00,VMS 2,,Tanque,,0.66,1.02,0.96,0.00,0.94,0.64,0.56,0.00
09/05/2023 02:50 a. m.,Ordeño,08:45,8.88,1,,DI,,,0,,1.26,1.38,0.84,1.02,0,0,0,0,4.73,4.78,4.60,4.93,VMS 2,,Tanque,,1.86,1.74,1.32,2.04,2.24,2.55,1.81,2.28
09/05/2023 01:43 p. m.,Ordeño,06:32,15.66,2,,,,,0,,1.26,1.26,1.08,1.20,0,0,0,0,5.05,5.17,5.06,5.43,VMS 2,,Tanque,,1.68,1.74,1.56,1.74,4.02,3.51,2.94,5.19
09/05/2023 06:46 p. m.,Ordeño,10:13,4.54,3,,,TD,TD,0,,1.08,0.96,0.84,0.00,0,0,0,0,5.04,4.83,4.81,0.00,VMS 2,,Tanque,,1.62,1.56,1.74,0.00,1.68,1.62,1.24,0.00
10/05/2023 02:11 a. m.,Ordeño,06:04,11.02,1,,,,,0,,1.02,1.26,1.14,1.02,0,0,0,0,4.79,4.77,4.78,4.74,VMS 2,,Tanque,,1.56,1.74,1.44,1.50,2.89,2.34,3.75,2.04
10/05/2023 04:59 p. m.,Ordeño,07:04,19.01,2,,,,,0,,1.38,1.38,1.14,1.26,0,0,0,0,5.38,5.28,5.11,5.61,VMS 2,,Tanque,,1.80,1.80,1.56,1.62,5.67,4.32,4.43,4.59
11/05/2023 04:57 a. m.,Ordeño,08:14,15.59,1,,,,,0,,1.32,1.50,1.08,1.20,0,0,0,0,4.92,4.74,4.89,4.87,VMS 2,,Tanque,,1.68,1.86,1.38,1.86,4.74,3.95,3.36,3.54
11/05/2023 04:33 p. m.,Ordeño,07:37,15.40,2,,,,,0,,1.20,1.32,0.96,1.08,0,0,0,0,4.99,4.90,4.83,5.18,VMS 2,,Tanque,,1.74,1.74,1.32,1.56,4.43,3.82,3.38,3.77
12/05/2023 01:00 a. m.,Ordeño,09:14,7.55,1,,,TI,,0,,0.96,1.14,0.24,0.84,0,0,0,0,4.62,4.60,3.55,4.62,VMS 2,,Tanque,,1.56,1.86,0.48,1.44,2.91,2.39,0.24,2.01
12/05/2023 07:43 a. m.,Ordeño,07:27,11.22,2,,,,,0,,1.02,1.20,0.72,1.02,0,0,0,0,4.62,4.78,4.56,5.14,VMS 2,,Tanque,,1.50,1.74,1.14,1.56,2.70,2.42,1.67,4.43
12/05/2023 07:15 p. m.,Ordeño,07:09,16.36,3,,,,,0,,1.26,1.32,0.90,0.96,0,0,0,0,4.96,5.03,4.95,5.03,VMS 2,,Tanque,,1.74,1.74,1.26,1.56,4.67,4.05,3.96,3.68
13/05/2023 06:43 a. m.,Ordeño,06:26,15.20,1,,,,,0,,1.20,1.32,0.84,1.02,0,0,0,0,4.81,4.91,4.65,4.92,VMS 2,,Tanque,,1.62,1.74,1.14,1.50,4.49,3.81,3.30,3.60
14/05/2023 12:20 a. m.,Ordeño,09:23,22.35,1,,,,,0,,1.20,1.38,0.96,1.02,0,0,0,0,5.16,5.15,4.90,5.23,VMS 2,,Tanque,,1.62,1.92,1.32,1.44,6.52,5.16,5.14,5.53
14/05/2023 08:11 a. m.,Ordeño,07:26,8.91,2,,DI,,,0,,1.08,1.14,0.84,0.72,0,0,0,0,4.63,4.62,4.56,4.36,VMS 2,,Tanque,,1.74,1.62,1.32,1.08,2.84,2.67,2.17,1.23
14/05/2023 03:14 p. m.,Ordeño,06:39,10.78,3,,,,,0,,1.32,1.08,0.90,1.08,0,0,0,0,5.04,4.79,4.82,5.12,VMS 2,,Tanque,,1.80,1.62,1.32,1.68,3.15,2.36,2.06,3.21
15/05/2023 10:21 a. m.,Ordeño,08:13,22.46,1,,TI,,,0,,1.38,1.32,0.96,1.08,0,0,0,0,5.10,5.06,4.91,5.17,VMS 2,,Tanque,,1.86,1.80,1.68,2.76,6.95,5.44,4.10,5.97
17/05/2023 01:20 a. m.,Ordeño,08:04,11.94,1,,,TD,TD,0,,1.26,1.32,0.96,0.00,0,0,0,0,4.79,4.80,4.64,0.00,VMS 2,,Tanque,,1.74,1.74,1.38,0.00,4.82,3.68,3.44,0.00
17/05/2023 11:38 a. m.,Ordeño,08:01,17.17,2,,,,,0,,1.32,1.32,1.02,1.26,0,0,0,0,4.92,4.94,4.78,5.39,VMS 2,,Tanque,,1.86,1.80,1.32,1.80,4.03,3.53,3.18,6.43
17/05/2023 10:16 p. m.,Ordeño,06:28,13.44,3,,,,,0,,1.26,1.38,1.14,1.14,0,0,0,0,4.30,4.86,4.72,4.81,VMS 2,,Tanque,,1.80,1.86,1.44,1.44,4.32,3.61,3.27,2.24
18/05/2023 06:55 a. m.,Ordeño,06:53,8.77,1,,TD,TI,,0,,1.32,1.32,0.30,1.14,0,0,0,0,4.81,4.70,4.51,4.67,VMS 2,,Tanque,,1.80,1.80,0.60,1.80,3.36,2.87,0.47,2.07
18/05/2023 04:36 p. m.,Ordeño,07:11,15.55,2,,,,,0,,1.08,1.14,0.90,1.08,0,0,0,0,4.84,5.05,4.73,5.48,VMS 2,,Tanque,,1.50,1.62,1.26,1.38,4.34,3.42,2.92,4.87
18/05/2023 11:42 p. m.,Ordeño,05:00,9.81,3,,,,,0,,1.20,1.14,0.90,0.90,0,0,0,0,4.76,4.78,4.77,4.38,VMS 2,,Tanque,,1.62,1.50,1.32,1.44,2.84,2.57,2.38,2.02
19/05/2023 11:57 a. m.,Ordeño,07:18,17.99,1,,,,,0,,1.38,1.44,1.02,1.14,0,0,0,0,5.09,5.20,5.02,5.47,VMS 2,,Tanque,,1.86,1.92,1.38,1.50,5.36,4.04,4.40,4.19
20/05/2023 07:29 a. m.,Ordeño,11:24,12.25,1,,TD,,,0,,1.14,1.26,0.78,0.66,0,0,0,0,4.76,4.86,4.82,4.73,VMS 2,,Tanque,,1.74,1.86,1.50,1.08,3.92,3.27,0.24,4.82
20/05/2023 04:17 p. m.,Ordeño,08:09,11.73,2,,,,,0,,1.32,1.32,1.02,0.96,0,0,0,0,4.94,4.97,5.19,4.80,VMS 2,,Tanque,,1.68,1.74,1.38,1.44,3.38,3.02,2.92,2.41
21/05/2023 01:18 a. m.,Ordeño,07:12,12.49,1,,,,,0,,1.20,1.38,0.90,1.08,0,0,0,0,4.77,4.98,4.78,4.90,VMS 2,,Tanque,,1.62,1.80,1.44,1.44,3.75,2.96,2.86,2.92
21/05/2023 11:38 a. m.,Ordeño,06:34,15.63,2,,,,,0,,1.38,1.38,1.20,1.20,0,0,0,0,4.94,4.97,4.93,5.19,VMS 2,,Tanque,,1.74,1.80,1.56,1.62,4.53,3.87,3.53,3.70
21/05/2023 08:15 p. m.,Ordeño,06:56,8.39,3,,,TD,TD,0,,1.20,1.26,1.02,0.00,0,0,0,0,4.74,4.82,4.76,0.00,VMS 2,,Tanque,,1.80,1.80,1.50,0.00,3.31,2.74,2.34,0.00
22/05/2023 03:02 a. m.,Ordeño,07:53,8.96,1,,,TD,TD,0,,0.90,1.20,1.08,0.00,0,0,0,0,4.43,4.70,5.02,0.00,VMS 2,,Tanque,,1.56,1.80,1.86,0.00,2.80,2.37,3.79,0.00
22/05/2023 02:44 p. m.,Ordeño,09:23,15.49,2,,,,TD,0,,1.32,1.32,1.14,0.00,0,0,0,0,5.23,5.20,5.20,0.00,VMS 2,,Tanque,,1.92,1.68,1.44,0.00,5.13,4.28,6.08,0.00
23/05/2023 03:38 a. m.,Ordeño,07:49,17.65,1,,,,,0,,1.32,1.32,0.96,1.20,0,0,0,0,4.82,4.91,4.69,5.35,VMS 2,,Tanque,,1.68,1.80,1.32,1.62,4.51,3.83,3.29,6.02
23/05/2023 11:11 a. m.,Ordeño,06:41,9.21,2,,,,,0,,1.20,1.20,0.84,0.84,0,0,0,0,4.71,4.83,4.74,4.62,VMS 2,,Tanque,,1.62,1.68,1.38,1.44,3.08,2.74,2.04,1.35
23/05/2023 06:15 p. m.,Ordeño,05:59,9.36,3,,,,,0,,1.02,1.08,0.84,0.90,0,0,0,0,4.66,4.76,4.73,4.75,VMS 2,,Tanque,,1.50,1.62,1.26,1.44,2.96,2.53,2.08,1.79
24/05/2023 02:46 a. m.,Ordeño,06:04,11.42,1,,,,,0,,1.14,1.26,0.90,0.84,0,0,0,0,4.79,4.85,5.00,4.73,VMS 2,,Tanque,,1.56,1.74,1.32,1.26,3.46,2.94,2.67,2.35
24/05/2023 11:29 a. m.,Ordeño,08:52,13.56,2,,,,,0,,1.38,1.32,1.02,0.90,0,0,0,0,5.05,5.19,5.03,5.30,VMS 2,,Tanque,,1.74,1.74,1.32,1.50,4.12,3.36,3.12,2.96
24/05/2023 10:44 p. m.,Ordeño,07:56,15.29,3,,,,,0,,1.14,1.32,0.84,0.96,0,0,0,0,4.88,4.99,4.77,4.80,VMS 2,,Tanque,,1.56,1.80,1.26,1.50,4.72,3.85,3.34,3.38
25/05/2023 03:44 a. m.,Ordeño,07:37,7.61,1,,,,,0,,1.02,1.20,0.78,0.84,0,0,0,0,4.82,4.99,4.90,4.86,VMS 2,,Tanque,,1.44,1.62,1.14,1.44,2.39,2.03,1.70,1.49
25/05/2023 09:32 a. m.,Ordeño,05:45,9.23,2,,,,,0,,1.02,1.14,0.84,0.96,0,0,0,0,4.80,4.87,4.83,4.86,VMS 2,,Tanque,,1.44,1.50,1.20,1.56,2.74,2.26,1.93,2.30
25/05/2023 05:40 p. m.,Ordeño,06:40,11.86,3,,TD,,,0,,1.20,1.14,0.72,0.90,0,0,0,0,5.18,5.21,5.10,5.02,VMS 2,,Tanque,,1.62,1.56,1.02,1.32,3.65,3.16,2.89,2.16
26/05/2023 03:32 a. m.,Ordeño,07:09,16.92,1,,,,,0,,1.14,1.32,0.90,1.02,0,0,0,0,5.02,5.10,5.05,5.33,VMS 2,,Tanque,,1.50,1.98,1.32,1.50,4.96,3.96,3.61,4.39
26/05/2023 11:38 a. m.,Ordeño,07:31,10.99,2,,,,,0,,1.14,1.14,0.90,0.90,0,0,0,0,4.86,4.90,4.86,4.54,VMS 2,,Tanque,,1.56,1.74,1.26,1.50,3.47,2.88,2.29,2.35
26/05/2023 08:20 p. m.,Ordeño,05:59,13.27,3,,,,,0,,1.20,1.26,0.84,0.96,0,0,0,0,4.98,5.02,4.94,5.15,VMS 2,,Tanque,,1.56,1.62,1.32,1.68,3.96,3.12,2.95,3.24
27/05/2023 04:27 a. m.,Ordeño,08:54,11.85,1,,,,,0,,1.14,1.26,0.90,0.90,0,0,0,0,4.79,4.83,4.80,4.88,VMS 2,,Tanque,,1.80,3.30,1.20,1.38,3.40,3.10,2.70,2.65
27/05/2023 08:14 p. m.,Ordeño,07:57,22.54,2,,,,,0,,1.26,1.50,1.08,1.14,0,0,0,0,4.97,5.43,5.04,5.46,VMS 2,,Tanque,,1.62,1.92,1.38,1.68,5.46,5.71,5.64,5.73
28/05/2023 03:41 a. m.,Ordeño,05:43,11.44,1,,,,,0,,1.26,1.32,0.96,1.02,0,0,0,0,4.71,4.81,4.58,4.59,VMS 2,,Tanque,,1.92,1.86,1.38,1.50,3.60,2.82,2.44,2.58
28/05/2023 11:22 a. m.,Ordeño,05:41,12.01,2,,,,,0,,1.20,1.32,0.96,0.96,0,0,0,0,4.77,4.82,4.84,4.87,VMS 2,,Tanque,,1.74,1.92,1.20,1.50,3.53,2.98,2.62,2.88
28/05/2023 07:00 p. m.,Ordeño,06:12,10.73,3,,,,,0,,1.02,1.20,0.90,0.90,0,0,0,0,4.63,4.79,4.49,4.79,VMS 2,,Tanque,,1.44,1.62,1.32,1.32,3.36,2.72,2.28,2.37
29/05/2023 04:06 a. m.,Ordeño,06:35,15.19,1,,,,,0,,1.26,1.32,1.08,1.08,0,0,0,0,4.68,4.87,4.84,4.91,VMS 2,,Tanque,,1.62,1.98,1.32,1.50,4.54,3.54,3.62,3.49
29/05/2023 04:01 p. m.,Ordeño,07:25,17.01,2,,,,,0,,1.20,1.20,1.08,1.08,0,0,0,0,4.93,5.06,5.10,5.21,VMS 2,,Tanque,,1.68,1.62,1.56,1.68,4.98,4.15,3.92,3.96
30/05/2023 02:42 a. m.,Ordeño,06:36,11.25,1,,"TI,TD",TD,,0,,1.26,1.26,1.02,0.72,0,0,0,0,4.47,4.72,4.71,4.46,VMS 2,,Tanque,,1.80,1.80,1.86,1.08,3.58,3.20,2.87,1.60
30/05/2023 08:36 a. m.,Ordeño,09:20,7.98,2,,,TD,TD,0,,1.14,1.08,0.96,0.00,0,0,0,0,4.73,4.79,4.86,0.00,VMS 2,,Tanque,,1.56,1.68,1.32,0.00,2.64,2.16,3.18,0.00
30/05/2023 11:22 a. m.,Ordeño,06:13,6.10,3,,,,,0,,0.72,0.96,0.96,0.48,0,0,0,0,4.66,4.92,5.24,4.74,VMS 2,,Tanque,,1.20,1.38,1.44,0.78,1.25,1.00,3.18,0.67
30/05/2023 05:24 p. m.,Ordeño,07:47,10.43,4,,,,,0,,1.20,1.20,0.96,0.90,0,0,0,0,5.06,5.08,4.94,5.02,VMS 2,,Tanque,,1.56,1.62,1.26,1.26,3.04,2.60,2.46,2.33
31/05/2023 03:27 a. m.,Ordeño,06:13,16.43,1,,,,,0,,1.38,1.38,1.02,1.02,0,0,0,0,5.00,5.14,4.92,5.04,VMS 2,,Tanque,,1.74,1.74,1.38,1.68,4.88,4.08,3.56,3.91
31/05/2023 01:37 p. m.,Ordeño,06:39,15.77,2,,,,,0,,1.20,1.20,0.96,0.96,0,0,0,0,4.82,5.01,4.83,4.64,VMS 2,,Tanque,,1.56,1.68,1.32,1.50,4.70,3.94,3.48,3.65
01/06/2023 12:33 a. m.,Ordeño,07:21,18.01,1,,,,,0,,1.20,1.32,0.90,0.96,0,0,0,0,4.90,5.00,4.90,4.90,VMS 2,,Tanque,,1.56,1.74,1.32,1.56,5.44,4.37,4.03,4.17
01/06/2023 03:50 p. m.,Ordeño,08:30,21.49,2,,,,,0,,1.14,1.38,0.96,1.02,0,0,0,0,4.95,5.24,5.05,5.20,VMS 2,,Tanque,,1.56,1.74,1.38,1.50,6.52,5.24,5.13,4.60
02/06/2023 07:03 a. m.,Ordeño,07:39,19.42,1,,,,,0,,1.26,1.32,0.96,1.08,0,0,0,0,4.60,4.81,4.71,4.98,VMS 2,,Tanque,,1.62,1.68,1.26,1.56,5.80,4.78,4.24,4.60
03/06/2023 04:42 a. m.,Ordeño,06:04,11.77,1,,,,,0,,1.14,1.32,0.90,0.96,0,0,0,0,4.76,4.90,4.71,4.79,VMS 2,,Tanque,,1.56,1.86,1.32,1.50,3.65,2.92,2.47,2.73
03/06/2023 10:53 a. m.,Ordeño,06:54,7.87,2,,"DD,TD",TD,TD,0,"DI,TI,TD",1.14,1.02,1.02,0.48,0,0,0,0,4.95,3.30,4.94,5.09,VMS 2,,Tanque,,1.56,1.68,1.44,0.78,2.89,2.76,2.11,0.11
03/06/2023 06:12 p. m.,Ordeño,06:56,13.82,3,,,,,0,,1.26,1.38,0.96,1.14,0,0,0,0,4.90,5.10,5.02,5.42,VMS 2,,Tanque,,1.80,1.92,1.38,1.62,3.30,3.03,2.46,5.03
04/06/2023 07:02 a. m.,Ordeño,06:58,18.58,1,,,,,0,,1.32,1.44,1.20,1.14,0,0,0,0,4.77,4.97,4.74,4.82,VMS 2,,Tanque,,1.68,1.98,1.68,1.68,5.91,4.12,4.47,4.08
04/06/2023 04:40 p. m.,Ordeño,05:40,12.05,2,,,,,0,,1.32,1.26,0.96,0.96,0,0,0,0,4.83,4.92,4.71,4.78,VMS 2,,Tanque,,1.68,1.80,1.38,1.56,3.67,3.07,2.64,2.67
04/06/2023 09:22 p. m.,Ordeño,08:38,5.16,3,,,TD,,0,,0.90,1.08,0.78,0.18,0,0,0,0,4.75,5.04,4.86,4.62,VMS 2,,Tanque,,1.44,1.50,1.26,0.42,1.95,1.70,1.29,0.22
05/06/2023 07:20 a. m.,Ordeño,07:32,17.13,1,,TI,,,0,,1.32,1.38,0.96,1.02,0,0,0,0,5.09,5.28,5.00,5.54,VMS 2,,Tanque,,1.62,1.86,1.32,1.44,4.75,3.94,3.06,5.38
05/06/2023 05:45 p. m.,Ordeño,06:36,12.85,2,,"DD,TI,TD",,,0,,1.32,1.32,0.96,0.96,0,0,0,0,5.16,5.15,5.10,4.95,VMS 2,,Tanque,,1.68,1.86,1.32,1.38,5.04,3.22,2.45,2.14
06/06/2023 03:07 a. m.,Ordeño,07:08,17.83,1,,,,,0,,1.26,1.26,1.08,1.14,0,0,0,0,5.03,5.13,5.02,5.32,VMS 2,,Tanque,,1.74,1.62,1.44,1.80,4.06,4.40,4.93,4.44
06/06/2023 09:55 a. m.,Ordeño,05:32,10.06,2,,,,,0,,1.20,1.32,0.90,1.02,0,0,0,0,4.83,4.87,4.69,4.71,VMS 2,,Tanque,,1.50,1.80,1.20,1.68,3.17,2.57,1.97,2.35
06/06/2023 05:24 p. m.,Ordeño,09:38,10.81,3,,,,,0,,1.32,1.20,0.90,0.96,0,0,0,0,5.09,5.06,4.89,5.20,VMS 2,,Tanque,,2.16,1.74,1.32,1.44,3.33,2.77,2.19,2.52
07/06/2023 09:09 a. m.,Ordeño,07:21,21.67,1,,,,,0,,1.26,1.38,1.14,1.14,0,0,0,0,5.22,5.22,5.14,5.59,VMS 2,,Tanque,,1.62,1.92,1.44,1.56,6.01,4.57,5.44,5.65
07/06/2023 09:50 p. m.,Ordeño,07:26,17.71,2,,TD,,,0,,1.26,1.32,1.08,1.08,0,0,0,0,4.93,5.11,4.89,5.09,VMS 2,,Tanque,,1.74,1.80,1.56,2.04,5.65,4.16,3.95,3.95
08/06/2023 06:08 a. m.,Ordeño,08:36,12.65,1,,,,,0,,1.20,1.26,0.90,0.90,0,0,0,0,4.68,4.77,4.51,4.73,VMS 2,,Tanque,,1.80,1.86,1.44,1.26,3.89,3.34,2.69,2.73
08/06/2023 03:51 p. m.,Ordeño,07:44,15.86,2,,,,,0,,1.08,1.38,1.02,1.02,0,0,0,0,4.98,5.19,4.94,5.19,VMS 2,,Tanque,,1.68,1.86,1.50,1.44,4.90,3.89,3.52,3.55
08/06/2023 09:30 p. m.,Ordeño,08:55,7.23,3,,,,,0,,1.14,1.20,0.96,0.78,0,0,0,0,4.82,4.93,4.95,4.74,VMS 2,,Tanque,,1.56,1.56,1.50,1.32,2.33,1.89,1.85,1.16
09/06/2023 10:47 a. m.,Ordeño,07:18,20.35,1,,,,,0,,1.38,1.38,1.14,1.14,0,0,0,0,5.00,5.06,5.05,5.26,VMS 2,,Tanque,,1.80,1.80,1.56,1.98,6.01,4.60,4.97,4.77
09/06/2023 06:58 p. m.,Ordeño,05:58,9.42,2,,,,,0,,1.08,1.08,0.66,0.90,0,0,0,0,4.67,4.54,4.65,4.63,VMS 2,,Tanque,,1.56,1.44,1.14,1.44,3.13,2.34,1.83,2.12
10/06/2023 01:53 a. m.,Ordeño,08:39,11.14,1,,,,,0,,1.20,1.26,0.84,0.96,0,0,0,0,4.81,4.93,5.00,4.97,VMS 2,,Tanque,,1.62,2.10,1.44,1.32,3.15,2.89,2.46,2.64
10/06/2023 01:26 p. m.,Ordeño,08:36,14.21,2,,TD,TD,,0,,1.20,1.44,0.96,0.66,0,0,0,0,5.14,5.31,5.20,4.96,VMS 2,,Tanque,,1.86,1.80,1.44,1.02,5.59,4.25,4.12,0.25
10/06/2023 06:07 p. m.,Ordeño,06:31,8.47,3,,TD,,,0,TD,0.90,1.02,0.78,1.02,0,0,0,0,4.88,4.94,4.94,5.74,VMS 2,,Tanque,,1.32,1.38,1.14,1.50,1.63,1.28,1.09,4.47
11/06/2023 12:44 a. m.,Ordeño,07:19,10.42,1,,,,,0,,0.96,1.32,0.78,1.02,0,0,0,0,4.68,4.82,4.73,4.99,VMS 2,,Tanque,,1.44,1.86,1.20,1.50,3.04,2.58,2.08,2.72
11/06/2023 10:28 a. m.,Ordeño,08:16,11.97,2,,,TD,TD,0,,1.20,1.32,0.96,0.00,0,0,0,0,5.15,5.22,5.21,0.00,VMS 2,,Tanque,,1.62,1.74,1.32,0.00,4.68,3.80,3.49,0.00
11/06/2023 03:45 p. m.,Ordeño,07:01,11.15,3,,,,,0,,1.14,1.20,0.84,1.14,0,0,0,0,4.87,5.03,4.91,5.48,VMS 2,,Tanque,,1.56,1.62,1.20,1.56,2.31,2.06,1.55,5.23
12/06/2023 12:56 a. m.,Ordeño,08:28,14.45,1,,,,,0,,1.26,1.32,1.02,0.96,0,0,0,0,4.96,5.08,5.06,4.93,VMS 2,,Tanque,,1.68,1.74,1.50,1.44,4.38,3.75,3.30,3.02
12/06/2023 09:39 a. m.,Ordeño,05:09,12.61,2,,TI,,,0,,1.14,1.38,1.08,0.84,0,0,0,0,4.82,4.88,4.84,5.01,VMS 2,,Tanque,,1.62,1.86,1.68,1.50,4.07,3.35,2.31,2.88
12/06/2023 08:25 p. m.,Ordeño,06:34,16.80,3,,,,,0,,1.26,1.44,1.14,1.08,0,0,0,0,4.73,5.02,4.93,4.94,VMS 2,,Tanque,,1.80,1.80,1.56,1.56,4.48,4.25,4.59,3.48
13/06/2023 07:07 a. m.,Ordeño,07:09,13.49,1,,,,,0,,1.26,1.44,1.08,1.02,0,0,0,0,4.78,4.86,4.78,4.54,VMS 2,,Tanque,,1.80,1.86,1.50,1.44,3.97,3.43,2.91,3.18
13/06/2023 04:37 p. m.,Ordeño,06:50,15.21,2,,,,,0,,1.32,1.38,1.02,1.08,0,0,0,0,4.98,5.13,4.98,5.28,VMS 2,,Tanque,,1.74,1.80,1.44,1.50,4.65,3.67,3.35,3.54
14/06/2023 02:38 a. m.,Ordeño,09:11,14.28,1,,,,,0,,1.32,1.44,1.08,1.02,0,0,0,0,4.78,4.86,4.87,4.99,VMS 2,,Tanque,,1.68,1.92,1.44,1.44,3.89,3.65,3.37,3.37
14/06/2023 12:46 p. m.,Ordeño,06:43,15.72,2,,,,,0,,1.50,1.20,0.96,1.08,0,0,0,0,5.06,4.87,4.86,5.11,VMS 2,,Tanque,,1.92,1.68,1.26,1.62,4.68,4.04,3.37,3.63
14/06/2023 07:10 p. m.,Ordeño,08:54,6.43,3,,,TD,TD,0,,1.14,1.32,0.84,0.00,0,0,0,0,4.73,4.87,4.85,0.00,VMS 2,,Tanque,,1.62,1.74,1.56,0.00,2.60,2.12,1.71,0.00
15/06/2023 02:35 a. m.,Ordeño,08:10,12.53,1,,TI,,,0,,1.32,1.26,0.90,1.02,0,0,0,0,4.79,4.76,4.84,4.84,VMS 2,,Tanque,,1.68,1.86,1.56,1.50,3.54,3.00,2.13,3.86
15/06/2023 11:59 a. m.,Ordeño,06:42,15.31,2,,,,,0,,1.26,1.56,0.96,1.20,0,0,0,0,4.73,5.08,4.84,5.31,VMS 2,,Tanque,,1.74,1.98,1.50,1.86,4.60,3.65,3.13,3.93
15/06/2023 06:33 p. m.,Ordeño,07:01,9.26,3,,,,,0,,1.14,1.20,0.90,0.96,0,0,0,0,4.74,4.88,4.84,4.90,VMS 2,,Tanque,,1.56,1.68,1.26,1.56,3.15,2.30,1.82,1.99
16/06/2023 01:41 a. m.,Ordeño,09:17,8.80,1,,,TD,TD,0,,1.20,1.38,1.02,0.00,0,0,0,0,4.78,4.77,4.86,0.00,VMS 2,,Tanque,,2.28,1.86,1.62,0.00,2.77,3.54,2.49,0.00
16/06/2023 06:23 a. m.,Ordeño,07:42,6.45,2,,"DD,TI",,,0,,1.26,1.20,1.02,0.90,0,0,0,0,4.74,4.71,4.80,4.31,VMS 2,,Tanque,,1.80,1.56,1.44,1.50,2.25,1.23,1.23,1.74
16/06/2023 01:24 p. m.,Ordeño,06:58,15.90,3,,,,,0,,1.32,1.32,1.14,0.96,0,0,0,0,4.95,5.04,4.96,4.95,VMS 2,,Tanque,,1.74,1.74,1.56,1.62,3.85,3.72,5.23,3.10
16/06/2023 07:44 p. m.,Ordeño,07:44,9.41,4,,,,,0,,1.14,1.32,0.78,0.96,0,0,0,0,5.10,5.05,4.88,4.88,VMS 2,,Tanque,,1.74,1.86,1.26,1.38,3.14,2.37,1.90,2.00
17/06/2023 04:05 a. m.,Ordeño,06:13,13.93,1,,,,,0,,1.32,1.44,1.02,1.02,0,0,0,0,4.97,5.05,4.95,5.20,VMS 2,,Tanque,,1.68,1.80,1.44,1.74,4.29,3.28,2.73,3.63
17/06/2023 11:33 a. m.,Ordeño,07:24,5.97,2,,DI,"DI,TD",TD,0,,0.90,1.32,0.96,0.00,0,0,0,0,4.02,4.98,4.90,0.00,VMS 2,,Tanque,,1.68,1.80,1.44,0.00,0.21,2.99,2.77,0.00
17/06/2023 09:26 p. m.,Ordeño,07:25,17.95,3,,,,,0,,1.38,1.38,0.96,1.08,0,0,0,0,4.86,4.91,4.82,5.24,VMS 2,,Tanque,,1.80,1.80,1.38,1.44,6.44,3.65,3.07,4.79
18/06/2023 03:07 a. m.,Ordeño,10:43,6.71,1,,"TI,TD",TI,,0,,0.84,1.26,0.84,0.78,0,0,0,0,4.35,4.73,4.28,4.68,VMS 2,,Tanque,,1.44,1.74,1.44,1.26,2.36,2.12,0.71,1.52
18/06/2023 12:54 p. m.,Ordeño,06:47,15.88,2,,,,,0,,1.32,1.32,1.14,0.96,0,0,0,0,4.91,4.85,5.14,4.59,VMS 2,,Tanque,,1.74,1.68,1.44,1.38,4.06,4.06,4.56,3.20
18/06/2023 08:39 p. m.,Ordeño,08:37,11.51,3,,,,,0,,1.20,1.38,1.02,1.02,0,0,0,0,4.77,5.10,5.06,4.97,VMS 2,,Tanque,,1.56,1.86,1.38,1.38,3.43,2.80,2.76,2.52
19/06/2023 03:53 a. m.,Ordeño,09:04,6.04,1,,,"DI,TI","DI,TI",0,,0.00,1.14,0.00,1.02,0,0,0,0,0.00,4.82,0.00,4.83,VMS 2,,Tanque,,0.00,1.62,0.00,1.62,0.00,3.55,0.00,2.49
19/06/2023 09:28 a. m.,Ordeño,07:01,15.20,2,,,,,0,,1.14,1.44,1.14,1.08,0,0,0,0,4.96,5.19,5.06,5.10,VMS 2,,Tanque,,1.62,1.80,1.50,1.62,2.82,5.22,4.81,2.35
19/06/2023 07:50 p. m.,Ordeño,10:37,12.07,3,,,TD,TD,0,,1.38,1.38,1.02,0.00,0,0,0,0,4.98,4.96,4.95,0.00,VMS 2,,Tanque,,1.74,2.04,1.50,0.00,4.68,3.92,3.47,0.00
20/06/2023 05:25 a. m.,Ordeño,08:28,19.00,1,,,,,0,TI,1.32,1.44,0.96,1.08,0,0,0,0,4.72,4.88,5.82,5.22,VMS 2,,Tanque,,1.80,1.80,1.32,1.68,5.02,4.22,3.36,6.40
20/06/2023 01:43 p. m.,Ordeño,10:08,10.37,2,,,TD,TD,0,,1.20,1.38,0.90,0.00,0,0,0,0,4.68,4.95,4.82,0.00,VMS 2,,Tanque,,2.10,1.92,1.38,0.00,4.33,3.07,2.97,0.00
20/06/2023 07:44 p. m.,Ordeño,07:09,10.60,3,,,,,0,,1.14,1.14,0.84,0.96,0,0,0,0,4.60,4.82,4.73,5.16,VMS 2,,Tanque,,1.56,1.50,1.14,1.62,2.70,2.15,1.64,4.11
21/06/2023 07:31 a. m.,Ordeño,07:36,17.56,1,,,,,0,,1.20,1.38,1.02,1.08,0,0,0,0,4.66,4.88,4.89,4.87,VMS 2,,Tanque,,1.50,1.74,1.38,1.62,5.69,3.92,4.20,3.75
21/06/2023 04:17 p. m.,Ordeño,06:40,13.52,2,,,,,0,,1.20,1.38,1.02,1.08,0,0,0,0,4.81,5.08,4.94,4.93,VMS 2,,Tanque,,1.50,1.98,1.44,1.74,4.26,3.34,3.04,2.88
22/06/2023 02:23 a. m.,Ordeño,08:17,14.84,1,,,,,0,,1.14,1.32,0.96,1.08,0,0,0,0,4.75,4.95,4.88,4.91,VMS 2,,Tanque,,1.62,1.74,1.44,1.80,4.67,3.68,3.21,3.28
22/06/2023 10:53 a. m.,Ordeño,06:40,12.94,2,,,,,0,,1.14,1.38,1.08,1.02,0,0,0,0,4.74,5.01,5.05,4.96,VMS 2,,Tanque,,1.56,1.86,1.68,1.38,4.14,3.10,2.95,2.75
22/06/2023 06:20 p. m.,Ordeño,06:05,10.64,3,,,,,0,,1.14,1.26,0.96,0.96,0,0,0,0,4.79,4.88,4.91,4.91,VMS 2,,Tanque,,1.62,1.74,1.44,1.44,3.24,2.63,2.32,2.45
23/06/2023 06:47 a. m.,Ordeño,06:58,19.07,1,,,,,0,,1.38,1.38,1.32,1.14,0,0,0,0,4.85,5.10,5.15,5.20,VMS 2,,Tanque,,1.80,1.86,1.74,1.74,5.05,4.71,4.80,4.51
24/06/2023 12:34 a. m.,Ordeño,11:12,21.31,1,,,,,0,,1.32,1.32,1.02,1.08,0,0,0,0,5.24,5.46,5.12,5.48,VMS 2,,Tanque,,1.68,1.80,1.50,1.56,6.25,5.34,4.80,4.92
24/06/2023 10:06 p. m.,Ordeño,08:22,7.68,3,,,,,0,,1.14,1.26,0.84,0.90,0,0,0,0,4.60,4.73,4.80,4.36,VMS 2,,Tanque,,1.62,1.68,1.32,1.68,2.21,1.71,1.62,2.14
25/06/2023 06:06 a. m.,Ordeño,09:01,11.31,1,,TI,,,0,,1.20,1.32,1.08,0.90,0,0,0,0,4.82,5.00,4.81,4.93,VMS 2,,Tanque,,1.86,1.80,1.56,1.50,3.48,2.90,2.43,2.50
25/06/2023 11:08 a. m.,Ordeño,08:07,6.65,2,,,,TD,0,,0.90,1.32,0.96,0.00,0,0,0,0,4.94,5.07,5.02,0.00,VMS 2,,Tanque,,1.44,1.92,1.44,0.00,2.54,2.08,2.03,0.00
25/06/2023 07:25 p. m.,Ordeño,06:43,13.89,3,,,,,0,,1.44,1.26,0.96,1.08,0,0,0,0,4.78,4.93,4.88,5.43,VMS 2,,Tanque,,1.98,1.80,1.44,1.62,3.55,3.04,2.61,4.69
26/06/2023 03:04 a. m.,Ordeño,06:27,11.74,1,,TI,,,0,,1.14,1.38,1.02,0.90,0,0,0,0,4.74,4.93,4.82,4.74,VMS 2,,Tanque,,1.68,1.80,1.68,1.44,3.66,3.06,2.54,2.48
26/06/2023 09:42 a. m.,Ordeño,09:24,8.26,2,,,TD,TD,0,,1.26,1.26,0.90,0.00,0,0,0,0,5.02,5.06,5.03,0.00,VMS 2,,Tanque,,1.68,1.68,1.26,0.00,3.35,2.49,2.42,0.00
26/06/2023 07:12 p. m.,Ordeño,07:16,16.51,3,,,,,0,,1.38,1.50,1.08,1.08,0,0,0,0,4.94,5.20,5.08,5.21,VMS 2,,Tanque,,1.80,1.92,1.56,1.50,4.43,3.74,3.23,5.11
27/06/2023 06:37 a. m.,Ordeño,07:46,15.79,1,,,,,0,,1.26,1.44,0.96,1.08,0,0,0,0,4.79,5.07,4.89,4.68,VMS 2,,Tanque,,1.74,1.80,1.50,1.80,4.84,3.87,3.68,3.40
27/06/2023 06:30 p. m.,Ordeño,06:29,15.91,2,,,,,0,,1.32,1.50,1.14,1.08,0,0,0,0,4.92,5.26,5.05,5.27,VMS 2,,Tanque,,1.74,1.92,1.50,1.50,3.92,4.01,3.93,4.05
28/06/2023 12:29 a. m.,Ordeño,08:38,7.20,1,,,,,0,,1.02,1.14,0.84,0.96,0,0,0,0,4.72,4.94,4.75,4.68,VMS 2,,Tanque,,1.68,1.62,1.38,1.80,2.14,1.88,1.38,1.80
28/06/2023 09:36 a. m.,Ordeño,06:50,14.06,2,,,,,0,,1.08,1.38,0.96,1.08,0,0,0,0,4.81,5.15,5.10,4.91,VMS 2,,Tanque,,1.56,1.80,1.38,1.62,4.12,3.47,3.36,3.11
28/06/2023 09:11 p. m.,Ordeño,06:18,17.30,3,,,,,0,,1.32,1.44,1.14,1.08,0,0,0,0,4.89,5.13,5.10,5.19,VMS 2,,Tanque,,1.80,1.80,1.50,1.44,4.51,4.55,4.15,4.09
29/06/2023 03:38 a. m.,Ordeño,10:31,8.63,1,,DI,,,0,,1.08,1.32,0.96,0.96,0,0,0,0,4.48,4.81,4.67,4.81,VMS 2,,Tanque,,1.50,1.86,1.44,1.62,2.29,2.32,1.89,2.13
29/06/2023 03:42 p. m.,Ordeño,08:24,19.40,2,,,,,0,,1.26,1.50,1.02,1.08,0,0,0,0,4.83,5.00,4.87,4.99,VMS 2,,Tanque,,1.62,1.92,1.50,1.56,6.59,4.55,4.10,4.16
29/06/2023 09:07 p. m.,Ordeño,07:40,6.77,3,,DI,,,0,,1.20,1.32,0.84,0.78,0,0,0,0,4.55,4.92,4.88,4.82,VMS 2,,Tanque,,1.86,1.74,1.68,1.80,1.71,1.81,1.54,1.71
30/06/2023 03:31 a. m.,Ordeño,09:24,8.48,1,,,TD,TD,0,,1.38,1.26,0.90,0.00,0,0,0,0,4.76,4.71,4.67,0.00,VMS 2,,Tanque,,1.80,1.74,1.26,0.00,3.53,2.86,2.09,0.00
30/06/2023 09:24 a. m.,Ordeño,06:41,11.72,2,,,,,0,,1.20,1.44,0.90,1.08,0,0,0,0,4.90,4.98,5.02,5.40,VMS 2,,Tanque,,1.56,1.86,1.32,1.50,2.86,2.21,2.10,4.55
30/06/2023 04:25 p. m.,Ordeño,05:27,10.10,3,,,,,0,,1.14,1.32,0.96,0.96,0,0,0,0,4.67,4.75,4.89,4.52,VMS 2,,Tanque,,1.50,1.74,1.32,1.62,2.86,2.79,2.35,2.10
01/07/2023 12:11 a. m.,Ordeño,06:07,11.50,1,,,,,0,,1.20,1.32,0.90,0.96,0,0,0,0,4.75,4.86,4.74,4.80,VMS 2,,Tanque,,1.68,1.80,1.26,1.68,3.56,2.83,2.49,2.62
01/07/2023 07:15 a. m.,Ordeño,05:29,11.95,2,,,,,0,,1.26,1.38,1.02,1.02,0,0,0,0,5.09,5.05,4.97,5.12,VMS 2,,Tanque,,1.62,1.80,1.38,1.92,3.59,2.84,2.79,2.73
01/07/2023 02:58 p. m.,Ordeño,06:13,11.08,3,,,,,0,,1.14,1.38,0.90,0.96,0,0,0,0,4.91,4.93,4.85,5.00,VMS 2,,Tanque,,1.56,1.86,1.32,1.44,3.47,2.72,2.43,2.46
01/07/2023 08:13 p. m.,Ordeño,08:38,6.56,4,,,TD,TD,0,,1.14,1.20,0.84,0.00,0,0,0,0,4.86,4.76,4.78,0.00,VMS 2,,Tanque,,1.50,1.74,1.56,0.00,2.51,2.14,1.91,0.00
02/07/2023 03:32 a. m.,Ordeño,06:46,14.07,1,,,,,0,,1.32,1.26,0.90,1.02,0,0,0,0,5.05,4.81,4.97,5.15,VMS 2,,Tanque,,1.80,1.80,1.26,1.44,3.47,3.30,2.68,4.62
02/07/2023 02:53 p. m.,Ordeño,06:40,15.69,2,,,,,0,,1.38,1.50,1.02,1.02,0,0,362,0,4.98,5.19,5.00,4.86,VMS 2,,Tanque,,1.80,1.86,1.32,1.56,4.90,3.75,3.72,3.32
02/07/2023 09:51 p. m.,Ordeño,06:10,11.04,3,,,,,0,,1.14,1.26,0.84,0.96,0,0,0,0,4.77,4.79,4.78,4.55,VMS 2,,Tanque,,1.56,1.62,1.20,1.68,3.34,2.75,2.35,2.60
03/07/2023 07:49 a. m.,Ordeño,06:35,16.50,1,,,,,0,,1.32,1.44,0.96,1.02,0,0,0,0,4.97,5.04,5.06,5.23,VMS 2,,Tanque,,1.62,1.80,1.50,1.38,4.74,3.94,3.81,4.01
03/07/2023 05:26 p. m.,Ordeño,05:40,13.32,2,,,,,0,,1.38,1.44,0.96,1.02,0,0,0,0,4.99,4.91,4.84,4.89,VMS 2,,Tanque,,1.86,1.86,1.38,1.38,3.87,3.46,2.95,3.04
03/07/2023 10:52 p. m.,Ordeño,08:12,6.82,3,,,,,0,,1.02,1.20,0.84,0.90,0,0,0,0,4.79,4.92,4.76,4.36,VMS 2,,Tanque,,1.50,1.62,1.14,1.74,2.17,1.65,1.48,1.52
04/07/2023 05:24 a. m.,Ordeño,06:29,9.29,1,,,,,0,,1.02,1.20,0.84,0.96,0,0,0,0,4.58,4.59,4.67,4.58,VMS 2,,Tanque,,1.44,1.56,1.26,1.62,2.79,2.28,2.05,2.17
04/07/2023 05:32 p. m.,Ordeño,07:06,18.68,2,,,,,0,,1.26,1.44,1.08,1.08,0,0,0,0,5.08,5.16,5.13,5.33,VMS 2,,Tanque,,1.68,1.86,1.44,1.68,5.53,4.35,4.34,4.46
05/07/2023 08:08 a. m.,Ordeño,07:13,20.41,1,,,,,0,,1.44,1.50,1.08,1.14,0,0,0,0,5.03,5.15,4.98,5.34,VMS 2,,Tanque,,1.92,1.98,1.44,1.56,6.11,4.71,4.77,4.82
05/07/2023 07:45 p. m.,Ordeño,06:46,17.27,2,,,,,0,,1.38,1.44,1.08,1.08,0,0,0,0,4.90,4.89,4.79,4.92,VMS 2,,Tanque,,1.74,1.86,1.38,1.50,5.21,4.17,3.92,3.97
06/07/2023 03:26 a. m.,Ordeño,05:25,8.91,1,,,,,0,,1.08,1.20,0.84,0.90,0,0,0,0,4.63,4.69,4.65,4.51,VMS 2,,Tanque,,1.44,1.62,1.14,1.32,2.68,2.33,1.93,1.97
06/07/2023 09:56 a. m.,Ordeño,05:23,9.94,2,,,,,0,,1.20,1.26,0.96,0.96,0,0,0,0,4.61,4.62,4.68,4.78,VMS 2,,Tanque,,1.56,1.68,1.44,1.50,2.86,2.32,2.45,2.31
06/07/2023 04:09 p. m.,Ordeño,05:25,9.08,3,,,,,0,,1.20,1.26,0.90,1.02,0,0,0,0,4.83,4.90,4.59,4.84,VMS 2,,Tanque,,1.56,1.74,1.26,1.62,2.95,2.00,1.99,2.14
07/07/2023 12:06 a. m.,Ordeño,06:03,11.87,1,,,,,0,,1.14,1.32,0.96,1.02,0,0,0,0,4.74,4.77,4.89,4.77,VMS 2,,Tanque,,1.62,2.04,1.38,1.44,3.34,2.96,2.79,2.78
07/07/2023 07:09 a. m.,Ordeño,05:47,11.27,2,,,,,0,,1.26,1.38,1.02,1.08,0,0,0,0,4.90,5.03,4.96,5.21,VMS 2,,Tanque,,1.68,1.86,1.44,1.56,3.42,2.73,2.45,2.67
07/07/2023 07:27 p. m.,Ordeño,06:49,18.24,3,,,,,0,,1.38,1.44,0.96,0.96,0,0,0,0,4.88,4.86,4.83,4.79,VMS 2,,Tanque,,1.80,1.80,1.38,1.32,5.42,4.54,4.16,4.12
08/07/2023 05:16 a. m.,Ordeño,06:15,14.35,1,,,,,0,,1.32,1.32,0.90,0.96,0,0,0,0,4.75,4.83,4.83,4.88,VMS 2,,Tanque,,1.74,1.74,1.38,1.50,4.25,3.32,3.34,3.44
08/07/2023 07:48 p. m.,Ordeño,07:30,19.48,2,,,,,0,,1.26,1.50,1.08,1.14,0,0,0,0,5.06,5.19,5.03,5.43,VMS 2,,Tanque,,1.68,1.86,1.50,1.56,5.74,4.45,4.66,4.63
09/07/2023 08:11 a. m.,Ordeño,12:19,9.02,1,,,"DD,TD","DD,TD",0,,1.32,0.00,0.96,0.00,0,0,0,0,4.73,0.00,4.78,0.00,VMS 2,,Tanque,,2.10,0.00,1.38,0.00,5.09,0.00,3.93,0.00
09/07/2023 01:47 p. m.,Ordeño,07:16,15.84,2,,,,,0,,1.20,1.50,0.78,1.14,0,0,0,0,4.72,5.20,4.75,5.23,VMS 2,,Tanque,,1.68,1.92,1.14,1.50,2.34,6.07,1.74,5.69
09/07/2023 09:22 p. m.,Ordeño,06:34,9.89,3,,,,,0,,1.20,1.26,0.78,0.90,0,0,0,0,4.74,4.79,4.62,4.61,VMS 2,,Tanque,,1.92,1.74,1.26,1.62,3.23,2.32,2.24,2.10
10/07/2023 08:15 a. m.,Ordeño,06:27,16.16,1,,,,,0,,1.32,1.38,0.96,1.08,0,0,0,0,4.94,4.92,4.73,4.91,VMS 2,,Tanque,,1.80,1.80,1.26,1.86,4.97,3.84,3.78,3.57
10/07/2023 04:14 p. m.,Ordeño,10:17,8.77,2,,TD,TI,TI,0,,1.02,1.02,0.00,0.72,0,0,0,0,4.93,4.99,0.00,4.99,VMS 2,,Tanque,,1.68,1.32,0.00,1.26,3.57,3.01,0.00,2.19
10/07/2023 09:13 p. m.,Ordeño,08:35,9.50,3,,,,,0,,0.72,0.72,0.66,0.78,0,339,0,0,4.86,4.87,5.05,5.51,VMS 2,,Tanque,,1.26,1.08,1.08,1.38,1.93,1.41,1.63,4.53
11/07/2023 01:36 p. m.,Ordeño,07:48,22.52,1,,,,,0,,1.38,1.50,1.02,1.08,0,0,0,0,5.04,5.28,4.93,5.32,VMS 2,,Tanque,,1.86,1.98,1.38,1.50,6.03,5.66,5.53,5.30
11/07/2023 09:39 p. m.,Ordeño,06:35,6.66,2,,TD,TI,,0,,1.20,1.20,0.78,0.66,0,352,300,455,4.89,4.86,4.89,4.77,VMS 2,,Tanque,,1.74,1.62,1.02,1.26,2.55,2.10,0.45,1.56
12/07/2023 07:34 a. m.,Ordeño,06:22,14.64,1,,,,,0,,1.32,1.44,1.08,0.96,0,0,0,0,4.95,5.06,4.95,5.00,VMS 2,,Tanque,,1.80,2.16,1.44,1.44,3.96,3.36,4.28,3.04
12/07/2023 05:09 p. m.,Ordeño,06:05,13.25,2,,,,,0,,1.32,1.26,0.96,1.08,0,0,0,0,4.92,4.92,4.89,4.97,VMS 2,,Tanque,,1.68,1.80,1.50,1.68,4.33,3.28,2.80,2.84
13/07/2023 04:05 a. m.,Ordeño,06:55,16.30,1,,,,,0,,1.32,1.32,0.90,1.02,0,0,0,0,4.79,4.85,4.77,5.02,VMS 2,,Tanque,,1.80,1.80,1.20,1.44,4.61,4.09,3.70,3.90
13/07/2023 01:32 p. m.,Ordeño,05:40,12.16,2,,,,,0,,1.20,1.26,0.90,0.90,0,0,0,0,4.79,4.93,4.77,4.88,VMS 2,,Tanque,,1.62,1.68,1.50,1.44,3.79,3.00,2.74,2.63
13/07/2023 08:47 p. m.,Ordeño,08:45,6.69,3,,,TD,TD,0,,1.08,1.14,0.84,0.00,0,0,0,0,4.74,4.94,4.83,0.00,VMS 2,,Tanque,,1.62,1.74,1.20,0.00,2.73,2.14,1.82,0.00
14/07/2023 02:22 a. m.,Ordeño,06:04,9.36,1,,,,,0,,1.02,1.14,0.78,1.02,0,0,0,0,4.71,4.83,4.71,5.32,VMS 2,,Tanque,,1.50,1.62,1.20,1.92,2.18,1.74,1.48,3.96
14/07/2023 07:44 a. m.,Ordeño,05:20,7.08,2,,TD,,,0,,0.96,1.26,0.84,0.84,0,0,0,0,4.85,5.09,4.67,4.82,VMS 2,,Tanque,,1.56,1.86,1.44,1.38,2.17,1.70,1.74,1.47
14/07/2023 03:36 p. m.,Ordeño,05:35,9.68,3,,,,,0,,1.14,1.26,0.90,0.90,0,0,0,0,5.05,5.27,5.16,4.96,VMS 2,,Tanque,,1.62,1.80,1.56,1.26,2.98,2.37,2.01,2.32
15/07/2023 08:51 p. m.,Ordeño,09:03,8.34,2,,,TD,TD,0,,1.14,1.26,0.84,0.00,0,0,0,0,4.61,4.85,4.76,0.00,VMS 2,,Tanque,,1.86,1.86,1.38,0.00,3.45,2.75,2.14,0.00
16/07/2023 05:32 a. m.,Ordeño,07:07,14.36,1,,,,,0,,1.20,1.20,0.90,1.08,0,0,0,0,4.68,4.77,4.82,5.35,VMS 2,,Tanque,,1.56,1.62,1.38,1.44,3.76,3.07,2.49,5.04
16/07/2023 03:42 p. m.,Ordeño,07:21,14.39,2,,,,,0,,1.26,1.32,1.08,1.02,0,0,0,0,4.89,4.98,4.84,4.65,VMS 2,,Tanque,,1.74,1.86,1.50,1.68,4.48,3.65,3.46,2.80
17/07/2023 01:27 a. m.,Ordeño,06:02,12.69,1,,,,,0,,1.14,1.32,0.96,0.96,0,0,0,0,4.60,4.76,4.64,4.82,VMS 2,,Tanque,,1.56,1.92,1.38,1.44,3.82,3.19,2.84,2.84
17/07/2023 08:53 a. m.,Ordeño,06:53,10.18,2,,,,,0,,1.14,1.32,0.90,0.96,0,0,0,0,4.67,4.76,4.83,4.71,VMS 2,,Tanque,,1.62,1.74,1.38,1.38,3.15,2.53,2.24,2.26
17/07/2023 05:06 p. m.,Ordeño,05:16,11.07,3,,,,,0,,1.26,1.26,0.90,1.02,0,0,0,0,4.85,4.90,4.84,4.70,VMS 2,,Tanque,,1.74,1.92,1.32,1.56,3.43,2.79,2.58,2.27
18/07/2023 12:59 a. m.,Ordeño,05:20,11.10,1,,,,,0,,1.20,1.32,0.90,0.96,0,0,0,0,4.57,4.89,4.64,4.52,VMS 2,,Tanque,,1.68,1.86,1.26,1.62,3.31,2.72,2.44,2.63
18/07/2023 07:53 a. m.,Ordeño,04:59,8.96,2,,,,,0,,1.14,1.20,0.84,0.96,0,0,0,0,4.73,4.76,4.76,4.71,VMS 2,,Tanque,,1.68,1.80,1.14,1.68,2.73,2.24,1.99,2.00
18/07/2023 05:43 p. m.,Ordeño,05:57,13.23,3,,,,,0,,1.26,1.32,0.90,0.96,0,0,0,0,4.89,4.97,4.76,4.94,VMS 2,,Tanque,,1.62,1.86,1.26,1.56,3.75,3.37,3.07,3.04
19/07/2023 01:47 a. m.,Ordeño,08:39,10.07,1,,,,,0,,1.14,1.20,0.78,0.78,0,0,0,0,4.49,4.65,4.48,4.60,VMS 2,,Tanque,,2.76,1.62,1.08,1.44,3.18,2.47,2.08,2.34
19/07/2023 11:34 a. m.,Ordeño,06:31,14.11,2,,,,,0,,1.20,1.32,0.96,0.90,0,0,0,0,4.69,4.91,4.79,4.71,VMS 2,,Tanque,,1.62,2.04,1.50,1.32,4.31,3.44,2.99,3.37
19/07/2023 07:19 p. m.,Ordeño,08:50,7.04,3,,,TD,TD,0,,1.14,1.08,0.84,0.00,0,0,0,0,4.75,4.83,4.64,0.00,VMS 2,,Tanque,,1.56,1.86,1.32,0.00,2.87,2.35,1.82,0.00
20/07/2023 07:07 a. m.,Ordeño,07:39,14.56,1,,,,DD,0,,1.20,0.00,1.02,1.14,0,0,0,0,4.67,0.00,4.78,5.15,VMS 2,,Tanque,,1.68,0.00,1.44,1.56,4.45,0.00,4.23,5.88
20/07/2023 04:25 p. m.,Ordeño,07:28,14.31,2,,,,,0,,1.20,1.32,0.90,0.84,0,0,0,0,4.73,5.25,4.81,4.70,VMS 2,,Tanque,,1.62,1.86,1.32,1.38,3.61,6.31,2.48,1.91
21/07/2023 03:50 a. m.,Ordeño,06:54,14.04,1,,,,,0,,1.20,1.14,0.96,0.90,0,0,0,0,4.65,4.67,4.66,4.72,VMS 2,,Tanque,,1.68,1.86,1.32,1.38,4.66,2.96,3.35,3.07
23/09/2023 01:41 p. m.,Ordeño,06:50,10.83,1,,,,,0,Todos,1.68,1.68,1.32,1.44,7894,1977,1289,1685,3.92,4.55,4.04,3.64,VMS 3,,Divert 3,,2.10,2.40,1.74,2.04,3.03,1.89,2.91,3.00
24/09/2023 01:11 p. m.,Ordeño,07:59,9.90,2,,TD,,,0,Todos,1.20,1.38,1.26,1.08,2098,976,783,885,5.02,5.44,5.10,4.68,VMS 3,,Divert 3,,1.62,1.98,1.80,1.74,2.30,2.07,2.40,3.13
25/09/2023 12:18 a. m.,Ordeño,07:07,11.20,1,,TD,,,0,"DI,DD,TD",1.08,1.32,1.14,1.14,2797,1059,563,977,4.97,5.22,4.82,5.16,VMS 3,,Divert 3,,1.50,1.74,1.62,1.50,3.56,2.00,3.00,2.64
25/09/2023 11:13 p. m.,Ordeño,10:53,15.58,3,,TD,,,0,"DI,DD,TD",1.26,1.26,1.14,1.08,2520,856,578,672,4.92,5.08,4.65,4.85,VMS 3,,Divert 3,,1.68,1.68,1.44,1.50,4.09,3.51,3.94,4.04
26/09/2023 09:52 a. m.,Ordeño,09:33,15.20,1,,TD,,,0,"DI,DD",1.20,1.32,1.02,1.02,1805,645,472,365,4.93,5.13,4.73,4.78,VMS 3,,Divert 3,,1.62,1.74,1.62,1.50,4.02,3.06,4.02,4.10
28/09/2023 10:31 a. m.,Ordeño,08:35,21.87,1,,TD,,,0,,1.26,1.38,1.26,1.02,390,0,0,0,4.79,5.16,4.74,4.74,VMS 3,,Tanque,,1.74,1.98,1.80,1.44,5.45,4.63,5.77,6.02
28/09/2023 09:37 p. m.,Ordeño,08:42,20.22,2,,,,,0,,1.26,1.44,1.14,1.02,494,0,0,0,5.00,5.28,4.80,4.89,VMS 3,,Tanque,,1.68,1.98,1.62,1.38,5.41,4.06,5.38,5.37
29/09/2023 09:13 a. m.,Ordeño,08:10,22.33,1,,,,,0,,1.32,1.50,1.20,1.08,504,0,0,0,4.80,5.15,4.45,4.76,VMS 3,,Divert 3,Sangre por pezón por encima del umbral,1.74,1.92,2.70,1.44,6.04,4.27,6.23,5.79
29/09/2023 09:59 p. m.,Ordeño,10:01,23.61,2,,,,,0,,1.26,1.38,1.14,1.02,506,0,0,0,4.78,5.09,4.70,4.86,VMS 3,,Divert 3,Sangre por pezón por encima del umbral,1.86,2.10,1.50,1.38,5.77,5.17,6.35,6.32
30/09/2023 08:45 a. m.,Ordeño,09:13,20.99,1,,,,,0,,1.14,1.32,1.08,0.96,0,0,0,0,4.56,5.02,4.64,4.60,VMS 3,,Tanque,,1.56,1.80,1.56,1.44,5.33,4.54,5.50,5.62
30/09/2023 09:53 p. m.,Ordeño,09:18,24.40,2,,,,,0,,1.14,1.44,1.20,1.02,384,0,0,0,4.64,4.96,4.63,4.86,VMS 3,,Tanque,,1.50,2.22,1.62,1.44,5.54,5.38,6.80,6.68
01/10/2023 07:49 p. m.,Ordeño,07:49,20.79,2,,,,,0,,1.14,1.44,1.20,1.08,0,0,0,0,4.80,5.02,4.66,4.69,VMS 3,,Tanque,,1.56,1.92,1.74,1.44,5.56,4.26,5.36,5.61
02/10/2023 08:15 a. m.,Ordeño,08:50,25.03,1,,TD,,,0,,1.26,1.38,1.26,1.08,301,0,0,0,4.79,5.01,4.59,4.84,VMS 3,,Tanque,,1.92,2.04,1.68,1.62,5.93,5.37,6.86,6.87
02/10/2023 06:32 p. m.,Ordeño,08:05,21.25,2,,TD,,,0,,1.14,1.38,1.20,1.02,0,0,0,0,4.72,4.96,4.61,4.87,VMS 3,,Tanque,,1.68,1.80,1.68,1.98,5.59,4.57,5.69,5.40
03/10/2023 07:20 a. m.,Ordeño,09:06,25.94,1,,,,,0,,1.26,1.38,1.20,1.14,0,0,0,0,4.58,4.85,4.59,4.74,VMS 3,,Tanque,,1.68,1.74,1.56,1.68,6.53,4.86,7.22,7.33
03/10/2023 05:45 p. m.,Ordeño,09:06,23.15,2,,TD,,,0,,1.14,1.32,1.20,1.08,0,0,0,0,4.79,4.98,4.58,4.88,VMS 3,,Tanque,,1.62,2.04,1.74,1.68,6.17,4.86,6.22,5.90
04/10/2023 04:08 a. m.,Ordeño,08:39,22.87,1,,,,,0,,1.14,1.26,1.08,1.08,0,0,0,0,4.72,4.98,4.73,4.74,VMS 3,,Tanque,,1.62,1.68,1.50,1.62,5.41,4.87,6.09,6.50
04/10/2023 05:53 p. m.,Ordeño,10:17,27.06,2,,,,,0,,1.26,1.32,1.08,0.96,0,0,0,0,4.86,5.06,4.73,4.78,VMS 3,,Tanque,,1.74,1.92,1.50,1.50,7.17,5.69,7.11,7.09
05/10/2023 09:48 p. m.,Ordeño,07:35,20.07,2,,TD,,,0,,1.26,1.38,1.14,0.96,0,0,0,0,4.92,5.22,4.82,4.94,VMS 3,,Tanque,,1.74,1.86,1.56,1.38,5.66,4.26,5.17,4.98
06/10/2023 09:36 a. m.,Ordeño,07:57,21.48,1,,,,,0,,1.20,1.38,1.26,1.20,0,0,0,0,5.05,5.08,4.90,5.14,VMS 3,,Tanque,,1.68,1.86,1.68,1.80,5.76,3.24,6.30,6.18
06/10/2023 08:19 p. m.,Ordeño,06:59,18.51,2,,,,,0,,1.26,1.38,1.20,1.08,0,0,0,0,4.92,5.14,4.76,4.94,VMS 3,,Tanque,,1.68,1.86,1.56,1.44,5.01,3.87,4.74,4.89
07/10/2023 08:49 a. m.,Ordeño,08:14,24.10,1,,,,,0,,1.26,1.38,1.32,1.20,0,0,0,0,5.09,5.28,4.92,5.28,VMS 3,,Tanque,,1.62,1.92,1.80,1.50,6.65,3.94,7.01,6.50
07/10/2023 08:14 p. m.,Ordeño,09:00,22.60,2,,,,,0,,1.08,1.32,1.14,1.14,0,0,0,0,4.89,4.94,4.67,5.00,VMS 3,,Tanque,,1.62,1.68,1.44,1.56,6.48,3.62,6.27,6.23
08/10/2023 09:39 a. m.,Ordeño,09:50,26.23,1,,,,,0,,1.26,1.26,1.20,1.02,0,0,0,0,4.79,5.15,4.63,4.86,VMS 3,,Tanque,,1.80,1.68,1.62,1.62,5.85,5.64,7.47,7.27
08/10/2023 08:56 p. m.,Ordeño,08:45,22.90,2,,TD,,,0,,1.20,1.26,1.20,1.02,0,0,0,0,4.74,5.24,4.69,4.97,VMS 3,,Tanque,,1.62,1.68,1.56,1.50,5.51,4.72,6.05,6.62
09/10/2023 10:56 a. m.,Ordeño,10:57,28.00,1,,,,,0,,1.14,1.32,1.20,1.02,0,0,0,0,4.96,5.03,4.78,5.06,VMS 3,,Tanque,,1.50,1.62,1.50,1.50,7.50,5.06,8.11,7.33
10/10/2023 01:00 a. m.,Ordeño,09:35,27.40,1,,,,,0,,1.20,1.32,1.08,1.02,0,0,0,0,4.83,5.18,4.78,4.84,VMS 3,,Tanque,,1.56,1.74,1.50,1.38,6.90,5.64,7.48,7.38
11/10/2023 07:43 p. m.,Ordeño,09:56,19.11,2,,,TD,TD,0,,1.32,1.38,1.14,0.00,0,0,0,0,4.94,5.26,4.77,0.00,VMS 3,,Tanque,,1.98,1.98,1.80,0.00,6.95,5.41,6.75,0.00
11/10/2023 11:47 p. m.,Ordeño,08:47,15.80,3,,,,,0,,1.08,1.02,1.08,1.26,0,0,0,0,4.78,5.04,4.79,5.29,VMS 3,,Tanque,,1.44,1.50,1.44,1.62,2.92,1.97,2.73,8.18
12/10/2023 11:21 a. m.,Ordeño,09:19,25.90,1,,,,,0,,1.08,1.32,1.20,1.02,0,0,0,0,5.03,5.18,4.77,4.92,VMS 3,,Tanque,,1.50,1.74,1.68,1.62,7.06,5.03,6.97,6.84
12/10/2023 09:46 p. m.,Ordeño,08:18,21.78,2,,,,,0,,1.14,1.32,1.20,1.08,0,0,0,0,4.96,5.19,4.90,5.12,VMS 3,,Tanque,,1.62,1.80,1.62,1.38,6.05,4.05,6.03,5.65
13/10/2023 11:09 a. m.,Ordeño,10:11,25.56,1,,,,,0,,1.08,1.32,0.96,1.02,0,0,0,0,5.16,5.38,5.16,5.33,VMS 3,,Tanque,,1.56,1.68,1.44,1.44,6.68,5.50,6.71,6.67
14/10/2023 12:36 a. m.,Ordeño,09:58,26.76,1,,,,,0,,1.14,1.20,1.08,1.08,0,0,0,0,5.10,5.24,4.92,5.24,VMS 3,,Tanque,,1.50,1.62,1.68,1.44,6.69,6.06,6.80,7.21
14/10/2023 02:49 p. m.,Ordeño,09:52,25.03,2,,,,,0,,1.08,1.26,1.14,1.02,0,0,0,0,4.72,5.18,4.53,5.00,VMS 3,,Tanque,,1.50,1.74,1.56,1.56,6.23,5.57,6.30,6.93
15/10/2023 07:06 p. m.,Ordeño,10:23,25.00,2,,,,,0,,1.14,1.26,1.14,1.02,0,0,0,0,4.91,5.12,4.68,5.12,VMS 3,,Tanque,,1.56,1.68,1.50,1.38,6.29,4.22,6.34,8.15
16/10/2023 08:36 a. m.,Ordeño,08:35,26.10,1,,,,,0,,1.26,1.38,1.26,1.08,0,0,0,0,5.12,5.49,5.14,5.09,VMS 3,,Tanque,,1.62,1.80,1.68,1.44,7.27,5.37,7.68,5.78
16/10/2023 07:11 p. m.,Ordeño,08:28,24.03,2,,,,,0,,1.26,1.26,1.14,1.02,0,0,0,0,4.95,5.22,4.80,5.07,VMS 3,,Tanque,,1.68,1.62,1.56,1.38,6.28,5.20,6.61,5.94
17/10/2023 05:33 a. m.,Ordeño,08:39,23.52,1,,,,,0,,1.14,1.32,1.20,1.08,0,0,0,0,5.22,5.24,5.01,5.30,VMS 3,,Tanque,,1.56,1.80,1.62,1.50,6.23,4.32,6.60,6.37
17/10/2023 06:15 p. m.,Ordeño,27:39,0.00,2,,,Todos,Todos,0,,0.00,0.00,0.00,0.00,0,0,0,0,0.00,0.00,0.00,0.00,VMS 3,,Divert 3,,0.00,0.00,0.00,0.00,0.00,0.00,0.00,0.00
17/10/2023 11:48 p. m.,Ordeño,09:57,30.02,3,,TD,,,0,,1.14,1.38,1.20,1.08,0,0,0,0,5.00,5.45,4.93,5.26,VMS 3,,Tanque,,1.56,2.04,1.56,1.56,7.40,6.16,8.17,8.29
18/10/2023 11:56 a. m.,Ordeño,08:51,24.58,1,,,,,0,,1.26,1.26,1.20,1.08,0,0,0,0,5.19,5.18,4.97,5.22,VMS 3,,Tanque,,1.62,1.74,1.98,1.50,6.99,4.45,7.14,6.00
18/10/2023 10:58 p. m.,Ordeño,09:41,27.08,2,,,,,0,,1.26,1.26,1.14,0.96,0,0,0,0,5.23,5.43,5.06,5.39,VMS 3,,Tanque,,1.62,1.80,1.56,1.26,7.23,5.81,7.16,6.88
19/10/2023 11:06 a. m.,Ordeño,10:25,28.36,1,,,,,0,,1.14,1.26,1.20,1.02,0,0,0,0,5.22,5.44,5.08,5.43,VMS 3,,Tanque,,1.56,1.86,1.62,1.38,6.92,6.07,7.67,7.70
19/10/2023 09:24 p. m.,Ordeño,09:22,25.25,2,,,,,0,,1.14,1.32,1.14,1.08,0,0,0,0,4.94,5.02,4.66,5.14,VMS 3,,Tanque,,1.56,1.80,1.56,1.50,6.84,4.70,6.92,6.79
20/10/2023 10:32 a. m.,Ordeño,09:42,29.26,1,,,,,0,,1.20,1.32,1.20,1.08,0,0,0,0,5.14,5.39,4.97,5.26,VMS 3,,Tanque,,1.56,1.86,1.62,1.86,7.31,6.23,7.69,8.03
21/10/2023 12:38 a. m.,Ordeño,09:19,27.86,1,,,,,0,,1.26,1.38,1.32,1.14,0,0,0,0,5.20,5.44,5.15,5.25,VMS 3,,Tanque,,1.56,1.92,1.68,1.68,7.94,5.60,8.27,6.05
21/10/2023 12:01 p. m.,Ordeño,10:04,28.16,2,,,,,0,,1.14,1.32,1.26,1.08,0,0,0,0,5.13,5.34,4.99,5.18,VMS 3,,Tanque,,1.56,1.74,1.56,1.98,7.46,6.02,7.51,7.17
21/10/2023 11:16 p. m.,Ordeño,09:19,26.76,3,,,,,0,,1.14,1.32,1.20,1.08,0,0,0,0,5.21,5.25,5.04,5.34,VMS 3,,Tanque,,1.56,1.68,1.56,1.44,7.16,4.64,7.87,7.09
22/10/2023 10:57 a. m.,Ordeño,10:26,23.11,1,,,DD,DD,0,,1.14,0.00,1.20,1.14,0,0,0,0,5.20,0.00,4.95,5.35,VMS 3,,Tanque,,1.56,0.00,1.56,1.50,7.16,0.00,7.93,8.02
22/10/2023 03:09 p. m.,Ordeño,07:06,14.39,2,,,,,0,,1.14,1.32,1.14,0.96,0,0,0,0,4.82,5.40,4.75,4.93,VMS 3,,Tanque,,1.68,1.74,1.56,1.26,3.05,5.67,2.89,2.78
23/10/2023 05:59 a. m.,Ordeño,09:45,29.88,1,,,,,0,,1.20,1.26,1.20,1.14,0,0,0,0,5.53,5.39,5.17,5.49,VMS 3,,Tanque,,1.62,1.62,1.56,1.50,7.27,6.23,8.08,8.30
23/10/2023 07:23 p. m.,Ordeño,09:47,30.43,2,,,,,0,,1.32,1.02,1.26,1.14,0,0,0,0,5.52,5.51,5.19,5.62,VMS 3,,Tanque,,1.74,1.44,1.68,1.44,7.91,6.04,8.33,8.15
24/10/2023 08:03 a. m.,Ordeño,08:53,28.09,1,,,,,0,,1.20,1.14,1.26,1.20,0,0,0,0,5.26,5.35,5.06,5.36,VMS 3,,Tanque,,1.56,1.50,1.80,1.56,7.08,6.26,7.11,7.64
24/10/2023 08:13 p. m.,Ordeño,08:51,27.45,2,,,,,0,,1.26,1.08,1.20,1.20,0,0,0,0,5.29,5.25,5.10,5.33,VMS 3,,Tanque,,1.80,1.50,1.50,1.56,7.07,5.06,7.44,7.88
25/10/2023 07:52 a. m.,Ordeño,10:15,28.92,1,,,,,0,,1.20,1.26,1.14,1.08,0,0,0,0,5.05,5.25,4.85,5.15,VMS 3,,Tanque,,1.80,1.74,1.50,1.50,7.37,5.82,7.87,7.86
25/10/2023 07:41 p. m.,Ordeño,09:54,29.16,2,,,,,0,,1.20,1.38,1.20,1.14,0,0,0,0,5.34,5.44,5.09,5.43,VMS 3,,Tanque,,1.68,1.86,1.56,1.56,7.75,5.88,8.16,7.37
26/10/2023 06:03 a. m.,Ordeño,08:48,27.18,1,,,,,0,,1.26,1.38,1.20,1.14,0,0,0,0,5.60,5.56,5.33,5.56,VMS 3,,Tanque,,1.68,1.74,1.50,1.50,6.85,5.55,7.46,7.32
26/10/2023 03:20 p. m.,Ordeño,08:25,24.98,2,,,,,0,,1.32,1.32,1.20,1.08,0,0,0,0,5.20,5.24,4.97,5.23,VMS 3,,Tanque,,1.86,1.74,1.50,1.44,6.72,5.13,6.86,6.27
26/10/2023 09:07 p. m.,Ordeño,06:25,14.17,3,,,,,0,,1.08,1.26,1.14,1.08,0,0,0,0,5.06,5.16,4.78,5.10,VMS 3,,Tanque,,1.50,1.62,1.62,1.38,4.01,2.57,3.95,3.64
27/10/2023 01:52 a. m.,Ordeño,06:02,11.82,1,,,,,0,,1.08,1.14,1.02,1.02,0,0,0,0,5.20,5.24,4.97,5.16,VMS 3,,Tanque,,1.62,1.62,1.44,1.44,3.48,2.26,3.07,3.01
27/10/2023 11:13 a. m.,Ordeño,08:09,22.43,2,,,,,0,,1.14,1.14,1.08,1.08,0,0,0,0,5.33,5.30,5.12,5.35,VMS 3,,Tanque,,1.62,1.62,1.50,1.74,5.51,4.67,6.04,6.21
27/10/2023 04:15 p. m.,Ordeño,05:56,12.35,3,,,,,0,,1.08,1.14,1.02,0.96,0,0,0,0,4.87,4.96,4.79,4.94,VMS 3,,Tanque,,1.44,1.74,1.38,1.32,3.40,2.29,3.36,3.30
27/10/2023 08:48 p. m.,Ordeño,06:43,11.08,4,,,,,0,,0.96,1.08,1.02,0.96,0,0,0,0,5.03,5.14,4.85,5.01,VMS 3,,Tanque,,1.56,1.50,1.32,1.32,3.22,2.18,3.14,2.54
28/10/2023 01:20 a. m.,Ordeño,05:33,12.16,1,,,,,0,,1.14,1.08,1.14,1.02,0,0,0,0,5.44,5.32,5.15,5.33,VMS 3,,Tanque,,1.56,1.62,1.50,1.62,3.16,2.45,3.16,3.39
28/10/2023 07:50 a. m.,Ordeño,07:10,18.51,2,,,,,0,,1.14,1.26,1.26,1.20,0,0,0,0,5.41,5.41,5.16,5.53,VMS 3,,Tanque,,1.56,1.74,1.56,1.62,4.96,3.47,5.02,5.06
28/10/2023 02:26 p. m.,Ordeño,06:56,16.33,3,,,,,0,,1.08,1.26,1.02,0.90,0,0,0,0,5.13,5.18,5.02,5.10,VMS 3,,Tanque,,1.50,1.80,1.44,1.32,4.43,3.33,4.39,4.18
28/10/2023 06:34 p. m.,Ordeño,06:12,10.98,4,,,,,0,,0.90,1.02,1.02,0.96,0,0,0,0,5.29,5.19,5.09,5.27,VMS 3,,Tanque,,1.26,1.50,1.38,1.38,3.06,2.10,2.78,3.04
28/10/2023 11:44 p. m.,Ordeño,06:45,14.43,5,,,,,0,,0.96,1.08,1.02,0.96,0,0,0,0,5.32,5.26,5.23,5.22,VMS 3,,Tanque,,1.44,1.50,1.44,1.32,3.69,3.03,3.85,3.86
29/10/2023 08:36 a. m.,Ordeño,08:54,24.26,1,,,,,0,,1.14,1.08,1.08,1.02,0,0,0,0,5.34,5.38,5.23,5.42,VMS 3,,Tanque,,1.56,1.44,1.38,1.38,6.04,5.11,6.43,6.68
29/10/2023 01:59 p. m.,Ordeño,06:02,13.88,2,,,,,0,,1.08,1.20,1.08,1.08,0,0,0,0,5.12,5.21,5.17,5.21,VMS 3,,Tanque,,1.50,1.62,1.44,1.44,3.72,2.71,3.69,3.76
29/10/2023 08:03 p. m.,Ordeño,06:27,16.02,3,,,,,0,,1.14,1.20,1.08,1.14,0,0,0,0,5.19,5.21,5.08,5.22,VMS 3,,Tanque,,1.68,1.56,1.44,1.38,4.21,3.22,4.12,4.47
30/10/2023 04:02 a. m.,Ordeño,08:25,21.33,1,,,,,0,,1.14,1.32,1.02,1.02,0,0,0,0,5.25,5.34,5.14,5.31,VMS 3,,Tanque,,1.44,1.74,1.26,1.38,5.31,4.09,6.01,5.92
30/10/2023 11:54 a. m.,Ordeño,08:02,20.90,2,,,,,0,,1.14,1.26,1.08,1.08,0,0,0,0,5.19,5.18,5.08,5.39,VMS 3,,Tanque,,1.62,1.62,1.50,1.56,5.80,3.60,5.82,5.68
30/10/2023 05:15 p. m.,Ordeño,06:57,13.62,3,,,,,0,,1.02,1.20,1.02,1.14,0,0,0,0,5.07,5.20,5.09,4.95,VMS 3,,Tanque,,1.50,1.62,1.86,1.44,3.86,2.65,3.58,3.53
31/10/2023 12:09 a. m.,Ordeño,07:06,18.78,1,,,,,0,,1.14,1.26,1.20,1.08,0,0,0,0,5.23,5.15,5.02,5.24,VMS 3,,Tanque,,1.56,1.62,1.50,1.44,4.78,3.59,5.26,5.15
31/10/2023 03:54 a. m.,Ordeño,05:55,9.57,2,,,,,0,,0.90,0.96,1.02,1.02,0,0,0,0,4.96,5.08,4.87,4.99,VMS 3,,Tanque,,1.44,1.62,1.44,1.32,2.70,1.87,2.56,2.44
31/10/2023 09:45 a. m.,Ordeño,07:08,16.92,3,,,,,0,,1.14,1.14,1.02,1.02,0,0,0,0,5.11,5.11,4.85,4.97,VMS 3,,Tanque,,1.50,1.44,1.50,1.32,4.45,3.40,4.52,4.55
31/10/2023 05:10 p. m.,Ordeño,07:39,19.32,4,,,,,0,,1.08,1.32,1.08,1.02,0,0,0,0,5.15,5.19,4.93,5.23,VMS 3,,Tanque,,1.56,1.68,1.38,1.74,5.09,3.84,5.23,5.16
31/10/2023 09:40 p. m.,Ordeño,06:13,12.25,5,,,,,0,,1.02,1.14,1.02,0.90,0,0,0,0,4.75,4.85,4.52,4.71,VMS 3,,Tanque,,1.44,1.62,1.32,1.20,3.38,2.57,3.44,2.86
01/11/2023 06:25 a. m.,Ordeño,09:12,23.65,1,,,,,0,,1.02,1.08,1.08,0.96,0,0,0,0,5.16,5.03,4.86,5.05,VMS 3,,Tanque,,1.44,1.44,1.50,1.38,5.81,4.70,6.63,6.51
01/11/2023 03:19 p. m.,Ordeño,08:36,23.70,2,,,,,0,,1.02,1.32,1.08,1.08,0,0,0,0,5.08,5.19,4.93,5.17,VMS 3,,Tanque,,1.44,1.68,1.50,1.50,5.86,4.89,6.41,6.54
01/11/2023 10:14 p. m.,Ordeño,07:34,17.78,3,,,,,0,,1.02,1.26,1.02,0.96,0,0,0,0,4.94,4.99,4.81,4.82,VMS 3,,Tanque,,1.44,1.56,1.32,1.32,4.58,3.67,5.00,4.53
02/11/2023 03:57 a. m.,Ordeño,07:26,14.93,1,,,,,0,,0.96,1.14,1.02,0.96,0,0,0,0,5.09,5.20,5.00,5.21,VMS 3,,Tanque,,1.26,1.68,1.32,1.44,3.97,2.77,4.01,4.18
02/11/2023 11:44 a. m.,Ordeño,09:04,6.39,2,,,Todos,,0,,0.72,0.66,0.84,0.42,0,0,0,0,4.61,4.89,4.55,4.32,VMS 3,,Tanque,,1.02,1.08,1.26,1.02,1.75,1.45,1.54,1.65
02/11/2023 04:21 p. m.,Ordeño,06:54,10.68,3,,,,,0,,0.90,1.02,0.84,0.78,0,405,0,0,4.88,5.02,4.73,4.87,VMS 3,,Tanque,,1.38,1.56,1.20,1.14,3.06,2.09,2.67,2.86
02/11/2023 09:21 p. m.,Ordeño,07:16,12.07,4,,,,,0,,0.78,1.08,0.96,0.96,0,0,0,0,4.78,4.96,4.81,4.88,VMS 3,,Tanque,,1.20,1.56,1.26,1.20,3.28,2.35,3.18,3.26
03/11/2023 03:23 a. m.,Ordeño,10:42,13.26,1,,TD,TD,,0,,1.08,1.20,1.14,1.32,0,0,0,0,5.15,5.19,4.95,3.08,VMS 3,,Tanque,,1.44,1.68,1.62,2.46,4.43,3.39,4.80,0.64
03/11/2023 12:09 p. m.,Ordeño,10:49,26.69,2,,,,,0,,1.08,1.32,1.08,1.14,0,0,0,0,5.15,5.24,5.07,5.57,VMS 3,,Tanque,,1.68,1.68,1.44,1.80,5.86,4.81,6.27,9.75
03/11/2023 05:54 p. m.,Ordeño,06:49,14.50,3,,,,,0,,0.96,1.20,1.02,0.90,0,306,0,0,4.94,4.89,4.82,4.78,VMS 3,,Tanque,,1.38,1.74,1.38,1.26,3.88,3.13,3.64,3.85
04/11/2023 04:26 a. m.,Ordeño,10:18,27.33,1,,,,,0,,1.02,1.44,1.20,1.08,0,0,0,0,5.24,5.37,5.00,5.30,VMS 3,,Tanque,,1.44,1.80,1.62,1.44,7.49,5.46,7.76,6.62
04/11/2023 09:18 a. m.,Ordeño,06:16,12.54,2,,,,,0,,1.08,1.14,1.08,1.02,0,0,0,0,4.89,5.11,4.66,4.90,VMS 3,,Tanque,,1.50,1.68,1.44,1.44,3.62,2.53,3.29,3.10
04/11/2023 01:15 p. m.,Ordeño,05:46,10.72,3,,,,,0,,1.02,1.14,1.08,1.02,0,0,0,0,4.89,4.92,4.81,4.94,VMS 3,,Tanque,,1.50,1.56,1.44,1.44,3.00,1.93,2.85,2.94
04/11/2023 07:56 p. m.,Ordeño,07:23,17.77,4,,,,,0,,0.96,1.14,1.02,1.02,0,0,0,0,5.04,5.11,4.88,5.08,VMS 3,,Tanque,,1.32,1.62,1.38,1.26,4.71,3.36,4.81,4.89
05/11/2023 02:40 a. m.,Ordeño,07:20,18.41,1,,,,,0,,1.02,1.14,1.08,1.02,0,0,0,0,5.10,5.10,4.88,5.16,VMS 3,,Tanque,,1.44,1.62,1.44,1.26,4.82,3.83,4.98,4.78
05/11/2023 08:51 a. m.,Ordeño,07:04,16.52,2,,,,,0,,1.02,1.14,1.02,0.96,0,0,0,0,4.94,4.96,4.80,5.00,VMS 3,,Tanque,,1.44,1.56,1.38,1.26,4.37,3.20,4.55,4.40
05/11/2023 04:40 p. m.,Ordeño,07:45,19.78,3,,,,,0,,1.08,1.26,1.08,1.02,0,0,0,0,5.07,5.12,4.93,5.12,VMS 3,,Tanque,,1.44,1.68,1.44,1.32,5.36,3.65,5.35,5.42
05/11/2023 09:34 p. m.,Ordeño,07:01,11.87,4,,,,,0,,0.90,1.14,1.02,1.02,0,0,0,0,4.95,5.06,4.78,4.91,VMS 3,,Tanque,,1.38,1.74,1.38,1.44,3.53,2.44,3.00,2.90
06/11/2023 10:05 a. m.,Ordeño,10:46,31.08,1,,,,,0,,1.08,1.32,1.20,1.14,0,0,0,0,5.35,5.25,5.35,5.49,VMS 3,,Tanque,,1.56,1.68,1.56,1.50,7.73,5.22,9.15,8.98
06/11/2023 03:26 p. m.,Ordeño,06:58,13.91,2,,,,,0,,1.02,1.20,1.02,0.96,0,0,0,0,4.95,5.05,4.83,5.01,VMS 3,,Tanque,,1.38,1.62,1.32,1.38,3.85,2.64,3.81,3.61
06/11/2023 09:51 p. m.,Ordeño,07:41,16.90,3,,,,,0,,1.02,1.08,0.96,0.96,0,0,0,0,5.17,5.10,4.93,5.11,VMS 3,,Tanque,,1.38,1.56,1.32,1.38,4.69,3.17,4.62,4.42
07/11/2023 04:58 a. m.,Ordeño,07:26,18.76,1,,,,,0,,1.14,1.14,1.14,1.02,0,0,0,0,5.10,5.13,4.91,5.22,VMS 3,,Tanque,,1.92,1.50,1.44,1.44,5.10,3.19,5.25,5.22
07/11/2023 10:50 a. m.,Ordeño,06:20,15.96,2,,,,,0,,1.20,1.14,1.14,1.02,0,0,0,0,5.26,5.11,4.98,5.15,VMS 3,,Tanque,,1.56,1.56,1.50,1.62,4.13,3.63,4.28,3.92
07/11/2023 03:04 p. m.,Ordeño,05:34,10.66,3,,,,,0,,1.02,1.14,1.08,0.96,0,0,0,0,5.13,5.02,4.94,5.08,VMS 3,,Tanque,,1.44,1.56,1.50,1.50,2.70,2.32,2.80,2.84
07/11/2023 09:23 p. m.,Ordeño,07:54,16.15,4,,,,,0,,0.96,1.14,0.90,0.96,0,0,0,0,5.02,5.11,4.92,5.05,VMS 3,,Tanque,,1.50,1.56,1.26,1.44,4.20,2.95,4.50,4.50
08/11/2023 04:57 a. m.,Ordeño,08:00,21.29,1,,,,,0,,1.02,1.26,1.08,1.02,0,0,0,0,5.33,5.24,5.20,5.34,VMS 3,,Tanque,,1.38,1.62,1.44,1.44,5.49,4.32,5.69,5.79
08/11/2023 01:39 p. m.,Ordeño,08:32,21.82,2,,,,,0,,1.14,1.14,0.96,1.08,0,0,0,0,4.94,5.14,4.90,5.12,VMS 2,,Tanque,,1.44,1.56,1.32,1.56,6.38,3.96,5.61,5.87
08/11/2023 09:47 p. m.,Ordeño,07:50,17.44,3,,,,,0,,1.08,1.02,0.96,0.96,0,0,0,0,4.90,5.02,5.04,4.87,VMS 2,,Tanque,,1.44,1.50,1.44,1.32,5.16,3.04,4.69,4.55
09/11/2023 05:03 a. m.,Ordeño,08:18,19.08,1,,,,,0,,1.08,1.02,0.84,0.96,0,0,0,0,4.99,5.10,4.95,5.06,VMS 2,,Tanque,,1.44,1.56,1.08,1.26,5.40,3.78,4.68,5.22
09/11/2023 10:34 a. m.,Ordeño,06:57,13.74,2,,,,,0,,1.08,1.02,0.90,0.90,0,0,0,0,5.14,5.30,5.02,5.18,VMS 2,,Tanque,,1.38,1.62,1.20,1.32,3.93,2.68,3.43,3.70
09/11/2023 03:32 p. m.,Ordeño,06:47,12.22,3,,,,,0,,1.02,0.96,0.96,0.96,0,0,0,0,4.92,5.09,4.89,5.13,VMS 2,,Tanque,,1.32,1.44,1.26,1.32,3.67,2.26,3.12,3.17
09/11/2023 07:53 p. m.,Ordeño,05:30,9.40,4,,,,,0,,1.02,0.90,0.78,0.84,0,0,0,0,4.94,5.03,4.96,5.04,VMS 2,,Tanque,,1.38,1.38,1.08,1.38,2.57,1.99,2.45,2.39
10/11/2023 01:56 a. m.,Ordeño,07:25,14.61,1,,DI,,,0,,1.08,1.02,0.84,0.84,0,0,0,0,5.03,5.15,5.05,4.94,VMS 2,,Tanque,,1.68,1.44,1.38,1.20,3.04,3.09,4.33,4.15
10/11/2023 07:16 a. m.,Ordeño,06:46,13.52,2,,DI,,,0,,1.08,0.90,0.84,0.96,0,0,0,0,5.15,5.36,5.07,5.25,VMS 2,,Tanque,,1.56,1.38,1.14,1.44,3.52,2.73,3.57,3.70
10/11/2023 01:57 p. m.,Ordeño,07:16,15.60,3,,DI,,,0,,1.02,1.14,0.90,0.96,0,0,0,0,5.18,5.15,4.93,5.10,VMS 2,,Tanque,,1.38,1.56,1.20,1.56,3.21,3.15,4.51,4.73
10/11/2023 06:06 p. m.,Ordeño,08:23,12.87,4,,,,,0,,1.08,0.96,0.90,0.78,0,0,0,0,5.09,5.09,5.03,4.89,VMS 2,,Tanque,,1.50,1.38,1.32,1.08,5.63,2.10,2.64,2.50
11/11/2023 01:27 a. m.,Ordeño,08:16,19.16,1,,,,,0,,1.08,1.20,0.84,0.90,0,0,0,0,4.90,5.20,4.94,5.19,VMS 2,,Tanque,,1.38,1.56,1.20,1.56,5.71,3.55,4.79,5.11
11/11/2023 10:49 a. m.,Ordeño,09:29,21.83,2,,,,,0,,1.08,1.02,0.84,0.90,0,0,0,0,4.91,4.95,4.88,4.89,VMS 2,,Tanque,,1.38,1.56,1.26,1.44,6.30,3.64,5.75,6.14
11/11/2023 04:18 p. m.,Ordeño,06:56,12.76,3,,,,,0,,1.02,1.08,0.84,0.90,0,0,0,0,4.78,4.82,4.68,4.75,VMS 2,,Tanque,,1.32,1.44,1.20,1.26,3.64,2.39,3.30,3.43
11/11/2023 08:09 p. m.,Ordeño,05:14,8.89,4,,,,,0,,1.02,0.84,0.90,0.84,0,0,0,0,4.90,4.97,4.95,4.81,VMS 2,,Tanque,,1.38,1.32,1.32,1.20,2.52,1.80,2.26,2.31
12/11/2023 03:05 a. m.,Ordeño,07:12,17.57,1,,,,,0,,1.14,1.14,0.96,0.96,0,0,0,0,5.02,5.24,4.94,5.10,VMS 2,,Tanque,,1.50,1.56,1.50,1.32,4.82,3.42,4.51,4.82
12/11/2023 12:52 p. m.,Ordeño,08:54,22.38,2,,,,,0,,1.14,1.14,0.96,0.96,0,0,0,0,4.94,5.12,4.88,4.96,VMS 2,,Tanque,,1.44,1.56,1.38,1.56,6.59,3.96,5.70,6.13
12/11/2023 09:59 p. m.,Ordeño,09:22,21.76,3,,,,,0,,1.20,1.02,0.90,0.90,0,0,0,0,4.99,5.05,4.81,4.91,VMS 2,,Tanque,,1.62,1.50,1.26,1.38,6.22,4.23,5.43,5.88
13/11/2023 10:23 a. m.,Ordeño,10:50,28.21,1,,,,,0,,1.20,1.20,0.90,1.02,0,0,0,0,4.98,5.26,4.89,5.03,VMS 2,,Tanque,,1.56,1.56,1.26,1.50,8.32,5.18,7.03,7.68
13/11/2023 02:40 p. m.,Ordeño,06:02,10.60,2,,,,,0,,1.02,1.08,0.96,0.84,0,0,0,0,4.47,4.77,4.43,4.48,VMS 2,,Tanque,,1.38,1.56,1.32,1.20,3.06,2.07,2.64,2.83
13/11/2023 09:32 p. m.,Ordeño,07:58,15.43,3,,,,,0,,1.08,1.08,0.84,0.84,0,0,0,0,4.72,4.92,4.80,4.72,VMS 2,,Tanque,,1.62,1.50,1.26,1.32,4.34,2.99,3.88,4.22
14/11/2023 03:45 a. m.,Ordeño,09:05,15.59,1,,,,,0,,1.08,1.08,0.78,0.96,0,0,0,0,4.84,5.11,4.87,4.94,VMS 2,,Tanque,,1.44,1.44,1.26,1.56,4.31,3.17,3.92,4.19
14/11/2023 09:39 a. m.,Ordeño,06:55,13.65,2,,,,,0,,1.08,1.02,0.78,0.90,0,0,0,0,4.76,4.99,4.74,4.94,VMS 2,,Tanque,,1.44,1.44,1.14,1.26,4.06,2.68,3.34,3.57
14/11/2023 02:00 p. m.,Ordeño,09:30,4.83,3,,,"DI,TI","DI,TI",0,,0.00,0.90,0.00,0.90,0,0,0,0,0.00,4.85,0.00,4.81,VMS 2,,Tanque,,0.00,1.26,0.00,1.32,0.00,1.91,0.00,2.92
15/11/2023 03:29 a. m.,Ordeño,13:22,32.82,1,,,,,0,"DD,TI",1.14,1.20,0.90,1.08,0,0,0,0,4.77,5.30,5.23,4.01,VMS 2,,Tanque,,3.78,1.62,1.32,1.80,7.92,6.46,8.07,10.37
15/11/2023 12:39 p. m.,Ordeño,09:36,24.43,2,,,,,0,,1.14,1.14,0.90,1.20,0,0,0,0,4.58,4.90,4.63,4.11,VMS 2,,Tanque,,1.56,1.56,1.26,2.04,6.21,4.62,5.27,8.33
15/11/2023 09:59 p. m.,Ordeño,09:38,19.18,3,,,,,0,,1.02,1.08,0.84,0.78,0,0,0,0,4.41,4.76,4.49,4.30,VMS 2,,Tanque,,1.38,1.50,1.14,1.50,5.36,4.05,4.68,5.09
16/11/2023 07:11 a. m.,Ordeño,11:01,21.85,1,,,,,0,,1.08,0.96,0.84,0.84,0,0,0,0,4.66,4.83,4.75,4.59,VMS 2,,Tanque,,1.62,1.32,1.20,1.38,5.98,4.80,5.18,5.89
16/11/2023 03:19 p. m.,Ordeño,07:52,19.62,2,,,,,0,,1.08,1.14,1.02,1.14,0,0,0,0,4.63,4.81,4.74,4.52,VMS 2,,Tanque,,1.50,1.56,1.32,1.98,5.37,3.45,4.81,5.99
17/11/2023 02:12 a. m.,Ordeño,10:56,24.97,1,,,,,0,,0.96,1.08,0.90,0.96,0,0,0,0,4.55,4.80,4.61,4.39,VMS 2,,Tanque,,1.38,1.50,1.20,1.68,6.49,4.98,6.32,7.18
17/11/2023 03:06 p. m.,Ordeño,11:24,29.70,2,,DI,,,0,,1.20,1.32,0.96,1.08,0,0,0,0,4.71,5.05,4.60,4.47,VMS 2,,Tanque,,1.56,1.62,1.38,1.86,7.96,5.87,7.17,8.70
18/11/2023 12:07 a. m.,Ordeño,09:08,22.29,1,,,,,0,,1.08,1.08,0.90,1.08,0,0,0,0,4.31,4.61,4.38,4.25,VMS 2,,Tanque,,1.44,1.44,1.26,1.74,5.94,4.37,5.40,6.58
18/11/2023 08:12 a. m.,Ordeño,08:26,20.18,2,,,,,0,,1.20,1.08,0.96,0.96,0,0,0,0,4.30,4.59,4.31,4.69,VMS 2,,Tanque,,1.68,1.44,1.32,1.68,5.65,3.92,5.11,5.50
18/11/2023 02:24 p. m.,Ordeño,06:44,14.35,3,,,,,0,,1.08,1.02,0.96,1.26,0,0,0,0,4.46,4.73,4.50,4.60,VMS 2,,Tanque,,1.56,1.38,1.32,2.46,4.08,2.52,3.44,4.31
18/11/2023 07:04 p. m.,Ordeño,05:52,13.02,4,,,,,0,,1.14,0.96,1.02,1.20,0,0,0,0,4.60,4.70,4.48,4.44,VMS 2,,Tanque,,1.50,1.44,1.38,2.10,3.37,2.34,3.14,4.17
19/11/2023 01:39 a. m.,Ordeño,07:28,16.65,1,,,,,0,,1.14,1.02,0.96,1.02,0,0,0,0,4.60,4.83,4.55,4.32,VMS 2,,Tanque,,1.56,1.44,1.32,1.74,4.51,3.10,3.92,5.12
19/11/2023 12:07 p. m.,Ordeño,10:08,29.30,2,,,,,0,,1.26,1.20,1.02,1.26,0,0,0,0,4.57,4.81,4.55,4.50,VMS 2,,Tanque,,1.62,1.62,1.32,2.16,7.68,5.52,6.83,9.27
19/11/2023 06:46 p. m.,Ordeño,08:09,18.42,3,,,,,0,,1.14,1.08,1.14,0.84,0,0,0,0,4.38,4.44,4.02,4.39,VMS 2,,Tanque,,1.56,1.56,1.92,1.20,4.77,3.48,6.07,4.10
20/11/2023 01:11 a. m.,Ordeño,07:53,17.20,1,,,,,0,,1.20,0.96,0.90,1.14,0,0,0,0,4.43,4.52,4.36,4.04,VMS 2,,Tanque,,1.56,1.50,1.20,1.98,4.03,3.07,3.95,6.15
20/11/2023 07:35 a. m.,Ordeño,08:17,16.77,2,,,,,0,,1.02,1.08,0.90,0.96,0,0,0,0,4.26,4.51,4.35,4.17,VMS 2,,Tanque,,1.38,1.50,1.26,1.62,4.66,3.13,4.19,4.79
20/11/2023 11:39 a. m.,Ordeño,05:57,10.59,3,,,,,0,,1.08,0.90,0.90,0.96,0,0,0,0,4.05,4.29,4.19,4.16,VMS 2,,Tanque,,1.50,1.38,1.20,1.56,2.87,2.05,2.56,3.11
20/11/2023 07:08 p. m.,Ordeño,10:06,19.37,4,,,,,0,,1.14,1.02,0.84,1.08,0,0,0,0,4.39,4.58,4.38,4.08,VMS 2,,Tanque,,1.44,1.38,1.20,2.04,5.23,3.59,4.62,5.93
21/11/2023 02:03 a. m.,Ordeño,10:32,17.22,1,,,,,0,,1.14,1.08,0.90,0.96,0,0,0,0,4.22,4.29,4.17,4.14,VMS 2,,Tanque,,1.50,1.44,1.26,1.74,4.76,3.54,4.58,4.34
21/11/2023 05:59 a. m.,Ordeño,06:45,10.47,2,,,,,0,,0.96,0.78,0.84,1.02,0,0,0,0,4.06,4.16,4.16,2.95,VMS 2,,Tanque,,1.44,1.38,1.14,2.04,2.95,1.68,2.17,3.67
21/11/2023 12:43 p. m.,Ordeño,09:57,18.70,3,,,,,0,,1.20,1.02,0.78,0.78,0,0,0,0,4.39,4.45,4.42,4.23,VMS 2,,Tanque,,1.56,1.68,1.32,1.32,4.22,4.39,4.77,5.32
22/11/2023 04:23 a. m.,Ordeño,12:25,33.46,1,,,,,0,,1.14,1.14,0.96,1.08,0,0,0,0,4.39,4.71,4.54,4.25,VMS 2,,Tanque,,1.62,1.50,1.26,2.04,8.51,6.09,8.51,10.35
22/11/2023 08:49 a. m.,Ordeño,08:33,11.11,2,,,,,0,,0.96,0.90,0.72,0.84,0,0,0,0,3.90,4.05,3.94,2.88,VMS 2,,Tanque,,1.38,1.44,1.08,1.50,3.06,2.14,2.71,3.20
22/11/2023 09:07 p. m.,Ordeño,11:47,27.22,3,,,,,0,,1.14,1.14,0.96,0.84,0,0,0,0,4.22,4.55,4.20,4.18,VMS 2,,Tanque,,1.56,1.56,1.32,1.44,7.09,5.56,7.15,7.42
23/11/2023 04:11 a. m.,Ordeño,07:55,15.99,1,,,,,0,,1.20,1.02,0.84,0.72,0,0,0,0,4.19,4.39,4.29,4.29,VMS 2,,Tanque,,1.56,1.44,1.20,3.18,4.65,3.42,4.24,3.68
23/11/2023 09:10 a. m.,Ordeño,06:59,13.81,2,,,,,0,,1.08,0.96,0.90,0.96,0,0,0,0,4.24,4.37,4.29,4.31,VMS 2,,Tanque,,1.44,1.44,1.20,1.56,3.69,2.53,3.34,4.25
23/11/2023 04:36 p. m.,Ordeño,09:57,19.80,3,,,,,0,,1.20,1.08,0.84,1.02,0,0,0,0,4.40,4.65,4.43,4.07,VMS 2,,Tanque,,1.62,1.44,1.20,2.40,5.07,3.84,4.71,6.18
24/11/2023 01:10 a. m.,Ordeño,11:24,24.59,1,,,,,0,,1.08,1.08,0.84,1.02,0,0,0,0,4.54,4.79,4.50,4.33,VMS 2,,Tanque,,1.38,1.50,1.20,1.68,6.60,4.34,5.87,7.78
24/11/2023 11:47 a. m.,Ordeño,10:43,28.49,2,,,,,0,,1.14,1.20,0.96,1.20,0,0,0,0,4.37,4.73,4.40,4.12,VMS 2,,Tanque,,1.50,1.74,1.32,2.16,7.03,5.04,7.02,9.40
25/11/2023 03:36 a. m.,Ordeño,12:26,32.82,1,,,,,0,,1.20,1.14,0.96,1.08,0,0,0,0,4.13,4.47,4.21,4.14,VMS 2,,Tanque,,1.80,1.62,1.32,1.68,8.20,6.35,8.07,10.20
26/11/2023 12:53 p. m.,Ordeño,15:55,10.44,1,,,"DI,TD","DI,TD",0,,0.00,1.20,0.96,0.00,0,0,0,0,0.00,4.21,4.31,0.00,VMS 2,,Tanque,,0.00,1.56,1.32,0.00,0.00,4.64,5.80,0.00
26/11/2023 06:33 p. m.,Ordeño,11:28,25.71,2,,DI,,,0,,1.20,0.78,1.02,1.20,0,0,0,0,4.20,3.84,3.71,4.20,VMS 2,,Tanque,,1.68,1.44,1.38,1.92,8.65,2.05,4.40,10.61
26/11/2023 11:37 p. m.,Ordeño,06:59,14.69,3,,,,,0,,1.02,0.96,0.90,1.08,0,0,0,0,3.80,4.25,3.95,2.81,VMS 2,,Tanque,,1.50,1.38,1.26,1.86,4.05,2.63,3.05,4.96
27/11/2023 06:28 a. m.,Ordeño,06:50,16.34,1,,DI,,,0,,1.20,1.08,0.96,1.20,0,0,0,0,4.50,4.77,4.37,4.26,VMS 2,,Tanque,,2.94,1.44,1.32,1.98,3.30,3.22,4.23,5.59
28/11/2023 07:04 a. m.,Ordeño,10:03,21.66,1,,DI,DI,,0,,1.02,1.08,0.96,1.02,0,0,0,0,4.95,4.94,4.57,5.30,VMS 2,,Tanque,,1.50,1.44,1.32,1.56,2.24,5.13,7.07,7.22
28/11/2023 06:49 p. m.,Ordeño,10:32,26.57,2,,,,,0,,1.32,1.20,1.08,1.02,0,0,0,0,4.89,4.94,4.54,4.99,VMS 2,,Tanque,,1.80,1.68,1.38,1.44,9.20,4.56,6.41,6.40
29/11/2023 04:29 a. m.,Ordeño,08:23,21.80,1,,,,,0,,1.14,1.14,1.02,0.96,0,0,0,0,4.89,5.34,4.82,5.25,VMS 2,,Tanque,,1.50,1.50,1.32,1.38,5.80,4.31,5.69,6.00
29/11/2023 12:17 p. m.,Ordeño,08:42,18.97,2,,,,,0,,1.14,1.20,0.96,1.02,0,0,0,0,5.04,5.19,4.94,4.93,VMS 2,,Tanque,,1.56,1.68,1.32,1.56,5.27,3.80,4.88,5.02
29/11/2023 07:45 p. m.,Ordeño,07:57,16.49,3,,,,,0,,1.08,1.14,0.96,1.08,0,0,0,0,5.12,5.15,4.92,5.18,VMS 2,,Tanque,,1.56,1.56,1.32,1.62,4.47,3.24,4.37,4.41
30/11/2023 12:10 a. m.,Ordeño,06:08,11.53,1,,,,,0,,1.02,0.96,0.90,0.96,0,0,0,0,5.26,5.36,5.19,5.43,VMS 2,,Tanque,,1.50,1.50,1.32,1.44,3.28,2.33,2.89,3.03
30/11/2023 05:12 a. m.,Ordeño,06:33,11.71,2,,,,,0,,0.90,0.96,0.90,0.96,0,0,0,0,5.09,5.30,5.16,5.15,VMS 2,,Tanque,,1.38,1.44,1.32,1.62,3.28,2.24,2.99,3.20
30/11/2023 11:13 a. m.,Ordeño,06:42,15.60,3,,,,,0,,1.08,1.08,0.96,1.02,0,0,0,0,5.10,5.21,4.98,5.14,VMS 2,,Tanque,,1.50,1.62,1.50,1.50,4.29,3.01,4.01,4.29
30/11/2023 08:16 p. m.,Ordeño,08:24,20.48,4,,,,,0,,1.08,1.08,0.96,0.96,0,0,0,0,5.07,5.19,5.02,5.29,VMS 2,,Tanque,,1.56,1.44,1.26,1.38,5.76,3.85,5.18,5.69
01/12/2023 05:58 a. m.,Ordeño,08:52,23.28,1,,,,,0,,1.08,1.14,1.02,1.08,0,0,0,0,5.13,5.47,5.04,5.40,VMS 2,,Tanque,,1.44,1.62,1.44,1.62,6.81,4.31,6.14,6.02
01/12/2023 11:36 a. m.,Ordeño,06:50,11.73,2,,,,,0,,0.90,1.02,0.96,0.90,0,0,0,0,4.68,4.94,4.77,4.77,VMS 2,,Tanque,,1.44,1.62,1.44,1.44,3.56,2.26,3.07,2.84
01/12/2023 07:28 p. m.,Ordeño,06:54,14.60,3,,,,,0,,1.08,0.90,0.90,0.96,0,0,0,0,4.85,4.82,4.90,4.93,VMS 2,,Tanque,,1.56,1.38,1.32,1.32,4.33,1.88,4.16,4.23
02/12/2023 07:39 a. m.,Ordeño,10:48,30.28,1,,,,,0,,1.14,1.14,0.96,1.02,0,0,0,0,5.25,5.40,5.05,5.26,VMS 2,,Tanque,,1.62,1.50,1.32,1.44,8.62,5.78,7.67,8.21
02/12/2023 12:49 p. m.,Ordeño,09:12,11.87,2,,,,,0,,1.14,0.96,0.84,1.08,0,0,0,0,4.94,4.91,5.04,4.74,VMS 2,,Tanque,,1.56,1.62,1.26,1.50,3.41,2.48,2.77,3.21
02/12/2023 05:50 p. m.,Ordeño,06:48,11.50,3,,,,,0,,0.90,0.96,0.84,0.90,0,0,0,0,5.00,5.11,5.04,5.01,VMS 2,,Tanque,,1.38,1.44,1.26,1.44,3.34,2.22,2.92,3.02
03/12/2023 05:32 a. m.,Ordeño,10:07,28.25,1,,,,,0,,1.26,1.20,0.96,1.02,0,0,0,0,5.18,5.23,5.04,5.18,VMS 2,,Tanque,,1.74,1.68,1.38,1.50,7.67,5.63,7.17,7.78
03/12/2023 01:57 p. m.,Ordeño,08:21,19.12,2,,,,,0,,1.14,1.08,0.96,1.08,0,0,0,0,4.54,4.78,4.63,4.54,VMS 2,,Tanque,,1.62,1.56,1.44,1.86,5.58,3.62,4.73,5.19
03/12/2023 06:39 p. m.,Ordeño,06:05,9.42,3,,,,,0,,0.90,1.02,0.90,0.90,0,0,0,0,4.41,4.66,4.55,4.47,VMS 2,,Tanque,,1.32,1.50,1.20,1.38,2.77,1.91,2.27,2.47
04/12/2023 06:54 p. m.,Ordeño,11:45,33.07,1,,,,,0,TI,1.20,1.20,0.96,1.14,0,0,0,0,5.51,5.25,6.28,5.61,VMS 2,,Tanque,,1.56,1.62,1.50,1.68,9.51,6.45,7.63,9.48
05/12/2023 12:40 a. m.,Ordeño,07:26,9.53,1,,,"TI,TD",,0,,0.96,0.90,0.90,0.84,0,0,0,0,4.57,4.64,4.65,4.77,VMS 2,,Tanque,,1.44,1.44,1.80,1.26,3.01,2.20,2.46,1.86
05/12/2023 04:22 a. m.,Ordeño,07:25,6.91,2,,,TD,,0,,0.66,0.78,0.72,0.66,0,0,0,0,4.65,4.78,4.77,5.04,VMS 2,,Tanque,,1.02,1.38,1.20,1.20,2.00,1.56,1.98,1.37
05/12/2023 09:26 a. m.,Ordeño,06:00,10.98,3,,,,,0,,0.96,1.02,0.84,0.96,0,0,0,0,5.10,5.05,5.18,5.03,VMS 2,,Tanque,,1.38,1.44,1.20,1.38,3.21,2.47,2.42,2.88
05/12/2023 04:26 p. m.,Ordeño,06:50,17.10,4,,,,,0,,1.14,1.08,0.90,1.02,0,0,0,0,5.44,5.31,5.44,5.45,VMS 2,,Tanque,,1.62,1.56,1.26,1.44,4.87,3.76,3.81,4.66
06/12/2023 12:28 a. m.,Ordeño,08:17,18.54,1,,TD,,,0,,1.02,1.02,0.84,0.90,0,0,0,0,5.11,5.15,5.18,5.00,VMS 2,,Tanque,,1.44,1.50,1.26,1.62,5.47,3.60,4.33,5.14
06/12/2023 09:30 a. m.,Ordeño,08:54,22.95,2,,TD,,,0,,1.08,1.14,0.90,1.02,0,0,0,0,5.26,5.28,5.26,5.37,VMS 2,,Tanque,,1.44,1.56,1.26,1.38,6.54,4.67,5.37,6.37
06/12/2023 08:34 p. m.,Ordeño,10:01,25.44,3,,,,,0,,1.14,1.14,0.90,1.02,0,0,0,0,5.05,5.08,5.13,5.10,VMS 2,,Tanque,,1.50,1.74,1.38,1.38,7.20,5.13,5.98,7.13
07/12/2023 07:08 a. m.,Ordeño,09:37,24.21,1,,,,,0,,1.08,1.14,0.90,0.96,0,0,0,0,4.79,4.90,4.86,4.80,VMS 2,,Tanque,,1.50,1.74,1.44,1.38,7.13,4.69,5.84,6.55
07/12/2023 04:22 p. m.,Ordeño,08:13,21.45,2,,,,,0,,1.14,1.14,0.96,1.02,0,0,0,0,5.07,5.17,5.00,4.93,VMS 2,,Tanque,,1.56,1.62,1.32,1.62,6.32,4.48,4.93,5.72
08/12/2023 12:25 a. m.,Ordeño,08:13,19.61,1,,TD,,,0,,1.02,1.08,0.90,0.96,0,0,0,0,5.09,5.04,4.99,4.99,VMS 2,,Tanque,,1.38,1.38,1.26,1.44,5.41,4.00,4.67,5.53
08/12/2023 04:56 a. m.,Ordeño,06:37,10.94,2,,,,,0,,0.90,0.96,0.90,1.02,0,0,0,0,5.02,5.02,5.12,4.94,VMS 2,,Tanque,,1.32,1.38,1.38,1.62,3.27,2.30,2.45,2.92
08/12/2023 01:11 p. m.,Ordeño,07:46,20.21,3,,,,,0,,1.14,1.14,1.02,1.08,0,0,0,0,5.22,5.23,5.13,5.13,VMS 2,,Tanque,,1.56,1.56,1.38,1.62,5.98,4.06,5.22,4.95
09/12/2023 02:37 a. m.,Ordeño,09:30,27.24,1,,TD,,,0,,1.20,1.20,1.14,1.08,0,0,0,0,5.22,5.23,5.11,5.14,VMS 2,,Tanque,,1.68,1.62,1.50,1.80,8.17,4.78,7.87,6.42
09/12/2023 08:45 a. m.,Ordeño,07:16,15.48,2,,,,,0,,1.02,1.14,0.96,1.02,0,0,0,0,4.89,4.89,4.92,4.87,VMS 2,,Tanque,,1.50,1.74,1.38,1.44,4.44,3.34,3.61,4.09
09/12/2023 05:00 p. m.,Ordeño,07:15,18.52,3,,,,,0,,1.14,1.14,0.96,1.08,0,0,0,0,5.03,4.95,5.01,4.91,VMS 2,,Tanque,,1.56,1.50,1.32,1.44,5.30,3.70,4.55,4.97
10/12/2023 03:54 a. m.,Ordeño,09:53,24.32,1,,,,,0,,1.08,1.14,1.02,1.08,0,0,0,0,5.09,5.15,5.12,5.07,VMS 2,,Tanque,,1.44,1.44,1.56,1.56,7.45,4.63,6.36,5.88
10/12/2023 01:49 p. m.,Ordeño,08:21,24.44,2,,,,,0,,1.26,1.26,1.08,1.14,0,0,0,0,4.95,5.01,4.93,5.00,VMS 2,,Tanque,,1.62,1.68,1.38,1.62,6.04,5.12,6.36,6.92
10/12/2023 08:39 p. m.,Ordeño,06:50,13.31,3,,,,,0,,0.96,1.02,0.96,1.02,0,0,0,0,4.49,4.55,4.68,4.51,VMS 2,,Tanque,,1.38,1.44,1.44,1.38,3.95,2.65,3.12,3.59
11/12/2023 04:53 a. m.,Ordeño,08:26,20.86,1,,,,,0,,1.14,1.14,0.96,1.08,0,0,0,0,4.96,4.87,4.86,4.87,VMS 2,,Tanque,,1.56,1.50,1.26,1.56,5.66,4.19,5.26,5.75
11/12/2023 11:32 a. m.,Ordeño,06:22,15.77,2,,,,,0,,1.20,1.02,1.02,1.08,0,0,0,0,5.07,5.03,4.85,5.09,VMS 2,,Tanque,,1.62,1.44,1.38,1.80,4.23,3.27,3.76,4.51
11/12/2023 04:21 p. m.,Ordeño,05:21,9.18,3,,,,,0,,0.96,0.96,0.90,1.02,0,0,0,0,4.67,4.73,4.78,4.78,VMS 2,,Tanque,,1.50,1.50,1.20,1.56,2.61,1.93,2.08,2.56
11/12/2023 11:19 p. m.,Ordeño,06:46,15.75,4,,,,,0,,1.14,1.08,1.02,1.02,0,0,0,0,4.61,4.60,4.64,4.56,VMS 2,,Tanque,,1.56,1.68,1.38,1.50,4.45,3.17,3.89,4.24
12/12/2023 07:39 a. m.,Ordeño,08:04,21.00,1,,,,,0,,1.14,1.20,0.96,1.08,0,0,0,0,4.95,4.96,4.90,5.03,VMS 2,,Tanque,,1.62,1.80,1.32,1.50,6.16,4.14,5.11,5.59
12/12/2023 05:33 p. m.,Ordeño,08:52,24.07,2,,TD,,,0,,1.20,1.20,0.96,1.08,0,0,0,0,4.96,5.00,4.85,4.89,VMS 2,,Tanque,,1.56,1.68,1.50,1.62,7.13,4.37,5.85,6.72
13/12/2023 12:08 a. m.,Ordeño,07:56,15.53,1,,,,,0,,1.02,1.08,0.96,1.02,0,0,0,0,4.77,4.89,4.90,4.87,VMS 2,,Tanque,,1.44,1.50,1.38,1.38,4.59,3.26,3.58,4.10
13/12/2023 07:38 a. m.,Ordeño,08:17,18.59,2,,,,,0,,1.14,1.08,0.84,1.08,0,0,0,0,4.96,4.93,4.90,4.97,VMS 2,,Tanque,,1.62,1.50,1.20,1.74,5.27,3.47,4.66,5.19
13/12/2023 12:25 p. m.,Ordeño,05:22,7.28,3,,,,,0,,0.90,0.96,0.78,0.84,0,0,0,0,4.76,4.87,4.84,4.75,VMS 2,,Tanque,,1.38,1.38,1.20,1.38,2.09,1.61,1.55,2.03
13/12/2023 07:12 p. m.,Ordeño,06:24,13.59,4,,,,,0,,1.02,1.08,0.90,0.96,0,0,0,0,4.77,4.83,4.75,4.68,VMS 2,,Tanque,,1.38,1.56,1.32,1.32,3.64,2.70,3.50,3.75
14/12/2023 12:53 a. m.,Ordeño,05:34,12.02,1,,,,,0,,1.08,1.08,0.96,1.02,0,0,0,0,4.76,4.82,4.61,4.70,VMS 2,,Tanque,,1.44,1.56,1.32,1.50,2.88,2.66,3.02,3.46
14/12/2023 10:06 a. m.,Ordeño,08:25,22.83,2,,,,,0,,1.14,1.26,1.02,1.14,0,0,0,0,4.69,4.80,4.63,4.70,VMS 2,,Tanque,,1.56,1.74,1.32,1.86,6.49,4.52,5.59,6.23
14/12/2023 06:30 p. m.,Ordeño,07:48,18.58,3,,TD,,,0,,1.08,1.20,0.90,1.08,0,0,0,0,4.76,4.87,4.71,4.89,VMS 2,,Tanque,,1.44,1.74,1.32,1.74,5.37,3.77,4.51,4.93
15/12/2023 04:26 a. m.,Ordeño,07:44,21.64,1,,,,,0,,1.14,1.14,1.08,1.14,0,0,0,0,5.10,4.99,4.90,5.04,VMS 2,,Tanque,,1.50,1.50,1.38,1.68,5.41,4.63,5.40,6.20
15/12/2023 04:50 p. m.,Ordeño,10:15,28.28,2,,,,,0,,1.20,1.14,0.96,1.08,0,0,0,0,4.89,5.01,4.84,4.95,VMS 2,,Tanque,,1.56,1.56,1.32,1.62,7.85,5.50,7.02,7.91
15/12/2023 10:56 p. m.,Ordeño,06:34,13.33,3,,,,,0,,1.08,1.02,0.90,0.96,0,0,0,0,4.36,4.47,4.43,4.23,VMS 2,,Tanque,,1.62,1.50,1.32,1.38,3.70,2.78,3.14,3.71
16/12/2023 07:11 a. m.,Ordeño,08:11,19.54,1,,,,,0,,1.02,1.14,0.96,1.02,0,0,0,0,4.84,4.86,4.83,4.91,VMS 2,,Tanque,,1.38,1.56,1.38,1.44,5.46,3.93,4.76,5.39
16/12/2023 12:02 p. m.,Ordeño,06:56,10.93,2,,,,,0,,0.84,1.02,0.96,1.02,0,0,0,0,4.63,4.59,4.63,4.57,VMS 2,,Tanque,,1.20,1.50,1.32,1.44,3.23,2.21,2.55,2.94
16/12/2023 04:45 p. m.,Ordeño,06:44,10.13,3,,,,,0,,1.02,1.02,0.90,1.02,0,0,0,0,4.62,4.72,4.69,4.65,VMS 2,,Tanque,,1.38,1.50,1.20,1.74,2.73,2.06,2.47,2.87
17/12/2023 12:19 a. m.,Ordeño,07:23,16.19,1,,,,,0,,1.02,1.02,0.84,0.96,0,0,0,0,4.77,4.73,4.73,4.66,VMS 2,,Tanque,,1.38,1.50,1.20,1.74,4.59,3.23,3.81,4.56
17/12/2023 06:48 a. m.,Ordeño,09:18,13.44,2,,,,,0,,0.90,1.02,0.84,0.90,0,0,0,0,4.79,4.74,4.82,4.75,VMS 2,,Tanque,,1.62,1.50,1.14,1.38,3.76,2.58,3.43,3.67
17/12/2023 11:46 a. m.,Ordeño,05:51,10.35,3,,,,,0,,0.96,1.08,0.84,0.90,0,0,0,0,4.65,4.60,4.61,4.50,VMS 2,,Tanque,,1.50,1.68,1.26,1.50,2.96,2.09,2.35,2.95
17/12/2023 07:14 p. m.,Ordeño,07:05,16.27,4,,,,,0,,1.08,1.14,0.90,1.02,0,0,0,0,4.77,4.82,4.73,4.70,VMS 2,,Tanque,,1.50,1.68,1.32,1.44,4.58,3.26,3.93,4.50
18/12/2023 10:34 a. m.,Ordeño,12:35,30.43,1,,,,,0,,1.08,1.20,0.84,1.02,0,0,0,0,5.26,5.28,5.14,5.29,VMS 2,,Tanque,,1.44,1.62,1.26,1.50,7.10,5.83,8.21,9.29
18/12/2023 08:34 p. m.,Ordeño,08:21,20.93,2,,,,,0,,1.08,1.08,0.90,0.96,0,0,0,0,4.74,4.73,4.69,4.66,VMS 2,,Tanque,,1.56,1.62,1.32,1.62,5.78,4.37,5.06,5.72
19/12/2023 04:48 a. m.,Ordeño,07:10,17.75,1,,TD,,,0,,1.14,1.14,1.02,1.20,0,0,0,0,5.00,4.96,4.87,5.00,VMS 2,,Tanque,,1.68,1.56,1.38,1.74,5.11,3.40,4.22,5.02
19/12/2023 01:58 p. m.,Ordeño,07:50,19.21,2,,,,,0,,1.14,1.20,1.02,1.02,0,0,0,0,4.86,4.90,4.82,4.65,VMS 2,,Tanque,,1.50,1.74,1.44,1.80,5.64,3.75,4.67,5.15
19/12/2023 07:03 p. m.,Ordeño,06:33,9.34,3,,,,,0,,0.78,0.96,0.90,0.96,0,0,0,0,4.57,4.77,4.69,4.59,VMS 2,,Tanque,,1.38,1.38,1.20,1.32,2.80,1.85,2.12,2.57
20/12/2023 04:28 a. m.,Ordeño,09:38,18.90,1,,,DD,DD,0,,1.20,0.00,0.90,0.96,0,0,0,0,5.05,0.00,4.88,4.87,VMS 2,,Tanque,,1.56,0.00,1.26,1.50,6.33,0.00,5.99,6.58
20/12/2023 10:28 a. m.,Ordeño,07:03,15.92,2,,,,,0,,1.02,1.26,0.84,0.96,0,0,0,0,5.00,5.48,4.83,4.86,VMS 2,,Tanque,,1.50,1.74,1.20,1.38,3.84,5.55,2.96,3.57
20/12/2023 08:26 p. m.,Ordeño,08:44,21.96,3,,,,,0,,1.26,1.26,0.96,0.96,0,0,0,0,4.98,4.95,4.84,4.87,VMS 2,,Tanque,,1.80,1.68,1.32,1.44,6.30,4.05,5.46,6.15
21/12/2023 07:34 a. m.,Ordeño,09:29,24.31,1,,,,,0,,1.02,1.26,0.90,1.08,0,0,0,0,5.26,5.44,5.06,5.22,VMS 2,,Tanque,,1.38,1.56,1.20,1.44,5.76,5.27,6.14,7.14
21/12/2023 06:04 p. m.,Ordeño,08:50,22.88,2,,,,,0,,1.14,1.20,0.90,1.02,0,0,0,0,4.78,4.92,4.66,4.67,VMS 2,,Tanque,,1.50,1.62,1.26,1.62,6.78,4.18,5.60,6.32
22/12/2023 02:49 a. m.,Ordeño,07:30,20.12,1,,,,,0,,1.14,1.26,1.02,1.02,0,0,0,0,4.84,5.02,4.73,4.91,VMS 2,,Tanque,,1.56,1.74,1.32,1.50,5.80,4.23,4.67,5.42
22/12/2023 07:11 a. m.,Ordeño,06:18,9.47,2,,,,,0,,0.90,0.96,0.78,1.02,0,0,0,0,4.90,4.81,4.86,4.92,VMS 2,,Tanque,,1.38,1.62,1.20,1.62,2.89,2.15,2.03,2.40
22/12/2023 12:30 p. m.,Ordeño,06:46,13.72,3,,,,,0,,1.08,1.08,0.90,1.02,0,0,0,0,5.04,5.01,4.87,5.05,VMS 2,,Tanque,,1.80,1.56,1.26,1.56,3.92,2.86,3.08,3.86
22/12/2023 07:07 p. m.,Ordeño,06:51,14.54,4,,,,,0,,1.08,1.14,0.90,0.96,0,0,0,0,4.86,4.80,4.88,4.76,VMS 2,,Tanque,,1.56,1.56,1.38,1.32,3.94,2.81,3.68,4.11
23/12/2023 12:33 a. m.,Ordeño,05:58,10.38,1,,,,,0,,0.96,0.96,0.90,0.96,0,0,0,0,4.78,4.80,4.69,4.63,VMS 2,,Tanque,,1.50,1.50,1.26,1.50,3.00,2.27,2.49,2.62
23/12/2023 08:02 a. m.,Ordeño,07:18,18.60,2,,,,,0,,1.20,1.20,1.02,1.08,0,0,0,0,5.26,5.28,5.03,5.14,VMS 2,,Tanque,,1.80,1.74,1.38,1.56,5.22,3.64,4.52,5.22
23/12/2023 04:03 p. m.,Ordeño,08:10,19.59,3,,,,,0,,1.20,1.26,1.02,1.08,0,0,0,0,4.85,5.00,4.76,4.89,VMS 2,,Tanque,,1.68,1.74,1.44,1.74,5.69,3.81,4.62,5.47
23/12/2023 08:45 p. m.,Ordeño,05:13,8.45,4,,,,,0,,1.02,0.72,0.90,0.90,0,0,0,0,4.58,4.48,4.63,4.40,VMS 2,,Tanque,,1.50,1.26,1.26,1.50,2.49,1.80,1.88,2.28
24/12/2023 03:07 a. m.,Ordeño,05:46,13.99,1,,,,,0,,1.26,1.14,1.08,1.14,0,0,0,0,5.11,5.01,4.89,5.02,VMS 2,,Tanque,,1.74,1.62,1.44,1.86,3.35,3.02,3.66,3.96
24/12/2023 01:35 p. m.,Ordeño,08:18,22.56,2,,,,,0,,1.26,1.14,1.14,1.20,0,0,0,0,5.08,5.09,4.91,5.02,VMS 2,,Tanque,,1.80,1.50,1.50,1.74,5.16,4.32,5.96,7.12
24/12/2023 09:30 p. m.,Ordeño,09:13,18.97,3,,,,,0,,1.14,1.02,1.02,1.08,0,0,0,0,4.75,4.74,4.70,4.71,VMS 2,,Tanque,,1.68,1.50,1.38,1.50,5.38,3.95,4.40,5.24
25/12/2023 07:46 a. m.,Ordeño,07:15,20.81,1,,,,,0,,1.20,1.32,1.08,1.20,0,0,0,0,4.90,5.11,4.69,4.87,VMS 2,,Tanque,,1.68,1.68,1.44,1.92,5.57,4.06,5.13,6.05
25/12/2023 12:15 p. m.,Ordeño,05:04,9.83,2,,,,,0,,1.26,0.96,0.96,1.02,0,0,0,0,4.64,4.78,4.55,4.46,VMS 2,,Tanque,,1.80,1.44,1.32,1.62,2.99,2.08,2.29,2.47
26/12/2023 12:08 a. m.,Ordeño,09:33,26.55,1,,,,,0,,1.32,1.20,0.96,1.02,0,0,0,0,4.96,4.89,4.76,4.89,VMS 2,,Tanque,,1.68,1.56,1.38,1.44,6.97,5.35,6.75,7.48
26/12/2023 10:03 a. m.,Ordeño,08:39,21.80,2,,,,,0,,1.14,1.20,1.02,1.02,0,0,0,0,4.73,4.96,4.81,4.92,VMS 2,,Tanque,,1.68,1.56,1.32,1.44,6.54,4.43,5.07,5.76
26/12/2023 06:22 p. m.,Ordeño,08:39,18.48,3,,,,,0,,1.20,1.14,0.84,0.84,0,0,0,0,4.89,4.75,4.66,4.06,VMS 2,,Tanque,,1.80,1.62,1.26,1.32,5.13,3.81,4.49,5.05
27/12/2023 03:41 a. m.,Ordeño,07:19,20.65,1,,,,,0,,1.26,1.20,0.96,1.14,0,0,0,0,5.04,5.11,4.92,5.03,VMS 2,,Tanque,,1.74,1.74,1.26,1.62,5.44,4.64,4.87,5.70
27/12/2023 10:43 a. m.,Ordeño,06:24,16.09,2,,,,,0,,1.20,1.26,1.02,1.08,0,0,0,0,5.08,5.11,4.86,4.98,VMS 2,,Tanque,,1.62,1.80,1.32,1.56,4.57,3.25,3.76,4.51
27/12/2023 07:44 p. m.,Ordeño,07:30,17.64,3,,,,,0,,1.08,1.26,0.96,1.02,0,0,0,0,4.61,4.89,4.66,4.66,VMS 2,,Tanque,,1.50,1.74,1.26,1.38,4.94,3.83,4.07,4.80
28/12/2023 02:00 a. m.,Ordeño,06:48,12.99,1,,,,,0,,1.02,1.02,0.84,0.90,0,0,0,0,4.77,4.75,4.75,4.69,VMS 2,,Tanque,,1.56,1.44,1.38,1.56,3.64,2.70,3.12,3.53
28/12/2023 08:35 a. m.,Ordeño,05:59,13.59,2,,,,,0,,1.20,1.08,0.96,1.08,0,0,0,0,4.81,4.90,4.81,4.84,VMS 2,,Tanque,,1.56,1.56,1.32,1.74,3.64,2.83,3.16,3.96
28/12/2023 03:17 p. m.,Ordeño,09:54,14.25,3,,,,,0,,1.02,1.02,0.96,1.02,0,0,0,0,4.76,4.77,4.74,4.75,VMS 2,,Tanque,,1.56,1.56,1.26,1.68,4.29,2.86,3.31,3.79
28/12/2023 10:46 p. m.,Ordeño,07:47,14.96,4,,,,,0,,1.02,1.08,0.78,0.96,0,338,382,0,4.59,4.57,4.58,4.48,VMS 2,,Tanque,,1.44,1.50,1.20,1.44,3.87,2.96,3.68,4.45
29/12/2023 03:48 a. m.,Ordeño,06:21,12.02,1,,,,,0,,1.02,0.96,0.96,1.02,0,0,0,0,4.90,4.90,4.84,4.78,VMS 2,,Tanque,,1.56,1.44,1.38,1.38,3.50,2.41,2.80,3.31
29/12/2023 10:12 a. m.,Ordeño,07:00,14.33,2,,,,,0,,0.84,1.02,0.96,1.08,0,0,0,0,4.56,4.83,4.79,4.83,VMS 2,,Tanque,,1.38,1.44,1.26,1.62,3.87,3.05,3.35,4.06
29/12/2023 02:49 p. m.,Ordeño,07:08,10.09,3,,,,,0,,1.02,0.96,0.90,0.96,0,0,0,0,4.77,4.83,4.80,4.83,VMS 2,,Tanque,,1.38,1.44,1.26,1.50,2.67,2.29,2.47,2.66
30/12/2023 02:13 a. m.,Ordeño,08:52,23.02,1,,,,,0,,1.26,1.20,1.02,1.08,0,0,0,0,4.97,5.06,4.79,4.88,VMS 2,,Tanque,,1.74,1.62,1.38,1.86,5.29,4.66,6.03,7.04
30/12/2023 08:26 a. m.,Ordeño,06:07,13.25,2,,,,,0,,1.14,1.02,0.90,0.90,0,0,0,0,4.70,4.78,4.59,4.50,VMS 2,,Tanque,,1.56,1.44,1.20,1.32,3.86,2.80,3.04,3.55
30/12/2023 03:53 p. m.,Ordeño,07:04,16.27,3,,,,,0,,1.14,1.14,0.90,1.02,0,0,0,0,4.78,4.89,4.70,4.85,VMS 2,,Tanque,,1.50,1.44,1.26,1.44,4.47,3.35,3.88,4.57
30/12/2023 09:42 p. m.,Ordeño,07:15,12.96,4,,,,,0,,1.14,0.96,0.84,0.84,0,0,0,0,4.83,4.88,4.71,4.74,VMS 2,,Tanque,,1.50,1.38,1.14,1.44,3.83,2.64,2.99,3.50
31/12/2023 06:58 a. m.,Ordeño,08:07,20.78,1,,,,,0,,1.26,1.08,0.90,1.02,0,0,0,0,5.10,5.02,4.85,4.99,VMS 2,,Tanque,,1.56,1.44,1.20,1.56,5.80,4.19,4.98,5.81
31/12/2023 03:26 p. m.,Ordeño,07:00,18.42,2,,,,,0,,1.20,1.26,1.02,1.08,0,0,0,0,4.76,5.03,4.65,4.92,VMS 2,,Tanque,,1.68,1.74,1.32,1.62,4.88,3.89,4.38,5.27
01/01/2024 12:24 a. m.,Ordeño,08:05,17.76,1,,,,,0,,1.02,1.14,0.96,0.96,0,0,0,0,4.57,4.78,4.57,4.50,VMS 2,,Tanque,,1.44,1.50,1.38,1.38,4.86,3.73,4.43,4.74
01/01/2024 11:45 a. m.,Ordeño,08:56,25.58,2,,,,,0,,1.26,1.26,1.02,1.02,0,0,0,0,4.98,5.24,4.86,5.02,VMS 2,,Tanque,,1.62,1.62,1.32,1.50,7.14,5.32,6.32,6.80
01/01/2024 07:43 p. m.,Ordeño,07:57,16.12,3,,,,,0,,1.02,1.14,0.96,1.02,0,0,0,0,4.63,4.91,4.68,4.60,VMS 2,,Tanque,,1.44,1.68,1.32,1.62,4.71,3.36,3.74,4.31
02/01/2024 03:45 a. m.,Ordeño,08:46,17.40,1,,,,,0,,1.02,1.20,1.02,1.02,0,0,0,0,4.70,4.88,4.69,4.76,VMS 2,,Tanque,,1.56,1.68,1.44,1.50,4.93,3.43,4.29,4.75
02/01/2024 09:13 a. m.,Ordeño,05:45,11.44,2,,,,,0,,1.14,1.02,0.96,0.96,0,0,0,0,4.90,4.88,4.70,4.75,VMS 2,,Tanque,,1.80,1.44,1.26,1.44,3.09,2.36,2.80,3.19
02/01/2024 02:59 p. m.,Ordeño,09:09,10.23,3,,,TI,TI,0,,0.84,1.08,0.00,0.96,0,0,0,0,4.70,4.77,0.00,4.70,VMS 2,,Tanque,,1.62,1.50,0.00,1.38,3.81,2.80,0.00,3.62
03/01/2024 01:37 a. m.,Ordeño,10:37,26.04,1,,,,,0,,1.14,1.14,1.02,0.96,0,0,0,0,5.07,5.16,5.10,5.18,VMS 2,,Tanque,,1.44,1.50,1.38,1.50,6.87,4.43,8.29,6.45
03/01/2024 11:07 a. m.,Ordeño,07:50,19.30,2,,,,,0,,1.20,1.08,1.02,1.08,0,0,0,0,4.80,4.90,4.76,4.84,VMS 2,,Tanque,,1.68,1.50,1.44,3.84,5.49,3.99,4.31,5.51
03/01/2024 05:41 p. m.,Ordeño,07:31,13.40,3,,,,,0,,1.14,1.02,0.90,0.96,0,0,0,0,4.91,4.99,4.90,4.97,VMS 2,,Tanque,,1.62,1.38,1.26,1.26,3.74,3.01,3.00,3.65
04/01/2024 03:15 a. m.,Ordeño,08:45,21.15,1,,,,,0,,1.20,1.08,1.08,0.96,0,0,0,0,4.94,5.13,4.88,5.01,VMS 2,,Tanque,,1.62,1.50,1.38,1.32,6.55,4.09,5.29,5.22
04/01/2024 11:08 a. m.,Ordeño,06:13,16.02,2,,,,,0,,1.08,1.08,0.90,0.96,0,0,0,0,4.71,4.92,4.81,4.92,VMS 2,,Tanque,,1.56,1.62,1.32,1.68,4.26,3.30,3.87,4.59
04/01/2024 03:32 p. m.,Ordeño,05:23,9.38,3,,,,,0,,1.20,0.96,0.96,0.90,0,0,0,0,4.75,4.76,4.82,4.83,VMS 2,,Tanque,,1.56,1.38,1.32,1.50,2.76,1.95,2.25,2.42
04/01/2024 09:16 p. m.,Ordeño,07:10,10.41,4,,,,,0,,0.84,0.78,0.78,0.78,0,0,0,0,4.57,4.50,4.62,4.13,VMS 2,,Tanque,,1.38,1.32,1.14,1.62,2.88,2.00,2.47,3.06
05/01/2024 08:02 a. m.,Ordeño,08:22,21.75,1,,,,,0,,1.14,1.14,1.08,1.02,0,0,0,0,5.04,5.23,4.96,5.13,VMS 2,,Tanque,,1.56,1.56,1.38,1.38,5.91,3.83,5.78,6.23
05/01/2024 01:46 p. m.,Ordeño,07:22,10.95,2,,,,,0,,0.84,1.08,0.90,0.84,0,0,0,0,4.76,5.03,4.71,4.73,VMS 2,,Tanque,,1.50,1.68,1.20,1.26,3.06,2.48,2.51,2.90
05/01/2024 10:54 p. m.,Ordeño,09:08,18.81,3,,,,,0,,1.08,1.02,0.96,0.90,0,308,0,0,4.62,4.68,4.62,4.70,VMS 2,,Tanque,,1.50,1.38,1.26,1.62,5.31,3.64,4.46,5.40
06/01/2024 10:13 a. m.,Ordeño,09:29,24.63,1,,,,,0,,1.08,1.08,1.08,1.02,0,0,0,0,5.10,5.18,4.96,5.00,VMS 2,,Tanque,,1.62,1.50,1.50,1.44,7.32,4.79,6.07,6.45
06/01/2024 09:25 p. m.,Ordeño,09:05,24.02,2,,,,,0,,1.26,1.08,0.90,1.02,0,0,0,0,4.88,4.97,4.88,4.90,VMS 2,,Tanque,,1.56,1.44,1.32,1.44,6.66,4.77,5.93,6.66
07/01/2024 04:11 a. m.,Ordeño,06:46,13.09,1,,,,,0,,1.02,1.08,0.90,1.02,0,0,0,0,4.83,5.03,4.83,4.88,VMS 2,,Tanque,,1.50,1.56,1.26,1.32,3.87,2.74,3.13,3.35
07/01/2024 12:17 p. m.,Ordeño,07:08,18.02,2,,,,,0,,1.20,1.08,1.02,1.02,0,0,0,0,4.98,4.95,4.83,4.94,VMS 2,,Tanque,,1.56,1.50,1.32,1.38,4.99,3.50,4.74,4.79
07/01/2024 07:40 p. m.,Ordeño,06:22,14.41,3,,,,,0,,1.08,1.02,0.90,0.96,0,0,0,0,4.85,4.87,4.75,4.90,VMS 2,,Tanque,,1.56,1.50,1.32,1.50,4.00,2.97,3.46,3.98
08/01/2024 04:46 a. m.,Ordeño,07:36,18.62,1,,,,,0,,1.08,1.08,0.90,0.96,0,0,0,0,4.77,4.96,4.81,4.89,VMS 2,,Tanque,,1.56,1.56,1.20,1.38,5.12,3.64,4.63,5.23
08/01/2024 11:46 a. m.,Ordeño,05:59,13.46,2,,,,,0,,0.96,0.96,0.90,1.02,0,0,0,0,4.64,4.68,4.69,4.55,VMS 2,,Tanque,,1.50,1.44,1.32,1.38,3.90,2.88,3.22,3.46
08/01/2024 06:27 p. m.,Ordeño,06:15,13.28,3,,,,,0,,1.02,1.08,0.90,1.02,0,0,0,0,4.70,4.78,4.62,4.73,VMS 2,,Tanque,,1.56,1.50,1.26,1.86,3.46,2.78,3.17,3.87
09/01/2024 03:05 a. m.,Ordeño,06:54,18.42,1,,,,,0,,1.26,1.14,1.02,1.08,0,0,0,0,5.17,5.16,4.98,5.19,VMS 2,,Tanque,,1.68,1.62,1.38,1.50,4.75,3.86,4.72,5.09
09/01/2024 08:06 a. m.,Ordeño,05:16,9.70,2,,,,,0,,1.08,0.96,0.96,1.02,0,0,0,0,4.97,5.02,4.93,4.79,VMS 2,,Tanque,,1.56,1.44,1.26,1.92,2.63,2.01,2.25,2.81
09/01/2024 05:00 p. m.,Ordeño,07:51,20.09,3,,,,,0,,1.14,1.14,0.96,1.02,0,0,0,0,4.91,5.14,4.77,4.87,VMS 2,,Tanque,,1.56,1.62,1.32,1.50,5.70,3.97,4.89,5.53
10/01/2024 03:21 a. m.,Ordeño,07:13,20.27,1,,,,,0,,1.26,1.14,1.08,1.14,0,0,0,0,4.97,4.95,4.85,5.00,VMS 2,,Tanque,,1.74,1.50,1.50,1.74,5.18,4.08,5.27,5.74
10/01/2024 09:09 a. m.,Ordeño,06:59,12.18,2,,,,,0,,0.96,1.14,0.96,1.02,0,0,0,0,4.62,4.86,4.67,4.75,VMS 2,,Tanque,,1.44,1.68,1.32,1.50,3.60,2.45,2.84,3.29
10/01/2024 03:18 p. m.,Ordeño,06:10,12.73,3,,,,,0,,1.08,1.20,1.02,1.02,0,0,0,0,4.76,4.78,4.74,4.61,VMS 2,,Tanque,,1.62,1.74,1.38,1.62,3.47,2.54,3.16,3.56
11/01/2024 03:48 a. m.,Ordeño,09:28,24.90,1,,,,,0,,1.20,1.20,1.02,1.20,0,0,0,0,4.89,4.98,4.93,5.03,VMS 2,,Tanque,,1.56,1.50,1.38,1.62,5.76,5.06,6.58,7.50
11/01/2024 08:57 a. m.,Ordeño,05:42,10.00,2,,,,,0,,1.08,0.96,0.84,0.96,0,0,0,0,4.62,4.67,4.60,4.60,VMS 2,,Tanque,,1.56,1.38,1.32,1.56,2.79,2.15,2.25,2.81
11/01/2024 01:32 p. m.,Ordeño,06:39,8.19,3,,,,,0,,0.90,0.90,1.08,0.96,0,0,0,0,4.57,4.56,4.56,4.66,VMS 2,,Tanque,,1.50,1.44,1.50,1.38,2.35,1.70,2.03,2.11
12/01/2024 12:47 a. m.,Ordeño,08:51,25.06,1,,,,,0,,1.26,1.26,0.96,1.08,0,0,0,0,4.81,4.99,4.73,4.82,VMS 2,,Tanque,,1.62,1.74,1.38,1.44,7.02,4.83,6.26,6.95
12/01/2024 11:02 a. m.,Ordeño,07:57,23.10,2,,,,,0,,1.32,1.26,1.02,1.08,0,0,0,0,5.09,5.13,4.87,5.07,VMS 2,,Tanque,,1.62,1.86,1.32,1.62,6.37,4.88,5.65,6.20
12/01/2024 05:25 p. m.,Ordeño,05:22,11.39,3,,,,,0,,1.20,1.08,0.90,1.02,0,0,0,0,4.88,4.93,4.80,4.76,VMS 2,,Tanque,,1.68,1.56,1.32,1.44,3.07,2.55,2.62,3.15
12/01/2024 09:51 p. m.,Ordeño,07:09,8.34,4,,,,,0,,0.84,0.78,0.78,0.90,0,0,0,0,4.50,4.44,4.37,4.59,VMS 2,,Tanque,,1.32,1.50,1.50,1.26,2.62,1.51,1.82,2.39
13/01/2024 02:37 a. m.,Ordeño,06:38,8.65,1,,,,,0,,0.78,0.84,0.84,0.78,0,0,0,0,4.71,4.63,4.74,4.48,VMS 2,,Tanque,,1.26,1.26,1.20,1.32,2.29,1.71,2.46,2.19
13/01/2024 08:03 a. m.,Ordeño,06:32,14.03,2,,,,,0,,1.14,1.02,0.96,1.02,0,0,0,0,4.91,4.83,4.68,4.81,VMS 2,,Tanque,,1.68,1.50,1.32,1.50,3.84,2.79,3.62,3.78
13/01/2024 04:50 p. m.,Ordeño,07:28,18.14,3,,,,,0,,1.26,1.08,1.08,0.96,0,0,0,0,4.90,4.84,4.75,4.74,VMS 2,,Tanque,,1.68,1.50,1.50,1.38,4.69,3.87,4.39,5.19
14/01/2024 01:39 a. m.,Ordeño,07:31,19.18,1,,,,,0,,1.20,1.02,0.96,1.02,0,0,0,0,5.03,4.99,4.96,4.98,VMS 2,,Tanque,,1.56,1.44,1.44,1.50,5.17,3.72,4.90,5.39
14/01/2024 11:09 a. m.,Ordeño,10:25,16.15,2,,,DD,DD,0,,1.20,0.00,1.08,1.08,0,0,0,0,4.69,0.00,4.65,4.65,VMS 2,,Tanque,,1.80,0.00,1.74,1.86,5.06,0.00,5.28,5.81
14/01/2024 03:09 p. m.,Ordeño,06:53,10.01,3,,,,,0,DD,0.72,1.26,0.54,0.84,0,0,0,0,4.48,5.12,4.57,4.38,VMS 2,,Tanque,,1.20,1.80,1.14,1.32,1.62,5.40,1.28,1.71
15/01/2024 03:38 a. m.,Ordeño,09:15,27.77,1,,,,,0,,1.26,1.20,1.14,1.14,0,0,0,0,5.00,5.01,4.89,5.01,VMS 2,,Tanque,,1.80,1.56,1.50,1.50,7.27,5.44,7.19,7.87
15/01/2024 11:30 a. m.,Ordeño,07:19,16.36,2,,,,,0,,1.08,1.20,0.90,1.02,0,0,0,0,4.91,5.13,4.97,5.02,VMS 2,,Tanque,,1.56,1.68,1.26,1.56,4.72,3.56,3.68,4.40
15/01/2024 04:58 p. m.,Ordeño,05:52,9.20,3,,,,,0,,0.90,0.90,0.84,0.90,0,0,0,0,4.65,4.74,4.67,4.64,VMS 2,,Tanque,,1.26,1.38,1.26,1.50,2.67,1.90,2.16,2.47
16/01/2024 04:03 a. m.,Ordeño,09:34,24.18,1,,TD,,,0,,1.20,1.14,1.02,1.14,0,0,0,0,4.94,4.90,4.75,4.84,VMS 2,,Tanque,,1.68,1.50,1.38,1.68,5.58,5.02,6.39,7.19
16/01/2024 10:00 a. m.,Ordeño,06:23,12.45,2,,,,,0,,1.08,1.14,1.02,1.02,0,0,0,0,4.81,4.90,4.73,4.79,VMS 2,,Tanque,,1.56,1.56,1.50,1.62,3.38,2.68,2.83,3.56
16/01/2024 03:43 p. m.,Ordeño,06:57,12.94,3,,,,,0,,0.90,1.08,1.02,0.96,0,0,0,0,4.46,4.68,4.50,4.59,VMS 2,,Tanque,,1.32,1.68,1.62,1.56,3.52,2.70,3.54,3.18
16/01/2024 09:16 p. m.,Ordeño,06:26,11.02,4,,TD,,,0,,0.90,0.96,0.96,1.02,0,0,0,0,4.59,4.60,4.68,4.35,VMS 2,,Tanque,,1.44,1.38,1.44,1.62,3.04,2.09,2.67,3.22
17/01/2024 09:55 a. m.,Ordeño,08:51,27.41,1,,,,,0,,1.32,1.26,1.20,1.32,0,0,0,0,4.94,5.01,4.82,5.20,VMS 2,,Tanque,,1.68,1.62,1.68,1.74,6.10,5.03,7.71,8.57
17/01/2024 04:00 p. m.,Ordeño,05:15,11.44,2,,,,,0,,1.26,1.08,0.96,1.02,0,0,348,0,4.66,4.74,4.69,4.67,VMS 2,,Tanque,,1.68,1.56,1.26,1.56,3.31,2.39,2.63,3.11
18/01/2024 02:29 a. m.,Ordeño,07:38,22.23,1,,,,,0,,1.32,1.32,1.20,1.20,0,0,0,0,4.78,5.01,4.71,4.86,VMS 2,,Tanque,,1.80,1.80,1.68,1.62,5.90,4.30,5.67,6.36
18/01/2024 08:35 a. m.,Ordeño,06:53,13.86,2,,TD,,,0,,1.38,1.08,1.08,1.08,0,0,0,0,4.72,4.81,4.71,4.65,VMS 2,,Tanque,,1.80,1.56,1.50,1.62,3.73,3.14,3.48,3.51
18/01/2024 04:10 p. m.,Ordeño,05:51,15.97,3,,,,,0,,1.32,1.20,1.20,1.14,0,0,0,0,4.70,4.73,4.65,4.74,VMS 2,,Tanque,,1.74,1.80,1.62,1.80,4.17,3.54,3.91,4.35
19/01/2024 03:22 a. m.,Ordeño,07:57,22.28,1,,,,,0,,1.20,1.26,1.26,1.20,0,0,0,0,4.55,4.73,4.70,4.78,VMS 2,,Tanque,,1.62,1.92,1.74,1.62,5.95,4.18,5.70,6.45
19/01/2024 09:36 a. m.,Ordeño,06:27,13.38,2,,TD,,,0,,1.08,1.08,1.02,1.08,0,0,0,0,4.63,4.73,4.77,4.69,VMS 2,,Tanque,,1.50,1.50,1.38,1.80,3.81,2.66,3.33,3.58
19/01/2024 05:39 p. m.,Ordeño,06:34,16.91,3,,TD,,,0,,1.26,1.20,1.08,1.20,0,0,0,0,4.79,4.74,4.70,4.86,VMS 2,,Tanque,,1.74,1.74,1.50,1.74,4.42,3.49,4.28,4.72
19/01/2024 11:45 p. m.,Ordeño,06:13,13.66,4,,,,,0,,1.14,1.20,0.96,1.08,0,0,0,0,4.73,4.75,4.68,4.74,VMS 2,,Tanque,,1.62,1.68,1.38,1.44,3.56,2.95,3.31,3.84
20/01/2024 03:07 p. m.,Ordeño,09:50,30.85,1,,,,,0,,1.38,1.32,1.20,1.26,0,0,0,0,4.92,5.07,4.97,5.14,VMS 2,,Divert 3,Sangre por pezón por encima del umbral,1.80,1.92,1.56,1.74,7.91,5.79,8.49,8.66
20/01/2024 09:50 p. m.,Ordeño,05:57,13.69,2,,,,,0,,1.20,1.08,1.08,1.08,0,0,0,0,4.71,4.61,4.74,4.69,VMS 2,,Tanque,,1.56,1.50,1.74,1.44,3.95,2.50,3.67,3.57
21/01/2024 03:01 a. m.,Ordeño,09:03,13.33,1,,,,,0,,1.14,1.20,1.08,1.08,0,0,0,0,4.54,4.65,4.52,4.59,VMS 2,,Tanque,,1.38,1.56,1.44,1.50,3.76,2.90,3.14,3.53
21/01/2024 07:58 a. m.,Ordeño,06:16,10.14,2,,,,,0,,0.96,0.96,0.96,1.02,0,0,0,0,4.61,4.63,4.66,4.58,VMS 2,,Tanque,,1.44,1.50,1.38,1.68,2.87,2.06,2.43,2.78
21/01/2024 01:05 p. m.,Ordeño,05:29,10.86,3,,,,,0,,1.14,1.14,1.14,1.08,0,0,0,0,4.69,4.77,4.59,4.58,VMS 2,,Tanque,,1.62,1.62,1.80,1.50,2.70,2.28,3.16,2.72
21/01/2024 06:22 p. m.,Ordeño,05:32,10.92,4,,,,,0,,1.08,1.02,0.96,1.02,0,0,0,0,4.68,4.77,4.65,4.60,VMS 2,,Tanque,,1.56,1.62,1.32,1.38,3.00,2.32,2.76,2.84
22/01/2024 01:29 a. m.,Ordeño,06:36,16.76,1,,,,,0,,1.26,1.14,1.08,1.14,0,0,0,0,4.62,4.76,4.65,4.67,VMS 2,,Tanque,,1.68,1.62,1.50,1.74,4.23,3.48,4.14,4.91
22/01/2024 10:19 a. m.,Ordeño,07:27,21.31,2,,TD,,,0,,1.20,1.26,1.14,1.08,0,0,0,0,4.81,4.94,4.73,4.88,VMS 2,,Tanque,,1.68,1.68,1.56,1.62,5.91,4.52,5.33,5.55
22/01/2024 05:32 p. m.,Ordeño,06:35,13.75,3,,TD,,,0,,1.14,1.08,1.02,1.08,0,0,303,0,4.60,4.73,4.65,4.65,VMS 2,,Tanque,,1.56,1.62,1.44,1.62,3.89,2.95,3.28,3.63
23/01/2024 02:57 a. m.,Ordeño,08:27,21.72,1,,,,,0,,1.26,1.14,1.14,1.14,0,0,0,0,4.47,4.62,4.50,4.57,VMS 2,,Tanque,,1.74,1.56,1.56,1.50,5.91,4.42,5.26,6.13
23/01/2024 11:34 a. m.,Ordeño,06:41,18.73,2,,,,,0,,1.38,1.26,1.08,1.14,0,0,0,0,4.73,4.88,4.71,4.78,VMS 2,,Tanque,,1.86,1.68,1.56,1.62,5.10,4.04,4.55,5.04
23/01/2024 06:25 p. m.,Ordeño,08:38,14.67,3,,,,,0,,1.26,1.14,0.96,1.02,0,0,0,0,4.61,4.74,4.57,4.77,VMS 2,,Tanque,,1.86,1.68,1.38,1.56,3.80,2.97,3.84,4.06
24/01/2024 01:57 a. m.,Ordeño,07:39,15.71,1,,TD,,,0,,1.08,1.08,1.02,1.08,0,370,311,0,4.56,4.76,4.57,4.74,VMS 2,,Tanque,,1.50,1.50,1.38,1.74,4.31,3.28,3.94,4.18
24/01/2024 10:22 a. m.,Ordeño,07:00,17.76,2,,TD,,,0,,1.14,1.26,1.08,1.02,0,0,0,0,4.71,4.91,4.64,4.78,VMS 2,,Tanque,,1.50,1.74,1.44,1.62,4.70,3.58,4.47,5.01
24/01/2024 05:18 p. m.,Ordeño,07:00,15.34,3,,TD,,,0,,1.08,1.08,1.02,1.02,0,0,0,0,4.64,4.75,4.61,4.36,VMS 2,,Tanque,,1.50,1.68,1.56,1.68,4.23,2.90,3.83,4.38
25/01/2024 03:23 a. m.,Ordeño,07:46,21.38,1,,TD,,,0,,1.26,1.14,1.08,1.08,0,0,0,0,4.90,4.87,4.70,4.82,VMS 2,,Tanque,,1.62,1.62,1.44,1.56,5.44,4.40,5.47,6.07
25/01/2024 11:03 a. m.,Ordeño,07:10,15.45,2,,TD,,,0,,1.20,1.20,1.14,1.02,0,350,0,0,4.61,4.53,4.66,4.63,VMS 2,,Tanque,,1.56,1.74,1.56,1.56,3.75,3.41,4.07,4.22
26/01/2024 02:16 a. m.,Ordeño,09:33,29.13,1,,TD,,,0,,1.26,1.20,1.14,1.14,0,0,0,0,4.74,4.89,4.66,4.87,VMS 2,,Divert 3,Sangre por pezón por encima del umbral,1.68,1.74,1.50,1.80,8.01,5.28,7.75,8.09
26/01/2024 08:16 a. m.,Ordeño,06:32,9.21,2,,TD,,,0,,0.90,0.84,0.96,1.02,0,0,0,0,4.40,4.48,4.53,4.34,VMS 2,,Tanque,,1.38,1.38,1.44,1.62,2.70,1.95,2.25,2.31
26/01/2024 12:52 p. m.,Ordeño,06:41,8.23,3,,,,,0,,0.84,0.78,1.02,0.90,0,0,0,0,4.33,4.35,4.21,4.46,VMS 2,,Tanque,,1.32,1.32,1.56,1.44,2.27,1.53,2.36,2.07
26/01/2024 11:02 p. m.,Ordeño,07:36,20.75,4,,TD,,,0,,1.20,1.08,1.02,1.08,0,0,0,0,4.76,4.88,4.72,4.87,VMS 2,,Tanque,,1.62,1.80,1.44,1.38,5.27,4.19,5.30,5.99
27/01/2024 08:34 a. m.,Ordeño,08:24,19.67,1,,TD,,,0,,1.20,1.08,1.08,1.08,0,0,0,0,4.90,5.05,4.98,4.70,VMS 2,,Tanque,,1.56,1.56,1.56,1.86,5.24,4.00,4.94,5.49
28/01/2024 12:52 a. m.,Ordeño,09:37,28.04,1,,,,,0,,1.26,1.20,1.02,1.14,0,0,0,0,4.63,4.85,4.65,4.96,VMS 2,,Tanque,,1.56,1.68,1.38,1.98,7.11,5.37,7.34,8.22
28/01/2024 11:57 a. m.,Ordeño,08:05,22.55,2,,,,,0,,1.32,1.14,1.02,1.08,0,0,0,0,4.63,4.87,4.63,4.76,VMS 2,,Tanque,,1.68,1.62,1.38,1.62,6.31,4.28,5.77,6.19
29/01/2024 01:39 a. m.,Ordeño,08:59,25.68,1,,,,,0,,1.20,1.08,1.02,1.14,0,0,0,0,4.77,4.80,4.70,4.89,VMS 2,,Tanque,,1.62,1.50,1.44,1.62,7.28,4.54,6.52,7.34
29/01/2024 11:13 a. m.,Ordeño,10:39,16.89,2,,TD,,,0,,1.14,1.02,1.02,0.96,0,0,0,0,4.51,4.61,4.47,4.50,VMS 2,,Tanque,,1.50,1.80,1.68,1.32,4.62,3.24,4.85,4.18
30/01/2024 12:13 a. m.,Ordeño,08:36,24.17,1,,,,,0,,1.20,1.20,1.08,1.14,0,0,0,0,4.72,4.74,4.71,4.86,VMS 2,,Tanque,,1.56,1.62,1.56,1.68,6.83,4.29,6.29,6.76
30/01/2024 01:42 p. m.,Ordeño,11:40,18.96,2,,TD,TD,,0,,1.26,1.02,1.08,1.02,0,0,0,0,4.82,4.88,4.85,4.75,VMS 2,,Tanque,,1.92,1.68,1.56,1.44,7.20,3.63,6.55,1.58
31/01/2024 01:11 a. m.,Ordeño,09:09,27.05,1,,,,,0,,1.32,1.14,1.08,1.32,0,0,0,0,4.77,4.75,4.72,4.99,VMS 2,,Tanque,,1.74,1.62,1.62,1.92,7.07,4.69,6.31,8.98
31/01/2024 11:46 a. m.,Ordeño,07:58,19.68,2,,,,,0,,1.32,1.08,1.14,1.20,0,0,0,0,4.89,4.89,4.86,4.99,VMS 2,,Tanque,,1.86,1.56,1.74,1.86,5.77,3.50,5.03,5.38
01/02/2024 12:11 a. m.,Ordeño,07:38,22.46,1,,,,,0,,1.32,1.14,1.08,1.14,0,0,0,0,4.77,4.61,4.73,4.71,VMS 2,,Tanque,,1.74,1.86,1.44,1.74,6.69,3.86,5.73,6.18
01/02/2024 03:56 p. m.,Ordeño,09:45,29.00,2,,,,,0,,1.44,1.32,1.26,1.14,0,0,0,0,5.09,5.17,5.08,5.03,VMS 2,,Divert 3,Sangre por pezón por encima del umbral,1.92,1.86,1.74,1.44,7.63,5.29,7.82,8.26
02/02/2024 04:38 a. m.,Ordeño,07:06,21.12,1,,,,,0,,1.38,1.32,1.14,1.20,0,0,0,0,4.75,4.71,4.52,4.58,VMS 2,,Tanque,,1.80,1.74,1.56,1.68,5.71,4.39,5.28,5.74
02/02/2024 11:19 a. m.,Ordeño,05:45,13.39,2,,,,,0,,1.32,1.14,1.14,1.08,0,0,0,0,4.96,4.97,4.86,4.97,VMS 2,,Tanque,,1.62,1.80,1.74,1.44,3.98,2.76,3.19,3.46
03/02/2024 01:42 a. m.,Ordeño,09:34,27.85,1,,,,,0,,1.38,1.32,1.08,1.20,0,0,0,0,5.01,5.16,5.02,5.11,VMS 2,,Tanque,,1.86,1.80,1.50,1.56,5.69,5.51,7.79,8.86
03/02/2024 11:49 a. m.,Ordeño,07:32,18.52,2,,,,,0,,1.20,1.32,1.14,1.20,0,0,462,0,4.94,5.12,4.89,5.02,VMS 2,,Tanque,,1.62,1.92,1.50,1.80,5.59,3.79,4.22,4.92
03/02/2024 05:45 p. m.,Ordeño,05:23,8.57,3,,,,,0,,0.96,0.90,0.84,0.96,0,0,0,0,4.47,4.47,4.68,4.33,VMS 2,,Tanque,,1.50,1.38,1.38,1.74,2.32,1.84,2.04,2.37
04/02/2024 02:13 a. m.,Ordeño,07:08,15.57,1,,,,,0,,1.20,1.32,1.08,1.14,0,0,0,0,4.63,4.77,4.61,4.69,VMS 2,,Tanque,,1.86,1.86,1.62,1.56,4.67,2.90,3.72,4.28
04/02/2024 09:43 a. m.,Ordeño,07:26,13.91,2,,,,,0,,1.20,1.14,1.08,1.14,0,0,0,0,5.03,4.89,4.87,5.05,VMS 2,,Tanque,,1.62,1.74,1.56,1.56,3.82,2.64,3.49,3.96
04/02/2024 06:04 p. m.,Ordeño,06:26,15.50,3,,,,,0,,1.38,1.20,1.14,1.14,0,0,0,0,5.17,5.15,5.08,5.18,VMS 2,,Tanque,,1.86,1.74,1.44,1.62,3.70,3.38,3.95,4.47
05/02/2024 02:03 a. m.,Ordeño,07:07,16.95,1,,,,,0,,1.20,1.20,1.08,1.20,0,0,0,0,4.90,4.90,4.83,4.99,VMS 2,,Tanque,,1.86,1.80,1.50,1.80,4.95,3.09,4.32,4.59
05/02/2024 10:38 a. m.,Ordeño,06:58,17.52,2,,,,,0,,1.32,1.32,1.08,1.14,0,0,354,0,4.88,4.98,4.76,4.81,VMS 2,,Tanque,,1.98,1.80,1.68,1.68,4.60,3.73,4.31,4.88
05/02/2024 06:25 p. m.,Ordeño,05:34,12.85,3,,,,,0,,1.26,0.96,1.20,1.02,0,0,0,333,4.75,4.76,4.89,4.84,VMS 2,,Tanque,,1.74,1.50,1.68,1.38,3.26,2.34,3.85,3.40
06/02/2024 04:39 a. m.,Ordeño,07:30,19.83,1,,,,,0,,1.20,1.26,1.14,1.20,0,0,0,0,4.61,4.84,4.70,4.74,VMS 2,,Tanque,,1.68,1.68,1.56,1.68,5.02,3.92,5.17,5.72
06/02/2024 01:57 p. m.,Ordeño,09:23,18.67,2,,,,,0,,1.26,1.20,1.26,1.26,0,0,303,0,4.57,4.69,4.48,4.76,VMS 2,,Tanque,,1.86,1.68,1.62,1.74,4.69,3.82,4.85,5.31
07/02/2024 12:17 a. m.,Ordeño,07:57,16.67,1,,,,,0,,1.08,1.02,1.14,1.20,0,0,300,0,4.50,4.48,4.50,4.62,VMS 2,,Tanque,,1.74,1.56,1.62,1.74,4.93,3.05,4.15,4.54
07/02/2024 01:06 p. m.,Ordeño,08:42,24.75,2,,,,,0,,1.38,1.38,1.02,1.20,0,0,0,0,4.96,5.16,4.70,5.02,VMS 2,,Tanque,,1.74,1.74,1.44,1.74,6.87,4.78,6.20,6.90
07/02/2024 11:23 p. m.,Ordeño,08:05,18.36,3,,,,,0,,1.20,1.08,1.14,1.08,0,0,0,0,4.63,4.55,4.61,4.57,VMS 2,,Tanque,,1.74,1.62,1.56,1.56,5.57,3.24,5.10,4.45
08/02/2024 08:15 a. m.,Ordeño,07:59,17.70,1,,,,,0,,1.20,1.26,1.02,1.14,0,0,0,0,4.50,4.61,4.58,4.54,VMS 2,,Tanque,,1.62,1.68,1.44,1.56,4.88,3.34,4.67,4.81
08/02/2024 04:54 p. m.,Ordeño,06:02,14.95,2,,,,,0,,1.32,1.20,1.02,1.08,0,0,0,0,4.84,4.82,4.78,4.73,VMS 2,,Tanque,,1.92,1.74,1.32,1.50,4.09,3.29,3.58,3.99
09/02/2024 01:18 a. m.,Ordeño,07:03,16.95,1,,,,,0,,1.20,1.14,0.90,1.02,0,0,0,0,4.71,4.77,4.68,4.74,VMS 2,,Tanque,,1.50,1.62,1.26,1.44,5.04,3.04,4.01,4.86
09/02/2024 10:52 a. m.,Ordeño,07:06,18.91,2,,,,,0,,1.32,1.26,1.02,1.14,0,0,395,0,4.78,4.90,4.83,4.85,VMS 2,,Tanque,,1.74,1.80,1.38,1.62,5.57,3.52,4.60,5.22
09/02/2024 04:32 p. m.,Ordeño,05:09,9.72,3,,,,,0,,1.02,0.90,1.02,0.96,0,0,0,0,4.84,4.82,4.30,4.86,VMS 2,,Tanque,,1.50,1.32,1.80,1.44,2.56,2.13,2.36,2.67
10/02/2024 12:40 a. m.,Ordeño,05:30,13.65,1,,TD,,,0,,1.20,1.14,1.02,1.20,0,0,0,0,4.63,4.76,4.72,4.72,VMS 2,,Tanque,,1.62,1.56,1.44,1.74,3.16,3.11,3.19,4.19
10/02/2024 07:49 a. m.,Ordeño,07:38,15.30,2,,,,,0,,1.02,1.14,1.14,1.20,0,0,0,0,4.57,4.76,4.65,4.58,VMS 2,,Tanque,,1.44,1.86,1.56,1.74,4.58,2.84,3.79,4.09
10/02/2024 03:13 p. m.,Ordeño,06:07,12.80,3,,,,,0,,1.14,1.20,1.14,1.14,0,0,0,0,4.71,4.77,4.62,4.72,VMS 2,,Tanque,,1.74,1.80,1.56,1.56,3.52,2.30,3.48,3.50
10/02/2024 08:51 p. m.,Ordeño,06:19,9.95,4,,,,,0,,0.84,0.90,0.96,1.26,0,0,0,0,4.57,4.69,4.61,4.69,VMS 2,,Tanque,,1.38,1.38,1.50,3.96,2.68,2.15,2.32,2.80
11/02/2024 05:23 a. m.,Ordeño,06:19,16.24,1,,,,,0,,1.20,1.14,1.14,1.20,0,0,305,0,4.70,4.83,4.61,4.82,VMS 2,,Tanque,,1.62,1.56,1.56,1.86,4.50,2.91,4.11,4.72
11/02/2024 10:14 a. m.,Ordeño,05:38,8.72,2,,,,,0,,0.90,0.90,1.14,0.90,0,0,0,0,4.50,4.62,4.62,4.55,VMS 2,,Tanque,,1.62,1.44,1.80,1.38,2.52,1.75,2.50,1.95
11/02/2024 06:53 p. m.,Ordeño,07:06,15.77,3,,,,,0,,1.14,1.20,1.02,1.14,0,0,0,0,4.64,4.76,4.62,4.67,VMS 2,,Tanque,,1.74,1.74,1.38,1.74,4.41,3.04,4.11,4.21
12/02/2024 03:23 a. m.,Ordeño,06:49,16.66,1,,,,,0,,1.20,1.08,1.02,1.14,0,0,0,0,4.84,4.96,4.76,4.66,VMS 2,,Tanque,,1.68,1.74,1.44,1.62,4.73,3.00,4.16,4.77
12/02/2024 12:11 p. m.,Ordeño,06:18,16.58,2,,,,,0,,1.26,1.26,1.26,1.20,0,0,330,0,4.71,4.76,4.69,4.74,VMS 2,,Tanque,,1.80,1.74,1.80,1.74,4.47,3.26,4.52,4.33
12/02/2024 07:59 p. m.,Ordeño,06:43,12.95,3,,,,,0,,1.26,1.08,0.90,1.14,0,0,0,0,4.76,4.84,4.62,4.61,VMS 2,,Tanque,,1.62,1.68,1.26,1.68,3.44,2.69,3.51,3.31
13/02/2024 05:01 a. m.,Ordeño,06:22,16.44,1,,,,,0,,1.14,1.14,1.08,1.20,0,0,0,0,4.83,4.92,4.82,4.87,VMS 2,,Tanque,,1.62,1.62,1.62,1.62,4.19,3.36,3.97,4.92
13/02/2024 01:34 p. m.,Ordeño,06:08,17.03,2,,,,,0,,1.38,1.32,1.26,1.32,0,0,353,0,4.82,5.05,4.84,5.00,VMS 2,,Tanque,,1.86,1.80,1.68,1.80,4.17,3.40,4.54,4.92
14/02/2024 12:41 a. m.,Ordeño,07:35,19.89,1,,,,,0,,1.20,1.20,1.14,1.26,0,0,0,0,4.63,4.77,4.70,4.73,VMS 2,,Tanque,,1.68,1.74,1.50,1.74,5.75,3.69,4.99,5.46
14/02/2024 10:31 a. m.,Ordeño,07:47,19.56,2,,,,,0,,1.20,1.44,1.14,1.26,0,0,0,0,4.62,4.90,4.70,4.75,VMS 2,,Tanque,,1.68,1.92,1.62,1.74,5.37,4.09,5.02,5.08
14/02/2024 09:18 p. m.,Ordeño,07:24,19.90,3,,,,,0,,1.32,1.20,1.02,1.20,0,0,0,0,4.68,4.77,4.71,4.66,VMS 2,,Tanque,,1.86,1.68,1.44,1.80,5.40,3.77,5.05,5.68
15/02/2024 03:42 a. m.,Ordeño,07:06,11.79,1,,,,,0,,1.14,1.14,1.02,0.90,0,0,0,0,4.63,4.77,4.70,4.53,VMS 2,,Tanque,,1.74,1.74,1.38,1.26,3.24,2.49,2.97,3.09
15/02/2024 10:01 a. m.,Ordeño,08:54,9.91,2,,,TD,TD,0,,0.90,1.26,0.90,0.00,0,0,0,0,4.62,4.77,4.70,0.00,VMS 2,,Tanque,,1.32,1.92,1.44,0.00,3.84,2.96,3.11,0.00
15/02/2024 06:13 p. m.,Ordeño,09:01,19.67,3,,,,,0,,1.14,1.14,0.96,1.20,0,0,0,0,4.69,4.83,4.84,5.08,VMS 2,,Tanque,,1.74,1.50,1.44,1.74,4.51,3.12,4.19,7.85
16/02/2024 02:08 a. m.,Ordeño,07:03,13.76,1,,,,,0,,1.02,1.14,1.02,1.14,0,0,0,0,4.62,4.77,4.70,4.54,VMS 2,,Tanque,,1.56,1.68,1.50,1.62,4.14,2.77,3.52,3.33
16/02/2024 09:24 a. m.,Ordeño,06:07,14.32,2,,,,,0,,1.14,1.02,0.96,1.08,0,0,0,0,4.68,4.56,4.59,4.59,VMS 2,,Tanque,,1.62,1.50,1.38,1.62,3.86,2.61,3.59,4.26
16/02/2024 06:43 p. m.,Ordeño,07:09,18.99,3,,,,,0,,1.20,1.20,1.02,1.14,0,0,0,0,4.94,4.91,4.94,4.85,VMS 2,,Tanque,,1.62,1.80,1.38,1.62,5.45,3.56,4.83,5.15
17/02/2024 01:17 a. m.,Ordeño,06:42,12.04,1,,,,,0,,1.02,1.20,1.14,1.02,0,0,0,0,4.69,4.77,4.71,4.79,VMS 2,,Tanque,,1.62,1.80,1.62,1.44,3.78,2.51,3.04,2.71
17/02/2024 06:48 a. m.,Ordeño,07:38,12.29,2,,,,,0,,1.02,1.02,0.96,1.08,0,327,0,0,4.43,4.65,4.64,4.24,VMS 2,,Tanque,,1.44,1.44,1.44,1.62,3.46,2.65,2.94,3.24
17/02/2024 09:27 p. m.,Ordeño,09:06,25.64,3,,,,,0,,1.38,1.26,1.14,1.20,0,0,0,0,4.89,4.98,4.85,4.98,VMS 2,,Tanque,,1.80,1.68,1.62,1.74,6.83,3.99,7.59,7.23
18/02/2024 04:37 a. m.,Ordeño,05:58,12.73,1,,TD,,,0,,1.14,1.32,1.02,1.20,0,0,0,0,4.78,4.96,4.85,4.64,VMS 2,,Tanque,,1.68,1.86,1.50,1.74,3.69,2.95,3.06,3.03
18/02/2024 02:53 p. m.,Ordeño,07:41,19.35,2,,,,,0,,1.20,1.26,1.08,1.20,0,0,0,0,4.65,4.75,4.66,4.57,VMS 2,,Tanque,,1.68,1.80,1.44,2.82,5.50,3.82,4.34,5.69
18/02/2024 07:51 p. m.,Ordeño,06:30,6.16,3,,,,,0,,0.72,0.78,0.96,0.84,0,0,0,367,4.50,4.56,4.57,4.73,VMS 2,,Tanque,,1.20,1.38,1.68,1.56,1.56,1.22,1.82,1.56
19/02/2024 03:18 a. m.,Ordeño,06:12,12.12,1,,TI,,,0,,1.02,1.08,1.20,1.02,0,0,0,0,4.44,4.57,4.42,4.53,VMS 2,,Tanque,,1.44,1.56,1.62,1.50,3.60,2.36,3.08,3.08
19/02/2024 09:07 a. m.,Ordeño,09:15,8.06,2,,,TD,TD,0,,1.14,1.08,0.96,0.00,0,0,0,0,4.63,4.62,4.65,0.00,VMS 2,,Tanque,,1.68,1.68,1.32,0.00,2.95,2.44,2.67,0.00
19/02/2024 03:15 p. m.,Ordeño,07:19,14.06,3,,,,,0,,0.78,0.96,0.90,1.20,0,0,0,0,2.75,4.90,4.69,5.11,VMS 2,,Tanque,,1.38,1.44,1.20,1.68,3.49,2.06,2.46,6.05
19/02/2024 09:04 p. m.,Ordeño,05:53,11.45,4,,,,,0,,1.02,1.02,0.96,1.08,0,0,0,0,4.97,4.99,4.87,4.80,VMS 2,,Tanque,,1.62,1.56,1.38,1.56,3.12,2.35,3.06,2.92
20/02/2024 05:11 a. m.,Ordeño,07:39,16.06,1,,,,,0,,1.14,1.26,1.02,1.26,0,0,0,0,4.83,4.94,4.83,4.76,VMS 2,,Tanque,,1.62,1.80,1.38,1.80,4.68,3.36,3.72,4.30
20/02/2024 04:12 p. m.,Ordeño,07:04,20.75,2,,,,,0,,1.38,1.32,1.08,1.20,0,0,0,0,4.92,4.97,4.77,4.84,VMS 2,,Tanque,,1.80,1.74,1.50,1.68,5.53,4.29,5.24,5.69
20/02/2024 11:25 p. m.,Ordeño,06:13,12.08,3,,,,,0,,1.08,1.08,0.90,1.02,0,0,0,0,4.54,4.64,4.61,4.50,VMS 2,,Tanque,,1.50,1.68,1.38,1.44,3.24,2.60,2.85,3.39
21/02/2024 05:36 a. m.,Ordeño,06:31,10.50,1,,,,,0,,0.90,0.96,0.90,1.02,0,0,0,0,4.33,4.57,4.47,3.85,VMS 2,,Tanque,,1.32,1.62,1.20,1.98,3.28,2.16,2.43,2.63
21/02/2024 12:29 p. m.,Ordeño,06:50,14.06,2,,,,,0,,1.02,1.32,1.14,1.20,0,0,0,0,4.75,4.71,4.63,4.67,VMS 2,,Tanque,,1.38,1.80,1.62,1.56,3.80,2.80,3.73,3.73
21/02/2024 08:28 p. m.,Ordeño,10:20,15.82,3,,,,,0,,1.20,1.26,1.08,0.84,0,0,0,0,5.07,4.94,4.84,4.91,VMS 2,,Tanque,,1.74,1.74,1.50,1.14,4.37,3.07,4.17,4.21
22/02/2024 07:19 a. m.,Ordeño,08:07,19.63,1,,,,,0,,1.08,1.26,1.02,1.14,0,0,0,0,4.87,5.02,4.88,4.93,VMS 2,,Tanque,,1.50,1.80,1.44,1.56,5.86,3.74,4.74,5.29
22/02/2024 09:22 p. m.,Ordeño,06:46,9.58,2,,,Todos,,0,,0.90,0.84,0.90,1.02,0,0,0,0,4.46,4.61,4.69,4.33,VMS 2,,Tanque,,1.50,1.32,1.26,1.62,2.96,2.06,2.08,2.48
23/02/2024 02:52 a. m.,Ordeño,07:41,7.57,1,,,TD,TD,0,,1.14,0.96,0.96,0.00,0,0,0,0,4.58,4.61,4.64,0.00,VMS 2,,Tanque,,1.62,1.62,1.44,0.00,2.78,2.06,2.73,0.00
23/02/2024 10:42 a. m.,Ordeño,07:32,16.54,2,,,,,0,,1.20,1.20,1.02,1.26,0,0,0,0,4.91,5.01,4.91,5.13,VMS 2,,Tanque,,1.74,1.62,1.38,1.68,4.03,2.86,3.18,6.47
23/02/2024 09:07 p. m.,Ordeño,07:41,16.90,3,,,,,0,,1.08,1.08,0.96,0.96,0,0,0,0,4.66,4.69,4.69,4.58,VMS 2,,Tanque,,1.38,1.56,1.38,1.38,4.91,3.41,4.48,4.10
24/02/2024 02:51 a. m.,Ordeño,06:15,10.06,1,,,,,0,,1.14,0.96,0.90,1.02,0,0,0,0,4.80,4.75,4.76,4.86,VMS 2,,Tanque,,1.56,1.38,1.20,1.50,2.78,2.13,2.35,2.80
24/02/2024 11:01 a. m.,Ordeño,07:21,15.56,2,,,,,0,,1.20,1.14,1.08,0.90,0,0,0,0,4.92,4.95,4.93,4.89,VMS 2,,Tanque,,1.86,1.62,1.68,1.32,4.54,3.01,4.04,3.97
24/02/2024 07:20 p. m.,Ordeño,06:25,11.41,3,,,,,0,,0.90,0.96,0.90,0.96,0,0,0,0,4.65,4.75,4.69,4.60,VMS 2,,Tanque,,1.26,1.50,1.38,1.50,3.24,2.47,2.52,3.18
25/02/2024 09:48 a. m.,Ordeño,08:50,23.82,1,,TD,,,0,,1.26,1.14,1.02,1.20,0,0,0,0,5.04,5.15,5.04,5.14,VMS 2,,Tanque,,1.62,1.56,1.44,1.80,5.37,4.90,6.57,6.98
25/02/2024 06:52 p. m.,Ordeño,05:49,12.83,2,,,,,0,,1.14,1.02,0.96,0.90,0,0,0,0,4.76,4.88,4.73,4.92,VMS 2,,Tanque,,1.62,1.44,1.32,1.32,3.50,2.87,3.46,3.00
26/02/2024 07:58 a. m.,Ordeño,10:25,23.05,1,,,,,0,,1.20,1.20,0.96,1.14,0,0,0,0,4.89,5.00,4.90,5.04,VMS 2,,Tanque,,1.62,1.50,1.32,1.56,5.73,4.97,5.96,6.39
26/02/2024 03:17 p. m.,Ordeño,08:34,13.59,2,,,,,0,,1.02,1.02,0.96,1.02,0,0,0,0,2.81,4.98,4.94,4.85,VMS 2,,Tanque,,1.62,1.62,1.38,1.38,4.62,2.61,3.00,3.36
26/02/2024 09:19 p. m.,Ordeño,06:12,9.15,3,,,,,0,,0.84,0.72,0.72,0.96,0,0,0,0,5.03,4.80,4.80,5.00,VMS 2,,Tanque,,1.38,1.20,1.14,1.26,2.69,1.95,2.38,2.13
27/02/2024 03:23 a. m.,Ordeño,09:19,7.81,1,,,TD,TD,0,,1.14,0.90,0.90,0.00,0,0,0,0,4.74,4.58,4.86,0.00,VMS 2,,Tanque,,1.56,1.62,1.44,0.00,2.91,2.20,2.70,0.00
27/02/2024 11:17 a. m.,Ordeño,08:46,18.03,2,,,,,0,,1.14,1.26,0.96,1.14,0,0,0,0,4.95,4.99,4.94,5.22,VMS 2,,Tanque,,1.68,1.80,1.26,1.62,4.46,3.07,3.51,6.99
27/02/2024 07:55 p. m.,Ordeño,06:30,13.24,3,,,,,0,,1.08,1.14,0.96,1.02,0,0,0,0,4.98,5.05,4.98,4.95,VMS 2,,Tanque,,1.62,1.56,1.26,1.44,3.88,2.90,3.41,3.05
28/02/2024 05:28 a. m.,Ordeño,06:39,15.98,1,,,,,0,,1.20,1.08,0.96,1.08,0,0,0,0,5.08,4.86,4.98,4.97,VMS 2,,Tanque,,1.62,1.68,1.32,1.50,4.40,2.92,3.93,4.73
28/02/2024 01:31 p. m.,Ordeño,06:14,13.57,2,,,,,0,,1.26,1.08,0.90,1.02,0,0,0,0,5.01,5.00,4.92,4.91,VMS 2,,Tanque,,1.68,1.80,1.44,1.56,3.59,2.88,3.51,3.59
28/02/2024 07:46 p. m.,Ordeño,07:14,8.96,3,,,,,0,,0.84,0.96,0.96,0.84,0,0,0,0,4.86,4.99,4.99,4.99,VMS 2,,Tanque,,1.32,1.32,1.44,1.26,2.91,1.79,2.22,2.04
29/02/2024 05:19 a. m.,Ordeño,09:25,16.88,1,,,,,0,,1.14,1.14,0.90,1.02,0,0,0,0,4.79,4.87,4.86,4.84,VMS 2,,Tanque,,1.98,1.56,1.50,1.50,4.61,3.46,4.30,4.51
29/02/2024 03:00 p. m.,Ordeño,06:41,16.61,2,,,,,0,,1.20,1.20,0.96,1.08,0,0,0,0,5.11,5.19,5.07,5.27,VMS 2,,Tanque,,1.68,1.56,1.50,1.50,4.68,3.55,3.84,4.54
01/03/2024 03:06 a. m.,Ordeño,08:25,21.41,1,,,,,0,,1.14,1.08,0.96,1.02,0,0,0,0,4.91,5.13,4.94,5.12,VMS 2,,Tanque,,1.44,1.44,1.38,1.38,5.92,4.20,5.60,5.69
01/03/2024 10:47 a. m.,Ordeño,06:03,12.57,2,,,,,0,,1.02,1.14,0.96,0.96,0,0,0,0,4.79,4.98,4.93,5.07,VMS 2,,Tanque,,1.44,1.62,1.32,1.56,3.46,2.63,3.08,3.40
01/03/2024 06:30 p. m.,Ordeño,09:32,11.88,3,,,,,0,,1.08,0.96,0.96,0.90,0,0,0,0,4.93,4.91,4.83,4.91,VMS 2,,Tanque,,1.44,1.62,1.50,1.26,3.33,2.55,3.20,2.80
02/03/2024 12:08 a. m.,Ordeño,05:24,8.38,1,,,,,0,,0.90,0.72,0.90,0.66,0,0,0,0,4.94,4.84,4.61,4.98,VMS 2,,Tanque,,1.38,1.20,1.50,1.14,2.36,1.73,2.43,1.86
02/03/2024 09:25 a. m.,Ordeño,07:42,17.45,2,,,,,0,,1.08,1.08,0.90,1.02,0,0,0,0,4.94,4.95,4.99,5.02,VMS 2,,Tanque,,1.44,1.50,1.20,1.38,5.14,2.86,4.52,4.93
02/03/2024 05:00 p. m.,Ordeño,05:41,11.56,3,,,,,0,,1.14,0.96,0.90,0.96,0,0,0,0,4.93,4.90,4.90,4.76,VMS 2,,Tanque,,1.50,1.56,1.32,1.44,3.32,2.53,2.65,3.06
02/03/2024 10:56 p. m.,Ordeño,05:40,9.28,4,,,,,0,,0.90,0.84,0.96,0.84,0,0,0,0,4.86,4.77,4.90,4.96,VMS 2,,Tanque,,1.20,1.26,1.44,1.14,2.56,1.82,2.66,2.24
03/03/2024 09:07 a. m.,Ordeño,07:01,17.54,1,,,,,0,,1.20,1.14,1.02,1.08,0,0,0,0,5.11,5.17,5.03,5.06,VMS 2,,Tanque,,1.56,1.56,1.50,1.44,5.27,3.37,4.29,4.61
03/03/2024 03:57 p. m.,Ordeño,07:26,10.76,2,,,,,0,,1.02,1.08,0.84,0.90,0,0,0,0,4.69,4.97,4.89,4.95,VMS 2,,Tanque,,1.50,1.56,1.20,1.26,3.16,2.21,2.66,2.73
04/03/2024 02:36 a. m.,Ordeño,07:06,16.88,1,,,,,0,,1.26,1.08,1.02,1.02,0,0,0,0,4.88,4.76,4.71,4.75,VMS 2,,Tanque,,1.56,1.44,1.26,1.44,4.66,3.09,4.34,4.79
04/03/2024 12:26 p. m.,Ordeño,09:50,12.02,2,,,TD,TD,0,,1.20,1.14,1.02,0.00,0,0,0,0,4.93,4.95,4.80,0.00,VMS 2,,Tanque,,1.68,1.56,1.44,0.00,4.27,3.51,4.24,0.00
04/03/2024 06:33 p. m.,Ordeño,07:49,12.04,3,,,,,0,,0.78,0.72,0.60,1.08,0,0,0,0,4.53,4.67,4.65,4.91,VMS 2,,Tanque,,1.20,1.14,1.08,1.44,2.53,1.62,1.83,6.06
05/03/2024 09:31 a. m.,Ordeño,08:19,23.83,1,,,,,0,,1.08,1.20,1.08,1.14,0,0,0,0,4.76,4.91,4.82,4.67,VMS 2,,Tanque,,1.38,1.56,1.44,1.62,5.92,5.08,6.19,6.64
05/03/2024 08:10 p. m.,Ordeño,06:40,12.78,2,,,,,0,,1.02,1.08,0.84,0.96,0,0,0,0,4.74,4.83,4.81,4.52,VMS 2,,Tanque,,1.50,1.56,1.26,1.50,3.85,2.81,3.00,3.12
06/03/2024 03:44 a. m.,Ordeño,07:13,11.99,1,,,,,0,,0.96,0.96,0.90,0.96,0,0,0,0,4.59,4.69,4.72,4.56,VMS 2,,Tanque,,1.38,1.44,1.32,1.26,3.37,2.26,2.98,3.38
06/03/2024 11:40 a. m.,Ordeño,06:26,12.78,2,,,,,0,,1.02,1.08,0.90,0.96,0,0,0,0,4.62,4.94,4.84,4.89,VMS 2,,Tanque,,1.44,1.62,1.26,1.26,3.50,2.57,3.32,3.39
06/03/2024 06:13 p. m.,Ordeño,08:23,6.61,3,,DI,DI,,0,,0.72,0.96,0.84,0.84,0,0,0,0,4.36,4.80,4.82,4.83,VMS 2,,Tanque,,1.08,1.44,1.14,1.20,0.36,2.02,2.21,2.02
07/03/2024 12:58 a. m.,Ordeño,09:05,8.34,1,,,TD,TD,0,,1.14,0.84,0.96,0.00,0,0,0,0,4.65,4.46,4.60,0.00,VMS 2,,Tanque,,1.86,1.38,1.32,0.00,3.53,2.19,2.62,0.00
07/03/2024 10:59 a. m.,Ordeño,08:00,18.50,2,,,,,0,TD,1.20,1.08,1.08,1.20,0,0,0,0,4.69,4.92,4.77,5.52,VMS 2,,Tanque,,1.68,1.74,1.50,1.74,4.88,3.17,3.67,6.78
07/03/2024 06:22 p. m.,Ordeño,09:05,7.78,3,,,TD,,0,,0.84,1.02,0.90,0.30,0,0,0,0,4.50,4.73,4.77,4.56,VMS 2,,Tanque,,1.50,1.56,1.62,0.72,2.92,2.50,1.96,0.40
08/03/2024 12:11 a. m.,Ordeño,07:41,11.24,1,,,,,0,,0.96,0.78,1.02,0.48,0,0,0,0,4.59,4.60,4.79,4.24,VMS 2,,Tanque,,1.50,1.38,1.44,1.14,2.27,1.85,5.20,1.92
08/03/2024 12:09 p. m.,Ordeño,07:02,18.45,2,,,,,0,,1.32,1.20,1.08,1.08,0,0,0,0,4.93,5.07,4.87,5.04,VMS 2,,Tanque,,1.92,1.62,1.50,1.50,5.69,3.20,4.53,5.03
08/03/2024 11:28 p. m.,Ordeño,07:49,15.94,3,,,,,0,,1.14,1.14,0.90,0.96,0,0,0,0,4.77,4.90,4.61,4.55,VMS 2,,Tanque,,1.56,1.62,1.20,1.32,4.39,3.39,4.03,4.13
09/03/2024 08:34 a. m.,Ordeño,07:03,13.82,1,,,,,0,,1.02,1.08,0.90,1.08,0,0,0,0,4.62,4.75,4.59,4.60,VMS 2,,Tanque,,1.44,1.56,1.32,1.50,3.96,2.79,3.35,3.72
09/03/2024 06:10 p. m.,Ordeño,06:50,14.87,2,,,,,0,,1.08,1.08,0.90,0.96,0,0,0,0,4.75,4.86,4.74,5.09,VMS 2,,Tanque,,1.38,1.44,1.26,1.50,4.11,2.90,3.85,4.01
10/03/2024 12:20 a. m.,Ordeño,06:52,9.63,1,,TD,,,0,,0.96,1.08,0.90,0.96,0,0,0,0,4.41,4.58,4.53,4.31,VMS 2,,Tanque,,1.56,1.38,1.26,1.50,2.65,2.19,2.24,2.55
10/03/2024 08:09 a. m.,Ordeño,06:54,12.60,2,,,,,0,,0.96,0.96,0.96,1.02,0,0,0,0,4.53,4.43,4.52,4.34,VMS 2,,Tanque,,1.44,1.38,1.26,1.44,3.67,2.41,3.06,3.46
10/03/2024 04:22 p. m.,Ordeño,05:23,9.11,3,,TI,TI,,0,,1.14,1.02,0.72,0.96,0,0,0,0,4.65,4.62,3.95,4.44,VMS 2,,Tanque,,1.44,1.44,1.08,1.44,3.12,2.56,0.24,3.19
11/03/2024 01:31 a. m.,Ordeño,08:18,16.57,1,,,,,0,,1.08,1.02,1.14,0.90,0,0,0,0,4.34,4.54,4.55,4.12,VMS 2,,Tanque,,1.56,1.44,1.50,1.38,3.20,3.07,6.66,3.64
11/03/2024 11:05 a. m.,Ordeño,07:41,15.22,2,,,,,0,,0.96,1.26,1.08,1.08,0,0,0,0,4.51,4.79,4.54,4.60,VMS 2,,Tanque,,1.38,1.74,1.50,1.50,4.07,3.25,3.32,4.58
11/03/2024 11:21 p. m.,Ordeño,07:15,16.38,3,,,,,0,,1.14,1.14,0.96,0.96,0,0,0,0,4.44,4.65,4.53,4.33,VMS 2,,Tanque,,1.50,1.50,1.38,1.32,4.69,3.17,3.93,4.59
12/03/2024 10:15 a. m.,Ordeño,07:50,17.69,1,,,,,0,,1.20,1.14,0.84,0.90,0,0,0,0,4.42,4.71,4.53,4.44,VMS 2,,Tanque,,1.62,1.56,1.26,1.26,5.04,3.49,4.54,4.62
12/03/2024 09:30 p. m.,Ordeño,07:48,15.66,2,,,,,0,,1.02,1.02,0.90,0.84,0,0,0,0,4.44,4.38,4.52,4.35,VMS 2,,Tanque,,1.56,1.50,1.20,1.26,4.67,3.01,3.97,4.01
13/03/2024 06:02 a. m.,Ordeño,06:43,13.09,1,,,,,0,,0.96,0.96,0.84,0.84,0,0,0,0,4.32,4.20,4.30,4.27,VMS 2,,Tanque,,1.38,1.50,1.20,1.32,3.64,2.52,3.36,3.57
13/03/2024 02:09 p. m.,Ordeño,07:26,12.78,2,,,,,0,,0.90,1.02,0.84,0.90,0,0,0,0,4.62,4.67,4.71,4.43,VMS 2,,Tanque,,1.26,1.44,1.20,1.26,3.67,2.23,3.45,3.43
14/03/2024 01:45 a. m.,Ordeño,07:50,17.39,1,,,,,0,,1.14,1.14,0.90,0.84,0,0,0,0,4.59,4.62,4.55,4.13,VMS 2,,Tanque,,1.68,1.62,1.26,1.20,4.21,3.77,4.67,4.74
14/03/2024 09:28 a. m.,Ordeño,07:11,11.64,2,,,,,0,,0.96,1.02,0.90,0.84,0,0,0,0,4.44,4.59,4.52,4.13,VMS 2,,Tanque,,1.38,1.44,1.26,1.20,3.30,2.37,2.89,3.08
14/03/2024 07:36 p. m.,Ordeño,10:14,11.52,3,,,TD,TD,0,,1.08,1.08,0.84,0.00,0,0,0,0,4.58,4.67,4.68,0.00,VMS 2,,Tanque,,1.50,1.44,1.20,0.00,4.44,3.16,3.92,0.00
15/03/2024 01:24 a. m.,Ordeño,08:55,13.91,1,,,,,0,TD,0.78,0.72,0.84,1.14,0,0,0,0,4.54,4.54,4.70,5.59,VMS 2,,Tanque,,1.26,1.26,1.38,1.56,2.73,1.87,2.21,7.10
15/03/2024 11:10 a. m.,Ordeño,09:39,15.57,2,,,,,0,,1.14,1.02,0.96,0.90,0,0,0,0,4.68,4.76,4.78,5.08,VMS 2,,Tanque,,1.68,1.50,1.32,1.44,4.07,3.39,4.26,3.85
16/03/2024 12:04 a. m.,Ordeño,08:16,20.25,1,,,,,0,,1.26,1.14,0.96,1.02,0,0,0,0,4.70,4.91,4.83,4.66,VMS 2,,Tanque,,1.62,1.62,1.38,1.50,4.62,4.38,5.59,5.66
16/03/2024 11:38 a. m.,Ordeño,17:01,7.44,2,,,"DD,TD","DD,TD",0,,1.14,0.00,0.84,0.00,0,0,0,0,4.84,0.00,4.81,0.00,VMS 2,,Tanque,,1.50,0.00,1.20,0.00,4.11,0.00,3.33,0.00
16/03/2024 03:54 p. m.,Ordeño,07:29,12.02,3,,,,,0,,0.84,1.14,0.84,1.02,0,0,0,0,4.50,4.85,4.61,4.74,VMS 2,,Tanque,,1.26,1.50,1.14,1.44,2.16,2.78,2.24,4.84
17/03/2024 01:18 a. m.,Ordeño,06:55,15.46,1,,TD,,,0,,1.08,1.02,0.96,0.96,0,0,0,0,4.47,4.44,4.47,4.31,VMS 2,,Tanque,,1.44,1.44,1.44,1.50,4.30,3.02,4.28,3.86
17/03/2024 08:23 a. m.,Ordeño,08:13,10.99,2,,,,,0,,1.08,0.96,0.90,0.90,0,0,0,0,4.60,4.71,4.28,4.71,VMS 2,,Tanque,,1.50,1.56,1.44,1.20,3.23,2.31,2.72,2.73
17/03/2024 06:32 p. m.,Ordeño,09:16,12.28,3,,,TD,TD,0,,1.20,1.20,0.96,0.00,0,0,0,0,4.60,4.64,4.66,0.00,VMS 2,,Tanque,,1.62,1.68,1.38,0.00,4.48,3.29,4.51,0.00
18/03/2024 07:31 a. m.,Ordeño,08:25,17.41,1,,TD,,,0,,1.26,1.20,1.08,1.14,0,0,0,0,4.47,4.77,4.43,4.38,VMS 2,,Tanque,,1.68,1.68,1.44,1.74,5.95,4.37,4.98,2.11
18/03/2024 05:01 p. m.,Ordeño,09:53,10.97,2,,TD,,,0,,1.02,0.96,0.90,1.14,0,0,0,0,4.34,4.35,4.43,4.38,VMS 2,,Tanque,,1.62,1.50,1.44,1.74,3.68,2.31,3.19,1.79
19/03/2024 05:44 a. m.,Ordeño,09:24,15.61,1,,,TD,TD,0,,1.14,1.14,0.96,0.00,0,0,0,0,4.42,4.54,4.54,0.00,VMS 2,,Tanque,,1.80,1.80,1.44,0.00,5.50,4.63,5.48,0.00
19/03/2024 03:01 p. m.,Ordeño,07:51,14.07,2,,TI,,,0,TD,1.08,1.02,0.84,1.32,0,0,0,0,4.80,4.77,3.82,5.53,VMS 2,,Tanque,,1.68,1.50,1.98,1.68,3.69,2.89,0.27,7.22
21/03/2024 05:00 a. m.,Ordeño,08:14,18.06,1,,,,,0,,1.02,1.02,1.08,1.08,0,0,0,0,4.71,4.70,4.90,4.99,VMS 2,,Tanque,,1.44,1.50,1.50,1.92,5.00,3.31,5.77,3.98
21/03/2024 03:02 p. m.,Ordeño,07:07,15.40,2,,,,,0,,1.08,1.26,1.08,1.14,0,0,0,0,4.85,5.03,4.98,5.18,VMS 2,,Tanque,,1.56,1.80,1.62,1.74,4.46,3.32,3.88,3.74
21/03/2024 10:00 p. m.,Ordeño,06:52,9.93,3,,,,,0,,1.02,1.02,0.90,0.96,0,0,0,0,4.90,4.89,4.99,4.99,VMS 2,,Tanque,,1.56,1.50,1.32,1.44,2.67,2.28,2.49,2.49
22/03/2024 09:40 a. m.,Ordeño,06:56,18.10,1,,,,,0,,1.26,1.14,1.08,1.14,0,0,0,0,4.83,4.91,4.83,5.06,VMS 2,,Tanque,,1.56,1.74,1.44,1.62,4.92,3.52,4.90,4.76
23/03/2024 12:20 a. m.,Ordeño,08:17,20.83,1,,,,,0,,1.20,1.20,0.96,1.14,0,0,0,0,4.93,4.94,4.93,5.02,VMS 2,,Tanque,,1.62,1.62,1.38,1.56,5.06,4.65,5.46,5.66
23/03/2024 11:44 a. m.,Ordeño,06:45,16.36,2,,,,,0,,1.14,1.08,1.14,1.08,0,0,0,0,4.92,4.82,4.81,4.96,VMS 2,,Tanque,,1.62,1.68,1.56,1.56,4.81,3.09,4.26,4.20
24/03/2024 12:41 a. m.,Ordeño,07:37,17.11,1,,,,,0,,1.08,1.02,0.84,1.08,0,0,0,0,4.76,4.61,4.79,4.93,VMS 2,,Tanque,,1.44,1.56,1.20,1.68,4.82,3.11,4.36,4.82
24/03/2024 10:11 a. m.,Ordeño,07:47,14.65,2,,,,,0,,1.08,1.14,0.96,1.08,0,0,0,0,4.74,4.83,4.69,4.70,VMS 2,,Tanque,,1.56,1.56,1.32,1.56,4.14,3.11,3.55,3.85
25/03/2024 12:08 a. m.,Ordeño,09:01,20.83,1,,,,,0,,1.08,1.14,0.84,1.02,0,0,0,0,4.75,4.83,4.89,4.77,VMS 2,,Tanque,,1.68,1.56,1.32,1.44,5.42,4.38,5.31,5.72
25/03/2024 12:03 p. m.,Ordeño,07:53,18.46,2,,,,,0,,1.08,1.26,1.02,1.20,0,0,0,0,4.74,4.90,4.80,4.99,VMS 2,,Tanque,,1.68,1.80,1.38,1.62,5.25,3.66,4.59,4.96
25/03/2024 11:55 p. m.,Ordeño,07:40,16.92,1,,,,,0,,1.08,1.14,1.08,0.90,0,0,0,0,4.62,4.69,4.67,4.71,VMS 2,,Tanque,,1.56,1.62,1.50,1.26,4.66,3.06,4.97,4.23
26/03/2024 09:59 a. m.,Ordeño,07:53,14.59,2,,,,,0,,1.14,1.20,1.02,1.20,0,0,0,0,4.50,4.63,4.47,4.62,VMS 2,,Tanque,,1.68,1.62,1.38,1.68,4.06,3.25,3.53,3.75
26/03/2024 07:49 p. m.,Ordeño,06:16,12.98,3,,,,,0,,1.08,1.08,0.96,1.08,0,0,0,0,4.63,4.67,4.62,4.50,VMS 2,,Tanque,,1.56,1.56,1.38,1.44,3.47,2.88,3.34,3.29
27/03/2024 10:37 a. m.,Ordeño,08:10,23.67,1,,,,,0,,1.32,1.26,1.02,1.26,0,0,0,0,4.76,4.87,4.84,4.96,VMS 2,,Tanque,,1.80,1.62,1.38,1.86,5.65,5.11,5.64,7.27
27/03/2024 11:38 p. m.,Ordeño,08:51,20.25,2,,,,,0,,1.02,1.14,0.84,1.08,0,0,0,0,4.64,4.79,4.70,4.70,VMS 2,,Tanque,,1.38,1.56,1.20,1.68,4.90,4.62,5.16,5.57
28/03/2024 11:10 a. m.,Ordeño,07:26,18.15,1,,TI,,,0,,1.14,1.20,1.14,1.08,0,0,0,0,4.92,4.87,4.96,4.81,VMS 2,,Tanque,,1.62,1.68,1.68,1.56,4.99,3.38,5.23,4.55
28/03/2024 09:52 p. m.,Ordeño,06:30,14.71,2,,TD,,,0,,1.02,1.08,1.02,1.02,0,0,0,0,4.62,4.67,4.59,4.67,VMS 2,,Tanque,,1.68,1.50,1.38,1.74,3.73,3.37,3.59,4.02
29/03/2024 10:55 a. m.,Ordeño,07:20,20.72,1,,,,,0,,1.14,1.20,1.14,1.20,0,0,0,0,4.76,4.86,4.68,5.05,VMS 2,,Tanque,,1.74,1.62,1.50,1.56,5.17,4.36,5.22,5.97
29/03/2024 09:27 p. m.,Ordeño,07:08,14.04,2,,"TI,TD",,,0,,0.96,1.14,0.96,1.08,0,0,0,0,4.63,4.81,4.68,4.71,VMS 2,,Tanque,,1.50,1.68,1.44,1.68,3.95,3.05,3.22,3.82
30/03/2024 06:49 a. m.,Ordeño,06:56,16.63,1,,,,,0,,1.08,1.14,0.96,1.26,0,0,0,0,4.75,4.80,4.81,4.19,VMS 2,,Tanque,,1.62,1.62,1.38,3.12,4.11,3.09,4.34,5.09
30/03/2024 02:33 p. m.,Ordeño,05:52,11.87,2,,TD,,,0,,1.14,1.14,0.90,1.14,0,0,0,0,4.96,4.94,4.89,4.91,VMS 2,,Tanque,,1.80,1.68,1.38,1.74,3.18,2.68,2.91,3.10
31/03/2024 03:03 a. m.,Ordeño,08:17,19.04,1,,,,,0,,1.02,1.26,1.14,1.20,0,0,0,0,4.77,4.88,4.76,4.96,VMS 2,,Tanque,,1.38,1.68,1.62,1.92,5.26,3.19,4.89,5.70
31/03/2024 01:46 p. m.,Ordeño,09:11,14.83,2,,,,,0,,1.08,1.08,0.96,1.02,0,391,0,0,4.71,4.68,4.64,4.61,VMS 2,,Tanque,,1.50,1.68,1.44,1.62,4.09,2.88,3.78,4.08
31/03/2024 11:13 p. m.,Ordeño,06:38,12.85,3,,TD,,,0,,1.02,1.08,0.96,1.08,0,0,0,0,4.63,4.60,4.70,4.56,VMS 2,,Tanque,,1.50,1.50,1.38,1.86,3.46,2.72,3.23,3.44
01/04/2024 08:57 a. m.,Ordeño,06:48,15.55,1,,TD,,,0,,1.20,1.08,0.90,1.14,0,0,0,0,4.63,4.67,4.71,4.68,VMS 2,,Tanque,,1.74,1.44,1.26,1.74,3.89,3.48,4.00,4.18
01/04/2024 05:12 p. m.,Ordeño,06:14,11.93,2,,,,,0,,1.02,1.08,0.90,0.96,0,0,0,0,4.77,4.95,4.77,4.81,VMS 2,,Tanque,,1.44,1.50,1.26,1.44,3.15,2.67,2.69,3.42
02/04/2024 12:51 a. m.,Ordeño,07:32,13.66,1,,,,,0,,1.02,1.08,0.96,1.02,0,0,0,0,4.83,4.80,4.83,4.97,VMS 2,,Tanque,,1.68,1.56,1.38,1.38,3.65,2.66,3.44,3.91
03/04/2024 10:27 a. m.,Ordeño,11:34,27.62,1,,,,,0,,1.20,1.20,1.08,1.14,0,0,0,0,5.08,5.05,5.38,5.52,VMS 2,,Tanque,,1.74,1.56,1.44,1.68,7.25,6.00,6.36,8.01
04/04/2024 02:45 a. m.,Ordeño,08:37,17.28,1,,,,,0,,1.14,1.14,0.84,0.96,0,0,0,0,4.88,4.97,4.94,4.84,VMS 2,,Tanque,,1.56,1.56,1.20,1.50,5.36,4.39,3.33,4.20
04/04/2024 11:44 a. m.,Ordeño,07:33,10.73,2,,,,,0,,1.08,1.02,0.96,0.84,0,0,0,0,4.87,4.77,4.84,5.08,VMS 2,,Tanque,,1.62,1.62,1.38,1.32,2.91,2.53,2.69,2.60
04/04/2024 11:09 p. m.,Ordeño,07:18,19.17,3,,,,,0,,1.20,1.20,1.14,0.90,0,0,0,0,5.09,5.11,5.30,5.14,VMS 2,,Tanque,,1.68,1.62,1.74,1.26,5.26,4.27,5.34,4.30
05/04/2024 02:24 p. m.,Ordeño,07:42,22.87,1,,,,,0,,1.38,1.26,1.14,1.20,0,0,0,0,4.99,5.02,5.12,5.37,VMS 2,,Tanque,,1.92,1.74,1.50,1.62,6.81,4.03,5.64,6.39
06/04/2024 02:44 a. m.,Ordeño,13:44,13.00,1,,,TD,TD,0,,1.38,1.20,1.26,0.00,0,0,0,0,4.80,4.73,4.66,0.00,VMS 2,,Tanque,,2.10,1.68,1.80,0.00,4.22,4.15,4.63,0.00
06/04/2024 05:46 p. m.,Ordeño,08:07,21.26,2,,,,,0,,1.26,1.20,1.08,1.14,0,0,0,0,5.18,5.25,5.08,5.46,VMS 2,,Tanque,,1.80,1.62,1.50,1.50,5.49,4.45,4.91,6.41
07/04/2024 07:03 a. m.,Ordeño,11:15,15.26,1,,,TD,TD,0,,1.38,1.26,1.02,0.00,0,0,0,0,4.93,4.87,4.96,0.00,VMS 2,,Tanque,,2.04,1.80,1.38,0.00,5.73,4.35,5.18,0.00
07/04/2024 04:30 p. m.,Ordeño,08:18,17.60,2,,,,,0,,1.20,1.14,1.02,1.38,0,0,0,0,4.90,4.95,4.97,5.55,VMS 2,,Tanque,,1.74,1.50,1.62,1.86,3.60,3.07,2.84,8.09
08/04/2024 06:19 a. m.,Ordeño,37:05,13.49,1,,,,,0,,1.32,1.08,1.02,1.08,0,0,0,0,4.94,5.05,4.90,5.00,VMS 2,,Tanque,,1.80,1.56,1.44,1.56,5.46,2.70,2.52,2.81
09/04/2024 01:13 a. m.,Ordeño,09:33,27.89,1,,TD,,,0,,1.44,1.26,1.08,1.20,0,0,0,0,4.68,4.95,4.97,4.89,VMS 2,,Tanque,,2.04,1.68,1.50,1.92,7.97,4.92,7.55,7.45
10/04/2024 06:36 p. m.,Ordeño,08:24,14.70,2,,,,,0,,1.26,1.08,0.96,0.96,0,0,0,0,4.49,4.62,4.63,4.57,VMS 2,,Tanque,,1.74,1.56,1.38,1.44,3.93,3.35,3.42,4.00
11/04/2024 10:24 a. m.,Ordeño,08:22,22.07,1,,,,,0,,1.32,1.38,1.08,1.14,0,0,0,0,4.79,4.89,4.79,4.76,VMS 2,,Tanque,,1.92,1.74,1.62,1.86,6.23,4.27,6.37,5.20
12/04/2024 01:05 p. m.,Ordeño,12:15,19.48,2,,,,,0,,1.14,1.14,1.02,1.08,0,0,0,0,4.66,4.70,4.86,4.94,VMS 2,,Tanque,,1.68,1.62,1.44,1.68,4.58,3.35,7.22,4.33
13/04/2024 06:25 a. m.,Ordeño,10:19,19.03,1,,"DD,TD",DD,,0,,1.32,1.20,1.26,1.08,0,0,0,0,4.91,4.64,4.63,4.85,VMS 2,,Tanque,,1.86,1.98,1.68,1.86,6.10,1.31,6.43,5.19
13/04/2024 02:21 p. m.,Ordeño,07:14,12.16,2,,,,,0,DD,1.08,1.26,0.84,0.96,0,0,0,0,4.48,4.98,4.28,4.02,VMS 2,,Tanque,,1.68,1.80,1.26,1.44,2.42,5.41,1.88,2.45
13/04/2024 08:48 p. m.,Ordeño,05:33,8.57,3,,,,,0,,1.02,0.78,0.96,0.90,0,0,0,0,4.36,4.54,4.43,4.69,VMS 2,,Tanque,,1.50,1.26,1.44,1.26,2.46,1.77,2.32,2.02
14/04/2024 05:44 a. m.,Ordeño,10:01,11.37,1,,,TI,TI,0,,1.26,1.02,0.00,1.08,0,0,0,0,4.77,4.81,0.00,4.77,VMS 2,,Tanque,,1.74,1.74,0.00,1.44,4.32,3.07,0.00,3.98
14/04/2024 04:27 p. m.,Ordeño,07:46,17.69,2,,,,,0,,1.32,1.08,1.20,1.02,0,0,0,0,4.93,4.92,5.03,4.88,VMS 2,,Tanque,,2.04,1.50,1.68,1.50,4.27,3.13,6.71,3.58
15/04/2024 04:15 a. m.,Ordeño,07:53,18.36,1,,,,,0,,1.44,1.20,1.02,1.14,0,0,0,0,4.69,4.75,4.70,4.76,VMS 2,,Tanque,,1.86,1.62,1.38,1.56,4.99,4.03,4.40,4.94
15/04/2024 02:42 p. m.,Ordeño,07:05,16.06,2,,,,,0,,1.44,1.20,1.14,1.02,0,0,0,0,4.80,4.97,4.87,4.92,VMS 2,,Tanque,,2.10,1.56,1.68,1.50,4.48,3.54,4.41,3.63
16/04/2024 01:58 a. m.,Ordeño,11:11,12.52,1,,,TD,TD,0,,1.20,1.20,1.08,0.00,0,0,0,0,4.67,4.79,4.71,0.00,VMS 2,,Tanque,,1.74,1.68,1.50,0.00,4.20,3.75,4.57,0.00
16/04/2024 09:05 a. m.,Ordeño,07:42,14.51,2,,,,,0,,1.20,1.08,1.02,1.26,0,0,0,0,4.80,4.92,4.92,4.87,VMS 2,,Tanque,,1.74,1.50,1.44,1.80,2.94,2.48,2.42,6.67
16/04/2024 06:24 p. m.,Ordeño,06:17,13.93,3,,,,,0,,1.32,1.14,0.96,1.08,0,0,0,0,4.59,4.76,4.85,4.76,VMS 2,,Tanque,,1.86,1.62,1.38,1.56,3.87,3.04,3.73,3.29
17/04/2024 05:06 a. m.,Ordeño,07:09,18.06,1,,,,,0,,1.26,1.20,1.08,1.08,0,0,0,0,4.74,5.04,4.90,5.08,VMS 2,,Tanque,,1.92,1.68,1.38,1.56,5.11,3.69,4.42,4.84
17/04/2024 04:14 p. m.,Ordeño,09:07,17.79,2,,,,,0,,1.14,1.20,1.08,1.08,0,0,0,0,4.73,4.93,4.73,4.80,VMS 2,,Tanque,,1.92,1.62,1.44,1.56,4.96,3.91,4.42,4.50
18/04/2024 01:23 a. m.,Ordeño,06:07,13.14,1,,,,,0,,1.26,1.08,1.02,1.02,0,0,0,0,4.46,4.51,4.52,4.40,VMS 2,,Tanque,,1.68,1.62,1.38,1.56,3.59,2.92,3.26,3.37
18/04/2024 02:06 p. m.,Ordeño,07:01,20.11,2,,,,,0,,1.38,1.26,1.08,1.20,0,0,0,0,4.74,4.91,4.70,4.88,VMS 2,,Tanque,,1.92,1.62,1.56,1.86,5.83,4.19,4.92,5.17
19/04/2024 12:48 a. m.,Ordeño,06:26,13.31,1,,,,,0,,1.08,1.02,1.02,0.90,0,0,0,0,4.55,4.32,4.47,4.62,VMS 2,,Tanque,,1.56,1.56,1.68,1.26,3.46,2.88,3.59,3.38
19/04/2024 08:33 a. m.,Ordeño,09:27,9.43,2,,,TD,TD,0,,1.08,1.14,0.90,0.00,0,0,0,0,4.78,4.93,4.88,0.00,VMS 2,,Tanque,,1.68,1.50,1.32,0.00,3.51,2.95,2.97,0.00
19/04/2024 03:44 p. m.,Ordeño,07:55,14.03,3,,,,,0,,1.14,0.90,0.90,1.14,0,0,0,0,4.92,4.79,4.87,5.18,VMS 2,,Tanque,,1.62,1.38,1.50,1.62,2.84,2.13,2.40,6.66
20/04/2024 12:37 a. m.,Ordeño,06:54,12.09,1,,TI,,,0,,1.14,1.08,0.84,1.08,0,0,0,0,4.78,4.64,4.72,4.74,VMS 2,,Tanque,,1.68,1.50,1.14,1.56,4.03,2.52,2.29,3.25
20/04/2024 11:12 a. m.,Ordeño,07:49,18.82,2,,,,,0,,1.32,1.26,1.14,1.08,0,0,0,0,4.76,4.92,4.83,4.92,VMS 2,,Tanque,,1.80,1.68,1.56,1.50,4.22,4.12,5.72,4.76
20/04/2024 10:41 p. m.,Ordeño,07:29,17.23,3,,,,,0,,1.32,1.14,0.90,1.08,0,0,0,0,4.69,4.80,4.72,4.56,VMS 2,,Tanque,,1.80,1.50,1.38,1.92,4.83,3.65,4.28,4.47
21/04/2024 09:48 a. m.,Ordeño,10:18,18.38,1,,,,DI,0,,0.00,1.32,1.02,1.08,0,0,0,0,0.00,4.80,4.67,4.74,VMS 2,,Tanque,,0.00,1.98,1.38,1.56,0.00,8.74,4.67,4.97
21/04/2024 11:34 p. m.,Ordeño,07:51,19.95,2,,,,,0,,1.26,1.20,1.02,1.14,0,0,0,0,4.59,4.79,4.66,4.85,VMS 2,,Tanque,,1.80,1.68,1.56,1.56,5.87,3.44,5.20,5.44
22/04/2024 07:57 a. m.,Ordeño,10:08,9.88,1,,,TD,TD,0,,1.20,1.14,0.96,0.00,0,0,0,0,4.45,4.65,4.54,0.00,VMS 2,,Tanque,,1.80,1.68,1.38,0.00,3.67,2.81,3.40,0.00
22/04/2024 08:48 p. m.,Ordeño,08:46,20.42,2,,,,,0,,1.32,1.14,0.90,1.14,0,0,0,0,4.63,4.63,4.63,4.94,VMS 2,,Tanque,,1.74,1.56,1.26,1.68,5.18,3.40,4.48,7.36
23/04/2024 06:56 a. m.,Ordeño,06:54,16.91,1,,,,,0,,1.32,1.14,1.02,1.02,0,0,0,0,4.64,4.74,4.65,4.74,VMS 2,,Tanque,,1.98,1.80,1.38,1.44,4.99,3.71,4.21,4.00
23/04/2024 01:13 p. m.,Ordeño,07:00,9.43,2,,,,,0,,1.14,1.08,0.72,0.96,0,0,0,0,4.65,4.86,4.86,4.66,VMS 2,,Tanque,,1.68,1.56,1.44,1.38,2.67,2.19,2.03,2.54
24/04/2024 12:18 a. m.,Ordeño,06:51,16.89,1,,,,,0,,1.32,1.08,1.02,1.14,0,0,0,0,4.71,4.61,4.73,4.83,VMS 2,,Tanque,,1.92,1.44,1.44,1.50,4.60,3.48,4.23,4.58
24/04/2024 10:18 a. m.,Ordeño,07:31,14.11,2,,,,,0,,1.26,1.14,0.90,1.02,0,0,0,0,4.65,4.61,4.67,4.57,VMS 2,,Tanque,,1.74,1.56,1.32,1.50,4.11,3.06,3.43,3.51
24/04/2024 09:38 p. m.,Ordeño,06:53,16.53,3,,,,,0,,1.32,1.20,0.96,1.08,0,0,0,0,4.65,4.75,4.75,4.74,VMS 2,,Tanque,,1.86,1.56,1.26,1.50,4.51,3.29,4.27,4.46
25/04/2024 08:07 a. m.,Ordeño,06:53,17.70,1,,,,,0,,1.32,1.14,0.96,1.08,0,0,0,0,4.69,4.75,4.75,4.70,VMS 2,,Tanque,,1.80,1.56,1.32,1.62,5.10,3.75,4.40,4.45
25/04/2024 03:50 p. m.,Ordeño,05:56,10.95,2,,,,,0,,1.26,0.96,0.90,1.02,0,0,0,0,4.71,4.55,4.73,4.58,VMS 2,,Tanque,,1.86,1.38,1.20,1.68,3.11,2.40,2.63,2.81
26/04/2024 01:36 a. m.,Ordeño,06:40,16.14,1,,,,,0,,1.26,1.14,0.96,1.02,0,0,0,0,4.69,4.75,4.76,4.76,VMS 2,,Tanque,,1.80,1.56,1.32,1.38,4.49,3.25,3.96,4.44
26/04/2024 10:38 a. m.,Ordeño,07:22,14.95,2,,,,,0,,1.44,1.14,1.02,1.02,0,0,0,0,4.77,4.76,4.67,4.69,VMS 2,,Tanque,,1.98,1.56,1.44,1.68,4.19,3.34,3.64,3.78
26/04/2024 10:39 p. m.,Ordeño,07:05,17.97,3,,,,,0,,1.32,1.14,0.96,0.96,0,0,0,0,4.71,4.76,4.74,4.68,VMS 2,,Tanque,,1.92,1.62,1.56,1.44,5.27,3.66,4.39,4.65
27/04/2024 06:09 a. m.,Ordeño,10:45,9.33,1,,,TD,TD,0,,1.02,1.20,0.96,0.00,0,0,0,0,4.60,4.68,4.74,0.00,VMS 2,,Tanque,,1.92,1.62,1.44,0.00,3.47,2.69,3.17,0.00
27/04/2024 10:52 a. m.,Ordeño,06:26,8.73,2,,,,,0,,0.60,0.66,0.54,1.14,0,0,0,0,4.68,4.62,4.65,4.93,VMS 2,,Tanque,,1.14,1.08,0.90,1.56,1.52,1.19,1.24,4.78
27/04/2024 06:57 p. m.,Ordeño,06:08,13.13,3,,,,,0,,1.26,1.08,0.96,1.02,0,0,0,0,4.67,4.63,4.64,4.41,VMS 2,,Tanque,,1.86,1.56,1.44,1.56,3.58,2.88,3.47,3.20
28/04/2024 10:23 p. m.,Ordeño,05:55,9.98,2,,,,,0,,1.02,1.08,0.90,0.90,0,0,0,0,4.63,4.70,4.66,4.57,VMS 2,,Tanque,,1.56,1.50,1.32,1.38,2.97,2.06,2.66,2.29
29/04/2024 06:28 a. m.,Ordeño,05:54,12.77,1,,,,,0,,0.96,1.08,0.78,0.90,0,0,0,0,4.57,4.72,4.62,4.32,VMS 2,,Tanque,,1.56,1.56,1.32,1.44,3.61,2.69,3.02,3.45
29/04/2024 05:37 p. m.,Ordeño,06:57,16.16,2,,,,,0,,1.20,1.20,1.08,1.02,0,0,0,0,4.82,5.00,4.99,4.82,VMS 2,,Tanque,,1.74,1.68,1.44,1.32,4.66,3.58,3.89,4.03
30/04/2024 12:52 a. m.,Ordeño,05:40,11.24,1,,,,,0,,0.96,0.96,0.78,0.96,0,0,0,0,4.64,4.58,4.65,4.69,VMS 2,,Tanque,,1.62,1.50,1.32,1.50,3.12,2.21,2.66,3.25
30/04/2024 11:55 a. m.,Ordeño,08:12,17.41,2,,,,,0,,1.02,1.20,1.08,1.20,0,0,0,0,4.54,4.86,4.82,5.08,VMS 2,,Tanque,,1.56,1.80,1.56,1.68,5.26,3.17,4.62,4.36
30/04/2024 09:20 p. m.,Ordeño,06:02,12.04,3,,,,,0,,1.14,1.14,1.02,1.08,0,0,0,0,4.71,4.74,4.73,4.70,VMS 2,,Tanque,,1.62,1.56,1.38,1.62,3.32,2.68,2.91,3.13
01/05/2024 05:41 a. m.,Ordeño,05:33,12.64,1,,,,,0,,1.20,1.14,1.02,1.08,0,0,0,0,4.54,4.89,4.87,4.80,VMS 2,,Tanque,,1.74,1.56,1.38,1.56,3.44,2.83,3.21,3.16
01/05/2024 04:15 p. m.,Ordeño,07:30,15.83,2,,,,,0,,1.20,1.14,0.96,1.02,0,0,0,0,4.94,4.96,4.94,5.05,VMS 2,,Tanque,,1.80,1.62,1.26,1.56,4.57,2.98,3.89,4.39
02/05/2024 04:57 a. m.,Ordeño,08:23,19.24,1,,,,,0,,1.38,1.20,0.90,1.08,0,0,0,0,4.81,4.90,4.82,4.83,VMS 2,,Tanque,,1.80,1.74,1.26,1.56,5.29,3.88,4.90,5.17
02/05/2024 03:13 p. m.,Ordeño,07:09,15.38,2,,TD,,,0,,1.20,1.20,0.90,1.14,0,0,0,0,4.95,5.04,4.94,5.05,VMS 2,,Tanque,,1.56,1.62,1.20,1.80,4.62,3.26,3.76,3.74
03/05/2024 01:05 a. m.,Ordeño,07:36,14.84,1,,,,,0,,1.14,1.14,0.78,1.02,0,0,0,0,4.74,4.77,4.75,4.76,VMS 2,,Tanque,,1.68,1.56,1.14,1.50,3.78,3.07,3.84,4.15
03/05/2024 07:51 a. m.,Ordeño,08:28,10.19,2,,TI,,,0,,0.54,1.08,1.08,1.14,0,0,0,0,4.65,4.78,4.74,4.87,VMS 2,,Tanque,,1.26,1.62,1.50,1.80,1.98,3.42,1.74,3.05
03/05/2024 08:52 p. m.,Ordeño,08:13,21.39,3,,,,,0,,1.32,1.26,1.08,1.14,0,0,0,0,4.92,5.05,5.01,4.99,VMS 2,,Tanque,,1.80,1.62,1.44,1.68,5.09,4.72,6.26,5.32
04/05/2024 08:36 a. m.,Ordeño,07:03,17.50,1,,,,,0,,1.32,1.08,0.96,1.14,0,0,0,0,4.78,4.71,4.72,4.82,VMS 2,,Tanque,,1.74,1.50,1.32,1.62,5.59,2.93,4.32,4.66
04/05/2024 04:19 p. m.,Ordeño,06:24,11.17,2,,,,,0,,1.02,0.96,0.96,1.08,0,0,0,0,4.63,4.68,4.82,4.63,VMS 2,,Tanque,,1.68,1.56,1.38,1.56,3.33,2.69,2.39,2.76
05/05/2024 07:06 a. m.,Ordeño,09:20,16.28,1,,TD,TD,,0,,1.38,1.20,1.32,0.90,0,0,0,0,4.92,4.90,4.75,4.15,VMS 2,,Tanque,,1.80,1.74,1.80,1.92,6.58,3.25,6.25,0.20
05/05/2024 04:19 p. m.,Ordeño,07:53,16.66,2,,,,,0,,1.02,1.20,1.14,1.32,0,0,0,0,4.74,4.84,4.74,5.31,VMS 2,,Tanque,,1.68,1.62,1.56,1.92,3.67,2.59,2.94,7.46
06/05/2024 04:28 a. m.,Ordeño,08:11,16.85,1,,,,,0,,1.08,1.26,1.14,1.08,0,0,0,0,4.72,4.85,4.74,4.78,VMS 2,,Tanque,,1.62,1.68,1.44,1.50,5.06,3.35,4.39,4.05
06/05/2024 01:42 p. m.,Ordeño,05:56,13.61,2,,,,,0,,1.20,1.20,1.08,1.08,0,0,0,0,4.91,5.05,4.95,5.13,VMS 2,,Tanque,,1.62,1.50,1.38,1.62,3.38,3.27,3.49,3.47
07/05/2024 02:35 a. m.,Ordeño,08:04,19.40,1,,,,,0,,1.38,1.26,1.14,1.26,0,0,0,0,4.85,4.84,4.76,4.99,VMS 2,,Tanque,,1.98,1.74,1.62,1.74,5.00,4.55,4.41,5.44
07/05/2024 10:23 a. m.,Ordeño,06:04,9.94,2,,TD,,,0,,0.84,0.96,0.96,1.08,0,0,0,0,4.59,4.62,4.77,4.85,VMS 2,,Tanque,,1.44,1.44,1.38,1.44,2.74,1.99,2.44,2.77
07/05/2024 09:00 p. m.,Ordeño,07:47,16.34,3,,,,,0,,1.08,1.20,0.90,0.96,0,0,0,0,4.65,4.74,4.84,4.72,VMS 2,,Tanque,,1.62,1.56,1.26,1.56,4.25,3.17,4.57,4.35
08/05/2024 07:09 a. m.,Ordeño,12:41,14.50,1,,,TI,,0,,1.14,1.26,1.08,1.20,0,0,0,0,4.86,4.87,4.78,4.67,VMS 2,,Tanque,,1.80,2.10,1.44,1.74,4.34,3.84,1.68,4.64
08/05/2024 03:16 p. m.,Ordeño,08:37,15.09,2,,,,,0,,1.08,1.14,1.02,0.90,0,0,0,0,4.78,4.87,5.29,4.90,VMS 2,,Tanque,,1.56,1.56,1.44,1.32,3.05,2.67,6.38,2.99
09/05/2024 01:18 a. m.,Ordeño,06:50,14.10,1,,,,,0,,1.26,1.14,0.90,1.02,0,0,0,0,4.71,4.61,4.84,4.67,VMS 2,,Tanque,,1.80,1.50,1.20,1.50,4.46,2.43,3.86,3.35
09/05/2024 09:04 a. m.,Ordeño,07:10,12.46,2,,,,,0,,1.08,1.14,1.02,1.08,0,0,0,0,4.84,4.90,4.85,4.90,VMS 2,,Tanque,,1.74,1.62,1.38,1.62,3.73,2.86,2.65,3.22
09/05/2024 09:00 p. m.,Ordeño,08:12,16.90,3,,,,,0,,1.32,1.14,0.90,1.08,0,0,0,0,4.99,4.89,4.91,4.91,VMS 2,,Tanque,,1.86,1.56,1.38,1.56,4.57,3.51,4.43,4.39
10/05/2024 07:52 a. m.,Ordeño,08:13,18.09,1,,,,,0,,1.26,1.14,1.20,1.20,0,0,0,0,4.90,4.85,4.90,5.05,VMS 2,,Tanque,,2.04,1.50,1.74,1.62,5.77,3.27,4.26,4.79
10/05/2024 02:00 p. m.,Ordeño,07:22,7.41,2,,,,,0,,0.66,1.08,1.08,0.96,0,0,0,0,4.70,4.77,5.03,4.79,VMS 2,,Tanque,,1.44,1.44,1.38,1.44,1.70,1.60,2.12,1.99
10/05/2024 11:14 p. m.,Ordeño,07:17,10.22,3,,TD,TD,,0,,1.08,1.20,1.26,1.08,0,0,0,0,4.83,4.77,4.70,4.73,VMS 2,,Tanque,,1.62,1.68,2.16,1.44,3.51,2.41,2.84,1.46
11/05/2024 08:22 a. m.,Ordeño,06:06,13.68,1,,,,,0,,1.20,0.96,1.08,1.26,0,0,0,0,4.60,4.64,4.76,5.02,VMS 2,,Tanque,,1.86,1.56,1.50,1.86,3.30,2.57,3.10,4.71
12/05/2024 03:46 a. m.,Ordeño,09:57,25.08,1,,,,,0,,1.02,1.02,0.96,1.14,0,0,0,0,4.83,4.79,4.89,4.99,VMS 2,,Tanque,,1.32,1.32,1.38,1.62,6.46,4.87,6.89,6.86
12/05/2024 12:44 p. m.,Ordeño,12:40,7.54,2,,,TD,TD,0,,0.96,0.78,0.90,0.00,0,0,0,0,4.55,4.49,4.69,0.00,VMS 2,,Tanque,,1.50,1.50,1.32,0.00,2.98,2.25,2.31,0.00
13/05/2024 02:41 a. m.,Ordeño,07:49,21.15,1,,,,,0,,1.26,1.26,1.02,1.38,0,0,0,0,4.92,4.89,4.97,5.18,VMS 2,,Tanque,,1.68,1.62,1.38,1.92,4.61,4.28,4.91,7.35
13/05/2024 10:02 a. m.,Ordeño,08:00,7.62,2,,TI,TI,,0,,0.72,0.90,0.96,0.90,0,0,0,0,4.59,4.64,4.58,4.79,VMS 2,,Tanque,,1.20,1.86,1.44,1.62,2.51,2.16,1.19,1.76
13/05/2024 07:53 p. m.,Ordeño,08:17,14.46,3,,,,,0,,1.32,1.20,1.08,1.20,0,0,0,0,4.63,4.62,4.92,5.26,VMS 2,,Tanque,,1.74,1.56,1.38,1.80,3.97,2.51,3.63,4.35
14/05/2024 06:59 a. m.,Ordeño,05:53,16.11,1,,,,,0,,1.50,1.14,1.26,1.20,0,0,0,0,5.03,4.92,5.04,5.24,VMS 2,,Tanque,,2.16,1.68,1.74,1.62,4.79,3.01,4.09,4.22
14/05/2024 06:34 p. m.,Ordeño,10:18,12.73,2,,,DI,DI,0,,0.00,0.90,0.96,1.08,0,0,0,0,0.00,4.88,4.91,5.14,VMS 2,,Tanque,,0.00,1.56,1.26,1.62,0.00,4.87,4.06,3.80
15/05/2024 03:57 a. m.,Ordeño,13:20,10.89,1,,,TD,TD,0,,1.20,1.14,1.08,0.00,0,0,0,0,4.54,4.67,4.72,0.00,VMS 2,,Tanque,,1.98,1.86,1.44,0.00,3.58,4.42,2.89,0.00
15/05/2024 12:15 p. m.,Ordeño,07:57,16.53,2,,,,,0,,1.26,0.84,1.08,1.20,0,0,0,0,4.76,4.58,4.80,5.29,VMS 2,,Tanque,,1.74,1.38,1.56,1.74,3.58,2.87,3.33,6.75
15/05/2024 10:14 p. m.,Ordeño,07:29,10.96,3,,,,,0,,1.20,1.02,1.02,0.96,0,0,0,0,4.89,4.60,4.85,4.75,VMS 2,,Tanque,,1.74,1.62,1.38,1.38,3.36,2.19,2.74,2.67
16/05/2024 09:18 a. m.,Ordeño,07:48,16.86,1,,,,,0,,1.26,1.14,1.08,1.08,0,0,0,0,5.07,4.97,5.03,5.30,VMS 2,,Tanque,,1.74,1.68,1.44,1.62,5.05,3.12,4.36,4.33
16/05/2024 04:32 p. m.,Ordeño,05:17,8.72,2,,,,,0,,1.14,1.14,1.08,1.02,0,0,0,0,4.89,4.94,4.90,4.90,VMS 2,,Tanque,,1.50,1.62,1.50,1.32,2.53,2.11,2.08,2.00
16/05/2024 11:47 p. m.,Ordeño,07:32,10.59,3,,,,,0,,0.78,1.08,1.08,1.08,0,0,0,0,4.57,4.86,5.03,4.90,VMS 2,,Tanque,,1.38,1.56,1.44,1.44,3.03,2.40,2.51,2.65
17/05/2024 11:10 a. m.,Ordeño,07:07,17.63,1,,,,,0,,1.38,1.20,1.20,1.20,0,0,0,0,5.09,4.85,5.05,5.31,VMS 2,,Tanque,,1.92,1.68,1.50,1.62,5.46,3.23,4.67,4.27
17/05/2024 11:42 p. m.,Ordeño,07:45,17.61,2,,,,,0,,1.26,1.14,0.90,1.08,0,0,0,0,4.87,4.78,4.91,5.01,VMS 2,,Tanque,,1.68,1.62,1.26,1.62,4.96,3.53,4.63,4.49
18/05/2024 11:28 a. m.,Ordeño,06:02,15.72,1,,,,,0,,1.26,1.02,1.14,1.14,0,0,0,0,4.66,4.57,4.76,5.04,VMS 2,,Tanque,,1.92,1.38,1.50,1.62,4.30,3.23,3.94,4.25
18/05/2024 09:27 p. m.,Ordeño,08:35,13.89,2,,,,,0,,1.08,1.20,1.02,1.02,0,0,0,0,4.68,4.58,4.87,4.76,VMS 2,,Tanque,,1.74,1.62,1.38,1.62,4.48,2.54,3.64,3.23
19/05/2024 08:39 a. m.,Ordeño,07:28,16.70,1,,,,,0,,1.20,1.20,1.08,1.14,0,0,0,0,4.57,4.62,4.89,4.89,VMS 2,,Tanque,,1.80,1.56,1.50,1.62,5.01,3.24,4.24,4.21
19/05/2024 09:28 p. m.,Ordeño,13:37,14.88,2,,,TI,TI,0,,1.08,1.26,0.00,1.14,0,0,0,0,4.71,4.83,0.00,4.96,VMS 2,,Tanque,,1.56,1.74,0.00,1.62,5.11,4.52,0.00,5.25
20/05/2024 05:24 a. m.,Ordeño,08:44,13.78,1,,,,TI,0,,0.84,0.90,0.00,1.32,0,0,0,0,4.59,4.66,0.00,5.25,VMS 2,,Tanque,,1.50,1.80,0.00,1.92,3.16,2.86,0.00,7.76
20/05/2024 01:32 p. m.,Ordeño,07:40,13.18,2,,TD,,,0,,1.08,1.14,1.14,1.14,0,0,0,0,4.61,4.75,4.95,5.13,VMS 2,,Tanque,,1.56,1.62,1.62,1.62,2.58,2.18,5.12,3.30
21/05/2024 12:01 a. m.,Ordeño,08:12,16.63,1,,,,,0,,1.26,1.38,1.20,0.90,0,0,0,0,4.67,4.73,4.77,4.85,VMS 2,,Tanque,,1.86,1.74,1.56,1.38,5.91,3.24,3.89,3.59
21/05/2024 12:39 p. m.,Ordeño,07:05,18.54,2,,,,,0,,1.38,1.14,1.08,1.14,0,0,0,0,5.01,4.85,5.01,5.23,VMS 2,,Tanque,,1.86,1.50,1.38,1.56,4.97,3.54,4.95,5.08
21/05/2024 09:02 p. m.,Ordeño,12:01,7.42,3,,,TD,TD,0,,0.96,0.90,0.90,0.00,0,0,0,0,4.32,4.47,4.88,0.00,VMS 2,,Tanque,,1.50,1.50,1.32,0.00,3.17,2.03,2.22,0.00
22/05/2024 07:03 a. m.,Ordeño,07:32,16.05,1,,TD,,,0,,1.26,1.02,1.08,1.14,0,0,0,0,4.51,4.54,5.01,4.57,VMS 2,,Tanque,,1.86,1.68,1.44,1.92,4.50,3.06,5.56,2.93
22/05/2024 05:21 p. m.,Ordeño,06:53,16.32,2,,DD,,,0,,1.20,0.96,1.08,1.08,0,0,0,0,4.78,4.74,4.93,4.78,VMS 2,,Tanque,,1.80,1.44,1.44,1.62,4.27,3.32,4.97,3.76
23/05/2024 01:57 a. m.,Ordeño,10:58,8.24,1,,,TD,TD,0,,1.02,1.08,1.02,0.00,0,0,0,0,4.72,4.66,4.74,0.00,VMS 2,,Tanque,,1.50,1.44,1.50,0.00,3.29,2.32,2.63,0.00
23/05/2024 10:57 a. m.,Ordeño,07:19,16.37,2,,,,,0,,1.14,1.26,1.08,1.32,0,0,0,0,4.72,4.83,5.03,5.32,VMS 2,,Tanque,,1.92,1.68,1.50,1.74,4.24,2.83,3.19,6.11
23/05/2024 09:36 p. m.,Ordeño,06:58,14.27,3,,,,,0,,1.26,1.26,1.14,1.20,0,0,0,0,4.71,4.86,4.90,4.76,VMS 2,,Tanque,,1.80,1.74,1.74,1.80,4.04,3.42,3.58,3.23
24/05/2024 08:31 a. m.,Ordeño,07:22,16.85,1,,,,,0,,1.32,1.32,1.20,1.26,0,0,0,0,4.71,4.71,4.89,5.06,VMS 2,,Tanque,,1.98,1.86,1.62,1.68,4.92,3.41,4.34,4.18
24/05/2024 08:21 p. m.,Ordeño,07:42,14.54,2,,,,,0,,1.02,1.08,1.02,1.14,0,0,0,0,4.73,4.71,4.92,5.07,VMS 2,,Tanque,,1.68,1.68,1.32,1.56,4.23,2.99,3.47,3.85
25/05/2024 02:46 a. m.,Ordeño,09:07,8.20,1,,,TD,TD,0,,1.14,1.02,1.02,0.00,0,0,0,0,4.47,4.72,4.91,0.00,VMS 2,,Tanque,,1.74,1.62,1.56,0.00,2.95,2.53,2.72,0.00
25/05/2024 09:56 a. m.,Ordeño,06:33,14.59,2,,,,,0,,1.08,1.20,1.14,1.32,0,0,0,0,4.81,4.92,4.91,5.32,VMS 2,,Tanque,,1.68,1.74,1.62,1.74,3.50,2.56,2.83,5.70
26/05/2024 12:23 p. m.,Ordeño,12:13,5.89,1,,,"DI,TI,TD","DI,TI,TD",0,,0.00,3.24,0.00,0.00,0,0,0,0,0.00,5.26,0.00,0.00,VMS 2,,Tanque,,0.00,0.70,0.00,0.00,0.00,5.89,0.00,0.00
26/05/2024 10:15 p. m.,Ordeño,11:07,37.15,2,,,,,0,TD,4.02,1.14,4.32,4.32,0,0,384,0,5.41,4.83,5.59,6.08,VMS 2,,Tanque,,0.52,2.46,0.76,0.34,9.08,3.07,11.29,13.71
27/05/2024 11:20 p. m.,Ordeño,07:39,15.76,2,,,,,0,,1.08,1.32,1.08,1.14,0,0,0,0,4.90,4.99,5.02,4.92,VMS 2,,Tanque,,1.68,1.74,1.50,1.56,4.67,3.91,3.60,3.58
28/05/2024 10:14 a. m.,Ordeño,07:23,16.54,1,,,,,0,,1.26,1.26,1.14,1.20,0,0,0,0,4.87,4.91,5.13,5.39,VMS 2,,Tanque,,1.80,1.62,1.62,1.68,4.72,3.40,4.19,4.23
28/05/2024 08:05 p. m.,Ordeño,06:47,11.67,2,,,,,0,,1.02,1.08,0.78,1.08,0,0,0,0,4.59,4.58,4.93,4.86,VMS 2,,Tanque,,1.62,1.50,1.14,1.50,3.34,2.66,2.86,2.81
29/05/2024 07:43 a. m.,Ordeño,07:30,17.30,1,,,,,0,,1.26,1.08,0.96,1.26,0,0,0,0,4.80,4.61,4.93,5.09,VMS 2,,Tanque,,1.92,1.74,1.32,1.74,5.02,3.42,4.00,4.86
29/05/2024 06:47 p. m.,Ordeño,07:07,16.08,2,,,,,0,,1.32,1.14,0.90,1.08,0,0,0,0,4.93,4.68,5.08,4.94,VMS 2,,Tanque,,1.86,1.62,1.26,1.68,4.81,3.25,4.19,3.83
30/05/2024 07:35 a. m.,Ordeño,08:04,19.22,1,,,,,0,,1.44,1.26,0.90,1.14,0,0,0,0,4.85,4.69,4.92,4.90,VMS 2,,Tanque,,1.92,1.68,1.20,1.56,5.44,4.04,4.85,4.89
30/05/2024 03:42 p. m.,Ordeño,06:25,11.84,2,,,,,0,,1.14,1.26,0.96,1.02,0,0,0,0,4.57,4.87,4.93,4.85,VMS 2,,Tanque,,1.50,1.80,1.32,1.56,3.55,2.85,2.49,2.95
30/05/2024 11:59 p. m.,Ordeño,05:08,11.02,1,,,,,0,,1.44,1.14,1.02,1.02,0,0,0,0,4.45,4.48,4.84,4.71,VMS 2,,Tanque,,2.22,1.62,1.44,1.44,3.17,2.29,2.69,2.87
31/05/2024 08:29 a. m.,Ordeño,06:45,13.70,2,,,,,0,,1.32,1.20,1.14,1.14,0,0,0,0,4.63,4.70,4.99,5.04,VMS 2,,Tanque,,1.98,1.74,1.68,1.74,4.23,2.54,3.39,3.54
31/05/2024 03:32 p. m.,Ordeño,08:38,7.94,3,,,TD,TD,0,,1.08,1.14,1.02,0.00,0,0,0,0,4.71,4.76,4.93,0.00,VMS 2,,Tanque,,1.74,1.62,1.56,0.00,3.03,2.21,2.70,0.00
01/06/2024 01:14 a. m.,Ordeño,07:54,16.98,1,,,,,0,,1.20,1.20,1.08,1.20,0,0,0,0,4.65,4.62,4.76,5.21,VMS 2,,Tanque,,1.68,1.62,1.62,1.62,4.01,2.94,3.43,6.60
01/06/2024 02:59 p. m.,Ordeño,07:31,21.74,2,,,,,0,,1.56,1.32,1.14,1.14,0,0,0,0,4.90,5.03,4.97,5.07,VMS 2,,Tanque,,2.04,1.68,1.62,1.56,6.73,4.77,5.39,4.85
02/06/2024 02:48 a. m.,Ordeño,07:32,16.55,1,,,,,0,,1.32,1.14,1.02,1.08,0,0,0,0,4.53,4.52,4.74,4.69,VMS 2,,Tanque,,1.86,1.68,1.44,1.68,5.04,3.25,4.04,4.22
02/06/2024 12:43 p. m.,Ordeño,11:23,14.14,2,,,,TD,0,TI,0.78,1.20,1.08,0.00,0,0,0,0,3.57,4.69,5.02,0.00,VMS 2,,Tanque,,1.44,1.62,1.92,0.00,4.62,3.52,6.00,0.00
02/06/2024 10:42 p. m.,Ordeño,07:48,15.65,3,,,,,0,,0.96,1.14,0.96,1.02,0,0,0,0,4.45,4.58,4.90,4.63,VMS 2,,Tanque,,1.98,1.56,1.32,1.44,4.47,2.87,4.86,3.45
03/06/2024 07:12 a. m.,Ordeño,09:16,8.16,1,,,TD,TD,0,,0.60,1.14,0.96,0.00,0,0,0,0,4.41,4.44,4.57,0.00,VMS 2,,Tanque,,1.74,1.68,1.38,0.00,2.63,2.58,2.95,0.00
03/06/2024 03:35 p. m.,Ordeño,07:54,16.62,2,,TD,,,0,,1.14,1.14,1.20,0.96,0,0,0,0,4.99,4.58,5.02,4.77,VMS 2,,Tanque,,1.68,1.68,1.62,1.38,4.11,3.02,6.44,3.05
03/06/2024 10:47 p. m.,Ordeño,07:32,10.75,3,,,,,0,,1.02,1.02,0.90,0.90,0,0,0,0,4.55,4.40,4.68,4.52,VMS 2,,Tanque,,1.50,1.44,1.20,1.62,3.21,2.43,2.69,2.42
04/06/2024 02:03 p. m.,Ordeño,08:16,21.49,1,,,,,0,,1.20,1.20,1.02,1.14,0,0,0,0,4.93,4.90,5.07,5.12,VMS 2,,Tanque,,1.68,1.62,1.50,1.50,6.49,4.00,5.50,5.50
04/06/2024 11:18 p. m.,Ordeño,06:13,12.48,2,,,,,0,,1.14,1.02,0.90,1.02,0,0,0,0,4.59,4.49,4.72,4.49,VMS 2,,Tanque,,1.62,1.62,1.32,1.56,3.69,2.63,3.03,3.13
05/06/2024 08:47 a. m.,Ordeño,06:51,13.10,1,,,,,0,,1.26,1.08,1.08,0.90,0,0,0,0,4.72,4.57,4.63,4.91,VMS 2,,Tanque,,1.74,1.56,1.68,1.32,3.83,2.63,3.43,3.21
05/06/2024 06:37 p. m.,Ordeño,09:11,10.25,2,,DD,TI,,0,,1.08,1.20,0.96,0.90,0,0,0,0,4.73,4.57,4.87,4.61,VMS 2,,Tanque,,1.62,1.68,1.38,1.56,4.18,1.96,1.79,2.32
05/06/2024 11:17 p. m.,Ordeño,07:07,10.72,3,,,,,0,,0.90,1.08,0.78,1.08,0,0,0,0,4.58,4.71,4.65,4.88,VMS 2,,Tanque,,1.62,1.50,1.26,1.44,2.31,2.27,1.61,4.53
06/06/2024 10:09 a. m.,Ordeño,07:33,16.68,1,,,,,0,,1.20,1.20,1.02,1.02,0,0,0,0,5.00,5.00,5.05,4.92,VMS 2,,Tanque,,1.62,1.74,1.44,1.56,4.94,3.41,4.26,4.07
06/06/2024 10:35 p. m.,Ordeño,07:10,16.27,2,,,,,0,,1.20,1.14,0.90,0.96,0,0,0,0,4.74,4.59,4.77,4.59,VMS 2,,Tanque,,1.74,1.62,1.26,1.50,4.97,3.29,4.00,4.01
07/06/2024 01:36 p. m.,Ordeño,08:07,20.68,1,,,,,0,,1.26,1.26,1.08,1.14,0,0,0,0,4.89,4.96,4.97,5.08,VMS 2,,Tanque,,1.74,1.68,1.44,1.62,6.52,3.59,5.34,5.23
07/06/2024 08:39 p. m.,Ordeño,05:39,9.67,2,,,,,0,,1.08,1.02,0.84,0.90,0,0,0,0,4.62,4.41,4.63,4.55,VMS 2,,Tanque,,1.62,1.50,1.14,1.50,3.00,1.97,2.29,2.41
08/06/2024 06:01 a. m.,Ordeño,08:47,10.64,1,,,TD,TD,0,,1.20,1.08,0.96,0.00,0,0,0,0,4.61,4.37,4.69,0.00,VMS 2,,Tanque,,1.86,1.62,1.32,0.00,4.30,2.90,3.44,0.00
08/06/2024 03:06 p. m.,Ordeño,08:24,16.75,2,,,,,0,,1.20,1.08,0.96,1.20,0,0,0,0,4.61,4.56,4.70,5.22,VMS 2,,Tanque,,1.68,1.68,1.32,1.56,3.94,2.62,3.16,7.03
08/06/2024 10:22 p. m.,Ordeño,10:04,7.79,3,,,TD,TD,0,,1.14,1.08,0.90,0.00,0,0,0,0,4.67,4.57,4.70,0.00,VMS 2,,Tanque,,1.62,1.50,1.32,0.00,3.10,2.16,2.53,0.00
09/06/2024 08:58 a. m.,Ordeño,09:38,17.58,1,,,,,0,,1.26,1.14,1.08,1.14,0,0,0,0,4.69,4.55,4.72,4.66,VMS 2,,Tanque,,1.68,1.68,1.56,1.62,5.03,3.29,4.11,5.15
09/06/2024 11:06 p. m.,Ordeño,08:06,19.75,2,,,,,0,,1.32,1.20,0.96,1.08,0,0,0,0,4.86,4.91,4.92,4.94,VMS 2,,Tanque,,1.80,1.68,1.32,1.68,6.07,4.20,4.94,4.54
10/06/2024 12:46 p. m.,Ordeño,07:51,18.86,1,,,,,0,,1.26,1.32,1.20,1.08,0,0,0,0,4.50,4.58,4.79,4.62,VMS 2,,Tanque,,1.92,1.74,1.74,1.44,3.82,5.54,4.93,4.57
10/06/2024 11:03 p. m.,Ordeño,07:39,12.72,2,,,,,0,,1.14,1.02,1.14,0.90,0,0,0,0,4.63,4.48,4.54,4.65,VMS 2,,Tanque,,1.62,1.50,1.62,1.26,3.94,2.96,2.72,3.10
11/06/2024 08:31 a. m.,Ordeño,06:30,11.89,1,,,,,0,,1.14,1.08,0.84,1.08,0,0,0,0,4.56,4.44,4.60,4.56,VMS 2,,Tanque,,1.74,1.56,1.38,1.56,3.45,2.55,2.89,3.00
11/06/2024 06:38 p. m.,Ordeño,07:10,14.66,2,,,,,0,,1.20,1.20,0.90,0.96,0,0,0,0,4.57,4.57,4.72,4.76,VMS 2,,Tanque,,1.74,1.62,1.32,1.32,4.18,3.29,3.58,3.61
12/06/2024 02:33 a. m.,Ordeño,07:58,11.72,1,,,,,0,,1.14,1.14,0.90,0.90,0,0,0,0,4.58,4.56,4.75,4.60,VMS 2,,Tanque,,1.68,1.62,1.32,1.50,3.52,2.68,2.75,2.77
12/06/2024 09:37 a. m.,Ordeño,06:15,10.57,2,,,,,0,,1.14,1.20,0.96,0.84,0,0,0,0,4.59,4.63,4.80,4.81,VMS 2,,Tanque,,1.68,1.56,1.44,1.26,3.04,2.32,2.67,2.54
12/06/2024 06:11 p. m.,Ordeño,07:17,12.83,3,,,,,0,,1.08,1.14,0.90,0.90,0,0,0,0,4.69,4.56,4.78,4.53,VMS 2,,Tanque,,1.56,1.56,1.32,1.38,4.11,2.64,3.01,3.07
13/06/2024 02:57 a. m.,Ordeño,06:35,12.86,1,,,,,0,,1.20,1.20,0.90,0.96,0,0,0,0,4.43,4.33,4.55,4.51,VMS 2,,Tanque,,1.98,1.62,1.32,1.38,3.93,2.75,3.02,3.16
13/06/2024 01:05 p. m.,Ordeño,08:55,16.94,2,,,,,0,,1.32,1.20,1.02,1.02,0,0,0,0,4.73,4.54,4.82,4.74,VMS 2,,Tanque,,1.86,1.68,1.44,1.62,5.02,3.49,4.29,4.14
13/06/2024 08:35 p. m.,Ordeño,07:30,9.70,3,,,,,0,,1.14,1.14,0.90,0.84,0,0,0,0,4.71,4.59,4.40,4.80,VMS 2,,Tanque,,1.68,1.62,1.68,1.32,3.01,2.18,2.17,2.34
14/06/2024 05:07 a. m.,Ordeño,07:10,11.84,1,,,,,0,,1.32,1.08,0.90,1.02,0,0,0,0,4.54,4.30,4.60,4.45,VMS 2,,Tanque,,1.98,1.56,1.32,1.68,3.28,2.70,2.96,2.90
14/06/2024 02:35 p. m.,Ordeño,06:09,14.31,2,,,,,0,,1.32,1.20,1.02,1.02,0,0,0,0,4.60,4.62,4.79,4.76,VMS 2,,Tanque,,1.80,1.62,1.44,1.50,3.86,3.39,3.45,3.61
14/06/2024 11:01 p. m.,Ordeño,06:27,12.57,3,,,,,0,,1.26,1.08,0.90,1.02,0,0,0,0,4.44,4.36,4.56,4.67,VMS 2,,Tanque,,1.98,1.62,1.32,1.50,3.77,2.69,2.98,3.13
15/06/2024 10:04 a. m.,Ordeño,11:00,10.96,1,,,TD,TD,0,,1.20,1.20,1.02,0.00,0,0,0,0,4.49,4.43,4.59,0.00,VMS 2,,Tanque,,1.68,1.80,1.44,0.00,2.44,4.62,3.90,0.00
15/06/2024 09:05 p. m.,Ordeño,08:59,19.94,2,,TI,,,0,,1.32,1.26,0.96,1.32,0,0,0,0,4.42,4.63,4.56,5.08,VMS 2,,Tanque,,1.86,1.68,1.62,1.86,4.86,3.84,3.33,7.91
16/06/2024 04:17 a. m.,Ordeño,07:14,11.20,1,,,,,0,,1.14,1.32,0.96,1.08,0,0,0,0,4.17,4.43,4.66,4.56,VMS 2,,Tanque,,1.86,1.92,1.38,1.86,3.49,2.02,3.25,2.44
16/06/2024 01:36 p. m.,Ordeño,07:27,13.82,2,,,,,0,,1.20,1.32,0.96,1.14,0,0,0,0,4.58,4.68,4.59,4.71,VMS 2,,Tanque,,1.56,1.86,1.38,1.74,4.25,2.82,3.33,3.42
16/06/2024 11:32 p. m.,Ordeño,07:40,13.96,3,,,,,0,,1.08,1.14,0.90,1.14,0,0,0,0,4.45,4.32,4.60,4.59,VMS 2,,Tanque,,1.68,1.68,1.26,1.62,4.21,2.75,3.63,3.37
17/06/2024 10:34 a. m.,Ordeño,07:45,17.15,1,,TI,,,0,,1.26,1.26,1.14,1.20,0,0,0,0,4.52,4.53,4.55,4.83,VMS 2,,Tanque,,1.74,1.68,1.80,1.62,4.68,3.68,3.68,5.11
17/06/2024 08:23 p. m.,Ordeño,07:32,14.40,2,,,,,0,,1.08,1.20,1.02,0.96,0,0,0,0,4.45,4.46,4.50,4.70,VMS 2,,Tanque,,1.68,1.62,1.86,1.44,4.24,2.89,3.38,3.89
18/06/2024 03:31 a. m.,Ordeño,07:32,7.91,1,,TD,TI,,0,,1.14,1.20,0.48,1.14,0,0,393,0,4.41,4.32,4.42,4.21,VMS 2,,Tanque,,1.74,1.98,1.02,1.86,3.05,2.19,0.85,1.82
18/06/2024 01:36 p. m.,Ordeño,08:14,18.08,2,,,,,0,,1.32,1.20,1.08,1.38,0,0,0,0,4.65,4.51,4.77,5.09,VMS 2,,Tanque,,1.80,1.68,1.50,1.98,4.15,2.96,3.65,7.32
18/06/2024 11:47 p. m.,Ordeño,10:27,11.01,3,,TD,TI,,0,,1.20,1.32,0.90,1.26,0,0,0,0,4.51,4.45,4.60,4.39,VMS 2,,Tanque,,1.80,2.28,1.50,1.80,4.15,2.91,1.17,2.78
19/06/2024 07:12 a. m.,Ordeño,07:13,13.91,1,,,,,0,TD,1.14,1.14,0.96,1.20,0,0,0,0,4.39,4.40,4.46,5.37,VMS 2,,Tanque,,1.80,1.56,1.26,1.62,3.39,2.18,2.30,6.04
19/06/2024 04:56 p. m.,Ordeño,07:47,14.55,2,,,,,0,,1.26,1.38,0.96,1.08,0,0,0,0,4.73,4.76,4.81,4.93,VMS 2,,Tanque,,1.74,1.74,1.44,1.56,4.31,3.02,3.66,3.56
20/06/2024 01:40 a. m.,Ordeño,09:10,12.22,1,,,,,0,,1.26,1.32,1.08,1.08,0,0,0,0,4.61,4.73,4.81,4.87,VMS 2,,Tanque,,1.74,1.74,1.50,1.50,3.57,2.61,3.13,2.91
20/06/2024 08:34 a. m.,Ordeño,05:14,10.33,2,,,,,0,,1.38,1.20,1.02,1.02,0,0,0,0,4.63,4.51,4.57,4.58,VMS 2,,Tanque,,1.92,1.74,1.38,1.44,3.29,2.31,2.44,2.29
20/06/2024 06:34 p. m.,Ordeño,13:34,7.48,3,,,"DD,TD","DD,TD",0,,1.20,0.00,1.08,0.00,0,0,0,0,4.49,0.00,4.63,0.00,VMS 2,,Tanque,,1.92,0.00,1.56,0.00,3.75,0.00,3.73,0.00
21/06/2024 08:20 a. m.,Ordeño,08:24,22.00,1,,,,,0,TD,1.50,1.38,1.20,1.38,0,0,0,0,4.68,4.72,4.79,5.78,VMS 2,,Tanque,,2.04,1.80,1.50,1.86,5.30,3.70,5.28,7.72
21/06/2024 09:04 p. m.,Ordeño,13:55,8.81,2,,,"DD,TD","DD,TD",0,,1.32,0.00,1.08,0.00,0,0,0,0,4.36,0.00,4.61,0.00,VMS 2,,Tanque,,1.92,0.00,1.56,0.00,4.47,0.00,4.34,0.00
21/06/2024 11:16 p. m.,Ordeño,16:48,2.70,3,,,"DI,TD","DI,TI,TD",0,,0.36,1.38,0.06,0.00,0,0,0,0,2.48,4.61,0.00,0.00,VMS 2,,Tanque,,0.54,1.80,0.12,0.00,0.13,2.52,0.05,0.00
22/06/2024 10:03 a. m.,Ordeño,08:48,21.30,1,,,,,0,,1.44,1.38,1.14,1.14,0,0,0,0,4.65,4.55,4.68,4.95,VMS 2,,Tanque,,1.98,1.86,1.62,1.62,6.36,4.44,4.93,5.57
22/06/2024 05:42 p. m.,Ordeño,08:56,7.29,2,,,TD,TD,0,,0.90,1.08,0.96,0.00,0,0,0,0,4.50,4.55,4.59,0.00,VMS 2,,Tanque,,1.44,1.86,1.38,0.00,2.99,1.96,2.34,0.00
23/06/2024 12:06 p. m.,Ordeño,08:36,25.89,1,,,,,0,,1.38,1.44,1.32,1.32,0,0,0,0,4.72,4.68,4.86,5.31,VMS 2,,Tanque,,2.34,2.10,1.68,1.74,7.64,4.55,7.22,6.48
23/06/2024 08:53 p. m.,Ordeño,08:31,11.61,2,,,,,0,,1.32,1.26,1.08,1.02,0,0,0,0,4.68,4.55,4.40,4.53,VMS 2,,Tanque,,1.74,1.68,1.62,1.74,3.50,2.84,2.79,2.48
24/06/2024 04:43 a. m.,Ordeño,05:42,11.54,1,,,,,0,,1.20,1.14,1.02,1.08,0,0,0,0,4.49,4.40,4.66,4.67,VMS 2,,Tanque,,1.74,1.68,1.50,1.62,3.65,2.46,2.91,2.52
24/06/2024 11:47 a. m.,Ordeño,06:21,10.38,2,,,,,0,,1.20,1.14,1.02,1.02,0,0,0,0,4.57,4.61,4.78,5.00,VMS 2,,Tanque,,1.68,1.74,1.38,1.62,2.87,2.27,2.63,2.61
24/06/2024 10:35 p. m.,Ordeño,06:17,13.69,3,,,,,0,,1.26,1.14,1.08,1.02,0,0,0,0,4.59,4.37,4.58,4.81,VMS 2,,Tanque,,1.74,1.62,1.44,1.56,4.14,2.85,3.36,3.34
25/06/2024 10:05 a. m.,Ordeño,06:47,17.08,1,,,,,0,,1.38,1.26,1.14,1.08,0,0,0,0,4.84,4.74,5.42,4.96,VMS 2,,Tanque,,1.86,1.74,1.86,1.50,4.86,3.23,4.39,4.60
25/06/2024 06:27 p. m.,Ordeño,07:34,5.22,2,,DI,"DI,TD",TD,0,,0.90,1.08,1.02,0.00,0,0,0,0,3.89,4.75,4.82,0.00,VMS 2,,Tanque,,1.62,1.68,1.32,0.00,0.38,2.25,2.59,0.00
26/06/2024 01:12 a. m.,Ordeño,08:31,13.76,1,,,,,0,TD,1.44,1.20,0.96,1.14,0,0,0,0,4.78,4.31,4.56,5.18,VMS 2,,Tanque,,2.04,1.92,1.32,1.98,5.44,1.78,2.26,4.28
26/06/2024 08:40 a. m.,Ordeño,06:15,10.28,2,,,,,0,,1.32,1.08,1.02,1.14,0,0,0,0,4.73,4.50,4.68,4.51,VMS 2,,Tanque,,1.86,1.62,1.44,1.92,3.13,2.31,2.70,2.14
26/06/2024 06:56 p. m.,Ordeño,08:38,11.42,3,,TD,TD,,0,,1.26,1.32,0.96,0.78,0,0,0,0,4.58,4.63,4.70,4.82,VMS 2,,Tanque,,1.98,1.74,1.32,1.62,4.34,3.15,3.64,0.29
27/06/2024 06:10 a. m.,Ordeño,08:07,13.37,1,,,TD,TD,0,,1.44,1.38,1.14,0.00,0,0,0,0,4.85,4.76,4.97,0.00,VMS 2,,Tanque,,2.04,1.80,1.68,0.00,5.37,3.46,4.54,0.00
27/06/2024 02:53 p. m.,Ordeño,07:25,14.75,2,,,,,0,TD,1.26,1.20,1.02,1.32,0,0,0,0,4.73,4.62,4.77,5.51,VMS 2,,Tanque,,1.86,1.62,1.38,1.86,2.94,2.25,2.71,6.85
28/06/2024 12:49 a. m.,Ordeño,10:22,10.12,1,,,TD,TD,0,,1.26,1.20,1.02,0.00,0,0,0,0,4.61,4.65,4.88,0.00,VMS 2,,Tanque,,1.68,1.86,1.50,0.00,3.56,3.05,3.51,0.00
28/06/2024 10:12 a. m.,Ordeño,06:57,14.73,2,,,,,0,,1.26,1.02,0.96,1.20,0,0,0,0,4.87,4.70,4.71,5.29,VMS 2,,Tanque,,1.92,1.68,1.50,1.68,3.72,2.60,3.07,5.34
28/06/2024 05:27 p. m.,Ordeño,06:44,8.14,3,,,,,0,"DI,TI",1.14,1.02,0.84,0.90,0,0,0,0,4.68,4.30,4.67,3.76,VMS 2,,Tanque,,1.68,1.68,1.32,1.62,2.70,1.90,2.24,1.30
29/06/2024 02:35 a. m.,Ordeño,06:15,13.41,1,,,,,0,,1.38,1.26,1.02,1.08,0,0,0,0,4.76,4.67,0.00,4.97,VMS 2,,Tanque,,1.86,1.74,1.44,1.86,3.89,2.87,3.42,3.23
29/06/2024 01:28 p. m.,Ordeño,06:47,14.92,2,,,,,0,,1.26,1.20,1.20,1.08,0,0,0,0,4.87,4.62,4.85,0.00,VMS 2,,Tanque,,1.86,1.92,1.74,1.50,5.04,2.70,3.13,4.05
30/06/2024 07:44 a. m.,Ordeño,08:04,21.55,1,,,,,0,,1.38,1.26,1.20,1.20,0,0,0,0,4.74,4.60,0.00,5.26,VMS 2,,Tanque,,1.92,1.74,1.62,1.68,5.71,3.52,6.28,6.04
30/06/2024 05:59 p. m.,Ordeño,07:45,10.58,2,,,TI,,0,,1.32,1.14,0.54,0.96,0,0,0,0,4.53,4.48,0.00,4.37,VMS 2,,Tanque,,2.04,1.74,0.96,1.44,3.76,3.21,0.44,3.17
01/07/2024 12:47 a. m.,Ordeño,06:47,11.45,1,,,,,0,TD,1.14,1.02,0.90,1.14,0,0,0,0,4.40,4.34,0.00,5.17,VMS 2,,Tanque,,1.68,1.50,1.26,1.56,2.32,1.99,1.95,5.19
01/07/2024 10:47 a. m.,Ordeño,06:04,14.22,2,,,,,0,,1.44,1.20,1.08,0.96,0,0,0,0,4.68,4.52,0.00,4.73,VMS 2,,Tanque,,1.92,1.62,1.56,1.38,3.99,3.45,3.78,3.00
01/07/2024 09:09 p. m.,Ordeño,06:03,12.11,3,,,,,0,,1.20,1.02,1.08,1.14,0,0,0,0,4.63,4.03,0.00,4.88,VMS 2,,Tanque,,1.68,1.56,1.44,1.50,3.63,2.30,3.12,3.06
02/07/2024 08:25 a. m.,Ordeño,08:52,11.39,1,,,TD,TD,0,,1.20,1.14,1.14,0.00,0,0,0,0,4.65,4.37,0.00,0.00,VMS 2,,Tanque,,1.80,1.68,1.56,0.00,4.55,2.97,3.87,0.00
02/07/2024 02:12 p. m.,Ordeño,07:26,10.47,2,,,,,0,TI,0.84,0.96,1.26,0.84,0,0,0,0,4.18,4.38,5.22,0.00,VMS 2,,Tanque,,1.50,1.56,1.74,1.26,1.87,1.36,5.73,1.51
02/07/2024 10:32 p. m.,Ordeño,08:19,9.46,3,,,TI,TI,0,,1.20,1.14,0.00,1.14,0,0,0,0,4.52,4.21,0.00,4.22,VMS 2,,Tanque,,1.68,1.68,0.00,1.80,3.53,2.59,0.00,3.34
03/07/2024 09:03 a. m.,Ordeño,07:14,16.16,1,,,,,0,,1.32,1.26,1.14,1.20,0,0,0,0,4.75,4.61,0.00,5.22,VMS 2,,Tanque,,2.04,1.86,1.56,1.74,4.06,2.76,3.75,5.59
03/07/2024 04:15 p. m.,Ordeño,08:00,6.08,2,,,TD,TD,0,,0.96,0.90,0.96,0.00,0,0,0,0,4.76,4.33,0.00,0.00,VMS 2,,Tanque,,1.68,1.38,1.32,0.00,2.39,1.68,2.01,0.00
03/07/2024 08:51 p. m.,Ordeño,12:46,3.92,3,,,"DI,TD",TD,0,,0.78,0.60,1.02,0.00,0,0,0,0,3.95,3.95,0.00,0.00,VMS 2,,Tanque,,1.44,1.08,1.44,0.00,0.38,0.87,2.67,0.00
04/07/2024 09:24 a. m.,Ordeño,08:59,20.98,1,,,,,0,,1.38,1.20,1.08,1.08,0,0,0,0,4.97,4.83,0.00,5.36,VMS 2,,Tanque,,2.10,1.68,1.50,1.50,5.84,3.61,6.50,5.03
04/07/2024 05:48 p. m.,Ordeño,06:31,10.94,2,,,,,0,,1.26,1.08,0.90,0.90,0,0,0,0,4.83,4.67,0.00,4.69,VMS 2,,Tanque,,1.74,1.50,1.32,1.50,3.25,2.58,2.52,2.59
05/07/2024 05:22 a. m.,Ordeño,07:04,14.60,1,,,,,0,,1.20,1.20,1.02,1.08,0,0,0,0,4.91,4.46,4.60,0.00,VMS 2,,Tanque,,1.62,1.68,1.56,1.44,4.47,3.35,3.23,3.55
05/07/2024 10:18 p. m.,Ordeño,09:14,7.61,3,,TD,TD,TD,0,,1.02,1.14,0.90,0.66,0,0,0,0,4.65,4.45,0.00,3.82,VMS 2,,Tanque,,1.50,1.68,1.38,1.08,2.75,2.10,2.65,0.11
06/07/2024 05:42 a. m.,Ordeño,07:45,13.37,1,,,,,0,TD,1.08,1.20,0.96,1.14,0,0,0,0,4.48,4.46,0.00,5.17,VMS 2,,Tanque,,1.68,1.68,1.38,1.62,3.15,2.48,2.55,5.19
06/07/2024 12:24 p. m.,Ordeño,06:15,9.05,2,,,,,0,,0.90,1.20,1.02,0.90,0,0,0,0,4.60,4.60,0.00,4.49,VMS 2,,Tanque,,1.50,1.62,1.44,1.38,2.68,2.11,2.38,1.88
07/07/2024 12:26 a. m.,Ordeño,08:19,17.65,1,,,,,0,,1.32,1.26,1.14,1.20,0,0,0,0,4.51,4.59,0.00,4.96,VMS 2,,Tanque,,1.98,1.74,1.56,1.56,4.37,3.45,4.95,4.88
07/07/2024 09:24 a. m.,Ordeño,06:00,12.01,2,,,,,0,,1.20,1.14,1.08,1.08,0,0,0,0,4.72,4.45,0.00,4.56,VMS 2,,Tanque,,1.74,1.62,1.44,1.56,3.65,2.61,3.11,2.64
07/07/2024 06:47 p. m.,Ordeño,06:13,12.29,3,,,,,0,,1.14,1.14,1.02,0.96,0,0,0,0,4.58,4.32,0.00,4.76,VMS 2,,Tanque,,1.62,1.62,1.50,1.68,3.40,2.48,3.21,3.20
08/07/2024 01:32 a. m.,Ordeño,05:44,8.34,1,,,,,0,,0.96,0.96,0.90,0.96,0,0,0,0,4.40,4.27,0.00,4.10,VMS 2,,Tanque,,1.44,1.44,1.38,1.68,2.44,1.80,1.94,2.16
08/07/2024 09:56 a. m.,Ordeño,06:40,12.93,2,,,,,0,,1.32,1.32,1.02,1.08,0,0,0,0,4.67,4.51,0.00,4.85,VMS 2,,Tanque,,1.68,1.74,1.44,1.50,3.29,2.90,3.41,3.33
08/07/2024 05:02 p. m.,Ordeño,05:45,8.64,3,,,,,0,,1.02,1.14,0.96,0.90,0,0,0,0,4.63,4.47,0.00,4.60,VMS 2,,Tanque,,1.44,1.56,1.44,1.44,2.37,1.98,2.26,2.03
09/07/2024 08:03 a. m.,Ordeño,07:17,20.31,1,,,,,0,,1.32,1.26,1.20,1.14,0,0,0,0,4.80,4.64,0.00,5.13,VMS 2,,Tanque,,1.80,1.68,1.56,1.62,5.80,3.54,5.70,5.27
09/07/2024 04:41 p. m.,Ordeño,10:41,6.87,2,,,TD,TD,0,,1.08,0.96,0.96,0.00,0,0,0,0,4.68,4.45,0.00,0.00,VMS 2,,Tanque,,1.56,1.68,1.56,0.00,2.64,2.13,2.10,0.00
10/07/2024 01:08 a. m.,Ordeño,06:42,13.22,1,,,,,0,,1.14,1.14,1.20,1.08,0,0,0,0,4.49,4.26,0.00,4.36,VMS 2,,Tanque,,1.56,1.56,1.68,1.68,3.32,2.33,4.99,2.58
10/07/2024 09:53 a. m.,Ordeño,08:07,12.44,2,,,,,0,,1.08,1.14,1.08,0.96,0,0,0,0,4.73,4.65,4.74,0.00,VMS 2,,Tanque,,1.50,1.56,1.62,1.44,3.51,2.49,3.32,3.12
10/07/2024 06:37 p. m.,Ordeño,06:00,12.47,3,,,,,0,,1.26,1.20,1.02,1.08,0,0,0,0,4.68,4.44,0.00,4.73,VMS 2,,Tanque,,1.62,1.74,1.44,1.74,3.72,2.54,3.01,3.20
11/07/2024 02:18 a. m.,Ordeño,05:13,11.09,1,,,,,0,,1.44,1.20,1.08,1.08,0,0,0,0,4.54,4.37,0.00,4.53,VMS 2,,Tanque,,1.92,1.74,1.44,1.62,2.80,2.47,2.99,2.83
11/07/2024 09:49 a. m.,Ordeño,06:32,10.83,2,,,,,0,,1.02,1.14,1.08,1.14,0,0,0,0,4.59,4.58,0.00,4.52,VMS 2,,Tanque,,1.50,1.56,1.50,1.68,3.15,2.37,2.67,2.64
11/07/2024 06:58 p. m.,Ordeño,06:18,12.68,3,,,,,0,,1.08,1.20,1.14,1.08,0,0,0,0,4.44,4.65,4.51,4.90,VMS 3,,Tanque,,1.56,1.68,1.62,1.38,3.41,2.82,3.28,3.17
12/07/2024 05:52 a. m.,Ordeño,10:01,16.58,1,,,,,0,,1.26,1.50,1.32,0.96,0,0,0,0,4.57,4.64,4.45,4.64,VMS 3,,Tanque,,1.92,2.04,1.80,1.44,4.41,3.67,4.35,4.15
12/07/2024 01:58 p. m.,Ordeño,05:42,10.20,2,,,,,0,,1.26,1.26,1.26,1.08,0,0,0,0,4.70,4.57,4.52,4.50,VMS 3,,Tanque,,1.92,1.74,1.74,1.80,2.97,2.32,2.86,2.05
12/07/2024 09:59 p. m.,Ordeño,06:04,11.06,3,,,,,0,,1.20,1.08,1.14,1.02,0,0,0,0,4.37,4.39,4.46,4.54,VMS 3,,Tanque,,1.62,1.62,1.56,1.44,3.16,2.17,2.94,2.79
13/07/2024 04:39 a. m.,Ordeño,06:27,10.14,1,,,,,0,,1.20,1.20,1.14,1.08,0,0,0,0,4.43,4.38,4.35,4.39,VMS 3,,Tanque,,1.68,1.86,1.56,1.50,2.97,2.06,2.82,2.29
13/07/2024 01:05 p. m.,Ordeño,05:26,11.99,2,,,,,0,,1.32,1.20,1.32,1.14,0,0,0,0,4.67,4.51,4.47,4.50,VMS 3,,Tanque,,1.80,1.74,1.68,1.80,3.15,2.76,3.27,2.81
13/07/2024 08:08 p. m.,Ordeño,05:31,10.27,3,,,,,0,,1.20,1.14,1.08,1.14,0,0,0,0,4.34,4.50,4.39,4.66,VMS 3,,Tanque,,1.80,1.62,1.44,1.74,2.74,2.34,2.75,2.44
14/07/2024 05:24 a. m.,Ordeño,06:52,14.45,1,,,,,0,,1.50,1.32,1.32,1.20,0,0,0,0,4.67,4.58,4.45,4.66,VMS 3,,Tanque,,1.98,1.80,1.68,1.50,3.66,3.28,4.07,3.44
14/07/2024 01:16 p. m.,Ordeño,06:30,11.41,2,,,,,0,,1.38,1.26,1.20,1.08,0,339,0,0,4.28,4.44,4.39,4.51,VMS 3,,Tanque,,1.86,1.68,1.56,1.44,2.98,2.58,3.07,2.78
15/07/2024 12:50 a. m.,Ordeño,06:26,14.55,1,,,,,0,,1.20,1.26,1.26,1.20,0,0,0,0,4.44,4.38,4.40,4.80,VMS 3,,Tanque,,1.68,1.80,1.68,1.56,4.33,2.36,3.96,3.90
15/07/2024 09:11 a. m.,Ordeño,06:20,11.90,2,,,,,0,,1.32,1.38,1.14,1.32,0,0,0,0,4.64,4.57,4.73,4.49,VMS 3,,Tanque,,1.86,1.98,1.56,1.68,3.23,2.41,2.83,3.43
15/07/2024 10:44 p. m.,Ordeño,09:37,18.62,3,,,,,0,,1.44,1.38,1.20,1.26,0,0,0,0,4.47,4.52,4.66,4.44,VMS 3,,Tanque,,1.92,2.04,1.62,1.68,5.01,4.15,4.32,5.14
16/07/2024 07:46 a. m.,Ordeño,10:14,12.77,1,,,,,0,,1.20,1.26,1.02,1.14,0,0,0,0,4.40,4.51,4.58,4.33,VMS 3,,Tanque,,1.74,1.80,1.56,1.62,3.38,2.84,3.19,3.36
16/07/2024 03:23 p. m.,Ordeño,11:50,8.34,2,,,TI,TI,0,,1.20,1.26,0.00,0.60,0,0,0,0,4.55,4.44,0.00,4.05,VMS 3,,Tanque,,1.92,1.74,0.00,1.32,2.54,2.07,0.00,3.73
16/07/2024 09:42 p. m.,Ordeño,05:29,8.54,3,,,,,0,,0.96,1.02,1.14,0.90,0,0,0,0,4.35,4.57,4.45,4.65,VMS 3,,Tanque,,1.50,1.56,1.50,1.38,2.21,1.51,2.70,2.12
17/07/2024 11:31 a. m.,Ordeño,09:21,19.34,1,,,,,0,,1.44,1.38,1.32,1.20,0,0,0,0,4.91,4.69,4.38,4.98,VMS 3,,Tanque,,1.80,1.80,1.80,1.62,5.34,3.42,5.76,4.82
17/07/2024 08:54 p. m.,Ordeño,06:19,11.25,2,,,,,0,,1.20,1.26,1.08,0.96,0,0,0,0,4.55,4.54,4.46,4.54,VMS 3,,Tanque,,1.74,1.74,1.50,1.32,3.44,2.55,2.84,2.42
18/07/2024 07:28 a. m.,Ordeño,06:12,15.50,1,,,,,0,,1.38,1.32,1.20,1.20,0,0,0,0,4.79,4.60,4.51,4.79,VMS 3,,Tanque,,1.80,1.74,1.62,1.86,4.36,3.03,4.13,3.98
18/07/2024 07:10 p. m.,Ordeño,06:20,16.65,2,,,,,0,,1.32,1.44,1.32,1.14,0,0,0,0,4.76,4.62,4.43,4.88,VMS 3,,Tanque,,1.98,1.98,1.80,1.56,4.31,3.59,4.72,4.03
19/07/2024 01:44 a. m.,Ordeño,08:19,8.22,1,,,,,0,,1.20,1.20,1.20,0.60,0,0,0,0,4.35,4.35,4.15,3.83,VMS 3,,Tanque,,1.86,1.80,1.56,1.56,2.40,2.10,2.52,1.20
19/07/2024 10:32 a. m.,Ordeño,07:38,12.16,2,,,,,0,,1.20,1.38,1.26,1.20,0,0,0,0,4.44,4.48,4.43,4.87,VMS 3,,Tanque,,1.68,1.86,1.56,1.92,2.76,2.48,3.09,3.83
19/07/2024 08:17 p. m.,Ordeño,07:02,11.15,3,,,,,0,,1.20,1.20,1.20,1.08,0,0,0,0,4.52,4.49,4.44,4.50,VMS 3,,Tanque,,1.74,1.68,1.56,1.56,3.49,2.00,3.14,2.52
20/07/2024 05:36 a. m.,Ordeño,05:22,12.01,1,,TD,,,0,,1.38,1.44,1.20,1.14,0,0,0,0,4.53,4.57,4.45,4.61,VMS 3,,Tanque,,1.86,1.86,1.56,1.86,3.34,2.55,3.30,2.82
20/07/2024 02:02 p. m.,Ordeño,09:01,10.67,2,,,,,0,,1.44,1.20,1.02,1.20,0,0,0,0,4.74,4.57,4.78,4.61,VMS 3,,Tanque,,1.98,1.68,1.74,1.68,2.97,2.23,2.65,2.82
20/07/2024 09:42 p. m.,Ordeño,07:59,8.65,3,,,,,0,,1.32,1.14,0.96,1.08,0,0,0,0,4.48,4.24,4.19,4.12,VMS 3,,Tanque,,1.86,1.62,1.56,1.50,2.48,1.83,1.78,2.56
21/07/2024 07:43 a. m.,Ordeño,05:56,14.18,1,,,,,0,,1.32,1.38,1.20,1.20,0,0,0,0,4.66,4.69,4.55,4.47,VMS 3,,Tanque,,1.86,1.92,1.62,1.68,4.07,2.77,3.86,3.48
21/07/2024 04:54 p. m.,Ordeño,05:48,12.08,2,,,,,0,,1.38,1.32,1.32,1.20,0,0,0,0,4.67,4.40,4.48,4.94,VMS 3,,Tanque,,1.74,1.86,1.62,1.68,3.16,2.41,3.41,3.10
22/07/2024 12:59 a. m.,Ordeño,07:56,9.25,1,,DI,,,0,,1.32,1.20,1.14,1.08,0,0,0,0,4.33,4.34,4.28,4.08,VMS 3,,Tanque,,2.46,1.74,1.62,1.50,2.13,2.12,2.14,2.86
22/07/2024 08:11 a. m.,Ordeño,05:43,10.25,2,,,,,0,,1.32,1.32,1.26,1.14,0,0,0,0,4.62,4.41,4.47,4.39,VMS 3,,Tanque,,1.86,1.86,1.68,1.80,2.94,1.96,2.78,2.57
22/07/2024 04:11 p. m.,Ordeño,06:27,10.64,3,,TD,,,0,,1.26,1.32,0.96,1.14,0,0,0,0,4.48,4.53,4.04,4.70,VMS 3,,Tanque,,1.68,1.74,1.38,1.68,3.12,2.23,3.12,2.17
23/07/2024 12:47 a. m.,Ordeño,06:46,11.66,1,,,,,0,,1.26,1.38,1.20,1.08,0,0,0,0,4.53,4.37,4.34,4.58,VMS 3,,Tanque,,2.04,1.80,1.56,1.62,3.09,2.45,3.27,2.85
23/07/2024 10:26 a. m.,Ordeño,06:11,14.57,2,,,,,0,,1.32,1.38,1.20,1.14,0,0,0,0,4.52,4.69,4.57,4.65,VMS 3,,Tanque,,1.80,1.92,1.68,1.98,3.98,3.17,4.00,3.42
23/07/2024 07:14 p. m.,Ordeño,06:36,11.21,3,,TD,,,0,,1.26,1.26,1.20,1.08,0,0,0,0,4.65,4.59,4.34,4.58,VMS 3,,Tanque,,1.92,2.58,1.62,1.56,3.26,2.14,3.37,2.44
24/07/2024 04:08 a. m.,Ordeño,05:21,12.07,1,,TD,,,0,,1.38,1.26,1.26,1.14,0,0,0,0,4.50,4.39,4.40,4.26,VMS 3,,Tanque,,1.86,1.74,1.74,1.62,3.29,2.63,3.17,2.98
24/07/2024 11:33 a. m.,Ordeño,06:38,10.47,2,,TD,,,0,,1.20,1.32,1.20,1.08,0,0,0,0,4.42,4.51,4.54,4.76,VMS 3,,Tanque,,1.74,1.80,1.62,1.50,3.01,2.15,2.86,2.45
24/07/2024 07:53 p. m.,Ordeño,05:21,10.70,3,,,,,0,,1.38,1.26,1.14,1.02,0,0,0,0,4.50,4.43,4.51,4.44,VMS 3,,Tanque,,1.92,1.74,1.56,1.50,2.91,2.08,3.07,2.64
25/07/2024 05:52 a. m.,Ordeño,05:48,14.31,1,,,,,0,,1.38,1.44,1.20,1.14,0,0,0,0,4.42,4.49,4.39,4.67,VMS 3,,Tanque,,1.80,1.92,1.68,1.74,4.07,2.71,3.84,3.69
25/07/2024 01:48 p. m.,Ordeño,05:10,9.67,2,,,,,0,,1.44,1.26,1.20,1.02,0,0,0,0,4.48,4.44,4.45,4.06,VMS 3,,Tanque,,1.80,1.80,1.56,1.80,2.57,2.07,2.89,2.14
25/07/2024 08:11 p. m.,Ordeño,09:17,7.60,3,,,,,0,,1.20,1.14,1.14,0.96,0,0,0,0,4.29,4.30,4.45,4.64,VMS 3,,Tanque,,1.86,1.68,1.50,1.32,2.13,1.49,2.21,1.77
26/07/2024 07:40 a. m.,Ordeño,06:20,14.68,1,,TD,,,0,,1.38,1.44,1.20,1.20,0,0,0,0,4.50,4.50,4.44,4.65,VMS 3,,Tanque,,1.80,1.92,1.56,1.68,3.63,2.75,4.73,3.57
26/07/2024 02:40 p. m.,Ordeño,10:15,8.47,2,,TD,,TD,0,,1.14,1.14,1.08,0.54,0,0,0,0,4.51,4.30,4.50,3.22,VMS 3,,Tanque,,1.68,1.74,1.56,1.02,2.51,1.60,4.22,0.14
27/07/2024 12:12 a. m.,Ordeño,05:19,12.26,1,,TI,,,0,,1.38,1.26,1.14,1.20,0,0,0,0,4.40,4.29,4.73,4.19,VMS 3,,Tanque,,1.80,1.80,1.50,1.62,3.20,2.62,3.07,3.37
27/07/2024 09:26 a. m.,Ordeño,05:51,14.00,2,,,,,0,,1.44,1.32,1.26,1.08,0,0,0,0,4.67,4.63,4.49,4.90,VMS 3,,Tanque,,2.10,1.74,1.62,1.62,3.84,2.79,3.84,3.53
27/07/2024 08:51 p. m.,Ordeño,07:43,15.22,3,,,,,0,,1.38,1.32,1.20,0.96,0,0,0,0,4.43,4.35,4.30,4.28,VMS 3,,Tanque,,1.98,1.86,1.68,1.44,4.06,3.22,4.43,3.51
28/07/2024 05:16 a. m.,Ordeño,05:44,11.71,1,,TD,,,0,,1.26,1.26,1.08,1.14,0,0,0,0,4.40,4.42,4.16,4.43,VMS 3,,Tanque,,1.86,1.80,1.50,1.62,3.39,2.30,3.38,2.64
28/07/2024 03:21 p. m.,Ordeño,06:22,12.49,2,,,,,0,,1.26,1.26,1.08,1.08,0,0,0,0,4.49,4.62,4.85,4.52,VMS 3,,Tanque,,1.80,1.80,1.44,1.44,3.50,2.52,3.08,3.39
29/07/2024 10:58 a. m.,Ordeño,08:06,24.42,1,,,,,0,,1.50,1.56,1.38,1.14,0,0,0,0,4.96,4.80,4.72,5.22,VMS 3,,Tanque,,1.98,2.10,1.92,1.50,5.73,5.74,6.69,6.26
29/07/2024 10:04 p. m.,Ordeño,10:11,10.07,2,,,,,0,,1.20,1.08,0.96,0.96,0,0,0,0,4.48,4.50,4.25,3.99,VMS 3,,Tanque,,1.74,1.68,1.44,1.44,3.03,2.39,2.59,2.06
30/07/2024 02:25 p. m.,Ordeño,08:20,20.52,1,,,,,0,,1.38,1.26,1.26,1.14,0,0,0,0,4.78,4.55,4.77,5.27,VMS 3,,Tanque,,1.80,1.68,1.56,1.86,5.84,3.77,5.92,4.99
31/07/2024 01:35 a. m.,Ordeño,06:47,11.19,1,,TD,,,0,,1.20,1.26,1.14,1.08,0,0,0,0,4.29,4.46,4.36,4.58,VMS 3,,Tanque,,1.74,1.68,1.56,1.62,3.38,2.30,3.07,2.44
31/07/2024 12:13 p. m.,Ordeño,06:05,12.94,2,,,,,0,,1.44,1.20,1.20,0.96,0,0,0,0,4.58,4.34,4.49,4.75,VMS 3,,Tanque,,1.92,1.68,1.62,1.38,3.50,2.88,3.63,2.93
01/08/2024 02:53 a. m.,Ordeño,07:27,17.73,1,,,,,0,,1.26,1.50,1.20,1.14,0,0,0,0,4.63,4.64,4.45,4.91,VMS 3,,Tanque,,1.74,1.98,1.56,1.62,4.98,3.86,4.74,4.15
02/08/2024 05:19 a. m.,Ordeño,06:45,10.46,1,,,,,0,,1.08,1.14,1.02,1.08,0,355,0,0,4.20,4.38,4.31,4.27,VMS 3,,Tanque,,1.56,1.74,1.50,1.44,3.16,2.39,2.10,2.81
02/08/2024 07:40 p. m.,Ordeño,08:44,17.18,2,,,,,0,,1.14,1.32,1.20,1.08,0,0,0,0,4.61,4.52,4.57,4.85,VMS 3,,Tanque,,1.68,1.80,1.56,1.44,4.87,3.68,4.72,3.91
03/08/2024 06:31 a. m.,Ordeño,06:27,14.43,1,,,,,0,,1.26,1.20,1.14,1.02,0,0,0,0,4.44,4.47,4.30,4.61,VMS 3,,Tanque,,1.74,1.68,1.50,1.38,4.07,2.92,3.93,3.51
03/08/2024 06:18 p. m.,Ordeño,05:52,12.70,2,,,,,0,,1.20,1.32,1.20,1.02,0,0,0,0,4.75,4.55,4.50,4.49,VMS 3,,Tanque,,1.68,1.80,1.56,1.50,3.73,2.81,3.48,2.68
04/08/2024 04:44 a. m.,Ordeño,06:07,13.68,1,,,,,0,,1.20,1.44,1.08,1.20,0,0,0,0,4.30,4.52,4.63,4.24,VMS 3,,Tanque,,1.68,1.86,1.44,1.56,3.85,3.10,3.14,3.59
04/08/2024 04:34 p. m.,Ordeño,05:56,11.86,2,,DD,,,0,,1.26,1.02,1.20,1.14,0,0,0,0,4.52,1.74,4.47,4.78,VMS 3,,Tanque,,1.74,2.10,1.80,1.62,3.32,1.61,3.63,3.30
05/08/2024 04:00 a. m.,Ordeño,05:55,13.89,1,,,,,0,,1.26,1.38,1.20,1.08,0,0,0,0,4.37,4.57,4.32,4.50,VMS 3,,Tanque,,1.80,1.98,1.68,1.68,3.93,3.18,3.71,3.07
05/08/2024 02:07 p. m.,Ordeño,06:16,13.42,2,,,,,0,,1.08,1.32,1.20,1.14,0,0,0,0,4.49,4.63,4.40,4.71,VMS 3,,Tanque,,1.50,1.80,1.56,1.68,3.74,2.70,3.87,3.11
05/08/2024 11:14 p. m.,Ordeño,06:27,12.39,3,,,,,0,,1.08,1.32,1.26,1.08,0,0,0,0,4.44,4.43,4.39,4.69,VMS 3,,Tanque,,1.50,1.86,1.74,1.50,3.80,2.37,3.25,2.97
06/08/2024 09:38 a. m.,Ordeño,06:21,13.54,1,,,,,0,,1.20,1.38,1.20,1.14,0,0,0,0,4.43,4.43,4.39,4.64,VMS 3,,Tanque,,1.68,1.98,1.62,1.56,4.02,2.39,3.82,3.31
06/08/2024 07:57 p. m.,Ordeño,06:03,12.04,2,,,,,0,,1.20,1.38,1.14,1.20,0,0,0,0,4.11,4.48,4.28,4.36,VMS 3,,Tanque,,1.86,1.86,1.62,1.74,3.46,2.75,2.42,3.41
07/08/2024 07:58 a. m.,Ordeño,06:53,16.60,1,,,,,0,,1.26,1.38,1.32,1.26,0,0,0,0,4.57,4.41,4.35,5.03,VMS 3,,Tanque,,1.74,1.80,1.68,1.68,4.77,2.74,4.78,4.31
07/08/2024 05:37 p. m.,Ordeño,07:12,11.23,2,,,,,0,,1.08,1.26,1.20,1.08,0,0,0,0,4.57,4.62,4.37,4.67,VMS 3,,Tanque,,1.56,1.86,1.68,1.50,3.14,2.59,3.11,2.39
08/08/2024 03:59 a. m.,Ordeño,06:40,14.56,1,,,,,0,,1.08,1.32,1.14,1.08,0,0,0,0,4.39,4.46,4.37,4.46,VMS 3,,Tanque,,1.56,1.80,1.56,1.74,4.03,3.19,4.07,3.27
08/08/2024 03:21 p. m.,Ordeño,09:16,14.16,2,,,,,0,,1.32,1.32,1.20,1.08,0,0,0,0,4.69,4.59,4.57,4.92,VMS 3,,Tanque,,1.80,1.74,1.62,1.38,3.67,2.88,4.24,3.37
09/08/2024 01:40 a. m.,Ordeño,10:38,12.75,1,,,,,0,,1.26,1.32,1.14,1.02,0,0,0,0,4.44,4.46,4.22,4.69,VMS 3,,Tanque,,1.86,1.86,1.62,1.56,3.62,2.76,3.55,2.82
09/08/2024 05:37 p. m.,Ordeño,07:21,20.60,2,,,,,0,,1.38,1.44,1.26,1.20,0,0,0,0,4.81,4.59,4.47,5.09,VMS 3,,Tanque,,1.80,1.86,1.74,1.56,5.75,3.65,6.11,5.09
10/08/2024 06:49 a. m.,Ordeño,06:46,12.22,1,,TD,,,0,,1.14,1.26,1.20,1.14,0,0,0,0,4.35,4.53,4.23,4.30,VMS 3,,Tanque,,1.92,1.62,1.62,1.56,3.19,3.04,3.27,2.72
10/08/2024 04:14 p. m.,Ordeño,05:38,13.14,2,,TD,,,0,,1.20,1.38,1.26,1.26,0,0,0,0,4.42,4.67,4.50,5.03,VMS 3,,Tanque,,1.92,1.80,1.68,1.86,3.71,2.85,3.51,3.07
11/08/2024 05:31 a. m.,Ordeño,06:39,16.73,1,,TD,,,0,,1.26,1.38,1.20,1.20,0,0,0,0,4.71,4.63,4.59,4.97,VMS 3,,Tanque,,1.86,1.86,1.62,1.80,4.35,3.54,4.74,4.10
11/08/2024 06:30 p. m.,Ordeño,06:48,16.16,2,,,,,0,,1.32,1.38,1.08,1.08,0,0,0,0,4.50,4.57,4.19,4.64,VMS 3,,Tanque,,1.86,1.74,1.50,1.56,4.73,3.30,4.52,3.61
12/08/2024 04:47 a. m.,Ordeño,08:21,13.37,1,,,,,0,,1.26,1.38,1.14,1.32,0,0,0,0,4.36,4.37,4.64,4.46,VMS 3,,Tanque,,2.04,1.86,1.80,1.62,3.46,2.76,3.17,3.98
12/08/2024 04:58 p. m.,Ordeño,06:11,14.44,2,,,,,0,,1.20,1.32,1.02,1.20,0,315,0,0,4.58,4.57,4.73,4.35,VMS 3,,Tanque,,1.50,1.80,1.38,1.56,4.03,2.96,3.48,3.97
13/08/2024 06:11 a. m.,Ordeño,06:29,16.40,1,,TD,,,0,,1.44,1.32,1.26,1.26,0,0,0,0,4.58,4.57,4.37,4.70,VMS 3,,Tanque,,1.86,1.74,1.74,1.62,4.17,3.50,4.87,3.86
13/08/2024 10:00 p. m.,Ordeño,07:08,21.16,2,,,,,0,,1.26,1.32,1.20,1.08,347,0,0,0,4.45,4.65,4.37,4.81,VMS 3,,Tanque,,2.16,1.80,1.56,1.56,5.73,4.74,5.65,5.04
14/08/2024 06:44 a. m.,Ordeño,06:25,11.46,1,,TD,,,0,,1.20,1.20,0.96,1.20,0,0,0,0,4.34,4.39,4.15,4.27,VMS 3,,Tanque,,1.68,1.68,1.44,1.56,3.32,2.49,3.18,2.47
14/08/2024 08:54 p. m.,Ordeño,06:52,18.00,2,,,,,0,,1.32,1.38,1.20,1.14,0,0,0,0,4.66,4.65,4.39,4.93,VMS 3,,Tanque,,1.74,1.86,1.56,1.50,4.91,3.76,4.91,4.42
15/08/2024 06:01 a. m.,Ordeño,08:45,10.91,1,,,,,0,,1.14,1.38,1.14,1.02,0,0,0,0,4.25,4.43,4.34,4.26,VMS 3,,Tanque,,2.40,2.16,1.50,1.80,3.06,2.41,3.11,2.33
15/08/2024 02:57 p. m.,Ordeño,05:03,10.99,2,,,,,0,,1.26,1.14,1.20,1.14,0,0,0,0,4.46,4.52,4.29,4.21,VMS 3,,Tanque,,1.74,1.56,1.62,1.62,2.99,2.43,2.94,2.63
16/08/2024 12:04 a. m.,Ordeño,11:09,9.74,1,,TI,TI,,0,,1.26,1.14,0.96,0.96,0,0,0,0,4.39,4.40,3.75,4.50,VMS 3,,Tanque,,1.92,1.86,1.50,1.68,3.00,1.99,0.62,4.13
16/08/2024 04:42 a. m.,Ordeño,08:30,5.93,2,,,,,0,,0.90,0.72,1.02,1.08,0,0,0,0,4.22,4.16,4.81,4.49,VMS 3,,Tanque,,1.62,1.32,1.62,1.44,1.31,0.88,1.87,1.87
16/08/2024 09:25 p. m.,Ordeño,07:46,19.32,3,,,,,0,,1.32,1.26,1.20,1.14,0,0,0,0,4.57,4.57,4.53,5.02,VMS 3,,Tanque,,1.80,1.80,1.68,1.62,4.87,3.14,5.97,5.34
17/08/2024 07:28 a. m.,Ordeño,06:23,11.23,1,,TI,,,0,,1.20,1.20,1.20,1.02,0,0,0,0,4.67,4.69,4.47,4.73,VMS 3,,Tanque,,1.74,1.68,1.86,1.74,3.24,2.57,2.61,2.81
17/08/2024 08:54 p. m.,Ordeño,07:30,18.17,2,,,,,0,,1.32,1.26,1.20,1.08,0,0,0,0,4.51,4.50,4.62,4.59,VMS 3,,Tanque,,1.68,1.56,1.50,1.50,4.48,3.72,5.85,4.12
18/08/2024 06:53 a. m.,Ordeño,05:47,14.21,1,,,,,0,,1.32,1.20,1.20,1.14,0,0,0,0,4.50,4.34,4.53,4.92,VMS 3,,Tanque,,1.80,1.68,1.68,1.56,4.42,2.47,3.50,3.82
18/08/2024 06:03 p. m.,Ordeño,10:05,13.65,2,,,,,0,,1.26,1.20,1.02,1.26,0,0,0,0,4.62,4.47,4.67,4.47,VMS 3,,Tanque,,1.74,1.62,1.80,1.92,3.83,2.61,3.13,4.08
19/08/2024 05:20 a. m.,Ordeño,08:43,14.34,1,,,,,0,,1.26,1.32,1.14,1.14,0,0,0,0,4.72,4.47,4.52,4.78,VMS 3,,Tanque,,1.74,1.80,1.44,1.74,4.32,2.58,4.15,3.29
24/08/2024 12:30 p. m.,Ordeño,06:08,12.14,1,,,,,0,,1.32,1.14,0.96,1.32,0,0,0,0,4.93,4.46,4.44,4.40,VMS 3,,Tanque,,2.04,1.62,1.44,1.74,2.90,2.78,3.16,3.30
25/08/2024 04:33 a. m.,Ordeño,07:36,16.31,1,,,,,0,,1.26,1.14,1.20,0.96,0,0,0,0,5.00,4.31,4.61,4.71,VMS 3,,Tanque,,1.68,1.56,1.56,1.32,4.13,2.91,4.94,4.33
25/08/2024 03:27 p. m.,Ordeño,05:30,11.92,2,,,,,0,,1.32,1.26,1.14,0.96,0,0,0,0,5.11,4.46,4.54,4.66,VMS 3,,Tanque,,1.74,1.80,1.56,1.44,3.15,2.69,3.22,2.86
26/08/2024 04:42 a. m.,Ordeño,06:06,15.18,1,,,,,0,,1.38,1.20,1.32,1.14,0,0,0,0,5.30,4.49,4.78,4.85,VMS 3,,Tanque,,1.80,1.62,1.68,1.56,4.07,2.56,4.61,3.94
26/08/2024 03:50 p. m.,Ordeño,05:53,12.76,2,,,,,0,,1.26,1.14,1.14,1.02,0,0,0,0,4.79,4.47,4.68,4.22,VMS 3,,Tanque,,1.74,1.68,1.50,1.62,3.15,2.83,3.69,3.09
29/08/2024 12:48 a. m.,Ordeño,11:25,14.21,1,,,,,0,,1.20,1.26,0.96,1.08,0,0,0,0,5.11,4.36,4.74,4.62,VMS 3,,Tanque,,1.92,1.68,1.62,1.50,3.90,2.60,3.76,3.95
28/10/2024 10:40 a. m.,Ordeño,05:52,8.92,1,,,,,0,DD,1.44,1.38,1.50,1.56,562,0,0,393,4.26,4.45,3.71,3.87,VMS 3,,Divert 3,,2.16,1.74,2.46,2.16,1.54,2.19,2.41,2.78
01/11/2024 03:35 p. m.,Ordeño,04:54,9.37,2,,,,,0,,1.14,1.26,1.26,1.20,0,0,0,0,5.02,5.21,4.65,4.95,VMS 3,,Divert 3,,1.56,1.68,1.80,1.68,2.13,1.87,2.79,2.58
02/11/2024 03:12 a. m.,Ordeño,05:13,10.13,1,,,,,0,,1.26,1.26,1.26,1.26,353,0,0,0,5.14,5.11,4.66,4.79,VMS 3,,Divert 3,,1.74,1.74,1.86,1.68,2.26,2.11,2.93,2.83
02/11/2024 03:13 p. m.,Ordeño,04:58,11.03,2,,,,,0,,1.08,1.32,1.38,1.20,0,0,0,0,5.08,5.16,4.46,4.93,VMS 3,,Divert 3,,1.62,1.74,1.80,1.56,2.60,2.27,3.12,3.04
03/11/2024 03:35 a. m.,Ordeño,05:16,11.48,1,,,,,0,,1.08,1.26,1.26,1.08,0,0,0,0,5.03,4.99,4.65,4.70,VMS 3,,Divert 3,,1.62,1.62,1.74,1.44,2.58,2.33,3.48,3.09
03/11/2024 02:18 p. m.,Ordeño,05:22,10.68,2,,,,,0,,1.02,1.26,1.08,1.08,0,0,0,0,4.44,4.91,4.47,4.34,VMS 3,,Divert 3,,1.44,1.74,1.50,1.56,2.68,2.30,2.91,2.79
05/11/2024 07:04 p. m.,Ordeño,04:16,6.32,3,,,,,0,,0.84,1.02,1.02,0.90,0,0,0,0,5.16,4.78,4.55,4.47,VMS 3,,Tanque,,1.20,1.56,1.32,1.26,1.51,1.44,1.88,1.49
06/11/2024 01:33 a. m.,Ordeño,04:19,7.11,1,,,,,0,,0.84,1.08,0.96,1.02,0,0,0,0,5.02,4.82,4.54,4.65,VMS 3,,Tanque,,1.38,1.50,1.38,1.38,1.62,1.55,1.96,1.98
06/11/2024 09:09 a. m.,Ordeño,05:06,9.69,2,,,,,0,,0.90,1.08,1.08,0.90,0,0,0,0,4.88,4.87,4.64,4.71,VMS 3,,Tanque,,1.38,1.44,1.56,1.32,2.14,2.06,2.72,2.77
06/11/2024 04:54 p. m.,Ordeño,05:12,8.78,3,,,,,0,,0.84,1.08,1.02,0.96,0,0,0,0,4.66,4.81,4.46,4.63,VMS 3,,Tanque,,1.20,1.56,1.32,1.44,2.11,2.07,2.45,2.15
06/11/2024 11:39 p. m.,Ordeño,05:57,7.97,4,,,,,0,,0.90,1.14,0.96,0.96,0,0,0,0,4.62,4.72,4.47,4.54,VMS 3,,Tanque,,1.26,1.68,1.32,1.32,1.84,1.71,2.28,2.14
07/11/2024 05:00 a. m.,Ordeño,04:19,6.55,1,,,,,0,,0.78,1.02,1.02,1.02,0,0,0,0,4.54,4.71,4.41,4.57,VMS 3,,Tanque,,1.20,1.38,1.38,1.44,1.44,1.44,1.83,1.84
07/11/2024 12:43 p. m.,Ordeño,04:54,9.63,2,,,,,0,,0.90,1.20,1.14,1.02,0,0,0,0,4.89,4.96,4.64,4.73,VMS 3,,Tanque,,1.20,1.62,1.50,1.38,2.14,2.12,2.72,2.65
07/11/2024 09:49 p. m.,Ordeño,06:10,12.27,3,,,,,0,,0.96,1.26,1.02,0.90,0,0,0,0,4.96,4.90,4.83,4.74,VMS 3,,Tanque,,1.32,1.62,1.38,1.32,2.67,2.76,3.35,3.49
08/11/2024 05:40 a. m.,Ordeño,05:20,9.48,1,,,,,0,,0.96,1.14,0.96,0.96,0,0,0,0,4.77,4.63,4.47,4.48,VMS 3,,Tanque,,1.38,1.50,1.32,1.44,2.20,2.14,2.77,2.37
08/11/2024 04:59 p. m.,Ordeño,06:37,15.69,2,,,,,0,,1.08,1.32,1.14,1.08,0,0,0,0,5.11,4.99,4.80,4.87,VMS 3,,Tanque,,1.62,1.74,1.56,1.50,3.42,3.59,4.42,4.26
08/11/2024 11:00 p. m.,Ordeño,07:29,6.86,3,,,,,0,DD,0.78,1.20,0.96,0.90,0,0,0,0,4.97,5.60,4.68,4.77,VMS 3,,Tanque,,1.26,1.56,1.44,1.56,1.69,1.50,1.74,1.93
12/11/2024 10:11 p. m.,Ordeño,05:02,8.85,3,,,,,0,,0.90,1.14,0.96,0.96,0,0,0,0,5.29,4.98,4.75,4.81,VMS 3,,Tanque,,1.50,1.56,1.32,1.32,2.01,1.75,2.54,2.55
13/11/2024 05:57 a. m.,Ordeño,06:05,11.62,1,,,,,0,,0.96,1.14,1.14,1.02,0,0,0,0,5.38,5.22,4.87,4.96,VMS 3,,Tanque,,1.44,1.68,1.56,1.38,2.61,2.60,3.28,3.13
13/11/2024 04:02 p. m.,Ordeño,07:01,15.00,2,,,,,0,,1.08,1.26,1.08,0.90,0,0,0,0,5.50,5.09,4.94,5.03,VMS 3,,Tanque,,1.56,1.62,1.44,1.26,3.08,3.10,4.49,4.33
13/11/2024 11:23 p. m.,Ordeño,06:18,10.51,3,,,,,0,,0.90,1.08,0.96,0.90,0,0,0,0,5.27,4.97,4.88,4.79,VMS 3,,Tanque,,1.32,1.50,1.44,1.26,2.49,1.96,3.17,2.89
14/11/2024 09:40 a. m.,Ordeño,06:42,14.73,1,,,,,0,,1.02,1.20,1.02,1.08,0,0,0,0,5.34,5.32,4.89,5.08,VMS 3,,Tanque,,1.44,1.56,1.50,1.44,3.29,3.21,4.24,3.99
14/11/2024 04:39 p. m.,Ordeño,06:29,10.36,2,,,,,0,,0.84,1.14,0.96,0.84,0,0,0,0,5.40,5.76,5.16,0.00,VMS 1,,Tanque,,1.20,1.56,1.68,1.32,2.22,2.26,3.58,2.30
14/11/2024 09:50 p. m.,Ordeño,05:08,7.18,3,,,,,0,,0.78,1.02,0.90,0.84,0,313,0,0,5.36,5.41,5.24,0.00,VMS 1,,Tanque,,1.14,1.38,1.32,1.20,1.68,1.38,2.33,1.79
15/11/2024 10:38 a. m.,Ordeño,08:12,21.12,1,,,,,0,,1.02,1.20,1.20,1.08,0,0,0,0,5.90,6.01,5.83,0.00,VMS 1,,Tanque,,1.38,1.68,1.50,1.44,4.03,4.74,6.38,5.97
15/11/2024 03:34 p. m.,Ordeño,08:44,6.25,2,,,TD,TD,0,,0.96,1.14,0.90,0.00,0,0,0,0,5.49,5.59,5.43,0.00,VMS 1,,Tanque,,1.38,1.56,1.38,0.00,1.62,1.98,2.65,0.00
16/11/2024 02:12 a. m.,Ordeño,09:38,18.15,1,,,,,0,,0.96,1.14,1.08,0.90,0,0,0,0,5.56,6.33,6.08,0.00,VMS 1,,Tanque,,1.32,1.62,1.44,1.26,3.45,2.92,7.62,4.16
17/11/2024 10:43 p. m.,Ordeño,06:13,9.55,3,,,,,0,,0.90,1.08,0.78,0.96,0,369,0,0,5.62,5.45,5.09,0.00,VMS 1,,Tanque,,1.32,1.62,1.20,1.68,2.01,2.01,2.92,2.61
18/11/2024 06:08 a. m.,Ordeño,05:32,11.57,1,,,,,0,DI,0.90,1.14,1.14,1.08,0,0,0,0,6.02,5.21,5.21,0.00,VMS 1,,Tanque,,1.44,2.58,1.50,1.44,2.49,2.41,3.46,3.21
18/11/2024 11:44 a. m.,Ordeño,05:02,9.27,2,,TI,,,0,,0.84,1.14,1.02,1.02,0,0,0,0,5.76,5.65,5.43,0.00,VMS 1,,Tanque,,1.32,1.50,1.50,1.56,1.99,1.77,3.00,2.51
18/11/2024 05:43 p. m.,Ordeño,07:36,10.67,3,,,,,0,,1.08,1.14,0.96,1.08,0,0,0,0,6.03,5.54,5.48,0.00,VMS 1,,Tanque,,1.56,2.16,1.32,1.68,2.09,2.42,3.13,3.03
19/11/2024 03:05 a. m.,Ordeño,06:20,14.82,1,,,,,0,,1.08,1.20,1.32,1.08,0,0,0,0,5.76,5.68,5.54,0.00,VMS 1,,Tanque,,1.50,1.68,1.74,1.38,2.81,3.13,4.77,4.11
19/11/2024 12:32 p. m.,Ordeño,06:25,16.03,2,,,,,0,,1.08,1.26,1.20,1.08,0,0,0,0,5.75,5.54,5.42,0.00,VMS 1,,Tanque,,1.44,1.68,1.62,1.56,3.26,3.46,4.94,4.37
21/11/2024 03:22 p. m.,Ordeño,05:48,8.62,3,,,,,0,,0.84,0.90,0.96,1.14,0,0,0,0,5.55,5.74,0.00,5.14,VMS 1,,Tanque,,1.26,1.50,1.38,1.56,1.61,1.55,2.22,3.24
22/11/2024 06:48 p. m.,Ordeño,06:06,9.96,3,,TD,,,0,,0.66,1.20,1.08,0.72,0,329,0,0,5.25,5.22,4.91,0.00,VMS 1,,Tanque,,1.08,1.74,1.44,1.08,2.01,1.77,3.45,2.73
23/11/2024 07:04 a. m.,Ordeño,08:41,20.77,1,,,,,0,DI,0.96,1.32,1.26,1.14,0,0,0,0,6.14,5.49,5.13,0.00,VMS 1,,Tanque,,1.32,1.74,1.86,1.62,4.32,3.42,6.82,6.21
23/11/2024 12:38 p. m.,Ordeño,05:39,8.95,2,,,,,0,,0.78,1.14,1.08,0.96,0,0,0,0,5.19,5.13,4.76,0.00,VMS 1,,Tanque,,1.14,1.56,1.38,1.38,1.77,1.70,3.09,2.39
23/11/2024 07:38 p. m.,Ordeño,06:00,11.59,3,,,,,0,,0.90,1.14,1.14,1.02,0,0,0,0,5.60,5.35,5.16,0.00,VMS 1,,Tanque,,1.44,1.56,1.56,1.44,2.48,1.99,3.75,3.37
24/11/2024 09:17 a. m.,Ordeño,09:29,23.57,1,,,,,0,,0.90,1.26,1.14,1.08,0,0,0,0,5.84,5.73,5.18,0.00,VMS 1,,Tanque,,1.32,1.68,1.56,1.50,4.76,4.26,8.17,6.38
24/11/2024 07:51 p. m.,Ordeño,07:23,16.55,2,,TD,,,0,,1.02,1.20,1.14,0.96,0,0,0,0,5.51,5.27,5.06,0.00,VMS 1,,Tanque,,1.50,1.62,1.56,1.26,3.56,3.40,5.66,3.93
25/11/2024 03:55 a. m.,Ordeño,06:41,13.15,1,,TD,,,0,,0.90,1.26,1.14,1.02,0,0,0,0,5.45,5.21,5.14,0.00,VMS 1,,Tanque,,1.32,1.74,1.56,1.86,3.03,2.74,4.49,2.89
25/11/2024 12:46 p. m.,Ordeño,07:57,16.76,2,,,,,0,,0.96,1.20,1.14,1.08,0,0,0,0,5.31,5.75,5.21,0.00,VMS 1,,Tanque,,1.44,1.68,1.50,1.50,3.06,2.90,4.69,6.11
26/11/2024 12:38 a. m.,Ordeño,08:23,20.67,1,,,,,0,,1.02,1.26,1.20,1.02,0,0,0,0,5.60,6.14,5.29,0.00,VMS 1,,Tanque,,1.56,1.62,1.68,1.32,4.28,3.90,6.81,5.68
26/11/2024 05:48 a. m.,Ordeño,05:54,9.26,2,,,,,0,,0.66,0.72,1.14,0.90,0,0,0,0,5.05,5.20,5.14,0.00,VMS 1,,Tanque,,1.02,1.26,1.56,1.44,2.05,1.73,2.98,2.50
26/11/2024 02:13 p. m.,Ordeño,06:18,14.30,3,,,,,0,,0.90,1.26,1.14,1.08,0,0,0,0,5.32,5.54,5.25,0.00,VMS 1,,Tanque,,1.26,1.80,1.62,1.50,3.14,2.57,4.69,3.90
27/11/2024 12:10 a. m.,Ordeño,07:22,17.02,1,,,,,0,,1.08,1.38,1.20,1.02,0,333,0,0,5.46,5.62,5.24,0.00,VMS 1,,Tanque,,1.44,1.80,1.68,1.38,3.57,3.52,5.39,4.54
27/11/2024 07:58 a. m.,Ordeño,05:38,12.63,2,,,,,0,,0.96,1.20,1.20,1.08,0,0,0,0,5.10,5.23,4.97,0.00,VMS 1,,Tanque,,1.50,1.62,1.62,1.50,2.74,2.48,4.04,3.37
27/11/2024 06:48 p. m.,Ordeño,07:36,19.60,3,,,,,0,,1.14,1.32,1.20,1.08,0,0,0,0,5.30,5.51,5.23,0.00,VMS 1,,Tanque,,1.44,1.74,1.56,1.38,4.07,3.81,6.08,5.64
28/11/2024 02:59 a. m.,Ordeño,06:00,13.79,1,,,,,0,,1.08,1.20,1.26,1.20,0,0,0,0,5.19,5.17,4.95,0.00,VMS 1,,Tanque,,1.44,1.56,1.62,1.62,2.95,2.63,4.37,3.84
28/11/2024 08:50 a. m.,Ordeño,06:14,9.74,2,,,,,0,,0.78,1.14,0.96,1.02,0,0,0,0,4.92,5.15,4.83,0.00,VMS 1,,Tanque,,1.26,1.50,1.50,1.38,2.05,2.08,3.07,2.54
28/11/2024 03:00 p. m.,Ordeño,05:14,10.07,3,,,,,0,,1.02,1.14,1.14,0.96,0,0,0,0,5.04,5.49,4.95,0.00,VMS 1,,Tanque,,1.44,1.50,1.62,1.38,1.97,2.07,3.25,2.78
28/11/2024 09:13 p. m.,Ordeño,05:28,10.76,4,,,,,0,,0.90,1.14,1.14,1.02,0,0,0,0,5.17,5.22,5.16,0.00,VMS 1,,Tanque,,1.32,1.62,1.50,1.50,2.37,1.86,3.42,3.11
29/11/2024 06:52 a. m.,Ordeño,06:45,16.47,1,,,,,0,,1.02,1.14,1.26,1.14,0,0,0,0,5.25,5.28,5.07,0.00,VMS 1,,Tanque,,1.44,1.56,1.74,1.68,3.65,2.80,5.45,4.57
29/11/2024 04:35 p. m.,Ordeño,07:52,15.94,2,,,,,0,,1.14,1.26,1.08,1.14,0,0,0,0,5.27,5.14,5.15,0.00,VMS 1,,Tanque,,1.56,1.62,1.50,1.56,3.34,2.61,5.48,4.51
29/11/2024 11:51 p. m.,Ordeño,09:03,12.85,3,,TD,,,0,DI,1.02,1.14,1.02,0.90,0,0,0,0,6.15,5.47,5.07,0.00,VMS 1,,Tanque,,1.38,1.50,1.68,1.50,2.93,2.69,3.83,3.40
01/12/2024 05:38 p. m.,Ordeño,07:11,13.47,3,,,,,0,,0.90,1.20,0.96,0.72,0,0,0,0,5.64,5.61,5.14,0.00,VMS 1,,Tanque,,1.38,1.56,1.44,1.08,2.95,2.58,4.37,3.57
02/12/2024 12:58 a. m.,Ordeño,05:52,11.91,1,,,,,0,,0.66,0.72,0.90,0.96,0,0,0,0,5.56,5.24,4.81,0.00,VMS 1,,Tanque,,1.02,1.20,1.50,1.44,2.59,2.44,3.59,3.29
03/12/2024 11:32 p. m.,Ordeño,09:03,21.31,2,,,,,0,,0.90,1.26,1.08,1.02,0,0,0,0,5.48,5.66,5.29,0.00,VMS 1,,Tanque,,1.26,1.62,1.68,1.44,4.41,4.31,6.76,5.83
05/12/2024 01:13 a. m.,Ordeño,10:17,13.77,1,,,TI,TI,0,,1.08,1.26,0.00,1.08,0,0,0,0,5.43,5.84,0.00,0.00,VMS 1,,Tanque,,1.56,1.86,0.00,1.50,4.08,3.79,0.00,5.90
05/12/2024 10:52 a. m.,Ordeño,12:58,22.14,2,,,,,0,,0.96,1.08,0.96,1.08,0,430,0,0,5.56,5.86,6.35,0.00,VMS 1,,Tanque,,1.38,1.50,1.32,1.38,3.63,4.21,9.76,4.54
06/12/2024 03:52 a. m.,Ordeño,07:03,14.99,1,,,,,0,,1.02,1.20,0.96,1.20,0,0,0,0,5.60,5.38,5.00,0.00,VMS 1,,Tanque,,1.50,1.80,1.44,1.86,3.27,3.10,4.24,4.38
06/12/2024 11:54 a. m.,Ordeño,06:25,13.48,2,,,,,0,,1.08,1.20,0.96,0.96,0,0,0,0,5.53,5.27,5.16,0.00,VMS 1,,Tanque,,1.50,1.62,1.44,1.38,3.10,2.59,3.94,3.85
06/12/2024 06:18 p. m.,Ordeño,05:46,11.01,3,,,,,0,,0.90,1.20,0.96,1.02,0,0,0,0,5.21,5.19,4.94,0.00,VMS 1,,Tanque,,1.32,1.56,1.32,1.44,2.44,2.00,3.27,3.30
07/12/2024 09:35 a. m.,Ordeño,10:11,24.09,1,,,,,0,,1.08,1.20,1.08,1.14,0,0,0,0,5.41,5.16,5.19,0.00,VMS 1,,Tanque,,1.44,1.62,1.56,1.56,4.91,3.68,8.13,7.37
07/12/2024 06:17 p. m.,Ordeño,06:13,14.03,2,,TD,,,0,,1.02,1.26,1.14,1.14,0,0,0,0,5.28,5.26,4.99,0.00,VMS 1,,Tanque,,1.44,1.62,1.68,1.74,3.12,2.84,4.25,3.82
08/12/2024 06:14 a. m.,Ordeño,08:18,21.92,1,,,,,0,,1.14,1.14,1.14,1.08,0,0,0,0,5.69,5.54,5.33,0.00,VMS 1,,Tanque,,1.62,1.44,1.50,1.44,4.54,4.44,6.55,6.39
08/12/2024 12:10 p. m.,Ordeño,06:57,10.20,2,,,,,0,,0.90,1.08,0.66,0.96,0,0,0,0,5.08,5.11,4.33,0.00,VMS 1,,Tanque,,1.38,1.50,1.08,1.50,2.35,2.30,2.86,2.69
08/12/2024 09:03 p. m.,Ordeño,07:13,15.83,3,,,,,0,,0.96,1.26,1.02,1.08,0,304,0,0,5.23,5.21,0.00,4.99,VMS 1,,Tanque,,1.32,1.80,1.38,1.62,3.31,3.27,4.51,4.74
17/12/2024 04:57 a. m.,Ordeño,06:54,12.23,1,,,,,0,,0.78,0.96,0.96,1.02,0,323,0,0,5.35,4.71,4.80,0.00,VMS 1,,Tanque,,1.14,1.44,1.38,1.38,2.53,2.18,3.81,3.71
17/12/2024 12:53 p. m.,Ordeño,06:23,15.36,2,,,,,0,,1.02,1.14,1.26,1.20,0,0,0,0,5.49,5.25,5.01,0.00,VMS 1,,Tanque,,1.38,1.56,1.86,1.68,2.72,3.06,4.94,4.64
18/12/2024 12:50 a. m.,Ordeño,08:52,21.81,1,,,,,0,,0.96,1.02,1.14,1.14,0,0,0,0,5.95,5.28,5.08,0.00,VMS 1,,Tanque,,1.32,1.50,1.50,1.68,4.38,4.07,6.94,6.42
20/12/2024 10:49 a. m.,Ordeño,11:24,8.95,2,,,TI,TI,0,,0.84,1.02,0.00,1.02,0,0,0,0,5.12,5.40,0.00,0.00,VMS 1,,Tanque,,1.32,1.62,0.00,1.44,2.70,2.47,0.00,3.78
20/12/2024 05:58 p. m.,Ordeño,08:58,13.97,3,,,,,0,,0.90,0.96,1.02,1.26,0,0,0,0,5.44,5.55,4.91,0.00,VMS 1,,Tanque,,1.26,1.44,1.38,1.68,2.36,1.87,3.41,6.33
22/12/2024 05:39 a. m.,Ordeño,09:39,17.59,1,,,,,0,,0.96,1.14,1.08,1.20,0,0,0,0,5.10,5.19,4.90,0.00,VMS 1,,Tanque,,1.44,1.62,1.62,1.92,2.94,2.62,4.38,7.65
22/12/2024 11:39 a. m.,Ordeño,06:51,10.63,2,,TD,,,0,,0.84,1.08,0.84,0.84,0,0,0,0,5.11,5.18,0.00,4.22,VMS 1,,Tanque,,1.20,1.50,1.26,1.26,2.33,2.33,3.09,2.88
22/12/2024 10:27 p. m.,Ordeño,07:50,19.33,3,,,,,0,,1.02,1.14,1.26,1.20,0,0,0,0,5.23,5.22,5.16,0.00,VMS 1,,Tanque,,1.50,1.68,1.68,1.68,3.97,3.22,6.61,5.53
23/12/2024 10:41 a. m.,Ordeño,09:39,24.83,1,,,,,0,,0.96,1.26,1.20,1.20,0,0,0,0,5.48,5.58,5.21,0.00,VMS 1,,Tanque,,1.38,1.68,1.56,1.62,4.61,4.80,8.35,7.07
27/12/2024 09:31 p. m.,Ordeño,05:53,9.98,3,,,,,0,,0.66,0.90,1.02,1.08,0,0,0,0,5.06,5.45,4.83,0.00,VMS 1,,Tanque,,1.20,1.38,1.38,1.56,2.05,1.58,3.22,3.13
28/12/2024 03:26 a. m.,Ordeño,06:05,10.67,1,,,,,0,,0.84,0.96,1.08,1.14,0,0,0,0,5.34,5.58,5.16,0.00,VMS 1,,Tanque,,1.20,1.50,1.50,1.80,2.18,1.79,3.59,3.11
28/12/2024 11:58 a. m.,Ordeño,06:57,16.51,2,,,,,0,,0.96,1.08,1.14,1.08,0,0,0,0,5.60,5.77,5.32,0.00,VMS 1,,Tanque,,1.38,1.56,1.56,1.50,3.57,2.59,5.34,5.01
28/12/2024 11:38 p. m.,Ordeño,08:54,21.61,3,,,,,0,,1.02,1.14,1.14,1.08,0,0,0,0,5.47,5.77,5.16,0.00,VMS 1,,Tanque,,1.38,1.50,1.56,1.44,4.27,3.33,7.23,6.78
29/12/2024 05:13 p. m.,Ordeño,09:43,19.76,2,,,,,0,,1.08,1.14,1.08,1.08,0,0,0,0,5.76,5.51,5.11,0.00,VMS 1,,Tanque,,1.50,1.50,1.68,1.50,4.01,3.19,6.57,5.99
30/12/2024 07:20 a. m.,Ordeño,08:47,7.01,2,,,TI,TI,0,DD,0.72,1.02,0.00,0.84,0,601,0,0,5.68,4.80,0.00,0.00,VMS 1,,Tanque,,1.32,1.56,0.00,1.38,1.91,1.85,0.00,3.25
30/12/2024 01:43 p. m.,Ordeño,08:09,14.39,3,,,,,0,,0.72,0.90,0.96,1.08,0,0,0,0,5.26,4.99,4.66,0.00,VMS 1,,Tanque,,1.08,1.44,1.38,1.44,2.11,2.08,3.71,6.49
31/12/2024 06:26 p. m.,Ordeño,07:09,15.65,3,,,,,0,,0.90,1.02,1.14,1.02,0,0,0,0,5.57,5.08,4.90,0.00,VMS 1,,Tanque,,1.32,1.62,1.56,1.38,3.08,2.51,5.12,4.94
01/01/2025 03:49 a. m.,Ordeño,08:21,16.37,1,,,,,0,,0.84,1.08,0.90,0.96,0,0,0,0,5.51,5.11,4.59,0.00,VMS 1,,Tanque,,1.20,1.50,1.32,1.32,3.20,3.10,5.33,4.74
01/01/2025 06:58 p. m.,Ordeño,06:26,12.92,3,,,,,0,,0.96,1.02,1.08,1.08,0,0,0,0,5.41,5.07,4.82,0.00,VMS 1,,Tanque,,1.32,1.38,1.38,1.44,2.33,2.28,4.35,3.96
01/01/2025 11:49 p. m.,Ordeño,05:27,7.55,4,,,,,0,,0.60,0.66,0.78,0.84,0,0,0,0,5.14,4.88,0.00,4.56,VMS 1,,Tanque,,0.90,1.08,1.20,1.32,1.49,1.66,2.10,2.30
02/01/2025 02:58 p. m.,Ordeño,10:16,26.02,1,,,,,0,,1.14,1.20,1.20,1.08,0,0,0,0,6.03,5.53,5.41,0.00,VMS 1,,Tanque,,1.62,1.68,1.68,1.68,5.34,4.61,8.92,7.15
05/01/2025 12:45 a. m.,Ordeño,07:59,18.57,1,,,,,0,,1.08,1.08,1.14,1.02,0,0,0,0,5.70,5.33,5.31,0.00,VMS 1,,Tanque,,1.44,1.44,1.68,1.50,3.43,3.50,6.29,5.35
05/01/2025 09:33 a. m.,Ordeño,06:53,15.69,2,,,,,0,,1.20,1.08,1.20,1.14,0,0,0,0,5.45,5.00,4.82,0.00,VMS 1,,Tanque,,1.62,1.50,1.62,1.68,3.27,2.93,4.92,4.57
06/01/2025 12:15 a. m.,Ordeño,09:28,26.53,1,,,,,0,,1.14,1.14,1.26,1.14,0,0,0,0,5.58,5.24,5.17,0.00,VMS 1,,Tanque,,1.62,1.56,1.68,1.56,4.56,4.95,8.94,8.08
06/01/2025 10:45 a. m.,Ordeño,07:37,17.58,2,,,,,0,,0.96,1.08,0.96,1.02,0,0,0,0,5.37,5.04,0.00,4.89,VMS 1,,Tanque,,1.32,1.44,1.44,1.44,3.63,3.67,5.19,5.09
09/01/2025 09:14 a. m.,Ordeño,07:00,14.32,2,,,,,0,,0.96,1.14,1.02,0.90,0,0,0,0,5.28,4.98,4.74,0.00,VMS 1,,Tanque,,1.44,1.50,1.38,1.44,2.90,3.32,4.42,3.68
09/01/2025 09:54 p. m.,Ordeño,08:28,22.98,3,,,,,0,,1.02,1.20,1.14,1.02,0,0,0,0,5.56,5.12,5.05,0.00,VMS 1,,Tanque,,1.44,1.56,1.50,1.44,4.47,3.80,7.70,7.01
10/01/2025 07:10 a. m.,Ordeño,08:11,18.39,1,,,,,0,,1.14,1.14,1.14,1.02,0,0,0,0,5.41,5.19,5.11,0.00,VMS 1,,Tanque,,1.62,1.50,1.44,1.38,3.56,4.12,5.54,5.17
10/01/2025 02:59 p. m.,Ordeño,07:21,14.69,2,,,,,0,,0.96,1.20,0.96,1.02,0,0,0,0,5.20,5.03,4.98,0.00,VMS 1,,Tanque,,1.32,1.68,1.32,1.50,2.91,3.09,4.74,3.95
10/01/2025 10:40 p. m.,Ordeño,06:35,12.72,3,,,,,0,,1.02,1.14,0.90,0.96,0,0,0,0,5.26,4.99,4.89,0.00,VMS 1,,Tanque,,1.38,1.44,1.32,1.38,2.62,2.40,3.76,3.94
11/01/2025 10:15 a. m.,Ordeño,08:48,23.69,1,,,,,0,,1.20,1.26,1.14,1.20,0,0,0,0,5.67,5.23,0.00,5.29,VMS 1,,Tanque,,1.50,1.68,1.56,1.56,4.75,4.50,6.78,7.66
11/01/2025 09:05 p. m.,Ordeño,08:05,19.34,2,,,,,0,,1.08,1.20,1.08,0.96,0,0,0,0,5.34,5.09,5.02,0.00,VMS 1,,Tanque,,1.50,1.56,1.50,1.44,3.82,4.01,5.98,5.53
13/01/2025 05:36 p. m.,Ordeño,05:47,9.53,3,,,,,0,,0.84,0.96,1.02,0.90,0,0,0,0,5.33,4.83,4.85,0.00,VMS 1,,Tanque,,1.38,1.38,1.32,1.44,2.05,1.91,2.73,2.84
14/01/2025 07:02 a. m.,Ordeño,09:57,25.09,1,,,,,0,,1.26,1.20,1.26,1.08,0,0,0,0,5.81,5.07,5.22,0.00,VMS 1,,Tanque,,1.68,1.74,1.80,1.44,4.95,3.57,8.96,7.61
14/01/2025 11:50 a. m.,Ordeño,05:17,8.97,2,,,,,0,,0.78,1.08,0.96,0.96,0,0,0,0,5.21,4.89,4.72,0.00,VMS 1,,Tanque,,1.20,1.56,1.38,1.62,1.99,1.85,2.75,2.38
14/01/2025 09:06 p. m.,Ordeño,08:25,15.87,3,,,,,0,,1.08,1.14,1.08,0.96,0,343,0,0,5.48,4.95,4.85,0.00,VMS 1,,Tanque,,1.56,1.50,1.44,1.50,3.14,3.34,4.91,4.48
15/01/2025 10:12 p. m.,Ordeño,08:16,19.01,2,,,,,0,,1.02,1.20,1.14,0.96,0,0,0,0,5.41,5.10,4.78,0.00,VMS 1,,Tanque,,1.44,1.62,1.56,1.44,3.75,4.26,5.90,5.10
16/01/2025 06:14 a. m.,Ordeño,06:54,16.16,1,,,,,0,,1.08,1.26,1.14,1.08,0,0,0,0,5.49,5.26,5.19,0.00,VMS 1,,Tanque,,1.44,1.80,1.56,1.50,3.17,3.31,4.92,4.76
16/01/2025 02:15 p. m.,Ordeño,07:25,14.98,2,,,,,0,,1.08,1.26,1.02,1.02,0,0,0,0,5.34,5.16,4.75,0.00,VMS 1,,Tanque,,1.56,1.68,1.56,1.44,3.01,2.93,4.86,4.18
16/01/2025 10:18 p. m.,Ordeño,06:42,15.48,3,,,,,0,,0.96,1.14,1.14,1.02,0,0,0,0,5.35,5.11,5.07,0.00,VMS 1,,Tanque,,1.32,1.44,1.50,1.44,3.16,3.50,4.74,4.08
17/01/2025 08:20 a. m.,Ordeño,07:39,19.97,1,,,,,0,,1.14,1.32,1.20,1.08,0,0,0,0,5.25,5.23,5.00,0.00,VMS 1,,Tanque,,1.44,1.80,1.62,1.50,4.10,4.19,6.15,5.53
17/01/2025 02:12 p. m.,Ordeño,05:55,10.70,2,,,,,0,,0.90,1.20,1.02,0.96,0,0,0,0,5.04,4.95,4.93,0.00,VMS 1,,Tanque,,1.26,1.74,1.44,1.56,2.13,2.18,3.12,3.27
17/01/2025 10:44 p. m.,Ordeño,11:03,17.46,3,,,,,0,DI,1.20,1.26,1.02,1.02,0,0,0,0,5.97,5.06,5.08,0.00,VMS 1,,Tanque,,1.56,1.62,1.68,1.50,3.64,3.27,5.75,4.80
19/01/2025 07:43 p. m.,Ordeño,07:35,12.57,3,,,,,0,,0.90,1.14,1.08,0.84,0,0,0,0,5.07,4.80,4.77,0.00,VMS 1,,Tanque,,1.38,1.56,1.50,1.32,2.26,2.87,4.09,3.35
20/01/2025 05:12 a. m.,Ordeño,08:21,19.08,1,,,,,0,,1.08,1.20,1.08,1.02,0,0,0,0,5.63,5.08,4.92,0.00,VMS 1,,Tanque,,1.44,1.68,1.56,1.44,3.49,3.66,6.00,5.93
20/01/2025 03:28 p. m.,Ordeño,09:00,19.90,2,,,,,0,,1.08,1.26,0.96,0.90,0,0,0,0,5.33,5.02,4.93,0.00,VMS 1,,Tanque,,1.44,1.68,1.44,1.32,3.80,4.20,6.18,5.72
21/01/2025 01:32 a. m.,Ordeño,08:55,17.05,1,,,,,0,,1.08,1.20,1.02,0.90,0,0,0,0,5.31,4.94,4.77,0.00,VMS 1,,Tanque,,1.44,1.74,1.50,1.44,3.36,3.98,5.10,4.61
21/01/2025 08:09 a. m.,Ordeño,07:37,12.15,2,,,,,0,,0.90,1.08,1.08,0.96,0,0,0,0,4.89,4.76,4.69,0.00,VMS 1,,Tanque,,1.26,1.50,1.50,1.50,2.45,2.62,3.69,3.39
21/01/2025 04:32 p. m.,Ordeño,07:39,16.82,3,,,,,0,,1.08,1.20,1.08,0.96,0,0,0,0,5.79,5.47,5.32,0.00,VMS 1,,Tanque,,1.50,1.56,1.50,1.38,3.21,3.41,5.46,4.74
21/01/2025 10:48 p. m.,Ordeño,06:31,12.45,4,,,,,0,,0.84,1.02,1.08,1.02,0,0,0,0,5.15,4.92,4.87,0.00,VMS 1,,Tanque,,1.32,1.44,1.68,1.74,2.60,2.60,3.32,3.93
22/01/2025 06:14 a. m.,Ordeño,07:19,14.29,1,,,,,0,,0.90,1.14,1.02,0.90,0,0,0,0,5.15,4.94,4.72,0.00,VMS 1,,Tanque,,1.38,1.50,1.44,1.32,2.87,3.13,4.33,3.96
22/01/2025 02:41 p. m.,Ordeño,08:23,17.64,2,,,,,0,,1.02,1.20,1.14,0.96,0,0,0,0,5.34,5.21,5.01,0.00,VMS 1,,Tanque,,1.44,1.68,1.56,1.38,3.41,3.60,5.66,4.97
23/01/2025 02:26 a. m.,Ordeño,10:28,22.53,1,,,,,0,,1.20,1.26,1.14,1.08,0,0,0,0,5.44,5.23,5.07,0.00,VMS 1,,Tanque,,1.56,1.56,1.62,1.44,4.32,5.05,6.68,6.48
23/01/2025 09:43 a. m.,Ordeño,06:45,13.45,2,,,,,0,,0.90,1.14,1.02,0.96,0,0,0,0,5.09,5.01,4.64,0.00,VMS 1,,Tanque,,1.44,1.50,1.68,1.38,2.67,3.05,4.11,3.62
23/01/2025 05:10 p. m.,Ordeño,07:15,16.08,3,,,,,0,,1.08,1.14,1.08,1.08,0,0,0,0,5.45,5.05,4.97,0.00,VMS 1,,Tanque,,1.44,1.74,1.50,1.62,3.14,2.95,4.76,5.23
23/01/2025 10:41 p. m.,Ordeño,06:28,9.23,4,,,,,0,,0.84,0.90,0.96,0.78,0,0,0,0,5.17,4.86,4.77,0.00,VMS 1,,Tanque,,1.26,1.26,1.38,1.32,1.95,2.04,2.77,2.47
24/01/2025 08:13 a. m.,Ordeño,08:20,19.43,1,,,,,0,,1.02,1.20,1.26,1.08,0,0,0,0,5.59,5.13,4.92,0.00,VMS 1,,Tanque,,1.32,1.62,1.68,1.50,3.96,3.37,6.52,5.58
24/01/2025 03:54 p. m.,Ordeño,06:40,13.75,2,,,,,0,,1.08,1.14,1.02,0.96,0,0,0,0,5.19,4.93,0.00,4.63,VMS 1,,Tanque,,1.44,1.62,1.38,1.44,2.94,3.22,3.84,3.75
24/01/2025 10:09 p. m.,Ordeño,05:52,10.30,3,,,,,0,,0.84,1.02,0.96,0.96,0,0,0,0,5.04,4.67,4.64,0.00,VMS 1,,Tanque,,1.32,1.56,1.44,1.50,2.08,2.20,3.08,2.94
25/01/2025 08:24 a. m.,Ordeño,09:02,20.67,1,,,,,0,,1.14,1.38,1.14,1.20,0,0,0,0,5.53,5.29,4.65,0.00,VMS 1,,Tanque,,1.50,1.92,1.56,1.62,4.12,3.90,6.93,5.72
25/01/2025 09:01 p. m.,Ordeño,09:47,23.34,2,,,,,0,,1.20,1.26,1.20,1.08,0,0,0,0,5.45,5.35,4.95,0.00,VMS 1,,Tanque,,1.56,1.74,1.62,1.50,4.11,4.83,7.57,6.83
26/01/2025 09:07 a. m.,Ordeño,08:27,22.41,1,,,,,0,,1.14,1.26,1.26,1.08,0,0,0,0,5.28,5.30,4.89,0.00,VMS 1,,Tanque,,1.50,1.80,1.62,1.50,4.19,4.73,7.16,6.33
27/01/2025 12:19 a. m.,Ordeño,09:45,25.64,1,,,,,0,,1.26,1.26,1.20,1.14,0,0,0,0,5.51,5.32,5.32,0.00,VMS 1,,Tanque,,1.56,1.74,1.86,1.56,4.51,5.18,8.60,7.35
29/01/2025 04:08 p. m.,Ordeño,07:28,10.38,3,,,,,0,,0.72,1.08,0.72,0.96,0,0,0,0,5.53,5.28,5.01,0.00,VMS 1,,Tanque,,1.26,1.68,1.14,1.38,2.27,2.38,3.27,2.46
29/01/2025 10:26 p. m.,Ordeño,07:34,10.88,4,,,,,0,,0.72,1.14,0.72,0.96,0,0,0,0,5.40,5.07,4.95,0.00,VMS 1,,Tanque,,1.14,1.50,1.14,1.32,2.13,2.47,3.59,2.69
30/01/2025 11:34 a. m.,Ordeño,14:04,23.72,1,,,,,0,,1.08,1.20,0.66,1.26,0,303,0,0,5.76,5.23,5.22,0.00,VMS 1,,Tanque,,1.50,1.50,1.02,1.62,4.05,4.93,7.07,7.67
30/01/2025 05:11 p. m.,Ordeño,07:27,10.18,2,,,,,0,,0.78,1.02,0.72,0.96,0,0,0,0,5.37,5.11,4.94,0.00,VMS 1,,Tanque,,1.26,1.50,1.14,1.50,2.02,2.46,3.36,2.34
31/01/2025 02:42 a. m.,Ordeño,10:39,18.71,1,,,,,0,,1.02,1.20,0.78,1.02,0,0,0,0,5.36,5.04,4.80,0.00,VMS 1,,Tanque,,1.38,1.50,1.26,1.38,3.67,4.08,5.81,5.15
31/01/2025 10:46 a. m.,Ordeño,08:48,15.99,2,,,,,0,,1.02,1.20,0.84,1.08,0,0,0,0,5.35,5.12,4.93,0.00,VMS 1,,Tanque,,1.38,1.68,1.26,1.50,3.13,3.41,5.12,4.33
31/01/2025 11:52 p. m.,Ordeño,10:54,23.57,1,,,,,0,,1.14,1.20,0.96,1.14,0,0,0,0,5.43,5.13,5.05,0.00,VMS 1,,Tanque,,1.56,1.74,1.38,1.56,4.19,4.57,7.96,6.85
01/02/2025 08:18 a. m.,Ordeño,07:54,14.00,2,,,,,0,,1.02,1.20,0.90,1.08,0,0,0,0,5.20,5.01,4.73,0.00,VMS 1,,Tanque,,1.50,1.68,1.38,1.44,3.02,2.83,4.41,3.74
01/02/2025 02:38 p. m.,Ordeño,06:50,12.50,3,,,,,0,DI,1.02,1.08,0.90,1.08,0,0,0,0,5.75,5.01,4.78,0.00,VMS 1,,Tanque,,1.62,1.56,1.26,1.38,2.55,2.51,3.72,3.72
03/02/2025 06:34 p. m.,Ordeño,07:19,14.80,3,,,,,0,,1.26,1.14,0.90,1.02,0,0,0,0,5.66,5.29,5.06,0.00,VMS 1,,Tanque,,1.56,1.56,1.32,1.50,2.65,3.32,4.39,4.44
03/02/2025 11:52 p. m.,Ordeño,05:47,9.77,4,,,,,0,,0.78,1.02,0.90,0.96,0,0,0,0,5.20,5.02,4.79,0.00,VMS 1,,Tanque,,1.08,1.50,1.26,1.44,2.00,2.21,2.92,2.64
04/02/2025 10:50 a. m.,Ordeño,09:42,20.72,1,,,,,0,,1.14,1.26,0.96,1.20,0,0,0,0,5.34,5.20,5.07,0.00,VMS 1,,Tanque,,1.56,1.56,1.44,1.62,3.87,3.70,6.77,6.38
04/02/2025 07:39 p. m.,Ordeño,08:45,14.96,2,,,,,0,,1.02,1.08,0.84,1.14,0,0,0,0,5.13,4.80,4.67,0.00,VMS 1,,Tanque,,1.50,1.74,1.26,1.62,3.21,3.10,4.50,4.15
05/02/2025 02:28 a. m.,Ordeño,06:52,11.06,1,,,,,0,,0.84,1.08,0.78,0.96,0,0,0,0,5.08,4.99,4.74,0.00,VMS 1,,Tanque,,1.20,1.50,1.14,1.38,2.42,2.50,3.43,2.71
05/02/2025 01:54 p. m.,Ordeño,09:06,21.16,2,,,,,0,,1.08,1.26,1.02,1.14,0,0,0,0,5.20,5.33,5.15,0.00,VMS 1,,Tanque,,1.50,1.56,1.44,1.56,3.45,4.62,6.64,6.45
05/02/2025 10:40 p. m.,Ordeño,07:55,16.54,3,,,,,0,,1.08,1.20,0.96,0.96,0,0,0,0,5.20,5.20,4.81,0.00,VMS 1,,Tanque,,1.68,1.56,1.38,1.44,3.32,3.71,5.04,4.47
06/02/2025 07:30 a. m.,Ordeño,08:06,17.59,1,,,,,0,,1.26,1.32,0.96,1.14,0,0,0,0,5.39,5.20,4.96,0.00,VMS 1,,Tanque,,1.62,1.74,1.44,1.68,3.47,4.06,5.47,4.59
06/02/2025 03:01 p. m.,Ordeño,06:35,14.10,2,,,,,0,DI,1.14,1.26,0.96,1.08,0,0,0,0,5.99,5.26,4.97,0.00,VMS 1,,Tanque,,1.62,1.80,1.38,1.50,2.78,3.06,3.96,4.30
08/02/2025 10:47 p. m.,Ordeño,07:12,11.58,3,,,,,0,,0.90,1.14,0.78,1.02,0,0,0,0,5.22,5.00,4.78,0.00,VMS 1,,Tanque,,1.38,1.56,1.14,1.44,2.37,2.53,3.80,2.88
09/02/2025 05:14 a. m.,Ordeño,07:24,11.23,1,,,,,0,,0.90,1.14,0.84,1.08,0,0,0,0,5.10,4.99,4.64,0.00,VMS 1,,Tanque,,1.38,1.62,1.44,1.56,2.20,2.57,3.49,2.97
09/02/2025 02:57 p. m.,Ordeño,08:52,18.52,2,,,,,0,,1.32,1.32,1.02,1.26,0,0,0,0,5.76,5.40,5.25,0.00,VMS 1,,Tanque,,1.74,1.80,1.44,1.68,3.47,3.92,6.02,5.11
09/02/2025 10:38 p. m.,Ordeño,07:29,14.49,3,,,,,0,,1.02,1.26,0.90,1.08,0,0,0,0,5.30,5.25,4.93,0.00,VMS 1,,Tanque,,1.44,1.68,1.38,1.56,2.86,3.35,4.44,3.84
10/02/2025 09:07 a. m.,Ordeño,09:57,20.35,1,,,,,0,,1.32,1.38,0.96,1.32,0,0,0,0,5.49,5.39,5.13,0.00,VMS 1,,Tanque,,1.74,1.92,1.44,1.68,3.84,4.55,6.46,5.50
10/02/2025 02:55 p. m.,Ordeño,05:49,10.28,2,,,,,0,,0.96,1.32,0.90,1.20,0,0,0,0,5.14,5.10,4.83,0.00,VMS 1,,Tanque,,1.32,1.92,1.44,1.56,1.99,2.25,3.02,3.02
10/02/2025 11:49 p. m.,Ordeño,08:50,17.00,3,,,,,0,,1.14,1.32,0.90,1.14,0,0,0,0,5.49,5.38,5.14,0.00,VMS 1,,Tanque,,1.56,1.68,1.26,1.56,3.39,3.65,5.43,4.53
11/02/2025 06:51 a. m.,Ordeño,07:36,11.23,1,,,,,0,DI,0.90,1.14,0.72,1.08,0,0,0,0,6.02,5.12,4.81,0.00,VMS 1,,Tanque,,1.32,1.56,1.32,1.44,2.61,2.53,3.17,2.92
13/02/2025 04:17 p. m.,Ordeño,08:34,8.05,3,,,TD,TD,0,,0.90,1.14,0.84,0.00,0,0,0,0,5.65,5.27,5.16,0.00,VMS 1,,Tanque,,1.44,1.74,1.38,0.00,2.27,2.28,3.50,0.00
14/02/2025 01:09 a. m.,Ordeño,08:10,19.66,1,,,,,0,,1.20,1.26,0.96,1.32,0,0,0,0,5.62,5.45,5.21,0.00,VMS 1,,Tanque,,1.68,1.80,1.32,1.74,3.28,3.59,5.11,7.68
14/02/2025 11:49 a. m.,Ordeño,08:00,19.62,2,,,,,0,,1.20,1.44,1.14,1.20,0,0,0,0,5.48,5.38,4.95,0.00,VMS 1,,Tanque,,1.68,1.74,1.56,1.68,4.24,4.13,6.42,4.83
14/02/2025 04:34 p. m.,Ordeño,05:10,7.98,3,,,,,0,,0.90,1.26,0.96,1.08,0,0,0,0,5.34,5.10,4.97,0.00,VMS 1,,Tanque,,1.32,1.68,1.44,1.50,1.68,1.88,2.35,2.07
14/02/2025 11:21 p. m.,Ordeño,06:48,11.04,4,,,,,0,,0.90,1.14,0.84,1.02,0,0,0,0,4.93,4.96,4.78,0.00,VMS 1,,Tanque,,1.32,1.62,1.20,1.44,2.19,2.47,3.51,2.87
15/02/2025 09:16 a. m.,Ordeño,08:27,19.86,1,,,,,0,,1.20,1.44,1.02,1.20,0,0,0,0,5.40,5.45,5.23,0.00,VMS 1,,Tanque,,1.62,1.80,1.68,1.68,4.12,3.89,6.26,5.59
15/02/2025 03:06 p. m.,Ordeño,06:17,10.49,2,,,,,0,,1.08,1.20,1.14,0.84,0,0,0,0,5.20,5.11,5.10,0.00,VMS 1,,Tanque,,1.50,1.62,1.56,1.26,2.09,2.32,3.18,2.90
16/02/2025 01:03 a. m.,Ordeño,08:04,12.11,1,,,TD,TD,0,,0.96,1.44,1.20,0.00,0,0,0,0,5.19,5.36,0.00,0.00,VMS 1,,Tanque,,1.50,1.86,1.56,0.00,3.81,3.30,5.00,0.00
16/02/2025 10:39 a. m.,Ordeño,11:12,22.28,2,,,,,0,,1.14,1.44,1.08,1.02,0,0,0,0,5.61,5.33,5.88,0.00,VMS 1,,Tanque,,1.50,1.92,1.44,1.50,3.76,3.75,8.90,5.87
17/02/2025 02:22 a. m.,Ordeño,07:08,10.80,1,,,,,0,,0.78,1.38,0.78,1.08,0,0,0,0,5.08,4.79,4.67,0.00,VMS 1,,Tanque,,1.20,1.74,1.20,1.44,2.23,2.50,3.12,2.95
17/02/2025 12:18 p. m.,Ordeño,07:58,16.86,2,,,,,0,,1.08,1.50,0.96,1.14,0,0,0,0,5.66,5.07,5.16,0.00,VMS 1,,Tanque,,1.50,1.92,1.32,1.56,2.93,3.34,5.05,5.54
18/02/2025 09:01 p. m.,Ordeño,10:10,16.61,3,,,,,0,,1.02,1.32,0.78,0.90,0,0,0,0,5.80,5.41,5.34,0.00,VMS 1,,Tanque,,1.50,1.80,1.20,1.80,3.11,3.91,5.69,3.90
19/02/2025 02:37 a. m.,Ordeño,06:06,10.16,1,,,,,0,,0.84,1.14,0.84,1.14,0,0,0,0,5.73,5.42,5.26,0.00,VMS 1,,Tanque,,1.20,1.62,1.14,1.68,1.99,2.20,2.93,3.04
19/02/2025 11:36 a. m.,Ordeño,08:11,18.26,2,,,,,0,,1.20,1.32,1.02,1.08,0,0,0,0,5.80,5.43,5.25,0.00,VMS 1,,Tanque,,1.68,1.74,1.38,1.62,3.29,3.96,5.55,5.46
19/02/2025 11:16 p. m.,Ordeño,09:44,20.53,3,,,,,0,,1.20,1.26,0.96,1.08,0,0,0,0,5.72,5.43,5.40,0.00,VMS 1,,Tanque,,1.62,1.68,1.38,1.50,3.72,4.27,6.50,6.04
20/02/2025 07:18 a. m.,Ordeño,08:34,16.89,1,,,,,0,,1.20,1.20,0.84,0.84,0,0,0,0,5.71,5.23,5.07,0.00,VMS 1,,Tanque,,1.56,1.74,1.38,1.26,3.39,3.65,5.09,4.76
20/02/2025 01:56 p. m.,Ordeño,06:26,12.12,2,,,,,0,,1.14,1.32,0.96,1.08,0,0,0,0,5.44,5.36,5.21,0.00,VMS 1,,Tanque,,1.50,1.80,1.26,1.62,2.49,2.69,3.84,3.10
20/02/2025 10:30 p. m.,Ordeño,08:30,16.24,3,,,,,0,,1.14,1.26,0.90,1.02,0,0,0,0,5.53,5.30,5.32,0.00,VMS 1,,Tanque,,1.56,1.68,1.26,1.44,3.17,3.41,5.09,4.57
21/02/2025 04:58 a. m.,Ordeño,08:02,13.03,1,,,,,0,,1.02,1.32,0.84,1.08,0,0,0,0,5.12,5.15,5.08,0.00,VMS 1,,Tanque,,1.44,1.68,1.26,1.56,2.43,2.70,4.14,3.76
21/02/2025 02:17 p. m.,Ordeño,08:08,17.93,2,,,,,0,,1.20,1.38,1.08,1.20,0,0,0,0,5.99,5.35,5.14,0.00,VMS 1,,Tanque,,1.62,1.74,1.44,1.74,3.27,3.73,5.64,5.29
25/02/2025 02:19 p. m.,Ordeño,05:42,8.78,2,,,,,0,,0.72,1.14,0.90,0.90,0,0,0,0,5.46,5.01,4.88,0.00,VMS 1,,Tanque,,1.14,1.56,1.38,1.56,1.60,2.06,2.90,2.22
25/02/2025 10:07 p. m.,Ordeño,06:45,12.97,3,,,,,0,,0.78,1.08,1.02,1.08,0,0,0,0,5.54,5.13,5.07,0.00,VMS 1,,Tanque,,1.20,1.56,1.44,1.50,2.05,2.83,4.23,3.86
26/02/2025 08:08 a. m.,Ordeño,06:57,17.44,1,,,,,0,,1.14,1.26,1.26,1.20,0,0,0,0,6.06,5.42,5.41,0.00,VMS 1,,Tanque,,1.56,1.68,1.62,1.62,2.50,3.93,5.78,5.23
26/02/2025 02:06 p. m.,Ordeño,06:01,11.82,2,,,,,0,,1.02,1.20,0.96,1.08,0,0,0,0,5.66,5.15,0.00,5.07,VMS 1,,Tanque,,1.50,1.68,1.38,1.56,2.00,2.80,3.39,3.63
26/02/2025 07:59 p. m.,Ordeño,06:09,10.23,3,,,,,0,,0.78,1.20,0.96,0.90,0,0,0,0,5.39,5.15,5.14,0.00,VMS 1,,Tanque,,1.32,1.56,1.38,1.38,1.82,2.22,3.47,2.72
27/02/2025 02:13 a. m.,Ordeño,06:33,10.62,1,,,,,0,,0.84,1.32,0.96,0.96,0,0,0,0,5.45,5.28,5.28,0.00,VMS 1,,Tanque,,1.38,1.74,1.38,1.44,1.74,1.97,3.53,3.38
27/02/2025 07:56 a. m.,Ordeño,06:23,9.61,2,,TD,,,0,,0.78,1.14,0.90,0.96,0,0,0,0,5.46,5.34,5.27,0.00,VMS 1,,Tanque,,1.20,1.56,1.38,1.50,1.57,2.22,3.20,2.62
27/02/2025 01:53 p. m.,Ordeño,06:20,11.88,3,,,,,0,,0.90,1.38,1.02,0.96,0,0,0,0,5.45,5.41,5.29,0.00,VMS 1,,Tanque,,1.38,1.74,1.38,1.62,2.11,2.55,3.87,3.35
28/02/2025 02:48 a. m.,Ordeño,09:57,22.30,1,,,,,0,,1.14,1.38,0.96,1.08,0,0,0,0,5.45,5.65,5.25,0.00,VMS 1,,Tanque,,1.50,1.80,1.38,1.56,3.73,4.78,6.91,6.88
28/02/2025 09:59 a. m.,Ordeño,07:00,13.51,2,,,,,0,,0.96,1.32,0.96,1.08,0,0,0,0,5.18,5.11,4.92,0.00,VMS 1,,Tanque,,1.50,1.80,1.38,1.50,2.43,3.02,4.43,3.63
28/02/2025 05:24 p. m.,Ordeño,06:34,12.14,3,,,,,0,,0.96,1.32,1.02,0.84,0,0,0,0,5.04,5.00,0.00,4.83,VMS 1,,Tanque,,1.32,1.86,1.44,1.32,2.06,2.65,3.86,3.57
01/03/2025 12:57 a. m.,Ordeño,08:29,13.70,1,,,,,0,,0.90,1.20,0.84,1.02,0,0,0,0,5.17,5.08,4.97,0.00,VMS 1,,Tanque,,1.32,1.62,1.26,1.56,2.38,3.17,4.77,3.38
01/03/2025 07:24 a. m.,Ordeño,06:46,11.87,2,,,,,0,,0.96,1.32,0.90,1.08,0,0,0,0,4.91,4.85,4.84,0.00,VMS 1,,Tanque,,1.38,1.80,1.26,1.50,2.39,2.67,3.70,3.11
01/03/2025 06:37 p. m.,Ordeño,09:08,20.14,3,,,,,0,,0.96,1.14,1.02,1.14,0,0,0,0,5.28,5.15,4.98,0.00,VMS 1,,Tanque,,1.38,1.56,1.38,1.50,3.07,4.81,6.40,5.86
01/03/2025 11:28 p. m.,Ordeño,05:42,7.96,4,,,,,0,,0.72,0.90,0.78,0.90,0,0,0,0,4.88,4.54,4.45,0.00,VMS 1,,Tanque,,1.14,1.44,1.20,1.44,1.48,1.78,2.45,2.25
02/03/2025 07:33 a. m.,Ordeño,09:17,16.38,1,,,,,0,,0.90,1.26,0.84,0.96,0,0,0,0,5.53,4.89,4.78,0.00,VMS 1,,Tanque,,1.26,1.80,1.32,1.50,2.93,3.69,5.26,4.50
03/03/2025 05:37 p. m.,Ordeño,05:49,10.78,3,,,,,0,,0.90,1.26,0.96,1.08,0,0,0,0,5.33,4.84,4.83,0.00,VMS 1,,Tanque,,1.32,1.62,1.26,1.44,2.22,2.32,3.10,3.14
03/03/2025 11:18 p. m.,Ordeño,06:41,9.24,4,,,,,0,,0.78,1.08,0.90,0.84,0,0,0,0,5.00,4.65,0.00,4.63,VMS 1,,Tanque,,1.20,1.50,1.56,1.20,1.66,1.99,2.41,3.18
04/03/2025 07:30 a. m.,Ordeño,07:13,15.34,1,,TD,,,0,,1.02,1.20,1.02,1.08,0,0,0,0,5.25,4.88,4.74,0.00,VMS 1,,Tanque,,1.44,1.62,1.50,1.62,2.95,3.68,4.84,3.87
04/03/2025 05:10 p. m.,Ordeño,08:57,16.78,2,,,,,0,,1.02,1.20,0.96,1.08,0,313,0,0,5.17,4.93,4.84,0.00,VMS 1,,Tanque,,1.44,1.74,1.38,1.44,2.94,3.81,5.17,4.86
05/03/2025 12:41 a. m.,Ordeño,08:21,11.74,1,,,,,0,,0.90,1.14,0.84,0.96,0,0,0,0,4.90,4.62,4.55,0.00,VMS 1,,Tanque,,1.26,1.50,1.20,1.68,2.31,2.87,3.39,3.17
05/03/2025 09:51 a. m.,Ordeño,09:05,17.19,2,,,,,0,,0.90,1.20,0.84,0.96,0,0,0,0,5.10,4.89,4.69,0.00,VMS 1,,Tanque,,1.44,1.62,1.26,1.68,3.32,3.68,5.27,4.92
05/03/2025 10:20 p. m.,Ordeño,10:22,17.65,3,,,,,0,,0.96,1.08,0.84,0.96,0,0,0,0,4.95,4.51,4.48,0.00,VMS 1,,Tanque,,1.32,1.68,1.32,1.86,3.51,3.11,5.84,5.19
06/03/2025 08:05 a. m.,Ordeño,08:18,14.68,1,,,,,0,,0.90,1.26,0.90,1.02,0,0,0,0,5.07,4.79,4.62,0.00,VMS 1,,Tanque,,1.38,1.68,1.32,1.80,2.98,3.12,4.84,3.74
06/03/2025 02:00 p. m.,Ordeño,07:51,9.41,2,,DI,,,0,,0.84,1.08,1.14,0.72,0,331,0,0,5.40,4.73,4.74,0.00,VMS 1,,Tanque,,1.26,1.50,1.74,1.38,1.84,2.03,2.71,2.83
08/03/2025 10:58 a. m.,Ordeño,07:45,18.06,2,,,,,0,,1.20,1.20,1.08,1.20,0,0,0,0,5.24,4.80,4.83,0.00,VMS 1,,Tanque,,1.56,1.68,1.74,1.56,3.31,4.16,5.64,4.95
08/03/2025 05:55 p. m.,Ordeño,05:28,9.78,3,,,,,0,,1.02,1.20,0.90,0.96,0,0,0,0,5.04,4.82,4.68,0.00,VMS 1,,Tanque,,1.50,1.56,1.26,1.38,2.12,2.43,2.76,2.47
09/03/2025 09:36 a. m.,Ordeño,10:55,25.45,1,,,,,0,,1.14,1.26,1.02,1.08,0,0,0,0,5.18,4.83,4.73,0.00,VMS 1,,Tanque,,1.56,1.74,1.44,1.62,4.79,5.46,7.84,7.36
09/03/2025 10:22 p. m.,Ordeño,09:10,21.09,2,,,,,0,,1.08,1.26,1.02,1.14,0,0,0,0,4.73,4.55,4.52,0.00,VMS 1,,Tanque,,1.56,1.74,1.38,1.56,3.95,4.65,6.74,5.75
10/03/2025 10:47 a. m.,Ordeño,08:04,19.82,1,,,,,0,,1.08,1.38,1.14,1.14,0,0,0,0,4.86,4.90,4.58,0.00,VMS 1,,Tanque,,1.62,1.80,1.50,1.62,4.15,4.24,6.01,5.42
11/03/2025 06:16 p. m.,Ordeño,13:19,3.70,2,,,Todos,TD,0,,0.42,0.18,0.84,0.00,0,0,0,0,4.79,5.16,4.57,0.00,VMS 1,,Tanque,,0.96,0.42,1.56,0.00,1.31,0.23,2.16,0.00
12/03/2025 03:22 p. m.,Ordeño,13:08,4.87,2,,,"DD,TD",TD,0,DI,0.72,0.18,0.66,0.00,0,0,0,0,5.14,4.02,4.43,0.00,VMS 1,,Tanque,,1.44,0.48,1.14,0.00,1.42,0.25,3.20,0.00
17/03/2025 02:08 a. m.,Ordeño,07:04,12.06,1,,,,,0,,0.96,0.66,1.02,1.08,0,0,0,0,4.66,4.70,4.31,0.00,VMS 1,,Tanque,,1.56,1.38,1.44,1.56,2.53,1.04,4.50,3.99
17/03/2025 09:49 a. m.,Ordeño,05:40,11.85,2,,,,,0,,1.02,0.72,1.20,1.14,0,0,0,0,5.39,5.29,4.66,0.00,VMS 1,,Tanque,,1.44,1.26,1.62,1.68,2.84,1.01,4.09,3.91
18/03/2025 03:08 a. m.,Ordeño,06:30,11.29,1,,,,,0,,1.08,0.78,1.02,1.08,0,353,0,0,4.88,4.90,4.56,0.00,VMS 1,,Tanque,,1.38,1.26,1.44,1.50,2.64,0.97,3.77,3.91
18/03/2025 12:09 p. m.,Ordeño,07:44,12.88,2,,,,,0,,1.14,0.66,1.08,0.96,0,0,0,0,5.15,5.24,0.00,4.81,VMS 1,,Tanque,,1.50,1.14,1.56,1.32,2.99,1.03,3.89,4.97
18/03/2025 05:56 p. m.,Ordeño,09:13,5.46,3,,,TI,,0,DD,0.78,0.60,0.42,0.84,0,353,0,0,4.70,5.09,4.08,0.00,VMS 1,,Tanque,,1.26,1.56,0.72,1.38,1.79,0.86,0.38,2.43
18/03/2025 11:15 p. m.,Ordeño,07:03,10.01,4,,,,,0,,0.90,0.36,0.90,1.14,0,0,0,0,4.69,5.11,4.60,0.00,VMS 1,,Tanque,,1.38,0.66,1.38,1.56,1.64,0.61,2.36,5.40
19/03/2025 11:10 a. m.,Ordeño,10:51,18.75,1,,,,,0,,1.20,0.96,1.14,1.08,0,0,0,0,5.09,5.44,0.00,4.88,VMS 1,,Tanque,,1.62,1.62,1.56,1.50,3.92,1.91,6.21,6.71
19/03/2025 07:21 p. m.,Ordeño,06:42,11.56,2,,,,,0,,1.08,0.66,1.02,1.08,0,0,0,0,4.82,5.11,4.40,0.00,VMS 1,,Tanque,,1.44,1.08,1.68,1.62,2.63,1.06,4.45,3.42
20/03/2025 03:29 a. m.,Ordeño,07:13,13.49,1,,,,,0,,1.14,0.78,1.08,1.08,0,0,0,0,4.75,5.13,4.46,0.00,VMS 1,,Tanque,,1.56,1.32,1.50,1.44,2.93,1.34,5.12,4.10
20/03/2025 02:27 p. m.,Ordeño,08:05,17.18,2,,,,,0,,1.14,0.90,1.20,1.20,0,0,0,0,4.94,5.23,4.64,0.00,VMS 1,,Tanque,,1.50,1.44,1.62,1.74,3.82,1.27,6.32,5.77
21/03/2025 10:12 a. m.,Ordeño,08:53,6.91,2,,,,,0,,0.54,0.48,1.14,1.08,0,0,0,0,4.92,4.62,4.06,0.00,VMS 1,,Tanque,,1.02,0.84,1.74,1.50,1.32,0.65,2.67,2.27
21/03/2025 05:55 p. m.,Ordeño,07:19,10.31,3,,,,,0,,0.96,0.72,1.02,1.14,0,0,0,0,5.18,4.89,4.39,0.00,VMS 1,,Tanque,,1.50,1.20,1.50,1.50,2.02,1.19,4.13,2.97
22/03/2025 03:07 a. m.,Ordeño,07:04,12.63,1,,,,,0,,0.96,0.90,1.02,1.08,0,0,0,0,5.11,5.15,4.28,0.00,VMS 1,,Tanque,,1.44,1.56,1.44,1.62,2.62,1.35,4.42,4.24
22/03/2025 11:32 p. m.,Ordeño,06:44,12.29,3,,,,,0,,0.96,0.84,1.08,1.08,0,0,0,0,5.12,5.02,4.33,0.00,VMS 1,,Tanque,,1.38,1.50,1.50,1.44,2.62,1.23,4.61,3.83
23/03/2025 06:37 a. m.,Ordeño,06:23,10.76,1,,,,,0,,0.96,0.72,1.08,1.02,0,0,0,0,4.99,4.96,0.00,4.45,VMS 1,,Tanque,,1.38,1.56,1.56,1.62,2.29,1.14,3.37,3.96
23/03/2025 05:44 p. m.,Ordeño,08:25,17.10,2,,,,,0,,1.14,0.96,1.20,1.20,0,0,0,0,5.41,5.10,4.83,0.00,VMS 1,,Tanque,,1.56,1.44,1.62,1.62,3.67,1.42,6.97,5.04
24/03/2025 12:18 a. m.,Ordeño,06:59,9.07,1,,,,,0,,0.84,0.72,0.90,0.90,0,0,0,0,4.74,5.09,4.57,0.00,VMS 1,,Tanque,,1.26,1.32,1.56,1.50,1.95,1.19,3.41,2.52
24/03/2025 05:56 a. m.,Ordeño,06:28,8.40,2,,,,,0,,0.78,0.54,0.96,0.90,0,0,0,0,4.68,4.75,4.44,0.00,VMS 1,,Tanque,,1.20,0.84,1.44,1.38,1.92,0.97,3.16,2.35
24/03/2025 02:28 p. m.,Ordeño,11:32,15.06,3,,,,,0,,0.90,0.96,1.08,0.96,0,0,0,0,5.20,5.35,0.00,4.92,VMS 1,,Tanque,,1.32,1.38,1.50,1.56,3.01,1.59,5.01,5.45
24/03/2025 10:03 p. m.,Ordeño,07:35,12.58,4,,,,,0,,0.90,0.72,1.02,0.96,0,0,0,0,4.82,4.86,0.00,4.52,VMS 1,,Tanque,,1.56,1.26,1.44,1.38,2.72,1.23,3.78,4.85
25/03/2025 10:21 a. m.,Ordeño,08:48,19.28,1,,,,,0,,1.14,1.02,1.14,1.14,0,0,0,0,5.55,5.38,4.81,0.00,VMS 1,,Tanque,,1.62,1.50,1.62,1.50,4.26,1.92,7.06,6.04
25/03/2025 09:27 p. m.,Ordeño,09:16,17.73,2,,,,,0,,1.02,0.84,0.96,1.08,0,0,0,0,5.15,5.06,4.73,0.00,VMS 1,,Tanque,,1.44,1.32,1.56,1.86,4.13,1.87,6.29,5.44
26/03/2025 07:32 a. m.,Ordeño,08:37,16.18,1,,,,,0,,0.96,0.84,0.96,1.08,0,0,0,0,5.09,4.85,4.53,0.00,VMS 1,,Tanque,,1.56,1.32,1.32,1.44,3.58,1.66,5.69,5.25
26/03/2025 04:07 p. m.,Ordeño,09:55,14.20,2,,,,,0,,1.14,0.90,0.78,1.08,0,0,0,0,5.07,4.97,4.63,0.00,VMS 1,,Tanque,,1.62,1.32,1.14,1.50,2.85,1.45,5.39,4.51
27/03/2025 04:58 a. m.,Ordeño,09:43,18.87,1,,,,,0,,0.90,0.84,1.02,1.02,0,0,0,0,5.12,5.02,4.73,0.00,VMS 1,,Tanque,,1.38,1.26,1.50,1.50,4.47,2.05,6.70,5.65
27/03/2025 04:47 p. m.,Ordeño,09:52,20.20,2,,,,,0,,1.20,0.96,1.14,1.26,0,0,0,0,5.23,4.89,4.69,0.00,VMS 1,,Tanque,,1.56,1.44,1.62,1.80,3.96,1.84,7.20,7.20
28/03/2025 01:26 a. m.,Ordeño,07:34,13.37,1,,,,,0,,1.02,0.84,1.08,1.14,0,0,0,0,4.83,4.84,4.47,0.00,VMS 1,,Tanque,,1.74,1.32,1.44,1.62,2.93,1.38,4.67,4.39
28/03/2025 01:39 p. m.,Ordeño,09:01,17.67,2,,,,,0,,0.96,0.90,1.14,1.20,0,0,0,0,4.85,4.84,4.59,0.00,VMS 1,,Tanque,,1.50,1.32,1.62,1.62,3.91,1.84,6.77,5.15
28/03/2025 10:27 p. m.,Ordeño,07:36,13.58,3,,,,,0,,0.96,0.84,0.96,1.08,0,0,0,0,4.93,4.63,4.58,0.00,VMS 1,,Tanque,,1.44,1.38,1.44,1.68,2.83,1.14,4.94,4.67
31/03/2025 03:35 p. m.,Ordeño,06:17,11.21,2,,,,,0,,1.02,0.90,1.02,1.08,0,314,0,0,5.20,4.76,4.58,0.00,VMS 1,,Tanque,,1.44,1.44,1.38,1.50,2.55,1.26,3.71,3.69
01/04/2025 12:02 a. m.,Ordeño,07:04,12.98,1,,,,,0,,1.02,0.96,1.08,1.14,0,0,0,0,5.06,4.90,4.72,0.00,VMS 1,,Tanque,,1.44,1.38,1.56,1.62,2.51,1.52,4.83,4.12
01/04/2025 10:49 a. m.,Ordeño,08:52,18.68,2,,,,,0,,1.08,1.02,1.02,1.26,0,0,0,0,5.45,5.34,5.02,0.00,VMS 1,,Tanque,,1.50,1.50,1.44,1.62,3.99,2.07,6.42,6.20
01/04/2025 10:57 p. m.,Ordeño,09:07,19.92,3,,,,,0,,1.08,0.96,1.08,1.14,0,0,0,0,5.33,5.46,4.95,0.00,VMS 1,,Tanque,,1.50,1.56,1.50,1.56,4.30,2.59,7.03,6.00
02/04/2025 02:02 p. m.,Ordeño,11:28,25.30,1,,,,,0,,1.08,1.14,1.20,1.26,0,0,0,0,5.35,5.53,5.07,0.00,VMS 1,,Tanque,,1.56,1.62,1.86,1.74,5.66,2.64,9.33,7.67
05/04/2025 04:45 p. m.,Ordeño,06:13,12.76,2,,,,,0,,0.96,0.96,1.08,1.14,0,0,0,0,5.34,5.27,0.00,4.80,VMS 1,,Tanque,,1.38,1.44,1.56,1.50,2.69,1.71,3.92,4.44
06/04/2025 12:23 a. m.,Ordeño,06:23,10.82,1,,,,,0,,0.96,0.78,1.08,1.02,0,0,0,0,5.22,5.12,4.74,0.00,VMS 1,,Tanque,,1.44,1.32,1.44,1.62,1.96,1.31,3.86,3.69
06/04/2025 01:44 p. m.,Ordeño,08:38,20.78,2,,,,,0,,1.20,1.02,1.32,1.26,0,0,0,0,5.68,5.45,5.15,0.00,VMS 1,,Tanque,,1.62,1.50,1.74,1.68,4.00,1.97,8.27,6.54
06/04/2025 10:55 p. m.,Ordeño,07:17,11.07,3,,,,,0,,1.02,0.78,0.96,0.90,0,0,0,0,5.10,5.19,4.79,0.00,VMS 1,,Tanque,,1.56,1.26,1.50,1.38,2.44,1.31,3.94,3.38
09/04/2025 05:34 a. m.,Ordeño,09:14,14.57,1,,,,,0,,1.14,0.90,1.02,1.14,0,0,0,0,5.04,4.78,4.72,0.00,VMS 1,,Tanque,,1.50,1.32,1.38,1.44,3.12,1.42,5.17,4.86
09/04/2025 12:41 p. m.,Ordeño,06:56,12.15,2,,,,,0,,0.96,0.84,1.14,1.08,0,0,0,0,5.06,4.77,4.72,0.00,VMS 1,,Tanque,,1.50,1.32,1.56,1.56,2.59,1.29,4.57,3.70
09/04/2025 11:24 p. m.,Ordeño,08:28,17.30,3,,,,,0,,0.96,1.08,1.08,1.20,0,0,0,0,5.32,5.37,4.99,0.00,VMS 1,,Tanque,,1.50,1.56,1.44,1.56,3.46,1.76,6.53,5.55
10/04/2025 08:46 a. m.,Ordeño,08:42,16.21,1,,,,,0,,0.96,0.96,1.08,1.14,0,0,0,0,5.05,5.03,4.80,0.00,VMS 1,,Tanque,,1.44,1.56,1.50,1.62,3.45,1.77,5.74,5.25
10/04/2025 04:00 p. m.,Ordeño,06:57,11.63,2,,,,,0,,0.90,0.78,0.90,0.96,0,0,0,0,4.96,4.77,4.74,0.00,VMS 1,,Tanque,,1.44,1.20,1.32,1.44,2.66,1.10,4.15,3.72
10/04/2025 11:50 p. m.,Ordeño,07:07,14.36,3,,,,,0,,0.96,0.96,1.02,1.20,0,0,0,0,5.04,4.93,4.84,0.00,VMS 1,,Tanque,,1.44,1.44,1.44,1.62,3.12,1.45,4.89,4.90
16/04/2025 10:20 a. m.,Ordeño,06:25,13.39,2,,,,,0,,1.02,0.96,1.20,1.20,0,0,0,0,5.47,5.18,0.00,5.03,VMS 1,,Tanque,,1.56,1.44,1.74,1.56,2.91,1.35,4.31,4.82
16/04/2025 06:16 p. m.,Ordeño,07:33,12.64,3,,,,,0,,0.96,0.90,0.96,1.08,0,0,0,0,5.33,5.25,4.77,0.00,VMS 1,,Tanque,,1.56,1.44,1.38,1.50,2.64,1.58,4.61,3.81
17/04/2025 03:02 a. m.,Ordeño,08:00,14.99,1,,,,,0,,1.14,0.96,1.08,1.20,0,0,0,0,5.21,5.24,4.96,0.00,VMS 1,,Tanque,,1.92,1.56,1.38,1.74,3.01,1.81,5.69,4.48
19/04/2025 05:40 a. m.,Ordeño,06:44,11.02,1,,,,,0,,0.84,0.90,0.96,0.96,0,0,0,0,5.11,4.92,4.51,0.00,VMS 1,,Tanque,,1.38,1.44,1.50,1.44,2.46,1.24,4.00,3.32
19/04/2025 03:58 p. m.,Ordeño,07:44,16.84,2,,,,,0,,1.14,1.20,1.20,1.02,0,0,0,0,5.58,5.20,5.09,0.00,VMS 1,,Tanque,,1.62,1.56,1.56,1.50,3.06,2.13,6.00,5.65
19/04/2025 11:17 p. m.,Ordeño,06:40,10.61,3,,,,,0,,0.90,0.54,0.96,0.96,0,0,0,0,5.18,4.63,4.67,0.00,VMS 1,,Tanque,,1.44,0.90,1.44,1.38,2.40,0.96,3.91,3.34
20/04/2025 06:00 a. m.,Ordeño,06:49,10.94,1,,,,,0,,0.90,0.66,0.96,0.96,0,0,0,0,5.05,4.76,4.80,0.00,VMS 1,,Tanque,,1.38,1.14,1.32,1.38,2.39,1.15,4.04,3.36
20/04/2025 05:31 p. m.,Ordeño,08:53,18.52,2,,,,,0,,1.14,1.08,1.08,1.08,0,0,0,0,5.37,5.23,4.94,0.00,VMS 1,,Tanque,,1.56,1.50,1.44,1.50,4.13,1.63,6.72,6.04
21/04/2025 01:29 a. m.,Ordeño,07:14,12.53,1,,TD,,,0,,0.96,0.84,1.02,1.08,0,0,0,0,4.98,4.62,4.53,0.00,VMS 1,,Tanque,,1.44,1.32,1.38,1.56,2.87,1.22,4.56,3.88
21/04/2025 12:20 p. m.,Ordeño,07:29,18.62,2,,,,,0,,1.32,1.20,1.32,1.26,0,0,0,0,5.43,5.23,4.89,0.00,VMS 1,,Tanque,,1.68,1.68,1.74,1.80,3.83,2.32,6.69,5.78
21/04/2025 10:06 p. m.,Ordeño,07:46,15.25,3,,,,,0,DI,1.14,0.90,1.02,1.08,0,0,0,0,5.66,4.85,4.70,0.00,VMS 1,,Tanque,,1.56,1.44,1.50,1.62,3.55,1.42,5.36,4.92
22/04/2025 09:29 a. m.,Ordeño,08:06,11.54,1,,,TI,TI,0,,1.14,0.90,0.00,1.20,0,0,0,0,6.13,5.90,0.00,0.00,VMS 1,,Tanque,,1.62,1.44,0.00,1.74,3.97,1.66,0.00,5.91
22/04/2025 02:39 p. m.,Ordeño,11:55,12.20,2,,,,,0,DI,0.72,0.60,0.90,1.14,0,0,0,0,5.71,4.80,4.76,0.00,VMS 1,,Tanque,,1.32,1.56,1.26,1.62,1.83,1.39,2.21,6.77
24/04/2025 11:49 a. m.,Ordeño,08:09,20.81,1,,,,,0,,1.26,1.20,1.32,1.32,0,0,0,0,5.43,5.38,5.07,0.00,VMS 1,,Tanque,,1.74,1.56,1.80,1.74,4.08,2.53,7.48,6.72
24/04/2025 06:18 p. m.,Ordeño,06:04,8.12,2,,,,,0,,0.90,0.78,0.90,1.14,0,0,0,0,4.90,4.78,4.53,0.00,VMS 1,,Tanque,,1.44,1.32,1.38,1.62,1.83,0.88,2.71,2.70
25/04/2025 12:42 a. m.,Ordeño,10:15,9.91,1,,,,,0,,0.78,0.84,1.20,0.96,0,0,0,0,5.06,4.97,5.12,0.00,VMS 1,,Tanque,,1.26,1.32,2.04,1.38,1.90,1.32,3.62,3.07
25/04/2025 06:57 a. m.,Ordeño,06:23,11.08,2,,,,,0,,0.96,0.78,1.26,1.14,0,0,0,0,5.17,4.78,0.00,4.99,VMS 1,,Tanque,,1.50,1.32,1.86,1.62,2.44,0.99,3.37,4.28
25/04/2025 05:52 p. m.,Ordeño,08:38,18.74,3,,,,,0,,1.08,1.08,1.14,1.26,0,0,0,0,5.37,5.33,5.24,0.00,VMS 1,,Tanque,,1.56,1.56,1.50,1.74,3.55,1.84,7.04,6.31
26/04/2025 02:12 a. m.,Ordeño,07:17,13.49,1,,,,,0,,0.90,0.96,1.02,1.14,0,0,0,0,5.04,4.93,4.90,0.00,VMS 1,,Tanque,,1.44,1.38,1.44,1.86,3.03,1.51,4.75,4.20
28/04/2025 11:41 p. m.,Ordeño,06:07,12.15,3,,,,,0,,0.96,0.72,1.20,1.14,0,0,0,0,5.34,4.68,4.80,0.00,VMS 1,,Tanque,,1.68,1.02,1.68,1.50,3.02,1.39,4.24,3.50
29/04/2025 09:42 a. m.,Ordeño,07:24,18.05,1,,,,,0,,1.32,1.02,1.32,1.32,0,0,0,0,5.53,5.17,4.98,0.00,VMS 1,,Tanque,,1.68,1.56,1.74,1.74,3.45,2.16,6.59,5.85
29/04/2025 07:05 p. m.,Ordeño,07:42,15.90,2,,,,,0,,1.02,0.90,1.14,1.14,0,0,0,0,5.26,5.10,5.05,0.00,VMS 1,,Tanque,,1.68,1.38,1.62,1.68,3.33,1.71,5.91,4.95
30/04/2025 02:29 a. m.,Ordeño,06:52,11.94,1,,,,,0,,0.96,0.72,1.02,1.14,0,0,0,0,5.18,4.83,4.92,0.00,VMS 1,,Tanque,,1.50,1.26,1.50,1.50,2.63,1.22,4.10,3.99
30/04/2025 02:07 p. m.,Ordeño,08:30,19.33,2,,,,,0,,1.14,0.96,1.14,1.20,0,0,0,0,5.35,5.06,5.00,0.00,VMS 1,,Tanque,,1.50,1.44,1.56,1.68,4.04,2.25,6.79,6.25
05/05/2025 12:11 a. m.,Ordeño,09:34,18.45,1,,,,,0,,0.96,0.96,1.02,1.20,0,0,0,0,5.33,5.15,4.86,0.00,VMS 1,,Tanque,,1.50,1.44,1.38,1.62,3.94,2.16,6.74,5.61
05/05/2025 03:03 p. m.,Ordeño,09:01,23.35,2,,,,,0,,1.26,1.08,1.26,1.32,0,0,0,0,5.65,5.24,5.26,0.00,VMS 1,,Tanque,,1.86,1.50,1.86,1.74,4.85,2.76,8.13,7.61
05/05/2025 10:30 p. m.,Ordeño,10:35,6.90,3,,,TD,TD,0,,0.96,0.78,0.96,0.00,0,0,0,0,4.96,4.74,4.70,0.00,VMS 1,,Tanque,,1.44,1.26,1.50,0.00,2.25,1.29,3.36,0.00
06/05/2025 01:04 p. m.,Ordeño,08:59,23.60,1,,,,,0,,1.14,1.08,1.26,1.32,0,0,0,0,5.58,5.45,5.25,0.00,VMS 1,,Tanque,,1.62,1.56,1.68,1.74,4.61,2.40,8.27,8.32
06/05/2025 09:45 p. m.,Ordeño,09:36,11.80,2,,TD,,,0,,1.08,1.02,1.02,1.20,0,0,0,0,5.20,5.10,0.00,4.85,VMS 1,,Tanque,,1.50,1.62,1.44,1.80,2.86,1.80,3.98,3.16
07/05/2025 08:18 a. m.,Ordeño,08:46,18.93,1,,,,,0,,1.02,1.08,1.14,1.20,0,0,0,0,5.34,5.36,5.24,0.00,VMS 1,,Tanque,,1.74,1.50,1.50,1.56,3.67,2.34,6.78,6.14
08/05/2025 03:00 p. m.,Ordeño,07:28,12.90,2,,,,,0,,0.78,0.90,1.08,1.08,0,0,0,0,5.19,4.97,4.58,0.00,VMS 1,,Tanque,,1.32,1.38,1.50,1.56,2.37,1.94,4.83,3.76
10/05/2025 10:38 p. m.,Ordeño,07:24,11.68,3,,,,,0,,0.78,0.90,0.96,1.20,0,0,0,0,5.19,5.10,4.98,0.00,VMS 1,,Tanque,,1.38,1.26,1.44,1.68,2.31,1.49,4.00,3.88
11/05/2025 07:51 a. m.,Ordeño,07:04,14.10,1,,,,,0,,1.02,0.96,1.14,1.26,0,0,0,0,5.41,5.09,5.10,0.00,VMS 1,,Tanque,,1.50,1.56,1.56,1.68,2.75,1.63,5.23,4.49
11/05/2025 11:09 p. m.,Ordeño,10:01,23.35,2,,,,,0,,1.20,1.08,1.26,1.26,0,0,0,0,6.00,5.49,5.46,0.00,VMS 1,,Tanque,,1.62,1.56,1.74,1.62,4.85,2.53,8.58,7.39
12/05/2025 09:42 a. m.,Ordeño,07:18,18.05,1,,,,,0,,1.44,1.20,1.32,1.32,0,0,0,0,5.40,5.36,5.12,0.00,VMS 1,,Tanque,,1.92,1.62,1.74,1.86,3.23,2.58,6.56,5.68
13/05/2025 06:15 a. m.,Ordeño,10:47,26.23,1,,,,,0,,1.20,1.08,1.38,1.26,0,0,0,0,5.62,5.23,5.50,0.00,VMS 1,,Tanque,,1.74,1.56,1.80,1.68,5.19,2.34,11.02,7.68
14/05/2025 10:24 p. m.,Ordeño,07:12,13.02,3,,,,,0,,0.84,0.96,1.02,1.14,0,0,0,0,5.35,5.03,5.09,0.00,VMS 1,,Tanque,,1.50,1.62,1.56,1.74,2.65,1.55,4.78,4.04
15/05/2025 08:41 a. m.,Ordeño,08:07,17.35,1,,,,,0,,1.08,1.14,1.08,1.14,0,0,0,0,5.82,5.36,5.30,0.00,VMS 1,,Tanque,,1.50,1.68,1.56,1.50,3.47,2.05,6.21,5.62
15/05/2025 06:56 p. m.,Ordeño,08:03,17.67,2,,,,,0,,1.02,1.08,1.14,1.14,0,0,0,0,5.76,5.49,5.23,0.00,VMS 1,,Tanque,,1.62,1.44,1.62,1.80,3.56,2.29,6.31,5.51
16/05/2025 02:35 a. m.,Ordeño,06:22,11.54,1,,,,,0,,0.90,1.02,1.20,1.02,0,0,0,0,5.21,5.23,0.00,4.97,VMS 1,,Tanque,,1.38,1.86,1.44,1.38,2.47,1.47,3.55,4.05
17/05/2025 12:26 a. m.,Ordeño,08:11,9.69,1,,,TD,TD,0,,1.02,1.02,1.08,0.00,0,0,0,0,5.45,4.99,4.84,0.00,VMS 1,,Tanque,,1.44,1.56,1.56,0.00,3.06,1.75,4.88,0.00
17/05/2025 08:51 a. m.,Ordeño,09:00,18.00,2,,,,,0,,1.08,1.02,1.20,1.26,0,0,0,0,5.46,5.11,4.98,0.00,VMS 1,,Tanque,,1.62,1.50,1.68,1.68,2.74,1.82,4.77,8.67
17/05/2025 10:40 p. m.,Ordeño,09:36,21.92,3,,,,,0,,1.20,1.14,1.20,1.26,0,0,0,0,5.67,5.17,5.31,0.00,VMS 1,,Tanque,,1.56,1.62,1.56,1.80,4.29,2.17,8.39,7.07
18/05/2025 12:36 p. m.,Ordeño,08:28,20.02,1,,,,,0,,1.02,1.26,1.26,1.32,0,0,0,0,5.25,5.12,4.90,0.00,VMS 1,,Tanque,,1.44,1.80,1.68,1.80,4.42,2.18,7.45,5.97
18/05/2025 09:55 p. m.,Ordeño,07:54,14.21,2,,,,,0,,1.02,0.96,1.08,1.20,0,0,0,0,5.09,4.70,4.82,0.00,VMS 1,,Tanque,,1.68,1.44,1.44,1.56,2.94,1.49,5.41,4.37
19/05/2025 08:35 a. m.,Ordeño,07:28,15.85,1,,,,,0,,0.96,1.02,1.14,1.20,0,0,0,0,5.09,5.05,4.87,0.00,VMS 1,,Tanque,,1.38,1.62,1.56,1.62,3.38,1.85,5.76,4.86
22/05/2025 02:29 a. m.,Ordeño,09:39,12.74,1,,,,,0,,1.20,1.08,1.20,1.14,0,0,0,0,5.32,4.99,4.83,0.00,VMS 1,,Tanque,,1.74,1.50,1.68,1.62,2.58,1.67,4.65,3.84
22/05/2025 04:03 p. m.,Ordeño,10:11,21.26,2,,,,,0,,1.08,1.20,1.14,1.20,0,0,0,0,5.39,5.25,5.10,0.00,VMS 1,,Tanque,,1.50,1.62,1.62,1.62,4.26,2.86,7.47,6.67
23/05/2025 06:04 a. m.,Ordeño,10:03,21.32,1,,,,,0,,1.20,1.20,1.20,1.20,0,0,0,0,5.32,5.06,4.83,0.00,VMS 1,,Tanque,,1.80,1.56,1.62,1.62,4.49,2.65,7.55,6.63
23/05/2025 05:29 p. m.,Ordeño,07:41,16.44,2,,,,,0,,1.02,1.02,1.26,1.14,0,0,0,0,5.16,5.00,4.99,0.00,VMS 1,,Tanque,,1.56,1.62,1.80,1.62,3.37,1.91,5.85,5.31
24/05/2025 06:25 a. m.,Ordeño,11:22,17.37,1,,,,,0,,1.14,1.08,1.14,1.20,0,0,0,0,5.33,5.13,4.96,0.00,VMS 1,,Tanque,,1.62,1.56,1.56,2.10,3.92,2.13,6.56,4.76
24/05/2025 02:09 p. m.,Ordeño,07:58,13.87,2,,,,,0,,1.02,0.90,1.14,1.08,0,0,0,0,5.18,5.13,0.00,4.90,VMS 1,,Tanque,,1.50,1.38,1.62,1.56,2.69,1.79,5.21,4.18
26/05/2025 12:54 p. m.,Ordeño,08:45,9.90,2,,,TD,TD,0,,1.02,1.20,1.14,0.00,0,0,0,0,5.45,5.25,5.23,0.00,VMS 1,,Tanque,,1.80,1.62,1.68,0.00,3.02,1.95,4.93,0.00
26/05/2025 07:27 p. m.,Ordeño,12:28,12.51,3,,,,,0,,1.02,0.72,1.14,1.08,0,0,0,0,5.33,4.78,4.83,0.00,VMS 1,,Tanque,,1.50,1.32,2.10,1.44,2.21,1.37,2.96,5.97
27/05/2025 03:24 a. m.,Ordeño,07:21,14.19,1,,,,,0,,0.78,0.90,1.20,1.20,0,0,0,0,5.20,4.98,0.00,5.30,VMS 1,,Tanque,,1.26,1.32,1.56,1.68,2.85,1.32,5.15,4.87
27/05/2025 10:33 a. m.,Ordeño,10:23,10.39,2,,DD,,,0,,0.90,1.26,1.20,0.96,0,0,0,0,5.09,5.59,5.00,0.00,VMS 1,,Tanque,,1.44,2.52,1.74,1.44,2.56,1.32,3.61,2.90
27/05/2025 06:53 p. m.,Ordeño,07:14,13.94,3,,TD,,,0,,0.90,1.08,1.14,1.14,0,0,0,0,5.15,5.15,5.11,0.00,VMS 1,,Tanque,,1.38,1.62,1.50,1.68,2.60,1.75,5.52,4.07
28/05/2025 01:28 a. m.,Ordeño,07:41,11.22,1,,,,,0,,1.02,0.90,1.20,0.90,0,0,0,0,5.20,4.98,4.96,0.00,VMS 1,,Tanque,,1.56,1.44,1.62,1.44,2.48,1.53,3.64,3.57
28/05/2025 08:50 a. m.,Ordeño,06:28,10.92,2,,,,,0,,1.14,0.96,1.20,1.26,0,0,0,0,5.60,4.99,0.00,4.96,VMS 1,,Tanque,,1.62,1.44,1.74,1.68,2.10,1.40,3.16,4.26
28/05/2025 07:26 p. m.,Ordeño,07:33,16.96,3,,,,,0,,1.02,1.08,1.20,1.20,0,0,0,0,5.53,5.00,4.95,0.00,VMS 1,,Tanque,,1.56,1.56,1.62,1.62,3.58,1.74,5.87,5.77
29/05/2025 03:17 a. m.,Ordeño,08:31,11.94,1,,TD,,,0,DI,1.14,1.02,1.14,1.14,0,0,0,0,5.84,4.74,0.00,4.83,VMS 1,,Tanque,,1.56,1.68,2.16,1.50,2.46,1.37,3.67,4.44
30/05/2025 06:19 a. m.,Ordeño,07:45,16.34,1,,,,,0,,1.14,1.08,1.02,1.14,0,0,0,0,5.22,4.86,0.00,4.80,VMS 1,,Tanque,,1.56,1.56,1.38,1.50,3.24,2.16,5.44,5.50
30/05/2025 03:05 p. m.,Ordeño,08:46,9.47,2,,,TD,TD,0,,0.90,1.08,1.08,0.00,0,0,0,0,5.22,5.01,4.84,0.00,VMS 1,,Tanque,,1.68,1.56,1.50,0.00,2.76,1.66,5.05,0.00
31/05/2025 03:25 a. m.,Ordeño,08:11,21.01,1,,,,,0,,0.96,0.84,1.20,1.20,0,0,0,0,5.39,4.95,5.14,0.00,VMS 1,,Tanque,,1.38,1.32,1.56,1.68,4.40,1.74,6.98,7.89
31/05/2025 04:18 p. m.,Ordeño,09:01,19.59,2,,,,,0,,1.26,1.20,1.14,1.14,0,0,0,0,5.17,5.07,4.96,0.00,VMS 1,,Tanque,,1.56,1.68,1.56,1.62,4.36,2.29,7.34,5.60
01/06/2025 01:37 a. m.,Ordeño,06:42,13.78,1,,,,,0,,1.14,1.20,1.20,1.20,0,0,0,0,5.14,5.07,4.87,0.00,VMS 1,,Tanque,,1.56,1.74,1.74,1.62,2.92,1.93,5.01,3.92
01/06/2025 09:12 a. m.,Ordeño,05:42,10.99,2,,,,,0,,1.02,1.26,1.02,1.32,0,0,0,0,5.30,5.07,0.00,5.18,VMS 1,,Tanque,,1.56,1.80,1.56,1.92,2.48,1.32,3.46,3.73
01/06/2025 07:57 p. m.,Ordeño,08:11,17.04,3,,,,,0,,1.20,1.26,1.44,1.14,0,0,0,0,5.44,5.15,5.16,0.00,VMS 1,,Tanque,,1.56,1.62,1.98,1.50,3.30,2.45,5.52,5.77
02/06/2025 07:28 a. m.,Ordeño,08:03,17.82,1,,,,,0,,1.14,1.32,1.20,1.20,0,0,0,0,5.05,5.12,5.10,0.00,VMS 1,,Tanque,,1.56,1.98,1.50,1.62,3.18,2.51,6.44,5.69
02/06/2025 08:12 p. m.,Ordeño,10:24,16.73,2,,,,,0,,1.26,1.20,1.26,1.08,0,0,0,0,5.56,4.94,0.00,5.04,VMS 1,,Tanque,,1.68,1.80,1.68,1.62,4.04,1.44,4.81,6.44
03/06/2025 05:39 p. m.,Ordeño,05:22,7.12,2,,,,,0,,1.08,0.72,1.08,1.20,0,0,0,0,5.14,4.62,4.79,0.00,VMS 1,,Tanque,,1.62,1.26,1.50,1.74,1.43,0.84,2.48,2.37
04/06/2025 04:14 a. m.,Ordeño,08:46,14.21,1,,,,,0,DI,1.08,1.08,1.14,1.20,0,0,0,0,5.56,4.80,4.85,0.00,VMS 1,,Tanque,,1.56,1.68,1.44,1.56,2.56,1.91,5.35,4.39
05/06/2025 07:54 p. m.,Ordeño,10:33,12.65,2,,,,,0,,1.02,0.96,1.20,0.84,0,0,0,0,5.31,5.01,5.23,0.00,VMS 1,,Tanque,,1.50,1.56,1.68,1.26,2.94,1.48,4.28,3.95
06/06/2025 06:32 a. m.,Ordeño,09:45,15.72,1,,,,,0,,1.20,1.08,1.20,1.20,0,0,0,0,5.50,5.21,0.00,5.24,VMS 1,,Tanque,,1.80,1.56,1.62,1.86,3.38,1.66,4.61,6.07
06/06/2025 03:48 p. m.,Ordeño,08:56,15.17,2,,,,,0,,1.08,1.08,1.02,1.26,0,0,0,0,5.49,5.54,0.00,5.45,VMS 1,,Tanque,,1.62,1.56,1.38,1.74,2.98,2.11,4.94,5.14
07/06/2025 03:36 a. m.,Ordeño,09:17,18.28,1,,,,,0,,1.32,1.20,1.08,1.26,0,0,0,0,5.60,5.42,0.00,5.39,VMS 1,,Tanque,,1.68,1.62,1.38,1.62,3.71,2.76,5.80,6.01
07/06/2025 12:41 p. m.,Ordeño,08:54,13.75,2,,,,,0,,1.08,1.08,0.96,1.14,0,0,0,0,5.33,5.08,4.60,0.00,VMS 1,,Tanque,,1.44,1.56,1.38,1.62,2.94,1.90,4.93,3.98
07/06/2025 11:47 p. m.,Ordeño,09:02,15.43,3,,,,,0,,1.02,1.14,1.02,1.14,0,0,0,0,5.18,5.06,4.90,0.00,VMS 1,,Tanque,,1.44,1.44,1.44,1.74,3.30,1.87,5.33,4.93
08/06/2025 10:47 a. m.,Ordeño,08:50,16.85,1,,,,,0,,1.08,1.14,1.14,1.02,0,0,0,0,5.21,5.22,0.00,5.12,VMS 1,,Tanque,,1.56,1.56,1.62,1.44,3.16,2.34,5.22,6.13
08/06/2025 05:40 p. m.,Ordeño,08:10,9.72,2,,,,,0,,0.90,1.02,1.20,0.90,0,0,0,0,5.12,5.12,5.10,0.00,VMS 1,,Tanque,,1.32,1.50,1.74,1.20,1.97,1.33,3.26,3.16
09/06/2025 02:15 a. m.,Ordeño,09:14,11.44,1,,,,,0,,1.02,1.02,1.14,0.90,0,0,0,0,5.25,5.05,0.00,5.11,VMS 1,,Tanque,,1.44,1.38,1.56,1.26,2.46,1.60,3.37,4.01
09/06/2025 09:39 a. m.,Ordeño,08:40,11.83,2,,,,,0,,0.96,1.08,1.08,1.08,0,0,0,0,5.06,4.97,0.00,4.97,VMS 1,,Tanque,,1.38,1.62,1.50,1.50,2.27,1.56,3.44,4.56
09/06/2025 05:56 p. m.,Ordeño,08:25,12.26,3,,,,,0,,1.20,0.96,1.32,0.96,0,0,0,0,5.32,4.99,5.44,0.00,VMS 1,,Tanque,,1.56,1.50,1.74,1.26,2.58,1.56,4.32,3.80
10/06/2025 12:22 a. m.,Ordeño,06:45,10.22,1,,DD,,,0,,1.08,1.14,1.14,1.14,0,0,0,0,5.60,4.78,0.00,4.96,VMS 1,,Tanque,,1.44,1.74,1.80,1.56,2.09,1.29,3.09,3.75
10/06/2025 07:31 p. m.,Ordeño,09:14,8.61,3,,,,,0,,0.72,0.84,0.96,0.78,0,0,0,0,5.12,4.60,4.42,0.00,VMS 1,,Tanque,,1.20,1.26,1.62,1.20,1.56,1.24,2.83,2.98
11/06/2025 02:22 a. m.,Ordeño,09:39,8.04,1,,,,,0,,0.66,0.84,0.90,0.90,0,0,0,0,5.04,4.52,4.71,0.00,VMS 1,,Tanque,,1.14,1.32,1.32,1.44,1.36,1.05,2.93,2.70
11/06/2025 09:40 a. m.,Ordeño,06:14,9.80,2,,,,,0,,0.84,0.96,0.96,1.14,0,0,0,0,5.20,5.04,0.00,4.97,VMS 1,,Tanque,,1.32,1.44,1.32,1.62,1.85,1.21,3.74,3.00
11/06/2025 04:27 p. m.,Ordeño,06:26,9.08,3,,,,,0,,0.84,0.96,1.08,1.02,0,0,0,0,5.66,5.12,0.00,5.17,VMS 1,,Tanque,,1.32,1.38,1.74,1.50,1.83,1.26,2.84,3.15
11/06/2025 11:46 p. m.,Ordeño,06:11,10.94,4,,,,,0,,0.96,0.90,1.14,1.08,0,0,0,0,5.72,5.12,5.11,0.00,VMS 1,,Tanque,,1.38,1.44,1.44,1.44,2.14,1.45,3.91,3.44
12/06/2025 09:10 a. m.,Ordeño,08:02,14.09,1,,,,,0,,1.02,1.08,1.02,1.14,0,0,0,0,5.74,5.26,5.22,0.00,VMS 1,,Tanque,,1.44,1.50,1.62,1.56,2.74,1.74,5.23,4.38
12/06/2025 05:19 p. m.,Ordeño,06:36,11.67,2,,,,,0,,0.90,1.02,0.96,1.26,0,0,0,0,5.38,5.27,0.00,5.23,VMS 1,,Tanque,,1.44,1.44,1.38,1.68,2.35,1.53,3.90,3.89
13/06/2025 01:20 a. m.,Ordeño,06:45,12.29,1,,,,,0,,1.02,0.96,1.08,1.14,0,0,0,0,5.39,5.12,4.97,0.00,VMS 1,,Tanque,,1.44,1.38,1.50,1.56,2.29,1.59,4.37,4.04
13/06/2025 09:58 a. m.,Ordeño,07:05,12.84,2,,,,,0,,1.08,1.08,1.08,1.08,0,0,0,0,5.32,5.26,5.10,0.00,VMS 1,,Tanque,,1.56,1.56,1.50,1.44,2.38,1.64,4.86,3.96
13/06/2025 05:54 p. m.,Ordeño,08:37,10.83,3,,,,,0,,1.02,1.02,1.26,0.90,0,0,0,0,5.38,5.19,5.11,0.00,VMS 1,,Tanque,,1.56,1.50,1.74,1.32,2.23,1.55,3.74,3.31
14/06/2025 03:11 a. m.,Ordeño,07:29,14.54,1,,,,,0,,1.14,1.02,1.08,1.08,0,0,0,0,5.32,5.11,5.24,0.00,VMS 1,,Tanque,,1.68,1.44,1.50,1.62,2.74,1.60,5.27,4.93
14/06/2025 12:35 p. m.,Ordeño,07:14,13.57,2,,,,,0,,1.02,1.14,1.08,1.14,0,0,0,0,5.13,4.98,4.96,0.00,VMS 1,,Tanque,,1.56,1.68,1.50,1.74,2.77,1.64,5.05,4.11
14/06/2025 09:29 p. m.,Ordeño,10:15,12.10,3,,,,,0,,1.02,1.08,1.20,0.90,0,0,0,0,5.19,4.91,5.11,0.00,VMS 1,,Tanque,,1.50,1.44,1.74,1.38,2.62,1.47,3.93,4.08
15/06/2025 08:29 a. m.,Ordeño,10:34,17.40,1,,,,,0,,1.20,1.08,0.96,1.20,0,0,0,0,5.73,5.20,5.08,0.00,VMS 1,,Tanque,,1.56,1.44,1.50,1.62,3.35,2.16,6.32,5.57
16/06/2025 12:38 a. m.,Ordeño,06:45,10.67,1,,,,,0,,0.96,0.96,0.90,1.02,0,0,0,0,5.41,4.85,0.00,4.68,VMS 1,,Tanque,,1.44,1.44,1.32,1.56,2.01,1.46,3.67,3.53
17/06/2025 08:19 a. m.,Ordeño,06:41,7.91,2,,,,,0,,0.72,0.60,0.84,0.90,0,0,0,0,5.08,4.72,4.67,0.00,VMS 1,,Tanque,,1.26,1.14,1.44,1.44,2.02,0.93,2.73,2.23
17/06/2025 06:59 p. m.,Ordeño,10:49,16.10,3,,,,,0,,1.02,1.08,1.14,1.14,0,0,0,0,5.49,5.14,0.00,5.19,VMS 1,,Tanque,,1.50,1.74,1.62,1.56,3.46,1.66,5.08,5.90
18/06/2025 07:10 a. m.,Ordeño,10:36,17.59,1,,,,,0,,1.26,1.02,1.14,1.14,0,0,0,0,5.34,4.80,0.00,5.06,VMS 1,,Tanque,,1.68,1.44,1.62,1.56,3.70,1.78,5.78,6.33
18/06/2025 04:58 p. m.,Ordeño,08:38,13.88,2,,,,,0,,0.96,1.02,1.02,1.20,0,0,0,0,5.12,4.95,0.00,4.94,VMS 1,,Tanque,,1.38,1.56,1.44,1.80,3.10,1.67,4.52,4.59
19/06/2025 01:51 a. m.,Ordeño,06:38,12.63,1,,DI,,,0,,1.26,0.96,1.08,1.14,0,0,0,0,4.99,5.01,0.00,4.81,VMS 1,,Tanque,,1.92,1.38,1.56,1.68,2.24,1.73,3.97,4.69
19/06/2025 10:16 a. m.,Ordeño,07:02,13.13,2,,,,,0,,1.02,0.90,1.26,1.20,0,0,0,0,5.05,4.80,4.96,0.00,VMS 1,,Tanque,,1.62,1.62,1.68,1.50,2.80,1.60,4.50,4.23
19/06/2025 06:38 p. m.,Ordeño,11:19,10.72,3,,,,,0,,0.84,0.90,1.14,0.72,0,0,0,0,4.93,4.80,4.95,0.00,VMS 1,,Tanque,,1.44,1.44,1.74,1.14,2.34,1.14,3.94,3.30
20/06/2025 03:07 a. m.,Ordeño,07:51,11.41,1,,,,,0,,1.02,1.02,1.08,1.02,0,0,0,0,5.20,4.99,0.00,4.81,VMS 1,,Tanque,,1.44,1.56,1.56,1.50,2.36,1.37,3.20,4.48
20/06/2025 01:20 p. m.,Ordeño,08:59,16.01,2,,,,,0,,1.14,1.20,1.20,1.02,0,0,0,0,5.14,4.94,0.00,4.72,VMS 1,,Tanque,,1.62,1.56,1.74,1.50,3.39,1.69,5.35,5.58
20/06/2025 11:27 p. m.,Ordeño,08:24,12.18,3,,,,,0,DI,1.08,1.08,1.02,1.14,0,0,0,0,5.85,5.03,4.80,0.00,VMS 1,,Tanque,,1.56,1.38,1.44,1.86,2.82,1.56,4.04,3.76
21/06/2025 07:32 a. m.,Ordeño,06:18,11.55,1,,,,,0,,1.08,1.08,1.08,1.38,0,0,0,0,5.44,4.95,0.00,4.68,VMS 1,,Tanque,,1.56,1.56,1.56,1.74,2.43,1.24,3.54,4.34
21/06/2025 05:45 p. m.,Ordeño,07:07,12.67,2,,,,,0,,1.14,1.14,1.02,1.32,0,0,0,0,5.47,4.80,0.00,5.01,VMS 1,,Tanque,,1.50,1.62,1.44,1.80,2.70,1.39,4.48,4.10
22/06/2025 03:54 p. m.,Ordeño,08:38,15.91,2,,,,,0,,1.08,1.14,1.14,1.20,0,0,0,0,5.08,4.98,4.95,0.00,VMS 1,,Tanque,,1.50,1.56,1.62,1.68,2.71,1.94,5.79,5.47
23/06/2025 12:57 a. m.,Ordeño,06:28,11.28,1,,,,,0,,1.08,1.14,1.26,1.20,0,0,0,0,5.17,4.95,4.69,0.00,VMS 1,,Tanque,,1.56,1.62,1.86,1.62,2.30,1.35,4.04,3.59
23/06/2025 10:04 a. m.,Ordeño,07:37,13.46,2,,,,,0,,1.20,1.08,1.14,1.14,0,0,0,0,5.47,4.89,5.19,0.00,VMS 1,,Tanque,,1.62,1.62,1.68,1.50,2.99,1.60,4.84,4.03
23/06/2025 07:22 p. m.,Ordeño,09:08,12.41,3,,TI,,,0,,1.02,1.08,1.14,1.20,0,0,0,0,5.09,4.93,0.00,4.99,VMS 1,,Tanque,,1.44,1.62,1.50,1.86,2.62,1.43,4.17,4.19
24/06/2025 06:42 a. m.,Ordeño,07:24,16.39,1,,,,,0,,1.14,1.20,1.20,1.08,0,0,0,0,5.18,4.98,4.86,0.00,VMS 1,,Tanque,,1.50,1.74,1.62,1.44,3.64,1.98,5.74,5.03
24/06/2025 05:33 p. m.,Ordeño,10:32,13.66,2,,,,,0,,0.96,1.08,1.20,0.96,0,0,0,0,4.85,4.93,4.96,0.00,VMS 1,,Tanque,,1.92,1.62,1.68,1.32,3.12,1.65,4.66,4.23
25/06/2025 01:22 a. m.,Ordeño,08:09,10.95,1,,,,,0,,0.90,0.96,1.08,0.96,0,0,0,0,4.94,4.85,4.68,0.00,VMS 1,,Tanque,,1.50,1.74,1.56,1.56,2.41,1.30,4.03,3.21
25/06/2025 10:19 a. m.,Ordeño,10:26,12.00,2,,,,,0,,1.08,1.14,1.14,0.84,0,0,0,0,5.10,5.03,5.15,0.00,VMS 1,,Tanque,,1.56,1.68,1.62,1.20,2.67,1.45,3.86,4.02
25/06/2025 07:06 p. m.,Ordeño,07:46,11.93,3,,,,,0,,0.96,1.08,1.08,1.02,0,0,0,0,5.03,4.98,4.80,0.00,VMS 1,,Tanque,,1.50,1.44,1.44,1.56,2.51,1.43,4.53,3.46
28/06/2025 02:29 p. m.,Ordeño,15:46,0.64,2,,,Todos,"DD,TI,TD",0,,0.24,0.12,0.12,0.00,0,0,0,0,5.80,4.49,0.00,0.00,VMS 1,,Tanque,,0.54,0.36,0.30,0.00,0.34,0.17,0.13,0.00
28/06/2025 11:27 p. m.,Ordeño,09:20,3.14,3,,,Todos,,0,,0.42,0.18,0.30,0.36,0,0,0,0,4.67,4.10,4.29,0.00,VMS 1,,Tanque,,0.72,0.42,0.66,0.72,0.67,0.31,0.98,1.18
29/06/2025 08:54 a. m.,Ordeño,13:20,1.37,1,,,Todos,TD,0,,0.24,0.24,0.48,0.00,0,0,0,0,4.13,4.12,4.28,0.00,VMS 1,,Tanque,,0.66,0.60,0.90,0.00,0.34,0.35,0.68,0.00
29/06/2025 06:08 p. m.,Ordeño,09:53,3.89,2,,,"DI,DD,TD",,0,,0.42,0.24,0.54,0.48,0,0,0,0,4.35,4.49,0.00,4.27,VMS 1,,Tanque,,0.66,0.60,1.02,1.08,0.65,0.30,1.81,1.13
30/06/2025 07:30 a. m.,Ordeño,09:09,3.99,1,,,"DI,TI,TD",,0,,0.30,0.54,0.66,0.42,0,0,0,0,4.09,4.58,0.00,4.54,VMS 1,,Tanque,,0.60,0.90,1.50,0.96,0.30,0.92,1.27,1.50
30/06/2025 10:13 p. m.,Ordeño,10:36,3.78,2,,TI,Todos,,0,,0.36,0.42,0.96,0.54,0,0,0,0,4.27,4.25,0.00,4.61,VMS 1,,Tanque,,0.90,0.72,1.38,1.32,0.86,0.50,1.19,1.23
02/07/2025 09:55 p. m.,Ordeño,15:50,4.17,2,,,TD,TD,0,,0.72,0.72,0.48,0.00,0,0,0,0,4.50,4.59,4.71,0.00,VMS 1,,Tanque,,1.32,1.26,0.96,0.00,1.51,0.77,1.89,0.00
03/07/2025 07:53 a. m.,Ordeño,08:31,8.48,1,,,,,0,,0.78,0.72,0.60,0.90,0,0,0,0,4.91,4.79,4.57,0.00,VMS 1,,Tanque,,1.26,1.14,1.14,1.38,1.69,0.94,1.90,3.95
03/07/2025 06:18 p. m.,Ordeño,08:00,7.45,2,,,,,0,,0.78,0.84,0.66,0.90,0,0,0,0,4.92,5.06,0.00,5.29,VMS 1,,Tanque,,1.14,1.20,1.02,1.44,1.74,1.10,2.17,2.44
04/07/2025 01:08 a. m.,Ordeño,08:40,5.85,1,,,,,0,TI,0.72,0.60,0.90,0.60,0,0,0,0,4.37,4.60,5.44,0.00,VMS 1,,Tanque,,1.62,1.02,1.44,1.02,1.21,0.54,2.11,1.99
06/07/2025 10:56 a. m.,Ordeño,12:43,6.74,2,,,,DD,0,TI,0.72,0.36,0.78,0.90,0,0,0,0,4.79,3.69,5.04,0.00,VMS 1,,Tanque,,1.38,1.08,1.20,1.44,1.03,0.17,2.88,2.66
06/07/2025 09:50 p. m.,Ordeño,07:08,10.42,3,,,,,0,,1.14,0.84,0.78,0.78,0,0,0,0,5.58,5.01,5.22,0.00,VMS 1,,Tanque,,1.50,1.20,1.26,1.26,3.44,1.22,2.94,2.82
07/07/2025 06:27 a. m.,Ordeño,09:37,8.66,1,,,,,0,,0.84,0.90,0.96,0.72,0,0,0,0,5.06,5.00,5.08,0.00,VMS 1,,Tanque,,1.32,1.32,1.50,1.32,1.96,1.24,2.34,3.12
07/07/2025 01:20 p. m.,Ordeño,07:28,6.34,2,,,,,0,,0.78,0.66,0.84,0.72,0,0,0,0,5.06,5.13,5.29,0.00,VMS 1,,Tanque,,1.20,1.14,1.44,1.08,1.30,1.01,2.09,1.94
07/07/2025 08:26 p. m.,Ordeño,10:22,4.74,3,,,TD,TD,0,,0.54,0.66,0.78,0.00,0,0,0,0,4.73,4.79,4.95,0.00,VMS 1,,Tanque,,1.08,1.02,1.50,0.00,1.23,0.94,2.57,0.00
08/07/2025 12:47 a. m.,Ordeño,08:07,5.76,1,,,,,0,,0.66,0.72,0.96,0.78,0,0,0,0,4.79,4.80,5.28,0.00,VMS 1,,Tanque,,0.96,1.44,1.62,1.14,0.89,0.64,1.74,2.49
08/07/2025 01:26 p. m.,Ordeño,07:22,11.69,2,,,,,0,,0.96,0.84,0.96,0.96,0,0,0,0,5.05,4.92,5.30,0.00,VMS 1,,Tanque,,1.38,1.20,1.44,1.44,2.68,1.44,3.94,3.63
08/07/2025 11:42 p. m.,Ordeño,11:14,8.36,3,,,,,0,,0.96,0.78,0.90,0.54,0,0,0,0,5.30,4.72,5.26,0.00,VMS 1,,Tanque,,1.26,1.32,1.44,1.08,1.89,1.07,2.71,2.69
09/07/2025 10:49 a. m.,Ordeño,09:24,7.30,1,,,TD,TD,0,DI,1.14,0.84,0.90,0.00,0,0,0,0,5.97,5.00,5.11,0.00,VMS 1,,Tanque,,1.92,1.26,1.32,0.00,2.57,1.44,3.29,0.00
11/07/2025 02:18 a. m.,Ordeño,06:19,7.04,1,,,,,0,,1.02,0.78,0.72,0.78,0,0,0,0,5.20,4.52,0.00,4.68,VMS 1,,Tanque,,1.44,1.32,1.14,1.20,1.81,1.02,1.78,2.43
11/07/2025 01:48 p. m.,Ordeño,08:52,10.30,2,,,,,0,,0.96,1.02,0.60,1.02,0,0,0,0,5.15,4.93,0.00,5.40,VMS 1,,Tanque,,1.44,1.80,1.14,1.56,2.28,1.51,3.10,3.41
12/07/2025 08:18 a. m.,Ordeño,10:24,4.87,2,,,TD,TD,0,,0.90,0.66,0.78,0.00,0,0,0,0,5.08,4.67,4.79,0.00,VMS 1,,Tanque,,1.62,1.32,1.32,0.00,1.84,0.82,2.21,0.00
12/07/2025 05:45 p. m.,Ordeño,09:53,9.75,3,,,,,0,,0.90,0.90,0.72,0.84,0,0,0,0,5.13,5.06,0.00,5.62,VMS 1,,Tanque,,1.26,1.32,1.38,1.32,1.75,1.17,2.06,4.77
13/07/2025 04:04 a. m.,Ordeño,08:10,2.07,1,,,"DI,TI,TD","DI,TI,TD",0,,0.00,0.90,0.00,0.00,0,0,0,0,0.00,5.19,0.00,0.00,VMS 1,,Tanque,,0.00,1.86,0.00,0.00,0.00,2.07,0.00,0.00
13/07/2025 01:05 p. m.,Ordeño,13:52,14.06,2,,,,,0,TD,0.72,0.96,1.02,1.02,0,0,0,0,4.85,5.23,0.00,5.86,VMS 1,,Tanque,,1.26,1.50,1.62,1.44,1.91,2.40,5.10,4.65
14/07/2025 07:25 p. m.,Ordeño,09:07,4.09,2,,,TD,TD,0,,0.66,0.66,0.72,0.00,0,0,0,0,4.97,4.79,5.05,0.00,VMS 1,,Tanque,,1.50,1.14,1.38,0.00,1.15,0.94,2.00,0.00
15/07/2025 08:30 a. m.,Ordeño,10:00,8.89,1,,TD,TD,,0,,0.90,0.90,1.26,0.90,0,0,0,0,5.89,5.05,0.00,5.60,VMS 1,,Tanque,,1.62,1.38,1.86,1.50,2.91,1.53,3.37,1.08
16/07/2025 09:25 p. m.,Ordeño,09:12,7.45,3,,,,,0,,0.78,0.90,0.72,0.96,0,0,0,0,4.81,5.05,5.21,0.00,VMS 1,,Tanque,,1.38,1.32,1.08,1.56,1.17,1.63,1.83,2.82
17/07/2025 08:27 a. m.,Ordeño,06:21,10.47,1,,,,,0,,0.96,0.96,0.78,0.96,0,0,0,0,5.39,5.21,5.68,0.00,VMS 1,,Tanque,,1.44,1.44,1.26,1.44,2.43,1.73,2.83,3.48
17/07/2025 04:10 p. m.,Ordeño,06:22,7.00,2,,,,,0,,0.84,0.90,0.78,0.90,0,0,0,0,5.39,5.15,0.00,5.27,VMS 1,,Tanque,,1.20,1.26,1.14,1.44,1.61,1.17,2.12,2.10
18/07/2025 05:10 p. m.,Ordeño,06:20,6.26,3,,,,,0,,0.78,0.90,0.78,0.84,0,0,0,0,5.63,5.11,5.41,0.00,VMS 1,,Tanque,,1.26,1.32,1.26,1.26,1.69,1.07,1.66,1.84
19/07/2025 02:58 a. m.,Ordeño,11:30,6.55,1,,,TI,TI,0,,0.90,0.72,0.00,1.02,0,0,0,0,5.90,4.79,0.00,0.00,VMS 1,,Tanque,,1.44,1.08,0.00,1.86,2.02,1.06,0.00,3.47
20/07/2025 12:48 a. m.,Ordeño,08:32,6.51,1,,,TD,TD,0,,0.90,0.96,1.08,0.00,0,0,0,0,5.37,4.79,5.24,0.00,VMS 1,,Tanque,,1.32,1.74,1.68,0.00,2.11,1.05,3.35,0.00
20/07/2025 07:35 p. m.,Ordeño,11:16,8.87,3,,,,,0,,0.90,0.72,0.84,0.96,0,0,0,0,5.29,4.77,5.15,0.00,VMS 1,,Tanque,,1.44,1.14,1.62,1.44,2.13,1.30,2.39,3.05
21/07/2025 02:53 a. m.,Ordeño,06:41,6.95,1,,,,,0,,0.78,0.84,0.90,0.54,0,0,0,0,5.70,4.97,0.00,5.14,VMS 1,,Tanque,,1.20,1.26,1.38,1.14,1.85,1.00,2.25,1.85
21/07/2025 07:52 p. m.,Ordeño,08:21,5.79,3,,,TD,TD,0,,0.72,0.66,0.84,0.00,0,0,0,0,5.28,4.45,4.75,0.00,VMS 1,,Tanque,,1.50,1.38,1.68,0.00,1.82,1.23,2.74,0.00
23/07/2025 01:37 a. m.,Ordeño,08:43,7.97,1,,TI,TI,,0,,0.96,0.78,0.48,0.78,0,0,0,0,5.24,4.39,1.94,0.00,VMS 1,,Tanque,,1.50,1.56,0.72,1.26,2.88,1.45,1.12,2.52
23/07/2025 08:30 a. m.,Ordeño,07:33,9.68,2,,,,,0,TD,0.66,0.78,1.02,0.66,0,0,0,0,4.96,4.70,0.00,5.68,VMS 1,,Tanque,,1.02,1.20,1.50,1.14,1.66,0.99,4.84,2.19
23/07/2025 04:43 p. m.,Ordeño,10:45,7.59,3,,,,,0,,0.84,0.84,0.90,0.72,0,0,0,0,5.11,5.02,5.02,0.00,VMS 1,,Tanque,,1.44,1.38,1.38,1.20,1.86,1.24,2.47,2.02
24/07/2025 01:58 a. m.,Ordeño,08:48,6.07,1,,TI,TD,TD,0,,0.84,0.84,1.08,0.00,0,309,0,0,4.93,4.76,5.06,0.00,VMS 1,,Tanque,,1.50,1.32,1.86,0.00,2.22,1.42,2.43,0.00
24/07/2025 09:57 a. m.,Ordeño,11:37,11.31,2,,,,,0,,0.72,0.96,1.14,0.84,0,0,0,0,5.05,5.03,5.46,0.00,VMS 1,,Tanque,,1.44,1.44,1.62,1.50,1.99,1.26,3.79,4.27
24/07/2025 09:21 p. m.,Ordeño,08:54,8.20,3,,,TD,TD,0,,0.96,0.96,1.08,0.00,0,0,0,0,4.88,4.81,4.92,0.00,VMS 1,,Tanque,,1.44,1.68,1.74,0.00,2.26,2.06,3.88,0.00
25/07/2025 02:44 a. m.,Ordeño,07:48,4.35,1,,"DI,TI","DI,TD","DI,TD",0,TI,0.36,0.54,1.14,0.00,0,0,0,0,4.09,4.47,5.99,0.00,VMS 1,,Tanque,,0.96,1.02,1.68,0.00,0.12,0.68,3.55,0.00
27/07/2025 11:20 a. m.,Ordeño,07:33,9.39,1,,,TI,TI,0,,1.02,0.96,0.00,1.08,0,0,0,0,6.21,4.80,0.00,0.00,VMS 1,,Tanque,,1.50,1.56,0.00,1.50,3.09,2.42,0.00,3.88
28/07/2025 10:37 a. m.,Ordeño,12:01,8.56,1,,,,,0,,0.78,0.96,0.84,0.60,0,0,0,0,5.32,4.98,0.00,5.10,VMS 1,,Tanque,,1.56,1.50,1.38,0.96,2.24,1.48,3.15,1.69
28/07/2025 07:08 p. m.,Ordeño,09:59,5.23,2,,,TI,,0,,0.66,0.60,0.36,0.60,0,0,0,0,5.12,4.80,4.81,0.00,VMS 1,,Tanque,,1.02,1.20,0.60,1.08,1.58,1.12,0.54,1.99
31/07/2025 11:08 a. m.,Ordeño,07:02,6.27,2,,,,,0,,0.78,0.78,0.60,0.96,0,0,0,0,5.06,4.78,0.00,4.97,VMS 1,,Tanque,,1.32,1.14,0.90,1.50,1.54,1.09,1.66,1.98
01/08/2025 05:31 p. m.,Ordeño,08:41,6.57,2,,,,,0,,0.54,0.78,0.78,0.60,0,0,0,0,4.70,4.95,5.09,0.00,VMS 1,,Tanque,,1.14,1.32,1.26,1.08,1.52,1.11,2.12,1.82
02/08/2025 02:47 a. m.,Ordeño,10:19,4.45,1,,,TD,TD,0,,0.78,0.72,0.72,0.00,0,0,0,0,5.20,4.80,5.68,0.00,VMS 1,,Tanque,,1.26,1.20,1.14,0.00,1.51,0.93,2.01,0.00
04/08/2025 02:09 p. m.,Ordeño,10:45,5.71,2,,,TD,TD,0,,0.72,0.72,0.90,0.00,0,0,0,0,5.01,4.79,5.20,0.00,VMS 1,,Tanque,,1.38,1.14,1.44,0.00,1.88,1.28,2.55,0.00
04/08/2025 09:20 p. m.,Ordeño,08:07,7.02,3,,,,,0,,0.60,0.60,0.78,0.84,0,0,0,0,4.82,4.53,0.00,5.19,VMS 1,,Tanque,,1.02,0.90,1.32,1.26,1.09,0.68,3.45,1.80
06/08/2025 06:51 a. m.,Ordeño,11:54,2.20,2,,,"TI,TD","TI,TD",0,DI,0.66,0.66,0.18,0.00,0,0,0,0,5.13,4.64,4.22,0.00,VMS 1,,Tanque,,1.38,0.96,0.48,0.00,1.28,0.84,0.08,0.00
06/08/2025 01:13 p. m.,Ordeño,09:11,4.98,3,,,TD,TD,0,TI,0.42,0.42,0.90,0.00,0,0,0,0,4.72,4.22,5.46,0.00,VMS 1,,Tanque,,1.02,0.90,1.56,0.00,0.98,0.57,3.43,0.00
07/08/2025 04:33 p. m.,Ordeño,07:38,6.88,2,,,,,0,,0.78,0.90,0.78,0.84,0,0,0,0,5.48,5.09,0.00,5.31,VMS 1,,Tanque,,1.26,1.32,1.26,1.50,1.74,1.15,1.77,2.22
08/08/2025 02:24 a. m.,Ordeño,09:26,8.08,1,,,,,0,,0.84,0.54,1.02,0.78,0,0,0,0,5.40,4.66,5.48,0.00,VMS 1,,Tanque,,1.26,1.32,1.38,1.20,2.15,0.78,2.94,2.21
08/08/2025 01:33 p. m.,Ordeño,10:21,11.15,2,,,,,0,,0.90,1.02,1.08,0.72,0,0,0,0,5.49,5.17,5.49,0.00,VMS 1,,Tanque,,1.56,1.62,1.56,1.20,2.55,1.83,3.77,3.00
10/08/2025 11:55 a. m.,Ordeño,08:32,7.69,1,,,TI,TI,0,,0.96,0.96,0.00,0.84,0,0,0,0,5.46,5.10,0.00,0.00,VMS 1,,Tanque,,1.56,1.50,0.00,1.32,2.71,1.94,0.00,3.04
10/08/2025 09:36 p. m.,Ordeño,08:11,11.39,2,,,,,0,TD,0.90,1.02,0.78,1.14,0,0,0,0,5.12,4.78,0.00,5.71,VMS 1,,Tanque,,1.38,1.44,1.26,1.62,1.89,1.38,2.33,5.79
11/08/2025 07:28 a. m.,Ordeño,08:11,9.51,1,,TD,,,0,,1.02,0.84,1.02,0.84,0,0,0,0,5.44,4.93,5.25,0.00,VMS 1,,Tanque,,1.50,1.32,1.50,1.56,2.50,1.30,3.22,2.49
11/08/2025 02:57 p. m.,Ordeño,08:42,6.46,2,,,,,0,,0.84,0.72,0.84,0.78,0,0,0,0,5.31,4.79,5.25,0.00,VMS 1,,Tanque,,1.20,1.14,1.44,1.20,1.58,1.03,2.15,1.70
12/08/2025 01:19 a. m.,Ordeño,09:38,10.61,1,,TD,,,0,TI,0.96,0.96,0.90,1.02,0,0,0,0,5.22,5.00,6.13,0.00,VMS 1,,Tanque,,1.62,1.50,1.50,1.44,2.27,1.68,3.87,2.79
12/08/2025 10:58 a. m.,Ordeño,12:38,9.22,2,,,,,0,,0.96,0.96,0.90,0.96,0,0,0,0,5.16,5.13,5.45,0.00,VMS 1,,Tanque,,1.56,1.50,1.32,1.32,2.23,1.72,2.43,2.84
13/08/2025 01:16 a. m.,Ordeño,10:02,14.02,1,,,,,0,,0.96,1.14,1.26,0.96,0,0,0,0,5.15,5.23,5.56,0.00,VMS 1,,Tanque,,1.38,1.50,1.98,1.38,2.57,2.27,5.44,3.74
14/08/2025 12:26 a. m.,Ordeño,07:36,9.55,1,,,,,0,,0.96,1.02,1.14,0.72,0,0,0,0,5.41,4.80,5.07,0.00,VMS 1,,Tanque,,1.50,1.50,1.74,1.14,2.24,1.73,3.24,2.34
14/08/2025 01:13 p. m.,Ordeño,11:44,9.35,2,,,DI,,0,,0.66,1.08,1.08,0.90,0,0,0,0,5.09,5.03,5.32,0.00,VMS 1,,Tanque,,1.32,1.56,1.50,1.26,0.38,2.01,3.45,3.51
15/08/2025 03:34 p. m.,Ordeño,05:56,7.92,2,,,,,0,,1.02,0.96,0.78,1.02,0,0,0,0,5.30,5.09,0.00,5.29,VMS 1,,Tanque,,1.44,1.26,1.20,1.56,1.87,1.34,2.06,2.65
16/08/2025 02:30 a. m.,Ordeño,06:46,11.14,1,,,,,0,,1.02,1.02,0.84,1.26,0,0,0,0,5.36,5.04,0.00,5.35,VMS 1,,Tanque,,1.50,1.44,1.20,1.74,2.41,1.90,2.91,3.92
16/08/2025 02:52 p. m.,Ordeño,09:32,8.11,2,,DI,TD,TD,0,,1.08,0.90,0.96,0.00,0,0,0,0,5.34,4.90,0.00,0.00,VMS 1,,Tanque,,1.98,1.74,1.56,0.00,2.47,1.69,3.95,0.00
16/08/2025 11:30 p. m.,Ordeño,11:47,7.07,3,,,"DI,DD,TI","DD,TI",0,,0.72,0.60,0.00,0.78,0,0,0,0,4.47,4.02,0.00,0.00,VMS 1,,Tanque,,1.44,1.50,0.00,1.20,0.71,0.17,0.00,6.19
17/08/2025 08:20 a. m.,Ordeño,06:59,10.22,1,,,,,0,,0.84,0.90,0.90,1.02,0,0,0,0,2.55,4.73,0.00,5.27,VMS 1,,Tanque,,1.44,1.32,1.38,1.50,2.78,1.34,2.59,3.51
17/08/2025 08:27 p. m.,Ordeño,10:55,10.75,2,,,,,0,,0.30,1.02,0.84,1.02,0,0,0,0,1.68,4.90,0.00,5.11,VMS 1,,Tanque,,0.60,1.44,1.20,1.62,1.69,2.17,3.00,3.89
19/08/2025 07:37 a. m.,Ordeño,10:48,8.27,1,,,,,0,,1.02,0.78,0.84,0.96,0,0,0,0,5.35,4.65,5.07,0.00,VMS 1,,Tanque,,1.56,1.32,1.32,1.38,1.79,1.38,2.29,2.81
19/08/2025 03:00 p. m.,Ordeño,10:56,8.32,2,,,,,0,,0.72,0.90,0.96,0.78,0,0,0,0,5.23,5.16,5.15,0.00,VMS 1,,Tanque,,1.44,2.34,1.38,1.26,1.74,1.44,2.83,2.31
19/08/2025 11:59 p. m.,Ordeño,10:13,8.58,1,,TI,,,0,,0.96,1.02,0.96,0.78,0,338,0,0,5.07,4.81,5.06,0.00,VMS 1,,Tanque,,1.38,1.62,1.56,1.14,1.97,1.39,3.04,2.18
20/08/2025 10:13 a. m.,Ordeño,10:17,10.75,2,,TI,,,0,,1.08,1.08,1.08,0.90,0,0,0,0,5.33,5.08,5.13,0.00,VMS 1,,Tanque,,1.62,1.62,1.86,1.32,2.40,1.78,3.11,3.46
20/08/2025 06:14 p. m.,Ordeño,07:19,8.50,3,,,,,0,,0.96,0.96,0.66,1.02,0,0,0,0,4.92,4.37,0.00,5.17,VMS 1,,Tanque,,1.38,1.50,1.26,1.44,2.00,1.68,1.70,3.12
24/08/2025 03:36 a. m.,Ordeño,11:55,9.02,1,,,,,0,,0.84,0.72,1.02,0.90,0,0,0,0,4.99,4.62,5.00,0.00,VMS 1,,Tanque,,1.50,1.26,1.56,1.44,2.03,1.55,3.06,2.38
24/08/2025 01:51 p. m.,Ordeño,07:26,10.67,2,,,,,0,,1.02,1.08,0.78,1.02,0,0,0,0,5.33,5.08,0.00,4.93,VMS 1,,Tanque,,1.68,1.68,1.26,1.44,2.50,2.14,2.81,3.22
24/08/2025 11:06 p. m.,Ordeño,08:42,6.23,3,,,TI,TI,0,,0.96,0.72,0.00,1.02,0,0,0,0,5.32,4.66,0.00,0.00,VMS 1,,Tanque,,1.38,1.26,0.00,1.50,2.09,1.32,0.00,2.82
25/08/2025 08:02 a. m.,Ordeño,06:43,7.17,1,,,TI,TI,0,,0.96,0.78,0.00,0.96,0,0,0,0,5.37,4.67,0.00,0.00,VMS 1,,Tanque,,1.50,1.38,0.00,1.50,2.52,1.66,0.00,2.99
25/08/2025 10:56 p. m.,Ordeño,08:43,11.06,2,,,TI,TI,0,,0.96,1.02,0.00,0.96,0,0,0,0,5.23,5.06,0.00,0.00,VMS 1,,Tanque,,1.50,1.62,0.00,1.44,3.42,2.64,0.00,5.00
26/08/2025 11:57 p. m.,Ordeño,09:28,6.63,1,,,"TI,TD",TD,0,,1.08,1.02,0.30,0.00,0,0,0,0,4.73,4.15,4.32,0.00,VMS 1,,Tanque,,1.56,1.38,0.60,0.00,4.43,1.25,0.95,0.00
27/08/2025 11:33 a. m.,Ordeño,09:37,8.20,2,,,TD,,0,,0.90,0.96,1.08,0.24,0,0,0,0,4.87,4.83,0.00,4.71,VMS 1,,Tanque,,1.68,1.56,1.62,0.42,2.53,2.07,3.28,0.32
28/08/2025 09:28 p. m.,Ordeño,19:19,9.67,2,,DD,DD,,0,"DI,TI",1.02,0.48,1.14,0.78,0,500,0,0,5.37,3.62,4.99,0.00,VMS 1,,Tanque,,1.56,1.38,1.80,1.44,3.55,0.46,1.92,3.74
30/08/2025 06:27 a. m.,Ordeño,06:47,5.27,1,,,TI,TI,0,,0.96,0.66,0.00,0.66,0,0,0,0,5.23,4.76,0.00,0.00,VMS 1,,Tanque,,1.44,1.20,0.00,1.14,2.12,1.39,0.00,1.76
04/09/2025 01:23 p. m.,Ordeño,06:22,9.37,2,,,,,0,,0.96,1.08,1.02,0.78,0,0,0,0,4.81,4.69,0.00,4.84,VMS 1,,Tanque,,1.44,1.68,1.50,1.20,2.27,2.01,3.13,1.96
05/09/2025 12:52 a. m.,Ordeño,07:42,9.29,1,,,,,0,,0.84,1.08,0.84,1.02,0,0,0,0,4.95,4.56,0.00,5.09,VMS 1,,Tanque,,1.32,1.50,1.26,1.80,2.25,1.44,2.65,2.95
06/09/2025 11:50 p. m.,Ordeño,10:44,10.84,1,,,,,0,,0.84,4.02,1.08,0.72,0,0,0,0,4.95,3.84,4.87,0.00,VMS 1,,Tanque,,1.32,0.82,1.50,1.14,1.68,4.94,2.45,1.77
07/09/2025 09:33 a. m.,Ordeño,09:10,5.08,1,,,"DD,TI",TI,0,,0.96,0.48,0.00,0.84,0,0,0,0,5.27,4.39,0.00,0.00,VMS 1,,Tanque,,1.50,1.20,0.00,1.20,2.35,0.32,0.00,2.41
07/09/2025 03:45 p. m.,Ordeño,07:53,8.67,2,,,,,0,TD,0.66,0.78,0.60,1.20,0,0,0,0,4.80,4.73,0.00,5.74,VMS 1,,Tanque,,1.32,1.26,1.02,1.56,1.20,1.19,1.36,4.92
08/09/2025 01:02 a. m.,Ordeño,11:20,7.65,1,,,,,0,,0.90,0.78,0.96,0.66,0,0,0,0,5.26,4.95,5.07,0.00,VMS 1,,Tanque,,1.32,1.20,1.50,1.08,1.98,1.48,2.43,1.76
08/09/2025 11:16 a. m.,Ordeño,08:36,10.74,2,,,,,0,,0.90,1.02,1.20,0.90,0,0,0,0,5.22,4.93,5.33,0.00,VMS 1,,Tanque,,1.38,1.62,1.74,1.32,2.43,1.70,3.50,3.11
10/09/2025 01:31 p. m.,Ordeño,08:47,6.50,2,,TD,TD,,0,,0.90,0.90,0.96,0.66,0,0,0,0,5.28,4.67,5.06,0.00,VMS 1,,Tanque,,1.44,1.38,1.38,1.38,2.12,1.41,2.62,0.35
11/09/2025 12:13 a. m.,Ordeño,09:33,12.58,1,,,,,0,,0.90,1.14,0.84,1.02,0,0,0,0,4.98,4.51,0.00,5.25,VMS 1,,Tanque,,1.26,1.62,1.32,1.68,2.15,1.63,4.95,3.85
11/09/2025 10:49 a. m.,Ordeño,09:45,7.19,2,,,TI,,0,,0.84,0.84,0.24,1.02,0,0,0,0,4.96,4.66,4.56,0.00,VMS 1,,Tanque,,1.38,1.38,0.48,1.44,2.36,1.86,0.24,2.73
12/09/2025 06:40 p. m.,Ordeño,05:35,6.60,3,,,,,0,,0.90,0.84,0.96,0.78,0,0,0,0,5.15,4.87,5.11,5.37,VMS 3,,Tanque,,1.44,1.26,1.44,1.38,1.83,1.12,2.10,1.55
13/09/2025 01:38 a. m.,Ordeño,07:08,6.34,1,,,,,0,,0.84,0.84,0.90,0.72,0,0,0,0,5.01,4.97,5.17,5.56,VMS 3,,Tanque,,1.38,1.38,1.38,1.14,1.62,1.17,1.95,1.60
13/09/2025 12:47 p. m.,Ordeño,08:43,8.36,2,,DI,TD,TD,0,,0.96,1.08,1.14,0.00,0,0,0,0,5.21,5.28,5.56,0.00,VMS 3,,Tanque,,1.44,1.50,1.62,0.00,2.63,1.95,3.78,0.00
14/09/2025 05:22 a. m.,Ordeño,06:27,7.36,1,,,,,0,,1.02,0.96,1.02,0.84,0,0,0,0,5.15,5.00,5.34,5.22,VMS 3,,Tanque,,1.50,1.38,1.44,1.44,2.06,1.31,2.31,1.68
14/09/2025 04:23 p. m.,Ordeño,05:55,9.96,2,,"TI,TD",,,0,,0.96,1.02,1.14,0.90,0,0,0,0,5.71,5.10,5.32,5.58,VMS 3,,Tanque,,1.50,1.56,1.86,1.50,2.82,1.99,3.21,1.94
15/09/2025 09:41 a. m.,Ordeño,09:23,6.45,2,,,,,0,,0.96,0.90,0.72,0.90,0,0,0,0,5.31,4.90,5.08,5.14,VMS 3,,Tanque,,1.50,1.68,1.62,1.38,1.76,1.12,1.42,2.15
15/09/2025 09:30 p. m.,Ordeño,09:18,7.39,3,,TD,TD,TD,0,,0.96,0.96,0.90,0.60,0,0,0,0,5.23,4.79,4.95,4.56,VMS 3,,Tanque,,1.56,1.38,1.32,1.02,2.50,1.56,3.27,0.06
16/09/2025 09:17 a. m.,Ordeño,08:15,8.39,1,,,TD,TD,0,,0.96,1.02,1.14,0.00,0,0,0,0,5.01,5.00,5.15,0.00,VMS 3,,Tanque,,1.62,1.50,1.80,0.00,2.90,2.03,3.46,0.00
17/09/2025 08:41 a. m.,Ordeño,08:04,8.91,1,,,TI,,0,,0.90,0.96,0.48,1.02,0,0,0,0,4.79,4.89,5.21,4.94,VMS 3,,Tanque,,1.50,1.56,0.90,1.56,2.61,1.77,1.11,3.42
21/09/2025 04:23 p. m.,Ordeño,07:41,6.96,2,,DI,TD,TD,0,,1.02,1.08,1.08,0.00,0,0,0,0,4.95,5.03,5.09,0.00,VMS 3,,Tanque,,1.56,1.62,1.74,0.00,2.18,1.63,3.15,0.00
22/09/2025 09:59 p. m.,Ordeño,09:51,8.22,3,,,,,0,,1.02,0.90,0.84,1.08,0,0,0,0,5.05,4.78,5.21,5.20,VMS 3,,Tanque,,1.50,1.56,1.26,1.50,2.01,1.42,1.83,2.96
24/09/2025 09:52 p. m.,Ordeño,06:55,8.20,3,,,,,0,,0.90,0.96,1.14,0.78,0,0,0,0,4.95,4.89,5.30,5.22,VMS 3,,Tanque,,1.26,1.44,1.50,1.20,2.33,1.28,2.88,1.71
26/09/2025 07:35 p. m.,Ordeño,06:37,6.95,2,,,,,0,,0.84,0.90,1.02,0.72,0,0,0,0,4.84,5.44,4.76,5.12,VMS 3,,Tanque,,1.26,1.32,1.38,1.08,1.60,1.39,2.22,1.74
27/09/2025 03:12 a. m.,Ordeño,07:33,6.94,1,,,,,0,,0.90,0.84,1.02,0.78,0,0,0,0,5.63,4.76,5.17,5.35,VMS 3,,Tanque,,1.38,1.38,1.38,1.08,1.83,1.13,2.43,1.55
27/09/2025 12:39 p. m.,Ordeño,07:58,8.37,2,,,,,0,TI,0.96,0.90,0.78,1.02,0,0,0,0,5.49,4.89,5.90,5.17,VMS 3,,Tanque,,1.38,1.38,1.20,1.50,2.03,1.46,2.22,2.66
28/09/2025 03:41 p. m.,Ordeño,07:18,4.46,2,,,TD,TD,0,,0.72,0.78,0.90,0.00,0,0,0,0,5.16,4.67,4.93,0.00,VMS 3,,Tanque,,1.50,1.14,1.62,0.00,1.54,1.14,1.78,0.00
29/09/2025 10:00 a. m.,Ordeño,07:05,10.10,1,,,,,0,,1.08,1.02,1.20,0.84,0,0,0,0,5.24,4.94,5.40,5.19,VMS 3,,Tanque,,1.56,1.38,1.56,1.44,2.50,1.99,3.48,2.13
29/09/2025 08:04 p. m.,Ordeño,06:02,9.03,2,,,,,0,TI,1.14,0.96,0.90,1.08,0,0,0,0,5.02,4.91,5.76,5.15,VMS 3,,Tanque,,1.50,1.50,1.32,1.68,2.26,1.62,2.34,2.81
03/10/2025 09:53 p. m.,Ordeño,08:35,4.25,2,,DI,TD,TD,0,,0.84,0.66,0.84,0.00,0,0,0,0,4.70,4.52,4.75,0.00,VMS 3,,Tanque,,1.56,1.14,1.38,0.00,1.49,1.01,1.75,0.00
08/10/2025 01:37 a. m.,Ordeño,10:16,4.86,1,,DI,,,0,,0.96,0.72,0.84,0.42,0,0,0,0,5.09,4.94,4.95,4.92,VMS 3,,Tanque,,1.38,1.38,1.32,0.78,1.13,1.13,1.74,0.86
10/10/2025 09:18 p. m.,Ordeño,05:38,3.98,3,,,TD,TD,0,,0.96,0.78,0.96,0.00,0,0,0,0,5.11,4.79,4.87,0.00,VMS 3,,Tanque,,1.38,1.26,1.44,0.00,1.43,1.06,1.49,0.00
12/10/2025 03:47 a. m.,Ordeño,06:18,6.53,1,,TD,TI,,0,,0.90,0.96,0.48,1.14,0,0,0,0,5.04,4.58,4.94,4.95,VMS 3,,Tanque,,1.44,1.38,0.90,1.68,1.93,1.45,1.10,2.05
12/10/2025 07:13 p. m.,Ordeño,13:19,3.30,2,,DD,"DI,DD,TD","DI,TD",0,,0.00,0.96,0.72,0.00,0,0,0,0,0.00,5.03,6.41,0.00,VMS 3,,Tanque,,0.00,1.68,1.02,0.00,0.00,0.78,2.52,0.00
19/10/2025 01:22 a. m.,Ordeño,10:24,4.63,1,,,TD,,0,,0.72,0.66,1.02,0.24,0,0,0,0,4.96,4.64,4.97,4.99,VMS 3,,Tanque,,1.14,1.08,1.50,0.60,1.49,0.78,1.82,0.54
19/10/2025 08:45 a. m.,Ordeño,07:32,5.94,2,,,,,0,,0.60,0.66,0.54,0.54,0,0,0,0,5.03,4.86,5.63,4.98,VMS 3,,Tanque,,1.08,1.38,0.96,0.96,1.53,1.05,1.56,1.80
30/10/2024 01:49 a. m.,Rechazada,00:00,,,,,,,,,,,,,,,,,,,,,VMS 3,,,,,,,,,,,
14/11/2024 12:31 p. m.,Rechazada,00:00,,,,,,,,,,,,,,,,,,,,,VMS 3,,,,,,,,,,,
15/11/2024 02:21 a. m.,Rechazada,00:00,,,,,,,,,,,,,,,,,,,,,VMS 1,,,,,,,,,,,
25/11/2024 07:17 a. m.,Rechazada,00:00,,,,,,,,,,,,,,,,,,,,,VMS 1,,,,,,,,,,,
02/01/2025 03:27 a. m.,Rechazada,00:00,,,,,,,,,,,,,,,,,,,,,VMS 1,,,,,,,,,,,
16/01/2025 10:11 a. m.,Rechazada,00:00,,,,,,,,,,,,,,,,,,,,,VMS 1,,,,,,,,,,,
30/01/2025 02:02 p. m.,Rechazada,00:00,,,,,,,,,,,,,,,,,,,,,VMS 1,,,,,,,,,,,
12/02/2025 10:59 p. m.,Rechazada,00:00,,,,,,,,,,,,,,,,,,,,,VMS 1,,,,,,,,,,,
09/07/2025 02:55 a. m.,Rechazada,00:00,,,,,,,,,,,,,,,,,,,,,VMS 1,,,,,,,,,,,
09/07/2025 11:00 a. m.,Rechazada,00:00,,,,,,,,,,,,,,,,,,,,,VMS 1,,,,,,,,,,,
16/07/2025 04:30 p. m.,Rechazada,00:00,,,,,,,,,,,,,,,,,,,,,VMS 1,,,,,,,,,,,
17/07/2025 08:45 a. m.,Rechazada,00:00,,,,,,,,,,,,,,,,,,,,,VMS 1,,,,,,,,,,,
17/07/2025 10:42 a. m.,Rechazada,00:00,,,,,,,,,,,,,,,,,,,,,VMS 1,,,,,,,,,,,
25/07/2025 11:59 p. m.,Rechazada,00:00,,,,,,,,,,,,,,,,,,,,,VMS 1,,,,,,,,,,,
28/07/2025 02:10 a. m.,Rechazada,00:00,,,,,,,,,,,,,,,,,,,,,VMS 1,,,,,,,,,,,
05/08/2025 09:58 a. m.,Rechazada,00:00,,,,,,,,,,,,,,,,,,,,,VMS 1,,,,,,,,,,,
06/08/2025 09:35 a. m.,Rechazada,00:00,,,,,,,,,,,,,,,,,,,,,VMS 1,,,,,,,,,,,
13/08/2025 06:37 a. m.,Rechazada,00:00,,,,,,,,,,,,,,,,,,,,,VMS 1,,,,,,,,,,,
15/09/2025 09:35 a. m.,Echada sin ordeñar,05:37,,,,,,,,,,,,,,,,,,,,,VMS 3,,,,,,,,,,,
18/09/2025 11:05 a. m.,Rechazada,00:00,,,,,,,,,,,,,,,,,,,,,VMS 3,,,,,,,,,,,
21/09/2025 05:55 a. m.,Echada sin ordeñar,05:33,,,,,,,,,,,,,,,,,,,,,VMS 3,,,,,,,,,,,
25/09/2025 10:04 p. m.,Echada sin ordeñar,09:51,,,,,,,,,,,,,,,,,,,,,VMS 3,,,,,,,,,,,
