Main,,,,Estado,,,,,Estado AMD,,Media de los flujos (kg/min),,,,Sangre (ppm),,,,Conductividad (mS / cm),,,,Misc,,,,Flujos máximos (kg/min),,,,Producciones (kg),,,
Hora de inicio,Acción,Duración (mm:ss),Producción (kg),Número de ordeño,RCS (* 1000 células / ml),Patada,Incompleto,Pezones no encontrados,Ubre,Pezón,DI,DD,TI,TD,DI,DD,TI,TD,DI,DD,TI,TD,EO/PO,Usuario,Destino Leche,Razón de la desviación,DI,DD,TI,TD,DI,DD,TI,TD
28/01/2025 08:03 a. m.,Ordeño,06:43,16.64,1,,,,,1,,1.14,1.14,1.14,1.02,2216,390,363,0,5.16,5.09,5.22,5.57,VMS 3,,Divert 3,,1.80,1.62,1.74,1.44,3.55,4.02,4.39,4.68
28/01/2025 11:48 p. m.,Ordeño,08:13,20.82,2,,,,,1,,1.32,1.20,1.26,2.88,864,0,0,0,5.06,4.93,4.83,5.41,VMS 3,,Divert 3,,2.10,1.68,1.74,4.98,3.23,3.57,4.36,9.66
29/01/2025 09:35 p. m.,Ordeño,09:08,20.27,1,,,,,1,,1.38,1.08,1.14,0.90,0,0,0,0,5.66,5.30,5.13,5.02,VMS 3,,Tanque,,1.86,1.56,1.44,1.38,4.61,5.01,5.17,5.48
31/01/2025 03:50 p. m.,Ordeño,06:53,17.91,2,,,,,1,,1.50,1.44,1.32,1.20,0,0,0,0,4.84,4.78,4.49,4.44,VMS 3,,Tanque,,2.04,1.86,1.74,1.68,4.12,4.23,4.65,4.91
01/02/2025 09:39 p. m.,Ordeño,08:38,22.83,1,,,,,1,"DI,DD,TD",1.44,1.32,1.50,1.20,450,0,0,0,8.11,7.26,5.95,8.04,VMS 3,,Tanque,,1.86,1.80,2.10,1.68,5.28,5.15,5.91,6.49
11/02/2025 11:10 p. m.,Ordeño,06:50,19.73,2,,,,,1,"DI,TD",1.44,1.32,1.44,1.08,0,0,0,0,7.77,6.57,6.71,7.57,VMS 3,,Tanque,,1.92,1.74,1.80,1.44,4.70,4.80,5.13,5.10
17/02/2025 11:51 a. m.,Ordeño,07:13,22.01,1,,,,,1,"DI,TD",1.56,1.44,1.56,1.20,0,0,0,0,8.38,6.88,6.67,8.31,VMS 3,,Tanque,,2.04,1.92,2.22,1.62,5.19,5.40,5.47,5.95
02/03/2025 02:35 p. m.,Ordeño,11:22,24.35,1,,,,,1,,1.20,1.32,1.20,0.78,0,0,0,0,5.64,5.71,5.69,5.73,VMS 3,,Tanque,,1.68,1.68,1.62,1.20,6.23,6.03,6.17,5.92
13/03/2025 02:51 a. m.,Ordeño,08:04,17.47,1,,,TI,,1,,1.14,1.26,1.08,0.96,0,0,0,0,4.96,4.90,4.77,5.00,VMS 2,,Tanque,,2.04,1.80,1.50,1.68,3.83,5.95,2.58,5.11
06/04/2025 04:39 p. m.,Ordeño,10:37,22.53,1,,,,,1,,1.26,1.44,1.20,0.96,0,0,0,0,5.43,5.53,5.34,5.67,VMS 2,,Tanque,,1.74,1.98,1.68,1.56,5.36,5.55,5.61,6.01
18/06/2025 07:56 p. m.,Ordeño,06:03,13.60,3,,,,,1,DI,1.38,1.32,1.38,1.14,0,0,0,0,5.32,4.68,4.59,4.64,VMS 2,,Tanque,,2.10,1.92,1.80,1.56,2.46,3.60,3.67,3.87
19/06/2025 06:40 a. m.,Ordeño,06:50,16.77,1,,,,,1,DI,1.50,1.32,1.44,1.20,0,0,0,0,5.53,4.78,4.54,4.84,VMS 2,,Tanque,,2.16,1.92,1.74,1.74,3.10,4.35,4.36,4.96
19/06/2025 05:46 p. m.,Ordeño,07:02,17.11,2,,,,,1,DI,1.56,1.32,1.44,1.26,0,0,0,0,5.59,4.65,4.50,4.62,VMS 2,,Tanque,,2.10,1.80,1.98,1.86,3.24,4.45,4.58,4.84
20/06/2025 02:32 a. m.,Ordeño,07:42,13.18,1,,,,,1,DI,1.38,1.50,1.38,1.20,0,0,0,0,6.19,5.00,4.73,5.04,VMS 2,,Tanque,,1.92,2.10,1.80,1.86,2.32,3.31,3.57,3.98
20/06/2025 11:16 a. m.,Ordeño,06:42,10.47,2,,,,,1,DI,1.38,1.20,1.20,0.96,0,0,0,0,5.93,4.48,4.61,4.41,VMS 2,,Tanque,,2.10,1.68,1.62,1.50,1.77,2.81,2.95,2.94
20/06/2025 06:53 p. m.,Ordeño,05:51,9.59,3,,,,,1,DI,1.26,1.26,1.20,1.02,0,0,0,0,5.78,4.41,4.48,4.50,VMS 2,,Tanque,,1.86,1.74,1.56,1.44,1.42,2.65,2.72,2.80
21/06/2025 03:56 a. m.,Ordeño,06:58,13.07,1,,,,,1,DI,1.26,1.38,1.32,1.20,0,0,0,0,6.07,4.80,4.67,4.69,VMS 2,,Tanque,,1.92,2.10,1.80,1.74,1.96,3.58,3.54,3.99
21/06/2025 11:55 a. m.,Ordeño,05:53,10.50,2,,,,,1,DI,1.26,1.20,1.26,1.08,0,0,0,0,6.20,4.67,4.53,4.56,VMS 2,,Tanque,,1.80,1.68,1.62,1.56,1.77,2.72,2.95,3.06
21/06/2025 06:39 p. m.,Ordeño,06:53,9.63,3,,,,,1,DI,1.38,1.20,1.26,0.96,0,0,0,0,6.20,4.53,4.54,4.49,VMS 2,,Tanque,,1.92,1.74,1.62,1.44,1.85,2.64,2.65,2.49
22/06/2025 03:25 a. m.,Ordeño,05:53,13.49,1,,,,,1,DI,1.26,1.56,1.38,1.26,0,0,0,0,6.05,4.89,4.61,4.82,VMS 2,,Tanque,,1.68,2.16,1.80,1.98,2.72,3.34,3.58,3.85
22/06/2025 01:49 p. m.,Ordeño,05:32,13.88,2,,"TI,TD",,,1,DI,1.38,1.32,1.44,1.20,0,0,0,0,6.40,4.81,4.66,4.76,VMS 2,,Tanque,,1.92,2.10,2.16,1.62,3.06,3.45,3.68,3.69
22/06/2025 10:46 p. m.,Ordeño,05:47,12.10,3,,,,,1,DI,1.32,1.38,1.26,1.14,0,0,0,0,5.88,4.69,4.53,4.53,VMS 2,,Tanque,,1.98,1.92,1.74,1.56,2.63,2.94,3.06,3.47
23/06/2025 06:47 a. m.,Ordeño,05:44,13.14,1,,,,,1,DI,1.50,1.44,1.38,1.20,0,0,0,0,6.27,5.08,4.86,5.16,VMS 2,,Tanque,,1.98,1.92,1.80,1.74,2.57,3.29,3.36,3.92
23/06/2025 02:50 p. m.,Ordeño,05:53,12.70,2,,,,,1,DI,1.56,1.32,1.38,1.08,0,0,0,0,6.00,5.10,4.93,5.07,VMS 2,,Tanque,,2.16,1.80,1.86,1.56,2.55,3.15,3.36,3.64
24/06/2025 03:06 a. m.,Ordeño,06:54,18.53,1,,,,,1,,1.68,1.38,1.50,1.14,0,0,0,0,5.73,5.07,4.94,5.10,VMS 2,,Tanque,,2.28,1.86,1.92,1.74,3.71,4.86,4.76,5.20
24/06/2025 09:03 a. m.,Ordeño,04:57,7.39,2,,,,,1,DI,1.50,1.20,1.32,0.84,0,0,0,0,5.53,4.69,4.67,4.54,VMS 2,,Tanque,,2.04,1.80,1.74,1.32,1.69,1.88,1.93,1.89
24/06/2025 03:25 p. m.,Ordeño,04:41,8.43,3,,,,,1,DI,1.32,1.14,1.14,0.90,0,0,0,0,5.60,4.71,4.67,4.66,VMS 2,,Tanque,,1.92,1.68,1.50,1.38,1.73,2.12,2.25,2.33
25/06/2025 03:54 a. m.,Ordeño,07:24,19.26,1,,,,,1,DI,1.62,1.44,1.38,1.14,0,0,0,0,5.88,5.22,4.93,5.21,VMS 2,,Tanque,,2.28,1.86,1.80,1.62,3.90,4.87,4.98,5.51
25/06/2025 11:10 a. m.,Ordeño,05:43,11.86,2,,,,,1,,1.38,1.20,1.26,1.02,0,0,0,0,5.53,5.01,4.80,4.95,VMS 2,,Tanque,,1.86,1.86,1.62,1.44,2.52,3.05,3.09,3.20
25/06/2025 06:59 p. m.,Ordeño,06:16,12.52,3,,,,,1,,1.44,1.20,1.26,1.14,0,0,0,0,5.54,4.94,4.86,4.96,VMS 2,,Tanque,,1.92,1.74,1.56,1.56,2.70,3.16,3.21,3.45
27/06/2025 02:53 a. m.,Ordeño,05:35,11.42,1,,,,,1,,1.32,1.68,1.20,1.14,0,0,0,0,5.59,5.21,4.96,5.07,VMS 2,,Tanque,,1.74,2.34,1.68,1.62,2.08,2.88,2.97,3.49
27/06/2025 11:15 a. m.,Ordeño,05:54,10.69,2,,,,,1,,1.20,1.50,1.14,1.02,0,0,0,0,5.32,4.75,4.61,4.75,VMS 2,,Tanque,,1.68,2.04,1.50,1.62,1.98,2.72,2.87,3.12
27/06/2025 07:11 p. m.,Ordeño,05:30,10.24,3,,TI,,,1,DI,1.20,1.32,1.26,1.02,0,0,0,0,5.54,4.73,4.66,4.64,VMS 2,,Tanque,,1.74,1.80,1.62,1.44,1.68,2.71,2.79,3.06
28/06/2025 09:32 a. m.,Ordeño,07:04,16.78,1,,,,,1,DI,1.32,1.50,1.32,1.08,0,0,0,0,5.90,4.89,4.61,4.83,VMS 2,,Tanque,,1.80,2.04,1.74,1.62,2.88,4.35,4.54,5.01
28/06/2025 07:56 p. m.,Ordeño,06:17,10.24,2,,,,,1,DI,1.08,1.32,1.20,0.90,0,0,0,0,5.77,4.52,4.28,4.32,VMS 2,,Tanque,,1.62,1.74,1.50,1.38,1.93,2.78,2.75,2.78
29/06/2025 03:05 a. m.,Ordeño,05:21,7.06,1,,,,,1,DI,1.08,1.26,1.14,0.78,0,0,0,0,5.70,4.51,4.41,4.49,VMS 2,,Tanque,,1.62,1.62,1.50,1.14,1.31,1.94,2.04,1.77
29/06/2025 10:41 a. m.,Ordeño,05:42,9.61,2,,,,,1,DI,1.08,1.20,1.20,0.90,0,0,0,0,5.91,4.90,4.73,4.83,VMS 2,,Tanque,,1.68,1.80,1.56,1.38,1.63,2.63,2.68,2.67
29/06/2025 10:31 p. m.,Ordeño,06:58,16.53,3,,,,,1,DI,1.32,1.38,1.32,1.20,0,0,0,0,5.96,5.02,4.76,4.97,VMS 2,,Tanque,,1.74,1.86,1.74,1.68,2.65,4.28,4.34,5.26
30/06/2025 05:32 a. m.,Ordeño,05:54,9.44,1,,,,,1,DI,1.20,1.20,1.32,1.02,0,0,0,0,5.92,4.72,4.56,4.71,VMS 2,,Tanque,,1.74,1.68,1.74,1.62,1.86,2.38,2.46,2.74
30/06/2025 03:35 p. m.,Ordeño,05:50,11.62,2,,,,,1,DI,1.20,1.20,1.26,1.02,0,0,0,0,6.18,4.80,4.63,4.83,VMS 2,,Tanque,,1.74,1.68,1.56,1.56,2.33,2.97,2.95,3.37
01/07/2025 04:06 a. m.,Ordeño,06:10,14.86,1,,,,,1,DI,1.26,1.32,1.26,0.96,0,0,0,0,5.84,4.61,4.42,4.56,VMS 2,,Tanque,,1.80,1.80,1.86,1.50,2.59,4.03,4.06,4.18
01/07/2025 11:54 a. m.,Ordeño,05:37,7.73,2,,,,,1,DI,1.08,1.20,1.14,0.90,0,0,0,0,5.90,4.41,4.54,4.38,VMS 2,,Tanque,,1.62,1.62,1.56,1.38,1.83,2.01,1.99,1.90
01/07/2025 11:14 p. m.,Ordeño,06:01,12.92,3,,,,,1,DI,1.26,1.26,1.26,1.20,0,0,0,0,6.05,4.82,4.61,4.69,VMS 2,,Tanque,,1.80,1.74,1.68,1.68,2.49,3.17,3.42,3.84
02/07/2025 07:03 a. m.,Ordeño,06:23,10.57,1,,,,,1,DI,1.38,1.32,1.20,1.32,0,0,0,0,6.04,5.01,4.89,4.89,VMS 2,,Tanque,,1.80,1.86,1.56,1.74,2.07,2.68,2.72,3.10
02/07/2025 05:28 p. m.,Ordeño,05:25,13.82,2,,,,,1,DI,1.38,1.50,1.32,1.26,0,0,0,0,6.05,5.06,4.97,4.95,VMS 2,,Tanque,,1.80,2.16,1.62,1.80,2.65,3.53,3.61,4.03
03/07/2025 02:44 a. m.,Ordeño,05:48,12.14,1,,,,,1,DI,1.14,1.50,1.26,1.20,0,0,0,0,6.10,5.07,4.89,4.92,VMS 2,,Tanque,,1.62,1.98,1.86,1.74,2.41,3.15,3.28,3.30
03/07/2025 04:14 p. m.,Ordeño,07:54,16.17,2,,,,,1,DI,1.32,1.50,1.20,1.20,0,0,0,0,5.78,4.79,4.55,4.83,VMS 2,,Tanque,,2.10,1.98,1.74,1.80,3.06,4.28,4.11,4.72
04/07/2025 03:43 a. m.,Ordeño,06:27,13.70,1,,,,,1,DI,1.44,1.38,1.38,1.26,0,0,0,0,6.08,4.81,4.61,4.66,VMS 2,,Tanque,,2.10,1.86,1.86,1.62,2.61,3.67,3.56,3.86
04/07/2025 02:59 p. m.,Ordeño,05:49,12.98,2,,,,,1,DI,1.38,1.50,1.38,1.20,0,0,0,0,6.40,4.92,4.73,4.78,VMS 2,,Tanque,,1.92,2.04,1.80,1.80,2.50,3.49,3.28,3.71
04/07/2025 09:53 p. m.,Ordeño,04:47,8.47,3,,,,,1,DI,1.20,1.20,1.20,1.02,0,0,0,0,6.21,4.91,4.75,4.90,VMS 2,,Tanque,,1.74,1.62,1.62,1.62,1.55,2.18,2.24,2.50
05/07/2025 07:29 a. m.,Ordeño,05:55,13.44,1,,,,,1,DI,1.38,1.32,1.26,1.20,0,0,0,0,6.08,5.05,4.96,5.08,VMS 2,,Tanque,,1.86,1.74,1.62,1.74,2.48,3.53,3.44,3.99
05/07/2025 04:11 p. m.,Ordeño,05:31,11.38,2,,,,,1,DI,1.32,1.32,1.26,1.08,0,0,0,0,6.21,5.05,4.98,5.08,VMS 2,,Tanque,,1.80,1.86,1.56,1.68,2.22,3.00,2.90,3.26
06/07/2025 12:03 a. m.,Ordeño,05:00,10.44,1,,,,,1,DI,1.26,1.32,1.20,1.08,0,0,0,0,6.06,5.05,4.98,5.08,VMS 2,,Tanque,,1.68,1.80,1.56,1.50,2.09,2.74,2.61,3.00
06/07/2025 07:25 a. m.,Ordeño,04:58,10.28,2,,,,,1,DI,1.26,1.20,1.26,1.14,0,0,0,0,5.94,5.00,4.90,4.99,VMS 2,,Tanque,,1.92,1.62,1.68,1.62,2.10,2.57,2.59,3.02
06/07/2025 01:57 p. m.,Ordeño,04:44,8.28,3,,,,,1,DI,1.14,1.20,1.26,1.14,0,0,0,0,6.13,5.07,4.96,5.08,VMS 2,,Tanque,,1.74,1.68,1.68,1.68,1.80,2.02,2.00,2.46
07/07/2025 01:34 a. m.,Ordeño,06:38,16.69,1,,,,,1,DI,1.20,1.44,1.32,1.20,0,0,0,0,5.87,5.08,4.91,5.25,VMS 2,,Tanque,,1.74,1.92,1.62,1.80,3.39,4.15,4.22,4.93
07/07/2025 09:25 a. m.,Ordeño,04:51,9.43,2,,,,,1,DI,1.26,1.26,1.26,0.96,0,0,0,0,5.80,4.85,4.64,4.67,VMS 2,,Tanque,,1.80,1.74,1.56,1.44,2.18,2.51,2.50,2.24
07/07/2025 05:08 p. m.,Ordeño,05:19,9.89,3,,,,,1,DI,1.32,1.14,1.26,1.02,0,0,0,0,5.65,4.85,4.57,4.84,VMS 2,,Tanque,,1.74,1.62,1.74,1.50,2.11,2.50,2.56,2.72
08/07/2025 01:39 a. m.,Ordeño,05:06,11.84,1,,,,,1,,1.20,1.32,1.32,1.20,0,0,0,0,5.53,5.04,4.88,5.12,VMS 2,,Tanque,,1.80,1.80,1.74,1.68,2.46,2.94,3.00,3.44
09/07/2025 02:20 p. m.,Ordeño,05:12,10.48,2,,,,,1,DI,1.20,1.20,1.32,1.14,0,0,0,0,5.47,4.71,4.67,4.71,VMS 2,,Tanque,,1.62,1.74,1.68,1.62,2.41,2.67,2.53,2.87
10/07/2025 01:34 a. m.,Ordeño,05:51,15.82,1,,,,,1,,1.38,1.50,1.50,1.32,0,0,0,0,5.51,5.05,4.82,4.99,VMS 2,,Tanque,,1.86,2.04,2.04,1.80,3.04,4.13,4.04,4.61
10/07/2025 01:08 p. m.,Ordeño,07:07,16.40,2,,,,,1,DI,1.38,1.56,1.50,1.32,0,0,0,0,5.64,4.91,4.76,4.85,VMS 2,,Tanque,,1.80,2.04,1.86,1.92,3.19,4.16,4.26,4.79
10/07/2025 11:56 p. m.,Ordeño,05:46,15.41,1,,,,,1,DI,1.38,1.56,1.50,1.26,0,0,0,0,5.50,4.86,4.69,4.85,VMS 2,,Tanque,,1.92,2.04,1.98,1.74,2.83,3.95,4.04,4.59
11/07/2025 11:58 a. m.,Ordeño,06:06,15.59,2,,,,,1,DI,1.38,1.44,1.62,1.26,0,0,0,0,5.79,4.97,4.76,4.91,VMS 2,,Tanque,,1.92,1.98,2.04,1.92,3.21,4.02,3.86,4.50
11/07/2025 07:33 p. m.,Ordeño,08:21,10.00,3,,,,,1,DI,1.32,1.20,1.26,1.08,0,0,0,0,5.67,4.69,4.62,4.72,VMS 2,,Tanque,,1.80,1.68,1.62,1.50,2.02,2.56,2.62,2.80
12/07/2025 07:57 a. m.,Ordeño,06:17,17.03,1,,,,,1,DI,1.38,1.56,1.44,1.20,0,0,0,0,5.58,4.93,4.75,4.85,VMS 2,,Tanque,,1.92,2.16,1.74,1.68,3.40,4.49,4.36,4.78
12/07/2025 02:32 p. m.,Ordeño,06:10,8.99,2,,,,,1,DI,1.26,1.26,1.26,1.08,0,0,0,0,5.65,4.70,4.74,4.74,VMS 2,,Tanque,,1.74,1.74,1.62,1.56,1.91,2.32,2.33,2.43
13/07/2025 04:31 p. m.,Ordeño,07:30,21.53,2,,,,,1,DI,1.44,1.50,1.44,1.26,0,0,0,0,7.10,5.44,5.24,5.65,VMS 2,,Tanque,,1.98,2.04,1.86,1.86,4.54,5.72,5.29,5.98
14/07/2025 07:47 a. m.,Ordeño,05:07,13.75,1,,,DI,,1,DI,0.96,1.38,1.50,1.14,0,0,0,0,5.30,4.54,4.36,4.63,VMS 2,,Tanque,,1.56,1.80,2.04,1.80,2.00,4.32,3.59,3.84
14/07/2025 12:50 p. m.,Ordeño,05:31,5.35,2,,,DI,,1,DI,0.96,1.02,1.14,1.08,389,0,0,0,5.85,4.41,4.62,4.62,VMS 2,,Tanque,,1.50,1.50,1.50,1.50,0.86,1.48,1.46,1.55
15/07/2025 02:29 a. m.,Ordeño,07:01,17.05,1,,,,,1,DI,1.32,1.62,1.32,1.26,0,0,0,0,6.17,5.13,5.05,5.09,VMS 2,,Tanque,,1.92,2.10,1.74,1.68,2.85,4.57,4.58,5.05
15/07/2025 02:17 p. m.,Ordeño,06:00,17.69,2,,,,,1,DI,1.62,1.56,1.62,1.32,0,0,0,0,6.57,5.42,5.17,5.35,VMS 2,,Tanque,,2.22,2.22,2.04,1.74,3.54,4.73,4.52,4.90
17/07/2025 10:40 p. m.,Ordeño,06:06,16.29,3,,,,,1,,1.56,1.92,1.56,1.08,0,0,0,0,5.50,5.22,4.72,5.19,VMS 2,,Tanque,,2.10,2.58,1.92,1.56,3.21,4.38,3.84,4.86
20/07/2025 03:38 a. m.,Ordeño,05:59,12.12,1,,,,,1,"DI,DD,TD",1.68,1.68,1.44,1.14,0,0,0,0,5.43,4.96,3.48,4.89,VMS 2,,Tanque,,2.22,2.34,1.92,1.62,2.68,3.18,2.96,3.30
21/07/2025 06:21 a. m.,Ordeño,06:22,19.34,1,,,,,1,,1.50,1.68,1.56,1.32,0,0,0,0,5.70,5.17,4.86,5.29,VMS 2,,Tanque,,2.04,2.40,1.92,1.86,4.28,4.94,4.90,5.22
22/07/2025 05:46 a. m.,Ordeño,05:43,17.26,1,,,,,1,DI,1.62,1.80,1.50,1.56,0,0,0,0,6.50,5.02,4.74,4.98,VMS 2,,Tanque,,2.46,2.40,1.98,2.40,3.71,4.27,4.30,4.98
22/07/2025 04:22 p. m.,Ordeño,05:25,9.96,2,,,,,1,DI,1.26,1.56,1.32,1.26,0,0,0,0,6.10,4.47,4.28,4.46,VMS 2,,Tanque,,1.86,2.28,1.74,1.68,2.01,2.57,2.60,2.78
22/07/2025 11:06 p. m.,Ordeño,05:47,7.51,3,,,,,1,DI,1.02,1.32,1.32,0.96,0,0,0,0,5.36,4.22,4.36,4.45,VMS 2,,Tanque,,2.28,1.98,1.74,1.38,1.39,2.06,2.02,2.04
23/07/2025 01:48 p. m.,Ordeño,04:23,6.77,3,,,,,1,DI,1.56,1.38,1.32,0.96,0,0,0,0,6.43,4.84,4.79,4.85,VMS 2,,Tanque,,2.16,1.92,1.74,1.50,2.05,1.50,1.61,1.61
24/07/2025 10:23 a. m.,Ordeño,07:00,12.19,2,,,,,1,DI,1.50,1.50,1.32,1.14,0,0,0,0,6.70,4.84,4.86,4.94,VMS 2,,Tanque,,1.98,1.98,1.68,1.74,4.06,2.57,2.56,3.00
24/07/2025 09:35 p. m.,Ordeño,05:48,13.15,3,,,,,1,DI,1.32,1.68,1.56,1.20,0,0,0,0,5.70,5.06,4.83,5.08,VMS 2,,Tanque,,1.92,2.40,1.98,1.74,2.06,3.47,3.64,3.98
25/07/2025 11:29 a. m.,Ordeño,06:38,18.79,1,,,,,1,DI,1.68,1.68,1.62,1.32,0,0,0,0,6.37,5.47,5.09,5.59,VMS 2,,Tanque,,2.22,2.40,2.04,1.86,3.22,4.95,5.08,5.54
25/07/2025 10:35 p. m.,Ordeño,06:01,14.44,2,,,,,1,DI,1.44,1.56,1.56,1.14,0,0,0,0,5.96,5.06,4.73,5.12,VMS 2,,Tanque,,2.04,2.22,1.98,1.68,2.83,3.80,3.70,4.11
26/07/2025 06:49 a. m.,Ordeño,04:51,10.92,1,,,,,1,DI,1.56,1.44,1.50,1.14,0,0,0,0,5.83,5.06,4.69,5.09,VMS 2,,Tanque,,2.10,1.86,2.10,1.68,2.10,2.79,2.96,3.07
26/07/2025 05:30 p. m.,Ordeño,06:07,15.44,2,,,,,1,DI,1.62,1.44,1.56,1.20,0,0,0,0,5.96,5.34,4.95,5.44,VMS 2,,Tanque,,2.22,2.22,2.22,1.86,2.96,4.02,3.99,4.47
27/07/2025 03:12 a. m.,Ordeño,05:38,14.18,1,,,,,1,,1.74,1.68,1.50,1.20,0,0,0,0,5.83,5.31,5.03,5.46,VMS 2,,Tanque,,2.52,2.40,2.04,1.80,2.88,3.54,3.77,3.99
27/07/2025 11:23 a. m.,Ordeño,05:28,12.73,2,,,,,1,,1.32,1.56,1.44,1.14,0,0,0,0,5.56,5.11,4.96,5.16,VMS 2,,Tanque,,1.92,2.10,1.86,1.68,2.70,3.26,3.23,3.54
29/07/2025 03:36 p. m.,Ordeño,07:13,20.94,2,,,,,1,,1.62,1.50,1.56,1.20,0,0,0,0,5.61,5.05,4.72,5.12,VMS 2,,Tanque,,2.16,2.10,2.10,1.80,4.22,5.39,5.46,5.87
29/07/2025 11:53 p. m.,Ordeño,05:10,10.10,3,,,,,1,DI,1.32,1.44,1.32,1.02,0,0,0,0,5.29,4.49,4.32,4.53,VMS 2,,Tanque,,1.98,2.10,1.74,1.68,2.25,2.59,2.54,2.72
30/07/2025 11:21 a. m.,Ordeño,06:55,16.90,1,,DI,,,1,DI,1.38,1.56,1.38,1.20,0,0,0,0,5.48,4.81,4.69,5.06,VMS 2,,Tanque,,1.86,2.10,1.86,1.86,3.31,4.24,4.38,4.97
30/07/2025 07:09 p. m.,Ordeño,05:43,11.90,2,,,,,1,,1.20,1.50,1.38,0.96,0,0,0,0,5.30,4.75,4.64,5.07,VMS 2,,Tanque,,1.86,2.10,1.80,1.44,2.47,3.07,3.11,3.25
31/07/2025 08:11 a. m.,Ordeño,06:53,19.87,1,,,,,1,,1.62,1.62,1.56,1.26,0,0,0,0,5.67,5.17,4.93,5.27,VMS 2,,Tanque,,2.22,2.10,1.98,1.80,4.25,4.83,5.12,5.67
31/07/2025 05:48 p. m.,Ordeño,05:48,12.82,2,,,,,1,,1.20,1.56,1.20,1.08,0,0,0,0,5.35,4.71,4.62,4.81,VMS 2,,Tanque,,1.68,2.16,1.56,1.56,2.95,3.20,3.25,3.42
01/08/2025 10:29 a. m.,Ordeño,07:30,22.96,1,,,,,1,,1.32,1.74,1.50,1.38,0,0,0,0,5.89,5.37,5.09,5.42,VMS 2,,Tanque,,1.74,2.58,1.98,1.98,5.12,5.52,6.08,6.24
01/08/2025 05:26 p. m.,Ordeño,04:32,7.43,2,,,,,1,DI,1.20,1.38,1.32,0.90,0,0,0,0,5.09,4.49,4.48,4.04,VMS 2,,Tanque,,1.74,1.86,1.74,1.38,1.62,1.99,1.87,1.95
05/08/2025 06:03 a. m.,Ordeño,06:19,17.75,1,,DI,,,1,,1.62,1.56,1.56,1.20,0,0,0,0,5.40,4.98,4.82,4.97,VMS 2,,Tanque,,2.16,2.10,1.98,1.68,3.49,4.65,4.60,5.01
05/08/2025 05:28 p. m.,Ordeño,07:04,18.15,2,,,,,1,DI,1.44,1.56,1.26,1.20,0,0,0,0,5.73,4.90,4.01,5.07,VMS 2,,Tanque,,2.04,2.22,1.74,1.80,3.80,4.55,4.78,5.02
06/08/2025 08:48 a. m.,Ordeño,06:35,20.79,1,,,,,1,,1.56,1.68,1.68,1.38,0,0,0,0,5.43,5.04,4.77,5.06,VMS 2,,Tanque,,1.98,2.46,2.10,2.10,4.51,5.17,5.28,5.83
07/08/2025 02:33 a. m.,Ordeño,07:22,18.85,1,,DD,DI,DI,1,,0.00,1.80,1.74,1.32,0,0,0,0,0.00,4.90,4.48,4.95,VMS 2,,Tanque,,0.00,2.28,2.34,1.98,0.00,5.96,6.42,6.47
07/08/2025 10:51 a. m.,Ordeño,06:33,13.59,2,,,,,1,DI,1.44,1.56,1.50,1.08,0,0,0,0,5.47,4.65,4.34,4.77,VMS 2,,Tanque,,1.92,2.34,1.98,1.50,4.64,2.97,3.06,2.92
08/08/2025 02:31 p. m.,Ordeño,05:45,11.45,2,,,,,1,DI,1.26,1.68,1.50,1.08,0,0,0,0,6.05,5.15,4.90,5.13,VMS 2,,Tanque,,1.74,2.22,1.98,1.68,2.02,3.07,3.18,3.18
09/08/2025 12:51 a. m.,Ordeño,07:12,16.56,1,,,,,1,DI,1.56,1.50,1.50,1.02,0,0,0,0,5.96,5.14,4.90,5.17,VMS 2,,Tanque,,2.16,2.04,1.92,1.80,3.23,4.30,4.44,4.59
09/08/2025 06:43 a. m.,Ordeño,04:53,9.93,2,,,,,1,,1.32,1.38,1.32,1.02,0,0,0,0,5.68,5.13,4.93,5.03,VMS 2,,Tanque,,1.68,1.86,1.80,1.50,2.06,2.56,2.62,2.69
09/08/2025 01:53 p. m.,Ordeño,05:35,11.73,3,,DI,,,1,DI,1.44,1.50,1.56,1.08,0,0,0,0,5.81,5.11,4.93,5.18,VMS 2,,Tanque,,1.86,2.04,2.28,1.56,2.42,3.04,3.15,3.12
09/08/2025 11:31 p. m.,Ordeño,05:56,13.90,4,,,,,1,DI,1.56,1.62,1.56,1.08,0,0,0,0,5.48,4.82,4.66,4.93,VMS 2,,Tanque,,2.10,2.28,1.98,1.62,2.93,3.56,3.67,3.74
13/08/2025 05:44 a. m.,Ordeño,05:58,16.43,1,,,,,1,,1.62,1.62,1.62,1.14,0,0,0,0,5.27,4.79,4.53,4.84,VMS 2,,Tanque,,2.28,2.16,2.10,1.68,3.53,4.24,4.35,4.31
13/08/2025 11:37 a. m.,Ordeño,04:48,8.29,2,,,,,1,,1.32,1.38,1.44,1.02,0,0,0,0,5.21,4.68,4.49,4.78,VMS 2,,Tanque,,1.86,1.92,1.92,1.56,1.92,2.14,2.08,2.15
21/08/2025 01:12 a. m.,Ordeño,07:33,22.74,1,,,,,1,DI,1.68,1.56,1.68,1.38,0,0,0,0,6.39,5.01,4.73,5.04,VMS 2,,Tanque,,2.22,2.10,2.34,1.86,4.44,5.42,6.08,6.80
21/08/2025 11:48 a. m.,Ordeño,09:08,8.47,2,,,"DI,TI",TI,1,DI,1.26,1.56,0.00,1.32,0,0,0,0,5.85,4.36,0.00,4.51,VMS 2,,Tanque,,1.80,2.16,0.00,1.74,1.68,3.24,0.00,3.55
22/08/2025 07:35 p. m.,Ordeño,05:20,12.57,3,,,,,1,DI,1.44,1.44,1.44,1.32,0,0,0,0,6.19,4.91,4.84,5.03,VMS 2,,Tanque,,1.98,2.16,1.80,1.80,2.16,3.27,3.23,3.91
23/08/2025 10:35 a. m.,Ordeño,07:13,22.57,1,,,,,1,DI,1.74,1.68,1.62,1.32,0,0,0,0,6.26,5.20,4.72,5.13,VMS 2,,Tanque,,2.28,2.28,2.10,1.68,4.31,5.69,6.05,6.52
23/08/2025 06:59 p. m.,Ordeño,05:32,12.65,2,,,,,1,DI,1.50,1.44,1.32,1.20,0,0,0,0,5.96,4.86,4.86,4.88,VMS 2,,Tanque,,1.98,2.16,1.68,1.68,2.54,3.25,3.20,3.66
24/08/2025 09:02 a. m.,Ordeño,07:21,13.89,1,,,TD,TD,1,DI,1.74,1.62,1.56,0.00,0,0,0,0,5.76,4.95,4.85,0.00,VMS 2,,Tanque,,2.40,2.28,2.04,0.00,3.74,5.17,4.98,0.00
25/08/2025 12:47 a. m.,Ordeño,07:19,22.48,1,,,,,1,TD,1.74,1.62,1.62,1.20,0,0,0,0,5.71,5.14,4.95,5.97,VMS 2,,Tanque,,2.40,2.52,2.16,1.68,4.37,5.99,5.98,6.14
29/08/2025 05:29 p. m.,Ordeño,04:45,10.40,3,,,,,1,,1.62,1.38,1.44,1.20,0,0,0,0,5.39,4.87,4.57,4.93,VMS 2,,Tanque,,2.16,1.98,1.92,1.68,2.07,2.68,2.70,2.95
03/09/2025 01:42 a. m.,Ordeño,06:11,17.06,1,,,,,1,DI,1.74,1.38,1.74,1.20,0,0,0,0,5.15,4.62,4.33,4.53,VMS 2,,Tanque,,2.34,1.92,2.22,1.68,3.50,4.19,4.85,4.52
03/09/2025 02:00 p. m.,Ordeño,05:59,16.79,2,,,,,1,,1.62,1.74,1.62,1.32,0,0,0,0,5.15,4.65,4.61,4.75,VMS 2,,Tanque,,2.16,2.34,2.22,1.68,3.50,4.33,4.49,4.47
04/09/2025 01:45 a. m.,Ordeño,05:45,17.24,1,,,,,1,,1.62,1.68,1.62,1.38,0,0,0,0,5.21,4.82,4.62,4.84,VMS 2,,Tanque,,2.10,2.22,2.10,1.80,3.53,4.27,4.70,4.74
07/09/2025 03:22 a. m.,Ordeño,05:09,12.04,1,,,,,1,,1.56,1.44,1.44,1.20,0,0,0,0,5.27,4.80,4.77,4.79,VMS 2,,Tanque,,2.10,2.04,1.92,1.62,2.53,3.00,3.23,3.28
07/09/2025 01:21 p. m.,Ordeño,06:18,15.80,2,,,,,1,DI,1.86,1.44,1.74,1.20,0,0,0,0,5.43,4.79,4.55,4.47,VMS 2,,Tanque,,2.46,2.10,2.16,1.74,3.20,3.96,4.25,4.39
08/09/2025 12:41 a. m.,Ordeño,06:00,16.58,1,,,,,1,,1.62,1.50,1.56,1.26,0,0,0,0,5.29,4.66,4.66,4.55,VMS 2,,Tanque,,2.16,2.10,2.16,1.68,3.42,4.15,4.45,4.56
11/09/2025 03:24 a. m.,Ordeño,05:32,11.99,1,,,,,1,DI,1.26,1.44,1.44,1.20,0,0,0,0,5.18,4.46,4.46,4.40,VMS 2,,Tanque,,1.68,2.10,1.86,1.68,2.14,3.09,3.20,3.56
11/09/2025 11:19 a. m.,Ordeño,05:04,11.24,2,,,,,1,DI,1.50,1.32,1.56,1.08,0,0,0,0,5.21,4.40,4.42,4.27,VMS 2,,Tanque,,1.98,1.80,1.92,1.56,2.30,3.01,2.89,3.04
11/09/2025 09:43 p. m.,Ordeño,05:39,13.04,3,,"DI,TD",,,1,DI,1.50,1.38,1.50,1.08,0,0,0,0,5.17,4.54,4.46,4.39,VMS 2,,Tanque,,2.34,1.92,1.92,1.62,2.53,3.70,3.86,2.95
12/09/2025 07:17 a. m.,Ordeño,09:01,12.17,1,,TD,TD,,1,DI,1.68,1.44,1.80,1.02,0,0,0,0,5.54,4.86,4.63,4.93,VMS 2,,Tanque,,2.34,2.04,2.40,1.44,3.16,3.87,4.07,1.07
12/09/2025 06:37 p. m.,Ordeño,06:53,16.96,2,,,,,1,TD,1.56,1.56,1.68,1.32,0,0,0,0,5.34,4.76,4.60,5.87,VMS 2,,Tanque,,2.16,2.10,2.10,1.86,2.93,3.94,4.08,6.01
13/09/2025 01:38 a. m.,Ordeño,05:01,7.21,1,,,,,1,DI,1.26,1.26,1.44,0.96,0,0,0,0,5.30,4.54,4.37,4.49,VMS 2,,Tanque,,1.74,1.80,1.92,1.38,1.53,2.05,2.16,1.47
15/09/2025 06:31 a. m.,Ordeño,07:14,20.38,1,,,,,1,DI,1.68,1.68,1.74,1.32,0,0,0,0,6.11,5.51,5.06,5.70,VMS 2,,Tanque,,2.16,2.40,2.28,1.80,4.14,4.91,5.73,5.60
16/09/2025 03:10 a. m.,Ordeño,05:12,12.01,1,,,,,1,DI,1.44,1.44,1.44,1.14,0,0,0,0,5.62,4.94,4.88,4.87,VMS 2,,Tanque,,1.92,2.10,1.92,1.56,2.38,3.04,3.25,3.34
16/09/2025 12:44 p. m.,Ordeño,06:02,15.69,2,,,,,1,DI,1.62,1.56,1.68,1.26,0,0,0,0,5.93,5.19,5.09,5.30,VMS 2,,Tanque,,2.22,2.10,2.04,1.74,3.10,4.05,4.24,4.30
16/09/2025 07:34 p. m.,Ordeño,04:21,9.64,3,,,,,1,DI,1.44,1.44,1.50,1.26,0,0,0,0,5.67,4.92,4.88,4.97,VMS 2,,Tanque,,1.86,1.98,1.86,1.62,1.95,2.47,2.58,2.64
17/09/2025 02:54 a. m.,Ordeño,04:53,11.19,1,,,,,1,,1.44,1.50,1.38,1.20,0,0,0,0,5.54,4.99,4.89,5.02,VMS 2,,Tanque,,1.98,2.16,1.98,1.62,2.36,2.80,3.04,2.99
17/09/2025 09:15 a. m.,Ordeño,05:31,9.84,2,,,,,1,,1.38,1.44,1.44,1.20,0,0,0,0,5.47,4.93,4.87,5.03,VMS 2,,Tanque,,2.52,2.10,1.86,1.68,2.12,2.54,2.56,2.62
17/09/2025 06:14 p. m.,Ordeño,05:16,12.74,3,,,,,1,,1.62,1.50,1.56,1.32,0,0,0,0,5.50,5.00,4.85,5.07,VMS 2,,Tanque,,2.16,2.10,2.04,1.74,2.55,3.16,3.47,3.56
25/09/2025 11:58 a. m.,Ordeño,05:04,7.75,2,,,,,1,,1.44,1.32,1.56,0.96,0,0,0,0,5.27,4.70,4.63,4.57,VMS 2,,Tanque,,2.22,1.92,2.10,1.38,1.77,2.16,2.28,1.54
25/09/2025 08:43 p. m.,Ordeño,07:34,8.29,3,,,TD,TD,1,,1.38,1.38,1.50,0.00,0,0,0,0,5.07,4.63,4.56,0.00,VMS 2,,Tanque,,1.98,1.86,1.98,0.00,2.04,3.13,3.12,0.00
26/09/2025 09:15 a. m.,Ordeño,06:40,18.83,1,,,,,1,,1.80,1.50,1.80,1.38,0,0,0,0,5.66,5.13,4.85,5.06,VMS 2,,Tanque,,2.46,2.10,2.28,1.80,3.60,4.59,4.76,5.88
27/09/2025 05:36 p. m.,Ordeño,03:57,8.32,3,,,,,1,DI,1.44,1.32,1.68,1.32,0,0,0,0,5.16,4.64,4.32,4.70,VMS 2,,Tanque,,1.98,1.80,2.10,1.68,1.83,2.02,2.41,2.06
30/09/2025 05:15 p. m.,Ordeño,05:14,12.06,2,,,,,1,DI,1.44,1.26,1.26,1.20,0,0,0,0,6.59,4.54,4.46,4.45,VMS 2,,Tanque,,2.04,1.86,1.62,1.68,2.77,2.90,2.96,3.43
01/10/2025 03:45 a. m.,Ordeño,07:13,15.70,1,,,,,1,DI,1.50,1.44,1.50,1.26,0,0,0,0,6.09,5.01,4.80,5.14,VMS 2,,Tanque,,2.22,2.10,2.10,1.68,2.40,4.13,4.60,4.57
01/10/2025 01:12 p. m.,Ordeño,05:11,12.61,2,,DI,,,1,DI,1.38,1.38,1.68,1.44,0,0,0,0,6.07,4.41,4.74,5.01,VMS 2,,Tanque,,1.86,2.10,2.34,1.86,1.81,3.34,3.69,3.77
02/10/2025 12:06 a. m.,Ordeño,05:10,12.90,1,,,,,1,DI,1.38,1.44,1.62,1.32,0,0,0,0,6.32,4.53,4.50,4.82,VMS 2,,Tanque,,1.92,1.92,2.10,1.74,2.27,3.25,3.55,3.83
02/10/2025 11:24 a. m.,Ordeño,06:23,16.54,2,,,,,1,DI,1.44,1.56,1.62,1.26,0,0,0,0,6.17,4.96,4.87,5.25,VMS 2,,Tanque,,2.10,2.22,2.10,1.80,2.71,4.39,4.66,4.78
02/10/2025 10:28 p. m.,Ordeño,05:57,15.86,3,,,,,1,DI,1.38,1.44,1.44,1.26,0,0,0,0,6.05,5.01,4.83,5.08,VMS 2,,Tanque,,1.92,2.16,1.98,1.74,2.66,4.18,4.42,4.60
03/10/2025 08:38 a. m.,Ordeño,05:34,14.50,1,,,,,1,DI,1.44,1.38,1.56,1.26,0,0,0,0,5.90,4.96,4.76,5.01,VMS 2,,Tanque,,1.98,1.92,2.04,1.80,2.50,3.79,4.08,4.13
03/10/2025 05:05 p. m.,Ordeño,04:59,11.80,2,,,,,1,DI,1.44,1.32,1.68,1.32,0,0,0,0,6.04,4.92,4.83,5.05,VMS 2,,Tanque,,1.98,1.92,2.04,1.80,2.20,3.12,3.10,3.38
04/10/2025 07:19 a. m.,Ordeño,06:23,19.25,1,,,,,1,DI,1.68,1.50,1.74,1.26,0,0,0,0,5.89,5.11,4.80,5.24,VMS 2,,Tanque,,2.28,2.04,2.16,1.98,3.53,4.94,5.31,5.47
04/10/2025 04:15 p. m.,Ordeño,05:15,12.42,2,,,,,1,DI,1.50,1.44,1.50,1.20,0,0,0,0,5.58,4.92,4.74,4.92,VMS 2,,Tanque,,1.92,2.04,1.86,1.62,2.23,3.21,3.35,3.63
05/10/2025 01:58 a. m.,Ordeño,05:54,14.12,1,,,,,1,,1.80,1.38,1.62,1.14,0,0,0,0,5.72,5.17,4.81,5.26,VMS 2,,Tanque,,2.46,2.16,2.10,1.68,2.46,3.58,3.94,4.14
05/10/2025 03:20 p. m.,Ordeño,06:33,18.44,2,,,,,1,,1.74,1.44,1.50,1.20,0,0,0,0,5.64,5.03,4.83,5.13,VMS 2,,Tanque,,2.28,2.10,1.92,1.56,3.52,4.75,5.06,5.11
06/10/2025 06:17 p. m.,Ordeño,07:41,23.08,1,,,,,1,TD,1.86,1.62,1.56,1.26,0,0,0,0,6.54,6.26,5.47,7.04,VMS 2,,Tanque,,2.40,2.16,2.04,1.62,4.81,5.59,6.39,6.29
08/10/2025 12:23 p. m.,Ordeño,07:00,21.98,1,,,,,1,,1.74,1.44,1.56,1.32,0,0,0,0,6.00,5.65,5.25,5.81,VMS 2,,Tanque,,2.34,2.34,2.04,1.68,3.92,5.76,6.09,6.21
11/10/2025 08:26 p. m.,Ordeño,07:30,20.08,2,,DI,DI,,1,,1.38,1.80,1.68,1.38,0,0,0,0,5.17,4.87,4.77,5.09,VMS 2,,Tanque,,2.16,2.70,2.16,1.80,0.95,6.17,6.29,6.67
11/10/2025 11:39 p. m.,Ordeño,05:18,6.31,3,,TI,,,1,DI,1.68,0.84,0.90,0.78,0,0,0,0,5.76,4.61,3.89,4.55,VMS 2,,Tanque,,2.28,1.86,1.74,1.44,3.87,1.12,0.22,1.10
13/10/2025 04:36 p. m.,Ordeño,06:22,21.10,1,,DI,,,1,,1.74,1.86,1.74,1.44,0,0,0,0,5.75,5.44,5.23,5.35,VMS 2,,Tanque,,2.46,2.58,2.40,1.92,2.62,5.80,6.59,6.09
14/10/2025 02:27 a. m.,Ordeño,04:53,11.69,1,,,,,1,DI,1.80,1.68,1.62,1.20,0,0,0,0,5.76,4.67,4.63,4.50,VMS 2,,Tanque,,2.46,2.22,1.98,1.56,3.15,2.70,2.81,3.03
15/10/2025 01:15 a. m.,Ordeño,06:06,16.85,1,,,,,1,DI,1.74,1.62,1.68,1.38,0,0,0,0,5.84,5.03,4.78,5.13,VMS 2,,Tanque,,2.40,2.46,2.28,1.80,2.63,4.55,4.83,4.84
15/10/2025 01:26 p. m.,Ordeño,05:26,15.95,2,,,,,1,DI,1.80,1.68,1.80,1.38,0,0,0,0,5.90,5.04,4.73,5.04,VMS 2,,Tanque,,2.64,2.22,2.22,1.86,2.79,4.03,4.46,4.67
16/10/2025 12:36 a. m.,Ordeño,05:38,15.57,1,,,,,1,DI,1.80,1.56,1.74,1.32,0,0,0,0,5.65,5.03,4.80,4.95,VMS 2,,Tanque,,2.34,2.28,2.40,1.74,2.73,4.11,4.36,4.37
16/10/2025 12:16 p. m.,Ordeño,05:36,16.41,2,,,,,1,,1.86,1.62,1.80,1.38,0,0,0,0,5.77,5.22,5.04,5.34,VMS 2,,Tanque,,2.46,2.40,2.34,1.74,3.02,4.08,4.64,4.67
17/10/2025 01:29 a. m.,Ordeño,05:44,18.58,1,,,,,1,,1.86,1.74,1.80,1.50,0,0,0,0,5.64,5.10,4.85,5.11,VMS 2,,Tanque,,2.40,2.46,2.46,1.98,3.51,4.72,5.00,5.35
17/10/2025 12:41 p. m.,Ordeño,05:46,14.35,2,,,,,1,,1.86,1.74,1.86,1.32,0,0,0,0,5.46,4.98,4.83,4.90,VMS 2,,Tanque,,2.52,2.40,2.40,1.80,2.82,3.58,3.79,4.16
18/10/2025 02:04 a. m.,Ordeño,06:10,19.61,1,,,,,1,,1.92,1.80,1.92,1.44,0,0,0,0,5.47,5.09,4.90,5.10,VMS 2,,Tanque,,2.70,2.52,2.58,1.86,3.61,4.82,5.58,5.60
19/10/2025 11:12 a. m.,Ordeño,08:13,20.31,1,,,,,1,DI,1.74,1.80,1.68,1.50,0,0,0,0,5.82,4.95,4.72,4.81,VMS 2,,Tanque,,2.28,2.46,2.16,1.98,3.47,5.18,5.81,5.85
19/10/2025 11:18 p. m.,Ordeño,05:24,15.50,2,,TD,,,1,DI,1.74,1.68,1.74,1.44,0,0,0,0,5.51,4.68,4.41,4.71,VMS 2,,Tanque,,2.34,2.22,2.28,1.86,2.80,3.90,4.34,4.46
20/10/2025 11:28 a. m.,Ordeño,06:01,18.08,1,,,,,1,DI,1.80,1.62,1.80,1.38,0,0,0,0,5.83,5.02,4.72,5.01,VMS 2,,Tanque,,2.46,2.22,2.34,1.80,3.24,4.63,4.97,5.24
27/01/2025 11:08 a. m.,Ordeño,10:36,14.23,1,,,,,0,,1.20,1.14,1.32,1.08,4920,899,673,423,4.10,4.44,4.47,4.15,VMS 3,,Divert 3,,2.10,1.80,1.86,1.62,3.48,2.97,3.54,4.24
30/01/2025 08:44 a. m.,Ordeño,05:52,10.89,1,,TI,,,0,,1.26,1.20,1.20,0.84,0,0,0,0,4.54,4.75,4.41,4.32,VMS 3,,Tanque,,1.86,1.62,1.62,1.20,2.69,2.67,2.49,3.04
31/01/2025 01:15 a. m.,Ordeño,08:41,19.01,1,,,,,0,,1.02,1.20,1.26,0.96,0,0,0,0,5.03,5.00,4.81,4.59,VMS 3,,Tanque,,1.38,1.68,1.68,1.32,4.02,4.42,5.37,5.20
02/02/2025 08:56 a. m.,Ordeño,04:57,7.92,1,,,,,0,,1.08,0.96,1.20,0.96,0,0,0,0,4.40,4.38,4.41,4.10,VMS 3,,Tanque,,1.56,1.38,1.56,1.38,1.85,1.89,2.22,1.96
03/02/2025 06:52 a. m.,Ordeño,08:52,21.72,1,,,,,0,,1.50,1.26,1.56,0.96,0,0,0,0,5.44,5.06,4.76,4.84,VMS 3,,Tanque,,2.10,1.68,2.10,1.38,5.02,5.06,5.84,5.80
03/02/2025 09:39 p. m.,Ordeño,06:31,17.43,2,,,,,0,,1.44,1.20,1.26,1.14,0,0,0,0,5.00,4.88,4.68,4.73,VMS 3,,Tanque,,1.92,1.56,1.74,1.56,4.14,4.18,4.73,4.38
04/02/2025 10:05 a. m.,Ordeño,05:59,15.09,1,,,,,0,,1.32,1.32,1.32,1.26,0,0,0,0,4.85,4.71,4.71,4.49,VMS 3,,Tanque,,1.62,1.80,1.68,1.62,3.58,3.61,3.82,4.08
04/02/2025 10:55 p. m.,Ordeño,08:15,17.22,2,,,,,0,,1.14,1.26,1.14,0.96,0,0,0,0,4.92,4.85,4.70,4.55,VMS 3,,Tanque,,1.50,1.68,1.68,1.32,4.04,4.12,4.49,4.57
05/02/2025 06:13 p. m.,Ordeño,07:53,23.65,1,,,,,0,,1.50,1.50,1.50,1.26,0,0,0,0,5.31,4.99,5.08,4.99,VMS 3,,Tanque,,2.04,1.92,2.04,1.74,5.52,5.65,6.05,6.43
06/02/2025 02:54 a. m.,Ordeño,05:03,10.86,1,,,,,0,,1.26,1.26,1.20,1.08,0,0,0,0,4.63,4.59,4.61,4.40,VMS 3,,Tanque,,1.74,1.62,1.56,1.38,2.62,2.67,2.65,2.92
06/02/2025 09:06 p. m.,Ordeño,07:48,22.19,2,,,,,0,,1.44,1.32,1.44,1.14,0,0,0,0,5.64,5.34,5.14,5.19,VMS 3,,Tanque,,1.92,1.92,1.86,1.62,5.19,5.36,5.57,6.07
07/02/2025 09:18 a. m.,Ordeño,05:13,13.22,1,,,,,0,,1.56,1.20,1.50,1.14,0,0,0,0,4.49,4.51,4.67,4.42,VMS 3,,Tanque,,2.10,1.62,1.92,1.56,3.24,3.26,3.23,3.49
08/02/2025 02:51 a. m.,Ordeño,07:07,20.58,1,,,,,0,,1.38,1.38,1.38,1.08,0,0,0,0,4.84,4.71,4.67,4.67,VMS 3,,Tanque,,1.86,1.80,2.10,1.68,4.91,4.90,5.32,5.45
08/02/2025 12:07 p. m.,Ordeño,04:56,10.30,2,,,,,0,,1.44,1.38,1.50,1.08,0,0,0,0,4.52,4.50,4.43,4.37,VMS 3,,Tanque,,1.92,1.86,1.98,1.44,2.55,2.51,2.54,2.70
08/02/2025 11:17 p. m.,Ordeño,05:52,13.81,3,,,,,0,,1.38,1.32,1.50,1.08,0,0,0,0,4.70,4.58,4.48,4.61,VMS 3,,Tanque,,1.80,1.74,2.04,1.50,3.27,3.38,3.58,3.58
09/02/2025 11:25 a. m.,Ordeño,05:51,15.24,1,,,,,0,,1.62,1.38,1.56,1.14,0,0,0,0,4.68,4.58,4.53,4.57,VMS 3,,Tanque,,2.40,1.86,2.04,1.56,3.66,3.73,3.81,4.04
09/02/2025 11:06 p. m.,Ordeño,05:32,14.97,2,,,,,0,,1.62,1.32,1.56,1.14,0,0,0,0,4.81,4.73,4.74,4.69,VMS 3,,Tanque,,2.22,1.92,2.04,1.56,3.61,3.76,3.64,3.96
10/02/2025 09:28 a. m.,Ordeño,05:05,12.63,1,,,,,0,,1.50,1.26,1.56,1.08,0,0,0,0,4.67,4.71,4.61,4.70,VMS 3,,Tanque,,1.98,1.62,2.04,1.44,3.14,3.07,3.08,3.34
11/02/2025 12:25 a. m.,Ordeño,05:58,15.40,1,,,,,0,,1.56,1.38,1.50,1.14,0,0,0,0,4.87,4.77,4.73,4.72,VMS 3,,Tanque,,2.10,1.86,2.04,1.62,3.74,3.72,3.88,4.06
13/02/2025 01:01 a. m.,Ordeño,07:57,22.21,1,,,,,0,,1.44,1.32,1.38,1.08,0,0,0,0,5.74,5.55,5.32,5.57,VMS 3,,Tanque,,1.80,1.74,1.80,1.56,5.21,5.38,5.58,6.04
14/02/2025 02:09 a. m.,Ordeño,07:58,21.09,1,,,,,0,,1.50,1.26,1.32,1.02,0,0,0,0,5.16,5.00,4.88,5.06,VMS 3,,Tanque,,2.10,1.74,1.92,1.44,5.02,4.89,5.53,5.65
14/02/2025 08:33 a. m.,Ordeño,04:59,5.99,2,,,,,0,,1.14,1.08,1.26,0.84,0,0,0,0,4.21,4.40,4.14,4.07,VMS 3,,Tanque,,1.62,1.50,1.68,1.32,1.50,1.50,1.41,1.58
15/02/2025 05:41 a. m.,Ordeño,07:22,19.54,1,,,,,0,,1.62,1.32,1.56,1.08,0,0,0,0,4.89,4.94,4.64,4.90,VMS 3,,Tanque,,2.28,1.80,2.10,1.50,4.70,4.70,4.87,5.27
15/02/2025 05:27 p. m.,Ordeño,05:45,13.66,2,,,,,0,,1.50,1.38,1.44,1.08,0,0,0,0,5.04,4.81,4.78,4.94,VMS 3,,Tanque,,1.92,1.74,1.92,1.38,3.27,3.26,3.58,3.55
16/02/2025 12:17 a. m.,Ordeño,04:23,7.63,1,,,,,0,,1.32,1.26,1.26,0.96,0,0,0,0,4.72,4.67,4.78,4.58,VMS 3,,Tanque,,1.86,1.74,1.62,1.44,1.90,1.86,1.82,2.05
16/02/2025 11:28 a. m.,Ordeño,05:15,14.02,2,,,,,0,,1.38,1.32,1.50,1.14,0,0,0,0,5.35,5.15,5.12,5.36,VMS 3,,Tanque,,1.80,1.68,1.86,1.50,3.52,3.29,3.57,3.64
17/02/2025 10:36 p. m.,Ordeño,05:10,8.29,2,,,,,0,,1.20,1.20,1.20,0.90,0,0,0,0,4.95,4.75,4.77,4.69,VMS 3,,Tanque,,1.74,1.62,1.56,1.38,2.04,2.05,2.04,2.16
18/02/2025 07:52 a. m.,Ordeño,05:11,10.51,1,,,,,0,,1.26,1.26,1.32,1.02,0,0,0,0,5.40,5.18,5.12,5.14,VMS 3,,Tanque,,1.68,1.62,1.80,1.44,2.41,2.64,2.61,2.85
18/02/2025 02:43 p. m.,Ordeño,06:10,9.50,2,,,,,0,,1.26,1.26,1.38,0.96,0,0,0,0,5.50,5.23,5.32,5.25,VMS 3,,Tanque,,1.74,1.68,1.86,1.26,2.42,2.36,2.44,2.28
19/02/2025 03:45 a. m.,Ordeño,06:10,16.71,1,,,,,0,,1.44,1.32,1.44,1.14,0,0,0,0,5.25,5.10,4.92,5.02,VMS 3,,Tanque,,1.92,1.92,1.98,1.56,3.94,4.19,4.07,4.51
19/02/2025 03:45 p. m.,Ordeño,06:28,15.94,2,,,,,0,,1.38,1.38,1.50,1.08,0,0,0,0,5.33,5.17,4.91,5.23,VMS 3,,Tanque,,1.80,1.80,1.98,1.50,3.84,3.86,4.10,4.14
20/02/2025 03:10 a. m.,Ordeño,05:51,15.26,1,,,,,0,,1.44,1.32,1.44,1.08,0,0,0,0,5.19,5.02,4.91,5.06,VMS 3,,Tanque,,1.92,1.68,1.86,1.50,3.63,3.81,3.80,4.02
20/02/2025 11:56 a. m.,Ordeño,05:17,12.44,2,,,,,0,,1.38,1.32,1.38,1.02,0,0,0,0,5.36,5.01,5.05,5.02,VMS 3,,Tanque,,1.80,1.74,1.74,1.32,3.11,3.05,3.09,3.19
21/02/2025 12:54 a. m.,Ordeño,06:54,17.68,1,,,,,0,,1.50,1.32,1.62,1.02,0,0,0,0,5.39,5.14,5.05,5.27,VMS 3,,Tanque,,1.98,1.68,1.98,1.44,4.18,4.29,4.54,4.67
21/02/2025 10:11 a. m.,Ordeño,05:38,13.68,2,,,,,0,,1.50,1.38,1.56,1.08,0,0,0,0,5.07,4.87,4.85,4.92,VMS 3,,Tanque,,2.04,1.86,1.98,1.50,3.36,3.35,3.31,3.66
21/02/2025 09:12 p. m.,Ordeño,06:41,15.49,3,,,,,0,,1.44,1.20,1.38,0.96,308,0,0,0,5.03,4.81,4.91,4.89,VMS 3,,Tanque,,1.92,1.74,1.98,1.32,3.86,3.71,3.87,4.05
22/02/2025 07:26 a. m.,Ordeño,06:29,16.01,1,,,,,0,,1.44,1.32,1.44,1.02,0,0,0,0,4.96,4.88,4.91,4.81,VMS 3,,Tanque,,1.80,1.62,1.86,1.44,3.97,3.79,4.10,4.15
22/02/2025 04:10 p. m.,Ordeño,06:15,13.31,2,,,,,0,,1.32,1.20,1.26,0.90,0,0,0,0,4.94,4.90,4.91,4.89,VMS 3,,Tanque,,1.80,1.62,1.68,1.32,3.38,3.05,3.37,3.51
23/02/2025 06:39 a. m.,Ordeño,07:56,19.98,1,,,,,0,,1.44,1.32,1.32,0.96,0,0,0,0,5.09,4.95,5.01,4.98,VMS 3,,Tanque,,1.92,1.74,1.92,1.38,4.74,4.90,5.12,5.22
23/02/2025 05:51 p. m.,Ordeño,07:30,15.55,2,,,,,0,,1.26,1.26,1.14,0.84,0,0,0,0,4.90,4.80,4.82,4.77,VMS 3,,Tanque,,1.80,1.74,1.56,1.26,3.99,3.84,3.86,3.86
24/02/2025 07:12 a. m.,Ordeño,07:48,19.35,1,,,,,0,,1.38,1.26,1.26,0.96,0,0,0,0,5.07,4.92,4.87,5.02,VMS 3,,Tanque,,2.04,1.80,1.68,1.38,4.63,4.84,4.80,5.08
24/02/2025 02:54 p. m.,Ordeño,06:21,12.51,2,,,,,0,,1.26,1.08,1.20,0.84,0,0,0,0,4.89,4.79,4.82,4.80,VMS 3,,Tanque,,1.68,1.44,1.62,1.14,3.02,3.07,3.19,3.23
25/02/2025 12:02 a. m.,Ordeño,06:49,14.02,1,,,,,0,,1.26,1.08,1.26,0.90,0,0,0,0,4.93,4.83,4.78,4.82,VMS 3,,Tanque,,1.74,1.56,1.86,1.32,3.45,3.21,3.61,3.75
25/02/2025 09:56 a. m.,Ordeño,07:24,16.55,2,,,,,0,,1.38,1.02,1.38,0.84,0,0,0,0,5.07,4.82,4.88,4.93,VMS 3,,Tanque,,1.86,1.56,1.86,1.32,4.00,3.98,4.24,4.33
25/02/2025 07:33 p. m.,Ordeño,07:00,15.85,3,,,,,0,,1.38,1.14,1.26,0.90,0,0,0,0,4.94,4.83,4.88,4.77,VMS 3,,Tanque,,1.74,1.56,1.68,1.26,3.84,3.82,3.97,4.22
26/02/2025 06:56 a. m.,Ordeño,06:35,16.38,1,,,,,0,,1.26,1.14,1.38,0.96,0,0,0,0,4.77,4.76,4.76,4.80,VMS 3,,Tanque,,1.92,1.50,1.98,1.32,4.03,4.01,4.20,4.14
26/02/2025 05:51 p. m.,Ordeño,07:53,18.84,2,,,,,0,,1.38,1.20,1.38,0.96,0,0,0,0,5.06,5.02,4.96,5.06,VMS 3,,Tanque,,1.86,1.80,1.86,1.32,4.46,4.63,4.75,5.00
27/02/2025 01:21 a. m.,Ordeño,05:55,12.23,1,,,,,0,,1.38,0.96,1.44,0.96,0,0,0,0,4.70,4.75,4.84,4.67,VMS 3,,Tanque,,1.86,1.44,1.80,1.38,3.07,2.93,3.02,3.21
27/02/2025 12:06 p. m.,Ordeño,07:10,16.68,2,,,,,0,,1.38,1.02,1.32,0.96,0,0,0,0,4.91,4.75,4.85,4.78,VMS 3,,Tanque,,1.80,1.56,1.74,1.44,4.05,4.05,4.26,4.32
28/02/2025 12:42 a. m.,Ordeño,08:00,19.10,1,,,,,0,,1.50,1.02,1.32,0.90,0,0,0,0,4.87,4.76,4.85,4.62,VMS 3,,Tanque,,2.04,1.50,1.74,1.32,4.56,4.69,4.82,5.03
28/02/2025 08:00 a. m.,Ordeño,06:38,12.57,2,,,,,0,,1.20,0.96,1.26,0.84,0,0,0,0,4.80,4.62,4.69,4.66,VMS 3,,Tanque,,1.80,1.32,1.62,1.26,3.00,3.07,3.17,3.33
28/02/2025 10:15 p. m.,Ordeño,09:12,22.94,3,,,,,0,,1.20,1.26,1.32,0.90,0,0,0,0,5.39,5.15,4.83,5.39,VMS 3,,Tanque,,1.74,1.80,1.74,1.38,5.59,5.31,6.33,5.71
01/03/2025 03:46 p. m.,Ordeño,11:09,23.97,1,,,,,0,,1.38,1.26,1.38,0.90,0,0,0,0,5.30,5.36,5.12,5.32,VMS 3,,Tanque,,1.86,1.74,1.92,1.32,5.74,5.96,6.21,6.06
03/03/2025 01:40 a. m.,Ordeño,07:41,14.98,1,,,,,0,,1.14,1.08,1.08,0.78,0,0,0,0,4.71,4.77,4.63,4.58,VMS 3,,Tanque,,1.62,1.56,1.62,1.14,3.83,3.43,3.80,3.92
03/03/2025 10:59 a. m.,Ordeño,06:56,15.05,2,,,,,0,,1.32,1.20,1.20,0.84,0,0,0,0,5.45,5.31,5.19,5.36,VMS 3,,Tanque,,1.80,1.62,1.68,1.20,3.79,3.61,3.83,3.82
03/03/2025 10:03 p. m.,Ordeño,07:42,17.87,3,,,,,0,,1.38,1.20,1.38,0.90,0,0,0,0,5.21,5.08,5.09,5.11,VMS 3,,Tanque,,1.92,1.68,1.86,1.26,4.41,4.45,4.24,4.77
04/03/2025 11:19 a. m.,Ordeño,08:33,20.68,1,,,,,0,,1.32,1.20,1.26,0.90,0,0,0,0,4.95,4.96,4.93,4.86,VMS 3,,Tanque,,1.92,1.74,1.74,1.32,4.96,5.24,5.09,5.39
05/03/2025 02:53 a. m.,Ordeño,09:38,24.49,1,,,,,0,,1.32,1.38,1.38,0.96,0,0,0,0,5.02,4.92,4.86,4.97,VMS 3,,Tanque,,1.98,1.92,1.80,1.38,5.98,5.97,6.18,6.36
05/03/2025 02:25 p. m.,Ordeño,08:20,18.46,2,,,,,0,,1.32,1.32,1.38,0.90,0,0,0,0,5.11,5.11,5.08,5.07,VMS 2,,Tanque,,1.80,1.74,1.74,1.56,4.45,4.47,4.76,4.78
05/03/2025 10:03 p. m.,Ordeño,07:43,11.32,3,,,,,0,,1.32,1.08,1.38,0.72,0,0,0,0,4.86,4.71,4.60,4.66,VMS 2,,Tanque,,1.74,1.50,1.74,1.38,2.75,2.90,2.89,2.78
06/03/2025 07:33 a. m.,Ordeño,06:29,14.37,1,,,,,0,,1.38,1.26,1.32,0.90,0,0,0,0,4.99,4.82,4.75,4.73,VMS 2,,Tanque,,1.80,1.68,1.86,1.44,3.42,3.52,3.79,3.64
06/03/2025 01:19 p. m.,Ordeño,05:23,10.05,2,,,,,0,,1.32,1.08,1.32,0.84,0,0,0,0,5.11,4.96,4.89,5.01,VMS 2,,Tanque,,1.74,1.68,1.68,1.32,2.41,2.63,2.63,2.38
07/03/2025 02:49 a. m.,Ordeño,09:06,21.95,1,,,,,0,,1.26,1.26,1.26,0.96,0,0,0,0,5.51,5.49,5.28,5.43,VMS 2,,Tanque,,1.80,1.74,1.74,1.50,5.25,5.38,5.49,5.83
07/03/2025 10:00 a. m.,Ordeño,06:14,13.30,2,,,,,0,,1.32,1.32,1.26,0.96,0,0,0,0,5.04,4.95,4.87,4.97,VMS 2,,Tanque,,1.74,1.86,1.62,1.38,3.23,3.32,3.26,3.49
07/03/2025 06:53 p. m.,Ordeño,07:00,14.98,3,,,,,0,,1.26,1.26,1.26,0.84,0,0,0,0,5.04,5.03,4.91,4.98,VMS 2,,Tanque,,1.68,1.80,1.56,1.26,3.60,3.74,3.93,3.71
08/03/2025 04:53 a. m.,Ordeño,08:23,15.61,1,,,,,0,,1.14,1.20,1.26,0.72,0,369,0,0,4.84,4.89,4.71,4.92,VMS 2,,Tanque,,1.62,1.68,1.68,1.20,3.82,3.95,4.23,3.61
08/03/2025 02:22 p. m.,Ordeño,06:42,14.86,2,,,,,0,,1.20,1.20,1.20,0.90,0,0,0,0,4.78,4.82,4.86,4.84,VMS 2,,Tanque,,1.56,1.86,1.56,1.38,3.57,3.64,3.85,3.80
08/03/2025 10:56 p. m.,Ordeño,06:27,16.24,3,,,,,0,,1.50,1.38,1.26,1.08,0,0,0,0,5.07,5.10,4.93,5.01,VMS 2,,Tanque,,1.92,1.86,1.68,1.62,3.77,3.81,4.24,4.42
09/03/2025 12:12 p. m.,Ordeño,07:56,21.35,1,,,,,0,,1.56,1.38,1.38,1.08,0,0,0,0,5.00,4.97,4.85,4.88,VMS 2,,Tanque,,2.10,1.80,1.80,1.68,5.15,5.16,5.46,5.58
09/03/2025 07:53 p. m.,Ordeño,05:14,10.13,2,,,,,0,,1.14,1.08,1.32,0.90,0,0,0,0,4.74,4.64,4.58,4.66,VMS 2,,Tanque,,1.62,1.44,1.74,1.38,2.45,2.46,2.59,2.63
10/03/2025 02:41 a. m.,Ordeño,05:58,11.10,1,,,,,0,,1.20,1.02,1.38,0.90,0,0,0,0,4.63,4.53,4.56,4.64,VMS 2,,Tanque,,1.68,1.44,1.74,1.56,2.56,2.85,2.84,2.85
10/03/2025 09:21 a. m.,Ordeño,06:19,13.37,2,,TD,,,0,,1.44,1.14,1.56,0.96,0,0,0,0,5.01,4.92,4.78,4.85,VMS 2,,Tanque,,2.04,1.62,2.52,1.32,3.11,3.19,3.74,3.33
11/03/2025 06:15 a. m.,Ordeño,12:23,10.53,1,,,"TI,TD","TI,TD",0,,1.26,1.14,0.00,0.00,0,0,0,0,5.32,5.63,0.00,0.00,VMS 2,,Tanque,,1.80,1.62,0.00,0.00,5.18,5.35,0.00,0.00
11/03/2025 06:43 p. m.,Ordeño,17:50,9.07,2,,,"DI,TI","DI,TI",0,,0.00,1.20,0.00,1.02,0,0,0,0,0.00,5.01,0.00,6.54,VMS 2,,Tanque,,0.00,1.62,0.00,1.50,0.00,4.14,0.00,4.93
12/03/2025 10:33 a. m.,Ordeño,07:37,19.51,1,,,,,0,,1.50,1.26,1.26,1.02,0,0,0,0,5.40,4.95,5.34,5.07,VMS 2,,Tanque,,2.16,1.92,1.62,1.56,5.37,5.66,4.42,4.06
13/03/2025 07:26 a. m.,Ordeño,05:58,7.24,2,,,TI,,0,,0.96,0.96,0.90,0.72,0,0,0,0,4.83,4.22,4.84,4.47,VMS 2,,Tanque,,1.32,1.44,1.26,1.14,1.59,2.56,1.05,2.04
13/03/2025 07:45 p. m.,Ordeño,07:44,17.15,3,,,,,0,,1.26,1.26,1.26,0.90,0,0,0,0,5.74,5.16,5.41,5.26,VMS 2,,Tanque,,1.68,1.80,1.62,1.50,3.97,4.82,3.58,4.78
14/03/2025 06:33 a. m.,Ordeño,08:41,16.58,1,,,,,0,,1.38,1.20,1.20,0.84,0,0,0,0,5.25,4.81,5.02,4.62,VMS 2,,Tanque,,1.92,1.80,1.56,1.26,3.89,4.62,3.67,4.40
14/03/2025 02:49 p. m.,Ordeño,06:48,13.21,2,,,,,0,,1.14,1.26,1.26,0.78,0,0,0,0,5.31,4.78,5.06,4.75,VMS 2,,Tanque,,1.74,1.80,1.80,1.26,3.18,3.63,3.09,3.31
15/03/2025 12:29 a. m.,Ordeño,07:26,16.86,1,,,,,0,,1.32,1.38,1.26,0.96,0,0,0,0,5.41,5.04,5.20,5.05,VMS 2,,Tanque,,1.86,1.98,1.68,1.50,3.94,4.32,3.81,4.79
15/03/2025 06:15 a. m.,Ordeño,06:29,9.07,2,,,,,0,,1.20,1.20,1.14,0.72,0,0,0,0,4.75,4.43,4.52,4.39,VMS 2,,Tanque,,1.62,1.68,1.56,1.26,2.17,2.39,2.08,2.43
16/03/2025 01:43 a. m.,Ordeño,10:19,24.74,1,,TD,,,0,,1.32,1.32,1.32,0.90,0,0,0,0,5.26,5.87,4.99,5.52,VMS 2,,Tanque,,1.80,1.92,1.86,1.62,5.86,6.47,5.86,6.55
16/03/2025 11:52 a. m.,Ordeño,06:40,13.12,2,,,,,0,,1.20,1.20,1.20,0.90,0,0,0,0,4.73,4.65,4.66,4.52,VMS 2,,Tanque,,1.74,1.56,1.68,1.50,3.13,3.24,3.14,3.61
16/03/2025 09:23 p. m.,Ordeño,07:00,13.67,3,,,,,0,,1.08,1.32,1.26,0.90,0,0,0,0,4.54,4.39,4.29,4.33,VMS 2,,Tanque,,1.50,1.74,1.62,1.74,3.21,3.62,3.35,3.49
17/03/2025 07:56 a. m.,Ordeño,08:00,17.40,1,,DD,,,0,,1.26,1.32,1.32,0.90,0,0,0,0,4.99,4.93,4.75,4.76,VMS 2,,Tanque,,1.86,1.80,1.74,1.62,4.28,4.47,4.15,4.50
17/03/2025 03:03 p. m.,Ordeño,07:00,12.84,2,,,,,0,,1.20,1.20,1.26,0.84,0,0,0,0,4.64,4.64,4.25,4.62,VMS 2,,Tanque,,1.80,1.56,1.56,1.38,3.11,3.57,2.93,3.23
18/03/2025 01:10 a. m.,Ordeño,07:41,16.77,1,,,,,0,,1.14,1.20,1.20,0.96,0,0,0,0,4.69,4.68,4.50,4.55,VMS 2,,Tanque,,1.74,1.74,1.62,1.62,4.02,4.27,3.97,4.51
18/03/2025 10:18 a. m.,Ordeño,06:41,16.18,2,,,,,0,,1.20,1.32,1.38,0.96,0,0,0,0,4.81,4.67,4.59,4.69,VMS 2,,Tanque,,1.80,1.98,1.80,1.50,3.86,4.19,4.01,4.12
18/03/2025 07:27 p. m.,Ordeño,06:25,14.76,3,,,,,0,,1.26,1.20,1.32,0.96,0,0,0,0,4.69,4.61,4.60,4.67,VMS 2,,Tanque,,1.80,1.74,1.68,1.62,3.38,3.85,3.54,3.99
19/03/2025 06:56 a. m.,Ordeño,08:16,19.50,1,,DD,,,0,,1.38,1.32,1.38,0.90,0,0,0,0,4.98,4.90,4.73,4.69,VMS 2,,Tanque,,1.86,1.74,1.86,1.50,4.83,4.95,4.60,5.12
19/03/2025 02:31 p. m.,Ordeño,06:54,13.59,2,,,,,0,,1.26,1.20,1.44,0.96,0,0,0,0,4.69,4.55,4.60,4.52,VMS 2,,Tanque,,1.80,1.62,1.86,1.62,3.18,3.46,3.23,3.72
19/03/2025 11:19 p. m.,Ordeño,06:32,14.66,3,,,,,0,,1.14,1.26,1.26,0.90,0,0,0,0,4.55,4.69,4.41,4.51,VMS 2,,Tanque,,1.98,1.80,1.68,1.38,3.63,3.68,3.60,3.75
20/03/2025 07:15 a. m.,Ordeño,07:09,13.84,1,,,,,0,,1.26,1.20,1.20,0.72,0,0,0,0,4.64,4.50,4.57,4.45,VMS 2,,Tanque,,1.68,1.68,1.56,1.50,3.47,3.63,3.49,3.25
20/03/2025 06:30 p. m.,Ordeño,07:58,18.81,2,,,,,0,,1.38,1.20,1.44,0.96,0,0,0,0,4.67,4.65,4.37,4.46,VMS 2,,Tanque,,1.80,1.74,1.86,1.56,4.31,4.98,4.48,5.04
21/03/2025 01:10 a. m.,Ordeño,06:22,11.71,1,,,,,0,,1.26,1.26,1.44,0.84,0,0,0,0,4.47,4.46,4.29,4.33,VMS 2,,Tanque,,1.86,1.74,1.86,1.62,2.85,3.11,2.96,2.79
21/03/2025 11:21 a. m.,Ordeño,07:46,16.94,2,,,,,0,,1.38,1.26,1.38,0.84,0,0,0,0,4.81,4.75,4.29,4.57,VMS 2,,Tanque,,1.86,1.68,1.86,1.92,4.32,4.53,4.29,3.80
21/03/2025 11:10 p. m.,Ordeño,08:04,18.18,3,,,,,0,,1.20,1.20,1.38,0.84,0,0,0,0,4.59,4.53,4.35,4.43,VMS 2,,Tanque,,1.80,1.68,1.80,1.44,4.47,4.82,4.58,4.31
22/03/2025 08:58 a. m.,Ordeño,07:21,16.90,1,,,,,0,,1.14,1.26,1.38,0.90,0,0,0,0,4.46,4.39,4.35,4.36,VMS 2,,Tanque,,1.68,1.74,1.80,1.44,4.18,4.22,4.26,4.24
22/03/2025 04:28 p. m.,Ordeño,06:56,12.36,2,,,,,0,,1.08,1.20,1.32,0.84,0,0,0,0,4.43,4.31,4.31,4.30,VMS 2,,Tanque,,1.62,1.62,1.62,1.38,3.02,3.22,2.99,3.13
23/03/2025 01:01 a. m.,Ordeño,06:49,13.99,1,,,,,0,,1.02,1.14,1.20,0.90,0,0,0,0,4.41,4.50,4.34,4.44,VMS 2,,Tanque,,1.44,1.62,1.68,1.50,3.41,3.49,3.43,3.66
23/03/2025 09:41 a. m.,Ordeño,06:03,14.23,2,,,,,0,,1.20,1.20,1.38,1.02,0,0,0,0,4.36,4.33,4.45,4.36,VMS 2,,Tanque,,1.62,1.62,1.68,1.50,3.35,3.59,3.42,3.87
23/03/2025 04:58 p. m.,Ordeño,06:57,11.63,3,,,,,0,,1.08,1.14,1.32,0.84,0,0,0,0,4.45,4.47,4.53,4.37,VMS 2,,Tanque,,1.56,1.56,1.74,1.32,2.75,3.04,2.95,2.89
24/03/2025 02:50 a. m.,Ordeño,08:02,17.20,1,,,,,0,,1.20,1.26,1.32,1.08,0,0,0,0,4.81,4.80,4.58,4.57,VMS 2,,Tanque,,1.74,1.74,1.92,2.04,4.19,4.23,4.25,4.53
24/03/2025 11:42 a. m.,Ordeño,07:07,14.93,2,,,,,0,,1.26,1.20,1.20,0.72,0,0,0,0,4.40,4.31,4.40,4.31,VMS 2,,Tanque,,1.74,1.62,1.74,1.38,3.71,3.86,3.66,3.70
24/03/2025 09:42 p. m.,Ordeño,07:13,16.83,3,,,,,0,,1.26,1.14,1.14,0.78,0,0,0,0,4.30,4.35,4.28,4.28,VMS 2,,Tanque,,1.92,1.68,1.56,1.38,3.96,4.35,4.08,4.44
25/03/2025 07:21 a. m.,Ordeño,07:46,16.04,1,,,,,0,,1.14,1.32,1.08,0.72,0,0,0,0,4.45,4.53,4.22,4.36,VMS 2,,Tanque,,1.74,1.80,1.50,1.44,3.92,4.07,3.98,4.07
25/03/2025 03:46 p. m.,Ordeño,06:36,14.01,2,,,,,0,,1.08,1.20,1.26,0.84,0,0,0,0,4.24,4.32,4.26,4.34,VMS 2,,Tanque,,1.68,1.68,1.62,1.38,3.55,3.69,3.31,3.46
26/03/2025 12:07 a. m.,Ordeño,04:54,3.94,1,,"TI,TD","DI,TI,TD","DI,TI,TD",0,DD,0.00,1.14,0.48,0.42,0,0,0,0,0.00,4.31,3.48,3.69,VMS 2,,Tanque,,0.00,1.68,0.90,0.96,0.00,3.69,0.14,0.11
26/03/2025 07:11 a. m.,Ordeño,08:10,20.83,2,,,,,0,,1.32,1.26,1.20,1.14,0,0,0,0,4.75,4.61,4.39,4.87,VMS 2,,Tanque,,1.98,1.74,1.80,2.04,5.21,3.38,5.47,6.77
26/03/2025 09:14 p. m.,Ordeño,07:42,22.65,3,,TD,,,0,,1.20,1.50,1.20,0.84,0,0,0,0,4.63,4.87,4.54,4.52,VMS 2,,Tanque,,1.80,2.10,2.04,1.62,5.56,6.04,5.77,5.28
27/03/2025 07:00 a. m.,Ordeño,06:33,18.35,1,,,,,0,,0.96,1.44,0.84,0.96,0,0,0,0,4.66,4.72,2.75,4.66,VMS 2,,Tanque,,1.50,1.98,1.26,1.74,4.45,4.59,4.64,4.67
27/03/2025 04:33 p. m.,Ordeño,06:57,14.71,2,,,,,0,,1.26,1.32,1.38,0.66,0,0,0,0,4.60,4.53,4.48,4.62,VMS 2,,Tanque,,1.86,1.80,1.86,1.32,3.77,4.22,3.94,2.78
27/03/2025 11:48 p. m.,Ordeño,05:56,12.97,3,,,,,0,,1.08,1.32,1.26,1.02,0,0,0,0,4.55,4.59,4.55,4.66,VMS 2,,Tanque,,1.62,1.86,1.62,1.86,3.05,3.35,3.05,3.52
28/03/2025 08:27 a. m.,Ordeño,08:08,11.40,1,,,DI,DI,0,,0.00,1.50,1.32,1.02,0,0,0,0,0.00,4.66,4.42,4.67,VMS 2,,Tanque,,0.00,2.04,1.74,1.62,0.00,3.86,3.73,3.81
28/03/2025 07:33 p. m.,Ordeño,08:57,20.60,2,,,,,0,,1.26,1.50,1.14,0.96,0,0,0,0,5.20,4.89,4.68,4.86,VMS 2,,Tanque,,1.80,1.98,1.62,1.44,5.89,4.98,4.79,4.94
29/03/2025 03:11 a. m.,Ordeño,05:31,12.80,1,,TD,,,0,,1.08,1.26,1.20,0.84,0,0,0,0,4.46,4.48,4.35,4.60,VMS 2,,Tanque,,1.74,1.74,1.50,1.56,2.60,3.84,3.62,2.74
29/03/2025 05:12 p. m.,Ordeño,09:04,21.60,2,,,,,0,,1.32,1.56,1.32,1.02,0,0,0,0,4.80,4.56,4.61,4.73,VMS 2,,Tanque,,1.74,2.10,1.68,1.68,4.16,5.71,5.24,6.49
29/03/2025 10:43 p. m.,Ordeño,05:40,8.94,3,,,,,0,,1.14,1.26,1.20,0.78,0,0,0,0,4.46,4.22,4.07,4.33,VMS 2,,Tanque,,1.62,1.68,1.56,1.44,1.99,2.48,2.17,2.30
30/03/2025 07:38 a. m.,Ordeño,06:36,13.84,1,,,,,0,,1.32,1.38,1.38,0.96,0,0,0,0,4.90,4.50,4.43,4.47,VMS 2,,Tanque,,1.80,1.92,1.74,1.38,3.12,3.76,3.32,3.64
30/03/2025 02:49 p. m.,Ordeño,05:46,12.44,2,,,,,0,,1.38,1.26,1.44,0.96,0,0,0,0,4.76,4.64,4.49,4.61,VMS 2,,Tanque,,1.92,1.92,1.80,1.50,2.77,3.29,3.11,3.27
30/03/2025 09:58 p. m.,Ordeño,05:45,11.72,3,,,,,0,,1.26,1.14,1.32,0.90,0,0,0,0,4.83,4.77,4.55,4.87,VMS 2,,Tanque,,1.68,1.68,1.74,1.44,2.70,3.03,2.94,3.05
31/03/2025 06:20 a. m.,Ordeño,06:09,14.37,1,,,,,0,,1.50,1.32,1.44,1.08,0,0,0,0,4.90,4.71,4.56,4.73,VMS 2,,Tanque,,1.92,1.86,1.92,1.68,3.33,3.62,3.52,3.90
31/03/2025 03:38 p. m.,Ordeño,06:43,16.33,2,,,,,0,,1.26,1.62,1.38,1.08,0,0,0,0,4.84,4.78,4.53,4.75,VMS 2,,Tanque,,1.74,2.16,1.80,1.68,3.80,4.04,4.00,4.49
31/03/2025 10:07 p. m.,Ordeño,05:42,11.12,3,,,,,0,,1.26,1.26,1.26,0.84,0,0,0,0,4.79,4.52,4.46,4.66,VMS 2,,Tanque,,1.74,1.74,1.62,1.44,2.67,2.80,2.87,2.78
01/04/2025 06:15 a. m.,Ordeño,06:34,14.50,1,,,,,0,,1.26,1.38,1.26,0.90,0,0,0,0,4.78,4.72,4.55,4.77,VMS 2,,Tanque,,1.68,2.04,1.62,1.44,3.42,3.64,3.59,3.85
01/04/2025 03:33 p. m.,Ordeño,06:53,15.06,2,,,,,0,,1.20,1.20,1.26,0.84,0,0,0,0,4.67,4.60,4.56,4.59,VMS 2,,Tanque,,1.68,1.62,1.68,1.26,3.62,3.83,3.89,3.72
01/04/2025 10:43 p. m.,Ordeño,05:56,12.33,3,,,,,0,,1.20,1.32,1.32,0.90,0,0,0,0,4.67,4.59,4.36,4.60,VMS 2,,Tanque,,1.62,1.68,1.74,1.44,2.93,3.16,3.05,3.19
02/04/2025 06:58 a. m.,Ordeño,06:03,13.92,1,,,,,0,,1.32,1.20,1.38,0.90,0,0,0,0,4.67,4.58,4.51,4.53,VMS 2,,Tanque,,1.86,1.68,1.74,1.32,3.30,3.68,3.55,3.39
02/04/2025 04:05 p. m.,Ordeño,06:35,14.87,2,,,,,0,,1.20,1.20,1.26,0.90,0,0,0,0,4.66,4.54,4.80,4.70,VMS 2,,Tanque,,1.74,1.68,1.80,1.68,3.57,3.83,3.75,3.72
03/04/2025 01:07 a. m.,Ordeño,07:37,14.83,1,,,,,0,,1.26,1.26,1.14,0.78,0,0,0,0,4.81,4.68,4.80,4.81,VMS 2,,Tanque,,1.74,1.86,1.56,1.38,3.78,3.92,3.87,3.26
03/04/2025 05:31 a. m.,Ordeño,05:04,7.97,2,,,,,0,,1.02,1.20,1.02,0.78,0,0,0,0,4.46,4.40,4.61,4.61,VMS 2,,Tanque,,1.44,1.74,1.44,1.26,1.90,2.14,1.97,1.96
03/04/2025 05:21 p. m.,Ordeño,08:03,20.20,3,,,,,0,,1.38,1.32,1.26,0.96,0,0,0,0,4.95,4.81,4.74,4.92,VMS 2,,Tanque,,1.92,1.98,1.74,1.62,4.72,5.09,5.06,5.33
04/04/2025 03:43 a. m.,Ordeño,08:57,17.38,1,,,,,0,,1.44,1.20,1.20,0.90,0,0,0,0,4.70,4.57,4.68,4.75,VMS 2,,Tanque,,1.98,1.74,1.68,1.62,3.96,4.44,4.48,4.50
04/04/2025 10:16 a. m.,Ordeño,05:38,11.46,2,,,,,0,,1.38,1.20,1.38,0.84,0,0,0,0,4.52,4.37,4.48,4.46,VMS 2,,Tanque,,1.80,1.74,1.68,1.50,2.84,3.03,2.86,2.73
04/04/2025 06:28 p. m.,Ordeño,07:47,12.86,3,,,,,0,,1.26,1.02,1.32,0.90,0,0,0,0,4.67,4.65,4.61,4.43,VMS 2,,Tanque,,1.80,1.80,1.92,1.32,3.41,2.43,3.59,3.43
05/04/2025 01:02 a. m.,Ordeño,06:32,12.61,1,,,,,0,,1.26,1.20,1.20,0.84,0,0,0,0,4.76,4.60,4.68,4.79,VMS 2,,Tanque,,1.80,1.68,1.62,1.50,3.06,3.07,3.09,3.39
05/04/2025 08:25 a. m.,Ordeño,06:42,14.04,2,,,,,0,,1.26,1.20,1.26,1.02,0,0,0,0,4.76,4.60,4.81,4.99,VMS 2,,Tanque,,1.80,1.80,1.68,1.56,3.30,3.40,3.44,3.90
05/04/2025 05:09 p. m.,Ordeño,06:47,16.72,3,,,,,0,,1.32,1.32,1.26,1.08,0,0,0,0,4.91,4.95,4.84,5.07,VMS 2,,Tanque,,1.92,1.86,1.74,1.62,3.88,4.08,4.14,4.62
07/04/2025 01:48 a. m.,Ordeño,07:45,10.46,1,,,,,0,,1.08,1.14,1.14,0.72,0,0,0,0,4.55,4.63,4.67,4.58,VMS 2,,Tanque,,1.62,1.68,1.62,1.20,2.47,2.87,2.59,2.53
07/04/2025 09:18 a. m.,Ordeño,06:15,9.30,2,,,,,0,,1.08,1.02,1.02,0.72,0,0,0,0,4.28,4.24,4.48,4.35,VMS 2,,Tanque,,1.50,1.38,1.50,1.62,2.26,2.55,2.11,2.38
07/04/2025 05:39 p. m.,Ordeño,06:05,12.20,3,,,,,0,,1.26,1.20,1.26,0.96,0,0,0,0,4.71,4.58,4.68,4.72,VMS 2,,Tanque,,1.92,1.62,1.68,1.56,2.83,3.01,2.97,3.39
08/04/2025 03:58 a. m.,Ordeño,06:53,17.99,1,,,,,0,,1.08,1.32,1.38,1.08,0,0,0,0,4.84,4.86,4.86,4.94,VMS 2,,Tanque,,1.68,1.92,1.68,1.74,4.31,4.56,4.35,4.77
08/04/2025 11:32 a. m.,Ordeño,06:31,14.19,2,,,,,0,,1.14,1.38,1.26,1.02,0,0,0,0,4.84,4.79,4.86,5.01,VMS 2,,Tanque,,1.56,1.98,1.86,1.62,3.38,3.67,3.41,3.73
08/04/2025 10:47 p. m.,Ordeño,08:02,19.59,3,,,,,0,,1.38,1.44,1.32,0.96,0,0,0,0,5.14,4.81,4.73,5.03,VMS 2,,Tanque,,1.86,1.92,1.80,1.32,4.65,5.25,4.69,5.00
09/04/2025 07:46 a. m.,Ordeño,07:18,15.31,1,,,,,0,,1.26,1.20,1.26,0.90,0,0,0,0,4.74,4.58,4.72,4.85,VMS 2,,Tanque,,1.74,1.74,1.62,1.38,3.62,4.01,3.66,4.02
09/04/2025 02:44 p. m.,Ordeño,05:36,12.64,2,,"DD,TD",,,0,,1.32,1.14,1.38,0.96,0,0,0,0,4.99,4.87,4.88,5.02,VMS 2,,Tanque,,1.86,1.68,1.74,1.50,3.02,3.33,3.12,3.17
09/04/2025 09:50 p. m.,Ordeño,06:28,12.63,3,,,,,0,,1.32,1.14,1.38,0.84,0,0,0,0,4.99,4.94,4.81,5.02,VMS 2,,Tanque,,1.92,1.68,1.98,1.44,3.00,3.27,3.03,3.33
10/04/2025 10:27 a. m.,Ordeño,08:43,22.39,1,,,,,0,,1.44,1.38,1.32,1.02,0,0,0,0,5.11,5.01,4.87,5.05,VMS 2,,Tanque,,1.92,1.86,1.80,1.62,5.35,5.57,5.46,6.01
10/04/2025 08:56 p. m.,Ordeño,08:37,18.16,2,,,,,0,,1.20,1.14,1.20,0.78,0,0,0,0,4.73,4.67,4.72,4.77,VMS 2,,Tanque,,1.74,1.68,1.62,1.44,4.27,4.83,4.49,4.57
11/04/2025 03:59 a. m.,Ordeño,07:01,12.60,1,,,,,0,,1.20,1.20,1.26,0.72,0,0,0,0,4.85,4.72,4.73,4.87,VMS 2,,Tanque,,1.68,1.62,1.62,1.20,3.06,3.21,3.18,3.15
11/04/2025 02:24 p. m.,Ordeño,08:47,18.65,2,,,,,0,,1.26,1.14,1.26,0.84,0,0,0,0,4.99,4.95,4.85,5.11,VMS 2,,Tanque,,1.68,1.62,1.74,1.32,4.09,4.71,5.08,4.77
12/04/2025 12:33 a. m.,Ordeño,08:15,18.57,1,,,,,0,,1.44,1.20,1.32,0.90,0,0,0,0,4.93,4.76,4.69,4.85,VMS 2,,Tanque,,1.92,1.62,1.74,1.56,4.25,4.68,4.56,5.08
12/04/2025 10:48 a. m.,Ordeño,08:19,17.46,2,,DD,,,0,,1.32,1.20,1.26,0.84,0,0,0,0,4.75,4.67,4.51,4.63,VMS 2,,Tanque,,1.80,1.56,1.62,1.20,4.14,4.51,4.23,4.58
12/04/2025 08:22 p. m.,Ordeño,08:10,16.49,3,,,,,0,,1.14,1.20,1.08,0.78,0,0,0,0,4.83,4.69,4.74,4.71,VMS 2,,Tanque,,1.68,1.74,1.50,1.26,3.86,4.33,4.13,4.17
13/04/2025 02:35 a. m.,Ordeño,06:50,12.10,1,,DD,,,0,,1.26,1.14,1.14,0.84,0,0,0,0,5.05,4.88,4.81,4.88,VMS 2,,Tanque,,1.86,1.44,1.50,1.32,2.81,3.11,3.10,3.08
13/04/2025 11:08 a. m.,Ordeño,07:16,15.49,2,,DI,,,0,,1.32,1.26,1.20,0.84,0,0,0,0,5.11,4.91,4.94,4.88,VMS 2,,Tanque,,2.16,1.74,1.62,1.32,3.48,3.97,3.95,4.09
13/04/2025 06:26 p. m.,Ordeño,09:15,12.44,3,,,,,0,,1.38,1.02,1.26,0.84,0,0,0,0,4.90,4.65,4.78,4.63,VMS 2,,Tanque,,1.92,1.50,1.86,1.20,3.03,3.14,3.14,3.13
14/04/2025 08:55 a. m.,Ordeño,09:29,25.42,1,,,,,0,,1.44,1.38,1.50,0.96,0,0,0,0,5.01,4.91,4.54,5.04,VMS 2,,Tanque,,1.98,1.86,2.04,1.38,5.84,6.53,6.57,6.48
14/04/2025 06:16 p. m.,Ordeño,07:22,16.42,2,,TD,,,0,,1.26,1.08,1.20,0.84,0,0,0,0,4.78,4.63,4.41,4.67,VMS 2,,Tanque,,1.80,1.56,1.74,1.38,3.75,4.30,4.20,4.17
15/04/2025 12:07 a. m.,Ordeño,08:11,11.10,1,,,,,0,,1.32,1.02,1.14,0.78,0,0,0,0,4.83,4.76,4.73,4.64,VMS 2,,Tanque,,1.80,1.50,1.56,1.20,2.66,2.83,2.74,2.87
15/04/2025 06:32 a. m.,Ordeño,06:17,12.18,2,,,,,0,,1.26,1.08,1.20,0.84,0,0,0,0,4.96,4.82,4.74,4.84,VMS 2,,Tanque,,1.74,1.68,1.56,1.32,2.92,3.20,2.98,3.08
15/04/2025 06:47 p. m.,Ordeño,08:38,20.42,3,,,,,0,,1.44,1.08,1.38,0.90,0,0,0,0,5.22,4.93,4.93,5.09,VMS 2,,Tanque,,1.80,1.92,1.98,1.44,4.78,5.15,5.17,5.32
16/04/2025 12:40 a. m.,Ordeño,06:03,12.07,1,,,,,0,,1.26,1.20,1.20,0.84,0,0,0,0,4.76,4.60,4.53,4.67,VMS 2,,Tanque,,1.62,1.86,1.56,1.38,2.74,3.31,2.89,3.13
16/04/2025 10:37 a. m.,Ordeño,07:34,17.56,2,,,,,0,,1.44,1.26,1.38,0.96,0,0,0,0,4.94,4.74,4.60,4.88,VMS 2,,Tanque,,1.92,1.98,1.80,1.44,4.11,4.60,4.31,4.54
16/04/2025 03:08 p. m.,Ordeño,05:22,9.02,3,,,,,0,,1.26,1.08,1.14,0.90,0,0,0,0,4.88,4.59,4.74,4.68,VMS 2,,Tanque,,1.68,1.50,1.56,1.38,2.13,2.32,2.18,2.39
16/04/2025 09:45 p. m.,Ordeño,05:36,12.10,4,,"DD,TD",,,0,,1.26,1.08,1.26,0.90,0,0,0,0,4.94,4.73,4.58,4.78,VMS 2,,Tanque,,1.68,1.62,1.80,1.56,2.80,3.21,3.21,2.88
17/04/2025 06:23 a. m.,Ordeño,07:33,16.92,1,,,,,0,,1.44,1.14,1.38,1.02,0,0,0,0,5.11,4.86,4.80,5.07,VMS 2,,Tanque,,2.16,1.74,2.04,1.44,3.70,4.18,4.06,4.98
17/04/2025 03:06 p. m.,Ordeño,06:42,15.98,2,,,,,0,,1.68,1.08,1.56,1.08,0,0,0,0,5.03,4.73,4.79,4.81,VMS 2,,Tanque,,2.16,1.74,1.98,1.56,3.79,4.13,3.85,4.21
17/04/2025 08:08 p. m.,Ordeño,05:44,8.47,3,,,,,0,,1.32,0.90,1.38,0.84,0,0,0,0,4.85,4.52,4.72,4.87,VMS 2,,Tanque,,1.68,1.38,1.80,1.20,2.04,2.30,2.00,2.13
18/04/2025 06:11 a. m.,Ordeño,07:07,17.89,1,,,,,0,,1.62,1.20,1.50,0.96,0,0,0,0,5.01,4.82,4.75,4.92,VMS 2,,Tanque,,2.10,1.98,1.98,1.50,4.20,4.48,4.56,4.65
18/04/2025 10:03 p. m.,Ordeño,08:49,25.24,2,,,,,0,,1.44,1.26,1.38,1.02,0,0,0,0,5.04,4.93,4.76,4.90,VMS 2,,Tanque,,1.98,1.80,1.86,1.50,5.83,6.39,6.44,6.58
19/04/2025 06:58 a. m.,Ordeño,06:37,13.60,1,,,,,0,,1.26,1.14,1.38,0.90,0,0,0,0,4.64,4.38,4.42,4.52,VMS 2,,Tanque,,1.74,1.62,1.80,1.44,3.18,3.54,3.36,3.52
19/04/2025 06:34 p. m.,Ordeño,07:43,20.74,2,,,,,0,,1.50,1.20,1.32,1.02,0,0,0,0,5.04,4.85,4.87,5.13,VMS 2,,Tanque,,2.04,1.74,1.80,1.38,4.87,5.36,5.21,5.30
20/04/2025 01:42 a. m.,Ordeño,05:52,11.20,1,,TD,TD,,0,,1.44,1.14,1.32,0.84,0,0,0,0,4.77,4.73,4.74,4.65,VMS 2,,Tanque,,1.98,1.62,1.92,1.68,3.23,3.47,3.40,1.10
20/04/2025 06:59 a. m.,Ordeño,05:50,7.60,2,,TD,DI,DI,0,,0.00,1.14,1.32,1.02,0,0,0,0,0.00,4.79,4.80,5.14,VMS 2,,Tanque,,0.00,1.56,1.74,1.62,0.00,2.51,2.38,2.71
20/04/2025 04:35 p. m.,Ordeño,09:59,19.87,3,,,,,0,,1.32,1.38,1.32,1.08,0,0,0,0,5.32,5.12,4.92,5.14,VMS 2,,Tanque,,1.86,2.10,1.68,1.56,5.14,4.55,4.39,5.79
21/04/2025 12:10 a. m.,Ordeño,07:58,5.00,1,,TD,"DI,TI,TD","DI,TI",0,,0.00,1.20,0.00,0.84,0,0,0,0,0.00,4.93,0.00,4.78,VMS 2,,Tanque,,0.00,1.74,0.00,1.14,0.00,3.94,0.00,1.06
21/04/2025 12:07 p. m.,Ordeño,11:06,18.18,2,,,,DD,0,,1.38,0.00,1.20,1.08,0,0,0,0,5.20,0.00,5.01,5.32,VMS 2,,Tanque,,1.92,0.00,1.68,1.62,5.63,0.00,6.01,6.54
21/04/2025 10:40 p. m.,Ordeño,08:53,16.61,3,,DI,DI,,0,DD,1.14,1.44,1.38,0.90,0,0,0,0,4.64,5.54,4.68,4.83,VMS 2,,Tanque,,2.04,2.04,1.80,1.26,1.45,6.03,4.37,4.76
21/04/2025 10:50 p. m.,Ordeño,09:15,1.25,4,,"DI,TI,TD",DI,"DD,TI,TD",0,,1.26,0.24,0.30,0.30,0,0,0,0,4.76,2.68,2.21,3.82,VMS 2,,Tanque,,2.16,0.54,0.72,0.96,0.78,0.15,0.17,0.15
22/04/2025 03:50 a. m.,Ordeño,08:12,1.62,1,,DD,"DI,TI,TD","DI,TI,TD",0,,0.00,1.26,0.00,0.00,0,0,0,0,0.00,4.41,0.00,0.00,VMS 2,,Tanque,,0.00,1.74,0.00,0.00,0.00,1.62,0.00,0.00
22/04/2025 03:35 p. m.,Ordeño,08:47,22.51,2,,,,,0,,1.38,1.32,1.26,1.20,0,0,0,0,4.72,4.93,4.86,4.92,VMS 2,,Tanque,,1.92,1.80,1.74,1.68,5.46,4.24,5.74,7.07
23/04/2025 02:07 a. m.,Ordeño,09:08,13.10,1,,,DI,DI,0,,0.00,1.56,1.38,1.08,0,0,0,0,0.00,4.93,4.64,4.62,VMS 2,,Tanque,,0.00,2.46,1.98,1.86,0.00,4.52,4.18,4.40
23/04/2025 02:16 a. m.,Ordeño,14:41,0.14,2,,,DI,Todos,0,,0.00,0.24,0.00,0.18,0,0,0,0,0.00,2.28,0.00,3.62,VMS 2,,Tanque,,0.00,0.36,0.00,0.30,0.00,0.07,0.00,0.07
23/04/2025 04:41 p. m.,Ordeño,07:44,23.70,3,,,,,0,DI,1.56,1.44,1.44,1.26,0,0,0,0,5.59,5.07,4.72,4.92,VMS 2,,Tanque,,2.40,1.98,1.86,1.74,6.63,5.67,5.53,5.87
23/04/2025 11:33 p. m.,Ordeño,07:32,9.08,4,,TI,,,0,,1.08,1.20,1.32,1.02,0,0,0,0,4.80,4.70,4.51,4.42,VMS 2,,Tanque,,1.92,1.74,1.74,1.32,1.50,2.54,2.40,2.64
24/04/2025 06:30 a. m.,Ordeño,05:22,10.77,1,,,,,0,,1.20,1.32,1.26,1.02,0,0,0,0,4.88,4.98,4.84,4.87,VMS 2,,Tanque,,1.68,2.04,1.68,1.44,1.76,3.03,2.90,3.08
24/04/2025 03:43 p. m.,Ordeño,06:57,14.13,2,,TI,,,0,,1.32,1.32,1.20,0.96,0,0,0,0,5.38,5.35,5.09,5.15,VMS 2,,Tanque,,1.98,2.04,2.16,1.68,2.87,4.29,2.61,4.36
25/04/2025 12:59 a. m.,Ordeño,07:12,17.46,1,,,,,0,,1.50,1.32,1.32,1.02,0,0,0,0,5.67,5.33,5.02,5.21,VMS 2,,Tanque,,1.98,2.16,1.80,1.56,3.27,4.25,5.49,4.45
25/04/2025 08:34 a. m.,Ordeño,07:15,13.16,2,,,,,0,DI,1.44,1.26,1.20,1.20,0,0,0,0,5.61,5.22,4.63,4.84,VMS 2,,Tanque,,1.92,1.86,1.74,1.62,2.84,3.48,3.29,3.55
25/04/2025 04:45 p. m.,Ordeño,05:50,14.49,3,,,,,0,,1.56,1.44,1.44,1.08,0,0,0,0,5.64,5.29,5.03,5.14,VMS 2,,Tanque,,2.28,2.04,1.98,1.44,3.21,3.85,3.59,3.84
26/04/2025 06:14 a. m.,Ordeño,08:55,21.81,1,,,,,0,,1.62,1.38,1.50,0.96,0,0,0,0,5.50,5.11,4.62,5.01,VMS 2,,Tanque,,2.16,1.92,2.04,1.38,4.84,5.85,5.49,5.63
26/04/2025 04:02 p. m.,Ordeño,06:43,17.99,2,,,,,0,,1.50,1.50,1.44,1.14,0,0,0,0,5.48,5.21,4.95,5.06,VMS 2,,Tanque,,2.10,2.16,1.80,1.56,3.84,4.70,4.52,4.93
27/04/2025 02:08 a. m.,Ordeño,06:57,18.35,1,,,,,0,,1.56,1.50,1.50,1.14,0,0,0,0,5.47,5.14,4.89,5.01,VMS 2,,Tanque,,2.10,2.10,1.92,1.74,4.09,4.75,4.73,4.78
27/04/2025 11:22 a. m.,Ordeño,06:43,15.59,2,,,,,0,,1.38,1.56,1.32,1.20,0,0,0,0,4.70,4.94,4.60,4.86,VMS 2,,Tanque,,1.92,2.28,1.92,1.74,3.63,4.10,3.86,4.00
27/04/2025 10:32 p. m.,Ordeño,07:26,19.25,3,,,,,0,,1.50,1.32,1.44,1.02,0,0,0,0,5.06,4.99,4.82,4.90,VMS 2,,Tanque,,1.92,2.10,1.92,1.44,4.30,5.03,4.88,5.04
28/04/2025 05:25 a. m.,Ordeño,06:16,12.65,1,,,,,0,,1.26,1.20,1.50,1.08,0,0,0,0,4.73,4.79,4.48,4.69,VMS 2,,Tanque,,1.86,1.74,2.10,1.56,2.72,3.33,3.22,3.38
28/04/2025 11:37 a. m.,Ordeño,05:04,5.42,2,,TD,"DI,TD",DI,0,,0.00,1.20,1.50,0.84,0,0,0,0,0.00,4.93,4.80,5.09,VMS 2,,Tanque,,0.00,1.68,1.98,1.74,0.00,2.65,2.50,0.27
28/04/2025 05:39 p. m.,Ordeño,06:34,15.02,3,,,,,0,,1.38,1.20,1.38,1.20,0,0,0,0,5.06,4.80,4.69,4.81,VMS 2,,Tanque,,1.92,1.80,1.74,1.74,4.61,2.71,2.56,5.14
28/04/2025 10:54 p. m.,Ordeño,04:41,8.88,4,,,,,0,,1.20,1.14,1.26,0.96,0,0,0,0,4.60,4.78,4.76,4.62,VMS 2,,Tanque,,1.68,1.80,1.62,1.38,2.00,2.31,2.24,2.33
29/04/2025 07:40 a. m.,Ordeño,06:30,15.73,1,,,,,0,,1.44,1.26,1.38,1.02,0,0,0,0,5.02,5.05,4.81,5.02,VMS 2,,Tanque,,1.86,1.74,1.86,1.62,3.56,4.19,3.95,4.03
29/04/2025 07:11 p. m.,Ordeño,07:23,21.52,2,,,,,0,,1.50,1.38,1.44,1.08,0,0,0,0,5.26,5.15,4.95,5.14,VMS 2,,Tanque,,2.04,2.10,1.92,1.62,4.92,5.56,5.43,5.61
30/04/2025 05:53 a. m.,Ordeño,07:10,18.54,1,,,,,0,,1.44,1.32,1.50,0.96,0,0,0,0,4.80,4.77,4.66,4.74,VMS 2,,Tanque,,1.92,1.86,2.10,1.38,4.28,4.77,4.78,4.71
30/04/2025 07:21 p. m.,Ordeño,11:18,15.86,2,,,DI,DI,0,,0.00,1.20,1.44,1.08,0,0,0,0,0.00,4.85,4.64,4.79,VMS 2,,Tanque,,0.00,1.74,1.92,1.50,0.00,4.83,5.46,5.57
01/05/2025 01:51 a. m.,Ordeño,07:00,14.52,1,,,,,0,,1.50,1.32,1.20,0.96,0,0,0,0,4.94,4.37,4.51,4.33,VMS 2,,Tanque,,2.22,1.80,1.56,1.32,6.01,3.22,2.58,2.71
01/05/2025 01:36 p. m.,Ordeño,07:13,18.83,2,,,,,0,,1.44,1.38,1.44,1.14,0,0,0,0,4.74,4.93,4.96,4.87,VMS 2,,Tanque,,1.98,1.98,1.92,1.50,3.88,4.88,5.04,5.03
01/05/2025 11:52 p. m.,Ordeño,07:09,18.29,3,,,,,0,,1.50,1.32,1.50,1.08,0,0,0,0,5.09,4.99,4.98,4.91,VMS 2,,Tanque,,2.10,1.92,2.04,1.44,3.80,4.73,4.79,4.97
02/05/2025 07:57 a. m.,Ordeño,06:15,13.16,1,,,,,0,,1.38,1.32,1.44,1.08,0,0,0,0,4.71,4.65,4.62,4.45,VMS 2,,Tanque,,1.98,1.86,1.92,1.50,2.93,3.42,3.35,3.46
02/05/2025 05:10 p. m.,Ordeño,06:14,15.89,2,,,,,0,,1.50,1.20,1.44,1.08,0,0,0,0,4.88,4.89,4.78,4.89,VMS 2,,Tanque,,1.92,1.80,1.86,1.44,3.55,4.18,3.90,4.26
03/05/2025 03:38 a. m.,Ordeño,08:21,14.38,1,,,DI,DI,0,,0.00,1.44,1.56,1.14,0,0,0,0,0.00,4.74,4.69,4.60,VMS 2,,Tanque,,0.00,2.04,2.28,1.56,0.00,4.71,4.61,5.06
03/05/2025 12:16 p. m.,Ordeño,07:33,16.44,2,,,,,0,,1.62,1.32,1.50,1.14,0,0,0,0,4.96,4.57,4.58,4.46,VMS 2,,Tanque,,2.22,1.80,2.34,1.56,5.76,3.46,3.46,3.76
03/05/2025 08:28 p. m.,Ordeño,05:47,12.78,3,,TD,,,0,,1.32,1.20,1.32,0.96,0,0,0,0,4.52,4.70,4.74,4.66,VMS 2,,Tanque,,1.80,1.56,1.86,1.80,2.55,3.49,3.49,3.25
04/05/2025 10:37 a. m.,Ordeño,08:26,23.12,1,,,,,0,,1.56,1.50,1.50,1.26,0,0,0,0,4.73,4.93,4.73,4.91,VMS 2,,Tanque,,2.22,1.98,1.98,1.62,4.69,6.02,5.47,6.94
04/05/2025 08:04 p. m.,Ordeño,06:10,14.96,2,,,,,0,,1.56,1.20,1.38,1.08,0,0,0,0,4.54,4.39,4.50,4.19,VMS 2,,Tanque,,2.16,1.68,1.92,1.44,3.27,3.96,3.80,3.93
05/05/2025 06:31 a. m.,Ordeño,06:39,18.16,1,,,,,0,,1.38,1.56,1.44,1.20,0,0,0,0,4.84,4.73,4.74,4.52,VMS 2,,Tanque,,1.80,2.04,1.86,1.98,4.05,4.56,4.62,4.93
05/05/2025 02:12 p. m.,Ordeño,05:32,12.69,2,,,,,0,,1.50,1.26,1.44,1.20,0,0,0,0,4.66,4.59,4.62,4.42,VMS 2,,Tanque,,2.10,1.74,1.80,1.74,2.77,3.27,3.20,3.45
05/05/2025 10:33 p. m.,Ordeño,05:40,14.18,3,,,,,0,,1.38,1.44,1.38,1.14,0,0,0,0,4.69,4.64,4.62,4.48,VMS 2,,Tanque,,2.10,2.04,1.74,1.68,3.17,3.61,3.57,3.83
06/05/2025 09:13 a. m.,Ordeño,06:28,18.47,1,,,,,0,,1.56,1.56,1.50,1.32,0,0,0,0,4.83,4.76,4.77,4.66,VMS 2,,Tanque,,2.16,2.22,1.86,1.80,4.09,4.77,4.52,5.09
06/05/2025 10:32 p. m.,Ordeño,06:51,22.50,2,,,,,0,,1.62,1.68,1.62,1.32,0,0,0,0,4.81,4.70,4.68,4.63,VMS 2,,Tanque,,2.22,2.58,2.22,1.68,5.12,5.59,5.66,6.13
07/05/2025 09:13 a. m.,Ordeño,06:20,17.61,1,,,,,0,,1.38,1.50,1.50,1.20,0,0,0,0,4.54,4.44,4.50,4.41,VMS 2,,Tanque,,1.92,2.04,1.92,1.56,4.08,4.49,4.32,4.72
07/05/2025 06:11 p. m.,Ordeño,06:11,15.48,2,,,,,0,,1.38,1.38,1.62,1.14,0,0,0,0,4.70,4.60,4.56,4.50,VMS 2,,Tanque,,1.98,1.98,2.04,1.62,3.54,3.95,3.88,4.11
08/05/2025 12:15 a. m.,Ordeño,06:22,10.55,1,,,,,0,,1.32,1.20,1.38,0.72,0,0,0,0,4.43,4.41,4.55,3.89,VMS 2,,Tanque,,2.04,1.74,1.98,1.20,2.50,2.73,2.64,2.68
08/05/2025 10:46 a. m.,Ordeño,06:43,18.86,2,,,,,0,,1.56,1.44,1.68,1.32,0,0,0,0,4.82,4.79,4.69,4.53,VMS 2,,Tanque,,2.10,1.98,2.16,1.86,4.15,4.83,4.64,5.24
08/05/2025 08:13 p. m.,Ordeño,05:56,11.95,3,,TD,TD,TD,0,,1.50,1.38,1.50,0.66,0,0,0,0,4.51,4.53,4.55,4.62,VMS 2,,Tanque,,2.04,1.86,1.98,1.20,3.65,4.03,4.09,0.18
09/05/2025 03:56 a. m.,Ordeño,07:52,18.04,1,,,,,0,,1.44,1.32,1.50,1.32,0,0,0,0,4.66,4.71,4.68,4.98,VMS 2,,Tanque,,2.10,1.80,1.92,1.74,3.31,3.83,3.64,7.26
09/05/2025 03:18 p. m.,Ordeño,06:35,19.57,2,,,,,0,,1.68,1.44,1.62,1.08,0,0,0,0,4.86,4.81,4.63,4.06,VMS 2,,Tanque,,2.22,2.04,2.10,1.62,4.65,5.26,5.22,4.44
09/05/2025 11:24 p. m.,Ordeño,04:51,12.44,3,,TD,,,0,,1.50,1.44,1.32,1.08,0,0,0,0,4.45,4.38,4.36,4.16,VMS 2,,Tanque,,2.16,1.98,1.74,1.56,3.11,3.18,3.25,2.90
10/05/2025 08:00 a. m.,Ordeño,06:05,15.04,1,,,,,0,,1.56,1.56,1.56,1.20,0,0,0,0,4.63,4.66,4.53,4.74,VMS 2,,Tanque,,2.16,2.10,1.98,1.68,3.59,3.87,3.79,3.79
10/05/2025 03:01 p. m.,Ordeño,05:16,12.37,2,,,,,0,,1.50,1.32,1.38,1.14,0,0,0,0,4.67,4.60,4.69,4.73,VMS 2,,Tanque,,2.16,1.98,1.80,1.62,2.90,3.13,3.05,3.29
10/05/2025 10:58 p. m.,Ordeño,06:01,14.67,3,,,,,0,,1.44,1.68,1.50,1.32,0,0,0,0,4.53,4.62,4.60,4.74,VMS 2,,Tanque,,2.04,2.22,1.86,1.80,3.44,3.59,3.51,4.13
11/05/2025 04:00 a. m.,Ordeño,04:35,9.83,1,,,,,0,,1.32,1.44,1.26,1.14,0,0,0,0,4.63,4.76,4.70,4.87,VMS 2,,Tanque,,1.74,1.98,1.74,1.50,2.28,2.49,2.39,2.67
11/05/2025 03:12 p. m.,Ordeño,07:08,20.10,2,,,,,0,,1.50,1.56,1.44,1.26,0,0,0,0,4.97,4.95,4.71,5.15,VMS 2,,Tanque,,2.16,2.10,1.98,1.74,4.49,4.90,4.80,5.91
11/05/2025 10:38 p. m.,Ordeño,06:08,13.63,3,,,,,0,,1.38,1.44,1.44,0.90,0,0,0,0,4.58,4.60,4.50,4.62,VMS 2,,Tanque,,1.86,1.98,1.80,1.38,3.22,3.54,3.50,3.37
12/05/2025 06:22 a. m.,Ordeño,06:37,13.75,1,,,,,0,,1.32,1.50,1.44,0.96,0,0,0,0,4.69,4.66,4.63,4.85,VMS 2,,Tanque,,1.98,2.10,1.80,1.44,3.23,3.47,3.45,3.60
12/05/2025 02:37 p. m.,Ordeño,05:35,15.17,2,,,,,0,,1.56,1.56,1.56,1.14,0,0,0,0,4.96,4.94,4.83,4.90,VMS 2,,Tanque,,2.22,2.10,1.98,1.62,3.59,4.00,3.85,3.73
13/05/2025 12:00 a. m.,Ordeño,06:41,16.05,1,,,,,0,,1.50,1.62,1.50,1.14,0,0,0,0,4.73,4.66,4.70,4.80,VMS 2,,Tanque,,2.04,2.16,1.92,1.86,3.71,4.08,4.15,4.11
13/05/2025 06:17 a. m.,Ordeño,05:28,10.66,2,,,,,0,,1.32,1.32,1.32,0.90,0,0,0,0,4.34,4.43,4.43,4.48,VMS 2,,Tanque,,1.92,1.92,1.68,1.32,2.53,2.76,2.71,2.66
13/05/2025 06:01 p. m.,Ordeño,07:37,21.21,3,,,,,0,,1.44,1.44,1.44,1.14,0,0,0,0,5.02,4.88,4.90,5.04,VMS 2,,Tanque,,1.92,1.98,1.86,1.74,4.86,5.26,5.36,5.73
14/05/2025 03:24 a. m.,Ordeño,07:00,16.47,1,,,,,0,,1.32,1.38,1.32,0.90,0,0,0,0,4.68,4.65,4.62,4.74,VMS 2,,Tanque,,1.74,1.92,1.68,1.32,3.87,4.36,4.12,4.12
14/05/2025 11:36 a. m.,Ordeño,06:27,15.11,2,,,,,0,,1.44,1.26,1.32,1.02,0,0,0,0,4.83,4.73,4.79,4.81,VMS 2,,Tanque,,1.80,1.86,1.68,1.50,3.44,3.92,3.75,4.00
14/05/2025 06:36 p. m.,Ordeño,06:09,11.64,3,,,,,0,,1.26,1.20,1.32,0.78,0,0,0,0,4.67,4.71,4.60,4.72,VMS 2,,Tanque,,1.68,1.74,1.62,1.32,2.72,3.15,3.11,2.66
15/05/2025 02:19 a. m.,Ordeño,09:14,13.36,1,,,,,0,,1.32,1.14,1.38,0.54,0,0,0,0,4.83,4.73,4.69,4.03,VMS 2,,Tanque,,1.92,1.68,1.80,1.08,3.19,3.60,3.54,3.03
15/05/2025 11:09 a. m.,Ordeño,06:40,16.16,2,,,,,0,,1.50,1.20,1.38,1.08,0,0,0,0,5.03,5.01,4.90,5.03,VMS 2,,Tanque,,2.10,1.68,1.74,1.92,3.63,4.13,3.97,4.43
15/05/2025 05:52 p. m.,Ordeño,05:27,10.39,3,,,,,0,,1.26,1.08,1.20,0.96,0,0,0,0,4.76,4.73,4.90,4.90,VMS 2,,Tanque,,1.74,1.56,1.56,1.56,2.38,2.69,2.63,2.69
16/05/2025 02:22 a. m.,Ordeño,06:37,15.05,1,,,,,0,,1.38,1.20,1.32,0.96,0,0,0,0,4.88,4.75,4.67,4.86,VMS 2,,Tanque,,1.92,1.56,1.74,1.68,3.45,3.85,3.86,3.89
16/05/2025 04:09 p. m.,Ordeño,07:54,22.20,2,,,,,0,,1.38,1.26,1.44,1.20,0,0,0,0,5.13,4.98,4.93,5.06,VMS 2,,Tanque,,1.98,1.74,1.92,1.86,4.86,5.43,5.59,6.32
17/05/2025 12:43 a. m.,Ordeño,06:56,15.19,1,,,,,0,,1.50,1.20,1.38,0.90,0,0,0,0,4.83,4.69,4.65,4.80,VMS 2,,Tanque,,1.92,1.92,1.86,1.50,3.48,4.01,3.84,3.86
17/05/2025 09:08 a. m.,Ordeño,05:43,13.89,2,,,,,0,,1.38,1.56,1.38,1.08,0,0,0,0,4.81,4.64,4.71,4.73,VMS 2,,Tanque,,1.86,2.10,1.86,1.68,3.23,3.53,3.45,3.68
17/05/2025 06:28 p. m.,Ordeño,06:42,16.05,3,,,,,0,,1.44,1.38,1.44,1.02,0,0,0,0,4.93,4.87,4.70,4.80,VMS 2,,Tanque,,1.98,2.04,1.86,1.80,3.69,4.17,4.07,4.12
18/05/2025 03:34 a. m.,Ordeño,06:12,10.92,1,,,TD,TD,0,,1.32,1.50,1.38,0.00,0,0,0,0,4.61,4.60,4.64,0.00,VMS 2,,Tanque,,2.04,1.98,1.80,0.00,3.38,3.79,3.75,0.00
18/05/2025 12:25 p. m.,Ordeño,07:47,18.34,2,,,,,0,,1.62,1.44,1.50,1.26,0,0,0,0,5.07,4.81,4.83,5.06,VMS 2,,Tanque,,2.16,2.04,1.92,2.16,3.59,4.01,3.92,6.82
18/05/2025 07:16 p. m.,Ordeño,05:39,10.14,3,,,,,0,,1.26,1.20,1.32,0.78,0,0,0,0,4.68,4.60,4.54,4.40,VMS 2,,Tanque,,1.80,1.68,1.80,1.20,2.48,2.68,2.71,2.27
19/05/2025 12:12 a. m.,Ordeño,05:05,8.34,1,,,,,0,,1.26,1.20,1.26,0.90,0,0,0,0,4.78,4.60,4.68,4.44,VMS 2,,Tanque,,1.74,1.56,1.68,1.50,2.04,2.17,2.20,1.93
19/05/2025 07:34 a. m.,Ordeño,06:06,12.53,2,,,,,0,,1.38,1.26,1.32,0.96,0,0,0,0,4.97,4.81,4.74,4.91,VMS 2,,Tanque,,1.86,1.68,1.68,1.62,3.00,3.35,3.27,2.91
19/05/2025 05:00 p. m.,Ordeño,07:10,15.22,3,,,,,0,,1.44,1.26,1.32,1.02,0,0,0,0,4.88,4.82,4.67,5.06,VMS 2,,Tanque,,1.92,1.80,1.74,1.74,3.50,3.81,4.01,3.90
19/05/2025 11:25 p. m.,Ordeño,05:58,12.22,4,,,,,0,,1.32,1.26,1.26,0.84,0,0,0,0,4.84,4.83,4.68,4.95,VMS 2,,Tanque,,1.80,1.74,1.62,1.38,2.94,3.13,3.21,2.94
20/05/2025 05:48 a. m.,Ordeño,05:45,11.70,1,,,,,0,,1.38,1.14,1.32,0.84,0,0,0,0,4.89,4.88,4.84,4.95,VMS 2,,Tanque,,1.86,1.68,1.68,1.26,2.73,3.03,3.06,2.88
20/05/2025 02:24 p. m.,Ordeño,07:03,14.28,2,,,,,0,,1.50,1.20,1.32,0.84,0,0,0,0,5.10,4.96,4.87,5.10,VMS 2,,Tanque,,1.92,1.68,1.74,1.44,3.32,3.75,3.73,3.48
20/05/2025 08:01 p. m.,Ordeño,06:15,7.36,3,,,DD,DD,0,,1.26,0.00,1.26,0.84,0,0,0,0,4.82,0.00,4.81,4.91,VMS 2,,Tanque,,1.74,0.00,1.62,1.26,2.38,0.00,2.69,2.29
21/05/2025 04:00 a. m.,Ordeño,07:43,16.00,1,,,,,0,,1.44,1.38,1.38,0.90,0,0,0,0,4.95,5.22,4.73,5.00,VMS 2,,Tanque,,1.98,1.98,1.80,1.62,3.17,5.69,3.58,3.56
21/05/2025 09:22 a. m.,Ordeño,04:48,9.59,2,,,,,0,,1.38,1.20,1.32,0.96,0,0,0,0,4.94,4.74,4.81,4.94,VMS 2,,Tanque,,1.74,1.68,1.62,1.44,2.27,2.49,2.50,2.33
21/05/2025 06:51 p. m.,Ordeño,06:48,14.46,3,,,,,0,,1.50,1.02,1.44,0.96,0,0,0,0,4.74,4.61,4.52,4.68,VMS 2,,Tanque,,2.04,1.50,1.80,1.62,3.49,3.22,3.84,3.91
22/05/2025 02:32 a. m.,Ordeño,06:32,12.42,1,,,,,0,,1.50,1.14,1.44,0.90,0,0,0,0,4.60,4.59,4.39,4.64,VMS 2,,Tanque,,2.04,1.68,1.80,1.32,3.01,3.10,3.32,2.99
22/05/2025 08:31 a. m.,Ordeño,05:15,9.96,2,,,,,0,,1.50,1.44,1.32,0.90,0,0,0,0,4.72,4.80,4.38,4.73,VMS 2,,Tanque,,1.92,1.98,1.86,1.38,2.44,2.53,2.57,2.42
22/05/2025 07:58 p. m.,Ordeño,07:46,17.63,3,,,,,0,,1.44,1.26,1.44,0.90,0,0,0,0,4.74,4.72,4.48,4.55,VMS 2,,Tanque,,1.92,1.74,1.86,1.56,4.00,4.59,4.57,4.47
23/05/2025 03:59 a. m.,Ordeño,06:19,13.83,1,,,,,0,,1.50,1.26,1.50,1.02,0,0,0,0,4.73,4.72,4.60,4.65,VMS 2,,Tanque,,2.04,1.80,1.98,1.44,3.19,3.58,3.55,3.51
23/05/2025 02:13 p. m.,Ordeño,06:41,15.60,2,,,,,0,,1.56,1.50,1.62,1.20,0,0,0,0,4.85,4.84,4.56,4.52,VMS 2,,Tanque,,2.16,1.98,2.04,1.92,3.55,3.82,3.85,4.38
23/05/2025 11:34 p. m.,Ordeño,06:19,15.33,3,,,,,0,,1.44,1.44,1.50,1.08,0,0,0,0,4.74,4.60,4.45,4.56,VMS 2,,Tanque,,1.86,1.92,1.98,1.74,3.47,3.90,3.83,4.13
24/05/2025 07:47 a. m.,Ordeño,06:13,14.14,1,,,,,0,,1.62,1.44,1.50,1.02,0,0,0,0,4.94,4.80,4.61,4.82,VMS 2,,Tanque,,2.04,1.92,1.86,1.68,3.26,3.66,3.39,3.83
24/05/2025 03:39 p. m.,Ordeño,06:47,11.93,2,,,,,0,,1.38,1.32,1.56,0.96,0,0,0,0,4.80,4.62,4.59,4.56,VMS 2,,Tanque,,1.86,1.80,1.92,1.50,2.75,3.11,3.00,3.07
24/05/2025 10:24 p. m.,Ordeño,05:35,10.71,3,,,,,0,,1.38,1.38,1.44,0.96,0,0,0,0,4.65,4.54,4.53,4.63,VMS 2,,Tanque,,1.80,1.80,1.80,1.50,2.58,2.67,2.60,2.86
25/05/2025 06:53 a. m.,Ordeño,06:01,14.32,1,,,,,0,,1.44,1.44,1.44,1.08,0,0,0,0,4.92,4.93,4.79,4.86,VMS 2,,Tanque,,1.98,1.92,1.92,1.56,3.31,3.53,3.58,3.90
25/05/2025 06:51 p. m.,Ordeño,08:13,18.42,2,,DI,,,0,,1.38,1.44,1.38,0.96,0,0,0,0,5.02,4.94,4.78,4.82,VMS 2,,Tanque,,2.22,2.28,1.80,1.68,3.53,4.85,4.86,5.18
26/05/2025 02:24 a. m.,Ordeño,06:28,14.70,1,,,,,0,,1.44,1.38,1.44,1.02,0,0,0,0,4.89,4.76,4.57,4.81,VMS 2,,Tanque,,1.86,2.04,1.92,1.92,3.90,3.48,3.56,3.76
26/05/2025 10:49 a. m.,Ordeño,06:14,14.15,2,,,,,0,,1.50,1.38,1.50,0.96,0,0,0,0,4.88,4.87,4.74,4.80,VMS 2,,Tanque,,1.98,2.10,1.98,1.56,3.21,3.67,3.59,3.68
26/05/2025 05:45 p. m.,Ordeño,05:53,10.24,3,,,,,0,,1.26,1.08,1.32,0.84,0,0,0,0,4.86,4.74,4.68,4.76,VMS 2,,Tanque,,1.86,1.56,1.62,1.44,2.29,2.63,2.69,2.63
27/05/2025 02:06 a. m.,Ordeño,06:03,12.80,1,,,,,0,,1.38,1.20,1.32,0.96,0,0,0,0,4.76,4.55,4.63,4.68,VMS 2,,Tanque,,1.86,1.80,1.86,1.56,2.83,3.26,3.20,3.51
27/05/2025 11:33 a. m.,Ordeño,06:44,13.12,2,,,DI,DI,0,,0.00,1.50,1.38,1.14,0,0,0,0,0.00,5.21,5.09,5.17,VMS 2,,Tanque,,0.00,2.04,1.74,1.80,0.00,4.23,4.21,4.68
27/05/2025 11:41 a. m.,Ordeño,08:38,3.79,3,,TI,,"DD,TI,TD",0,,1.38,0.12,0.18,0.12,0,0,0,0,5.43,2.61,2.35,2.01,VMS 2,,Tanque,,2.04,0.24,0.36,0.30,3.54,0.05,0.12,0.08
27/05/2025 10:28 p. m.,Ordeño,07:10,14.14,4,,,DI,DI,0,,0.00,1.38,1.38,1.14,0,0,0,0,0.00,4.89,4.83,4.86,VMS 2,,Tanque,,0.00,1.74,1.98,1.86,0.00,4.48,4.58,5.08
28/05/2025 07:12 a. m.,Ordeño,06:58,18.02,1,,,,,0,,1.44,1.38,1.38,1.02,0,0,0,0,5.51,4.97,4.92,4.91,VMS 2,,Tanque,,1.98,1.80,1.80,1.74,5.36,4.02,4.23,4.41
28/05/2025 03:32 p. m.,Ordeño,05:30,14.52,2,,,,,0,,1.38,1.50,1.50,1.26,0,0,0,0,5.02,5.10,4.84,4.80,VMS 2,,Tanque,,1.92,1.98,1.92,1.92,2.74,3.92,3.89,3.97
28/05/2025 10:27 p. m.,Ordeño,06:07,10.75,3,,,,,0,,1.26,1.20,1.44,0.90,0,0,0,0,4.76,4.53,4.64,4.62,VMS 2,,Tanque,,1.86,1.68,1.92,1.38,1.97,2.94,2.96,2.88
29/05/2025 09:03 a. m.,Ordeño,06:59,14.56,1,,,DI,DI,0,,0.00,1.38,1.68,1.20,0,0,0,0,0.00,4.81,4.71,4.89,VMS 2,,Tanque,,0.00,1.98,2.22,1.86,0.00,4.86,4.69,5.01
29/05/2025 09:10 a. m.,Ordeño,08:50,3.56,2,,TI,,"DD,TI,TD",0,,1.44,0.12,0.30,0.12,0,0,0,0,5.22,2.28,3.08,4.09,VMS 2,,Tanque,,1.92,0.30,0.84,0.30,3.23,0.07,0.16,0.10
29/05/2025 07:03 p. m.,Ordeño,06:55,15.41,3,,,,,0,,1.68,1.20,1.44,0.96,0,0,0,0,4.82,4.54,4.55,4.44,VMS 2,,Tanque,,2.16,1.74,1.86,1.32,3.73,4.05,3.92,3.71
30/05/2025 12:02 a. m.,Ordeño,05:22,8.77,1,,,,,0,,1.50,1.14,1.26,0.96,0,0,0,0,4.91,4.57,4.70,4.51,VMS 2,,Tanque,,2.04,1.80,1.68,1.44,1.95,2.40,2.23,2.19
30/05/2025 08:57 a. m.,Ordeño,06:21,15.68,2,,,,,0,,1.68,1.20,1.56,1.26,0,0,0,0,5.24,4.84,4.83,4.66,VMS 2,,Tanque,,2.28,1.74,1.92,1.98,3.46,4.12,3.92,4.18
30/05/2025 05:06 p. m.,Ordeño,06:12,13.00,3,,,,,0,,1.62,1.26,1.44,1.02,0,0,0,0,5.03,4.62,4.63,4.55,VMS 2,,Tanque,,2.22,1.80,1.86,1.62,2.99,3.40,3.25,3.36
31/05/2025 01:21 a. m.,Ordeño,06:40,13.39,1,,,,,0,,1.56,1.32,1.32,1.02,0,0,0,0,4.90,4.62,4.60,4.51,VMS 2,,Tanque,,2.04,1.98,1.74,1.50,3.06,3.30,3.41,3.62
31/05/2025 12:34 p. m.,Ordeño,07:15,16.84,2,,,,,0,,1.62,1.26,1.62,1.08,0,0,0,0,5.01,4.62,4.66,4.74,VMS 2,,Tanque,,2.10,1.68,2.10,1.68,3.85,4.34,4.21,4.44
31/05/2025 05:04 p. m.,Ordeño,04:33,5.30,3,,,,,0,,1.20,0.96,0.90,0.84,0,0,0,0,4.68,4.44,4.61,4.43,VMS 2,,Tanque,,1.68,1.44,1.50,1.44,1.21,1.34,1.39,1.36
01/06/2025 12:28 a. m.,Ordeño,06:03,11.24,1,,,,,0,,1.56,1.08,1.44,0.96,0,0,0,0,4.68,4.31,4.38,4.32,VMS 2,,Tanque,,1.92,1.56,2.04,1.38,2.60,2.85,2.95,2.84
01/06/2025 08:32 a. m.,Ordeño,07:02,13.00,2,,,,,0,,1.56,1.20,1.44,1.08,0,0,0,0,5.15,4.82,4.66,4.86,VMS 2,,Tanque,,2.10,1.62,1.80,1.68,2.99,3.20,3.36,3.45
01/06/2025 03:15 p. m.,Ordeño,06:11,11.67,3,,,,,0,,1.62,1.08,1.32,1.08,0,0,0,0,5.09,4.77,4.78,4.92,VMS 2,,Tanque,,2.16,1.62,1.68,1.68,2.66,3.03,2.93,3.05
01/06/2025 11:18 p. m.,Ordeño,06:30,13.55,4,,,,,0,,1.50,1.08,1.32,0.96,0,0,0,0,5.18,4.96,4.80,4.96,VMS 2,,Tanque,,1.98,1.56,1.80,1.62,3.06,3.56,3.54,3.39
02/06/2025 08:41 a. m.,Ordeño,08:03,15.45,1,,,,,0,,1.44,1.32,1.56,1.08,0,0,0,0,5.05,4.82,4.67,4.75,VMS 2,,Tanque,,2.04,1.80,1.86,1.62,3.67,3.92,3.96,3.90
02/06/2025 04:12 p. m.,Ordeño,07:08,10.90,2,,,,,0,,1.44,1.08,1.32,1.08,0,0,0,0,4.76,4.58,4.60,4.42,VMS 2,,Tanque,,1.92,1.68,1.62,1.56,2.72,2.71,2.71,2.76
03/06/2025 03:36 a. m.,Ordeño,07:16,18.77,1,,,,,0,,1.68,1.32,1.44,1.14,0,0,0,0,5.13,4.91,4.60,4.73,VMS 2,,Tanque,,2.22,1.98,1.86,1.80,4.27,4.82,4.53,5.15
03/06/2025 12:22 p. m.,Ordeño,06:45,14.80,2,,,,,0,,1.50,1.44,1.38,1.32,0,0,0,0,4.96,4.82,4.47,4.77,VMS 2,,Tanque,,1.98,2.10,1.86,1.98,3.42,3.63,3.77,3.98
03/06/2025 10:57 p. m.,Ordeño,08:00,16.62,3,,,,,0,,1.50,1.38,1.44,0.84,0,0,0,0,4.90,4.72,4.53,4.74,VMS 2,,Tanque,,1.92,1.86,2.04,1.56,3.97,4.11,4.32,4.22
04/06/2025 06:37 a. m.,Ordeño,05:25,13.62,1,,,,,0,,1.68,1.26,1.50,1.14,0,0,0,0,5.18,4.94,4.74,5.17,VMS 2,,Tanque,,2.16,1.68,1.98,1.74,3.21,3.37,3.43,3.61
04/06/2025 01:58 p. m.,Ordeño,05:42,13.94,2,,,,,0,,1.62,1.26,1.50,1.26,0,0,0,0,5.23,5.21,4.99,5.20,VMS 2,,Tanque,,2.16,1.62,1.86,1.68,3.19,3.39,3.48,3.88
04/06/2025 07:14 p. m.,Ordeño,05:04,8.33,3,,,,,0,,1.50,1.14,1.32,0.96,0,0,0,0,5.32,5.15,4.93,5.23,VMS 2,,Tanque,,2.10,1.50,1.68,1.44,1.89,2.03,2.17,2.24
05/06/2025 12:19 a. m.,Ordeño,06:22,9.20,1,,,,,0,,1.38,1.08,1.26,0.90,0,0,0,0,5.10,4.96,4.83,5.21,VMS 2,,Tanque,,1.86,1.56,1.68,1.32,2.12,2.38,2.28,2.42
05/06/2025 10:25 a. m.,Ordeño,06:52,19.35,2,,,,,0,,1.68,1.38,1.62,1.26,0,0,0,0,5.60,5.41,5.35,5.15,VMS 2,,Tanque,,2.40,2.04,2.04,1.92,4.39,4.89,4.71,5.36
05/06/2025 06:10 p. m.,Ordeño,05:40,12.85,3,,,,,0,,1.50,1.20,1.32,0.96,0,0,0,0,5.08,5.00,4.89,4.99,VMS 2,,Tanque,,2.28,1.80,1.68,1.38,2.96,3.26,3.29,3.34
06/06/2025 03:17 a. m.,Ordeño,07:04,17.27,1,,,,,0,,1.68,1.20,1.50,1.08,0,0,0,0,5.36,5.25,5.10,5.20,VMS 2,,Tanque,,2.16,1.68,1.98,1.62,4.01,4.32,4.35,4.59
06/06/2025 09:41 a. m.,Ordeño,05:39,12.48,2,,,,,0,,1.56,1.14,1.44,0.96,0,0,0,0,5.30,5.23,5.17,5.41,VMS 2,,Tanque,,1.98,1.62,1.86,1.44,3.00,3.14,3.20,3.14
06/06/2025 05:31 p. m.,Ordeño,06:03,14.15,3,,,,,0,,1.50,1.26,1.44,1.08,0,0,0,0,5.23,5.18,4.98,5.18,VMS 2,,Tanque,,1.98,1.74,1.98,1.62,3.26,3.41,3.67,3.81
07/06/2025 04:09 a. m.,Ordeño,07:51,19.87,1,,,,,0,,1.62,1.44,1.50,1.14,0,0,0,0,5.45,5.25,5.05,5.22,VMS 2,,Tanque,,2.22,2.16,1.98,1.74,4.42,4.82,5.02,5.61
07/06/2025 03:49 p. m.,Ordeño,07:37,20.80,2,,,,,0,,1.62,1.38,1.44,1.14,0,0,0,0,5.18,5.18,4.99,5.08,VMS 2,,Tanque,,2.10,1.98,1.86,1.68,4.86,5.05,5.23,5.66
07/06/2025 10:50 p. m.,Ordeño,05:17,11.42,3,,,,,0,,1.50,1.32,1.26,1.02,0,0,0,0,4.79,4.65,4.72,4.48,VMS 2,,Tanque,,1.98,1.80,1.68,1.56,2.61,2.86,2.96,2.99
08/06/2025 07:03 a. m.,Ordeño,06:13,14.14,1,,,,,0,,1.50,1.38,1.38,1.26,0,0,0,0,4.97,4.93,4.78,4.82,VMS 2,,Tanque,,1.86,1.86,1.80,1.74,3.36,3.44,3.46,3.88
08/06/2025 12:25 p. m.,Ordeño,05:03,9.25,2,,,,,0,,1.44,1.08,1.32,1.02,0,0,0,0,4.96,4.80,4.83,4.77,VMS 2,,Tanque,,1.86,1.56,1.74,1.44,2.17,2.41,2.36,2.31
08/06/2025 07:09 p. m.,Ordeño,06:23,11.50,3,,TD,,,0,,1.38,1.38,1.38,1.08,0,0,0,0,5.30,5.21,5.03,5.17,VMS 2,,Tanque,,1.80,2.04,1.68,1.44,2.63,2.86,2.90,3.11
09/06/2025 05:16 a. m.,Ordeño,07:07,19.12,1,,,,,0,,1.56,1.50,1.38,1.26,0,0,0,0,5.38,5.32,4.95,5.11,VMS 2,,Tanque,,1.98,2.04,1.74,1.68,4.33,4.56,4.80,5.43
09/06/2025 12:48 p. m.,Ordeño,06:01,14.95,2,,,,,0,,1.56,1.32,1.44,1.20,0,0,0,0,5.22,5.05,4.91,5.06,VMS 2,,Tanque,,1.98,1.86,2.04,1.68,3.42,3.66,3.83,4.04
09/06/2025 11:20 p. m.,Ordeño,08:14,18.55,3,,,,,0,,1.50,1.50,1.32,1.08,0,0,0,0,5.23,5.13,4.85,5.03,VMS 2,,Tanque,,2.04,1.98,1.80,1.50,4.25,4.46,4.71,5.13
10/06/2025 07:32 a. m.,Ordeño,06:12,16.13,1,,,,,0,,1.62,1.44,1.56,1.20,0,0,0,0,5.21,5.08,4.78,4.90,VMS 2,,Tanque,,2.22,1.98,1.98,1.74,3.72,3.91,4.11,4.39
10/06/2025 12:29 p. m.,Ordeño,04:34,8.40,2,,,,,0,,1.44,1.20,1.32,1.20,0,0,0,0,5.08,4.94,4.89,4.79,VMS 2,,Tanque,,1.86,1.62,1.68,1.62,1.94,2.07,2.07,2.32
10/06/2025 09:54 p. m.,Ordeño,05:41,11.98,3,,,DI,DI,0,,0.00,1.44,1.50,1.20,0,0,0,0,0.00,4.87,4.63,4.65,VMS 2,,Tanque,,0.00,1.86,1.86,1.68,0.00,3.81,3.91,4.26
11/06/2025 03:10 a. m.,Ordeño,05:40,11.19,1,,,,,0,,1.62,1.38,1.32,1.14,0,0,0,0,5.21,4.71,4.63,4.67,VMS 2,,Tanque,,2.16,1.74,1.74,1.50,4.81,1.97,2.09,2.32
11/06/2025 11:53 a. m.,Ordeño,05:34,13.90,2,,,,,0,,1.56,1.62,1.32,1.08,0,0,0,0,4.60,4.92,4.91,4.80,VMS 2,,Tanque,,2.10,2.28,1.74,1.56,3.15,3.52,3.58,3.65
11/06/2025 06:24 p. m.,Ordeño,05:04,8.83,3,,,,,0,,1.44,1.38,1.32,1.08,0,0,0,0,4.82,4.65,4.61,4.61,VMS 2,,Tanque,,2.04,2.22,1.74,1.56,1.90,2.27,2.38,2.28
12/06/2025 12:10 a. m.,Ordeño,05:02,8.71,1,,,,,0,,1.68,1.32,1.38,1.14,0,0,0,0,4.81,4.65,4.55,4.55,VMS 2,,Tanque,,2.22,1.92,1.74,1.74,1.94,2.26,2.20,2.31
12/06/2025 07:01 a. m.,Ordeño,04:53,10.58,2,,,,,0,,1.62,1.26,1.38,1.02,0,0,0,0,5.01,4.75,4.71,4.75,VMS 2,,Tanque,,2.16,1.62,1.74,1.56,2.43,2.66,2.73,2.76
12/06/2025 12:43 p. m.,Ordeño,04:54,9.54,3,,,,,0,,1.50,1.32,1.38,1.26,0,0,0,0,5.22,4.98,4.84,4.93,VMS 2,,Tanque,,1.86,1.80,1.74,1.68,2.18,2.33,2.37,2.66
12/06/2025 06:21 p. m.,Ordeño,05:33,8.96,4,,DI,,,0,,2.76,1.26,1.32,1.08,0,0,0,0,1.07,4.97,5.02,5.07,VMS 2,,Tanque,,0.16,1.74,1.62,1.62,1.77,2.33,2.36,2.50
13/06/2025 05:42 a. m.,Ordeño,06:11,19.14,1,,,,,0,,1.92,1.44,1.68,1.38,0,0,0,0,5.36,5.14,4.93,5.08,VMS 2,,Tanque,,2.58,2.10,2.10,1.86,4.63,4.67,4.41,5.43
13/06/2025 02:35 p. m.,Ordeño,05:01,12.86,2,,,,,0,,1.74,1.38,1.56,1.44,0,0,0,0,4.95,4.76,4.66,4.59,VMS 2,,Tanque,,2.22,1.92,1.98,2.16,2.62,3.24,3.29,3.71
13/06/2025 09:36 p. m.,Ordeño,04:48,9.75,3,,,,,0,,1.50,1.20,1.32,1.26,0,0,0,0,4.64,4.37,4.45,4.36,VMS 2,,Tanque,,1.92,1.80,1.74,1.74,2.06,2.50,2.38,2.81
14/06/2025 08:34 a. m.,Ordeño,06:42,17.42,1,,,,,0,,1.74,1.26,1.62,1.20,0,0,0,0,5.46,5.19,5.02,5.16,VMS 2,,Tanque,,2.28,1.80,2.04,1.80,3.83,4.43,4.40,4.76
14/06/2025 04:26 p. m.,Ordeño,05:19,13.37,2,,,,,0,,1.86,1.32,1.50,1.26,0,0,0,0,5.21,4.84,4.76,4.88,VMS 2,,Tanque,,2.52,1.92,2.04,1.74,3.03,3.31,3.34,3.69
14/06/2025 09:59 p. m.,Ordeño,06:16,7.41,3,,,,,0,,1.50,1.20,1.38,1.08,0,0,0,0,5.08,4.85,4.74,4.69,VMS 2,,Tanque,,2.04,1.80,1.86,1.50,1.77,1.90,1.86,1.88
15/06/2025 02:53 a. m.,Ordeño,06:43,7.82,1,,,,,0,,1.38,1.32,1.44,1.08,0,0,0,0,5.09,4.81,4.69,4.85,VMS 2,,Tanque,,1.86,1.74,1.92,1.62,1.72,1.96,1.98,2.16
15/06/2025 10:27 a. m.,Ordeño,06:00,13.21,2,,,,,0,,1.86,1.26,1.56,1.08,0,0,0,0,5.49,5.13,5.03,5.06,VMS 2,,Tanque,,2.34,1.80,1.92,1.68,2.97,3.32,3.31,3.61
15/06/2025 05:45 p. m.,Ordeño,05:41,12.04,3,,,,,0,,1.68,1.26,1.50,1.02,0,0,0,0,5.21,4.19,4.97,5.05,VMS 2,,Tanque,,2.28,1.80,1.92,1.44,2.73,3.25,2.87,3.19
16/06/2025 01:09 a. m.,Ordeño,04:57,12.53,1,,,,,0,,1.62,1.50,1.50,1.38,0,0,0,0,5.19,4.92,4.82,4.90,VMS 2,,Tanque,,2.04,2.10,1.92,1.98,2.87,3.03,3.05,3.58
16/06/2025 09:10 a. m.,Ordeño,05:45,13.46,2,,,,,0,,1.62,1.32,1.38,1.14,0,0,0,0,5.22,5.06,4.95,5.00,VMS 2,,Tanque,,2.04,2.16,1.74,1.68,3.06,3.32,3.43,3.65
16/06/2025 06:55 p. m.,Ordeño,05:53,17.25,3,,,,,0,,1.74,1.38,1.56,1.32,0,0,0,0,5.41,5.18,5.04,5.14,VMS 2,,Tanque,,2.28,1.80,2.04,1.86,4.02,4.33,4.24,4.66
17/06/2025 05:29 a. m.,Ordeño,06:03,17.42,1,,,,,0,,1.86,1.32,1.56,1.32,0,0,0,0,5.05,4.81,4.69,4.69,VMS 2,,Tanque,,2.64,1.98,2.10,1.80,3.97,4.34,4.22,4.89
17/06/2025 04:12 p. m.,Ordeño,05:43,15.91,2,,,,,0,,1.44,1.44,1.44,1.26,0,0,0,0,4.78,4.68,4.48,4.55,VMS 2,,Tanque,,1.98,1.86,1.92,1.86,3.65,3.94,3.99,4.33
17/06/2025 09:48 p. m.,Ordeño,05:59,6.47,3,,,TD,TD,0,,1.44,1.20,1.38,0.00,0,0,0,0,4.92,4.62,4.54,0.00,VMS 2,,Tanque,,1.98,1.80,1.80,0.00,2.07,2.16,2.24,0.00
18/06/2025 01:37 a. m.,Ordeño,06:32,9.24,1,,,,,0,,1.26,1.08,1.32,1.26,0,0,0,0,5.47,5.15,5.06,5.16,VMS 2,,Tanque,,1.86,1.62,1.74,1.74,1.41,1.79,1.79,4.25
18/06/2025 10:32 a. m.,Ordeño,07:11,13.39,2,,,,,0,,1.32,1.38,1.38,1.20,0,0,0,0,5.46,4.96,4.79,4.89,VMS 2,,Tanque,,1.74,1.86,1.74,1.68,2.55,3.25,3.39,4.20
26/06/2025 04:16 a. m.,Ordeño,06:16,15.35,1,,,,,0,,1.38,1.50,1.26,1.20,0,0,0,0,5.61,5.20,4.86,5.10,VMS 2,,Tanque,,1.92,1.98,1.62,1.68,3.14,3.77,3.95,4.49
26/06/2025 11:25 a. m.,Ordeño,05:19,10.46,2,,DI,,,0,,1.44,1.38,1.32,1.14,0,0,0,0,5.46,4.93,4.82,4.97,VMS 2,,Tanque,,2.46,1.92,1.80,1.62,1.65,2.84,2.86,3.11
26/06/2025 06:57 p. m.,Ordeño,05:38,11.10,3,,,,,0,DI,1.38,1.26,1.20,0.96,0,0,0,0,5.67,4.88,4.82,4.80,VMS 2,,Tanque,,1.80,1.80,1.62,1.44,2.93,2.65,2.77,2.75
08/07/2025 09:57 a. m.,Ordeño,05:49,12.34,2,,,,,0,,1.20,1.38,1.38,1.26,0,0,0,0,5.65,5.18,5.02,5.19,VMS 2,,Tanque,,1.62,1.98,1.74,1.74,2.66,3.14,3.04,3.50
08/07/2025 06:26 p. m.,Ordeño,05:10,11.92,3,,,,,0,,1.38,1.26,1.38,1.14,0,0,0,0,5.25,5.12,4.89,5.11,VMS 2,,Tanque,,2.04,1.74,1.74,1.68,2.58,2.97,3.05,3.32
09/07/2025 05:29 a. m.,Ordeño,06:06,15.69,1,,,,,0,,1.50,1.44,1.62,1.26,0,0,0,0,5.52,5.11,4.80,4.93,VMS 2,,Tanque,,2.16,1.92,2.04,1.74,3.17,4.16,4.09,4.27
13/07/2025 01:29 a. m.,Ordeño,13:36,3.04,1,,,"DI,TI,TD","DI,TI,TD",0,,0.00,1.50,0.00,0.00,0,0,0,0,0.00,5.04,0.00,0.00,VMS 2,,Tanque,,0.00,1.92,0.00,0.00,0.00,3.04,0.00,0.00
16/07/2025 02:28 a. m.,Ordeño,07:05,11.87,1,,,DI,DI,0,,0.00,1.80,1.44,1.20,0,0,0,0,0.00,4.72,4.83,4.83,VMS 2,,Tanque,,0.00,2.46,1.92,1.56,0.00,4.02,4.03,3.82
16/07/2025 11:24 a. m.,Ordeño,08:00,17.41,2,,,,,0,DI,1.44,1.74,1.50,1.50,0,0,0,0,6.52,5.33,5.31,5.36,VMS 2,,Tanque,,2.10,2.40,1.92,1.92,5.78,3.76,3.65,4.22
16/07/2025 07:36 p. m.,Ordeño,06:09,12.00,3,,,,,0,,1.38,1.56,1.44,1.20,0,0,0,0,5.59,5.32,5.16,5.37,VMS 2,,Tanque,,2.10,2.04,1.86,1.74,2.06,3.42,3.26,3.26
17/07/2025 03:48 a. m.,Ordeño,08:50,7.18,1,,,"DI,TI","DI,TI",0,,0.00,1.62,0.00,1.20,0,0,0,0,0.00,5.43,0.00,5.39,VMS 2,,Tanque,,0.00,2.28,0.00,1.62,0.00,3.71,0.00,3.47
17/07/2025 11:28 a. m.,Ordeño,09:10,16.82,2,,,,,0,DI,1.44,1.56,1.50,1.08,0,0,0,0,6.16,5.41,5.15,5.46,VMS 2,,Tanque,,1.92,1.98,1.92,1.74,4.39,3.24,5.67,3.52
18/07/2025 07:01 a. m.,Ordeño,05:44,13.95,1,,,,,0,,1.62,1.74,1.50,1.20,0,0,0,0,5.59,5.25,5.09,5.23,VMS 2,,Tanque,,2.04,2.70,1.98,1.86,2.49,3.77,3.54,4.15
18/07/2025 03:11 p. m.,Ordeño,06:12,14.44,2,,,,,0,,1.44,1.56,1.38,1.20,0,0,0,0,5.35,5.25,5.19,5.32,VMS 2,,Tanque,,2.22,2.10,1.92,1.68,2.89,3.75,3.62,4.18
18/07/2025 10:48 p. m.,Ordeño,05:49,12.87,3,,,,,0,,1.62,1.38,1.44,1.14,0,0,0,0,5.53,5.27,4.98,5.25,VMS 2,,Tanque,,2.34,2.04,2.04,1.68,2.48,3.43,3.20,3.76
19/07/2025 06:44 a. m.,Ordeño,06:24,14.46,1,,,,,0,,1.62,1.56,1.56,1.32,0,0,0,0,5.41,5.13,4.94,5.09,VMS 2,,Tanque,,2.34,2.10,1.98,1.86,2.93,3.74,3.46,4.33
19/07/2025 06:49 p. m.,Ordeño,07:23,18.86,2,,,,,0,,1.74,1.44,1.68,1.26,0,0,0,0,5.56,5.00,4.85,4.96,VMS 2,,Tanque,,2.28,2.04,2.10,1.80,3.99,4.86,4.78,5.23
20/07/2025 10:31 a. m.,Ordeño,05:46,11.18,2,,,,,0,,1.50,1.74,1.38,1.26,0,0,0,0,5.56,5.09,4.97,5.10,VMS 2,,Tanque,,2.10,2.40,1.86,1.80,2.35,2.92,2.81,3.10
20/07/2025 06:41 p. m.,Ordeño,06:10,13.45,3,,,,,0,,1.50,1.56,1.44,1.08,0,0,0,0,5.49,4.89,4.88,4.84,VMS 2,,Tanque,,2.10,2.16,1.80,1.56,2.88,3.48,3.49,3.60
21/07/2025 02:42 p. m.,Ordeño,06:06,11.30,2,,DI,,,0,,1.38,1.50,1.32,1.20,0,0,0,0,5.76,5.06,4.99,5.08,VMS 2,,Tanque,,2.40,2.16,1.74,1.68,1.98,2.99,3.13,3.20
23/07/2025 08:30 a. m.,Ordeño,06:21,9.75,1,,,DI,DI,0,,0.00,1.56,1.44,1.26,0,0,0,0,0.00,4.55,4.58,4.81,VMS 2,,Tanque,,0.00,2.04,1.86,1.86,0.00,3.12,3.16,3.47
23/07/2025 08:41 a. m.,Ordeño,09:29,1.16,2,,DD,DI,"DD,TI,TD",0,,1.20,0.18,0.00,0.12,0,0,0,0,6.23,2.14,0.00,2.75,VMS 2,,Tanque,,1.62,0.30,0.00,0.24,1.02,0.06,0.00,0.08
23/07/2025 10:33 p. m.,Ordeño,05:43,7.94,4,,,DI,DI,0,,0.00,1.50,1.44,1.14,0,0,0,0,0.00,4.78,4.61,4.84,VMS 2,,Tanque,,0.00,2.10,1.86,1.80,0.00,2.56,2.65,2.73
24/07/2025 02:07 a. m.,Ordeño,08:56,3.18,1,,,DI,DI,0,,0.00,1.14,1.14,0.84,0,0,0,0,0.00,4.76,4.83,4.78,VMS 2,,Tanque,,0.00,1.68,1.62,1.38,0.00,1.01,1.08,1.09
27/07/2025 07:01 p. m.,Ordeño,05:20,11.02,3,,,,,0,,1.50,1.44,1.44,1.20,0,0,0,0,5.63,5.19,5.01,5.17,VMS 2,,Tanque,,2.22,1.92,1.92,1.68,2.35,2.76,2.81,3.10
28/07/2025 06:57 a. m.,Ordeño,07:09,18.62,1,,,,,0,,1.68,1.50,1.86,1.26,0,0,0,0,5.70,5.26,4.86,5.34,VMS 2,,Tanque,,2.28,2.10,2.40,2.10,3.67,4.86,4.66,5.43
28/07/2025 04:11 p. m.,Ordeño,05:28,14.20,2,,,,,0,,1.50,1.32,1.80,1.26,0,0,0,0,5.36,5.08,4.65,5.10,VMS 2,,Tanque,,2.16,1.92,2.34,1.80,3.00,3.54,3.73,3.93
29/07/2025 01:21 a. m.,Ordeño,05:30,12.53,1,,,,,0,,1.32,1.50,1.50,1.08,0,0,0,0,5.36,5.03,4.66,5.04,VMS 2,,Tanque,,1.80,2.10,1.92,1.62,2.68,3.16,3.24,3.45
02/08/2025 03:08 a. m.,Ordeño,07:30,12.81,1,,,,,0,,1.26,1.44,1.38,1.14,0,0,0,0,5.12,4.70,4.49,4.91,VMS 2,,Tanque,,1.86,2.10,1.86,1.68,2.51,3.30,3.24,3.76
02/08/2025 02:38 p. m.,Ordeño,06:42,17.92,2,,,,,0,,1.50,1.50,1.50,1.20,0,0,0,0,5.51,5.02,4.83,5.20,VMS 2,,Tanque,,1.98,2.04,1.86,1.74,3.69,4.77,4.67,4.79
03/08/2025 12:31 a. m.,Ordeño,06:47,15.54,1,,,,,0,,1.32,1.50,1.44,1.08,0,0,0,0,5.18,5.21,4.85,5.13,VMS 2,,Tanque,,2.04,2.28,2.04,1.74,3.23,4.13,3.97,4.21
03/08/2025 07:29 a. m.,Ordeño,07:41,11.60,2,,,,,0,,1.50,1.50,1.44,1.08,0,0,0,0,5.51,5.19,4.98,5.15,VMS 2,,Tanque,,2.10,2.10,1.98,1.62,2.47,3.03,2.95,3.15
03/08/2025 03:29 p. m.,Ordeño,07:21,12.91,3,,,,,0,DI,1.44,1.44,1.08,1.14,0,0,0,0,5.52,5.24,4.25,5.29,VMS 2,,Tanque,,1.92,2.04,1.50,1.68,2.74,3.38,3.34,3.45
04/08/2025 03:39 a. m.,Ordeño,06:59,18.64,1,,,,,0,,1.50,1.44,1.44,1.20,0,0,0,0,5.28,5.05,5.00,5.11,VMS 2,,Tanque,,2.04,1.98,1.80,1.80,4.01,4.51,4.69,5.43
04/08/2025 09:33 a. m.,Ordeño,06:29,7.21,2,,"DI,TI",,,0,,1.38,1.26,1.38,0.96,0,0,0,0,5.31,4.91,4.76,4.98,VMS 2,,Tanque,,2.28,1.74,2.22,1.50,1.27,2.11,1.74,2.09
04/08/2025 06:46 p. m.,Ordeño,06:39,12.43,3,,,,,0,DI,1.32,1.32,1.44,0.96,0,0,0,0,5.67,4.79,4.49,4.88,VMS 2,,Tanque,,1.86,1.86,1.98,1.44,3.01,3.00,3.13,3.29
07/08/2025 05:44 p. m.,Ordeño,04:28,7.62,3,,,,,0,,0.96,1.56,1.26,0.96,0,0,0,0,4.95,4.72,4.57,4.79,VMS 2,,Tanque,,1.50,2.16,1.56,1.74,1.13,2.22,2.18,2.09
08/08/2025 07:09 a. m.,Ordeño,07:02,18.60,1,,,,,0,,1.38,1.74,1.50,1.20,0,0,0,0,5.52,5.05,4.61,5.13,VMS 2,,Tanque,,1.98,2.28,1.92,1.68,2.78,5.01,5.27,5.54
10/08/2025 06:56 a. m.,Ordeño,05:32,12.63,1,,,,,0,,1.38,1.50,1.44,1.08,0,0,0,0,5.53,5.12,4.87,5.11,VMS 2,,Tanque,,1.92,2.04,1.80,1.62,2.67,3.25,3.33,3.38
10/08/2025 04:44 p. m.,Ordeño,05:24,11.17,2,,"DI,TD",TD,,0,,1.50,1.68,1.56,1.20,0,0,0,0,5.25,4.97,4.72,5.09,VMS 2,,Tanque,,2.40,2.34,1.98,1.74,2.94,3.81,3.87,0.55
10/08/2025 07:27 p. m.,Ordeño,05:40,7.66,3,,,,,0,,1.08,0.66,0.72,1.44,0,0,0,0,5.31,4.56,4.80,5.23,VMS 2,,Tanque,,1.80,1.20,1.20,2.10,1.04,0.89,0.88,4.85
11/08/2025 04:45 a. m.,Ordeño,05:52,12.74,1,,,,,0,,1.38,1.50,1.50,0.84,0,0,0,0,4.98,4.71,4.52,4.61,VMS 2,,Tanque,,2.10,2.34,2.10,1.32,2.94,3.37,3.56,2.87
11/08/2025 02:36 p. m.,Ordeño,05:42,15.95,2,,,,,0,,1.56,1.50,1.62,1.26,0,0,0,0,5.38,5.13,4.79,5.21,VMS 2,,Tanque,,2.16,2.10,1.98,2.22,3.39,4.02,4.30,4.24
11/08/2025 11:39 p. m.,Ordeño,06:23,14.45,3,,,,,0,,1.38,1.50,1.50,0.96,0,0,0,0,5.21,4.93,4.67,5.02,VMS 2,,Tanque,,1.86,2.04,1.98,1.74,3.28,3.74,3.87,3.56
12/08/2025 09:23 a. m.,Ordeño,05:11,15.43,1,,,,,0,,1.62,1.68,1.80,1.32,0,0,0,0,5.21,4.78,4.55,4.89,VMS 2,,Tanque,,2.28,2.34,2.34,1.92,3.38,3.97,4.01,4.07
12/08/2025 06:50 p. m.,Ordeño,05:45,13.48,2,,,,,0,,1.38,1.50,1.50,1.08,0,0,0,0,5.08,4.58,4.47,4.77,VMS 2,,Tanque,,1.98,1.98,1.98,1.56,3.00,3.36,3.55,3.57
13/08/2025 07:41 p. m.,Ordeño,05:07,11.11,3,,,,,0,,1.44,1.56,1.56,1.08,0,0,0,0,5.08,4.81,4.55,4.92,VMS 2,,Tanque,,1.98,2.10,1.98,1.50,2.47,2.78,2.98,2.88
14/08/2025 06:24 a. m.,Ordeño,06:19,18.16,1,,,,,0,,1.62,1.74,1.62,1.26,0,0,0,0,5.35,5.01,4.70,5.12,VMS 2,,Tanque,,2.28,2.34,2.10,1.74,3.91,4.56,4.72,4.97
14/08/2025 02:54 p. m.,Ordeño,05:30,12.87,2,,,,,0,,1.38,1.68,1.56,1.20,0,0,0,0,5.28,4.82,4.70,4.83,VMS 2,,Tanque,,2.04,2.16,2.04,1.68,2.91,3.29,3.33,3.34
15/08/2025 12:17 a. m.,Ordeño,05:49,13.56,1,,,,,0,,1.56,1.56,1.56,1.08,0,0,0,0,5.09,4.73,4.50,4.78,VMS 2,,Tanque,,2.16,2.10,1.98,1.56,2.94,3.38,3.68,3.56
15/08/2025 09:29 a. m.,Ordeño,05:29,14.49,2,,,,,0,,1.92,1.56,1.68,1.08,0,0,0,0,5.34,5.00,4.51,4.91,VMS 2,,Tanque,,2.70,2.22,2.22,1.62,3.17,3.72,3.93,3.67
15/08/2025 07:09 p. m.,Ordeño,06:00,13.96,3,,,,,0,,1.44,1.50,1.38,1.08,0,0,0,0,5.08,4.69,4.54,4.79,VMS 2,,Tanque,,2.04,2.22,1.86,1.50,3.06,3.43,3.68,3.79
16/08/2025 06:10 a. m.,Ordeño,06:20,17.50,1,,,,,0,,1.68,1.62,1.68,1.14,0,0,0,0,5.14,4.94,4.53,5.01,VMS 2,,Tanque,,2.22,2.34,2.10,1.80,3.73,4.50,4.66,4.61
16/08/2025 03:34 p. m.,Ordeño,05:13,13.87,2,,,,,0,,1.56,1.68,1.68,1.26,0,0,0,0,4.88,4.67,4.48,4.66,VMS 2,,Tanque,,2.10,2.28,2.16,1.68,3.14,3.56,3.64,3.53
16/08/2025 11:43 p. m.,Ordeño,05:41,11.53,3,,,,,0,,1.44,1.50,1.56,1.02,0,0,0,0,4.90,4.60,4.44,4.69,VMS 2,,Tanque,,2.04,2.04,1.98,1.44,2.57,2.93,3.00,3.03
17/08/2025 07:00 a. m.,Ordeño,05:01,11.03,1,,,,,0,,1.68,1.44,1.50,1.02,0,0,0,0,5.09,4.95,4.76,4.83,VMS 2,,Tanque,,2.40,1.92,1.92,1.80,2.43,2.89,3.00,2.71
17/08/2025 02:54 p. m.,Ordeño,05:16,13.07,2,,,,,0,,1.86,1.50,1.74,1.20,0,0,0,0,5.34,5.01,4.78,5.04,VMS 2,,Tanque,,2.52,2.04,2.16,1.80,2.83,3.21,3.43,3.60
17/08/2025 11:06 p. m.,Ordeño,05:19,11.47,3,,,,,0,,1.44,1.50,1.44,0.96,0,0,0,0,5.07,4.74,4.66,4.82,VMS 2,,Tanque,,1.98,2.22,1.92,1.38,2.64,2.85,3.13,2.85
18/08/2025 08:31 a. m.,Ordeño,06:06,16.36,1,,,,,0,,1.80,1.50,1.62,1.26,0,0,0,0,5.42,5.09,4.78,5.08,VMS 2,,Tanque,,2.46,1.98,2.16,1.86,3.56,3.96,4.06,4.78
18/08/2025 05:25 p. m.,Ordeño,06:27,14.41,2,,,,,0,,1.86,1.56,1.62,1.20,0,0,0,0,5.32,4.97,4.72,4.88,VMS 2,,Tanque,,2.70,2.10,1.98,1.68,3.14,3.75,3.62,3.90
19/08/2025 12:52 a. m.,Ordeño,04:57,10.12,1,,,,,0,,1.38,1.38,1.44,1.02,0,0,0,0,5.00,4.75,4.58,4.83,VMS 2,,Tanque,,1.92,1.98,1.80,1.50,2.24,2.52,2.64,2.72
19/08/2025 08:13 a. m.,Ordeño,06:38,11.97,2,,,,,0,,1.38,1.56,1.50,1.08,0,0,0,0,5.08,4.75,4.70,4.83,VMS 2,,Tanque,,1.98,2.28,2.04,1.56,2.67,2.90,3.15,3.25
19/08/2025 11:30 p. m.,Ordeño,07:52,23.49,3,,,,,0,,1.86,1.62,1.68,1.32,0,0,0,0,5.72,5.27,5.01,5.38,VMS 2,,Tanque,,2.40,1.98,2.16,1.74,4.98,5.71,5.97,6.83
20/08/2025 07:59 a. m.,Ordeño,05:14,8.44,1,,,DI,DI,0,,0.00,1.44,1.50,1.14,0,0,0,0,0.00,4.49,4.52,4.70,VMS 2,,Tanque,,0.00,2.28,1.92,1.68,0.00,2.78,2.58,3.08
21/08/2025 07:07 p. m.,Ordeño,07:06,9.45,3,,,DI,,0,DI,0.60,1.38,1.50,1.14,0,0,0,0,5.19,4.39,4.48,4.37,VMS 2,,Tanque,,1.56,1.92,1.98,1.62,1.15,2.15,3.89,2.26
22/08/2025 12:41 a. m.,Ordeño,05:35,6.46,1,,,DI,,0,,0.60,1.32,1.26,1.14,0,0,0,0,4.74,4.44,4.43,4.61,VMS 2,,Tanque,,1.62,2.04,1.62,1.56,0.84,1.83,1.66,2.13
22/08/2025 10:38 a. m.,Ordeño,05:30,14.04,2,,,,,0,DI,1.44,1.44,1.44,1.32,0,0,0,0,5.99,5.11,4.92,5.15,VMS 2,,Tanque,,2.10,2.04,1.98,2.04,2.09,3.84,3.85,4.26
25/08/2025 10:40 a. m.,Ordeño,05:20,13.40,2,,,,,0,,1.68,1.56,1.44,1.08,0,0,0,0,5.26,4.87,4.76,4.75,VMS 2,,Tanque,,2.16,2.10,1.86,1.50,2.99,3.88,4.02,2.51
25/08/2025 09:59 p. m.,Ordeño,05:38,16.65,3,,,,,0,,1.80,1.68,1.56,1.14,0,0,0,0,5.25,5.13,4.85,5.26,VMS 2,,Tanque,,2.46,2.22,2.34,1.68,3.38,4.63,4.71,3.93
26/08/2025 07:56 a. m.,Ordeño,05:42,15.43,1,,,,,0,,1.62,1.50,1.50,1.14,0,0,0,0,5.32,5.13,4.93,5.53,VMS 2,,Tanque,,2.22,1.98,1.92,1.56,3.16,4.07,4.27,3.93
26/08/2025 02:54 p. m.,Ordeño,04:45,10.85,2,,,,,0,,1.68,1.44,1.50,1.26,0,0,0,0,5.26,5.01,4.91,5.38,VMS 2,,Tanque,,2.22,1.92,1.92,1.62,2.29,2.95,2.85,2.76
26/08/2025 10:35 p. m.,Ordeño,05:01,11.69,3,,,,,0,,1.56,1.50,1.44,1.14,0,0,0,0,5.20,5.14,4.91,5.39,VMS 2,,Tanque,,2.16,2.04,1.86,1.62,2.44,3.11,3.13,3.01
27/08/2025 01:13 p. m.,Ordeño,06:55,23.18,1,,,,,0,,1.80,1.68,1.50,1.38,0,0,0,0,5.51,5.38,5.19,5.49,VMS 2,,Tanque,,2.34,2.46,2.10,1.80,4.77,6.07,6.09,6.25
28/08/2025 12:06 a. m.,Ordeño,05:49,15.54,1,,,,,0,,1.68,1.62,1.56,1.20,0,0,0,0,5.29,4.96,4.60,5.18,VMS 2,,Tanque,,2.16,2.34,2.10,1.74,3.23,4.01,4.14,4.16
28/08/2025 06:17 a. m.,Ordeño,05:13,10.75,2,,,,,0,,1.68,1.44,1.38,1.26,0,0,0,0,5.29,5.18,4.95,5.35,VMS 2,,Tanque,,2.16,2.10,1.74,1.80,2.32,2.72,2.84,2.87
28/08/2025 04:34 p. m.,Ordeño,05:56,17.03,3,,,,,0,,1.80,1.50,1.50,1.26,0,0,0,0,5.63,5.27,5.21,5.47,VMS 2,,Tanque,,2.22,2.04,2.10,1.62,3.53,4.48,4.41,4.61
29/08/2025 02:36 a. m.,Ordeño,05:53,15.57,1,,,,,0,,1.68,1.56,1.50,1.14,0,0,0,0,5.47,5.13,4.90,5.20,VMS 2,,Tanque,,2.34,2.10,2.04,1.62,3.31,3.90,4.16,4.20
29/08/2025 10:26 a. m.,Ordeño,05:00,12.39,2,,,,,0,,1.74,1.50,1.56,1.20,0,0,0,0,5.39,4.88,4.84,4.93,VMS 2,,Tanque,,2.22,2.04,2.04,1.56,2.61,3.21,3.24,3.33
29/08/2025 11:47 p. m.,Ordeño,04:30,9.27,4,,,,,0,,1.38,1.38,1.32,1.14,0,0,0,0,5.12,4.96,4.70,4.98,VMS 2,,Tanque,,1.98,1.86,1.74,1.62,1.99,2.42,2.30,2.56
30/08/2025 11:20 a. m.,Ordeño,06:38,18.36,1,,,,,0,,1.80,1.56,1.62,1.26,0,0,0,0,5.45,5.10,4.89,5.07,VMS 2,,Tanque,,2.40,1.98,2.04,1.74,3.67,4.74,4.69,5.26
30/08/2025 07:23 p. m.,Ordeño,07:01,13.10,2,,,,,0,,1.56,1.56,1.56,1.14,0,0,0,0,5.36,5.12,4.91,5.05,VMS 2,,Tanque,,1.98,2.34,2.04,1.50,2.61,3.38,3.40,3.71
31/08/2025 03:43 a. m.,Ordeño,05:35,14.41,1,,,,,0,,1.80,1.38,1.50,1.20,0,0,0,0,5.28,4.91,4.91,4.93,VMS 2,,Tanque,,2.58,2.04,1.92,1.56,2.93,3.71,3.82,3.95
31/08/2025 09:56 a. m.,Ordeño,04:48,9.90,2,,,,,0,,1.62,1.32,1.44,1.08,0,0,0,0,5.09,4.66,4.73,4.75,VMS 2,,Tanque,,2.22,1.86,1.86,1.68,2.19,2.48,2.61,2.62
31/08/2025 05:21 p. m.,Ordeño,06:22,11.23,3,,,,,0,,1.62,1.44,1.50,1.08,0,0,0,0,5.14,4.79,4.67,4.76,VMS 2,,Tanque,,2.22,2.10,1.98,1.50,2.26,2.92,3.01,3.04
31/08/2025 11:57 p. m.,Ordeño,05:17,9.79,1,,,,,0,,1.50,1.44,1.26,1.02,0,0,0,0,5.07,4.79,4.73,4.78,VMS 2,,Tanque,,1.98,1.98,1.68,1.62,2.08,2.51,2.49,2.71
01/09/2025 06:58 a. m.,Ordeño,05:26,11.43,2,,,,,0,,1.62,1.38,1.44,1.08,0,0,0,0,5.12,4.99,4.79,4.94,VMS 2,,Tanque,,2.16,1.80,1.98,1.56,2.39,2.94,3.06,3.04
01/09/2025 01:21 p. m.,Ordeño,04:51,10.31,3,,,,,0,,1.62,1.50,1.62,1.20,0,0,0,0,5.07,4.99,4.67,4.90,VMS 2,,Tanque,,2.28,1.92,1.98,1.68,2.22,2.59,2.74,2.76
02/09/2025 01:19 a. m.,Ordeño,06:38,18.79,1,,,,,0,,1.86,1.50,1.68,1.20,0,0,0,0,5.30,4.98,4.79,4.96,VMS 2,,Tanque,,2.94,2.16,2.28,1.62,3.91,4.85,4.91,5.12
02/09/2025 01:43 p. m.,Ordeño,06:43,19.29,2,,,,,0,,1.86,1.44,1.68,1.32,0,0,0,0,5.34,4.94,4.74,4.94,VMS 2,,Tanque,,2.52,2.28,2.16,1.86,4.08,4.88,5.08,5.25
04/09/2025 07:43 a. m.,Ordeño,04:09,8.55,2,,,,,0,,1.50,1.38,1.50,1.14,0,0,0,0,5.09,4.55,4.56,4.63,VMS 2,,Tanque,,2.04,2.04,2.04,1.56,1.83,2.21,2.29,2.22
04/09/2025 01:34 p. m.,Ordeño,04:10,8.42,3,,DD,,,0,,1.38,1.50,1.56,1.26,0,0,0,0,5.28,4.87,4.64,4.90,VMS 2,,Tanque,,1.98,2.10,1.98,1.74,1.81,2.08,2.29,2.24
04/09/2025 10:51 p. m.,Ordeño,06:00,15.08,4,,,,,0,,1.68,1.62,1.56,1.20,0,0,0,0,5.54,5.08,4.97,5.17,VMS 2,,Tanque,,2.22,2.34,2.04,1.98,3.09,3.90,3.97,4.12
05/09/2025 07:31 a. m.,Ordeño,05:28,15.59,1,,,,,0,,1.80,1.68,1.74,1.26,0,0,0,0,5.59,5.35,5.07,5.43,VMS 2,,Tanque,,2.22,2.22,2.10,1.62,3.21,4.00,4.19,4.19
05/09/2025 03:13 p. m.,Ordeño,05:23,12.33,2,,,,,0,,1.80,1.50,1.68,1.20,0,0,0,0,5.38,5.08,5.01,5.10,VMS 2,,Tanque,,2.40,2.10,2.22,1.56,2.65,3.07,3.34,3.27
06/09/2025 12:53 a. m.,Ordeño,05:33,14.71,1,,,,,0,,1.56,1.56,1.56,1.20,0,0,0,0,5.35,4.96,4.90,4.95,VMS 2,,Tanque,,2.10,2.46,1.98,1.62,3.05,3.63,4.07,3.96
06/09/2025 09:42 a. m.,Ordeño,05:27,13.80,2,,DD,,,0,,1.86,1.50,1.62,1.26,0,0,0,0,5.54,5.17,4.96,5.10,VMS 2,,Tanque,,2.64,2.58,2.04,1.74,2.87,3.29,3.81,3.83
06/09/2025 07:27 p. m.,Ordeño,05:37,15.12,3,,,,,0,,1.74,1.38,1.56,1.20,0,0,0,0,5.40,4.81,4.77,4.86,VMS 2,,Tanque,,2.52,2.10,1.98,1.62,3.04,4.03,3.97,4.08
08/09/2025 07:11 a. m.,Ordeño,04:23,9.35,2,,,,,0,,1.56,1.38,1.44,1.20,0,0,0,0,5.00,4.59,4.51,4.39,VMS 2,,Tanque,,2.04,2.04,1.92,1.68,1.97,2.32,2.50,2.56
08/09/2025 02:49 p. m.,Ordeño,04:43,10.65,3,,,,,0,,1.56,1.44,1.50,1.26,0,0,0,0,5.18,4.65,4.71,4.49,VMS 2,,Tanque,,2.04,1.98,1.92,1.56,2.18,2.68,2.92,2.87
09/09/2025 01:49 a. m.,Ordeño,06:24,16.86,1,,,,,0,,1.50,1.74,1.50,1.32,0,0,0,0,5.21,4.83,4.73,4.78,VMS 2,,Tanque,,2.04,2.40,1.92,1.86,3.59,4.16,4.35,4.76
09/09/2025 08:19 a. m.,Ordeño,04:45,10.75,2,,,,,0,,1.38,1.44,1.38,1.14,0,0,0,0,5.08,4.85,4.71,4.73,VMS 2,,Tanque,,1.92,1.98,1.80,1.80,2.27,2.73,2.92,2.83
09/09/2025 04:29 p. m.,Ordeño,07:17,13.04,3,,,,,0,,1.56,1.50,1.50,1.14,0,0,0,0,5.19,5.08,4.93,5.04,VMS 2,,Tanque,,2.04,1.98,1.92,1.74,2.81,3.34,3.29,3.60
10/09/2025 12:29 a. m.,Ordeño,06:00,14.24,1,,,,,0,,1.62,1.62,1.50,1.32,0,0,0,0,5.19,5.02,4.92,4.91,VMS 2,,Tanque,,2.22,2.28,1.98,1.92,2.85,3.66,3.79,3.94
10/09/2025 09:46 a. m.,Ordeño,06:05,14.97,2,,,,,0,,1.50,1.62,1.50,1.26,0,0,0,0,5.47,5.27,4.85,4.99,VMS 2,,Tanque,,2.10,2.40,1.98,1.86,3.21,3.70,3.88,4.18
10/09/2025 06:47 p. m.,Ordeño,05:19,11.11,3,,,,,0,,1.44,1.50,1.50,1.14,0,0,0,0,5.20,4.58,4.53,4.65,VMS 2,,Tanque,,1.92,2.10,1.92,1.92,2.30,2.70,2.95,3.16
13/09/2025 09:45 a. m.,Ordeño,04:57,11.21,2,,,,,0,,1.62,1.32,1.50,1.14,0,0,0,0,5.24,4.75,4.74,4.91,VMS 2,,Tanque,,2.22,2.10,2.04,1.74,2.21,3.13,3.28,2.59
13/09/2025 05:50 p. m.,Ordeño,05:08,12.18,3,,,,,0,,1.62,1.26,1.56,1.20,0,0,0,0,5.66,5.23,5.08,5.53,VMS 2,,Tanque,,2.16,1.74,2.04,1.62,2.47,3.28,3.42,3.01
14/09/2025 01:03 a. m.,Ordeño,05:14,11.68,1,,,,,0,,1.50,1.32,1.50,1.08,0,0,0,0,5.45,5.03,5.02,5.40,VMS 2,,Tanque,,2.10,2.04,1.92,1.56,2.46,3.05,3.18,2.99
14/09/2025 08:32 a. m.,Ordeño,05:25,12.94,2,,,,,0,,1.56,1.50,1.56,1.20,0,0,0,0,5.66,5.31,5.16,5.64,VMS 2,,Tanque,,1.92,2.04,1.98,1.68,2.60,3.43,3.48,3.43
14/09/2025 04:00 p. m.,Ordeño,04:47,11.75,3,,,,,0,,1.56,1.50,1.50,1.14,0,0,0,0,5.70,5.23,5.05,5.46,VMS 2,,Tanque,,2.22,2.22,1.80,1.56,2.51,2.95,3.26,3.03
15/09/2025 12:49 p. m.,Ordeño,04:47,5.91,2,,,,,0,,1.08,1.08,1.08,0.96,0,0,0,0,4.97,4.32,4.35,4.38,VMS 2,,Tanque,,1.86,1.80,1.98,1.56,1.31,1.45,1.62,1.53
15/09/2025 06:18 p. m.,Ordeño,04:26,5.48,3,,,,,0,,1.20,1.14,1.20,0.96,0,0,0,0,5.08,4.46,4.62,4.46,VMS 2,,Tanque,,1.68,1.68,1.74,1.32,1.21,1.37,1.47,1.43
18/09/2025 03:56 a. m.,Ordeño,05:47,15.44,1,,,,,0,,1.50,1.32,1.56,1.32,0,0,0,0,5.43,5.00,4.86,5.07,VMS 2,,Tanque,,1.98,1.80,1.98,1.74,3.26,3.86,4.17,4.15
18/09/2025 01:04 p. m.,Ordeño,05:19,14.80,2,,,,,0,,1.68,1.44,1.68,1.32,0,0,0,0,5.30,4.88,4.86,5.06,VMS 2,,Tanque,,2.40,1.92,2.10,1.68,3.13,3.75,3.96,3.96
18/09/2025 11:48 p. m.,Ordeño,06:11,15.22,3,,,,,0,,1.50,1.44,1.50,1.08,0,0,0,0,4.87,4.86,4.66,4.77,VMS 2,,Tanque,,2.28,2.04,2.04,1.50,3.17,3.85,4.04,4.16
19/09/2025 06:45 a. m.,Ordeño,05:51,8.54,1,,,TD,,0,,1.44,1.32,1.44,0.72,0,0,0,0,5.12,4.87,4.78,5.09,VMS 2,,Tanque,,2.04,1.92,2.10,1.20,2.30,2.90,2.95,0.39
19/09/2025 01:30 p. m.,Ordeño,06:38,13.81,2,,,,,0,,1.62,1.32,1.56,1.26,0,0,0,0,5.36,5.07,4.99,5.09,VMS 2,,Tanque,,2.34,2.04,1.86,1.68,2.47,3.06,3.03,5.25
20/09/2025 12:57 a. m.,Ordeño,05:49,17.52,1,,,,,0,,1.50,1.62,1.62,1.26,0,0,0,0,5.31,5.19,4.93,4.99,VMS 2,,Tanque,,2.04,2.40,2.04,1.68,3.81,4.40,4.77,4.54
20/09/2025 12:28 p. m.,Ordeño,05:54,17.08,2,,,,,0,,1.62,1.56,1.68,1.20,0,0,0,0,5.32,4.91,4.72,4.95,VMS 2,,Tanque,,2.28,2.16,2.22,1.68,3.62,4.24,4.91,4.31
20/09/2025 11:07 p. m.,Ordeño,05:37,13.46,3,,,,,0,,1.44,1.38,1.50,1.14,0,0,0,0,5.06,4.70,4.59,4.68,VMS 2,,Tanque,,1.92,2.10,2.04,1.56,2.67,3.46,3.62,3.71
21/09/2025 06:06 a. m.,Ordeño,04:31,9.39,1,,,,,0,,1.32,1.44,1.38,1.14,0,0,0,0,4.90,4.59,4.59,4.68,VMS 2,,Tanque,,1.86,2.22,1.74,1.68,1.94,2.33,2.42,2.70
21/09/2025 12:42 p. m.,Ordeño,05:34,10.36,2,,,,,0,,1.32,1.50,1.38,1.08,0,0,0,0,5.16,4.74,4.65,4.88,VMS 2,,Tanque,,2.10,1.98,1.86,1.74,2.09,2.67,2.71,2.89
21/09/2025 09:49 p. m.,Ordeño,05:36,13.57,3,,,,,0,,1.38,1.50,1.44,1.20,0,0,0,0,5.24,4.99,4.80,5.01,VMS 2,,Tanque,,2.04,2.16,1.92,1.62,2.74,3.34,3.67,3.82
22/09/2025 07:21 a. m.,Ordeño,05:06,14.79,1,,,,,0,,1.56,1.62,1.62,1.32,0,0,0,0,5.38,4.95,4.67,5.04,VMS 2,,Tanque,,2.22,2.40,2.28,1.74,3.10,3.65,4.06,3.98
22/09/2025 01:26 p. m.,Ordeño,04:05,9.24,2,,,,,0,,1.50,1.44,1.56,1.26,0,0,0,0,5.31,4.89,4.67,4.96,VMS 2,,Tanque,,1.98,1.98,1.92,1.74,1.83,2.34,2.51,2.56
22/09/2025 10:03 p. m.,Ordeño,04:54,12.40,3,,,,,0,,1.50,1.56,1.50,1.26,0,0,0,0,5.26,4.85,4.79,4.87,VMS 2,,Tanque,,1.98,2.10,1.92,1.86,2.52,3.00,3.40,3.48
23/09/2025 06:34 a. m.,Ordeño,05:04,12.37,1,,,,,0,,1.56,1.56,1.50,1.20,0,0,0,0,5.45,4.84,4.65,4.90,VMS 2,,Tanque,,2.28,2.16,1.98,1.62,2.52,3.12,3.33,3.40
23/09/2025 04:42 p. m.,Ordeño,05:22,14.56,2,,,,,0,,1.74,1.50,1.62,1.26,0,0,0,0,5.33,4.95,4.86,5.03,VMS 2,,Tanque,,2.46,2.28,2.22,1.68,2.91,3.76,3.91,3.98
24/09/2025 12:35 a. m.,Ordeño,04:46,9.82,1,,,,,0,,1.44,1.44,1.50,1.08,0,0,0,0,5.19,4.61,4.53,4.70,VMS 2,,Tanque,,2.04,1.98,1.86,1.56,2.04,2.48,2.60,2.70
24/09/2025 09:45 a. m.,Ordeño,05:48,14.00,2,,TD,,,0,,1.80,1.56,1.74,1.26,0,0,0,0,5.29,4.99,4.91,4.53,VMS 2,,Tanque,,2.46,2.16,2.34,1.68,2.88,3.60,3.77,3.75
24/09/2025 09:30 p. m.,Ordeño,29:40,14.42,3,,TD,TD,,0,,1.62,1.50,1.80,0.36,0,0,0,0,5.16,5.05,4.70,2.88,VMS 2,,Tanque,,2.40,1.98,2.28,0.72,3.91,4.74,5.19,0.58
25/09/2025 05:28 a. m.,Ordeño,07:00,13.54,1,,,,,0,TD,1.56,1.38,1.62,1.32,0,0,0,0,5.24,4.91,4.68,5.53,VMS 2,,Tanque,,2.10,1.92,2.16,1.62,2.13,2.51,2.62,6.28
26/09/2025 05:36 p. m.,Ordeño,04:50,8.41,2,,,,,0,DI,1.50,1.32,1.68,1.08,0,0,0,0,5.30,4.69,4.64,4.54,VMS 2,,Tanque,,2.04,1.80,2.10,1.56,1.98,2.37,2.37,1.69
27/09/2025 12:33 a. m.,Ordeño,05:03,6.06,1,,,,,0,,1.26,0.96,1.08,0.72,0,0,0,0,5.15,4.69,4.70,4.69,VMS 2,,Tanque,,1.86,1.56,1.80,1.38,1.40,1.66,1.76,1.24
27/09/2025 09:34 a. m.,Ordeño,04:32,8.10,2,,,,,0,DI,1.62,1.26,1.68,1.32,0,0,0,0,5.28,4.73,4.36,4.59,VMS 2,,Tanque,,2.16,2.04,2.10,1.80,1.87,2.00,2.30,1.93
28/09/2025 03:23 a. m.,Ordeño,04:34,12.42,1,,,,,0,,1.56,1.56,1.56,1.32,0,0,0,0,5.23,4.85,4.65,4.97,VMS 2,,Tanque,,2.10,2.16,1.92,1.74,2.58,3.04,3.48,3.32
28/09/2025 01:02 p. m.,Ordeño,05:16,14.01,2,,,,,0,,1.68,1.44,1.50,1.44,0,0,0,0,5.58,5.13,4.82,5.10,VMS 2,,Tanque,,2.10,2.04,2.04,1.86,2.86,3.68,3.74,3.73
28/09/2025 11:01 p. m.,Ordeño,05:29,16.43,3,,,,,0,,1.62,1.50,1.50,1.32,0,0,0,0,5.42,5.27,4.83,5.25,VMS 2,,Tanque,,2.10,2.10,2.04,1.74,3.44,4.08,4.48,4.43
29/09/2025 07:07 a. m.,Ordeño,04:52,13.48,1,,,,,0,,1.56,1.38,1.44,1.32,0,0,0,0,5.42,5.27,4.97,5.38,VMS 2,,Tanque,,2.04,2.10,1.86,1.68,2.75,3.40,3.73,3.60
29/09/2025 03:21 p. m.,Ordeño,05:10,12.77,2,,,,,0,,1.56,1.38,1.38,1.26,0,0,0,0,5.63,5.42,5.05,5.41,VMS 2,,Tanque,,2.16,2.16,1.92,1.86,2.41,3.25,3.53,3.58
29/09/2025 11:37 p. m.,Ordeño,04:51,10.28,3,,,,,0,,1.38,1.44,1.32,1.32,0,0,0,0,5.44,4.99,4.70,4.97,VMS 2,,Tanque,,1.92,2.10,1.74,1.62,1.88,2.59,2.79,3.02
30/09/2025 08:30 a. m.,Ordeño,04:53,7.57,1,,DI,DI,,0,,1.08,1.26,1.20,1.08,0,0,0,0,4.82,4.46,4.26,4.40,VMS 2,,Tanque,,2.04,1.74,1.74,1.62,0.33,2.31,2.39,2.54
06/10/2025 11:17 p. m.,Ordeño,05:00,2.61,2,,,Todos,,0,DI,0.54,0.36,0.36,0.42,0,0,0,0,4.31,3.78,2.81,3.66,VMS 2,,Tanque,,1.32,0.84,0.84,0.96,0.67,0.58,0.65,0.71
07/10/2025 04:45 a. m.,Ordeño,04:49,3.24,1,,,Todos,,0,,0.60,0.72,0.60,0.60,0,0,0,0,3.98,4.04,4.19,3.93,VMS 2,,Tanque,,1.32,1.32,1.32,1.08,0.52,1.01,0.85,0.86
07/10/2025 09:51 a. m.,Ordeño,04:27,4.93,2,,,,,0,,1.02,0.96,1.14,0.90,0,0,0,0,5.06,4.71,4.78,4.68,VMS 2,,Tanque,,1.62,1.38,1.62,1.32,0.86,1.32,1.36,1.39
07/10/2025 10:24 p. m.,Ordeño,06:07,16.10,3,,,,,0,,1.50,1.32,1.38,1.20,0,0,0,0,5.79,5.52,5.19,5.61,VMS 2,,Tanque,,2.10,1.92,1.86,1.50,2.88,4.24,4.40,4.58
08/10/2025 10:11 p. m.,Ordeño,05:09,14.31,2,,,,,0,,1.50,1.68,1.44,1.38,0,0,0,0,5.38,5.12,4.83,5.16,VMS 2,,Tanque,,2.16,2.28,1.92,1.86,2.72,3.61,3.88,4.10
09/10/2025 12:37 p. m.,Ordeño,06:18,20.92,1,,,,,0,,1.56,1.74,1.80,1.50,0,0,0,0,5.67,5.29,4.97,5.31,VMS 2,,Tanque,,2.10,2.52,2.34,1.86,4.17,5.45,5.36,5.94
09/10/2025 11:38 p. m.,Ordeño,04:59,13.97,2,,,,,0,,1.62,1.56,1.74,1.32,0,0,0,0,5.19,5.01,4.57,4.93,VMS 2,,Tanque,,2.40,2.22,2.34,1.80,2.68,3.40,4.06,3.83
10/10/2025 11:02 a. m.,Ordeño,05:25,17.04,1,,,,,0,,1.74,1.80,1.68,1.44,0,0,0,0,5.50,5.15,4.90,5.28,VMS 2,,Tanque,,2.28,2.52,2.16,1.92,3.29,4.25,4.69,4.81
11/10/2025 01:21 a. m.,Ordeño,06:03,18.98,1,,,,,0,,1.92,1.86,1.68,1.32,0,0,0,0,5.43,4.88,4.77,5.02,VMS 2,,Tanque,,2.76,2.46,2.16,1.86,3.61,4.80,5.32,5.25
12/10/2025 10:45 a. m.,Ordeño,05:57,15.46,1,,,,,0,,1.68,1.68,1.74,1.38,0,0,0,0,5.44,5.03,4.84,5.05,VMS 2,,Tanque,,2.46,2.22,2.46,1.92,2.35,3.84,4.93,4.34
12/10/2025 10:23 p. m.,Ordeño,05:30,15.35,2,,DD,,,0,,1.56,1.68,1.56,1.38,0,0,0,0,5.45,5.10,4.86,5.03,VMS 2,,Tanque,,2.10,2.46,2.16,1.80,2.72,3.85,4.24,4.54
14/10/2025 12:16 p. m.,Ordeño,04:53,12.46,2,,,,,0,,1.56,1.74,1.68,1.38,0,0,0,0,5.48,5.16,5.05,5.08,VMS 2,,Tanque,,2.28,2.40,2.10,1.86,1.79,3.36,3.53,3.78
18/10/2025 09:50 a. m.,Ordeño,04:49,10.89,2,,,,,0,,1.74,1.62,1.68,1.20,0,0,0,0,5.35,4.90,4.76,4.89,VMS 2,,Tanque,,2.34,2.10,2.16,1.62,2.08,2.75,3.09,2.97
18/10/2025 06:48 p. m.,Ordeño,05:08,11.67,3,,,,,0,,1.56,1.86,1.68,1.26,0,0,0,0,5.43,4.95,4.76,5.02,VMS 2,,Tanque,,2.10,2.64,2.22,1.68,2.07,2.91,3.32,3.37
06/02/2025 03:00 a. m.,Rechazada,00:00,,,,,,,,,,,,,,,,,,,,,VMS 3,,,,,,,,,,,
21/02/2025 10:17 a. m.,Rechazada,00:00,,,,,,,,,,,,,,,,,,,,,VMS 3,,,,,,,,,,,
22/02/2025 07:26 a. m.,Echada sin ordeñar,06:28,,,,,,,,,,,,,,,,,,,,,VMS 3,,,,,,,,,,,
22/02/2025 07:33 a. m.,Rechazada,00:00,,,,,,,,,,,,,,,,,,,,,VMS 3,,,,,,,,,,,
23/02/2025 06:47 a. m.,Rechazada,00:00,,,,,,,,,,,,,,,,,,,,,VMS 3,,,,,,,,,,,
08/03/2025 02:29 p. m.,Rechazada,00:00,,,,,,,,,,,,,,,,,,,,,VMS 2,,,,,,,,,,,
12/03/2025 03:41 a. m.,Echada sin ordeñar,17:56,,,,,,,,,,,,,,,,,,,,,VMS 2,,,,,,,,,,,
17/03/2025 08:05 a. m.,Rechazada,00:00,,,,,,,,,,,,,,,,,,,,,VMS 2,,,,,,,,,,,
20/03/2025 11:43 a. m.,Rechazada,00:00,,,,,,,,,,,,,,,,,,,,,VMS 2,,,,,,,,,,,
03/04/2025 05:34 p. m.,Rechazada,00:00,,,,,,,,,,,,,,,,,,,,,VMS 2,,,,,,,,,,,
11/04/2025 07:49 a. m.,Rechazada,00:00,,,,,,,,,,,,,,,,,,,,,VMS 2,,,,,,,,,,,
15/04/2025 12:17 a. m.,Rechazada,00:00,,,,,,,,,,,,,,,,,,,,,VMS 2,,,,,,,,,,,
15/04/2025 06:57 p. m.,Rechazada,00:00,,,,,,,,,,,,,,,,,,,,,VMS 2,,,,,,,,,,,
19/04/2025 07:05 a. m.,Rechazada,00:00,,,,,,,,,,,,,,,,,,,,,VMS 2,,,,,,,,,,,
24/04/2025 06:37 a. m.,Rechazada,00:00,,,,,,,,,,,,,,,,,,,,,VMS 2,,,,,,,,,,,
26/04/2025 04:09 p. m.,Rechazada,00:00,,,,,,,,,,,,,,,,,,,,,VMS 2,,,,,,,,,,,
04/05/2025 10:46 a. m.,Rechazada,00:00,,,,,,,,,,,,,,,,,,,,,VMS 2,,,,,,,,,,,
04/05/2025 08:11 p. m.,Rechazada,00:00,,,,,,,,,,,,,,,,,,,,,VMS 2,,,,,,,,,,,
05/05/2025 06:39 a. m.,Rechazada,00:00,,,,,,,,,,,,,,,,,,,,,VMS 2,,,,,,,,,,,
05/05/2025 10:39 p. m.,Rechazada,00:00,,,,,,,,,,,,,,,,,,,,,VMS 2,,,,,,,,,,,
11/05/2025 05:52 a. m.,Rechazada,00:00,,,,,,,,,,,,,,,,,,,,,VMS 2,,,,,,,,,,,
11/05/2025 03:20 p. m.,Rechazada,00:00,,,,,,,,,,,,,,,,,,,,,VMS 2,,,,,,,,,,,
12/05/2025 06:29 a. m.,Rechazada,00:00,,,,,,,,,,,,,,,,,,,,,VMS 2,,,,,,,,,,,
15/05/2025 11:16 a. m.,Rechazada,00:00,,,,,,,,,,,,,,,,,,,,,VMS 2,,,,,,,,,,,
16/05/2025 04:18 p. m.,Rechazada,00:00,,,,,,,,,,,,,,,,,,,,,VMS 2,,,,,,,,,,,
17/05/2025 09:14 a. m.,Rechazada,00:00,,,,,,,,,,,,,,,,,,,,,VMS 2,,,,,,,,,,,
18/05/2025 12:33 p. m.,Rechazada,00:00,,,,,,,,,,,,,,,,,,,,,VMS 2,,,,,,,,,,,
22/05/2025 08:37 a. m.,Rechazada,00:00,,,,,,,,,,,,,,,,,,,,,VMS 2,,,,,,,,,,,
23/05/2025 11:44 p. m.,Rechazada,00:00,,,,,,,,,,,,,,,,,,,,,VMS 2,,,,,,,,,,,
24/05/2025 12:15 p. m.,Rechazada,00:00,,,,,,,,,,,,,,,,,,,,,VMS 2,,,,,,,,,,,
25/05/2025 07:00 a. m.,Rechazada,00:00,,,,,,,,,,,,,,,,,,,,,VMS 2,,,,,,,,,,,
26/05/2025 02:33 a. m.,Rechazada,00:00,,,,,,,,,,,,,,,,,,,,,VMS 2,,,,,,,,,,,
28/05/2025 04:29 a. m.,Echada sin ordeñar,00:19,,,,,,,,,,,,,,,,,,,,,VMS 2,,,,,,,,,,,
28/05/2025 03:38 p. m.,Rechazada,00:00,,,,,,,,,,,,,,,,,,,,,VMS 2,,,,,,,,,,,
30/05/2025 09:05 a. m.,Rechazada,00:00,,,,,,,,,,,,,,,,,,,,,VMS 2,,,,,,,,,,,
31/05/2025 12:42 p. m.,Rechazada,00:00,,,,,,,,,,,,,,,,,,,,,VMS 2,,,,,,,,,,,
03/06/2025 03:44 a. m.,Rechazada,00:00,,,,,,,,,,,,,,,,,,,,,VMS 2,,,,,,,,,,,
03/06/2025 11:06 p. m.,Rechazada,00:00,,,,,,,,,,,,,,,,,,,,,VMS 2,,,,,,,,,,,
05/06/2025 12:27 a. m.,Rechazada,00:00,,,,,,,,,,,,,,,,,,,,,VMS 2,,,,,,,,,,,
05/06/2025 10:33 a. m.,Rechazada,00:00,,,,,,,,,,,,,,,,,,,,,VMS 2,,,,,,,,,,,
05/06/2025 06:20 p. m.,Rechazada,00:00,,,,,,,,,,,,,,,,,,,,,VMS 2,,,,,,,,,,,
06/06/2025 03:26 a. m.,Rechazada,00:00,,,,,,,,,,,,,,,,,,,,,VMS 2,,,,,,,,,,,
06/06/2025 09:47 a. m.,Rechazada,00:00,,,,,,,,,,,,,,,,,,,,,VMS 2,,,,,,,,,,,
06/06/2025 05:41 p. m.,Rechazada,00:00,,,,,,,,,,,,,,,,,,,,,VMS 2,,,,,,,,,,,
07/06/2025 03:57 p. m.,Rechazada,00:00,,,,,,,,,,,,,,,,,,,,,VMS 2,,,,,,,,,,,
09/06/2025 12:55 p. m.,Rechazada,00:00,,,,,,,,,,,,,,,,,,,,,VMS 2,,,,,,,,,,,
09/06/2025 11:31 p. m.,Rechazada,00:00,,,,,,,,,,,,,,,,,,,,,VMS 2,,,,,,,,,,,
10/06/2025 12:34 p. m.,Rechazada,00:00,,,,,,,,,,,,,,,,,,,,,VMS 2,,,,,,,,,,,
11/06/2025 12:02 p. m.,Rechazada,00:00,,,,,,,,,,,,,,,,,,,,,VMS 2,,,,,,,,,,,
11/06/2025 06:30 p. m.,Rechazada,00:00,,,,,,,,,,,,,,,,,,,,,VMS 2,,,,,,,,,,,
12/06/2025 12:16 a. m.,Rechazada,00:00,,,,,,,,,,,,,,,,,,,,,VMS 2,,,,,,,,,,,
12/06/2025 12:50 p. m.,Rechazada,00:00,,,,,,,,,,,,,,,,,,,,,VMS 2,,,,,,,,,,,
12/06/2025 06:27 p. m.,Rechazada,00:00,,,,,,,,,,,,,,,,,,,,,VMS 2,,,,,,,,,,,
13/06/2025 05:52 a. m.,Rechazada,00:00,,,,,,,,,,,,,,,,,,,,,VMS 2,,,,,,,,,,,
13/06/2025 06:04 a. m.,Rechazada,00:00,,,,,,,,,,,,,,,,,,,,,VMS 2,,,,,,,,,,,
13/06/2025 06:05 a. m.,Rechazada,00:00,,,,,,,,,,,,,,,,,,,,,VMS 2,,,,,,,,,,,
16/06/2025 09:16 a. m.,Rechazada,00:00,,,,,,,,,,,,,,,,,,,,,VMS 2,,,,,,,,,,,
17/06/2025 05:36 a. m.,Rechazada,00:00,,,,,,,,,,,,,,,,,,,,,VMS 2,,,,,,,,,,,
17/06/2025 05:36 a. m.,Rechazada,00:00,,,,,,,,,,,,,,,,,,,,,VMS 2,,,,,,,,,,,
17/06/2025 04:21 p. m.,Rechazada,00:00,,,,,,,,,,,,,,,,,,,,,VMS 2,,,,,,,,,,,
18/06/2025 08:03 p. m.,Rechazada,00:00,,,,,,,,,,,,,,,,,,,,,VMS 2,,,,,,,,,,,
20/06/2025 06:59 p. m.,Rechazada,00:00,,,,,,,,,,,,,,,,,,,,,VMS 2,,,,,,,,,,,
23/06/2025 07:01 a. m.,Rechazada,00:00,,,,,,,,,,,,,,,,,,,,,VMS 2,,,,,,,,,,,
25/06/2025 07:29 a. m.,Rechazada,00:00,,,,,,,,,,,,,,,,,,,,,VMS 2,,,,,,,,,,,
25/06/2025 09:38 p. m.,Rechazada,00:00,,,,,,,,,,,,,,,,,,,,,VMS 2,,,,,,,,,,,
29/06/2025 07:24 a. m.,Rechazada,00:00,,,,,,,,,,,,,,,,,,,,,VMS 2,,,,,,,,,,,
04/07/2025 03:52 a. m.,Rechazada,00:00,,,,,,,,,,,,,,,,,,,,,VMS 2,,,,,,,,,,,
05/07/2025 04:28 p. m.,Rechazada,00:00,,,,,,,,,,,,,,,,,,,,,VMS 2,,,,,,,,,,,
08/07/2025 03:54 p. m.,Rechazada,00:00,,,,,,,,,,,,,,,,,,,,,VMS 2,,,,,,,,,,,
08/07/2025 06:33 p. m.,Rechazada,00:00,,,,,,,,,,,,,,,,,,,,,VMS 2,,,,,,,,,,,
10/07/2025 07:03 a. m.,Rechazada,00:00,,,,,,,,,,,,,,,,,,,,,VMS 2,,,,,,,,,,,
10/07/2025 01:17 p. m.,Rechazada,00:00,,,,,,,,,,,,,,,,,,,,,VMS 2,,,,,,,,,,,
12/07/2025 08:04 a. m.,Rechazada,00:00,,,,,,,,,,,,,,,,,,,,,VMS 2,,,,,,,,,,,
18/07/2025 07:09 a. m.,Rechazada,00:00,,,,,,,,,,,,,,,,,,,,,VMS 2,,,,,,,,,,,
18/07/2025 03:18 p. m.,Rechazada,00:00,,,,,,,,,,,,,,,,,,,,,VMS 2,,,,,,,,,,,
20/07/2025 10:12 p. m.,Rechazada,00:00,,,,,,,,,,,,,,,,,,,,,VMS 2,,,,,,,,,,,
21/07/2025 06:28 a. m.,Rechazada,00:00,,,,,,,,,,,,,,,,,,,,,VMS 2,,,,,,,,,,,
25/07/2025 11:39 a. m.,Rechazada,00:00,,,,,,,,,,,,,,,,,,,,,VMS 2,,,,,,,,,,,
31/07/2025 11:17 a. m.,Rechazada,00:00,,,,,,,,,,,,,,,,,,,,,VMS 2,,,,,,,,,,,
31/07/2025 10:46 p. m.,Rechazada,00:00,,,,,,,,,,,,,,,,,,,,,VMS 2,,,,,,,,,,,
01/08/2025 05:31 p. m.,Rechazada,00:00,,,,,,,,,,,,,,,,,,,,,VMS 2,,,,,,,,,,,
01/08/2025 10:10 p. m.,Rechazada,00:00,,,,,,,,,,,,,,,,,,,,,VMS 2,,,,,,,,,,,
05/08/2025 10:47 a. m.,Rechazada,00:00,,,,,,,,,,,,,,,,,,,,,VMS 2,,,,,,,,,,,
09/08/2025 06:49 a. m.,Rechazada,00:00,,,,,,,,,,,,,,,,,,,,,VMS 2,,,,,,,,,,,
13/08/2025 09:19 a. m.,Rechazada,00:00,,,,,,,,,,,,,,,,,,,,,VMS 2,,,,,,,,,,,
14/08/2025 03:01 p. m.,Rechazada,00:00,,,,,,,,,,,,,,,,,,,,,VMS 2,,,,,,,,,,,
15/08/2025 02:49 p. m.,Rechazada,00:00,,,,,,,,,,,,,,,,,,,,,VMS 2,,,,,,,,,,,
16/08/2025 06:17 a. m.,Rechazada,00:00,,,,,,,,,,,,,,,,,,,,,VMS 2,,,,,,,,,,,
22/08/2025 03:26 p. m.,Rechazada,00:00,,,,,,,,,,,,,,,,,,,,,VMS 2,,,,,,,,,,,
23/08/2025 12:06 a. m.,Rechazada,00:00,,,,,,,,,,,,,,,,,,,,,VMS 2,,,,,,,,,,,
26/08/2025 03:10 a. m.,Rechazada,00:00,,,,,,,,,,,,,,,,,,,,,VMS 2,,,,,,,,,,,
26/08/2025 02:59 p. m.,Rechazada,00:00,,,,,,,,,,,,,,,,,,,,,VMS 2,,,,,,,,,,,
29/08/2025 10:34 a. m.,Rechazada,00:00,,,,,,,,,,,,,,,,,,,,,VMS 2,,,,,,,,,,,
30/08/2025 04:10 p. m.,Rechazada,00:00,,,,,,,,,,,,,,,,,,,,,VMS 2,,,,,,,,,,,
01/09/2025 05:52 p. m.,Rechazada,00:00,,,,,,,,,,,,,,,,,,,,,VMS 2,,,,,,,,,,,
05/09/2025 07:37 a. m.,Rechazada,00:00,,,,,,,,,,,,,,,,,,,,,VMS 2,,,,,,,,,,,
09/09/2025 01:56 a. m.,Rechazada,00:00,,,,,,,,,,,,,,,,,,,,,VMS 2,,,,,,,,,,,
09/09/2025 08:25 a. m.,Rechazada,00:00,,,,,,,,,,,,,,,,,,,,,VMS 2,,,,,,,,,,,
10/09/2025 12:35 a. m.,Rechazada,00:00,,,,,,,,,,,,,,,,,,,,,VMS 2,,,,,,,,,,,
13/09/2025 01:43 a. m.,Rechazada,00:00,,,,,,,,,,,,,,,,,,,,,VMS 2,,,,,,,,,,,
14/09/2025 01:09 a. m.,Rechazada,00:00,,,,,,,,,,,,,,,,,,,,,VMS 2,,,,,,,,,,,
14/09/2025 08:38 a. m.,Rechazada,00:00,,,,,,,,,,,,,,,,,,,,,VMS 2,,,,,,,,,,,
16/09/2025 12:50 p. m.,Rechazada,00:00,,,,,,,,,,,,,,,,,,,,,VMS 2,,,,,,,,,,,
17/09/2025 01:56 p. m.,Rechazada,00:00,,,,,,,,,,,,,,,,,,,,,VMS 2,,,,,,,,,,,
17/09/2025 06:38 p. m.,Rechazada,00:00,,,,,,,,,,,,,,,,,,,,,VMS 2,,,,,,,,,,,
18/09/2025 08:41 a. m.,Rechazada,00:00,,,,,,,,,,,,,,,,,,,,,VMS 2,,,,,,,,,,,
18/09/2025 02:27 p. m.,Rechazada,00:00,,,,,,,,,,,,,,,,,,,,,VMS 2,,,,,,,,,,,
18/09/2025 11:55 p. m.,Rechazada,00:00,,,,,,,,,,,,,,,,,,,,,VMS 2,,,,,,,,,,,
25/09/2025 12:04 p. m.,Rechazada,00:00,,,,,,,,,,,,,,,,,,,,,VMS 2,,,,,,,,,,,
26/09/2025 09:57 p. m.,Rechazada,00:00,,,,,,,,,,,,,,,,,,,,,VMS 2,,,,,,,,,,,
27/09/2025 09:39 a. m.,Rechazada,00:00,,,,,,,,,,,,,,,,,,,,,VMS 2,,,,,,,,,,,
27/09/2025 10:25 p. m.,Rechazada,00:00,,,,,,,,,,,,,,,,,,,,,VMS 2,,,,,,,,,,,
29/09/2025 03:27 p. m.,Rechazada,00:00,,,,,,,,,,,,,,,,,,,,,VMS 2,,,,,,,,,,,
03/10/2025 08:44 a. m.,Rechazada,00:00,,,,,,,,,,,,,,,,,,,,,VMS 2,,,,,,,,,,,
14/10/2025 07:02 p. m.,Rechazada,00:00,,,,,,,,,,,,,,,,,,,,,VMS 2,,,,,,,,,,,
19/10/2025 11:21 a. m.,Rechazada,00:00,,,,,,,,,,,,,,,,,,,,,VMS 2,,,,,,,,,,,
