Main,,,,Estado,,,,,Estado AMD,,Media de los flujos (kg/min),,,,Sangre (ppm),,,,Conductividad (mS / cm),,,,Misc,,,,Flujos máximos (kg/min),,,,Producciones (kg),,,
Hora de inicio,Acción,Duración (mm:ss),Producción (kg),Número de ordeño,RCS (* 1000 células / ml),Patada,Incompleto,Pezones no encontrados,Ubre,Pezón,DI,DD,TI,TD,DI,DD,TI,TD,DI,DD,TI,TD,EO/PO,Usuario,Destino Leche,Razón de la desviación,DI,DD,TI,TD,DI,DD,TI,TD
02/12/2023 01:38 a. m.,Ordeño,04:48,9.94,1,,,,,1,,1.38,1.50,1.14,1.02,3440,3206,970,2082,5.55,4.98,5.34,5.17,VMS 3,,Divert 3,,1.86,2.10,1.56,1.32,2.72,2.56,2.30,2.36
02/12/2023 05:55 p. m.,Ordeño,06:26,14.08,2,,,,,1,,1.44,1.50,1.14,1.02,1923,1800,373,982,5.36,4.94,4.96,5.04,VMS 3,,Divert 3,,2.04,2.28,1.62,1.38,3.43,3.49,3.55,3.61
03/12/2023 08:21 a. m.,Ordeño,05:10,13.03,1,,,,,1,,1.08,1.32,1.14,0.90,1425,1206,0,681,5.16,4.95,4.84,4.88,VMS 3,,Divert 3,,1.44,1.86,1.62,1.32,3.18,3.48,3.27,3.10
03/12/2023 11:07 p. m.,Ordeño,07:39,13.00,2,,,,,1,,1.32,1.32,1.14,0.84,1127,498,0,0,5.22,4.81,4.87,4.86,VMS 3,,Divert 3,,1.74,1.74,1.56,1.26,3.29,3.33,3.17,3.21
04/12/2023 05:55 p. m.,Ordeño,08:15,16.01,1,,,,,1,,1.20,1.20,1.02,0.84,1314,0,0,0,5.27,4.95,4.84,4.98,VMS 3,,Divert 3,,1.56,1.62,1.50,1.26,3.92,4.45,3.83,3.81
06/12/2023 11:50 a. m.,Ordeño,09:26,17.05,1,,,,,1,,1.20,1.20,1.14,0.72,3516,0,0,0,5.72,5.09,4.92,5.36,VMS 3,,Divert 3,Sangre por pezón por encima del umbral,1.68,1.56,1.44,1.50,4.29,4.79,3.73,4.24
11/12/2023 01:02 a. m.,Ordeño,08:30,18.66,1,,,,,1,,1.32,1.20,0.90,0.90,1097,0,0,0,4.93,4.72,5.04,5.01,VMS 3,,Divert 3,Sangre por pezón por encima del umbral,1.92,1.86,1.32,1.32,4.34,4.73,4.90,4.69
14/12/2023 01:57 p. m.,Ordeño,07:46,16.98,1,,,,,1,,1.26,1.26,0.90,0.84,993,0,0,0,5.00,4.82,4.64,4.70,VMS 3,,Tanque,,1.74,1.68,1.26,1.26,4.12,4.54,4.20,4.12
14/02/2024 05:19 a. m.,Ordeño,10:07,9.61,1,,,"DI,DD,TI",,1,DI,1.32,0.90,0.96,0.96,518,0,0,0,6.13,5.19,5.15,4.96,VMS 3,,Tanque,,2.16,1.62,1.56,1.50,2.32,1.96,2.59,2.74
15/02/2024 09:06 a. m.,Ordeño,20:28,2.83,1,,,Todos,TD,1,DI,1.02,1.08,0.60,0.00,0,701,0,0,6.54,4.18,4.02,0.00,VMS 3,,Tanque,,1.98,1.56,0.96,0.00,0.99,0.88,0.96,0.00
15/02/2024 09:52 p. m.,Ordeño,13:21,6.04,2,,TI,"DI,DD,TI",,1,"DI,TD",0.96,0.96,0.78,0.96,0,0,0,0,5.84,4.75,4.61,5.95,VMS 3,,Tanque,,1.68,1.38,1.14,1.26,0.97,1.20,1.65,2.22
16/02/2024 11:36 a. m.,Ordeño,08:48,8.60,1,,,"DD,TD",,1,,3.12,1.08,0.84,0.78,0,0,0,0,3.14,4.47,4.65,4.36,VMS 3,,Tanque,,1.06,1.56,1.20,1.32,2.71,2.03,2.07,1.79
17/02/2024 11:20 a. m.,Ordeño,11:42,7.86,2,,,DI,,1,TI,0.54,1.02,0.96,0.78,0,0,0,0,4.09,4.59,6.49,4.51,VMS 3,,Tanque,,1.08,1.44,1.44,1.26,0.30,1.56,4.42,1.58
17/02/2024 08:24 p. m.,Ordeño,11:55,7.00,3,,,DI,,1,DI,0.60,1.26,0.72,0.90,0,0,0,0,5.65,4.78,4.53,0.00,VMS 1,,Tanque,,1.08,1.68,1.14,1.38,0.48,2.38,1.64,2.50
18/02/2024 05:31 p. m.,Ordeño,14:34,12.00,3,,TD,,,1,TI,0.66,1.20,1.02,1.20,0,0,0,0,5.05,5.13,6.26,0.00,VMS 1,,Tanque,,1.20,1.62,1.50,1.68,0.51,4.11,3.83,3.55
20/02/2024 03:58 p. m.,Ordeño,16:35,15.88,1,,,,,1,,0.90,0.96,1.20,1.02,0,0,0,0,5.95,5.63,5.47,0.00,VMS 1,,Tanque,,1.44,1.38,1.56,1.56,2.43,3.43,5.64,4.38
01/03/2024 06:44 p. m.,Ordeño,09:10,19.18,2,,,,,1,,1.26,1.38,1.32,1.26,0,0,0,0,5.56,4.91,4.95,5.14,VMS 3,,Tanque,,1.74,2.04,1.92,2.04,3.17,5.44,5.57,5.00
02/03/2024 08:34 a. m.,Ordeño,08:06,19.81,1,,,,,1,,1.26,1.26,1.50,1.14,0,0,0,0,5.16,4.87,5.14,4.85,VMS 3,,Tanque,,1.68,1.80,1.92,1.56,5.65,5.72,2.99,5.45
04/03/2024 04:24 p. m.,Ordeño,13:36,19.02,2,,TD,,,1,DI,1.14,1.32,1.26,1.26,0,0,0,0,6.10,4.72,5.26,4.81,VMS 3,,Tanque,,1.80,1.74,1.68,1.80,3.52,4.55,6.27,4.68
08/03/2024 05:29 a. m.,Ordeño,13:46,16.53,1,,,,,1,,1.26,1.14,1.20,1.02,0,0,0,0,5.34,4.89,4.91,4.89,VMS 3,,Tanque,,1.56,1.56,1.68,1.44,2.95,4.93,4.63,4.02
30/03/2024 07:55 a. m.,Ordeño,13:35,20.00,1,,,,,1,,1.20,1.44,1.20,1.20,0,0,0,0,5.55,4.94,4.81,5.07,VMS 2,,Tanque,,1.62,1.92,1.56,1.74,3.66,5.58,5.30,5.46
03/04/2024 07:45 a. m.,Ordeño,14:04,11.94,1,,TD,TI,TI,1,DI,1.14,1.32,0.00,0.96,0,0,0,0,6.10,4.84,0.00,4.52,VMS 2,,Tanque,,1.86,2.22,0.00,1.80,3.99,4.29,0.00,3.66
05/04/2024 10:52 a. m.,Ordeño,13:02,19.35,1,,,,,1,DI,1.26,1.44,1.32,1.14,0,0,0,0,5.75,4.88,5.05,4.89,VMS 2,,Tanque,,1.86,1.80,1.74,1.62,3.59,5.05,5.32,5.39
06/04/2024 06:36 p. m.,Ordeño,13:32,24.93,1,,TD,,,1,,1.32,1.50,1.26,1.20,0,0,0,0,5.45,4.98,4.88,5.32,VMS 2,,Tanque,,1.92,1.92,1.74,1.86,4.53,6.28,6.76,7.36
13/04/2024 06:14 p. m.,Ordeño,12:02,13.29,2,,"DI,TI",,,1,DI,1.50,1.20,1.26,1.08,0,0,0,0,6.33,4.86,4.88,4.50,VMS 2,,Tanque,,2.10,1.68,1.98,1.74,1.90,3.53,4.82,3.04
14/04/2024 02:43 a. m.,Ordeño,12:44,13.39,1,,DI,,,1,DI,1.32,1.14,1.14,1.08,0,0,0,0,6.17,4.94,4.89,5.04,VMS 2,,Tanque,,1.80,1.56,1.56,1.56,1.62,4.25,4.07,3.45
14/04/2024 08:26 a. m.,Ordeño,12:32,4.69,2,,TI,TD,TD,1,DI,1.14,1.08,1.14,0.00,0,0,0,0,6.67,5.15,4.81,0.00,VMS 2,,Tanque,,1.56,1.50,1.62,0.00,1.19,2.23,1.27,0.00
14/04/2024 06:29 p. m.,Ordeño,13:21,16.46,3,,,,,1,,1.08,1.26,1.20,1.14,0,0,0,0,5.55,4.78,4.88,5.16,VMS 2,,Tanque,,1.44,1.68,1.68,1.92,1.67,4.94,4.88,4.97
15/04/2024 06:07 a. m.,Ordeño,11:35,16.85,1,,,,,1,,1.14,1.26,1.32,1.14,0,0,0,0,5.23,4.63,4.70,4.74,VMS 2,,Tanque,,1.56,1.62,1.56,1.62,1.86,4.80,5.23,4.96
30/07/2024 03:46 p. m.,Ordeño,10:44,23.63,1,,TD,,,1,,1.62,0.96,1.62,1.44,0,0,0,0,5.29,5.37,5.19,5.65,VMS 3,,Tanque,,2.04,1.38,2.04,2.04,3.63,6.69,7.72,5.59
01/08/2024 11:22 p. m.,Ordeño,12:29,7.91,3,,TD,DI,DI,1,TD,0.00,0.48,1.44,1.26,0,0,0,0,0.00,5.13,5.12,7.17,VMS 3,,Tanque,,0.00,0.90,2.28,1.62,0.00,2.66,3.63,1.62
02/08/2024 06:00 a. m.,Ordeño,07:42,8.02,1,,,,,1,TD,1.08,0.54,1.14,1.14,0,0,0,0,5.21,5.25,4.78,9.45,VMS 3,,Tanque,,1.62,1.14,1.56,1.62,2.53,1.50,1.71,2.28
02/08/2024 06:29 p. m.,Ordeño,10:47,6.12,2,,"DD,TD","DD,TI,TD",,1,TD,1.08,0.66,1.14,1.14,0,0,0,0,4.72,5.21,4.87,8.44,VMS 3,,Tanque,,1.86,2.16,1.56,1.86,1.77,1.20,1.52,1.63
03/08/2024 12:11 a. m.,Ordeño,17:36,3.41,1,,,"DI,DD,TI",,1,TD,0.78,0.24,1.02,0.66,0,0,0,0,4.32,4.36,4.39,8.04,VMS 3,,Tanque,,1.38,0.78,1.44,1.74,0.40,0.29,1.00,1.72
03/08/2024 05:33 a. m.,Ordeño,08:08,3.75,2,,,"DD,TD",,1,"DD,TD",0.84,0.90,1.14,0.36,0,672,0,0,3.94,6.57,4.20,5.79,VMS 3,,Tanque,,1.44,1.44,1.50,0.90,0.68,0.75,1.68,0.64
03/08/2024 01:18 p. m.,Ordeño,16:24,4.51,3,,TI,"DD,TI,TD",,1,"DD,TD",1.14,0.48,1.14,1.14,0,0,0,0,4.51,6.15,4.56,7.57,VMS 3,,Tanque,,2.04,0.96,1.44,1.62,0.91,1.20,1.45,0.95
03/08/2024 08:21 p. m.,Ordeño,11:42,7.62,4,,,DD,,1,"DD,TD",1.08,0.48,1.32,1.02,0,0,0,0,5.01,6.03,5.11,8.31,VMS 3,,Tanque,,1.50,0.78,1.62,2.10,1.23,1.04,3.68,1.67
04/08/2024 08:02 a. m.,Ordeño,11:55,11.89,1,,DI,,,1,TD,1.32,0.42,1.44,1.50,0,0,0,0,4.34,4.04,4.38,8.31,VMS 3,,Tanque,,2.16,0.78,2.28,1.98,2.07,2.45,4.81,2.56
04/08/2024 10:20 p. m.,Ordeño,10:03,13.65,2,,,,,1,"DD,TD",1.14,0.54,1.44,0.84,0,375,0,389,4.18,6.84,4.75,8.51,VMS 3,,Tanque,,1.62,1.08,1.92,1.38,2.72,3.22,5.42,2.29
05/08/2024 08:04 a. m.,Ordeño,11:35,6.61,1,,,TD,,1,"DD,TD",1.20,0.54,1.26,1.20,0,0,0,684,3.68,5.89,4.07,7.84,VMS 3,,Tanque,,1.98,0.90,1.68,1.80,1.32,1.62,2.54,1.13
05/08/2024 05:36 p. m.,Ordeño,12:32,6.32,2,,DI,TD,TD,1,DD,1.14,0.60,1.26,0.00,0,0,0,0,4.07,6.18,4.40,0.00,VMS 3,,Drenaje,,1.62,1.08,1.68,0.00,1.48,1.66,3.18,0.00
06/08/2024 05:36 a. m.,Ordeño,10:47,9.54,1,,,,,1,"DD,TD",1.38,0.54,1.38,1.50,0,0,0,0,4.46,5.63,4.58,9.18,VMS 3,,Drenaje,,1.86,0.90,1.98,2.04,1.73,2.27,3.86,1.68
06/08/2024 03:20 p. m.,Ordeño,13:52,6.54,2,,,TD,,1,"DD,TD",1.26,0.54,1.44,1.14,0,0,0,400,4.58,5.68,4.61,8.04,VMS 3,,Drenaje,,2.40,0.90,1.86,1.80,1.49,1.78,2.85,0.42
07/08/2024 06:12 p. m.,Ordeño,10:56,9.95,2,,,,,1,TD,1.20,0.60,1.50,1.44,0,0,0,0,4.64,4.95,4.44,5.68,VMS 3,,Drenaje,,1.68,0.96,2.04,1.86,1.94,2.80,4.06,1.15
08/08/2024 02:25 a. m.,Ordeño,09:30,9.46,1,,,,,1,,1.20,0.60,1.38,1.50,0,0,0,0,4.86,5.07,4.76,5.47,VMS 3,,Drenaje,,1.62,0.90,1.80,1.98,1.83,2.80,3.57,1.26
08/08/2024 09:57 a. m.,Ordeño,09:49,7.85,2,,,,,1,TD,1.20,0.60,1.38,1.44,0,0,0,0,4.61,4.98,4.61,5.97,VMS 3,,Drenaje,,1.62,0.90,1.68,1.92,1.40,2.27,2.79,1.39
08/08/2024 08:25 p. m.,Ordeño,10:21,11.98,3,,,,,1,TD,1.26,0.66,1.26,1.56,0,0,0,0,4.83,5.00,4.75,5.53,VMS 3,,Drenaje,,1.68,1.02,1.68,2.10,2.12,3.60,4.38,1.88
09/08/2024 09:53 a. m.,Ordeño,11:44,15.96,1,,,,,1,TD,1.38,0.72,1.44,1.68,0,0,0,0,5.05,5.19,4.82,5.72,VMS 3,,Drenaje,,1.80,1.14,1.86,2.34,2.82,4.82,5.64,2.68
13/08/2024 09:43 a. m.,Ordeño,11:09,14.66,1,,TD,,DI,1,"DD,TI,TD",0.42,0.72,1.56,1.74,0,0,0,0,3.62,5.32,5.12,5.69,VMS 3,,Drenaje,,0.84,1.14,2.40,2.28,0.14,4.19,7.54,2.79
14/08/2024 09:18 p. m.,Ordeño,12:15,16.03,2,,DI,,,1,,1.26,0.78,1.32,1.44,0,0,0,0,5.20,5.52,4.86,5.66,VMS 3,,Drenaje,,1.68,1.32,1.74,1.86,3.19,5.07,4.64,3.13
15/08/2024 06:55 a. m.,Ordeño,09:38,14.13,1,,,,,1,,1.32,0.72,1.44,1.44,0,0,0,0,4.86,4.91,4.80,5.26,VMS 3,,Drenaje,,1.80,1.08,1.74,1.86,2.55,3.79,5.03,2.76
15/08/2024 06:22 p. m.,Ordeño,09:59,15.89,2,,,,,1,,1.38,0.66,1.44,1.50,0,0,0,0,5.08,5.18,4.95,5.36,VMS 3,,Drenaje,,1.86,1.02,1.92,1.80,2.78,4.14,5.48,3.49
17/08/2024 03:12 p. m.,Ordeño,11:37,14.66,2,,TI,,,1,,1.26,0.72,1.56,1.68,0,0,0,0,5.13,5.21,5.18,5.72,VMS 3,,Drenaje,,1.80,1.14,2.10,2.22,2.70,3.92,4.68,3.36
18/08/2024 06:45 p. m.,Ordeño,09:56,13.64,3,,,,,1,TD,1.26,0.72,1.44,1.68,0,0,0,0,4.76,4.86,4.86,5.88,VMS 3,,Drenaje,,1.62,1.20,1.86,2.16,2.17,3.36,4.30,3.81
19/08/2024 09:29 a. m.,Ordeño,13:11,20.83,1,,"DI,TD",,,1,,1.56,0.78,1.56,1.68,0,0,0,0,5.11,5.35,5.04,5.54,VMS 3,,Drenaje,,2.04,1.20,1.98,2.16,3.33,5.78,7.38,4.34
21/08/2024 06:42 a. m.,Ordeño,10:04,11.61,1,,"DI,TI",,,1,,1.08,0.72,1.32,1.44,0,0,0,0,4.81,4.84,4.86,5.06,VMS 3,,Drenaje,,1.80,1.14,1.62,1.98,2.21,3.85,2.44,3.11
21/08/2024 07:47 p. m.,Ordeño,12:48,19.32,2,,DI,,,1,,1.50,0.72,1.56,1.56,0,0,0,0,5.24,5.21,5.23,5.76,VMS 3,,Drenaje,,1.98,1.08,1.92,1.98,2.95,4.59,7.70,4.08
22/08/2024 09:36 a. m.,Ordeño,10:28,17.02,1,,,,,1,,1.38,0.78,1.44,1.56,0,0,0,0,4.80,4.74,4.68,5.02,VMS 3,,Drenaje,,1.80,1.20,1.92,2.16,2.97,4.83,5.24,3.98
23/08/2024 02:31 p. m.,Ordeño,13:19,22.48,1,,,,,1,,1.62,0.90,1.56,1.50,0,0,0,1000,5.59,5.39,5.19,5.39,VMS 3,,Drenaje,,2.16,1.38,1.92,1.92,4.08,6.06,6.96,5.38
31/08/2024 07:21 a. m.,Ordeño,12:04,22.28,1,,TD,,,1,,1.44,0.96,1.74,1.56,0,0,0,468,4.87,4.54,4.70,5.06,VMS 3,,Tanque,,1.86,1.50,2.10,2.04,4.09,6.37,6.54,5.28
31/08/2024 04:35 p. m.,Ordeño,09:11,11.30,2,,,,,1,,1.56,0.72,1.62,1.32,0,0,0,774,4.81,4.68,4.94,4.99,VMS 3,,Tanque,,2.04,1.20,2.10,1.74,2.14,2.86,3.80,2.50
01/09/2024 05:50 p. m.,Ordeño,12:14,17.20,2,,,,,1,TD,1.56,0.84,1.68,1.38,0,0,0,1078,4.62,4.58,4.71,5.39,VMS 3,,Divert 3,Sangre por pezón por encima del umbral,1.98,1.26,2.16,1.86,2.27,3.44,6.09,5.40
02/09/2024 10:52 p. m.,Ordeño,08:27,18.20,3,,,,,1,,1.50,0.96,1.74,1.38,0,0,0,664,5.00,4.79,4.85,5.06,VMS 3,,Tanque,,1.98,1.38,2.22,1.92,2.97,4.51,7.08,3.64
03/09/2024 01:17 p. m.,Ordeño,09:17,18.61,1,,,,,1,,1.62,1.02,1.74,1.56,0,0,0,475,5.08,4.79,4.97,5.26,VMS 3,,Tanque,,2.04,1.50,2.16,2.10,3.70,4.72,5.73,4.46
04/09/2024 06:29 p. m.,Ordeño,10:21,23.18,2,,,,,1,,1.68,1.02,1.74,1.44,0,0,0,0,5.19,5.02,4.96,5.46,VMS 3,,Tanque,,2.16,1.38,2.16,1.80,4.25,6.57,6.90,5.46
06/09/2024 08:35 p. m.,Ordeño,07:28,17.66,2,,,,,1,,1.62,1.02,1.80,1.62,0,0,0,0,4.89,4.99,5.02,5.27,VMS 3,,Tanque,,2.10,1.44,2.16,2.04,3.15,4.72,5.95,3.84
12/09/2024 08:21 a. m.,Ordeño,08:41,13.76,1,,,,,1,,1.62,0.84,1.56,1.38,0,0,0,0,4.62,4.54,4.79,5.08,VMS 3,,Tanque,,2.16,1.32,2.16,2.04,2.56,3.55,4.45,3.20
13/09/2024 05:20 p. m.,Ordeño,09:43,16.68,2,,,,,1,TD,1.56,0.96,1.74,1.56,0,0,0,0,4.57,4.31,4.70,5.79,VMS 3,,Tanque,,2.10,1.38,2.10,1.86,2.76,3.90,4.78,5.24
17/09/2024 12:04 a. m.,Ordeño,10:36,18.96,2,,,,,1,,1.62,0.90,1.86,1.44,0,0,0,0,4.82,4.73,4.93,5.02,VMS 3,,Tanque,,2.10,1.32,2.28,1.86,3.48,5.03,6.02,4.43
31/10/2024 09:03 a. m.,Ordeño,10:02,16.44,1,,,,,1,,1.56,1.14,1.56,1.44,0,0,0,0,4.70,4.61,5.01,4.58,VMS 3,,Tanque,,2.04,1.62,1.98,1.92,3.31,4.95,3.98,4.20
08/11/2024 12:02 a. m.,Ordeño,10:02,13.49,1,,,,,1,,1.50,1.14,1.50,1.26,0,0,0,0,4.58,4.55,4.81,4.62,VMS 3,,Tanque,,2.04,1.62,1.92,1.74,2.61,3.42,4.18,3.28
11/11/2024 03:58 a. m.,Ordeño,09:40,21.72,1,,,,,1,,2.04,1.26,1.68,1.62,0,0,0,0,4.41,4.38,4.84,4.74,VMS 3,,Tanque,,2.64,1.74,2.04,2.10,3.98,6.87,5.22,5.65
08/01/2025 11:12 a. m.,Ordeño,05:55,7.38,1,,,,,1,,1.62,1.62,1.38,1.20,687,1176,1187,0,5.57,5.42,5.31,4.60,VMS 2,,Divert 3,,2.34,2.28,1.98,1.68,1.89,1.83,1.73,1.93
20/03/2025 02:13 a. m.,Ordeño,07:09,19.03,1,,,,,1,,1.32,1.80,1.62,1.56,0,0,0,0,4.89,4.68,2.88,5.04,VMS 2,,Tanque,,1.74,2.34,2.22,2.28,4.80,4.05,4.18,6.00
28/04/2025 09:29 a. m.,Ordeño,07:40,25.89,1,,,,,1,,1.98,1.62,1.68,1.56,0,0,0,0,5.07,5.06,5.28,5.42,VMS 2,,Tanque,,2.70,2.16,2.10,1.86,7.08,6.47,6.62,5.72
23/05/2025 04:04 p. m.,Ordeño,06:02,17.25,2,,,,,1,,1.80,1.80,1.68,1.02,0,0,0,0,5.10,4.97,5.34,5.55,VMS 2,,Tanque,,2.28,2.40,2.28,1.50,5.26,4.34,4.67,2.98
14/07/2025 08:41 a. m.,Ordeño,05:48,16.70,1,,,,,1,,1.98,1.62,1.26,0.72,0,0,0,0,4.29,4.47,4.96,4.43,VMS 2,,Tanque,,2.58,2.10,1.80,1.26,4.53,4.62,4.63,2.92
14/07/2025 06:32 p. m.,Ordeño,05:31,10.17,2,,TD,TD,,1,,1.50,1.62,1.68,0.96,0,0,0,0,4.68,4.45,5.04,4.49,VMS 2,,Tanque,,1.98,2.34,2.16,1.38,3.23,3.44,3.05,0.45
15/07/2025 02:01 a. m.,Ordeño,10:42,12.07,1,,,,,1,,1.50,1.38,1.50,1.26,0,0,0,0,4.70,4.59,5.11,4.95,VMS 2,,Tanque,,1.98,2.04,1.86,1.80,2.78,2.70,2.63,3.96
15/07/2025 11:36 a. m.,Ordeño,06:11,14.92,2,,,,,1,,1.38,1.62,1.68,1.26,0,0,0,0,5.02,4.83,5.36,4.84,VMS 2,,Tanque,,1.74,2.16,2.16,1.80,4.45,3.61,3.91,2.95
24/07/2025 03:33 a. m.,Ordeño,07:28,6.99,1,,,"DD,TD",,1,DD,1.08,1.14,0.90,0.30,0,0,0,0,5.49,7.64,5.04,5.17,VMS 2,,Tanque,,1.74,1.92,1.56,0.60,2.46,1.81,2.30,0.42
25/07/2025 06:54 p. m.,Ordeño,12:26,2.29,2,,,Todos,TI,1,"DD,TD",1.02,0.42,0.00,0.66,300,0,0,0,4.22,7.77,0.00,9.51,VMS 2,,Tanque,,2.52,0.96,0.00,1.50,0.84,0.35,0.00,1.10
26/07/2025 03:03 a. m.,Ordeño,10:37,3.22,1,,,"DI,DD,TI",,1,"DD,TD",0.42,0.24,0.90,0.78,400,0,6264,0,4.02,7.64,4.44,5.35,VMS 2,,Divert 3,,0.90,0.72,1.56,1.20,0.37,0.42,1.35,1.08
26/07/2025 12:47 p. m.,Ordeño,09:06,3.10,2,,,"DI,DD,TI",,1,DD,0.96,0.42,0.84,0.66,600,0,0,0,4.62,10.18,4.28,4.49,VMS 2,,Tanque,,1.44,0.96,1.56,1.38,0.70,0.45,0.84,1.11
26/07/2025 10:51 p. m.,Ordeño,07:10,3.98,3,,,"DI,DD,TI",,1,"DD,TD",1.08,0.66,0.96,0.90,300,0,562,0,4.82,9.92,4.54,5.63,VMS 2,,Tanque,,1.50,1.02,1.62,1.56,1.04,0.46,1.15,1.33
27/07/2025 08:24 a. m.,Ordeño,07:06,5.37,1,,,DD,,1,TD,1.20,0.96,1.08,0.78,0,0,0,0,5.09,5.18,4.76,10.25,VMS 2,,Tanque,,1.68,1.50,1.50,1.44,1.41,0.64,1.47,1.85
27/07/2025 06:31 p. m.,Ordeño,08:24,6.83,2,,,DD,,1,DD,1.44,0.90,1.20,1.14,0,665,0,0,5.43,9.38,5.14,5.51,VMS 2,,Tanque,,2.34,1.32,1.92,1.56,1.91,0.88,1.89,2.15
28/07/2025 03:27 a. m.,Ordeño,09:41,6.25,1,,,DD,,1,DD,1.32,0.96,1.20,0.96,0,769,0,0,5.43,8.11,4.92,5.20,VMS 2,,Tanque,,1.92,1.44,1.74,1.38,1.78,0.85,1.77,1.85
28/07/2025 12:45 p. m.,Ordeño,08:08,5.89,2,,,DD,,1,DD,0.90,0.90,1.38,0.96,0,971,0,0,5.09,7.44,5.00,4.91,VMS 2,,Drenaje,,1.32,1.44,1.74,1.50,1.74,0.66,1.81,1.68
29/07/2025 12:42 a. m.,Ordeño,06:49,7.95,1,,,DD,,1,DD,1.20,0.66,1.38,1.14,0,0,0,0,5.36,7.17,5.06,4.97,VMS 2,,Drenaje,,1.56,1.38,1.74,1.92,2.34,0.72,2.37,2.52
29/07/2025 09:06 a. m.,Ordeño,07:15,5.39,2,,,,,1,DD,1.44,1.02,1.32,0.96,0,969,0,0,5.23,6.07,4.86,4.67,VMS 2,,Drenaje,,1.80,1.50,1.74,1.50,1.52,0.85,1.58,1.44
30/07/2025 05:58 a. m.,Ordeño,07:25,8.75,1,,TD,"DD,TD",,1,,1.92,1.08,1.32,1.02,0,670,0,0,5.28,5.69,5.30,4.96,VMS 2,,Drenaje,,2.64,1.44,1.68,1.62,3.48,1.27,3.52,0.48
30/07/2025 06:51 p. m.,Ordeño,09:15,4.35,2,,TD,TD,,1,TD,1.26,0.90,1.14,0.96,0,994,0,0,4.81,5.22,4.97,6.43,VMS 3,,Drenaje,,1.80,1.38,1.74,1.50,1.43,0.78,1.60,0.54
31/07/2025 09:54 a. m.,Ordeño,09:44,10.51,1,,,,,1,TD,1.50,1.02,1.26,1.26,0,475,0,0,5.29,5.42,4.97,8.24,VMS 3,,Drenaje,,1.98,1.68,1.62,1.74,2.50,1.20,2.92,3.89
01/08/2025 01:28 a. m.,Ordeño,10:25,5.56,1,,,TD,,1,,1.62,0.96,1.20,0.54,0,479,0,0,5.30,5.16,5.01,5.69,VMS 3,,Drenaje,,2.34,1.32,1.68,0.84,2.15,0.91,1.97,0.53
02/08/2025 10:37 p. m.,Ordeño,10:23,5.82,3,,TD,,,1,,1.08,0.84,1.26,0.96,0,700,0,0,4.21,4.42,4.95,4.79,VMS 3,,Drenaje,,1.74,1.26,1.56,1.38,1.59,0.58,2.61,1.04
03/08/2025 10:25 a. m.,Ordeño,12:22,4.55,1,,TD,TI,TI,1,,1.20,1.02,0.00,1.08,0,0,0,0,4.62,5.20,0.00,4.98,VMS 3,,Drenaje,,1.92,1.50,0.00,1.44,2.08,1.03,0.00,1.44
09/08/2025 08:47 p. m.,Ordeño,08:18,12.92,3,,TI,,,1,,1.74,1.14,1.50,1.26,0,0,0,0,5.48,5.79,5.52,6.00,VMS 3,,Drenaje,,2.22,1.56,1.98,2.16,3.58,1.43,3.46,4.45
10/08/2025 09:47 a. m.,Ordeño,06:20,13.01,1,,DI,,,1,,1.80,1.14,1.68,1.20,0,0,0,0,5.81,6.26,6.01,6.31,VMS 3,,Drenaje,,2.22,1.62,2.16,1.80,4.48,1.52,4.47,2.54
10/08/2025 05:25 p. m.,Ordeño,05:22,4.18,2,,,TD,,1,,1.62,0.78,1.44,0.84,485,300,0,387,5.34,5.90,6.01,5.44,VMS 3,,Drenaje,,2.22,1.26,1.98,1.50,1.58,0.48,1.44,0.68
11/08/2025 12:08 a. m.,Ordeño,09:28,2.65,1,,,"TI,TD",,1,DD,1.02,0.78,1.14,0.48,681,0,0,0,4.48,5.29,5.10,4.46,VMS 3,,Drenaje,,1.68,1.26,1.62,0.78,1.00,0.36,0.82,0.47
16/08/2025 05:28 a. m.,Ordeño,05:18,9.70,1,,TD,TD,,1,,1.80,1.14,1.62,0.96,0,0,0,0,5.41,5.52,5.63,6.23,VMS 3,,Drenaje,,2.52,1.50,2.04,1.26,4.07,1.36,3.55,0.72
16/08/2025 10:14 a. m.,Ordeño,05:37,9.03,2,,,,,1,TD,1.56,0.96,1.44,1.44,0,0,0,0,5.32,5.59,5.63,6.31,VMS 3,,Drenaje,,1.98,1.38,1.92,1.92,2.02,0.66,1.71,4.64
16/08/2025 09:02 p. m.,Ordeño,05:33,12.29,3,,,,,1,,1.62,1.14,1.68,1.14,0,0,0,0,5.48,5.60,5.64,5.60,VMS 3,,Drenaje,,2.16,1.74,2.10,1.62,4.50,1.47,3.94,2.38
17/08/2025 07:56 a. m.,Ordeño,05:39,13.19,1,,,,,1,,1.68,1.32,1.56,1.32,0,0,0,0,5.39,5.61,5.53,5.84,VMS 3,,Drenaje,,2.22,1.86,1.98,1.80,4.75,1.47,4.27,2.70
17/08/2025 05:20 p. m.,Ordeño,05:07,8.81,2,,TD,TD,,1,,1.98,1.20,1.74,1.14,0,0,0,0,5.02,5.70,5.31,5.56,VMS 3,,Drenaje,,2.64,1.62,2.16,1.50,3.65,1.23,3.23,0.70
17/08/2025 11:36 p. m.,Ordeño,05:48,7.64,3,,,,,1,,1.56,1.08,1.50,1.14,0,0,0,0,4.88,5.56,5.13,5.67,VMS 3,,Drenaje,,2.28,1.68,1.92,1.62,2.14,0.83,1.94,2.73
19/08/2025 07:36 a. m.,Ordeño,06:03,11.17,1,,,,,1,DD,1.92,1.02,1.62,1.20,0,0,0,0,4.87,5.62,5.52,4.82,VMS 3,,Drenaje,,2.70,1.50,2.10,1.86,3.16,0.94,5.06,2.01
19/08/2025 05:18 p. m.,Ordeño,07:06,8.17,2,,TI,TD,TD,1,,1.74,1.32,1.62,0.00,0,0,0,0,5.47,5.65,5.30,0.00,VMS 3,,Drenaje,,2.34,1.74,2.16,0.00,4.11,1.22,2.84,0.00
20/08/2025 08:50 a. m.,Ordeño,06:57,19.19,1,,,,,1,,1.92,1.32,1.68,1.44,0,0,0,0,5.33,5.67,5.73,6.25,VMS 3,,Drenaje,,2.40,1.80,2.22,1.92,6.04,1.94,5.93,5.28
20/08/2025 05:00 p. m.,Ordeño,05:05,8.65,2,,,,,1,,1.74,1.02,1.56,1.08,0,0,0,0,4.82,5.40,5.18,5.63,VMS 3,,Drenaje,,2.28,1.38,1.92,1.62,3.30,0.91,2.80,1.64
23/08/2025 07:40 a. m.,Ordeño,06:45,15.48,1,,TD,,,1,,1.62,1.44,1.86,1.50,0,0,0,0,5.43,5.91,5.75,5.56,VMS 3,,Drenaje,,2.10,1.98,2.76,1.92,6.09,1.62,4.78,2.99
23/08/2025 06:40 p. m.,Ordeño,05:42,9.90,2,,"TI,TD",TI,TI,1,DD,1.98,1.14,0.66,1.44,0,0,0,0,5.07,5.52,4.36,5.23,VMS 3,,Drenaje,,3.06,1.62,1.20,2.16,5.07,1.39,0.10,3.34
24/08/2025 08:42 a. m.,Ordeño,06:09,18.46,1,,,,,1,,1.80,1.20,1.98,1.38,0,0,0,0,5.32,5.64,5.93,5.42,VMS 3,,Drenaje,,2.28,1.56,2.40,1.74,6.04,1.75,6.12,4.55
24/08/2025 04:05 p. m.,Ordeño,06:15,6.36,2,,TI,TI,,1,DD,1.38,1.26,1.08,1.20,0,0,0,0,4.87,5.49,3.89,4.89,VMS 3,,Drenaje,,2.22,1.68,1.80,1.68,3.13,0.92,0.25,2.06
25/08/2025 03:12 a. m.,Ordeño,05:36,14.82,1,,DI,,,1,TI,1.92,1.20,1.98,1.26,0,0,0,0,5.41,5.56,6.20,5.14,VMS 3,,Drenaje,,2.52,1.62,2.58,1.68,5.03,1.65,4.81,3.33
25/08/2025 07:24 p. m.,Ordeño,06:05,12.47,2,,TI,TI,,1,,1.98,1.32,1.56,1.32,0,0,0,0,5.51,5.97,5.56,5.46,VMS 3,,Drenaje,,2.46,1.86,1.92,1.74,5.29,1.92,0.86,4.40
26/08/2025 02:17 a. m.,Ordeño,05:19,10.37,1,,,,,1,TI,1.62,0.72,1.98,0.96,0,0,0,0,4.91,4.90,5.99,4.71,VMS 3,,Drenaje,,2.22,1.08,2.52,1.44,2.71,0.56,5.19,1.91
30/08/2025 07:25 a. m.,Ordeño,04:47,7.44,1,,DI,,,1,,1.56,0.90,1.44,0.96,0,0,0,0,4.86,4.90,5.10,4.64,VMS 3,,Drenaje,,1.98,1.38,1.80,1.50,2.83,0.70,2.33,1.58
02/09/2025 07:44 a. m.,Ordeño,05:06,11.69,1,,,,,1,,1.92,0.90,1.86,1.08,0,0,0,0,5.07,5.36,5.00,5.01,VMS 3,,Drenaje,,2.34,1.56,2.34,1.56,4.08,1.39,3.31,2.91
04/09/2025 08:56 a. m.,Ordeño,07:34,17.11,1,,,,,1,,1.38,1.20,1.80,1.14,0,0,0,0,5.13,5.87,5.30,5.08,VMS 3,,Drenaje,,1.86,1.56,2.34,1.50,5.97,1.66,5.34,4.14
06/09/2025 07:08 a. m.,Ordeño,05:39,15.61,1,,DI,,,1,,2.16,1.20,1.98,1.20,0,0,0,0,5.08,5.63,5.27,4.92,VMS 3,,Drenaje,,2.52,1.62,2.46,1.74,5.38,1.53,4.83,3.87
06/09/2025 07:24 p. m.,Ordeño,05:26,11.05,2,,"DI,TI,TD",TD,,1,,1.92,1.08,2.22,0.90,0,0,0,0,5.18,5.65,5.16,5.09,VMS 3,,Drenaje,,2.40,1.56,2.88,1.20,5.27,1.56,3.89,0.33
07/09/2025 07:36 a. m.,Ordeño,06:51,17.79,1,,,,,1,TD,2.04,1.20,2.10,1.44,0,0,0,0,4.96,5.51,5.55,6.08,VMS 3,,Drenaje,,2.64,1.80,2.58,1.92,5.37,1.68,5.45,5.29
07/09/2025 07:28 p. m.,Ordeño,05:57,12.38,2,,DI,,,1,,1.80,1.08,1.80,1.20,0,0,0,0,5.05,5.39,5.16,4.97,VMS 3,,Drenaje,,2.28,1.50,2.16,1.74,4.75,1.47,3.98,2.18
10/09/2025 03:14 a. m.,Ordeño,07:32,13.90,1,,,,,1,,1.44,1.20,1.56,1.26,0,0,0,0,4.71,5.41,4.85,4.86,VMS 3,,Drenaje,,1.98,1.62,1.86,1.86,5.17,1.54,3.90,3.29
10/09/2025 10:06 p. m.,Ordeño,08:05,20.46,2,,,,,1,DD,1.62,1.26,1.74,1.38,0,0,0,0,5.01,5.74,5.10,4.79,VMS 3,,Drenaje,,2.22,2.04,2.16,2.52,6.58,2.13,5.81,5.94
12/09/2025 06:50 p. m.,Ordeño,07:12,20.89,1,,DI,,,1,DD,1.62,1.20,1.98,1.20,0,0,0,0,5.55,5.81,5.03,4.77,VMS 3,,Drenaje,,2.16,1.62,2.46,1.80,7.81,2.23,5.60,5.25
13/09/2025 01:46 p. m.,Ordeño,06:51,15.70,1,,DI,,,1,,1.62,1.14,1.80,1.32,0,0,0,0,5.15,5.68,5.08,5.06,VMS 3,,Drenaje,,2.16,1.56,2.28,1.68,5.05,1.90,4.61,4.14
20/09/2025 03:05 a. m.,Ordeño,07:10,21.45,1,,,,,1,DD,1.86,1.20,1.74,1.20,0,0,0,0,4.79,5.65,5.16,4.83,VMS 3,,Drenaje,,2.40,1.62,2.28,1.68,6.97,2.05,6.79,5.64
23/09/2025 01:04 p. m.,Ordeño,07:03,17.03,1,,,,,1,,1.56,1.14,1.68,1.20,0,0,0,0,5.46,5.65,5.96,5.25,VMS 3,,Drenaje,,1.98,1.50,2.16,1.80,6.17,1.72,5.16,3.98
23/09/2025 11:16 p. m.,Ordeño,05:58,11.84,2,,,,,1,,1.50,1.02,1.62,1.14,0,0,0,0,4.81,5.16,5.14,4.72,VMS 3,,Drenaje,,2.16,1.56,2.16,1.50,4.39,1.19,3.37,2.89
24/09/2025 01:50 p. m.,Ordeño,08:10,17.54,1,,,,,1,,1.56,1.08,1.86,1.32,0,0,0,0,5.45,5.71,5.83,5.26,VMS 3,,Drenaje,,1.86,1.56,2.34,2.10,6.24,1.87,5.22,4.21
25/09/2025 12:36 a. m.,Ordeño,08:07,12.89,1,,DI,,,1,,1.32,1.02,1.56,1.14,0,0,0,0,2.86,5.17,5.08,4.57,VMS 3,,Drenaje,,1.74,1.62,1.98,1.62,5.07,1.23,3.55,3.04
25/09/2025 12:57 p. m.,Ordeño,06:47,11.94,2,,DI,DI,,1,,1.38,0.96,1.92,1.26,0,0,0,0,4.32,5.20,5.25,4.89,VMS 3,,Drenaje,,2.04,1.32,2.34,1.68,1.98,1.51,4.72,3.73
26/09/2025 03:34 p. m.,Ordeño,10:34,7.01,2,,,DI,,1,DI,1.56,0.84,1.38,0.96,0,0,0,0,6.37,5.12,4.99,4.63,VMS 3,,Drenaje,,2.16,1.26,2.16,1.32,1.46,0.76,2.64,2.15
26/09/2025 11:14 p. m.,Ordeño,05:04,8.61,3,,TD,,,1,DI,1.80,1.08,1.68,1.08,0,0,0,0,5.88,5.11,4.84,4.41,VMS 3,,Drenaje,,2.46,1.44,2.16,1.68,2.81,0.98,2.74,2.08
27/09/2025 09:38 a. m.,Ordeño,06:23,12.32,1,,TD,,,1,DI,1.80,1.08,1.92,1.08,0,0,0,0,6.01,5.34,5.49,5.06,VMS 3,,Drenaje,,2.34,1.50,2.34,1.56,3.74,1.40,4.40,2.78
27/09/2025 11:04 p. m.,Ordeño,07:03,18.04,2,,DD,,,1,,2.16,1.14,1.74,1.26,0,0,0,0,5.86,5.60,6.00,5.39,VMS 3,,Drenaje,,2.76,1.92,2.34,1.62,5.30,1.92,5.73,5.09
28/09/2025 03:56 p. m.,Ordeño,07:16,18.60,1,,,,,1,,2.22,1.32,1.74,1.26,0,0,0,0,5.27,5.49,5.66,5.15,VMS 3,,Drenaje,,2.94,1.80,2.28,1.68,6.27,1.88,5.91,4.54
29/09/2025 06:16 a. m.,Ordeño,07:45,14.35,1,,,,,1,,1.92,1.26,1.74,1.26,0,0,0,0,4.80,5.17,4.99,4.74,VMS 3,,Drenaje,,2.94,1.74,2.16,1.92,5.12,1.49,4.19,3.55
29/09/2025 05:14 p. m.,Ordeño,06:38,13.12,2,,,,,1,TI,2.16,1.02,1.56,1.20,0,0,0,0,5.06,5.11,5.85,5.01,VMS 3,,Drenaje,,2.88,1.56,2.04,1.62,4.53,1.13,4.11,3.35
30/09/2025 07:15 a. m.,Ordeño,08:07,16.97,1,,,,,1,,1.56,1.20,1.74,1.32,0,0,0,0,5.11,5.21,5.57,4.88,VMS 3,,Drenaje,,2.10,1.68,2.40,1.86,5.99,1.57,5.19,4.22
30/09/2025 07:15 p. m.,Ordeño,10:04,13.34,2,,,,,1,,1.92,1.08,1.62,1.26,0,0,0,0,4.95,5.10,5.30,4.75,VMS 3,,Drenaje,,2.70,1.38,2.16,1.56,4.47,1.33,4.28,3.26
01/10/2025 07:28 a. m.,Ordeño,06:56,15.16,1,,,,,1,,1.98,1.20,1.68,1.20,0,0,0,0,4.89,5.13,5.30,4.72,VMS 3,,Drenaje,,2.52,1.68,2.16,1.98,5.47,1.51,4.47,3.71
01/10/2025 05:50 p. m.,Ordeño,08:34,11.69,2,,,,,1,,2.16,1.14,1.68,1.14,0,0,0,0,4.76,5.03,5.35,4.69,VMS 3,,Drenaje,,2.70,1.68,2.16,1.50,4.16,1.12,3.66,2.75
03/10/2025 01:37 a. m.,Ordeño,07:36,12.18,1,,,,,1,TI,1.38,1.32,1.56,1.20,0,0,0,0,5.21,4.96,5.53,4.60,VMS 3,,Drenaje,,1.86,1.74,1.98,1.56,4.74,1.33,2.83,3.28
03/10/2025 01:16 p. m.,Ordeño,08:55,12.54,2,,,,,1,,1.74,1.32,1.74,1.26,0,0,0,0,5.49,5.17,5.52,4.80,VMS 3,,Drenaje,,2.40,1.98,2.34,1.68,4.73,1.40,3.03,3.38
03/10/2025 11:34 p. m.,Ordeño,09:32,11.24,3,,,,,1,,1.62,1.38,1.80,1.32,0,0,0,0,5.44,5.07,5.49,4.71,VMS 3,,Drenaje,,2.16,1.98,2.34,1.80,3.98,1.20,2.93,3.13
04/10/2025 09:01 a. m.,Ordeño,10:44,10.69,1,,,,,1,,1.56,1.32,1.68,1.32,0,0,0,0,5.37,5.13,5.28,4.78,VMS 3,,Drenaje,,2.04,1.74,2.10,1.80,3.79,1.07,2.98,2.85
04/10/2025 09:41 p. m.,Ordeño,10:13,14.56,2,,,,,1,,1.86,1.38,2.04,1.50,0,0,0,0,5.73,5.19,5.53,4.92,VMS 3,,Drenaje,,2.46,1.86,2.52,1.92,4.78,1.62,4.40,3.76
05/10/2025 06:05 a. m.,Ordeño,07:30,8.75,1,,,,,1,,1.74,1.20,1.86,1.38,0,0,0,0,5.25,4.99,5.02,4.30,VMS 3,,Drenaje,,2.46,2.10,2.46,1.86,2.97,0.88,2.58,2.32
06/10/2025 05:25 p. m.,Ordeño,10:55,15.24,2,,,,,1,,1.98,1.14,1.68,1.32,0,0,0,0,5.40,5.33,5.13,4.78,VMS 3,,Drenaje,,2.76,1.50,2.34,1.62,5.13,1.48,6.36,2.27
07/10/2025 06:33 a. m.,Ordeño,08:14,16.52,1,,,,,1,,1.86,1.20,2.04,1.26,0,0,0,0,5.73,5.33,5.26,4.85,VMS 3,,Drenaje,,2.70,1.86,2.58,1.68,5.36,1.92,5.35,3.89
07/10/2025 07:54 p. m.,Ordeño,07:48,15.81,2,,,,,1,,2.16,1.32,2.10,1.44,0,0,0,0,5.33,5.35,5.23,4.99,VMS 3,,Tanque,,2.82,1.92,2.70,1.80,5.46,1.53,5.23,3.59
08/10/2025 06:32 a. m.,Ordeño,07:43,12.00,1,,,,,1,,1.98,1.08,1.62,1.26,0,0,0,0,5.28,5.22,4.89,4.71,VMS 3,,Tanque,,2.52,1.50,2.34,1.74,4.00,1.12,3.80,3.08
08/10/2025 10:10 p. m.,Ordeño,09:12,17.71,2,,,,,1,DI,1.38,1.20,1.68,1.20,0,0,0,0,5.72,5.41,4.83,4.87,VMS 3,,Tanque,,1.98,1.74,2.28,1.68,6.42,1.86,5.74,3.69
09/10/2025 09:31 a. m.,Ordeño,09:34,9.07,1,,TD,TD,,1,TI,1.62,1.02,1.68,0.72,0,0,0,0,5.31,5.28,5.91,4.69,VMS 3,,Tanque,,2.16,1.50,2.16,1.14,3.85,1.06,3.81,0.35
14/10/2025 12:54 a. m.,Ordeño,11:05,17.87,1,,,,,1,,1.86,1.20,1.98,1.56,0,0,0,0,4.72,5.41,5.14,5.04,VMS 3,,Tanque,,2.82,1.62,2.52,2.04,5.96,1.67,6.05,4.19
16/10/2025 03:36 p. m.,Ordeño,07:05,13.38,2,,TD,,,1,TI,1.80,1.26,1.80,1.44,0,0,0,0,4.69,5.01,5.62,4.65,VMS 3,,Tanque,,2.52,1.68,2.22,2.28,4.40,1.37,4.77,2.84
17/10/2025 01:56 a. m.,Ordeño,07:10,11.01,1,,TD,,,1,TI,1.44,1.14,1.80,1.68,0,0,0,0,4.41,4.15,5.07,4.51,VMS 3,,Tanque,,2.28,1.50,2.34,2.58,3.83,0.86,3.27,3.05
17/10/2025 01:22 p. m.,Ordeño,06:55,11.72,2,,,,,1,,1.44,1.14,1.74,1.26,0,0,0,0,4.51,4.84,4.96,4.52,VMS 3,,Tanque,,2.04,1.62,2.16,1.62,4.12,1.05,3.56,2.99
18/10/2025 04:02 p. m.,Ordeño,09:29,16.47,2,,,,,1,"DI,TI",1.92,0.78,1.86,1.62,0,0,0,0,5.83,4.56,6.84,5.07,VMS 3,,Tanque,,2.76,1.26,2.34,2.04,7.03,0.47,3.94,5.03
19/10/2025 03:49 a. m.,Ordeño,07:21,4.00,1,,,Todos,,1,TI,1.02,1.02,0.72,0.72,949,0,469,0,4.09,4.22,6.50,3.98,VMS 3,,Tanque,,1.56,1.50,1.80,1.26,1.43,0.54,0.87,1.16
19/10/2025 06:01 p. m.,Ordeño,08:21,7.90,2,,,TI,,1,TI,1.62,1.14,1.20,1.32,0,0,572,0,4.69,4.69,5.59,4.46,VMS 3,,Tanque,,2.16,1.62,1.74,1.92,2.86,1.17,1.01,2.86
20/10/2025 02:10 a. m.,Ordeño,11:21,5.80,1,,,TI,DD,1,TI,1.50,0.00,1.26,1.32,0,0,0,0,5.18,0.00,5.88,4.76,VMS 3,,Tanque,,1.92,0.00,2.04,2.22,2.13,0.00,1.35,2.32
01/12/2023 11:41 a. m.,Ordeño,14:49,8.36,1,,TD,,,0,DI,1.14,0.84,0.78,1.20,4963,2581,3582,7911,4.72,3.37,4.15,4.11,VMS 3,,Divert 3,,1.68,1.44,1.44,2.16,2.09,2.34,2.39,1.54
07/12/2023 12:49 a. m.,Ordeño,15:03,4.82,1,,TD,TI,TI,0,,0.84,1.08,0.00,0.84,1724,0,0,0,4.96,4.80,0.00,4.67,VMS 3,,Divert 3,Sangre por pezón por encima del umbral,1.20,1.50,0.00,1.20,1.67,1.87,0.00,1.28
07/12/2023 04:48 a. m.,Ordeño,05:37,4.21,2,,,"DI,TD",,0,,0.60,0.90,1.08,0.72,0,0,0,0,4.56,4.37,5.00,4.63,VMS 3,,Tanque,,1.14,1.56,1.50,1.02,0.48,0.63,2.49,0.61
07/12/2023 08:48 p. m.,Ordeño,05:40,13.39,3,,TD,,,0,,1.20,1.44,1.14,0.96,0,0,0,0,5.40,5.19,5.03,5.21,VMS 3,,Tanque,,1.56,1.86,1.44,1.44,3.26,3.47,3.45,3.21
09/12/2023 12:25 a. m.,Ordeño,10:52,15.62,1,,TD,,,0,,1.38,1.44,0.96,0.96,1930,0,0,0,5.07,4.97,4.70,4.89,VMS 3,,Divert 3,Sangre por pezón por encima del umbral,1.98,1.86,1.38,1.68,3.54,4.41,3.49,4.18
10/12/2023 01:48 a. m.,Ordeño,07:09,16.20,1,,"TI,TD",,,0,,1.26,1.32,0.84,0.72,1721,0,0,0,5.26,5.15,5.14,5.15,VMS 3,,Divert 3,Sangre por pezón por encima del umbral,1.62,1.74,1.26,1.26,4.96,5.00,3.24,3.00
11/12/2023 11:26 a. m.,Ordeño,09:01,6.38,2,,TD,TD,TD,0,,1.08,1.20,0.84,0.36,0,0,0,0,4.37,4.41,4.19,3.08,VMS 3,,Tanque,,1.50,1.74,1.32,0.72,2.28,2.51,1.50,0.09
11/12/2023 06:06 p. m.,Ordeño,04:29,6.45,3,,TD,,,0,,1.08,1.20,0.78,0.84,0,0,0,0,4.30,4.35,4.32,4.59,VMS 3,,Tanque,,1.44,1.68,1.20,1.74,1.59,1.75,1.20,1.91
12/12/2023 01:25 a. m.,Ordeño,06:09,7.55,1,,,,,0,,1.08,1.14,0.84,0.72,0,0,0,0,4.47,4.39,4.53,4.23,VMS 3,,Tanque,,1.74,1.50,1.14,1.08,1.96,2.01,1.59,1.99
12/12/2023 01:04 p. m.,Ordeño,05:58,11.50,2,,,,,0,,1.26,1.32,0.90,0.90,0,0,0,0,4.61,4.55,4.71,4.56,VMS 3,,Tanque,,1.74,1.86,1.32,1.26,2.99,3.34,2.72,2.45
12/12/2023 11:38 p. m.,Ordeño,08:20,10.54,3,,,,,0,,1.32,1.20,0.84,0.84,0,0,0,0,4.76,4.61,4.71,4.55,VMS 3,,Tanque,,1.80,1.68,1.20,1.20,2.81,3.00,2.47,2.26
13/12/2023 12:01 p. m.,Ordeño,16:54,0.00,1,,,Todos,Todos,0,,0.00,0.00,0.00,0.00,0,0,0,0,0.00,0.00,0.00,0.00,VMS 3,,Tanque,,0.00,0.00,0.00,0.00,0.00,0.00,0.00,0.00
13/12/2023 08:53 p. m.,Ordeño,08:45,17.33,2,,,,,0,,1.20,1.26,0.96,0.96,1154,0,0,0,5.23,4.72,4.86,4.49,VMS 3,,Divert 3,Sangre por pezón por encima del umbral,1.74,1.74,1.38,1.38,4.78,4.13,4.78,3.64
14/12/2023 10:50 p. m.,Ordeño,05:49,8.99,2,,,,,0,,1.20,1.02,0.78,0.72,0,0,0,0,4.65,4.40,4.29,4.21,VMS 3,,Tanque,,1.62,1.38,1.08,1.02,2.25,2.53,2.11,2.10
15/12/2023 09:53 a. m.,Ordeño,06:57,11.43,1,,,,,0,,1.38,1.26,0.90,0.90,0,0,0,0,4.77,4.60,4.52,4.47,VMS 3,,Tanque,,1.80,1.56,1.26,1.26,2.79,3.19,2.75,2.70
15/12/2023 07:36 p. m.,Ordeño,07:52,10.37,2,,,,,0,,1.26,1.20,0.84,0.78,0,0,0,0,4.70,4.68,4.46,4.39,VMS 3,,Tanque,,1.80,1.56,1.20,1.08,2.58,2.94,2.43,2.42
16/12/2023 07:29 a. m.,Ordeño,11:12,2.97,1,,,"DI,DD,TD","DI,DD,TD",0,,0.00,0.00,0.90,0.00,0,0,0,0,0.00,0.00,4.51,0.00,VMS 3,,Tanque,,0.00,0.00,1.26,0.00,0.00,0.00,2.97,0.00
16/12/2023 11:34 a. m.,Ordeño,11:43,8.26,2,,TD,TD,,0,,1.14,1.20,0.78,0.66,0,0,0,0,4.97,4.69,4.29,5.09,VMS 3,,Tanque,,1.38,1.56,1.68,1.26,3.47,3.37,0.97,0.45
16/12/2023 08:06 p. m.,Ordeño,09:03,11.40,3,,,,,0,,1.20,1.14,0.78,0.96,0,0,0,0,4.56,4.63,4.63,5.21,VMS 3,,Tanque,,1.80,1.44,1.14,1.38,2.22,2.35,2.34,4.49
17/12/2023 07:26 a. m.,Ordeño,07:11,9.74,1,,TD,TD,TD,0,,1.38,1.26,0.90,0.54,0,0,0,0,4.61,4.63,4.51,4.02,VMS 3,,Tanque,,1.86,1.62,1.38,1.20,3.09,3.38,3.14,0.13
17/12/2023 11:18 a. m.,Ordeño,08:58,6.75,2,,,,,0,,1.14,1.08,0.78,0.78,0,0,0,0,4.55,4.55,4.47,4.66,VMS 3,,Tanque,,1.80,1.62,1.08,1.44,1.25,1.41,1.24,2.85
17/12/2023 07:59 p. m.,Ordeño,07:22,7.25,3,,,DD,DD,0,,1.08,0.00,0.78,0.78,0,0,0,0,4.81,0.00,4.67,4.54,VMS 3,,Tanque,,1.32,0.00,1.20,1.08,2.58,0.00,2.54,2.13
18/12/2023 12:23 a. m.,Ordeño,07:43,6.63,1,,TD,,,0,,1.08,1.08,0.78,0.54,0,0,0,0,4.49,4.74,4.33,4.02,VMS 3,,Tanque,,1.56,1.44,1.14,1.20,1.30,3.74,1.36,0.23
18/12/2023 12:19 p. m.,Ordeño,13:19,12.35,2,,TD,,,0,,1.20,1.02,0.84,0.90,0,0,0,0,4.71,4.55,4.60,4.71,VMS 3,,Tanque,,1.56,1.44,1.20,1.44,3.40,3.46,3.17,2.32
18/12/2023 10:17 p. m.,Ordeño,07:54,6.84,3,,TD,"DI,TD",DI,0,,0.00,1.08,0.84,0.54,0,0,0,0,0.00,4.47,4.52,4.89,VMS 3,,Tanque,,0.00,1.62,1.20,0.84,0.00,3.38,3.26,0.20
19/12/2023 03:06 a. m.,Ordeño,08:26,11.35,1,,,,,0,,1.14,0.96,0.78,0.90,0,0,0,0,5.01,4.61,4.46,4.81,VMS 3,,Tanque,,1.44,1.32,1.26,1.20,3.96,1.73,1.62,4.04
19/12/2023 01:26 p. m.,Ordeño,09:47,11.60,2,,,,,0,,1.14,1.08,0.90,0.84,0,0,0,0,4.69,4.74,4.71,4.55,VMS 3,,Tanque,,1.62,1.50,1.26,1.20,2.93,3.24,3.07,2.36
19/12/2023 07:51 p. m.,Ordeño,07:48,7.83,3,,,,,0,,0.90,0.96,0.84,0.72,0,0,0,0,4.77,4.61,4.59,4.60,VMS 3,,Tanque,,1.26,1.32,1.26,1.08,1.96,2.26,2.09,1.52
20/12/2023 02:24 a. m.,Ordeño,06:12,7.88,1,,,,,0,,1.02,0.96,0.84,0.72,0,0,0,0,4.75,4.63,4.52,4.54,VMS 3,,Tanque,,1.50,1.44,1.20,1.08,1.94,2.20,2.06,1.68
20/12/2023 01:06 p. m.,Ordeño,10:20,11.22,2,,TI,,,0,,1.08,1.08,0.78,0.96,0,0,300,0,4.77,4.58,4.36,2.75,VMS 3,,Tanque,,1.74,1.50,1.14,1.32,3.42,3.52,0.63,3.65
20/12/2023 08:21 p. m.,Ordeño,09:14,10.24,3,,TD,,,0,,1.02,1.02,1.02,0.54,0,0,0,0,4.38,4.37,4.79,2.21,VMS 3,,Tanque,,1.56,1.38,1.44,0.90,2.24,2.50,4.58,0.92
21/12/2023 05:47 a. m.,Ordeño,08:32,11.41,1,,TD,,,0,TD,1.14,1.08,0.90,0.84,0,0,0,0,4.57,4.50,4.30,5.18,VMS 3,,Tanque,,1.56,1.44,1.20,1.14,3.14,3.20,2.86,2.21
21/12/2023 05:51 p. m.,Ordeño,07:55,15.07,2,,DD,,,0,,1.20,1.14,0.96,0.96,0,0,0,0,4.74,4.78,4.71,5.00,VMS 3,,Tanque,,1.50,1.86,1.26,1.86,3.75,3.43,3.75,4.14
22/12/2023 12:20 a. m.,Ordeño,05:31,7.92,1,,,,,0,,1.08,1.08,0.78,0.78,0,0,0,0,4.42,4.39,4.26,4.22,VMS 3,,Tanque,,1.44,1.38,1.20,1.14,2.12,2.33,1.77,1.70
22/12/2023 09:02 a. m.,Ordeño,06:57,10.65,2,,,,,0,,1.08,0.96,0.90,0.78,0,0,0,0,4.73,4.59,4.54,4.64,VMS 3,,Tanque,,1.50,1.26,1.20,1.14,2.78,2.85,2.79,2.23
22/12/2023 05:39 p. m.,Ordeño,13:21,8.38,3,,TD,TD,,0,,1.14,0.96,0.84,0.78,0,0,0,0,4.54,4.47,4.42,4.56,VMS 3,,Tanque,,1.50,1.44,1.26,1.02,2.50,2.72,2.58,0.58
23/12/2023 03:01 a. m.,Ordeño,09:49,13.24,1,,,,,0,,1.14,0.96,0.90,0.90,0,0,0,0,4.83,4.74,4.69,4.83,VMS 3,,Tanque,,1.50,1.44,1.20,1.20,2.96,3.18,3.13,3.97
23/12/2023 03:55 p. m.,Ordeño,07:45,16.83,2,,,,,0,,1.20,1.14,1.02,1.02,0,0,0,0,4.69,4.62,4.69,4.56,VMS 3,,Tanque,,1.56,1.56,1.32,1.38,4.34,4.20,4.44,3.85
23/12/2023 11:21 p. m.,Ordeño,13:02,7.28,3,,TD,TD,,0,,0.96,1.14,0.84,0.78,0,0,0,0,4.50,4.41,4.42,4.09,VMS 3,,Tanque,,1.32,1.50,1.20,1.08,1.96,2.37,1.99,0.96
24/12/2023 04:26 a. m.,Ordeño,07:34,8.07,1,,,,,0,,1.08,1.02,0.78,0.78,0,0,0,0,4.48,4.60,4.51,4.56,VMS 3,,Tanque,,1.38,1.56,1.20,1.14,1.98,1.89,1.85,2.35
24/12/2023 05:03 p. m.,Ordeño,07:48,15.86,2,,,,,0,,1.20,1.20,0.96,1.02,0,0,0,0,4.97,4.87,4.77,4.83,VMS 3,,Tanque,,1.56,1.56,1.44,1.32,4.20,3.99,4.15,3.52
25/12/2023 12:58 a. m.,Ordeño,13:34,9.55,1,,,,,0,,1.20,1.08,0.84,0.84,0,0,0,0,4.69,4.53,4.37,4.43,VMS 3,,Tanque,,1.74,1.44,1.20,1.50,2.21,2.71,2.51,2.12
25/12/2023 09:21 a. m.,Ordeño,04:15,0.00,2,,,Todos,Todos,0,,0.00,0.00,0.00,0.00,0,0,0,0,0.00,0.00,0.00,0.00,VMS 3,,Tanque,,0.00,0.00,0.00,0.00,0.00,0.00,0.00,0.00
25/12/2023 05:46 p. m.,Ordeño,11:16,16.69,3,,,,,0,,1.02,1.14,0.90,0.90,0,0,0,0,4.94,4.73,4.77,4.71,VMS 3,,Tanque,,1.50,1.56,1.32,1.32,4.11,3.99,4.52,4.07
26/12/2023 03:06 a. m.,Ordeño,07:50,13.41,1,,,,,0,,1.20,0.96,0.96,0.96,0,0,0,0,4.47,4.53,4.52,4.45,VMS 3,,Tanque,,1.62,1.32,1.50,1.26,3.33,3.69,3.25,3.14
26/12/2023 12:42 p. m.,Ordeño,09:29,12.48,2,,,,,0,,1.08,1.08,0.84,0.84,0,0,0,0,4.46,4.40,4.45,4.44,VMS 3,,Tanque,,1.38,1.62,1.14,1.14,2.96,3.44,3.27,2.81
26/12/2023 09:05 p. m.,Ordeño,07:06,11.63,3,,,,,0,,1.14,1.14,0.84,0.90,0,0,0,0,4.63,4.55,4.57,4.54,VMS 3,,Tanque,,1.50,1.56,1.14,1.26,2.86,3.15,2.88,2.74
27/12/2023 05:18 a. m.,Ordeño,09:27,10.96,1,,,,,0,,1.14,1.08,0.84,0.84,0,0,0,0,4.69,4.62,4.58,4.47,VMS 3,,Tanque,,1.56,1.44,1.38,1.14,2.78,2.94,2.70,2.54
27/12/2023 05:54 p. m.,Ordeño,08:20,16.59,2,,,,,0,,1.20,1.14,0.90,0.90,0,0,0,0,4.54,4.61,4.51,4.56,VMS 3,,Tanque,,1.80,1.56,1.26,1.20,4.20,4.30,4.32,3.77
28/12/2023 06:57 a. m.,Ordeño,10:08,16.21,1,,,,,0,,1.14,1.14,0.90,0.90,0,0,0,0,4.62,4.53,4.53,4.35,VMS 3,,Tanque,,1.56,1.50,1.38,2.10,3.92,4.21,4.18,3.90
28/12/2023 07:17 p. m.,Ordeño,10:20,15.90,2,,,,,0,,1.08,1.14,0.84,0.90,0,0,0,0,4.49,4.42,4.29,4.23,VMS 3,,Tanque,,1.62,1.50,1.44,1.50,4.00,4.07,4.20,3.63
29/12/2023 09:01 a. m.,Ordeño,07:54,16.11,1,,"TI,TD",,,0,,1.20,1.14,0.90,0.84,0,0,0,0,4.50,4.49,4.50,4.33,VMS 3,,Tanque,,1.86,1.62,1.32,1.08,4.43,4.64,3.69,3.35
29/12/2023 07:52 p. m.,Ordeño,09:03,13.33,2,,"TI,TD",,,0,,1.02,1.02,0.84,0.84,0,0,0,0,4.44,4.49,4.51,4.20,VMS 3,,Tanque,,1.56,1.38,1.14,1.14,3.66,3.83,2.17,3.67
30/12/2023 07:03 a. m.,Ordeño,11:18,15.60,1,,,,,0,,1.02,1.02,0.96,0.84,0,0,0,0,4.64,4.65,4.48,4.39,VMS 3,,Tanque,,1.50,1.44,1.44,1.50,3.68,3.80,4.59,3.53
30/12/2023 03:34 p. m.,Ordeño,08:14,11.95,2,,,,,0,,1.08,1.08,0.84,0.78,0,0,0,0,4.48,4.46,4.30,4.25,VMS 3,,Tanque,,1.44,1.50,1.26,1.08,3.03,3.35,2.82,2.75
30/12/2023 09:34 p. m.,Ordeño,06:47,8.47,3,,,,,0,,0.96,1.02,0.96,0.72,0,0,0,0,4.49,4.57,4.50,4.39,VMS 3,,Tanque,,1.38,1.38,1.26,1.14,2.25,2.35,1.89,1.98
31/12/2023 09:29 a. m.,Ordeño,12:00,12.14,1,,TI,TI,,0,,1.20,1.26,0.84,1.02,0,0,0,0,4.76,4.63,3.95,4.44,VMS 3,,Tanque,,1.80,1.68,1.74,1.32,3.38,4.44,0.43,3.89
31/12/2023 04:38 p. m.,Ordeño,09:12,13.71,2,,,,,0,,1.14,1.08,1.08,0.84,0,0,0,0,4.49,4.63,4.84,4.39,VMS 3,,Tanque,,1.86,1.44,1.44,1.14,3.28,3.00,4.88,2.55
01/01/2024 07:48 a. m.,Ordeño,09:50,19.20,1,,TD,,,0,,1.14,1.20,1.02,0.96,0,0,0,0,4.77,4.77,4.63,4.60,VMS 3,,Tanque,,1.56,1.74,1.44,1.50,4.80,4.66,5.12,4.62
01/01/2024 03:57 p. m.,Ordeño,09:56,6.30,2,,,"DI,TD","DI,TD",0,,0.00,1.08,1.08,0.00,0,0,0,0,0.00,4.51,4.50,0.00,VMS 3,,Tanque,,0.00,1.50,1.56,0.00,0.00,3.33,2.97,0.00
01/01/2024 09:42 p. m.,Ordeño,08:23,12.48,3,,,,,0,,1.02,1.14,1.02,0.90,0,0,0,0,4.34,4.39,4.69,4.66,VMS 3,,Tanque,,1.50,1.56,1.32,1.26,1.88,2.16,4.49,3.95
02/01/2024 12:17 p. m.,Ordeño,08:25,18.46,1,,,,,0,,1.26,1.26,0.96,0.90,0,0,0,0,4.81,4.84,4.73,4.51,VMS 3,,Tanque,,1.68,1.62,1.32,1.20,4.54,4.85,4.67,4.40
02/01/2024 11:35 p. m.,Ordeño,08:09,15.63,2,,,,,0,,1.20,1.14,0.96,0.78,0,0,0,0,4.61,4.69,4.62,4.44,VMS 3,,Tanque,,1.74,1.50,1.38,1.14,4.03,4.29,3.83,3.48
03/01/2024 05:15 a. m.,Ordeño,10:26,8.75,1,,,,,0,,1.08,1.08,0.78,0.66,0,0,0,0,4.40,4.47,4.35,4.13,VMS 3,,Tanque,,1.50,1.50,1.14,0.96,2.19,2.46,2.15,1.95
03/01/2024 05:40 p. m.,Ordeño,09:12,16.05,2,,,,,0,,1.20,1.14,1.02,0.84,0,0,0,0,4.74,4.68,4.82,4.65,VMS 3,,Tanque,,1.62,1.56,1.38,1.26,3.97,4.02,4.21,3.85
03/01/2024 11:43 p. m.,Ordeño,08:25,9.77,3,,,,,0,,1.14,1.20,0.96,0.84,0,0,0,0,4.33,4.42,4.50,4.04,VMS 3,,Tanque,,1.68,1.74,1.26,1.14,2.48,2.65,2.44,2.20
04/01/2024 11:39 a. m.,Ordeño,12:24,12.31,1,,"DI,TD",TD,,0,,1.26,1.32,1.02,0.78,0,0,0,0,4.48,4.44,4.72,4.96,VMS 3,,Tanque,,2.04,1.68,1.44,1.44,4.27,4.08,3.55,0.41
04/01/2024 11:30 p. m.,Ordeño,08:13,17.63,2,,,,,0,,1.32,1.26,1.14,1.08,0,0,0,0,4.54,4.61,4.45,4.69,VMS 3,,Tanque,,1.98,1.80,1.62,1.44,4.16,4.42,4.34,4.71
05/01/2024 02:40 p. m.,Ordeño,09:29,18.30,1,,TD,,,0,,1.20,1.20,1.02,0.90,0,0,0,0,4.59,4.60,4.00,4.57,VMS 3,,Tanque,,1.80,1.56,1.56,1.20,4.50,4.82,4.85,4.13
05/01/2024 08:42 p. m.,Ordeño,07:13,8.45,2,,,,,0,,1.08,1.08,0.96,0.72,0,0,0,0,4.27,4.34,4.23,4.24,VMS 3,,Tanque,,1.44,1.62,1.32,1.02,2.08,2.26,2.22,1.89
06/01/2024 04:59 a. m.,Ordeño,07:31,10.31,1,,"DD,TI,TD",,,0,,1.14,0.96,0.84,0.78,0,0,0,0,4.58,4.63,4.57,4.58,VMS 3,,Tanque,,1.44,1.44,1.32,1.38,3.15,2.97,1.89,2.30
06/01/2024 11:06 a. m.,Ordeño,07:42,9.83,2,,"TI,TD",,,0,,1.02,1.08,1.02,0.84,0,0,0,0,4.51,4.56,4.61,4.41,VMS 3,,Tanque,,1.80,1.50,1.62,1.50,2.18,2.73,2.75,2.17
06/01/2024 09:50 p. m.,Ordeño,11:39,14.22,3,,"DI,TD",,,0,,0.96,1.14,1.14,0.96,0,0,0,0,4.84,4.73,4.66,4.60,VMS 3,,Tanque,,1.38,1.50,1.50,1.56,2.48,4.00,4.17,3.57
07/01/2024 06:49 a. m.,Ordeño,09:55,12.48,1,,TI,,,0,,1.32,1.26,0.78,0.90,0,0,0,0,4.64,4.65,3.95,4.47,VMS 3,,Tanque,,1.80,1.62,1.14,1.20,4.41,4.11,0.48,3.48
07/01/2024 12:40 p. m.,Ordeño,09:44,11.07,2,,,,,0,,1.08,1.08,1.08,0.84,0,0,0,0,4.48,4.60,4.75,4.13,VMS 3,,Tanque,,1.56,1.56,1.56,1.26,2.02,2.38,4.71,1.96
07/01/2024 11:25 p. m.,Ordeño,09:11,14.61,3,,,,,0,,1.08,1.32,1.08,0.96,0,0,0,0,4.91,4.78,4.53,4.67,VMS 3,,Tanque,,1.44,1.74,1.44,1.26,3.86,3.45,4.11,3.19
08/01/2024 10:14 a. m.,Ordeño,09:27,16.36,1,,"TI,TD",,,0,,1.08,1.26,1.14,1.02,0,0,0,0,4.48,4.59,4.39,4.43,VMS 3,,Tanque,,1.50,1.68,1.68,1.44,4.06,4.27,4.01,4.02
09/01/2024 12:30 a. m.,Ordeño,10:48,13.13,1,,,,,0,,1.08,1.14,1.02,1.02,0,0,0,0,4.69,4.61,4.36,4.50,VMS 3,,Tanque,,1.56,1.68,1.38,1.38,3.26,3.50,3.25,3.12
09/01/2024 05:44 a. m.,Ordeño,09:06,9.41,2,,,,,0,,1.20,1.08,0.96,0.84,0,0,0,0,4.23,4.37,4.26,4.09,VMS 3,,Tanque,,1.56,1.68,1.38,1.20,2.51,2.56,2.25,2.09
10/01/2024 12:50 a. m.,Ordeño,09:12,18.43,1,,TI,,,0,,1.20,1.26,1.08,0.96,0,0,0,0,4.61,4.65,4.55,4.48,VMS 3,,Tanque,,1.68,1.74,1.86,1.26,4.80,4.77,4.37,4.49
10/01/2024 12:52 p. m.,Ordeño,09:55,17.60,2,,TI,,,0,,1.20,1.14,1.08,1.02,0,0,0,0,4.52,4.46,4.36,4.21,VMS 3,,Tanque,,1.62,1.56,1.44,1.44,4.26,4.94,4.10,4.30
11/01/2024 01:49 a. m.,Ordeño,10:22,18.67,1,,,,,0,,1.44,1.32,1.02,1.02,0,0,0,0,4.60,4.52,4.49,4.55,VMS 3,,Tanque,,1.80,1.74,1.44,1.32,4.68,4.85,4.77,4.37
11/01/2024 06:46 a. m.,Ordeño,08:48,8.15,2,,TD,,,0,,1.08,1.20,0.90,0.84,0,0,0,0,4.32,4.38,4.30,4.22,VMS 3,,Tanque,,1.68,1.62,1.32,1.26,1.84,2.12,2.24,1.95
11/01/2024 05:24 p. m.,Ordeño,09:37,14.28,3,,,,,0,,1.02,1.20,1.08,0.96,0,0,0,0,4.70,4.54,4.67,4.58,VMS 3,,Tanque,,1.80,1.56,1.50,1.26,3.29,3.66,3.82,3.51
12/01/2024 01:17 a. m.,Ordeño,07:13,9.76,1,,"TI,TD",,,0,,1.14,1.32,1.02,0.84,0,0,0,0,4.37,4.37,4.32,4.09,VMS 3,,Tanque,,1.62,1.80,2.22,1.20,2.69,2.52,2.39,2.16
12/01/2024 07:09 a. m.,Ordeño,09:04,7.10,2,,,,,0,,0.96,1.08,0.78,0.84,0,0,0,0,4.23,4.41,4.16,3.95,VMS 3,,Tanque,,1.26,1.68,1.14,1.20,1.80,1.89,1.82,1.59
12/01/2024 07:08 p. m.,Ordeño,11:19,13.91,3,,,,,0,,1.02,1.20,0.90,0.90,0,0,0,0,4.37,4.39,4.34,4.12,VMS 3,,Tanque,,1.44,1.56,1.26,1.26,3.39,3.56,3.66,3.30
13/01/2024 02:23 a. m.,Ordeño,09:43,11.24,1,,TD,,,0,,1.32,1.26,0.96,1.02,0,0,0,0,4.48,4.44,4.50,4.41,VMS 3,,Tanque,,1.80,1.74,1.44,1.50,2.77,2.96,2.68,2.83
13/01/2024 02:02 p. m.,Ordeño,10:12,16.73,2,,,,,0,,1.20,1.20,1.08,0.96,0,0,0,0,4.57,4.56,4.53,4.49,VMS 3,,Tanque,,1.62,1.56,1.56,1.32,3.96,4.10,4.72,3.95
13/01/2024 09:02 p. m.,Ordeño,08:15,10.87,3,,,,,0,,1.14,1.20,0.96,0.90,0,0,0,0,4.20,4.13,4.14,3.97,VMS 3,,Tanque,,1.56,1.56,1.74,1.38,2.71,2.83,2.78,2.55
14/01/2024 09:53 a. m.,Ordeño,08:35,17.17,1,,,,,0,,1.32,1.26,1.14,1.08,0,0,0,0,4.48,4.47,4.46,4.28,VMS 3,,Tanque,,1.68,1.80,1.62,1.56,4.22,4.38,4.41,4.16
14/01/2024 04:25 p. m.,Ordeño,10:21,9.89,2,,,,,0,,1.08,1.08,0.96,0.90,0,0,0,0,4.27,4.21,4.18,3.96,VMS 3,,Tanque,,1.50,1.44,1.86,1.20,2.44,2.69,2.49,2.27
15/01/2024 12:30 a. m.,Ordeño,09:01,11.80,1,,,,,0,,1.14,1.14,1.02,0.90,0,0,0,0,4.38,4.34,4.31,4.25,VMS 3,,Tanque,,1.50,1.50,1.50,1.20,2.87,3.00,3.06,2.87
15/01/2024 01:55 p. m.,Ordeño,11:08,17.08,2,,TD,,,0,,1.20,1.32,1.02,1.02,0,0,0,0,4.49,4.40,4.47,4.35,VMS 3,,Tanque,,1.68,1.68,1.44,1.56,4.35,4.58,4.64,3.51
15/01/2024 11:09 p. m.,Ordeño,15:23,9.60,3,,"DD,TI,TD",TI,,0,,0.96,1.20,0.78,0.96,0,0,0,0,4.14,4.09,3.62,3.90,VMS 3,,Tanque,,1.26,1.62,1.08,1.26,2.26,3.36,0.45,3.53
16/01/2024 09:08 a. m.,Ordeño,13:15,17.66,1,,,,,0,,1.14,1.20,1.02,0.90,0,0,0,0,4.25,4.34,4.66,4.17,VMS 3,,Tanque,,1.50,1.74,1.38,1.26,4.27,4.31,5.33,3.75
16/01/2024 07:07 p. m.,Ordeño,09:33,15.97,2,,TD,,,0,,1.20,1.20,1.08,0.90,0,0,0,0,4.14,4.29,4.20,4.18,VMS 3,,Tanque,,1.68,1.62,1.68,1.20,4.15,3.90,4.19,3.73
17/01/2024 01:00 a. m.,Ordeño,07:09,8.29,1,,TD,TD,,0,,1.20,1.14,0.96,0.78,0,0,0,0,3.95,4.03,4.00,3.63,VMS 3,,Tanque,,1.86,1.68,1.44,1.44,2.48,2.77,2.37,0.67
17/01/2024 12:37 p. m.,Ordeño,10:50,17.45,2,,,,,0,,1.26,1.26,1.14,1.08,0,0,0,0,4.67,4.57,4.68,4.78,VMS 3,,Tanque,,1.80,1.86,1.74,1.44,4.00,4.37,4.44,4.64
17/01/2024 09:45 p. m.,Ordeño,11:06,13.78,3,,,,,0,,1.14,1.20,1.02,1.02,0,0,0,0,4.60,4.51,4.51,4.40,VMS 3,,Tanque,,1.50,1.74,1.38,1.56,3.38,3.43,3.34,3.63
18/01/2024 08:16 a. m.,Ordeño,08:35,17.61,1,,TD,,,0,,1.38,1.26,1.14,1.08,0,0,0,0,4.34,4.32,4.45,4.31,VMS 3,,Tanque,,1.86,1.68,1.74,1.50,4.33,4.71,4.52,4.05
18/01/2024 06:29 p. m.,Ordeño,07:58,14.30,2,,,,,0,,1.38,1.32,1.08,1.02,0,0,0,0,4.37,4.32,4.31,4.29,VMS 3,,Tanque,,2.04,1.74,1.44,1.38,3.67,3.53,3.83,3.27
19/01/2024 02:58 a. m.,Ordeño,09:20,11.94,1,,"TI,TD",,,0,,1.14,1.26,1.08,0.96,0,0,0,0,4.52,4.32,4.50,4.36,VMS 3,,Tanque,,1.50,1.68,1.56,1.26,3.12,3.36,3.43,2.03
19/01/2024 04:03 p. m.,Ordeño,10:02,19.16,2,,TD,,,0,,1.26,1.32,1.08,1.14,0,0,0,0,4.54,4.46,4.52,4.43,VMS 3,,Tanque,,1.80,1.86,1.56,2.22,4.83,4.89,4.95,4.49
20/01/2024 12:50 a. m.,Ordeño,11:02,14.07,1,,,,,0,,1.14,1.20,1.02,0.90,0,0,0,0,4.31,4.27,4.29,4.22,VMS 3,,Tanque,,1.50,1.74,1.38,1.26,3.26,3.47,3.50,3.84
20/01/2024 10:58 a. m.,Ordeño,09:48,15.23,2,,,,,0,,1.20,1.38,1.02,1.08,0,0,0,0,4.52,4.55,4.52,4.44,VMS 3,,Tanque,,1.62,1.86,1.38,1.38,3.89,3.74,4.13,3.47
20/01/2024 07:15 p. m.,Ordeño,10:33,12.30,3,,,,,0,,1.20,1.32,1.08,1.02,0,0,0,0,4.41,4.36,4.29,4.36,VMS 3,,Tanque,,1.56,1.86,1.44,1.44,3.20,3.02,3.18,2.90
21/01/2024 03:33 a. m.,Ordeño,09:47,9.89,1,,DI,TI,TI,0,,1.14,1.26,0.00,0.90,0,0,0,0,4.13,4.12,0.00,3.96,VMS 3,,Tanque,,1.80,1.80,0.00,1.26,3.27,3.52,0.00,3.10
21/01/2024 11:02 a. m.,Ordeño,12:47,14.40,2,,,,,0,,1.26,1.26,1.08,0.96,0,0,0,0,4.19,4.32,4.41,4.17,VMS 3,,Tanque,,1.80,1.74,1.44,1.20,3.02,3.00,5.69,2.69
21/01/2024 09:16 p. m.,Ordeño,10:26,15.88,3,,,,,0,,1.08,1.26,0.90,0.96,0,0,0,0,4.43,4.56,3.98,4.53,VMS 3,,Tanque,,1.62,1.68,1.32,1.32,4.00,3.93,4.13,3.82
22/01/2024 10:21 a. m.,Ordeño,10:07,19.63,1,,,,,0,,1.20,1.50,1.02,1.14,0,0,0,0,4.56,4.63,4.43,4.54,VMS 3,,Tanque,,1.80,2.10,1.44,1.50,5.03,4.92,5.21,4.47
22/01/2024 09:56 p. m.,Ordeño,10:43,16.33,2,,TI,,,0,,1.26,1.32,1.02,1.08,0,0,0,0,4.40,4.40,4.29,4.38,VMS 3,,Tanque,,1.74,1.68,1.32,1.62,4.30,4.41,3.55,4.07
23/01/2024 07:27 a. m.,Ordeño,08:45,13.69,1,,"TI,TD",,,0,,1.20,1.32,0.96,1.08,0,0,0,0,4.51,4.56,4.48,4.28,VMS 3,,Tanque,,1.74,1.74,1.50,1.80,3.68,3.84,3.28,2.89
23/01/2024 05:04 p. m.,Ordeño,11:21,16.67,2,,,,,0,,1.14,1.20,1.02,1.02,0,0,0,0,4.39,4.44,4.36,4.43,VMS 3,,Tanque,,1.80,1.62,1.56,1.50,3.85,3.93,4.41,4.48
24/01/2024 02:14 a. m.,Ordeño,11:00,14.13,1,,,,,0,,1.20,1.14,0.96,1.02,0,0,0,0,4.29,4.38,4.27,4.08,VMS 3,,Tanque,,1.50,1.62,1.56,1.32,3.47,3.53,3.59,3.54
24/01/2024 08:35 a. m.,Ordeño,08:52,5.47,2,,TD,"DI,TD","DI,TD",0,,0.00,1.14,0.96,0.60,0,0,0,0,0.00,4.25,4.20,4.02,VMS 3,,Tanque,,0.00,1.50,1.38,1.32,0.00,2.77,2.60,0.10
24/01/2024 07:43 p. m.,Ordeño,12:20,16.78,3,,TD,,,0,,1.38,1.20,1.02,1.20,0,0,0,0,4.66,4.43,4.49,4.50,VMS 3,,Tanque,,1.86,1.74,1.50,2.10,5.16,4.30,4.04,3.28
25/01/2024 08:58 a. m.,Ordeño,11:36,20.29,1,,,,,0,,1.20,1.26,1.14,1.14,0,0,0,0,4.62,4.54,4.57,4.57,VMS 3,,Tanque,,1.62,1.80,1.80,1.62,4.64,5.11,5.47,5.07
25/01/2024 06:49 p. m.,Ordeño,12:02,14.13,2,,,,,0,,1.08,1.20,1.08,0.90,0,0,0,0,4.54,4.43,4.40,4.25,VMS 3,,Tanque,,1.56,1.62,1.56,1.20,3.54,3.70,3.77,3.12
26/01/2024 02:45 p. m.,Ordeño,19:09,19.75,1,,,,,0,,1.20,1.26,1.08,1.02,0,0,0,0,4.72,4.89,4.69,4.66,VMS 3,,Tanque,,1.56,1.68,1.56,1.50,4.87,5.11,5.26,4.51
26/01/2024 07:44 p. m.,Ordeño,13:11,7.40,2,,,TD,TD,0,,1.14,1.02,1.02,0.36,1967,0,0,0,3.98,4.15,4.01,2.35,VMS 3,,Divert 3,,1.44,1.38,1.32,0.78,2.51,2.42,2.38,0.09
27/01/2024 08:36 a. m.,Ordeño,14:42,17.99,1,,,,,0,,1.26,1.20,1.14,0.96,0,0,0,0,4.37,4.49,4.75,4.55,VMS 3,,Tanque,,1.80,1.56,2.76,1.32,4.59,4.96,4.85,3.59
27/01/2024 04:56 p. m.,Ordeño,10:16,13.69,2,,TD,,,0,,1.14,1.20,0.96,1.08,0,0,0,0,4.45,4.41,4.27,4.09,VMS 3,,Tanque,,1.50,1.62,1.56,1.62,3.14,3.49,3.11,3.95
28/01/2024 02:04 a. m.,Ordeño,09:52,11.90,1,,,,,0,,1.08,0.96,0.96,0.90,0,0,0,0,4.41,4.32,4.13,4.16,VMS 3,,Tanque,,1.50,1.44,1.62,1.38,2.83,3.07,3.00,3.00
28/01/2024 11:14 a. m.,Ordeño,08:44,15.14,2,,,,,0,,1.20,1.32,1.14,1.14,0,0,0,0,4.67,4.52,4.67,4.57,VMS 3,,Tanque,,1.56,1.74,1.56,1.44,3.85,4.06,3.58,3.65
28/01/2024 06:27 p. m.,Ordeño,11:56,10.16,3,,,,,0,,1.14,1.20,1.02,0.96,0,0,0,0,4.82,4.43,4.75,4.64,VMS 3,,Tanque,,1.50,1.74,1.44,1.56,2.58,2.51,2.63,2.44
29/01/2024 05:33 a. m.,Ordeño,11:46,17.61,1,,,,,0,,1.26,1.26,1.08,1.02,0,0,0,0,4.78,4.66,4.74,4.79,VMS 3,,Tanque,,1.68,1.68,1.50,1.38,4.20,4.50,4.64,4.27
29/01/2024 03:57 p. m.,Ordeño,13:44,12.66,2,,,TD,TD,0,,1.20,1.44,1.14,0.00,0,0,0,0,4.57,4.40,4.53,0.00,VMS 3,,Tanque,,1.86,1.98,1.50,0.00,4.23,4.70,3.73,0.00
30/01/2024 12:30 a. m.,Ordeño,10:38,15.23,1,,,,,0,,1.14,1.14,1.08,1.02,0,0,0,0,4.38,4.40,4.63,4.35,VMS 3,,Tanque,,1.86,1.50,1.50,1.38,3.51,3.34,4.65,3.73
30/01/2024 10:15 a. m.,Ordeño,10:39,15.95,2,,,,,0,,1.14,1.26,0.96,1.02,0,0,0,0,4.85,4.90,4.63,4.71,VMS 3,,Tanque,,1.62,1.62,1.32,1.38,4.15,4.05,3.93,3.82
30/01/2024 06:20 p. m.,Ordeño,09:07,15.31,3,,,,,0,,1.20,1.32,1.02,1.02,0,0,0,0,4.65,4.54,4.43,4.67,VMS 3,,Tanque,,1.68,1.98,1.32,1.44,3.70,4.15,4.07,3.39
31/01/2024 07:52 a. m.,Ordeño,11:43,20.86,1,,,,,0,,1.32,1.20,0.96,1.02,0,0,0,0,4.54,4.57,4.71,4.60,VMS 3,,Tanque,,1.68,1.62,1.32,1.50,5.19,5.27,5.16,5.24
31/01/2024 07:06 p. m.,Ordeño,15:07,8.89,2,,"DI,TD","TI,TD",TI,0,,1.38,1.20,0.00,1.14,0,0,0,0,4.50,4.53,0.00,4.33,VMS 3,,Tanque,,1.92,1.56,0.00,1.38,3.82,3.76,0.00,1.31
01/02/2024 06:33 a. m.,Ordeño,12:56,18.22,1,,TD,,,0,,1.14,1.14,1.08,1.14,356,0,0,0,4.39,4.42,4.50,4.45,VMS 3,,Tanque,,1.62,1.56,1.44,1.68,4.62,4.62,5.61,3.37
01/02/2024 06:35 p. m.,Ordeño,11:36,19.94,2,,,,,0,,1.26,1.38,1.02,1.14,0,0,0,0,4.31,4.29,4.23,4.59,VMS 3,,Tanque,,1.68,1.80,1.44,1.56,4.84,4.97,4.61,5.52
02/02/2024 08:38 a. m.,Ordeño,10:31,20.51,1,,,,,0,,1.38,1.32,1.14,1.08,0,0,0,0,4.42,4.47,4.48,4.66,VMS 3,,Tanque,,1.92,1.80,1.62,1.44,5.07,5.33,5.16,4.95
02/02/2024 05:13 p. m.,Ordeño,08:58,15.26,2,,,,,0,,1.14,1.38,1.08,1.14,0,0,0,0,4.65,4.64,4.57,4.84,VMS 3,,Tanque,,1.68,1.86,1.50,1.62,3.80,3.95,3.91,3.60
03/02/2024 03:43 a. m.,Ordeño,09:05,17.04,1,,,,,0,,1.26,1.44,1.02,1.14,0,0,0,0,4.60,4.51,4.50,4.68,VMS 3,,Tanque,,1.68,1.98,1.38,1.92,4.20,4.56,4.16,4.12
03/02/2024 11:02 a. m.,Ordeño,09:14,12.21,2,,,,,0,,1.08,1.08,0.90,0.96,0,0,0,0,4.51,4.46,4.46,4.53,VMS 3,,Tanque,,1.38,1.74,1.38,1.38,3.01,3.18,3.00,3.02
03/02/2024 05:38 p. m.,Ordeño,08:27,12.00,3,,,,,0,,1.08,1.20,0.96,1.02,0,0,0,0,4.71,4.75,4.74,4.76,VMS 3,,Tanque,,1.62,1.68,1.32,1.38,3.11,3.04,3.02,2.83
04/02/2024 08:40 a. m.,Ordeño,15:21,16.76,1,,TD,TD,TD,0,,1.32,1.44,1.32,0.12,0,0,0,0,4.78,4.67,4.69,2.28,VMS 3,,Tanque,,2.16,1.92,1.86,0.36,5.44,5.49,5.75,0.08
04/02/2024 04:36 p. m.,Ordeño,10:48,13.14,2,,TI,,,0,,1.08,1.14,1.02,1.14,0,0,0,0,4.64,4.60,4.87,4.65,VMS 3,,Tanque,,1.50,1.50,1.86,1.50,3.59,3.47,2.65,3.43
05/02/2024 06:45 a. m.,Ordeño,11:40,21.03,1,,TD,,,0,,1.44,1.26,1.14,1.08,0,0,1354,0,4.57,4.65,4.67,4.80,VMS 3,,Divert 3,Sangre por pezón por encima del umbral,2.04,1.80,1.62,1.62,5.77,5.41,5.49,4.36
05/02/2024 04:56 p. m.,Ordeño,10:33,18.64,2,,,,,0,,1.38,1.32,1.08,1.14,0,0,356,0,4.43,4.44,4.54,4.61,VMS 3,,Tanque,,2.10,1.74,1.50,1.50,4.55,4.83,4.01,5.25
06/02/2024 05:52 a. m.,Ordeño,12:36,19.83,1,,,,,0,,1.20,1.14,0.90,0.96,0,0,0,0,4.90,4.72,4.77,4.64,VMS 3,,Tanque,,1.62,1.56,1.92,1.68,4.73,5.80,5.44,3.86
06/02/2024 12:28 p. m.,Ordeño,13:53,8.04,2,,,TD,TD,0,,1.08,1.26,0.90,0.00,0,0,0,0,4.49,4.40,4.48,0.00,VMS 3,,Tanque,,1.44,1.68,1.38,0.00,2.60,3.06,2.38,0.00
06/02/2024 07:25 p. m.,Ordeño,13:23,10.41,3,,TD,TD,,0,,1.14,1.08,0.96,1.08,0,0,0,0,4.83,4.65,4.69,4.65,VMS 3,,Tanque,,1.44,1.56,1.32,1.38,3.13,3.07,3.00,1.21
07/02/2024 07:22 a. m.,Ordeño,13:13,21.36,1,,TD,,,0,,1.38,1.14,1.08,1.14,0,0,0,0,4.78,4.64,4.75,4.73,VMS 3,,Tanque,,1.80,1.50,1.50,1.74,4.92,5.38,4.91,6.15
07/02/2024 07:13 p. m.,Ordeño,09:15,19.24,2,,"TI,TD",,,0,,1.38,1.26,1.08,1.08,0,0,0,0,4.66,4.71,4.74,4.65,VMS 3,,Tanque,,1.74,1.92,1.56,1.50,4.91,5.49,4.33,4.51
08/02/2024 06:33 a. m.,Ordeño,10:52,19.25,1,,TI,,,0,,1.26,1.14,1.14,1.08,0,0,0,0,4.55,4.65,4.50,4.72,VMS 3,,Tanque,,1.62,1.74,2.04,1.44,4.54,5.12,5.15,4.44
08/02/2024 04:01 p. m.,Ordeño,09:32,16.49,2,,,,,0,,1.32,1.38,1.14,1.20,0,0,0,0,4.63,4.48,4.53,4.65,VMS 3,,Tanque,,1.80,1.80,1.80,1.68,4.18,4.27,3.98,4.06
08/02/2024 09:50 p. m.,Ordeño,08:56,9.21,3,,,,,0,,1.14,1.08,0.96,1.02,0,0,0,0,4.28,4.36,4.23,4.22,VMS 3,,Tanque,,1.50,1.50,1.50,1.38,2.33,2.38,2.28,2.22
09/02/2024 07:58 a. m.,Ordeño,14:06,15.59,1,,TD,,,0,,1.32,1.02,1.02,1.02,0,0,0,0,4.61,4.61,4.63,4.71,VMS 3,,Tanque,,1.80,1.38,1.32,1.44,3.92,3.83,3.91,3.93
09/02/2024 06:47 p. m.,Ordeño,09:49,18.09,2,,,,,0,,1.32,1.32,1.14,1.08,0,0,0,0,4.69,4.63,4.60,4.63,VMS 3,,Tanque,,1.86,1.80,1.56,1.56,4.26,4.61,5.00,4.22
10/02/2024 04:27 a. m.,Ordeño,11:35,15.79,1,,TD,,,0,,1.26,1.08,1.08,1.20,0,0,0,0,4.66,4.63,4.48,4.66,VMS 3,,Tanque,,1.62,1.56,1.98,1.68,3.72,4.03,4.05,3.99
10/02/2024 12:30 p. m.,Ordeño,08:27,14.95,2,,TD,,,0,,1.38,1.20,1.20,1.20,0,0,0,0,4.41,4.43,4.43,4.35,VMS 3,,Tanque,,1.74,1.62,1.56,1.50,3.52,4.00,3.75,3.68
10/02/2024 06:39 p. m.,Ordeño,09:11,9.21,3,,,,,0,,1.20,1.14,1.02,0.90,0,0,0,0,4.54,4.39,4.51,4.44,VMS 3,,Tanque,,1.74,1.50,1.44,1.38,2.16,2.44,2.36,2.25
11/02/2024 04:31 a. m.,Ordeño,10:04,18.31,1,,,,,0,,1.32,1.20,1.08,1.08,0,0,0,0,4.42,4.58,4.72,4.64,VMS 3,,Tanque,,1.92,1.62,1.44,1.68,4.23,4.89,4.65,4.54
11/02/2024 03:25 p. m.,Ordeño,14:13,16.66,2,,"DI,TI",,,0,,1.38,1.32,1.02,1.08,0,0,0,0,4.29,4.35,4.54,4.57,VMS 3,,Tanque,,2.28,1.74,1.50,1.56,4.17,4.61,3.99,3.89
12/02/2024 03:58 a. m.,Ordeño,11:09,22.81,1,,,,,0,,1.44,1.32,1.20,1.14,0,0,0,0,4.32,4.41,4.46,4.43,VMS 3,,Tanque,,2.10,1.86,2.16,1.56,5.32,5.94,5.84,5.71
12/02/2024 01:26 p. m.,Ordeño,10:31,14.25,2,,TI,,,0,,1.20,1.20,1.08,1.02,0,0,0,0,4.09,4.28,4.30,4.16,VMS 3,,Tanque,,1.68,1.62,2.40,1.92,2.71,4.16,3.59,3.79
12/02/2024 09:35 p. m.,Ordeño,10:45,14.24,3,,,,,0,,1.14,1.20,1.20,0.96,0,0,0,0,4.37,4.50,4.42,4.47,VMS 3,,Tanque,,1.50,1.74,1.62,1.26,3.06,3.22,5.13,2.83
13/02/2024 05:47 a. m.,Ordeño,12:12,13.98,1,,,,,0,,1.08,1.32,1.08,0.84,0,0,0,0,4.49,4.54,4.61,4.38,VMS 3,,Tanque,,1.86,1.68,1.50,1.14,3.82,3.39,3.20,3.57
13/02/2024 03:50 p. m.,Ordeño,13:13,16.47,2,,,,,0,,1.44,1.20,1.20,1.02,0,0,0,0,4.18,4.43,4.42,4.38,VMS 3,,Tanque,,1.98,2.28,2.16,1.44,2.78,4.47,5.58,3.64
14/02/2024 05:23 p. m.,Ordeño,18:19,1.00,2,,DI,Todos,"DD,TD",0,DI,0.96,0.00,0.60,0.00,800,0,0,0,8.78,0.00,4.13,0.00,VMS 3,,Tanque,,1.68,0.00,1.08,0.00,0.44,0.00,0.56,0.00
16/02/2024 07:04 p. m.,Ordeño,10:21,1.07,2,,DD,Todos,"TI,TD",0,,0.60,1.62,0.00,0.00,0,0,0,0,5.02,3.75,0.00,0.00,VMS 3,,Tanque,,1.38,3.66,0.00,0.00,0.34,0.73,0.00,0.00
17/02/2024 04:45 a. m.,Ordeño,13:22,5.89,1,,DI,"DI,TI","DI,TI",0,,0.60,1.02,0.00,0.84,0,0,0,0,4.89,4.81,0.00,4.88,VMS 3,,Tanque,,1.14,1.56,0.00,1.32,0.17,2.75,0.00,2.97
18/02/2024 02:23 a. m.,Ordeño,14:14,3.86,1,,TD,"DI,TD",,0,,0.54,0.96,0.72,0.90,0,0,0,0,5.20,4.64,4.99,0.00,VMS 1,,Tanque,,1.08,1.32,1.20,1.50,0.34,1.58,1.00,0.94
18/02/2024 12:38 p. m.,Ordeño,14:20,1.52,2,,"TI,TD",Todos,"DD,TI",0,DI,1.02,0.00,0.42,0.84,479,0,0,0,5.83,0.00,3.82,0.00,VMS 1,,Tanque,,1.50,0.00,0.84,1.26,0.81,0.00,0.08,0.63
19/02/2024 04:10 a. m.,Ordeño,11:43,8.62,1,,,DD,DD,0,,0.78,0.00,1.02,0.96,0,0,0,0,4.99,0.00,5.30,0.00,VMS 1,,Tanque,,1.26,0.00,1.44,1.44,1.20,0.00,3.98,3.44
19/02/2024 03:15 p. m.,Ordeño,12:18,4.81,2,,DI,"DD,TI,TD","DD,TD",0,,1.26,0.00,0.90,0.00,0,0,316,0,5.55,0.00,4.99,0.00,VMS 1,,Tanque,,1.80,0.00,1.32,0.00,3.34,0.00,1.47,0.00
19/02/2024 09:57 p. m.,Ordeño,14:35,8.90,3,,TI,,TD,0,,0.72,1.08,1.14,0.00,396,0,0,0,4.89,5.98,5.74,0.00,VMS 1,,Tanque,,1.14,1.68,1.56,0.00,0.76,2.86,5.28,0.00
21/02/2024 05:32 a. m.,Ordeño,11:42,15.12,1,,,,,0,,0.84,0.96,1.08,0.96,0,0,0,0,4.96,4.96,4.68,0.00,VMS 1,,Tanque,,1.32,1.38,1.44,1.38,2.29,4.30,5.29,3.24
21/02/2024 06:17 p. m.,Ordeño,14:34,11.59,2,,,,,0,,0.96,0.90,1.02,1.02,0,0,0,0,5.95,5.46,5.20,0.00,VMS 1,,Tanque,,1.38,1.26,1.44,1.44,1.90,2.98,3.88,2.83
22/02/2024 05:04 a. m.,Ordeño,14:16,12.29,1,,DD,,,0,,0.96,1.14,0.96,0.96,0,0,0,0,4.83,5.17,5.02,0.00,VMS 1,,Tanque,,1.32,1.68,2.22,1.74,2.01,4.23,3.42,2.63
22/02/2024 04:08 p. m.,Ordeño,09:39,13.73,2,,TI,,,0,,1.08,1.14,1.14,1.14,0,0,0,0,5.22,4.88,4.75,0.00,VMS 1,,Tanque,,1.50,1.74,1.50,1.50,2.10,3.57,3.88,4.18
23/02/2024 01:50 a. m.,Ordeño,12:10,11.76,1,,,,,0,,0.96,1.20,1.14,1.02,0,0,0,0,4.67,4.67,4.76,0.00,VMS 1,,Tanque,,1.32,1.68,1.56,1.44,1.59,3.11,4.35,2.71
23/02/2024 08:52 a. m.,Ordeño,09:41,9.44,2,,,,,0,,0.96,1.02,1.02,0.96,0,0,0,0,4.74,4.81,4.68,0.00,VMS 1,,Tanque,,1.38,1.50,1.44,1.56,1.40,2.59,2.88,2.57
23/02/2024 06:49 p. m.,Ordeño,12:12,5.22,3,,,"DD,TD","DD,TD",0,,1.08,0.00,1.20,0.00,0,0,0,0,5.11,0.00,5.17,0.00,VMS 1,,Tanque,,1.44,0.00,1.62,0.00,1.84,0.00,3.38,0.00
24/02/2024 06:29 a. m.,Ordeño,12:56,19.36,1,,,,,0,,1.02,1.32,1.14,1.02,0,0,0,0,4.98,5.17,5.22,0.00,VMS 1,,Tanque,,1.38,1.74,1.56,1.44,2.64,5.27,7.25,4.20
24/02/2024 03:27 p. m.,Ordeño,09:25,11.01,2,,,,,0,,0.96,1.08,1.02,1.02,0,0,0,0,4.71,4.57,4.50,0.00,VMS 1,,Tanque,,1.32,1.50,1.44,1.32,1.90,2.73,3.37,3.01
28/02/2024 09:47 a. m.,Ordeño,11:38,20.38,1,,,,,0,,1.08,1.32,1.08,0.96,0,0,0,0,5.42,4.88,4.86,5.01,VMS 3,,Tanque,,1.50,1.74,1.56,1.32,3.82,6.08,5.07,5.41
29/02/2024 12:00 a. m.,Ordeño,14:14,15.72,1,,,,,0,,0.96,1.08,1.02,0.90,0,0,0,0,4.89,4.66,5.09,4.78,VMS 3,,Tanque,,1.38,1.80,1.50,1.20,2.19,4.36,5.15,4.02
29/02/2024 08:09 a. m.,Ordeño,06:56,10.27,2,,TI,,,0,,0.84,1.14,0.96,0.90,0,0,0,0,5.29,4.88,4.69,5.04,VMS 3,,Tanque,,1.14,1.50,1.32,1.32,1.69,3.03,2.80,2.75
29/02/2024 03:39 p. m.,Ordeño,06:40,9.71,3,,,,,0,,1.14,1.20,1.20,1.08,0,0,0,0,5.63,5.05,4.94,5.13,VMS 3,,Tanque,,1.56,1.62,1.62,1.98,1.71,2.74,2.71,2.55
01/03/2024 04:44 a. m.,Ordeño,11:07,17.28,1,,,,,0,,1.26,1.32,1.14,1.32,0,0,0,0,5.63,4.94,5.02,5.15,VMS 3,,Tanque,,1.92,1.86,1.74,1.80,2.82,4.87,5.18,4.41
02/03/2024 05:32 p. m.,Ordeño,08:23,11.96,2,,,,,0,,1.08,1.26,1.14,1.08,0,0,0,0,5.16,4.67,4.72,4.70,VMS 3,,Tanque,,1.56,1.68,1.50,1.62,2.08,3.40,3.30,3.18
02/03/2024 11:42 p. m.,Ordeño,09:31,8.61,3,,,,,0,,1.14,1.02,1.02,0.90,0,0,0,0,4.71,4.46,4.82,4.60,VMS 3,,Tanque,,1.62,1.44,1.44,1.20,1.40,2.36,2.55,2.30
03/03/2024 07:43 a. m.,Ordeño,10:37,8.45,1,,TD,TD,,0,,0.90,1.14,1.02,0.90,0,0,0,0,5.09,4.67,4.67,4.96,VMS 3,,Tanque,,1.26,1.68,1.44,1.62,2.00,2.71,3.24,0.50
03/03/2024 07:10 p. m.,Ordeño,08:54,17.21,2,,,,,0,,1.14,1.26,1.14,1.26,0,0,0,0,5.43,4.73,4.90,5.08,VMS 3,,Tanque,,1.74,1.92,1.62,1.92,2.88,4.61,4.66,5.06
04/03/2024 03:53 a. m.,Ordeño,08:32,9.41,1,,"DI,TI",TI,,0,,1.02,1.14,0.96,1.08,0,0,0,0,4.96,4.60,4.61,4.67,VMS 3,,Tanque,,1.74,1.68,1.62,1.62,1.37,3.67,0.98,3.39
04/03/2024 11:17 p. m.,Ordeño,07:55,9.76,3,,TI,,,0,,0.90,1.20,1.02,1.02,0,0,0,0,4.69,4.38,4.30,4.51,VMS 3,,Tanque,,1.26,1.68,1.38,1.44,1.60,3.02,2.63,2.51
05/03/2024 07:45 a. m.,Ordeño,11:22,10.06,1,,"DI,TI",TI,,0,,1.20,1.08,1.08,1.14,0,0,0,0,4.80,4.64,4.61,4.78,VMS 3,,Tanque,,1.68,1.50,1.92,1.50,1.88,3.41,1.38,3.39
05/03/2024 07:49 p. m.,Ordeño,16:27,16.08,2,,,,,0,,1.20,1.20,1.14,1.08,0,0,0,0,5.33,4.80,4.99,5.12,VMS 3,,Tanque,,1.56,1.56,1.62,1.44,2.51,4.33,5.42,3.82
06/03/2024 04:04 a. m.,Ordeño,09:06,13.94,1,,,,,0,,1.02,1.08,1.08,1.02,0,0,0,0,4.67,4.40,4.40,4.55,VMS 3,,Tanque,,1.56,1.74,1.38,1.38,2.24,3.83,4.07,3.80
06/03/2024 01:42 p. m.,Ordeño,11:33,14.35,2,,TD,,,0,,1.14,1.14,1.08,1.02,0,0,0,0,4.69,4.46,4.61,4.67,VMS 3,,Tanque,,1.50,1.68,1.50,1.38,2.25,4.20,4.19,3.71
06/03/2024 07:54 p. m.,Ordeño,09:21,8.53,3,,,,,0,,1.02,1.08,1.02,0.90,0,0,0,0,4.68,4.47,4.41,4.53,VMS 3,,Tanque,,1.44,1.62,1.32,1.20,1.47,2.39,2.29,2.38
07/03/2024 05:01 a. m.,Ordeño,13:45,9.54,1,,,TD,TD,0,,1.20,1.14,1.08,0.00,0,0,0,0,4.96,4.70,4.73,0.00,VMS 3,,Tanque,,1.68,1.62,1.62,0.00,2.32,3.96,3.26,0.00
07/03/2024 12:52 p. m.,Ordeño,08:29,10.55,2,,TD,TD,,0,TD,1.26,1.08,1.26,1.14,0,0,0,0,4.96,4.56,4.68,5.49,VMS 3,,Tanque,,1.86,1.44,1.68,2.10,2.09,3.54,3.97,0.95
07/03/2024 05:35 p. m.,Ordeño,08:42,9.66,3,,,,,0,TD,1.02,0.96,1.08,1.08,0,0,0,0,4.92,4.59,4.57,5.28,VMS 3,,Tanque,,1.38,1.44,1.50,1.74,1.13,1.94,1.80,4.79
08/03/2024 03:17 p. m.,Ordeño,09:21,11.16,2,,TD,TI,,0,,1.20,1.14,0.84,1.20,0,0,0,0,4.80,4.66,4.96,4.48,VMS 3,,Tanque,,1.74,1.50,1.56,1.56,2.65,4.24,0.52,3.75
08/03/2024 09:36 p. m.,Ordeño,09:28,11.90,3,,,,,0,,1.02,1.32,1.14,1.14,0,0,0,0,4.76,4.67,4.72,4.81,VMS 3,,Tanque,,1.38,1.74,1.74,1.62,1.65,2.44,5.56,2.25
09/03/2024 08:19 a. m.,Ordeño,10:04,16.85,1,,,,,0,,1.20,1.32,1.08,1.14,0,0,0,0,5.21,4.94,4.63,5.18,VMS 3,,Tanque,,1.50,1.68,1.50,1.50,2.93,4.67,4.89,4.36
09/03/2024 07:49 p. m.,Ordeño,12:25,11.68,2,,,TD,TD,0,,1.20,1.26,1.20,0.00,0,0,0,0,5.15,4.94,4.85,0.00,VMS 3,,Tanque,,1.92,1.68,1.86,0.00,2.83,4.50,4.35,0.00
10/03/2024 02:52 a. m.,Ordeño,10:56,12.96,1,,,,,0,,1.02,1.08,1.02,1.08,0,0,0,0,4.70,4.66,4.75,4.86,VMS 3,,Tanque,,1.38,1.50,1.44,1.44,1.82,3.01,3.16,4.97
10/03/2024 10:52 a. m.,Ordeño,09:54,11.41,2,,TD,,,0,,1.08,1.20,1.02,1.02,0,0,0,0,4.41,4.42,4.38,4.28,VMS 3,,Tanque,,1.56,1.62,1.80,1.38,2.03,3.45,3.32,2.61
10/03/2024 04:34 p. m.,Ordeño,07:06,7.25,3,,,,,0,,0.90,1.14,1.08,0.96,0,0,0,0,4.65,4.41,4.39,4.57,VMS 3,,Tanque,,1.26,1.62,1.44,1.38,1.29,2.12,2.08,1.76
11/03/2024 01:10 a. m.,Ordeño,07:09,12.17,1,,,,,0,,1.08,1.08,1.14,0.96,0,0,0,0,4.87,4.66,4.64,4.92,VMS 3,,Tanque,,1.56,1.50,1.50,1.38,2.20,3.44,3.53,3.00
11/03/2024 09:05 a. m.,Ordeño,11:02,12.66,2,,,,,0,,1.08,1.08,0.90,1.02,0,0,0,0,5.03,4.90,4.70,5.20,VMS 3,,Tanque,,1.50,1.38,1.26,1.32,2.30,3.57,3.53,3.26
11/03/2024 05:41 p. m.,Ordeño,13:58,5.54,3,,TI,"TI,TD","TI,TD",0,DI,1.02,1.08,0.36,0.00,0,0,0,0,5.24,4.86,3.75,0.00,VMS 3,,Tanque,,1.38,1.50,0.66,0.00,1.93,3.53,0.08,0.00
11/03/2024 09:34 p. m.,Ordeño,14:08,7.05,4,,TD,,,0,,0.90,0.96,1.02,0.96,0,0,0,0,4.70,4.53,5.04,5.15,VMS 3,,Tanque,,1.26,1.44,1.50,1.68,0.89,1.19,3.47,1.50
12/03/2024 08:01 a. m.,Ordeño,11:36,18.79,1,,,,,0,,1.08,1.14,1.14,1.14,0,0,0,0,5.36,4.82,4.70,4.95,VMS 3,,Tanque,,1.44,1.56,1.56,1.56,3.08,5.13,5.18,5.40
12/03/2024 06:43 p. m.,Ordeño,09:41,15.60,2,,TD,,,0,,1.20,1.26,1.14,1.08,0,0,0,0,5.01,4.62,4.57,4.83,VMS 3,,Tanque,,1.62,1.80,1.56,1.44,2.73,4.56,4.31,4.00
13/03/2024 02:54 a. m.,Ordeño,08:43,12.58,1,,TD,,,0,,1.02,1.02,1.14,1.08,0,0,0,0,5.02,4.74,4.61,4.99,VMS 3,,Tanque,,1.26,1.38,1.56,1.50,2.13,3.58,3.61,3.26
13/03/2024 01:04 p. m.,Ordeño,09:47,15.42,2,,,,,0,,1.02,1.26,1.14,1.08,0,0,0,0,5.07,4.81,4.82,5.13,VMS 3,,Tanque,,1.44,1.62,1.50,1.44,2.68,4.21,4.48,4.05
13/03/2024 07:38 p. m.,Ordeño,08:59,8.88,3,,,,,0,,1.02,1.14,1.08,0.96,0,0,0,0,4.66,4.48,4.41,4.53,VMS 3,,Tanque,,1.44,1.56,1.32,1.56,1.44,2.71,2.45,2.28
14/03/2024 01:36 a. m.,Ordeño,10:34,8.64,1,,,,,0,,0.96,1.02,1.02,0.90,0,0,0,0,4.86,4.61,4.67,4.90,VMS 3,,Tanque,,1.56,1.44,1.50,1.38,1.22,2.70,2.66,2.06
14/03/2024 07:28 a. m.,Ordeño,07:04,8.96,2,,DI,,,0,,1.02,1.02,0.96,0.90,0,0,0,0,4.87,4.60,4.63,4.73,VMS 3,,Tanque,,1.74,1.32,1.38,1.32,1.61,2.35,2.50,2.50
14/03/2024 02:33 p. m.,Ordeño,10:30,7.14,3,,,TD,TD,0,,1.08,1.14,1.08,0.00,0,0,0,0,4.80,4.55,4.82,0.00,VMS 3,,Tanque,,1.44,1.56,1.50,0.00,1.86,2.84,2.44,0.00
14/03/2024 10:05 p. m.,Ordeño,10:35,11.65,4,,TD,,,0,,1.02,1.08,1.20,1.02,0,0,0,0,4.59,4.39,4.86,4.96,VMS 3,,Tanque,,1.62,1.80,1.56,1.74,2.06,3.22,5.59,0.78
15/03/2024 05:19 a. m.,Ordeño,08:08,13.63,1,,,,,0,,1.02,1.08,1.08,1.20,0,0,0,0,4.83,4.75,4.65,5.00,VMS 3,,Tanque,,1.44,1.38,1.44,1.56,1.84,3.24,3.35,5.20
15/03/2024 01:52 p. m.,Ordeño,10:24,13.34,2,,,,,0,,0.96,1.14,1.14,1.20,0,0,0,0,5.13,4.96,4.78,4.77,VMS 3,,Tanque,,1.32,1.62,1.50,1.74,2.24,3.59,3.84,3.67
15/03/2024 10:25 p. m.,Ordeño,09:30,9.23,3,,"DI,TI,TD",TD,TD,0,,1.14,1.20,1.20,0.48,0,0,0,0,4.88,4.77,4.82,4.82,VMS 3,,Tanque,,1.68,1.68,1.92,0.90,1.46,3.72,3.95,0.10
16/03/2024 05:55 a. m.,Ordeño,07:58,15.11,1,,,,,0,,1.20,1.20,1.26,1.20,0,0,0,0,5.44,4.76,4.86,4.97,VMS 3,,Tanque,,1.62,1.62,1.62,1.50,2.94,3.42,3.65,5.10
16/03/2024 01:37 p. m.,Ordeño,13:01,9.23,2,,"DI,TI,TD",,,0,,1.26,1.14,1.08,1.20,0,0,0,0,4.62,4.50,4.58,4.54,VMS 3,,Tanque,,2.22,1.80,1.98,1.92,1.85,2.95,1.80,2.63
16/03/2024 11:29 p. m.,Ordeño,10:48,15.41,3,,TD,,,0,,1.20,1.20,1.26,1.08,0,0,0,0,5.08,4.72,4.78,4.92,VMS 3,,Tanque,,1.62,1.62,1.74,1.68,2.69,4.10,5.67,2.95
17/03/2024 06:09 a. m.,Ordeño,13:38,1.64,1,,TI,"DD,TI,TD","DD,TD",0,,0.90,0.00,0.78,0.00,0,0,0,0,4.92,0.00,4.29,0.00,VMS 3,,Tanque,,1.26,0.00,1.32,0.00,1.41,0.00,0.23,0.00
17/03/2024 02:05 p. m.,Ordeño,09:13,19.43,2,,,,,0,,1.20,1.26,1.32,1.14,0,0,0,0,4.89,4.99,4.77,4.91,VMS 3,,Tanque,,1.62,1.68,1.80,1.80,2.56,5.57,5.89,5.41
18/03/2024 01:00 a. m.,Ordeño,12:38,16.60,1,,,,TI,0,,1.20,1.26,0.00,1.08,0,0,0,0,4.85,4.93,0.00,4.83,VMS 3,,Tanque,,1.56,2.04,0.00,1.80,4.92,7.21,0.00,4.47
18/03/2024 06:49 a. m.,Ordeño,09:16,9.83,2,,,,,0,,1.08,1.02,1.02,0.90,0,0,0,0,4.81,4.60,4.57,4.85,VMS 3,,Tanque,,1.38,1.56,1.38,1.44,1.68,2.83,2.83,2.49
18/03/2024 03:46 p. m.,Ordeño,13:03,9.17,3,,,TD,TD,0,,1.20,1.14,1.20,0.00,0,0,0,0,4.78,4.79,4.71,0.00,VMS 3,,Tanque,,1.98,1.50,1.68,0.00,2.24,3.34,3.59,0.00
18/03/2024 10:18 p. m.,Ordeño,06:52,12.43,4,,,,,0,,1.08,1.08,1.14,1.26,0,0,0,0,4.68,4.52,4.42,4.73,VMS 3,,Tanque,,1.56,1.56,1.56,1.62,1.65,2.71,3.17,4.90
19/03/2024 06:13 a. m.,Ordeño,10:10,11.51,1,,"DI,TD",,,0,,1.26,1.14,1.26,1.20,0,0,0,0,4.02,4.57,4.71,4.52,VMS 3,,Tanque,,1.62,1.44,1.62,1.68,1.94,3.16,3.54,2.87
19/03/2024 12:28 p. m.,Ordeño,09:50,8.61,2,,,,,0,,0.96,1.14,1.20,1.08,0,0,0,0,4.38,4.58,4.23,4.54,VMS 3,,Tanque,,1.44,1.62,1.86,1.56,0.58,2.35,3.57,2.11
19/03/2024 05:47 p. m.,Ordeño,08:47,8.77,3,,,,,0,,1.08,1.14,1.20,1.02,0,0,0,0,3.71,4.71,4.77,4.83,VMS 3,,Tanque,,1.68,1.74,1.50,1.38,1.36,2.46,2.72,2.23
20/03/2024 12:56 a. m.,Ordeño,08:59,10.02,1,,TI,,,0,,1.02,1.20,1.20,1.08,0,0,0,0,4.70,4.74,4.45,4.93,VMS 3,,Tanque,,1.62,1.62,1.62,1.44,1.94,3.23,1.84,3.01
20/03/2024 06:47 a. m.,Ordeño,11:47,6.84,2,,,TD,TD,0,,1.02,1.08,1.14,0.00,0,0,0,0,4.64,4.75,4.50,0.00,VMS 3,,Tanque,,1.38,1.44,1.44,0.00,1.44,2.06,3.34,0.00
20/03/2024 12:27 p. m.,Ordeño,07:59,10.15,3,,TD,,,0,,1.02,1.26,1.26,1.20,0,0,0,0,4.49,4.62,4.26,4.66,VMS 3,,Tanque,,1.56,1.62,1.86,1.86,1.51,2.70,3.06,2.88
20/03/2024 07:38 p. m.,Ordeño,12:39,7.80,4,,,TI,TI,0,,0.96,1.08,0.00,1.14,0,0,0,0,4.58,4.62,0.00,4.79,VMS 3,,Tanque,,1.44,1.50,0.00,1.50,1.82,2.70,0.00,3.28
21/03/2024 05:18 a. m.,Ordeño,11:09,19.37,1,,,,,0,,1.14,1.26,1.32,1.14,0,0,0,0,5.11,4.94,4.63,5.07,VMS 3,,Tanque,,1.44,1.62,2.04,1.44,2.94,4.76,7.11,4.56
21/03/2024 02:16 p. m.,Ordeño,10:14,14.45,2,,,,,0,,1.26,1.26,1.26,1.14,0,0,0,0,5.00,4.75,4.45,4.69,VMS 3,,Tanque,,1.74,1.80,1.62,1.56,2.50,3.80,4.20,3.95
21/03/2024 10:51 p. m.,Ordeño,11:06,13.32,3,,TD,,,0,,1.14,1.32,1.08,1.02,0,0,0,0,4.62,4.34,4.49,3.84,VMS 3,,Tanque,,1.62,1.86,1.56,1.38,2.38,3.85,3.51,3.58
22/03/2024 11:54 a. m.,Ordeño,09:38,20.32,1,,TD,,,0,,1.14,1.32,1.26,1.14,0,0,0,0,5.49,4.96,4.71,5.01,VMS 3,,Tanque,,1.62,1.74,1.80,1.56,3.34,5.36,6.53,5.09
22/03/2024 05:07 p. m.,Ordeño,09:49,5.29,2,,"TI,TD",TI,,0,DI,1.02,1.02,0.66,1.02,0,0,0,0,5.06,4.96,3.89,4.85,VMS 2,,Tanque,,1.56,1.50,1.08,1.68,1.15,1.89,0.21,2.04
22/03/2024 11:09 p. m.,Ordeño,08:58,3.32,3,,TD,"TI,TD",TI,0,,0.84,1.08,0.00,0.72,0,0,0,0,4.87,4.68,0.00,4.96,VMS 2,,Tanque,,1.20,1.80,0.00,1.14,1.20,1.84,0.00,0.28
23/03/2024 07:57 a. m.,Ordeño,14:32,15.36,1,,,,,0,,1.08,1.20,1.08,1.14,0,0,0,0,4.99,4.95,5.21,4.88,VMS 2,,Tanque,,1.50,1.56,1.44,1.50,5.12,3.67,2.24,4.33
23/03/2024 03:48 p. m.,Ordeño,09:33,13.10,2,,,,,0,,1.14,1.20,1.20,1.08,0,0,0,0,4.98,4.95,4.75,4.76,VMS 2,,Tanque,,1.56,1.62,1.56,1.44,2.14,3.51,3.73,3.72
24/03/2024 12:59 a. m.,Ordeño,10:40,14.21,1,,,,,0,,1.02,1.32,1.08,1.14,0,0,0,0,5.09,5.08,5.06,5.06,VMS 2,,Tanque,,1.38,1.74,1.38,1.56,2.43,3.81,4.00,3.97
24/03/2024 08:59 a. m.,Ordeño,09:41,8.09,2,,,TD,TD,0,,1.08,1.20,1.08,0.00,0,0,0,0,5.07,5.04,5.15,0.00,VMS 2,,Tanque,,1.44,1.50,1.38,0.00,1.71,3.12,3.26,0.00
24/03/2024 06:44 p. m.,Ordeño,10:45,17.52,3,,TD,,,0,,1.08,1.20,1.14,1.20,0,0,0,0,4.81,4.76,4.70,5.10,VMS 2,,Tanque,,1.62,1.50,1.56,1.92,2.83,4.40,4.97,5.32
25/03/2024 06:29 a. m.,Ordeño,13:06,16.46,1,,,,,0,,1.32,1.20,1.14,1.08,0,0,0,0,4.73,4.71,4.82,4.51,VMS 2,,Tanque,,1.62,1.56,1.50,1.62,2.75,4.45,4.56,4.70
25/03/2024 02:32 p. m.,Ordeño,11:50,12.44,2,,TD,,,0,,1.14,1.14,1.08,1.08,0,0,0,0,5.01,4.90,4.94,4.93,VMS 2,,Tanque,,1.56,1.50,1.50,1.56,1.86,3.55,3.66,3.37
26/03/2024 01:23 a. m.,Ordeño,09:03,18.69,1,,,,,0,,1.26,1.26,1.14,1.26,0,0,0,0,5.02,4.96,5.03,5.22,VMS 2,,Tanque,,1.74,1.74,1.44,1.74,2.79,5.13,5.62,5.15
26/03/2024 09:32 a. m.,Ordeño,09:31,10.89,2,,TD,,,0,,1.02,1.14,1.08,1.14,0,0,0,0,4.90,4.97,5.00,5.16,VMS 2,,Tanque,,1.38,1.50,1.44,1.74,1.66,3.17,3.09,2.97
26/03/2024 06:13 p. m.,Ordeño,10:07,11.14,3,,"TI,TD",TI,,0,DI,0.96,1.14,0.78,1.20,0,0,0,0,4.98,4.68,3.75,4.83,VMS 2,,Tanque,,1.44,1.56,1.20,1.62,2.52,4.01,0.28,4.33
27/03/2024 02:30 a. m.,Ordeño,12:14,10.56,1,,TD,DD,DD,0,,1.20,0.00,1.14,1.20,0,0,0,0,4.78,0.00,4.95,4.83,VMS 2,,Tanque,,1.62,0.00,1.56,1.80,2.10,0.00,4.83,3.63
27/03/2024 11:01 a. m.,Ordeño,13:02,10.56,2,,DI,TD,TD,0,,1.32,1.26,1.08,0.00,0,0,0,0,4.97,5.07,4.90,0.00,VMS 2,,Tanque,,1.86,1.74,1.50,0.00,2.19,5.00,3.37,0.00
27/03/2024 06:50 p. m.,Ordeño,10:22,14.92,3,,TI,,,0,,1.32,1.26,1.08,1.20,0,0,0,0,4.84,4.60,4.63,5.10,VMS 2,,Tanque,,1.74,1.68,1.50,1.62,2.12,3.50,4.03,5.27
28/03/2024 01:07 a. m.,Ordeño,08:20,8.14,1,,"TI,TD",,,0,,1.08,1.20,1.02,1.02,0,0,0,0,4.77,4.74,4.67,4.45,VMS 2,,Tanque,,1.68,1.68,1.74,1.62,1.53,2.55,2.33,1.73
28/03/2024 08:34 a. m.,Ordeño,08:51,9.34,2,,"DI,TI,TD","DI,TI",DI,0,,0.30,1.20,0.90,1.02,0,0,0,0,4.82,5.06,4.98,4.96,VMS 2,,Tanque,,0.60,1.56,1.32,1.62,0.11,3.16,1.40,4.67
28/03/2024 05:31 p. m.,Ordeño,10:45,15.36,3,,,,,0,DI,1.32,1.20,1.20,1.02,0,0,0,0,5.71,4.69,5.08,4.56,VMS 2,,Tanque,,1.68,1.62,1.62,1.50,3.08,3.46,5.04,3.78
29/03/2024 03:20 a. m.,Ordeño,11:09,15.50,1,,,,,0,,1.02,1.32,1.08,1.08,0,0,0,0,4.97,4.99,4.89,5.12,VMS 2,,Tanque,,1.56,1.68,1.44,1.56,2.15,4.24,4.68,4.43
29/03/2024 09:19 a. m.,Ordeño,08:55,6.61,2,,TD,TI,TI,0,,1.14,1.20,0.00,1.02,0,0,0,0,4.70,4.73,0.00,4.64,VMS 2,,Tanque,,1.62,1.62,0.00,1.50,1.37,2.66,0.00,2.58
30/03/2024 02:39 p. m.,Ordeño,09:28,6.22,2,,,TD,TD,0,,1.02,1.14,1.02,0.00,0,0,0,0,5.09,4.67,4.69,0.00,VMS 2,,Tanque,,1.74,1.56,1.38,0.00,1.20,2.44,2.58,0.00
31/03/2024 02:07 a. m.,Ordeño,11:08,12.94,1,,TD,DD,DD,0,,1.20,0.00,1.20,1.20,0,0,0,0,5.37,0.00,4.95,5.09,VMS 2,,Tanque,,1.56,0.00,1.56,1.74,2.29,0.00,4.18,6.47
31/03/2024 06:25 a. m.,Ordeño,09:13,9.64,2,,TD,,,0,,1.02,1.26,1.08,1.08,0,0,0,0,4.96,5.16,4.75,4.55,VMS 2,,Tanque,,1.74,1.74,1.50,1.56,0.96,4.92,2.02,1.74
31/03/2024 04:15 p. m.,Ordeño,09:48,15.70,3,,,,,0,,1.20,1.38,1.38,1.20,0,0,0,0,5.24,4.73,4.96,4.90,VMS 2,,Tanque,,1.62,1.80,1.68,1.74,2.24,4.34,4.63,4.49
31/03/2024 11:26 p. m.,Ordeño,11:21,8.03,4,,"TI,TD",TI,TI,0,"DI,TD",1.32,1.14,0.24,1.26,0,0,0,0,5.03,4.80,3.75,4.96,VMS 2,,Tanque,,1.86,1.62,0.54,1.74,1.79,3.06,0.05,3.13
01/04/2024 09:04 a. m.,Ordeño,13:02,11.75,1,,TI,TI,,0,,1.32,1.38,1.20,1.20,0,0,0,0,5.24,5.21,5.31,5.28,VMS 2,,Tanque,,1.86,1.92,2.16,1.62,2.19,4.01,1.30,4.25
01/04/2024 06:16 p. m.,Ordeño,10:44,15.85,2,,TD,,,0,,1.32,1.32,1.26,1.20,0,0,0,0,4.90,4.53,4.85,4.69,VMS 2,,Tanque,,1.74,1.74,1.62,2.16,2.64,2.38,5.40,5.43
02/04/2024 12:41 a. m.,Ordeño,07:56,8.57,1,,TI,,,0,TD,1.20,1.44,1.14,1.20,0,0,0,0,4.83,4.80,3.82,4.97,VMS 2,,Tanque,,1.74,1.86,1.98,1.56,1.75,2.65,0.51,3.66
02/04/2024 12:44 p. m.,Ordeño,09:50,16.59,2,,TD,,,0,,1.32,1.44,1.20,1.20,0,0,0,0,5.50,5.34,4.90,5.37,VMS 2,,Tanque,,1.68,1.86,1.62,1.62,2.72,4.18,4.06,5.63
03/04/2024 06:17 p. m.,Ordeño,12:56,6.35,2,,TI,"TI,TD","TI,TD",0,,1.14,1.26,0.30,0.00,0,0,300,0,5.09,4.82,4.15,0.00,VMS 2,,Tanque,,1.56,1.62,0.54,0.00,2.29,3.95,0.11,0.00
03/04/2024 11:18 p. m.,Ordeño,12:36,13.79,3,,,,,0,,1.02,1.20,1.08,1.02,0,0,0,0,4.61,4.29,4.61,4.65,VMS 2,,Tanque,,1.50,1.68,1.50,1.38,1.26,2.60,4.90,5.03
04/04/2024 08:14 a. m.,Ordeño,12:19,9.82,1,,,TD,TD,0,,1.14,1.32,1.08,0.00,0,0,0,0,5.07,4.78,4.54,0.00,VMS 2,,Tanque,,1.62,1.68,1.44,0.00,1.87,4.07,3.88,0.00
04/04/2024 02:12 p. m.,Ordeño,10:52,5.66,2,,DD,TD,TD,0,,1.08,1.26,1.14,0.00,0,0,0,0,5.02,4.57,4.48,0.00,VMS 2,,Tanque,,1.38,1.62,1.50,0.00,1.45,1.61,2.60,0.00
04/04/2024 06:19 p. m.,Ordeño,12:06,11.58,3,,DI,,,0,,0.84,1.26,1.02,1.20,0,0,0,0,4.76,4.90,4.88,4.85,VMS 2,,Tanque,,1.62,1.68,1.32,1.68,0.30,3.28,2.08,5.92
05/04/2024 09:57 p. m.,Ordeño,11:45,17.25,2,,,,,0,,1.26,1.32,1.38,1.14,0,0,0,0,4.94,4.66,4.66,4.57,VMS 2,,Tanque,,1.86,1.74,1.80,1.74,2.60,5.09,5.21,4.35
07/04/2024 12:35 a. m.,Ordeño,10:11,8.17,1,,,,,0,,1.02,1.20,0.96,0.90,0,0,0,0,4.65,4.38,4.64,4.16,VMS 2,,Tanque,,1.62,1.56,1.26,1.32,1.29,2.32,2.41,2.15
07/04/2024 09:46 a. m.,Ordeño,13:06,6.39,2,,,"DD,TD","DD,TD",0,,1.08,0.00,1.20,0.00,0,0,0,0,5.18,0.00,4.96,0.00,VMS 2,,Tanque,,1.62,0.00,1.56,0.00,2.08,0.00,4.31,0.00
07/04/2024 06:31 p. m.,Ordeño,10:34,14.74,3,,TI,,TI,0,,1.26,1.50,0.24,1.38,0,0,0,0,4.91,4.96,1.74,5.02,VMS 2,,Tanque,,1.86,1.98,0.66,1.80,2.29,6.15,0.17,6.13
08/04/2024 01:06 a. m.,Ordeño,07:40,10.73,1,,"DD,TI",,,0,,1.26,1.32,1.14,1.14,0,0,0,0,5.17,4.98,5.16,5.12,VMS 2,,Tanque,,1.80,1.68,1.86,1.56,1.68,3.03,3.09,2.93
08/04/2024 06:56 a. m.,Ordeño,10:28,11.94,2,,,,,0,,1.20,1.26,1.20,1.02,0,0,0,0,4.88,4.98,4.90,5.13,VMS 2,,Tanque,,1.74,1.68,1.62,1.44,1.58,2.50,5.35,2.51
08/04/2024 09:01 p. m.,Ordeño,07:38,20.10,3,,TI,,,0,,1.38,1.32,1.20,1.14,0,0,0,0,4.88,4.84,4.91,5.01,VMS 2,,Tanque,,1.92,2.04,1.56,1.62,3.96,6.18,3.82,6.14
09/04/2024 05:46 a. m.,Ordeño,11:06,9.77,1,,,TI,TI,0,,1.20,1.44,0.00,1.08,0,0,0,0,5.05,4.91,0.00,5.02,VMS 2,,Tanque,,1.68,1.86,0.00,1.62,2.19,3.68,0.00,3.90
09/04/2024 06:48 p. m.,Ordeño,11:07,15.02,2,,TI,TI,TI,0,,1.32,1.50,0.36,1.14,0,0,0,0,5.69,5.22,3.08,5.38,VMS 2,,Tanque,,1.98,1.98,0.72,1.56,3.41,5.79,0.07,5.75
10/04/2024 04:30 a. m.,Ordeño,11:28,17.14,1,,,,,0,,1.20,1.26,1.20,1.14,0,0,0,0,5.08,4.88,4.83,4.97,VMS 2,,Tanque,,1.62,1.74,1.56,1.56,2.59,4.42,5.79,4.34
10/04/2024 03:11 p. m.,Ordeño,13:06,9.31,2,,"DI,TD",TI,TI,0,,1.20,1.20,0.00,1.14,0,0,0,0,4.95,4.96,0.00,4.97,VMS 2,,Tanque,,1.68,1.62,0.00,1.98,2.06,4.07,0.00,3.18
11/04/2024 01:16 a. m.,Ordeño,12:27,15.46,1,,TD,,,0,,1.20,1.38,1.20,0.96,0,0,0,0,5.23,5.02,5.09,4.89,VMS 2,,Tanque,,1.80,1.92,1.80,1.38,3.03,4.69,6.56,1.18
11/04/2024 11:42 a. m.,Ordeño,10:14,2.80,2,,,"DD,TI,TD","DD,TI,TD",0,,1.26,0.00,0.00,0.00,0,0,0,0,4.80,0.00,0.00,0.00,VMS 2,,Tanque,,1.74,0.00,0.00,0.00,2.80,0.00,0.00,0.00
11/04/2024 02:53 p. m.,Ordeño,15:03,12.78,3,,TD,,,0,,0.96,1.20,1.26,1.14,0,0,0,0,4.65,5.03,5.00,4.95,VMS 2,,Tanque,,1.44,1.56,1.62,1.62,0.67,3.82,4.23,4.06
12/04/2024 05:46 a. m.,Ordeño,12:55,13.82,1,,,TD,TD,0,,1.38,1.44,1.26,0.00,0,0,0,0,4.99,4.65,4.62,0.00,VMS 2,,Tanque,,1.98,1.92,1.68,0.00,3.49,5.16,5.17,0.00
12/04/2024 02:06 p. m.,Ordeño,09:02,5.19,2,,"TI,TD","DI,TI,TD",DI,0,TD,0.00,1.38,1.08,1.08,0,0,0,0,0.00,4.36,3.69,5.16,VMS 2,,Tanque,,0.00,1.86,1.80,1.44,0.00,3.50,0.74,0.95
12/04/2024 11:34 p. m.,Ordeño,14:37,3.02,3,,,"DI,TI,TD","DI,TI,TD",0,,0.00,1.26,0.00,0.00,0,0,0,0,0.00,5.06,0.00,0.00,VMS 2,,Tanque,,0.00,1.68,0.00,0.00,0.00,3.02,0.00,0.00
13/04/2024 10:24 a. m.,Ordeño,12:37,11.21,1,,,"DI,TI","DI,TI",0,,0.00,1.38,0.00,1.20,0,0,0,0,0.00,5.31,0.00,4.91,VMS 2,,Tanque,,0.00,1.86,0.00,1.62,0.00,5.47,0.00,5.74
15/04/2024 01:19 p. m.,Ordeño,11:58,3.71,2,,"TI,TD","TI,TD",TI,0,TI,1.14,1.14,0.60,0.90,0,0,0,0,5.14,4.49,5.29,4.69,VMS 2,,Tanque,,1.68,1.68,0.96,1.50,1.07,2.00,0.07,0.57
15/04/2024 05:51 p. m.,Ordeño,13:51,10.73,3,,,,,0,,0.90,1.14,1.14,1.20,0,0,0,0,5.48,4.91,5.12,5.19,VMS 2,,Tanque,,1.50,1.50,1.50,1.50,0.78,1.96,3.93,4.06
16/04/2024 02:41 a. m.,Ordeño,14:13,6.99,1,,TD,TI,TI,0,,1.14,1.26,0.00,1.02,0,0,0,0,5.69,5.32,0.00,5.45,VMS 2,,Tanque,,1.44,1.62,0.00,1.68,1.52,3.73,0.00,1.74
16/04/2024 02:36 p. m.,Ordeño,10:02,20.97,2,,TD,,,0,,1.32,1.38,1.20,1.32,0,0,0,0,5.38,4.76,4.84,4.92,VMS 2,,Tanque,,1.68,1.86,1.68,1.86,2.84,5.94,6.12,6.07
16/04/2024 08:47 p. m.,Ordeño,07:19,10.00,3,,,,,0,,1.14,1.26,1.08,1.08,0,0,0,0,4.98,4.64,4.71,4.77,VMS 2,,Tanque,,1.50,1.62,1.44,1.62,1.48,2.99,2.85,2.68
17/04/2024 06:20 a. m.,Ordeño,08:51,14.58,1,,,,,0,,1.26,1.38,0.96,1.14,0,0,0,0,5.49,5.04,5.10,5.34,VMS 2,,Tanque,,1.68,1.86,1.32,1.50,2.20,4.02,4.13,4.23
17/04/2024 06:44 p. m.,Ordeño,11:55,13.45,2,,TI,TI,,0,,1.32,1.38,0.96,1.14,0,0,0,0,5.34,4.98,5.07,5.12,VMS 2,,Tanque,,1.62,1.74,1.32,1.62,2.76,5.04,0.89,4.76
18/04/2024 01:55 a. m.,Ordeño,11:58,13.49,1,,"TI,TD",,,0,,1.20,1.26,1.38,1.14,0,0,0,0,4.86,4.65,4.99,4.60,VMS 2,,Tanque,,1.62,1.68,1.98,1.50,1.72,3.28,6.23,2.26
18/04/2024 06:06 p. m.,Ordeño,11:38,17.64,2,,TI,TI,,0,,1.44,1.50,1.14,1.20,0,0,0,0,5.62,5.17,5.11,5.00,VMS 2,,Tanque,,2.52,1.98,1.56,1.62,3.63,5.73,2.72,5.56
19/04/2024 02:25 a. m.,Ordeño,12:08,5.23,1,,TI,"TI,TD","TI,TD",0,"DI,DD",1.20,1.26,0.60,0.00,0,0,0,0,5.36,5.19,3.82,0.00,VMS 2,,Tanque,,1.62,1.56,1.32,0.00,1.96,3.12,0.15,0.00
19/04/2024 10:04 a. m.,Ordeño,13:58,13.48,2,,"DD,TI",,,0,,1.08,1.32,1.14,1.32,0,0,0,0,5.26,5.00,5.07,5.44,VMS 2,,Tanque,,1.56,2.16,1.56,2.16,1.53,2.30,4.48,5.17
19/04/2024 05:48 p. m.,Ordeño,09:24,15.57,3,,,,,0,,1.26,1.38,1.14,1.20,0,0,0,0,5.19,4.92,4.82,4.70,VMS 2,,Tanque,,1.68,1.98,1.56,1.68,2.38,4.43,4.29,4.47
20/04/2024 05:35 a. m.,Ordeño,11:41,17.30,1,,TD,,,0,,1.20,1.32,1.20,1.14,0,0,0,0,5.24,4.91,5.09,4.99,VMS 2,,Tanque,,1.50,1.74,1.68,1.62,2.77,5.07,4.73,4.73
20/04/2024 07:45 p. m.,Ordeño,09:26,20.70,2,,,,,0,,1.02,1.32,1.20,1.38,0,0,0,0,5.16,4.86,4.98,4.96,VMS 2,,Tanque,,1.50,1.74,1.68,1.80,3.73,5.36,6.07,5.54
21/04/2024 07:47 a. m.,Ordeño,09:47,19.12,1,,,,,0,,1.20,1.32,1.08,1.20,0,0,0,0,5.21,5.13,5.13,5.22,VMS 2,,Tanque,,1.98,1.74,1.44,1.56,3.06,5.37,5.30,5.39
21/04/2024 05:26 p. m.,Ordeño,09:15,11.33,2,,,TD,TD,0,,1.14,1.20,1.20,0.00,0,0,0,0,5.18,5.21,5.13,0.00,VMS 2,,Tanque,,1.56,1.68,1.68,0.00,2.39,4.45,4.49,0.00
22/04/2024 06:49 a. m.,Ordeño,12:24,13.61,1,,DI,TD,TD,0,,1.20,1.26,1.38,0.00,0,0,0,0,4.87,4.65,4.78,0.00,VMS 2,,Tanque,,2.10,1.74,1.92,0.00,2.88,5.30,5.43,0.00
22/04/2024 11:07 a. m.,Ordeño,08:54,11.04,2,,TD,,,0,,1.08,1.20,1.08,1.26,0,0,0,0,4.71,4.76,4.76,4.46,VMS 2,,Tanque,,1.56,1.56,1.50,3.72,1.06,1.70,2.01,6.27
22/04/2024 08:57 p. m.,Ordeño,14:08,13.96,3,,,,,0,,1.20,1.14,1.02,1.02,0,0,0,0,5.03,5.10,5.17,4.87,VMS 2,,Tanque,,1.74,1.50,1.44,1.50,2.48,3.90,4.04,3.54
23/04/2024 04:33 a. m.,Ordeño,07:40,9.60,1,,TD,TD,,0,,1.32,1.26,1.14,0.72,0,0,0,0,4.62,4.61,4.65,4.56,VMS 2,,Tanque,,1.74,1.56,1.44,1.86,2.04,3.54,3.54,0.48
23/04/2024 06:02 p. m.,Ordeño,07:45,15.15,2,,"TI,TD",TI,TI,0,"DI,TD",1.32,1.44,0.66,1.44,0,0,0,0,5.24,5.08,3.89,5.38,VMS 2,,Tanque,,2.04,1.92,1.26,1.80,3.55,6.14,0.12,5.34
24/04/2024 12:05 a. m.,Ordeño,09:54,4.55,1,,,"DD,TI","DD,TI",0,,1.14,0.00,0.00,1.20,0,0,0,0,4.84,0.00,0.00,5.10,VMS 2,,Tanque,,1.68,0.00,0.00,1.50,1.50,0.00,0.00,3.05
24/04/2024 08:31 a. m.,Ordeño,11:44,8.25,2,,"TI,TD","TI,TD",TD,0,TD,1.26,1.50,0.96,0.54,0,0,0,0,5.12,5.14,4.22,6.83,VMS 2,,Tanque,,1.80,1.86,1.80,0.84,2.33,5.13,0.72,0.07
24/04/2024 01:54 p. m.,Ordeño,12:57,14.13,3,,,,,0,,1.08,1.26,1.14,1.20,0,0,0,0,4.58,4.55,4.93,5.17,VMS 2,,Tanque,,1.80,2.64,1.62,1.68,1.52,2.79,5.15,4.67
25/04/2024 02:20 a. m.,Ordeño,09:04,21.69,1,,,,,0,,1.44,1.50,1.14,1.26,0,0,0,0,5.24,5.02,4.89,5.02,VMS 2,,Tanque,,1.98,2.10,1.50,1.80,3.47,6.03,5.89,6.30
25/04/2024 07:57 a. m.,Ordeño,09:12,8.56,2,,TD,,,0,,0.90,1.14,1.02,1.14,0,0,0,0,4.69,4.68,4.82,4.70,VMS 2,,Tanque,,1.38,1.56,1.32,1.44,1.45,2.47,2.26,2.38
25/04/2024 03:16 p. m.,Ordeño,10:40,12.71,3,,TD,,,0,,1.02,1.26,1.02,1.08,0,0,0,0,4.98,5.02,5.00,5.11,VMS 2,,Tanque,,1.50,1.62,1.32,1.74,2.17,3.81,3.27,3.46
26/04/2024 01:24 a. m.,Ordeño,08:41,13.04,1,,,TD,TD,0,,1.32,1.50,1.32,0.00,0,0,0,0,5.23,5.29,5.23,0.00,VMS 2,,Tanque,,1.68,1.98,3.42,0.00,2.99,4.56,5.49,0.00
26/04/2024 07:18 a. m.,Ordeño,10:25,5.08,2,,"TI,TD","DI,TD",DI,0,TD,0.06,1.26,1.14,1.02,0,0,0,0,0.00,4.89,4.95,5.70,VMS 2,,Tanque,,0.18,1.62,1.56,1.32,0.06,2.79,1.55,0.68
26/04/2024 03:27 p. m.,Ordeño,13:47,2.59,3,,,"DI,TI,TD","DI,TI,TD",0,,0.00,1.26,0.00,0.00,0,0,0,0,0.00,4.96,0.00,0.00,VMS 2,,Tanque,,0.00,1.62,0.00,0.00,0.00,2.59,0.00,0.00
26/04/2024 07:09 p. m.,Ordeño,08:54,17.78,4,,,,,0,,1.26,1.26,1.20,1.20,0,0,0,0,5.10,4.89,5.09,4.82,VMS 2,,Tanque,,1.80,1.80,1.56,1.62,3.29,2.99,5.52,5.98
27/04/2024 12:07 a. m.,Ordeño,10:26,8.18,1,,,,,0,,1.08,1.14,1.02,0.96,0,0,0,0,4.80,4.95,4.87,4.61,VMS 2,,Tanque,,1.44,1.62,1.38,1.56,1.44,2.24,2.39,2.11
27/04/2024 05:49 a. m.,Ordeño,10:29,9.90,2,,,,,0,,1.08,1.20,1.08,1.02,0,0,0,0,4.88,4.88,5.00,4.75,VMS 2,,Tanque,,1.68,1.56,1.74,1.44,1.52,2.91,3.02,2.45
27/04/2024 05:01 p. m.,Ordeño,09:30,13.50,3,,TD,TI,TI,0,,1.26,1.38,0.00,1.26,0,0,0,0,5.14,5.11,0.00,5.21,VMS 2,,Tanque,,1.80,1.92,0.00,1.92,3.14,5.38,0.00,4.98
28/04/2024 02:31 a. m.,Ordeño,09:23,17.80,1,,,,,0,,1.14,1.20,1.26,1.26,0,0,0,0,4.62,4.61,4.83,4.84,VMS 2,,Tanque,,1.80,1.62,1.56,1.74,2.61,4.52,6.54,4.13
28/04/2024 02:37 p. m.,Ordeño,10:11,19.18,2,,,,,0,,1.20,1.38,1.14,1.20,0,0,0,0,4.95,5.00,4.90,5.11,VMS 2,,Tanque,,1.68,1.80,1.56,1.74,3.28,5.42,5.25,5.23
28/04/2024 11:03 p. m.,Ordeño,06:47,13.94,3,,TD,,,0,,1.08,1.32,1.14,4.56,0,0,0,0,4.57,4.57,4.79,0.94,VMS 2,,Tanque,,1.74,1.68,1.68,1.00,2.05,3.64,3.40,4.85
29/04/2024 05:50 a. m.,Ordeño,08:42,13.54,1,,,,,0,,1.14,1.26,1.14,1.20,0,0,0,0,4.84,4.99,5.02,4.99,VMS 2,,Tanque,,1.68,1.80,1.56,1.50,1.88,3.24,3.07,5.35
30/04/2024 12:05 a. m.,Ordeño,12:11,24.08,1,,,,,0,,1.32,1.50,1.26,1.26,0,0,0,0,5.52,5.11,5.13,5.21,VMS 2,,Tanque,,1.80,1.92,1.74,1.68,4.84,6.40,6.43,6.41
30/04/2024 07:59 a. m.,Ordeño,07:37,13.97,2,,,,,0,,1.20,1.26,1.20,1.14,0,0,0,0,4.83,4.86,4.92,5.09,VMS 2,,Tanque,,1.74,1.86,1.62,1.68,2.29,3.89,4.04,3.75
30/04/2024 04:18 p. m.,Ordeño,09:29,13.31,3,,TD,,,0,,1.14,1.26,1.14,1.14,0,0,0,0,4.74,4.93,5.04,5.12,VMS 2,,Tanque,,1.62,1.62,1.86,2.22,2.18,3.82,3.70,3.61
30/04/2024 09:54 p. m.,Ordeño,09:07,8.64,4,,,,,0,,1.08,1.20,0.96,1.02,0,0,0,0,4.84,4.75,4.93,4.78,VMS 2,,Tanque,,1.62,1.68,1.62,1.44,1.34,2.52,2.43,2.35
01/05/2024 07:18 a. m.,Ordeño,09:54,16.96,1,,,,,0,,1.38,1.32,1.14,1.20,0,0,0,0,5.08,5.16,5.13,5.33,VMS 2,,Tanque,,1.92,1.80,1.56,2.04,2.81,4.68,4.88,4.59
01/05/2024 05:04 p. m.,Ordeño,11:44,6.80,2,,TD,"TI,TD","TI,TD",0,,1.26,1.26,0.00,0.54,0,0,0,0,5.08,4.89,0.00,4.42,VMS 2,,Tanque,,1.68,1.62,0.00,1.02,2.51,4.11,0.00,0.18
01/05/2024 09:40 p. m.,Ordeño,10:16,9.96,3,,"TI,TD","DI,TD",DI,0,TD,0.24,1.26,1.08,0.96,0,0,0,0,3.95,4.90,5.08,5.90,VMS 2,,Tanque,,0.60,1.68,1.62,1.32,0.11,2.62,6.55,0.68
02/05/2024 07:54 a. m.,Ordeño,09:05,18.89,1,,TD,,,0,,1.38,1.38,1.08,1.26,0,0,0,0,5.02,5.04,4.94,5.37,VMS 2,,Tanque,,1.86,1.86,1.56,1.98,2.80,4.72,4.79,6.58
02/05/2024 06:07 p. m.,Ordeño,09:20,9.62,2,,,"DI,TD","DI,TD",0,,0.00,1.32,1.14,0.00,0,0,0,0,0.00,5.03,5.08,0.00,VMS 2,,Tanque,,0.00,1.86,1.56,0.00,0.00,4.81,4.81,0.00
03/05/2024 08:18 a. m.,Ordeño,09:33,22.37,1,,TD,,,0,,1.20,1.56,1.14,1.26,0,0,0,0,5.19,4.90,5.01,5.14,VMS 2,,Tanque,,1.62,2.58,1.56,1.62,3.81,6.20,5.95,6.41
03/05/2024 06:48 p. m.,Ordeño,11:23,15.06,2,,,,,0,,1.20,1.32,1.14,1.26,0,0,0,0,4.98,4.92,4.95,4.98,VMS 2,,Tanque,,1.74,1.86,1.56,1.74,2.07,4.56,4.57,3.86
04/05/2024 02:11 a. m.,Ordeño,08:53,12.55,1,,,,,0,,1.08,1.20,1.08,1.14,0,0,0,0,5.05,4.92,5.00,5.13,VMS 2,,Tanque,,1.50,1.56,1.44,1.68,1.79,3.69,3.86,3.21
04/05/2024 08:26 a. m.,Ordeño,09:33,7.26,2,,,DI,DI,0,,0.00,1.26,1.08,1.20,0,0,0,0,0.00,4.90,5.19,5.23,VMS 2,,Tanque,,0.00,1.68,1.56,1.98,0.00,3.09,1.56,2.61
04/05/2024 06:04 p. m.,Ordeño,12:16,18.07,3,,TD,,,0,,1.32,1.38,1.26,1.32,0,0,0,0,5.64,5.42,5.43,5.62,VMS 2,,Tanque,,1.80,1.86,1.74,1.80,2.59,4.79,6.07,4.62
05/05/2024 08:44 a. m.,Ordeño,11:18,23.09,1,,,,,0,,1.32,1.56,1.38,1.32,0,0,0,0,5.33,5.24,5.16,5.38,VMS 2,,Tanque,,1.80,2.10,1.98,1.86,3.94,6.22,6.39,6.54
05/05/2024 05:56 p. m.,Ordeño,09:22,14.40,2,,TI,,,0,,1.38,1.32,1.20,1.20,0,0,0,0,5.07,4.91,4.94,5.04,VMS 2,,Tanque,,1.92,1.74,1.50,1.86,2.42,4.09,3.96,3.93
06/05/2024 04:37 a. m.,Ordeño,10:25,17.33,1,,,,,0,,1.38,1.44,1.14,1.14,0,0,0,0,5.19,5.19,5.14,5.12,VMS 2,,Tanque,,2.04,1.86,1.92,1.68,2.83,4.83,4.81,4.86
06/05/2024 02:41 p. m.,Ordeño,10:57,15.63,2,,,,,0,,1.08,1.26,1.08,1.14,0,0,0,0,5.04,4.91,4.95,4.93,VMS 2,,Tanque,,1.56,1.62,1.44,1.62,2.55,4.45,4.38,4.25
07/05/2024 04:15 a. m.,Ordeño,10:20,22.98,1,,TI,,,0,,1.20,1.38,1.26,1.20,0,0,0,0,5.31,5.17,5.16,5.26,VMS 2,,Tanque,,1.62,1.92,1.80,1.74,3.95,6.18,6.18,6.67
07/05/2024 12:04 p. m.,Ordeño,09:30,9.08,2,,TI,TI,TI,0,"DI,DD,TD",1.26,1.26,0.30,1.08,0,0,0,0,4.86,4.75,3.48,4.78,VMS 2,,Tanque,,1.74,1.74,0.66,1.80,2.09,3.45,0.07,3.47
07/05/2024 06:25 p. m.,Ordeño,11:12,13.61,3,,TI,,,0,,1.20,1.26,1.08,1.14,0,0,0,0,5.27,5.14,5.16,5.13,VMS 2,,Tanque,,1.68,1.68,1.92,1.86,1.78,3.03,5.85,2.95
08/05/2024 05:41 a. m.,Ordeño,09:51,14.27,1,,TI,TI,,0,,1.20,1.26,0.66,1.14,0,0,0,0,5.25,5.14,4.02,5.21,VMS 2,,Tanque,,1.62,1.62,0.96,1.68,3.12,5.35,0.48,5.32
08/05/2024 10:19 a. m.,Ordeño,06:39,2.83,2,,"TI,TD","DI,TI,TD","DI,TI",0,"DD,TD",0.00,1.20,0.78,0.96,0,0,300,0,0.00,4.80,3.42,4.82,VMS 2,,Tanque,,0.00,1.62,1.56,1.56,0.00,1.96,0.16,0.71
08/05/2024 04:26 p. m.,Ordeño,08:44,6.04,3,,TI,"TI,TD",TD,0,,1.26,1.20,0.78,0.00,0,0,0,0,5.26,5.14,5.03,0.00,VMS 2,,Tanque,,1.74,1.50,1.56,0.00,2.69,2.64,0.71,0.00
09/05/2024 01:45 a. m.,Ordeño,11:36,20.98,1,,"TI,TD",,,0,,1.38,1.26,0.96,1.20,0,0,0,0,5.17,5.22,5.04,5.21,VMS 2,,Tanque,,1.80,1.68,1.68,1.80,2.90,4.96,6.84,6.28
09/05/2024 09:18 a. m.,Ordeño,10:14,12.61,2,,,,,0,,1.14,1.20,0.90,1.08,0,0,0,0,5.05,5.03,4.79,4.90,VMS 2,,Tanque,,1.62,1.56,1.32,1.50,2.20,3.67,3.32,3.42
09/05/2024 08:07 p. m.,Ordeño,11:09,17.37,3,,TI,,,0,,1.14,1.32,0.96,1.14,0,0,0,0,5.19,5.08,5.11,5.12,VMS 2,,Tanque,,1.92,1.68,1.62,1.86,3.08,4.91,4.42,4.96
10/05/2024 08:31 a. m.,Ordeño,12:27,19.89,1,,"TI,TD",,,0,,1.50,1.26,1.08,1.14,0,0,0,0,4.97,4.92,4.96,4.85,VMS 2,,Tanque,,1.92,1.68,1.62,1.62,3.41,5.50,5.54,5.44
10/05/2024 06:22 p. m.,Ordeño,09:08,15.06,2,,TI,DI,,0,,0.96,1.32,1.20,1.32,0,0,0,0,4.09,4.84,4.90,4.86,VMS 2,,Tanque,,1.68,1.74,1.56,1.86,0.62,4.74,5.02,4.68
11/05/2024 07:02 a. m.,Ordeño,10:32,21.82,1,,DI,,,0,,1.14,1.26,1.08,1.26,0,0,0,0,5.41,4.97,5.04,5.01,VMS 2,,Tanque,,1.56,1.80,1.56,1.80,4.56,5.77,5.90,5.59
11/05/2024 01:22 p. m.,Ordeño,08:36,9.22,2,,,,,0,,1.02,1.20,1.02,1.08,0,0,0,0,4.62,4.64,4.82,4.61,VMS 2,,Tanque,,1.50,1.62,1.56,1.62,1.34,2.62,2.66,2.60
12/05/2024 07:08 a. m.,Ordeño,11:26,22.87,1,,DI,,,0,,1.20,1.56,1.14,1.32,0,0,0,0,5.28,5.17,5.16,5.09,VMS 2,,Tanque,,1.62,2.10,1.80,1.80,4.31,5.83,6.56,6.17
12/05/2024 06:03 p. m.,Ordeño,10:48,17.38,2,,TI,,,0,,1.44,1.32,1.02,1.32,0,0,0,0,5.17,5.11,5.10,5.12,VMS 2,,Tanque,,1.98,1.86,1.68,1.74,2.93,4.71,5.02,4.72
13/05/2024 07:20 a. m.,Ordeño,09:27,22.08,1,,,,,0,,1.26,1.44,1.14,1.32,0,0,0,0,5.19,5.03,5.04,5.11,VMS 2,,Tanque,,1.92,2.04,1.80,1.80,3.59,6.17,6.14,6.18
13/05/2024 02:21 p. m.,Ordeño,08:14,8.85,2,,"TI,TD",TD,,0,,1.02,1.20,0.84,1.08,0,0,0,0,4.79,4.69,4.92,4.70,VMS 2,,Tanque,,1.44,1.56,1.20,1.74,1.78,2.86,2.97,1.24
13/05/2024 06:43 p. m.,Ordeño,08:26,8.50,3,,,,,0,,1.14,1.20,0.84,1.14,0,0,0,0,5.17,4.89,4.99,4.91,VMS 2,,Tanque,,1.56,1.62,1.32,1.68,1.15,2.02,2.05,3.28
14/05/2024 02:57 a. m.,Ordeño,09:55,14.31,1,,,,,0,,1.08,1.20,0.90,1.08,0,0,0,0,5.16,5.03,5.11,5.00,VMS 2,,Tanque,,1.62,1.74,1.32,1.86,2.36,3.92,4.03,4.00
14/05/2024 02:06 p. m.,Ordeño,11:10,16.63,2,,TI,DI,,0,,1.14,1.38,1.08,1.20,0,0,0,0,4.22,5.10,5.04,5.05,VMS 2,,Tanque,,1.98,1.86,1.62,1.68,0.95,5.09,5.52,5.07
14/05/2024 11:25 p. m.,Ordeño,09:36,17.40,3,,TD,,,0,,1.26,1.32,1.02,1.32,0,0,0,0,5.49,5.07,5.05,5.15,VMS 2,,Tanque,,1.68,2.04,1.38,1.74,4.02,4.48,4.77,4.13
15/05/2024 07:48 a. m.,Ordeño,10:58,12.48,1,,"TI,TD",,,0,,1.20,1.20,0.96,1.14,0,0,0,0,4.89,4.92,5.07,5.09,VMS 2,,Tanque,,1.68,1.62,1.32,1.62,2.03,3.49,3.54,3.42
15/05/2024 06:44 p. m.,Ordeño,10:34,18.52,2,,"TI,TD",,,0,,1.26,1.32,1.02,1.20,0,0,0,0,5.11,4.99,5.06,5.01,VMS 2,,Tanque,,1.68,1.74,1.50,1.56,2.95,5.09,5.33,5.15
16/05/2024 09:49 a. m.,Ordeño,11:40,23.12,1,,"TI,TD",,,0,,1.38,1.50,1.14,1.38,0,0,0,0,5.27,5.31,5.04,5.15,VMS 2,,Tanque,,2.10,2.16,1.56,2.04,4.34,6.15,6.52,6.11
16/05/2024 04:45 p. m.,Ordeño,10:30,11.60,2,,TI,,,0,,1.20,1.20,0.90,1.20,0,0,0,0,4.69,4.80,4.90,4.77,VMS 2,,Tanque,,1.68,1.62,1.38,1.98,2.06,3.12,3.19,3.23
17/05/2024 01:36 a. m.,Ordeño,08:58,15.56,1,,"TI,TD",,,0,,1.32,1.20,1.08,1.26,0,0,0,0,5.12,5.06,5.04,5.09,VMS 2,,Tanque,,1.74,1.68,1.62,1.98,2.51,4.28,4.40,4.37
17/05/2024 08:15 a. m.,Ordeño,08:32,12.58,2,,TI,,,0,,1.32,1.26,0.96,1.20,0,0,0,0,4.91,4.85,4.91,4.89,VMS 2,,Tanque,,1.80,1.80,1.50,1.62,2.07,3.52,3.57,3.42
17/05/2024 04:55 p. m.,Ordeño,09:54,14.61,3,,,,,0,,1.20,1.38,1.08,1.14,0,0,0,0,5.20,5.12,5.04,5.28,VMS 2,,Tanque,,1.80,1.86,1.56,1.62,2.40,4.13,4.29,3.79
18/05/2024 01:46 a. m.,Ordeño,10:00,16.13,1,,"DD,TI",,,0,,1.38,1.44,1.14,1.32,0,0,0,0,5.14,5.18,5.17,5.28,VMS 2,,Tanque,,1.98,1.98,1.62,2.28,2.99,4.16,4.78,4.20
18/05/2024 08:45 a. m.,Ordeño,07:27,10.54,2,,"TI,TD",TD,,0,,1.20,1.38,1.08,1.20,0,0,0,0,5.01,4.98,5.02,5.02,VMS 2,,Tanque,,1.62,1.86,1.68,1.98,1.99,3.68,3.65,1.22
18/05/2024 05:29 p. m.,Ordeño,09:20,14.36,3,,"TI,TD",,,0,,1.32,1.38,1.08,1.50,0,0,0,0,5.21,5.11,5.23,5.29,VMS 2,,Tanque,,1.62,1.80,1.74,2.16,2.58,4.04,4.34,3.40
19/05/2024 01:10 a. m.,Ordeño,09:17,15.56,1,,,,,0,,1.26,1.26,1.08,1.20,0,0,0,0,4.88,4.79,4.96,4.94,VMS 2,,Tanque,,1.74,1.68,1.56,1.86,2.43,3.94,4.16,5.03
19/05/2024 09:32 a. m.,Ordeño,08:42,9.07,2,,TD,"DI,TD",DI,0,,0.00,1.38,1.02,1.02,0,0,0,0,0.00,5.02,4.95,5.36,VMS 2,,Tanque,,0.00,1.86,1.62,1.38,0.00,4.11,4.24,0.72
19/05/2024 03:00 p. m.,Ordeño,08:21,13.91,3,,TD,,,0,,1.50,1.32,1.14,1.32,0,0,0,0,5.04,4.88,4.88,4.97,VMS 2,,Tanque,,2.04,1.68,1.74,1.80,3.30,2.63,2.82,5.16
19/05/2024 08:44 p. m.,Ordeño,06:14,5.46,4,,TI,"DI,TI","DI,TI",0,DD,0.00,1.20,0.54,0.96,0,0,0,0,0.00,4.69,3.62,4.35,VMS 2,,Tanque,,0.00,1.56,0.84,1.44,0.00,2.77,0.12,2.57
20/05/2024 04:57 a. m.,Ordeño,10:48,11.72,1,,"DD,TI,TD",DD,DD,0,,1.38,0.24,1.14,1.32,0,0,0,0,4.99,3.22,5.06,4.91,VMS 2,,Tanque,,2.04,0.54,1.56,2.04,3.30,0.19,4.82,3.41
20/05/2024 09:58 a. m.,Ordeño,08:50,12.78,2,,TD,,,0,,1.26,1.44,1.08,1.26,0,0,0,0,4.54,5.01,4.65,4.90,VMS 2,,Tanque,,1.74,2.04,1.80,1.80,1.79,5.13,3.35,2.51
20/05/2024 04:21 p. m.,Ordeño,07:46,10.67,3,,,,,0,,1.26,1.32,1.08,1.14,0,0,0,0,4.69,4.53,4.85,4.89,VMS 2,,Tanque,,1.80,1.92,1.50,1.74,1.64,3.04,2.91,3.08
20/05/2024 10:57 p. m.,Ordeño,07:19,12.33,4,,TD,,,0,,1.08,1.14,1.08,1.20,0,0,0,0,4.81,4.73,4.92,5.04,VMS 2,,Tanque,,1.44,1.62,1.38,1.80,1.99,3.48,3.62,3.24
21/05/2024 09:35 a. m.,Ordeño,08:00,19.16,1,,"TI,TD",,,0,,1.20,1.38,1.14,1.38,0,0,0,0,5.08,5.06,5.08,5.29,VMS 2,,Tanque,,1.50,1.80,1.68,2.22,3.21,5.25,5.45,5.25
21/05/2024 07:05 p. m.,Ordeño,08:21,13.23,2,,"TI,TD",,,0,,1.14,1.20,0.96,1.14,0,0,0,0,4.72,4.72,4.88,4.90,VMS 2,,Tanque,,1.74,1.80,1.38,1.62,2.25,3.60,3.73,3.65
22/05/2024 07:11 a. m.,Ordeño,10:39,18.65,1,,TI,,,0,,1.44,1.44,1.14,1.32,0,0,0,0,4.92,4.87,4.93,5.11,VMS 2,,Tanque,,1.98,1.92,1.50,1.92,3.16,5.07,5.16,5.26
22/05/2024 06:17 p. m.,Ordeño,11:09,17.71,2,,"DI,TI,TD",,,0,,1.38,1.50,1.56,1.32,0,0,0,0,5.07,5.00,4.99,5.11,VMS 2,,Tanque,,2.34,2.16,2.10,1.86,6.20,5.14,1.35,5.02
23/05/2024 02:20 a. m.,Ordeño,08:28,11.17,1,,"TI,TD",TI,,0,,1.32,1.38,0.90,1.26,0,0,0,0,4.85,4.86,4.80,5.05,VMS 2,,Tanque,,1.98,1.80,1.20,1.62,2.53,3.91,0.80,3.93
23/05/2024 09:33 a. m.,Ordeño,07:40,15.12,2,,"TI,TD",,,0,,1.20,1.44,1.26,1.20,0,0,0,0,4.98,4.98,5.03,5.17,VMS 2,,Tanque,,1.86,1.98,1.98,1.86,2.15,3.82,5.71,3.44
23/05/2024 06:34 p. m.,Ordeño,08:13,15.05,3,,TD,,,0,,1.32,1.32,1.20,1.26,0,0,0,0,5.17,5.12,4.96,5.25,VMS 2,,Tanque,,1.74,1.86,1.56,1.98,2.46,4.10,4.37,4.12
24/05/2024 12:37 a. m.,Ordeño,07:24,10.21,1,,TD,,,0,,1.08,1.20,1.08,1.14,0,0,0,0,4.91,4.85,4.96,5.04,VMS 2,,Tanque,,1.50,1.68,1.50,1.92,1.80,2.99,2.96,2.46
24/05/2024 06:09 a. m.,Ordeño,07:34,9.77,2,,DI,,,0,,1.26,1.14,1.08,1.14,0,0,0,0,4.72,4.92,5.02,5.04,VMS 2,,Tanque,,1.80,1.56,1.74,1.62,1.60,2.73,2.63,2.81
24/05/2024 06:26 p. m.,Ordeño,09:19,20.99,3,,TD,,,0,,1.38,1.38,1.26,1.38,0,0,0,0,5.48,5.38,5.37,5.48,VMS 2,,Tanque,,1.86,1.86,1.62,1.92,3.66,5.82,5.91,5.60
25/05/2024 01:51 a. m.,Ordeño,07:03,13.10,1,,,,,0,,1.14,1.26,1.02,1.20,0,0,0,0,4.67,4.85,4.99,4.86,VMS 2,,Tanque,,1.56,1.62,1.56,1.68,2.25,3.54,3.72,3.59
25/05/2024 10:09 a. m.,Ordeño,08:08,12.42,2,,TD,,,0,,1.32,1.20,1.14,1.26,0,0,0,0,4.95,4.86,5.05,4.98,VMS 2,,Tanque,,1.68,1.74,1.62,1.74,2.21,3.40,3.60,3.21
25/05/2024 06:36 p. m.,Ordeño,09:06,12.61,3,,,,,0,,1.02,1.14,1.14,1.20,0,0,0,0,4.87,4.79,4.98,4.85,VMS 2,,Tanque,,1.62,1.68,1.74,1.92,2.08,3.37,3.73,3.43
26/05/2024 02:38 a. m.,Ordeño,09:40,14.68,1,,TD,,,0,,1.26,1.26,1.08,1.26,0,0,0,0,5.12,5.12,5.19,5.27,VMS 2,,Tanque,,1.56,1.68,1.50,2.04,2.28,4.18,4.33,3.89
26/05/2024 09:06 a. m.,Ordeño,07:08,11.25,2,,,,,0,,1.26,1.26,1.02,1.26,0,0,0,0,5.13,5.11,5.20,5.27,VMS 2,,Tanque,,1.74,1.80,1.50,1.92,1.84,3.09,3.30,3.02
26/05/2024 08:47 p. m.,Ordeño,07:01,12.61,3,,,"DI,DD,TI","DI,DD,TI",0,,0.00,0.00,0.00,4.08,0,0,0,0,0.00,0.00,0.00,5.67,VMS 2,,Tanque,,0.00,0.00,0.00,0.04,0.00,0.00,0.00,12.61
27/05/2024 01:38 p. m.,Ordeño,09:15,22.46,1,,,,,0,,1.26,1.44,1.26,1.38,0,0,0,0,5.08,5.39,4.96,5.28,VMS 2,,Tanque,,1.62,1.86,1.62,1.98,3.72,6.32,6.48,5.94
28/05/2024 01:23 a. m.,Ordeño,09:03,18.64,1,,,,,0,,1.08,1.32,1.26,1.32,0,0,0,0,4.90,4.91,4.96,4.99,VMS 2,,Tanque,,1.56,1.80,1.62,1.80,3.08,4.64,5.40,5.52
28/05/2024 09:36 a. m.,Ordeño,07:30,13.92,2,,"TI,TD",,,0,,1.20,1.32,1.08,1.26,0,0,0,0,5.08,5.11,5.05,5.00,VMS 2,,Tanque,,1.56,1.80,1.44,1.86,2.34,3.63,3.91,4.04
28/05/2024 06:02 p. m.,Ordeño,07:19,13.90,3,,"TI,TD",,,0,,1.32,1.20,1.14,1.26,0,0,0,0,5.00,4.99,5.06,4.98,VMS 2,,Tanque,,1.86,1.62,1.62,1.80,2.26,3.69,4.00,3.95
29/05/2024 04:11 a. m.,Ordeño,09:46,17.85,1,,"TI,TD",,,0,,1.26,1.32,1.08,1.26,0,0,0,0,5.00,4.88,5.00,4.88,VMS 2,,Tanque,,1.68,1.68,1.50,1.74,2.82,4.72,5.24,5.07
29/05/2024 12:37 p. m.,Ordeño,06:47,14.54,2,,"TI,TD",,,0,,1.20,1.32,1.14,1.26,0,0,0,0,5.13,5.16,5.20,5.07,VMS 2,,Tanque,,1.56,1.86,1.56,1.74,2.38,3.98,4.19,3.99
29/05/2024 07:58 p. m.,Ordeño,07:40,11.64,3,,"TI,TD",,,0,,1.02,1.20,1.02,1.26,0,0,0,0,4.93,4.76,5.01,4.73,VMS 2,,Tanque,,1.38,1.56,1.68,1.62,1.88,3.18,3.45,3.13
30/05/2024 06:58 a. m.,Ordeño,08:09,19.06,1,,TD,,,0,,1.26,1.32,1.08,1.38,0,0,0,0,5.05,5.16,5.12,5.10,VMS 2,,Tanque,,1.74,1.68,1.56,2.16,3.14,5.06,5.57,5.29
30/05/2024 01:02 p. m.,Ordeño,05:14,10.60,2,,"TI,TD",,,0,,1.02,1.32,1.02,1.32,0,0,0,0,5.03,5.02,5.13,4.98,VMS 2,,Tanque,,1.50,1.74,1.62,1.74,1.79,2.80,3.05,2.96
30/05/2024 07:46 p. m.,Ordeño,07:17,11.03,3,,,,,0,,1.08,1.14,1.02,1.14,0,0,0,0,4.92,4.75,4.98,4.86,VMS 2,,Tanque,,1.50,1.56,1.62,1.68,1.77,2.96,3.20,3.10
31/05/2024 04:05 a. m.,Ordeño,07:55,15.57,1,,TD,,,0,,1.26,1.32,1.02,1.20,0,0,0,0,5.18,5.17,5.23,5.12,VMS 2,,Tanque,,1.74,1.74,1.38,1.62,2.70,4.16,4.42,4.29
31/05/2024 10:25 a. m.,Ordeño,06:11,12.16,2,,,,,0,,1.14,1.20,1.14,1.32,0,0,0,0,5.11,5.17,5.24,5.12,VMS 2,,Tanque,,1.62,1.62,1.56,1.80,2.11,3.28,3.58,3.19
31/05/2024 06:47 p. m.,Ordeño,07:49,14.47,3,,"TI,TD",,,0,,1.14,1.26,1.02,1.14,0,0,0,0,5.11,5.11,5.18,5.10,VMS 2,,Tanque,,1.56,1.56,1.56,1.74,2.38,3.84,4.27,3.98
01/06/2024 04:35 a. m.,Ordeño,08:10,17.36,1,,,,,0,,1.14,1.26,1.02,1.20,0,0,0,0,5.00,4.95,5.02,4.99,VMS 2,,Tanque,,1.62,1.74,1.38,1.56,3.01,4.68,4.93,4.74
01/06/2024 01:00 p. m.,Ordeño,06:29,15.39,2,,,,,0,,1.50,1.38,1.20,1.20,0,0,0,0,5.05,5.02,5.03,4.86,VMS 2,,Tanque,,1.98,1.74,1.62,1.68,2.75,4.15,4.45,4.04
02/06/2024 12:26 a. m.,Ordeño,07:40,19.21,1,,,,,0,,1.62,1.32,1.14,1.14,0,0,0,0,4.72,4.86,4.88,4.43,VMS 2,,Tanque,,2.10,1.74,1.56,1.62,3.37,5.11,5.59,5.14
02/06/2024 07:40 a. m.,Ordeño,06:13,13.76,2,,DI,,,0,,1.20,1.32,1.14,1.20,0,0,0,0,4.76,4.84,4.95,4.75,VMS 2,,Tanque,,1.86,1.80,1.50,1.56,2.73,3.69,3.88,3.46
02/06/2024 06:39 p. m.,Ordeño,06:34,13.43,3,,"DI,TI",DD,DD,0,TI,1.20,0.00,1.26,1.32,0,0,0,0,3.69,0.00,4.95,4.88,VMS 2,,Tanque,,1.74,0.00,1.80,1.74,3.20,0.00,5.08,5.15
02/06/2024 11:26 p. m.,Ordeño,06:31,12.19,4,,,,,0,,1.08,1.44,1.02,1.14,0,0,0,0,2.61,5.18,4.84,4.56,VMS 2,,Tanque,,1.62,1.92,1.38,1.68,2.09,5.37,2.78,1.95
03/06/2024 06:19 a. m.,Ordeño,06:07,13.35,1,,,,,0,,1.32,1.20,1.08,1.02,0,0,0,0,4.25,4.44,4.71,4.55,VMS 2,,Tanque,,2.34,1.68,1.44,1.44,3.38,3.10,3.62,3.25
03/06/2024 04:31 p. m.,Ordeño,08:34,17.24,2,,,,,0,,1.26,1.26,1.20,1.14,0,0,0,0,5.23,4.86,4.92,4.89,VMS 2,,Tanque,,1.74,1.62,1.92,1.56,3.03,4.39,5.10,4.72
04/06/2024 07:04 a. m.,Ordeño,09:19,22.68,1,,DI,,,0,,1.44,1.44,1.32,1.26,0,0,0,0,5.11,5.06,4.96,5.11,VMS 2,,Tanque,,2.04,1.86,1.80,1.68,4.21,6.17,6.38,5.92
04/06/2024 04:47 p. m.,Ordeño,07:01,15.98,2,,DI,,,0,,1.20,1.26,1.08,1.20,0,0,0,0,4.67,4.69,4.86,4.74,VMS 2,,Tanque,,1.62,1.62,1.56,1.56,2.86,4.40,4.45,4.27
04/06/2024 10:59 p. m.,Ordeño,05:32,10.59,3,,,,,0,,1.14,1.26,1.14,1.08,0,0,0,0,4.86,4.83,4.91,4.96,VMS 2,,Tanque,,1.74,1.86,1.50,1.56,1.85,2.74,3.00,3.00
05/06/2024 06:38 a. m.,Ordeño,06:29,13.98,1,,TD,,,0,,1.26,1.32,1.08,1.26,0,0,0,0,5.05,5.10,5.11,5.18,VMS 2,,Tanque,,1.68,1.68,1.50,1.56,2.37,3.92,4.02,3.67
05/06/2024 02:33 p. m.,Ordeño,05:55,9.60,2,,TI,TI,,0,,1.20,1.32,0.72,1.14,0,0,0,0,4.97,4.97,3.89,5.09,VMS 2,,Tanque,,1.86,1.80,1.14,1.50,2.28,3.59,0.25,3.48
05/06/2024 10:20 p. m.,Ordeño,08:05,16.32,3,,,,,0,,1.26,1.44,1.26,1.20,0,0,0,0,4.99,4.98,5.06,5.08,VMS 2,,Tanque,,1.86,1.98,1.62,1.62,2.48,3.63,6.25,3.96
06/06/2024 08:01 a. m.,Ordeño,06:57,15.69,1,,,,,0,,1.38,1.38,1.08,1.26,0,0,0,0,4.85,5.00,4.92,4.99,VMS 2,,Tanque,,1.74,1.86,1.44,1.74,2.72,4.22,4.43,4.32
06/06/2024 08:06 p. m.,Ordeño,07:33,14.65,2,,TD,TD,,0,,1.32,1.44,1.14,0.96,0,0,0,0,4.88,4.99,4.98,5.63,VMS 2,,Tanque,,1.86,1.92,1.44,1.32,3.36,5.19,5.27,0.83
07/06/2024 04:10 a. m.,Ordeño,06:33,11.34,1,,TD,TD,,0,,1.32,1.32,1.20,0.90,0,0,0,0,4.94,4.99,4.97,5.36,VMS 2,,Tanque,,1.86,1.74,1.68,1.38,2.56,4.09,4.08,0.61
07/06/2024 02:21 p. m.,Ordeño,07:28,19.05,2,,,,,0,,1.32,1.26,1.20,1.26,0,0,0,0,5.09,5.03,5.17,5.08,VMS 2,,Tanque,,1.98,1.86,1.56,1.74,3.09,4.83,4.96,6.17
07/06/2024 08:45 p. m.,Ordeño,06:56,11.09,3,,,,,0,,1.14,1.32,1.02,1.08,0,0,0,0,4.89,4.82,4.97,4.76,VMS 2,,Tanque,,1.80,1.68,1.38,1.56,2.11,3.10,3.29,2.59
08/06/2024 06:10 a. m.,Ordeño,06:49,16.23,1,,,,,0,,1.26,1.32,1.26,1.20,0,0,0,0,5.08,5.25,5.16,5.29,VMS 2,,Tanque,,1.62,1.74,1.56,1.62,2.87,4.71,4.76,3.89
08/06/2024 04:14 p. m.,Ordeño,07:23,16.44,2,,,,,0,,1.32,1.20,1.20,1.14,0,0,0,0,4.89,4.82,4.90,4.95,VMS 2,,Tanque,,1.86,1.62,1.50,1.62,2.92,4.63,4.78,4.11
09/06/2024 01:06 a. m.,Ordeño,06:32,12.40,1,,TD,TD,,0,,1.20,1.26,1.26,1.08,0,0,0,0,4.89,4.76,4.91,4.95,VMS 2,,Tanque,,1.62,1.68,1.62,1.44,2.65,4.21,4.49,1.05
09/06/2024 07:47 a. m.,Ordeño,07:57,13.79,2,,,,,0,,1.20,1.20,1.20,1.38,0,0,0,0,5.02,4.89,4.92,5.07,VMS 2,,Tanque,,1.62,1.56,1.68,1.98,2.08,3.31,3.31,5.09
09/06/2024 09:22 p. m.,Ordeño,08:11,22.48,3,,,,,0,,1.26,1.38,1.32,1.26,0,0,0,0,5.07,5.13,5.11,5.20,VMS 2,,Tanque,,1.62,1.74,1.68,1.68,3.98,5.96,6.54,6.00
10/06/2024 08:41 a. m.,Ordeño,07:24,17.82,1,,,,,0,,1.32,1.26,1.14,1.14,0,0,0,0,4.76,4.72,4.74,4.81,VMS 2,,Tanque,,2.28,1.68,1.50,1.56,3.10,4.92,5.23,4.57
10/06/2024 07:57 p. m.,Ordeño,08:01,17.52,2,,,,,0,,1.20,1.32,1.08,1.20,0,0,0,0,4.89,4.91,4.83,4.94,VMS 2,,Tanque,,1.62,1.80,1.44,1.74,3.17,4.38,5.20,4.77
11/06/2024 04:39 a. m.,Ordeño,10:20,14.90,1,,,,,0,,1.26,1.14,1.02,1.08,0,0,0,0,5.03,4.83,4.96,5.08,VMS 2,,Tanque,,1.74,1.56,1.56,1.44,2.58,4.22,4.22,3.88
11/06/2024 02:58 p. m.,Ordeño,08:06,16.52,2,,,,,0,,1.26,1.26,1.08,1.08,0,0,0,0,5.04,4.90,4.98,5.11,VMS 2,,Tanque,,1.80,1.74,1.62,1.44,2.78,4.45,4.90,4.39
12/06/2024 01:33 a. m.,Ordeño,09:36,12.77,1,,TD,TD,,0,,1.26,1.44,1.08,0.84,0,0,0,0,5.26,5.15,5.21,5.23,VMS 2,,Tanque,,1.80,1.80,1.50,1.74,3.06,4.45,5.01,0.25
12/06/2024 10:31 a. m.,Ordeño,08:12,16.48,2,,,,,0,,1.38,1.32,1.08,1.44,0,0,0,0,4.74,4.71,4.87,5.18,VMS 2,,Tanque,,1.80,1.74,1.44,2.04,2.43,3.80,4.23,6.02
12/06/2024 04:59 p. m.,Ordeño,07:27,9.92,3,,TD,,,0,,1.26,1.26,1.02,1.20,0,0,0,0,5.10,4.70,4.84,4.53,VMS 2,,Tanque,,1.98,1.56,1.38,1.80,1.86,2.92,2.78,2.36
13/06/2024 06:57 a. m.,Ordeño,10:35,20.77,1,,,,,0,,1.32,1.38,1.26,1.26,0,0,0,0,5.21,4.99,5.08,5.42,VMS 2,,Tanque,,1.74,1.74,1.62,1.80,3.67,5.90,5.18,6.02
28/06/2024 09:48 a. m.,Ordeño,08:44,23.70,1,,,,,0,,1.68,1.56,1.44,1.26,0,0,0,0,5.10,4.84,4.78,4.90,VMS 3,,Tanque,,2.22,2.28,1.86,1.50,4.00,6.83,7.01,5.86
28/06/2024 05:06 p. m.,Ordeño,08:50,8.00,2,,,,,0,,1.32,1.32,1.32,1.08,0,0,0,0,4.54,4.58,4.59,4.64,VMS 3,,Tanque,,1.98,1.80,1.74,1.44,1.13,2.40,2.35,2.12
29/06/2024 01:53 a. m.,Ordeño,07:00,9.88,1,,,,,0,,1.44,1.44,1.26,1.38,0,0,0,0,4.80,4.70,4.67,4.85,VMS 3,,Tanque,,1.86,1.86,1.62,1.74,1.48,2.89,2.92,2.59
29/06/2024 09:53 a. m.,Ordeño,08:35,9.71,2,,TD,,,0,,1.32,1.44,1.26,1.32,0,0,0,0,4.74,4.73,4.67,4.76,VMS 3,,Tanque,,2.16,1.86,1.62,1.98,1.52,2.71,2.89,2.59
29/06/2024 05:05 p. m.,Ordeño,07:54,8.06,3,,,,,0,,1.20,1.26,1.32,1.14,0,0,0,0,4.79,4.67,4.52,4.37,VMS 3,,Tanque,,1.62,1.68,1.98,1.50,1.06,2.41,2.39,2.20
29/06/2024 11:48 p. m.,Ordeño,08:03,8.12,4,,,,,0,,1.08,1.32,1.20,1.26,0,0,0,0,4.61,4.66,4.59,4.57,VMS 3,,Tanque,,1.50,1.68,1.56,1.68,1.17,2.29,2.45,2.21
30/06/2024 12:54 p. m.,Ordeño,11:53,17.79,1,,,,,0,,1.38,1.50,1.38,1.20,0,0,0,0,5.15,4.85,4.88,4.68,VMS 3,,Tanque,,1.80,2.10,1.86,1.56,2.80,4.97,5.27,4.75
30/06/2024 08:07 p. m.,Ordeño,09:16,7.97,2,,DI,,,0,,1.14,1.38,1.14,1.20,0,0,0,0,4.54,4.44,4.55,4.36,VMS 3,,Tanque,,1.56,1.74,1.50,1.56,1.27,2.33,2.23,2.14
01/07/2024 06:09 a. m.,Ordeño,06:58,10.83,1,,,,,0,,1.14,1.38,1.26,1.32,0,0,0,0,4.63,4.41,4.47,4.58,VMS 3,,Tanque,,1.56,1.80,1.80,1.68,1.54,3.17,3.18,2.94
01/07/2024 03:34 p. m.,Ordeño,10:21,12.15,2,,TD,,,0,,1.20,1.38,1.26,1.26,0,0,0,0,4.45,4.56,4.65,4.84,VMS 3,,Tanque,,1.92,1.86,1.68,1.80,2.03,3.54,3.46,3.12
02/07/2024 01:54 a. m.,Ordeño,09:15,14.55,1,,TD,,,0,,1.26,1.26,1.32,1.20,0,0,0,0,4.97,4.78,4.78,4.70,VMS 3,,Tanque,,1.56,1.62,2.04,1.56,2.17,4.09,4.32,3.97
02/07/2024 10:48 a. m.,Ordeño,13:48,12.28,2,,DI,,,0,,1.32,1.32,1.14,1.32,0,0,0,0,4.92,4.77,4.87,4.87,VMS 3,,Tanque,,1.98,1.68,1.74,1.62,2.02,3.62,3.42,3.22
02/07/2024 10:41 p. m.,Ordeño,07:34,15.92,3,,TI,,,0,,1.44,1.50,1.44,1.32,0,0,0,0,4.77,4.58,4.60,4.74,VMS 3,,Tanque,,1.80,2.04,2.34,1.68,2.60,4.20,4.77,4.35
03/07/2024 10:31 a. m.,Ordeño,07:13,17.19,1,,,,,0,,1.26,1.44,1.44,1.38,0,0,0,0,5.18,4.92,4.94,5.05,VMS 3,,Tanque,,1.62,1.92,1.80,1.86,2.48,4.75,5.52,4.44
03/07/2024 08:18 p. m.,Ordeño,06:56,13.43,2,,,,,0,,1.14,1.44,1.50,1.38,0,0,0,0,4.73,4.67,4.57,4.72,VMS 3,,Tanque,,1.56,1.80,1.98,1.74,1.97,3.83,4.02,3.61
04/07/2024 06:11 a. m.,Ordeño,07:33,14.40,1,,,,,0,,1.32,1.38,1.38,1.32,0,0,0,0,5.00,4.91,4.86,4.93,VMS 3,,Tanque,,1.68,1.80,1.86,1.68,2.30,3.99,4.30,3.81
04/07/2024 03:16 p. m.,Ordeño,07:16,13.17,2,,,,,0,,1.08,1.38,1.32,1.38,0,0,0,0,5.04,4.90,4.97,4.99,VMS 3,,Tanque,,1.56,1.80,1.68,1.80,2.07,3.64,4.00,3.46
04/07/2024 10:20 p. m.,Ordeño,07:44,10.11,3,,,,,0,,0.96,1.20,1.14,1.14,0,0,0,0,4.84,4.65,4.76,4.64,VMS 3,,Tanque,,1.38,1.56,1.50,1.44,1.65,2.79,2.96,2.71
05/07/2024 06:53 a. m.,Ordeño,06:58,13.15,1,,,,,0,,1.14,1.14,1.26,1.20,0,0,0,0,5.04,4.92,4.91,5.03,VMS 3,,Tanque,,1.50,1.56,1.62,1.50,2.02,3.62,4.09,3.42
05/07/2024 05:20 p. m.,Ordeño,07:08,15.11,2,,,,,0,,1.20,1.38,1.32,1.38,0,0,0,0,5.24,4.99,5.11,5.10,VMS 3,,Tanque,,1.56,1.92,1.74,1.80,2.34,4.26,4.57,3.94
06/07/2024 05:49 a. m.,Ordeño,11:15,16.33,1,,"DI,TD",,,0,,1.32,1.32,1.32,1.32,0,0,0,0,4.65,4.60,4.69,4.49,VMS 3,,Tanque,,1.74,1.86,1.68,2.04,2.49,4.49,4.93,4.42
06/07/2024 01:10 p. m.,Ordeño,05:52,10.20,2,,,,,0,,1.20,1.14,1.20,1.14,0,0,0,0,4.82,4.80,4.70,4.71,VMS 3,,Tanque,,1.50,1.56,1.56,1.44,1.71,2.79,3.04,2.66
06/07/2024 08:30 p. m.,Ordeño,05:51,10.51,3,,TD,,,0,,0.90,1.14,1.20,1.14,0,0,0,0,5.05,4.99,4.96,4.91,VMS 3,,Tanque,,1.26,1.56,1.50,1.56,1.76,2.87,3.18,2.70
07/07/2024 07:13 a. m.,Ordeño,06:14,16.23,1,,,,,0,,1.14,1.26,1.44,1.26,0,0,0,0,5.13,4.93,4.94,4.90,VMS 3,,Tanque,,1.44,1.74,1.80,1.56,2.58,4.31,5.05,4.29
07/07/2024 04:08 p. m.,Ordeño,08:47,13.07,2,,,,,0,,1.38,1.32,1.32,1.26,0,0,0,0,4.84,4.78,4.86,4.82,VMS 3,,Tanque,,1.98,1.74,1.68,1.56,1.91,3.62,4.23,3.31
07/07/2024 11:45 p. m.,Ordeño,05:36,7.12,3,,"TI,TD",TI,TI,0,,1.14,1.14,0.60,1.20,0,0,0,0,4.43,4.43,3.62,4.23,VMS 3,,Tanque,,1.50,1.50,1.26,2.22,1.60,2.80,0.10,2.62
08/07/2024 10:18 a. m.,Ordeño,07:40,16.22,1,,TI,,,0,,1.08,1.20,1.56,1.26,0,0,0,0,5.05,4.91,4.98,4.90,VMS 3,,Tanque,,1.50,1.80,2.10,1.62,2.61,4.41,4.86,4.34
08/07/2024 04:16 p. m.,Ordeño,07:50,10.56,2,,,,,0,,1.20,1.20,1.62,1.20,0,0,0,0,4.90,4.85,5.11,4.91,VMS 3,,Tanque,,1.68,1.86,1.92,1.62,1.19,2.50,4.77,2.10
09/07/2024 12:48 a. m.,Ordeño,07:55,10.08,1,,"TI,TD",TI,,0,,1.38,1.20,1.26,1.32,0,0,0,0,4.78,4.71,4.49,4.78,VMS 3,,Tanque,,1.80,1.68,1.62,2.04,2.00,3.65,1.07,3.36
09/07/2024 09:06 a. m.,Ordeño,07:51,15.60,2,,,,,0,,1.08,1.26,1.38,1.26,0,0,0,0,5.04,4.78,4.91,4.90,VMS 3,,Tanque,,1.32,1.68,1.98,1.56,2.17,3.61,6.46,3.36
09/07/2024 04:19 p. m.,Ordeño,06:52,11.04,3,,,,,0,,1.14,1.14,1.32,1.08,0,0,0,0,5.03,4.92,4.84,4.91,VMS 3,,Tanque,,1.50,1.56,1.62,1.44,1.80,3.02,3.36,2.86
09/07/2024 11:51 p. m.,Ordeño,08:39,11.28,4,,TD,,,0,,1.32,1.20,1.38,1.32,0,0,0,0,4.77,4.65,4.70,4.57,VMS 3,,Tanque,,1.74,1.56,1.80,1.74,1.75,3.17,3.37,2.99
10/07/2024 11:39 a. m.,Ordeño,10:18,17.97,1,,,,,0,,1.38,1.26,1.38,1.20,0,0,0,0,5.09,4.90,5.00,4.97,VMS 3,,Tanque,,1.74,1.68,1.74,1.92,2.97,4.89,5.31,4.80
10/07/2024 06:15 p. m.,Ordeño,07:45,10.19,2,,,,,0,,1.20,1.14,1.32,1.08,0,0,0,0,4.99,4.70,4.85,4.75,VMS 3,,Tanque,,1.62,1.62,1.68,1.50,1.70,2.90,3.07,2.52
11/07/2024 01:45 a. m.,Ordeño,06:10,11.09,1,,,,,0,,1.14,1.08,1.26,1.02,0,0,0,0,4.83,4.72,4.71,4.70,VMS 3,,Tanque,,1.50,1.62,1.56,1.44,1.79,3.05,3.42,2.83
11/07/2024 11:05 a. m.,Ordeño,07:27,14.59,2,,,,,0,,1.26,1.26,1.44,1.26,0,0,0,0,5.08,4.93,4.99,5.04,VMS 3,,Tanque,,1.62,1.74,1.80,1.62,2.01,3.99,4.64,3.95
11/07/2024 05:35 p. m.,Ordeño,06:03,5.78,3,,TD,"DI,TD",DI,0,,0.00,1.14,1.38,0.96,0,0,0,0,0.00,4.65,4.78,4.62,VMS 3,,Tanque,,0.00,1.68,1.80,1.38,0.00,2.62,2.78,0.38
12/07/2024 01:01 a. m.,Ordeño,07:59,14.62,1,,,,,0,,1.44,1.14,1.38,1.44,0,0,0,0,5.24,4.78,4.76,5.06,VMS 3,,Tanque,,2.04,1.62,1.80,1.80,3.02,3.12,3.51,4.97
12/07/2024 10:35 a. m.,Ordeño,07:14,7.14,2,,"DI,TI,TD","TI,TD",TI,0,,1.50,1.08,0.84,1.02,0,0,0,0,4.89,4.83,4.22,5.03,VMS 3,,Tanque,,1.92,1.44,1.26,1.68,2.37,4.16,0.14,0.47
12/07/2024 03:35 p. m.,Ordeño,09:38,13.00,3,,"TI,TD",,,0,,1.14,1.02,1.38,1.32,0,0,0,0,4.45,4.91,5.23,5.04,VMS 3,,Tanque,,1.68,1.56,1.98,1.86,0.94,2.14,5.71,4.21
13/07/2024 01:32 a. m.,Ordeño,07:28,14.56,1,,DD,,,0,,1.44,1.14,1.50,1.44,0,0,0,0,5.17,4.86,4.88,4.86,VMS 3,,Tanque,,1.80,1.92,2.04,1.80,2.39,3.49,4.76,3.92
13/07/2024 11:34 a. m.,Ordeño,09:37,14.44,2,,TD,,,0,,1.32,1.20,1.44,1.44,0,0,0,0,4.81,4.72,4.74,4.62,VMS 3,,Tanque,,1.68,1.68,1.74,1.80,2.25,4.44,4.20,3.55
13/07/2024 05:44 p. m.,Ordeño,07:35,9.05,3,,TD,,,0,,1.20,1.02,1.26,1.20,0,0,0,0,5.02,4.77,4.86,4.77,VMS 3,,Tanque,,1.68,1.50,1.62,1.74,1.44,2.55,2.76,2.30
13/07/2024 11:30 p. m.,Ordeño,11:10,8.11,4,,DI,,,0,,1.26,0.96,1.26,1.08,0,0,0,0,4.73,4.65,4.72,4.66,VMS 3,,Tanque,,1.74,1.38,1.62,1.50,1.20,2.34,2.51,2.06
14/07/2024 09:23 a. m.,Ordeño,07:32,16.36,1,,,,,0,,1.32,1.20,1.50,1.26,0,0,0,0,5.14,4.97,5.00,5.13,VMS 3,,Tanque,,1.74,1.56,1.80,1.62,2.51,4.29,5.25,4.31
14/07/2024 06:06 p. m.,Ordeño,06:26,13.96,2,,,,,0,,1.02,1.20,1.44,1.26,0,0,0,0,5.00,4.84,4.92,4.94,VMS 3,,Tanque,,1.32,1.56,1.74,1.56,2.21,3.69,4.41,3.65
15/07/2024 12:24 a. m.,Ordeño,09:17,9.84,1,,"DI,TD",,,0,,1.14,1.08,1.20,1.20,0,0,0,0,4.50,4.66,4.74,4.67,VMS 3,,Tanque,,1.62,1.56,1.62,1.62,1.57,2.66,3.18,2.43
15/07/2024 10:45 a. m.,Ordeño,06:21,16.13,2,,,,,0,,1.20,1.26,1.44,1.32,0,0,0,0,5.01,4.82,4.93,4.93,VMS 3,,Tanque,,1.50,1.86,1.92,1.98,2.33,4.27,5.17,4.36
15/07/2024 08:03 p. m.,Ordeño,10:02,15.10,3,,,,,0,,1.32,1.26,1.44,1.32,0,0,0,0,4.79,4.70,4.86,4.81,VMS 3,,Tanque,,2.10,1.68,1.86,1.74,2.47,3.89,4.77,3.97
16/07/2024 07:20 a. m.,Ordeño,07:29,16.57,1,,,,,0,,1.14,1.32,1.38,1.38,0,0,0,0,4.67,4.57,4.52,4.54,VMS 3,,Tanque,,1.50,1.80,1.74,1.74,2.73,4.24,5.39,4.21
16/07/2024 03:47 p. m.,Ordeño,06:49,13.32,2,,,,,0,,1.26,1.32,1.44,1.32,0,0,0,0,5.22,4.90,4.98,5.20,VMS 3,,Tanque,,1.62,1.80,1.86,1.86,2.17,3.32,4.19,3.64
17/07/2024 03:56 a. m.,Ordeño,07:48,19.02,1,,,,,0,,1.26,1.32,1.50,1.44,0,0,0,0,4.76,4.63,4.64,4.67,VMS 3,,Tanque,,1.56,1.74,1.98,1.74,3.03,5.05,6.18,4.76
17/07/2024 03:09 p. m.,Ordeño,06:48,16.74,2,,,,,0,,1.38,1.26,1.38,1.32,0,0,0,0,4.76,4.67,4.67,4.73,VMS 3,,Tanque,,1.80,1.68,1.86,1.74,2.56,4.51,5.31,4.36
17/07/2024 10:10 p. m.,Ordeño,06:32,10.90,3,,,,,0,,1.20,1.08,1.32,1.26,0,0,0,0,4.89,4.68,4.79,4.80,VMS 3,,Tanque,,1.50,1.56,1.68,1.56,1.66,3.01,3.40,2.83
18/07/2024 03:00 p. m.,Ordeño,06:02,23.15,1,,,,,0,,1.38,1.44,1.56,1.38,0,0,0,0,5.63,5.35,5.12,5.21,VMS 3,,Tanque,,1.68,1.92,1.92,1.80,4.28,6.30,6.73,5.84
18/07/2024 09:15 p. m.,Ordeño,09:19,9.94,2,,,,,0,,1.26,1.20,1.38,1.26,0,0,0,0,4.89,4.82,4.76,4.68,VMS 3,,Tanque,,1.68,1.68,1.74,1.62,1.59,2.69,3.13,2.53
19/07/2024 08:21 a. m.,Ordeño,07:17,17.31,1,,,,,0,,1.38,1.32,1.44,1.32,0,0,0,0,5.13,4.95,4.91,5.11,VMS 3,,Tanque,,1.86,1.74,1.80,1.62,2.75,4.54,5.61,4.41
19/07/2024 06:20 p. m.,Ordeño,07:47,14.52,2,,,,,0,,1.20,1.26,1.44,1.26,0,0,0,0,4.92,4.69,4.72,4.76,VMS 3,,Tanque,,1.56,1.62,1.86,1.68,2.28,3.90,4.59,3.75
20/07/2024 03:57 a. m.,Ordeño,07:23,15.56,1,,,,,0,,1.08,1.26,1.44,1.32,0,0,0,0,5.01,4.69,4.78,4.81,VMS 3,,Tanque,,1.44,1.62,1.80,1.62,2.51,4.14,4.96,3.95
20/07/2024 10:50 a. m.,Ordeño,07:50,10.94,2,,,,,0,,1.20,1.14,1.50,1.32,0,0,0,0,4.71,4.77,4.87,4.88,VMS 3,,Tanque,,1.56,1.68,1.80,1.68,1.70,2.96,3.54,2.74
20/07/2024 06:37 p. m.,Ordeño,05:52,11.26,3,,,,,0,,1.32,1.20,1.32,1.32,0,0,0,0,4.73,4.71,4.72,4.79,VMS 3,,Tanque,,1.80,1.68,1.68,1.74,1.84,3.00,3.48,2.94
21/07/2024 01:47 a. m.,Ordeño,06:01,11.35,1,,,,,0,,1.26,1.32,1.50,1.32,0,0,0,0,4.73,4.69,4.80,4.53,VMS 3,,Tanque,,1.68,1.92,1.92,1.68,1.77,3.17,3.47,2.94
21/07/2024 01:35 p. m.,Ordeño,07:22,18.25,2,,,,,0,,1.32,1.44,1.38,1.44,0,0,0,0,4.53,4.77,4.73,4.80,VMS 3,,Tanque,,1.80,2.04,1.80,1.86,3.19,4.70,5.82,4.54
22/07/2024 12:31 a. m.,Ordeño,08:21,17.34,1,,,,,0,,1.38,1.32,1.44,1.26,0,0,0,0,5.01,4.74,4.89,4.80,VMS 3,,Tanque,,1.80,1.92,1.86,1.74,2.59,4.50,5.58,4.67
22/07/2024 09:24 a. m.,Ordeño,08:18,15.66,2,,,,,0,,1.38,1.20,1.26,1.26,0,0,0,0,5.16,4.81,4.87,5.20,VMS 3,,Tanque,,1.92,1.74,1.68,1.62,2.48,4.44,4.86,3.88
22/07/2024 07:00 p. m.,Ordeño,07:12,15.84,3,,TD,,,0,,1.50,1.38,1.56,1.38,0,0,0,0,5.14,4.89,5.04,5.04,VMS 3,,Tanque,,1.86,1.80,1.86,1.74,2.60,4.15,4.82,4.27
23/07/2024 04:56 a. m.,Ordeño,07:58,15.85,1,,TD,,,0,,1.44,1.38,1.62,1.38,0,0,0,0,5.09,4.81,4.94,5.00,VMS 3,,Tanque,,1.86,1.86,1.98,1.92,2.50,4.21,5.16,3.98
23/07/2024 04:10 p. m.,Ordeño,06:45,18.37,2,,,,,0,,1.56,1.38,1.56,1.38,0,0,0,0,5.28,5.04,5.06,5.26,VMS 3,,Tanque,,2.04,2.04,1.92,1.80,2.92,4.92,5.81,4.72
24/07/2024 01:17 a. m.,Ordeño,08:02,14.59,1,,TD,,,0,,1.44,1.32,1.44,1.38,0,0,0,0,4.84,4.73,4.74,4.85,VMS 3,,Tanque,,1.92,1.92,1.86,1.86,2.40,3.97,4.68,3.54
24/07/2024 11:02 a. m.,Ordeño,06:06,15.19,2,,,,,0,,1.32,1.38,1.62,1.32,0,0,0,0,4.89,4.85,5.00,5.09,VMS 3,,Tanque,,1.74,1.86,1.98,1.68,2.28,4.13,4.82,3.96
24/07/2024 08:36 p. m.,Ordeño,08:03,15.31,3,,,,,0,,1.50,1.38,1.50,1.32,0,0,0,0,4.82,4.84,4.72,4.72,VMS 3,,Tanque,,1.92,2.04,1.98,1.80,2.35,4.10,5.00,3.86
25/07/2024 06:15 a. m.,Ordeño,06:50,14.27,1,,,,,0,,1.44,1.20,1.56,1.32,0,0,0,0,4.48,4.55,4.59,4.61,VMS 3,,Tanque,,1.92,1.62,1.98,1.68,2.20,3.90,4.58,3.59
25/07/2024 01:26 p. m.,Ordeño,10:37,10.84,2,,"DI,TD",,,0,,1.44,1.26,1.44,1.38,0,0,0,0,4.61,4.64,4.85,4.93,VMS 3,,Tanque,,1.98,1.74,1.86,1.86,1.80,2.90,3.32,2.82
25/07/2024 09:35 p. m.,Ordeño,05:43,11.96,3,,,,,0,,1.14,1.20,1.44,1.26,0,0,0,0,4.42,4.42,4.45,4.60,VMS 3,,Tanque,,1.68,1.50,1.86,1.62,1.85,3.27,3.85,2.99
26/07/2024 05:20 a. m.,Ordeño,06:33,12.33,1,,,,,0,,1.26,1.08,1.44,1.38,0,0,0,0,4.70,4.71,4.72,4.77,VMS 3,,Tanque,,1.74,1.44,1.80,1.80,1.99,3.29,3.84,3.21
26/07/2024 01:41 p. m.,Ordeño,07:33,13.38,2,,,,,0,,1.26,1.32,1.50,1.26,0,0,0,0,5.05,4.91,4.96,5.11,VMS 3,,Tanque,,1.68,1.74,1.80,1.62,2.03,3.59,4.38,3.38
26/07/2024 08:05 p. m.,Ordeño,06:58,9.88,3,,,,,0,,1.20,1.20,1.26,1.14,0,0,0,0,4.65,4.58,4.48,4.58,VMS 3,,Tanque,,1.50,1.74,1.74,1.56,1.59,2.75,3.04,2.50
27/07/2024 03:48 a. m.,Ordeño,06:21,12.56,1,,,,,0,,1.14,1.20,1.38,1.14,0,0,0,0,4.75,4.71,4.65,4.78,VMS 3,,Tanque,,1.50,1.56,1.74,1.50,1.90,3.40,4.00,3.26
27/07/2024 01:30 p. m.,Ordeño,09:48,16.40,2,,,,,0,,1.26,1.38,1.44,1.32,0,0,0,0,4.92,4.96,4.92,5.10,VMS 3,,Tanque,,1.92,1.92,1.86,1.86,2.83,4.30,5.10,4.17
28/07/2024 12:55 a. m.,Ordeño,07:08,16.86,1,,,,,0,,1.50,1.26,1.44,1.32,0,0,0,0,4.64,4.55,4.59,4.71,VMS 3,,Tanque,,2.04,1.74,1.86,1.62,2.41,4.46,5.40,4.59
28/07/2024 11:36 a. m.,Ordeño,06:22,17.20,2,,,,,0,,1.26,1.44,1.62,1.32,0,0,0,0,5.08,4.81,4.92,5.16,VMS 3,,Tanque,,1.98,1.98,1.98,1.80,2.78,4.61,5.33,4.48
29/07/2024 04:16 a. m.,Ordeño,08:23,23.45,1,,,,,0,,1.38,1.38,1.62,1.38,0,0,0,0,4.82,5.09,4.86,5.27,VMS 3,,Tanque,,1.80,1.92,2.10,1.74,3.56,6.18,7.56,6.15
29/07/2024 02:27 p. m.,Ordeño,09:26,13.07,2,,,,,0,,1.20,1.02,1.44,1.26,0,364,0,0,4.55,4.56,4.67,4.59,VMS 3,,Tanque,,1.68,1.62,1.92,1.68,2.19,3.51,4.03,3.34
29/07/2024 09:36 p. m.,Ordeño,09:06,10.21,3,,TD,,,0,,1.20,0.90,1.38,1.26,0,0,0,0,4.55,4.37,4.65,4.59,VMS 3,,Tanque,,2.04,1.38,1.80,1.92,1.47,2.87,3.25,2.62
31/07/2024 03:42 a. m.,Ordeño,10:45,13.75,1,,,,,0,,1.38,0.78,1.44,1.26,0,0,0,0,4.63,4.54,4.63,4.49,VMS 3,,Tanque,,1.98,1.20,1.80,1.68,2.36,3.55,4.34,3.50
31/07/2024 03:49 p. m.,Ordeño,12:32,11.53,2,,,"DI,TI",DI,0,,0.00,0.66,1.56,1.26,0,0,0,0,0.00,4.87,4.86,5.34,VMS 3,,Tanque,,0.00,1.08,2.52,1.62,0.00,4.42,2.36,4.75
31/07/2024 11:43 p. m.,Ordeño,09:51,15.54,3,,,,,0,,1.38,0.66,1.62,1.14,0,0,0,0,4.79,4.62,5.12,4.77,VMS 3,,Tanque,,1.74,0.96,2.10,1.44,1.73,3.00,8.11,2.70
01/08/2024 06:56 a. m.,Ordeño,09:33,10.49,1,,,,,0,,1.26,0.66,1.38,1.02,0,0,0,0,4.88,4.77,4.75,5.24,VMS 3,,Tanque,,1.68,1.02,1.80,1.32,1.81,2.88,3.18,2.62
01/08/2024 02:56 p. m.,Ordeño,10:17,11.25,2,,TD,,,0,,1.20,0.60,1.44,1.32,0,0,0,0,5.15,4.95,5.00,5.19,VMS 3,,Tanque,,1.50,1.26,1.74,2.10,1.83,3.06,3.51,2.85
06/08/2024 08:42 p. m.,Ordeño,15:50,1.53,3,,TD,"TI,TD","DI,TI",0,,0.00,0.54,0.00,0.72,0,0,0,500,0.00,5.01,0.00,5.96,VMS 3,,Drenaje,,0.00,0.90,0.00,1.50,0.00,1.23,0.00,0.30
07/08/2024 08:44 a. m.,Ordeño,13:46,13.92,1,,,,,0,,1.56,0.60,1.62,1.32,0,0,0,489,4.98,5.35,4.76,5.41,VMS 3,,Drenaje,,2.16,0.96,2.04,1.86,3.12,3.66,6.29,0.85
09/08/2024 07:45 p. m.,Ordeño,08:59,11.83,2,,,,,0,,1.14,0.66,1.26,1.62,0,352,0,0,4.92,4.73,4.68,4.96,VMS 3,,Drenaje,,1.44,0.96,1.56,2.04,2.13,3.37,4.21,2.12
10/08/2024 06:11 a. m.,Ordeño,10:38,13.75,1,,,,,0,,1.02,0.66,1.32,1.62,0,0,0,0,4.95,4.80,4.83,5.05,VMS 3,,Drenaje,,1.44,1.08,2.22,2.16,2.30,3.90,4.90,2.65
10/08/2024 04:20 p. m.,Ordeño,10:15,13.58,2,,,,,0,,1.14,0.66,1.32,1.62,0,0,0,0,5.36,5.27,5.24,5.29,VMS 3,,Drenaje,,1.50,1.14,1.68,2.22,2.43,3.84,4.76,2.55
11/08/2024 07:31 a. m.,Ordeño,10:58,15.43,1,,,,,0,,1.38,0.66,1.44,1.68,0,0,0,0,5.04,5.18,4.99,5.29,VMS 3,,Drenaje,,1.74,1.20,1.86,2.34,2.58,4.51,5.26,3.08
11/08/2024 05:42 p. m.,Ordeño,07:13,8.89,2,,,,,0,,1.02,0.66,1.26,1.56,0,0,0,0,4.69,4.62,4.78,4.60,VMS 3,,Drenaje,,1.44,1.02,1.68,2.04,1.56,2.51,3.05,1.77
12/08/2024 05:03 a. m.,Ordeño,09:25,14.65,1,,,,,0,,1.32,0.84,1.38,1.68,0,0,0,0,5.23,5.24,5.17,5.46,VMS 3,,Drenaje,,1.98,1.20,1.86,2.28,2.56,4.02,5.43,2.64
12/08/2024 12:32 p. m.,Ordeño,09:54,9.97,2,,,,,0,,1.08,0.72,1.26,1.50,0,0,0,0,5.19,5.18,5.09,5.17,VMS 3,,Drenaje,,1.44,1.02,1.68,1.86,1.78,2.65,3.65,1.89
12/08/2024 10:50 p. m.,Ordeño,08:38,13.67,3,,,,,0,,1.26,0.72,1.44,1.50,0,0,0,0,5.11,5.11,4.97,5.04,VMS 3,,Drenaje,,1.74,1.14,1.80,2.16,2.28,3.87,4.95,2.57
13/08/2024 06:16 p. m.,Ordeño,07:28,10.95,2,,,,,0,,1.14,0.72,1.20,1.50,0,0,0,0,4.94,4.99,4.84,5.06,VMS 3,,Drenaje,,1.44,1.14,1.68,1.98,1.83,3.17,3.76,2.19
14/08/2024 04:15 a. m.,Ordeño,09:04,14.38,1,,,,,0,,1.08,0.72,1.38,1.50,0,0,0,0,5.13,5.07,4.96,5.07,VMS 3,,Drenaje,,1.44,1.14,1.74,1.98,2.52,4.05,5.00,2.81
16/08/2024 02:56 a. m.,Ordeño,11:19,6.89,1,,TI,TI,TI,0,,1.02,0.66,0.30,1.44,0,0,0,0,4.83,4.77,1.41,4.76,VMS 3,,Drenaje,,1.50,0.96,0.54,1.80,1.63,2.80,0.06,2.40
16/08/2024 08:20 a. m.,Ordeño,07:57,11.51,2,,TI,,,0,,1.26,0.60,1.44,1.38,0,0,0,0,4.82,5.04,4.93,4.91,VMS 3,,Drenaje,,1.68,0.96,1.92,1.80,1.60,2.15,6.16,1.60
16/08/2024 06:54 p. m.,Ordeño,10:25,13.30,3,,TD,,,0,,1.02,0.72,1.32,1.62,0,0,0,0,4.91,4.91,4.79,4.82,VMS 3,,Drenaje,,1.92,1.14,1.68,2.34,2.38,3.60,4.85,2.47
17/08/2024 04:05 a. m.,Ordeño,11:35,14.14,1,,,,,0,,1.14,0.66,1.38,1.56,0,0,0,0,5.06,5.03,4.88,5.54,VMS 3,,Drenaje,,1.56,1.02,1.92,2.04,2.21,3.68,4.87,3.38
18/08/2024 12:44 a. m.,Ordeño,09:12,12.10,1,,TD,,,0,,1.56,0.78,1.56,1.68,0,0,0,0,4.76,4.66,4.72,5.02,VMS 3,,Drenaje,,2.22,1.14,1.98,2.52,2.07,3.33,3.96,2.74
18/08/2024 09:18 a. m.,Ordeño,09:30,9.63,2,,TD,TD,,0,,1.32,0.72,1.62,1.50,0,0,0,0,5.10,4.87,5.00,5.36,VMS 3,,Drenaje,,1.86,1.02,2.04,2.28,1.93,3.12,4.05,0.53
19/08/2024 04:09 p. m.,Ordeño,11:58,7.33,2,,,,,0,,1.20,0.72,1.32,1.38,0,0,0,0,4.73,4.71,4.83,4.22,VMS 3,,Drenaje,,1.86,1.08,1.68,1.86,1.11,2.20,2.11,1.91
20/08/2024 01:38 a. m.,Ordeño,10:01,14.47,1,,,,,0,,1.32,0.72,1.62,1.44,0,0,0,0,5.08,4.92,4.95,5.28,VMS 3,,Drenaje,,1.74,1.14,1.98,1.86,2.61,3.78,5.18,2.90
20/08/2024 12:19 p. m.,Ordeño,14:16,10.82,2,,TD,,,0,,1.08,0.72,1.38,1.38,0,0,0,0,4.94,4.90,5.13,5.19,VMS 3,,Drenaje,,1.74,1.08,1.80,2.04,1.68,3.52,3.00,2.62
20/08/2024 08:41 p. m.,Ordeño,10:02,12.83,3,,,,,0,,1.26,0.72,1.44,1.62,0,0,0,0,4.82,4.56,4.76,4.96,VMS 3,,Drenaje,,1.56,1.08,1.80,2.04,2.24,3.11,4.62,2.86
23/08/2024 05:19 p. m.,Ordeño,11:53,3.58,2,,,Todos,,0,,0.96,0.66,0.78,0.66,0,0,0,2492,4.26,4.71,4.45,4.07,VMS 3,,Drenaje,,1.44,1.14,1.98,1.32,0.78,0.90,1.01,0.89
24/08/2024 01:41 a. m.,Ordeño,08:03,9.36,1,,,,,0,,1.20,0.72,1.32,1.20,0,0,0,0,4.72,4.75,4.89,4.41,VMS 3,,Drenaje,,1.68,1.02,1.74,1.68,1.62,2.40,3.15,2.19
24/08/2024 10:14 a. m.,Ordeño,11:04,7.31,2,,,TI,TI,0,,1.20,0.78,0.00,1.26,0,0,0,0,5.19,5.05,0.00,5.06,VMS 3,,Drenaje,,1.80,1.08,0.00,1.68,1.93,2.81,0.00,2.57
25/08/2024 01:04 a. m.,Ordeño,10:23,19.10,1,,,,,0,,1.50,0.90,1.62,1.50,0,0,0,380,5.18,5.04,5.12,5.43,VMS 3,,Drenaje,,1.98,1.26,2.04,1.92,3.40,4.48,6.96,4.26
25/08/2024 09:09 a. m.,Ordeño,08:48,8.31,2,,,,,0,,1.20,0.72,1.32,1.38,0,0,0,0,4.58,4.57,4.57,4.64,VMS 3,,Drenaje,,1.56,1.08,1.74,1.98,1.58,2.32,2.24,2.17
25/08/2024 11:18 p. m.,Ordeño,10:01,18.11,3,,TI,,,0,,1.38,1.02,1.44,1.62,0,0,0,0,5.11,4.96,5.01,5.16,VMS 3,,Drenaje,,1.80,1.38,2.40,2.04,3.33,4.94,5.14,4.70
26/08/2024 09:47 a. m.,Ordeño,11:00,16.27,1,,TD,,,0,,1.26,0.84,1.56,1.50,0,0,0,0,4.83,4.76,5.01,5.03,VMS 3,,Drenaje,,1.98,1.26,1.92,1.92,2.42,4.00,6.15,3.70
26/08/2024 08:58 p. m.,Ordeño,09:15,16.15,2,,,,,0,,1.44,0.96,1.56,1.62,0,0,0,0,5.11,4.79,4.98,4.88,VMS 3,,Drenaje,,2.16,1.32,2.10,2.04,2.73,3.92,5.37,4.13
27/08/2024 07:35 a. m.,Ordeño,09:42,14.93,1,,TD,,,0,,1.44,0.78,1.56,1.44,0,0,0,0,4.78,4.61,4.79,4.78,VMS 3,,Drenaje,,1.86,1.14,1.98,1.80,2.56,3.94,4.83,3.60
27/08/2024 04:17 p. m.,Ordeño,09:00,11.43,2,,TD,,,0,,1.38,0.90,1.50,1.56,0,0,0,0,4.85,4.53,4.77,4.41,VMS 3,,Drenaje,,1.74,1.38,1.92,2.76,2.11,3.34,4.00,1.98
28/08/2024 05:00 a. m.,Ordeño,09:49,19.47,1,,,,,0,,1.44,0.84,1.62,1.56,0,0,0,0,4.83,4.71,4.75,4.94,VMS 3,,Drenaje,,1.80,1.38,2.04,1.98,3.16,4.70,6.19,5.42
28/08/2024 01:32 p. m.,Ordeño,07:30,12.34,2,,TI,,,0,,1.38,0.84,1.44,1.32,0,0,0,0,4.86,4.76,4.90,5.38,VMS 3,,Tanque,,1.74,1.26,1.86,1.74,2.13,3.36,3.98,2.87
28/08/2024 09:15 p. m.,Ordeño,08:06,12.32,3,,TD,,,0,,1.32,0.84,1.50,1.44,0,0,0,0,4.81,4.64,4.88,4.63,VMS 3,,Tanque,,1.68,1.32,1.98,1.92,2.25,3.05,4.12,2.90
29/08/2024 09:42 a. m.,Ordeño,10:29,17.61,1,,TI,,,0,,1.38,1.02,1.44,1.50,0,0,0,0,4.70,4.67,4.81,4.91,VMS 3,,Tanque,,1.86,1.38,1.86,2.04,2.68,4.02,6.07,4.84
29/08/2024 05:54 p. m.,Ordeño,16:16,7.53,2,,"TI,TD","DI,TI",,0,,1.08,2.22,1.26,1.14,0,0,0,0,4.69,4.90,4.55,4.30,VMS 3,,Tanque,,1.50,4.08,2.10,1.74,0.65,3.67,1.77,1.44
30/08/2024 09:00 a. m.,Ordeño,08:29,4.61,1,,"DI,TI","DD,TI,TD",TD,0,,1.50,0.60,1.26,0.00,0,0,0,0,4.72,4.46,4.29,0.00,VMS 3,,Tanque,,2.04,0.96,1.68,0.00,3.68,0.54,0.39,0.00
30/08/2024 12:05 p. m.,Ordeño,11:39,20.80,2,,DD,,,0,,1.14,0.90,1.50,3.72,0,0,0,1081,4.69,5.25,4.68,5.04,VMS 3,,Divert 3,Sangre por pezón por encima del umbral,1.74,1.38,2.16,4.38,0.66,4.80,4.89,10.45
01/09/2024 07:11 a. m.,Ordeño,09:05,13.20,1,,"TI,TD",TD,,0,,1.50,0.90,1.80,1.32,0,0,0,300,4.83,4.61,4.87,5.09,VMS 3,,Tanque,,1.98,1.26,2.16,2.46,3.28,4.84,4.34,0.74
02/09/2024 04:08 a. m.,Ordeño,09:25,7.20,1,,"TI,TD","DD,TD",DD,0,,1.44,0.00,1.68,0.78,0,0,0,0,4.90,0.00,4.99,4.89,VMS 3,,Tanque,,1.86,0.00,2.10,1.08,2.80,0.00,3.06,1.34
02/09/2024 10:52 a. m.,Ordeño,08:49,12.46,2,,TI,,,0,TD,1.50,0.96,1.32,1.44,0,0,0,868,4.78,4.86,4.29,5.22,VMS 3,,Tanque,,1.80,1.38,1.92,1.80,1.89,4.97,0.94,4.66
04/09/2024 12:20 a. m.,Ordeño,09:13,13.92,1,,,,,0,,1.50,0.90,1.56,1.38,0,0,0,0,4.73,4.62,4.76,4.72,VMS 3,,Tanque,,2.16,1.38,2.22,1.86,2.47,3.77,4.56,3.12
05/09/2024 05:06 a. m.,Ordeño,10:38,14.18,1,,,,,0,,1.38,0.84,1.56,1.38,0,0,0,367,4.69,4.65,4.80,4.83,VMS 3,,Tanque,,1.80,1.32,1.92,1.86,2.56,3.81,4.50,3.31
05/09/2024 06:01 p. m.,Ordeño,09:41,17.15,2,,,,,0,,1.50,0.90,1.56,1.38,0,0,0,0,5.19,5.03,5.04,5.18,VMS 3,,Tanque,,1.86,1.32,2.16,1.68,2.87,4.50,5.82,3.96
06/09/2024 06:50 a. m.,Ordeño,09:04,15.50,1,,,,,0,,1.68,0.96,1.74,1.50,0,0,0,383,4.64,4.48,4.77,4.80,VMS 3,,Tanque,,2.28,1.32,2.10,1.86,2.65,4.15,5.18,3.52
07/09/2024 07:57 a. m.,Ordeño,09:53,10.24,1,,TD,"DI,TD",DI,0,,0.00,0.90,1.80,1.38,0,0,0,0,0.00,4.68,4.88,5.03,VMS 3,,Tanque,,0.00,1.26,2.34,1.86,0.00,4.29,5.29,0.66
07/09/2024 08:26 p. m.,Ordeño,09:34,18.89,2,,"TI,TD",,,0,,1.56,1.02,1.68,1.62,0,0,0,380,4.87,4.64,4.76,5.16,VMS 3,,Tanque,,2.16,1.56,1.98,1.98,4.64,4.35,4.57,5.33
08/09/2024 08:58 a. m.,Ordeño,11:10,10.54,1,,DI,TI,TI,0,,1.56,0.96,0.00,1.38,0,0,0,0,4.55,4.62,0.00,4.68,VMS 3,,Tanque,,2.34,1.26,0.00,1.86,1.95,4.72,0.00,3.87
08/09/2024 08:13 p. m.,Ordeño,08:25,10.29,2,,"TI,TD",TI,TI,0,,1.56,0.90,0.84,1.38,0,0,0,0,4.93,4.67,4.22,4.82,VMS 3,,Tanque,,1.92,1.32,1.32,2.10,3.24,4.39,0.13,2.53
09/09/2024 07:47 a. m.,Ordeño,09:57,18.42,1,,TI,,,0,,1.44,0.84,1.56,1.32,0,0,0,0,4.83,4.59,4.53,5.14,VMS 3,,Tanque,,1.92,1.32,1.98,1.62,2.93,4.66,5.83,5.00
09/09/2024 06:28 p. m.,Ordeño,06:05,11.44,2,,"DD,TI",DD,,0,,1.56,0.78,1.56,1.38,0,0,0,0,4.85,4.54,4.62,4.81,VMS 3,,Tanque,,2.04,1.08,1.86,1.74,2.41,1.72,3.78,3.53
10/09/2024 05:07 a. m.,Ordeño,14:35,16.41,1,,,,,0,,1.68,1.02,1.74,1.32,0,0,0,0,4.75,4.68,4.59,4.87,VMS 3,,Tanque,,2.16,1.38,2.22,1.62,2.67,5.29,5.05,3.40
10/09/2024 04:33 p. m.,Ordeño,09:35,17.03,2,,,,,0,,1.68,0.84,1.68,1.32,0,0,0,0,4.99,4.62,4.90,4.84,VMS 3,,Tanque,,2.34,1.32,2.16,1.62,2.87,4.51,5.35,4.30
11/09/2024 06:08 a. m.,Ordeño,09:50,18.83,1,,,,,0,,1.68,0.90,1.80,1.44,0,0,0,0,4.88,4.83,4.86,4.59,VMS 3,,Tanque,,2.34,1.26,2.28,1.74,3.55,4.93,6.10,4.25
11/09/2024 02:25 p. m.,Ordeño,09:20,8.39,2,,TD,TD,,0,,1.68,0.84,1.56,0.96,0,0,0,0,4.47,4.44,4.62,3.78,VMS 3,,Tanque,,2.22,1.26,2.04,1.68,1.70,2.46,3.09,1.14
11/09/2024 09:40 p. m.,Ordeño,07:40,10.70,3,,,,,0,TD,1.50,0.84,1.62,1.38,0,0,0,0,4.46,4.40,4.49,5.27,VMS 3,,Tanque,,1.98,1.38,2.04,1.86,1.76,2.70,2.81,3.43
12/09/2024 04:00 p. m.,Ordeño,06:47,9.06,2,,,,,0,,1.44,0.90,1.50,1.38,0,0,0,0,4.49,4.42,4.65,4.73,VMS 3,,Tanque,,1.92,1.26,1.98,1.86,1.66,2.37,2.86,2.17
13/09/2024 05:57 a. m.,Ordeño,10:59,14.65,1,,TI,TD,TD,0,,1.68,1.08,1.80,0.00,0,0,0,0,4.71,4.48,4.60,0.00,VMS 3,,Tanque,,2.34,1.50,2.16,0.00,3.50,5.02,6.13,0.00
14/09/2024 05:11 a. m.,Ordeño,08:55,15.09,1,,,,,0,,1.68,0.96,1.62,1.26,0,0,0,0,4.52,4.50,4.75,4.71,VMS 3,,Tanque,,2.46,1.38,2.28,1.56,2.58,4.23,5.36,2.92
14/09/2024 06:00 p. m.,Ordeño,09:02,16.93,2,,,,,0,,1.62,1.02,1.74,1.32,0,0,0,0,4.99,4.83,5.01,5.07,VMS 3,,Tanque,,2.28,1.44,2.22,1.80,3.28,4.44,5.66,3.55
15/09/2024 05:03 a. m.,Ordeño,07:30,15.65,1,,,,,0,,1.20,0.90,1.56,1.38,0,0,0,0,4.75,4.62,4.90,4.89,VMS 3,,Tanque,,1.92,1.32,1.92,1.74,2.83,4.11,5.45,3.26
15/09/2024 05:51 p. m.,Ordeño,08:42,17.63,2,,DI,,,0,,1.56,0.90,1.56,1.44,0,0,0,0,5.09,4.95,5.11,5.16,VMS 3,,Tanque,,1.98,1.26,2.10,1.80,3.24,4.74,5.88,3.77
16/09/2024 08:36 a. m.,Ordeño,09:22,19.20,1,,,,,0,,1.56,0.96,1.74,1.44,0,0,0,0,5.02,4.51,5.07,5.16,VMS 3,,Tanque,,1.92,1.50,2.28,1.80,3.35,5.38,6.04,4.43
17/09/2024 09:36 a. m.,Ordeño,09:36,11.78,2,,,,,0,,1.38,0.84,1.68,1.26,0,0,0,0,4.55,4.34,4.87,4.67,VMS 3,,Tanque,,2.22,1.86,2.10,1.68,2.02,3.28,3.75,2.73
17/09/2024 08:07 p. m.,Ordeño,08:04,13.85,3,,,,,0,,1.32,0.90,1.68,1.32,0,0,0,0,4.86,4.62,4.81,4.80,VMS 3,,Tanque,,1.62,1.26,1.98,1.68,2.32,3.69,4.63,3.21
18/09/2024 05:37 a. m.,Ordeño,07:21,13.36,1,,,,,0,,1.26,0.84,1.74,1.32,0,0,0,0,4.91,4.75,5.04,4.87,VMS 3,,Tanque,,1.68,1.20,2.10,1.56,2.34,3.44,4.37,3.21
18/09/2024 09:31 p. m.,Ordeño,10:23,21.77,2,,DI,,,0,,1.44,0.96,1.74,1.44,0,0,0,0,5.16,5.05,5.13,5.23,VMS 3,,Tanque,,2.04,1.32,2.16,1.92,4.00,5.99,6.48,5.30
19/09/2024 08:06 a. m.,Ordeño,11:16,13.87,1,,,,,0,,1.56,0.90,1.62,1.26,0,0,0,0,4.74,4.60,4.82,4.80,VMS 3,,Tanque,,2.04,1.32,2.10,2.46,2.51,3.52,4.70,3.14
19/09/2024 03:21 p. m.,Ordeño,11:09,8.91,2,,,,,0,,1.20,0.96,1.44,1.26,0,0,0,0,4.75,4.69,4.80,4.79,VMS 3,,Tanque,,1.74,1.32,1.92,2.16,1.59,2.33,2.93,2.06
20/09/2024 12:35 a. m.,Ordeño,06:45,13.04,1,,,,,0,,1.14,1.02,1.56,1.44,0,0,0,0,4.78,4.62,4.84,4.72,VMS 3,,Tanque,,1.68,1.38,2.04,1.80,2.35,3.41,3.94,3.34
20/09/2024 12:46 p. m.,Ordeño,07:00,18.22,2,,DD,,,0,,1.74,1.08,1.62,1.44,0,0,0,0,4.80,5.11,5.29,5.37,VMS 3,,Tanque,,2.22,1.68,2.22,1.80,3.65,4.21,6.19,4.17
20/09/2024 08:21 p. m.,Ordeño,07:13,9.88,3,,,,,0,,1.26,0.96,1.38,1.14,0,0,0,0,4.29,4.59,4.70,4.58,VMS 3,,Tanque,,1.68,1.32,1.92,1.44,1.80,2.60,3.12,2.36
21/09/2024 08:10 a. m.,Ordeño,08:28,17.53,1,,,,,0,,1.26,1.02,1.56,1.38,0,0,0,0,4.59,4.70,4.92,4.96,VMS 3,,Tanque,,1.80,1.44,1.86,1.80,3.18,4.57,5.79,3.99
21/09/2024 05:40 p. m.,Ordeño,07:17,13.01,2,,,,,0,,1.50,0.96,1.62,1.32,0,0,0,0,5.18,4.73,4.86,4.80,VMS 3,,Tanque,,1.92,1.32,1.98,1.68,2.27,3.41,4.38,2.95
22/09/2024 01:46 a. m.,Ordeño,08:28,10.48,1,,,,,0,,1.32,0.84,1.44,1.26,0,0,0,0,4.68,4.50,4.66,4.52,VMS 3,,Tanque,,1.98,1.26,1.98,1.62,1.72,2.70,3.66,2.40
22/09/2024 10:44 a. m.,Ordeño,08:48,13.92,2,,,,,0,,1.38,0.96,1.50,1.26,0,0,0,0,4.97,4.87,5.07,4.72,VMS 3,,Tanque,,2.34,1.44,1.98,1.68,2.46,3.58,4.57,3.31
22/09/2024 09:38 p. m.,Ordeño,06:57,15.76,3,,,,,0,,1.38,1.02,1.56,1.32,0,0,0,0,4.91,4.76,4.90,4.93,VMS 3,,Tanque,,1.80,1.56,1.92,1.62,2.85,4.01,5.37,3.53
23/09/2024 07:02 a. m.,Ordeño,08:11,14.56,1,,,,,0,,1.38,1.02,1.56,1.38,0,0,0,0,4.86,4.84,5.02,4.99,VMS 3,,Tanque,,1.92,1.62,1.92,1.74,2.65,3.57,4.99,3.35
23/09/2024 06:33 p. m.,Ordeño,08:52,17.64,2,,,,,0,,1.26,0.96,1.56,1.32,0,0,0,0,4.93,4.83,5.03,5.04,VMS 3,,Tanque,,1.62,1.44,1.92,1.68,2.95,4.48,6.00,4.21
24/09/2024 07:39 a. m.,Ordeño,07:49,12.34,1,,TI,TI,TI,0,DI,1.56,1.02,1.02,1.32,0,0,0,0,4.78,4.73,3.62,4.62,VMS 3,,Tanque,,2.04,1.38,1.80,1.86,3.29,4.81,0.17,4.07
24/09/2024 10:38 p. m.,Ordeño,08:16,19.96,2,,DD,,,0,,1.62,1.14,1.56,1.62,0,0,0,0,4.65,4.71,4.87,4.81,VMS 3,,Tanque,,2.28,1.62,2.16,2.04,3.56,4.98,6.84,4.58
25/09/2024 07:18 a. m.,Ordeño,07:35,9.32,1,,,TI,,0,,1.44,1.02,1.26,1.20,0,0,0,0,4.52,4.46,4.65,4.40,VMS 3,,Tanque,,1.92,1.50,1.62,1.62,2.00,2.82,1.88,2.62
25/09/2024 05:21 p. m.,Ordeño,08:03,9.95,2,,"TI,TD",TI,,0,,1.44,1.08,1.02,1.44,0,0,0,0,4.78,4.58,4.15,4.60,VMS 3,,Tanque,,1.92,1.44,1.62,1.92,2.62,3.70,0.32,3.31
26/09/2024 01:27 a. m.,Ordeño,08:54,12.73,1,,,,,0,TI,1.32,1.02,1.50,1.44,0,0,0,0,4.51,4.44,5.07,4.33,VMS 3,,Tanque,,1.74,1.38,2.04,1.86,1.78,2.70,5.64,2.61
26/09/2024 10:18 a. m.,Ordeño,08:56,11.24,2,,TD,,,0,,1.32,1.02,1.38,1.44,0,0,0,0,4.78,4.65,4.99,4.54,VMS 3,,Tanque,,1.74,1.38,1.92,2.28,2.35,3.28,3.66,1.95
26/09/2024 05:43 p. m.,Ordeño,09:23,4.72,3,,"TI,TD","TI,TD",TI,0,TD,1.38,0.96,0.48,1.20,0,0,0,0,4.65,4.48,4.29,5.16,VMS 3,,Tanque,,1.86,1.32,0.78,1.68,1.45,2.48,0.06,0.73
27/09/2024 04:10 a. m.,Ordeño,07:01,18.03,1,,"DD,TD",,,0,,1.44,0.90,1.56,1.50,0,0,0,0,4.57,4.56,5.04,5.06,VMS 3,,Tanque,,1.92,1.44,2.04,2.04,2.86,3.68,6.34,5.15
27/09/2024 01:01 p. m.,Ordeño,09:01,12.18,2,,,,,0,,1.32,1.02,1.50,1.14,0,0,0,0,4.62,4.63,4.85,4.66,VMS 3,,Tanque,,1.74,1.44,1.86,2.10,2.28,3.58,3.48,2.84
28/09/2024 02:59 a. m.,Ordeño,08:16,19.51,1,,,,,0,,1.80,1.14,1.74,1.44,0,0,0,0,4.70,4.66,4.99,4.88,VMS 3,,Tanque,,2.46,1.80,2.22,1.92,3.38,5.55,5.87,4.71
28/09/2024 02:54 p. m.,Ordeño,07:54,16.44,2,,,,,0,,1.56,0.96,1.56,1.32,0,0,0,0,4.48,4.53,4.85,4.63,VMS 3,,Tanque,,2.04,1.50,2.16,1.68,3.00,4.34,5.14,3.96
29/09/2024 01:41 a. m.,Ordeño,09:00,12.41,1,,,DI,DI,0,,0.00,1.08,1.62,1.44,0,0,0,0,0.00,4.45,4.84,4.66,VMS 3,,Tanque,,0.00,1.44,1.98,1.86,0.00,4.01,4.90,3.50
29/09/2024 09:41 a. m.,Ordeño,06:09,7.85,2,,"DD,TI,TD","DD,TI",TI,0,,1.68,0.78,0.66,1.38,0,0,0,0,4.67,4.26,3.28,4.32,VMS 3,,Tanque,,2.22,1.08,1.02,2.10,4.52,0.96,0.09,2.28
29/09/2024 05:17 p. m.,Ordeño,09:34,15.25,3,,DI,,,0,,1.62,1.08,1.80,1.20,0,0,0,0,4.36,4.56,4.52,4.65,VMS 3,,Tanque,,2.46,1.44,2.22,1.68,1.96,4.72,5.94,2.63
30/09/2024 05:47 a. m.,Ordeño,08:22,11.62,1,,TD,"DI,TD",DI,0,,0.00,1.02,1.68,1.26,0,0,0,0,0.00,4.50,4.63,5.03,VMS 3,,Tanque,,0.00,1.50,2.22,1.86,0.00,4.92,5.74,0.96
30/09/2024 01:16 p. m.,Ordeño,08:20,14.72,2,,TD,,,0,,1.98,0.96,1.56,1.68,0,0,0,0,4.47,4.46,4.73,4.77,VMS 3,,Tanque,,2.70,1.38,1.92,2.46,4.72,2.97,3.51,3.52
30/09/2024 10:50 p. m.,Ordeño,07:26,15.23,3,,,,,0,,1.50,1.08,1.62,1.62,0,0,0,382,4.39,4.50,4.72,4.95,VMS 3,,Tanque,,1.98,1.62,2.04,2.40,2.48,3.59,4.50,4.66
01/10/2024 07:55 a. m.,Ordeño,07:45,13.29,1,,,,,0,,1.68,1.02,1.68,1.44,0,0,0,0,4.78,4.65,5.06,4.74,VMS 3,,Tanque,,2.28,1.44,2.10,1.86,2.34,3.59,4.56,2.80
01/10/2024 05:12 p. m.,Ordeño,08:37,12.97,2,,,,,0,,1.68,1.08,1.68,1.50,0,0,0,0,4.57,4.57,4.66,4.61,VMS 3,,Tanque,,2.28,1.50,2.22,1.98,2.15,3.61,4.18,3.03
02/10/2024 04:15 a. m.,Ordeño,09:08,15.41,1,,TI,,,0,,1.56,0.96,1.68,1.32,0,0,0,0,4.52,4.44,4.65,4.61,VMS 3,,Tanque,,2.16,1.44,2.16,1.68,2.90,4.25,4.52,3.74
02/10/2024 03:52 p. m.,Ordeño,10:47,17.50,2,,,,,0,,1.56,1.02,1.62,1.38,0,0,0,0,4.80,4.53,4.83,4.61,VMS 3,,Tanque,,1.98,1.38,2.52,1.80,2.92,4.42,6.34,3.82
03/10/2024 12:08 a. m.,Ordeño,10:10,12.25,1,,,,,0,,1.32,1.08,1.50,1.32,0,0,0,0,4.61,4.39,4.60,4.49,VMS 3,,Tanque,,1.74,1.50,2.04,1.80,2.18,3.25,4.20,2.62
03/10/2024 10:08 a. m.,Ordeño,09:13,15.51,2,,,,,0,,1.56,0.96,1.62,1.50,0,0,0,0,4.87,4.58,4.95,4.83,VMS 3,,Tanque,,2.10,1.38,2.16,1.92,2.74,3.97,5.16,3.64
03/10/2024 06:39 p. m.,Ordeño,11:19,12.76,3,,,,,0,,1.56,1.14,1.50,1.50,0,0,0,0,4.82,4.44,4.82,4.75,VMS 3,,Tanque,,1.98,1.74,1.86,1.92,2.31,3.43,4.09,2.93
04/10/2024 08:08 a. m.,Ordeño,10:07,19.41,1,,,,,0,,1.56,1.08,1.74,1.56,0,0,0,0,4.62,4.51,4.62,4.80,VMS 3,,Tanque,,1.92,1.50,2.16,2.10,3.45,5.24,6.02,4.70
04/10/2024 05:41 p. m.,Ordeño,09:28,11.95,2,,TD,TD,,0,,1.56,1.02,1.56,1.38,0,0,0,0,4.78,4.69,4.64,4.58,VMS 3,,Tanque,,2.04,1.56,1.98,1.74,2.64,3.85,4.30,1.16
05/10/2024 01:00 a. m.,Ordeño,07:48,11.84,1,,TD,,,0,,1.50,0.96,1.50,1.62,0,0,0,0,4.57,4.77,4.45,4.83,VMS 3,,Tanque,,1.92,1.32,1.86,2.10,1.85,2.71,3.10,4.18
05/10/2024 02:35 p. m.,Ordeño,10:22,19.38,2,,,,,0,,1.56,0.96,1.74,1.50,0,0,0,0,4.78,4.83,4.62,4.74,VMS 3,,Tanque,,1.92,1.56,2.28,1.80,3.34,5.15,6.56,4.33
06/10/2024 01:33 a. m.,Ordeño,11:34,14.46,1,,DI,,,0,,1.68,0.90,1.56,1.38,0,0,0,0,4.62,4.85,4.64,4.53,VMS 3,,Tanque,,2.22,1.38,2.28,2.22,2.97,3.78,4.47,3.24
06/10/2024 10:59 a. m.,Ordeño,09:49,15.22,2,,,,,0,,1.44,1.02,1.80,1.38,0,0,0,0,4.62,4.67,4.58,4.56,VMS 3,,Tanque,,2.04,1.38,2.22,1.74,2.66,4.09,5.22,3.25
06/10/2024 10:06 p. m.,Ordeño,08:13,15.00,3,,,,,0,,1.32,1.02,1.62,1.32,0,0,0,0,4.82,4.79,4.83,4.78,VMS 3,,Tanque,,1.80,1.44,2.10,1.62,2.77,3.76,5.03,3.44
07/10/2024 08:08 a. m.,Ordeño,09:29,14.25,1,,,,,0,,1.44,0.96,1.56,1.32,0,0,0,0,4.62,4.59,4.63,4.39,VMS 3,,Tanque,,1.92,1.62,2.22,1.92,2.71,3.60,4.87,3.07
07/10/2024 08:00 p. m.,Ordeño,08:21,15.78,2,,,,,0,,1.32,1.08,1.62,1.44,0,0,0,0,4.76,4.66,4.61,4.59,VMS 3,,Tanque,,2.04,1.74,2.16,1.86,2.78,4.05,5.28,3.67
08/10/2024 06:11 a. m.,Ordeño,09:32,13.82,1,,,,,0,,1.62,1.02,1.62,1.32,0,0,0,0,4.55,4.61,4.62,4.58,VMS 3,,Tanque,,2.34,1.50,2.04,1.68,2.65,3.52,4.56,3.09
08/10/2024 07:01 p. m.,Ordeño,09:27,13.34,2,,"DD,TI",TI,,0,,1.74,1.20,1.44,1.56,368,0,0,0,4.73,4.74,4.49,4.87,VMS 3,,Tanque,,2.46,1.74,2.10,1.92,3.54,4.28,1.43,4.09
09/10/2024 02:06 a. m.,Ordeño,10:33,13.15,1,,,,,0,,1.32,0.96,1.62,1.38,0,0,0,0,4.41,4.47,4.57,4.38,VMS 3,,Tanque,,1.68,1.38,2.10,1.80,1.89,2.48,6.28,2.50
09/10/2024 05:36 p. m.,Ordeño,10:14,14.93,2,,"DI,TI",TI,TI,0,"DI,TD",1.68,1.08,0.90,1.50,0,0,0,0,4.88,4.82,3.62,5.02,VMS 3,,Tanque,,2.40,1.56,1.80,1.98,3.95,5.81,0.14,5.03
09/10/2024 11:20 p. m.,Ordeño,09:05,10.59,3,,TD,,,0,,1.26,0.96,1.50,1.32,0,0,0,0,4.15,4.30,4.67,4.23,VMS 3,,Tanque,,1.68,1.32,1.98,1.68,1.17,1.72,6.11,1.59
10/10/2024 09:21 a. m.,Ordeño,08:51,14.43,1,,,,,0,,1.38,1.02,1.14,1.44,0,0,0,0,4.79,4.71,3.91,4.75,VMS 3,,Tanque,,1.80,1.44,1.74,1.86,2.47,3.99,4.48,3.49
10/10/2024 07:05 p. m.,Ordeño,10:30,13.59,2,,,,,0,,1.44,1.08,1.14,1.44,0,0,0,0,4.94,4.77,4.45,4.87,VMS 3,,Tanque,,2.34,1.68,1.62,1.98,2.61,3.68,4.04,3.26
11/10/2024 04:15 a. m.,Ordeño,07:11,13.77,1,,,,,0,,1.44,1.02,1.50,1.44,0,0,0,0,4.98,4.77,4.94,4.81,VMS 3,,Tanque,,1.80,1.38,1.86,1.86,2.51,3.74,4.19,3.33
11/10/2024 03:11 p. m.,Ordeño,08:24,15.63,2,,,,,0,,1.56,0.96,1.62,1.44,0,0,0,0,4.97,4.77,4.89,4.86,VMS 3,,Tanque,,2.04,1.38,1.98,1.86,2.84,4.22,4.92,3.65
11/10/2024 11:05 p. m.,Ordeño,07:31,11.66,3,,,,,0,,1.32,0.90,1.38,1.20,0,0,0,0,4.68,4.53,4.62,4.59,VMS 3,,Tanque,,1.86,1.32,1.80,1.56,2.22,3.04,3.71,2.69
12/10/2024 10:20 a. m.,Ordeño,08:11,16.13,1,,,,,0,,1.44,1.08,1.62,1.38,0,0,0,0,4.86,4.80,4.91,4.86,VMS 3,,Tanque,,1.98,1.74,1.98,1.80,3.02,4.27,5.11,3.73
12/10/2024 08:53 p. m.,Ordeño,06:45,13.23,2,,,,,0,,1.56,1.02,1.50,1.32,0,0,0,0,4.58,4.99,4.80,4.60,VMS 3,,Tanque,,2.04,1.38,2.22,1.68,2.39,3.39,4.38,3.07
13/10/2024 09:19 a. m.,Ordeño,09:24,17.73,1,,,,,0,,1.50,1.08,1.62,1.50,0,0,0,0,4.70,4.93,4.87,4.73,VMS 3,,Tanque,,2.04,1.50,2.04,1.98,3.27,4.43,5.80,4.23
13/10/2024 10:57 p. m.,Ordeño,08:24,18.66,2,,,,,0,,1.56,1.08,1.62,1.44,0,0,0,0,4.52,4.75,4.67,4.63,VMS 3,,Tanque,,2.04,1.44,2.16,1.98,3.40,4.37,6.65,4.24
14/10/2024 07:59 a. m.,Ordeño,07:19,13.72,1,,,,,0,,1.44,1.02,1.56,1.38,0,0,0,0,4.62,4.74,4.80,4.74,VMS 3,,Tanque,,1.86,1.44,2.04,1.92,2.27,3.52,4.77,3.16
14/10/2024 07:52 p. m.,Ordeño,08:18,17.55,2,,,,,0,,1.50,1.14,1.56,1.50,0,0,0,0,4.63,4.75,4.87,4.78,VMS 3,,Tanque,,1.92,1.50,2.10,1.80,3.23,4.40,6.06,3.86
15/10/2024 08:31 a. m.,Ordeño,09:36,12.70,1,,"TI,TD",TI,,0,,1.62,1.02,1.44,1.50,0,0,0,0,4.47,4.54,4.09,4.59,VMS 3,,Tanque,,1.98,1.44,1.86,1.86,3.15,4.60,0.77,4.18
15/10/2024 03:41 p. m.,Ordeño,08:06,11.99,2,,,,,0,,1.26,0.66,1.68,1.26,0,0,0,0,4.56,4.00,4.61,4.39,VMS 3,,Tanque,,1.62,1.02,2.22,1.68,1.68,2.46,5.75,2.10
16/10/2024 07:21 a. m.,Ordeño,08:38,22.46,1,,"DD,TD",,,0,,1.68,1.26,1.68,1.50,0,0,0,0,4.86,4.77,4.45,4.95,VMS 3,,Tanque,,2.10,1.86,2.28,2.16,4.21,5.42,7.15,5.68
16/10/2024 06:36 p. m.,Ordeño,08:46,14.66,2,,,,,0,,1.56,1.08,1.44,1.38,0,0,0,0,4.69,4.72,4.63,4.65,VMS 3,,Tanque,,2.04,1.62,1.86,1.74,2.67,4.13,4.40,3.46
17/10/2024 09:26 a. m.,Ordeño,08:03,20.09,1,,TD,,,0,,1.68,1.08,1.74,1.44,0,0,0,0,4.77,4.67,4.78,4.73,VMS 3,,Tanque,,2.10,1.68,2.22,1.98,3.71,5.21,6.43,4.74
17/10/2024 10:15 p. m.,Ordeño,10:49,7.73,2,,"TI,TD","TI,TD",TI,0,"DI,TD",1.38,1.20,0.96,1.14,0,0,0,0,4.63,4.46,3.42,4.76,VMS 3,,Tanque,,1.74,1.68,1.62,1.56,2.95,3.97,0.15,0.66
18/10/2024 06:58 a. m.,Ordeño,08:06,18.03,1,,"TI,TD",,,0,,1.56,1.02,1.74,1.50,0,0,0,0,4.63,4.48,4.68,4.76,VMS 3,,Tanque,,2.10,1.68,2.22,1.98,2.53,3.40,6.89,5.21
19/10/2024 12:53 a. m.,Ordeño,09:31,21.65,1,,,,,0,,1.86,1.20,1.56,1.32,0,0,0,0,4.78,4.76,4.89,4.80,VMS 3,,Tanque,,2.52,1.62,2.10,1.74,3.91,5.89,6.56,5.29
19/10/2024 10:41 a. m.,Ordeño,08:44,11.30,2,,"TI,TD",,,0,,1.44,0.96,1.38,1.38,0,0,0,0,4.43,4.38,4.75,4.20,VMS 3,,Tanque,,1.92,1.38,1.92,1.86,2.44,3.35,3.87,1.64
19/10/2024 11:59 p. m.,Ordeño,07:47,17.56,1,,DD,,,0,,1.32,1.20,1.44,1.50,0,0,0,0,4.67,4.54,4.64,4.78,VMS 3,,Tanque,,1.80,1.68,1.92,1.86,3.00,4.04,5.43,5.09
20/10/2024 12:21 p. m.,Ordeño,08:24,16.68,2,,DD,,,0,,1.44,1.20,1.62,1.38,0,0,0,0,4.93,4.73,4.83,4.80,VMS 3,,Tanque,,1.80,1.68,2.22,1.74,3.01,4.25,5.75,3.67
20/10/2024 09:53 p. m.,Ordeño,07:12,12.31,3,,,,,0,,1.38,1.14,1.44,1.38,0,0,0,0,4.65,4.52,4.63,4.62,VMS 3,,Tanque,,1.80,1.62,1.80,1.68,2.28,3.33,4.02,2.68
21/10/2024 06:34 a. m.,Ordeño,08:31,12.58,1,,,,,0,,1.50,1.08,1.62,1.44,0,0,0,0,4.99,4.73,4.82,4.76,VMS 3,,Tanque,,1.92,1.44,2.10,1.92,2.26,3.32,4.26,2.74
21/10/2024 02:42 p. m.,Ordeño,09:31,6.29,2,,"TI,TD",TI,,0,,1.26,1.02,0.90,1.20,0,0,0,0,4.58,4.60,4.43,4.49,VMS 3,,Tanque,,1.62,1.56,1.98,2.46,1.53,2.78,0.62,1.36
21/10/2024 11:47 p. m.,Ordeño,08:56,15.88,3,,,,,0,,1.32,1.20,1.56,1.38,0,0,0,0,4.57,4.53,4.77,4.82,VMS 3,,Tanque,,1.74,1.62,1.98,1.80,2.75,3.23,6.12,3.78
22/10/2024 09:51 a. m.,Ordeño,09:58,10.25,1,,,TI,TI,0,,1.44,1.02,0.00,1.32,0,0,0,0,4.83,4.73,0.00,5.02,VMS 3,,Tanque,,2.04,1.44,0.00,1.74,2.68,4.00,0.00,3.57
22/10/2024 04:33 p. m.,Ordeño,09:37,12.18,2,,,,,0,,1.32,1.02,1.68,0.84,0,0,0,0,4.69,4.61,4.79,4.00,VMS 3,,Tanque,,1.68,1.44,2.16,1.26,1.50,2.32,6.31,2.05
23/10/2024 08:58 a. m.,Ordeño,10:36,15.21,1,,"DI,TI,TD",TI,TI,0,TD,1.62,1.26,1.02,1.44,0,0,0,0,4.57,4.61,3.89,4.87,VMS 3,,Tanque,,2.34,1.80,1.50,2.04,3.66,5.93,0.16,5.46
23/10/2024 05:50 p. m.,Ordeño,11:51,13.90,2,,TI,,,0,,1.38,1.02,1.68,1.14,0,0,0,0,4.41,4.33,4.65,4.43,VMS 3,,Tanque,,1.74,1.44,2.16,1.62,2.06,2.73,6.75,2.36
24/10/2024 07:04 a. m.,Ordeño,07:25,12.08,1,,"DD,TI",TI,,0,,1.62,1.14,1.08,1.38,0,0,0,0,4.69,4.74,3.82,4.88,VMS 3,,Tanque,,2.10,1.56,1.56,2.04,3.44,3.61,0.27,4.76
24/10/2024 01:38 p. m.,Ordeño,08:25,12.56,2,,TI,,,0,,1.20,1.02,1.62,1.20,0,0,0,0,4.45,4.78,4.74,4.52,VMS 3,,Tanque,,1.86,1.56,2.04,1.62,1.32,3.36,5.74,2.14
25/10/2024 01:35 a. m.,Ordeño,09:57,16.82,1,,TD,,,0,,1.26,1.14,1.56,1.32,0,0,0,0,3.26,4.61,4.72,4.76,VMS 3,,Tanque,,2.16,1.62,1.98,1.74,3.51,4.52,4.80,3.99
25/10/2024 01:35 p. m.,Ordeño,08:15,15.42,2,,DI,,,0,,1.14,1.26,1.68,1.50,0,0,0,0,2.61,4.39,4.56,4.65,VMS 3,,Tanque,,2.28,1.62,2.28,1.86,1.81,4.39,5.02,4.20
26/10/2024 02:15 a. m.,Ordeño,11:18,17.13,1,,,,,0,DI,1.44,1.14,1.56,1.26,0,0,0,0,5.07,4.47,4.63,4.27,VMS 3,,Tanque,,1.92,1.56,2.16,1.68,4.35,4.11,4.95,3.72
26/10/2024 12:41 p. m.,Ordeño,12:47,14.32,2,,,,,0,,1.50,1.26,1.38,1.38,0,0,0,0,4.42,4.50,4.87,4.49,VMS 3,,Tanque,,2.34,1.68,1.86,1.86,2.61,3.88,4.46,3.37
26/10/2024 11:44 p. m.,Ordeño,07:37,14.04,3,,,,,0,,1.32,1.08,1.50,1.32,0,0,0,0,4.60,4.42,4.71,4.56,VMS 3,,Tanque,,1.74,1.56,1.98,1.62,2.19,3.97,4.40,3.48
27/10/2024 09:53 a. m.,Ordeño,08:09,14.51,1,,,,,0,,1.56,1.20,1.62,1.32,0,0,0,0,4.87,4.75,4.96,4.78,VMS 3,,Tanque,,1.92,1.62,2.16,1.68,2.30,3.84,4.80,3.57
27/10/2024 07:11 p. m.,Ordeño,09:37,7.71,2,,DI,TI,TI,0,,1.50,1.02,0.00,1.26,0,0,0,0,4.61,4.57,0.00,4.63,VMS 3,,Tanque,,1.98,1.38,0.00,1.68,2.00,3.05,0.00,2.66
28/10/2024 01:52 a. m.,Ordeño,06:59,12.04,1,,,,,0,,1.44,0.96,1.74,1.26,0,0,0,0,4.80,4.80,4.94,4.89,VMS 3,,Tanque,,1.92,1.38,2.40,1.68,1.72,2.32,5.78,2.22
28/10/2024 02:49 p. m.,Ordeño,07:33,16.81,2,,TD,,,0,,1.50,1.26,1.50,1.38,0,0,0,0,4.93,4.84,4.87,4.86,VMS 3,,Tanque,,2.10,1.74,2.04,1.98,2.90,4.53,5.13,4.25
29/10/2024 02:02 a. m.,Ordeño,08:03,14.51,1,,,,,0,,1.38,1.14,1.56,1.14,0,0,0,0,4.63,4.51,4.74,4.55,VMS 3,,Tanque,,1.80,1.50,2.16,1.50,2.43,3.86,4.46,3.76
29/10/2024 05:48 p. m.,Ordeño,08:55,14.33,2,,TI,TI,TI,0,,1.50,1.20,0.78,1.32,0,0,0,0,4.83,4.77,4.22,4.89,VMS 3,,Tanque,,2.04,1.62,1.14,1.80,3.58,5.51,0.14,5.10
30/10/2024 02:21 a. m.,Ordeño,08:22,14.71,1,,TI,,,0,,1.32,1.08,1.68,1.20,0,0,0,0,4.71,4.56,0.07,4.57,VMS 3,,Tanque,,1.68,1.56,1.74,1.62,2.02,2.97,7.06,2.66
30/10/2024 05:50 p. m.,Ordeño,09:20,18.10,2,,"DD,TI",,,0,,1.50,1.20,1.62,1.38,0,0,0,0,4.99,4.94,5.15,5.22,VMS 3,,Tanque,,1.98,1.68,2.22,1.86,3.59,4.33,5.42,4.76
31/10/2024 09:24 p. m.,Ordeño,07:53,13.93,2,,,,,0,,1.32,1.08,1.32,1.26,0,0,0,0,4.55,4.54,4.99,4.62,VMS 3,,Tanque,,1.80,1.56,1.74,1.68,2.84,4.17,2.97,3.95
01/11/2024 04:19 p. m.,Ordeño,08:08,21.77,1,,DD,,,0,,1.74,1.26,1.50,1.50,0,0,0,0,4.82,4.92,5.34,5.09,VMS 3,,Tanque,,2.46,1.80,1.86,1.92,4.52,5.23,6.40,5.62
02/11/2024 07:36 a. m.,Ordeño,08:42,12.05,1,,"TI,TD",TI,TI,0,"DI,DD",1.38,1.14,0.66,1.32,0,0,0,0,4.69,4.62,3.55,4.32,VMS 3,,Tanque,,1.80,1.68,1.02,1.98,3.25,4.80,0.05,3.95
02/11/2024 07:46 p. m.,Ordeño,09:51,17.32,2,,TD,,,0,,1.38,1.14,1.56,1.50,0,0,0,0,4.81,4.77,5.15,5.03,VMS 3,,Tanque,,1.86,1.50,2.04,1.98,2.83,3.92,6.93,3.64
03/11/2024 08:58 a. m.,Ordeño,08:38,14.41,1,,"DI,TD",,,0,,1.14,1.20,1.38,1.44,0,0,0,0,4.88,4.78,5.02,4.89,VMS 3,,Tanque,,1.62,1.56,1.80,1.98,3.00,4.15,3.43,3.83
03/11/2024 07:58 p. m.,Ordeño,09:03,10.38,2,,TD,TD,,0,,1.50,1.20,1.44,1.32,0,0,0,0,4.83,4.70,4.60,4.50,VMS 3,,Tanque,,1.98,1.62,2.10,1.68,2.89,3.90,2.63,0.96
04/11/2024 11:50 a. m.,Ordeño,09:40,21.21,1,,TI,,,0,,1.62,1.44,1.62,1.44,0,0,0,0,4.93,4.84,5.18,5.03,VMS 3,,Tanque,,2.16,1.92,2.46,1.74,3.90,5.40,6.97,4.94
05/11/2024 12:06 a. m.,Ordeño,06:34,12.75,1,,,,,0,,1.26,1.14,1.56,1.38,0,0,0,0,4.60,4.56,4.85,4.61,VMS 3,,Tanque,,1.92,1.56,1.98,1.68,2.65,3.76,3.06,3.28
05/11/2024 03:11 p. m.,Ordeño,07:44,17.87,2,,DD,,,0,,1.74,1.20,1.62,1.38,0,0,0,0,4.95,5.05,5.40,5.24,VMS 3,,Tanque,,2.22,1.92,2.16,1.74,3.56,3.95,5.22,5.14
06/11/2024 03:52 a. m.,Ordeño,07:25,9.96,1,,TD,"DI,TD",DI,0,,0.00,1.20,1.62,1.08,0,0,0,0,0.00,4.62,4.86,4.82,VMS 3,,Tanque,,0.00,1.74,1.98,1.98,0.00,5.30,4.12,0.54
06/11/2024 01:59 p. m.,Ordeño,07:39,16.93,2,,,,,0,,2.16,1.08,1.74,1.56,0,0,0,0,5.00,4.88,5.40,5.16,VMS 3,,Tanque,,2.82,1.74,2.16,1.86,4.12,3.67,3.67,5.47
07/11/2024 10:39 a. m.,Ordeño,09:45,21.41,1,,TD,,,0,,1.98,1.32,1.80,1.50,0,0,0,0,4.66,4.79,5.02,4.82,VMS 3,,Tanque,,2.88,1.98,2.22,1.98,4.00,6.42,5.32,5.67
08/11/2024 03:01 p. m.,Ordeño,07:39,20.16,2,,,,,0,,1.26,1.20,1.62,1.32,0,0,0,0,5.03,5.06,5.07,5.15,VMS 3,,Tanque,,1.56,1.74,2.04,1.68,3.52,5.46,6.24,4.94
09/11/2024 03:02 a. m.,Ordeño,08:42,16.50,1,,,,,0,,1.62,1.14,1.68,1.38,0,0,0,0,4.89,4.99,5.03,4.99,VMS 3,,Tanque,,2.04,1.56,2.28,1.86,2.78,4.62,5.03,4.07
09/11/2024 05:34 p. m.,Ordeño,07:40,12.73,2,,TI,TI,TI,0,"DI,DD,TD",1.50,1.14,0.60,1.44,0,0,0,0,4.85,4.75,3.35,4.87,VMS 3,,Tanque,,2.10,1.86,1.14,1.98,3.23,4.93,0.07,4.50
10/11/2024 07:09 a. m.,Ordeño,10:39,17.77,1,,,,,0,,1.50,1.44,1.80,1.50,0,0,0,0,4.71,4.51,5.11,4.76,VMS 3,,Tanque,,2.10,1.92,2.40,2.04,2.87,4.14,6.93,3.83
11/11/2024 04:23 p. m.,Ordeño,09:29,14.10,2,,TD,,,0,,1.74,1.14,1.62,1.50,0,0,0,0,4.53,4.56,4.91,4.43,VMS 3,,Tanque,,2.28,1.56,2.10,1.92,2.64,3.89,4.03,3.54
12/11/2024 08:48 a. m.,Ordeño,08:29,13.59,1,,"TI,TD",TI,TI,0,,1.86,1.08,0.72,1.56,0,0,0,0,4.68,4.77,4.29,4.90,VMS 3,,Tanque,,2.46,1.50,1.14,1.98,3.57,5.50,0.08,4.44
12/11/2024 06:16 p. m.,Ordeño,06:21,5.83,2,,"DD,TI","DD,TI",TI,0,,1.68,1.02,0.96,1.50,0,0,0,390,4.42,4.38,4.09,4.48,VMS 3,,Tanque,,2.04,1.50,1.50,1.98,1.84,0.97,0.18,2.84
13/11/2024 05:46 a. m.,Ordeño,10:59,18.21,1,,,,,0,,1.50,1.32,1.80,1.38,0,0,0,0,4.91,4.75,5.00,4.97,VMS 3,,Tanque,,1.92,2.04,2.34,1.80,2.73,5.56,6.21,3.71
13/11/2024 05:19 p. m.,Ordeño,07:29,11.27,2,,"TI,TD",TI,,0,,1.50,1.26,1.02,1.44,0,0,0,0,4.81,4.54,4.15,4.74,VMS 3,,Tanque,,1.98,1.68,1.98,2.04,2.75,4.20,0.28,4.04
14/11/2024 03:13 a. m.,Ordeño,08:19,13.38,1,,"DD,TD",,,0,,1.44,1.20,1.56,1.44,0,0,0,0,4.61,4.43,5.14,4.58,VMS 3,,Tanque,,1.86,1.74,1.98,1.92,2.49,3.27,4.35,3.27
14/11/2024 01:54 p. m.,Ordeño,08:04,10.36,2,,TI,TI,TI,0,,1.38,1.32,0.84,1.50,0,0,0,0,4.84,4.72,4.22,4.98,VMS 3,,Tanque,,1.74,1.74,1.38,2.10,2.63,4.06,0.15,3.52
07/01/2025 09:36 a. m.,Ordeño,16:58,18.78,1,,,,,0,TI,1.62,1.62,1.74,1.62,2070,792,977,531,3.67,3.74,4.37,3.56,VMS 3,,Divert 3,,2.28,2.40,2.22,2.16,4.73,4.63,4.86,4.56
07/01/2025 10:59 p. m.,Ordeño,07:19,8.56,2,,,,,0,,1.50,1.50,1.32,1.20,994,2170,1270,0,4.85,4.82,4.95,4.27,VMS 2,,Divert 3,,2.10,2.10,1.74,1.68,2.20,2.03,2.00,2.33
08/01/2025 05:19 p. m.,Ordeño,07:01,5.21,2,,,,,0,,1.56,1.44,1.20,1.32,486,981,876,0,5.71,5.53,5.19,5.01,VMS 2,,Divert 3,,2.22,2.10,1.74,1.98,1.39,1.24,1.28,1.30
09/01/2025 02:01 a. m.,Ordeño,10:43,7.18,1,,,,,0,,1.62,1.56,1.26,1.38,0,566,575,0,5.79,5.35,5.21,5.08,VMS 2,,Divert 3,,2.16,2.22,1.80,1.80,1.83,1.92,1.79,1.64
09/01/2025 06:06 p. m.,Ordeño,09:39,16.91,2,,,,,0,,1.50,1.74,1.38,1.50,0,471,370,0,5.01,4.77,4.83,4.68,VMS 2,,Divert 3,,1.86,2.40,1.74,2.16,4.58,4.16,4.03,4.14
10/01/2025 08:26 a. m.,Ordeño,08:23,17.27,1,,,,,0,,1.56,1.74,1.26,1.26,0,464,365,0,4.60,4.61,4.57,4.51,VMS 2,,Divert 3,,1.86,2.46,1.86,1.86,4.92,4.29,4.26,3.80
10/01/2025 07:13 p. m.,Ordeño,11:31,14.00,2,,,,,0,,1.50,1.62,1.32,1.26,0,470,474,0,4.73,4.70,4.65,4.68,VMS 2,,Divert 3,,1.92,2.34,1.80,1.98,3.82,3.64,3.22,3.32
11/01/2025 08:30 a. m.,Ordeño,13:15,8.10,1,,,"DI,TI","DI,TI",0,,0.00,1.62,0.00,1.08,0,0,0,0,0.00,4.50,0.00,4.47,VMS 2,,Divert 3,,0.00,2.28,0.00,1.68,0.00,4.26,0.00,3.84
11/01/2025 07:14 p. m.,Ordeño,09:48,20.48,2,,,,,0,,1.56,1.92,1.26,1.26,0,0,0,0,5.07,4.38,5.06,4.52,VMS 2,,Divert 3,,1.86,2.64,1.62,1.68,7.01,3.81,6.50,3.16
12/01/2025 05:51 a. m.,Ordeño,08:39,14.16,1,,,,,0,,1.68,1.98,1.32,1.26,0,0,0,0,4.79,4.31,4.80,4.32,VMS 2,,Divert 3,,2.10,2.64,1.74,1.80,3.56,4.07,3.11,3.42
12/01/2025 03:35 p. m.,Ordeño,13:13,7.23,2,,,"DI,TI","DI,TI",0,,0.00,1.74,0.00,1.26,0,0,0,0,0.00,4.40,0.00,4.39,VMS 2,,Divert 3,,0.00,2.40,0.00,2.16,0.00,3.79,0.00,3.44
13/01/2025 09:34 a. m.,Ordeño,10:12,19.69,1,,"TI,TD",TI,,0,DI,1.92,1.92,1.38,1.26,0,0,0,0,5.05,4.35,3.82,4.62,VMS 2,,Divert 3,,2.52,2.94,1.86,1.98,6.25,6.89,0.90,5.65
13/01/2025 05:44 p. m.,Ordeño,08:27,12.51,2,,TD,,,0,,1.68,1.92,1.44,1.32,0,0,0,0,4.86,4.35,4.84,4.51,VMS 2,,Divert 3,,2.40,2.58,1.92,1.80,2.45,3.32,5.19,1.55
14/01/2025 05:53 a. m.,Ordeño,08:12,17.97,1,,,,,0,,1.74,1.74,1.38,1.44,0,0,0,0,5.06,4.75,4.73,4.83,VMS 2,,Divert 3,,2.16,2.46,1.92,1.92,4.08,4.85,3.25,5.79
14/01/2025 02:09 p. m.,Ordeño,07:51,13.59,2,,,,,0,,1.92,1.74,1.32,1.50,0,0,0,0,4.86,4.60,4.81,4.56,VMS 2,,Divert 3,,2.70,2.58,1.80,2.04,3.28,4.01,2.85,3.45
15/01/2025 05:59 a. m.,Ordeño,09:20,24.38,1,,,,,0,,1.98,1.98,1.44,1.56,0,0,0,0,5.11,4.46,5.04,4.69,VMS 2,,Divert 3,,2.52,3.00,2.04,2.28,6.04,6.63,5.28,6.43
15/01/2025 05:13 p. m.,Ordeño,06:46,7.59,2,,TD,"DI,TD",DI,0,,0.00,1.98,1.50,1.26,0,0,0,0,0.00,4.34,4.62,4.42,VMS 2,,Divert 3,,0.00,2.58,2.16,2.22,0.00,3.96,3.13,0.50
16/01/2025 06:19 a. m.,Ordeño,08:10,24.10,1,,,,,0,,1.80,1.98,1.50,1.56,0,0,0,0,5.00,4.65,4.97,4.88,VMS 2,,Divert 3,,2.34,2.70,1.86,2.16,7.09,5.35,4.28,7.38
16/01/2025 02:20 p. m.,Ordeño,08:14,10.57,2,,,TD,TD,0,,1.74,1.86,1.32,0.00,0,0,0,0,4.98,4.59,4.91,0.00,VMS 2,,Divert 3,,2.34,2.46,1.98,0.00,3.42,3.81,3.34,0.00
16/01/2025 09:45 p. m.,Ordeño,07:37,9.42,3,,TD,TD,TD,0,,1.50,1.92,1.38,0.72,0,0,0,0,4.77,4.47,4.69,4.62,VMS 2,,Divert 3,,1.86,2.58,1.74,1.20,2.96,3.48,2.80,0.18
17/01/2025 03:52 a. m.,Ordeño,05:46,8.47,1,,TD,TD,,0,,1.68,1.86,1.44,1.20,0,0,0,0,4.65,4.49,4.66,5.03,VMS 2,,Divert 3,,2.10,3.00,1.80,1.80,2.65,2.96,2.44,0.42
17/01/2025 10:09 a. m.,Ordeño,06:56,8.77,2,,TD,TD,,0,,1.74,1.62,1.38,1.38,0,0,0,300,4.64,4.62,4.57,5.09,VMS 2,,Divert 3,,2.40,2.22,1.68,2.04,2.58,2.91,2.53,0.75
17/01/2025 07:09 p. m.,Ordeño,07:32,16.96,3,,TD,,,0,,1.68,1.86,1.32,1.38,0,0,0,0,4.79,4.55,4.76,4.80,VMS 2,,Divert 3,,2.10,2.70,1.74,1.86,3.90,4.01,3.70,5.35
18/01/2025 06:58 a. m.,Ordeño,07:33,11.06,1,,TD,"DD,TD",DD,0,,1.38,0.00,1.26,0.90,0,0,0,0,4.62,0.00,4.57,4.56,VMS 2,,Divert 3,,1.80,0.00,1.86,1.32,5.56,0.00,5.14,0.36
18/01/2025 04:37 p. m.,Ordeño,07:56,21.40,2,,,,,0,,1.80,1.98,1.44,1.14,0,0,0,0,4.70,4.60,4.70,5.30,VMS 2,,Tanque,,2.22,2.76,1.80,1.68,4.42,7.38,4.03,5.57
18/01/2025 11:29 p. m.,Ordeño,05:54,10.97,3,,,,,0,,1.74,1.62,1.32,1.32,0,0,0,0,4.67,4.46,4.57,4.53,VMS 2,,Tanque,,2.28,2.16,1.68,1.98,3.19,2.99,2.96,1.83
19/01/2025 08:44 a. m.,Ordeño,05:52,4.24,1,,,"DI,DD,TD","DI,DD,TD",0,,0.00,0.00,1.38,0.00,0,0,0,0,0.00,0.00,4.77,0.00,VMS 2,,Tanque,,0.00,0.00,1.80,0.00,0.00,0.00,4.24,0.00
19/01/2025 02:05 p. m.,Ordeño,07:09,19.88,2,,,,,0,,1.62,1.92,1.32,1.50,0,0,0,0,4.98,4.85,4.72,5.21,VMS 2,,Tanque,,2.28,2.76,1.74,1.98,6.55,6.13,2.30,4.90
19/01/2025 08:47 p. m.,Ordeño,07:01,11.70,3,,,,,0,,1.56,1.86,1.32,1.20,0,0,375,0,4.38,4.18,4.71,4.55,VMS 2,,Tanque,,2.04,2.46,1.92,1.62,3.15,3.47,2.96,2.12
20/01/2025 07:32 a. m.,Ordeño,06:40,4.75,1,,,"DI,DD,TD","DI,DD,TD",0,,0.00,0.00,1.38,0.00,0,0,0,0,0.00,0.00,4.91,0.00,VMS 2,,Tanque,,0.00,0.00,2.04,0.00,0.00,0.00,4.75,0.00
20/01/2025 06:33 p. m.,Ordeño,07:27,25.03,2,,,,,0,,1.86,2.10,1.32,1.50,0,0,0,0,5.08,4.88,4.51,5.09,VMS 2,,Tanque,,2.34,2.88,1.74,2.22,7.06,6.40,5.36,6.21
21/01/2025 08:44 a. m.,Ordeño,06:34,23.91,1,,,,,0,,1.62,1.86,1.56,1.50,0,0,0,0,4.83,4.79,4.98,5.04,VMS 2,,Tanque,,1.98,2.52,1.98,1.92,5.84,6.41,6.08,5.58
21/01/2025 06:55 p. m.,Ordeño,07:35,9.88,2,,TD,"DI,TD",DI,0,,0.00,1.80,1.50,1.02,0,0,0,0,0.00,4.88,4.78,4.69,VMS 2,,Tanque,,0.00,2.34,1.92,1.56,0.00,4.83,4.70,0.35
21/01/2025 10:43 p. m.,Ordeño,08:42,10.57,3,,TD,TD,,0,,1.38,1.56,1.26,1.20,0,0,0,0,4.86,4.61,4.70,5.09,VMS 2,,Tanque,,1.80,2.04,1.62,1.68,5.47,2.30,2.10,0.70
22/01/2025 05:37 a. m.,Ordeño,09:26,17.61,1,,,,,0,,1.74,1.68,1.38,1.68,0,0,0,0,4.55,4.67,4.77,4.77,VMS 2,,Tanque,,2.10,2.22,1.80,2.40,3.57,3.50,3.41,7.13
22/01/2025 03:57 p. m.,Ordeño,06:48,15.10,2,,TD,TD,,0,,1.68,1.80,1.56,1.56,0,0,0,0,4.72,4.74,4.88,4.96,VMS 2,,Tanque,,2.10,2.52,1.98,2.52,4.75,4.71,4.76,0.88
23/01/2025 05:21 a. m.,Ordeño,06:54,17.94,1,,TD,TD,,0,,1.92,1.98,1.50,1.38,0,0,0,0,4.78,4.61,4.84,5.03,VMS 2,,Tanque,,2.34,2.82,1.86,2.28,5.76,5.69,6.00,0.49
23/01/2025 03:16 p. m.,Ordeño,06:52,14.77,2,,TD,TD,,0,,1.86,1.86,1.26,1.02,0,0,0,300,5.00,4.69,4.89,5.09,VMS 2,,Tanque,,2.46,2.94,1.68,2.04,4.98,4.76,4.78,0.25
24/01/2025 12:02 a. m.,Ordeño,08:36,13.40,1,,TD,TD,,0,,1.68,1.74,1.38,0.84,0,0,0,0,4.95,4.76,4.83,4.62,VMS 2,,Tanque,,2.16,2.52,1.98,1.32,4.41,4.47,4.24,0.28
24/01/2025 09:56 a. m.,Ordeño,09:00,15.36,2,,TD,TD,,0,,1.74,1.80,1.44,1.08,0,0,0,0,5.02,4.89,5.08,5.29,VMS 2,,Tanque,,2.16,2.46,1.92,1.68,4.95,5.12,4.85,0.44
24/01/2025 06:40 p. m.,Ordeño,09:58,20.29,3,,,,,0,,1.92,1.80,1.38,1.44,0,0,0,0,4.90,4.65,4.94,5.01,VMS 2,,Tanque,,2.70,2.46,2.22,2.10,4.40,4.68,4.43,6.78
25/01/2025 02:33 a. m.,Ordeño,08:18,14.82,1,,,,,0,,1.86,1.80,1.44,1.44,0,0,0,0,5.11,4.79,5.02,4.98,VMS 2,,Tanque,,2.58,2.40,1.86,1.86,4.31,4.35,4.03,2.13
25/01/2025 10:45 a. m.,Ordeño,07:59,13.30,2,,TD,TD,,0,,1.44,1.68,1.32,1.02,0,0,0,0,4.93,4.91,4.98,4.76,VMS 2,,Tanque,,2.22,2.40,1.62,2.16,4.40,4.56,4.10,0.24
25/01/2025 06:31 p. m.,Ordeño,07:18,12.68,3,,TD,TD,,0,,1.50,1.80,1.44,1.26,0,0,0,0,4.99,5.06,5.05,5.76,VMS 2,,Tanque,,2.10,2.28,2.10,1.74,4.19,4.03,3.76,0.70
26/01/2025 02:13 a. m.,Ordeño,07:16,13.83,1,,TD,,,0,,1.68,1.56,1.44,1.38,0,0,0,0,4.97,5.04,5.03,5.26,VMS 2,,Tanque,,2.04,2.16,1.80,1.68,4.06,4.26,3.87,1.64
26/01/2025 10:30 a. m.,Ordeño,08:46,13.58,2,,,TD,TD,0,,1.56,1.80,1.50,0.00,0,0,0,0,5.11,4.91,5.18,0.00,VMS 2,,Tanque,,1.98,2.34,1.86,0.00,4.59,4.55,4.44,0.00
27/01/2025 12:21 a. m.,Ordeño,11:27,24.53,1,,,,,0,,1.62,1.92,1.26,1.56,0,0,0,0,5.21,4.88,5.19,5.02,VMS 2,,Tanque,,2.22,2.52,1.62,1.92,6.33,6.09,6.61,5.50
27/01/2025 10:52 a. m.,Ordeño,08:34,21.82,2,,,,,0,,1.86,1.68,1.44,1.50,0,0,0,0,4.96,4.85,5.02,5.00,VMS 2,,Tanque,,2.40,2.46,2.16,2.04,5.65,6.41,5.61,4.15
27/01/2025 06:53 p. m.,Ordeño,07:17,16.32,3,,,,,0,,1.62,1.74,1.50,1.38,0,0,0,0,4.88,4.84,4.93,5.11,VMS 2,,Tanque,,2.04,2.34,1.92,1.98,4.34,4.59,4.20,3.19
28/01/2025 01:55 a. m.,Ordeño,07:36,8.32,1,,TI,"TI,TD",TD,0,DD,1.68,1.68,0.90,0.00,0,0,0,0,4.89,4.97,3.62,0.00,VMS 2,,Tanque,,2.04,2.16,1.32,0.00,3.94,4.14,0.24,0.00
28/01/2025 11:18 a. m.,Ordeño,07:22,22.24,2,,,,,0,,1.92,1.74,1.56,1.56,0,0,0,0,5.09,5.09,5.11,5.07,VMS 2,,Tanque,,2.76,2.28,2.22,2.22,5.42,5.34,6.41,5.07
28/01/2025 06:20 p. m.,Ordeño,07:06,9.09,3,,"TI,TD",TI,TI,0,"DI,TD",1.68,1.74,0.78,1.56,0,0,0,0,4.69,4.56,3.42,4.89,VMS 2,,Tanque,,2.22,2.40,1.38,2.34,3.83,4.04,0.17,1.05
28/01/2025 11:49 p. m.,Ordeño,06:45,3.93,4,,"TI,TD","DI,TI,TD","DI,TI",0,TD,0.00,1.80,0.60,1.44,0,0,0,0,0.00,4.55,3.89,5.09,VMS 2,,Tanque,,0.00,2.34,0.96,1.92,0.00,3.16,0.15,0.62
29/01/2025 10:22 a. m.,Ordeño,08:22,26.69,1,,,,,0,,2.04,1.86,1.74,1.86,0,0,0,0,5.16,4.83,5.20,5.11,VMS 2,,Tanque,,2.64,2.46,2.22,2.46,6.93,5.58,7.10,7.08
29/01/2025 05:57 p. m.,Ordeño,06:54,15.41,2,,,,,0,,1.80,1.74,1.62,1.56,0,0,0,0,4.70,4.56,4.92,4.72,VMS 2,,Tanque,,2.34,2.52,2.22,2.16,4.33,4.41,3.55,3.12
30/01/2025 01:15 a. m.,Ordeño,08:35,14.67,1,,,,,0,,1.92,1.86,1.44,1.20,0,0,0,0,4.83,4.83,5.13,4.57,VMS 2,,Tanque,,2.46,2.40,1.86,2.10,3.90,4.19,3.43,3.15
30/01/2025 12:18 p. m.,Ordeño,08:57,21.95,2,,,,,0,,2.10,1.80,1.68,1.80,0,0,0,0,4.97,4.70,5.21,4.88,VMS 2,,Tanque,,2.76,2.52,2.28,2.46,5.64,6.10,5.29,4.92
30/01/2025 06:50 p. m.,Ordeño,07:25,14.22,3,,,,,0,,2.04,1.62,1.62,1.44,0,0,0,0,4.78,4.62,4.95,4.54,VMS 2,,Tanque,,2.70,2.52,2.16,1.98,3.69,4.06,3.46,3.01
31/01/2025 06:30 a. m.,Ordeño,06:59,21.71,1,,,,,0,,1.74,1.92,1.44,1.56,0,0,0,0,4.71,4.42,4.76,4.60,VMS 2,,Tanque,,2.46,2.58,1.80,2.16,5.65,5.63,5.37,5.06
31/01/2025 02:40 p. m.,Ordeño,07:39,11.69,2,,TI,TI,TI,0,DI,1.62,1.92,0.78,1.56,0,0,0,0,4.82,4.49,3.69,4.68,VMS 2,,Tanque,,2.04,2.52,1.32,2.10,4.04,4.20,0.18,3.27
31/01/2025 06:51 p. m.,Ordeño,06:35,11.08,3,,,,,0,,1.56,1.62,1.56,1.32,0,0,0,0,4.70,4.68,5.03,4.68,VMS 2,,Tanque,,2.04,2.40,2.22,1.86,2.19,2.35,5.07,1.47
01/02/2025 12:11 a. m.,Ordeño,06:46,10.09,1,,,,,0,,1.74,1.74,1.56,1.32,0,0,0,0,4.90,4.78,4.86,4.69,VMS 2,,Tanque,,2.22,2.22,1.92,1.86,2.90,2.67,2.59,1.93
01/02/2025 07:18 a. m.,Ordeño,07:01,15.10,2,,,,,0,,1.68,1.68,1.56,1.44,0,0,0,0,4.87,4.84,4.94,4.71,VMS 2,,Tanque,,2.28,2.58,2.04,2.28,4.04,3.96,3.71,3.39
01/02/2025 04:31 p. m.,Ordeño,07:06,16.47,3,,,,,0,,1.62,2.04,1.68,1.50,0,0,0,0,4.82,4.56,5.02,4.69,VMS 2,,Tanque,,1.98,2.64,2.16,2.10,4.46,4.37,4.16,3.48
02/02/2025 03:00 a. m.,Ordeño,07:00,15.55,1,,TD,TD,,0,,1.68,1.92,1.56,1.38,0,0,0,0,4.71,4.35,4.67,4.42,VMS 2,,Tanque,,2.22,2.64,1.98,1.86,4.90,4.91,4.71,1.03
02/02/2025 09:19 a. m.,Ordeño,06:05,13.97,2,,,,,0,,1.74,1.98,1.50,1.50,0,0,0,0,4.70,4.35,4.74,4.64,VMS 2,,Tanque,,2.40,2.58,1.92,2.22,3.20,3.24,2.93,4.60
02/02/2025 09:08 p. m.,Ordeño,06:31,21.42,3,,,,,0,,1.86,2.04,1.74,1.62,0,0,0,0,4.89,4.56,4.88,4.57,VMS 2,,Tanque,,2.28,2.58,2.22,2.34,6.03,5.23,5.84,4.32
03/02/2025 09:17 a. m.,Ordeño,11:46,24.67,1,,,,,0,,1.74,1.92,1.56,1.74,0,0,0,0,4.75,4.42,4.82,4.43,VMS 2,,Tanque,,2.34,2.64,2.04,2.28,6.26,6.66,6.31,5.44
03/02/2025 03:42 p. m.,Ordeño,06:05,14.00,2,,,,,0,,1.68,1.74,1.50,1.62,0,0,0,0,4.57,4.56,4.67,4.36,VMS 2,,Tanque,,2.22,2.34,1.92,2.40,3.94,3.79,3.47,2.80
04/02/2025 08:05 a. m.,Ordeño,07:46,14.89,1,,"TI,TD","TI,TD",TI,0,,1.86,2.04,0.78,1.50,0,0,0,0,5.06,4.49,3.22,4.82,VMS 2,,Tanque,,2.46,2.70,1.26,2.58,7.25,6.91,0.17,0.56
04/02/2025 10:41 a. m.,Ordeño,05:28,7.10,2,,"TI,TD","DD,TI",DD,0,,1.38,0.00,1.14,1.62,0,0,0,0,4.19,0.00,3.22,4.57,VMS 2,,Tanque,,2.22,0.00,2.10,2.16,1.66,0.00,0.24,5.20
04/02/2025 04:38 p. m.,Ordeño,07:43,17.48,3,,,,,0,,1.86,1.86,1.68,1.56,0,0,0,0,4.93,4.69,4.84,4.43,VMS 2,,Tanque,,2.46,2.64,2.34,2.10,3.06,4.89,6.95,2.58
05/02/2025 12:55 a. m.,Ordeño,06:47,15.41,1,,TD,,,0,,1.44,2.04,1.62,1.74,0,0,0,0,4.77,4.29,4.52,4.50,VMS 2,,Tanque,,1.86,2.58,2.22,2.58,4.43,4.34,3.35,3.29
05/02/2025 07:08 a. m.,Ordeño,05:37,14.57,2,,,,,0,,1.50,1.74,1.56,1.56,0,0,0,0,4.80,4.43,4.71,4.55,VMS 2,,Tanque,,2.16,2.46,1.86,2.10,3.98,4.07,3.29,3.23
05/02/2025 05:17 p. m.,Ordeño,06:53,22.79,3,,,,,0,,1.92,1.98,1.68,1.74,0,0,0,0,5.19,4.92,5.22,5.05,VMS 2,,Tanque,,2.64,2.88,2.10,2.22,5.99,5.90,5.49,5.41
06/02/2025 02:04 a. m.,Ordeño,06:37,16.18,1,,TD,TD,,0,,1.86,1.86,1.56,1.56,0,0,0,0,5.06,4.84,5.03,4.89,VMS 2,,Tanque,,2.34,2.46,2.10,2.16,5.33,5.24,4.90,0.71
06/02/2025 10:28 a. m.,Ordeño,08:31,23.45,2,,,,,0,,1.68,1.80,1.86,1.80,0,0,0,0,5.14,4.98,5.21,4.91,VMS 2,,Tanque,,2.40,2.40,2.34,2.28,5.12,5.27,4.85,8.21
06/02/2025 05:58 p. m.,Ordeño,07:16,16.86,3,,,,,0,,1.80,1.86,1.74,1.62,0,0,0,0,5.22,4.81,5.31,4.69,VMS 2,,Tanque,,2.34,2.46,2.22,2.22,4.56,4.59,4.25,3.46
07/02/2025 02:00 a. m.,Ordeño,05:54,17.16,1,,,,,0,,1.98,2.04,1.68,1.68,0,0,0,0,4.94,4.74,4.98,4.84,VMS 2,,Tanque,,2.70,2.70,2.22,2.04,4.70,4.38,4.28,3.80
07/02/2025 12:42 p. m.,Ordeño,07:25,19.37,2,,TD,TD,,0,,1.92,1.98,1.62,1.44,0,0,0,0,5.11,4.81,5.01,5.03,VMS 2,,Tanque,,2.40,2.64,2.04,1.86,6.22,6.31,6.12,0.72
07/02/2025 09:34 p. m.,Ordeño,06:08,20.19,3,,,,,0,,1.80,1.98,1.62,1.56,0,0,0,0,5.07,4.73,4.96,5.00,VMS 2,,Tanque,,2.28,2.58,2.22,2.04,5.09,4.91,4.91,5.28
08/02/2025 05:03 a. m.,Ordeño,08:55,4.75,1,,TI,"DI,TI,TD","DI,TD",0,,0.00,1.86,0.84,0.00,0,0,0,0,0.00,4.80,3.28,0.00,VMS 2,,Tanque,,0.00,2.34,1.32,0.00,0.00,4.51,0.24,0.00
08/02/2025 10:25 a. m.,Ordeño,04:37,4.29,2,,"TI,TD","DI,TI,TD",DI,0,TD,0.00,1.92,1.02,1.20,0,0,0,0,0.00,4.73,3.69,5.63,VMS 2,,Tanque,,0.00,2.40,2.04,1.74,0.00,3.52,0.25,0.52
08/02/2025 03:18 p. m.,Ordeño,10:19,17.95,3,,TI,,,0,,1.62,1.80,1.32,1.68,0,0,0,0,5.46,5.00,4.99,4.93,VMS 2,,Tanque,,1.98,2.52,1.68,2.34,7.41,2.92,1.16,6.46
08/02/2025 09:00 p. m.,Ordeño,07:36,15.56,4,,,,,0,,1.92,1.68,1.56,1.44,0,0,0,0,4.64,4.79,4.93,4.60,VMS 2,,Tanque,,2.46,2.16,1.92,1.92,3.33,3.17,6.50,2.56
09/02/2025 05:33 a. m.,Ordeño,05:55,14.42,1,,TD,TD,,0,,1.62,1.68,1.56,1.44,0,0,0,0,4.52,4.78,4.82,4.82,VMS 2,,Tanque,,2.10,2.10,2.04,1.92,4.31,4.88,4.23,1.00
09/02/2025 11:24 a. m.,Ordeño,05:11,7.44,2,,"TI,TD","TI,TD",TI,0,"DI,DD,TD",1.74,1.80,0.90,1.14,0,0,0,0,4.85,4.73,3.48,5.29,VMS 2,,Tanque,,2.22,2.28,1.50,1.62,3.18,3.69,0.19,0.38
09/02/2025 07:21 p. m.,Ordeño,04:30,2.20,3,,"DD,TI,TD",Todos,DI,0,TD,0.00,1.38,1.38,1.38,0,0,0,0,0.00,4.74,4.09,5.23,VMS 2,,Tanque,,0.00,1.80,2.34,2.04,0.00,1.24,0.51,0.45
09/02/2025 11:56 p. m.,Ordeño,06:38,24.56,1,,,,,0,,1.98,1.80,1.68,1.62,0,0,0,0,5.24,5.13,5.13,4.94,VMS 2,,Tanque,,2.46,2.52,2.10,2.28,5.70,5.95,6.37,6.54
10/02/2025 08:09 a. m.,Ordeño,06:01,19.43,2,,,,,0,,1.92,1.74,1.56,1.74,0,0,0,0,4.85,5.05,5.06,4.74,VMS 2,,Tanque,,2.34,2.22,2.04,2.22,5.40,5.52,4.65,3.86
11/02/2025 12:39 a. m.,Ordeño,09:49,29.35,1,,,,,0,,1.80,1.92,1.62,1.62,0,0,0,0,5.24,4.72,5.20,5.14,VMS 2,,Tanque,,2.28,3.00,2.04,2.16,7.73,7.71,7.51,6.40
11/02/2025 10:17 a. m.,Ordeño,07:05,22.49,2,,,,,0,,2.04,1.68,1.86,1.74,0,0,0,0,4.82,4.87,5.20,5.02,VMS 2,,Tanque,,2.94,2.22,2.34,2.34,5.96,6.07,5.50,4.96
11/02/2025 06:57 p. m.,Ordeño,05:48,18.01,3,,,,,0,,2.16,1.62,1.80,1.74,0,0,0,0,4.96,4.87,5.06,4.75,VMS 2,,Tanque,,2.82,2.10,2.34,2.34,4.76,4.82,4.44,3.99
12/02/2025 03:57 a. m.,Ordeño,07:34,18.39,1,,,,,0,,1.44,1.80,1.68,1.44,0,0,0,0,5.04,4.66,5.05,5.01,VMS 2,,Tanque,,1.92,2.34,2.04,1.92,5.23,4.80,4.54,3.82
12/02/2025 12:27 p. m.,Ordeño,06:28,18.53,2,,,,,0,,1.74,1.68,1.68,1.62,0,0,0,0,5.23,5.23,4.09,5.09,VMS 2,,Tanque,,2.28,2.16,2.04,2.22,5.02,5.02,4.65,3.84
12/02/2025 10:23 p. m.,Ordeño,06:27,21.38,3,,,,,0,,1.92,1.86,1.68,1.68,0,0,0,0,5.17,4.87,5.12,4.94,VMS 2,,Tanque,,2.46,2.70,2.10,2.16,5.60,5.51,5.39,4.88
13/02/2025 11:38 a. m.,Ordeño,07:22,28.16,1,,,,,0,,2.10,1.86,1.68,1.56,0,0,0,0,5.22,4.99,5.15,4.67,VMS 2,,Tanque,,2.76,3.00,2.16,2.46,7.24,7.18,7.19,6.55
13/02/2025 06:44 p. m.,Ordeño,06:18,16.27,2,,,,,0,DI,1.68,1.68,1.56,1.50,0,0,0,0,4.83,4.60,4.79,3.74,VMS 2,,Tanque,,2.34,2.34,2.04,2.46,4.36,4.45,3.91,3.55
14/02/2025 03:43 a. m.,Ordeño,09:41,14.85,1,,,TI,TI,0,,1.86,1.80,0.00,1.86,0,0,0,0,4.88,4.62,0.00,3.88,VMS 2,,Tanque,,2.70,2.46,0.00,2.52,4.79,4.89,0.00,5.17
14/02/2025 01:49 p. m.,Ordeño,06:58,20.48,2,,TD,,,0,,2.16,1.86,1.86,1.62,0,0,0,0,4.69,4.67,5.15,4.99,VMS 2,,Tanque,,2.88,2.82,2.40,2.16,5.96,5.50,7.29,1.73
14/02/2025 09:23 p. m.,Ordeño,06:34,18.65,3,,,,,0,,1.62,1.74,1.56,1.74,0,0,0,0,4.53,4.56,4.53,4.47,VMS 2,,Tanque,,2.04,2.40,2.04,3.06,4.35,4.22,3.54,6.54
15/02/2025 05:12 a. m.,Ordeño,06:04,17.02,1,,,,,0,,1.68,1.68,1.50,1.62,0,0,0,0,4.78,4.70,4.82,4.39,VMS 2,,Tanque,,2.04,2.22,1.98,2.16,4.80,4.67,3.98,3.57
15/02/2025 06:45 p. m.,Ordeño,11:40,12.58,2,,"TI,TD","DI,TD",DI,0,,0.00,1.86,1.68,1.62,0,0,0,0,0.00,5.12,5.26,4.95,VMS 2,,Tanque,,0.00,2.76,2.58,2.52,0.00,6.45,3.78,2.35
16/02/2025 02:40 a. m.,Ordeño,06:45,20.40,1,,TD,,,0,,1.92,1.74,1.92,1.44,0,0,0,0,5.43,5.06,5.04,4.82,VMS 2,,Tanque,,2.34,2.46,2.40,2.22,7.29,5.59,7.07,0.45
16/02/2025 10:27 a. m.,Ordeño,06:43,13.93,2,,TD,TD,TD,0,,1.80,1.80,1.68,0.84,0,0,0,0,4.71,4.98,4.72,4.82,VMS 2,,Tanque,,2.28,2.94,2.16,1.44,4.42,5.05,4.27,0.19
16/02/2025 05:15 p. m.,Ordeño,06:59,8.12,3,,"DI,TI,TD","TI,TD",,0,DI,1.74,1.68,1.02,1.38,0,0,0,0,5.08,4.77,3.82,4.82,VMS 2,,Tanque,,2.46,2.16,1.80,2.10,2.82,3.92,0.64,0.74
17/02/2025 01:35 a. m.,Ordeño,08:18,23.42,1,,,,,0,,1.74,1.74,1.56,1.68,0,0,0,0,5.00,4.84,4.99,4.46,VMS 2,,Tanque,,2.40,2.28,2.22,2.04,5.57,4.92,7.04,5.89
17/02/2025 02:05 p. m.,Ordeño,06:52,25.57,2,,,,,0,,1.86,1.86,1.62,1.56,0,0,0,0,5.20,5.03,5.06,4.82,VMS 2,,Tanque,,2.46,2.64,2.22,2.10,7.19,7.25,7.11,4.02
17/02/2025 10:14 p. m.,Ordeño,05:47,14.22,3,,TD,TD,,0,,1.62,1.92,1.68,1.38,0,0,0,0,4.78,4.40,4.86,4.22,VMS 2,,Tanque,,2.16,2.64,2.04,2.10,4.71,4.73,4.23,0.55
18/02/2025 06:18 a. m.,Ordeño,05:36,5.34,1,,"TI,TD","DI,TI,TD",DI,0,,0.00,1.68,1.02,1.02,0,0,0,0,0.00,4.63,3.28,4.22,VMS 2,,Tanque,,0.00,2.70,1.56,1.92,0.00,4.63,0.29,0.42
18/02/2025 11:46 a. m.,Ordeño,08:37,21.16,2,,,,,0,,1.74,1.80,1.56,1.44,0,0,0,0,5.07,4.72,4.96,5.09,VMS 2,,Tanque,,2.52,2.46,2.40,2.34,7.03,3.48,5.81,4.84
18/02/2025 06:43 p. m.,Ordeño,06:21,11.75,3,,"DI,TI,TD",TI,,0,DD,1.68,1.68,1.32,1.68,0,0,0,0,4.87,5.11,4.02,4.68,VMS 2,,Tanque,,2.16,2.28,1.68,2.34,4.66,4.22,0.59,2.28
19/02/2025 03:21 a. m.,Ordeño,08:12,21.70,1,,,,,0,,1.68,1.80,1.56,1.32,0,0,0,0,5.00,5.16,5.03,5.12,VMS 2,,Tanque,,2.22,2.52,2.10,2.40,5.17,5.37,7.26,3.90
19/02/2025 11:20 a. m.,Ordeño,07:25,17.85,2,,,,,0,,1.62,1.80,1.68,1.32,0,0,0,0,5.05,4.82,4.89,5.14,VMS 2,,Tanque,,2.04,2.46,2.22,2.10,5.01,5.04,4.56,3.24
19/02/2025 07:25 p. m.,Ordeño,05:23,16.25,3,,,,,0,,2.04,1.80,1.50,1.44,0,0,0,0,4.41,4.77,4.75,4.96,VMS 2,,Tanque,,2.58,2.40,2.10,1.98,4.59,4.37,4.11,3.18
20/02/2025 02:53 a. m.,Ordeño,05:13,15.05,1,,,,,0,,1.98,1.80,1.62,1.38,0,0,0,0,4.88,5.11,5.15,5.23,VMS 2,,Tanque,,2.64,2.46,1.92,2.16,4.57,3.59,4.20,2.69
20/02/2025 07:24 a. m.,Ordeño,06:13,9.72,2,,,,,0,,1.62,1.62,1.38,1.44,0,0,0,0,4.70,4.84,4.87,5.22,VMS 2,,Tanque,,2.34,2.46,1.92,2.16,2.76,2.53,2.43,2.00
20/02/2025 02:09 p. m.,Ordeño,05:03,12.41,3,,TD,TD,,0,,1.80,1.62,1.86,1.56,0,0,0,0,5.03,4.92,5.04,4.89,VMS 2,,Tanque,,2.40,2.10,2.22,2.04,3.99,3.76,3.55,1.11
20/02/2025 09:13 p. m.,Ordeño,05:58,16.92,4,,,,,0,,1.92,1.62,1.56,1.26,0,0,0,0,4.44,4.79,4.86,5.08,VMS 2,,Tanque,,2.40,2.16,1.98,2.46,4.36,4.06,3.96,4.54
21/02/2025 06:05 a. m.,Ordeño,06:36,19.09,1,,,,,0,,1.98,1.56,1.74,1.44,0,0,0,0,5.05,5.13,5.28,4.97,VMS 2,,Tanque,,2.64,2.10,2.34,2.28,5.27,4.95,4.88,3.99
21/02/2025 03:07 p. m.,Ordeño,06:34,18.35,2,,,,,0,,1.62,1.74,1.74,1.44,0,0,0,0,5.00,4.88,5.02,5.07,VMS 2,,Tanque,,2.22,2.46,2.28,2.04,5.20,4.88,4.83,3.44
22/02/2025 12:20 a. m.,Ordeño,05:43,19.38,1,,,,,0,,1.86,1.86,1.68,1.38,0,0,0,0,4.95,4.90,5.14,4.98,VMS 2,,Tanque,,2.34,2.64,2.04,2.10,5.14,5.31,4.90,4.03
22/02/2025 07:40 a. m.,Ordeño,05:54,10.12,2,,"TI,TD","TI,TD",,0,,1.56,1.86,0.96,1.44,0,0,0,0,4.62,4.51,3.55,4.62,VMS 2,,Tanque,,1.92,2.34,1.44,2.88,4.65,4.66,0.25,0.56
22/02/2025 04:05 p. m.,Ordeño,06:18,21.10,3,,,,,0,,1.56,1.80,1.68,1.62,0,0,0,0,5.16,5.09,5.17,5.15,VMS 2,,Tanque,,1.92,2.88,2.10,2.34,4.88,4.50,5.96,5.76
23/02/2025 03:31 a. m.,Ordeño,05:54,22.85,1,,DI,,,0,,1.86,2.04,1.74,1.50,0,0,0,0,4.78,4.59,4.92,4.81,VMS 2,,Tanque,,2.46,2.88,2.10,2.10,6.25,5.48,6.00,5.12
23/02/2025 02:30 p. m.,Ordeño,06:12,20.25,2,,,,,0,,1.86,1.80,1.68,1.56,0,0,0,0,4.63,4.79,4.98,4.83,VMS 2,,Tanque,,2.70,2.76,2.22,2.28,5.91,4.52,5.53,4.29
24/02/2025 02:19 a. m.,Ordeño,06:59,25.02,1,,,,,0,,1.80,1.92,1.56,1.56,0,0,0,0,4.69,4.66,4.84,4.77,VMS 2,,Tanque,,2.28,2.64,2.10,2.04,6.74,5.55,6.55,6.18
24/02/2025 10:49 a. m.,Ordeño,06:25,11.88,2,,"TI,TD",TI,,0,,1.74,1.74,1.26,1.50,0,0,400,0,4.53,4.55,3.69,4.49,VMS 2,,Tanque,,2.28,2.34,2.10,1.98,5.05,4.45,0.54,1.84
24/02/2025 03:00 p. m.,Ordeño,05:13,8.07,3,,TI,TI,TI,0,,1.56,1.50,0.54,1.50,0,0,0,0,4.68,4.65,2.61,4.90,VMS 2,,Tanque,,2.10,1.92,0.96,1.98,2.23,1.87,0.09,3.88
24/02/2025 10:05 p. m.,Ordeño,05:41,15.64,4,,TI,,,0,,1.62,1.56,1.50,1.26,0,0,0,0,4.87,4.80,4.95,4.68,VMS 2,,Tanque,,2.22,2.10,2.58,1.86,3.94,3.54,4.88,3.28
25/02/2025 07:06 a. m.,Ordeño,07:55,21.22,1,,,,,0,,1.50,1.56,1.56,1.38,0,0,0,0,4.87,4.81,4.74,4.68,VMS 2,,Tanque,,1.86,2.04,1.98,2.04,5.50,4.06,7.05,4.61
25/02/2025 03:31 p. m.,Ordeño,04:45,7.30,2,,TD,"DI,TD",DI,0,,0.00,1.74,1.44,1.26,0,0,0,0,0.00,4.73,4.72,4.49,VMS 2,,Tanque,,0.00,2.46,1.80,2.10,0.00,3.58,3.24,0.48
25/02/2025 07:42 p. m.,Ordeño,06:50,16.32,3,,,,,0,,1.68,1.62,1.08,1.86,0,0,0,0,4.68,4.67,4.60,4.81,VMS 2,,Tanque,,2.52,2.10,1.68,2.52,6.61,2.16,2.09,5.46
26/02/2025 03:51 a. m.,Ordeño,07:00,16.60,1,,,,,0,,1.86,1.68,1.44,1.44,0,0,0,0,4.53,4.80,4.88,4.68,VMS 2,,Tanque,,2.40,2.34,1.86,1.98,4.48,4.40,3.92,3.80
26/02/2025 11:22 a. m.,Ordeño,06:56,16.03,2,,,,,0,,1.80,1.80,1.50,1.80,0,0,0,0,4.37,4.51,4.91,4.63,VMS 2,,Tanque,,2.52,2.52,1.86,2.46,4.39,3.88,3.88,3.88
26/02/2025 06:19 p. m.,Ordeño,05:04,13.25,3,,,,,0,,1.80,1.80,1.50,1.68,0,0,0,0,4.65,4.60,4.95,4.83,VMS 2,,Tanque,,2.28,2.52,1.86,2.22,3.60,3.35,3.09,3.21
27/02/2025 03:28 a. m.,Ordeño,07:16,21.16,1,,,,,0,,1.74,1.86,1.74,1.80,0,0,0,0,5.04,4.92,5.32,4.95,VMS 2,,Tanque,,2.10,2.46,2.16,2.52,5.60,4.91,5.19,5.46
27/02/2025 04:06 p. m.,Ordeño,07:56,24.81,2,,,,,0,,1.86,1.98,1.62,1.68,0,0,0,0,4.92,4.81,5.20,4.90,VMS 2,,Tanque,,2.64,3.00,2.22,2.40,6.72,5.85,6.25,5.99
28/02/2025 12:57 a. m.,Ordeño,06:12,20.07,1,,,,,0,,1.80,1.80,1.62,1.56,0,0,0,0,4.68,4.54,5.11,4.83,VMS 2,,Tanque,,2.28,2.34,1.92,2.28,5.45,5.22,4.72,4.68
28/02/2025 10:14 a. m.,Ordeño,05:35,19.16,2,,,,,0,,1.98,1.92,1.86,1.32,0,0,0,0,4.85,4.75,5.32,4.71,VMS 2,,Tanque,,2.70,2.52,2.28,1.92,5.21,5.00,4.90,4.05
28/02/2025 04:48 p. m.,Ordeño,05:09,14.01,3,,,,,0,,2.10,1.74,1.68,1.38,0,0,0,0,4.47,4.67,5.14,4.75,VMS 2,,Tanque,,2.94,2.46,2.04,1.86,3.93,3.68,3.61,2.79
28/02/2025 10:55 p. m.,Ordeño,07:57,8.66,4,,,TD,TD,0,,1.62,1.62,1.38,0.00,0,0,0,0,4.81,4.62,4.80,0.00,VMS 2,,Tanque,,2.22,2.16,1.98,0.00,2.98,2.87,2.81,0.00
01/03/2025 09:18 a. m.,Ordeño,06:21,12.62,1,,"TI,TD","TI,TD",,0,"DD,TD",1.86,1.74,1.26,1.44,0,0,0,0,5.02,5.24,4.02,5.36,VMS 2,,Tanque,,2.46,2.46,2.04,1.98,5.93,5.57,0.42,0.70
01/03/2025 04:31 p. m.,Ordeño,07:36,21.16,2,,,,,0,,1.68,1.68,1.68,1.62,0,0,0,0,5.07,5.10,5.27,5.27,VMS 2,,Tanque,,2.22,2.40,2.10,2.28,4.08,3.83,6.51,6.74
02/03/2025 10:00 a. m.,Ordeño,08:16,27.19,1,,,,,0,,1.86,2.04,1.62,1.56,0,0,0,0,4.99,4.82,5.09,4.73,VMS 2,,Tanque,,2.40,2.82,2.10,2.16,8.00,5.17,8.49,5.53
02/03/2025 06:06 p. m.,Ordeño,06:24,12.29,2,,"TI,TD",TI,TI,0,,1.80,1.80,0.78,1.68,0,0,0,0,4.72,4.83,3.82,4.88,VMS 2,,Tanque,,2.40,2.46,1.20,2.94,4.68,4.12,0.16,3.33
03/03/2025 02:14 a. m.,Ordeño,06:53,20.15,1,,,,,0,,1.80,1.92,1.74,1.44,0,0,0,0,5.07,5.23,5.21,5.12,VMS 2,,Tanque,,2.46,2.52,2.22,2.04,4.69,4.46,7.41,3.59
03/03/2025 09:23 a. m.,Ordeño,06:05,14.02,2,,TD,,,0,,1.68,1.74,1.62,1.62,0,0,0,0,5.03,5.08,5.06,5.13,VMS 2,,Tanque,,2.58,2.34,2.22,2.28,4.44,3.83,3.63,2.12
03/03/2025 06:14 p. m.,Ordeño,07:26,9.94,3,,TD,"DD,TD",DD,0,,1.86,0.00,1.62,1.38,0,0,0,0,5.21,0.00,5.21,5.16,VMS 2,,Tanque,,2.46,0.00,2.16,1.86,4.85,0.00,4.44,0.65
04/03/2025 08:17 a. m.,Ordeño,07:51,29.26,1,,,,,0,,1.62,1.86,1.62,1.68,0,0,0,0,5.40,5.14,5.52,5.04,VMS 2,,Tanque,,2.46,2.88,1.98,2.28,7.84,7.02,7.24,7.16
04/03/2025 03:45 p. m.,Ordeño,05:49,14.83,2,,,,,0,,1.68,1.68,1.62,1.38,0,0,0,0,4.94,4.88,4.99,4.75,VMS 2,,Tanque,,2.34,2.28,2.40,1.92,4.22,3.93,3.91,2.77
05/03/2025 03:08 a. m.,Ordeño,06:19,11.18,1,,TD,"DI,TD",DI,0,,0.00,1.80,1.56,1.14,0,0,0,0,0.00,5.38,5.32,4.62,VMS 2,,Tanque,,0.00,2.76,1.92,1.56,0.00,5.29,5.54,0.35
05/03/2025 05:16 a. m.,Ordeño,06:30,5.89,2,,"TI,TD","DD,TI,TD",DD,0,"DI,TD",1.38,0.00,0.96,1.38,0,0,0,0,5.41,0.00,3.42,5.43,VMS 2,,Tanque,,1.74,0.00,1.50,2.04,5.03,0.00,0.22,0.64
05/03/2025 10:08 a. m.,Ordeño,05:44,13.15,3,,TD,,,0,,1.80,1.62,1.62,1.32,0,0,0,0,4.86,5.45,5.06,5.36,VMS 2,,Tanque,,2.70,2.34,2.10,2.04,4.78,3.95,3.98,0.44
05/03/2025 05:14 p. m.,Ordeño,06:25,16.48,4,,,,,0,,1.98,1.56,1.62,1.56,0,0,0,0,5.11,5.58,5.36,5.39,VMS 2,,Tanque,,2.70,2.16,2.16,2.16,3.49,3.35,3.39,6.25
06/03/2025 02:32 a. m.,Ordeño,06:08,19.79,1,,,,,0,,1.80,1.86,1.62,1.50,0,0,0,0,5.19,5.31,5.55,5.12,VMS 2,,Tanque,,2.76,2.52,1.98,1.98,5.56,5.24,5.10,3.89
06/03/2025 10:43 a. m.,Ordeño,05:24,17.39,2,,,,,0,,2.10,1.92,1.74,1.44,0,0,0,0,4.98,5.17,5.43,5.06,VMS 2,,Tanque,,2.76,2.58,2.10,2.10,5.02,4.83,4.56,2.98
06/03/2025 10:56 p. m.,Ordeño,07:05,22.50,3,,,,,0,,1.74,1.98,1.56,1.56,0,0,0,0,5.18,5.10,5.21,5.14,VMS 2,,Tanque,,2.52,2.64,2.04,2.40,6.53,5.43,6.07,4.47
07/03/2025 06:34 a. m.,Ordeño,07:14,15.87,1,,TD,,,0,,1.56,1.80,1.68,1.68,0,0,0,0,5.24,5.03,5.34,5.23,VMS 2,,Tanque,,2.04,2.34,2.28,2.40,4.56,4.25,4.16,2.90
07/03/2025 12:27 p. m.,Ordeño,04:59,11.28,2,,,,,0,,1.86,1.62,1.62,1.38,0,0,0,0,4.71,4.95,4.99,5.12,VMS 2,,Tanque,,2.28,2.16,1.98,1.98,3.11,3.04,2.72,2.41
07/03/2025 06:25 p. m.,Ordeño,05:17,11.95,3,,,,,0,,1.80,1.62,1.50,1.38,0,0,0,0,4.83,4.96,5.11,5.20,VMS 2,,Tanque,,2.58,2.76,1.92,1.92,3.35,3.02,3.07,2.51
08/03/2025 03:59 a. m.,Ordeño,06:45,19.55,1,,,,,0,,1.50,1.56,1.50,1.32,0,0,0,0,5.11,5.10,5.11,4.92,VMS 2,,Tanque,,1.98,1.98,1.98,1.98,5.50,5.04,5.03,3.98
08/03/2025 11:45 a. m.,Ordeño,05:33,15.45,2,,,,,0,,1.86,1.62,1.68,1.44,0,0,0,0,4.98,5.23,5.25,5.25,VMS 2,,Tanque,,2.34,2.28,2.16,2.04,4.25,4.01,4.00,3.19
08/03/2025 05:52 p. m.,Ordeño,05:01,9.59,3,,TD,TD,,0,,1.50,1.50,1.56,1.20,0,0,0,0,5.00,4.82,5.12,4.96,VMS 2,,Tanque,,1.98,2.64,1.92,1.68,3.25,2.95,2.85,0.54
09/03/2025 08:10 a. m.,Ordeño,07:17,21.12,1,,TD,TD,,0,,1.80,1.80,1.62,1.26,0,0,0,0,5.40,5.23,5.59,5.43,VMS 2,,Tanque,,2.34,2.76,2.28,1.98,6.69,6.50,7.12,0.81
09/03/2025 02:41 p. m.,Ordeño,08:49,18.98,2,,TD,,,0,,1.62,1.56,1.74,1.20,0,0,0,0,5.20,5.23,5.24,4.49,VMS 2,,Tanque,,2.22,2.28,2.22,1.98,4.07,4.08,3.65,7.18
09/03/2025 10:29 p. m.,Ordeño,06:07,15.65,3,,,,,0,,1.68,1.56,1.50,1.32,0,0,0,0,5.28,5.25,5.31,4.93,VMS 2,,Tanque,,2.34,2.40,1.80,1.80,4.45,4.05,4.11,3.04
10/03/2025 05:41 a. m.,Ordeño,05:25,16.17,1,,,,,0,,1.68,1.50,1.56,1.56,0,0,0,0,5.29,5.26,5.37,5.18,VMS 2,,Tanque,,2.16,2.10,2.10,1.98,4.47,4.17,4.25,3.28
10/03/2025 01:44 p. m.,Ordeño,06:31,17.82,2,,,,,0,,1.62,1.68,1.68,1.50,0,0,0,0,5.41,5.52,5.53,5.37,VMS 2,,Tanque,,2.16,2.34,2.10,1.98,4.99,4.58,4.66,3.59
11/03/2025 02:01 a. m.,Ordeño,08:08,25.50,1,,,,,0,,1.44,1.80,1.56,1.80,0,0,0,0,5.47,5.30,5.40,5.41,VMS 2,,Tanque,,1.86,2.52,2.04,2.40,7.09,6.23,6.32,5.86
11/03/2025 06:15 p. m.,Ordeño,09:17,17.60,2,,,TI,TI,0,,1.50,1.98,0.00,1.14,0,0,0,0,4.84,4.74,0.00,5.00,VMS 2,,Tanque,,2.10,2.76,0.00,1.68,7.00,6.19,0.00,4.41
12/03/2025 07:18 a. m.,Ordeño,09:24,24.82,1,,,,,0,,1.56,1.80,1.44,1.20,0,0,0,0,4.94,4.71,5.12,4.86,VMS 2,,Tanque,,2.10,2.46,2.04,1.92,6.13,5.41,9.34,3.94
12/03/2025 10:13 p. m.,Ordeño,07:50,26.44,2,,,,,0,,1.74,2.04,1.62,1.68,0,0,0,0,5.32,5.03,5.21,5.07,VMS 2,,Tanque,,2.34,2.82,2.04,2.58,8.08,6.01,5.47,6.88
13/03/2025 10:59 a. m.,Ordeño,06:21,22.55,1,,,,,0,,1.98,1.86,1.56,1.56,0,0,0,0,4.75,4.72,5.06,4.57,VMS 2,,Tanque,,2.52,2.58,1.98,2.28,6.40,5.90,5.12,5.13
13/03/2025 07:10 p. m.,Ordeño,05:53,15.44,2,,,,,0,,1.74,1.74,1.56,1.32,0,0,0,0,4.87,4.63,4.87,4.38,VMS 2,,Tanque,,2.34,2.52,1.92,1.86,4.42,4.13,3.69,3.20
14/03/2025 01:36 a. m.,Ordeño,06:37,13.46,1,,,,,0,,1.62,1.62,1.44,1.38,0,0,0,0,5.13,4.95,4.98,4.71,VMS 2,,Tanque,,2.04,2.22,1.98,1.92,3.82,3.53,3.18,2.93
14/03/2025 08:39 a. m.,Ordeño,05:31,15.09,2,,,,,0,,1.86,1.80,1.62,1.74,0,0,0,0,5.58,5.52,5.56,5.25,VMS 2,,Tanque,,2.70,2.34,1.92,2.58,4.31,3.81,3.63,3.34
14/03/2025 04:15 p. m.,Ordeño,05:34,16.56,3,,,,,0,,1.80,1.62,1.56,1.74,0,0,0,0,5.24,5.30,5.32,5.04,VMS 2,,Tanque,,2.70,2.04,2.04,2.28,4.61,4.11,3.96,3.88
14/03/2025 11:56 p. m.,Ordeño,07:02,16.07,1,,,,,0,,1.38,1.62,1.62,1.62,0,0,0,0,5.01,4.99,5.13,4.83,VMS 2,,Tanque,,1.74,2.28,2.10,2.34,4.57,4.09,3.89,3.52
15/03/2025 08:40 a. m.,Ordeño,06:33,20.45,2,,,,,0,,1.56,1.68,1.56,1.68,0,0,0,0,5.34,5.28,5.40,5.28,VMS 2,,Tanque,,1.98,2.58,1.98,2.64,5.84,5.01,4.80,4.80
15/03/2025 06:35 p. m.,Ordeño,05:49,20.99,3,,,,,0,,2.10,1.86,1.86,1.68,0,0,0,0,5.21,4.95,5.40,5.08,VMS 2,,Tanque,,2.88,2.70,2.28,2.58,5.82,5.27,5.17,4.73
16/03/2025 02:12 a. m.,Ordeño,04:57,15.29,1,,,,,0,,1.80,1.74,1.68,1.56,0,0,0,0,4.79,4.59,4.93,4.59,VMS 2,,Tanque,,2.52,2.40,2.10,2.22,4.41,4.03,3.68,3.17
16/03/2025 01:56 p. m.,Ordeño,06:43,25.19,2,,,,,0,,1.80,1.62,1.86,1.68,0,0,0,0,5.20,5.14,5.39,5.04,VMS 2,,Tanque,,2.46,2.46,2.76,2.64,6.86,6.47,6.01,5.85
17/03/2025 12:25 a. m.,Ordeño,06:39,15.24,1,,"TI,TD",TI,,0,DI,1.62,1.80,0.84,1.44,0,0,0,0,4.72,4.39,3.62,4.55,VMS 2,,Tanque,,2.10,2.58,1.20,2.04,5.94,4.48,0.21,4.61
17/03/2025 07:48 a. m.,Ordeño,07:03,19.68,2,,,,,0,,1.44,1.80,1.80,1.50,0,0,0,0,5.06,4.73,4.95,4.83,VMS 2,,Tanque,,2.04,2.40,2.52,2.34,4.85,4.36,6.30,4.17
17/03/2025 04:38 p. m.,Ordeño,05:39,18.65,3,,,,,0,,1.86,1.68,1.74,1.44,0,0,0,0,4.70,4.75,4.81,4.84,VMS 2,,Tanque,,2.40,2.40,2.22,2.04,5.40,4.78,4.48,3.99
17/03/2025 10:14 p. m.,Ordeño,05:15,10.63,4,,,,,0,,1.62,1.74,1.38,1.32,0,0,0,0,4.20,4.09,4.28,4.38,VMS 2,,Tanque,,2.46,2.22,1.86,1.98,3.09,2.93,2.46,2.15
18/03/2025 07:45 a. m.,Ordeño,06:28,21.13,1,,,,,0,,1.74,1.56,1.68,1.26,0,0,0,0,5.21,5.13,5.41,5.02,VMS 2,,Tanque,,2.40,2.22,2.10,1.80,5.80,5.28,5.32,4.73
18/03/2025 04:08 p. m.,Ordeño,05:18,18.65,2,,DI,,,0,,2.04,1.68,1.74,1.56,0,0,0,0,4.94,4.87,5.34,5.02,VMS 2,,Tanque,,3.00,2.28,2.22,2.34,5.11,4.76,4.66,4.12
18/03/2025 11:40 p. m.,Ordeño,06:06,17.58,3,,,,,0,,1.92,1.56,1.68,1.62,0,0,0,0,4.64,4.84,4.80,4.68,VMS 2,,Tanque,,2.70,2.52,2.04,2.28,4.80,4.47,4.16,4.15
19/03/2025 06:08 a. m.,Ordeño,05:54,15.18,1,,,,,0,,1.62,1.50,1.56,1.32,0,0,0,0,4.91,4.83,5.14,4.81,VMS 2,,Tanque,,2.10,1.92,2.10,1.92,4.10,3.83,3.82,3.43
19/03/2025 12:11 p. m.,Ordeño,05:13,14.28,2,,,,,0,,1.80,1.50,1.62,1.38,0,0,0,0,5.02,5.22,5.35,5.31,VMS 2,,Tanque,,2.70,2.04,2.04,1.86,4.00,3.63,3.56,3.09
19/03/2025 06:47 p. m.,Ordeño,05:12,12.41,3,,TD,TD,,0,,1.86,1.50,1.68,1.08,0,0,0,0,5.15,5.11,5.66,5.23,VMS 2,,Tanque,,3.06,2.64,2.04,1.74,4.31,3.88,3.87,0.35
20/03/2025 09:23 a. m.,Ordeño,05:12,11.13,2,,TD,TD,,0,,1.50,1.44,1.56,1.26,0,0,0,0,4.65,4.63,5.02,4.15,VMS 2,,Tanque,,1.92,1.86,1.98,2.28,3.72,3.35,3.43,0.63
20/03/2025 05:38 p. m.,Ordeño,05:59,20.22,3,,TD,,,0,,1.74,1.68,1.74,1.62,0,0,0,0,4.60,4.52,4.85,4.58,VMS 2,,Tanque,,2.34,2.52,2.28,2.28,5.16,4.67,4.54,5.85
21/03/2025 07:16 a. m.,Ordeño,08:02,25.82,1,,,,,0,,1.62,1.92,1.56,1.38,0,0,0,0,4.88,4.47,4.96,4.58,VMS 2,,Tanque,,2.10,2.82,2.04,2.04,6.98,6.20,6.96,5.68
21/03/2025 05:37 p. m.,Ordeño,06:09,21.41,2,,TD,,,0,,1.86,1.74,1.74,1.56,0,0,0,0,4.65,4.45,4.75,4.57,VMS 2,,Tanque,,2.58,2.40,2.22,2.16,5.89,5.70,5.33,4.49
21/03/2025 11:51 p. m.,Ordeño,04:58,11.70,3,,,,,0,,1.56,1.86,1.56,1.26,0,0,0,0,4.13,3.93,4.41,4.02,VMS 2,,Tanque,,1.98,2.40,1.98,1.86,3.42,3.19,2.95,2.14
22/03/2025 06:18 a. m.,Ordeño,06:03,14.22,1,,,,,0,,1.62,1.74,1.80,0.84,0,0,0,0,4.93,4.61,4.94,4.68,VMS 2,,Tanque,,2.28,2.34,2.28,1.62,4.14,3.97,3.85,2.26
22/03/2025 04:46 p. m.,Ordeño,08:15,15.88,2,,,TD,TD,0,,2.04,1.50,1.62,0.00,0,0,0,0,4.70,4.84,4.85,0.00,VMS 2,,Tanque,,2.70,2.10,2.04,0.00,5.56,4.84,5.48,0.00
23/03/2025 01:49 a. m.,Ordeño,06:47,20.98,1,,,,,0,,1.68,1.86,1.56,1.56,0,0,0,0,4.41,4.22,4.62,4.77,VMS 2,,Tanque,,2.28,2.52,2.10,2.28,5.15,4.44,4.35,7.04
23/03/2025 09:33 a. m.,Ordeño,05:10,4.98,2,,"TI,TD","DI,TI,TD","DI,TI",0,DD,0.00,1.68,0.54,1.08,0,0,0,0,0.00,5.00,3.69,4.56,VMS 2,,Tanque,,0.00,2.22,1.02,2.04,0.00,4.48,0.12,0.38
23/03/2025 04:32 p. m.,Ordeño,06:50,24.38,3,,,,,0,,1.98,1.62,1.74,1.56,0,0,0,0,5.39,5.13,5.47,5.04,VMS 2,,Tanque,,2.76,2.16,2.34,2.40,7.05,4.05,7.41,5.87
24/03/2025 12:17 a. m.,Ordeño,06:26,16.52,1,,,,,0,,1.86,1.74,1.62,1.50,0,0,0,0,4.79,5.02,5.12,4.91,VMS 2,,Tanque,,2.64,2.22,2.16,2.10,4.76,3.99,4.40,3.37
24/03/2025 06:18 p. m.,Ordeño,05:10,27.03,2,,,,,0,,2.34,1.86,1.74,1.50,0,0,0,0,4.78,4.88,5.21,5.10,VMS 2,,Tanque,,3.06,2.70,2.16,2.10,7.51,6.84,7.05,5.63
25/03/2025 02:48 a. m.,Ordeño,04:44,14.55,1,,TD,TD,,0,,1.62,1.80,1.62,0.90,0,0,0,0,5.11,4.84,5.11,4.36,VMS 2,,Tanque,,2.04,2.40,2.16,1.38,5.12,4.52,4.55,0.36
25/03/2025 10:54 a. m.,Ordeño,04:05,12.31,2,,TD,TD,,0,,1.68,1.68,1.56,1.02,0,0,0,0,5.13,4.94,5.18,4.76,VMS 2,,Tanque,,2.10,2.40,2.04,1.62,4.16,3.84,4.00,0.31
25/03/2025 06:14 p. m.,Ordeño,05:54,19.89,3,,,,,0,,1.92,1.50,1.50,1.50,0,0,0,0,5.23,5.45,5.27,5.09,VMS 2,,Tanque,,2.52,2.04,2.04,2.10,4.27,3.93,4.23,7.46
26/03/2025 03:59 a. m.,Ordeño,04:41,11.14,1,,TD,"DI,TD",DI,0,,0.00,1.86,1.56,1.08,0,0,0,0,0.00,5.24,5.46,4.42,VMS 2,,Tanque,,0.00,2.52,2.22,1.68,0.00,5.09,5.67,0.38
26/03/2025 09:09 a. m.,Ordeño,09:08,14.38,2,,TI,,TI,0,,1.50,1.56,0.36,1.62,0,0,0,0,5.29,4.87,3.28,5.07,VMS 2,,Tanque,,2.16,2.16,0.60,2.58,6.45,2.39,0.07,5.47
26/03/2025 06:03 p. m.,Ordeño,06:48,21.29,3,,,,,0,,1.98,1.62,1.68,0.72,0,0,0,0,4.95,5.42,5.40,5.40,VMS 2,,Tanque,,2.76,2.28,2.34,1.50,5.96,4.99,6.96,3.38
27/03/2025 07:07 a. m.,Ordeño,05:04,22.74,1,,,,,0,,1.86,1.86,1.68,1.50,0,0,0,0,5.20,5.06,5.19,5.06,VMS 2,,Tanque,,2.40,2.70,2.04,2.28,6.49,5.89,5.82,4.54
27/03/2025 04:25 p. m.,Ordeño,05:59,10.87,2,,TD,"DI,TD",DI,0,,0.00,1.74,1.74,1.20,0,0,0,0,0.00,4.73,5.02,4.82,VMS 2,,Tanque,,0.00,2.46,2.40,1.92,0.00,5.39,5.04,0.44
28/03/2025 03:54 a. m.,Ordeño,08:36,21.47,1,,"TI,TD",,,0,,1.56,1.80,1.14,1.50,0,0,0,0,5.08,5.08,4.56,5.06,VMS 2,,Tanque,,2.04,2.64,1.68,2.16,8.84,5.59,0.44,6.60
28/03/2025 08:52 a. m.,Ordeño,06:36,13.99,2,,,,,0,,1.62,1.62,1.74,1.20,0,0,0,0,4.62,4.72,5.29,4.80,VMS 2,,Tanque,,2.22,2.34,2.52,1.86,2.59,2.76,6.75,1.89
28/03/2025 09:29 p. m.,Ordeño,07:49,21.12,3,,TD,TD,,0,,1.56,1.56,1.38,1.50,0,0,0,0,5.52,5.43,5.13,4.76,VMS 2,,Tanque,,1.98,2.22,1.92,2.16,7.19,6.28,6.83,0.82
29/03/2025 06:43 a. m.,Ordeño,07:59,23.09,1,,TI,,,0,,1.50,1.74,1.56,1.44,0,0,0,0,5.27,4.75,4.95,5.06,VMS 2,,Tanque,,2.10,2.46,2.10,2.10,5.54,5.52,4.78,7.25
29/03/2025 12:27 p. m.,Ordeño,07:13,11.90,2,,,,,0,,1.50,1.62,1.62,1.32,0,0,0,0,5.16,4.82,5.08,4.84,VMS 2,,Tanque,,2.10,2.46,2.16,2.22,3.53,3.18,2.93,2.26
29/03/2025 07:17 p. m.,Ordeño,07:16,12.19,3,,DD,,,0,,1.38,1.50,1.62,1.32,0,0,0,0,4.94,4.75,4.94,4.81,VMS 2,,Tanque,,2.10,2.46,2.04,2.10,3.78,2.60,3.39,2.42
30/03/2025 04:47 a. m.,Ordeño,05:59,20.42,1,,,,,0,,1.80,1.68,1.62,1.62,0,0,0,0,5.33,5.02,5.36,5.26,VMS 2,,Tanque,,2.40,2.34,2.10,2.58,5.55,5.30,5.06,4.51
30/03/2025 11:35 a. m.,Ordeño,05:01,13.84,2,,,,,0,,1.74,1.68,1.68,1.38,0,0,0,0,5.02,4.90,5.30,5.08,VMS 2,,Tanque,,2.64,2.28,2.10,1.98,3.99,3.59,3.43,2.83
30/03/2025 09:43 p. m.,Ordeño,06:34,20.46,3,,,,,0,,1.56,1.68,1.56,1.74,0,0,0,0,5.17,4.97,5.15,5.00,VMS 2,,Tanque,,1.92,2.28,1.98,2.40,5.68,4.60,5.11,5.07
31/03/2025 08:42 a. m.,Ordeño,06:27,24.44,1,,,,,0,,1.92,1.68,1.74,1.74,0,0,0,0,5.50,5.44,5.44,5.53,VMS 2,,Tanque,,2.52,3.00,2.34,2.70,6.69,6.21,6.19,5.35
31/03/2025 04:55 p. m.,Ordeño,06:16,16.06,2,,,,,0,,1.56,1.56,1.68,1.56,0,0,0,0,5.04,4.90,5.20,5.09,VMS 2,,Tanque,,2.40,2.16,2.22,2.46,4.64,4.03,4.12,3.27
01/04/2025 12:56 a. m.,Ordeño,05:56,15.08,1,,,,,0,,1.38,1.74,1.44,1.56,0,0,0,0,4.85,4.65,4.79,4.88,VMS 2,,Tanque,,1.74,2.52,1.92,2.46,4.32,3.55,3.84,3.37
01/04/2025 09:36 a. m.,Ordeño,05:15,19.06,2,,,,,0,,2.16,1.74,1.86,2.04,0,0,0,0,5.46,5.46,5.81,5.64,VMS 2,,Tanque,,3.00,2.40,2.40,2.94,5.06,4.53,4.75,4.72
01/04/2025 05:57 p. m.,Ordeño,06:06,13.11,3,,TD,TD,,0,,1.68,1.80,1.68,1.50,0,0,0,0,5.34,5.19,5.43,4.82,VMS 2,,Tanque,,2.34,2.40,2.10,2.28,4.75,3.74,4.09,0.53
02/04/2025 05:15 a. m.,Ordeño,07:15,24.95,1,,,,,0,,1.62,1.86,1.56,1.62,0,0,0,0,5.54,5.20,4.90,5.06,VMS 2,,Tanque,,2.40,2.52,2.04,2.82,7.03,5.03,6.53,6.36
02/04/2025 10:19 a. m.,Ordeño,04:42,9.64,2,,,,,0,,1.50,1.80,1.68,1.80,0,0,0,0,5.11,4.94,5.26,5.12,VMS 2,,Tanque,,2.28,2.58,2.22,2.64,2.83,2.44,2.41,1.96
02/04/2025 07:08 p. m.,Ordeño,06:02,19.50,3,,,,,0,,1.92,1.68,1.56,1.80,0,0,0,0,5.53,5.54,5.54,5.50,VMS 2,,Tanque,,2.46,2.22,2.28,2.76,5.34,4.74,5.19,4.23
03/04/2025 07:26 a. m.,Ordeño,06:36,25.71,1,,,,,0,,1.92,1.80,1.74,1.92,0,0,0,0,5.74,5.60,5.69,5.68,VMS 2,,Tanque,,2.70,2.40,2.28,2.64,7.36,6.19,6.36,5.80
03/04/2025 05:09 p. m.,Ordeño,05:11,17.51,2,,,,,0,,2.04,1.86,1.74,1.68,0,0,0,0,4.95,4.95,5.21,5.26,VMS 2,,Tanque,,2.82,2.40,2.16,2.46,4.89,4.28,4.49,3.85
04/04/2025 05:48 a. m.,Ordeño,07:40,24.41,1,,,,,0,,1.86,2.10,1.56,2.04,0,0,0,0,4.89,4.89,5.09,5.22,VMS 2,,Tanque,,2.76,2.88,2.22,2.88,7.37,4.86,6.20,5.98
04/04/2025 04:15 p. m.,Ordeño,05:35,21.06,2,,,,,0,,2.28,1.80,1.86,2.04,0,0,0,0,4.98,5.11,5.41,5.07,VMS 2,,Tanque,,3.06,2.40,2.28,2.88,5.57,4.79,5.11,5.59
05/04/2025 07:41 a. m.,Ordeño,06:05,12.06,1,,"TI,TD","DI,TD",DI,0,,0.00,1.86,1.74,1.14,0,0,0,0,0.00,5.27,5.55,4.49,VMS 2,,Tanque,,0.00,2.70,2.34,2.34,0.00,5.85,5.92,0.29
05/04/2025 11:50 a. m.,Ordeño,08:00,15.54,2,,,,,0,,2.10,1.62,1.38,1.68,0,0,0,0,5.04,5.01,4.95,5.30,VMS 2,,Tanque,,2.76,2.16,1.92,2.46,6.09,2.24,1.99,5.22
05/04/2025 10:48 p. m.,Ordeño,08:03,22.31,3,,TD,,,0,,1.80,1.68,1.44,1.62,0,0,0,0,5.27,5.03,5.40,5.27,VMS 2,,Tanque,,2.46,2.16,1.80,2.70,6.41,4.85,5.90,5.15
06/04/2025 09:51 a. m.,Ordeño,05:31,21.85,1,,,,,0,,2.16,1.80,1.80,2.04,0,0,0,0,5.53,5.57,5.74,5.66,VMS 2,,Tanque,,3.00,2.34,2.58,2.70,5.75,5.20,5.60,5.30
06/04/2025 09:55 p. m.,Ordeño,05:52,18.27,2,,,,,0,,1.98,1.98,1.68,1.50,0,0,0,0,4.82,5.03,5.15,4.98,VMS 2,,Tanque,,2.64,2.58,2.22,2.10,5.40,4.37,4.86,3.64
07/04/2025 09:11 a. m.,Ordeño,05:47,18.15,1,,,,,0,,1.86,2.10,1.74,1.68,0,0,0,0,4.68,4.71,5.02,4.82,VMS 2,,Tanque,,2.52,2.82,2.16,2.40,5.35,4.41,4.47,3.92
07/04/2025 05:52 p. m.,Ordeño,09:45,12.82,2,,TD,TD,TD,0,"DI,DD,TI",1.80,1.56,1.68,0.18,0,0,0,0,5.38,5.19,5.49,3.82,VMS 2,,Tanque,,2.64,2.40,2.22,0.36,4.61,4.13,4.03,0.05
08/04/2025 01:03 a. m.,Ordeño,05:42,14.58,1,,TD,,,0,,1.74,1.86,1.62,1.86,0,0,0,0,5.26,4.94,5.27,5.18,VMS 2,,Tanque,,2.70,2.40,2.04,2.52,4.34,3.40,3.68,3.16
08/04/2025 10:28 a. m.,Ordeño,05:42,16.71,2,,"DI,TD",TD,,0,,1.80,1.80,1.86,1.62,0,0,0,0,5.64,5.46,5.74,5.43,VMS 2,,Tanque,,2.52,2.40,2.28,2.16,5.72,5.14,5.18,0.67
08/04/2025 06:42 p. m.,Ordeño,06:37,19.95,3,,,,,0,,1.92,1.80,1.74,1.62,0,0,0,0,5.34,4.86,5.33,5.36,VMS 2,,Tanque,,2.52,2.46,2.28,2.22,4.92,4.12,4.15,6.76
09/04/2025 03:50 a. m.,Ordeño,05:53,17.00,1,,,,,0,,1.92,1.80,1.62,1.32,0,0,311,0,5.13,5.20,5.29,5.02,VMS 2,,Tanque,,2.58,2.52,2.10,1.74,4.99,4.41,4.39,3.21
09/04/2025 10:40 a. m.,Ordeño,06:32,14.36,2,,,,,0,,1.92,1.68,1.26,1.50,0,0,0,0,5.12,5.27,4.95,5.43,VMS 2,,Tanque,,2.70,2.22,1.80,2.28,4.09,3.77,3.76,2.74
09/04/2025 06:13 p. m.,Ordeño,07:27,15.50,3,,,,,0,,2.04,1.68,1.68,1.56,0,0,0,0,5.32,5.21,5.42,5.55,VMS 2,,Tanque,,2.46,2.22,2.28,2.16,4.18,3.82,3.88,3.62
10/04/2025 12:21 a. m.,Ordeño,04:48,11.19,1,,TD,,,0,,1.80,1.56,1.62,1.56,0,0,0,0,5.19,5.27,5.42,5.49,VMS 2,,Tanque,,2.52,2.16,2.04,2.10,3.17,2.75,2.79,2.48
10/04/2025 07:11 a. m.,Ordeño,09:11,12.19,2,,,TD,TD,0,,1.56,1.68,1.56,0.00,0,0,0,0,5.33,5.21,5.35,0.00,VMS 2,,Tanque,,2.34,2.82,1.92,0.00,4.50,3.74,3.95,0.00
10/04/2025 04:36 p. m.,Ordeño,07:13,21.87,3,,,,,0,,1.44,1.68,1.74,2.04,0,0,0,0,5.37,5.49,5.40,5.51,VMS 2,,Tanque,,1.86,2.28,2.34,2.82,5.58,4.30,4.64,7.35
11/04/2025 02:31 a. m.,Ordeño,08:50,20.90,1,,,,,0,,1.50,1.68,1.38,1.68,0,0,0,0,5.12,5.12,5.13,5.06,VMS 2,,Tanque,,1.92,2.28,2.04,2.22,6.07,4.76,5.51,4.56
11/04/2025 11:37 a. m.,Ordeño,07:37,19.26,2,,,,,0,,1.74,1.56,1.74,1.50,0,0,0,0,5.25,5.21,5.32,5.60,VMS 2,,Tanque,,2.46,1.98,2.16,2.46,5.54,4.63,4.85,4.24
11/04/2025 07:10 p. m.,Ordeño,07:21,15.30,3,,DI,,,0,,1.32,1.62,1.50,1.44,0,0,0,0,4.95,5.02,4.98,5.49,VMS 2,,Tanque,,1.74,2.22,1.92,1.98,4.28,3.87,3.84,3.31
12/04/2025 02:10 a. m.,Ordeño,06:12,14.68,1,,,,,0,,1.56,1.62,1.50,1.38,0,0,0,0,5.14,5.24,5.21,5.64,VMS 2,,Tanque,,2.28,2.10,1.92,1.74,4.43,3.28,3.89,3.08
12/04/2025 08:49 a. m.,Ordeño,05:31,13.95,2,,TD,,,0,,1.68,1.68,1.62,1.62,0,0,0,0,5.48,5.27,5.51,6.05,VMS 2,,Tanque,,2.16,2.16,2.10,2.58,4.17,3.38,3.67,2.73
12/04/2025 04:38 p. m.,Ordeño,06:56,15.50,3,,,,,0,,1.74,1.32,1.56,1.44,0,0,0,0,5.24,5.14,5.27,5.72,VMS 2,,Tanque,,2.40,1.92,2.22,1.92,4.44,3.83,3.97,3.26
12/04/2025 11:07 p. m.,Ordeño,07:09,13.55,4,,,,,0,,1.44,1.56,1.50,1.38,0,0,0,0,5.10,5.02,5.21,5.37,VMS 2,,Tanque,,1.98,1.92,2.04,1.80,4.10,3.15,3.50,2.80
13/04/2025 08:32 a. m.,Ordeño,07:29,20.53,1,,,,,0,,1.62,1.80,1.56,1.50,0,0,0,0,5.50,5.37,5.48,5.83,VMS 2,,Tanque,,2.10,2.34,2.22,2.04,6.07,4.64,5.40,4.42
13/04/2025 11:52 p. m.,Ordeño,10:39,26.71,1,,TI,,,0,,1.74,1.74,1.44,1.50,0,0,0,0,5.36,5.33,5.26,5.55,VMS 2,,Tanque,,2.22,2.64,2.28,2.10,8.25,6.24,5.98,6.24
14/04/2025 10:11 a. m.,Ordeño,07:04,24.33,2,,,,,0,,1.92,1.68,1.86,1.56,0,0,0,0,5.15,5.06,5.34,5.36,VMS 2,,Tanque,,2.58,2.22,2.64,2.28,6.67,5.54,7.37,4.75
14/04/2025 05:47 p. m.,Ordeño,05:32,13.49,3,,TD,,,0,,1.80,1.44,1.74,1.56,0,0,302,0,4.99,4.97,5.07,5.27,VMS 2,,Tanque,,2.52,1.86,2.28,2.28,3.93,3.40,3.37,2.79
14/04/2025 10:53 p. m.,Ordeño,04:45,9.68,4,,,,,0,,1.56,1.50,1.32,1.26,0,0,0,0,5.23,5.11,5.20,5.24,VMS 2,,Tanque,,2.04,1.92,1.98,1.80,2.94,2.22,2.42,2.10
15/04/2025 08:31 a. m.,Ordeño,06:37,13.14,1,,"DI,TD","DI,TD",,0,,1.62,1.62,1.86,1.38,0,0,0,0,5.63,5.41,5.67,6.03,VMS 2,,Tanque,,2.82,2.10,2.64,1.86,1.32,5.51,5.44,0.87
15/04/2025 05:58 p. m.,Ordeño,06:14,22.96,2,,,,,0,,2.34,1.44,1.86,1.74,0,0,0,0,5.35,5.26,5.40,5.90,VMS 2,,Tanque,,3.18,1.98,2.28,2.46,7.37,4.66,4.88,6.05
15/04/2025 11:31 p. m.,Ordeño,05:33,10.18,3,,,,,0,,1.68,1.44,1.32,0.90,0,0,0,0,5.02,5.00,5.26,5.16,VMS 2,,Tanque,,2.22,1.86,1.98,1.68,3.07,2.12,2.63,2.36
16/04/2025 06:53 a. m.,Ordeño,06:34,17.01,1,,,,,0,,1.92,1.74,1.68,1.56,0,0,0,0,5.23,5.03,5.46,5.59,VMS 2,,Tanque,,2.82,2.34,2.10,1.92,4.86,4.27,4.36,3.52
16/04/2025 04:34 p. m.,Ordeño,05:57,19.06,2,,DD,,,0,,1.92,1.50,1.80,1.80,0,0,0,0,5.68,5.46,5.60,5.50,VMS 2,,Tanque,,2.52,2.58,2.28,2.28,5.20,4.26,5.04,4.56
17/04/2025 01:42 a. m.,Ordeño,06:06,17.61,1,,,,,0,,1.74,1.86,1.56,1.92,0,0,0,0,5.25,4.85,5.20,5.06,VMS 2,,Tanque,,2.16,2.58,2.04,2.34,4.85,4.59,4.41,3.76
17/04/2025 08:46 a. m.,Ordeño,05:16,14.70,2,,,,,0,,1.98,1.74,1.86,1.74,0,0,0,0,4.76,4.58,5.14,4.89,VMS 2,,Tanque,,2.70,2.40,2.34,2.16,3.96,3.70,3.80,3.24
17/04/2025 05:56 p. m.,Ordeño,07:00,17.88,3,,,,,0,,1.92,1.62,1.92,1.86,0,0,0,0,5.16,4.99,5.40,5.35,VMS 2,,Tanque,,2.64,2.22,2.46,2.22,4.93,4.40,4.38,4.17
17/04/2025 11:46 p. m.,Ordeño,05:49,12.81,4,,,,,0,,1.50,1.68,1.56,1.62,0,0,0,0,5.05,4.81,5.26,5.52,VMS 2,,Tanque,,1.92,2.22,1.92,2.04,3.75,3.04,3.41,2.61
18/04/2025 10:05 a. m.,Ordeño,07:29,22.56,1,,,,,0,,1.50,1.74,1.86,1.68,0,0,0,0,5.32,5.05,5.49,5.65,VMS 2,,Tanque,,1.86,2.34,2.46,2.04,6.60,5.17,6.03,4.76
18/04/2025 11:05 p. m.,Ordeño,07:43,23.98,2,,,,,0,,1.62,1.86,1.80,1.80,0,0,0,0,5.16,4.86,5.29,5.12,VMS 2,,Tanque,,2.04,2.46,2.34,2.22,7.04,5.48,6.55,4.91
19/04/2025 10:15 a. m.,Ordeño,06:43,12.71,1,,"TI,TD","TI,TD",,0,"DI,TD",1.74,1.68,1.02,1.20,0,0,500,300,5.37,5.12,3.95,5.49,VMS 2,,Tanque,,2.16,2.46,1.98,2.10,6.42,5.60,0.23,0.46
19/04/2025 10:19 p. m.,Ordeño,07:32,24.23,2,,,,,0,,1.74,1.86,1.80,1.50,0,0,0,0,5.05,4.64,5.55,5.40,VMS 2,,Tanque,,2.28,2.52,2.34,1.98,6.48,5.12,7.72,4.91
20/04/2025 02:42 a. m.,Ordeño,04:38,5.65,1,,,TI,,0,,1.62,1.62,1.32,0.60,0,0,0,0,4.44,4.33,4.40,3.98,VMS 2,,Tanque,,2.10,2.10,1.92,1.20,1.88,1.76,1.11,0.90
20/04/2025 01:26 p. m.,Ordeño,07:09,19.71,2,,,,,0,,1.44,1.92,1.80,1.50,0,0,0,0,5.04,4.79,5.07,5.14,VMS 2,,Tanque,,2.22,2.70,2.52,2.04,6.00,5.02,4.59,4.10
20/04/2025 06:51 p. m.,Ordeño,04:45,11.55,3,,,,,0,,1.92,1.68,1.68,1.14,0,0,0,0,5.31,5.18,5.40,5.34,VMS 2,,Tanque,,2.58,2.76,2.16,1.86,3.37,3.05,2.77,2.36
21/04/2025 05:59 a. m.,Ordeño,06:44,22.47,1,,,,,0,,1.74,1.86,1.68,1.56,0,0,0,0,5.32,4.98,5.21,5.53,VMS 2,,Tanque,,2.28,2.58,2.40,1.98,6.51,5.54,5.68,4.74
21/04/2025 06:03 p. m.,Ordeño,07:38,22.89,2,,,,,0,,1.98,1.86,1.68,1.50,0,0,0,0,5.17,4.81,5.21,5.31,VMS 2,,Tanque,,2.70,2.64,2.28,2.16,6.38,5.84,5.71,4.96
21/04/2025 11:40 p. m.,Ordeño,05:52,11.77,3,,,,,0,,1.44,1.74,1.50,1.32,0,0,0,0,4.78,4.79,5.02,5.04,VMS 2,,Tanque,,1.98,2.34,1.86,1.74,3.30,3.27,2.88,2.32
22/04/2025 06:11 a. m.,Ordeño,05:32,14.32,1,,,,,0,,1.68,1.92,1.62,1.32,0,0,0,0,5.24,5.06,5.40,5.40,VMS 2,,Tanque,,2.28,2.58,2.04,1.80,4.13,3.44,3.66,3.09
22/04/2025 01:16 p. m.,Ordeño,05:56,15.37,2,,,,,0,,1.92,1.62,1.68,1.44,0,0,0,0,5.26,5.11,5.45,5.28,VMS 2,,Tanque,,2.64,2.28,2.34,1.98,4.51,3.79,3.89,3.18
22/04/2025 07:25 p. m.,Ordeño,06:23,11.41,3,,,,,0,,1.68,1.56,1.56,1.32,0,0,0,0,5.00,5.01,5.17,5.05,VMS 2,,Tanque,,2.28,2.22,2.04,1.74,3.24,3.02,2.74,2.41
23/04/2025 12:37 p. m.,Ordeño,07:07,29.91,1,,,,,0,,2.16,2.04,1.92,1.68,0,0,0,0,5.58,5.55,5.87,5.58,VMS 2,,Tanque,,3.06,3.66,2.52,2.10,7.71,7.56,7.31,7.33
23/04/2025 07:04 p. m.,Ordeño,05:08,14.27,2,,,,,0,,1.80,1.56,1.92,1.38,0,0,0,0,4.80,4.94,5.13,4.97,VMS 2,,Tanque,,2.52,2.70,2.34,1.92,4.15,3.66,3.51,2.95
24/04/2025 05:51 a. m.,Ordeño,06:01,21.87,1,,,,,0,,1.92,1.86,1.92,1.62,0,0,0,0,5.41,5.12,5.57,5.55,VMS 2,,Tanque,,2.58,2.70,2.46,2.04,6.19,5.46,5.38,4.84
24/04/2025 02:05 p. m.,Ordeño,05:28,17.11,2,,,,,0,,2.04,1.80,1.98,1.62,0,0,0,0,5.24,5.22,5.64,5.54,VMS 2,,Tanque,,3.00,2.52,2.52,2.16,4.87,4.26,4.40,3.58
24/04/2025 10:25 p. m.,Ordeño,05:42,18.20,3,,,,,0,,1.92,1.86,1.86,1.50,0,0,0,0,5.62,5.26,5.69,5.75,VMS 2,,Tanque,,2.40,2.64,2.22,1.86,5.24,4.50,4.70,3.76
25/04/2025 08:12 a. m.,Ordeño,06:28,21.15,1,,,,,0,,2.04,1.74,1.92,1.50,0,0,0,0,5.21,4.95,5.50,5.38,VMS 2,,Tanque,,2.70,2.94,2.40,1.98,5.77,5.52,5.35,4.51
25/04/2025 04:39 p. m.,Ordeño,05:53,16.43,2,,,,,0,,1.56,1.74,1.74,1.38,0,0,0,0,5.17,5.02,5.44,5.34,VMS 2,,Tanque,,2.04,2.28,2.10,1.80,4.80,4.04,4.21,3.38
25/04/2025 09:58 p. m.,Ordeño,05:08,9.67,3,,"DD,TD",TD,,0,,1.74,1.68,1.68,1.32,0,0,0,0,5.47,5.09,5.43,5.83,VMS 2,,Tanque,,2.40,2.52,2.16,1.80,3.41,2.62,2.90,0.74
26/04/2025 08:01 a. m.,Ordeño,06:30,10.92,1,,TD,"DI,TD",DI,0,,0.00,1.56,1.68,0.96,0,0,0,0,0.00,5.36,5.30,5.63,VMS 2,,Tanque,,0.00,2.04,2.16,1.56,0.00,5.23,5.33,0.36
26/04/2025 06:07 p. m.,Ordeño,07:18,24.08,2,,,,,0,,2.16,1.74,1.74,1.62,0,0,0,0,5.20,4.81,5.37,5.52,VMS 2,,Tanque,,3.00,2.28,2.34,2.04,7.73,5.27,5.21,5.87
27/04/2025 06:08 a. m.,Ordeño,06:42,22.73,1,,,,,0,,1.74,1.56,1.80,1.56,0,0,0,0,5.11,5.11,5.49,5.33,VMS 2,,Tanque,,2.28,2.40,2.34,1.92,6.17,6.06,5.83,4.67
27/04/2025 06:53 p. m.,Ordeño,06:48,23.71,2,,,,,0,,2.10,1.80,1.86,1.80,0,0,0,0,5.05,5.13,5.56,5.43,VMS 2,,Tanque,,2.88,2.88,2.28,2.58,6.07,6.56,6.87,4.21
28/04/2025 06:25 p. m.,Ordeño,05:19,16.57,2,,,,,0,,2.16,1.62,1.80,1.56,0,0,0,0,4.71,4.66,5.18,5.15,VMS 2,,Tanque,,3.06,2.22,2.34,2.04,4.74,4.14,4.38,3.31
29/04/2025 01:50 a. m.,Ordeño,05:52,14.31,1,,,,,0,,1.56,1.62,1.74,1.50,0,0,0,0,5.02,4.91,5.22,5.15,VMS 2,,Tanque,,2.16,2.10,2.16,1.92,4.15,3.62,3.59,2.95
29/04/2025 04:22 p. m.,Ordeño,07:08,25.62,2,,,,,0,,2.10,1.62,1.74,1.62,0,0,0,0,5.39,5.05,5.49,5.44,VMS 2,,Tanque,,3.12,2.16,2.28,2.28,7.22,6.26,6.58,5.56
30/04/2025 02:52 a. m.,Ordeño,07:20,20.69,1,,,,,0,,1.98,1.92,1.62,1.44,0,0,0,0,5.33,4.94,5.43,5.47,VMS 2,,Tanque,,2.88,2.58,2.16,1.92,5.58,5.18,5.39,4.54
30/04/2025 12:29 p. m.,Ordeño,05:40,18.48,2,,,,,0,,2.16,1.80,1.86,1.56,0,0,0,0,4.98,4.93,5.46,5.47,VMS 2,,Tanque,,2.82,2.34,2.22,2.28,5.15,4.43,4.97,3.93
30/04/2025 09:52 p. m.,Ordeño,06:55,16.99,3,,,,,0,,1.74,1.92,1.62,1.68,0,0,0,0,5.19,4.86,5.32,5.33,VMS 2,,Tanque,,2.76,2.64,2.10,2.28,4.83,4.26,4.27,3.63
01/05/2025 08:17 a. m.,Ordeño,06:25,18.40,1,,,,,0,,1.62,1.86,1.86,1.56,0,0,0,0,4.94,4.72,5.30,5.14,VMS 2,,Tanque,,2.28,2.70,2.34,2.34,5.30,4.53,4.64,3.93
01/05/2025 06:57 p. m.,Ordeño,06:00,19.02,2,,,,,0,,1.98,1.62,1.86,1.62,0,0,0,0,5.34,5.11,5.51,5.48,VMS 2,,Tanque,,2.64,2.34,2.46,2.10,5.29,4.71,4.94,4.08
02/05/2025 10:52 a. m.,Ordeño,09:04,26.09,1,,,,,0,,1.74,1.74,1.68,1.56,0,0,0,0,5.20,5.18,5.49,5.38,VMS 2,,Tanque,,2.22,2.64,2.16,1.92,7.30,6.45,6.40,5.94
02/05/2025 07:09 p. m.,Ordeño,05:31,14.39,2,,TD,,,0,,1.86,1.68,1.80,1.56,0,0,0,0,4.61,4.75,4.98,4.76,VMS 2,,Tanque,,2.58,2.16,2.34,1.98,4.18,3.70,3.67,2.84
03/05/2025 10:01 a. m.,Ordeño,07:43,14.81,1,,"TI,TD","TI,TD",TI,0,TD,1.74,1.62,0.72,1.20,0,0,0,0,5.36,5.38,4.15,5.56,VMS 2,,Tanque,,2.40,2.46,1.20,2.34,7.56,6.57,0.14,0.54
03/05/2025 03:58 p. m.,Ordeño,06:44,19.06,2,,,,,0,TD,2.16,1.74,1.86,1.62,0,0,0,0,4.70,4.77,5.43,5.54,VMS 2,,Tanque,,2.94,2.52,2.28,2.16,3.60,3.39,6.34,5.73
04/05/2025 05:33 a. m.,Ordeño,07:27,23.54,1,,,,,0,,1.74,2.10,1.74,1.62,0,0,0,0,5.20,5.08,5.28,5.01,VMS 2,,Tanque,,2.34,3.00,2.22,2.16,7.34,5.15,5.87,5.18
04/05/2025 05:05 p. m.,Ordeño,06:32,20.20,2,,,,,0,,2.28,1.68,1.80,1.68,0,0,0,0,4.66,4.85,5.19,5.00,VMS 2,,Tanque,,3.24,2.64,2.52,2.04,5.58,5.10,5.09,4.43
05/05/2025 03:29 a. m.,Ordeño,07:11,16.44,1,,"DI,TD",TD,,0,,1.80,1.86,1.74,1.32,0,0,0,0,4.96,4.80,5.15,5.23,VMS 2,,Tanque,,2.76,2.46,2.10,1.86,5.68,5.05,4.97,0.74
05/05/2025 08:34 a. m.,Ordeño,06:38,13.46,2,,,,,0,,1.98,1.68,1.62,1.80,0,0,0,0,5.23,5.06,5.48,5.27,VMS 2,,Tanque,,2.70,2.40,2.10,2.40,2.66,2.47,2.44,5.89
05/05/2025 05:59 p. m.,Ordeño,06:33,14.22,3,,TI,TI,,0,"DI,TD",2.10,1.80,0.90,1.50,0,0,300,0,5.00,4.86,3.62,5.01,VMS 2,,Tanque,,2.82,2.34,1.68,2.94,5.17,4.64,0.20,4.21
06/05/2025 06:00 a. m.,Ordeño,06:13,24.62,1,,,,,0,,1.98,1.74,1.98,1.74,0,0,0,0,4.83,4.89,5.38,5.20,VMS 2,,Tanque,,2.76,2.28,2.70,2.10,6.22,5.75,7.42,5.23
06/05/2025 12:32 p. m.,Ordeño,05:25,12.15,2,,,,,0,,1.80,1.62,1.62,1.56,0,0,0,0,4.98,4.77,5.17,5.24,VMS 2,,Tanque,,2.28,2.64,2.10,2.10,3.48,3.11,2.80,2.76
06/05/2025 09:31 p. m.,Ordeño,07:07,14.53,3,,TD,TD,,0,,1.68,2.04,1.74,1.14,0,0,0,0,5.27,5.05,5.41,5.23,VMS 2,,Tanque,,2.46,2.52,2.22,1.68,5.66,3.84,4.58,0.45
07/05/2025 05:56 a. m.,Ordeño,06:21,19.11,1,,,,,0,,1.74,1.74,1.92,1.62,0,0,0,0,5.05,4.79,5.43,4.96,VMS 2,,Tanque,,2.34,2.46,2.34,2.22,4.76,3.89,4.07,6.39
07/05/2025 12:40 p. m.,Ordeño,04:43,10.40,2,,TD,TD,,0,,1.74,1.68,1.74,1.56,0,0,0,0,4.90,5.06,5.21,5.16,VMS 2,,Tanque,,2.40,2.28,2.22,3.00,3.48,2.87,3.16,0.89
07/05/2025 07:08 p. m.,Ordeño,06:05,15.33,3,,,,,0,,1.98,1.62,1.80,1.68,0,0,0,0,5.04,5.14,5.36,5.17,VMS 2,,Tanque,,2.52,2.64,2.28,2.16,4.03,3.49,3.39,4.42
08/05/2025 11:47 a. m.,Ordeño,07:34,21.67,1,,TD,TD,,0,,1.92,1.80,1.68,1.32,0,0,319,0,5.29,5.07,5.35,5.09,VMS 2,,Tanque,,2.70,2.82,2.10,1.86,7.26,6.33,7.63,0.45
08/05/2025 03:57 p. m.,Ordeño,06:14,14.22,2,,,,,0,,1.56,1.50,1.62,1.92,0,0,0,0,4.66,4.66,4.88,5.17,VMS 2,,Tanque,,2.10,2.10,2.10,2.64,2.57,2.59,2.09,6.97
08/05/2025 11:04 p. m.,Ordeño,06:31,12.60,3,,TD,TD,,0,,1.86,1.74,1.80,1.38,0,0,0,0,4.86,4.93,5.22,5.16,VMS 2,,Tanque,,2.52,2.58,2.28,1.92,4.37,3.66,3.92,0.65
09/05/2025 09:15 a. m.,Ordeño,05:45,22.01,1,,,,,0,,2.10,1.86,1.98,2.10,0,0,0,0,5.05,5.14,5.57,5.41,VMS 2,,Tanque,,3.12,2.70,2.40,2.70,5.78,4.58,5.00,6.65
09/05/2025 06:51 p. m.,Ordeño,05:49,18.34,2,,DI,,,0,,1.80,1.62,1.80,1.74,0,0,0,0,5.00,4.92,5.17,5.01,VMS 2,,Tanque,,2.46,2.22,2.28,2.34,5.28,4.43,4.82,3.81
10/05/2025 06:21 a. m.,Ordeño,07:41,23.23,1,,,,,0,,1.92,1.98,1.68,1.86,0,0,0,0,5.25,4.92,5.27,5.20,VMS 2,,Tanque,,2.64,2.94,2.22,2.46,6.62,5.56,5.90,5.15
10/05/2025 04:59 p. m.,Ordeño,06:05,19.01,2,,,,,0,,2.22,1.86,1.68,1.80,0,0,0,0,4.74,4.81,5.17,5.11,VMS 2,,Tanque,,3.06,2.34,2.10,2.46,5.47,4.23,4.93,4.38
10/05/2025 09:46 p. m.,Ordeño,05:11,9.37,3,,,,,0,,1.86,1.98,1.74,1.50,0,0,0,0,4.81,4.55,5.00,4.74,VMS 2,,Tanque,,2.58,2.52,2.34,2.40,2.80,2.06,2.42,2.09
11/05/2025 06:40 a. m.,Ordeño,06:02,18.29,1,,,,,0,,1.68,1.86,1.86,1.92,0,0,0,0,5.30,5.02,5.50,5.35,VMS 2,,Tanque,,2.40,2.46,2.40,2.46,4.95,4.33,4.67,4.34
11/05/2025 02:16 p. m.,Ordeño,05:43,8.47,2,,"TI,TD","TI,TD",,0,"DI,DD,TD",1.50,1.80,1.08,1.20,0,0,400,0,5.10,4.94,3.35,4.76,VMS 2,,Tanque,,1.98,2.46,1.86,1.86,4.15,3.57,0.31,0.44
11/05/2025 09:56 p. m.,Ordeño,06:08,17.54,3,,,,,0,,1.62,1.92,1.68,1.92,0,0,0,0,4.84,4.74,5.10,5.02,VMS 2,,Tanque,,2.04,2.52,2.16,2.46,3.94,2.89,6.12,4.59
12/05/2025 03:11 a. m.,Ordeño,05:42,9.63,1,,,,,0,,1.38,1.62,1.32,1.38,0,0,0,0,4.83,4.73,4.82,4.78,VMS 2,,Tanque,,1.68,2.10,1.92,2.10,3.00,2.17,2.32,2.14
12/05/2025 11:04 a. m.,Ordeño,05:42,15.07,2,,,,,0,,1.68,1.86,1.98,1.68,0,0,0,0,5.24,5.06,5.37,5.16,VMS 2,,Tanque,,2.52,2.58,2.70,2.28,4.29,3.59,3.81,3.38
12/05/2025 07:29 p. m.,Ordeño,06:08,13.97,3,,,,,0,,1.44,1.68,1.74,1.62,0,0,0,0,4.86,4.65,5.11,4.87,VMS 2,,Tanque,,1.86,2.52,2.16,2.22,4.07,3.29,3.40,3.21
13/05/2025 08:55 a. m.,Ordeño,06:58,21.87,1,,,,,0,,1.68,1.74,1.62,1.32,0,0,0,0,4.87,4.61,5.03,4.85,VMS 2,,Tanque,,2.10,2.64,2.22,1.92,6.31,5.16,5.80,4.60
13/05/2025 02:16 p. m.,Ordeño,05:01,7.42,2,,,,,0,,1.62,1.80,1.50,1.20,0,0,0,0,4.50,4.28,4.83,4.41,VMS 2,,Tanque,,2.28,2.52,2.04,1.68,2.10,2.07,1.77,1.48
14/05/2025 12:38 a. m.,Ordeño,05:55,15.92,1,,,,,0,,1.92,1.80,1.80,0.96,0,0,0,0,4.90,4.70,5.16,4.94,VMS 2,,Tanque,,2.52,2.40,2.40,1.50,4.61,3.66,4.27,3.38
14/05/2025 08:35 a. m.,Ordeño,05:01,11.08,2,,,,,0,,1.62,1.74,1.62,1.08,0,0,0,0,5.00,4.52,4.77,4.61,VMS 2,,Tanque,,2.16,2.28,1.98,1.62,3.39,2.66,2.82,2.21
14/05/2025 08:12 p. m.,Ordeño,06:24,16.13,3,,,,,0,,1.44,1.68,1.62,1.14,0,0,0,0,4.96,4.64,5.01,4.88,VMS 2,,Tanque,,1.74,2.22,2.04,1.74,4.77,3.95,4.10,3.31
15/05/2025 07:57 a. m.,Ordeño,06:09,17.06,1,,,,,0,,2.16,1.80,1.74,1.32,0,0,0,0,4.70,4.52,5.09,4.72,VMS 2,,Tanque,,2.88,2.52,2.58,1.92,5.03,4.32,4.29,3.42
15/05/2025 04:21 p. m.,Ordeño,05:27,11.11,2,,TD,,,0,,1.38,1.80,1.80,1.20,0,0,0,0,4.82,4.55,4.96,4.62,VMS 2,,Tanque,,2.16,2.34,2.28,1.80,3.35,2.72,2.82,2.22
16/05/2025 01:55 a. m.,Ordeño,05:36,12.57,1,,,,,0,,1.68,1.80,1.74,1.14,0,0,0,0,4.68,4.41,4.95,4.52,VMS 2,,Tanque,,2.22,2.46,2.34,1.56,3.78,3.18,3.18,2.43
16/05/2025 07:48 a. m.,Ordeño,05:45,6.46,2,,TI,TI,,0,,1.20,1.74,1.38,1.02,0,0,0,0,4.52,4.39,3.69,4.62,VMS 2,,Tanque,,1.74,2.34,1.98,1.50,2.37,2.03,0.61,1.45
16/05/2025 02:57 p. m.,Ordeño,06:07,10.06,3,,,,,0,,1.62,1.74,1.80,0.66,0,0,0,0,4.72,4.30,5.14,4.66,VMS 2,,Tanque,,2.16,2.34,2.22,1.80,2.77,2.46,3.35,1.48
16/05/2025 11:20 p. m.,Ordeño,05:49,11.78,4,,DI,,,0,,1.44,1.56,1.56,0.96,0,0,0,0,4.98,4.54,4.98,4.93,VMS 2,,Tanque,,1.92,2.04,1.98,2.04,3.48,3.10,2.98,2.22
17/05/2025 01:46 p. m.,Ordeño,08:54,15.61,1,,,TD,TD,0,,1.56,1.56,1.74,0.00,0,0,0,0,4.80,4.86,5.04,0.00,VMS 2,,Tanque,,2.16,2.10,2.22,0.00,5.74,4.70,5.17,0.00
17/05/2025 07:11 p. m.,Ordeño,08:59,13.66,2,,,,,0,TD,1.62,1.50,1.50,1.14,0,0,0,0,4.53,4.33,4.70,5.14,VMS 2,,Tanque,,2.22,1.98,1.92,1.80,2.77,2.36,2.23,6.30
18/05/2025 02:49 a. m.,Ordeño,05:26,12.91,1,,,,,0,,1.56,1.56,1.62,0.84,0,0,0,0,5.06,4.86,5.25,4.79,VMS 2,,Tanque,,2.10,2.16,2.04,1.50,3.67,3.46,3.18,2.60
18/05/2025 10:42 a. m.,Ordeño,06:29,10.96,2,,TI,,,0,,1.86,1.74,1.68,0.72,0,0,0,0,4.94,4.74,5.29,4.93,VMS 2,,Tanque,,2.70,2.40,2.64,1.20,3.81,3.23,1.68,2.24
18/05/2025 06:05 p. m.,Ordeño,05:30,12.97,3,,DI,,,0,,1.26,1.56,1.68,0.78,0,0,0,0,4.83,4.60,5.07,4.52,VMS 2,,Tanque,,1.92,2.10,2.10,1.32,3.57,2.81,4.42,2.17
19/05/2025 12:34 a. m.,Ordeño,05:23,9.89,1,,,,,0,,1.32,1.56,1.50,0.66,0,0,0,0,4.97,4.73,4.88,4.92,VMS 2,,Tanque,,1.74,2.28,1.92,1.14,2.97,2.64,2.40,1.88
19/05/2025 09:45 a. m.,Ordeño,06:10,11.84,2,,TD,TD,TD,0,,1.38,1.56,1.68,0.48,0,0,0,0,5.08,4.89,5.15,5.03,VMS 2,,Tanque,,1.86,2.04,2.16,0.84,4.41,3.56,3.78,0.09
19/05/2025 06:05 p. m.,Ordeño,05:26,9.75,3,,TD,TD,,0,,1.32,1.62,1.62,0.72,0,0,0,0,4.76,4.61,4.94,5.23,VMS 2,,Tanque,,1.68,2.28,2.04,1.50,3.40,2.97,3.02,0.36
20/05/2025 03:45 a. m.,Ordeño,05:48,14.29,1,,TD,TD,,0,,1.86,1.62,1.74,0.66,0,0,0,0,5.11,5.01,5.23,5.09,VMS 2,,Tanque,,2.58,2.46,2.28,1.14,5.18,4.38,4.50,0.23
20/05/2025 11:15 a. m.,Ordeño,05:59,11.51,2,,"DI,TD",TD,TD,0,,1.80,1.62,1.80,0.48,0,0,0,0,5.38,5.29,5.54,5.49,VMS 2,,Tanque,,2.82,2.10,2.34,0.96,4.10,3.73,3.57,0.11
20/05/2025 06:39 p. m.,Ordeño,04:47,7.37,3,,"TI,TD","TI,TD",,0,TD,1.68,1.56,1.20,0.78,0,0,0,0,5.21,5.08,4.22,5.63,VMS 2,,Tanque,,2.16,2.10,1.74,1.26,3.45,3.16,0.41,0.35
20/05/2025 11:31 p. m.,Ordeño,04:58,9.95,4,,TD,,,0,,1.56,1.68,1.68,0.54,0,0,0,0,5.17,4.96,5.34,5.29,VMS 2,,Tanque,,2.04,2.28,2.22,0.90,2.67,2.45,4.44,0.39
21/05/2025 01:50 p. m.,Ordeño,08:42,28.17,1,,,,,0,,1.56,1.56,1.86,1.26,0,0,0,0,5.70,5.41,5.68,5.05,VMS 2,,Tanque,,2.04,2.28,2.22,1.98,7.59,6.65,6.64,7.29
21/05/2025 07:45 p. m.,Ordeño,05:13,10.29,2,,,,,0,,1.44,1.68,1.56,0.72,0,0,0,0,4.94,4.61,5.07,4.82,VMS 2,,Tanque,,1.74,2.16,2.04,1.26,3.18,3.10,2.89,1.12
22/05/2025 02:52 a. m.,Ordeño,06:22,13.59,1,,,,,0,,1.44,1.62,1.62,0.90,0,0,0,0,5.20,4.99,5.33,5.38,VMS 2,,Tanque,,1.92,2.28,1.98,1.50,4.34,3.68,3.73,1.84
22/05/2025 12:32 p. m.,Ordeño,05:30,16.64,2,,DI,,,0,,1.92,1.50,1.68,0.96,0,0,0,0,5.25,5.12,5.34,5.67,VMS 2,,Tanque,,2.70,2.04,2.22,1.44,5.30,4.48,4.60,2.26
22/05/2025 05:59 p. m.,Ordeño,04:23,8.18,3,,DI,,,0,,1.38,1.44,1.44,0.90,0,0,0,0,4.85,4.78,5.07,5.26,VMS 2,,Tanque,,2.16,1.98,1.80,1.44,2.48,2.28,2.11,1.31
23/05/2025 06:14 a. m.,Ordeño,07:16,22.39,1,,,,,0,,1.74,1.56,1.56,0.96,0,0,0,0,5.25,5.26,5.40,5.60,VMS 2,,Tanque,,2.28,2.04,2.04,1.56,6.45,5.61,6.39,3.94
24/05/2025 03:09 a. m.,Ordeño,07:39,16.91,1,,,TD,,0,,1.98,2.10,1.56,0.54,0,0,0,0,4.87,4.65,5.16,5.09,VMS 2,,Tanque,,2.70,2.70,2.04,1.62,6.05,4.87,5.17,0.82
24/05/2025 12:24 p. m.,Ordeño,05:22,12.03,2,,TD,TD,,0,,1.74,1.86,1.62,0.78,0,0,0,0,4.60,4.48,4.78,5.03,VMS 2,,Tanque,,2.58,2.70,1.98,1.44,4.33,3.77,3.68,0.25
24/05/2025 07:52 p. m.,Ordeño,06:46,15.03,3,,,,,0,,1.44,1.80,1.56,1.32,0,0,0,0,4.65,4.41,4.79,4.92,VMS 2,,Tanque,,1.92,2.34,1.92,1.98,3.33,3.00,2.84,5.86
25/05/2025 02:35 a. m.,Ordeño,05:07,10.25,1,,TD,TD,,0,,1.50,1.62,1.62,0.78,0,0,0,0,5.18,4.93,5.26,4.62,VMS 2,,Tanque,,2.04,2.04,1.98,1.20,3.65,3.02,3.20,0.38
25/05/2025 09:22 a. m.,Ordeño,06:30,15.07,2,,,,,0,,1.74,1.62,1.56,1.08,0,0,0,0,5.31,5.13,5.45,5.21,VMS 2,,Tanque,,2.40,2.46,1.98,1.56,3.82,3.44,3.55,4.26
25/05/2025 05:45 p. m.,Ordeño,05:18,13.90,3,,,,,0,,1.68,1.62,1.56,0.96,0,0,0,0,5.02,4.94,5.11,5.09,VMS 2,,Tanque,,2.16,2.16,1.98,1.44,4.17,3.41,3.66,2.66
26/05/2025 02:17 a. m.,Ordeño,05:52,14.64,1,,,,,0,,1.56,1.62,1.38,0.90,0,0,0,0,5.02,4.89,5.11,5.21,VMS 2,,Tanque,,2.22,2.16,1.68,1.44,4.28,3.80,3.81,2.75
26/05/2025 10:18 a. m.,Ordeño,05:57,12.05,2,,"DD,TD",TD,,0,,1.86,1.74,1.62,0.84,0,0,0,0,4.88,4.80,5.22,4.89,VMS 2,,Tanque,,2.70,2.70,1.98,1.50,4.23,3.84,3.74,0.24
26/05/2025 07:46 p. m.,Ordeño,08:14,18.91,3,,,,,0,,1.50,1.44,1.62,1.02,0,0,0,0,5.13,5.07,5.34,5.50,VMS 2,,Tanque,,1.92,1.92,2.04,1.44,4.91,4.00,4.33,5.67
27/05/2025 03:21 a. m.,Ordeño,06:13,13.82,1,,,,,0,,1.74,1.50,1.68,0.90,0,0,0,0,5.02,4.90,5.29,5.02,VMS 2,,Tanque,,2.34,2.10,2.10,1.32,3.89,3.60,3.54,2.79
27/05/2025 03:44 p. m.,Ordeño,07:11,21.57,2,,,,,0,,1.62,1.50,1.68,1.14,0,0,0,0,5.21,5.08,5.43,5.32,VMS 2,,Tanque,,1.98,2.34,2.04,1.68,6.20,5.27,5.59,4.51
27/05/2025 11:25 p. m.,Ordeño,05:08,13.72,3,,,,,0,,1.80,1.86,1.68,1.14,0,0,0,0,4.64,4.62,4.97,4.86,VMS 2,,Tanque,,3.12,2.52,2.04,1.80,4.14,3.33,3.47,2.78
28/05/2025 05:25 a. m.,Ordeño,05:22,10.72,1,,,,,0,,1.20,1.56,1.44,1.08,0,0,0,0,4.85,4.62,5.11,4.84,VMS 2,,Tanque,,1.62,2.22,1.86,1.74,3.12,2.87,2.71,2.02
28/05/2025 03:24 p. m.,Ordeño,06:49,17.87,2,,,,,0,,1.44,1.92,1.62,1.26,0,0,0,0,5.16,4.83,5.31,5.14,VMS 2,,Tanque,,1.86,2.58,2.10,1.92,5.37,4.26,4.52,3.72
29/05/2025 01:51 a. m.,Ordeño,05:52,17.33,1,,,,,0,,1.86,1.80,1.68,1.08,0,0,0,0,4.83,4.67,5.18,4.88,VMS 2,,Tanque,,2.46,2.64,2.16,1.50,4.98,4.41,4.61,3.33
29/05/2025 01:46 p. m.,Ordeño,06:07,18.46,2,,,,,0,,1.80,1.86,1.68,1.14,0,0,0,0,4.95,4.67,5.04,4.83,VMS 2,,Tanque,,2.34,2.40,2.10,1.68,5.48,4.56,4.86,3.56
29/05/2025 06:56 p. m.,Ordeño,05:08,3.36,3,,TD,"DI,TD",DI,0,,0.00,1.56,1.38,0.96,0,0,0,0,0.00,4.40,4.62,4.09,VMS 2,,Tanque,,0.00,2.10,2.04,1.44,0.00,1.46,1.61,0.29
30/05/2025 12:14 a. m.,Ordeño,07:28,9.53,1,,,,,0,,1.38,1.56,1.44,0.96,0,0,0,0,4.70,4.44,4.71,4.71,VMS 2,,Tanque,,1.74,2.28,2.04,1.44,3.56,1.85,1.81,2.31
30/05/2025 06:52 a. m.,Ordeño,04:48,5.90,2,,TD,"DI,TD","DI,TD",0,,0.00,1.50,1.44,0.42,0,0,0,0,0.00,4.70,4.77,4.15,VMS 2,,Tanque,,0.00,2.10,1.80,0.78,0.00,2.94,2.81,0.15
30/05/2025 06:22 p. m.,Ordeño,08:03,25.60,3,,DD,,,0,,1.80,1.68,1.68,1.44,0,0,0,0,5.56,5.42,5.50,5.30,VMS 2,,Tanque,,2.58,2.46,2.40,2.58,7.30,5.28,5.72,7.30
31/05/2025 01:57 a. m.,Ordeño,05:52,12.50,1,,DD,,,0,,1.44,1.68,1.38,1.02,0,0,0,0,4.70,4.69,4.86,4.38,VMS 2,,Tanque,,1.86,2.10,1.86,1.56,3.60,3.16,3.39,2.35
31/05/2025 07:05 a. m.,Ordeño,04:16,8.90,2,,,,,0,,1.50,1.56,1.56,1.26,0,0,0,0,5.02,4.81,5.12,4.75,VMS 2,,Tanque,,2.28,2.28,2.10,2.04,2.46,2.36,2.21,1.87
31/05/2025 12:28 p. m.,Ordeño,05:53,9.59,3,,,,,0,,1.38,1.50,1.44,1.02,0,0,0,0,5.07,4.95,5.06,4.88,VMS 2,,Tanque,,1.92,1.98,1.98,1.62,2.64,2.46,2.55,1.94
31/05/2025 09:31 p. m.,Ordeño,06:27,16.93,4,,,,,0,,1.50,1.68,1.44,1.14,0,0,0,0,5.12,4.96,5.09,4.86,VMS 2,,Tanque,,2.16,2.22,1.80,1.74,4.74,4.18,4.53,3.48
01/06/2025 02:51 a. m.,Ordeño,04:34,8.34,1,,"DI,TD",TD,,0,,1.50,1.50,1.38,1.02,0,0,0,0,5.15,4.84,4.98,4.82,VMS 2,,Tanque,,2.22,2.10,1.86,1.56,2.70,2.54,2.36,0.74
01/06/2025 12:37 p. m.,Ordeño,06:29,19.18,2,,TD,,,0,,1.98,1.80,1.80,1.26,0,0,0,0,4.88,4.83,5.32,5.20,VMS 2,,Tanque,,2.64,2.34,2.22,2.22,5.18,4.32,4.60,5.08
01/06/2025 07:05 p. m.,Ordeño,05:28,9.95,3,,,,,0,,1.62,1.68,1.44,0.96,0,0,0,0,4.77,4.49,4.79,4.45,VMS 2,,Tanque,,2.40,2.40,1.98,1.38,2.82,2.70,2.57,1.86
02/06/2025 02:12 a. m.,Ordeño,05:32,12.83,1,,,,,0,,1.56,1.62,1.50,1.08,0,0,0,0,4.90,4.69,4.87,4.78,VMS 2,,Tanque,,2.10,2.28,2.04,1.68,3.71,3.18,3.33,2.61
02/06/2025 07:56 a. m.,Ordeño,05:59,10.49,2,,,,,0,,2.04,1.56,1.50,0.84,0,0,0,0,5.05,4.82,5.29,5.01,VMS 2,,Tanque,,2.64,2.10,2.04,1.86,3.03,2.76,2.82,1.88
02/06/2025 02:01 p. m.,Ordeño,04:43,11.86,3,,,,,0,,1.92,1.50,1.62,1.08,0,0,0,0,5.03,5.09,5.29,5.49,VMS 2,,Tanque,,2.76,2.34,2.10,1.56,3.34,3.11,2.97,2.44
03/06/2025 12:19 a. m.,Ordeño,05:45,19.26,1,,DI,,,0,,1.80,1.80,1.62,1.26,0,0,0,0,5.12,4.85,5.05,4.88,VMS 2,,Tanque,,2.40,2.46,2.10,1.80,5.40,4.53,5.20,4.13
03/06/2025 07:18 a. m.,Ordeño,04:40,12.40,2,,,,,0,,1.92,1.74,1.56,1.14,0,0,0,0,4.51,4.44,4.88,4.60,VMS 2,,Tanque,,2.58,2.22,1.98,1.86,3.48,3.22,3.11,2.59
03/06/2025 03:57 p. m.,Ordeño,05:22,16.49,3,,,,,0,,2.04,1.68,1.68,1.14,0,0,0,0,4.90,4.76,5.13,4.97,VMS 2,,Tanque,,2.70,2.34,2.10,1.80,4.80,3.97,4.21,3.51
04/06/2025 12:13 a. m.,Ordeño,05:19,13.47,1,,TD,,,0,,1.80,1.80,1.56,1.02,0,0,0,0,4.57,4.45,4.80,4.41,VMS 2,,Tanque,,2.52,2.28,1.98,1.50,3.96,3.38,3.45,2.68
04/06/2025 08:20 a. m.,Ordeño,06:39,14.72,2,,,,,0,,1.62,1.80,1.68,0.90,0,0,0,0,5.08,4.61,5.15,5.00,VMS 2,,Tanque,,2.22,2.34,2.16,1.44,4.52,3.78,3.80,2.62
04/06/2025 06:14 p. m.,Ordeño,05:55,16.78,3,,,,,0,,2.22,1.80,1.74,1.20,0,0,0,0,4.58,4.62,5.00,4.83,VMS 2,,Tanque,,2.88,2.46,2.04,1.80,4.94,3.94,4.21,3.69
05/06/2025 08:21 a. m.,Ordeño,07:06,23.04,1,,,,,0,,2.10,1.80,1.68,1.08,0,0,0,0,4.60,4.62,5.03,4.50,VMS 2,,Tanque,,2.82,2.52,2.10,1.62,6.84,5.57,5.87,4.76
05/06/2025 04:10 p. m.,Ordeño,04:59,11.34,2,,,,,0,,1.56,1.50,1.62,1.02,0,0,0,0,4.52,4.61,4.76,4.60,VMS 2,,Tanque,,2.40,1.98,2.04,1.68,3.35,2.80,2.94,2.25
05/06/2025 11:08 p. m.,Ordeño,05:46,12.69,3,,,,,0,,1.80,1.50,1.44,1.20,0,0,0,0,4.67,4.75,4.70,4.83,VMS 2,,Tanque,,2.34,2.10,1.86,1.74,3.63,3.02,3.26,2.78
06/06/2025 06:41 a. m.,Ordeño,06:32,11.66,1,,,TD,TD,0,,1.56,1.44,1.68,0.00,0,0,0,0,5.09,4.90,5.31,0.00,VMS 2,,Tanque,,2.10,2.16,2.10,0.00,4.41,3.53,3.72,0.00
06/06/2025 05:06 p. m.,Ordeño,07:50,22.48,2,,,,,0,,1.80,1.50,1.86,1.44,0,0,0,0,5.03,4.90,5.24,5.39,VMS 2,,Tanque,,2.34,2.04,2.34,1.98,5.42,4.47,4.78,7.81
07/06/2025 12:38 a. m.,Ordeño,05:49,10.70,1,,,,,0,,1.44,1.50,1.62,1.08,0,0,0,0,4.64,4.31,4.78,4.36,VMS 2,,Tanque,,1.92,2.10,2.04,1.50,3.07,2.87,2.85,1.91
07/06/2025 06:01 a. m.,Ordeño,04:46,9.38,2,,,,,0,,1.56,1.44,1.44,1.08,0,0,0,0,5.04,4.84,5.19,5.03,VMS 2,,Tanque,,2.16,1.92,1.92,1.62,2.82,2.22,2.44,1.90
07/06/2025 07:04 p. m.,Ordeño,08:07,22.57,3,,,,,0,,1.68,1.62,1.80,1.20,0,0,0,0,5.25,5.04,5.40,5.15,VMS 2,,Tanque,,2.70,2.28,2.40,1.74,6.48,5.17,5.96,4.96
08/06/2025 06:30 a. m.,Ordeño,07:40,21.15,1,,,,,0,,1.38,1.62,1.68,1.32,0,0,0,0,4.83,4.93,5.04,4.83,VMS 2,,Tanque,,1.86,2.10,2.28,1.86,6.05,5.15,5.31,4.64
08/06/2025 02:14 p. m.,Ordeño,05:31,14.23,2,,,,,0,,1.56,1.56,1.50,1.32,0,0,0,0,4.83,4.80,4.97,4.77,VMS 2,,Tanque,,2.04,2.28,1.92,1.86,3.87,3.51,3.75,3.10
09/06/2025 01:59 a. m.,Ordeño,07:27,21.11,1,,,,,0,,1.56,1.80,1.62,1.26,0,0,0,0,4.85,4.65,5.03,4.90,VMS 2,,Tanque,,2.04,2.46,2.28,1.80,6.03,5.01,5.51,4.56
09/06/2025 10:12 a. m.,Ordeño,05:38,13.52,2,,,,,0,,1.50,1.56,1.50,1.14,0,0,0,0,4.76,4.71,4.90,4.72,VMS 2,,Tanque,,2.28,2.04,2.04,1.74,3.76,3.46,3.48,2.82
09/06/2025 05:50 p. m.,Ordeño,06:31,14.97,3,,,,,0,,1.56,1.62,1.50,1.20,0,0,0,0,5.10,4.93,5.12,5.01,VMS 2,,Tanque,,2.28,2.34,1.86,1.74,4.37,3.44,3.85,3.31
10/06/2025 01:44 a. m.,Ordeño,05:32,11.14,1,,TD,TD,,0,,1.62,1.62,1.62,0.78,0,0,0,0,4.76,4.66,4.97,4.49,VMS 2,,Tanque,,2.28,2.40,1.98,1.50,4.10,3.44,3.35,0.25
10/06/2025 07:40 a. m.,Ordeño,06:52,13.27,2,,,,,0,,1.44,1.62,1.50,1.26,0,0,0,0,4.60,4.68,4.91,4.77,VMS 2,,Tanque,,1.98,2.16,2.04,1.92,3.13,2.58,2.59,4.97
11/06/2025 08:14 a. m.,Ordeño,09:36,30.65,1,,,,,0,DI,1.56,1.50,1.62,1.26,0,0,0,0,6.09,5.53,5.63,4.99,VMS 2,,Tanque,,2.22,1.92,2.10,1.74,8.79,7.24,7.76,6.86
11/06/2025 02:40 p. m.,Ordeño,04:30,5.17,2,,,Todos,,0,,1.02,1.38,1.02,0.90,0,0,0,0,4.48,4.51,4.56,4.20,VMS 2,,Tanque,,1.38,1.86,1.56,1.50,1.31,1.28,1.36,1.22
11/06/2025 08:20 p. m.,Ordeño,04:51,6.56,3,,,,,0,,1.32,1.38,0.96,1.02,0,0,0,0,4.15,4.39,4.55,4.40,VMS 2,,Tanque,,2.04,1.92,1.50,1.62,2.02,1.70,1.52,1.32
12/06/2025 02:10 a. m.,Ordeño,04:19,8.53,1,,,,,0,,1.56,1.38,1.44,1.14,0,0,0,0,5.08,4.99,5.10,4.80,VMS 2,,Tanque,,2.04,1.86,1.80,1.68,2.40,2.09,2.10,1.94
12/06/2025 01:59 p. m.,Ordeño,07:12,19.62,2,,,,,0,,1.74,1.56,1.74,1.38,0,0,0,0,5.56,5.43,4.49,5.49,VMS 2,,Tanque,,2.16,2.22,2.16,2.10,5.54,4.49,5.15,4.44
13/06/2025 01:05 a. m.,Ordeño,05:17,15.08,1,,,,,0,,1.74,1.44,1.68,1.26,0,0,0,0,5.04,4.82,4.93,4.44,VMS 2,,Tanque,,2.46,2.04,2.04,1.80,4.29,3.55,3.88,3.36
13/06/2025 08:52 a. m.,Ordeño,05:00,13.20,2,,,,,0,,1.86,1.50,1.62,1.26,0,0,0,0,4.89,4.87,4.99,5.01,VMS 2,,Tanque,,2.88,2.04,2.10,2.22,3.81,3.07,3.50,2.82
13/06/2025 05:05 p. m.,Ordeño,05:25,12.97,3,,,,,0,,1.56,1.38,1.44,1.14,0,0,0,0,4.97,4.76,4.93,4.84,VMS 2,,Tanque,,2.10,1.80,1.98,1.62,3.90,3.08,3.38,2.61
14/06/2025 01:10 a. m.,Ordeño,05:23,10.72,1,,TD,TD,,0,,1.68,1.44,1.62,1.38,0,0,0,0,4.83,4.71,4.81,4.48,VMS 2,,Tanque,,2.10,1.92,2.10,3.42,3.54,2.90,3.06,1.22
14/06/2025 07:05 a. m.,Ordeño,05:21,11.93,2,,,,,0,,1.44,1.50,1.62,1.44,0,0,0,0,4.69,4.66,4.93,4.82,VMS 2,,Tanque,,1.92,2.04,1.98,2.34,3.11,2.51,2.78,3.53
14/06/2025 09:43 p. m.,Ordeño,07:46,22.39,3,,,,,0,,1.80,1.44,1.56,1.20,0,0,0,0,5.01,4.91,5.01,4.96,VMS 2,,Tanque,,2.22,1.86,2.22,1.86,6.25,5.39,5.86,4.89
15/06/2025 05:53 a. m.,Ordeño,05:17,13.96,1,,,,,0,,1.80,1.50,1.62,1.20,0,0,0,0,4.63,4.54,4.63,4.16,VMS 2,,Tanque,,2.40,2.34,2.10,1.86,4.00,3.33,3.55,3.08
15/06/2025 02:43 p. m.,Ordeño,05:25,14.86,2,,,,,0,,1.74,1.62,1.62,1.20,0,0,0,0,5.03,4.72,5.04,4.84,VMS 2,,Tanque,,2.40,2.34,2.22,1.80,4.29,3.50,3.83,3.24
15/06/2025 10:15 p. m.,Ordeño,05:23,12.06,3,,,,,0,,1.86,1.50,1.62,1.32,0,0,0,0,4.90,4.66,4.96,4.64,VMS 2,,Tanque,,2.52,1.98,2.16,1.74,3.56,2.85,3.12,2.53
16/06/2025 05:04 p. m.,Ordeño,07:57,26.38,1,,,,,0,,2.04,1.62,1.80,1.44,0,0,0,0,4.72,4.91,5.12,4.89,VMS 2,,Tanque,,2.70,2.22,2.46,1.92,6.85,6.23,6.61,6.69
17/06/2025 06:59 a. m.,Ordeño,06:33,22.25,1,,,,,0,,1.92,1.56,1.80,1.26,0,0,0,0,4.50,4.67,4.88,4.63,VMS 2,,Tanque,,2.58,2.22,2.22,1.80,6.20,5.63,5.82,4.60
17/06/2025 06:09 p. m.,Ordeño,06:07,17.26,2,,,,,0,,1.80,1.56,1.62,1.26,0,0,0,0,4.58,4.41,4.54,4.57,VMS 2,,Tanque,,2.40,2.10,2.10,1.80,4.99,4.11,4.26,3.90
18/06/2025 08:15 a. m.,Ordeño,05:38,4.87,1,,TD,"DI,TI,TD","DI,TI",0,,0.00,1.68,0.00,0.96,0,0,0,0,0.00,4.54,0.00,4.56,VMS 2,,Tanque,,0.00,2.28,0.00,1.38,0.00,4.51,0.00,0.36
18/06/2025 05:58 p. m.,Ordeño,06:12,24.45,2,,,,,0,,2.40,1.68,1.68,1.44,0,0,0,0,4.31,4.55,4.51,4.71,VMS 2,,Tanque,,3.06,2.22,2.16,1.98,7.31,3.37,7.31,6.46
19/06/2025 05:32 a. m.,Ordeño,05:57,18.19,1,,,,,0,,1.80,1.56,1.92,1.50,0,0,0,0,4.73,4.72,4.80,4.78,VMS 2,,Tanque,,2.16,2.40,2.34,2.10,5.05,4.53,4.51,4.10
19/06/2025 01:48 p. m.,Ordeño,05:24,12.57,2,,,,,0,,1.98,1.56,1.62,1.32,0,0,0,0,4.90,4.52,4.82,4.78,VMS 2,,Tanque,,2.64,2.10,2.04,1.80,3.57,3.04,3.16,2.80
19/06/2025 10:31 p. m.,Ordeño,05:15,9.24,3,,TD,TD,,0,,1.56,1.68,1.50,1.14,0,0,0,0,4.44,4.28,4.51,4.29,VMS 2,,Tanque,,2.22,2.52,1.86,1.62,3.14,2.68,2.79,0.63
20/06/2025 09:50 a. m.,Ordeño,07:49,22.35,1,,,,,0,,2.10,1.62,1.74,1.26,0,0,0,0,5.19,4.94,5.22,5.09,VMS 2,,Tanque,,2.70,2.28,2.16,1.98,5.65,5.07,5.36,6.27
20/06/2025 05:03 p. m.,Ordeño,06:02,11.98,2,,,,,0,,1.98,1.62,1.62,1.08,0,0,0,0,4.50,4.59,4.89,4.71,VMS 2,,Tanque,,2.58,2.34,1.98,1.62,3.23,3.23,3.04,2.48
21/06/2025 03:08 a. m.,Ordeño,06:36,16.32,1,,,,,0,,2.04,1.62,1.62,1.08,0,0,0,0,5.06,4.80,5.01,4.83,VMS 2,,Tanque,,2.58,2.16,2.04,1.50,4.71,4.06,4.33,3.22
21/06/2025 03:04 p. m.,Ordeño,05:47,14.32,2,,"TI,TD",TI,,0,"DD,TD",2.22,1.56,1.20,1.08,0,0,0,0,4.46,4.66,3.62,4.69,VMS 2,,Tanque,,2.76,2.40,1.56,1.62,5.41,4.63,0.50,3.78
21/06/2025 10:09 p. m.,Ordeño,06:09,12.90,3,,,,,0,,1.56,1.44,1.50,1.20,0,0,0,0,4.57,4.61,4.94,4.71,VMS 2,,Tanque,,2.04,1.92,1.92,1.68,2.56,2.25,5.82,2.27
22/06/2025 06:58 a. m.,Ordeño,04:57,12.83,1,,,,,0,,1.86,1.44,1.56,1.08,0,0,0,0,4.51,4.55,4.54,4.56,VMS 2,,Tanque,,2.52,1.98,2.04,1.74,3.88,2.98,2.99,2.98
22/06/2025 05:12 p. m.,Ordeño,05:01,15.98,2,,DD,,,0,,1.98,1.62,1.68,1.32,0,0,0,0,4.19,4.90,4.94,4.80,VMS 2,,Tanque,,2.58,2.64,2.22,1.86,4.91,3.60,3.96,3.51
23/06/2025 01:34 a. m.,Ordeño,05:05,11.08,1,,,,,0,,1.80,1.68,1.62,1.26,0,0,0,0,4.47,4.41,4.73,4.36,VMS 2,,Tanque,,2.40,2.28,2.04,2.04,3.26,2.53,2.92,2.37
23/06/2025 09:17 a. m.,Ordeño,04:51,10.26,2,,TD,TD,,0,,1.92,1.44,1.56,0.96,0,0,0,0,4.53,4.55,4.86,4.49,VMS 2,,Tanque,,2.52,1.92,1.92,1.62,3.80,2.95,3.21,0.30
23/06/2025 04:59 p. m.,Ordeño,05:11,8.23,3,,"TI,TD",TD,,0,,1.62,1.50,1.56,0.90,0,0,0,0,4.60,4.56,4.66,4.62,VMS 2,,Tanque,,2.22,2.10,2.46,1.38,3.11,2.55,2.28,0.29
24/06/2025 06:20 a. m.,Ordeño,06:04,18.61,1,,"TI,TD",,,0,DI,1.86,1.56,0.96,1.74,0,0,0,0,4.93,4.80,3.69,4.83,VMS 2,,Tanque,,2.52,2.16,1.50,2.46,6.24,5.31,0.26,6.80
24/06/2025 02:58 p. m.,Ordeño,06:56,17.97,2,,,,,0,,1.92,1.50,1.74,1.08,0,0,0,0,4.39,4.50,4.94,4.32,VMS 2,,Tanque,,2.70,1.98,2.28,1.62,4.25,3.61,7.56,2.55
25/06/2025 01:13 a. m.,Ordeño,05:38,13.52,1,,,,,0,,1.80,1.56,1.62,1.08,0,0,0,0,4.41,4.42,4.46,4.54,VMS 2,,Tanque,,2.58,2.04,2.16,1.62,4.38,3.32,3.21,2.61
25/06/2025 09:46 a. m.,Ordeño,05:09,13.99,2,,,,,0,,2.04,1.68,1.62,1.20,0,0,0,0,4.66,4.62,4.92,4.95,VMS 2,,Tanque,,2.58,2.28,2.04,1.80,4.27,3.50,3.34,2.88
25/06/2025 06:08 p. m.,Ordeño,04:55,11.75,3,,,,,0,,1.80,1.50,1.74,1.14,0,0,0,0,4.26,4.61,4.86,4.55,VMS 2,,Tanque,,2.76,1.98,2.34,1.62,3.62,2.92,2.88,2.33
26/06/2025 01:39 a. m.,Ordeño,05:39,12.92,1,,,,,0,,1.50,1.68,1.62,1.14,0,0,0,0,4.80,4.67,4.93,4.83,VMS 2,,Tanque,,1.86,2.40,2.16,1.68,3.80,3.26,3.29,2.57
26/06/2025 09:56 a. m.,Ordeño,05:24,12.38,2,,TD,TD,,0,,1.80,1.62,1.62,0.84,0,0,0,0,4.79,4.94,5.21,4.82,VMS 2,,Tanque,,2.58,2.16,2.10,1.20,4.74,3.53,3.85,0.26
26/06/2025 05:41 p. m.,Ordeño,06:12,9.84,3,,TD,TD,,0,,1.56,1.62,1.62,1.02,0,0,0,0,4.59,4.81,5.01,5.09,VMS 2,,Tanque,,2.16,2.10,1.98,1.50,3.55,2.82,3.02,0.45
27/06/2025 12:59 a. m.,Ordeño,07:07,15.18,1,,,,,0,,1.50,1.74,1.62,1.38,0,0,0,0,4.80,4.69,4.95,4.79,VMS 2,,Tanque,,1.86,2.34,2.04,1.98,3.76,2.91,2.96,5.55
27/06/2025 01:09 p. m.,Ordeño,07:08,20.03,2,,,,,0,,1.74,1.92,1.74,1.26,0,0,0,0,4.57,4.48,4.94,4.57,VMS 2,,Tanque,,2.22,2.94,2.22,1.80,6.07,4.64,5.42,3.90
28/06/2025 02:45 a. m.,Ordeño,06:20,16.69,1,,TD,TD,,0,,1.98,1.80,1.50,1.20,0,0,0,0,4.32,4.56,4.65,4.49,VMS 2,,Tanque,,2.88,2.52,2.04,2.10,5.96,4.87,5.30,0.56
28/06/2025 08:18 a. m.,Ordeño,05:57,11.03,2,,,,,0,,1.68,1.56,1.50,1.50,0,0,0,0,4.17,4.29,4.54,4.55,VMS 2,,Tanque,,2.16,2.28,1.92,1.92,2.28,1.76,1.89,5.10
28/06/2025 06:03 p. m.,Ordeño,05:34,8.45,3,,"TI,TD","TI,TD",TI,0,,1.68,1.74,0.60,1.08,0,0,0,0,4.43,4.24,3.28,4.22,VMS 2,,Tanque,,2.16,2.64,0.96,1.92,4.16,3.54,0.13,0.62
29/06/2025 02:43 a. m.,Ordeño,07:01,18.53,1,,,,,0,,1.80,1.62,1.50,1.20,0,0,0,0,4.55,4.44,4.88,4.55,VMS 2,,Tanque,,2.28,2.28,1.98,1.62,3.98,3.36,6.86,4.33
29/06/2025 10:33 a. m.,Ordeño,05:45,10.42,2,,,TD,TD,0,,1.80,1.50,1.38,0.00,0,0,0,0,4.50,4.70,4.46,0.00,VMS 2,,Tanque,,2.52,2.04,1.86,0.00,3.96,3.14,3.32,0.00
29/06/2025 05:28 p. m.,Ordeño,06:47,6.25,3,,"TI,TD","TI,TD",,0,"DI,TD",1.56,1.62,1.02,1.08,0,0,0,0,4.65,4.42,3.42,4.89,VMS 2,,Tanque,,1.98,2.28,1.44,1.92,2.91,2.60,0.30,0.44
30/06/2025 04:05 a. m.,Ordeño,07:00,21.88,1,,,,,0,,1.44,1.56,1.44,1.38,0,0,0,0,4.57,4.59,4.90,4.70,VMS 2,,Tanque,,1.80,2.22,1.98,1.98,5.20,3.83,6.33,6.52
30/06/2025 01:22 p. m.,Ordeño,06:12,14.60,2,,"TI,TD",,,0,,1.50,1.50,1.56,1.26,0,0,0,0,4.70,4.81,4.84,4.42,VMS 2,,Tanque,,2.04,2.16,2.34,2.04,4.51,3.63,3.64,2.82
01/07/2025 01:12 a. m.,Ordeño,05:51,15.92,1,,,,,0,,1.62,1.50,1.62,1.14,0,0,0,0,4.71,4.54,4.75,4.62,VMS 2,,Tanque,,1.98,1.98,1.98,1.56,4.67,3.95,4.20,3.10
01/07/2025 09:35 a. m.,Ordeño,06:21,14.59,2,,,,,0,,1.32,1.62,1.56,1.20,0,0,0,0,4.69,4.68,5.03,4.82,VMS 2,,Tanque,,1.74,2.40,2.10,1.74,4.39,3.74,3.61,2.85
01/07/2025 07:00 p. m.,Ordeño,05:49,12.52,3,,TD,TD,,0,,1.56,1.56,1.68,1.02,0,0,0,0,4.21,4.68,4.89,4.89,VMS 2,,Tanque,,2.16,2.04,2.04,1.44,4.53,3.68,3.83,0.48
02/07/2025 03:32 a. m.,Ordeño,06:04,14.61,1,,,,,0,,1.50,1.56,1.62,1.44,0,0,0,0,4.44,4.26,4.69,4.83,VMS 2,,Tanque,,1.98,2.34,2.16,2.10,3.43,2.92,3.06,5.20
02/07/2025 11:18 a. m.,Ordeño,04:51,10.83,2,,,,,0,,1.68,1.68,1.50,1.20,0,0,0,0,4.45,4.27,4.76,4.55,VMS 2,,Tanque,,2.16,2.22,1.92,1.74,3.16,2.78,2.78,2.11
02/07/2025 06:25 p. m.,Ordeño,05:47,8.24,3,,TD,TD,,0,,1.50,1.50,1.50,1.08,0,0,0,0,4.45,4.28,4.57,4.62,VMS 2,,Tanque,,1.98,1.98,2.04,1.56,2.94,2.34,2.59,0.37
03/07/2025 12:36 a. m.,Ordeño,04:42,7.07,1,,TD,TD,,0,,1.38,1.56,1.38,1.02,0,0,0,0,4.42,4.33,4.54,4.82,VMS 2,,Tanque,,1.74,2.04,1.74,1.50,2.42,1.92,2.16,0.57
03/07/2025 02:33 p. m.,Ordeño,08:20,25.11,2,,TD,,,0,,2.16,1.80,1.74,1.26,0,0,0,0,4.91,4.51,5.10,5.11,VMS 2,,Tanque,,2.82,2.46,2.46,1.80,6.66,5.53,6.16,6.76
04/07/2025 12:44 a. m.,Ordeño,06:48,10.81,1,,,TD,TD,0,,1.38,1.68,1.50,0.00,0,0,0,0,4.41,4.29,4.48,0.00,VMS 2,,Tanque,,1.74,2.16,1.92,0.00,3.90,3.35,3.56,0.00
04/07/2025 09:16 a. m.,Ordeño,04:58,11.12,2,,TD,TD,,0,,1.80,1.62,1.68,1.08,0,0,0,0,4.66,4.54,4.87,4.82,VMS 2,,Tanque,,2.64,2.22,2.16,1.80,3.95,3.29,3.47,0.41
04/07/2025 06:50 p. m.,Ordeño,08:03,17.12,3,,,,,0,,1.74,1.38,1.50,1.50,0,0,0,0,4.64,4.66,4.75,4.97,VMS 2,,Tanque,,2.22,2.34,1.86,2.04,3.62,3.12,3.40,6.98
05/07/2025 07:02 a. m.,Ordeño,06:12,17.06,1,,,,,0,,1.50,1.44,1.74,1.32,0,0,0,0,4.60,4.51,4.84,4.48,VMS 2,,Tanque,,1.92,1.92,2.28,1.80,5.44,3.79,4.82,3.01
05/07/2025 03:40 p. m.,Ordeño,04:47,11.16,2,,,,,0,,1.98,1.44,1.50,1.20,0,0,0,0,4.19,4.38,4.78,4.54,VMS 2,,Tanque,,2.64,1.86,2.16,1.74,3.47,2.69,2.99,2.01
06/07/2025 12:54 a. m.,Ordeño,05:36,10.21,1,,,,,0,,1.20,1.44,1.44,1.20,0,0,0,0,4.46,4.53,4.56,4.54,VMS 2,,Tanque,,1.80,1.86,1.92,1.74,3.13,2.49,2.67,1.92
06/07/2025 09:48 a. m.,Ordeño,04:54,12.09,2,,,,,0,,1.92,1.32,1.74,1.26,0,0,0,0,4.39,4.67,4.83,4.67,VMS 2,,Tanque,,2.58,1.80,2.16,1.80,3.72,2.83,3.24,2.30
06/07/2025 07:56 p. m.,Ordeño,06:22,14.32,3,,,,,0,,1.50,1.50,1.56,1.26,0,0,0,0,4.79,4.67,4.97,4.79,VMS 2,,Tanque,,2.16,2.16,2.10,1.74,4.09,3.45,3.69,3.09
07/07/2025 05:58 a. m.,Ordeño,05:13,13.44,1,,,,,0,,1.50,1.56,1.86,1.26,0,0,0,0,4.53,4.67,4.78,4.51,VMS 2,,Tanque,,1.98,2.34,2.28,1.80,4.19,3.11,3.48,2.66
07/07/2025 05:51 p. m.,Ordeño,05:35,15.96,2,,,,,0,,1.86,1.56,1.56,1.32,0,0,0,0,4.64,4.70,4.97,4.85,VMS 2,,Tanque,,2.76,2.04,1.92,2.10,4.64,3.74,4.24,3.34
08/07/2025 12:08 a. m.,Ordeño,04:51,7.28,1,,,,,0,,1.14,1.44,1.44,1.14,0,0,0,0,4.51,4.57,4.77,4.58,VMS 2,,Tanque,,1.56,2.10,1.80,1.74,2.12,1.84,1.88,1.44
08/07/2025 01:54 p. m.,Ordeño,05:36,17.94,2,,,,,0,,1.92,1.44,1.56,1.26,0,0,0,0,4.30,4.76,4.97,4.86,VMS 2,,Tanque,,2.46,2.16,1.92,1.68,5.27,4.21,4.69,3.77
08/07/2025 10:45 p. m.,Ordeño,04:30,9.53,3,,,,,0,,1.50,1.44,1.26,1.14,0,0,0,0,4.53,4.25,4.54,4.56,VMS 2,,Tanque,,1.92,1.86,1.62,1.56,2.78,2.30,2.42,2.03
09/07/2025 06:35 p. m.,Ordeño,07:12,25.04,1,,,,,0,,1.62,1.68,1.74,1.38,0,0,0,0,5.32,4.71,5.23,4.97,VMS 2,,Tanque,,2.10,2.34,2.16,1.92,6.94,6.17,6.34,5.59
10/07/2025 04:24 a. m.,Ordeño,06:00,13.59,1,,,,,0,,1.38,1.50,1.50,1.20,0,0,0,0,4.44,4.37,4.69,4.45,VMS 2,,Tanque,,1.80,1.92,1.92,1.80,3.87,3.29,3.46,2.97
10/07/2025 08:25 p. m.,Ordeño,08:29,21.16,2,,,,,0,,1.44,1.50,1.62,1.32,0,0,0,0,4.91,4.71,5.02,4.99,VMS 2,,Tanque,,1.74,2.10,2.10,1.80,6.53,4.25,5.78,4.60
11/07/2025 03:18 a. m.,Ordeño,05:12,10.47,1,,,,,0,,1.56,1.38,1.62,1.08,0,0,0,0,4.60,4.49,4.68,4.52,VMS 2,,Tanque,,2.46,1.92,2.10,1.74,3.11,2.49,2.77,2.10
11/07/2025 04:36 p. m.,Ordeño,07:43,10.66,2,,"TI,TD","TI,TD",,0,,1.26,1.56,0.96,0.96,0,0,0,0,4.74,4.75,3.89,4.82,VMS 2,,Tanque,,1.62,2.04,1.44,1.44,5.49,4.48,0.30,0.39
12/07/2025 03:31 a. m.,Ordeño,07:44,18.83,1,,,,,0,,1.50,1.44,1.68,1.38,0,0,0,0,4.51,4.45,4.87,4.72,VMS 2,,Tanque,,1.98,1.98,2.16,1.80,3.63,3.08,6.48,5.64
12/07/2025 05:06 p. m.,Ordeño,06:38,18.64,2,,,,,0,,2.04,1.62,1.56,1.38,0,0,0,0,4.70,4.76,4.89,4.74,VMS 2,,Tanque,,2.76,2.46,2.04,2.04,5.88,4.60,4.42,3.74
13/07/2025 05:32 a. m.,Ordeño,09:37,8.51,1,,DI,"DI,TD",TD,0,,1.26,1.50,1.44,0.00,0,0,0,0,4.76,4.64,4.81,0.00,VMS 2,,Tanque,,2.34,2.10,1.86,0.00,0.45,3.98,4.08,0.00
13/07/2025 06:34 p. m.,Ordeño,07:16,22.85,2,,,,,0,,1.86,1.68,1.74,1.50,0,0,0,0,4.97,4.76,5.26,5.57,VMS 2,,Tanque,,2.34,2.28,2.34,2.04,7.16,4.63,4.83,6.23
15/07/2025 07:44 p. m.,Ordeño,05:38,11.97,3,,,,,0,,1.38,1.44,1.50,1.14,0,0,0,0,4.69,4.72,5.03,4.72,VMS 2,,Tanque,,1.92,2.64,1.86,1.56,3.60,3.08,3.04,2.25
16/07/2025 03:41 a. m.,Ordeño,05:22,12.45,1,,,,,0,,1.68,1.50,1.56,1.02,0,0,0,0,4.78,4.67,5.15,4.69,VMS 2,,Tanque,,2.52,2.04,2.10,1.86,3.68,3.14,3.33,2.30
16/07/2025 07:22 p. m.,Ordeño,06:49,20.67,2,,,,,0,,1.62,1.50,1.62,1.14,0,0,0,0,4.92,4.51,5.09,4.97,VMS 2,,Tanque,,2.10,2.16,2.04,1.80,5.97,5.08,5.49,4.13
17/07/2025 05:25 a. m.,Ordeño,06:45,15.36,1,,,,,0,,1.50,1.68,1.56,1.14,0,0,0,0,4.72,4.48,4.90,4.60,VMS 2,,Tanque,,1.92,2.16,2.10,1.74,4.65,3.73,4.10,2.88
17/07/2025 01:00 p. m.,Ordeño,08:56,2.19,2,,,"DI,DD,TI","DI,DD,TI",0,,0.00,0.00,0.00,1.14,0,0,0,0,0.00,0.00,0.00,4.66,VMS 2,,Tanque,,0.00,0.00,0.00,1.80,0.00,0.00,0.00,2.19
17/07/2025 07:41 p. m.,Ordeño,07:07,17.67,3,,,,,0,,1.92,1.68,1.50,0.96,0,0,0,0,4.81,4.62,5.00,4.59,VMS 2,,Tanque,,2.34,2.40,1.92,1.44,5.60,4.31,5.89,1.87
18/07/2025 01:54 a. m.,Ordeño,04:28,10.55,1,,,,,0,,2.10,1.68,1.26,1.14,0,0,0,0,4.68,4.55,4.79,4.87,VMS 2,,Tanque,,2.88,2.22,1.74,1.68,3.08,2.47,2.94,2.06
18/07/2025 10:35 a. m.,Ordeño,05:40,15.35,2,,,,,0,,1.56,1.80,1.56,1.32,0,0,0,0,4.92,4.72,5.04,4.49,VMS 2,,Tanque,,2.04,2.58,1.98,1.86,4.61,3.79,3.92,3.03
18/07/2025 06:46 p. m.,Ordeño,07:54,12.53,3,,,,,0,,1.62,1.74,1.32,1.32,0,0,0,0,4.88,4.60,4.90,4.72,VMS 2,,Tanque,,2.10,2.40,1.62,1.86,3.60,2.92,3.43,2.58
19/07/2025 02:19 a. m.,Ordeño,05:09,12.86,1,,,,,0,,1.80,1.68,1.62,1.32,0,0,0,0,4.94,4.66,4.97,4.86,VMS 2,,Tanque,,2.64,2.46,2.10,1.92,3.91,3.09,3.27,2.59
19/07/2025 02:20 p. m.,Ordeño,06:50,18.33,2,,,,,0,,1.74,1.92,1.92,1.44,0,0,0,0,4.87,4.59,5.19,4.78,VMS 2,,Tanque,,2.16,2.52,2.46,1.98,5.81,3.99,5.02,3.51
19/07/2025 09:45 p. m.,Ordeño,04:55,7.38,3,,TI,TI,,0,"DI,DD",1.38,1.50,1.32,1.20,0,0,0,0,4.42,4.46,3.95,3.62,VMS 2,,Tanque,,1.86,1.98,1.86,1.62,2.69,2.41,0.50,1.78
20/07/2025 09:17 a. m.,Ordeño,06:47,20.98,1,,,,,0,,1.62,1.80,1.98,1.38,0,0,0,0,5.29,4.75,5.52,5.04,VMS 2,,Tanque,,1.98,2.22,2.52,1.92,5.95,4.46,6.58,3.99
20/07/2025 05:23 p. m.,Ordeño,04:53,4.08,2,,"TI,TD","DI,TI,TD",DI,0,,0.00,1.56,1.74,1.14,0,0,0,0,0.00,4.62,3.69,4.36,VMS 2,,Tanque,,0.00,2.28,2.64,2.28,0.00,2.85,0.94,0.29
21/07/2025 02:30 a. m.,Ordeño,07:58,22.24,1,,,,,0,,1.74,1.62,1.98,1.44,0,0,0,0,5.36,4.90,5.34,4.97,VMS 2,,Tanque,,2.10,2.16,2.64,1.98,7.40,3.79,5.33,5.72
21/07/2025 10:05 a. m.,Ordeño,07:39,12.82,2,,TD,,,0,"DI,TI",1.14,1.80,1.74,1.32,0,0,0,0,5.09,4.89,5.17,3.62,VMS 2,,Tanque,,1.50,2.28,2.28,1.86,3.69,3.30,3.30,2.53
21/07/2025 05:33 p. m.,Ordeño,05:20,10.94,3,,,,,0,,1.38,1.74,1.62,1.20,0,0,0,0,5.23,4.86,5.20,4.46,VMS 2,,Tanque,,1.80,2.22,1.98,1.68,3.33,2.60,2.75,2.26
22/07/2025 09:48 a. m.,Ordeño,09:58,18.20,1,,,TD,TD,0,,1.56,1.74,1.56,0.00,0,0,0,0,5.36,4.74,5.19,0.00,VMS 2,,Tanque,,2.22,2.40,2.04,0.00,6.87,5.33,6.00,0.00
22/07/2025 05:54 p. m.,Ordeño,08:27,12.16,2,,TD,TD,,0,,1.80,1.74,1.62,1.26,0,0,0,0,4.76,4.59,4.88,5.23,VMS 2,,Tanque,,2.46,2.28,2.16,1.92,4.04,3.15,3.23,1.74
23/07/2025 01:54 a. m.,Ordeño,05:43,8.37,1,,"DI,TD","DI,TD",,0,,1.68,1.68,1.56,1.08,0,0,0,0,5.03,4.75,4.96,5.29,VMS 2,,Tanque,,2.76,2.28,2.04,1.62,1.67,3.09,3.14,0.47
23/07/2025 08:07 a. m.,Ordeño,06:29,10.73,2,,TD,,,0,,1.74,1.68,1.50,1.14,0,0,0,0,5.56,4.88,5.32,5.36,VMS 2,,Tanque,,2.16,2.22,1.92,1.62,5.19,2.39,2.64,0.51
23/07/2025 04:56 p. m.,Ordeño,08:20,18.04,3,,,,,0,,1.98,1.68,1.62,1.44,0,0,0,0,4.89,4.81,5.14,5.33,VMS 2,,Tanque,,2.70,2.16,1.98,2.04,4.30,3.57,3.84,6.33
24/07/2025 02:15 p. m.,Ordeño,13:50,0.90,2,,,Todos,"DD,TI",0,TD,0.24,0.00,0.12,0.36,0,0,0,0,4.36,0.00,2.95,7.64,VMS 2,,Tanque,,0.60,0.00,0.36,1.02,0.27,0.00,0.16,0.47
25/07/2025 01:26 a. m.,Ordeño,11:03,1.55,1,,,Todos,DD,0,"DD,TD",0.84,0.12,0.18,0.48,0,0,0,0,3.35,7.24,2.55,6.42,VMS 2,,Tanque,,2.04,0.42,0.42,1.08,0.50,0.11,0.23,0.71
01/08/2025 10:45 a. m.,Ordeño,08:29,1.00,2,,,"DI,TI,TD","DI,TI",0,,0.00,0.84,0.00,0.42,0,700,0,0,0.00,4.36,0.00,4.37,VMS 3,,Drenaje,,0.00,1.38,0.00,0.78,0.00,0.55,0.00,0.45
02/08/2025 12:26 a. m.,Ordeño,10:46,7.95,1,,DI,,,0,,1.20,1.02,1.32,1.02,0,1087,0,0,5.22,4.90,5.20,5.11,VMS 3,,Drenaje,,1.92,1.50,1.62,1.62,3.10,0.95,2.92,0.98
02/08/2025 11:43 a. m.,Ordeño,08:19,3.04,2,,,TI,TI,0,TD,1.14,0.90,0.00,0.90,0,1100,0,0,4.53,4.36,0.00,5.29,VMS 3,,Drenaje,,1.68,1.44,0.00,1.32,1.38,0.61,0.00,1.05
03/08/2025 06:39 p. m.,Ordeño,08:49,5.52,2,,"TI,TD",,TI,0,TD,1.14,0.96,0.60,1.50,0,0,0,0,4.76,4.96,4.49,5.71,VMS 3,,Drenaje,,1.98,1.44,0.78,2.28,1.44,0.59,0.06,3.43
04/08/2025 02:58 a. m.,Ordeño,08:01,4.41,1,,,,DI,0,,0.00,1.02,1.20,1.02,0,0,0,0,0.00,5.54,4.97,5.82,VMS 3,,Drenaje,,0.00,1.50,1.68,1.50,0.00,0.95,1.25,2.21
04/08/2025 02:54 p. m.,Ordeño,10:28,6.13,2,,,,DI,0,,0.00,1.08,1.38,1.08,0,0,0,0,0.00,5.80,5.58,5.53,VMS 3,,Drenaje,,0.00,1.56,1.92,1.50,0.00,1.49,2.34,2.30
05/08/2025 01:49 a. m.,Ordeño,04:42,3.83,1,,TD,"DI,TD",DI,0,,0.00,1.08,1.32,0.78,0,0,0,0,0.00,5.48,5.41,5.03,VMS 3,,Drenaje,,0.00,1.50,1.74,1.20,0.00,1.15,2.47,0.21
05/08/2025 10:48 a. m.,Ordeño,07:40,12.59,2,,,,,0,,1.62,1.08,1.32,1.20,0,0,0,0,6.68,6.19,5.82,5.90,VMS 3,,Drenaje,,2.46,1.56,1.62,1.74,5.46,1.15,2.25,3.73
05/08/2025 06:21 p. m.,Ordeño,07:45,4.57,3,,,,DI,0,,0.00,0.90,1.20,0.72,0,0,0,0,0.00,5.77,5.54,5.14,VMS 3,,Drenaje,,0.00,1.38,1.86,1.14,0.00,0.98,2.03,1.56
06/08/2025 05:18 a. m.,Ordeño,09:07,9.07,1,,,,,0,DI,1.38,1.02,1.44,1.02,0,0,0,0,6.27,5.26,5.51,5.21,VMS 3,,Drenaje,,1.80,1.44,1.86,1.44,2.24,1.48,3.06,2.29
06/08/2025 01:19 p. m.,Ordeño,09:27,4.60,2,,,,TI,0,,1.26,1.02,0.00,1.08,0,0,0,0,5.99,5.56,0.00,5.26,VMS 3,,Drenaje,,1.74,1.38,0.00,1.56,1.55,1.15,0.00,1.90
07/08/2025 12:40 a. m.,Ordeño,05:08,9.48,1,,TI,,,0,,1.20,1.08,1.38,1.20,0,0,0,0,5.90,5.93,5.90,5.60,VMS 3,,Drenaje,,1.86,1.50,1.74,1.74,2.68,1.53,2.40,2.87
07/08/2025 08:36 a. m.,Ordeño,06:36,9.42,2,,"DI,TD",,,0,,1.50,1.02,1.56,0.90,0,0,0,0,6.36,5.81,6.35,5.83,VMS 3,,Drenaje,,2.10,1.44,1.98,1.74,2.39,1.25,5.34,0.44
07/08/2025 07:45 p. m.,Ordeño,06:37,10.75,3,,,,,0,,1.74,1.14,1.38,1.20,0,0,0,0,6.47,6.08,6.27,6.31,VMS 3,,Drenaje,,2.34,1.50,1.74,1.98,2.85,1.40,2.44,4.06
08/08/2025 06:48 a. m.,Ordeño,04:33,7.52,1,,,,,0,,1.86,1.02,1.32,1.02,0,0,0,393,4.89,5.34,5.20,5.00,VMS 3,,Drenaje,,2.58,1.38,1.80,1.44,2.78,1.03,1.77,1.94
08/08/2025 06:23 p. m.,Ordeño,04:53,8.94,2,,,,,0,,1.74,1.02,1.56,1.14,0,0,0,0,5.34,5.31,5.54,5.05,VMS 3,,Drenaje,,2.22,1.44,2.28,1.56,3.12,0.94,2.68,2.20
09/08/2025 02:00 a. m.,Ordeño,04:14,6.71,1,,DI,,,0,,1.44,0.96,1.20,1.08,0,0,0,0,5.14,4.97,5.20,4.92,VMS 3,,Drenaje,,2.10,1.50,1.50,1.50,2.19,0.89,2.01,1.62
09/08/2025 09:55 a. m.,Ordeño,06:52,6.04,2,,TD,,,0,,1.74,1.02,1.50,0.84,0,0,0,0,5.36,5.36,5.79,5.23,VMS 3,,Drenaje,,2.16,1.38,1.80,1.20,2.62,0.88,2.27,0.27
11/08/2025 06:29 a. m.,Ordeño,05:56,3.27,2,,TD,TD,,0,,1.50,0.84,1.26,0.66,0,0,0,0,4.28,4.09,4.62,4.49,VMS 3,,Drenaje,,2.04,1.32,1.86,1.02,1.44,0.43,0.90,0.50
11/08/2025 02:52 p. m.,Ordeño,06:06,6.71,3,,,,,0,,1.92,1.02,1.56,0.96,0,0,0,0,5.08,5.25,5.14,5.02,VMS 3,,Drenaje,,2.52,1.50,1.98,1.38,2.55,0.69,1.93,1.54
12/08/2025 02:04 a. m.,Ordeño,07:04,8.73,1,,TD,,,0,,1.74,1.20,1.56,0.96,0,0,0,0,5.29,5.39,5.26,4.90,VMS 3,,Drenaje,,2.10,1.68,1.98,1.50,3.75,1.03,3.15,0.80
12/08/2025 02:40 p. m.,Ordeño,06:23,13.64,2,,TD,,,0,,2.04,1.20,1.86,1.38,0,0,0,0,5.16,5.83,5.63,5.88,VMS 3,,Drenaje,,2.58,1.62,2.34,1.92,4.15,1.29,3.97,4.23
13/08/2025 12:05 a. m.,Ordeño,05:00,8.51,1,,,,,0,DD,1.62,1.14,1.38,1.08,0,0,0,0,5.02,5.82,4.95,4.72,VMS 3,,Drenaje,,2.10,1.56,1.74,1.68,2.95,1.03,2.70,1.83
13/08/2025 02:07 p. m.,Ordeño,07:00,14.79,2,,,,,0,,1.80,1.20,1.92,1.32,0,0,0,0,5.78,6.12,5.96,6.04,VMS 3,,Drenaje,,2.64,1.62,2.40,1.98,5.13,1.64,4.70,3.32
14/08/2025 12:33 a. m.,Ordeño,05:53,10.62,1,,,,,0,,1.62,1.20,1.44,1.02,0,0,0,0,5.32,5.73,5.36,5.44,VMS 3,,Drenaje,,2.16,1.56,2.04,1.56,3.72,1.10,3.34,2.46
14/08/2025 09:22 a. m.,Ordeño,06:16,9.34,2,,,,,0,,1.80,0.96,1.62,1.32,0,0,0,0,5.72,5.27,5.71,5.62,VMS 3,,Drenaje,,2.70,1.56,2.10,1.68,3.36,0.81,2.96,2.21
14/08/2025 05:34 p. m.,Ordeño,06:29,6.56,3,,"TI,TD",TI,,0,,1.32,1.08,1.08,1.20,0,0,0,0,5.47,5.80,4.69,5.40,VMS 3,,Drenaje,,1.74,1.50,1.50,1.98,3.31,1.05,0.24,1.96
15/08/2025 02:00 a. m.,Ordeño,07:40,12.77,1,,,,,0,,1.68,1.08,1.56,1.14,0,0,0,0,5.40,5.79,5.78,5.61,VMS 3,,Drenaje,,2.10,1.50,2.04,1.80,3.34,1.28,5.52,2.63
15/08/2025 11:57 a. m.,Ordeño,05:50,11.80,2,,,,,0,,1.56,1.26,1.50,1.20,0,0,0,0,5.48,5.64,5.57,5.76,VMS 3,,Drenaje,,1.98,1.62,1.92,1.62,4.13,1.38,3.43,2.86
15/08/2025 07:23 p. m.,Ordeño,04:48,7.09,3,,TD,TD,,0,,1.74,1.08,1.50,0.90,0,0,0,0,5.56,5.44,5.62,5.63,VMS 3,,Drenaje,,2.22,1.50,1.86,1.26,3.25,0.90,2.64,0.30
18/08/2025 09:34 a. m.,Ordeño,05:09,12.30,1,,,,,0,,1.86,1.02,1.56,1.26,0,0,0,0,5.43,5.57,5.48,5.57,VMS 3,,Drenaje,,2.46,1.50,2.10,1.62,4.33,1.22,3.99,2.76
18/08/2025 11:49 p. m.,Ordeño,07:15,15.11,2,,"DI,TI",,,0,,1.74,1.44,1.68,1.32,0,0,0,0,5.51,6.01,5.65,5.74,VMS 3,,Drenaje,,2.52,1.86,2.58,1.86,5.91,1.89,3.22,4.09
21/08/2025 02:18 a. m.,Ordeño,03:58,9.11,1,,"TI,TD",,,0,,1.98,0.90,1.56,0.90,0,0,0,0,5.15,5.47,5.53,5.76,VMS 3,,Drenaje,,2.64,1.38,2.10,1.44,4.10,1.11,2.42,1.48
21/08/2025 09:20 a. m.,Ordeño,04:49,7.74,2,,TI,,,0,TD,1.86,1.02,1.56,1.38,0,0,0,0,5.30,5.68,5.03,5.96,VMS 3,,Drenaje,,2.46,1.38,2.04,2.10,3.32,1.25,0.93,2.24
21/08/2025 07:46 p. m.,Ordeño,06:03,15.02,3,,TD,,,0,,1.74,1.02,1.98,1.26,0,0,0,0,5.45,5.69,6.06,5.70,VMS 3,,Drenaje,,2.16,1.50,2.52,1.80,4.54,1.43,6.48,2.57
22/08/2025 06:57 a. m.,Ordeño,06:49,13.01,1,,,,,0,,1.92,1.08,1.68,1.26,0,0,0,0,5.11,5.46,5.31,5.56,VMS 3,,Drenaje,,2.76,1.50,2.22,2.10,4.78,1.42,3.54,3.27
22/08/2025 06:56 p. m.,Ordeño,05:50,13.80,2,,,,,0,,1.62,1.26,1.86,1.38,0,0,0,0,5.18,5.48,5.49,5.22,VMS 3,,Drenaje,,2.22,1.62,2.52,1.86,5.03,1.53,3.93,3.31
26/08/2025 09:25 a. m.,Ordeño,04:56,7.01,2,,,,,0,,1.80,0.84,1.62,0.90,0,0,0,0,5.04,4.97,4.84,4.65,VMS 3,,Drenaje,,2.40,1.26,2.22,1.44,2.69,0.69,1.81,1.82
26/08/2025 07:39 p. m.,Ordeño,05:23,5.75,3,,"TI,TD","TI,TD",,0,DI,1.86,1.08,1.26,0.90,0,0,0,0,5.03,4.80,4.02,4.62,VMS 3,,Drenaje,,2.52,1.44,2.22,1.26,4.22,0.89,0.28,0.36
27/08/2025 01:55 a. m.,Ordeño,05:15,9.36,1,,TD,,,0,TI,1.32,0.84,1.68,1.14,0,0,0,0,4.84,4.36,5.78,5.08,VMS 3,,Drenaje,,1.68,1.20,2.10,1.86,2.60,0.54,4.08,2.14
27/08/2025 02:22 p. m.,Ordeño,07:13,16.66,2,,,,,0,,1.86,1.14,1.80,1.32,0,0,0,0,5.16,5.34,5.44,5.43,VMS 3,,Drenaje,,2.52,1.68,2.40,1.68,5.53,1.64,4.09,5.40
28/08/2025 12:49 a. m.,Ordeño,07:10,11.42,1,,DI,,,0,,1.50,1.14,1.74,1.08,0,0,0,0,4.91,5.34,5.13,4.65,VMS 3,,Drenaje,,2.22,1.62,2.10,1.44,4.37,1.42,3.24,2.39
28/08/2025 09:45 a. m.,Ordeño,05:22,10.29,2,,,,,0,,1.68,1.02,1.80,1.02,0,0,0,0,5.27,5.41,5.60,4.89,VMS 3,,Drenaje,,2.28,1.38,2.16,1.50,3.98,1.18,3.01,2.12
28/08/2025 07:54 p. m.,Ordeño,06:17,11.76,3,,DI,,,0,,1.44,1.08,1.68,1.14,0,0,0,0,5.12,5.29,5.41,5.08,VMS 3,,Drenaje,,2.10,1.44,2.04,1.50,4.30,1.20,3.60,2.66
29/08/2025 05:09 a. m.,Ordeño,06:05,10.92,1,,,,,0,,1.68,1.14,1.68,1.08,0,0,0,0,5.03,5.28,5.39,4.94,VMS 3,,Drenaje,,2.28,1.62,2.16,1.50,3.94,1.21,3.23,2.54
29/08/2025 10:51 p. m.,Ordeño,06:34,20.45,2,,,,,0,,1.92,1.32,1.92,1.50,0,0,0,0,5.81,5.69,5.93,5.89,VMS 3,,Drenaje,,2.46,1.74,2.40,1.86,6.83,2.02,6.43,5.17
30/08/2025 04:36 p. m.,Ordeño,05:21,10.22,2,,,,,0,,1.50,1.02,1.74,1.08,0,0,0,0,5.70,5.64,5.72,5.39,VMS 3,,Drenaje,,2.46,1.38,2.28,1.56,3.72,1.05,3.19,2.26
31/08/2025 12:34 a. m.,Ordeño,06:21,9.80,1,,,,,0,,1.50,0.96,1.68,1.02,0,0,0,0,5.72,5.62,5.64,5.40,VMS 3,,Drenaje,,2.04,1.32,2.28,1.56,3.45,1.15,2.97,2.23
31/08/2025 02:51 p. m.,Ordeño,05:51,16.73,2,,DI,,,0,,2.04,1.38,1.80,1.26,0,0,0,0,5.45,5.75,5.47,5.31,VMS 3,,Drenaje,,2.64,1.74,2.28,1.68,5.84,1.75,5.21,3.93
01/09/2025 01:53 a. m.,Ordeño,06:04,11.20,1,,DI,,,0,,2.10,1.08,1.80,1.08,0,0,0,0,4.87,5.28,5.08,4.87,VMS 3,,Drenaje,,2.94,1.50,2.22,1.50,3.96,0.99,3.61,2.64
01/09/2025 09:25 a. m.,Ordeño,08:36,8.85,2,,,,,0,,1.86,0.90,1.68,0.90,0,0,0,0,5.02,5.21,4.93,4.54,VMS 3,,Drenaje,,2.46,1.38,2.04,1.38,3.06,1.03,2.75,2.01
01/09/2025 09:54 p. m.,Ordeño,06:39,14.60,3,,,,,0,,1.92,1.08,1.74,1.14,0,0,0,0,5.33,5.41,5.34,5.43,VMS 3,,Drenaje,,2.40,1.50,2.16,1.62,5.07,1.15,4.61,3.77
02/09/2025 07:58 p. m.,Ordeño,05:36,13.31,2,,DI,,,0,,2.16,1.14,2.04,1.14,0,0,0,0,4.98,5.15,5.13,4.91,VMS 3,,Drenaje,,2.88,1.56,2.46,1.56,4.45,1.29,4.20,3.37
03/09/2025 08:25 a. m.,Ordeño,06:07,13.75,1,,,,,0,,1.80,1.20,2.04,1.20,0,0,0,0,5.21,5.29,5.15,4.85,VMS 3,,Drenaje,,2.58,1.56,2.46,1.68,4.78,1.49,4.07,3.41
03/09/2025 06:19 p. m.,Ordeño,05:27,9.43,2,,,,,0,,1.26,0.96,1.62,1.02,0,0,0,0,4.47,5.00,4.96,4.47,VMS 3,,Drenaje,,1.98,1.38,1.98,1.38,3.61,0.72,2.81,2.29
04/09/2025 06:41 p. m.,Ordeño,05:07,11.77,2,,DI,,,0,DD,1.86,1.02,1.92,1.20,0,0,0,0,4.68,5.74,5.16,4.72,VMS 3,,Drenaje,,2.64,1.44,2.52,1.74,4.35,1.02,3.61,2.79
05/09/2025 05:02 a. m.,Ordeño,05:49,12.18,1,,,,,0,DD,1.62,1.08,1.98,1.14,0,0,0,0,5.02,5.60,4.95,4.66,VMS 3,,Drenaje,,2.04,1.50,2.58,1.50,4.46,1.12,3.76,2.84
05/09/2025 06:55 p. m.,Ordeño,07:08,16.28,2,,,,,0,,1.86,1.26,1.92,1.26,0,0,0,0,5.28,5.84,5.46,5.12,VMS 3,,Drenaje,,2.34,1.68,2.40,1.68,5.62,1.65,5.00,4.01
08/09/2025 06:36 a. m.,Ordeño,07:00,10.09,1,,TI,TI,,0,,1.86,1.14,1.80,1.26,0,0,0,0,4.88,5.25,4.29,4.97,VMS 3,,Drenaje,,2.46,1.56,2.22,1.86,4.84,1.50,1.23,2.52
08/09/2025 05:41 p. m.,Ordeño,07:17,13.93,2,,TI,,,0,,1.56,1.08,1.44,1.14,0,0,0,0,5.00,5.32,5.08,5.24,VMS 3,,Drenaje,,2.22,1.50,1.86,1.68,5.17,1.56,4.30,2.90
09/09/2025 02:27 a. m.,Ordeño,06:23,11.77,1,,"DI,TD",,,0,,1.80,1.26,1.68,1.38,0,0,0,0,4.84,5.31,5.03,4.86,VMS 3,,Drenaje,,2.34,1.68,2.16,1.80,4.00,1.17,4.82,1.78
09/09/2025 03:50 p. m.,Ordeño,08:04,16.11,2,,,,,0,,1.38,1.20,1.86,1.26,0,0,0,0,4.93,5.56,5.18,5.44,VMS 3,,Drenaje,,1.86,1.86,2.28,1.86,5.71,1.78,4.29,4.33
11/09/2025 09:25 a. m.,Ordeño,06:17,12.10,1,,DI,,,0,,1.68,1.08,1.56,1.20,0,0,0,0,4.56,4.99,4.68,4.46,VMS 3,,Drenaje,,2.28,1.50,2.10,1.68,4.46,1.11,3.70,2.83
11/09/2025 10:15 p. m.,Ordeño,07:17,13.85,2,,,,,0,,1.38,1.08,1.68,1.20,0,0,0,0,4.70,5.00,4.83,4.57,VMS 3,,Drenaje,,1.86,1.56,2.10,1.68,4.91,1.29,4.27,3.38
13/09/2025 10:05 p. m.,Ordeño,07:37,6.10,2,,,,,0,,1.56,0.90,1.44,1.08,0,0,0,0,4.38,4.22,4.55,4.26,VMS 3,,Drenaje,,2.28,1.44,2.04,1.62,2.01,0.68,1.74,1.67
14/09/2025 08:53 a. m.,Ordeño,05:26,11.65,1,,,,,0,,1.68,0.96,1.92,1.26,0,0,0,0,5.11,5.06,5.22,4.98,VMS 3,,Drenaje,,2.46,1.38,2.40,1.62,4.06,1.19,3.50,2.90
14/09/2025 05:08 p. m.,Ordeño,07:41,9.70,2,,,,,0,,1.92,0.96,1.56,1.14,0,0,0,0,5.37,5.30,5.12,4.84,VMS 3,,Drenaje,,2.40,1.44,2.04,1.86,3.29,1.15,2.85,2.41
15/09/2025 10:30 a. m.,Ordeño,06:44,19.65,1,,,,,0,,1.86,1.20,1.80,1.44,0,0,0,0,5.38,5.78,5.27,5.08,VMS 3,,Drenaje,,2.52,1.50,2.34,1.86,6.77,1.85,6.08,4.95
15/09/2025 10:06 p. m.,Ordeño,06:03,11.39,2,,DI,,,0,,2.04,1.02,1.74,1.26,0,0,0,0,4.81,5.19,4.82,4.48,VMS 3,,Drenaje,,2.70,1.56,2.34,1.74,3.73,1.09,3.71,2.86
16/09/2025 03:29 p. m.,Ordeño,07:34,20.10,1,,TD,,,0,,1.86,1.14,1.80,1.32,0,0,0,0,5.14,5.60,5.16,4.93,VMS 3,,Drenaje,,2.28,1.56,2.28,1.98,6.87,1.98,6.22,5.03
16/09/2025 10:30 p. m.,Ordeño,05:10,7.20,2,,,,,0,DD,1.86,0.90,1.44,1.08,0,0,0,0,4.43,5.33,4.46,4.14,VMS 3,,Drenaje,,2.58,1.38,1.74,1.56,2.69,0.70,2.02,1.79
17/09/2025 05:49 a. m.,Ordeño,05:07,9.49,1,,,,,0,,2.16,1.14,1.56,1.20,0,0,0,0,4.70,5.40,4.86,4.74,VMS 3,,Drenaje,,2.58,1.62,2.10,1.68,3.45,1.00,2.86,2.18
17/09/2025 01:27 p. m.,Ordeño,06:04,9.30,2,,,,,0,,1.62,0.96,1.56,1.26,0,0,0,0,5.26,5.69,5.29,5.07,VMS 3,,Drenaje,,2.04,1.68,1.98,1.62,3.42,0.91,2.78,2.19
17/09/2025 10:49 p. m.,Ordeño,05:52,11.74,3,,,,,0,,1.62,1.02,1.62,1.14,0,0,0,0,4.94,5.35,4.93,4.75,VMS 3,,Drenaje,,2.16,1.38,2.16,1.44,4.22,1.22,3.57,2.73
18/09/2025 06:30 a. m.,Ordeño,05:24,9.95,1,,DI,,,0,,1.38,1.08,1.56,1.20,0,0,0,0,4.80,5.28,4.87,4.62,VMS 3,,Drenaje,,1.92,1.62,1.98,1.86,3.55,1.02,3.05,2.33
18/09/2025 11:08 p. m.,Ordeño,08:51,19.71,2,,,,,0,DD,1.86,1.20,1.68,1.38,0,0,0,0,5.02,5.80,5.14,5.01,VMS 3,,Drenaje,,2.46,1.74,2.16,2.22,6.57,1.89,6.32,4.93
19/09/2025 08:04 a. m.,Ordeño,06:25,11.40,1,,,,,0,DD,1.80,1.14,1.68,1.20,0,0,0,0,4.68,5.27,4.81,4.47,VMS 3,,Drenaje,,2.28,1.44,2.22,1.56,4.20,1.16,3.38,2.66
20/09/2025 10:49 a. m.,Ordeño,05:09,7.66,2,,,,,0,DD,1.80,0.96,1.62,1.02,0,0,0,0,4.32,5.09,4.61,4.14,VMS 3,,Drenaje,,2.46,1.50,2.10,1.44,2.90,0.72,2.14,1.90
20/09/2025 07:19 p. m.,Ordeño,08:01,9.77,3,,,,,0,,1.80,1.02,1.62,1.02,0,0,0,0,4.83,5.39,4.94,4.74,VMS 3,,Drenaje,,2.28,1.44,2.04,1.50,3.30,1.01,3.07,2.39
21/09/2025 05:48 a. m.,Ordeño,05:52,13.11,1,,DI,,,0,,1.68,1.08,1.80,1.14,0,0,0,0,5.16,5.29,5.27,4.92,VMS 3,,Drenaje,,2.22,1.50,2.34,1.80,4.59,1.25,4.21,3.06
21/09/2025 05:40 p. m.,Ordeño,06:39,14.27,2,,,,,0,,1.92,1.14,1.68,1.20,0,0,0,0,5.02,5.23,4.95,4.70,VMS 3,,Drenaje,,2.46,1.86,2.10,1.56,5.16,1.43,4.25,3.43
22/09/2025 03:10 a. m.,Ordeño,05:15,12.03,1,,,,,0,,2.04,1.08,1.44,1.20,0,0,0,0,4.80,5.29,4.89,4.78,VMS 3,,Drenaje,,2.52,1.50,1.80,1.74,4.42,1.10,3.65,2.86
22/09/2025 03:00 p. m.,Ordeño,05:41,14.34,2,,,,,0,,2.28,1.14,1.62,1.20,0,0,0,0,4.84,5.43,5.35,5.15,VMS 3,,Drenaje,,3.06,1.50,1.98,1.62,5.16,1.44,4.33,3.41
22/09/2025 11:41 p. m.,Ordeño,09:27,9.52,3,,,,,0,DD,1.98,1.02,1.44,1.02,0,0,0,0,4.58,5.31,4.80,4.60,VMS 3,,Drenaje,,2.76,1.50,1.80,1.56,3.43,0.80,2.98,2.31
25/09/2025 09:56 p. m.,Ordeño,07:28,11.14,3,,DI,,,0,,1.50,1.08,1.80,1.08,0,0,0,0,4.57,5.12,4.94,4.59,VMS 3,,Drenaje,,1.98,1.68,2.16,1.62,3.96,1.14,3.47,2.57
26/09/2025 07:25 a. m.,Ordeño,08:36,15.75,1,,DI,,,0,,1.62,1.08,1.80,1.08,0,0,0,0,4.71,5.07,5.14,4.79,VMS 3,,Drenaje,,2.10,1.44,2.16,1.50,7.51,1.35,3.95,2.94
02/10/2025 03:53 a. m.,Ordeño,07:03,8.13,1,,,TI,TI,0,,1.80,1.08,0.00,1.14,0,0,0,0,5.14,4.90,0.00,4.71,VMS 3,,Drenaje,,2.40,1.62,0.00,1.56,4.17,1.05,0.00,2.91
02/10/2025 01:11 p. m.,Ordeño,08:09,14.69,2,,,,,0,TI,2.04,1.14,1.80,1.20,0,0,0,0,5.53,5.04,5.94,4.86,VMS 3,,Drenaje,,2.52,1.56,2.28,1.74,4.14,1.22,6.54,2.79
05/10/2025 03:39 p. m.,Ordeño,08:49,11.89,2,,DI,,,0,,1.86,1.32,1.86,1.38,0,0,0,0,5.65,5.13,5.51,4.96,VMS 3,,Drenaje,,2.34,1.74,2.40,1.80,3.93,1.22,3.62,3.12
06/10/2025 05:01 a. m.,Ordeño,10:24,16.36,1,,,,,0,,2.16,1.20,1.92,1.32,0,0,0,0,5.27,5.13,5.33,4.78,VMS 3,,Drenaje,,2.94,1.62,2.40,1.74,5.44,1.63,5.07,4.22
09/10/2025 06:24 p. m.,Ordeño,07:50,11.10,2,,,,,0,,1.74,1.02,1.80,1.44,0,0,0,0,5.06,5.15,4.90,4.92,VMS 3,,Tanque,,2.34,1.50,2.52,2.34,3.23,0.87,2.89,4.11
10/10/2025 01:23 a. m.,Ordeño,09:12,7.33,1,,,,,0,,1.74,0.96,1.80,1.02,0,0,0,0,4.97,4.95,4.87,4.56,VMS 3,,Tanque,,2.46,1.44,2.46,1.62,2.84,0.78,2.01,1.70
10/10/2025 10:55 a. m.,Ordeño,08:50,12.08,2,,,,,0,,1.74,1.02,1.80,1.32,0,0,0,0,5.35,5.37,5.52,5.60,VMS 3,,Tanque,,2.22,1.38,2.16,1.74,4.35,1.41,3.49,2.83
10/10/2025 09:57 p. m.,Ordeño,09:09,14.33,3,,,,,0,,1.62,1.14,1.86,1.38,0,0,0,0,5.25,5.32,5.55,5.39,VMS 3,,Tanque,,2.04,1.56,2.22,1.92,4.99,1.39,4.34,3.61
11/10/2025 12:48 p. m.,Ordeño,10:57,6.16,1,,,"DI,DD,TD","DI,DD,TD",0,,0.00,0.00,1.80,0.00,0,0,0,0,0.00,0.00,5.40,0.00,VMS 3,,Tanque,,0.00,0.00,2.28,0.00,0.00,0.00,6.16,0.00
11/10/2025 07:22 p. m.,Ordeño,10:21,15.38,2,,TD,,,0,DD,1.80,1.20,1.74,1.56,0,0,0,0,5.00,5.87,4.92,5.45,VMS 3,,Tanque,,2.34,1.62,2.22,2.22,6.33,2.40,2.74,3.91
12/10/2025 05:18 a. m.,Ordeño,08:07,13.70,1,,,,DD,0,,1.62,0.00,1.80,1.50,0,0,0,0,4.71,0.00,5.35,5.26,VMS 3,,Tanque,,2.28,0.00,2.28,1.92,4.12,0.00,4.33,5.25
12/10/2025 05:21 p. m.,Ordeño,07:13,15.74,2,,,,,0,,1.62,1.14,1.62,1.32,0,0,0,0,5.00,5.61,5.27,4.88,VMS 3,,Tanque,,2.10,1.68,1.98,1.80,5.00,2.40,5.30,3.04
13/10/2025 09:37 a. m.,Ordeño,08:26,19.40,1,,,,,0,,1.80,1.02,1.86,1.44,0,0,0,0,5.00,5.25,5.58,5.28,VMS 3,,Tanque,,2.34,1.44,2.34,2.04,6.73,1.57,6.52,4.58
14/10/2025 10:29 a. m.,Ordeño,10:14,9.89,2,,,,,0,,1.80,1.02,1.68,1.38,0,0,0,0,4.50,5.10,4.93,4.70,VMS 3,,Tanque,,2.94,1.38,2.16,1.80,3.25,0.90,3.20,2.54
14/10/2025 10:25 p. m.,Ordeño,07:32,12.32,3,,TD,,,0,,1.92,1.14,1.74,1.32,0,0,0,0,4.81,5.00,4.98,4.77,VMS 3,,Tanque,,2.52,1.62,2.34,1.80,4.51,1.14,4.34,2.33
15/10/2025 10:27 a. m.,Ordeño,14:54,15.52,1,,,,,0,,1.50,1.14,1.68,1.32,0,0,0,0,4.96,5.03,5.02,5.03,VMS 3,,Tanque,,1.92,1.62,2.28,1.74,4.75,1.42,5.13,4.22
16/10/2025 02:52 a. m.,Ordeño,08:14,18.99,1,,,,,0,,1.56,1.32,1.92,1.62,0,0,0,0,4.57,5.03,4.85,4.72,VMS 3,,Tanque,,2.04,1.74,2.40,2.28,6.96,1.51,5.79,4.73
18/10/2025 08:07 a. m.,Ordeño,15:15,2.93,1,,"TI,TD","DI,TI,TD",DI,0,,0.00,1.38,1.14,1.20,0,0,300,300,0.00,5.32,4.56,5.16,VMS 3,,Tanque,,0.00,1.74,1.62,1.62,0.00,1.79,0.31,0.83
20/10/2024 05:42 p. m.,Rechazada,00:00,,,,,,,,,,,,,,,,,,,,,VMS 3,,,,,,,,,,,
21/10/2024 04:01 p. m.,Rechazada,00:00,,,,,,,,,,,,,,,,,,,,,VMS 3,,,,,,,,,,,
02/11/2024 07:30 a. m.,Echada sin ordeñar,06:10,,,,,,,,,,,,,,,,,,,,,VMS 3,,,,,,,,,,,
03/11/2024 08:49 a. m.,Echada sin ordeñar,06:15,,,,,,,,,,,,,,,,,,,,,VMS 3,,,,,,,,,,,
07/11/2024 05:58 p. m.,Rechazada,00:00,,,,,,,,,,,,,,,,,,,,,VMS 3,,,,,,,,,,,
22/02/2025 07:40 a. m.,Echada sin ordeñar,05:54,,,,,,,,,,,,,,,,,,,,,VMS 2,,,,,,,,,,,
16/03/2025 05:28 p. m.,Rechazada,00:00,,,,,,,,,,,,,,,,,,,,,VMS 2,,,,,,,,,,,
30/03/2025 11:20 p. m.,Rechazada,00:00,,,,,,,,,,,,,,,,,,,,,VMS 2,,,,,,,,,,,
03/06/2025 04:04 p. m.,Rechazada,00:00,,,,,,,,,,,,,,,,,,,,,VMS 2,,,,,,,,,,,
03/06/2025 04:09 p. m.,Rechazada,00:00,,,,,,,,,,,,,,,,,,,,,VMS 2,,,,,,,,,,,
27/06/2025 01:09 p. m.,Echada sin ordeñar,07:08,,,,,,,,,,,,,,,,,,,,,VMS 2,,,,,,,,,,,
08/08/2025 12:47 p. m.,Rechazada,00:00,,,,,,,,,,,,,,,,,,,,,VMS 3,,,,,,,,,,,
05/09/2025 09:33 p. m.,Rechazada,00:00,,,,,,,,,,,,,,,,,,,,,VMS 3,,,,,,,,,,,
