Main,,,,Estado,,,,,Estado AMD,,Media de los flujos (kg/min),,,,Sangre (ppm),,,,Conductividad (mS / cm),,,,Misc,,,,Flujos máximos (kg/min),,,,Producciones (kg),,,
Hora de inicio,Acción,Duración (mm:ss),Producción (kg),Número de ordeño,RCS (* 1000 células / ml),Patada,Incompleto,Pezones no encontrados,Ubre,Pezón,DI,DD,TI,TD,DI,DD,TI,TD,DI,DD,TI,TD,EO/PO,Usuario,Destino Leche,Razón de la desviación,DI,DD,TI,TD,DI,DD,TI,TD
08/10/2022 08:14 a. m.,Ordeño,08:56,12.52,1,,,,,1,,1.44,1.56,1.50,1.26,1193,777,487,384,4.95,4.78,4.37,4.52,VMS 3,,Divert 3,,2.22,2.22,2.04,1.98,3.15,3.27,3.28,2.82
08/10/2022 02:32 p. m.,Ordeño,06:20,5.92,2,,,,TI,1,,1.38,1.44,0.00,1.08,675,779,0,0,5.01,4.71,0.00,4.40,VMS 3,,Divert 3,,2.34,2.22,0.00,1.56,1.94,2.11,0.00,1.87
13/10/2022 06:14 a. m.,Ordeño,08:20,19.16,1,,,TI,TI,1,DD,1.68,4.62,0.00,1.32,0,1376,0,0,4.61,5.18,0.00,4.09,VMS 3,,Divert 3,,2.28,1.36,0.00,1.74,3.77,11.65,0.00,3.74
29/10/2022 09:33 p. m.,Ordeño,06:52,15.10,2,,,TI,,1,TI,1.32,1.74,1.02,1.44,0,0,0,0,5.68,5.96,7.97,6.01,VMS 1,,Tanque,,1.98,2.40,1.86,1.92,4.23,3.81,2.26,4.80
30/10/2022 02:20 p. m.,Ordeño,07:07,14.93,1,,,TI,,1,TI,1.32,1.80,1.14,1.62,0,0,0,0,6.24,6.10,8.24,5.90,VMS 1,,Tanque,,2.88,2.46,1.86,2.28,4.22,4.60,0.54,5.57
31/10/2022 12:16 a. m.,Ordeño,06:47,11.99,1,,,TI,,1,TI,1.50,1.62,0.96,1.50,0,0,300,0,5.61,5.50,8.24,5.40,VMS 1,,Tanque,,2.40,2.10,1.68,2.04,3.62,3.33,0.45,4.59
31/10/2022 07:59 p. m.,Ordeño,07:41,21.18,2,,,TI,,1,TI,1.74,1.92,1.50,1.68,0,0,0,0,5.31,5.10,6.48,4.89,VMS 1,,Drenaje,,2.28,2.58,2.10,2.46,5.81,5.93,1.61,7.83
01/11/2022 05:52 p. m.,Ordeño,08:24,25.26,1,,DI,,,1,TI,1.68,1.98,1.38,1.68,0,0,0,0,5.54,5.55,6.26,5.21,VMS 1,,Drenaje,,2.34,2.64,1.92,2.40,5.92,6.90,4.42,8.02
03/11/2022 04:51 p. m.,Ordeño,08:46,24.81,1,,,,,1,,1.56,1.86,1.62,1.74,0,0,0,0,5.58,5.59,5.41,5.25,VMS 1,,Drenaje,,2.28,2.40,2.10,2.40,6.15,6.61,3.76,8.29
06/11/2022 07:35 p. m.,Ordeño,06:14,15.07,2,,,,,1,,1.26,1.68,1.32,1.32,0,0,0,0,5.57,5.28,5.68,5.18,VMS 1,,Drenaje,,1.86,2.10,1.68,1.86,3.23,4.20,2.04,5.60
16/11/2022 03:26 p. m.,Ordeño,08:14,29.44,1,,,,,1,,1.62,1.68,1.56,1.62,0,0,0,0,5.90,5.91,5.57,5.47,VMS 1,,Tanque,,1.98,2.22,1.98,2.40,6.86,7.18,6.28,9.12
25/12/2022 09:07 a. m.,Ordeño,09:15,18.63,1,,,TD,TD,1,,1.74,1.44,1.56,0.00,0,0,0,0,5.36,4.51,5.23,0.00,VMS 1,,Tanque,,2.22,2.16,2.10,0.00,6.51,6.28,5.84,0.00
15/01/2023 11:23 p. m.,Ordeño,06:25,7.75,3,,,"TI,TD",TD,1,DD,1.08,1.56,1.08,0.00,0,0,0,0,4.59,4.81,3.73,0.00,VMS 1,,Tanque,,1.80,1.98,1.56,0.00,2.90,3.32,1.53,0.00
17/01/2023 04:01 a. m.,Ordeño,08:00,20.69,1,,TD,,,1,TI,1.44,1.44,1.32,1.92,0,0,0,0,5.43,5.21,5.66,4.60,VMS 1,,Tanque,,1.98,2.04,2.34,2.58,4.88,5.20,4.81,5.80
17/01/2023 06:32 p. m.,Ordeño,08:43,28.32,2,,,,,1,,1.44,1.74,1.68,1.68,0,0,0,0,5.25,5.23,5.34,4.82,VMS 1,,Tanque,,1.92,2.10,2.28,2.16,7.06,6.89,6.22,8.15
27/03/2023 07:39 p. m.,Ordeño,06:07,16.15,3,,,,,1,,1.44,1.74,1.56,1.56,0,0,0,0,5.18,5.14,5.45,4.93,VMS 2,,Tanque,,2.10,2.16,1.98,2.04,3.98,4.44,3.59,4.14
28/03/2023 08:58 a. m.,Ordeño,07:32,23.74,1,,,,,1,,1.56,1.68,1.56,1.68,0,0,0,0,5.53,5.49,5.53,5.23,VMS 2,,Tanque,,2.04,2.10,2.10,2.16,4.72,6.94,4.38,7.70
28/03/2023 09:11 p. m.,Ordeño,06:15,17.75,2,,,,,1,,1.50,1.86,1.50,1.68,0,0,0,0,5.06,4.80,5.02,5.03,VMS 2,,Tanque,,1.98,2.34,1.98,2.28,4.22,4.56,3.26,5.71
29/03/2023 03:23 a. m.,Ordeño,04:33,8.01,1,,,,,1,,1.14,1.56,1.20,1.50,0,0,0,0,4.53,4.52,4.96,4.41,VMS 2,,Tanque,,1.68,2.10,1.68,1.92,1.92,2.10,1.47,2.52
29/03/2023 04:40 p. m.,Ordeño,07:00,23.08,2,,DI,,,1,,1.50,1.56,1.26,1.56,0,0,0,0,5.81,5.49,5.88,5.39,VMS 2,,Tanque,,2.10,1.98,1.62,1.98,5.42,5.84,4.48,7.34
03/04/2023 02:27 p. m.,Ordeño,08:56,27.26,1,,,,,1,TI,1.44,1.62,1.50,1.44,0,0,0,0,6.03,5.97,6.55,5.17,VMS 2,,Tanque,,1.92,2.10,1.86,2.16,6.42,7.13,5.45,8.26
04/04/2023 12:30 p. m.,Ordeño,06:10,20.45,1,,,,,1,TI,1.50,1.92,1.56,1.80,0,0,0,0,5.13,4.91,5.56,4.50,VMS 2,,Tanque,,1.92,2.58,2.10,2.40,4.79,5.15,3.59,6.92
04/04/2023 10:45 p. m.,Ordeño,05:33,11.22,2,,,,,1,TI,1.14,1.56,1.20,1.50,0,0,0,0,4.66,4.69,5.51,4.43,VMS 2,,Tanque,,1.68,1.92,1.74,1.92,2.39,3.20,2.09,3.54
05/04/2023 07:44 a. m.,Ordeño,06:31,13.98,1,,,,,1,,1.32,1.56,1.38,1.62,0,0,0,0,5.46,5.40,5.74,5.31,VMS 2,,Tanque,,1.74,2.22,1.86,2.10,3.19,3.78,2.53,4.48
06/04/2023 03:37 a. m.,Ordeño,08:46,28.79,1,,,,,1,,1.56,1.86,1.50,1.74,0,0,0,0,5.33,5.45,5.63,4.89,VMS 2,,Tanque,,2.10,2.28,1.98,2.64,6.58,7.47,5.56,9.18
09/04/2023 10:49 a. m.,Ordeño,06:29,19.98,1,,,,,1,,1.44,1.68,1.32,1.62,0,0,0,0,5.17,5.05,5.22,4.80,VMS 2,,Tanque,,1.80,2.04,1.74,2.34,4.85,5.25,3.65,6.23
10/04/2023 03:44 a. m.,Ordeño,06:28,25.71,1,,,,,1,,1.68,1.74,1.56,2.10,0,0,0,0,5.45,5.47,5.34,4.98,VMS 2,,Tanque,,2.16,2.22,1.98,2.82,5.39,6.90,4.95,8.47
10/04/2023 09:10 p. m.,Ordeño,08:55,25.73,2,,,,,1,,1.44,1.68,1.56,1.56,0,0,0,0,5.12,5.06,5.07,4.78,VMS 2,,Tanque,,1.98,2.16,2.04,2.10,6.29,6.47,5.07,7.90
11/04/2023 12:31 p. m.,Ordeño,07:13,23.68,1,,,,,1,,1.50,1.86,1.62,2.04,0,0,0,0,5.43,5.43,5.35,5.23,VMS 2,,Tanque,,1.92,2.34,2.10,2.76,5.39,5.73,5.06,7.50
16/04/2023 02:34 a. m.,Ordeño,07:27,31.04,1,,,,,1,TI,1.20,1.62,1.74,1.68,0,0,0,0,3.54,4.66,4.77,4.65,VMS 2,,Tanque,,1.80,2.46,2.28,2.28,7.28,8.53,5.89,9.34
22/05/2023 08:16 p. m.,Ordeño,08:25,23.80,2,,,,,1,,1.32,1.50,1.44,1.56,0,0,0,0,5.20,5.35,5.08,5.01,VMS 2,,Tanque,,1.80,2.10,1.98,2.34,4.40,6.46,4.40,8.54
23/05/2023 11:04 a. m.,Ordeño,06:19,18.81,1,,,,,1,,1.50,1.80,1.32,1.44,0,0,0,0,5.38,5.23,5.01,4.48,VMS 2,,Tanque,,1.92,2.40,1.98,2.04,4.86,4.93,4.38,4.64
26/06/2023 05:13 p. m.,Ordeño,04:20,9.04,3,,,,,1,,1.38,1.56,1.32,1.38,0,0,0,0,5.70,5.33,5.14,5.81,VMS 2,,Tanque,,1.92,1.98,1.80,1.86,2.11,2.40,2.04,2.49
27/06/2023 02:28 a. m.,Ordeño,05:21,13.58,1,,,,,1,,1.56,1.62,1.38,1.56,0,0,0,0,5.56,5.28,5.00,5.67,VMS 2,,Tanque,,1.98,2.22,2.04,2.04,3.30,3.44,3.02,3.82
27/06/2023 08:27 a. m.,Ordeño,04:38,9.01,2,,,,,1,,1.38,1.38,1.26,1.32,0,0,0,0,5.73,5.60,5.15,5.83,VMS 2,,Tanque,,1.86,1.86,1.74,1.92,2.02,2.62,1.85,2.52
27/06/2023 08:15 p. m.,Ordeño,06:19,17.47,3,,,,,1,,1.44,1.68,1.32,1.56,0,0,0,0,5.81,5.74,5.29,5.88,VMS 2,,Tanque,,1.92,2.28,1.68,2.04,3.90,4.67,3.80,5.10
28/06/2023 10:00 a. m.,Ordeño,07:05,19.91,1,,,,,1,,1.56,1.50,1.38,1.44,0,0,0,0,5.68,5.28,5.17,5.85,VMS 2,,Tanque,,1.92,1.92,2.04,1.86,4.30,5.56,3.89,6.16
29/06/2023 06:41 a. m.,Ordeño,05:29,13.13,1,,,,,1,,1.44,1.50,1.26,1.56,0,0,0,0,5.50,5.46,5.22,6.01,VMS 2,,Tanque,,1.98,1.92,1.74,2.10,3.19,3.52,2.68,3.74
29/06/2023 03:29 p. m.,Ordeño,04:42,10.85,2,,,,,1,,1.68,1.44,1.38,1.74,0,0,0,0,5.10,5.13,4.87,5.67,VMS 2,,Tanque,,2.28,2.04,1.80,2.40,2.75,3.15,2.44,2.51
29/06/2023 10:48 p. m.,Ordeño,04:36,9.80,3,,,,,1,TD,1.38,1.50,1.14,1.68,0,0,0,0,4.76,4.78,4.73,5.75,VMS 2,,Tanque,,1.86,1.98,1.68,2.28,2.33,2.73,2.02,2.72
30/06/2023 06:12 a. m.,Ordeño,05:31,10.06,1,,,,,1,TD,1.38,1.44,1.14,1.02,0,0,0,0,5.90,5.97,5.62,7.10,VMS 2,,Tanque,,1.86,2.04,1.62,1.86,2.46,2.90,2.21,2.49
30/06/2023 04:44 p. m.,Ordeño,04:29,10.35,2,,,,,1,TD,1.44,1.44,1.14,1.68,0,0,0,0,4.88,4.89,4.87,5.73,VMS 2,,Tanque,,1.92,2.10,1.80,2.58,2.53,2.84,2.32,2.66
01/07/2023 01:35 a. m.,Ordeño,06:02,8.94,1,,,,,1,TD,1.32,1.50,1.20,0.96,0,0,0,0,4.89,4.86,4.68,5.54,VMS 2,,Tanque,,1.80,2.04,1.92,1.74,2.42,2.67,1.80,2.05
01/07/2023 08:56 a. m.,Ordeño,04:18,9.50,2,,,,,1,,1.32,1.56,1.20,1.38,0,0,0,0,5.36,5.32,5.10,5.86,VMS 2,,Tanque,,1.80,2.04,1.74,2.16,2.34,2.94,2.18,2.04
02/07/2023 02:24 a. m.,Ordeño,04:51,6.66,1,,,,,1,TD,1.32,1.26,0.90,1.08,0,0,0,0,4.98,4.66,4.90,8.17,VMS 2,,Tanque,,1.74,1.68,1.38,1.98,1.57,1.59,1.11,2.39
02/07/2023 11:36 a. m.,Ordeño,05:08,6.29,2,,,TD,,1,TD,1.32,1.44,1.02,0.36,0,0,0,0,4.62,4.66,4.59,7.64,VMS 2,,Tanque,,1.92,2.04,1.50,0.72,1.80,2.07,1.54,0.88
02/07/2023 10:45 p. m.,Ordeño,05:52,9.65,3,,,TD,,1,TD,1.26,1.56,1.26,0.72,0,0,0,581,5.24,5.26,5.11,8.04,VMS 2,,Divert 3,Sangre por pezón por encima del umbral,1.68,2.22,1.80,1.56,2.75,3.00,2.65,1.25
03/07/2023 04:01 a. m.,Ordeño,06:20,2.57,1,,,"DI,TD",DI,1,TD,0.00,0.84,1.02,0.48,0,0,0,578,0.00,4.77,4.91,8.51,VMS 2,,Divert 3,Sangre por pezón por encima del umbral,0.00,1.38,1.56,1.26,0.00,1.16,1.04,0.37
03/07/2023 03:27 p. m.,Ordeño,05:35,12.48,2,,,,,1,TD,1.50,1.38,1.20,1.02,0,0,0,0,5.12,4.78,4.92,7.91,VMS 2,,Tanque,,1.98,1.86,1.68,1.80,3.92,3.84,2.92,1.80
03/07/2023 10:19 p. m.,Ordeño,05:05,7.71,3,,,,,1,TD,1.32,1.26,1.08,0.66,0,0,0,379,5.13,4.93,4.89,8.71,VMS 2,,Tanque,,1.74,1.74,1.38,1.44,2.23,2.59,1.76,1.13
04/07/2023 03:20 a. m.,Ordeño,04:15,6.61,1,,,,,1,TD,1.26,1.38,1.02,0.42,0,0,0,0,5.71,5.69,5.47,8.31,VMS 2,,Tanque,,1.74,2.04,1.38,0.72,1.84,2.14,1.63,1.00
04/07/2023 10:07 p. m.,Ordeño,06:23,16.49,2,,,,,1,TD,1.56,1.74,1.08,1.32,0,0,0,576,5.62,5.65,5.24,9.31,VMS 2,,Divert 3,Sangre por pezón por encima del umbral,2.04,2.22,1.50,1.98,4.43,5.71,3.86,2.49
05/07/2023 08:15 a. m.,Ordeño,05:26,6.18,1,,,TD,,1,TD,1.14,1.32,0.96,0.30,0,0,0,477,4.63,4.62,4.64,7.84,VMS 2,,Tanque,,1.74,1.80,1.38,0.66,1.86,2.06,1.41,0.85
05/07/2023 12:42 p. m.,Ordeño,05:20,2.99,2,,,TD,,1,TD,0.84,0.78,0.60,0.24,0,0,0,0,4.49,4.29,4.50,7.37,VMS 2,,Tanque,,1.50,1.44,0.96,0.72,0.94,0.91,0.72,0.42
05/07/2023 10:26 p. m.,Ordeño,05:06,10.03,3,,,,,1,TD,1.32,1.50,1.14,0.60,0,0,0,0,5.10,5.17,5.04,7.64,VMS 2,,Tanque,,1.74,2.04,1.74,1.38,2.97,3.34,2.74,0.98
06/07/2023 06:30 a. m.,Ordeño,05:17,9.85,1,,,,,1,TD,1.32,1.38,1.32,0.78,0,0,0,0,5.44,5.36,5.25,8.11,VMS 2,,Tanque,,1.80,1.86,2.04,1.68,2.92,3.25,2.47,1.21
06/07/2023 03:17 p. m.,Ordeño,05:09,11.51,2,,,,,1,TD,1.38,1.62,1.26,0.90,0,0,0,0,5.89,5.92,5.66,7.71,VMS 2,,Tanque,,1.98,2.16,1.92,1.68,3.45,3.84,2.98,1.24
07/07/2023 12:13 a. m.,Ordeño,05:23,11.16,1,,,,,1,TD,1.32,1.38,1.14,1.26,0,0,0,0,5.34,5.37,5.15,7.50,VMS 2,,Tanque,,1.92,2.04,1.62,1.98,3.16,3.58,2.65,1.77
07/07/2023 09:12 a. m.,Ordeño,04:48,10.67,2,,,,,1,TD,1.38,1.44,1.14,1.20,0,0,0,0,5.64,5.57,5.45,7.17,VMS 2,,Tanque,,1.80,2.22,1.68,1.80,2.86,3.50,2.81,1.50
07/07/2023 06:14 p. m.,Ordeño,04:51,11.04,3,,,,,1,TD,1.44,1.56,1.44,1.08,0,0,0,0,5.50,5.53,5.08,6.27,VMS 2,,Tanque,,2.04,1.98,1.92,1.98,2.81,3.70,2.69,1.84
08/07/2023 06:49 a. m.,Ordeño,05:22,11.14,2,,,,,1,TD,1.32,1.38,1.26,0.90,0,0,0,0,5.47,5.57,5.32,7.17,VMS 2,,Tanque,,1.80,1.92,1.86,1.80,3.37,2.49,3.82,1.46
22/09/2023 08:53 a. m.,Ordeño,05:08,4.94,2,,,,,1,Todos,1.02,1.02,0.90,0.66,2290,1068,797,992,4.89,4.91,4.32,3.90,VMS 3,,Divert 3,,1.68,1.98,2.16,1.56,1.04,1.09,1.43,1.38
22/09/2023 08:01 p. m.,Ordeño,06:48,6.53,3,,,TI,TI,1,"DI,DD,TD",1.20,1.56,0.00,1.08,3248,1065,0,888,5.53,5.49,0.00,4.24,VMS 3,,Divert 3,,1.80,2.22,0.00,1.98,1.93,2.23,0.00,2.37
23/09/2023 01:10 a. m.,Ordeño,05:49,7.40,1,,,,,1,Todos,1.14,1.26,1.92,1.20,6665,1375,680,891,5.05,4.96,4.90,4.38,VMS 3,,Divert 3,,1.98,2.16,2.70,2.10,1.44,1.34,3.25,1.37
27/09/2023 01:59 a. m.,Ordeño,06:27,9.56,1,,TD,,,1,,1.26,1.44,1.80,1.68,467,0,0,0,5.18,4.95,4.98,4.98,VMS 3,,Divert 3,,1.92,2.16,2.40,2.52,1.24,1.39,4.94,1.99
27/09/2023 10:44 a. m.,Ordeño,10:05,16.66,2,,,,,1,,1.50,1.86,1.92,1.62,0,0,0,0,5.19,5.23,5.13,4.83,VMS 3,,Divert 3,,2.04,2.76,2.58,2.22,3.21,3.70,5.08,4.67
20/10/2023 07:55 p. m.,Ordeño,05:34,14.74,3,,,,,1,DI,1.32,1.68,1.50,1.62,0,0,0,0,7.30,5.69,5.50,5.26,VMS 2,,Tanque,,1.68,2.10,1.92,2.16,2.57,3.29,4.30,4.58
21/10/2023 02:20 a. m.,Ordeño,07:57,7.75,1,,,DI,,1,,0.48,1.26,1.14,0.72,0,0,0,0,5.86,5.14,5.09,5.15,VMS 2,,Tanque,,1.26,1.86,1.68,1.20,0.95,1.93,2.54,2.33
21/10/2023 08:34 a. m.,Ordeño,04:45,9.44,2,,,DI,,1,DI,0.48,1.50,1.32,1.62,0,0,0,0,7.77,5.08,5.03,4.88,VMS 2,,Tanque,,0.90,1.98,1.80,2.22,0.85,2.13,3.10,3.36
21/10/2023 02:35 p. m.,Ordeño,05:12,10.71,3,,,DI,,1,DI,0.48,1.38,1.38,1.56,0,0,0,0,7.77,5.20,5.11,5.06,VMS 2,,Tanque,,0.90,1.86,1.80,2.10,0.95,2.62,3.70,3.44
21/10/2023 08:03 p. m.,Ordeño,05:23,9.51,4,,,DI,,1,DI,0.30,1.50,1.32,1.26,0,0,0,0,6.20,5.14,4.97,4.92,VMS 2,,Tanque,,0.66,1.98,1.74,1.98,0.75,2.45,3.12,3.19
22/10/2023 02:49 a. m.,Ordeño,05:54,14.03,1,,,,,1,DI,0.72,1.56,1.32,1.50,0,0,0,0,6.46,5.21,5.03,4.74,VMS 2,,Tanque,,1.32,2.16,1.80,2.04,1.39,3.58,4.75,4.31
22/10/2023 10:31 a. m.,Ordeño,05:05,14.20,2,,,,,1,DI,0.96,1.68,1.56,1.62,0,0,0,0,6.59,5.27,4.90,5.02,VMS 2,,Tanque,,1.50,2.16,2.04,2.04,1.67,3.76,4.44,4.33
22/10/2023 03:23 p. m.,Ordeño,04:58,9.72,3,,,,,1,DI,0.96,1.50,1.38,1.44,0,0,0,0,6.33,4.93,4.89,4.55,VMS 2,,Tanque,,1.56,2.04,1.74,2.10,1.32,2.15,3.07,3.18
23/10/2023 04:16 a. m.,Ordeño,30:03,13.98,1,,,DI,,1,DI,1.02,1.68,0.96,1.26,0,0,0,0,7.10,5.53,5.37,5.29,VMS 2,,Tanque,,1.44,2.16,1.68,2.16,1.85,4.99,3.42,3.72
23/10/2023 03:25 p. m.,Ordeño,07:04,23.74,2,,,,,1,DI,1.38,1.68,1.56,1.62,0,0,0,0,6.24,5.19,4.85,4.75,VMS 2,,Tanque,,1.68,2.34,2.04,2.16,3.96,5.20,7.26,7.32
23/10/2023 11:07 p. m.,Ordeño,06:34,10.04,3,,,DI,,1,DI,0.66,1.44,1.08,1.32,0,0,0,0,5.84,5.20,4.78,5.15,VMS 2,,Tanque,,1.26,1.86,1.86,1.74,1.15,2.91,2.59,3.39
25/10/2023 09:33 p. m.,Ordeño,06:43,14.74,3,,TD,,,1,DI,1.14,1.44,1.56,1.68,0,0,0,0,5.40,4.95,4.69,4.67,VMS 2,,Tanque,,1.50,1.92,2.10,2.70,2.53,3.38,5.18,3.65
26/10/2023 06:45 a. m.,Ordeño,06:44,21.23,1,,,,,1,,1.20,1.56,1.56,1.62,0,0,0,0,5.95,5.62,5.29,5.19,VMS 2,,Tanque,,1.68,2.04,1.98,2.16,3.45,4.17,6.79,6.82
26/10/2023 03:33 p. m.,Ordeño,06:26,19.21,2,,,,,1,DI,1.14,1.68,1.56,1.74,0,0,0,0,5.80,5.42,5.04,4.98,VMS 2,,Tanque,,1.56,2.16,2.04,2.22,3.32,4.22,6.05,5.62
27/10/2023 03:48 p. m.,Ordeño,06:40,21.94,2,,,,,1,DI,1.26,1.62,1.62,1.68,0,0,0,0,5.80,5.23,4.92,4.96,VMS 2,,Tanque,,1.68,2.04,2.10,2.28,3.31,4.94,6.96,6.73
06/11/2023 11:44 a. m.,Ordeño,07:01,15.74,2,,,,,1,DI,1.08,1.56,1.44,1.68,0,0,0,0,6.51,4.95,4.89,5.02,VMS 2,,Tanque,,1.50,2.16,1.92,2.22,1.87,3.83,5.16,4.88
06/11/2023 07:23 p. m.,Ordeño,07:07,14.73,3,,,,,1,DI,0.96,1.50,1.32,1.50,0,0,0,0,6.51,5.03,4.91,4.72,VMS 2,,Tanque,,1.32,2.10,1.68,1.92,1.63,3.46,4.99,4.65
07/11/2023 02:04 a. m.,Ordeño,06:43,15.35,1,,,,,1,DI,0.96,1.44,1.26,1.44,0,0,0,0,6.13,5.11,5.05,5.02,VMS 2,,Tanque,,1.50,1.86,1.68,1.98,1.62,3.72,5.27,4.74
07/11/2023 11:25 a. m.,Ordeño,08:51,22.82,2,,,,,1,DI,1.20,1.62,1.20,1.68,0,0,0,0,7.04,5.77,5.49,5.26,VMS 2,,Tanque,,1.62,2.16,1.56,2.22,2.72,5.46,7.64,7.00
07/11/2023 07:46 p. m.,Ordeño,08:10,20.44,3,,,,,1,DI,1.14,1.44,1.20,1.50,0,0,0,0,6.40,5.43,5.23,5.25,VMS 2,,Tanque,,1.62,1.86,1.62,2.28,2.71,4.69,6.90,6.14
08/11/2023 12:28 a. m.,Ordeño,05:58,12.16,1,,,,,1,,0.90,1.32,1.26,1.32,0,0,0,0,6.00,5.43,5.30,5.17,VMS 2,,Tanque,,1.44,1.98,1.68,1.92,1.70,2.66,4.02,3.78
08/11/2023 06:57 a. m.,Ordeño,05:58,16.66,2,,,,,1,,1.20,1.50,1.50,1.50,0,0,0,0,5.91,5.64,5.24,5.39,VMS 2,,Tanque,,1.62,1.92,2.04,1.92,2.13,3.98,5.47,5.08
08/11/2023 02:55 p. m.,Ordeño,06:56,18.63,3,,,,,1,DI,1.26,1.62,1.38,1.44,0,0,0,0,6.21,5.48,5.30,5.45,VMS 2,,Tanque,,1.68,1.98,1.80,1.86,2.81,3.98,6.05,5.79
09/11/2023 01:08 a. m.,Ordeño,07:56,23.85,1,,,,,1,DI,1.26,1.38,1.38,1.38,0,0,0,0,5.82,5.15,4.94,5.13,VMS 2,,Tanque,,1.74,1.80,1.68,1.86,3.54,5.46,7.52,7.33
09/11/2023 11:30 a. m.,Ordeño,08:24,24.05,2,,,,,1,DI,1.14,1.56,1.32,1.56,0,0,0,0,6.15,5.36,5.09,5.04,VMS 2,,Tanque,,1.62,1.98,1.86,2.04,4.13,5.11,7.73,7.08
10/11/2023 05:58 p. m.,Ordeño,07:01,24.08,2,,DI,,,1,DI,1.32,1.62,1.62,1.50,0,0,0,0,6.03,5.35,5.02,5.02,VMS 2,,Tanque,,1.74,2.04,2.16,2.04,3.63,5.97,7.35,7.13
26/11/2023 04:59 a. m.,Ordeño,08:24,32.23,1,,"DI,TD",,,1,DI,1.44,1.56,1.74,2.04,0,0,0,0,4.86,4.73,4.23,4.13,VMS 2,,Tanque,,2.52,2.28,2.28,2.64,4.75,8.01,10.09,9.38
27/11/2023 12:10 a. m.,Ordeño,07:37,32.28,1,,TD,,,1,DD,1.14,1.56,1.68,2.58,0,0,0,0,4.79,4.92,4.22,4.23,VMS 2,,Tanque,,1.62,2.10,2.28,3.42,4.20,7.26,8.33,12.49
03/12/2023 10:53 a. m.,Ordeño,07:48,31.11,1,,,,,1,,1.44,1.68,1.74,1.80,0,0,0,0,5.40,5.30,5.07,4.74,VMS 2,,Tanque,,1.86,2.10,2.22,2.52,5.64,7.27,9.34,8.86
07/04/2024 01:10 p. m.,Ordeño,06:59,28.14,1,,,,,1,,1.80,1.68,2.16,1.86,0,0,0,0,5.24,5.29,5.30,5.34,VMS 2,,Tanque,,2.40,2.10,2.76,2.58,3.45,6.70,9.20,8.79
24/04/2024 06:43 a. m.,Ordeño,06:35,18.20,1,,,,,1,,1.50,1.62,1.62,1.44,0,0,0,0,4.85,4.88,4.73,5.10,VMS 2,,Tanque,,1.92,2.04,2.34,1.86,2.74,3.71,6.38,5.37
24/04/2024 03:32 p. m.,Ordeño,09:32,13.02,2,,,DI,DI,1,,0.00,1.56,1.86,1.50,0,0,0,0,0.00,5.02,4.73,5.16,VMS 2,,Tanque,,0.00,2.04,2.52,1.98,0.00,3.35,5.64,4.03
15/05/2024 04:04 p. m.,Ordeño,08:01,25.58,1,,,,,1,,1.44,1.56,1.92,1.68,0,0,0,0,4.89,5.28,4.98,5.49,VMS 2,,Tanque,,1.80,2.16,2.52,2.58,3.10,5.86,8.46,8.16
31/07/2024 04:26 p. m.,Ordeño,06:13,19.58,1,,,,,1,,1.38,1.80,1.98,1.62,0,0,0,0,4.97,5.02,0.00,5.28,VMS 2,,Tanque,,1.92,2.76,2.70,2.10,2.41,3.02,7.80,6.35
04/09/2024 01:46 a. m.,Ordeño,04:50,12.08,1,,,,,1,,1.26,1.44,1.98,1.32,0,0,0,0,4.72,4.95,4.97,4.99,VMS 3,,Tanque,,1.80,1.98,2.46,1.68,1.88,1.86,4.74,3.60
05/09/2024 12:20 a. m.,Ordeño,06:23,19.42,1,,,,,1,,1.50,1.50,1.98,1.56,0,0,0,0,4.71,5.29,4.84,5.05,VMS 3,,Tanque,,1.98,2.04,2.52,2.04,3.01,2.99,7.76,5.66
05/09/2024 05:09 p. m.,Ordeño,06:06,15.36,2,,,,,1,,1.44,1.44,1.86,1.50,0,0,0,0,5.05,5.09,4.92,5.04,VMS 3,,Tanque,,1.86,2.10,2.40,1.92,2.80,1.91,6.36,4.29
08/09/2024 08:24 p. m.,Ordeño,05:54,15.71,2,,,,,1,,1.44,1.44,1.86,1.26,0,0,0,0,4.92,5.01,5.02,5.08,VMS 3,,Tanque,,1.92,1.86,2.58,1.74,2.70,2.39,6.49,4.13
12/09/2024 10:31 a. m.,Ordeño,06:50,19.20,1,,,,,1,TD,1.44,1.56,1.86,1.50,0,0,0,0,4.59,5.11,4.82,5.71,VMS 3,,Tanque,,2.10,1.98,2.46,1.92,2.58,2.92,7.97,5.73
13/09/2024 06:36 a. m.,Ordeño,05:15,12.04,1,,,,,1,"DD,TI",1.32,0.96,1.74,1.20,0,0,0,0,4.44,4.55,4.53,3.43,VMS 3,,Tanque,,1.74,1.32,2.40,2.04,2.00,1.94,5.11,2.99
08/12/2024 11:48 p. m.,Ordeño,10:48,6.42,3,,,,TI,1,"DI,TD",1.38,0.96,0.00,1.38,601,0,0,668,4.67,4.49,0.00,4.08,VMS 3,,Drenaje,,2.16,1.32,0.00,1.98,2.39,2.10,0.00,1.93
12/12/2024 07:58 a. m.,Ordeño,09:58,11.72,1,,,TI,,1,"DI,DD",0.96,1.32,0.84,1.80,0,0,0,0,4.87,4.83,3.56,0.00,VMS 1,,Tanque,,1.56,1.74,1.86,2.58,3.48,3.79,0.38,4.07
17/03/2025 01:56 p. m.,Ordeño,06:35,20.25,2,,,,,1,"DI,TD",1.50,1.56,1.98,1.86,0,0,0,0,5.29,4.36,4.29,5.29,VMS 3,,Tanque,,2.10,2.10,2.46,2.40,4.40,4.09,5.76,6.00
04/04/2025 06:50 a. m.,Ordeño,07:20,31.55,1,,,,,1,,1.56,1.50,2.04,2.16,0,0,0,0,5.04,4.82,4.57,4.52,VMS 3,,Tanque,,1.98,2.22,2.52,3.00,7.29,5.16,9.89,9.21
19/04/2025 03:52 p. m.,Ordeño,06:37,17.82,1,,,DD,,1,"DI,TI",1.38,1.32,2.64,1.74,0,0,0,0,5.89,5.00,7.57,4.88,VMS 3,,Tanque,,1.74,1.92,3.12,2.40,3.65,2.89,6.50,4.78
20/04/2025 03:47 a. m.,Ordeño,08:08,5.48,1,,,Todos,,1,TI,0.78,0.42,0.36,0.54,0,0,576,0,4.63,4.77,7.04,4.72,VMS 3,,Tanque,,1.44,0.96,0.72,1.68,1.69,1.14,0.34,2.31
20/04/2025 01:52 p. m.,Ordeño,05:41,11.42,2,,,TI,,1,TI,1.26,1.50,0.66,1.56,0,0,381,0,5.41,5.25,7.37,5.44,VMS 3,,Tanque,,1.68,1.98,1.68,2.04,3.03,2.92,0.51,4.96
22/04/2025 04:56 p. m.,Ordeño,10:46,21.64,2,,,,,1,,1.50,1.74,2.22,1.92,0,0,0,0,5.67,5.35,5.66,5.08,VMS 3,,Tanque,,2.28,2.40,2.82,2.58,5.59,5.79,3.13,7.13
23/04/2025 02:22 p. m.,Ordeño,10:01,22.99,1,,,,,1,TI,1.32,1.68,2.04,1.86,0,0,373,0,4.86,4.77,5.61,4.52,VMS 3,,Tanque,,1.74,2.22,2.88,2.52,6.19,4.99,3.66,8.15
24/04/2025 03:32 p. m.,Ordeño,06:38,23.58,1,,,,,1,TI,1.62,1.68,2.34,1.92,0,0,0,0,5.84,5.36,6.92,5.06,VMS 3,,Tanque,,2.40,2.10,3.24,2.58,6.33,6.67,4.72,5.86
29/04/2025 06:12 p. m.,Ordeño,05:26,17.31,2,,,,,1,,1.44,1.56,2.16,1.92,0,0,0,0,5.21,4.87,5.42,4.73,VMS 3,,Tanque,,1.98,2.04,2.70,2.52,4.17,3.93,3.49,5.72
30/04/2025 05:17 a. m.,Ordeño,06:58,20.55,1,,,,,1,DI,1.38,1.44,2.04,1.86,0,0,0,0,5.70,4.69,4.89,5.49,VMS 3,,Tanque,,1.86,2.28,2.64,2.40,5.01,4.40,4.68,6.46
30/04/2025 07:01 p. m.,Ordeño,06:06,21.42,2,,,,,1,TI,1.56,1.56,2.04,1.86,0,0,0,0,5.53,5.14,5.99,4.92,VMS 3,,Tanque,,2.04,2.10,2.40,2.58,5.57,5.60,3.52,6.73
01/05/2025 04:19 a. m.,Ordeño,05:25,18.35,1,,,,,1,,1.50,1.50,2.16,1.80,0,0,0,0,5.11,4.86,5.06,4.66,VMS 3,,Tanque,,2.10,2.10,2.88,2.40,4.43,3.99,4.27,5.66
02/05/2025 06:53 a. m.,Ordeño,06:00,23.37,1,,,,,1,,1.50,1.68,2.22,1.98,0,0,0,0,5.27,5.00,5.39,4.91,VMS 3,,Tanque,,1.92,2.10,2.82,2.70,4.65,5.08,6.25,7.39
02/05/2025 07:49 p. m.,Ordeño,06:14,23.24,2,,,,,1,,1.56,1.62,2.10,1.86,0,0,0,0,5.55,5.15,5.83,5.04,VMS 3,,Tanque,,1.98,2.10,2.76,2.46,5.40,4.96,5.48,7.40
03/05/2025 07:26 a. m.,Ordeño,06:50,22.22,1,,,,,1,,1.56,1.68,2.28,1.74,0,0,0,0,5.38,5.03,5.60,5.23,VMS 3,,Tanque,,1.98,2.10,2.76,2.22,4.63,5.21,5.10,7.28
03/05/2025 04:35 p. m.,Ordeño,05:25,16.62,2,,,,,1,,1.56,1.44,2.22,1.92,0,0,0,0,5.29,4.77,5.50,4.88,VMS 3,,Tanque,,1.92,2.16,2.70,2.64,3.63,4.07,3.69,5.23
03/05/2025 10:06 p. m.,Ordeño,04:22,8.80,3,,,,,1,,1.20,1.44,1.98,1.56,0,0,0,0,5.04,4.90,5.08,4.87,VMS 3,,Tanque,,1.62,1.86,2.40,2.16,1.86,2.04,2.12,2.78
05/05/2025 05:52 p. m.,Ordeño,05:32,20.61,2,,,,,1,,1.56,1.74,2.22,1.74,0,0,0,0,5.42,5.04,5.75,5.10,VMS 3,,Tanque,,2.04,2.28,2.94,2.28,4.59,4.77,5.19,6.06
06/05/2025 01:34 a. m.,Ordeño,04:58,11.74,1,,,,,1,,1.20,1.44,1.92,1.62,0,0,0,0,4.68,4.72,5.10,4.67,VMS 3,,Tanque,,1.74,1.98,2.52,1.98,2.52,2.89,2.70,3.63
06/05/2025 07:43 a. m.,Ordeño,04:48,10.45,2,,,,,1,,1.14,1.44,1.92,1.56,0,0,0,0,4.79,4.73,4.83,4.54,VMS 3,,Tanque,,1.56,1.98,2.70,2.04,2.20,2.34,2.39,3.52
06/05/2025 04:43 p. m.,Ordeño,05:41,16.78,3,,,,,1,,1.44,1.62,2.10,1.68,0,0,0,0,5.34,5.06,5.52,4.91,VMS 3,,Tanque,,1.86,2.22,2.52,2.28,3.75,4.06,3.79,5.18
07/05/2025 02:00 a. m.,Ordeño,05:12,16.77,1,,,,,1,,1.44,1.68,1.92,1.92,0,0,0,0,5.24,4.99,5.49,4.78,VMS 3,,Tanque,,1.86,2.22,2.52,2.46,3.75,4.29,3.43,5.30
07/05/2025 11:41 a. m.,Ordeño,05:33,16.73,2,,,,,1,TI,1.44,1.62,1.92,1.68,0,0,0,0,4.87,4.80,5.43,4.60,VMS 3,,Tanque,,1.86,2.04,2.40,2.28,3.79,4.26,3.51,5.17
07/05/2025 08:08 p. m.,Ordeño,06:04,15.17,3,,,,,1,TI,1.38,1.56,1.92,1.68,0,0,0,0,5.28,5.08,5.89,4.92,VMS 3,,Tanque,,1.80,1.98,2.46,2.40,3.17,3.86,3.21,4.93
08/05/2025 09:34 a. m.,Ordeño,05:54,20.92,1,,,,,1,TI,1.56,1.86,2.28,1.86,0,0,0,0,5.22,4.82,6.07,4.79,VMS 3,,Tanque,,1.98,2.52,2.88,2.34,5.12,4.55,4.72,6.53
08/05/2025 07:52 p. m.,Ordeño,05:15,16.41,2,,,,,1,TI,1.44,1.56,2.22,1.80,0,0,0,0,4.81,4.90,6.03,4.76,VMS 3,,Tanque,,2.88,1.98,2.82,2.46,3.55,3.89,3.51,5.46
09/05/2025 02:25 a. m.,Ordeño,04:48,10.90,1,,,,,1,TI,1.32,1.50,1.68,1.62,0,0,0,0,5.16,4.90,5.99,4.86,VMS 3,,Tanque,,1.74,2.04,2.46,2.16,2.63,2.43,2.21,3.63
09/05/2025 08:47 a. m.,Ordeño,05:49,10.34,2,,,,,1,TI,1.32,1.38,0.84,1.32,0,0,0,0,5.24,4.90,5.81,4.95,VMS 3,,Tanque,,1.80,1.92,1.56,1.98,2.21,2.81,2.26,3.06
09/05/2025 08:09 p. m.,Ordeño,05:27,18.94,3,,,,,1,TI,1.62,1.62,1.98,1.92,0,0,0,0,5.57,5.12,6.17,5.19,VMS 3,,Tanque,,2.04,2.28,2.70,2.52,4.58,3.91,4.31,6.14
10/05/2025 07:51 a. m.,Ordeño,06:17,20.13,1,,,,,1,TI,1.44,1.80,1.92,1.80,0,0,0,0,5.35,4.99,6.46,4.84,VMS 3,,Tanque,,1.98,2.46,2.34,2.34,5.01,4.76,4.56,5.80
10/05/2025 06:52 p. m.,Ordeño,06:02,17.14,2,,,,,1,TI,1.62,1.68,1.98,1.80,0,0,0,0,4.97,4.76,6.16,4.41,VMS 3,,Tanque,,2.16,2.10,2.58,2.22,3.71,4.15,4.15,5.13
11/05/2025 08:27 a. m.,Ordeño,06:16,22.67,1,,,,,1,TI,1.62,1.74,1.92,1.80,0,0,0,0,5.28,5.25,6.63,5.01,VMS 3,,Tanque,,4.02,2.28,2.52,2.40,6.10,5.86,5.06,5.65
11/05/2025 05:00 p. m.,Ordeño,06:08,13.10,2,,,,,1,TI,1.38,1.50,1.80,1.68,0,0,0,0,4.82,4.83,6.19,4.60,VMS 3,,Tanque,,1.80,1.92,2.34,2.28,2.59,3.10,3.24,4.17
12/05/2025 03:23 a. m.,Ordeño,05:56,17.52,1,,,,,1,TI,1.44,1.62,1.98,1.92,0,0,0,0,5.54,5.23,6.12,5.21,VMS 3,,Tanque,,1.86,2.22,2.46,2.46,4.18,4.28,3.93,5.13
12/05/2025 04:04 p. m.,Ordeño,06:43,22.96,2,,,,,1,,1.56,1.74,1.92,1.62,0,0,0,0,5.61,5.39,6.00,5.31,VMS 3,,Tanque,,2.04,2.28,2.40,2.10,4.65,6.23,4.77,7.31
12/05/2025 11:56 p. m.,Ordeño,04:43,13.23,1,,,,,1,,1.44,1.56,1.74,1.80,0,0,0,0,5.64,5.25,5.80,5.21,VMS 3,,Tanque,,1.86,1.98,2.40,2.28,3.02,3.30,2.86,4.05
13/05/2025 09:07 a. m.,Ordeño,08:54,15.26,2,,,,,1,TI,1.32,1.50,1.92,1.68,0,0,0,0,5.28,5.04,5.76,4.75,VMS 3,,Tanque,,1.98,2.04,2.46,2.10,3.69,3.61,3.52,4.44
13/05/2025 04:23 p. m.,Ordeño,04:35,11.68,3,,,,,1,TI,1.26,1.50,1.92,1.80,0,0,0,0,4.95,4.82,5.89,4.50,VMS 3,,Tanque,,1.68,2.04,2.52,2.28,2.52,2.62,2.94,3.60
15/05/2025 08:29 a. m.,Ordeño,07:08,17.18,1,,,,,1,,1.44,1.50,1.86,1.74,0,0,0,0,5.51,5.21,5.76,5.16,VMS 3,,Tanque,,2.04,1.86,2.28,2.34,3.54,3.73,4.30,5.61
15/05/2025 02:46 p. m.,Ordeño,04:42,9.62,2,,,,,1,,1.32,1.50,1.44,1.38,0,0,0,0,5.74,5.53,5.97,5.41,VMS 3,,Tanque,,1.92,1.92,2.22,2.04,1.71,2.60,2.26,3.05
16/05/2025 05:02 p. m.,Ordeño,08:28,16.99,2,,,,,1,,1.32,1.62,1.98,1.86,0,0,0,0,5.74,5.55,6.16,5.39,VMS 3,,Tanque,,1.86,2.10,2.40,2.40,3.96,3.65,4.24,5.14
17/05/2025 05:56 a. m.,Ordeño,05:57,21.58,1,,,,,1,,1.50,1.56,2.04,1.92,0,0,0,0,5.38,5.13,5.28,5.05,VMS 3,,Tanque,,2.10,2.16,2.52,2.52,4.80,3.97,5.41,7.40
26/05/2025 01:54 a. m.,Ordeño,06:07,13.12,1,,,,,1,TI,1.20,1.62,1.86,1.44,0,0,0,0,5.06,5.07,5.87,5.38,VMS 3,,Tanque,,1.68,2.22,2.34,1.98,2.91,2.76,3.26,4.19
26/05/2025 07:50 p. m.,Ordeño,06:10,25.56,2,,,,,1,,1.56,1.80,2.16,1.92,0,0,0,0,5.63,5.56,6.14,5.65,VMS 3,,Tanque,,2.04,2.28,2.70,2.40,5.35,6.75,5.99,7.47
27/05/2025 02:28 a. m.,Ordeño,05:00,8.24,1,,,,,1,TI,1.32,1.38,1.74,1.38,0,0,0,0,5.20,4.95,5.87,4.88,VMS 3,,Tanque,,1.74,1.86,2.34,2.10,1.92,1.97,1.88,2.47
29/05/2025 06:03 a. m.,Ordeño,05:25,22.29,1,,,,,1,,1.62,1.68,1.98,1.80,0,0,0,0,5.51,5.17,5.89,5.48,VMS 3,,Tanque,,2.10,2.28,2.94,2.70,5.98,4.49,5.65,6.17
29/05/2025 09:53 p. m.,Ordeño,06:10,24.38,2,,DI,,,1,,1.50,1.80,2.22,1.92,0,0,0,0,5.30,5.23,5.80,5.12,VMS 3,,Tanque,,1.92,2.34,2.88,2.40,4.71,6.54,5.71,7.42
30/05/2025 06:34 a. m.,Ordeño,04:39,14.51,1,,,,,1,TI,1.20,1.50,1.62,1.56,0,0,0,0,4.98,5.13,5.82,5.18,VMS 3,,Tanque,,1.74,2.10,2.46,2.34,3.21,3.74,3.21,4.35
30/05/2025 02:26 p. m.,Ordeño,05:04,14.42,2,,,,,1,TI,1.44,1.56,1.80,1.68,0,0,0,0,5.47,5.20,6.09,5.35,VMS 3,,Tanque,,1.80,2.16,2.28,2.40,3.50,3.26,3.36,4.30
31/05/2025 03:26 a. m.,Ordeño,07:00,23.99,1,,,,,1,,1.02,1.62,1.98,1.80,0,0,0,0,5.02,5.33,5.75,5.67,VMS 3,,Tanque,,1.62,2.16,2.58,2.46,5.09,5.80,5.81,7.29
31/05/2025 12:33 p. m.,Ordeño,05:55,17.08,2,,,,,1,TI,1.50,1.92,2.16,1.86,0,0,0,0,5.44,5.12,5.82,4.86,VMS 3,,Tanque,,2.04,2.40,2.76,2.46,3.62,4.07,4.48,4.91
31/05/2025 07:29 p. m.,Ordeño,05:26,14.51,3,,DI,,,1,,1.56,1.68,2.10,1.56,0,0,0,0,5.91,5.41,5.77,5.56,VMS 3,,Tanque,,2.16,2.22,2.82,2.28,3.35,3.40,3.39,4.37
01/06/2025 03:55 a. m.,Ordeño,05:23,15.47,1,,,,,1,,1.44,1.92,2.22,1.74,0,0,0,0,5.79,5.47,6.21,5.85,VMS 3,,Tanque,,1.86,2.46,2.88,2.28,3.61,3.64,3.82,4.40
01/06/2025 11:20 a. m.,Ordeño,04:53,14.03,2,,,,,1,,1.50,1.68,2.10,1.80,0,0,0,0,5.37,5.07,5.88,5.18,VMS 3,,Tanque,,1.86,2.16,2.52,2.28,3.10,3.27,3.60,4.06
06/06/2025 09:40 a. m.,Ordeño,06:05,21.56,1,,,,,1,,1.56,1.74,2.22,1.92,0,0,0,0,5.15,4.95,5.50,5.04,VMS 3,,Tanque,,1.98,2.34,2.88,2.58,5.09,4.35,5.55,6.57
07/06/2025 02:34 a. m.,Ordeño,06:26,21.07,1,,,,,1,,1.62,1.86,2.10,1.80,0,0,0,0,5.49,5.33,6.16,5.54,VMS 3,,Tanque,,2.10,2.40,2.52,2.34,4.29,5.72,4.54,6.52
07/06/2025 09:41 a. m.,Ordeño,04:55,14.89,2,,,,,1,,1.50,1.56,1.86,1.68,0,0,0,0,5.91,5.66,6.30,5.99,VMS 3,,Tanque,,1.98,2.16,2.46,2.34,3.46,3.47,3.32,4.64
08/06/2025 03:22 a. m.,Ordeño,06:18,23.81,1,,,,,1,TI,1.62,1.80,2.10,2.04,0,0,0,0,5.31,5.51,6.18,5.32,VMS 3,,Tanque,,2.04,2.22,2.88,2.70,3.90,6.54,5.57,7.80
08/06/2025 04:22 p. m.,Ordeño,05:14,17.75,2,,,,,1,TI,1.44,1.68,1.98,1.80,0,0,0,0,5.30,5.19,6.07,5.01,VMS 3,,Tanque,,1.80,2.22,2.70,2.46,3.56,4.58,4.01,5.60
09/06/2025 03:38 a. m.,Ordeño,05:21,17.50,1,,DI,,,1,,1.68,1.74,1.86,1.86,0,0,0,0,5.30,5.13,5.60,5.01,VMS 3,,Tanque,,1.98,2.34,2.40,2.46,4.09,3.92,3.78,5.71
09/06/2025 02:20 p. m.,Ordeño,05:45,18.33,2,,,,,1,TI,1.68,1.68,1.98,1.68,0,0,0,0,5.35,5.33,6.18,5.18,VMS 3,,Tanque,,2.10,2.22,2.52,2.34,4.16,4.72,4.03,5.42
09/06/2025 09:43 p. m.,Ordeño,04:38,9.15,3,,,DI,DI,1,TI,0.00,1.62,1.86,1.68,0,0,0,0,0.00,5.13,5.91,5.12,VMS 3,,Tanque,,0.00,2.22,2.40,2.28,0.00,2.69,2.73,3.73
10/06/2025 06:31 a. m.,Ordeño,05:10,16.40,1,,,,,1,,1.62,1.62,1.98,1.68,0,0,0,0,5.07,5.40,5.84,5.59,VMS 3,,Tanque,,2.16,2.34,2.52,2.28,3.89,3.90,3.61,5.00
12/06/2025 06:03 p. m.,Ordeño,05:28,17.94,2,,,,,1,,1.74,1.74,1.92,1.80,0,0,0,0,5.53,5.35,5.64,5.12,VMS 3,,Tanque,,2.46,2.22,2.52,2.34,3.95,4.19,4.25,5.55
13/06/2025 11:16 a. m.,Ordeño,06:45,26.75,1,,,,,1,,1.74,1.86,2.16,1.98,0,0,0,0,5.63,5.56,5.65,5.55,VMS 3,,Tanque,,2.28,2.40,2.88,2.58,5.04,7.58,5.98,8.15
17/06/2025 07:23 p. m.,Ordeño,06:16,23.93,1,,DI,,,1,,1.80,1.98,2.22,1.92,0,0,0,0,5.57,5.16,5.26,5.32,VMS 3,,Tanque,,2.52,2.52,2.76,2.70,5.13,5.33,6.03,7.44
19/06/2025 10:22 a. m.,Ordeño,06:08,24.79,1,,,,,1,,1.86,1.86,2.04,1.86,0,0,0,0,5.41,5.18,5.98,5.60,VMS 3,,Tanque,,2.52,2.40,2.58,2.52,6.05,5.63,6.10,7.01
20/06/2025 06:10 a. m.,Ordeño,06:25,24.43,1,,,,,1,,1.74,1.92,2.22,1.92,0,0,0,0,5.28,5.47,5.67,5.42,VMS 3,,Tanque,,2.10,2.58,2.82,2.40,4.19,6.76,5.74,7.74
21/06/2025 12:55 a. m.,Ordeño,06:38,25.06,1,,,,,1,,1.74,1.86,2.22,2.04,0,0,0,0,5.40,5.44,5.36,5.52,VMS 3,,Tanque,,2.22,2.46,3.12,2.70,4.13,6.70,5.79,8.44
21/06/2025 10:18 a. m.,Ordeño,05:15,15.87,2,,,,,1,,1.80,1.86,1.98,1.92,0,0,0,0,5.77,5.40,5.90,5.61,VMS 3,,Tanque,,2.28,2.46,2.46,2.46,3.80,3.64,4.07,4.36
22/06/2025 03:08 a. m.,Ordeño,06:10,23.42,1,,,,,1,,1.86,1.74,1.98,1.98,0,0,0,0,5.17,5.40,5.63,5.33,VMS 3,,Tanque,,2.46,2.40,2.58,2.58,4.85,6.17,5.25,7.15
23/06/2025 07:31 p. m.,Ordeño,06:41,28.38,1,,,,,1,TI,2.04,1.98,2.16,2.16,0,0,0,0,4.71,5.39,6.98,4.97,VMS 3,,Tanque,,2.64,2.58,2.70,2.76,6.29,8.02,5.17,8.90
24/06/2025 08:09 a. m.,Ordeño,05:20,14.17,1,,,,,1,TI,1.68,1.68,1.74,1.68,0,0,0,0,5.19,4.95,7.35,5.15,VMS 3,,Tanque,,2.34,2.58,2.28,2.28,4.36,2.97,2.16,4.68
24/06/2025 04:44 p. m.,Ordeño,04:37,9.44,2,,,,,1,TI,1.44,1.44,1.20,1.68,0,0,0,0,5.04,5.11,6.73,4.97,VMS 3,,Tanque,,2.04,1.98,2.22,2.22,2.68,2.16,1.64,2.96
25/06/2025 03:27 a. m.,Ordeño,04:34,13.35,1,,DI,,,1,TI,1.74,1.68,1.86,1.74,0,0,0,0,5.52,5.46,6.58,5.36,VMS 3,,Tanque,,2.58,2.28,2.40,2.10,3.54,3.02,2.46,4.33
25/06/2025 01:30 p. m.,Ordeño,04:59,14.91,2,,,,,1,TI,1.80,1.80,1.98,1.74,0,0,0,0,5.73,5.60,6.42,5.44,VMS 3,,Tanque,,2.34,2.52,2.52,2.16,3.97,3.43,3.14,4.37
26/06/2025 12:05 a. m.,Ordeño,05:21,15.06,1,,,,,1,TI,1.50,1.80,1.98,1.68,0,0,0,0,5.51,5.58,6.52,5.50,VMS 3,,Tanque,,1.98,2.28,2.46,2.34,3.09,3.63,3.27,5.07
26/06/2025 02:35 p. m.,Ordeño,08:53,22.77,2,,,,,1,TI,1.80,1.86,1.98,1.68,0,0,0,0,5.85,5.78,6.66,5.69,VMS 3,,Tanque,,2.34,2.58,2.52,2.34,5.22,5.23,5.40,6.92
26/06/2025 10:57 p. m.,Ordeño,05:16,12.95,3,,,,,1,TI,1.62,1.74,1.62,1.62,0,0,0,0,5.51,5.58,6.14,5.09,VMS 3,,Tanque,,2.34,2.34,2.34,2.52,3.17,3.13,2.65,4.00
27/06/2025 10:08 a. m.,Ordeño,05:14,15.19,1,,,,,1,,1.62,1.86,1.86,1.50,0,0,0,0,5.27,5.45,5.81,5.04,VMS 3,,Tanque,,2.10,2.46,2.52,1.98,3.44,3.76,3.61,4.38
06/07/2025 05:12 p. m.,Ordeño,09:11,24.40,1,,,,,1,,2.10,1.98,1.98,1.74,0,0,0,0,5.50,5.56,6.11,5.41,VMS 3,,Tanque,,2.82,2.52,2.52,2.22,5.85,6.26,5.17,7.12
07/07/2025 06:26 p. m.,Ordeño,04:53,14.25,3,,,,,1,TI,1.80,1.68,1.86,1.56,0,0,0,0,5.21,5.12,6.28,4.96,VMS 3,,Tanque,,2.28,2.40,2.34,2.10,3.86,3.13,3.16,4.10
08/07/2025 08:51 a. m.,Ordeño,06:19,22.07,1,,,,,1,,1.92,1.80,1.86,1.68,0,0,0,0,5.29,5.40,5.94,5.34,VMS 3,,Tanque,,2.46,2.52,2.34,2.16,4.39,6.12,4.50,7.06
08/07/2025 07:10 p. m.,Ordeño,05:25,18.58,2,,,,,1,,1.86,1.74,1.80,1.68,0,0,0,0,5.29,5.25,5.49,4.94,VMS 3,,Tanque,,2.34,2.46,2.82,2.28,4.59,4.04,4.69,5.26
09/07/2025 02:57 a. m.,Ordeño,04:49,13.29,1,,,,,1,,1.62,1.74,1.68,1.50,0,0,0,0,5.24,5.07,5.72,5.08,VMS 3,,Tanque,,2.22,2.22,2.16,2.04,3.63,2.92,3.04,3.70
10/07/2025 03:28 a. m.,Ordeño,05:27,14.43,1,,,,,1,,1.74,1.50,1.74,1.50,0,0,0,0,4.97,5.06,5.59,5.09,VMS 3,,Tanque,,2.22,1.86,2.16,1.92,3.44,3.20,3.25,4.54
11/07/2025 10:35 a. m.,Ordeño,07:26,14.35,2,,,,,1,TI,1.80,1.68,2.10,1.62,0,0,0,0,5.27,5.25,6.60,5.13,VMS 3,,Tanque,,2.40,2.34,2.94,2.10,3.88,2.90,3.80,3.77
12/07/2025 05:23 a. m.,Ordeño,06:30,19.41,1,,,,,1,TI,2.04,1.62,2.40,1.68,0,0,624,0,4.89,4.91,7.17,4.79,VMS 3,,Tanque,,2.64,2.58,4.14,2.16,5.31,4.03,4.19,5.88
12/07/2025 10:38 a. m.,Ordeño,09:56,3.82,2,,,Todos,,1,TI,1.14,0.90,0.78,0.72,0,0,401,0,4.53,4.64,6.10,4.50,VMS 3,,Tanque,,1.92,1.62,1.92,1.20,1.15,0.90,0.78,0.99
12/07/2025 05:45 p. m.,Ordeño,05:36,4.47,4,,,,,1,TI,0.96,0.66,0.78,0.78,0,0,0,0,4.84,4.83,8.98,5.00,VMS 3,,Tanque,,1.44,1.26,2.88,1.26,1.12,0.90,1.10,1.35
13/07/2025 07:48 a. m.,Ordeño,05:44,19.61,1,,,,,1,,2.10,1.68,1.44,1.80,0,0,0,0,5.54,5.36,6.04,5.37,VMS 3,,Tanque,,2.82,2.22,2.16,2.34,6.36,4.48,2.42,6.35
13/07/2025 05:52 p. m.,Ordeño,05:49,18.74,2,,,,,1,TI,1.86,1.50,1.74,1.56,0,0,0,0,5.37,5.25,6.86,5.03,VMS 3,,Tanque,,2.64,2.04,2.28,2.10,5.34,4.34,3.41,5.65
14/07/2025 02:00 a. m.,Ordeño,05:08,14.24,1,,,,,1,TI,1.86,1.38,1.56,1.68,0,0,0,0,5.07,5.10,5.96,4.97,VMS 3,,Tanque,,2.52,1.92,2.16,2.22,3.87,3.57,2.24,4.56
14/07/2025 09:48 a. m.,Ordeño,04:46,13.19,2,,,,,1,TI,1.56,1.50,1.62,1.62,0,0,0,0,5.17,5.30,6.18,5.13,VMS 3,,Tanque,,2.22,2.28,2.16,2.10,3.48,3.26,2.47,3.98
14/07/2025 07:27 p. m.,Ordeño,06:57,16.77,3,,DI,,,1,TI,1.44,1.62,1.80,1.44,0,0,0,0,6.00,5.27,6.27,5.37,VMS 3,,Tanque,,1.98,2.10,2.28,1.92,3.74,3.93,3.49,5.61
19/07/2025 11:17 p. m.,Ordeño,05:23,16.31,3,,,,,1,,1.68,1.62,1.92,1.68,0,0,0,0,5.19,4.92,5.43,4.83,VMS 3,,Tanque,,2.10,2.10,2.46,2.16,3.50,4.16,3.53,5.12
20/07/2025 02:40 p. m.,Ordeño,06:51,23.11,1,,,,,1,,1.62,1.62,1.92,1.56,0,0,0,0,5.14,4.92,5.24,4.80,VMS 3,,Tanque,,2.16,2.16,2.34,2.16,5.05,5.52,5.05,7.49
28/07/2025 07:19 a. m.,Ordeño,06:55,23.49,1,,,,,1,TI,1.74,1.62,1.98,1.86,0,0,0,0,4.74,4.75,5.50,4.83,VMS 3,,Tanque,,2.34,2.28,2.46,2.52,5.00,5.59,4.72,8.18
28/07/2025 03:46 p. m.,Ordeño,04:59,11.28,2,,,,,1,TI,1.56,1.56,1.80,1.44,0,0,0,0,4.89,4.82,5.57,4.61,VMS 3,,Tanque,,1.98,2.16,2.34,2.22,2.74,2.76,2.60,3.18
29/07/2025 09:08 a. m.,Ordeño,07:02,23.27,1,,,,,1,,1.74,1.80,2.10,1.50,0,0,0,0,5.62,5.16,5.71,5.23,VMS 3,,Tanque,,2.22,2.46,2.58,1.98,6.00,4.95,5.37,6.95
29/07/2025 11:03 p. m.,Ordeño,05:41,18.56,2,,,,,1,,1.62,1.74,1.92,1.86,0,0,0,0,4.82,5.00,5.56,4.92,VMS 3,,Tanque,,2.16,2.40,2.64,2.34,3.27,5.01,3.78,6.50
31/07/2025 11:05 a. m.,Ordeño,06:48,23.71,1,,,,,1,,1.80,1.86,1.92,1.74,0,0,0,0,5.34,5.20,5.91,5.12,VMS 3,,Tanque,,2.40,2.58,2.46,3.24,4.85,6.06,4.88,7.92
31/07/2025 07:04 p. m.,Ordeño,05:22,11.91,2,,,,,1,,1.50,1.62,1.68,1.44,0,0,0,0,5.03,4.81,5.23,4.64,VMS 3,,Tanque,,1.98,2.34,2.46,2.10,2.59,2.67,2.93,3.72
04/08/2025 10:03 p. m.,Ordeño,06:23,19.91,2,,,,,1,,1.74,1.92,1.92,1.62,0,0,0,0,5.07,5.00,5.29,4.74,VMS 3,,Tanque,,2.16,2.64,2.64,2.04,4.00,5.33,4.00,6.58
06/08/2025 01:39 a. m.,Ordeño,05:58,18.00,1,,,,,1,,1.44,1.38,1.80,1.80,0,0,0,0,5.25,4.15,5.23,5.01,VMS 3,,Tanque,,1.98,2.04,2.46,2.40,4.19,4.28,3.59,5.94
06/08/2025 04:00 p. m.,Ordeño,07:47,22.50,2,,,,,1,,1.62,1.62,1.98,1.80,0,0,0,0,5.32,5.08,5.57,4.87,VMS 3,,Tanque,,2.04,2.16,2.58,2.46,4.89,5.17,5.07,7.37
07/08/2025 07:00 a. m.,Ordeño,05:33,18.88,1,,,,,1,,1.80,1.68,1.98,1.86,0,0,0,0,5.02,4.85,5.28,4.74,VMS 3,,Tanque,,2.28,2.40,2.46,2.46,3.99,4.27,4.21,6.41
08/08/2025 05:11 p. m.,Ordeño,07:23,22.18,2,,,,,1,,1.74,1.80,1.80,1.50,0,0,0,0,5.13,5.17,5.81,5.06,VMS 3,,Tanque,,2.34,2.40,2.28,1.92,5.11,5.45,4.71,6.91
11/08/2025 01:20 p. m.,Ordeño,08:41,24.82,1,,,,,1,,1.68,1.80,2.16,1.62,0,0,0,0,5.28,5.13,5.43,5.14,VMS 3,,Tanque,,2.22,2.40,2.70,2.04,5.68,5.28,5.73,8.13
12/08/2025 10:23 a. m.,Ordeño,07:58,24.86,1,,,,,1,,1.80,1.92,1.92,1.74,0,0,0,0,5.01,5.15,5.56,5.05,VMS 3,,Tanque,,2.28,2.70,2.52,2.40,4.36,6.37,5.04,9.09
12/08/2025 08:57 p. m.,Ordeño,05:08,12.76,2,,,,,1,TI,1.62,1.68,1.80,1.62,0,0,0,0,5.01,4.76,5.68,4.45,VMS 3,,Tanque,,2.16,2.40,2.34,2.28,2.81,2.99,2.91,4.05
13/08/2025 02:47 a. m.,Ordeño,04:05,7.61,1,,,,,1,,1.50,1.38,1.62,1.38,0,0,0,0,5.05,4.88,5.49,5.02,VMS 3,,Tanque,,1.92,1.92,2.10,1.80,2.04,1.84,1.53,2.20
13/08/2025 02:20 p. m.,Ordeño,06:58,18.06,2,,,,,1,,1.50,1.86,2.04,1.74,0,0,0,0,5.72,5.45,6.10,5.51,VMS 3,,Tanque,,2.28,2.46,2.52,2.34,4.28,3.85,3.96,5.97
17/08/2025 05:13 p. m.,Ordeño,06:17,12.14,2,,,,,1,,1.38,1.62,1.74,0.96,0,0,0,0,4.88,4.75,5.24,4.82,VMS 3,,Tanque,,1.80,2.10,2.16,1.32,2.85,2.78,2.87,3.64
19/08/2025 02:30 a. m.,Ordeño,12:01,17.14,1,,,,,1,,1.50,1.74,1.92,0.60,0,0,0,0,5.17,5.01,5.38,4.87,VMS 3,,Tanque,,1.92,2.34,2.34,1.02,4.01,3.81,3.93,5.39
19/08/2025 03:32 p. m.,Ordeño,12:11,20.51,2,,,,,1,,1.68,1.86,1.92,0.66,0,0,0,0,5.76,5.31,5.75,5.42,VMS 3,,Tanque,,2.10,2.46,2.46,1.02,5.02,4.83,4.90,5.76
20/08/2025 10:18 a. m.,Ordeño,13:46,20.82,1,,,,,1,,1.68,1.74,1.92,0.42,0,0,0,0,5.33,5.14,5.54,5.36,VMS 3,,Tanque,,2.10,2.40,2.52,0.84,5.40,5.56,5.52,4.34
20/08/2025 11:20 p. m.,Ordeño,13:45,17.90,2,,,,,1,TD,1.68,1.68,1.92,0.54,0,0,0,0,5.37,5.05,5.58,6.25,VMS 3,,Tanque,,2.22,2.16,2.28,1.02,4.37,3.94,4.00,5.59
21/08/2025 10:23 a. m.,Ordeño,13:10,13.82,1,,TD,,,1,"TI,TD",1.56,1.62,1.92,0.48,0,0,0,0,4.91,4.67,5.65,6.20,VMS 3,,Tanque,,1.98,2.10,2.34,0.96,3.28,3.08,3.39,4.07
21/08/2025 07:37 p. m.,Ordeño,13:41,12.45,2,,TD,,,1,"TI,TD",1.26,1.32,1.74,0.36,0,0,0,0,4.84,4.73,5.55,6.32,VMS 2,,Tanque,,1.92,1.98,2.34,0.66,2.98,3.03,2.95,3.49
22/08/2025 11:09 a. m.,Ordeño,13:49,17.35,1,,,,,1,TD,1.62,1.74,1.98,0.36,0,0,0,0,5.17,5.32,5.19,5.96,VMS 2,,Tanque,,2.16,2.40,2.52,0.72,3.80,6.11,4.05,3.39
22/08/2025 11:25 p. m.,Ordeño,11:10,15.76,2,,TD,,,1,TD,1.62,1.50,1.68,0.42,0,0,0,0,5.31,5.13,5.86,7.17,VMS 2,,Tanque,,2.04,1.92,2.22,0.84,4.28,4.28,4.32,2.88
23/08/2025 07:20 a. m.,Ordeño,10:26,10.32,1,,,,,1,TD,1.50,1.44,1.56,0.36,0,0,0,0,5.12,4.98,5.61,7.04,VMS 2,,Tanque,,2.16,1.98,2.04,0.78,2.75,2.96,2.39,2.22
23/08/2025 04:02 p. m.,Ordeño,11:57,12.35,2,,,,,1,TD,1.62,1.38,1.62,0.42,0,0,0,0,5.43,5.21,6.01,8.58,VMS 2,,Tanque,,2.04,1.80,2.10,0.90,3.28,2.82,2.94,3.31
23/08/2025 11:53 p. m.,Ordeño,13:35,12.78,1,,,,,1,TD,1.38,1.32,1.62,0.42,0,0,0,0,5.03,4.86,5.26,8.51,VMS 2,,Tanque,,1.92,1.98,2.16,0.84,2.97,2.93,2.40,4.48
24/08/2025 12:59 p. m.,Ordeño,13:45,15.52,2,,,,,1,TD,1.68,1.62,1.86,0.36,0,0,0,0,5.08,4.94,5.33,6.42,VMS 2,,Tanque,,2.28,2.28,2.52,0.72,4.05,4.11,3.94,3.42
25/08/2025 01:12 a. m.,Ordeño,12:26,13.41,1,,,,,1,TD,1.56,1.44,1.74,0.36,0,0,342,0,5.04,4.87,5.43,6.10,VMS 2,,Tanque,,2.76,2.10,2.46,0.72,3.66,3.49,3.36,2.90
25/08/2025 11:06 a. m.,Ordeño,11:07,12.57,2,,,,,1,TD,1.56,1.56,1.62,0.30,0,0,0,0,5.32,5.27,5.83,6.16,VMS 2,,Tanque,,2.40,1.98,2.10,0.78,4.00,3.06,3.21,2.30
25/08/2025 07:12 p. m.,Ordeño,09:45,10.21,3,,,,,1,"TI,TD",1.62,1.32,1.56,0.36,0,0,0,0,5.25,5.01,5.99,7.57,VMS 2,,Drenaje,,2.04,1.98,2.04,0.72,2.64,2.86,2.62,2.09
26/08/2025 04:45 a. m.,Ordeño,11:32,12.02,1,,,,,1,TD,1.50,1.44,1.56,0.36,0,0,0,0,5.33,5.26,5.61,7.10,VMS 2,,Drenaje,,1.98,1.98,2.04,0.90,3.58,2.87,2.80,2.77
26/08/2025 02:25 p. m.,Ordeño,08:21,12.94,2,,,,,1,TD,1.38,1.38,1.50,0.36,0,0,0,0,5.33,5.28,5.99,7.84,VMS 2,,Drenaje,,1.92,2.04,1.92,0.60,3.84,3.61,3.39,2.10
26/08/2025 10:10 p. m.,Ordeño,11:34,9.16,3,,,,,1,TD,1.20,0.78,1.14,0.48,0,0,0,0,5.53,5.28,5.58,7.84,VMS 2,,Drenaje,,1.68,1.26,1.86,1.02,1.85,1.71,1.66,3.94
27/08/2025 02:37 p. m.,Ordeño,11:50,14.09,1,,,TD,,1,"TI,TD",1.50,1.50,1.50,0.42,0,0,0,0,4.98,5.18,5.85,7.57,VMS 2,,Drenaje,,2.34,2.10,2.34,0.84,3.98,3.24,4.15,2.72
27/08/2025 06:40 p. m.,Ordeño,09:20,4.01,2,,,TD,,1,,0.90,0.48,0.42,0.24,0,0,0,0,4.83,4.65,5.05,5.38,VMS 2,,Drenaje,,1.56,0.96,0.78,0.66,1.36,1.17,1.12,0.36
28/08/2025 01:44 a. m.,Ordeño,06:50,8.55,1,,,,,1,TD,1.44,1.26,1.56,0.42,0,0,0,0,5.15,5.03,4.89,7.97,VMS 2,,Drenaje,,1.86,1.74,1.98,0.78,2.57,2.19,2.05,1.74
28/08/2025 10:13 a. m.,Ordeño,08:21,12.03,2,,,,,1,TD,1.50,1.56,1.56,0.48,0,0,0,0,5.67,5.83,5.53,7.71,VMS 2,,Drenaje,,2.04,2.22,2.04,0.84,3.06,3.51,2.87,2.59
28/08/2025 07:54 p. m.,Ordeño,08:48,12.85,3,,,,,1,TD,1.68,1.38,1.62,0.54,0,0,0,0,5.41,5.39,5.37,7.37,VMS 2,,Drenaje,,2.16,1.92,2.04,1.08,3.29,3.17,2.92,3.47
29/08/2025 03:43 a. m.,Ordeño,08:49,10.61,1,,,,,1,TD,1.32,1.38,1.56,0.48,0,0,0,0,5.07,5.27,4.96,6.07,VMS 2,,Drenaje,,1.86,1.86,2.10,0.90,2.65,2.85,2.35,2.76
29/08/2025 12:56 p. m.,Ordeño,10:05,13.17,2,,,,,1,TD,1.56,1.50,1.62,0.54,0,0,0,0,5.38,5.49,5.16,6.21,VMS 2,,Drenaje,,2.04,2.04,2.16,0.84,2.94,3.51,2.96,3.76
30/08/2025 04:19 p. m.,Ordeño,13:09,23.57,1,,TD,,,1,TD,1.80,1.62,1.74,0.66,0,0,0,0,5.37,5.27,5.23,7.24,VMS 2,,Drenaje,,2.40,2.04,2.22,1.08,5.96,5.69,5.01,6.91
31/08/2025 07:26 a. m.,Ordeño,11:17,13.94,1,,,,,1,,1.62,1.44,0.72,0.54,0,0,432,0,5.02,5.00,5.75,5.20,VMS 2,,Drenaje,,2.04,1.98,1.50,0.84,3.59,3.87,2.27,4.21
31/08/2025 08:45 p. m.,Ordeño,09:02,10.88,2,,,TI,,1,TI,1.50,1.32,1.08,0.60,0,0,338,0,4.66,4.59,5.60,4.85,VMS 2,,Drenaje,,1.98,1.92,1.74,0.96,3.06,3.03,1.53,3.26
01/09/2025 02:04 a. m.,Ordeño,06:44,5.37,1,,,TI,,1,,1.20,0.90,0.36,0.36,0,0,0,0,4.94,4.72,5.53,5.05,VMS 2,,Drenaje,,1.92,1.44,0.96,0.72,1.79,1.58,0.76,1.24
01/09/2025 09:01 a. m.,Ordeño,09:24,10.42,2,,,,,1,TI,1.50,1.44,0.60,0.54,0,0,0,0,5.32,5.25,6.26,6.01,VMS 2,,Drenaje,,1.92,2.04,1.14,0.96,3.16,2.63,1.22,3.41
01/09/2025 06:39 p. m.,Ordeño,08:44,12.89,3,,,,,1,,1.62,1.50,1.14,0.66,0,0,0,0,5.31,5.50,5.98,5.73,VMS 2,,Drenaje,,1.98,1.98,1.68,1.20,3.25,3.85,1.69,4.10
02/09/2025 09:21 a. m.,Ordeño,13:47,21.13,1,,,,,1,TI,1.80,1.62,1.50,0.60,0,357,0,0,5.33,5.36,6.35,5.86,VMS 2,,Drenaje,,2.40,2.16,1.92,1.02,6.17,5.16,3.45,6.35
02/09/2025 09:05 p. m.,Ordeño,11:36,16.16,2,,,,,1,TI,1.50,1.50,1.50,0.60,0,0,0,0,5.02,5.14,6.08,5.33,VMS 2,,Drenaje,,1.92,2.22,1.92,1.08,3.89,4.47,2.57,5.23
03/09/2025 12:02 p. m.,Ordeño,06:18,13.53,1,,TD,TD,,1,,1.74,1.50,1.50,0.72,0,0,0,0,5.43,5.33,6.07,2.14,VMS 2,,Drenaje,,2.22,2.04,2.04,1.20,4.83,5.03,3.44,0.23
03/09/2025 06:52 p. m.,Ordeño,11:50,13.59,2,,,,,1,"TI,TD",1.38,1.32,1.32,0.84,0,0,0,0,5.01,4.94,5.75,6.14,VMS 2,,Drenaje,,1.86,1.80,1.92,1.38,2.45,2.44,1.50,7.20
05/09/2025 12:22 a. m.,Ordeño,09:16,12.98,1,,,,,1,,1.38,1.38,1.44,0.60,0,0,0,0,4.87,4.88,5.24,5.31,VMS 2,,Drenaje,,1.92,1.86,1.80,1.08,3.63,3.21,2.38,3.76
05/09/2025 12:35 p. m.,Ordeño,10:10,17.00,2,,,,,1,,1.62,1.56,1.56,0.72,0,0,0,0,5.37,5.41,5.48,5.91,VMS 2,,Drenaje,,2.22,1.98,2.04,1.20,4.13,4.53,3.18,5.16
06/09/2025 04:20 p. m.,Ordeño,10:08,16.73,2,,,,,1,,1.62,1.68,1.62,0.78,0,0,0,0,5.12,5.10,5.44,4.91,VMS 2,,Drenaje,,2.28,2.34,2.16,2.34,3.96,3.31,3.49,5.97
12/09/2025 03:09 a. m.,Ordeño,06:59,10.11,1,,,,,1,TI,1.68,1.32,1.44,0.78,0,0,0,0,4.82,4.59,5.19,4.42,VMS 2,,Drenaje,,2.52,1.86,1.98,1.26,2.69,2.21,1.88,3.33
12/09/2025 07:26 p. m.,Ordeño,09:43,20.70,2,,,,,1,TD,1.68,1.56,1.62,1.02,0,0,0,0,5.07,4.97,5.56,5.78,VMS 2,,Drenaje,,2.28,2.04,2.10,1.50,4.88,4.92,3.76,7.14
13/09/2025 03:31 a. m.,Ordeño,05:59,8.03,1,,,,,1,"TI,TD",1.44,1.32,1.26,0.84,0,0,0,0,4.56,4.67,5.58,5.42,VMS 2,,Drenaje,,2.04,1.86,1.80,1.32,1.60,2.03,1.51,2.89
13/09/2025 11:48 a. m.,Ordeño,06:38,11.71,2,,,,,1,,1.62,1.44,1.50,0.96,0,0,0,0,5.03,5.09,5.21,5.43,VMS 2,,Drenaje,,2.10,1.92,2.04,1.38,2.58,3.03,2.21,3.89
13/09/2025 09:40 p. m.,Ordeño,07:30,14.33,3,,,,,1,,1.68,1.44,1.56,0.96,0,0,0,0,5.32,5.11,5.63,5.38,VMS 2,,Drenaje,,2.16,2.22,2.04,1.38,3.78,3.09,2.85,4.61
17/09/2025 05:43 a. m.,Ordeño,08:41,15.60,1,,,,,1,,1.62,1.38,1.50,0.96,0,0,0,0,4.80,5.00,5.36,4.74,VMS 2,,Drenaje,,2.22,1.92,1.92,1.50,3.31,4.05,2.63,5.61
17/09/2025 06:00 p. m.,Ordeño,08:35,14.18,2,,,,,1,"DI,TI",1.62,1.38,1.62,0.90,0,0,0,0,6.05,5.27,6.14,5.06,VMS 2,,Drenaje,,2.16,1.98,2.04,1.38,2.59,3.36,3.34,4.89
18/09/2025 03:18 a. m.,Ordeño,05:55,7.26,1,,,,,1,"DI,TI",1.02,1.14,1.02,0.84,0,0,0,0,6.06,4.73,5.34,4.45,VMS 2,,Drenaje,,1.68,1.74,1.68,1.26,1.48,1.73,1.44,2.61
18/09/2025 05:34 p. m.,Ordeño,09:15,14.55,2,,,,,1,"DI,TI",1.20,1.50,1.56,0.90,0,0,0,0,5.79,5.01,5.73,4.91,VMS 2,,Drenaje,,1.74,2.10,1.98,1.44,1.77,3.75,3.18,5.85
19/09/2025 02:42 a. m.,Ordeño,08:07,11.16,1,,,,,1,TI,1.20,1.38,1.44,0.84,0,0,0,0,5.47,4.93,5.67,4.70,VMS 2,,Drenaje,,1.68,1.98,2.04,1.26,1.59,2.90,2.54,4.13
19/09/2025 09:55 a. m.,Ordeño,04:31,6.03,2,,,TD,TD,1,,1.20,1.44,1.38,0.00,0,0,0,0,6.18,5.26,5.69,0.00,VMS 2,,Drenaje,,1.62,1.92,1.80,0.00,1.68,2.31,2.04,0.00
20/09/2025 03:46 a. m.,Ordeño,06:32,9.99,1,,,,,1,DI,1.38,1.32,1.50,0.90,0,0,0,0,5.93,4.92,5.33,4.72,VMS 2,,Drenaje,,1.86,1.80,1.92,1.44,1.95,2.59,1.98,3.47
20/09/2025 05:12 p. m.,Ordeño,10:05,18.49,2,,,,,1,,1.62,1.50,1.50,0.96,0,0,0,0,6.39,5.65,5.66,5.62,VMS 2,,Drenaje,,2.10,1.98,2.04,1.44,3.49,4.69,3.49,6.82
21/09/2025 03:59 a. m.,Ordeño,07:41,14.40,1,,,,,1,DI,1.44,1.32,1.44,1.02,0,0,0,0,5.85,4.84,5.47,4.81,VMS 2,,Drenaje,,1.92,1.92,1.86,1.50,3.42,3.17,2.80,5.01
21/09/2025 11:52 a. m.,Ordeño,06:37,10.99,2,,,,,1,DI,1.50,1.32,1.38,0.90,0,0,0,0,5.70,4.94,5.60,4.80,VMS 2,,Drenaje,,1.98,1.86,1.92,1.32,2.61,2.61,2.19,3.58
22/09/2025 01:17 a. m.,Ordeño,08:32,16.34,1,,,,,1,,1.62,1.56,1.56,0.96,0,0,0,0,5.65,5.11,5.53,4.94,VMS 2,,Drenaje,,2.22,2.16,1.98,1.50,3.56,3.95,3.09,5.74
29/09/2025 02:26 a. m.,Ordeño,05:21,8.68,1,,,,,1,TI,1.56,1.38,1.44,1.02,0,0,0,0,5.28,4.99,5.71,4.85,VMS 2,,Drenaje,,2.04,1.98,2.10,1.50,2.06,1.93,1.83,2.86
02/10/2025 01:44 a. m.,Ordeño,08:28,14.15,1,,,,,1,,1.56,1.62,1.26,0.96,0,0,0,0,4.70,4.56,5.16,4.67,VMS 2,,Drenaje,,2.04,2.22,1.98,1.44,3.11,3.56,2.04,5.44
02/10/2025 03:11 p. m.,Ordeño,06:44,12.53,2,,,,,1,TI,1.62,1.44,1.50,1.02,0,0,0,0,5.22,4.94,6.73,4.88,VMS 2,,Drenaje,,2.16,2.10,2.10,1.44,3.71,2.43,2.05,4.34
03/10/2025 03:00 a. m.,Ordeño,07:33,13.25,1,,,,,1,TI,1.50,1.50,1.38,0.96,0,0,0,0,5.30,5.15,6.44,5.02,VMS 2,,Drenaje,,2.04,1.98,1.80,1.38,3.18,3.11,2.03,4.93
04/10/2025 11:33 a. m.,Ordeño,07:45,16.50,1,,,,,1,,1.50,1.56,1.62,1.08,0,0,0,0,5.37,5.10,5.75,5.22,VMS 2,,Drenaje,,1.92,2.22,2.34,1.56,4.62,3.30,2.68,5.90
05/10/2025 02:23 a. m.,Ordeño,08:31,17.81,1,,,,,1,,1.56,1.56,1.56,1.02,0,0,0,0,5.31,5.30,5.82,5.21,VMS 2,,Drenaje,,2.04,2.04,2.46,1.56,4.51,4.34,2.85,6.11
05/10/2025 01:22 p. m.,Ordeño,08:01,14.60,2,,,,,1,,1.44,1.50,1.44,0.90,0,0,0,0,5.51,5.36,5.78,5.34,VMS 2,,Drenaje,,2.10,2.04,1.92,1.26,3.77,3.40,2.52,4.91
09/10/2025 07:01 p. m.,Ordeño,06:19,11.33,2,,,,,1,,1.56,1.38,1.38,1.02,0,0,0,0,5.33,5.15,5.78,5.04,VMS 2,,Tanque,,2.04,1.86,1.80,1.44,3.13,2.49,1.80,3.91
10/10/2025 09:45 a. m.,Ordeño,09:07,17.59,1,,,,,1,,1.56,1.44,1.44,1.02,0,0,0,0,5.06,5.27,5.64,5.14,VMS 2,,Tanque,,2.04,2.10,1.98,1.50,3.48,4.91,2.54,6.66
10/10/2025 10:39 p. m.,Ordeño,07:20,14.10,2,,,,,1,,1.62,1.62,1.50,0.96,0,0,0,0,4.91,5.07,5.50,4.82,VMS 2,,Tanque,,2.10,2.34,1.98,1.44,3.45,3.51,2.44,4.70
15/10/2025 10:30 a. m.,Ordeño,07:26,16.06,1,,,,,1,,1.62,1.56,1.56,1.08,0,0,0,0,5.43,5.29,5.85,5.41,VMS 2,,Tanque,,2.28,2.04,1.98,1.50,4.65,3.09,2.65,5.67
17/10/2025 10:32 a. m.,Ordeño,06:54,12.08,2,,,,,1,TI,1.62,1.44,1.44,0.90,0,0,0,0,5.38,5.30,6.11,5.17,VMS 2,,Tanque,,2.28,1.98,1.98,1.32,3.31,2.66,1.92,4.19
17/10/2025 10:20 p. m.,Ordeño,07:34,13.58,3,,,,,1,,1.56,1.80,1.14,1.08,0,0,0,0,4.93,5.32,5.63,4.89,VMS 2,,Tanque,,1.98,2.52,1.74,1.56,2.75,3.74,1.55,5.54
18/10/2025 10:58 a. m.,Ordeño,08:29,14.28,1,,,,,1,TI,1.80,1.62,1.50,0.96,0,0,0,0,4.68,4.91,5.97,4.81,VMS 2,,Tanque,,2.34,2.16,1.92,1.44,3.58,3.16,1.99,5.55
19/10/2025 02:45 a. m.,Ordeño,07:16,12.51,1,,TD,,,1,TI,1.62,1.44,1.62,0.90,0,0,0,0,4.94,4.69,6.10,4.71,VMS 2,,Tanque,,1.98,1.92,2.28,1.50,4.15,2.92,2.06,3.38
19/10/2025 03:33 p. m.,Ordeño,08:56,12.08,2,,,DI,DI,1,TI,0.00,1.50,1.56,1.14,0,0,0,0,0.00,4.87,6.42,4.73,VMS 2,,Tanque,,0.00,2.22,1.92,1.62,0.00,3.58,2.44,6.06
20/10/2025 05:35 a. m.,Ordeño,08:45,15.94,1,,,,,1,TI,1.62,1.62,1.08,0.96,0,0,0,0,4.77,4.98,5.65,4.84,VMS 2,,Tanque,,1.98,2.10,1.92,1.44,4.47,3.63,1.84,6.00
20/10/2025 12:43 p. m.,Ordeño,04:52,5.71,2,,,,,1,TI,1.08,0.78,0.54,0.84,0,0,0,0,4.62,4.81,5.89,4.57,VMS 3,,Tanque,,1.50,1.32,1.02,1.32,1.30,1.38,0.89,2.14
07/10/2022 11:46 a. m.,Ordeño,14:05,4.08,1,,DI,,"TI,TD",0,,1.20,1.38,0.00,0.00,3300,1675,0,0,4.82,3.95,0.00,0.00,VMS 3,,Divert 3,,1.86,2.52,0.00,0.00,0.57,3.51,0.00,0.00
07/10/2022 02:36 p. m.,Ordeño,09:32,5.78,2,,,,,0,,0.30,1.44,0.54,0.36,890,1877,796,0,4.67,4.43,4.30,3.82,VMS 3,,Divert 3,,0.84,2.52,1.38,0.90,0.45,3.32,1.50,0.51
07/10/2022 07:23 p. m.,Ordeño,06:20,3.31,3,,,,,0,,0.90,0.60,1.50,0.36,1088,1376,391,684,4.42,4.57,3.98,4.38,VMS 3,,Divert 3,,2.34,1.50,2.22,0.96,0.92,0.72,1.05,0.62
08/10/2022 11:59 p. m.,Ordeño,07:21,8.78,1,,,TI,TI,0,,1.62,1.62,0.00,1.32,673,0,0,0,4.90,4.32,0.00,4.51,VMS 3,,Divert 3,,2.46,2.22,0.00,1.92,2.93,3.08,0.00,2.77
09/10/2022 08:07 a. m.,Ordeño,08:47,8.33,2,,TD,TI,TI,0,,1.86,1.98,0.00,1.32,881,377,0,0,4.82,4.71,0.00,4.40,VMS 3,,Divert 3,,2.52,2.64,0.00,1.86,2.74,2.74,0.00,2.85
09/10/2022 06:58 p. m.,Ordeño,06:02,17.54,3,,,,,0,,1.44,1.74,1.86,1.14,776,0,0,0,5.09,4.97,4.72,4.85,VMS 3,,Divert 3,,2.16,2.40,2.40,1.62,3.53,3.55,6.52,3.94
10/10/2022 03:44 a. m.,Ordeño,08:42,10.87,1,,DI,,,0,,1.08,1.86,1.44,1.08,0,0,0,0,4.55,4.72,4.38,4.24,VMS 3,,Divert 3,,1.68,2.46,2.16,1.56,2.04,3.21,2.39,3.23
10/10/2022 01:27 p. m.,Ordeño,06:47,13.33,2,,,,,0,,1.56,1.74,1.62,1.02,369,0,0,0,4.66,4.64,4.66,4.59,VMS 3,,Divert 3,,2.04,2.34,2.16,1.56,4.00,3.37,2.50,3.46
10/10/2022 11:56 p. m.,Ordeño,06:46,11.79,1,,DI,TI,TI,0,,1.32,2.04,0.00,1.26,0,0,0,0,4.82,4.62,0.00,4.40,VMS 3,,Divert 3,,2.40,2.76,0.00,1.86,3.07,4.29,0.00,4.43
11/10/2022 09:47 a. m.,Ordeño,13:14,19.21,2,,TD,,,0,,1.62,1.92,1.68,1.32,0,0,0,0,4.50,4.44,4.37,4.25,VMS 3,,Divert 3,,2.70,2.64,2.34,1.80,3.80,4.50,6.93,3.98
11/10/2022 04:37 p. m.,Ordeño,06:46,11.76,3,,,,,0,,1.62,1.80,1.56,1.20,0,0,0,0,4.83,4.60,4.24,4.35,VMS 3,,Divert 3,,2.34,2.34,2.04,1.56,2.67,3.28,2.67,3.14
11/10/2022 11:02 p. m.,Ordeño,07:12,7.90,4,,,TI,TI,0,,1.44,1.56,0.00,1.38,0,0,0,0,4.55,4.39,0.00,4.24,VMS 3,,Divert 3,,2.04,2.40,0.00,1.92,2.33,2.75,0.00,2.82
12/10/2022 03:49 a. m.,Ordeño,07:37,5.90,1,,DI,TI,TI,0,,1.62,1.68,0.00,1.26,0,0,0,0,4.40,4.39,0.00,4.06,VMS 3,,Divert 3,,2.64,2.40,0.00,1.86,1.50,2.11,0.00,2.29
12/10/2022 09:26 a. m.,Ordeño,09:42,13.27,2,,,,,0,,1.50,1.74,1.86,1.20,0,0,0,0,4.47,4.44,4.54,4.24,VMS 3,,Divert 3,,1.92,2.52,2.52,1.62,2.56,2.53,5.61,2.57
12/10/2022 05:48 p. m.,Ordeño,06:33,10.54,3,,,TI,TI,0,,1.74,2.10,0.00,1.32,0,0,0,0,4.70,4.64,0.00,4.61,VMS 3,,Divert 3,,2.70,3.00,0.00,1.98,3.24,3.52,0.00,3.78
12/10/2022 09:14 p. m.,Ordeño,08:53,4.66,4,,,TI,TI,0,,1.50,1.62,0.00,1.26,0,0,0,0,4.74,4.50,0.00,4.44,VMS 3,,Divert 3,,2.16,2.22,0.00,1.80,1.46,1.52,0.00,1.68
13/10/2022 10:04 a. m.,Ordeño,06:02,11.11,2,,,,,0,,0.90,1.68,1.80,1.08,0,0,0,0,4.65,4.58,4.40,4.33,VMS 3,,Divert 3,,1.32,2.34,2.34,1.68,1.91,2.13,4.87,2.20
13/10/2022 06:39 p. m.,Ordeño,10:14,11.75,3,,DD,TD,,0,,1.56,1.98,1.32,0.24,0,0,0,0,4.85,4.68,4.48,3.95,VMS 3,,Divert 3,,2.52,2.82,2.16,0.66,3.33,3.80,4.31,0.31
13/10/2022 10:45 p. m.,Ordeño,10:23,10.18,4,,TD,,,0,,1.50,1.68,1.74,1.14,0,0,0,0,4.58,4.56,4.81,4.22,VMS 3,,Divert 3,,1.86,2.22,2.34,1.56,1.95,2.03,4.43,1.77
14/10/2022 03:58 a. m.,Ordeño,09:34,10.03,1,,,,,0,,1.02,1.80,1.62,1.08,0,0,0,0,4.47,4.61,4.39,4.29,VMS 3,,Divert 3,,1.74,2.52,1.98,1.62,2.35,2.52,2.24,2.92
14/10/2022 02:04 p. m.,Ordeño,10:29,15.06,2,,,TI,TI,0,,1.44,1.98,0.00,1.32,0,0,0,0,4.65,4.48,0.00,4.41,VMS 3,,Divert 3,,2.22,2.70,0.00,1.86,4.37,5.02,0.00,5.67
14/10/2022 06:34 p. m.,Ordeño,06:50,6.94,3,,,TI,TI,0,,1.14,1.74,0.00,1.20,0,0,0,0,4.59,4.54,0.00,4.46,VMS 3,,Divert 3,,2.04,2.64,0.00,1.68,2.08,2.38,0.00,2.48
14/10/2022 09:23 p. m.,Ordeño,11:22,9.29,4,,,,,0,,1.08,1.44,1.50,1.08,0,0,0,0,4.59,4.64,4.31,4.41,VMS 3,,Divert 3,,1.68,2.10,2.04,1.50,1.28,1.42,5.13,1.46
15/10/2022 08:34 a. m.,Ordeño,10:00,16.21,1,,,TI,TI,0,,1.38,2.10,0.00,1.44,0,0,0,0,4.48,4.52,0.00,4.19,VMS 3,,Divert 3,,2.22,2.82,0.00,1.98,4.74,5.39,0.00,6.08
15/10/2022 01:33 p. m.,Ordeño,11:26,12.78,2,,,,,0,,1.38,1.86,1.68,1.20,0,0,0,0,4.69,4.58,4.56,4.27,VMS 3,,Divert 3,,1.92,2.40,2.28,1.86,2.12,2.58,5.30,2.78
15/10/2022 09:18 p. m.,Ordeño,08:03,12.10,3,,DI,TI,TI,0,,1.74,1.80,0.00,1.26,0,0,0,0,4.96,4.71,0.00,4.40,VMS 3,,Divert 3,,2.52,2.28,0.00,1.86,2.84,4.41,0.00,4.85
16/10/2022 01:01 a. m.,Ordeño,09:12,6.52,1,,,TI,TI,0,,1.02,1.32,0.00,1.08,0,0,0,0,4.43,4.30,0.00,3.86,VMS 3,,Tanque,,2.16,2.10,0.00,1.92,2.53,1.96,0.00,2.03
16/10/2022 06:14 a. m.,Ordeño,08:37,6.71,2,,,TI,TI,0,,1.26,1.62,0.00,1.20,0,0,0,0,4.29,4.28,0.00,4.10,VMS 3,,Tanque,,1.98,2.16,0.00,1.86,2.12,2.16,0.00,2.43
16/10/2022 01:50 p. m.,Ordeño,08:52,12.62,3,,,TI,TI,0,,1.44,1.80,0.00,1.38,0,0,0,0,4.72,4.49,0.00,4.37,VMS 3,,Tanque,,2.40,2.28,0.00,1.98,3.78,4.04,0.00,4.80
16/10/2022 11:34 p. m.,Ordeño,08:18,20.39,4,,,,,0,,1.26,1.74,1.68,1.26,0,0,0,0,4.79,4.73,4.37,4.54,VMS 3,,Tanque,,1.80,2.28,2.22,1.74,4.54,4.30,6.07,5.48
17/10/2022 04:25 a. m.,Ordeño,10:38,7.44,1,,,TI,TI,0,,0.96,1.50,0.00,1.26,0,0,0,0,4.19,4.37,0.00,3.94,VMS 3,,Tanque,,1.44,2.16,0.00,1.92,2.06,2.58,0.00,2.80
17/10/2022 09:36 a. m.,Ordeño,08:43,7.87,2,,,TI,TI,0,,1.14,1.20,0.00,1.20,0,0,0,0,4.66,4.49,0.00,4.42,VMS 3,,Tanque,,2.22,1.92,0.00,1.74,2.57,2.67,0.00,2.63
17/10/2022 11:19 p. m.,Ordeño,11:46,23.64,3,,TD,,,0,,1.26,1.92,1.74,1.14,0,0,0,0,4.62,4.71,4.57,4.33,VMS 3,,Tanque,,2.34,2.46,2.22,1.74,5.89,4.97,6.52,6.26
18/10/2022 09:24 a. m.,Ordeño,11:37,19.51,1,,,,,0,,1.26,1.62,1.68,1.44,0,0,0,0,4.64,4.54,4.46,4.24,VMS 3,,Tanque,,1.80,2.16,2.10,3.30,3.88,4.96,3.74,6.93
19/10/2022 06:27 a. m.,Ordeño,11:09,18.44,1,,,TI,TI,0,,1.38,1.62,0.00,1.32,0,0,0,0,5.17,4.93,0.00,4.57,VMS 1,,Tanque,,1.98,2.10,0.00,1.92,5.01,5.93,0.00,7.50
19/10/2022 08:55 p. m.,Ordeño,07:18,18.74,2,,,,,0,,1.08,1.56,1.56,1.32,0,0,0,0,4.95,5.05,5.13,4.76,VMS 1,,Tanque,,1.62,1.98,2.10,1.98,3.75,4.42,5.30,5.27
20/10/2022 03:38 p. m.,Ordeño,14:11,14.15,1,,,"DD,TI","DD,TI",0,,1.62,0.00,0.00,1.56,0,0,0,0,5.36,0.00,0.00,5.29,VMS 1,,Tanque,,2.10,0.00,0.00,2.22,6.68,0.00,0.00,7.47
21/10/2022 02:07 a. m.,Ordeño,12:16,15.56,1,,DI,TI,TI,0,,1.56,1.80,0.00,1.44,0,0,0,0,5.15,5.14,0.00,4.89,VMS 1,,Tanque,,1.92,2.34,0.00,1.98,3.69,6.14,0.00,5.73
21/10/2022 06:22 p. m.,Ordeño,13:14,25.56,2,,,,,0,,1.62,1.80,1.44,1.50,0,0,0,0,5.01,5.18,4.81,5.16,VMS 1,,Tanque,,2.28,2.28,1.98,2.04,6.70,5.96,6.43,6.47
22/10/2022 02:20 a. m.,Ordeño,08:54,11.25,1,,TD,TI,TI,0,,1.14,1.50,0.00,1.44,0,0,0,0,4.92,4.94,0.00,4.63,VMS 1,,Tanque,,1.68,2.16,0.00,2.10,3.11,3.38,0.00,4.76
23/10/2022 07:45 p. m.,Ordeño,09:31,25.65,1,,,,,0,,1.56,1.74,1.50,1.74,0,0,0,0,5.81,5.50,5.38,5.16,VMS 1,,Tanque,,2.10,2.22,1.92,2.58,6.80,6.34,5.30,7.21
24/10/2022 09:56 a. m.,Ordeño,09:43,8.75,1,,,"DI,TI",TI,0,,1.08,1.50,0.00,1.44,0,0,0,0,5.08,4.91,0.00,4.87,VMS 1,,Tanque,,1.68,2.10,0.00,1.86,2.37,2.97,0.00,3.41
24/10/2022 10:11 a. m.,Ordeño,11:10,2.65,2,,DD,"DI,DD,TD","DI,DD",0,,0.24,0.24,0.60,0.36,0,0,0,0,1.88,1.41,4.97,2.93,VMS 1,,Tanque,,0.48,0.66,1.44,0.90,0.14,0.16,2.00,0.35
24/10/2022 04:56 p. m.,Ordeño,06:38,6.58,3,,,TI,TI,0,,1.20,1.44,0.00,1.44,0,0,0,0,5.18,5.14,0.00,5.01,VMS 1,,Tanque,,1.86,1.92,0.00,2.04,1.90,1.96,0.00,2.72
24/10/2022 11:53 p. m.,Ordeño,08:29,8.23,1,,TD,TI,TI,0,,1.44,1.68,0.00,1.50,0,0,0,0,4.86,4.89,0.00,4.81,VMS 1,,Tanque,,1.98,2.04,0.00,1.92,2.47,2.64,0.00,3.12
25/10/2022 04:49 p. m.,Ordeño,08:03,25.55,2,,,,,0,,1.68,1.92,1.62,1.68,0,0,0,0,5.71,5.69,5.30,5.34,VMS 1,,Tanque,,2.22,2.46,2.10,2.28,5.96,5.92,6.08,7.59
26/10/2022 12:32 a. m.,Ordeño,07:47,10.28,1,,DI,,TI,0,,1.44,1.62,0.00,1.50,0,0,0,0,5.25,5.36,0.00,5.15,VMS 1,,Tanque,,1.98,2.16,0.00,1.92,2.34,3.74,0.00,4.20
26/10/2022 07:21 a. m.,Ordeño,06:29,17.42,2,,,,,0,,1.56,1.74,1.56,1.62,0,0,0,0,5.31,5.55,5.45,5.32,VMS 1,,Tanque,,2.10,2.34,2.04,2.10,4.58,3.51,4.93,4.40
26/10/2022 06:52 p. m.,Ordeño,07:49,17.46,3,,DI,,TI,0,,1.80,1.86,0.00,1.50,0,0,0,0,5.95,5.76,0.00,5.70,VMS 1,,Tanque,,2.22,2.58,0.00,2.16,4.68,5.60,0.00,7.18
27/10/2022 03:39 a. m.,Ordeño,08:38,11.13,1,,"DI,TD","DI,TI",TI,0,,1.08,1.68,0.00,1.80,0,0,0,0,5.22,5.16,0.00,4.84,VMS 1,,Tanque,,1.68,2.04,0.00,2.34,1.34,4.33,0.00,5.46
27/10/2022 03:48 a. m.,Ordeño,13:54,4.89,2,,,TI,"DD,TI",0,,1.38,0.18,0.00,1.44,0,0,0,0,5.29,2.48,0.00,5.37,VMS 1,,Tanque,,1.92,0.42,0.00,2.58,2.53,0.09,0.00,2.27
27/10/2022 04:02 a. m.,Ordeño,12:04,1.85,3,,,TI,"DD,TD",0,TI,0.18,0.00,1.32,0.00,0,0,0,0,3.41,0.00,5.17,0.00,VMS 1,,Tanque,,0.60,0.00,1.74,0.00,0.40,0.00,1.45,0.00
27/10/2022 05:12 p. m.,Ordeño,07:20,24.97,4,,DI,,,0,,1.68,1.86,1.74,1.68,0,0,0,0,5.42,5.48,5.25,5.14,VMS 1,,Tanque,,2.58,2.34,2.28,2.22,5.20,5.84,6.64,7.29
28/10/2022 03:58 a. m.,Ordeño,12:47,15.19,1,,"DI,DD",,,0,"DI,DD,TI",1.56,1.80,1.56,0.36,0,0,0,0,5.12,5.13,4.97,3.55,VMS 1,,Tanque,,2.16,2.22,2.22,0.84,3.61,5.17,6.11,0.30
28/10/2022 03:04 p. m.,Ordeño,06:22,22.40,2,,DI,,,0,,1.38,1.86,1.80,1.68,0,0,0,0,5.74,5.87,5.69,5.52,VMS 1,,Tanque,,2.10,2.22,2.34,2.28,3.13,5.75,6.44,7.08
29/10/2022 02:13 a. m.,Ordeño,10:02,16.54,1,,DI,,TI,0,,1.68,1.80,0.00,1.62,0,0,0,0,5.27,5.21,0.00,5.04,VMS 1,,Tanque,,2.28,2.28,0.00,2.10,5.26,4.82,0.00,6.46
02/11/2022 06:14 a. m.,Ordeño,08:51,14.35,1,,"DI,TD",TI,TI,0,,1.38,1.68,0.00,1.44,0,0,0,0,5.03,5.11,0.00,5.03,VMS 1,,Drenaje,,1.92,2.10,0.00,2.16,3.35,4.97,0.00,6.03
02/11/2022 11:05 p. m.,Ordeño,09:02,25.92,2,,DD,,,0,,1.74,1.68,1.50,1.50,0,0,0,0,5.74,5.56,5.72,5.49,VMS 1,,Drenaje,,2.16,2.40,2.04,1.98,6.64,6.57,4.85,7.86
04/11/2022 02:52 a. m.,Ordeño,06:54,16.19,1,,,,,0,,1.32,1.68,1.44,1.44,0,0,0,0,5.18,5.26,5.10,5.24,VMS 1,,Drenaje,,1.74,2.10,2.16,1.98,3.74,4.53,2.41,5.51
04/11/2022 04:48 p. m.,Ordeño,10:24,25.12,2,,,,,0,,1.68,1.86,1.50,1.56,0,0,0,0,5.68,5.69,5.89,5.92,VMS 1,,Drenaje,,2.64,2.40,1.98,1.98,6.33,5.86,4.41,8.52
05/11/2022 08:20 a. m.,Ordeño,10:01,20.88,1,,,TI,TI,0,,1.68,1.98,0.00,1.68,0,0,0,0,5.44,5.46,0.00,5.23,VMS 2,,Drenaje,,2.46,2.64,0.00,2.22,5.95,6.53,0.00,8.40
06/11/2022 08:49 a. m.,Ordeño,12:32,29.17,1,,,,,0,DI,1.68,2.04,1.56,1.56,0,0,0,0,6.49,5.64,5.79,5.32,VMS 2,,Drenaje,,2.10,2.76,2.16,2.22,7.43,7.28,5.14,9.32
07/11/2022 02:12 a. m.,Ordeño,05:14,10.82,1,,,,,0,,1.02,1.44,1.32,1.38,0,0,0,0,5.18,5.06,5.41,4.85,VMS 1,,Drenaje,,1.68,1.74,1.68,1.80,2.06,3.04,1.85,3.87
07/11/2022 10:46 a. m.,Ordeño,06:31,17.56,2,,,,,0,,1.20,1.74,1.50,1.56,0,0,0,0,5.68,5.71,5.57,5.42,VMS 1,,Drenaje,,1.68,2.10,1.98,2.22,3.69,4.77,2.74,6.36
07/11/2022 05:35 p. m.,Ordeño,05:26,13.34,3,,,,,0,,1.14,1.62,1.44,1.56,0,0,0,0,5.72,5.66,5.66,5.61,VMS 1,,Drenaje,,1.56,1.98,1.98,1.98,3.05,3.33,2.19,4.77
07/11/2022 11:04 p. m.,Ordeño,04:46,11.27,4,,,,,0,,1.20,1.80,1.44,1.68,0,0,0,0,5.53,5.37,5.38,5.16,VMS 1,,Drenaje,,1.68,2.22,2.16,2.16,2.95,2.72,1.93,3.67
08/11/2022 10:54 a. m.,Ordeño,08:17,22.41,1,,,,,0,,1.50,1.80,1.62,1.68,0,0,0,0,5.59,5.38,5.26,5.14,VMS 1,,Drenaje,,1.98,2.64,2.10,2.28,4.65,6.18,3.93,7.65
08/11/2022 10:03 p. m.,Ordeño,09:32,18.34,2,,DI,,,0,,1.44,1.80,1.68,1.50,0,0,0,330,5.00,5.04,4.77,4.83,VMS 1,,Drenaje,,2.40,2.16,2.22,1.92,4.17,5.47,3.17,5.53
09/11/2022 07:35 a. m.,Ordeño,07:37,18.57,1,,,,,0,,1.32,1.62,1.44,1.50,0,0,0,0,4.93,4.82,4.89,4.53,VMS 1,,Drenaje,,1.68,2.16,1.80,1.98,4.49,4.40,3.10,6.58
09/11/2022 06:42 p. m.,Ordeño,06:30,21.16,2,,,,,0,,1.44,1.80,1.56,1.44,0,0,0,0,5.28,5.19,5.23,5.14,VMS 1,,Drenaje,,1.92,2.22,2.04,1.92,5.22,5.21,4.26,6.47
10/11/2022 02:27 a. m.,Ordeño,05:32,14.99,1,,,,,0,,1.32,1.62,1.50,1.32,0,0,0,0,4.85,4.81,4.72,4.79,VMS 1,,Drenaje,,1.74,2.16,1.86,1.68,3.66,3.80,2.83,4.70
10/11/2022 11:31 a. m.,Ordeño,06:55,17.06,2,,DI,,,0,,1.50,1.62,1.50,1.32,0,0,0,0,5.18,4.94,4.99,4.93,VMS 1,,Drenaje,,2.10,2.40,1.86,2.28,3.08,4.68,3.36,5.94
10/11/2022 06:42 p. m.,Ordeño,05:51,16.69,3,,,,,0,,1.62,1.68,1.50,1.38,0,0,0,0,5.32,5.10,4.93,5.09,VMS 1,,Drenaje,,2.10,2.34,1.92,1.86,4.91,3.99,2.86,4.93
11/11/2022 04:46 a. m.,Ordeño,07:48,21.78,1,,,,,0,,1.56,1.80,1.62,1.44,0,0,0,0,5.12,5.03,5.01,4.82,VMS 1,,Drenaje,,1.98,2.40,2.22,2.04,5.30,5.49,4.15,6.84
11/11/2022 07:25 p. m.,Ordeño,07:50,18.39,2,,,TD,TD,0,,1.80,1.86,1.74,0.00,0,0,0,0,5.26,5.09,5.17,0.00,VMS 1,,Drenaje,,2.28,2.82,2.22,0.00,6.64,6.43,5.32,0.00
12/11/2022 07:10 a. m.,Ordeño,08:14,24.63,1,,,,,0,,1.38,1.62,1.50,1.62,0,0,0,0,4.84,4.77,4.92,4.63,VMS 1,,Drenaje,,1.86,2.28,1.92,2.28,5.27,5.50,4.16,9.70
12/11/2022 05:31 p. m.,Ordeño,06:19,21.91,2,,,,,0,,1.74,1.86,1.62,1.44,0,0,0,0,5.66,5.58,5.38,5.09,VMS 1,,Drenaje,,2.16,2.34,2.10,1.86,5.59,5.51,4.70,6.11
13/11/2022 12:52 a. m.,Ordeño,05:23,13.79,1,,,,,0,,1.26,1.62,1.50,1.38,0,0,0,0,5.17,5.19,4.83,5.17,VMS 1,,Drenaje,,1.80,2.04,1.92,1.80,3.50,3.38,2.75,4.16
13/11/2022 11:33 a. m.,Ordeño,06:22,20.13,2,,,,,0,,1.44,1.62,1.62,1.44,0,0,0,0,5.06,5.02,4.80,4.68,VMS 1,,Drenaje,,1.98,2.04,2.04,2.04,4.69,5.04,4.05,6.35
13/11/2022 06:17 p. m.,Ordeño,04:52,12.16,3,,,,,0,,1.32,1.44,1.44,1.32,0,0,0,0,4.83,4.73,4.62,4.71,VMS 1,,Drenaje,,1.80,1.92,1.98,1.68,2.89,3.23,2.24,3.80
14/11/2022 04:30 a. m.,Ordeño,07:21,17.06,1,,TI,TI,TI,0,"DI,DD,TD",1.56,1.74,0.54,1.62,0,0,0,0,5.64,5.42,3.62,5.29,VMS 1,,Drenaje,,1.98,2.28,0.96,2.28,5.32,4.94,0.08,6.72
14/11/2022 10:47 a. m.,Ordeño,05:46,12.87,2,,TD,,,0,,1.26,1.56,1.62,1.20,0,0,0,0,5.49,5.43,5.69,5.16,VMS 1,,Drenaje,,1.80,2.04,2.28,1.74,3.20,3.14,5.86,0.67
14/11/2022 07:15 p. m.,Ordeño,06:22,18.90,3,,,,,0,,1.44,1.56,1.44,1.62,0,0,0,0,5.57,5.54,5.28,5.20,VMS 1,,Tanque,,1.86,2.10,1.92,2.28,4.32,4.34,3.39,6.85
15/11/2022 01:46 a. m.,Ordeño,06:07,13.87,1,,,,,0,,1.14,1.50,1.26,1.50,0,0,0,0,5.82,5.73,5.46,5.57,VMS 1,,Tanque,,1.62,2.04,1.62,1.92,3.71,3.70,2.52,3.94
15/11/2022 08:12 a. m.,Ordeño,07:56,13.80,2,,,,,0,,0.96,1.56,1.26,1.50,0,0,0,0,5.68,5.78,5.52,5.39,VMS 1,,Tanque,,1.86,1.98,1.74,1.92,3.48,3.47,2.56,4.29
15/11/2022 07:23 p. m.,Ordeño,09:19,22.74,3,,,,,0,,1.50,1.32,1.50,1.32,0,0,0,0,5.68,5.57,5.38,5.69,VMS 1,,Tanque,,2.04,1.92,2.04,1.74,5.31,5.63,4.59,7.21
17/11/2022 12:29 a. m.,Ordeño,07:46,13.41,1,,,,,0,,1.26,1.56,1.26,1.26,0,0,0,0,5.06,4.96,5.04,4.91,VMS 1,,Tanque,,1.74,2.04,1.68,1.80,3.26,3.36,2.72,4.07
17/11/2022 07:06 a. m.,Ordeño,05:26,7.19,2,,"TI,TD","TI,TD",,0,,1.44,1.50,1.08,0.90,0,0,300,0,5.38,5.29,5.23,4.89,VMS 1,,Tanque,,1.86,2.04,1.92,1.86,3.27,3.22,0.45,0.25
17/11/2022 11:01 a. m.,Ordeño,06:01,15.30,3,,,,,0,,1.14,1.56,1.44,1.50,0,0,0,0,5.75,5.76,5.69,5.64,VMS 1,,Tanque,,1.62,1.92,2.04,2.04,2.43,2.34,4.41,6.12
17/11/2022 06:48 p. m.,Ordeño,05:45,16.74,4,,,,,0,,1.32,1.56,1.50,1.62,0,0,0,0,5.90,5.85,5.65,5.52,VMS 1,,Tanque,,1.80,2.04,1.86,2.16,4.23,3.94,3.10,5.47
18/11/2022 02:10 a. m.,Ordeño,05:44,18.72,1,,,,,0,,1.44,1.62,1.44,1.68,0,0,0,0,6.31,6.12,6.06,5.97,VMS 1,,Tanque,,1.86,1.98,1.92,2.16,4.62,4.37,4.08,5.65
18/11/2022 01:44 p. m.,Ordeño,08:12,11.21,2,,,"DD,TD","DD,TD",0,,1.68,0.00,1.74,0.00,0,0,0,0,5.81,0.00,5.49,0.00,VMS 1,,Tanque,,2.10,0.00,2.16,0.00,6.45,0.00,4.76,0.00
19/11/2022 01:33 a. m.,Ordeño,06:15,22.90,1,,TD,,,0,,1.56,1.80,1.56,1.80,0,0,0,0,5.61,5.44,5.35,5.24,VMS 1,,Tanque,,2.04,2.40,2.16,2.28,4.65,6.78,4.71,6.76
19/11/2022 07:05 p. m.,Ordeño,08:58,29.38,2,,,,,0,,1.56,1.74,1.62,1.50,0,0,0,0,6.20,5.96,5.77,5.78,VMS 1,,Tanque,,2.16,2.28,2.22,2.22,6.81,7.16,6.54,8.87
20/11/2022 03:50 a. m.,Ordeño,06:35,19.75,1,,,,,0,,1.32,1.56,1.44,1.62,0,0,0,0,5.88,5.61,5.34,5.48,VMS 1,,Tanque,,1.74,2.04,1.92,2.16,4.87,4.74,3.95,6.19
20/11/2022 12:33 p. m.,Ordeño,06:40,18.22,2,,,,,0,,1.20,1.44,1.38,1.56,0,0,0,0,5.52,5.29,5.28,5.07,VMS 1,,Tanque,,1.68,1.86,1.74,1.98,4.28,4.69,4.18,5.07
20/11/2022 10:43 p. m.,Ordeño,07:15,22.22,3,,TD,,,0,,1.44,1.62,1.50,1.50,0,0,0,0,5.68,5.50,5.40,5.46,VMS 1,,Tanque,,1.92,2.04,1.92,2.10,5.01,5.29,4.53,7.39
21/11/2022 04:46 a. m.,Ordeño,05:48,13.13,1,,TD,,,0,,1.32,1.68,1.38,1.50,0,0,0,0,5.62,5.48,5.56,5.45,VMS 1,,Tanque,,1.92,2.04,1.80,1.92,3.21,3.29,2.70,3.93
21/11/2022 09:52 p. m.,Ordeño,08:36,30.42,2,,,,,0,,1.62,1.74,1.62,1.74,0,0,0,0,6.07,5.74,5.73,5.79,VMS 1,,Tanque,,2.22,2.16,2.16,2.46,7.27,7.08,6.47,9.60
22/11/2022 08:55 a. m.,Ordeño,06:26,16.73,1,,,,,0,,1.50,1.44,1.50,1.44,0,0,0,0,5.12,5.10,4.92,5.09,VMS 1,,Tanque,,2.04,1.74,2.04,1.98,3.82,4.36,3.48,5.07
22/11/2022 04:34 p. m.,Ordeño,05:52,15.92,2,,,,,0,,1.56,1.74,1.50,1.56,0,0,0,0,5.94,5.82,5.53,5.62,VMS 1,,Tanque,,1.98,2.22,1.98,1.92,3.30,3.69,3.37,5.56
22/11/2022 11:45 p. m.,Ordeño,05:18,15.81,3,,,,,0,,1.50,1.68,1.62,1.56,0,0,0,0,5.72,5.64,5.40,5.61,VMS 1,,Tanque,,1.92,2.16,2.04,1.98,3.25,4.08,3.34,5.14
23/11/2022 04:49 a. m.,Ordeño,05:11,12.16,1,,,,,0,,1.32,1.50,1.14,1.44,0,0,0,0,5.75,5.88,5.61,5.74,VMS 1,,Tanque,,1.86,1.98,1.74,2.04,2.85,3.05,2.55,3.71
23/11/2022 10:44 a. m.,Ordeño,05:42,14.60,2,,,,,0,,1.32,1.74,1.14,1.62,0,0,0,0,6.04,6.04,5.96,5.87,VMS 1,,Tanque,,1.86,2.16,1.74,2.04,3.47,3.48,2.95,4.70
23/11/2022 11:12 p. m.,Ordeño,07:27,25.51,3,,,,,0,,1.62,1.80,1.62,1.50,0,0,0,0,6.02,5.89,5.67,5.87,VMS 1,,Tanque,,2.04,2.16,2.16,1.98,5.78,6.30,5.39,8.04
24/11/2022 08:04 a. m.,Ordeño,06:38,18.81,1,,,,,0,,1.62,1.86,1.62,1.56,0,0,0,0,5.71,5.54,5.32,5.34,VMS 1,,Tanque,,1.98,2.64,2.04,2.16,4.53,4.57,3.99,5.72
24/11/2022 05:22 p. m.,Ordeño,07:01,22.46,2,,,,,0,,1.50,1.80,1.62,1.62,0,0,0,0,5.95,5.93,5.73,5.44,VMS 1,,Tanque,,1.92,2.22,1.98,2.22,5.40,5.61,4.48,6.97
25/11/2022 04:31 a. m.,Ordeño,07:03,23.96,1,,,,,0,,1.44,1.80,1.50,1.62,0,0,0,0,5.68,5.54,5.45,5.24,VMS 1,,Tanque,,1.92,2.40,2.04,2.28,5.65,5.74,5.12,7.45
25/11/2022 03:32 p. m.,Ordeño,07:55,22.08,2,,,,,0,,1.38,1.62,1.44,1.38,0,0,0,0,5.48,5.40,5.25,5.31,VMS 1,,Tanque,,1.80,2.04,1.86,2.04,5.18,5.46,4.35,7.09
26/11/2022 12:48 a. m.,Ordeño,06:27,19.46,1,,,,,0,,1.38,1.62,1.38,1.50,0,0,0,0,5.28,5.15,5.13,4.81,VMS 1,,Tanque,,1.86,2.28,1.92,2.04,4.39,4.94,3.97,6.16
26/11/2022 07:58 a. m.,Ordeño,06:06,15.71,2,,,,,0,,1.14,1.44,1.32,1.44,0,0,0,0,5.54,5.56,5.40,5.40,VMS 1,,Tanque,,1.62,1.92,1.74,1.92,3.65,4.06,3.07,4.93
26/11/2022 06:16 p. m.,Ordeño,06:20,22.03,3,,,,,0,,1.50,1.56,1.38,1.68,0,0,0,0,5.63,5.58,5.42,5.21,VMS 1,,Tanque,,1.86,1.86,1.80,2.28,5.23,5.11,4.71,6.98
26/11/2022 11:56 p. m.,Ordeño,04:28,11.20,1,,,,,0,,1.50,1.44,1.26,1.32,0,0,0,0,5.17,4.99,4.89,4.92,VMS 1,,Tanque,,1.92,1.92,1.62,1.86,2.70,2.73,2.33,3.44
27/11/2022 07:27 a. m.,Ordeño,05:50,15.54,1,,,,,0,,1.26,1.56,1.44,1.50,0,0,0,0,5.10,5.10,4.97,4.66,VMS 1,,Tanque,,1.86,1.98,1.86,1.98,3.34,3.89,2.95,5.36
27/11/2022 05:26 p. m.,Ordeño,06:39,20.36,2,,,,,0,,1.44,1.56,1.50,1.44,0,0,0,0,5.22,5.24,4.98,4.92,VMS 1,,Tanque,,1.98,1.98,2.16,2.10,4.33,5.25,4.14,6.64
28/11/2022 02:30 a. m.,Ordeño,06:38,19.83,1,,,,,0,,1.50,1.62,1.38,1.44,0,0,0,0,5.20,5.32,5.01,5.04,VMS 1,,Tanque,,1.98,2.16,1.86,1.98,4.15,5.05,4.10,6.53
28/11/2022 01:25 p. m.,Ordeño,06:46,21.24,2,,,,,0,,1.44,1.56,1.44,1.50,0,0,0,0,5.21,5.20,4.93,4.83,VMS 1,,Tanque,,2.10,2.10,1.92,2.10,5.18,5.42,4.09,6.55
28/11/2022 11:57 p. m.,Ordeño,07:56,18.57,1,,,,,0,,1.38,1.44,1.50,1.44,0,0,0,0,5.16,5.08,4.85,4.74,VMS 1,,Tanque,,1.86,1.80,2.04,1.92,4.29,4.44,3.76,6.08
29/11/2022 10:26 a. m.,Ordeño,06:58,22.80,2,,,,,0,,1.44,1.68,1.50,1.56,0,0,0,0,5.78,5.88,5.58,5.34,VMS 1,,Tanque,,1.92,2.28,2.04,2.16,4.55,5.98,4.76,7.51
30/11/2022 12:38 a. m.,Ordeño,07:12,24.70,1,,,,,0,,1.44,1.62,1.62,1.62,0,0,0,0,5.66,5.67,5.45,5.27,VMS 1,,Tanque,,1.86,2.04,2.16,2.34,5.63,5.79,5.32,7.96
30/11/2022 08:02 a. m.,Ordeño,05:02,14.65,2,,,,,0,,1.38,1.62,1.38,1.50,0,0,0,0,5.39,5.27,4.97,4.80,VMS 1,,Tanque,,1.92,2.10,1.86,2.16,3.41,3.73,3.05,4.46
30/11/2022 05:55 p. m.,Ordeño,06:49,21.73,3,,,,,0,,1.44,1.50,1.62,1.68,0,0,0,0,5.65,5.53,5.33,5.08,VMS 1,,Tanque,,1.98,1.92,2.04,2.16,4.93,5.17,4.45,7.18
30/11/2022 11:00 p. m.,Ordeño,05:07,10.79,4,,TI,,,0,,1.20,1.32,1.14,1.50,0,0,0,0,5.37,5.39,5.21,5.13,VMS 1,,Tanque,,1.68,1.68,1.62,2.16,2.64,2.81,1.92,3.42
01/12/2022 08:29 a. m.,Ordeño,07:19,18.82,1,,TD,,,0,,1.44,1.62,1.50,1.44,0,0,0,0,5.86,5.72,5.75,5.72,VMS 1,,Tanque,,1.98,2.22,1.98,2.04,4.63,4.74,4.13,5.32
01/12/2022 04:05 p. m.,Ordeño,05:43,16.45,2,,,,,0,,1.38,1.44,1.32,1.74,0,0,0,0,5.37,5.25,5.20,5.22,VMS 1,,Tanque,,1.86,1.98,1.80,2.46,3.71,3.62,2.83,6.29
01/12/2022 10:26 p. m.,Ordeño,05:05,13.83,3,,,,,0,,1.26,1.56,1.26,1.68,0,0,0,0,5.52,5.40,5.24,5.08,VMS 1,,Tanque,,1.80,1.86,1.92,2.16,3.26,3.36,3.17,4.04
02/12/2022 07:29 a. m.,Ordeño,07:39,19.08,1,,,,,0,,1.44,1.50,1.38,1.74,0,0,0,0,5.39,5.33,5.10,4.95,VMS 1,,Tanque,,1.92,1.80,1.92,2.40,4.18,4.65,3.84,6.41
02/12/2022 06:37 p. m.,Ordeño,06:04,19.86,2,,,,,0,,1.44,1.62,1.56,1.56,0,0,0,0,5.06,5.16,4.85,4.70,VMS 1,,Tanque,,1.92,1.92,1.92,2.04,4.64,5.13,3.85,6.24
03/12/2022 02:16 a. m.,Ordeño,05:42,12.81,1,,,,,0,,1.02,1.44,1.38,1.44,0,0,0,0,4.66,4.88,4.71,4.65,VMS 1,,Tanque,,1.68,1.80,1.80,1.92,2.80,3.34,2.65,4.02
03/12/2022 02:19 p. m.,Ordeño,05:54,19.22,2,,,,,0,,1.50,1.68,1.62,1.68,0,0,0,0,4.92,4.93,4.71,4.67,VMS 1,,Tanque,,2.04,2.16,2.16,2.28,4.17,4.43,4.29,6.33
03/12/2022 11:49 p. m.,Ordeño,05:18,15.25,3,,,,,0,,1.50,1.50,1.56,1.50,0,0,0,0,4.84,4.80,4.50,4.81,VMS 1,,Tanque,,1.98,2.04,2.22,1.92,3.24,4.00,3.40,4.61
04/12/2022 09:37 a. m.,Ordeño,06:24,17.64,1,,,,,0,,1.20,1.44,1.44,1.62,0,0,0,0,5.13,4.92,4.98,4.81,VMS 1,,Tanque,,1.68,1.80,1.98,2.28,4.02,4.20,3.43,5.99
04/12/2022 03:26 p. m.,Ordeño,05:28,7.07,2,,,TD,TD,0,,1.26,1.38,1.44,0.00,0,0,0,0,5.27,5.18,5.05,0.00,VMS 1,,Tanque,,1.74,1.74,1.86,0.00,2.35,2.57,2.15,0.00
05/12/2022 01:09 a. m.,Ordeño,06:42,17.96,1,,,,,0,,1.26,1.56,1.50,1.62,0,0,0,0,4.99,5.07,4.96,4.61,VMS 1,,Tanque,,1.74,1.86,1.92,2.34,3.46,4.12,3.50,6.88
05/12/2022 10:24 a. m.,Ordeño,05:42,16.05,2,,,,,0,,1.44,1.74,1.56,1.38,0,0,0,0,5.26,5.13,4.98,5.07,VMS 1,,Tanque,,2.16,2.22,2.22,1.74,3.76,3.95,3.61,4.73
05/12/2022 06:22 p. m.,Ordeño,04:54,12.12,3,,,,,0,,1.32,1.56,1.38,1.56,0,0,0,0,5.12,5.08,4.97,4.73,VMS 1,,Tanque,,1.86,2.04,1.80,2.22,2.93,2.65,2.49,4.05
06/12/2022 01:52 a. m.,Ordeño,05:19,12.78,1,,,,,0,,1.26,1.50,1.32,1.44,0,0,0,0,5.26,5.18,5.24,5.15,VMS 1,,Tanque,,1.68,1.92,1.74,2.04,3.18,3.09,2.73,3.78
06/12/2022 02:27 p. m.,Ordeño,06:13,21.23,2,,,,,0,,1.44,1.62,1.56,1.68,0,0,0,0,5.77,5.59,5.48,5.34,VMS 1,,Tanque,,1.92,2.04,2.10,2.28,4.85,5.12,4.27,6.99
07/12/2022 04:01 a. m.,Ordeño,07:18,24.45,1,,"DI,DD",,,0,,1.44,1.56,1.50,1.56,0,0,0,0,5.35,5.30,5.15,4.97,VMS 1,,Tanque,,1.86,1.98,2.16,2.10,5.17,6.11,5.12,8.05
07/12/2022 05:03 p. m.,Ordeño,07:11,23.03,2,,,,,0,,1.56,1.68,1.38,1.62,0,0,0,0,5.46,5.24,5.25,5.22,VMS 1,,Tanque,,2.10,2.34,1.86,2.40,5.47,5.56,4.44,7.56
08/12/2022 12:53 a. m.,Ordeño,04:51,12.47,1,,,,,0,,1.32,1.44,1.38,1.50,0,0,0,0,4.95,5.00,4.74,4.81,VMS 1,,Tanque,,1.74,1.80,1.86,2.10,2.63,3.30,2.54,4.00
08/12/2022 04:06 p. m.,Ordeño,07:05,24.78,2,,,,,0,,1.74,1.68,1.50,1.56,0,0,0,0,5.81,5.48,5.53,5.62,VMS 1,,Tanque,,2.22,2.16,1.98,2.16,6.02,5.79,5.41,7.56
08/12/2022 11:38 p. m.,Ordeño,07:40,14.60,3,,,,,0,,1.20,1.44,1.14,1.62,0,0,0,0,5.15,5.13,4.92,4.97,VMS 1,,Tanque,,1.62,1.98,1.68,2.40,3.61,3.49,2.87,4.63
09/12/2022 01:28 p. m.,Ordeño,06:39,24.28,1,,,,,0,,1.62,1.62,1.80,1.80,0,0,0,0,5.82,5.32,5.72,5.78,VMS 1,,Tanque,,2.34,2.10,2.34,2.46,4.91,6.64,4.97,7.76
09/12/2022 06:59 p. m.,Ordeño,04:49,10.62,2,,,,,0,,1.14,1.68,1.14,1.50,0,0,0,0,5.36,5.41,5.31,5.48,VMS 1,,Tanque,,1.68,2.22,1.68,1.86,2.45,2.79,2.13,3.25
10/12/2022 01:48 a. m.,Ordeño,05:01,13.51,1,,,,,0,,1.38,1.56,1.44,1.50,0,0,0,0,5.76,5.68,5.35,5.25,VMS 1,,Tanque,,1.86,1.98,1.98,1.98,2.79,3.65,2.78,4.29
10/12/2022 07:03 a. m.,Ordeño,04:40,11.04,2,,,,,0,,1.20,1.44,1.26,1.44,0,0,0,0,5.77,5.73,5.50,5.84,VMS 1,,Tanque,,1.68,1.80,1.80,2.04,2.44,2.87,2.24,3.49
10/12/2022 05:53 p. m.,Ordeño,06:31,21.95,3,,,,,0,,1.50,1.80,1.50,1.68,0,0,0,0,6.18,5.88,5.98,6.01,VMS 1,,Tanque,,1.98,2.34,1.92,2.28,5.12,5.38,4.37,7.08
11/12/2022 02:40 a. m.,Ordeño,06:22,19.07,1,,,,,0,,1.44,1.74,1.44,1.74,0,0,0,0,5.68,5.60,5.48,5.48,VMS 1,,Tanque,,1.86,2.16,1.92,2.28,4.47,4.71,3.92,5.97
11/12/2022 01:13 p. m.,Ordeño,05:59,21.56,2,,TD,,,0,,1.68,1.62,1.62,1.80,0,0,0,0,5.63,5.47,5.20,5.21,VMS 1,,Tanque,,2.22,2.10,2.10,2.82,4.58,5.76,4.11,7.11
11/12/2022 06:56 p. m.,Ordeño,04:15,9.49,3,,,,,0,,1.32,1.56,1.32,1.56,0,0,0,0,5.08,5.07,4.92,4.83,VMS 1,,Tanque,,1.80,1.92,1.86,2.10,1.91,2.43,2.08,3.07
12/12/2022 03:36 a. m.,Ordeño,06:02,18.45,1,,,,,0,,1.50,1.74,1.38,1.68,0,0,0,0,5.63,5.54,5.32,5.41,VMS 1,,Tanque,,2.04,2.22,1.92,2.34,4.15,4.29,4.03,5.98
12/12/2022 03:33 p. m.,Ordeño,07:24,24.33,2,,,,,0,,1.80,1.62,1.50,1.68,0,0,0,0,5.40,5.49,5.35,5.32,VMS 1,,Tanque,,2.28,2.16,1.98,2.22,5.62,6.01,4.90,7.80
12/12/2022 11:40 p. m.,Ordeño,05:42,16.40,3,,,,,0,,1.50,1.38,1.44,1.50,0,0,0,0,5.33,5.33,5.22,5.16,VMS 1,,Tanque,,1.98,1.80,1.86,2.16,3.83,4.19,3.14,5.24
13/12/2022 07:22 a. m.,Ordeño,06:20,16.85,1,,,,,0,,1.56,1.44,1.38,1.38,0,0,0,0,5.47,5.46,5.27,5.37,VMS 1,,Tanque,,2.04,1.86,1.92,1.98,3.66,4.35,3.40,5.44
13/12/2022 06:43 p. m.,Ordeño,06:02,19.54,2,,,,,0,,1.50,1.56,1.56,1.68,0,0,0,0,5.42,5.40,5.33,5.29,VMS 1,,Tanque,,2.34,1.98,2.10,2.22,3.56,5.16,4.06,6.76
14/12/2022 02:20 a. m.,Ordeño,06:18,17.11,1,,,,,0,,1.62,1.62,1.38,1.44,0,0,0,0,5.97,5.96,5.88,5.84,VMS 1,,Tanque,,2.04,2.22,1.74,1.92,3.57,4.41,3.43,5.70
14/12/2022 04:32 p. m.,Ordeño,09:04,17.56,2,,,TD,TD,0,,1.50,1.62,1.38,0.00,0,0,0,0,5.85,5.87,5.58,0.00,VMS 1,,Tanque,,2.34,2.10,1.92,0.00,5.69,6.82,5.05,0.00
15/12/2022 02:12 a. m.,Ordeño,06:57,22.63,1,,,,,0,,1.50,1.68,1.44,1.80,0,0,0,0,5.63,5.63,5.35,5.17,VMS 1,,Tanque,,1.86,2.10,2.04,2.52,4.95,5.18,4.31,8.19
15/12/2022 09:44 a. m.,Ordeño,05:14,14.84,2,,,,,0,,1.56,1.50,1.32,1.38,0,0,0,0,5.31,5.35,5.14,4.76,VMS 1,,Tanque,,2.22,1.98,1.80,1.98,3.55,4.05,3.27,3.97
15/12/2022 07:17 p. m.,Ordeño,05:34,16.57,3,,,,,0,,1.56,1.44,1.38,1.44,0,0,0,0,5.50,5.45,5.31,5.25,VMS 1,,Tanque,,2.10,1.86,1.86,1.86,4.16,4.12,3.62,4.67
16/12/2022 03:26 a. m.,Ordeño,05:56,19.08,1,,,,,0,,1.50,1.44,1.32,1.50,0,0,0,0,5.70,5.73,5.60,5.36,VMS 1,,Tanque,,2.22,1.86,1.74,2.04,4.06,4.84,4.35,5.83
16/12/2022 05:55 p. m.,Ordeño,08:07,18.84,2,,,DI,DI,0,,0.00,1.44,1.26,1.56,0,0,0,0,0.00,5.56,5.32,5.48,VMS 1,,Tanque,,0.00,1.86,1.68,2.40,0.00,6.14,5.12,7.58
17/12/2022 08:18 a. m.,Ordeño,08:05,25.70,1,,,,,0,,1.44,1.62,1.56,1.68,0,0,0,0,5.04,5.22,4.96,5.07,VMS 1,,Tanque,,2.04,2.04,2.10,2.28,5.47,6.74,5.12,8.37
18/12/2022 12:18 a. m.,Ordeño,07:23,26.39,1,,,,,0,,1.50,1.62,1.44,1.62,0,0,0,0,5.69,5.69,5.50,5.30,VMS 1,,Tanque,,1.86,2.10,1.92,2.22,5.49,7.18,5.77,7.95
18/12/2022 11:26 a. m.,Ordeño,05:56,18.91,2,,,,,0,,1.44,1.50,1.44,1.50,0,0,0,0,5.34,5.17,4.79,4.94,VMS 1,,Tanque,,1.92,1.92,1.92,2.16,3.95,5.15,3.91,5.90
18/12/2022 11:35 p. m.,Ordeño,06:19,20.99,3,,,,,0,,1.50,1.56,1.44,1.56,0,0,0,0,5.31,5.16,5.05,4.92,VMS 1,,Tanque,,2.16,1.92,1.86,2.10,4.58,5.42,4.37,6.62
19/12/2022 08:02 a. m.,Ordeño,06:32,16.26,1,,,,,0,,1.26,1.68,1.44,1.44,0,0,0,0,5.33,5.23,5.10,5.31,VMS 1,,Tanque,,1.80,2.16,1.92,1.98,3.54,4.03,3.31,5.38
19/12/2022 09:42 p. m.,Ordeño,07:35,23.22,2,,,,,0,,1.68,1.56,1.62,1.50,0,0,0,0,5.50,5.33,5.08,5.27,VMS 1,,Tanque,,2.16,2.04,2.04,2.04,5.14,5.92,4.78,7.38
20/12/2022 11:14 a. m.,Ordeño,07:43,25.20,1,,,,,0,,1.62,1.68,1.62,1.50,0,0,0,0,5.47,5.56,5.10,5.18,VMS 1,,Tanque,,2.04,2.10,2.22,2.52,5.12,6.84,5.20,8.04
20/12/2022 07:40 p. m.,Ordeño,06:01,16.84,2,,,,,0,,1.50,1.44,1.14,1.38,0,0,0,0,5.08,5.27,5.04,4.98,VMS 1,,Tanque,,1.92,1.86,1.74,1.98,3.89,4.24,3.44,5.27
21/12/2022 03:47 a. m.,Ordeño,05:51,15.88,1,,,,,0,,1.38,1.50,1.26,1.50,0,0,0,0,5.28,5.20,5.10,4.98,VMS 1,,Tanque,,1.80,2.04,1.80,2.34,3.63,4.05,3.08,5.12
21/12/2022 10:50 a. m.,Ordeño,05:29,13.66,2,,,,,0,,1.50,1.56,1.38,1.38,0,0,0,0,5.48,5.32,5.24,5.13,VMS 1,,Tanque,,1.92,1.98,1.92,1.86,2.89,3.38,2.80,4.59
21/12/2022 04:44 p. m.,Ordeño,04:59,10.26,3,,,,,0,,1.44,1.44,1.32,1.26,0,0,0,0,5.29,5.19,5.13,5.10,VMS 1,,Tanque,,1.98,1.80,1.80,1.80,2.34,2.58,2.14,3.20
22/12/2022 03:08 a. m.,Ordeño,06:23,19.83,1,,,,,0,,1.44,1.50,1.44,1.68,0,0,0,0,5.47,5.40,5.26,4.97,VMS 1,,Tanque,,1.80,1.92,1.98,2.22,4.73,4.67,4.06,6.37
22/12/2022 06:20 p. m.,Ordeño,07:10,22.85,2,,,,,0,,1.62,1.50,1.38,1.50,0,0,0,0,5.52,5.46,5.32,5.21,VMS 1,,Tanque,,1.98,1.98,1.86,2.16,5.13,5.86,4.69,7.17
23/12/2022 04:20 a. m.,Ordeño,07:28,17.94,1,,,,,0,,1.38,1.44,1.38,1.50,0,0,0,0,5.25,5.09,4.98,4.92,VMS 1,,Tanque,,1.86,1.80,1.98,2.10,4.25,4.39,3.67,5.63
23/12/2022 10:11 a. m.,Ordeño,04:51,10.15,2,,,,,0,,1.14,1.38,1.14,1.44,0,0,0,0,5.31,5.21,5.11,5.00,VMS 1,,Tanque,,1.68,2.04,1.62,2.04,2.21,2.59,2.04,3.31
23/12/2022 03:37 p. m.,Ordeño,05:02,8.35,3,,,,,0,,1.20,1.38,0.90,1.14,0,0,0,0,5.37,5.21,5.13,5.06,VMS 1,,Tanque,,1.68,1.80,1.38,1.74,2.01,2.12,1.64,2.58
23/12/2022 11:53 p. m.,Ordeño,05:58,13.72,4,,,,,0,,1.38,1.44,1.26,1.50,0,0,0,0,5.22,4.92,4.95,4.60,VMS 1,,Tanque,,1.86,1.92,1.68,1.92,3.16,3.33,2.92,4.31
24/12/2022 01:39 p. m.,Ordeño,07:31,24.33,1,,,,,0,,1.68,1.68,1.44,1.56,0,0,0,0,5.66,5.52,5.33,5.14,VMS 1,,Tanque,,2.10,2.10,1.92,2.16,5.59,6.15,5.07,7.52
25/12/2022 02:32 p. m.,Ordeño,06:37,13.89,2,,,,,0,,1.14,1.44,1.02,1.92,0,0,0,0,5.03,4.92,4.84,5.05,VMS 1,,Tanque,,1.68,1.92,1.50,2.58,2.02,2.36,1.86,7.65
25/12/2022 11:45 p. m.,Ordeño,06:07,16.31,3,,,,,0,,1.26,1.32,1.20,1.50,0,0,0,0,5.31,5.20,5.08,4.84,VMS 1,,Tanque,,1.68,1.68,1.68,2.10,3.89,4.43,3.44,4.55
26/12/2022 10:00 a. m.,Ordeño,06:17,18.19,1,,,,,0,,1.62,1.50,1.38,1.32,0,0,0,0,5.65,5.55,5.44,5.40,VMS 1,,Tanque,,2.10,1.98,1.92,1.74,4.11,4.96,3.84,5.28
27/12/2022 04:32 a. m.,Ordeño,07:38,28.17,1,,,,,0,,1.62,1.68,1.68,1.68,0,0,0,0,5.71,5.47,5.40,5.40,VMS 1,,Tanque,,1.98,2.10,2.28,2.28,6.46,6.87,6.63,8.21
27/12/2022 03:26 p. m.,Ordeño,06:22,17.96,2,,,,,0,,1.50,1.26,1.26,1.44,0,0,0,0,5.38,5.34,5.28,5.24,VMS 1,,Tanque,,2.16,1.62,1.80,2.04,4.01,4.82,3.76,5.37
28/12/2022 03:46 a. m.,Ordeño,06:26,20.02,1,,,,,0,,1.68,1.38,1.56,1.62,0,0,0,0,5.40,5.23,5.18,5.10,VMS 1,,Tanque,,2.22,1.74,2.28,2.28,4.61,5.02,4.40,5.99
28/12/2022 05:18 p. m.,Ordeño,07:46,25.27,2,,,,,0,,1.68,1.56,1.44,1.50,0,0,0,0,5.73,5.78,5.72,5.62,VMS 1,,Tanque,,2.10,2.10,2.04,1.98,5.43,6.90,5.20,7.74
29/12/2022 08:29 a. m.,Ordeño,08:05,26.35,1,,,,,0,,1.80,1.62,1.62,1.62,0,0,0,0,5.73,5.64,5.43,5.57,VMS 1,,Tanque,,2.22,2.10,2.22,2.34,5.46,7.27,5.57,8.05
29/12/2022 05:36 p. m.,Ordeño,06:42,16.61,2,,,,,0,,1.38,1.56,1.50,1.38,0,0,0,0,5.63,5.67,5.42,5.40,VMS 1,,Tanque,,1.86,2.10,2.04,1.86,3.12,4.64,3.32,5.53
29/12/2022 10:47 p. m.,Ordeño,05:41,11.34,3,,,,,0,,1.44,1.38,1.14,1.26,0,0,0,0,5.45,5.62,5.54,5.37,VMS 1,,Tanque,,1.98,1.92,1.68,1.86,2.70,2.73,2.30,3.61
30/12/2022 01:20 p. m.,Ordeño,07:33,24.43,1,,,,,0,,1.86,1.68,1.44,1.56,0,0,0,0,5.69,5.85,5.66,5.65,VMS 1,,Tanque,,2.46,2.34,1.86,2.10,5.37,6.61,4.53,7.92
30/12/2022 10:46 p. m.,Ordeño,06:50,18.29,2,,,,,0,,1.44,1.44,1.38,1.38,0,0,0,0,5.74,5.45,5.32,5.47,VMS 1,,Tanque,,1.86,2.04,1.98,1.92,4.26,4.62,3.58,5.83
31/12/2022 06:59 a. m.,Ordeño,06:15,17.60,1,,,,,0,,1.44,1.50,1.38,1.44,0,0,0,0,5.89,5.67,5.44,5.31,VMS 1,,Tanque,,1.92,1.92,1.80,1.92,3.70,4.50,3.48,5.92
31/12/2022 04:39 p. m.,Ordeño,06:57,19.18,2,,,,,0,,1.50,1.50,1.44,1.38,0,0,0,0,5.76,5.47,5.43,5.38,VMS 1,,Tanque,,1.92,1.92,1.98,1.98,3.99,4.92,4.17,6.10
01/01/2023 12:07 a. m.,Ordeño,07:21,16.04,1,,,,,0,,1.38,1.44,1.26,1.44,0,0,0,0,5.60,5.35,4.82,5.26,VMS 1,,Tanque,,1.98,1.92,1.74,2.10,3.63,4.04,3.11,5.26
01/01/2023 09:12 a. m.,Ordeño,06:07,19.71,2,,,,,0,,1.44,1.44,1.62,1.68,0,0,0,0,5.90,5.65,5.43,5.39,VMS 1,,Tanque,,1.98,2.04,2.10,2.22,4.16,5.30,4.02,6.23
02/01/2023 02:00 a. m.,Ordeño,09:39,32.35,1,,,,,0,,1.44,1.56,1.56,1.62,0,0,0,0,5.10,5.38,4.62,5.26,VMS 1,,Tanque,,1.98,2.04,2.28,2.34,7.33,7.26,8.52,9.24
02/01/2023 01:51 p. m.,Ordeño,07:04,21.14,2,,,,,0,,1.56,1.74,1.62,1.68,0,0,0,0,5.21,5.17,4.68,4.97,VMS 1,,Tanque,,2.10,2.28,2.10,2.34,4.94,4.62,4.92,6.66
03/01/2023 03:39 a. m.,Ordeño,06:34,24.87,1,,,,,0,,1.50,1.56,1.86,1.80,0,0,0,0,5.28,5.18,4.66,4.99,VMS 1,,Tanque,,1.92,1.98,2.52,2.34,5.22,5.77,5.84,8.04
03/01/2023 11:20 a. m.,Ordeño,05:27,16.04,2,,,,,0,,1.56,1.38,1.74,1.50,0,0,0,0,5.19,4.97,4.92,4.82,VMS 1,,Tanque,,2.16,1.86,2.28,2.04,3.11,4.30,3.42,5.21
03/01/2023 05:38 p. m.,Ordeño,04:39,13.13,3,,,,,0,,1.32,1.68,1.50,1.68,0,0,0,0,5.21,5.38,5.24,5.34,VMS 1,,Tanque,,1.80,2.16,2.04,2.22,2.74,3.14,3.05,4.20
03/01/2023 10:21 p. m.,Ordeño,03:53,9.69,4,,,,,0,,1.32,1.56,1.38,1.62,0,0,0,0,5.29,5.39,5.21,5.21,VMS 1,,Tanque,,1.80,1.92,2.10,2.10,2.10,2.30,2.13,3.16
04/01/2023 06:42 a. m.,Ordeño,05:51,18.54,1,,,,,0,,1.38,1.50,1.50,1.62,0,0,0,0,5.54,5.53,5.20,5.57,VMS 1,,Tanque,,1.80,1.92,2.16,2.10,4.06,4.44,4.33,5.71
04/01/2023 06:21 p. m.,Ordeño,06:37,21.74,2,,,,,0,,1.56,1.80,1.68,1.62,0,0,0,0,5.51,5.45,5.34,5.47,VMS 1,,Tanque,,2.10,2.22,2.34,2.10,5.01,5.24,4.75,6.74
05/01/2023 01:00 a. m.,Ordeño,05:35,13.74,1,,,,,0,,1.44,1.26,1.38,1.50,0,0,0,0,5.05,4.39,5.07,4.73,VMS 1,,Tanque,,1.98,1.86,1.98,2.22,2.63,3.68,3.15,4.28
05/01/2023 02:42 p. m.,Ordeño,07:15,27.28,2,,,,,0,,1.68,1.80,1.62,1.74,0,0,0,0,5.69,5.60,5.54,5.49,VMS 1,,Tanque,,2.16,2.40,2.34,2.28,6.20,6.94,5.94,8.20
06/01/2023 12:08 a. m.,Ordeño,06:10,18.52,1,,,,,0,,1.44,1.62,1.50,1.50,0,0,0,0,5.15,5.08,5.00,5.00,VMS 1,,Tanque,,2.10,2.04,2.04,2.10,4.13,4.82,4.11,5.46
06/01/2023 06:23 p. m.,Ordeño,07:48,30.85,2,,,,,0,,1.68,1.74,1.80,1.74,0,0,0,0,5.56,5.52,5.40,5.35,VMS 1,,Tanque,,2.10,2.22,2.46,2.28,6.57,7.21,7.96,9.11
07/01/2023 03:58 a. m.,Ordeño,06:31,20.03,1,,,,,0,,1.26,1.44,1.44,1.38,0,0,0,0,5.03,5.09,4.87,4.91,VMS 1,,Tanque,,1.62,1.86,2.16,1.98,4.62,5.12,4.63,5.66
07/01/2023 05:10 p. m.,Ordeño,07:05,23.40,2,,,,,0,,1.56,1.50,1.74,1.62,0,0,0,0,5.10,5.15,5.12,4.94,VMS 1,,Tanque,,2.04,1.98,2.34,2.34,4.75,6.11,5.42,7.12
07/01/2023 10:39 p. m.,Ordeño,05:01,10.96,3,,,,,0,,1.14,1.56,1.08,1.38,0,0,0,0,5.16,5.41,5.21,5.12,VMS 1,,Tanque,,1.74,1.98,1.56,1.86,2.38,2.66,2.32,3.60
08/01/2023 08:22 a. m.,Ordeño,06:20,20.54,1,,,,,0,,1.44,1.74,1.50,1.44,0,0,0,0,5.23,5.40,5.34,5.20,VMS 1,,Tanque,,1.92,2.34,2.10,1.86,4.33,5.50,4.87,5.84
08/01/2023 03:14 p. m.,Ordeño,05:54,15.31,2,,,,,0,,1.32,1.68,1.44,1.38,0,0,0,0,5.44,5.59,5.37,5.38,VMS 1,,Tanque,,1.74,2.22,1.92,1.86,3.49,3.55,3.35,4.92
08/01/2023 09:40 p. m.,Ordeño,05:03,12.01,3,,,,,0,,1.32,1.56,1.26,1.56,0,0,0,0,4.96,5.11,5.24,4.79,VMS 1,,Tanque,,1.74,1.98,1.80,2.04,2.78,2.89,2.60,3.74
09/01/2023 07:58 a. m.,Ordeño,07:29,22.01,1,,,,,0,,1.26,1.44,1.56,1.44,0,0,0,0,5.37,4.98,5.41,4.74,VMS 1,,Tanque,,1.86,1.98,2.22,1.92,4.26,5.61,4.99,7.15
09/01/2023 04:54 p. m.,Ordeño,06:13,17.42,2,,,,,0,,1.38,1.86,1.56,1.38,0,0,0,0,5.18,5.08,5.13,5.12,VMS 1,,Tanque,,1.86,2.34,2.16,1.86,3.76,4.10,4.33,5.23
09/01/2023 09:39 p. m.,Ordeño,04:12,9.46,3,,,,,0,,1.20,1.44,1.26,1.44,0,0,0,0,5.04,5.02,5.24,4.92,VMS 1,,Tanque,,1.80,1.86,1.92,2.16,2.09,2.39,2.01,2.97
10/01/2023 12:57 p. m.,Ordeño,07:46,29.18,1,,,,,0,,1.68,1.80,1.50,1.80,0,0,0,0,5.59,5.70,5.71,5.32,VMS 1,,Tanque,,2.16,2.28,1.92,2.52,6.49,7.88,5.94,8.87
10/01/2023 09:39 p. m.,Ordeño,06:06,16.37,2,,,,,0,,1.50,1.62,1.44,1.62,0,0,0,0,5.04,5.01,5.12,4.79,VMS 1,,Tanque,,2.10,1.98,1.92,2.28,3.76,4.06,3.37,5.18
11/01/2023 04:41 a. m.,Ordeño,05:44,14.34,1,,,,,0,,1.38,1.56,1.32,1.50,0,0,0,0,4.91,4.94,5.07,4.84,VMS 1,,Tanque,,1.86,1.98,1.98,2.16,3.02,3.69,3.10,4.53
11/01/2023 01:33 p. m.,Ordeño,05:53,16.12,2,,,,,0,,1.44,1.56,1.50,1.86,0,0,0,0,5.03,5.15,5.30,4.82,VMS 1,,Tanque,,1.92,1.98,1.98,2.52,3.19,4.34,3.65,4.94
11/01/2023 10:54 p. m.,Ordeño,09:06,18.98,3,,,,,0,,1.38,1.56,1.74,0.96,0,0,0,0,4.98,5.04,4.96,3.90,VMS 1,,Tanque,,1.86,1.98,2.28,1.32,3.80,4.87,4.38,5.93
12/01/2023 07:03 a. m.,Ordeño,05:57,18.00,1,,,,,0,,1.26,1.62,1.62,1.68,0,0,0,0,5.17,5.31,5.17,4.91,VMS 1,,Tanque,,1.80,2.04,2.28,2.16,3.86,4.34,4.29,5.51
12/01/2023 01:55 p. m.,Ordeño,05:47,15.40,2,,,,,0,,1.50,1.68,1.50,1.44,0,0,0,0,5.41,5.44,5.46,5.20,VMS 1,,Tanque,,2.04,2.28,2.22,1.98,3.20,3.78,3.42,5.00
13/01/2023 01:10 a. m.,Ordeño,07:22,23.97,1,,,,,0,,1.50,1.68,1.68,1.62,0,0,0,0,5.18,5.30,5.24,5.05,VMS 1,,Tanque,,1.98,2.10,2.28,2.16,5.09,6.26,5.28,7.34
13/01/2023 09:59 a. m.,Ordeño,07:59,20.88,2,,,,,0,TI,1.08,1.44,1.62,1.14,0,0,0,0,4.91,4.71,5.37,3.97,VMS 1,,Tanque,,1.74,1.92,2.28,1.56,4.35,5.50,4.53,6.50
13/01/2023 03:44 p. m.,Ordeño,05:00,11.23,3,,,,,0,,1.08,1.62,1.26,1.38,0,0,0,0,5.14,5.31,5.18,5.07,VMS 1,,Tanque,,1.68,2.28,1.74,1.80,2.59,2.72,2.56,3.36
14/01/2023 12:34 a. m.,Ordeño,06:31,17.71,1,,,,,0,,1.44,1.56,1.62,1.50,0,0,0,0,4.97,5.06,5.00,4.80,VMS 1,,Tanque,,1.92,1.92,2.28,2.04,3.76,4.39,4.17,5.39
14/01/2023 04:31 p. m.,Ordeño,11:53,21.01,2,,,TI,TI,0,,1.68,1.68,0.00,1.74,0,0,0,0,5.32,5.19,0.00,5.09,VMS 1,,Tanque,,2.16,2.28,0.00,2.40,5.99,6.62,0.00,8.40
15/01/2023 01:50 a. m.,Ordeño,09:29,15.63,1,,,TI,TI,0,,1.02,1.56,0.00,1.44,0,0,0,0,4.99,5.11,0.00,4.98,VMS 1,,Tanque,,1.74,2.04,0.00,1.86,4.81,5.27,0.00,5.55
15/01/2023 03:30 p. m.,Ordeño,07:37,25.31,2,,,,,0,,1.44,1.62,1.56,1.32,0,0,0,0,5.05,5.56,5.36,4.93,VMS 1,,Tanque,,2.16,2.16,2.04,2.10,5.23,6.14,6.16,7.78
16/01/2023 04:39 a. m.,Ordeño,06:27,13.13,1,,,,,0,,1.08,1.56,1.14,1.56,0,0,0,0,4.96,5.00,4.62,4.85,VMS 1,,Tanque,,1.56,2.04,1.62,2.10,2.29,2.56,1.42,6.86
16/01/2023 07:48 p. m.,Ordeño,16:22,28.66,2,,,,,0,"DI,DD",1.32,1.68,1.50,0.96,0,0,0,0,5.79,5.73,4.47,4.97,VMS 1,,Tanque,,2.04,2.04,1.98,1.50,5.70,7.05,6.66,9.25
17/01/2023 11:34 p. m.,Ordeño,04:49,10.12,3,,,,,0,,1.02,1.56,1.38,1.62,0,0,0,0,5.25,5.23,5.19,5.03,VMS 1,,Tanque,,1.50,2.04,2.22,2.10,2.37,2.71,1.97,3.07
18/01/2023 05:19 p. m.,Ordeño,07:26,30.15,1,,,,,0,,1.68,1.68,1.68,1.80,0,0,0,0,5.71,5.61,5.69,5.43,VMS 1,,Tanque,,2.10,2.28,2.22,2.28,6.92,7.57,6.22,9.44
19/01/2023 06:11 a. m.,Ordeño,06:42,23.91,1,,,,,0,,1.44,1.62,1.62,1.80,0,0,0,0,5.31,5.36,5.47,5.03,VMS 1,,Tanque,,1.92,2.16,2.16,2.34,5.25,6.20,4.81,7.65
19/01/2023 11:46 a. m.,Ordeño,04:56,10.64,2,,,,,0,,1.02,1.50,1.32,1.50,0,0,0,0,5.05,5.24,5.16,4.92,VMS 1,,Tanque,,1.50,2.04,1.98,2.16,2.27,2.69,2.37,3.31
19/01/2023 06:02 p. m.,Ordeño,06:17,12.81,3,,,,,0,,1.38,1.50,1.56,1.62,0,0,0,0,5.31,5.45,5.22,5.33,VMS 1,,Tanque,,1.92,1.92,2.16,2.34,2.81,3.29,2.67,4.04
20/01/2023 11:30 a. m.,Ordeño,09:04,28.97,1,,,,,0,,1.68,1.68,1.56,1.68,0,0,0,0,5.32,5.21,5.16,5.48,VMS 2,,Tanque,,2.16,2.28,1.92,2.22,7.05,7.64,5.40,8.88
20/01/2023 07:56 p. m.,Ordeño,06:32,16.32,2,,,,,0,,1.32,1.50,1.68,1.44,0,0,0,0,5.14,4.99,4.93,4.91,VMS 1,,Tanque,,1.92,1.92,2.10,1.86,3.55,4.19,3.73,4.85
21/01/2023 03:53 a. m.,Ordeño,05:41,16.59,1,,,,,0,,1.32,1.44,1.62,1.50,0,0,0,0,5.27,5.14,5.09,5.07,VMS 1,,Tanque,,1.86,1.86,2.22,1.92,3.50,4.18,3.79,5.12
21/01/2023 11:36 a. m.,Ordeño,05:20,16.39,2,,,,,0,,1.38,1.56,1.56,1.62,0,0,0,0,5.49,5.62,5.49,5.37,VMS 1,,Tanque,,1.80,2.16,2.10,2.16,3.74,4.06,3.36,5.23
21/01/2023 04:59 p. m.,Ordeño,04:59,12.18,3,,,,,0,,1.20,1.50,1.56,1.62,0,0,0,0,5.62,5.64,5.42,5.30,VMS 1,,Tanque,,1.74,1.98,2.22,2.10,2.78,2.86,2.83,3.71
22/01/2023 02:11 a. m.,Ordeño,06:51,20.19,1,,,,,0,,1.44,1.44,1.62,1.62,0,0,0,0,5.73,5.55,5.51,5.65,VMS 1,,Tanque,,1.80,2.04,2.28,2.16,4.75,4.62,4.62,6.20
22/01/2023 09:00 a. m.,Ordeño,05:35,14.04,2,,,,,0,,1.26,1.44,1.32,1.56,0,0,0,0,5.31,5.28,5.24,5.21,VMS 1,,Tanque,,1.74,1.92,1.86,2.04,3.25,3.45,3.15,4.19
22/01/2023 07:04 p. m.,Ordeño,07:32,19.66,3,,,,,0,,1.26,1.50,1.56,1.62,0,0,0,0,5.13,5.22,5.26,4.96,VMS 1,,Tanque,,1.74,1.92,2.10,2.10,4.36,4.82,4.38,6.10
23/01/2023 04:25 a. m.,Ordeño,08:31,19.60,1,,,,,0,,1.32,1.50,1.44,1.56,0,0,0,0,5.19,5.28,5.21,5.10,VMS 1,,Tanque,,1.86,1.86,1.92,2.10,4.51,4.88,4.21,6.00
23/01/2023 11:51 a. m.,Ordeño,05:41,15.46,2,,,,,0,,1.32,1.50,1.50,1.74,0,0,0,0,5.31,5.53,5.40,5.20,VMS 1,,Tanque,,1.98,1.92,2.04,2.34,3.53,3.71,3.41,4.81
23/01/2023 11:48 p. m.,Ordeño,07:42,23.25,3,,,,,0,,1.56,1.50,1.56,1.68,0,0,0,0,5.16,5.15,5.02,4.98,VMS 1,,Tanque,,2.04,2.04,2.16,2.28,5.24,5.39,5.37,7.25
24/01/2023 09:01 a. m.,Ordeño,08:02,19.27,1,,,,,0,,1.38,1.50,1.50,1.38,0,0,0,0,5.29,5.33,5.26,5.28,VMS 1,,Tanque,,1.92,1.92,1.98,1.86,4.35,5.09,3.88,5.95
24/01/2023 06:43 p. m.,Ordeño,06:07,18.25,2,,,,,0,,1.32,1.50,1.44,1.44,0,0,0,0,5.47,5.35,5.34,5.01,VMS 1,,Tanque,,1.74,1.98,1.92,2.04,3.96,4.37,4.41,5.51
25/01/2023 01:57 a. m.,Ordeño,05:46,15.03,1,,,,,0,,1.26,1.44,1.56,1.44,0,0,0,0,5.05,5.10,5.03,4.86,VMS 1,,Tanque,,1.68,1.98,2.22,2.16,3.00,3.79,3.46,4.78
25/01/2023 02:36 p. m.,Ordeño,06:10,22.80,2,,,,,0,,1.50,1.80,1.56,2.04,0,0,0,0,5.20,5.23,5.20,4.80,VMS 1,,Tanque,,1.98,2.22,1.98,2.76,5.23,5.08,5.15,7.34
25/01/2023 10:39 p. m.,Ordeño,06:58,16.19,3,,,,,0,,1.20,1.38,1.56,1.38,0,0,0,0,4.80,4.88,4.72,4.62,VMS 1,,Tanque,,1.74,1.68,2.10,1.92,3.70,3.77,3.74,4.98
26/01/2023 07:56 a. m.,Ordeño,07:03,20.25,1,,,,,0,,1.38,1.56,1.62,1.56,0,0,0,0,5.31,5.28,5.04,4.93,VMS 1,,Tanque,,1.86,2.04,2.22,2.04,4.20,5.30,4.33,6.42
26/01/2023 02:34 p. m.,Ordeño,06:26,13.51,2,,,,,0,,1.08,1.56,1.44,1.32,0,0,0,0,5.16,5.29,5.14,4.98,VMS 1,,Tanque,,1.56,2.22,1.98,1.86,2.96,3.44,2.84,4.27
26/01/2023 09:43 p. m.,Ordeño,06:09,14.39,3,,,,,0,,1.14,1.20,1.38,1.50,0,0,0,0,4.95,4.96,4.88,4.65,VMS 1,,Tanque,,1.62,1.56,1.86,1.98,3.12,3.58,3.21,4.48
27/01/2023 06:54 a. m.,Ordeño,07:02,19.03,1,,,,,0,,1.32,1.56,1.38,1.38,0,0,0,0,5.33,5.28,5.20,5.09,VMS 1,,Tanque,,1.86,2.04,1.86,1.74,3.74,4.88,4.10,6.31
27/01/2023 03:20 p. m.,Ordeño,06:11,14.49,2,,,,,0,,1.26,1.62,1.56,1.26,0,0,0,0,5.06,5.20,5.09,5.09,VMS 1,,Tanque,,1.80,1.98,2.10,1.62,2.90,4.03,2.97,4.59
28/01/2023 01:31 a. m.,Ordeño,08:56,15.67,1,,,TI,TI,0,,1.08,1.56,0.00,1.80,0,0,0,0,5.19,5.21,0.00,5.01,VMS 1,,Tanque,,1.74,2.04,0.00,2.58,4.13,4.83,0.00,6.71
28/01/2023 01:23 p. m.,Ordeño,07:15,24.66,2,,,,,0,,1.38,1.50,1.56,1.50,0,0,0,0,5.56,5.48,4.95,5.25,VMS 1,,Tanque,,1.80,1.98,2.10,1.98,5.62,5.42,6.32,7.30
28/01/2023 10:41 p. m.,Ordeño,07:21,17.28,3,,,,,0,,1.32,1.56,1.38,1.44,0,0,0,0,5.14,5.06,4.76,5.01,VMS 1,,Tanque,,1.74,1.92,1.86,1.86,4.02,3.92,3.67,5.67
29/01/2023 07:47 a. m.,Ordeño,07:28,19.74,1,,,,,0,,1.38,1.62,1.62,1.62,0,0,0,0,5.35,5.30,5.23,4.89,VMS 1,,Tanque,,1.92,1.92,2.10,2.04,4.35,4.77,3.96,6.66
29/01/2023 01:44 p. m.,Ordeño,05:47,12.73,2,,,,,0,,1.26,1.44,1.44,1.32,0,0,0,0,5.48,5.43,5.37,5.37,VMS 1,,Tanque,,1.68,1.80,1.86,1.68,2.71,3.29,2.69,4.04
29/01/2023 07:19 p. m.,Ordeño,07:07,11.53,3,,,,,0,,1.14,1.44,1.44,1.20,0,0,0,0,5.36,5.29,5.30,5.22,VMS 1,,Tanque,,1.86,2.22,2.04,1.92,2.42,2.93,2.57,3.61
30/01/2023 01:47 a. m.,Ordeño,05:53,11.18,1,,,TI,TI,0,,1.20,1.38,0.00,1.44,0,0,0,0,5.36,5.33,0.00,4.91,VMS 1,,Tanque,,1.62,1.80,0.00,1.86,2.84,3.68,0.00,4.66
30/01/2023 11:38 a. m.,Ordeño,06:39,22.31,2,,,,,0,,1.44,1.56,1.50,1.50,0,0,0,0,5.68,5.72,5.65,5.60,VMS 1,,Tanque,,1.80,1.98,1.92,2.04,4.68,4.57,6.48,6.58
30/01/2023 09:21 p. m.,Ordeño,07:21,18.99,3,,,,,0,,1.32,1.50,1.32,1.50,0,0,0,0,5.47,5.35,5.11,5.18,VMS 2,,Tanque,,1.68,1.98,1.98,1.98,4.63,5.00,3.34,6.02
31/01/2023 07:02 a. m.,Ordeño,07:25,18.93,1,,,,,0,,1.14,1.38,1.32,1.38,0,0,0,0,5.03,4.98,4.81,4.87,VMS 2,,Tanque,,1.50,1.74,1.80,1.80,4.32,4.76,3.55,6.30
31/01/2023 02:03 p. m.,Ordeño,06:09,12.97,2,,,,,0,,1.14,1.32,1.14,1.32,0,0,0,0,5.22,5.01,4.86,4.81,VMS 2,,Tanque,,1.62,1.80,1.56,1.92,2.84,3.49,2.33,4.31
01/02/2023 12:19 a. m.,Ordeño,07:12,21.26,1,,,,,0,,1.44,1.44,1.32,1.56,0,0,0,0,5.37,5.11,5.09,5.07,VMS 2,,Tanque,,1.92,1.80,1.68,2.16,5.00,5.58,4.05,6.63
01/02/2023 05:02 a. m.,Ordeño,05:27,9.48,2,,,,,0,,0.96,1.44,0.96,1.20,0,0,0,0,5.11,5.05,4.88,4.86,VMS 2,,Tanque,,1.50,1.80,1.44,1.80,2.13,2.52,1.72,3.11
01/02/2023 10:35 a. m.,Ordeño,09:42,7.22,3,,,DD,DD,0,,1.08,0.00,1.08,1.32,0,0,0,0,5.17,0.00,5.04,4.78,VMS 2,,Tanque,,1.44,0.00,1.50,1.86,2.00,0.00,1.84,3.38
01/02/2023 10:55 p. m.,Ordeño,09:07,25.27,4,,,,,0,,1.44,1.56,1.50,1.62,0,0,0,0,5.36,5.53,5.11,4.64,VMS 2,,Tanque,,1.86,2.10,1.92,2.22,6.23,6.36,5.03,7.65
02/02/2023 07:59 a. m.,Ordeño,07:44,19.37,1,,,,,0,,1.32,1.56,1.50,1.50,0,0,0,0,5.30,5.19,5.03,5.05,VMS 2,,Tanque,,1.86,1.92,1.92,2.04,4.66,4.66,3.94,6.11
02/02/2023 01:38 p. m.,Ordeño,05:23,11.21,2,,,,,0,,1.14,1.56,1.26,1.38,0,0,0,0,5.28,5.25,5.06,5.05,VMS 2,,Tanque,,1.62,2.22,1.68,1.80,2.69,2.66,2.16,3.70
03/02/2023 01:12 a. m.,Ordeño,07:46,22.84,1,,,,,0,,1.32,1.56,1.50,1.62,0,0,0,0,5.18,5.20,4.95,4.77,VMS 2,,Tanque,,1.80,2.04,1.86,2.16,5.16,5.63,4.43,7.62
03/02/2023 07:28 a. m.,Ordeño,05:39,11.68,2,,,,,0,,1.14,1.50,1.26,1.44,0,0,0,0,4.91,4.99,4.76,4.45,VMS 2,,Tanque,,1.74,1.98,1.68,2.04,2.90,2.99,2.11,3.68
03/02/2023 05:54 p. m.,Ordeño,07:58,19.62,3,,,,,0,,1.32,1.50,1.32,1.56,0,0,0,0,4.77,4.84,4.70,4.65,VMS 2,,Tanque,,1.80,1.86,1.80,2.16,4.58,4.73,3.88,6.43
04/02/2023 08:07 a. m.,Ordeño,10:35,24.65,1,,,,,0,,1.38,1.62,1.44,1.62,0,0,0,0,4.91,4.86,4.76,4.50,VMS 2,,Tanque,,1.92,2.04,1.98,2.28,6.08,5.82,4.94,7.81
04/02/2023 01:01 p. m.,Ordeño,04:32,8.32,2,,,,,0,,1.26,1.62,1.08,1.32,0,0,0,0,4.43,4.65,4.36,4.25,VMS 2,,Tanque,,1.68,2.16,1.50,1.98,2.03,1.97,1.50,2.82
04/02/2023 07:05 p. m.,Ordeño,06:04,10.77,3,,,,,0,,1.26,1.62,1.32,1.50,0,0,0,0,4.65,4.72,4.63,4.50,VMS 2,,Tanque,,1.62,2.22,1.68,1.92,2.43,2.71,2.14,3.49
05/02/2023 01:55 a. m.,Ordeño,06:38,14.23,1,,,,,0,,1.26,1.50,1.20,1.62,0,0,0,0,4.93,4.99,4.83,4.42,VMS 2,,Tanque,,1.86,1.92,1.56,2.16,3.26,3.53,2.79,4.65
05/02/2023 09:31 a. m.,Ordeño,05:49,14.87,2,,,,,0,,1.38,1.56,1.26,1.38,0,0,0,0,5.24,5.05,5.06,5.02,VMS 2,,Tanque,,1.92,1.98,1.62,1.80,3.67,4.12,2.69,4.39
05/02/2023 05:28 p. m.,Ordeño,06:02,15.26,3,,,,,0,,1.38,1.44,1.20,1.44,0,0,0,0,5.18,5.11,4.90,4.84,VMS 2,,Tanque,,1.86,1.86,1.62,1.98,3.52,3.85,2.77,5.12
06/02/2023 12:25 a. m.,Ordeño,06:11,13.06,1,,,,,0,,1.14,1.44,1.20,1.32,0,0,0,0,4.92,4.99,4.90,4.89,VMS 2,,Tanque,,1.56,1.92,1.62,1.86,3.01,3.21,2.36,4.48
06/02/2023 10:10 a. m.,Ordeño,07:41,19.84,2,,,,,0,,1.44,1.62,1.44,1.44,0,0,0,0,5.18,5.25,5.03,5.18,VMS 2,,Tanque,,1.98,1.98,1.86,1.92,4.61,5.20,3.71,6.32
06/02/2023 05:00 p. m.,Ordeño,04:52,12.03,3,,,,,0,,1.26,1.62,1.32,1.50,0,0,0,0,5.06,4.98,4.91,4.88,VMS 2,,Tanque,,1.74,2.04,1.74,1.86,2.76,2.99,2.34,3.94
06/02/2023 10:58 p. m.,Ordeño,05:35,12.12,4,,,,,0,,1.20,1.56,1.32,1.38,0,0,0,0,4.91,4.93,4.83,4.69,VMS 2,,Tanque,,1.68,1.86,1.80,1.80,2.78,2.96,2.41,3.97
07/02/2023 07:34 a. m.,Ordeño,07:58,19.43,1,,,,,0,,1.38,1.50,1.20,1.50,0,0,0,0,5.66,5.66,5.29,5.50,VMS 2,,Tanque,,1.92,2.04,1.56,1.98,4.56,5.11,3.52,6.24
07/02/2023 03:09 p. m.,Ordeño,06:04,15.27,2,,,,,0,,1.44,1.56,1.20,1.44,0,0,0,0,5.33,5.33,5.01,5.16,VMS 2,,Tanque,,1.98,2.04,1.68,2.22,3.68,3.85,2.76,4.98
08/02/2023 02:10 a. m.,Ordeño,08:04,23.53,1,,DI,,,0,,1.20,1.50,1.26,1.38,0,0,0,0,5.13,5.26,5.09,5.08,VMS 2,,Tanque,,1.62,1.98,1.68,1.92,4.97,6.10,4.52,7.94
08/02/2023 09:49 a. m.,Ordeño,06:50,16.79,2,,,,,0,,1.56,1.62,1.20,1.80,0,0,0,0,5.29,5.25,5.03,4.74,VMS 2,,Tanque,,2.16,2.16,1.68,2.46,4.48,4.02,2.92,5.37
08/02/2023 03:24 p. m.,Ordeño,05:01,10.18,3,,,,,0,,1.20,1.56,1.26,1.50,0,0,0,0,5.01,5.12,4.97,4.93,VMS 2,,Tanque,,1.80,2.04,1.68,2.04,2.50,2.40,2.00,3.28
09/02/2023 03:18 a. m.,Ordeño,08:11,24.76,1,,,,,0,,1.32,1.50,1.20,1.44,0,0,0,0,5.21,5.26,5.04,5.00,VMS 2,,Tanque,,1.74,1.86,1.56,1.86,5.28,6.50,4.71,8.27
09/02/2023 11:39 a. m.,Ordeño,06:28,16.17,2,,,,,0,,1.32,1.80,1.20,1.62,0,0,0,0,4.89,4.93,4.86,4.48,VMS 2,,Tanque,,1.92,2.16,1.62,2.16,3.66,4.34,2.98,5.19
09/02/2023 07:22 p. m.,Ordeño,05:49,13.58,3,,,,,0,,1.38,1.62,1.26,1.44,0,0,0,0,4.97,4.94,4.84,4.73,VMS 2,,Tanque,,1.92,2.04,1.74,2.10,3.25,3.30,2.69,4.34
10/02/2023 06:46 a. m.,Ordeño,08:29,24.15,1,,,,,0,,1.50,1.56,1.44,1.80,0,0,0,0,5.21,5.28,5.00,4.54,VMS 2,,Tanque,,1.92,2.16,1.98,2.64,4.84,6.41,4.56,8.34
10/02/2023 11:45 a. m.,Ordeño,05:43,9.55,2,,,,,0,,0.90,1.32,0.72,0.96,0,0,0,0,4.92,5.22,4.90,4.72,VMS 2,,Tanque,,1.38,1.92,1.14,1.50,2.23,2.57,1.62,3.13
10/02/2023 05:25 p. m.,Ordeño,05:48,11.19,3,,,,,0,,1.14,1.50,1.26,1.32,0,0,0,0,4.73,4.81,4.74,4.62,VMS 2,,Tanque,,1.56,1.92,1.68,1.80,2.51,2.92,2.18,3.58
11/02/2023 04:16 a. m.,Ordeño,11:00,17.40,1,,,TI,TI,0,,1.32,1.44,0.00,1.56,0,0,0,0,5.06,4.74,0.00,4.37,VMS 2,,Tanque,,1.80,1.86,0.00,2.16,4.91,5.38,0.00,7.11
11/02/2023 09:12 a. m.,Ordeño,05:47,14.40,2,,,,,0,,1.26,1.68,1.74,1.20,0,0,0,0,5.16,5.02,5.01,5.05,VMS 2,,Tanque,,1.74,2.28,2.22,1.74,2.63,2.72,5.66,3.39
11/02/2023 10:27 p. m.,Ordeño,07:35,27.09,3,,,,,0,,1.26,1.56,1.32,1.44,0,0,0,0,5.22,5.19,4.22,5.13,VMS 2,,Tanque,,1.68,1.98,1.80,1.80,6.40,6.81,5.04,8.84
12/02/2023 10:32 a. m.,Ordeño,06:21,24.47,1,,,,,0,,1.50,1.68,1.44,1.68,0,0,0,0,5.15,5.25,4.36,4.85,VMS 2,,Tanque,,2.04,2.28,1.92,2.28,5.95,6.18,4.60,7.74
12/02/2023 06:04 p. m.,Ordeño,06:03,13.50,2,,,,,0,,1.26,1.50,1.20,1.32,0,0,0,0,4.89,4.87,4.02,4.80,VMS 2,,Tanque,,1.68,1.98,1.56,1.86,3.11,3.59,2.40,4.40
13/02/2023 07:39 a. m.,Ordeño,07:38,27.41,1,,,,,0,,1.56,1.68,1.56,1.74,0,0,0,0,5.14,5.32,4.49,4.97,VMS 2,,Tanque,,2.04,2.10,2.04,2.58,6.00,7.05,5.31,9.05
13/02/2023 02:07 p. m.,Ordeño,05:13,11.19,2,,,,,0,DD,1.32,1.68,1.32,1.26,0,0,0,0,4.87,4.97,4.15,4.39,VMS 2,,Tanque,,1.98,2.10,1.80,1.74,2.59,2.84,2.07,3.69
14/02/2023 12:39 a. m.,Ordeño,07:12,20.82,1,,,,,0,,1.44,1.62,1.38,1.44,0,0,0,0,5.44,5.30,4.49,5.23,VMS 2,,Tanque,,1.86,2.10,1.80,1.98,4.94,5.13,3.91,6.84
14/02/2023 10:32 a. m.,Ordeño,07:50,20.14,2,,,,,0,DI,1.50,1.56,1.32,1.50,0,0,0,0,5.07,4.63,3.82,4.84,VMS 2,,Tanque,,1.92,2.16,1.86,2.10,4.71,5.01,3.93,6.49
14/02/2023 05:33 p. m.,Ordeño,05:14,13.45,3,,,,,0,,1.38,1.32,1.44,1.44,0,0,0,0,5.12,4.72,4.29,4.95,VMS 2,,Tanque,,1.92,2.04,1.86,1.98,3.11,3.54,2.57,4.23
15/02/2023 12:47 a. m.,Ordeño,06:25,14.89,1,,,,,0,,1.38,1.62,1.32,1.50,0,0,0,0,4.93,4.99,4.09,4.62,VMS 2,,Tanque,,1.92,2.04,1.68,2.10,3.49,3.80,2.74,4.86
15/02/2023 07:46 a. m.,Ordeño,06:50,14.81,2,,,,,0,,1.26,1.56,1.44,1.56,0,0,0,0,5.28,5.45,4.49,5.05,VMS 2,,Tanque,,1.74,1.98,1.80,2.10,3.60,3.59,2.84,4.78
15/02/2023 01:13 p. m.,Ordeño,06:42,8.97,3,,,,,0,,1.02,1.20,0.90,1.38,0,0,0,0,5.33,5.30,4.42,5.14,VMS 2,,Tanque,,1.56,1.92,1.50,1.80,2.53,2.53,1.87,2.04
16/02/2023 01:50 a. m.,Ordeño,09:05,25.12,1,,,,,0,"DI,DD",1.50,1.50,1.50,1.68,0,0,0,0,5.07,5.05,4.15,4.61,VMS 2,,Tanque,,2.10,1.98,2.16,2.34,5.31,6.57,4.85,8.39
16/02/2023 10:15 a. m.,Ordeño,06:58,18.18,2,,,,,0,,1.56,1.68,1.38,1.68,0,0,0,0,5.24,5.09,5.13,4.64,VMS 2,,Tanque,,1.98,2.28,1.80,2.46,4.34,4.47,3.51,5.86
16/02/2023 10:11 p. m.,Ordeño,08:33,25.14,3,,,,,0,,1.56,1.50,1.44,1.74,0,0,0,0,5.32,5.24,5.11,4.63,VMS 2,,Tanque,,2.04,2.04,1.92,2.28,6.08,6.25,4.89,7.92
17/02/2023 06:51 a. m.,Ordeño,08:46,14.30,1,,,TI,TI,0,,1.44,1.56,0.00,1.80,0,0,0,0,5.23,5.09,0.00,4.96,VMS 2,,Tanque,,1.98,2.22,0.00,2.46,4.13,4.60,0.00,5.57
17/02/2023 04:19 p. m.,Ordeño,06:35,20.00,2,,,,,0,,1.50,1.68,1.50,1.74,0,0,0,0,4.92,4.91,4.87,4.45,VMS 2,,Tanque,,1.98,2.04,1.98,2.46,4.35,4.45,5.49,5.71
18/02/2023 01:17 a. m.,Ordeño,07:10,17.37,1,,,,,0,,1.44,1.50,1.26,1.74,0,0,0,0,5.18,5.02,4.84,4.52,VMS 2,,Tanque,,1.92,1.92,1.68,2.40,4.23,4.42,2.95,5.77
18/02/2023 11:05 a. m.,Ordeño,06:48,19.10,2,,,,,0,,1.32,1.68,1.20,1.50,0,0,0,0,5.15,5.06,4.88,4.80,VMS 2,,Tanque,,1.92,2.28,1.74,2.10,4.64,4.97,3.27,6.22
18/02/2023 06:24 p. m.,Ordeño,06:59,11.97,3,,,,,0,,1.20,1.56,1.32,1.44,0,0,0,0,4.96,5.01,4.84,4.89,VMS 2,,Tanque,,1.68,2.10,1.74,1.86,2.81,3.24,2.14,3.78
19/02/2023 03:40 a. m.,Ordeño,07:05,16.56,1,,,,,0,,1.20,1.50,1.32,1.56,0,0,0,0,4.74,4.94,4.86,4.55,VMS 2,,Tanque,,1.68,1.92,1.68,2.10,3.86,4.30,3.16,5.24
19/02/2023 12:55 p. m.,Ordeño,06:14,17.56,2,,,,,0,,1.62,1.68,1.44,1.62,0,0,0,0,5.10,5.22,4.97,4.47,VMS 2,,Tanque,,2.10,2.10,1.74,2.58,4.07,4.60,3.23,5.66
19/02/2023 06:16 p. m.,Ordeño,05:25,8.86,3,,,,,0,,1.32,1.56,1.26,1.38,0,0,0,0,4.97,5.00,4.84,4.83,VMS 2,,Tanque,,1.80,2.10,1.56,1.74,2.01,2.24,1.73,2.88
20/02/2023 02:25 a. m.,Ordeño,06:58,4.87,1,,,"DI,DD,TI","DI,DD,TI",0,,0.00,0.00,0.00,1.56,0,0,0,0,0.00,0.00,0.00,4.95,VMS 2,,Tanque,,0.00,0.00,0.00,2.16,0.00,0.00,0.00,4.87
20/02/2023 02:17 p. m.,Ordeño,06:59,23.39,2,,,,,0,,1.68,1.68,1.74,1.74,0,0,0,0,5.30,5.06,4.87,4.80,VMS 2,,Tanque,,2.16,2.16,2.22,2.22,5.00,6.59,4.54,7.26
20/02/2023 09:15 p. m.,Ordeño,05:08,9.99,3,,,,,0,,1.08,1.44,1.20,1.32,0,0,0,0,4.62,4.68,4.59,4.53,VMS 2,,Tanque,,1.50,1.86,1.56,1.74,1.93,2.53,1.71,3.82
21/02/2023 03:07 a. m.,Ordeño,04:56,11.24,1,,,,,0,,1.26,1.62,1.32,1.38,0,0,0,0,5.04,4.99,4.82,4.78,VMS 2,,Tanque,,1.62,2.22,1.68,1.80,2.36,2.87,2.23,3.78
21/02/2023 08:05 a. m.,Ordeño,05:25,6.43,2,,DI,"DI,TI",TI,0,,1.20,1.50,0.00,1.38,0,0,0,0,4.62,5.17,0.00,5.05,VMS 2,,Tanque,,2.16,1.92,0.00,1.92,0.29,2.69,0.00,3.45
21/02/2023 02:10 p. m.,Ordeño,05:32,15.80,3,,,,,0,,1.74,1.68,1.38,1.62,0,0,0,0,5.77,5.50,5.45,5.26,VMS 2,,Tanque,,2.34,2.10,1.74,2.28,4.42,3.16,4.12,4.10
21/02/2023 07:13 p. m.,Ordeño,05:11,9.96,4,,,,,0,,1.50,1.50,1.26,1.62,0,0,0,0,5.48,5.51,5.31,5.07,VMS 2,,Tanque,,1.98,2.10,1.56,2.16,2.33,2.56,1.82,3.25
22/02/2023 06:44 a. m.,Ordeño,08:30,21.90,1,,,,,0,,1.68,1.68,1.38,1.56,0,0,0,0,5.42,5.27,5.16,5.05,VMS 2,,Tanque,,2.16,2.10,1.86,2.28,5.24,5.30,4.29,7.07
22/02/2023 02:47 p. m.,Ordeño,09:22,13.42,2,,,TI,TI,0,,1.44,1.62,0.00,1.68,0,0,0,0,5.30,5.17,0.00,4.77,VMS 2,,Tanque,,2.04,2.10,0.00,2.22,3.87,4.25,0.00,5.30
23/02/2023 12:07 a. m.,Ordeño,05:54,20.18,1,,,,,0,,1.68,1.44,1.50,1.86,0,0,0,0,5.29,5.25,5.25,4.78,VMS 2,,Tanque,,2.22,1.80,2.04,2.58,4.23,4.72,5.05,6.18
23/02/2023 10:49 a. m.,Ordeño,07:35,21.10,2,,,,,0,,1.68,1.74,1.56,1.74,0,0,0,0,5.27,5.20,5.04,4.79,VMS 2,,Tanque,,2.22,2.16,1.92,2.82,4.67,5.29,4.00,7.14
23/02/2023 03:49 p. m.,Ordeño,05:16,10.04,3,,,,,0,,1.20,1.38,1.08,1.44,0,0,0,0,5.06,5.13,4.93,4.72,VMS 2,,Tanque,,1.62,1.74,1.62,2.22,2.54,2.46,1.76,3.28
24/02/2023 12:29 a. m.,Ordeño,05:52,17.41,1,,,,,0,,1.56,1.62,1.38,1.74,0,0,0,0,5.16,5.13,5.06,4.83,VMS 2,,Tanque,,2.04,2.16,1.80,2.28,4.13,4.26,3.32,5.70
24/02/2023 06:50 a. m.,Ordeño,05:37,13.34,2,,,,,0,,1.26,1.50,1.32,1.56,0,0,0,0,5.22,5.18,5.13,4.63,VMS 2,,Tanque,,1.74,1.98,1.80,2.10,2.91,3.51,2.41,4.51
24/02/2023 05:06 p. m.,Ordeño,11:38,12.25,3,,,TD,TD,0,,1.68,1.62,1.32,0.00,0,0,0,0,5.33,5.26,5.16,0.00,VMS 2,,Tanque,,2.16,1.98,1.86,0.00,4.08,4.92,3.25,0.00
24/02/2023 10:38 p. m.,Ordeño,07:38,15.61,4,,,,,0,,1.50,1.50,1.38,1.80,0,0,0,0,5.01,4.95,4.74,4.74,VMS 2,,Tanque,,2.04,1.92,1.98,2.40,2.93,3.02,2.44,7.22
25/02/2023 04:57 a. m.,Ordeño,06:36,12.74,1,,,,,0,,1.38,1.56,1.26,1.44,0,0,0,0,5.00,5.00,4.92,4.45,VMS 2,,Tanque,,1.92,1.98,1.80,2.04,2.97,3.28,2.42,4.07
25/02/2023 03:59 p. m.,Ordeño,05:15,18.88,2,,,,,0,,1.68,1.80,1.62,1.74,0,0,0,0,5.16,4.97,4.84,4.66,VMS 2,,Tanque,,2.10,2.28,2.10,2.28,4.65,4.97,3.84,5.42
25/02/2023 10:57 p. m.,Ordeño,05:10,11.34,3,,,,,0,,1.50,1.32,1.14,1.38,0,0,0,0,4.56,4.49,4.49,4.28,VMS 2,,Tanque,,1.86,1.80,1.62,1.92,2.59,3.14,1.94,3.67
26/02/2023 07:24 a. m.,Ordeño,07:00,17.52,1,,,,,0,,1.44,1.50,1.26,1.56,0,0,0,0,5.24,5.18,5.13,4.88,VMS 2,,Tanque,,1.98,1.86,1.74,1.98,3.97,4.48,3.58,5.49
26/02/2023 05:12 p. m.,Ordeño,06:53,17.24,2,,,,,0,,1.62,1.62,1.26,1.62,0,0,0,0,5.18,5.10,5.05,4.77,VMS 2,,Tanque,,1.98,2.04,1.68,2.22,3.88,4.50,3.18,5.68
27/02/2023 02:18 a. m.,Ordeño,12:02,13.18,1,,,TI,TI,0,,1.44,1.50,0.00,1.68,0,0,0,0,5.33,5.20,0.00,4.77,VMS 2,,Tanque,,1.80,1.92,0.00,2.40,3.26,3.87,0.00,6.05
27/02/2023 01:43 p. m.,Ordeño,07:32,24.15,2,,,,,0,,1.68,1.80,1.50,1.62,0,0,0,0,5.18,5.13,5.49,4.64,VMS 2,,Tanque,,2.10,2.22,1.98,2.16,5.46,5.86,6.00,6.83
27/02/2023 07:37 p. m.,Ordeño,04:55,8.17,3,,,,,0,,1.20,1.50,1.20,1.32,0,0,0,0,5.04,4.93,5.01,4.92,VMS 1,,Tanque,,1.56,1.98,1.86,1.80,1.90,2.04,1.52,2.71
28/02/2023 08:04 a. m.,Ordeño,07:54,22.75,1,,,,,0,,1.68,1.74,1.62,1.62,0,0,0,0,5.37,5.27,5.21,5.26,VMS 1,,Tanque,,2.16,2.28,2.10,2.10,4.91,5.42,4.50,7.92
28/02/2023 02:57 p. m.,Ordeño,06:43,13.72,2,,,,,0,,1.44,1.62,1.50,1.38,0,0,0,0,5.41,5.35,5.27,5.34,VMS 1,,Tanque,,1.92,2.04,2.04,2.04,3.29,3.21,2.83,4.39
01/03/2023 03:39 a. m.,Ordeño,07:41,22.82,1,,,,,0,,1.62,1.62,1.26,1.50,0,0,0,0,5.35,5.10,5.15,4.71,VMS 2,,Tanque,,2.04,1.98,1.62,1.98,4.73,5.80,4.53,7.76
01/03/2023 10:16 a. m.,Ordeño,05:00,11.20,2,,,,,0,,1.56,1.26,1.26,1.50,0,0,0,0,5.05,5.12,4.95,4.58,VMS 2,,Tanque,,1.98,1.68,1.74,2.04,2.66,2.57,2.26,3.71
01/03/2023 04:37 p. m.,Ordeño,06:13,11.02,3,,,,,0,,1.26,1.38,1.08,1.32,0,0,0,0,4.93,4.90,4.93,4.73,VMS 2,,Tanque,,1.74,1.98,1.50,1.80,2.59,2.77,2.16,3.50
01/03/2023 11:52 p. m.,Ordeño,05:27,13.01,4,,,,,0,,1.44,1.50,1.20,1.50,0,0,0,0,4.95,4.90,4.79,4.66,VMS 2,,Tanque,,1.92,2.16,1.62,2.10,2.89,3.20,2.53,4.39
02/03/2023 07:38 a. m.,Ordeño,07:09,16.26,1,,,,,0,,1.62,1.62,1.20,1.62,0,0,0,0,5.54,5.43,5.35,4.92,VMS 2,,Tanque,,2.04,2.28,1.62,2.22,3.62,4.43,3.08,5.13
02/03/2023 05:11 p. m.,Ordeño,07:08,18.02,2,,,,,0,,1.44,1.68,1.32,1.56,0,0,0,0,5.27,5.19,5.09,5.02,VMS 2,,Tanque,,1.86,2.28,1.74,2.10,4.21,5.05,3.32,5.44
03/03/2023 04:06 a. m.,Ordeño,09:52,18.36,1,,,TI,TI,0,,1.62,1.92,0.00,1.74,0,0,0,0,5.20,5.11,0.00,4.62,VMS 2,,Tanque,,2.22,2.64,0.00,2.76,4.72,6.49,0.00,7.15
03/03/2023 01:14 p. m.,Ordeño,07:00,20.59,2,,,,,0,,1.50,1.80,1.32,1.44,0,0,0,0,5.32,5.26,5.11,4.74,VMS 2,,Tanque,,1.98,2.58,1.80,2.04,4.21,5.05,5.66,5.67
03/03/2023 10:56 p. m.,Ordeño,09:02,14.74,3,,,TI,TI,0,,1.38,1.92,0.00,1.62,0,0,0,0,5.04,4.98,0.00,4.64,VMS 2,,Tanque,,1.80,2.64,0.00,2.22,3.92,5.36,0.00,5.46
04/03/2023 03:29 a. m.,Ordeño,05:57,12.57,1,,,,,0,,1.20,1.56,1.32,1.38,0,0,0,0,5.05,4.97,5.01,4.80,VMS 2,,Tanque,,1.62,2.04,1.74,1.98,2.27,2.67,4.42,3.21
04/03/2023 10:26 a. m.,Ordeño,06:52,14.36,2,,,,,0,,1.38,1.68,1.14,1.62,0,0,0,0,5.40,5.35,5.12,5.10,VMS 2,,Tanque,,1.86,2.10,1.74,2.22,3.70,3.68,2.32,4.66
04/03/2023 10:39 p. m.,Ordeño,09:14,23.13,3,,,,,0,,1.50,1.68,1.26,1.74,0,0,0,0,5.20,5.21,5.10,4.72,VMS 2,,Tanque,,2.04,2.52,1.80,2.34,5.22,5.92,4.46,7.53
05/03/2023 03:26 p. m.,Ordeño,10:12,26.50,1,,,,,0,,1.50,1.74,1.56,1.80,0,0,0,0,5.44,5.40,5.26,4.74,VMS 2,,Tanque,,1.98,2.22,2.04,2.34,6.31,6.83,5.24,8.12
06/03/2023 01:32 a. m.,Ordeño,11:16,11.66,1,,DI,"DI,TI",TI,0,,0.90,1.86,0.00,1.68,0,0,0,0,4.69,5.22,0.00,4.60,VMS 2,,Tanque,,1.50,2.70,0.00,2.22,0.20,5.45,0.00,6.01
06/03/2023 10:10 a. m.,Ordeño,07:57,9.30,2,,,"DI,TI","DI,TI",0,,0.00,1.74,0.00,1.62,0,0,0,0,0.00,4.92,0.00,4.69,VMS 2,,Tanque,,0.00,2.52,0.00,2.22,0.00,4.42,0.00,4.88
07/03/2023 12:34 a. m.,Ordeño,07:48,27.02,1,,,,,0,,1.56,2.04,1.50,1.62,0,0,0,0,5.09,5.10,4.89,5.09,VMS 2,,Tanque,,1.98,2.70,1.98,2.16,5.73,7.12,5.87,8.30
07/03/2023 07:30 a. m.,Ordeño,05:02,11.42,2,,,,,0,,1.02,1.74,1.14,1.56,0,0,0,0,4.97,4.98,4.84,4.91,VMS 2,,Tanque,,1.62,2.34,1.68,2.10,1.79,3.79,1.56,4.28
07/03/2023 01:14 p. m.,Ordeño,06:01,7.98,3,,,,,0,,0.96,1.50,1.08,1.50,0,0,0,0,5.42,5.21,5.08,5.20,VMS 2,,Tanque,,1.56,2.10,1.62,2.04,1.42,2.22,1.36,2.98
08/03/2023 12:24 a. m.,Ordeño,07:40,18.00,1,,,,,0,,1.26,1.44,1.32,1.68,0,0,0,0,5.14,4.93,4.97,4.78,VMS 2,,Tanque,,1.74,2.16,1.74,2.28,3.12,5.20,3.12,6.56
08/03/2023 09:28 a. m.,Ordeño,06:37,17.86,2,,,,,0,,1.50,1.74,1.44,1.62,0,0,0,0,5.66,5.28,5.29,5.21,VMS 2,,Tanque,,2.04,2.52,1.98,2.16,3.43,5.25,3.17,6.01
08/03/2023 07:07 p. m.,Ordeño,08:05,19.08,3,,,,,0,,1.50,1.74,1.44,1.62,0,0,0,0,5.94,5.48,5.54,5.35,VMS 2,,Tanque,,1.98,2.28,1.86,2.28,3.94,5.09,3.68,6.37
09/03/2023 02:49 a. m.,Ordeño,05:35,15.58,1,,,,,0,,1.26,1.68,1.26,1.62,0,0,0,0,5.59,5.18,5.19,5.15,VMS 2,,Tanque,,1.68,2.34,1.62,2.22,3.41,4.08,2.96,5.13
09/03/2023 02:24 p. m.,Ordeño,07:42,20.73,2,,,,,0,,1.44,1.74,1.38,1.68,0,0,0,0,5.70,5.39,5.36,4.99,VMS 2,,Tanque,,1.92,2.34,1.80,2.34,4.68,5.21,3.86,6.98
10/03/2023 01:39 a. m.,Ordeño,08:08,20.36,1,,,,,0,,1.38,1.56,1.38,1.68,0,0,0,0,5.15,4.67,5.03,4.65,VMS 2,,Tanque,,1.86,2.10,1.74,2.22,4.23,5.50,3.98,6.65
10/03/2023 11:48 a. m.,Ordeño,08:17,17.65,2,,,,,0,,1.38,1.68,1.32,1.68,0,0,0,0,5.27,5.07,5.07,4.56,VMS 2,,Tanque,,1.80,2.10,1.80,2.28,3.79,4.68,3.47,5.71
10/03/2023 05:18 p. m.,Ordeño,06:19,10.93,3,,,,,0,,1.26,1.62,1.20,1.44,0,0,0,0,5.14,5.13,5.07,4.89,VMS 2,,Tanque,,1.92,2.04,1.62,1.92,2.54,2.83,1.89,3.67
11/03/2023 06:35 a. m.,Ordeño,08:35,25.99,1,,,,,0,,1.56,1.80,1.38,1.92,0,0,0,0,5.58,5.35,5.29,4.81,VMS 2,,Tanque,,2.04,2.46,1.74,2.46,6.19,6.00,5.32,8.48
11/03/2023 01:11 p. m.,Ordeño,06:24,11.69,2,,,,,0,,1.26,1.74,1.20,1.74,0,0,0,0,5.12,4.98,5.02,4.50,VMS 2,,Tanque,,1.98,2.46,1.68,2.28,2.80,3.02,2.06,3.81
12/03/2023 01:04 a. m.,Ordeño,06:43,20.86,1,,,,,0,,1.38,1.74,1.32,1.74,0,0,0,0,4.97,5.02,4.93,4.57,VMS 2,,Tanque,,1.92,2.10,1.68,2.28,4.75,4.97,4.37,6.77
12/03/2023 02:42 p. m.,Ordeño,08:27,24.91,2,,,,,0,,1.56,1.80,1.44,1.74,0,0,0,0,5.18,5.15,5.13,4.84,VMS 2,,Tanque,,1.98,2.28,1.98,2.64,5.32,6.75,4.79,8.05
13/03/2023 12:00 a. m.,Ordeño,08:42,13.63,1,,,TI,TI,0,,1.14,1.80,0.00,1.68,0,0,0,0,4.78,4.90,0.00,4.79,VMS 2,,Tanque,,1.80,2.46,0.00,2.16,3.85,4.50,0.00,5.28
13/03/2023 10:18 a. m.,Ordeño,06:38,22.92,2,,,,,0,,1.50,1.92,1.68,1.62,0,0,0,0,5.37,5.29,5.19,5.12,VMS 2,,Tanque,,1.92,2.40,2.10,2.22,4.87,5.16,6.07,6.82
13/03/2023 06:28 p. m.,Ordeño,06:03,14.23,3,,,,,0,,1.20,1.68,1.20,1.74,0,0,0,0,4.98,4.97,4.72,4.63,VMS 2,,Tanque,,1.74,2.16,1.62,2.28,3.49,3.64,2.49,4.61
14/03/2023 02:49 a. m.,Ordeño,06:22,14.85,1,,,,,0,,1.32,1.56,1.20,1.62,0,0,0,0,4.93,4.97,4.86,4.54,VMS 2,,Tanque,,1.92,1.92,1.68,2.10,3.50,3.82,2.83,4.70
14/03/2023 04:40 p. m.,Ordeño,08:39,23.64,2,,,,,0,,1.62,1.92,1.50,1.80,0,0,0,0,5.45,5.36,5.35,4.95,VMS 2,,Tanque,,2.10,2.46,1.92,2.46,6.03,5.62,4.90,7.09
14/03/2023 10:21 p. m.,Ordeño,04:25,8.40,3,,,,,0,,1.32,1.50,1.26,1.56,0,0,0,0,4.71,4.76,4.80,4.62,VMS 2,,Tanque,,1.80,1.92,1.68,2.34,1.98,2.16,1.56,2.70
15/03/2023 05:56 a. m.,Ordeño,07:49,13.21,1,,,,,0,,1.14,1.74,1.14,1.56,0,0,0,0,4.92,5.00,4.89,4.81,VMS 2,,Tanque,,1.68,2.28,1.56,2.04,3.18,3.31,2.61,4.11
15/03/2023 06:58 p. m.,Ordeño,08:28,25.61,2,,,,,0,,1.44,1.74,1.38,1.80,0,0,0,0,5.47,5.36,5.22,5.06,VMS 2,,Tanque,,1.80,2.22,1.98,2.40,6.03,6.31,5.12,8.15
16/03/2023 03:33 a. m.,Ordeño,08:27,17.38,1,,,,,0,,1.44,1.56,1.20,1.68,0,0,0,0,5.07,5.11,5.02,4.83,VMS 2,,Tanque,,1.92,2.04,2.04,2.04,3.96,4.58,3.38,5.46
16/03/2023 10:06 a. m.,Ordeño,05:07,13.08,2,,,,,0,,1.38,1.68,1.26,1.74,0,0,0,0,5.49,5.47,5.31,5.18,VMS 2,,Tanque,,1.86,2.16,1.68,2.58,2.87,3.40,2.50,4.31
16/03/2023 05:38 p. m.,Ordeño,06:16,14.62,3,,,,,0,,1.32,1.62,1.32,1.74,0,0,0,0,5.21,5.22,5.14,4.80,VMS 2,,Tanque,,1.80,2.10,1.80,2.40,3.35,3.72,2.85,4.70
17/03/2023 06:55 a. m.,Ordeño,11:14,25.39,1,,,,,0,,1.44,1.62,1.20,1.74,0,0,0,0,5.33,5.24,5.13,5.00,VMS 2,,Tanque,,2.04,2.04,1.68,2.22,6.10,6.03,5.06,8.20
17/03/2023 07:16 p. m.,Ordeño,10:53,16.95,2,,,TI,TI,0,,1.32,1.80,0.00,1.80,0,0,0,0,5.24,4.97,0.00,4.53,VMS 2,,Tanque,,1.74,2.34,0.00,2.34,4.81,5.17,0.00,6.97
18/03/2023 04:37 a. m.,Ordeño,06:38,20.69,1,,,,,0,,1.32,1.62,1.50,1.74,0,0,0,0,4.90,4.99,5.01,4.53,VMS 2,,Tanque,,1.74,2.04,2.16,2.52,4.59,4.56,6.00,5.54
18/03/2023 01:44 p. m.,Ordeño,07:20,17.21,2,,,,,0,,1.20,1.68,1.26,1.62,0,0,0,0,4.95,4.95,4.79,4.94,VMS 2,,Tanque,,1.68,2.22,1.68,2.10,4.13,4.46,2.95,5.67
18/03/2023 11:06 p. m.,Ordeño,05:56,16.46,3,,,,,0,,1.32,1.56,1.32,1.68,0,0,0,0,5.01,4.97,4.84,4.82,VMS 2,,Tanque,,1.68,2.10,1.74,2.28,3.95,4.23,3.01,5.27
19/03/2023 01:13 p. m.,Ordeño,09:13,24.40,1,,,,,0,,1.62,1.98,1.44,1.98,0,0,0,0,5.18,4.98,5.05,4.82,VMS 2,,Tanque,,2.16,2.46,1.92,2.76,5.51,6.25,4.44,8.20
19/03/2023 09:58 p. m.,Ordeño,09:04,10.69,2,,,TI,TI,0,,1.26,1.56,0.06,1.68,0,0,0,0,4.71,4.51,2.68,4.18,VMS 2,,Tanque,,1.86,2.10,0.18,2.34,3.05,3.38,0.05,4.21
20/03/2023 02:23 a. m.,Ordeño,04:53,9.27,1,,,,,0,,0.84,1.26,1.26,1.44,0,0,0,0,4.58,4.79,4.80,4.58,VMS 2,,Tanque,,1.26,1.68,1.80,1.98,1.82,1.85,3.16,2.44
20/03/2023 03:20 p. m.,Ordeño,07:20,23.43,2,,,,,0,,1.62,1.80,1.44,1.98,0,0,0,0,5.31,5.21,5.13,4.92,VMS 2,,Tanque,,2.04,2.34,1.86,2.46,5.62,5.53,4.76,7.52
21/03/2023 01:14 a. m.,Ordeño,06:54,15.23,1,,,,,0,,1.26,1.50,1.20,1.74,0,0,0,0,4.65,4.52,4.51,4.13,VMS 2,,Tanque,,1.80,1.80,1.62,2.34,3.56,3.76,2.74,5.17
21/03/2023 03:17 p. m.,Ordeño,10:13,23.06,2,,,,,0,,1.50,1.68,1.38,1.80,0,0,0,0,5.50,5.45,5.32,5.09,VMS 2,,Tanque,,1.98,2.28,1.98,2.52,4.61,6.56,4.04,7.85
22/03/2023 04:09 a. m.,Ordeño,09:40,19.54,1,,TI,,,0,,1.32,1.74,1.50,1.56,0,0,0,0,4.68,4.69,4.66,4.40,VMS 2,,Tanque,,1.68,2.28,2.22,2.16,4.30,4.99,4.31,5.94
22/03/2023 03:31 p. m.,Ordeño,06:24,19.31,2,,,,,0,,1.38,1.68,1.38,1.56,0,0,0,0,5.29,5.36,5.25,4.99,VMS 2,,Tanque,,1.74,2.28,1.74,2.04,3.96,5.24,3.64,6.47
23/03/2023 01:52 a. m.,Ordeño,05:42,15.42,1,,,,,0,,1.50,1.92,1.50,1.56,0,0,0,0,4.93,4.76,4.84,4.63,VMS 2,,Tanque,,1.98,2.28,1.98,1.98,3.41,3.91,2.89,5.21
23/03/2023 05:03 p. m.,Ordeño,08:32,21.23,2,,,,,0,,1.68,1.68,1.56,1.56,0,0,0,0,5.15,5.16,4.89,4.77,VMS 2,,Tanque,,2.10,2.16,2.04,1.98,5.12,5.19,4.04,6.88
24/03/2023 03:55 a. m.,Ordeño,06:35,14.91,1,,,,,0,,1.50,1.62,1.50,1.50,0,0,0,0,4.76,4.69,4.71,4.33,VMS 2,,Tanque,,1.98,2.22,1.92,2.10,3.39,3.81,2.93,4.78
24/03/2023 05:34 p. m.,Ordeño,07:57,22.76,2,,DI,,,0,,1.50,1.68,1.26,1.44,0,0,0,0,5.99,5.91,5.65,5.43,VMS 2,,Tanque,,2.22,2.16,1.68,2.04,5.05,5.69,4.59,7.43
25/03/2023 04:41 a. m.,Ordeño,08:15,20.27,1,,,,,0,,1.50,1.86,1.44,1.68,0,0,0,0,5.41,5.50,5.26,5.19,VMS 2,,Tanque,,1.98,2.28,1.86,2.22,4.86,4.79,4.16,6.46
25/03/2023 06:40 p. m.,Ordeño,09:17,19.17,2,,,TI,TI,0,,1.56,1.68,0.00,1.44,0,0,0,0,5.33,5.36,0.00,5.24,VMS 2,,Tanque,,2.34,2.22,0.00,1.92,5.28,5.91,0.00,7.98
25/03/2023 11:46 p. m.,Ordeño,06:09,12.43,3,,,,,0,,1.26,1.50,1.56,1.44,0,0,0,0,5.18,5.30,5.47,5.08,VMS 2,,Tanque,,1.74,2.04,1.98,1.80,1.92,2.02,5.81,2.68
26/03/2023 11:02 a. m.,Ordeño,10:18,13.49,1,,,TD,TD,0,,1.44,1.62,1.44,0.00,0,0,0,0,5.45,5.51,4.95,0.00,VMS 2,,Tanque,,1.80,2.22,1.98,0.00,4.55,5.12,3.82,0.00
27/03/2023 01:31 a. m.,Ordeño,08:32,23.62,1,,,,,0,,1.44,1.68,1.62,1.62,0,0,0,0,5.21,5.25,4.80,5.04,VMS 2,,Tanque,,1.98,2.10,2.22,2.10,4.68,6.13,4.26,8.55
27/03/2023 08:45 a. m.,Ordeño,05:32,9.58,2,,,,,0,,1.38,1.68,1.38,1.02,0,0,0,0,5.06,4.97,4.55,4.65,VMS 2,,Tanque,,2.04,2.22,1.92,1.62,2.43,3.08,2.02,2.05
29/03/2023 11:08 p. m.,Ordeño,05:55,8.92,3,,,,,0,,1.38,1.50,1.26,1.56,0,0,0,0,5.00,4.66,5.09,4.55,VMS 2,,Tanque,,1.86,2.10,1.56,2.10,2.18,2.22,1.76,2.76
30/03/2023 08:19 a. m.,Ordeño,06:44,16.86,1,,,,,0,,1.44,1.80,1.26,1.56,0,0,0,0,5.32,5.48,5.56,5.22,VMS 2,,Tanque,,1.86,2.28,1.62,2.16,3.91,4.38,3.33,5.24
30/03/2023 02:40 p. m.,Ordeño,05:43,11.59,2,,,,,0,,1.32,1.50,1.20,1.44,0,0,0,0,5.54,5.60,5.70,5.54,VMS 2,,Tanque,,1.74,1.86,1.62,2.04,2.67,3.12,2.32,3.48
31/03/2023 12:32 a. m.,Ordeño,07:20,19.46,1,,,,,0,,1.62,1.68,1.44,1.62,0,0,0,0,5.65,5.55,5.62,4.95,VMS 2,,Tanque,,2.04,2.40,1.92,2.04,4.36,5.15,3.91,6.04
31/03/2023 09:39 a. m.,Ordeño,08:31,16.67,2,,,,,0,,1.50,1.68,1.20,1.50,0,0,0,0,5.63,5.70,5.63,5.42,VMS 2,,Tanque,,1.98,2.28,1.62,2.10,3.92,4.28,3.38,5.09
31/03/2023 07:43 p. m.,Ordeño,06:15,17.57,3,,,,,0,,1.50,1.74,1.32,1.62,0,0,0,0,5.19,5.15,5.25,4.71,VMS 2,,Tanque,,1.98,2.22,1.74,2.10,4.03,4.56,3.51,5.47
01/04/2023 01:56 a. m.,Ordeño,04:40,10.77,1,,,,,0,,1.32,1.68,1.20,1.44,0,0,0,0,4.93,4.94,5.06,4.64,VMS 2,,Tanque,,1.74,2.34,1.74,1.92,2.52,2.78,2.03,3.44
01/04/2023 10:05 a. m.,Ordeño,05:26,14.42,2,,,,,0,,1.44,1.68,1.20,1.56,0,0,0,0,4.97,4.96,5.08,4.69,VMS 2,,Tanque,,1.98,2.10,1.50,2.10,3.42,3.58,2.98,4.44
01/04/2023 08:59 p. m.,Ordeño,08:30,21.16,3,,,,,0,,1.32,1.62,1.26,1.44,0,0,0,0,5.17,5.23,5.11,4.65,VMS 2,,Tanque,,1.80,2.04,1.74,1.98,4.69,5.41,4.29,6.77
02/04/2023 01:58 a. m.,Ordeño,04:31,9.06,1,,,,,0,,1.20,1.50,1.14,1.38,0,0,0,0,5.31,5.34,5.27,5.18,VMS 2,,Tanque,,1.74,1.92,1.56,1.86,2.14,2.24,1.80,2.88
02/04/2023 02:00 p. m.,Ordeño,10:23,22.20,2,,,,,0,,1.50,1.74,1.44,1.62,0,0,0,0,5.33,5.33,5.29,4.90,VMS 2,,Tanque,,2.04,2.16,1.80,2.28,4.97,5.84,4.57,6.82
06/04/2023 03:00 p. m.,Ordeño,05:47,17.93,2,,,,,0,,1.44,1.92,1.50,1.92,0,0,0,0,5.65,5.71,5.70,5.32,VMS 2,,Tanque,,1.92,2.58,2.10,2.64,4.56,4.72,3.41,5.24
06/04/2023 09:14 p. m.,Ordeño,04:05,7.48,3,,,,,0,,1.08,1.50,1.02,1.56,0,0,0,0,5.04,5.17,5.26,5.10,VMS 2,,Tanque,,1.62,2.04,1.56,1.92,1.66,1.97,1.42,2.43
07/04/2023 02:37 p. m.,Ordeño,07:22,27.37,1,,,,,0,,1.62,1.80,1.50,1.68,0,0,0,0,5.91,6.02,5.85,5.60,VMS 2,,Tanque,,2.10,2.40,2.10,2.76,6.23,7.24,5.60,8.30
07/04/2023 09:02 p. m.,Ordeño,04:12,7.89,2,,,,,0,,1.20,1.68,1.02,1.44,0,0,0,0,4.88,5.07,5.06,4.69,VMS 2,,Tanque,,1.68,2.40,1.50,2.04,1.95,2.12,1.44,2.38
08/04/2023 04:08 a. m.,Ordeño,04:41,7.65,1,,,TI,TI,0,,1.32,1.62,0.00,1.50,0,0,0,0,4.81,4.93,0.00,4.60,VMS 2,,Tanque,,1.86,2.16,0.00,1.92,2.32,2.42,0.00,2.91
08/04/2023 09:02 p. m.,Ordeño,08:07,25.03,2,,,,,0,,1.62,1.80,1.56,1.68,0,0,0,0,5.75,5.91,5.54,5.44,VMS 2,,Tanque,,2.10,2.34,1.98,2.28,5.05,7.08,4.78,8.12
11/04/2023 10:43 p. m.,Ordeño,06:16,13.09,2,,,TI,TI,0,,1.32,1.56,0.00,1.68,0,0,0,0,4.96,5.04,0.00,4.68,VMS 2,,Tanque,,1.86,2.10,0.00,2.22,3.78,4.29,0.00,5.02
12/04/2023 05:35 p. m.,Ordeño,07:12,28.00,1,,,,,0,,1.74,1.80,1.74,2.10,0,0,0,0,5.45,5.30,5.22,5.06,VMS 2,,Tanque,,2.16,2.40,2.28,2.88,6.33,7.58,5.65,8.44
13/04/2023 12:59 a. m.,Ordeño,06:07,13.31,1,,,,,0,,1.32,1.80,1.26,1.86,0,0,0,0,5.21,5.34,5.03,4.93,VMS 2,,Tanque,,1.98,2.64,1.86,2.52,3.44,3.69,2.19,3.99
13/04/2023 03:38 p. m.,Ordeño,07:52,24.97,2,,,,,0,,1.62,1.74,1.50,1.80,0,0,0,0,5.39,5.38,5.32,5.09,VMS 2,,Tanque,,2.10,2.28,2.04,2.34,6.15,6.61,4.39,7.82
14/04/2023 02:45 a. m.,Ordeño,06:36,21.32,1,,,,,0,,1.44,1.74,1.44,1.68,0,0,0,0,5.28,5.49,5.35,5.06,VMS 2,,Tanque,,1.92,2.16,1.74,2.28,4.90,5.70,3.96,6.76
14/04/2023 12:52 p. m.,Ordeño,05:32,16.90,2,,,,,0,,1.44,1.56,1.50,1.68,0,0,0,0,5.22,5.22,5.24,5.09,VMS 2,,Tanque,,1.92,2.04,1.98,2.22,3.90,4.35,3.22,5.43
15/04/2023 03:26 a. m.,Ordeño,08:27,24.36,1,,,,,0,,1.86,1.74,1.62,1.86,0,0,0,0,5.23,5.25,5.07,4.89,VMS 2,,Tanque,,2.40,2.28,1.98,2.46,5.55,6.18,4.70,7.93
16/04/2023 06:28 p. m.,Ordeño,06:18,21.02,2,,,,,0,,1.56,1.74,1.56,1.86,0,0,0,0,5.02,4.91,4.70,4.53,VMS 2,,Tanque,,2.10,2.22,2.22,2.58,4.95,5.25,4.16,6.66
17/04/2023 06:36 a. m.,Ordeño,05:32,18.53,1,,,,,0,,1.68,1.86,1.62,1.86,0,0,0,0,5.07,4.97,4.81,4.72,VMS 2,,Tanque,,2.10,2.28,2.22,2.46,4.41,4.56,3.82,5.74
17/04/2023 02:10 p. m.,Ordeño,05:46,12.20,2,,,,,0,,1.56,1.62,1.56,1.56,0,0,0,0,5.29,5.08,4.84,5.02,VMS 2,,Tanque,,2.16,2.16,2.10,2.28,2.62,3.25,2.33,4.00
18/04/2023 03:37 a. m.,Ordeño,08:00,20.58,1,,,,,0,,1.56,1.62,1.44,1.50,0,0,0,0,5.17,5.19,4.99,5.08,VMS 2,,Tanque,,1.92,2.22,1.80,2.04,4.53,5.40,4.19,6.46
18/04/2023 05:41 p. m.,Ordeño,07:43,22.36,2,,,,,0,,1.74,2.04,1.80,2.16,0,0,0,0,5.55,5.11,4.97,5.20,VMS 2,,Tanque,,2.28,2.64,2.40,2.82,5.55,5.54,4.51,6.76
19/04/2023 01:11 a. m.,Ordeño,04:39,12.19,1,,,,,0,,1.50,1.68,1.56,1.62,0,0,0,0,5.19,5.06,4.93,4.85,VMS 2,,Tanque,,1.92,2.22,2.04,2.28,2.81,3.39,2.24,3.75
19/04/2023 09:06 a. m.,Ordeño,05:46,13.93,2,,,,,0,,1.56,1.80,1.50,1.80,0,0,0,0,5.49,5.40,5.19,5.09,VMS 2,,Tanque,,2.04,2.28,2.04,2.64,3.26,3.70,2.70,4.27
19/04/2023 04:18 p. m.,Ordeño,04:36,12.58,3,,,,,0,,1.56,1.86,1.68,1.62,0,0,0,0,5.49,5.35,5.38,5.69,VMS 2,,Tanque,,1.98,2.46,2.04,2.16,2.98,3.36,2.31,3.93
19/04/2023 11:38 p. m.,Ordeño,06:18,12.38,4,,,,,0,,1.44,1.62,1.38,1.44,0,0,0,0,5.57,5.47,5.27,5.33,VMS 2,,Tanque,,1.98,2.22,1.68,1.92,2.85,3.27,2.39,3.87
20/04/2023 08:06 a. m.,Ordeño,04:54,14.69,1,,,,,0,,1.56,1.86,1.56,1.74,0,0,0,0,5.47,5.35,4.96,5.45,VMS 2,,Tanque,,2.04,2.28,2.16,2.34,3.54,3.62,2.86,4.67
20/04/2023 09:08 p. m.,Ordeño,08:10,18.10,2,,,TI,TI,0,,1.50,1.62,0.00,1.44,0,0,0,0,5.68,5.60,0.00,5.34,VMS 2,,Tanque,,1.92,2.10,0.00,2.10,5.18,6.01,0.00,6.91
21/04/2023 03:35 a. m.,Ordeño,05:58,15.72,1,,,,,0,,1.50,1.86,1.68,1.62,0,0,0,0,5.49,5.26,5.30,4.99,VMS 2,,Tanque,,1.98,2.40,2.34,2.22,2.95,3.17,5.66,3.94
21/04/2023 04:53 p. m.,Ordeño,06:25,20.79,2,,,,,0,,1.62,1.74,1.50,1.74,0,0,0,0,5.54,5.40,4.90,5.06,VMS 2,,Tanque,,2.04,2.40,2.16,2.34,4.74,5.45,3.85,6.75
22/04/2023 05:44 a. m.,Ordeño,07:22,22.74,1,,,,,0,,1.56,1.74,1.38,1.56,0,0,0,0,5.26,5.23,4.93,4.75,VMS 2,,Tanque,,2.10,2.16,1.74,2.22,5.31,6.13,4.25,7.05
22/04/2023 01:41 p. m.,Ordeño,05:10,11.87,2,,,,,0,,1.50,1.62,1.32,1.44,0,0,0,0,5.09,5.03,4.74,4.84,VMS 2,,Tanque,,2.22,2.22,1.86,2.16,2.82,3.07,2.16,3.82
23/04/2023 12:01 a. m.,Ordeño,07:01,15.68,1,,,,,0,,1.56,1.80,1.44,1.50,0,0,0,0,5.23,5.06,4.79,4.96,VMS 2,,Tanque,,1.98,2.34,1.92,2.04,3.49,4.10,3.09,5.00
23/04/2023 11:51 a. m.,Ordeño,07:10,20.37,2,,,,,0,,1.62,1.86,1.50,1.74,0,0,0,0,5.76,5.65,5.39,5.32,VMS 2,,Tanque,,2.04,2.34,1.92,2.46,4.78,5.20,4.07,6.32
24/04/2023 01:53 a. m.,Ordeño,06:41,23.12,1,,,,,0,,1.50,1.68,1.44,1.80,0,0,0,0,5.21,5.04,5.00,4.78,VMS 2,,Tanque,,1.86,2.40,1.80,2.34,5.64,5.29,4.63,7.56
24/04/2023 10:43 a. m.,Ordeño,06:24,15.16,2,,,,,0,,1.50,1.86,1.26,1.74,0,0,0,0,5.15,5.03,4.96,4.76,VMS 2,,Tanque,,1.98,2.52,1.68,2.28,3.60,3.78,2.97,4.81
24/04/2023 07:18 p. m.,Ordeño,07:04,14.36,3,,,,,0,,1.44,1.56,1.26,1.56,0,0,0,0,5.08,5.04,4.93,4.91,VMS 2,,Tanque,,2.04,2.04,1.62,2.10,3.39,3.80,2.85,4.32
25/04/2023 11:42 a. m.,Ordeño,07:47,24.14,1,,,,,0,,1.50,1.98,1.62,1.68,0,0,0,0,5.24,5.16,4.88,5.02,VMS 2,,Tanque,,1.98,2.58,2.16,2.34,4.96,6.01,5.00,8.17
25/04/2023 10:59 p. m.,Ordeño,05:52,16.13,2,,,,,0,,1.38,1.74,1.26,1.56,0,0,0,0,4.91,4.95,4.78,4.52,VMS 2,,Tanque,,1.86,2.16,1.68,2.16,3.47,4.12,3.30,5.24
26/04/2023 05:43 a. m.,Ordeño,07:01,11.83,1,,,,,0,,1.32,1.68,1.20,1.62,0,0,0,0,5.09,5.17,4.91,4.86,VMS 2,,Tanque,,1.92,2.04,1.62,2.28,2.78,3.16,2.25,3.64
26/04/2023 07:25 p. m.,Ordeño,10:18,18.65,2,,,TI,TI,0,,1.56,1.92,0.00,1.74,0,0,0,0,5.84,5.61,0.00,5.39,VMS 2,,Tanque,,2.22,2.46,0.00,2.28,5.40,5.88,0.00,7.37
27/04/2023 01:03 a. m.,Ordeño,06:05,13.20,1,,,,,0,,1.38,1.38,1.56,1.38,0,0,0,0,4.96,4.93,5.06,4.88,VMS 2,,Tanque,,1.80,2.10,2.10,2.10,2.47,2.44,5.42,2.87
27/04/2023 07:16 a. m.,Ordeño,04:41,11.74,2,,,,,0,,1.38,1.80,1.44,1.62,0,0,0,0,5.20,5.29,4.85,5.16,VMS 2,,Tanque,,1.86,2.28,1.86,2.16,2.77,3.00,2.14,3.83
27/04/2023 11:54 a. m.,Ordeño,04:13,7.13,3,,,,,0,,1.26,1.62,0.90,1.32,0,0,0,0,5.49,5.31,4.94,5.44,VMS 2,,Tanque,,1.80,2.04,1.56,1.98,1.77,1.88,1.21,2.27
27/04/2023 09:59 p. m.,Ordeño,06:56,18.25,4,,,,,0,,1.44,1.74,1.44,1.62,0,0,0,0,5.21,5.19,5.06,4.91,VMS 2,,Tanque,,1.98,2.40,1.92,2.04,4.21,4.85,3.33,5.86
28/04/2023 11:08 a. m.,Ordeño,07:43,22.13,1,,,,,0,,1.56,1.92,1.14,1.80,0,0,0,0,5.58,5.40,5.11,5.15,VMS 2,,Tanque,,2.04,2.40,1.56,2.58,5.41,5.18,4.39,7.15
28/04/2023 06:31 p. m.,Ordeño,04:44,11.96,2,,,,,0,,1.38,1.56,1.32,1.68,0,0,0,0,5.06,4.92,4.91,4.67,VMS 2,,Tanque,,1.92,2.04,1.74,2.46,2.76,3.20,2.20,3.80
29/04/2023 07:30 a. m.,Ordeño,09:44,22.98,1,,,,,0,,1.44,1.86,1.38,1.68,0,0,0,0,5.48,5.19,5.14,5.09,VMS 2,,Tanque,,1.98,2.34,1.74,2.46,5.39,5.58,4.63,7.38
29/04/2023 06:14 p. m.,Ordeño,08:21,15.95,2,,,,,0,,1.50,1.62,1.20,1.74,0,0,0,0,5.13,4.90,4.90,4.63,VMS 2,,Tanque,,1.98,2.10,1.62,2.46,3.75,4.09,3.09,5.02
30/04/2023 02:17 a. m.,Ordeño,06:19,14.52,1,,,,,0,,1.32,1.68,1.44,1.68,0,0,0,0,5.13,5.08,4.93,4.96,VMS 2,,Tanque,,1.74,2.10,2.10,2.34,3.40,3.64,2.81,4.67
30/04/2023 03:58 p. m.,Ordeño,06:25,21.52,2,,,,,0,,1.50,1.86,1.50,1.74,0,0,0,0,5.67,5.31,5.28,5.12,VMS 2,,Tanque,,2.34,2.40,1.86,2.28,4.71,5.45,4.33,7.03
30/04/2023 11:09 p. m.,Ordeño,05:38,10.90,3,,,,,0,,1.26,1.68,1.20,1.62,0,0,0,0,4.88,4.65,4.78,4.52,VMS 2,,Tanque,,1.62,2.10,1.56,2.16,2.54,2.73,1.99,3.64
01/05/2023 02:27 p. m.,Ordeño,07:39,23.10,1,,,,,0,,1.62,1.92,1.56,1.68,0,0,0,0,5.50,5.14,4.97,5.16,VMS 2,,Tanque,,2.04,2.46,2.04,2.58,5.25,5.52,4.51,7.82
02/05/2023 12:02 a. m.,Ordeño,05:57,12.94,1,,,,,0,,1.26,1.68,1.32,1.50,0,0,0,0,4.76,4.55,4.59,4.12,VMS 2,,Tanque,,1.74,2.64,1.86,1.98,2.91,3.47,2.58,3.98
02/05/2023 04:55 p. m.,Ordeño,09:01,25.25,2,,,,,0,,1.50,1.86,1.62,1.68,0,0,0,0,5.77,5.53,5.07,5.08,VMS 2,,Tanque,,2.10,2.46,2.16,2.16,5.94,6.93,4.64,7.74
03/05/2023 03:55 a. m.,Ordeño,07:57,16.78,1,,,,,0,,1.26,1.80,1.32,1.62,0,0,0,0,5.10,4.91,4.83,5.06,VMS 2,,Tanque,,1.74,2.28,1.86,2.04,4.10,4.43,3.17,5.08
03/05/2023 10:05 a. m.,Ordeño,05:33,10.28,2,,,,,0,,1.20,1.74,1.56,1.32,0,0,0,0,5.36,5.39,5.03,5.32,VMS 2,,Tanque,,1.74,2.22,2.16,1.92,2.43,2.48,2.01,3.36
03/05/2023 05:23 p. m.,Ordeño,08:34,12.41,3,,,,,0,,1.02,1.62,1.44,1.38,0,0,0,0,5.08,5.31,4.97,4.94,VMS 2,,Tanque,,1.68,2.16,1.98,1.80,2.74,3.47,2.48,3.72
04/05/2023 07:26 a. m.,Ordeño,10:05,17.62,1,,,TI,TI,0,,1.56,1.92,0.00,1.86,0,0,0,0,5.41,5.06,0.00,4.99,VMS 2,,Tanque,,2.22,2.52,0.00,2.46,5.25,5.27,0.00,7.10
04/05/2023 05:25 p. m.,Ordeño,05:30,17.60,2,,,,,0,,1.38,1.68,1.68,1.62,0,0,0,0,5.08,5.08,4.89,4.72,VMS 2,,Tanque,,1.92,2.16,2.22,2.10,3.44,4.18,5.18,4.80
05/05/2023 03:26 a. m.,Ordeño,06:54,15.82,1,,,,,0,,1.26,1.68,1.38,1.56,0,0,0,0,5.03,5.02,4.86,4.72,VMS 2,,Tanque,,1.68,2.16,1.80,2.16,3.89,4.06,2.85,5.02
05/05/2023 01:19 p. m.,Ordeño,06:04,12.24,2,,,DD,DD,0,,1.56,0.00,1.68,1.68,0,0,0,0,5.29,0.00,5.13,4.99,VMS 2,,Tanque,,2.22,0.00,2.04,2.16,3.96,0.00,2.92,5.36
06/05/2023 02:37 a. m.,Ordeño,06:52,20.78,1,,,,,0,,1.32,1.98,1.44,1.50,0,0,0,0,4.97,5.16,4.92,4.98,VMS 2,,Tanque,,2.04,2.46,1.74,1.98,4.63,6.11,3.79,6.25
06/05/2023 03:29 p. m.,Ordeño,07:03,17.88,2,,,,,0,,1.50,1.62,1.68,1.44,0,0,0,0,5.23,5.00,5.00,4.87,VMS 2,,Tanque,,1.92,2.10,2.10,1.92,4.20,4.05,3.46,6.17
07/05/2023 03:01 a. m.,Ordeño,06:10,15.90,1,,,,,0,,1.32,1.74,1.50,1.50,0,0,0,0,4.99,4.82,4.69,4.39,VMS 2,,Tanque,,1.74,2.28,1.86,1.98,3.94,3.48,3.19,5.29
07/05/2023 12:53 p. m.,Ordeño,07:08,16.42,2,,,,,0,,1.38,1.68,1.56,1.32,0,0,0,0,5.38,5.55,5.01,5.03,VMS 2,,Tanque,,1.74,2.28,1.98,1.74,3.80,4.23,3.08,5.31
07/05/2023 07:54 p. m.,Ordeño,05:37,10.18,3,,,,,0,,1.20,1.50,1.32,1.32,0,0,0,0,5.05,5.16,4.89,4.73,VMS 2,,Tanque,,1.62,1.92,1.74,1.74,2.47,2.51,1.95,3.25
08/05/2023 12:56 a. m.,Ordeño,05:11,8.09,1,,,,,0,,1.02,1.32,0.96,1.20,0,0,0,0,5.05,5.03,4.93,5.02,VMS 2,,Tanque,,1.50,1.92,1.56,1.80,2.05,1.99,1.43,2.62
08/05/2023 09:01 a. m.,Ordeño,06:49,14.75,2,,,,,0,,1.26,1.68,1.26,1.62,0,0,0,0,5.38,5.43,5.14,5.09,VMS 2,,Tanque,,1.68,2.22,1.68,2.16,3.61,3.51,3.00,4.63
08/05/2023 10:10 p. m.,Ordeño,07:48,19.92,3,,,,,0,,1.50,1.56,1.50,1.62,0,0,0,0,5.38,5.32,5.10,4.91,VMS 2,,Tanque,,1.92,1.98,1.92,2.10,3.95,5.45,3.66,6.86
09/05/2023 07:49 a. m.,Ordeño,05:22,15.53,1,,,,,0,,1.44,1.86,1.50,1.74,0,0,0,0,5.24,5.16,4.97,5.00,VMS 2,,Tanque,,1.92,2.46,2.04,2.34,3.54,3.96,3.04,4.99
09/05/2023 03:37 p. m.,Ordeño,05:19,12.51,2,,,,,0,,1.20,1.56,1.26,1.62,0,0,0,0,5.24,5.30,5.14,4.89,VMS 2,,Tanque,,1.62,1.98,1.68,2.34,2.90,3.22,2.44,3.95
10/05/2023 07:43 a. m.,Ordeño,07:22,25.21,1,,,,,0,,1.62,1.74,1.62,1.68,0,0,0,0,5.74,5.33,5.14,5.43,VMS 2,,Tanque,,2.10,2.16,2.04,2.16,6.18,6.01,5.08,7.94
10/05/2023 05:06 p. m.,Ordeño,05:40,14.20,2,,,,,0,,1.38,1.44,1.50,1.68,0,0,0,0,4.98,4.81,4.91,4.67,VMS 2,,Tanque,,1.98,1.98,2.10,2.16,3.28,3.77,2.81,4.34
11/05/2023 05:26 a. m.,Ordeño,06:16,20.36,1,,,,,0,,1.44,1.86,1.50,1.74,0,0,0,0,5.13,5.02,4.87,4.74,VMS 2,,Tanque,,1.92,2.46,1.92,2.22,4.86,5.19,4.12,6.19
11/05/2023 06:14 p. m.,Ordeño,07:34,19.63,2,,,,,0,,1.56,1.50,1.02,1.56,0,0,0,0,5.18,5.04,2.68,4.71,VMS 2,,Tanque,,2.22,2.04,1.38,2.10,4.72,5.19,3.80,5.92
12/05/2023 12:45 a. m.,Ordeño,04:59,11.08,1,,,,,0,,1.08,1.50,1.32,1.32,0,0,0,0,4.96,4.87,4.65,4.75,VMS 2,,Tanque,,1.44,2.04,1.68,1.86,2.48,2.83,2.41,3.36
12/05/2023 11:53 a. m.,Ordeño,05:53,18.52,2,,,,,0,,1.56,1.80,1.50,1.86,0,0,0,0,5.36,5.32,4.91,5.03,VMS 2,,Tanque,,2.04,2.40,1.86,2.58,4.51,4.58,3.84,5.59
12/05/2023 06:47 p. m.,Ordeño,04:51,10.73,3,,,,,0,,1.20,1.62,1.32,1.50,0,0,0,0,5.03,5.17,4.88,4.62,VMS 2,,Tanque,,1.80,2.16,1.68,2.04,2.41,2.92,2.08,3.32
13/05/2023 03:09 a. m.,Ordeño,05:05,13.69,1,,,,,0,,1.32,1.80,1.32,1.62,0,0,0,0,5.16,5.11,4.84,4.79,VMS 2,,Tanque,,1.80,2.34,1.74,2.22,3.29,3.49,2.67,4.24
13/05/2023 02:54 p. m.,Ordeño,05:50,19.31,2,,,,,0,,1.74,1.74,1.62,1.80,0,0,0,0,5.42,5.47,4.91,5.11,VMS 2,,Tanque,,2.34,2.22,1.92,2.34,3.94,5.53,3.79,6.05
14/05/2023 03:13 a. m.,Ordeño,06:19,19.01,1,,,,,0,,1.50,1.68,1.44,1.62,0,0,0,0,5.08,5.15,4.71,4.63,VMS 2,,Tanque,,2.10,2.04,1.86,2.16,4.01,5.14,3.72,6.14
14/05/2023 04:59 p. m.,Ordeño,08:25,22.59,2,,,,,0,,1.38,1.86,1.38,1.68,0,0,0,0,5.30,5.14,4.98,4.95,VMS 2,,Tanque,,1.92,2.46,1.74,2.22,5.39,5.39,4.79,7.02
15/05/2023 01:15 a. m.,Ordeño,06:30,12.61,1,,,,,0,,1.32,1.80,1.32,1.56,0,0,0,0,4.99,4.86,4.58,4.54,VMS 2,,Tanque,,2.04,2.52,1.80,2.10,3.28,3.37,2.23,3.73
15/05/2023 09:37 a. m.,Ordeño,05:08,13.24,2,,,,,0,,1.32,1.68,1.32,1.56,0,0,0,0,5.11,4.99,4.84,4.76,VMS 2,,Tanque,,1.74,2.16,1.74,2.10,3.17,3.33,2.68,4.06
15/05/2023 08:58 p. m.,Ordeño,09:09,17.91,3,,,,,0,,1.38,1.74,1.32,1.56,0,0,0,0,5.33,5.06,4.95,4.97,VMS 2,,Tanque,,1.98,2.22,1.74,2.22,4.02,4.70,3.53,5.66
16/05/2023 03:38 a. m.,Ordeño,05:00,12.28,1,,,,,0,,1.32,1.80,1.08,1.50,0,0,0,0,5.26,5.19,5.01,5.05,VMS 2,,Tanque,,1.80,2.52,1.56,1.92,2.96,3.09,2.42,3.81
16/05/2023 04:30 p. m.,Ordeño,06:24,19.88,2,,,,,0,,1.44,1.92,1.38,1.62,0,0,0,0,5.54,5.18,5.05,5.14,VMS 2,,Tanque,,1.86,2.46,1.86,2.22,4.95,4.75,4.01,6.17
17/05/2023 03:07 a. m.,Ordeño,08:29,13.91,1,,,,,0,,1.32,1.74,1.26,1.56,0,0,0,0,5.00,4.87,4.79,4.30,VMS 2,,Tanque,,1.86,2.16,1.74,2.04,3.35,3.48,2.71,4.37
17/05/2023 02:56 p. m.,Ordeño,06:49,19.48,2,,,,,0,,1.38,1.74,1.44,1.44,0,0,0,0,5.39,5.14,4.98,5.06,VMS 2,,Tanque,,1.74,2.34,1.92,1.92,4.27,5.15,3.82,6.24
17/05/2023 11:09 p. m.,Ordeño,05:00,11.19,3,,,,,0,,1.32,1.68,1.32,1.50,0,0,0,0,4.27,4.91,4.57,4.54,VMS 2,,Tanque,,1.80,2.28,1.80,1.98,2.43,2.97,2.25,3.54
18/05/2023 07:12 a. m.,Ordeño,05:32,12.29,1,,,,,0,,1.32,1.80,1.26,1.50,0,0,0,0,5.20,4.96,4.85,4.95,VMS 2,,Tanque,,1.92,2.52,1.68,2.22,2.93,3.20,2.34,3.82
18/05/2023 02:46 p. m.,Ordeño,05:13,11.65,2,,,,,0,,1.32,1.56,1.02,1.38,0,0,0,0,5.09,5.05,4.81,4.68,VMS 2,,Tanque,,1.68,2.22,1.44,1.86,2.68,3.09,2.21,3.67
19/05/2023 01:26 a. m.,Ordeño,08:06,13.60,1,,,TI,TI,0,,1.32,1.98,0.00,1.62,0,0,0,0,5.37,5.20,0.00,5.04,VMS 2,,Tanque,,2.04,2.76,0.00,2.10,4.25,4.12,0.00,5.23
19/05/2023 09:25 a. m.,Ordeño,05:09,16.73,2,,,,,0,,1.50,1.80,1.74,1.68,0,0,0,0,5.56,5.41,5.08,5.18,VMS 2,,Tanque,,1.98,2.28,2.28,2.22,3.56,3.47,5.05,4.65
19/05/2023 10:58 p. m.,Ordeño,07:25,20.18,3,,,,,0,,1.44,1.80,1.38,1.62,0,0,0,0,5.47,5.35,5.00,5.09,VMS 2,,Tanque,,1.98,2.46,1.80,2.16,4.69,5.37,3.71,6.41
20/05/2023 07:40 a. m.,Ordeño,07:30,13.82,1,,,,,0,,1.44,1.56,1.50,1.50,0,0,0,0,5.10,5.20,4.87,4.74,VMS 2,,Tanque,,2.04,1.92,1.92,1.98,3.09,4.02,2.24,4.47
20/05/2023 08:32 p. m.,Ordeño,07:21,18.83,2,,,,,0,,1.56,1.74,1.50,1.62,0,0,0,0,5.21,5.23,5.01,4.78,VMS 2,,Tanque,,2.16,2.22,1.92,2.16,4.04,5.15,3.62,6.02
21/05/2023 01:55 a. m.,Ordeño,05:11,8.36,1,,,,,0,,1.32,1.14,0.90,1.26,0,0,0,0,5.23,5.04,4.92,4.70,VMS 2,,Tanque,,1.86,1.56,1.32,1.80,1.84,2.22,1.63,2.67
21/05/2023 10:54 a. m.,Ordeño,07:52,16.87,2,,,,,0,,1.44,1.50,1.44,1.38,0,0,0,0,5.41,5.24,4.86,4.92,VMS 2,,Tanque,,1.86,1.86,1.86,1.80,4.03,4.37,3.14,5.33
21/05/2023 05:06 p. m.,Ordeño,04:31,9.10,3,,,,,0,,1.44,1.68,1.32,1.50,0,0,0,0,5.35,5.36,5.09,4.70,VMS 2,,Tanque,,1.86,2.34,1.80,1.92,2.13,2.39,1.62,2.96
22/05/2023 03:33 a. m.,Ordeño,07:15,10.36,1,,"DI,DD",TD,TD,0,,1.44,1.62,1.32,0.00,0,0,0,0,5.49,5.49,4.36,0.00,VMS 2,,Tanque,,1.86,2.22,1.68,0.00,3.23,3.98,3.15,0.00
23/05/2023 08:29 p. m.,Ordeño,06:36,11.96,2,,,,,0,,1.20,1.56,1.26,1.44,0,0,0,0,5.25,5.10,4.86,4.76,VMS 2,,Tanque,,1.74,1.98,1.68,1.86,2.81,3.31,2.65,3.19
24/05/2023 03:38 a. m.,Ordeño,06:05,11.11,1,,,,,0,,1.14,1.50,1.14,1.20,0,0,0,0,5.39,5.24,5.01,5.26,VMS 2,,Tanque,,1.56,2.04,1.56,1.80,2.52,3.08,2.30,3.21
24/05/2023 11:45 a. m.,Ordeño,05:21,12.28,2,,,,,0,,1.38,1.56,1.20,1.38,0,0,0,0,5.47,5.39,5.17,5.35,VMS 2,,Tanque,,1.80,1.98,1.68,1.86,2.78,3.18,2.69,3.63
24/05/2023 08:27 p. m.,Ordeño,06:23,11.12,3,,,,,0,,1.26,1.38,1.14,1.38,0,0,0,0,5.29,5.06,4.90,4.78,VMS 2,,Tanque,,1.74,1.86,1.50,1.80,2.48,3.02,2.33,3.29
25/05/2023 07:46 a. m.,Ordeño,06:23,17.26,1,,,,,0,,1.62,1.80,1.32,1.74,0,0,0,0,5.68,5.20,5.15,5.21,VMS 2,,Tanque,,2.22,2.34,1.80,2.40,4.44,3.59,3.59,5.64
26/05/2023 12:58 a. m.,Ordeño,06:48,23.74,1,,,,,0,,1.56,1.74,1.50,1.68,0,0,0,0,5.38,5.38,5.11,4.70,VMS 2,,Tanque,,2.04,2.40,1.80,2.28,4.86,6.67,5.27,6.94
26/05/2023 10:20 a. m.,Ordeño,05:37,12.73,2,,,,,0,,1.38,1.50,1.14,1.44,0,0,0,0,5.07,5.10,4.84,4.48,VMS 2,,Tanque,,1.92,2.22,1.62,1.86,2.92,3.43,2.57,3.81
26/05/2023 08:32 p. m.,Ordeño,05:57,14.86,3,,,,,0,,1.38,1.68,1.26,1.32,0,0,0,0,5.18,5.16,4.94,4.95,VMS 2,,Tanque,,1.92,2.28,1.68,1.92,3.31,4.14,2.91,4.50
27/05/2023 05:23 a. m.,Ordeño,06:24,12.44,1,,,,,0,,1.38,1.50,1.08,1.32,0,0,0,0,5.05,5.09,4.87,4.82,VMS 2,,Tanque,,1.98,1.98,1.38,1.80,2.88,3.36,2.44,3.76
27/05/2023 04:54 p. m.,Ordeño,07:00,18.22,2,,,,,0,,1.56,1.86,1.44,1.62,0,0,0,0,5.51,5.63,5.26,5.24,VMS 2,,Tanque,,2.28,2.34,1.86,2.04,4.32,4.82,3.57,5.51
28/05/2023 01:23 a. m.,Ordeño,05:24,14.02,1,,,,,0,,1.50,1.50,1.32,1.44,0,0,0,0,5.11,5.13,5.00,4.93,VMS 2,,Tanque,,2.04,1.92,1.80,1.86,3.23,3.59,2.79,4.41
28/05/2023 11:28 a. m.,Ordeño,07:11,16.11,2,,,,,0,,1.44,1.62,1.32,1.56,0,0,0,0,5.31,5.42,5.24,5.00,VMS 2,,Tanque,,2.10,2.58,1.74,2.10,3.46,4.36,3.21,5.08
28/05/2023 08:31 p. m.,Ordeño,06:09,13.21,3,,,,,0,,1.44,1.38,1.26,1.56,0,0,0,0,4.96,4.98,4.91,4.65,VMS 2,,Tanque,,1.92,1.86,1.74,2.22,2.86,3.56,2.53,4.26
29/05/2023 04:14 a. m.,Ordeño,05:53,13.08,1,,,,,0,,1.32,1.56,1.20,1.50,0,0,0,0,5.22,5.34,5.18,4.90,VMS 2,,Tanque,,1.74,2.16,1.62,2.04,2.73,3.63,2.56,4.16
29/05/2023 09:33 a. m.,Ordeño,04:32,7.94,2,,,,,0,,1.14,1.50,1.20,1.50,0,0,0,0,5.21,5.33,5.10,5.06,VMS 2,,Tanque,,1.62,2.10,1.56,1.98,1.89,2.15,1.50,2.40
29/05/2023 05:56 p. m.,Ordeño,06:32,12.95,3,,,,,0,,1.08,1.56,1.26,1.38,0,0,0,0,5.02,5.33,5.10,5.05,VMS 2,,Tanque,,1.50,1.98,1.56,1.86,2.95,3.41,2.58,4.01
30/05/2023 01:49 a. m.,Ordeño,07:02,14.02,1,,,,,0,,1.44,1.56,1.26,1.32,0,0,0,0,5.34,5.46,5.19,5.18,VMS 2,,Tanque,,1.92,2.04,1.62,1.68,3.10,3.61,2.76,4.55
30/05/2023 07:39 a. m.,Ordeño,04:26,9.71,2,,,,,0,,1.26,1.38,1.32,1.38,0,0,0,0,5.34,5.40,5.26,5.11,VMS 2,,Tanque,,1.68,1.68,1.80,1.86,2.22,2.49,2.03,2.97
30/05/2023 04:15 p. m.,Ordeño,06:26,14.04,3,,,,,0,,1.32,1.68,1.20,1.68,0,0,0,0,5.40,5.40,5.21,5.03,VMS 2,,Tanque,,1.86,2.16,1.62,2.22,3.36,3.41,2.86,4.41
31/05/2023 01:30 a. m.,Ordeño,06:16,13.89,1,,,,,0,,1.32,1.38,1.26,1.56,0,0,0,0,4.99,5.08,5.00,4.63,VMS 2,,Tanque,,1.86,1.80,1.62,2.04,3.04,3.60,2.92,4.33
31/05/2023 11:32 a. m.,Ordeño,07:09,16.81,2,,,,,0,,1.38,1.62,1.32,1.56,0,0,0,0,5.36,5.41,5.19,4.81,VMS 2,,Tanque,,1.98,2.16,1.98,2.04,3.48,4.58,3.35,5.40
31/05/2023 07:03 p. m.,Ordeño,06:22,13.23,3,,,,,0,,1.26,1.62,1.26,1.56,0,0,0,0,5.28,5.21,5.18,4.77,VMS 2,,Tanque,,1.68,2.22,1.62,2.04,2.99,3.40,2.70,4.14
01/06/2023 04:11 a. m.,Ordeño,06:04,15.07,1,,,,,0,,1.38,1.62,1.20,1.56,0,0,0,0,5.09,5.13,4.92,4.56,VMS 2,,Tanque,,1.80,2.04,1.56,1.86,3.39,3.97,3.02,4.69
01/06/2023 12:46 p. m.,Ordeño,06:42,14.18,2,,,,,0,,1.38,1.56,1.44,1.44,0,0,0,0,5.30,5.45,5.10,4.85,VMS 2,,Tanque,,1.80,2.22,1.80,1.98,2.89,3.78,2.92,4.59
02/06/2023 11:17 a. m.,Ordeño,08:18,19.51,1,,,,,0,,1.44,1.68,1.32,1.56,0,0,0,0,4.96,4.94,4.78,4.63,VMS 2,,Tanque,,1.98,2.34,1.68,2.46,3.70,4.74,4.01,7.06
02/06/2023 09:41 p. m.,Ordeño,05:15,13.85,2,,,,,0,,1.32,1.68,1.14,1.56,0,0,0,0,5.02,5.17,4.77,4.40,VMS 2,,Tanque,,1.86,2.10,1.56,2.10,2.97,3.91,2.76,4.21
03/06/2023 05:18 a. m.,Ordeño,04:50,11.59,1,,,,,0,,1.26,1.68,1.32,1.50,0,0,0,0,5.09,5.09,4.92,4.79,VMS 2,,Tanque,,1.86,2.28,1.86,1.86,2.41,3.21,2.38,3.59
03/06/2023 11:44 a. m.,Ordeño,04:53,10.33,2,,,,,0,,1.32,1.56,1.26,1.38,0,0,0,0,5.42,5.46,5.21,5.28,VMS 2,,Tanque,,1.86,2.04,1.92,1.92,2.13,2.95,2.12,3.13
03/06/2023 07:01 p. m.,Ordeño,05:53,12.27,3,,TD,,,0,,1.44,1.62,1.26,1.50,0,0,0,0,5.78,5.76,5.43,5.13,VMS 2,,Tanque,,1.92,2.16,1.62,2.40,3.03,3.37,2.56,3.31
04/06/2023 08:12 a. m.,Ordeño,06:22,19.18,1,,,,,0,,1.56,1.74,1.44,1.74,0,0,0,0,5.51,5.30,5.01,5.02,VMS 2,,Tanque,,1.98,2.28,2.10,2.34,3.95,4.84,3.73,6.66
04/06/2023 08:39 p. m.,Ordeño,08:27,17.44,2,,,,,0,,1.44,1.80,1.20,1.62,0,0,0,0,5.16,4.91,4.88,4.42,VMS 2,,Tanque,,1.98,2.40,2.04,2.04,4.16,4.57,3.43,5.28
05/06/2023 02:11 a. m.,Ordeño,05:34,8.59,1,,,,,0,,1.32,1.56,1.26,1.32,0,0,0,0,5.28,5.37,5.13,5.20,VMS 2,,Tanque,,1.74,2.04,1.80,1.68,1.92,2.38,1.66,2.63
05/06/2023 10:38 a. m.,Ordeño,05:12,14.38,2,,,,,0,,1.44,1.80,1.44,1.56,0,0,0,0,5.50,5.61,5.26,5.40,VMS 2,,Tanque,,2.10,2.16,1.92,2.04,3.33,3.46,3.02,4.57
05/06/2023 10:46 p. m.,Ordeño,07:38,19.94,3,,,,,0,,1.50,1.62,1.32,1.56,0,0,0,0,5.51,5.46,5.26,5.61,VMS 2,,Tanque,,1.98,2.10,1.74,2.10,4.86,4.44,4.21,6.43
06/06/2023 06:11 a. m.,Ordeño,05:13,11.25,1,,,,,0,,1.56,1.56,1.20,1.44,0,0,0,0,5.58,5.47,5.09,5.04,VMS 2,,Tanque,,2.16,2.16,1.80,1.86,2.78,2.84,2.13,3.50
06/06/2023 04:27 p. m.,Ordeño,06:17,16.20,2,,,,,0,,1.38,1.68,1.26,1.38,0,0,0,0,5.56,5.59,5.29,5.33,VMS 2,,Tanque,,2.04,2.16,1.74,1.80,3.76,4.12,3.37,4.95
06/06/2023 11:29 p. m.,Ordeño,06:07,12.09,3,,,,,0,,1.32,1.62,1.26,1.56,0,0,0,0,5.24,5.12,4.89,4.65,VMS 2,,Tanque,,1.80,2.04,1.62,2.04,2.95,3.18,2.26,3.70
07/06/2023 11:01 a. m.,Ordeño,06:50,15.82,1,,TD,,,0,,1.38,1.86,1.38,1.74,0,0,0,0,5.43,5.23,5.00,4.78,VMS 2,,Tanque,,1.98,2.40,1.74,2.16,3.89,4.18,3.32,4.43
07/06/2023 08:27 p. m.,Ordeño,06:30,14.41,2,,,,,0,,1.44,1.68,1.26,1.44,0,0,0,0,5.20,4.98,4.88,5.04,VMS 2,,Tanque,,2.04,2.22,1.62,1.92,3.16,3.75,2.84,4.66
08/06/2023 07:03 a. m.,Ordeño,07:22,16.57,1,,,,,0,,1.38,1.74,1.20,1.50,0,0,0,0,5.41,5.50,5.07,5.32,VMS 2,,Tanque,,1.80,2.28,1.92,1.92,3.92,4.08,3.52,5.05
08/06/2023 01:39 p. m.,Ordeño,04:42,9.25,2,,,,,0,,1.20,1.62,1.26,1.38,0,0,0,0,5.03,5.41,4.99,4.94,VMS 2,,Tanque,,1.74,2.10,1.98,2.04,2.02,2.54,1.80,2.89
08/06/2023 07:19 p. m.,Ordeño,04:42,8.76,3,,,,,0,,1.20,1.56,1.26,1.32,0,0,0,0,5.22,5.35,5.02,4.78,VMS 2,,Tanque,,1.80,1.98,1.80,1.86,2.07,2.32,1.78,2.59
09/06/2023 04:19 a. m.,Ordeño,06:24,14.64,1,,,,,0,,1.44,1.62,1.26,1.56,0,0,0,0,5.41,5.19,5.08,4.95,VMS 2,,Tanque,,1.86,2.16,1.62,2.04,3.36,3.66,3.08,4.54
09/06/2023 11:55 a. m.,Ordeño,04:43,11.34,2,,,,,0,,1.38,1.68,1.32,1.44,0,0,0,0,5.40,5.52,5.26,5.19,VMS 2,,Tanque,,1.80,2.16,1.80,1.98,2.39,3.21,2.28,3.46
09/06/2023 05:46 p. m.,Ordeño,04:08,8.03,3,,,,,0,,1.26,1.56,1.20,1.32,0,0,0,0,5.34,5.48,5.12,4.83,VMS 2,,Tanque,,1.80,2.10,1.68,1.86,1.86,2.10,1.62,2.45
10/06/2023 02:03 a. m.,Ordeño,04:36,12.17,1,,,,,0,,1.50,1.44,1.20,1.62,0,0,0,0,5.28,5.20,5.06,4.90,VMS 2,,Tanque,,1.98,2.28,1.56,2.28,2.97,3.10,2.37,3.73
10/06/2023 12:09 p. m.,Ordeño,05:32,15.58,2,,,,,0,,1.50,1.68,1.50,1.62,0,0,0,0,5.48,5.45,4.98,5.06,VMS 2,,Tanque,,1.98,2.16,2.04,2.22,3.71,3.73,3.32,4.82
10/06/2023 06:49 p. m.,Ordeño,04:28,9.51,3,,,,,0,,1.32,1.68,1.20,1.44,0,0,0,0,5.35,5.15,5.02,4.78,VMS 2,,Tanque,,1.74,2.34,1.74,1.98,2.14,2.60,1.89,2.88
11/06/2023 12:57 a. m.,Ordeño,04:46,8.96,1,,,,,0,,1.26,1.50,1.14,1.32,0,0,0,0,5.15,5.16,5.01,4.92,VMS 2,,Tanque,,1.62,1.92,1.62,1.86,1.95,2.23,1.87,2.91
11/06/2023 07:50 a. m.,Ordeño,04:54,10.58,2,,,,,0,,1.32,1.50,1.08,1.32,0,0,0,0,5.28,5.30,5.06,4.92,VMS 2,,Tanque,,1.74,1.92,1.50,1.86,2.32,2.80,2.28,3.18
11/06/2023 07:37 p. m.,Ordeño,07:19,18.85,3,,,,,0,,1.44,1.62,1.26,1.32,0,0,0,0,5.41,5.43,5.13,4.93,VMS 2,,Tanque,,1.92,2.22,1.68,1.80,4.07,4.94,3.67,6.17
12/06/2023 06:27 a. m.,Ordeño,06:52,16.00,1,,,,,0,,1.32,1.74,1.38,1.62,0,0,0,0,4.95,5.15,4.87,4.93,VMS 2,,Tanque,,1.92,2.28,2.28,2.22,3.81,4.01,3.36,4.82
12/06/2023 04:33 p. m.,Ordeño,05:51,14.29,2,,,,,0,,1.56,1.56,1.20,1.38,0,0,0,0,5.29,5.30,5.06,4.65,VMS 2,,Tanque,,1.98,2.04,1.62,1.86,3.12,3.75,2.77,4.65
12/06/2023 10:45 p. m.,Ordeño,05:06,7.63,3,,,,,0,,1.26,1.56,0.96,0.96,0,0,0,0,4.82,5.02,4.72,4.66,VMS 2,,Tanque,,1.74,2.28,1.38,1.56,1.80,2.02,1.51,2.30
13/06/2023 07:42 a. m.,Ordeño,06:00,14.51,1,,,,,0,,1.32,1.68,1.32,1.32,0,0,0,0,5.39,5.31,5.12,5.29,VMS 2,,Tanque,,1.80,2.34,1.80,1.74,3.00,3.83,2.97,4.71
13/06/2023 01:57 p. m.,Ordeño,05:38,9.60,2,,,,,0,,1.14,1.50,1.38,1.26,0,0,0,0,5.31,5.34,5.11,5.28,VMS 2,,Tanque,,1.62,1.92,1.98,1.86,2.19,2.50,1.96,2.95
13/06/2023 09:23 p. m.,Ordeño,05:55,10.37,3,,,,,0,,1.26,1.50,1.32,1.26,0,0,0,0,5.21,5.21,5.00,4.95,VMS 2,,Tanque,,1.74,1.86,1.74,1.68,2.33,2.72,2.11,3.21
14/06/2023 04:47 a. m.,Ordeño,05:47,12.08,1,,,,,0,,1.20,1.74,1.20,1.20,0,0,0,0,5.20,5.13,5.08,5.10,VMS 2,,Tanque,,1.68,2.22,1.68,1.74,2.90,2.78,2.50,3.90
14/06/2023 03:00 p. m.,Ordeño,05:41,15.06,2,,,,,0,,1.50,1.86,1.02,1.50,0,0,0,0,5.51,5.28,4.80,5.24,VMS 2,,Tanque,,1.92,2.40,1.50,2.04,3.73,3.41,3.07,4.85
14/06/2023 08:50 p. m.,Ordeño,04:45,8.15,3,,,,,0,,1.14,1.62,1.08,1.32,0,0,0,0,5.19,5.20,5.07,4.83,VMS 2,,Tanque,,1.62,2.28,1.56,1.92,1.98,2.12,1.59,2.46
15/06/2023 05:16 a. m.,Ordeño,05:24,12.13,1,,,,,0,,1.32,1.62,1.32,1.38,0,0,0,0,5.01,5.15,5.04,5.10,VMS 2,,Tanque,,1.74,2.16,1.68,1.92,2.83,2.84,2.57,3.89
15/06/2023 03:04 p. m.,Ordeño,06:31,16.69,2,,,,,0,,1.38,1.68,1.50,1.32,0,0,0,0,5.48,5.67,5.32,5.30,VMS 2,,Tanque,,1.92,2.16,2.10,1.98,3.50,4.41,3.43,5.35
15/06/2023 08:05 p. m.,Ordeño,04:05,6.81,3,,,,,0,,1.26,1.56,1.14,1.26,0,0,0,0,5.48,5.43,5.10,5.10,VMS 2,,Tanque,,1.68,2.16,1.80,1.74,1.54,1.86,1.37,2.04
16/06/2023 02:54 a. m.,Ordeño,04:46,10.36,1,,,,,0,,1.26,1.56,1.08,1.44,0,0,0,0,5.22,5.19,4.93,5.10,VMS 2,,Tanque,,1.80,2.10,1.56,2.10,2.36,2.63,2.07,3.30
16/06/2023 12:18 p. m.,Ordeño,06:38,15.27,2,,,,,0,,1.38,1.86,1.32,1.62,0,0,0,0,5.33,5.44,5.15,5.39,VMS 2,,Tanque,,1.92,2.40,1.74,2.22,3.84,3.78,2.98,4.67
16/06/2023 06:31 p. m.,Ordeño,04:36,9.14,3,,,,,0,DD,1.20,1.74,1.08,1.50,0,0,0,0,4.50,5.59,4.81,5.33,VMS 2,,Tanque,,1.68,2.28,1.50,1.92,2.11,2.36,1.83,2.84
17/06/2023 05:19 a. m.,Ordeño,06:16,17.58,1,,,,,0,,1.50,1.74,1.38,1.50,0,0,0,0,5.23,5.18,5.02,5.21,VMS 2,,Tanque,,1.98,2.40,1.98,2.04,3.48,4.78,3.73,5.59
17/06/2023 12:24 p. m.,Ordeño,16:08,1.76,2,,,"DI,TI,TD","DI,TI,TD",0,,0.00,1.32,0.00,0.00,0,0,0,0,0.00,4.52,0.00,0.00,VMS 2,,Tanque,,0.00,1.74,0.00,0.00,0.00,1.76,0.00,0.00
17/06/2023 09:53 p. m.,Ordeño,05:57,18.33,3,,,,,0,,1.68,1.74,1.50,1.74,0,0,0,0,5.27,5.18,5.09,4.96,VMS 2,,Tanque,,2.16,2.28,1.92,2.40,4.28,3.60,4.70,5.75
18/06/2023 07:05 a. m.,Ordeño,05:46,14.74,1,,,,,0,,1.44,1.68,1.44,1.50,0,0,0,0,5.18,5.20,4.87,4.92,VMS 2,,Tanque,,1.98,2.28,1.98,2.04,3.53,3.52,3.03,4.66
18/06/2023 05:11 p. m.,Ordeño,05:40,15.86,2,,,,,0,,1.62,1.80,1.44,1.74,0,0,0,0,5.44,5.47,5.03,5.10,VMS 2,,Tanque,,2.04,2.40,1.86,2.34,4.07,3.73,3.34,4.72
19/06/2023 06:18 a. m.,Ordeño,06:35,17.71,1,,,,,0,,1.62,1.68,1.38,1.74,0,0,0,0,5.21,5.14,4.79,4.83,VMS 2,,Tanque,,2.10,2.28,1.92,2.28,4.05,4.39,3.69,5.58
19/06/2023 02:53 p. m.,Ordeño,05:03,13.43,2,,,,,0,,1.56,1.56,1.20,1.80,0,0,0,0,5.34,5.31,5.00,4.84,VMS 2,,Tanque,,1.98,1.98,1.74,2.40,3.33,3.31,2.62,4.17
19/06/2023 09:20 p. m.,Ordeño,08:27,6.44,3,,,TD,TD,0,,1.26,1.38,1.26,0.00,0,0,0,0,5.19,5.17,5.01,0.00,VMS 2,,Tanque,,1.68,2.04,1.68,0.00,2.10,2.46,1.88,0.00
20/06/2023 06:43 a. m.,Ordeño,06:12,16.72,1,,,,,0,,1.44,1.68,1.26,1.74,0,0,0,0,5.34,5.30,5.65,5.42,VMS 2,,Tanque,,1.98,2.16,1.74,2.28,3.36,3.84,2.83,6.69
20/06/2023 03:51 p. m.,Ordeño,05:30,14.68,2,,,,,0,,1.50,1.62,1.50,1.32,0,0,0,0,5.50,5.61,5.04,4.96,VMS 2,,Tanque,,2.04,2.22,2.10,1.80,3.08,4.29,3.18,4.13
20/06/2023 09:14 p. m.,Ordeño,04:44,7.37,3,,,,,0,,1.20,1.44,1.20,1.38,0,0,0,0,5.26,5.48,5.15,5.28,VMS 2,,Tanque,,1.68,2.10,1.74,2.16,1.84,1.91,1.53,2.09
21/06/2023 02:37 a. m.,Ordeño,08:15,1.96,1,,,"DI,TI,TD","DI,TI,TD",0,,0.00,1.32,0.00,0.00,0,0,0,0,0.00,5.08,0.00,0.00,VMS 2,,Tanque,,0.00,1.80,0.00,0.00,0.00,1.96,0.00,0.00
21/06/2023 08:17 a. m.,Ordeño,04:49,12.52,2,,,,,0,,1.44,1.38,1.44,1.56,0,0,0,0,5.39,5.42,5.02,5.21,VMS 2,,Tanque,,1.98,1.92,1.92,2.10,3.19,2.23,2.96,4.14
21/06/2023 05:09 p. m.,Ordeño,05:03,14.21,3,,,,,0,,1.44,1.80,1.44,1.74,0,0,0,0,5.22,5.47,4.88,4.93,VMS 2,,Tanque,,1.98,2.28,1.92,2.22,3.13,3.81,2.93,4.34
22/06/2023 03:29 a. m.,Ordeño,04:37,10.77,1,,,,,0,,1.44,1.56,1.50,1.50,0,0,0,0,5.09,5.08,4.74,4.85,VMS 2,,Tanque,,1.98,2.04,1.98,2.04,2.22,3.14,2.24,3.17
22/06/2023 11:24 a. m.,Ordeño,04:46,9.89,2,,,,,0,,1.32,1.74,1.26,1.38,0,0,0,0,5.21,5.21,5.04,5.05,VMS 2,,Tanque,,1.80,2.40,1.68,1.98,2.28,2.69,1.88,3.04
22/06/2023 06:26 p. m.,Ordeño,04:35,10.52,3,,,,,0,,1.38,1.62,1.26,1.44,0,0,0,0,5.26,5.22,5.04,5.18,VMS 2,,Tanque,,1.86,2.16,1.62,2.22,2.49,2.73,2.08,3.22
23/06/2023 07:33 a. m.,Ordeño,05:58,18.65,1,,,,,0,,1.56,1.86,1.44,1.62,0,0,0,0,5.34,5.43,5.12,5.02,VMS 2,,Tanque,,2.04,2.34,1.98,2.28,3.88,4.80,4.00,5.97
23/06/2023 06:14 p. m.,Ordeño,06:27,4.73,2,,,"DI,DD,TI","DI,DD,TI",0,,0.00,0.00,0.00,1.56,0,0,0,0,0.00,0.00,0.00,5.18,VMS 2,,Tanque,,0.00,0.00,0.00,2.16,0.00,0.00,0.00,4.73
24/06/2023 01:40 a. m.,Ordeño,06:50,0.21,1,,DI,Todos,"DD,TI,TD",0,,0.84,0.00,0.00,0.00,0,0,0,0,5.29,0.00,0.00,0.00,VMS 2,,Tanque,,1.92,0.00,0.00,0.00,0.21,0.00,0.00,0.00
24/06/2023 04:20 p. m.,Ordeño,06:37,22.09,2,,,,,0,,1.56,1.68,1.56,1.74,0,0,0,0,5.83,5.47,5.16,5.25,VMS 2,,Tanque,,1.98,2.16,2.10,2.64,4.85,4.89,5.01,7.34
24/06/2023 10:44 p. m.,Ordeño,04:34,4.67,3,,,"DI,DD",,0,,0.66,1.26,0.66,1.08,0,0,0,0,4.80,4.79,4.60,4.70,VMS 2,,Tanque,,1.08,1.98,1.08,1.68,0.90,1.11,0.93,1.73
25/06/2023 02:05 a. m.,Ordeño,05:14,3.01,1,,,"DI,DD,TI",,0,,0.24,0.36,0.30,0.54,0,0,0,0,4.08,4.00,4.39,4.22,VMS 2,,Tanque,,0.36,0.72,0.54,1.02,0.45,0.80,0.63,1.13
25/06/2023 06:23 a. m.,Ordeño,04:41,5.03,2,,,,,0,,0.60,0.78,0.66,1.02,0,0,0,0,4.82,4.80,4.86,5.01,VMS 2,,Tanque,,1.14,1.26,1.14,1.56,0.91,1.18,0.96,1.98
25/06/2023 06:37 p. m.,Ordeño,05:28,15.49,3,,,,,0,,1.32,1.62,1.50,1.68,0,0,0,0,5.64,5.73,5.31,5.50,VMS 2,,Tanque,,1.92,2.22,2.04,2.22,2.78,3.80,3.43,5.48
26/06/2023 01:02 a. m.,Ordeño,04:18,6.47,1,,,,,0,,1.14,1.38,1.26,1.50,0,0,0,0,5.53,5.45,5.24,5.29,VMS 2,,Tanque,,1.68,1.74,1.80,2.04,1.31,1.54,1.37,2.25
26/06/2023 10:13 a. m.,Ordeño,05:10,11.93,2,,,,,0,,1.50,1.50,1.44,1.56,0,0,0,0,5.76,5.60,5.10,5.52,VMS 2,,Tanque,,2.34,1.98,1.98,2.04,2.64,3.37,2.72,3.20
28/06/2023 04:38 p. m.,Ordeño,04:21,9.41,2,,,,,0,,1.38,1.62,1.20,1.32,0,0,0,0,5.35,5.31,5.06,5.45,VMS 2,,Tanque,,1.86,2.28,1.74,1.86,2.20,2.58,1.85,2.78
28/06/2023 09:38 p. m.,Ordeño,04:15,7.08,3,,,,,0,,0.96,1.38,1.08,1.38,0,0,0,0,5.16,5.26,5.03,5.86,VMS 2,,Tanque,,1.50,1.86,1.50,1.86,1.50,2.03,1.45,2.10
01/07/2023 08:05 p. m.,Ordeño,08:11,10.24,3,,,TD,TD,0,,1.50,1.62,1.26,0.00,0,0,0,0,5.73,5.57,5.38,0.00,VMS 2,,Tanque,,2.04,2.28,1.80,0.00,3.24,3.87,3.13,0.00
08/07/2023 12:44 a. m.,Ordeño,07:45,4.05,1,,,"DI,TI","DI,TI",0,TD,0.00,1.50,0.00,1.32,0,371,0,0,0.00,5.17,0.00,7.30,VMS 2,,Tanque,,0.00,2.04,0.00,1.86,0.00,2.69,0.00,1.36
21/09/2023 05:32 p. m.,Ordeño,09:08,1.95,1,,,,DD,0,"DI,TI,TD",0.54,0.42,0.96,0.84,0,0,1399,1988,4.29,3.28,4.11,3.35,VMS 3,,Divert 3,,1.32,1.02,2.10,2.28,0.36,0.14,0.45,1.00
22/09/2023 01:44 a. m.,Ordeño,05:48,3.58,1,,,,,0,Todos,0.72,0.54,0.72,0.72,5280,1067,996,1087,4.76,4.91,2.55,3.91,VMS 3,,Divert 3,,1.62,1.20,1.98,1.56,0.70,0.76,1.12,1.00
23/09/2023 07:26 a. m.,Ordeño,05:45,7.59,2,,,,,0,"DI,TI,TD",1.08,0.54,0.84,0.84,5172,0,783,777,4.03,4.48,4.70,4.88,VMS 3,,Divert 3,,2.10,0.96,1.50,1.50,2.96,1.37,1.87,1.39
23/09/2023 08:15 p. m.,Ordeño,08:07,16.20,3,,,,,0,"DI,DD",1.08,1.68,1.86,1.14,1772,868,382,574,4.91,5.41,5.25,5.41,VMS 3,,Divert 3,,1.68,2.52,2.70,2.34,2.40,3.88,5.44,4.48
24/09/2023 01:22 a. m.,Ordeño,04:44,6.23,1,,TD,,,0,"DI,DD,TD",1.20,1.32,1.50,1.26,6794,1078,575,782,4.76,4.74,4.78,4.21,VMS 3,,Divert 3,,1.74,2.22,2.22,2.22,1.35,1.66,1.79,1.43
24/09/2023 07:35 a. m.,Ordeño,07:08,9.60,2,,TD,,,0,"DI,DD,TI",1.26,1.50,1.80,1.38,2676,667,673,382,4.97,4.94,5.03,4.56,VMS 3,,Divert 3,,1.74,2.28,2.34,2.28,1.62,2.04,2.98,2.96
24/09/2023 04:01 p. m.,Ordeño,06:33,12.30,3,,,,,0,DI,1.38,1.62,1.80,1.38,1096,567,0,382,5.29,5.35,5.30,5.23,VMS 3,,Divert 3,,1.80,2.16,2.28,1.98,2.40,2.82,3.48,3.60
24/09/2023 11:20 p. m.,Ordeño,07:34,11.01,4,,,,,0,DI,1.26,1.62,1.92,1.62,804,456,0,0,5.03,5.08,4.97,4.88,VMS 3,,Divert 3,,1.80,2.28,2.64,2.10,2.21,2.33,3.84,2.63
25/09/2023 07:23 a. m.,Ordeño,06:52,8.78,1,,TD,TI,TI,0,DI,1.32,1.74,0.00,1.56,714,350,0,0,4.92,4.88,0.00,4.72,VMS 3,,Divert 3,,1.74,2.40,0.00,2.10,2.45,2.77,0.00,3.56
25/09/2023 01:00 p. m.,Ordeño,07:32,12.87,2,,TD,,,0,,1.20,1.62,1.92,1.74,506,353,0,0,5.13,5.14,4.85,5.12,VMS 3,,Divert 3,,1.62,2.10,2.58,2.40,1.86,1.99,6.34,2.68
25/09/2023 11:36 p. m.,Ordeño,09:22,11.81,3,,TD,TI,TI,0,,1.26,1.86,0.00,1.74,513,351,0,0,5.05,5.21,0.00,5.12,VMS 3,,Divert 3,,1.86,3.00,0.00,2.58,3.36,3.85,0.00,4.60
26/09/2023 05:56 a. m.,Ordeño,07:36,15.20,1,,TD,,,0,,1.38,1.68,2.04,1.62,0,0,0,0,4.93,4.94,4.92,4.84,VMS 3,,Divert 3,,1.86,2.52,2.76,2.34,1.96,2.39,7.72,3.13
26/09/2023 03:58 p. m.,Ordeño,11:19,19.93,2,,,,,0,,1.62,1.92,1.92,1.68,506,0,0,0,5.32,5.34,5.32,4.72,VMS 3,,Divert 3,,2.22,2.70,2.58,2.70,3.67,3.97,6.13,6.16
26/09/2023 10:51 p. m.,Ordeño,06:37,8.84,3,,,TI,TI,0,,1.38,1.74,0.00,1.62,405,341,0,0,5.05,5.14,0.00,4.80,VMS 3,,Divert 3,,1.92,2.34,0.00,2.46,2.38,3.08,0.00,3.38
27/09/2023 05:21 p. m.,Ordeño,09:16,12.01,3,,,,,0,,1.20,1.80,1.86,1.56,0,0,0,0,5.11,5.15,5.34,5.04,VMS 3,,Divert 3,,1.74,2.40,2.52,2.34,2.34,2.61,3.71,3.35
27/09/2023 11:27 p. m.,Ordeño,08:50,12.51,4,,,,,0,,1.32,1.74,1.98,1.62,0,0,0,0,5.07,4.94,5.08,4.54,VMS 3,,Divert 3,,1.86,2.28,2.64,2.22,2.42,2.76,3.92,3.41
28/09/2023 10:53 a. m.,Ordeño,12:00,22.41,1,,TD,,,0,,1.56,1.92,2.04,1.80,0,0,0,0,5.26,5.15,5.08,4.74,VMS 3,,Tanque,,2.10,2.82,3.00,2.58,4.37,4.91,7.01,6.12
28/09/2023 08:42 p. m.,Ordeño,07:29,18.88,2,,,,,0,,0.72,1.74,2.10,1.62,0,0,0,0,5.19,5.21,4.92,5.11,VMS 3,,Tanque,,1.38,2.58,2.64,2.34,2.95,4.11,5.75,6.07
29/09/2023 04:10 a. m.,Ordeño,09:53,14.78,1,,TD,,,0,,1.44,1.74,1.44,1.56,0,0,0,0,5.00,5.00,4.69,4.67,VMS 3,,Tanque,,1.98,2.52,2.04,1.98,2.72,3.46,5.31,3.29
29/09/2023 11:06 a. m.,Ordeño,10:14,15.49,2,,,,,0,,1.44,1.74,1.74,1.68,0,0,0,0,5.20,5.02,4.98,4.76,VMS 3,,Tanque,,2.10,2.28,2.34,2.40,2.75,2.97,4.80,4.97
29/09/2023 05:30 p. m.,Ordeño,09:11,13.71,3,,,,,0,,1.38,1.68,1.62,1.74,0,0,0,0,5.38,4.96,5.13,4.82,VMS 3,,Tanque,,1.86,2.34,2.10,2.40,2.65,3.07,4.25,3.74
29/09/2023 11:06 p. m.,Ordeño,06:48,8.52,4,,,TI,TI,0,,1.44,1.74,0.00,1.56,0,0,0,0,5.05,5.02,0.00,4.79,VMS 3,,Tanque,,2.04,2.46,0.00,2.22,2.26,2.73,0.00,3.53
30/09/2023 03:00 a. m.,Ordeño,08:52,11.96,1,,,,,0,,1.02,1.44,1.68,1.02,0,0,0,0,5.11,5.16,4.77,4.93,VMS 3,,Tanque,,1.56,2.16,2.40,1.74,1.59,1.92,5.92,2.53
30/09/2023 12:46 p. m.,Ordeño,09:10,20.89,2,,,,,0,,1.32,1.92,1.98,1.74,0,0,0,0,5.18,5.16,4.79,4.85,VMS 3,,Tanque,,1.98,2.94,2.82,2.28,4.01,4.57,6.60,5.71
30/09/2023 06:52 p. m.,Ordeño,07:37,13.17,3,,,,,0,,1.38,1.74,1.74,1.80,0,0,0,0,5.18,4.94,4.92,4.73,VMS 3,,Tanque,,1.92,2.40,2.28,2.28,2.45,2.79,4.17,3.76
01/10/2023 02:38 a. m.,Ordeño,07:10,16.85,1,,,,,0,,1.08,1.74,1.62,1.68,0,0,0,0,4.97,5.16,4.78,4.99,VMS 3,,Tanque,,1.68,2.28,2.40,2.22,3.30,3.57,5.17,4.81
01/10/2023 09:55 a. m.,Ordeño,08:05,16.01,2,,,,,0,,1.14,1.74,1.80,1.68,0,0,0,0,5.05,5.01,4.72,4.78,VMS 3,,Tanque,,1.80,2.40,2.46,2.22,2.81,3.74,4.75,4.71
01/10/2023 03:12 p. m.,Ordeño,05:37,10.99,3,,,,,0,,1.20,1.38,1.80,1.68,0,0,0,0,5.11,5.14,4.80,4.85,VMS 3,,Tanque,,1.74,2.04,2.52,2.28,2.24,2.22,3.70,2.83
01/10/2023 09:21 p. m.,Ordeño,06:46,14.19,4,,,,,0,,1.38,1.62,1.68,1.68,394,0,0,0,5.21,5.14,4.79,4.89,VMS 3,,Tanque,,1.86,2.16,2.88,2.22,2.51,2.99,4.55,4.14
02/10/2023 03:54 a. m.,Ordeño,09:32,14.96,1,,,,,0,,1.14,1.62,1.56,1.56,0,0,0,0,5.20,5.21,5.00,4.97,VMS 3,,Tanque,,1.68,2.64,2.04,2.04,2.85,3.66,4.58,3.87
02/10/2023 12:39 p. m.,Ordeño,06:50,17.18,2,,,,,0,,1.26,1.68,1.80,1.80,0,0,0,0,5.13,5.13,4.82,4.89,VMS 3,,Tanque,,1.74,2.52,2.46,2.34,3.47,3.36,5.27,5.08
02/10/2023 06:42 p. m.,Ordeño,04:31,12.02,3,,,,,0,,1.14,1.62,1.80,1.68,0,0,0,0,4.92,5.03,4.75,4.87,VMS 3,,Tanque,,1.62,2.28,2.34,2.22,2.23,2.88,3.53,3.38
03/10/2023 02:12 a. m.,Ordeño,05:28,15.46,1,,,,,0,,1.20,1.68,1.74,1.68,0,0,0,0,4.99,4.98,4.93,4.74,VMS 3,,Tanque,,1.74,2.34,2.22,2.16,2.85,3.39,4.94,4.28
03/10/2023 07:58 a. m.,Ordeño,04:46,12.09,2,,,,,0,,1.08,1.68,1.92,1.74,0,0,0,0,4.86,5.12,4.73,4.73,VMS 3,,Tanque,,1.50,2.34,2.46,2.28,2.19,2.87,3.41,3.62
03/10/2023 04:13 p. m.,Ordeño,05:45,17.76,3,,,,,0,,1.38,1.80,1.74,1.68,0,0,0,0,5.39,5.33,5.12,5.00,VMS 3,,Tanque,,1.80,2.82,2.52,2.16,3.38,3.94,5.33,5.11
04/10/2023 12:21 a. m.,Ordeño,05:20,17.39,1,,,,,0,,1.32,1.74,1.86,1.68,0,0,0,0,5.20,5.12,4.76,4.74,VMS 3,,Tanque,,1.98,2.46,2.46,2.28,3.08,4.12,5.05,5.14
04/10/2023 10:31 a. m.,Ordeño,06:04,20.26,2,,,,,0,,1.38,1.74,1.86,1.74,0,0,0,0,5.12,5.12,4.92,4.95,VMS 3,,Tanque,,1.98,2.40,2.40,2.58,4.22,4.43,6.41,5.20
04/10/2023 05:04 p. m.,Ordeño,06:46,12.85,3,,,,,0,,0.96,1.68,1.68,1.74,0,0,0,0,4.78,4.94,4.67,4.58,VMS 3,,Tanque,,1.62,2.22,2.28,2.22,2.47,2.99,3.84,3.55
05/10/2023 01:53 a. m.,Ordeño,05:10,15.72,1,,,,,0,,1.26,1.62,1.80,1.68,0,0,0,0,4.87,4.94,4.58,4.50,VMS 3,,Tanque,,1.80,2.16,2.40,2.22,2.92,3.58,4.62,4.60
05/10/2023 01:23 p. m.,Ordeño,06:46,22.65,2,,,,,0,,1.38,1.74,1.92,1.62,0,0,0,0,5.37,5.19,4.83,5.17,VMS 3,,Tanque,,2.04,2.46,2.58,2.22,4.49,4.55,7.22,6.39
05/10/2023 08:39 p. m.,Ordeño,07:00,16.36,3,,,,,0,,1.38,1.62,1.56,1.62,0,0,0,0,5.24,5.30,4.96,4.94,VMS 3,,Tanque,,1.86,2.16,1.92,2.10,3.15,3.58,5.20,4.43
06/10/2023 06:44 a. m.,Ordeño,07:16,19.42,1,,,,,0,,1.26,1.62,1.50,1.62,0,0,0,0,5.33,5.29,5.07,5.08,VMS 3,,Tanque,,1.92,2.34,2.04,2.10,3.82,4.02,6.63,4.95
06/10/2023 03:37 p. m.,Ordeño,05:15,16.97,2,,,,,0,,1.32,1.74,1.74,1.74,0,0,0,0,5.13,5.07,4.78,4.72,VMS 3,,Tanque,,1.86,2.34,2.64,2.40,3.29,3.89,4.93,4.86
07/10/2023 01:43 a. m.,Ordeño,06:14,19.98,1,,,,,0,,1.32,1.68,1.80,1.74,0,0,0,0,5.17,5.08,4.72,4.59,VMS 3,,Tanque,,1.74,2.22,2.40,2.28,2.97,4.78,5.97,6.26
07/10/2023 09:44 a. m.,Ordeño,04:53,16.14,2,,,,,0,,1.38,1.68,1.80,1.74,0,0,0,0,5.29,5.21,4.93,4.94,VMS 3,,Tanque,,1.80,2.28,2.34,2.34,2.83,4.03,4.63,4.65
07/10/2023 08:44 p. m.,Ordeño,07:15,20.80,3,,,,,0,,1.44,1.68,1.74,1.80,0,0,0,0,5.02,4.95,4.67,4.79,VMS 3,,Tanque,,1.92,2.16,2.40,2.34,3.21,4.99,6.61,5.99
08/10/2023 04:48 a. m.,Ordeño,07:26,15.51,1,,,,,0,,1.26,1.68,1.74,1.86,0,0,0,0,4.80,4.89,4.57,4.58,VMS 3,,Tanque,,1.68,2.28,2.40,2.40,3.06,2.85,5.28,4.32
08/10/2023 11:09 a. m.,Ordeño,05:19,13.73,2,,,,,0,,1.14,1.62,1.74,1.74,0,0,0,0,5.05,5.21,4.90,4.93,VMS 3,,Tanque,,1.62,2.34,2.46,2.34,2.75,2.73,4.18,4.07
08/10/2023 04:29 p. m.,Ordeño,05:12,10.66,3,,,,,0,,1.20,1.44,1.56,1.56,0,0,0,0,4.93,4.74,4.77,4.85,VMS 3,,Tanque,,1.62,1.86,2.04,1.98,2.01,2.35,3.65,2.65
09/10/2023 12:14 a. m.,Ordeño,05:44,17.00,1,,,,,0,,1.38,1.68,1.74,1.74,0,0,0,0,5.33,5.31,4.95,5.04,VMS 3,,Tanque,,1.92,2.10,2.34,2.34,3.08,4.09,5.00,4.83
09/10/2023 07:52 a. m.,Ordeño,06:44,17.57,2,,,,,0,,1.32,1.68,1.68,1.74,0,0,0,0,5.32,5.49,5.17,5.33,VMS 3,,Tanque,,1.68,2.28,2.22,2.28,2.92,4.12,5.41,5.12
09/10/2023 03:17 p. m.,Ordeño,05:41,16.71,3,,,,,0,,1.38,1.74,1.74,1.68,0,0,0,0,5.25,5.30,4.95,5.28,VMS 3,,Tanque,,1.86,2.40,2.34,2.10,2.94,3.78,5.14,4.85
10/10/2023 12:14 a. m.,Ordeño,09:20,20.28,1,,TI,,,0,,1.44,1.68,1.44,1.68,0,0,0,0,5.23,5.32,5.17,5.18,VMS 3,,Tanque,,2.04,2.22,1.86,2.22,3.71,4.64,7.14,4.79
10/10/2023 11:48 a. m.,Ordeño,07:21,25.44,2,,,,,0,,1.38,1.80,1.80,1.86,0,0,0,0,5.25,5.30,4.97,5.32,VMS 3,,Tanque,,1.86,2.46,2.46,2.40,4.57,5.67,8.25,6.95
10/10/2023 06:51 p. m.,Ordeño,06:01,14.52,3,,,,,0,,1.26,1.62,1.56,1.44,0,0,0,0,4.85,4.96,4.60,5.02,VMS 3,,Tanque,,1.68,2.22,2.16,1.92,2.92,3.47,4.48,3.65
11/10/2023 02:53 a. m.,Ordeño,07:07,17.02,1,,,,,0,,1.38,1.56,1.62,1.50,0,0,0,0,5.17,5.19,4.83,4.98,VMS 3,,Tanque,,1.98,2.28,2.22,2.22,2.94,3.73,5.48,4.87
11/10/2023 11:57 a. m.,Ordeño,06:14,21.00,2,,,,,0,,1.32,1.68,1.80,1.68,0,0,0,0,5.10,5.18,4.92,5.10,VMS 3,,Tanque,,1.80,2.22,2.34,2.40,4.34,4.21,6.42,6.03
11/10/2023 09:02 p. m.,Ordeño,07:35,14.97,3,,,TD,TD,0,,1.32,1.62,1.80,0.00,0,0,0,0,4.91,4.98,4.78,0.00,VMS 3,,Tanque,,1.74,2.16,2.58,0.00,4.08,4.42,6.47,0.00
12/10/2023 04:33 a. m.,Ordeño,06:33,19.15,1,,,,,0,,1.26,1.62,1.50,1.92,0,0,0,0,4.96,5.04,4.79,4.84,VMS 3,,Tanque,,1.68,2.28,2.10,2.52,3.35,3.61,5.30,6.89
12/10/2023 11:32 a. m.,Ordeño,05:57,15.85,2,,,,,0,,1.38,1.74,1.74,1.44,0,0,0,0,4.89,4.97,4.71,4.65,VMS 3,,Tanque,,1.80,2.34,2.22,2.22,2.94,3.76,4.97,4.18
12/10/2023 08:32 p. m.,Ordeño,05:51,19.19,3,,,,,0,,1.38,1.74,1.86,1.68,0,0,0,0,4.89,5.05,4.77,4.85,VMS 3,,Tanque,,1.74,2.34,2.40,2.28,3.57,4.49,6.07,5.06
13/10/2023 06:57 a. m.,Ordeño,06:52,24.03,1,,,,,0,,1.50,1.74,1.80,1.62,0,0,0,0,5.09,5.06,4.78,4.97,VMS 3,,Tanque,,1.98,2.58,2.40,2.28,4.80,5.06,7.69,6.48
13/10/2023 03:43 p. m.,Ordeño,06:32,19.22,2,,,,,0,,1.44,1.74,1.68,1.56,0,0,0,0,5.07,5.11,4.86,5.12,VMS 3,,Tanque,,2.04,2.40,2.28,2.22,3.11,4.53,6.12,5.46
14/10/2023 03:20 a. m.,Ordeño,07:17,24.28,1,,,,,0,,1.38,1.68,1.86,1.80,0,0,0,0,5.24,5.24,4.93,5.04,VMS 3,,Tanque,,1.92,2.34,2.52,2.34,4.64,5.12,7.99,6.53
14/10/2023 10:49 a. m.,Ordeño,05:25,16.81,2,,,,,0,,1.50,1.68,1.74,1.74,0,0,0,0,5.01,4.98,4.79,4.71,VMS 3,,Tanque,,1.98,2.58,2.34,2.58,3.40,3.43,5.33,4.65
14/10/2023 05:31 p. m.,Ordeño,05:35,15.67,3,,,,,0,,1.50,1.74,1.62,1.68,0,0,0,0,5.27,5.23,5.07,5.00,VMS 3,,Tanque,,1.92,2.46,2.16,2.10,3.05,3.43,4.99,4.20
15/10/2023 01:13 a. m.,Ordeño,06:32,16.65,1,,,,,0,,1.44,1.38,1.62,1.44,0,0,0,0,5.72,5.52,5.35,5.52,VMS 3,,Tanque,,1.92,2.10,2.16,2.22,3.43,2.84,5.78,4.60
15/10/2023 10:46 a. m.,Ordeño,06:58,22.49,2,,,,,0,,1.56,1.86,1.74,1.80,0,0,0,0,5.37,5.03,4.97,5.28,VMS 3,,Tanque,,2.04,2.46,2.34,2.40,4.89,4.54,7.15,5.91
15/10/2023 08:06 p. m.,Ordeño,06:21,17.46,3,,,,,0,,1.38,1.80,1.50,1.80,0,0,0,0,4.92,4.92,4.62,4.56,VMS 3,,Tanque,,1.74,2.40,1.98,2.34,3.29,4.05,5.09,5.03
16/10/2023 01:46 a. m.,Ordeño,05:46,12.36,1,,,,,0,,1.14,1.26,1.50,1.26,0,0,0,0,5.10,5.17,4.96,5.08,VMS 3,,Tanque,,1.68,1.98,2.10,1.98,2.28,2.80,3.79,3.49
16/10/2023 08:08 a. m.,Ordeño,06:14,16.47,2,,,,,0,,1.50,1.68,1.62,1.50,0,0,0,0,5.31,5.43,5.20,5.37,VMS 3,,Tanque,,2.04,2.28,2.22,2.10,3.04,3.69,5.11,4.63
16/10/2023 03:55 p. m.,Ordeño,06:03,17.73,3,,,,,0,,1.44,1.74,1.68,1.68,0,0,0,0,5.51,5.29,5.41,5.30,VMS 3,,Tanque,,1.86,2.34,2.16,2.22,3.58,3.51,5.77,4.87
16/10/2023 09:26 p. m.,Ordeño,05:37,11.86,4,,,,,0,,1.14,1.50,1.68,1.44,0,0,0,0,5.21,5.16,5.20,5.07,VMS 3,,Tanque,,1.80,2.34,2.22,2.04,1.97,2.73,3.46,3.70
17/10/2023 04:13 a. m.,Ordeño,06:25,17.34,1,,,,,0,,1.44,1.74,1.68,1.62,0,0,0,0,5.54,5.51,5.35,5.44,VMS 3,,Tanque,,1.92,2.46,2.34,2.28,3.22,3.79,5.74,4.59
17/10/2023 10:50 a. m.,Ordeño,06:31,15.02,2,,,,,0,,1.38,1.44,1.44,1.56,0,0,0,0,5.20,5.20,5.00,5.17,VMS 3,,Tanque,,1.92,2.16,2.28,2.28,3.02,3.19,4.78,4.03
18/10/2023 12:18 a. m.,Ordeño,07:17,25.58,1,,,,,0,,1.56,1.62,1.74,1.86,0,0,0,0,5.20,4.99,4.93,4.85,VMS 3,,Tanque,,2.10,2.28,2.28,2.40,5.07,5.26,8.32,6.93
18/10/2023 05:53 a. m.,Ordeño,05:15,12.83,2,,,,,0,,1.26,1.74,1.56,1.74,0,0,0,0,4.80,5.00,4.68,4.68,VMS 3,,Tanque,,1.68,2.34,2.10,2.40,2.50,2.76,3.85,3.72
18/10/2023 11:41 a. m.,Ordeño,05:07,13.63,3,,,,,0,,1.20,1.62,1.56,1.74,0,0,0,0,5.32,5.31,5.24,5.23,VMS 3,,Tanque,,1.62,2.16,2.04,2.22,2.57,3.05,4.34,3.67
18/10/2023 05:31 p. m.,Ordeño,05:10,12.87,4,,,,,0,,1.26,1.50,1.56,1.56,0,0,0,0,5.48,5.45,5.34,5.44,VMS 3,,Tanque,,1.62,2.04,2.04,2.16,2.54,2.92,3.78,3.63
19/10/2023 01:35 a. m.,Ordeño,06:43,19.01,1,,,,,0,,1.38,1.68,1.62,1.74,0,0,0,0,5.78,5.56,5.54,5.70,VMS 3,,Tanque,,1.68,2.22,2.22,2.22,3.06,4.56,5.85,5.54
19/10/2023 07:30 a. m.,Ordeño,05:55,14.17,2,,,,,0,,1.26,1.50,1.74,1.56,0,0,0,0,4.95,4.98,4.92,4.98,VMS 3,,Tanque,,1.68,1.98,2.34,2.22,2.58,3.25,4.37,3.97
19/10/2023 07:55 p. m.,Ordeño,07:26,26.22,3,,,,,0,,1.26,1.68,1.56,1.80,0,0,0,0,5.07,5.10,4.90,4.83,VMS 2,,Tanque,,1.74,2.16,2.04,2.34,5.34,6.06,7.70,7.12
20/10/2023 04:14 a. m.,Ordeño,06:14,18.72,1,,,,,0,,1.44,1.68,1.50,1.62,0,0,0,0,5.13,5.28,4.96,5.13,VMS 2,,Tanque,,1.86,2.22,1.86,2.10,3.55,3.99,5.77,5.41
20/10/2023 01:01 p. m.,Ordeño,06:41,20.82,2,,,,,0,,1.38,1.62,1.44,1.74,0,0,0,0,5.18,5.22,4.96,4.87,VMS 2,,Tanque,,1.80,2.04,1.86,2.22,3.73,4.65,6.26,6.18
24/10/2023 02:35 a. m.,Ordeño,05:29,7.39,1,,,,,0,,0.48,0.96,1.02,0.90,0,0,0,0,5.63,5.22,5.32,5.14,VMS 2,,Tanque,,0.90,1.62,1.56,1.62,1.04,1.93,2.08,2.34
24/10/2023 04:34 p. m.,Ordeño,07:21,24.02,2,,,,,0,DI,1.38,1.62,1.56,1.56,0,0,0,0,6.07,5.47,5.20,5.16,VMS 2,,Tanque,,1.86,1.98,1.92,2.04,4.06,5.85,7.56,6.55
25/10/2023 12:54 a. m.,Ordeño,06:21,14.60,1,,,,,0,,1.08,1.50,1.38,1.44,0,0,0,0,5.06,4.74,4.60,4.50,VMS 2,,Tanque,,1.62,2.10,1.98,1.92,2.06,3.57,4.52,4.45
25/10/2023 01:39 p. m.,Ordeño,07:27,26.50,2,,,,,0,DI,1.32,1.62,1.68,1.74,0,0,0,0,6.26,5.75,5.28,5.49,VMS 2,,Tanque,,1.74,2.16,2.28,2.34,4.71,5.86,8.06,7.87
26/10/2023 09:11 p. m.,Ordeño,04:47,11.14,3,,,,,0,,1.08,1.50,1.44,1.62,0,0,0,0,5.47,5.22,4.93,4.82,VMS 2,,Tanque,,1.50,2.04,1.86,2.10,1.75,2.40,3.53,3.46
27/10/2023 05:13 a. m.,Ordeño,05:48,19.15,1,,,,,0,DI,1.26,1.62,1.62,1.80,0,0,0,0,6.34,5.49,5.30,5.51,VMS 2,,Tanque,,1.62,2.10,2.04,2.22,3.28,4.52,5.75,5.60
28/10/2023 12:23 a. m.,Ordeño,06:52,13.33,1,,,DI,DI,0,,0.00,1.50,1.50,1.68,0,0,0,0,0.00,4.70,4.58,4.38,VMS 2,,Tanque,,0.00,1.98,1.98,2.16,0.00,3.57,4.91,4.85
28/10/2023 09:44 a. m.,Ordeño,07:12,22.86,2,,,,,0,DI,1.38,1.68,1.38,1.74,0,0,0,0,6.43,5.30,5.18,5.20,VMS 2,,Tanque,,1.80,2.16,1.80,2.34,5.59,4.62,6.49,6.16
28/10/2023 07:02 p. m.,Ordeño,07:03,20.66,3,,,,,0,,1.26,1.56,1.38,1.74,0,0,0,0,5.64,5.39,5.15,4.99,VMS 2,,Tanque,,1.74,2.10,1.74,2.22,2.77,4.96,6.52,6.41
29/10/2023 04:24 a. m.,Ordeño,07:03,18.83,1,,,,,0,,1.26,1.56,1.38,1.68,0,0,0,0,5.40,4.98,4.95,4.84,VMS 2,,Tanque,,1.80,2.10,1.80,2.16,2.76,4.10,6.15,5.82
29/10/2023 01:10 p. m.,Ordeño,06:12,19.28,2,,,,,0,,1.26,1.50,1.68,1.68,0,0,0,0,5.33,5.17,4.76,4.85,VMS 2,,Tanque,,1.56,2.04,2.16,2.64,2.67,4.59,5.95,6.07
29/10/2023 09:03 p. m.,Ordeño,06:32,16.47,3,,,,,0,,1.20,1.56,1.38,1.68,0,0,0,0,5.12,4.96,4.83,4.66,VMS 2,,Tanque,,1.62,2.10,1.86,2.16,2.33,3.80,5.17,5.17
30/10/2023 06:47 a. m.,Ordeño,07:35,19.05,1,,,,,0,,1.32,1.62,1.32,1.80,0,0,0,0,5.32,4.95,4.87,4.82,VMS 2,,Tanque,,1.80,2.22,1.86,2.34,3.39,3.79,6.19,5.68
30/10/2023 02:32 p. m.,Ordeño,06:31,17.87,2,,,,,0,,1.38,1.62,1.50,1.80,0,0,0,0,5.61,5.22,4.84,5.10,VMS 2,,Tanque,,1.86,2.34,1.98,2.40,3.04,3.75,5.56,5.52
31/10/2023 03:22 a. m.,Ordeño,07:14,26.51,1,,,,,0,,1.38,1.56,1.62,1.68,0,0,0,0,5.65,5.50,4.99,5.44,VMS 2,,Tanque,,1.80,2.16,2.10,2.22,4.38,6.61,7.83,7.69
31/10/2023 12:43 p. m.,Ordeño,05:58,18.19,2,,,,,0,,1.32,1.50,1.50,1.62,0,0,0,0,5.31,5.10,4.85,5.18,VMS 2,,Tanque,,1.68,1.98,2.04,2.16,3.11,4.37,5.51,5.20
31/10/2023 09:50 p. m.,Ordeño,06:16,15.25,3,,,,,0,,1.26,1.44,1.44,1.68,0,0,0,0,5.15,4.84,4.72,4.59,VMS 2,,Tanque,,1.74,1.86,1.98,2.16,2.65,3.20,4.69,4.71
01/11/2023 06:36 a. m.,Ordeño,05:36,16.45,1,,,,,0,,1.26,1.62,1.56,1.68,0,0,0,0,5.21,4.98,4.79,4.79,VMS 2,,Tanque,,1.68,2.16,2.04,2.22,2.69,3.44,5.11,5.21
01/11/2023 12:40 p. m.,Ordeño,05:13,13.73,2,,,,,0,,1.32,1.44,1.50,1.68,0,0,0,0,5.34,5.32,4.93,5.04,VMS 2,,Tanque,,1.74,1.98,2.16,2.22,2.15,3.07,4.31,4.20
02/11/2023 12:03 a. m.,Ordeño,07:34,25.34,1,,,,,0,,1.32,1.68,1.56,1.80,0,0,0,0,5.45,5.59,5.13,5.27,VMS 2,,Tanque,,1.62,2.04,2.10,2.34,3.74,6.30,8.00,7.30
02/11/2023 02:12 p. m.,Ordeño,10:33,14.13,2,,DI,"DI,TD",TD,0,,1.02,1.80,1.62,0.00,0,0,0,0,5.09,5.03,5.00,0.00,VMS 2,,Tanque,,2.10,2.28,2.10,0.00,0.23,5.98,7.92,0.00
02/11/2023 08:43 p. m.,Ordeño,07:41,19.94,3,,,,,0,DI,1.32,1.38,1.50,1.74,0,0,0,0,5.54,4.72,4.41,4.55,VMS 2,,Tanque,,1.86,2.16,2.22,2.34,5.10,2.93,4.22,7.69
03/11/2023 03:38 a. m.,Ordeño,09:24,3.76,1,,,"DI,TI,TD","DI,TI,TD",0,,0.00,1.38,0.00,0.00,0,0,0,0,0.00,5.42,0.00,0.00,VMS 2,,Tanque,,0.00,1.86,0.00,0.00,0.00,3.76,0.00,0.00
03/11/2023 08:34 a. m.,Ordeño,06:05,14.39,2,,,,,0,,0.90,1.08,1.32,1.44,0,0,0,0,5.25,5.27,5.30,5.22,VMS 2,,Tanque,,1.56,1.68,1.80,2.04,1.75,2.58,5.02,5.04
03/11/2023 02:34 p. m.,Ordeño,05:42,16.12,3,,,,,0,,1.32,1.56,1.56,1.56,0,0,0,0,5.13,5.00,4.62,4.75,VMS 2,,Tanque,,1.74,2.10,2.22,2.16,2.01,3.67,5.35,5.09
03/11/2023 10:28 p. m.,Ordeño,06:53,19.53,4,,,,,0,,1.20,1.50,1.38,1.56,0,0,0,0,5.58,5.64,5.25,5.37,VMS 2,,Tanque,,1.62,1.98,1.86,2.04,2.98,4.59,6.28,5.68
04/11/2023 04:31 a. m.,Ordeño,06:18,16.42,1,,,,,0,,1.20,1.50,1.38,1.56,0,0,0,0,5.73,5.63,5.53,5.56,VMS 2,,Tanque,,1.62,1.86,1.80,2.16,2.80,3.79,5.05,4.78
04/11/2023 02:35 p. m.,Ordeño,07:03,21.93,2,,,,,0,,1.32,1.62,1.56,1.50,0,0,0,0,5.79,5.62,5.29,5.68,VMS 2,,Tanque,,1.68,2.22,2.10,2.10,3.86,5.09,7.10,5.88
04/11/2023 09:59 p. m.,Ordeño,07:24,7.55,3,,,"DI,TI","DI,TI",0,,0.00,1.44,0.00,1.56,0,0,0,0,0.00,4.80,0.00,4.61,VMS 2,,Tanque,,0.00,2.10,0.00,1.98,0.00,3.41,0.00,4.14
05/11/2023 02:58 a. m.,Ordeño,06:41,16.78,1,,,,,0,,1.26,1.26,1.62,1.20,0,0,0,0,5.19,4.87,4.83,4.94,VMS 2,,Tanque,,1.68,1.68,2.10,1.80,3.58,2.64,7.16,3.40
05/11/2023 10:04 a. m.,Ordeño,06:38,16.90,2,,,,,0,,1.26,1.50,1.38,1.50,0,0,0,0,5.32,5.27,5.02,5.50,VMS 2,,Tanque,,1.68,1.98,1.92,1.98,2.80,4.04,5.25,4.81
05/11/2023 04:36 p. m.,Ordeño,06:17,16.82,3,,,,,0,,1.26,1.50,1.38,1.44,0,0,0,0,5.61,5.61,5.37,5.73,VMS 2,,Tanque,,1.74,1.98,1.80,1.98,2.79,3.89,5.38,4.76
06/11/2023 03:10 a. m.,Ordeño,08:09,23.97,1,,,,,0,DI,1.44,1.62,1.32,1.80,0,0,0,0,6.66,5.94,5.56,5.69,VMS 2,,Tanque,,1.80,1.98,1.68,2.40,3.51,5.79,7.42,7.25
09/11/2023 06:37 p. m.,Ordeño,07:01,16.98,3,,,,,0,,1.14,1.44,1.32,1.44,0,0,0,0,5.60,5.23,4.90,4.98,VMS 2,,Tanque,,1.56,1.92,1.86,1.92,2.40,4.01,5.30,5.27
10/11/2023 06:09 a. m.,Ordeño,09:10,25.90,1,,,,,0,DI,1.20,1.56,1.38,1.62,0,0,0,0,5.90,5.43,5.13,5.04,VMS 2,,Tanque,,1.62,1.98,1.80,2.16,4.19,5.40,8.05,8.26
11/11/2023 03:50 a. m.,Ordeño,07:21,15.44,1,,,TD,TD,0,,1.32,1.38,1.44,0.00,0,0,0,0,5.32,5.08,4.87,0.00,VMS 2,,Tanque,,1.68,1.68,1.92,0.00,3.26,5.29,6.89,0.00
11/11/2023 10:23 a. m.,Ordeño,07:11,17.77,2,,,,,0,,1.20,1.56,1.44,1.44,0,0,0,0,5.18,5.01,4.74,4.97,VMS 2,,Tanque,,1.62,1.98,2.04,2.10,2.34,3.41,4.73,7.29
11/11/2023 07:39 p. m.,Ordeño,06:45,20.28,3,,,,,0,,1.26,1.56,1.50,1.56,0,0,0,0,5.46,4.95,4.93,4.63,VMS 2,,Tanque,,1.68,1.98,2.04,2.10,3.13,4.73,6.65,5.77
12/11/2023 03:56 a. m.,Ordeño,05:44,17.07,1,,,,,0,,1.20,1.26,1.62,1.50,0,0,0,0,5.02,4.84,4.67,4.63,VMS 2,,Tanque,,1.68,1.68,2.10,1.98,2.60,4.14,5.48,4.85
12/11/2023 07:01 p. m.,Ordeño,08:31,25.99,2,,,,,0,,1.38,1.68,1.74,1.68,0,0,0,0,5.42,5.46,4.95,5.08,VMS 2,,Tanque,,1.98,2.10,2.28,2.22,3.35,6.90,8.22,7.52
13/11/2023 04:04 a. m.,Ordeño,12:39,18.73,1,,,,,0,,1.44,1.50,1.62,1.50,0,0,0,0,5.59,5.25,5.09,5.18,VMS 2,,Tanque,,1.80,2.04,2.28,2.10,3.00,4.41,5.70,5.62
13/11/2023 04:26 p. m.,Ordeño,08:36,13.67,2,,,"DI,TD","DI,TD",0,,0.00,1.56,1.80,0.00,0,0,0,0,0.00,4.99,4.81,0.00,VMS 2,,Tanque,,0.00,1.98,2.40,0.00,0.00,5.59,8.08,0.00
13/11/2023 10:26 p. m.,Ordeño,06:31,18.44,3,,,,,0,DI,1.44,1.38,1.20,1.62,0,0,0,0,5.86,5.32,5.07,4.79,VMS 2,,Tanque,,1.92,2.16,1.74,2.16,4.58,3.22,4.28,6.36
14/11/2023 07:21 a. m.,Ordeño,06:26,20.25,1,,,,,0,,1.20,1.44,1.74,1.68,0,0,0,0,5.05,5.13,4.79,4.67,VMS 2,,Tanque,,1.68,1.86,2.28,2.28,2.43,5.02,6.73,6.07
14/11/2023 12:46 p. m.,Ordeño,09:55,4.99,2,,,"DI,TI","DI,TI",0,,0.00,0.96,0.00,0.72,0,0,0,0,0.00,5.05,0.00,5.07,VMS 2,,Tanque,,0.00,1.56,0.00,1.32,0.00,1.95,0.00,3.04
15/11/2023 03:53 a. m.,Ordeño,08:13,30.53,1,,,,,0,DI,1.38,1.68,1.68,2.64,0,0,0,0,4.96,4.82,4.68,3.76,VMS 2,,Tanque,,1.80,2.28,2.16,4.08,3.79,6.92,8.26,11.56
15/11/2023 01:38 p. m.,Ordeño,06:01,18.75,2,,,,,0,DI,1.26,1.44,1.50,2.10,0,0,0,0,5.11,4.89,4.61,4.14,VMS 2,,Tanque,,1.68,1.92,1.92,2.94,2.36,4.10,5.33,6.96
16/11/2023 12:47 a. m.,Ordeño,07:56,29.99,1,,,,,0,,1.44,1.56,1.56,2.46,0,0,0,0,5.40,5.21,4.89,4.60,VMS 2,,Tanque,,1.80,1.92,2.04,3.72,3.36,5.95,8.65,12.03
16/11/2023 07:41 a. m.,Ordeño,08:55,3.33,2,,,"DI,TI,TD","DI,TI,TD",0,,0.00,1.38,0.00,0.00,0,0,0,0,0.00,4.96,0.00,0.00,VMS 2,,Tanque,,0.00,1.92,0.00,0.00,0.00,3.33,0.00,0.00
16/11/2023 11:46 a. m.,Ordeño,06:19,15.66,3,,,,,0,DI,1.44,0.96,1.56,2.10,0,0,0,0,5.65,4.95,4.94,4.77,VMS 2,,Tanque,,1.86,1.56,1.92,3.06,2.91,1.63,6.35,4.77
16/11/2023 06:11 p. m.,Ordeño,06:54,14.95,4,,,,DI,0,,0.00,1.44,1.56,2.10,0,0,0,0,0.00,5.14,4.74,4.66,VMS 2,,Tanque,,0.00,1.98,2.04,2.94,0.00,3.64,5.05,6.26
17/11/2023 02:57 a. m.,Ordeño,07:02,24.16,1,,,,,0,,1.32,1.38,1.44,2.40,0,0,0,0,5.42,5.19,5.08,4.67,VMS 2,,Tanque,,1.74,1.80,1.86,3.30,3.89,4.47,6.87,8.93
17/11/2023 08:16 a. m.,Ordeño,06:38,12.61,2,,,,,0,,1.20,1.20,1.44,1.74,0,0,0,0,4.44,4.38,4.49,4.31,VMS 2,,Tanque,,1.86,1.74,2.04,2.40,1.55,2.80,3.83,4.43
17/11/2023 10:49 p. m.,Ordeño,13:57,15.27,3,,,"DI,TD","DI,TD",0,,0.00,1.50,1.86,0.00,0,0,0,0,0.00,4.61,4.51,0.00,VMS 2,,Tanque,,0.00,2.04,2.34,0.00,0.00,6.25,9.02,0.00
18/11/2023 06:01 a. m.,Ordeño,06:54,25.80,1,,,,,0,,1.50,1.38,1.44,2.58,0,0,0,0,4.70,4.32,4.45,4.36,VMS 2,,Tanque,,1.86,1.86,2.10,3.42,4.95,3.99,5.04,11.82
18/11/2023 02:31 p. m.,Ordeño,06:24,22.10,2,,,,,0,,1.38,1.44,1.62,2.52,0,0,0,0,5.00,5.20,5.11,4.66,VMS 2,,Tanque,,1.74,1.98,2.16,3.24,2.20,4.71,6.65,8.54
18/11/2023 09:21 p. m.,Ordeño,05:36,16.18,3,,,,,0,,1.32,1.38,1.62,2.10,0,0,0,0,5.00,4.97,4.75,4.85,VMS 2,,Tanque,,1.74,1.80,2.10,3.06,1.99,3.49,5.04,5.66
19/11/2023 02:14 a. m.,Ordeño,04:49,12.89,1,,,,,0,,1.26,1.38,1.44,2.46,0,0,0,0,5.07,5.02,4.88,4.53,VMS 2,,Tanque,,1.62,1.74,1.92,3.42,1.72,2.51,3.67,4.99
19/11/2023 08:18 a. m.,Ordeño,11:15,14.81,2,,,,,0,,1.26,1.32,1.50,2.58,0,0,0,0,5.39,5.08,5.07,5.03,VMS 2,,Tanque,,1.74,1.80,1.80,4.14,2.17,3.13,4.35,5.16
19/11/2023 03:15 p. m.,Ordeño,08:54,17.68,3,,DI,,,0,,1.02,1.44,1.62,2.40,0,0,0,0,5.16,5.06,4.88,4.84,VMS 2,,Tanque,,2.10,1.80,2.28,3.36,0.28,4.16,5.93,7.31
20/11/2023 12:47 a. m.,Ordeño,06:53,24.07,1,,,,,0,,1.50,1.44,1.62,2.16,0,0,0,0,4.63,4.73,4.56,4.16,VMS 2,,Tanque,,2.10,1.86,2.16,2.88,3.10,4.83,6.76,9.38
20/11/2023 10:19 a. m.,Ordeño,06:51,23.82,2,,,,,0,,1.44,1.44,1.62,1.98,0,0,0,0,4.99,4.96,4.79,4.62,VMS 2,,Tanque,,1.92,1.86,2.46,3.18,3.12,5.23,7.22,8.25
21/11/2023 01:16 a. m.,Ordeño,09:04,28.68,1,,TD,,,0,,1.56,1.44,1.74,2.10,0,0,0,0,5.02,4.70,4.64,4.47,VMS 2,,Tanque,,1.98,1.98,2.22,3.18,5.02,6.32,9.66,7.68
21/11/2023 09:02 a. m.,Ordeño,06:26,20.93,2,,TD,,,0,,1.26,1.38,1.50,1.98,0,0,0,0,4.62,4.43,4.30,4.40,VMS 2,,Tanque,,1.68,1.86,1.92,2.70,2.85,3.87,5.33,8.88
21/11/2023 01:48 p. m.,Ordeño,08:23,11.99,3,,,,,0,,0.78,1.20,1.32,1.44,0,0,0,0,4.66,4.72,4.62,4.36,VMS 2,,Tanque,,1.26,1.74,2.04,2.34,1.80,2.42,3.40,4.37
22/11/2023 01:17 a. m.,Ordeño,07:49,24.22,1,,TD,,,0,,1.50,1.68,1.74,1.92,0,0,0,0,4.67,4.51,4.18,4.40,VMS 2,,Tanque,,1.98,2.04,2.34,3.06,3.82,5.91,8.20,6.29
22/11/2023 09:05 a. m.,Ordeño,05:36,17.81,2,,TD,,,0,,1.56,1.32,1.74,1.98,0,0,0,0,4.44,4.32,4.08,4.32,VMS 2,,Tanque,,1.98,1.68,2.28,2.76,2.58,3.98,5.71,5.54
22/11/2023 04:51 p. m.,Ordeño,07:31,17.66,3,,,,TI,0,,0.96,1.38,0.00,2.22,0,0,0,0,4.45,4.67,0.00,4.31,VMS 2,,Tanque,,1.50,1.92,0.00,3.00,3.00,4.20,0.00,10.46
22/11/2023 11:55 p. m.,Ordeño,07:37,20.89,1,,,,,0,,1.44,1.44,1.62,1.68,0,0,0,0,4.82,4.87,4.41,4.39,VMS 2,,Tanque,,1.80,1.86,2.22,2.58,2.66,3.81,8.72,5.70
23/11/2023 06:04 a. m.,Ordeño,05:53,17.23,2,,,,,0,,1.26,1.38,1.50,2.04,0,0,0,0,4.74,4.92,4.41,4.56,VMS 2,,Tanque,,1.62,1.92,1.92,2.94,2.17,3.67,4.91,6.48
23/11/2023 12:57 p. m.,Ordeño,05:34,16.04,3,,TD,,,0,,1.32,1.44,1.56,2.22,0,0,0,0,4.72,4.98,4.69,4.83,VMS 2,,Tanque,,1.80,2.16,2.10,2.94,2.47,2.93,5.27,5.37
24/11/2023 03:41 a. m.,Ordeño,08:00,32.62,1,,TD,,,0,,1.44,1.50,1.68,2.04,0,0,0,0,4.82,4.86,4.49,4.52,VMS 2,,Tanque,,1.80,1.92,2.34,3.06,5.02,7.12,9.07,11.41
24/11/2023 02:09 p. m.,Ordeño,07:44,24.67,2,,TD,,,0,,1.50,1.56,1.44,1.86,0,0,0,0,4.85,4.78,4.52,4.40,VMS 2,,Tanque,,1.98,2.04,1.98,2.88,4.00,4.73,7.71,8.23
24/11/2023 10:36 p. m.,Ordeño,06:58,21.90,3,,,,,0,,1.38,1.32,1.44,1.74,0,0,0,0,4.39,4.47,4.34,4.28,VMS 2,,Tanque,,1.86,1.74,1.98,2.40,2.89,4.46,6.44,8.11
25/11/2023 02:09 p. m.,Ordeño,20:33,4.22,1,,,"DI,DD,TD","DI,DD,TD",0,,0.00,0.00,1.14,0.00,0,0,327,0,0.00,0.00,4.80,0.00,VMS 2,,Tanque,,0.00,0.00,1.56,0.00,0.00,0.00,4.22,0.00
27/11/2023 08:34 a. m.,Ordeño,06:27,20.06,2,,"DI,TD",,,0,,1.26,1.32,1.62,2.40,0,0,0,0,4.92,4.91,4.67,4.53,VMS 2,,Tanque,,1.80,1.92,2.22,3.06,2.14,3.55,6.32,8.05
27/11/2023 06:15 p. m.,Ordeño,06:50,18.78,3,,,,,0,TD,1.38,1.50,1.68,1.86,0,0,0,0,5.26,5.13,4.78,6.07,VMS 2,,Tanque,,1.80,1.86,2.28,2.40,2.80,3.24,6.92,5.82
28/11/2023 02:27 a. m.,Ordeño,06:03,16.58,1,,DI,,,0,,1.26,1.44,1.50,1.74,0,0,0,0,4.99,5.33,4.93,5.66,VMS 2,,Tanque,,1.80,1.80,2.04,2.40,1.93,3.68,5.76,5.21
28/11/2023 03:33 p. m.,Ordeño,07:10,25.05,2,,,,,0,,1.56,1.68,1.74,2.04,0,0,0,0,5.89,5.59,5.25,5.52,VMS 2,,Tanque,,2.04,2.34,2.16,2.76,3.92,5.55,8.36,7.22
29/11/2023 12:31 a. m.,Ordeño,05:51,16.88,1,,,,,0,,1.26,1.38,1.50,1.80,0,0,0,0,4.75,4.76,4.43,4.62,VMS 2,,Tanque,,1.56,1.80,2.10,2.28,2.30,3.64,5.32,5.62
29/11/2023 10:41 a. m.,Ordeño,06:54,21.97,2,,,,,0,,1.56,1.50,1.68,2.16,0,0,0,0,5.64,5.87,5.35,5.59,VMS 2,,Tanque,,1.92,1.92,2.10,2.76,2.80,5.25,7.60,6.32
29/11/2023 05:40 p. m.,Ordeño,06:07,13.67,3,,,,,0,,1.50,1.38,1.56,1.74,0,0,0,0,5.26,5.63,5.18,5.43,VMS 2,,Tanque,,1.92,1.98,2.04,2.22,1.64,3.18,4.66,4.19
30/11/2023 02:40 a. m.,Ordeño,06:36,20.84,1,,,,,0,,1.38,1.56,1.68,1.86,0,0,0,0,5.85,5.90,5.55,5.55,VMS 2,,Tanque,,1.80,2.10,2.10,2.34,2.76,4.37,7.31,6.40
30/11/2023 08:51 a. m.,Ordeño,05:23,13.80,2,,,,,0,,1.32,1.50,1.56,1.80,0,0,0,0,5.36,5.49,4.96,5.16,VMS 2,,Tanque,,1.86,2.10,2.22,2.34,2.12,2.99,4.57,4.12
30/11/2023 05:31 p. m.,Ordeño,06:06,17.98,3,,,,,0,,1.32,1.56,1.56,1.80,0,0,0,0,5.12,5.01,4.91,4.74,VMS 2,,Tanque,,1.74,1.98,1.98,2.64,2.66,3.83,6.07,5.42
01/12/2023 03:29 a. m.,Ordeño,08:14,22.69,1,,,,,0,,1.50,1.56,1.56,1.74,0,0,0,0,5.27,5.39,5.17,5.01,VMS 2,,Tanque,,1.86,1.98,1.98,2.28,3.30,4.92,7.53,6.94
01/12/2023 09:26 a. m.,Ordeño,04:54,12.74,2,,,,,0,,1.32,1.44,1.68,1.62,0,0,0,0,5.07,5.21,4.77,4.85,VMS 2,,Tanque,,1.80,2.16,2.28,2.16,1.92,3.06,4.18,3.58
01/12/2023 04:57 p. m.,Ordeño,05:43,15.17,3,,,,,0,,1.26,1.50,1.56,1.68,0,0,0,0,4.94,4.95,4.70,4.57,VMS 2,,Tanque,,1.62,1.92,2.16,2.16,2.27,3.32,5.08,4.50
02/12/2023 01:09 a. m.,Ordeño,07:26,18.58,1,,,,,0,,1.26,1.44,1.50,1.56,0,0,0,0,5.20,5.42,5.17,5.26,VMS 2,,Tanque,,1.74,1.92,2.10,2.10,2.62,4.07,6.13,5.76
02/12/2023 06:11 p. m.,Ordeño,08:38,28.09,2,,,,,0,,1.32,1.68,1.62,1.62,0,0,0,0,5.26,5.51,5.17,5.23,VMS 2,,Tanque,,1.68,2.34,2.04,2.22,4.01,7.03,8.70,8.35
03/12/2023 06:19 p. m.,Ordeño,05:55,15.21,2,,,,,0,,1.26,1.44,1.50,1.50,0,0,0,0,5.01,5.13,4.89,4.87,VMS 2,,Tanque,,1.74,1.86,2.16,2.28,2.13,3.52,4.89,4.67
04/12/2023 02:04 a. m.,Ordeño,05:52,15.83,1,,,,,0,,1.26,1.56,1.56,1.62,0,0,0,0,4.97,4.92,4.88,4.73,VMS 2,,Tanque,,1.74,2.10,1.98,2.28,2.34,3.36,5.36,4.77
04/12/2023 12:27 p. m.,Ordeño,07:12,23.44,2,,,,,0,,1.44,1.56,1.68,1.80,0,0,0,0,5.75,5.71,5.41,5.44,VMS 2,,Tanque,,1.86,2.10,2.28,2.40,3.76,4.75,7.98,6.95
04/12/2023 06:49 p. m.,Ordeño,05:20,13.92,3,,,,,0,,1.26,1.50,1.50,1.68,0,0,0,0,5.24,5.39,5.14,5.21,VMS 2,,Tanque,,1.62,2.10,1.92,2.34,2.13,2.94,4.53,4.32
05/12/2023 08:17 a. m.,Ordeño,08:27,25.69,1,,,,,0,,1.44,1.62,1.68,1.92,0,0,0,0,5.39,5.52,5.11,5.16,VMS 2,,Tanque,,1.86,2.10,2.34,2.52,3.35,5.81,8.75,7.78
05/12/2023 04:00 p. m.,Ordeño,05:52,16.38,2,,,,,0,,1.44,1.68,1.50,1.86,0,0,0,0,5.24,5.10,4.98,4.85,VMS 2,,Tanque,,1.86,2.28,1.92,2.40,2.70,3.31,5.35,5.02
06/12/2023 02:59 a. m.,Ordeño,06:29,21.91,1,,,,,0,,1.44,1.62,1.74,1.68,0,0,0,0,5.31,5.28,4.99,5.33,VMS 2,,Tanque,,1.80,2.28,2.22,2.16,3.13,4.98,7.33,6.47
06/12/2023 02:46 p. m.,Ordeño,07:33,24.26,2,,,,,0,,1.56,1.50,1.62,1.74,0,0,0,0,5.19,5.22,4.99,5.16,VMS 2,,Tanque,,2.10,1.92,2.16,2.16,3.40,5.69,7.91,7.26
07/12/2023 12:57 a. m.,Ordeño,06:46,20.71,1,,,,,0,,1.38,1.56,1.56,1.62,0,0,0,0,5.13,5.08,4.93,4.89,VMS 2,,Tanque,,1.74,2.04,2.04,2.10,2.94,4.64,6.80,6.33
07/12/2023 10:04 a. m.,Ordeño,06:52,22.18,2,,,,,0,,1.26,1.68,1.68,1.86,0,0,0,0,5.48,5.30,5.26,5.08,VMS 2,,Tanque,,1.68,2.34,2.16,2.46,3.39,4.45,7.47,6.87
07/12/2023 03:53 p. m.,Ordeño,04:48,11.80,3,,,,,0,,1.20,1.68,1.50,1.68,0,0,0,0,5.14,5.23,4.92,4.87,VMS 2,,Tanque,,1.62,2.22,2.04,2.46,1.79,2.51,3.86,3.64
08/12/2023 12:06 a. m.,Ordeño,05:58,17.89,1,,,,,0,,1.20,1.56,1.68,1.74,0,0,0,0,4.96,4.90,4.85,4.78,VMS 2,,Tanque,,1.62,2.10,2.22,2.40,2.13,4.02,6.12,5.62
08/12/2023 09:48 a. m.,Ordeño,06:34,20.44,2,,,,,0,,1.32,1.62,1.80,2.04,0,0,0,0,5.29,5.22,4.99,5.21,VMS 2,,Tanque,,1.80,2.16,2.28,2.94,2.96,3.65,7.57,6.26
08/12/2023 03:49 p. m.,Ordeño,05:16,13.57,3,,,,,0,,1.26,1.62,1.56,1.74,0,0,0,0,5.09,4.97,4.87,4.71,VMS 2,,Tanque,,1.74,2.10,2.10,2.40,1.90,2.99,4.64,4.04
09/12/2023 12:10 a. m.,Ordeño,07:16,18.03,1,,,,,0,,1.20,1.44,1.44,1.56,0,0,0,0,4.54,5.17,4.99,5.07,VMS 2,,Tanque,,2.10,1.98,1.92,1.92,2.79,3.83,5.87,5.54
09/12/2023 08:22 a. m.,Ordeño,06:37,18.46,2,,,,,0,,1.26,1.62,1.62,1.74,0,0,0,0,5.22,5.36,5.12,5.41,VMS 2,,Tanque,,1.68,2.04,2.04,2.22,2.32,3.52,6.71,5.91
09/12/2023 04:30 p. m.,Ordeño,06:16,18.88,3,,,,,0,,1.32,1.68,1.56,1.80,0,0,0,0,5.49,5.29,5.28,5.11,VMS 2,,Tanque,,1.74,2.34,2.04,2.34,2.91,4.05,6.27,5.65
09/12/2023 11:35 p. m.,Ordeño,06:08,16.62,4,,TD,,,0,,1.26,1.56,1.44,1.86,0,0,0,0,5.22,5.01,5.06,5.08,VMS 2,,Tanque,,1.62,1.98,1.92,2.82,2.55,3.88,5.54,4.65
10/12/2023 11:51 a. m.,Ordeño,08:39,27.00,1,,,,,0,,1.50,1.62,1.56,1.74,0,0,0,0,5.50,4.95,5.26,5.26,VMS 2,,Tanque,,1.92,2.16,1.98,2.22,4.00,6.72,8.40,7.88
10/12/2023 07:03 p. m.,Ordeño,05:43,15.91,2,,,,,0,,1.38,1.38,1.62,1.74,0,0,0,0,5.09,5.02,4.87,4.85,VMS 2,,Tanque,,1.86,1.98,2.28,2.34,2.21,3.66,5.31,4.73
10/12/2023 11:56 p. m.,Ordeño,05:11,10.60,1,,,,,0,,1.20,1.44,1.38,1.50,0,0,0,0,4.69,4.55,4.65,4.46,VMS 2,,Tanque,,1.56,1.86,1.86,2.10,1.71,2.24,3.36,3.29
11/12/2023 06:46 a. m.,Ordeño,05:59,15.23,2,,,,,0,,1.20,1.38,1.50,1.74,0,0,312,0,4.89,5.00,4.86,4.68,VMS 2,,Tanque,,1.62,1.86,2.04,2.34,2.00,3.28,5.01,4.94
11/12/2023 03:03 p. m.,Ordeño,06:43,18.98,3,,,,,0,,1.26,1.62,1.50,1.74,0,0,0,0,5.28,5.14,5.11,5.18,VMS 2,,Tanque,,1.74,2.16,2.04,2.46,2.71,3.78,6.68,5.81
11/12/2023 08:40 p. m.,Ordeño,05:21,9.77,4,,,DD,,0,,1.08,0.54,1.32,1.08,0,0,0,0,5.08,4.41,4.97,5.03,VMS 2,,Tanque,,1.50,0.96,1.92,1.74,1.76,1.24,3.83,2.94
12/12/2023 12:54 a. m.,Ordeño,05:13,10.10,1,,,,,0,,0.84,1.08,1.32,1.56,0,0,0,0,4.81,4.88,4.69,4.71,VMS 2,,Tanque,,1.26,1.56,1.92,2.10,1.44,2.12,3.47,3.07
12/12/2023 08:27 a. m.,Ordeño,06:34,18.52,2,,,,,0,,1.38,1.56,1.50,1.92,0,0,0,0,5.22,5.15,5.04,4.96,VMS 2,,Tanque,,1.80,1.92,1.92,2.46,2.95,3.83,6.23,5.51
12/12/2023 05:07 p. m.,Ordeño,06:14,15.71,3,,,,,0,,1.26,1.38,1.50,1.68,0,356,0,0,5.37,5.26,5.05,5.16,VMS 2,,Tanque,,1.74,1.86,2.04,2.22,2.17,3.03,5.93,4.58
13/12/2023 02:18 a. m.,Ordeño,06:21,17.54,1,,,,,0,,1.26,1.38,1.44,1.68,0,0,0,0,5.16,5.15,4.97,5.09,VMS 2,,Tanque,,1.74,1.86,1.92,2.10,2.59,4.06,5.82,5.07
13/12/2023 09:59 a. m.,Ordeño,06:54,18.31,2,,,,,0,,1.26,1.32,1.38,1.68,0,344,0,0,5.02,5.08,4.91,4.88,VMS 2,,Tanque,,1.68,1.86,1.86,2.28,2.53,4.00,6.34,5.44
13/12/2023 03:45 p. m.,Ordeño,05:35,14.59,3,,,,,0,,1.26,1.38,1.44,1.80,0,0,0,0,4.97,4.62,4.82,4.62,VMS 2,,Tanque,,1.86,1.98,1.86,2.40,2.44,3.03,4.55,4.57
13/12/2023 11:39 p. m.,Ordeño,06:29,18.74,4,,,,,0,,1.32,1.56,1.44,1.86,0,0,0,0,4.96,4.96,4.81,4.62,VMS 2,,Tanque,,1.74,1.98,1.98,2.40,2.77,4.00,6.03,5.94
14/12/2023 09:39 a. m.,Ordeño,07:28,23.17,1,,,,,0,,1.44,1.56,1.56,1.92,0,0,0,0,5.30,5.21,5.10,5.03,VMS 2,,Tanque,,1.98,1.98,2.04,2.52,3.53,4.72,7.87,7.05
14/12/2023 05:29 p. m.,Ordeño,06:19,18.33,2,,,,,0,,1.32,1.56,1.50,1.80,0,0,0,0,5.10,5.14,4.91,4.88,VMS 2,,Tanque,,1.80,2.10,2.04,2.40,2.87,3.88,6.00,5.58
15/12/2023 12:49 a. m.,Ordeño,06:19,17.47,1,,,,,0,,1.32,1.56,1.44,1.80,0,0,0,0,5.09,5.28,5.04,4.96,VMS 2,,Tanque,,1.86,2.22,1.92,2.40,2.27,3.97,5.80,5.43
15/12/2023 11:01 a. m.,Ordeño,07:18,21.88,2,,,,,0,,1.38,1.50,1.56,1.92,0,0,0,0,5.24,5.16,4.96,5.01,VMS 2,,Tanque,,1.80,1.98,2.10,2.46,3.62,4.16,7.46,6.64
15/12/2023 03:58 p. m.,Ordeño,05:22,11.01,3,,,,,0,,1.14,1.38,1.32,1.62,0,0,0,0,4.95,5.08,4.91,4.96,VMS 2,,Tanque,,1.56,1.98,1.80,2.16,1.62,2.46,3.61,3.32
16/12/2023 01:42 a. m.,Ordeño,07:02,22.68,1,,,,,0,,1.32,1.56,1.62,1.80,0,0,0,0,5.10,5.27,4.96,4.90,VMS 2,,Tanque,,1.74,2.04,2.16,2.46,3.51,4.76,7.49,6.92
16/12/2023 08:53 a. m.,Ordeño,05:45,15.55,2,,,,,0,,1.26,1.44,1.50,1.68,0,0,0,0,4.95,4.98,4.76,4.67,VMS 2,,Tanque,,1.62,1.92,2.04,2.34,2.26,3.60,4.98,4.71
16/12/2023 01:52 p. m.,Ordeño,04:33,8.96,3,,,,,0,,1.14,1.20,1.38,1.62,0,0,0,0,4.70,4.72,4.63,4.57,VMS 2,,Tanque,,1.68,1.68,1.80,2.16,1.26,2.00,3.03,2.67
16/12/2023 08:14 p. m.,Ordeño,05:12,12.84,4,,,,,0,,1.14,1.20,1.38,1.68,0,0,0,0,4.71,4.73,4.68,4.58,VMS 2,,Tanque,,1.68,1.62,1.80,2.28,1.79,2.80,4.20,4.05
17/12/2023 04:47 a. m.,Ordeño,08:26,19.17,1,,,,,0,,1.26,1.44,1.44,1.62,0,0,0,0,5.11,5.28,5.09,5.15,VMS 2,,Tanque,,1.68,1.86,1.98,2.16,2.46,4.09,6.57,6.05
17/12/2023 03:54 p. m.,Ordeño,07:41,23.01,2,,,,,0,,1.38,1.62,1.56,1.80,0,0,0,0,5.32,5.02,5.08,5.16,VMS 2,,Tanque,,1.86,2.16,2.10,2.46,3.92,3.93,8.11,7.05
18/12/2023 02:06 a. m.,Ordeño,07:28,22.61,1,,,,,0,,1.26,1.44,1.50,1.56,0,0,0,0,4.86,4.97,4.79,4.75,VMS 2,,Tanque,,1.62,1.74,2.10,2.04,3.05,4.83,7.67,7.06
18/12/2023 10:25 a. m.,Ordeño,07:54,20.30,2,,,,,0,,1.32,1.50,1.44,1.62,0,0,0,0,5.26,5.21,5.07,5.22,VMS 2,,Tanque,,1.80,1.92,1.98,2.22,3.18,4.14,6.79,6.19
18/12/2023 06:00 p. m.,Ordeño,06:37,18.93,3,,,,,0,,1.32,1.50,1.50,1.68,0,0,0,0,5.29,5.33,5.15,5.20,VMS 2,,Tanque,,1.74,1.86,1.98,2.28,2.67,4.23,6.34,5.69
18/12/2023 11:34 p. m.,Ordeño,05:08,12.11,4,,,,,0,,1.20,1.44,1.38,1.50,0,0,0,0,5.01,4.87,4.87,4.89,VMS 2,,Tanque,,1.62,1.98,1.80,2.16,1.84,2.54,3.89,3.84
19/12/2023 09:55 a. m.,Ordeño,08:12,24.26,1,,,,,0,,1.32,1.56,1.38,1.50,0,0,0,0,5.38,5.38,5.28,5.53,VMS 2,,Tanque,,1.92,2.16,1.80,2.04,3.85,4.97,8.10,7.34
19/12/2023 06:39 p. m.,Ordeño,06:49,21.46,2,,,,,0,,1.26,1.56,1.62,1.68,0,0,0,0,5.25,5.24,5.02,5.12,VMS 2,,Tanque,,1.68,2.10,2.04,2.28,3.58,4.44,6.93,6.51
20/12/2023 03:44 a. m.,Ordeño,06:30,16.35,1,,,DD,DD,0,,1.20,0.00,1.68,1.56,0,0,0,0,4.78,0.00,4.82,5.01,VMS 2,,Tanque,,1.62,0.00,2.16,1.98,2.87,0.00,7.08,6.40
20/12/2023 11:20 a. m.,Ordeño,06:15,20.15,2,,,,,0,,1.38,1.68,1.56,1.62,0,0,0,0,5.26,5.13,4.90,5.15,VMS 2,,Tanque,,2.10,2.28,1.98,2.16,2.66,6.20,5.70,5.59
20/12/2023 05:14 p. m.,Ordeño,06:03,13.48,3,,,,,0,,1.20,1.44,1.62,1.44,0,0,0,0,4.99,4.65,4.72,4.94,VMS 2,,Tanque,,1.62,1.92,2.04,2.04,2.07,2.78,4.48,4.15
21/12/2023 05:45 a. m.,Ordeño,06:45,24.18,1,,,,,0,,1.26,1.56,1.86,1.74,0,0,0,0,4.79,4.95,5.04,4.78,VMS 2,,Tanque,,1.80,2.10,2.64,2.34,3.02,5.31,7.74,8.11
21/12/2023 12:21 p. m.,Ordeño,06:16,12.98,2,,,,,0,,1.14,1.50,1.50,1.44,0,0,0,0,4.52,4.60,4.43,4.47,VMS 2,,Tanque,,1.62,2.10,2.16,2.22,2.25,2.77,3.99,3.97
21/12/2023 09:20 p. m.,Ordeño,06:08,18.08,3,,,,,0,,1.20,1.44,1.62,1.74,0,0,0,0,4.65,4.77,4.46,4.48,VMS 2,,Tanque,,1.68,1.80,2.04,2.28,2.73,3.99,6.01,5.35
22/12/2023 05:01 a. m.,Ordeño,06:08,18.29,1,,,,,0,,1.26,1.50,1.62,1.68,0,0,0,0,5.10,5.15,4.93,4.92,VMS 2,,Tanque,,1.68,2.04,2.04,2.34,2.39,4.19,6.21,5.50
22/12/2023 12:02 p. m.,Ordeño,06:54,15.33,2,,,,,0,,1.20,1.56,1.38,1.62,0,0,0,0,5.23,5.41,5.13,5.33,VMS 2,,Tanque,,1.80,1.98,2.04,2.22,2.40,3.12,5.02,4.79
22/12/2023 11:04 p. m.,Ordeño,07:11,17.21,3,,,,,0,,1.20,1.56,1.44,1.32,0,0,0,0,4.78,4.88,4.61,4.62,VMS 2,,Tanque,,1.68,2.10,2.04,2.04,2.59,4.08,5.68,4.86
23/12/2023 04:33 a. m.,Ordeño,05:28,9.51,1,,,,,0,,0.78,1.32,1.20,1.38,0,0,0,0,4.30,4.28,4.42,4.14,VMS 2,,Tanque,,1.26,1.92,1.92,2.10,1.48,2.06,3.15,2.82
23/12/2023 01:40 p. m.,Ordeño,06:45,17.72,2,,,,,0,,1.20,1.68,1.62,1.80,0,0,0,0,4.99,5.14,4.82,4.88,VMS 2,,Tanque,,1.68,2.58,2.28,2.46,2.67,3.42,6.12,5.51
23/12/2023 07:59 p. m.,Ordeño,05:13,12.40,3,,,,,0,,1.20,1.56,1.38,1.56,0,0,0,0,4.79,4.88,4.77,4.60,VMS 2,,Tanque,,1.56,2.10,1.80,1.98,1.95,2.72,4.00,3.73
24/12/2023 05:43 a. m.,Ordeño,06:59,21.26,1,,,,,0,,1.26,1.62,1.62,1.68,0,0,0,0,5.23,5.48,5.16,5.16,VMS 2,,Tanque,,1.80,2.10,2.10,2.28,2.51,4.70,7.11,6.94
24/12/2023 06:11 p. m.,Ordeño,17:50,9.98,2,,,"DI,TD","DI,TD",0,,0.00,1.26,1.50,0.00,0,0,0,0,0.00,5.55,5.37,0.00,VMS 2,,Tanque,,0.00,1.86,1.92,0.00,0.00,4.31,5.67,0.00
25/12/2023 04:45 a. m.,Ordeño,07:54,31.15,1,,,,,0,DI,1.32,1.62,1.68,1.80,0,0,0,0,5.49,4.90,4.72,4.59,VMS 2,,Tanque,,1.80,2.10,2.04,2.40,5.37,6.92,9.31,9.55
25/12/2023 01:47 p. m.,Ordeño,06:32,18.69,2,,,,,0,,1.20,1.44,1.68,1.74,0,0,0,0,5.11,4.96,4.89,4.74,VMS 2,,Tanque,,1.62,2.34,2.16,2.34,2.52,3.70,6.99,5.48
26/12/2023 02:01 a. m.,Ordeño,07:40,25.49,1,,,,,0,,1.32,1.44,1.68,1.68,0,0,0,0,5.34,5.17,4.95,5.11,VMS 2,,Tanque,,1.80,2.04,2.22,2.22,3.33,5.55,8.99,7.62
26/12/2023 08:10 a. m.,Ordeño,05:34,13.19,2,,,,,0,,1.14,1.32,1.56,1.38,0,0,0,0,5.06,5.03,4.81,4.92,VMS 2,,Tanque,,1.50,1.86,2.16,2.28,1.75,3.04,4.42,3.98
26/12/2023 03:17 p. m.,Ordeño,05:49,15.86,3,,,,,0,,1.14,1.44,1.56,1.56,0,0,0,0,5.35,5.15,5.07,5.33,VMS 2,,Tanque,,1.62,1.86,2.10,2.16,2.37,3.15,5.44,4.90
26/12/2023 08:56 p. m.,Ordeño,05:14,12.87,4,,,,,0,,1.32,1.32,1.50,1.50,0,0,0,0,5.43,5.30,5.19,5.39,VMS 2,,Tanque,,1.92,1.80,1.86,2.04,1.86,2.89,4.43,3.69
27/12/2023 01:59 a. m.,Ordeño,05:42,11.88,1,,,,,0,,1.26,1.44,1.44,1.56,0,0,0,0,5.22,5.38,5.06,5.18,VMS 2,,Tanque,,1.80,2.04,2.04,2.16,1.64,2.66,4.04,3.54
27/12/2023 01:49 p. m.,Ordeño,07:26,24.46,2,,,,,0,,1.38,1.38,1.74,1.80,0,0,0,0,5.63,5.30,5.20,5.51,VMS 2,,Tanque,,1.86,2.04,2.22,2.40,3.53,5.26,8.38,7.29
27/12/2023 11:48 p. m.,Ordeño,07:05,19.45,3,,,,,0,,1.26,1.44,1.62,1.62,0,0,0,0,5.22,5.18,4.79,5.05,VMS 2,,Tanque,,1.80,1.92,2.10,2.16,2.66,4.29,6.74,5.76
28/12/2023 05:50 a. m.,Ordeño,05:51,12.67,1,,,,,0,,1.08,1.38,1.44,1.56,0,0,0,0,4.69,4.70,4.54,4.50,VMS 2,,Tanque,,1.50,1.80,1.92,2.16,2.00,2.74,4.02,3.91
28/12/2023 01:22 p. m.,Ordeño,06:37,15.56,2,,,,,0,,1.26,1.74,1.56,1.68,0,0,0,0,5.22,5.18,5.07,5.30,VMS 2,,Tanque,,1.68,2.28,1.92,2.34,2.33,3.08,5.52,4.63
29/12/2023 01:29 a. m.,Ordeño,06:40,22.35,1,,,,,0,,1.14,1.74,1.56,1.80,0,0,0,0,5.25,5.25,4.91,5.16,VMS 2,,Tanque,,1.62,2.22,2.16,2.46,2.46,5.55,6.83,7.51
29/12/2023 08:09 a. m.,Ordeño,05:39,14.07,2,,,,,0,,1.20,1.50,1.50,1.62,0,0,0,0,4.89,4.78,4.51,4.64,VMS 2,,Tanque,,1.68,2.10,2.04,2.22,2.07,3.06,4.59,4.35
29/12/2023 07:03 p. m.,Ordeño,06:52,22.97,3,,,,,0,,1.32,1.56,1.68,1.68,0,0,0,0,5.36,5.44,5.07,5.30,VMS 2,,Tanque,,1.92,2.16,2.22,2.34,2.93,5.36,7.56,7.12
30/12/2023 09:15 a. m.,Ordeño,08:13,29.15,1,,,,,0,,1.26,1.62,1.68,1.80,0,0,0,0,5.23,5.17,5.05,4.99,VMS 2,,Tanque,,1.62,2.10,2.16,2.40,3.95,6.94,9.66,8.60
30/12/2023 06:36 p. m.,Ordeño,06:32,22.05,2,,,,,0,,1.32,1.56,1.68,1.62,0,0,0,0,5.16,5.16,4.91,5.20,VMS 2,,Tanque,,1.86,2.04,2.22,2.28,3.08,5.10,7.28,6.59
31/12/2023 02:18 a. m.,Ordeño,05:52,18.35,1,,,,,0,,1.50,1.68,1.68,1.62,0,0,0,0,5.64,5.42,5.17,5.49,VMS 2,,Tanque,,1.92,2.34,2.16,2.16,2.76,4.04,6.00,5.55
31/12/2023 01:27 p. m.,Ordeño,07:31,23.90,2,,,,,0,,1.32,1.62,1.62,1.68,0,0,0,0,5.36,5.23,5.05,5.33,VMS 2,,Tanque,,1.68,2.04,2.16,2.34,3.58,5.18,7.95,7.19
01/01/2024 02:08 a. m.,Ordeño,06:23,26.20,1,,,,,0,,1.50,1.50,1.80,1.92,0,0,0,0,5.36,5.25,5.03,5.25,VMS 2,,Tanque,,2.10,2.10,2.58,2.64,4.41,5.73,9.11,6.95
01/01/2024 01:56 p. m.,Ordeño,07:47,25.27,2,,,,,0,,1.50,1.68,1.62,1.92,0,0,0,0,5.37,5.17,5.07,5.02,VMS 2,,Tanque,,1.92,2.16,2.16,2.46,4.30,4.64,8.90,7.43
01/01/2024 09:36 p. m.,Ordeño,06:01,14.70,3,,,,,0,,1.32,1.38,1.62,1.56,0,0,0,0,4.98,4.91,4.68,4.79,VMS 2,,Tanque,,1.86,1.98,2.04,1.98,2.19,3.17,4.84,4.50
02/01/2024 07:26 a. m.,Ordeño,06:28,22.31,1,,,,,0,,1.38,1.68,1.86,1.62,0,0,0,0,5.37,5.61,5.17,5.56,VMS 2,,Tanque,,1.86,2.16,2.40,2.16,2.74,5.39,7.09,7.09
02/01/2024 12:13 p. m.,Ordeño,04:46,11.40,2,,,,,0,,1.26,1.50,1.56,1.44,0,0,0,0,5.02,5.43,5.23,5.35,VMS 2,,Tanque,,1.68,2.04,2.04,1.98,1.60,2.79,3.62,3.39
02/01/2024 10:46 p. m.,Ordeño,07:36,23.75,3,,,,,0,,1.20,1.56,1.62,1.50,0,331,0,0,5.40,5.58,5.22,5.30,VMS 2,,Tanque,,1.80,2.16,1.98,1.92,3.20,5.19,7.95,7.41
03/01/2024 08:16 a. m.,Ordeño,07:17,23.95,1,,,,,0,,1.32,1.86,1.62,1.68,0,0,0,0,5.34,5.24,5.11,5.08,VMS 2,,Tanque,,1.74,2.58,2.16,2.28,3.69,4.98,7.69,7.59
03/01/2024 03:27 p. m.,Ordeño,05:41,14.72,2,,,,,0,,1.32,1.56,1.68,1.62,0,0,0,0,5.08,5.10,4.69,4.96,VMS 2,,Tanque,,1.80,2.10,2.28,2.28,2.12,3.28,5.07,4.25
03/01/2024 09:40 p. m.,Ordeño,05:34,11.19,3,,,,,0,,1.20,1.38,1.38,1.32,0,0,0,0,4.73,4.96,4.85,4.82,VMS 2,,Tanque,,1.62,1.86,1.86,1.98,1.49,2.42,3.91,3.37
04/01/2024 09:32 a. m.,Ordeño,06:02,23.91,1,,,,,0,,1.38,1.62,1.74,1.68,0,0,0,0,5.45,4.65,5.15,5.58,VMS 2,,Tanque,,1.92,2.16,2.34,2.16,3.32,6.96,7.02,6.61
04/01/2024 03:06 p. m.,Ordeño,05:11,11.61,2,,,,,0,,1.14,1.50,1.44,1.62,0,0,0,0,5.01,5.17,4.89,5.03,VMS 2,,Tanque,,1.62,2.04,2.04,2.16,1.95,2.33,3.89,3.44
05/01/2024 07:46 a. m.,Ordeño,09:09,31.38,1,,,,,0,,1.44,1.68,1.80,1.62,0,0,0,0,5.18,5.30,4.90,4.86,VMS 2,,Tanque,,1.86,2.34,2.34,2.28,4.50,7.69,10.04,9.15
05/01/2024 04:49 p. m.,Ordeño,07:57,18.98,2,,,,,0,,1.14,1.62,1.38,1.50,0,0,0,0,4.67,4.91,4.77,4.74,VMS 2,,Tanque,,1.68,2.28,1.92,3.42,2.82,3.97,6.03,6.16
06/01/2024 02:59 a. m.,Ordeño,07:22,20.95,1,,,,,0,,1.32,1.56,1.50,1.56,0,0,0,0,5.09,5.12,5.03,5.13,VMS 2,,Tanque,,1.98,2.04,1.92,2.16,2.83,4.08,7.45,6.59
06/01/2024 09:02 a. m.,Ordeño,05:59,12.85,2,,,,,0,,1.20,1.50,1.44,1.56,0,0,0,0,5.02,5.18,5.02,5.14,VMS 2,,Tanque,,1.62,2.10,1.92,1.98,2.01,2.78,4.20,3.86
06/01/2024 02:56 p. m.,Ordeño,05:26,10.90,3,,,,,0,,1.08,1.14,1.44,1.26,0,0,0,0,5.01,5.12,4.90,5.00,VMS 2,,Tanque,,1.56,1.92,2.04,2.10,1.60,2.35,3.51,3.44
07/01/2024 12:10 a. m.,Ordeño,09:23,12.21,1,,,"DI,TD","DI,TD",0,,0.00,1.44,1.38,0.00,0,0,0,0,0.00,5.37,5.16,0.00,VMS 2,,Tanque,,0.00,2.10,2.04,0.00,0.00,4.64,7.57,0.00
07/01/2024 04:42 a. m.,Ordeño,07:07,17.18,2,,,,,0,,1.20,1.26,1.62,1.74,0,0,0,0,5.24,5.29,5.10,5.28,VMS 2,,Tanque,,1.62,1.86,2.16,2.40,2.61,2.38,3.84,8.35
07/01/2024 01:15 p. m.,Ordeño,06:19,17.87,3,,,,,0,,1.26,1.56,1.56,1.50,0,0,0,0,4.98,5.28,4.96,4.75,VMS 2,,Tanque,,1.62,2.10,2.04,2.16,2.62,3.97,6.18,5.10
07/01/2024 09:34 p. m.,Ordeño,05:32,16.03,4,,,,,0,,1.26,1.32,1.56,1.44,0,0,0,0,4.71,4.80,4.55,4.63,VMS 2,,Tanque,,1.92,1.80,2.10,2.04,2.26,3.62,5.46,4.69
08/01/2024 03:45 a. m.,Ordeño,05:30,13.50,1,,,,,0,,1.08,1.32,1.50,1.38,0,0,0,0,4.90,5.02,4.94,5.17,VMS 2,,Tanque,,1.56,1.80,1.86,1.86,1.57,2.96,4.84,4.13
08/01/2024 12:43 p. m.,Ordeño,06:59,21.23,2,,,,,0,,1.26,1.62,1.56,1.50,0,0,0,0,5.64,5.69,5.36,5.82,VMS 2,,Tanque,,1.74,2.16,1.98,1.92,3.23,4.42,7.06,6.52
08/01/2024 11:21 p. m.,Ordeño,06:53,20.87,3,,,,,0,,1.38,1.56,1.56,1.56,0,0,0,0,5.04,5.03,4.83,5.07,VMS 2,,Tanque,,1.86,1.98,2.10,2.04,2.96,4.30,7.14,6.47
09/01/2024 05:55 a. m.,Ordeño,05:59,15.87,1,,,,,0,,1.20,1.44,1.56,1.62,0,0,0,0,5.37,5.43,5.12,5.12,VMS 2,,Tanque,,1.62,2.04,1.98,2.22,2.31,3.24,5.42,4.90
09/01/2024 09:55 a. m.,Ordeño,04:55,8.69,2,,,,,0,,1.02,1.44,1.32,1.62,0,0,0,0,5.24,5.27,5.26,5.27,VMS 2,,Tanque,,1.50,1.86,1.80,2.16,1.40,1.84,2.95,2.50
09/01/2024 05:17 p. m.,Ordeño,05:45,15.24,3,,,,,0,,1.08,1.38,1.50,1.68,0,0,0,0,5.25,5.21,4.97,4.94,VMS 2,,Tanque,,1.50,1.86,2.16,2.22,1.79,3.52,5.06,4.87
09/01/2024 11:44 p. m.,Ordeño,07:33,15.25,4,,,,,0,,1.08,1.26,1.50,1.44,0,0,0,0,5.09,5.14,4.97,5.17,VMS 2,,Tanque,,1.62,2.10,1.92,1.92,2.16,3.43,4.98,4.68
10/01/2024 10:42 a. m.,Ordeño,07:24,23.90,1,,,,,0,,1.32,1.44,1.68,1.68,0,0,0,0,5.22,5.26,5.08,5.21,VMS 2,,Tanque,,1.80,2.04,2.22,2.28,3.44,4.77,8.45,7.24
10/01/2024 08:16 p. m.,Ordeño,06:34,19.71,2,,,,,0,,1.38,1.44,1.56,1.62,0,0,0,0,5.08,5.05,4.87,4.83,VMS 2,,Tanque,,1.86,1.98,2.16,2.22,2.94,4.27,6.64,5.86
11/01/2024 02:08 a. m.,Ordeño,04:57,10.87,1,,,,,0,,1.14,1.32,1.44,1.50,0,0,0,0,4.61,4.65,4.53,4.50,VMS 2,,Tanque,,1.50,1.80,1.86,1.92,1.59,2.34,3.62,3.32
11/01/2024 11:18 a. m.,Ordeño,06:28,20.04,2,,,,,0,,1.32,1.56,1.62,1.80,0,0,0,0,5.36,5.39,5.13,5.09,VMS 2,,Tanque,,1.74,2.28,2.10,2.58,2.99,3.94,6.92,6.19
11/01/2024 10:58 p. m.,Ordeño,06:49,22.86,3,,,,,0,,1.44,1.62,1.86,1.80,0,0,0,0,5.23,5.25,4.93,4.89,VMS 2,,Tanque,,1.86,2.22,2.40,2.46,2.89,4.61,8.31,7.05
12/01/2024 05:18 a. m.,Ordeño,05:26,13.43,1,,,,,0,,1.20,1.26,1.62,1.56,0,0,0,0,4.90,4.87,4.67,4.65,VMS 2,,Tanque,,1.56,1.80,2.10,2.16,2.04,2.65,4.57,4.17
12/01/2024 02:00 p. m.,Ordeño,06:10,18.83,2,,,,,0,,1.32,1.62,1.74,1.62,0,365,0,0,5.49,5.69,5.19,5.68,VMS 2,,Tanque,,1.74,2.28,2.22,2.22,2.85,3.35,6.77,5.86
12/01/2024 09:03 p. m.,Ordeño,05:27,15.62,3,,,,,0,,1.20,1.56,1.68,1.62,0,0,0,0,4.77,4.90,4.65,4.70,VMS 2,,Tanque,,1.68,2.22,2.34,2.28,1.95,3.66,5.30,4.71
13/01/2024 12:48 p. m.,Ordeño,08:34,29.10,1,,,,,0,,1.44,1.62,1.86,1.92,0,0,0,0,5.43,5.50,5.16,5.14,VMS 2,,Tanque,,2.04,2.16,2.40,2.58,4.41,6.96,9.18,8.55
13/01/2024 11:25 p. m.,Ordeño,06:57,23.81,2,,,,,0,,1.44,1.50,1.74,1.74,0,0,0,0,5.30,5.25,5.03,5.06,VMS 2,,Tanque,,1.86,2.10,2.28,2.46,3.01,5.35,8.13,7.32
14/01/2024 05:56 a. m.,Ordeño,05:23,15.64,1,,,,,0,,1.32,1.56,1.74,1.62,0,0,0,0,4.82,4.93,4.76,4.73,VMS 2,,Tanque,,1.74,2.10,2.40,2.22,2.34,3.58,5.11,4.61
14/01/2024 12:05 p. m.,Ordeño,08:39,2.85,2,,TD,"DI,TI,TD","DI,TI,TD",0,,0.00,1.56,0.00,0.18,0,0,0,0,0.00,5.23,0.00,4.96,VMS 2,,Tanque,,0.00,2.10,0.00,0.36,0.00,2.80,0.00,0.05
14/01/2024 05:04 p. m.,Ordeño,06:34,19.93,3,,,,,0,,1.44,1.38,1.74,1.74,0,0,0,0,5.36,4.99,5.17,4.98,VMS 2,,Tanque,,1.86,2.04,2.22,2.40,3.50,2.48,7.37,6.58
14/01/2024 11:37 p. m.,Ordeño,05:45,15.97,4,,,,,0,,1.32,1.50,1.56,1.62,0,0,0,0,5.21,5.35,5.16,5.05,VMS 2,,Tanque,,1.74,2.04,2.10,2.28,2.50,3.49,5.23,4.75
15/01/2024 07:51 a. m.,Ordeño,06:07,19.62,1,,,,,0,,1.32,1.56,1.80,1.68,0,0,0,0,5.06,5.33,4.96,5.02,VMS 2,,Tanque,,1.68,2.04,2.46,2.22,2.64,4.59,6.48,5.91
15/01/2024 06:01 p. m.,Ordeño,06:53,22.85,2,,,,,0,,1.38,1.68,1.74,1.62,0,0,0,0,5.12,5.28,4.94,5.10,VMS 2,,Tanque,,1.80,2.46,2.34,2.16,3.42,4.71,7.72,7.00
16/01/2024 02:12 a. m.,Ordeño,07:11,18.12,1,,,,,0,,1.26,1.38,1.56,1.56,0,0,0,0,4.75,4.75,4.75,4.58,VMS 2,,Tanque,,1.68,1.98,2.04,2.10,2.75,4.05,5.89,5.43
16/01/2024 10:07 a. m.,Ordeño,06:18,18.63,2,,,,,0,,1.38,1.56,1.62,1.62,0,0,0,0,5.34,5.44,5.20,5.19,VMS 2,,Tanque,,1.80,2.10,2.16,2.28,2.58,4.19,6.42,5.44
16/01/2024 05:04 p. m.,Ordeño,05:56,15.76,3,,,,,0,,1.32,1.56,1.62,1.62,0,0,0,0,5.06,5.10,5.00,4.88,VMS 2,,Tanque,,1.74,1.98,2.28,2.16,2.38,3.17,5.38,4.83
17/01/2024 12:18 a. m.,Ordeño,05:46,16.88,1,,,,,0,,1.32,1.38,1.68,1.56,0,0,0,0,4.87,4.95,4.74,4.74,VMS 2,,Tanque,,1.62,1.80,2.22,2.10,2.47,3.56,5.70,5.15
17/01/2024 07:39 a. m.,Ordeño,08:24,18.03,2,,,,,0,,1.32,1.32,1.68,1.44,0,0,0,0,5.25,5.35,5.15,5.29,VMS 2,,Tanque,,1.86,1.74,2.28,2.16,2.75,3.71,6.06,5.51
17/01/2024 02:45 p. m.,Ordeño,06:22,16.22,3,,,,,0,,1.20,1.26,1.50,1.56,0,0,0,0,5.34,5.33,5.23,5.27,VMS 2,,Tanque,,1.68,1.86,2.10,2.28,2.11,3.10,5.82,5.19
17/01/2024 09:55 p. m.,Ordeño,05:42,15.69,4,,,,,0,,1.38,1.44,1.62,1.50,0,0,0,0,4.97,5.15,4.89,4.82,VMS 2,,Tanque,,1.92,1.98,2.16,2.04,2.35,3.15,5.40,4.79
18/01/2024 07:43 a. m.,Ordeño,07:12,23.82,1,,,,,0,,1.44,1.50,1.74,1.68,0,0,0,0,5.32,5.55,5.17,5.26,VMS 2,,Tanque,,1.92,2.22,2.22,2.22,3.20,4.96,8.46,7.20
18/01/2024 04:42 p. m.,Ordeño,06:16,19.82,2,,,,,0,,1.38,1.62,1.74,1.74,0,0,0,0,5.11,5.27,4.99,5.01,VMS 2,,Tanque,,1.86,2.04,2.28,2.28,2.35,4.26,7.00,6.21
19/01/2024 12:20 a. m.,Ordeño,05:24,15.39,1,,,,,0,,1.38,1.44,1.62,1.56,0,0,0,0,4.91,4.81,4.71,4.54,VMS 2,,Tanque,,1.74,2.04,2.16,2.04,2.11,3.38,5.19,4.71
19/01/2024 07:42 a. m.,Ordeño,05:52,17.82,2,,,,,0,,1.44,1.56,1.80,1.68,0,0,0,0,5.16,5.26,4.97,5.17,VMS 2,,Tanque,,2.40,2.16,2.40,2.22,2.79,3.55,6.19,5.29
19/01/2024 04:25 p. m.,Ordeño,06:19,19.53,3,,,,,0,,1.32,1.50,1.74,1.50,0,0,0,0,5.18,5.20,4.98,5.00,VMS 2,,Tanque,,1.74,2.16,2.46,2.10,2.60,4.15,6.80,5.98
19/01/2024 10:59 p. m.,Ordeño,05:11,14.54,4,,,,,0,,1.20,1.38,1.68,1.56,0,0,0,0,4.73,4.81,4.68,4.54,VMS 2,,Tanque,,1.68,1.98,2.40,2.16,1.92,3.27,4.86,4.49
20/01/2024 01:10 p. m.,Ordeño,07:37,27.35,1,,,,,0,,1.56,1.68,1.80,1.80,0,0,0,0,5.27,5.27,5.03,5.00,VMS 2,,Tanque,,2.04,2.34,2.40,2.46,3.72,5.90,9.09,8.64
21/01/2024 07:02 a. m.,Ordeño,07:27,29.05,1,,,,,0,,1.44,1.68,1.80,1.80,0,0,0,0,4.95,5.18,4.73,4.65,VMS 2,,Tanque,,1.86,2.22,2.28,2.40,4.23,6.64,9.33,8.85
21/01/2024 04:33 p. m.,Ordeño,06:26,20.26,2,,,,,0,,1.44,1.74,1.80,1.56,0,0,0,0,5.08,5.19,4.84,4.86,VMS 2,,Tanque,,2.28,2.34,2.58,2.04,2.29,4.62,7.35,6.00
21/01/2024 11:01 p. m.,Ordeño,05:29,14.19,3,,,,,0,,1.32,1.38,1.56,1.50,0,0,0,0,4.82,4.89,4.71,4.74,VMS 2,,Tanque,,1.86,1.98,2.16,1.98,2.06,3.24,4.74,4.15
22/01/2024 07:20 a. m.,Ordeño,08:06,19.23,1,,,,,0,,1.32,1.56,1.62,1.56,0,0,0,0,5.20,5.30,4.99,5.15,VMS 2,,Tanque,,1.68,1.98,2.16,1.98,2.55,4.35,6.55,5.78
22/01/2024 06:14 p. m.,Ordeño,08:20,24.36,2,,,,,0,,1.50,1.62,1.62,1.68,0,0,0,0,5.27,5.40,5.19,5.18,VMS 2,,Tanque,,2.04,2.10,2.16,2.10,3.47,5.23,8.34,7.32
23/01/2024 01:15 a. m.,Ordeño,06:25,16.46,1,,,,,0,,1.26,1.38,1.56,1.68,0,0,0,0,4.94,4.88,4.63,4.64,VMS 2,,Tanque,,1.74,2.04,2.16,2.16,2.38,3.73,5.61,4.74
23/01/2024 07:58 a. m.,Ordeño,13:41,12.35,2,,,,,0,,1.20,1.44,1.32,1.44,0,0,0,0,5.20,5.20,5.30,5.33,VMS 2,,Tanque,,1.74,1.98,1.80,2.10,2.14,3.28,3.91,3.02
23/01/2024 03:20 p. m.,Ordeño,06:56,16.95,3,,,,,0,,1.44,1.44,1.44,1.74,0,0,0,0,5.34,5.34,5.32,5.17,VMS 2,,Tanque,,1.98,1.92,2.04,2.34,1.93,2.86,6.42,5.74
24/01/2024 01:45 a. m.,Ordeño,07:23,23.68,1,,,,,0,,1.44,1.62,1.68,1.68,0,0,0,0,5.10,5.24,4.90,4.73,VMS 2,,Tanque,,1.80,2.10,2.16,2.28,3.18,5.17,8.33,7.00
24/01/2024 09:29 a. m.,Ordeño,06:40,18.42,2,,,,,0,,1.56,1.56,1.56,1.68,0,0,0,0,5.31,5.38,5.03,5.05,VMS 2,,Tanque,,2.10,2.22,2.22,2.22,2.37,4.27,6.56,5.22
24/01/2024 07:31 p. m.,Ordeño,07:16,23.75,3,,,,,0,,1.50,1.74,1.62,1.68,0,0,0,0,5.24,5.41,5.15,5.04,VMS 2,,Tanque,,1.98,2.46,2.22,2.28,2.72,5.53,8.13,7.37
25/01/2024 12:40 a. m.,Ordeño,05:28,10.90,1,,,,,0,,1.38,1.56,1.26,1.56,0,0,0,0,4.91,5.01,4.90,4.75,VMS 2,,Tanque,,1.86,2.10,1.74,1.98,1.65,2.37,3.75,3.13
25/01/2024 07:54 a. m.,Ordeño,06:31,17.20,2,,,,,0,,1.38,1.56,1.44,1.62,0,0,0,0,5.08,5.11,5.04,5.00,VMS 2,,Tanque,,1.86,2.22,1.98,2.16,2.51,3.80,5.92,4.97
25/01/2024 04:06 p. m.,Ordeño,07:08,19.17,3,,,,,0,,1.50,1.56,1.38,1.50,0,0,0,0,5.02,5.02,5.05,5.15,VMS 2,,Tanque,,2.04,2.34,1.92,1.98,2.66,4.11,6.54,5.86
25/01/2024 11:06 p. m.,Ordeño,06:23,14.82,4,,,,,0,,1.44,1.38,1.32,1.50,0,0,0,0,4.93,4.96,4.92,4.75,VMS 2,,Tanque,,1.92,1.92,1.68,1.92,1.98,3.20,5.36,4.28
26/01/2024 03:11 a. m.,Ordeño,04:54,9.46,1,,,,,0,,1.20,1.20,1.32,1.26,0,0,0,0,4.75,4.82,4.79,4.67,VMS 2,,Tanque,,1.80,1.68,1.98,1.74,1.43,1.85,3.31,2.87
26/01/2024 11:32 a. m.,Ordeño,07:22,20.54,2,,,,,0,,1.50,1.50,1.56,1.56,0,0,0,0,5.33,5.42,5.20,5.16,VMS 2,,Tanque,,2.04,2.04,2.10,2.04,2.73,4.36,7.35,6.10
26/01/2024 04:08 p. m.,Ordeño,10:24,10.85,3,,,,,0,,1.02,1.02,1.38,1.08,0,0,0,0,5.21,5.28,5.13,5.22,VMS 2,,Tanque,,1.80,1.62,2.04,1.62,1.69,2.14,3.82,3.20
27/01/2024 01:01 a. m.,Ordeño,07:10,20.14,1,,,,,0,,1.44,1.50,1.50,1.62,0,0,0,0,5.30,5.40,5.05,5.02,VMS 2,,Tanque,,1.92,2.22,2.10,2.16,2.78,4.17,7.13,6.06
27/01/2024 07:21 a. m.,Ordeño,05:40,12.62,2,,,,,0,,1.32,1.26,1.38,1.38,0,0,0,0,4.55,4.59,4.44,4.38,VMS 2,,Tanque,,1.80,1.80,1.98,1.92,1.91,2.77,4.18,3.76
27/01/2024 05:47 p. m.,Ordeño,08:24,22.59,3,,,,,0,,1.32,1.56,1.38,1.80,0,0,0,0,5.16,5.26,5.20,5.08,VMS 2,,Tanque,,1.80,2.28,1.86,2.34,3.39,4.40,8.08,6.72
28/01/2024 03:51 a. m.,Ordeño,07:34,22.20,1,,,,,0,,1.38,1.56,1.56,1.68,0,0,0,0,4.90,4.97,4.79,4.77,VMS 2,,Tanque,,1.80,2.10,2.22,2.40,2.86,4.99,7.82,6.53
28/01/2024 04:09 p. m.,Ordeño,06:49,19.84,2,,,,,0,,1.44,1.50,1.44,1.62,0,0,0,0,4.96,5.01,4.90,4.62,VMS 2,,Tanque,,1.92,2.16,2.04,2.22,3.10,4.32,6.51,5.91
29/01/2024 12:21 a. m.,Ordeño,05:21,12.24,1,,,,,0,,1.26,1.14,1.38,1.62,0,0,0,0,4.43,4.48,4.64,4.28,VMS 2,,Tanque,,1.80,1.62,2.04,2.22,1.75,2.56,4.24,3.69
29/01/2024 04:11 a. m.,Ordeño,04:57,7.84,2,,,,,0,,1.02,1.08,1.20,0.96,0,0,0,0,4.72,4.67,4.80,4.77,VMS 2,,Tanque,,1.44,1.74,1.68,1.50,1.18,1.63,2.65,2.38
29/01/2024 11:07 a. m.,Ordeño,06:07,14.13,3,,,,,0,,1.26,1.32,1.44,1.50,0,0,0,0,5.18,5.15,5.17,4.93,VMS 2,,Tanque,,1.74,2.16,1.98,1.98,1.66,3.08,5.10,4.29
30/01/2024 12:41 a. m.,Ordeño,07:49,26.10,1,,,,,0,,1.32,1.44,1.68,1.62,0,0,0,0,4.99,5.08,4.84,4.99,VMS 2,,Tanque,,1.68,2.04,2.34,2.16,3.72,5.82,8.70,7.86
30/01/2024 02:28 p. m.,Ordeño,08:24,26.89,2,,,,,0,,1.38,1.50,1.62,1.80,0,0,0,0,5.15,5.20,4.99,4.89,VMS 2,,Tanque,,1.86,2.10,2.28,2.40,4.05,5.38,9.79,7.67
31/01/2024 02:24 a. m.,Ordeño,07:32,24.53,1,,,,,0,,1.56,1.62,1.74,1.62,0,0,0,0,5.04,5.09,4.78,4.72,VMS 2,,Tanque,,2.10,2.40,2.28,2.22,3.40,5.51,8.66,6.96
31/01/2024 11:55 a. m.,Ordeño,07:22,20.79,2,,,,,0,,1.32,1.38,1.50,1.68,0,0,0,0,5.03,5.09,5.06,4.86,VMS 2,,Tanque,,1.80,2.22,2.04,2.22,2.89,4.38,7.28,6.24
01/02/2024 09:12 a. m.,Ordeño,08:08,30.57,1,,,,,0,,1.56,1.86,1.86,1.92,0,0,0,0,5.36,5.48,5.01,5.06,VMS 2,,Tanque,,2.10,2.52,2.40,2.64,5.28,6.95,9.62,8.72
02/02/2024 12:52 a. m.,Ordeño,07:32,27.71,1,,,,,0,,1.56,1.68,1.74,1.74,0,0,0,0,5.50,5.46,5.13,5.16,VMS 2,,Tanque,,2.10,2.34,2.28,2.34,4.45,6.25,9.02,7.99
02/02/2024 08:50 a. m.,Ordeño,07:58,17.98,2,,,,,0,,1.32,1.62,1.62,1.74,0,0,0,0,5.09,5.24,5.12,5.12,VMS 2,,Tanque,,1.86,2.52,2.28,2.34,2.30,4.12,6.10,5.46
03/02/2024 04:43 a. m.,Ordeño,08:37,31.14,1,,,,,0,,1.44,1.74,1.68,1.98,0,0,0,0,5.48,5.40,5.02,5.00,VMS 2,,Tanque,,1.92,2.46,2.22,2.58,5.85,7.03,10.02,8.24
03/02/2024 12:56 p. m.,Ordeño,05:37,16.48,2,,,,,0,,1.50,1.44,1.68,1.86,0,0,0,0,5.08,5.13,5.09,5.08,VMS 2,,Tanque,,1.98,2.22,2.52,2.52,2.37,4.11,5.58,4.42
04/02/2024 02:05 a. m.,Ordeño,07:42,26.62,1,,,,,0,,1.44,1.44,1.80,1.98,0,0,0,0,5.23,5.17,4.95,4.95,VMS 2,,Tanque,,1.92,1.92,2.70,2.64,4.06,5.94,8.89,7.73
04/02/2024 03:27 p. m.,Ordeño,07:48,29.29,2,,,,,0,,1.62,1.68,1.92,2.10,0,0,0,0,5.99,5.69,5.59,5.65,VMS 2,,Tanque,,2.04,2.22,2.58,2.94,5.12,5.66,10.23,8.28
05/02/2024 12:01 a. m.,Ordeño,05:55,17.21,1,,,,,0,,1.38,1.62,1.68,1.86,0,0,0,0,5.02,5.25,4.92,4.91,VMS 2,,Tanque,,1.80,2.22,2.40,2.64,2.62,3.71,5.90,4.98
05/02/2024 06:45 a. m.,Ordeño,05:24,14.89,2,,,,,0,,1.50,1.50,1.80,1.74,0,0,0,0,4.84,5.04,4.75,4.80,VMS 2,,Tanque,,2.16,1.98,2.52,2.46,2.13,3.40,4.90,4.46
05/02/2024 06:37 p. m.,Ordeño,07:12,26.03,3,,,,,0,,1.62,1.74,1.80,2.04,0,355,0,0,5.68,5.69,5.64,5.56,VMS 2,,Tanque,,2.16,2.40,2.40,3.18,3.55,5.61,8.87,8.00
06/02/2024 05:35 a. m.,Ordeño,06:52,22.84,1,,,,,0,,1.56,1.50,1.86,1.92,0,0,0,0,5.02,5.03,4.83,4.82,VMS 2,,Tanque,,2.04,1.98,2.64,2.58,3.15,5.08,7.69,6.92
06/02/2024 12:16 p. m.,Ordeño,07:55,14.86,2,,,,,0,,1.44,1.44,1.62,1.68,0,0,0,0,5.23,5.43,5.35,5.63,VMS 2,,Tanque,,1.92,2.04,2.34,2.22,2.20,3.57,4.77,4.32
06/02/2024 09:56 p. m.,Ordeño,06:01,19.22,3,,,,,0,,1.44,1.56,1.74,1.86,0,0,0,0,5.11,5.21,5.16,5.02,VMS 2,,Tanque,,1.98,1.98,2.16,2.58,2.69,4.12,6.45,5.96
07/02/2024 11:42 a. m.,Ordeño,07:11,26.15,1,,,,,0,,1.56,1.68,1.92,2.10,0,0,0,0,5.37,5.35,5.16,5.29,VMS 2,,Tanque,,2.04,2.40,2.52,2.88,4.36,4.70,9.34,7.75
07/02/2024 09:03 p. m.,Ordeño,05:59,17.28,2,,,,,0,,1.38,1.56,1.62,1.80,0,0,0,0,4.97,5.02,4.98,4.73,VMS 2,,Tanque,,1.74,2.10,2.16,2.40,2.41,3.48,6.02,5.37
08/02/2024 04:40 a. m.,Ordeño,06:24,15.76,1,,,,,0,,1.32,1.44,1.56,1.80,0,0,0,0,4.84,4.89,4.71,4.73,VMS 2,,Tanque,,1.74,1.86,2.22,2.46,2.24,3.27,5.53,4.72
08/02/2024 01:52 p. m.,Ordeño,05:45,17.06,2,,,,,0,,1.44,1.68,1.68,1.86,0,0,0,0,4.98,5.02,4.84,4.79,VMS 2,,Tanque,,1.92,2.34,2.22,2.46,2.75,3.42,5.78,5.11
08/02/2024 09:03 p. m.,Ordeño,05:08,11.95,3,,,,,0,,1.32,1.38,1.56,1.62,0,0,0,0,4.57,4.77,4.69,4.72,VMS 2,,Tanque,,1.86,1.98,2.04,2.28,1.43,2.71,4.06,3.75
09/02/2024 09:59 a. m.,Ordeño,06:52,26.16,1,,,,,0,,1.56,1.74,1.98,1.98,0,0,0,0,5.18,5.24,4.96,4.98,VMS 2,,Tanque,,2.10,2.28,2.70,2.58,3.48,6.07,8.56,8.05
09/02/2024 03:45 p. m.,Ordeño,05:40,11.99,2,,,,,0,,0.72,1.02,1.38,1.08,0,0,0,0,4.90,5.23,5.05,5.11,VMS 2,,Tanque,,1.26,1.80,2.04,1.62,1.64,2.57,4.19,3.59
10/02/2024 12:06 a. m.,Ordeño,06:29,19.59,1,,,,,0,,1.44,1.56,1.80,1.86,0,0,0,0,5.10,5.10,4.85,4.79,VMS 2,,Tanque,,2.04,2.10,2.52,2.40,2.64,4.48,6.76,5.71
10/02/2024 09:34 a. m.,Ordeño,06:03,19.93,2,,,,,0,,1.50,1.62,1.74,1.86,0,0,0,0,5.17,5.30,5.25,5.06,VMS 2,,Tanque,,1.98,2.34,2.22,2.58,2.93,4.54,6.52,5.94
10/02/2024 04:17 p. m.,Ordeño,05:00,13.31,3,,,,,0,,1.02,1.56,1.68,1.74,0,0,0,0,4.91,5.18,5.08,4.87,VMS 2,,Tanque,,1.68,2.22,2.10,2.46,1.66,3.07,4.61,3.97
10/02/2024 11:23 p. m.,Ordeño,05:47,14.78,4,,,,,0,,1.38,1.56,1.74,1.92,0,0,0,0,4.78,4.89,4.67,4.75,VMS 2,,Tanque,,1.98,2.16,2.40,2.46,2.05,2.98,5.38,4.37
11/02/2024 10:01 a. m.,Ordeño,06:37,23.57,1,,,,,0,,1.68,1.68,1.92,2.04,0,0,0,0,5.50,5.56,5.29,5.29,VMS 2,,Tanque,,2.22,2.34,2.88,2.58,3.42,4.98,8.12,7.05
11/02/2024 03:04 p. m.,Ordeño,04:40,10.20,2,,,,,0,,1.38,1.44,1.50,1.80,0,0,0,0,4.85,4.96,4.88,4.61,VMS 2,,Tanque,,1.98,2.22,2.04,2.34,1.73,1.99,3.43,3.05
12/02/2024 12:40 a. m.,Ordeño,06:18,13.52,1,,,,,0,,1.38,1.50,1.62,1.32,0,0,0,0,5.25,5.29,5.15,4.87,VMS 2,,Tanque,,1.92,1.98,2.22,2.22,1.99,3.29,5.06,3.18
12/02/2024 05:33 a. m.,Ordeño,05:24,12.08,2,,,,,0,,1.56,1.50,1.50,1.74,0,0,0,0,4.98,4.95,4.89,4.74,VMS 2,,Tanque,,2.10,2.16,2.10,2.28,1.82,2.47,4.09,3.70
12/02/2024 03:44 p. m.,Ordeño,06:17,18.63,3,,,,,0,,1.56,1.56,1.62,1.92,0,0,0,0,4.97,5.11,4.96,4.67,VMS 2,,Tanque,,1.98,2.16,2.28,2.46,2.63,4.10,6.45,5.45
12/02/2024 11:14 p. m.,Ordeño,05:22,13.73,4,,,,,0,,1.32,1.56,1.56,1.62,0,0,0,0,4.50,4.71,4.68,4.41,VMS 2,,Tanque,,1.80,2.28,2.04,2.34,1.98,2.95,4.78,4.02
13/02/2024 07:46 a. m.,Ordeño,06:00,18.67,1,,,,,0,,1.56,1.56,1.80,1.62,0,0,0,0,5.38,5.52,5.36,5.25,VMS 2,,Tanque,,2.04,2.10,2.64,2.22,2.16,4.50,6.34,5.67
13/02/2024 06:30 p. m.,Ordeño,07:21,23.62,2,,,,,0,,1.50,1.68,1.86,1.56,0,0,0,0,5.36,5.71,5.57,5.68,VMS 2,,Tanque,,2.22,2.28,2.46,2.16,2.59,5.27,7.88,7.88
14/02/2024 02:50 a. m.,Ordeño,06:51,18.08,1,,,,,0,,1.38,1.44,1.62,1.80,0,0,0,0,5.10,5.11,4.84,4.86,VMS 2,,Tanque,,1.92,1.92,2.16,2.58,2.65,4.04,6.20,5.19
14/02/2024 01:26 p. m.,Ordeño,06:54,23.19,2,,,,,0,,1.50,1.68,1.74,1.80,0,0,0,0,5.29,5.23,5.31,5.14,VMS 2,,Tanque,,1.92,2.40,2.28,2.52,3.76,4.40,7.95,7.08
15/02/2024 12:05 a. m.,Ordeño,06:02,19.74,1,,,,,0,,1.32,1.62,1.74,1.86,0,0,0,0,5.09,5.18,5.24,4.80,VMS 2,,Tanque,,1.86,2.22,2.34,2.40,2.88,4.32,6.45,6.09
15/02/2024 07:16 p. m.,Ordeño,06:32,24.06,2,,,,,0,,1.56,1.68,1.92,1.86,0,0,0,0,5.36,5.91,5.37,5.41,VMS 2,,Tanque,,2.10,2.28,2.52,3.00,3.93,6.57,7.25,6.31
16/02/2024 12:32 a. m.,Ordeño,05:00,6.95,1,,,"TI,TD",,0,,0.90,0.90,1.32,1.26,0,0,0,0,4.22,4.24,4.30,4.00,VMS 2,,Tanque,,1.56,1.68,1.98,2.16,1.05,1.53,2.32,2.05
16/02/2024 10:11 a. m.,Ordeño,05:41,17.32,2,,,,,0,,1.56,1.32,1.86,1.62,0,0,0,0,5.08,5.03,5.00,5.06,VMS 2,,Tanque,,2.10,1.92,2.40,2.28,2.10,3.74,6.19,5.29
16/02/2024 06:12 p. m.,Ordeño,05:58,16.70,3,,,,,0,,1.44,1.56,1.74,1.74,0,0,0,0,5.54,5.71,5.55,5.72,VMS 2,,Tanque,,1.80,2.16,2.34,2.34,2.68,3.30,5.86,4.86
16/02/2024 11:42 p. m.,Ordeño,04:36,10.34,4,,,,,0,,1.20,1.38,1.62,1.62,0,0,0,0,5.16,5.37,5.32,5.19,VMS 2,,Tanque,,1.68,1.86,2.16,2.28,1.49,2.34,3.51,3.00
17/02/2024 05:49 a. m.,Ordeño,05:22,13.55,1,,,,,0,,1.32,1.26,1.80,1.62,0,0,0,0,5.30,5.18,5.31,5.45,VMS 2,,Tanque,,1.86,1.68,2.40,2.34,1.84,2.78,4.87,4.06
17/02/2024 11:39 a. m.,Ordeño,06:14,12.80,2,,,,,0,,1.26,1.50,1.56,1.74,0,0,0,0,5.36,5.44,5.52,5.38,VMS 2,,Tanque,,1.68,1.86,2.04,2.34,1.89,2.66,4.39,3.86
17/02/2024 04:30 p. m.,Ordeño,04:36,10.33,3,,,,,0,,1.38,1.38,1.62,1.50,0,0,0,0,5.22,5.45,5.53,5.38,VMS 2,,Tanque,,1.86,1.80,2.34,1.98,1.54,2.23,3.55,3.01
17/02/2024 10:25 p. m.,Ordeño,05:04,11.84,4,,,,,0,,1.14,1.38,1.56,1.56,0,0,0,0,5.03,5.38,5.19,5.18,VMS 2,,Tanque,,1.68,1.98,2.10,2.16,1.69,2.47,4.25,3.43
18/02/2024 04:44 a. m.,Ordeño,05:59,13.13,1,,,,,0,,1.50,1.26,1.68,1.44,0,0,0,0,5.38,5.36,5.25,5.25,VMS 2,,Tanque,,2.10,1.86,2.28,2.16,1.74,3.00,4.49,3.90
18/02/2024 12:16 p. m.,Ordeño,06:26,14.83,2,,,,,0,,1.26,1.38,1.44,1.56,0,0,0,0,4.99,5.08,4.72,5.38,VMS 2,,Tanque,,2.28,1.98,1.92,2.22,1.97,2.76,5.69,4.41
18/02/2024 05:09 p. m.,Ordeño,04:37,10.29,3,,,,,0,,1.38,1.38,1.50,1.56,0,0,0,0,4.77,4.89,4.86,4.77,VMS 2,,Tanque,,1.86,1.86,2.04,2.16,1.47,2.21,3.40,3.21
19/02/2024 01:06 a. m.,Ordeño,06:10,17.09,1,,,,,0,,1.38,1.68,1.68,1.80,0,0,0,0,4.98,5.03,4.92,4.76,VMS 2,,Tanque,,1.86,2.34,2.52,2.46,2.42,3.60,5.99,5.08
19/02/2024 11:51 a. m.,Ordeño,06:21,21.63,2,,,,,0,,1.50,1.56,1.80,1.74,0,0,0,0,5.09,4.97,5.06,4.85,VMS 2,,Tanque,,1.98,2.40,2.40,2.52,3.28,4.81,7.20,6.34
19/02/2024 06:29 p. m.,Ordeño,05:21,12.61,3,,,,,0,,1.32,1.50,1.50,1.74,0,0,0,0,4.93,4.71,4.79,4.39,VMS 2,,Tanque,,1.86,2.10,2.10,2.40,1.92,2.35,4.54,3.80
19/02/2024 11:42 p. m.,Ordeño,04:31,10.81,4,,,,,0,,1.20,1.44,1.62,1.68,0,0,0,0,5.00,4.86,4.87,4.56,VMS 2,,Tanque,,1.68,1.92,2.10,2.16,1.63,2.28,3.70,3.20
20/02/2024 11:04 a. m.,Ordeño,07:10,22.23,1,,,,,0,,1.44,1.68,1.68,1.80,0,0,0,0,5.47,5.42,5.37,5.24,VMS 2,,Tanque,,1.92,2.22,2.16,2.28,3.46,4.61,8.20,5.96
20/02/2024 06:04 p. m.,Ordeño,05:32,15.27,2,,,,,0,,1.32,1.44,1.50,1.68,0,0,0,0,4.91,4.84,4.86,4.49,VMS 2,,Tanque,,1.86,1.98,1.98,2.22,1.96,3.02,5.03,5.26
21/02/2024 02:19 a. m.,Ordeño,06:04,17.40,1,,,,,0,,1.20,1.32,1.56,1.68,0,0,0,0,4.87,4.97,4.94,4.58,VMS 2,,Tanque,,1.68,1.80,2.16,2.16,2.41,3.91,5.89,5.19
21/02/2024 11:39 a. m.,Ordeño,07:04,21.72,2,,,,,0,,1.62,1.56,1.80,1.74,0,0,0,0,5.56,5.38,5.22,5.22,VMS 2,,Tanque,,2.28,2.10,2.46,2.28,2.94,4.72,7.75,6.31
21/02/2024 11:32 p. m.,Ordeño,07:18,25.01,3,,,,,0,,1.50,1.50,1.68,1.62,0,0,0,0,5.25,5.15,5.13,4.84,VMS 2,,Tanque,,2.04,1.92,2.28,2.10,3.55,5.47,8.43,7.56
22/02/2024 11:11 a. m.,Ordeño,07:44,24.21,1,,,,,0,,1.50,1.62,1.62,1.80,0,0,0,0,5.27,4.95,5.09,4.85,VMS 2,,Tanque,,2.10,2.10,2.10,2.58,3.90,4.01,8.85,7.45
22/02/2024 04:25 p. m.,Ordeño,04:40,9.87,2,,,,,0,,1.20,1.44,1.50,1.50,0,0,0,0,4.86,5.02,4.97,4.85,VMS 2,,Tanque,,1.68,1.98,2.04,2.40,1.24,2.42,3.43,2.78
23/02/2024 01:05 a. m.,Ordeño,06:12,19.30,1,,,,,0,,1.32,1.38,1.68,1.74,0,0,0,0,5.11,5.22,5.03,5.00,VMS 2,,Tanque,,1.80,1.86,2.22,2.34,2.80,4.24,6.69,5.57
23/02/2024 10:34 a. m.,Ordeño,06:34,20.81,2,,,,,0,,1.44,1.50,1.68,1.68,0,0,0,0,5.51,5.55,5.58,5.40,VMS 2,,Tanque,,1.98,2.10,2.10,2.40,2.96,4.47,7.18,6.20
23/02/2024 06:34 p. m.,Ordeño,06:08,17.81,3,,,,,0,,1.44,1.56,1.62,1.74,0,0,0,0,5.26,5.35,5.17,5.13,VMS 2,,Tanque,,1.86,2.04,2.16,2.28,2.69,3.54,6.26,5.32
24/02/2024 01:12 a. m.,Ordeño,05:47,14.10,1,,,,,0,,1.26,1.56,1.50,1.68,0,0,0,0,4.93,4.82,4.96,4.85,VMS 2,,Tanque,,1.74,2.16,2.10,2.28,2.02,3.24,4.77,4.07
24/02/2024 08:35 a. m.,Ordeño,06:25,16.26,2,,,,,0,,1.32,1.44,1.50,1.68,0,0,0,0,5.05,5.09,5.10,4.86,VMS 2,,Tanque,,2.04,1.86,2.04,2.34,2.47,3.57,5.30,4.92
24/02/2024 04:19 p. m.,Ordeño,05:54,16.60,3,,,,,0,,1.44,1.56,1.62,1.62,0,0,0,0,5.45,5.56,5.42,5.40,VMS 2,,Tanque,,1.92,2.28,2.16,2.16,2.08,3.77,5.90,4.85
25/02/2024 03:35 a. m.,Ordeño,07:32,23.55,1,,,,,0,,1.38,1.50,1.56,1.62,0,0,0,0,5.06,4.88,4.81,5.14,VMS 2,,Tanque,,1.86,2.16,2.10,2.04,3.50,5.20,7.92,6.93
25/02/2024 09:34 a. m.,Ordeño,06:21,14.50,2,,,,,0,,1.38,1.50,1.32,1.20,0,0,0,0,5.18,5.29,5.03,5.07,VMS 2,,Tanque,,1.92,2.04,1.74,1.80,2.17,3.20,4.97,4.16
25/02/2024 07:46 p. m.,Ordeño,06:46,21.08,3,,,,,0,,1.44,1.62,1.62,1.50,0,0,0,0,5.23,5.08,5.25,5.21,VMS 2,,Tanque,,1.92,2.22,2.16,1.98,3.05,4.31,7.22,6.50
26/02/2024 02:41 a. m.,Ordeño,06:10,14.36,1,,,,,0,,1.14,1.44,1.44,1.38,0,0,0,0,4.76,4.75,4.78,4.48,VMS 2,,Tanque,,1.62,2.04,1.98,2.04,2.11,3.08,4.85,4.32
26/02/2024 10:36 a. m.,Ordeño,06:50,14.27,2,,,DI,DI,0,,0.00,1.32,1.44,1.44,0,0,0,0,0.00,5.20,5.36,5.31,VMS 2,,Tanque,,0.00,1.86,1.92,2.10,0.00,2.94,6.38,4.95
26/02/2024 05:40 p. m.,Ordeño,05:53,15.17,3,,,,,0,,1.38,1.50,1.56,1.56,0,0,0,0,5.53,4.96,4.91,4.96,VMS 2,,Tanque,,1.80,2.22,2.10,2.22,2.09,3.46,5.15,4.47
27/02/2024 01:24 a. m.,Ordeño,05:56,15.64,1,,,,,0,,1.32,1.56,1.50,1.56,0,0,0,0,4.88,4.70,4.85,4.67,VMS 2,,Tanque,,1.92,2.10,1.92,2.04,2.30,3.38,5.42,4.54
27/02/2024 08:38 a. m.,Ordeño,05:43,14.94,2,,,,,0,,1.32,1.38,1.56,1.50,0,0,0,0,5.29,5.26,5.21,5.15,VMS 2,,Tanque,,1.80,1.98,2.16,2.22,1.61,3.35,5.46,4.52
27/02/2024 02:02 p. m.,Ordeño,05:18,12.72,3,,,,,0,,1.38,1.44,1.50,1.68,0,0,0,0,5.13,4.99,5.17,4.95,VMS 2,,Tanque,,1.92,2.04,2.16,2.16,2.22,2.34,4.31,3.85
27/02/2024 07:35 p. m.,Ordeño,05:17,11.41,4,,,,,0,,1.14,1.38,1.44,1.56,0,0,0,0,5.05,5.19,5.18,4.95,VMS 2,,Tanque,,1.50,1.80,1.80,2.16,1.63,2.44,3.93,3.41
28/02/2024 02:51 a. m.,Ordeño,06:01,14.40,1,,,,,0,,1.14,1.14,1.50,1.50,0,0,0,0,5.31,5.20,5.25,5.29,VMS 2,,Tanque,,1.62,1.62,1.98,2.22,2.03,2.58,5.35,4.44
28/02/2024 08:59 a. m.,Ordeño,05:46,13.42,2,,,,,0,,1.44,1.32,1.38,1.56,0,0,0,0,5.14,5.06,5.05,4.85,VMS 2,,Tanque,,1.92,1.86,1.92,2.04,2.15,2.90,4.48,3.89
28/02/2024 05:12 p. m.,Ordeño,05:44,15.02,3,,,,,0,,1.26,1.50,1.56,1.38,0,0,0,0,5.06,4.92,5.00,4.99,VMS 2,,Tanque,,1.74,2.10,2.28,1.92,1.73,3.21,5.30,4.78
29/02/2024 12:42 a. m.,Ordeño,06:15,13.72,1,,,,,0,,1.26,1.38,1.38,1.62,0,0,0,0,4.84,4.80,4.99,4.73,VMS 2,,Tanque,,1.74,1.92,1.92,2.22,1.98,2.76,4.83,4.15
29/02/2024 09:24 a. m.,Ordeño,06:56,18.55,2,,,,,0,,1.50,1.44,1.56,1.26,0,0,0,0,5.31,5.33,5.34,4.45,VMS 2,,Tanque,,1.98,1.92,1.92,1.80,2.57,4.18,5.94,5.86
29/02/2024 04:00 p. m.,Ordeño,05:47,15.16,3,,,,,0,,1.44,1.44,1.50,1.50,0,0,0,0,5.24,5.13,5.06,5.01,VMS 2,,Tanque,,1.86,2.04,2.16,2.10,2.26,3.04,5.18,4.68
01/03/2024 12:03 a. m.,Ordeño,06:22,16.40,1,,,,,0,,1.32,1.50,1.44,1.44,0,0,0,0,5.32,5.14,5.27,5.11,VMS 2,,Tanque,,1.86,2.04,1.92,1.98,2.48,3.48,5.82,4.62
01/03/2024 04:34 a. m.,Ordeño,05:20,10.01,2,,,,,0,,1.26,1.38,1.38,1.38,0,0,0,0,4.98,4.99,4.93,4.86,VMS 2,,Tanque,,1.74,1.86,2.10,2.34,1.53,2.21,3.38,2.89
01/03/2024 01:03 p. m.,Ordeño,06:05,17.06,3,,,,,0,,1.44,1.74,1.62,1.62,0,0,0,0,5.20,5.11,5.18,5.01,VMS 2,,Tanque,,2.10,2.46,2.16,2.22,2.43,3.39,6.19,5.05
01/03/2024 09:07 p. m.,Ordeño,06:28,15.65,4,,,,,0,,1.32,1.44,1.44,1.56,0,0,0,0,4.87,4.84,4.91,4.74,VMS 2,,Tanque,,1.86,1.98,2.04,2.10,2.43,3.31,5.42,4.49
02/03/2024 09:17 a. m.,Ordeño,07:08,23.58,1,,,,,0,,1.38,1.62,1.62,1.68,0,0,0,0,5.21,5.15,5.26,5.09,VMS 2,,Tanque,,1.86,2.28,2.16,2.28,2.82,5.21,7.90,7.65
02/03/2024 02:54 p. m.,Ordeño,05:41,11.75,2,,,,,0,,1.32,1.50,1.32,1.44,0,0,0,0,4.94,4.97,4.98,4.75,VMS 2,,Tanque,,1.80,2.16,1.80,2.10,1.84,2.70,3.93,3.28
02/03/2024 11:59 p. m.,Ordeño,06:44,18.05,1,,,,,0,,1.26,1.38,1.50,1.56,0,0,0,0,5.13,5.11,5.15,5.04,VMS 2,,Tanque,,1.74,1.86,1.98,2.16,2.24,3.77,6.55,5.49
03/03/2024 06:46 a. m.,Ordeño,06:30,15.32,2,,,,,0,,1.26,1.56,1.44,1.50,0,0,0,0,5.05,5.05,4.90,4.90,VMS 2,,Tanque,,1.92,2.16,2.16,2.10,2.26,2.97,5.42,4.67
03/03/2024 01:19 p. m.,Ordeño,05:56,13.43,3,,,,,0,,1.32,1.56,1.44,1.44,0,0,0,0,5.17,4.97,5.03,4.80,VMS 2,,Tanque,,1.80,2.16,1.86,1.92,1.92,3.11,4.65,3.75
04/03/2024 01:40 a. m.,Ordeño,07:57,25.44,1,,,,,0,,1.38,1.38,1.50,1.44,0,0,0,0,5.15,5.15,5.04,5.03,VMS 2,,Tanque,,1.86,1.86,2.04,1.92,3.76,5.28,8.44,7.96
04/03/2024 07:08 a. m.,Ordeño,06:47,12.21,2,,,,,0,,1.08,1.38,1.14,1.32,0,0,0,0,4.86,4.80,4.79,4.65,VMS 2,,Tanque,,1.50,1.98,1.68,1.86,1.96,2.64,4.04,3.57
04/03/2024 03:45 p. m.,Ordeño,06:11,15.87,3,,,,,0,,1.32,1.56,1.56,1.50,0,0,0,0,4.94,4.95,4.85,4.62,VMS 2,,Tanque,,1.68,2.10,2.16,1.98,1.98,3.47,5.67,4.75
04/03/2024 11:35 p. m.,Ordeño,06:04,14.76,4,,,,,0,,1.20,1.50,1.44,1.56,0,0,0,0,4.93,4.88,4.64,4.52,VMS 2,,Tanque,,1.68,2.16,2.04,2.10,2.03,3.10,5.11,4.52
05/03/2024 09:01 a. m.,Ordeño,07:22,21.65,1,,,,,0,,1.44,1.44,1.56,1.56,0,0,0,0,5.37,5.31,5.08,5.07,VMS 2,,Tanque,,1.86,1.98,2.10,2.10,3.21,4.59,7.19,6.66
05/03/2024 02:48 p. m.,Ordeño,05:14,10.85,2,,,,,0,,1.08,1.44,1.44,1.44,0,0,0,0,4.82,4.90,4.88,4.61,VMS 2,,Tanque,,1.68,2.10,2.22,2.04,1.40,2.48,3.67,3.30
05/03/2024 09:50 p. m.,Ordeño,05:19,12.36,3,,,,,0,,1.20,1.26,1.44,1.44,0,0,0,0,4.93,4.96,4.88,4.79,VMS 2,,Tanque,,1.74,1.68,2.22,2.04,1.40,2.79,4.34,3.83
06/03/2024 02:19 a. m.,Ordeño,05:32,10.38,1,,,,,0,,0.78,1.14,1.32,1.44,0,0,0,0,4.79,4.88,4.93,4.76,VMS 2,,Tanque,,1.26,1.80,1.80,2.10,1.34,2.28,3.49,3.27
06/03/2024 10:38 a. m.,Ordeño,06:18,17.74,2,,,,,0,,1.32,1.62,1.50,1.68,0,0,0,0,5.24,5.33,5.31,5.56,VMS 2,,Tanque,,1.86,2.34,1.98,2.34,2.14,3.93,6.08,5.59
06/03/2024 04:49 p. m.,Ordeño,05:37,11.52,3,,,,,0,,1.26,1.38,1.44,1.38,0,0,0,0,5.05,5.07,4.83,4.88,VMS 2,,Tanque,,1.80,1.86,2.10,1.98,1.86,2.27,3.88,3.51
07/03/2024 01:08 a. m.,Ordeño,06:12,17.76,1,,,,,0,,1.26,1.44,1.50,1.44,0,0,0,0,4.98,5.06,4.87,4.78,VMS 2,,Tanque,,1.80,1.92,2.16,1.98,2.19,3.93,5.92,5.72
07/03/2024 12:01 p. m.,Ordeño,07:44,24.00,2,,,,,0,,1.44,1.74,1.62,1.50,0,0,0,0,5.57,5.19,5.06,5.56,VMS 2,,Tanque,,2.04,2.34,2.16,2.04,3.86,4.03,8.65,7.46
07/03/2024 07:52 p. m.,Ordeño,06:02,14.53,3,,,,,0,,1.32,1.56,1.44,1.44,0,0,0,0,4.97,4.93,4.84,4.89,VMS 2,,Tanque,,1.74,2.10,1.80,1.86,2.24,3.03,5.19,4.07
08/03/2024 01:44 a. m.,Ordeño,05:31,12.70,1,,,,,0,,1.26,1.38,1.38,1.56,0,0,0,0,5.05,5.27,5.13,5.32,VMS 2,,Tanque,,1.80,1.86,1.86,2.10,1.95,2.23,4.44,4.08
08/03/2024 10:43 a. m.,Ordeño,07:03,20.17,2,,,,,0,,1.38,1.62,1.50,1.56,0,0,0,0,5.33,5.47,5.33,5.31,VMS 2,,Tanque,,1.92,2.34,2.04,2.10,2.60,4.24,6.85,6.48
08/03/2024 04:16 p. m.,Ordeño,05:29,11.04,3,,,,,0,,0.72,1.20,1.44,1.50,0,0,0,0,4.79,4.79,4.79,4.52,VMS 2,,Tanque,,1.38,1.92,2.10,2.04,1.48,2.39,3.78,3.39
09/03/2024 12:17 a. m.,Ordeño,05:40,15.45,1,,,,,0,,1.14,1.44,1.50,1.50,0,0,0,0,4.69,4.83,4.75,4.75,VMS 2,,Tanque,,1.62,1.98,1.98,2.04,2.25,3.18,5.05,4.97
09/03/2024 07:12 a. m.,Ordeño,06:01,15.81,2,,,,,0,,1.26,1.50,1.50,1.50,0,0,0,0,5.15,5.22,5.08,5.12,VMS 2,,Tanque,,1.74,2.10,2.16,1.92,2.15,3.23,5.37,5.06
09/03/2024 02:57 p. m.,Ordeño,06:03,15.44,3,,,,,0,,1.32,1.56,1.44,1.50,0,0,0,0,5.33,5.40,5.27,5.23,VMS 2,,Tanque,,1.74,2.10,1.92,1.92,2.04,3.08,5.29,5.03
09/03/2024 08:10 p. m.,Ordeño,05:33,10.54,4,,,,,0,,1.14,1.20,1.38,1.32,0,0,0,0,4.76,4.66,4.66,4.48,VMS 2,,Tanque,,1.68,1.80,1.86,1.92,1.49,2.25,3.63,3.17
10/03/2024 02:34 a. m.,Ordeño,06:00,13.29,1,,,,,0,,1.14,1.44,1.32,1.44,0,0,0,0,4.73,4.84,4.73,4.66,VMS 2,,Tanque,,1.62,2.10,1.98,2.04,1.90,2.71,4.42,4.26
10/03/2024 12:35 p. m.,Ordeño,08:34,20.41,2,,,,,0,,1.26,1.62,1.44,1.62,0,0,0,0,4.99,4.96,4.52,4.89,VMS 2,,Tanque,,1.74,2.16,2.04,2.04,3.04,3.73,6.95,6.69
10/03/2024 11:42 p. m.,Ordeño,06:59,22.05,3,,,,,0,,1.32,1.56,1.68,1.56,0,0,0,0,4.82,4.81,4.56,4.84,VMS 2,,Tanque,,2.04,2.16,2.34,2.16,3.10,3.95,7.89,7.11
11/03/2024 07:31 a. m.,Ordeño,06:22,17.13,1,,,,,0,,1.20,1.50,1.50,1.56,0,0,0,0,4.64,4.80,4.68,4.57,VMS 2,,Tanque,,1.62,2.10,2.10,2.16,1.96,3.87,5.91,5.39
11/03/2024 06:05 p. m.,Ordeño,07:02,21.69,2,,,,,0,,1.38,1.62,1.62,1.44,0,0,0,0,4.98,5.06,4.87,4.73,VMS 2,,Tanque,,1.92,2.16,2.16,1.98,3.21,4.56,7.02,6.90
12/03/2024 02:34 a. m.,Ordeño,06:14,17.97,1,,,,,0,,1.26,1.44,1.56,1.50,0,0,0,0,4.48,4.66,4.53,4.56,VMS 2,,Tanque,,1.74,1.92,2.22,2.10,2.43,4.01,6.02,5.51
12/03/2024 01:30 p. m.,Ordeño,06:46,20.82,2,,,,,0,,1.50,1.50,1.68,1.44,0,0,0,0,4.75,4.63,4.74,4.64,VMS 2,,Tanque,,1.98,1.98,2.16,1.92,2.87,4.62,6.70,6.63
13/03/2024 12:05 a. m.,Ordeño,06:36,20.70,1,,,,,0,,1.32,1.56,1.68,1.50,0,0,0,0,4.77,4.65,4.51,4.70,VMS 2,,Tanque,,1.80,2.10,2.16,2.16,2.69,4.37,6.81,6.83
13/03/2024 08:32 a. m.,Ordeño,06:16,17.68,2,,,,,0,,1.14,1.56,1.56,1.38,0,0,0,0,4.65,4.80,4.71,4.73,VMS 2,,Tanque,,1.68,2.10,2.10,1.98,2.28,3.89,6.10,5.41
13/03/2024 03:38 p. m.,Ordeño,05:57,15.27,3,,,,,0,,1.38,1.56,1.86,1.44,0,0,0,0,5.03,4.93,4.77,4.83,VMS 2,,Tanque,,1.98,2.10,2.34,2.16,1.92,3.31,5.03,5.01
13/03/2024 09:34 p. m.,Ordeño,05:38,12.34,4,,,,,0,,1.26,1.56,1.56,1.44,0,0,0,0,4.75,4.63,4.62,4.62,VMS 2,,Tanque,,1.68,2.04,2.10,2.10,1.77,2.67,4.11,3.79
14/03/2024 03:50 a. m.,Ordeño,06:04,12.90,1,,,,,0,,1.14,1.38,1.44,1.20,0,0,0,0,4.86,4.80,4.67,4.62,VMS 2,,Tanque,,1.50,1.98,2.04,1.80,1.74,2.45,4.49,4.22
14/03/2024 08:36 a. m.,Ordeño,04:28,10.22,2,,,,,0,,1.20,1.38,1.68,1.26,0,0,0,0,4.71,4.86,4.66,4.67,VMS 2,,Tanque,,1.68,2.10,2.10,1.62,1.51,2.38,3.34,2.99
14/03/2024 05:28 p. m.,Ordeño,05:36,16.80,3,,,,,0,TD,1.32,1.62,1.80,1.56,0,0,0,0,4.95,4.78,4.72,5.72,VMS 2,,Tanque,,1.92,2.22,2.34,2.04,2.67,3.35,5.90,4.88
15/03/2024 02:03 a. m.,Ordeño,05:59,17.11,1,,,,,0,,1.26,1.56,1.74,1.56,0,0,0,0,4.82,4.70,4.51,5.00,VMS 2,,Tanque,,1.68,2.16,2.22,2.10,2.17,3.50,6.10,5.34
15/03/2024 11:58 a. m.,Ordeño,06:24,20.28,2,,,,,0,,1.44,1.56,1.80,1.62,0,0,0,0,4.89,4.76,4.72,4.94,VMS 2,,Tanque,,2.16,2.16,2.40,2.34,2.81,4.46,6.85,6.16
16/03/2024 12:46 a. m.,Ordeño,06:57,22.93,1,,,,,0,,1.32,1.44,1.68,1.62,0,0,0,0,4.90,4.97,4.89,4.67,VMS 2,,Tanque,,1.80,2.04,2.22,2.22,2.80,5.18,7.75,7.20
16/03/2024 10:59 a. m.,Ordeño,06:40,10.66,2,,,"DI,TI","DI,TI",0,,0.00,1.80,0.00,1.80,0,0,0,0,0.00,4.94,0.00,4.92,VMS 2,,Tanque,,0.00,2.70,0.00,2.46,0.00,4.08,0.00,6.58
16/03/2024 04:33 p. m.,Ordeño,06:54,18.76,3,,,,,0,,1.44,1.20,1.92,1.50,0,0,0,0,5.38,4.92,4.92,4.74,VMS 2,,Tanque,,1.98,1.74,2.52,2.22,4.06,2.33,8.67,3.70
16/03/2024 11:30 p. m.,Ordeño,04:51,13.36,4,,,,,0,,1.20,1.50,1.68,1.56,0,0,0,0,4.75,4.97,4.61,4.76,VMS 2,,Tanque,,1.62,2.04,2.16,2.22,1.77,2.99,4.38,4.22
17/03/2024 07:44 a. m.,Ordeño,06:07,18.04,1,,,,,0,,1.20,1.38,1.74,1.62,0,0,0,0,5.00,5.18,4.78,5.08,VMS 2,,Tanque,,1.62,1.92,2.34,2.16,2.17,4.13,5.97,5.77
17/03/2024 09:19 p. m.,Ordeño,07:11,18.72,2,,TD,TD,,0,,1.38,1.74,1.80,1.20,0,0,0,0,4.81,4.91,4.65,4.92,VMS 2,,Tanque,,1.86,2.34,2.40,1.74,3.26,5.91,8.10,1.45
18/03/2024 02:46 a. m.,Ordeño,05:38,9.58,1,,TD,TD,,0,,0.90,1.32,1.44,1.20,0,0,0,0,4.66,4.92,4.63,5.02,VMS 2,,Tanque,,1.44,1.92,2.04,1.68,1.64,2.62,3.69,1.63
18/03/2024 02:41 p. m.,Ordeño,06:54,18.02,2,,TD,TD,,0,,1.32,1.74,1.86,1.44,0,0,0,0,5.20,5.03,4.91,4.96,VMS 2,,Tanque,,1.86,2.28,2.40,2.16,3.46,4.27,8.61,1.68
19/03/2024 05:25 a. m.,Ordeño,09:05,19.10,1,,,TD,TD,0,,1.32,1.50,1.80,0.00,0,0,0,0,4.75,4.81,4.74,0.00,VMS 2,,Tanque,,1.74,2.10,2.40,0.00,3.98,6.13,8.99,0.00
19/03/2024 06:24 p. m.,Ordeño,07:16,25.70,2,,,,,0,,1.20,1.32,1.80,1.68,0,393,0,0,4.91,4.87,4.80,4.92,VMS 2,,Tanque,,1.68,1.86,2.40,2.28,3.18,5.48,8.50,8.54
20/03/2024 06:58 p. m.,Ordeño,07:49,31.89,1,,,,,0,,1.56,1.80,1.92,1.80,0,0,0,0,5.61,5.41,4.94,5.34,VMS 2,,Tanque,,2.04,2.40,2.46,2.46,5.40,7.98,10.41,8.10
21/03/2024 01:10 a. m.,Ordeño,05:11,8.30,1,,,TD,,0,,1.20,1.20,1.50,0.78,0,0,0,0,4.90,4.88,4.88,4.84,VMS 2,,Tanque,,1.62,1.86,2.22,1.32,1.37,2.10,3.08,1.75
21/03/2024 06:40 a. m.,Ordeño,05:44,8.75,2,,,TD,,0,,1.02,1.26,1.26,1.02,0,0,0,0,5.04,5.04,5.03,4.92,VMS 2,,Tanque,,1.44,1.80,1.92,1.80,1.37,1.88,3.60,1.90
21/03/2024 03:40 p. m.,Ordeño,05:52,17.19,3,,,,,0,,1.26,1.62,1.92,1.56,0,0,0,0,5.66,5.90,5.38,5.70,VMS 2,,Tanque,,1.68,2.10,2.40,2.16,2.52,4.16,6.81,3.70
21/03/2024 08:48 p. m.,Ordeño,04:51,9.58,4,,,,,0,,1.14,1.50,1.62,1.38,0,0,0,0,5.36,5.57,5.19,5.26,VMS 2,,Tanque,,1.62,1.98,2.22,2.10,1.46,2.28,3.52,2.32
22/03/2024 02:42 a. m.,Ordeño,05:38,12.57,1,,,,,0,,1.08,1.44,1.80,1.38,0,0,0,0,5.43,5.63,5.44,5.41,VMS 2,,Tanque,,1.62,1.98,2.34,2.16,1.68,3.34,4.56,2.99
22/03/2024 02:23 p. m.,Ordeño,06:32,22.72,2,,,,,0,,1.32,1.86,2.04,1.62,0,0,0,0,5.46,5.69,5.37,5.79,VMS 2,,Tanque,,1.98,2.46,2.70,2.22,3.11,5.07,8.70,5.84
22/03/2024 07:41 p. m.,Ordeño,04:54,9.90,3,,,,,0,,1.08,1.32,1.62,1.38,0,0,0,0,5.26,5.28,4.96,5.14,VMS 2,,Tanque,,1.62,1.74,2.16,2.04,1.46,2.29,3.61,2.54
23/03/2024 07:41 a. m.,Ordeño,07:03,22.97,1,,,,,0,,1.38,1.62,1.92,1.74,0,0,0,0,5.59,5.61,5.21,5.69,VMS 2,,Tanque,,1.86,2.16,2.34,2.28,3.29,4.16,9.07,6.45
23/03/2024 01:53 p. m.,Ordeño,05:14,11.63,2,,,,,0,,1.26,1.62,1.62,1.44,0,0,0,0,5.51,5.49,5.35,5.55,VMS 2,,Tanque,,1.80,2.22,2.40,1.92,1.97,2.46,4.12,3.08
23/03/2024 10:50 p. m.,Ordeño,06:01,18.06,3,,,,,0,,1.38,1.80,1.80,1.56,0,0,0,0,5.23,5.14,4.92,5.21,VMS 2,,Tanque,,1.86,2.16,2.58,2.34,2.88,3.91,6.22,5.05
24/03/2024 06:29 a. m.,Ordeño,05:42,15.61,1,,,,,0,,1.26,1.50,1.80,1.38,0,0,0,0,5.21,5.04,4.95,5.31,VMS 2,,Tanque,,1.62,1.98,2.34,1.80,2.04,3.57,5.71,4.29
24/03/2024 04:14 p. m.,Ordeño,06:40,19.92,2,,,,,0,,1.38,1.68,1.80,1.74,0,0,0,0,5.48,5.23,5.17,5.15,VMS 2,,Tanque,,1.74,2.16,2.34,2.52,3.31,3.59,7.19,5.83
25/03/2024 07:56 a. m.,Ordeño,07:19,27.90,1,,,,,0,,1.38,1.68,1.92,1.68,0,0,0,0,5.07,5.25,4.88,4.91,VMS 2,,Tanque,,1.86,2.40,2.52,2.28,3.66,6.53,9.71,8.00
25/03/2024 07:39 p. m.,Ordeño,06:44,21.45,2,,,,,0,,1.32,1.62,1.86,1.68,0,0,0,0,5.07,4.98,4.92,4.93,VMS 2,,Tanque,,1.74,2.22,2.40,2.34,2.96,4.22,7.67,6.60
26/03/2024 02:41 a. m.,Ordeño,05:43,13.03,1,,,,,0,,1.14,1.56,1.62,1.56,0,0,0,0,4.75,4.89,4.64,4.62,VMS 2,,Tanque,,1.68,2.10,2.34,2.10,1.56,2.95,4.86,3.66
26/03/2024 08:16 a. m.,Ordeño,05:17,11.37,2,,,,,0,,1.08,1.14,1.56,1.44,0,0,0,0,4.97,5.10,4.86,5.10,VMS 2,,Tanque,,1.56,1.74,2.04,1.92,1.46,2.63,4.16,3.12
26/03/2024 03:19 p. m.,Ordeño,05:37,15.40,3,,,,,0,,1.32,1.50,1.74,1.50,0,0,0,0,5.17,5.21,4.89,5.17,VMS 2,,Tanque,,1.80,2.04,2.40,2.22,2.15,3.43,5.32,4.50
26/03/2024 09:59 p. m.,Ordeño,05:17,12.23,4,,,,,0,,1.26,1.38,1.56,1.38,0,0,0,0,4.97,5.07,4.88,5.18,VMS 2,,Tanque,,1.68,1.74,1.92,1.98,1.57,2.79,4.41,3.46
27/03/2024 05:18 a. m.,Ordeño,06:24,15.68,1,,,,,0,,1.26,1.56,1.68,1.56,0,0,0,0,4.77,4.80,4.68,4.70,VMS 2,,Tanque,,1.68,2.04,2.34,2.04,2.19,3.36,5.65,4.48
27/03/2024 06:25 p. m.,Ordeño,07:48,26.29,2,,,,,0,,1.50,1.68,1.74,1.68,0,0,0,0,5.31,5.13,5.17,5.23,VMS 2,,Tanque,,1.92,2.16,2.16,2.22,3.87,5.06,9.44,7.92
28/03/2024 02:21 a. m.,Ordeño,05:15,13.89,1,,,,,0,,1.32,1.56,1.62,1.56,0,0,0,0,4.70,4.60,4.54,4.45,VMS 2,,Tanque,,1.80,2.16,2.16,2.16,1.74,3.25,4.93,3.97
28/03/2024 07:11 a. m.,Ordeño,05:39,9.56,2,,,,,0,,1.14,1.26,1.20,1.20,0,0,0,0,4.76,4.93,4.90,4.90,VMS 2,,Tanque,,1.56,1.98,1.74,1.86,1.39,2.14,3.41,2.62
28/03/2024 02:40 p. m.,Ordeño,05:33,14.83,3,,,,,0,,1.26,1.56,1.62,1.50,0,0,0,0,5.37,5.21,5.02,5.38,VMS 2,,Tanque,,1.68,2.16,2.16,2.10,2.18,3.01,5.14,4.50
28/03/2024 11:09 p. m.,Ordeño,06:31,18.17,4,,,,,0,,1.32,1.62,1.62,1.56,0,0,0,0,5.09,5.00,4.81,4.87,VMS 2,,Tanque,,1.80,2.16,2.16,2.04,2.62,3.87,6.37,5.31
29/03/2024 06:53 a. m.,Ordeño,06:27,17.19,1,,,,,0,,1.26,1.44,1.68,1.32,0,0,0,0,4.96,5.20,4.83,5.25,VMS 2,,Tanque,,1.80,1.92,2.28,1.80,2.47,3.77,6.00,4.95
29/03/2024 12:29 p. m.,Ordeño,04:52,10.50,2,,,,,0,,1.08,1.56,1.56,1.26,0,0,0,0,5.16,5.33,5.15,5.39,VMS 2,,Tanque,,1.62,2.04,2.04,1.86,1.41,2.17,3.77,3.15
29/03/2024 10:31 p. m.,Ordeño,06:29,19.41,3,,,,,0,,1.20,1.50,1.68,1.50,0,0,0,0,5.22,5.33,4.95,5.26,VMS 2,,Tanque,,1.74,2.10,2.40,1.98,2.18,4.43,6.65,6.15
30/03/2024 05:16 a. m.,Ordeño,06:29,15.34,1,,,,,0,,0.96,1.56,1.50,1.50,0,0,0,0,4.95,5.01,4.81,4.86,VMS 2,,Tanque,,1.38,2.10,2.16,2.10,2.01,3.29,5.48,4.56
30/03/2024 05:36 p. m.,Ordeño,07:07,22.08,2,,,,,0,,1.32,1.56,1.74,1.62,0,0,0,0,4.62,4.54,4.43,4.37,VMS 2,,Tanque,,1.86,2.16,2.28,2.10,3.31,4.50,7.71,6.56
31/03/2024 01:29 a. m.,Ordeño,06:40,15.26,1,,,,,0,,1.20,1.50,1.74,1.44,0,0,0,0,4.50,4.41,4.35,4.29,VMS 2,,Tanque,,1.68,2.10,2.22,2.04,2.25,3.35,5.26,4.40
31/03/2024 02:37 p. m.,Ordeño,06:59,23.56,2,,,,,0,,1.32,1.68,1.86,1.62,0,0,0,0,5.04,4.94,4.84,4.88,VMS 2,,Tanque,,1.74,2.16,2.46,2.34,2.83,4.86,8.65,7.22
31/03/2024 10:22 p. m.,Ordeño,05:19,12.49,3,,,,,0,,1.14,1.56,1.44,1.44,0,0,0,0,4.69,4.80,4.78,4.69,VMS 2,,Tanque,,1.92,2.10,2.10,1.98,1.62,2.68,4.42,3.77
01/04/2024 06:20 a. m.,Ordeño,05:49,16.62,1,,,,,0,,1.20,1.38,1.68,1.38,0,0,0,0,4.96,5.08,4.69,4.90,VMS 2,,Tanque,,1.62,1.80,2.16,1.92,2.02,3.75,5.82,5.03
01/04/2024 09:10 p. m.,Ordeño,06:29,23.26,2,,,,,0,,1.44,1.50,2.04,1.80,0,0,0,0,5.25,5.21,5.08,5.16,VMS 2,,Tanque,,1.92,1.98,2.52,2.34,3.06,5.00,8.16,7.04
02/04/2024 06:31 a. m.,Ordeño,05:41,18.11,1,,,,,0,,1.44,1.44,1.98,1.56,0,0,0,0,5.11,5.20,4.89,5.10,VMS 2,,Tanque,,2.04,1.92,2.70,2.34,2.18,4.34,6.07,5.52
02/04/2024 07:52 p. m.,Ordeño,07:27,15.86,2,,TI,TI,TI,0,,1.50,1.62,0.36,1.68,0,0,0,0,5.16,5.17,2.48,5.12,VMS 2,,Tanque,,2.16,2.22,0.66,2.34,3.12,5.40,0.11,7.23
03/04/2024 06:59 p. m.,Ordeño,08:36,31.62,1,,,,,0,,1.62,1.68,1.74,1.56,0,0,0,0,5.22,5.16,4.91,4.94,VMS 2,,Tanque,,2.04,2.22,2.34,2.04,4.98,7.03,10.22,9.39
04/04/2024 06:25 a. m.,Ordeño,06:18,19.26,1,,,,,0,,1.38,1.44,1.62,1.62,0,0,0,0,4.75,5.04,4.81,4.97,VMS 2,,Tanque,,1.92,1.86,2.40,2.22,2.83,5.07,5.49,5.87
04/04/2024 04:40 p. m.,Ordeño,06:20,17.49,2,,,,,0,,1.44,1.56,1.62,1.50,0,0,0,0,5.20,5.31,4.94,5.40,VMS 2,,Tanque,,1.86,2.10,2.34,1.98,2.66,4.21,5.25,5.37
05/04/2024 03:09 p. m.,Ordeño,07:48,28.31,1,,,,,0,,1.62,1.68,1.86,1.56,0,0,0,0,5.25,5.38,5.26,5.29,VMS 2,,Tanque,,2.10,2.22,2.58,2.22,4.73,5.42,9.65,8.51
06/04/2024 12:49 a. m.,Ordeño,05:53,16.09,1,,,,,0,,1.56,1.50,1.80,1.50,0,0,0,0,5.20,5.21,5.01,4.82,VMS 2,,Tanque,,2.10,2.04,2.64,2.04,2.79,3.59,5.26,4.45
06/04/2024 06:58 p. m.,Ordeño,08:25,30.87,2,,,,,0,,1.74,1.80,1.80,1.68,0,0,0,0,5.44,5.44,5.36,5.53,VMS 2,,Tanque,,2.16,2.28,2.22,2.28,5.18,5.98,10.56,9.15
07/04/2024 10:41 p. m.,Ordeño,05:09,15.41,2,,,,,0,,1.62,1.50,1.98,1.56,0,0,0,0,4.91,5.13,4.88,4.84,VMS 2,,Tanque,,2.16,2.04,2.46,2.04,2.21,3.61,5.00,4.59
08/04/2024 01:57 p. m.,Ordeño,06:48,25.72,1,,,,,0,,1.68,1.80,2.04,1.86,0,0,0,0,5.35,5.50,5.18,5.40,VMS 2,,Tanque,,2.22,2.52,2.70,2.64,4.48,4.85,8.83,7.56
09/04/2024 04:02 a. m.,Ordeño,06:50,21.78,1,,,,,0,,1.56,1.68,1.92,1.56,0,0,0,0,5.10,5.20,4.93,5.08,VMS 2,,Tanque,,2.04,2.40,2.46,1.98,3.34,3.84,8.04,6.56
09/04/2024 06:09 p. m.,Ordeño,06:51,25.26,2,,,,,0,,1.62,1.74,1.92,1.62,0,0,0,0,5.21,5.42,4.97,5.43,VMS 2,,Tanque,,2.16,2.40,2.58,2.22,3.75,5.26,8.62,7.63
10/04/2024 01:31 a. m.,Ordeño,05:53,13.67,1,,,,,0,,1.32,1.56,1.56,1.56,0,0,0,0,5.15,5.22,4.96,4.97,VMS 2,,Tanque,,1.80,1.98,2.16,2.04,1.95,3.04,4.90,3.78
10/04/2024 11:37 a. m.,Ordeño,05:54,17.60,2,,,,,0,,1.44,1.56,1.74,1.62,0,0,0,0,5.08,5.35,5.11,5.03,VMS 2,,Tanque,,2.16,2.28,2.46,2.16,2.27,4.20,5.77,5.36
11/04/2024 12:55 a. m.,Ordeño,07:24,23.85,1,,,,,0,,1.56,1.62,1.68,1.62,0,0,0,0,5.37,5.36,5.02,5.16,VMS 2,,Tanque,,2.16,2.16,2.28,2.10,3.55,5.15,8.17,6.98
11/04/2024 01:31 p. m.,Ordeño,06:51,22.84,2,,,,,0,,1.68,1.56,1.86,1.68,0,0,0,0,5.13,5.02,4.86,4.95,VMS 2,,Tanque,,2.40,2.04,2.46,2.40,3.92,4.36,7.69,6.87
11/04/2024 10:30 p. m.,Ordeño,05:55,15.64,3,,,,,0,,1.32,1.44,1.62,1.50,0,0,0,0,4.75,4.93,4.64,4.78,VMS 2,,Tanque,,1.80,1.92,2.28,2.10,2.14,3.55,5.41,4.54
12/04/2024 07:42 a. m.,Ordeño,06:00,17.50,1,,,,,0,,1.50,1.56,1.80,1.62,0,0,0,0,5.13,5.32,4.91,5.15,VMS 2,,Tanque,,1.98,2.10,2.46,2.34,2.30,3.81,6.02,5.37
12/04/2024 07:48 p. m.,Ordeño,07:17,20.13,2,,,,,0,,1.44,1.50,1.62,1.56,0,0,0,0,5.07,5.04,4.84,5.08,VMS 2,,Tanque,,1.98,1.98,2.22,2.04,3.08,4.36,6.81,5.88
13/04/2024 04:24 a. m.,Ordeño,06:06,16.20,1,,,,,0,,1.44,1.44,1.62,1.56,0,0,0,0,5.11,4.98,4.79,5.03,VMS 2,,Tanque,,1.86,1.92,2.16,2.16,2.51,3.20,5.79,4.70
13/04/2024 11:58 a. m.,Ordeño,05:31,13.93,2,,,,,0,,1.56,1.50,1.62,1.50,0,0,0,0,5.22,5.18,4.87,5.17,VMS 2,,Tanque,,2.04,2.10,2.22,1.92,2.36,2.66,4.94,3.97
14/04/2024 01:22 a. m.,Ordeño,06:59,24.37,1,,,,,0,,1.62,1.62,1.80,1.74,0,0,0,0,5.17,5.35,4.88,5.04,VMS 2,,Tanque,,2.10,2.22,2.28,2.40,3.30,5.28,8.52,7.27
14/04/2024 01:36 p. m.,Ordeño,06:32,22.01,2,,,,,0,,1.56,1.56,1.92,1.56,0,0,0,0,4.93,5.27,4.82,5.02,VMS 2,,Tanque,,2.04,2.22,2.52,2.10,2.66,5.07,7.72,6.56
14/04/2024 10:14 p. m.,Ordeño,05:45,15.82,3,,,,,0,,1.44,1.50,1.74,1.50,0,0,0,0,4.75,4.91,4.67,4.77,VMS 2,,Tanque,,2.10,2.10,2.40,1.92,2.30,3.44,5.40,4.68
15/04/2024 08:32 a. m.,Ordeño,06:15,19.61,1,,,,,0,,1.50,1.56,1.86,1.62,0,0,0,0,5.21,5.30,4.92,5.14,VMS 2,,Tanque,,1.92,1.98,2.52,2.16,2.62,4.20,6.95,5.84
15/04/2024 08:23 p. m.,Ordeño,08:03,14.55,2,,,TD,TD,0,,1.26,1.38,1.62,0.00,0,0,0,0,4.93,4.91,4.84,0.00,VMS 2,,Tanque,,1.92,1.80,2.28,0.00,2.30,4.86,7.39,0.00
16/04/2024 09:19 a. m.,Ordeño,07:47,25.58,1,,,,,0,,1.44,1.44,1.68,1.62,0,0,0,0,5.00,5.18,4.92,4.87,VMS 2,,Tanque,,1.86,2.04,2.16,2.28,3.47,4.76,8.47,8.88
16/04/2024 04:34 p. m.,Ordeño,05:12,12.13,2,,,,,0,,1.32,1.44,1.62,1.56,0,0,0,0,4.71,4.90,4.72,4.71,VMS 2,,Tanque,,1.80,1.98,2.22,2.16,2.15,2.49,4.50,2.99
17/04/2024 01:19 a. m.,Ordeño,06:00,16.57,1,,,,,0,,1.26,1.44,1.74,1.44,0,0,0,0,4.73,4.91,4.71,4.95,VMS 2,,Tanque,,1.68,1.86,2.22,1.86,1.97,3.89,5.98,4.73
17/04/2024 11:05 a. m.,Ordeño,06:00,18.90,2,,,,,0,,1.56,1.62,1.80,1.68,0,0,0,0,5.47,5.38,4.98,5.40,VMS 2,,Tanque,,2.10,2.10,2.40,2.16,3.38,3.50,6.77,5.25
17/04/2024 10:40 p. m.,Ordeño,06:43,20.15,3,,,,,0,,1.44,1.44,1.62,1.68,0,0,0,0,4.93,5.04,4.73,4.79,VMS 2,,Tanque,,1.92,1.92,2.16,2.34,2.97,4.36,7.27,5.55
18/04/2024 05:03 a. m.,Ordeño,05:43,12.54,1,,,,,0,,1.38,1.44,1.32,1.50,0,0,0,0,5.20,5.19,5.05,5.13,VMS 2,,Tanque,,1.86,2.04,1.80,2.04,1.88,2.75,4.39,3.52
18/04/2024 03:08 p. m.,Ordeño,06:28,19.06,2,,,,,0,,1.44,1.56,1.62,1.74,0,0,0,0,5.27,5.38,5.18,5.27,VMS 2,,Tanque,,1.92,1.98,2.04,2.34,2.52,4.03,6.86,5.65
18/04/2024 10:33 p. m.,Ordeño,08:16,12.92,3,,,,,0,,1.38,1.26,1.26,1.74,0,0,0,0,4.90,4.91,4.96,4.73,VMS 2,,Tanque,,1.86,1.80,1.62,2.40,1.91,3.00,3.32,4.69
19/04/2024 06:58 a. m.,Ordeño,05:38,15.04,1,,,,,0,,1.26,1.26,1.62,1.44,0,0,0,0,4.49,5.01,4.74,5.06,VMS 2,,Tanque,,1.80,1.68,2.10,1.98,2.43,3.14,5.29,4.18
19/04/2024 03:21 p. m.,Ordeño,05:30,15.99,2,,,,,0,,1.32,1.50,1.80,1.68,0,0,0,0,4.64,5.34,5.07,5.11,VMS 2,,Tanque,,1.98,1.98,2.28,2.28,2.87,3.08,5.62,4.42
20/04/2024 01:10 a. m.,Ordeño,06:17,18.07,1,,,,,0,,1.44,1.44,1.62,1.62,0,0,0,0,4.99,4.91,4.72,4.74,VMS 2,,Tanque,,1.86,1.98,2.10,2.10,2.73,3.88,6.36,5.10
20/04/2024 02:26 p. m.,Ordeño,08:01,24.56,2,,,,,0,,1.56,1.62,1.68,1.74,0,0,0,0,5.36,5.39,5.17,5.12,VMS 2,,Tanque,,2.16,2.10,2.22,2.34,3.94,4.15,9.58,6.89
21/04/2024 04:12 a. m.,Ordeño,07:25,23.43,1,,,,,0,,1.44,1.62,1.74,1.62,0,0,0,0,4.95,4.99,4.85,4.71,VMS 2,,Tanque,,1.86,2.10,2.34,2.22,3.72,4.60,8.25,6.86
21/04/2024 03:05 p. m.,Ordeño,05:46,16.88,2,,,,,0,,1.32,1.50,1.80,1.44,0,0,0,0,4.64,4.94,4.72,4.86,VMS 2,,Tanque,,1.92,2.10,2.28,1.92,2.32,3.83,5.99,4.74
22/04/2024 04:32 a. m.,Ordeño,07:51,23.96,1,,,,,0,,1.44,1.56,1.62,1.50,0,0,0,0,5.11,5.32,5.08,5.27,VMS 2,,Tanque,,1.92,2.16,2.10,1.92,3.32,5.00,8.63,7.01
22/04/2024 08:40 p. m.,Ordeño,07:43,26.70,2,,,,,0,,1.68,1.62,1.68,1.74,0,0,0,0,5.30,5.44,5.10,5.14,VMS 2,,Tanque,,2.16,2.16,2.22,2.28,4.06,5.61,9.22,7.81
23/04/2024 10:52 a. m.,Ordeño,07:18,24.11,1,,,,,0,,1.62,1.62,1.92,1.68,0,0,0,0,5.12,5.08,4.84,5.00,VMS 2,,Tanque,,2.10,2.10,2.58,2.34,3.33,4.99,8.62,7.17
23/04/2024 08:10 p. m.,Ordeño,05:43,17.64,2,,,,,0,,1.44,1.38,1.80,1.56,0,0,0,0,4.63,5.09,4.86,5.25,VMS 2,,Tanque,,2.16,1.98,2.46,2.22,2.58,3.86,5.96,5.24
25/04/2024 12:04 a. m.,Ordeño,05:34,15.60,1,,,,,0,,1.68,1.44,1.62,1.50,0,0,0,0,4.98,4.81,4.68,4.96,VMS 2,,Tanque,,2.10,1.86,2.22,2.04,3.55,2.77,5.10,4.18
25/04/2024 09:06 a. m.,Ordeño,06:00,16.58,2,,,,,0,,1.44,1.62,1.56,1.44,0,0,0,0,4.97,5.28,5.07,5.18,VMS 2,,Tanque,,2.10,2.28,2.10,1.92,2.13,3.83,5.75,4.87
25/04/2024 08:40 p. m.,Ordeño,06:51,20.96,3,,,,,0,,1.44,1.44,1.68,1.62,0,0,0,0,5.11,5.23,4.87,5.17,VMS 2,,Tanque,,1.86,2.04,2.28,2.10,2.75,4.72,7.16,6.33
26/04/2024 07:38 a. m.,Ordeño,08:36,19.88,1,,,,,0,,1.38,1.50,1.68,1.62,0,0,0,0,4.96,5.16,4.89,4.96,VMS 2,,Tanque,,2.04,2.46,2.58,2.34,2.74,4.30,6.84,6.00
26/04/2024 05:13 p. m.,Ordeño,05:57,16.24,2,,,,,0,,1.62,1.50,1.56,1.62,0,0,0,0,4.97,4.95,4.95,4.70,VMS 2,,Tanque,,2.10,1.98,1.98,2.16,2.72,3.29,5.57,4.66
27/04/2024 02:47 a. m.,Ordeño,05:58,15.49,1,,,,,0,,1.50,1.44,1.44,1.44,0,0,0,0,5.00,5.01,4.93,4.89,VMS 2,,Tanque,,2.04,1.92,1.92,1.92,2.36,3.19,5.40,4.54
27/04/2024 04:46 p. m.,Ordeño,07:22,23.76,2,,,,,0,,1.56,1.44,1.74,1.62,0,0,0,0,5.15,4.91,5.10,5.15,VMS 2,,Tanque,,1.92,1.98,2.40,2.16,3.16,4.67,8.47,7.46
28/04/2024 06:08 p. m.,Ordeño,07:40,27.06,1,,,,,0,,1.68,1.68,1.68,1.74,0,0,0,0,4.88,5.09,4.94,4.78,VMS 2,,Tanque,,2.34,2.34,2.10,2.46,4.15,5.39,8.84,8.68
29/04/2024 01:32 a. m.,Ordeño,06:05,12.55,1,,,,,0,,1.50,1.62,1.56,0.90,0,0,0,0,4.78,4.85,4.49,4.11,VMS 2,,Tanque,,2.04,2.16,2.28,1.32,2.04,2.80,4.62,3.09
29/04/2024 09:59 p. m.,Ordeño,08:20,29.90,2,,,,,0,,1.74,1.68,1.74,1.50,0,0,0,0,5.12,5.19,5.04,5.22,VMS 2,,Tanque,,2.34,2.34,2.16,1.98,4.77,6.43,10.18,8.52
30/04/2024 05:53 a. m.,Ordeño,04:53,12.29,1,,,,,0,,1.50,1.50,1.62,1.38,0,0,0,0,4.69,4.66,4.66,4.56,VMS 2,,Tanque,,2.04,2.34,2.10,1.92,2.20,2.60,4.32,3.17
30/04/2024 04:11 p. m.,Ordeño,06:23,17.69,2,,,,,0,,1.38,1.62,1.62,1.50,0,0,0,0,5.14,5.40,4.97,5.33,VMS 2,,Tanque,,1.92,2.22,2.16,1.98,2.73,3.70,6.23,5.03
01/05/2024 01:39 a. m.,Ordeño,05:55,15.72,1,,,,,0,,1.50,1.56,1.74,1.56,0,0,0,0,5.09,5.16,4.93,5.12,VMS 2,,Tanque,,1.98,2.16,2.28,2.04,2.42,3.13,5.91,4.26
01/05/2024 08:53 a. m.,Ordeño,05:18,13.18,2,,,,,0,,1.44,1.50,1.50,1.38,0,0,0,0,5.20,5.36,5.14,5.07,VMS 2,,Tanque,,2.04,2.04,1.98,1.92,2.10,2.94,4.46,3.68
01/05/2024 04:42 p. m.,Ordeño,05:26,13.79,3,,,,,0,,1.32,1.56,1.68,1.38,0,0,0,0,5.21,5.43,5.14,5.39,VMS 2,,Tanque,,1.80,2.16,2.16,1.86,2.08,2.98,4.93,3.80
02/05/2024 12:20 a. m.,Ordeño,06:23,15.13,1,,,,,0,,1.32,1.38,1.62,1.20,0,0,0,0,5.22,5.30,5.08,5.37,VMS 2,,Tanque,,2.04,1.86,2.22,1.68,2.04,3.36,5.37,4.36
02/05/2024 07:10 a. m.,Ordeño,04:57,12.29,2,,DI,,,0,,1.50,1.56,1.74,1.50,0,0,0,0,5.01,5.38,5.08,5.23,VMS 2,,Tanque,,2.22,2.04,2.28,1.98,1.89,2.57,4.27,3.56
02/05/2024 02:31 p. m.,Ordeño,06:02,11.54,3,,,,,0,,0.90,1.08,1.32,1.32,0,0,0,0,4.81,4.90,4.94,5.12,VMS 2,,Tanque,,1.32,1.62,2.10,1.86,1.79,2.61,3.91,3.23
02/05/2024 09:24 p. m.,Ordeño,06:00,7.95,4,,,TD,TD,0,,0.90,0.96,1.62,0.00,0,0,0,0,4.61,4.64,4.80,0.00,VMS 2,,Tanque,,1.50,1.50,2.10,0.00,1.79,2.34,3.82,0.00
03/05/2024 01:43 a. m.,Ordeño,06:42,9.99,1,,,,,0,,0.54,0.90,0.96,1.44,0,0,0,0,5.01,4.98,5.22,4.96,VMS 2,,Tanque,,1.02,1.26,1.80,2.10,1.13,1.65,2.97,4.24
03/05/2024 04:49 p. m.,Ordeño,06:41,25.18,2,,,,,0,,1.56,1.44,1.98,1.92,0,0,0,0,5.19,5.24,5.01,4.99,VMS 2,,Tanque,,2.22,2.04,2.64,2.34,3.52,5.37,8.18,8.11
04/05/2024 02:50 a. m.,Ordeño,06:11,16.40,1,,,,,0,,1.02,1.38,1.68,1.56,0,0,0,0,4.92,5.05,4.87,5.07,VMS 2,,Tanque,,1.56,2.10,2.40,1.98,2.40,3.33,5.92,4.75
04/05/2024 12:01 p. m.,Ordeño,05:32,16.37,2,,,,,0,,1.08,1.38,1.86,1.50,0,0,0,0,4.97,5.29,4.95,5.03,VMS 2,,Tanque,,1.56,1.98,2.52,2.28,2.18,3.62,5.83,4.74
04/05/2024 06:28 p. m.,Ordeño,04:54,11.03,3,,,,,0,,1.02,1.02,1.68,1.38,0,0,0,0,4.97,5.02,5.03,4.95,VMS 2,,Tanque,,1.62,1.50,2.16,1.86,1.81,2.27,3.93,3.02
05/05/2024 04:18 a. m.,Ordeño,12:43,15.63,1,,,DI,DI,0,,0.00,1.20,1.80,1.32,0,0,0,0,0.00,5.10,5.02,5.19,VMS 2,,Tanque,,0.00,1.80,2.40,1.80,0.00,4.11,6.43,5.09
05/05/2024 01:25 p. m.,Ordeño,05:46,15.16,2,,,,,0,,1.20,1.26,1.86,1.32,0,0,0,0,4.88,5.03,4.82,4.57,VMS 2,,Tanque,,1.68,1.80,2.34,1.92,2.49,3.12,5.09,4.46
05/05/2024 08:57 p. m.,Ordeño,05:04,10.42,3,,,,,0,,1.08,1.08,1.56,1.32,0,0,0,0,4.47,4.71,4.74,4.58,VMS 2,,Tanque,,1.62,1.74,1.98,1.80,1.42,2.27,3.75,2.98
06/05/2024 07:35 a. m.,Ordeño,05:55,17.40,1,,,,,0,,1.26,1.26,1.68,1.56,0,0,0,0,4.93,5.04,4.94,4.92,VMS 2,,Tanque,,1.92,1.74,2.40,2.22,2.22,3.82,6.09,5.27
06/05/2024 08:25 p. m.,Ordeño,09:03,20.50,2,,,,,0,,1.14,1.26,1.86,1.38,0,0,0,0,5.19,5.32,5.21,5.52,VMS 2,,Tanque,,1.92,1.80,2.28,1.92,2.98,3.46,7.63,6.43
07/05/2024 06:36 a. m.,Ordeño,05:40,16.14,1,,,,,0,,1.14,1.38,1.80,1.50,0,0,0,0,4.92,4.91,4.76,4.78,VMS 2,,Tanque,,1.74,1.98,2.28,2.04,2.65,3.48,5.33,4.68
07/05/2024 03:08 p. m.,Ordeño,05:23,13.77,2,,,,,0,,1.02,1.38,1.80,1.44,0,0,0,0,4.94,5.07,4.90,4.73,VMS 2,,Tanque,,1.50,1.92,2.34,2.10,1.79,2.87,5.11,4.00
07/05/2024 10:44 p. m.,Ordeño,04:42,11.26,3,,,,,0,,1.02,1.14,1.68,1.38,0,0,0,0,4.98,5.01,4.99,4.72,VMS 2,,Tanque,,1.50,1.62,2.16,1.92,1.90,2.41,3.87,3.08
08/05/2024 07:22 a. m.,Ordeño,05:37,15.86,1,,DD,,,0,,1.08,1.56,1.74,1.50,0,0,0,0,5.19,5.20,5.04,5.21,VMS 2,,Tanque,,1.56,2.34,2.28,1.98,2.29,2.80,5.82,4.95
08/05/2024 02:40 p. m.,Ordeño,04:52,12.20,2,,,,,0,,1.02,1.44,1.68,1.32,0,0,0,0,5.11,5.27,5.17,4.81,VMS 2,,Tanque,,1.50,2.10,2.46,1.80,1.62,2.84,4.21,3.53
08/05/2024 09:16 p. m.,Ordeño,04:38,11.29,3,,,,,0,,0.96,1.38,1.62,1.38,0,0,0,0,4.97,5.15,4.97,5.15,VMS 2,,Tanque,,1.38,1.86,2.10,1.86,1.69,2.52,3.61,3.47
09/05/2024 04:09 a. m.,Ordeño,05:36,13.47,1,,,,,0,,1.02,1.14,1.62,1.32,0,0,0,0,5.30,5.23,5.24,5.27,VMS 2,,Tanque,,1.56,1.68,2.16,1.92,2.12,2.68,4.73,3.94
09/05/2024 01:32 p. m.,Ordeño,06:08,16.96,2,,,,,0,,1.14,1.44,1.92,1.38,0,0,0,0,5.30,5.37,5.07,5.24,VMS 2,,Tanque,,1.56,2.04,2.46,1.86,2.19,3.63,6.06,5.08
09/05/2024 10:58 p. m.,Ordeño,05:44,14.52,3,,,,,0,,1.02,1.20,1.74,1.26,0,0,0,0,4.89,4.97,4.92,4.98,VMS 2,,Tanque,,1.50,1.80,2.28,1.86,2.12,2.89,5.18,4.33
10/05/2024 05:39 a. m.,Ordeño,05:35,12.33,1,,,,,0,,1.08,1.08,1.68,1.38,0,0,0,0,5.17,4.98,5.04,5.25,VMS 2,,Tanque,,1.56,1.50,2.34,1.80,1.87,2.29,4.42,3.75
10/05/2024 04:54 p. m.,Ordeño,06:31,20.34,2,,,,,0,,1.32,1.44,1.86,1.44,0,0,0,0,5.17,5.32,5.02,5.26,VMS 2,,Tanque,,1.92,2.16,2.52,1.98,2.85,4.43,7.07,5.99
11/05/2024 02:54 a. m.,Ordeño,06:41,16.96,1,,,,,0,,1.32,1.44,1.68,1.44,0,0,0,0,5.02,5.03,4.89,4.75,VMS 2,,Tanque,,1.80,1.92,2.34,2.04,2.77,3.59,5.88,4.72
11/05/2024 08:42 a. m.,Ordeño,04:13,8.46,2,,,,,0,,0.84,1.08,1.50,1.26,0,0,0,0,4.68,4.64,4.69,4.74,VMS 2,,Tanque,,1.26,1.56,1.98,1.80,1.20,1.94,2.75,2.57
11/05/2024 05:28 p. m.,Ordeño,05:36,14.98,3,,,,,0,,1.20,1.32,1.74,1.38,0,0,0,0,5.16,5.12,5.01,5.14,VMS 2,,Tanque,,1.68,1.98,2.22,1.92,1.98,3.19,5.31,4.50
12/05/2024 04:12 a. m.,Ordeño,05:42,16.68,1,,,,,0,,1.08,1.44,1.74,1.44,0,0,0,0,4.75,4.91,4.76,4.87,VMS 2,,Tanque,,1.56,1.98,2.28,1.92,2.38,3.62,5.61,5.07
12/05/2024 01:12 p. m.,Ordeño,09:39,15.27,2,,,,,0,,1.08,1.32,1.74,1.44,0,0,0,0,5.10,5.17,5.09,5.29,VMS 2,,Tanque,,1.50,1.80,2.22,1.92,2.18,3.24,5.29,4.56
12/05/2024 10:36 p. m.,Ordeño,05:30,16.43,3,,,,,0,,1.20,1.38,1.86,1.44,0,0,0,0,4.99,5.17,4.90,5.11,VMS 2,,Tanque,,1.80,2.04,2.52,1.86,2.16,3.57,5.90,4.80
13/05/2024 05:42 a. m.,Ordeño,06:14,14.04,1,,,,,0,,1.20,1.38,1.62,1.38,0,0,0,0,5.19,5.24,5.17,5.31,VMS 2,,Tanque,,1.62,1.98,2.28,1.98,2.32,2.75,4.71,4.26
13/05/2024 01:08 p. m.,Ordeño,05:07,14.18,2,,,,,0,,1.02,1.44,2.04,1.44,0,0,0,0,5.25,5.37,5.12,5.30,VMS 2,,Tanque,,1.38,2.04,2.76,1.80,1.95,3.14,4.98,4.11
13/05/2024 09:49 p. m.,Ordeño,05:47,16.25,3,,,,,0,,1.20,1.44,1.80,1.44,0,0,0,0,5.24,5.30,5.19,5.45,VMS 2,,Tanque,,1.86,1.92,2.28,1.92,2.67,3.20,5.40,4.98
14/05/2024 09:46 a. m.,Ordeño,06:17,20.03,1,,,,,0,,1.32,1.56,1.80,1.50,0,0,0,0,5.16,5.18,5.05,5.31,VMS 2,,Tanque,,1.86,2.10,2.58,1.98,3.33,3.72,6.99,5.99
14/05/2024 04:59 p. m.,Ordeño,04:55,13.04,2,,,,,0,,1.14,1.56,1.80,1.32,0,0,0,0,5.17,5.23,5.04,5.12,VMS 2,,Tanque,,1.74,2.04,2.64,1.74,2.20,2.58,4.52,3.74
15/05/2024 08:08 p. m.,Ordeño,04:29,4.87,2,,,"DI,TI,TD",,0,,0.72,0.84,1.26,1.14,0,0,0,0,4.72,4.46,4.79,4.59,VMS 2,,Tanque,,1.38,1.44,1.86,1.62,0.99,1.15,1.50,1.23
16/05/2024 12:15 a. m.,Ordeño,05:57,4.77,1,,DI,DI,DI,0,,0.18,0.96,1.26,1.08,0,0,0,0,0.07,4.68,4.61,4.76,VMS 2,,Tanque,,0.54,1.44,1.92,1.56,0.06,1.25,1.99,1.47
16/05/2024 02:36 p. m.,Ordeño,06:31,22.63,2,,,,,0,,1.50,1.62,2.04,1.56,0,0,0,0,5.16,5.49,5.30,5.56,VMS 2,,Tanque,,2.22,2.10,2.76,2.16,2.82,5.16,7.91,6.74
16/05/2024 11:55 p. m.,Ordeño,05:22,15.87,1,,,,,0,,1.20,1.38,1.80,1.38,0,0,0,0,4.84,5.06,4.97,5.29,VMS 2,,Tanque,,1.74,1.98,2.64,1.80,2.55,3.55,5.19,4.58
17/05/2024 11:18 a. m.,Ordeño,05:39,18.48,2,,,,,0,,1.26,1.50,1.92,1.80,0,0,0,0,5.09,5.12,5.18,5.44,VMS 2,,Tanque,,1.80,2.28,2.52,2.40,2.97,3.02,6.54,5.95
18/05/2024 02:12 a. m.,Ordeño,06:02,15.84,1,,,,,0,,1.44,1.50,1.62,1.62,0,0,0,0,4.67,4.84,4.97,4.61,VMS 2,,Tanque,,2.16,2.22,2.04,2.16,2.34,3.11,5.92,4.47
18/05/2024 09:30 a. m.,Ordeño,04:52,11.13,2,,,,,0,,1.20,1.20,1.44,1.62,0,0,0,0,5.00,5.12,4.96,4.83,VMS 2,,Tanque,,1.74,1.68,2.16,2.34,1.84,2.57,3.50,3.22
18/05/2024 04:03 p. m.,Ordeño,04:23,11.11,3,,,,,0,,1.08,1.62,1.68,1.44,0,0,0,0,5.20,5.39,5.22,5.30,VMS 2,,Tanque,,1.68,2.40,2.16,2.04,1.78,2.37,3.79,3.17
19/05/2024 05:44 a. m.,Ordeño,07:06,21.96,1,,,,,0,,1.44,1.62,1.74,1.62,0,0,0,0,4.99,5.20,5.16,5.21,VMS 2,,Tanque,,2.10,2.16,2.34,2.34,3.24,4.57,7.73,6.42
19/05/2024 05:54 p. m.,Ordeño,08:10,16.95,2,,,DI,DI,0,,0.00,1.50,1.68,1.56,0,0,0,0,0.00,5.29,5.13,5.30,VMS 2,,Tanque,,0.00,2.16,2.46,2.34,0.00,3.89,7.20,5.86
20/05/2024 09:04 a. m.,Ordeño,07:27,25.10,1,,,,,0,,1.50,1.62,1.74,1.62,0,0,0,0,5.00,5.41,5.12,5.31,VMS 2,,Tanque,,1.92,2.16,2.46,2.04,3.92,5.13,8.85,7.20
20/05/2024 04:06 p. m.,Ordeño,04:38,10.89,2,,,,,0,,1.08,1.44,1.62,1.44,0,0,0,0,4.62,5.07,4.93,5.02,VMS 2,,Tanque,,1.62,2.16,2.10,2.16,1.56,2.51,3.74,3.08
21/05/2024 05:45 a. m.,Ordeño,07:54,22.53,1,,,,,0,,1.38,1.56,1.68,1.56,0,0,0,0,5.20,5.26,5.21,5.44,VMS 2,,Tanque,,1.86,2.10,2.28,2.34,3.37,4.69,7.89,6.58
21/05/2024 03:35 p. m.,Ordeño,07:47,15.53,2,,DI,,,0,,1.32,1.20,1.68,1.32,0,0,0,0,5.07,5.12,5.14,5.17,VMS 2,,Tanque,,1.98,1.68,2.22,1.80,1.79,3.70,5.78,4.26
22/05/2024 03:46 a. m.,Ordeño,06:33,19.77,1,,,,,0,,1.20,1.38,1.62,1.44,0,0,0,0,5.05,5.28,5.07,5.24,VMS 2,,Tanque,,1.86,1.80,2.16,1.98,2.96,4.20,6.62,5.99
22/05/2024 01:55 p. m.,Ordeño,05:53,17.47,2,,,,,0,,1.50,1.56,1.74,1.74,0,0,0,0,5.18,5.26,5.15,5.05,VMS 2,,Tanque,,1.92,2.10,2.28,2.28,2.87,3.38,6.29,4.93
22/05/2024 09:30 p. m.,Ordeño,04:44,11.41,3,,,,,0,,0.96,1.26,1.62,1.32,0,0,0,0,4.77,4.94,4.94,4.97,VMS 2,,Tanque,,1.62,1.68,2.16,1.86,1.58,2.46,3.96,3.41
23/05/2024 07:04 a. m.,Ordeño,06:23,17.99,1,,,,,0,,1.20,1.62,1.62,1.62,0,0,0,0,5.39,5.40,5.21,5.58,VMS 2,,Tanque,,1.74,2.22,2.22,2.10,2.65,3.78,6.04,5.52
23/05/2024 05:10 p. m.,Ordeño,05:40,17.29,2,,,,,0,,1.26,1.68,2.04,1.56,0,0,0,0,5.43,5.52,5.23,5.47,VMS 2,,Tanque,,1.80,2.10,2.94,2.04,2.32,3.92,6.11,4.94
24/05/2024 12:24 a. m.,Ordeño,04:45,12.27,1,,,,,0,,1.14,1.44,1.68,1.44,0,0,0,0,5.11,5.19,5.03,4.98,VMS 2,,Tanque,,1.62,2.04,2.22,2.04,1.72,2.76,4.04,3.75
24/05/2024 09:04 a. m.,Ordeño,06:01,15.62,2,,,,,0,,1.26,1.44,1.74,1.62,0,0,0,0,5.32,5.11,5.16,5.32,VMS 2,,Tanque,,1.80,1.98,2.58,2.16,2.48,2.96,5.59,4.59
24/05/2024 06:53 p. m.,Ordeño,05:37,16.11,3,,,,,0,,1.14,1.44,1.80,1.56,0,0,0,0,5.08,5.31,5.11,5.14,VMS 2,,Tanque,,1.80,2.10,2.40,1.98,2.60,3.27,5.44,4.80
25/05/2024 02:19 a. m.,Ordeño,05:06,11.48,1,,,,,0,,1.08,1.50,1.62,1.44,0,0,0,0,4.94,4.98,4.85,4.59,VMS 2,,Tanque,,1.50,2.22,2.22,1.92,1.82,2.42,4.01,3.23
25/05/2024 12:41 p. m.,Ordeño,07:20,18.74,2,,,,,0,,1.32,1.44,1.86,1.62,0,0,0,0,5.35,5.40,5.17,5.12,VMS 2,,Tanque,,1.98,1.92,2.46,2.10,2.65,4.37,6.28,5.44
25/05/2024 11:55 p. m.,Ordeño,06:39,18.64,1,,,,,0,,1.14,1.56,1.80,1.38,0,0,0,0,5.06,5.26,4.92,5.20,VMS 2,,Tanque,,1.74,2.10,2.40,1.86,2.63,3.86,6.56,5.59
26/05/2024 01:21 p. m.,Ordeño,06:21,0.35,2,,,Todos,"DI,DD,TD",0,,0.00,0.00,0.54,0.00,0,0,0,0,0.00,0.00,2.95,0.00,VMS 2,,Tanque,,0.00,0.00,0.90,0.00,0.00,0.00,0.35,0.00
26/05/2024 04:02 p. m.,Ordeño,05:57,16.30,3,,,,,0,,1.38,1.74,1.80,1.56,0,0,0,0,5.29,5.51,5.10,5.20,VMS 2,,Tanque,,1.92,2.64,2.46,2.16,1.73,3.18,5.68,5.71
27/05/2024 10:01 a. m.,Ordeño,07:32,26.94,1,,,,,0,,1.50,1.62,2.04,1.62,0,0,0,0,5.21,5.16,4.91,4.89,VMS 2,,Tanque,,2.10,2.22,2.82,2.34,4.05,5.37,8.97,8.55
27/05/2024 04:41 p. m.,Ordeño,04:37,9.92,2,,,,,0,,1.14,1.26,1.62,1.20,0,0,0,0,5.07,4.86,4.81,4.76,VMS 2,,Tanque,,1.62,1.80,2.28,1.62,1.65,2.22,3.31,2.74
28/05/2024 12:05 a. m.,Ordeño,04:32,10.77,1,,,,,0,,1.26,1.20,1.62,1.32,0,0,0,0,5.09,4.99,5.02,5.07,VMS 2,,Tanque,,1.80,1.74,2.04,1.80,1.76,2.36,3.65,3.00
28/05/2024 10:22 a. m.,Ordeño,06:07,16.80,2,,,,,0,,1.08,1.50,1.74,1.44,0,0,0,0,5.21,5.31,5.26,5.39,VMS 2,,Tanque,,1.86,1.92,2.40,1.98,2.28,3.59,5.90,5.03
28/05/2024 05:48 p. m.,Ordeño,04:52,11.45,3,,,,,0,,1.14,1.44,1.50,1.50,0,0,0,0,5.40,5.32,5.26,5.25,VMS 2,,Tanque,,1.56,2.04,1.98,1.86,1.96,2.44,3.85,3.20
29/05/2024 02:17 a. m.,Ordeño,05:07,13.96,1,,,,,0,,1.08,1.38,1.74,1.44,0,0,0,0,5.21,5.14,5.07,5.29,VMS 2,,Tanque,,1.68,2.04,2.52,2.04,1.98,2.97,4.96,4.05
29/05/2024 11:06 a. m.,Ordeño,05:45,15.34,2,,TD,,,0,,1.26,1.32,1.74,1.56,0,0,0,0,5.33,5.29,5.28,5.41,VMS 2,,Tanque,,1.68,1.86,2.46,2.10,2.46,2.74,5.54,4.60
30/05/2024 01:57 a. m.,Ordeño,07:01,23.74,1,,,,,0,,1.38,1.44,1.86,1.68,0,0,0,0,5.27,5.03,4.99,4.81,VMS 2,,Tanque,,1.98,2.10,3.00,2.16,4.46,3.59,8.62,7.07
30/05/2024 12:22 p. m.,Ordeño,06:48,17.96,2,,,,,0,,1.20,1.44,1.68,1.44,0,0,0,0,4.90,5.02,4.93,4.92,VMS 2,,Tanque,,1.68,1.98,2.46,1.80,3.05,3.55,6.48,4.88
31/05/2024 02:07 a. m.,Ordeño,07:02,18.61,1,,,,,0,,1.32,1.62,1.92,1.56,0,0,0,0,4.78,5.03,4.77,4.85,VMS 2,,Tanque,,1.98,2.34,2.52,2.10,2.82,3.95,6.28,5.56
31/05/2024 09:53 a. m.,Ordeño,05:25,12.72,2,,,,,0,,1.20,1.38,1.62,1.26,0,0,0,0,4.91,5.03,4.91,4.98,VMS 2,,Tanque,,1.56,1.98,2.40,1.74,2.03,2.63,4.56,3.50
31/05/2024 05:57 p. m.,Ordeño,05:10,13.25,3,,,,,0,,1.14,1.38,1.62,1.50,0,0,0,0,5.18,5.10,5.18,5.17,VMS 2,,Tanque,,1.62,2.04,2.04,1.86,2.24,2.64,4.49,3.88
01/06/2024 03:47 a. m.,Ordeño,08:08,11.67,1,,,TD,TD,0,,1.14,1.14,1.56,0.00,0,0,0,0,5.00,4.95,5.03,0.00,VMS 2,,Tanque,,1.68,1.80,2.46,0.00,2.81,2.92,5.94,0.00
01/06/2024 03:44 p. m.,Ordeño,06:48,21.81,2,,,,,0,,1.68,1.56,1.80,1.62,0,0,0,0,5.30,5.29,5.12,5.27,VMS 2,,Tanque,,2.22,2.10,2.52,2.10,3.12,4.06,7.22,7.41
02/06/2024 12:44 a. m.,Ordeño,05:12,12.66,1,,,,,0,,1.56,1.62,1.56,1.26,0,0,0,0,4.79,4.93,4.81,4.43,VMS 2,,Tanque,,2.04,2.16,2.22,1.98,2.36,2.79,4.41,3.10
02/06/2024 07:47 a. m.,Ordeño,05:20,12.95,2,,,,,0,,1.56,1.56,1.56,1.38,0,0,0,0,5.02,5.18,4.88,4.95,VMS 2,,Tanque,,2.16,1.98,2.04,1.80,2.40,2.70,4.53,3.32
02/06/2024 06:00 p. m.,Ordeño,06:26,16.60,3,,,,,0,,0.84,1.56,1.62,1.38,0,0,0,0,4.69,5.37,5.09,5.42,VMS 2,,Tanque,,1.50,2.10,2.16,1.98,2.07,3.23,6.50,4.80
03/06/2024 02:47 a. m.,Ordeño,06:16,16.00,1,,,,,0,,0.84,1.56,1.56,1.50,0,0,0,0,5.26,5.00,4.93,5.24,VMS 2,,Tanque,,1.38,1.98,2.16,1.98,2.27,3.08,6.03,4.62
03/06/2024 03:43 p. m.,Ordeño,07:25,23.26,2,,,,,0,,1.38,1.62,1.62,1.56,0,0,0,0,5.52,5.26,4.91,4.95,VMS 2,,Tanque,,1.92,2.10,2.34,2.22,3.50,4.69,8.54,6.53
04/06/2024 01:51 a. m.,Ordeño,06:36,17.52,1,,,,,0,,1.38,1.62,1.56,1.44,0,0,0,0,5.12,5.02,4.83,4.93,VMS 2,,Tanque,,1.80,2.16,2.22,1.92,2.83,3.39,6.26,5.04
04/06/2024 10:26 a. m.,Ordeño,05:55,15.45,2,,,,,0,,1.44,1.62,1.68,1.44,0,0,0,0,5.36,5.43,5.05,5.33,VMS 2,,Tanque,,1.92,2.16,2.16,1.80,2.66,3.15,5.50,4.14
04/06/2024 08:19 p. m.,Ordeño,06:09,15.36,3,,,,,0,,1.32,1.38,1.50,1.38,0,0,0,0,4.73,4.83,4.72,4.82,VMS 2,,Tanque,,1.86,1.92,2.10,1.74,2.31,3.34,5.30,4.41
05/06/2024 04:07 a. m.,Ordeño,05:52,13.20,1,,,,,0,,1.26,1.50,1.38,1.44,0,0,0,0,4.71,4.85,4.71,4.70,VMS 2,,Tanque,,1.68,1.92,1.92,2.04,2.21,2.59,4.65,3.75
05/06/2024 12:59 p. m.,Ordeño,05:51,14.50,2,,,,,0,,1.26,1.62,1.62,1.38,0,0,0,0,5.04,5.11,4.92,5.24,VMS 2,,Tanque,,1.68,2.28,2.22,1.80,2.20,2.54,5.35,4.41
06/06/2024 12:25 a. m.,Ordeño,06:21,18.43,1,,,,,0,,1.32,1.62,1.68,1.38,0,0,0,0,4.72,4.84,4.73,4.95,VMS 2,,Tanque,,1.86,2.16,2.28,1.74,2.46,3.84,6.63,5.50
06/06/2024 02:44 p. m.,Ordeño,06:32,21.67,2,,,,,0,,1.50,1.68,1.80,1.44,0,0,0,0,4.88,5.13,4.78,4.71,VMS 2,,Tanque,,1.86,2.22,2.34,2.04,3.09,4.75,7.56,6.27
07/06/2024 12:35 a. m.,Ordeño,05:31,13.00,1,,,,,0,,1.32,1.50,1.56,1.44,0,0,0,0,4.61,4.59,4.44,4.11,VMS 2,,Tanque,,1.74,2.04,2.10,2.10,2.18,2.42,4.74,3.66
07/06/2024 01:20 p. m.,Ordeño,06:37,21.04,2,,,,,0,,1.44,1.62,1.80,1.50,0,0,0,0,5.16,5.37,5.03,5.34,VMS 2,,Tanque,,1.92,2.28,2.40,1.86,2.77,4.48,7.34,6.45
07/06/2024 11:33 p. m.,Ordeño,05:43,15.30,3,,,,,0,,1.44,1.56,1.68,1.56,0,0,0,0,4.76,4.97,4.69,4.35,VMS 2,,Tanque,,1.98,2.16,2.28,2.10,2.38,2.96,5.37,4.59
08/06/2024 07:26 a. m.,Ordeño,05:19,13.19,1,,,,,0,,1.38,1.50,1.56,1.50,0,0,0,0,5.09,5.18,4.89,5.01,VMS 2,,Tanque,,1.80,2.04,2.04,1.92,2.28,2.37,4.75,3.79
08/06/2024 04:28 p. m.,Ordeño,05:21,15.68,2,,,,,0,,1.32,1.62,1.80,1.38,0,0,0,0,5.16,5.36,4.97,5.22,VMS 2,,Tanque,,1.86,2.16,2.70,1.80,2.26,3.47,5.47,4.48
09/06/2024 01:49 a. m.,Ordeño,05:43,15.20,1,,,,,0,,1.20,1.62,1.62,1.56,0,0,0,0,5.02,5.22,4.84,4.88,VMS 2,,Tanque,,1.62,2.16,2.40,2.04,2.29,3.08,5.34,4.49
09/06/2024 08:09 a. m.,Ordeño,05:37,8.95,2,,,DI,DI,0,,0.00,1.56,1.68,1.08,0,0,0,0,0.00,5.09,4.99,5.07,VMS 2,,Tanque,,0.00,2.16,2.34,1.74,0.00,2.33,3.71,2.91
09/06/2024 04:54 p. m.,Ordeño,05:50,17.65,3,,,,,0,,1.50,1.62,1.68,1.50,0,0,0,0,5.35,5.25,4.98,5.05,VMS 2,,Tanque,,2.10,2.10,2.22,2.10,3.87,3.16,5.69,4.93
10/06/2024 08:49 a. m.,Ordeño,06:08,17.36,1,,,,,0,,1.38,1.38,1.74,1.32,0,0,0,0,5.29,5.33,5.07,5.28,VMS 2,,Tanque,,1.98,2.04,2.28,1.74,2.47,2.87,6.68,5.34
10/06/2024 05:04 p. m.,Ordeño,05:28,15.14,2,,,,,0,,1.32,1.62,1.80,1.62,0,0,0,0,4.96,5.03,4.77,4.53,VMS 2,,Tanque,,1.74,2.16,2.46,2.16,2.40,2.95,5.28,4.51
11/06/2024 01:42 a. m.,Ordeño,05:18,12.85,1,,,,,0,,1.44,1.44,1.62,1.44,0,0,0,0,4.90,4.97,4.62,4.34,VMS 2,,Tanque,,1.86,1.92,2.34,1.98,2.14,2.53,4.52,3.66
11/06/2024 02:03 p. m.,Ordeño,06:58,19.37,2,,,,,0,,1.44,1.62,1.74,1.50,0,0,0,0,5.18,5.51,5.11,4.98,VMS 2,,Tanque,,1.92,2.16,2.28,2.16,2.53,4.37,6.48,5.99
11/06/2024 10:50 p. m.,Ordeño,05:44,14.20,3,,,,,0,,1.38,1.50,1.68,1.44,0,0,0,0,4.84,4.89,4.73,4.57,VMS 2,,Tanque,,1.86,2.04,2.34,1.80,1.95,2.88,5.13,4.24
12/06/2024 11:45 a. m.,Ordeño,06:39,20.11,1,,,,,0,,1.44,1.62,1.80,1.50,0,0,0,0,5.08,5.29,5.01,4.85,VMS 2,,Tanque,,1.98,2.22,2.40,2.22,2.78,3.86,7.13,6.34
13/06/2024 12:27 a. m.,Ordeño,06:15,18.24,1,,,,,0,,1.38,1.62,1.80,1.44,0,0,0,0,4.76,4.95,4.72,4.53,VMS 2,,Tanque,,1.92,2.16,2.34,2.04,2.50,3.82,6.45,5.47
13/06/2024 03:44 p. m.,Ordeño,07:48,21.19,2,,,,,0,,1.56,1.74,1.86,1.26,0,0,0,0,5.04,5.20,4.88,4.91,VMS 2,,Tanque,,2.22,2.22,2.40,1.80,3.00,4.66,7.46,6.07
13/06/2024 10:27 p. m.,Ordeño,04:26,8.21,3,,,,,0,,1.26,1.50,1.50,1.14,0,0,0,0,4.71,4.79,4.58,4.20,VMS 2,,Tanque,,1.74,2.04,2.04,1.56,1.41,1.58,2.89,2.33
14/06/2024 08:49 a. m.,Ordeño,06:03,15.94,1,,,,,0,,1.26,1.56,1.62,1.50,0,0,0,0,5.00,4.99,4.86,4.51,VMS 2,,Tanque,,1.80,2.10,2.22,2.16,2.51,2.94,5.82,4.67
14/06/2024 08:20 p. m.,Ordeño,06:45,19.57,2,,,,,0,,1.44,1.56,1.50,1.44,0,0,0,0,5.05,5.10,4.95,4.93,VMS 2,,Tanque,,1.86,2.10,2.04,2.16,3.36,3.91,6.61,5.69
15/06/2024 12:02 p. m.,Ordeño,08:11,25.55,1,,,,,0,,1.50,1.74,1.80,1.62,0,0,0,0,5.10,4.90,4.86,4.57,VMS 2,,Tanque,,2.04,2.34,2.34,2.16,4.64,4.39,8.93,7.59
15/06/2024 10:01 p. m.,Ordeño,05:44,14.60,2,,,,,0,,1.32,1.50,1.62,1.50,0,0,0,0,4.50,4.76,4.57,4.06,VMS 2,,Tanque,,1.68,1.98,2.22,2.16,2.38,2.79,4.99,4.44
16/06/2024 06:17 a. m.,Ordeño,05:07,12.26,1,,,,,0,,1.32,1.50,1.44,1.44,0,0,0,0,4.38,4.77,4.44,4.49,VMS 2,,Tanque,,1.92,1.86,2.04,1.98,2.13,2.22,4.05,3.86
16/06/2024 02:47 p. m.,Ordeño,07:26,13.03,2,,,,,0,,1.38,1.44,1.74,1.56,0,0,0,0,4.92,5.09,4.86,4.70,VMS 2,,Tanque,,1.80,2.16,2.28,2.22,2.13,2.29,4.56,4.05
16/06/2024 10:06 p. m.,Ordeño,05:48,11.70,3,,,,,0,,1.32,1.44,1.62,1.38,0,0,0,0,4.72,4.79,4.59,4.60,VMS 2,,Tanque,,1.74,1.92,2.16,1.92,1.98,2.19,4.01,3.52
17/06/2024 09:48 a. m.,Ordeño,07:28,21.15,1,,,,,0,,1.56,1.62,1.80,1.56,0,0,0,0,5.17,5.27,5.09,5.04,VMS 2,,Tanque,,2.10,2.04,2.46,2.34,3.12,3.99,7.36,6.68
17/06/2024 06:49 p. m.,Ordeño,05:51,16.18,2,,,,,0,DI,1.50,1.32,1.56,1.56,0,0,0,0,4.92,3.93,4.90,4.62,VMS 2,,Tanque,,2.04,1.92,2.10,2.16,2.47,3.59,5.29,4.83
18/06/2024 03:55 a. m.,Ordeño,06:02,15.13,1,,,,,0,,1.38,1.44,1.50,1.50,0,0,0,0,4.81,4.86,4.75,4.69,VMS 2,,Tanque,,1.80,2.10,2.16,1.98,2.41,2.70,5.18,4.84
18/06/2024 12:54 p. m.,Ordeño,07:32,11.21,2,,,TD,TD,0,,1.26,1.44,1.62,0.00,0,0,0,0,4.85,4.99,4.83,0.00,VMS 2,,Tanque,,1.74,1.98,2.16,0.00,2.70,3.05,5.46,0.00
18/06/2024 07:18 p. m.,Ordeño,06:47,13.85,3,,,,,0,,1.20,1.38,1.56,1.44,0,0,0,0,4.71,4.94,4.66,4.79,VMS 2,,Tanque,,1.68,1.92,2.28,1.86,1.73,2.04,3.55,6.53
19/06/2024 12:08 p. m.,Ordeño,08:05,24.35,1,,,,,0,,1.56,1.56,1.62,1.50,0,0,0,0,4.89,4.98,4.93,4.70,VMS 2,,Tanque,,2.10,2.10,2.16,2.16,3.48,4.89,9.03,6.95
19/06/2024 09:34 p. m.,Ordeño,16:29,4.93,2,,,"DI,TD","DI,TD",0,,0.00,1.50,1.38,0.00,0,0,0,0,0.00,4.58,4.73,0.00,VMS 2,,Tanque,,0.00,1.98,1.80,0.00,0.00,2.27,2.66,0.00
20/06/2024 07:12 a. m.,Ordeño,07:02,19.55,1,,,,,0,,1.38,1.62,1.68,1.56,0,0,0,0,4.83,5.05,4.76,4.87,VMS 2,,Tanque,,1.98,2.22,2.34,2.16,3.08,2.94,7.56,5.97
20/06/2024 05:35 p. m.,Ordeño,07:40,14.99,2,,,DI,DI,0,,0.00,1.56,1.74,1.44,0,0,0,0,0.00,5.06,4.91,4.98,VMS 2,,Tanque,,0.00,2.22,2.64,1.98,0.00,3.66,6.36,4.97
20/06/2024 11:52 p. m.,Ordeño,04:51,11.35,3,,,,,0,,1.50,1.50,1.44,1.32,0,0,0,0,4.89,5.07,4.96,5.11,VMS 2,,Tanque,,2.16,1.98,1.92,1.74,2.49,2.18,3.70,2.98
21/06/2024 06:55 a. m.,Ordeño,05:21,12.70,1,,,,,0,,1.50,1.44,1.56,1.50,0,0,0,0,4.75,4.98,4.92,4.92,VMS 2,,Tanque,,2.04,1.92,2.16,2.04,2.10,2.56,4.49,3.55
21/06/2024 05:03 p. m.,Ordeño,05:49,15.85,2,,,,,0,,1.50,1.56,1.74,1.50,0,0,0,0,4.63,4.81,4.63,4.69,VMS 2,,Tanque,,1.98,2.28,2.16,1.92,2.59,3.22,5.60,4.44
22/06/2024 04:27 a. m.,Ordeño,06:23,18.49,1,,,,,0,,1.38,1.62,1.74,1.50,0,0,0,0,5.05,5.10,4.81,4.94,VMS 2,,Tanque,,2.04,2.22,2.28,2.04,3.05,3.17,7.06,5.21
22/06/2024 02:21 p. m.,Ordeño,05:41,8.92,2,,,TI,TI,0,,1.38,1.38,0.00,1.50,0,0,0,0,4.78,4.69,0.00,4.85,VMS 2,,Tanque,,1.86,1.98,0.00,2.04,2.46,2.65,0.00,3.81
22/06/2024 11:02 p. m.,Ordeño,06:42,17.05,3,,,,,0,,1.50,1.50,1.92,1.50,0,0,0,0,4.78,4.96,4.72,4.57,VMS 2,,Tanque,,1.92,1.98,2.58,1.98,2.15,2.68,8.35,3.87
23/06/2024 07:14 a. m.,Ordeño,08:22,2.29,1,,,"DI,TI,TD","DI,TI,TD",0,,0.00,1.44,0.00,0.00,0,0,0,0,0.00,5.01,0.00,0.00,VMS 2,,Tanque,,0.00,1.92,0.00,0.00,0.00,2.29,0.00,0.00
23/06/2024 02:41 p. m.,Ordeño,06:07,18.75,2,,,,,0,,1.50,1.50,1.92,1.62,0,0,0,0,4.87,5.07,4.65,4.97,VMS 2,,Tanque,,1.98,1.98,2.52,2.10,2.64,2.75,6.96,6.40
23/06/2024 11:29 p. m.,Ordeño,06:24,11.60,3,,,DI,DI,0,,0.00,1.56,1.86,1.38,0,0,0,0,0.00,4.95,4.52,4.61,VMS 2,,Tanque,,0.00,2.04,2.70,1.92,0.00,3.07,4.68,3.85
24/06/2024 08:42 a. m.,Ordeño,05:48,15.61,1,,,,,0,,1.50,1.50,1.62,1.26,0,0,0,0,4.97,5.14,4.84,4.95,VMS 2,,Tanque,,2.04,1.98,2.28,1.68,3.16,3.04,4.92,4.49
24/06/2024 06:45 p. m.,Ordeño,06:41,14.88,2,,,,,0,,1.44,1.50,1.80,1.26,0,0,0,0,4.97,5.08,5.21,4.84,VMS 2,,Tanque,,1.86,1.86,2.28,1.74,2.46,3.02,5.58,3.82
25/06/2024 08:31 a. m.,Ordeño,06:07,19.39,1,,,,,0,,1.56,1.74,1.86,1.44,0,0,0,0,4.83,5.03,4.82,4.88,VMS 2,,Tanque,,2.10,2.40,2.40,2.04,2.87,3.87,6.94,5.71
25/06/2024 04:36 p. m.,Ordeño,05:07,11.30,2,,,,,0,,1.38,1.56,1.56,1.32,0,0,0,0,4.71,4.88,4.68,4.49,VMS 2,,Tanque,,1.80,2.16,2.28,1.98,1.76,2.34,3.96,3.24
26/06/2024 04:26 a. m.,Ordeño,06:30,19.47,1,,,,,0,,1.56,1.50,1.62,1.44,0,0,0,0,5.20,5.16,5.17,4.70,VMS 2,,Tanque,,2.22,1.98,2.10,1.74,3.08,3.70,6.90,5.79
26/06/2024 06:34 p. m.,Ordeño,06:16,19.10,2,,,,,0,,1.62,1.38,1.86,1.44,0,0,0,0,4.99,4.90,4.83,4.91,VMS 2,,Tanque,,2.28,1.86,2.52,1.92,2.90,3.76,6.57,5.87
27/06/2024 01:03 a. m.,Ordeño,04:07,8.28,1,,,,,0,,1.38,1.38,1.62,1.38,0,0,0,0,4.71,4.75,4.72,4.72,VMS 2,,Tanque,,1.80,1.92,2.10,1.86,1.54,1.50,2.99,2.25
27/06/2024 12:32 p. m.,Ordeño,06:26,18.21,2,,,,,0,,1.50,1.56,1.68,1.50,0,0,0,0,5.33,5.37,5.17,5.04,VMS 2,,Tanque,,2.04,1.98,2.28,2.04,2.87,3.43,6.61,5.30
27/06/2024 10:17 p. m.,Ordeño,06:31,9.94,3,,,TI,TI,0,,0.96,1.44,0.00,1.50,0,0,0,0,5.01,5.03,0.00,5.23,VMS 2,,Tanque,,1.56,1.92,0.00,1.86,2.37,3.22,0.00,4.35
28/06/2024 12:48 p. m.,Ordeño,07:06,24.26,1,,,,,0,,1.56,1.56,2.04,1.44,0,0,0,0,5.22,5.15,4.99,4.68,VMS 2,,Tanque,,2.16,2.04,2.70,2.04,4.09,4.32,9.37,6.48
29/06/2024 01:05 p. m.,Ordeño,07:08,24.22,1,,,,,0,,1.56,1.80,1.80,1.62,0,0,0,0,4.88,5.16,0.00,4.65,VMS 2,,Tanque,,2.16,2.34,2.46,2.34,3.64,4.79,8.23,7.56
29/06/2024 05:42 p. m.,Ordeño,04:32,4.85,2,,,"DD,TI,TD",,0,,0.90,0.66,0.96,0.72,0,0,0,0,4.48,4.25,0.00,3.83,VMS 2,,Tanque,,1.68,1.26,1.86,1.20,1.00,1.01,1.52,1.32
30/06/2024 02:09 a. m.,Ordeño,05:57,4.62,1,,,"DI,TI","DI,TI",0,,0.00,1.44,0.00,1.32,0,0,0,0,0.00,4.67,0.00,4.52,VMS 2,,Tanque,,0.00,2.10,0.00,1.98,0.00,2.11,0.00,2.51
30/06/2024 07:09 a. m.,Ordeño,05:10,10.37,2,,,,,0,"DI,DD",1.38,1.14,1.74,1.02,0,0,0,0,4.89,5.01,0.00,3.43,VMS 2,,Tanque,,1.86,1.62,2.46,2.10,1.57,1.41,5.18,2.21
30/06/2024 06:54 p. m.,Ordeño,06:14,18.87,3,,,,,0,,1.74,1.56,1.74,1.38,0,0,0,0,4.86,5.43,0.00,5.44,VMS 2,,Tanque,,2.52,1.92,2.22,1.80,3.58,3.76,6.24,5.29
01/07/2024 01:11 a. m.,Ordeño,04:37,8.58,1,,,,,0,,1.32,1.38,1.38,1.20,0,0,0,0,4.81,4.81,0.00,4.83,VMS 2,,Tanque,,1.80,1.92,1.86,1.62,1.36,1.88,2.91,2.43
01/07/2024 03:18 p. m.,Ordeño,07:02,22.30,2,,,,,0,,1.56,1.62,1.80,1.32,0,0,0,0,5.15,5.38,0.00,5.27,VMS 2,,Tanque,,2.22,2.16,2.40,1.80,3.44,4.90,7.40,6.56
02/07/2024 05:29 a. m.,Ordeño,06:35,19.51,1,,,,,0,,1.50,1.62,1.86,1.44,0,0,0,0,4.91,4.91,0.00,4.50,VMS 2,,Tanque,,1.92,2.10,2.70,1.98,2.86,3.90,6.78,5.97
02/07/2024 05:38 p. m.,Ordeño,06:05,16.96,2,,,,,0,,1.44,1.56,1.68,1.44,0,0,0,0,5.00,5.14,0.00,4.61,VMS 2,,Tanque,,1.92,2.04,2.40,1.92,2.60,3.59,5.80,4.97
03/07/2024 05:47 a. m.,Ordeño,05:44,16.31,1,,,,,0,,1.50,1.56,1.80,1.38,0,0,0,0,4.77,4.81,0.00,4.65,VMS 2,,Tanque,,2.10,2.28,2.34,1.98,2.57,3.07,5.73,4.94
03/07/2024 02:43 p. m.,Ordeño,05:10,12.46,2,,,,,0,,1.32,1.50,1.68,1.38,0,0,0,0,4.88,4.89,0.00,4.42,VMS 2,,Tanque,,1.86,1.98,2.10,1.92,2.01,2.33,4.48,3.64
04/07/2024 11:50 a. m.,Ordeño,08:11,25.13,1,,,,,0,,1.62,1.74,1.92,1.26,0,0,0,0,4.97,5.08,0.00,4.81,VMS 2,,Tanque,,2.16,2.40,2.46,1.74,4.51,4.15,9.28,7.19
04/07/2024 08:34 p. m.,Ordeño,04:56,11.79,2,,,,,0,,1.50,1.50,1.68,1.26,0,0,0,0,4.62,4.73,0.00,4.48,VMS 2,,Tanque,,2.10,1.92,2.16,1.80,2.11,2.28,4.17,3.23
05/07/2024 08:23 a. m.,Ordeño,06:04,17.17,1,,,,,0,,1.50,1.62,1.86,1.26,0,0,0,0,5.31,5.08,0.00,5.12,VMS 2,,Tanque,,1.98,2.16,2.40,1.68,2.38,3.13,6.61,5.05
05/07/2024 03:27 p. m.,Ordeño,04:52,10.60,2,,,,,0,,1.20,1.50,1.62,1.26,0,0,0,0,5.09,5.15,0.00,5.10,VMS 2,,Tanque,,1.74,1.98,2.28,1.68,1.62,2.19,3.96,2.83
06/07/2024 01:29 a. m.,Ordeño,05:41,15.25,1,,,,,0,,1.50,1.56,1.68,1.38,0,0,0,0,5.11,5.13,0.00,4.69,VMS 2,,Tanque,,1.92,2.10,2.28,1.86,2.22,2.92,5.36,4.75
06/07/2024 10:32 a. m.,Ordeño,05:22,13.72,2,,,,,0,,1.32,1.56,1.62,1.20,0,0,0,0,5.21,5.25,0.00,4.97,VMS 2,,Tanque,,1.68,1.98,2.16,1.68,2.23,2.74,4.84,3.91
06/07/2024 08:05 p. m.,Ordeño,05:46,15.02,3,,,,,0,,1.26,1.50,1.74,1.26,0,0,0,0,4.94,4.93,0.00,4.95,VMS 2,,Tanque,,1.62,2.04,2.28,1.68,2.03,3.06,5.55,4.38
07/07/2024 04:59 a. m.,Ordeño,05:37,13.13,1,,,,,0,,1.32,1.56,1.68,1.26,0,0,0,0,5.00,4.98,0.00,4.89,VMS 2,,Tanque,,1.74,2.10,2.16,1.98,2.16,2.37,5.12,3.48
07/07/2024 01:05 p. m.,Ordeño,05:01,11.98,2,,,,,0,,1.44,1.50,1.62,1.56,0,0,0,0,4.99,4.91,0.00,4.71,VMS 2,,Tanque,,1.92,1.98,2.10,2.10,2.03,2.26,4.24,3.45
08/07/2024 12:30 a. m.,Ordeño,05:45,15.50,1,,,,,0,,1.38,1.56,1.68,1.38,0,0,0,0,4.99,5.00,0.00,4.84,VMS 2,,Tanque,,1.92,2.04,2.22,1.80,2.20,2.94,5.45,4.91
08/07/2024 12:08 p. m.,Ordeño,06:25,16.27,2,,,,,0,,1.38,1.86,1.56,1.56,0,0,0,0,5.01,4.92,0.00,4.93,VMS 2,,Tanque,,1.80,2.52,2.04,2.10,2.46,2.76,6.15,4.90
08/07/2024 11:31 p. m.,Ordeño,05:34,12.64,3,,,,,0,,1.32,1.80,1.62,1.32,0,0,0,0,4.70,4.69,0.00,4.60,VMS 2,,Tanque,,1.62,2.40,2.46,1.68,2.06,2.30,4.71,3.57
09/07/2024 10:45 a. m.,Ordeño,06:02,17.03,1,,,,,0,,1.32,1.56,1.68,1.32,0,0,0,0,5.00,5.23,0.00,4.92,VMS 2,,Tanque,,1.68,2.10,2.22,1.98,2.19,3.56,6.12,5.16
09/07/2024 08:33 p. m.,Ordeño,05:38,13.69,2,,,,,0,,1.32,1.50,1.56,1.26,0,0,0,0,4.87,4.98,0.00,4.75,VMS 2,,Tanque,,1.74,2.16,2.16,1.74,1.98,2.79,4.91,4.01
10/07/2024 07:31 a. m.,Ordeño,05:57,16.14,1,,,,,0,,1.32,1.62,1.62,1.44,0,0,0,0,4.95,5.26,0.00,5.14,VMS 2,,Tanque,,1.74,2.16,2.40,2.04,2.21,3.41,5.85,4.67
10/07/2024 02:17 p. m.,Ordeño,04:43,9.47,2,,,,,0,,1.14,1.68,1.50,1.20,0,0,0,0,5.00,5.19,0.00,5.00,VMS 2,,Tanque,,1.62,2.28,1.98,1.80,1.61,1.87,3.31,2.68
11/07/2024 12:01 a. m.,Ordeño,05:31,14.67,1,,,,,0,,1.50,1.62,1.62,1.44,0,0,0,0,4.95,5.24,0.00,4.59,VMS 2,,Tanque,,1.86,2.16,2.10,2.28,2.17,3.11,5.28,4.11
11/07/2024 10:13 a. m.,Ordeño,05:31,14.83,2,,,,,0,,1.32,1.62,1.68,1.56,0,0,0,0,5.05,4.99,0.00,4.86,VMS 2,,Tanque,,1.80,2.16,2.28,2.16,2.27,2.68,5.38,4.50
11/07/2024 10:03 p. m.,Ordeño,05:53,15.59,3,,,,,0,,1.32,1.50,1.62,1.32,0,0,0,0,4.84,4.85,0.00,4.88,VMS 2,,Tanque,,1.86,2.04,2.28,1.80,2.12,3.27,5.65,4.55
12/07/2024 09:46 a. m.,Ordeño,07:48,17.81,1,,,,,0,,1.20,1.44,1.62,1.50,0,0,0,0,5.21,5.25,0.00,5.01,VMS 2,,Tanque,,1.68,2.10,2.10,1.98,2.57,3.47,6.49,5.28
12/07/2024 06:44 p. m.,Ordeño,05:29,12.84,2,,,,,0,,1.38,1.68,1.44,1.32,0,0,0,0,5.02,5.10,0.00,4.53,VMS 2,,Tanque,,1.74,2.22,1.92,1.74,1.92,2.60,4.50,3.82
13/07/2024 03:49 a. m.,Ordeño,05:35,13.03,1,,,,,0,,1.26,1.56,1.56,1.26,0,0,0,0,4.96,4.98,0.00,4.71,VMS 2,,Tanque,,1.68,2.04,1.98,1.80,2.05,2.47,4.59,3.92
13/07/2024 02:18 p. m.,Ordeño,06:19,15.84,2,,,,,0,,1.38,1.68,1.68,1.14,0,0,0,0,5.22,5.35,0.00,5.24,VMS 2,,Tanque,,1.80,2.22,2.22,1.50,2.24,3.39,5.63,4.58
13/07/2024 09:37 p. m.,Ordeño,06:22,9.87,3,,,,,0,,1.26,1.56,1.56,0.72,0,0,0,0,4.75,4.80,0.00,4.48,VMS 2,,Tanque,,1.68,2.28,2.04,1.14,1.52,2.03,3.60,2.72
14/07/2024 05:27 a. m.,Ordeño,05:05,12.01,1,,,,,0,,1.32,1.50,1.56,1.26,0,0,0,0,5.08,5.15,0.00,5.29,VMS 2,,Tanque,,1.74,2.16,2.04,1.68,1.59,2.50,4.30,3.62
14/07/2024 03:26 p. m.,Ordeño,05:09,12.80,2,,,,,0,,1.44,1.56,1.62,1.26,0,0,0,0,4.94,4.95,0.00,5.01,VMS 2,,Tanque,,1.80,1.98,2.10,1.74,2.03,2.47,4.69,3.61
15/07/2024 01:15 a. m.,Ordeño,05:30,12.44,1,,,,,0,,1.38,1.56,1.50,1.20,0,0,0,0,4.88,4.92,0.00,4.71,VMS 2,,Tanque,,1.80,2.10,2.04,1.56,1.77,2.51,4.51,3.65
15/07/2024 12:49 p. m.,Ordeño,06:25,16.62,2,,,,,0,,1.38,1.62,1.56,1.38,0,0,0,0,4.99,5.25,0.00,5.06,VMS 2,,Tanque,,1.74,2.28,2.16,1.86,2.35,3.29,6.14,4.84
16/07/2024 09:43 a. m.,Ordeño,08:04,26.03,1,,,,,0,,1.56,1.62,1.86,1.32,0,0,0,0,5.13,5.10,0.00,5.13,VMS 2,,Tanque,,2.10,2.10,2.58,1.80,3.42,5.73,9.13,7.75
16/07/2024 07:13 p. m.,Ordeño,05:03,11.31,2,,,,,0,,1.44,1.68,1.56,1.20,0,0,0,0,4.97,4.71,0.00,4.70,VMS 2,,Tanque,,1.80,2.22,2.04,1.74,2.01,2.13,3.99,3.18
17/07/2024 10:48 a. m.,Ordeño,06:32,19.33,1,,,,,0,,1.56,1.80,1.74,1.32,0,0,0,0,4.95,5.12,0.00,4.99,VMS 2,,Tanque,,2.04,2.28,2.28,1.80,2.88,3.32,7.38,5.75
17/07/2024 06:35 p. m.,Ordeño,05:10,10.45,2,,,,,0,,1.38,1.68,1.44,1.32,0,0,0,0,4.89,4.95,0.00,4.77,VMS 2,,Tanque,,1.86,2.22,2.04,1.80,1.78,2.02,3.73,2.92
18/07/2024 04:38 a. m.,Ordeño,05:56,13.91,1,,,,,0,,1.50,1.56,1.62,1.32,0,0,0,0,4.95,5.08,0.00,4.98,VMS 2,,Tanque,,2.04,2.04,2.28,1.68,2.25,2.60,5.09,3.97
18/07/2024 06:14 p. m.,Ordeño,06:24,17.50,2,,,,,0,,1.44,2.04,1.62,1.44,0,0,0,0,5.02,5.14,0.00,5.00,VMS 2,,Tanque,,2.04,2.58,2.22,1.98,3.09,2.87,6.47,5.07
19/07/2024 09:28 a. m.,Ordeño,06:01,16.53,1,,,,,0,,1.26,1.74,1.62,1.38,0,0,0,0,4.00,4.91,0.00,4.56,VMS 2,,Tanque,,1.86,2.22,2.16,1.92,3.10,2.78,6.00,4.65
19/07/2024 06:00 p. m.,Ordeño,04:38,9.69,2,,,,,0,,1.38,1.68,1.56,1.26,0,0,0,0,5.03,4.80,0.00,4.88,VMS 2,,Tanque,,1.80,2.16,2.10,1.68,1.74,1.84,3.52,2.59
20/07/2024 02:56 a. m.,Ordeño,05:33,11.76,1,,,,,0,,1.26,1.44,1.56,1.08,0,0,0,0,5.06,5.09,0.00,4.91,VMS 2,,Tanque,,1.80,1.92,2.04,1.50,1.87,2.10,4.36,3.43
20/07/2024 05:15 p. m.,Ordeño,07:06,18.27,2,,,,,0,,1.56,1.74,1.62,1.14,0,0,0,0,5.22,5.29,0.00,5.23,VMS 2,,Tanque,,2.04,2.22,2.10,1.68,2.73,3.06,7.05,5.43
21/07/2024 03:58 a. m.,Ordeño,05:38,12.17,1,,,,,0,,1.50,1.56,1.56,1.02,0,0,0,0,4.72,4.98,0.00,4.81,VMS 2,,Tanque,,1.92,2.04,2.04,1.50,2.05,2.16,4.46,3.50
21/07/2024 10:35 a. m.,Ordeño,04:55,9.04,2,,,,,0,,1.38,1.44,1.50,1.02,0,0,0,0,5.09,5.03,0.00,5.15,VMS 2,,Tanque,,1.86,2.04,2.10,1.50,1.60,1.71,3.28,2.45
21/07/2024 09:15 p. m.,Ordeño,05:46,13.98,3,,,,,0,,1.50,1.56,1.74,1.20,0,0,0,0,5.16,5.26,0.00,5.16,VMS 2,,Tanque,,1.98,2.04,2.64,1.62,1.96,2.99,5.03,4.00
22/07/2024 05:21 a. m.,Ordeño,04:51,10.63,1,,,,,0,,1.44,1.62,1.68,1.20,0,0,0,0,5.01,5.08,0.00,5.05,VMS 2,,Tanque,,1.86,2.34,2.16,1.74,1.62,1.98,4.03,3.00
22/07/2024 02:27 p. m.,Ordeño,05:38,13.30,2,,,,,0,,1.44,1.68,1.62,1.20,0,0,0,0,5.14,5.34,0.00,5.51,VMS 2,,Tanque,,1.92,2.16,2.10,1.92,1.86,2.50,4.91,4.03
22/07/2024 08:38 p. m.,Ordeño,04:28,8.24,3,,,,,0,,1.20,1.68,1.50,1.02,0,0,0,0,4.87,5.15,0.00,5.10,VMS 2,,Tanque,,1.68,2.22,2.04,1.74,1.34,1.75,2.93,2.22
23/07/2024 06:54 a. m.,Ordeño,05:38,15.10,1,,,,,0,,1.32,1.74,1.68,1.26,0,0,0,0,5.13,5.42,0.00,5.36,VMS 2,,Tanque,,1.80,2.34,2.22,1.80,2.32,3.01,5.42,4.35
23/07/2024 03:09 p. m.,Ordeño,05:20,12.69,2,,,,,0,,1.44,1.68,1.80,1.14,0,0,0,0,5.15,5.37,0.00,5.06,VMS 2,,Tanque,,1.86,2.16,2.34,1.62,1.98,2.57,4.83,3.31
24/07/2024 12:17 a. m.,Ordeño,05:32,12.41,1,,,,,0,,1.44,1.62,1.68,1.08,0,0,0,0,5.03,4.95,0.00,5.04,VMS 2,,Tanque,,1.86,2.04,2.52,1.62,1.76,2.31,4.68,3.66
24/07/2024 09:14 a. m.,Ordeño,05:36,12.85,2,,,,,0,,1.38,1.74,1.62,1.08,0,0,0,0,5.01,5.01,0.00,5.07,VMS 2,,Tanque,,1.86,2.22,2.22,1.56,2.12,2.35,4.58,3.80
24/07/2024 03:38 p. m.,Ordeño,04:52,8.12,3,,,,,0,,1.38,1.32,1.50,0.96,0,0,0,0,5.03,4.99,0.00,4.83,VMS 2,,Tanque,,1.98,2.28,1.92,1.50,1.39,1.48,2.91,2.34
24/07/2024 11:49 p. m.,Ordeño,04:42,10.41,4,,,,,0,,1.44,1.50,1.56,1.08,0,0,0,0,5.03,5.20,0.00,4.98,VMS 2,,Tanque,,1.86,1.92,2.04,1.62,1.59,2.15,3.77,2.90
25/07/2024 11:29 a. m.,Ordeño,06:35,16.10,1,,,,,0,,1.38,1.62,1.68,1.14,0,0,0,0,5.09,5.26,0.00,5.23,VMS 2,,Tanque,,1.80,2.10,2.22,1.62,2.44,2.71,6.15,4.80
25/07/2024 10:58 p. m.,Ordeño,05:58,14.49,2,,,,,0,,1.50,1.68,1.80,1.08,0,0,0,0,4.92,4.98,0.00,4.86,VMS 2,,Tanque,,2.04,2.22,2.58,1.56,1.92,2.87,5.56,4.14
26/07/2024 08:22 a. m.,Ordeño,05:49,13.20,1,,,,,0,,1.44,1.56,1.56,1.08,0,0,0,0,4.91,5.00,0.00,4.86,VMS 2,,Tanque,,1.86,2.10,2.34,1.50,2.04,2.48,4.82,3.86
26/07/2024 05:53 p. m.,Ordeño,05:31,12.65,2,,,,,0,,1.32,1.50,1.56,1.08,0,0,0,0,4.80,5.09,0.00,4.90,VMS 2,,Tanque,,1.80,1.98,2.04,1.62,1.83,2.51,4.73,3.58
27/07/2024 02:42 a. m.,Ordeño,05:30,12.15,1,,,,,0,,1.32,1.44,1.68,1.08,0,0,0,0,4.95,4.90,0.00,4.80,VMS 2,,Tanque,,1.80,2.10,2.28,1.56,1.75,2.58,4.47,3.35
27/07/2024 03:40 p. m.,Ordeño,06:48,18.19,2,,,,,0,,1.38,1.56,1.50,1.26,0,0,0,0,5.30,5.42,0.00,4.84,VMS 2,,Tanque,,1.80,1.98,2.22,1.80,2.99,3.25,6.68,5.27
28/07/2024 12:30 a. m.,Ordeño,05:32,12.97,1,,,,,0,,1.32,1.50,1.50,1.14,0,0,0,0,4.98,4.99,0.00,4.88,VMS 2,,Tanque,,1.80,2.04,1.98,1.56,1.96,2.62,4.60,3.79
28/07/2024 11:35 a. m.,Ordeño,05:46,14.45,2,,,,,0,,1.44,1.50,1.56,1.26,0,0,0,0,4.89,4.92,0.00,4.89,VMS 2,,Tanque,,2.16,1.86,1.98,1.74,2.33,2.64,5.40,4.08
28/07/2024 06:56 p. m.,Ordeño,04:17,8.18,3,,,,,0,,1.20,1.26,1.50,1.08,0,0,0,0,4.75,4.86,0.00,4.77,VMS 2,,Tanque,,1.74,1.80,2.04,1.50,1.38,1.61,2.90,2.29
29/07/2024 06:14 a. m.,Ordeño,06:10,14.90,1,,,,,0,,1.38,1.50,1.56,1.20,0,0,0,0,4.98,4.99,0.00,4.99,VMS 2,,Tanque,,1.86,2.04,2.10,1.68,2.03,2.92,5.73,4.22
29/07/2024 02:19 p. m.,Ordeño,05:11,10.91,2,,,,,0,,1.26,1.38,1.50,1.14,0,0,0,0,5.02,5.24,0.00,5.09,VMS 2,,Tanque,,1.68,1.86,2.04,1.62,1.67,2.14,3.91,3.19
29/07/2024 11:28 p. m.,Ordeño,05:37,12.09,3,,,,,0,,1.44,1.50,1.50,1.38,0,0,0,0,5.03,4.99,0.00,4.97,VMS 2,,Tanque,,1.86,2.04,2.10,1.92,1.98,2.12,4.57,3.42
30/07/2024 10:59 a. m.,Ordeño,05:52,15.42,1,,,,,0,,1.50,1.56,1.68,1.26,0,0,0,0,5.11,5.17,0.00,5.02,VMS 2,,Tanque,,1.92,2.16,2.16,1.74,2.29,2.95,5.53,4.65
30/07/2024 10:28 p. m.,Ordeño,05:48,13.74,2,,,,,0,,1.50,1.80,1.56,1.50,0,0,0,0,5.02,4.98,0.00,4.56,VMS 2,,Tanque,,1.98,2.28,2.16,1.98,2.34,2.51,5.13,3.76
01/08/2024 02:52 a. m.,Ordeño,05:17,10.70,1,,,,,0,,1.44,1.62,1.50,1.20,0,0,0,0,4.64,4.71,0.00,4.60,VMS 2,,Tanque,,1.92,2.22,2.28,1.80,1.72,2.00,3.89,3.09
01/08/2024 01:18 p. m.,Ordeño,05:06,12.48,2,,,,,0,,1.20,1.56,1.80,1.32,0,0,0,0,4.88,4.99,4.87,4.89,VMS 3,,Tanque,,1.80,1.98,2.22,1.86,1.72,2.53,4.84,3.39
01/08/2024 08:06 p. m.,Ordeño,04:31,9.44,3,,,,,0,,1.32,1.38,1.62,1.26,0,0,0,0,5.04,4.91,4.96,4.99,VMS 3,,Tanque,,1.74,1.80,1.98,1.62,1.63,1.84,3.34,2.63
02/08/2024 06:16 a. m.,Ordeño,05:43,13.76,1,,,,,0,,1.38,1.68,1.80,1.44,0,0,0,0,4.88,4.91,4.79,4.79,VMS 3,,Tanque,,2.16,2.22,2.40,1.98,2.29,2.39,5.23,3.85
02/08/2024 04:24 p. m.,Ordeño,05:23,13.02,2,,,,,0,,1.38,1.68,1.68,1.44,0,0,0,0,4.75,4.81,4.81,4.67,VMS 3,,Tanque,,1.92,2.46,2.10,1.92,2.13,2.56,4.93,3.40
03/08/2024 12:29 a. m.,Ordeño,05:13,11.21,1,,,,,0,,1.26,1.62,1.62,1.38,0,0,0,0,4.45,4.60,4.52,4.51,VMS 3,,Tanque,,1.74,2.22,2.22,1.92,1.58,2.18,4.31,3.14
03/08/2024 08:37 a. m.,Ordeño,05:01,10.65,2,,,,,0,,1.32,1.44,1.62,1.32,0,0,0,0,4.77,4.81,4.57,4.67,VMS 3,,Tanque,,1.74,2.22,2.16,1.80,1.82,1.89,4.07,2.87
03/08/2024 03:48 p. m.,Ordeño,05:07,8.99,3,,TD,,,0,,1.32,1.56,1.56,1.26,0,0,0,0,4.72,4.75,4.76,4.73,VMS 3,,Tanque,,1.74,2.22,2.04,1.56,1.56,1.80,3.24,2.39
04/08/2024 01:15 a. m.,Ordeño,05:25,13.19,1,,,,,0,,1.20,1.74,1.62,1.50,0,0,0,0,4.92,4.83,4.89,4.98,VMS 3,,Tanque,,1.74,2.34,2.10,1.92,2.19,2.34,5.01,3.65
04/08/2024 09:16 a. m.,Ordeño,04:32,10.11,2,,DD,,,0,,1.38,1.50,1.80,1.50,0,0,0,0,4.63,2.61,4.64,4.46,VMS 3,,Tanque,,2.04,1.98,2.34,1.98,1.64,1.73,4.03,2.71
04/08/2024 04:48 p. m.,Ordeño,05:31,8.83,3,,DD,DD,,0,,1.38,0.48,1.62,1.44,0,0,0,0,4.52,2.55,4.67,4.58,VMS 3,,Tanque,,1.80,1.20,2.10,2.10,1.54,0.38,3.41,3.50
04/08/2024 08:51 p. m.,Ordeño,04:15,4.08,4,,DD,DD,DD,0,,0.96,0.12,1.26,1.02,0,0,0,0,4.39,2.21,4.61,4.58,VMS 3,,Tanque,,1.44,0.24,1.86,1.56,0.87,0.07,1.87,1.27
05/08/2024 12:39 a. m.,Ordeño,04:04,5.53,1,,,,,0,,0.90,1.32,1.32,0.96,0,0,0,0,4.57,5.00,4.64,4.61,VMS 3,,Tanque,,1.38,1.86,2.10,1.50,0.86,1.62,1.94,1.11
05/08/2024 08:30 a. m.,Ordeño,05:12,11.30,2,,,,,0,,1.02,1.44,1.68,1.44,0,0,0,0,4.96,4.87,4.96,5.04,VMS 3,,Tanque,,1.74,2.22,2.34,2.04,1.66,2.17,4.29,3.18
05/08/2024 05:18 p. m.,Ordeño,04:59,12.30,3,,,,,0,,1.38,1.56,1.62,1.32,0,0,0,0,5.08,4.91,5.06,5.05,VMS 3,,Tanque,,1.80,2.10,2.04,1.74,2.09,2.27,4.42,3.52
06/08/2024 06:16 a. m.,Ordeño,06:28,17.70,1,,,,,0,,1.44,1.74,1.80,1.74,0,0,0,0,4.93,4.55,4.92,4.63,VMS 3,,Tanque,,1.80,2.46,2.22,2.34,3.09,2.66,7.38,4.57
06/08/2024 12:57 p. m.,Ordeño,04:32,7.64,2,,,,,0,,1.20,1.38,1.62,1.38,0,0,0,0,4.51,4.77,4.58,4.58,VMS 3,,Tanque,,1.80,2.04,2.28,1.80,1.28,1.53,2.90,1.93
06/08/2024 08:33 p. m.,Ordeño,05:05,9.91,3,,,,,0,,1.14,1.38,1.62,1.44,0,0,0,0,4.51,4.74,4.56,4.68,VMS 3,,Tanque,,1.56,1.92,2.22,1.98,1.51,1.99,3.76,2.65
07/08/2024 07:08 a. m.,Ordeño,05:41,14.44,1,,,,,0,,1.38,1.62,1.74,1.44,0,0,0,0,4.90,4.87,4.77,4.96,VMS 3,,Tanque,,1.98,2.16,2.34,1.92,2.09,2.86,5.57,3.92
07/08/2024 05:53 p. m.,Ordeño,05:25,13.20,2,,,,,0,,1.20,1.74,1.62,1.44,0,0,0,0,4.57,4.68,4.71,4.80,VMS 3,,Tanque,,1.56,2.28,2.04,1.92,1.86,2.62,4.93,3.79
08/08/2024 02:10 a. m.,Ordeño,05:06,10.84,1,,,,,0,,1.32,1.50,1.68,1.38,0,0,0,0,4.60,4.60,4.49,4.53,VMS 3,,Tanque,,1.80,2.04,2.28,1.86,1.81,1.96,4.24,2.83
08/08/2024 01:23 p. m.,Ordeño,05:02,12.13,2,,,,,0,,1.32,1.68,1.92,1.56,0,0,0,0,4.68,4.65,4.42,4.60,VMS 3,,Tanque,,1.80,2.58,2.40,2.04,1.86,2.10,4.77,3.40
08/08/2024 11:42 p. m.,Ordeño,04:47,10.02,3,,,,,0,,1.20,1.38,1.68,1.44,0,0,0,0,4.17,4.47,4.22,4.22,VMS 3,,Tanque,,1.68,1.92,2.34,1.92,1.54,1.83,3.84,2.81
09/08/2024 08:07 a. m.,Ordeño,04:40,9.66,1,,,,,0,,1.08,1.38,1.74,1.20,0,0,0,0,4.44,4.58,4.35,4.52,VMS 3,,Tanque,,1.62,1.98,2.22,1.68,1.42,1.92,3.78,2.54
09/08/2024 08:51 p. m.,Ordeño,06:05,16.20,2,,,,,0,,1.38,1.56,1.68,1.62,0,0,0,0,5.12,5.00,5.08,4.96,VMS 3,,Tanque,,1.80,1.98,2.16,2.16,2.48,2.91,6.30,4.51
10/08/2024 09:35 a. m.,Ordeño,04:28,3.79,1,,,"DD,TI,TD",,0,"DI,TD",1.26,1.20,1.20,1.26,0,0,0,0,4.43,3.55,4.09,5.16,VMS 3,,Tanque,,1.68,2.04,2.28,1.86,2.47,0.26,0.44,0.62
10/08/2024 11:56 p. m.,Ordeño,06:30,19.07,1,,,,,0,,1.26,1.68,1.86,1.80,0,0,0,0,4.65,4.71,4.61,4.86,VMS 3,,Tanque,,1.86,2.34,2.34,2.40,2.30,3.51,7.09,6.17
11/08/2024 09:01 a. m.,Ordeño,04:15,8.04,2,,,,,0,,1.20,1.38,1.56,1.32,0,0,0,0,4.37,4.44,4.45,4.43,VMS 3,,Tanque,,1.62,1.92,2.10,1.92,1.70,1.64,2.80,1.90
11/08/2024 06:45 p. m.,Ordeño,04:56,11.27,3,,,,,0,,1.26,1.56,1.62,1.50,0,0,0,0,4.77,4.76,4.84,4.66,VMS 3,,Tanque,,1.68,2.40,2.04,1.98,2.12,2.18,4.21,2.76
12/08/2024 08:08 a. m.,Ordeño,06:04,16.25,1,,,,,0,TD,1.14,1.62,1.74,1.44,0,0,0,0,4.19,4.97,4.89,5.25,VMS 3,,Tanque,,1.74,2.22,2.22,1.92,2.68,2.80,6.42,4.35
12/08/2024 06:01 p. m.,Ordeño,04:59,11.56,2,,,,,0,,1.26,1.50,1.86,1.32,0,0,0,0,4.71,4.76,4.75,4.87,VMS 3,,Tanque,,1.80,2.52,2.52,1.80,1.89,2.27,4.44,2.96
13/08/2024 07:12 a. m.,Ordeño,05:59,16.13,1,,,,,0,,1.32,1.62,1.80,1.38,0,0,0,0,5.12,4.91,4.85,5.29,VMS 3,,Tanque,,1.74,2.22,2.52,1.74,2.76,2.40,6.40,4.57
13/08/2024 02:41 p. m.,Ordeño,04:26,9.06,2,,,,,0,,1.14,1.38,1.62,1.14,0,0,0,0,4.71,4.79,4.65,4.68,VMS 3,,Tanque,,1.56,1.92,2.10,1.68,1.68,1.91,3.32,2.15
14/08/2024 01:13 a. m.,Ordeño,05:37,13.67,1,,,,,0,,1.32,1.68,1.68,1.44,0,0,0,0,4.79,4.93,4.75,4.82,VMS 3,,Tanque,,1.86,2.22,2.28,1.86,2.28,2.42,5.29,3.68
14/08/2024 08:56 a. m.,Ordeño,04:38,8.54,2,,,,,0,,1.08,1.50,1.56,1.50,0,0,0,0,4.46,4.52,4.44,4.47,VMS 3,,Tanque,,1.62,2.22,2.16,2.04,1.59,1.52,3.24,2.19
14/08/2024 10:52 p. m.,Ordeño,05:47,16.02,3,,,,,0,,1.26,1.68,1.86,1.32,0,0,0,0,4.60,4.84,4.60,4.79,VMS 3,,Tanque,,1.68,2.28,2.40,1.68,2.24,3.34,6.16,4.28
15/08/2024 09:53 a. m.,Ordeño,05:32,12.77,1,,,,,0,,1.20,1.62,1.74,1.32,0,0,0,0,4.72,4.69,4.74,4.75,VMS 3,,Tanque,,1.62,2.10,2.28,1.80,1.99,2.38,5.00,3.40
15/08/2024 05:14 p. m.,Ordeño,04:32,9.00,2,,,,,0,,1.08,1.38,1.50,1.32,0,0,0,0,4.87,4.99,4.83,4.81,VMS 3,,Tanque,,1.50,1.80,1.80,1.74,1.53,1.69,3.33,2.45
16/08/2024 02:50 a. m.,Ordeño,05:04,11.51,1,,,,,0,,1.20,1.56,1.80,1.26,0,0,0,0,4.76,4.77,4.74,4.90,VMS 3,,Tanque,,1.62,2.10,2.46,1.74,1.73,2.19,4.52,3.07
16/08/2024 12:07 p. m.,Ordeño,05:28,11.00,2,,,,,0,,1.26,1.56,1.50,1.26,0,0,0,0,4.64,4.77,4.73,4.82,VMS 3,,Tanque,,1.68,2.10,1.98,1.68,1.79,2.08,4.24,2.89
16/08/2024 11:02 p. m.,Ordeño,05:25,12.02,3,,,,,0,,1.32,1.62,1.56,1.56,0,0,0,0,4.65,4.83,4.79,4.75,VMS 3,,Tanque,,1.86,2.40,2.04,2.10,1.87,1.95,4.77,3.43
17/08/2024 11:01 a. m.,Ordeño,05:23,13.10,1,,,,,0,,1.20,1.62,1.68,1.44,0,0,0,0,4.86,4.82,4.89,5.00,VMS 3,,Tanque,,1.74,2.10,2.28,1.92,2.01,2.24,5.18,3.67
18/08/2024 07:35 a. m.,Ordeño,06:35,18.21,1,,,,,0,,1.38,1.74,1.92,1.56,0,0,0,0,4.77,4.87,4.67,5.12,VMS 3,,Tanque,,2.04,2.34,2.58,2.16,2.39,2.93,7.27,5.62
18/08/2024 06:17 p. m.,Ordeño,04:48,9.79,2,,,,,0,,1.20,1.44,1.56,1.44,0,0,0,0,4.48,4.60,4.46,4.47,VMS 3,,Tanque,,1.80,2.04,2.10,2.16,1.46,1.83,3.69,2.81
19/08/2024 02:09 a. m.,Ordeño,04:44,8.80,1,,,,,0,,1.08,1.20,1.44,1.32,0,0,0,0,4.65,4.73,4.72,4.60,VMS 3,,Tanque,,1.56,1.86,2.04,1.80,1.44,1.56,3.37,2.43
19/08/2024 11:03 a. m.,Ordeño,04:59,9.59,2,,TD,,,0,,1.20,1.50,1.68,1.26,0,0,0,0,5.00,4.85,4.98,4.87,VMS 3,,Tanque,,1.68,2.22,2.22,2.34,1.47,1.87,3.95,2.30
20/08/2024 05:42 a. m.,Ordeño,06:51,19.94,1,,,,,0,,1.32,1.56,1.92,1.56,0,0,0,0,4.87,4.69,4.64,5.10,VMS 3,,Tanque,,1.92,2.16,2.52,1.98,3.07,2.74,8.27,5.86
20/08/2024 02:15 p. m.,Ordeño,04:32,8.14,2,,,,,0,,1.14,1.32,1.50,1.26,0,0,0,0,4.55,4.63,4.53,4.58,VMS 3,,Tanque,,1.68,1.92,2.04,1.86,1.59,1.54,3.10,1.91
21/08/2024 12:52 a. m.,Ordeño,04:43,8.81,1,,,,,0,,1.14,1.32,1.50,1.32,0,0,0,0,4.46,4.59,4.59,4.72,VMS 3,,Tanque,,1.56,1.80,2.04,1.68,1.35,1.62,3.43,2.41
21/08/2024 12:13 p. m.,Ordeño,05:45,12.51,2,,,,,0,,1.32,1.44,1.68,1.44,0,0,0,0,5.07,4.99,5.14,5.23,VMS 3,,Tanque,,1.98,1.86,2.46,1.86,2.09,1.99,5.00,3.43
21/08/2024 09:02 p. m.,Ordeño,04:53,8.01,3,,,,,0,,1.02,1.20,1.50,0.96,0,0,0,0,4.56,4.69,4.70,4.74,VMS 3,,Tanque,,1.62,1.68,2.04,1.32,1.23,1.48,3.26,2.04
22/08/2024 06:00 a. m.,Ordeño,04:51,9.85,1,,,,,0,,1.14,1.32,1.56,1.32,0,0,0,0,4.87,4.86,4.68,4.75,VMS 3,,Tanque,,1.68,1.92,2.10,1.86,1.49,1.72,3.89,2.75
22/08/2024 05:26 p. m.,Ordeño,05:33,13.38,2,,,,,0,,1.26,1.38,1.68,1.50,0,0,0,0,5.22,4.93,5.03,5.25,VMS 3,,Tanque,,1.80,2.16,2.16,1.92,2.26,1.89,5.42,3.81
23/08/2024 02:54 a. m.,Ordeño,04:48,10.68,1,,,,,0,,1.38,1.32,1.74,1.26,0,0,0,0,4.64,4.79,4.66,4.87,VMS 3,,Tanque,,1.92,1.74,2.22,1.68,1.66,1.97,4.27,2.78
24/08/2024 12:29 a. m.,Ordeño,07:01,20.62,1,,,,,0,,1.50,1.62,1.80,1.26,0,0,0,0,4.85,5.16,5.01,5.01,VMS 3,,Tanque,,1.92,2.16,2.46,1.68,2.85,3.90,7.96,5.91
24/08/2024 12:37 p. m.,Ordeño,05:53,13.04,2,,,,,0,,1.44,1.20,1.62,1.26,0,0,0,0,4.93,4.66,4.80,4.77,VMS 3,,Tanque,,1.98,1.68,2.22,1.74,2.44,1.95,5.43,3.22
24/08/2024 11:02 p. m.,Ordeño,05:24,12.02,3,,,,,0,,1.26,1.44,1.74,1.32,0,0,0,0,4.77,4.82,4.72,4.85,VMS 3,,Tanque,,1.74,1.92,2.28,1.86,1.84,1.90,5.04,3.24
25/08/2024 12:06 p. m.,Ordeño,05:58,13.04,1,,,,,0,,1.32,1.44,1.56,1.20,0,0,0,0,4.52,4.79,4.77,4.89,VMS 3,,Tanque,,1.80,1.98,2.16,1.62,1.96,2.21,5.26,3.61
25/08/2024 10:39 p. m.,Ordeño,05:11,9.68,2,,,,,0,,1.14,1.44,1.50,1.20,0,0,0,0,4.50,4.70,4.54,4.48,VMS 3,,Tanque,,1.56,1.86,2.10,1.68,1.47,1.76,3.89,2.56
26/08/2024 01:15 p. m.,Ordeño,06:05,15.59,1,,,,,0,,1.38,1.62,1.68,1.32,0,0,0,0,4.94,5.01,5.07,5.21,VMS 3,,Tanque,,1.86,2.10,2.10,1.80,2.38,2.67,6.20,4.34
27/08/2024 12:16 a. m.,Ordeño,05:20,11.84,1,,,,,0,,1.20,1.44,1.56,1.38,0,0,0,0,4.49,4.51,4.56,4.13,VMS 3,,Tanque,,1.68,1.86,2.04,1.98,1.78,1.99,4.59,3.48
27/08/2024 09:12 a. m.,Ordeño,05:02,9.59,2,,,,,0,,1.14,1.26,1.44,1.62,0,0,0,0,4.52,4.54,4.80,4.50,VMS 3,,Tanque,,1.62,1.98,2.04,2.16,1.62,1.32,3.84,2.81
27/08/2024 10:27 p. m.,Ordeño,05:46,15.00,3,,,,,0,,1.26,1.56,1.68,1.50,0,0,0,0,4.64,4.99,4.95,4.71,VMS 3,,Tanque,,1.86,2.04,2.22,1.98,1.87,2.95,5.81,4.37
28/08/2024 02:22 p. m.,Ordeño,06:15,17.53,1,,,,,0,,1.44,1.56,1.74,1.56,0,0,0,0,4.72,5.04,5.04,4.57,VMS 3,,Tanque,,1.98,2.10,2.16,2.10,2.37,3.03,6.77,5.36
28/08/2024 10:17 p. m.,Ordeño,04:21,7.22,2,,,,,0,,1.08,1.26,1.44,1.08,0,0,0,0,4.40,4.56,4.54,4.32,VMS 3,,Tanque,,1.62,1.80,1.98,1.68,1.26,1.33,2.69,1.94
29/08/2024 10:48 a. m.,Ordeño,05:51,12.60,1,,,,,0,,1.44,1.32,1.56,1.44,0,0,0,0,4.51,4.54,4.75,4.49,VMS 3,,Tanque,,1.92,1.86,1.98,2.04,2.18,1.86,4.93,3.63
30/08/2024 06:47 a. m.,Ordeño,07:17,21.07,1,,,,,0,,1.44,2.76,1.74,1.44,0,0,0,0,4.50,4.97,4.85,4.64,VMS 3,,Tanque,,1.86,4.14,2.28,2.10,2.78,4.40,8.24,5.65
31/08/2024 08:03 a. m.,Ordeño,05:56,18.80,1,,,,,0,,1.44,1.38,2.16,1.56,0,0,0,0,4.46,4.54,4.57,5.12,VMS 3,,Tanque,,1.86,1.86,2.82,1.98,3.01,2.88,7.08,5.83
31/08/2024 10:36 p. m.,Ordeño,05:15,11.06,2,,,,,0,,1.32,1.32,1.62,1.38,0,0,0,0,4.50,4.69,4.52,4.58,VMS 3,,Tanque,,1.74,1.92,2.04,1.92,2.35,1.58,4.33,2.80
01/09/2024 10:00 a. m.,Ordeño,04:58,8.78,1,,,,,0,,1.20,0.84,1.68,1.32,0,0,0,0,4.50,4.68,4.53,4.58,VMS 3,,Tanque,,1.74,1.32,2.28,1.92,1.53,1.12,3.88,2.25
02/09/2024 10:43 a. m.,Ordeño,07:52,18.87,1,,,,,0,DD,1.44,1.68,1.98,1.32,0,0,0,0,4.64,5.67,4.83,5.35,VMS 3,,Tanque,,1.98,2.22,2.46,1.92,2.32,3.66,6.76,6.13
02/09/2024 10:17 p. m.,Ordeño,04:58,10.53,2,,,,,0,,1.26,1.26,1.68,1.38,0,0,0,0,4.58,4.93,4.59,4.40,VMS 3,,Tanque,,1.92,1.80,2.28,1.86,1.78,1.66,4.07,3.02
03/09/2024 12:15 p. m.,Ordeño,05:28,13.35,1,,,,,0,,1.38,1.50,1.80,1.38,0,0,0,0,5.08,5.27,5.16,5.20,VMS 3,,Tanque,,1.98,2.16,2.34,1.74,2.19,2.33,5.25,3.58
06/09/2024 09:14 p. m.,Ordeño,05:54,18.33,1,,,,,0,,1.62,1.32,2.10,1.62,0,0,0,0,4.49,4.66,4.74,5.14,VMS 3,,Tanque,,2.04,2.22,2.58,2.28,2.66,2.62,7.47,5.58
07/09/2024 08:46 a. m.,Ordeño,04:34,9.73,1,,,,,0,,1.38,1.26,1.92,1.20,0,0,0,0,4.48,4.69,4.66,4.87,VMS 3,,Tanque,,1.86,1.86,2.46,1.80,1.75,1.46,4.02,2.50
08/09/2024 02:16 a. m.,Ordeño,05:30,13.32,1,,,,,0,,1.44,1.44,1.80,1.44,0,0,0,0,4.57,4.88,4.77,4.68,VMS 3,,Tanque,,1.98,2.04,2.46,1.86,2.13,2.31,5.43,3.45
09/09/2024 08:29 p. m.,Ordeño,06:38,18.68,1,,DD,,,0,,1.50,1.50,2.04,1.32,0,0,0,0,4.50,5.22,4.89,5.02,VMS 3,,Tanque,,1.98,2.34,2.58,1.80,2.57,3.20,7.72,5.19
10/09/2024 12:15 p. m.,Ordeño,05:19,13.38,1,,,,,0,,1.44,1.38,1.86,1.38,0,0,0,0,4.80,4.99,4.80,4.77,VMS 3,,Tanque,,1.98,1.86,2.46,2.04,2.25,2.32,5.38,3.43
11/09/2024 04:17 a. m.,Ordeño,06:18,13.81,1,,,,,0,,1.44,1.38,1.74,1.32,0,0,0,0,4.88,4.78,4.92,5.19,VMS 3,,Tanque,,1.86,1.92,2.34,1.74,2.63,1.91,5.78,3.49
08/12/2024 07:21 a. m.,Ordeño,06:59,6.68,1,,,,,0,DI,0.90,0.84,1.14,0.84,1139,488,589,380,4.14,4.10,4.09,3.41,VMS 3,,Drenaje,,1.62,1.26,2.34,1.56,1.34,1.80,1.74,1.80
08/12/2024 03:59 p. m.,Ordeño,06:26,5.86,2,,,,,0,DI,1.14,0.90,1.62,1.14,1017,0,582,573,4.64,4.50,4.42,4.06,VMS 3,,Drenaje,,1.68,1.20,2.28,1.80,1.38,1.60,1.58,1.30
09/12/2024 06:12 a. m.,Ordeño,04:35,9.48,1,,,,,0,,1.02,0.90,1.68,1.08,406,0,381,456,4.54,4.44,4.52,4.13,VMS 3,,Drenaje,,1.86,1.38,2.64,1.80,1.88,1.77,3.94,1.89
09/12/2024 04:30 p. m.,Ordeño,07:35,14.03,2,,,,,0,,1.56,1.14,2.10,1.56,586,0,483,358,4.91,4.82,4.94,4.50,VMS 3,,Divert 3,,2.04,1.56,2.64,2.22,3.11,3.42,3.81,3.69
09/12/2024 09:40 p. m.,Ordeño,06:23,7.94,3,,,,,0,DI,1.20,1.08,1.98,1.44,1085,0,575,363,4.64,4.54,4.79,4.52,VMS 3,,Divert 3,,1.80,1.50,2.52,2.04,1.86,1.83,2.38,1.87
10/12/2024 09:02 a. m.,Ordeño,05:37,15.35,1,,,,,0,,1.50,1.08,1.98,1.56,373,0,0,0,4.64,4.48,4.64,4.60,VMS 3,,Divert 3,,2.04,1.44,2.52,2.16,3.71,3.52,4.26,3.86
10/12/2024 06:35 p. m.,Ordeño,07:26,15.40,2,,,,,0,,1.50,1.08,1.80,1.68,0,0,0,0,4.74,4.64,4.62,4.63,VMS 3,,Divert 3,,1.92,1.44,2.46,2.28,3.43,3.57,4.35,4.05
11/12/2024 02:09 a. m.,Ordeño,09:11,14.51,1,,,,,0,,1.38,1.14,1.92,1.62,0,0,0,0,4.27,4.38,4.43,4.08,VMS 3,,Divert 3,,1.98,1.56,2.64,2.34,3.36,3.13,4.26,3.76
11/12/2024 02:18 p. m.,Ordeño,08:47,13.63,2,,TD,TI,TI,0,,1.56,1.26,0.00,1.80,0,0,0,0,4.35,4.43,0.00,4.30,VMS 3,,Tanque,,2.34,1.74,0.00,2.34,4.23,4.82,0.00,4.58
11/12/2024 04:54 p. m.,Ordeño,05:57,3.47,3,,,TI,TI,0,,0.84,1.08,0.00,1.20,0,0,0,0,4.70,4.68,0.00,0.00,VMS 1,,Tanque,,1.44,1.56,0.00,1.92,0.97,1.13,0.00,1.37
11/12/2024 10:50 p. m.,Ordeño,09:39,13.20,4,,TD,,,0,,1.44,1.26,1.92,1.44,0,418,0,0,5.05,4.84,4.67,0.00,VMS 1,,Tanque,,1.92,1.68,2.46,2.10,1.96,2.43,6.64,2.17
12/12/2024 02:37 p. m.,Ordeño,12:57,15.12,2,,,,,0,,1.32,1.26,1.92,1.44,0,0,0,0,4.91,4.82,4.90,0.00,VMS 1,,Tanque,,1.92,1.56,2.76,2.16,2.79,2.89,6.41,3.03
12/12/2024 09:12 p. m.,Ordeño,10:05,7.86,3,,,TI,TI,0,,1.44,1.20,0.00,1.38,0,0,0,0,5.14,5.03,0.00,0.00,VMS 1,,Tanque,,1.86,1.62,0.00,1.92,2.60,2.62,0.00,2.64
13/12/2024 03:13 a. m.,Ordeño,11:51,8.19,1,,,TI,TI,0,,1.44,1.32,0.00,1.32,0,0,0,0,4.85,4.84,0.00,0.00,VMS 1,,Tanque,,1.86,1.68,0.00,2.46,2.41,2.92,0.00,2.86
13/12/2024 07:00 a. m.,Ordeño,13:11,11.19,2,,,,,0,,1.14,1.14,1.98,1.38,0,395,0,0,4.72,4.91,4.99,0.00,VMS 1,,Tanque,,1.68,1.68,2.58,1.86,1.36,1.41,6.57,1.85
13/12/2024 02:48 p. m.,Ordeño,09:52,12.93,3,,,,,0,,1.26,1.32,1.80,1.50,0,0,0,0,5.11,5.02,5.18,0.00,VMS 1,,Tanque,,1.86,1.86,2.40,2.52,2.92,3.03,4.05,2.93
13/12/2024 10:23 p. m.,Ordeño,08:11,8.90,4,,,TI,TI,0,,1.20,1.26,0.00,1.62,0,0,0,0,4.98,4.88,0.00,0.00,VMS 1,,Tanque,,1.98,1.68,0.00,2.04,2.65,2.89,0.00,3.36
14/12/2024 07:36 a. m.,Ordeño,09:02,14.10,1,,,TI,TI,0,,1.32,1.32,0.00,1.74,0,0,0,0,4.96,4.82,0.00,0.00,VMS 1,,Tanque,,1.92,1.86,0.00,2.28,4.42,4.43,0.00,5.25
14/12/2024 04:10 p. m.,Ordeño,09:57,18.39,2,,,,,0,,1.56,1.14,1.92,1.56,0,0,0,0,5.23,4.83,4.81,0.00,VMS 1,,Tanque,,2.28,1.86,2.58,2.04,3.71,3.29,7.44,3.95
14/12/2024 11:03 p. m.,Ordeño,07:49,9.61,3,,,TI,TI,0,,1.20,1.32,0.00,1.50,0,0,0,0,4.85,4.76,0.00,0.00,VMS 1,,Tanque,,1.86,1.74,0.00,2.04,2.94,2.99,0.00,3.68
15/12/2024 04:53 a. m.,Ordeño,11:31,8.79,1,,,TI,TI,0,,1.38,1.32,0.00,1.38,0,459,0,0,4.65,4.63,0.00,0.00,VMS 1,,Tanque,,1.86,1.92,0.00,1.80,2.59,2.72,0.00,3.48
15/12/2024 08:57 a. m.,Ordeño,08:27,6.25,2,,,TI,TI,0,,0.78,1.32,0.00,1.56,0,0,0,0,4.57,4.69,0.00,0.00,VMS 1,,Tanque,,1.62,1.98,0.00,2.16,1.98,1.99,0.00,2.28
15/12/2024 01:57 p. m.,Ordeño,09:53,7.15,3,,,TI,TI,0,,1.02,1.26,0.00,1.74,0,0,0,0,4.64,4.68,0.00,0.00,VMS 1,,Tanque,,1.74,1.86,0.00,2.22,2.32,2.31,0.00,2.52
15/12/2024 09:21 p. m.,Ordeño,08:26,19.31,4,,"TI,TD",,,0,,1.62,1.50,1.80,1.86,0,0,0,0,4.98,4.82,4.48,0.00,VMS 1,,Tanque,,2.10,1.98,2.40,2.52,3.34,3.48,8.37,4.12
16/12/2024 04:58 a. m.,Ordeño,07:58,11.60,1,,,TI,TI,0,,1.26,1.38,0.00,1.62,0,398,0,0,4.62,4.66,0.00,0.00,VMS 1,,Tanque,,1.80,1.86,0.00,2.16,3.64,3.59,0.00,4.37
16/12/2024 12:12 p. m.,Ordeño,07:42,11.52,2,,DI,TI,TI,0,,1.20,1.38,0.00,1.68,0,0,0,0,4.94,5.01,0.00,0.00,VMS 1,,Tanque,,1.86,2.10,0.00,2.34,3.10,3.67,0.00,4.75
16/12/2024 06:11 p. m.,Ordeño,11:42,16.26,3,,TD,,,0,,1.26,1.38,1.80,1.74,0,0,0,0,4.96,5.05,5.00,0.00,VMS 1,,Tanque,,1.86,1.80,2.64,2.58,3.01,2.95,7.09,3.21
17/12/2024 02:13 a. m.,Ordeño,08:48,13.45,1,,,TI,TI,0,,1.20,1.44,0.00,1.74,0,0,0,0,5.09,5.11,0.00,0.00,VMS 1,,Tanque,,1.74,1.86,0.00,2.52,4.13,4.36,0.00,4.96
17/12/2024 08:27 a. m.,Ordeño,08:28,9.97,2,,,TI,TI,0,,0.96,1.44,0.00,1.74,0,0,0,0,5.02,5.12,0.00,0.00,VMS 1,,Tanque,,1.44,1.92,0.00,2.52,3.05,3.14,0.00,3.78
17/12/2024 03:05 p. m.,Ordeño,11:42,17.68,3,,,,,0,,1.14,1.38,1.80,1.50,0,0,0,0,5.09,5.12,4.87,0.00,VMS 1,,Tanque,,1.74,1.80,2.46,1.98,3.45,3.19,7.14,3.90
17/12/2024 08:56 p. m.,Ordeño,07:22,9.62,4,,,TI,TI,0,,1.20,1.38,0.00,1.80,0,309,0,0,4.76,4.66,0.00,0.00,VMS 1,,Tanque,,1.68,1.80,0.00,2.70,2.78,3.09,0.00,3.75
18/12/2024 03:58 a. m.,Ordeño,10:55,19.45,1,,,,,0,,1.14,1.44,1.86,1.68,0,0,0,0,5.01,5.01,5.09,0.00,VMS 1,,Tanque,,1.68,1.86,2.52,2.70,3.81,3.94,6.97,4.73
18/12/2024 10:41 a. m.,Ordeño,08:56,11.11,2,,,TI,TI,0,,0.96,1.38,0.00,1.80,0,0,0,0,5.05,5.13,0.00,0.00,VMS 1,,Tanque,,1.56,1.92,0.00,2.28,3.60,3.41,0.00,4.10
18/12/2024 09:38 p. m.,Ordeño,10:57,15.29,3,,,TI,TI,0,,0.72,1.50,0.00,1.80,0,0,0,0,4.90,5.14,0.00,0.00,VMS 1,,Tanque,,1.44,1.86,0.00,2.40,3.97,5.21,0.00,6.11
19/12/2024 05:58 a. m.,Ordeño,07:47,10.23,1,,DI,"DI,TI","DI,TI",0,,0.90,1.44,0.00,1.86,0,0,0,0,4.29,5.07,0.00,0.00,VMS 1,,Tanque,,1.50,1.86,0.00,2.46,0.17,4.45,0.00,5.61
19/12/2024 05:11 p. m.,Ordeño,07:11,25.70,2,,,,,0,,1.44,1.44,2.04,1.86,0,0,0,0,5.34,5.19,4.90,0.00,VMS 1,,Tanque,,1.92,1.92,2.52,2.58,6.42,5.24,8.02,6.02
20/12/2024 12:39 a. m.,Ordeño,06:57,9.59,1,,,,,0,,0.96,1.32,1.62,1.74,0,0,0,0,5.22,4.99,5.20,0.00,VMS 1,,Tanque,,1.44,1.74,2.28,2.28,2.44,2.36,2.27,2.52
20/12/2024 06:27 a. m.,Ordeño,06:00,9.30,2,,,,,0,,1.08,1.26,1.32,1.68,0,0,0,0,5.03,4.87,5.03,0.00,VMS 1,,Tanque,,1.50,1.74,1.92,2.22,2.09,2.24,1.87,3.10
20/12/2024 03:31 p. m.,Ordeño,06:01,19.21,3,,,,,0,,1.20,1.44,1.86,1.80,0,0,0,0,5.11,5.01,5.23,0.00,VMS 1,,Tanque,,1.68,1.80,2.40,2.28,4.01,4.44,5.35,5.41
20/12/2024 10:13 p. m.,Ordeño,08:36,16.16,4,,,,,0,,1.26,1.38,1.74,1.62,0,0,0,0,5.11,4.88,5.06,0.00,VMS 1,,Tanque,,1.74,1.74,2.46,2.64,3.40,3.65,4.39,4.72
21/12/2024 09:31 a. m.,Ordeño,09:10,17.20,1,,,TI,TI,0,,1.08,1.44,0.00,1.56,0,0,0,0,5.02,5.10,0.00,0.00,VMS 1,,Tanque,,1.68,1.98,0.00,2.10,4.48,5.48,0.00,7.24
21/12/2024 04:19 p. m.,Ordeño,07:56,18.25,2,,,,,0,,1.26,1.38,1.80,1.68,0,0,0,0,4.96,4.80,4.91,0.00,VMS 1,,Tanque,,1.74,1.80,2.40,2.70,3.14,3.62,6.86,4.63
21/12/2024 10:35 p. m.,Ordeño,07:13,11.25,3,,,TI,TI,0,,1.26,1.38,0.00,1.74,0,0,0,0,4.84,4.29,0.00,0.00,VMS 1,,Tanque,,1.62,1.92,0.00,2.16,3.31,4.02,0.00,3.92
22/12/2024 06:07 a. m.,Ordeño,09:37,12.90,1,,,TI,TI,0,,1.08,1.38,0.00,1.74,0,0,0,0,4.90,4.78,0.00,0.00,VMS 1,,Tanque,,1.62,1.80,0.00,2.94,3.78,4.03,0.00,5.09
22/12/2024 02:05 p. m.,Ordeño,07:02,20.03,2,,,,,0,,1.38,1.50,1.92,1.68,0,0,0,0,5.10,5.03,5.10,0.00,VMS 1,,Tanque,,1.92,1.92,2.58,2.16,3.85,3.90,7.65,4.63
23/12/2024 04:29 a. m.,Ordeño,08:23,28.45,1,,,,,0,,1.50,1.50,1.86,1.74,0,0,0,0,5.16,5.05,4.94,0.00,VMS 1,,Tanque,,1.92,2.46,2.40,2.40,6.03,6.35,8.15,7.92
23/12/2024 01:48 p. m.,Ordeño,10:03,21.82,2,,,,,0,DD,1.14,1.38,1.62,1.62,0,0,0,0,4.79,5.39,3.62,0.00,VMS 1,,Tanque,,1.62,1.98,2.34,2.28,4.88,5.06,6.24,5.64
24/12/2024 01:44 a. m.,Ordeño,06:46,22.63,1,,,,,0,,1.38,1.32,2.04,1.74,0,0,0,0,5.19,5.00,5.06,0.00,VMS 1,,Tanque,,1.80,1.80,2.70,2.34,4.71,4.65,6.88,6.39
24/12/2024 05:52 a. m.,Ordeño,07:14,9.85,2,,,,,0,,1.14,1.32,1.80,1.26,0,0,0,0,4.85,4.85,4.96,0.00,VMS 1,,Tanque,,1.74,1.80,2.34,1.86,2.39,2.05,2.65,2.76
24/12/2024 04:39 p. m.,Ordeño,06:20,25.19,3,,,,,0,,1.44,1.44,1.98,1.80,0,0,0,0,5.20,5.06,5.03,0.00,VMS 1,,Tanque,,2.04,1.92,2.64,2.34,5.36,5.71,6.88,7.24
25/12/2024 12:34 a. m.,Ordeño,05:55,20.15,1,,,,,0,,1.32,1.44,1.98,1.80,0,0,0,0,5.41,5.32,5.34,0.00,VMS 1,,Tanque,,1.80,1.80,2.46,2.28,4.34,4.50,5.69,5.62
25/12/2024 06:49 a. m.,Ordeño,08:06,16.01,2,,,,,0,,1.14,1.38,1.86,1.74,0,0,0,0,5.05,4.96,5.03,0.00,VMS 1,,Tanque,,1.56,1.86,2.46,2.22,3.56,3.27,4.79,4.39
25/12/2024 12:16 p. m.,Ordeño,06:30,13.87,3,,,,,0,,1.26,1.44,1.68,1.68,0,0,0,0,5.05,5.08,5.24,0.00,VMS 1,,Tanque,,1.68,1.80,2.16,2.28,2.98,2.90,4.17,3.82
25/12/2024 11:34 p. m.,Ordeño,08:23,24.97,4,,,,,0,,1.44,1.50,1.92,1.86,0,0,0,0,5.48,5.37,5.54,0.00,VMS 1,,Tanque,,1.86,2.04,2.46,2.46,5.67,4.94,8.00,6.36
26/12/2024 06:11 a. m.,Ordeño,10:56,16.98,1,,,,,0,,1.26,1.44,1.68,1.74,0,0,0,0,5.01,5.02,5.07,0.00,VMS 1,,Tanque,,1.80,1.92,2.16,2.28,3.52,3.70,5.05,4.71
26/12/2024 12:57 p. m.,Ordeño,05:54,17.03,2,,,,,0,,1.38,1.38,1.74,1.74,0,0,0,0,5.48,5.41,5.46,0.00,VMS 1,,Tanque,,1.86,1.74,2.22,2.28,3.56,3.64,4.86,4.97
26/12/2024 09:54 p. m.,Ordeño,07:35,20.80,3,,,,,0,,1.32,1.44,1.74,1.80,0,0,0,0,5.61,5.40,5.51,0.00,VMS 1,,Tanque,,1.74,1.80,2.28,2.22,4.68,4.09,6.49,5.54
27/12/2024 02:42 a. m.,Ordeño,08:52,12.64,1,,,,,0,,1.02,1.38,1.32,1.62,0,0,0,0,5.18,5.27,4.84,0.00,VMS 1,,Tanque,,1.38,1.80,1.98,2.10,2.67,3.03,3.71,3.23
27/12/2024 10:05 a. m.,Ordeño,05:48,18.85,2,,,,,0,,1.38,1.38,1.86,1.86,0,0,0,0,5.32,5.21,5.31,0.00,VMS 1,,Tanque,,1.98,1.74,2.28,2.46,4.01,4.11,5.23,5.50
27/12/2024 03:58 p. m.,Ordeño,04:56,13.88,3,,,,,0,,1.32,1.38,1.74,1.74,0,0,0,0,5.11,5.03,4.97,0.00,VMS 1,,Tanque,,1.74,1.86,2.28,2.22,2.85,3.04,3.98,4.01
28/12/2024 01:18 a. m.,Ordeño,07:38,22.35,1,,,,,0,,1.20,1.56,1.92,1.92,0,0,0,0,5.06,5.18,5.18,0.00,VMS 1,,Tanque,,1.62,2.16,2.64,2.40,5.31,4.75,6.46,5.83
28/12/2024 09:18 a. m.,Ordeño,07:07,20.23,2,,,,,0,,1.26,1.38,1.86,1.86,0,0,0,0,4.93,4.89,5.04,0.00,VMS 1,,Tanque,,1.62,1.80,2.46,2.52,3.74,4.37,6.12,6.00
28/12/2024 01:59 p. m.,Ordeño,05:06,9.86,3,,,,,0,,0.96,1.26,1.62,1.68,389,0,0,0,4.79,4.75,4.72,0.00,VMS 1,,Tanque,,1.44,1.68,2.16,2.16,2.17,2.09,2.88,2.72
28/12/2024 10:41 p. m.,Ordeño,06:00,21.18,4,,,,,0,,1.26,1.50,1.80,1.74,0,0,0,0,5.08,5.04,5.10,0.00,VMS 1,,Tanque,,1.74,1.92,2.28,2.28,3.91,4.88,6.39,6.00
29/12/2024 08:05 a. m.,Ordeño,06:28,22.04,1,,,,,0,,1.38,1.44,2.04,2.04,0,0,0,0,5.21,5.10,4.97,0.00,VMS 1,,Tanque,,1.80,1.92,2.70,2.82,5.01,4.37,7.02,5.64
29/12/2024 12:51 p. m.,Ordeño,04:41,11.72,2,,,,,0,,1.20,1.32,1.68,1.68,0,0,0,0,5.02,4.84,4.83,0.00,VMS 1,,Tanque,,1.62,1.80,2.10,2.28,2.61,2.42,3.17,3.52
30/12/2024 12:27 a. m.,Ordeño,06:27,24.57,1,,,,,0,,1.38,1.44,1.80,1.74,0,0,0,0,5.02,4.93,5.00,0.00,VMS 1,,Tanque,,1.74,1.80,2.28,2.34,5.06,5.31,7.30,6.90
30/12/2024 07:48 a. m.,Ordeño,06:35,17.84,2,,,,,0,,1.20,1.38,2.04,1.74,0,0,0,0,4.87,4.86,4.67,0.00,VMS 1,,Tanque,,1.56,2.04,2.64,2.34,3.87,3.72,5.28,4.97
30/12/2024 02:45 p. m.,Ordeño,05:59,16.95,3,,,,,0,,1.20,1.26,1.86,1.68,0,0,0,0,4.87,4.92,4.94,0.00,VMS 1,,Tanque,,1.68,1.74,2.34,2.28,3.58,3.97,4.69,4.71
30/12/2024 10:18 p. m.,Ordeño,05:19,18.17,4,,,,,0,,1.38,1.44,1.92,1.80,0,0,0,0,5.10,5.12,5.02,0.00,VMS 1,,Tanque,,1.86,1.92,2.58,2.28,3.74,4.17,5.63,4.63
31/12/2024 05:54 a. m.,Ordeño,06:51,18.50,1,,,,,0,,1.20,1.32,1.74,1.74,0,0,0,0,4.95,4.88,4.94,0.00,VMS 1,,Tanque,,1.62,1.92,2.22,2.16,4.41,4.22,4.82,5.05
31/12/2024 02:54 p. m.,Ordeño,06:49,22.91,2,,,,,0,,1.50,1.38,1.92,1.80,0,0,0,0,5.10,5.14,5.12,0.00,VMS 1,,Tanque,,1.86,1.74,2.52,2.34,4.62,5.05,6.62,6.62
01/01/2025 12:33 a. m.,Ordeño,06:09,22.35,1,,,,,0,,1.38,1.44,1.98,1.80,0,0,0,0,4.97,5.06,4.86,0.00,VMS 1,,Tanque,,1.86,1.86,2.46,2.28,4.52,4.72,6.62,6.49
01/01/2025 08:12 a. m.,Ordeño,06:06,18.89,2,,,,,0,,1.26,1.44,1.86,1.74,0,0,0,0,5.04,5.00,4.85,0.00,VMS 1,,Tanque,,1.80,1.86,2.40,2.22,3.91,4.48,5.20,5.30
01/01/2025 03:56 p. m.,Ordeño,05:21,17.70,3,,,,,0,,1.26,1.50,1.98,1.74,0,0,0,0,5.00,5.13,4.84,0.00,VMS 1,,Tanque,,1.68,1.98,2.58,2.10,3.54,3.98,5.30,4.88
01/01/2025 09:51 p. m.,Ordeño,05:06,13.60,4,,,,,0,,1.14,1.38,1.86,1.62,0,0,0,0,4.87,4.89,4.49,0.00,VMS 1,,Tanque,,1.68,1.74,2.40,2.22,2.97,3.04,3.76,3.83
02/01/2025 12:31 p. m.,Ordeño,06:55,26.87,1,,,,,0,,1.50,1.56,2.16,1.80,0,0,0,0,5.23,5.33,4.91,0.00,VMS 1,,Tanque,,1.98,2.04,3.18,2.40,5.39,6.51,7.84,7.13
02/01/2025 06:19 p. m.,Ordeño,06:14,11.66,2,,,,,0,,1.08,1.20,1.92,1.56,0,0,0,0,4.89,4.85,4.79,0.00,VMS 1,,Tanque,,1.56,1.74,2.40,2.40,2.52,2.48,3.18,3.48
02/01/2025 11:42 p. m.,Ordeño,05:35,10.15,3,,,,,0,,1.02,1.26,1.56,1.38,0,0,0,0,4.92,4.84,4.72,0.00,VMS 1,,Tanque,,1.44,1.92,2.52,1.92,2.11,2.08,3.08,2.88
03/01/2025 09:44 a. m.,Ordeño,06:09,21.17,1,,,,,0,,1.26,1.44,1.98,1.80,0,0,0,0,5.18,5.19,5.04,0.00,VMS 1,,Tanque,,1.68,1.92,2.58,2.28,4.48,4.42,6.03,6.24
03/01/2025 05:53 p. m.,Ordeño,05:38,17.79,2,,,,,0,,1.32,1.38,2.04,1.74,0,0,0,0,5.19,5.16,4.97,0.00,VMS 1,,Tanque,,1.92,1.86,2.64,2.22,3.81,3.63,5.46,4.89
04/01/2025 03:12 a. m.,Ordeño,05:45,19.51,1,,,,,0,,1.38,1.50,2.10,1.68,0,0,0,0,5.09,5.15,4.92,0.00,VMS 1,,Tanque,,1.92,1.98,2.64,2.16,4.22,4.31,5.73,5.25
04/01/2025 11:53 a. m.,Ordeño,05:43,18.14,2,,,,,0,,1.44,1.50,2.04,1.80,0,0,0,0,5.11,5.13,4.97,0.00,VMS 1,,Tanque,,1.86,1.98,2.64,2.70,3.23,4.25,4.90,5.76
04/01/2025 04:29 p. m.,Ordeño,04:29,10.72,3,,,,,0,,1.20,1.44,1.98,1.68,0,0,0,0,5.10,5.05,4.83,0.00,VMS 1,,Tanque,,1.56,1.92,2.46,2.34,2.02,2.70,3.02,2.98
05/01/2025 03:02 a. m.,Ordeño,05:39,19.95,1,,,,,0,,1.50,1.56,1.92,1.80,0,0,0,0,5.09,5.12,5.12,0.00,VMS 1,,Tanque,,2.10,2.04,2.46,2.34,3.65,4.98,5.68,5.64
05/01/2025 12:36 p. m.,Ordeño,05:54,18.45,2,,,,,0,,1.20,1.44,1.86,1.56,0,0,0,0,4.56,5.26,5.18,0.00,VMS 1,,Tanque,,1.74,1.98,2.52,2.10,3.98,4.49,4.68,5.30
05/01/2025 07:59 p. m.,Ordeño,05:34,13.05,3,,,,,0,,1.26,1.44,1.98,1.74,0,0,0,0,5.12,5.08,4.77,0.00,VMS 1,,Tanque,,1.68,1.86,2.52,2.16,2.60,2.90,3.62,3.93
06/01/2025 02:54 a. m.,Ordeño,05:17,13.86,1,,,,,0,,1.32,1.32,1.56,1.56,0,0,0,0,5.29,5.19,4.90,0.00,VMS 1,,Tanque,,1.74,1.74,2.28,2.10,3.10,2.87,4.09,3.80
06/01/2025 07:27 a. m.,Ordeño,05:20,11.77,2,,,,,0,,1.26,1.38,1.56,1.38,0,0,0,0,5.26,5.05,5.14,0.00,VMS 1,,Tanque,,1.68,1.86,2.22,2.10,2.28,2.63,3.47,3.39
06/01/2025 05:47 p. m.,Ordeño,09:43,19.19,3,,,"TI,TD","TI,TD",0,,1.80,1.68,0.00,0.00,0,0,0,0,4.96,5.15,0.00,0.00,VMS 1,,Tanque,,2.64,2.46,0.00,0.00,9.02,10.17,0.00,0.00
07/01/2025 01:38 a. m.,Ordeño,07:37,17.33,1,,,,,0,,1.56,1.44,1.68,1.68,0,0,0,0,4.96,4.93,4.83,0.00,VMS 1,,Tanque,,2.04,2.04,2.46,2.10,3.65,3.79,4.98,4.91
07/01/2025 10:54 a. m.,Ordeño,05:36,19.39,2,,,,,0,,1.50,1.56,2.16,1.80,0,0,0,0,4.78,4.84,4.86,0.00,VMS 1,,Tanque,,2.10,2.04,2.76,2.34,3.02,4.73,5.95,5.69
07/01/2025 07:50 p. m.,Ordeño,05:54,18.86,3,,,,,0,,1.56,1.50,1.92,1.68,0,0,0,0,5.03,4.99,4.90,0.00,VMS 1,,Tanque,,1.98,1.92,2.52,2.10,3.83,4.53,5.72,4.78
08/01/2025 02:00 a. m.,Ordeño,04:48,13.60,1,,,,,0,,1.50,1.50,1.68,1.62,0,0,0,0,4.71,4.53,4.57,0.00,VMS 1,,Tanque,,1.86,1.98,2.22,2.16,2.90,3.20,3.65,3.85
08/01/2025 10:53 a. m.,Ordeño,05:35,20.03,2,,,,,0,,1.62,1.56,1.92,1.80,0,0,0,0,5.03,5.05,4.91,0.00,VMS 1,,Tanque,,2.16,2.04,2.58,2.22,3.77,5.03,5.74,5.49
08/01/2025 06:48 p. m.,Ordeño,04:55,15.74,3,,,,,0,,1.56,1.44,1.86,1.68,0,0,0,0,5.21,5.12,5.12,0.00,VMS 1,,Tanque,,1.98,1.80,2.28,2.58,2.90,3.68,4.46,4.70
09/01/2025 02:38 a. m.,Ordeño,05:59,17.50,1,,,,,0,,1.62,1.32,1.92,1.68,0,0,0,0,5.00,4.93,4.79,0.00,VMS 1,,Tanque,,2.10,1.68,2.52,2.22,3.31,4.50,4.96,4.73
09/01/2025 06:50 a. m.,Ordeño,05:48,10.60,2,,,,,0,,1.26,1.14,1.50,1.32,0,0,0,0,5.01,4.99,5.06,0.00,VMS 1,,Tanque,,2.04,1.68,2.10,1.86,2.19,2.51,2.96,2.94
09/01/2025 01:33 p. m.,Ordeño,05:27,15.73,3,,,,,0,,1.50,1.26,1.80,1.68,0,0,0,0,5.13,4.98,5.12,0.00,VMS 1,,Tanque,,1.98,1.62,2.46,2.16,2.98,3.73,4.65,4.37
09/01/2025 09:45 p. m.,Ordeño,04:30,16.86,4,,,,,0,,1.44,1.38,1.86,1.62,0,0,0,0,4.96,4.99,4.98,0.00,VMS 1,,Tanque,,1.92,1.80,2.34,2.10,3.32,3.77,5.49,4.28
10/01/2025 02:18 a. m.,Ordeño,04:46,12.38,1,,,,,0,,1.44,1.38,1.68,1.56,0,0,0,0,5.02,4.98,5.05,0.00,VMS 1,,Tanque,,1.86,1.80,2.34,2.04,2.58,2.90,3.54,3.36
10/01/2025 08:08 a. m.,Ordeño,05:04,16.55,2,,,,,0,,1.56,1.56,1.80,1.62,0,0,0,0,5.61,5.39,5.37,0.00,VMS 1,,Tanque,,1.98,1.92,2.28,2.10,3.36,3.75,4.85,4.59
10/01/2025 04:16 p. m.,Ordeño,05:35,19.89,3,,,,,0,,1.62,1.50,1.92,1.68,0,0,0,0,5.26,5.24,5.30,0.00,VMS 1,,Tanque,,2.10,2.16,2.34,2.16,3.98,4.64,5.58,5.69
11/01/2025 01:24 a. m.,Ordeño,05:51,19.70,1,,,,,0,,1.50,1.44,1.80,1.68,0,0,0,0,5.28,5.03,5.41,0.00,VMS 1,,Tanque,,1.92,1.98,2.34,2.28,4.07,4.40,5.92,5.31
11/01/2025 07:39 a. m.,Ordeño,05:14,16.10,2,,,,,0,,1.50,1.44,1.92,1.68,0,0,0,0,5.34,5.22,5.10,0.00,VMS 1,,Tanque,,1.92,1.86,2.52,2.46,2.98,3.94,4.60,4.58
11/01/2025 02:34 p. m.,Ordeño,05:32,16.69,3,,,,,0,,1.44,1.62,1.86,1.56,0,0,0,0,5.40,5.37,5.35,0.00,VMS 1,,Tanque,,1.86,2.04,2.34,2.34,3.24,4.05,4.95,4.45
12/01/2025 01:18 a. m.,Ordeño,06:19,23.78,1,,,,,0,,1.56,1.50,1.86,1.68,0,0,0,0,5.45,5.37,5.36,0.00,VMS 1,,Tanque,,2.04,1.86,2.52,2.52,4.73,5.65,6.71,6.69
12/01/2025 09:12 a. m.,Ordeño,05:29,20.56,2,,,,,0,,1.62,1.56,1.92,1.68,0,0,0,0,5.36,5.29,5.30,0.00,VMS 1,,Tanque,,2.04,1.92,2.46,2.22,4.61,4.36,6.16,5.43
12/01/2025 05:16 p. m.,Ordeño,05:22,17.78,3,,,,,0,,1.50,1.50,1.92,1.74,0,0,0,0,5.23,5.09,5.23,0.00,VMS 1,,Tanque,,1.80,1.92,2.46,2.34,3.34,4.24,5.15,5.05
12/01/2025 09:54 p. m.,Ordeño,05:02,11.65,4,,,,,0,,1.50,1.44,1.74,1.44,0,0,0,0,5.36,5.39,5.07,0.00,VMS 1,,Tanque,,1.98,1.86,2.40,2.34,2.32,2.66,3.44,3.23
13/01/2025 02:48 a. m.,Ordeño,06:39,13.16,1,,,,,0,,1.38,1.32,1.74,1.38,0,0,0,0,5.22,5.25,5.08,0.00,VMS 1,,Tanque,,1.80,1.80,2.22,1.98,2.84,3.10,3.64,3.58
13/01/2025 10:38 a. m.,Ordeño,06:11,21.99,2,,,,,0,,1.50,1.56,1.86,1.74,0,0,0,0,5.80,5.78,5.66,0.00,VMS 1,,Tanque,,1.92,1.92,2.52,2.46,3.98,5.45,6.55,6.01
13/01/2025 04:09 p. m.,Ordeño,08:17,15.15,3,,,,,0,,1.44,1.32,1.86,0.96,0,0,0,0,5.27,4.76,4.99,0.00,VMS 1,,Tanque,,2.04,1.92,2.70,1.62,2.78,3.59,4.37,4.41
13/01/2025 11:23 p. m.,Ordeño,04:55,16.02,4,,,,,0,,1.32,1.50,1.98,1.68,0,0,0,0,5.08,5.17,4.76,0.00,VMS 1,,Tanque,,1.68,1.98,2.46,2.22,3.18,3.70,4.68,4.46
14/01/2025 10:51 a. m.,Ordeño,07:00,27.93,1,,,,,0,,1.68,1.62,1.86,1.68,0,0,0,0,5.41,5.36,5.19,0.00,VMS 1,,Tanque,,2.10,2.16,2.52,2.34,5.77,6.60,8.46,7.10
14/01/2025 05:50 p. m.,Ordeño,08:20,17.93,2,,DD,,DD,0,,1.50,0.36,1.98,1.62,0,0,0,0,5.27,1.68,5.00,0.00,VMS 1,,Tanque,,2.10,0.66,2.58,2.10,3.77,0.13,5.37,8.66
15/01/2025 12:05 p. m.,Ordeño,07:12,28.71,1,,,,,0,,1.68,1.62,2.22,1.86,0,0,0,0,5.55,5.61,5.32,0.00,VMS 1,,Tanque,,2.16,2.22,2.88,2.58,5.83,7.28,8.49,7.11
15/01/2025 04:13 p. m.,Ordeño,09:14,5.88,2,,,"TI,TD",,0,,0.96,0.96,1.08,0.42,0,0,0,0,5.07,5.07,5.00,0.00,VMS 1,,Tanque,,1.62,1.50,1.86,0.78,1.77,1.14,1.68,1.29
16/01/2025 12:08 a. m.,Ordeño,06:43,21.29,1,,,,,0,,1.38,1.44,1.80,1.56,0,0,0,0,4.88,5.45,5.46,0.00,VMS 1,,Tanque,,1.92,1.86,2.28,2.10,4.36,4.60,6.29,6.04
16/01/2025 08:15 a. m.,Ordeño,06:12,19.12,2,,,,,0,,1.50,1.50,1.86,1.50,0,0,0,0,5.76,5.80,5.46,0.00,VMS 1,,Tanque,,1.92,1.92,2.34,2.04,3.89,4.14,5.84,5.25
16/01/2025 03:05 p. m.,Ordeño,06:24,18.11,3,,,,,0,,1.38,1.50,1.92,1.62,0,0,0,0,4.61,5.65,5.56,0.00,VMS 1,,Tanque,,1.80,1.98,2.40,2.16,3.68,3.98,5.50,4.95
16/01/2025 10:50 p. m.,Ordeño,05:52,20.01,4,,,,,0,,1.50,1.38,2.04,1.74,0,0,0,0,5.28,5.31,5.14,0.00,VMS 1,,Tanque,,1.92,1.80,2.64,2.16,3.94,4.58,5.77,5.72
17/01/2025 05:38 a. m.,Ordeño,05:49,19.68,1,,,,,0,,1.50,1.50,1.92,1.68,0,0,0,0,5.60,5.71,5.60,0.00,VMS 1,,Tanque,,1.92,1.86,2.34,2.46,3.97,4.42,6.00,5.29
17/01/2025 11:24 a. m.,Ordeño,04:56,15.79,2,,,,,0,,1.26,1.50,1.74,1.62,0,0,0,0,5.03,5.55,5.34,0.00,VMS 1,,Tanque,,1.74,1.92,2.40,2.28,3.25,3.64,4.40,4.50
17/01/2025 05:37 p. m.,Ordeño,05:30,15.97,3,,,,,0,,1.50,1.50,1.86,1.56,0,0,0,0,5.77,5.88,5.86,0.00,VMS 1,,Tanque,,1.86,1.92,2.40,2.16,3.31,3.68,4.46,4.52
18/01/2025 01:15 a. m.,Ordeño,05:48,19.41,1,,,,,0,,1.50,1.62,1.92,1.80,0,0,0,0,5.69,5.73,5.49,0.00,VMS 1,,Tanque,,1.86,2.16,2.46,2.34,4.01,4.32,6.05,5.03
18/01/2025 08:27 a. m.,Ordeño,05:09,18.23,2,,,,,0,,1.56,1.62,1.92,1.74,0,0,0,0,5.55,5.82,5.50,0.00,VMS 1,,Tanque,,1.92,2.04,2.64,2.34,3.86,3.79,5.57,5.01
18/01/2025 02:37 p. m.,Ordeño,05:07,16.98,3,,,,,0,,1.50,1.62,1.80,1.74,0,0,0,0,5.50,5.67,5.74,0.00,VMS 1,,Tanque,,1.98,1.98,2.22,2.10,3.54,3.70,5.09,4.65
18/01/2025 11:01 p. m.,Ordeño,05:57,21.28,4,,,,,0,,1.50,1.62,1.86,1.68,0,0,0,0,5.66,5.77,5.73,0.00,VMS 1,,Tanque,,1.86,2.28,2.28,2.22,4.28,4.98,6.57,5.45
19/01/2025 08:45 a. m.,Ordeño,06:25,24.83,1,,,,,0,,1.56,1.74,1.98,1.74,0,0,0,0,5.42,5.65,5.31,0.00,VMS 1,,Tanque,,1.92,2.22,2.64,2.34,4.92,5.62,7.34,6.95
19/01/2025 02:16 p. m.,Ordeño,05:15,13.53,2,,,,,0,,1.32,1.50,1.86,1.44,0,0,0,0,5.09,5.07,4.73,0.00,VMS 1,,Tanque,,1.92,1.92,2.34,2.04,2.84,2.87,4.11,3.71
19/01/2025 07:23 p. m.,Ordeño,04:32,12.14,3,,,,,0,,1.32,1.38,1.74,1.56,0,0,0,0,5.07,5.34,5.04,0.00,VMS 1,,Tanque,,1.62,1.92,2.16,1.98,2.42,2.39,3.64,3.69
20/01/2025 02:06 a. m.,Ordeño,06:19,16.90,1,,,,,0,,1.38,1.50,1.86,1.56,0,0,0,0,5.35,5.36,5.18,0.00,VMS 1,,Tanque,,1.80,1.86,2.34,2.04,3.62,3.76,4.99,4.53
20/01/2025 08:30 a. m.,Ordeño,06:19,17.81,2,,,,,0,,1.44,1.56,1.74,1.56,0,0,0,0,5.61,5.64,5.52,0.00,VMS 1,,Tanque,,1.80,1.98,2.34,1.98,3.85,3.96,5.19,4.81
20/01/2025 06:46 p. m.,Ordeño,06:31,25.17,3,,,,,0,,1.50,1.56,1.98,1.74,0,0,0,0,5.48,5.50,5.39,0.00,VMS 1,,Tanque,,1.92,1.92,2.46,2.34,4.83,5.85,7.26,7.23
21/01/2025 01:41 a. m.,Ordeño,06:20,17.44,1,,,,,0,,1.44,1.56,1.68,1.44,0,0,0,0,5.24,5.34,5.31,0.00,VMS 1,,Tanque,,1.92,1.98,2.16,2.10,3.60,3.74,5.11,4.99
21/01/2025 10:06 a. m.,Ordeño,07:01,22.06,2,,,,,0,,1.50,1.50,1.86,1.62,0,0,0,0,5.52,5.46,5.37,0.00,VMS 1,,Tanque,,1.86,1.98,2.52,2.16,4.08,5.03,6.49,6.46
21/01/2025 11:19 p. m.,Ordeño,07:35,29.01,3,,,,,0,,1.50,1.56,2.22,1.80,0,0,0,0,5.42,5.39,5.34,0.00,VMS 1,,Tanque,,1.92,1.92,2.76,2.34,6.08,6.05,9.45,7.43
22/01/2025 10:21 a. m.,Ordeño,06:52,26.38,1,,,,,0,,1.62,1.56,2.10,1.62,0,0,0,0,5.40,5.35,5.22,0.00,VMS 1,,Tanque,,2.10,2.10,2.70,2.16,5.84,5.32,8.30,6.92
22/01/2025 04:05 p. m.,Ordeño,06:41,14.21,2,,,,,0,,1.44,1.44,1.86,1.26,0,0,0,0,5.27,5.41,5.08,0.00,VMS 1,,Tanque,,1.86,1.98,2.40,2.22,2.74,3.27,4.03,4.17
22/01/2025 10:36 p. m.,Ordeño,07:24,16.76,3,,,,,0,,1.44,1.44,1.80,1.50,0,0,0,0,5.24,5.29,5.28,0.00,VMS 1,,Tanque,,1.80,1.92,2.28,2.04,3.60,3.48,4.95,4.73
23/01/2025 06:58 a. m.,Ordeño,07:16,21.90,1,,,,,0,,1.50,1.50,1.92,1.62,0,0,0,0,5.25,5.43,5.39,0.00,VMS 1,,Tanque,,1.86,1.86,2.52,2.04,4.70,4.86,6.19,6.15
23/01/2025 03:18 p. m.,Ordeño,11:00,20.64,2,,,,,0,,1.38,1.56,1.80,1.62,0,0,0,0,5.44,5.53,5.63,0.00,VMS 1,,Tanque,,1.86,2.10,2.34,2.10,4.45,4.66,6.24,5.29
24/01/2025 02:27 a. m.,Ordeño,06:39,27.03,1,,,,,0,,1.44,1.50,1.98,1.68,0,0,0,0,5.25,5.25,5.18,0.00,VMS 1,,Tanque,,1.80,1.92,2.58,2.22,5.65,6.01,8.09,7.28
24/01/2025 11:43 a. m.,Ordeño,07:38,23.08,2,,,,,0,,1.50,1.68,1.98,1.74,0,0,0,0,5.13,5.12,5.01,0.00,VMS 1,,Tanque,,1.86,2.10,2.58,2.28,4.28,5.42,6.89,6.49
24/01/2025 07:41 p. m.,Ordeño,06:22,20.52,3,,,,,0,,1.50,1.68,1.98,1.74,0,0,0,0,5.26,5.33,5.17,0.00,VMS 1,,Tanque,,1.86,2.16,2.64,2.22,4.03,4.71,5.97,5.81
25/01/2025 12:32 a. m.,Ordeño,05:29,12.50,1,,,,,0,,1.20,1.44,1.56,1.38,0,0,0,0,5.25,5.42,5.42,0.00,VMS 1,,Tanque,,1.62,2.16,2.10,1.98,2.71,2.71,3.58,3.50
25/01/2025 06:06 a. m.,Ordeño,05:38,15.61,2,,,,,0,,1.56,1.62,1.80,1.56,0,0,0,0,5.53,5.62,5.53,0.00,VMS 1,,Tanque,,2.04,2.10,2.22,2.28,3.31,3.39,4.65,4.26
25/01/2025 12:04 p. m.,Ordeño,05:31,13.90,3,,,,,0,,1.44,1.62,1.92,1.56,0,0,0,0,5.23,5.28,4.63,0.00,VMS 1,,Tanque,,1.86,2.10,2.46,2.22,2.60,3.16,4.12,4.02
25/01/2025 10:27 p. m.,Ordeño,06:35,24.83,4,,,,,0,,1.44,1.56,1.98,1.68,0,0,0,0,4.97,5.08,4.62,0.00,VMS 1,,Tanque,,1.86,1.98,2.58,2.16,5.28,5.78,7.22,6.55
26/01/2025 01:28 p. m.,Ordeño,07:18,31.22,1,,,,,0,,1.62,1.74,2.04,1.68,0,0,0,0,5.32,5.40,5.16,0.00,VMS 1,,Tanque,,2.10,2.34,2.76,2.22,6.72,7.31,9.53,7.66
26/01/2025 06:01 p. m.,Ordeño,06:01,12.08,2,,,,,0,,1.02,1.08,1.20,1.02,0,0,0,0,4.97,4.81,5.03,0.00,VMS 1,,Tanque,,1.62,1.80,1.98,1.80,2.50,2.69,3.43,3.46
26/01/2025 11:46 p. m.,Ordeño,05:32,14.53,3,,,,,0,,1.38,1.50,1.86,1.44,0,0,0,0,5.24,5.25,5.05,0.00,VMS 1,,Tanque,,1.74,1.86,2.34,1.98,3.03,3.18,4.14,4.18
27/01/2025 12:08 p. m.,Ordeño,06:58,29.34,1,,,,,0,,1.68,1.68,1.92,1.80,0,0,0,0,5.27,5.39,5.28,0.00,VMS 1,,Tanque,,2.22,2.16,2.46,2.40,5.59,7.42,8.58,7.75
27/01/2025 11:05 p. m.,Ordeño,06:37,24.61,2,,,,,0,,1.68,1.56,1.92,1.74,0,0,0,0,5.37,5.40,5.25,0.00,VMS 1,,Tanque,,2.10,1.98,2.46,2.28,4.44,5.65,6.86,7.66
28/01/2025 06:12 a. m.,Ordeño,05:47,18.21,1,,,,,0,,1.44,1.44,1.86,1.56,0,0,0,0,5.02,4.71,5.14,0.00,VMS 1,,Tanque,,1.80,1.86,2.28,2.04,3.61,4.01,5.65,4.94
28/01/2025 03:23 p. m.,Ordeño,06:16,23.88,2,,,,,0,,1.56,1.56,1.92,1.62,0,0,0,0,5.37,5.41,5.16,0.00,VMS 1,,Tanque,,1.98,1.98,2.52,2.16,5.17,5.25,6.91,6.55
28/01/2025 11:19 p. m.,Ordeño,06:15,20.49,3,,,,,0,,1.56,1.62,1.74,1.56,0,0,0,0,5.48,5.54,5.46,0.00,VMS 1,,Tanque,,1.98,2.04,2.28,2.04,4.12,4.65,6.17,5.55
29/01/2025 07:29 a. m.,Ordeño,06:46,21.39,1,,,,,0,,1.56,1.56,1.86,1.56,0,0,0,0,5.34,5.42,5.39,0.00,VMS 1,,Tanque,,1.98,2.04,2.76,2.16,4.38,4.69,6.47,5.85
29/01/2025 12:23 p. m.,Ordeño,08:45,9.94,2,,,,,0,,0.96,0.84,1.20,0.54,0,0,0,0,5.54,5.56,5.46,0.00,VMS 1,,Tanque,,1.56,1.62,2.10,1.44,2.17,2.30,3.31,2.16
29/01/2025 11:00 p. m.,Ordeño,06:44,25.56,3,,,,,0,,1.50,1.56,1.92,1.80,0,0,0,0,5.60,5.74,5.68,0.00,VMS 1,,Tanque,,1.98,2.10,2.46,2.40,4.39,5.57,8.37,7.23
30/01/2025 07:59 a. m.,Ordeño,06:06,21.99,1,,,,,0,,1.68,1.56,1.92,1.68,0,0,0,0,5.49,5.37,5.29,0.00,VMS 1,,Tanque,,2.22,1.98,2.52,2.22,4.76,4.57,6.87,5.79
30/01/2025 02:31 p. m.,Ordeño,05:03,13.91,2,,,,,0,,1.62,1.50,1.80,1.50,0,0,0,0,5.37,5.37,5.08,0.00,VMS 1,,Tanque,,2.04,1.98,2.34,2.10,2.88,3.29,4.13,3.61
30/01/2025 11:17 p. m.,Ordeño,05:57,21.80,3,,,,,0,,1.62,1.50,1.92,1.56,0,0,0,0,5.17,5.24,5.20,0.00,VMS 1,,Tanque,,2.10,1.98,2.34,1.98,4.41,4.68,6.85,5.86
31/01/2025 07:29 a. m.,Ordeño,06:20,23.16,1,,,,,0,,1.62,1.50,2.10,1.80,0,0,0,0,5.43,5.45,5.34,0.00,VMS 1,,Tanque,,2.16,1.92,2.58,2.22,4.27,5.57,6.74,6.58
31/01/2025 11:24 a. m.,Ordeño,04:32,10.80,2,,,,,0,,1.44,1.56,1.80,1.50,0,0,0,0,5.29,5.31,5.14,0.00,VMS 1,,Tanque,,1.80,2.04,2.28,2.10,2.24,2.56,3.00,3.00
31/01/2025 05:27 p. m.,Ordeño,04:56,16.31,3,,,,,0,,1.50,1.56,1.98,1.62,0,0,0,0,4.95,5.06,5.00,0.00,VMS 1,,Tanque,,1.98,2.04,2.58,2.04,2.99,3.77,5.02,4.53
31/01/2025 11:29 p. m.,Ordeño,06:28,12.64,4,,,,,0,,1.44,1.44,1.80,1.38,0,0,0,0,4.90,4.85,4.92,0.00,VMS 1,,Tanque,,1.86,1.92,2.16,2.10,2.34,2.77,3.68,3.85
01/02/2025 11:00 a. m.,Ordeño,06:14,25.26,1,,,,,0,,1.62,1.62,2.22,1.86,0,0,0,0,4.94,4.94,4.93,0.00,VMS 1,,Tanque,,2.04,2.28,2.88,2.34,6.00,4.94,7.91,6.41
01/02/2025 06:07 p. m.,Ordeño,04:42,14.76,2,,,,,0,,1.50,1.56,1.98,1.62,0,0,0,0,4.94,5.03,4.77,0.00,VMS 1,,Tanque,,2.04,2.10,2.46,2.10,3.01,3.56,4.35,3.84
01/02/2025 11:44 p. m.,Ordeño,04:22,12.68,3,,,,,0,,1.38,1.44,1.98,1.62,0,0,0,0,4.86,5.02,4.79,0.00,VMS 1,,Tanque,,1.74,1.92,2.64,2.10,2.55,2.72,3.87,3.54
02/02/2025 06:31 a. m.,Ordeño,05:36,15.37,1,,,,,0,,1.26,1.56,1.98,1.80,0,0,0,0,4.98,5.15,4.95,0.00,VMS 1,,Tanque,,1.62,1.98,2.70,2.28,3.37,3.19,4.57,4.24
02/02/2025 03:53 p. m.,Ordeño,05:26,20.62,2,,,,,0,,1.50,1.56,1.98,1.80,0,0,0,0,5.17,5.23,5.21,0.00,VMS 1,,Tanque,,1.98,2.04,2.40,2.28,4.26,4.52,5.89,5.95
03/02/2025 02:12 a. m.,Ordeño,06:14,25.31,1,,,,,0,,1.62,1.56,1.92,1.74,0,0,0,0,5.13,5.15,5.13,0.00,VMS 1,,Tanque,,1.98,1.98,2.46,2.34,5.25,5.82,7.27,6.97
03/02/2025 08:36 a. m.,Ordeño,04:48,15.35,2,,,,,0,,1.44,1.56,1.98,1.68,0,0,0,0,4.78,4.81,4.68,0.00,VMS 1,,Tanque,,1.92,2.04,2.40,2.16,3.16,3.50,4.76,3.93
03/02/2025 02:54 p. m.,Ordeño,05:17,14.95,3,,,,,0,,1.44,1.44,1.86,1.62,0,0,0,0,5.06,5.02,5.00,0.00,VMS 1,,Tanque,,1.86,1.92,2.40,2.10,2.83,3.41,4.29,4.42
03/02/2025 11:25 p. m.,Ordeño,05:55,20.82,4,,,,,0,,1.44,1.44,1.86,1.68,0,0,0,0,5.06,5.22,5.12,0.00,VMS 1,,Tanque,,1.80,1.74,2.40,2.16,3.96,4.75,6.10,6.01
04/02/2025 06:17 a. m.,Ordeño,06:42,21.84,1,,,,,0,,1.32,1.44,1.86,1.68,0,0,0,0,5.67,5.74,5.54,0.00,VMS 1,,Tanque,,1.74,1.80,2.40,2.10,4.70,4.93,6.26,5.95
04/02/2025 05:38 p. m.,Ordeño,07:56,30.18,2,,,,,0,,1.44,1.44,2.04,1.74,318,0,0,0,5.48,5.34,5.27,0.00,VMS 1,,Tanque,,1.80,2.04,2.58,2.16,5.87,7.32,8.80,8.19
05/02/2025 03:06 a. m.,Ordeño,06:13,24.22,1,,,,,0,,1.44,1.50,2.04,1.80,0,0,0,0,5.28,5.26,5.07,0.00,VMS 1,,Tanque,,1.80,2.04,2.40,2.40,5.25,5.37,7.13,6.47
05/02/2025 10:51 a. m.,Ordeño,07:01,21.80,2,,,,,0,,1.68,1.44,1.86,1.68,0,0,0,0,5.34,5.13,5.28,0.00,VMS 1,,Tanque,,2.10,2.22,2.34,2.22,4.31,5.03,6.17,6.29
05/02/2025 04:14 p. m.,Ordeño,05:20,15.12,3,,,,,0,,1.44,1.38,1.92,1.68,0,0,0,0,5.60,5.60,5.55,0.00,VMS 1,,Tanque,,1.86,1.80,2.58,2.46,2.89,3.53,4.50,4.20
06/02/2025 01:04 a. m.,Ordeño,06:09,21.99,1,,,,,0,,1.62,1.50,1.80,1.68,0,0,0,0,5.59,5.80,5.82,0.00,VMS 1,,Tanque,,2.10,2.10,2.40,2.16,4.52,5.02,6.56,5.89
06/02/2025 11:18 a. m.,Ordeño,06:14,25.83,2,,,,,0,,1.62,1.50,2.10,1.68,0,0,0,0,5.45,5.45,5.32,0.00,VMS 1,,Tanque,,2.10,1.92,2.64,2.16,5.47,5.69,7.93,6.74
06/02/2025 06:44 p. m.,Ordeño,05:44,19.60,3,,,,,0,,1.62,1.44,2.16,1.68,0,0,0,0,5.33,5.32,5.23,0.00,VMS 1,,Tanque,,2.04,1.92,2.70,2.10,3.63,4.68,5.44,5.85
07/02/2025 01:58 a. m.,Ordeño,05:28,17.70,1,,,,,0,,1.50,1.38,1.98,1.74,0,0,0,0,5.19,5.19,5.16,0.00,VMS 1,,Tanque,,1.92,1.98,2.46,2.28,3.68,4.09,5.32,4.61
07/02/2025 08:56 a. m.,Ordeño,05:10,16.54,2,,,,,0,,1.44,1.50,1.98,1.68,0,0,0,0,5.19,5.12,4.96,0.00,VMS 1,,Tanque,,1.86,1.98,2.70,2.16,3.30,3.59,5.09,4.56
07/02/2025 05:16 p. m.,Ordeño,05:39,19.33,3,,,,,0,,1.50,1.44,1.98,1.56,0,0,0,0,5.62,5.45,5.27,0.00,VMS 1,,Tanque,,1.86,1.98,2.46,1.98,3.74,4.41,5.75,5.43
08/02/2025 03:46 a. m.,Ordeño,07:33,23.89,1,,,,,0,,1.50,1.38,1.98,1.50,0,0,0,0,5.42,5.25,5.34,0.00,VMS 1,,Tanque,,1.92,1.98,2.46,2.04,4.95,4.71,7.41,6.82
08/02/2025 02:29 p. m.,Ordeño,06:18,25.14,2,,,,,0,,1.56,1.50,1.98,1.74,0,0,0,0,5.34,5.33,5.14,0.00,VMS 1,,Tanque,,2.04,1.86,2.52,2.28,5.34,5.60,7.30,6.90
08/02/2025 11:52 p. m.,Ordeño,05:47,21.66,3,,,,,0,,1.38,1.44,1.86,1.68,0,0,0,0,5.35,5.47,5.26,0.00,VMS 1,,Tanque,,1.80,1.86,2.34,2.16,4.49,4.82,6.29,6.06
09/02/2025 10:55 a. m.,Ordeño,06:07,22.68,1,,,,,0,,1.56,1.50,1.98,1.92,0,0,0,0,5.54,5.55,5.32,0.00,VMS 1,,Tanque,,1.98,2.04,2.82,2.52,5.38,4.28,6.92,6.10
09/02/2025 09:07 p. m.,Ordeño,07:10,20.98,2,,,,,0,,1.50,1.50,1.74,1.74,0,0,0,0,5.16,5.19,4.92,0.00,VMS 1,,Tanque,,1.92,1.92,2.46,2.22,3.58,4.89,6.72,5.79
10/02/2025 06:35 a. m.,Ordeño,06:51,17.90,1,,,,,0,,1.44,1.38,1.80,1.56,0,0,0,0,5.25,4.76,5.19,0.00,VMS 1,,Tanque,,1.74,2.04,2.34,2.34,3.92,3.88,5.32,4.78
10/02/2025 12:10 p. m.,Ordeño,05:39,12.07,2,,,,,0,,1.08,0.96,1.14,1.08,0,0,0,0,4.73,4.80,4.83,4.94,VMS 3,,Tanque,,1.68,1.62,1.74,1.86,2.60,2.61,3.47,3.39
10/02/2025 03:49 p. m.,Ordeño,04:46,7.93,3,,,,,0,"DI,TD",1.32,1.20,1.20,1.14,0,0,0,0,5.43,4.49,4.56,5.63,VMS 3,,Tanque,,1.68,1.62,1.80,1.86,1.55,1.67,2.11,2.60
10/02/2025 11:02 p. m.,Ordeño,06:30,17.20,4,,,,,0,,1.44,1.44,1.50,1.50,0,0,0,0,5.15,5.04,4.94,4.97,VMS 3,,Tanque,,1.80,1.92,2.10,2.28,3.77,3.48,4.98,4.97
11/02/2025 10:15 a. m.,Ordeño,06:29,28.51,1,,,,,0,,1.56,1.74,2.04,1.92,0,0,0,0,5.27,5.21,4.91,5.24,VMS 3,,Tanque,,2.16,2.28,2.58,2.82,6.00,6.78,7.76,7.97
11/02/2025 10:27 p. m.,Ordeño,07:36,26.96,2,,,,,0,,1.50,1.50,1.98,1.92,0,0,0,0,4.93,4.84,4.69,4.91,VMS 3,,Tanque,,1.92,1.92,2.64,2.46,5.68,6.11,7.62,7.55
12/02/2025 03:38 a. m.,Ordeño,05:52,13.81,1,,,,,0,,1.26,1.14,1.26,1.44,0,0,0,0,5.17,5.01,5.03,5.16,VMS 3,,Tanque,,1.68,1.74,2.04,2.40,2.98,3.03,3.85,3.95
12/02/2025 11:18 a. m.,Ordeño,05:15,15.49,2,,,,,0,,1.50,1.44,1.80,1.62,0,0,0,0,5.91,5.49,5.19,5.59,VMS 3,,Tanque,,2.04,1.92,2.58,2.28,3.59,3.80,4.28,3.82
12/02/2025 09:55 p. m.,Ordeño,06:41,27.69,3,,,,,0,,1.68,1.56,2.04,2.04,0,0,0,0,5.39,5.22,5.06,5.03,VMS 3,,Tanque,,2.16,1.92,2.76,2.82,6.25,6.39,7.75,7.30
13/02/2025 08:39 a. m.,Ordeño,06:33,27.45,1,,,,,0,,1.74,1.74,1.92,2.16,0,0,0,0,5.34,5.12,5.03,4.94,VMS 3,,Tanque,,2.16,2.16,2.46,2.82,5.81,6.52,7.93,7.19
13/02/2025 04:44 p. m.,Ordeño,05:35,22.09,2,,,,,0,,1.62,1.62,1.98,2.04,0,0,0,0,5.13,5.06,4.96,4.82,VMS 3,,Tanque,,2.10,2.04,2.40,2.64,4.78,5.13,5.82,6.36
14/02/2025 09:13 a. m.,Ordeño,06:49,32.12,1,,,,,0,,1.74,1.74,2.10,2.16,0,0,0,0,4.88,4.80,4.67,4.54,VMS 3,,Tanque,,2.22,2.16,2.70,2.70,7.30,7.53,9.03,8.26
14/02/2025 07:01 p. m.,Ordeño,06:29,24.18,2,,,,,0,,1.56,1.56,2.04,2.04,0,0,0,0,4.99,4.86,4.85,4.72,VMS 3,,Tanque,,1.92,2.04,2.58,2.82,5.58,5.27,6.47,6.86
14/02/2025 11:25 p. m.,Ordeño,04:40,12.45,3,,,,,0,,1.50,1.44,1.86,1.86,0,0,0,0,4.79,4.80,4.63,4.74,VMS 3,,Tanque,,1.86,1.92,2.40,2.52,2.97,2.77,3.33,3.38
15/02/2025 01:36 p. m.,Ordeño,07:34,33.17,1,,,,,0,,1.68,1.62,1.92,1.86,0,0,0,0,5.22,5.00,4.94,5.20,VMS 3,,Tanque,,2.16,2.10,2.58,2.34,7.30,7.83,9.14,8.90
15/02/2025 11:19 p. m.,Ordeño,06:51,28.22,2,,,,,0,,1.50,1.56,1.92,1.86,0,0,0,0,5.06,4.94,4.85,4.91,VMS 3,,Tanque,,2.16,1.98,2.46,2.40,6.31,6.22,7.81,7.88
16/02/2025 10:10 a. m.,Ordeño,06:38,27.55,1,,,,,0,,1.62,1.62,1.86,1.92,0,0,0,0,5.22,5.01,5.08,5.06,VMS 3,,Tanque,,2.10,2.10,2.28,2.52,5.23,6.48,8.01,7.83
16/02/2025 06:19 p. m.,Ordeño,05:31,20.72,2,,,,,0,,1.56,1.56,1.86,1.86,0,0,0,0,5.02,4.83,4.87,4.77,VMS 3,,Tanque,,2.10,1.98,2.28,2.46,4.41,4.81,5.41,6.09
17/02/2025 05:52 a. m.,Ordeño,07:16,28.32,1,,,,,0,"DI,TD",1.56,1.68,1.62,1.74,0,0,0,0,5.23,4.36,4.69,5.76,VMS 3,,Tanque,,1.98,2.22,2.46,2.10,6.00,6.67,7.61,8.04
17/02/2025 03:25 p. m.,Ordeño,06:26,24.09,2,,,,,0,,1.56,1.62,1.80,2.10,0,0,0,0,5.13,4.93,4.86,4.84,VMS 3,,Tanque,,2.16,2.10,2.34,2.82,5.39,4.82,7.41,6.47
18/02/2025 01:02 a. m.,Ordeño,05:57,22.88,1,,,,,0,,1.56,1.56,1.92,2.04,0,0,0,0,5.08,4.89,4.71,4.82,VMS 3,,Tanque,,1.98,1.98,2.64,2.64,5.37,4.54,6.80,6.17
18/02/2025 05:19 a. m.,Ordeño,07:23,6.42,2,,,TD,,0,,0.54,0.48,0.78,0.42,0,0,0,0,4.94,5.23,5.20,4.32,VMS 3,,Tanque,,1.14,1.02,1.38,1.26,1.89,1.76,2.35,0.42
18/02/2025 08:11 a. m.,Ordeño,04:44,10.44,3,,,,,0,,1.38,1.02,1.56,1.86,0,0,0,0,5.19,5.04,5.06,5.28,VMS 3,,Tanque,,2.16,1.80,2.28,2.70,2.09,1.56,2.53,4.26
18/02/2025 11:56 a. m.,Ordeño,04:20,10.30,4,,,,,0,,1.26,1.56,1.56,1.68,0,0,0,0,4.97,4.90,4.85,4.78,VMS 3,,Tanque,,1.68,2.10,2.10,2.28,2.36,2.31,2.62,3.01
18/02/2025 07:52 p. m.,Ordeño,05:24,19.16,5,,,,,0,,1.56,1.56,1.92,2.04,0,0,0,0,5.05,4.90,4.77,4.77,VMS 3,,Tanque,,1.98,2.04,2.34,2.46,4.08,4.25,5.33,5.50
19/02/2025 02:26 a. m.,Ordeño,05:52,18.34,1,,,,,0,,1.44,1.38,1.68,1.68,0,0,0,0,5.11,4.97,4.85,5.03,VMS 3,,Tanque,,1.92,1.80,2.10,2.22,3.82,4.20,5.08,5.24
19/02/2025 10:32 a. m.,Ordeño,05:50,23.11,2,,,,,0,,1.56,1.56,1.86,1.92,0,0,0,0,5.12,5.04,4.87,4.93,VMS 3,,Tanque,,2.28,2.04,2.34,2.52,4.68,5.22,6.54,6.67
19/02/2025 09:00 p. m.,Ordeño,07:04,24.97,3,,,,,0,,1.50,1.44,1.62,1.50,0,0,0,0,4.86,4.77,4.79,4.88,VMS 3,,Tanque,,2.04,1.80,2.10,1.98,5.37,5.38,7.06,7.16
20/02/2025 09:35 a. m.,Ordeño,07:45,32.49,1,,,,,0,,1.44,1.56,1.92,2.10,0,0,0,0,5.33,5.08,5.05,5.04,VMS 3,,Tanque,,1.80,1.98,2.40,2.88,5.97,8.09,8.90,9.53
20/02/2025 03:52 p. m.,Ordeño,05:35,16.72,2,,,,,0,,1.56,1.50,1.80,1.44,0,0,0,0,5.07,4.94,4.65,4.83,VMS 3,,Tanque,,1.98,1.98,2.34,2.04,3.43,3.94,4.64,4.71
20/02/2025 09:36 p. m.,Ordeño,05:11,15.43,3,,,,,0,,1.32,1.50,1.68,1.68,0,0,0,0,5.06,4.93,4.84,4.87,VMS 3,,Tanque,,1.74,2.04,2.16,2.16,3.42,3.37,4.34,4.30
21/02/2025 10:02 a. m.,Ordeño,07:51,30.95,1,,,,,0,,1.62,1.68,1.62,1.92,0,0,0,0,5.27,5.13,5.11,5.39,VMS 3,,Tanque,,2.10,2.16,2.28,2.40,5.38,7.88,8.47,9.22
21/02/2025 05:17 p. m.,Ordeño,05:41,18.79,2,,,,,0,,1.56,1.38,1.74,1.74,0,0,0,0,5.15,4.88,4.72,4.89,VMS 3,,Tanque,,2.04,1.80,2.34,2.28,4.28,4.06,5.14,5.31
22/02/2025 03:32 a. m.,Ordeño,07:06,27.60,1,,,,,0,,1.44,1.32,1.74,1.74,0,0,0,0,5.02,4.88,4.85,5.09,VMS 3,,Tanque,,1.92,1.74,2.52,2.16,5.99,5.88,7.84,7.89
22/02/2025 01:55 p. m.,Ordeño,07:04,29.54,2,,,,,0,,1.68,1.50,1.86,1.92,0,0,0,0,5.73,5.35,5.36,5.46,VMS 3,,Tanque,,2.22,2.10,2.40,2.58,6.54,7.00,7.86,8.14
23/02/2025 01:24 a. m.,Ordeño,07:55,29.65,1,,,,,0,,1.50,1.62,1.62,1.74,0,0,0,0,5.49,5.31,5.29,5.36,VMS 3,,Tanque,,2.10,2.16,2.10,2.16,5.42,6.64,9.02,8.57
23/02/2025 01:55 p. m.,Ordeño,07:52,32.00,2,,,,,0,,1.44,1.50,1.86,1.68,0,0,0,0,5.36,4.93,5.00,5.27,VMS 3,,Tanque,,2.04,2.10,2.34,2.40,7.58,5.67,9.54,9.21
23/02/2025 07:20 p. m.,Ordeño,04:54,14.07,3,,,,,0,,1.44,1.50,1.68,1.62,0,0,0,0,4.90,4.79,4.76,4.70,VMS 3,,Tanque,,1.92,1.92,2.04,2.34,3.16,3.22,3.91,3.78
24/02/2025 10:01 a. m.,Ordeño,07:13,31.77,1,,,,,0,,1.50,1.68,1.92,1.98,0,0,0,0,5.54,5.33,5.29,5.42,VMS 3,,Tanque,,1.98,2.16,2.40,2.64,6.20,7.59,9.10,8.88
24/02/2025 09:47 p. m.,Ordeño,08:26,32.96,2,,,,,0,,1.50,1.68,1.80,1.86,0,0,0,0,5.53,5.23,5.25,5.36,VMS 3,,Tanque,,2.10,2.22,2.28,2.40,7.30,7.44,9.65,8.57
25/02/2025 10:15 a. m.,Ordeño,09:29,31.73,1,,DI,,,0,,1.56,1.56,1.62,1.80,0,0,0,0,5.46,5.23,5.28,5.34,VMS 3,,Tanque,,2.22,2.04,2.04,2.34,6.57,6.39,9.59,9.18
25/02/2025 04:34 p. m.,Ordeño,05:11,15.25,2,,,,,0,,1.50,1.56,1.74,1.68,0,0,0,0,5.34,5.22,5.03,5.05,VMS 3,,Tanque,,1.98,2.10,2.16,2.16,4.05,3.08,4.21,3.91
26/02/2025 01:01 a. m.,Ordeño,06:22,24.40,1,,,,,0,,1.44,1.62,1.86,1.68,0,0,0,0,5.32,5.16,5.01,5.34,VMS 3,,Tanque,,1.92,2.22,2.28,2.10,4.61,5.54,7.11,7.14
26/02/2025 04:27 p. m.,Ordeño,07:08,29.50,2,,DI,,,0,,1.62,1.62,1.98,2.04,0,0,0,0,5.40,5.08,5.23,5.19,VMS 3,,Tanque,,2.40,2.04,2.64,2.76,6.17,6.00,9.34,7.99
26/02/2025 10:04 p. m.,Ordeño,04:40,12.14,3,,,,,0,,1.56,1.44,1.92,1.68,0,0,0,0,4.71,4.82,4.64,4.80,VMS 3,,Tanque,,1.98,1.80,2.34,2.28,3.41,2.61,3.00,3.12
27/02/2025 08:56 a. m.,Ordeño,06:36,26.53,1,,,,,0,,1.56,1.68,1.86,1.86,0,0,0,0,5.31,5.22,5.12,5.25,VMS 3,,Tanque,,2.04,2.28,2.46,2.52,5.70,5.87,7.76,7.20
27/02/2025 04:05 p. m.,Ordeño,05:22,19.13,2,,,,,0,,1.50,1.68,1.86,1.92,0,0,0,0,5.30,5.15,5.13,5.20,VMS 3,,Tanque,,1.92,2.10,2.34,2.40,4.09,3.97,5.67,5.40
27/02/2025 11:55 p. m.,Ordeño,05:48,20.18,1,,,,,0,,1.38,1.50,1.92,1.56,0,0,0,0,5.18,4.96,4.85,5.18,VMS 3,,Tanque,,1.74,1.86,2.46,1.98,4.15,4.49,5.66,5.88
28/02/2025 08:22 a. m.,Ordeño,06:29,24.70,2,,,,,0,,1.56,1.56,1.86,1.68,0,0,0,0,5.33,5.15,5.02,5.33,VMS 3,,Tanque,,2.04,2.04,2.46,2.16,5.09,5.31,7.46,6.84
28/02/2025 06:41 p. m.,Ordeño,07:45,28.33,3,,,,,0,,1.50,1.62,1.86,1.74,0,0,0,0,5.40,5.22,5.19,5.42,VMS 3,,Tanque,,2.04,2.10,2.40,2.40,6.19,5.92,8.06,8.16
01/03/2025 03:47 a. m.,Ordeño,06:46,26.79,1,,,,,0,,1.38,1.50,1.92,1.62,0,0,0,0,5.31,5.16,5.00,5.36,VMS 3,,Tanque,,1.92,2.04,2.40,2.04,5.55,5.91,7.70,7.63
01/03/2025 04:33 p. m.,Ordeño,08:47,32.23,2,,,,,0,,1.62,1.56,1.92,1.68,0,0,0,0,5.37,5.22,5.10,5.48,VMS 3,,Tanque,,2.22,1.98,2.52,2.16,7.12,7.41,8.90,8.80
02/03/2025 07:42 a. m.,Ordeño,07:27,32.68,1,,,,,0,,1.68,1.68,2.16,2.16,0,0,0,0,5.04,5.04,4.83,4.93,VMS 3,,Tanque,,2.16,2.16,2.82,2.88,5.91,8.46,8.66,9.65
02/03/2025 01:35 p. m.,Ordeño,04:47,12.10,2,,,,,0,,1.44,1.38,1.56,1.56,0,0,0,0,5.32,5.04,5.22,5.14,VMS 3,,Tanque,,1.80,1.80,2.04,1.92,2.67,2.94,3.46,3.03
02/03/2025 10:01 p. m.,Ordeño,07:06,23.19,3,,,,,0,,1.50,1.44,1.74,1.56,0,0,0,0,5.51,5.37,5.08,5.35,VMS 3,,Tanque,,1.98,2.04,2.40,2.28,4.40,4.78,7.04,6.97
03/03/2025 09:07 a. m.,Ordeño,07:15,30.49,1,,,,,0,,1.74,1.68,1.92,1.80,0,0,0,0,5.52,5.22,5.05,5.25,VMS 3,,Tanque,,2.28,2.28,2.40,2.46,6.70,6.82,8.43,8.54
03/03/2025 06:29 p. m.,Ordeño,06:17,23.90,2,,,,,0,,1.62,1.50,1.86,1.80,0,0,0,0,5.44,5.21,5.13,5.39,VMS 3,,Tanque,,2.22,1.98,2.34,2.40,5.16,4.54,7.22,6.98
03/03/2025 11:11 p. m.,Ordeño,04:26,12.34,3,,,,,0,,1.56,1.44,1.80,1.80,0,0,0,0,4.96,4.96,4.55,4.70,VMS 3,,Tanque,,2.10,1.98,2.28,2.28,2.79,2.62,3.40,3.53
04/03/2025 09:54 a. m.,Ordeño,07:09,29.17,1,,,,,0,,1.68,1.50,2.04,1.86,0,0,0,0,5.28,5.16,4.99,5.14,VMS 3,,Tanque,,2.16,1.98,2.70,2.64,5.78,6.88,8.16,8.35
04/03/2025 06:49 p. m.,Ordeño,06:35,22.78,2,,,,,0,,1.50,1.38,1.92,1.68,0,0,0,0,4.69,4.68,4.46,4.66,VMS 3,,Tanque,,1.98,1.86,2.46,2.16,4.81,4.99,6.31,6.67
05/03/2025 09:01 a. m.,Ordeño,07:16,32.27,1,,,,,0,,1.62,1.62,2.04,1.74,0,0,0,0,5.02,4.80,4.71,4.90,VMS 3,,Tanque,,2.16,2.04,2.70,2.34,6.90,6.74,9.76,8.87
05/03/2025 07:28 p. m.,Ordeño,06:06,24.13,2,,,,,0,,1.68,1.50,1.92,1.86,0,0,0,0,4.89,4.72,4.52,4.56,VMS 3,,Tanque,,2.46,1.98,2.40,2.46,5.27,5.32,6.61,6.93
06/03/2025 06:12 a. m.,Ordeño,06:22,23.82,1,,,,,0,,1.50,1.38,1.92,1.68,0,0,0,0,4.77,4.70,4.61,4.74,VMS 3,,Tanque,,1.92,1.92,2.34,2.16,4.67,5.33,6.81,7.01
06/03/2025 05:37 p. m.,Ordeño,06:34,28.97,2,,,,,0,,1.62,1.68,1.98,1.92,0,0,0,0,5.24,4.97,5.02,4.94,VMS 3,,Tanque,,2.10,2.28,2.52,2.64,5.66,6.70,8.19,8.42
07/03/2025 12:33 a. m.,Ordeño,05:02,16.57,1,,,,,0,,1.50,1.50,1.80,1.74,0,0,0,0,4.91,4.79,4.75,4.66,VMS 3,,Tanque,,1.92,1.86,2.34,2.22,3.67,3.58,4.67,4.65
07/03/2025 07:41 a. m.,Ordeño,05:54,19.60,2,,,,,0,,1.50,1.44,1.74,1.80,0,0,0,0,5.02,4.86,4.87,4.82,VMS 3,,Tanque,,1.86,1.86,2.28,2.34,3.82,4.54,5.68,5.56
07/03/2025 04:06 p. m.,Ordeño,05:54,22.52,3,,,,,0,,1.56,1.50,1.92,1.86,0,0,0,0,5.49,5.20,5.08,5.20,VMS 3,,Tanque,,2.16,2.04,2.40,2.40,4.68,4.95,6.34,6.55
07/03/2025 08:50 p. m.,Ordeño,04:14,9.93,4,,,,,0,,1.44,1.44,1.56,1.50,0,0,0,0,4.89,4.73,4.81,4.87,VMS 3,,Tanque,,1.86,1.98,1.92,1.92,2.05,2.21,2.75,2.92
08/03/2025 05:18 a. m.,Ordeño,07:06,22.34,1,,,,,0,"DI,TD",1.44,1.62,1.92,1.80,0,0,0,0,5.70,4.62,4.62,5.63,VMS 3,,Tanque,,1.98,2.28,2.46,2.28,4.75,4.90,6.27,6.42
08/03/2025 03:09 p. m.,Ordeño,06:46,25.11,2,,,,,0,,1.50,1.50,1.86,1.68,0,0,0,0,5.36,5.06,5.21,5.28,VMS 3,,Tanque,,1.92,1.92,2.28,2.10,5.67,4.62,7.36,7.46
08/03/2025 09:07 p. m.,Ordeño,05:17,15.34,3,,,,,0,,1.38,1.44,1.74,1.56,0,0,0,0,5.01,4.87,4.95,4.81,VMS 3,,Tanque,,1.92,1.86,2.28,2.22,3.28,3.42,4.12,4.52
09/03/2025 07:29 a. m.,Ordeño,06:39,28.26,1,,,,,0,,1.62,1.80,1.80,1.86,0,0,0,0,5.74,5.50,5.53,5.41,VMS 3,,Tanque,,2.22,2.22,2.70,2.52,5.66,6.77,7.73,8.10
09/03/2025 02:53 p. m.,Ordeño,05:17,18.56,2,,,,,0,,1.62,1.62,1.80,1.86,0,0,0,0,5.22,5.02,4.92,4.88,VMS 3,,Tanque,,2.04,2.10,2.28,2.46,3.89,4.06,5.11,5.50
09/03/2025 06:46 p. m.,Ordeño,04:07,8.76,3,,,,,0,,1.38,1.32,1.68,1.44,0,0,0,0,5.26,5.17,5.12,5.02,VMS 3,,Tanque,,1.86,1.80,2.04,1.92,2.01,1.82,2.44,2.49
09/03/2025 11:30 p. m.,Ordeño,04:28,11.57,4,,,,,0,,1.38,1.26,1.56,1.44,0,0,0,0,5.33,5.18,4.82,5.24,VMS 3,,Tanque,,1.68,1.68,2.16,1.86,2.44,2.38,3.37,3.38
10/03/2025 07:08 a. m.,Ordeño,05:46,22.67,1,,,,,0,,1.50,1.68,1.92,1.86,0,0,0,0,5.73,5.43,5.52,5.64,VMS 3,,Tanque,,1.92,2.16,2.46,2.52,4.90,4.93,6.31,6.53
10/03/2025 02:17 p. m.,Ordeño,06:40,17.99,2,,,,,0,,1.56,1.56,1.62,1.56,0,0,0,0,5.14,5.21,5.24,5.31,VMS 3,,Tanque,,2.04,2.16,2.10,2.04,4.14,3.99,4.89,4.97
10/03/2025 10:10 p. m.,Ordeño,06:10,21.38,3,,,,,0,,1.44,1.44,1.80,1.74,0,0,0,0,5.51,5.29,5.22,5.16,VMS 3,,Tanque,,1.98,1.86,2.28,2.28,4.65,4.73,5.94,6.06
11/03/2025 07:29 a. m.,Ordeño,06:50,27.35,1,,,,,0,,1.62,1.56,1.98,1.86,0,0,0,0,5.72,5.41,5.34,5.44,VMS 3,,Tanque,,2.10,2.04,2.76,2.46,6.06,5.45,8.14,7.70
11/03/2025 04:21 p. m.,Ordeño,06:16,22.26,2,,,,,0,,1.56,1.56,1.86,1.56,0,0,0,0,5.19,5.06,4.89,4.89,VMS 3,,Tanque,,2.04,1.98,2.34,1.98,4.23,5.15,6.36,6.52
12/03/2025 01:28 a. m.,Ordeño,06:15,22.02,1,,,,,0,,1.44,1.56,1.68,1.62,0,0,0,0,5.05,4.92,4.83,4.97,VMS 3,,Tanque,,1.86,2.04,2.16,2.04,4.73,4.73,6.34,6.22
12/03/2025 09:28 a. m.,Ordeño,06:00,21.96,2,,,,,0,,1.44,1.50,1.74,1.80,0,0,0,0,5.37,5.18,5.16,5.20,VMS 3,,Tanque,,1.86,1.98,2.22,2.34,4.58,5.06,6.20,6.12
12/03/2025 03:44 p. m.,Ordeño,05:19,15.88,3,,,,,0,,1.32,1.56,1.74,1.74,0,0,0,0,5.17,5.06,4.91,5.03,VMS 3,,Tanque,,1.74,1.92,2.34,2.10,3.56,3.59,4.49,4.24
13/03/2025 03:11 a. m.,Ordeño,07:29,28.55,1,,,,,0,,1.44,1.44,1.86,1.92,0,0,0,0,5.40,5.15,5.09,5.00,VMS 3,,Tanque,,1.86,1.92,2.46,2.52,6.13,5.36,8.90,8.16
13/03/2025 11:54 a. m.,Ordeño,05:22,19.03,2,,,,,0,,1.50,1.50,1.80,1.80,0,0,0,0,5.02,4.87,4.63,4.58,VMS 3,,Tanque,,1.98,1.92,2.22,2.40,4.25,4.15,5.24,5.39
13/03/2025 11:03 p. m.,Ordeño,06:23,21.99,3,,,,,0,,1.56,1.38,1.74,1.68,0,0,0,0,4.84,4.73,4.68,4.51,VMS 3,,Tanque,,2.04,1.86,2.28,2.16,4.33,5.05,6.28,6.33
14/03/2025 10:45 a. m.,Ordeño,06:34,26.74,1,,DD,,,0,,1.56,1.44,1.92,1.86,0,0,0,0,4.88,4.82,4.69,4.57,VMS 3,,Tanque,,2.04,1.86,2.52,2.58,4.65,6.14,7.95,8.00
14/03/2025 06:41 p. m.,Ordeño,06:08,21.19,2,,,,,0,,1.38,1.44,1.86,1.74,0,0,0,0,5.09,4.95,4.96,4.83,VMS 3,,Tanque,,1.80,1.92,2.40,2.22,3.86,5.19,5.99,6.15
15/03/2025 07:42 a. m.,Ordeño,07:24,29.08,1,,,,,0,,1.62,1.50,1.92,1.68,0,0,0,0,5.14,4.89,4.96,4.84,VMS 3,,Tanque,,2.04,1.92,2.40,2.40,5.77,6.44,8.48,8.39
15/03/2025 10:49 p. m.,Ordeño,07:13,32.75,2,,,,,0,,1.62,1.68,2.04,1.92,0,0,0,0,4.92,4.96,4.84,4.57,VMS 3,,Tanque,,2.10,2.22,2.52,2.52,6.35,8.13,9.43,8.84
16/03/2025 10:28 a. m.,Ordeño,06:32,26.67,1,,,,,0,,1.56,1.62,1.98,1.74,0,0,0,0,5.06,4.88,4.79,4.70,VMS 3,,Tanque,,2.04,2.16,2.52,2.40,5.81,5.80,7.44,7.62
16/03/2025 03:34 p. m.,Ordeño,04:11,11.70,2,,,,,0,,1.50,1.44,1.80,1.80,0,0,0,0,4.98,4.88,4.70,4.54,VMS 3,,Tanque,,1.98,1.92,2.40,2.52,2.53,2.33,3.20,3.64
16/03/2025 10:48 p. m.,Ordeño,05:12,16.51,3,,,,,0,,1.44,1.62,1.98,1.74,0,0,0,0,5.17,5.01,4.93,4.79,VMS 3,,Tanque,,1.80,1.98,2.40,2.22,3.83,3.43,4.62,4.63
17/03/2025 05:16 a. m.,Ordeño,06:12,15.59,1,,,,,0,"DI,TD",1.32,1.38,1.86,1.68,0,0,0,0,5.43,4.49,4.56,5.49,VMS 3,,Tanque,,1.68,2.04,2.58,2.22,3.35,3.52,4.33,4.39
18/03/2025 03:55 a. m.,Ordeño,06:29,27.66,1,,,,,0,,1.56,1.56,2.04,1.86,0,0,0,0,5.07,4.92,4.83,4.67,VMS 3,,Tanque,,2.04,2.04,2.64,2.40,5.73,6.12,7.99,7.82
18/03/2025 10:06 a. m.,Ordeño,05:23,13.18,2,,,,,0,,1.44,1.50,1.80,1.74,0,0,0,0,4.88,4.77,4.57,4.61,VMS 3,,Tanque,,1.86,1.92,2.28,2.34,2.71,3.15,3.57,3.75
19/03/2025 01:27 a. m.,Ordeño,06:59,24.36,1,,,,,0,,1.56,1.44,1.92,2.10,0,0,0,0,5.32,4.89,5.13,4.90,VMS 3,,Tanque,,2.16,2.04,2.40,2.82,6.26,3.51,8.25,6.34
19/03/2025 10:35 a. m.,Ordeño,05:18,18.79,2,,,,,0,,1.50,1.44,1.98,1.80,0,0,0,0,4.72,4.62,4.60,4.48,VMS 3,,Tanque,,2.04,1.98,2.58,2.34,4.09,3.61,5.37,5.72
19/03/2025 03:05 p. m.,Ordeño,04:06,10.36,3,,,,,0,,1.44,1.44,1.86,1.74,0,0,0,0,5.05,5.06,5.00,4.86,VMS 3,,Tanque,,1.86,1.80,2.28,2.28,2.33,2.34,2.78,2.91
20/03/2025 07:53 a. m.,Ordeño,06:38,26.69,1,,,,,0,,1.62,1.68,2.10,2.04,0,0,0,0,5.58,5.34,5.16,5.23,VMS 3,,Tanque,,2.16,2.34,2.70,2.64,4.68,6.86,7.05,8.10
20/03/2025 07:32 p. m.,Ordeño,06:51,26.08,2,,,,,0,,1.56,1.50,1.98,1.68,0,0,0,0,5.40,5.11,5.06,5.27,VMS 3,,Tanque,,2.34,2.10,2.52,2.22,5.53,6.02,7.25,7.28
21/03/2025 10:20 a. m.,Ordeño,06:29,31.91,1,,,,,0,,1.74,1.86,2.22,2.10,0,0,0,0,5.64,5.45,5.27,5.28,VMS 3,,Tanque,,2.40,2.34,2.88,2.70,6.83,7.39,9.19,8.50
22/03/2025 07:01 a. m.,Ordeño,07:05,31.19,1,,,,,0,,1.68,1.56,2.28,2.16,0,0,0,0,5.38,5.13,4.93,4.86,VMS 3,,Tanque,,2.22,2.04,2.88,2.76,7.16,5.71,9.00,9.32
22/03/2025 03:23 p. m.,Ordeño,05:33,16.61,2,,,,,0,,1.38,1.38,1.98,2.04,0,0,0,0,5.24,5.06,4.95,4.85,VMS 3,,Tanque,,2.22,1.86,2.58,2.64,3.69,2.93,5.00,4.99
23/03/2025 12:45 a. m.,Ordeño,05:47,20.96,1,,,,,0,,1.38,1.44,2.04,1.92,0,0,0,0,5.04,4.91,4.82,4.73,VMS 3,,Tanque,,1.86,2.04,2.52,2.52,4.51,4.66,5.85,5.94
23/03/2025 08:46 a. m.,Ordeño,05:36,20.54,2,,,,,0,,1.50,1.68,1.98,2.04,0,0,0,0,6.10,5.74,5.68,5.79,VMS 3,,Tanque,,2.04,2.16,2.64,2.58,4.49,4.05,6.16,5.84
23/03/2025 09:53 p. m.,Ordeño,06:57,29.37,3,,,,,0,,1.74,1.62,2.22,2.22,0,0,0,0,5.79,5.40,5.21,5.24,VMS 3,,Tanque,,2.34,2.16,2.82,3.00,6.83,6.41,8.22,7.91
24/03/2025 09:27 a. m.,Ordeño,05:59,23.00,1,,,,,0,,1.62,1.44,1.98,2.22,0,0,0,0,5.66,5.14,5.34,5.24,VMS 3,,Tanque,,2.16,1.92,2.52,3.42,5.59,4.12,6.24,7.05
24/03/2025 03:42 p. m.,Ordeño,06:04,15.47,2,,,,,0,,1.50,1.44,1.68,1.50,0,0,0,0,5.52,5.42,5.18,5.26,VMS 3,,Tanque,,2.10,1.98,2.64,2.40,3.10,2.97,4.78,4.62
24/03/2025 10:13 p. m.,Ordeño,06:29,14.49,3,,,,,0,,1.56,1.50,1.44,1.68,0,0,0,0,5.31,5.13,4.99,5.21,VMS 3,,Tanque,,1.98,2.04,2.28,2.40,3.29,3.24,4.17,3.79
25/03/2025 08:27 a. m.,Ordeño,05:56,24.26,1,,,,,0,,1.62,1.56,2.04,1.98,0,0,0,0,5.16,4.94,4.80,4.87,VMS 3,,Tanque,,2.22,2.04,2.64,2.70,5.46,5.28,6.66,6.86
25/03/2025 01:55 p. m.,Ordeño,04:31,12.64,2,,,,,0,,1.56,1.44,1.62,1.74,0,0,0,0,5.15,5.06,5.00,5.09,VMS 3,,Tanque,,2.04,1.92,2.16,2.40,2.75,2.87,3.29,3.73
25/03/2025 10:08 p. m.,Ordeño,06:34,20.61,3,,,,,0,,1.50,1.62,1.68,1.86,0,0,0,0,5.00,4.94,5.02,4.74,VMS 3,,Tanque,,2.16,1.98,2.10,2.52,4.45,4.53,5.62,6.01
26/03/2025 04:09 p. m.,Ordeño,07:34,30.96,1,,,,,0,,1.68,1.68,1.86,2.10,0,0,0,0,5.31,5.22,4.88,4.96,VMS 3,,Tanque,,2.16,2.10,2.34,2.76,5.32,8.10,8.46,9.08
26/03/2025 11:44 p. m.,Ordeño,05:08,17.22,2,,,,,0,,1.38,1.56,1.86,1.80,0,0,0,0,5.09,5.00,4.82,4.72,VMS 3,,Tanque,,1.86,1.98,2.40,2.16,3.52,3.92,4.77,5.01
27/03/2025 06:39 a. m.,Ordeño,05:24,18.23,1,,,,,0,,1.44,1.56,1.86,1.86,0,0,0,0,5.77,5.34,5.27,5.40,VMS 3,,Tanque,,1.98,1.98,2.46,2.52,4.02,3.58,5.28,5.35
27/03/2025 03:34 p. m.,Ordeño,06:09,22.89,2,,,,,0,,1.62,1.44,1.92,1.86,0,0,0,0,5.67,5.40,5.16,5.35,VMS 3,,Tanque,,2.16,1.86,2.46,2.40,4.86,5.10,6.39,6.54
28/03/2025 01:04 a. m.,Ordeño,05:46,21.09,1,,,,,0,,1.62,1.62,2.04,1.86,0,0,0,0,5.15,5.03,4.85,4.87,VMS 3,,Tanque,,2.16,1.98,2.58,2.34,3.71,4.95,5.69,6.74
28/03/2025 10:54 a. m.,Ordeño,05:54,24.04,2,,,,,0,,1.62,1.74,2.04,1.98,0,0,0,0,5.29,5.03,4.83,4.82,VMS 3,,Tanque,,2.16,2.22,2.64,2.52,5.17,5.26,6.43,7.18
28/03/2025 05:18 p. m.,Ordeño,05:08,14.75,3,,,,,0,,1.38,1.68,1.86,1.74,0,0,0,0,4.98,4.82,4.58,4.65,VMS 3,,Tanque,,2.22,2.10,2.40,2.28,3.32,3.21,3.97,4.25
29/03/2025 07:07 a. m.,Ordeño,07:03,31.28,1,,,,,0,,1.68,1.68,1.92,2.04,0,0,0,0,5.36,5.15,5.16,4.97,VMS 3,,Tanque,,2.34,2.28,2.40,2.70,6.63,6.43,8.56,9.66
29/03/2025 04:04 p. m.,Ordeño,05:08,15.68,2,,,DD,,0,,1.50,0.78,2.04,2.04,0,0,0,0,5.05,4.79,4.92,4.60,VMS 3,,Tanque,,2.04,1.32,2.76,2.64,3.98,1.48,5.51,4.71
29/03/2025 06:57 p. m.,Ordeño,04:30,6.82,3,,,DD,,0,,1.14,1.02,1.08,1.20,0,0,0,0,5.04,5.18,5.10,4.84,VMS 3,,Tanque,,1.62,1.68,1.74,1.98,1.36,1.37,1.86,2.23
30/03/2025 07:57 a. m.,Ordeño,06:10,22.35,1,,,,,0,,1.56,1.68,1.98,2.04,0,0,0,0,5.28,4.99,5.09,4.88,VMS 3,,Tanque,,1.98,2.28,2.58,2.70,4.93,4.18,7.33,5.91
30/03/2025 04:18 p. m.,Ordeño,05:37,19.46,2,,,,,0,,1.50,1.62,1.86,1.86,0,0,0,0,5.20,5.00,4.95,4.82,VMS 3,,Tanque,,2.04,1.98,2.34,2.40,4.29,3.88,5.61,5.68
30/03/2025 09:14 p. m.,Ordeño,04:34,11.79,3,,,,,0,,1.44,1.44,1.80,1.68,0,0,0,0,5.18,5.00,4.78,4.94,VMS 3,,Tanque,,1.92,1.80,2.40,2.22,2.37,2.67,3.33,3.42
31/03/2025 07:52 a. m.,Ordeño,06:59,27.28,1,,,,,0,,1.50,1.68,2.04,2.16,0,0,0,0,5.35,5.22,4.90,4.97,VMS 3,,Tanque,,2.04,2.16,2.70,2.70,5.97,6.29,7.90,7.12
31/03/2025 07:23 p. m.,Ordeño,07:12,28.00,2,,,,,0,,1.56,1.50,1.92,1.92,0,0,0,0,5.46,5.23,5.05,5.03,VMS 3,,Tanque,,2.04,1.92,2.40,2.46,5.67,6.41,7.88,8.04
01/04/2025 05:12 a. m.,Ordeño,07:22,25.37,1,,,,,0,,1.62,1.50,1.92,1.50,0,0,0,0,5.32,5.00,4.78,4.74,VMS 3,,Tanque,,2.22,1.98,2.46,2.04,5.05,5.66,6.71,7.95
01/04/2025 09:39 a. m.,Ordeño,04:42,9.71,2,,,,,0,,1.32,1.26,1.44,1.50,0,0,0,0,4.89,4.94,4.65,4.81,VMS 3,,Tanque,,1.80,1.74,2.28,2.04,2.10,2.10,2.78,2.73
01/04/2025 04:50 p. m.,Ordeño,05:20,18.44,3,,,,,0,,1.44,1.56,1.92,1.86,0,0,0,0,5.39,5.19,4.86,5.19,VMS 3,,Tanque,,1.80,2.10,2.46,2.40,3.58,3.92,5.17,5.77
01/04/2025 11:09 p. m.,Ordeño,05:09,16.47,4,,,,,0,,1.56,1.50,1.92,1.74,0,0,0,0,5.24,5.19,4.85,5.15,VMS 3,,Tanque,,1.98,1.98,2.34,2.22,3.25,3.59,4.76,4.87
02/04/2025 10:51 a. m.,Ordeño,07:57,28.87,1,,,,,0,,1.56,1.56,1.74,1.98,0,0,0,0,5.50,5.21,5.12,5.20,VMS 3,,Tanque,,1.98,1.98,2.28,2.70,6.24,6.03,8.28,8.32
02/04/2025 10:24 p. m.,Ordeño,07:52,28.84,2,,,,,0,,1.50,1.56,1.74,1.68,0,0,0,0,5.50,5.13,4.93,4.88,VMS 3,,Tanque,,1.98,1.98,2.28,2.16,5.73,6.38,8.03,8.70
03/04/2025 02:27 p. m.,Ordeño,08:10,35.12,1,,,,,0,,1.38,1.80,2.04,1.86,0,0,0,0,5.52,5.21,5.04,5.26,VMS 3,,Tanque,,2.04,2.34,2.64,2.40,7.21,8.10,9.91,9.90
04/04/2025 06:48 p. m.,Ordeño,06:17,25.16,2,,,,,0,,1.50,1.56,1.92,1.92,0,0,0,0,5.29,5.15,4.71,4.95,VMS 3,,Tanque,,2.10,2.04,2.40,2.46,4.57,5.69,7.37,7.53
05/04/2025 07:09 a. m.,Ordeño,06:57,28.44,1,,,,,0,,1.38,1.74,1.86,1.98,0,0,0,0,5.15,5.05,4.91,4.79,VMS 3,,Tanque,,1.86,2.64,2.46,2.64,5.42,6.35,8.17,8.50
05/04/2025 04:13 p. m.,Ordeño,05:39,20.95,2,,,,,0,,1.44,1.62,1.86,1.98,0,0,0,0,5.00,4.98,4.65,4.67,VMS 3,,Tanque,,1.80,2.16,2.46,2.52,4.22,4.51,5.94,6.28
06/04/2025 07:26 a. m.,Ordeño,06:30,28.26,1,,,,,0,,1.56,1.74,1.98,2.10,0,0,0,0,4.90,4.91,4.71,4.71,VMS 3,,Tanque,,1.92,2.34,2.58,2.76,5.53,5.98,8.30,8.45
06/04/2025 03:16 p. m.,Ordeño,05:10,16.73,2,,,,,0,,1.44,1.56,1.74,1.80,0,0,0,0,4.91,4.86,4.76,4.56,VMS 3,,Tanque,,1.92,2.04,2.22,2.46,3.20,3.90,4.54,5.09
07/04/2025 12:29 a. m.,Ordeño,05:21,18.09,1,,,,,0,,1.38,1.68,1.80,1.74,0,0,0,0,4.90,4.87,4.75,4.78,VMS 3,,Tanque,,1.80,2.16,2.28,2.46,3.63,4.06,5.21,5.19
07/04/2025 01:07 p. m.,Ordeño,07:15,29.84,2,,,,,0,,1.56,1.80,1.92,1.98,0,0,0,0,5.64,5.39,5.25,5.22,VMS 3,,Tanque,,1.98,2.22,2.34,2.58,6.39,5.85,9.17,8.43
07/04/2025 05:48 p. m.,Ordeño,04:10,10.04,3,,,,,0,,1.32,1.62,1.68,1.68,0,0,0,0,5.18,5.12,4.78,4.81,VMS 3,,Tanque,,1.80,2.16,2.28,2.22,2.09,2.35,2.68,2.92
08/04/2025 08:47 a. m.,Ordeño,06:42,26.87,1,,,,,0,,1.32,1.86,1.80,1.98,0,0,0,0,5.26,5.26,5.08,4.83,VMS 3,,Tanque,,1.80,2.52,2.34,2.70,5.46,7.38,7.51,6.52
08/04/2025 03:58 p. m.,Ordeño,05:09,15.71,2,,,,,0,,1.32,1.62,1.86,1.98,0,0,0,0,5.21,5.06,4.68,4.88,VMS 3,,Tanque,,1.74,2.28,2.28,2.46,3.43,3.31,4.50,4.47
09/04/2025 04:43 a. m.,Ordeño,07:02,27.17,1,,,,,0,,1.62,1.80,1.98,1.68,0,0,0,0,5.34,5.24,4.90,4.89,VMS 3,,Tanque,,2.04,2.28,2.58,2.10,4.80,6.16,8.00,8.21
09/04/2025 12:55 p. m.,Ordeño,05:03,18.10,2,,,,,0,,1.44,1.68,1.92,1.98,0,0,0,0,4.95,4.82,4.66,4.60,VMS 3,,Tanque,,1.86,2.22,2.64,2.64,3.74,3.36,5.18,5.82
09/04/2025 06:36 p. m.,Ordeño,04:44,12.15,3,,,,,0,,1.32,1.62,1.74,1.92,0,0,0,0,5.10,4.99,4.78,4.63,VMS 3,,Tanque,,1.74,2.22,2.40,2.46,2.45,2.70,3.59,3.41
10/04/2025 02:51 a. m.,Ordeño,07:07,15.46,1,,,,,0,,1.26,1.56,1.50,1.56,0,0,0,0,5.56,5.31,5.22,5.29,VMS 3,,Tanque,,1.74,2.28,2.22,2.04,3.00,3.21,4.98,4.27
10/04/2025 11:14 a. m.,Ordeño,05:35,22.06,2,,,,,0,,1.56,1.74,1.92,1.86,0,0,0,0,5.62,5.29,5.21,5.31,VMS 3,,Tanque,,2.16,2.28,2.46,2.52,4.56,5.15,5.94,6.41
10/04/2025 09:18 p. m.,Ordeño,05:46,20.91,3,,,,,0,,1.38,1.68,1.80,2.04,0,0,0,0,5.22,5.23,5.13,5.18,VMS 3,,Tanque,,1.86,2.04,2.46,2.70,3.08,5.35,5.37,7.11
11/04/2025 08:51 a. m.,Ordeño,06:07,22.83,1,,,,,0,,1.50,1.68,2.10,1.86,0,0,0,0,4.97,5.03,4.69,4.80,VMS 3,,Tanque,,1.92,2.04,2.70,2.46,3.52,6.06,5.84,7.41
11/04/2025 03:03 p. m.,Ordeño,05:27,12.46,2,,,,,0,,1.32,1.38,1.80,1.44,0,0,0,0,4.97,4.84,4.70,4.73,VMS 3,,Tanque,,1.74,1.98,2.28,2.10,2.50,2.59,3.63,3.74
12/04/2025 07:22 a. m.,Ordeño,06:20,27.64,1,,,,,0,,1.20,1.32,1.62,1.92,0,0,0,0,4.82,5.05,4.68,5.22,VMS 3,,Tanque,,1.68,1.86,2.22,2.64,5.24,6.45,7.25,8.70
12/04/2025 07:00 p. m.,Ordeño,06:23,24.20,2,,,,,0,,1.56,1.74,1.92,1.74,0,0,0,0,5.20,4.99,4.79,4.92,VMS 3,,Tanque,,1.98,2.16,2.46,2.34,5.08,5.01,7.18,6.93
13/04/2025 02:44 a. m.,Ordeño,05:08,15.19,1,,,,,0,,1.44,1.62,1.80,1.68,0,0,0,0,4.62,4.72,4.40,4.49,VMS 3,,Tanque,,1.98,2.04,2.46,2.16,2.81,3.37,4.71,4.30
13/04/2025 08:50 a. m.,Ordeño,05:22,15.19,2,,,,,0,,1.32,1.62,1.74,1.68,0,0,0,0,5.16,5.02,4.76,5.03,VMS 3,,Tanque,,1.68,2.10,2.52,2.22,3.24,2.90,4.55,4.50
13/04/2025 07:51 p. m.,Ordeño,06:12,24.26,3,,,,,0,,1.38,1.68,1.92,1.86,0,0,0,0,5.25,5.16,4.92,4.97,VMS 3,,Tanque,,1.86,2.16,2.40,2.40,4.26,5.62,7.02,7.36
14/04/2025 03:30 a. m.,Ordeño,06:22,16.37,1,,,,,0,,1.38,1.56,1.68,1.68,0,0,0,0,5.25,5.16,4.74,4.95,VMS 3,,Tanque,,1.80,2.22,2.40,2.34,3.46,3.02,5.14,4.75
14/04/2025 09:57 p. m.,Ordeño,08:17,32.34,2,,,,,0,,1.50,1.74,2.10,2.10,0,0,0,0,5.47,5.32,4.86,4.99,VMS 3,,Tanque,,1.92,2.16,2.70,2.58,7.31,7.34,8.58,9.11
15/04/2025 08:18 a. m.,Ordeño,07:31,24.04,1,,,,,0,,1.44,1.62,2.10,1.80,0,0,0,0,5.55,5.26,5.13,5.23,VMS 3,,Tanque,,2.10,2.10,2.52,2.58,5.36,4.50,7.15,7.03
15/04/2025 10:56 p. m.,Ordeño,06:45,23.32,2,,,,,0,,1.26,1.44,2.04,2.04,0,0,0,0,4.88,4.81,4.75,4.79,VMS 3,,Tanque,,1.62,2.16,2.46,2.70,4.68,4.08,7.03,7.53
16/04/2025 06:33 a. m.,Ordeño,05:14,15.11,1,,,,,0,,1.32,1.44,1.86,1.68,0,0,0,0,4.92,4.89,4.49,4.66,VMS 3,,Tanque,,1.74,2.04,2.58,2.34,2.94,3.39,4.63,4.15
16/04/2025 07:23 p. m.,Ordeño,06:50,28.03,2,,,,,0,,1.44,1.74,1.98,1.98,0,0,0,0,5.29,5.15,4.97,5.03,VMS 3,,Tanque,,1.86,2.16,2.40,2.46,5.14,6.39,8.37,8.13
17/04/2025 01:10 a. m.,Ordeño,06:27,12.14,1,,,,,0,,1.08,1.08,1.08,1.32,0,0,0,0,5.09,5.09,4.83,4.96,VMS 3,,Tanque,,1.62,1.98,1.74,2.28,2.55,2.55,3.50,3.54
17/04/2025 08:47 a. m.,Ordeño,05:46,18.28,2,,,,,0,,1.32,1.56,1.44,1.74,0,0,0,0,5.16,5.15,5.05,5.20,VMS 3,,Tanque,,1.80,2.28,2.22,2.40,3.63,3.80,5.49,5.36
17/04/2025 04:08 p. m.,Ordeño,04:51,14.57,3,,,,,0,,1.26,1.62,1.86,1.68,0,0,0,0,5.22,5.12,4.97,5.19,VMS 3,,Tanque,,1.62,2.04,2.58,2.16,2.97,3.47,4.15,3.98
18/04/2025 07:57 a. m.,Ordeño,06:30,25.75,1,,,,,0,,1.44,1.86,2.28,2.10,0,0,0,0,5.09,4.90,4.86,4.71,VMS 3,,Tanque,,1.86,2.34,2.94,2.64,5.45,4.62,8.80,6.88
21/04/2025 01:31 a. m.,Ordeño,10:47,15.96,1,,,TI,,0,,1.44,1.56,0.96,1.74,0,0,0,0,6.03,5.70,5.79,5.94,VMS 3,,Tanque,,1.86,2.10,2.10,2.16,4.12,4.44,0.85,6.55
21/04/2025 03:55 p. m.,Ordeño,06:19,17.53,2,,,TI,,0,,1.56,1.74,1.86,1.68,0,0,0,0,5.08,4.97,5.19,4.93,VMS 3,,Tanque,,2.16,2.22,2.76,2.10,3.88,4.86,1.87,6.92
21/04/2025 09:48 p. m.,Ordeño,06:05,7.97,3,,,TI,,0,,1.26,1.50,0.90,1.56,0,0,371,0,4.75,4.78,4.85,4.65,VMS 3,,Tanque,,1.86,1.98,1.86,1.92,2.01,2.39,0.51,3.06
22/04/2025 03:46 a. m.,Ordeño,06:04,9.60,1,,,TI,,0,,1.26,1.44,1.26,1.26,0,0,0,0,5.36,5.20,5.46,4.89,VMS 3,,Tanque,,1.74,2.04,2.46,2.04,2.13,2.52,1.55,3.40
23/04/2025 11:48 p. m.,Ordeño,09:15,14.83,2,,,,,0,,1.32,1.62,1.92,1.98,0,0,0,0,4.93,4.94,4.82,4.81,VMS 3,,Tanque,,1.92,2.16,2.52,2.76,3.68,3.63,1.94,5.58
25/04/2025 12:51 a. m.,Ordeño,05:02,14.31,1,,DI,,,0,TI,1.62,1.80,1.44,1.92,0,0,0,0,5.24,5.00,5.65,4.68,VMS 3,,Tanque,,2.10,2.34,2.52,2.40,3.35,3.47,2.16,5.33
25/04/2025 11:05 a. m.,Ordeño,06:04,18.23,2,,,,,0,DI,1.38,1.68,1.14,1.68,0,0,0,0,5.37,5.15,4.09,4.88,VMS 3,,Tanque,,1.80,2.16,2.34,2.22,4.34,5.13,2.05,6.71
25/04/2025 08:20 p. m.,Ordeño,06:07,16.15,3,,,,,0,,1.44,1.44,1.98,1.92,0,0,0,0,5.40,5.14,5.45,4.98,VMS 3,,Tanque,,1.92,1.98,2.58,2.58,3.99,4.64,2.33,5.19
26/04/2025 07:09 a. m.,Ordeño,07:15,20.86,1,,,,,0,,1.50,1.62,2.28,1.98,0,0,0,0,5.73,5.21,5.23,5.34,VMS 3,,Tanque,,1.92,2.22,2.76,2.76,5.09,4.84,3.54,7.39
26/04/2025 05:19 p. m.,Ordeño,10:22,19.58,2,,,,,0,,1.44,1.50,2.04,1.68,0,0,0,0,5.37,5.10,5.30,5.20,VMS 3,,Tanque,,1.86,1.98,2.76,2.16,4.38,4.79,3.74,6.67
27/04/2025 03:52 a. m.,Ordeño,08:20,19.32,1,,,,,0,,1.44,1.50,2.34,2.04,0,0,0,0,5.56,5.17,5.17,5.07,VMS 3,,Tanque,,2.10,2.04,3.12,2.64,4.83,3.99,4.30,6.20
27/04/2025 11:52 a. m.,Ordeño,04:57,15.04,2,,,,,0,,1.50,1.50,2.04,1.92,0,0,0,0,5.32,5.11,4.92,4.81,VMS 3,,Tanque,,1.86,2.04,2.70,2.52,3.39,3.90,2.87,4.88
27/04/2025 06:09 p. m.,Ordeño,06:24,11.66,3,,,,,0,,1.26,1.50,2.04,1.80,0,0,0,0,5.06,5.04,5.11,4.95,VMS 3,,Tanque,,1.68,1.86,2.52,2.28,2.73,2.92,2.18,3.83
28/04/2025 11:00 a. m.,Ordeño,07:25,26.82,1,,,,,0,,1.44,1.74,2.22,1.98,0,0,0,0,5.34,5.29,5.18,5.16,VMS 3,,Tanque,,1.98,2.22,2.76,2.70,6.44,6.99,5.33,8.06
28/04/2025 06:44 p. m.,Ordeño,08:42,11.69,2,,,DD,DD,0,,1.26,0.00,1.92,1.80,0,0,0,0,5.19,0.00,5.08,4.75,VMS 3,,Tanque,,1.86,0.00,2.58,2.46,3.51,0.00,3.21,4.97
29/04/2025 08:37 a. m.,Ordeño,06:36,22.84,1,,,,,0,,1.62,1.50,2.16,2.10,0,0,0,0,5.08,4.68,4.94,4.67,VMS 3,,Tanque,,1.98,1.98,3.12,2.94,4.46,5.51,5.01,7.86
01/05/2025 04:02 p. m.,Ordeño,05:40,19.85,2,,,,,0,,1.50,1.68,2.22,1.98,0,0,0,0,5.11,5.06,5.14,4.79,VMS 3,,Tanque,,2.04,2.16,2.76,2.58,3.64,5.59,3.92,6.70
04/05/2025 03:57 a. m.,Ordeño,05:42,12.13,1,,,,,0,,1.44,1.56,2.16,1.44,0,0,0,0,5.65,5.38,5.47,5.48,VMS 3,,Tanque,,1.86,2.10,2.70,2.34,2.59,2.92,2.57,4.05
04/05/2025 01:01 p. m.,Ordeño,05:40,18.86,2,,,,,0,,1.56,1.56,2.28,1.80,0,0,0,0,5.71,5.41,5.35,5.31,VMS 3,,Tanque,,1.98,2.16,2.88,2.46,3.78,4.90,4.30,5.88
04/05/2025 07:11 p. m.,Ordeño,05:17,13.07,3,,,,,0,,1.08,1.56,2.10,1.56,0,0,0,0,5.42,5.33,5.35,5.41,VMS 3,,Tanque,,1.56,2.16,2.64,2.34,2.71,3.04,3.26,4.06
05/05/2025 05:39 a. m.,Ordeño,06:02,21.99,1,,,,,0,,1.50,1.68,2.40,1.74,0,0,0,0,5.36,5.19,5.41,5.34,VMS 3,,Tanque,,1.98,2.28,3.24,2.22,4.84,5.23,5.43,6.49
13/05/2025 09:46 p. m.,Ordeño,04:17,8.14,4,,,,,0,,1.26,1.50,1.62,1.56,0,0,0,0,5.16,4.84,5.39,4.84,VMS 3,,Tanque,,1.56,2.04,2.28,2.16,1.95,1.75,1.78,2.66
14/05/2025 06:15 a. m.,Ordeño,05:50,16.31,1,,,,,0,,1.26,1.62,1.86,1.68,0,0,0,0,5.75,5.42,6.08,5.45,VMS 3,,Tanque,,1.98,2.16,2.40,2.40,3.92,3.70,4.11,4.58
14/05/2025 04:25 p. m.,Ordeño,05:59,18.06,2,,,,,0,,1.44,1.50,2.10,1.86,0,0,0,0,5.63,5.48,5.60,5.33,VMS 3,,Tanque,,1.86,2.04,2.58,2.34,3.20,4.99,3.96,5.91
14/05/2025 11:10 p. m.,Ordeño,04:42,11.51,3,,,,,0,,1.32,1.44,1.68,1.68,0,0,0,0,5.10,4.99,5.36,4.91,VMS 3,,Tanque,,1.68,1.92,2.28,2.22,2.50,2.87,2.69,3.45
15/05/2025 09:53 p. m.,Ordeño,08:06,13.47,3,,,,,0,,1.44,1.50,1.80,1.56,0,0,0,0,5.41,5.22,5.43,5.24,VMS 3,,Tanque,,1.98,1.92,2.28,2.04,3.07,3.34,2.93,4.13
16/05/2025 08:13 a. m.,Ordeño,05:52,18.94,1,,,,,0,,1.50,1.56,2.16,1.68,0,0,0,0,5.96,5.57,5.62,5.63,VMS 3,,Tanque,,2.46,1.98,2.76,2.34,4.73,3.95,5.10,5.16
17/05/2025 11:55 a. m.,Ordeño,04:29,11.71,2,,,,,0,,1.44,1.56,2.10,1.56,0,0,0,0,5.29,5.12,5.13,5.09,VMS 3,,Tanque,,1.86,2.16,2.70,2.10,2.42,3.06,3.04,3.19
17/05/2025 07:28 p. m.,Ordeño,06:07,15.15,3,,,,,0,,1.50,1.56,2.04,1.80,0,0,0,0,5.68,5.38,5.47,5.17,VMS 3,,Tanque,,2.04,2.04,2.64,2.34,3.24,3.72,3.68,4.51
18/05/2025 08:02 a. m.,Ordeño,05:43,21.25,1,,,,,0,,1.44,1.74,1.92,1.86,0,0,0,0,5.34,5.20,5.20,5.03,VMS 3,,Tanque,,1.92,2.22,2.34,2.40,4.46,4.94,5.26,6.59
18/05/2025 02:10 p. m.,Ordeño,04:14,10.73,2,,,,,0,,1.32,1.50,1.98,1.62,0,0,0,0,5.00,4.99,5.00,5.04,VMS 3,,Tanque,,2.04,1.92,2.46,2.04,2.27,2.49,2.85,3.12
19/05/2025 12:22 a. m.,Ordeño,07:12,19.63,1,,,,,0,,1.50,1.56,1.86,1.62,0,0,0,0,5.80,5.46,5.41,5.38,VMS 3,,Tanque,,1.86,1.98,2.28,2.28,3.97,4.67,4.76,6.23
19/05/2025 07:33 a. m.,Ordeño,05:34,15.10,2,,,,,0,,1.56,1.56,1.92,1.74,0,0,0,0,5.73,5.38,5.16,5.38,VMS 3,,Tanque,,2.04,2.04,2.46,2.28,3.41,3.73,3.68,4.28
19/05/2025 04:21 p. m.,Ordeño,05:32,18.07,3,,,,,0,,1.56,1.62,1.92,1.56,0,0,0,0,5.66,5.39,5.47,5.51,VMS 3,,Tanque,,2.16,2.10,2.34,1.98,3.57,4.41,4.66,5.43
19/05/2025 10:14 p. m.,Ordeño,04:20,11.46,4,,,,,0,,1.50,1.62,1.98,1.68,0,0,0,0,5.52,5.34,5.14,5.30,VMS 3,,Tanque,,1.92,2.16,2.52,2.28,2.45,2.58,3.19,3.24
20/05/2025 08:10 a. m.,Ordeño,08:20,20.91,1,,,,,0,,1.62,1.62,2.28,1.56,0,0,0,0,5.65,5.40,5.21,5.65,VMS 3,,Tanque,,1.98,2.10,2.88,2.04,3.80,5.33,5.33,6.45
20/05/2025 04:55 p. m.,Ordeño,05:12,17.36,2,,,,,0,,1.62,1.68,1.86,1.80,0,0,0,0,5.80,5.55,5.41,5.29,VMS 3,,Tanque,,2.04,2.16,2.52,2.64,3.47,4.09,4.61,5.19
21/05/2025 01:27 a. m.,Ordeño,06:07,18.31,1,,,,,0,,1.56,1.62,2.04,1.68,0,0,0,0,5.59,5.32,4.84,5.29,VMS 3,,Tanque,,1.92,2.10,2.70,2.28,3.61,4.46,4.77,5.47
21/05/2025 10:02 a. m.,Ordeño,05:11,14.78,2,,,,,0,,1.50,1.80,1.98,1.56,0,0,0,0,5.19,5.11,4.95,4.91,VMS 3,,Tanque,,1.86,2.76,2.52,2.10,3.03,3.44,4.13,4.18
21/05/2025 07:14 p. m.,Ordeño,10:30,15.19,3,,,,,0,,1.50,1.38,1.86,1.08,0,0,0,0,5.05,4.99,5.07,5.07,VMS 3,,Tanque,,2.04,1.92,2.34,1.80,2.83,3.67,3.82,4.87
22/05/2025 02:40 a. m.,Ordeño,05:22,14.83,1,,,,,0,,1.44,1.56,1.86,1.68,0,0,0,0,5.32,5.20,5.26,5.06,VMS 3,,Tanque,,1.80,2.04,2.34,2.28,3.19,3.64,3.69,4.31
22/05/2025 08:23 a. m.,Ordeño,04:18,11.51,2,,,,,0,,1.38,1.68,1.86,1.74,0,0,0,0,5.55,5.25,5.20,5.24,VMS 3,,Tanque,,1.74,2.22,2.34,2.40,2.56,2.56,3.01,3.38
22/05/2025 05:38 p. m.,Ordeño,05:41,17.42,3,,,,,0,,1.50,1.68,2.16,1.80,0,0,0,0,5.28,4.98,5.04,4.94,VMS 3,,Tanque,,2.10,2.34,2.94,2.34,3.38,4.15,4.67,5.22
23/05/2025 03:13 a. m.,Ordeño,05:22,18.81,1,,,,,0,,1.56,1.68,2.16,1.80,0,0,0,0,5.53,5.21,5.05,5.18,VMS 3,,Tanque,,2.04,2.10,2.94,2.28,4.03,4.45,5.06,5.27
23/05/2025 10:06 a. m.,Ordeño,05:36,14.28,2,,,,,0,,1.62,1.68,2.04,1.68,0,0,0,0,5.59,5.34,5.46,5.65,VMS 3,,Tanque,,2.16,2.22,2.58,2.10,2.70,3.50,3.88,4.20
23/05/2025 03:48 p. m.,Ordeño,04:01,9.43,3,,,,,0,,1.38,1.50,1.86,1.62,0,0,0,0,5.46,5.21,5.19,5.18,VMS 3,,Tanque,,1.86,2.04,2.40,2.10,2.01,2.37,2.37,2.68
23/05/2025 10:21 p. m.,Ordeño,05:25,9.39,4,,,,,0,,1.26,1.50,1.86,1.02,0,0,0,0,5.12,5.13,4.96,5.15,VMS 3,,Tanque,,1.80,2.04,2.52,1.56,1.90,2.26,2.32,2.91
24/05/2025 09:09 a. m.,Ordeño,05:24,19.28,1,,,,,0,,1.68,1.74,2.22,1.80,0,0,0,0,5.74,5.41,5.25,5.44,VMS 3,,Tanque,,2.28,2.22,2.76,2.34,4.01,4.65,4.85,5.77
24/05/2025 05:41 p. m.,Ordeño,05:48,18.55,2,,,,,0,,1.68,1.56,2.04,1.74,0,0,0,0,5.74,5.41,5.59,5.44,VMS 3,,Tanque,,2.16,1.92,2.70,2.40,3.82,4.48,4.65,5.60
25/05/2025 12:19 a. m.,Ordeño,06:54,14.31,1,,,,,0,,1.62,1.68,2.04,1.68,0,0,0,0,5.91,5.46,5.51,5.43,VMS 3,,Tanque,,1.98,2.10,2.58,2.16,3.04,3.27,3.59,4.41
25/05/2025 12:35 p. m.,Ordeño,05:30,20.41,2,,,,,0,,1.80,1.68,2.16,1.92,0,0,0,0,5.64,5.20,5.12,5.28,VMS 3,,Tanque,,2.34,2.10,2.82,2.52,4.81,4.94,4.12,6.54
25/05/2025 06:33 p. m.,Ordeño,04:00,9.60,3,,,,,0,,1.44,1.56,1.98,1.68,0,0,0,0,5.03,4.87,5.19,4.75,VMS 3,,Tanque,,1.92,2.04,2.64,2.16,1.87,2.24,2.61,2.88
27/05/2025 09:06 a. m.,Ordeño,05:02,10.93,2,,,,,0,,1.50,1.32,1.08,1.44,0,0,0,0,5.38,5.20,5.67,5.25,VMS 3,,Tanque,,1.98,1.92,2.04,2.22,2.79,2.45,2.27,3.42
27/05/2025 09:33 p. m.,Ordeño,06:22,21.32,3,,,,,0,,1.62,1.50,2.16,1.80,0,0,0,0,5.26,5.14,5.68,5.29,VMS 3,,Tanque,,2.10,1.98,2.82,2.28,4.34,5.94,4.33,6.71
28/05/2025 05:37 a. m.,Ordeño,05:41,16.69,1,,,,,0,,1.74,1.68,2.10,1.74,0,0,0,0,5.41,5.22,5.61,5.33,VMS 3,,Tanque,,2.16,2.28,2.76,2.34,4.01,3.91,3.71,5.06
28/05/2025 02:16 p. m.,Ordeño,05:02,16.09,2,,,,,0,,1.80,1.68,2.16,1.86,0,0,0,0,5.61,5.54,5.88,5.82,VMS 3,,Tanque,,2.34,2.22,2.70,2.34,3.66,3.88,3.60,4.95
01/06/2025 07:55 p. m.,Ordeño,05:06,16.55,3,,,,,0,,1.44,1.68,2.28,1.92,0,0,0,0,5.12,5.08,5.27,5.03,VMS 3,,Tanque,,1.92,2.22,3.06,2.52,3.29,4.25,3.87,5.14
02/06/2025 06:57 a. m.,Ordeño,08:12,19.78,1,,,,,0,,1.44,1.62,2.10,1.62,0,0,0,0,5.31,5.14,5.49,5.30,VMS 3,,Tanque,,1.92,2.22,2.58,2.46,4.61,4.07,5.22,5.88
02/06/2025 04:48 p. m.,Ordeño,04:57,18.16,2,,,,,0,,1.26,1.62,2.16,1.74,0,0,0,0,5.34,5.13,5.30,5.20,VMS 3,,Tanque,,1.80,2.34,2.88,2.28,3.94,4.02,4.80,5.40
03/06/2025 12:28 a. m.,Ordeño,05:16,13.86,1,,,,,0,,1.26,1.68,1.92,1.74,0,0,0,0,5.22,5.07,5.38,4.90,VMS 3,,Tanque,,1.68,2.34,2.34,2.22,3.28,3.10,3.49,3.99
03/06/2025 12:37 p. m.,Ordeño,07:20,22.65,2,,,,,0,,1.44,1.56,2.04,1.68,0,0,0,0,5.24,5.15,5.17,5.28,VMS 3,,Tanque,,1.86,1.92,2.64,2.16,4.32,6.03,5.36,6.94
03/06/2025 09:17 p. m.,Ordeño,05:53,14.57,3,,,,,0,,1.32,1.62,2.04,1.74,0,0,0,0,5.22,5.03,5.38,4.66,VMS 3,,Tanque,,1.80,2.22,2.46,2.34,3.01,3.33,3.87,4.36
04/06/2025 04:00 a. m.,Ordeño,04:57,13.20,1,,,,,0,,1.32,1.56,1.92,1.68,0,0,0,0,5.47,5.28,4.99,5.43,VMS 3,,Tanque,,1.74,2.10,2.58,2.28,2.86,3.13,3.20,4.01
04/06/2025 12:30 p. m.,Ordeño,05:33,16.50,2,,,,,0,,1.38,1.74,1.92,1.74,0,0,0,0,5.61,5.55,5.53,5.55,VMS 3,,Tanque,,1.86,2.22,2.46,2.34,3.49,4.10,4.08,4.83
05/06/2025 03:02 a. m.,Ordeño,06:06,22.65,1,,,,,0,,1.44,1.62,2.34,1.86,0,0,0,0,5.33,5.21,5.06,5.24,VMS 3,,Tanque,,1.92,2.16,3.06,2.34,3.96,5.80,5.45,7.44
05/06/2025 05:30 p. m.,Ordeño,06:18,24.40,2,,,,,0,,1.62,1.74,2.10,1.80,0,0,0,0,6.09,5.68,6.07,5.74,VMS 3,,Tanque,,2.22,2.22,2.76,2.40,6.08,5.19,5.86,7.27
06/06/2025 02:27 p. m.,Ordeño,05:02,6.86,2,,,,,0,,1.26,1.32,1.08,1.08,0,0,0,0,4.91,5.02,5.45,4.92,VMS 3,,Tanque,,1.62,2.10,1.92,1.80,1.55,1.64,1.66,2.01
10/06/2025 07:18 p. m.,Ordeño,05:51,21.39,2,,,,,0,,1.68,1.74,2.16,1.86,0,0,0,0,5.39,5.40,5.31,5.48,VMS 3,,Tanque,,2.28,2.16,2.88,2.58,3.95,5.62,4.91,6.91
11/06/2025 06:16 a. m.,Ordeño,04:54,17.45,1,,,,,0,,1.68,1.68,2.16,1.86,0,0,0,0,5.16,5.10,5.57,5.21,VMS 3,,Tanque,,2.04,2.28,2.76,2.58,3.90,3.91,4.37,5.27
11/06/2025 03:15 p. m.,Ordeño,05:11,15.05,2,,,,,0,,1.68,1.80,1.98,1.74,0,0,0,0,5.37,5.33,5.62,5.40,VMS 3,,Tanque,,2.16,2.34,2.46,2.40,3.21,3.74,3.40,4.70
12/06/2025 07:24 a. m.,Ordeño,05:25,20.36,1,,DI,,,0,,1.80,1.92,2.22,1.86,0,0,0,0,5.61,5.36,5.57,5.37,VMS 3,,Tanque,,2.64,2.52,2.70,2.40,4.44,4.37,5.75,5.80
14/06/2025 12:38 p. m.,Ordeño,06:17,25.60,1,,,,,0,,1.80,1.74,2.16,2.04,0,0,0,0,5.19,4.87,5.15,5.09,VMS 3,,Tanque,,2.34,2.28,2.70,2.82,5.13,6.60,6.01,7.86
15/06/2025 01:00 a. m.,Ordeño,05:29,18.24,1,,,,,0,,1.68,1.74,2.10,1.86,0,0,0,0,5.51,5.30,5.25,5.51,VMS 3,,Tanque,,2.16,2.28,2.76,2.52,3.51,5.06,3.62,6.05
15/06/2025 12:33 p. m.,Ordeño,05:13,18.82,2,,DI,,,0,,1.74,1.74,2.10,1.86,0,0,0,0,5.62,5.43,5.58,5.55,VMS 3,,Tanque,,2.40,2.22,2.58,2.40,4.46,4.38,4.25,5.73
15/06/2025 11:36 p. m.,Ordeño,05:19,17.43,3,,,,,0,,1.56,1.74,2.10,1.98,0,0,0,0,5.51,5.39,5.34,5.47,VMS 3,,Tanque,,1.98,2.16,2.76,2.70,3.42,4.13,4.10,5.78
16/06/2025 09:58 p. m.,Ordeño,06:20,25.25,1,,,,,0,,1.68,1.86,2.16,2.04,0,0,0,0,5.25,5.27,5.18,5.34,VMS 3,,Tanque,,2.22,2.46,2.70,2.58,5.04,6.96,5.68,7.57
18/06/2025 03:01 a. m.,Ordeño,04:51,11.74,1,,,,,0,,1.62,1.50,1.92,1.44,0,0,0,0,5.18,5.25,5.33,4.94,VMS 3,,Tanque,,2.16,2.10,2.40,2.10,3.14,2.89,2.72,2.99
18/06/2025 04:45 p. m.,Ordeño,05:38,20.96,2,,,,,0,,1.68,1.86,1.98,1.80,0,0,0,0,5.57,5.40,5.85,5.43,VMS 3,,Tanque,,2.28,2.34,2.46,2.34,4.24,5.21,5.38,6.13
27/06/2025 07:13 p. m.,Ordeño,04:36,11.86,2,,DI,,,0,,1.62,1.86,1.74,1.68,0,0,0,0,5.31,5.20,5.40,5.13,VMS 3,,Tanque,,2.40,2.70,2.28,2.10,2.76,2.62,2.61,3.87
28/06/2025 03:39 a. m.,Ordeño,04:41,12.91,1,,,,,0,,1.68,1.92,1.80,1.62,0,0,0,0,5.57,5.50,5.55,5.36,VMS 3,,Tanque,,2.28,2.52,2.22,2.04,3.45,3.00,2.79,3.67
28/06/2025 12:54 p. m.,Ordeño,05:05,14.65,2,,,,,0,,1.74,1.68,1.80,1.68,0,0,0,0,5.43,5.45,5.32,5.31,VMS 3,,Tanque,,2.40,2.22,2.40,2.10,3.45,3.58,3.09,4.53
29/06/2025 03:04 a. m.,Ordeño,05:54,21.77,1,,,,,0,,1.68,1.80,1.92,1.80,0,0,0,0,5.51,5.42,5.35,5.36,VMS 3,,Tanque,,2.28,2.46,2.46,2.46,4.84,5.46,4.79,6.68
29/06/2025 01:36 p. m.,Ordeño,04:52,15.55,2,,,,,0,,1.50,1.74,1.80,1.74,0,0,0,0,5.11,5.34,5.32,5.06,VMS 3,,Tanque,,2.22,2.34,2.28,2.28,3.53,3.76,3.50,4.76
30/06/2025 03:35 a. m.,Ordeño,05:28,21.76,1,,,,,0,,1.74,1.92,1.92,1.92,0,0,0,0,5.49,5.47,5.23,5.31,VMS 3,,Tanque,,2.40,2.52,2.40,2.64,4.76,5.63,5.03,6.34
30/06/2025 04:40 p. m.,Ordeño,06:00,22.97,2,,,,,0,,1.92,1.92,1.98,1.74,0,0,0,0,5.47,5.52,5.49,5.09,VMS 3,,Tanque,,2.40,2.40,2.40,2.28,5.65,5.39,5.21,6.72
01/07/2025 01:53 a. m.,Ordeño,05:16,15.28,1,,,,,0,,1.80,1.92,1.80,1.62,0,0,0,0,5.28,5.45,5.08,5.43,VMS 3,,Tanque,,2.28,2.52,2.28,2.04,3.39,3.90,3.21,4.78
01/07/2025 01:36 p. m.,Ordeño,05:57,19.49,2,,,,,0,,1.68,1.68,1.92,1.62,0,0,0,0,5.60,5.52,5.37,5.42,VMS 3,,Tanque,,2.10,2.16,2.76,2.22,4.53,4.83,4.53,5.60
02/07/2025 02:05 a. m.,Ordeño,05:26,19.18,1,,,,,0,,1.56,1.86,1.92,1.74,0,0,0,0,5.31,5.32,5.18,5.15,VMS 3,,Tanque,,1.98,2.46,2.40,2.34,4.05,4.92,4.45,5.76
02/07/2025 11:18 a. m.,Ordeño,04:28,13.04,2,,,,,0,,1.68,1.80,1.86,1.68,0,0,0,0,5.40,5.31,4.97,5.02,VMS 3,,Tanque,,2.16,2.34,2.46,2.28,3.05,3.13,3.03,3.83
02/07/2025 05:33 p. m.,Ordeño,04:04,9.69,3,,,,,0,,1.50,1.62,1.74,1.74,0,0,0,0,5.45,5.32,5.37,4.36,VMS 3,,Tanque,,1.98,2.10,2.22,3.90,2.10,2.13,2.25,3.21
03/07/2025 06:59 a. m.,Ordeño,05:32,18.17,1,,DI,,,0,,1.68,1.98,1.86,1.74,0,0,0,0,5.45,5.13,5.32,5.21,VMS 3,,Tanque,,2.52,2.64,2.34,2.34,3.64,3.88,4.93,5.72
03/07/2025 05:58 p. m.,Ordeño,05:25,17.09,2,,,,,0,,1.74,1.74,1.98,1.62,0,0,0,0,5.30,5.13,4.98,4.96,VMS 3,,Tanque,,2.16,2.22,2.40,2.10,4.42,3.75,4.14,4.78
04/07/2025 07:03 a. m.,Ordeño,05:14,18.03,1,,,,,0,,1.68,1.86,1.92,1.80,0,0,0,0,5.11,5.05,5.11,4.96,VMS 3,,Tanque,,2.04,2.46,2.58,2.34,3.89,4.13,4.62,5.39
04/07/2025 02:58 p. m.,Ordeño,04:22,11.30,2,,,,,0,,1.62,1.68,1.92,1.50,0,0,0,0,5.17,4.98,4.88,4.93,VMS 3,,Tanque,,2.04,2.28,2.40,1.98,2.77,2.48,2.85,3.20
04/07/2025 09:30 p. m.,Ordeño,04:12,8.15,3,,,,,0,,1.38,1.56,1.68,1.32,0,0,0,0,5.16,5.11,5.09,5.07,VMS 3,,Tanque,,1.86,2.28,2.16,1.68,1.67,1.85,1.86,2.77
05/07/2025 07:10 a. m.,Ordeño,05:33,15.55,1,,,,,0,,1.80,1.62,1.80,1.50,0,0,0,0,5.66,5.32,5.49,5.23,VMS 3,,Tanque,,2.28,2.10,2.40,2.10,3.68,3.19,4.08,4.60
05/07/2025 02:30 p. m.,Ordeño,04:45,12.06,2,,,,,0,,1.92,1.68,1.80,1.50,0,0,0,0,5.49,5.30,5.33,5.18,VMS 3,,Tanque,,2.34,2.28,2.34,2.04,2.92,2.80,2.74,3.60
05/07/2025 10:11 p. m.,Ordeño,05:24,13.25,3,,,,,0,,1.62,1.74,1.86,1.50,0,0,0,0,5.46,5.35,5.48,5.28,VMS 3,,Tanque,,2.04,2.28,2.40,2.04,2.82,3.23,3.05,4.15
07/07/2025 12:58 a. m.,Ordeño,06:16,6.31,1,,,"DI,DD,TD",,0,TI,1.20,1.02,0.90,1.20,0,0,0,0,4.34,4.46,5.02,4.34,VMS 3,,Tanque,,1.80,1.62,1.92,1.92,1.26,1.38,1.81,1.86
07/07/2025 09:31 a. m.,Ordeño,04:23,10.12,2,,,,,0,TI,1.80,1.56,1.62,1.44,0,0,0,0,4.94,4.78,5.47,4.71,VMS 3,,Tanque,,2.40,2.10,2.10,1.92,2.77,2.50,1.87,2.98
09/07/2025 09:33 a. m.,Ordeño,04:50,11.29,2,,,,,0,,1.80,1.50,1.62,1.44,0,0,0,0,5.29,5.26,5.61,5.08,VMS 3,,Tanque,,2.28,2.04,2.10,1.92,3.02,2.70,2.28,3.29
09/07/2025 07:15 p. m.,Ordeño,05:18,16.92,3,,,,,0,,1.74,1.74,1.80,1.62,0,0,0,0,5.37,5.33,5.73,5.15,VMS 3,,Tanque,,2.28,2.34,2.40,2.22,4.25,4.00,3.65,5.02
10/07/2025 10:22 a. m.,Ordeño,04:53,12.43,2,,,,,0,,1.80,1.32,1.68,1.44,0,0,0,0,5.45,5.26,5.64,5.23,VMS 3,,Tanque,,2.34,1.80,2.34,2.04,3.20,2.93,2.66,3.64
10/07/2025 10:12 p. m.,Ordeño,06:51,17.13,3,,,TI,,0,,1.80,1.62,1.08,1.56,0,0,370,0,5.03,5.14,5.45,5.15,VMS 3,,Tanque,,2.34,2.16,2.76,1.92,4.60,5.22,0.57,6.74
11/07/2025 03:04 a. m.,Ordeño,07:43,6.65,1,,,TI,,0,,1.56,1.32,0.66,1.32,0,0,0,0,5.33,5.24,4.54,5.18,VMS 3,,Tanque,,2.04,1.86,1.56,1.86,2.14,1.84,0.32,2.35
12/07/2025 02:28 p. m.,Ordeño,10:10,3.63,3,,,"DD,TI",TI,0,,1.32,0.84,0.30,0.96,0,0,0,0,4.96,4.96,4.42,4.32,VMS 3,,Tanque,,1.92,1.38,0.54,1.62,1.19,0.92,0.14,1.38
15/07/2025 06:52 a. m.,Ordeño,06:46,20.07,1,,,,,0,,1.50,1.74,1.68,1.62,0,0,0,0,5.81,5.48,5.93,5.63,VMS 3,,Tanque,,2.04,2.34,2.10,2.04,3.59,5.58,3.73,7.17
15/07/2025 02:12 p. m.,Ordeño,05:31,13.04,2,,,,,0,,1.32,1.56,1.56,1.44,0,0,0,0,5.73,5.38,5.89,5.25,VMS 3,,Tanque,,1.86,2.10,1.98,1.98,2.90,3.22,2.74,4.18
16/07/2025 01:08 a. m.,Ordeño,05:49,18.28,1,,,,,0,,1.50,1.92,1.80,1.68,0,0,0,0,5.46,5.33,5.43,5.08,VMS 3,,Tanque,,2.04,2.46,2.46,2.22,4.12,4.47,3.76,5.93
16/07/2025 09:06 a. m.,Ordeño,05:01,12.41,2,,,,,0,,1.38,1.56,1.62,1.62,0,0,0,0,4.97,4.92,5.28,4.53,VMS 3,,Tanque,,1.86,2.16,1.98,2.10,3.07,3.10,2.38,3.86
16/07/2025 05:54 p. m.,Ordeño,05:09,14.53,3,,,,,0,,1.56,1.44,1.68,1.68,0,0,0,0,5.10,5.04,5.36,4.74,VMS 3,,Tanque,,3.48,1.86,2.16,2.40,3.57,3.37,2.96,4.63
17/07/2025 03:41 a. m.,Ordeño,05:32,17.36,1,,,,,0,,1.44,1.68,1.62,1.68,0,0,0,0,5.49,5.43,5.11,5.09,VMS 3,,Tanque,,1.98,2.34,2.16,2.10,3.62,4.69,3.35,5.70
17/07/2025 09:58 a. m.,Ordeño,08:56,6.42,2,,,DI,,0,"DD,TI,TD",0.24,1.14,1.08,1.08,0,0,0,0,3.89,5.41,5.68,5.28,VMS 3,,Tanque,,0.66,1.92,1.92,1.80,0.30,2.07,1.85,2.20
17/07/2025 04:48 p. m.,Ordeño,05:01,12.08,3,,,,,0,,1.38,1.44,1.68,1.56,0,0,0,0,5.46,5.20,5.38,5.26,VMS 3,,Tanque,,1.80,1.80,2.16,2.10,2.63,3.03,2.57,3.85
18/07/2025 02:38 a. m.,Ordeño,05:20,16.51,1,,,,,0,,1.62,1.74,1.68,1.68,0,0,0,0,5.39,5.11,5.20,5.00,VMS 3,,Tanque,,2.04,2.16,2.16,2.22,3.81,4.35,2.95,5.40
18/07/2025 11:33 a. m.,Ordeño,06:02,13.69,2,,,,,0,,1.50,1.56,1.68,1.50,0,0,0,0,5.59,5.17,5.56,5.11,VMS 3,,Tanque,,1.98,2.22,2.22,2.04,3.64,3.59,2.48,3.98
18/07/2025 06:47 p. m.,Ordeño,04:48,12.47,3,,,,,0,,1.50,1.44,1.68,1.68,0,0,0,0,5.40,5.19,5.08,5.03,VMS 3,,Tanque,,1.98,1.92,2.16,2.22,2.44,3.29,2.33,4.41
19/07/2025 02:44 a. m.,Ordeño,05:14,14.78,1,,,,,0,,1.56,1.56,1.68,1.68,0,0,0,0,5.50,5.20,5.29,5.05,VMS 3,,Tanque,,1.98,2.10,2.04,2.22,3.35,3.52,3.03,4.88
19/07/2025 01:22 p. m.,Ordeño,05:35,18.27,2,,,,,0,,1.56,1.68,1.80,1.74,0,0,0,0,5.45,5.17,5.59,5.03,VMS 3,,Tanque,,2.28,2.28,2.28,2.16,4.07,4.70,3.79,5.71
21/07/2025 12:03 a. m.,Ordeño,05:16,14.54,1,,,,,0,,1.68,1.50,1.86,1.62,0,0,0,0,4.88,4.79,4.75,4.67,VMS 3,,Tanque,,2.22,2.10,2.46,2.28,3.07,3.93,2.91,4.63
21/07/2025 08:13 a. m.,Ordeño,05:50,13.32,2,,,,,0,,1.38,1.14,1.56,1.44,0,0,0,0,5.14,4.93,5.16,4.94,VMS 3,,Tanque,,1.86,1.80,1.98,2.04,3.01,3.29,2.46,4.56
21/07/2025 04:37 p. m.,Ordeño,05:37,14.83,3,,,,,0,,1.50,1.56,1.86,1.50,0,0,0,0,5.66,5.35,5.64,5.46,VMS 3,,Tanque,,2.04,2.04,2.28,1.86,3.30,3.27,3.66,4.60
22/07/2025 12:32 a. m.,Ordeño,06:53,13.35,1,,,,,0,,1.50,1.50,1.74,1.32,0,0,0,0,5.21,5.02,5.07,4.93,VMS 3,,Tanque,,1.98,1.98,2.22,1.80,2.83,3.39,2.78,4.35
22/07/2025 12:46 p. m.,Ordeño,06:03,20.58,2,,,,,0,,1.50,1.50,1.92,1.74,0,0,0,0,5.02,5.02,5.25,4.74,VMS 3,,Tanque,,1.86,1.92,2.58,2.28,4.77,4.85,4.67,6.29
22/07/2025 11:42 p. m.,Ordeño,05:46,18.81,3,,,,,0,,1.44,1.56,1.92,1.80,0,0,0,0,4.81,4.89,5.03,4.63,VMS 3,,Tanque,,1.80,2.16,2.28,2.40,4.31,4.00,4.24,6.26
23/07/2025 09:36 a. m.,Ordeño,05:48,14.92,1,,,,,0,,1.74,1.50,1.98,1.50,0,0,0,0,4.85,4.98,4.83,4.70,VMS 3,,Tanque,,2.34,2.22,2.52,1.98,3.17,3.91,3.15,4.69
23/07/2025 06:51 p. m.,Ordeño,04:51,12.14,2,,,,,0,,1.56,1.44,1.92,1.68,0,0,0,0,5.03,4.82,4.90,4.41,VMS 3,,Tanque,,1.92,1.98,2.46,2.10,2.47,2.95,2.59,4.13
24/07/2025 03:01 a. m.,Ordeño,04:40,11.54,1,,,,,0,,1.62,1.56,1.86,1.74,0,0,0,0,5.11,4.80,5.00,4.93,VMS 3,,Tanque,,2.04,2.22,2.34,2.22,2.88,2.53,2.70,3.43
24/07/2025 09:45 a. m.,Ordeño,04:53,11.72,2,,,,,0,,1.62,1.50,1.80,1.68,0,0,0,0,5.16,4.95,5.13,4.86,VMS 3,,Tanque,,2.04,1.98,2.34,2.22,2.65,2.75,2.48,3.84
24/07/2025 04:01 p. m.,Ordeño,04:09,9.55,3,,,,,0,,1.38,1.32,1.74,1.62,0,0,0,0,5.34,5.15,5.35,5.00,VMS 3,,Tanque,,1.80,1.86,2.10,2.04,2.18,2.22,2.14,3.01
25/07/2025 01:49 a. m.,Ordeño,04:45,14.10,1,,,,,0,,1.68,1.62,1.86,1.80,0,0,0,0,5.29,4.93,4.93,5.01,VMS 3,,Tanque,,2.16,2.22,2.40,2.28,3.03,3.24,2.94,4.89
25/07/2025 12:50 p. m.,Ordeño,06:02,18.03,2,,,,,0,,1.68,1.62,1.86,1.56,0,0,0,0,5.28,5.04,5.07,4.79,VMS 3,,Tanque,,2.28,2.28,2.40,2.52,4.01,4.24,4.23,5.55
26/07/2025 05:58 a. m.,Ordeño,05:42,19.00,1,,,,,0,,1.80,1.68,2.04,1.74,0,0,0,0,4.89,4.80,4.56,4.57,VMS 3,,Tanque,,2.46,2.34,2.58,2.22,4.37,4.69,3.73,6.21
26/07/2025 04:38 p. m.,Ordeño,04:53,15.27,2,,,,,0,,1.68,1.62,2.04,1.74,0,0,0,0,5.11,4.87,5.09,4.62,VMS 3,,Tanque,,2.10,2.28,2.64,2.28,3.50,3.45,3.86,4.46
27/07/2025 09:47 a. m.,Ordeño,06:17,20.90,1,,,,,0,,1.86,1.80,1.92,1.86,0,0,0,0,5.11,5.37,5.44,5.32,VMS 3,,Tanque,,2.64,2.40,2.46,2.40,3.72,5.56,3.89,7.73
30/07/2025 07:41 a. m.,Ordeño,05:10,13.50,1,,,,,0,,1.62,1.68,1.68,1.62,0,0,0,0,5.30,5.21,5.36,5.10,VMS 3,,Tanque,,2.10,2.28,2.16,2.22,2.87,3.77,2.31,4.55
30/07/2025 06:32 p. m.,Ordeño,06:48,19.70,2,,,,,0,TI,1.56,1.86,1.98,1.80,0,0,0,0,5.75,5.55,6.46,5.43,VMS 3,,Tanque,,2.16,2.46,2.76,2.28,4.57,4.41,4.47,6.25
01/08/2025 02:34 a. m.,Ordeño,05:29,12.93,1,,,,,0,,1.74,1.38,1.56,1.44,0,0,0,0,5.65,5.30,5.42,5.34,VMS 3,,Tanque,,2.58,2.16,2.16,2.10,3.22,3.08,2.49,4.14
01/08/2025 09:42 a. m.,Ordeño,05:14,11.29,2,,,,,0,,1.32,1.44,1.74,1.56,0,0,0,0,5.29,5.16,5.50,5.16,VMS 3,,Tanque,,1.80,1.98,2.16,2.04,2.66,2.66,2.31,3.66
02/08/2025 12:09 a. m.,Ordeño,06:22,20.29,1,,,,,0,,1.62,1.68,1.86,1.86,0,0,0,0,5.09,4.97,5.28,4.83,VMS 3,,Tanque,,2.28,2.34,2.34,2.40,3.80,5.05,3.84,7.60
02/08/2025 08:18 a. m.,Ordeño,05:22,11.86,2,,,,,0,,1.56,1.62,1.62,1.44,0,0,0,0,4.90,4.93,5.12,4.76,VMS 3,,Tanque,,2.16,2.34,2.28,2.16,2.61,3.04,2.33,3.88
02/08/2025 06:59 p. m.,Ordeño,05:55,20.41,3,,,,,0,,1.68,1.80,1.92,1.68,0,0,0,0,5.46,5.34,5.57,5.07,VMS 3,,Tanque,,2.16,2.28,2.52,2.22,4.56,4.97,4.53,6.35
03/08/2025 06:34 a. m.,Ordeño,05:33,17.19,1,,,,,0,,1.62,1.74,1.56,1.86,0,0,0,0,5.01,5.01,5.11,4.84,VMS 3,,Tanque,,2.16,2.28,2.34,2.40,3.25,4.88,2.87,6.19
03/08/2025 05:15 p. m.,Ordeño,06:23,17.83,2,,,,,0,,1.74,1.74,1.98,1.74,0,0,0,0,5.44,5.12,5.49,4.98,VMS 3,,Tanque,,2.34,2.34,2.58,2.46,3.96,4.02,4.07,5.78
04/08/2025 08:00 a. m.,Ordeño,06:00,18.73,1,,,,,0,,1.74,1.56,1.98,1.62,0,0,0,0,5.08,4.80,5.26,4.90,VMS 3,,Tanque,,2.16,2.46,2.58,1.98,3.98,4.46,4.18,6.11
05/08/2025 08:08 a. m.,Ordeño,05:13,15.21,1,,,,,0,,1.56,1.38,1.74,1.68,0,0,0,0,5.21,4.92,5.30,5.01,VMS 3,,Tanque,,2.04,2.16,2.28,2.22,3.85,3.52,3.13,4.71
05/08/2025 03:07 p. m.,Ordeño,04:46,11.10,2,,,,,0,TI,1.50,1.56,1.74,1.62,0,0,0,0,5.26,5.09,5.82,5.01,VMS 3,,Tanque,,1.98,1.92,2.16,2.10,2.58,2.63,2.67,3.22
07/08/2025 12:47 p. m.,Ordeño,03:58,8.30,2,,,,,0,,1.38,1.44,1.50,1.56,0,0,0,0,5.35,5.19,5.41,4.89,VMS 3,,Tanque,,1.92,1.98,2.04,2.04,1.94,2.03,1.66,2.67
08/08/2025 03:28 a. m.,Ordeño,06:24,21.79,1,,,,,0,,1.56,1.62,1.86,1.92,0,0,0,0,5.61,5.28,5.41,5.14,VMS 3,,Tanque,,2.04,2.10,2.40,2.58,4.30,5.06,4.39,8.04
09/08/2025 02:40 a. m.,Ordeño,05:48,15.95,1,,,,,0,,1.68,1.68,1.74,1.56,0,0,0,0,5.15,4.97,5.20,4.71,VMS 3,,Tanque,,2.10,2.22,2.10,2.16,3.66,4.08,3.09,5.12
09/08/2025 01:32 p. m.,Ordeño,05:19,16.21,2,,,,,0,,1.50,1.92,1.92,1.80,0,0,0,0,5.29,5.03,5.51,4.94,VMS 3,,Tanque,,2.16,2.70,2.40,2.34,3.75,3.74,3.66,5.06
10/08/2025 12:19 a. m.,Ordeño,05:40,15.63,1,,,,,0,,1.56,1.80,1.80,1.56,0,0,0,0,5.23,5.05,5.15,4.81,VMS 3,,Tanque,,2.04,2.46,2.28,2.10,3.33,3.94,3.33,5.03
10/08/2025 08:06 a. m.,Ordeño,05:11,12.64,2,,,,,0,,1.56,1.74,1.98,1.62,0,0,0,0,5.29,5.05,5.25,4.98,VMS 3,,Tanque,,2.04,2.34,2.52,2.10,3.16,2.69,2.68,4.11
10/08/2025 09:46 p. m.,Ordeño,07:55,22.90,3,,,,,0,,1.74,1.86,1.86,1.44,0,0,0,0,5.67,5.39,5.87,5.24,VMS 3,,Tanque,,2.10,2.52,2.40,1.86,5.34,5.40,5.11,7.05
14/08/2025 12:51 a. m.,Ordeño,09:06,16.93,1,,,,,0,,1.68,1.86,1.86,1.50,0,0,0,0,5.52,5.39,5.63,5.37,VMS 3,,Tanque,,2.22,2.46,2.40,1.92,3.69,4.21,3.45,5.58
14/08/2025 08:57 a. m.,Ordeño,05:09,13.01,2,,,,,0,,1.50,1.62,1.92,1.50,0,0,0,0,5.11,5.07,5.18,4.88,VMS 3,,Tanque,,1.92,2.46,2.52,2.16,2.66,3.31,2.77,4.27
14/08/2025 04:32 p. m.,Ordeño,05:45,12.14,3,,,,,0,,1.50,1.62,1.74,1.44,0,0,0,0,5.13,5.05,5.45,4.94,VMS 3,,Tanque,,2.10,2.22,2.28,2.04,2.84,2.77,2.58,3.95
14/08/2025 11:27 p. m.,Ordeño,05:36,10.83,4,,,,,0,,1.56,1.56,1.74,1.26,0,0,0,0,5.28,5.00,5.29,5.07,VMS 3,,Tanque,,2.04,1.98,2.22,1.86,2.53,2.57,2.36,3.37
15/08/2025 08:30 a. m.,Ordeño,05:17,14.44,1,,,,,0,,1.62,1.68,1.80,1.56,0,0,0,0,5.41,5.24,5.25,5.20,VMS 3,,Tanque,,2.10,2.22,2.28,2.10,2.96,3.89,2.99,4.60
15/08/2025 05:04 p. m.,Ordeño,05:20,13.02,2,,,,,0,,1.56,1.62,1.80,1.50,0,0,0,0,5.35,5.19,5.28,5.14,VMS 3,,Tanque,,2.04,2.16,2.22,2.10,3.03,3.03,2.82,4.14
15/08/2025 11:31 p. m.,Ordeño,04:41,9.88,3,,,,,0,,1.50,1.44,1.80,1.38,0,0,0,0,5.08,4.84,5.15,4.90,VMS 3,,Tanque,,1.98,1.92,2.34,1.98,2.34,2.20,2.21,3.13
16/08/2025 07:55 a. m.,Ordeño,05:37,14.50,1,,,,,0,,1.56,1.80,1.80,1.38,0,0,0,0,5.60,5.19,5.49,5.29,VMS 3,,Tanque,,2.28,2.34,2.22,1.86,3.72,3.06,3.26,4.46
16/08/2025 04:55 p. m.,Ordeño,05:40,14.56,2,,,,,0,,1.56,1.74,1.74,1.32,0,0,0,0,5.47,5.25,5.51,5.34,VMS 3,,Tanque,,2.10,2.28,2.16,1.74,3.33,3.41,3.29,4.53
17/08/2025 08:22 a. m.,Ordeño,09:07,21.70,1,,,,,0,,1.68,1.74,2.10,1.14,0,0,0,0,5.26,5.08,4.99,4.97,VMS 3,,Tanque,,2.34,2.28,2.64,1.62,4.70,4.79,4.69,7.52
18/08/2025 01:55 a. m.,Ordeño,04:29,10.55,1,,TD,TD,,0,,1.50,1.62,1.74,0.78,0,0,0,0,5.16,4.94,5.01,5.06,VMS 3,,Tanque,,1.98,2.28,2.28,1.50,2.93,3.18,2.65,1.79
18/08/2025 01:44 p. m.,Ordeño,11:29,20.67,2,,,,,0,,1.62,1.68,1.86,0.90,0,0,0,0,5.49,5.36,5.41,5.66,VMS 3,,Tanque,,2.10,2.16,2.34,1.26,4.04,4.75,4.04,7.84
29/08/2025 07:57 p. m.,Ordeño,08:21,10.35,3,,,,,0,,1.50,1.44,1.38,0.54,0,0,0,0,5.52,5.55,5.45,5.79,VMS 2,,Drenaje,,2.04,2.10,2.04,0.90,2.60,2.76,2.14,2.85
04/09/2025 03:15 a. m.,Ordeño,07:49,11.65,1,,,,,0,,1.56,1.44,1.44,0.66,0,0,0,0,5.20,5.08,5.77,4.99,VMS 2,,Drenaje,,2.10,1.86,1.92,1.14,3.27,2.96,2.15,3.27
04/09/2025 02:02 p. m.,Ordeño,08:51,14.95,2,,,,,0,,1.56,1.56,1.50,0.66,0,0,0,0,5.48,5.21,5.92,5.84,VMS 2,,Drenaje,,2.04,1.98,1.92,1.02,4.48,3.11,3.28,4.08
05/09/2025 08:50 p. m.,Ordeño,06:08,7.89,3,,,TD,TD,0,,1.38,1.44,1.44,0.00,0,0,0,0,4.99,5.16,5.07,0.00,VMS 2,,Drenaje,,1.86,1.92,1.98,0.00,3.00,2.90,1.99,0.00
06/09/2025 03:42 a. m.,Ordeño,10:02,12.72,1,,,,,0,,1.50,1.20,1.20,0.78,0,0,0,0,5.41,5.18,5.44,5.88,VMS 2,,Drenaje,,1.98,1.74,1.86,1.20,2.67,2.54,1.81,5.70
07/09/2025 01:53 a. m.,Ordeño,08:28,13.66,1,,,,,0,,1.50,1.62,1.50,0.72,0,0,0,0,5.13,5.00,5.03,5.07,VMS 2,,Drenaje,,1.98,2.16,2.04,1.20,3.87,2.99,2.58,4.22
07/09/2025 12:30 p. m.,Ordeño,08:37,14.15,2,,,,,0,,1.68,1.50,1.56,0.78,0,0,0,0,5.43,5.20,5.42,5.46,VMS 2,,Drenaje,,2.28,2.16,2.04,1.20,3.98,3.03,2.57,4.57
07/09/2025 10:52 p. m.,Ordeño,09:40,13.61,3,,,,,0,,1.68,1.44,1.50,0.60,0,0,0,0,5.02,4.93,5.34,4.81,VMS 2,,Drenaje,,2.10,1.86,2.04,1.20,3.29,3.21,2.92,4.19
08/09/2025 09:09 a. m.,Ordeño,09:45,14.09,1,,,,,0,,1.62,1.56,1.50,0.66,0,0,0,0,5.12,4.92,5.18,5.08,VMS 2,,Drenaje,,2.10,2.16,2.04,1.02,3.88,3.16,2.48,4.57
08/09/2025 07:36 p. m.,Ordeño,08:09,13.12,2,,,,,0,,1.74,1.56,1.50,0.78,0,0,0,0,4.94,4.92,5.14,4.83,VMS 2,,Drenaje,,2.28,2.04,1.92,1.14,3.21,2.90,2.60,4.41
09/09/2025 06:45 a. m.,Ordeño,09:27,13.92,1,,,,,0,,1.56,1.32,1.56,0.66,0,0,0,0,4.88,4.90,5.38,5.01,VMS 2,,Drenaje,,2.04,1.86,2.16,1.26,3.07,3.39,2.86,4.60
09/09/2025 01:02 p. m.,Ordeño,06:12,8.85,2,,,,,0,,1.56,1.38,1.50,0.78,0,0,0,0,5.06,4.89,5.13,4.96,VMS 2,,Drenaje,,2.28,1.92,2.10,1.32,2.15,1.99,1.78,2.93
09/09/2025 10:55 p. m.,Ordeño,08:45,13.90,3,,,,,0,,1.44,1.56,1.62,0.72,0,0,0,0,4.98,4.96,5.00,4.96,VMS 2,,Drenaje,,1.86,2.34,2.16,1.26,3.56,3.21,2.57,4.56
10/09/2025 08:20 a. m.,Ordeño,08:38,13.11,1,,,,,0,,1.44,1.44,1.56,0.72,0,0,0,0,5.06,4.95,5.19,5.04,VMS 2,,Drenaje,,1.80,1.98,1.98,1.14,3.26,2.78,2.85,4.22
10/09/2025 04:57 p. m.,Ordeño,08:36,12.72,2,,,,,0,,1.44,1.50,1.56,0.72,0,0,0,0,5.00,5.05,5.26,4.99,VMS 2,,Drenaje,,2.04,2.10,2.10,1.20,3.11,2.95,2.53,4.13
11/09/2025 06:26 a. m.,Ordeño,10:24,18.79,1,,,,,0,,1.74,1.50,1.80,0.90,0,0,0,0,5.04,4.74,5.15,4.97,VMS 2,,Drenaje,,2.16,2.16,2.22,1.44,5.18,3.24,3.98,6.39
11/09/2025 07:40 p. m.,Ordeño,08:38,15.01,2,,,,,0,,1.62,1.38,1.68,0.84,0,0,0,0,4.76,4.81,5.08,4.58,VMS 2,,Drenaje,,2.16,1.86,2.16,1.38,3.17,4.01,2.91,4.92
14/09/2025 06:47 a. m.,Ordeño,08:05,14.16,1,,,,,0,,1.56,1.50,1.50,0.84,0,0,0,0,5.20,5.18,5.31,5.22,VMS 2,,Drenaje,,1.98,2.04,2.10,1.38,3.47,3.39,2.70,4.60
14/09/2025 01:43 p. m.,Ordeño,06:49,10.29,2,,,,,0,,1.44,1.44,1.44,0.78,0,0,0,0,5.29,5.22,5.59,5.34,VMS 2,,Drenaje,,1.86,1.92,1.98,1.20,2.33,2.54,2.16,3.26
15/09/2025 03:28 a. m.,Ordeño,09:09,17.57,1,,,,,0,,1.56,1.56,1.62,0.84,0,0,0,0,5.30,5.37,5.47,5.23,VMS 2,,Drenaje,,1.92,2.04,2.10,1.32,3.95,4.59,3.34,5.69
15/09/2025 12:14 p. m.,Ordeño,07:08,11.58,2,,,,,0,,1.56,1.44,1.62,0.84,0,0,0,0,5.17,5.05,5.50,4.99,VMS 2,,Drenaje,,1.98,1.98,2.10,1.44,2.42,2.71,2.57,3.88
15/09/2025 07:30 p. m.,Ordeño,06:25,9.70,3,,,,,0,,1.50,1.32,1.32,0.78,0,0,0,0,5.15,5.20,5.36,5.06,VMS 2,,Drenaje,,1.92,1.98,1.80,1.26,2.30,2.37,1.79,3.24
16/09/2025 06:44 a. m.,Ordeño,08:10,15.76,1,,,,,0,,1.50,1.56,1.50,0.96,0,0,0,0,5.62,5.46,5.74,5.36,VMS 2,,Drenaje,,2.04,2.22,1.98,1.44,4.29,3.00,3.20,5.27
16/09/2025 04:16 p. m.,Ordeño,07:46,13.60,2,,,,,0,,1.62,1.32,1.50,0.90,0,0,0,0,5.19,5.27,5.74,5.03,VMS 2,,Drenaje,,2.22,1.80,1.86,1.38,2.91,3.25,2.78,4.66
19/09/2025 10:02 a. m.,Ordeño,06:08,3.46,3,,,,"DI,DD,TI",0,"DI,TD",0.18,0.18,0.18,0.84,0,0,0,0,4.69,3.95,3.82,5.18,VMS 2,,Drenaje,,0.30,0.36,0.36,1.20,0.12,0.12,0.10,3.12
19/09/2025 07:52 p. m.,Ordeño,07:54,13.02,4,,TD,,,0,DI,1.38,1.50,1.56,0.90,0,0,0,0,6.17,5.26,5.60,5.08,VMS 2,,Drenaje,,1.80,1.98,2.04,1.38,2.26,3.40,2.59,4.77
22/09/2025 10:22 a. m.,Ordeño,07:20,10.52,2,,,,,0,,1.50,1.44,1.32,0.78,0,0,0,0,5.31,4.82,5.14,4.56,VMS 2,,Drenaje,,2.04,1.98,1.80,1.20,2.51,2.75,1.78,3.48
22/09/2025 07:59 p. m.,Ordeño,07:24,12.72,3,,,,,0,,1.44,1.20,1.50,0.96,0,0,0,0,5.46,4.84,5.34,4.86,VMS 2,,Drenaje,,1.86,1.68,1.98,1.62,3.17,2.76,2.30,4.49
23/09/2025 03:18 a. m.,Ordeño,06:39,9.57,1,,,,,0,,1.62,1.44,1.38,0.96,0,0,0,0,5.19,4.98,5.05,4.80,VMS 2,,Drenaje,,1.98,1.86,1.74,1.44,2.03,2.55,1.45,3.54
23/09/2025 11:31 a. m.,Ordeño,06:17,11.83,2,,,,,0,,1.56,1.44,1.56,1.14,0,0,0,0,5.65,5.10,5.46,5.22,VMS 2,,Drenaje,,2.10,1.92,2.22,1.68,3.05,2.40,2.29,4.09
23/09/2025 07:17 p. m.,Ordeño,07:24,11.06,3,,,,,0,,1.50,1.38,1.44,0.78,0,0,0,0,5.46,5.15,5.35,5.01,VMS 2,,Drenaje,,2.22,1.98,1.98,1.32,2.69,2.77,1.96,3.64
24/09/2025 02:53 a. m.,Ordeño,06:12,9.86,1,,,,,0,,1.44,1.26,1.50,0.90,0,0,0,0,5.45,4.95,5.26,5.10,VMS 2,,Drenaje,,1.86,1.86,2.04,1.32,2.18,2.50,1.98,3.20
24/09/2025 02:45 p. m.,Ordeño,07:29,12.08,2,,,TD,TD,0,,1.32,1.44,1.74,0.00,0,0,0,0,5.39,5.36,5.33,0.00,VMS 2,,Drenaje,,2.10,2.04,2.34,0.00,4.07,4.50,3.51,0.00
25/09/2025 01:17 a. m.,Ordeño,08:59,17.09,1,,,,,0,,1.62,1.44,1.62,1.14,0,0,0,0,5.23,5.01,5.27,5.32,VMS 2,,Drenaje,,2.22,1.98,2.22,1.56,3.55,3.31,2.78,7.45
25/09/2025 01:00 p. m.,Ordeño,06:34,13.14,2,,,,,0,,1.50,1.68,1.56,1.02,0,0,0,0,5.32,5.24,5.76,5.12,VMS 2,,Drenaje,,1.98,2.34,1.98,1.38,2.94,3.08,3.08,4.04
26/09/2025 02:02 a. m.,Ordeño,07:58,18.49,1,,,,,0,,1.68,1.56,1.74,1.02,0,0,0,0,5.41,5.09,5.31,5.36,VMS 2,,Drenaje,,2.28,2.10,2.28,1.56,4.94,4.21,3.68,5.66
26/09/2025 12:26 p. m.,Ordeño,05:28,11.73,2,,,,,0,TI,1.50,1.50,1.62,1.14,0,0,0,0,5.46,5.21,6.07,5.30,VMS 2,,Drenaje,,1.92,2.04,2.10,1.50,3.10,2.50,2.45,3.68
26/09/2025 07:33 p. m.,Ordeño,05:05,6.35,3,,,,,0,,1.26,1.08,0.60,0.96,0,0,0,0,4.96,4.81,4.98,4.95,VMS 2,,Drenaje,,1.68,1.56,1.26,1.44,1.38,1.53,1.33,2.11
27/09/2025 05:10 a. m.,Ordeño,06:49,10.60,1,,,,,0,,1.32,1.20,0.84,0.90,0,0,0,0,5.01,4.98,5.38,5.13,VMS 2,,Drenaje,,1.98,2.10,1.62,1.44,2.43,2.60,1.75,3.82
27/09/2025 07:24 p. m.,Ordeño,07:37,15.73,2,,,,,0,,1.74,1.56,1.80,1.02,0,0,0,0,5.29,5.12,5.34,5.09,VMS 2,,Drenaje,,2.28,2.10,2.52,1.50,3.89,3.84,2.67,5.33
28/09/2025 06:09 a. m.,Ordeño,06:38,11.70,1,,,,,0,,1.62,1.50,1.50,0.96,0,0,0,0,5.03,4.92,5.05,4.83,VMS 2,,Drenaje,,2.10,2.16,2.04,1.50,2.49,3.04,2.01,4.16
28/09/2025 07:07 p. m.,Ordeño,07:41,15.47,2,,,,,0,,1.62,1.38,1.62,1.14,0,0,0,0,5.29,5.07,5.43,5.25,VMS 2,,Drenaje,,2.10,1.86,2.22,1.62,3.63,2.90,2.81,6.13
29/09/2025 10:23 a. m.,Ordeño,05:57,9.38,2,,,,,0,,1.38,1.32,1.32,0.96,0,0,0,0,5.15,4.80,5.31,4.84,VMS 2,,Drenaje,,1.92,1.80,1.80,1.50,2.36,1.95,1.68,3.39
29/09/2025 07:29 p. m.,Ordeño,06:48,12.62,3,,,,,0,,1.38,1.26,1.56,0.96,0,0,0,0,5.43,5.14,5.39,5.08,VMS 2,,Drenaje,,1.86,1.74,1.98,1.44,3.29,2.78,2.35,4.20
30/09/2025 03:44 a. m.,Ordeño,06:36,10.21,1,,,,,0,,1.26,1.20,1.20,0.90,0,0,0,0,5.42,5.26,5.52,5.24,VMS 2,,Drenaje,,1.74,1.80,1.74,1.32,1.97,2.73,1.74,3.77
30/09/2025 10:12 a. m.,Ordeño,05:12,8.35,2,,,,,0,,1.26,1.02,1.50,1.02,0,0,0,0,5.36,4.99,5.67,5.48,VMS 2,,Drenaje,,1.74,1.62,2.04,1.50,2.16,1.44,1.73,3.02
30/09/2025 11:45 p. m.,Ordeño,06:20,13.24,3,,,,,0,,1.38,1.44,1.56,1.02,0,0,0,0,5.29,5.03,5.47,4.99,VMS 2,,Drenaje,,1.74,2.04,1.98,1.80,3.80,2.77,2.71,3.96
01/10/2025 10:51 a. m.,Ordeño,07:59,13.25,1,,,,,0,,1.50,1.62,1.50,0.96,0,0,0,0,5.35,5.02,5.82,5.59,VMS 2,,Drenaje,,1.98,2.34,1.92,1.56,2.80,3.90,1.87,4.68
03/10/2025 11:12 a. m.,Ordeño,06:56,9.84,2,,,,,0,,1.38,1.44,0.60,0.90,0,0,0,0,5.42,5.52,5.35,5.01,VMS 2,,Drenaje,,1.86,2.22,1.26,1.32,1.94,2.84,1.08,3.98
03/10/2025 09:45 p. m.,Ordeño,07:22,13.10,3,,,,,0,,1.56,1.62,1.56,1.02,0,0,0,0,5.16,5.32,5.90,5.26,VMS 2,,Drenaje,,1.98,2.10,2.10,1.56,2.84,3.40,2.09,4.77
06/10/2025 02:04 a. m.,Ordeño,09:27,15.49,1,,,,,0,,1.62,1.56,1.44,0.90,0,0,0,0,5.05,5.13,5.29,4.96,VMS 2,,Drenaje,,2.22,2.04,1.80,1.44,3.28,4.23,2.11,5.87
06/10/2025 04:04 p. m.,Ordeño,07:49,16.41,2,,,,,0,,1.62,1.56,1.74,1.14,0,0,0,0,5.34,5.40,5.52,5.38,VMS 2,,Drenaje,,2.04,2.04,2.22,1.62,3.60,3.97,2.50,6.34
07/10/2025 03:56 a. m.,Ordeño,07:00,12.78,1,,,,,0,,1.50,1.44,1.38,1.02,0,0,0,0,5.05,5.05,5.27,4.80,VMS 2,,Drenaje,,1.92,1.92,1.86,1.56,2.74,3.39,1.93,4.72
07/10/2025 03:21 p. m.,Ordeño,06:59,13.72,2,,,,,0,,1.56,1.56,1.44,1.14,0,0,0,0,5.19,5.30,5.68,5.13,VMS 2,,Tanque,,1.98,2.28,1.86,1.56,3.08,3.48,2.04,5.12
08/10/2025 01:03 a. m.,Ordeño,06:15,11.64,1,,,,,0,,1.50,1.50,1.32,1.02,0,0,0,0,5.13,5.12,5.27,4.98,VMS 2,,Tanque,,2.16,1.92,1.98,1.62,2.77,2.81,1.87,4.19
08/10/2025 10:53 a. m.,Ordeño,06:55,13.34,2,,,,,0,,1.62,1.56,1.38,1.08,0,0,0,0,5.64,5.52,6.01,5.41,VMS 2,,Tanque,,2.04,2.22,1.86,1.50,3.57,2.80,2.16,4.81
08/10/2025 08:58 p. m.,Ordeño,07:21,12.43,3,,,,,0,,1.68,1.62,1.56,0.96,0,0,0,0,5.25,5.39,5.65,5.09,VMS 2,,Tanque,,2.10,2.16,1.92,1.32,2.81,3.15,1.94,4.53
09/10/2025 10:33 a. m.,Ordeño,07:28,15.90,1,,,,,0,,1.50,1.50,1.44,1.14,0,0,0,0,5.32,5.14,5.80,5.18,VMS 2,,Tanque,,2.04,1.98,1.98,1.50,4.23,3.35,2.54,5.78
11/10/2025 06:21 a. m.,Ordeño,05:40,9.36,1,,,,,0,,1.38,1.26,1.20,0.96,0,0,0,0,4.96,4.81,5.23,4.83,VMS 2,,Tanque,,1.80,1.80,1.74,1.50,2.60,2.08,1.43,3.25
11/10/2025 09:51 p. m.,Ordeño,09:32,17.50,2,,,,,0,,1.62,1.80,1.68,1.02,0,0,0,0,4.88,5.29,5.10,5.16,VMS 2,,Tanque,,2.04,2.34,2.10,1.38,3.46,4.31,2.85,6.88
12/10/2025 09:34 a. m.,Ordeño,07:39,13.56,1,,,,,0,,1.56,1.44,1.50,0.96,0,0,0,0,5.03,5.10,4.98,4.86,VMS 2,,Tanque,,1.98,2.04,2.04,1.32,2.99,3.58,2.04,4.95
12/10/2025 06:59 p. m.,Ordeño,06:56,12.81,2,,,,,0,,1.56,1.50,1.44,0.96,0,0,0,0,5.45,5.29,5.40,5.17,VMS 2,,Tanque,,2.16,2.04,2.04,1.38,3.61,2.85,2.04,4.31
13/10/2025 03:10 a. m.,Ordeño,06:08,11.12,1,,,,,0,,1.50,1.44,1.26,0.96,0,0,0,0,5.30,5.38,5.52,5.17,VMS 2,,Tanque,,1.98,1.86,1.80,1.86,3.13,2.70,1.65,3.64
13/10/2025 07:17 p. m.,Ordeño,09:00,16.54,2,,,,,0,,1.62,1.56,1.50,0.96,0,0,0,0,5.14,5.46,5.65,5.27,VMS 2,,Tanque,,2.04,2.10,1.98,1.50,3.85,3.98,2.56,6.15
14/10/2025 03:40 a. m.,Ordeño,05:21,7.75,1,,,,,0,TI,1.44,1.38,1.14,0.84,0,0,0,0,4.69,4.93,5.24,4.38,VMS 2,,Tanque,,1.92,2.04,1.80,1.32,1.81,2.04,1.29,2.61
14/10/2025 11:27 a. m.,Ordeño,05:38,8.83,2,,,,,0,,1.32,1.38,1.08,0.96,0,0,0,0,5.14,5.15,5.72,5.22,VMS 2,,Tanque,,1.74,1.98,1.62,1.38,2.42,1.89,1.34,3.18
14/10/2025 10:04 p. m.,Ordeño,07:02,12.19,3,,,,,0,,1.44,1.56,1.44,0.96,0,0,0,0,5.02,5.31,5.51,4.93,VMS 2,,Tanque,,1.92,1.98,1.80,1.38,3.00,2.85,1.89,4.45
15/10/2025 07:06 p. m.,Ordeño,05:51,9.66,2,,,,,0,,1.56,1.44,1.26,0.96,0,0,0,0,4.91,5.04,5.27,4.75,VMS 2,,Tanque,,2.04,1.92,2.16,1.56,2.62,2.31,1.43,3.30
16/10/2025 03:39 a. m.,Ordeño,06:21,10.88,1,,,,,0,,1.50,1.62,1.38,0.90,0,0,0,0,4.95,5.17,5.48,4.77,VMS 2,,Tanque,,1.92,2.22,1.86,1.32,2.92,2.54,1.68,3.74
16/10/2025 06:00 p. m.,Ordeño,08:50,15.89,2,,DD,,,0,,1.68,1.68,1.50,1.02,0,0,0,0,5.17,5.44,5.45,5.44,VMS 2,,Tanque,,2.40,2.64,2.04,1.44,3.23,4.04,2.24,6.38
17/10/2025 01:46 a. m.,Ordeño,05:48,10.03,1,,,,,0,,1.50,1.50,1.38,1.02,0,0,0,0,5.10,5.04,5.66,4.84,VMS 2,,Tanque,,1.92,1.98,1.86,1.50,2.49,2.49,1.48,3.57
08/12/2024 12:26 p. m.,Echada sin ordeñar,02:38,,,,,,,,,,,,,,,,,,,,,VMS 3,,,,,,,,,,,
10/12/2024 12:38 p. m.,Rechazada,00:00,,,,,,,,,,,,,,,,,,,,,VMS 3,,,,,,,,,,,
31/12/2024 08:10 a. m.,Rechazada,00:00,,,,,,,,,,,,,,,,,,,,,VMS 1,,,,,,,,,,,
13/05/2025 11:44 a. m.,Rechazada,00:00,,,,,,,,,,,,,,,,,,,,,VMS 3,,,,,,,,,,,
18/05/2025 06:55 p. m.,Rechazada,00:00,,,,,,,,,,,,,,,,,,,,,VMS 3,,,,,,,,,,,
26/08/2025 08:16 a. m.,Rechazada,00:00,,,,,,,,,,,,,,,,,,,,,VMS 2,,,,,,,,,,,
28/08/2025 05:27 a. m.,Rechazada,00:00,,,,,,,,,,,,,,,,,,,,,VMS 2,,,,,,,,,,,
30/08/2025 01:58 a. m.,Rechazada,00:00,,,,,,,,,,,,,,,,,,,,,VMS 2,,,,,,,,,,,
04/09/2025 05:31 a. m.,Rechazada,00:00,,,,,,,,,,,,,,,,,,,,,VMS 2,,,,,,,,,,,
10/09/2025 09:09 p. m.,Rechazada,00:00,,,,,,,,,,,,,,,,,,,,,VMS 2,,,,,,,,,,,
18/09/2025 09:08 a. m.,Rechazada,00:00,,,,,,,,,,,,,,,,,,,,,VMS 2,,,,,,,,,,,
19/09/2025 10:02 a. m.,Rechazada,00:18,,,,,,,,,,,,,,,,,,,,,VMS 2,,,,,,,,,,,
26/09/2025 07:03 a. m.,Rechazada,00:00,,,,,,,,,,,,,,,,,,,,,VMS 2,,,,,,,,,,,
02/10/2025 06:48 a. m.,Rechazada,00:00,,,,,,,,,,,,,,,,,,,,,VMS 2,,,,,,,,,,,
02/10/2025 09:09 p. m.,Rechazada,00:00,,,,,,,,,,,,,,,,,,,,,VMS 2,,,,,,,,,,,
05/10/2025 05:36 a. m.,Rechazada,00:00,,,,,,,,,,,,,,,,,,,,,VMS 2,,,,,,,,,,,
15/10/2025 09:44 p. m.,Rechazada,00:00,,,,,,,,,,,,,,,,,,,,,VMS 2,,,,,,,,,,,
16/10/2025 12:18 a. m.,Rechazada,00:00,,,,,,,,,,,,,,,,,,,,,VMS 2,,,,,,,,,,,
16/10/2025 09:40 p. m.,Rechazada,00:00,,,,,,,,,,,,,,,,,,,,,VMS 2,,,,,,,,,,,
17/10/2025 07:16 a. m.,Rechazada,00:00,,,,,,,,,,,,,,,,,,,,,VMS 2,,,,,,,,,,,
19/10/2025 08:12 a. m.,Rechazada,00:00,,,,,,,,,,,,,,,,,,,,,VMS 2,,,,,,,,,,,
