Main,,,,Estado,,,,,Estado AMD,,Media de los flujos (kg/min),,,,Sangre (ppm),,,,Conductividad (mS / cm),,,,Misc,,,,Flujos máximos (kg/min),,,,Producciones (kg),,,
Hora de inicio,Acción,Duración (mm:ss),Producción (kg),Número de ordeño,RCS (* 1000 células / ml),Patada,Incompleto,Pezones no encontrados,Ubre,Pezón,DI,DD,TI,TD,DI,DD,TI,TD,DI,DD,TI,TD,EO/PO,Usuario,Destino Leche,Razón de la desviación,DI,DD,TI,TD,DI,DD,TI,TD
28/05/2023 04:08 a. m.,Ordeño,09:07,8.73,1,,,Todos,,1,,0.60,0.42,0.66,0.54,2596,685,484,484,4.89,4.81,5.26,4.87,VMS 3,,Divert 3,,0.96,0.84,1.08,0.84,2.16,2.06,2.19,2.32
28/05/2023 08:22 p. m.,Ordeño,08:57,9.17,2,,,,,1,,0.60,0.48,0.60,0.54,1294,0,0,0,5.22,5.13,5.47,5.01,VMS 3,,Divert 3,,0.90,0.84,0.90,0.84,2.19,2.28,2.15,2.55
29/05/2023 08:15 p. m.,Ordeño,09:51,13.79,1,,TD,,,1,,0.60,0.54,0.66,0.54,1188,0,0,0,5.01,4.89,5.30,4.83,VMS 3,,Divert 3,,1.14,1.08,0.96,0.84,3.47,3.64,3.08,3.60
01/06/2023 02:59 p. m.,Ordeño,08:11,11.12,1,,"DI,DD,TD",,,1,TI,0.66,0.54,0.72,0.54,0,0,0,0,4.88,4.94,5.47,4.35,VMS 3,,Tanque,,1.02,1.26,1.08,1.02,2.84,2.21,3.03,3.04
02/06/2023 12:36 p. m.,Ordeño,10:38,14.72,1,,,,,1,"DD,TI",0.66,0.54,0.66,0.54,484,0,0,0,4.49,4.90,4.73,3.63,VMS 3,,Tanque,,1.14,0.90,1.08,0.84,3.14,4.04,3.12,4.42
07/08/2023 05:03 p. m.,Ordeño,11:37,10.15,2,,"TI,TD",TI,,1,TD,0.60,0.36,0.42,0.78,0,0,0,0,3.96,3.70,2.08,4.83,VMS 1,,Tanque,,0.96,0.54,1.02,1.26,2.00,1.89,0.89,5.37
03/09/2023 09:08 a. m.,Ordeño,10:40,16.05,2,,,,,1,TD,0.72,0.48,0.78,0.84,0,0,0,0,4.40,4.21,4.64,5.31,VMS 1,,Tanque,,1.08,0.78,1.14,1.20,3.22,2.41,3.83,6.59
09/09/2023 10:34 a. m.,Ordeño,12:23,25.19,1,,,,,1,,0.72,0.54,0.90,0.84,0,0,0,0,5.05,4.97,5.14,5.35,VMS 1,,Tanque,,1.14,1.02,1.50,1.38,5.47,4.96,7.25,7.51
08/01/2024 12:04 p. m.,Ordeño,09:48,23.80,1,,,,,1,,0.90,0.66,1.08,1.32,0,2034,0,0,4.12,4.09,4.17,0.00,VMS 1,,Divert 3,Sangre por pezón por encima del umbral,1.32,1.08,1.56,1.92,4.78,4.28,6.44,8.30
08/01/2024 04:49 p. m.,Ordeño,06:53,3.40,2,,,Todos,,1,,0.60,0.48,0.90,0.78,813,6029,0,0,3.75,4.45,0.00,4.29,VMS 1,,Divert 3,Sangre por pezón por encima del umbral,0.96,0.84,1.38,1.26,0.65,0.62,1.10,1.03
18/03/2024 10:14 p. m.,Ordeño,13:52,24.96,1,,,,,1,,0.96,0.78,1.02,0.96,0,0,0,0,5.06,5.16,5.18,0.00,VMS 1,,Tanque,,1.38,1.20,1.50,1.62,5.23,4.77,7.24,7.72
22/07/2024 05:56 a. m.,Ordeño,08:51,16.16,1,,,,,1,DI,0.96,0.66,1.02,1.08,0,0,0,0,6.75,4.89,0.00,5.18,VMS 2,,Tanque,,1.38,1.02,1.38,1.44,2.81,3.41,4.95,4.99
22/07/2024 01:35 p. m.,Ordeño,08:10,12.58,2,,,DI,,1,DI,0.72,0.60,0.90,1.02,0,0,0,0,5.89,4.18,0.00,4.43,VMS 2,,Tanque,,1.26,1.08,1.26,1.44,0.97,2.90,4.33,4.38
22/07/2024 06:30 p. m.,Ordeño,08:54,8.41,3,,,DI,,1,DI,0.48,0.60,0.78,1.02,0,0,0,0,5.43,4.49,0.00,4.63,VMS 2,,Tanque,,1.20,0.96,1.08,1.44,0.48,2.00,2.62,3.31
07/09/2024 02:04 a. m.,Ordeño,07:39,16.20,1,,,,,1,DI,0.90,0.66,1.08,1.14,0,0,0,0,5.49,4.68,4.75,4.91,VMS 3,,Tanque,,1.32,1.20,1.50,1.50,3.12,3.14,4.73,5.21
07/09/2024 06:59 a. m.,Ordeño,05:50,10.56,2,,TD,,,1,,0.78,0.66,1.02,1.14,0,0,0,0,4.82,4.55,4.61,4.65,VMS 3,,Tanque,,1.14,1.02,1.32,1.62,1.78,2.18,3.17,3.43
13/09/2024 05:06 p. m.,Ordeño,07:54,19.09,2,,,,,1,TD,0.90,0.72,1.08,1.14,0,0,0,0,4.63,4.64,4.62,5.40,VMS 3,,Tanque,,1.26,1.08,1.44,1.74,3.75,3.75,5.64,5.95
28/09/2024 10:58 a. m.,Ordeño,10:10,26.57,1,,,,,1,DI,0.96,0.72,1.08,1.08,0,0,0,0,5.83,4.92,4.91,4.98,VMS 3,,Tanque,,1.38,1.08,1.56,1.50,5.44,5.18,7.79,8.16
13/12/2024 05:47 p. m.,Ordeño,10:22,22.69,2,,,,,1,DI,0.90,0.66,1.14,1.20,0,0,0,0,5.47,4.30,4.24,4.22,VMS 3,,Tanque,,1.38,0.96,1.62,1.68,4.53,4.61,6.64,6.91
14/12/2024 10:31 a. m.,Ordeño,10:35,23.83,1,,,,,1,,0.96,0.66,1.20,1.14,0,0,0,0,4.89,4.45,4.58,4.58,VMS 3,,Tanque,,1.44,1.20,1.62,1.50,4.61,5.08,6.90,7.24
09/01/2025 01:51 p. m.,Ordeño,09:43,22.75,2,,,,,1,DI,1.02,0.72,1.08,1.14,0,0,0,0,5.49,4.56,4.94,4.71,VMS 3,,Tanque,,1.38,1.02,1.50,1.56,6.45,4.58,5.15,6.57
10/01/2025 02:33 p. m.,Ordeño,10:06,20.58,2,,,,,1,"DI,TD",0.84,0.66,1.08,1.08,0,0,0,0,5.29,4.22,4.49,5.49,VMS 3,,Tanque,,1.32,1.02,1.50,1.44,3.48,4.55,5.86,6.69
16/01/2025 08:23 a. m.,Ordeño,09:04,20.27,1,,,,,1,,0.90,0.72,1.14,1.32,0,0,0,0,4.95,4.57,4.57,4.74,VMS 3,,Tanque,,1.44,1.08,1.74,1.74,3.54,4.17,6.12,6.44
29/03/2025 03:10 p. m.,Ordeño,13:07,23.37,1,,,,,1,DD,0.90,0.72,1.02,1.20,0,0,0,0,4.89,5.09,4.22,4.36,VMS 2,,Tanque,,1.44,1.14,1.62,1.74,3.68,4.97,6.41,8.31
06/04/2025 03:15 p. m.,Ordeño,09:36,26.75,1,,TD,,,1,DI,0.96,0.78,1.14,1.26,0,0,0,0,6.18,4.78,5.35,5.13,VMS 2,,Tanque,,1.44,1.14,1.50,2.16,5.59,4.93,8.15,8.08
12/04/2025 07:53 a. m.,Ordeño,11:37,22.60,1,,,,,1,,0.84,0.60,1.20,1.20,0,0,0,0,4.95,3.92,4.84,4.78,VMS 2,,Tanque,,1.26,1.08,1.74,1.62,3.58,4.96,6.57,7.49
13/04/2025 08:12 a. m.,Ordeño,09:07,19.72,1,,,,,1,DI,0.84,0.66,1.02,1.08,0,0,0,0,5.64,4.36,4.81,4.62,VMS 2,,Tanque,,1.38,1.14,1.44,1.50,4.27,3.89,5.53,6.03
16/04/2025 02:21 a. m.,Ordeño,09:31,10.25,1,,,,,1,DI,0.84,0.60,1.08,1.20,0,0,332,0,5.30,4.33,5.00,4.80,VMS 2,,Tanque,,1.20,1.02,1.50,1.68,1.93,2.27,2.46,3.59
19/04/2025 02:24 a. m.,Ordeño,11:56,23.58,1,,,,,1,DI,1.02,0.66,1.14,1.26,0,0,361,0,6.51,4.65,5.09,4.93,VMS 2,,Tanque,,1.44,1.08,1.62,1.68,4.27,4.81,6.62,7.88
20/04/2025 11:12 a. m.,Ordeño,11:05,11.86,2,,,,,1,DI,0.66,0.66,0.90,1.20,0,0,393,0,5.45,4.25,4.60,4.60,VMS 2,,Tanque,,1.02,1.02,1.20,1.56,1.15,2.89,3.29,4.53
22/04/2025 02:21 p. m.,Ordeño,09:20,16.68,3,,TI,,,1,"DI,TI",1.14,0.66,1.14,0.96,0,0,0,0,7.37,4.73,5.26,3.99,VMS 2,,Tanque,,1.68,1.02,1.50,1.38,3.73,3.86,7.26,1.83
23/04/2025 10:54 a. m.,Ordeño,10:47,19.89,1,,,,,1,DI,0.78,0.72,1.14,1.26,0,0,341,0,6.28,4.93,5.05,5.33,VMS 2,,Tanque,,1.44,1.20,1.50,1.80,2.35,5.55,4.00,7.99
24/04/2025 03:51 a. m.,Ordeño,07:20,8.59,1,,,TI,TI,1,DI,0.54,0.66,0.00,1.26,0,0,0,0,5.55,4.03,0.00,5.02,VMS 2,,Tanque,,0.90,1.02,0.00,1.86,1.44,1.74,0.00,5.41
24/04/2025 02:11 p. m.,Ordeño,07:45,12.76,2,,,,,1,,0.90,0.72,1.14,1.20,0,0,0,0,5.71,4.96,5.64,5.00,VMS 2,,Tanque,,1.32,1.20,1.62,1.56,1.56,3.37,3.18,4.65
25/04/2025 02:58 p. m.,Ordeño,07:11,10.27,3,,,,,1,DI,0.84,0.66,0.96,1.14,0,0,0,0,6.52,4.82,5.10,5.00,VMS 2,,Tanque,,1.20,1.08,1.44,1.50,1.79,2.39,2.84,3.25
26/04/2025 02:39 a. m.,Ordeño,10:30,14.23,1,,,,,1,DI,0.84,0.66,1.02,1.20,0,0,0,0,5.93,4.96,5.28,5.14,VMS 2,,Tanque,,1.38,1.08,1.38,1.56,2.02,3.68,3.23,5.30
26/04/2025 03:02 p. m.,Ordeño,09:11,13.15,2,,,,,1,,0.54,0.72,1.14,1.20,0,0,0,342,5.13,4.67,5.41,5.02,VMS 2,,Tanque,,1.14,1.08,1.56,1.56,1.16,3.80,3.22,4.97
28/04/2025 03:21 a. m.,Ordeño,07:55,15.81,1,,,,,1,DI,0.90,0.66,1.08,1.38,0,0,0,0,5.99,4.45,5.09,5.17,VMS 2,,Tanque,,1.32,1.08,1.44,1.80,1.72,3.31,3.13,7.65
28/04/2025 10:17 p. m.,Ordeño,11:10,20.61,2,,,,,1,DI,0.90,0.72,1.14,1.20,0,0,0,0,5.75,4.78,5.23,4.88,VMS 2,,Tanque,,1.38,1.26,1.50,1.50,2.11,5.40,5.85,7.25
29/04/2025 09:04 a. m.,Ordeño,10:39,12.44,1,,,,,1,DI,0.84,0.72,1.02,1.20,0,0,327,0,5.80,4.12,4.83,4.48,VMS 2,,Tanque,,1.26,1.14,1.50,1.62,1.51,3.51,3.29,4.13
29/04/2025 05:53 p. m.,Ordeño,08:20,6.05,2,,,TD,TD,1,DI,0.72,0.66,1.02,0.00,0,0,0,0,5.93,4.48,5.01,0.00,VMS 2,,Tanque,,1.02,0.96,1.44,0.00,1.03,2.44,2.58,0.00
29/04/2025 10:01 p. m.,Ordeño,06:28,7.72,3,,,,,1,"DI,TD",0.42,0.54,0.84,1.14,0,0,0,0,5.46,4.28,5.08,5.48,VMS 2,,Tanque,,0.78,0.84,1.14,1.56,0.46,1.32,1.24,4.70
30/04/2025 08:12 a. m.,Ordeño,09:33,13.00,1,,,,,1,DI,0.78,0.66,1.14,1.14,0,0,0,0,5.80,4.65,5.25,4.99,VMS 2,,Tanque,,1.14,1.14,1.44,1.62,1.32,3.38,3.64,4.66
01/05/2025 02:39 a. m.,Ordeño,11:30,18.81,1,,,,,1,DI,0.84,0.66,1.08,1.20,0,0,325,0,5.75,4.65,5.25,5.13,VMS 2,,Tanque,,1.26,1.20,1.50,1.74,1.93,4.62,5.50,6.76
01/05/2025 10:38 a. m.,Ordeño,09:20,7.89,2,,,,,1,DI,0.42,0.60,0.96,1.08,0,0,0,418,5.48,3.85,4.47,4.56,VMS 2,,Tanque,,0.96,0.96,1.32,1.68,0.75,2.39,2.27,2.48
02/05/2025 02:48 a. m.,Ordeño,10:21,16.83,1,,,,,1,DI,0.90,0.60,1.14,1.20,0,0,0,0,6.39,4.51,5.10,5.11,VMS 2,,Tanque,,1.38,0.90,1.50,1.50,2.15,4.05,4.87,5.76
03/05/2025 01:22 a. m.,Ordeño,13:36,18.68,1,,,DI,DI,1,,0.00,0.72,0.96,1.38,0,0,0,0,0.00,4.73,5.23,5.07,VMS 2,,Tanque,,0.00,1.08,1.44,1.80,0.00,5.12,5.40,8.16
03/05/2025 02:21 p. m.,Ordeño,08:07,14.86,2,,,,,1,DI,1.02,0.66,1.02,1.20,0,322,0,0,7.04,3.90,4.17,4.46,VMS 2,,Tanque,,1.50,1.02,1.50,1.74,2.89,3.32,4.30,4.35
04/05/2025 03:02 a. m.,Ordeño,11:27,10.78,1,,,,,1,DI,0.30,0.66,1.20,1.02,0,0,0,0,5.39,4.28,4.80,4.68,VMS 2,,Tanque,,0.66,1.26,1.56,1.56,0.88,2.72,4.01,3.17
05/05/2025 06:11 a. m.,Ordeño,09:34,11.71,1,,,TD,TD,1,DI,0.60,0.84,1.38,0.30,0,0,0,0,5.52,4.26,4.51,1.81,VMS 2,,Tanque,,1.26,1.32,2.04,0.48,1.22,4.20,6.24,0.05
05/05/2025 11:08 a. m.,Ordeño,09:05,8.30,2,,,,DI,1,TI,0.00,0.72,1.08,1.02,0,0,0,0,0.00,3.72,4.96,4.20,VMS 2,,Tanque,,0.00,1.08,1.56,1.50,0.00,1.18,5.56,1.56
06/05/2025 01:35 a. m.,Ordeño,08:09,13.80,1,,,,,1,DI,0.84,0.66,1.02,1.20,0,0,539,0,6.88,4.17,4.42,4.56,VMS 2,,Tanque,,1.38,1.08,1.50,1.62,1.87,3.45,3.27,5.21
08/05/2025 07:46 p. m.,Ordeño,07:56,16.63,3,,,,,1,DI,0.78,0.72,1.14,1.26,0,0,327,0,6.40,4.39,5.15,5.17,VMS 2,,Tanque,,1.32,1.14,1.56,1.74,1.28,3.23,5.32,6.80
09/05/2025 07:35 a. m.,Ordeño,09:03,8.79,1,,"DI,TI",TD,TD,1,DI,0.66,0.78,1.26,0.00,0,0,0,0,5.80,4.31,4.30,0.00,VMS 2,,Tanque,,1.20,1.20,1.86,0.00,0.93,3.52,4.34,0.00
09/05/2025 02:38 p. m.,Ordeño,10:01,10.50,2,,TD,,,1,"DI,TI",0.30,0.78,1.20,0.84,0,0,0,322,6.02,4.19,5.01,4.42,VMS 2,,Tanque,,0.66,1.08,1.80,1.20,0.49,1.94,6.99,1.08
11/05/2025 12:50 a. m.,Ordeño,09:42,16.81,1,,,,,1,"DI,TI",0.96,0.78,1.14,1.08,0,0,333,0,6.55,4.36,5.08,4.45,VMS 2,,Tanque,,1.32,1.14,1.44,1.62,1.58,4.08,6.26,4.89
11/05/2025 11:08 a. m.,Ordeño,09:07,9.53,2,,,,,1,DI,0.30,0.78,1.02,0.90,0,0,0,0,5.45,4.00,4.27,4.44,VMS 2,,Tanque,,0.60,1.14,1.62,1.68,0.54,3.23,2.42,3.34
12/05/2025 01:29 a. m.,Ordeño,09:50,11.91,1,,,DI,DI,1,,0.12,0.72,0.96,1.14,0,0,0,0,2.14,4.27,4.68,4.64,VMS 2,,Tanque,,0.36,1.08,1.38,1.68,0.05,3.73,3.21,4.92
13/05/2025 10:10 a. m.,Ordeño,11:41,17.05,1,,TD,,,1,DI,0.84,0.72,1.08,1.08,0,0,0,0,7.30,5.41,5.39,5.10,VMS 2,,Tanque,,1.20,1.20,1.80,1.68,1.46,5.21,5.46,4.92
14/05/2025 03:45 a. m.,Ordeño,08:37,16.14,1,,,,,1,"DI,TD",0.42,0.78,1.08,1.20,0,0,0,0,5.55,4.38,4.96,5.48,VMS 2,,Tanque,,0.90,1.20,1.44,2.28,0.95,3.96,4.28,6.95
15/05/2025 01:15 p. m.,Ordeño,07:42,14.00,2,,,,,1,"DI,TD",0.84,0.72,1.02,1.08,0,0,0,0,7.37,4.73,5.37,5.83,VMS 2,,Tanque,,1.26,1.14,1.38,1.62,1.23,3.09,4.96,4.72
15/05/2025 10:06 p. m.,Ordeño,09:31,5.65,3,,TI,TD,TD,1,DI,0.42,0.66,0.90,0.00,0,0,0,0,6.30,4.26,4.63,0.00,VMS 2,,Tanque,,0.78,0.96,1.38,0.00,0.90,2.44,2.31,0.00
16/05/2025 05:35 a. m.,Ordeño,10:06,7.94,1,,,,DI,1,TI,0.00,0.66,1.14,0.90,0,0,0,0,0.00,4.18,5.30,4.94,VMS 2,,Tanque,,0.00,1.14,1.56,1.26,0.00,1.90,4.31,1.73
17/05/2025 07:53 a. m.,Ordeño,09:43,17.82,2,,,,,1,DI,0.84,0.72,1.08,1.20,0,0,0,0,8.11,4.71,5.72,5.81,VMS 2,,Tanque,,1.20,1.20,1.50,1.74,1.35,3.79,6.21,6.47
18/05/2025 12:51 a. m.,Ordeño,10:16,7.66,1,,,TI,TI,1,,0.48,0.78,0.00,1.02,0,0,0,0,5.27,4.45,0.00,4.91,VMS 2,,Tanque,,1.02,1.20,0.00,1.50,0.76,3.95,0.00,2.95
18/05/2025 04:50 p. m.,Ordeño,08:36,12.38,2,,,,,1,TD,0.24,0.72,0.96,1.20,0,0,0,0,4.83,4.19,4.68,5.80,VMS 2,,Tanque,,0.60,1.08,1.50,1.86,0.64,3.31,2.69,5.74
19/05/2025 02:12 a. m.,Ordeño,07:58,4.37,1,,,TI,TI,1,DI,0.24,0.72,0.12,0.72,0,0,0,0,5.57,4.06,2.81,4.67,VMS 2,,Tanque,,0.42,1.08,0.24,1.26,0.34,2.22,0.06,1.75
20/05/2025 03:33 a. m.,Ordeño,11:04,7.03,1,,,TI,TI,1,TD,0.30,0.72,0.00,0.90,0,0,0,0,4.50,4.53,0.00,5.37,VMS 2,,Tanque,,0.90,1.20,0.00,1.38,0.50,3.90,0.00,2.63
20/05/2025 07:30 a. m.,Ordeño,09:24,6.19,2,,,,TD,1,"DI,TI",0.42,0.66,1.14,0.00,0,0,0,0,6.45,3.94,5.56,0.00,VMS 2,,Tanque,,0.78,1.08,2.04,0.00,0.59,1.09,4.51,0.00
21/05/2025 10:07 a. m.,Ordeño,08:50,10.24,2,,,,,1,"DI,TD",0.36,0.72,0.96,0.96,0,0,0,0,6.01,4.61,5.35,6.14,VMS 2,,Tanque,,0.54,1.14,1.32,1.38,0.37,2.80,3.82,3.25
21/05/2025 05:58 p. m.,Ordeño,11:57,4.82,3,,,TI,TI,1,DI,0.78,0.72,0.00,0.96,0,0,0,0,7.84,4.40,0.00,4.82,VMS 2,,Tanque,,1.32,1.14,0.00,1.44,1.14,1.92,0.00,1.76
22/05/2025 07:37 a. m.,Ordeño,10:00,9.68,2,,,,,1,"TI,TD",0.24,0.72,1.08,0.96,0,0,0,0,5.05,4.25,6.07,5.40,VMS 2,,Tanque,,0.54,1.08,1.44,1.62,0.36,1.90,4.24,3.18
23/05/2025 03:26 p. m.,Ordeño,06:49,7.48,3,,,,,1,"DI,TI",0.36,0.66,1.14,0.90,0,0,0,0,6.18,4.16,6.36,5.08,VMS 2,,Tanque,,0.48,1.14,1.50,1.56,0.42,1.23,4.62,1.21
24/05/2025 09:35 a. m.,Ordeño,10:35,10.25,1,,TI,TI,,1,DI,0.78,0.78,1.02,1.08,0,0,0,0,7.77,4.67,4.89,5.28,VMS 2,,Tanque,,1.26,1.14,1.62,1.44,1.39,4.28,1.73,2.85
24/05/2025 05:12 p. m.,Ordeño,09:40,6.26,2,,,,TI,1,TD,0.24,0.72,0.00,1.02,0,0,0,0,4.92,3.81,0.00,5.58,VMS 2,,Tanque,,0.66,1.20,0.00,1.62,0.31,1.81,0.00,4.14
25/05/2025 07:22 a. m.,Ordeño,08:16,10.00,1,,,,,1,TD,0.24,0.66,0.96,1.08,0,0,0,0,4.45,4.12,4.52,6.14,VMS 2,,Tanque,,0.60,1.14,1.50,1.50,0.36,3.39,2.63,3.62
26/05/2025 03:38 p. m.,Ordeño,09:11,6.27,2,,,TI,TI,1,,0.24,0.78,0.00,0.96,0,0,0,0,5.00,4.25,0.00,4.49,VMS 2,,Tanque,,0.60,1.26,0.00,1.38,0.31,3.20,0.00,2.76
27/05/2025 12:24 a. m.,Ordeño,10:06,8.61,1,,,,,1,"DI,TD",0.24,0.66,1.02,1.20,0,0,0,0,5.70,4.01,4.70,6.27,VMS 2,,Tanque,,0.66,1.02,1.50,1.80,0.26,2.26,1.80,4.29
27/05/2025 03:13 p. m.,Ordeño,09:19,9.43,2,,TI,,,1,DI,0.30,0.78,1.14,1.02,0,0,0,0,5.82,4.54,5.16,5.05,VMS 2,,Tanque,,0.66,1.38,1.56,1.56,0.36,3.71,2.59,2.77
28/05/2025 05:42 a. m.,Ordeño,12:19,6.81,1,,TD,TI,TI,1,DI,0.54,0.72,0.00,0.90,0,0,0,0,6.10,4.43,0.00,4.99,VMS 2,,Tanque,,1.08,1.26,0.00,1.38,0.69,3.05,0.00,3.07
28/05/2025 11:17 a. m.,Ordeño,08:34,7.29,2,,,,,1,"DI,TI",0.36,0.66,1.14,0.90,0,0,0,0,6.23,3.81,6.40,5.06,VMS 2,,Tanque,,0.66,1.08,1.92,1.38,0.51,1.86,3.52,1.40
29/05/2025 08:02 a. m.,Ordeño,11:11,9.11,1,,TD,TD,,1,,0.36,0.72,1.08,1.08,0,0,0,0,5.03,4.59,5.31,4.96,VMS 2,,Tanque,,0.96,1.20,1.38,2.04,0.58,4.25,2.69,1.59
30/05/2025 10:01 a. m.,Ordeño,07:40,12.50,1,,,,,1,"DI,TD",0.54,0.78,1.02,1.20,0,0,0,0,5.90,4.55,5.10,7.97,VMS 2,,Tanque,,1.02,1.32,1.80,2.04,0.60,3.58,3.40,4.92
31/05/2025 03:12 a. m.,Ordeño,11:11,7.36,1,,,TI,TI,1,,0.42,0.72,0.00,1.08,0,0,0,0,5.09,4.44,0.00,4.79,VMS 2,,Tanque,,0.84,1.26,0.00,1.74,0.45,3.27,0.00,3.64
01/06/2025 12:20 a. m.,Ordeño,07:34,8.04,1,,DI,,,1,"DI,TI",0.24,0.66,0.96,1.02,0,0,0,0,5.83,4.36,7.22,5.32,VMS 2,,Tanque,,0.78,1.08,1.50,1.56,0.23,2.51,1.92,3.38
03/06/2025 12:44 p. m.,Ordeño,10:39,6.45,2,,,,TD,1,DI,0.84,0.72,1.08,0.00,0,0,0,0,7.30,3.95,5.15,0.00,VMS 2,,Tanque,,1.38,1.08,1.56,0.00,1.46,1.76,3.23,0.00
04/06/2025 03:30 a. m.,Ordeño,08:14,9.83,1,,,,,1,TD,0.24,0.66,0.90,1.08,0,0,0,0,4.03,4.60,4.79,8.11,VMS 2,,Tanque,,0.42,1.02,1.38,1.74,0.31,3.31,2.75,3.46
04/06/2025 03:40 p. m.,Ordeño,08:01,6.81,2,,,,,1,TD,0.24,0.84,1.08,0.96,0,0,0,0,4.62,4.48,4.92,6.41,VMS 2,,Tanque,,0.60,1.26,1.44,1.38,0.39,3.02,2.39,1.01
05/06/2025 03:35 a. m.,Ordeño,08:30,6.55,1,,DI,,,1,TD,0.24,0.84,1.02,0.90,0,0,0,0,4.42,4.62,4.97,5.89,VMS 2,,Tanque,,0.48,1.32,1.38,1.44,0.25,2.96,2.34,1.00
05/06/2025 03:18 p. m.,Ordeño,06:01,6.95,2,,,,,1,TD,0.54,0.96,1.02,0.96,0,0,0,0,4.92,4.54,4.95,6.09,VMS 2,,Tanque,,0.96,1.38,1.38,1.44,0.40,2.94,2.33,1.28
06/06/2025 03:10 a. m.,Ordeño,06:59,4.20,1,,,,,1,"TI,TD",0.42,0.66,1.08,1.02,0,0,0,0,4.68,3.96,5.30,6.63,VMS 2,,Tanque,,0.96,1.02,1.44,1.56,0.35,0.84,1.82,1.19
06/06/2025 10:42 a. m.,Ordeño,05:44,3.62,2,,,,,1,TD,0.54,0.84,1.02,0.90,0,0,0,0,4.29,3.96,4.70,5.55,VMS 2,,Tanque,,0.96,1.38,1.38,1.44,0.40,1.12,1.23,0.87
06/06/2025 10:29 p. m.,Ordeño,04:56,5.62,3,,,,,1,"DI,TD",0.66,0.90,1.08,1.14,0,0,383,0,4.83,3.83,4.51,5.05,VMS 2,,Tanque,,1.02,1.26,1.44,1.68,0.63,1.83,1.81,1.35
07/06/2025 09:48 a. m.,Ordeño,04:53,6.24,1,,,,,1,"DI,TD",0.90,0.84,1.14,1.14,0,0,485,0,4.96,3.85,4.59,5.17,VMS 2,,Tanque,,1.50,1.32,1.56,1.68,1.15,1.76,1.82,1.51
07/06/2025 11:51 p. m.,Ordeño,05:56,9.62,2,,TD,,,1,"DI,TD",0.96,0.90,1.08,1.14,392,371,479,0,4.96,3.71,4.44,4.83,VMS 2,,Tanque,,1.38,1.32,1.44,1.98,1.89,2.82,2.84,2.07
09/06/2025 05:33 a. m.,Ordeño,05:51,9.66,1,,TD,,,1,TD,1.02,0.90,1.20,1.32,390,366,578,0,4.71,3.91,4.49,4.84,VMS 2,,Tanque,,1.50,1.32,1.56,2.04,1.95,2.85,2.85,2.01
09/06/2025 12:55 p. m.,Ordeño,04:28,5.64,2,,,,,1,TD,0.96,0.84,1.14,1.08,487,362,884,0,4.55,3.77,4.44,4.99,VMS 2,,Tanque,,1.38,1.26,1.56,1.92,1.30,1.59,1.52,1.23
09/06/2025 09:43 p. m.,Ordeño,05:09,7.28,3,,,,,1,,0.96,0.84,1.14,1.26,387,660,780,0,4.43,3.85,4.52,4.69,VMS 2,,Tanque,,1.32,1.26,1.56,1.92,1.69,2.02,2.04,1.53
10/06/2025 07:08 a. m.,Ordeño,05:51,9.05,1,,,,,1,TD,0.96,0.78,1.20,1.20,0,356,476,0,4.47,3.86,4.51,4.97,VMS 2,,Tanque,,1.32,1.38,1.62,1.86,2.12,2.48,2.55,1.90
11/06/2025 04:22 p. m.,Ordeño,06:22,9.73,2,,,,,1,,0.90,0.84,1.20,1.14,0,0,563,0,4.49,4.04,4.55,4.80,VMS 2,,Tanque,,1.32,1.20,1.74,1.80,2.11,2.74,2.87,2.01
12/06/2025 04:22 p. m.,Ordeño,05:35,8.24,3,,,,,1,TD,1.02,0.84,1.14,1.08,0,0,553,0,4.35,4.10,4.50,4.88,VMS 2,,Tanque,,1.38,1.32,1.62,1.56,1.87,2.29,2.40,1.68
19/06/2025 02:18 p. m.,Ordeño,08:11,14.50,2,,,,,1,TD,1.02,0.66,1.20,1.08,0,0,0,0,4.55,4.40,4.69,5.19,VMS 3,,Tanque,,1.44,1.08,1.62,1.44,4.20,3.38,4.24,2.68
20/06/2025 06:26 p. m.,Ordeño,07:25,12.43,2,,,,,1,,1.02,0.72,1.26,1.08,0,0,0,0,4.51,4.50,4.42,4.98,VMS 3,,Tanque,,1.32,1.08,1.62,1.80,3.64,2.84,3.63,2.32
21/06/2025 04:24 a. m.,Ordeño,08:01,12.00,1,,,,,1,,0.96,0.72,1.26,1.08,0,0,0,0,4.60,4.52,4.29,5.04,VMS 3,,Tanque,,1.32,1.26,1.62,1.56,3.49,2.82,3.52,2.17
21/06/2025 04:04 p. m.,Ordeño,07:13,13.88,2,,,,,1,,1.02,0.78,1.32,1.08,0,0,0,0,4.63,4.55,4.42,5.14,VMS 3,,Tanque,,1.44,1.14,1.68,1.62,4.20,3.28,3.92,2.48
22/06/2025 10:39 p. m.,Ordeño,08:35,14.77,3,,,,,1,TD,1.08,0.72,1.26,1.02,0,0,0,0,4.71,4.69,4.49,5.32,VMS 3,,Tanque,,1.56,1.14,1.62,1.38,4.54,3.41,4.46,2.36
23/06/2025 11:57 a. m.,Ordeño,08:32,17.84,1,,,,,1,TD,1.08,0.78,1.38,1.08,0,0,0,0,4.69,4.72,4.42,5.46,VMS 3,,Tanque,,1.44,1.20,1.74,1.56,5.51,4.13,5.33,2.87
23/06/2025 11:38 p. m.,Ordeño,07:01,13.50,2,,,,,1,TD,1.02,0.78,1.32,1.08,0,0,0,0,4.56,4.59,4.83,5.32,VMS 3,,Tanque,,1.50,1.14,1.74,1.50,4.21,3.10,4.03,2.16
24/06/2025 09:12 a. m.,Ordeño,06:39,12.22,1,,,,,1,TD,1.08,0.72,1.32,1.08,0,0,0,0,4.66,4.77,4.86,5.54,VMS 3,,Tanque,,1.56,1.14,1.68,1.62,3.97,2.78,3.44,2.03
24/06/2025 08:20 p. m.,Ordeño,07:24,12.55,2,,,,,1,TD,1.02,0.66,1.26,1.08,0,0,0,0,4.59,4.70,4.96,5.45,VMS 3,,Tanque,,1.38,0.96,1.68,1.50,4.08,2.81,3.66,2.00
25/06/2025 05:44 a. m.,Ordeño,08:23,11.59,1,,,,,1,,1.02,0.72,1.20,1.08,0,0,0,0,4.58,4.78,5.04,5.29,VMS 3,,Tanque,,1.44,1.08,1.62,1.44,3.80,2.55,3.38,1.86
26/06/2025 03:21 p. m.,Ordeño,08:25,11.03,2,,,,,1,TD,0.96,0.66,1.20,1.02,0,0,0,0,4.52,4.78,4.98,5.42,VMS 3,,Tanque,,1.32,1.02,1.56,1.56,3.71,2.35,3.11,1.86
27/06/2025 01:03 p. m.,Ordeño,08:43,17.81,2,,,,,1,TD,0.96,0.78,1.20,1.08,0,0,0,0,4.59,4.78,4.95,5.98,VMS 3,,Tanque,,1.44,1.08,1.62,1.44,5.23,3.51,4.69,4.38
28/06/2025 09:26 a. m.,Ordeño,08:33,16.75,1,,,,,1,,1.02,0.72,1.26,0.90,0,0,0,0,4.84,4.90,5.16,5.34,VMS 3,,Tanque,,1.44,1.08,1.68,1.86,5.17,3.82,5.12,2.64
28/06/2025 07:29 p. m.,Ordeño,07:41,13.27,2,,DI,,,1,TD,0.96,0.78,1.20,0.96,320,0,0,0,4.54,4.63,4.93,5.67,VMS 3,,Tanque,,1.32,1.14,1.74,1.32,4.11,3.10,4.00,2.06
29/06/2025 09:23 a. m.,Ordeño,09:18,18.33,1,,,,,1,TD,0.90,0.72,1.14,0.96,0,0,0,0,4.67,4.71,4.82,5.69,VMS 3,,Tanque,,1.32,1.08,1.56,1.38,5.73,4.04,5.66,2.90
29/06/2025 06:47 p. m.,Ordeño,07:43,11.51,2,,DI,,,1,TD,0.96,0.66,1.26,1.14,0,0,0,0,4.40,4.53,4.87,5.38,VMS 3,,Tanque,,1.26,1.02,1.74,1.50,3.71,2.60,3.50,1.70
30/06/2025 05:55 a. m.,Ordeño,08:41,14.45,1,,,,,1,TD,0.90,0.66,1.14,1.14,0,0,0,0,4.67,4.93,5.18,5.85,VMS 3,,Tanque,,1.20,0.96,1.56,1.86,4.57,3.20,4.40,2.28
30/06/2025 03:16 p. m.,Ordeño,07:20,13.66,2,,,,,1,TI,1.14,0.66,1.14,1.26,0,0,0,0,4.53,4.72,5.63,5.02,VMS 3,,Tanque,,1.74,1.02,1.80,1.80,4.62,3.03,2.07,3.94
30/06/2025 10:29 p. m.,Ordeño,06:40,9.33,3,,,,,1,TD,0.90,0.60,1.20,0.96,0,0,0,0,4.27,4.53,4.81,5.08,VMS 3,,Tanque,,1.44,0.96,1.56,1.44,3.11,2.13,2.72,1.37
01/07/2025 06:08 a. m.,Ordeño,11:32,9.55,1,,,,,1,TD,0.84,0.60,1.32,0.96,0,0,0,0,4.55,4.64,4.82,5.49,VMS 3,,Tanque,,1.62,0.90,1.68,1.32,3.05,2.24,2.69,1.57
01/07/2025 03:07 p. m.,Ordeño,07:56,11.59,2,,,,,1,TD,0.90,0.66,1.14,0.96,0,0,0,0,4.52,4.71,4.97,5.43,VMS 3,,Tanque,,1.44,1.08,1.50,1.56,3.77,2.59,3.31,1.92
01/07/2025 10:09 p. m.,Ordeño,08:44,9.18,3,,,,,1,,0.90,0.60,1.08,0.96,0,0,0,0,4.44,4.59,4.82,5.11,VMS 3,,Tanque,,1.26,0.96,1.56,1.38,2.93,2.08,2.71,1.46
02/07/2025 08:59 a. m.,Ordeño,07:56,14.85,1,,,,,1,TD,0.96,0.66,1.20,0.96,0,0,0,0,4.80,4.91,5.04,5.63,VMS 3,,Tanque,,1.44,1.08,1.74,1.38,4.64,3.37,4.52,2.32
02/07/2025 05:56 p. m.,Ordeño,07:44,11.74,2,,,,,1,TD,0.96,0.60,1.14,1.02,0,0,0,0,4.50,4.50,4.84,5.32,VMS 3,,Tanque,,1.44,0.90,1.56,1.74,3.72,2.69,3.47,1.86
03/07/2025 02:23 a. m.,Ordeño,06:30,11.66,1,,,,,1,TD,0.96,0.72,1.26,1.02,0,0,0,0,4.59,4.56,4.91,5.37,VMS 3,,Tanque,,1.62,1.32,1.62,1.56,3.77,2.61,3.51,1.77
03/07/2025 11:51 a. m.,Ordeño,07:44,13.10,2,,,,,1,,0.90,0.60,1.20,1.02,0,0,0,0,4.76,4.79,5.05,5.44,VMS 3,,Tanque,,1.32,0.96,1.56,1.38,3.82,3.02,4.09,2.17
03/07/2025 09:16 p. m.,Ordeño,07:32,12.21,3,,,,,1,TD,0.84,0.72,1.14,1.02,0,0,0,389,4.45,4.59,4.85,5.34,VMS 3,,Tanque,,1.26,1.14,1.50,1.38,4.03,2.77,3.64,1.77
04/07/2025 08:09 a. m.,Ordeño,08:29,15.70,1,,,,,1,TD,1.02,0.78,1.26,1.08,0,0,0,0,4.58,4.66,4.97,5.49,VMS 3,,Tanque,,1.98,1.26,1.56,1.50,5.18,3.43,4.71,2.38
04/07/2025 04:27 p. m.,Ordeño,10:06,10.94,2,,,,,1,TD,0.78,0.72,1.20,0.96,0,0,0,0,4.42,4.65,4.88,5.48,VMS 3,,Tanque,,1.32,1.14,1.50,1.26,3.74,2.42,3.15,1.63
05/07/2025 05:53 a. m.,Ordeño,05:50,9.05,2,,,,,1,TD,0.96,0.54,1.14,1.02,0,0,0,0,4.37,4.37,4.82,5.80,VMS 3,,Tanque,,1.56,0.96,1.56,1.44,2.88,1.69,2.09,2.39
07/07/2025 01:46 p. m.,Ordeño,09:05,8.86,2,,,,,1,,0.90,0.66,1.14,0.90,0,0,0,0,4.61,4.59,4.86,5.24,VMS 3,,Tanque,,1.44,1.14,1.56,1.20,2.88,1.95,2.69,1.34
07/07/2025 09:40 p. m.,Ordeño,07:43,10.29,3,,,,,1,,0.96,0.60,1.14,0.90,0,0,0,0,4.49,4.60,4.92,5.22,VMS 3,,Tanque,,1.38,0.96,1.68,1.62,3.73,2.23,2.95,1.38
08/07/2025 09:18 a. m.,Ordeño,09:33,16.81,1,,,,,1,TD,1.08,0.60,1.20,0.90,0,0,0,0,4.75,4.87,5.13,5.55,VMS 3,,Tanque,,1.56,0.90,1.56,1.38,5.56,3.68,5.17,2.40
09/07/2025 06:49 a. m.,Ordeño,08:13,14.73,1,,,,,1,TD,0.96,0.60,1.26,0.96,0,0,0,0,4.63,4.72,4.99,5.76,VMS 3,,Tanque,,1.50,1.02,1.62,1.38,5.19,3.20,4.24,2.10
09/07/2025 02:48 p. m.,Ordeño,08:37,11.43,2,,,,,1,,0.96,0.66,1.08,0.90,0,0,0,0,4.64,4.66,4.80,5.34,VMS 3,,Tanque,,1.56,1.02,1.44,1.26,3.86,2.46,3.42,1.69
09/07/2025 09:31 p. m.,Ordeño,06:51,9.94,3,,,,,1,,0.96,0.66,1.20,0.96,0,0,0,0,4.42,4.58,4.79,5.04,VMS 3,,Tanque,,1.50,1.08,1.56,1.32,3.51,2.27,2.83,1.33
10/07/2025 07:07 a. m.,Ordeño,08:22,15.34,1,,,,,1,TD,1.08,0.72,1.32,1.08,0,0,0,0,4.63,4.78,4.84,5.65,VMS 3,,Tanque,,1.74,1.14,1.74,1.38,5.34,3.28,4.46,2.26
10/07/2025 03:44 p. m.,Ordeño,07:55,12.73,2,,,,,1,TD,1.02,0.66,1.20,0.90,0,0,0,0,4.53,4.59,4.83,5.41,VMS 3,,Tanque,,1.56,1.08,1.50,1.50,4.54,2.86,3.64,1.69
11/07/2025 03:22 p. m.,Ordeño,10:21,16.87,2,,,,,1,TI,0.90,0.60,1.62,0.96,0,0,0,0,4.76,4.80,6.74,5.21,VMS 3,,Tanque,,1.62,0.90,4.38,1.50,4.01,2.74,8.37,1.75
11/07/2025 10:59 p. m.,Ordeño,08:09,12.62,3,,,,,1,,0.84,0.66,2.22,0.90,0,0,0,0,4.60,4.70,4.84,5.30,VMS 3,,Tanque,,1.44,1.20,0.34,1.74,3.87,2.84,4.25,1.66
12/07/2025 11:37 a. m.,Ordeño,09:05,7.41,2,,DI,,,1,TD,0.90,0.60,1.50,0.96,0,0,302,0,4.14,4.24,4.80,5.71,VMS 3,,Tanque,,1.44,1.02,2.94,1.68,1.95,1.36,1.53,2.57
13/07/2025 05:18 p. m.,Ordeño,08:59,21.61,3,,,,,1,TD,1.14,0.78,1.32,1.20,0,0,0,0,4.69,4.65,4.84,7.44,VMS 3,,Tanque,,1.86,1.20,1.62,1.56,6.97,4.66,5.28,4.70
14/07/2025 12:09 a. m.,Ordeño,07:32,9.30,1,,,,,1,TD,1.20,0.72,1.08,0.84,0,0,0,0,4.11,4.11,4.34,4.79,VMS 3,,Tanque,,1.86,1.08,1.56,1.26,3.83,2.12,2.33,1.02
15/07/2025 05:53 a. m.,Ordeño,08:41,15.16,1,,,,,1,TD,0.90,0.66,1.14,1.02,0,0,0,0,5.15,4.94,5.18,5.97,VMS 3,,Tanque,,1.32,1.08,1.50,1.74,5.12,3.59,4.37,2.08
15/07/2025 01:20 p. m.,Ordeño,07:28,11.54,2,,,,,1,TD,0.90,0.66,0.96,0.96,0,0,0,0,4.79,4.77,4.95,5.52,VMS 3,,Tanque,,1.44,1.26,1.32,1.38,4.08,2.74,3.15,1.57
15/07/2025 09:18 p. m.,Ordeño,09:10,11.67,3,,DI,,,1,,0.78,0.60,1.02,0.90,0,0,388,0,4.69,4.79,5.07,5.21,VMS 3,,Tanque,,1.56,1.02,1.38,1.26,4.04,2.71,3.29,1.63
16/07/2025 07:28 a. m.,Ordeño,09:54,14.83,1,,,,,1,,0.84,0.72,1.14,0.84,0,0,0,0,4.70,4.92,4.94,5.46,VMS 3,,Tanque,,1.32,1.20,1.56,1.14,4.82,3.61,4.40,2.00
16/07/2025 04:19 p. m.,Ordeño,07:47,13.12,2,,DI,,,1,,0.90,0.66,1.08,0.90,0,0,0,0,4.55,4.72,4.83,5.27,VMS 3,,Tanque,,1.56,1.02,1.38,1.20,4.47,2.98,3.84,1.83
17/07/2025 05:13 p. m.,Ordeño,08:31,13.28,2,,,,,1,,0.96,0.78,1.14,1.02,0,0,0,0,4.72,4.80,5.06,5.19,VMS 3,,Tanque,,1.32,1.26,1.56,1.44,4.33,3.18,3.88,1.89
18/07/2025 04:24 p. m.,Ordeño,08:05,12.02,2,,,,,1,,0.90,0.66,1.14,0.96,0,0,0,0,4.79,4.73,4.93,5.25,VMS 3,,Tanque,,1.38,1.08,1.50,1.50,3.86,2.84,3.44,1.88
18/07/2025 10:35 p. m.,Ordeño,07:53,9.24,3,,,,,1,,0.96,0.66,1.08,0.90,0,0,0,0,4.64,4.64,4.90,5.19,VMS 3,,Tanque,,1.38,1.08,1.44,1.38,3.20,2.25,2.60,1.19
19/07/2025 08:16 a. m.,Ordeño,07:54,15.18,1,,DI,,,1,TD,0.90,0.72,1.20,0.96,0,0,0,0,4.85,4.80,5.01,5.59,VMS 3,,Tanque,,1.32,1.14,1.68,1.38,4.85,3.55,4.54,2.24
23/07/2025 11:16 a. m.,Ordeño,07:23,13.31,2,,,,,1,,0.90,0.66,1.02,1.02,0,0,0,0,4.58,4.77,4.91,5.18,VMS 3,,Tanque,,1.38,1.14,1.44,1.44,4.45,3.14,4.02,1.70
23/07/2025 09:15 p. m.,Ordeño,09:07,12.56,3,,,,,1,,0.96,0.66,1.02,0.96,0,0,0,0,4.30,4.54,4.69,4.43,VMS 3,,Tanque,,1.38,1.20,1.44,1.50,4.01,2.87,3.67,2.01
24/07/2025 06:31 a. m.,Ordeño,07:00,12.83,1,,,,,1,,1.08,0.78,1.26,0.96,0,0,0,0,4.30,4.40,4.53,4.92,VMS 3,,Tanque,,1.50,1.26,1.56,1.68,4.34,3.11,3.66,1.72
25/07/2025 11:46 a. m.,Ordeño,08:18,18.57,1,,DI,,,1,,1.02,0.84,1.26,1.08,0,0,0,0,5.07,4.97,5.13,5.47,VMS 3,,Tanque,,1.74,1.20,1.62,1.44,5.64,4.48,5.75,2.70
25/07/2025 09:33 p. m.,Ordeño,10:25,14.70,2,,,,,1,,1.02,0.78,1.14,0.96,0,0,0,0,4.49,4.53,4.78,5.09,VMS 3,,Tanque,,1.38,1.26,1.56,1.56,4.80,3.64,4.32,1.94
26/07/2025 09:56 a. m.,Ordeño,09:23,19.27,1,,,,,1,TD,0.96,0.72,1.14,1.02,0,0,0,0,4.66,4.82,4.90,5.46,VMS 3,,Tanque,,1.32,1.32,1.62,1.62,6.29,4.47,5.85,2.66
26/07/2025 07:25 p. m.,Ordeño,09:53,14.79,2,,,,,1,TD,0.90,0.78,1.08,1.02,0,0,0,0,4.60,4.68,4.94,5.40,VMS 3,,Tanque,,1.50,1.14,1.50,1.68,4.90,3.44,4.43,2.02
27/07/2025 03:57 a. m.,Ordeño,07:20,13.28,1,,,,,1,TD,0.96,0.72,1.08,0.96,0,0,0,0,4.43,4.61,4.76,5.30,VMS 3,,Tanque,,1.44,1.08,1.50,1.38,4.45,3.20,3.83,1.80
27/07/2025 11:43 p. m.,Ordeño,07:46,17.43,3,,,,,1,TD,0.96,0.78,1.08,1.08,0,0,0,0,4.53,4.75,4.88,6.01,VMS 3,,Tanque,,1.38,1.08,1.50,1.80,4.84,3.90,4.68,4.01
28/07/2025 07:50 a. m.,Ordeño,07:27,13.25,1,,,,,1,,0.90,0.72,1.08,0.90,0,0,0,0,4.54,4.62,4.90,4.17,VMS 3,,Tanque,,1.32,1.14,1.56,1.62,4.33,3.16,3.96,1.80
28/07/2025 03:04 p. m.,Ordeño,07:48,10.96,2,,,,,1,,0.96,0.72,1.14,0.90,0,0,0,0,4.46,4.71,4.83,5.23,VMS 3,,Tanque,,1.32,1.20,1.68,1.50,3.59,2.69,3.21,1.47
29/07/2025 05:14 a. m.,Ordeño,09:21,20.82,1,,,,,1,TD,0.96,0.78,1.14,0.96,0,0,0,0,4.86,5.01,5.17,5.80,VMS 3,,Tanque,,1.38,1.20,1.62,1.68,6.13,5.14,6.54,3.01
29/07/2025 02:33 p. m.,Ordeño,09:38,13.89,2,,,,,1,,0.90,0.78,1.08,0.96,0,0,0,0,4.37,4.57,4.68,5.01,VMS 3,,Tanque,,1.50,1.20,1.56,1.38,4.63,3.38,4.11,1.77
31/07/2025 01:37 a. m.,Ordeño,10:03,16.01,1,,,,,1,,0.90,0.72,1.08,1.02,0,0,0,0,4.80,4.82,5.03,5.45,VMS 3,,Tanque,,1.56,1.20,1.62,1.62,4.92,3.81,4.89,2.39
01/08/2025 06:45 a. m.,Ordeño,07:48,13.42,1,,,,,1,TD,0.90,0.72,1.14,1.02,0,0,0,0,4.76,4.81,4.96,5.50,VMS 3,,Tanque,,1.38,1.08,1.50,1.26,4.25,3.21,4.12,1.84
03/08/2025 10:15 a. m.,Ordeño,09:03,13.91,2,,,,,1,,0.84,0.66,1.02,0.84,0,0,0,0,4.54,4.66,4.91,5.25,VMS 3,,Tanque,,1.38,1.08,1.56,1.38,4.41,3.32,4.24,1.94
04/08/2025 02:22 p. m.,Ordeño,11:03,20.19,2,,,,,1,,0.84,0.72,1.08,0.96,0,0,0,0,4.80,4.80,5.04,5.26,VMS 3,,Tanque,,1.44,1.20,1.50,1.32,5.95,4.51,6.88,2.85
05/08/2025 02:24 a. m.,Ordeño,09:23,17.23,1,,,,,1,,0.90,0.72,0.96,0.96,0,0,0,0,4.47,4.52,4.54,5.02,VMS 3,,Tanque,,1.68,1.14,1.44,1.56,5.42,4.19,5.17,2.45
10/08/2025 06:28 a. m.,Ordeño,10:22,13.64,1,,,,,1,,0.90,0.66,1.08,0.96,0,0,0,0,4.34,4.51,4.64,5.00,VMS 3,,Tanque,,1.38,1.02,1.44,1.56,4.49,3.28,4.02,1.85
11/08/2025 02:34 p. m.,Ordeño,10:13,21.71,2,,DI,,,1,,1.02,0.84,1.20,1.08,0,0,0,0,4.81,4.99,4.87,5.29,VMS 3,,Tanque,,1.68,1.50,1.68,1.68,6.97,5.19,6.67,2.88
12/08/2025 01:00 a. m.,Ordeño,11:05,14.00,1,,TD,,,1,,0.96,0.72,1.08,1.02,0,0,0,0,4.49,4.72,4.73,5.15,VMS 3,,Tanque,,1.32,1.14,1.44,1.80,4.33,3.33,4.37,1.97
12/08/2025 10:06 a. m.,Ordeño,16:14,12.20,2,,,,,1,,0.90,0.66,1.02,0.90,0,0,0,0,4.53,4.75,4.89,5.19,VMS 3,,Tanque,,1.38,1.08,1.44,1.44,4.06,2.82,3.78,1.54
12/08/2025 07:43 p. m.,Ordeño,07:58,15.83,3,,"DI,TD",,,1,TD,1.02,0.78,1.14,1.02,0,0,0,0,4.20,4.42,4.48,5.13,VMS 3,,Tanque,,1.56,1.14,1.50,1.56,5.32,3.78,4.58,2.15
16/08/2025 10:33 a. m.,Ordeño,08:21,11.56,2,,,,,1,TD,0.90,0.72,1.02,0.96,0,0,0,0,4.52,4.73,4.90,5.41,VMS 3,,Tanque,,1.44,1.14,1.38,1.56,3.73,2.82,3.44,1.57
16/08/2025 05:59 p. m.,Ordeño,07:22,10.88,3,,,,,1,,0.90,0.66,1.02,0.90,0,0,0,0,4.66,4.79,4.84,5.15,VMS 3,,Tanque,,1.26,1.02,1.38,1.26,3.61,2.56,3.34,1.37
17/08/2025 07:17 a. m.,Ordeño,10:22,19.99,1,,TD,,,1,,1.02,0.66,1.14,1.02,0,0,0,0,4.86,5.08,4.98,5.38,VMS 3,,Tanque,,1.44,1.02,1.50,1.50,6.16,4.60,6.18,3.05
17/08/2025 05:00 p. m.,Ordeño,08:14,13.85,2,,,,,1,TD,0.90,0.72,1.14,0.96,0,0,0,0,4.34,4.48,4.64,5.23,VMS 3,,Tanque,,1.56,1.08,1.68,1.32,4.79,3.21,4.21,1.64
18/08/2025 03:27 a. m.,Ordeño,08:48,14.02,1,,TD,,,1,,0.90,0.66,1.20,1.08,0,0,0,0,4.48,4.54,4.74,4.79,VMS 3,,Tanque,,1.38,1.08,1.74,1.80,4.58,3.22,4.26,1.96
18/08/2025 03:06 p. m.,Ordeño,09:19,16.10,2,,DI,,,1,,0.96,0.72,1.08,1.08,0,0,0,0,4.53,4.70,4.92,5.21,VMS 3,,Tanque,,1.32,1.08,1.50,1.44,5.25,3.75,5.01,2.09
19/08/2025 01:23 a. m.,Ordeño,09:52,13.95,1,,,,,1,,0.84,0.60,1.14,0.96,0,0,0,0,4.50,4.61,4.72,5.14,VMS 3,,Tanque,,1.32,0.96,1.44,1.50,4.71,3.12,4.18,1.94
19/08/2025 01:51 p. m.,Ordeño,08:07,16.54,2,,,,,1,TD,1.08,0.72,1.26,1.14,0,0,0,0,4.56,4.63,4.87,5.43,VMS 3,,Tanque,,1.50,1.20,1.74,1.68,5.51,3.83,5.02,2.18
20/08/2025 02:07 a. m.,Ordeño,09:06,16.50,1,,,,,1,TD,0.90,0.60,1.08,1.02,0,0,0,0,4.68,4.64,4.90,5.41,VMS 3,,Tanque,,1.32,1.08,1.44,1.38,5.53,3.65,5.01,2.31
20/08/2025 04:28 p. m.,Ordeño,09:03,19.53,2,,,,,1,,1.14,0.78,1.20,1.02,0,0,0,0,4.82,5.00,5.12,5.57,VMS 3,,Tanque,,1.50,1.32,1.50,1.32,6.13,4.49,6.15,2.76
21/08/2025 02:07 a. m.,Ordeño,06:24,14.53,1,,,,,1,,1.02,0.72,1.14,1.02,0,0,0,0,4.48,4.60,4.79,5.10,VMS 3,,Tanque,,1.38,1.08,1.56,1.38,5.00,3.40,4.33,1.80
25/08/2025 08:47 a. m.,Ordeño,09:34,15.57,1,,,,,1,,1.08,0.84,1.32,1.08,0,0,0,0,4.75,5.00,4.97,5.31,VMS 3,,Tanque,,1.62,1.14,1.68,1.56,5.25,3.60,4.73,1.99
25/08/2025 04:38 p. m.,Ordeño,08:07,9.27,2,,,,,1,,0.96,0.72,0.96,1.14,0,0,0,0,4.68,4.79,5.31,4.98,VMS 3,,Tanque,,1.44,1.08,1.68,1.80,3.02,2.16,1.70,2.39
25/08/2025 11:43 p. m.,Ordeño,09:26,10.57,3,,,,,1,,0.84,0.72,1.08,0.96,0,0,0,0,4.42,4.65,4.71,4.92,VMS 3,,Tanque,,1.44,1.08,1.92,1.56,3.48,2.43,3.23,1.43
26/08/2025 08:43 p. m.,Ordeño,10:02,16.67,2,,,,,1,TD,0.96,0.72,1.14,1.02,0,0,0,0,4.71,4.79,4.97,6.03,VMS 3,,Tanque,,1.44,1.08,1.56,1.38,5.17,3.49,4.46,3.55
27/08/2025 07:47 a. m.,Ordeño,08:24,15.92,1,,,,,1,,1.02,0.84,1.20,1.02,0,0,0,0,4.69,4.79,4.90,5.12,VMS 3,,Tanque,,1.68,1.38,1.56,1.68,5.27,3.76,5.06,1.83
28/08/2025 05:53 p. m.,Ordeño,07:46,10.98,2,,TD,TI,,1,TI,1.08,0.84,1.02,1.26,0,0,0,0,4.85,4.88,5.64,5.20,VMS 3,,Tanque,,1.62,1.14,1.38,2.34,3.99,2.72,1.72,2.55
01/09/2025 09:05 a. m.,Ordeño,07:23,16.45,1,,,,,1,TD,1.02,0.84,1.20,1.20,0,0,0,0,4.88,4.88,4.93,7.44,VMS 3,,Tanque,,1.50,1.26,1.56,1.56,4.74,3.36,4.53,3.82
01/09/2025 04:42 p. m.,Ordeño,08:14,10.21,2,,,,,1,,1.08,0.84,1.20,0.96,0,0,0,0,4.39,4.61,4.74,4.56,VMS 3,,Tanque,,1.50,1.38,1.62,1.44,3.65,2.48,3.09,0.99
02/09/2025 07:31 a. m.,Ordeño,06:49,10.31,2,,,,,1,TD,1.08,0.78,1.20,1.08,0,0,0,0,4.59,4.68,4.86,5.89,VMS 3,,Tanque,,1.50,1.14,1.56,1.50,3.57,2.27,2.85,1.62
02/09/2025 05:09 p. m.,Ordeño,06:45,12.19,3,,,,,1,TD,1.08,0.72,1.14,0.96,0,0,0,0,4.43,4.64,4.74,5.42,VMS 3,,Tanque,,1.62,1.08,1.50,1.32,4.15,2.83,3.81,1.40
03/09/2025 07:22 a. m.,Ordeño,05:42,8.80,2,,,,,1,TD,1.08,0.78,1.20,1.08,0,0,0,0,4.32,4.62,4.75,6.01,VMS 3,,Tanque,,1.56,1.20,1.80,1.44,2.96,1.68,2.11,2.05
05/09/2025 11:41 a. m.,Ordeño,07:29,17.88,2,,DD,,,1,TD,1.08,0.72,1.26,1.20,0,0,0,0,4.54,4.69,4.89,7.77,VMS 3,,Tanque,,1.62,1.44,1.68,1.56,5.00,3.63,4.88,4.37
06/09/2025 12:58 p. m.,Ordeño,08:03,15.65,2,,,,,1,TD,1.08,0.72,1.14,0.96,0,0,0,0,4.65,4.82,4.94,5.48,VMS 3,,Tanque,,1.56,1.14,1.56,1.38,5.41,3.78,5.08,1.38
07/09/2025 07:48 a. m.,Ordeño,07:03,14.04,1,,,,,1,TD,1.14,0.78,1.26,1.08,0,0,0,0,4.50,4.78,4.88,6.14,VMS 3,,Tanque,,1.62,1.20,1.62,1.44,4.91,3.06,3.96,2.11
08/09/2025 05:42 a. m.,Ordeño,09:55,7.54,2,,,,,1,TD,0.84,0.78,1.14,0.96,0,0,0,0,4.34,4.64,4.87,5.99,VMS 3,,Tanque,,1.44,1.26,1.56,1.62,2.57,1.65,1.79,1.53
09/09/2025 02:05 a. m.,Ordeño,09:16,15.29,1,,,,,1,,1.02,0.78,1.14,0.96,0,0,0,0,4.96,5.03,5.03,5.74,VMS 3,,Tanque,,1.38,1.20,1.62,1.38,5.28,3.60,4.96,1.45
09/09/2025 08:39 a. m.,Ordeño,07:11,9.26,2,,,,,1,TD,1.02,0.72,1.08,0.90,0,0,0,0,4.35,4.49,4.54,5.30,VMS 3,,Tanque,,1.44,1.14,1.44,1.38,3.27,2.24,2.85,0.90
09/09/2025 07:09 p. m.,Ordeño,08:34,12.98,3,,,,,1,TD,0.96,0.72,1.08,0.84,0,0,0,0,4.81,4.81,4.92,5.70,VMS 3,,Tanque,,1.38,1.02,1.50,1.32,4.44,3.00,4.23,1.31
10/09/2025 02:35 a. m.,Ordeño,07:29,9.56,1,,,,,1,TI,1.02,0.72,0.84,1.08,0,0,0,0,4.37,4.60,5.34,4.57,VMS 3,,Tanque,,1.44,1.02,1.26,1.50,3.42,2.31,0.99,2.84
11/09/2025 06:04 p. m.,Ordeño,10:43,22.61,2,,,,,1,TD,1.08,0.72,1.14,1.14,0,0,0,0,5.38,5.20,5.30,9.05,VMS 3,,Tanque,,1.68,1.08,1.56,1.68,7.14,5.00,6.48,3.99
12/09/2025 01:01 a. m.,Ordeño,07:47,9.30,1,,,,,1,,1.02,0.72,1.20,0.72,0,0,0,0,4.37,4.52,4.57,5.10,VMS 3,,Tanque,,1.50,1.02,1.56,1.92,3.55,2.33,2.60,0.82
12/09/2025 04:27 p. m.,Ordeño,08:45,17.10,2,,,TD,,1,TD,1.08,0.78,1.26,0.60,0,0,0,0,4.89,5.07,5.24,6.25,VMS 3,,Tanque,,1.50,1.14,1.62,1.08,5.79,4.37,6.17,0.77
13/09/2025 01:53 a. m.,Ordeño,07:42,12.24,1,,DI,,,1,TD,1.08,0.78,1.14,0.78,0,0,0,0,4.34,4.50,4.58,5.48,VMS 3,,Tanque,,1.56,1.26,1.56,1.32,4.48,3.01,3.96,0.79
13/09/2025 11:01 p. m.,Ordeño,08:42,13.11,3,,,,,1,TD,1.14,0.72,1.20,0.90,0,0,0,0,4.37,4.64,4.88,7.57,VMS 3,,Tanque,,1.56,1.14,1.62,1.26,4.55,2.95,3.99,1.62
14/09/2025 08:08 a. m.,Ordeño,08:25,11.16,1,,,,,1,TI,1.08,0.78,0.90,1.26,0,0,0,0,4.43,4.66,5.99,4.89,VMS 3,,Tanque,,1.62,1.20,1.50,1.62,4.11,2.72,0.75,3.58
15/09/2025 11:14 p. m.,Ordeño,07:03,9.57,4,,,,,1,TI,1.02,0.72,1.02,1.08,0,0,0,0,4.50,4.73,7.97,4.79,VMS 3,,Tanque,,1.44,1.02,1.32,1.44,2.88,1.97,2.10,2.62
16/09/2025 11:09 p. m.,Ordeño,07:10,8.18,3,,,,,1,TD,1.08,0.72,1.08,1.02,0,0,0,0,4.34,4.66,4.62,6.67,VMS 3,,Tanque,,1.50,1.08,1.38,1.50,2.09,2.46,1.64,1.99
18/09/2025 08:04 a. m.,Ordeño,08:13,12.53,1,,DD,,,1,TD,1.08,0.78,1.20,1.08,0,0,0,0,4.54,4.81,4.87,8.24,VMS 3,,Tanque,,1.62,1.14,1.50,1.44,3.82,2.49,3.54,2.68
19/09/2025 08:46 a. m.,Ordeño,09:35,15.05,1,,TI,,,1,TD,1.14,0.84,1.14,1.14,0,0,0,0,4.49,4.66,4.74,7.08,VMS 3,,Tanque,,1.56,1.26,1.62,1.50,5.25,3.41,4.53,1.86
20/09/2025 08:25 a. m.,Ordeño,07:55,9.03,2,,,,,1,TD,1.08,0.72,1.14,0.96,0,0,0,0,4.59,4.75,4.82,8.51,VMS 3,,Tanque,,1.62,1.08,1.44,1.44,2.92,1.96,2.39,1.76
20/09/2025 11:44 p. m.,Ordeño,15:14,8.02,4,,,,,1,TD,0.90,0.66,1.08,0.48,0,0,0,0,4.53,4.88,4.99,6.30,VMS 3,,Tanque,,1.50,1.02,1.50,0.84,2.18,2.05,2.72,1.07
21/09/2025 07:59 a. m.,Ordeño,09:45,11.30,1,,,,,1,TD,1.02,0.66,1.14,0.78,0,0,0,0,4.88,4.96,5.01,6.12,VMS 3,,Tanque,,1.92,1.02,1.56,1.08,4.32,2.70,3.53,0.75
22/09/2025 08:35 a. m.,Ordeño,08:24,10.91,2,,,,,1,TD,1.08,0.72,1.08,0.96,0,0,0,0,4.46,4.70,4.81,9.05,VMS 3,,Tanque,,1.56,1.08,1.44,1.38,3.70,2.27,2.99,1.95
22/09/2025 11:12 p. m.,Ordeño,09:54,16.93,3,,,,,1,TD,1.08,0.72,1.14,0.78,0,0,0,0,4.84,5.05,5.01,7.17,VMS 3,,Tanque,,1.44,1.14,1.56,1.26,5.82,4.13,5.93,1.05
23/09/2025 07:44 a. m.,Ordeño,09:32,10.40,1,,TI,,,1,TD,0.90,0.78,1.14,0.84,0,0,0,0,4.24,4.58,4.62,6.26,VMS 3,,Tanque,,1.74,1.32,1.92,1.20,4.04,2.73,2.92,0.71
23/09/2025 06:51 p. m.,Ordeño,09:37,13.49,2,,DI,,,1,TD,1.02,0.78,1.20,0.78,0,0,0,0,4.65,4.77,4.85,5.96,VMS 3,,Tanque,,1.68,1.26,1.56,1.20,4.65,3.10,4.87,0.87
24/09/2025 09:44 p. m.,Ordeño,06:42,10.35,3,,,,,1,TD,1.08,0.72,1.20,0.90,0,0,0,0,4.35,4.55,4.70,7.17,VMS 3,,Tanque,,1.50,1.20,1.50,1.50,3.35,2.12,2.65,2.23
25/09/2025 05:32 a. m.,Ordeño,11:22,9.03,1,,TD,,,1,,0.84,0.78,1.02,1.26,0,0,0,0,3.22,4.70,5.29,4.67,VMS 3,,Tanque,,1.14,1.26,1.98,1.74,3.12,2.55,0.56,2.80
25/09/2025 05:06 p. m.,Ordeño,11:00,15.23,2,,,,,1,TD,0.90,0.78,1.14,0.96,0,0,0,0,4.00,4.62,4.62,6.53,VMS 3,,Tanque,,1.20,1.20,1.44,1.32,5.34,3.41,4.74,1.74
26/09/2025 11:41 a. m.,Ordeño,12:11,5.82,3,,DI,,,1,TD,0.78,0.72,1.02,0.96,0,0,0,0,2.88,4.24,4.27,5.94,VMS 3,,Tanque,,1.08,1.14,1.44,1.74,1.91,1.45,1.64,0.82
26/09/2025 06:54 p. m.,Ordeño,08:54,10.64,4,,DD,,,1,TD,1.08,0.72,1.14,0.78,0,0,0,0,4.47,4.56,4.61,5.52,VMS 3,,Tanque,,2.04,1.20,1.62,1.14,4.75,2.05,3.27,0.57
27/09/2025 05:49 a. m.,Ordeño,09:15,13.35,1,,,,,1,TD,1.08,0.78,1.20,0.84,0,0,0,0,5.04,4.92,4.91,7.04,VMS 3,,Tanque,,1.56,1.08,1.68,1.20,4.77,3.27,4.50,0.81
28/09/2025 07:23 a. m.,Ordeño,07:11,12.44,1,,,,,1,TD,1.08,0.72,1.20,0.96,0,0,0,0,4.54,4.69,4.81,9.18,VMS 3,,Tanque,,1.56,1.14,1.62,1.38,4.10,2.65,3.51,2.18
28/09/2025 04:49 p. m.,Ordeño,07:37,11.01,2,,DD,,,1,TD,1.14,0.72,1.14,0.84,0,0,0,0,4.61,4.75,4.86,5.75,VMS 3,,Tanque,,1.56,1.38,1.74,1.38,3.92,2.64,3.12,1.33
29/09/2025 12:35 a. m.,Ordeño,07:22,8.94,1,,,TD,,1,TD,1.14,0.78,1.08,0.54,0,0,0,0,4.41,4.69,4.59,5.20,VMS 3,,Tanque,,1.50,1.32,1.44,0.96,3.22,2.41,2.72,0.59
30/09/2025 09:50 p. m.,Ordeño,08:59,16.96,2,,,,,1,TD,1.08,0.72,1.26,1.14,0,0,0,0,4.31,4.70,4.60,7.84,VMS 3,,Tanque,,1.50,1.20,1.62,1.68,5.53,3.76,5.23,2.44
02/10/2025 02:40 a. m.,Ordeño,08:53,13.83,1,,,,,1,TD,1.08,0.78,1.14,1.02,0,0,0,0,4.58,4.84,4.88,9.11,VMS 3,,Tanque,,1.50,1.14,1.56,1.44,4.48,3.76,4.10,1.49
03/10/2025 10:52 a. m.,Ordeño,10:03,18.19,1,,,,,1,TD,1.14,0.72,1.20,1.02,0,0,0,0,4.92,5.04,5.06,9.78,VMS 3,,Tanque,,1.68,1.08,1.80,1.62,5.98,4.17,6.03,2.01
03/10/2025 11:07 p. m.,Ordeño,14:40,13.58,2,,,,,1,,1.02,0.66,1.20,0.42,0,0,0,0,4.63,4.73,4.78,4.48,VMS 3,,Tanque,,2.04,0.96,1.56,1.02,4.43,3.39,5.05,0.71
04/10/2025 12:20 p. m.,Ordeño,10:06,16.23,1,,,,,1,TD,1.14,0.72,1.26,0.78,0,0,0,0,4.76,4.93,4.90,7.77,VMS 3,,Tanque,,1.74,1.14,1.68,1.26,6.21,3.77,5.40,0.85
05/10/2025 09:05 a. m.,Ordeño,08:38,11.79,1,,TI,,,1,TD,1.08,0.78,1.20,0.96,0,0,0,0,4.45,4.72,4.76,7.24,VMS 3,,Tanque,,1.56,1.14,1.98,1.32,4.89,2.77,3.00,1.13
05/10/2025 07:23 p. m.,Ordeño,08:47,12.99,2,,,,,1,TD,1.08,0.72,1.20,0.72,0,0,0,0,4.66,4.87,4.94,5.70,VMS 3,,Tanque,,1.50,1.08,1.56,1.38,4.27,3.04,5.08,0.60
07/10/2025 01:29 a. m.,Ordeño,08:53,12.34,1,,,,,1,TD,1.08,0.72,1.20,1.02,0,0,0,0,4.92,5.07,5.06,10.05,VMS 3,,Tanque,,1.44,1.08,1.74,1.32,3.77,2.69,3.93,1.95
08/10/2025 06:32 p. m.,Ordeño,09:01,13.82,2,,,,,1,TD,1.08,0.66,0.96,0.96,376,0,0,0,5.04,4.64,4.44,6.92,VMS 3,,Tanque,,1.62,1.08,1.74,1.32,4.64,3.11,4.78,1.29
09/10/2025 07:29 a. m.,Ordeño,09:35,13.99,1,,,TD,,1,,1.08,0.66,1.26,0.66,0,0,0,0,4.85,4.88,4.88,5.50,VMS 3,,Tanque,,1.62,1.08,1.68,1.20,5.19,3.39,4.84,0.57
09/10/2025 04:04 p. m.,Ordeño,11:37,8.93,2,,,TI,TI,1,DD,0.84,0.66,0.00,1.02,0,0,0,0,4.24,4.64,0.00,3.56,VMS 3,,Tanque,,1.44,1.08,0.00,1.38,3.69,2.41,0.00,2.83
09/10/2025 08:36 p. m.,Ordeño,06:32,5.36,3,,,TI,,1,TI,0.96,0.60,0.60,1.02,0,0,0,0,4.26,4.38,5.43,4.35,VMS 3,,Tanque,,1.44,0.90,1.08,1.44,1.89,1.16,0.94,1.37
10/10/2025 08:17 a. m.,Ordeño,09:47,13.45,1,,,,,1,TD,1.08,0.72,1.20,0.84,0,0,0,0,4.64,4.72,4.58,6.47,VMS 3,,Tanque,,1.68,0.96,1.56,1.56,4.63,3.24,4.84,0.74
11/10/2025 06:13 p. m.,Ordeño,09:59,12.07,1,,,TI,TI,1,TD,1.14,0.78,0.00,0.90,0,0,0,0,4.78,5.28,0.00,9.45,VMS 3,,Tanque,,1.68,1.20,0.00,1.50,5.91,4.84,0.00,1.32
12/10/2025 06:02 a. m.,Ordeño,09:42,12.72,1,,,,DD,1,TD,1.08,0.00,1.32,0.78,0,0,0,0,4.58,0.00,5.88,7.77,VMS 3,,Tanque,,1.56,0.00,1.86,1.32,4.60,0.00,7.48,0.64
13/10/2025 09:46 a. m.,Ordeño,23:37,12.30,1,,,TI,,1,TI,0.96,0.78,0.96,1.20,0,0,0,0,4.94,4.92,7.50,5.21,VMS 3,,Tanque,,1.38,1.32,2.04,1.62,4.68,2.44,1.85,3.33
13/10/2025 03:51 p. m.,Ordeño,07:39,7.91,2,,,,,1,"TI,TD",1.14,0.72,1.02,0.72,0,0,0,0,4.07,4.21,4.84,5.78,VMS 3,,Tanque,,1.62,1.20,1.44,1.14,4.28,1.95,1.18,0.50
14/10/2025 01:05 a. m.,Ordeño,08:41,7.46,1,,,TI,TI,1,,0.90,0.66,0.00,1.08,0,0,0,0,4.52,4.67,0.00,5.18,VMS 3,,Tanque,,1.38,1.38,0.00,1.44,3.56,1.66,0.00,2.24
14/10/2025 07:47 a. m.,Ordeño,09:24,7.08,2,,,TI,,1,TI,1.02,0.66,0.24,1.08,0,0,0,0,4.56,4.88,5.81,5.25,VMS 3,,Tanque,,1.56,1.08,0.48,1.56,3.03,1.30,0.88,1.87
14/10/2025 04:20 p. m.,Ordeño,07:42,7.04,3,,TD,TD,,1,TD,1.02,0.72,1.20,0.78,0,0,0,0,4.86,5.00,5.24,6.14,VMS 3,,Tanque,,1.56,1.02,2.04,1.32,3.42,1.68,1.32,0.62
15/10/2025 01:15 p. m.,Ordeño,10:15,15.89,1,,,,,1,TD,1.20,0.78,1.20,0.90,0,0,0,0,5.09,5.31,5.32,9.11,VMS 3,,Tanque,,1.92,1.14,1.62,1.26,7.15,3.04,4.35,1.35
15/10/2025 10:01 p. m.,Ordeño,10:51,7.79,2,,,TD,,1,TD,0.72,0.60,1.14,0.84,0,0,0,0,4.07,4.89,4.94,5.36,VMS 3,,Tanque,,1.32,1.02,1.50,1.26,2.74,1.85,2.67,0.53
17/10/2025 06:23 a. m.,Ordeño,10:42,15.47,1,,,,,1,TD,1.02,0.72,1.26,1.02,0,0,0,0,5.01,5.16,5.28,9.31,VMS 3,,Tanque,,1.44,1.08,1.80,2.16,5.23,3.44,4.85,1.95
18/10/2025 08:27 a. m.,Ordeño,11:50,14.58,1,,,,,1,TD,1.02,0.66,1.14,0.90,0,0,0,0,5.01,5.11,5.15,8.78,VMS 3,,Tanque,,1.44,1.02,1.68,1.26,4.90,3.42,4.77,1.49
19/10/2025 08:39 a. m.,Ordeño,05:55,12.83,1,,,,,1,TD,1.08,0.78,1.20,0.90,0,0,0,0,4.49,4.80,4.96,9.11,VMS 3,,Tanque,,1.50,1.14,1.68,1.32,4.82,2.81,3.84,1.36
20/10/2025 01:14 a. m.,Ordeño,10:03,9.10,1,,TD,,,1,TI,1.20,0.66,0.90,1.14,0,0,0,0,5.19,4.66,7.11,4.55,VMS 3,,Tanque,,1.62,1.02,1.32,2.04,5.59,1.20,1.37,0.94
20/10/2025 10:20 a. m.,Ordeño,09:35,10.02,2,,,,TI,1,,1.02,0.72,0.00,1.20,0,0,0,0,4.68,5.10,0.00,5.30,VMS 3,,Tanque,,1.50,0.96,0.00,1.68,4.12,2.36,0.00,3.54
26/05/2023 05:37 p. m.,Ordeño,16:40,20.99,1,,,,,0,,0.78,0.60,0.72,0.72,7997,1299,582,799,3.00,2.48,2.95,2.53,VMS 3,,Divert 3,,1.38,0.96,1.20,1.02,4.67,5.03,5.26,6.03
27/05/2023 01:46 a. m.,Ordeño,07:24,5.56,1,,,,,0,,0.60,0.48,0.54,0.54,7998,4599,1184,992,3.28,2.55,3.44,2.45,VMS 3,,Divert 3,,1.20,0.78,0.90,0.90,0.94,1.19,1.42,2.01
27/05/2023 10:37 a. m.,Ordeño,07:04,4.43,2,,,,,0,,0.60,0.54,0.66,0.48,5790,2699,672,675,4.02,4.06,4.39,3.89,VMS 3,,Divert 3,,0.90,0.90,1.02,0.84,1.02,1.10,1.02,1.29
30/05/2023 08:41 a. m.,Ordeño,07:31,8.56,1,,,,,0,,0.60,0.54,0.60,0.54,387,0,0,0,4.40,4.49,4.53,4.06,VMS 3,,Divert 3,,0.90,0.90,0.96,0.84,1.95,2.12,1.88,2.61
31/05/2023 02:25 a. m.,Ordeño,10:44,11.61,1,,,,,0,,0.66,0.60,0.66,0.54,0,0,0,0,4.68,4.69,5.01,4.33,VMS 3,,Divert 3,,1.14,0.90,1.14,0.90,2.75,3.07,2.51,3.28
31/05/2023 10:16 a. m.,Ordeño,06:14,6.71,2,,,,,0,,0.60,0.48,0.66,0.54,0,0,0,0,4.38,4.37,4.61,4.06,VMS 3,,Divert 3,,0.96,0.90,1.02,0.90,1.57,1.71,1.51,1.92
31/05/2023 08:15 p. m.,Ordeño,07:06,8.00,3,,,,,0,,0.66,0.48,0.60,0.54,0,0,0,0,4.64,4.65,4.77,4.49,VMS 3,,Divert 3,,1.02,0.90,0.96,0.96,1.82,2.11,1.83,2.24
10/06/2023 09:21 a. m.,Ordeño,14:32,12.14,1,,,,,0,,0.66,0.36,0.54,0.60,0,0,0,0,4.84,4.91,5.09,4.99,VMS 3,,Tanque,,1.02,0.78,1.02,1.02,3.50,0.44,3.85,4.35
10/06/2023 08:31 p. m.,Ordeño,11:32,11.07,2,,,,,0,,0.60,0.54,0.54,0.54,995,0,0,0,4.56,5.30,4.91,4.72,VMS 3,,Tanque,,0.84,1.02,0.96,0.84,2.04,4.22,2.16,2.65
11/06/2023 10:59 a. m.,Ordeño,08:44,11.78,1,,,,,0,,0.60,0.48,0.60,0.66,0,0,0,0,4.73,4.65,4.93,4.79,VMS 3,,Tanque,,0.96,0.96,1.02,0.96,2.92,2.18,2.95,3.73
11/06/2023 07:34 p. m.,Ordeño,08:40,7.97,2,,,,,0,,0.54,0.36,0.78,0.54,0,0,0,0,4.40,4.67,4.37,4.38,VMS 3,,Tanque,,0.96,0.66,3.42,0.84,1.93,1.27,2.33,2.44
12/06/2023 04:22 a. m.,Ordeño,09:48,7.75,1,,,,,0,,0.60,0.36,0.54,0.54,0,0,0,0,4.27,4.72,4.45,4.38,VMS 3,,Tanque,,0.96,0.66,1.02,1.02,1.93,1.36,1.92,2.54
12/06/2023 12:49 p. m.,Ordeño,07:33,8.20,2,,"TI,TD",,,0,,0.54,0.36,0.54,0.60,0,0,0,0,4.27,4.57,4.45,4.40,VMS 3,,Tanque,,1.08,0.60,0.84,1.14,2.09,1.64,2.06,2.41
12/06/2023 10:00 p. m.,Ordeño,07:56,8.50,3,,TI,,,0,,0.54,0.36,0.54,0.54,0,0,0,0,4.29,4.59,4.38,4.30,VMS 3,,Tanque,,0.90,0.72,0.84,0.96,1.94,1.68,2.16,2.72
13/06/2023 09:11 a. m.,Ordeño,08:04,10.65,1,,"DI,TI,TD",,,0,,0.60,0.48,0.60,0.54,0,0,0,0,4.34,4.64,4.53,4.38,VMS 3,,Tanque,,0.96,0.78,1.20,0.90,2.69,2.24,2.91,2.81
13/06/2023 06:07 p. m.,Ordeño,07:44,7.91,2,,"DI,TI,TD",,,0,,0.54,0.36,0.54,0.54,0,0,0,0,4.06,4.38,4.26,4.25,VMS 3,,Tanque,,0.84,0.66,0.84,0.84,2.06,1.72,1.96,2.17
14/06/2023 01:42 a. m.,Ordeño,08:25,8.03,1,,,,,0,,0.48,0.42,0.48,0.54,0,0,0,0,3.95,4.17,4.12,3.91,VMS 3,,Tanque,,0.84,0.72,0.84,0.96,1.71,1.48,1.93,2.91
14/06/2023 01:46 p. m.,Ordeño,09:50,12.56,2,,,,,0,,0.60,0.42,0.60,0.54,389,0,0,0,4.27,4.44,4.46,4.19,VMS 3,,Tanque,,0.90,0.72,0.96,0.84,2.95,2.66,3.28,3.67
14/06/2023 09:45 p. m.,Ordeño,09:11,8.24,3,,,,,0,,0.54,0.36,0.54,0.54,0,0,0,0,3.99,4.16,4.20,3.93,VMS 3,,Tanque,,0.78,0.72,0.84,0.90,1.94,1.77,2.05,2.48
15/06/2023 12:54 p. m.,Ordeño,10:34,14.87,1,,DD,,,0,,0.60,0.42,0.60,0.54,0,0,0,0,4.17,4.43,4.47,4.14,VMS 3,,Tanque,,1.08,0.96,0.96,0.90,3.59,3.16,3.82,4.30
15/06/2023 08:40 p. m.,Ordeño,09:08,6.87,2,,,,,0,,0.48,0.36,0.48,0.54,0,0,0,0,3.99,4.16,4.20,3.87,VMS 3,,Tanque,,0.84,0.96,0.90,0.90,1.75,1.00,1.77,2.35
16/06/2023 01:09 p. m.,Ordeño,12:05,17.07,1,,,,,0,,0.60,0.48,0.66,0.66,0,0,0,0,4.28,4.55,4.42,4.23,VMS 3,,Tanque,,0.96,0.78,1.08,1.02,3.72,3.86,4.39,5.10
16/06/2023 08:04 p. m.,Ordeño,08:24,8.71,2,,,,,0,,0.54,0.36,0.60,0.54,0,0,0,0,3.91,4.05,4.17,3.95,VMS 3,,Tanque,,0.84,0.90,0.96,0.84,2.13,1.73,2.29,2.56
17/06/2023 07:28 a. m.,Ordeño,08:11,10.85,1,,,,,0,,0.54,0.42,0.60,0.60,0,0,0,0,4.33,4.45,4.30,4.21,VMS 3,,Tanque,,1.02,0.90,1.02,0.90,2.49,2.14,2.99,3.23
17/06/2023 06:32 p. m.,Ordeño,09:12,12.80,2,,,,,0,,0.54,0.48,0.60,0.60,0,0,0,0,4.18,4.41,4.29,4.20,VMS 3,,Tanque,,0.90,0.78,1.02,0.90,2.93,2.70,3.41,3.76
18/06/2023 05:16 a. m.,Ordeño,09:33,11.97,1,,,,,0,,0.54,0.42,0.60,0.60,0,0,0,0,4.02,4.31,4.18,4.04,VMS 3,,Tanque,,0.84,0.78,1.08,0.90,2.77,2.49,3.12,3.59
18/06/2023 03:06 p. m.,Ordeño,08:46,10.49,2,,TI,,,0,,0.48,0.42,0.54,0.60,0,0,0,0,4.17,4.39,4.31,4.08,VMS 3,,Tanque,,0.78,0.84,0.90,0.96,2.48,2.20,2.59,3.22
19/06/2023 01:27 a. m.,Ordeño,09:17,11.72,1,,,,,0,,0.54,0.42,0.54,0.60,0,0,0,0,4.15,4.41,4.24,4.15,VMS 3,,Tanque,,0.84,0.90,1.08,1.14,2.64,2.39,3.26,3.43
19/06/2023 11:54 a. m.,Ordeño,08:49,11.93,2,,,,,0,,0.48,0.48,0.60,0.60,0,0,0,0,4.16,4.43,4.24,4.12,VMS 3,,Tanque,,0.72,0.78,0.96,0.96,2.71,2.38,3.26,3.58
19/06/2023 08:45 p. m.,Ordeño,08:32,9.36,3,,,,,0,,0.48,0.36,0.54,0.54,0,0,0,0,4.08,4.38,4.18,3.97,VMS 3,,Tanque,,0.78,1.08,0.84,0.90,2.25,1.45,2.65,3.01
20/06/2023 11:17 a. m.,Ordeño,12:45,15.24,1,,,,,0,DD,0.54,0.42,0.42,0.60,0,0,0,0,4.28,4.52,3.38,4.10,VMS 3,,Tanque,,0.84,0.84,0.72,1.02,3.18,3.78,3.74,4.54
20/06/2023 10:07 p. m.,Ordeño,09:49,12.16,2,,,,,0,,0.48,0.42,0.60,0.60,0,0,0,0,3.87,4.21,4.09,3.84,VMS 3,,Tanque,,0.72,0.72,0.90,0.90,2.88,2.43,3.27,3.58
21/06/2023 08:28 a. m.,Ordeño,09:11,11.35,1,,,,,0,,0.54,0.36,0.54,0.60,0,0,0,0,4.00,4.48,4.15,3.92,VMS 3,,Tanque,,0.90,0.66,0.90,0.90,2.84,1.59,3.30,3.62
21/06/2023 07:23 p. m.,Ordeño,12:22,13.59,2,,,,,0,,0.54,0.42,0.54,0.54,0,0,0,0,4.13,4.43,4.20,3.98,VMS 3,,Tanque,,0.84,0.78,0.84,0.90,2.95,3.37,3.41,3.86
22/06/2023 09:10 a. m.,Ordeño,12:14,16.28,1,,,,,0,,0.60,0.42,0.60,0.54,0,0,0,0,4.11,4.29,4.20,3.94,VMS 3,,Tanque,,0.90,0.78,0.96,0.84,3.70,3.28,4.48,4.82
22/06/2023 08:51 p. m.,Ordeño,10:19,12.74,2,,,,,0,,0.54,0.36,0.54,0.54,0,0,0,0,3.99,4.41,4.16,3.98,VMS 3,,Tanque,,0.84,0.96,0.90,0.90,2.97,1.92,3.77,4.08
23/06/2023 10:00 a. m.,Ordeño,12:39,14.84,1,,,,,0,,0.54,0.42,0.60,0.54,0,0,0,0,4.18,4.39,4.29,3.96,VMS 3,,Tanque,,0.90,0.96,0.90,0.96,3.34,3.51,3.88,4.11
23/06/2023 08:23 p. m.,Ordeño,10:43,12.47,2,,,,,0,,0.48,0.36,0.54,0.54,0,0,0,0,3.97,4.31,4.14,3.99,VMS 3,,Tanque,,0.84,0.96,0.90,0.84,2.69,2.46,3.50,3.82
24/06/2023 04:09 a. m.,Ordeño,08:48,9.57,1,,,,,0,,0.48,0.36,0.54,0.54,0,0,0,0,3.79,4.23,4.07,3.86,VMS 3,,Tanque,,0.72,0.72,0.90,0.90,2.23,1.86,2.59,2.89
24/06/2023 04:36 p. m.,Ordeño,12:05,14.00,2,,TD,,,0,,0.48,0.36,0.54,0.54,0,0,0,0,4.38,4.57,4.37,4.10,VMS 3,,Tanque,,0.90,0.90,0.90,1.14,3.02,2.44,4.21,4.33
25/06/2023 01:12 a. m.,Ordeño,10:52,11.24,1,,,,,0,,0.48,0.42,0.54,0.54,0,0,0,0,3.83,4.29,4.03,3.86,VMS 3,,Tanque,,0.84,0.78,1.02,0.90,2.49,2.52,2.82,3.41
25/06/2023 08:57 a. m.,Ordeño,09:10,9.48,2,,,,,0,,0.48,0.36,0.54,0.54,0,0,0,0,3.99,4.14,4.12,3.82,VMS 3,,Tanque,,0.78,0.72,0.96,0.96,2.04,1.92,2.59,2.93
25/06/2023 07:59 p. m.,Ordeño,12:31,13.66,3,,,,,0,,0.54,0.42,0.54,0.60,0,0,0,0,4.18,4.44,4.18,3.96,VMS 3,,Tanque,,0.90,0.72,1.02,0.84,3.06,2.71,3.80,4.09
26/06/2023 09:53 a. m.,Ordeño,13:13,17.58,1,,,,,0,,0.60,0.42,0.60,0.54,0,0,0,0,4.38,4.54,4.37,4.13,VMS 3,,Tanque,,1.02,0.72,0.96,0.90,4.28,3.43,4.95,4.92
26/06/2023 08:29 p. m.,Ordeño,11:26,14.32,2,,DD,,,0,,0.54,0.42,0.54,0.60,0,0,0,0,3.87,4.27,4.10,3.90,VMS 3,,Tanque,,0.84,1.14,0.96,0.90,3.41,2.73,3.90,4.28
27/06/2023 06:17 a. m.,Ordeño,09:43,8.50,1,,TD,TI,TI,0,,0.48,0.42,0.00,0.60,0,0,0,0,3.97,4.34,0.00,3.96,VMS 3,,Tanque,,1.02,0.72,0.00,0.96,2.47,2.48,0.00,3.55
27/06/2023 01:17 p. m.,Ordeño,11:47,11.79,2,,,,,0,,0.48,0.36,0.60,0.54,0,0,0,0,4.04,4.32,4.40,4.05,VMS 3,,Tanque,,0.78,0.66,0.96,0.90,2.25,2.00,4.69,2.85
27/06/2023 11:49 p. m.,Ordeño,11:00,9.30,1,,TI,DI,DI,0,,0.00,0.36,0.54,0.60,0,0,0,0,0.00,4.38,4.09,4.17,VMS 3,,Tanque,,0.00,0.66,0.90,1.02,0.00,2.35,3.19,3.76
28/06/2023 03:56 p. m.,Ordeño,14:00,19.81,1,,,,,0,,0.60,0.42,0.60,0.60,0,0,0,0,4.82,4.66,4.40,4.40,VMS 3,,Tanque,,0.96,0.84,0.90,1.02,3.95,4.19,5.38,6.29
28/06/2023 11:49 p. m.,Ordeño,10:23,8.92,1,,,,,0,,0.54,0.30,0.48,0.54,0,0,0,0,4.25,4.26,4.11,4.00,VMS 3,,Tanque,,0.90,0.60,0.78,0.84,2.09,1.42,2.51,2.90
29/06/2023 01:33 p. m.,Ordeño,13:14,16.42,1,,,,,0,,0.54,0.42,0.60,0.60,0,0,0,0,4.52,4.66,4.55,4.43,VMS 3,,Tanque,,0.90,0.72,1.14,0.96,3.42,3.43,4.62,4.95
30/06/2023 12:35 a. m.,Ordeño,13:02,13.26,1,,,,,0,,0.54,0.36,0.54,0.60,0,0,0,0,4.36,4.10,4.21,4.02,VMS 3,,Tanque,,0.96,0.72,0.96,0.90,2.86,2.75,3.55,4.10
30/06/2023 11:52 a. m.,Ordeño,10:50,13.36,2,,,,,0,,0.54,0.42,0.54,0.66,0,0,0,0,4.36,4.32,4.26,4.21,VMS 3,,Tanque,,0.96,1.02,0.96,0.90,3.26,1.90,3.97,4.23
30/06/2023 08:46 p. m.,Ordeño,11:27,12.53,3,,,,,0,,0.48,0.36,0.54,0.54,0,0,0,0,4.45,4.22,4.27,4.21,VMS 1,,Tanque,,0.84,0.72,0.84,0.96,2.55,2.97,3.39,3.62
01/07/2023 08:11 a. m.,Ordeño,12:50,14.95,1,,,,,0,,0.60,0.30,0.60,0.60,0,0,0,0,4.74,4.30,4.43,4.49,VMS 1,,Tanque,,1.86,0.78,0.96,1.02,3.40,2.63,4.35,4.57
01/07/2023 07:30 p. m.,Ordeño,10:52,14.52,2,,,,,0,,0.54,0.42,0.60,0.60,0,0,0,0,4.52,4.34,4.40,4.36,VMS 1,,Tanque,,1.02,0.78,0.96,1.02,3.11,2.80,4.16,4.45
02/07/2023 06:30 a. m.,Ordeño,11:22,14.48,1,,,,,0,,0.54,0.36,0.60,0.60,0,0,0,0,4.52,4.34,4.40,4.44,VMS 1,,Tanque,,0.96,0.60,1.02,1.08,3.14,2.75,4.15,4.44
02/07/2023 05:03 p. m.,Ordeño,11:12,13.37,2,,,,,0,,0.54,0.42,0.60,0.66,0,0,0,0,4.43,4.19,4.29,4.23,VMS 1,,Tanque,,0.96,0.96,0.96,0.96,2.95,2.56,3.83,4.03
03/07/2023 07:34 a. m.,Ordeño,13:09,17.32,1,,,,,0,,0.54,0.36,0.60,0.66,0,0,0,0,4.24,4.07,4.15,4.16,VMS 1,,Tanque,,0.90,0.72,0.96,1.08,3.95,3.21,5.00,5.16
03/07/2023 06:02 p. m.,Ordeño,10:20,13.53,2,,,,,0,,0.48,0.36,0.54,0.66,0,0,0,0,4.11,4.00,4.00,4.17,VMS 1,,Tanque,,0.84,0.66,0.96,1.08,3.09,2.50,3.82,4.12
04/07/2023 08:43 a. m.,Ordeño,14:31,18.38,1,,,,,0,,0.54,0.36,0.54,0.60,0,0,0,0,4.42,4.18,4.35,4.40,VMS 1,,Tanque,,0.84,0.60,0.96,1.02,4.07,3.34,5.43,5.54
04/07/2023 07:24 p. m.,Ordeño,11:19,15.05,2,,,,,0,,0.54,0.42,0.54,0.66,0,0,0,0,4.07,3.99,4.11,4.11,VMS 1,,Tanque,,0.96,0.72,0.84,1.08,3.34,2.91,4.21,4.59
05/07/2023 04:26 a. m.,Ordeño,10:27,12.46,1,,,,,0,,0.54,0.36,0.54,0.60,0,0,0,0,4.35,4.18,4.29,4.33,VMS 1,,Tanque,,0.84,0.72,0.96,1.02,2.69,2.33,3.59,3.85
05/07/2023 07:15 p. m.,Ordeño,14:15,18.69,2,,,,,0,,0.54,0.36,0.60,0.66,0,0,0,0,4.48,4.30,4.56,4.49,VMS 1,,Tanque,,0.96,0.66,1.08,1.02,4.14,3.46,5.30,5.79
06/07/2023 04:28 a. m.,Ordeño,11:14,13.15,1,,,,,0,,0.54,0.36,0.54,0.60,0,0,0,0,4.00,3.91,3.97,4.00,VMS 1,,Tanque,,0.90,0.60,1.02,1.02,2.88,2.50,3.80,3.97
06/07/2023 04:38 p. m.,Ordeño,12:29,15.20,2,,,,,0,,0.54,0.36,0.54,0.60,0,0,0,0,4.47,4.37,4.59,4.52,VMS 1,,Tanque,,0.90,0.60,0.96,1.02,3.48,2.70,4.33,4.69
07/07/2023 06:15 a. m.,Ordeño,14:33,17.51,1,,,,,0,,0.54,0.36,0.60,0.60,0,0,0,0,4.21,4.19,4.29,4.20,VMS 1,,Tanque,,0.90,0.84,1.02,0.96,3.97,3.12,5.14,5.28
07/07/2023 05:44 p. m.,Ordeño,12:23,15.05,2,,,,,0,,0.54,0.36,0.54,0.54,0,0,0,0,4.17,4.00,4.13,4.04,VMS 1,,Tanque,,0.96,0.78,0.96,0.90,3.46,2.71,4.42,4.46
08/07/2023 07:00 a. m.,Ordeño,15:19,16.75,1,,TI,,,0,,0.60,0.30,0.60,0.66,0,0,0,0,4.35,4.19,4.33,4.29,VMS 1,,Tanque,,0.90,0.84,0.96,1.08,3.94,2.94,4.53,5.34
08/07/2023 06:03 p. m.,Ordeño,12:14,16.24,2,,,,,0,,0.54,0.36,0.54,0.60,0,0,0,0,4.22,4.07,4.24,4.22,VMS 1,,Tanque,,0.90,0.72,1.02,1.02,3.59,3.11,4.84,4.70
09/07/2023 06:12 a. m.,Ordeño,13:40,16.95,1,,,,,0,,0.60,0.36,0.60,0.66,0,0,0,0,4.47,4.28,4.43,4.45,VMS 1,,Tanque,,1.02,0.66,1.02,1.02,3.76,2.95,5.00,5.24
09/07/2023 09:31 p. m.,Ordeño,14:00,18.77,2,,TI,,,0,,0.60,0.36,0.54,0.60,0,0,0,0,4.48,4.41,4.40,4.46,VMS 1,,Tanque,,0.96,0.66,0.96,1.08,4.37,3.45,5.26,5.69
10/07/2023 12:54 p. m.,Ordeño,15:14,19.85,1,,,,,0,,0.54,0.42,0.54,0.66,0,0,0,0,4.50,4.39,4.42,4.38,VMS 1,,Tanque,,0.96,0.84,0.96,1.14,4.36,3.89,5.66,5.94
10/07/2023 09:35 p. m.,Ordeño,10:59,13.03,2,,,,,0,,0.48,0.42,0.54,0.60,0,0,0,0,4.02,3.87,3.92,3.86,VMS 1,,Tanque,,0.84,0.90,1.02,1.08,2.95,2.48,3.66,3.94
11/07/2023 07:58 p. m.,Ordeño,16:54,20.79,1,,,,,0,,0.60,0.36,0.54,0.60,0,0,0,0,5.32,5.34,5.15,5.16,VMS 1,,Tanque,,1.08,0.84,1.02,1.08,4.89,3.51,5.86,6.53
12/07/2023 06:27 a. m.,Ordeño,11:57,13.74,1,,,,,0,,0.54,0.42,0.54,0.60,0,0,0,0,4.12,4.32,4.03,3.94,VMS 1,,Tanque,,0.90,0.66,1.02,1.02,2.80,2.96,3.97,4.01
12/07/2023 08:35 p. m.,Ordeño,15:44,11.38,2,,,TI,TI,0,,0.54,0.36,0.00,0.66,0,0,0,0,4.71,4.32,0.00,4.49,VMS 1,,Tanque,,0.90,0.60,0.00,1.08,3.25,2.94,0.00,5.19
13/07/2023 05:15 a. m.,Ordeño,14:00,14.95,1,,,,,0,,0.48,0.36,0.66,0.60,0,0,0,0,4.22,4.14,4.71,4.29,VMS 1,,Tanque,,0.96,0.96,1.14,0.96,2.74,2.24,6.55,3.42
13/07/2023 07:22 p. m.,Ordeño,11:50,17.45,2,,,,,0,,0.60,0.42,0.54,0.66,0,0,0,0,4.50,4.43,4.25,4.58,VMS 1,,Tanque,,0.96,0.84,0.96,1.26,4.29,3.23,4.36,5.57
14/07/2023 09:13 a. m.,Ordeño,12:18,18.15,1,,,,,0,,0.60,0.42,0.60,0.72,0,0,0,0,4.49,4.54,4.64,4.56,VMS 1,,Tanque,,1.08,0.72,1.08,1.26,4.19,3.43,4.51,6.02
14/07/2023 07:16 p. m.,Ordeño,11:01,13.40,2,,,,,0,,0.48,0.42,0.60,0.60,0,0,0,0,4.38,4.33,4.56,4.34,VMS 1,,Tanque,,0.84,0.66,1.02,1.02,2.87,2.78,3.53,4.22
15/07/2023 07:38 a. m.,Ordeño,15:16,16.19,1,,,,,0,,0.54,0.48,0.66,0.60,0,0,0,0,4.71,4.67,4.89,4.61,VMS 1,,Tanque,,0.84,1.02,1.08,1.02,3.60,3.25,4.49,4.85
15/07/2023 07:52 p. m.,Ordeño,11:53,17.28,2,,,,,0,,0.60,0.48,0.60,0.66,0,0,0,0,4.24,4.24,4.59,4.22,VMS 1,,Tanque,,0.90,0.84,1.08,1.08,3.93,3.26,4.82,5.27
16/07/2023 07:11 a. m.,Ordeño,11:59,15.22,1,,,,,0,,0.60,0.42,0.66,0.66,0,0,0,0,4.07,4.03,4.25,4.00,VMS 1,,Tanque,,0.96,0.84,1.02,1.08,3.46,2.95,4.35,4.46
16/07/2023 07:28 p. m.,Ordeño,12:29,15.01,2,,,,,0,,0.60,0.36,0.60,0.66,0,0,0,0,4.39,4.23,4.46,4.28,VMS 1,,Tanque,,1.08,0.60,0.96,1.08,3.34,2.94,4.16,4.57
17/07/2023 06:22 a. m.,Ordeño,11:03,15.94,1,,,,,0,,0.60,0.42,0.66,0.72,0,0,0,0,4.45,4.30,4.53,4.47,VMS 1,,Tanque,,0.90,0.78,1.02,1.08,3.54,3.01,4.44,4.95
17/07/2023 05:08 p. m.,Ordeño,11:32,14.15,2,,,,,0,,0.54,0.36,0.60,0.66,0,0,0,0,4.25,4.04,4.23,4.23,VMS 1,,Tanque,,0.96,0.66,1.02,1.08,3.14,2.81,4.03,4.17
18/07/2023 04:45 a. m.,Ordeño,11:18,16.42,1,,,,,0,,0.60,0.42,0.66,0.66,0,0,0,0,4.52,4.32,4.57,4.48,VMS 1,,Tanque,,1.02,0.66,1.08,1.14,3.60,3.10,4.69,5.03
18/07/2023 01:34 p. m.,Ordeño,10:12,13.06,2,,,,,0,,0.54,0.36,0.60,0.66,0,0,0,0,4.26,4.19,4.36,4.34,VMS 1,,Tanque,,0.84,0.66,1.02,1.02,2.73,2.49,3.70,4.14
19/07/2023 12:36 a. m.,Ordeño,12:38,16.51,1,,,,,0,,0.48,0.42,0.66,0.72,0,0,0,0,4.37,4.33,4.51,4.47,VMS 1,,Tanque,,0.84,0.66,1.14,1.14,3.47,3.08,4.71,5.25
19/07/2023 11:58 a. m.,Ordeño,12:08,15.26,2,,"TI,TD",,,0,,0.60,0.36,0.66,0.60,0,0,0,0,4.26,4.11,4.33,3.99,VMS 1,,Tanque,,0.90,0.72,1.32,1.14,3.47,3.05,4.44,4.30
19/07/2023 07:25 p. m.,Ordeño,09:13,11.21,3,,,,,0,,0.54,0.36,0.60,0.60,0,0,0,0,4.26,4.05,4.24,4.13,VMS 1,,Tanque,,0.90,0.60,0.96,0.96,2.34,2.07,3.17,3.63
20/07/2023 08:30 a. m.,Ordeño,12:15,17.56,1,,,,,0,,0.60,0.42,0.66,0.66,0,0,0,0,4.60,4.44,4.57,4.48,VMS 1,,Tanque,,0.96,0.78,1.08,1.08,3.82,3.23,5.05,5.46
20/07/2023 08:28 p. m.,Ordeño,12:05,16.42,2,,,,,0,,0.60,0.42,0.66,0.66,0,0,0,0,4.23,4.16,4.22,4.21,VMS 1,,Tanque,,1.02,0.78,1.08,1.08,3.61,3.14,4.64,5.03
21/07/2023 07:57 a. m.,Ordeño,12:59,16.51,1,,,,,0,,0.54,0.36,0.66,0.66,0,0,0,0,4.34,4.17,4.36,4.08,VMS 1,,Tanque,,0.90,0.72,1.08,1.08,3.46,3.14,4.79,5.12
21/07/2023 05:48 p. m.,Ordeño,10:38,9.46,2,,,TI,TI,0,,0.60,0.42,0.00,0.66,0,0,0,0,4.09,3.91,0.00,4.03,VMS 1,,Tanque,,1.02,0.72,0.00,1.08,2.77,2.63,0.00,4.06
22/07/2023 01:19 a. m.,Ordeño,12:15,13.65,1,,,,,0,,0.54,0.36,0.72,0.66,0,0,0,0,4.17,4.06,4.42,4.23,VMS 1,,Tanque,,0.90,0.66,1.14,1.08,2.38,1.97,5.99,3.31
22/07/2023 11:08 a. m.,Ordeño,11:04,13.54,2,,"DI,TD",,,0,,0.66,0.42,0.66,0.72,0,0,0,0,4.64,4.38,4.18,4.55,VMS 1,,Tanque,,1.08,0.78,1.08,1.08,3.06,2.62,4.10,3.76
22/07/2023 07:06 p. m.,Ordeño,10:35,12.51,3,,,,,0,,0.54,0.42,0.66,0.66,0,0,0,0,4.37,4.23,4.27,4.48,VMS 1,,Tanque,,0.96,0.72,1.14,1.02,2.68,2.41,3.41,4.01
23/07/2023 05:09 a. m.,Ordeño,11:00,14.80,1,,,,,0,,0.66,0.42,0.72,0.72,0,0,0,0,4.49,4.32,4.61,4.34,VMS 1,,Tanque,,0.96,0.72,1.14,1.14,2.94,2.98,3.96,4.92
23/07/2023 01:33 p. m.,Ordeño,10:17,11.71,2,,,,,0,,0.54,0.36,0.66,0.66,0,0,0,0,4.21,3.98,4.36,4.13,VMS 1,,Tanque,,0.90,0.78,1.14,1.08,2.55,2.33,3.33,3.50
23/07/2023 08:51 p. m.,Ordeño,10:31,11.10,3,,,,,0,,0.54,0.36,0.66,0.66,0,0,0,0,4.29,4.11,4.46,4.36,VMS 1,,Tanque,,0.96,0.60,1.02,1.02,2.40,2.21,3.09,3.40
24/07/2023 07:29 a. m.,Ordeño,11:30,15.76,1,,,,,0,,0.60,0.36,0.66,0.72,0,0,0,0,4.48,4.46,4.71,4.63,VMS 1,,Tanque,,0.96,0.78,1.14,1.20,3.50,2.92,4.44,4.90
24/07/2023 03:55 p. m.,Ordeño,11:29,12.26,2,,,,,0,,0.60,0.36,0.66,0.66,0,0,0,0,4.09,4.00,4.10,4.22,VMS 1,,Tanque,,0.96,0.78,1.02,0.96,2.70,2.31,3.81,3.44
25/07/2023 04:07 a. m.,Ordeño,13:03,18.10,1,,,,,0,,0.66,0.42,0.66,0.72,0,0,0,0,4.52,4.34,4.59,4.44,VMS 1,,Tanque,,0.96,0.90,1.14,1.14,3.90,3.45,5.15,5.60
25/07/2023 03:31 p. m.,Ordeño,12:59,17.09,2,,,,,0,,0.66,0.36,0.72,0.72,0,0,0,0,4.31,4.13,4.40,4.31,VMS 1,,Tanque,,1.08,0.72,1.08,1.20,3.81,3.10,4.94,5.24
26/07/2023 01:21 a. m.,Ordeño,09:56,13.69,1,,,,,0,,0.60,0.42,0.66,0.66,0,0,0,0,4.25,4.07,4.31,4.19,VMS 1,,Tanque,,0.96,0.90,1.02,1.02,3.01,2.56,3.95,4.17
26/07/2023 09:37 a. m.,Ordeño,11:02,12.83,2,,,,,0,,0.60,0.36,0.60,0.60,0,0,0,0,4.38,4.21,4.43,4.33,VMS 1,,Tanque,,0.90,0.66,1.08,1.02,2.75,2.41,3.65,4.02
26/07/2023 05:10 p. m.,Ordeño,10:13,10.36,3,,,,,0,,0.54,0.36,0.60,0.66,0,0,0,0,4.36,4.19,4.34,4.26,VMS 1,,Tanque,,0.90,0.72,0.96,1.02,2.15,2.00,2.93,3.28
27/07/2023 02:06 a. m.,Ordeño,13:26,2.06,1,,,"DI,TI,TD","DI,TI,TD",0,,0.00,0.36,0.00,0.00,0,0,0,0,0.00,4.44,0.00,0.00,VMS 1,,Tanque,,0.00,0.60,0.00,0.00,0.00,2.06,0.00,0.00
27/07/2023 11:23 a. m.,Ordeño,13:58,22.14,2,,,,,0,,0.60,0.36,0.72,0.72,0,0,0,0,4.68,4.21,4.94,4.86,VMS 1,,Tanque,,0.90,0.72,1.20,1.14,4.38,3.08,6.79,7.89
28/07/2023 03:08 a. m.,Ordeño,15:53,20.08,1,,,,,0,,0.66,0.36,0.66,0.72,0,0,0,0,4.19,4.16,4.23,4.10,VMS 1,,Tanque,,1.08,0.78,1.20,1.26,4.57,3.89,5.70,5.92
28/07/2023 10:13 a. m.,Ordeño,12:07,11.76,2,,,,,0,,0.60,0.36,0.66,0.60,0,0,0,0,4.19,3.88,4.17,4.11,VMS 1,,Tanque,,1.26,0.78,1.02,1.02,2.51,2.53,3.36,3.36
28/07/2023 07:39 p. m.,Ordeño,11:56,12.70,3,,,,,0,,0.54,0.36,0.60,0.66,0,0,0,0,4.52,4.15,4.59,4.51,VMS 1,,Tanque,,0.96,0.66,1.08,1.14,2.62,2.49,3.65,3.94
29/07/2023 08:18 a. m.,Ordeño,14:21,18.71,1,,,,,0,,0.60,0.42,0.66,0.72,0,0,0,0,4.77,4.40,4.83,4.82,VMS 1,,Tanque,,1.02,0.84,1.08,1.20,3.97,3.42,5.42,5.90
29/07/2023 09:35 p. m.,Ordeño,12:21,18.05,2,,,,,0,,0.66,0.42,0.72,0.72,0,0,0,0,4.16,3.86,4.19,4.20,VMS 1,,Tanque,,1.02,0.78,1.08,1.08,3.94,3.33,5.25,5.53
30/07/2023 10:52 a. m.,Ordeño,12:30,17.03,1,,,,,0,,0.60,0.36,0.66,0.66,0,0,0,0,4.25,3.94,4.25,4.24,VMS 1,,Tanque,,0.90,0.66,1.26,1.08,3.67,3.23,5.00,5.13
30/07/2023 09:51 p. m.,Ordeño,10:27,13.71,2,,,,,0,,0.54,0.42,0.66,0.66,0,0,0,0,3.97,3.91,4.02,3.98,VMS 1,,Tanque,,0.90,0.66,1.02,1.08,3.06,2.49,3.95,4.21
31/07/2023 04:41 p. m.,Ordeño,13:51,22.45,1,,,,,0,,0.66,0.48,0.72,0.72,0,0,0,0,4.62,4.52,4.60,4.75,VMS 1,,Tanque,,1.02,0.78,1.14,1.14,4.86,4.21,6.55,6.83
01/08/2023 01:09 a. m.,Ordeño,09:08,11.38,1,,,,,0,,0.60,0.42,0.66,0.66,0,0,0,0,3.95,3.91,4.02,3.93,VMS 1,,Tanque,,0.96,0.84,1.08,1.02,2.58,2.19,3.29,3.32
01/08/2023 08:57 a. m.,Ordeño,08:04,9.51,2,,,,,0,,0.60,0.42,0.60,0.66,0,0,0,0,4.31,4.17,4.31,4.30,VMS 1,,Tanque,,0.96,0.72,0.96,1.02,2.01,1.84,2.75,2.91
01/08/2023 05:59 p. m.,Ordeño,09:49,11.89,3,,,,,0,,0.60,0.42,0.60,0.66,0,0,0,0,4.65,4.59,4.61,4.57,VMS 1,,Tanque,,0.90,0.90,0.96,1.14,2.55,2.19,3.48,3.67
02/08/2023 03:38 a. m.,Ordeño,11:48,14.35,1,,,,,0,,0.66,0.36,0.72,0.72,0,0,0,0,4.87,4.60,4.81,4.82,VMS 1,,Tanque,,1.02,0.66,1.14,1.08,3.04,2.61,4.29,4.41
02/08/2023 12:36 p. m.,Ordeño,09:25,11.33,2,,,DD,,0,,0.60,0.36,0.72,0.72,0,0,0,0,4.58,4.25,4.55,4.51,VMS 1,,Tanque,,0.96,1.08,1.08,1.14,2.76,0.32,3.94,4.31
02/08/2023 07:08 p. m.,Ordeño,11:56,10.39,3,,,,,0,,0.60,0.36,0.72,0.60,0,0,0,0,4.56,4.73,4.51,4.56,VMS 1,,Tanque,,1.02,0.96,1.14,0.96,2.09,2.23,3.29,2.78
03/08/2023 08:08 a. m.,Ordeño,12:20,19.89,1,,,,,0,,0.66,0.48,0.78,0.78,0,0,0,0,4.69,4.56,4.77,4.87,VMS 1,,Tanque,,1.08,0.78,1.14,1.14,3.64,4.24,5.86,6.15
03/08/2023 08:00 p. m.,Ordeño,12:07,16.75,2,,,,,0,,0.60,0.42,0.66,0.72,0,0,0,0,4.70,4.27,4.60,4.66,VMS 1,,Tanque,,1.02,0.78,1.08,1.14,3.51,2.86,4.97,5.41
04/08/2023 10:47 a. m.,Ordeño,12:58,22.10,1,,,,,0,,0.72,0.48,0.72,0.72,0,0,0,0,4.62,4.54,4.65,4.47,VMS 1,,Tanque,,1.08,0.96,1.20,1.14,5.01,3.96,6.66,6.47
04/08/2023 08:15 p. m.,Ordeño,10:01,13.37,2,,,,,0,,0.60,0.42,0.72,0.72,0,0,0,0,4.16,4.08,4.16,4.15,VMS 1,,Tanque,,1.02,0.72,1.14,1.20,2.98,2.41,3.95,4.03
05/08/2023 03:00 a. m.,Ordeño,09:43,10.67,1,,,,,0,,0.60,0.36,0.72,0.72,0,0,0,0,4.50,4.43,4.57,4.52,VMS 1,,Tanque,,0.90,0.60,1.14,1.14,2.15,1.85,3.18,3.49
05/08/2023 10:15 a. m.,Ordeño,12:34,10.78,2,,,,,0,,0.60,0.36,0.54,0.66,0,0,0,0,4.58,4.70,4.69,4.59,VMS 1,,Tanque,,1.02,0.60,0.96,1.08,2.33,1.95,2.87,3.63
05/08/2023 05:09 p. m.,Ordeño,09:18,10.51,3,,,,,0,,0.54,0.36,0.60,0.66,0,0,0,0,4.39,4.29,4.35,4.38,VMS 1,,Tanque,,0.90,0.66,0.96,1.14,2.19,1.90,3.20,3.22
06/08/2023 05:29 a. m.,Ordeño,13:39,17.56,1,,,,,0,,0.72,0.42,0.72,0.78,0,0,0,0,4.86,4.83,4.83,4.97,VMS 1,,Tanque,,1.08,0.78,1.26,1.26,3.73,3.17,5.16,5.50
06/08/2023 01:30 p. m.,Ordeño,10:39,11.31,2,,,,,0,,0.60,0.36,0.60,0.72,0,0,0,0,4.53,4.44,4.35,4.30,VMS 1,,Tanque,,1.02,0.66,0.96,1.14,2.35,2.05,2.98,3.93
07/08/2023 09:18 a. m.,Ordeño,15:39,12.83,1,,,TD,TD,0,,0.66,0.36,0.72,0.00,0,0,0,0,4.47,4.23,4.42,0.00,VMS 1,,Tanque,,1.02,0.66,1.08,0.00,4.16,3.29,5.38,0.00
08/08/2023 11:43 a. m.,Ordeño,13:36,18.90,1,,,,,0,,0.66,0.42,0.66,0.60,0,0,0,0,4.97,5.00,5.10,2.01,VMS 1,,Tanque,,0.96,0.78,1.14,1.38,3.44,3.74,5.38,6.34
08/08/2023 11:55 p. m.,Ordeño,14:07,16.37,1,,,,,0,,0.72,0.42,0.72,0.72,0,0,0,0,4.33,4.19,4.18,4.60,VMS 1,,Tanque,,1.08,0.78,1.14,1.14,3.72,3.73,4.66,4.26
09/08/2023 12:49 p. m.,Ordeño,11:17,15.86,2,,,,,0,,0.66,0.42,0.72,0.78,0,0,0,0,4.55,4.87,4.92,5.16,VMS 1,,Tanque,,1.08,0.78,1.14,1.26,3.31,3.44,4.66,4.45
09/08/2023 11:12 p. m.,Ordeño,11:23,14.71,3,,,,,0,,0.72,0.42,0.72,0.72,0,0,0,0,4.80,4.64,4.85,5.07,VMS 1,,Tanque,,1.08,0.84,1.08,1.02,3.55,3.12,4.13,3.91
10/08/2023 03:43 p. m.,Ordeño,13:23,22.85,1,,,,,0,,0.78,0.48,0.78,0.78,0,0,0,0,5.06,5.01,5.26,5.23,VMS 1,,Tanque,,1.20,0.84,1.20,1.26,5.64,4.45,6.49,6.27
11/08/2023 04:30 a. m.,Ordeño,14:23,17.23,1,,,,,0,,0.72,0.42,0.72,0.78,0,0,0,0,4.51,4.39,4.79,4.66,VMS 1,,Tanque,,1.14,0.84,1.08,1.26,3.95,3.49,4.78,5.01
11/08/2023 03:03 p. m.,Ordeño,09:31,14.65,2,,,,,0,,0.66,0.48,0.72,0.78,0,0,0,0,4.85,4.59,5.01,4.98,VMS 1,,Tanque,,1.02,0.90,1.08,1.14,3.45,2.97,4.11,4.12
12/08/2023 05:44 a. m.,Ordeño,11:07,19.50,1,,,,,0,,0.78,0.54,0.78,0.84,0,0,0,0,4.79,4.60,4.86,4.85,VMS 1,,Tanque,,1.26,0.84,1.20,1.32,3.85,4.00,5.70,5.95
12/08/2023 04:25 p. m.,Ordeño,11:07,14.45,2,,,,,0,,0.66,0.42,0.66,0.72,0,0,0,0,4.51,4.45,4.74,4.66,VMS 1,,Tanque,,0.96,0.72,1.14,1.08,3.22,2.89,4.06,4.28
13/08/2023 02:17 a. m.,Ordeño,08:48,12.96,1,,,,,0,,0.72,0.48,0.72,0.72,0,0,0,0,4.51,4.39,4.59,4.46,VMS 1,,Tanque,,1.02,0.84,1.08,1.14,2.87,2.62,3.65,3.82
13/08/2023 06:35 p. m.,Ordeño,13:33,20.37,2,,,,,0,,0.78,0.48,0.72,0.78,0,0,0,0,4.68,4.53,4.68,4.67,VMS 1,,Tanque,,1.38,0.78,1.14,1.26,4.27,4.08,5.80,6.22
14/08/2023 05:19 a. m.,Ordeño,10:04,13.52,1,,,,,0,,0.72,0.48,0.66,0.72,0,0,0,0,4.28,4.12,4.30,4.18,VMS 1,,Tanque,,1.08,0.78,1.08,1.14,3.14,2.70,3.70,3.98
14/08/2023 08:30 p. m.,Ordeño,14:01,17.40,2,,,,,0,,0.72,0.48,0.36,0.78,0,0,0,0,4.40,4.25,2.48,4.32,VMS 1,,Tanque,,1.08,0.72,0.72,1.14,4.14,3.50,4.24,5.52
15/08/2023 08:24 a. m.,Ordeño,11:00,17.74,1,,,,,0,,0.72,0.42,0.72,0.72,0,0,0,0,4.34,4.12,4.30,4.26,VMS 1,,Tanque,,1.14,0.78,1.14,1.14,3.76,3.19,5.72,5.07
15/08/2023 08:04 p. m.,Ordeño,10:04,15.74,2,,,,,0,,0.66,0.48,0.72,0.72,0,0,0,0,4.52,4.40,4.58,4.59,VMS 1,,Tanque,,1.02,0.84,1.20,1.08,3.53,3.06,4.44,4.71
16/08/2023 09:45 a. m.,Ordeño,11:49,18.81,1,,,,,0,,0.72,0.48,0.72,0.72,0,0,0,0,4.52,4.39,4.57,4.47,VMS 1,,Tanque,,1.08,0.90,1.14,1.20,4.12,3.73,5.27,5.69
16/08/2023 06:09 p. m.,Ordeño,09:14,11.08,2,,,,,0,,0.66,0.42,0.72,0.72,0,0,0,0,4.24,4.12,4.31,4.28,VMS 1,,Tanque,,1.08,0.84,1.20,1.08,2.48,2.19,3.09,3.32
17/08/2023 09:26 a. m.,Ordeño,12:28,18.93,1,,,,,0,,0.72,0.54,0.78,0.78,0,0,0,0,4.61,4.64,4.87,4.84,VMS 1,,Tanque,,1.08,0.84,1.20,1.20,3.94,3.74,5.44,5.81
17/08/2023 08:35 p. m.,Ordeño,12:27,7.87,2,,,"DI,TI","DI,TI",0,,0.00,0.48,0.00,0.72,0,0,0,0,0.00,4.16,0.00,4.29,VMS 1,,Tanque,,0.00,0.90,0.00,1.14,0.00,3.13,0.00,4.74
17/08/2023 11:25 p. m.,Ordeño,11:37,11.55,3,,,,,0,,0.78,0.36,0.72,0.60,0,0,0,0,4.61,4.18,4.74,4.43,VMS 1,,Tanque,,1.14,0.66,1.14,0.90,4.08,0.96,5.08,1.43
18/08/2023 08:23 a. m.,Ordeño,10:34,14.02,1,,,,,0,,0.78,0.36,0.78,0.72,0,0,0,0,4.29,4.58,4.47,4.82,VMS 1,,Tanque,,1.14,0.66,1.14,1.08,3.25,2.63,4.19,3.95
19/08/2023 01:45 a. m.,Ordeño,14:57,22.18,1,,,,,0,,0.78,0.42,0.78,0.78,0,0,0,0,4.89,4.92,4.95,5.08,VMS 1,,Tanque,,1.08,0.78,1.14,1.26,4.75,4.35,6.21,6.87
19/08/2023 11:06 a. m.,Ordeño,10:30,15.46,2,,,,,0,,0.72,0.48,0.72,0.78,0,0,0,0,4.43,4.29,4.60,4.43,VMS 1,,Tanque,,1.26,0.78,1.20,1.14,3.44,3.15,4.25,4.62
20/08/2023 01:19 a. m.,Ordeño,12:04,19.01,1,,,,,0,,0.72,0.48,0.72,0.78,0,0,0,0,4.65,4.58,4.78,4.82,VMS 1,,Tanque,,1.08,0.72,1.08,1.14,4.13,3.55,5.57,5.76
20/08/2023 12:52 p. m.,Ordeño,10:43,15.44,2,,,,,0,,0.72,0.48,0.72,0.78,0,0,0,0,4.24,4.12,4.29,4.31,VMS 1,,Tanque,,1.02,0.84,1.08,1.26,3.37,3.09,4.32,4.66
21/08/2023 01:22 a. m.,Ordeño,09:05,4.48,1,,,"DI,DD,TI","DI,DD,TI",0,,0.00,0.00,0.00,0.78,0,0,0,0,0.00,0.00,0.00,4.35,VMS 1,,Tanque,,0.00,0.00,0.00,1.14,0.00,0.00,0.00,4.48
21/08/2023 10:33 a. m.,Ordeño,13:26,22.62,2,,,,,0,,0.84,0.54,0.78,0.78,0,0,0,0,4.62,4.62,4.85,4.61,VMS 1,,Tanque,,1.20,0.84,1.20,1.14,5.31,4.87,7.77,4.67
21/08/2023 11:39 p. m.,Ordeño,12:58,18.29,3,,,,,0,,0.72,0.42,0.66,0.78,0,0,0,0,4.35,4.23,4.45,4.72,VMS 1,,Tanque,,1.20,0.72,1.08,1.08,4.14,3.34,5.12,5.69
22/08/2023 12:33 p. m.,Ordeño,10:44,19.17,1,,,,,0,,0.78,0.54,0.78,0.78,0,0,0,0,4.64,4.49,4.70,4.66,VMS 1,,Tanque,,1.26,0.96,1.32,1.20,4.26,3.59,5.28,6.04
22/08/2023 08:48 p. m.,Ordeño,08:48,12.62,2,,,,,0,,0.66,0.48,0.72,0.72,0,0,0,0,4.32,4.18,4.38,4.34,VMS 1,,Tanque,,0.96,0.90,1.14,1.08,2.70,2.39,3.53,4.00
23/08/2023 08:08 a. m.,Ordeño,10:59,16.87,1,,,,,0,,0.78,0.48,0.78,0.78,0,0,0,0,4.77,4.66,4.85,4.81,VMS 1,,Tanque,,1.20,0.96,1.20,1.14,3.73,3.23,4.77,5.14
23/08/2023 08:16 p. m.,Ordeño,11:05,16.95,2,,,,,0,,0.78,0.48,0.78,0.78,0,0,0,0,4.62,4.45,4.73,4.63,VMS 1,,Tanque,,1.20,0.84,1.14,1.32,3.77,3.21,4.89,5.08
24/08/2023 08:46 a. m.,Ordeño,11:26,19.52,1,,,,,0,,0.78,0.48,0.78,0.72,0,0,0,0,4.50,4.38,4.64,4.50,VMS 1,,Tanque,,1.20,0.72,1.20,1.26,4.35,3.73,5.57,5.87
24/08/2023 07:45 p. m.,Ordeño,11:31,14.69,2,,,,,0,,0.66,0.42,0.72,0.72,0,0,0,0,4.46,4.32,4.51,4.39,VMS 1,,Tanque,,1.08,0.72,1.08,1.08,3.12,2.83,4.09,4.65
25/08/2023 04:33 a. m.,Ordeño,09:38,13.02,1,,,,,0,,0.66,0.42,0.78,0.66,0,0,0,0,4.36,4.28,4.43,4.35,VMS 1,,Tanque,,1.02,0.84,1.20,1.14,2.91,2.57,3.88,3.66
25/08/2023 12:53 p. m.,Ordeño,10:16,12.41,2,,,,,0,,0.66,0.36,0.72,0.72,0,0,0,0,4.63,4.36,4.60,4.63,VMS 1,,Tanque,,0.96,0.72,1.02,1.14,2.57,2.48,3.49,3.87
25/08/2023 10:59 p. m.,Ordeño,11:18,13.56,3,,,,,0,,0.60,0.42,0.72,0.72,0,0,0,0,4.50,4.39,4.71,4.69,VMS 1,,Tanque,,0.90,0.78,1.08,1.08,2.78,2.55,4.09,4.14
26/08/2023 01:53 p. m.,Ordeño,11:51,19.31,1,,,,,0,,0.72,0.48,0.72,0.72,0,0,0,0,4.66,4.74,4.83,4.80,VMS 1,,Tanque,,1.08,0.78,1.20,1.14,4.22,3.68,5.61,5.80
27/08/2023 03:51 a. m.,Ordeño,08:52,10.74,1,,,"DI,DD,TI","DI,DD,TI",0,,0.00,0.00,0.00,1.86,0,0,0,0,0.00,0.00,0.00,5.24,VMS 1,,Tanque,,0.00,0.00,0.00,3.24,0.00,0.00,0.00,10.74
27/08/2023 10:37 a. m.,Ordeño,11:48,19.39,2,,,,,0,,0.78,0.54,0.72,0.72,0,0,0,0,4.58,4.82,4.74,4.08,VMS 1,,Tanque,,1.08,0.90,1.20,1.02,4.55,4.23,6.66,3.95
27/08/2023 09:14 p. m.,Ordeño,10:51,13.93,3,,,,,0,,0.66,0.42,0.66,0.66,0,0,0,0,4.19,3.92,4.02,4.49,VMS 1,,Tanque,,1.02,0.78,1.08,1.02,3.09,2.96,4.00,3.88
28/08/2023 05:11 a. m.,Ordeño,08:48,13.17,1,,,,,0,,0.66,0.48,0.66,0.66,0,0,0,0,4.33,4.17,4.28,4.51,VMS 1,,Tanque,,1.08,0.84,1.08,1.14,2.92,2.31,3.69,4.25
28/08/2023 04:12 p. m.,Ordeño,10:05,15.41,2,,,,,0,,0.60,0.42,0.72,0.72,0,0,0,0,4.60,4.58,4.67,4.65,VMS 1,,Tanque,,1.02,0.84,1.08,1.14,3.22,2.87,4.28,5.04
28/08/2023 11:56 p. m.,Ordeño,08:26,10.75,1,,,,,0,,0.54,0.36,0.66,0.66,0,0,0,0,4.40,4.38,4.54,4.43,VMS 1,,Tanque,,0.96,0.66,1.02,1.02,2.32,1.91,3.02,3.50
29/08/2023 08:41 a. m.,Ordeño,09:19,12.77,2,,,,,0,,0.66,0.42,0.78,0.78,0,0,0,0,4.51,4.39,4.54,4.44,VMS 1,,Tanque,,1.02,0.66,1.26,1.20,2.73,2.38,3.58,4.08
29/08/2023 09:32 p. m.,Ordeño,10:46,17.39,3,,,,,0,,0.66,0.48,0.78,0.78,0,0,0,0,4.68,4.53,4.66,4.69,VMS 1,,Tanque,,1.08,0.78,1.14,1.14,3.77,3.37,5.01,5.24
30/08/2023 07:20 a. m.,Ordeño,08:53,16.10,1,,,,,0,,0.66,0.48,0.78,0.78,0,0,0,0,4.51,4.46,4.67,4.58,VMS 1,,Tanque,,1.02,0.78,1.20,1.14,3.58,2.86,4.56,5.10
30/08/2023 09:06 p. m.,Ordeño,11:29,19.47,2,,,,,0,,0.72,0.48,0.78,0.78,0,0,0,0,4.64,4.57,4.75,4.66,VMS 1,,Tanque,,1.08,0.78,1.20,1.20,4.49,3.61,5.57,5.80
31/08/2023 05:26 a. m.,Ordeño,08:01,13.05,1,,,,,0,,0.66,0.48,0.78,0.72,0,0,0,0,4.39,4.30,4.39,4.47,VMS 1,,Tanque,,1.02,0.84,1.08,1.08,2.87,2.52,3.74,3.92
31/08/2023 06:03 p. m.,Ordeño,09:23,7.08,2,,,"TI,TD","TI,TD",0,,0.72,0.48,0.00,0.00,0,0,0,0,4.52,4.50,0.00,0.00,VMS 1,,Tanque,,1.08,0.84,0.00,0.00,3.84,3.24,0.00,0.00
01/09/2023 04:04 a. m.,Ordeño,11:50,20.28,1,,,,,0,TD,0.66,0.48,0.84,0.90,0,0,0,0,4.45,4.26,4.92,5.14,VMS 1,,Tanque,,0.96,0.78,1.26,1.32,2.87,2.61,7.47,7.33
01/09/2023 01:30 p. m.,Ordeño,08:34,12.22,2,,,,,0,,0.72,0.48,0.72,0.84,0,0,0,0,4.52,4.49,4.30,4.12,VMS 1,,Tanque,,1.02,0.84,1.20,1.20,3.07,2.62,3.14,3.39
02/09/2023 01:03 a. m.,Ordeño,10:49,16.52,1,,,,,0,,0.72,0.48,0.84,0.84,0,0,0,0,4.74,4.67,4.78,4.83,VMS 1,,Tanque,,1.08,0.84,1.20,1.26,3.89,3.44,4.56,4.63
02/09/2023 10:20 a. m.,Ordeño,10:03,14.27,2,,,,,0,,0.72,0.42,0.84,0.84,0,0,0,0,4.71,4.62,5.01,5.09,VMS 1,,Tanque,,1.08,0.78,1.32,1.20,3.11,2.83,4.08,4.25
03/09/2023 12:08 a. m.,Ordeño,13:05,13.29,1,,,TD,TD,0,,0.72,0.60,0.84,0.00,0,0,0,0,4.94,4.74,5.05,0.00,VMS 1,,Tanque,,1.02,0.96,1.32,0.00,3.85,3.88,5.56,0.00
03/09/2023 04:05 p. m.,Ordeño,06:50,9.19,3,,,,,0,,0.66,0.48,0.72,0.78,0,0,0,0,4.54,4.48,4.70,4.58,VMS 1,,Tanque,,1.02,0.84,1.14,1.20,2.10,1.79,2.70,2.60
04/09/2023 03:07 a. m.,Ordeño,09:14,10.93,1,,,TI,TI,0,,0.78,0.54,0.00,0.78,0,0,0,0,4.87,4.88,0.00,5.17,VMS 1,,Tanque,,1.08,0.96,0.00,1.20,3.66,3.11,0.00,4.16
04/09/2023 01:34 p. m.,Ordeño,12:06,17.57,2,,,,,0,TI,0.72,0.48,0.90,0.72,0,0,0,0,4.53,4.55,5.40,5.03,VMS 1,,Tanque,,1.08,0.84,1.32,1.08,3.24,2.77,7.60,3.96
04/09/2023 11:07 p. m.,Ordeño,08:34,10.33,3,,,,,0,,0.66,0.48,0.72,0.72,0,0,0,0,4.62,4.46,4.39,4.81,VMS 1,,Tanque,,1.02,0.78,1.14,1.14,2.35,2.13,2.73,3.12
05/09/2023 11:31 a. m.,Ordeño,10:13,17.06,1,,,,,0,,0.78,0.48,0.90,0.90,0,0,0,0,4.86,4.73,4.97,5.06,VMS 1,,Tanque,,1.14,0.84,1.38,1.38,3.97,3.52,4.41,5.16
05/09/2023 11:59 p. m.,Ordeño,09:53,16.46,1,,,,,0,,0.60,0.54,0.78,0.84,0,0,0,0,4.64,4.57,4.99,4.90,VMS 1,,Tanque,,1.02,0.96,1.20,1.26,3.54,3.29,4.56,5.07
06/09/2023 08:27 a. m.,Ordeño,08:22,12.58,2,,,,,0,,0.72,0.48,0.84,0.78,0,0,0,0,4.64,4.51,4.97,4.99,VMS 1,,Tanque,,1.02,0.84,1.14,1.26,2.85,2.46,3.53,3.74
06/09/2023 03:14 p. m.,Ordeño,07:05,9.65,3,,,,,0,,0.66,0.48,0.78,0.78,0,0,0,0,4.65,4.48,4.80,4.83,VMS 1,,Tanque,,1.02,0.78,1.14,1.20,2.11,1.94,2.68,2.92
07/09/2023 03:45 a. m.,Ordeño,11:32,17.51,1,,,,,0,,0.72,0.54,0.84,0.84,0,0,0,0,4.87,4.75,4.94,4.94,VMS 1,,Tanque,,1.02,0.96,1.14,1.32,3.73,3.38,5.03,5.37
07/09/2023 12:13 p. m.,Ordeño,09:33,12.55,2,,,,,0,,0.66,0.54,0.78,0.78,0,0,0,0,4.57,4.44,4.84,4.85,VMS 1,,Tanque,,1.08,0.84,1.20,1.26,2.78,2.45,3.60,3.72
08/09/2023 01:05 a. m.,Ordeño,10:00,18.67,1,,,,,0,,0.72,0.60,0.90,0.90,0,0,0,0,4.58,4.58,4.84,4.75,VMS 1,,Tanque,,1.02,0.96,1.32,1.26,4.27,3.48,5.33,5.59
08/09/2023 11:44 a. m.,Ordeño,11:04,14.69,2,,,,,0,,0.78,0.48,0.84,0.78,0,0,0,0,4.45,4.39,4.61,4.57,VMS 1,,Tanque,,1.20,0.78,1.32,1.20,3.21,2.75,4.32,4.41
10/09/2023 12:11 a. m.,Ordeño,08:12,10.64,1,,,,,0,,0.66,0.48,0.72,0.78,0,0,0,0,4.24,4.11,4.27,4.19,VMS 1,,Tanque,,1.08,0.96,1.14,1.32,2.29,2.09,3.06,3.20
10/09/2023 09:59 a. m.,Ordeño,08:20,12.70,2,,,,,0,,0.66,0.48,0.78,0.72,0,0,0,0,4.79,4.56,4.93,4.95,VMS 1,,Tanque,,1.14,0.78,1.26,1.14,2.73,2.39,3.71,3.87
10/09/2023 08:29 p. m.,Ordeño,11:14,13.98,3,,,,,0,,0.72,0.48,0.72,0.78,0,0,0,0,4.92,4.71,4.87,4.93,VMS 1,,Tanque,,1.08,0.78,1.08,1.20,3.05,2.74,4.00,4.19
11/09/2023 07:06 a. m.,Ordeño,10:00,16.14,1,,,,,0,,0.72,0.48,0.78,0.78,0,0,0,0,4.98,4.81,5.09,5.09,VMS 1,,Tanque,,1.08,0.84,1.20,1.08,3.49,3.16,4.60,4.89
11/09/2023 03:16 p. m.,Ordeño,08:02,11.46,2,,,,,0,,0.72,0.48,0.78,0.78,0,0,0,0,4.90,4.79,4.99,4.95,VMS 1,,Tanque,,1.08,0.78,1.14,1.14,2.40,2.23,3.39,3.44
12/09/2023 10:23 a. m.,Ordeño,11:21,23.07,1,,,,,0,,0.72,0.54,0.84,0.78,0,0,0,0,5.24,5.18,5.17,5.31,VMS 1,,Tanque,,1.08,0.90,1.20,1.32,5.02,4.34,6.70,7.01
13/09/2023 02:06 a. m.,Ordeño,11:14,18.22,1,,,,,0,,0.72,0.48,0.78,0.78,0,0,0,0,4.56,4.51,4.64,4.64,VMS 1,,Tanque,,1.14,0.84,1.14,1.20,4.09,3.46,5.15,5.52
13/09/2023 12:23 p. m.,Ordeño,08:39,15.25,2,,,,,0,,0.66,0.60,0.78,0.78,0,0,0,0,4.85,4.88,4.93,5.11,VMS 1,,Tanque,,1.08,1.08,1.26,1.08,3.29,3.04,4.40,4.52
13/09/2023 08:28 p. m.,Ordeño,08:27,12.09,3,,,,,0,,0.66,0.42,0.78,0.72,0,0,0,0,4.86,4.74,4.88,4.96,VMS 1,,Tanque,,1.02,0.72,1.08,1.14,2.62,2.35,3.48,3.64
14/09/2023 07:27 a. m.,Ordeño,09:46,16.60,1,,,,,0,,0.72,0.48,0.84,0.78,0,0,0,0,5.01,4.98,5.08,5.09,VMS 1,,Tanque,,1.08,0.84,1.20,1.20,3.59,3.16,4.89,4.96
15/09/2023 12:29 a. m.,Ordeño,12:07,24.57,1,,,,,0,,0.84,0.54,0.90,0.78,0,0,0,0,5.01,4.89,4.97,5.03,VMS 1,,Tanque,,1.26,0.90,1.26,1.38,5.35,4.69,7.20,7.33
15/09/2023 12:25 p. m.,Ordeño,08:42,14.58,2,,,,,0,,0.78,0.54,0.84,0.78,0,0,0,0,4.56,4.43,4.57,4.59,VMS 1,,Tanque,,1.14,0.78,1.20,1.32,3.19,2.86,4.19,4.34
15/09/2023 11:10 p. m.,Ordeño,09:00,12.09,3,,,,,0,,0.72,0.42,0.78,0.78,0,0,0,0,4.57,4.42,4.61,4.62,VMS 1,,Tanque,,1.14,0.78,1.14,1.26,2.60,2.30,3.67,3.52
16/09/2023 09:10 a. m.,Ordeño,08:41,13.45,1,,,,,0,,0.72,0.48,0.84,0.78,0,0,0,0,4.83,4.65,4.82,4.79,VMS 1,,Tanque,,1.14,0.96,1.26,1.08,2.87,2.62,3.95,4.01
16/09/2023 05:17 p. m.,Ordeño,07:51,10.89,2,,,,,0,,0.60,0.42,0.84,0.78,0,0,0,0,4.70,4.63,4.82,4.81,VMS 1,,Tanque,,1.02,0.72,1.38,1.14,2.33,2.08,3.20,3.28
17/09/2023 08:23 a. m.,Ordeño,11:52,20.65,1,,,,,0,,0.84,0.42,0.90,0.84,0,0,0,0,5.08,4.93,4.94,5.09,VMS 1,,Tanque,,1.26,0.66,1.20,1.26,4.73,3.77,6.06,6.09
17/09/2023 04:02 p. m.,Ordeño,07:58,11.64,2,,,,,0,,0.66,0.48,0.78,0.72,0,0,0,0,4.58,4.34,4.50,4.47,VMS 1,,Tanque,,1.02,0.90,1.14,1.08,2.45,2.37,3.23,3.59
17/09/2023 11:57 p. m.,Ordeño,07:47,10.92,1,,,,,0,,0.72,0.42,0.84,0.78,0,0,0,0,4.90,4.67,4.79,4.80,VMS 1,,Tanque,,1.08,0.78,1.14,1.08,2.35,2.12,3.18,3.27
18/09/2023 01:24 p. m.,Ordeño,10:47,19.38,2,,,,,0,,0.84,0.48,0.90,0.84,0,0,0,0,5.16,5.05,5.15,5.21,VMS 1,,Tanque,,1.20,0.78,1.32,1.26,4.15,3.57,5.75,5.91
18/09/2023 09:10 p. m.,Ordeño,07:48,10.33,3,,,,,0,,0.72,0.42,0.84,0.72,0,0,0,0,4.40,4.18,4.44,4.33,VMS 1,,Tanque,,1.08,0.72,1.20,1.08,2.32,1.99,2.98,3.04
19/09/2023 08:12 a. m.,Ordeño,09:05,15.50,1,,,,,0,,0.78,0.54,0.84,0.78,0,0,0,0,5.14,5.06,5.16,5.14,VMS 1,,Tanque,,1.14,0.84,1.26,1.14,3.49,3.05,4.46,4.50
19/09/2023 05:43 p. m.,Ordeño,08:11,12.57,2,,,,,0,,0.72,0.48,0.78,0.78,0,0,0,0,5.17,5.04,5.22,5.07,VMS 1,,Tanque,,1.14,0.78,1.14,1.14,2.81,2.45,3.52,3.79
20/09/2023 01:00 a. m.,Ordeño,07:17,9.63,1,,,,,0,,0.60,0.42,0.78,0.72,0,0,0,0,5.01,4.77,4.95,4.96,VMS 1,,Tanque,,0.96,0.66,1.14,1.20,2.08,1.77,2.83,2.95
20/09/2023 11:15 a. m.,Ordeño,08:59,15.47,2,,,,,0,,0.72,0.60,0.84,0.84,0,0,0,0,5.21,5.04,5.24,5.21,VMS 1,,Tanque,,1.14,0.90,1.26,1.20,3.48,2.84,4.47,4.68
20/09/2023 08:13 p. m.,Ordeño,09:20,15.02,3,,,,,0,,0.66,0.48,0.84,0.84,0,0,0,0,4.72,4.58,4.85,4.75,VMS 1,,Tanque,,1.08,0.84,1.20,1.32,3.20,2.85,4.39,4.58
21/09/2023 03:57 a. m.,Ordeño,08:13,12.31,1,,,,,0,,0.60,0.48,0.78,0.78,0,0,0,0,4.74,4.60,4.76,4.73,VMS 1,,Tanque,,0.96,0.78,1.20,1.20,2.56,2.42,3.55,3.78
21/09/2023 12:58 p. m.,Ordeño,08:24,13.87,2,,,,,0,,0.66,0.54,0.84,0.84,0,0,0,0,4.80,4.69,4.80,4.80,VMS 1,,Tanque,,1.08,0.84,1.20,1.38,3.00,2.66,4.02,4.19
21/09/2023 11:29 p. m.,Ordeño,09:20,14.80,3,,,,,0,,0.66,0.48,0.78,0.72,0,0,0,0,4.66,4.57,4.66,4.60,VMS 1,,Tanque,,1.08,0.90,1.14,1.14,3.22,2.83,4.35,4.40
22/09/2023 09:29 a. m.,Ordeño,10:13,13.21,1,,,,,0,,0.66,0.42,0.78,0.78,0,0,0,0,4.72,4.48,4.70,4.79,VMS 1,,Tanque,,1.02,0.72,1.20,1.20,2.84,2.40,3.88,4.09
22/09/2023 11:26 p. m.,Ordeño,11:23,18.32,2,,,,,0,,0.66,0.48,0.72,0.72,0,0,0,0,4.81,4.59,4.85,4.78,VMS 1,,Tanque,,1.08,0.78,1.08,1.26,4.00,3.61,5.14,5.57
23/09/2023 09:26 a. m.,Ordeño,09:10,14.27,1,,,,,0,,0.66,0.48,0.84,0.78,0,0,0,0,4.41,4.28,4.49,4.44,VMS 1,,Tanque,,1.02,0.90,1.26,1.20,3.09,2.67,4.21,4.30
23/09/2023 07:05 p. m.,Ordeño,08:18,13.24,2,,,,,0,,0.72,0.48,0.84,0.78,0,0,0,0,4.39,4.41,4.62,4.53,VMS 1,,Tanque,,1.08,0.72,1.14,1.14,2.98,2.47,3.88,3.91
24/09/2023 03:50 a. m.,Ordeño,08:30,11.83,1,,,,,0,,0.60,0.42,0.84,0.78,0,0,0,0,4.29,4.21,4.35,4.36,VMS 1,,Tanque,,0.90,0.66,1.14,1.26,2.44,2.26,3.44,3.69
24/09/2023 01:35 p. m.,Ordeño,09:57,13.58,2,,,,,0,,0.66,0.42,0.84,0.78,0,0,0,0,4.84,4.70,4.87,4.82,VMS 1,,Tanque,,1.14,0.84,1.26,1.14,2.91,2.61,3.90,4.16
24/09/2023 11:47 p. m.,Ordeño,08:57,15.32,3,,,,,0,,0.72,0.48,0.90,0.84,0,0,0,0,4.64,4.49,4.63,4.66,VMS 1,,Tanque,,1.08,0.90,1.26,1.32,3.17,2.87,4.56,4.72
25/09/2023 08:48 a. m.,Ordeño,09:07,12.04,1,,,,,0,,0.60,0.42,0.78,0.78,0,0,0,0,4.45,4.39,4.51,4.47,VMS 1,,Tanque,,1.02,0.72,1.14,1.14,2.58,2.18,3.79,3.49
25/09/2023 05:48 p. m.,Ordeño,08:06,13.04,2,,,,,0,,0.66,0.48,0.78,0.72,0,0,0,0,4.69,4.53,4.63,4.64,VMS 1,,Tanque,,0.96,0.84,1.08,1.20,2.85,2.41,3.81,3.97
26/09/2023 07:12 a. m.,Ordeño,10:07,19.60,1,,,,,0,,0.66,0.54,0.96,0.78,0,0,0,0,4.74,4.72,4.83,4.87,VMS 1,,Tanque,,1.02,0.90,1.32,1.26,4.22,3.74,5.81,5.83
26/09/2023 08:06 p. m.,Ordeño,10:32,17.24,2,,,,,0,,0.72,0.48,0.84,0.78,0,0,0,0,4.63,4.46,4.69,4.64,VMS 1,,Tanque,,1.02,0.96,1.20,1.32,3.73,3.30,5.06,5.15
27/09/2023 08:25 a. m.,Ordeño,10:41,17.74,1,,,,,0,,0.72,0.48,0.84,0.84,0,0,0,0,4.62,4.52,4.68,4.61,VMS 1,,Tanque,,1.08,0.90,1.14,1.38,3.77,3.41,5.11,5.45
27/09/2023 09:06 p. m.,Ordeño,09:31,12.55,2,,,,,0,,0.60,0.42,0.78,0.72,0,0,0,0,4.43,4.21,4.30,4.49,VMS 1,,Tanque,,1.02,0.90,1.08,1.20,2.77,2.37,3.63,3.78
28/09/2023 05:50 a. m.,Ordeño,10:03,8.30,1,,,,,0,,0.78,0.42,0.72,0.78,0,0,0,0,4.17,3.93,4.03,4.08,VMS 1,,Tanque,,1.08,0.78,1.08,1.14,1.83,1.60,2.31,2.56
28/09/2023 07:11 p. m.,Ordeño,08:39,14.77,2,,,,,0,,0.66,0.54,0.84,0.84,0,0,0,0,4.54,4.44,4.37,4.60,VMS 1,,Tanque,,1.02,0.96,1.20,1.14,3.25,2.78,4.38,4.36
29/09/2023 04:13 a. m.,Ordeño,07:50,11.41,1,,,,,0,,0.66,0.48,0.78,0.72,0,0,0,0,4.41,4.44,4.41,4.50,VMS 1,,Tanque,,1.02,0.78,1.26,1.20,2.56,2.16,3.29,3.40
29/09/2023 01:01 p. m.,Ordeño,06:58,10.76,2,,,,,0,,0.66,0.48,0.78,0.78,0,0,0,0,4.54,4.47,4.63,4.52,VMS 1,,Tanque,,1.02,0.84,1.20,1.14,2.30,2.07,3.03,3.36
29/09/2023 09:11 p. m.,Ordeño,08:27,8.41,3,,,,,0,,0.60,0.42,0.72,0.66,0,0,0,0,4.50,4.36,4.48,4.42,VMS 1,,Tanque,,1.02,0.78,1.14,1.08,1.78,1.58,2.49,2.56
30/09/2023 05:43 a. m.,Ordeño,08:54,10.29,1,,,,,0,,0.72,0.48,0.72,0.72,0,0,0,0,4.53,4.43,4.48,4.58,VMS 1,,Tanque,,1.14,0.72,1.14,1.14,2.26,1.99,2.96,3.08
30/09/2023 01:35 p. m.,Ordeño,07:58,9.62,2,,,,,0,,0.66,0.48,0.72,0.72,0,0,0,0,4.46,4.35,4.49,4.39,VMS 1,,Tanque,,1.08,0.84,1.14,1.08,2.07,1.86,2.65,3.04
30/09/2023 09:55 p. m.,Ordeño,07:19,9.01,3,,,,,0,,0.66,0.42,0.72,0.78,0,0,0,0,4.38,4.21,4.43,4.33,VMS 1,,Tanque,,1.14,0.72,1.08,1.14,1.92,1.75,2.60,2.74
01/10/2023 09:33 a. m.,Ordeño,10:43,13.35,1,,,,,0,,0.72,0.42,0.78,0.78,0,0,0,0,4.66,4.53,4.70,4.66,VMS 1,,Tanque,,1.08,0.72,1.20,1.08,2.92,2.50,3.90,4.03
01/10/2023 04:48 p. m.,Ordeño,11:56,9.18,2,,,,,0,,0.60,0.48,0.72,0.60,0,0,0,0,4.32,4.13,4.25,4.45,VMS 1,,Tanque,,1.08,0.84,1.08,0.96,2.07,1.83,2.88,2.40
02/10/2023 03:26 a. m.,Ordeño,09:58,9.06,1,,,TI,TI,0,,0.66,0.48,0.00,0.78,0,0,0,0,4.54,4.50,0.00,4.59,VMS 1,,Tanque,,1.02,0.84,0.00,1.20,2.73,2.34,0.00,3.99
02/10/2023 07:43 a. m.,Ordeño,08:48,4.13,2,,,"TI,TD",TD,0,,0.60,0.42,0.66,0.00,0,0,0,0,4.26,4.15,4.42,0.00,VMS 1,,Tanque,,0.90,0.66,1.02,0.00,1.28,1.17,1.68,0.00
02/10/2023 09:53 a. m.,Ordeño,09:25,7.11,3,,,,,0,TI,0.48,0.36,0.78,0.42,0,0,0,0,4.32,4.22,5.00,2.35,VMS 1,,Tanque,,0.72,0.60,1.14,0.66,0.52,0.49,5.24,0.86
02/10/2023 08:13 p. m.,Ordeño,09:48,12.38,4,,,,,0,,0.60,0.42,0.78,0.72,0,0,0,0,4.87,4.76,4.32,4.94,VMS 1,,Tanque,,1.02,0.78,1.08,1.20,2.59,2.23,3.85,3.71
03/10/2023 07:39 a. m.,Ordeño,09:20,16.96,1,,,,,0,,0.72,0.54,0.84,0.90,0,0,0,0,4.81,4.69,4.66,4.88,VMS 1,,Tanque,,1.08,0.84,1.26,1.26,3.76,3.38,4.39,5.43
03/10/2023 04:34 p. m.,Ordeño,12:08,11.34,2,,,,,0,,0.66,0.48,0.72,0.84,0,0,0,0,4.61,4.48,4.77,4.69,VMS 1,,Tanque,,1.08,0.84,1.08,1.26,2.57,2.30,2.67,3.80
04/10/2023 10:35 a. m.,Ordeño,11:51,22.37,1,,,,,0,,0.84,0.54,0.90,0.84,0,0,0,0,5.13,5.15,5.20,5.22,VMS 1,,Tanque,,1.26,0.90,1.26,1.26,4.86,4.12,6.68,6.71
04/10/2023 08:35 p. m.,Ordeño,08:49,11.58,2,,,,,0,,0.66,0.48,0.84,0.84,0,0,0,0,4.40,4.22,4.39,4.27,VMS 1,,Tanque,,1.02,0.84,1.20,1.38,2.48,2.26,3.14,3.70
05/10/2023 08:01 a. m.,Ordeño,09:32,16.27,1,,,,,0,,0.78,0.54,0.84,0.84,0,0,0,0,5.01,4.95,5.20,5.08,VMS 1,,Tanque,,1.08,0.84,1.26,1.32,3.51,3.11,4.59,5.06
05/10/2023 05:06 p. m.,Ordeño,09:03,12.22,2,,,,,0,,0.72,0.54,0.78,0.84,0,0,0,0,4.92,4.89,5.07,4.95,VMS 1,,Tanque,,1.08,0.84,1.14,1.26,2.55,2.36,3.51,3.80
06/10/2023 03:34 a. m.,Ordeño,08:49,15.21,1,,,,,0,,0.78,0.54,0.78,0.84,0,0,0,0,4.86,4.82,4.99,4.97,VMS 1,,Tanque,,1.08,0.84,1.14,1.26,3.34,2.89,4.33,4.65
06/10/2023 01:41 p. m.,Ordeño,08:08,14.78,2,,,,,0,,0.78,0.54,0.84,0.84,0,0,0,0,4.86,4.83,4.89,4.99,VMS 1,,Tanque,,1.14,0.84,1.20,1.20,3.24,2.82,4.23,4.49
06/10/2023 09:32 p. m.,Ordeño,08:34,10.31,3,,,,,0,,0.72,0.48,0.78,0.72,0,0,0,0,4.86,4.62,4.76,4.92,VMS 1,,Tanque,,1.20,0.72,1.14,1.20,2.17,1.94,3.13,3.07
07/10/2023 08:51 a. m.,Ordeño,09:26,16.80,1,,,,,0,,0.78,0.60,0.84,0.84,0,0,0,0,4.85,4.81,4.94,4.89,VMS 1,,Tanque,,1.08,0.96,1.14,1.20,3.68,3.24,4.73,5.15
07/10/2023 03:40 p. m.,Ordeño,07:05,8.87,2,,,,,0,,0.60,0.42,0.72,0.72,0,0,0,0,4.52,4.25,4.55,4.44,VMS 1,,Tanque,,0.90,0.84,1.14,1.08,1.85,1.66,2.63,2.73
08/10/2023 12:24 a. m.,Ordeño,07:53,11.83,1,,,,,0,,0.72,0.48,0.72,0.78,0,0,0,0,4.84,4.74,4.94,4.97,VMS 1,,Tanque,,1.02,0.84,1.20,1.20,2.57,2.19,3.46,3.61
08/10/2023 07:42 a. m.,Ordeño,08:14,11.29,2,,,,,0,,0.66,0.42,0.72,0.72,0,0,0,0,4.82,4.61,4.82,4.91,VMS 1,,Tanque,,1.02,0.72,1.08,1.08,2.31,2.20,3.26,3.52
08/10/2023 04:31 p. m.,Ordeño,07:52,10.67,3,,,,,0,,0.66,0.54,0.72,0.72,0,0,0,0,4.79,4.64,4.67,4.73,VMS 1,,Tanque,,0.96,1.02,1.08,1.26,2.23,1.99,3.18,3.27
09/10/2023 07:03 a. m.,Ordeño,09:31,18.95,1,,,,,0,,0.78,0.60,0.84,0.84,0,0,0,0,4.64,4.51,4.64,4.64,VMS 1,,Tanque,,1.14,1.02,1.26,1.32,4.16,3.54,5.52,5.73
09/10/2023 04:59 p. m.,Ordeño,11:32,2.43,2,,,"DI,TI,TD","DI,TI,TD",0,,0.00,0.48,0.00,0.00,0,0,0,0,0.00,4.33,0.00,0.00,VMS 1,,Tanque,,0.00,0.84,0.00,0.00,0.00,2.43,0.00,0.00
09/10/2023 08:36 p. m.,Ordeño,09:21,14.61,3,,,,,0,,0.78,0.48,0.72,0.78,0,0,0,0,4.80,4.33,4.79,4.85,VMS 1,,Tanque,,1.08,0.84,1.14,1.14,3.74,1.14,4.67,5.06
10/10/2023 09:58 a. m.,Ordeño,11:19,18.76,1,,,,,0,,0.66,0.42,0.78,0.72,0,0,0,0,4.72,4.95,4.70,4.79,VMS 1,,Tanque,,0.96,0.78,1.08,1.14,3.90,3.62,5.54,5.70
10/10/2023 07:57 p. m.,Ordeño,09:11,13.08,2,,,,,0,,0.60,0.48,0.72,0.72,0,0,0,0,4.27,4.31,4.21,4.30,VMS 1,,Tanque,,0.96,0.90,1.14,1.08,2.75,2.63,3.78,3.92
11/10/2023 05:26 a. m.,Ordeño,09:23,12.85,1,,,,,0,,0.60,0.48,0.72,0.72,0,0,0,0,4.68,4.53,4.63,4.79,VMS 1,,Tanque,,1.02,1.08,1.20,1.14,2.75,2.49,3.81,3.80
11/10/2023 01:46 p. m.,Ordeño,09:47,12.42,2,,,,,0,,0.66,0.42,0.78,0.78,0,0,0,0,5.01,4.72,5.00,5.04,VMS 1,,Tanque,,1.02,0.72,1.14,1.20,2.67,2.30,3.63,3.82
12/10/2023 04:06 a. m.,Ordeño,11:08,20.43,1,,,,,0,,0.72,0.54,0.84,0.84,0,0,0,0,5.01,4.86,5.05,5.17,VMS 1,,Tanque,,1.14,0.96,1.14,1.14,4.43,3.93,5.90,6.17
12/10/2023 01:08 p. m.,Ordeño,07:52,12.47,2,,,,,0,,0.66,0.48,0.72,0.84,0,0,0,0,4.47,4.33,4.57,4.65,VMS 1,,Tanque,,1.14,0.84,1.08,1.14,2.75,2.41,3.56,3.75
13/10/2023 03:04 a. m.,Ordeño,11:32,19.56,1,,,,,0,,0.72,0.48,0.72,0.72,0,0,0,0,4.93,4.78,4.91,5.07,VMS 1,,Tanque,,1.02,0.78,1.14,1.08,4.31,3.61,5.71,5.93
13/10/2023 11:06 a. m.,Ordeño,09:00,12.66,2,,,,,0,,0.72,0.48,0.72,0.72,0,0,0,0,4.79,4.62,4.77,4.91,VMS 1,,Tanque,,1.02,0.90,1.26,1.20,2.76,2.46,3.67,3.77
14/10/2023 08:31 a. m.,Ordeño,12:37,23.80,1,,,,,0,,0.78,0.54,0.84,0.78,0,0,0,0,5.02,5.26,5.22,5.01,VMS 1,,Tanque,,1.14,0.84,1.32,1.26,5.18,4.59,7.20,6.83
14/10/2023 11:17 p. m.,Ordeño,09:16,16.28,2,,,,,0,,0.78,0.48,0.78,0.72,0,0,0,0,4.52,4.39,4.55,4.49,VMS 1,,Tanque,,1.14,0.96,1.14,1.14,3.73,2.91,4.74,4.90
15/10/2023 08:15 a. m.,Ordeño,08:36,19.89,1,,,,,0,,0.72,0.42,4.08,0.78,0,0,0,0,4.57,4.53,4.09,4.63,VMS 1,,Tanque,,1.08,0.78,1.00,1.20,2.55,2.13,11.62,3.59
15/10/2023 03:48 p. m.,Ordeño,12:23,9.85,2,,,,,0,,0.72,0.42,0.72,0.78,0,0,0,0,4.77,4.59,4.91,4.83,VMS 1,,Tanque,,1.20,0.66,1.08,1.14,2.19,1.84,2.60,3.22
16/10/2023 02:34 a. m.,Ordeño,08:22,16.11,1,,,,,0,,0.72,0.54,0.90,0.90,0,0,0,0,4.90,4.92,4.95,5.13,VMS 1,,Tanque,,1.08,0.84,1.32,1.44,3.35,2.94,4.90,4.92
16/10/2023 02:43 p. m.,Ordeño,09:59,17.87,2,,,,,0,,0.78,0.54,0.84,0.90,0,0,0,0,4.98,4.93,5.09,5.23,VMS 1,,Tanque,,1.14,0.90,1.20,1.32,3.73,3.39,5.21,5.54
17/10/2023 05:49 a. m.,Ordeño,09:25,20.96,1,,,,,0,,0.90,0.60,0.96,0.90,0,0,0,0,4.93,5.05,5.01,5.11,VMS 1,,Tanque,,1.20,1.02,1.38,1.26,4.62,3.86,6.26,6.22
17/10/2023 03:05 p. m.,Ordeño,08:13,13.20,2,,,,,0,,0.72,0.48,0.72,0.84,0,0,0,0,4.45,4.35,4.43,4.53,VMS 1,,Tanque,,1.14,0.84,1.26,1.14,2.81,2.53,3.70,4.16
18/10/2023 12:39 a. m.,Ordeño,10:02,8.86,1,,,TD,TD,0,,0.72,0.48,0.84,0.00,0,0,0,0,4.56,4.41,4.67,0.00,VMS 1,,Tanque,,1.44,0.90,1.20,0.00,2.79,2.36,3.71,0.00
18/10/2023 10:53 a. m.,Ordeño,11:13,18.65,2,,,,,0,,0.78,0.48,0.84,0.90,0,0,0,0,4.97,4.82,5.00,5.24,VMS 1,,Tanque,,1.20,0.96,1.32,1.44,3.37,2.97,4.62,7.69
19/10/2023 01:07 a. m.,Ordeño,10:01,18.83,1,,,,,0,,0.78,0.54,0.78,0.78,0,0,0,0,4.87,4.69,4.84,4.64,VMS 1,,Tanque,,1.20,0.90,1.14,1.20,4.32,3.73,5.67,5.11
19/10/2023 05:26 p. m.,Ordeño,11:03,21.98,2,,,,,0,,0.78,0.60,0.84,0.78,0,0,0,0,5.02,4.90,4.97,5.08,VMS 1,,Tanque,,1.14,0.96,1.20,1.14,4.88,4.24,6.53,6.33
20/10/2023 01:55 a. m.,Ordeño,07:48,12.26,1,,,,,0,,0.66,0.48,0.78,0.72,0,0,0,0,4.47,4.29,4.44,4.57,VMS 1,,Tanque,,1.08,0.78,1.20,1.32,2.66,2.36,3.71,3.53
20/10/2023 11:38 a. m.,Ordeño,08:07,13.82,2,,,,,0,,0.66,0.54,0.78,0.84,0,0,0,0,4.66,4.72,4.84,4.94,VMS 1,,Tanque,,1.14,0.96,1.26,1.44,2.98,2.60,4.10,4.14
20/10/2023 07:11 p. m.,Ordeño,07:36,9.38,3,,,,,0,,0.60,0.48,0.72,0.72,0,0,0,0,4.64,4.66,4.70,4.82,VMS 1,,Tanque,,0.90,0.84,1.14,1.02,2.00,1.69,2.76,2.93
21/10/2023 02:41 a. m.,Ordeño,07:27,10.90,1,,,,,0,,0.60,0.48,0.72,0.78,0,0,0,0,4.84,4.78,4.91,5.03,VMS 1,,Tanque,,0.96,0.84,1.14,1.20,2.29,2.02,3.19,3.40
21/10/2023 11:23 a. m.,Ordeño,08:19,13.58,2,,,,,0,,0.66,0.54,0.84,0.78,0,0,0,0,5.03,4.98,5.11,5.25,VMS 1,,Tanque,,1.08,0.90,1.26,1.20,2.85,2.55,4.08,4.10
21/10/2023 07:36 p. m.,Ordeño,07:54,11.92,3,,,,,0,,0.66,0.48,0.78,0.78,0,0,0,0,4.98,4.86,5.00,5.14,VMS 1,,Tanque,,1.02,0.78,1.20,1.14,2.52,2.27,3.55,3.58
22/10/2023 10:23 a. m.,Ordeño,10:31,20.90,1,,,,,0,,0.78,0.54,0.78,0.84,0,0,0,0,4.84,4.97,4.99,5.05,VMS 1,,Tanque,,1.20,0.90,1.20,1.26,4.37,3.95,6.18,6.40
22/10/2023 06:43 p. m.,Ordeño,09:52,12.59,2,,,,,0,,0.66,0.48,0.66,0.78,0,0,0,0,4.57,4.48,4.60,4.57,VMS 1,,Tanque,,1.08,0.84,1.08,1.20,2.55,2.41,3.59,4.04
23/10/2023 08:05 a. m.,Ordeño,10:17,20.79,1,,,,,0,,0.84,0.60,0.84,0.90,0,0,0,0,4.90,4.93,5.06,5.08,VMS 1,,Tanque,,1.20,0.96,1.26,1.26,4.47,3.84,6.05,6.43
23/10/2023 04:41 p. m.,Ordeño,07:24,12.81,2,,,,,0,,0.66,0.54,0.84,0.84,0,0,0,0,4.59,4.53,4.66,4.65,VMS 1,,Tanque,,1.08,0.96,1.44,1.26,2.67,2.39,3.75,4.00
24/10/2023 05:41 a. m.,Ordeño,10:15,19.67,1,,,,,0,,0.78,0.60,0.90,0.84,0,0,0,0,4.79,4.73,4.92,4.92,VMS 1,,Tanque,,1.08,0.96,1.26,1.20,4.10,3.74,5.73,6.10
24/10/2023 01:26 p. m.,Ordeño,09:11,11.94,2,,,,,0,,0.72,0.48,0.72,0.84,0,0,0,0,4.67,4.61,4.70,4.65,VMS 1,,Tanque,,1.08,0.84,1.14,1.20,2.49,2.31,3.47,3.67
25/10/2023 01:49 a. m.,Ordeño,12:04,19.29,1,,DD,,,0,,0.78,0.48,0.78,0.84,0,0,0,0,4.82,4.83,4.98,4.86,VMS 1,,Tanque,,1.08,1.20,1.14,1.26,4.18,3.39,5.71,6.01
25/10/2023 10:34 a. m.,Ordeño,08:39,14.94,2,,,,,0,,0.66,0.54,0.72,0.84,0,0,0,0,4.52,4.55,4.68,4.55,VMS 1,,Tanque,,1.08,0.84,1.08,1.26,3.16,2.86,4.30,4.62
26/10/2023 02:16 a. m.,Ordeño,10:48,21.59,1,,,,,0,,0.72,0.54,0.84,0.90,0,0,0,0,4.63,4.66,4.60,4.67,VMS 1,,Tanque,,1.14,0.90,1.26,1.32,4.59,4.06,6.29,6.65
26/10/2023 10:56 a. m.,Ordeño,07:46,13.17,2,,,,,0,,0.72,0.54,0.78,0.78,0,0,0,0,4.51,4.42,4.54,4.49,VMS 1,,Tanque,,1.02,1.02,1.26,1.14,2.78,2.57,3.78,4.04
26/10/2023 06:39 p. m.,Ordeño,07:12,10.73,3,,,,,0,,0.66,0.48,0.78,0.78,0,0,0,0,4.64,4.63,4.68,4.61,VMS 1,,Tanque,,1.08,0.84,1.20,1.14,2.31,1.95,3.13,3.34
27/10/2023 09:27 a. m.,Ordeño,10:20,21.69,1,,,,,0,,0.72,0.54,0.90,0.84,0,0,0,0,4.81,4.79,4.92,4.90,VMS 1,,Tanque,,1.14,1.20,1.32,1.32,4.61,4.08,6.42,6.58
27/10/2023 05:03 p. m.,Ordeño,07:20,11.80,2,,,,,0,,0.72,0.48,0.78,0.84,0,0,0,0,4.43,4.31,4.60,4.47,VMS 1,,Tanque,,1.14,0.84,1.20,1.20,2.52,2.27,3.42,3.59
28/10/2023 04:53 a. m.,Ordeño,10:50,17.31,1,,,,,0,,0.72,0.54,0.84,0.84,0,0,0,0,4.76,4.65,4.78,4.83,VMS 1,,Tanque,,1.08,0.90,1.26,1.20,3.63,3.33,5.09,5.26
28/10/2023 12:28 p. m.,Ordeño,11:04,10.72,2,,,,,0,,0.66,0.54,0.78,0.78,0,0,0,0,4.55,4.52,4.66,4.70,VMS 1,,Tanque,,1.02,0.84,1.14,1.26,2.29,2.08,3.00,3.35
29/10/2023 01:07 a. m.,Ordeño,09:53,19.00,1,,,,,0,,0.66,0.54,0.78,0.78,0,0,0,0,4.84,4.74,4.71,4.81,VMS 1,,Tanque,,1.02,0.96,1.20,1.26,3.93,3.65,5.58,5.84
29/10/2023 09:35 a. m.,Ordeño,10:03,9.54,2,,,TI,TI,0,,0.66,0.54,0.00,0.78,0,0,0,0,4.71,4.60,0.00,4.47,VMS 1,,Tanque,,1.02,0.84,0.00,1.20,2.71,2.52,0.00,4.31
29/10/2023 02:23 p. m.,Ordeño,10:03,6.70,3,,,"DI,TI","DI,TI",0,,0.00,0.48,0.00,0.84,0,0,0,0,0.00,4.29,0.00,4.74,VMS 1,,Tanque,,0.00,0.84,0.00,1.20,0.00,1.36,0.00,5.34
30/10/2023 12:40 a. m.,Ordeño,10:05,17.07,1,,,,,0,,0.78,0.54,0.78,0.84,0,0,0,0,4.75,4.60,4.53,4.81,VMS 1,,Tanque,,1.14,0.90,1.32,1.26,4.35,2.78,4.05,5.89
30/10/2023 10:38 a. m.,Ordeño,08:45,11.58,2,,,,,0,,0.66,0.48,0.72,0.78,0,0,0,0,4.17,4.28,4.44,4.32,VMS 1,,Tanque,,1.02,0.84,1.14,1.20,2.45,2.28,3.17,3.68
30/10/2023 07:11 p. m.,Ordeño,07:33,9.60,3,,,,,0,,0.66,0.48,0.66,0.72,0,0,0,0,4.49,4.36,4.50,4.47,VMS 1,,Tanque,,1.02,0.78,1.02,1.14,1.98,1.94,2.78,2.90
31/10/2023 04:44 a. m.,Ordeño,12:32,13.44,1,,,,,0,,0.72,0.54,0.72,0.78,0,0,0,0,4.75,4.56,4.85,4.81,VMS 1,,Tanque,,1.14,0.90,1.08,1.14,2.82,2.65,3.68,4.29
31/10/2023 02:48 p. m.,Ordeño,08:24,12.21,2,,,,,0,,0.66,0.48,0.78,0.84,0,0,0,0,4.84,4.60,4.84,4.94,VMS 1,,Tanque,,1.14,0.78,1.14,1.38,2.29,2.52,3.18,4.22
01/11/2023 05:28 a. m.,Ordeño,10:09,21.28,1,,,,,0,,0.84,0.66,0.90,0.84,0,0,0,0,4.85,4.65,4.85,4.81,VMS 1,,Tanque,,1.26,1.02,1.38,1.20,4.51,4.13,6.19,6.45
01/11/2023 03:07 p. m.,Ordeño,10:58,14.94,2,,,,,0,,0.66,0.60,0.78,0.84,0,0,0,0,4.59,4.34,4.63,4.46,VMS 1,,Tanque,,1.08,0.96,1.20,1.38,3.08,2.90,4.27,4.69
02/11/2023 01:42 a. m.,Ordeño,10:27,14.44,1,,,,,0,,0.72,0.48,0.78,0.78,0,0,0,0,4.59,4.41,4.57,4.59,VMS 1,,Tanque,,1.08,0.90,1.14,1.14,3.06,2.74,4.31,4.33
02/11/2023 08:49 a. m.,Ordeño,07:59,11.97,2,,,,,0,,0.66,0.48,0.84,0.84,0,0,0,0,4.52,4.40,4.62,4.61,VMS 1,,Tanque,,1.08,0.84,1.26,1.32,2.43,2.30,3.49,3.75
02/11/2023 06:05 p. m.,Ordeño,08:39,12.91,3,,,,,0,,0.66,0.42,0.78,0.78,0,0,0,0,4.62,4.45,4.69,4.78,VMS 1,,Tanque,,0.96,0.72,1.26,1.26,2.75,2.33,3.77,4.06
03/11/2023 03:11 a. m.,Ordeño,08:05,13.42,1,,,,,0,,0.72,0.54,0.84,0.84,0,0,0,0,4.82,4.62,4.96,4.93,VMS 1,,Tanque,,1.08,0.84,1.26,1.20,2.89,2.49,3.92,4.12
03/11/2023 01:32 p. m.,Ordeño,09:04,15.15,2,,,,,0,,0.66,0.48,0.78,0.84,0,0,0,0,4.61,4.45,4.82,4.81,VMS 1,,Tanque,,1.02,0.84,1.26,1.20,3.23,2.90,4.38,4.64
03/11/2023 10:13 p. m.,Ordeño,08:15,11.76,3,,,,,0,,0.60,0.54,0.78,0.78,0,0,0,0,4.53,4.37,4.62,4.61,VMS 1,,Tanque,,0.96,0.96,1.20,1.26,2.48,2.18,3.53,3.57
04/11/2023 06:35 a. m.,Ordeño,09:00,11.91,1,,,,,0,,0.66,0.54,0.72,0.78,0,0,0,0,4.83,4.63,4.82,4.82,VMS 1,,Tanque,,1.02,0.78,1.14,1.26,2.54,2.28,3.40,3.69
04/11/2023 02:06 p. m.,Ordeño,08:26,11.36,2,,,,,0,,0.66,0.48,0.72,0.78,0,0,0,0,4.61,4.55,4.69,4.70,VMS 1,,Tanque,,1.08,0.84,1.08,1.26,2.37,2.07,3.34,3.58
04/11/2023 10:21 p. m.,Ordeño,08:13,11.42,3,,,,,0,,0.66,0.42,0.72,0.72,0,0,0,0,4.62,4.48,4.69,4.82,VMS 1,,Tanque,,0.96,0.84,1.08,1.32,2.41,2.14,3.33,3.54
05/11/2023 06:59 a. m.,Ordeño,08:05,13.30,1,,,,,0,,0.66,0.48,0.78,0.78,0,0,0,0,4.62,4.56,4.82,4.84,VMS 1,,Tanque,,0.96,0.78,1.20,1.26,2.76,2.53,3.90,4.11
05/11/2023 03:20 p. m.,Ordeño,08:17,11.29,2,,,,,0,,0.60,0.48,0.72,0.78,0,0,0,0,4.55,4.44,4.62,4.61,VMS 1,,Tanque,,0.96,0.78,1.08,1.14,2.32,2.12,3.24,3.61
06/11/2023 12:47 a. m.,Ordeño,09:09,12.51,1,,,,,0,,0.60,0.48,0.72,0.78,0,0,0,0,4.45,4.32,4.49,4.48,VMS 1,,Tanque,,0.96,0.90,1.14,1.14,2.65,2.35,3.64,3.87
06/11/2023 09:03 a. m.,Ordeño,08:57,12.22,2,,,,,0,,0.66,0.48,0.72,0.66,0,0,0,0,4.51,4.52,4.62,4.68,VMS 1,,Tanque,,0.96,0.84,1.14,1.02,2.61,2.39,3.55,3.67
06/11/2023 05:27 p. m.,Ordeño,08:38,10.78,3,,,,,0,,0.60,0.36,0.72,0.72,0,0,0,0,4.56,4.44,4.62,4.60,VMS 1,,Tanque,,1.02,0.72,1.14,1.14,2.28,2.02,3.14,3.34
07/11/2023 01:01 a. m.,Ordeño,16:58,5.98,1,,,TI,TI,0,,0.60,0.42,0.00,0.72,0,0,0,0,4.73,4.45,0.00,4.74,VMS 1,,Tanque,,0.90,0.96,0.00,1.08,1.54,1.90,0.00,2.54
07/11/2023 05:45 a. m.,Ordeño,09:14,10.96,2,,,,,0,,0.60,0.42,0.72,0.72,0,0,0,0,4.55,4.57,5.09,4.62,VMS 1,,Tanque,,0.96,0.78,1.08,1.14,2.10,1.50,4.41,2.95
07/11/2023 03:48 p. m.,Ordeño,09:45,16.23,3,,,,,0,,0.60,0.48,0.78,0.72,0,0,0,0,4.77,4.83,4.69,4.96,VMS 1,,Tanque,,1.02,1.02,1.14,1.14,3.40,2.92,5.12,4.79
08/11/2023 02:22 a. m.,Ordeño,10:54,15.73,1,,,,,0,,0.66,0.42,0.72,0.72,0,0,0,0,4.59,4.58,4.62,4.68,VMS 1,,Tanque,,1.14,0.84,1.14,1.08,3.33,3.04,4.41,4.95
08/11/2023 04:38 p. m.,Ordeño,10:34,19.27,2,,,,,0,,0.66,0.48,0.78,0.78,0,0,0,0,4.65,4.63,4.76,4.82,VMS 1,,Tanque,,1.02,0.78,1.32,1.26,4.05,3.67,5.53,6.02
09/11/2023 08:53 a. m.,Ordeño,11:26,23.46,1,,,,,0,,0.72,0.54,0.78,0.84,0,0,0,0,4.80,4.72,4.89,4.78,VMS 1,,Tanque,,1.14,0.90,1.26,1.32,4.88,4.54,6.62,7.42
09/11/2023 05:52 p. m.,Ordeño,08:32,12.17,2,,,,,0,,0.60,0.42,0.66,0.72,0,0,0,0,4.41,4.32,4.49,4.44,VMS 1,,Tanque,,1.02,0.90,1.20,1.32,2.50,2.31,3.57,3.79
10/11/2023 06:09 a. m.,Ordeño,13:04,12.71,1,,,TI,TI,0,,0.72,0.48,0.00,0.84,0,0,0,0,4.80,4.78,0.00,4.92,VMS 1,,Tanque,,1.14,0.90,0.00,1.38,3.75,3.32,0.00,5.64
10/11/2023 12:27 p. m.,Ordeño,11:35,13.57,2,,,,,0,TI,0.66,0.48,0.90,0.72,0,0,0,0,4.74,4.63,5.43,4.86,VMS 1,,Tanque,,0.96,0.84,1.32,1.26,2.06,1.95,6.65,2.91
10/11/2023 09:27 p. m.,Ordeño,10:14,14.17,3,,,,,0,,0.66,0.48,0.72,0.78,0,0,0,0,4.88,4.83,4.56,5.08,VMS 1,,Tanque,,1.02,0.90,1.32,1.26,2.96,2.62,4.20,4.39
11/11/2023 05:37 a. m.,Ordeño,09:38,11.98,1,,,,,0,,0.72,0.48,0.78,0.78,0,0,0,0,4.85,4.68,4.76,4.90,VMS 1,,Tanque,,1.02,0.78,1.14,1.26,2.63,2.30,3.10,3.95
11/11/2023 01:49 p. m.,Ordeño,08:21,12.09,2,,,,,0,,0.66,0.48,0.72,0.78,0,0,0,0,4.63,4.43,4.82,4.60,VMS 1,,Tanque,,0.96,0.84,1.20,1.08,2.56,2.42,3.16,3.95
12/11/2023 03:16 a. m.,Ordeño,10:44,19.84,1,,,,,0,,0.78,0.54,0.84,0.84,0,0,0,0,4.85,4.84,5.09,4.95,VMS 1,,Tanque,,1.14,0.84,1.20,1.20,4.15,3.82,5.63,6.24
12/11/2023 02:33 p. m.,Ordeño,09:18,16.28,2,,,,,0,,0.72,0.48,0.90,0.84,0,0,0,0,4.51,4.36,4.76,4.42,VMS 1,,Tanque,,1.08,0.90,1.26,1.32,3.38,3.07,4.70,5.13
13/11/2023 08:43 a. m.,Ordeño,10:58,23.76,1,,,,,0,,0.78,0.60,0.90,0.90,0,0,0,0,4.86,4.88,5.09,4.92,VMS 1,,Tanque,,1.08,0.90,1.38,1.38,4.41,4.60,7.39,7.36
13/11/2023 06:16 p. m.,Ordeño,08:26,12.93,2,,,,,0,,0.66,0.48,0.84,0.72,0,0,0,0,4.55,4.28,4.62,4.40,VMS 1,,Tanque,,1.02,0.78,1.32,1.14,2.74,2.48,3.78,3.93
14/11/2023 08:20 a. m.,Ordeño,09:24,20.69,1,,,,,0,,0.78,0.60,0.90,0.90,0,0,0,0,4.99,4.88,5.09,4.95,VMS 1,,Tanque,,1.08,1.02,1.26,1.26,4.38,3.93,6.12,6.26
14/11/2023 04:22 p. m.,Ordeño,09:04,10.51,2,,,,,0,,0.78,0.36,0.78,0.84,0,0,0,0,4.28,4.16,4.49,4.28,VMS 1,,Tanque,,1.14,0.78,1.26,1.20,2.20,1.96,3.09,3.26
15/11/2023 05:44 a. m.,Ordeño,10:45,20.28,1,,,,,0,,0.78,0.48,0.96,0.90,0,0,0,0,5.01,4.88,5.16,5.08,VMS 1,,Tanque,,1.14,0.90,1.44,1.26,4.25,3.69,6.10,6.24
15/11/2023 02:40 p. m.,Ordeño,09:14,13.54,2,,,,,0,,0.84,0.42,0.96,0.90,0,0,0,0,4.74,4.46,4.96,4.73,VMS 1,,Tanque,,1.26,0.84,1.26,1.26,2.85,2.59,3.98,4.12
16/11/2023 01:20 a. m.,Ordeño,08:51,14.85,1,,,,,0,,0.78,0.54,0.90,0.84,0,0,0,0,4.83,4.68,4.89,4.80,VMS 1,,Tanque,,1.08,0.84,1.20,1.20,3.14,2.71,4.46,4.54
16/11/2023 11:02 a. m.,Ordeño,07:32,13.62,2,,,,,0,,0.78,0.54,0.90,0.90,0,0,0,0,4.76,4.69,4.83,4.96,VMS 1,,Tanque,,1.14,0.96,1.32,1.20,2.91,2.55,4.24,3.92
16/11/2023 08:10 p. m.,Ordeño,08:48,11.62,3,,,,,0,,0.78,0.42,0.78,0.84,0,0,0,0,4.60,4.42,4.69,4.64,VMS 1,,Tanque,,1.20,0.66,1.14,1.20,2.45,2.12,3.41,3.64
17/11/2023 06:35 a. m.,Ordeño,07:46,15.35,1,,,,,0,,0.84,0.60,0.90,0.90,0,0,0,0,4.76,4.69,4.96,4.87,VMS 1,,Tanque,,1.20,1.08,1.26,1.38,3.31,2.87,4.44,4.73
17/11/2023 03:02 p. m.,Ordeño,07:35,11.00,2,,,,,0,,0.78,0.54,0.84,0.90,0,0,0,0,4.62,4.43,4.69,4.63,VMS 1,,Tanque,,1.20,0.90,1.20,1.26,2.29,2.05,3.24,3.42
18/11/2023 02:34 a. m.,Ordeño,09:18,15.89,1,,,,,0,,0.84,0.54,0.84,0.96,0,0,0,0,4.64,4.60,4.69,4.56,VMS 1,,Tanque,,1.20,0.84,1.26,1.38,3.25,2.99,4.69,4.96
18/11/2023 02:27 p. m.,Ordeño,08:22,18.02,2,,,,,0,,0.90,0.66,1.02,0.96,0,0,0,0,4.93,4.84,4.97,5.02,VMS 1,,Tanque,,1.20,0.96,1.38,1.32,3.77,3.44,5.30,5.51
18/11/2023 10:02 p. m.,Ordeño,07:39,10.80,3,,,,,0,,0.78,0.54,0.84,0.84,0,0,0,0,4.64,4.59,4.71,4.81,VMS 1,,Tanque,,1.14,0.90,1.20,1.26,2.25,2.05,3.18,3.32
19/11/2023 11:01 a. m.,Ordeño,09:18,19.22,1,,,,,0,,0.90,0.60,0.96,0.96,0,0,0,0,4.88,4.92,5.03,5.06,VMS 1,,Tanque,,1.20,1.08,1.32,1.56,3.98,3.69,5.60,5.95
19/11/2023 07:07 p. m.,Ordeño,06:47,10.10,2,,,,,0,,0.72,0.54,0.84,0.84,0,0,0,0,4.68,4.59,4.70,4.66,VMS 1,,Tanque,,1.08,0.84,1.20,1.26,2.14,1.86,2.96,3.14
20/11/2023 06:15 a. m.,Ordeño,08:58,16.81,1,,,,,0,,0.90,0.54,0.84,0.96,0,0,0,0,5.01,4.94,5.00,5.09,VMS 1,,Tanque,,1.20,1.02,1.32,1.38,3.47,3.15,4.83,5.36
20/11/2023 08:18 p. m.,Ordeño,11:02,20.91,2,,,,,0,,0.84,0.54,0.84,0.84,0,0,0,0,4.99,4.97,5.02,5.05,VMS 1,,Tanque,,1.14,0.90,1.26,1.68,4.18,3.94,6.28,6.51
21/11/2023 04:11 a. m.,Ordeño,08:48,13.20,1,,,,,0,,0.90,0.54,0.78,0.90,0,0,0,0,4.67,4.57,4.62,4.57,VMS 1,,Tanque,,1.26,0.90,1.20,1.44,2.87,2.48,3.76,4.09
21/11/2023 02:04 p. m.,Ordeño,08:01,13.69,2,,,,,0,,0.78,0.54,0.84,0.84,0,0,0,0,4.51,4.47,4.55,4.56,VMS 1,,Tanque,,1.08,0.78,1.14,1.26,2.79,2.60,4.04,4.26
22/11/2023 12:30 a. m.,Ordeño,07:34,14.70,1,,,,,0,,0.84,0.60,0.84,0.90,0,0,0,0,4.50,4.46,4.62,4.64,VMS 1,,Tanque,,1.20,0.96,1.26,1.38,3.08,2.74,4.24,4.64
22/11/2023 11:00 a. m.,Ordeño,08:37,16.33,2,,,,,0,,0.84,0.60,0.96,0.90,0,0,0,0,4.75,4.54,4.68,4.85,VMS 1,,Tanque,,1.20,1.08,1.32,1.32,3.40,3.05,4.83,5.05
22/11/2023 07:31 p. m.,Ordeño,07:44,11.27,3,,,,,0,,0.78,0.54,0.84,0.84,0,0,0,0,4.50,4.30,4.58,4.44,VMS 1,,Tanque,,1.20,0.96,1.32,1.20,2.38,2.12,3.29,3.48
23/11/2023 11:08 a. m.,Ordeño,11:16,23.75,1,,,,,0,,0.84,0.54,0.96,0.96,0,0,0,0,4.95,4.95,5.10,5.09,VMS 1,,Tanque,,1.20,0.90,1.32,1.32,5.11,4.49,6.92,7.23
23/11/2023 07:39 p. m.,Ordeño,07:53,11.07,2,,,,,0,,0.72,0.42,0.78,0.78,0,0,0,0,4.42,4.20,4.43,4.50,VMS 1,,Tanque,,1.08,0.72,1.14,1.14,2.32,2.14,3.27,3.34
24/11/2023 05:10 a. m.,Ordeño,08:17,15.10,1,,,,,0,,0.78,0.54,0.96,0.90,0,0,0,0,4.79,4.81,4.93,5.03,VMS 1,,Tanque,,1.32,0.90,1.38,1.32,3.22,2.76,4.50,4.62
24/11/2023 01:46 p. m.,Ordeño,07:58,11.90,2,,,,,0,,0.72,0.48,0.84,0.84,0,0,0,0,4.71,4.72,4.90,4.84,VMS 1,,Tanque,,1.08,0.84,1.32,1.32,2.48,2.14,3.56,3.72
25/11/2023 01:17 a. m.,Ordeño,08:55,13.91,1,,,,,0,,0.66,0.48,0.84,0.90,0,0,0,0,4.58,4.46,4.61,4.63,VMS 1,,Tanque,,1.08,0.84,1.20,1.44,2.89,2.58,4.12,4.32
25/11/2023 12:50 p. m.,Ordeño,08:31,16.38,2,,,,,0,,0.72,0.54,0.90,0.84,0,0,0,0,4.65,4.67,4.80,4.77,VMS 1,,Tanque,,1.14,0.90,1.26,1.32,3.44,3.08,4.82,5.04
26/11/2023 01:20 a. m.,Ordeño,16:20,10.24,1,,,"DI,TI","DI,TI",0,,0.00,0.48,0.00,1.02,0,0,0,0,0.00,3.99,0.00,4.07,VMS 2,,Tanque,,0.00,0.96,0.00,1.68,0.00,2.76,0.00,7.48
26/11/2023 02:59 p. m.,Ordeño,10:51,22.92,2,,,,,0,,0.84,0.60,0.90,0.90,0,0,0,0,5.42,4.70,5.50,4.88,VMS 1,,Tanque,,1.20,1.02,1.38,1.26,5.32,4.03,7.24,6.33
27/11/2023 04:56 a. m.,Ordeño,10:49,16.82,1,,,,,0,,0.72,0.54,0.72,0.78,0,0,0,0,4.41,4.50,4.36,4.49,VMS 1,,Tanque,,1.14,0.84,1.20,1.20,3.12,3.72,3.65,6.33
27/11/2023 03:34 p. m.,Ordeño,08:00,12.22,2,,,,,0,,0.72,0.54,0.78,0.84,0,0,0,0,4.53,4.35,4.80,4.41,VMS 1,,Tanque,,1.08,0.84,1.20,1.26,2.26,2.56,2.91,4.49
28/11/2023 03:13 a. m.,Ordeño,09:32,14.06,1,,,,,0,,0.72,0.48,0.78,0.78,0,0,0,0,4.86,4.60,4.93,4.77,VMS 1,,Tanque,,1.08,0.90,1.20,1.14,2.73,2.79,3.90,4.64
28/11/2023 03:39 p. m.,Ordeño,09:29,17.20,2,,,,,0,,0.66,0.54,0.78,0.78,0,0,0,0,4.90,4.76,5.05,4.79,VMS 1,,Tanque,,1.02,0.90,1.32,1.26,3.39,3.38,4.77,5.66
29/11/2023 12:24 a. m.,Ordeño,07:58,11.39,1,,,,,0,,0.72,0.48,0.72,0.66,0,0,0,0,4.65,4.44,4.64,4.49,VMS 1,,Tanque,,1.02,0.84,1.26,1.26,2.27,2.20,3.27,3.65
29/11/2023 11:58 a. m.,Ordeño,08:51,16.07,2,,,,,0,,0.78,0.48,0.84,0.78,0,0,0,0,5.13,4.94,5.23,5.01,VMS 1,,Tanque,,1.08,0.90,1.26,1.20,3.46,2.99,4.69,4.93
30/11/2023 01:34 a. m.,Ordeño,10:47,17.59,1,,,,,0,,0.84,0.54,0.84,0.84,0,0,0,0,4.86,4.61,4.82,4.66,VMS 1,,Tanque,,1.14,0.96,1.26,1.32,3.51,3.48,4.99,5.61
30/11/2023 01:55 p. m.,Ordeño,10:01,18.84,2,,,,,0,,0.78,0.54,0.90,0.84,0,0,0,0,5.03,4.86,5.17,5.11,VMS 1,,Tanque,,1.20,0.90,1.26,1.26,3.88,3.62,5.44,5.90
01/12/2023 02:12 a. m.,Ordeño,09:19,17.72,1,,,,,0,,0.78,0.54,0.90,0.90,0,0,0,0,4.85,4.67,4.80,4.84,VMS 1,,Tanque,,1.14,0.90,1.26,1.26,3.61,3.46,5.08,5.57
01/12/2023 03:26 p. m.,Ordeño,11:00,20.22,2,,,,,0,,0.84,0.48,0.90,0.90,0,0,0,0,5.07,4.96,5.06,5.00,VMS 1,,Tanque,,1.20,0.84,1.38,1.44,4.31,3.71,5.93,6.27
01/12/2023 11:57 p. m.,Ordeño,08:36,12.46,1,,,,,0,,0.72,0.48,0.84,0.72,0,0,0,0,4.65,4.53,4.65,4.54,VMS 1,,Tanque,,1.02,0.90,1.26,1.26,2.49,2.47,3.60,3.90
02/12/2023 01:29 p. m.,Ordeño,10:19,20.46,2,,,,,0,,0.90,0.54,1.02,0.96,0,0,0,0,5.03,5.03,5.23,5.23,VMS 1,,Tanque,,1.26,0.90,1.50,1.38,4.26,3.90,5.96,6.34
02/12/2023 11:58 p. m.,Ordeño,09:39,13.95,1,,,,,0,,0.72,0.48,0.84,0.84,0,0,0,0,4.62,4.49,4.69,4.62,VMS 1,,Tanque,,1.14,0.84,1.20,1.26,2.86,2.61,4.07,4.41
03/12/2023 01:29 p. m.,Ordeño,10:25,19.80,2,,,,,0,,0.78,0.54,0.90,0.90,0,0,0,0,4.82,4.89,4.96,5.09,VMS 1,,Tanque,,1.26,0.84,1.26,1.32,4.21,3.70,5.84,6.05
03/12/2023 11:57 p. m.,Ordeño,09:16,14.13,1,,,,,0,,0.78,0.42,0.84,0.90,0,0,0,0,4.56,4.36,4.56,4.49,VMS 1,,Tanque,,1.20,0.72,1.20,1.32,2.95,2.59,4.12,4.47
04/12/2023 09:55 a. m.,Ordeño,09:29,15.18,2,,TD,,,0,,0.66,0.42,0.90,0.90,0,0,0,0,4.96,4.76,4.96,4.89,VMS 1,,Tanque,,1.02,0.84,1.32,1.44,3.13,2.78,4.54,4.73
04/12/2023 07:15 p. m.,Ordeño,10:44,14.56,3,,,,,0,,0.78,0.36,0.84,0.84,0,0,0,0,4.89,4.76,4.96,5.03,VMS 1,,Tanque,,1.14,0.72,1.26,1.32,3.11,2.57,4.20,4.68
05/12/2023 05:55 a. m.,Ordeño,09:33,16.22,1,,,,,0,,0.72,0.54,0.84,0.78,0,0,0,0,4.82,4.76,4.96,4.62,VMS 1,,Tanque,,1.08,0.90,1.38,1.32,3.32,3.22,4.70,4.98
05/12/2023 04:28 p. m.,Ordeño,09:16,16.34,2,,,,,0,,0.72,0.54,0.84,0.84,0,0,0,0,4.76,4.76,4.96,4.89,VMS 1,,Tanque,,1.08,1.02,1.26,1.26,3.45,2.97,4.78,5.14
06/12/2023 05:25 a. m.,Ordeño,09:17,19.05,1,,,,,0,,0.84,0.60,0.84,0.96,0,0,0,0,4.76,4.69,4.76,4.82,VMS 1,,Tanque,,1.20,0.96,1.20,1.38,3.94,3.56,5.60,5.95
06/12/2023 01:04 p. m.,Ordeño,07:17,12.46,2,,,,,0,,0.78,0.54,0.84,0.84,0,0,0,0,4.49,4.42,4.56,4.56,VMS 1,,Tanque,,1.08,1.02,1.38,1.32,2.53,2.34,3.91,3.68
07/12/2023 07:09 a. m.,Ordeño,10:51,24.60,1,,,,,0,,0.78,0.60,0.90,0.96,0,0,0,0,4.82,4.76,4.82,4.82,VMS 1,,Tanque,,1.14,1.02,1.32,1.38,5.13,4.54,7.14,7.79
07/12/2023 05:22 p. m.,Ordeño,07:52,13.88,2,,,,,0,,0.78,0.54,0.84,0.84,0,0,0,0,4.42,4.36,4.49,4.49,VMS 1,,Tanque,,1.20,0.90,1.20,1.26,2.90,2.65,4.03,4.30
08/12/2023 05:48 a. m.,Ordeño,09:17,18.67,1,,,,,0,,0.78,0.54,0.84,0.84,0,0,0,0,4.69,4.76,4.82,4.96,VMS 1,,Tanque,,1.14,0.96,1.26,1.44,3.81,3.45,5.50,5.91
08/12/2023 08:04 p. m.,Ordeño,09:39,19.31,2,,,,,0,,0.78,0.54,0.84,0.84,0,0,0,0,4.76,4.69,4.69,4.82,VMS 1,,Tanque,,1.14,0.96,1.26,1.20,3.97,3.60,5.57,6.17
09/12/2023 10:48 a. m.,Ordeño,09:51,20.88,1,,,,,0,,0.84,0.60,0.84,0.90,0,0,0,0,4.67,4.69,4.65,4.60,VMS 1,,Tanque,,1.26,1.02,1.38,1.32,4.38,4.02,6.02,6.46
09/12/2023 07:24 p. m.,Ordeño,07:07,11.02,2,,,,,0,,0.66,0.54,0.78,0.78,0,0,0,0,4.40,4.34,4.43,4.32,VMS 1,,Tanque,,1.02,0.90,1.20,1.14,2.15,2.18,3.14,3.55
10/12/2023 05:15 a. m.,Ordeño,08:44,10.22,1,,TD,TD,,0,,0.72,0.54,0.78,0.60,0,0,0,0,4.66,4.62,4.67,4.36,VMS 1,,Tanque,,1.02,0.84,1.20,1.38,2.94,2.73,4.29,0.26
10/12/2023 03:39 p. m.,Ordeño,11:10,18.39,2,,,,,0,,0.78,0.60,0.90,0.90,0,0,0,0,4.65,4.67,4.80,4.84,VMS 1,,Tanque,,1.20,0.96,1.32,1.38,3.21,2.91,4.54,7.73
11/12/2023 03:06 a. m.,Ordeño,09:13,16.07,1,,,,,0,,0.90,0.60,0.90,0.84,0,0,0,0,4.67,4.57,4.66,4.40,VMS 1,,Tanque,,1.26,1.20,1.32,1.26,3.47,3.22,4.85,4.53
11/12/2023 07:40 p. m.,Ordeño,11:20,23.46,2,,,,,0,,0.84,0.60,0.84,0.90,0,0,0,0,4.81,4.75,4.79,4.81,VMS 1,,Tanque,,1.20,0.90,1.32,1.38,5.13,4.63,6.94,6.76
12/12/2023 02:11 a. m.,Ordeño,06:28,10.00,1,,,,,0,,0.78,0.54,0.78,0.84,0,0,0,0,4.41,4.28,4.40,4.60,VMS 1,,Tanque,,1.08,0.90,1.20,1.32,2.16,1.97,3.00,2.87
12/12/2023 03:45 p. m.,Ordeño,09:49,18.03,2,,,,,0,,0.78,0.54,0.84,0.90,0,0,0,0,4.68,4.60,4.69,4.92,VMS 1,,Tanque,,1.20,0.84,1.32,1.38,3.82,3.45,5.29,5.47
13/12/2023 04:28 a. m.,Ordeño,10:26,16.49,1,,,,,0,,0.84,0.48,0.78,0.84,0,0,0,0,4.46,4.33,4.49,4.61,VMS 1,,Tanque,,1.20,0.78,1.20,1.20,3.35,3.18,4.82,5.14
13/12/2023 01:01 p. m.,Ordeño,06:51,10.21,2,,,,,0,,0.78,0.48,0.78,0.84,0,0,0,0,4.34,4.20,4.39,4.42,VMS 1,,Tanque,,1.20,0.84,1.14,1.38,2.15,1.91,2.86,3.29
13/12/2023 11:08 p. m.,Ordeño,08:02,12.38,3,,,,,0,,0.72,0.48,0.72,0.78,0,0,0,0,4.61,4.56,4.67,4.65,VMS 1,,Tanque,,1.02,0.78,1.14,1.26,2.61,2.24,3.70,3.83
14/12/2023 12:04 p. m.,Ordeño,10:03,18.36,1,,,,,0,,0.78,0.54,0.78,0.84,0,0,0,0,5.11,4.92,5.08,5.06,VMS 1,,Tanque,,1.20,0.96,1.26,1.20,3.85,3.52,5.28,5.71
14/12/2023 06:48 p. m.,Ordeño,08:54,10.72,2,,,,,0,,0.72,0.48,0.72,0.72,0,0,0,0,4.62,4.54,4.61,4.66,VMS 1,,Tanque,,1.20,0.84,1.20,1.20,2.19,2.05,3.24,3.24
15/12/2023 04:34 a. m.,Ordeño,08:22,14.36,1,,,,,0,,0.72,0.54,0.78,0.78,0,0,0,0,5.00,5.00,5.08,5.22,VMS 1,,Tanque,,0.96,0.90,1.26,1.14,3.01,2.73,4.25,4.37
15/12/2023 01:05 p. m.,Ordeño,08:03,12.79,2,,,,,0,,0.72,0.48,0.84,0.90,0,0,0,0,4.78,4.61,4.89,4.89,VMS 1,,Tanque,,1.08,0.90,1.38,1.26,2.59,2.43,3.77,4.00
16/12/2023 01:52 a. m.,Ordeño,09:16,17.19,1,,,,,0,,0.78,0.54,0.84,0.84,0,0,0,0,4.74,4.62,4.75,4.77,VMS 1,,Tanque,,1.08,0.90,1.26,1.26,3.57,3.26,5.05,5.31
16/12/2023 08:50 a. m.,Ordeño,06:47,10.17,2,,,,,0,,0.72,0.48,0.78,0.84,0,0,0,0,4.46,4.35,4.43,4.32,VMS 1,,Tanque,,1.08,0.78,1.14,1.20,1.99,1.94,3.03,3.21
16/12/2023 06:17 p. m.,Ordeño,08:21,12.60,3,,,,,0,,0.78,0.48,0.78,0.78,0,0,0,0,4.65,4.49,4.72,4.70,VMS 1,,Tanque,,1.14,0.78,1.26,1.14,2.67,2.28,3.76,3.89
17/12/2023 12:25 a. m.,Ordeño,06:35,8.67,1,,,,,0,,0.78,0.42,0.78,0.72,0,0,0,0,4.71,4.55,4.83,4.81,VMS 1,,Tanque,,1.20,0.78,1.26,1.26,1.75,1.61,2.63,2.68
17/12/2023 09:36 a. m.,Ordeño,08:19,14.21,2,,,,,0,,0.78,0.54,0.78,0.78,0,0,0,0,5.00,4.80,5.08,5.03,VMS 1,,Tanque,,1.14,0.84,1.14,1.14,2.98,2.68,4.14,4.41
17/12/2023 04:55 p. m.,Ordeño,08:27,7.24,3,,,TD,TD,0,,0.66,0.48,0.78,0.00,0,0,0,0,4.66,4.61,4.76,0.00,VMS 1,,Tanque,,0.96,0.78,1.20,0.00,2.19,1.94,3.11,0.00
18/12/2023 05:36 a. m.,Ordeño,11:46,20.76,1,,,,,0,,0.78,0.60,0.84,1.02,0,0,0,0,4.77,4.60,4.88,4.98,VMS 1,,Tanque,,1.14,1.02,1.26,1.50,3.62,3.45,5.17,8.52
18/12/2023 07:52 p. m.,Ordeño,09:56,19.19,2,,,,,0,,0.72,0.54,0.78,0.96,0,0,0,0,4.49,4.41,4.58,4.40,VMS 1,,Tanque,,1.14,0.90,1.26,1.56,4.09,3.70,5.77,5.63
19/12/2023 07:51 a. m.,Ordeño,09:37,18.18,1,,,,,0,,0.78,0.54,0.84,1.02,0,0,0,0,4.41,4.32,4.50,4.73,VMS 1,,Tanque,,1.26,0.90,1.32,1.56,3.76,3.44,5.37,5.61
20/12/2023 01:45 a. m.,Ordeño,12:55,25.93,1,,,,,0,,0.72,0.54,0.84,0.96,0,0,0,0,4.85,4.76,4.84,4.84,VMS 1,,Tanque,,1.08,0.96,1.50,1.62,5.26,4.68,7.60,8.39
20/12/2023 02:57 p. m.,Ordeño,10:54,19.55,2,,,,,0,,0.66,0.48,0.90,1.02,0,0,0,0,4.59,4.47,4.61,4.69,VMS 1,,Tanque,,1.08,0.96,1.38,1.62,3.49,3.70,5.80,6.56
21/12/2023 04:59 a. m.,Ordeño,10:14,21.00,1,,,,,0,,0.72,0.54,0.84,1.02,0,0,0,0,4.64,4.55,4.67,4.83,VMS 1,,Tanque,,1.14,0.90,1.32,1.80,4.27,3.82,5.88,7.03
21/12/2023 01:04 p. m.,Ordeño,08:40,11.84,2,,,,,0,,0.66,0.48,0.78,1.02,0,0,0,0,4.55,4.42,4.66,4.73,VMS 1,,Tanque,,1.08,0.90,1.14,1.80,2.29,2.18,3.22,4.15
21/12/2023 07:29 p. m.,Ordeño,09:15,6.88,3,,,TI,TI,0,,0.72,0.48,0.00,0.90,0,0,0,0,4.76,4.61,0.00,4.88,VMS 1,,Tanque,,1.08,0.72,0.00,1.38,1.92,1.73,0.00,3.23
22/12/2023 03:40 p. m.,Ordeño,11:20,27.17,1,,,,,0,,0.84,0.66,0.96,1.20,0,0,0,0,5.35,5.50,5.38,0.00,VMS 1,,Tanque,,1.26,1.14,1.38,1.92,5.75,4.97,7.08,9.37
23/12/2023 04:03 a. m.,Ordeño,08:39,12.58,1,,,,,0,,0.78,0.54,0.78,0.96,0,0,0,0,4.18,4.17,4.19,0.00,VMS 1,,Tanque,,1.20,0.90,1.20,1.62,2.63,2.49,2.84,4.62
23/12/2023 03:53 p. m.,Ordeño,10:05,17.26,2,,,,,0,,0.78,0.48,0.84,1.08,0,0,0,0,4.95,4.98,5.20,0.00,VMS 1,,Tanque,,1.14,0.84,1.32,1.68,3.47,3.17,4.17,6.45
24/12/2023 05:09 a. m.,Ordeño,09:41,19.28,1,,,,,0,,0.72,0.54,0.90,1.02,0,0,0,323,4.89,4.72,5.05,0.00,VMS 1,,Tanque,,1.38,1.02,1.44,1.56,3.86,3.62,5.14,6.66
24/12/2023 04:56 p. m.,Ordeño,10:01,19.66,2,,,,,0,,0.78,0.60,0.90,1.02,0,0,0,0,5.09,4.99,5.23,0.00,VMS 1,,Tanque,,1.14,1.02,1.20,1.68,3.88,3.58,5.40,6.80
25/12/2023 03:20 a. m.,Ordeño,08:48,16.15,1,,,,,0,,0.72,0.54,0.84,1.02,0,0,0,0,4.81,4.66,4.97,0.00,VMS 1,,Tanque,,1.14,1.02,1.32,1.80,3.22,2.86,4.32,5.75
25/12/2023 01:51 p. m.,Ordeño,08:22,16.44,2,,,,,0,,0.78,0.60,0.84,1.14,0,0,0,0,4.88,4.79,4.52,0.00,VMS 1,,Tanque,,1.08,0.96,1.20,1.80,3.30,2.90,4.51,5.73
25/12/2023 07:38 p. m.,Ordeño,07:14,8.97,3,,,,,0,,0.66,0.48,0.78,0.90,0,0,0,0,4.83,4.54,4.76,0.00,VMS 1,,Tanque,,1.02,0.84,1.14,1.44,1.76,1.58,2.51,3.12
26/12/2023 04:25 a. m.,Ordeño,09:02,14.12,1,,TD,,,0,,0.72,0.54,0.84,0.90,0,0,0,0,5.01,4.94,5.06,0.00,VMS 1,,Tanque,,1.02,0.90,1.20,1.56,2.82,2.55,3.98,4.77
26/12/2023 06:18 p. m.,Ordeño,10:59,23.50,2,,,,,0,,0.90,0.60,0.90,1.08,0,0,0,0,4.91,4.78,4.96,0.00,VMS 1,,Tanque,,1.32,1.02,1.20,1.74,4.81,4.17,6.44,8.08
27/12/2023 02:56 a. m.,Ordeño,08:39,13.04,1,,TD,,,0,,0.72,0.54,0.78,1.02,0,0,0,0,4.45,4.36,4.52,0.00,VMS 1,,Tanque,,1.02,0.78,1.14,1.74,2.75,2.55,3.73,4.01
27/12/2023 09:14 a. m.,Ordeño,06:55,11.12,2,,,,,0,,0.72,0.54,0.90,1.08,0,0,0,0,4.86,4.56,4.70,0.00,VMS 1,,Tanque,,1.02,1.14,1.32,1.80,1.99,1.86,2.77,4.50
27/12/2023 07:41 p. m.,Ordeño,09:28,17.58,3,,,,,0,,0.72,0.54,0.90,0.90,0,0,0,0,4.77,4.68,4.90,0.00,VMS 1,,Tanque,,1.08,0.90,1.26,1.62,3.64,3.17,4.89,5.88
28/12/2023 08:06 a. m.,Ordeño,10:39,13.26,1,,,TD,TD,0,,0.78,0.60,0.84,0.00,0,0,0,0,4.70,4.57,4.69,0.00,VMS 1,,Tanque,,1.26,1.08,1.38,0.00,4.11,3.63,5.52,0.00
28/12/2023 01:47 p. m.,Ordeño,10:24,13.91,2,,,,,0,,0.66,0.42,0.90,0.96,0,0,0,0,4.32,4.17,4.36,0.00,VMS 1,,Tanque,,1.02,0.78,1.26,1.50,1.96,1.75,2.78,7.42
29/12/2023 05:26 a. m.,Ordeño,10:16,23.82,1,,,,,0,,0.78,0.72,0.96,1.02,0,0,0,0,4.80,4.72,4.80,0.00,VMS 1,,Tanque,,1.20,1.08,1.32,1.44,5.20,4.61,7.38,6.63
29/12/2023 07:00 p. m.,Ordeño,10:31,20.06,2,,,,,0,,0.84,0.66,0.96,0.96,0,0,0,0,4.50,4.48,4.51,0.00,VMS 1,,Tanque,,1.26,1.02,1.38,1.44,4.52,3.87,6.22,5.45
30/12/2023 10:33 a. m.,Ordeño,09:56,22.70,1,,,,,0,,0.84,0.66,1.02,0.96,0,0,0,0,4.40,4.38,4.36,0.00,VMS 1,,Tanque,,1.20,1.14,1.38,1.50,4.88,4.46,6.80,6.56
30/12/2023 06:44 p. m.,Ordeño,06:55,10.19,2,,,,,0,,0.66,0.54,0.78,0.84,0,516,0,0,4.13,4.12,4.13,0.00,VMS 1,,Tanque,,1.02,0.90,1.20,1.32,2.10,2.10,2.89,3.10
31/12/2023 11:06 a. m.,Ordeño,10:56,22.37,1,,,,,0,,0.78,0.54,0.96,1.02,0,0,0,0,4.69,4.69,4.65,0.00,VMS 1,,Tanque,,1.20,0.96,1.44,1.44,4.68,4.25,6.56,6.88
31/12/2023 11:28 p. m.,Ordeño,10:30,18.70,2,,,,,0,,0.66,0.54,1.02,0.96,0,410,0,0,4.38,4.36,4.42,0.00,VMS 1,,Tanque,,1.08,0.90,1.38,1.26,3.64,3.79,5.66,5.61
01/01/2024 07:18 a. m.,Ordeño,07:35,12.02,1,,,,,0,,0.72,0.54,0.90,0.84,0,0,0,0,4.46,4.37,4.50,0.00,VMS 1,,Tanque,,1.08,0.96,1.32,1.26,2.47,2.38,3.48,3.69
01/01/2024 05:03 p. m.,Ordeño,07:16,13.68,2,,,,,0,,0.72,0.60,0.90,0.96,0,0,0,0,4.56,4.44,4.57,0.00,VMS 1,,Tanque,,1.14,1.14,1.26,1.44,2.76,2.66,3.91,4.35
02/01/2024 02:48 a. m.,Ordeño,09:11,9.20,1,,,"DI,DD","DI,DD",0,,0.00,0.00,0.90,0.96,0,0,0,0,0.00,0.00,4.55,0.00,VMS 1,,Tanque,,0.00,0.00,1.50,1.38,0.00,0.00,4.52,4.68
02/01/2024 09:18 a. m.,Ordeño,11:10,14.47,2,,,,,0,,0.84,0.54,0.84,0.90,504,0,0,0,4.78,4.68,4.43,0.00,VMS 1,,Tanque,,1.26,0.96,1.14,1.32,4.59,4.21,2.67,3.00
02/01/2024 05:51 p. m.,Ordeño,06:46,11.35,3,,,,,0,,0.72,0.54,0.90,0.90,317,1228,0,0,4.16,4.08,4.58,0.00,VMS 1,,Divert 3,Sangre por pezón por encima del umbral,1.14,0.96,1.26,1.32,2.21,2.19,3.40,3.55
03/01/2024 10:14 a. m.,Ordeño,10:40,23.52,1,,,,,0,,0.84,0.60,1.02,1.02,0,0,0,0,4.68,4.62,4.57,0.00,VMS 1,,Tanque,,1.20,1.26,1.50,1.50,4.69,4.28,6.96,7.59
04/01/2024 12:52 a. m.,Ordeño,10:26,19.45,1,,,,,0,,0.78,0.60,0.90,0.84,0,0,0,0,4.37,4.29,4.30,0.00,VMS 1,,Tanque,,1.26,1.08,1.20,1.56,4.03,3.81,5.84,5.77
04/01/2024 11:56 a. m.,Ordeño,08:16,16.11,2,,,,,0,,0.78,0.60,0.96,0.90,0,0,0,0,4.40,4.40,4.39,0.00,VMS 1,,Tanque,,1.20,1.08,1.26,1.32,3.30,3.06,4.90,4.85
04/01/2024 07:43 p. m.,Ordeño,07:17,9.81,3,,,,,0,,0.60,0.54,0.72,0.84,0,306,0,0,4.21,4.12,4.15,0.00,VMS 1,,Tanque,,0.90,0.96,1.08,1.38,1.99,1.88,2.94,3.00
05/01/2024 10:23 a. m.,Ordeño,10:37,20.96,1,,,,,0,,0.78,0.60,1.02,0.96,384,0,0,325,4.66,4.42,4.52,0.00,VMS 1,,Tanque,,1.20,0.96,1.32,1.32,4.15,4.10,6.42,6.29
06/01/2024 03:22 a. m.,Ordeño,09:54,24.50,1,,,,,0,,0.90,0.66,1.02,1.26,0,0,0,0,4.29,4.36,4.30,0.00,VMS 1,,Tanque,,1.26,1.02,1.38,1.80,4.86,4.57,6.96,8.11
06/01/2024 04:18 p. m.,Ordeño,09:09,18.36,2,,,,,0,,0.84,0.54,0.96,1.50,0,872,0,0,4.12,4.08,4.20,0.00,VMS 1,,Tanque,,1.20,0.90,1.32,3.06,3.45,3.10,4.83,6.98
07/01/2024 12:05 p. m.,Ordeño,10:27,27.81,1,,,,,0,,0.90,0.66,1.08,1.32,0,868,0,0,4.45,4.40,4.44,0.00,VMS 1,,Tanque,,1.32,1.20,1.50,1.86,5.35,4.83,7.49,10.14
08/01/2024 11:11 p. m.,Ordeño,05:55,5.12,3,,,Todos,,0,,0.66,0.48,0.78,0.96,522,1126,0,0,3.61,4.23,4.18,0.00,VMS 1,,Divert 3,Sangre por pezón por encima del umbral,1.14,0.78,1.14,1.44,1.09,0.93,1.36,1.74
09/01/2024 11:32 a. m.,Ordeño,07:23,15.55,1,,,,,0,,0.78,0.66,0.90,1.02,0,0,0,0,4.91,5.12,5.19,0.00,VMS 1,,Tanque,,1.20,1.08,1.32,1.44,3.13,2.86,4.68,4.88
09/01/2024 09:47 p. m.,Ordeño,07:31,12.92,2,,,,,0,,0.72,0.54,0.90,0.96,0,0,0,0,4.59,4.64,4.80,0.00,VMS 1,,Tanque,,1.08,0.96,1.26,1.32,2.65,2.41,3.71,4.15
10/01/2024 08:55 a. m.,Ordeño,08:48,16.43,1,,,,,0,,0.84,0.54,0.90,0.90,0,0,0,0,5.10,5.06,5.30,0.00,VMS 1,,Tanque,,1.20,0.96,1.32,1.32,3.37,3.13,4.89,5.04
11/01/2024 03:50 a. m.,Ordeño,09:43,25.09,1,,,,,0,,0.90,0.78,1.02,1.08,0,0,0,0,5.12,5.17,5.16,0.00,VMS 1,,Tanque,,1.32,1.14,1.50,1.50,5.23,4.65,7.33,7.88
11/01/2024 01:09 p. m.,Ordeño,06:13,8.11,2,,,TI,TI,0,,0.78,0.66,0.00,0.90,0,0,0,0,4.52,4.41,0.00,0.00,VMS 1,,Tanque,,1.20,0.96,0.00,1.44,2.43,2.07,0.00,3.61
11/01/2024 04:20 p. m.,Ordeño,08:51,7.11,3,,,,,0,,0.60,0.54,0.96,0.72,0,0,0,0,4.80,4.70,4.71,0.00,VMS 1,,Tanque,,0.96,0.90,1.32,1.08,0.77,0.68,4.52,1.14
12/01/2024 01:53 a. m.,Ordeño,07:10,12.79,1,,,,,0,,0.72,0.54,0.96,0.90,0,0,0,0,4.87,4.92,4.78,0.00,VMS 1,,Tanque,,1.08,0.96,1.38,1.44,2.54,2.31,3.82,4.12
12/01/2024 12:54 p. m.,Ordeño,09:50,16.63,2,,,,,0,,0.84,0.60,1.02,1.08,0,0,0,0,4.98,4.89,4.90,0.00,VMS 1,,Tanque,,1.62,1.02,1.38,1.50,3.39,3.15,4.72,5.37
12/01/2024 11:08 p. m.,Ordeño,07:12,12.62,3,,,,,0,,0.72,0.60,0.90,0.90,0,0,0,0,4.63,4.55,4.64,0.00,VMS 1,,Tanque,,1.08,0.90,1.32,1.38,2.61,2.35,3.62,4.04
13/01/2024 12:21 p. m.,Ordeño,10:11,18.57,1,,,,,0,,0.78,0.66,0.96,0.96,0,0,0,0,4.82,4.76,4.89,0.00,VMS 1,,Tanque,,1.26,1.14,1.38,1.38,3.76,3.42,5.43,5.96
14/01/2024 04:03 a. m.,Ordeño,12:15,14.02,1,,,TI,TI,0,,0.84,0.66,0.00,0.96,0,0,0,0,4.52,4.44,0.00,0.00,VMS 1,,Tanque,,1.26,1.08,0.00,1.44,4.00,3.65,0.00,6.37
14/01/2024 07:19 a. m.,Ordeño,08:17,1.66,2,,,"TI,TD","TI,TD",0,,0.60,0.54,0.00,0.00,0,0,0,0,3.92,3.76,0.00,0.00,VMS 1,,Tanque,,0.90,0.78,0.00,0.00,0.84,0.82,0.00,0.00
14/01/2024 02:56 p. m.,Ordeño,17:14,10.79,3,,,DI,DI,0,,0.00,0.60,0.78,0.96,0,0,0,0,0.00,4.26,4.62,0.00,VMS 1,,Tanque,,0.00,0.90,1.26,1.62,0.00,1.65,5.20,3.94
15/01/2024 12:09 a. m.,Ordeño,11:07,14.19,1,,,,,0,,0.78,0.60,0.84,0.90,0,0,0,0,4.54,4.49,3.80,0.00,VMS 1,,Tanque,,1.20,0.96,1.20,1.38,4.10,2.30,3.46,4.33
15/01/2024 03:43 p. m.,Ordeño,09:20,21.96,2,,,,,0,,0.84,0.72,1.02,1.02,0,0,0,0,4.86,5.12,4.76,0.00,VMS 1,,Tanque,,1.26,1.14,1.44,1.56,4.97,4.44,5.21,7.34
16/01/2024 07:37 a. m.,Ordeño,12:03,8.59,1,,,"TI,TD","TI,TD",0,,0.96,0.72,0.00,0.00,0,0,0,0,4.69,4.76,0.00,0.00,VMS 1,,Tanque,,1.50,1.08,0.00,0.00,4.33,4.26,0.00,0.00
16/01/2024 09:49 p. m.,Ordeño,09:18,22.47,2,,,,,0,,0.84,0.66,1.08,1.08,0,0,0,0,4.50,4.50,4.93,0.00,VMS 1,,Tanque,,1.20,1.02,1.44,1.62,3.98,3.79,7.15,7.55
17/01/2024 09:50 a. m.,Ordeño,09:42,15.88,1,,,,,0,,0.84,0.60,0.96,0.96,0,0,0,0,4.88,4.80,4.68,0.00,VMS 1,,Tanque,,1.26,1.02,1.50,1.38,4.02,3.74,3.16,4.96
17/01/2024 09:56 p. m.,Ordeño,09:06,15.52,2,,,,,0,,0.78,0.54,0.96,0.90,0,0,0,0,4.56,4.58,4.95,0.00,VMS 1,,Tanque,,1.14,0.90,1.32,1.32,3.78,3.42,3.60,4.72
18/01/2024 08:41 a. m.,Ordeño,08:27,15.12,1,,,,,0,,0.72,0.60,0.96,0.96,0,0,0,0,4.75,4.66,5.08,0.00,VMS 1,,Tanque,,1.14,1.02,1.44,1.44,3.36,3.14,3.87,4.75
18/01/2024 04:55 p. m.,Ordeño,11:04,11.82,2,,,,,0,,0.72,0.60,0.78,0.90,0,0,0,0,4.80,4.71,4.96,0.00,VMS 1,,Tanque,,1.14,0.96,1.14,1.38,2.63,2.35,3.04,3.80
19/01/2024 04:08 a. m.,Ordeño,09:05,17.69,1,,,,,0,,0.84,0.60,1.02,0.96,0,0,0,0,4.87,4.70,5.17,0.00,VMS 1,,Tanque,,1.20,1.02,1.38,1.38,3.91,3.41,4.82,5.55
19/01/2024 10:56 a. m.,Ordeño,06:21,9.67,2,,,,,0,,0.72,0.54,0.90,0.84,0,0,0,0,4.53,4.36,4.78,0.00,VMS 1,,Tanque,,1.20,0.90,1.32,1.26,2.14,1.85,2.64,3.04
19/01/2024 11:08 p. m.,Ordeño,14:20,14.99,3,,TD,,,0,,0.78,0.60,0.78,0.90,0,0,0,0,4.75,4.59,4.88,0.00,VMS 1,,Tanque,,1.14,1.02,1.14,1.32,3.52,3.12,4.06,4.29
20/01/2024 01:21 p. m.,Ordeño,11:27,22.69,1,,TD,,,0,,0.84,0.66,1.02,0.90,0,0,0,0,4.78,4.92,4.98,0.00,VMS 1,,Tanque,,1.26,1.14,1.32,1.50,4.78,4.27,6.68,6.96
21/01/2024 12:32 a. m.,Ordeño,08:55,17.18,1,,,,,0,,0.78,0.60,0.90,0.96,0,0,0,0,4.41,4.34,4.55,0.00,VMS 1,,Tanque,,1.08,0.90,1.26,1.38,3.65,3.31,4.65,5.57
21/01/2024 04:24 p. m.,Ordeño,12:11,16.95,2,,,,,0,,0.72,0.66,0.84,0.96,0,0,0,0,4.66,4.65,4.68,0.00,VMS 1,,Tanque,,1.14,1.08,1.32,1.38,3.51,3.30,4.65,5.49
22/01/2024 03:43 a. m.,Ordeño,07:21,10.37,1,,,,,0,,0.72,0.54,0.90,0.90,0,0,0,0,4.16,4.05,4.23,0.00,VMS 1,,Tanque,,1.14,1.08,1.38,1.44,2.14,1.81,3.14,3.28
22/01/2024 10:15 a. m.,Ordeño,05:49,7.28,2,,,,,0,,0.66,0.48,0.90,0.84,0,0,0,0,4.43,4.26,4.48,0.00,VMS 1,,Tanque,,1.02,0.84,1.20,1.38,1.49,1.29,2.16,2.34
22/01/2024 07:01 p. m.,Ordeño,07:07,10.74,3,,,,,0,,0.72,0.54,0.90,0.90,0,0,0,0,4.69,4.48,4.70,0.00,VMS 1,,Tanque,,1.08,0.84,1.38,1.44,2.14,1.97,3.07,3.56
23/01/2024 03:38 a. m.,Ordeño,07:42,12.10,1,,,,,0,,0.72,0.54,0.90,0.96,0,0,0,0,4.75,4.61,4.76,0.00,VMS 1,,Tanque,,1.08,0.90,1.26,1.32,2.43,2.22,3.49,3.96
23/01/2024 04:33 p. m.,Ordeño,09:13,17.61,2,,,,,0,,0.72,0.54,0.90,0.96,0,0,0,0,4.80,4.64,4.81,0.00,VMS 1,,Tanque,,1.14,0.84,1.38,1.38,3.57,3.35,5.01,5.68
24/01/2024 01:27 a. m.,Ordeño,07:32,12.73,1,,,,,0,,0.78,0.54,0.90,0.96,0,0,0,0,4.37,4.30,4.51,0.00,VMS 1,,Tanque,,1.20,1.02,1.26,1.38,2.59,2.46,3.50,4.18
24/01/2024 03:11 p. m.,Ordeño,10:04,19.63,2,,,,,0,,0.78,0.60,0.90,0.90,0,0,0,0,4.83,4.82,4.88,0.00,VMS 1,,Tanque,,1.14,1.08,1.32,1.38,4.03,3.71,5.60,6.29
25/01/2024 12:30 a. m.,Ordeño,08:16,12.70,1,,,,,0,,0.66,0.48,0.84,0.84,0,0,0,0,4.36,4.34,4.56,0.00,VMS 1,,Tanque,,0.96,0.96,1.26,1.32,2.65,2.34,3.55,4.16
25/01/2024 12:09 p. m.,Ordeño,09:44,17.00,2,,,,,0,,0.72,0.60,0.96,0.90,0,0,0,0,4.69,4.73,4.87,0.00,VMS 1,,Tanque,,1.02,1.08,1.38,1.38,3.51,3.12,4.98,5.39
26/01/2024 01:19 a. m.,Ordeño,08:51,5.07,1,,,"DI,DD,TD","DI,DD,TD",0,,0.00,0.00,0.90,0.00,0,0,0,0,0.00,0.00,4.69,0.00,VMS 1,,Tanque,,0.00,0.00,1.26,0.00,0.00,0.00,5.07,0.00
26/01/2024 05:53 a. m.,Ordeño,10:31,18.32,2,,,,,0,,0.72,0.66,0.84,0.96,0,0,0,0,4.80,4.88,4.28,0.00,VMS 1,,Tanque,,1.08,1.08,1.32,1.50,4.78,4.10,2.21,7.23
26/01/2024 05:07 p. m.,Ordeño,07:56,15.13,3,,,,,0,,0.66,0.60,0.90,0.90,0,0,0,0,4.33,4.33,4.83,0.00,VMS 1,,Tanque,,1.08,0.96,1.32,1.26,3.11,2.73,4.72,4.57
27/01/2024 07:05 a. m.,Ordeño,08:46,16.50,1,,,,,0,,0.72,0.66,1.02,0.90,0,0,0,0,4.48,4.47,4.57,0.00,VMS 1,,Tanque,,1.08,1.02,1.44,1.50,3.16,2.99,5.35,5.00
27/01/2024 06:12 p. m.,Ordeño,08:16,15.72,2,,,,,0,,0.72,0.60,0.96,0.96,0,0,0,0,4.78,4.86,4.78,0.00,VMS 1,,Tanque,,1.08,0.96,1.32,1.50,3.16,2.89,4.80,4.87
28/01/2024 03:45 a. m.,Ordeño,06:54,13.71,1,,,,,0,,0.84,0.66,0.96,1.02,0,0,0,0,4.65,4.71,4.71,0.00,VMS 1,,Tanque,,1.14,1.08,1.38,1.44,2.76,2.62,4.06,4.27
28/01/2024 05:37 p. m.,Ordeño,09:23,19.16,2,,,,,0,,0.78,0.66,1.02,1.02,0,0,0,0,4.81,4.92,4.89,0.00,VMS 1,,Tanque,,1.20,1.08,1.56,1.38,3.91,3.56,5.75,5.94
29/01/2024 02:56 a. m.,Ordeño,07:46,12.08,1,,TD,,,0,,0.78,0.60,0.90,0.96,0,0,0,0,4.41,4.29,4.47,0.00,VMS 1,,Tanque,,1.26,0.96,1.26,1.68,2.56,2.25,3.67,3.60
29/01/2024 03:34 p. m.,Ordeño,13:47,11.09,2,,,TD,TD,0,,0.78,0.66,0.90,0.00,0,0,0,0,5.01,5.14,5.24,0.00,VMS 1,,Tanque,,1.20,1.02,1.32,0.00,3.28,3.23,4.58,0.00
29/01/2024 08:59 p. m.,Ordeño,09:36,13.15,3,,,,,0,,0.66,0.54,0.84,1.02,0,0,0,0,4.28,4.14,4.15,0.00,VMS 1,,Tanque,,1.02,0.96,1.26,1.44,1.67,1.56,2.78,7.14
30/01/2024 05:28 a. m.,Ordeño,11:49,12.42,1,,,,,0,,0.78,0.60,0.78,0.96,0,0,0,0,4.76,4.67,4.54,0.00,VMS 1,,Tanque,,1.14,0.90,1.26,1.38,2.55,2.37,3.55,3.95
30/01/2024 03:03 p. m.,Ordeño,07:16,13.02,2,,TI,,,0,,0.72,0.60,0.90,0.96,0,0,0,0,4.88,4.74,4.81,0.00,VMS 1,,Tanque,,1.14,1.02,1.38,1.50,2.82,2.52,3.80,3.88
31/01/2024 12:46 a. m.,Ordeño,07:06,11.93,1,,,,,0,,0.66,0.60,0.90,0.90,0,0,0,0,4.55,4.52,4.54,0.00,VMS 1,,Tanque,,1.02,1.02,1.26,1.32,2.46,2.19,3.82,3.46
31/01/2024 02:07 p. m.,Ordeño,09:05,18.90,2,,,,,0,,0.78,0.66,1.02,1.08,0,0,0,0,5.05,5.07,5.02,0.00,VMS 1,,Tanque,,1.20,0.90,1.38,1.50,3.82,3.62,5.48,5.98
31/01/2024 08:38 p. m.,Ordeño,08:07,10.35,3,,,,,0,,0.66,0.48,0.84,0.66,0,0,0,0,4.46,4.45,4.55,0.00,VMS 1,,Tanque,,1.14,0.78,1.26,1.14,2.18,2.01,3.32,2.84
01/02/2024 08:23 a. m.,Ordeño,08:27,18.52,1,,,,,0,,0.72,0.60,0.96,1.02,0,0,0,0,5.01,5.13,5.06,0.00,VMS 1,,Tanque,,1.14,1.02,1.50,1.56,3.69,3.53,5.50,5.80
01/02/2024 04:26 p. m.,Ordeño,07:14,11.64,2,,,,,0,,0.66,0.54,0.90,0.96,0,0,0,0,4.66,4.59,4.72,0.00,VMS 1,,Tanque,,1.02,0.96,1.26,1.38,2.37,2.14,3.41,3.72
02/02/2024 12:47 a. m.,Ordeño,06:11,12.68,1,,TD,,,0,,0.72,0.54,0.90,0.96,0,0,0,0,4.85,4.73,4.87,0.00,VMS 1,,Tanque,,1.08,0.90,1.38,1.50,2.63,2.44,3.78,3.83
02/02/2024 09:47 a. m.,Ordeño,08:24,14.32,2,,,,,0,,0.78,0.54,0.96,0.96,0,0,0,0,4.83,4.86,4.94,0.00,VMS 1,,Tanque,,1.20,0.90,1.32,1.38,2.95,2.61,4.21,4.55
02/02/2024 08:39 p. m.,Ordeño,09:41,16.07,3,,,,,0,,0.78,0.60,0.90,1.02,0,0,0,0,4.69,4.59,4.80,0.00,VMS 1,,Tanque,,1.14,1.14,1.32,1.56,3.29,2.96,4.65,5.17
03/02/2024 01:31 p. m.,Ordeño,10:51,22.64,1,,,,,0,,0.84,0.60,1.02,0.90,0,0,0,0,4.60,4.59,4.72,0.00,VMS 1,,Tanque,,1.26,1.08,1.44,1.56,4.12,4.38,6.77,7.37
04/02/2024 02:33 a. m.,Ordeño,09:30,17.56,1,,TD,,,0,,0.78,0.60,0.90,0.96,0,0,0,0,4.45,4.32,4.46,0.00,VMS 1,,Tanque,,1.20,0.96,1.32,1.44,3.58,3.48,5.36,5.14
04/02/2024 03:44 p. m.,Ordeño,08:39,19.06,2,,,,,0,,0.84,0.60,1.02,1.02,0,0,0,0,4.77,4.65,4.76,0.00,VMS 1,,Tanque,,1.26,0.90,1.44,1.74,3.83,3.24,5.61,6.38
04/02/2024 09:38 p. m.,Ordeño,06:26,8.38,3,,,,,0,,0.72,0.54,0.84,0.96,0,0,0,0,4.38,4.20,4.43,0.00,VMS 1,,Tanque,,1.08,0.90,1.26,1.38,1.71,1.59,2.51,2.57
05/02/2024 05:26 a. m.,Ordeño,07:02,11.09,1,,,,,0,,0.66,0.48,0.84,0.90,0,0,0,0,4.64,4.56,4.70,0.00,VMS 1,,Tanque,,1.02,0.90,1.20,1.32,2.28,2.03,3.34,3.44
05/02/2024 06:12 p. m.,Ordeño,09:13,18.68,2,,,,,0,,0.90,0.54,1.02,1.02,0,0,0,0,4.84,4.74,4.91,0.00,VMS 1,,Tanque,,1.26,0.90,1.56,1.38,3.92,3.36,5.70,5.70
06/02/2024 02:21 a. m.,Ordeño,07:37,12.98,1,,,,,0,,0.72,0.54,0.84,0.96,0,0,0,0,4.60,4.45,4.73,0.00,VMS 1,,Tanque,,1.14,0.84,1.26,1.44,2.63,2.40,3.79,4.16
06/02/2024 08:22 a. m.,Ordeño,06:20,8.77,2,,,,,0,,0.78,0.54,0.90,0.96,0,0,0,0,4.55,4.40,4.73,0.00,VMS 1,,Tanque,,1.20,0.90,1.20,1.44,1.80,1.59,2.58,2.80
06/02/2024 03:11 p. m.,Ordeño,05:58,9.24,3,,,,,0,,0.72,0.54,0.78,0.90,0,0,0,0,4.73,4.60,4.86,0.00,VMS 1,,Tanque,,1.02,0.90,1.20,1.26,1.88,1.68,2.71,2.97
07/02/2024 01:56 a. m.,Ordeño,08:46,15.96,1,,,,,0,,0.78,0.48,0.96,1.08,0,0,0,0,4.78,4.78,4.97,0.00,VMS 1,,Tanque,,1.08,0.96,1.26,1.44,3.23,2.91,4.73,5.09
07/02/2024 09:03 a. m.,Ordeño,07:33,11.85,2,,,,,0,,0.84,0.54,0.96,1.02,0,0,0,0,4.70,4.64,4.95,0.00,VMS 1,,Tanque,,1.20,1.08,1.38,1.38,2.41,2.29,3.42,3.73
07/02/2024 04:41 p. m.,Ordeño,06:36,11.54,3,,TD,,,0,,0.78,0.54,0.96,0.96,0,0,0,0,4.69,4.73,4.88,0.00,VMS 1,,Tanque,,1.08,0.84,1.38,1.32,2.33,2.11,3.50,3.60
08/02/2024 07:11 a. m.,Ordeño,11:27,20.04,1,,"TI,TD",,,0,,0.84,0.48,1.02,0.96,0,0,0,0,4.81,4.79,4.96,0.00,VMS 1,,Tanque,,1.26,1.02,1.44,1.38,4.32,3.86,6.06,5.80
08/02/2024 06:34 p. m.,Ordeño,09:01,18.15,2,,TI,,,0,,0.78,0.54,1.02,1.02,0,0,0,0,4.49,4.44,4.72,0.00,VMS 1,,Tanque,,1.20,0.96,1.80,1.44,3.55,3.31,4.93,6.36
09/02/2024 07:40 a. m.,Ordeño,09:27,19.68,1,,,,,0,,0.78,0.54,1.02,0.96,0,0,0,0,4.52,4.47,4.66,0.00,VMS 1,,Tanque,,1.14,1.08,1.50,1.38,3.99,3.52,6.21,5.96
09/02/2024 04:15 p. m.,Ordeño,09:59,11.82,2,,TD,,,0,,0.84,0.54,0.84,0.96,0,0,0,0,4.39,4.22,4.38,0.00,VMS 1,,Tanque,,1.32,1.14,1.32,1.32,2.65,2.33,3.47,3.37
10/02/2024 12:17 a. m.,Ordeño,07:27,12.43,1,,,,,0,,0.84,0.54,0.90,0.96,0,0,0,0,4.54,4.49,4.52,0.00,VMS 1,,Tanque,,1.14,0.78,1.32,1.32,2.49,2.21,3.62,4.11
10/02/2024 08:31 a. m.,Ordeño,07:47,13.20,2,,,,,0,,0.84,0.54,0.96,1.02,0,0,0,0,4.74,4.62,4.82,0.00,VMS 1,,Tanque,,1.14,0.84,1.38,1.44,2.69,2.51,3.89,4.11
10/02/2024 08:54 p. m.,Ordeño,10:07,17.73,3,,,,,0,,0.72,0.48,0.96,0.96,0,0,0,0,4.75,4.64,4.82,0.00,VMS 1,,Tanque,,1.08,0.84,1.32,1.32,3.74,3.10,5.32,5.57
11/02/2024 03:17 a. m.,Ordeño,06:40,9.75,1,,,,,0,,0.72,0.54,0.90,0.90,0,0,0,0,4.35,4.29,4.54,0.00,VMS 1,,Tanque,,1.08,0.84,1.32,1.44,1.98,1.90,2.80,3.07
11/02/2024 12:24 p. m.,Ordeño,08:05,13.86,2,,TD,,,0,,0.72,0.54,0.90,0.96,0,0,0,0,4.55,4.56,4.80,0.00,VMS 1,,Tanque,,1.14,0.90,1.26,1.38,2.92,2.58,4.25,4.11
11/02/2024 07:06 p. m.,Ordeño,06:37,10.34,3,,,,,0,,0.72,0.54,0.90,0.90,0,0,0,0,4.65,4.51,4.61,0.00,VMS 1,,Tanque,,1.08,0.84,1.32,1.26,2.04,1.83,3.10,3.37
12/02/2024 02:00 a. m.,Ordeño,07:20,10.91,1,,,,,0,,0.72,0.48,0.90,0.90,0,0,0,0,4.51,4.58,4.65,0.00,VMS 1,,Tanque,,1.14,0.90,1.38,1.26,2.18,1.97,3.41,3.35
12/02/2024 09:36 a. m.,Ordeño,07:21,11.17,2,,,,,0,,0.72,0.48,0.84,0.90,0,0,0,0,4.50,4.52,4.77,0.00,VMS 1,,Tanque,,1.08,0.78,1.32,1.32,2.32,1.98,3.29,3.58
12/02/2024 05:33 p. m.,Ordeño,08:05,10.23,3,,,,,0,,0.72,0.48,0.90,0.96,0,0,0,0,4.57,4.59,4.73,0.00,VMS 1,,Tanque,,1.14,0.84,1.38,1.32,2.06,1.86,3.05,3.26
13/02/2024 03:46 a. m.,Ordeño,09:02,15.49,1,,,,,0,,0.78,0.48,0.96,1.02,0,0,0,0,4.54,4.44,4.75,0.00,VMS 1,,Tanque,,1.44,0.78,1.38,1.44,3.15,2.80,4.61,4.93
13/02/2024 10:01 a. m.,Ordeño,06:53,10.54,2,,,,,0,,0.78,0.48,0.96,0.90,0,0,0,0,4.73,4.63,4.71,0.00,VMS 1,,Tanque,,1.14,0.90,1.38,1.32,2.10,1.94,3.19,3.31
13/02/2024 05:19 p. m.,Ordeño,07:19,12.05,3,,,,,0,,0.72,0.48,0.90,0.96,0,0,0,0,4.84,4.75,4.96,0.00,VMS 1,,Tanque,,1.08,0.72,1.44,1.62,2.45,2.18,3.51,3.91
14/02/2024 02:10 a. m.,Ordeño,09:06,14.79,1,,,,,0,,0.72,0.48,0.90,1.02,0,0,0,0,4.92,4.76,4.94,0.00,VMS 1,,Tanque,,1.08,0.84,1.20,1.68,3.07,2.69,4.34,4.69
14/02/2024 09:29 a. m.,Ordeño,07:47,12.30,2,,,,,0,,0.78,0.48,0.90,1.02,0,0,0,0,4.77,4.76,4.87,0.00,VMS 1,,Tanque,,1.08,0.78,1.32,1.44,2.51,2.29,3.49,4.01
14/02/2024 04:40 p. m.,Ordeño,07:11,11.22,3,,,,,0,,0.72,0.54,0.84,0.90,0,0,0,0,4.60,4.58,4.34,0.00,VMS 1,,Tanque,,1.02,0.78,1.26,1.32,2.30,2.04,3.32,3.56
15/02/2024 12:22 a. m.,Ordeño,07:34,12.42,1,,,,,0,,0.78,0.48,0.90,1.02,0,0,0,0,4.70,4.64,4.90,0.00,VMS 1,,Tanque,,1.02,0.78,1.32,1.44,2.55,2.24,3.67,3.96
15/02/2024 07:51 a. m.,Ordeño,06:59,12.72,2,,,,,0,,0.72,0.60,0.90,1.08,0,0,0,0,4.84,4.77,4.95,0.00,VMS 1,,Tanque,,1.08,0.90,1.26,1.56,2.55,2.37,3.63,4.17
15/02/2024 03:05 p. m.,Ordeño,05:59,10.21,3,,,,,0,,0.72,0.60,0.84,0.96,0,0,0,0,4.63,4.48,4.70,0.00,VMS 1,,Tanque,,1.08,1.02,1.20,1.32,2.05,1.86,3.01,3.29
15/02/2024 08:24 p. m.,Ordeño,06:06,7.66,4,,,,,0,,0.72,0.54,0.90,0.90,0,0,0,0,4.75,4.57,4.83,0.00,VMS 1,,Tanque,,1.14,0.84,1.26,1.32,1.59,1.42,2.26,2.39
16/02/2024 10:19 a. m.,Ordeño,09:26,21.54,1,,,,,0,,0.90,0.60,1.02,1.08,0,0,0,0,5.11,4.97,5.12,0.00,VMS 1,,Tanque,,1.26,1.02,1.56,1.68,4.35,4.00,6.31,6.88
16/02/2024 10:38 p. m.,Ordeño,11:10,17.24,2,,,,,0,,0.84,0.48,0.90,0.96,0,0,0,0,4.44,4.37,4.57,0.00,VMS 1,,Tanque,,1.20,0.96,1.38,1.56,3.51,3.12,5.06,5.55
17/02/2024 08:04 a. m.,Ordeño,08:42,15.81,1,,,,,0,,0.72,0.54,0.90,0.96,0,0,0,0,4.72,4.65,4.83,0.00,VMS 1,,Tanque,,1.08,0.84,1.44,1.32,3.15,2.89,4.78,4.99
17/02/2024 03:18 p. m.,Ordeño,07:03,11.40,2,,,,,0,,0.84,0.54,0.84,0.90,0,0,0,0,4.71,4.64,4.69,0.00,VMS 1,,Tanque,,1.20,0.78,1.20,1.32,2.39,2.12,3.21,3.68
17/02/2024 11:49 p. m.,Ordeño,08:09,13.34,3,,,,,0,,0.78,0.48,0.84,0.90,0,0,0,0,4.50,4.56,4.67,0.00,VMS 1,,Tanque,,1.32,0.72,1.38,1.26,2.71,2.43,3.87,4.33
18/02/2024 12:19 p. m.,Ordeño,09:41,19.38,1,,,,,0,,0.96,0.54,0.96,1.02,0,0,0,0,5.17,4.80,5.00,0.00,VMS 1,,Tanque,,1.44,1.02,1.32,1.44,4.11,3.46,5.61,6.20
18/02/2024 07:45 p. m.,Ordeño,08:03,13.44,2,,,,,0,,0.78,0.54,0.90,0.96,0,0,0,0,4.54,4.52,4.77,0.00,VMS 1,,Tanque,,1.20,0.90,1.26,1.44,2.72,2.56,3.80,4.36
19/02/2024 02:08 a. m.,Ordeño,06:49,10.23,1,,,,,0,,0.78,0.48,0.96,0.96,0,0,0,0,4.65,4.60,4.78,0.00,VMS 1,,Tanque,,1.14,0.78,1.32,1.32,2.06,1.86,3.00,3.31
19/02/2024 03:29 p. m.,Ordeño,10:29,18.65,2,,,,,0,,0.84,0.48,0.90,0.96,0,0,0,0,4.65,4.55,4.81,0.00,VMS 1,,Tanque,,1.20,0.90,1.38,1.38,3.85,3.27,5.64,5.89
20/02/2024 04:10 a. m.,Ordeño,10:49,18.60,1,,,,,0,,0.84,0.54,0.96,0.96,0,0,0,0,4.60,4.42,4.67,0.00,VMS 1,,Tanque,,1.32,0.90,1.44,1.38,3.74,3.54,5.44,5.88
20/02/2024 12:20 p. m.,Ordeño,08:32,8.59,2,,,TI,TI,0,,0.84,0.54,0.00,0.90,0,0,0,0,4.40,4.36,0.00,0.00,VMS 1,,Tanque,,1.20,1.08,0.00,1.38,2.51,2.24,0.00,3.84
20/02/2024 05:06 p. m.,Ordeño,08:33,10.04,3,,,,,0,,0.66,0.48,0.96,0.84,0,0,0,0,4.54,4.42,4.73,0.00,VMS 1,,Tanque,,1.02,0.72,1.44,1.26,1.28,1.23,5.44,2.09
21/02/2024 01:45 a. m.,Ordeño,08:29,12.81,1,,,,,0,,0.78,0.48,0.84,0.78,0,0,0,0,4.63,4.63,4.52,0.00,VMS 1,,Tanque,,1.14,0.78,1.20,1.14,2.68,2.44,3.71,3.98
21/02/2024 11:35 a. m.,Ordeño,08:51,14.83,2,,,,,0,,0.72,0.54,0.84,0.90,0,0,0,0,4.89,4.87,4.88,0.00,VMS 1,,Tanque,,1.02,0.90,1.26,1.26,3.01,2.92,4.12,4.78
22/02/2024 12:44 a. m.,Ordeño,10:15,20.06,1,,,,,0,,0.72,0.54,0.96,0.96,0,0,0,0,4.67,4.72,4.79,0.00,VMS 1,,Tanque,,1.20,0.84,1.38,1.32,4.23,3.64,5.79,6.40
22/02/2024 09:52 a. m.,Ordeño,07:55,14.07,2,,,,,0,,0.72,0.54,0.90,0.84,0,0,0,0,4.53,4.50,4.66,0.00,VMS 1,,Tanque,,1.08,0.90,1.26,1.26,2.93,2.80,3.89,4.45
22/02/2024 06:07 p. m.,Ordeño,07:12,11.25,3,,,,,0,,0.66,0.48,0.78,0.90,0,0,0,0,4.68,4.55,4.82,0.00,VMS 1,,Tanque,,1.14,0.84,1.20,1.26,2.24,2.11,3.18,3.72
23/02/2024 12:25 a. m.,Ordeño,14:49,7.13,1,,,DD,DD,0,,0.48,0.00,0.84,0.84,0,0,0,0,4.53,0.00,4.89,0.00,VMS 1,,Tanque,,0.78,0.00,1.20,1.14,1.06,0.00,2.96,3.11
23/02/2024 09:24 a. m.,Ordeño,10:07,17.11,2,,,,,0,,0.78,0.60,0.90,0.96,0,0,0,0,4.94,5.01,5.21,0.00,VMS 1,,Tanque,,1.08,0.96,1.32,1.32,3.81,4.39,4.08,4.83
23/02/2024 07:01 p. m.,Ordeño,08:18,12.99,3,,,,,0,,0.66,0.54,0.84,0.90,0,0,0,0,4.51,4.25,4.90,0.00,VMS 1,,Tanque,,1.02,0.90,1.26,1.26,2.64,2.16,3.92,4.27
24/02/2024 08:03 a. m.,Ordeño,09:27,19.70,1,,,,,0,,0.78,0.54,0.96,0.96,0,0,0,0,4.57,4.49,4.82,0.00,VMS 1,,Tanque,,1.32,0.90,1.44,1.32,4.07,3.52,5.97,6.14
24/02/2024 05:22 p. m.,Ordeño,07:12,14.22,2,,,,,0,,0.72,0.60,0.90,0.96,0,0,0,0,4.57,4.57,4.76,0.00,VMS 1,,Tanque,,1.08,0.90,1.26,1.62,2.90,2.60,4.11,4.61
25/02/2024 01:42 a. m.,Ordeño,08:25,12.93,1,,,,,0,,0.66,0.48,0.84,0.84,0,0,0,0,4.57,4.56,4.70,0.00,VMS 1,,Tanque,,0.96,0.72,1.26,1.14,2.58,2.42,3.86,4.07
25/02/2024 09:04 a. m.,Ordeño,07:08,11.64,2,,,,,0,,0.66,0.54,0.90,0.96,0,0,0,0,4.77,4.83,4.95,0.00,VMS 1,,Tanque,,1.02,0.84,1.26,1.38,2.31,2.14,3.40,3.79
25/02/2024 04:01 p. m.,Ordeño,06:42,10.36,3,,,,,0,,0.60,0.54,0.84,0.84,0,0,0,0,4.69,4.68,4.88,0.00,VMS 1,,Tanque,,0.96,0.90,1.32,1.26,2.05,1.95,3.10,3.26
25/02/2024 11:46 p. m.,Ordeño,07:41,12.31,4,,,,,0,,0.66,0.48,0.90,0.96,0,0,0,0,4.78,4.67,4.93,0.00,VMS 1,,Tanque,,1.14,0.78,1.32,1.38,2.48,2.22,3.68,3.93
26/02/2024 11:10 a. m.,Ordeño,08:53,18.83,1,,,,,0,,0.78,0.60,0.96,0.96,0,0,0,0,5.06,4.97,5.10,0.00,VMS 1,,Tanque,,1.20,0.90,1.38,1.38,3.80,3.50,5.50,6.03
26/02/2024 05:09 p. m.,Ordeño,05:54,8.68,2,,,,,0,,0.66,0.54,0.84,0.84,0,0,0,0,4.51,4.51,4.67,0.00,VMS 1,,Tanque,,1.02,0.96,1.26,1.38,1.71,1.68,2.55,2.74
27/02/2024 01:19 a. m.,Ordeño,07:18,12.28,1,,,,,0,,0.72,0.54,0.90,0.84,0,0,0,0,4.72,4.81,4.80,0.00,VMS 1,,Tanque,,1.20,0.96,1.26,1.38,2.40,2.31,3.72,3.85
27/02/2024 11:04 a. m.,Ordeño,08:41,15.49,2,,,,,0,,0.72,0.54,0.90,0.90,0,0,0,0,4.83,4.86,4.91,0.00,VMS 1,,Tanque,,1.08,0.78,1.38,1.32,3.15,2.87,4.63,4.84
27/02/2024 05:37 p. m.,Ordeño,06:17,9.37,3,,,,,0,,0.66,0.54,0.78,0.84,0,0,0,0,4.55,4.50,4.73,0.00,VMS 1,,Tanque,,1.14,0.78,1.14,1.14,1.85,1.82,2.66,3.04
28/02/2024 01:22 a. m.,Ordeño,07:31,10.98,1,,,,,0,,0.66,0.48,0.84,0.90,0,0,0,0,4.53,4.24,4.72,0.00,VMS 1,,Tanque,,1.08,0.72,1.26,1.38,2.18,2.06,3.21,3.53
28/02/2024 11:31 a. m.,Ordeño,08:44,15.64,2,,,,,0,,0.78,0.54,0.84,0.84,0,0,0,0,4.93,4.78,5.08,0.00,VMS 1,,Tanque,,1.14,1.02,1.32,1.26,3.17,2.99,4.61,4.87
28/02/2024 07:38 p. m.,Ordeño,08:14,12.67,3,,,,,0,,0.72,0.54,0.84,0.78,0,0,0,0,4.53,4.34,4.56,0.00,VMS 1,,Tanque,,1.32,0.84,1.26,1.20,2.63,2.44,3.71,3.89
29/02/2024 06:10 a. m.,Ordeño,09:38,16.29,1,,,,,0,,0.72,0.54,0.90,0.84,0,0,0,0,4.75,4.59,4.77,0.00,VMS 1,,Tanque,,1.08,0.90,1.32,1.20,3.37,3.05,4.84,5.03
29/02/2024 08:59 p. m.,Ordeño,09:35,19.34,2,,,,,0,,0.78,0.60,0.90,0.90,0,0,0,0,4.66,4.63,4.84,0.00,VMS 1,,Tanque,,1.20,0.90,1.50,1.26,4.07,3.57,5.70,6.00
01/03/2024 01:53 p. m.,Ordeño,09:23,19.41,1,,,,,0,,0.90,0.60,0.90,0.84,0,0,0,0,5.13,4.48,4.98,0.00,VMS 1,,Tanque,,1.26,1.08,1.44,1.26,4.34,3.64,5.53,5.90
01/03/2024 08:43 p. m.,Ordeño,05:48,8.37,2,,,,,0,,1.32,0.48,0.84,0.72,0,0,0,0,4.71,4.23,4.70,0.00,VMS 1,,Tanque,,2.28,0.78,1.32,1.20,2.58,1.36,2.21,2.22
02/03/2024 10:39 a. m.,Ordeño,10:19,16.81,1,,"DI,TD",,,0,,0.84,0.54,0.90,0.84,0,0,0,0,4.82,4.86,4.93,0.00,VMS 1,,Tanque,,1.38,0.96,1.32,1.44,3.71,3.75,5.93,3.42
02/03/2024 10:28 p. m.,Ordeño,10:20,19.81,2,,,,,0,,0.78,0.60,0.96,0.96,0,0,0,0,4.93,4.94,5.08,0.00,VMS 1,,Tanque,,1.20,1.02,1.44,1.32,3.79,3.32,5.19,7.51
03/03/2024 10:28 a. m.,Ordeño,08:01,15.48,1,,,,,0,,0.78,0.66,1.02,0.96,0,0,0,0,4.77,4.65,4.88,0.00,VMS 1,,Tanque,,1.20,1.02,1.50,1.32,3.29,3.15,4.93,4.11
03/03/2024 08:39 p. m.,Ordeño,11:05,11.51,2,,,,,0,,0.72,0.54,0.84,0.84,0,0,0,0,4.37,4.33,4.42,0.00,VMS 1,,Tanque,,1.08,0.90,1.32,1.26,2.44,2.19,3.74,3.14
04/03/2024 02:43 a. m.,Ordeño,06:24,8.60,1,,,,,0,,0.72,0.54,0.90,0.84,0,0,0,0,4.62,4.30,4.82,0.00,VMS 1,,Tanque,,1.08,0.90,1.26,1.14,1.75,1.77,2.61,2.47
04/03/2024 11:46 a. m.,Ordeño,09:53,13.60,2,,,,,0,,0.78,0.66,0.84,0.90,0,0,0,0,5.09,5.02,4.89,0.00,VMS 1,,Tanque,,1.20,1.02,1.26,1.32,2.79,2.63,3.99,4.19
04/03/2024 08:30 p. m.,Ordeño,06:38,11.73,3,,,,,0,,0.72,0.60,0.84,0.84,0,0,0,0,4.69,4.55,4.77,0.00,VMS 1,,Tanque,,1.14,1.08,1.20,1.14,2.30,2.24,3.62,3.57
05/03/2024 07:52 a. m.,Ordeño,09:05,17.01,1,,,,,0,,0.78,0.54,0.90,0.90,0,0,0,0,5.00,4.62,5.12,0.00,VMS 1,,Tanque,,1.14,0.84,1.32,1.32,3.44,3.29,5.01,5.27
06/03/2024 01:19 a. m.,Ordeño,10:51,23.30,1,,,,,0,,0.84,0.60,0.96,0.90,0,0,0,0,4.89,4.75,5.03,0.00,VMS 1,,Tanque,,1.32,1.02,1.38,1.20,4.75,4.51,6.81,7.23
06/03/2024 10:35 a. m.,Ordeño,06:30,10.57,2,,,,,0,,0.72,0.60,0.90,0.90,0,0,0,0,4.36,4.15,4.48,0.00,VMS 1,,Tanque,,1.08,1.08,1.38,1.32,2.17,2.03,3.04,3.33
06/03/2024 06:31 p. m.,Ordeño,07:07,6.18,3,,,TI,TI,0,,0.72,0.54,0.00,0.84,0,0,0,0,4.64,4.53,0.00,0.00,VMS 1,,Tanque,,1.20,0.78,0.00,1.20,1.78,1.64,0.00,2.76
06/03/2024 11:36 p. m.,Ordeño,07:45,8.93,4,,,,,0,,0.66,0.42,0.84,0.78,0,0,0,0,4.62,4.61,4.99,0.00,VMS 1,,Tanque,,0.96,0.66,1.32,1.08,1.32,1.22,4.27,2.12
07/03/2024 11:30 a. m.,Ordeño,08:33,17.72,1,,,,,0,,0.84,0.60,0.96,0.90,0,0,0,0,5.12,5.15,5.10,0.00,VMS 1,,Tanque,,1.32,1.08,1.56,1.32,3.69,3.31,5.28,5.44
08/03/2024 08:24 a. m.,Ordeño,10:51,24.30,1,,,,,0,,0.90,0.66,0.96,0.96,0,0,0,0,4.86,4.81,4.91,0.00,VMS 1,,Tanque,,1.26,1.02,1.50,1.32,5.12,4.66,6.83,7.69
08/03/2024 11:03 p. m.,Ordeño,08:48,16.68,2,,,,,0,,0.72,0.60,0.90,0.84,0,0,0,0,4.40,4.36,4.50,0.00,VMS 1,,Tanque,,1.08,1.02,1.20,1.14,3.36,3.23,4.82,5.27
09/03/2024 08:22 a. m.,Ordeño,06:42,11.44,1,,,,,0,,0.72,0.60,0.90,0.84,0,0,0,0,4.37,4.29,4.48,0.00,VMS 1,,Tanque,,1.02,0.96,1.32,1.20,2.26,2.22,3.34,3.62
09/03/2024 06:43 p. m.,Ordeño,07:57,13.73,2,,,,,0,,0.78,0.54,0.90,0.84,0,0,0,0,4.81,4.71,5.00,0.00,VMS 1,,Tanque,,1.20,0.84,1.38,1.32,2.77,2.63,4.09,4.24
10/03/2024 09:12 a. m.,Ordeño,10:12,20.07,1,,,,,0,,0.84,0.54,0.96,1.02,0,0,0,0,4.83,4.71,4.97,0.00,VMS 1,,Tanque,,1.20,0.96,1.44,1.50,4.09,3.73,5.94,6.31
10/03/2024 08:14 p. m.,Ordeño,08:12,14.30,2,,,,,0,,0.78,0.60,0.90,0.90,0,0,0,0,4.42,4.25,4.65,0.00,VMS 1,,Tanque,,1.20,0.96,1.26,1.32,2.92,2.73,4.23,4.42
11/03/2024 09:36 a. m.,Ordeño,10:45,17.74,1,,,,,0,,0.90,0.54,0.96,1.02,0,0,0,0,4.75,4.61,4.97,0.00,VMS 1,,Tanque,,1.20,0.96,1.38,1.38,3.59,3.23,5.32,5.60
11/03/2024 10:08 p. m.,Ordeño,09:20,14.94,2,,,,,0,,0.78,0.54,0.96,0.96,0,0,0,0,4.56,4.34,4.76,0.00,VMS 1,,Tanque,,1.20,0.90,1.44,1.38,2.97,2.80,4.39,4.78
12/03/2024 10:04 a. m.,Ordeño,09:31,16.07,1,,,,,0,,0.78,0.54,1.02,0.84,0,0,0,0,4.78,4.55,4.95,0.00,VMS 1,,Tanque,,1.14,0.96,1.44,1.20,3.23,2.89,4.89,5.06
12/03/2024 10:36 p. m.,Ordeño,09:18,15.35,2,,,,,0,,0.72,0.54,1.02,0.90,0,0,0,0,4.46,4.38,4.57,0.00,VMS 1,,Tanque,,1.14,1.02,1.38,1.32,3.07,2.91,4.55,4.82
13/03/2024 01:38 p. m.,Ordeño,11:00,20.38,1,,,,,0,,0.78,0.54,0.96,0.96,0,0,0,0,4.82,4.67,4.93,0.00,VMS 1,,Tanque,,1.26,0.90,1.50,1.38,4.10,3.65,6.03,6.60
13/03/2024 09:31 p. m.,Ordeño,07:06,9.31,2,,,,,0,,0.72,0.60,0.90,0.78,0,0,0,0,4.35,4.01,4.40,0.00,VMS 1,,Tanque,,1.08,0.96,1.32,1.20,1.87,1.88,2.79,2.77
14/03/2024 05:49 a. m.,Ordeño,07:25,12.01,1,,,,,0,,0.72,0.54,0.90,0.84,0,0,0,0,4.57,4.54,4.75,0.00,VMS 1,,Tanque,,1.02,0.78,1.26,1.26,2.45,2.19,3.58,3.79
14/03/2024 05:28 p. m.,Ordeño,08:25,16.75,2,,,,,0,,0.78,0.60,1.02,0.90,0,0,0,0,4.86,4.86,5.02,0.00,VMS 1,,Tanque,,1.14,1.08,1.44,1.20,3.36,3.06,5.11,5.22
15/03/2024 03:44 a. m.,Ordeño,08:03,13.28,1,,,,,0,,0.72,0.54,0.96,0.90,0,0,0,0,4.60,4.43,4.77,0.00,VMS 1,,Tanque,,1.08,0.84,1.32,1.26,2.61,2.44,3.95,4.28
15/03/2024 01:24 p. m.,Ordeño,07:51,14.86,2,,,,,0,,0.84,0.60,1.02,0.96,0,0,0,0,4.94,4.80,5.13,0.00,VMS 1,,Tanque,,1.20,0.96,1.44,1.32,2.95,2.76,4.34,4.81
15/03/2024 10:35 p. m.,Ordeño,08:08,12.70,3,,,,,0,,0.78,0.48,0.96,0.90,0,0,0,0,4.76,4.55,4.85,0.00,VMS 1,,Tanque,,1.14,0.84,1.32,1.26,2.55,2.32,3.90,3.93
16/03/2024 04:47 p. m.,Ordeño,09:43,24.02,1,,,,,0,,0.90,0.72,1.14,1.02,0,0,0,0,5.08,5.18,5.20,0.00,VMS 1,,Tanque,,1.26,1.20,1.50,1.68,4.73,4.57,7.18,7.54
17/03/2024 12:51 a. m.,Ordeño,07:03,9.66,1,,,,,0,,0.72,0.54,0.84,0.84,0,0,0,0,4.28,4.03,4.32,0.00,VMS 1,,Tanque,,1.02,0.84,1.20,1.14,1.96,1.92,2.73,3.05
17/03/2024 09:32 a. m.,Ordeño,07:07,11.36,2,,"TI,TD",,,0,,0.78,0.54,0.96,0.90,0,0,0,0,4.70,4.56,4.82,0.00,VMS 1,,Tanque,,1.14,0.84,1.38,1.26,2.37,2.16,3.46,3.37
17/03/2024 11:10 p. m.,Ordeño,13:32,19.51,3,,,,,0,,0.84,0.72,0.96,0.90,0,0,0,0,4.95,4.91,4.57,0.00,VMS 1,,Tanque,,1.32,1.14,1.56,1.26,4.10,3.77,5.87,5.77
19/03/2024 06:30 a. m.,Ordeño,09:03,15.23,1,,,,,0,,0.84,0.66,2.04,0.90,0,0,0,0,4.19,4.07,4.08,0.00,VMS 1,,Tanque,,1.26,1.08,3.84,1.80,2.34,2.22,7.59,3.08
19/03/2024 07:56 p. m.,Ordeño,08:16,18.57,2,,,,,0,,0.90,0.66,1.20,0.96,0,0,0,0,4.73,4.75,4.90,0.00,VMS 1,,Tanque,,1.20,1.02,1.92,1.38,3.67,3.29,6.59,5.02
20/03/2024 03:20 a. m.,Ordeño,06:29,9.05,1,,,,,0,,0.78,0.48,0.90,0.90,0,0,0,0,4.59,4.37,4.75,0.00,VMS 1,,Tanque,,1.20,0.96,1.50,1.44,1.84,1.70,2.77,2.74
20/03/2024 11:14 a. m.,Ordeño,08:01,11.30,2,,,,,0,,0.84,0.66,0.90,0.96,0,0,0,0,4.88,4.70,4.98,0.00,VMS 1,,Tanque,,1.14,1.02,1.20,1.26,2.30,2.18,3.35,3.47
20/03/2024 10:25 p. m.,Ordeño,08:28,15.68,3,,TD,,,0,,0.84,0.60,0.96,0.90,0,0,0,0,4.94,4.78,5.02,0.00,VMS 1,,Tanque,,1.20,1.02,1.38,1.32,3.34,3.08,4.83,4.43
21/03/2024 08:58 a. m.,Ordeño,09:09,16.33,1,,,,,0,,0.84,0.54,0.96,0.90,0,0,0,0,4.74,4.51,4.83,0.00,VMS 1,,Tanque,,1.14,0.90,1.32,1.26,3.21,2.98,4.71,5.43
21/03/2024 11:43 p. m.,Ordeño,12:06,18.87,2,,,,,0,,0.84,0.60,0.96,0.78,0,0,0,0,4.83,4.81,4.91,0.00,VMS 1,,Tanque,,1.32,0.96,1.32,1.38,4.01,3.65,5.83,5.38
22/03/2024 08:56 a. m.,Ordeño,07:23,11.55,1,,,,,0,,0.78,0.54,0.96,0.84,0,0,0,0,4.30,4.21,4.45,0.00,VMS 1,,Tanque,,1.08,0.90,1.32,1.26,2.26,2.22,3.28,3.79
22/03/2024 04:53 p. m.,Ordeño,07:16,8.47,2,,,,,0,,0.78,0.54,0.90,0.84,0,0,0,0,4.38,4.36,4.74,4.42,VMS 3,,Tanque,,1.14,0.84,1.26,1.26,1.76,1.62,2.46,2.63
22/03/2024 11:03 p. m.,Ordeño,06:17,8.23,3,,,,,0,,0.72,0.48,0.90,0.84,0,0,0,0,4.46,4.47,4.94,4.76,VMS 3,,Tanque,,1.02,0.78,1.20,1.26,1.65,1.58,2.42,2.58
23/03/2024 07:43 a. m.,Ordeño,09:21,9.16,1,,,TI,TI,0,,0.84,0.60,0.00,1.02,0,0,0,0,4.86,4.64,0.00,4.82,VMS 3,,Tanque,,1.20,0.96,0.00,1.38,2.55,2.56,0.00,4.05
23/03/2024 01:54 p. m.,Ordeño,09:11,12.38,2,,,,,0,,0.84,0.60,0.90,0.90,0,0,0,0,4.76,4.63,4.53,4.91,VMS 3,,Tanque,,1.20,0.96,1.44,1.26,2.03,1.78,5.77,2.80
23/03/2024 11:35 p. m.,Ordeño,08:24,14.14,3,,,,,0,,0.84,0.54,0.96,0.90,0,0,0,0,4.74,4.70,4.85,4.93,VMS 3,,Tanque,,1.20,0.90,1.20,1.26,2.95,2.66,4.07,4.46
24/03/2024 09:33 a. m.,Ordeño,08:40,14.90,1,,,,,0,,0.72,0.66,0.90,0.96,0,0,0,0,4.61,4.55,4.53,4.66,VMS 3,,Tanque,,1.08,0.96,1.26,1.44,3.13,2.93,4.06,4.78
24/03/2024 09:57 p. m.,Ordeño,10:18,17.94,2,,TI,,,0,,0.84,0.54,1.02,1.02,0,0,0,0,4.61,4.49,4.80,4.66,VMS 3,,Tanque,,1.20,0.96,1.62,1.38,3.88,3.51,4.75,5.80
25/03/2024 10:15 a. m.,Ordeño,10:38,17.57,1,,,,,0,,0.78,0.66,0.78,1.02,0,0,0,0,4.28,4.24,3.63,4.33,VMS 3,,Tanque,,1.26,1.02,1.38,1.38,3.56,3.52,5.24,5.25
25/03/2024 07:40 p. m.,Ordeño,06:54,11.93,2,,,,,0,,0.78,0.60,0.84,0.84,0,0,0,0,4.08,4.21,4.25,4.21,VMS 3,,Tanque,,1.20,0.90,1.14,1.32,2.58,2.25,3.26,3.84
26/03/2024 06:08 a. m.,Ordeño,07:29,15.11,1,,,,,0,,0.84,0.66,0.90,1.02,0,0,0,0,4.27,4.30,4.22,4.36,VMS 3,,Tanque,,1.32,1.14,1.32,1.38,2.99,2.85,4.41,4.86
26/03/2024 03:26 p. m.,Ordeño,07:44,12.17,2,,,,,0,,0.78,0.60,0.84,0.96,0,0,0,0,4.25,4.39,4.29,4.36,VMS 3,,Tanque,,1.20,0.90,1.26,1.38,2.51,2.35,3.37,3.94
27/03/2024 03:17 a. m.,Ordeño,08:37,15.44,1,,,,,0,,0.84,0.60,1.02,0.96,0,0,0,0,4.15,4.25,4.23,4.19,VMS 3,,Tanque,,1.32,1.14,1.38,1.32,3.25,3.03,4.37,4.79
27/03/2024 02:04 p. m.,Ordeño,08:58,12.04,2,,,,,0,,0.78,0.60,0.96,0.84,0,0,0,0,3.86,3.95,3.95,3.92,VMS 3,,Tanque,,1.08,0.84,1.38,1.26,2.57,2.24,3.54,3.69
28/03/2024 01:02 a. m.,Ordeño,07:39,10.70,1,,,DI,DI,0,,0.00,0.60,1.02,1.02,0,0,0,0,0.00,4.13,4.09,4.14,VMS 3,,Tanque,,0.00,0.90,1.38,1.44,0.00,2.65,3.63,4.42
28/03/2024 06:10 a. m.,Ordeño,07:25,5.29,2,,,DI,DI,0,,0.00,0.54,0.84,0.96,0,0,0,0,0.00,4.07,4.03,4.14,VMS 3,,Tanque,,0.00,0.90,1.20,1.26,0.00,1.33,1.87,2.09
28/03/2024 12:36 p. m.,Ordeño,08:46,12.57,3,,,,,0,,0.96,0.60,0.90,0.90,0,0,0,0,4.51,4.39,4.43,4.48,VMS 3,,Tanque,,1.32,0.90,1.20,1.20,5.29,1.81,2.52,2.95
28/03/2024 10:58 p. m.,Ordeño,09:13,14.25,4,,,,,0,,0.78,0.54,0.90,0.90,0,0,0,0,3.74,4.51,4.45,4.60,VMS 3,,Tanque,,1.20,0.96,1.26,1.26,2.83,2.71,4.10,4.61
29/03/2024 10:38 a. m.,Ordeño,08:35,16.32,1,,,,,0,,0.84,0.66,0.96,1.02,0,0,0,0,4.26,4.53,4.54,4.57,VMS 3,,Tanque,,1.32,1.08,1.26,1.32,2.77,3.41,4.71,5.43
29/03/2024 09:55 p. m.,Ordeño,09:50,15.09,2,,,,,0,,0.78,0.60,0.84,0.96,0,0,0,0,4.21,4.25,4.26,4.29,VMS 3,,Tanque,,1.32,1.02,1.20,1.32,2.82,3.05,4.24,4.98
30/03/2024 11:12 a. m.,Ordeño,12:22,0.00,1,,,Todos,Todos,0,,0.00,0.00,0.00,0.00,0,0,0,0,0.00,0.00,0.00,0.00,VMS 3,,Tanque,,0.00,0.00,0.00,0.00,0.00,0.00,0.00,0.00
30/03/2024 09:22 p. m.,Ordeño,11:13,25.92,2,,,,,0,,1.02,0.78,1.02,0.96,0,0,0,0,4.46,4.86,4.64,4.87,VMS 3,,Tanque,,1.62,1.32,1.50,1.38,5.40,5.08,7.33,8.11
31/03/2024 10:35 a. m.,Ordeño,08:52,12.31,1,,,TI,TI,0,,0.90,0.72,0.00,0.96,0,0,0,0,4.31,4.23,0.00,4.04,VMS 3,,Tanque,,1.38,1.14,0.00,1.56,3.53,3.34,0.00,5.44
31/03/2024 04:44 p. m.,Ordeño,07:00,5.24,2,,,TI,TI,0,,0.66,0.60,0.00,0.84,0,0,0,0,4.27,4.24,0.00,4.19,VMS 3,,Tanque,,1.14,0.90,0.00,1.26,1.50,1.51,0.00,2.23
01/04/2024 01:39 a. m.,Ordeño,09:35,15.94,1,,,,,0,,0.78,0.66,1.08,0.96,0,0,0,0,4.62,4.58,4.60,4.63,VMS 3,,Tanque,,1.20,1.02,1.44,1.26,2.52,2.43,7.11,3.88
01/04/2024 06:44 p. m.,Ordeño,10:23,21.47,2,,,,,0,,0.78,0.72,1.02,1.02,0,0,0,0,4.79,4.51,4.22,4.77,VMS 3,,Tanque,,1.80,1.08,1.38,1.50,5.00,4.81,4.09,7.57
02/04/2024 03:42 a. m.,Ordeño,15:36,8.23,1,,,TI,TI,0,,0.66,0.60,0.00,0.90,0,0,0,0,4.54,4.29,0.00,4.25,VMS 3,,Tanque,,1.14,1.20,0.00,1.38,1.74,2.61,0.00,3.88
02/04/2024 12:19 p. m.,Ordeño,06:30,16.81,2,,,,,0,,0.90,0.66,1.14,0.96,0,0,0,0,4.39,4.53,4.75,4.56,VMS 3,,Tanque,,1.62,1.20,1.50,1.44,3.95,2.76,5.52,4.58
03/04/2024 12:39 a. m.,Ordeño,08:52,16.92,1,,,,,0,,0.78,0.60,0.96,1.02,0,0,0,0,4.38,4.56,4.51,4.50,VMS 3,,Tanque,,1.32,1.08,1.38,1.44,3.64,3.67,3.97,5.64
03/04/2024 11:20 a. m.,Ordeño,07:57,14.08,2,,,,,0,,0.84,0.60,0.96,0.96,0,0,0,0,4.17,4.38,4.58,4.36,VMS 3,,Tanque,,1.56,1.08,1.32,1.38,3.12,3.00,3.34,4.62
03/04/2024 11:44 p. m.,Ordeño,09:10,16.95,3,,,,,0,,0.78,0.60,0.90,0.84,0,0,0,0,4.28,4.44,4.54,4.49,VMS 3,,Tanque,,1.14,1.14,1.26,1.32,3.66,3.36,4.43,5.50
04/04/2024 10:31 a. m.,Ordeño,08:00,16.40,1,,,,,0,,0.84,0.66,1.08,1.08,0,0,0,0,4.28,4.40,4.68,4.46,VMS 3,,Tanque,,1.44,1.20,1.50,1.50,3.46,3.45,4.04,5.45
04/04/2024 09:10 p. m.,Ordeño,07:39,14.47,2,,,,,0,,0.78,0.66,0.96,1.02,0,0,0,0,4.08,4.21,4.56,4.24,VMS 3,,Tanque,,1.14,0.96,1.44,1.32,3.07,2.98,3.80,4.62
05/04/2024 12:31 p. m.,Ordeño,08:58,20.54,1,,,,,0,,0.90,0.66,1.08,1.08,0,0,0,0,4.27,4.42,4.69,4.51,VMS 3,,Tanque,,1.50,1.14,1.44,1.44,4.39,4.02,5.59,6.54
06/04/2024 12:09 a. m.,Ordeño,08:29,13.88,1,,,,,0,,0.78,0.66,0.96,1.02,0,0,0,0,4.04,4.21,4.19,4.31,VMS 3,,Tanque,,1.38,1.14,1.44,1.38,2.82,2.85,4.34,3.87
06/04/2024 10:40 a. m.,Ordeño,10:12,10.62,2,,,TI,TI,0,,0.84,0.60,0.00,1.08,0,0,0,0,4.44,4.50,0.00,4.36,VMS 3,,Tanque,,1.20,0.96,0.00,1.50,2.96,2.78,0.00,4.88
06/04/2024 02:46 p. m.,Ordeño,08:14,9.76,3,,,,,0,,0.72,0.54,1.02,0.90,0,0,0,0,4.16,4.36,4.74,4.36,VMS 3,,Tanque,,1.38,0.96,1.38,1.26,1.33,1.28,5.44,1.71
06/04/2024 11:45 p. m.,Ordeño,08:06,13.37,4,,,,,0,,0.78,0.54,0.90,0.96,0,0,0,0,4.41,4.49,4.36,4.50,VMS 3,,Tanque,,1.26,1.02,1.32,1.26,2.89,2.59,3.61,4.28
07/04/2024 07:29 a. m.,Ordeño,07:27,11.40,1,,,,,0,,0.72,0.54,0.90,0.96,0,0,0,0,4.40,4.47,4.46,4.49,VMS 3,,Tanque,,1.08,1.08,1.56,1.32,2.37,2.29,2.94,3.80
07/04/2024 09:03 p. m.,Ordeño,09:14,18.93,2,,,,,0,,0.84,0.66,1.02,1.02,0,0,0,0,4.30,4.45,4.50,4.44,VMS 3,,Tanque,,1.38,1.02,1.44,1.38,3.90,3.78,5.11,6.14
08/04/2024 07:01 a. m.,Ordeño,08:44,12.97,1,,,,,0,,0.78,0.60,0.84,0.96,0,0,0,0,4.01,4.25,4.32,4.17,VMS 3,,Tanque,,1.26,0.90,1.32,1.32,2.62,2.58,3.43,4.34
08/04/2024 08:10 p. m.,Ordeño,09:33,18.01,2,,,,,0,,0.78,0.60,0.96,1.08,0,0,0,0,4.36,4.52,4.52,4.42,VMS 3,,Tanque,,1.20,1.02,1.32,1.50,3.72,3.44,5.03,5.82
09/04/2024 06:46 a. m.,Ordeño,08:55,15.70,1,,,,,0,,0.78,0.60,0.96,1.02,0,0,0,0,4.20,4.32,4.34,4.23,VMS 3,,Tanque,,1.20,1.08,1.38,1.44,3.29,3.15,4.22,5.04
09/04/2024 08:08 p. m.,Ordeño,08:37,16.16,2,,,,,0,,0.72,0.60,0.84,0.96,0,0,0,0,4.03,4.24,4.20,4.15,VMS 3,,Tanque,,1.14,1.14,1.38,1.32,3.23,3.24,4.46,5.23
10/04/2024 06:32 a. m.,Ordeño,07:47,12.35,1,,,,,0,,0.72,0.66,0.90,0.96,0,0,0,0,3.96,4.22,4.21,3.96,VMS 3,,Tanque,,1.26,1.02,1.38,1.26,2.51,2.55,3.28,4.01
10/04/2024 03:10 p. m.,Ordeño,06:50,10.72,2,,,,,0,,0.78,0.54,0.84,0.96,0,0,0,0,4.10,4.19,4.26,4.07,VMS 3,,Tanque,,1.26,1.08,1.26,1.50,2.33,2.11,2.82,3.46
11/04/2024 01:57 a. m.,Ordeño,09:09,13.55,1,,,,,0,,0.72,0.54,0.84,0.90,0,0,0,0,4.38,4.46,4.52,4.47,VMS 3,,Tanque,,1.26,0.90,1.32,1.44,2.80,2.65,3.73,4.37
11/04/2024 11:33 a. m.,Ordeño,07:21,13.16,2,,,,,0,,0.84,0.60,0.96,0.96,0,0,0,0,4.24,4.32,4.35,4.31,VMS 3,,Tanque,,1.20,1.02,1.32,1.38,2.77,2.61,3.60,4.18
11/04/2024 10:43 p. m.,Ordeño,09:39,13.97,3,,DI,,,0,,0.90,0.54,0.90,0.96,0,0,0,0,4.30,4.45,4.49,4.38,VMS 3,,Tanque,,1.38,0.90,1.44,1.32,3.03,2.53,3.88,4.53
12/04/2024 08:40 a. m.,Ordeño,09:38,12.03,1,,,,,0,,0.78,0.54,0.84,1.02,0,0,0,0,4.07,4.23,4.23,4.22,VMS 3,,Tanque,,1.32,0.96,1.32,1.38,2.28,2.50,3.30,3.95
12/04/2024 08:32 p. m.,Ordeño,09:17,9.05,2,,,TI,TI,0,,0.78,0.54,0.00,1.08,0,0,0,0,3.90,4.04,0.00,3.93,VMS 3,,Tanque,,1.20,0.84,0.00,1.74,2.23,2.60,0.00,4.22
13/04/2024 02:06 a. m.,Ordeño,11:17,8.19,1,,,DI,DI,0,,0.00,0.54,0.96,0.96,0,0,0,0,0.00,3.99,4.40,4.07,VMS 3,,Tanque,,0.00,0.90,1.44,1.32,0.00,1.52,4.48,2.19
13/04/2024 01:16 p. m.,Ordeño,08:58,15.22,2,,,,,0,,0.90,0.60,1.02,1.08,0,0,0,0,4.50,4.43,4.16,4.39,VMS 3,,Tanque,,1.32,0.90,1.44,1.44,4.13,2.57,3.89,4.63
13/04/2024 10:37 p. m.,Ordeño,08:33,7.93,3,,,,,0,,0.72,0.48,0.78,0.84,0,0,0,0,3.65,4.02,3.77,4.04,VMS 3,,Tanque,,1.20,0.84,1.20,1.26,1.63,1.70,1.96,2.64
14/04/2024 11:57 a. m.,Ordeño,11:22,12.53,1,,,DI,DI,0,,0.00,0.54,0.96,1.02,0,0,0,0,0.00,4.38,4.53,4.35,VMS 3,,Tanque,,0.00,1.14,1.44,1.74,0.00,3.12,3.93,5.48
14/04/2024 11:36 p. m.,Ordeño,10:57,13.29,2,,,,TI,0,DI,0.96,0.48,0.00,1.02,0,0,0,0,4.91,4.33,0.00,4.19,VMS 3,,Tanque,,1.44,0.90,0.00,1.50,4.89,3.03,0.00,5.37
15/04/2024 07:37 a. m.,Ordeño,09:42,13.34,1,,,,,0,TI,0.84,0.42,0.96,0.90,0,0,0,0,3.65,4.06,4.53,4.05,VMS 3,,Tanque,,1.68,0.84,1.26,1.32,1.45,2.19,6.39,3.31
16/04/2024 01:30 a. m.,Ordeño,13:38,19.32,1,,,,,0,,0.90,0.54,1.02,1.02,0,0,0,0,4.72,4.59,4.24,4.54,VMS 3,,Tanque,,1.50,1.14,1.38,1.44,3.05,3.95,5.03,7.29
16/04/2024 10:47 a. m.,Ordeño,09:25,9.59,2,,,,,0,,0.78,0.54,0.90,0.90,0,0,0,0,4.45,4.03,4.21,3.93,VMS 3,,Tanque,,1.44,0.90,1.32,1.32,1.87,2.26,2.25,3.21
16/04/2024 10:54 p. m.,Ordeño,08:39,12.61,3,,,,,0,,0.78,0.54,0.96,1.02,0,0,0,0,4.31,4.25,4.28,4.17,VMS 3,,Tanque,,1.50,1.02,1.44,1.50,2.48,2.56,3.17,4.40
17/04/2024 09:00 a. m.,Ordeño,12:56,11.82,1,,,,,0,,0.72,0.54,1.14,0.90,0,0,0,0,4.46,4.29,4.34,4.33,VMS 3,,Tanque,,1.32,1.02,1.50,1.32,2.14,2.42,4.23,3.03
18/04/2024 01:26 a. m.,Ordeño,10:08,20.27,1,,,,,0,,0.96,0.60,1.08,1.02,0,0,0,0,4.65,4.64,4.61,4.66,VMS 3,,Tanque,,1.74,1.02,1.50,1.38,4.12,3.91,5.55,6.69
18/04/2024 01:47 p. m.,Ordeño,10:26,15.04,2,,,,,0,,0.78,0.60,1.02,1.08,0,0,0,0,4.54,4.41,4.59,4.43,VMS 3,,Tanque,,1.44,1.02,1.68,1.50,2.94,3.09,3.99,5.02
18/04/2024 11:22 p. m.,Ordeño,09:30,10.76,3,,,,,0,,0.84,0.60,0.90,1.02,0,0,0,0,4.34,4.29,4.50,4.22,VMS 3,,Tanque,,1.38,1.02,1.38,1.50,2.13,2.22,2.91,3.50
19/04/2024 10:46 a. m.,Ordeño,08:29,15.32,1,,,,,0,,0.84,0.60,1.02,1.02,0,0,0,0,4.72,4.70,4.70,4.64,VMS 3,,Tanque,,1.38,1.02,1.44,1.44,3.11,2.96,4.27,4.98
19/04/2024 11:24 p. m.,Ordeño,06:46,11.43,2,,,DD,DD,0,,0.90,0.00,0.96,1.02,0,0,0,0,4.34,0.00,4.43,4.38,VMS 3,,Tanque,,1.56,0.00,1.38,1.50,2.93,0.00,3.90,4.60
20/04/2024 05:25 a. m.,Ordeño,11:40,7.60,1,,,,,0,,0.78,0.66,0.84,0.90,0,0,0,0,4.12,4.65,4.19,4.07,VMS 3,,Tanque,,1.20,1.02,1.20,1.32,1.09,3.18,1.57,1.76
17/06/2024 02:52 p. m.,Ordeño,14:08,16.72,1,,,,,0,,1.44,1.38,1.26,1.32,1699,1482,991,1194,3.48,3.94,3.90,3.45,VMS 3,,Divert 3,,2.04,2.28,1.80,1.98,3.58,3.53,4.87,4.74
17/06/2024 07:56 p. m.,Ordeño,10:10,3.40,2,,,,,0,,0.96,0.84,0.78,0.72,6189,3967,1690,671,3.61,3.84,2.95,2.80,VMS 3,,Divert 3,,1.56,1.38,1.50,1.62,0.73,0.71,1.06,0.90
18/06/2024 08:15 a. m.,Ordeño,10:34,8.97,1,,,,,0,,1.14,1.02,1.02,1.08,789,1077,682,785,4.75,4.79,4.75,4.67,VMS 3,,Divert 3,,1.68,1.56,1.50,1.50,2.23,1.79,2.53,2.42
18/06/2024 06:38 p. m.,Ordeño,10:19,9.80,2,,,,,0,,1.08,0.90,0.90,1.02,580,775,385,379,4.86,4.80,4.81,4.56,VMS 3,,Divert 3,,1.74,1.26,1.56,1.44,2.21,2.21,2.71,2.67
19/06/2024 12:55 a. m.,Ordeño,07:34,6.20,1,,TD,,,0,,1.02,0.84,0.96,0.96,570,656,382,380,4.59,4.65,4.60,4.51,VMS 3,,Divert 3,,1.50,1.20,1.44,1.26,1.57,1.41,1.77,1.45
19/06/2024 08:30 a. m.,Ordeño,07:44,9.02,2,,TD,,,0,,1.02,0.90,1.02,0.96,377,465,0,383,4.73,4.57,4.61,4.72,VMS 3,,Divert 3,,1.44,1.32,1.44,1.68,2.14,2.02,2.43,2.43
19/06/2024 03:27 p. m.,Ordeño,08:00,7.47,3,,TD,,,0,,0.96,0.90,0.90,0.96,374,451,0,0,4.91,4.80,4.81,4.79,VMS 3,,Divert 3,,1.56,1.32,1.44,1.26,1.97,1.90,2.30,1.30
19/06/2024 11:26 p. m.,Ordeño,09:02,11.82,4,,TD,,,0,,0.96,0.84,0.90,1.02,0,0,0,0,4.62,4.67,4.74,4.73,VMS 3,,Divert 3,,1.26,1.26,1.44,1.44,2.51,2.39,2.84,4.08
20/06/2024 04:27 a. m.,Ordeño,05:55,6.10,1,,TD,,,0,,0.90,0.78,1.02,0.96,0,0,0,0,4.57,4.53,4.46,4.47,VMS 3,,Divert 3,,1.32,1.20,1.56,1.44,1.70,1.63,1.82,0.95
20/06/2024 12:25 p. m.,Ordeño,06:09,13.57,2,,TD,,,0,,0.96,0.84,0.96,0.96,0,0,0,0,4.77,4.80,4.79,4.80,VMS 3,,Divert 3,,1.56,1.26,1.32,1.50,2.91,2.53,3.35,4.78
20/06/2024 08:09 p. m.,Ordeño,06:42,10.73,3,,,,,0,,0.96,0.90,0.90,0.90,0,0,0,0,4.70,4.78,4.68,4.59,VMS 3,,Divert 3,,1.32,1.50,1.32,1.26,2.45,2.32,2.96,3.00
21/06/2024 04:30 a. m.,Ordeño,06:10,12.05,1,,TD,,,0,,0.96,0.90,1.02,0.96,0,0,0,0,4.47,4.59,4.48,4.55,VMS 3,,Divert 3,,1.44,1.38,1.32,1.32,2.79,2.69,3.19,3.38
21/06/2024 03:33 p. m.,Ordeño,07:13,15.78,2,,"TI,TD",,,0,,1.08,0.90,1.02,0.96,0,0,0,0,4.76,4.68,4.74,4.71,VMS 3,,Divert 3,,1.62,1.44,1.38,1.26,3.68,3.51,4.30,4.29
21/06/2024 10:13 p. m.,Ordeño,05:50,9.53,3,,TD,,,0,,0.96,0.90,0.96,0.96,0,0,0,0,4.76,4.67,4.69,4.71,VMS 3,,Tanque,,1.44,1.32,1.32,1.32,2.24,1.98,2.64,2.67
22/06/2024 07:41 a. m.,Ordeño,06:58,15.59,1,,,,,0,,1.08,0.90,1.02,1.14,0,0,0,0,4.82,4.79,4.82,4.87,VMS 3,,Tanque,,1.44,1.50,1.44,1.68,3.39,3.34,4.42,4.44
22/06/2024 02:25 p. m.,Ordeño,06:17,10.62,2,,TI,,,0,,1.08,0.90,1.08,1.14,0,0,0,0,4.76,4.61,4.70,4.49,VMS 3,,Tanque,,1.32,1.26,1.44,1.56,2.40,2.39,2.60,3.23
22/06/2024 11:06 p. m.,Ordeño,06:57,14.81,3,,TD,,,0,,1.02,0.90,1.02,1.14,0,0,0,0,4.69,4.68,4.68,4.72,VMS 3,,Tanque,,1.68,1.32,1.56,1.44,3.37,3.08,4.22,4.14
23/06/2024 08:18 a. m.,Ordeño,07:19,15.99,1,,TD,,,0,,1.02,0.84,1.08,1.14,0,0,0,0,4.69,4.68,4.66,4.73,VMS 3,,Tanque,,1.44,1.44,1.62,1.62,3.51,3.40,4.59,4.49
23/06/2024 06:04 p. m.,Ordeño,08:16,17.23,2,,TD,,,0,,0.96,0.84,1.08,1.08,0,0,0,0,4.69,4.69,4.80,4.71,VMS 3,,Tanque,,1.44,1.26,1.50,1.56,3.74,3.71,4.74,5.04
24/06/2024 02:32 a. m.,Ordeño,07:03,15.44,1,,"TI,TD",,,0,,1.02,0.84,1.14,1.14,0,0,0,0,4.63,4.62,4.71,4.60,VMS 3,,Tanque,,1.80,1.26,1.56,1.74,3.64,3.29,4.53,3.98
24/06/2024 11:35 a. m.,Ordeño,07:58,17.87,2,,TD,,,0,,1.02,0.84,1.08,1.14,0,0,0,0,4.63,4.61,4.60,4.73,VMS 3,,Tanque,,1.38,1.26,1.50,1.50,3.99,3.63,4.88,5.37
24/06/2024 04:41 p. m.,Ordeño,05:37,11.02,3,,TD,,,0,,1.02,0.78,0.96,1.02,0,0,0,0,4.56,4.55,4.61,4.50,VMS 3,,Tanque,,1.56,1.20,1.50,1.32,2.61,2.27,3.02,3.12
25/06/2024 01:31 a. m.,Ordeño,06:27,16.15,1,,TD,,,0,,1.08,0.96,1.20,1.26,0,0,0,0,4.67,4.68,4.63,4.72,VMS 3,,Tanque,,1.50,1.38,1.62,1.56,3.47,3.48,4.47,4.73
25/06/2024 07:35 a. m.,Ordeño,05:58,12.99,2,,TD,,,0,,0.96,0.78,1.14,1.14,0,0,0,0,4.47,4.53,4.50,4.59,VMS 3,,Tanque,,1.38,1.20,1.50,1.56,2.87,2.79,3.62,3.71
25/06/2024 12:53 p. m.,Ordeño,05:10,9.87,3,,TD,,,0,,0.96,0.84,1.08,1.08,0,0,0,0,4.53,4.66,4.69,4.74,VMS 3,,Tanque,,1.32,1.20,1.56,1.62,2.35,2.07,2.72,2.73
25/06/2024 06:14 p. m.,Ordeño,05:45,11.23,4,,,,,0,,0.96,0.84,1.02,1.08,0,0,0,0,4.67,4.67,4.73,4.76,VMS 3,,Tanque,,1.56,1.44,1.62,1.56,2.67,2.30,3.07,3.19
25/06/2024 11:59 p. m.,Ordeño,07:08,11.79,1,,,,,0,,0.96,0.78,1.02,1.14,0,0,0,0,4.57,4.60,4.52,4.59,VMS 3,,Tanque,,1.44,1.20,1.50,1.50,2.75,2.40,3.27,3.37
26/06/2024 08:03 a. m.,Ordeño,06:43,15.85,2,,,,,0,,1.02,0.90,1.14,1.26,0,0,0,0,4.71,4.61,4.64,4.87,VMS 3,,Tanque,,1.38,1.26,1.68,1.62,3.55,3.40,4.44,4.46
26/06/2024 04:52 p. m.,Ordeño,06:32,16.06,3,,,,,0,,0.96,0.84,1.08,1.20,0,0,0,0,4.86,4.76,4.78,4.76,VMS 3,,Tanque,,1.32,1.32,1.62,1.56,3.61,3.42,4.41,4.62
27/06/2024 01:14 a. m.,Ordeño,07:09,16.93,1,,TD,,,0,,1.02,0.78,1.02,1.26,0,0,0,0,4.78,4.74,4.79,4.85,VMS 3,,Tanque,,1.44,1.20,1.38,1.62,3.64,3.70,4.74,4.85
27/06/2024 06:12 a. m.,Ordeño,05:50,11.21,2,,TD,,,0,,0.90,0.78,1.02,1.14,0,0,0,0,4.56,4.62,4.66,4.72,VMS 3,,Tanque,,1.44,1.20,1.32,1.62,2.66,2.36,3.04,3.15
27/06/2024 02:30 p. m.,Ordeño,06:36,16.25,3,,,,,0,,0.96,0.84,1.08,1.20,0,0,0,0,4.78,4.82,4.78,4.85,VMS 3,,Tanque,,1.38,1.26,1.62,1.56,3.79,3.29,4.54,4.63
27/06/2024 08:12 p. m.,Ordeño,06:23,11.15,4,,TD,,,0,,0.90,0.84,1.02,1.08,0,0,0,0,4.52,4.50,4.41,4.52,VMS 3,,Tanque,,1.26,1.32,1.50,1.50,2.56,2.39,3.00,3.20
28/06/2024 04:34 a. m.,Ordeño,07:05,18.00,1,,TI,,,0,,0.96,0.84,1.08,1.14,0,0,0,0,4.89,4.85,4.85,4.92,VMS 3,,Tanque,,1.38,1.38,1.56,1.50,4.13,3.69,5.07,5.11
28/06/2024 02:31 p. m.,Ordeño,07:48,19.62,2,,,,,0,,0.96,0.84,1.08,1.20,0,0,0,0,4.67,4.71,4.72,4.74,VMS 3,,Tanque,,1.38,1.26,1.50,1.56,4.33,4.08,5.49,5.72
28/06/2024 11:13 p. m.,Ordeño,07:33,17.98,3,,,,,0,,0.96,0.78,1.02,1.14,0,0,0,0,4.60,4.62,4.67,4.73,VMS 3,,Tanque,,1.38,1.20,1.38,1.56,4.03,3.70,5.09,5.16
29/06/2024 08:45 a. m.,Ordeño,07:50,19.64,1,,"TI,TD",,,0,,0.90,0.78,1.02,1.14,0,0,0,0,4.69,4.79,4.78,4.83,VMS 3,,Tanque,,1.32,1.26,1.44,1.50,4.57,3.96,5.57,5.54
29/06/2024 08:27 p. m.,Ordeño,08:31,22.02,2,,TI,,,0,,0.96,0.78,1.02,1.02,0,0,0,0,4.51,4.72,4.69,4.70,VMS 3,,Tanque,,1.38,1.20,1.62,1.44,5.01,4.40,6.22,6.39
30/06/2024 09:35 a. m.,Ordeño,09:14,24.27,1,,TI,,,0,,1.02,0.84,1.14,1.20,0,0,0,0,4.68,4.85,4.81,4.82,VMS 3,,Tanque,,1.44,1.20,1.62,1.62,4.94,5.39,6.54,7.40
30/06/2024 04:53 p. m.,Ordeño,07:13,14.03,2,,TD,,,0,,0.96,0.78,0.90,1.08,0,0,0,0,4.27,4.38,4.01,4.22,VMS 3,,Tanque,,1.38,1.14,1.32,1.56,3.22,2.81,4.02,3.98
30/06/2024 11:33 p. m.,Ordeño,07:34,14.28,3,,"TI,TD",,,0,,0.90,0.72,0.96,0.96,0,0,0,0,4.71,4.69,4.65,4.78,VMS 3,,Tanque,,1.26,1.26,1.50,1.50,3.20,2.94,4.09,4.05
01/07/2024 08:30 a. m.,Ordeño,08:12,19.94,1,,TD,,,0,,0.96,0.84,1.02,1.02,0,0,0,0,4.91,4.94,4.86,5.00,VMS 3,,Tanque,,1.32,1.26,1.50,1.44,4.60,3.84,5.78,5.72
01/07/2024 03:02 p. m.,Ordeño,06:45,13.37,2,,TD,,,0,,0.84,0.72,0.96,0.96,0,0,0,0,4.50,4.62,4.58,4.58,VMS 3,,Tanque,,1.20,1.14,1.44,1.56,3.03,2.68,3.87,3.79
01/07/2024 10:14 p. m.,Ordeño,07:35,16.13,3,,"TI,TD",,,0,,0.84,0.72,0.96,1.02,0,0,0,0,4.70,4.70,4.72,4.78,VMS 3,,Tanque,,1.26,1.14,1.56,1.38,3.70,3.18,4.65,4.60
02/07/2024 08:54 a. m.,Ordeño,10:20,22.44,1,,,,,0,,0.84,0.72,0.96,1.08,0,0,0,0,4.97,4.91,4.81,5.08,VMS 3,,Tanque,,1.26,1.14,1.50,1.44,4.85,4.20,7.06,6.33
02/07/2024 08:49 p. m.,Ordeño,09:52,24.57,2,,"TI,TD",,,0,,0.90,0.72,0.96,0.90,0,0,0,0,4.78,4.85,4.82,4.11,VMS 3,,Tanque,,1.38,1.14,1.38,1.38,5.47,5.05,7.02,7.03
03/07/2024 02:18 a. m.,Ordeño,07:04,14.21,1,,,,,0,,0.90,0.72,0.96,1.02,0,0,0,0,4.78,4.67,4.72,4.73,VMS 3,,Tanque,,1.32,1.26,1.44,1.44,3.14,2.88,4.08,4.11
03/07/2024 08:15 a. m.,Ordeño,06:39,13.91,2,,,,,0,,0.90,0.66,1.02,1.02,0,0,0,0,4.78,4.86,4.81,4.92,VMS 3,,Tanque,,1.26,1.08,1.44,1.50,3.06,2.79,4.07,3.99
03/07/2024 02:20 p. m.,Ordeño,06:36,13.36,3,,TI,,,0,,0.84,0.66,0.96,1.02,0,0,0,0,4.78,4.86,4.81,4.84,VMS 3,,Tanque,,1.14,0.90,1.50,1.38,2.96,2.62,3.87,3.91
03/07/2024 08:57 p. m.,Ordeño,07:15,15.18,4,,TI,,,0,,0.84,0.66,0.90,0.96,0,0,0,0,4.74,4.67,4.70,4.65,VMS 3,,Tanque,,1.20,1.20,1.44,1.50,3.40,3.10,4.29,4.39
04/07/2024 01:33 a. m.,Ordeño,06:39,11.37,1,,TI,,,0,,0.78,0.66,0.90,1.08,0,0,0,0,4.79,4.80,4.64,4.80,VMS 3,,Tanque,,1.20,1.02,1.44,1.44,2.47,2.21,3.35,3.34
04/07/2024 09:08 a. m.,Ordeño,07:28,16.82,2,,,,,0,,0.84,0.72,1.02,1.08,0,0,0,0,4.72,4.64,4.67,4.80,VMS 3,,Tanque,,1.26,1.32,1.38,1.44,3.72,3.39,4.85,4.86
04/07/2024 01:32 p. m.,Ordeño,05:52,10.14,3,,,,,0,,0.84,0.66,1.02,1.08,0,0,0,0,4.65,4.57,4.63,4.58,VMS 3,,Tanque,,1.26,1.02,1.38,1.38,2.33,2.07,2.81,2.93
04/07/2024 08:25 p. m.,Ordeño,07:56,15.12,4,,TD,,,0,,0.84,0.60,0.90,1.08,0,0,0,0,4.79,4.72,4.82,4.77,VMS 3,,Tanque,,1.26,1.08,1.32,1.44,3.40,2.98,4.26,4.48
05/07/2024 12:25 a. m.,Ordeño,06:18,10.27,1,,TD,,,0,,0.78,0.60,0.90,1.08,0,0,0,0,4.70,4.71,4.69,4.73,VMS 3,,Tanque,,1.20,0.90,1.32,1.56,2.32,2.07,3.01,2.87
05/07/2024 05:47 a. m.,Ordeño,07:48,12.64,2,,,,,0,,0.84,0.60,0.90,1.02,0,0,0,0,4.65,4.73,4.69,4.76,VMS 3,,Tanque,,1.20,0.90,1.38,1.56,2.88,2.31,3.56,3.89
05/07/2024 02:29 p. m.,Ordeño,09:16,19.60,3,,,,,0,,0.84,0.72,0.90,1.02,0,0,0,0,4.77,4.86,4.70,4.83,VMS 3,,Tanque,,1.20,1.14,1.62,1.38,4.50,3.68,5.82,5.60
05/07/2024 09:00 p. m.,Ordeño,07:57,14.54,4,,,,,0,,0.78,0.60,0.84,0.96,0,0,0,0,4.44,4.60,4.48,4.50,VMS 3,,Tanque,,1.14,1.02,1.38,1.38,3.33,2.83,4.23,4.15
06/07/2024 01:03 a. m.,Ordeño,06:20,10.41,1,,TD,,,0,,0.78,0.60,0.84,0.96,0,0,0,0,4.58,4.66,4.69,4.70,VMS 3,,Tanque,,1.14,1.08,1.26,1.38,2.35,2.03,3.06,2.97
06/07/2024 08:42 a. m.,Ordeño,08:21,17.73,2,,TD,,,0,,0.78,0.60,0.96,1.08,0,0,0,0,4.84,4.79,4.85,4.75,VMS 3,,Tanque,,1.14,1.02,1.38,1.56,3.92,3.47,5.19,5.15
06/07/2024 05:30 p. m.,Ordeño,09:23,20.37,3,,,,,0,,0.84,0.72,0.90,1.02,0,0,0,0,4.70,4.86,4.76,4.77,VMS 3,,Tanque,,1.26,1.14,1.26,1.38,4.43,4.00,6.00,5.94
06/07/2024 11:00 p. m.,Ordeño,09:02,13.37,4,,TI,,,0,,0.78,0.66,0.66,0.90,0,0,0,0,4.43,4.53,4.23,4.36,VMS 3,,Tanque,,1.14,1.02,1.14,1.20,2.97,2.54,3.92,3.94
07/07/2024 07:47 a. m.,Ordeño,09:22,20.22,1,,,,,0,,0.84,0.66,0.90,0.96,0,0,0,0,4.58,4.72,4.62,4.63,VMS 3,,Tanque,,1.26,1.08,1.50,1.26,4.56,3.81,6.10,5.75
07/07/2024 01:55 p. m.,Ordeño,08:00,15.58,2,,,,,0,,0.78,0.72,0.90,1.02,0,0,0,0,4.58,4.57,4.50,4.50,VMS 3,,Tanque,,1.14,1.08,1.32,1.38,3.40,3.08,4.54,4.56
07/07/2024 06:32 p. m.,Ordeño,06:02,11.58,3,,TI,,,0,,0.84,0.66,0.90,1.02,0,0,0,0,4.83,4.91,4.84,4.78,VMS 3,,Tanque,,1.26,1.02,1.20,1.38,2.69,2.28,3.11,3.50
07/07/2024 11:12 p. m.,Ordeño,06:20,12.18,4,,,,,0,,0.78,0.66,0.96,1.02,0,0,0,0,4.63,4.63,4.72,4.64,VMS 3,,Tanque,,1.20,1.02,1.32,1.44,2.63,2.30,3.79,3.46
08/07/2024 08:48 a. m.,Ordeño,09:24,21.77,1,,,,,0,,0.84,0.72,0.96,1.02,0,0,0,0,4.71,4.72,4.72,4.61,VMS 3,,Tanque,,1.20,1.08,1.38,1.32,4.73,4.26,6.41,6.37
08/07/2024 12:59 p. m.,Ordeño,06:07,10.91,2,,,,,0,,0.84,0.66,0.96,1.08,0,0,0,0,4.36,4.37,4.33,4.29,VMS 3,,Tanque,,1.14,1.08,1.32,1.38,2.50,2.09,3.27,3.05
08/07/2024 06:26 p. m.,Ordeño,06:53,12.46,3,,,,,0,,0.78,0.60,0.84,1.02,0,0,0,0,4.71,4.71,4.72,4.62,VMS 3,,Tanque,,1.14,0.96,1.38,1.38,2.79,2.42,3.60,3.65
09/07/2024 01:26 a. m.,Ordeño,08:04,17.58,1,,,,,0,,0.84,0.66,0.90,1.02,0,0,0,0,4.65,4.71,4.70,4.64,VMS 3,,Tanque,,1.20,1.14,1.32,1.38,3.97,3.42,5.04,5.15
09/07/2024 09:20 a. m.,Ordeño,08:49,19.61,2,,,,,0,,0.84,0.66,0.96,1.08,0,0,0,0,4.90,4.92,4.91,4.96,VMS 3,,Tanque,,1.14,0.90,1.26,1.38,4.29,3.66,5.81,5.85
09/07/2024 03:09 p. m.,Ordeño,07:59,14.72,3,,TI,,,0,,0.84,0.66,0.90,1.02,0,0,0,0,4.57,4.59,4.63,4.50,VMS 3,,Tanque,,1.20,0.96,1.38,1.44,3.36,2.98,4.09,4.29
09/07/2024 07:47 p. m.,Ordeño,07:39,11.75,4,,,,,0,,0.78,0.60,0.84,0.90,0,0,0,0,4.56,4.65,4.57,4.51,VMS 3,,Tanque,,1.14,0.90,1.20,1.26,2.48,2.12,3.89,3.26
10/07/2024 07:22 a. m.,Ordeño,10:39,26.11,1,,,,,0,,0.90,0.72,1.02,1.02,0,0,0,0,4.88,5.05,4.84,5.05,VMS 3,,Tanque,,1.26,1.08,1.38,1.38,5.42,5.43,7.15,8.11
10/07/2024 11:05 a. m.,Ordeño,06:04,10.63,2,,,,,0,,0.78,0.60,0.90,0.90,0,0,0,0,4.28,4.44,4.40,4.23,VMS 3,,Tanque,,1.08,0.96,1.20,1.14,2.38,2.14,2.97,3.14
10/07/2024 08:02 p. m.,Ordeño,09:22,21.07,3,,,,,0,,0.84,0.60,1.02,0.96,0,0,0,0,4.77,4.70,4.73,4.62,VMS 3,,Tanque,,1.32,0.96,1.38,1.32,4.65,4.00,6.27,6.15
11/07/2024 01:15 a. m.,Ordeño,07:21,14.30,1,,TD,,,0,,0.78,0.60,0.90,0.96,0,0,0,0,4.50,4.58,4.64,4.43,VMS 3,,Tanque,,1.14,1.02,1.44,1.26,3.16,2.84,4.15,4.15
11/07/2024 05:51 a. m.,Ordeño,07:03,12.62,2,,TD,,,0,,0.78,0.60,0.84,0.90,0,0,0,0,4.63,4.65,4.72,4.63,VMS 3,,Tanque,,1.20,0.96,1.26,1.32,2.88,2.45,3.66,3.63
11/07/2024 10:43 a. m.,Ordeño,07:05,12.28,3,,TI,,,0,,0.78,0.54,0.96,0.96,0,0,0,0,4.68,4.66,4.72,4.57,VMS 3,,Tanque,,1.14,0.90,1.38,1.38,2.75,2.38,3.44,3.71
11/07/2024 04:29 p. m.,Ordeño,09:47,13.82,4,,,,,0,,0.84,0.60,0.78,0.96,0,0,0,0,4.75,4.52,0.00,4.74,VMS 2,,Tanque,,1.26,0.90,1.14,1.56,3.01,2.64,3.96,4.21
11/07/2024 10:24 p. m.,Ordeño,09:48,9.59,5,,TD,TI,TI,0,,0.78,0.54,0.00,0.90,0,0,0,0,4.57,4.32,0.00,4.48,VMS 2,,Tanque,,1.08,0.90,0.00,1.38,2.94,2.48,0.00,4.17
12/07/2024 08:08 a. m.,Ordeño,11:50,14.59,1,,,TI,TI,0,,0.84,0.66,0.00,1.02,0,0,0,0,5.07,4.99,0.00,5.28,VMS 2,,Tanque,,1.26,0.96,0.00,1.38,4.53,4.16,0.00,5.90
12/07/2024 01:58 p. m.,Ordeño,11:23,19.87,2,,,,,0,,0.78,0.60,0.90,1.02,0,0,0,0,4.59,4.44,0.00,4.75,VMS 2,,Tanque,,1.20,0.96,1.32,1.50,3.56,3.23,7.73,5.35
12/07/2024 08:53 p. m.,Ordeño,08:06,16.35,3,,,,,0,,0.78,0.66,0.84,0.96,0,0,0,0,4.62,4.43,0.00,4.59,VMS 2,,Tanque,,1.26,1.02,1.20,1.38,3.58,3.17,4.46,5.14
13/07/2024 11:24 a. m.,Ordeño,15:48,27.01,1,,,,,0,,0.84,0.60,0.78,0.72,0,0,0,0,4.81,4.71,0.00,4.69,VMS 2,,Tanque,,1.26,0.96,1.38,1.26,6.44,5.56,6.88,8.13
13/07/2024 06:45 p. m.,Ordeño,09:07,18.33,2,,,,,0,,0.78,0.60,0.90,0.90,0,0,0,0,4.54,4.33,0.00,4.53,VMS 2,,Tanque,,1.26,0.96,1.20,1.32,4.05,3.63,4.70,5.95
14/07/2024 04:10 a. m.,Ordeño,10:36,21.86,1,,,,,0,,0.78,0.60,0.84,0.96,0,0,0,0,4.55,4.42,0.00,4.55,VMS 2,,Tanque,,1.20,1.02,1.20,1.44,4.93,4.27,5.74,6.92
14/07/2024 01:53 p. m.,Ordeño,11:18,21.01,2,,,,,0,,0.96,0.66,0.84,1.02,0,0,0,0,5.00,4.82,0.00,4.94,VMS 2,,Tanque,,1.44,1.02,1.32,1.44,4.78,4.17,5.39,6.67
14/07/2024 05:38 p. m.,Ordeño,07:03,11.32,3,,TI,,,0,,0.72,0.60,0.96,1.02,0,0,0,0,4.21,4.22,0.00,4.47,VMS 2,,Tanque,,1.08,0.90,1.50,1.62,2.69,2.29,3.14,3.20
15/07/2024 08:16 a. m.,Ordeño,12:07,25.01,1,,,,,0,,0.96,0.72,0.96,1.14,0,0,0,0,4.75,4.78,0.00,4.79,VMS 2,,Tanque,,1.26,1.20,1.32,1.62,5.35,5.44,6.80,7.42
15/07/2024 01:02 p. m.,Ordeño,06:41,10.46,2,,,,,0,,0.78,0.66,0.90,0.96,0,0,0,0,4.26,4.11,0.00,4.33,VMS 2,,Tanque,,1.14,1.08,1.26,1.44,2.43,2.19,2.94,2.90
15/07/2024 10:45 p. m.,Ordeño,08:58,14.61,3,,,DD,DD,0,,0.84,0.00,0.96,1.02,0,0,0,0,4.36,0.00,0.00,4.46,VMS 2,,Tanque,,1.38,0.00,1.26,1.50,4.17,0.00,4.88,5.56
16/07/2024 05:10 a. m.,Ordeño,11:38,15.25,1,,TD,,,0,,0.84,0.60,0.78,1.02,0,0,0,0,4.52,4.56,0.00,4.62,VMS 2,,Tanque,,1.26,1.02,1.26,1.38,3.09,4.38,3.42,4.36
16/07/2024 02:37 p. m.,Ordeño,08:51,20.53,2,,,,,0,,0.90,0.78,0.96,1.02,0,0,0,0,5.12,4.55,0.00,5.15,VMS 2,,Tanque,,1.32,1.20,1.26,1.38,4.26,4.58,5.69,6.00
16/07/2024 09:04 p. m.,Ordeño,06:33,12.27,3,,TD,,,0,,0.90,0.66,0.96,1.02,0,0,0,0,4.70,4.27,0.00,4.70,VMS 2,,Tanque,,1.26,1.02,1.26,1.56,2.86,2.27,3.37,3.77
17/07/2024 01:17 a. m.,Ordeño,06:04,8.65,1,,,,,0,,0.78,0.54,0.90,1.02,0,0,0,0,4.48,4.34,0.00,4.58,VMS 2,,Tanque,,1.26,0.90,1.26,1.44,1.90,1.61,2.38,2.76
17/07/2024 06:23 a. m.,Ordeño,07:52,11.89,2,,,,,0,,0.78,0.54,0.84,1.02,0,0,0,0,4.96,4.79,0.00,5.00,VMS 2,,Tanque,,1.26,0.96,1.14,1.74,2.66,2.17,3.17,3.89
17/07/2024 02:25 p. m.,Ordeño,09:22,17.65,3,,,,,0,,0.90,0.72,0.90,1.14,0,0,0,0,5.14,5.07,0.00,4.98,VMS 2,,Tanque,,1.32,1.20,1.32,1.62,3.92,3.42,4.53,5.78
18/07/2024 01:17 a. m.,Ordeño,10:52,22.24,1,,,,,0,,0.90,0.66,0.90,1.02,0,0,0,0,5.09,4.95,0.00,5.18,VMS 2,,Tanque,,1.20,1.20,1.26,1.50,4.92,4.41,5.96,6.95
18/07/2024 07:20 a. m.,Ordeño,08:23,15.68,2,,,,,0,,0.84,0.60,0.84,1.08,0,0,0,0,4.63,4.45,0.00,4.73,VMS 2,,Tanque,,1.20,1.08,1.14,1.50,3.36,2.89,4.19,5.24
18/07/2024 02:55 p. m.,Ordeño,08:31,17.81,3,,TD,,,0,,0.90,0.72,0.90,1.14,0,0,0,0,4.90,4.69,0.00,5.13,VMS 2,,Tanque,,1.26,1.14,1.38,1.68,3.90,3.60,4.92,5.39
19/07/2024 01:32 a. m.,Ordeño,09:18,20.58,1,,,,,0,,0.72,0.72,1.02,1.08,0,0,0,0,4.87,5.06,0.00,5.20,VMS 2,,Tanque,,1.32,1.08,1.38,1.44,4.12,4.38,5.72,6.36
19/07/2024 06:51 a. m.,Ordeño,07:06,11.07,2,,,DI,DI,0,,0.00,0.72,0.96,1.08,0,0,0,0,0.00,4.32,0.00,4.59,VMS 2,,Tanque,,0.00,1.02,1.26,1.50,0.00,2.97,3.87,4.23
19/07/2024 01:52 p. m.,Ordeño,09:51,16.86,3,,,,,0,,0.96,0.60,0.84,1.08,0,0,0,0,5.09,4.78,0.00,4.92,VMS 2,,Tanque,,1.32,1.02,1.14,1.56,5.24,2.83,3.93,4.86
19/07/2024 09:02 p. m.,Ordeño,08:20,17.96,4,,,,,0,,0.90,0.60,0.84,1.02,0,0,0,0,4.81,5.08,0.00,5.35,VMS 2,,Tanque,,1.26,1.02,1.20,1.68,4.41,3.32,5.05,5.18
20/07/2024 07:57 a. m.,Ordeño,09:53,23.01,1,,,,,0,,0.90,0.66,0.90,1.08,0,0,0,0,5.30,5.37,0.00,5.59,VMS 2,,Tanque,,1.38,0.96,1.26,1.44,5.09,4.59,5.84,7.49
20/07/2024 05:05 p. m.,Ordeño,09:30,20.47,2,,,,,0,,0.96,0.60,0.90,1.08,0,0,0,0,4.95,4.82,0.00,5.03,VMS 2,,Tanque,,1.38,0.96,1.26,1.44,4.51,3.92,5.66,6.38
20/07/2024 11:59 p. m.,Ordeño,08:39,16.82,1,,,,,0,,0.84,0.66,0.84,0.96,0,0,0,0,4.71,4.56,0.00,4.67,VMS 2,,Tanque,,1.26,1.02,1.20,1.38,3.64,3.26,4.70,5.22
21/07/2024 07:08 a. m.,Ordeño,08:28,18.65,2,,,,,0,,0.90,0.66,0.90,0.96,0,0,0,0,5.05,4.88,0.00,4.96,VMS 2,,Tanque,,1.38,1.02,1.32,1.44,4.07,3.64,5.33,5.61
21/07/2024 03:31 p. m.,Ordeño,08:42,19.76,3,,,,,0,,0.96,0.72,0.96,1.14,0,0,0,0,4.89,4.83,0.00,5.08,VMS 2,,Tanque,,1.44,1.14,1.32,1.44,3.93,4.06,5.51,6.26
21/07/2024 09:50 p. m.,Ordeño,11:21,10.29,4,,,,,0,,0.78,0.60,0.66,1.02,0,0,0,0,5.15,4.66,0.00,4.75,VMS 2,,Tanque,,1.56,1.14,1.14,1.56,2.10,2.08,2.42,3.69
23/07/2024 04:47 a. m.,Ordeño,10:21,18.72,1,,,DI,,0,,0.72,0.66,0.90,1.02,0,0,0,0,5.02,5.00,0.00,5.24,VMS 2,,Tanque,,1.14,1.02,1.44,1.38,1.52,4.24,6.22,6.74
23/07/2024 09:50 a. m.,Ordeño,07:19,12.23,2,,,,,0,,0.72,0.66,0.96,1.02,0,0,0,0,4.94,4.64,0.00,4.80,VMS 2,,Tanque,,1.20,1.20,1.50,1.50,1.34,2.73,3.99,4.17
23/07/2024 03:39 p. m.,Ordeño,07:15,13.00,3,,,,,0,,0.78,0.66,1.02,1.02,0,0,0,0,5.36,4.82,0.00,5.00,VMS 2,,Tanque,,1.26,1.02,1.38,1.62,1.79,2.76,4.08,4.37
23/07/2024 08:54 p. m.,Ordeño,08:39,11.29,4,,,,,0,,0.78,0.60,0.84,0.96,0,0,0,0,5.36,4.87,0.00,5.02,VMS 2,,Tanque,,1.08,1.02,1.20,1.50,1.74,2.27,3.13,4.15
24/07/2024 07:11 a. m.,Ordeño,10:28,22.70,1,,,,,0,,0.84,0.66,0.96,1.02,0,0,0,0,5.77,5.32,0.00,5.62,VMS 2,,Tanque,,1.26,1.08,1.32,1.62,3.86,4.73,7.05,7.06
24/07/2024 01:48 p. m.,Ordeño,09:05,16.02,2,,,,,0,,0.84,0.72,0.84,1.02,0,0,0,0,5.29,4.73,0.00,4.81,VMS 2,,Tanque,,1.32,1.14,1.20,1.38,2.79,3.28,4.63,5.32
24/07/2024 08:34 p. m.,Ordeño,09:29,15.80,3,,,,,0,,0.78,0.54,0.84,0.96,0,0,0,0,5.16,4.70,0.00,4.99,VMS 2,,Tanque,,1.20,0.96,1.26,1.38,2.96,3.06,4.66,5.12
25/07/2024 01:28 a. m.,Ordeño,07:22,12.99,1,,,,,0,,0.78,0.60,0.90,0.96,0,0,0,0,5.44,5.07,0.00,5.45,VMS 2,,Tanque,,1.20,0.96,1.26,1.26,2.19,2.63,4.00,4.17
25/07/2024 06:52 a. m.,Ordeño,07:20,13.03,2,,,,,0,,0.78,0.60,0.90,1.02,0,0,0,0,5.43,4.87,0.00,5.24,VMS 2,,Tanque,,1.14,0.96,1.20,1.62,2.50,2.47,3.86,4.20
25/07/2024 01:24 p. m.,Ordeño,07:39,14.94,3,,,,,0,,0.84,0.72,0.90,1.02,0,0,0,0,5.29,4.86,0.00,5.10,VMS 2,,Tanque,,1.20,1.08,1.32,1.38,3.03,2.84,4.33,4.74
25/07/2024 06:39 p. m.,Ordeño,08:14,11.58,4,,,,,0,,0.84,0.54,0.84,0.90,0,0,0,0,5.06,4.70,0.00,4.91,VMS 2,,Tanque,,1.32,0.90,1.32,1.32,2.18,2.11,3.34,3.95
26/07/2024 12:24 a. m.,Ordeño,08:25,14.80,1,,,,,0,,0.84,0.60,0.90,0.96,0,0,0,0,5.19,5.07,0.00,5.33,VMS 2,,Tanque,,1.26,0.96,1.20,1.32,2.84,3.05,4.40,4.51
26/07/2024 07:46 a. m.,Ordeño,10:25,17.32,2,,,,,0,,0.84,0.60,0.90,1.08,0,0,0,0,5.18,4.86,0.00,5.12,VMS 2,,Tanque,,1.26,0.96,1.26,1.38,3.60,3.31,4.65,5.76
26/07/2024 03:52 p. m.,Ordeño,10:28,17.77,3,,,,,0,,0.90,0.60,0.90,1.02,0,0,0,0,5.20,4.69,0.00,4.96,VMS 2,,Tanque,,1.32,1.08,1.44,1.38,3.47,3.44,5.14,5.72
26/07/2024 08:28 p. m.,Ordeño,07:25,12.50,4,,TD,,,0,,0.78,0.60,0.90,0.96,0,0,0,0,4.67,4.29,0.00,4.64,VMS 2,,Tanque,,1.20,0.90,1.26,1.62,2.41,2.47,3.97,3.65
27/07/2024 02:11 a. m.,Ordeño,10:18,13.69,1,,TD,,,0,,0.84,0.60,0.84,1.08,0,0,0,0,4.89,4.63,0.00,4.92,VMS 2,,Tanque,,1.20,1.14,1.20,1.56,2.79,2.82,3.46,4.62
27/07/2024 10:27 a. m.,Ordeño,08:37,16.76,2,,,,,0,,0.84,0.66,0.96,1.02,0,0,0,0,5.10,4.74,0.00,4.98,VMS 2,,Tanque,,1.32,0.96,1.38,1.50,3.40,3.21,4.94,5.21
27/07/2024 03:05 p. m.,Ordeño,07:35,11.40,3,,,,,0,,0.84,0.60,0.96,0.96,0,0,0,0,4.75,4.47,0.00,4.71,VMS 2,,Tanque,,1.26,0.96,1.32,1.44,2.18,2.19,3.48,3.55
27/07/2024 09:09 p. m.,Ordeño,07:14,12.91,4,,,,,0,,0.78,0.54,0.90,0.96,0,0,0,0,4.63,4.37,0.00,4.68,VMS 2,,Tanque,,1.20,0.96,1.32,1.44,2.64,2.41,3.77,4.09
28/07/2024 08:23 a. m.,Ordeño,10:34,22.55,1,,,,,0,,0.84,0.60,0.90,1.02,0,0,0,0,5.16,4.78,0.00,5.08,VMS 2,,Tanque,,1.26,1.02,1.26,1.50,4.69,4.27,6.23,7.36
28/07/2024 03:00 p. m.,Ordeño,08:16,14.90,2,,TI,,,0,,0.84,0.66,0.96,1.02,0,0,0,0,4.80,4.45,0.00,4.64,VMS 2,,Tanque,,1.26,1.14,1.44,1.38,3.01,2.78,4.20,4.91
28/07/2024 08:35 p. m.,Ordeño,07:38,12.00,3,,TD,,,0,,0.72,0.60,0.78,0.90,0,0,0,0,4.88,4.47,0.00,4.77,VMS 2,,Tanque,,1.14,0.90,1.14,1.50,2.29,2.40,3.54,3.77
29/07/2024 04:48 a. m.,Ordeño,09:19,18.97,1,,,,,0,,0.84,0.66,0.90,1.02,0,0,0,0,5.16,4.85,0.00,5.14,VMS 2,,Tanque,,1.26,1.08,1.20,2.04,3.81,3.79,5.18,6.19
29/07/2024 11:02 a. m.,Ordeño,07:12,13.95,2,,TD,,,0,,0.78,0.66,0.90,0.90,0,0,0,0,4.77,4.51,0.00,4.73,VMS 2,,Tanque,,1.14,1.08,1.20,1.62,2.80,2.85,4.14,4.16
29/07/2024 09:02 p. m.,Ordeño,11:09,20.97,3,,,,,0,,0.78,0.60,0.84,0.84,0,0,0,0,5.10,4.86,0.00,5.16,VMS 2,,Tanque,,1.20,0.96,1.26,1.32,4.20,4.17,5.81,6.79
30/07/2024 04:39 a. m.,Ordeño,13:07,16.94,1,,TD,,,0,,0.78,0.60,0.84,0.54,0,0,0,0,5.18,5.00,0.00,5.23,VMS 2,,Tanque,,1.14,0.96,1.20,1.02,3.51,3.52,4.99,4.92
30/07/2024 03:19 p. m.,Ordeño,11:38,25.10,2,,,,,0,,0.78,0.66,0.90,1.08,0,0,0,0,5.18,4.82,0.00,5.13,VMS 2,,Tanque,,1.20,1.14,1.32,1.56,4.69,4.86,6.94,8.61
30/07/2024 09:08 p. m.,Ordeño,08:52,13.03,3,,,,,0,,0.72,0.60,0.72,0.96,0,0,0,0,4.47,4.30,0.00,4.42,VMS 2,,Tanque,,1.14,0.96,1.38,1.62,2.64,2.72,3.25,4.42
31/07/2024 05:52 a. m.,Ordeño,09:15,18.64,1,,,,,0,,0.78,0.60,0.84,1.08,0,0,0,0,5.21,5.11,0.00,5.39,VMS 2,,Tanque,,1.26,0.96,1.26,1.62,3.86,3.48,5.36,5.94
31/07/2024 01:27 p. m.,Ordeño,09:16,16.07,2,,,,,0,,0.78,0.66,0.78,1.08,0,0,0,0,5.29,5.24,0.00,5.50,VMS 2,,Tanque,,1.20,1.02,1.20,1.50,3.25,3.13,4.24,5.45
31/07/2024 08:55 p. m.,Ordeño,10:18,12.23,3,,,TI,TI,0,,0.78,0.66,0.00,0.96,0,0,0,0,4.97,4.84,0.00,5.13,VMS 2,,Tanque,,1.20,1.26,0.00,1.38,3.53,3.19,0.00,5.51
01/08/2024 02:05 a. m.,Ordeño,09:22,13.26,1,,,,,0,,0.72,0.54,0.72,0.96,0,0,0,0,4.98,4.83,0.00,5.21,VMS 2,,Tanque,,1.02,0.90,1.08,1.44,2.50,2.63,4.07,4.06
01/08/2024 08:44 a. m.,Ordeño,08:54,16.22,2,,,,,0,,0.72,0.60,0.84,1.02,0,0,0,0,5.10,4.81,0.00,5.29,VMS 2,,Tanque,,1.08,0.96,1.20,1.38,3.41,3.39,4.77,4.65
01/08/2024 02:40 p. m.,Ordeño,06:56,14.13,3,,,,,0,,0.78,0.72,0.96,1.14,0,0,0,0,4.92,4.70,0.00,5.19,VMS 2,,Tanque,,1.26,1.08,1.32,1.56,2.91,2.78,3.93,4.51
01/08/2024 08:34 p. m.,Ordeño,08:10,13.16,4,,,,,0,,0.78,0.54,0.84,0.96,0,0,0,0,4.84,4.58,0.00,4.89,VMS 2,,Tanque,,1.20,0.90,1.26,1.50,2.64,2.67,3.29,4.56
02/08/2024 04:06 a. m.,Ordeño,08:40,16.87,1,,,,,0,,0.72,0.54,0.90,0.96,0,0,0,0,4.83,4.74,0.00,4.97,VMS 2,,Tanque,,1.14,0.96,1.26,1.32,3.71,3.07,4.91,5.18
02/08/2024 11:44 a. m.,Ordeño,08:47,17.23,2,,,,,0,,0.78,0.66,1.02,1.08,0,0,0,0,4.93,4.72,0.00,5.04,VMS 2,,Tanque,,1.26,1.08,1.32,1.56,3.44,3.25,4.72,5.82
02/08/2024 06:34 p. m.,Ordeño,09:40,16.69,3,,,,,0,,0.78,0.60,0.90,1.02,0,0,0,0,4.68,4.52,0.00,4.70,VMS 2,,Tanque,,1.26,1.02,1.32,1.38,3.54,3.30,4.50,5.35
03/08/2024 12:52 a. m.,Ordeño,09:05,15.82,1,,,,,0,,0.84,0.60,0.90,1.08,0,0,0,0,5.08,4.87,0.00,5.13,VMS 2,,Tanque,,1.26,0.96,1.26,1.44,3.06,3.04,4.19,5.53
03/08/2024 06:58 a. m.,Ordeño,08:09,15.46,2,,,,,0,,0.84,0.60,0.96,1.08,0,0,0,0,4.89,4.74,0.00,5.13,VMS 2,,Tanque,,1.20,0.96,1.20,1.50,3.15,3.04,4.50,4.77
03/08/2024 01:20 p. m.,Ordeño,09:24,15.20,3,,,,,0,,0.90,0.60,0.96,1.14,0,0,0,0,4.93,4.67,0.00,4.92,VMS 2,,Tanque,,1.32,1.02,1.32,1.56,3.13,2.86,4.09,5.12
03/08/2024 05:54 p. m.,Ordeño,07:06,6.93,4,,,TI,TI,0,,0.84,0.66,0.00,0.90,0,0,0,0,5.00,4.87,0.00,5.32,VMS 2,,Tanque,,1.20,0.96,0.00,1.50,2.01,2.09,0.00,2.83
03/08/2024 09:13 p. m.,Ordeño,08:07,11.76,5,,,,,0,,0.72,0.60,0.96,0.96,0,0,0,0,4.80,4.60,0.00,4.99,VMS 2,,Tanque,,1.02,0.96,1.32,1.38,1.83,1.78,5.05,3.10
04/08/2024 06:47 a. m.,Ordeño,10:54,22.13,1,,,,,0,,0.78,0.60,0.96,1.08,0,0,0,0,5.09,4.85,0.00,5.27,VMS 2,,Tanque,,1.08,0.90,1.38,1.50,4.47,4.00,6.18,7.48
04/08/2024 04:21 p. m.,Ordeño,09:50,21.36,2,,,,,0,,0.78,0.60,0.96,1.02,0,0,0,0,4.66,4.57,0.00,4.89,VMS 2,,Tanque,,1.14,1.02,1.44,1.44,4.49,3.98,6.25,6.64
04/08/2024 10:17 p. m.,Ordeño,08:40,9.82,3,,,TI,TI,0,,0.78,0.54,0.00,0.96,0,0,0,0,4.49,4.18,0.00,4.39,VMS 2,,Tanque,,1.14,0.84,0.00,1.56,2.77,2.70,0.00,4.35
05/08/2024 05:35 a. m.,Ordeño,09:48,18.51,1,,,,,0,,0.72,0.48,1.02,1.08,0,0,0,0,4.61,4.47,0.00,4.87,VMS 2,,Tanque,,1.20,0.84,1.32,1.38,3.36,2.90,7.04,5.21
05/08/2024 12:41 p. m.,Ordeño,09:31,16.98,2,,,,,0,,0.78,0.48,0.96,1.02,0,0,0,0,4.57,4.36,0.00,4.62,VMS 2,,Tanque,,1.14,0.84,1.20,1.50,3.44,3.04,5.16,5.34
05/08/2024 05:53 p. m.,Ordeño,10:32,13.10,3,,,,,0,,0.78,0.54,0.78,0.96,0,0,0,0,4.63,4.42,0.00,4.83,VMS 2,,Tanque,,1.32,0.84,1.20,1.44,2.74,2.71,3.22,4.43
06/08/2024 01:10 a. m.,Ordeño,12:03,15.06,1,,,,,0,,0.72,0.48,0.72,0.90,0,0,0,0,4.78,4.58,0.00,4.95,VMS 2,,Tanque,,1.32,0.78,1.14,1.32,3.08,2.79,4.09,5.10
06/08/2024 11:54 a. m.,Ordeño,12:51,23.25,2,,,,,0,,0.84,0.54,0.90,1.02,0,0,0,0,4.79,4.54,0.00,4.93,VMS 2,,Tanque,,1.32,0.90,1.20,1.38,4.96,4.20,6.17,7.92
06/08/2024 08:28 p. m.,Ordeño,10:51,14.24,3,,,TI,TI,0,,0.84,0.66,0.00,1.02,0,0,0,0,4.53,4.36,0.00,4.59,VMS 2,,Tanque,,2.22,1.14,0.00,1.38,3.94,3.87,0.00,6.43
07/08/2024 01:05 a. m.,Ordeño,12:27,16.76,1,,,,,0,,0.72,0.54,0.90,0.90,0,0,0,0,4.44,4.17,0.00,4.67,VMS 2,,Tanque,,1.14,0.96,1.32,1.20,2.80,2.50,7.71,3.75
07/08/2024 09:10 a. m.,Ordeño,10:08,19.06,2,,,,,0,,0.78,0.60,0.90,1.02,0,0,0,0,4.91,4.69,0.00,5.05,VMS 2,,Tanque,,1.14,0.96,1.26,1.38,3.85,3.45,5.69,6.07
07/08/2024 01:10 p. m.,Ordeño,06:23,9.57,3,,,,,0,,0.72,0.54,1.02,0.90,0,0,0,0,4.51,4.31,4.70,0.00,VMS 2,,Tanque,,1.02,0.84,1.38,1.20,2.04,1.88,3.11,2.54
07/08/2024 06:28 p. m.,Ordeño,06:44,11.45,4,,,,,0,,0.72,0.60,0.84,0.96,0,0,0,0,4.76,4.70,0.00,4.89,VMS 2,,Tanque,,1.02,0.90,1.20,1.32,2.54,2.28,2.83,3.80
07/08/2024 11:30 p. m.,Ordeño,07:17,8.66,5,,,TI,TI,0,,0.66,0.54,0.00,0.96,0,0,0,0,4.55,4.49,0.00,4.71,VMS 2,,Tanque,,1.02,0.90,0.00,1.74,2.44,2.22,0.00,4.00
08/08/2024 04:25 a. m.,Ordeño,07:48,8.44,1,,,TI,TI,0,,0.66,0.48,0.00,0.96,0,0,0,0,4.77,4.57,0.00,4.77,VMS 2,,Tanque,,1.02,0.90,0.00,1.26,2.35,2.24,0.00,3.85
08/08/2024 07:04 a. m.,Ordeño,09:07,10.25,2,,,,,0,,0.60,0.54,0.96,0.90,0,0,0,0,4.56,4.46,0.00,4.70,VMS 2,,Tanque,,1.08,1.02,1.26,1.44,1.19,1.28,5.82,1.96
08/08/2024 01:49 p. m.,Ordeño,08:51,14.33,3,,TD,,,0,,0.72,0.54,0.90,0.96,0,0,0,0,4.98,4.83,0.00,5.01,VMS 2,,Tanque,,1.08,0.96,1.32,1.50,3.02,2.58,4.06,4.67
08/08/2024 09:20 p. m.,Ordeño,10:17,16.25,4,,,,,0,,0.72,0.54,0.84,0.96,0,0,0,0,4.78,4.71,0.00,4.95,VMS 2,,Tanque,,1.08,0.90,1.20,1.38,3.68,3.00,4.03,5.54
09/08/2024 02:37 a. m.,Ordeño,09:11,13.06,1,,,,,0,,0.78,0.54,0.84,0.96,0,0,0,0,4.49,4.37,0.00,4.76,VMS 2,,Tanque,,1.08,0.90,1.20,1.44,2.87,2.67,3.36,4.16
09/08/2024 09:41 a. m.,Ordeño,09:26,11.74,2,,,TI,TI,0,,0.72,0.54,0.00,1.08,0,0,0,0,4.96,4.84,0.00,5.29,VMS 2,,Tanque,,1.08,0.78,0.00,1.50,3.36,3.19,0.00,5.19
09/08/2024 05:36 p. m.,Ordeño,09:51,19.59,3,,,,,0,,0.78,0.60,1.02,1.02,0,0,0,0,4.75,4.72,0.00,4.95,VMS 2,,Tanque,,1.20,0.96,1.38,1.38,3.88,3.64,6.34,5.73
09/08/2024 10:32 p. m.,Ordeño,08:25,8.91,4,,,TI,TI,0,,0.72,0.54,0.00,1.02,0,0,0,0,4.32,4.26,0.00,4.61,VMS 2,,Tanque,,1.02,0.84,0.00,1.68,2.58,2.37,0.00,3.96
10/08/2024 06:56 a. m.,Ordeño,09:46,20.03,1,,,,,0,,0.72,0.66,0.96,1.02,0,0,0,0,4.89,4.86,0.00,5.15,VMS 2,,Tanque,,1.08,0.96,1.44,1.44,3.93,3.64,6.49,5.97
10/08/2024 01:43 p. m.,Ordeño,09:05,16.46,2,,,,,0,,0.78,0.60,0.90,1.02,0,0,0,0,4.73,4.74,0.00,4.89,VMS 2,,Tanque,,1.14,0.90,1.26,1.56,3.36,3.01,4.68,5.41
10/08/2024 08:19 p. m.,Ordeño,09:33,10.92,3,,,TI,TI,0,,0.72,0.54,0.00,0.96,0,0,0,0,4.74,4.60,0.00,4.89,VMS 2,,Tanque,,1.14,0.96,0.00,1.38,2.82,2.94,0.00,5.16
11/08/2024 04:00 a. m.,Ordeño,12:43,13.29,1,,,TD,TD,0,,0.78,0.54,1.02,0.00,0,0,0,0,4.74,4.68,0.00,0.00,VMS 2,,Tanque,,1.26,0.90,1.50,0.00,3.86,3.44,5.99,0.00
11/08/2024 09:30 a. m.,Ordeño,10:30,19.27,2,,,,,0,,0.78,0.60,0.96,1.08,0,0,0,0,4.62,4.47,0.00,5.02,VMS 2,,Tanque,,1.14,1.02,1.38,1.44,3.07,2.92,4.61,8.67
11/08/2024 03:10 p. m.,Ordeño,08:17,14.05,3,,,,,0,,0.72,0.60,0.90,0.96,0,0,0,0,4.69,4.45,0.00,4.40,VMS 2,,Tanque,,1.14,0.96,1.26,1.50,2.69,2.64,3.69,5.03
11/08/2024 09:42 p. m.,Ordeño,11:06,9.93,4,,,TI,TI,0,,0.72,0.54,0.00,0.96,0,0,0,0,4.75,4.84,0.00,4.78,VMS 2,,Tanque,,1.02,0.90,0.00,1.44,3.12,2.16,0.00,4.65
12/08/2024 02:18 a. m.,Ordeño,10:17,14.71,1,,,,,0,,0.72,0.60,0.90,1.02,0,0,0,0,4.63,4.54,0.00,4.92,VMS 2,,Tanque,,1.32,1.02,1.26,1.56,2.65,2.81,5.46,3.79
12/08/2024 09:31 a. m.,Ordeño,09:00,17.46,2,,,,,0,,0.78,0.60,0.96,1.08,0,0,0,0,5.17,4.96,0.00,5.51,VMS 2,,Tanque,,1.14,1.02,1.32,1.44,3.52,3.24,5.35,5.35
12/08/2024 03:41 p. m.,Ordeño,09:51,14.21,3,,,,,0,,0.78,0.60,0.84,1.02,0,0,0,0,4.71,4.57,0.00,5.08,VMS 2,,Tanque,,1.20,1.08,1.14,1.44,3.26,2.88,3.46,4.61
12/08/2024 10:54 p. m.,Ordeño,08:42,16.24,4,,,,,0,,0.78,0.54,0.90,0.96,0,0,0,0,4.68,4.58,0.00,4.93,VMS 2,,Tanque,,1.20,1.02,1.26,1.44,3.41,3.00,4.72,5.11
13/08/2024 04:08 a. m.,Ordeño,09:05,9.55,1,,,TI,TI,0,,0.72,0.60,0.00,0.96,0,0,0,0,4.94,4.84,0.00,5.11,VMS 2,,Tanque,,1.20,0.84,0.00,1.50,2.72,2.49,0.00,4.34
13/08/2024 10:14 a. m.,Ordeño,11:10,17.45,2,,,,,0,,0.72,0.54,1.02,1.08,0,0,0,0,4.94,4.84,0.00,5.11,VMS 2,,Tanque,,1.02,0.90,1.38,1.56,3.26,2.81,6.54,4.84
13/08/2024 03:06 p. m.,Ordeño,07:03,8.68,3,,,TI,TI,0,,0.78,0.60,0.00,1.14,0,0,0,0,4.40,4.33,0.00,4.86,VMS 2,,Tanque,,1.08,0.96,0.00,1.56,2.58,2.56,0.00,3.54
13/08/2024 09:42 p. m.,Ordeño,12:01,16.04,4,,TI,,,0,,0.66,0.54,0.66,0.96,0,0,0,0,4.84,4.75,0.00,5.00,VMS 2,,Tanque,,1.02,0.90,1.32,1.44,2.92,2.51,6.15,4.46
14/08/2024 02:19 a. m.,Ordeño,12:06,7.90,1,,,TD,TD,0,,0.72,0.48,1.02,0.00,0,0,0,0,4.84,4.88,5.14,0.00,VMS 2,,Tanque,,1.08,0.84,1.44,0.00,2.09,2.00,3.81,0.00
14/08/2024 10:34 a. m.,Ordeño,10:31,20.62,2,,,,,0,,0.72,0.60,1.08,0.96,0,0,0,0,5.23,5.06,0.00,5.40,VMS 2,,Tanque,,1.14,0.96,1.68,1.44,3.85,3.41,7.68,5.68
14/08/2024 04:59 p. m.,Ordeño,08:24,16.88,3,,,,,0,,0.72,0.60,1.02,0.96,0,0,0,0,4.77,4.71,0.00,4.95,VMS 2,,Tanque,,1.14,1.02,1.32,1.32,3.64,3.15,4.96,5.13
15/08/2024 12:16 a. m.,Ordeño,09:58,15.22,1,,,,,0,,0.72,0.48,0.90,0.96,0,0,0,0,4.77,4.60,0.00,4.83,VMS 2,,Tanque,,1.14,0.78,1.32,1.56,3.18,2.78,3.98,5.28
15/08/2024 09:00 a. m.,Ordeño,09:53,21.90,2,,,,,0,,0.84,0.66,1.02,1.02,0,0,0,0,4.97,4.99,0.00,5.27,VMS 2,,Tanque,,1.26,1.20,1.38,1.50,4.76,4.18,5.98,6.98
15/08/2024 02:56 p. m.,Ordeño,08:56,10.65,3,,,TI,TI,0,,0.78,0.66,0.00,1.02,0,0,0,0,4.70,4.48,0.00,4.85,VMS 2,,Tanque,,1.08,0.96,0.00,1.68,2.92,3.06,0.00,4.67
15/08/2024 10:28 p. m.,Ordeño,12:57,17.93,4,,,,,0,,0.90,0.54,0.90,0.96,0,0,0,0,4.43,4.44,0.00,4.59,VMS 2,,Tanque,,2.64,0.84,1.38,1.38,3.72,2.96,5.94,5.31
16/08/2024 10:27 a. m.,Ordeño,12:22,25.19,1,,,,,0,,0.84,0.60,0.96,1.02,0,0,0,0,5.10,4.99,0.00,5.31,VMS 2,,Tanque,,1.26,1.08,1.32,1.44,5.28,4.55,7.21,8.15
16/08/2024 06:31 p. m.,Ordeño,11:01,17.05,2,,,,,0,,0.72,0.48,0.90,1.02,0,0,0,0,4.53,4.37,0.00,4.67,VMS 2,,Tanque,,1.14,0.78,1.26,1.38,3.72,3.22,4.54,5.57
17/08/2024 01:19 a. m.,Ordeño,09:31,11.23,1,,,TI,TI,0,,0.78,0.54,0.00,0.90,0,0,0,0,4.53,4.38,0.00,4.81,VMS 2,,Tanque,,1.20,0.84,0.00,1.26,3.23,3.16,0.00,4.84
17/08/2024 10:33 a. m.,Ordeño,10:11,22.84,2,,,,,0,,0.78,0.66,1.08,1.02,0,0,0,0,5.13,4.84,0.00,5.26,VMS 2,,Tanque,,1.20,1.02,1.74,1.44,4.41,4.12,7.87,6.44
17/08/2024 05:17 p. m.,Ordeño,09:13,15.10,3,,,,,0,,0.78,0.60,0.90,0.90,0,0,0,0,4.59,4.43,0.00,4.59,VMS 2,,Tanque,,1.14,0.90,1.20,1.44,3.22,2.87,4.13,4.88
17/08/2024 11:41 p. m.,Ordeño,10:23,14.64,4,,,,,0,,0.78,0.60,0.90,0.96,0,0,0,0,5.08,4.85,0.00,5.07,VMS 2,,Tanque,,1.32,0.96,1.32,1.38,2.91,2.96,3.74,5.03
18/08/2024 05:59 a. m.,Ordeño,09:26,11.16,1,,,TI,TI,0,,0.78,0.54,0.00,1.02,0,0,0,0,5.01,4.91,0.00,5.27,VMS 2,,Tanque,,1.26,0.84,0.00,1.50,3.38,2.86,0.00,4.92
18/08/2024 12:22 p. m.,Ordeño,09:54,16.68,2,,,,,0,,0.72,0.66,1.02,0.96,0,0,0,0,5.01,4.69,0.00,4.99,VMS 2,,Tanque,,1.20,1.08,1.32,1.32,2.99,2.94,6.43,4.32
18/08/2024 06:10 p. m.,Ordeño,06:47,11.35,3,,,,,0,,0.72,0.54,1.02,0.90,0,0,0,0,4.87,4.49,0.00,4.79,VMS 2,,Tanque,,1.14,0.90,1.38,1.38,2.30,2.00,3.83,3.22
19/08/2024 12:28 a. m.,Ordeño,09:16,9.73,1,,TD,TI,TI,0,,0.72,0.54,0.00,0.84,0,0,0,0,4.82,4.60,0.00,4.71,VMS 2,,Tanque,,1.08,0.96,0.00,1.44,2.61,2.56,0.00,4.56
19/08/2024 06:52 a. m.,Ordeño,11:22,15.61,2,,,,,0,,0.78,0.60,0.84,0.90,0,0,0,0,5.06,4.80,0.00,4.86,VMS 2,,Tanque,,1.14,0.96,1.20,1.56,2.94,2.72,5.15,4.80
19/08/2024 04:39 p. m.,Ordeño,11:06,20.34,3,,,,,0,,0.78,0.60,0.90,0.96,0,0,0,0,5.37,5.10,0.00,5.18,VMS 2,,Tanque,,1.14,0.90,1.38,1.50,4.24,3.87,5.48,6.75
19/08/2024 09:47 p. m.,Ordeño,09:11,10.39,4,,,TI,TI,0,,0.78,0.54,0.00,0.90,0,0,0,0,4.93,4.62,0.00,4.86,VMS 2,,Tanque,,1.14,0.96,0.00,1.44,2.79,2.86,0.00,4.74
20/08/2024 02:20 a. m.,Ordeño,12:18,12.66,1,,,,,0,,0.72,0.54,0.84,0.72,0,0,0,0,4.87,4.62,0.00,5.10,VMS 2,,Tanque,,1.08,0.84,1.32,1.20,2.27,2.15,5.22,3.02
20/08/2024 12:43 p. m.,Ordeño,11:36,15.27,2,,,TI,TI,0,,0.72,0.54,0.00,0.96,0,0,0,0,5.10,4.91,0.00,5.15,VMS 2,,Tanque,,1.20,0.96,0.00,1.50,4.33,3.75,0.00,7.19
20/08/2024 06:54 p. m.,Ordeño,10:39,17.84,3,,,,,0,,0.72,0.54,0.96,0.84,0,0,0,0,4.71,4.44,0.00,4.59,VMS 2,,Tanque,,1.08,0.84,1.32,1.20,3.39,3.50,5.50,5.45
21/08/2024 02:29 a. m.,Ordeño,11:28,10.69,1,,,TI,TI,0,,0.66,0.48,0.00,0.90,0,0,0,0,4.62,4.38,0.00,4.51,VMS 2,,Tanque,,0.96,0.84,0.00,1.32,2.98,2.58,0.00,5.13
21/08/2024 07:27 a. m.,Ordeño,12:55,15.53,2,,,,,0,,0.72,0.54,0.96,0.96,0,0,0,0,4.95,4.37,0.00,4.86,VMS 2,,Tanque,,1.08,1.02,1.38,1.38,2.62,2.91,5.67,4.33
21/08/2024 06:28 p. m.,Ordeño,11:14,24.56,3,,,,,0,,0.72,0.60,1.08,0.84,0,0,0,0,5.23,5.04,4.88,5.35,VMS 3,,Tanque,,1.08,0.90,1.44,1.26,5.25,4.72,7.49,7.10
22/08/2024 12:57 a. m.,Ordeño,08:26,17.20,1,,,,,0,,0.72,0.54,1.02,0.90,0,0,0,0,4.48,4.65,4.55,4.88,VMS 3,,Tanque,,1.20,1.02,1.38,1.32,3.86,3.17,4.68,5.49
22/08/2024 09:06 a. m.,Ordeño,08:53,18.38,2,,,,,0,,0.72,0.60,1.08,0.90,0,0,0,0,4.94,4.99,5.15,5.14,VMS 3,,Tanque,,1.08,1.08,1.44,1.32,3.88,3.71,5.07,5.72
22/08/2024 02:18 p. m.,Ordeño,07:02,12.34,3,,,,,0,,0.72,0.60,0.96,0.90,0,0,0,0,4.43,4.66,4.97,4.70,VMS 3,,Tanque,,0.96,0.90,1.32,1.32,2.66,2.41,3.12,4.15
22/08/2024 10:23 p. m.,Ordeño,08:10,15.37,4,,,,,0,,0.66,0.54,1.02,0.84,0,0,0,0,4.60,4.74,4.88,4.81,VMS 3,,Tanque,,0.96,0.78,1.44,1.26,3.27,2.93,4.45,4.72
23/08/2024 05:28 a. m.,Ordeño,08:31,15.55,1,,,,,0,,0.66,0.54,0.96,0.90,0,0,0,0,4.48,4.67,4.74,4.60,VMS 3,,Tanque,,0.96,0.90,1.44,1.20,3.14,3.03,4.34,5.04
23/08/2024 01:37 p. m.,Ordeño,07:00,13.30,2,,Todos,,,0,,0.72,0.54,1.02,0.84,0,0,0,0,4.89,4.94,5.08,4.99,VMS 3,,Tanque,,1.08,0.90,1.38,1.26,3.00,2.24,4.41,3.65
23/08/2024 10:50 p. m.,Ordeño,10:48,22.92,3,,,,,0,,0.78,0.60,1.08,0.96,0,0,0,0,4.78,4.90,4.95,4.73,VMS 3,,Tanque,,1.20,0.96,1.62,1.32,4.81,4.59,6.09,7.43
24/08/2024 06:20 a. m.,Ordeño,09:25,17.44,1,,,,,0,,0.72,0.54,1.08,1.02,0,0,0,0,4.39,4.40,4.73,4.24,VMS 3,,Tanque,,1.08,0.78,1.38,1.38,3.58,3.47,4.87,5.52
24/08/2024 03:05 p. m.,Ordeño,09:11,18.67,2,,,,,0,,0.72,0.54,1.02,1.02,0,0,0,0,4.89,4.71,5.03,4.73,VMS 3,,Tanque,,1.14,0.78,1.32,1.38,3.99,3.44,5.40,5.84
24/08/2024 11:36 p. m.,Ordeño,09:20,17.01,3,,,,,0,,0.66,0.48,1.02,0.90,0,0,0,0,4.97,4.68,4.79,4.72,VMS 3,,Tanque,,1.08,0.78,1.44,1.32,3.42,3.14,5.14,5.31
25/08/2024 05:40 a. m.,Ordeño,08:01,14.63,1,,,,,0,,0.72,0.54,1.02,1.02,0,0,0,0,4.67,4.53,4.62,4.68,VMS 3,,Tanque,,1.08,0.90,1.50,1.50,2.98,2.91,4.14,4.60
25/08/2024 02:46 p. m.,Ordeño,08:41,20.86,2,,,,,0,,0.78,0.66,1.14,1.14,0,0,0,0,5.32,5.11,5.22,5.25,VMS 3,,Tanque,,1.14,1.02,1.68,1.62,4.30,3.94,6.00,6.62
26/08/2024 12:07 a. m.,Ordeño,09:11,19.70,1,,,,,0,,0.84,0.60,1.08,1.14,0,0,0,0,4.64,4.63,4.67,4.75,VMS 3,,Tanque,,1.20,1.14,1.62,1.44,3.84,3.84,5.73,6.29
26/08/2024 07:10 a. m.,Ordeño,08:12,15.21,2,,,,,0,,0.72,0.54,1.02,1.02,0,0,0,0,4.82,4.70,4.78,4.93,VMS 3,,Tanque,,1.02,0.84,1.38,1.32,2.89,3.04,4.44,4.84
26/08/2024 04:10 p. m.,Ordeño,08:37,19.00,3,,,,,0,,0.78,0.60,1.08,1.08,0,0,0,0,5.19,5.07,5.14,4.84,VMS 3,,Tanque,,1.14,0.96,1.44,1.50,3.91,3.55,5.53,6.01
27/08/2024 01:19 a. m.,Ordeño,08:51,20.68,1,,,,,0,,0.78,0.66,1.08,1.08,0,0,0,0,4.89,4.76,4.90,4.68,VMS 3,,Tanque,,1.14,0.90,1.44,1.56,4.23,3.93,5.91,6.61
27/08/2024 09:25 a. m.,Ordeño,08:55,21.00,2,,,,,0,,0.84,0.66,1.14,1.14,0,0,0,0,4.66,4.61,4.72,4.71,VMS 3,,Tanque,,1.14,1.08,1.50,1.68,4.38,3.92,5.93,6.77
27/08/2024 05:35 p. m.,Ordeño,08:33,20.06,3,,,,,0,,0.96,0.66,1.08,1.20,0,0,0,0,4.79,4.68,4.74,4.61,VMS 3,,Tanque,,1.32,1.08,1.50,1.62,4.07,3.83,5.59,6.57
28/08/2024 04:04 a. m.,Ordeño,09:27,22.08,1,,,,,0,,0.90,0.66,1.08,1.08,0,0,0,0,4.83,4.74,4.75,4.70,VMS 3,,Tanque,,1.14,1.02,1.56,1.56,4.61,4.18,6.34,6.95
28/08/2024 07:53 a. m.,Ordeño,05:40,9.57,2,,,,,0,,0.72,0.60,1.02,1.08,0,0,0,0,4.17,4.27,4.41,4.23,VMS 3,,Tanque,,1.14,0.90,1.32,1.56,1.89,1.89,2.52,3.27
28/08/2024 03:48 p. m.,Ordeño,07:45,17.91,3,,,,,0,,0.90,0.66,1.08,1.08,0,0,0,0,5.00,4.97,4.96,5.37,VMS 3,,Tanque,,1.32,1.02,1.50,1.44,3.81,3.39,5.18,5.53
28/08/2024 08:25 p. m.,Ordeño,05:47,10.85,4,,,,,0,,0.84,0.78,1.02,1.02,0,0,0,0,4.74,4.24,4.75,4.57,VMS 3,,Tanque,,1.14,2.04,1.32,1.38,2.17,2.54,2.83,3.31
29/08/2024 05:12 a. m.,Ordeño,09:55,20.88,1,,,,,0,,0.84,0.60,1.14,1.08,0,0,0,0,4.97,4.81,4.88,4.84,VMS 3,,Tanque,,1.26,0.90,1.44,1.56,4.39,3.89,6.03,6.57
29/08/2024 12:28 p. m.,Ordeño,07:31,16.14,2,,,,,0,,0.84,0.66,1.02,1.02,0,0,0,0,4.51,4.55,4.61,4.48,VMS 3,,Tanque,,1.26,0.96,1.38,1.56,3.43,3.09,4.52,5.10
29/08/2024 08:26 p. m.,Ordeño,10:00,21.68,3,,,,,0,,0.90,1.14,1.14,0.84,0,0,0,0,4.75,5.21,4.75,4.58,VMS 3,,Tanque,,1.32,1.74,1.44,1.32,4.11,6.85,5.42,5.30
30/08/2024 07:06 a. m.,Ordeño,10:13,28.17,1,,,,,0,,0.90,1.26,1.08,1.14,0,0,0,0,4.57,4.83,4.65,4.51,VMS 3,,Tanque,,1.38,2.94,1.38,1.68,5.05,8.28,7.02,7.82
30/08/2024 04:11 p. m.,Ordeño,08:39,20.05,2,,,,,0,TD,0.90,0.66,1.14,1.08,0,0,0,0,4.60,4.31,4.65,5.14,VMS 3,,Tanque,,1.26,0.96,1.56,1.50,4.02,3.84,5.90,6.29
31/08/2024 02:02 a. m.,Ordeño,08:52,21.21,1,,,,,0,,0.84,0.72,1.14,1.20,0,0,0,0,4.50,4.43,4.60,4.88,VMS 3,,Tanque,,1.26,1.14,1.50,1.56,4.52,4.05,6.26,6.38
31/08/2024 08:23 a. m.,Ordeño,06:55,13.79,2,,,,,0,,0.96,0.66,1.08,1.20,0,0,0,0,4.47,4.48,4.64,4.64,VMS 3,,Tanque,,1.26,0.96,1.44,1.56,3.02,2.68,3.92,4.17
31/08/2024 01:32 p. m.,Ordeño,05:56,11.04,3,,,,,0,,0.90,0.60,0.96,1.14,0,0,0,0,4.68,4.72,4.80,4.90,VMS 3,,Tanque,,1.26,0.90,1.32,1.56,2.46,2.11,2.96,3.51
31/08/2024 07:57 p. m.,Ordeño,07:16,14.95,4,,,,,0,,0.90,0.66,1.02,1.14,0,0,0,0,5.04,5.03,4.97,5.27,VMS 3,,Tanque,,1.26,0.96,1.38,1.56,3.30,2.76,4.22,4.67
01/09/2024 05:46 a. m.,Ordeño,09:47,21.90,1,,,,,0,,0.90,0.60,1.14,1.20,0,0,0,0,4.83,4.80,4.81,4.99,VMS 3,,Tanque,,1.32,0.96,1.50,1.50,4.61,4.16,6.25,6.88
01/09/2024 01:21 p. m.,Ordeño,07:10,15.56,2,,,,,0,,0.90,0.66,1.08,1.20,0,0,0,0,4.62,4.63,4.61,4.63,VMS 3,,Tanque,,1.38,1.02,1.38,1.56,3.26,2.92,4.42,4.96
01/09/2024 07:54 p. m.,Ordeño,07:18,14.41,3,,,,,0,,0.90,0.66,1.08,1.02,0,0,0,0,4.41,4.45,4.59,4.58,VMS 3,,Tanque,,1.44,0.96,1.38,1.44,3.21,2.73,4.14,4.33
02/09/2024 05:25 a. m.,Ordeño,08:46,20.00,1,,,,,0,,0.90,0.66,1.08,1.08,0,0,0,0,4.69,4.65,4.79,4.69,VMS 3,,Tanque,,1.26,0.96,1.44,1.50,4.19,3.87,5.71,6.23
02/09/2024 03:18 p. m.,Ordeño,08:26,20.26,2,,,,,0,,0.90,0.66,1.08,1.08,0,0,0,0,4.70,4.66,4.72,4.82,VMS 3,,Tanque,,1.26,1.08,1.44,1.56,4.16,3.94,5.76,6.40
02/09/2024 11:52 p. m.,Ordeño,08:27,17.78,1,,,,,0,,0.84,0.54,1.02,1.08,0,0,0,0,4.52,4.60,4.66,4.64,VMS 3,,Tanque,,1.26,0.90,1.62,1.44,3.92,3.17,5.16,5.53
03/09/2024 07:00 a. m.,Ordeño,08:46,17.70,2,,,,,0,,0.90,0.54,1.08,1.20,0,0,0,0,4.73,4.79,4.90,4.94,VMS 3,,Tanque,,1.26,0.90,1.50,1.68,3.66,3.35,5.13,5.56
03/09/2024 06:12 p. m.,Ordeño,10:18,25.20,3,,,,,0,,0.90,0.66,1.08,1.14,0,0,0,0,4.95,4.86,4.92,4.96,VMS 3,,Tanque,,1.26,1.02,1.50,1.56,5.44,4.75,7.31,7.70
03/09/2024 10:26 p. m.,Ordeño,07:05,10.88,4,,,,,0,,0.78,0.60,0.96,1.02,0,0,0,0,4.14,4.27,4.36,4.24,VMS 3,,Tanque,,1.08,0.84,1.26,1.38,2.35,2.21,2.87,3.45
04/09/2024 07:01 a. m.,Ordeño,08:32,17.85,1,,,,,0,,0.90,0.60,1.08,1.20,0,0,0,0,4.75,4.82,4.81,4.92,VMS 3,,Tanque,,1.26,1.08,1.44,1.50,3.82,3.45,5.04,5.54
04/09/2024 04:11 p. m.,Ordeño,07:44,17.96,2,,,,,0,,0.90,0.66,1.08,1.14,0,0,0,0,4.74,4.75,4.73,4.81,VMS 3,,Tanque,,1.32,0.96,1.44,1.62,3.92,3.35,5.08,5.61
04/09/2024 10:07 p. m.,Ordeño,07:40,13.98,3,,,,,0,,0.90,0.60,1.08,0.96,0,0,0,0,4.65,4.84,4.82,4.91,VMS 3,,Tanque,,1.32,0.90,1.38,1.26,3.08,2.65,4.05,4.20
05/09/2024 07:15 a. m.,Ordeño,10:12,19.93,1,,,,,0,,0.90,0.66,1.14,1.14,0,0,0,0,4.75,4.83,4.72,4.92,VMS 3,,Tanque,,1.44,1.08,1.44,1.50,4.07,3.84,5.76,6.26
05/09/2024 02:56 p. m.,Ordeño,07:27,16.51,2,,,,,0,,0.96,0.66,1.08,1.14,0,0,0,0,4.51,4.64,4.63,4.70,VMS 3,,Tanque,,1.32,1.02,1.44,1.62,3.64,3.12,4.53,5.22
06/09/2024 04:10 a. m.,Ordeño,10:16,26.30,1,,TD,,,0,,0.96,0.72,1.20,1.14,0,0,0,0,4.95,5.02,5.03,5.23,VMS 3,,Tanque,,1.20,1.08,1.56,1.62,5.41,5.17,7.58,8.14
06/09/2024 08:25 a. m.,Ordeño,06:24,11.20,2,,,,,0,,0.84,0.60,1.02,1.20,0,0,0,0,4.20,4.28,4.36,4.38,VMS 3,,Tanque,,1.14,0.90,1.32,1.50,1.94,2.23,3.24,3.79
06/09/2024 06:46 p. m.,Ordeño,09:01,20.86,3,,,,,0,,0.90,0.66,1.02,0.96,0,0,0,0,4.86,4.88,4.96,5.06,VMS 3,,Tanque,,1.20,0.96,1.38,1.38,4.90,3.78,5.88,6.30
07/09/2024 04:14 p. m.,Ordeño,08:14,19.03,3,,,,,0,,0.90,0.66,1.08,1.14,0,0,0,0,4.82,4.76,4.75,4.84,VMS 3,,Tanque,,1.26,1.02,1.44,1.62,2.78,3.99,5.89,6.37
08/09/2024 02:06 a. m.,Ordeño,08:50,21.03,1,,,,,0,,0.96,0.72,1.20,1.14,0,0,0,0,4.91,4.74,4.70,4.81,VMS 3,,Tanque,,1.32,1.02,1.74,1.56,3.45,4.32,6.50,6.76
08/09/2024 07:14 a. m.,Ordeño,08:22,8.74,2,,,TI,TI,0,,0.72,0.60,0.00,1.14,0,0,0,0,4.58,4.48,0.00,4.54,VMS 3,,Tanque,,1.26,0.96,0.00,1.56,1.79,2.56,0.00,4.39
08/09/2024 05:01 p. m.,Ordeño,10:27,23.99,3,,,,,0,,0.96,0.72,1.14,1.14,0,0,0,0,5.45,5.02,5.15,5.22,VMS 3,,Tanque,,1.32,1.08,1.50,1.56,4.26,4.24,8.85,6.64
09/09/2024 04:44 a. m.,Ordeño,10:18,24.53,1,,,,,0,,0.96,0.66,1.08,1.14,0,0,0,0,5.08,4.67,4.55,4.79,VMS 3,,Tanque,,1.20,0.96,1.44,1.50,4.63,4.87,7.22,7.81
09/09/2024 09:36 a. m.,Ordeño,06:46,11.24,2,,,,,0,,0.84,0.72,1.02,1.14,0,0,0,0,4.36,4.20,4.07,4.24,VMS 3,,Tanque,,1.14,1.08,1.38,1.50,2.03,2.39,3.15,3.67
09/09/2024 09:13 p. m.,Ordeño,08:44,23.10,3,,,,,0,,0.96,0.72,1.14,1.14,0,0,0,0,5.04,4.81,4.89,4.82,VMS 3,,Tanque,,1.38,1.08,1.56,1.62,4.72,4.39,6.65,7.34
10/09/2024 06:58 a. m.,Ordeño,09:38,21.25,1,,,,,0,,0.90,0.60,1.08,1.14,0,0,0,0,4.89,4.69,4.86,4.93,VMS 3,,Tanque,,1.26,1.08,1.38,1.50,4.17,4.15,6.14,6.79
10/09/2024 05:40 p. m.,Ordeño,09:10,20.90,2,,,,,0,,0.90,0.66,1.02,0.96,0,0,0,0,4.98,4.77,4.91,4.97,VMS 3,,Tanque,,1.26,0.96,1.32,1.44,4.22,4.15,6.02,6.51
11/09/2024 02:45 a. m.,Ordeño,08:24,20.18,1,,,,,0,,0.90,0.66,1.08,1.14,0,0,0,0,4.87,4.71,4.91,5.08,VMS 3,,Tanque,,1.26,1.02,1.50,1.56,3.91,3.93,5.93,6.41
11/09/2024 07:51 a. m.,Ordeño,06:03,10.60,2,,,,,0,,0.84,0.60,0.96,1.02,0,0,0,0,4.33,4.34,4.48,4.48,VMS 3,,Tanque,,1.20,0.96,1.32,1.38,1.98,2.17,2.99,3.46
11/09/2024 03:38 p. m.,Ordeño,07:30,11.23,3,,TD,TD,,0,,0.90,0.60,1.02,0.78,0,0,0,0,4.51,4.55,4.63,4.15,VMS 3,,Tanque,,1.62,0.90,1.44,1.14,2.67,2.80,4.32,1.44
11/09/2024 09:48 p. m.,Ordeño,07:45,14.77,4,,,,,0,,0.90,0.60,1.02,1.08,0,0,0,0,4.80,4.87,4.90,5.40,VMS 3,,Tanque,,1.32,0.96,1.44,1.50,2.55,2.41,3.68,6.13
12/09/2024 12:20 p. m.,Ordeño,10:15,27.89,1,,,,,0,,0.96,0.72,1.08,1.14,0,0,0,0,5.29,4.98,4.96,5.14,VMS 3,,Tanque,,1.32,1.14,1.44,1.50,5.70,5.41,8.09,8.69
12/09/2024 06:50 p. m.,Ordeño,06:28,12.85,2,,,,,0,,0.84,0.66,1.02,1.14,0,0,0,0,4.18,4.24,4.26,4.33,VMS 3,,Tanque,,1.26,1.14,1.32,1.44,2.53,2.51,3.76,4.05
13/09/2024 07:18 a. m.,Ordeño,10:03,26.24,1,,,,,0,,0.96,0.72,1.14,1.08,0,0,0,0,5.03,4.93,4.85,4.01,VMS 3,,Tanque,,1.38,1.02,1.80,1.98,5.06,5.23,7.79,8.16
13/09/2024 09:56 p. m.,Ordeño,05:59,11.09,3,,,,,0,,0.90,0.66,1.08,1.14,0,0,0,0,4.62,4.57,4.67,5.24,VMS 3,,Tanque,,1.14,0.96,1.38,1.50,2.10,2.22,3.26,3.51
14/09/2024 05:34 a. m.,Ordeño,06:45,14.67,1,,,,,0,,0.96,0.72,1.02,1.20,0,0,0,0,4.66,4.58,4.69,5.04,VMS 3,,Tanque,,1.32,1.02,1.38,1.68,3.02,2.86,4.23,4.56
14/09/2024 09:57 a. m.,Ordeño,06:40,7.83,2,,,,,0,,0.90,0.66,0.96,1.14,0,0,0,0,4.48,4.47,4.52,4.68,VMS 3,,Tanque,,1.20,0.96,1.32,1.62,1.58,1.54,2.28,2.43
14/09/2024 04:23 p. m.,Ordeño,07:25,9.26,3,,,,,0,,0.90,0.66,0.96,1.14,340,0,0,0,4.93,4.81,4.95,5.07,VMS 3,,Tanque,,1.26,0.90,1.38,1.68,1.91,1.73,2.49,3.13
14/09/2024 08:21 p. m.,Ordeño,06:21,5.16,4,,,TI,,0,,0.78,0.54,0.84,0.96,0,0,0,0,4.41,4.50,4.44,4.54,VMS 3,,Tanque,,1.14,0.78,1.38,1.38,1.15,1.00,1.32,1.69
15/09/2024 12:22 a. m.,Ordeño,05:44,2.89,1,,"DD,TD","DD,TI,TD",,0,TI,0.84,0.54,0.96,1.08,0,0,0,0,4.14,4.09,4.76,3.62,VMS 3,,Tanque,,1.20,0.84,1.80,1.92,1.59,0.24,0.42,0.64
15/09/2024 07:35 a. m.,Ordeño,07:56,14.52,2,,,,,0,,0.96,0.72,1.08,1.32,0,0,0,0,4.40,4.64,4.56,4.63,VMS 3,,Tanque,,1.32,1.08,1.44,1.74,2.02,3.06,4.86,4.58
15/09/2024 02:17 p. m.,Ordeño,11:13,4.56,3,,,"DI,DD,TI",TI,0,,0.48,0.60,0.00,0.42,0,0,0,0,4.43,4.42,0.00,4.15,VMS 3,,Tanque,,0.96,0.96,0.00,0.90,1.15,1.03,0.00,2.38
15/09/2024 03:47 p. m.,Ordeño,26:28,0.77,4,,,Todos,"DI,DD,TD",0,,0.24,0.12,0.30,0.18,0,0,0,0,3.89,0.00,3.51,2.68,VMS 3,,Tanque,,0.60,0.30,0.96,0.36,0.18,0.13,0.38,0.08
16/09/2024 01:44 a. m.,Ordeño,07:48,12.39,1,,,DI,DI,0,,0.00,0.78,1.02,1.26,0,0,0,0,0.00,4.50,4.41,4.47,VMS 3,,Tanque,,0.00,1.14,1.32,1.74,0.00,2.92,4.35,5.12
16/09/2024 09:29 a. m.,Ordeño,07:51,14.03,2,,,,,0,DI,1.02,0.66,1.08,1.14,0,0,0,0,4.75,3.86,4.13,4.01,VMS 3,,Tanque,,1.44,1.02,1.32,1.56,5.06,2.24,3.14,3.59
16/09/2024 10:28 p. m.,Ordeño,11:13,21.02,3,,,,,0,,0.96,0.60,1.02,1.14,0,0,0,0,4.22,4.40,4.48,4.39,VMS 3,,Tanque,,1.32,0.90,1.38,1.62,3.96,4.00,6.19,6.87
17/09/2024 06:06 a. m.,Ordeño,08:22,16.53,4,,,,,0,,0.90,0.60,1.08,1.14,0,0,0,0,4.48,4.60,4.59,4.76,VMS 3,,Tanque,,1.20,0.90,1.38,1.92,2.87,3.47,4.99,5.20
17/09/2024 06:06 p. m.,Ordeño,09:32,19.78,2,,,,,0,,0.90,0.60,1.08,1.14,0,0,0,0,4.71,4.89,4.82,4.88,VMS 3,,Tanque,,1.26,0.90,1.44,1.56,3.92,3.88,5.83,6.15
18/09/2024 01:08 a. m.,Ordeño,06:11,12.37,1,,,,,0,,0.90,0.66,1.02,1.14,0,0,0,0,4.10,4.07,4.18,3.99,VMS 3,,Tanque,,1.38,1.14,1.32,1.62,2.53,2.35,3.52,3.97
18/09/2024 09:10 a. m.,Ordeño,07:51,15.41,2,,,,,0,,0.90,0.60,1.08,1.20,0,0,0,0,4.69,4.62,4.86,4.73,VMS 3,,Tanque,,1.26,0.90,1.38,1.56,2.78,3.04,4.46,5.13
18/09/2024 10:06 p. m.,Ordeño,09:17,23.56,3,,,,,0,,1.02,0.66,1.20,1.14,0,0,0,0,4.95,4.79,4.86,4.83,VMS 3,,Tanque,,1.44,1.02,1.56,1.62,4.84,4.42,6.97,7.33
19/09/2024 07:00 a. m.,Ordeño,07:42,16.58,1,,,,,0,,0.96,0.66,1.14,1.20,0,0,0,0,4.69,4.62,4.71,4.75,VMS 3,,Tanque,,1.32,1.08,1.56,1.62,3.21,3.35,4.72,5.30
19/09/2024 02:41 p. m.,Ordeño,06:37,13.07,2,,,,,0,,0.96,0.66,1.08,1.08,0,0,0,0,4.75,4.75,4.72,4.80,VMS 3,,Tanque,,1.38,1.14,1.44,1.50,2.65,2.62,3.71,4.09
20/09/2024 01:27 a. m.,Ordeño,08:12,18.78,1,,,,,0,,0.96,0.60,1.14,1.20,0,0,0,0,4.83,4.84,4.91,4.93,VMS 3,,Tanque,,1.38,0.90,1.44,1.80,3.69,3.47,5.63,5.99
20/09/2024 09:13 a. m.,Ordeño,07:54,16.82,2,,,,,0,,0.84,0.66,1.08,1.14,0,0,0,0,4.22,4.80,4.86,4.95,VMS 3,,Tanque,,1.26,0.96,1.38,1.44,3.03,3.43,4.90,5.46
20/09/2024 03:39 p. m.,Ordeño,06:10,12.25,3,,,,,0,,0.84,0.66,1.02,1.08,0,0,0,0,4.47,4.82,4.79,4.95,VMS 3,,Tanque,,1.26,1.02,1.38,1.44,2.54,2.37,3.44,3.90
20/09/2024 08:57 p. m.,Ordeño,06:10,10.42,4,,,,,0,,0.84,0.54,0.96,1.02,0,0,0,0,4.38,4.73,4.82,4.84,VMS 3,,Tanque,,1.14,0.84,1.32,1.50,2.08,2.01,2.97,3.36
21/09/2024 04:53 a. m.,Ordeño,08:12,18.09,1,,,,,0,,0.84,0.66,1.08,1.20,0,0,0,0,4.75,4.97,5.12,5.26,VMS 3,,Tanque,,1.14,1.02,1.56,1.68,3.42,3.65,5.26,5.76
21/09/2024 09:49 a. m.,Ordeño,06:29,11.08,2,,,,,0,,0.78,0.60,1.08,1.14,0,0,0,0,5.57,4.92,4.92,5.10,VMS 3,,Tanque,,1.08,0.90,1.50,1.56,2.00,2.27,3.23,3.58
21/09/2024 05:47 p. m.,Ordeño,07:26,16.95,3,,,,,0,,0.90,0.66,1.08,1.14,0,0,0,0,5.44,4.93,4.99,5.07,VMS 3,,Tanque,,1.26,1.02,1.38,1.62,3.56,3.23,4.77,5.39
21/09/2024 11:36 p. m.,Ordeño,06:52,13.02,4,,,,,0,,0.84,0.60,1.02,1.02,0,0,0,0,4.85,4.87,4.77,4.86,VMS 3,,Tanque,,1.20,0.90,1.38,1.44,2.67,2.58,3.72,4.05
22/09/2024 09:20 a. m.,Ordeño,08:23,20.11,1,,,,,0,,0.90,0.66,1.20,1.20,0,0,0,0,5.11,4.92,5.08,5.19,VMS 3,,Tanque,,1.26,1.02,1.50,1.56,3.96,3.94,5.92,6.29
22/09/2024 03:59 p. m.,Ordeño,07:07,14.13,2,,TD,,,0,,0.90,0.60,1.08,1.14,0,0,0,0,4.66,4.62,4.72,4.70,VMS 3,,Tanque,,1.26,0.96,1.44,1.62,2.88,2.78,4.00,4.47
22/09/2024 10:34 p. m.,Ordeño,06:52,13.96,3,,,,,0,,0.90,0.66,1.02,1.02,0,0,0,0,4.77,4.83,4.90,4.99,VMS 3,,Tanque,,1.44,0.96,1.32,1.50,2.84,2.68,4.01,4.43
23/09/2024 07:47 a. m.,Ordeño,08:07,18.69,1,,,,,0,,0.90,0.66,1.08,1.20,0,0,0,0,4.85,4.78,4.82,4.85,VMS 3,,Tanque,,1.26,1.02,1.44,1.56,3.76,3.64,5.43,5.86
23/09/2024 06:25 p. m.,Ordeño,07:52,18.92,2,,,,,0,,0.96,0.66,1.08,1.14,0,0,0,0,4.86,4.77,4.82,4.84,VMS 3,,Tanque,,1.44,1.02,1.50,1.56,3.90,3.55,5.45,6.02
24/09/2024 01:42 a. m.,Ordeño,06:50,14.03,1,,,,,0,,0.90,0.66,1.14,1.14,0,0,0,0,4.60,4.73,4.62,4.69,VMS 3,,Tanque,,1.32,1.02,1.56,1.44,2.71,2.66,4.40,4.26
24/09/2024 08:30 a. m.,Ordeño,07:05,13.98,2,,,,,0,,0.90,0.66,1.02,1.14,0,0,0,0,4.59,4.65,4.69,4.63,VMS 3,,Tanque,,1.26,0.96,1.44,1.50,2.62,2.85,3.86,4.65
24/09/2024 06:12 p. m.,Ordeño,08:07,18.04,3,,,,,0,,0.84,0.60,1.20,1.08,0,0,0,0,4.57,4.64,4.49,4.66,VMS 3,,Tanque,,1.26,0.96,4.50,1.44,3.68,3.32,5.54,5.50
25/09/2024 01:33 a. m.,Ordeño,06:52,13.66,1,,,,,0,,0.84,0.66,1.02,1.02,0,0,0,0,4.38,4.65,4.59,4.54,VMS 3,,Tanque,,1.20,1.08,1.32,1.32,2.84,2.64,3.87,4.31
25/09/2024 08:56 a. m.,Ordeño,06:53,14.06,2,,,,,0,,0.84,0.66,1.02,1.14,0,0,0,0,4.45,4.67,4.58,4.53,VMS 3,,Tanque,,1.20,1.08,1.44,1.56,2.69,2.66,4.25,4.46
25/09/2024 02:29 p. m.,Ordeño,07:21,3.59,3,,,"TI,TD","TI,TD",0,,0.72,0.66,0.00,0.00,0,0,0,0,4.51,4.64,0.00,0.00,VMS 3,,Tanque,,1.02,1.02,0.00,0.00,1.79,1.80,0.00,0.00
25/09/2024 09:03 p. m.,Ordeño,08:27,18.21,4,,,,,0,,0.90,0.60,1.02,1.08,0,0,0,0,4.46,4.65,4.78,4.74,VMS 3,,Tanque,,1.20,0.90,1.38,1.50,2.95,2.41,6.17,6.68
26/09/2024 07:39 a. m.,Ordeño,08:22,19.03,1,,,,,0,,0.90,0.66,1.08,1.08,0,0,0,0,4.45,4.56,4.45,4.36,VMS 3,,Tanque,,1.32,1.02,1.38,1.44,3.77,3.63,5.60,6.03
26/09/2024 01:19 p. m.,Ordeño,06:02,10.25,2,,,,,0,,0.90,0.60,0.96,1.02,0,0,0,0,4.13,4.39,4.38,4.13,VMS 3,,Tanque,,1.68,0.90,1.38,1.56,2.23,2.02,2.83,3.17
26/09/2024 08:41 p. m.,Ordeño,07:10,14.30,3,,,,,0,,0.84,0.66,0.96,1.02,0,0,0,0,4.38,4.56,4.55,4.66,VMS 3,,Tanque,,1.26,1.02,1.32,1.50,2.97,2.74,4.15,4.44
27/09/2024 10:23 a. m.,Ordeño,10:36,27.50,1,,,,,0,,0.96,0.72,1.08,1.08,0,0,0,0,5.16,5.17,5.13,5.25,VMS 3,,Tanque,,1.32,1.02,1.62,1.50,5.74,4.65,8.32,8.79
27/09/2024 08:11 p. m.,Ordeño,08:44,21.26,2,,,,,0,,0.90,0.66,1.08,1.14,0,0,0,0,4.56,4.66,4.46,4.55,VMS 3,,Tanque,,1.26,1.02,2.34,1.56,4.16,3.86,6.57,6.67
28/09/2024 05:20 p. m.,Ordeño,06:33,11.73,2,,,,,0,,0.84,0.60,0.96,1.02,0,0,0,0,4.42,4.33,4.32,4.15,VMS 3,,Tanque,,1.20,1.08,1.32,1.50,1.98,2.38,3.46,3.91
29/09/2024 01:16 a. m.,Ordeño,07:49,14.87,1,,,,,0,,0.78,0.66,1.02,1.08,0,0,0,0,4.55,4.44,4.44,4.46,VMS 3,,Tanque,,1.20,0.96,1.38,1.50,2.23,3.16,4.56,4.92
29/09/2024 10:12 a. m.,Ordeño,08:45,18.72,2,,,,,0,,0.90,0.66,1.08,1.14,0,0,0,0,4.87,4.80,4.84,4.92,VMS 3,,Tanque,,1.38,0.96,1.50,1.50,3.31,3.78,5.47,6.16
29/09/2024 04:03 p. m.,Ordeño,06:31,11.53,3,,,,,0,,0.78,0.60,0.96,1.08,0,0,0,0,4.62,4.50,4.58,4.52,VMS 3,,Tanque,,1.14,0.96,1.32,1.44,2.17,2.23,3.31,3.82
30/09/2024 12:50 a. m.,Ordeño,08:32,19.16,1,,,,,0,,0.78,0.66,1.08,1.14,0,0,0,0,5.09,4.90,4.90,5.01,VMS 3,,Tanque,,1.14,0.96,1.50,1.50,3.52,3.82,5.69,6.13
30/09/2024 09:47 a. m.,Ordeño,08:08,19.27,2,,,,,0,,0.96,0.66,1.14,1.08,0,0,0,0,4.97,4.76,4.80,4.63,VMS 3,,Tanque,,1.38,1.02,1.62,1.56,3.88,3.68,5.63,6.08
30/09/2024 05:05 p. m.,Ordeño,06:37,13.99,3,,,,,0,,0.84,0.66,1.02,1.08,0,0,0,0,4.62,4.44,4.59,4.50,VMS 3,,Tanque,,1.20,0.96,1.44,1.50,2.67,2.71,4.09,4.52
01/10/2024 04:35 a. m.,Ordeño,09:53,23.99,1,,,,,0,,0.90,0.66,1.14,1.14,0,0,0,0,5.33,4.97,5.04,5.10,VMS 3,,Tanque,,1.26,1.08,1.56,1.56,4.58,4.70,7.03,7.68
01/10/2024 09:13 a. m.,Ordeño,07:39,10.70,2,,,,,0,,0.84,0.66,0.96,1.20,0,0,0,0,4.50,4.40,4.60,4.33,VMS 3,,Tanque,,1.14,1.02,1.38,1.62,1.93,2.17,2.97,3.63
01/10/2024 04:56 p. m.,Ordeño,08:05,14.44,3,,,,,0,,0.84,0.66,1.08,1.08,0,0,0,0,4.71,4.58,4.60,4.54,VMS 3,,Tanque,,1.20,1.02,1.38,1.38,2.83,2.77,4.14,4.70
01/10/2024 09:51 p. m.,Ordeño,06:16,11.11,4,,,,,0,,0.78,0.60,0.96,1.08,0,0,0,0,4.67,4.59,4.65,4.65,VMS 3,,Tanque,,1.14,0.96,1.50,1.44,2.17,2.28,3.28,3.38
02/10/2024 08:18 a. m.,Ordeño,09:21,22.88,1,,,,,0,,0.96,0.66,1.08,1.08,0,0,0,0,5.35,5.00,5.26,5.16,VMS 3,,Tanque,,1.26,0.96,1.56,1.56,4.74,4.38,6.63,7.13
02/10/2024 03:38 p. m.,Ordeño,07:29,15.64,2,,,,,0,,0.84,0.66,0.96,1.02,0,0,0,0,4.53,4.45,4.56,4.55,VMS 3,,Tanque,,1.26,1.08,1.32,1.38,2.93,3.13,4.55,5.03
02/10/2024 09:04 p. m.,Ordeño,06:28,11.38,3,,,,,0,,0.78,0.54,0.96,1.08,0,0,0,0,4.49,4.37,4.41,4.36,VMS 3,,Tanque,,1.08,0.84,1.44,1.50,2.47,2.12,3.17,3.62
03/10/2024 08:20 a. m.,Ordeño,09:08,23.17,1,,,,,0,,0.90,0.66,1.08,1.26,0,0,0,0,4.94,4.85,4.87,4.98,VMS 3,,Tanque,,1.32,1.02,1.50,1.62,4.69,4.38,6.73,7.37
03/10/2024 03:46 p. m.,Ordeño,07:15,16.23,2,,,,,0,,0.96,0.66,1.02,1.20,0,0,0,0,4.55,4.50,4.61,4.56,VMS 3,,Tanque,,1.32,1.14,1.44,1.50,3.12,3.14,4.76,5.21
03/10/2024 10:26 p. m.,Ordeño,06:20,12.88,3,,,,,0,,0.84,0.66,1.08,1.08,0,0,0,0,4.51,4.44,4.62,4.52,VMS 3,,Tanque,,1.26,0.96,1.50,1.50,2.65,2.37,3.78,4.08
04/10/2024 04:53 a. m.,Ordeño,07:14,13.79,1,,,,,0,,0.84,0.60,1.02,1.08,0,0,0,0,4.71,4.64,4.75,4.73,VMS 3,,Tanque,,1.14,0.96,1.38,1.44,2.79,2.63,3.94,4.43
04/10/2024 11:38 a. m.,Ordeño,07:16,13.39,2,,,,,0,,0.90,0.60,1.02,1.14,0,0,0,0,4.64,4.69,4.77,4.73,VMS 3,,Tanque,,1.26,1.08,1.44,1.56,2.58,2.64,3.85,4.32
04/10/2024 11:11 p. m.,Ordeño,08:56,18.55,3,,,,,0,,0.78,0.60,1.02,1.02,0,0,0,0,4.85,4.76,4.87,4.82,VMS 3,,Tanque,,1.08,0.90,1.38,1.38,3.86,3.44,5.46,5.79
05/10/2024 06:29 a. m.,Ordeño,08:22,17.28,1,,,,,0,,0.84,0.60,1.08,1.14,0,0,0,0,4.51,4.43,4.46,4.42,VMS 3,,Tanque,,1.20,0.90,1.50,1.50,3.38,3.32,5.06,5.52
05/10/2024 03:23 p. m.,Ordeño,07:55,17.30,2,,,,,0,,0.84,0.66,1.14,1.14,0,0,0,0,4.91,4.76,4.83,4.86,VMS 3,,Tanque,,1.26,0.96,1.68,1.50,3.33,3.31,5.05,5.61
05/10/2024 07:38 p. m.,Ordeño,05:52,9.84,3,,,,,0,,0.78,0.60,1.02,1.14,0,0,0,0,4.51,4.36,4.56,4.45,VMS 3,,Tanque,,1.20,0.90,1.38,1.50,1.99,1.90,2.72,3.23
06/10/2024 05:08 a. m.,Ordeño,08:21,17.37,1,,,,,0,,0.84,0.60,1.08,1.14,0,0,0,0,4.89,4.86,4.90,4.86,VMS 3,,Tanque,,1.14,1.02,1.56,1.50,3.43,3.41,4.97,5.56
06/10/2024 12:46 p. m.,Ordeño,08:15,16.32,2,,,,,0,,0.78,0.60,1.08,1.14,0,0,0,0,4.51,4.59,4.58,4.55,VMS 3,,Tanque,,1.14,0.84,1.44,1.68,3.12,3.24,4.67,5.29
06/10/2024 05:59 p. m.,Ordeño,06:51,9.80,3,,,,,0,,0.78,0.60,1.02,1.02,0,0,0,0,4.36,4.38,4.52,4.43,VMS 3,,Tanque,,1.20,0.90,1.32,1.50,1.98,1.89,2.73,3.20
06/10/2024 11:36 p. m.,Ordeño,06:25,11.33,4,,,,,0,,0.78,0.60,1.02,1.08,0,0,0,0,4.56,4.58,4.70,4.51,VMS 3,,Tanque,,1.08,0.90,1.44,1.44,2.32,2.17,3.12,3.72
07/10/2024 04:56 a. m.,Ordeño,16:08,6.00,1,,,"DI,TD",,0,,0.66,0.54,0.84,0.90,0,0,0,0,4.64,4.66,4.77,4.84,VMS 3,,Tanque,,1.20,0.78,1.26,1.26,1.02,1.59,1.73,1.66
07/10/2024 09:12 a. m.,Ordeño,05:46,12.14,2,,,,,0,,0.84,0.66,1.08,1.20,0,0,0,0,4.76,4.58,4.76,4.72,VMS 3,,Tanque,,1.32,1.02,1.44,1.74,2.46,2.07,3.53,4.08
07/10/2024 05:46 p. m.,Ordeño,07:28,16.71,3,,,,,0,,0.84,0.66,1.08,1.14,0,0,0,0,4.76,4.64,4.60,4.75,VMS 3,,Tanque,,1.14,1.02,1.44,1.50,3.29,3.16,4.87,5.39
08/10/2024 12:15 a. m.,Ordeño,07:01,12.92,1,,,,,0,,0.90,0.54,1.02,1.08,0,0,0,0,4.23,4.38,4.41,4.34,VMS 3,,Tanque,,1.26,0.90,1.38,1.68,2.70,2.53,3.66,4.03
08/10/2024 10:07 a. m.,Ordeño,09:07,20.32,2,,,,,0,,0.78,0.60,1.02,1.08,0,0,0,0,4.62,4.66,4.55,4.66,VMS 3,,Tanque,,1.20,0.90,1.50,1.44,4.18,3.91,5.90,6.33
08/10/2024 06:08 p. m.,Ordeño,07:45,15.70,3,,,,,0,,0.78,0.66,0.96,1.02,0,0,0,0,4.53,4.60,4.62,4.68,VMS 3,,Tanque,,1.14,1.08,1.32,1.62,3.10,3.09,4.63,4.88
08/10/2024 10:44 p. m.,Ordeño,06:09,10.67,4,,,,,0,,0.78,0.60,1.02,1.08,0,0,0,0,4.54,4.54,4.63,4.52,VMS 3,,Tanque,,1.08,0.96,1.38,1.50,2.15,2.06,3.00,3.46
09/10/2024 05:12 a. m.,Ordeño,07:52,13.61,1,,,,,0,,0.78,0.48,1.02,1.02,0,0,0,0,4.75,4.86,4.91,4.98,VMS 3,,Tanque,,1.20,0.72,1.44,1.44,2.76,2.52,3.96,4.37
09/10/2024 03:53 p. m.,Ordeño,09:18,21.82,2,,DD,,,0,,0.84,0.66,1.14,1.14,0,0,0,0,4.75,4.74,4.65,4.76,VMS 3,,Tanque,,1.20,1.14,1.44,1.44,4.15,3.82,6.65,7.20
09/10/2024 08:44 p. m.,Ordeño,06:26,9.55,3,,,,,0,,0.78,0.54,1.02,1.08,0,0,0,0,4.22,4.27,4.39,4.20,VMS 3,,Tanque,,1.02,0.84,1.50,1.50,2.09,2.14,2.55,2.77
10/10/2024 04:29 a. m.,Ordeño,07:19,13.69,1,,,,,0,,0.78,0.54,1.08,1.14,0,0,0,0,4.51,4.58,4.65,4.61,VMS 3,,Tanque,,1.08,0.84,1.44,1.56,2.66,2.56,4.04,4.43
10/10/2024 09:40 a. m.,Ordeño,06:42,11.77,2,,,,,0,,0.78,0.60,1.08,1.14,0,0,0,0,4.58,4.51,4.65,4.68,VMS 3,,Tanque,,1.02,0.90,1.44,1.50,2.38,2.36,3.37,3.66
10/10/2024 03:46 p. m.,Ordeño,06:30,11.89,3,,,,,0,,0.78,0.60,1.08,1.08,0,0,0,0,4.80,4.77,4.86,4.86,VMS 3,,Tanque,,1.14,0.96,1.56,1.44,2.43,2.29,3.40,3.77
10/10/2024 10:48 p. m.,Ordeño,07:32,14.80,4,,,,,0,,0.78,0.54,1.14,1.20,0,0,0,0,5.00,4.89,5.00,5.02,VMS 3,,Tanque,,1.20,0.90,1.44,1.62,2.98,2.72,4.35,4.75
11/10/2024 04:48 a. m.,Ordeño,08:06,13.81,1,,,,,0,,0.78,0.54,1.08,1.08,0,0,0,0,4.58,4.70,4.80,4.81,VMS 3,,Tanque,,1.14,0.84,1.68,1.50,2.62,2.75,4.05,4.39
11/10/2024 10:29 a. m.,Ordeño,07:00,12.56,2,,,,,0,,0.78,0.54,1.08,1.14,0,0,0,0,4.78,4.64,4.82,4.85,VMS 3,,Tanque,,1.14,0.90,1.56,1.56,2.52,2.42,3.58,4.04
11/10/2024 07:57 p. m.,Ordeño,09:07,18.57,3,,,,,0,,0.78,0.54,1.08,1.14,0,0,0,0,4.88,4.86,4.88,4.88,VMS 3,,Tanque,,1.02,0.90,1.50,1.50,3.74,3.45,5.40,5.98
12/10/2024 02:39 a. m.,Ordeño,08:16,16.37,1,,,,,0,,0.78,0.54,1.08,1.14,0,0,0,0,4.61,4.72,4.71,4.72,VMS 3,,Tanque,,1.14,0.84,1.44,1.56,3.16,3.11,4.73,5.37
12/10/2024 09:40 a. m.,Ordeño,08:22,16.08,2,,,,,0,,0.78,0.54,1.02,1.14,0,0,0,0,4.59,4.67,4.71,4.72,VMS 3,,Tanque,,1.14,0.84,1.44,1.56,2.97,3.26,4.69,5.16
12/10/2024 07:04 p. m.,Ordeño,09:17,18.49,3,,,,,0,,0.72,0.54,1.08,1.08,0,0,0,0,4.64,4.66,4.73,4.73,VMS 3,,Tanque,,1.08,0.84,1.56,1.44,3.82,3.47,5.34,5.86
13/10/2024 02:51 a. m.,Ordeño,08:28,18.33,1,,,,,0,,0.84,0.60,1.08,1.14,0,0,0,0,4.55,4.71,4.75,4.81,VMS 3,,Tanque,,1.26,0.90,1.44,1.56,3.73,3.37,5.38,5.85
13/10/2024 07:44 a. m.,Ordeño,07:00,12.44,2,,,,,0,,0.78,0.60,1.08,1.20,0,0,0,0,4.49,4.59,4.67,4.61,VMS 3,,Tanque,,1.14,0.90,1.50,1.56,2.55,2.35,3.62,3.92
13/10/2024 06:23 p. m.,Ordeño,10:16,21.42,3,,,,,0,,0.78,0.54,1.08,1.08,0,0,0,0,4.80,4.88,4.86,4.89,VMS 3,,Tanque,,1.02,0.84,1.38,1.44,4.32,4.10,6.21,6.79
14/10/2024 03:46 a. m.,Ordeño,10:24,21.24,1,,,,,0,,0.84,0.54,1.08,1.14,0,0,0,0,4.54,4.75,4.72,4.69,VMS 3,,Tanque,,1.20,0.78,1.56,1.50,4.27,3.91,6.31,6.75
14/10/2024 11:24 a. m.,Ordeño,07:51,16.28,2,,,,,0,,0.78,0.60,1.08,1.20,0,0,0,0,4.49,4.54,4.57,4.56,VMS 3,,Tanque,,1.14,1.02,1.50,1.68,3.18,3.22,4.68,5.20
14/10/2024 08:13 p. m.,Ordeño,08:29,16.38,3,,,,,0,,0.72,0.54,1.14,1.20,0,0,0,0,4.56,4.55,4.67,4.31,VMS 3,,Tanque,,1.14,0.84,1.50,2.34,3.14,3.05,4.66,5.53
15/10/2024 12:48 a. m.,Ordeño,06:23,10.65,1,,,,,0,,0.78,0.54,1.02,1.08,0,0,0,0,4.31,4.34,4.31,4.26,VMS 3,,Tanque,,1.14,0.90,1.44,1.44,2.20,2.05,3.00,3.40
15/10/2024 10:30 a. m.,Ordeño,09:13,19.67,2,,,,,0,,0.84,0.54,1.14,1.20,0,0,0,0,4.72,4.81,4.83,4.86,VMS 3,,Tanque,,1.20,0.90,1.50,1.56,4.14,3.62,5.71,6.20
15/10/2024 04:26 p. m.,Ordeño,06:59,11.16,3,,,,,0,,0.72,0.54,1.02,1.02,0,0,0,0,4.34,4.48,4.48,4.33,VMS 3,,Tanque,,1.14,1.14,1.32,1.56,2.39,2.12,3.16,3.49
15/10/2024 11:52 p. m.,Ordeño,08:17,14.21,1,,TD,,,0,,0.78,0.54,1.02,1.02,0,0,0,0,4.47,4.58,4.55,4.55,VMS 3,,Tanque,,1.08,0.96,1.38,1.50,2.86,2.71,4.18,4.46
16/10/2024 06:03 a. m.,Ordeño,07:57,13.53,2,,TD,,,0,,0.72,0.48,1.02,1.08,0,0,0,0,4.67,4.77,4.78,4.81,VMS 3,,Tanque,,1.08,0.90,1.32,1.44,2.84,2.59,3.88,4.22
16/10/2024 06:27 p. m.,Ordeño,08:57,19.93,3,,DD,,,0,,0.78,0.60,1.08,1.08,0,0,0,0,5.09,5.05,4.83,5.05,VMS 3,,Tanque,,1.14,1.32,1.50,1.50,4.40,3.30,4.77,7.46
17/10/2024 12:54 a. m.,Ordeño,08:57,15.71,1,,,,,0,,0.78,0.60,0.96,1.08,0,0,0,0,4.50,4.72,4.64,4.64,VMS 3,,Tanque,,1.08,0.90,1.38,1.38,2.86,3.71,4.15,4.99
17/10/2024 11:03 a. m.,Ordeño,09:35,20.29,2,,,,,0,,0.90,0.60,1.08,1.14,0,0,0,0,4.56,4.60,4.78,4.69,VMS 3,,Tanque,,1.26,1.02,1.50,1.50,4.33,3.78,5.85,6.33
17/10/2024 04:38 p. m.,Ordeño,05:28,9.63,3,,,,,0,,0.78,0.54,1.02,1.08,0,0,0,0,4.48,4.55,4.56,4.57,VMS 3,,Tanque,,1.32,0.90,1.32,1.50,2.02,1.68,2.93,3.00
18/10/2024 01:10 a. m.,Ordeño,08:06,15.76,1,,,,,0,,0.78,0.54,1.02,1.08,0,0,0,0,4.78,4.90,4.85,4.90,VMS 3,,Tanque,,1.20,0.90,1.56,1.44,3.21,2.84,4.73,4.98
18/10/2024 07:39 a. m.,Ordeño,09:51,9.06,2,,,TD,TD,0,,0.60,0.60,1.08,0.00,0,0,0,0,4.37,4.55,4.61,0.00,VMS 3,,Tanque,,1.20,0.84,1.44,0.00,2.20,2.76,4.10,0.00
18/10/2024 08:07 p. m.,Ordeño,10:12,26.31,3,,,,,0,,0.84,0.66,1.14,1.20,0,0,0,0,5.00,4.91,4.94,4.92,VMS 3,,Tanque,,1.20,1.02,1.50,1.62,5.21,4.72,7.20,9.18
19/10/2024 01:03 a. m.,Ordeño,06:16,10.72,1,,,,,0,,0.78,0.60,1.02,1.14,0,0,0,0,4.18,4.36,4.49,4.00,VMS 3,,Tanque,,1.20,0.96,1.38,1.56,2.06,2.20,3.14,3.32
19/10/2024 10:22 a. m.,Ordeño,09:19,17.41,2,,,,,0,,0.78,0.60,1.08,1.14,0,0,0,0,4.70,4.78,4.81,4.74,VMS 3,,Tanque,,1.14,0.96,1.38,1.44,3.66,3.50,5.31,4.94
19/10/2024 03:14 p. m.,Ordeño,09:53,7.65,3,,,,,0,,0.66,0.60,0.72,1.02,0,0,0,0,4.32,4.52,4.70,4.69,VMS 3,,Tanque,,1.08,1.08,1.02,1.38,1.56,1.69,2.20,2.20
19/10/2024 09:03 p. m.,Ordeño,05:32,9.65,4,,,,,0,,0.78,0.60,0.96,1.08,0,0,0,0,4.79,4.80,4.79,4.98,VMS 3,,Tanque,,1.14,0.90,1.44,1.44,2.16,1.79,2.76,2.94
20/10/2024 01:53 a. m.,Ordeño,06:27,9.65,1,,,,,0,,0.72,0.60,1.02,1.14,0,0,0,0,4.88,4.94,4.95,5.19,VMS 3,,Tanque,,1.08,0.90,1.38,1.56,1.90,1.85,2.79,3.11
20/10/2024 10:49 a. m.,Ordeño,08:28,18.81,2,,,,,0,,0.84,0.66,1.08,1.20,0,0,0,0,4.87,4.81,4.76,5.05,VMS 3,,Tanque,,1.20,1.14,1.50,1.62,3.79,3.79,5.51,5.72
20/10/2024 06:41 p. m.,Ordeño,08:13,13.66,3,,,,,0,,0.72,0.54,1.02,1.20,0,0,0,0,4.38,4.54,4.43,4.61,VMS 3,,Tanque,,1.02,0.90,1.38,1.56,2.57,2.73,3.97,4.39
21/10/2024 01:34 a. m.,Ordeño,07:15,14.14,1,,,,,0,,0.78,0.66,1.14,1.20,0,0,0,0,4.78,4.72,4.83,4.97,VMS 3,,Tanque,,1.08,1.08,1.44,1.56,2.78,2.88,4.05,4.43
21/10/2024 10:40 a. m.,Ordeño,08:59,18.38,2,,,,,0,,0.90,0.60,1.08,1.26,0,0,0,0,4.92,4.80,4.77,5.01,VMS 3,,Tanque,,1.26,0.96,1.62,1.68,3.55,3.61,5.31,5.91
21/10/2024 03:13 p. m.,Ordeño,05:38,8.87,3,,,,,0,,0.78,0.54,1.02,1.08,0,0,0,0,4.44,4.40,4.56,4.69,VMS 3,,Tanque,,1.14,0.84,1.38,1.56,1.91,1.72,2.42,2.82
21/10/2024 09:51 p. m.,Ordeño,07:25,13.53,4,,,,,0,,0.78,0.60,1.02,1.14,0,0,0,0,4.62,4.73,4.65,4.76,VMS 3,,Tanque,,1.14,0.96,1.44,1.68,2.72,2.64,3.80,4.37
22/10/2024 04:07 a. m.,Ordeño,07:02,12.72,1,,,,,0,,0.78,0.54,1.02,1.14,0,0,0,0,4.64,4.59,4.72,4.81,VMS 3,,Tanque,,1.14,0.90,1.44,1.62,2.47,2.38,3.66,4.21
22/10/2024 04:03 p. m.,Ordeño,10:09,20.99,2,,,,,0,,0.90,0.66,1.14,1.08,0,0,0,0,4.62,4.68,4.72,4.74,VMS 3,,Tanque,,1.26,1.02,1.44,1.62,4.40,4.38,5.42,6.79
23/10/2024 02:19 a. m.,Ordeño,11:07,19.85,1,,,,,0,,0.90,0.54,1.02,1.14,0,0,0,0,4.41,4.57,4.60,4.51,VMS 3,,Tanque,,1.20,0.96,1.56,1.50,3.99,3.76,5.63,6.47
23/10/2024 10:46 a. m.,Ordeño,07:32,16.54,2,,,,,0,,0.90,0.66,1.08,1.20,0,0,0,0,4.30,4.35,4.37,4.33,VMS 3,,Tanque,,1.38,1.08,1.44,1.50,3.06,3.26,4.92,5.30
23/10/2024 06:39 p. m.,Ordeño,07:22,14.44,3,,,,,0,,0.84,0.60,1.02,1.08,0,0,0,0,4.41,4.54,4.45,4.50,VMS 3,,Tanque,,1.26,0.90,1.44,1.50,3.03,2.69,4.12,4.60
24/10/2024 02:20 a. m.,Ordeño,07:07,14.24,1,,,,,0,,0.90,0.60,1.08,1.20,0,0,0,0,4.40,4.55,4.57,4.63,VMS 3,,Tanque,,1.32,0.96,1.44,1.56,2.86,2.73,4.00,4.65
24/10/2024 07:45 a. m.,Ordeño,05:56,9.98,2,,,,,0,,0.78,0.60,1.02,1.08,0,0,0,0,4.43,4.54,4.44,4.48,VMS 3,,Tanque,,1.14,0.96,1.38,1.50,2.05,1.97,2.80,3.16
24/10/2024 04:42 p. m.,Ordeño,07:37,16.42,3,,,,,0,,0.96,0.66,1.14,1.14,0,0,0,0,4.79,4.78,4.75,4.71,VMS 3,,Tanque,,1.38,1.02,1.50,1.44,3.32,3.18,4.67,5.25
25/10/2024 05:22 a. m.,Ordeño,08:56,23.50,1,,,,,0,,0.78,0.72,1.20,1.20,0,0,0,0,2.68,4.58,4.55,4.52,VMS 3,,Tanque,,1.26,1.08,1.62,1.56,4.67,4.48,6.86,7.49
25/10/2024 12:30 p. m.,Ordeño,06:18,12.77,2,,,,,0,,0.96,0.66,1.08,1.14,0,0,0,0,2.28,4.13,4.02,3.92,VMS 3,,Tanque,,1.56,1.02,1.50,1.50,3.36,2.40,3.37,3.64
25/10/2024 11:05 p. m.,Ordeño,07:37,15.98,3,,,,,0,DI,0.90,0.66,1.20,1.20,0,0,0,0,4.86,4.29,4.26,4.14,VMS 3,,Tanque,,1.32,0.96,1.50,1.56,3.07,3.19,4.56,5.16
26/10/2024 08:06 a. m.,Ordeño,07:06,13.48,1,,,,,0,,0.84,0.60,1.02,1.20,0,0,0,0,4.48,4.23,4.14,4.03,VMS 3,,Tanque,,1.14,1.02,1.50,1.74,2.65,2.64,4.08,4.11
26/10/2024 01:51 p. m.,Ordeño,05:57,6.24,2,,,,,0,,0.54,0.54,0.96,1.02,0,0,0,0,4.48,4.37,4.53,4.24,VMS 3,,Tanque,,0.96,0.90,1.32,1.50,1.28,1.19,1.73,2.04
26/10/2024 06:06 p. m.,Ordeño,14:56,3.95,3,,,"DI,TI,TD",,0,DD,0.66,0.54,0.78,0.42,0,0,0,0,3.91,4.22,3.67,3.63,VMS 3,,Tanque,,1.62,0.96,1.26,0.90,0.92,0.96,1.14,0.93
26/10/2024 11:26 p. m.,Ordeño,06:35,4.54,4,,TI,"DI,DD,TD",,0,,0.24,0.42,0.54,0.90,0,0,0,0,3.99,4.36,4.22,4.51,VMS 3,,Tanque,,0.60,0.78,1.20,1.32,0.61,0.83,1.68,1.42
27/10/2024 03:31 a. m.,Ordeño,09:12,6.54,1,,,,,0,,0.60,0.66,1.02,1.02,0,0,0,0,4.33,4.43,4.32,4.22,VMS 3,,Tanque,,1.38,1.02,1.62,1.62,1.38,1.35,1.84,1.97
27/10/2024 09:18 a. m.,Ordeño,10:07,7.32,2,,,,,0,,0.72,0.72,0.90,1.02,0,0,0,0,4.34,4.29,4.21,4.12,VMS 3,,Tanque,,1.26,1.20,1.26,1.68,1.47,1.64,2.13,2.08
27/10/2024 04:52 p. m.,Ordeño,09:40,5.64,3,,,TD,TD,0,,0.60,0.60,1.02,0.00,0,0,0,0,4.35,4.50,4.34,0.00,VMS 3,,Tanque,,1.14,0.90,1.62,0.00,1.67,1.44,2.53,0.00
28/10/2024 02:00 a. m.,Ordeño,06:33,11.93,1,,,,,0,,0.84,0.66,1.02,1.14,0,0,0,0,4.40,4.46,4.41,4.49,VMS 3,,Tanque,,1.26,0.96,1.56,1.56,1.89,2.11,2.96,4.97
28/10/2024 01:08 p. m.,Ordeño,06:41,12.15,2,,,,,0,,0.96,0.72,1.02,1.08,0,0,0,0,4.60,4.64,4.59,4.46,VMS 3,,Tanque,,1.38,1.08,1.56,1.50,2.47,2.71,3.50,3.47
28/10/2024 09:35 p. m.,Ordeño,09:26,8.81,3,,,,,0,,0.66,0.66,0.96,1.08,0,0,0,0,4.03,4.31,4.30,4.05,VMS 3,,Tanque,,1.20,0.96,1.44,1.44,1.76,1.94,2.47,2.64
29/10/2024 04:48 a. m.,Ordeño,07:50,7.72,1,,,,,0,,0.72,0.60,0.90,0.96,0,0,0,0,3.84,4.03,4.09,3.99,VMS 3,,Tanque,,1.14,0.84,1.32,1.56,1.55,1.65,1.86,2.66
29/10/2024 09:04 p. m.,Ordeño,09:46,20.00,2,,,,,0,,0.96,0.66,1.26,1.08,0,0,0,0,4.51,4.57,4.39,4.49,VMS 3,,Tanque,,1.32,0.96,1.92,1.44,3.61,4.02,6.24,6.13
30/10/2024 11:34 a. m.,Ordeño,09:18,19.61,1,,,,,0,,0.96,0.72,0.90,1.08,0,0,0,0,4.47,4.55,4.46,4.61,VMS 3,,Tanque,,1.38,1.14,1.20,1.44,4.11,4.26,4.74,6.50
30/10/2024 06:05 p. m.,Ordeño,05:35,8.11,2,,,,,0,,0.78,0.60,1.08,1.02,0,0,0,0,4.12,4.21,4.15,4.14,VMS 3,,Tanque,,1.14,0.96,1.38,1.38,1.66,1.65,2.26,2.54
31/10/2024 01:16 a. m.,Ordeño,06:40,11.01,1,,,,,0,,0.78,0.60,1.02,1.02,0,0,0,0,4.50,4.61,4.55,4.57,VMS 3,,Tanque,,1.14,0.84,1.38,1.32,2.13,2.28,3.14,3.46
31/10/2024 10:00 a. m.,Ordeño,07:29,14.61,2,,,,,0,,0.84,0.66,1.08,1.02,0,0,0,0,4.83,4.75,4.72,4.79,VMS 3,,Tanque,,1.20,1.14,1.50,1.44,2.76,3.01,4.26,4.58
31/10/2024 06:04 p. m.,Ordeño,06:03,11.34,3,,,,,0,,0.78,0.66,1.08,1.08,0,0,0,0,4.96,4.93,4.84,4.97,VMS 3,,Tanque,,1.20,0.96,1.50,1.44,2.23,2.25,3.31,3.55
31/10/2024 11:31 p. m.,Ordeño,05:43,8.35,4,,,,,0,,0.78,0.60,0.96,0.90,0,0,0,0,4.69,4.61,4.65,4.54,VMS 3,,Tanque,,1.08,0.96,1.38,1.38,1.68,1.77,2.30,2.60
01/11/2024 09:27 a. m.,Ordeño,07:45,17.30,1,,,,,0,,0.84,0.72,1.02,1.02,0,0,0,0,5.02,4.94,4.93,4.94,VMS 3,,Tanque,,1.14,1.02,1.44,1.38,3.40,3.55,5.02,5.33
01/11/2024 04:39 p. m.,Ordeño,07:08,12.59,2,,,,,0,,0.78,0.54,1.02,0.90,0,0,0,0,4.82,4.85,4.94,4.82,VMS 3,,Tanque,,1.20,0.90,1.38,1.38,2.47,2.55,3.65,3.92
02/11/2024 01:55 a. m.,Ordeño,07:44,16.10,1,,,,,0,,0.78,0.60,1.02,1.08,0,0,0,0,5.01,5.04,5.04,5.08,VMS 3,,Tanque,,1.14,0.96,1.50,1.44,3.17,3.16,4.69,5.08
02/11/2024 11:15 a. m.,Ordeño,09:36,18.89,2,,,,,0,,0.84,0.54,1.08,1.08,0,0,0,0,4.88,4.82,4.86,4.80,VMS 3,,Tanque,,1.20,0.84,1.44,1.56,3.59,3.77,5.54,5.99
02/11/2024 06:00 p. m.,Ordeño,07:48,13.52,3,,,,,0,,0.84,0.54,1.08,1.02,0,0,0,0,4.80,4.85,4.80,4.77,VMS 3,,Tanque,,1.14,0.90,1.50,1.32,2.58,2.75,3.96,4.23
03/11/2024 06:20 a. m.,Ordeño,09:02,24.28,1,,,,,0,,0.84,0.72,1.14,1.14,0,0,0,0,5.03,4.97,5.01,5.03,VMS 3,,Tanque,,1.26,1.14,1.50,1.56,4.80,4.67,7.23,7.58
03/11/2024 02:42 p. m.,Ordeño,07:31,16.07,2,,,,,0,,0.84,0.66,1.08,1.08,0,0,0,0,4.51,4.56,4.61,4.48,VMS 3,,Tanque,,1.26,1.14,1.38,1.50,3.00,3.25,4.69,5.13
03/11/2024 11:30 p. m.,Ordeño,07:35,15.68,3,,,,,0,,0.78,0.66,1.08,1.08,0,0,0,0,4.62,4.64,4.69,4.47,VMS 3,,Tanque,,1.20,1.02,1.44,1.50,3.13,3.02,4.60,4.93
04/11/2024 02:17 p. m.,Ordeño,10:28,27.20,1,,TD,,,0,,0.90,0.72,1.14,1.14,0,0,0,0,5.07,5.12,4.91,5.00,VMS 3,,Tanque,,1.20,1.14,1.50,1.56,5.50,5.34,7.85,8.51
04/11/2024 10:43 p. m.,Ordeño,08:01,15.87,2,,,,,0,,0.84,0.66,1.08,1.08,0,0,0,0,4.33,4.49,4.52,4.42,VMS 3,,Tanque,,1.20,1.02,1.56,1.44,2.97,3.36,4.54,5.00
05/11/2024 07:48 a. m.,Ordeño,09:20,19.00,1,,,,,0,,0.96,0.54,1.14,1.20,0,0,0,0,4.86,4.91,4.89,4.97,VMS 3,,Tanque,,1.62,0.96,1.56,1.50,3.75,3.68,5.56,6.01
05/11/2024 06:17 p. m.,Ordeño,09:40,21.93,2,,,,,0,,0.90,0.60,1.20,1.08,0,0,0,0,5.02,5.04,5.02,5.02,VMS 3,,Tanque,,1.26,0.96,1.56,1.38,4.41,4.23,6.46,6.83
06/11/2024 01:54 a. m.,Ordeño,08:00,15.96,1,,,,,0,,0.84,0.60,1.20,1.14,0,0,0,0,4.74,4.75,4.82,4.78,VMS 3,,Tanque,,1.14,0.96,1.56,1.50,2.94,3.26,4.67,5.09
06/11/2024 10:49 a. m.,Ordeño,07:54,18.89,2,,,,,0,,0.90,0.72,1.20,1.14,0,0,0,0,4.81,4.80,4.91,4.90,VMS 3,,Tanque,,1.32,1.14,1.56,1.50,3.83,3.77,5.47,5.82
06/11/2024 04:35 p. m.,Ordeño,05:41,11.01,3,,,,,0,,0.84,0.72,1.14,1.08,0,0,0,0,4.59,4.61,4.80,4.56,VMS 3,,Tanque,,1.14,1.08,1.50,1.38,2.19,2.24,3.06,3.52
07/11/2024 12:38 a. m.,Ordeño,07:56,16.64,1,,,,,0,,0.84,0.60,1.20,1.08,0,0,0,0,4.82,4.92,4.95,4.88,VMS 3,,Tanque,,1.20,0.96,1.56,1.50,3.31,3.22,4.98,5.13
07/11/2024 10:17 a. m.,Ordeño,08:52,18.73,2,,,,,0,,0.90,0.60,1.14,1.08,0,0,0,0,4.87,4.92,4.96,4.89,VMS 3,,Tanque,,1.26,0.90,1.44,1.68,3.56,3.64,5.59,5.94
07/11/2024 09:10 p. m.,Ordeño,09:12,20.28,3,,,,,0,,0.90,0.66,1.20,1.14,0,0,0,0,4.76,4.77,4.77,4.59,VMS 3,,Tanque,,1.32,1.02,1.50,1.56,3.89,4.03,5.89,6.47
08/11/2024 05:11 a. m.,Ordeño,07:25,14.80,1,,,,,0,,0.84,0.66,1.26,1.14,0,0,0,0,4.51,4.49,4.47,4.49,VMS 3,,Tanque,,1.20,1.02,1.62,1.44,2.89,2.99,4.28,4.64
08/11/2024 03:09 p. m.,Ordeño,08:30,20.03,2,,,,,0,,0.90,0.66,1.20,1.14,0,0,0,0,4.90,4.92,4.93,4.94,VMS 3,,Tanque,,1.38,1.02,1.62,1.62,4.02,3.90,5.88,6.23
08/11/2024 11:55 p. m.,Ordeño,08:20,17.89,1,,,,,0,,0.84,0.60,1.14,1.08,0,0,0,0,4.78,4.86,4.83,4.70,VMS 3,,Tanque,,1.26,0.90,1.50,1.50,3.45,3.55,5.25,5.64
09/11/2024 07:36 a. m.,Ordeño,08:21,14.62,2,,,,,0,,0.78,0.60,1.02,1.08,0,0,0,0,4.56,4.66,4.71,4.57,VMS 3,,Tanque,,1.14,0.84,1.44,1.50,2.75,2.97,4.05,4.85
09/11/2024 01:48 p. m.,Ordeño,06:16,11.56,3,,,,,0,,0.78,0.66,1.08,1.08,0,0,0,0,4.56,4.58,4.57,4.52,VMS 3,,Tanque,,1.14,0.96,1.38,1.50,2.06,2.29,3.55,3.66
09/11/2024 11:47 p. m.,Ordeño,08:45,17.59,4,,,,,0,,0.84,0.60,1.14,1.08,0,0,0,0,4.78,4.75,4.82,4.74,VMS 3,,Tanque,,1.14,0.96,1.44,1.44,3.49,3.28,5.27,5.55
10/11/2024 07:20 a. m.,Ordeño,08:38,15.92,1,,,,,0,,0.84,0.60,1.08,1.14,0,0,0,0,4.57,4.58,4.71,4.63,VMS 3,,Tanque,,1.14,0.90,1.38,1.56,3.11,3.25,4.49,5.07
10/11/2024 04:29 p. m.,Ordeño,08:20,17.00,2,,,,,0,,0.84,0.66,1.08,1.02,0,0,0,0,4.70,4.68,4.77,4.61,VMS 3,,Tanque,,1.26,0.96,1.44,1.38,3.21,3.40,5.06,5.33
11/11/2024 02:48 a. m.,Ordeño,09:34,18.68,1,,,,,0,,0.78,0.54,1.08,1.02,0,0,0,0,4.63,4.70,4.70,4.53,VMS 3,,Tanque,,1.14,0.84,1.44,1.38,3.59,3.49,5.63,5.97
11/11/2024 12:37 p. m.,Ordeño,08:36,17.37,2,,,,,0,,0.78,0.60,1.02,1.14,0,0,0,0,4.55,4.62,4.63,4.56,VMS 3,,Tanque,,1.26,0.96,1.38,1.56,3.24,3.52,5.03,5.58
11/11/2024 10:57 p. m.,Ordeño,08:40,17.57,3,,,,,0,,0.84,0.54,1.14,1.08,0,0,0,0,4.47,4.58,4.63,4.48,VMS 3,,Tanque,,1.20,0.78,1.44,1.44,3.40,3.26,5.38,5.53
12/11/2024 09:14 a. m.,Ordeño,08:49,17.40,1,,,,,0,,0.78,0.66,1.08,1.14,0,0,0,0,4.48,4.57,4.61,4.42,VMS 3,,Tanque,,1.14,1.02,1.38,1.56,3.14,3.50,5.31,5.45
12/11/2024 05:11 p. m.,Ordeño,07:47,12.00,2,,,,,0,,0.78,0.60,1.08,1.14,0,0,0,0,4.48,4.57,4.48,4.42,VMS 3,,Tanque,,1.14,1.08,1.38,1.44,2.42,2.31,3.44,3.83
12/11/2024 10:01 p. m.,Ordeño,06:33,7.39,3,,,,,0,,0.72,0.54,1.02,1.02,0,0,0,0,4.35,4.51,4.48,4.48,VMS 3,,Tanque,,1.02,0.84,1.44,1.44,1.49,1.46,2.15,2.29
13/11/2024 08:07 a. m.,Ordeño,08:37,17.54,1,,,,,0,,0.78,0.66,1.20,1.14,0,0,0,0,4.55,4.63,4.61,4.63,VMS 3,,Tanque,,1.20,1.02,1.56,1.56,2.99,3.50,5.33,5.72
13/11/2024 05:10 p. m.,Ordeño,08:38,16.18,2,,,,,0,,0.84,0.60,1.08,1.08,0,0,0,0,4.60,4.68,4.74,4.74,VMS 3,,Tanque,,1.50,0.90,1.38,1.56,3.36,3.09,4.62,5.11
14/11/2024 08:23 a. m.,Ordeño,11:41,25.52,1,,,,,0,,0.90,0.60,1.20,1.20,0,0,0,0,4.74,4.79,4.82,4.95,VMS 3,,Tanque,,1.20,0.90,1.62,1.56,4.91,4.91,7.72,7.98
14/11/2024 05:08 p. m.,Ordeño,08:07,15.66,2,,,,,0,,0.84,0.60,1.08,1.02,0,0,0,0,4.51,4.45,4.58,4.49,VMS 3,,Tanque,,1.32,0.96,1.38,1.50,2.83,3.26,4.58,4.99
15/11/2024 02:13 a. m.,Ordeño,08:11,15.87,1,,,,,0,,0.78,0.60,1.08,1.02,0,0,0,0,4.62,4.61,4.67,4.67,VMS 3,,Tanque,,1.14,0.90,1.44,1.38,3.11,3.10,4.72,4.94
15/11/2024 11:50 a. m.,Ordeño,09:21,18.02,2,,,,,0,,0.78,0.54,1.02,1.08,0,0,0,0,4.71,4.72,4.74,4.79,VMS 3,,Tanque,,1.14,0.90,1.38,1.44,3.43,3.54,5.33,5.72
15/11/2024 05:34 p. m.,Ordeño,06:27,10.67,3,,,,,0,,0.72,0.54,1.02,1.02,0,0,0,0,4.55,4.55,4.61,4.64,VMS 3,,Tanque,,1.02,0.84,1.56,1.44,2.18,2.04,3.12,3.33
16/11/2024 03:21 a. m.,Ordeño,09:43,19.19,1,,,,,0,,0.72,0.60,1.14,1.14,0,0,0,0,4.87,4.89,4.97,5.02,VMS 3,,Tanque,,1.14,0.96,1.50,1.44,3.57,3.79,5.75,6.08
16/11/2024 09:30 a. m.,Ordeño,07:55,12.58,2,,,,,0,,0.78,0.54,1.02,1.02,0,0,0,0,4.56,4.55,4.64,4.61,VMS 3,,Tanque,,1.08,0.84,1.38,1.44,2.48,2.52,3.67,3.91
16/11/2024 08:49 p. m.,Ordeño,10:29,19.97,3,,,,,0,,0.72,0.54,1.02,1.02,0,0,0,0,4.69,4.74,4.74,4.85,VMS 3,,Tanque,,1.02,0.90,1.38,1.44,3.79,3.73,6.04,6.41
17/11/2024 07:48 a. m.,Ordeño,09:34,20.30,1,,,,,0,,0.72,0.60,1.14,1.14,0,0,0,0,4.48,4.50,4.49,4.49,VMS 3,,Tanque,,1.08,0.96,1.56,1.50,3.90,3.90,6.05,6.45
17/11/2024 06:06 p. m.,Ordeño,10:00,21.54,2,,,,,0,,0.78,0.60,1.14,1.08,0,0,0,0,4.75,4.69,4.69,4.76,VMS 3,,Tanque,,1.14,1.02,1.50,1.50,4.16,4.15,6.53,6.70
17/11/2024 11:36 p. m.,Ordeño,07:18,11.97,3,,,,,0,,0.66,0.54,0.96,1.02,0,0,0,0,4.50,4.49,4.66,4.51,VMS 3,,Tanque,,0.96,0.84,1.26,1.50,2.24,2.35,3.43,3.95
18/11/2024 09:52 a. m.,Ordeño,09:30,20.79,1,,,,,0,,0.78,0.60,1.20,1.20,0,0,0,0,5.10,5.02,5.07,5.18,VMS 3,,Tanque,,1.20,0.96,1.62,1.56,4.03,3.94,6.31,6.51
18/11/2024 07:18 p. m.,Ordeño,09:09,18.59,2,,,,,0,,0.78,0.60,1.14,1.08,0,0,0,0,4.60,4.61,4.73,4.76,VMS 3,,Tanque,,1.20,0.84,1.50,1.68,3.71,3.56,5.56,5.76
19/11/2024 08:40 a. m.,Ordeño,09:58,22.66,1,,,,,0,,0.84,0.60,1.26,1.14,0,0,0,0,4.86,4.76,4.77,4.84,VMS 3,,Tanque,,1.20,1.08,1.62,1.56,4.32,4.48,6.94,6.92
19/11/2024 07:48 p. m.,Ordeño,08:58,18.57,2,,,,,0,,0.78,0.60,1.08,0.96,0,0,0,0,4.67,4.55,4.64,4.63,VMS 3,,Tanque,,1.20,0.84,1.44,1.38,3.66,3.54,5.60,5.77
20/11/2024 05:26 a. m.,Ordeño,08:34,18.31,1,,,,,0,,0.84,0.60,1.20,1.20,0,0,0,0,4.51,4.51,4.58,4.43,VMS 3,,Tanque,,1.20,0.96,1.68,1.68,3.42,3.54,5.53,5.82
20/11/2024 01:48 p. m.,Ordeño,08:24,16.44,2,,,,,0,,0.72,0.60,1.08,0.96,0,0,0,0,4.59,4.68,4.71,4.17,VMS 3,,Tanque,,1.08,0.90,1.44,1.38,3.13,3.16,4.89,5.26
21/11/2024 03:51 a. m.,Ordeño,09:21,24.55,1,,,,,0,,0.84,0.72,1.20,1.14,0,0,0,0,4.72,4.56,4.74,4.68,VMS 3,,Tanque,,1.20,1.08,1.56,1.56,4.79,4.62,7.62,7.52
21/11/2024 09:18 a. m.,Ordeño,06:27,10.41,2,,,,,0,,0.78,0.60,1.08,1.14,0,0,0,0,4.11,4.23,4.24,4.17,VMS 3,,Tanque,,1.08,0.96,1.44,1.44,1.59,2.17,3.26,3.39
21/11/2024 07:09 p. m.,Ordeño,08:03,18.45,3,,,,,0,,0.84,0.66,1.14,1.20,0,0,0,0,4.69,4.78,4.76,4.79,VMS 3,,Tanque,,1.26,0.96,1.68,1.62,3.85,3.46,5.43,5.71
22/11/2024 05:33 a. m.,Ordeño,09:00,17.48,1,,,,,0,,0.78,0.60,1.02,1.02,0,0,0,0,4.66,4.78,4.73,4.79,VMS 3,,Tanque,,1.26,1.02,1.32,1.44,3.45,3.36,5.25,5.42
22/11/2024 11:37 a. m.,Ordeño,11:38,5.10,2,,,TD,TD,0,,0.54,0.60,0.96,0.00,0,0,0,0,4.13,4.52,4.48,0.00,VMS 3,,Tanque,,1.08,0.90,1.44,0.00,1.11,1.69,2.30,0.00
22/11/2024 09:30 p. m.,Ordeño,08:39,19.81,3,,,,,0,,0.84,0.66,1.14,1.14,0,0,0,0,4.32,4.26,4.37,4.14,VMS 3,,Tanque,,1.26,0.96,1.56,1.56,3.53,3.57,6.88,5.83
23/11/2024 10:44 a. m.,Ordeño,08:50,19.61,1,,,,,0,,0.90,0.72,1.14,1.02,0,0,0,0,4.77,4.73,4.56,4.63,VMS 3,,Tanque,,1.32,1.02,1.56,1.44,3.53,4.19,5.42,6.47
23/11/2024 04:14 p. m.,Ordeño,08:10,6.28,2,,,TI,,0,,0.60,0.72,1.02,1.02,0,0,0,0,4.51,4.60,4.42,4.57,VMS 3,,Tanque,,1.38,1.02,1.38,1.56,1.29,1.35,0.93,2.71
23/11/2024 07:44 p. m.,Ordeño,11:12,5.98,3,,,,,0,,0.54,0.54,0.78,0.72,0,0,0,0,3.86,4.11,3.98,3.67,VMS 3,,Tanque,,1.32,0.84,1.20,1.08,1.03,1.04,1.71,2.20
24/11/2024 06:19 a. m.,Ordeño,08:18,18.54,1,,,,,0,,0.90,0.66,1.08,1.14,0,0,0,0,4.31,4.44,4.37,4.23,VMS 3,,Tanque,,1.26,1.02,1.62,1.50,3.70,3.70,5.27,5.87
24/11/2024 02:06 p. m.,Ordeño,06:50,13.11,2,,,,,0,,0.84,0.66,1.02,0.96,0,0,0,0,4.65,4.65,4.78,4.61,VMS 3,,Tanque,,1.20,1.02,1.50,1.38,2.42,2.65,3.82,4.22
25/11/2024 12:20 a. m.,Ordeño,12:31,15.64,1,,TD,,,0,,0.84,0.66,0.90,1.08,0,0,0,0,4.59,4.61,4.65,4.64,VMS 3,,Tanque,,1.20,0.96,1.44,1.92,2.60,3.36,4.80,4.88
25/11/2024 09:35 a. m.,Ordeño,09:53,16.95,2,,TD,,,0,,0.84,0.66,1.02,1.14,0,0,0,0,4.71,4.64,4.54,4.60,VMS 3,,Tanque,,1.20,1.02,1.50,1.56,3.42,3.15,6.53,3.85
25/11/2024 04:52 p. m.,Ordeño,07:20,8.87,3,,,TI,TI,0,,0.84,0.60,0.00,1.02,0,0,0,0,4.51,4.61,0.00,4.52,VMS 3,,Tanque,,1.20,0.96,0.00,1.44,2.47,2.49,0.00,3.91
26/11/2024 02:23 a. m.,Ordeño,10:31,19.93,1,,,,,0,,0.78,0.66,1.08,1.02,0,0,0,0,4.58,4.75,4.62,4.68,VMS 3,,Tanque,,1.08,1.08,1.38,1.50,3.05,3.32,8.15,5.41
26/11/2024 09:27 a. m.,Ordeño,08:52,13.19,2,,,,,0,,0.72,0.54,1.02,0.96,0,0,0,0,4.59,4.62,4.22,4.39,VMS 3,,Tanque,,1.14,0.84,1.38,1.32,2.40,2.63,3.80,4.36
26/11/2024 09:49 p. m.,Ordeño,09:51,21.96,3,,,,,0,,0.78,0.66,1.02,1.02,0,0,0,0,4.86,4.84,4.78,4.68,VMS 3,,Tanque,,1.20,1.08,1.44,1.44,4.18,4.36,6.23,7.19
27/11/2024 06:54 a. m.,Ordeño,09:30,17.76,1,,,,,0,,0.78,0.60,0.96,0.96,0,0,0,0,4.53,4.53,4.63,4.53,VMS 3,,Tanque,,1.08,0.90,1.32,1.32,3.20,3.69,5.01,5.86
27/11/2024 03:29 p. m.,Ordeño,07:30,14.87,2,,,,,0,,0.84,0.66,1.08,0.96,0,0,0,0,4.60,4.46,4.63,4.33,VMS 3,,Tanque,,1.14,0.90,1.44,1.32,2.73,3.03,4.18,4.93
28/11/2024 12:58 a. m.,Ordeño,08:27,18.02,1,,,,,0,,0.78,0.66,1.02,1.02,0,0,0,0,4.55,4.57,4.59,4.05,VMS 3,,Tanque,,1.08,1.02,1.44,1.44,3.02,3.60,5.41,5.99
28/11/2024 09:11 a. m.,Ordeño,07:48,16.49,2,,,,,0,,0.90,0.66,1.02,1.08,0,0,0,0,4.74,4.64,4.46,4.52,VMS 3,,Tanque,,1.26,0.90,1.50,1.44,3.10,3.22,5.01,5.16
28/11/2024 05:04 p. m.,Ordeño,08:06,14.49,3,,,,,0,,0.78,0.54,1.08,0.96,0,0,0,0,4.83,4.75,4.83,4.63,VMS 3,,Tanque,,1.14,0.90,1.44,1.44,2.90,2.71,4.23,4.65
28/11/2024 11:11 p. m.,Ordeño,07:12,12.14,4,,,,,0,,0.78,0.60,1.08,1.02,0,0,0,0,4.63,4.63,4.65,4.64,VMS 3,,Tanque,,1.08,0.84,1.44,1.44,2.25,2.50,3.43,3.96
29/11/2024 05:41 a. m.,Ordeño,07:25,12.47,1,,,,,0,,0.78,0.54,1.02,0.96,0,0,0,0,4.94,4.83,4.95,4.98,VMS 3,,Tanque,,1.08,0.84,1.44,1.38,2.21,2.48,3.67,4.11
29/11/2024 02:29 p. m.,Ordeño,08:23,16.25,2,,,,,0,,0.78,0.54,1.08,1.02,0,0,0,0,4.85,4.66,4.54,4.64,VMS 3,,Tanque,,1.20,0.84,2.82,1.44,3.12,3.09,5.02,5.02
30/11/2024 02:22 a. m.,Ordeño,09:08,19.53,1,,,,,0,,0.78,0.60,1.08,1.02,0,0,0,0,4.68,4.57,4.56,4.48,VMS 3,,Tanque,,1.14,0.90,1.44,1.44,3.72,3.71,5.88,6.22
30/11/2024 09:44 a. m.,Ordeño,08:46,15.63,2,,,,,0,,0.84,0.60,1.08,1.08,0,0,0,0,4.55,4.52,4.57,4.52,VMS 3,,Tanque,,1.14,0.96,1.56,1.50,2.79,3.09,4.68,5.07
30/11/2024 04:55 p. m.,Ordeño,07:02,13.42,3,,,,,0,,0.78,0.60,1.08,1.08,0,0,0,0,4.63,4.66,4.64,4.57,VMS 3,,Tanque,,1.14,0.96,1.44,1.56,2.61,2.66,3.92,4.23
01/12/2024 01:15 a. m.,Ordeño,08:00,16.53,1,,,,,0,,0.78,0.60,1.08,1.02,0,0,0,0,4.76,4.65,4.75,4.54,VMS 3,,Tanque,,1.08,1.02,1.50,1.50,3.20,3.24,4.75,5.34
01/12/2024 09:26 a. m.,Ordeño,08:28,16.29,2,,,,,0,,0.78,0.60,1.02,1.08,0,0,0,0,4.76,4.66,4.80,4.74,VMS 3,,Tanque,,1.14,0.90,1.50,1.50,3.17,3.14,4.70,5.28
01/12/2024 06:39 p. m.,Ordeño,10:06,14.61,3,,,,,0,,0.78,0.54,0.90,0.96,0,0,0,0,4.59,4.64,4.59,4.47,VMS 3,,Tanque,,1.08,0.90,1.20,1.56,2.71,2.79,4.24,4.87
02/12/2024 12:03 a. m.,Ordeño,07:03,12.59,1,,,,,0,,0.84,0.60,0.96,1.08,0,0,0,0,4.58,4.47,4.37,4.41,VMS 3,,Tanque,,1.08,0.96,1.44,1.50,2.46,2.48,3.75,3.90
02/12/2024 06:06 a. m.,Ordeño,07:38,12.56,2,,,,,0,,0.78,0.54,0.96,1.02,0,0,0,0,4.62,4.64,4.58,4.72,VMS 3,,Tanque,,1.14,0.90,1.50,1.44,2.38,2.52,3.72,3.94
02/12/2024 01:55 p. m.,Ordeño,07:45,14.10,3,,,,,0,,0.78,0.60,1.02,1.02,0,0,0,0,4.53,4.48,4.56,4.53,VMS 3,,Tanque,,1.14,0.90,1.62,1.50,2.68,2.78,4.11,4.53
02/12/2024 10:01 p. m.,Ordeño,07:47,14.05,4,,,,,0,,0.66,0.54,0.96,1.02,0,0,0,0,4.43,4.45,4.45,4.42,VMS 3,,Tanque,,0.96,0.96,1.44,1.50,2.52,2.84,4.08,4.61
03/12/2024 12:31 p. m.,Ordeño,10:20,23.83,1,,,,,0,,0.84,0.60,1.08,1.08,0,0,0,0,5.12,4.70,4.66,4.81,VMS 3,,Tanque,,1.32,1.08,1.50,1.56,4.91,4.62,6.75,7.55
03/12/2024 06:49 p. m.,Ordeño,06:27,11.06,2,,,,,0,,0.72,0.60,0.90,1.02,0,0,0,0,4.15,4.09,4.12,3.92,VMS 3,,Tanque,,1.14,0.90,1.38,1.38,1.93,2.23,3.22,3.68
04/12/2024 08:26 a. m.,Ordeño,10:28,24.25,1,,,,,0,,0.84,0.60,1.08,1.08,0,0,0,0,4.78,4.77,4.79,4.90,VMS 3,,Tanque,,1.14,0.90,1.50,1.50,4.72,4.54,7.29,7.70
04/12/2024 03:57 p. m.,Ordeño,07:27,14.93,2,,,,,0,,0.78,0.60,0.96,1.02,0,0,0,0,4.75,4.64,4.76,4.68,VMS 3,,Tanque,,1.26,1.02,1.44,1.44,2.97,2.87,4.34,4.75
05/12/2024 01:45 a. m.,Ordeño,08:38,17.17,1,,,,,0,,0.72,0.60,0.96,1.02,0,0,0,0,4.76,4.73,4.78,4.70,VMS 3,,Tanque,,1.02,0.90,1.38,1.38,3.30,3.32,5.05,5.50
05/12/2024 10:15 a. m.,Ordeño,08:42,16.74,2,,,,,0,,0.84,0.60,1.02,1.02,0,0,0,0,4.67,4.74,4.70,4.73,VMS 3,,Tanque,,1.26,0.96,1.56,1.44,3.06,3.31,4.98,5.39
05/12/2024 04:09 p. m.,Ordeño,06:35,10.12,3,,,,,0,,0.72,0.54,0.96,1.02,0,0,0,0,4.53,4.54,4.60,4.55,VMS 3,,Tanque,,1.08,0.84,1.38,1.38,1.84,2.00,2.91,3.37
05/12/2024 10:28 p. m.,Ordeño,06:58,11.14,4,,,,,0,,0.78,0.54,0.96,1.08,0,0,0,0,4.51,4.58,4.62,4.58,VMS 3,,Tanque,,1.08,0.84,1.38,1.50,2.28,2.11,3.17,3.58
06/12/2024 03:20 p. m.,Ordeño,09:35,24.56,1,,,,,0,,0.84,0.72,1.08,1.20,0,0,0,0,5.42,5.04,4.75,5.02,VMS 3,,Tanque,,1.32,1.08,1.44,1.62,5.25,5.00,6.22,8.09
07/12/2024 01:51 a. m.,Ordeño,08:54,18.16,1,,,,,0,,0.84,0.60,1.08,1.08,0,0,0,0,4.44,4.37,4.33,4.34,VMS 3,,Tanque,,1.26,0.90,1.50,1.44,3.53,3.56,5.22,5.85
07/12/2024 09:49 a. m.,Ordeño,07:22,13.06,2,,,,,0,,0.72,0.54,1.02,0.96,0,0,0,0,4.51,4.44,4.55,4.32,VMS 3,,Tanque,,1.02,0.84,1.38,1.38,2.67,2.51,3.87,4.01
07/12/2024 09:21 p. m.,Ordeño,08:39,19.61,3,,,,,0,,0.78,0.66,1.08,1.08,0,0,0,0,4.97,4.88,4.89,4.95,VMS 3,,Tanque,,1.08,0.90,1.50,1.56,3.97,3.64,5.83,6.17
08/12/2024 05:04 a. m.,Ordeño,08:16,16.47,1,,,,,0,,0.78,0.60,1.14,1.20,0,0,0,0,4.77,4.74,4.76,4.75,VMS 3,,Tanque,,1.14,0.90,1.44,1.74,2.93,3.36,4.85,5.33
08/12/2024 09:33 p. m.,Ordeño,11:07,27.55,2,,,,,0,,0.90,0.66,1.20,1.14,0,0,0,0,5.09,4.83,4.77,4.88,VMS 3,,Tanque,,1.26,0.96,1.62,1.62,5.64,5.44,7.59,8.88
09/12/2024 07:15 a. m.,Ordeño,08:56,18.81,1,,,,,0,,0.90,0.60,1.20,1.14,0,0,0,0,4.60,4.50,4.59,4.47,VMS 3,,Tanque,,1.32,0.84,1.62,1.56,3.63,3.55,5.66,5.97
09/12/2024 06:18 p. m.,Ordeño,08:42,19.16,2,,,,,0,,0.78,0.60,1.14,1.14,0,0,0,0,4.71,4.61,4.66,4.65,VMS 3,,Tanque,,1.20,1.02,1.50,1.50,3.87,3.62,5.69,5.98
10/12/2024 06:31 a. m.,Ordeño,08:29,21.19,1,,,,,0,,0.84,0.72,1.20,1.26,0,0,0,0,4.44,4.42,4.51,4.52,VMS 3,,Tanque,,1.26,1.14,1.56,1.74,3.89,4.17,6.43,6.70
10/12/2024 06:27 p. m.,Ordeño,07:53,17.93,2,,,,,0,,0.96,0.66,1.20,1.14,0,0,0,0,4.60,4.58,4.55,4.49,VMS 3,,Tanque,,1.38,1.02,1.68,1.62,3.54,3.47,5.32,5.60
11/12/2024 08:19 a. m.,Ordeño,09:11,23.26,1,,,,,0,,0.90,0.72,1.20,1.14,0,0,0,0,4.71,4.75,4.75,4.75,VMS 3,,Tanque,,1.26,1.08,1.80,1.56,4.46,4.55,6.86,7.39
11/12/2024 09:42 p. m.,Ordeño,08:59,21.15,2,,,,,0,,0.84,0.66,1.08,1.14,0,0,0,0,4.45,4.49,4.55,4.46,VMS 3,,Tanque,,1.14,1.02,1.44,1.68,4.00,4.12,6.30,6.73
12/12/2024 05:14 a. m.,Ordeño,13:19,4.99,1,,,"TI,TD","TI,TD",0,,0.72,0.66,0.00,0.00,0,0,0,0,3.87,4.40,0.00,0.00,VMS 3,,Tanque,,1.14,1.02,0.00,0.00,2.17,2.82,0.00,0.00
12/12/2024 02:00 p. m.,Ordeño,08:39,20.96,2,,,,,0,TI,0.84,0.60,1.20,1.20,0,0,0,0,3.49,4.37,4.53,4.49,VMS 3,,Tanque,,1.26,0.96,1.56,1.74,3.39,2.81,7.02,7.74
13/12/2024 04:45 a. m.,Ordeño,11:05,22.10,1,,,,,0,,0.54,0.54,1.14,1.14,0,0,0,0,2.41,4.50,4.31,4.32,VMS 3,,Tanque,,0.90,0.90,1.56,1.62,3.65,4.35,6.84,7.26
14/12/2024 07:05 p. m.,Ordeño,07:40,14.75,2,,,,,0,,0.84,0.72,1.14,1.14,0,0,0,0,4.45,4.37,4.44,4.22,VMS 3,,Tanque,,1.38,1.08,1.50,1.62,3.03,2.79,4.17,4.76
15/12/2024 08:32 a. m.,Ordeño,09:11,20.64,1,,,,,0,,0.96,0.66,1.20,1.14,0,0,0,0,4.71,4.64,4.69,4.78,VMS 3,,Tanque,,1.38,1.02,1.56,1.62,3.83,4.19,6.20,6.42
15/12/2024 06:07 p. m.,Ordeño,07:26,14.86,2,,,,,0,,0.84,0.66,1.14,1.08,0,0,0,0,4.60,4.62,4.65,4.55,VMS 3,,Tanque,,1.26,0.96,1.50,1.56,2.93,2.99,4.39,4.55
16/12/2024 08:17 a. m.,Ordeño,09:58,23.73,1,,,,,0,,0.96,0.66,1.14,1.20,0,0,0,0,4.90,4.81,4.93,4.92,VMS 3,,Tanque,,1.32,1.02,1.50,1.80,4.64,4.67,6.99,7.43
16/12/2024 03:20 p. m.,Ordeño,08:13,12.64,2,,,,,0,,0.90,0.66,1.20,1.08,0,0,0,0,4.43,4.42,4.55,4.49,VMS 3,,Tanque,,1.26,0.96,1.50,2.16,2.28,2.61,3.54,4.21
17/12/2024 12:52 a. m.,Ordeño,08:06,14.72,1,,,,,0,,0.90,0.60,1.14,1.08,0,0,0,0,4.44,4.61,4.68,4.63,VMS 3,,Tanque,,1.38,0.84,1.62,1.74,3.02,2.82,4.23,4.65
17/12/2024 07:32 a. m.,Ordeño,12:51,10.89,2,,,,,0,,0.78,0.66,0.96,1.14,0,0,0,0,4.58,4.61,4.75,4.56,VMS 3,,Tanque,,1.14,0.96,1.26,1.74,1.83,2.44,2.75,3.87
17/12/2024 02:27 p. m.,Ordeño,06:31,12.76,3,,,,,0,,0.96,0.60,1.14,1.02,0,0,0,0,4.64,4.69,4.67,4.83,VMS 3,,Tanque,,1.44,0.90,1.50,1.50,2.85,2.26,4.00,3.65
18/12/2024 12:04 a. m.,Ordeño,07:47,14.83,1,,,,,0,,0.84,0.60,1.08,1.08,0,0,0,0,4.62,4.67,4.62,4.72,VMS 3,,Tanque,,1.26,0.96,1.50,1.50,2.74,2.91,4.31,4.87
18/12/2024 08:38 a. m.,Ordeño,08:50,15.09,2,,,,,0,,0.90,0.54,1.08,1.08,0,0,0,0,4.66,4.57,4.63,4.63,VMS 3,,Tanque,,1.32,0.84,1.44,1.56,2.83,3.01,4.38,4.87
18/12/2024 05:01 p. m.,Ordeño,07:59,14.74,3,,,,,0,,0.84,0.60,1.08,1.08,0,0,0,0,4.80,4.74,4.70,4.73,VMS 3,,Tanque,,1.20,0.90,1.44,1.50,3.05,2.89,4.23,4.57
19/12/2024 12:23 a. m.,Ordeño,07:32,12.22,1,,DD,,,0,,0.90,0.54,0.96,1.02,0,0,0,0,4.55,4.60,4.62,4.59,VMS 3,,Tanque,,1.44,1.20,1.38,1.38,2.70,1.72,3.74,4.06
19/12/2024 04:15 p. m.,Ordeño,12:06,26.37,2,,,,,0,,0.90,0.60,1.02,1.14,0,0,0,0,4.86,4.87,4.84,4.86,VMS 3,,Tanque,,1.26,0.90,1.50,1.62,5.23,5.41,7.47,8.26
20/12/2024 05:08 a. m.,Ordeño,09:27,21.50,1,,,,,0,,0.90,0.66,1.20,1.20,0,0,0,0,4.39,4.39,4.51,4.40,VMS 3,,Tanque,,1.26,1.02,1.68,1.68,4.09,4.20,6.37,6.84
20/12/2024 03:41 p. m.,Ordeño,07:50,16.95,2,,,,,0,,1.02,0.66,1.20,1.20,0,0,0,0,4.52,4.48,4.68,4.54,VMS 3,,Tanque,,1.50,0.96,1.62,1.74,3.40,3.19,5.03,5.33
20/12/2024 11:19 p. m.,Ordeño,08:50,12.18,3,,,,,0,,0.84,0.60,1.08,1.14,0,0,0,0,4.67,4.57,4.67,4.65,VMS 3,,Tanque,,1.20,0.90,1.50,1.62,2.42,2.34,3.56,3.86
21/12/2024 11:28 a. m.,Ordeño,09:02,21.63,1,,,,,0,,0.90,0.66,1.20,1.26,0,0,0,0,4.81,4.74,4.77,4.78,VMS 3,,Tanque,,1.26,1.02,1.68,1.80,4.34,4.11,6.42,6.76
22/12/2024 12:12 a. m.,Ordeño,09:30,21.94,1,,,,,0,,0.84,0.66,1.14,1.26,0,0,0,0,4.67,4.61,4.61,4.79,VMS 3,,Tanque,,1.32,1.02,1.50,1.68,4.40,4.28,6.39,6.87
22/12/2024 12:05 p. m.,Ordeño,15:08,0.00,2,,,Todos,Todos,0,,0.00,0.00,0.00,0.00,0,0,0,0,0.00,0.00,0.00,0.00,VMS 3,,Tanque,,0.00,0.00,0.00,0.00,0.00,0.00,0.00,0.00
22/12/2024 03:43 p. m.,Ordeño,10:51,24.86,3,,,,,0,,0.96,0.66,1.14,1.26,0,0,0,0,5.11,4.83,4.82,5.00,VMS 3,,Tanque,,1.32,0.96,1.50,1.86,5.23,4.79,6.80,8.04
23/12/2024 06:10 a. m.,Ordeño,10:07,26.65,1,,,,,0,,0.96,0.66,1.20,1.26,0,0,0,0,4.48,4.56,4.54,4.58,VMS 3,,Tanque,,1.44,1.14,1.56,1.74,5.47,5.08,7.81,8.29
23/12/2024 01:57 p. m.,Ordeño,07:24,13.94,2,,,,,0,,0.84,0.66,1.14,1.14,0,0,0,0,4.32,4.19,4.45,4.39,VMS 3,,Tanque,,1.26,0.96,1.50,1.62,2.35,2.83,4.30,4.46
24/12/2024 04:57 a. m.,Ordeño,09:53,25.03,1,,,,,0,,0.96,0.66,1.20,1.38,0,0,0,0,4.81,4.69,4.70,4.83,VMS 3,,Tanque,,1.44,1.08,1.86,1.86,5.32,4.72,7.35,7.64
24/12/2024 12:12 p. m.,Ordeño,06:40,12.11,2,,,,,0,,0.84,0.60,1.14,1.26,0,0,0,0,4.33,4.37,4.45,4.47,VMS 3,,Tanque,,1.20,1.02,1.50,1.92,2.40,2.46,3.51,3.74
24/12/2024 07:59 p. m.,Ordeño,09:45,4.66,3,,DI,"TI,TD","TI,TD",0,,0.96,0.72,0.00,0.00,0,0,0,0,4.66,4.64,0.00,0.00,VMS 3,,Tanque,,1.68,1.02,0.00,0.00,2.20,2.46,0.00,0.00
24/12/2024 10:41 p. m.,Ordeño,10:47,10.51,4,,,,,0,,0.78,0.48,1.20,1.08,0,0,0,0,4.64,4.59,4.87,4.85,VMS 3,,Tanque,,1.20,0.72,1.62,1.44,1.03,0.70,4.65,4.13
25/12/2024 08:52 a. m.,Ordeño,08:42,19.65,1,,,,,0,,0.90,0.66,1.14,1.26,0,0,0,0,4.44,4.50,4.44,4.51,VMS 3,,Tanque,,1.38,1.02,1.56,1.74,3.87,3.65,5.71,6.42
25/12/2024 07:12 p. m.,Ordeño,09:26,17.18,2,,,,,0,,0.96,0.66,1.14,1.20,0,0,0,0,4.66,4.65,4.70,4.68,VMS 3,,Tanque,,1.32,0.96,1.56,1.74,3.41,3.32,5.19,5.26
26/12/2024 09:25 a. m.,Ordeño,10:11,25.02,1,,DI,,,0,,0.96,0.66,1.20,1.32,0,0,0,0,4.66,4.64,4.70,4.70,VMS 3,,Tanque,,1.50,1.02,1.68,1.80,5.20,4.83,7.34,7.65
26/12/2024 07:20 p. m.,Ordeño,07:33,16.89,2,,,,,0,,0.90,0.72,1.08,1.20,0,0,0,0,4.50,4.36,4.45,4.45,VMS 3,,Tanque,,1.50,1.14,1.50,1.62,3.35,3.39,5.01,5.14
27/12/2024 09:12 a. m.,Ordeño,09:04,22.44,1,,,,,0,,1.02,0.66,1.26,1.32,0,0,0,0,4.74,4.67,4.71,4.78,VMS 3,,Tanque,,1.50,1.02,1.62,1.86,4.43,4.33,6.63,7.05
27/12/2024 07:57 p. m.,Ordeño,07:05,14.58,2,,,,,0,,0.90,0.66,1.08,1.20,0,0,0,0,4.53,4.42,4.47,4.47,VMS 3,,Tanque,,1.32,0.96,1.50,1.56,3.09,2.90,4.28,4.31
28/12/2024 10:15 a. m.,Ordeño,10:23,21.58,1,,,,,0,,0.90,0.66,1.14,1.26,0,0,0,0,4.14,4.37,4.47,4.44,VMS 3,,Tanque,,1.62,0.96,1.62,1.68,4.21,4.16,6.45,6.76
28/12/2024 08:51 p. m.,Ordeño,08:39,17.88,2,,,,,0,,0.78,0.60,1.08,1.14,0,0,0,0,2.68,4.33,4.48,4.44,VMS 3,,Tanque,,1.26,0.90,1.56,1.56,4.16,3.36,5.06,5.30
29/12/2024 08:32 a. m.,Ordeño,08:56,20.39,1,,,,,0,,0.96,0.66,1.20,1.26,0,0,0,0,5.35,4.67,4.79,4.83,VMS 3,,Tanque,,1.38,1.02,1.56,1.68,4.20,3.94,5.98,6.27
29/12/2024 09:41 p. m.,Ordeño,09:56,22.35,2,,,,,0,,0.90,0.60,1.08,1.14,0,0,0,0,4.96,4.54,4.67,4.66,VMS 3,,Tanque,,1.32,0.96,1.62,1.62,4.49,4.22,6.74,6.90
30/12/2024 09:14 a. m.,Ordeño,09:10,20.37,1,,,,,0,,1.02,0.66,1.08,1.14,0,0,0,0,4.88,4.62,4.71,4.75,VMS 3,,Tanque,,1.44,1.02,1.62,1.56,3.96,3.99,6.11,6.31
30/12/2024 06:52 p. m.,Ordeño,07:35,15.96,2,,,,,0,,0.96,0.66,1.08,1.26,0,0,0,0,4.57,4.50,4.58,4.56,VMS 3,,Tanque,,1.26,1.08,1.50,1.68,2.99,3.20,4.63,5.14
31/12/2024 08:36 a. m.,Ordeño,08:55,23.15,1,,,,,0,,1.02,0.72,1.14,1.20,0,0,0,0,4.68,4.64,4.66,4.72,VMS 3,,Tanque,,1.44,1.08,1.50,1.62,4.71,4.50,6.74,7.20
31/12/2024 07:45 p. m.,Ordeño,08:26,19.19,2,,,,,0,,0.96,0.66,1.08,1.08,0,0,0,0,4.66,4.76,4.73,4.74,VMS 3,,Tanque,,1.44,1.08,1.74,1.50,3.75,3.82,5.68,5.94
01/01/2025 01:56 a. m.,Ordeño,06:42,9.04,1,,,DI,DI,0,,0.00,0.60,1.02,1.14,0,0,0,0,0.00,4.49,4.53,4.50,VMS 3,,Tanque,,0.00,0.96,1.50,1.62,0.00,2.30,3.10,3.64
01/01/2025 10:20 a. m.,Ordeño,07:18,16.86,2,,,,,0,,1.08,0.66,1.08,1.20,0,0,0,0,4.88,4.60,4.75,4.79,VMS 3,,Tanque,,1.44,0.90,1.50,1.56,4.95,2.91,4.35,4.65
01/01/2025 06:38 p. m.,Ordeño,06:50,13.30,3,,,,,0,,0.96,0.66,1.02,1.14,0,0,0,0,4.41,4.63,4.67,4.65,VMS 3,,Tanque,,1.44,0.96,1.56,1.50,2.54,2.60,3.90,4.26
02/01/2025 03:34 a. m.,Ordeño,07:44,15.52,1,,,,,0,,0.96,0.60,1.02,1.14,0,0,0,0,4.55,4.57,4.68,4.50,VMS 3,,Tanque,,1.44,1.02,1.50,1.56,2.99,3.07,4.58,4.88
02/01/2025 02:39 p. m.,Ordeño,07:55,17.89,2,,,,,0,,0.96,0.66,1.08,1.08,0,0,0,0,4.75,4.61,4.64,4.69,VMS 3,,Tanque,,1.44,0.96,1.50,1.56,3.45,3.47,5.36,5.61
03/01/2025 01:16 a. m.,Ordeño,07:09,14.36,1,,DI,,,0,,0.96,0.66,0.96,1.20,0,0,0,0,4.55,4.41,4.54,4.45,VMS 3,,Tanque,,1.68,0.96,1.32,1.68,2.90,2.75,4.29,4.42
03/01/2025 09:40 a. m.,Ordeño,07:50,13.47,2,,,,,0,,0.90,0.60,1.02,1.08,0,0,0,0,4.49,4.42,4.54,4.44,VMS 3,,Tanque,,1.38,1.20,1.50,1.56,2.65,2.65,3.97,4.20
03/01/2025 04:45 p. m.,Ordeño,06:29,11.10,3,,,,,0,,0.84,0.66,1.02,1.14,0,0,0,0,4.61,4.55,4.55,4.51,VMS 3,,Tanque,,1.26,0.96,1.44,1.50,1.98,2.28,3.23,3.61
04/01/2025 12:39 a. m.,Ordeño,07:32,12.61,1,,,,,0,,0.90,0.60,1.08,1.20,0,0,0,0,4.49,4.41,4.54,4.38,VMS 3,,Tanque,,1.44,0.96,1.56,1.50,2.59,2.47,3.59,3.96
04/01/2025 11:39 a. m.,Ordeño,09:10,18.18,2,,,,,0,,0.96,0.72,1.08,1.20,0,0,0,0,4.92,4.74,4.90,4.80,VMS 3,,Tanque,,1.56,1.14,1.62,1.50,3.62,3.53,5.26,5.77
05/01/2025 12:33 a. m.,Ordeño,08:34,20.51,1,,,,,0,,0.96,0.72,1.08,1.20,0,0,0,0,4.67,4.55,4.71,4.57,VMS 3,,Tanque,,1.38,1.08,1.50,1.56,3.60,4.17,6.11,6.63
05/01/2025 10:13 a. m.,Ordeño,07:36,15.30,2,,,,,0,,0.96,0.66,1.02,1.14,0,0,0,0,4.50,4.44,4.54,4.28,VMS 3,,Tanque,,1.38,1.02,1.44,1.50,3.10,2.93,4.48,4.79
05/01/2025 09:31 p. m.,Ordeño,08:33,18.69,3,,,,,0,,0.96,0.66,1.08,1.14,0,0,0,0,4.81,4.74,4.88,4.80,VMS 3,,Tanque,,1.38,1.08,1.56,1.56,3.58,3.58,5.55,5.98
06/01/2025 12:03 p. m.,Ordeño,09:31,24.72,1,,,,,0,,0.90,0.72,1.08,1.26,0,0,0,0,4.74,4.67,4.74,4.81,VMS 3,,Tanque,,1.32,1.20,1.50,1.68,4.93,4.84,7.21,7.74
07/01/2025 12:27 a. m.,Ordeño,12:04,13.29,1,,TI,TD,TD,0,,0.84,0.72,1.20,0.00,0,0,0,0,4.56,4.42,4.48,0.00,VMS 3,,Tanque,,1.32,1.02,1.62,0.00,3.10,3.92,6.27,0.00
07/01/2025 10:07 a. m.,Ordeño,07:08,4.78,2,,"DD,TI","DI,DD,TD","DI,TD",0,,0.00,0.48,1.26,0.00,0,0,0,0,0.00,4.42,4.63,0.00,VMS 3,,Tanque,,0.00,0.96,1.92,0.00,0.00,0.46,4.32,0.00
07/01/2025 12:26 p. m.,Ordeño,08:50,16.11,3,,,,,0,,0.96,0.66,1.32,0.96,0,0,0,0,4.90,4.62,4.99,4.46,VMS 3,,Tanque,,1.38,1.08,1.68,1.38,3.59,3.10,7.67,1.75
07/01/2025 06:42 p. m.,Ordeño,09:23,8.60,4,,,,,0,,0.54,0.66,0.96,1.14,0,0,0,0,4.09,4.21,4.35,4.50,VMS 3,,Tanque,,1.02,0.96,1.26,1.44,1.89,2.04,1.85,2.82
08/01/2025 02:17 a. m.,Ordeño,09:37,4.10,1,,,"TI,TD","TI,TD",0,,0.66,0.66,0.00,0.00,0,0,0,0,4.28,4.34,0.00,0.00,VMS 3,,Tanque,,1.14,0.96,0.00,0.00,1.93,2.17,0.00,0.00
08/01/2025 02:13 p. m.,Ordeño,09:35,23.98,2,,,,,0,,0.96,0.72,1.14,1.38,0,0,0,0,4.89,4.78,4.99,4.97,VMS 3,,Tanque,,1.38,1.20,1.62,1.74,3.83,4.11,6.52,9.52
09/01/2025 12:27 a. m.,Ordeño,08:44,12.22,1,,,DI,DI,0,,0.00,0.66,1.08,1.20,0,0,0,0,0.00,4.58,4.74,4.27,VMS 3,,Tanque,,0.00,1.08,1.50,1.56,0.00,3.48,3.76,4.98
10/01/2025 12:13 a. m.,Ordeño,09:22,14.46,1,,,,,0,,0.78,0.60,1.08,1.20,0,0,0,0,4.38,4.45,4.85,4.68,VMS 3,,Tanque,,1.20,1.02,1.50,1.86,2.08,3.32,4.02,5.04
11/01/2025 01:15 a. m.,Ordeño,08:07,16.81,1,,,,,0,,0.90,0.66,1.08,1.20,0,0,0,0,5.00,4.64,4.97,4.75,VMS 3,,Tanque,,1.32,1.02,1.50,1.50,3.09,3.62,4.58,5.52
11/01/2025 01:59 p. m.,Ordeño,08:38,19.20,2,,,,,0,,0.90,0.72,1.14,1.20,0,0,0,0,5.04,4.70,4.96,4.80,VMS 3,,Tanque,,1.32,1.32,1.56,1.62,3.48,4.07,5.52,6.13
12/01/2025 02:50 a. m.,Ordeño,08:39,18.09,1,,,,,0,,0.90,0.66,1.20,1.20,0,0,0,0,4.91,4.67,4.91,4.67,VMS 3,,Tanque,,1.26,0.96,1.68,1.50,3.33,3.67,5.21,5.88
12/01/2025 03:21 p. m.,Ordeño,08:20,18.07,2,,,,,0,,0.90,0.72,1.14,1.14,0,0,0,0,4.69,4.59,4.76,4.65,VMS 3,,Tanque,,1.32,1.14,1.62,1.62,3.30,3.69,5.15,5.93
13/01/2025 12:49 a. m.,Ordeño,06:47,11.19,1,,,,,0,,0.78,0.66,1.08,1.26,0,0,0,0,4.47,4.39,4.64,4.46,VMS 3,,Tanque,,1.20,0.96,1.44,1.80,1.95,2.30,3.36,3.58
13/01/2025 03:45 p. m.,Ordeño,09:17,22.07,2,,,,,0,,0.90,0.66,1.20,1.26,0,0,0,0,5.06,4.85,5.02,5.03,VMS 3,,Tanque,,1.26,1.02,1.68,1.68,4.06,4.38,6.42,7.21
14/01/2025 02:05 a. m.,Ordeño,06:55,12.26,1,,,,,0,,0.72,0.66,1.08,1.20,0,0,0,0,4.51,4.46,4.59,4.54,VMS 3,,Tanque,,1.20,1.02,1.62,1.56,2.05,2.62,3.54,4.05
14/01/2025 10:06 a. m.,Ordeño,08:27,11.98,2,,,,,0,,0.84,0.60,1.14,1.20,0,0,0,0,4.84,4.74,4.86,4.79,VMS 3,,Tanque,,1.26,1.08,1.50,1.62,2.25,2.45,3.34,3.94
15/01/2025 12:57 a. m.,Ordeño,08:17,24.11,1,,,,,0,,1.02,0.78,1.20,1.20,0,0,0,0,5.05,4.86,4.95,4.84,VMS 3,,Tanque,,1.50,1.20,1.62,1.74,4.31,4.88,7.06,7.86
15/01/2025 04:26 p. m.,Ordeño,08:54,22.15,2,,,,,0,,1.02,0.72,1.26,1.32,0,0,0,0,4.99,4.75,4.97,4.86,VMS 3,,Tanque,,1.68,1.14,1.74,1.68,4.21,4.39,6.50,7.05
16/01/2025 05:58 p. m.,Ordeño,07:15,14.70,2,,,,,0,,0.84,0.66,1.26,1.26,0,0,0,0,4.90,4.80,4.83,4.90,VMS 3,,Tanque,,1.26,1.02,1.68,1.74,2.92,2.94,4.24,4.60
17/01/2025 02:59 a. m.,Ordeño,06:53,13.72,1,,,,,0,,0.84,0.72,1.14,1.26,0,0,0,0,4.82,4.74,4.75,4.85,VMS 3,,Tanque,,1.20,1.14,1.68,1.68,2.36,2.89,3.99,4.48
17/01/2025 09:59 a. m.,Ordeño,06:22,10.62,2,,,,,0,,0.78,0.66,1.08,1.20,0,0,0,0,4.72,4.69,4.78,4.77,VMS 3,,Tanque,,1.26,0.96,1.38,1.74,1.99,2.21,3.02,3.40
17/01/2025 04:49 p. m.,Ordeño,15:05,5.59,3,,,TD,TD,0,,0.60,0.66,0.84,0.00,0,0,0,0,4.87,4.82,4.93,0.00,VMS 3,,Tanque,,1.20,1.08,1.20,0.00,1.53,2.11,1.95,0.00
18/01/2025 01:21 a. m.,Ordeño,08:02,18.04,1,,,,,0,,0.90,0.66,1.14,1.26,0,0,0,0,5.06,4.93,5.00,5.18,VMS 3,,Tanque,,1.38,1.02,1.56,1.74,2.61,2.93,4.98,7.52
18/01/2025 10:33 a. m.,Ordeño,07:30,15.57,2,,,,,0,,0.90,0.66,1.20,1.20,0,0,0,0,4.85,4.75,4.77,4.66,VMS 3,,Tanque,,1.44,1.14,1.68,1.62,3.00,3.16,4.43,4.98
18/01/2025 09:40 p. m.,Ordeño,11:12,11.99,3,,,TI,TI,0,,0.90,0.66,0.00,1.26,0,0,0,0,4.73,4.72,0.00,4.78,VMS 3,,Tanque,,1.38,1.20,0.00,1.80,3.24,3.27,0.00,5.48
19/01/2025 01:34 a. m.,Ordeño,09:51,8.92,1,,,,TD,0,,0.42,0.60,1.20,0.00,0,0,0,0,4.54,4.66,5.07,0.00,VMS 3,,Tanque,,0.78,0.90,1.68,0.00,1.00,1.52,6.40,0.00
19/01/2025 01:59 p. m.,Ordeño,09:30,23.60,2,,,,,0,,0.90,0.66,1.14,1.26,0,0,0,0,4.85,4.66,4.61,5.11,VMS 3,,Tanque,,1.32,1.14,1.56,1.74,4.04,4.31,6.51,8.74
19/01/2025 09:44 p. m.,Ordeño,08:43,11.69,3,,,,,0,,0.54,0.66,1.08,1.26,0,0,0,0,4.41,4.53,4.56,4.46,VMS 3,,Tanque,,0.96,1.02,1.56,1.74,1.77,2.66,3.17,4.09
20/01/2025 08:40 a. m.,Ordeño,08:19,19.41,1,,,,,0,,0.96,0.72,1.14,1.20,0,0,0,0,4.86,4.74,4.82,4.95,VMS 3,,Tanque,,1.38,1.08,1.56,1.68,4.09,3.84,5.55,5.93
20/01/2025 06:56 p. m.,Ordeño,07:56,17.72,2,,,,,0,,0.96,0.72,1.20,1.26,0,0,0,0,4.65,4.56,4.73,4.82,VMS 3,,Tanque,,1.44,1.08,1.68,1.74,3.24,3.61,5.19,5.68
21/01/2025 06:52 a. m.,Ordeño,09:32,20.71,1,,,,,0,,0.90,0.66,1.20,1.38,0,0,0,0,4.79,4.62,4.76,4.80,VMS 3,,Tanque,,1.32,0.96,1.68,1.92,3.72,4.25,6.06,6.68
21/01/2025 05:03 p. m.,Ordeño,13:51,16.54,2,,,,,0,,0.24,0.78,1.02,1.26,0,0,0,0,4.22,4.53,4.75,4.65,VMS 3,,Tanque,,0.78,1.14,1.56,1.68,0.55,3.49,6.90,5.60
21/01/2025 11:40 p. m.,Ordeño,06:23,11.06,3,,,,,0,,0.78,0.66,1.14,1.08,0,0,0,0,4.22,4.39,4.49,4.32,VMS 3,,Tanque,,1.20,1.02,1.74,1.56,1.76,2.06,2.96,4.28
22/01/2025 05:50 a. m.,Ordeño,06:34,10.78,1,,,,,0,,0.78,0.60,1.02,1.08,0,0,0,0,4.48,4.47,4.56,4.52,VMS 3,,Tanque,,1.14,1.02,1.50,1.62,1.89,2.16,3.16,3.57
22/01/2025 04:37 p. m.,Ordeño,09:41,12.79,2,,,TD,,0,,0.84,0.72,1.26,1.08,0,0,0,0,4.71,4.71,4.81,4.61,VMS 3,,Tanque,,1.32,1.08,2.04,1.56,3.44,3.63,3.84,1.88
23/01/2025 12:34 a. m.,Ordeño,08:31,15.78,1,,,,,0,,0.78,0.60,1.20,1.14,0,0,0,0,4.54,4.57,4.87,4.64,VMS 3,,Tanque,,1.32,0.90,1.68,1.56,2.15,2.60,6.91,4.12
23/01/2025 10:29 a. m.,Ordeño,07:22,18.23,2,,,,,0,,0.84,0.66,1.14,1.38,0,0,0,0,4.69,4.57,4.51,4.79,VMS 3,,Tanque,,1.32,1.14,1.62,1.80,3.71,3.67,4.83,6.02
23/01/2025 07:52 p. m.,Ordeño,13:26,12.99,3,,,,,0,,0.78,0.66,0.84,1.20,0,0,0,0,4.38,4.37,4.57,4.44,VMS 3,,Tanque,,1.26,1.20,1.32,1.62,2.35,2.92,2.89,4.83
24/01/2025 05:11 a. m.,Ordeño,10:38,14.59,1,,,,,0,,0.84,0.66,0.96,1.08,0,0,0,0,4.57,4.43,4.58,4.58,VMS 3,,Tanque,,1.26,1.02,1.38,1.50,3.03,2.94,4.09,4.53
24/01/2025 11:53 a. m.,Ordeño,06:59,12.17,2,,,,,0,,0.78,0.66,1.08,1.08,0,0,0,0,4.35,4.36,4.40,4.45,VMS 3,,Tanque,,1.26,1.08,1.56,1.56,2.28,2.44,3.65,3.80
24/01/2025 11:22 p. m.,Ordeño,08:29,18.38,3,,,,,0,,0.84,0.66,1.08,1.20,0,0,0,0,4.56,4.64,4.86,4.77,VMS 3,,Tanque,,1.38,1.08,1.44,1.56,3.45,3.67,5.13,6.13
25/01/2025 09:33 a. m.,Ordeño,08:41,17.51,1,,,,,0,,0.84,0.60,1.08,1.14,0,0,0,0,4.57,4.58,4.79,4.62,VMS 3,,Tanque,,1.32,1.02,1.56,1.50,3.43,3.58,4.80,5.70
25/01/2025 04:56 p. m.,Ordeño,10:15,11.58,2,,,,,0,,0.60,0.72,0.90,1.26,0,0,0,0,4.36,4.45,4.79,4.36,VMS 3,,Tanque,,1.02,1.02,1.38,1.92,2.19,2.52,2.97,3.90
26/01/2025 12:57 a. m.,Ordeño,07:44,8.52,1,,DD,TI,TI,0,,0.72,0.66,0.00,1.20,0,0,0,0,4.49,4.57,0.00,4.57,VMS 3,,Tanque,,1.20,1.62,0.00,1.68,2.40,1.81,0.00,4.31
26/01/2025 07:44 a. m.,Ordeño,09:21,15.43,2,,,,,0,,0.72,0.60,0.96,1.08,0,0,0,0,4.49,4.57,4.56,4.61,VMS 3,,Tanque,,1.26,1.02,1.44,1.44,2.12,2.99,6.58,3.74
26/01/2025 09:01 p. m.,Ordeño,09:39,21.46,3,,,,,0,,0.90,0.66,1.14,1.14,0,0,0,0,4.60,4.56,4.54,4.72,VMS 3,,Tanque,,1.32,1.02,1.74,1.62,4.17,4.27,5.97,7.05
27/01/2025 08:28 a. m.,Ordeño,08:40,19.26,1,,,,,0,,0.84,0.66,1.08,1.14,0,0,0,0,4.48,4.58,4.62,4.62,VMS 3,,Tanque,,1.20,1.14,1.56,1.56,3.71,3.94,5.20,6.41
27/01/2025 04:56 p. m.,Ordeño,08:44,13.02,2,,,,,0,,0.84,0.66,1.08,1.20,0,0,0,0,4.40,4.43,4.77,4.56,VMS 3,,Tanque,,1.20,1.02,1.50,1.62,2.32,2.64,3.59,4.47
28/01/2025 08:22 a. m.,Ordeño,10:00,23.30,1,,,,,0,,0.84,0.60,1.14,1.26,0,0,0,0,4.69,4.56,4.75,4.70,VMS 3,,Tanque,,1.32,0.90,1.62,1.68,4.59,4.51,6.74,7.46
28/01/2025 05:24 p. m.,Ordeño,08:54,10.00,2,,,,,0,,0.78,0.60,2.34,1.14,0,0,0,0,4.36,4.37,4.95,4.48,VMS 3,,Tanque,,1.14,0.96,4.62,1.80,2.30,2.54,2.58,2.58
29/01/2025 03:20 a. m.,Ordeño,12:26,20.32,1,,,,,0,,0.72,0.66,1.26,2.52,0,0,0,440,4.58,4.57,4.84,4.98,VMS 3,,Tanque,,1.20,0.90,1.68,3.84,2.50,2.76,7.27,7.79
29/01/2025 09:31 a. m.,Ordeño,09:02,9.97,2,,TD,,TI,0,,0.78,0.54,0.00,2.34,0,0,0,0,4.68,4.65,0.00,4.91,VMS 3,,Tanque,,1.08,0.78,0.00,3.60,1.45,1.93,0.00,6.59
29/01/2025 04:15 p. m.,Ordeño,13:33,11.48,3,,,,,0,,0.90,0.60,1.02,1.02,0,0,0,0,5.00,4.86,4.99,4.78,VMS 3,,Tanque,,1.50,0.96,1.38,1.38,2.01,2.25,4.37,2.85
30/01/2025 12:39 a. m.,Ordeño,08:35,10.78,1,,,TI,TI,0,,0.84,0.66,0.00,1.26,0,0,0,0,4.75,4.61,0.00,4.47,VMS 3,,Tanque,,1.44,1.08,0.00,1.68,3.15,2.66,0.00,4.97
30/01/2025 10:47 a. m.,Ordeño,09:22,19.16,2,,,,,0,,0.96,0.72,1.20,1.20,0,0,0,0,4.81,4.74,4.84,4.77,VMS 3,,Tanque,,1.44,1.08,1.62,1.62,2.87,3.30,7.77,5.22
30/01/2025 09:19 p. m.,Ordeño,09:09,11.62,3,,,TI,TI,0,,0.84,0.66,0.00,1.32,0,0,0,0,4.59,4.62,0.00,4.55,VMS 3,,Tanque,,1.44,0.96,0.00,1.74,2.92,3.31,0.00,5.39
31/01/2025 09:23 a. m.,Ordeño,09:15,21.58,1,,,,,0,,0.90,0.66,1.14,1.14,0,0,0,0,4.78,4.66,4.89,4.69,VMS 3,,Tanque,,1.32,1.14,1.56,1.56,3.67,3.98,7.80,6.13
31/01/2025 04:59 p. m.,Ordeño,08:01,11.57,2,,,,,0,,0.78,0.66,1.08,1.26,0,0,0,0,4.52,4.57,4.55,4.58,VMS 3,,Tanque,,1.14,0.96,1.56,1.68,2.19,2.58,2.72,4.08
01/02/2025 08:32 a. m.,Ordeño,09:26,24.66,1,,,,,0,,0.96,0.78,1.20,1.26,0,0,0,0,4.99,4.96,4.97,4.92,VMS 3,,Tanque,,1.38,1.20,1.68,1.62,5.18,5.25,5.96,8.27
01/02/2025 03:24 p. m.,Ordeño,05:52,10.12,2,,,,,0,,0.90,0.66,1.08,1.14,0,0,0,0,4.27,4.34,4.76,4.32,VMS 3,,Tanque,,1.32,1.02,1.50,1.50,1.90,2.25,2.48,3.49
01/02/2025 10:50 p. m.,Ordeño,09:18,11.40,3,,,,,0,,0.84,0.60,0.96,1.20,0,0,0,0,4.55,4.50,4.81,4.50,VMS 3,,Tanque,,1.38,0.90,1.32,1.68,2.21,2.36,2.82,4.01
02/02/2025 10:09 a. m.,Ordeño,08:47,18.83,1,,,,,0,,0.96,0.66,1.14,1.08,0,0,0,0,4.87,4.71,4.94,4.85,VMS 3,,Tanque,,1.44,1.14,1.62,1.62,3.80,3.81,5.16,6.06
02/02/2025 10:18 p. m.,Ordeño,09:22,20.38,2,,,,,0,,1.02,0.66,1.20,1.32,0,0,0,0,4.72,4.54,4.90,4.74,VMS 3,,Tanque,,1.44,1.08,1.62,1.74,3.98,4.38,5.38,6.64
03/02/2025 07:45 a. m.,Ordeño,08:31,16.12,1,,,,,0,,0.90,0.66,1.14,1.20,0,0,0,0,4.63,4.53,4.83,4.50,VMS 3,,Tanque,,1.32,1.08,1.56,1.56,3.10,3.37,4.38,5.27
03/02/2025 03:04 p. m.,Ordeño,09:39,11.14,2,,,,,0,,0.84,0.66,1.02,1.20,0,0,0,0,4.61,4.54,4.86,4.61,VMS 3,,Tanque,,1.26,0.96,1.50,1.62,2.05,2.39,3.09,3.61
03/02/2025 10:21 p. m.,Ordeño,10:01,10.79,3,,,,,0,,0.84,0.66,1.02,1.08,0,0,0,0,4.74,4.61,4.82,4.72,VMS 3,,Tanque,,1.26,1.02,1.44,1.50,2.01,2.28,3.08,3.42
04/02/2025 07:56 a. m.,Ordeño,09:01,17.52,1,,,,,0,,0.90,0.66,1.14,1.32,0,0,0,0,4.58,4.59,4.84,4.54,VMS 3,,Tanque,,1.38,1.08,1.68,1.80,3.38,3.38,4.79,5.97
04/02/2025 02:29 p. m.,Ordeño,07:22,6.86,2,,,TI,TI,0,,0.72,0.66,0.00,1.14,0,0,0,0,4.24,4.29,0.00,4.30,VMS 3,,Tanque,,1.26,1.08,0.00,1.62,1.84,2.10,0.00,2.92
04/02/2025 09:44 p. m.,Ordeño,09:44,6.70,3,,,TI,TI,0,,0.72,0.60,0.00,1.20,0,0,0,0,4.39,4.40,0.00,4.40,VMS 3,,Tanque,,1.20,0.84,0.00,1.68,1.79,1.93,0.00,2.98
05/02/2025 02:39 a. m.,Ordeño,09:29,11.36,1,,,,,0,,0.72,0.60,1.32,1.08,0,0,0,0,4.51,4.60,5.04,4.61,VMS 3,,Tanque,,1.14,0.96,1.74,1.68,1.50,1.45,6.21,2.20
05/02/2025 09:23 a. m.,Ordeño,06:50,12.15,2,,,,,0,,0.84,0.66,1.08,1.26,0,0,0,0,4.36,4.57,4.22,4.66,VMS 3,,Tanque,,1.50,1.08,1.50,1.62,2.16,2.39,3.51,4.09
05/02/2025 04:26 p. m.,Ordeño,05:45,9.30,3,,,,,0,,0.78,0.66,0.96,1.14,0,0,0,0,4.57,4.51,4.48,4.65,VMS 3,,Tanque,,1.14,1.02,1.38,1.62,1.86,2.08,2.18,3.18
05/02/2025 11:54 p. m.,Ordeño,07:07,11.02,1,,,,,0,,0.78,0.60,1.08,1.20,0,0,0,0,4.63,4.59,4.69,4.65,VMS 3,,Tanque,,1.14,0.90,1.50,1.68,2.10,2.39,2.75,3.78
06/02/2025 07:55 a. m.,Ordeño,07:55,13.76,2,,,,,0,,0.90,0.66,1.08,1.26,0,0,0,0,4.68,4.64,4.87,4.84,VMS 3,,Tanque,,1.32,1.02,1.56,1.62,2.75,2.96,3.51,4.54
06/02/2025 04:38 p. m.,Ordeño,08:00,14.34,3,,,,,0,,0.84,0.72,1.20,1.32,0,0,0,0,4.76,4.72,4.87,4.81,VMS 3,,Tanque,,1.26,1.08,1.62,1.74,2.96,2.92,3.77,4.69
06/02/2025 10:55 p. m.,Ordeño,14:14,7.50,4,,,,,0,,0.84,0.72,1.26,0.72,0,0,0,0,4.23,4.34,4.32,4.33,VMS 3,,Tanque,,1.44,1.08,1.68,1.14,1.73,1.66,2.29,1.82
07/02/2025 05:37 a. m.,Ordeño,11:19,10.93,1,,DI,,,0,,0.90,0.66,1.02,1.14,0,0,0,0,4.42,4.57,4.95,4.88,VMS 3,,Tanque,,1.56,1.38,1.44,1.80,2.08,2.45,3.05,3.35
07/02/2025 07:29 p. m.,Ordeño,10:19,23.87,2,,,,,0,,1.02,0.66,1.14,1.14,0,0,0,0,4.84,4.78,4.87,4.94,VMS 3,,Tanque,,1.44,1.02,1.62,1.68,4.68,4.56,6.82,7.81
08/02/2025 03:06 a. m.,Ordeño,14:35,7.00,1,,,TD,TD,0,,0.84,0.66,0.90,0.00,0,0,0,0,4.18,4.31,4.39,0.00,VMS 3,,Tanque,,1.26,0.96,1.32,0.00,2.03,2.80,2.17,0.00
08/02/2025 10:09 a. m.,Ordeño,08:15,16.13,2,,,,,0,,0.90,0.60,1.14,1.32,0,0,0,0,4.60,4.34,4.63,4.65,VMS 3,,Tanque,,1.32,0.96,1.56,1.68,2.36,2.44,4.18,7.15
08/02/2025 10:19 p. m.,Ordeño,09:39,18.30,3,,,,,0,,0.96,0.60,1.14,1.14,0,0,0,0,4.56,4.64,4.75,4.54,VMS 3,,Tanque,,1.44,0.90,1.56,1.62,3.83,3.65,5.31,5.51
09/02/2025 06:18 a. m.,Ordeño,09:19,12.40,1,,,,,0,,0.90,0.60,1.08,1.14,0,0,0,0,4.37,4.39,4.60,4.40,VMS 3,,Tanque,,1.44,0.96,1.50,1.62,2.57,2.71,3.45,3.67
09/02/2025 04:56 p. m.,Ordeño,07:31,16.50,2,,,,,0,,0.90,0.72,1.20,1.26,0,0,0,0,4.75,4.59,4.73,4.83,VMS 3,,Tanque,,1.38,1.14,1.56,1.68,3.36,3.49,4.63,5.02
10/02/2025 01:30 a. m.,Ordeño,07:08,11.30,1,,,,,0,,0.84,0.60,1.20,1.20,0,0,0,0,4.36,4.31,4.45,4.43,VMS 3,,Tanque,,1.32,1.02,1.62,1.56,2.15,2.48,3.16,3.51
10/02/2025 08:47 a. m.,Ordeño,11:07,7.87,2,,,TD,TD,0,,0.84,0.72,1.08,0.00,0,0,0,0,4.84,4.78,5.06,0.00,VMS 2,,Tanque,,1.44,1.02,1.74,0.00,2.21,2.41,3.25,0.00
10/02/2025 12:20 p. m.,Ordeño,10:21,3.30,3,,,TD,TD,0,,0.48,0.66,0.96,0.00,0,0,0,0,4.31,4.26,4.86,0.00,VMS 2,,Tanque,,0.78,0.84,1.32,0.00,0.80,1.05,1.45,0.00
10/02/2025 04:47 p. m.,Ordeño,10:44,11.99,4,,,,,0,,0.66,0.72,1.08,1.14,0,0,0,0,4.56,4.61,5.27,4.86,VMS 2,,Tanque,,1.08,1.14,1.50,1.56,1.68,1.74,5.94,2.63
11/02/2025 01:16 a. m.,Ordeño,08:25,13.95,1,,,,,0,,0.90,0.60,1.08,1.20,0,0,0,0,4.56,4.59,4.60,4.94,VMS 2,,Tanque,,1.20,0.90,1.50,1.62,2.41,2.72,4.22,4.60
11/02/2025 10:25 a. m.,Ordeño,08:15,13.83,2,,,,,0,,0.78,0.72,1.08,1.02,0,0,0,0,4.55,4.47,4.61,4.59,VMS 2,,Tanque,,1.26,1.14,1.56,1.62,2.82,3.01,3.74,4.26
11/02/2025 09:08 p. m.,Ordeño,07:11,15.25,3,,,,,0,,0.84,0.72,1.02,1.26,0,0,0,0,4.49,4.47,4.72,4.68,VMS 2,,Tanque,,1.20,1.14,1.50,1.68,2.83,3.24,3.98,5.20
12/02/2025 07:36 a. m.,Ordeño,08:18,16.51,1,,,,,0,,0.84,0.66,0.96,1.08,0,0,0,0,4.77,4.59,4.85,4.88,VMS 2,,Tanque,,1.20,0.96,1.38,1.56,3.19,3.37,4.48,5.47
12/02/2025 04:00 p. m.,Ordeño,08:37,12.90,2,,,,,0,,0.78,0.60,1.14,0.90,0,0,0,0,4.62,4.32,4.88,4.68,VMS 2,,Tanque,,1.14,0.96,1.68,1.38,2.14,2.80,4.04,3.92
13/02/2025 12:56 a. m.,Ordeño,08:34,13.01,1,,,,,0,,0.78,0.66,1.02,0.90,0,0,0,0,4.69,4.47,4.88,4.79,VMS 2,,Tanque,,1.08,0.96,1.50,1.38,2.57,2.74,3.95,3.75
13/02/2025 01:38 p. m.,Ordeño,08:30,18.25,2,,,,,0,,0.90,0.66,0.96,1.08,0,0,0,0,4.65,4.58,4.81,3.91,VMS 2,,Tanque,,1.32,1.08,1.38,1.74,3.63,3.74,4.91,5.97
13/02/2025 10:26 p. m.,Ordeño,08:10,14.24,3,,,,,0,TI,0.78,0.66,0.84,1.32,0,0,0,0,4.18,4.01,4.38,3.38,VMS 2,,Tanque,,1.20,1.08,1.20,2.04,2.34,2.67,3.41,5.82
14/02/2025 11:51 a. m.,Ordeño,09:30,21.04,1,,,,,0,TD,0.90,0.66,0.96,1.08,0,0,0,0,4.69,4.59,4.87,5.55,VMS 2,,Tanque,,1.26,1.14,1.50,1.86,4.06,4.33,5.93,6.72
14/02/2025 09:12 p. m.,Ordeño,10:55,7.83,2,,,TI,TI,0,,0.48,0.66,0.00,1.08,0,0,0,0,4.06,4.16,0.00,4.40,VMS 2,,Tanque,,0.90,1.08,0.00,1.50,1.45,2.42,0.00,3.96
15/02/2025 04:45 a. m.,Ordeño,09:28,14.96,1,,,,,0,,0.84,0.60,0.84,1.02,0,0,362,0,4.71,4.43,4.89,4.66,VMS 2,,Tanque,,1.26,0.96,1.32,1.50,2.71,2.72,5.68,3.85
15/02/2025 01:36 p. m.,Ordeño,07:44,12.52,2,,TI,,,0,,0.72,0.72,0.96,1.08,0,0,0,0,4.39,4.43,4.41,4.59,VMS 2,,Tanque,,1.14,1.20,1.38,1.56,2.10,2.73,3.73,3.96
15/02/2025 10:57 p. m.,Ordeño,06:47,13.46,3,,,,,0,,0.90,0.72,0.96,1.26,0,0,0,0,4.36,4.27,4.50,4.55,VMS 2,,Tanque,,1.38,1.02,1.44,1.68,2.83,2.80,3.31,4.52
16/02/2025 05:25 a. m.,Ordeño,08:30,8.77,1,,,,,0,,0.72,0.66,1.02,1.14,0,0,0,0,4.03,4.13,4.37,4.43,VMS 2,,Tanque,,1.32,1.02,1.44,1.74,1.84,1.80,2.30,2.83
16/02/2025 03:06 p. m.,Ordeño,07:10,13.26,2,,,,,0,,0.78,0.72,1.08,1.20,0,0,0,0,4.37,4.37,4.73,4.56,VMS 2,,Tanque,,1.20,1.14,1.62,1.74,2.29,2.91,3.53,4.53
16/02/2025 11:15 p. m.,Ordeño,06:33,10.85,3,,,,,0,,0.72,0.66,0.84,0.96,0,0,0,0,4.12,3.90,4.39,4.34,VMS 2,,Tanque,,1.08,1.02,1.20,1.56,2.00,2.33,3.00,3.52
17/02/2025 11:46 a. m.,Ordeño,08:01,16.72,1,,,,,0,,0.96,0.72,1.02,1.08,0,0,0,0,4.73,4.55,4.73,4.75,VMS 2,,Tanque,,1.44,1.14,1.50,1.56,3.11,3.68,4.73,5.20
17/02/2025 07:04 p. m.,Ordeño,07:08,9.82,2,,,,,0,,0.84,0.66,0.90,1.08,0,0,0,0,4.45,4.40,4.60,4.71,VMS 2,,Tanque,,1.32,1.08,1.26,1.50,1.82,2.07,2.73,3.20
18/02/2025 02:43 a. m.,Ordeño,07:03,11.92,1,,,,,0,,0.84,0.66,0.96,1.14,0,0,0,0,4.47,4.42,4.74,4.67,VMS 2,,Tanque,,1.14,1.02,1.38,1.56,2.27,2.53,3.19,3.93
18/02/2025 11:10 a. m.,Ordeño,07:17,13.41,2,,,,,0,,0.90,0.66,0.96,1.14,0,0,0,0,4.81,4.70,4.95,4.83,VMS 2,,Tanque,,1.44,1.02,1.32,1.56,2.43,2.93,3.52,4.53
19/02/2025 12:17 a. m.,Ordeño,09:20,19.50,1,,,,,0,,0.84,0.66,1.02,1.08,0,0,0,0,4.87,4.70,4.89,4.84,VMS 2,,Tanque,,1.32,1.02,1.44,1.68,3.79,4.09,5.56,6.06
19/02/2025 08:11 a. m.,Ordeño,08:07,13.21,2,,,,,0,,0.84,0.72,0.84,1.08,0,0,0,0,4.51,4.27,4.62,4.69,VMS 2,,Tanque,,1.26,1.44,1.32,1.56,2.40,2.91,3.45,4.45
19/02/2025 06:13 p. m.,Ordeño,07:19,13.94,3,,,,,0,,0.78,0.66,0.96,0.90,0,0,0,0,4.62,4.30,4.70,4.61,VMS 2,,Tanque,,1.32,1.08,1.38,1.32,2.66,2.97,4.29,4.02
20/02/2025 02:37 a. m.,Ordeño,08:02,13.59,1,,,,,0,,0.84,0.60,0.90,0.96,0,0,0,0,4.75,4.57,4.81,4.90,VMS 2,,Tanque,,1.32,0.96,1.44,1.38,2.47,2.95,3.96,4.21
20/02/2025 10:06 a. m.,Ordeño,07:17,12.50,2,,,,,0,,0.78,0.60,0.90,0.96,0,0,0,0,4.89,4.65,4.90,5.00,VMS 2,,Tanque,,1.20,0.96,1.38,1.50,2.38,2.73,3.50,3.89
20/02/2025 07:15 p. m.,Ordeño,08:35,12.65,3,,,,,0,,0.78,0.66,0.90,0.72,0,0,0,0,4.84,4.59,4.92,5.08,VMS 2,,Tanque,,1.26,1.02,1.38,1.26,2.35,2.93,3.86,3.51
21/02/2025 03:20 a. m.,Ordeño,07:11,14.52,1,,,,,0,,0.84,0.72,0.96,0.90,0,0,0,0,4.79,4.46,4.81,4.98,VMS 2,,Tanque,,1.32,1.02,1.32,1.44,3.07,3.05,4.14,4.26
21/02/2025 12:02 p. m.,Ordeño,06:59,13.31,2,,,,,0,,0.84,0.72,0.96,0.96,0,0,0,0,4.65,4.47,4.82,4.82,VMS 2,,Tanque,,1.26,1.02,1.44,1.38,2.64,2.91,3.57,4.19
22/02/2025 01:08 a. m.,Ordeño,09:15,20.69,2,,,,,0,,0.90,0.72,1.02,0.96,0,0,0,0,4.82,4.63,4.87,4.97,VMS 2,,Tanque,,1.38,1.08,1.50,1.56,4.10,4.38,6.06,6.15
22/02/2025 07:15 a. m.,Ordeño,08:10,11.17,1,,,,,0,,0.78,0.66,0.96,1.02,0,0,0,0,4.49,4.17,4.55,4.54,VMS 2,,Tanque,,1.20,1.02,1.38,1.44,2.17,2.44,3.07,3.49
22/02/2025 05:32 p. m.,Ordeño,08:32,15.73,3,,,,,0,,0.84,0.66,0.96,0.90,0,0,0,0,4.83,4.63,4.89,5.01,VMS 2,,Tanque,,1.26,0.96,1.38,1.38,3.12,3.33,4.67,4.61
23/02/2025 02:50 a. m.,Ordeño,09:28,15.99,1,,,,,0,,0.84,0.72,0.96,1.20,0,0,0,0,4.78,4.51,4.85,4.81,VMS 2,,Tanque,,1.38,1.08,1.38,1.80,2.77,3.45,4.40,5.37
23/02/2025 03:00 p. m.,Ordeño,08:10,19.76,2,,,,,0,,1.02,0.84,1.02,1.08,0,0,0,0,4.84,4.52,4.85,4.83,VMS 2,,Tanque,,1.44,1.20,1.50,1.56,3.98,4.37,5.67,5.74
24/02/2025 01:13 a. m.,Ordeño,08:35,15.43,1,,,,,0,,0.90,0.66,0.96,1.20,0,0,0,0,4.49,4.26,4.57,4.71,VMS 2,,Tanque,,1.32,1.08,1.56,1.68,2.77,3.14,4.27,5.25
24/02/2025 08:09 a. m.,Ordeño,07:31,13.39,2,,,,,0,,0.84,0.78,0.96,1.20,0,0,0,0,4.66,4.40,4.74,4.76,VMS 2,,Tanque,,1.26,1.20,1.38,1.68,2.45,2.88,3.62,4.44
24/02/2025 06:59 p. m.,Ordeño,08:17,18.74,3,,,,,0,,0.90,0.72,1.08,1.20,0,0,0,0,4.80,4.66,4.95,4.95,VMS 2,,Tanque,,1.32,1.08,1.56,1.68,3.39,3.91,5.23,6.21
25/02/2025 03:13 a. m.,Ordeño,12:51,10.20,1,,,DI,DI,0,,0.00,0.72,1.26,0.84,0,0,0,0,0.00,4.33,4.73,4.74,VMS 2,,Tanque,,0.00,1.26,1.74,1.26,0.00,2.86,4.78,2.56
25/02/2025 09:50 a. m.,Ordeño,09:46,14.76,2,,,,,0,,0.84,0.72,1.08,1.02,0,0,0,0,5.13,4.41,4.73,4.82,VMS 2,,Tanque,,1.20,1.20,1.56,1.38,4.31,2.57,4.37,3.51
25/02/2025 07:32 p. m.,Ordeño,07:21,16.01,3,,,,,0,,0.90,0.72,1.02,1.08,0,0,0,0,4.41,4.61,4.67,4.68,VMS 2,,Tanque,,1.26,1.08,1.50,1.98,3.13,3.26,4.43,5.19
26/02/2025 03:04 a. m.,Ordeño,07:26,12.39,1,,,,,0,,0.84,0.66,0.90,0.90,0,0,0,0,4.39,4.27,4.62,4.61,VMS 2,,Tanque,,1.26,1.08,1.32,1.32,2.23,2.80,3.58,3.78
26/02/2025 09:48 a. m.,Ordeño,08:21,9.72,2,,,,,0,,0.66,0.72,1.02,0.84,0,0,0,0,4.37,4.25,4.51,4.49,VMS 2,,Tanque,,1.14,1.14,1.62,1.20,1.92,2.14,3.02,2.64
26/02/2025 05:22 p. m.,Ordeño,07:13,10.06,3,,,,,0,,0.78,0.66,0.90,1.02,0,0,0,0,4.51,4.33,4.69,4.70,VMS 2,,Tanque,,1.20,1.14,1.32,1.68,1.76,2.12,2.92,3.26
26/02/2025 11:20 p. m.,Ordeño,12:22,1.20,4,,,"DI,TI,TD","DI,TI,TD",0,,0.00,0.60,0.00,0.00,0,0,0,0,0.00,4.34,0.00,0.00,VMS 2,,Tanque,,0.00,0.90,0.00,0.00,0.00,1.20,0.00,0.00
27/02/2025 05:29 a. m.,Ordeño,08:03,18.50,1,,,,,0,,0.84,0.72,0.96,1.26,0,0,0,0,5.09,4.60,5.05,5.02,VMS 2,,Tanque,,1.26,1.14,1.44,1.86,3.70,2.89,5.32,6.59
27/02/2025 12:27 p. m.,Ordeño,06:40,12.72,2,,,,,0,,0.84,0.72,1.02,1.08,0,0,0,0,4.63,4.45,4.66,4.74,VMS 2,,Tanque,,1.32,1.14,1.38,1.56,2.20,2.66,3.56,4.30
27/02/2025 07:07 p. m.,Ordeño,07:11,9.34,3,,,,,0,,0.72,0.60,0.96,0.96,0,0,0,0,4.67,4.40,4.68,4.68,VMS 2,,Tanque,,1.08,0.96,1.44,1.38,1.50,2.11,2.80,2.93
28/02/2025 02:47 a. m.,Ordeño,07:00,13.52,1,,,,,0,,0.78,0.66,0.90,1.20,0,0,0,0,4.87,4.74,4.98,4.91,VMS 2,,Tanque,,1.20,1.08,1.38,1.74,2.48,2.83,3.73,4.48
28/02/2025 10:20 a. m.,Ordeño,06:52,14.01,2,,,,,0,,0.90,0.72,1.02,1.26,0,0,0,0,4.92,4.55,4.91,4.78,VMS 2,,Tanque,,1.50,1.14,1.38,1.80,2.56,2.97,3.97,4.51
28/02/2025 07:34 p. m.,Ordeño,07:14,12.96,3,,,,,0,,0.78,0.72,1.02,1.08,0,0,0,0,4.68,4.55,4.86,4.73,VMS 2,,Tanque,,1.14,1.08,1.56,1.74,2.06,2.99,3.88,4.03
01/03/2025 01:38 a. m.,Ordeño,09:04,3.73,1,,DI,"TI,TD","TI,TD",0,,0.78,0.66,0.00,0.00,0,0,0,0,4.87,4.56,0.00,0.00,VMS 2,,Tanque,,1.26,0.96,0.00,0.00,1.87,1.86,0.00,0.00
01/03/2025 07:52 a. m.,Ordeño,08:17,16.33,2,,,,,0,,0.84,0.66,0.96,1.20,0,0,0,0,4.55,4.36,4.85,4.86,VMS 2,,Tanque,,1.26,1.08,1.50,1.62,2.34,2.52,5.31,6.16
01/03/2025 02:22 p. m.,Ordeño,11:01,3.51,3,,,"TI,TD","TI,TD",0,,0.54,0.66,0.00,0.00,0,0,0,0,4.46,4.43,0.00,0.00,VMS 2,,Tanque,,1.38,1.02,0.00,0.00,1.48,2.03,0.00,0.00
01/03/2025 07:41 p. m.,Ordeño,08:35,12.84,4,,,,,0,,0.72,0.60,0.84,1.08,0,0,362,0,4.66,4.37,4.82,4.78,VMS 2,,Tanque,,1.08,0.90,1.26,1.50,1.47,1.68,4.48,5.21
02/03/2025 09:06 a. m.,Ordeño,10:36,21.23,1,,,,,0,,0.96,0.66,1.02,1.08,0,0,0,0,5.13,4.83,4.88,4.86,VMS 2,,Tanque,,1.32,1.20,1.44,1.68,4.14,4.41,6.09,6.59
02/03/2025 05:05 p. m.,Ordeño,08:00,12.38,2,,,,,0,,0.84,0.72,1.02,1.08,0,0,0,0,4.53,4.23,4.52,4.55,VMS 2,,Tanque,,1.20,1.08,1.38,1.50,2.39,2.94,3.39,3.66
03/03/2025 01:50 a. m.,Ordeño,08:42,12.82,1,,,,,0,,0.78,0.66,0.90,1.02,0,0,0,0,4.67,4.43,4.87,4.86,VMS 2,,Tanque,,1.20,1.02,1.32,1.56,2.48,2.80,3.53,4.01
03/03/2025 01:31 p. m.,Ordeño,09:31,16.36,2,,,,,0,,0.84,0.66,0.96,0.96,0,0,0,0,4.68,4.55,4.87,4.87,VMS 2,,Tanque,,1.26,1.08,1.44,1.56,3.03,3.58,4.77,4.98
03/03/2025 09:24 p. m.,Ordeño,07:20,12.49,3,,,,,0,,0.84,0.66,0.96,1.08,0,0,0,0,4.54,4.15,4.60,4.67,VMS 2,,Tanque,,1.20,1.08,1.44,1.62,2.54,2.85,3.52,3.58
04/03/2025 07:26 a. m.,Ordeño,07:24,15.10,1,,,,,0,,0.78,0.72,1.08,1.02,0,0,0,0,4.87,4.54,4.91,4.91,VMS 2,,Tanque,,1.38,1.08,1.44,1.62,2.95,3.30,4.25,4.60
04/03/2025 06:31 p. m.,Ordeño,07:14,13.75,2,,,,,0,,0.78,0.72,0.90,0.96,0,0,0,0,4.60,4.56,4.73,4.74,VMS 2,,Tanque,,1.20,1.26,1.38,1.38,2.56,2.95,4.02,4.22
05/03/2025 02:02 a. m.,Ordeño,08:02,10.85,1,,,,,0,,0.84,0.66,0.90,1.02,0,0,0,0,4.52,4.43,4.73,4.68,VMS 2,,Tanque,,1.26,1.08,1.38,1.38,1.96,2.42,3.02,3.45
05/03/2025 09:43 a. m.,Ordeño,07:31,11.68,2,,,,,0,,0.78,0.72,0.96,1.02,0,0,0,0,4.66,4.57,4.87,4.80,VMS 2,,Tanque,,1.20,1.08,1.44,1.38,2.31,2.44,3.33,3.60
06/03/2025 12:46 a. m.,Ordeño,09:43,20.75,1,,,,,0,,0.84,0.72,0.96,1.02,0,0,0,0,4.86,4.64,4.95,4.51,VMS 2,,Tanque,,1.26,1.20,1.44,1.50,4.02,4.30,5.92,6.51
06/03/2025 09:48 a. m.,Ordeño,08:25,13.85,2,,,,,0,,0.72,0.72,1.08,0.90,0,0,0,0,4.51,4.41,4.73,4.70,VMS 2,,Tanque,,1.20,1.08,1.56,1.26,2.68,3.03,4.38,3.76
06/03/2025 07:19 p. m.,Ordeño,07:06,11.72,3,,,,,0,,0.78,0.66,0.90,0.84,0,0,0,0,4.50,4.43,4.81,4.82,VMS 2,,Tanque,,1.20,1.14,1.32,1.26,2.15,2.65,3.57,3.35
07/03/2025 01:48 a. m.,Ordeño,06:30,9.87,1,,,,,0,,0.84,0.60,0.90,0.96,0,0,0,0,4.85,4.49,4.87,4.89,VMS 2,,Tanque,,1.26,0.90,1.20,1.32,1.87,2.15,2.88,2.97
07/03/2025 09:02 a. m.,Ordeño,06:58,11.22,2,,,,,0,,0.78,0.66,1.02,0.96,0,0,0,0,5.03,4.81,5.14,5.18,VMS 2,,Tanque,,1.14,0.96,1.44,1.32,2.30,2.41,3.26,3.25
07/03/2025 10:06 p. m.,Ordeño,07:48,17.97,3,,,,,0,,0.90,0.78,1.02,1.02,0,0,0,0,4.90,4.83,4.98,4.98,VMS 2,,Tanque,,1.32,1.26,1.38,1.62,3.29,3.99,5.32,5.37
08/03/2025 07:29 a. m.,Ordeño,07:13,14.20,1,,,,,0,,0.84,0.72,0.90,1.02,0,0,0,0,4.50,4.42,4.63,4.67,VMS 2,,Tanque,,1.26,1.08,1.32,1.50,2.75,3.14,4.05,4.26
08/03/2025 05:19 p. m.,Ordeño,07:03,14.24,2,,,,,0,,0.84,0.72,1.02,1.02,0,0,0,0,4.80,4.62,4.92,4.90,VMS 2,,Tanque,,1.26,1.08,1.50,1.74,2.82,3.18,4.06,4.18
09/03/2025 12:44 a. m.,Ordeño,07:38,11.27,1,,,,,0,,0.78,0.66,0.90,1.08,0,0,0,0,4.87,4.69,4.86,5.00,VMS 2,,Tanque,,1.20,1.02,1.38,1.56,1.96,2.46,3.08,3.77
09/03/2025 08:46 a. m.,Ordeño,06:44,12.64,2,,,,,0,,0.84,0.66,1.02,0.96,0,0,0,0,4.93,4.63,4.91,4.89,VMS 2,,Tanque,,1.20,1.02,1.44,1.38,2.61,2.78,3.57,3.68
09/03/2025 05:14 p. m.,Ordeño,07:05,11.19,3,,,,,0,,0.78,0.72,0.96,0.90,0,0,0,0,4.74,4.71,4.92,5.00,VMS 2,,Tanque,,1.26,1.14,1.38,1.56,1.87,2.59,3.34,3.39
10/03/2025 03:07 a. m.,Ordeño,07:30,14.53,1,,,,,0,,0.84,0.72,0.96,0.96,0,0,0,0,4.70,4.46,4.63,4.57,VMS 2,,Tanque,,1.44,1.08,1.44,1.38,3.20,3.23,4.06,4.04
10/03/2025 12:04 p. m.,Ordeño,06:56,14.22,2,,,,,0,,0.84,0.78,0.96,1.02,0,0,0,0,4.89,4.72,4.86,4.83,VMS 2,,Tanque,,1.20,1.20,1.50,1.56,2.56,3.15,4.16,4.35
11/03/2025 12:31 a. m.,Ordeño,08:45,18.94,1,,,,,0,,0.90,0.72,1.02,0.90,0,0,0,0,5.14,4.83,5.14,5.06,VMS 2,,Tanque,,1.26,1.26,1.38,1.32,3.71,4.23,5.60,5.40
11/03/2025 08:29 a. m.,Ordeño,06:52,13.02,2,,,,,0,,0.78,0.72,0.96,1.08,0,0,0,0,4.50,4.25,4.69,4.57,VMS 2,,Tanque,,1.32,1.08,1.38,1.44,2.47,2.85,3.63,4.07
12/03/2025 12:21 a. m.,Ordeño,14:15,13.00,1,,,TI,TI,0,,0.78,0.78,0.00,1.20,0,0,0,0,4.66,4.57,0.00,4.66,VMS 2,,Tanque,,1.26,1.14,0.00,1.86,3.03,3.65,0.00,6.32
12/03/2025 10:07 a. m.,Ordeño,15:13,18.52,2,,,,,0,,0.96,0.66,0.84,1.02,0,0,0,0,4.40,4.08,4.68,4.06,VMS 2,,Tanque,,1.38,1.02,1.32,1.62,3.09,3.30,7.27,4.86
13/03/2025 03:12 a. m.,Ordeño,09:40,20.00,1,,,,,0,,0.84,0.72,0.84,0.96,0,0,0,0,4.83,4.30,4.30,4.46,VMS 2,,Tanque,,1.32,1.08,1.20,1.62,4.43,4.75,4.19,6.63
13/03/2025 12:26 p. m.,Ordeño,07:23,13.26,2,,,,,0,,0.84,0.72,0.90,1.14,0,0,363,0,4.47,4.37,4.78,4.53,VMS 2,,Tanque,,1.26,1.02,1.26,1.68,2.77,3.37,1.77,5.35
14/03/2025 01:50 a. m.,Ordeño,09:52,16.67,1,,,,,0,,0.78,0.72,0.96,0.84,0,0,0,0,4.92,4.75,5.18,4.78,VMS 2,,Tanque,,1.26,1.14,1.44,1.38,3.67,4.21,3.24,5.55
14/03/2025 10:19 a. m.,Ordeño,07:00,13.23,2,,,,,0,TI,0.84,0.78,0.90,1.08,0,0,0,0,4.52,4.43,5.21,4.47,VMS 2,,Tanque,,1.32,1.26,1.38,1.74,2.47,3.26,2.61,4.89
14/03/2025 06:35 p. m.,Ordeño,09:00,11.57,3,,,,,0,,0.72,0.78,1.02,1.14,0,0,0,0,4.62,4.57,5.20,4.57,VMS 2,,Tanque,,1.20,1.14,1.50,1.68,1.99,2.66,2.84,4.08
15/03/2025 02:44 a. m.,Ordeño,07:19,13.06,1,,,,,0,,0.84,0.66,0.96,1.14,0,0,0,0,4.74,4.50,5.14,4.72,VMS 2,,Tanque,,1.26,1.02,1.44,1.80,2.60,2.79,3.08,4.59
15/03/2025 10:15 a. m.,Ordeño,06:29,11.56,2,,,,,0,,0.84,0.72,1.02,1.08,0,0,0,0,4.87,4.68,5.20,4.89,VMS 2,,Tanque,,1.26,1.20,1.44,1.62,2.08,2.68,2.93,3.87
15/03/2025 07:58 p. m.,Ordeño,07:32,15.53,3,,,,,0,,0.84,0.72,1.02,1.20,0,0,0,0,4.88,4.70,5.13,4.80,VMS 2,,Tanque,,1.32,1.14,1.38,1.86,3.24,3.28,3.85,5.16
16/03/2025 03:53 a. m.,Ordeño,07:15,13.26,1,,,,,0,,0.78,0.72,1.08,1.26,0,0,0,0,4.45,4.52,5.07,4.72,VMS 2,,Tanque,,1.26,1.08,1.50,1.80,2.30,2.91,3.49,4.56
16/03/2025 12:23 p. m.,Ordeño,06:56,13.55,2,,,,,0,,0.84,0.72,1.08,1.20,0,0,0,0,4.73,4.39,4.99,4.65,VMS 2,,Tanque,,1.32,1.20,1.62,1.68,2.46,2.97,3.57,4.55
16/03/2025 09:56 p. m.,Ordeño,07:11,14.57,3,,,,,0,,0.90,0.78,1.02,1.14,0,0,0,0,4.47,4.25,4.64,4.46,VMS 2,,Tanque,,1.20,1.20,1.50,1.68,2.77,3.12,3.90,4.78
17/03/2025 06:03 a. m.,Ordeño,06:28,12.36,1,,,,,0,,0.84,0.72,0.96,1.02,0,0,0,0,4.38,4.26,4.62,4.43,VMS 2,,Tanque,,1.14,1.20,1.32,1.62,2.13,2.69,3.41,4.13
17/03/2025 02:46 p. m.,Ordeño,06:45,13.56,2,,,,,0,,0.84,0.72,1.02,1.14,0,0,0,0,4.71,4.38,4.25,4.56,VMS 2,,Tanque,,1.32,1.20,1.56,1.56,2.72,2.88,3.54,4.42
17/03/2025 11:55 p. m.,Ordeño,07:06,13.45,1,,,,,0,,0.78,0.66,0.90,1.14,0,0,0,0,4.28,4.29,4.29,4.50,VMS 2,,Tanque,,1.14,1.02,1.50,1.62,2.28,2.90,3.66,4.61
18/03/2025 08:32 a. m.,Ordeño,06:49,15.14,2,,,,,0,,0.84,0.78,1.14,1.32,0,0,0,0,4.54,4.40,4.80,4.48,VMS 2,,Tanque,,1.20,1.20,1.56,2.16,2.79,3.16,3.96,5.23
18/03/2025 04:14 p. m.,Ordeño,06:46,10.89,3,,,,,0,,0.78,0.72,1.20,1.26,0,0,0,0,4.34,4.34,4.62,4.59,VMS 2,,Tanque,,1.08,1.20,1.80,1.80,1.61,2.41,3.39,3.48
19/03/2025 12:28 a. m.,Ordeño,06:52,12.02,1,,,,,0,,0.78,0.66,0.96,1.14,0,0,0,0,4.64,4.36,4.48,4.61,VMS 2,,Tanque,,1.20,1.02,1.38,1.74,2.06,2.70,3.32,3.94
19/03/2025 09:04 a. m.,Ordeño,06:51,14.56,2,,,,,0,,0.78,0.72,1.14,1.26,0,0,0,0,4.56,4.29,4.67,4.58,VMS 2,,Tanque,,1.26,1.14,1.50,1.80,2.84,3.03,3.85,4.84
19/03/2025 04:05 p. m.,Ordeño,07:11,9.98,3,,,,,0,,0.72,0.72,0.96,1.02,0,0,0,0,4.46,4.30,4.68,4.66,VMS 2,,Tanque,,1.50,1.20,1.38,1.50,1.86,2.22,2.62,3.28
19/03/2025 10:26 p. m.,Ordeño,06:05,10.53,4,,,,,0,,0.72,0.72,0.84,1.20,0,0,0,0,4.14,4.09,4.27,4.45,VMS 2,,Tanque,,1.14,1.08,1.26,2.10,1.88,2.22,2.73,3.70
20/03/2025 05:35 a. m.,Ordeño,07:29,11.60,1,,,,,0,,0.78,0.66,0.96,1.26,0,0,0,0,4.44,4.30,4.79,4.43,VMS 2,,Tanque,,1.14,1.14,1.38,1.80,1.76,2.45,3.12,4.27
20/03/2025 03:14 p. m.,Ordeño,07:50,15.81,2,,,,,0,,0.84,0.72,1.02,1.26,0,0,0,0,4.47,4.25,4.58,4.52,VMS 2,,Tanque,,1.20,1.08,1.38,1.80,2.79,3.31,4.34,5.37
20/03/2025 09:38 p. m.,Ordeño,07:18,9.42,3,,,,,0,,0.72,0.66,1.08,1.08,0,0,0,0,4.19,3.85,4.22,4.36,VMS 2,,Tanque,,1.14,1.14,1.68,1.44,1.74,1.99,2.77,2.92
21/03/2025 06:21 a. m.,Ordeño,11:16,13.61,1,,TD,,,0,,0.72,0.72,1.02,1.08,0,0,0,0,4.35,4.34,4.64,4.56,VMS 2,,Tanque,,1.14,1.20,1.62,1.44,2.37,3.12,4.39,3.73
21/03/2025 06:33 p. m.,Ordeño,08:48,19.10,2,,,,,0,,0.90,0.72,1.20,1.14,0,0,0,0,4.84,4.59,4.82,4.58,VMS 2,,Tanque,,1.32,1.26,1.68,1.68,3.26,3.99,5.41,6.44
22/03/2025 01:46 a. m.,Ordeño,07:18,12.76,1,,,,,0,,0.78,0.66,0.96,1.14,0,0,0,0,4.60,4.21,4.46,4.35,VMS 2,,Tanque,,1.26,1.08,1.32,1.56,2.41,2.67,3.29,4.39
22/03/2025 10:17 a. m.,Ordeño,08:02,13.89,2,,,,,0,,0.84,0.66,1.02,1.20,0,0,0,0,4.56,4.35,4.49,4.43,VMS 2,,Tanque,,1.32,1.02,1.44,1.74,2.39,3.05,3.86,4.59
22/03/2025 06:19 p. m.,Ordeño,12:35,11.01,3,,,,,0,,0.42,0.66,0.96,0.96,0,0,0,0,4.15,4.23,4.59,4.45,VMS 2,,Tanque,,1.02,1.14,1.44,1.68,1.58,2.54,3.23,3.66
23/03/2025 09:01 a. m.,Ordeño,09:37,22.99,1,,,,,0,,0.84,0.66,1.08,1.08,0,0,0,0,4.90,4.59,4.78,4.83,VMS 2,,Tanque,,1.20,1.08,1.50,1.68,4.68,4.60,6.56,7.15
23/03/2025 06:35 p. m.,Ordeño,11:22,10.20,2,,,TI,TI,0,,0.78,0.72,0.00,1.26,0,0,0,0,4.18,4.05,0.00,4.31,VMS 2,,Tanque,,1.38,1.08,0.00,1.92,2.01,3.13,0.00,5.06
24/03/2025 03:17 a. m.,Ordeño,10:39,18.41,1,,,,,0,,0.84,0.60,1.14,1.14,0,0,0,0,4.60,4.06,4.85,4.44,VMS 2,,Tanque,,1.20,0.90,1.62,1.56,2.89,3.23,7.15,5.14
24/03/2025 05:37 p. m.,Ordeño,09:26,20.67,2,,,,,0,,0.90,0.72,1.08,1.14,0,0,0,0,4.64,4.47,4.40,4.98,VMS 2,,Tanque,,1.26,1.14,1.56,1.86,3.98,4.66,5.32,6.71
25/03/2025 03:58 a. m.,Ordeño,08:14,17.87,1,,,,,0,,0.90,0.66,0.96,1.20,0,0,0,0,4.30,4.11,4.30,4.57,VMS 2,,Tanque,,1.32,1.02,1.38,1.92,2.91,4.04,4.08,6.84
25/03/2025 11:37 a. m.,Ordeño,07:22,8.76,2,,,TI,TI,0,,0.72,0.72,0.00,1.08,0,0,0,0,4.52,4.15,0.00,4.53,VMS 2,,Tanque,,1.26,1.14,0.00,1.50,2.06,2.63,0.00,4.07
25/03/2025 09:35 p. m.,Ordeño,07:17,18.17,3,,,,,0,,0.78,0.66,1.08,1.08,0,0,0,0,4.36,4.31,4.81,4.55,VMS 2,,Tanque,,1.26,1.02,1.50,1.56,3.08,3.33,6.72,5.04
26/03/2025 06:41 a. m.,Ordeño,07:37,13.13,1,,,,,0,,0.78,0.66,0.96,1.08,0,0,0,0,4.42,4.34,4.46,4.73,VMS 2,,Tanque,,1.32,1.08,1.50,1.80,2.43,3.03,3.25,4.42
26/03/2025 02:37 p. m.,Ordeño,08:07,11.90,2,,,,,0,,0.78,0.72,1.08,1.02,0,0,0,0,4.61,4.42,4.67,4.59,VMS 2,,Tanque,,1.20,1.02,1.74,1.50,2.23,2.67,3.06,3.94
27/03/2025 12:27 a. m.,Ordeño,06:44,14.52,1,,,,,0,,0.78,0.72,1.08,1.20,0,0,0,0,4.42,4.19,4.74,4.48,VMS 2,,Tanque,,1.20,1.08,1.50,1.68,2.61,3.29,3.53,5.09
27/03/2025 07:43 a. m.,Ordeño,06:05,11.66,2,,,,,0,,0.54,0.72,0.84,1.26,0,0,0,0,4.19,4.12,4.65,4.40,VMS 2,,Tanque,,0.96,1.14,1.26,1.98,2.26,2.52,2.59,4.29
27/03/2025 04:17 p. m.,Ordeño,07:50,12.25,3,,,,,0,,0.78,0.78,1.02,1.02,0,0,0,0,4.53,4.46,4.89,4.68,VMS 2,,Tanque,,1.08,1.20,1.44,1.50,2.05,2.70,3.30,4.20
28/03/2025 12:48 a. m.,Ordeño,08:07,13.11,1,,TI,,,0,,0.78,0.66,0.96,1.08,0,0,0,0,4.61,4.39,4.76,4.66,VMS 2,,Tanque,,1.20,0.96,1.44,1.62,2.58,2.84,3.15,4.54
28/03/2025 12:41 p. m.,Ordeño,09:55,17.20,2,,,DI,DI,0,,0.00,0.72,1.02,1.20,0,0,0,0,0.00,4.53,4.86,4.88,VMS 2,,Tanque,,0.00,1.08,1.74,1.92,0.00,4.37,5.56,7.27
28/03/2025 10:49 p. m.,Ordeño,08:39,17.11,3,,,,,0,DI,0.90,0.60,0.96,1.02,0,0,0,0,5.12,4.09,4.59,4.56,VMS 2,,Tanque,,1.38,0.96,1.32,1.56,4.99,3.15,3.91,5.06
29/03/2025 10:29 p. m.,Ordeño,08:09,12.67,2,,,,,0,,0.78,0.66,0.96,1.14,0,0,0,0,4.13,3.67,4.28,4.20,VMS 2,,Tanque,,1.20,1.02,1.32,1.62,1.74,3.07,3.58,4.28
30/03/2025 10:39 a. m.,Ordeño,09:56,17.96,1,,,,,0,,0.84,0.54,1.02,1.14,0,0,0,0,4.68,4.30,4.76,4.61,VMS 2,,Tanque,,1.26,1.02,1.50,1.62,2.96,3.65,5.14,6.21
30/03/2025 05:41 p. m.,Ordeño,07:34,12.06,2,,,,,0,,0.72,0.66,1.02,1.20,0,0,0,0,4.61,4.17,4.62,4.55,VMS 2,,Tanque,,1.14,1.02,1.38,2.10,1.97,2.82,3.12,4.15
31/03/2025 01:19 a. m.,Ordeño,07:32,11.52,1,,,,,0,,0.78,0.66,0.96,1.08,0,0,0,0,4.58,4.16,4.62,4.60,VMS 2,,Tanque,,1.14,0.96,1.38,1.62,1.83,2.46,3.24,3.99
31/03/2025 08:01 a. m.,Ordeño,08:02,10.98,2,,,,,0,,0.72,0.60,0.96,1.08,0,0,0,0,4.76,4.37,4.83,4.80,VMS 2,,Tanque,,1.02,0.90,1.26,1.56,1.90,2.41,2.96,3.71
31/03/2025 03:30 p. m.,Ordeño,06:52,11.82,3,,,,,0,,0.72,0.66,0.96,1.14,0,0,0,0,4.77,4.44,5.00,4.81,VMS 2,,Tanque,,1.02,1.08,1.38,1.86,1.73,2.62,3.23,4.24
01/04/2025 02:05 a. m.,Ordeño,09:20,16.42,1,,,,,0,,0.78,0.66,1.02,1.14,0,0,0,0,4.79,4.39,4.73,4.66,VMS 2,,Tanque,,1.26,1.02,1.50,1.74,2.91,3.46,4.64,5.41
01/04/2025 09:50 a. m.,Ordeño,07:53,12.84,2,,,,,0,,0.72,0.60,1.02,0.96,0,0,0,0,4.60,4.26,4.74,4.77,VMS 2,,Tanque,,1.08,1.08,1.74,1.50,2.05,2.99,3.56,4.24
01/04/2025 06:23 p. m.,Ordeño,07:45,9.31,3,,,TI,TI,0,,0.72,0.60,0.00,1.14,0,0,0,0,4.67,4.18,0.00,4.61,VMS 2,,Tanque,,1.08,0.96,0.00,1.68,2.45,2.71,0.00,4.15
01/04/2025 11:38 p. m.,Ordeño,07:46,10.51,4,,,,,0,,0.66,0.54,1.02,1.08,0,0,0,0,4.46,3.99,4.77,4.61,VMS 2,,Tanque,,1.08,0.84,1.56,1.38,1.11,1.59,5.38,2.43
02/04/2025 07:24 a. m.,Ordeño,09:13,11.67,1,,,,,0,,0.78,0.60,1.08,1.08,0,0,0,0,4.66,4.25,4.53,4.44,VMS 2,,Tanque,,1.20,0.96,1.56,1.44,1.94,2.60,3.91,3.22
02/04/2025 05:49 p. m.,Ordeño,07:53,15.50,2,,,,,0,,0.84,0.72,1.08,1.08,0,0,0,0,4.93,4.39,4.80,4.84,VMS 2,,Tanque,,1.32,1.08,1.50,1.68,2.91,3.42,4.24,4.93
03/04/2025 05:39 a. m.,Ordeño,08:49,17.73,1,,,,,0,,0.90,0.72,1.08,1.02,0,0,0,0,4.60,4.34,4.68,4.67,VMS 2,,Tanque,,1.26,1.14,1.50,1.56,3.16,4.11,4.94,5.52
03/04/2025 03:24 p. m.,Ordeño,07:35,14.58,2,,,,,0,,0.84,0.72,1.08,0.96,0,0,0,0,4.49,4.13,4.67,4.67,VMS 2,,Tanque,,1.20,1.08,1.62,1.56,2.55,3.33,4.22,4.48
04/04/2025 12:32 a. m.,Ordeño,09:45,13.03,1,,,,,0,,0.72,0.60,1.02,0.96,0,0,0,0,4.70,4.28,4.68,4.63,VMS 2,,Tanque,,1.14,1.02,1.38,1.50,2.55,2.79,3.70,3.99
04/04/2025 10:42 a. m.,Ordeño,08:17,14.36,2,,,,,0,,0.84,0.66,1.08,1.02,0,0,0,0,4.52,4.30,4.68,4.65,VMS 2,,Tanque,,1.26,1.02,1.50,1.62,2.49,3.32,4.03,4.52
04/04/2025 07:39 p. m.,Ordeño,07:05,10.58,3,,,,,0,,0.66,0.66,1.02,0.90,0,0,0,0,4.26,4.03,4.48,4.44,VMS 2,,Tanque,,1.08,1.14,1.50,1.38,1.41,2.40,3.17,3.60
05/04/2025 09:51 a. m.,Ordeño,09:45,19.78,1,,,,,0,,0.90,0.66,1.02,1.26,0,0,0,0,4.77,4.27,4.60,4.66,VMS 2,,Tanque,,1.68,1.02,1.38,1.92,3.90,4.03,5.34,6.51
05/04/2025 06:36 p. m.,Ordeño,07:51,10.56,2,,,DI,DI,0,,0.00,0.72,1.08,1.14,0,0,0,0,0.00,4.27,4.59,4.64,VMS 2,,Tanque,,0.00,1.08,1.50,1.74,0.00,2.79,3.57,4.20
05/04/2025 11:35 p. m.,Ordeño,07:47,4.42,3,,,"DI,TI","DI,TI",0,,0.00,0.66,0.00,1.02,0,0,0,0,0.00,4.10,0.00,4.53,VMS 2,,Tanque,,0.00,1.08,0.00,1.68,0.00,1.92,0.00,2.50
07/04/2025 01:37 a. m.,Ordeño,11:12,14.76,1,,,DI,,0,,0.66,0.60,0.84,1.08,0,0,0,0,3.94,4.23,4.54,4.51,VMS 2,,Tanque,,1.14,1.08,1.20,1.74,1.26,3.58,3.99,5.93
07/04/2025 08:16 a. m.,Ordeño,07:22,9.78,2,,,DI,,0,,0.54,0.66,0.96,1.02,0,0,0,0,4.49,3.95,4.34,4.70,VMS 2,,Tanque,,1.14,0.90,1.44,1.56,0.79,2.77,2.94,3.28
07/04/2025 02:54 p. m.,Ordeño,07:35,8.76,3,,,,,0,,0.78,0.66,0.96,0.96,0,0,443,0,4.97,4.22,4.74,4.69,VMS 2,,Tanque,,1.32,1.02,1.38,1.56,0.98,2.25,2.54,2.99
07/04/2025 11:17 p. m.,Ordeño,08:20,12.41,4,,,,,0,,0.72,0.66,0.90,1.20,0,0,0,0,5.25,4.51,4.94,4.99,VMS 2,,Tanque,,1.14,1.02,1.26,1.92,1.43,2.82,3.49,4.67
08/04/2025 07:36 a. m.,Ordeño,08:27,12.74,1,,,,,0,,0.78,0.66,1.08,1.14,0,0,0,0,5.24,4.58,5.00,4.94,VMS 2,,Tanque,,1.14,1.08,1.50,1.68,1.62,3.10,3.55,4.47
08/04/2025 04:45 p. m.,Ordeño,08:42,12.98,2,,,,,0,,0.78,0.66,1.08,1.02,0,0,322,0,5.12,4.47,4.93,4.78,VMS 2,,Tanque,,1.26,1.02,1.50,1.62,1.90,3.06,3.78,4.24
09/04/2025 01:36 a. m.,Ordeño,08:14,13.20,1,,,,,0,,0.72,0.60,1.14,1.08,0,0,311,0,5.06,4.34,4.88,4.75,VMS 2,,Tanque,,1.14,1.08,1.62,1.50,1.92,2.97,3.76,4.55
09/04/2025 11:00 a. m.,Ordeño,08:56,13.92,2,,,,,0,,0.72,0.54,1.02,1.08,0,0,315,0,5.13,4.26,4.82,4.75,VMS 2,,Tanque,,1.08,0.90,1.38,1.56,2.04,3.15,4.11,4.62
09/04/2025 06:04 p. m.,Ordeño,08:26,10.16,3,,,,,0,DI,0.72,0.66,1.02,1.08,0,0,655,0,5.26,4.33,4.89,4.75,VMS 2,,Tanque,,1.14,1.02,1.44,1.74,1.54,2.48,2.83,3.31
10/04/2025 02:23 a. m.,Ordeño,09:37,6.69,1,,,"DI,TI","DI,TI",0,,0.00,0.60,0.00,1.14,0,0,0,0,0.00,4.27,0.00,4.83,VMS 2,,Tanque,,0.00,0.90,0.00,1.56,0.00,2.61,0.00,4.08
10/04/2025 12:02 p. m.,Ordeño,10:39,18.52,2,,,,,0,DI,0.90,0.60,1.20,0.90,0,0,0,0,5.78,4.53,5.21,4.92,VMS 2,,Tanque,,1.32,0.90,1.50,1.44,3.84,3.25,6.87,4.56
10/04/2025 09:59 p. m.,Ordeño,11:11,10.55,3,,"DI,TD",DI,DI,0,"TI,TD",0.42,0.60,0.96,1.02,0,0,0,0,3.55,4.12,4.60,4.47,VMS 2,,Tanque,,0.78,0.96,1.86,1.56,0.11,3.47,2.98,3.99
11/04/2025 07:08 a. m.,Ordeño,08:47,17.86,1,,,,,0,DI,0.84,0.60,1.08,1.14,0,0,0,0,5.18,4.11,4.59,4.80,VMS 2,,Tanque,,1.38,0.96,1.44,1.80,4.19,3.44,3.79,6.44
11/04/2025 03:46 p. m.,Ordeño,08:28,12.69,2,,,,,0,,0.66,0.66,1.08,1.08,0,0,0,0,4.19,4.15,4.71,4.51,VMS 2,,Tanque,,1.14,1.14,1.50,1.56,1.34,3.07,3.52,4.76
12/04/2025 05:59 p. m.,Ordeño,08:35,12.05,2,,,DI,DI,0,,0.00,0.66,1.14,1.20,0,0,393,0,0.00,3.87,4.62,4.36,VMS 2,,Tanque,,0.00,1.02,1.56,1.56,0.00,3.50,3.97,4.58
13/04/2025 04:41 p. m.,Ordeño,11:05,6.34,2,,TD,"DI,TI","DI,TI",0,,0.00,0.60,0.00,0.84,0,0,0,0,0.00,4.12,0.00,3.02,VMS 2,,Tanque,,0.00,0.84,0.00,1.44,0.00,2.44,0.00,3.90
13/04/2025 10:34 p. m.,Ordeño,14:20,3.23,3,,,"DI,DD,TI","DI,TI",0,,0.00,0.48,0.00,1.14,0,0,0,0,0.00,3.84,0.00,4.49,VMS 2,,Tanque,,0.00,0.72,0.00,1.86,0.00,0.87,0.00,2.36
14/04/2025 09:13 a. m.,Ordeño,09:23,20.68,1,,,,,0,"DI,TI",0.84,0.66,1.32,1.32,0,0,306,0,5.34,4.24,5.15,4.64,VMS 2,,Tanque,,1.38,1.02,1.68,1.74,3.54,3.88,8.09,5.17
14/04/2025 06:08 p. m.,Ordeño,07:56,9.77,2,,,DI,DI,0,,0.00,0.66,0.96,1.14,0,0,0,0,0.00,4.09,4.34,4.54,VMS 2,,Tanque,,0.00,0.96,1.32,1.68,0.00,2.96,2.58,4.23
15/04/2025 03:49 a. m.,Ordeño,08:27,11.98,1,,,,,0,DI,0.78,0.66,0.96,1.20,0,0,0,0,5.37,4.21,4.74,4.71,VMS 2,,Tanque,,1.32,1.02,1.32,1.62,2.51,2.91,2.20,4.36
15/04/2025 12:10 p. m.,Ordeño,10:43,9.43,2,,,DI,DI,0,,0.00,0.60,1.08,1.20,0,0,351,0,0.00,4.54,5.06,4.95,VMS 2,,Tanque,,0.00,0.96,1.50,1.62,0.00,2.65,2.64,4.14
15/04/2025 07:17 p. m.,Ordeño,07:23,9.60,3,,,,,0,DI,0.84,0.66,1.02,1.08,0,0,332,0,5.49,4.40,4.92,4.96,VMS 2,,Tanque,,1.32,1.02,1.38,1.44,1.85,2.31,2.29,3.15
16/04/2025 11:11 a. m.,Ordeño,08:21,10.88,2,,,DI,DI,0,,0.00,0.60,1.08,1.14,0,0,0,0,0.00,4.40,5.01,4.94,VMS 2,,Tanque,,0.00,1.08,1.50,1.56,0.00,3.03,3.35,4.50
16/04/2025 04:40 p. m.,Ordeño,09:12,7.91,3,,,,,0,DI,0.60,0.54,0.96,1.14,0,0,419,0,5.35,4.39,4.86,4.97,VMS 2,,Tanque,,1.08,0.90,1.38,1.62,1.27,1.87,2.42,2.35
17/04/2025 12:01 a. m.,Ordeño,10:26,1.96,1,,DD,"DI,TI,TD","DI,TI,TD",0,,0.00,0.48,0.00,0.00,0,0,0,0,0.00,4.31,0.00,0.00,VMS 2,,Tanque,,0.00,0.96,0.00,0.00,0.00,1.96,0.00,0.00
17/04/2025 06:56 a. m.,Ordeño,08:47,19.81,2,,,,,0,DI,0.90,0.60,1.08,1.26,0,0,0,0,5.78,4.45,5.27,5.20,VMS 2,,Tanque,,1.32,0.90,1.44,1.74,2.58,3.22,6.02,7.99
17/04/2025 02:56 p. m.,Ordeño,09:08,12.25,3,,,,,0,,0.78,0.66,1.20,1.08,0,0,0,0,4.97,4.53,4.88,4.52,VMS 2,,Tanque,,1.14,0.96,1.74,1.50,1.49,2.86,3.81,4.09
18/04/2025 12:54 a. m.,Ordeño,09:45,14.66,1,,,,,0,,0.78,0.60,1.14,1.20,0,0,0,0,5.05,4.49,5.00,4.82,VMS 2,,Tanque,,1.20,0.96,1.56,1.74,1.46,3.63,4.28,5.29
18/04/2025 08:57 a. m.,Ordeño,08:38,11.30,2,,,DI,DI,0,,0.00,0.66,1.02,1.20,0,0,0,0,0.00,4.31,4.96,4.65,VMS 2,,Tanque,,0.00,0.96,1.50,1.74,0.00,3.36,3.58,4.36
19/04/2025 02:51 p. m.,Ordeño,11:47,15.07,2,,,,,0,,0.66,0.66,0.96,1.14,0,0,373,0,4.41,4.12,4.53,4.42,VMS 2,,Tanque,,1.32,1.08,1.32,1.74,1.23,3.77,4.42,5.65
20/04/2025 01:32 a. m.,Ordeño,09:36,13.87,1,,,,,0,DI,0.72,0.66,0.96,0.96,0,0,0,0,4.92,3.92,4.27,4.11,VMS 2,,Tanque,,1.08,1.08,1.38,1.50,1.17,3.40,4.53,4.77
21/04/2025 03:13 a. m.,Ordeño,19:52,3.94,1,,,"DD,TI,TD","TI,TD",0,,0.66,0.60,0.00,0.00,0,427,0,0,5.86,4.52,0.00,0.00,VMS 2,,Tanque,,1.20,0.90,0.00,0.00,1.47,2.47,0.00,0.00
21/04/2025 09:54 a. m.,Ordeño,11:22,20.23,2,,,,,0,DI,0.90,0.66,1.08,1.26,0,0,0,0,5.47,4.18,5.40,5.31,VMS 2,,Tanque,,1.32,1.02,1.74,2.10,1.47,3.54,6.69,8.53
21/04/2025 11:26 p. m.,Ordeño,12:03,7.01,3,,TD,"DI,TI","DI,TI",0,,0.00,0.60,0.00,1.08,0,0,0,0,0.00,4.11,0.00,4.16,VMS 2,,Tanque,,0.00,0.90,0.00,1.62,0.00,3.37,0.00,3.64
22/04/2025 02:29 a. m.,Ordeño,09:14,0.78,1,,,"DI,TI,TD","DI,TI,TD",0,,0.00,0.48,0.00,0.00,0,319,0,0,0.00,3.60,0.00,0.00,VMS 2,,Tanque,,0.00,0.72,0.00,0.00,0.00,0.78,0.00,0.00
22/04/2025 09:54 a. m.,Ordeño,07:13,4.53,2,,,"DI,DD,TI","DI,DD,TI",0,,0.00,0.00,0.00,1.20,0,0,0,0,0.00,0.00,0.00,4.95,VMS 2,,Tanque,,0.00,0.00,0.00,1.68,0.00,0.00,0.00,4.53
23/04/2025 10:53 p. m.,Ordeño,13:09,4.33,2,,,"DI,TI,TD","DI,TI",0,,0.00,0.66,0.00,1.02,0,0,0,0,0.00,4.23,0.00,4.81,VMS 2,,Tanque,,0.00,1.02,0.00,1.62,0.00,2.30,0.00,2.03
25/04/2025 12:48 a. m.,Ordeño,10:24,8.79,1,,,TI,TI,0,,0.54,0.66,0.00,1.26,0,0,0,0,5.34,4.93,0.00,5.01,VMS 2,,Tanque,,0.96,1.08,0.00,1.68,1.01,3.22,0.00,4.56
25/04/2025 07:48 a. m.,Ordeño,10:11,8.27,2,,,,DI,0,TD,0.00,0.66,1.20,1.08,0,0,0,0,0.00,4.61,4.84,5.92,VMS 2,,Tanque,,0.00,1.20,1.74,1.44,0.00,2.05,2.60,3.62
26/04/2025 11:33 p. m.,Ordeño,14:09,4.63,3,,TD,"DI,TI",TI,0,,0.18,0.60,0.00,0.96,0,0,0,0,4.41,4.33,0.00,4.46,VMS 2,,Tanque,,0.48,0.96,0.00,2.10,0.34,1.61,0.00,2.68
27/04/2025 09:16 a. m.,Ordeño,09:55,14.83,1,,,,,0,,0.90,0.72,1.20,1.26,0,0,0,0,5.46,4.52,5.48,5.05,VMS 2,,Tanque,,1.32,1.08,1.62,1.62,1.06,3.67,4.25,5.85
27/04/2025 05:22 p. m.,Ordeño,10:04,6.15,2,,,TI,TI,0,,0.48,0.66,0.00,0.96,0,0,0,0,5.47,4.38,0.00,5.18,VMS 2,,Tanque,,1.02,1.08,0.00,1.38,0.94,2.66,0.00,2.55
04/05/2025 02:16 p. m.,Ordeño,11:25,10.80,2,,,DI,DI,0,,0.00,0.72,0.96,1.26,0,0,0,0,0.00,4.40,4.67,4.63,VMS 2,,Tanque,,0.00,1.20,1.38,1.74,0.00,2.96,3.33,4.51
06/05/2025 02:12 p. m.,Ordeño,12:02,11.30,2,,TI,,,0,,0.42,0.84,1.14,1.08,0,0,0,0,5.12,4.44,4.70,4.83,VMS 2,,Tanque,,1.14,1.26,1.86,1.68,0.93,3.28,3.13,3.96
06/05/2025 11:34 p. m.,Ordeño,06:58,9.91,3,,,,,0,DI,0.36,0.66,0.96,1.20,0,0,0,0,5.67,4.16,4.56,4.50,VMS 2,,Tanque,,0.72,1.08,1.38,1.50,0.75,2.57,2.38,4.21
07/05/2025 02:33 p. m.,Ordeño,09:46,14.15,1,,,DI,,0,,0.66,0.72,1.14,1.20,0,0,316,0,5.17,4.40,4.68,4.64,VMS 2,,Tanque,,1.02,1.14,1.62,1.50,0.71,3.81,4.18,5.45
08/05/2025 12:46 a. m.,Ordeño,06:58,9.04,1,,,DI,,0,,0.24,0.66,0.96,1.08,0,0,497,0,4.56,4.01,4.48,4.17,VMS 2,,Tanque,,0.60,1.02,1.38,1.62,0.39,2.63,2.47,3.55
08/05/2025 08:44 a. m.,Ordeño,13:09,2.29,2,,DI,"TI,TD","TI,TD",0,,0.48,0.66,0.00,0.00,0,0,0,0,5.09,4.19,0.00,0.00,VMS 2,,Tanque,,1.44,0.90,0.00,0.00,0.52,1.77,0.00,0.00
10/05/2025 12:15 a. m.,Ordeño,09:02,5.74,1,,,TI,TI,0,DI,0.36,0.66,0.00,0.90,0,0,0,0,4.85,4.17,0.00,4.12,VMS 2,,Tanque,,1.14,1.02,0.00,1.38,0.69,2.42,0.00,2.63
10/05/2025 09:15 a. m.,Ordeño,10:34,9.96,2,,,,"DI,TI",0,,0.00,0.66,0.00,1.32,0,0,0,0,0.00,4.26,0.00,5.01,VMS 2,,Tanque,,0.00,1.20,0.00,1.74,0.00,2.82,0.00,7.14
12/05/2025 08:00 a. m.,Ordeño,12:30,2.95,2,,,"TI,TD","TI,TD",0,DI,0.84,0.66,0.00,0.00,0,0,0,0,7.24,3.86,0.00,0.00,VMS 2,,Tanque,,1.20,0.96,0.00,0.00,1.11,1.84,0.00,0.00
12/05/2025 11:59 a. m.,Ordeño,07:50,6.88,3,,,,,0,"DI,TI",0.24,0.60,1.08,1.02,0,0,0,0,5.45,3.92,5.50,4.97,VMS 2,,Tanque,,0.60,1.02,1.56,1.74,0.34,0.97,2.41,3.16
14/05/2025 01:35 p. m.,Ordeño,07:50,4.41,2,,TI,TI,"DI,TI",0,,0.00,0.66,0.42,1.02,0,0,0,0,0.00,4.53,1.01,4.80,VMS 2,,Tanque,,0.00,1.02,0.66,1.44,0.00,2.13,0.13,2.15
14/05/2025 05:38 p. m.,Ordeño,08:07,4.46,3,,,TD,,0,"DI,TI",0.24,0.54,0.90,0.36,0,0,0,0,6.63,4.22,5.27,4.73,VMS 2,,Tanque,,0.36,0.84,1.38,0.96,0.20,0.74,2.93,0.59
15/05/2025 02:41 a. m.,Ordeño,09:44,1.73,1,,,"TI,TD","DI,TI,TD",0,,0.00,0.60,0.00,0.00,0,0,0,0,0.00,4.79,0.00,0.00,VMS 2,,Tanque,,0.00,0.84,0.00,0.00,0.00,1.73,0.00,0.00
16/05/2025 06:33 p. m.,Ordeño,09:54,3.59,2,,,"TI,TD","TI,TD",0,,0.30,0.72,0.00,0.00,0,0,0,0,5.72,4.52,0.00,0.00,VMS 2,,Tanque,,0.48,1.14,0.00,0.00,0.57,3.02,0.00,0.00
17/05/2025 03:33 a. m.,Ordeño,02:57,0.00,1,,,"DD,TI,TD",Todos,0,,0.00,0.00,0.00,0.00,0,0,0,0,0.00,0.00,0.00,0.00,VMS 2,,Tanque,,0.00,0.00,0.00,0.00,0.00,0.00,0.00,0.00
19/05/2025 06:52 a. m.,Ordeño,12:17,1.54,2,,,"TI,TD","DI,TD",0,TI,0.00,0.60,0.24,0.00,0,0,0,0,0.00,4.07,5.82,0.00,VMS 2,,Tanque,,0.00,0.84,0.54,0.00,0.00,0.99,0.55,0.00
19/05/2025 11:24 a. m.,Ordeño,08:48,5.62,3,,,,DI,0,TI,0.00,0.60,1.02,0.96,0,0,0,0,0.00,4.55,6.08,5.73,VMS 2,,Tanque,,0.00,0.96,1.50,1.38,0.00,1.19,2.59,1.84
20/05/2025 05:35 p. m.,Ordeño,07:40,7.94,3,,"DI,TD",,,0,,0.24,0.78,0.96,0.66,0,0,0,0,5.09,4.61,5.06,5.02,VMS 2,,Tanque,,0.60,1.26,1.44,1.14,0.27,2.60,2.38,2.69
21/05/2025 01:32 a. m.,Ordeño,08:12,1.68,1,,,"TI,TD","DI,TI,TD",0,,0.00,0.72,0.00,0.00,0,0,0,0,0.00,4.48,0.00,0.00,VMS 2,,Tanque,,0.00,1.14,0.00,0.00,0.00,1.68,0.00,0.00
22/05/2025 02:39 a. m.,Ordeño,12:38,2.28,1,,DI,"TI,TD","TI,TD",0,,0.18,0.66,0.00,0.00,0,0,0,0,4.76,4.45,0.00,0.00,VMS 2,,Tanque,,0.48,1.08,0.00,0.00,0.28,2.00,0.00,0.00
22/05/2025 03:47 p. m.,Ordeño,09:49,5.49,3,,,,DI,0,,0.00,0.54,0.90,0.84,0,0,0,0,0.00,4.33,4.94,4.99,VMS 2,,Tanque,,0.00,1.20,1.26,1.62,0.00,1.98,1.61,1.90
23/05/2025 02:41 a. m.,Ordeño,08:42,6.24,1,,,TI,TI,0,,0.30,0.78,0.00,1.08,0,0,0,0,4.85,4.44,0.00,4.85,VMS 2,,Tanque,,0.72,1.20,0.00,1.86,0.38,3.11,0.00,2.75
23/05/2025 10:39 a. m.,Ordeño,08:45,3.76,2,,,TI,"DI,TI",0,,0.00,0.72,0.00,0.84,0,0,0,0,0.00,4.28,0.00,5.14,VMS 2,,Tanque,,0.00,1.08,0.00,1.20,0.00,2.05,0.00,1.71
25/05/2025 07:23 p. m.,Ordeño,10:54,2.64,2,,,"TI,TD","DI,TI,TD",0,,0.00,0.72,0.12,0.00,0,0,0,0,0.00,4.14,3.89,0.00,VMS 2,,Tanque,,0.00,1.02,0.36,0.00,0.00,2.55,0.09,0.00
26/05/2025 03:59 a. m.,Ordeño,10:17,9.77,1,,TD,,,0,"DI,TD",0.36,0.66,0.90,1.02,0,0,0,0,6.09,4.08,5.48,6.06,VMS 2,,Tanque,,0.78,1.08,1.68,1.38,0.41,2.25,3.84,3.27
29/05/2025 11:21 a. m.,Ordeño,08:51,1.52,2,,,TD,"DI,TI",0,,0.00,0.60,0.00,0.54,0,0,0,0,0.00,3.65,0.00,4.63,VMS 2,,Tanque,,0.00,0.90,0.00,1.08,0.00,0.91,0.00,0.61
29/05/2025 06:38 p. m.,Ordeño,09:34,2.39,3,,,TD,"DI,TD",0,,0.18,0.66,0.84,0.00,0,0,0,0,2.41,4.53,5.30,0.00,VMS 2,,Tanque,,0.36,1.08,1.26,0.00,0.06,1.16,1.17,0.00
31/05/2025 08:14 a. m.,Ordeño,11:19,2.35,2,,TI,"TI,TD",DI,0,TD,0.30,0.66,0.84,0.48,0,0,0,0,3.02,3.60,3.62,4.82,VMS 2,,Tanque,,0.60,1.32,1.56,1.14,0.10,1.37,0.52,0.36
31/05/2025 12:14 p. m.,Ordeño,13:23,0.72,3,,,"TI,TD","DD,TI,TD",0,,0.54,0.00,0.00,0.00,0,0,0,0,4.12,0.00,0.00,0.00,VMS 2,,Tanque,,1.02,0.00,0.00,0.00,0.72,0.00,0.00,0.00
01/06/2025 11:20 a. m.,Ordeño,11:18,3.10,2,,,"TI,TD","DI,TD",0,,0.00,0.78,0.30,0.00,0,0,0,0,0.00,4.35,5.67,0.00,VMS 2,,Tanque,,0.00,1.44,0.54,0.00,0.00,2.54,0.56,0.00
01/06/2025 03:29 p. m.,Ordeño,10:32,4.00,3,,,,"DI,TI",0,TD,0.60,0.66,0.00,0.96,0,0,0,0,3.89,4.30,0.00,5.53,VMS 2,,Tanque,,1.26,0.96,0.00,1.62,0.14,0.98,0.00,2.88
02/06/2025 08:59 a. m.,Ordeño,11:04,5.40,1,,TD,"TI,TD","DI,TI",0,TD,0.00,0.78,0.00,0.96,0,0,0,0,0.00,4.56,0.00,6.49,VMS 2,,Tanque,,0.00,1.20,0.00,1.50,0.00,3.71,0.00,1.69
02/06/2025 02:34 p. m.,Ordeño,07:56,5.99,2,,TD,,TD,0,"DI,TI",0.66,0.66,1.08,0.30,0,0,0,0,6.63,3.89,5.43,5.09,VMS 2,,Tanque,,1.38,0.96,1.62,0.48,0.32,1.39,4.21,0.07
03/06/2025 06:50 a. m.,Ordeño,11:04,2.97,1,,,"TI,TD","DI,TI,TD",0,,0.00,0.78,0.00,0.00,0,0,0,0,0.00,4.43,0.00,0.00,VMS 2,,Tanque,,0.00,1.20,0.00,0.00,0.00,2.97,0.00,0.00
05/06/2025 09:51 p. m.,Ordeño,10:45,0.92,3,,,"TI,TD","DI,TI,TD",0,,0.00,0.72,0.00,0.00,0,0,0,0,0.00,4.35,0.00,0.00,VMS 2,,Tanque,,0.00,1.02,0.00,0.00,0.00,0.92,0.00,0.00
08/06/2025 08:13 a. m.,Ordeño,05:14,6.65,1,,,,,0,DI,0.90,0.84,1.08,1.26,390,369,473,0,4.77,3.72,4.32,4.54,VMS 2,,Tanque,,1.32,1.26,1.50,1.74,1.39,1.94,1.86,1.46
08/06/2025 05:04 p. m.,Ordeño,07:08,7.75,2,,,,,0,TD,0.96,0.84,0.96,1.20,389,379,670,0,4.64,3.85,4.37,4.76,VMS 2,,Tanque,,1.32,1.38,1.62,1.92,1.70,2.19,2.21,1.65
10/06/2025 02:00 p. m.,Ordeño,05:00,6.49,2,,,,,0,,0.90,0.78,1.08,1.02,0,0,671,0,4.34,3.87,4.35,4.59,VMS 2,,Tanque,,1.32,1.32,1.44,1.62,1.42,1.86,1.89,1.32
10/06/2025 09:46 p. m.,Ordeño,06:33,8.04,3,,,,,0,,0.90,0.78,1.02,1.02,0,0,472,0,4.34,3.86,4.37,4.66,VMS 2,,Tanque,,1.32,1.32,1.38,1.50,1.95,2.16,2.24,1.69
11/06/2025 06:58 a. m.,Ordeño,06:25,9.62,1,,,,,0,TD,0.90,0.78,1.08,1.26,0,0,981,0,4.42,3.78,4.42,4.73,VMS 2,,Tanque,,1.26,1.38,1.56,1.86,2.19,2.64,2.66,2.13
11/06/2025 11:56 p. m.,Ordeño,05:29,8.36,1,,,,,0,TD,0.96,0.84,1.14,1.08,0,0,456,0,3.74,3.98,4.35,4.55,VMS 2,,Tanque,,1.62,1.32,1.56,1.50,2.23,2.27,2.26,1.60
12/06/2025 07:54 a. m.,Ordeño,06:04,8.48,2,,,,,0,TD,0.96,0.78,1.08,1.08,0,0,651,0,4.28,3.82,4.43,4.69,VMS 2,,Tanque,,1.26,1.26,1.80,1.50,2.14,2.29,2.43,1.62
13/06/2025 12:30 a. m.,Ordeño,06:47,9.02,1,,,,,0,,0.96,0.84,1.20,1.14,0,0,458,0,4.43,4.07,4.46,4.45,VMS 2,,Tanque,,1.32,1.38,1.62,1.68,2.28,2.31,2.60,1.83
13/06/2025 07:43 a. m.,Ordeño,07:10,8.17,2,,,,,0,TD,0.96,0.90,1.14,1.08,0,0,557,0,4.42,3.93,4.52,4.89,VMS 2,,Tanque,,1.44,1.38,1.44,1.50,2.01,2.21,2.28,1.67
13/06/2025 04:07 p. m.,Ordeño,06:59,9.37,3,,,,,0,TD,0.96,0.84,1.14,1.20,0,0,372,0,4.55,4.23,4.66,5.25,VMS 2,,Tanque,,1.32,1.26,1.56,1.86,2.33,2.37,2.59,2.08
13/06/2025 10:44 p. m.,Ordeño,07:49,2.16,4,,,"DI,TI,TD","DI,TI,TD",0,,0.00,0.90,0.00,0.00,0,0,0,0,0.00,3.96,0.00,0.00,VMS 2,,Tanque,,0.00,1.32,0.00,0.00,0.00,2.16,0.00,0.00
14/06/2025 03:42 a. m.,Ordeño,10:40,11.89,1,,"TI,TD",,,0,TD,1.08,0.60,0.90,1.02,0,0,0,0,4.50,3.64,4.46,4.82,VMS 2,,Tanque,,1.56,1.08,1.56,1.56,3.39,1.71,3.92,2.87
14/06/2025 12:17 p. m.,Ordeño,08:04,10.69,2,,TD,,,0,,1.02,0.90,1.08,1.02,0,0,0,0,4.47,4.17,4.50,4.95,VMS 2,,Tanque,,1.38,1.26,1.50,1.44,2.77,2.70,3.19,2.03
14/06/2025 07:49 p. m.,Ordeño,10:00,9.53,3,,,,,0,,0.96,0.90,1.08,1.08,0,374,374,0,4.47,4.11,4.87,4.57,VMS 2,,Tanque,,1.44,1.68,1.56,1.62,2.40,2.39,1.93,2.81
15/06/2025 03:35 a. m.,Ordeño,09:10,10.02,1,,,,,0,,0.96,0.78,1.08,1.02,0,0,372,0,4.62,4.20,4.63,4.71,VMS 2,,Tanque,,1.38,1.20,1.38,1.68,2.53,2.67,2.80,2.02
15/06/2025 12:13 p. m.,Ordeño,09:02,10.63,2,,,,,0,,0.96,0.78,1.02,0.90,0,0,369,0,4.48,4.14,4.50,4.77,VMS 2,,Tanque,,1.38,1.32,1.44,1.26,2.74,2.82,3.09,1.98
15/06/2025 06:37 p. m.,Ordeño,05:52,7.81,3,,,,,0,,0.90,0.72,1.14,0.90,0,373,472,0,4.34,4.06,4.56,4.66,VMS 2,,Tanque,,1.26,1.14,1.56,1.32,2.04,2.17,2.08,1.52
16/06/2025 12:46 a. m.,Ordeño,05:26,8.17,1,,,,,0,,0.90,0.72,1.08,1.14,0,0,368,0,4.59,4.25,4.68,4.84,VMS 2,,Tanque,,1.32,1.44,1.56,1.74,2.04,2.13,2.31,1.69
16/06/2025 08:41 a. m.,Ordeño,06:55,10.74,2,,,,,0,,0.90,0.72,1.08,1.02,0,0,376,0,4.49,4.11,4.69,4.94,VMS 2,,Tanque,,1.38,1.08,1.44,1.86,2.77,2.74,3.10,2.13
16/06/2025 04:02 p. m.,Ordeño,06:58,8.82,3,,,,,0,,0.96,0.72,1.08,0.96,0,0,0,0,4.79,4.53,4.71,5.00,VMS 3,,Tanque,,1.32,1.20,1.56,1.68,2.32,2.21,2.49,1.80
16/06/2025 11:04 p. m.,Ordeño,06:13,9.03,4,,,,,0,,0.90,0.66,1.08,1.08,0,0,0,0,4.66,4.48,4.75,4.87,VMS 3,,Tanque,,1.32,1.02,1.50,1.74,2.50,2.25,2.58,1.70
17/06/2025 06:43 a. m.,Ordeño,05:42,10.03,1,,,,,0,,0.96,0.78,1.08,1.02,0,0,0,0,4.61,4.44,4.58,4.93,VMS 3,,Tanque,,1.38,1.14,1.50,1.74,2.67,2.53,2.90,1.93
17/06/2025 03:28 p. m.,Ordeño,06:55,9.79,2,,TD,,,0,,1.02,0.72,1.20,1.08,0,0,0,0,4.63,4.47,4.67,4.72,VMS 3,,Tanque,,1.44,1.08,1.62,1.38,2.71,2.38,2.86,1.84
17/06/2025 10:16 p. m.,Ordeño,05:18,7.58,3,,,,,0,,0.96,0.66,1.08,0.90,0,0,0,0,4.49,4.48,4.60,4.79,VMS 3,,Tanque,,1.32,1.08,1.44,1.26,2.28,1.86,2.18,1.26
18/06/2025 07:33 a. m.,Ordeño,06:11,11.10,1,,,,,0,,1.02,0.72,1.32,1.02,0,0,0,0,4.64,4.59,4.69,4.96,VMS 3,,Tanque,,1.32,1.08,1.74,1.92,3.07,2.64,3.21,2.18
18/06/2025 02:45 p. m.,Ordeño,05:41,7.86,2,,,,,0,,0.96,0.72,1.26,0.96,0,0,0,0,4.58,4.37,4.63,4.85,VMS 3,,Tanque,,1.44,1.14,1.74,1.38,2.22,1.98,2.25,1.41
19/06/2025 01:53 a. m.,Ordeño,10:32,14.10,1,,,,,0,,1.02,0.54,1.32,1.02,0,0,0,0,4.75,4.39,4.76,4.58,VMS 3,,Tanque,,1.32,1.14,1.68,1.56,3.86,3.30,4.11,2.83
19/06/2025 10:00 p. m.,Ordeño,05:44,8.98,3,,,,,0,,0.96,0.72,1.26,1.02,0,0,0,0,4.40,4.33,4.65,4.92,VMS 3,,Tanque,,1.38,1.14,1.56,1.68,2.57,2.17,2.53,1.71
20/06/2025 08:07 a. m.,Ordeño,06:52,12.93,1,,,,,0,,1.02,0.72,1.38,1.02,0,0,0,0,4.69,4.60,4.95,5.26,VMS 3,,Tanque,,1.44,1.14,1.98,1.62,3.71,3.03,3.74,2.45
22/06/2025 02:52 a. m.,Ordeño,09:00,11.11,1,,,TD,TD,0,,0.84,0.72,1.20,0.00,0,0,0,0,4.56,4.59,4.36,0.00,VMS 3,,Tanque,,1.44,1.08,1.56,0.00,3.94,3.11,4.06,0.00
22/06/2025 09:45 a. m.,Ordeño,05:52,11.22,2,,,,,0,TD,0.96,0.66,1.14,1.14,0,0,0,0,4.42,4.40,4.22,5.46,VMS 3,,Tanque,,1.32,1.20,1.50,1.62,2.67,2.09,2.56,3.90
25/06/2025 01:42 p. m.,Ordeño,10:19,8.66,2,,,,,0,,0.84,0.78,0.90,1.14,0,0,0,0,4.39,4.59,4.80,4.77,VMS 3,,Tanque,,1.32,1.20,1.50,1.86,2.70,2.08,1.48,2.40
25/06/2025 09:47 p. m.,Ordeño,05:41,8.15,3,,,,,0,,0.96,0.72,1.20,0.90,0,0,0,0,4.77,4.76,5.03,5.19,VMS 3,,Tanque,,1.38,1.20,1.56,1.50,2.64,1.91,2.44,1.16
26/06/2025 07:14 a. m.,Ordeño,07:11,12.02,1,,,,,0,,1.02,0.66,1.32,1.14,0,0,0,0,4.77,4.84,5.04,5.52,VMS 3,,Tanque,,1.44,1.08,1.74,1.62,3.74,2.72,3.60,1.96
27/06/2025 01:17 a. m.,Ordeño,08:18,9.55,1,,,TD,TD,0,,1.02,0.72,1.20,0.00,0,0,0,0,4.57,4.78,4.96,0.00,VMS 3,,Tanque,,1.32,0.96,1.68,0.00,3.39,2.79,3.37,0.00
27/06/2025 09:28 p. m.,Ordeño,08:12,10.09,3,,,,,0,,0.96,0.66,1.14,0.90,0,0,0,0,4.44,4.59,4.80,4.87,VMS 3,,Tanque,,1.32,1.08,1.50,1.56,3.13,2.45,2.99,1.52
05/07/2025 12:10 a. m.,Ordeño,08:15,8.06,1,,,TD,TD,0,,0.90,0.60,1.14,0.00,0,0,0,0,4.44,4.50,4.69,0.00,VMS 3,,Tanque,,1.44,0.90,1.50,0.00,3.06,2.26,2.74,0.00
05/07/2025 12:45 p. m.,Ordeño,06:56,8.96,3,,DI,,,0,,0.96,0.66,1.20,0.90,0,0,0,0,4.53,4.70,5.08,5.06,VMS 3,,Tanque,,1.50,1.08,1.56,1.32,2.97,1.96,2.61,1.42
05/07/2025 10:53 p. m.,Ordeño,10:01,13.82,4,,,,,0,,1.08,0.60,1.20,0.90,0,0,0,0,4.67,4.75,5.06,5.42,VMS 3,,Tanque,,1.62,0.96,1.56,1.38,4.72,3.02,4.14,1.94
06/07/2025 05:54 a. m.,Ordeño,07:09,9.74,1,,,,,0,,0.96,0.72,1.14,0.90,0,0,0,0,4.27,4.33,4.66,4.90,VMS 3,,Tanque,,1.44,1.02,1.56,1.50,3.37,2.23,2.84,1.30
06/07/2025 03:42 p. m.,Ordeño,09:24,12.15,2,,,,,0,TD,0.96,0.72,1.20,0.96,0,0,0,0,4.35,4.55,4.76,5.43,VMS 3,,Tanque,,1.56,1.14,1.62,1.32,4.11,2.66,3.44,1.94
06/07/2025 10:08 p. m.,Ordeño,08:01,7.52,3,,,TD,,0,,0.84,0.60,1.02,0.78,0,0,0,0,4.18,4.33,4.41,1.47,VMS 3,,Tanque,,1.68,0.90,1.38,1.86,3.01,1.85,2.34,0.32
07/07/2025 06:52 a. m.,Ordeño,07:19,12.73,1,,,,,0,TD,0.90,0.60,1.08,1.02,0,0,0,0,4.54,4.51,4.81,5.70,VMS 3,,Tanque,,1.38,0.96,1.44,1.32,4.11,2.56,3.34,2.72
08/07/2025 04:36 p. m.,Ordeño,12:06,8.00,2,,"DI,TD",TI,,0,,0.84,0.66,1.02,0.96,0,0,0,0,4.48,4.51,4.82,5.02,VMS 3,,Tanque,,1.32,0.96,1.38,1.86,2.40,2.06,1.01,2.53
08/07/2025 09:57 p. m.,Ordeño,08:37,8.55,3,,TD,,,0,,0.96,0.60,1.08,0.84,0,0,0,0,4.62,4.52,4.81,4.82,VMS 3,,Tanque,,1.56,0.96,1.38,1.62,3.12,1.79,2.67,0.97
10/07/2025 10:37 p. m.,Ordeño,08:32,6.65,3,,TD,TI,TI,0,,0.96,0.54,0.00,0.90,0,0,0,0,4.29,4.48,0.00,4.81,VMS 3,,Tanque,,1.56,0.96,0.00,1.50,3.37,2.10,0.00,1.18
11/07/2025 06:46 a. m.,Ordeño,09:39,9.37,1,,,TI,TI,0,"DD,TD",0.96,0.54,0.60,0.96,0,0,300,0,4.60,4.71,3.48,5.32,VMS 3,,Tanque,,1.50,0.96,1.32,1.68,4.57,2.85,0.18,1.77
12/07/2025 08:04 a. m.,Ordeño,10:29,10.71,1,,,TI,TI,0,,0.96,0.66,0.00,1.08,0,0,0,0,4.65,4.65,0.00,5.06,VMS 3,,Tanque,,1.62,1.08,0.00,1.38,4.83,3.13,0.00,2.75
12/07/2025 06:43 p. m.,Ordeño,10:09,6.77,3,,,TI,TI,0,,0.90,0.60,0.00,0.96,0,0,0,0,4.60,4.76,0.00,5.12,VMS 3,,Tanque,,1.44,0.96,0.00,1.74,2.92,2.19,0.00,1.66
13/07/2025 12:04 a. m.,Ordeño,09:31,6.37,1,,,TD,,0,,0.84,0.54,1.14,0.30,0,0,0,0,4.62,4.61,5.07,4.56,VMS 3,,Tanque,,1.56,0.84,1.56,0.84,1.82,1.25,3.03,0.27
13/07/2025 06:50 a. m.,Ordeño,08:08,4.75,2,,,TI,TI,0,,0.78,0.60,0.48,0.90,0,0,0,388,4.94,4.89,2.08,5.52,VMS 3,,Tanque,,1.44,0.96,1.14,1.26,2.22,1.14,0.15,1.24
14/07/2025 07:25 a. m.,Ordeño,11:13,9.03,2,,,TI,,0,,1.02,0.72,0.42,1.08,0,0,0,0,4.47,4.42,3.89,4.77,VMS 3,,Tanque,,1.68,1.08,0.96,1.50,3.50,2.18,1.00,2.35
14/07/2025 11:30 a. m.,Ordeño,09:35,5.04,3,,DD,,,0,,0.78,0.66,0.96,0.72,0,0,0,0,4.51,4.43,4.51,4.51,VMS 3,,Tanque,,1.44,0.90,1.56,1.14,1.76,1.21,1.36,0.71
14/07/2025 08:00 p. m.,Ordeño,07:09,10.95,4,,,,,0,,0.90,0.66,1.02,0.84,0,0,0,0,5.11,4.68,4.87,5.32,VMS 3,,Tanque,,1.56,1.02,1.44,1.38,3.88,2.67,3.12,1.28
16/07/2025 11:47 p. m.,Ordeño,10:26,10.36,3,,,,,0,,0.84,0.72,0.60,1.02,0,0,0,385,4.41,4.63,4.84,4.81,VMS 3,,Tanque,,1.26,1.14,1.14,1.38,3.51,2.37,1.44,3.04
17/07/2025 08:15 a. m.,Ordeño,08:00,13.12,1,,,,,0,,0.96,0.66,1.14,0.96,0,0,0,0,4.74,4.83,4.98,5.41,VMS 3,,Tanque,,1.44,1.08,1.44,1.32,4.40,3.04,3.85,1.83
17/07/2025 11:42 p. m.,Ordeño,06:05,9.74,3,,,,,0,,0.96,0.72,1.14,0.90,0,0,0,0,4.46,4.53,4.72,4.05,VMS 3,,Tanque,,1.44,1.14,1.56,1.38,3.25,2.34,2.66,1.49
18/07/2025 08:19 a. m.,Ordeño,07:11,12.74,1,,,,,0,,0.90,0.66,1.14,1.02,0,0,0,0,4.78,4.77,4.95,5.40,VMS 3,,Tanque,,1.32,1.08,1.50,1.44,4.09,2.99,3.80,1.86
19/07/2025 05:43 p. m.,Ordeño,08:22,14.09,2,,,,,0,,0.90,0.66,1.14,1.02,0,0,0,0,4.65,4.70,5.14,5.07,VMS 3,,Tanque,,1.26,1.14,1.50,1.44,4.56,3.44,4.13,1.96
20/07/2025 02:30 a. m.,Ordeño,07:42,13.35,1,,,,,0,,0.84,0.66,1.08,1.08,0,0,0,0,4.59,4.66,4.75,5.17,VMS 3,,Tanque,,1.26,1.14,1.50,1.80,4.30,3.21,3.89,1.95
20/07/2025 10:38 a. m.,Ordeño,07:25,12.46,2,,,,,0,,0.96,0.72,1.08,0.96,0,0,0,0,4.47,4.59,4.83,4.94,VMS 3,,Tanque,,1.50,1.02,1.44,1.50,4.29,2.84,3.57,1.76
20/07/2025 06:53 p. m.,Ordeño,08:20,11.65,3,,,,,0,,0.84,0.66,1.14,0.90,0,0,0,0,4.54,4.57,4.82,4.96,VMS 3,,Tanque,,1.26,1.02,1.50,1.50,3.95,2.71,3.37,1.62
21/07/2025 04:15 a. m.,Ordeño,07:58,13.88,1,,,,,0,,0.90,0.78,1.20,1.08,0,0,0,0,4.64,4.71,4.88,5.20,VMS 3,,Tanque,,1.38,1.20,1.56,1.50,4.68,3.22,4.06,1.92
21/07/2025 02:37 p. m.,Ordeño,08:31,14.73,2,,,,,0,,0.90,0.72,1.14,1.08,0,0,0,0,4.71,4.80,5.08,5.16,VMS 3,,Tanque,,1.26,1.14,1.44,1.44,4.41,3.54,4.59,2.19
21/07/2025 11:12 p. m.,Ordeño,08:48,12.58,3,,,,,0,,0.90,0.72,1.14,0.96,0,0,0,0,4.48,4.62,4.86,5.14,VMS 3,,Tanque,,1.50,1.08,1.92,1.68,4.21,3.01,3.61,1.75
22/07/2025 10:18 a. m.,Ordeño,09:26,15.91,1,,,,,0,,0.84,0.66,1.08,0.90,0,0,0,0,4.69,4.76,4.97,4.74,VMS 3,,Tanque,,1.26,1.08,1.50,1.44,4.86,3.72,4.77,2.56
22/07/2025 05:50 p. m.,Ordeño,09:22,9.25,2,,,TI,TI,0,,0.84,0.72,0.00,1.14,0,0,0,0,4.41,4.56,0.00,4.84,VMS 3,,Tanque,,1.32,1.08,0.00,1.68,3.48,2.58,0.00,3.19
23/07/2025 02:25 a. m.,Ordeño,07:29,13.51,1,,,,,0,TD,0.84,0.66,1.08,1.02,0,0,0,0,4.61,4.84,4.97,5.68,VMS 3,,Tanque,,1.32,1.14,1.38,1.56,3.91,2.82,3.56,3.22
24/07/2025 04:42 p. m.,Ordeño,09:21,12.27,2,,,TD,TD,0,,0.90,0.84,1.20,0.00,0,0,0,0,4.40,4.55,4.81,0.00,VMS 3,,Tanque,,1.68,1.26,1.62,0.00,4.63,3.40,4.24,0.00
24/07/2025 10:57 p. m.,Ordeño,05:56,10.39,3,,,,,0,TD,0.96,0.72,1.14,1.08,0,0,0,0,4.26,4.38,4.68,5.31,VMS 3,,Tanque,,1.38,1.02,1.50,1.44,2.89,2.03,2.39,3.08
27/07/2025 12:51 p. m.,Ordeño,08:52,10.66,2,,,TI,TI,0,,0.90,0.78,0.00,1.08,0,0,0,0,4.25,4.57,0.00,4.63,VMS 3,,Tanque,,1.44,1.14,0.00,1.56,4.03,2.92,0.00,3.71
29/07/2025 10:26 p. m.,Ordeño,07:41,10.53,3,,,,,0,,0.90,0.66,1.08,0.96,0,0,0,0,4.56,4.67,4.88,4.79,VMS 3,,Tanque,,1.38,1.02,1.68,1.56,3.49,2.58,3.04,1.42
30/07/2025 05:38 a. m.,Ordeño,08:08,11.44,1,,TD,,,0,,0.90,0.72,1.20,1.08,0,0,0,0,4.89,5.01,5.23,5.37,VMS 3,,Tanque,,1.56,1.14,1.50,1.50,3.82,2.79,3.41,1.42
30/07/2025 02:28 p. m.,Ordeño,07:42,13.13,2,,DI,,,0,,0.90,0.72,1.08,0.90,0,0,0,0,4.67,4.81,5.03,5.38,VMS 3,,Tanque,,1.38,1.20,1.50,1.38,4.21,3.08,3.97,1.87
31/07/2025 11:22 a. m.,Ordeño,08:11,14.30,2,,DI,,,0,,0.90,0.66,1.02,0.90,0,0,0,0,4.74,4.80,4.96,5.06,VMS 3,,Tanque,,1.26,1.02,1.38,1.62,4.59,3.37,4.40,1.94
31/07/2025 10:40 p. m.,Ordeño,09:01,16.98,3,,"TI,TD",,,0,TD,0.90,0.78,1.02,1.02,0,0,0,0,4.84,4.81,4.87,5.58,VMS 3,,Tanque,,1.38,1.20,1.74,1.86,5.42,4.09,4.93,2.54
01/08/2025 03:16 p. m.,Ordeño,08:08,13.52,2,,,,,0,,0.90,0.72,1.02,0.96,0,0,0,0,4.55,4.75,4.86,5.27,VMS 3,,Tanque,,1.68,1.08,1.56,1.50,4.39,3.18,4.02,1.93
02/08/2025 12:59 a. m.,Ordeño,09:58,15.66,1,,,,,0,,0.90,0.72,1.02,1.08,0,0,0,0,4.75,4.90,5.26,5.12,VMS 3,,Tanque,,1.74,1.20,1.56,1.50,5.02,3.81,2.18,4.65
02/08/2025 09:32 a. m.,Ordeño,10:57,13.85,2,,,,,0,,0.90,0.72,0.96,0.96,0,0,0,0,4.53,4.72,4.87,5.31,VMS 3,,Tanque,,1.32,1.14,1.38,1.26,4.53,3.33,4.09,1.90
02/08/2025 04:08 p. m.,Ordeño,09:19,10.27,3,,,,,0,,0.96,0.78,1.02,1.08,0,0,0,0,4.39,4.59,4.97,4.75,VMS 3,,Tanque,,1.62,1.14,1.62,1.50,3.36,2.39,1.45,3.07
03/08/2025 01:33 a. m.,Ordeño,08:38,14.40,1,,,,,0,,0.84,0.60,1.08,0.90,0,0,0,0,4.67,4.80,4.76,5.13,VMS 3,,Tanque,,1.32,1.02,2.64,1.44,4.45,3.30,4.60,2.05
03/08/2025 04:28 p. m.,Ordeño,07:37,8.93,3,,,,,0,,0.84,0.66,1.14,0.96,0,0,0,0,4.49,4.58,4.84,4.98,VMS 3,,Tanque,,1.62,1.02,1.56,1.74,3.00,2.10,2.57,1.26
04/08/2025 01:29 a. m.,Ordeño,10:32,11.54,1,,TI,,,0,,0.72,0.72,0.96,0.90,0,0,0,0,4.69,4.73,4.91,5.23,VMS 3,,Tanque,,1.32,1.14,1.68,1.26,3.93,2.92,2.77,1.92
05/08/2025 09:12 a. m.,Ordeño,08:01,11.07,2,,,,,0,,0.90,0.72,0.96,0.90,0,0,0,0,4.06,4.39,4.55,4.62,VMS 3,,Tanque,,1.68,1.14,1.32,1.38,3.93,2.63,3.14,1.37
05/08/2025 05:12 p. m.,Ordeño,10:09,10.18,3,,,TD,TD,0,,0.84,0.72,1.08,0.00,388,0,0,0,4.66,4.77,4.94,0.00,VMS 3,,Tanque,,1.32,1.08,1.50,0.00,3.90,2.74,3.54,0.00
06/08/2025 12:11 a. m.,Ordeño,07:52,12.57,1,,,,,0,TD,0.84,0.54,1.02,0.96,0,0,0,0,4.65,4.76,5.02,5.41,VMS 3,,Tanque,,1.26,0.96,1.44,1.32,3.57,2.46,3.19,3.35
06/08/2025 07:32 a. m.,Ordeño,07:00,12.03,2,,,,,0,TI,0.90,0.66,1.02,0.96,0,0,0,0,4.64,4.74,5.04,3.93,VMS 3,,Tanque,,1.32,1.02,1.38,1.44,3.80,2.73,3.60,1.90
06/08/2025 03:46 p. m.,Ordeño,07:23,12.57,3,,DI,,,0,,0.90,0.66,1.02,0.96,0,0,0,0,4.65,4.75,4.97,4.93,VMS 3,,Tanque,,1.50,1.14,1.50,1.56,4.11,2.94,3.79,1.73
07/08/2025 01:11 a. m.,Ordeño,09:12,13.92,1,,,,,0,,0.84,0.72,1.02,0.96,0,0,0,0,4.76,4.72,5.02,5.33,VMS 3,,Tanque,,1.20,1.02,1.56,1.38,4.45,3.33,4.16,1.98
07/08/2025 08:50 a. m.,Ordeño,10:06,10.15,2,,,TD,TD,0,,0.72,0.60,0.96,0.00,0,0,0,0,4.41,4.73,4.86,0.00,VMS 3,,Tanque,,1.20,1.08,1.38,0.00,3.89,2.87,3.39,0.00
07/08/2025 05:18 p. m.,Ordeño,07:28,14.73,3,,DI,,,0,TD,0.90,0.72,1.08,1.08,0,0,0,0,4.67,4.73,4.99,5.64,VMS 3,,Tanque,,1.56,1.14,1.44,1.44,4.32,3.09,3.84,3.48
08/08/2025 01:16 a. m.,Ordeño,07:36,12.10,1,,,,,0,,0.90,0.66,1.08,0.96,0,0,0,0,4.66,4.75,4.94,4.81,VMS 3,,Tanque,,1.44,1.08,1.68,1.62,3.99,2.85,3.69,1.57
08/08/2025 07:51 a. m.,Ordeño,08:32,10.09,2,,,,,0,,0.90,0.72,0.72,1.08,0,0,0,0,4.48,4.61,4.74,4.73,VMS 3,,Tanque,,1.32,1.08,1.62,1.56,3.39,2.55,1.37,2.78
08/08/2025 02:56 p. m.,Ordeño,08:57,7.97,3,,,TI,TI,0,,0.84,0.72,0.00,0.96,0,0,0,0,4.55,4.69,0.00,4.72,VMS 3,,Tanque,,1.20,1.02,0.00,1.32,2.66,2.21,0.00,3.10
08/08/2025 10:13 p. m.,Ordeño,09:54,11.16,4,,TD,,,0,TD,0.84,0.66,0.96,1.02,0,0,0,0,4.62,4.63,4.86,5.39,VMS 3,,Tanque,,1.20,1.02,1.32,1.50,3.54,2.36,2.77,2.49
09/08/2025 08:01 a. m.,Ordeño,09:25,15.17,1,,,,,0,,0.84,0.78,1.20,1.02,0,0,0,0,4.56,4.62,4.79,4.85,VMS 3,,Tanque,,1.56,1.20,1.68,1.56,4.76,3.67,4.68,2.06
09/08/2025 09:30 p. m.,Ordeño,10:10,18.46,2,,,,,0,,0.84,0.66,1.08,1.02,0,0,0,0,4.71,4.77,4.83,5.32,VMS 3,,Tanque,,1.56,1.08,1.44,1.56,5.98,4.19,5.74,2.55
10/08/2025 01:41 p. m.,Ordeño,09:19,10.03,2,,,TD,TD,0,,0.78,0.84,1.14,0.00,0,0,0,0,4.19,4.45,4.60,0.00,VMS 3,,Tanque,,1.50,1.26,1.68,0.00,3.86,2.73,3.44,0.00
10/08/2025 11:56 p. m.,Ordeño,08:13,14.18,1,,TD,,,0,TD,0.90,0.66,1.14,1.02,0,0,0,0,4.68,4.72,4.76,5.54,VMS 3,,Tanque,,1.44,0.96,1.56,1.44,4.06,2.96,3.95,3.21
13/08/2025 03:03 a. m.,Ordeño,08:13,11.03,1,,TD,,,0,"DD,TI",0.90,0.72,1.02,0.96,0,0,0,0,4.32,4.48,4.61,3.48,VMS 3,,Tanque,,1.38,1.02,1.86,1.56,3.72,2.50,3.15,1.66
13/08/2025 11:39 a. m.,Ordeño,06:46,11.90,2,,,,,0,,0.96,0.78,1.14,1.02,0,0,0,0,4.65,4.77,4.84,5.10,VMS 3,,Tanque,,1.38,1.20,1.44,1.62,3.79,2.90,3.64,1.57
13/08/2025 06:35 p. m.,Ordeño,07:33,10.33,3,,,,,0,,0.96,0.72,1.02,1.02,0,0,0,0,4.59,4.73,4.88,5.09,VMS 3,,Tanque,,1.44,1.08,1.44,1.62,3.47,2.38,3.03,1.45
14/08/2025 03:22 a. m.,Ordeño,07:58,12.46,1,,,,,0,,0.90,0.72,1.02,0.96,0,0,0,0,4.78,4.86,4.97,5.15,VMS 3,,Tanque,,1.38,1.08,1.50,1.56,4.10,2.98,3.70,1.68
14/08/2025 01:29 p. m.,Ordeño,08:31,14.53,2,,TI,,,0,,0.90,0.66,1.14,0.96,0,0,0,0,4.71,4.88,4.96,5.36,VMS 3,,Tanque,,1.50,1.08,1.62,1.26,4.86,3.50,4.13,2.04
14/08/2025 09:36 p. m.,Ordeño,11:48,9.16,3,,,TI,TI,0,,0.78,0.66,0.00,1.08,0,0,0,0,4.40,4.65,0.00,4.73,VMS 3,,Tanque,,1.20,1.32,0.00,1.44,3.18,2.56,0.00,3.42
15/08/2025 06:40 a. m.,Ordeño,08:04,15.73,1,,,,,0,,0.90,0.72,1.08,1.20,0,0,0,0,4.60,4.70,4.78,5.15,VMS 3,,Tanque,,1.50,1.08,1.50,1.86,4.78,3.11,4.39,3.45
15/08/2025 04:07 p. m.,Ordeño,07:44,13.41,2,,,,,0,,0.96,0.66,1.08,0.96,0,0,0,0,4.68,4.78,4.89,4.95,VMS 3,,Tanque,,1.44,1.08,1.38,1.32,4.29,3.25,4.13,1.74
16/08/2025 02:43 a. m.,Ordeño,09:31,15.26,1,,,,,0,,0.84,0.60,1.08,0.96,0,0,0,0,4.66,4.78,4.88,5.30,VMS 3,,Tanque,,1.32,0.90,1.44,1.50,5.01,3.52,4.72,2.01
21/08/2025 09:34 a. m.,Ordeño,09:38,10.30,2,,TD,,,0,,0.78,0.72,0.84,1.20,0,0,0,0,4.50,4.67,4.88,4.71,VMS 3,,Tanque,,1.32,1.08,1.62,1.50,3.25,2.45,1.90,2.70
21/08/2025 04:40 p. m.,Ordeño,09:17,7.62,3,,TD,TI,,0,,1.02,0.78,1.02,0.96,0,0,0,0,4.92,5.02,5.13,4.89,VMS 3,,Tanque,,1.50,1.26,1.38,1.80,2.80,2.17,1.21,1.44
21/08/2025 09:01 p. m.,Ordeño,09:05,7.30,4,,,,,0,TD,0.66,0.66,1.08,1.02,0,0,0,0,4.32,4.69,4.79,5.30,VMS 3,,Tanque,,1.32,0.96,1.68,1.86,2.33,1.23,1.40,2.34
22/08/2025 07:09 a. m.,Ordeño,08:12,14.21,1,,,,,0,,0.96,0.78,1.26,1.08,0,0,0,0,4.78,4.85,4.97,5.09,VMS 3,,Tanque,,1.38,1.20,1.56,1.44,4.62,3.36,4.35,1.88
22/08/2025 05:23 p. m.,Ordeño,11:37,12.17,2,,,,,0,,0.84,0.78,1.02,1.20,0,0,0,0,4.58,4.80,4.90,4.68,VMS 3,,Tanque,,1.56,1.26,2.16,1.62,4.24,3.01,3.19,1.73
23/08/2025 01:00 a. m.,Ordeño,07:57,10.07,1,,,,,0,,1.02,0.72,1.08,1.08,0,0,0,0,4.65,4.67,4.77,5.34,VMS 3,,Tanque,,1.38,1.08,1.44,1.50,3.27,2.07,2.75,1.98
23/08/2025 08:50 a. m.,Ordeño,06:21,10.78,2,,,,,0,,1.02,0.84,1.26,1.08,0,0,0,0,4.70,4.84,5.00,4.96,VMS 3,,Tanque,,1.44,1.20,1.62,1.62,3.57,2.55,3.37,1.29
23/08/2025 04:56 p. m.,Ordeño,07:33,11.21,3,,,,,0,,1.02,0.78,1.26,1.02,0,0,0,0,5.14,5.12,5.29,5.36,VMS 3,,Tanque,,1.44,1.20,1.68,1.50,3.62,2.67,3.45,1.47
24/08/2025 12:29 a. m.,Ordeño,09:32,8.29,1,,,TD,TD,0,,0.90,0.78,1.26,0.00,0,0,0,0,4.76,4.91,4.95,0.00,VMS 3,,Tanque,,1.44,1.14,1.62,0.00,2.94,2.28,3.07,0.00
24/08/2025 06:57 a. m.,Ordeño,07:35,10.68,2,,,,,0,TD,1.02,0.78,1.20,1.20,0,0,0,0,4.46,4.69,4.85,5.57,VMS 3,,Tanque,,1.44,1.20,1.68,1.56,3.35,2.24,2.73,2.36
24/08/2025 05:07 p. m.,Ordeño,11:42,11.52,3,,TD,TI,,0,,0.96,0.78,0.90,1.14,0,0,0,0,4.80,4.81,4.89,4.93,VMS 3,,Tanque,,1.26,1.26,1.74,1.68,3.62,3.01,0.86,4.03
24/08/2025 10:28 p. m.,Ordeño,08:29,8.77,4,,,,,0,TD,0.96,0.72,1.14,1.08,0,0,0,0,4.34,4.68,4.86,5.49,VMS 3,,Tanque,,1.92,1.02,1.50,1.56,2.95,1.78,2.10,1.94
26/08/2025 09:59 a. m.,Ordeño,10:17,12.63,1,,,TI,TI,0,,0.90,0.78,0.00,1.14,0,0,0,0,4.78,4.84,0.00,4.91,VMS 3,,Tanque,,1.50,1.26,0.00,1.50,4.73,3.41,0.00,4.49
27/08/2025 07:00 p. m.,Ordeño,13:02,15.60,2,,,,,0,,0.96,0.84,0.42,1.20,0,0,0,0,4.66,4.81,4.87,4.82,VMS 3,,Tanque,,1.86,1.20,0.78,1.62,5.29,3.57,1.72,5.02
28/08/2025 08:28 a. m.,Ordeño,09:28,18.51,1,,TD,,,0,TD,1.08,0.84,1.32,1.14,0,0,0,0,4.72,4.80,5.00,5.51,VMS 3,,Tanque,,1.62,1.26,1.62,1.80,5.90,4.23,5.83,2.55
28/08/2025 09:39 p. m.,Ordeño,11:37,6.35,3,,,,,0,,0.84,0.66,0.36,1.14,0,0,0,0,4.05,4.41,4.47,4.69,VMS 3,,Tanque,,1.56,0.96,0.66,1.50,1.81,1.18,0.63,2.73
29/08/2025 07:49 a. m.,Ordeño,08:14,13.08,1,,,,,0,,1.02,0.84,1.26,1.02,0,0,0,0,4.67,4.74,4.92,5.31,VMS 3,,Tanque,,1.56,1.20,1.62,1.50,4.29,3.05,4.00,1.74
29/08/2025 05:11 p. m.,Ordeño,09:26,10.55,2,,,TD,,0,,1.08,0.84,1.26,1.02,0,0,0,0,4.55,4.61,4.73,5.09,VMS 3,,Tanque,,1.62,1.20,2.16,1.86,3.91,2.60,3.53,0.51
30/08/2025 02:06 a. m.,Ordeño,10:02,10.01,1,,,TD,TD,0,,0.96,0.72,1.14,0.00,0,0,0,0,4.48,4.63,4.78,0.00,VMS 3,,Tanque,,1.80,1.26,1.44,0.00,3.86,2.69,3.46,0.00
30/08/2025 07:03 a. m.,Ordeño,06:29,8.63,2,,,,,0,TD,0.90,0.66,1.08,1.14,0,0,0,0,4.25,4.50,4.69,5.59,VMS 3,,Tanque,,1.26,1.02,1.50,1.56,2.28,1.46,1.81,3.08
30/08/2025 04:10 p. m.,Ordeño,07:40,12.41,3,,TD,,,0,,1.02,0.72,1.26,1.14,0,0,0,0,4.82,4.97,5.11,5.12,VMS 3,,Tanque,,1.50,1.20,2.22,1.74,4.11,2.88,3.89,1.53
31/08/2025 12:14 a. m.,Ordeño,08:17,10.98,1,,,,,0,,0.84,0.72,1.14,1.02,0,0,0,0,4.58,4.82,4.96,5.13,VMS 3,,Tanque,,1.20,1.14,1.56,1.74,3.81,2.48,3.35,1.34
31/08/2025 08:47 a. m.,Ordeño,11:24,11.32,2,,,,,0,,0.96,0.78,0.96,1.14,0,0,0,0,4.79,4.82,4.89,4.74,VMS 3,,Tanque,,1.50,1.26,1.56,1.44,3.59,2.75,3.14,1.84
31/08/2025 06:49 p. m.,Ordeño,09:20,11.25,3,,,TD,TD,0,,0.90,0.72,1.14,0.00,0,0,0,0,4.66,4.81,4.95,0.00,VMS 3,,Tanque,,1.62,1.02,1.50,0.00,4.27,3.02,3.96,0.00
31/08/2025 10:44 p. m.,Ordeño,11:55,4.91,4,,,TI,TI,0,,0.90,0.66,0.00,1.02,0,0,0,0,4.40,4.54,0.00,4.68,VMS 3,,Tanque,,1.26,0.96,0.00,1.38,1.96,1.26,0.00,1.69
02/09/2025 01:03 a. m.,Ordeño,07:51,7.97,1,,,TI,TI,0,,0.90,0.66,0.00,1.08,0,0,0,0,4.57,4.73,0.00,4.86,VMS 3,,Tanque,,1.26,1.14,0.00,1.50,2.76,2.08,0.00,3.13
03/09/2025 02:48 a. m.,Ordeño,11:12,10.14,1,,,TD,TD,0,,0.96,0.72,1.20,0.00,0,0,0,0,4.80,4.81,4.82,0.00,VMS 3,,Tanque,,1.38,1.14,1.80,0.00,3.57,2.87,3.70,0.00
03/09/2025 03:12 p. m.,Ordeño,10:39,9.43,3,,,,,0,,1.02,0.72,0.96,1.14,0,0,0,0,4.80,4.75,5.24,4.92,VMS 3,,Tanque,,1.38,1.20,1.32,1.62,3.05,2.22,1.21,2.95
04/09/2025 04:45 a. m.,Ordeño,08:59,16.37,1,,TI,,,0,,0.90,0.72,1.20,0.84,0,0,0,0,4.81,4.80,4.96,5.40,VMS 3,,Tanque,,1.50,1.14,1.68,1.20,5.47,4.02,5.03,1.85
04/09/2025 03:03 p. m.,Ordeño,10:15,12.16,2,,DD,,TI,0,,0.90,0.72,0.00,1.20,0,0,0,0,4.51,4.66,0.00,4.72,VMS 3,,Tanque,,1.44,1.32,0.00,1.56,4.81,2.75,0.00,4.60
05/09/2025 12:33 a. m.,Ordeño,10:05,11.05,1,,TD,TI,,0,"DD,TD",1.08,0.78,0.60,1.20,0,0,0,0,4.38,4.80,3.75,4.86,VMS 3,,Tanque,,1.68,1.26,1.20,1.62,4.36,2.94,0.24,3.51
05/09/2025 09:23 p. m.,Ordeño,07:42,10.67,3,,"DI,TD",TD,,0,TD,0.90,0.66,1.20,0.72,0,0,0,0,4.55,4.62,4.79,5.43,VMS 3,,Tanque,,1.62,1.20,1.62,1.20,3.09,3.24,4.14,0.20
06/09/2025 01:31 a. m.,Ordeño,07:27,6.72,1,,,,,0,TD,1.02,0.66,0.96,0.96,0,0,0,0,4.62,4.69,4.71,5.74,VMS 3,,Tanque,,1.86,1.02,1.32,1.38,3.06,1.25,1.47,0.94
06/09/2025 09:45 p. m.,Ordeño,09:54,8.64,3,,,TI,,0,,0.96,0.78,0.84,1.14,0,0,0,0,4.45,4.70,4.15,4.71,VMS 3,,Tanque,,1.44,1.14,1.26,1.50,3.03,2.49,0.43,2.69
07/09/2025 05:03 p. m.,Ordeño,06:37,11.96,2,,,,,0,,1.08,0.90,1.20,0.84,0,0,0,0,4.64,4.71,4.69,5.12,VMS 3,,Tanque,,1.68,1.26,1.62,1.50,3.95,2.85,4.12,1.04
08/09/2025 12:31 a. m.,Ordeño,07:44,7.77,1,,,TI,TI,0,,0.90,0.78,0.00,1.14,0,0,0,0,4.48,4.64,0.00,4.57,VMS 3,,Tanque,,1.56,1.20,0.00,1.50,3.04,2.00,0.00,2.73
08/09/2025 01:53 p. m.,Ordeño,06:38,10.52,3,,,,,0,,1.08,0.78,1.20,0.66,0,0,0,0,4.74,4.77,4.86,5.19,VMS 3,,Tanque,,1.50,1.14,1.56,1.32,3.50,2.56,3.36,1.10
10/09/2025 11:38 a. m.,Ordeño,09:30,8.70,2,,"TI,TD",TI,,0,,0.96,0.72,0.96,0.96,0,0,0,0,4.56,4.73,4.68,4.59,VMS 3,,Tanque,,1.38,1.02,1.74,1.86,3.59,2.60,1.27,1.24
10/09/2025 06:33 p. m.,Ordeño,08:24,8.50,3,,,,TI,0,,0.96,0.66,0.60,1.02,0,0,0,0,4.45,4.66,3.22,4.87,VMS 3,,Tanque,,1.44,1.08,1.20,1.56,3.26,2.05,0.18,3.01
11/09/2025 01:05 a. m.,Ordeño,07:41,7.24,1,,,TI,TI,0,,0.90,0.66,0.00,1.02,0,0,0,0,4.69,4.79,0.00,4.73,VMS 3,,Tanque,,1.26,1.02,0.00,1.44,2.85,1.84,0.00,2.55
13/09/2025 11:21 a. m.,Ordeño,11:42,9.53,2,,TD,,,0,,1.08,0.78,1.20,0.96,0,0,0,0,4.47,4.54,4.61,4.47,VMS 3,,Tanque,,1.98,1.20,1.68,1.80,3.67,2.49,2.45,0.92
14/09/2025 02:49 p. m.,Ordeño,09:15,7.17,2,,,TI,TI,0,,1.08,0.72,0.00,1.20,0,0,0,0,4.63,4.75,0.00,4.85,VMS 3,,Tanque,,1.74,1.08,0.00,1.68,2.87,1.91,0.00,2.39
15/09/2025 01:05 a. m.,Ordeño,07:17,12.11,1,,TI,,,0,TD,1.08,0.78,1.14,1.14,0,0,0,0,4.68,4.81,4.85,5.47,VMS 3,,Tanque,,1.74,1.14,1.86,1.62,4.10,2.90,2.00,3.11
15/09/2025 10:57 a. m.,Ordeño,11:21,10.32,2,,,TI,TI,0,,1.02,0.78,0.00,1.08,0,0,0,0,4.52,4.76,0.00,4.74,VMS 3,,Tanque,,1.68,1.20,0.00,1.44,3.83,2.76,0.00,3.73
15/09/2025 04:00 p. m.,Ordeño,08:52,5.74,3,,,TI,TI,0,,1.02,0.72,0.24,1.02,0,0,0,0,4.41,4.58,1.94,4.74,VMS 3,,Tanque,,1.38,1.14,0.66,1.44,2.53,1.41,0.12,1.68
16/09/2025 11:13 a. m.,Ordeño,09:08,13.54,1,,,,TI,0,,1.08,0.84,0.00,1.20,0,0,0,0,5.00,4.99,0.00,5.09,VMS 3,,Tanque,,1.62,1.14,0.00,1.68,5.06,3.57,0.00,4.91
16/09/2025 06:19 p. m.,Ordeño,12:21,7.14,2,,"DI,DD","DD,TD",,0,,1.08,0.72,1.14,0.30,0,0,0,0,4.27,4.51,4.69,2.75,VMS 3,,Tanque,,1.62,1.26,1.62,0.84,3.32,0.91,2.70,0.21
17/09/2025 09:28 a. m.,Ordeño,09:34,12.80,1,,,,TD,0,,0.90,0.78,1.14,0.00,0,0,0,0,4.86,4.89,5.14,0.00,VMS 3,,Tanque,,1.56,1.14,1.62,0.00,4.93,3.31,4.56,0.00
17/09/2025 05:26 p. m.,Ordeño,09:45,8.16,2,,,TD,TD,0,,1.02,0.84,1.14,0.00,0,0,0,0,4.66,4.73,4.81,0.00,VMS 3,,Tanque,,1.50,1.26,1.68,0.00,3.09,2.18,2.89,0.00
17/09/2025 11:46 p. m.,Ordeño,11:30,6.45,3,,,TI,TI,0,,0.96,0.66,0.24,1.08,0,0,0,0,4.49,4.58,1.68,4.69,VMS 3,,Tanque,,1.38,0.96,0.54,1.56,2.58,1.64,0.05,2.18
18/09/2025 09:59 p. m.,Ordeño,09:45,15.23,2,,TI,,,0,,1.08,0.78,1.20,1.20,0,0,0,0,4.88,5.08,5.13,4.87,VMS 3,,Tanque,,1.74,1.20,2.04,1.56,5.69,4.08,2.93,2.53
19/09/2025 03:38 p. m.,Ordeño,07:19,6.82,2,,TD,TI,TI,0,,1.08,0.78,0.00,1.14,0,0,0,0,4.20,4.45,0.00,4.50,VMS 3,,Tanque,,1.56,1.20,0.00,1.56,2.75,1.86,0.00,2.21
20/09/2025 02:08 a. m.,Ordeño,09:33,10.00,1,,TD,TI,,0,,1.02,0.78,1.08,1.08,0,0,0,0,4.52,4.72,4.48,4.64,VMS 3,,Tanque,,1.44,1.08,1.56,1.74,3.94,2.65,1.21,2.20
20/09/2025 04:03 p. m.,Ordeño,08:57,8.60,3,,,,TI,0,,1.02,0.78,0.00,1.14,0,0,0,0,4.83,4.96,0.00,5.03,VMS 3,,Tanque,,1.56,1.14,0.00,1.80,3.56,2.21,0.00,2.83
21/09/2025 03:04 p. m.,Ordeño,08:23,8.04,2,,"DI,TD",TI,,0,,1.02,0.72,1.02,1.08,0,0,0,0,4.66,4.81,4.70,4.86,VMS 3,,Tanque,,1.56,1.02,1.44,1.80,3.12,2.19,0.74,1.99
22/09/2025 01:49 a. m.,Ordeño,10:18,11.99,1,,,,TI,0,,0.96,0.78,0.00,1.08,0,0,0,0,4.60,4.89,0.00,4.85,VMS 3,,Tanque,,1.62,1.14,0.00,1.62,4.47,3.17,0.00,4.35
24/09/2025 03:34 a. m.,Ordeño,09:28,10.21,1,,,,TI,0,,0.96,0.72,0.00,1.14,0,0,0,0,4.33,4.63,0.00,4.58,VMS 3,,Tanque,,1.62,1.08,0.00,1.56,3.84,2.73,0.00,3.64
24/09/2025 02:53 p. m.,Ordeño,10:30,13.12,2,,TI,,TD,0,,1.08,0.78,1.26,0.48,0,0,0,0,4.78,4.91,4.88,4.82,VMS 3,,Tanque,,1.50,1.14,1.80,1.14,5.03,3.44,4.51,0.14
26/09/2025 01:04 a. m.,Ordeño,07:22,9.46,1,,,TD,,0,,0.90,0.72,1.02,0.66,0,0,0,0,2.88,4.28,4.33,4.43,VMS 3,,Tanque,,1.44,1.14,1.50,1.56,3.71,2.31,2.99,0.45
26/09/2025 05:57 a. m.,Ordeño,10:31,4.94,2,,,TI,TI,0,,0.72,0.66,0.00,1.08,0,0,0,0,2.88,4.13,0.00,4.19,VMS 3,,Tanque,,1.38,1.02,0.00,1.38,1.83,1.44,0.00,1.67
27/09/2025 01:50 p. m.,Ordeño,10:39,9.11,2,,,,TD,0,,0.84,0.72,1.14,0.00,0,0,0,0,4.67,4.70,4.77,0.00,VMS 3,,Tanque,,1.38,1.26,1.62,0.00,3.31,2.53,3.27,0.00
27/09/2025 11:49 p. m.,Ordeño,09:53,12.27,3,,,,TD,0,,0.90,0.78,1.26,0.00,0,0,0,0,4.64,4.88,4.92,0.00,VMS 3,,Tanque,,1.50,1.08,1.68,0.00,4.81,3.09,4.37,0.00
29/09/2025 06:06 a. m.,Ordeño,07:24,5.93,2,,TD,TI,TI,0,,0.90,0.66,0.00,1.14,0,0,0,0,4.46,4.57,0.00,4.80,VMS 3,,Tanque,,1.38,1.02,0.00,1.50,2.13,1.67,0.00,2.13
29/09/2025 10:39 a. m.,Ordeño,09:29,4.84,3,,,TI,TI,0,,1.02,0.66,0.00,1.02,0,0,0,0,4.62,4.63,0.00,4.46,VMS 3,,Tanque,,1.38,1.08,0.00,1.44,2.01,1.22,0.00,1.61
29/09/2025 06:36 p. m.,Ordeño,12:43,7.19,4,,,TD,TD,0,,0.96,0.66,1.08,0.00,0,0,0,0,4.63,4.83,4.68,0.00,VMS 3,,Tanque,,1.44,0.96,1.62,0.00,2.64,1.89,2.66,0.00
30/09/2025 08:03 a. m.,Ordeño,10:07,15.35,1,,,,TD,0,,1.08,0.78,1.26,0.00,0,0,0,0,4.64,4.88,4.91,0.00,VMS 3,,Tanque,,2.16,1.20,1.86,0.00,6.16,3.87,5.32,0.00
01/10/2025 07:50 a. m.,Ordeño,11:29,10.56,1,,TD,TD,TD,0,,1.02,0.66,1.26,0.60,0,0,0,0,4.42,4.39,4.49,3.82,VMS 3,,Tanque,,1.38,1.02,1.74,1.02,3.77,2.82,3.92,0.05
01/10/2025 05:30 p. m.,Ordeño,09:43,10.72,2,,DD,,TI,0,,0.96,0.72,0.00,1.20,0,0,0,0,4.42,4.77,0.00,4.75,VMS 3,,Tanque,,1.56,1.50,0.00,1.80,4.67,1.88,0.00,4.17
02/10/2025 12:31 p. m.,Ordeño,11:17,11.72,2,,TD,,,0,,1.08,0.78,0.36,1.20,0,0,0,0,4.73,4.77,2.41,5.00,VMS 3,,Tanque,,1.56,1.26,1.02,1.86,4.38,3.02,0.20,4.12
02/10/2025 09:15 p. m.,Ordeño,09:36,9.83,3,,DD,TI,TI,0,,1.08,0.72,0.00,1.20,0,0,0,0,4.60,4.66,0.00,4.83,VMS 3,,Tanque,,1.80,1.32,0.00,1.62,3.88,2.41,0.00,3.54
04/10/2025 11:10 p. m.,Ordeño,13:54,12.05,2,,,TD,TD,0,,1.02,0.72,1.14,0.24,0,0,0,0,4.33,4.66,4.71,1.54,VMS 3,,Tanque,,1.56,1.08,1.56,0.72,4.25,3.15,4.57,0.08
06/10/2025 07:01 a. m.,Ordeño,14:15,13.60,1,,,TD,TD,0,,1.08,0.72,1.26,0.36,0,0,0,0,4.67,4.94,4.76,1.14,VMS 3,,Tanque,,1.80,1.26,1.62,0.84,4.89,3.52,5.07,0.12
06/10/2025 12:21 p. m.,Ordeño,08:52,6.59,2,,TD,TI,,0,,1.02,0.66,0.96,1.14,0,0,0,0,4.46,4.65,4.51,4.60,VMS 3,,Tanque,,1.68,1.14,1.32,1.80,2.91,1.69,0.80,1.19
06/10/2025 04:19 p. m.,Ordeño,11:49,4.93,3,,DI,,TI,0,,0.96,0.66,0.00,0.84,0,0,0,0,4.39,4.87,0.00,4.64,VMS 3,,Tanque,,1.50,1.08,0.00,1.32,1.84,1.24,0.00,1.85
07/10/2025 08:14 a. m.,Ordeño,07:42,8.84,2,,,,,0,TD,1.02,0.72,1.20,0.78,0,0,0,0,4.79,4.98,4.86,5.83,VMS 3,,Tanque,,1.38,1.14,1.56,1.20,3.09,2.28,2.99,0.48
07/10/2025 04:29 p. m.,Ordeño,07:13,10.14,3,,,TD,,0,TD,1.08,0.72,1.14,0.72,0,0,0,0,4.88,4.88,4.92,5.61,VMS 3,,Tanque,,1.56,1.02,1.50,1.26,3.77,2.53,3.41,0.43
07/10/2025 11:46 p. m.,Ordeño,07:55,8.98,4,,,,,0,,1.02,0.66,1.20,0.66,0,0,0,0,4.59,4.76,4.69,5.25,VMS 3,,Tanque,,1.32,1.02,1.62,1.26,3.25,2.21,2.84,0.68
08/10/2025 07:31 a. m.,Ordeño,09:52,9.38,1,,TI,,TD,0,,0.84,0.66,1.14,0.00,0,0,0,0,4.61,4.80,4.83,0.00,VMS 3,,Tanque,,1.50,1.02,1.80,0.00,3.69,2.45,3.24,0.00
10/10/2025 04:42 p. m.,Ordeño,09:50,9.91,2,,,,TI,0,,0.90,0.72,0.00,1.20,0,0,0,0,4.23,4.46,0.00,4.68,VMS 3,,Tanque,,1.56,1.20,0.00,1.62,3.93,2.49,0.00,3.49
10/10/2025 11:43 p. m.,Ordeño,07:20,6.53,3,,DD,TI,TI,0,,1.02,0.72,0.00,1.14,0,0,0,370,4.22,4.48,0.00,4.45,VMS 3,,Tanque,,1.62,1.08,0.00,1.62,2.47,1.82,0.00,2.24
11/10/2025 11:44 p. m.,Ordeño,03:04,0.00,2,,,Todos,Todos,0,,0.00,0.00,0.00,0.00,0,0,0,0,0.00,0.00,0.00,0.00,VMS 3,,Tanque,,0.00,0.00,0.00,0.00,0.00,0.00,0.00,0.00
12/10/2025 05:02 p. m.,Ordeño,13:37,10.95,2,,TD,,,0,DD,1.02,0.72,0.90,0.96,0,0,0,0,4.60,5.22,4.96,4.26,VMS 3,,Tanque,,1.56,1.14,1.80,1.56,4.32,4.64,0.71,1.28
14/10/2025 11:44 p. m.,Ordeño,07:44,5.22,4,,DI,"DI,TI",TI,0,,0.90,0.66,0.00,1.20,0,0,0,0,4.82,5.07,0.00,5.44,VMS 3,,Tanque,,1.32,1.02,0.00,1.50,0.64,1.42,0.00,3.16
16/10/2025 09:13 a. m.,Ordeño,09:14,10.40,1,,,,TI,0,,1.08,0.72,0.00,1.26,0,0,0,0,4.68,5.08,0.00,5.14,VMS 3,,Tanque,,1.56,1.02,0.00,1.68,4.35,2.52,0.00,3.53
16/10/2025 04:02 p. m.,Ordeño,11:07,6.26,2,,,TI,TI,0,,1.02,0.66,0.24,1.20,0,0,0,0,4.63,4.88,2.08,5.06,VMS 3,,Tanque,,1.50,1.02,0.78,1.62,2.56,1.55,0.09,2.06
17/10/2025 01:52 p. m.,Ordeño,09:07,6.97,2,,,TI,TI,0,,0.84,0.72,0.00,1.20,0,0,0,0,4.37,4.83,0.00,4.87,VMS 3,,Tanque,,1.32,1.02,0.00,1.62,3.04,1.70,0.00,2.23
17/10/2025 06:25 p. m.,Ordeño,07:36,3.77,3,,,TI,TI,0,,0.84,0.60,0.00,0.96,0,0,0,0,4.25,4.64,0.00,4.44,VMS 3,,Tanque,,1.44,0.90,0.00,1.68,1.63,0.94,0.00,1.20
18/10/2025 10:00 p. m.,Ordeño,12:20,13.30,2,,,,TI,0,,1.08,0.78,0.00,1.26,0,0,0,0,4.89,5.00,0.00,5.12,VMS 3,,Tanque,,1.50,1.08,0.00,1.80,5.37,3.30,0.00,4.63
19/10/2025 08:23 p. m.,Ordeño,08:26,6.12,2,,TD,"DI,TI",DI,0,,0.00,0.72,0.84,1.14,0,0,300,0,0.00,4.88,5.36,4.90,VMS 3,,Tanque,,0.00,1.08,1.26,1.92,0.00,2.48,0.37,3.27
15/09/2024 12:28 a. m.,Rechazada,00:00,,,,,,,,,,,,,,,,,,,,,VMS 3,,,,,,,,,,,
17/09/2024 06:06 a. m.,Echada sin ordeñar,08:22,,,,,,,,,,,,,,,,,,,,,VMS 3,,,,,,,,,,,
18/11/2024 03:12 a. m.,Rechazada,00:00,,,,,,,,,,,,,,,,,,,,,VMS 3,,,,,,,,,,,
17/12/2024 06:13 p. m.,Rechazada,00:00,,,,,,,,,,,,,,,,,,,,,VMS 3,,,,,,,,,,,
19/12/2024 06:44 p. m.,Rechazada,00:00,,,,,,,,,,,,,,,,,,,,,VMS 3,,,,,,,,,,,
20/12/2024 10:01 a. m.,Rechazada,00:00,,,,,,,,,,,,,,,,,,,,,VMS 3,,,,,,,,,,,
24/01/2025 12:44 a. m.,Rechazada,00:00,,,,,,,,,,,,,,,,,,,,,VMS 3,,,,,,,,,,,
02/02/2025 03:55 a. m.,Rechazada,00:00,,,,,,,,,,,,,,,,,,,,,VMS 3,,,,,,,,,,,
07/02/2025 02:48 a. m.,Rechazada,00:00,,,,,,,,,,,,,,,,,,,,,VMS 3,,,,,,,,,,,
08/02/2025 03:06 p. m.,Rechazada,00:00,,,,,,,,,,,,,,,,,,,,,VMS 3,,,,,,,,,,,
14/02/2025 10:26 p. m.,Rechazada,00:00,,,,,,,,,,,,,,,,,,,,,VMS 2,,,,,,,,,,,
20/02/2025 07:05 a. m.,Rechazada,00:00,,,,,,,,,,,,,,,,,,,,,VMS 2,,,,,,,,,,,
22/02/2025 07:15 a. m.,Echada sin ordeñar,08:10,,,,,,,,,,,,,,,,,,,,,VMS 2,,,,,,,,,,,
16/03/2025 03:53 a. m.,Echada sin ordeñar,07:14,,,,,,,,,,,,,,,,,,,,,VMS 2,,,,,,,,,,,
20/03/2025 11:35 p. m.,Rechazada,00:00,,,,,,,,,,,,,,,,,,,,,VMS 2,,,,,,,,,,,
27/03/2025 12:18 p. m.,Rechazada,00:00,,,,,,,,,,,,,,,,,,,,,VMS 2,,,,,,,,,,,
30/03/2025 10:50 a. m.,Rechazada,00:00,,,,,,,,,,,,,,,,,,,,,VMS 2,,,,,,,,,,,
03/04/2025 05:48 a. m.,Rechazada,00:00,,,,,,,,,,,,,,,,,,,,,VMS 2,,,,,,,,,,,
03/04/2025 07:12 p. m.,Rechazada,00:00,,,,,,,,,,,,,,,,,,,,,VMS 2,,,,,,,,,,,
19/04/2025 07:31 p. m.,Rechazada,00:00,,,,,,,,,,,,,,,,,,,,,VMS 2,,,,,,,,,,,
20/04/2025 04:46 p. m.,Rechazada,00:00,,,,,,,,,,,,,,,,,,,,,VMS 2,,,,,,,,,,,
09/05/2025 08:44 a. m.,Rechazada,00:00,,,,,,,,,,,,,,,,,,,,,VMS 2,,,,,,,,,,,
13/05/2025 12:12 a. m.,Echada sin ordeñar,16:45,,,,,,,,,,,,,,,,,,,,,VMS 2,,,,,,,,,,,
14/05/2025 10:10 p. m.,Echada sin ordeñar,16:48,,,,,,,,,,,,,,,,,,,,,VMS 2,,,,,,,,,,,
29/05/2025 03:55 p. m.,Echada sin ordeñar,17:21,,,,,,,,,,,,,,,,,,,,,VMS 2,,,,,,,,,,,
19/06/2025 07:52 a. m.,Rechazada,00:00,,,,,,,,,,,,,,,,,,,,,VMS 3,,,,,,,,,,,
25/06/2025 10:00 a. m.,Rechazada,00:00,,,,,,,,,,,,,,,,,,,,,VMS 3,,,,,,,,,,,
27/06/2025 01:03 p. m.,Echada sin ordeñar,08:43,,,,,,,,,,,,,,,,,,,,,VMS 3,,,,,,,,,,,
30/06/2025 10:44 a. m.,Rechazada,00:00,,,,,,,,,,,,,,,,,,,,,VMS 3,,,,,,,,,,,
03/07/2025 06:14 a. m.,Rechazada,00:00,,,,,,,,,,,,,,,,,,,,,VMS 3,,,,,,,,,,,
12/09/2025 04:20 p. m.,Echada sin ordeñar,06:53,,,,,,,,,,,,,,,,,,,,,VMS 3,,,,,,,,,,,
15/09/2025 01:00 a. m.,Echada sin ordeñar,05:30,,,,,,,,,,,,,,,,,,,,,VMS 3,,,,,,,,,,,
16/09/2025 11:03 p. m.,Echada sin ordeñar,05:29,,,,,,,,,,,,,,,,,,,,,VMS 3,,,,,,,,,,,
17/09/2025 05:19 p. m.,Echada sin ordeñar,06:43,,,,,,,,,,,,,,,,,,,,,VMS 3,,,,,,,,,,,
21/09/2025 02:54 p. m.,Echada sin ordeñar,09:41,,,,,,,,,,,,,,,,,,,,,VMS 3,,,,,,,,,,,
23/09/2025 06:45 p. m.,Echada sin ordeñar,05:50,,,,,,,,,,,,,,,,,,,,,VMS 3,,,,,,,,,,,
24/09/2025 09:39 p. m.,Echada sin ordeñar,05:49,,,,,,,,,,,,,,,,,,,,,VMS 3,,,,,,,,,,,
26/09/2025 12:55 a. m.,Echada sin ordeñar,09:49,,,,,,,,,,,,,,,,,,,,,VMS 3,,,,,,,,,,,
06/10/2025 08:55 a. m.,Rechazada,00:00,,,,,,,,,,,,,,,,,,,,,VMS 3,,,,,,,,,,,
11/10/2025 12:01 p. m.,Echada sin ordeñar,21:48,,,,,,,,,,,,,,,,,,,,,VMS 3,,,,,,,,,,,
15/10/2025 08:33 a. m.,Echada sin ordeñar,18:18,,,,,,,,,,,,,,,,,,,,,VMS 3,,,,,,,,,,,
