Main,,,,Estado,,,,,Estado AMD,,Media de los flujos (kg/min),,,,Sangre (ppm),,,,Conductividad (mS / cm),,,,Misc,,,,Flujos máximos (kg/min),,,,Producciones (kg),,,
Hora de inicio,Acción,Duración (mm:ss),Producción (kg),Número de ordeño,RCS (* 1000 células / ml),Patada,Incompleto,Pezones no encontrados,Ubre,Pezón,DI,DD,TI,TD,DI,DD,TI,TD,DI,DD,TI,TD,EO/PO,Usuario,Destino Leche,Razón de la desviación,DI,DD,TI,TD,DI,DD,TI,TD
13/07/2022 11:25 p. m.,Ordeño,09:19,23.25,2,,,,,1,,1.08,1.08,1.02,1.20,0,0,0,0,4.88,4.70,4.88,4.83,VMS 1,,Tanque,,1.44,1.44,1.38,1.50,4.16,5.46,6.93,6.70
14/07/2022 02:30 p. m.,Ordeño,07:06,17.64,1,,,,,1,,1.26,1.14,1.20,1.20,0,0,0,0,4.85,4.58,4.60,4.67,VMS 1,,Tanque,,1.68,1.68,1.74,1.62,2.93,3.86,5.40,5.45
16/08/2022 01:54 p. m.,Ordeño,08:22,22.82,1,,,,,1,,1.14,1.02,1.14,1.26,0,0,0,0,4.63,4.70,4.75,4.49,VMS 1,,Tanque,,1.44,1.62,1.50,1.62,3.82,5.95,6.90,6.15
17/08/2022 09:06 a. m.,Ordeño,08:02,19.59,1,,,,,1,,1.14,1.02,1.08,1.26,0,0,0,0,4.46,4.41,4.72,4.63,VMS 1,,Tanque,,1.50,1.44,1.44,1.68,3.09,4.13,5.92,6.45
17/08/2022 10:27 p. m.,Ordeño,07:14,16.12,2,,,,,1,,1.14,0.84,1.08,1.14,0,0,0,0,5.19,4.61,4.94,4.75,VMS 1,,Tanque,,1.56,1.44,1.44,1.62,2.69,3.73,4.73,4.97
22/08/2022 09:04 a. m.,Ordeño,09:09,18.94,1,,,,,1,TI,1.20,1.14,1.14,1.26,0,0,0,0,4.67,4.68,5.51,4.64,VMS 1,,Tanque,,1.62,1.56,1.62,1.74,2.87,4.54,7.13,4.40
22/08/2022 10:06 p. m.,Ordeño,09:39,1.76,2,,,Todos,TI,1,,0.78,0.30,0.00,0.84,0,0,0,0,4.00,3.71,0.00,4.38,VMS 1,,Tanque,,1.26,0.78,0.00,1.26,0.59,0.31,0.00,0.86
24/08/2022 07:46 a. m.,Ordeño,05:38,9.22,1,,,,,1,,1.26,0.96,0.84,1.08,0,0,0,0,5.49,5.86,6.14,5.69,VMS 1,,Tanque,,1.68,1.32,1.32,1.50,1.92,1.92,2.40,2.98
24/08/2022 10:48 p. m.,Ordeño,06:35,13.71,2,,,,,1,,1.20,0.96,0.96,1.08,0,0,0,0,5.44,5.70,5.86,5.58,VMS 1,,Tanque,,1.56,1.44,1.44,1.44,2.46,3.00,3.81,4.44
25/08/2022 09:11 p. m.,Ordeño,07:54,17.86,1,,,,,1,,1.26,1.08,1.08,1.26,0,0,0,0,5.08,5.08,5.26,5.15,VMS 1,,Tanque,,1.86,1.50,1.56,1.74,3.50,3.99,5.20,5.17
08/09/2022 12:45 a. m.,Ordeño,07:49,18.97,1,,,,,1,,1.14,0.96,1.32,1.08,0,0,0,0,4.93,4.33,4.96,4.48,VMS 1,,Tanque,,1.56,1.32,1.62,1.50,3.82,3.41,6.94,4.80
08/09/2022 05:46 p. m.,Ordeño,08:20,19.21,2,,,,,1,,1.02,0.96,1.02,1.02,0,0,0,0,4.72,4.39,4.70,4.62,VMS 1,,Tanque,,1.50,1.50,1.38,1.38,3.61,3.96,5.65,5.99
16/09/2022 03:15 p. m.,Ordeño,07:46,16.01,1,,,TI,TI,1,,1.14,1.08,0.00,1.26,0,0,0,0,4.91,5.19,0.00,5.38,VMS 1,,Tanque,,1.50,1.50,0.00,1.68,3.91,5.20,0.00,6.90
26/09/2022 09:56 p. m.,Ordeño,08:07,19.17,1,,,,,1,,1.02,1.08,1.26,1.14,0,0,0,0,4.53,4.22,4.66,4.62,VMS 1,,Tanque,,1.56,1.56,1.74,1.50,3.67,3.14,7.08,5.28
12/10/2022 03:57 p. m.,Ordeño,08:19,20.48,1,,,,,1,,1.20,1.14,1.14,1.26,0,0,0,0,4.67,4.55,5.07,5.14,VMS 1,,Tanque,,1.62,1.68,1.50,1.68,3.06,4.39,6.71,6.32
25/10/2022 09:18 p. m.,Ordeño,07:03,16.33,2,,,,,1,"DI,TI",1.32,1.02,1.08,1.08,0,0,0,0,4.52,3.61,4.60,4.15,VMS 1,,Tanque,,1.80,1.62,1.56,1.50,3.51,3.47,5.02,4.33
26/10/2022 06:37 p. m.,Ordeño,07:38,22.04,1,,,,,1,,1.38,1.20,1.26,1.38,0,0,0,0,4.74,4.55,4.90,4.71,VMS 1,,Tanque,,1.80,1.74,1.56,1.74,4.25,5.24,6.48,6.07
31/10/2022 04:49 a. m.,Ordeño,07:27,20.48,1,,,,,1,,1.50,1.14,1.26,1.20,0,0,0,0,4.64,4.22,4.35,4.56,VMS 1,,Tanque,,2.22,1.56,1.80,1.62,4.15,4.38,6.17,5.78
03/11/2022 06:29 a. m.,Ordeño,07:09,19.93,1,,,,,1,,1.38,1.14,1.38,1.44,0,0,0,0,4.32,4.26,4.72,4.86,VMS 1,,Tanque,,1.74,1.50,1.80,1.80,2.14,4.61,6.59,6.59
03/11/2022 11:19 p. m.,Ordeño,06:54,16.32,2,,,,,1,,1.26,1.08,1.14,1.20,0,0,0,0,4.35,4.51,4.71,4.86,VMS 1,,Tanque,,1.62,1.56,1.56,1.56,2.48,4.21,4.91,4.72
04/11/2022 10:33 p. m.,Ordeño,07:18,21.24,1,,,,,1,,1.44,1.14,1.32,1.38,0,0,0,0,4.38,4.50,4.78,4.90,VMS 1,,Tanque,,1.80,1.62,1.74,1.80,2.68,5.50,6.54,6.52
07/11/2022 07:00 a. m.,Ordeño,08:24,19.95,1,,,,,1,,1.14,1.20,1.14,1.26,0,0,0,0,4.19,4.45,4.68,4.70,VMS 1,,Tanque,,1.50,1.62,1.74,1.68,2.38,5.30,6.30,5.97
08/11/2022 06:54 a. m.,Ordeño,07:31,19.53,1,,,,,1,,1.44,1.14,1.20,1.20,0,0,0,0,4.60,4.44,4.58,4.61,VMS 1,,Tanque,,1.98,1.56,1.62,1.68,3.48,4.71,5.82,5.52
09/11/2022 05:53 a. m.,Ordeño,08:34,18.46,1,,,,,1,,1.08,0.96,1.08,1.02,0,0,0,0,4.25,4.33,4.51,4.52,VMS 1,,Tanque,,1.44,1.44,1.50,1.44,2.46,4.78,5.90,5.32
19/11/2022 11:27 p. m.,Ordeño,10:11,22.88,2,,,,,1,,1.14,1.02,1.08,1.20,0,0,0,0,4.80,4.38,4.78,4.93,VMS 1,,Tanque,,1.56,1.62,1.50,1.56,4.15,4.32,7.46,6.95
24/11/2022 06:19 p. m.,Ordeño,06:21,17.00,2,,,,,1,,1.32,1.08,1.26,1.32,0,0,0,0,4.81,4.52,5.11,5.12,VMS 1,,Tanque,,1.68,1.50,1.62,1.80,2.96,3.71,5.22,5.11
08/12/2022 06:58 p. m.,Ordeño,07:00,15.45,1,,,,,1,,1.14,1.02,1.08,1.14,0,0,0,0,4.48,4.28,4.58,4.62,VMS 1,,Tanque,,1.50,1.44,1.50,1.50,2.79,3.33,4.78,4.55
14/12/2022 05:05 p. m.,Ordeño,09:20,10.20,2,,,TD,TD,1,,1.26,0.96,1.20,0.00,0,0,0,0,4.90,4.52,4.75,0.00,VMS 1,,Tanque,,1.98,1.56,1.56,0.00,2.35,3.57,4.28,0.00
18/12/2022 01:18 p. m.,Ordeño,06:50,8.96,2,,,,,1,,1.02,0.90,0.78,0.90,0,0,0,0,4.79,4.61,4.46,5.03,VMS 1,,Tanque,,1.44,1.26,1.20,1.32,1.92,2.33,3.24,1.47
19/12/2022 03:05 a. m.,Ordeño,06:32,11.13,1,,,,,1,TI,1.08,0.84,0.96,0.96,0,0,0,0,4.64,4.42,5.33,4.57,VMS 1,,Tanque,,1.44,1.32,1.32,1.38,2.11,2.95,2.21,3.86
19/12/2022 05:02 p. m.,Ordeño,06:07,10.45,2,,,,,1,TD,0.96,0.90,0.90,0.96,0,0,0,0,4.44,4.32,4.41,5.46,VMS 1,,Tanque,,1.38,1.26,1.32,1.38,1.89,2.60,3.34,2.62
20/12/2022 02:00 a. m.,Ordeño,05:00,6.63,1,,,,,1,TD,0.96,0.78,0.90,0.90,0,0,0,0,4.21,4.14,4.15,4.85,VMS 1,,Tanque,,1.38,1.08,1.32,1.32,1.25,1.66,2.06,1.66
20/12/2022 09:14 p. m.,Ordeño,06:44,14.90,2,,,,,1,,1.32,0.90,1.14,1.08,0,0,0,0,4.61,4.26,4.49,4.99,VMS 1,,Tanque,,1.92,1.32,1.68,1.56,2.65,3.70,4.61,3.94
21/12/2022 02:02 p. m.,Ordeño,06:00,12.04,1,,,,,1,,1.20,0.96,1.02,1.02,0,0,0,0,4.48,4.20,4.32,4.76,VMS 1,,Tanque,,1.62,1.32,1.38,1.44,2.26,2.80,3.72,3.26
04/01/2023 07:46 p. m.,Ordeño,07:27,17.95,2,,,,,1,,1.14,1.02,1.20,1.14,0,0,0,0,4.58,4.43,4.42,4.59,VMS 1,,Tanque,,1.56,1.38,1.62,1.56,3.05,4.27,6.01,4.62
05/01/2023 02:23 p. m.,Ordeño,07:06,17.75,1,,,,,1,,1.14,1.02,1.20,1.20,0,0,0,0,4.28,4.39,4.54,4.62,VMS 1,,Tanque,,1.62,1.50,1.68,1.62,2.49,4.45,5.86,4.95
15/01/2023 07:38 p. m.,Ordeño,08:35,23.02,1,,,,,1,TI,1.32,1.08,1.56,1.14,0,414,0,0,4.30,4.19,5.12,4.61,VMS 1,,Tanque,,1.86,1.62,1.92,1.50,3.51,5.65,7.67,6.19
17/01/2023 09:18 a. m.,Ordeño,07:48,9.10,1,,,,,1,TI,1.20,1.02,1.08,1.14,369,0,0,0,4.81,4.57,5.65,5.06,VMS 1,,Tanque,,1.74,1.50,1.56,1.56,1.92,2.35,2.31,2.52
18/01/2023 08:52 a. m.,Ordeño,07:49,19.73,1,,,,,1,,1.26,1.08,1.14,1.08,0,309,0,0,4.64,4.75,5.31,5.00,VMS 1,,Tanque,,1.68,1.56,1.62,1.50,3.13,5.32,5.54,5.74
22/01/2023 10:16 p. m.,Ordeño,08:15,18.40,2,,,,,1,,1.08,1.08,1.14,1.14,0,0,0,0,4.46,4.55,4.72,4.96,VMS 1,,Tanque,,1.62,1.44,1.50,1.56,3.07,4.46,5.95,4.92
23/01/2023 07:37 p. m.,Ordeño,08:00,17.78,1,,,,,1,,1.08,1.02,1.14,1.14,0,0,0,0,4.37,4.21,4.32,4.66,VMS 1,,Tanque,,1.50,1.38,1.50,1.50,3.36,3.81,6.13,4.48
24/01/2023 04:32 p. m.,Ordeño,07:12,15.83,1,,,,,1,,1.14,1.08,1.20,1.20,0,0,0,0,4.32,4.33,4.62,4.62,VMS 1,,Tanque,,1.56,1.50,1.56,1.50,2.52,3.77,5.85,3.69
31/01/2023 04:54 a. m.,Ordeño,06:39,12.67,1,,,,,1,,1.14,1.20,1.02,1.02,0,0,0,0,4.00,4.03,4.60,4.12,VMS 3,,Tanque,,1.50,1.62,1.44,1.38,2.46,3.10,3.57,3.54
04/02/2023 10:23 p. m.,Ordeño,07:18,11.57,2,,,TD,,1,,1.14,1.08,0.96,0.90,0,0,0,0,4.24,4.29,4.71,4.71,VMS 3,,Tanque,,1.56,1.74,1.44,1.26,2.63,4.31,2.69,1.94
05/02/2023 10:51 a. m.,Ordeño,05:55,9.35,1,,,,,1,TD,1.14,1.08,0.90,0.90,0,0,0,0,4.24,4.37,4.85,5.03,VMS 3,,Tanque,,1.50,1.56,1.20,1.20,1.97,3.21,2.16,2.01
06/02/2023 12:12 a. m.,Ordeño,06:11,11.26,1,,,,,1,TD,1.02,1.08,0.90,1.02,0,0,0,0,4.36,4.39,4.92,5.23,VMS 3,,Tanque,,1.32,1.50,1.44,1.74,2.28,3.47,2.84,2.67
06/02/2023 10:03 p. m.,Ordeño,07:58,18.02,2,,,,,1,,1.08,1.20,1.08,1.02,0,0,0,0,4.50,4.29,5.03,4.81,VMS 3,,Tanque,,1.44,1.50,1.44,1.44,3.73,4.69,4.61,4.99
09/02/2023 01:43 p. m.,Ordeño,06:23,13.51,1,,,,,1,,1.38,1.26,1.02,1.14,0,0,0,0,4.25,4.34,4.72,4.85,VMS 3,,Tanque,,1.86,1.62,1.38,1.62,2.42,4.13,3.72,3.24
15/02/2023 09:09 p. m.,Ordeño,08:09,19.95,1,,,,,1,"TI,TD",1.14,1.38,1.26,1.20,0,0,0,0,3.86,3.87,5.11,4.97,VMS 3,,Tanque,,1.50,1.86,1.68,1.62,3.29,5.18,6.43,5.05
18/02/2023 12:13 a. m.,Ordeño,06:22,14.84,1,,,,,1,"TI,TD",1.32,1.20,1.08,1.20,0,0,0,0,4.04,3.66,5.58,5.69,VMS 3,,Tanque,,1.80,1.56,1.62,1.50,3.32,3.49,3.65,4.38
19/02/2023 06:25 a. m.,Ordeño,06:15,10.56,1,,,"DI,TI,TD",,1,"TI,TD",1.38,1.26,1.08,1.14,0,0,0,0,3.85,4.03,5.39,5.49,VMS 3,,Tanque,,1.80,1.86,1.62,1.44,1.95,3.87,2.34,2.40
21/02/2023 06:37 a. m.,Ordeño,07:53,15.50,1,,,,,1,TD,1.14,1.26,1.02,1.14,0,0,0,0,4.29,3.15,5.09,6.50,VMS 3,,Tanque,,1.56,1.62,1.50,1.50,3.06,3.27,4.92,4.25
21/02/2023 06:30 p. m.,Ordeño,07:38,5.39,2,,,"TI,TD",,1,"TI,TD",1.14,1.02,0.72,0.72,0,0,0,0,4.06,4.21,4.81,5.01,VMS 3,,Tanque,,1.50,1.38,1.14,1.08,1.54,2.08,0.95,0.82
22/02/2023 01:55 p. m.,Ordeño,08:22,9.46,1,,,TI,,1,"TI,TD",1.14,1.08,0.84,0.72,0,0,0,0,4.42,4.39,5.25,5.17,VMS 3,,Tanque,,1.62,1.62,1.20,1.20,2.62,3.46,1.54,1.84
24/02/2023 10:18 a. m.,Ordeño,07:46,14.94,1,,,,,1,"TI,TD",1.20,1.02,0.96,0.90,0,0,0,0,4.08,4.02,5.48,5.65,VMS 3,,Tanque,,1.56,1.50,1.38,1.20,2.71,3.87,4.90,3.46
26/02/2023 12:54 p. m.,Ordeño,07:47,15.61,1,,,,,1,"TI,TD",1.20,1.14,1.02,1.02,0,0,0,0,3.62,3.96,5.67,6.04,VMS 3,,Tanque,,1.62,1.56,1.44,1.32,2.27,4.46,4.68,4.20
28/02/2023 06:59 p. m.,Ordeño,06:52,15.42,1,,,,,1,"TI,TD",1.26,1.32,1.08,1.14,0,0,0,0,3.68,4.17,6.08,7.37,VMS 3,,Tanque,,1.62,1.74,1.50,1.56,2.09,5.30,4.47,3.56
01/03/2023 09:52 a. m.,Ordeño,07:10,5.67,1,,,,,1,"TI,TD",1.14,1.02,0.72,0.72,0,0,0,0,4.22,4.18,5.30,5.47,VMS 3,,Tanque,,1.56,1.44,1.08,1.02,1.64,2.50,0.80,0.73
03/03/2023 12:46 a. m.,Ordeño,06:04,10.82,1,,,,,1,"TI,TD",1.20,1.26,0.90,0.78,0,0,0,0,4.00,3.89,6.26,7.37,VMS 3,,Tanque,,1.56,1.74,1.38,1.26,2.28,3.16,3.07,2.31
04/03/2023 03:57 a. m.,Ordeño,06:35,10.25,1,,,,,1,"TI,TD",1.20,1.02,0.78,0.78,0,0,0,0,4.33,4.34,5.54,5.69,VMS 3,,Tanque,,1.62,1.56,1.26,1.08,3.02,3.98,1.88,1.37
04/03/2023 09:51 p. m.,Ordeño,06:42,7.59,2,,,,,1,"TI,TD",1.08,0.96,0.72,0.66,0,0,0,0,4.21,4.25,5.14,5.42,VMS 3,,Tanque,,1.50,1.32,1.08,0.96,2.13,3.09,1.30,1.07
05/03/2023 08:55 p. m.,Ordeño,06:28,10.60,1,,,,,1,"TI,TD",1.14,1.14,0.78,0.72,0,0,0,0,4.25,4.41,5.33,5.83,VMS 3,,Tanque,,1.44,1.74,1.14,1.14,2.91,4.27,1.88,1.54
07/03/2023 04:10 a. m.,Ordeño,09:01,12.52,1,,,,,1,"TI,TD",1.02,1.14,0.84,0.72,0,0,0,0,3.64,4.33,5.35,5.57,VMS 3,,Tanque,,1.50,1.74,1.26,1.20,1.87,5.68,2.89,2.08
07/03/2023 07:36 p. m.,Ordeño,07:21,6.76,2,,,,,1,"TI,TD",1.02,0.96,0.78,0.66,0,0,0,0,3.98,4.09,4.89,4.79,VMS 3,,Tanque,,1.38,1.50,1.20,0.96,1.69,2.80,1.30,0.97
08/03/2023 06:39 p. m.,Ordeño,06:02,10.14,1,,,,,1,"TI,TD",1.26,1.20,0.78,0.72,0,0,0,0,4.30,4.29,5.12,5.32,VMS 3,,Tanque,,1.68,1.68,1.20,1.02,2.75,3.96,1.92,1.51
09/03/2023 03:51 p. m.,Ordeño,06:38,9.28,1,,,,,1,"TI,TD",1.02,1.02,0.72,0.72,0,0,0,0,3.91,4.25,4.90,5.44,VMS 3,,Tanque,,1.38,1.68,1.14,1.14,1.97,3.89,2.04,1.38
10/03/2023 03:45 a. m.,Ordeño,07:38,4.81,1,,,,,1,"TI,TD",0.84,0.90,0.72,0.54,0,0,0,0,3.58,3.98,4.36,4.63,VMS 3,,Tanque,,1.26,1.56,1.08,0.90,1.08,2.05,0.88,0.80
22/07/2023 11:52 a. m.,Ordeño,08:21,18.47,1,,TD,,,1,,1.20,1.08,1.14,1.44,0,0,0,0,4.84,4.78,4.86,5.02,VMS 1,,Tanque,,1.62,1.74,1.74,2.10,3.94,3.93,5.98,4.62
10/08/2023 04:14 a. m.,Ordeño,10:46,26.35,1,,,,,1,TD,1.26,1.26,1.20,1.26,0,0,0,0,4.95,5.03,4.61,5.58,VMS 1,,Tanque,,1.68,1.68,1.74,1.62,6.67,6.31,9.02,4.35
10/08/2023 04:24 p. m.,Ordeño,08:53,24.44,2,,,,,1,,1.32,1.08,1.26,1.26,0,0,0,0,5.06,4.95,5.13,5.43,VMS 1,,Tanque,,1.68,1.62,1.74,1.74,5.92,5.92,7.74,4.86
11/08/2023 07:15 a. m.,Ordeño,10:01,27.64,1,,,,,1,,1.26,1.20,1.32,1.26,0,0,0,0,4.79,4.94,5.00,5.18,VMS 1,,Tanque,,1.74,1.62,1.80,1.68,5.64,6.68,9.27,6.05
01/03/2024 06:14 p. m.,Ordeño,05:56,7.55,2,,,,,1,DI,1.20,0.90,0.78,1.02,334,0,0,0,5.09,4.21,4.24,0.00,VMS 1,,Tanque,,1.62,1.68,1.38,1.38,1.76,1.61,2.42,1.76
08/04/2024 11:42 a. m.,Ordeño,06:38,20.11,2,,,,,1,DI,1.62,1.56,1.56,1.56,0,0,0,0,6.63,5.52,5.52,0.00,VMS 1,,Tanque,,2.04,2.04,1.98,1.92,3.93,4.53,6.67,4.98
08/04/2024 06:56 p. m.,Ordeño,05:37,9.73,3,,,,,1,DI,1.38,1.38,1.32,1.44,0,0,0,0,5.59,4.66,4.66,0.00,VMS 1,,Tanque,,1.74,1.74,1.74,1.86,1.90,2.16,3.26,2.41
09/04/2024 07:52 a. m.,Ordeño,06:13,12.38,2,,,,,1,DI,1.44,1.44,1.44,1.38,0,0,0,0,6.38,5.14,5.08,0.00,VMS 1,,Tanque,,1.86,1.80,1.98,1.80,2.09,2.88,4.21,3.20
09/04/2024 04:07 p. m.,Ordeño,07:40,14.06,3,,,,,1,DI,1.50,1.38,1.38,1.44,0,0,0,0,6.50,5.13,5.25,0.00,VMS 1,,Tanque,,1.86,1.86,1.92,1.92,2.56,2.97,4.94,3.59
10/04/2024 01:23 a. m.,Ordeño,07:05,15.37,1,,,,,1,DI,1.50,1.26,1.32,1.38,0,0,0,0,6.09,4.66,4.67,0.00,VMS 1,,Tanque,,1.86,1.80,1.62,1.68,3.27,3.24,5.14,3.72
11/04/2024 04:10 a. m.,Ordeño,06:48,19.34,1,,,,,1,DI,1.44,1.32,1.44,1.38,0,0,0,0,6.06,4.99,5.14,0.00,VMS 1,,Tanque,,1.74,1.68,1.98,1.74,4.08,3.47,6.60,5.19
11/04/2024 01:11 p. m.,Ordeño,06:22,17.20,2,,,,,1,DI,1.44,1.38,1.44,1.50,0,0,0,0,5.85,4.89,5.06,0.00,VMS 1,,Tanque,,1.86,1.80,1.80,1.80,3.54,3.52,5.80,4.34
12/04/2024 12:09 a. m.,Ordeño,07:16,18.99,1,,,,,1,,1.32,1.14,1.32,1.26,0,0,0,0,5.43,4.89,4.91,0.00,VMS 1,,Tanque,,1.68,1.62,1.80,1.56,3.64,4.29,6.34,4.72
12/04/2024 04:56 p. m.,Ordeño,07:34,26.48,2,,,,,1,,1.44,1.44,1.56,1.62,0,0,0,0,5.98,5.27,5.27,0.00,VMS 1,,Tanque,,1.86,1.98,2.10,2.16,6.89,5.16,7.93,6.50
21/04/2024 04:00 a. m.,Ordeño,09:01,26.13,1,,,,,1,,1.56,1.26,1.50,1.62,0,0,0,0,4.58,4.66,4.94,0.00,VMS 1,,Tanque,,2.10,1.62,1.98,2.16,4.61,4.69,9.50,7.33
02/05/2024 10:55 a. m.,Ordeño,08:12,25.20,1,,,,,1,,1.50,1.56,1.62,1.20,0,0,0,0,4.79,5.09,4.42,0.00,VMS 1,,Tanque,,1.92,2.28,2.22,1.68,4.22,5.08,9.29,6.61
12/05/2024 01:05 p. m.,Ordeño,10:14,33.32,1,,,,,1,,1.50,1.44,1.62,1.50,0,0,0,0,4.98,5.15,5.38,0.00,VMS 1,,Tanque,,2.10,2.16,2.04,1.86,5.49,6.22,12.15,9.46
17/06/2024 12:49 p. m.,Ordeño,07:22,25.18,1,,,,,1,"DI,DD",1.62,1.68,1.98,1.68,336,822,0,0,7.30,5.55,5.69,0.00,VMS 1,,Tanque,,2.16,2.10,2.46,2.28,3.71,5.93,9.07,6.47
19/06/2024 12:39 a. m.,Ordeño,06:46,14.39,1,,,DI,,1,"DI,DD",1.08,1.44,1.44,1.38,7551,7313,525,0,6.31,4.66,4.92,0.00,VMS 1,,Tanque,,1.44,1.86,1.92,1.74,1.42,3.22,4.98,4.77
19/06/2024 11:47 a. m.,Ordeño,05:26,11.90,2,,,DI,,1,"DI,DD",1.26,1.74,1.38,1.56,644,1109,0,0,6.72,4.82,0.00,5.16,VMS 1,,Tanque,,1.74,2.28,1.86,2.04,1.59,2.22,3.21,4.88
19/06/2024 05:38 p. m.,Ordeño,06:44,7.22,3,,,,,1,DI,1.08,1.44,1.26,1.14,0,0,0,0,6.67,4.72,4.79,0.00,VMS 1,,Tanque,,1.56,1.80,1.74,1.56,1.22,1.43,2.79,1.78
20/06/2024 01:44 a. m.,Ordeño,04:45,10.98,1,,,,,1,DI,1.26,1.56,1.56,1.32,0,0,0,0,6.60,4.73,4.92,0.00,VMS 1,,Tanque,,1.68,1.98,2.16,1.74,1.77,2.34,4.00,2.87
20/06/2024 12:37 p. m.,Ordeño,06:19,17.84,2,,,,,1,DI,1.38,1.62,1.74,1.50,0,0,318,0,6.73,5.02,5.39,0.00,VMS 1,,Tanque,,1.80,2.16,2.16,1.86,3.54,3.50,6.26,4.54
21/06/2024 12:08 a. m.,Ordeño,05:41,16.99,1,,,,,1,DI,1.56,1.50,1.74,1.44,0,0,0,0,6.27,4.81,4.83,0.00,VMS 1,,Tanque,,1.92,2.28,2.28,1.86,3.39,3.58,5.88,4.14
21/06/2024 11:55 a. m.,Ordeño,06:10,18.71,2,,,,,1,DI,1.50,1.44,1.92,1.68,0,0,0,0,5.89,4.77,5.00,0.00,VMS 1,,Tanque,,1.92,2.16,2.40,2.10,4.07,2.98,6.79,4.87
22/06/2024 03:59 a. m.,Ordeño,06:54,23.13,1,,,,,1,,1.50,1.44,1.92,1.56,407,367,0,0,5.22,4.87,5.03,0.00,VMS 1,,Tanque,,1.80,1.92,2.40,2.10,4.59,4.13,8.55,5.86
05/07/2024 03:38 p. m.,Ordeño,06:12,10.61,2,,,,,1,DD,1.26,1.26,1.08,1.26,0,0,0,300,3.77,4.39,3.46,0.00,VMS 1,,Tanque,,1.62,1.80,1.68,1.68,2.26,2.08,3.87,2.40
08/08/2024 08:38 p. m.,Ordeño,05:56,12.54,2,,,,,1,DD,1.44,1.26,1.26,1.32,0,0,0,0,4.88,6.08,4.77,0.00,VMS 1,,Tanque,,1.80,1.68,1.74,1.68,2.87,2.23,4.55,2.89
09/08/2024 09:50 a. m.,Ordeño,06:32,18.02,1,,,,,1,,1.44,1.38,1.56,1.44,0,0,0,0,4.81,5.47,4.90,0.00,VMS 1,,Tanque,,1.92,1.86,1.98,1.86,3.79,2.62,6.75,4.86
09/08/2024 04:33 p. m.,Ordeño,04:19,8.51,2,,,,,1,DD,1.32,1.26,1.50,1.32,0,0,0,0,4.65,5.47,4.78,0.00,VMS 1,,Tanque,,1.74,1.74,2.04,1.74,1.97,1.44,3.04,2.06
10/08/2024 04:50 a. m.,Ordeño,07:00,18.58,1,,,,,1,DD,1.62,1.44,1.56,1.44,0,0,0,0,5.10,5.95,5.12,0.00,VMS 1,,Tanque,,2.16,1.86,1.92,1.86,4.10,3.29,6.64,4.55
10/08/2024 12:59 p. m.,Ordeño,04:50,10.57,2,,,,,1,DD,1.32,1.32,1.44,1.32,0,0,0,0,4.49,5.21,4.53,0.00,VMS 1,,Tanque,,1.74,1.74,1.80,1.68,2.52,1.92,3.56,2.57
11/08/2024 01:22 a. m.,Ordeño,06:17,15.62,1,,,,,1,,1.56,1.38,1.50,1.32,0,0,0,0,4.62,5.24,4.72,0.00,VMS 1,,Tanque,,1.98,1.74,1.92,1.80,3.47,2.71,5.48,3.96
11/08/2024 11:16 a. m.,Ordeño,05:05,13.93,2,,,,,1,,1.50,1.50,1.62,1.56,0,0,0,0,4.76,5.42,4.78,0.00,VMS 1,,Tanque,,1.92,2.04,2.04,2.04,3.40,2.43,4.67,3.43
11/08/2024 09:00 p. m.,Ordeño,05:12,11.33,3,,,,,1,DD,1.44,1.32,1.44,1.32,0,0,0,0,4.58,6.09,4.58,0.00,VMS 1,,Tanque,,1.80,1.68,1.86,1.68,2.56,1.99,3.94,2.84
12/08/2024 04:04 a. m.,Ordeño,04:56,9.69,1,,,,,1,,1.38,1.32,1.44,1.32,0,0,0,0,4.86,5.55,4.88,0.00,VMS 1,,Tanque,,1.86,1.68,1.92,1.86,2.37,1.62,3.31,2.39
12/08/2024 01:05 p. m.,Ordeño,05:54,13.60,2,,,,,1,,1.50,1.26,1.38,1.32,0,0,0,0,4.84,5.43,4.85,0.00,VMS 1,,Tanque,,1.92,1.68,1.98,1.86,3.11,2.40,4.77,3.32
13/08/2024 06:38 a. m.,Ordeño,06:54,22.34,1,,,,,1,,1.62,1.44,1.74,1.62,0,0,0,0,4.87,5.10,4.87,0.00,VMS 1,,Tanque,,2.04,1.92,2.22,2.04,5.30,3.28,8.02,5.74
15/08/2024 12:13 a. m.,Ordeño,05:46,14.33,1,,,,,1,,1.44,1.26,1.50,1.26,0,0,0,0,4.55,4.85,4.51,0.00,VMS 1,,Tanque,,1.80,1.62,1.98,1.68,3.34,2.55,4.99,3.45
15/08/2024 06:40 p. m.,Ordeño,08:25,23.54,2,,,,,1,,1.50,1.32,1.38,1.32,0,0,0,0,4.85,5.27,4.77,0.00,VMS 1,,Tanque,,1.92,1.74,1.74,1.86,5.50,4.11,8.11,5.82
16/08/2024 10:17 a. m.,Ordeño,06:44,20.71,1,,,,,1,,1.68,1.32,1.68,1.44,0,0,0,0,4.80,5.10,4.71,0.00,VMS 1,,Tanque,,2.04,1.80,2.16,1.86,4.16,3.79,7.48,5.28
19/08/2024 08:46 a. m.,Ordeño,06:28,16.06,1,,,,,1,,1.50,1.26,1.44,1.38,0,0,0,0,4.54,4.99,4.64,0.00,VMS 1,,Tanque,,1.80,1.74,2.04,1.98,3.49,2.89,5.83,3.85
19/08/2024 08:53 p. m.,Ordeño,05:55,12.56,2,,,,,1,,1.14,1.14,1.26,1.20,0,0,0,0,4.39,5.10,4.55,0.00,VMS 1,,Tanque,,1.56,1.56,1.62,1.62,3.06,2.04,4.44,3.02
21/08/2024 09:56 p. m.,Ordeño,06:18,12.07,2,,,,,1,,1.32,1.20,1.50,1.38,0,0,0,0,4.46,4.73,4.40,0.00,VMS 1,,Tanque,,1.80,1.74,2.10,1.74,3.34,1.90,4.19,2.64
24/08/2024 12:08 a. m.,Ordeño,05:58,15.47,1,,,,,1,,1.44,1.20,1.50,1.32,0,0,0,0,4.82,5.38,4.92,0.00,VMS 1,,Tanque,,1.86,1.62,1.86,1.68,3.64,2.63,5.58,3.62
29/08/2024 02:39 p. m.,Ordeño,06:59,22.41,1,,,,,1,,1.44,1.20,1.68,1.44,0,0,0,0,4.62,5.38,4.79,0.00,VMS 1,,Tanque,,1.86,1.62,2.22,1.74,5.43,3.74,7.90,5.34
05/09/2024 12:13 a. m.,Ordeño,07:11,21.90,1,,,,,1,,1.68,1.56,1.68,1.50,0,0,0,370,3.91,4.43,4.10,4.31,VMS 3,,Tanque,,2.22,2.04,2.34,1.92,6.00,3.34,7.49,5.07
07/09/2024 06:02 a. m.,Ordeño,04:29,9.62,1,,,,,1,,1.68,1.32,1.56,1.44,0,0,0,0,4.00,4.60,4.21,4.54,VMS 3,,Tanque,,2.16,1.74,2.04,1.80,2.81,1.21,3.48,2.12
09/09/2024 03:58 p. m.,Ordeño,05:33,16.15,2,,,,,1,,1.44,1.32,1.56,1.44,0,0,0,0,4.35,4.87,4.44,4.83,VMS 3,,Tanque,,1.92,1.80,1.98,1.98,4.08,2.84,5.14,4.09
13/09/2024 02:28 p. m.,Ordeño,06:12,16.97,2,,,,,1,TD,1.32,1.26,1.56,1.44,548,0,0,0,4.18,4.89,4.43,5.73,VMS 3,,Tanque,,1.92,1.68,1.98,1.86,4.79,2.44,6.01,3.73
14/09/2024 04:12 a. m.,Ordeño,05:55,15.47,1,,,,,1,TD,1.56,1.26,1.62,1.56,0,0,0,0,4.11,4.90,4.41,5.01,VMS 3,,Tanque,,2.22,1.74,2.04,1.92,3.75,2.33,5.75,3.64
20/09/2024 06:57 p. m.,Ordeño,07:04,9.20,2,,,,,1,DD,1.32,1.08,1.32,1.20,0,0,0,0,3.75,4.86,4.29,4.58,VMS 3,,Tanque,,1.74,1.50,1.80,1.56,2.74,1.19,3.32,1.95
21/12/2024 09:59 p. m.,Ordeño,06:37,2.39,2,,,,,1,"DD,TI,TD",0.30,0.54,1.14,0.48,0,894,669,648,4.66,0.00,7.84,3.99,VMS 3,,Divert 3,,1.02,1.56,1.74,1.02,0.34,0.50,0.60,0.95
22/12/2024 09:32 a. m.,Ordeño,05:10,2.84,1,,,,,1,"DI,DD,TI",0.72,0.84,1.26,0.72,1904,687,700,532,6.54,5.58,7.17,5.38,VMS 3,,Divert 3,,1.44,1.38,2.40,1.32,0.60,0.76,0.39,1.09
22/12/2024 05:27 p. m.,Ordeño,04:07,3.61,2,,,TI,,1,"DI,TI",1.02,0.84,0.90,1.38,1089,0,1000,503,6.59,5.23,8.17,5.52,VMS 3,,Divert 3,,1.68,1.38,1.68,2.22,0.93,0.90,0.35,1.43
23/12/2024 07:08 a. m.,Ordeño,05:04,8.84,1,,,TI,,1,"DI,TI,TD",1.32,1.38,1.08,1.92,770,0,600,831,5.70,4.96,7.30,5.16,VMS 3,,Divert 3,,1.80,1.92,1.74,2.46,2.36,2.76,0.53,3.19
23/12/2024 10:58 a. m.,Ordeño,08:21,2.50,2,,,,,1,"DI,TI",0.42,0.66,0.42,0.66,1153,0,0,0,4.97,4.62,6.32,4.79,VMS 3,,Divert 3,,0.90,1.32,1.08,1.38,0.60,0.69,0.32,0.89
23/12/2024 11:19 p. m.,Ordeño,04:38,18.54,3,,,,,1,DI,1.20,1.20,0.70,1.68,881,0,0,434,5.47,4.93,2.08,5.34,VMS 3,,Divert 3,,1.62,1.68,1.24,2.28,1.91,2.85,10.72,3.06
24/12/2024 06:05 a. m.,Ordeño,04:54,5.46,1,,,,,1,"DI,TI",1.08,1.08,0.60,1.38,1563,0,688,0,5.02,4.55,6.18,4.74,VMS 3,,Divert 3,,1.44,1.62,1.14,1.74,1.52,1.67,0.33,1.94
24/12/2024 07:52 p. m.,Ordeño,06:38,11.91,2,,,TI,,1,"DI,TI",1.26,1.32,1.02,1.86,790,0,488,342,5.26,4.63,6.41,4.81,VMS 3,,Tanque,,1.80,1.68,1.56,2.46,3.60,3.17,0.70,4.44
26/12/2024 07:39 p. m.,Ordeño,05:54,14.33,2,,,,,1,"DI,TI",1.32,1.26,0.90,1.80,640,0,0,0,4.50,4.49,5.25,4.38,VMS 3,,Tanque,,1.80,1.68,1.56,2.34,4.13,4.16,0.91,5.13
02/01/2025 07:25 p. m.,Ordeño,04:43,10.19,3,,,,,1,TI,1.56,1.38,0.90,1.62,0,0,0,0,4.45,4.41,5.35,4.48,VMS 3,,Tanque,,2.04,1.74,1.32,2.10,2.65,3.13,0.75,3.66
15/01/2025 03:49 a. m.,Ordeño,06:11,19.08,1,,,,,1,,1.68,1.62,1.08,1.74,0,0,0,0,4.09,3.88,4.50,4.34,VMS 3,,Tanque,,2.22,2.22,1.50,2.28,5.75,4.61,1.59,7.13
23/02/2025 11:31 a. m.,Ordeño,04:37,4.26,1,,,Todos,,1,,1.14,1.08,0.36,0.90,0,0,0,0,4.14,4.48,4.01,4.38,VMS 3,,Tanque,,1.74,1.80,0.78,1.68,1.29,1.37,0.37,1.23
31/03/2025 05:23 p. m.,Ordeño,08:15,26.97,1,,,,,1,,1.50,1.50,1.20,1.74,0,0,0,0,4.58,4.50,4.63,4.57,VMS 3,,Tanque,,2.16,1.92,1.68,2.16,8.13,6.33,4.37,8.14
01/04/2025 12:05 p. m.,Ordeño,08:19,30.40,1,,DD,,,1,,1.74,1.74,1.26,1.68,0,0,0,0,4.29,4.40,4.47,4.67,VMS 3,,Tanque,,2.22,2.22,1.68,2.28,6.91,9.14,3.86,10.49
05/04/2025 10:07 p. m.,Ordeño,07:32,24.42,2,,DD,,,1,,1.56,1.56,1.02,1.56,0,0,0,0,4.58,4.64,4.64,4.97,VMS 3,,Tanque,,1.98,1.92,1.38,2.04,6.50,8.14,2.74,7.04
06/04/2025 05:44 p. m.,Ordeño,08:32,30.19,1,,,,,1,,1.50,1.56,1.14,1.68,0,0,0,0,4.83,4.80,4.93,5.14,VMS 3,,Tanque,,1.92,2.16,1.56,2.22,7.51,9.11,4.63,8.94
07/04/2025 03:15 p. m.,Ordeño,08:55,30.00,1,,,,,1,,1.56,1.56,1.14,1.74,0,0,0,0,4.37,4.52,4.78,5.09,VMS 3,,Tanque,,1.92,2.10,1.62,2.22,6.18,7.90,4.65,11.27
08/04/2025 07:46 a. m.,Ordeño,07:08,24.41,1,,,,,1,,1.56,1.68,1.02,1.68,0,0,0,0,4.86,4.66,4.61,4.96,VMS 3,,Tanque,,1.98,2.16,1.44,2.28,7.23,6.72,3.49,6.97
13/04/2025 05:20 a. m.,Ordeño,07:28,22.35,1,,,,,1,"DI,TD",1.56,1.50,1.02,1.62,0,0,0,0,4.82,3.95,4.15,5.29,VMS 3,,Tanque,,2.16,2.16,1.38,2.16,5.92,6.06,2.92,7.45
17/04/2025 11:21 p. m.,Ordeño,07:44,28.02,2,,,,,1,,1.62,1.62,1.20,1.86,0,0,0,0,4.27,4.33,4.58,4.44,VMS 3,,Tanque,,2.04,1.98,1.56,2.22,6.46,8.44,5.00,8.12
20/04/2025 09:36 a. m.,Ordeño,07:33,28.04,1,,,,,1,,1.74,1.56,1.08,1.74,0,0,0,0,4.51,4.39,4.61,4.92,VMS 3,,Tanque,,2.16,1.98,1.44,2.22,7.68,6.98,3.98,9.40
21/04/2025 07:11 a. m.,Ordeño,07:04,25.10,1,,,,,1,,1.62,1.62,1.26,1.86,0,0,0,0,4.41,4.36,4.72,4.67,VMS 3,,Tanque,,2.22,2.10,1.68,2.34,6.90,6.13,4.90,7.17
22/04/2025 02:10 a. m.,Ordeño,07:21,26.97,1,,,,,1,,1.68,1.56,1.14,1.74,0,0,0,0,4.55,4.60,4.64,4.90,VMS 3,,Tanque,,2.10,2.04,1.56,2.16,6.77,7.48,4.24,8.48
25/04/2025 10:20 a. m.,Ordeño,07:51,27.50,1,,,,,1,,1.62,1.44,1.20,1.80,0,0,0,0,4.43,4.41,4.76,4.55,VMS 3,,Tanque,,2.10,1.98,1.62,2.28,7.55,7.34,4.21,8.40
26/04/2025 08:53 a. m.,Ordeño,07:05,24.93,1,,,,,1,,1.86,1.44,1.32,1.86,0,0,0,0,4.45,4.42,4.69,4.80,VMS 3,,Tanque,,2.34,1.86,1.68,2.40,5.99,6.73,4.69,7.52
27/04/2025 04:01 a. m.,Ordeño,07:30,26.68,1,,,,,1,,1.68,1.56,1.08,1.68,0,0,0,0,4.55,4.57,4.70,4.94,VMS 3,,Tanque,,2.10,1.98,1.56,2.16,6.03,7.39,4.17,9.09
28/04/2025 02:20 a. m.,Ordeño,07:01,26.41,1,,,,,1,,1.68,1.50,1.20,1.92,0,0,0,0,4.48,4.47,4.78,4.97,VMS 3,,Tanque,,2.22,2.16,1.56,2.40,6.63,6.19,5.21,8.38
28/04/2025 06:55 p. m.,Ordeño,08:50,19.56,2,,,DD,DD,1,,1.74,0.00,1.14,1.74,0,0,0,0,4.72,0.00,4.81,4.89,VMS 3,,Tanque,,2.40,0.00,1.56,2.28,7.61,0.00,3.78,8.17
29/04/2025 07:07 a. m.,Ordeño,09:40,24.39,1,,TD,,,1,,1.86,1.32,1.14,1.68,0,0,0,0,4.75,4.33,4.81,5.01,VMS 3,,Tanque,,2.52,2.16,1.50,2.40,6.54,8.29,2.84,6.72
29/04/2025 11:40 p. m.,Ordeño,06:44,24.63,2,,,,,1,,1.86,1.56,1.32,1.98,0,0,0,0,4.63,4.45,4.82,4.99,VMS 3,,Tanque,,2.46,2.10,1.74,2.58,6.01,6.74,3.87,8.01
05/05/2025 07:09 p. m.,Ordeño,07:01,19.68,1,,,DD,,1,DD,1.62,1.86,1.14,1.74,0,0,0,0,4.82,7.77,4.80,5.17,VMS 3,,Tanque,,2.28,2.34,1.50,2.22,6.18,2.77,3.55,7.18
06/05/2025 06:42 p. m.,Ordeño,08:42,10.20,1,,,"DI,DD,TD",,1,DD,1.68,1.62,1.38,1.02,0,0,0,0,4.10,10.05,4.36,4.51,VMS 3,,Drenaje,,2.04,2.46,2.04,1.50,2.86,2.69,2.78,1.87
07/05/2025 08:39 a. m.,Ordeño,05:46,10.99,1,,,DD,,1,DD,1.74,0.78,0.90,1.38,0,0,0,0,4.47,9.65,4.65,4.70,VMS 3,,Drenaje,,2.34,1.44,1.26,1.80,3.51,1.44,1.98,4.06
07/05/2025 07:31 p. m.,Ordeño,05:39,11.62,2,,,DD,,1,DD,1.74,0.60,1.08,1.32,0,0,0,0,5.15,9.25,4.88,5.25,VMS 3,,Drenaje,,2.34,1.02,1.62,1.80,4.31,0.73,1.93,4.65
08/05/2025 03:12 a. m.,Ordeño,04:36,8.73,1,,,DD,,1,DD,1.74,0.60,1.02,1.32,0,0,0,0,4.95,8.51,4.85,4.96,VMS 3,,Drenaje,,2.28,1.08,1.44,1.68,3.18,0.77,1.48,3.30
08/05/2025 06:09 p. m.,Ordeño,07:08,19.77,2,,,,,1,DD,1.74,1.20,1.14,1.44,0,0,0,0,5.01,7.08,4.94,5.01,VMS 3,,Drenaje,,2.64,1.62,1.50,1.80,7.21,2.42,3.07,7.07
09/05/2025 04:27 a. m.,Ordeño,05:40,14.28,1,,,,,1,DD,1.68,1.14,1.08,1.38,0,0,0,0,4.83,6.38,4.78,4.78,VMS 3,,Drenaje,,2.22,1.56,1.56,1.86,4.96,2.35,2.03,4.94
09/05/2025 03:01 p. m.,Ordeño,06:56,15.60,2,,,,,1,DD,1.56,1.20,1.08,1.44,0,0,0,0,4.97,5.91,4.80,4.89,VMS 3,,Drenaje,,2.16,1.80,1.56,1.80,5.53,2.39,2.28,5.40
10/05/2025 05:45 a. m.,Ordeño,06:25,19.62,1,,,,,1,,1.62,1.14,1.20,1.74,0,0,0,0,4.88,5.33,4.90,4.92,VMS 3,,Drenaje,,2.16,1.56,1.56,2.28,6.21,2.73,3.19,7.49
22/05/2025 03:24 a. m.,Ordeño,08:09,25.76,1,,,,,1,,1.74,1.26,1.26,1.68,0,0,0,0,4.45,5.00,4.79,4.85,VMS 3,,Tanque,,2.28,1.92,1.62,2.22,6.54,7.15,4.40,7.67
02/06/2025 06:59 p. m.,Ordeño,06:49,24.35,2,,,,,1,,1.62,1.38,1.26,1.80,0,0,0,0,4.56,4.81,4.82,4.84,VMS 3,,Tanque,,2.16,1.80,1.74,2.52,6.42,5.96,3.71,8.26
03/06/2025 04:06 p. m.,Ordeño,07:46,26.35,1,,,,,1,,1.56,1.44,1.38,1.86,0,0,0,0,4.50,4.55,4.92,4.92,VMS 3,,Tanque,,2.04,1.98,1.68,2.58,6.99,4.05,4.94,10.37
04/06/2025 11:31 a. m.,Ordeño,06:25,25.32,1,,,,,1,,1.74,1.50,1.32,2.04,0,0,0,0,4.35,4.68,4.79,4.60,VMS 3,,Tanque,,2.40,1.92,1.68,2.64,6.22,5.89,4.40,8.81
06/06/2025 02:50 p. m.,Ordeño,06:26,19.51,2,,,,,1,TD,1.74,1.74,1.32,1.74,0,0,0,0,4.91,5.16,5.18,5.86,VMS 3,,Tanque,,2.64,2.22,1.74,2.22,6.59,4.63,2.66,5.63
07/06/2025 05:28 a. m.,Ordeño,06:52,19.78,1,,,,,1,,1.62,1.62,1.14,1.62,0,0,0,0,4.28,4.66,4.75,4.94,VMS 3,,Tanque,,2.34,2.10,1.50,2.22,5.49,3.96,3.22,7.11
10/06/2025 05:58 a. m.,Ordeño,06:31,22.29,1,,,,,1,,1.56,1.56,1.32,1.68,0,0,0,0,4.65,5.02,4.91,5.19,VMS 3,,Tanque,,1.98,2.04,1.86,2.16,5.66,5.69,3.55,7.39
14/06/2025 09:16 p. m.,Ordeño,06:51,20.02,1,,,,,1,DD,1.50,1.56,1.44,1.74,0,0,0,0,4.16,6.21,5.04,4.81,VMS 3,,Tanque,,1.86,2.04,1.86,2.40,4.88,4.06,4.17,6.91
15/06/2025 06:09 a. m.,Ordeño,05:03,10.37,1,,,DD,,1,DD,1.68,1.38,1.14,1.74,0,0,0,0,4.37,5.12,4.51,4.43,VMS 3,,Tanque,,2.46,2.04,1.50,2.16,4.13,1.48,1.44,3.32
16/06/2025 01:00 a. m.,Ordeño,05:32,19.07,1,,,,,1,DD,1.80,1.86,1.44,2.04,0,0,0,0,4.37,6.00,5.06,4.67,VMS 3,,Tanque,,2.34,2.64,1.86,2.52,4.48,4.08,4.04,6.47
18/06/2025 09:50 a. m.,Ordeño,06:34,24.73,1,,,,,1,DD,1.68,1.62,1.38,1.98,0,0,0,0,4.48,5.38,4.99,4.71,VMS 3,,Tanque,,2.28,2.04,1.80,2.46,6.88,5.62,5.15,7.08
21/06/2025 08:10 a. m.,Ordeño,07:05,25.12,1,,,,,1,,1.92,1.50,1.44,2.04,0,0,300,0,4.57,4.64,4.56,4.67,VMS 3,,Tanque,,2.58,2.04,1.92,2.58,8.81,3.67,5.13,7.51
23/06/2025 07:46 p. m.,Ordeño,06:40,22.21,1,,,,,1,DI,2.22,1.74,1.20,1.62,425,0,0,0,6.60,4.85,4.81,5.04,VMS 3,,Tanque,,2.88,2.28,1.62,2.16,5.60,5.23,4.01,7.37
25/06/2025 02:11 p. m.,Ordeño,05:00,14.89,2,,,,,1,DI,1.80,1.62,1.20,1.62,0,0,0,0,6.27,5.12,5.15,5.04,VMS 3,,Tanque,,2.76,1.98,1.62,2.04,3.61,4.17,2.40,4.71
26/06/2025 12:11 a. m.,Ordeño,04:43,13.22,1,,,,,1,DI,1.68,1.56,1.20,1.68,0,0,0,0,6.12,4.98,5.03,5.04,VMS 3,,Tanque,,2.16,2.10,1.50,2.28,3.54,3.30,2.04,4.34
26/06/2025 09:47 a. m.,Ordeño,05:00,14.56,2,,,,,1,DI,1.68,1.80,1.14,1.62,0,0,0,0,6.31,5.38,5.17,5.38,VMS 3,,Tanque,,2.16,2.22,1.62,2.04,4.25,3.64,2.33,4.34
27/06/2025 08:51 a. m.,Ordeño,06:42,21.08,1,,,DD,,1,,1.62,1.38,1.44,1.74,0,0,0,0,5.36,4.57,5.00,4.77,VMS 3,,Tanque,,2.16,1.74,1.80,2.16,6.70,2.81,5.19,6.38
30/06/2025 03:16 a. m.,Ordeño,07:04,26.16,1,,,,,1,,1.68,1.56,1.38,1.86,0,0,0,0,4.76,4.60,4.90,4.37,VMS 3,,Tanque,,2.46,1.86,1.80,2.28,7.50,5.93,5.35,7.38
07/07/2025 12:36 a. m.,Ordeño,06:29,21.66,1,,,,,1,,1.86,1.50,1.26,1.68,0,0,0,0,4.00,4.47,4.62,4.40,VMS 3,,Tanque,,2.46,1.86,1.68,2.10,5.20,5.48,3.71,7.27
14/07/2025 10:38 a. m.,Ordeño,06:25,19.27,1,,,,,1,,1.86,1.56,1.32,1.80,0,0,0,0,4.23,4.50,4.57,4.98,VMS 3,,Tanque,,2.46,2.10,1.68,2.46,7.05,3.15,3.59,5.48
15/07/2025 03:31 a. m.,Ordeño,06:23,19.01,1,,,,,1,,1.62,1.68,1.32,1.62,0,0,0,0,4.63,4.59,4.71,5.17,VMS 3,,Tanque,,2.04,2.22,1.68,2.10,4.59,3.89,3.59,6.94
16/07/2025 01:02 a. m.,Ordeño,06:03,19.58,1,,,,,1,,1.68,1.68,1.38,1.56,0,0,0,0,4.19,4.73,4.63,4.61,VMS 3,,Tanque,,2.16,2.16,1.86,2.04,4.41,5.66,4.12,5.39
22/07/2025 02:01 p. m.,Ordeño,08:02,25.95,1,,,,,1,,1.68,1.38,1.32,1.68,0,0,0,0,4.35,4.81,4.97,4.97,VMS 3,,Tanque,,2.10,1.98,1.74,2.16,5.76,7.69,4.75,7.75
25/07/2025 01:15 p. m.,Ordeño,06:36,22.09,1,,,,,1,,1.62,1.44,1.20,1.74,0,0,0,0,4.00,4.24,4.46,4.58,VMS 3,,Tanque,,2.10,2.10,1.62,2.16,5.67,5.11,3.34,7.97
30/07/2025 08:24 a. m.,Ordeño,07:30,21.96,1,,,,,1,,1.74,1.50,1.26,1.44,0,0,0,0,4.72,4.60,5.17,5.28,VMS 3,,Tanque,,2.40,1.98,1.80,1.98,6.51,3.74,4.03,7.68
31/07/2025 07:17 a. m.,Ordeño,06:05,19.34,1,,,,,1,,1.62,1.44,1.32,1.50,0,0,0,0,4.50,4.60,5.09,5.04,VMS 3,,Tanque,,2.16,2.04,1.74,1.92,5.69,3.41,4.35,5.89
02/08/2025 08:04 a. m.,Ordeño,06:13,22.29,1,,DD,,,1,TD,1.62,1.68,1.32,1.74,0,0,0,0,4.35,4.52,4.99,5.16,VMS 3,,Tanque,,2.10,2.16,1.80,2.34,5.10,5.28,4.91,7.00
05/08/2025 07:08 p. m.,Ordeño,07:10,24.86,1,,,,,1,,1.62,1.26,1.02,1.44,0,0,0,0,4.40,4.62,4.87,4.73,VMS 3,,Tanque,,2.22,1.74,1.44,1.80,5.85,6.69,4.12,8.20
21/08/2025 03:43 a. m.,Ordeño,05:57,21.98,1,,,,,1,TI,1.20,1.50,1.38,1.62,0,0,0,0,4.02,4.59,8.04,4.69,VMS 3,,Tanque,,1.80,1.98,1.92,2.22,4.49,6.35,3.59,7.55
21/08/2025 06:08 p. m.,Ordeño,06:16,15.24,2,,,,,1,TI,1.44,1.38,1.26,1.44,0,0,0,0,4.53,4.48,8.38,4.75,VMS 3,,Tanque,,1.80,1.86,1.68,1.86,5.13,3.70,1.98,4.43
22/08/2025 09:50 a. m.,Ordeño,05:46,17.89,1,,,,,1,TI,1.56,1.44,1.20,1.62,0,0,0,0,4.44,4.46,7.37,4.81,VMS 3,,Tanque,,1.98,1.92,1.56,1.98,5.01,4.74,2.43,5.71
22/08/2025 11:02 p. m.,Ordeño,05:30,14.49,2,,,,,1,TI,1.68,1.26,1.02,1.38,0,0,0,0,4.45,4.62,7.10,4.69,VMS 3,,Tanque,,2.16,1.80,1.50,1.80,3.83,3.88,2.26,4.52
23/08/2025 08:32 a. m.,Ordeño,05:30,13.57,1,,,,,1,TI,1.50,1.50,0.96,1.56,0,0,0,0,4.70,4.77,6.28,4.96,VMS 3,,Tanque,,2.04,2.04,1.38,2.16,4.48,3.46,1.80,3.83
23/08/2025 09:26 p. m.,Ordeño,06:31,17.77,2,,,,,1,TI,1.62,1.44,1.02,1.56,0,0,0,0,4.92,4.92,6.23,5.10,VMS 3,,Tanque,,2.10,1.98,1.44,2.10,5.95,4.17,2.55,5.10
24/08/2025 08:46 p. m.,Ordeño,07:09,20.05,1,,,DD,,1,DD,1.62,1.44,1.02,1.68,0,0,0,0,4.74,7.84,5.53,5.15,VMS 3,,Tanque,,2.22,2.10,1.50,2.16,7.03,2.63,3.47,6.92
25/08/2025 12:29 p. m.,Ordeño,06:46,9.30,1,,,DD,,1,DD,1.62,0.36,0.84,1.38,370,0,0,0,4.22,5.95,4.63,4.29,VMS 3,,Tanque,,2.10,0.84,1.26,1.86,3.57,1.26,1.44,3.03
26/08/2025 02:36 a. m.,Ordeño,05:08,8.34,1,,,DD,,1,DD,1.38,0.72,0.90,1.32,0,481,0,0,4.37,7.04,4.71,4.45,VMS 3,,Drenaje,,2.16,1.20,1.38,1.80,3.26,0.73,1.49,2.86
26/08/2025 07:52 p. m.,Ordeño,06:40,17.38,2,,,,,1,"DD,TI",1.56,1.32,1.26,1.62,0,0,0,0,4.56,6.75,6.86,5.22,VMS 3,,Drenaje,,2.16,1.80,1.68,2.10,3.82,3.01,3.49,7.06
27/08/2025 07:36 a. m.,Ordeño,05:54,13.57,1,,,,,1,"DD,TI",1.50,1.38,1.20,1.50,0,0,0,0,4.74,6.07,7.07,4.77,VMS 3,,Drenaje,,2.10,1.92,1.62,1.92,5.14,2.23,1.55,4.65
27/08/2025 07:14 p. m.,Ordeño,05:53,14.35,2,,,,,1,"DD,TI",1.50,1.32,0.96,1.26,0,0,0,0,4.80,5.95,6.21,4.75,VMS 3,,Drenaje,,2.46,1.74,1.56,1.74,4.98,2.72,1.88,4.77
28/08/2025 03:10 p. m.,Ordeño,08:10,24.26,1,,,,,1,TI,1.56,1.38,1.32,1.62,0,0,0,0,4.86,5.41,6.01,4.82,VMS 3,,Drenaje,,2.16,2.04,1.74,2.16,8.50,3.38,4.04,8.34
29/08/2025 12:30 a. m.,Ordeño,05:42,9.64,1,,,,,1,"DD,TI",1.38,1.20,0.96,1.20,0,0,0,0,4.35,5.09,5.39,4.34,VMS 3,,Drenaje,,2.34,1.74,1.32,1.56,3.58,1.70,1.44,2.92
29/08/2025 04:41 p. m.,Ordeño,09:06,20.18,2,,,,,1,TI,1.68,1.20,1.20,1.08,0,0,0,0,5.02,5.41,5.67,4.53,VMS 3,,Drenaje,,2.52,1.62,1.62,1.56,7.14,2.68,3.10,7.26
31/08/2025 08:35 a. m.,Ordeño,06:34,18.05,1,,,,,1,,1.68,1.50,1.14,1.68,0,0,0,0,4.51,4.82,4.82,4.67,VMS 3,,Drenaje,,2.16,2.10,1.62,2.16,6.44,3.14,2.75,5.72
09/09/2025 12:58 a. m.,Ordeño,07:46,21.08,1,,,,,1,,1.56,1.38,1.08,1.44,0,0,0,0,4.14,4.44,4.57,4.68,VMS 3,,Drenaje,,2.40,1.80,1.50,1.80,5.10,3.84,3.99,8.15
10/09/2025 06:13 p. m.,Ordeño,06:18,18.97,2,,,,,1,TD,1.62,1.56,1.08,1.50,0,0,0,0,4.38,4.66,4.71,5.34,VMS 3,,Tanque,,2.10,2.22,1.38,1.98,4.93,4.67,3.20,6.17
13/09/2025 02:39 p. m.,Ordeño,05:17,13.45,2,,,,,1,,1.74,1.44,1.32,1.44,0,0,0,0,4.41,4.66,4.82,5.00,VMS 3,,Tanque,,2.28,1.86,1.74,1.92,3.43,3.58,2.24,4.20
15/09/2025 10:50 a. m.,Ordeño,06:32,18.99,1,,,,,1,,1.68,1.38,1.02,1.44,0,0,0,0,4.18,4.50,4.47,4.48,VMS 3,,Tanque,,2.22,1.80,1.56,1.80,5.01,4.62,3.22,6.14
25/09/2025 08:13 a. m.,Ordeño,06:59,14.96,1,,,,,1,DD,1.26,1.38,1.20,1.44,0,0,0,0,2.88,5.75,4.26,4.23,VMS 3,,Tanque,,1.62,1.86,1.50,1.98,5.80,2.21,2.34,4.61
25/09/2025 11:59 p. m.,Ordeño,06:19,16.90,1,,,,,1,DD,1.56,1.20,1.08,1.44,0,0,0,0,2.75,6.04,4.21,4.06,VMS 3,,Tanque,,2.10,1.68,1.56,1.86,5.31,2.57,3.04,5.98
26/09/2025 02:58 p. m.,Ordeño,06:45,18.21,2,,,,,1,"DI,DD",1.56,1.50,1.26,1.62,0,0,0,0,5.70,6.25,4.22,4.26,VMS 3,,Tanque,,2.04,2.04,1.62,2.10,6.49,3.02,2.87,5.83
27/09/2025 06:18 a. m.,Ordeño,05:52,16.21,1,,,,,1,DD,1.50,1.44,1.32,1.62,0,0,0,0,4.43,5.85,4.45,4.43,VMS 3,,Tanque,,2.10,2.04,1.74,2.34,4.37,3.09,2.84,5.91
28/09/2025 12:11 a. m.,Ordeño,06:50,20.20,1,,,,,1,DD,1.68,1.50,1.26,1.56,0,0,0,0,4.50,5.22,4.59,4.58,VMS 3,,Tanque,,2.28,1.98,1.68,1.98,6.77,2.34,3.79,7.30
28/09/2025 11:30 a. m.,Ordeño,05:12,13.53,2,,,,,1,DD,1.62,1.32,1.26,1.50,0,0,0,0,4.28,5.23,4.51,4.33,VMS 3,,Tanque,,2.10,1.80,1.68,1.98,4.49,2.94,1.99,4.11
07/10/2025 03:15 p. m.,Ordeño,05:00,13.38,2,,,,,1,DD,1.86,1.56,1.26,1.74,0,0,0,0,4.53,5.63,4.68,4.72,VMS 3,,Tanque,,2.58,2.16,1.80,2.28,4.60,2.78,1.91,4.09
08/10/2025 12:13 a. m.,Ordeño,04:19,10.90,1,,,,,1,DD,1.68,1.50,1.08,1.50,0,0,0,0,4.00,5.10,4.28,4.11,VMS 3,,Tanque,,2.16,2.16,1.50,1.80,3.16,2.58,1.77,3.39
08/10/2025 09:01 a. m.,Ordeño,04:45,10.98,2,,,,,1,DD,1.62,1.44,1.08,1.56,320,0,0,0,4.33,4.86,4.34,3.48,VMS 3,,Tanque,,2.28,1.92,1.56,2.04,3.60,2.29,1.62,3.47
09/10/2025 01:42 a. m.,Ordeño,07:35,20.27,1,,,,,1,,1.80,1.38,1.26,1.74,0,0,0,0,4.66,4.75,4.49,4.80,VMS 3,,Tanque,,2.40,2.04,1.68,2.46,5.35,3.48,3.80,7.64
09/10/2025 03:40 p. m.,Ordeño,05:34,17.99,2,,,,,1,"DD,TI",1.74,1.38,1.20,1.74,0,0,0,0,4.40,4.85,4.85,3.45,VMS 3,,Tanque,,2.34,1.86,1.62,3.30,5.34,4.37,2.80,5.48
11/10/2025 04:03 p. m.,Ordeño,07:17,19.90,2,,,,,1,DD,1.56,1.38,1.20,1.56,0,0,0,0,4.54,5.91,4.47,4.58,VMS 3,,Tanque,,2.22,1.74,1.62,1.92,6.94,3.65,3.07,6.24
11/10/2025 11:35 p. m.,Ordeño,08:09,7.87,3,,,,,1,DD,1.50,1.08,1.14,1.38,0,0,0,0,3.90,5.80,4.00,3.73,VMS 3,,Tanque,,2.22,1.74,1.56,1.80,3.04,1.08,1.39,2.36
13/10/2025 03:03 a. m.,Ordeño,08:25,26.94,1,,,,,1,DD,1.44,1.50,1.26,1.68,0,0,0,0,4.14,5.67,4.67,5.02,VMS 3,,Tanque,,1.92,1.98,1.74,2.22,6.57,4.46,5.82,10.09
13/10/2025 06:45 p. m.,Ordeño,07:00,16.94,2,,,,,1,DD,1.44,1.44,1.20,1.38,0,0,0,0,4.41,5.59,4.64,4.73,VMS 3,,Tanque,,1.92,1.86,1.50,1.80,6.28,3.34,2.88,4.44
14/10/2025 03:05 a. m.,Ordeño,05:31,9.30,1,,,,,1,DD,1.32,1.26,0.96,1.08,0,0,0,0,4.37,5.21,4.40,4.65,VMS 3,,Tanque,,1.86,1.74,1.32,1.62,3.46,1.94,1.45,2.45
18/10/2025 10:52 p. m.,Ordeño,05:45,5.81,2,,,DD,,1,DD,1.14,0.90,0.54,0.72,0,0,0,0,4.02,6.97,3.75,3.91,VMS 3,,Tanque,,1.98,1.32,1.26,1.56,2.55,0.52,0.91,1.83
19/10/2025 06:42 p. m.,Ordeño,06:40,18.63,1,,,,,1,DD,1.68,1.38,1.26,1.74,0,0,0,0,4.36,5.97,4.84,4.87,VMS 3,,Tanque,,2.46,1.92,1.74,2.28,4.38,2.59,4.22,7.44
20/10/2025 04:57 a. m.,Ordeño,05:54,12.24,1,,,,,1,DD,1.56,1.38,1.08,1.50,0,0,0,0,4.77,5.81,4.68,4.83,VMS 3,,Tanque,,2.04,1.98,1.50,1.98,4.69,1.64,1.96,3.95
13/07/2022 04:25 a. m.,Ordeño,08:03,19.72,1,,,,,0,,1.14,1.14,1.14,1.14,0,0,0,0,4.74,4.57,4.90,4.82,VMS 1,,Tanque,,1.50,1.50,1.62,1.44,3.07,3.75,6.27,6.63
15/07/2022 07:36 p. m.,Ordeño,08:02,19.48,1,,,,,0,,1.26,1.08,1.14,1.14,0,0,0,0,4.66,4.28,4.70,4.53,VMS 1,,Tanque,,1.68,1.62,1.56,1.56,3.42,4.46,5.49,6.11
16/07/2022 03:40 a. m.,Ordeño,06:19,10.38,1,,,,,0,,0.96,1.08,0.96,1.02,0,0,0,0,4.80,4.63,4.81,4.85,VMS 1,,Tanque,,1.32,1.50,1.32,1.50,1.85,2.15,3.17,3.21
16/07/2022 09:30 p. m.,Ordeño,08:04,20.76,2,,,,,0,,1.08,1.02,1.14,1.08,0,0,0,0,4.93,4.91,5.04,4.96,VMS 1,,Tanque,,1.38,1.44,1.56,1.56,3.11,5.21,6.64,5.80
18/07/2022 11:38 a. m.,Ordeño,08:24,21.04,1,,,,,0,,1.20,1.08,1.14,1.14,0,0,0,0,4.59,4.32,4.75,4.50,VMS 1,,Tanque,,1.56,1.56,1.50,1.56,3.87,4.44,6.34,6.39
19/07/2022 12:48 a. m.,Ordeño,06:57,15.10,1,,,,,0,,1.02,0.96,1.02,1.02,0,0,0,0,4.53,4.63,4.76,4.64,VMS 1,,Tanque,,1.38,1.38,1.44,1.38,2.31,3.66,4.58,4.55
19/07/2022 02:19 p. m.,Ordeño,07:20,17.94,2,,,,,0,,1.26,0.96,1.02,1.14,0,0,0,0,5.10,4.89,5.20,5.10,VMS 1,,Tanque,,1.56,1.62,1.50,1.56,3.10,4.29,5.22,5.33
20/07/2022 02:58 a. m.,Ordeño,06:38,15.17,1,,,,,0,,1.14,1.02,1.08,1.08,0,0,0,0,4.78,4.89,4.97,4.99,VMS 1,,Tanque,,1.56,1.38,1.62,1.56,2.09,3.82,4.27,4.99
20/07/2022 11:23 a. m.,Ordeño,06:03,11.71,2,,,,,0,,1.02,0.96,1.02,1.02,0,0,0,0,5.19,5.17,5.36,5.31,VMS 1,,Tanque,,1.44,1.50,1.32,1.38,1.89,2.71,3.54,3.57
21/07/2022 01:31 a. m.,Ordeño,07:39,18.47,1,,,,,0,,1.08,1.08,1.08,1.08,0,0,0,0,5.01,5.07,5.13,5.16,VMS 1,,Tanque,,1.44,1.44,1.62,1.44,2.73,4.26,5.75,5.73
21/07/2022 03:23 p. m.,Ordeño,07:52,18.85,2,,,,,0,,1.14,0.96,1.08,1.02,0,0,0,0,5.00,4.99,5.16,4.95,VMS 1,,Tanque,,1.50,1.68,1.50,1.44,2.74,4.53,5.73,5.85
22/07/2022 02:30 a. m.,Ordeño,07:07,15.81,1,,,,,0,,1.08,0.96,1.02,0.96,0,0,0,0,4.77,4.73,4.89,4.83,VMS 1,,Tanque,,1.38,1.32,1.38,1.32,2.42,3.76,4.75,4.88
22/07/2022 05:35 p. m.,Ordeño,08:18,20.18,2,,DD,,,0,,1.08,0.96,1.02,1.02,0,0,0,0,4.98,4.91,5.07,4.88,VMS 1,,Tanque,,1.44,1.50,1.38,1.38,3.42,4.64,5.99,6.13
23/07/2022 06:29 a. m.,Ordeño,07:26,18.04,1,,,,,0,,1.14,1.08,1.08,1.08,0,0,0,0,4.72,4.72,4.83,4.75,VMS 1,,Tanque,,1.56,1.44,1.44,1.44,3.04,4.06,5.40,5.54
23/07/2022 11:41 p. m.,Ordeño,08:05,19.65,2,,,,,0,,1.08,1.14,1.14,1.14,0,0,0,0,4.71,4.67,4.77,4.68,VMS 1,,Tanque,,1.44,1.68,1.50,1.74,2.83,4.75,5.82,6.25
24/07/2022 03:21 p. m.,Ordeño,08:16,19.46,1,,,,,0,,1.14,1.08,1.02,1.08,0,0,0,0,4.91,4.94,5.01,4.84,VMS 1,,Tanque,,1.56,1.56,1.38,1.50,3.36,4.42,5.72,5.96
25/07/2022 06:32 p. m.,Ordeño,08:51,20.97,1,,,,,0,,1.20,1.02,1.26,1.20,0,0,0,0,4.70,4.58,4.88,4.81,VMS 1,,Tanque,,1.86,1.38,1.62,1.56,3.61,4.67,6.99,5.70
26/07/2022 02:02 a. m.,Ordeño,07:08,9.24,1,,,,,0,,0.96,0.90,0.90,0.96,0,0,0,0,4.56,4.46,4.65,4.50,VMS 1,,Tanque,,1.32,1.38,1.32,1.32,1.58,2.20,2.88,2.58
26/07/2022 04:22 p. m.,Ordeño,08:22,19.10,2,,DD,,,0,,1.08,0.96,0.96,1.02,0,0,0,0,5.23,5.13,5.17,5.23,VMS 1,,Tanque,,1.50,1.50,1.38,1.50,3.34,4.50,5.54,5.72
27/07/2022 12:39 a. m.,Ordeño,07:11,10.80,1,,,,,0,,0.90,0.96,0.78,0.90,0,0,0,0,4.75,4.74,4.77,4.77,VMS 1,,Tanque,,1.26,1.26,1.26,1.26,1.83,2.60,3.19,3.18
27/07/2022 06:26 p. m.,Ordeño,08:24,21.71,2,,,,,0,,1.20,1.14,1.14,1.14,0,0,0,0,5.28,5.18,5.20,5.11,VMS 1,,Tanque,,1.56,1.44,1.56,1.50,3.81,4.72,6.93,6.25
28/07/2022 03:54 a. m.,Ordeño,08:23,9.63,1,,,TI,TI,0,,1.08,1.02,0.00,1.14,0,0,0,0,4.92,4.86,0.00,4.78,VMS 1,,Tanque,,1.38,1.62,0.00,1.50,2.30,3.16,0.00,4.17
28/07/2022 09:58 a. m.,Ordeño,05:36,5.55,2,,,TI,TI,0,,0.96,0.90,0.00,1.14,0,0,0,0,4.71,4.64,0.00,4.79,VMS 1,,Tanque,,1.32,1.56,0.00,1.68,1.34,1.83,0.00,2.38
28/07/2022 11:23 p. m.,Ordeño,07:59,19.16,3,,,,,0,,1.02,1.20,1.20,1.32,0,0,0,0,4.82,4.84,4.79,4.98,VMS 1,,Tanque,,1.50,1.80,1.68,1.68,3.22,3.83,6.91,5.20
29/07/2022 10:47 a. m.,Ordeño,06:43,15.22,1,,,,,0,,1.14,1.08,0.96,1.14,0,0,0,0,4.97,4.95,4.85,4.92,VMS 1,,Tanque,,1.44,1.44,1.38,1.44,2.65,3.87,3.69,5.01
29/07/2022 09:40 p. m.,Ordeño,06:47,14.38,2,,,,,0,,1.08,1.02,0.90,1.02,0,0,0,0,4.78,4.61,4.84,4.65,VMS 1,,Tanque,,1.44,1.44,1.38,1.50,2.49,3.52,3.69,4.68
30/07/2022 09:40 a. m.,Ordeño,07:22,16.80,1,,,,,0,,1.02,1.02,0.96,1.14,0,0,0,0,4.92,4.74,4.96,4.87,VMS 1,,Tanque,,1.38,1.44,1.32,1.56,3.03,3.79,4.61,5.37
30/07/2022 11:26 p. m.,Ordeño,07:46,17.62,2,,DD,,,0,,1.02,1.02,0.96,1.14,0,0,0,0,4.50,4.56,4.80,4.63,VMS 1,,Tanque,,1.44,1.62,1.50,1.68,3.09,3.98,5.03,5.52
31/07/2022 01:58 p. m.,Ordeño,08:40,19.04,1,,,,,0,,1.08,1.02,1.02,1.14,0,0,0,0,4.83,4.77,5.03,4.80,VMS 1,,Tanque,,1.44,1.50,1.44,1.50,3.17,4.55,5.46,5.86
31/07/2022 10:31 p. m.,Ordeño,05:58,10.68,2,,,,,0,,1.08,0.96,0.96,1.02,0,0,0,0,4.63,4.57,4.68,4.55,VMS 1,,Tanque,,1.50,1.32,1.32,1.32,1.79,2.53,3.06,3.30
01/08/2022 08:56 a. m.,Ordeño,06:28,14.48,1,,,,,0,,1.14,0.96,1.02,1.08,0,0,0,0,4.97,4.98,5.09,4.92,VMS 1,,Tanque,,1.50,1.38,1.38,1.44,2.49,3.35,4.14,4.50
01/08/2022 11:48 p. m.,Ordeño,08:02,17.39,2,,,,,0,,1.08,1.14,1.02,1.20,0,0,0,0,4.81,4.70,4.94,4.77,VMS 1,,Tanque,,1.44,1.74,1.32,1.62,2.88,3.74,5.53,5.24
02/08/2022 07:13 p. m.,Ordeño,08:57,23.63,1,,,,,0,,1.20,1.08,1.08,1.14,0,0,0,0,4.68,4.61,4.70,4.71,VMS 1,,Tanque,,1.68,1.56,1.44,1.56,3.81,5.50,7.04,7.28
03/08/2022 02:04 a. m.,Ordeño,04:40,8.06,1,,,,,0,,1.08,1.02,1.02,1.08,0,0,0,0,4.33,4.33,4.46,4.36,VMS 1,,Tanque,,1.62,1.50,1.50,1.38,1.33,1.85,2.41,2.47
03/08/2022 01:44 p. m.,Ordeño,06:55,15.08,2,,,,,0,,1.14,0.78,1.08,1.08,0,0,0,0,4.81,4.34,4.97,4.91,VMS 1,,Tanque,,1.50,1.38,1.50,1.44,2.50,3.45,4.47,4.66
03/08/2022 11:29 p. m.,Ordeño,06:28,11.51,3,,,,,0,,1.02,1.08,0.96,1.08,0,0,0,0,4.70,4.62,4.71,4.67,VMS 1,,Tanque,,1.38,1.50,1.32,1.44,1.94,2.50,3.43,3.64
04/08/2022 01:07 p. m.,Ordeño,08:19,18.62,1,,,,,0,,1.20,1.14,1.02,1.20,0,0,0,0,5.01,4.96,4.99,4.93,VMS 1,,Tanque,,1.68,1.44,1.44,1.50,3.18,4.08,5.57,5.79
05/08/2022 12:59 a. m.,Ordeño,07:17,14.33,1,,,,,0,,1.14,1.02,0.96,0.96,0,0,0,0,4.75,4.62,4.74,4.52,VMS 1,,Tanque,,1.56,1.38,1.38,1.32,2.27,3.27,4.25,4.54
05/08/2022 02:45 p. m.,Ordeño,07:29,18.21,2,,,,,0,,1.20,0.96,1.08,1.14,0,0,0,0,4.89,4.74,4.87,4.79,VMS 1,,Tanque,,1.68,1.38,1.44,1.50,3.05,4.24,5.32,5.60
06/08/2022 02:24 a. m.,Ordeño,07:19,14.68,1,,,,,0,,1.14,0.96,0.90,0.96,0,0,0,0,4.70,4.60,4.64,4.48,VMS 1,,Tanque,,1.50,1.38,1.32,1.44,2.44,3.35,4.41,4.48
06/08/2022 10:49 a. m.,Ordeño,06:19,11.26,2,,,,,0,,1.08,0.84,0.84,1.02,0,0,0,0,4.70,4.58,4.56,4.65,VMS 1,,Tanque,,1.50,1.14,1.20,1.38,1.83,2.61,3.34,3.48
06/08/2022 07:27 p. m.,Ordeño,08:20,10.81,3,,,,,0,,0.96,0.96,0.60,1.02,0,0,0,0,4.76,4.72,4.43,4.85,VMS 1,,Tanque,,1.32,1.32,0.96,1.38,1.81,2.47,3.17,3.36
07/08/2022 04:09 a. m.,Ordeño,07:16,11.79,1,,DD,,,0,,1.02,0.78,0.84,0.78,0,0,0,0,5.03,4.46,4.70,4.77,VMS 1,,Tanque,,1.38,1.20,1.32,1.20,1.95,2.64,3.53,3.67
07/08/2022 06:52 p. m.,Ordeño,07:37,18.81,2,,,,,0,,1.14,1.02,1.08,1.20,0,0,0,0,4.89,4.79,4.79,4.83,VMS 1,,Tanque,,1.50,1.38,1.62,1.56,3.05,4.40,5.62,5.74
08/08/2022 08:36 a. m.,Ordeño,07:41,18.51,1,,,,,0,,1.20,1.20,1.08,1.26,0,0,0,0,4.68,4.72,4.72,4.77,VMS 1,,Tanque,,1.62,1.56,1.50,1.56,3.03,3.95,5.70,5.83
08/08/2022 09:54 p. m.,Ordeño,06:53,16.91,2,,,,,0,,1.32,1.02,1.14,1.20,0,0,0,0,4.67,4.59,4.60,4.63,VMS 1,,Tanque,,1.68,1.44,1.68,1.62,2.62,3.79,5.07,5.43
09/08/2022 09:39 a. m.,Ordeño,07:16,16.61,1,,DD,,,0,,1.08,0.96,1.02,1.02,0,0,0,0,4.94,4.80,4.81,4.68,VMS 1,,Tanque,,1.44,1.44,1.38,1.50,2.56,3.96,4.91,5.18
10/08/2022 01:28 a. m.,Ordeño,09:27,19.73,1,,,,,0,,1.08,1.02,1.02,1.32,0,0,0,0,4.93,4.86,4.80,4.92,VMS 1,,Tanque,,1.50,1.80,1.44,1.68,3.05,5.09,5.01,6.58
10/08/2022 10:21 a. m.,Ordeño,06:29,12.22,2,,,,,0,,1.14,0.90,0.96,1.08,0,0,0,0,4.71,4.45,4.81,4.73,VMS 1,,Tanque,,1.50,1.32,1.32,1.38,1.93,2.86,3.64,3.79
10/08/2022 05:55 p. m.,Ordeño,05:01,8.41,3,,,,,0,,1.02,0.84,0.96,0.96,0,0,0,0,4.72,4.47,4.74,4.70,VMS 1,,Tanque,,1.44,1.20,1.38,1.26,1.43,1.93,2.38,2.67
11/08/2022 11:50 a. m.,Ordeño,07:37,19.20,1,,,,,0,,1.20,1.08,1.26,1.26,0,0,0,0,4.61,4.78,4.72,4.38,VMS 1,,Tanque,,1.68,1.44,1.74,1.74,2.35,4.51,6.40,5.94
11/08/2022 11:03 p. m.,Ordeño,11:17,13.60,2,,TI,,,0,,1.02,0.96,0.78,1.08,0,0,0,0,4.37,4.38,4.43,4.44,VMS 1,,Tanque,,1.38,1.32,1.32,1.44,2.28,3.19,3.99,4.14
12/08/2022 05:52 p. m.,Ordeño,09:48,18.46,1,,,,,0,,1.14,1.02,0.96,1.20,0,0,0,0,4.67,4.51,4.58,4.67,VMS 1,,Tanque,,1.50,1.56,1.50,1.56,3.32,3.61,6.94,4.59
13/08/2022 04:01 a. m.,Ordeño,06:38,13.03,1,,,,,0,,1.14,0.90,0.96,1.08,0,0,0,0,4.47,4.45,4.46,4.44,VMS 1,,Tanque,,1.44,1.50,1.50,1.68,2.22,2.94,3.91,3.96
13/08/2022 01:15 p. m.,Ordeño,06:18,11.73,2,,,,,0,,1.02,1.08,0.90,1.02,0,0,0,0,4.54,4.67,4.57,4.57,VMS 1,,Tanque,,1.32,1.44,1.26,1.44,1.98,2.58,3.46,3.71
14/08/2022 08:52 a. m.,Ordeño,07:36,19.84,1,,,,,0,,1.26,1.20,1.26,1.32,0,0,0,0,4.68,4.80,4.84,4.64,VMS 1,,Tanque,,1.56,1.74,1.74,1.86,2.54,5.00,6.27,6.03
14/08/2022 07:54 p. m.,Ordeño,06:45,14.53,2,,,,,0,,1.08,1.08,0.96,1.14,0,0,0,0,4.64,4.61,4.61,4.70,VMS 1,,Tanque,,1.38,1.62,1.32,1.50,2.33,3.35,4.29,4.56
15/08/2022 04:06 p. m.,Ordeño,09:09,23.20,1,,,,,0,,1.20,1.08,1.14,1.26,0,0,0,0,4.82,4.72,5.05,4.85,VMS 1,,Tanque,,1.62,1.56,1.50,1.74,3.94,5.10,7.75,6.41
18/08/2022 10:11 a. m.,Ordeño,06:22,13.05,1,,,,,0,,1.14,0.96,1.02,1.14,0,0,0,0,4.91,4.65,4.87,4.74,VMS 1,,Tanque,,1.50,1.38,1.44,1.50,2.12,2.94,4.08,3.91
19/08/2022 12:48 a. m.,Ordeño,06:40,14.74,1,,,,,0,,1.20,0.96,1.08,1.20,0,0,0,0,4.80,4.71,4.82,4.76,VMS 1,,Tanque,,1.56,1.50,1.56,1.68,2.53,3.29,4.39,4.53
19/08/2022 07:39 p. m.,Ordeño,06:45,17.16,2,,,,,0,,1.26,1.08,1.14,1.26,0,0,0,0,4.60,4.46,4.65,4.51,VMS 1,,Tanque,,1.62,1.80,1.56,1.56,3.00,3.87,5.17,5.12
23/08/2022 06:32 a. m.,Ordeño,15:41,0.91,1,,,Todos,"TI,TD",0,,0.36,0.18,0.18,0.00,0,0,0,0,3.91,3.08,4.89,0.00,VMS 1,,Tanque,,0.96,0.66,0.30,0.00,0.46,0.27,0.18,0.00
23/08/2022 07:06 p. m.,Ordeño,05:10,6.38,2,,,"DD,TI",,0,,0.90,0.84,0.90,1.08,0,0,0,0,5.17,5.33,5.92,5.56,VMS 1,,Tanque,,1.26,1.26,1.38,1.50,1.44,1.02,1.36,2.56
26/08/2022 07:22 a. m.,Ordeño,05:26,10.12,1,,,,,0,,1.14,1.02,0.96,1.20,0,0,0,0,4.79,4.90,4.98,5.03,VMS 1,,Tanque,,1.50,1.50,1.26,1.56,1.92,2.30,2.95,2.95
26/08/2022 04:03 p. m.,Ordeño,05:09,8.72,2,,,,,0,,1.08,0.90,0.90,1.08,0,0,0,0,4.94,5.09,5.27,5.14,VMS 1,,Tanque,,1.38,1.26,1.32,1.44,1.61,1.92,2.52,2.67
27/08/2022 01:04 p. m.,Ordeño,11:16,21.03,1,,,,,0,,1.26,1.08,1.02,1.20,0,0,0,0,4.82,4.88,4.92,5.01,VMS 1,,Tanque,,1.80,1.50,1.56,1.68,3.66,4.86,6.16,6.35
28/08/2022 12:03 a. m.,Ordeño,06:01,11.07,1,,,,,0,,1.08,0.90,0.96,0.96,0,0,0,0,4.49,4.42,4.49,4.49,VMS 1,,Tanque,,1.44,1.26,1.38,1.32,2.00,2.45,3.27,3.35
28/08/2022 01:19 p. m.,Ordeño,06:39,14.89,2,,,,,0,,1.26,0.90,1.02,1.14,0,0,0,0,4.96,4.77,4.86,5.05,VMS 1,,Tanque,,1.74,1.20,1.50,1.62,2.71,3.32,4.33,4.53
29/08/2022 02:13 a. m.,Ordeño,06:17,14.13,1,,,,,0,,1.14,0.90,1.08,1.08,0,0,0,0,4.68,4.79,4.73,4.77,VMS 1,,Tanque,,1.50,1.32,1.50,1.50,2.31,3.16,4.28,4.38
29/08/2022 11:25 a. m.,Ordeño,06:36,9.72,2,,,,,0,,1.08,0.84,0.96,0.66,0,0,0,0,4.75,4.59,4.65,3.96,VMS 1,,Tanque,,1.44,1.26,1.50,0.96,1.72,2.20,2.91,2.89
30/08/2022 06:24 a. m.,Ordeño,07:58,20.39,1,,,,,0,,1.26,1.02,1.26,1.20,0,0,0,0,4.76,4.71,4.70,4.79,VMS 1,,Tanque,,1.62,1.68,1.62,1.62,3.21,4.75,6.09,6.34
30/08/2022 07:09 p. m.,Ordeño,07:33,13.77,2,,,,,0,,1.20,0.90,1.02,0.96,0,0,0,0,4.63,4.49,4.57,4.60,VMS 1,,Tanque,,1.56,1.26,1.50,1.32,2.51,3.05,4.09,4.12
31/08/2022 09:24 a. m.,Ordeño,06:47,16.51,1,,,,,0,,1.14,0.96,1.08,1.08,0,0,0,0,4.62,4.70,4.72,4.72,VMS 1,,Tanque,,1.50,1.38,1.50,1.50,2.91,3.76,4.86,4.98
01/09/2022 03:31 a. m.,Ordeño,07:19,16.54,1,,,,,0,,1.26,1.08,1.26,1.14,0,0,0,0,4.70,4.37,4.78,4.58,VMS 1,,Tanque,,1.56,1.50,1.86,1.62,3.07,2.83,6.36,4.28
01/09/2022 04:05 p. m.,Ordeño,06:23,14.31,2,,,,,0,,1.02,0.96,1.02,1.02,0,0,0,0,4.56,4.55,4.59,4.59,VMS 1,,Tanque,,1.38,1.56,1.44,1.50,2.54,3.20,4.24,4.33
02/09/2022 12:43 a. m.,Ordeño,05:34,10.19,1,,,,,0,,1.14,0.84,1.08,0.96,0,0,0,0,4.64,4.62,4.71,4.71,VMS 1,,Tanque,,1.44,1.20,1.50,1.38,1.77,2.27,3.04,3.11
02/09/2022 08:20 a. m.,Ordeño,05:20,9.10,2,,,,,0,,1.08,0.84,1.08,0.96,0,0,0,0,4.77,4.68,4.71,4.81,VMS 1,,Tanque,,1.44,1.26,1.50,1.44,1.58,2.08,2.70,2.74
02/09/2022 10:13 p. m.,Ordeño,07:04,16.10,3,,,,,0,,1.26,0.90,1.08,1.02,0,0,0,0,4.71,4.68,4.71,4.80,VMS 1,,Tanque,,1.62,1.32,1.50,1.44,2.64,3.73,4.84,4.89
03/09/2022 07:27 a. m.,Ordeño,06:08,11.48,1,,,,,0,,1.20,0.84,1.08,1.02,0,0,0,0,4.64,4.62,4.71,4.79,VMS 1,,Tanque,,1.68,1.20,1.44,1.50,1.95,2.56,3.45,3.52
03/09/2022 11:51 p. m.,Ordeño,07:47,18.94,2,,,,,0,,1.26,0.96,1.26,1.14,0,0,0,0,4.39,4.67,4.79,4.78,VMS 1,,Tanque,,1.80,1.38,1.68,1.62,2.26,4.61,6.02,6.05
04/09/2022 10:20 a. m.,Ordeño,06:16,13.19,1,,,,,0,,1.08,0.84,1.02,0.96,0,0,0,0,4.67,4.59,4.72,4.71,VMS 1,,Tanque,,1.44,1.26,1.38,1.26,2.36,2.96,3.88,3.99
04/09/2022 07:33 p. m.,Ordeño,06:05,11.21,2,,,,,0,,1.08,0.90,1.02,0.90,0,0,0,0,4.56,4.50,4.59,4.65,VMS 1,,Tanque,,1.38,1.32,1.38,1.26,1.95,2.46,3.36,3.44
05/09/2022 03:55 a. m.,Ordeño,05:21,10.41,1,,,,,0,,1.08,0.84,1.02,0.96,0,0,0,0,4.77,4.50,4.71,4.65,VMS 1,,Tanque,,1.44,1.20,1.38,1.38,1.77,2.35,3.11,3.18
05/09/2022 06:10 p. m.,Ordeño,07:26,17.66,2,,,,,0,,1.26,0.96,1.08,1.02,0,0,0,0,4.84,4.59,4.77,4.70,VMS 1,,Tanque,,1.74,1.38,1.62,1.32,3.09,3.89,5.37,5.31
06/09/2022 03:00 a. m.,Ordeño,05:42,10.73,1,,,,,0,,1.14,0.84,0.96,0.96,0,0,0,0,4.56,4.45,4.49,4.51,VMS 1,,Tanque,,1.56,1.20,1.50,1.32,1.79,2.43,3.20,3.31
06/09/2022 01:02 p. m.,Ordeño,06:19,12.16,2,,,,,0,,1.08,0.84,0.96,1.02,0,0,0,0,4.76,4.65,4.76,4.86,VMS 1,,Tanque,,1.44,1.20,1.38,1.44,2.08,2.66,3.66,3.76
07/09/2022 02:17 a. m.,Ordeño,07:36,16.84,1,,,,,0,,1.20,0.90,1.02,1.02,0,0,0,0,4.84,4.80,4.83,4.83,VMS 1,,Tanque,,1.62,1.44,1.50,1.44,2.85,3.71,5.21,5.07
09/09/2022 03:02 a. m.,Ordeño,06:24,10.99,1,,,,,0,,0.96,1.08,1.02,1.08,0,0,0,0,4.45,4.39,4.55,4.50,VMS 1,,Tanque,,1.50,1.62,1.44,1.44,2.01,2.40,3.27,3.31
09/09/2022 10:54 a. m.,Ordeño,05:12,9.39,2,,,,,0,,1.02,1.02,1.02,1.02,0,0,0,0,4.60,4.61,4.68,4.68,VMS 1,,Tanque,,1.44,1.44,1.38,1.38,1.64,2.04,2.88,2.83
10/09/2022 12:25 a. m.,Ordeño,06:59,15.65,1,,,,,0,,1.02,0.96,1.08,1.02,0,0,0,0,4.71,4.48,4.63,4.61,VMS 1,,Tanque,,1.44,1.38,1.56,1.44,2.74,3.26,4.84,4.81
10/09/2022 09:57 a. m.,Ordeño,05:49,11.40,2,,,,,0,,1.14,0.90,1.02,1.08,0,0,0,0,4.59,4.41,4.55,4.47,VMS 1,,Tanque,,1.44,1.32,1.44,1.44,1.95,2.57,3.39,3.49
10/09/2022 11:58 p. m.,Ordeño,06:50,16.67,1,,,,,0,,1.20,0.96,1.14,1.14,0,0,0,0,4.61,4.66,4.75,4.74,VMS 1,,Tanque,,1.62,1.32,1.56,1.62,2.32,3.90,5.18,5.27
11/09/2022 09:40 a. m.,Ordeño,05:29,11.32,2,,,,,0,,1.14,0.90,1.08,1.02,0,0,0,0,4.33,4.26,4.38,4.38,VMS 1,,Tanque,,1.50,1.38,1.50,1.56,1.90,2.59,3.35,3.48
12/09/2022 12:44 a. m.,Ordeño,07:41,16.26,1,,,,,0,,1.08,0.84,1.08,1.02,0,0,0,0,4.44,4.47,4.54,4.58,VMS 1,,Tanque,,1.44,1.26,1.50,1.32,2.15,3.71,5.17,5.23
12/09/2022 03:10 p. m.,Ordeño,07:26,16.99,2,,,,,0,,1.08,0.84,1.02,0.96,0,0,0,0,4.65,4.53,4.63,4.62,VMS 1,,Tanque,,1.44,1.26,1.56,1.38,2.95,3.81,5.15,5.08
13/09/2022 03:01 a. m.,Ordeño,06:21,14.57,1,,,,,0,,1.20,0.84,1.20,1.08,0,0,0,0,4.56,4.39,4.64,4.63,VMS 1,,Tanque,,1.62,1.26,1.56,1.62,2.32,3.28,4.45,4.52
13/09/2022 11:51 a. m.,Ordeño,05:36,11.32,2,,,,,0,,1.08,0.84,1.02,1.02,0,0,0,0,4.76,4.54,4.69,4.84,VMS 1,,Tanque,,1.44,1.20,1.44,1.38,1.99,2.57,3.33,3.43
14/09/2022 12:15 a. m.,Ordeño,06:40,14.33,1,,,,,0,,1.02,0.84,1.02,1.02,0,0,0,0,4.91,4.87,4.96,4.96,VMS 1,,Tanque,,1.38,1.20,1.38,1.38,2.39,3.17,4.41,4.36
14/09/2022 08:26 a. m.,Ordeño,05:38,11.01,2,,,,,0,,1.08,0.84,1.02,1.08,0,0,0,0,4.64,4.55,4.69,4.75,VMS 1,,Tanque,,1.38,1.20,1.44,1.50,1.83,2.46,3.43,3.29
14/09/2022 05:46 p. m.,Ordeño,05:37,10.81,3,,,,,0,,1.14,0.78,1.02,1.02,0,0,0,0,4.97,4.74,4.94,4.98,VMS 1,,Tanque,,1.56,1.44,1.50,1.50,1.88,2.37,3.35,3.21
15/09/2022 07:38 a. m.,Ordeño,07:20,16.32,1,,,,,0,,1.14,0.96,1.02,1.02,0,0,0,0,4.83,4.64,4.85,4.84,VMS 1,,Tanque,,1.56,1.26,1.44,1.38,2.72,3.21,5.11,5.28
15/09/2022 04:57 p. m.,Ordeño,06:04,11.78,2,,,,,0,,1.14,0.90,0.96,1.08,0,0,0,0,4.66,4.63,4.67,4.67,VMS 1,,Tanque,,1.68,1.20,1.32,1.50,2.09,2.56,3.57,3.56
17/09/2022 02:20 a. m.,Ordeño,08:02,16.76,1,,,,,0,TI,1.02,0.96,1.32,1.02,0,0,0,0,4.47,4.39,5.42,4.49,VMS 1,,Tanque,,1.38,1.44,1.74,1.44,2.44,2.93,7.33,4.06
17/09/2022 07:42 p. m.,Ordeño,09:40,17.60,2,,,,,0,,1.02,1.02,0.96,1.02,0,0,0,0,4.65,4.54,4.68,4.56,VMS 1,,Tanque,,1.68,1.68,1.38,1.50,3.64,4.37,3.44,6.15
18/09/2022 07:30 a. m.,Ordeño,06:28,13.36,1,,,,,0,,1.02,0.96,1.02,1.02,0,0,0,0,4.31,4.35,4.84,4.46,VMS 1,,Tanque,,1.44,1.38,1.38,1.50,2.75,3.30,2.98,4.33
18/09/2022 05:11 p. m.,Ordeño,05:52,10.23,2,,,,,0,,0.90,0.96,0.96,1.02,0,0,0,0,4.28,4.40,4.92,4.49,VMS 1,,Tanque,,1.26,1.26,1.32,1.38,1.91,2.30,2.72,3.30
19/09/2022 06:35 a. m.,Ordeño,07:10,16.17,1,,,,,0,,1.14,0.96,1.02,1.08,0,0,0,0,4.90,4.67,5.23,4.90,VMS 1,,Tanque,,1.50,1.32,1.44,1.44,2.98,3.35,4.60,5.24
19/09/2022 07:45 p. m.,Ordeño,06:14,15.42,2,,,,,0,,1.20,1.02,1.20,1.26,0,0,0,0,4.58,4.37,4.98,4.63,VMS 1,,Tanque,,1.68,1.50,1.62,1.62,2.87,3.08,4.68,4.79
20/09/2022 07:00 a. m.,Ordeño,06:34,13.62,1,,,,,0,,1.02,0.96,0.96,1.08,0,0,0,0,4.46,4.38,4.71,4.47,VMS 1,,Tanque,,1.44,1.38,1.44,1.44,2.36,3.12,3.87,4.27
20/09/2022 02:38 p. m.,Ordeño,04:53,7.46,2,,,,,0,,0.90,0.84,0.96,0.96,0,0,0,0,4.34,4.25,4.63,4.27,VMS 1,,Tanque,,1.26,1.14,1.38,1.38,1.26,1.67,2.30,2.23
21/09/2022 06:38 a. m.,Ordeño,06:56,17.67,1,,,,,0,,1.08,1.02,1.26,1.14,0,0,0,0,4.54,4.63,4.88,4.78,VMS 1,,Tanque,,1.56,1.32,1.74,1.68,2.42,4.16,5.54,5.55
22/09/2022 12:58 a. m.,Ordeño,08:01,19.66,1,,DD,,,0,,1.08,1.02,1.08,1.20,0,0,0,0,4.52,4.52,4.81,4.78,VMS 1,,Tanque,,1.50,1.56,1.56,1.56,2.96,4.24,6.22,6.24
22/09/2022 11:37 a. m.,Ordeño,08:38,13.21,2,,,,,0,,1.08,0.90,1.02,1.02,0,0,0,0,4.71,4.47,4.69,4.56,VMS 1,,Tanque,,1.50,1.32,1.38,1.44,2.30,3.01,3.95,3.95
22/09/2022 10:38 p. m.,Ordeño,06:23,12.80,3,,,,,0,,1.14,1.02,1.14,1.14,0,0,0,0,4.81,4.68,4.83,4.84,VMS 1,,Tanque,,1.56,1.32,1.56,1.50,2.14,2.95,3.79,3.92
23/09/2022 12:58 p. m.,Ordeño,07:36,16.62,1,,,,,0,,1.20,1.08,1.14,1.08,0,0,0,0,4.48,4.38,4.58,4.52,VMS 1,,Tanque,,1.62,1.50,1.50,1.68,2.85,3.79,5.01,4.97
24/09/2022 06:44 a. m.,Ordeño,07:12,17.98,1,,,,,0,,1.26,1.08,1.20,1.14,0,0,0,0,4.56,4.39,4.55,4.65,VMS 1,,Tanque,,1.68,1.56,1.56,1.50,3.13,3.50,5.59,5.76
24/09/2022 04:20 p. m.,Ordeño,05:33,10.95,2,,DD,,,0,,1.02,0.90,1.02,1.08,0,0,0,0,4.39,4.47,4.43,4.48,VMS 1,,Tanque,,1.44,1.50,1.38,1.44,1.80,2.50,3.41,3.24
25/09/2022 03:43 a. m.,Ordeño,06:20,13.73,1,,,,,0,,1.14,0.96,1.02,1.14,0,0,0,0,4.72,4.68,4.68,4.75,VMS 1,,Tanque,,1.62,1.32,1.44,1.50,2.19,3.21,4.08,4.25
25/09/2022 11:25 p. m.,Ordeño,07:41,21.13,2,,,,,0,,1.14,1.08,1.32,1.20,0,0,0,0,4.71,4.34,4.70,4.67,VMS 1,,Tanque,,1.44,1.74,1.74,1.62,4.41,3.95,7.11,5.66
27/09/2022 11:49 a. m.,Ordeño,06:28,15.96,1,,,,,0,,1.26,0.96,1.14,1.14,0,0,0,0,4.74,4.52,4.54,4.69,VMS 1,,Tanque,,1.62,1.44,1.50,1.56,2.76,3.71,4.79,4.70
28/09/2022 04:23 a. m.,Ordeño,07:10,18.61,1,,,,,0,,1.26,1.08,1.32,1.20,0,0,0,0,4.63,4.50,4.66,4.63,VMS 1,,Tanque,,1.68,1.50,1.62,1.56,2.77,4.49,5.65,5.70
28/09/2022 05:37 p. m.,Ordeño,06:35,15.57,2,,,,,0,,1.02,0.96,1.14,1.02,0,0,0,0,4.66,4.52,4.70,4.68,VMS 1,,Tanque,,1.38,1.44,1.56,1.50,2.88,3.50,4.60,4.59
29/09/2022 04:43 a. m.,Ordeño,05:43,13.31,1,,,,,0,,1.26,1.02,1.20,1.20,0,0,0,0,4.37,4.55,4.67,4.84,VMS 1,,Tanque,,1.74,1.68,1.68,1.50,2.03,3.10,4.00,4.18
30/09/2022 12:15 a. m.,Ordeño,07:53,20.12,1,,,,,0,,1.20,1.08,1.32,1.26,0,0,0,0,4.42,4.44,4.82,4.88,VMS 1,,Tanque,,1.68,1.38,1.74,1.68,2.55,3.91,6.82,6.84
30/09/2022 09:58 a. m.,Ordeño,06:22,11.75,2,,,,,0,,1.02,0.90,1.08,1.02,0,0,0,0,4.56,4.55,4.57,4.48,VMS 1,,Tanque,,1.50,1.44,1.56,1.44,2.00,2.70,3.42,3.63
01/10/2022 01:37 a. m.,Ordeño,07:16,18.04,1,,,,,0,,1.08,0.96,1.08,1.02,0,0,0,0,4.43,4.53,4.63,4.64,VMS 1,,Tanque,,1.68,1.32,1.44,1.38,2.93,4.25,5.46,5.40
01/10/2022 10:25 a. m.,Ordeño,06:05,10.87,2,,,,,0,,1.14,0.96,0.90,0.90,0,0,0,0,4.33,4.30,4.42,4.43,VMS 1,,Tanque,,1.50,1.44,1.44,1.38,2.01,2.45,3.28,3.13
02/10/2022 06:43 a. m.,Ordeño,07:39,19.84,1,,,,,0,TD,1.44,1.08,1.50,1.32,0,0,0,0,4.29,4.23,4.80,4.90,VMS 1,,Tanque,,1.80,1.50,1.86,1.86,2.61,3.76,6.32,7.15
02/10/2022 01:58 p. m.,Ordeño,04:50,7.57,2,,,,,0,,1.20,0.90,1.08,0.96,0,0,0,0,4.21,4.15,4.28,4.32,VMS 1,,Tanque,,1.56,1.32,1.56,1.44,1.33,1.84,2.18,2.22
03/10/2022 02:35 a. m.,Ordeño,06:23,13.82,1,,,,,0,,1.14,1.08,1.08,1.08,0,0,0,0,4.71,4.36,4.74,4.82,VMS 1,,Tanque,,1.56,1.44,1.50,1.56,2.54,2.43,4.45,4.40
03/10/2022 02:58 p. m.,Ordeño,06:37,15.78,2,,,,,0,,1.20,1.02,1.14,1.14,0,0,0,0,4.98,4.83,4.95,5.00,VMS 1,,Tanque,,1.56,1.38,1.68,1.56,2.80,3.65,4.72,4.61
04/10/2022 04:32 a. m.,Ordeño,06:38,17.62,1,,,,,0,,1.38,1.08,1.26,1.20,0,0,0,0,4.65,4.57,4.70,4.70,VMS 1,,Tanque,,1.74,1.50,1.62,1.74,2.76,4.04,5.52,5.30
04/10/2022 05:45 p. m.,Ordeño,06:41,16.41,2,,,,,0,,1.26,1.14,1.20,1.20,0,0,0,0,4.57,4.47,4.71,4.67,VMS 1,,Tanque,,1.62,1.44,1.74,1.56,3.03,3.60,4.88,4.90
05/10/2022 03:18 a. m.,Ordeño,05:49,11.99,1,,,,,0,,1.32,1.02,1.08,1.02,0,0,0,0,4.64,4.46,4.55,4.58,VMS 1,,Tanque,,1.74,1.44,1.56,1.56,2.09,2.73,3.65,3.52
05/10/2022 04:10 p. m.,Ordeño,07:02,15.82,2,,,,,0,,1.32,1.02,1.02,1.08,0,0,0,0,4.52,4.46,4.51,4.60,VMS 1,,Tanque,,1.74,1.44,1.44,1.44,2.74,3.65,4.72,4.71
05/10/2022 11:47 p. m.,Ordeño,05:32,8.69,3,,,,,0,,1.02,0.84,0.84,0.90,0,0,0,0,4.52,4.37,4.52,4.54,VMS 1,,Tanque,,1.38,1.20,1.26,1.26,1.52,1.92,2.63,2.62
06/10/2022 09:17 a. m.,Ordeño,06:22,12.45,1,,,,,0,,1.08,0.96,0.90,0.90,0,0,0,0,4.72,4.67,4.78,4.71,VMS 1,,Tanque,,1.44,1.50,1.32,1.26,2.22,2.87,3.69,3.67
07/10/2022 01:53 p. m.,Ordeño,08:59,21.75,1,,,,,0,TI,1.20,1.02,1.14,1.20,0,0,0,0,4.56,4.22,5.08,4.77,VMS 1,,Tanque,,1.74,1.44,1.56,1.62,3.69,4.27,6.85,6.94
08/10/2022 01:34 a. m.,Ordeño,07:24,11.88,1,,,,,0,,0.96,0.96,0.90,0.90,0,0,0,0,4.41,4.23,4.51,4.40,VMS 1,,Tanque,,1.38,1.38,1.38,1.32,2.15,3.09,3.40,3.24
08/10/2022 04:28 p. m.,Ordeño,07:10,16.00,2,,,,,0,,1.14,1.02,0.96,1.02,0,0,0,0,4.73,4.50,4.88,4.85,VMS 1,,Tanque,,1.56,1.38,1.38,1.32,3.00,4.03,4.58,4.39
09/10/2022 04:43 a. m.,Ordeño,06:51,12.77,1,,,,,0,,1.02,1.02,0.90,0.96,0,0,0,0,4.46,4.22,4.58,4.50,VMS 1,,Tanque,,1.38,1.44,1.38,1.44,2.22,2.99,3.82,3.74
09/10/2022 10:37 p. m.,Ordeño,07:42,16.88,2,,,,,0,,1.26,0.96,1.08,1.02,0,0,0,0,4.39,4.38,4.60,4.58,VMS 1,,Tanque,,1.80,1.38,1.50,1.38,2.45,4.01,5.28,5.14
11/10/2022 08:42 a. m.,Ordeño,08:07,20.27,1,,,,,0,,1.26,1.20,1.26,1.26,0,0,0,0,4.40,4.31,4.98,4.80,VMS 1,,Tanque,,1.62,1.50,1.62,1.68,3.43,4.16,7.20,5.48
11/10/2022 06:16 p. m.,Ordeño,05:05,9.24,2,,,,,0,,1.14,1.02,1.08,1.08,0,0,0,0,4.41,4.39,4.63,4.59,VMS 1,,Tanque,,1.56,1.44,1.44,1.44,1.85,2.43,2.53,2.43
13/10/2022 12:22 a. m.,Ordeño,06:11,8.55,1,,,,,0,,1.14,0.96,0.96,0.96,0,0,0,0,4.28,4.22,4.54,4.58,VMS 1,,Tanque,,1.62,1.26,1.44,1.38,1.60,2.00,2.61,2.34
13/10/2022 05:03 p. m.,Ordeño,07:29,18.49,2,,,,,0,,1.26,1.14,1.14,1.26,0,0,0,0,5.07,4.81,5.15,5.07,VMS 1,,Tanque,,1.62,1.62,1.50,1.68,3.43,4.23,5.56,5.27
14/10/2022 03:23 a. m.,Ordeño,06:22,11.99,1,,,,,0,,1.14,0.96,1.02,1.02,0,0,0,0,4.31,4.33,4.59,4.59,VMS 1,,Tanque,,1.74,1.32,1.38,1.44,1.85,2.96,3.75,3.43
14/10/2022 06:18 p. m.,Ordeño,07:31,17.79,2,,,,,0,,1.26,1.08,1.14,1.20,0,0,0,0,4.72,4.80,5.06,5.05,VMS 1,,Tanque,,1.62,1.50,1.56,1.50,2.48,4.37,5.52,5.42
15/10/2022 09:07 a. m.,Ordeño,07:58,17.59,1,,,,,0,,1.26,1.08,1.02,1.20,0,0,0,0,4.65,4.53,4.78,4.93,VMS 1,,Tanque,,1.92,1.50,1.50,1.56,2.74,3.64,5.77,5.44
16/10/2022 02:23 a. m.,Ordeño,07:59,21.46,1,,,,,0,,1.32,1.08,1.14,1.26,0,0,0,0,4.65,4.68,4.91,4.92,VMS 1,,Tanque,,1.74,1.44,1.56,1.80,3.48,5.06,6.56,6.36
16/10/2022 03:28 p. m.,Ordeño,06:25,14.96,2,,,,,0,,1.26,1.14,1.08,1.14,0,0,0,0,4.59,4.42,4.56,4.64,VMS 1,,Tanque,,1.62,1.50,1.50,1.56,2.79,3.30,4.44,4.43
17/10/2022 10:08 a. m.,Ordeño,06:45,19.48,1,,,,,0,,1.32,1.08,1.44,1.32,0,0,0,0,4.43,4.20,4.52,4.60,VMS 1,,Tanque,,1.74,1.50,1.86,1.74,3.18,3.84,6.10,6.36
17/10/2022 11:47 p. m.,Ordeño,06:35,15.01,2,,,,,0,,1.14,1.02,1.08,1.02,0,0,0,0,4.30,4.20,4.31,4.28,VMS 1,,Tanque,,1.56,1.44,1.50,1.44,2.67,3.39,4.54,4.41
19/10/2022 01:07 a. m.,Ordeño,08:51,22.53,1,,,,,0,TD,1.26,1.02,1.14,1.26,0,0,0,0,4.17,3.94,3.99,4.58,VMS 1,,Tanque,,1.80,1.62,1.80,1.50,3.21,5.02,7.42,6.88
19/10/2022 10:10 p. m.,Ordeño,07:56,20.53,2,,DD,,,0,,1.32,1.02,1.32,1.14,0,0,0,0,3.95,4.19,4.53,4.56,VMS 1,,Tanque,,1.86,1.62,1.80,1.50,2.23,5.01,6.70,6.59
21/10/2022 01:51 a. m.,Ordeño,08:09,21.56,1,,,,,0,TI,1.14,1.02,1.32,1.32,0,0,0,0,4.20,4.13,4.93,4.55,VMS 1,,Tanque,,1.62,1.56,1.74,1.98,2.96,4.38,7.76,6.46
22/10/2022 09:27 a. m.,Ordeño,08:29,21.15,1,,,,,0,TI,1.26,1.08,1.32,1.20,0,0,0,0,4.05,3.99,5.00,4.59,VMS 1,,Tanque,,1.86,1.44,1.98,1.62,3.13,4.62,7.04,6.36
23/10/2022 05:16 p. m.,Ordeño,08:31,23.44,1,,DI,,,0,,1.38,1.26,1.26,1.20,0,0,0,0,4.75,4.43,5.01,4.64,VMS 1,,Tanque,,1.80,1.62,1.62,1.62,4.42,6.04,6.92,6.06
24/10/2022 08:13 a. m.,Ordeño,06:52,12.97,1,,,,,0,,1.14,1.08,0.90,1.02,0,0,0,0,4.41,4.09,4.50,4.42,VMS 1,,Tanque,,1.62,1.56,1.20,1.56,2.56,3.34,3.24,3.83
25/10/2022 04:13 a. m.,Ordeño,07:14,19.46,1,,,,,0,,1.20,1.20,1.14,1.32,0,0,0,0,4.54,4.48,5.01,4.94,VMS 1,,Tanque,,1.62,1.56,1.56,1.68,3.11,4.42,5.68,6.25
27/10/2022 10:04 a. m.,Ordeño,07:03,17.18,1,,DI,,,0,,1.26,1.14,1.08,1.14,0,0,0,0,4.56,4.30,4.60,4.50,VMS 1,,Tanque,,1.74,1.68,1.56,1.56,2.88,3.89,5.17,5.24
27/10/2022 09:03 p. m.,Ordeño,06:02,11.61,2,,,,,0,,1.26,1.08,1.14,1.02,0,0,0,0,4.40,4.19,4.36,4.33,VMS 1,,Tanque,,1.68,1.50,1.56,1.44,2.60,2.48,3.24,3.29
28/10/2022 04:34 p. m.,Ordeño,08:25,22.48,1,,,,,0,,1.32,1.14,1.08,1.26,0,0,0,0,4.61,4.62,4.83,4.77,VMS 1,,Tanque,,1.80,1.68,1.50,1.68,3.99,5.59,6.50,6.40
29/10/2022 04:10 a. m.,Ordeño,06:21,12.85,1,,DI,,,0,,1.14,1.08,0.96,1.08,0,0,0,0,4.49,4.32,4.50,4.37,VMS 1,,Tanque,,1.62,1.62,1.26,1.44,1.99,3.15,3.80,3.91
29/10/2022 10:33 p. m.,Ordeño,08:37,19.85,2,,DD,,,0,,1.20,1.08,1.02,1.20,0,0,0,0,4.49,4.22,4.66,4.66,VMS 1,,Tanque,,1.68,1.68,1.38,1.68,4.13,3.78,5.98,5.96
30/10/2022 05:48 a. m.,Ordeño,06:23,9.25,1,,,,,0,,0.84,0.96,0.78,0.90,0,0,0,0,3.99,3.99,4.12,4.12,VMS 1,,Tanque,,1.26,1.50,1.14,1.32,1.66,2.18,2.71,2.70
31/10/2022 09:38 p. m.,Ordeño,06:43,17.69,2,,,,,0,,1.14,1.26,1.20,1.32,0,0,0,0,4.41,4.36,4.58,4.55,VMS 1,,Tanque,,1.68,1.92,1.74,1.80,2.68,4.40,5.28,5.33
01/11/2022 09:38 a. m.,Ordeño,05:47,11.55,1,,,,,0,,1.08,1.08,1.02,1.14,0,0,0,0,4.30,4.15,4.38,4.27,VMS 1,,Tanque,,1.56,1.50,1.44,1.56,2.12,2.81,3.37,3.25
02/11/2022 07:33 a. m.,Ordeño,10:21,19.15,1,,DI,,,0,,1.26,1.26,1.14,1.44,0,0,0,0,4.55,4.31,4.62,4.55,VMS 1,,Tanque,,1.80,1.74,1.56,2.16,2.29,4.85,6.37,5.64
05/11/2022 10:05 a. m.,Ordeño,05:53,11.21,1,,,,,0,,1.20,1.02,1.14,1.20,0,0,0,0,4.48,4.22,4.48,4.63,VMS 1,,Tanque,,1.62,1.50,1.50,1.56,2.07,2.58,3.32,3.24
06/11/2022 07:15 a. m.,Ordeño,07:25,17.66,1,,,,,0,,1.38,1.14,1.14,1.20,0,0,0,0,4.56,4.17,4.69,4.74,VMS 1,,Tanque,,1.74,1.56,1.56,1.62,3.16,3.11,5.75,5.64
09/11/2022 11:51 p. m.,Ordeño,07:24,17.02,2,,,,,0,,1.14,1.02,1.08,1.08,0,0,0,0,4.56,4.34,4.59,4.73,VMS 1,,Tanque,,1.56,1.56,1.56,1.74,2.88,3.49,5.44,5.21
10/11/2022 02:54 p. m.,Ordeño,06:52,15.67,1,,,,,0,,1.08,1.08,1.08,1.08,0,0,0,0,4.77,4.66,4.74,4.86,VMS 1,,Tanque,,1.56,1.74,1.50,1.44,2.76,3.79,4.60,4.52
11/11/2022 09:43 p. m.,Ordeño,10:39,28.22,1,,DD,,,0,,1.32,1.20,1.14,1.20,0,0,0,0,5.39,4.76,5.30,5.60,VMS 1,,Tanque,,1.62,1.74,1.50,1.62,4.62,5.70,9.14,8.76
12/11/2022 02:29 p. m.,Ordeño,06:51,13.97,1,,,,,0,,1.08,0.96,0.96,1.02,0,0,0,0,4.65,4.50,4.51,4.71,VMS 1,,Tanque,,1.50,1.50,1.38,1.50,2.66,3.50,4.18,3.63
13/11/2022 12:39 a. m.,Ordeño,06:32,9.99,1,,,,,0,,0.96,0.90,0.84,0.90,0,0,0,0,4.37,4.32,4.36,4.57,VMS 1,,Tanque,,1.38,1.26,1.32,1.32,1.91,2.44,2.90,2.74
13/11/2022 08:43 a. m.,Ordeño,05:30,8.85,2,,,,,0,,1.02,0.90,0.96,0.90,0,0,0,0,4.82,4.74,4.80,5.00,VMS 1,,Tanque,,1.38,1.26,1.38,1.26,1.58,2.11,2.55,2.61
13/11/2022 05:14 p. m.,Ordeño,05:17,8.88,3,,,,,0,,1.20,0.96,1.02,1.08,0,0,0,0,4.84,4.73,4.96,4.98,VMS 1,,Tanque,,1.80,1.44,1.38,1.38,1.46,2.11,2.70,2.61
14/11/2022 09:27 a. m.,Ordeño,07:33,18.97,1,,,,,0,,1.20,1.08,1.08,1.20,0,0,0,0,5.09,5.02,5.22,5.30,VMS 1,,Tanque,,1.56,1.50,1.56,1.62,3.10,4.60,5.74,5.53
15/11/2022 12:49 a. m.,Ordeño,07:32,16.69,1,,,,,0,,1.20,0.96,1.08,1.14,0,0,0,0,4.50,4.51,4.80,4.89,VMS 1,,Tanque,,1.68,1.38,1.56,1.56,2.28,4.07,5.30,5.04
15/11/2022 05:32 p. m.,Ordeño,08:34,18.76,2,,,,,0,,1.20,1.02,1.02,1.14,0,0,0,0,4.53,4.36,4.52,4.68,VMS 1,,Tanque,,1.62,1.44,1.44,1.50,3.29,4.57,5.59,5.31
16/11/2022 09:17 a. m.,Ordeño,07:52,16.21,1,,,,,0,,1.08,0.96,0.96,1.02,0,0,0,0,4.29,4.22,4.36,4.42,VMS 1,,Tanque,,1.50,1.38,1.50,1.44,2.59,3.95,4.96,4.71
17/11/2022 06:56 a. m.,Ordeño,08:29,22.25,1,,,,,0,,1.32,1.14,1.20,1.26,0,0,0,0,4.51,4.42,4.65,4.79,VMS 1,,Tanque,,1.68,1.50,1.62,1.68,3.27,5.42,6.84,6.72
17/11/2022 02:20 p. m.,Ordeño,05:11,7.22,2,,,,,0,,1.14,0.90,1.02,1.02,317,0,0,0,4.22,3.98,4.10,4.12,VMS 1,,Tanque,,1.56,1.38,1.56,1.38,1.37,1.76,2.20,1.89
18/11/2022 12:39 a. m.,Ordeño,05:55,10.98,1,,,,,0,,1.20,1.02,1.02,1.08,0,0,0,0,4.50,4.38,4.52,4.64,VMS 1,,Tanque,,1.62,1.50,1.56,1.50,2.03,2.57,3.26,3.12
19/11/2022 12:08 a. m.,Ordeño,08:17,21.24,1,,,,,0,,1.38,1.14,1.02,1.20,0,0,0,0,4.53,4.51,4.55,4.29,VMS 1,,Tanque,,1.80,1.56,1.50,1.62,3.55,5.04,6.87,5.78
20/11/2022 03:21 p. m.,Ordeño,07:50,17.84,1,,,,,0,,1.02,1.02,1.02,1.14,0,0,0,0,4.37,4.35,4.42,4.61,VMS 1,,Tanque,,1.44,1.50,1.50,1.56,3.35,4.25,5.42,4.82
20/11/2022 11:35 p. m.,Ordeño,05:35,8.35,2,,,,,0,,0.96,0.90,1.14,1.08,0,0,0,0,4.34,4.16,4.39,4.46,VMS 1,,Tanque,,1.38,1.26,1.74,1.56,1.52,1.99,2.53,2.31
22/11/2022 10:40 a. m.,Ordeño,08:56,20.20,1,,,,,0,TI,1.26,1.08,1.20,1.20,0,0,0,0,4.38,4.30,5.07,4.61,VMS 1,,Tanque,,1.74,1.56,1.74,1.56,3.86,4.05,7.52,4.77
22/11/2022 07:05 p. m.,Ordeño,07:09,7.15,2,,,,,0,,1.08,1.02,0.90,1.02,0,0,0,0,4.12,4.05,4.19,4.40,VMS 1,,Tanque,,1.56,1.44,1.32,1.44,1.58,1.75,1.85,1.97
23/11/2022 09:01 a. m.,Ordeño,06:51,14.10,1,,,,,0,,1.14,1.08,1.02,1.08,0,0,0,0,4.64,4.57,4.94,4.94,VMS 1,,Tanque,,1.50,1.50,1.38,1.56,2.65,3.52,3.95,3.98
24/11/2022 01:46 a. m.,Ordeño,06:52,16.77,1,,,,,0,,1.32,1.02,1.14,1.20,0,0,0,0,4.73,4.74,5.16,5.07,VMS 1,,Tanque,,1.74,1.44,1.56,1.62,2.69,4.10,5.00,4.98
25/11/2022 06:43 a. m.,Ordeño,06:07,12.67,1,,,,,0,,1.26,0.96,1.02,1.14,0,0,0,0,4.48,4.39,4.70,4.64,VMS 1,,Tanque,,1.74,1.44,1.44,1.50,2.19,3.13,3.71,3.64
26/11/2022 01:25 p. m.,Ordeño,08:22,19.77,1,,,,,0,,1.20,1.08,1.26,1.20,0,0,0,0,4.70,4.36,5.11,4.80,VMS 1,,Tanque,,1.62,1.50,1.74,1.56,3.84,4.03,6.66,5.24
27/11/2022 02:46 a. m.,Ordeño,06:21,10.71,1,,,,,0,,1.14,1.02,0.96,1.14,0,0,0,0,4.37,4.23,4.55,4.41,VMS 1,,Tanque,,1.56,1.50,1.38,1.50,1.87,2.77,3.01,3.06
27/11/2022 02:59 p. m.,Ordeño,06:25,8.98,2,,,,,0,,1.02,1.02,0.96,1.08,0,0,0,0,4.37,4.30,4.71,4.63,VMS 1,,Tanque,,1.38,1.44,1.44,1.44,1.60,2.37,2.37,2.64
28/11/2022 06:05 a. m.,Ordeño,07:10,13.25,1,,,,,0,,1.20,0.96,0.84,1.08,0,0,0,0,4.60,4.43,4.81,4.78,VMS 1,,Tanque,,1.50,1.38,1.26,1.56,2.25,3.27,3.86,3.87
29/11/2022 10:09 a. m.,Ordeño,07:17,20.76,1,,,,,0,,1.26,1.02,1.32,1.26,0,0,0,0,4.85,4.33,5.18,5.14,VMS 1,,Tanque,,1.80,1.38,1.80,1.56,3.59,4.42,6.72,6.03
30/11/2022 01:12 a. m.,Ordeño,06:32,11.26,1,,,,,0,,1.02,0.96,0.90,1.02,0,0,0,0,4.45,4.38,4.72,4.74,VMS 1,,Tanque,,1.38,1.38,1.32,1.50,1.99,3.00,3.24,3.03
30/11/2022 01:38 p. m.,Ordeño,05:09,10.02,2,,,,,0,,1.08,0.96,1.26,1.20,0,0,0,0,4.45,4.31,4.73,4.72,VMS 1,,Tanque,,1.44,1.38,1.92,1.68,1.86,2.53,2.83,2.80
01/12/2022 04:23 a. m.,Ordeño,05:52,12.66,1,,,,,0,,1.20,1.02,1.08,1.20,0,0,0,0,4.50,4.44,4.89,4.93,VMS 1,,Tanque,,1.50,1.50,1.44,1.62,2.08,3.03,3.84,3.71
01/12/2022 05:37 p. m.,Ordeño,05:49,11.26,2,,,,,0,,1.20,1.02,1.02,1.14,0,0,0,0,4.31,4.24,4.66,4.61,VMS 1,,Tanque,,1.56,1.38,1.38,1.74,1.83,2.82,3.36,3.25
02/12/2022 09:16 a. m.,Ordeño,06:24,13.57,1,,,,,0,,1.20,1.14,1.02,1.20,0,0,0,0,4.44,4.32,4.57,4.68,VMS 1,,Tanque,,1.74,1.68,1.44,1.74,2.48,2.93,4.08,4.08
03/12/2022 11:29 a. m.,Ordeño,08:16,20.33,1,,,,,0,,1.08,1.08,1.14,1.14,0,0,0,0,4.46,4.44,4.73,4.80,VMS 1,,Tanque,,1.68,1.50,1.50,1.62,3.15,5.03,6.18,5.97
04/12/2022 03:42 p. m.,Ordeño,08:44,19.37,1,,,,,0,,1.14,1.08,1.02,1.26,0,0,0,0,4.53,4.37,4.71,4.95,VMS 1,,Tanque,,1.56,1.50,1.38,1.68,3.29,3.93,6.28,5.87
05/12/2022 08:45 a. m.,Ordeño,06:24,13.75,1,,,,,0,,1.14,1.08,1.02,1.14,0,0,0,0,4.54,4.41,4.63,4.65,VMS 1,,Tanque,,1.74,1.50,1.44,1.56,2.62,3.16,4.08,3.89
06/12/2022 03:11 a. m.,Ordeño,07:46,15.72,1,,,,,0,,1.02,1.02,0.90,1.08,0,0,0,0,4.66,4.52,4.84,4.94,VMS 1,,Tanque,,1.38,1.38,1.26,1.44,2.82,3.36,4.90,4.64
06/12/2022 06:03 p. m.,Ordeño,05:47,12.96,2,,,,,0,,1.20,0.96,1.08,1.14,0,0,0,0,4.70,4.51,4.74,4.81,VMS 1,,Tanque,,1.68,1.50,1.38,1.50,2.33,3.22,3.78,3.63
07/12/2022 01:54 a. m.,Ordeño,05:32,6.76,1,,,,,0,,0.96,0.84,0.66,0.96,0,0,0,0,4.40,4.24,4.20,4.37,VMS 1,,Tanque,,1.38,1.20,1.14,1.38,1.27,1.68,1.92,1.89
07/12/2022 11:06 p. m.,Ordeño,06:12,18.22,2,,,,,0,,1.44,1.08,1.44,1.38,0,0,0,0,5.05,4.61,5.08,5.29,VMS 1,,Tanque,,1.80,1.44,1.80,1.74,3.49,3.76,5.53,5.44
09/12/2022 08:36 a. m.,Ordeño,05:20,9.68,1,,,,,0,,1.20,1.02,1.08,1.26,0,0,0,0,4.35,4.19,4.37,4.44,VMS 1,,Tanque,,1.68,1.32,1.56,1.86,1.66,2.46,2.98,2.58
10/12/2022 01:48 p. m.,Ordeño,07:26,16.78,1,,,,,0,,1.32,1.14,1.20,1.26,0,0,0,0,4.51,4.20,4.43,4.62,VMS 1,,Tanque,,1.80,1.62,1.62,1.62,2.96,4.05,5.14,4.63
11/12/2022 08:23 a. m.,Ordeño,05:50,9.24,1,,,,,0,,1.20,0.90,0.96,1.08,0,0,0,0,4.21,3.95,4.19,4.19,VMS 1,,Tanque,,1.56,1.32,1.44,1.44,1.62,2.23,2.90,2.49
11/12/2022 05:49 p. m.,Ordeño,05:32,5.43,2,,,,,0,,1.02,0.90,1.08,1.02,0,0,0,0,4.27,4.06,4.27,4.49,VMS 1,,Tanque,,1.38,1.32,1.62,1.44,0.99,1.27,1.62,1.55
12/12/2022 03:51 a. m.,Ordeño,05:12,6.71,1,,,,,0,,1.14,0.84,0.90,1.14,0,0,0,0,4.42,4.27,4.52,4.41,VMS 1,,Tanque,,1.56,1.26,1.26,1.74,1.16,1.56,2.20,1.79
12/12/2022 06:18 p. m.,Ordeño,05:32,9.87,2,,,,,0,,1.08,1.02,0.96,1.02,0,0,0,0,4.48,4.48,4.61,4.73,VMS 1,,Tanque,,1.44,1.44,1.38,1.38,1.68,2.36,3.01,2.82
13/12/2022 04:08 a. m.,Ordeño,04:35,7.37,1,,,,,0,,1.14,0.90,1.20,1.14,0,0,0,0,4.74,4.52,4.66,4.78,VMS 1,,Tanque,,1.56,1.38,1.50,1.50,1.31,1.81,2.18,2.07
14/12/2022 12:27 a. m.,Ordeño,07:18,16.37,1,,,,,0,,1.32,0.96,1.02,1.08,0,0,0,0,5.08,4.69,4.93,5.12,VMS 1,,Tanque,,1.74,1.32,1.38,1.44,2.84,3.68,5.16,4.69
14/12/2022 11:31 p. m.,Ordeño,07:06,8.12,3,,,,,0,,1.02,0.78,0.90,1.02,0,0,0,0,4.36,4.30,4.40,4.77,VMS 1,,Tanque,,1.38,1.32,1.26,1.44,0.87,1.22,1.42,4.61
15/12/2022 11:33 a. m.,Ordeño,05:53,10.18,1,,,,,0,,1.14,0.84,0.96,1.02,0,0,0,0,4.76,4.46,4.68,4.46,VMS 1,,Tanque,,1.56,1.20,1.32,1.44,1.79,2.48,3.08,2.83
15/12/2022 10:58 p. m.,Ordeño,05:33,9.71,2,,,,,0,,1.08,0.96,1.14,1.02,0,0,0,0,4.62,4.51,4.64,4.59,VMS 1,,Tanque,,1.38,1.32,1.62,1.38,1.73,2.38,2.67,2.93
16/12/2022 01:55 p. m.,Ordeño,06:15,12.45,1,,,,,0,,1.08,0.90,1.02,1.14,0,0,0,0,4.61,4.46,4.60,4.69,VMS 1,,Tanque,,1.44,1.32,1.38,1.62,2.13,3.01,3.78,3.53
17/12/2022 03:13 p. m.,Ordeño,08:29,13.93,1,,DD,TD,TD,0,,1.14,1.02,1.02,0.00,0,0,0,0,4.99,4.76,4.81,0.00,VMS 1,,Tanque,,1.56,1.74,1.44,0.00,3.50,4.52,5.91,0.00
18/12/2022 01:28 a. m.,Ordeño,07:10,12.78,1,,,,,0,TD,1.02,0.84,1.02,1.32,0,0,0,0,4.22,4.12,4.32,5.50,VMS 1,,Tanque,,1.32,1.26,1.38,1.68,1.45,2.00,2.69,6.64
22/12/2022 03:44 a. m.,Ordeño,06:10,11.06,1,,,,,0,,1.14,0.90,1.02,0.96,0,0,0,0,4.46,4.26,4.51,4.33,VMS 1,,Tanque,,1.50,1.20,1.44,1.32,1.95,2.72,2.93,3.46
22/12/2022 03:30 p. m.,Ordeño,06:19,9.87,2,,,,,0,,1.02,0.84,1.02,0.96,0,0,0,0,4.46,4.44,4.52,4.80,VMS 1,,Tanque,,1.38,1.26,1.44,1.50,1.80,2.42,2.97,2.68
23/12/2022 02:10 a. m.,Ordeño,05:32,8.69,1,,,,,0,,0.96,0.78,0.96,0.90,0,0,0,0,4.31,4.28,4.38,4.45,VMS 1,,Tanque,,1.38,1.20,1.44,1.26,1.50,2.14,2.69,2.36
23/12/2022 10:57 p. m.,Ordeño,07:26,16.03,2,,,,,0,,1.14,1.02,1.02,1.08,0,0,0,0,4.75,4.46,4.82,5.00,VMS 1,,Tanque,,1.50,1.38,1.50,1.44,2.76,3.21,5.27,4.79
24/12/2022 09:26 a. m.,Ordeño,05:52,9.29,1,,,,,0,,1.14,0.96,1.02,0.84,0,0,0,0,4.44,4.33,4.47,4.39,VMS 1,,Tanque,,1.56,1.38,1.44,1.32,1.67,2.16,2.60,2.86
25/12/2022 03:48 a. m.,Ordeño,07:42,15.51,1,,,,,0,,1.26,1.02,1.02,1.14,0,0,0,0,4.56,4.59,4.70,4.77,VMS 1,,Tanque,,1.62,1.38,1.50,1.50,2.44,3.96,4.83,4.28
25/12/2022 06:05 p. m.,Ordeño,07:01,12.83,2,,,,,0,,1.14,0.84,1.02,1.08,0,0,0,0,4.57,4.32,4.44,4.57,VMS 1,,Tanque,,1.44,1.14,1.38,1.50,2.24,3.17,3.86,3.56
26/12/2022 07:17 a. m.,Ordeño,06:13,11.53,1,,,,,0,,1.26,1.02,1.08,1.08,0,0,0,0,4.43,4.41,4.45,4.60,VMS 1,,Tanque,,1.62,1.50,1.68,1.50,1.81,2.92,3.48,3.32
27/12/2022 12:55 a. m.,Ordeño,06:47,14.25,1,,,,,0,,1.20,0.96,1.02,1.14,0,0,0,0,4.51,4.34,4.51,4.67,VMS 1,,Tanque,,1.50,1.50,1.38,1.50,2.22,3.61,4.41,4.01
28/12/2022 01:33 a. m.,Ordeño,08:06,18.05,1,,,,,0,,1.08,0.96,1.08,1.08,0,0,0,0,4.24,4.48,4.65,4.79,VMS 1,,Tanque,,1.44,1.44,1.50,1.62,2.12,4.91,5.70,5.32
28/12/2022 02:10 p. m.,Ordeño,06:02,10.82,2,,,,,0,,1.14,0.90,0.84,1.02,0,0,0,0,4.18,4.17,4.18,4.35,VMS 1,,Tanque,,1.50,1.32,1.26,1.56,2.01,2.63,3.20,2.98
29/12/2022 12:19 a. m.,Ordeño,05:45,8.76,1,,,,,0,,1.02,0.90,0.84,1.02,0,0,0,0,4.38,4.36,4.43,4.38,VMS 1,,Tanque,,1.32,1.20,1.20,1.50,1.50,2.12,2.66,2.48
29/12/2022 06:10 p. m.,Ordeño,06:53,15.44,2,,,,,0,,1.20,1.02,1.08,1.14,0,0,0,0,4.88,4.64,4.89,4.82,VMS 1,,Tanque,,1.62,1.50,1.44,1.50,2.54,3.74,4.76,4.40
30/12/2022 03:09 a. m.,Ordeño,05:57,9.02,1,,,,,0,,1.32,1.02,0.90,1.08,0,0,0,0,4.40,4.39,4.48,4.48,VMS 1,,Tanque,,1.80,1.38,1.38,1.38,1.73,2.18,2.62,2.49
30/12/2022 07:00 p. m.,Ordeño,07:19,14.50,2,,,,,0,,1.20,0.90,0.90,1.02,0,0,0,0,4.79,4.59,4.83,4.89,VMS 1,,Tanque,,1.80,1.26,1.26,1.44,2.82,3.19,4.34,4.15
31/12/2022 05:35 p. m.,Ordeño,08:40,20.42,1,,,,,0,,1.20,0.96,1.02,1.14,0,0,0,0,4.88,4.47,4.90,5.05,VMS 1,,Tanque,,2.22,1.62,1.50,1.50,3.51,4.31,6.51,6.09
01/01/2023 08:17 a. m.,Ordeño,07:01,14.55,1,,,,,0,,1.20,0.96,0.96,1.08,0,0,0,0,4.48,4.39,4.49,4.59,VMS 1,,Tanque,,1.62,1.38,1.38,1.50,2.60,3.48,4.47,4.00
02/01/2023 03:05 a. m.,Ordeño,06:54,18.17,1,,,,,0,,1.14,0.96,1.44,1.26,0,0,0,0,4.56,4.17,4.24,4.79,VMS 1,,Tanque,,1.44,1.32,1.98,1.68,3.30,3.42,6.55,4.90
02/01/2023 06:01 p. m.,Ordeño,06:43,14.67,2,,,,,0,,1.02,0.96,1.08,1.20,0,0,0,0,4.40,4.29,4.49,4.17,VMS 1,,Tanque,,1.32,1.32,1.38,1.62,2.52,3.37,3.81,4.97
03/01/2023 07:43 a. m.,Ordeño,06:40,14.08,1,,,,,0,,1.02,1.02,1.08,1.20,0,0,0,0,4.31,4.27,4.35,4.62,VMS 1,,Tanque,,1.44,1.44,1.44,1.68,2.24,3.33,4.73,3.78
04/01/2023 02:02 a. m.,Ordeño,08:04,18.02,1,,TD,,,0,,1.08,0.96,1.02,1.26,398,0,0,0,4.39,4.34,4.49,4.40,VMS 1,,Tanque,,1.44,1.44,1.86,1.74,2.83,4.22,4.88,6.09
06/01/2023 04:37 a. m.,Ordeño,06:50,14.45,1,,,,,0,,1.20,0.84,1.14,1.02,0,0,0,0,4.44,4.27,4.21,4.44,VMS 1,,Tanque,,1.50,1.14,1.50,1.38,2.44,3.42,4.91,3.68
07/01/2023 04:56 a. m.,Ordeño,07:40,18.71,1,,,,,0,,1.32,1.08,1.50,1.44,0,0,0,0,4.29,4.08,4.60,4.58,VMS 1,,Tanque,,1.74,1.50,1.92,1.80,2.83,3.25,7.72,4.91
08/01/2023 11:43 a. m.,Ordeño,08:42,21.26,1,,,,,0,,1.38,1.20,1.32,1.38,0,0,0,0,4.43,4.51,4.94,4.27,VMS 1,,Tanque,,1.74,1.56,1.68,1.92,3.36,4.52,4.87,8.51
09/01/2023 01:30 p. m.,Ordeño,08:18,20.33,1,,,,,0,,1.20,1.14,1.20,1.26,0,0,0,0,4.51,4.37,4.10,4.78,VMS 1,,Tanque,,1.68,1.62,1.74,1.62,4.45,3.80,6.73,5.35
10/01/2023 08:35 a. m.,Ordeño,08:39,15.54,1,,,,,0,,1.14,1.02,1.20,1.26,0,0,0,0,4.04,4.45,4.46,4.47,VMS 1,,Tanque,,1.68,1.44,1.74,1.74,1.93,4.09,4.20,5.32
10/01/2023 05:51 p. m.,Ordeño,04:45,8.18,2,,,,,0,,1.02,1.02,1.20,1.02,0,0,0,0,4.16,4.23,4.44,4.46,VMS 1,,Tanque,,1.44,1.44,1.62,1.38,1.40,1.98,2.67,2.13
11/01/2023 08:47 a. m.,Ordeño,06:49,14.02,1,,,,,0,,1.20,1.02,1.14,1.14,0,0,0,0,4.57,4.53,4.85,4.81,VMS 1,,Tanque,,1.62,1.50,1.56,1.50,2.46,3.45,4.66,3.45
12/01/2023 02:56 a. m.,Ordeño,06:52,17.09,1,,,,,0,,1.44,1.02,1.32,1.08,0,0,0,0,4.56,4.43,4.57,4.53,VMS 1,,Tanque,,1.74,1.62,1.86,1.50,2.78,3.99,5.75,4.57
12/01/2023 06:56 p. m.,Ordeño,07:09,15.44,2,,,,,0,,1.26,0.96,1.26,1.08,0,0,0,0,4.43,4.42,4.60,4.57,VMS 1,,Tanque,,1.62,1.44,1.68,1.38,2.25,3.72,5.48,3.99
13/01/2023 01:18 p. m.,Ordeño,07:30,17.52,1,,,,,0,,1.32,0.96,1.20,1.14,0,0,0,0,4.43,4.31,4.57,4.58,VMS 1,,Tanque,,1.68,1.32,1.62,1.62,2.88,4.29,5.76,4.59
16/01/2023 05:21 a. m.,Ordeño,08:09,6.64,1,,,TI,,0,,1.08,1.02,0.96,0.84,0,536,0,0,3.95,3.85,3.96,3.45,VMS 1,,Tanque,,1.62,1.50,1.44,1.38,1.61,1.69,1.27,2.07
16/01/2023 10:30 p. m.,Ordeño,07:25,11.36,2,,,TI,,0,TI,1.08,0.84,0.96,0.96,300,0,0,0,4.47,4.52,5.26,4.97,VMS 1,,Tanque,,1.44,1.26,1.32,1.32,2.29,3.47,2.34,3.26
19/01/2023 01:36 p. m.,Ordeño,07:45,21.09,1,,,,,0,,1.38,1.08,1.26,1.26,431,0,0,0,4.71,4.63,4.82,5.00,VMS 1,,Tanque,,1.98,1.44,1.80,1.62,3.56,4.94,6.41,6.18
20/01/2023 04:56 p. m.,Ordeño,12:16,19.40,1,,,,,0,TD,1.20,0.96,1.14,1.26,0,0,0,0,4.18,4.08,4.51,4.86,VMS 1,,Tanque,,1.62,1.44,1.68,1.62,2.82,3.34,7.57,5.67
21/01/2023 04:34 a. m.,Ordeño,06:58,9.93,1,,TD,,,0,,1.02,0.78,0.78,1.08,0,0,0,0,4.26,4.20,4.21,4.43,VMS 1,,Tanque,,1.44,1.14,1.62,1.44,1.83,2.48,3.28,2.34
22/01/2023 12:17 a. m.,Ordeño,08:46,17.72,1,,,,,0,,1.32,0.96,0.90,1.08,0,0,0,0,4.72,4.62,4.43,5.12,VMS 1,,Tanque,,1.62,1.38,1.38,1.44,2.89,4.75,5.69,4.39
25/01/2023 01:34 a. m.,Ordeño,05:29,8.19,1,,,,,0,,1.08,0.84,0.96,0.90,0,0,0,0,3.97,4.02,4.09,4.13,VMS 1,,Tanque,,1.50,1.14,1.38,1.26,1.43,1.98,2.78,2.00
25/01/2023 03:29 p. m.,Ordeño,06:26,12.06,2,,,,,0,,1.14,1.02,0.96,1.02,0,0,0,0,4.47,4.48,4.60,4.74,VMS 1,,Tanque,,1.50,1.56,1.32,1.44,2.22,3.07,3.68,3.09
26/01/2023 04:24 a. m.,Ordeño,06:45,12.22,1,,,,,0,,1.14,0.90,1.08,0.96,0,0,0,0,4.37,4.48,4.46,4.59,VMS 1,,Tanque,,1.44,1.38,1.50,1.26,2.02,2.96,4.14,3.10
26/01/2023 09:26 p. m.,Ordeño,08:06,15.20,2,,,,,0,,1.08,0.96,0.96,1.08,345,0,0,0,4.28,4.49,4.54,4.58,VMS 1,,Tanque,,1.38,1.38,1.38,1.50,2.33,3.86,5.01,4.00
27/01/2023 07:00 p. m.,Ordeño,08:25,18.20,1,,,,,0,,1.14,1.02,1.14,1.02,0,0,0,0,4.41,4.34,4.60,4.73,VMS 1,,Tanque,,1.50,1.38,1.56,1.38,2.63,3.62,6.69,5.26
28/01/2023 06:12 a. m.,Ordeño,09:13,7.04,1,,,TI,TI,0,,1.08,0.90,0.00,0.90,0,307,0,0,4.02,4.05,0.00,4.16,VMS 1,,Tanque,,2.22,1.26,0.00,1.38,1.67,2.63,0.00,2.74
29/01/2023 02:44 a. m.,Ordeño,07:28,15.84,1,,,,,0,TI,1.14,0.90,1.44,1.02,0,0,0,0,4.07,4.19,4.76,4.41,VMS 1,,Tanque,,1.68,1.32,1.86,1.44,1.77,3.09,7.42,3.56
29/01/2023 07:57 p. m.,Ordeño,07:21,14.77,2,,,,,0,,1.14,0.90,1.02,0.96,0,0,0,0,4.48,4.42,4.64,4.62,VMS 1,,Tanque,,1.50,1.38,1.44,1.38,2.60,3.98,4.01,4.18
30/01/2023 01:28 p. m.,Ordeño,07:34,16.72,1,,,,,0,,1.20,1.02,1.02,1.02,0,0,0,0,4.75,4.52,5.17,4.72,VMS 1,,Tanque,,1.62,1.44,1.44,1.44,3.36,4.15,4.58,4.63
31/01/2023 05:36 p. m.,Ordeño,08:25,10.95,2,,,,,0,,1.20,1.08,0.90,0.96,0,0,0,0,4.00,4.13,4.38,4.10,VMS 3,,Tanque,,1.80,1.44,1.32,1.32,2.08,3.00,3.07,2.80
02/02/2023 03:09 a. m.,Ordeño,07:43,17.30,1,,,,,0,TI,1.08,1.14,1.26,1.20,0,0,0,0,3.75,3.89,4.58,4.27,VMS 3,,Tanque,,1.44,1.68,1.74,1.56,2.79,3.90,6.45,4.16
02/02/2023 11:19 a. m.,Ordeño,05:53,6.11,2,,,,,0,TD,0.96,0.96,0.90,0.78,0,0,0,0,3.69,3.94,4.17,4.48,VMS 3,,Tanque,,1.32,1.38,1.20,1.14,1.35,1.89,1.50,1.37
04/02/2023 03:53 a. m.,Ordeño,08:20,19.99,1,,,,,0,"TI,TD",1.20,1.14,1.26,1.26,0,0,0,0,4.37,3.87,4.84,5.01,VMS 3,,Tanque,,1.62,1.44,1.62,1.62,4.29,4.33,6.39,4.98
08/02/2023 04:31 a. m.,Ordeño,07:54,20.02,1,,,,,0,TD,1.32,1.26,1.32,1.26,0,0,0,0,4.23,4.01,4.68,4.90,VMS 3,,Tanque,,1.74,1.68,1.74,1.62,3.81,3.90,6.45,5.86
08/02/2023 07:32 p. m.,Ordeño,05:24,9.70,2,,,,,0,,1.20,1.14,0.96,0.96,0,0,0,0,3.98,4.12,4.48,4.37,VMS 3,,Tanque,,1.56,1.50,1.44,1.26,2.18,3.02,2.51,1.99
10/02/2023 12:14 a. m.,Ordeño,05:27,7.67,1,,,,,0,,1.08,1.08,0.90,0.96,0,0,0,0,4.06,4.13,4.46,4.45,VMS 3,,Tanque,,1.62,1.56,1.26,1.32,1.59,2.29,1.90,1.89
10/02/2023 10:05 a. m.,Ordeño,05:09,8.06,2,,,,,0,,1.20,1.08,0.90,0.96,0,0,0,0,4.31,4.42,4.64,4.65,VMS 3,,Tanque,,1.56,1.62,1.26,1.38,1.54,2.44,2.06,2.02
11/02/2023 07:37 p. m.,Ordeño,09:49,21.59,1,,,,,0,,1.14,1.02,1.02,1.26,0,0,0,0,4.53,4.13,4.87,4.83,VMS 3,,Tanque,,1.50,1.38,1.44,1.56,4.35,4.81,7.19,5.24
12/02/2023 08:02 a. m.,Ordeño,05:19,8.86,1,,,,,0,,1.14,1.20,0.96,0.96,0,0,0,0,4.00,3.98,4.34,4.30,VMS 3,,Tanque,,1.50,1.62,1.32,1.20,2.08,2.84,2.08,1.86
13/02/2023 11:38 a. m.,Ordeño,07:39,17.57,1,,,,,0,"TI,TD",1.32,1.32,1.14,1.26,0,0,0,0,4.10,3.97,4.65,5.36,VMS 3,,Tanque,,1.80,1.80,1.50,1.56,3.01,4.33,5.51,4.72
10/03/2023 02:04 p. m.,Ordeño,07:05,4.93,2,,,,,0,TI,1.20,1.14,0.84,0.66,0,0,0,0,4.03,4.13,4.85,4.67,VMS 3,,Tanque,,1.80,1.62,1.20,1.02,1.13,2.08,1.12,0.60
16/07/2023 11:10 a. m.,Ordeño,10:05,11.33,1,,,,,0,Todos,0.36,0.60,1.50,1.56,6476,1167,981,1272,3.86,3.86,2.95,3.12,VMS 3,,Divert 3,,0.90,1.38,2.10,1.98,0.60,1.08,4.84,4.81
17/07/2023 03:04 a. m.,Ordeño,06:07,11.34,1,,,,,0,"DI,DD,TD",1.38,1.20,1.44,1.44,1273,976,381,649,4.65,4.55,4.59,4.25,VMS 3,,Divert 3,,1.80,1.68,1.98,1.98,2.22,2.42,3.46,3.24
17/07/2023 04:31 p. m.,Ordeño,06:48,14.55,2,,,,,0,DI,1.44,1.26,1.62,1.50,1369,567,0,364,4.20,4.53,4.75,4.74,VMS 3,,Divert 3,,1.98,1.56,1.98,1.92,3.14,3.85,4.10,3.46
18/07/2023 06:11 a. m.,Ordeño,06:53,14.51,1,,,,,0,DI,1.32,1.14,1.26,1.44,1051,366,0,0,4.42,4.38,4.50,4.59,VMS 3,,Divert 3,,1.62,1.50,1.74,2.04,3.18,2.79,4.89,3.65
18/07/2023 11:37 p. m.,Ordeño,07:05,17.02,2,,,,,0,DI,1.32,1.20,1.38,1.38,2762,570,392,365,5.11,4.78,5.32,5.17,VMS 3,,Divert 3,,1.74,1.56,1.74,1.74,3.66,3.35,5.44,4.57
19/07/2023 10:07 a. m.,Ordeño,05:21,12.15,1,,,,,0,DI,1.26,1.20,1.20,1.38,859,0,0,0,4.61,4.67,4.81,4.94,VMS 3,,Divert 3,,1.80,1.62,1.62,1.80,2.95,2.79,3.57,2.84
19/07/2023 08:06 p. m.,Ordeño,05:45,12.33,2,,,,,0,,1.38,1.20,1.20,1.26,352,0,0,0,4.82,4.88,4.94,4.93,VMS 3,,Divert 3,,1.86,1.56,1.56,1.62,2.74,3.07,3.47,3.05
20/07/2023 09:46 a. m.,Ordeño,06:56,16.62,1,,,,,0,,1.38,1.44,1.50,1.50,336,0,0,0,4.76,4.74,4.84,4.96,VMS 3,,Divert 3,,1.92,1.86,1.92,1.80,3.73,3.64,5.15,4.10
20/07/2023 07:55 p. m.,Ordeño,05:43,12.88,2,,,,,0,,1.38,1.20,1.32,1.32,0,0,0,0,4.78,4.81,4.82,4.82,VMS 3,,Divert 3,,1.80,1.98,1.80,1.86,2.93,3.05,3.81,3.09
21/07/2023 10:15 a. m.,Ordeño,07:51,19.04,1,,,,,0,,1.20,1.32,1.44,1.50,353,0,0,0,4.63,4.67,4.68,4.92,VMS 3,,Divert 3,,1.56,1.80,1.98,1.86,4.28,4.12,5.81,4.83
21/07/2023 11:31 p. m.,Ordeño,06:33,17.71,2,,,,,0,,1.26,1.26,1.32,1.38,557,0,0,0,4.75,4.73,4.70,4.85,VMS 3,,Divert 3,,1.68,2.10,1.74,1.74,4.07,4.07,5.21,4.36
22/07/2023 10:55 p. m.,Ordeño,07:56,17.01,2,,,,,0,,1.26,1.14,1.32,1.32,0,0,0,0,4.69,4.85,4.88,4.94,VMS 1,,Tanque,,1.62,1.56,1.80,1.74,3.21,3.92,5.32,4.56
23/07/2023 09:46 a. m.,Ordeño,06:05,17.31,1,,TD,,,0,,1.44,1.26,1.44,1.38,0,0,0,0,4.89,4.78,4.75,4.95,VMS 1,,Tanque,,1.86,1.80,1.92,1.86,3.48,4.19,5.14,4.50
23/07/2023 08:15 p. m.,Ordeño,07:37,17.26,2,,TD,,,0,,1.26,1.14,1.20,1.20,0,0,0,0,4.89,4.71,4.72,4.97,VMS 1,,Tanque,,1.68,1.92,1.62,1.74,3.75,3.94,5.29,4.28
24/07/2023 08:28 a. m.,Ordeño,08:02,19.52,1,,TD,,,0,,1.26,1.14,1.26,1.44,0,0,0,0,4.69,4.67,4.56,4.84,VMS 1,,Tanque,,1.68,1.74,1.80,1.86,4.02,4.48,6.25,4.77
24/07/2023 07:14 p. m.,Ordeño,06:26,17.55,2,,TD,,,0,,1.26,1.20,1.38,1.32,0,0,0,0,4.83,4.81,4.77,4.95,VMS 1,,Tanque,,1.62,1.74,1.80,1.80,3.88,4.00,5.33,4.34
25/07/2023 09:07 a. m.,Ordeño,06:38,19.42,1,,,,,0,,1.32,1.20,1.44,1.44,0,0,0,0,4.64,4.58,4.74,4.99,VMS 1,,Tanque,,1.80,1.86,1.92,1.80,3.73,3.67,6.11,5.91
25/07/2023 10:45 p. m.,Ordeño,07:59,19.77,2,,,,,0,,1.32,1.14,1.32,1.44,0,0,0,0,4.50,4.59,4.79,4.81,VMS 1,,Tanque,,1.74,1.50,1.68,1.80,3.48,4.34,6.67,5.28
26/07/2023 10:21 a. m.,Ordeño,06:25,19.02,1,,,,,0,,1.26,1.20,1.44,1.38,0,0,0,0,4.64,4.76,4.83,4.87,VMS 1,,Tanque,,1.68,1.68,1.86,1.98,3.65,4.52,5.78,5.07
26/07/2023 11:32 p. m.,Ordeño,08:14,19.83,2,,,,,0,,1.26,1.20,1.26,1.38,0,0,0,0,4.83,4.84,4.88,4.94,VMS 1,,Tanque,,1.68,1.56,1.74,1.80,4.57,4.42,6.01,4.83
27/07/2023 01:34 p. m.,Ordeño,08:01,23.20,1,,,,,0,,1.26,1.08,1.44,1.32,0,0,0,0,4.82,4.89,4.89,4.90,VMS 1,,Tanque,,1.62,1.62,1.86,1.68,4.88,5.49,6.45,6.38
28/07/2023 01:56 a. m.,Ordeño,07:37,19.38,1,,TD,,,0,,1.20,1.08,1.20,1.26,0,0,0,0,4.85,4.69,4.85,4.84,VMS 1,,Tanque,,1.62,1.62,1.62,1.74,4.36,4.24,5.82,4.96
28/07/2023 01:18 p. m.,Ordeño,07:07,18.16,2,,,,,0,,1.32,1.08,1.26,1.20,0,0,0,0,4.79,4.82,4.85,4.84,VMS 1,,Tanque,,1.68,1.56,1.62,1.56,3.65,4.09,5.69,4.73
29/07/2023 01:14 a. m.,Ordeño,07:53,20.14,1,,TD,,,0,,1.26,1.08,1.26,1.26,0,0,0,0,4.65,4.54,4.72,4.65,VMS 1,,Tanque,,1.68,1.62,1.62,1.62,4.57,4.44,6.09,5.04
29/07/2023 12:21 p. m.,Ordeño,09:55,19.49,2,,TD,,,0,,1.32,1.14,0.90,1.32,0,0,0,0,4.63,4.65,3.78,4.77,VMS 1,,Tanque,,1.74,1.56,1.32,1.86,3.99,4.15,6.32,5.03
30/07/2023 01:57 a. m.,Ordeño,07:55,22.82,1,,,,,0,,1.26,1.14,1.38,1.26,0,0,0,0,4.58,4.54,4.66,4.58,VMS 1,,Tanque,,1.68,1.50,1.86,1.74,4.85,4.32,7.31,6.34
30/07/2023 03:23 p. m.,Ordeño,08:25,24.77,2,,TD,,,0,,1.26,1.14,1.38,1.44,0,0,0,0,4.37,4.90,4.85,4.91,VMS 1,,Tanque,,1.98,1.62,1.74,1.92,4.77,5.87,7.78,6.35
31/07/2023 04:50 a. m.,Ordeño,08:05,23.16,1,,TD,,,0,,1.26,1.14,1.38,1.38,0,0,0,0,4.63,4.57,4.61,4.68,VMS 1,,Tanque,,1.62,1.44,1.80,1.80,5.02,5.11,7.17,5.86
31/07/2023 07:02 p. m.,Ordeño,08:18,22.67,2,,,,,0,,1.26,1.02,1.38,1.38,0,0,0,0,4.63,4.79,4.59,4.81,VMS 1,,Tanque,,1.68,1.50,1.68,1.80,4.15,5.59,6.59,6.34
01/08/2023 07:23 a. m.,Ordeño,08:45,23.51,1,,,,,0,,1.20,1.14,1.20,1.38,0,0,0,0,4.80,4.63,4.57,4.56,VMS 1,,Tanque,,1.62,1.62,1.80,1.80,5.38,4.95,7.17,6.01
01/08/2023 07:12 p. m.,Ordeño,09:17,22.77,2,,TD,,,0,,1.20,1.08,1.20,1.32,0,0,0,0,4.66,4.73,4.61,4.76,VMS 1,,Tanque,,1.68,1.56,1.56,1.92,4.91,4.89,7.22,5.75
02/08/2023 08:18 a. m.,Ordeño,09:09,24.14,1,,,,,0,,1.26,1.14,1.32,1.38,0,0,0,0,4.85,4.93,4.88,4.83,VMS 1,,Tanque,,1.62,1.56,1.74,1.86,5.14,5.24,7.90,5.86
02/08/2023 10:56 p. m.,Ordeño,08:53,26.26,2,,,,,0,,1.32,1.20,1.38,1.32,0,0,0,0,4.71,4.59,4.63,4.63,VMS 1,,Tanque,,1.80,1.62,1.86,1.68,6.11,4.86,8.22,7.07
03/08/2023 10:48 a. m.,Ordeño,08:33,23.50,1,,,,,0,,1.32,1.08,1.26,1.26,0,0,0,0,4.70,4.70,4.69,4.81,VMS 1,,Tanque,,1.92,1.56,1.74,1.68,4.91,4.92,7.42,6.25
04/08/2023 02:04 a. m.,Ordeño,09:29,26.50,1,,,,,0,,1.26,1.14,1.26,1.20,0,0,0,0,4.64,4.61,4.62,4.42,VMS 1,,Tanque,,1.68,1.62,1.80,1.56,5.35,5.95,8.38,6.82
04/08/2023 11:54 a. m.,Ordeño,07:25,19.68,2,,,,,0,,1.20,1.02,1.26,1.20,0,0,0,0,4.62,4.67,4.72,4.68,VMS 1,,Tanque,,1.62,1.44,1.68,1.56,4.27,4.43,5.87,5.11
04/08/2023 11:24 p. m.,Ordeño,07:34,20.38,3,,,,,0,,1.32,1.08,1.20,1.20,0,0,0,0,4.63,4.70,4.68,4.82,VMS 1,,Tanque,,1.86,1.44,1.50,1.56,4.46,4.48,6.12,5.32
05/08/2023 01:52 p. m.,Ordeño,09:30,25.50,1,,,,,0,,1.32,1.08,1.20,1.14,0,0,0,0,4.65,4.69,4.68,4.67,VMS 1,,Tanque,,1.68,1.56,1.62,1.50,5.26,5.72,7.75,6.77
06/08/2023 02:55 a. m.,Ordeño,09:30,24.02,1,,,,,0,,1.20,1.08,1.08,1.26,0,0,0,0,4.72,4.62,4.70,4.72,VMS 1,,Tanque,,1.62,1.50,1.44,1.74,5.20,4.82,7.49,6.51
07/08/2023 07:52 a. m.,Ordeño,12:50,20.77,1,,,TD,TD,0,,1.26,1.20,1.14,0.00,0,0,0,0,4.42,4.79,4.54,0.00,VMS 1,,Tanque,,2.04,1.62,1.56,0.00,5.23,6.52,9.02,0.00
07/08/2023 03:08 p. m.,Ordeño,06:11,9.21,2,,TD,TD,,0,,1.08,1.02,1.08,0.60,0,0,0,0,4.63,4.58,4.59,2.68,VMS 1,,Tanque,,1.62,1.44,1.50,1.56,2.50,2.22,3.47,1.02
08/08/2023 12:39 a. m.,Ordeño,06:56,14.23,1,,TD,TD,,0,,1.20,1.08,1.14,0.90,0,0,0,0,4.61,4.73,4.48,2.55,VMS 1,,Tanque,,1.62,1.56,1.74,1.68,4.05,3.53,4.98,1.67
08/08/2023 12:51 p. m.,Ordeño,08:42,19.05,2,,"TI,TD",TD,,0,,1.32,1.14,1.20,0.66,0,0,0,0,4.90,4.86,4.82,2.68,VMS 1,,Tanque,,1.68,1.50,1.74,1.08,5.69,4.67,7.33,1.36
09/08/2023 01:23 a. m.,Ordeño,08:03,24.14,1,,,,,0,,1.32,1.20,1.26,1.44,0,0,0,0,4.53,4.59,4.66,5.05,VMS 1,,Tanque,,1.74,1.68,1.74,1.80,5.13,4.55,6.92,7.54
09/08/2023 02:40 p. m.,Ordeño,08:57,22.89,2,,,,,0,,1.32,1.14,1.20,1.20,0,0,0,0,4.77,4.87,4.87,5.53,VMS 1,,Tanque,,1.68,1.62,1.56,1.62,5.94,5.86,7.78,3.31
11/08/2023 09:04 p. m.,Ordeño,09:12,24.80,2,,,,,0,,1.32,1.44,1.26,1.44,0,0,0,0,4.97,4.99,4.87,5.07,VMS 1,,Tanque,,1.68,1.80,1.68,1.86,6.12,5.89,8.04,4.75
12/08/2023 10:11 a. m.,Ordeño,08:53,25.30,1,,,,,0,,1.38,1.20,1.26,1.20,0,0,0,0,4.83,4.78,4.88,4.94,VMS 1,,Tanque,,1.74,1.56,1.68,1.56,5.94,5.52,7.73,6.11
13/08/2023 12:16 a. m.,Ordeño,08:48,25.80,1,,,,,0,,1.38,1.14,1.26,1.44,0,0,0,0,4.65,4.72,4.73,4.86,VMS 1,,Tanque,,1.68,1.56,1.68,1.98,5.37,6.27,7.93,6.23
13/08/2023 12:30 p. m.,Ordeño,08:40,24.11,2,,,,,0,,1.38,1.20,1.20,1.32,0,0,0,0,4.81,4.75,4.74,4.87,VMS 1,,Tanque,,1.80,1.62,1.56,1.74,5.59,5.35,7.37,5.80
14/08/2023 01:03 a. m.,Ordeño,09:42,24.61,1,,,,,0,,1.38,1.26,1.14,1.32,0,0,0,0,5.02,4.94,4.90,4.97,VMS 1,,Tanque,,1.68,1.68,1.44,1.56,5.76,5.38,7.60,5.87
14/08/2023 08:44 a. m.,Ordeño,05:59,15.47,2,,,,,0,,1.44,1.26,1.26,1.32,0,0,0,0,4.81,4.77,4.70,4.81,VMS 1,,Tanque,,1.98,1.74,1.68,1.68,3.66,3.64,4.47,3.70
14/08/2023 04:48 p. m.,Ordeño,06:48,14.84,3,,,,,0,,1.26,1.14,1.14,1.20,0,0,0,0,4.69,4.71,4.65,4.71,VMS 1,,Tanque,,1.68,1.62,1.56,1.56,3.34,3.34,4.60,3.56
15/08/2023 12:49 a. m.,Ordeño,06:11,15.17,1,,,,,0,,1.26,1.20,1.20,1.26,0,0,0,0,4.75,4.66,4.63,4.65,VMS 1,,Tanque,,1.62,1.68,1.80,1.62,3.52,3.35,4.60,3.70
15/08/2023 09:59 a. m.,Ordeño,07:11,17.86,2,,,,,0,,1.32,1.26,1.20,1.14,0,0,0,0,4.87,4.73,4.76,4.81,VMS 1,,Tanque,,1.62,1.62,1.62,1.56,3.91,4.03,5.57,4.35
15/08/2023 04:00 p. m.,Ordeño,05:39,11.61,3,,,,,0,,1.32,1.14,1.14,1.26,0,0,0,0,4.66,4.66,4.68,4.62,VMS 1,,Tanque,,1.68,1.50,1.56,1.62,2.52,2.59,3.66,2.84
16/08/2023 04:02 a. m.,Ordeño,09:09,23.90,1,,,,,0,,1.44,1.32,1.08,1.32,0,0,0,0,4.97,4.87,4.86,4.80,VMS 1,,Tanque,,1.80,1.80,1.44,1.86,5.33,5.57,7.14,5.86
16/08/2023 11:20 a. m.,Ordeño,07:06,14.74,2,,,,,0,,1.26,1.20,1.08,1.26,0,0,0,0,4.64,4.66,4.58,4.68,VMS 1,,Tanque,,1.56,1.56,1.50,1.62,3.22,3.30,4.56,3.66
16/08/2023 06:36 p. m.,Ordeño,06:31,14.13,3,,,,,0,,1.38,1.02,1.08,1.08,0,0,0,0,4.78,4.59,4.51,4.61,VMS 1,,Tanque,,1.86,1.50,1.44,1.44,3.15,3.32,4.23,3.43
17/08/2023 01:30 a. m.,Ordeño,06:48,13.95,1,,,,,0,,1.32,1.20,0.96,1.14,0,0,0,0,4.83,4.73,4.72,4.82,VMS 1,,Tanque,,1.74,1.62,1.32,1.74,3.07,3.23,4.15,3.50
17/08/2023 08:08 a. m.,Ordeño,06:16,13.49,2,,,,,0,,1.38,1.20,1.08,1.14,0,0,0,0,4.80,4.83,4.67,4.86,VMS 1,,Tanque,,1.74,1.86,1.44,1.44,2.94,3.11,4.03,3.41
17/08/2023 03:45 p. m.,Ordeño,07:26,14.78,3,,,,,0,,1.32,1.02,0.96,1.08,0,0,0,0,4.67,4.57,4.61,4.64,VMS 1,,Tanque,,1.62,1.56,1.38,1.38,3.26,3.40,4.44,3.68
18/08/2023 01:43 a. m.,Ordeño,07:28,18.58,1,,,,,0,,1.38,1.14,1.14,1.14,0,0,0,0,4.60,4.58,4.61,4.70,VMS 1,,Tanque,,1.92,1.74,1.56,1.56,3.73,4.20,5.81,4.84
18/08/2023 01:07 p. m.,Ordeño,08:57,20.36,2,,,,,0,,1.32,1.14,1.02,1.20,0,0,0,0,4.62,4.64,4.60,4.77,VMS 1,,Tanque,,1.68,1.56,1.38,1.50,4.56,4.56,6.13,5.11
18/08/2023 11:29 p. m.,Ordeño,07:12,15.78,3,,,,,0,,1.26,1.20,1.02,1.14,0,0,0,0,4.71,4.60,4.59,4.59,VMS 1,,Tanque,,1.80,1.68,1.44,1.50,3.65,3.41,4.83,3.89
19/08/2023 05:43 a. m.,Ordeño,05:33,10.46,1,,,,,0,,1.26,1.02,1.02,1.08,0,0,0,0,4.62,4.57,4.55,4.62,VMS 1,,Tanque,,1.50,1.38,1.38,1.56,2.32,2.36,3.16,2.62
19/08/2023 12:49 p. m.,Ordeño,06:28,12.86,2,,,,,0,,1.26,1.02,1.02,1.08,0,0,0,0,4.83,4.70,4.73,4.76,VMS 1,,Tanque,,1.62,1.44,1.38,1.38,2.82,2.88,3.91,3.25
20/08/2023 01:54 a. m.,Ordeño,09:19,21.21,1,,,,,0,,1.26,1.08,1.02,1.14,0,0,0,0,4.64,4.71,4.65,4.75,VMS 1,,Tanque,,1.62,1.68,1.68,1.56,4.20,5.01,6.65,5.35
20/08/2023 11:20 a. m.,Ordeño,08:38,18.23,2,,,,,0,,1.32,1.08,0.96,1.14,0,0,0,0,4.71,4.66,4.55,4.71,VMS 1,,Tanque,,1.80,1.56,1.32,1.50,3.88,4.26,5.42,4.67
20/08/2023 04:38 p. m.,Ordeño,05:31,9.52,3,,,,,0,,1.26,0.96,1.08,1.08,0,0,0,0,4.64,4.45,4.56,4.57,VMS 1,,Tanque,,1.62,1.26,1.38,1.38,2.02,2.16,2.88,2.46
21/08/2023 09:09 a. m.,Ordeño,09:05,26.63,1,,,,,0,,1.44,1.14,1.20,1.32,0,0,0,0,4.81,4.74,4.78,4.82,VMS 1,,Tanque,,1.80,1.56,1.68,2.10,5.41,6.13,8.03,7.06
21/08/2023 02:28 p. m.,Ordeño,05:43,11.19,2,,,,,0,,1.26,1.08,1.08,1.20,0,0,0,0,4.83,4.75,4.71,4.81,VMS 1,,Tanque,,1.68,1.44,1.44,1.68,2.47,2.55,3.38,2.79
22/08/2023 02:57 a. m.,Ordeño,08:39,24.87,1,,,,,0,,1.50,1.20,1.26,1.20,0,0,0,0,5.16,5.24,5.16,5.21,VMS 1,,Tanque,,1.92,1.62,1.56,1.50,4.96,5.77,7.68,6.46
22/08/2023 06:39 p. m.,Ordeño,09:56,25.81,2,,,,,0,,1.50,1.20,1.26,1.38,0,0,0,0,4.85,4.80,4.98,4.60,VMS 1,,Tanque,,1.86,1.62,1.74,1.80,5.32,5.60,9.37,5.52
23/08/2023 01:28 a. m.,Ordeño,06:13,13.79,1,,,,,0,,1.26,1.02,1.14,1.14,0,0,0,0,4.62,4.59,4.58,4.77,VMS 1,,Tanque,,1.56,1.44,1.56,1.56,3.16,3.12,4.18,3.33
23/08/2023 05:44 p. m.,Ordeño,08:29,24.97,2,,,,,0,,1.44,1.14,1.44,1.32,0,0,0,0,4.87,4.80,4.99,4.83,VMS 1,,Tanque,,1.74,1.50,1.92,1.74,5.38,5.19,8.62,5.78
24/08/2023 02:05 a. m.,Ordeño,07:07,15.84,1,,,,,0,,1.32,1.02,1.14,1.14,0,0,0,0,4.58,4.45,4.53,4.53,VMS 1,,Tanque,,1.68,1.50,1.56,1.44,3.77,3.54,4.68,3.85
24/08/2023 07:08 a. m.,Ordeño,05:23,9.94,2,,,,,0,,1.26,1.02,1.14,1.14,0,0,0,0,4.62,4.58,4.71,4.58,VMS 1,,Tanque,,1.62,1.44,1.50,1.56,2.19,2.22,2.44,3.09
24/08/2023 05:39 p. m.,Ordeño,07:09,21.55,3,,,,,0,,1.32,1.20,1.32,1.38,0,0,0,0,5.09,5.07,5.11,5.17,VMS 1,,Tanque,,1.74,1.62,1.74,1.80,4.95,4.90,6.45,5.25
25/08/2023 02:18 a. m.,Ordeño,06:46,17.76,1,,,,,0,,1.32,1.20,1.32,1.32,0,0,0,0,4.75,4.67,4.79,4.75,VMS 1,,Tanque,,1.62,1.74,1.74,1.62,4.10,3.74,5.53,4.39
25/08/2023 03:26 p. m.,Ordeño,08:24,23.44,2,,,,,0,,1.38,1.14,1.38,1.38,0,0,0,0,4.72,4.95,4.89,4.94,VMS 1,,Tanque,,1.74,1.56,1.80,1.80,4.06,5.72,7.53,6.13
25/08/2023 09:03 p. m.,Ordeño,05:08,11.30,3,,,,,0,,1.26,1.02,1.26,1.26,0,0,0,0,4.50,4.33,4.39,4.41,VMS 1,,Tanque,,1.62,1.44,1.62,1.62,2.53,2.56,3.38,2.83
26/08/2023 04:47 a. m.,Ordeño,06:01,16.18,1,,,,,0,,1.38,1.26,1.32,1.20,0,0,0,0,4.84,4.80,4.84,4.88,VMS 1,,Tanque,,1.80,1.62,1.68,1.80,3.82,3.50,4.83,4.03
26/08/2023 01:39 p. m.,Ordeño,05:53,15.87,2,,,,,0,,1.38,1.32,1.50,1.32,0,0,0,0,4.86,5.01,4.96,4.80,VMS 1,,Tanque,,1.80,1.68,1.98,1.68,3.48,3.54,4.87,3.98
26/08/2023 09:57 p. m.,Ordeño,05:28,12.73,3,,,,,0,,1.38,1.14,1.26,1.26,0,0,0,0,4.66,4.58,4.56,4.62,VMS 1,,Tanque,,1.68,1.62,1.56,1.68,2.74,2.71,3.94,3.34
27/08/2023 12:02 p. m.,Ordeño,07:29,22.86,1,,,,,0,,1.44,1.20,1.44,1.26,0,0,0,0,4.79,4.75,4.79,4.90,VMS 1,,Tanque,,1.80,1.80,1.86,1.62,4.59,5.50,6.74,6.03
27/08/2023 07:56 p. m.,Ordeño,06:13,14.02,2,,,,,0,,1.38,1.08,1.20,1.20,0,0,0,0,4.46,4.32,4.41,4.44,VMS 1,,Tanque,,1.92,1.56,1.62,1.50,3.07,3.09,4.37,3.49
28/08/2023 03:05 a. m.,Ordeño,05:57,14.50,1,,,,,0,,1.38,1.02,1.26,1.20,0,0,0,0,4.91,4.72,4.76,4.84,VMS 1,,Tanque,,1.86,1.38,1.74,1.68,3.26,3.27,4.43,3.54
28/08/2023 12:52 p. m.,Ordeño,06:16,15.02,2,,,DD,DD,0,,1.32,0.00,1.50,1.32,0,0,0,0,4.92,0.00,4.90,4.51,VMS 1,,Tanque,,1.74,0.00,1.80,1.74,4.32,0.00,5.90,4.80
28/08/2023 03:56 p. m.,Ordeño,05:13,7.36,3,,,DD,,0,,1.50,0.96,1.20,0.72,0,0,0,0,5.14,4.84,4.80,4.65,VMS 1,,Tanque,,1.98,1.38,1.62,1.38,4.03,0.99,1.38,0.96
29/08/2023 09:02 a. m.,Ordeño,07:24,23.28,1,,,,,0,,1.56,1.32,1.56,1.38,0,0,0,0,4.52,4.73,4.54,4.91,VMS 1,,Tanque,,1.98,1.74,2.04,1.80,4.93,5.61,6.19,6.55
29/08/2023 02:09 p. m.,Ordeño,05:07,8.34,2,,,,,0,,1.26,1.08,1.26,1.20,0,0,0,0,4.31,4.46,4.46,4.59,VMS 1,,Tanque,,1.62,1.50,1.74,1.56,1.52,2.02,2.70,2.10
30/08/2023 01:45 a. m.,Ordeño,07:21,19.87,1,,,,,0,,1.38,1.20,1.38,1.32,0,0,0,0,4.80,4.60,4.53,4.69,VMS 1,,Tanque,,1.74,1.50,1.80,1.68,4.34,3.46,6.73,5.34
30/08/2023 10:14 a. m.,Ordeño,06:13,16.62,2,,,,,0,,1.44,1.26,1.44,1.32,0,0,0,0,4.85,4.93,4.94,4.98,VMS 1,,Tanque,,1.80,1.62,1.86,1.74,2.92,3.96,5.35,4.39
30/08/2023 08:10 p. m.,Ordeño,07:23,22.33,3,,,,,0,,1.44,1.20,1.38,1.38,0,0,0,0,5.52,5.16,5.31,5.52,VMS 1,,Tanque,,1.86,1.80,1.80,1.68,4.99,5.24,6.49,5.61
31/08/2023 02:30 a. m.,Ordeño,05:47,14.98,1,,,,,0,,1.32,1.26,1.38,1.32,0,0,0,0,5.10,5.04,5.00,5.29,VMS 1,,Tanque,,1.68,1.56,1.80,1.80,3.45,3.36,4.50,3.67
31/08/2023 12:17 p. m.,Ordeño,06:54,20.12,2,,,,,0,,1.44,1.20,1.50,1.44,0,0,0,0,5.14,4.90,5.06,5.27,VMS 1,,Tanque,,1.80,1.68,1.86,1.86,4.36,3.84,6.46,5.46
31/08/2023 09:58 p. m.,Ordeño,06:39,19.93,3,,,,,0,,1.32,1.20,1.44,1.38,0,0,0,0,4.99,4.93,4.91,5.14,VMS 1,,Tanque,,1.62,1.80,1.80,1.80,4.45,4.30,6.12,5.06
01/09/2023 09:02 a. m.,Ordeño,07:54,23.12,1,,,,,0,,1.38,1.26,1.38,1.38,0,0,0,0,5.13,5.06,5.03,5.27,VMS 1,,Tanque,,1.80,1.56,1.74,1.74,5.41,4.58,7.28,5.85
01/09/2023 04:31 p. m.,Ordeño,05:54,14.79,2,,,,,0,,1.44,1.14,1.38,1.38,0,0,0,0,4.78,4.73,4.66,4.79,VMS 1,,Tanque,,1.80,1.50,1.74,1.74,3.25,3.21,4.56,3.77
02/09/2023 07:00 a. m.,Ordeño,06:55,22.82,1,,,,,0,,1.62,1.26,1.62,1.50,0,0,0,0,5.27,4.94,5.04,5.25,VMS 1,,Tanque,,2.04,1.74,2.10,1.92,5.13,5.09,6.39,6.21
02/09/2023 05:36 p. m.,Ordeño,07:21,22.44,2,,,,,0,,1.38,1.32,1.38,1.38,0,0,0,0,4.99,4.86,4.94,4.97,VMS 1,,Tanque,,1.80,1.74,1.80,1.74,4.91,4.98,6.87,5.68
03/09/2023 05:41 a. m.,Ordeño,07:33,24.37,1,,,,,0,,1.44,1.20,1.50,1.38,0,0,0,0,5.01,4.93,4.98,5.05,VMS 1,,Tanque,,1.80,1.56,1.98,1.74,4.93,5.55,7.68,6.21
03/09/2023 12:32 p. m.,Ordeño,06:03,14.67,2,,,,,0,,1.44,1.14,1.32,1.26,0,0,0,0,5.01,4.74,4.78,4.91,VMS 1,,Tanque,,1.92,1.50,1.68,1.62,3.10,3.34,4.51,3.72
03/09/2023 07:18 p. m.,Ordeño,06:04,13.17,3,,,,,0,,1.26,1.14,1.20,1.08,0,0,0,0,4.94,4.82,4.76,4.84,VMS 1,,Tanque,,1.62,1.50,1.56,1.38,2.89,2.88,3.98,3.42
04/09/2023 04:50 a. m.,Ordeño,05:16,13.41,1,,,TI,TI,0,,1.44,1.32,0.00,1.50,0,0,0,0,5.13,5.07,0.00,5.24,VMS 1,,Tanque,,1.80,1.74,0.00,2.10,4.29,4.31,0.00,4.81
04/09/2023 12:21 p. m.,Ordeño,07:45,16.28,2,,,,,0,,1.38,1.14,1.38,1.26,0,0,0,0,4.46,4.47,4.65,4.51,VMS 1,,Tanque,,1.74,1.44,1.68,1.92,2.85,2.96,6.92,3.55
04/09/2023 05:36 p. m.,Ordeño,04:46,8.16,3,,,,,0,,1.08,1.08,1.26,1.14,0,0,0,0,4.40,4.35,4.13,4.35,VMS 1,,Tanque,,1.62,1.56,1.68,1.56,1.79,1.78,2.40,2.19
05/09/2023 04:03 a. m.,Ordeño,09:10,17.95,1,,,,,0,,1.44,1.14,1.20,1.20,0,0,0,0,4.61,4.47,4.50,4.51,VMS 1,,Tanque,,1.86,1.50,1.74,1.62,3.55,4.12,5.49,4.79
05/09/2023 03:27 p. m.,Ordeño,07:21,21.09,2,,,,,0,,1.44,1.14,1.32,1.26,0,0,0,0,4.66,4.60,4.67,4.71,VMS 1,,Tanque,,1.86,1.62,1.62,1.56,4.63,4.66,6.49,5.31
06/09/2023 01:48 a. m.,Ordeño,06:22,17.79,1,,,,,0,,1.50,1.26,1.32,1.26,0,0,0,0,4.64,4.47,4.57,4.61,VMS 1,,Tanque,,2.22,1.62,1.74,1.56,3.89,3.85,5.45,4.60
06/09/2023 09:44 a. m.,Ordeño,05:52,15.80,2,,,,,0,,1.44,1.20,1.38,1.26,0,0,0,0,4.50,4.45,4.56,4.51,VMS 1,,Tanque,,1.80,1.62,1.80,1.62,3.44,3.50,4.81,4.05
06/09/2023 05:18 p. m.,Ordeño,05:31,13.85,3,,,,,0,,1.38,1.26,1.38,1.32,0,0,0,0,4.46,4.48,4.39,4.48,VMS 1,,Tanque,,1.74,1.62,1.74,1.68,3.04,3.05,4.28,3.48
07/09/2023 02:07 a. m.,Ordeño,06:42,17.13,1,,,,,0,,1.56,1.20,1.38,1.32,0,0,0,0,4.94,4.95,4.92,4.96,VMS 1,,Tanque,,1.86,1.62,1.68,1.92,3.14,3.80,5.55,4.64
07/09/2023 11:21 a. m.,Ordeño,06:22,19.37,2,,,,,0,,1.50,1.26,1.44,1.44,0,0,0,0,4.91,5.04,4.96,5.05,VMS 1,,Tanque,,2.04,1.56,1.86,1.80,4.38,4.27,5.90,4.82
07/09/2023 07:52 p. m.,Ordeño,06:20,17.03,3,,,,,0,,1.44,1.20,1.32,1.26,0,0,0,0,5.23,5.03,5.20,5.18,VMS 1,,Tanque,,1.86,1.74,1.62,1.68,3.63,3.86,5.22,4.32
08/09/2023 12:59 a. m.,Ordeño,04:44,11.00,1,,,,,0,,1.50,1.20,1.44,1.32,0,0,0,0,5.39,5.25,5.31,5.36,VMS 1,,Tanque,,1.86,1.56,1.98,1.74,2.25,2.49,3.45,2.81
08/09/2023 09:08 a. m.,Ordeño,05:48,16.88,2,,,,,0,,1.56,1.32,1.44,1.44,0,0,0,0,5.38,5.32,5.30,5.44,VMS 1,,Tanque,,2.04,1.62,1.80,1.80,3.80,3.65,5.11,4.32
08/09/2023 04:34 p. m.,Ordeño,05:49,14.64,3,,,,,0,,1.44,1.26,1.38,1.44,0,0,0,0,5.05,4.99,4.97,5.09,VMS 1,,Tanque,,1.74,1.56,1.80,1.74,3.11,3.24,4.54,3.75
09/09/2023 12:37 a. m.,Ordeño,05:39,14.97,1,,,,,0,,1.38,1.26,1.44,1.44,0,0,0,0,5.04,4.99,5.09,5.18,VMS 1,,Tanque,,1.74,1.68,1.86,1.74,3.46,2.76,4.81,3.94
09/09/2023 05:18 p. m.,Ordeño,09:35,29.18,2,,,,,0,,1.50,1.20,1.32,1.20,0,0,0,0,4.87,5.03,5.06,5.14,VMS 1,,Tanque,,1.74,1.86,1.74,1.56,4.90,7.01,9.29,7.98
10/09/2023 02:37 a. m.,Ordeño,06:32,18.37,1,,,,,0,,1.62,1.26,1.32,1.32,0,0,0,0,4.86,4.66,4.54,4.70,VMS 1,,Tanque,,2.04,1.68,1.74,1.74,4.14,4.04,5.59,4.60
10/09/2023 10:22 a. m.,Ordeño,05:55,15.04,2,,,,,0,,1.50,1.14,1.32,1.32,0,0,0,0,5.00,4.77,4.86,4.94,VMS 1,,Tanque,,1.92,1.56,1.68,1.74,3.44,3.34,4.58,3.68
10/09/2023 07:21 p. m.,Ordeño,06:51,17.55,3,,,,,0,,1.38,1.26,1.20,1.26,0,0,0,0,5.26,5.12,5.13,5.19,VMS 1,,Tanque,,1.68,1.62,1.56,1.56,4.05,3.64,5.38,4.48
11/09/2023 06:58 a. m.,Ordeño,07:43,21.46,1,,,,,0,,1.50,1.20,1.32,1.32,0,0,0,0,5.04,4.81,5.03,5.02,VMS 1,,Tanque,,2.04,1.56,1.86,1.68,4.87,3.95,6.82,5.82
11/09/2023 12:45 p. m.,Ordeño,06:05,11.44,2,,,,,0,,1.32,1.20,1.26,1.32,0,0,0,0,4.77,4.65,4.71,4.69,VMS 1,,Tanque,,1.68,1.80,1.74,1.62,2.38,2.46,3.60,3.00
12/09/2023 02:00 a. m.,Ordeño,07:23,18.36,1,,,,,0,,1.44,1.20,1.44,1.38,0,0,0,0,4.86,4.88,4.94,5.09,VMS 1,,Tanque,,1.86,1.50,1.86,1.74,3.11,3.93,6.23,5.09
12/09/2023 05:53 p. m.,Ordeño,15:57,56.10,2,,,,,0,,2.82,2.46,4.80,3.96,0,367,0,0,4.98,5.18,4.97,5.24,VMS 1,,Divert 3,Sangre por pezón por encima del umbral,4.50,4.62,0.88,4.86,6.13,7.17,30.30,12.50
13/09/2023 05:16 a. m.,Ordeño,07:25,22.27,1,,,,,0,,1.44,1.14,1.38,1.44,0,0,0,0,4.45,4.51,4.42,4.51,VMS 1,,Tanque,,1.74,1.50,1.98,1.86,4.70,4.77,7.08,5.72
13/09/2023 10:52 a. m.,Ordeño,05:05,10.57,2,,,,,0,,1.32,1.08,1.26,1.20,0,0,0,0,4.86,4.78,4.75,4.85,VMS 1,,Tanque,,1.68,1.50,1.68,1.56,2.28,2.30,3.40,2.59
13/09/2023 06:05 p. m.,Ordeño,06:11,15.01,3,,,,,0,,1.32,1.14,1.20,1.26,0,0,0,0,5.52,5.61,5.41,5.50,VMS 1,,Tanque,,1.62,1.56,1.62,1.68,3.26,3.32,4.61,3.82
14/09/2023 01:16 a. m.,Ordeño,06:15,15.77,1,,,,,0,,1.38,1.20,1.32,1.32,0,0,0,0,5.53,5.60,5.48,5.50,VMS 1,,Tanque,,1.80,1.56,1.80,1.68,3.48,3.47,4.93,3.89
14/09/2023 08:28 a. m.,Ordeño,06:27,15.15,2,,,,,0,,1.44,1.08,1.26,1.26,0,0,0,0,5.22,5.18,5.21,5.23,VMS 1,,Tanque,,1.86,1.62,1.62,1.62,3.02,3.49,4.77,3.87
14/09/2023 04:05 p. m.,Ordeño,06:27,14.85,3,,,,,0,,1.32,1.08,1.20,1.20,0,0,0,0,5.28,5.17,5.09,5.16,VMS 1,,Tanque,,1.68,1.74,1.68,1.56,3.25,3.36,4.54,3.70
15/09/2023 12:48 a. m.,Ordeño,07:15,18.63,1,,,,,0,,1.50,1.14,1.20,1.20,0,0,0,0,5.42,5.43,5.44,5.49,VMS 1,,Tanque,,2.04,1.50,1.62,1.56,3.49,4.33,5.96,4.85
15/09/2023 08:13 a. m.,Ordeño,06:17,15.56,2,,,,,0,,1.56,1.02,1.26,1.20,0,0,0,0,4.95,4.83,4.91,4.93,VMS 1,,Tanque,,1.98,1.50,1.86,1.56,3.20,3.55,4.83,3.98
15/09/2023 05:48 p. m.,Ordeño,07:02,18.49,3,,,,,0,,1.44,1.14,1.26,1.32,0,0,0,0,4.97,4.90,4.88,5.07,VMS 1,,Tanque,,1.74,1.50,1.62,1.68,4.00,4.09,5.72,4.68
16/09/2023 03:16 a. m.,Ordeño,07:22,18.95,1,,,,,0,,1.62,1.14,1.38,1.44,0,0,0,0,5.17,5.03,5.08,5.08,VMS 1,,Tanque,,2.04,1.56,1.74,1.80,3.91,4.38,6.28,4.38
16/09/2023 11:26 a. m.,Ordeño,06:20,18.33,2,,,,,0,,1.56,1.08,1.38,1.44,0,0,0,0,5.22,5.11,5.15,5.29,VMS 1,,Tanque,,1.98,1.50,1.80,1.74,4.01,4.10,5.56,4.66
16/09/2023 09:19 p. m.,Ordeño,06:52,19.28,3,,,,,0,,1.68,1.08,1.50,1.38,0,0,0,0,5.06,4.91,4.92,4.94,VMS 1,,Tanque,,2.10,1.44,2.04,1.74,3.96,4.30,5.99,5.03
17/09/2023 07:58 a. m.,Ordeño,06:51,20.93,1,,,,,0,,1.62,1.20,1.56,1.50,0,0,0,0,5.21,5.07,5.00,5.22,VMS 1,,Tanque,,2.10,1.68,1.98,1.86,4.03,5.11,6.11,5.68
17/09/2023 01:15 p. m.,Ordeño,05:06,11.31,2,,,,,0,,1.50,1.14,1.32,1.44,0,0,0,0,4.92,4.73,4.76,4.81,VMS 1,,Tanque,,1.98,1.56,1.80,1.98,2.47,2.52,3.50,2.82
18/09/2023 12:30 a. m.,Ordeño,07:30,22.68,1,,,,,0,,1.68,1.26,1.38,1.38,0,0,0,0,5.36,5.21,5.19,5.14,VMS 1,,Tanque,,2.10,1.68,1.80,1.68,4.89,5.06,7.03,5.70
18/09/2023 07:38 a. m.,Ordeño,06:28,15.18,2,,,,,0,,1.56,1.08,1.20,1.20,0,0,0,0,4.92,4.72,4.79,4.74,VMS 1,,Tanque,,1.98,1.50,1.68,1.68,3.34,3.32,4.74,3.78
18/09/2023 01:11 p. m.,Ordeño,04:59,10.66,3,,,,,0,,1.56,0.96,1.26,1.20,0,0,0,0,4.89,4.58,4.68,4.40,VMS 1,,Tanque,,1.86,1.38,1.68,1.62,2.23,2.36,3.34,2.73
19/09/2023 12:39 a. m.,Ordeño,07:57,22.35,1,,,,,0,,1.56,1.26,1.38,1.44,0,0,0,0,5.20,5.32,5.24,5.20,VMS 1,,Tanque,,1.86,1.62,1.74,1.86,4.43,5.03,7.35,5.54
19/09/2023 11:22 a. m.,Ordeño,07:22,22.17,2,,,,,0,,1.68,1.20,1.32,1.38,0,0,0,0,4.97,4.72,4.73,4.80,VMS 1,,Tanque,,2.16,1.62,1.68,1.74,4.99,4.88,6.76,5.54
19/09/2023 06:10 p. m.,Ordeño,05:33,12.62,3,,,,,0,,1.38,1.08,1.26,1.20,0,0,0,0,4.70,4.58,4.55,4.47,VMS 1,,Tanque,,1.68,1.50,1.62,1.56,2.73,2.65,3.99,3.25
20/09/2023 01:08 a. m.,Ordeño,06:04,14.08,1,,,,,0,,1.44,1.20,1.20,1.26,0,0,0,0,5.21,5.18,5.15,5.16,VMS 1,,Tanque,,1.74,1.68,1.62,1.74,3.09,3.07,4.27,3.65
20/09/2023 10:20 a. m.,Ordeño,07:05,20.43,2,,,,,0,,1.44,1.14,1.38,1.32,0,0,0,0,5.21,5.30,5.37,5.42,VMS 1,,Tanque,,1.80,1.50,1.98,1.68,3.68,4.72,6.66,5.37
20/09/2023 03:12 p. m.,Ordeño,04:34,9.64,3,,,,,0,,1.32,1.02,1.32,1.20,0,0,0,0,5.07,4.89,4.98,4.96,VMS 1,,Tanque,,1.68,1.44,1.68,1.62,2.08,2.07,3.02,2.47
21/09/2023 12:38 a. m.,Ordeño,07:52,20.17,1,,,,,0,,1.32,1.08,1.14,1.26,0,0,0,0,5.41,5.34,5.31,5.32,VMS 1,,Tanque,,1.74,1.44,1.56,1.56,4.38,4.32,6.27,5.20
21/09/2023 08:51 a. m.,Ordeño,06:26,17.66,2,,,,,0,,1.50,1.08,1.38,1.26,0,0,0,0,5.01,4.87,4.95,4.87,VMS 1,,Tanque,,1.92,1.44,1.74,1.62,3.59,3.96,5.65,4.46
21/09/2023 03:12 p. m.,Ordeño,05:29,13.18,3,,,,,0,,1.44,1.14,1.32,1.20,0,0,0,0,4.86,4.82,4.87,4.81,VMS 1,,Tanque,,1.92,1.50,1.80,1.68,2.93,2.87,4.12,3.26
22/09/2023 12:37 a. m.,Ordeño,07:54,20.63,1,,,,,0,,1.56,1.08,1.20,1.20,0,0,0,0,5.13,5.10,5.07,5.00,VMS 1,,Tanque,,1.86,1.50,1.56,1.56,4.49,4.49,6.43,5.22
22/09/2023 01:41 p. m.,Ordeño,08:45,24.97,2,,,,,0,,1.56,1.20,1.26,1.32,0,0,0,0,4.82,4.70,4.70,4.87,VMS 1,,Tanque,,1.98,1.62,1.62,1.68,5.25,5.49,7.91,6.32
22/09/2023 10:54 p. m.,Ordeño,07:21,18.68,3,,,,,0,,1.38,1.08,1.20,1.26,0,0,0,0,4.55,4.37,4.52,4.58,VMS 1,,Tanque,,1.74,1.44,1.74,1.62,4.37,3.94,5.74,4.63
23/09/2023 07:59 a. m.,Ordeño,07:01,19.04,1,,,,,0,,1.74,1.08,1.26,1.32,0,0,0,0,4.81,4.68,4.76,4.78,VMS 1,,Tanque,,2.10,1.56,1.74,1.68,4.04,4.29,5.91,4.80
23/09/2023 03:18 p. m.,Ordeño,05:56,14.31,2,,,,,0,,1.44,1.02,1.26,1.20,0,0,0,0,4.59,4.47,4.71,4.58,VMS 1,,Tanque,,1.74,1.38,1.74,1.44,3.07,3.13,4.53,3.58
23/09/2023 10:53 p. m.,Ordeño,06:54,16.00,3,,,,,0,,1.38,1.08,1.20,1.20,0,0,0,0,5.00,4.95,5.10,4.98,VMS 1,,Tanque,,1.74,1.50,1.62,1.56,3.28,3.54,5.03,4.15
24/09/2023 08:47 a. m.,Ordeño,07:33,21.49,1,,,,,0,,1.62,1.14,1.32,1.32,0,0,0,0,5.17,5.04,5.08,5.08,VMS 1,,Tanque,,2.04,1.50,1.62,1.68,4.76,4.58,6.65,5.50
24/09/2023 04:23 p. m.,Ordeño,06:13,14.72,2,,,,,0,,1.38,1.08,1.26,1.20,0,0,0,0,4.56,4.51,4.59,4.56,VMS 1,,Tanque,,1.74,1.44,1.62,1.62,3.23,3.18,4.57,3.74
25/09/2023 02:40 a. m.,Ordeño,08:41,20.84,1,,,,,0,,1.44,1.08,1.08,1.20,0,0,0,0,4.92,4.82,4.78,4.85,VMS 1,,Tanque,,1.86,1.62,1.50,1.50,4.23,4.72,6.53,5.36
25/09/2023 09:31 a. m.,Ordeño,06:31,14.78,2,,,,,0,,1.44,1.14,1.26,1.32,0,0,0,0,4.72,4.59,4.55,4.64,VMS 1,,Tanque,,1.80,1.56,1.68,1.74,3.20,3.24,4.66,3.68
25/09/2023 07:02 p. m.,Ordeño,07:26,18.67,3,,,,,0,,1.38,1.08,1.20,1.20,0,0,0,0,4.69,4.67,4.69,4.64,VMS 1,,Tanque,,1.74,1.50,1.62,1.56,4.06,3.96,5.97,4.68
26/09/2023 04:01 a. m.,Ordeño,06:59,20.31,1,,,,,0,,1.56,1.08,1.38,1.20,0,0,0,0,5.02,4.92,4.96,4.93,VMS 1,,Tanque,,1.92,1.44,1.74,1.56,4.45,4.30,6.39,5.17
26/09/2023 10:21 a. m.,Ordeño,05:26,12.82,2,,,,,0,,1.44,1.02,1.38,1.20,0,0,0,0,4.57,4.38,4.55,4.45,VMS 1,,Tanque,,1.92,1.44,1.80,1.50,2.70,2.84,4.07,3.21
26/09/2023 05:38 p. m.,Ordeño,06:57,14.16,3,,,,,0,,1.32,1.02,1.08,1.14,0,0,0,0,4.63,4.60,4.54,4.59,VMS 1,,Tanque,,1.68,1.44,1.44,1.38,3.07,3.09,4.44,3.56
26/09/2023 11:39 p. m.,Ordeño,05:23,11.19,4,,,,,0,,1.50,1.08,1.38,1.26,0,0,0,0,4.63,4.51,4.56,4.51,VMS 1,,Tanque,,1.86,1.44,1.86,1.62,2.37,2.44,3.77,2.61
27/09/2023 04:51 a. m.,Ordeño,05:40,10.64,1,,,,,0,,1.44,1.08,1.14,1.14,0,0,0,0,4.78,4.65,4.71,4.62,VMS 1,,Tanque,,1.74,1.50,1.50,1.50,2.23,2.31,3.45,2.65
27/09/2023 06:10 p. m.,Ordeño,08:10,23.14,2,,,,,0,,1.56,1.20,1.38,1.38,0,0,0,0,5.04,4.83,4.94,5.09,VMS 1,,Tanque,,1.92,1.56,1.86,1.80,4.73,4.08,7.95,6.38
27/09/2023 11:45 p. m.,Ordeño,05:36,11.50,3,,,,,0,,1.44,1.02,1.26,1.20,0,0,0,0,4.43,4.34,4.30,4.21,VMS 1,,Tanque,,1.86,1.38,1.62,1.50,2.50,2.51,3.67,2.82
28/09/2023 04:39 a. m.,Ordeño,04:56,9.77,1,,,,,0,,1.38,1.02,1.20,1.08,0,0,0,0,4.78,4.60,4.63,4.55,VMS 1,,Tanque,,1.80,1.38,1.62,1.50,2.12,2.13,3.07,2.45
28/09/2023 12:48 p. m.,Ordeño,06:50,16.06,2,,,,,0,,1.32,1.08,1.20,1.26,0,0,0,0,4.90,4.75,4.78,4.80,VMS 1,,Tanque,,1.68,1.62,1.74,1.56,3.54,3.42,5.00,4.10
28/09/2023 05:13 p. m.,Ordeño,04:40,9.10,3,,,,,0,,1.32,1.20,1.32,1.32,0,0,0,0,4.88,4.77,4.84,4.94,VMS 1,,Tanque,,1.74,1.62,1.74,1.62,2.00,1.93,2.90,2.27
28/09/2023 11:12 p. m.,Ordeño,05:36,12.17,4,,,,,0,,1.32,1.26,1.26,1.26,0,0,0,0,4.81,4.70,4.74,4.78,VMS 1,,Tanque,,1.68,1.68,1.62,1.62,2.79,2.42,3.88,3.08
29/09/2023 03:18 a. m.,Ordeño,04:48,8.65,1,,,,,0,,1.26,1.20,1.26,1.14,0,0,0,0,5.00,4.97,4.88,4.91,VMS 1,,Tanque,,1.62,1.56,1.80,1.50,1.93,1.84,2.79,2.09
29/09/2023 09:24 a. m.,Ordeño,05:39,13.64,2,,,,,0,,1.44,1.20,1.32,1.20,0,0,0,0,5.00,4.96,4.96,4.91,VMS 1,,Tanque,,1.80,1.68,1.74,1.50,2.96,3.14,4.14,3.40
29/09/2023 03:14 p. m.,Ordeño,05:19,11.55,3,,,,,0,,1.32,1.14,1.26,1.26,0,0,0,0,4.87,4.88,4.90,4.92,VMS 1,,Tanque,,1.74,1.56,1.62,1.68,2.48,2.52,3.66,2.89
30/09/2023 04:54 a. m.,Ordeño,08:09,22.45,1,,,,,0,,1.44,1.38,1.38,1.44,0,0,0,0,4.86,4.76,4.95,5.06,VMS 1,,Tanque,,1.86,1.86,1.80,1.98,3.97,4.07,7.77,6.64
30/09/2023 10:19 a. m.,Ordeño,05:14,12.03,2,,,,,0,,1.32,1.14,1.26,1.20,0,0,0,0,4.79,4.62,4.55,4.60,VMS 1,,Tanque,,1.86,1.62,1.68,1.62,2.71,2.76,3.66,2.90
30/09/2023 03:44 p. m.,Ordeño,05:18,11.54,3,,,,,0,,1.32,1.08,1.20,1.20,0,0,0,0,5.00,4.95,4.95,4.93,VMS 1,,Tanque,,1.68,1.44,1.50,1.50,2.60,2.52,3.60,2.82
30/09/2023 11:03 p. m.,Ordeño,06:14,16.58,4,,,,,0,,1.32,1.32,1.32,1.32,0,0,0,0,5.19,5.15,5.23,5.20,VMS 1,,Tanque,,1.68,1.62,1.74,1.74,3.79,3.58,5.04,4.17
01/10/2023 08:03 a. m.,Ordeño,07:02,19.04,1,,,,,0,,1.50,1.32,1.44,1.44,0,0,0,0,5.27,5.02,5.28,5.33,VMS 1,,Tanque,,1.92,1.68,1.98,1.98,4.50,2.83,6.54,5.17
01/10/2023 01:48 p. m.,Ordeño,05:12,12.01,2,,,,,0,,1.32,1.20,1.44,1.32,0,0,0,0,4.78,4.81,4.85,4.85,VMS 1,,Tanque,,1.68,1.62,1.74,1.74,2.65,2.61,3.81,2.94
01/10/2023 11:11 p. m.,Ordeño,06:52,19.24,3,,,,,0,,1.32,1.20,1.38,1.32,0,0,0,0,5.14,4.93,5.17,5.06,VMS 1,,Tanque,,1.62,1.62,1.86,1.68,4.71,3.36,6.34,4.83
02/10/2023 05:22 a. m.,Ordeño,05:38,14.23,1,,,,,0,,1.32,1.20,1.44,1.26,0,0,0,0,5.00,4.95,4.81,5.06,VMS 1,,Tanque,,1.74,1.56,1.80,1.74,3.21,3.05,4.43,3.54
02/10/2023 10:26 a. m.,Ordeño,04:55,11.63,2,,,,,0,,1.26,1.14,1.38,1.20,0,0,0,0,5.00,5.03,4.93,4.94,VMS 1,,Tanque,,1.68,1.50,1.92,1.56,2.62,2.58,3.59,2.84
02/10/2023 06:29 p. m.,Ordeño,06:19,16.82,3,,,,,0,,1.26,1.26,1.26,1.38,0,0,0,0,5.07,5.03,5.08,5.06,VMS 1,,Tanque,,1.62,1.62,1.68,1.80,3.68,3.74,4.25,5.15
03/10/2023 12:34 a. m.,Ordeño,05:22,14.34,1,,,,,0,,1.38,1.32,1.44,1.44,0,0,0,0,4.87,4.96,4.93,4.94,VMS 1,,Tanque,,1.68,1.74,1.80,1.80,3.13,3.21,4.40,3.60
03/10/2023 07:20 a. m.,Ordeño,06:10,15.67,2,,,,,0,,1.38,1.20,1.32,1.32,0,0,0,0,5.01,4.96,4.92,5.01,VMS 1,,Tanque,,1.74,1.56,1.86,1.68,3.43,3.50,4.84,3.90
03/10/2023 01:15 p. m.,Ordeño,05:09,11.91,3,,,,,0,,1.26,1.14,1.38,1.20,0,0,0,0,4.95,4.90,4.90,4.82,VMS 1,,Tanque,,1.68,1.56,1.74,1.68,2.56,2.59,3.72,3.04
04/10/2023 01:51 a. m.,Ordeño,08:00,22.53,1,,,,,0,,1.44,1.38,1.62,1.44,0,0,0,0,5.29,5.21,5.24,5.09,VMS 1,,Tanque,,1.86,1.68,1.98,1.86,5.48,4.51,8.50,4.04
04/10/2023 09:16 a. m.,Ordeño,05:53,16.29,2,,,,,0,,1.26,1.32,1.44,1.38,0,0,0,0,4.74,4.74,4.64,4.71,VMS 1,,Tanque,,1.62,1.68,2.04,1.80,3.76,3.29,5.13,4.11
04/10/2023 06:32 p. m.,Ordeño,07:38,20.15,3,,,,,0,,1.38,1.20,1.38,1.32,0,0,0,0,5.14,5.12,5.04,5.14,VMS 1,,Tanque,,1.68,1.62,1.86,1.68,4.33,4.44,6.16,5.22
05/10/2023 12:08 a. m.,Ordeño,05:16,12.63,1,,,,,0,,1.38,1.20,1.50,1.32,0,0,0,0,5.01,4.93,4.98,5.04,VMS 1,,Tanque,,1.68,1.62,1.98,1.74,2.78,2.79,3.93,3.13
05/10/2023 05:09 a. m.,Ordeño,04:52,11.04,2,,,,,0,,1.38,1.20,1.32,1.26,0,0,0,0,5.02,4.95,4.93,4.93,VMS 1,,Tanque,,1.74,1.50,1.80,1.68,2.21,2.51,3.51,2.81
05/10/2023 09:50 a. m.,Ordeño,04:42,9.79,3,,,,,0,,1.38,1.14,1.32,1.26,0,0,0,0,4.86,4.75,4.80,4.82,VMS 1,,Tanque,,1.74,1.62,1.68,1.56,2.15,2.15,3.04,2.45
05/10/2023 06:54 p. m.,Ordeño,06:48,17.19,4,,,,,0,,1.26,1.14,1.26,1.14,0,0,0,0,5.27,5.21,5.34,5.36,VMS 1,,Tanque,,1.68,1.44,1.74,1.50,3.75,3.68,5.42,4.34
06/10/2023 01:50 a. m.,Ordeño,05:51,13.33,1,,,,,0,,1.38,1.20,1.38,1.32,0,0,0,0,4.86,4.81,4.92,4.97,VMS 1,,Tanque,,1.80,1.44,1.86,1.62,2.21,3.09,4.48,3.55
06/10/2023 08:16 a. m.,Ordeño,05:25,13.09,2,,,,,0,,1.38,1.20,1.44,1.20,0,0,0,0,4.57,4.62,4.64,4.66,VMS 1,,Tanque,,1.86,1.56,1.98,1.62,2.51,3.04,4.15,3.39
06/10/2023 01:35 p. m.,Ordeño,05:00,8.20,3,,,,,0,,1.26,1.20,1.26,1.14,0,0,0,0,4.66,4.63,4.62,4.65,VMS 1,,Tanque,,1.62,1.56,1.68,1.50,1.71,1.79,2.66,2.04
06/10/2023 06:10 p. m.,Ordeño,04:42,9.11,4,,,,,0,,1.20,1.20,1.20,1.20,0,0,0,0,4.97,4.88,4.84,4.93,VMS 1,,Tanque,,1.56,1.62,1.62,1.62,2.09,1.85,2.89,2.28
07/10/2023 01:39 a. m.,Ordeño,05:39,15.98,1,,,,,0,,1.32,1.26,1.50,1.32,0,0,0,0,5.05,5.08,5.05,5.05,VMS 1,,Tanque,,1.62,1.68,1.86,1.86,3.44,3.52,4.94,4.08
07/10/2023 08:44 a. m.,Ordeño,06:04,15.84,2,,,,,0,,1.32,1.08,1.38,1.26,0,0,0,0,4.65,4.61,4.67,4.63,VMS 1,,Tanque,,1.68,1.44,1.86,1.56,3.51,3.60,4.86,3.87
07/10/2023 04:19 p. m.,Ordeño,06:10,13.37,3,,,,,0,,1.26,1.08,1.26,1.14,0,0,0,0,4.52,4.46,4.54,4.58,VMS 1,,Tanque,,1.62,1.44,1.62,1.50,2.84,2.87,4.30,3.36
08/10/2023 12:48 a. m.,Ordeño,06:15,16.26,1,,,,,0,,1.20,1.20,1.32,1.26,0,0,0,0,4.84,4.75,4.80,4.84,VMS 1,,Tanque,,1.56,1.44,1.68,1.62,3.59,3.60,4.98,4.09
08/10/2023 05:23 a. m.,Ordeño,04:40,9.12,2,,,,,0,,1.38,1.08,1.26,1.20,0,0,0,0,4.70,4.60,4.69,4.77,VMS 1,,Tanque,,1.80,1.50,1.62,1.80,2.08,1.99,2.79,2.26
08/10/2023 10:12 a. m.,Ordeño,04:44,9.20,3,,,,,0,,1.26,1.14,1.20,1.20,0,0,0,0,4.69,4.69,4.68,4.76,VMS 1,,Tanque,,1.56,1.44,1.56,1.44,1.96,2.05,2.80,2.39
08/10/2023 04:16 p. m.,Ordeño,04:46,10.26,4,,,,,0,,1.20,1.26,1.32,1.20,0,0,0,0,4.52,4.64,4.60,4.59,VMS 1,,Tanque,,1.50,1.56,1.74,1.74,2.18,2.21,3.23,2.64
09/10/2023 02:31 a. m.,Ordeño,06:49,20.05,1,,,,,0,,1.26,1.38,1.38,1.44,0,0,0,0,4.99,4.91,4.90,4.97,VMS 1,,Tanque,,1.56,1.86,1.80,2.04,4.54,4.13,6.15,5.23
09/10/2023 09:55 a. m.,Ordeño,05:49,14.40,2,,,,,0,,1.38,1.20,1.44,1.44,0,0,0,0,4.79,4.73,4.80,4.65,VMS 1,,Tanque,,1.80,1.50,1.80,1.86,3.08,3.11,4.50,3.71
09/10/2023 08:12 p. m.,Ordeño,06:45,17.59,3,,,,,0,,1.14,1.20,1.32,1.26,0,0,0,0,4.53,4.53,4.45,4.58,VMS 1,,Tanque,,1.50,1.50,1.80,1.74,3.84,3.66,5.55,4.54
10/10/2023 05:22 a. m.,Ordeño,06:22,4.65,1,,,"DI,DD,TI","DI,DD,TI",0,,0.00,0.00,0.00,1.44,0,0,0,0,0.00,0.00,0.00,5.20,VMS 1,,Tanque,,0.00,0.00,0.00,1.98,0.00,0.00,0.00,4.65
10/10/2023 11:53 a. m.,Ordeño,07:45,21.69,2,,,,,0,,1.32,1.44,1.56,1.26,0,0,0,0,4.57,4.93,4.91,4.68,VMS 1,,Tanque,,1.92,1.80,1.92,1.62,4.19,6.18,8.00,3.32
10/10/2023 08:19 p. m.,Ordeño,05:31,15.61,3,,,,,0,,1.26,1.26,1.44,1.38,0,0,0,0,4.53,4.37,4.36,4.83,VMS 1,,Tanque,,1.62,1.56,1.86,1.80,3.27,3.44,4.78,4.12
11/10/2023 04:04 a. m.,Ordeño,05:40,16.70,1,,,,,0,,1.50,1.26,1.62,1.50,0,0,0,0,5.23,5.07,5.16,5.31,VMS 1,,Tanque,,1.98,1.56,2.10,1.80,3.63,3.59,5.08,4.40
11/10/2023 12:16 p. m.,Ordeño,06:06,17.71,2,,,,,0,,1.38,1.32,1.50,1.38,0,0,0,0,5.15,5.07,5.11,5.17,VMS 1,,Tanque,,1.86,1.68,1.86,1.74,3.95,3.69,5.46,4.61
11/10/2023 05:50 p. m.,Ordeño,04:47,10.78,3,,,,,0,,1.32,1.14,1.32,1.20,0,0,0,0,5.07,4.93,5.06,4.98,VMS 1,,Tanque,,1.68,1.50,1.74,1.56,2.33,2.23,3.39,2.83
12/10/2023 05:06 a. m.,Ordeño,06:29,20.02,1,,,,,0,,1.50,1.38,1.68,1.50,0,0,0,0,5.15,5.33,5.25,5.37,VMS 1,,Tanque,,1.92,1.68,2.04,1.86,2.86,4.92,5.84,6.40
12/10/2023 03:21 p. m.,Ordeño,07:17,21.14,2,,,,,0,,1.38,1.32,1.32,1.32,0,0,0,0,4.89,4.76,4.92,4.87,VMS 1,,Tanque,,1.74,1.62,1.62,1.68,4.56,4.69,6.39,5.50
13/10/2023 01:24 a. m.,Ordeño,06:30,19.73,1,,,,,0,,1.38,1.26,1.56,1.38,0,0,0,0,5.02,4.86,5.04,4.99,VMS 1,,Tanque,,1.68,1.56,1.98,1.74,4.50,3.75,6.26,5.22
13/10/2023 03:47 p. m.,Ordeño,08:37,28.73,2,,,,,0,,1.50,1.26,1.44,1.32,0,0,0,0,5.13,5.08,5.05,5.11,VMS 1,,Tanque,,1.98,1.68,1.92,1.62,6.44,6.07,8.99,7.23
14/10/2023 03:19 a. m.,Ordeño,08:25,24.08,1,,TD,,,0,,1.38,1.26,1.32,1.38,0,0,0,0,4.87,4.93,4.89,4.94,VMS 1,,Tanque,,1.80,1.62,1.74,2.04,5.07,5.33,7.49,6.19
14/10/2023 09:43 a. m.,Ordeño,05:19,12.94,2,,,,,0,,1.20,1.32,1.32,1.26,0,0,0,0,4.61,4.59,4.54,4.62,VMS 1,,Tanque,,1.62,1.86,1.74,1.68,2.80,2.92,3.90,3.32
14/10/2023 05:36 p. m.,Ordeño,06:14,15.60,3,,,,,0,,1.26,1.32,1.32,1.38,0,0,0,0,4.88,4.80,4.26,4.82,VMS 1,,Tanque,,1.74,1.74,1.80,1.80,3.47,3.35,4.86,3.92
15/10/2023 03:04 a. m.,Ordeño,06:27,19.42,1,,,,,0,,1.38,1.44,1.56,1.50,0,0,0,0,4.92,4.92,4.96,5.03,VMS 1,,Tanque,,1.80,1.80,1.98,1.98,4.50,3.68,6.28,4.96
15/10/2023 10:53 a. m.,Ordeño,05:26,15.24,2,,,,,0,,1.44,1.32,1.50,1.44,0,0,0,0,4.64,4.56,4.63,4.65,VMS 1,,Tanque,,1.80,1.68,1.80,1.80,3.41,3.31,4.71,3.81
15/10/2023 07:21 p. m.,Ordeño,05:33,14.44,3,,,,,0,,1.14,1.20,1.38,1.26,0,0,0,0,4.37,4.39,4.44,4.36,VMS 1,,Tanque,,1.44,1.50,1.74,1.62,3.10,3.09,4.50,3.75
16/10/2023 03:20 a. m.,Ordeño,05:10,15.96,1,,,,,0,,1.62,1.38,1.68,1.50,0,0,0,0,4.83,4.85,4.89,4.92,VMS 1,,Tanque,,2.04,1.80,2.16,1.86,3.44,3.62,4.90,4.00
16/10/2023 09:12 a. m.,Ordeño,04:40,11.19,2,,,,,0,,1.38,1.26,1.50,1.38,0,0,0,0,4.50,4.53,4.69,4.50,VMS 1,,Tanque,,1.80,1.62,1.98,1.80,2.38,2.50,3.45,2.86
16/10/2023 04:57 p. m.,Ordeño,06:00,14.48,3,,,,,0,,1.32,1.20,1.26,1.26,0,0,0,0,4.85,4.82,4.82,4.87,VMS 1,,Tanque,,1.68,1.56,1.68,1.50,3.08,3.14,4.50,3.76
16/10/2023 09:39 p. m.,Ordeño,05:04,9.32,4,,,,,0,,1.26,1.20,1.32,1.20,0,0,0,0,4.86,4.90,4.81,4.93,VMS 1,,Tanque,,1.56,1.56,1.80,1.62,1.98,2.04,2.99,2.31
17/10/2023 04:39 a. m.,Ordeño,06:33,14.74,1,,,,,0,,1.26,1.38,1.38,1.20,0,0,0,0,5.20,5.11,5.08,5.11,VMS 1,,Tanque,,1.56,1.74,1.62,1.50,3.32,2.98,4.68,3.76
17/10/2023 09:47 a. m.,Ordeño,04:32,10.66,2,,,,,0,,1.44,1.14,1.50,1.26,0,0,0,0,4.85,4.72,4.83,4.69,VMS 1,,Tanque,,2.04,1.62,1.86,1.62,2.30,2.37,3.34,2.65
17/10/2023 04:01 p. m.,Ordeño,05:13,11.43,3,,,,,0,,1.38,1.20,1.38,1.32,0,0,0,0,4.72,4.70,4.69,4.79,VMS 1,,Tanque,,1.74,1.68,1.80,1.74,2.45,2.52,3.61,2.85
17/10/2023 11:25 p. m.,Ordeño,05:56,14.86,4,,,,,0,,1.32,1.26,1.38,1.20,0,0,0,0,5.10,5.01,5.21,5.18,VMS 1,,Tanque,,1.68,1.74,1.68,1.56,3.43,2.79,4.70,3.94
18/10/2023 08:49 a. m.,Ordeño,06:09,20.02,1,,,,,0,,1.68,1.20,1.62,1.38,0,0,0,0,5.10,4.89,5.09,5.03,VMS 1,,Tanque,,2.04,1.56,1.92,1.62,4.45,4.40,6.17,5.00
18/10/2023 04:29 p. m.,Ordeño,05:32,14.94,2,,,,,0,,1.44,1.20,1.44,1.26,0,0,0,0,4.86,4.68,4.79,4.76,VMS 1,,Tanque,,1.86,1.68,1.86,1.56,3.26,3.29,4.61,3.78
19/10/2023 01:57 a. m.,Ordeño,06:36,19.08,1,,,,,0,,1.44,1.32,1.50,1.32,0,0,0,0,5.01,4.82,4.90,4.90,VMS 1,,Tanque,,1.80,1.80,1.98,1.62,4.33,3.71,6.05,4.99
19/10/2023 09:53 a. m.,Ordeño,06:00,16.36,2,,,,,0,,1.56,1.26,1.44,1.32,0,0,0,0,4.80,4.68,4.84,4.84,VMS 1,,Tanque,,2.22,1.68,1.80,1.74,3.87,3.07,5.19,4.23
19/10/2023 03:25 p. m.,Ordeño,04:39,9.73,3,,,,,0,,1.38,1.20,1.38,1.20,0,0,0,0,4.53,4.42,4.51,4.49,VMS 1,,Tanque,,1.74,1.56,1.74,1.50,2.00,2.14,3.06,2.53
19/10/2023 09:50 p. m.,Ordeño,05:38,13.09,4,,,,,0,,1.38,1.02,1.32,1.14,0,0,0,0,4.87,4.74,4.84,4.85,VMS 1,,Tanque,,1.68,1.44,1.74,1.50,2.85,2.84,4.12,3.28
20/10/2023 07:17 a. m.,Ordeño,07:00,19.50,1,,,,,0,,1.44,1.26,1.44,1.26,0,0,0,0,5.14,4.90,4.99,5.00,VMS 1,,Tanque,,1.80,1.68,1.80,1.68,4.57,3.33,6.39,5.21
20/10/2023 05:20 p. m.,Ordeño,07:12,19.87,2,,,,,0,,1.44,1.20,1.32,1.20,0,0,0,0,4.77,4.73,4.71,4.69,VMS 1,,Tanque,,1.92,1.50,1.68,1.80,4.39,4.35,6.13,5.00
21/10/2023 01:35 a. m.,Ordeño,06:48,17.33,1,,,,,0,,1.44,1.20,1.32,1.26,0,0,0,0,4.96,4.91,4.99,4.97,VMS 1,,Tanque,,1.92,1.68,1.68,1.68,3.86,3.72,5.33,4.42
21/10/2023 09:21 a. m.,Ordeño,06:37,17.70,2,,,,,0,,1.44,1.32,1.38,1.32,0,0,0,0,5.23,5.19,5.23,5.25,VMS 1,,Tanque,,1.80,1.80,1.74,1.74,3.93,3.62,5.52,4.63
21/10/2023 07:50 p. m.,Ordeño,07:01,19.19,3,,,,,0,,1.44,1.20,1.32,1.26,0,0,0,0,4.84,4.73,4.86,4.87,VMS 1,,Tanque,,1.80,1.68,1.68,1.68,4.24,4.32,5.84,4.79
21/10/2023 11:55 p. m.,Ordeño,05:09,5.24,1,,,,,0,,0.72,0.72,1.02,0.60,0,0,0,0,4.51,4.54,4.51,4.32,VMS 1,,Tanque,,1.38,1.26,1.50,1.20,1.07,1.09,1.60,1.48
22/10/2023 11:47 a. m.,Ordeño,08:14,24.50,1,,,,,0,,1.38,1.26,1.38,1.26,0,0,0,0,5.12,5.03,5.05,5.03,VMS 1,,Tanque,,1.68,1.80,1.80,1.80,5.62,4.80,7.86,6.22
22/10/2023 06:24 p. m.,Ordeño,05:09,12.62,2,,,,,0,,1.32,1.14,1.44,1.32,0,0,0,0,4.91,4.75,4.87,4.91,VMS 1,,Tanque,,1.62,1.56,1.80,1.68,2.93,2.05,4.19,3.45
23/10/2023 02:53 a. m.,Ordeño,06:18,19.31,1,,,,,0,,1.44,1.38,1.50,1.38,0,0,0,0,5.49,5.47,5.46,5.42,VMS 1,,Tanque,,1.86,1.98,1.98,1.74,4.31,4.09,6.03,4.88
23/10/2023 10:56 a. m.,Ordeño,06:37,17.17,2,,,,,0,,1.44,1.20,1.32,1.32,0,0,0,0,5.25,5.19,5.19,5.20,VMS 1,,Tanque,,1.86,1.56,1.68,1.74,3.66,3.84,5.28,4.39
23/10/2023 04:17 p. m.,Ordeño,04:53,10.02,3,,,,,0,,1.32,1.14,1.26,1.14,0,0,0,0,4.99,4.93,4.92,4.92,VMS 1,,Tanque,,1.68,1.56,1.68,1.56,2.11,2.24,3.13,2.54
24/10/2023 01:13 a. m.,Ordeño,06:11,19.89,1,,,,,0,,1.56,1.20,1.56,1.32,0,0,0,0,5.65,5.60,5.65,5.60,VMS 1,,Tanque,,1.92,1.62,1.92,1.68,4.40,4.33,6.04,5.12
24/10/2023 07:29 a. m.,Ordeño,05:10,13.04,2,,,,,0,,1.38,1.20,1.50,1.38,0,0,0,0,5.19,5.14,5.18,5.20,VMS 1,,Tanque,,1.74,1.56,1.92,1.74,2.90,2.81,4.02,3.31
24/10/2023 12:04 p. m.,Ordeño,04:33,8.67,3,,,,,0,,1.26,1.02,1.32,1.14,0,0,0,0,5.06,4.94,4.98,4.92,VMS 1,,Tanque,,1.62,1.50,1.68,1.50,1.83,1.83,2.77,2.24
24/10/2023 08:01 p. m.,Ordeño,07:32,17.60,4,,DD,,,0,,1.38,0.90,1.38,1.20,0,0,0,0,5.47,5.19,5.46,5.39,VMS 1,,Tanque,,1.80,1.62,1.80,1.62,3.95,3.85,5.35,4.45
25/10/2023 06:07 a. m.,Ordeño,09:13,21.60,1,,DD,,,0,,1.56,1.02,1.56,1.32,0,0,0,0,5.38,5.36,5.37,5.26,VMS 1,,Tanque,,1.86,1.80,1.98,1.68,4.66,4.74,6.68,5.52
25/10/2023 10:50 a. m.,Ordeño,04:23,8.52,2,,,,,0,,1.20,1.14,1.26,1.20,0,0,0,0,4.58,4.68,4.54,4.55,VMS 1,,Tanque,,1.62,1.50,1.68,1.68,1.94,2.00,2.46,2.12
25/10/2023 06:28 p. m.,Ordeño,05:16,13.90,3,,,,,0,,1.44,1.26,1.44,1.32,0,0,0,0,4.83,4.81,4.76,4.69,VMS 1,,Tanque,,1.80,1.62,1.92,1.68,3.05,2.90,4.31,3.64
26/10/2023 01:06 a. m.,Ordeño,05:17,14.48,1,,,,,0,,1.50,1.32,1.56,1.44,0,0,0,0,5.24,5.21,5.22,5.11,VMS 1,,Tanque,,1.98,1.74,2.10,1.98,3.18,3.16,4.49,3.65
26/10/2023 09:19 a. m.,Ordeño,05:56,17.14,2,,,,,0,,1.44,1.26,1.44,1.26,0,0,0,0,5.02,5.14,5.07,5.08,VMS 1,,Tanque,,1.74,1.74,1.74,1.62,3.81,3.74,5.25,4.34
26/10/2023 08:04 p. m.,Ordeño,06:44,20.30,3,,,,,0,,1.50,1.26,1.50,1.32,0,0,0,0,4.98,5.03,5.09,4.93,VMS 1,,Tanque,,1.98,1.68,1.98,1.68,4.34,4.53,6.20,5.23
27/10/2023 12:59 a. m.,Ordeño,04:36,10.03,1,,,,,0,,1.38,1.14,1.44,1.20,0,0,0,0,4.89,4.89,4.84,4.94,VMS 1,,Tanque,,1.74,1.56,1.86,1.56,2.14,2.20,3.17,2.52
27/10/2023 08:38 a. m.,Ordeño,06:01,17.09,2,,,,,0,,1.50,1.14,1.44,1.26,0,0,0,0,5.23,5.18,5.26,5.17,VMS 1,,Tanque,,1.98,1.62,1.98,1.74,3.64,3.66,5.37,4.42
27/10/2023 01:12 p. m.,Ordeño,04:24,8.20,3,,,,,0,,1.38,1.20,1.32,1.32,0,0,0,0,4.82,4.92,4.86,4.96,VMS 1,,Tanque,,1.74,1.56,1.80,1.68,1.81,1.86,2.63,1.90
27/10/2023 07:22 p. m.,Ordeño,04:52,11.38,4,,,,,0,,1.32,1.20,1.32,1.20,0,0,0,0,4.83,4.91,4.87,4.82,VMS 1,,Tanque,,1.62,1.62,1.68,1.62,2.46,2.42,3.47,3.03
28/10/2023 12:59 a. m.,Ordeño,05:39,12.61,1,,,,,0,,1.32,1.20,1.26,1.26,0,0,0,0,5.24,5.17,5.11,5.24,VMS 1,,Tanque,,1.62,1.56,1.68,1.74,2.75,2.65,3.99,3.22
28/10/2023 05:44 a. m.,Ordeño,04:44,9.45,2,,,,,0,,1.32,1.26,1.38,1.20,0,0,0,0,5.36,5.46,5.45,5.43,VMS 1,,Tanque,,1.68,1.62,1.86,1.68,2.00,2.02,3.04,2.39
28/10/2023 10:43 a. m.,Ordeño,04:48,11.37,3,,,,,0,,1.44,1.14,1.38,1.14,0,0,0,0,5.21,5.20,5.31,5.11,VMS 1,,Tanque,,1.86,1.50,1.80,1.44,2.36,2.53,3.55,2.93
28/10/2023 06:47 p. m.,Ordeño,05:40,15.98,4,,,,,0,,1.44,1.14,1.50,1.32,0,0,0,0,5.08,5.01,5.13,4.94,VMS 1,,Tanque,,1.80,1.74,1.92,1.68,3.40,3.48,5.03,4.07
29/10/2023 06:34 a. m.,Ordeño,07:51,23.99,1,,,,,0,,1.44,1.14,1.44,1.38,0,0,0,0,5.11,5.07,5.10,5.09,VMS 1,,Tanque,,1.80,1.56,1.74,1.68,5.18,5.19,7.51,6.11
29/10/2023 11:31 a. m.,Ordeño,04:44,10.01,2,,,,,0,,1.44,1.14,1.44,1.32,0,0,0,0,4.85,4.74,4.83,4.81,VMS 1,,Tanque,,1.86,1.56,1.86,1.68,2.17,2.17,3.13,2.54
29/10/2023 05:27 p. m.,Ordeño,05:16,10.82,3,,,,,0,,1.26,1.14,1.32,1.14,0,0,0,0,4.90,4.96,4.83,4.87,VMS 1,,Tanque,,1.62,1.50,1.62,1.56,2.27,2.26,3.53,2.76
29/10/2023 10:40 p. m.,Ordeño,05:09,10.12,4,,,,,0,,1.26,1.14,1.26,1.08,0,0,0,0,4.83,4.93,4.87,4.81,VMS 1,,Tanque,,1.62,1.50,1.56,1.50,2.25,2.13,3.19,2.55
30/10/2023 02:55 a. m.,Ordeño,04:26,9.06,1,,,,,0,,1.32,1.26,1.38,1.26,0,0,0,0,5.02,5.00,5.14,5.21,VMS 1,,Tanque,,1.68,1.62,1.86,1.62,2.06,1.96,2.83,2.21
30/10/2023 10:25 a. m.,Ordeño,05:36,14.73,2,,,,,0,,1.38,1.14,1.38,1.20,0,0,0,0,4.92,4.88,4.91,4.93,VMS 1,,Tanque,,1.80,1.44,1.74,1.56,3.26,3.24,4.47,3.76
30/10/2023 05:46 p. m.,Ordeño,05:46,12.42,3,,,,,0,,1.26,1.08,1.14,1.14,0,0,0,0,4.48,4.54,4.46,4.47,VMS 1,,Tanque,,1.68,1.44,1.56,1.56,2.56,2.63,3.99,3.24
30/10/2023 10:37 p. m.,Ordeño,04:42,9.02,4,,,,,0,,1.20,0.96,1.20,1.14,0,0,0,0,4.61,4.63,4.66,4.59,VMS 1,,Tanque,,1.62,1.32,1.62,1.56,1.97,1.85,2.91,2.29
31/10/2023 09:19 a. m.,Ordeño,07:28,22.07,1,,,,,0,,1.44,1.38,1.32,1.26,0,0,0,0,5.21,5.29,5.24,5.23,VMS 1,,Tanque,,1.74,1.68,1.74,1.62,4.89,4.77,6.86,5.55
31/10/2023 04:24 p. m.,Ordeño,05:28,12.21,2,,,,,0,,1.26,1.14,1.26,1.14,0,0,0,0,4.77,4.81,4.72,4.66,VMS 1,,Tanque,,1.62,1.50,1.62,1.50,2.62,2.63,3.78,3.18
31/10/2023 10:20 p. m.,Ordeño,05:30,9.03,3,,,,,0,,1.20,0.90,1.14,1.02,0,0,0,0,4.38,4.31,4.45,4.29,VMS 1,,Tanque,,1.56,1.26,1.56,1.32,1.86,1.88,2.97,2.32
01/11/2023 08:32 a. m.,Ordeño,07:00,20.66,1,,,,,0,,1.38,1.44,1.44,1.32,0,0,0,0,5.18,5.18,5.26,5.15,VMS 1,,Tanque,,1.68,1.86,1.86,1.74,4.61,4.32,6.48,5.25
01/11/2023 03:19 p. m.,Ordeño,05:11,12.17,2,,,,,0,,1.38,1.20,1.38,1.26,0,0,0,0,4.66,4.68,4.69,4.73,VMS 1,,Tanque,,1.86,1.62,1.74,1.62,2.39,2.71,3.93,3.14
02/11/2023 01:53 a. m.,Ordeño,07:36,19.48,1,,,,,0,,1.32,1.20,1.20,1.08,0,0,0,0,4.86,4.88,4.83,4.79,VMS 1,,Tanque,,1.68,1.56,1.62,1.62,3.81,4.39,6.26,5.02
02/11/2023 11:19 a. m.,Ordeño,06:30,18.60,2,,,,,0,,1.50,1.14,1.44,1.44,0,0,0,0,4.96,4.87,4.96,5.02,VMS 1,,Tanque,,1.86,1.62,1.92,1.98,3.74,4.21,5.94,4.71
02/11/2023 06:24 p. m.,Ordeño,05:08,12.84,3,,,,,0,,1.32,1.26,1.38,1.20,0,0,0,0,4.69,4.79,4.76,4.65,VMS 1,,Tanque,,1.62,1.62,1.80,1.56,2.78,2.77,3.94,3.35
03/11/2023 02:09 a. m.,Ordeño,05:33,15.14,1,,,,,0,,1.56,1.20,1.56,1.32,0,0,0,0,4.95,4.88,4.82,4.93,VMS 1,,Tanque,,1.92,1.56,1.98,1.80,3.20,3.34,4.81,3.79
03/11/2023 02:04 p. m.,Ordeño,07:05,22.36,2,,,,,0,,1.56,1.26,1.44,1.32,0,0,0,0,4.89,4.84,4.89,4.95,VMS 1,,Tanque,,1.98,1.68,1.86,1.92,4.88,4.93,6.87,5.68
03/11/2023 08:52 p. m.,Ordeño,05:12,11.66,3,,,,,0,,1.32,1.02,1.32,1.08,0,0,0,0,4.52,4.44,4.49,4.47,VMS 1,,Tanque,,1.74,1.38,1.68,1.50,2.44,2.55,3.72,2.95
04/11/2023 01:50 a. m.,Ordeño,04:25,9.79,1,,,,,0,,1.50,1.26,1.44,1.32,0,0,0,0,4.99,4.97,4.96,5.01,VMS 1,,Tanque,,1.92,1.62,1.86,1.68,2.17,2.06,3.03,2.53
04/11/2023 12:29 p. m.,Ordeño,06:42,20.56,2,,,,,0,,1.38,1.38,1.44,1.50,0,0,0,0,4.95,5.01,5.09,5.09,VMS 1,,Tanque,,1.86,1.68,1.86,1.98,4.43,4.57,6.26,5.30
04/11/2023 09:29 p. m.,Ordeño,06:03,16.61,3,,,,,0,,1.44,1.20,1.44,1.38,0,0,0,0,4.81,4.69,4.82,4.90,VMS 1,,Tanque,,1.86,1.62,1.74,1.74,3.59,3.52,5.27,4.23
05/11/2023 09:18 a. m.,Ordeño,07:19,21.71,1,,,,,0,,1.44,1.32,1.44,1.44,0,0,0,0,5.03,4.90,5.03,5.09,VMS 1,,Tanque,,1.80,1.74,1.92,1.80,5.16,4.13,7.29,5.13
05/11/2023 02:22 p. m.,Ordeño,04:49,10.27,2,,,,,0,,1.32,1.20,1.32,1.20,0,0,0,0,4.69,4.78,4.69,4.81,VMS 1,,Tanque,,1.74,1.68,1.74,1.56,2.24,2.20,3.28,2.55
05/11/2023 10:09 p. m.,Ordeño,06:07,15.35,3,,,,,0,,1.38,1.02,1.26,1.14,0,0,0,0,4.86,4.85,4.89,4.88,VMS 1,,Tanque,,1.80,1.44,1.74,1.44,3.28,3.33,4.86,3.88
06/11/2023 11:49 a. m.,Ordeño,07:45,25.42,1,,,,,0,,1.50,1.32,1.62,1.26,0,0,0,0,5.04,5.17,5.23,5.28,VMS 1,,Tanque,,1.98,1.68,1.98,1.68,4.60,5.83,7.87,7.12
06/11/2023 05:05 p. m.,Ordeño,04:41,8.99,2,,,,,0,,1.32,1.14,1.38,1.26,0,0,0,0,4.56,4.51,4.49,4.46,VMS 1,,Tanque,,1.68,1.50,1.80,1.62,1.85,1.96,2.82,2.36
07/11/2023 06:45 a. m.,Ordeño,07:30,23.72,1,,,,,0,,1.38,1.26,1.50,1.38,0,0,0,0,5.09,4.84,5.03,4.96,VMS 1,,Tanque,,1.74,1.68,1.86,1.68,5.36,3.89,7.91,6.56
07/11/2023 02:21 p. m.,Ordeño,05:57,15.37,2,,,,,0,,1.32,1.26,1.32,1.26,0,0,0,0,5.19,5.30,5.16,5.14,VMS 1,,Tanque,,1.68,1.56,1.68,1.68,3.34,3.33,4.77,3.93
08/11/2023 01:25 a. m.,Ordeño,07:12,23.70,1,,,,,0,,1.50,1.32,1.50,1.38,0,0,0,0,5.18,5.31,5.29,5.22,VMS 1,,Tanque,,1.98,1.68,1.86,1.80,5.21,5.17,7.28,6.04
08/11/2023 11:32 a. m.,Ordeño,06:45,20.46,2,,,,,0,,1.50,1.26,1.38,1.38,0,0,0,0,4.97,5.03,5.09,5.10,VMS 1,,Tanque,,1.86,1.62,1.80,1.74,4.56,4.48,6.31,5.11
08/11/2023 05:38 p. m.,Ordeño,05:05,11.67,3,,,,,0,,1.32,1.26,1.32,1.26,0,0,0,0,4.78,4.89,4.89,4.81,VMS 1,,Tanque,,1.74,1.68,1.80,1.56,2.47,2.52,3.63,3.05
09/11/2023 04:25 a. m.,Ordeño,07:27,20.68,1,,,,,0,,1.50,1.38,1.32,1.38,0,0,0,0,5.14,4.98,4.76,4.94,VMS 1,,Tanque,,1.92,1.86,1.80,1.74,4.63,4.01,6.77,5.27
09/11/2023 12:53 p. m.,Ordeño,05:45,16.87,2,,,,,0,,1.50,1.38,1.44,1.38,0,0,0,0,5.01,5.04,5.03,4.98,VMS 1,,Tanque,,2.10,1.68,1.80,1.80,3.71,3.70,5.10,4.36
09/11/2023 09:28 p. m.,Ordeño,05:37,14.93,3,,,,,0,,1.26,1.14,1.44,1.32,0,0,0,0,4.59,4.73,4.76,4.71,VMS 1,,Tanque,,1.62,1.50,1.80,1.74,2.79,3.46,4.74,3.94
10/11/2023 06:51 a. m.,Ordeño,06:01,18.43,1,,,,,0,,1.56,1.44,1.68,1.56,0,0,0,0,5.27,5.38,5.43,5.32,VMS 1,,Tanque,,2.10,1.80,2.16,1.92,3.02,4.05,6.33,5.03
10/11/2023 01:51 p. m.,Ordeño,05:14,13.92,2,,,,,0,,1.50,1.32,1.50,1.44,0,0,0,0,5.01,5.05,4.96,5.05,VMS 1,,Tanque,,1.86,1.68,2.04,1.92,3.09,2.95,4.27,3.61
10/11/2023 08:23 p. m.,Ordeño,05:13,11.75,3,,,,,0,,1.38,1.08,1.32,1.20,0,0,0,0,4.95,4.90,4.96,4.86,VMS 1,,Tanque,,1.68,1.44,1.80,1.74,2.49,2.60,3.69,2.97
11/11/2023 03:29 a. m.,Ordeño,05:34,15.59,1,,,,,0,,1.32,1.38,1.50,1.32,0,0,0,0,5.49,5.57,5.43,5.46,VMS 1,,Tanque,,1.80,1.80,1.80,1.68,3.47,3.32,4.90,3.90
11/11/2023 01:09 p. m.,Ordeño,06:51,19.25,2,,,,,0,,1.50,1.20,1.32,1.14,0,0,0,0,5.15,5.17,5.16,5.07,VMS 1,,Tanque,,1.86,1.62,1.74,1.50,4.06,4.29,5.95,4.95
12/11/2023 01:14 a. m.,Ordeño,12:52,21.39,1,,,,,0,,1.32,1.26,1.38,1.26,0,0,0,0,4.63,4.64,4.69,4.77,VMS 1,,Tanque,,1.74,1.68,1.74,1.62,4.33,4.90,7.11,5.05
12/11/2023 08:23 a. m.,Ordeño,05:29,15.37,2,,,,,0,,1.50,1.20,1.38,1.32,0,0,0,0,5.13,4.93,5.03,4.74,VMS 1,,Tanque,,1.92,1.62,1.80,1.74,3.15,3.27,4.56,4.39
12/11/2023 01:30 p. m.,Ordeño,04:28,9.29,3,,,,,0,,1.26,1.20,1.26,1.14,0,0,0,0,4.99,4.90,4.89,4.76,VMS 1,,Tanque,,1.56,1.56,1.56,1.62,2.07,2.00,2.86,2.36
12/11/2023 05:59 p. m.,Ordeño,04:02,8.00,4,,,,,0,,1.38,1.26,1.38,1.32,0,0,0,0,5.19,5.17,5.23,5.10,VMS 1,,Tanque,,1.86,1.56,1.74,1.80,1.81,1.73,2.47,1.99
12/11/2023 10:53 p. m.,Ordeño,04:53,9.85,5,,,,,0,,1.32,1.26,1.38,1.26,0,0,0,0,5.27,5.17,5.23,5.24,VMS 1,,Tanque,,1.86,1.56,1.86,1.62,2.19,1.77,3.25,2.64
13/11/2023 06:54 a. m.,Ordeño,05:54,17.13,1,,,,,0,,1.44,1.20,1.50,1.32,0,0,0,0,5.39,5.37,5.43,5.46,VMS 1,,Tanque,,1.74,1.56,2.04,1.74,3.85,3.77,5.22,4.29
13/11/2023 12:18 p. m.,Ordeño,04:51,10.20,2,,,,,0,,1.44,1.02,1.44,1.26,0,0,0,0,4.98,4.88,4.89,4.75,VMS 1,,Tanque,,1.86,1.50,1.92,1.80,2.22,2.20,3.29,2.49
13/11/2023 07:37 p. m.,Ordeño,05:23,13.88,3,,,,,0,,1.38,1.20,1.44,1.32,0,0,0,0,5.02,4.96,4.96,4.93,VMS 1,,Tanque,,1.80,1.56,1.80,1.68,3.07,3.04,4.39,3.38
14/11/2023 05:12 a. m.,Ordeño,06:18,20.14,1,,,,,0,,1.50,1.26,1.56,1.50,0,0,0,0,5.27,5.23,5.29,5.30,VMS 1,,Tanque,,1.92,1.68,2.04,1.80,4.38,4.22,6.44,5.10
14/11/2023 02:00 p. m.,Ordeño,05:45,16.82,2,,,,,0,,1.38,1.08,1.44,1.32,0,0,0,0,4.90,4.76,4.89,4.88,VMS 1,,Tanque,,1.80,1.56,1.86,1.92,3.75,3.65,5.13,4.29
14/11/2023 09:38 p. m.,Ordeño,05:40,14.91,3,,,,,0,,1.44,1.14,1.56,1.26,0,0,0,0,4.97,4.89,5.03,4.96,VMS 1,,Tanque,,1.86,1.56,1.92,1.74,3.11,3.25,4.75,3.80
15/11/2023 10:07 a. m.,Ordeño,07:16,24.37,1,,,,,0,,1.62,1.20,1.56,1.38,0,0,0,0,4.96,5.02,5.09,5.00,VMS 1,,Tanque,,2.10,1.50,2.16,1.86,4.72,5.63,7.78,6.24
15/11/2023 10:50 p. m.,Ordeño,08:07,23.30,2,,,,,0,,1.38,1.14,1.32,1.26,0,0,0,0,4.89,4.75,4.82,4.73,VMS 1,,Tanque,,1.80,1.50,1.74,1.74,4.99,5.02,7.36,5.93
16/11/2023 04:57 a. m.,Ordeño,04:48,12.29,1,,,,,0,,1.50,1.20,1.56,1.20,0,0,0,0,5.03,4.88,4.96,4.94,VMS 1,,Tanque,,1.86,1.68,1.98,1.68,2.71,2.70,3.74,3.14
16/11/2023 11:58 a. m.,Ordeño,05:22,13.65,2,,,,,0,,1.50,1.20,1.44,1.26,0,0,0,0,5.21,5.16,5.23,5.17,VMS 1,,Tanque,,2.04,1.56,1.80,1.68,2.98,2.92,4.30,3.45
16/11/2023 06:08 p. m.,Ordeño,04:41,10.47,3,,,,,0,,1.32,1.08,1.38,1.26,0,0,0,0,4.80,4.82,4.89,4.77,VMS 1,,Tanque,,1.80,1.44,1.80,1.62,2.26,2.19,3.34,2.68
17/11/2023 02:22 a. m.,Ordeño,06:21,16.16,1,,,,,0,,1.38,1.20,1.38,1.32,0,0,0,0,5.21,5.04,5.09,5.14,VMS 1,,Tanque,,1.92,1.62,1.74,1.68,3.80,2.65,5.46,4.25
17/11/2023 11:35 a. m.,Ordeño,06:13,17.82,2,,,,,0,,1.50,1.44,1.44,1.38,0,0,0,0,5.09,5.04,5.03,4.98,VMS 1,,Tanque,,2.10,1.86,1.86,1.74,4.01,3.46,5.75,4.60
17/11/2023 05:45 p. m.,Ordeño,05:16,10.63,3,,,,,0,,1.32,1.14,1.32,1.20,0,0,0,0,4.89,4.92,5.01,4.81,VMS 1,,Tanque,,1.74,1.56,1.68,1.62,2.23,2.28,3.39,2.73
18/11/2023 06:25 a. m.,Ordeño,08:18,25.43,1,,,,,0,,1.32,1.14,1.38,1.20,0,0,0,0,5.18,5.18,5.29,5.11,VMS 1,,Tanque,,1.80,1.74,1.80,1.62,5.49,5.43,7.95,6.56
18/11/2023 03:26 p. m.,Ordeño,06:27,17.65,2,,,,,0,,1.32,1.38,1.38,1.32,0,0,0,0,5.13,5.04,5.03,5.10,VMS 1,,Tanque,,1.80,1.92,1.80,1.74,3.95,3.43,5.68,4.59
19/11/2023 02:37 a. m.,Ordeño,07:12,21.37,1,,,,,0,,1.50,1.32,1.44,1.32,0,0,0,0,5.04,5.06,4.97,5.03,VMS 1,,Tanque,,1.92,1.74,1.92,1.74,4.82,3.90,6.98,5.67
19/11/2023 07:16 a. m.,Ordeño,05:13,9.33,2,,,,,0,,1.26,1.08,1.14,1.38,0,0,0,0,4.85,4.86,4.75,4.83,VMS 1,,Tanque,,1.62,1.50,1.50,1.86,2.02,2.01,2.36,2.94
19/11/2023 12:44 p. m.,Ordeño,04:56,11.09,3,,,,,0,,1.26,1.14,1.32,1.20,0,0,0,0,5.02,4.99,4.90,4.92,VMS 1,,Tanque,,1.56,1.56,1.74,1.68,2.34,2.44,3.53,2.78
19/11/2023 09:10 p. m.,Ordeño,05:50,16.74,4,,,,,0,,1.32,1.20,1.44,1.38,0,0,0,0,5.21,5.21,5.10,5.19,VMS 1,,Tanque,,1.74,1.62,1.86,1.80,3.63,3.59,5.18,4.34
20/11/2023 05:15 a. m.,Ordeño,06:11,16.67,1,,,,,0,,1.38,1.38,1.44,1.32,0,0,0,0,5.28,5.22,5.20,5.19,VMS 1,,Tanque,,1.86,1.80,1.80,1.62,3.93,2.86,5.61,4.27
20/11/2023 02:36 p. m.,Ordeño,06:21,18.56,2,,,,,0,,1.38,1.38,1.44,1.44,0,0,0,0,5.02,5.02,4.94,4.92,VMS 1,,Tanque,,1.80,1.80,1.80,1.80,4.21,3.81,5.82,4.72
21/11/2023 02:36 a. m.,Ordeño,06:34,20.78,1,,,,,0,,1.38,1.26,1.68,1.44,0,0,0,0,5.08,4.84,4.94,4.91,VMS 1,,Tanque,,1.74,1.68,2.04,1.86,4.97,3.16,6.90,5.75
21/11/2023 11:47 a. m.,Ordeño,06:06,17.24,2,,,,,0,,1.38,1.32,1.56,1.44,0,0,0,0,4.71,4.68,4.78,4.60,VMS 1,,Tanque,,1.74,1.74,2.22,1.92,4.20,2.64,5.69,4.71
21/11/2023 05:54 p. m.,Ordeño,04:33,10.33,3,,,,,0,,1.32,1.26,1.50,1.26,0,0,0,0,4.64,4.72,4.69,4.70,VMS 1,,Tanque,,1.68,1.80,1.86,1.68,1.78,2.45,3.38,2.72
22/11/2023 04:03 a. m.,Ordeño,06:24,19.77,1,,,,,0,,1.50,1.50,1.56,1.44,0,0,0,0,5.02,4.93,4.97,4.98,VMS 1,,Tanque,,1.98,1.86,2.04,1.86,4.66,3.35,6.50,5.26
22/11/2023 01:16 p. m.,Ordeño,05:47,16.15,2,,,,,0,,1.32,1.20,1.50,1.32,0,0,0,0,4.48,4.60,4.56,4.52,VMS 1,,Tanque,,1.74,1.62,1.86,1.74,2.69,3.82,5.28,4.36
22/11/2023 10:50 p. m.,Ordeño,06:20,17.43,3,,,,,0,,1.38,1.26,1.50,1.26,0,0,0,0,4.96,4.71,4.92,4.83,VMS 1,,Tanque,,1.80,1.62,1.92,1.68,4.15,2.66,5.93,4.69
23/11/2023 11:20 a. m.,Ordeño,06:07,22.50,1,,,,,0,,1.62,1.44,1.68,1.56,0,0,0,0,5.36,5.35,5.24,5.29,VMS 1,,Tanque,,1.98,1.80,2.04,2.04,5.41,5.31,6.27,5.51
23/11/2023 06:16 p. m.,Ordeño,05:11,12.78,2,,,,,0,,1.44,1.32,1.44,1.26,0,0,0,0,4.74,4.74,4.83,4.78,VMS 1,,Tanque,,1.98,1.80,1.92,1.68,2.86,2.79,3.96,3.17
24/11/2023 12:12 a. m.,Ordeño,05:03,12.17,1,,,,,0,,1.44,1.20,1.44,1.32,0,0,0,0,4.98,5.00,4.96,4.96,VMS 1,,Tanque,,1.86,1.68,1.86,1.86,2.64,2.70,3.82,3.01
24/11/2023 07:02 a. m.,Ordeño,05:43,15.20,2,,,,,0,,1.50,1.26,1.50,1.38,0,0,0,0,5.26,5.14,5.22,5.29,VMS 1,,Tanque,,1.92,1.98,1.92,1.80,3.31,3.27,4.78,3.84
24/11/2023 02:54 p. m.,Ordeño,05:32,15.07,3,,,,,0,,1.44,1.44,1.50,1.38,0,0,0,0,5.03,5.06,5.11,5.17,VMS 1,,Tanque,,1.80,1.92,1.92,1.68,3.27,3.18,4.86,3.76
25/11/2023 01:10 a. m.,Ordeño,06:38,18.44,1,,,,,0,,1.50,1.26,1.38,1.32,0,0,0,0,4.92,4.93,4.81,4.96,VMS 1,,Tanque,,1.92,1.68,1.68,1.74,3.90,3.88,5.92,4.74
25/11/2023 11:08 a. m.,Ordeño,05:59,16.48,2,,,,,0,,1.50,1.26,1.44,1.38,0,0,0,0,4.85,4.74,4.67,4.84,VMS 1,,Tanque,,1.92,1.68,1.74,1.74,3.44,3.48,5.24,4.32
25/11/2023 08:05 p. m.,Ordeño,05:27,13.65,3,,,,,0,,1.26,1.26,1.38,1.26,0,0,0,0,4.39,4.48,4.54,4.48,VMS 1,,Tanque,,1.68,1.68,1.68,1.68,2.86,2.88,4.29,3.62
26/11/2023 05:41 a. m.,Ordeño,06:36,17.85,1,,,,,0,,1.44,1.38,1.44,1.32,0,0,0,0,5.01,4.96,4.94,4.99,VMS 1,,Tanque,,1.86,1.80,1.86,1.62,3.77,3.68,5.65,4.75
26/11/2023 11:16 a. m.,Ordeño,03:58,9.06,2,,,,,0,,1.38,1.20,1.56,1.26,0,0,0,0,4.61,4.57,4.51,4.40,VMS 1,,Tanque,,1.74,1.68,1.98,1.68,1.99,1.93,2.84,2.30
26/11/2023 06:35 p. m.,Ordeño,05:19,10.83,3,,,,,0,,1.26,1.08,1.20,1.14,0,0,0,0,4.67,4.72,4.42,4.48,VMS 1,,Tanque,,1.62,1.62,1.62,1.50,2.31,2.22,3.51,2.79
27/11/2023 03:33 a. m.,Ordeño,06:10,17.25,1,,,,,0,,1.38,1.26,1.44,1.32,0,0,0,0,4.99,5.11,4.91,5.09,VMS 1,,Tanque,,1.74,1.80,1.80,1.80,3.82,3.56,5.47,4.40
27/11/2023 02:51 p. m.,Ordeño,05:36,17.03,2,,,,,0,,1.44,1.44,1.62,1.44,0,0,0,0,4.80,4.76,4.73,4.67,VMS 1,,Tanque,,1.86,1.80,1.98,1.86,3.59,3.71,5.36,4.37
27/11/2023 09:44 p. m.,Ordeño,04:33,7.72,3,,,,,0,,1.26,1.20,1.38,1.14,0,0,0,0,4.39,4.60,4.40,4.44,VMS 1,,Tanque,,1.74,1.74,1.74,1.56,1.56,1.64,2.48,2.04
28/11/2023 07:36 a. m.,Ordeño,06:10,16.12,1,,,,,0,,1.50,1.38,1.32,1.32,0,0,0,0,4.86,4.82,4.72,4.83,VMS 1,,Tanque,,1.92,1.86,1.68,1.80,3.41,3.42,5.10,4.19
28/11/2023 01:17 p. m.,Ordeño,04:45,10.25,2,,,,,0,,1.26,1.14,1.26,1.32,0,0,0,0,4.98,4.97,4.92,5.03,VMS 1,,Tanque,,1.68,1.62,1.62,1.68,2.14,2.19,3.22,2.70
29/11/2023 02:58 a. m.,Ordeño,07:27,24.74,1,,,,,0,,1.50,1.38,1.62,1.44,0,0,0,0,5.16,5.17,5.22,5.28,VMS 1,,Tanque,,1.92,1.92,2.16,1.86,5.53,4.44,8.26,6.51
29/11/2023 10:12 a. m.,Ordeño,05:07,13.26,2,,,,,0,,1.50,1.20,1.56,1.32,0,0,0,0,4.84,4.95,4.96,4.82,VMS 1,,Tanque,,1.98,1.56,2.04,1.68,2.91,2.78,4.21,3.36
29/11/2023 05:39 p. m.,Ordeño,05:44,11.38,3,,,,,0,,1.26,1.14,1.14,1.14,0,0,0,0,4.86,4.75,4.68,4.81,VMS 1,,Tanque,,1.74,1.56,1.50,1.50,2.36,2.42,3.73,2.87
30/11/2023 11:15 a. m.,Ordeño,07:01,21.72,1,,,,,0,,1.50,1.38,1.62,1.62,0,0,0,0,4.97,5.08,5.08,5.23,VMS 1,,Tanque,,1.86,1.98,2.16,2.10,3.74,4.79,6.94,6.25
30/11/2023 04:30 p. m.,Ordeño,04:35,8.55,2,,,,,0,,1.20,1.14,1.26,1.20,0,0,0,0,4.81,4.74,4.74,4.73,VMS 1,,Tanque,,1.68,1.56,1.74,1.62,1.88,1.89,2.66,2.12
30/11/2023 11:51 p. m.,Ordeño,05:37,13.36,3,,,,,0,,1.26,1.32,1.32,1.20,0,0,0,0,5.11,5.06,4.96,5.04,VMS 1,,Tanque,,1.68,1.74,1.68,1.56,2.89,2.89,4.23,3.35
01/12/2023 10:22 a. m.,Ordeño,07:44,21.17,1,,,,,0,,1.50,1.38,1.26,1.50,0,0,0,0,5.62,5.75,5.68,5.74,VMS 1,,Tanque,,1.86,1.92,1.62,2.04,3.93,4.80,6.89,5.55
01/12/2023 05:29 p. m.,Ordeño,05:48,12.99,2,,,,,0,,1.26,1.20,1.26,1.32,0,0,0,0,5.14,5.10,4.99,5.06,VMS 1,,Tanque,,1.62,1.74,1.56,1.68,2.79,2.85,4.11,3.24
02/12/2023 04:02 a. m.,Ordeño,06:34,19.65,1,,,,,0,,1.44,1.20,1.50,1.44,0,0,0,0,5.29,5.43,5.43,5.49,VMS 1,,Tanque,,1.80,1.62,1.86,1.86,3.49,4.57,6.36,5.23
02/12/2023 11:21 a. m.,Ordeño,05:31,15.35,2,,,,,0,,1.56,1.26,1.44,1.44,0,0,0,0,5.36,5.36,5.29,5.43,VMS 1,,Tanque,,1.86,1.68,1.92,1.74,3.35,3.44,4.72,3.84
02/12/2023 11:33 p. m.,Ordeño,08:01,23.36,3,,,,,0,,1.32,1.20,1.38,1.38,0,0,0,0,5.29,5.23,5.29,5.36,VMS 1,,Tanque,,1.62,1.68,1.74,1.74,5.41,3.94,7.69,6.32
03/12/2023 11:00 a. m.,Ordeño,08:15,22.79,1,,TD,,,0,,1.44,1.32,1.26,1.44,0,0,0,0,5.09,5.23,5.09,5.23,VMS 1,,Tanque,,1.74,1.68,1.62,1.98,4.68,4.84,7.47,5.80
03/12/2023 04:25 p. m.,Ordeño,04:54,10.18,2,,,,,0,,1.20,1.08,1.20,1.20,0,0,0,0,4.49,4.56,4.49,4.56,VMS 1,,Tanque,,1.56,1.56,1.50,1.50,2.14,2.28,3.19,2.57
03/12/2023 09:52 p. m.,Ordeño,04:48,10.84,3,,,,,0,,1.26,1.08,1.32,1.20,0,0,0,0,4.96,5.09,5.03,5.03,VMS 1,,Tanque,,1.62,1.50,1.74,1.50,2.40,2.40,3.35,2.69
04/12/2023 03:20 a. m.,Ordeño,04:55,11.26,1,,,,,0,,1.38,1.14,1.32,1.20,0,0,0,0,5.43,5.49,5.49,5.49,VMS 1,,Tanque,,1.74,1.62,1.62,1.50,2.43,2.41,3.56,2.86
04/12/2023 01:15 p. m.,Ordeño,06:46,20.71,2,,,,,0,,1.44,1.26,1.44,1.38,0,400,0,0,5.36,5.36,5.43,5.36,VMS 1,,Tanque,,1.74,1.68,1.98,1.68,4.52,4.60,6.53,5.06
04/12/2023 06:35 p. m.,Ordeño,04:52,10.01,3,,,,,0,,1.26,1.14,1.26,1.32,0,0,0,0,4.82,4.82,4.89,4.42,VMS 1,,Tanque,,1.56,1.50,1.68,1.74,2.06,2.20,3.18,2.57
05/12/2023 12:59 a. m.,Ordeño,05:18,11.46,1,,,,,0,,1.26,1.08,1.26,1.26,0,300,0,0,4.96,4.96,5.03,5.09,VMS 1,,Tanque,,1.62,1.44,1.62,1.56,2.68,2.04,3.77,2.97
05/12/2023 12:03 p. m.,Ordeño,06:45,21.01,2,,,,,0,,1.56,1.26,1.56,1.44,0,0,0,0,5.29,5.23,5.36,5.23,VMS 1,,Tanque,,1.98,1.74,2.04,1.86,4.95,3.69,7.02,5.35
05/12/2023 07:13 p. m.,Ordeño,05:46,13.29,3,,,,,0,,1.20,1.08,1.32,1.20,300,0,0,0,4.69,4.76,4.76,4.76,VMS 1,,Tanque,,1.50,1.50,1.68,1.50,2.74,2.76,4.30,3.49
06/12/2023 02:01 a. m.,Ordeño,06:00,14.45,1,,,,,0,,1.38,1.14,1.26,1.14,0,0,0,0,5.16,5.09,5.16,4.96,VMS 1,,Tanque,,1.80,1.62,1.56,1.50,3.16,3.08,4.51,3.70
06/12/2023 10:28 a. m.,Ordeño,06:13,17.44,2,,,,,0,,1.38,1.20,1.44,1.32,0,0,0,0,5.09,5.23,5.23,5.23,VMS 1,,Tanque,,1.80,1.62,1.74,1.74,3.78,3.78,5.52,4.36
06/12/2023 08:14 p. m.,Ordeño,06:38,17.81,3,,,,,0,,1.32,1.20,1.44,1.26,0,0,0,0,4.96,4.96,5.03,4.69,VMS 1,,Tanque,,1.62,1.62,1.80,1.62,4.08,3.15,5.81,4.77
07/12/2023 07:01 a. m.,Ordeño,07:37,20.83,1,,,,,0,,1.38,1.20,1.32,1.38,300,400,0,300,5.23,5.23,5.23,5.29,VMS 1,,Tanque,,1.80,1.68,1.80,1.86,4.46,4.23,6.76,5.38
07/12/2023 04:08 p. m.,Ordeño,06:20,17.02,2,,,,,0,,1.32,1.26,1.32,1.38,0,0,0,0,4.82,4.89,4.82,4.89,VMS 1,,Tanque,,1.68,1.62,1.80,1.98,3.55,3.69,5.37,4.41
08/12/2023 02:25 a. m.,Ordeño,07:14,20.27,1,,,,,0,,1.26,1.26,1.38,1.26,0,0,0,0,5.16,5.16,5.16,5.09,VMS 1,,Tanque,,1.56,1.62,1.74,1.68,4.60,3.83,6.46,5.38
08/12/2023 11:47 a. m.,Ordeño,06:35,19.72,2,,,,,0,,1.26,1.38,1.44,1.32,0,0,0,0,5.16,5.16,5.23,5.09,VMS 1,,Tanque,,1.56,1.80,1.80,1.74,4.50,3.67,6.37,5.18
08/12/2023 11:10 p. m.,Ordeño,07:40,22.25,3,,,,,0,,1.32,1.26,1.38,1.26,0,0,0,0,4.91,5.05,4.92,4.95,VMS 1,,Tanque,,1.74,1.74,1.92,1.62,4.73,4.76,7.17,5.59
09/12/2023 05:16 a. m.,Ordeño,04:53,10.85,1,,,,,0,,1.26,1.08,1.32,1.26,0,0,0,0,4.47,4.42,4.39,4.47,VMS 1,,Tanque,,1.62,1.56,1.62,1.62,2.24,2.34,3.46,2.81
09/12/2023 09:44 a. m.,Ordeño,04:15,9.03,2,,DD,,,0,,1.26,1.14,1.32,1.26,0,0,0,0,5.01,5.02,5.07,5.00,VMS 1,,Tanque,,1.56,1.56,1.80,1.68,2.02,1.99,2.81,2.21
10/12/2023 02:03 a. m.,Ordeño,08:48,24.21,1,,,,,0,,1.38,1.38,1.44,1.50,0,0,0,0,5.21,5.22,5.23,5.25,VMS 1,,Tanque,,1.74,1.74,1.86,1.86,5.33,4.80,9.19,4.89
10/12/2023 10:46 a. m.,Ordeño,06:14,17.78,2,,,,,0,,1.32,1.44,1.32,1.62,0,0,0,0,4.99,4.96,4.93,4.95,VMS 1,,Tanque,,1.68,1.86,1.68,2.16,4.11,3.66,5.46,4.55
10/12/2023 11:39 p. m.,Ordeño,07:05,21.65,3,,,,,0,,1.38,1.26,1.56,1.56,0,0,0,0,4.71,4.71,4.87,4.80,VMS 1,,Tanque,,1.86,1.74,1.86,1.92,4.90,3.96,7.08,5.71
11/12/2023 09:50 a. m.,Ordeño,07:00,20.88,1,,DD,,,0,,1.44,1.38,1.50,1.56,0,0,0,0,5.41,5.45,5.39,5.53,VMS 1,,Tanque,,1.86,1.92,1.86,2.04,4.17,4.08,6.98,5.65
11/12/2023 07:21 p. m.,Ordeño,06:40,17.82,2,,,,,0,,1.38,1.14,1.32,1.38,0,0,0,0,5.01,5.02,4.92,5.01,VMS 1,,Tanque,,1.98,1.50,1.68,1.80,3.87,3.81,5.60,4.54
12/12/2023 03:56 a. m.,Ordeño,06:43,18.40,1,,,,,0,,1.32,1.26,1.32,1.38,0,0,0,0,5.29,5.23,5.21,5.25,VMS 1,,Tanque,,1.68,1.74,1.74,1.68,4.23,3.31,6.02,4.84
12/12/2023 10:19 a. m.,Ordeño,05:16,12.86,2,,,,,0,,1.32,1.44,1.32,1.44,0,0,0,0,5.13,5.22,5.16,5.20,VMS 1,,Tanque,,1.80,1.98,1.80,1.86,2.86,2.80,4.06,3.14
12/12/2023 07:11 p. m.,Ordeño,06:38,14.78,3,,,,,0,,1.20,1.14,1.14,1.20,0,0,0,0,4.93,4.93,4.92,4.92,VMS 1,,Tanque,,1.56,1.50,1.50,1.56,3.11,3.15,4.73,3.79
13/12/2023 05:35 a. m.,Ordeño,07:20,23.01,1,,,,,0,,1.50,1.26,1.44,1.38,0,0,0,0,5.47,5.40,5.42,5.48,VMS 1,,Tanque,,1.80,1.68,1.80,1.68,5.02,4.86,7.29,5.84
13/12/2023 01:25 p. m.,Ordeño,05:27,12.75,2,,,,,0,,1.44,1.14,1.20,1.50,0,0,0,0,4.87,4.75,4.79,4.82,VMS 1,,Tanque,,1.86,1.50,1.62,1.98,2.72,2.81,3.91,3.31
13/12/2023 06:38 p. m.,Ordeño,04:23,6.17,3,,,,,0,,1.14,1.08,1.14,1.14,0,0,0,0,5.03,4.95,4.88,5.05,VMS 1,,Tanque,,1.62,1.56,1.44,1.44,1.29,1.35,1.94,1.59
14/12/2023 03:20 a. m.,Ordeño,06:06,14.54,1,,,,,0,,1.20,1.26,1.20,1.32,384,0,0,0,4.97,4.74,4.80,4.92,VMS 1,,Tanque,,1.50,1.74,1.62,1.62,3.13,2.97,4.69,3.75
14/12/2023 11:10 a. m.,Ordeño,06:03,16.58,2,,,,,0,,1.50,1.14,1.38,1.32,0,0,0,0,5.71,5.58,5.55,5.60,VMS 1,,Tanque,,1.98,1.62,1.74,1.68,3.57,3.62,5.19,4.20
14/12/2023 05:13 p. m.,Ordeño,04:57,10.88,3,,,,,0,,1.38,1.14,1.26,1.32,0,0,0,0,4.90,4.86,4.95,4.92,VMS 1,,Tanque,,1.74,1.50,1.62,1.74,2.29,2.38,3.50,2.71
15/12/2023 02:36 a. m.,Ordeño,06:33,19.07,1,,,,,0,,1.44,1.38,1.44,1.50,0,0,0,0,5.43,5.35,5.40,5.47,VMS 1,,Tanque,,1.80,2.04,1.86,2.16,4.30,3.52,6.28,4.97
15/12/2023 05:10 p. m.,Ordeño,09:02,26.92,2,,TD,,,0,,1.44,1.32,1.44,1.44,0,0,0,0,5.46,5.27,5.50,5.48,VMS 1,,Tanque,,1.80,1.86,1.80,2.22,6.17,4.75,9.53,6.47
16/12/2023 06:57 a. m.,Ordeño,08:39,25.02,1,,,,,0,,1.38,1.20,1.32,1.32,0,0,0,0,5.07,5.09,5.07,5.20,VMS 1,,Tanque,,1.74,1.74,1.86,1.74,5.55,5.39,7.67,6.41
16/12/2023 08:20 p. m.,Ordeño,08:00,24.63,2,,,,,0,,1.32,1.26,1.38,1.44,0,0,0,0,4.86,4.82,4.83,4.91,VMS 1,,Tanque,,1.68,1.92,1.86,1.80,5.39,5.35,7.77,6.12
17/12/2023 08:12 a. m.,Ordeño,07:24,13.63,1,,,"DI,DD","DI,DD",0,,0.00,0.00,1.56,1.50,0,0,0,0,0.00,0.00,5.22,5.20,VMS 1,,Tanque,,0.00,0.00,1.86,1.80,0.00,0.00,7.69,5.94
17/12/2023 04:05 p. m.,Ordeño,10:43,16.68,2,,,,TD,0,,1.44,1.32,1.44,0.00,0,0,0,0,4.92,4.81,4.77,0.00,VMS 1,,Tanque,,2.28,1.86,1.80,0.00,5.59,6.23,4.86,0.00
17/12/2023 11:40 p. m.,Ordeño,07:24,18.84,3,,,,,0,,1.32,1.14,1.38,1.68,0,0,0,0,4.52,4.60,4.97,4.74,VMS 1,,Tanque,,1.80,1.62,1.80,2.28,2.74,2.77,4.59,8.74
18/12/2023 03:52 p. m.,Ordeño,08:13,28.88,1,,,,,0,TI,1.44,1.44,1.56,1.74,0,0,0,0,5.01,5.08,5.81,5.00,VMS 1,,Tanque,,1.98,1.98,1.92,2.34,5.15,6.17,9.05,8.51
19/12/2023 12:37 a. m.,Ordeño,05:32,16.25,1,,,,,0,,1.32,1.38,1.38,1.74,0,0,0,0,4.82,4.69,4.91,4.94,VMS 1,,Tanque,,1.62,1.86,1.86,2.46,3.38,3.48,3.64,5.75
19/12/2023 04:45 p. m.,Ordeño,07:43,29.06,2,,,,,0,,1.38,1.44,1.56,1.98,0,0,0,0,4.97,4.87,5.25,5.01,VMS 1,,Tanque,,1.80,1.92,1.92,2.64,6.92,5.93,7.49,8.72
20/12/2023 02:17 a. m.,Ordeño,05:43,17.02,1,,,,,0,,1.44,1.20,1.56,1.74,0,0,0,0,4.52,4.61,5.05,4.51,VMS 1,,Tanque,,1.80,1.62,1.98,2.40,2.57,3.61,5.24,5.60
20/12/2023 01:37 p. m.,Ordeño,06:22,23.23,2,,,,,0,,1.50,1.56,1.68,1.86,0,0,0,0,5.25,5.20,5.63,5.09,VMS 1,,Tanque,,1.86,1.98,2.04,2.58,5.22,4.61,7.01,6.39
20/12/2023 08:13 p. m.,Ordeño,04:46,11.84,3,,,,,0,,1.26,1.20,1.44,1.50,0,0,0,0,4.47,4.62,4.96,4.58,VMS 1,,Tanque,,1.68,1.62,1.86,1.98,2.18,2.43,3.63,3.60
21/12/2023 06:40 a. m.,Ordeño,06:28,22.47,1,,,,,0,,1.44,1.50,1.62,1.74,0,0,0,0,5.24,5.15,5.47,5.05,VMS 1,,Tanque,,1.74,1.98,2.04,2.64,4.48,4.38,6.86,6.75
21/12/2023 04:13 p. m.,Ordeño,06:12,20.18,2,,,,,0,,1.38,1.44,1.50,1.62,0,0,0,0,4.98,4.96,5.19,4.89,VMS 1,,Tanque,,1.74,1.92,1.92,2.22,4.24,4.12,5.97,5.85
22/12/2023 03:20 a. m.,Ordeño,07:04,22.53,1,,,,,0,,1.44,1.44,1.44,1.74,0,0,0,0,5.11,5.10,5.19,4.83,VMS 1,,Tanque,,2.04,1.86,1.86,2.52,4.84,4.66,6.77,6.26
22/12/2023 07:37 p. m.,Ordeño,08:07,29.28,2,,,,,0,,1.56,1.44,1.44,1.62,0,0,0,0,5.09,5.24,5.37,0.00,VMS 1,,Tanque,,2.16,2.10,1.92,2.34,5.31,7.15,7.91,8.91
23/12/2023 05:05 a. m.,Ordeño,06:05,19.35,1,,,,,0,,1.50,1.44,1.50,1.62,0,0,0,0,4.71,4.65,4.80,0.00,VMS 1,,Tanque,,1.80,1.86,1.92,2.64,3.69,4.00,5.72,5.94
23/12/2023 12:58 p. m.,Ordeño,05:26,17.97,2,,,,,0,,1.44,1.56,1.62,1.74,0,0,0,0,5.16,5.12,5.26,0.00,VMS 1,,Tanque,,1.86,2.04,2.04,2.52,3.70,3.53,5.14,5.60
24/12/2023 01:49 a. m.,Ordeño,07:53,25.73,1,,TD,,,0,,1.44,1.38,1.44,1.50,0,0,0,0,5.12,5.10,5.20,0.00,VMS 1,,Tanque,,1.86,1.92,1.86,2.10,5.24,4.79,7.92,7.78
24/12/2023 04:00 p. m.,Ordeño,07:37,28.88,2,,,,,0,,1.44,1.38,1.68,1.62,0,0,0,0,5.06,4.92,5.11,0.00,VMS 1,,Tanque,,1.86,1.86,2.10,2.28,6.50,5.15,8.52,8.71
25/12/2023 01:01 a. m.,Ordeño,05:52,16.92,1,,,,,0,,1.38,1.20,1.38,1.50,0,0,0,0,4.63,4.58,4.62,0.00,VMS 1,,Tanque,,1.80,1.68,1.80,2.52,3.43,3.56,5.05,4.88
25/12/2023 07:22 a. m.,Ordeño,05:07,13.82,2,,,,,0,,1.38,1.26,1.38,1.56,0,0,0,0,5.23,5.13,5.19,0.00,VMS 1,,Tanque,,1.80,1.74,1.80,2.10,2.84,2.94,3.96,4.08
25/12/2023 04:17 p. m.,Ordeño,05:39,19.88,3,,,,,0,,1.44,1.56,1.56,1.62,0,0,0,0,5.21,5.21,5.05,0.00,VMS 1,,Tanque,,1.92,2.10,1.98,2.70,4.26,4.05,5.75,5.82
26/12/2023 09:31 a. m.,Ordeño,07:37,28.80,1,,,,,0,,1.56,1.44,1.80,1.80,0,0,0,0,4.93,4.99,5.26,0.00,VMS 1,,Tanque,,1.92,1.92,2.16,2.64,4.56,5.77,8.49,9.98
26/12/2023 04:48 p. m.,Ordeño,04:45,14.76,2,,,,,0,,1.44,1.38,1.62,1.68,0,0,0,0,4.78,4.52,4.82,0.00,VMS 1,,Tanque,,1.92,1.92,2.04,2.46,3.15,3.23,4.16,4.22
27/12/2023 04:54 a. m.,Ordeño,06:51,24.19,1,,,,,0,,1.32,1.44,1.62,1.68,0,0,0,328,4.99,4.81,5.08,0.00,VMS 1,,Tanque,,1.74,1.92,2.04,2.34,5.62,3.93,7.41,7.23
27/12/2023 03:18 p. m.,Ordeño,06:52,22.31,2,,,,,0,,1.44,1.38,1.50,1.62,0,0,0,0,4.95,5.01,5.10,0.00,VMS 1,,Tanque,,1.80,1.86,1.86,2.40,4.62,4.32,6.84,6.53
27/12/2023 09:09 p. m.,Ordeño,04:43,11.12,3,,,,,0,,1.38,1.38,1.38,1.68,0,0,0,0,4.55,4.69,4.76,0.00,VMS 1,,Tanque,,1.80,1.80,1.92,2.46,2.14,2.41,3.38,3.19
28/12/2023 03:17 a. m.,Ordeño,04:46,12.08,1,,,,,0,,1.38,1.20,1.44,1.44,0,0,0,0,4.89,4.91,5.03,0.00,VMS 1,,Tanque,,1.86,1.56,1.80,2.04,2.04,2.76,3.70,3.58
28/12/2023 03:09 p. m.,Ordeño,07:23,23.46,2,,,,,0,,1.38,1.44,1.62,1.56,495,0,0,0,5.32,5.12,5.16,0.00,VMS 1,,Tanque,,1.80,1.92,2.04,1.92,5.18,4.40,7.84,6.04
29/12/2023 01:12 a. m.,Ordeño,06:48,20.75,1,,,,,0,,1.32,1.38,1.50,1.38,0,0,0,0,4.74,4.59,4.84,0.00,VMS 1,,Tanque,,1.74,1.92,1.86,1.68,5.08,3.38,6.74,5.55
29/12/2023 07:34 a. m.,Ordeño,04:50,13.23,2,,,,,0,,1.50,1.20,1.50,1.50,0,0,0,0,5.00,5.06,5.07,0.00,VMS 1,,Tanque,,1.92,1.68,1.98,1.92,2.93,2.95,4.01,3.34
29/12/2023 02:44 p. m.,Ordeño,05:30,14.62,3,,,,,0,,1.50,1.32,1.56,1.50,0,0,0,0,5.13,5.21,5.25,0.00,VMS 1,,Tanque,,1.92,1.86,1.86,1.86,2.88,3.27,4.76,3.71
29/12/2023 11:07 p. m.,Ordeño,06:46,16.96,4,,,,,0,,1.44,1.26,1.32,1.14,0,0,0,0,4.67,4.49,4.17,0.00,VMS 1,,Tanque,,1.92,1.68,1.86,1.56,3.86,3.13,5.54,4.43
30/12/2023 07:02 a. m.,Ordeño,05:56,15.50,1,,,,,0,,1.26,1.14,1.38,1.38,384,438,478,343,4.88,4.77,4.85,0.00,VMS 1,,Tanque,,1.68,1.62,1.74,1.80,3.42,3.23,4.65,4.20
30/12/2023 04:38 p. m.,Ordeño,06:17,20.58,2,,,,,0,,1.44,1.38,1.62,1.44,0,0,0,0,5.00,4.86,4.98,0.00,VMS 1,,Tanque,,1.80,2.04,2.22,1.80,4.68,4.42,6.47,5.01
30/12/2023 11:47 p. m.,Ordeño,05:17,14.80,3,,,,,0,,1.32,1.50,1.56,1.32,0,0,0,0,4.87,4.87,4.87,0.00,VMS 1,,Tanque,,1.80,1.92,2.10,1.68,3.34,3.24,4.57,3.65
31/12/2023 12:14 p. m.,Ordeño,07:50,24.73,1,,,,,0,,1.68,1.38,1.50,1.44,0,0,0,0,4.90,4.82,4.86,0.00,VMS 1,,Tanque,,2.22,1.92,1.92,1.80,5.44,5.33,7.80,6.16
31/12/2023 09:35 p. m.,Ordeño,06:50,18.62,2,,,,,0,,1.44,1.26,1.38,1.32,0,0,0,0,4.71,4.62,4.62,0.00,VMS 1,,Tanque,,1.92,1.74,1.80,1.68,4.09,3.91,5.91,4.71
01/01/2024 05:44 a. m.,Ordeño,06:08,15.71,1,,,,,0,,1.38,1.38,1.44,1.44,363,422,0,0,4.39,4.37,4.36,0.00,VMS 1,,Tanque,,1.86,1.86,1.86,1.98,3.42,3.35,4.90,4.04
01/01/2024 04:01 p. m.,Ordeño,05:42,17.81,2,,,,,0,,1.56,1.32,1.62,1.44,0,0,0,0,4.50,4.38,4.42,0.00,VMS 1,,Tanque,,2.16,1.86,2.16,1.98,3.79,3.80,5.72,4.50
01/01/2024 11:54 p. m.,Ordeño,05:07,13.25,3,,,,,0,,1.38,1.32,1.50,1.38,0,0,0,0,4.40,4.24,4.43,0.00,VMS 1,,Tanque,,1.92,1.74,1.92,1.86,2.86,2.52,4.30,3.57
02/01/2024 05:33 a. m.,Ordeño,06:43,11.39,1,,TD,,,0,,1.38,1.32,1.14,1.44,0,0,0,0,4.65,4.61,0.00,4.56,VMS 1,,Tanque,,1.92,1.68,1.74,1.86,2.53,2.40,4.05,2.41
02/01/2024 06:27 p. m.,Ordeño,06:58,23.39,2,,,,,0,,1.50,1.44,1.62,1.38,503,0,0,0,4.63,4.55,4.58,0.00,VMS 1,,Divert 3,Sangre por pezón por encima del umbral,2.04,1.92,2.04,1.92,4.92,4.81,7.39,6.27
03/01/2024 09:33 a. m.,Ordeño,07:04,25.71,1,,,,,0,,1.56,1.50,1.86,1.62,499,0,0,0,4.60,4.48,4.66,0.00,VMS 1,,Tanque,,1.98,1.98,2.52,2.04,5.33,4.60,8.43,7.35
03/01/2024 06:09 p. m.,Ordeño,05:40,16.62,2,,,,,0,,1.62,1.38,1.56,1.44,0,0,0,0,4.37,4.47,4.33,0.00,VMS 1,,Tanque,,2.16,1.86,2.04,1.92,3.10,3.69,5.42,4.41
04/01/2024 01:42 a. m.,Ordeño,05:04,13.71,1,,,,,0,,1.50,1.44,1.56,1.32,306,0,0,0,4.58,4.42,4.52,0.00,VMS 1,,Tanque,,1.92,1.92,1.92,1.62,3.16,2.71,4.34,3.50
04/01/2024 09:36 a. m.,Ordeño,05:11,15.68,2,,,,,0,,1.56,1.44,1.68,1.44,0,0,0,0,4.81,4.60,4.65,0.00,VMS 1,,Tanque,,2.04,1.86,2.16,1.80,3.44,3.50,4.95,3.79
04/01/2024 04:21 p. m.,Ordeño,05:00,13.29,3,,,,,0,,1.44,1.32,1.56,1.26,0,0,0,0,4.55,4.46,4.45,0.00,VMS 1,,Tanque,,1.92,1.80,2.16,1.68,2.84,2.97,4.15,3.33
05/01/2024 01:01 a. m.,Ordeño,05:46,16.14,1,,,,,0,,1.50,1.26,1.56,1.26,0,0,0,0,4.54,4.42,4.50,0.00,VMS 1,,Tanque,,1.86,1.74,2.10,1.68,2.96,3.84,5.38,3.96
05/01/2024 03:07 p. m.,Ordeño,07:27,24.91,2,,,,,0,,1.44,1.50,1.62,1.44,554,0,0,0,4.71,4.60,4.47,0.00,VMS 1,,Divert 3,Sangre por pezón por encima del umbral,1.92,2.04,2.16,1.92,5.25,5.52,8.11,6.03
06/01/2024 12:55 a. m.,Ordeño,05:33,17.40,1,,,,,0,,1.56,1.38,1.62,1.68,0,0,0,0,4.27,4.29,4.37,0.00,VMS 1,,Tanque,,1.98,1.92,2.04,2.16,2.94,3.89,5.45,5.12
06/01/2024 08:25 a. m.,Ordeño,05:09,15.51,2,,,,,0,,1.44,1.38,1.56,1.80,0,0,0,0,4.47,4.39,4.37,0.00,VMS 1,,Tanque,,1.92,1.68,2.04,2.58,3.19,3.32,4.39,4.61
06/01/2024 04:13 p. m.,Ordeño,04:42,14.90,3,,,,,0,,1.62,1.50,1.68,2.40,0,0,0,0,4.46,4.27,4.34,0.00,VMS 1,,Tanque,,2.16,1.92,2.22,3.96,3.03,2.88,4.07,4.92
07/01/2024 12:23 a. m.,Ordeño,05:43,16.32,1,,,,,0,,1.56,1.26,1.38,1.92,0,0,453,0,4.57,4.50,4.44,0.00,VMS 1,,Tanque,,2.16,1.86,1.98,2.52,2.78,3.48,4.77,5.29
07/01/2024 08:00 a. m.,Ordeño,05:20,15.64,2,,,,,0,,1.62,1.32,1.62,2.04,0,0,0,0,4.47,4.46,4.44,0.00,VMS 1,,Tanque,,2.22,1.92,2.16,2.64,2.48,3.43,4.65,5.08
07/01/2024 06:59 p. m.,Ordeño,06:05,20.73,3,,,,,0,,1.38,1.44,1.62,1.86,0,0,0,0,4.36,4.28,4.35,0.00,VMS 1,,Tanque,,1.86,1.92,2.04,2.46,4.14,4.29,6.09,6.21
08/01/2024 07:36 a. m.,Ordeño,06:37,25.84,1,,,,,0,,1.68,1.38,1.74,1.92,0,0,0,0,4.61,4.27,4.49,0.00,VMS 1,,Tanque,,2.28,1.80,2.16,2.46,5.36,4.86,7.72,7.90
08/01/2024 03:48 p. m.,Ordeño,04:51,13.94,2,,,,,0,,1.56,1.32,1.56,1.92,0,0,0,0,4.33,5.07,4.64,0.00,VMS 1,,Tanque,,1.98,1.74,1.92,2.52,2.79,2.88,4.19,4.08
09/01/2024 02:58 a. m.,Ordeño,05:43,19.56,1,,,,,0,,1.74,1.38,1.74,1.62,0,0,345,0,4.78,5.18,5.12,0.00,VMS 1,,Tanque,,2.22,1.92,2.28,2.10,4.28,4.07,6.18,5.03
09/01/2024 05:14 p. m.,Ordeño,07:42,23.76,2,,,,,0,,1.56,1.32,1.50,1.56,0,0,0,0,4.75,4.79,4.86,0.00,VMS 1,,Tanque,,2.10,1.92,1.98,1.98,5.30,4.62,7.63,6.21
10/01/2024 12:50 a. m.,Ordeño,05:45,13.12,1,,,,,0,,1.38,1.20,1.20,1.26,0,0,0,0,4.33,4.49,4.13,0.00,VMS 1,,Tanque,,1.74,1.56,1.68,1.62,2.76,2.78,4.14,3.44
10/01/2024 10:54 a. m.,Ordeño,06:25,20.32,2,,,,,0,,1.50,1.44,1.56,1.56,0,0,0,0,5.16,5.34,5.17,0.00,VMS 1,,Tanque,,1.98,1.98,2.22,2.16,4.44,4.39,6.34,5.15
10/01/2024 11:17 p. m.,Ordeño,06:55,21.11,3,,,,,0,,1.44,1.38,1.50,1.38,0,0,0,0,4.71,4.90,4.85,0.00,VMS 1,,Tanque,,1.86,1.74,1.98,1.74,3.94,4.66,6.89,5.62
11/01/2024 07:46 a. m.,Ordeño,05:58,17.79,1,,,,,0,,1.56,1.50,1.56,1.62,0,0,0,0,5.26,5.23,5.21,0.00,VMS 1,,Tanque,,2.04,1.98,2.10,2.10,3.77,3.85,5.58,4.59
11/01/2024 04:47 p. m.,Ordeño,05:13,14.97,2,,,,,0,,1.56,1.32,1.68,1.56,0,0,0,0,5.00,5.11,5.11,0.00,VMS 1,,Tanque,,1.98,1.68,2.16,1.98,2.58,3.47,4.96,3.96
11/01/2024 09:55 p. m.,Ordeño,04:57,7.88,3,,,,,0,,1.44,1.14,1.32,1.14,0,0,0,0,4.95,4.72,4.79,0.00,VMS 1,,Tanque,,1.86,1.62,1.80,1.80,1.70,1.72,2.43,2.03
12/01/2024 01:21 p. m.,Ordeño,06:54,24.31,1,,,,,0,,1.62,1.44,1.80,1.80,0,0,0,0,5.25,5.09,5.24,0.00,VMS 1,,Tanque,,2.04,1.98,2.28,2.22,4.95,4.40,8.22,6.74
12/01/2024 08:10 p. m.,Ordeño,04:44,11.54,2,,,,,0,,1.38,1.20,1.50,1.44,0,0,0,0,4.70,4.67,4.64,0.00,VMS 1,,Tanque,,1.80,1.62,2.22,2.16,2.48,2.51,3.66,2.89
13/01/2024 04:02 a. m.,Ordeño,05:24,14.39,1,,,,,0,,1.56,1.14,1.50,1.50,0,0,0,0,4.98,4.89,4.91,0.00,VMS 1,,Tanque,,1.98,1.56,1.92,1.92,2.89,3.16,4.67,3.67
13/01/2024 02:17 p. m.,Ordeño,06:07,18.74,2,,,,,0,,1.68,1.38,1.62,1.56,0,0,0,0,5.08,5.23,5.30,0.00,VMS 1,,Tanque,,2.16,1.74,2.04,2.16,2.93,4.41,6.20,5.20
13/01/2024 09:57 p. m.,Ordeño,04:42,13.35,3,,,,,0,,1.68,1.38,1.62,1.56,0,0,0,0,4.93,4.78,4.85,0.00,VMS 1,,Tanque,,2.22,1.92,2.10,1.98,2.76,2.86,4.22,3.51
14/01/2024 10:27 a. m.,Ordeño,07:18,25.52,1,,,,,0,,1.62,1.38,1.68,1.62,0,0,0,0,5.34,5.32,5.43,0.00,VMS 1,,Tanque,,2.04,1.86,2.04,1.98,4.81,5.52,8.35,6.84
14/01/2024 05:56 p. m.,Ordeño,04:44,13.68,2,,,,,0,,1.68,1.38,1.68,1.62,0,0,0,0,5.13,5.08,5.14,0.00,VMS 1,,Tanque,,2.10,1.86,2.10,2.22,2.91,2.89,4.33,3.55
14/01/2024 11:08 p. m.,Ordeño,04:19,10.09,3,,,,,0,,1.56,1.26,1.56,1.56,0,0,0,0,5.02,5.09,5.22,0.00,VMS 1,,Tanque,,2.34,1.80,1.98,2.10,2.22,1.81,3.27,2.79
15/01/2024 10:57 a. m.,Ordeño,07:37,23.29,1,,,,,0,,1.62,1.44,1.62,1.68,0,0,0,0,5.33,5.20,5.38,0.00,VMS 1,,Tanque,,2.10,2.04,2.04,2.10,4.44,4.20,8.05,6.60
15/01/2024 11:14 p. m.,Ordeño,06:27,24.40,2,,,,,0,,1.68,1.68,1.74,1.74,0,0,0,0,5.23,5.18,5.16,0.00,VMS 1,,Tanque,,2.16,2.04,2.10,2.16,5.63,5.28,7.43,6.06
16/01/2024 09:48 a. m.,Ordeño,05:46,18.50,1,,,,,0,,1.68,1.38,1.68,1.56,0,0,0,0,4.75,4.76,4.77,0.00,VMS 1,,Tanque,,2.10,1.80,2.10,1.98,3.47,4.24,5.96,4.83
16/01/2024 04:44 p. m.,Ordeño,04:45,13.07,2,,,,,0,,1.44,1.44,1.62,1.56,0,0,0,0,4.94,4.96,5.08,0.00,VMS 1,,Tanque,,1.86,1.92,2.22,2.04,2.87,2.64,4.22,3.34
17/01/2024 01:59 a. m.,Ordeño,06:48,20.03,1,,,,,0,,1.62,1.38,1.56,1.56,0,0,0,0,5.37,5.30,5.09,0.00,VMS 1,,Tanque,,2.10,1.74,2.10,1.98,3.84,4.31,6.67,5.21
17/01/2024 12:43 p. m.,Ordeño,06:10,21.93,2,,,,,0,,1.74,1.38,1.80,1.80,0,0,0,0,5.34,5.04,5.23,0.00,VMS 1,,Tanque,,2.22,1.86,2.34,2.40,4.86,4.40,6.81,5.86
17/01/2024 06:42 p. m.,Ordeño,06:24,13.06,3,,,,,0,,1.44,1.26,1.56,1.56,0,0,0,0,4.83,4.97,4.97,0.00,VMS 1,,Tanque,,2.10,2.04,2.04,2.04,2.80,2.77,4.14,3.35
18/01/2024 03:24 a. m.,Ordeño,05:58,17.69,1,,,,,0,,1.56,1.38,1.56,1.56,0,0,0,0,5.17,5.19,5.09,0.00,VMS 1,,Tanque,,1.98,1.80,1.92,1.98,3.86,3.78,5.61,4.44
18/01/2024 01:50 p. m.,Ordeño,06:43,23.19,2,,,,,0,,1.68,1.44,1.68,1.56,0,0,0,0,5.48,5.38,5.43,0.00,VMS 1,,Tanque,,2.16,2.22,2.16,2.16,4.41,5.10,7.59,6.09
19/01/2024 12:20 a. m.,Ordeño,07:11,21.39,1,,,,,0,,1.62,1.32,1.44,1.50,0,0,0,0,5.15,4.98,4.76,0.00,VMS 1,,Tanque,,2.10,1.74,1.86,1.92,4.51,4.57,6.93,5.38
19/01/2024 06:55 a. m.,Ordeño,05:23,15.01,2,,,,,0,,1.68,1.44,1.50,1.50,0,0,0,0,5.35,5.17,5.16,0.00,VMS 1,,Tanque,,2.16,1.92,1.92,2.10,3.29,3.23,4.62,3.87
19/01/2024 05:35 p. m.,Ordeño,06:09,20.69,3,,,,,0,,1.50,1.44,1.68,1.56,0,0,0,0,5.10,5.05,5.06,0.00,VMS 1,,Tanque,,1.86,1.80,2.04,1.98,4.60,4.48,6.47,5.14
20/01/2024 01:46 a. m.,Ordeño,05:33,17.02,1,,,,,0,,1.62,1.38,1.74,1.56,0,0,0,0,5.04,4.85,4.96,0.00,VMS 1,,Tanque,,1.98,2.10,2.34,1.92,3.70,3.75,5.38,4.19
20/01/2024 11:15 a. m.,Ordeño,06:12,20.87,2,,,,,0,,1.62,1.68,1.68,1.62,0,0,0,0,5.33,5.40,5.38,0.00,VMS 1,,Tanque,,2.04,2.16,2.10,2.04,4.63,4.45,6.52,5.27
20/01/2024 06:29 p. m.,Ordeño,05:01,14.42,3,,,,,0,,1.50,1.44,1.68,1.56,0,0,0,0,4.92,4.72,4.85,0.00,VMS 1,,Tanque,,1.92,1.80,2.10,2.04,3.29,2.67,4.69,3.77
21/01/2024 03:25 a. m.,Ordeño,06:04,18.89,1,,,,,0,,1.62,1.38,1.68,1.56,0,0,0,0,5.15,5.14,5.17,0.00,VMS 1,,Tanque,,2.10,1.86,2.28,2.16,3.69,4.20,6.02,4.98
21/01/2024 01:09 p. m.,Ordeño,06:02,19.83,2,,,,,0,,1.56,1.50,1.74,1.62,0,0,0,0,5.20,4.98,5.01,0.00,VMS 1,,Tanque,,1.98,1.86,2.22,2.22,4.24,4.21,6.21,5.17
21/01/2024 07:06 p. m.,Ordeño,06:43,10.23,3,,TD,TD,,0,,1.38,1.20,1.50,1.32,0,0,0,0,4.97,5.01,4.86,0.00,VMS 1,,Tanque,,1.92,1.80,2.04,1.74,2.63,2.57,3.85,1.18
22/01/2024 03:18 a. m.,Ordeño,06:06,19.71,1,,,,,0,,1.62,1.32,1.74,1.62,0,0,0,0,5.02,4.99,5.10,0.00,VMS 1,,Tanque,,2.04,1.74,2.28,2.04,3.83,3.79,5.61,6.48
22/01/2024 11:47 a. m.,Ordeño,05:32,16.40,2,,,,,0,,1.62,1.38,1.68,1.56,0,0,0,0,4.81,4.73,4.80,0.00,VMS 1,,Tanque,,2.10,1.80,2.04,1.98,3.07,3.61,5.25,4.47
22/01/2024 05:55 p. m.,Ordeño,04:37,11.67,3,,,,,0,,1.44,1.26,1.56,1.50,0,0,0,0,4.88,4.74,4.77,0.00,VMS 1,,Tanque,,1.86,1.80,2.10,2.10,2.47,2.54,3.70,2.96
23/01/2024 01:36 a. m.,Ordeño,05:07,15.54,1,,,,,0,,1.62,1.32,1.68,1.68,0,0,0,0,4.96,4.75,4.90,0.00,VMS 1,,Tanque,,2.04,1.74,2.16,2.34,3.26,3.31,4.82,4.15
23/01/2024 08:57 a. m.,Ordeño,04:55,14.27,2,,,,,0,,1.68,1.38,1.74,1.56,0,0,0,0,4.74,4.74,4.83,0.00,VMS 1,,Tanque,,2.10,1.92,2.10,1.98,2.93,3.13,4.45,3.76
23/01/2024 03:39 p. m.,Ordeño,04:44,11.10,3,,,,,0,,1.38,1.26,1.62,1.50,0,0,0,0,4.52,4.57,4.60,0.00,VMS 1,,Tanque,,1.86,1.74,2.10,2.04,2.31,2.33,3.46,3.00
24/01/2024 04:16 a. m.,Ordeño,06:55,22.97,1,,,,,0,,1.62,1.26,1.68,1.50,330,352,369,0,5.13,4.98,5.16,0.00,VMS 1,,Tanque,,2.16,1.68,2.10,1.98,4.79,4.17,7.50,6.51
24/01/2024 11:44 a. m.,Ordeño,05:25,15.55,2,,,,,0,,1.50,1.38,1.56,1.56,0,0,0,0,4.75,4.62,4.75,0.00,VMS 1,,Tanque,,1.92,1.86,1.98,2.10,3.51,2.86,4.96,4.22
24/01/2024 04:45 p. m.,Ordeño,04:32,10.05,3,,,,,0,,1.44,1.20,1.38,1.38,0,0,0,0,4.76,4.83,4.68,0.00,VMS 1,,Tanque,,2.04,1.62,1.80,1.80,2.20,2.14,3.13,2.58
24/01/2024 11:05 p. m.,Ordeño,04:47,11.37,4,,,,,0,,1.32,1.20,1.44,1.32,0,0,0,0,4.55,4.61,4.63,0.00,VMS 1,,Tanque,,1.68,1.62,2.10,1.68,2.41,2.44,3.58,2.94
25/01/2024 07:26 a. m.,Ordeño,06:11,18.28,1,,,,,0,,1.68,1.26,1.50,1.44,0,0,0,0,5.38,5.28,5.36,0.00,VMS 1,,Tanque,,2.16,1.62,2.04,1.80,3.75,3.89,5.76,4.88
25/01/2024 03:21 p. m.,Ordeño,05:44,17.81,2,,,,,0,,1.50,1.50,1.62,1.38,0,0,0,0,5.23,5.08,4.98,0.00,VMS 1,,Tanque,,1.92,1.98,2.22,1.92,3.83,3.71,5.60,4.67
26/01/2024 02:36 a. m.,Ordeño,06:53,22.71,1,,,,,0,,1.68,1.44,1.56,1.50,0,0,367,0,5.12,4.96,5.09,0.00,VMS 1,,Tanque,,2.16,1.92,2.10,1.92,4.55,4.85,7.21,6.10
26/01/2024 12:27 p. m.,Ordeño,06:30,21.28,2,,,,,0,,1.74,1.44,1.62,1.62,0,0,0,0,5.20,5.14,5.22,0.00,VMS 1,,Tanque,,2.16,1.86,2.04,2.10,4.28,4.69,6.81,5.50
27/01/2024 02:50 a. m.,Ordeño,07:25,27.47,1,,,,,0,,1.80,1.56,1.68,1.74,0,0,0,0,5.20,5.14,5.23,0.00,VMS 1,,Tanque,,2.52,1.98,2.04,2.28,5.27,6.23,8.41,7.56
27/01/2024 11:55 a. m.,Ordeño,05:58,19.47,2,,,,,0,,1.80,1.44,1.68,1.68,0,0,0,0,5.35,5.20,5.22,0.00,VMS 1,,Tanque,,2.34,1.80,2.04,2.16,4.21,3.89,6.18,5.19
27/01/2024 05:27 p. m.,Ordeño,04:24,10.41,3,,,,,0,,1.56,1.20,1.50,1.50,0,0,0,0,4.85,4.58,4.65,0.00,VMS 1,,Tanque,,2.10,1.62,1.98,1.92,2.29,2.29,3.30,2.53
28/01/2024 03:08 a. m.,Ordeño,06:06,19.41,1,,,,,0,,1.50,1.38,1.68,1.62,0,0,0,0,5.05,4.92,5.11,0.00,VMS 1,,Tanque,,1.92,1.74,2.10,2.16,4.26,3.84,6.29,5.02
28/01/2024 09:33 a. m.,Ordeño,05:21,14.60,2,,,,,0,,1.56,1.44,1.50,1.56,0,0,0,0,5.14,4.99,4.71,0.00,VMS 1,,Tanque,,2.22,1.92,1.98,2.16,3.20,3.16,4.69,3.55
28/01/2024 04:23 p. m.,Ordeño,05:02,14.64,3,,,,,0,,1.50,1.56,1.74,1.56,0,0,0,0,5.13,5.05,5.31,0.00,VMS 1,,Tanque,,2.04,2.04,2.46,2.10,3.25,2.99,4.66,3.74
28/01/2024 11:41 p. m.,Ordeño,05:16,14.90,4,,,,,0,,1.38,1.38,1.68,1.62,0,0,0,0,4.99,4.89,5.24,0.00,VMS 1,,Tanque,,1.74,1.92,2.10,2.28,3.47,2.50,4.91,4.02
29/01/2024 07:33 a. m.,Ordeño,05:43,17.67,1,,,,,0,,1.56,1.44,1.62,1.62,0,0,0,0,5.28,5.35,5.34,0.00,VMS 1,,Tanque,,1.98,1.86,2.04,1.98,3.71,3.90,5.64,4.42
29/01/2024 01:57 p. m.,Ordeño,05:12,14.24,2,,,,,0,,1.44,1.38,1.50,1.44,0,0,0,0,5.20,5.21,5.25,0.00,VMS 1,,Tanque,,1.92,1.86,1.86,1.80,3.10,2.98,4.46,3.70
29/01/2024 09:19 p. m.,Ordeño,05:01,15.41,3,,,,,0,,1.62,1.32,1.74,1.56,0,0,0,0,5.23,5.14,5.16,0.00,VMS 1,,Tanque,,1.98,1.80,2.16,1.92,3.34,3.38,4.81,3.88
30/01/2024 02:41 a. m.,Ordeño,04:49,11.97,1,,,,,0,,1.44,1.38,1.50,1.44,0,0,0,0,4.84,4.74,4.81,0.00,VMS 1,,Tanque,,1.74,1.86,1.86,1.86,2.57,2.41,3.74,3.25
30/01/2024 12:49 p. m.,Ordeño,06:26,22.40,2,,,,,0,,1.62,1.38,1.68,1.56,0,0,0,0,5.13,5.07,5.14,0.00,VMS 1,,Tanque,,2.04,1.80,2.16,1.92,4.95,4.79,6.89,5.77
30/01/2024 08:16 p. m.,Ordeño,05:24,14.96,3,,,,,0,,1.50,1.20,1.50,1.44,0,0,0,0,4.80,4.89,4.80,0.00,VMS 1,,Tanque,,1.86,1.62,1.86,1.80,3.10,3.22,4.74,3.90
31/01/2024 05:46 a. m.,Ordeño,06:39,20.72,1,,,,,0,,1.62,1.32,1.56,1.44,0,0,0,0,5.00,5.06,5.11,0.00,VMS 1,,Tanque,,2.04,1.74,1.92,1.92,3.68,4.71,6.78,5.55
31/01/2024 01:47 p. m.,Ordeño,05:42,15.36,2,,,,,0,,1.44,1.32,1.44,1.44,0,0,0,0,4.58,4.73,4.76,0.00,VMS 1,,Tanque,,1.92,1.74,1.98,1.74,2.80,3.49,4.94,4.13
31/01/2024 06:26 p. m.,Ordeño,04:27,9.42,3,,,,,0,,1.44,1.20,1.38,1.32,0,0,0,0,4.97,5.06,5.03,0.00,VMS 1,,Tanque,,1.86,1.62,1.80,1.74,2.05,2.01,3.04,2.32
01/02/2024 02:08 a. m.,Ordeño,06:02,17.98,1,,,,,0,,1.44,1.32,1.56,1.50,0,0,0,0,4.98,4.99,5.14,0.00,VMS 1,,Tanque,,1.86,2.04,1.98,1.98,3.70,3.89,5.73,4.66
01/02/2024 11:47 a. m.,Ordeño,06:27,20.49,2,,,,,0,,1.44,1.26,1.68,1.56,0,0,0,0,5.05,5.13,5.19,0.00,VMS 1,,Tanque,,1.86,1.80,2.40,1.92,3.17,4.81,6.88,5.63
01/02/2024 07:07 p. m.,Ordeño,05:44,15.23,3,,,,,0,,1.38,1.20,1.38,1.38,0,0,0,0,4.78,4.73,4.80,0.00,VMS 1,,Tanque,,1.86,1.62,1.80,1.74,3.16,3.31,4.87,3.89
02/02/2024 02:21 a. m.,Ordeño,06:03,16.60,1,,,,,0,,1.56,1.20,1.44,1.44,0,0,0,0,5.12,5.07,5.21,0.00,VMS 1,,Tanque,,1.98,1.62,1.86,1.86,3.65,3.55,5.23,4.17
02/02/2024 02:55 p. m.,Ordeño,07:10,25.00,2,,,,,0,,1.56,1.44,1.56,1.44,0,0,0,0,5.10,5.05,5.13,0.00,VMS 1,,Tanque,,1.98,1.86,1.98,1.98,5.44,5.36,7.36,6.84
03/02/2024 12:59 a. m.,Ordeño,06:38,19.32,1,,,,,0,,1.38,1.32,1.38,1.26,0,0,0,0,4.62,4.60,4.66,0.00,VMS 1,,Tanque,,1.74,2.04,1.86,1.62,4.20,4.17,6.03,4.92
03/02/2024 07:14 a. m.,Ordeño,05:40,13.86,2,,,,,0,,1.32,1.32,1.32,1.32,0,0,0,0,5.25,5.21,5.26,0.00,VMS 1,,Tanque,,1.80,1.74,1.80,1.68,3.07,2.86,4.48,3.45
03/02/2024 05:12 p. m.,Ordeño,07:14,21.73,3,,,,,0,,1.44,1.38,1.38,1.44,0,0,0,0,5.07,5.12,5.12,0.00,VMS 1,,Tanque,,1.80,1.86,1.80,2.10,4.70,4.70,6.81,5.52
04/02/2024 07:43 a. m.,Ordeño,08:24,25.98,1,,,,,0,,1.50,1.38,1.50,1.50,0,0,0,0,4.70,5.00,5.14,0.00,VMS 1,,Tanque,,1.98,1.80,2.10,2.04,3.53,5.81,8.71,7.93
04/02/2024 03:37 p. m.,Ordeño,05:46,16.42,2,,,,,0,,1.56,1.32,1.56,1.56,0,0,0,0,4.98,4.92,4.96,0.00,VMS 1,,Tanque,,2.10,1.74,2.04,2.04,2.83,3.73,5.34,4.52
04/02/2024 09:07 p. m.,Ordeño,04:37,10.85,3,,,,,0,,1.44,1.26,1.44,1.32,0,0,0,0,4.79,4.73,4.77,0.00,VMS 1,,Tanque,,1.86,1.62,1.92,1.80,2.32,2.33,3.48,2.72
05/02/2024 10:22 a. m.,Ordeño,07:35,25.21,1,,,,,0,,1.56,1.38,1.56,1.62,0,0,0,0,4.99,4.95,4.97,0.00,VMS 1,,Tanque,,2.04,1.86,2.16,1.98,4.72,5.68,7.99,6.82
05/02/2024 06:34 p. m.,Ordeño,05:31,15.28,2,,,,,0,,1.44,1.26,1.56,1.56,0,0,0,0,4.84,4.94,4.84,0.00,VMS 1,,Tanque,,1.80,1.74,2.28,2.04,3.26,3.32,4.88,3.82
06/02/2024 05:32 a. m.,Ordeño,06:44,20.25,1,,,,,0,,1.44,1.38,1.56,1.56,0,0,0,0,4.81,4.66,4.86,0.00,VMS 1,,Tanque,,1.98,1.92,2.10,1.98,4.14,3.91,6.87,5.33
06/02/2024 04:49 p. m.,Ordeño,06:51,22.66,2,,,,,0,,1.56,1.38,1.62,1.56,0,0,0,0,4.95,5.08,5.17,0.00,VMS 1,,Tanque,,2.04,1.86,2.16,2.04,3.67,5.34,7.51,6.14
07/02/2024 12:31 a. m.,Ordeño,05:55,15.47,1,,,,,0,,1.32,1.08,1.38,1.32,0,0,0,0,5.05,5.04,5.10,0.00,VMS 1,,Tanque,,1.68,1.44,1.86,1.74,3.21,3.30,4.98,3.98
07/02/2024 08:08 a. m.,Ordeño,05:53,15.87,2,,,,,0,,1.44,1.38,1.38,1.32,0,0,0,0,5.10,5.24,5.23,0.00,VMS 1,,Tanque,,1.92,1.86,1.86,1.74,3.35,3.39,5.09,4.04
07/02/2024 06:44 p. m.,Ordeño,07:15,21.87,3,,,,,0,,1.56,1.38,1.50,1.56,0,0,0,0,5.10,5.07,5.19,0.00,VMS 1,,Tanque,,2.10,1.80,1.92,1.92,4.09,4.90,7.07,5.81
08/02/2024 02:21 a. m.,Ordeño,05:55,15.72,1,,,,,0,,1.50,1.26,1.44,1.38,0,0,0,0,4.82,4.71,4.91,0.00,VMS 1,,Tanque,,1.92,1.68,1.92,1.86,3.03,3.39,5.14,4.16
08/02/2024 01:50 p. m.,Ordeño,06:41,22.80,2,,TD,,,0,,1.68,1.38,1.74,1.68,0,0,0,0,5.10,4.97,5.27,0.00,VMS 1,,Tanque,,2.16,1.98,2.22,2.16,4.39,4.26,7.76,6.39
09/02/2024 01:53 a. m.,Ordeño,06:26,21.66,1,,,,,0,,1.62,1.38,1.74,1.44,0,0,0,0,4.56,4.80,4.88,0.00,VMS 1,,Tanque,,2.22,1.80,2.28,1.98,3.03,5.07,7.43,6.13
09/02/2024 10:39 a. m.,Ordeño,05:54,16.82,2,,,,,0,,1.62,1.38,1.50,1.44,0,0,0,0,4.91,4.92,4.94,0.00,VMS 1,,Tanque,,2.10,1.74,1.92,1.86,3.59,3.59,5.28,4.36
09/02/2024 04:57 p. m.,Ordeño,04:56,8.98,3,,,,,0,,1.32,1.20,1.44,1.38,0,0,0,0,4.78,4.88,4.86,0.00,VMS 1,,Tanque,,1.74,1.62,1.92,1.74,1.97,1.82,2.98,2.21
10/02/2024 05:15 a. m.,Ordeño,06:01,14.14,1,,,,,0,,1.50,1.38,1.50,1.38,0,0,0,0,4.49,4.47,4.53,0.00,VMS 1,,Tanque,,1.92,1.80,1.92,1.80,3.11,3.05,4.32,3.66
10/02/2024 01:07 p. m.,Ordeño,04:52,8.14,2,,,TI,,0,,1.26,1.32,1.26,1.38,0,0,0,0,4.14,4.23,4.21,0.00,VMS 1,,Tanque,,1.68,1.86,1.68,1.80,1.74,1.79,2.42,2.19
10/02/2024 06:16 p. m.,Ordeño,04:29,5.88,3,,,TD,,0,,1.20,1.14,1.20,1.20,0,0,0,0,4.13,4.31,4.28,0.00,VMS 1,,Tanque,,1.62,1.62,1.68,1.56,1.18,1.22,1.97,1.51
11/02/2024 02:15 a. m.,Ordeño,04:58,12.14,1,,,,,0,,1.62,1.32,1.44,1.50,0,0,0,0,4.75,4.75,4.82,0.00,VMS 1,,Tanque,,1.98,1.74,2.10,1.92,2.53,2.54,3.88,3.19
11/02/2024 10:31 a. m.,Ordeño,05:37,15.72,2,,,,,0,,1.56,1.32,1.50,1.50,0,0,0,0,5.24,5.25,5.25,0.00,VMS 1,,Tanque,,1.92,1.80,1.92,1.92,3.32,3.31,5.09,4.00
11/02/2024 04:48 p. m.,Ordeño,08:52,10.34,3,,TI,,,0,,1.38,1.26,0.60,1.32,0,0,0,0,4.65,4.91,4.53,0.00,VMS 1,,Tanque,,1.86,1.68,1.26,1.74,1.89,2.20,3.64,2.61
12/02/2024 02:24 a. m.,Ordeño,06:23,17.00,1,,,,,0,,1.44,1.38,1.44,1.62,0,0,0,0,5.06,4.85,5.04,0.00,VMS 1,,Tanque,,1.80,1.86,1.86,1.98,3.61,2.73,5.93,4.73
12/02/2024 12:03 p. m.,Ordeño,05:54,18.35,2,,,,,0,,1.56,1.38,1.68,1.62,0,0,0,0,5.30,5.39,5.54,0.00,VMS 1,,Tanque,,1.98,1.86,2.10,2.10,3.00,4.16,6.14,5.05
12/02/2024 07:09 p. m.,Ordeño,05:00,11.91,3,,,,,0,,1.32,1.32,1.38,1.38,0,0,0,0,4.78,4.78,4.88,0.00,VMS 1,,Tanque,,1.68,1.80,1.74,1.80,2.59,2.28,3.91,3.13
13/02/2024 05:57 a. m.,Ordeño,06:42,21.41,1,,,,,0,,1.68,1.50,1.68,1.68,0,0,0,0,5.27,5.24,5.28,0.00,VMS 1,,Tanque,,2.22,1.98,2.10,2.22,3.96,4.27,7.42,5.76
13/02/2024 01:00 p. m.,Ordeño,05:30,15.74,2,,,,,0,,1.62,1.32,1.56,1.56,0,0,0,0,5.38,5.29,5.31,0.00,VMS 1,,Tanque,,2.04,1.80,1.98,1.98,3.47,3.08,5.15,4.04
13/02/2024 09:10 p. m.,Ordeño,05:51,16.06,3,,,,,0,,1.44,1.38,1.50,1.44,0,0,0,0,5.06,5.09,5.08,0.00,VMS 1,,Tanque,,1.86,1.80,1.86,1.92,3.47,3.42,5.18,3.99
14/02/2024 05:10 a. m.,Ordeño,06:30,18.36,1,,,,,0,,1.44,1.32,1.44,1.50,0,0,0,0,5.30,5.36,5.41,0.00,VMS 1,,Tanque,,1.86,1.92,1.86,1.92,3.53,4.11,6.01,4.71
14/02/2024 12:54 p. m.,Ordeño,05:37,16.48,2,,,,,0,,1.44,1.44,1.62,1.62,0,0,0,0,5.15,5.03,5.28,0.00,VMS 1,,Tanque,,1.92,1.98,1.98,2.10,3.93,2.75,5.49,4.31
14/02/2024 06:41 p. m.,Ordeño,04:55,12.41,3,,,,,0,,1.32,1.26,1.44,1.44,0,0,0,0,5.26,5.39,5.41,0.00,VMS 1,,Tanque,,1.68,1.62,1.86,1.86,2.67,2.65,3.91,3.18
15/02/2024 08:51 a. m.,Ordeño,07:03,24.39,1,,,,,0,,1.56,1.50,1.68,1.62,0,0,0,0,5.30,5.24,5.22,0.00,VMS 1,,Tanque,,2.16,1.92,2.04,2.16,5.55,5.29,7.05,6.50
15/02/2024 05:52 p. m.,Ordeño,05:39,16.57,2,,,,,0,,1.38,1.38,1.68,1.62,0,0,0,0,4.90,4.84,4.96,0.00,VMS 1,,Tanque,,1.92,1.80,2.16,2.04,3.83,3.02,5.35,4.37
16/02/2024 01:03 a. m.,Ordeño,05:29,15.92,1,,,,,0,,1.50,1.32,1.56,1.62,0,0,0,0,5.20,5.26,5.25,0.00,VMS 1,,Tanque,,1.86,1.74,2.04,2.16,3.51,3.41,5.00,4.00
16/02/2024 03:51 p. m.,Ordeño,07:03,25.17,2,,,,,0,,1.50,1.50,1.74,1.68,0,0,0,0,5.25,5.31,5.29,0.00,VMS 1,,Tanque,,1.86,2.04,2.22,2.16,5.02,5.60,8.24,6.31
16/02/2024 09:34 p. m.,Ordeño,04:43,10.24,3,,,,,0,,1.26,1.20,1.32,1.26,0,0,0,0,4.91,4.83,4.98,0.00,VMS 1,,Tanque,,1.74,1.56,1.68,1.62,2.19,2.17,3.31,2.57
17/02/2024 07:14 a. m.,Ordeño,07:15,22.47,1,,,,,0,,1.38,1.32,1.50,1.32,0,0,0,0,5.39,5.39,5.51,0.00,VMS 1,,Tanque,,1.74,1.74,1.86,1.74,5.20,4.40,7.25,5.62
17/02/2024 07:02 p. m.,Ordeño,07:50,24.07,2,,,,,0,,1.44,1.26,1.44,1.56,0,0,0,0,5.12,5.11,5.23,0.00,VMS 1,,Tanque,,1.92,1.74,1.86,1.86,5.61,4.56,7.79,6.11
18/02/2024 04:08 a. m.,Ordeño,06:25,19.24,1,,,,,0,,1.56,1.32,1.62,1.50,0,0,0,0,4.99,5.06,5.07,0.00,VMS 1,,Tanque,,2.16,1.86,2.10,1.98,3.67,3.74,6.61,5.22
18/02/2024 09:01 a. m.,Ordeño,04:17,11.34,2,,,,,0,,1.74,1.26,1.56,1.44,0,0,0,0,5.61,5.39,5.30,0.00,VMS 1,,Tanque,,2.34,1.74,1.92,1.86,2.80,2.37,3.31,2.86
18/02/2024 05:07 p. m.,Ordeño,05:33,16.76,3,,,,,0,,1.50,1.32,1.62,1.62,0,0,0,0,4.93,5.19,5.18,0.00,VMS 1,,Tanque,,1.92,1.80,1.98,2.16,3.61,3.60,5.31,4.24
19/02/2024 12:45 a. m.,Ordeño,05:15,14.52,1,,,,,0,,1.44,1.32,1.50,1.56,0,0,0,0,4.99,4.93,5.12,0.00,VMS 1,,Tanque,,1.80,1.80,1.86,1.98,3.08,3.13,4.59,3.72
19/02/2024 06:56 p. m.,Ordeño,08:00,25.61,2,,,,,0,,1.38,1.44,1.68,1.50,0,0,0,0,4.81,5.06,5.27,0.00,VMS 1,,Tanque,,1.80,1.98,2.22,2.10,3.64,6.17,9.43,6.37
20/02/2024 12:44 a. m.,Ordeño,05:10,12.70,1,,,,,0,,1.26,1.38,1.38,1.26,0,0,0,0,5.15,5.03,5.07,0.00,VMS 1,,Tanque,,1.86,1.80,1.80,1.68,2.80,2.61,4.03,3.26
20/02/2024 11:50 a. m.,Ordeño,07:01,23.67,2,,,,,0,,1.44,1.44,1.56,1.50,0,0,0,0,5.14,5.15,5.20,0.00,VMS 1,,Tanque,,1.92,1.92,2.04,1.98,5.19,5.16,7.34,5.98
20/02/2024 07:51 p. m.,Ordeño,05:16,15.48,3,,,,,0,,1.44,1.50,1.56,1.44,0,0,0,0,4.81,4.82,4.79,0.00,VMS 1,,Tanque,,1.80,1.86,2.04,1.92,3.48,3.25,4.86,3.89
21/02/2024 03:45 a. m.,Ordeño,06:11,17.12,1,,,,,0,,1.44,1.32,1.50,1.32,0,0,0,0,5.02,5.02,5.08,0.00,VMS 1,,Tanque,,1.92,1.68,1.98,1.68,3.81,3.68,5.40,4.23
21/02/2024 03:26 p. m.,Ordeño,07:03,22.74,2,,,,,0,,1.50,1.50,1.62,1.44,0,0,0,0,5.07,5.26,5.28,0.00,VMS 1,,Tanque,,1.98,2.10,2.04,1.80,3.41,5.38,7.73,6.22
21/02/2024 11:10 p. m.,Ordeño,05:48,17.02,3,,,,,0,,1.44,1.38,1.50,1.38,0,0,0,0,5.22,5.26,5.20,0.00,VMS 1,,Tanque,,1.80,1.74,1.92,1.74,3.80,3.66,5.35,4.21
22/02/2024 07:14 a. m.,Ordeño,05:56,18.23,1,,,,,0,,1.56,1.26,1.56,1.44,0,0,0,0,5.50,5.37,5.49,0.00,VMS 1,,Tanque,,1.92,1.74,1.98,1.80,3.95,3.91,5.78,4.59
22/02/2024 02:31 p. m.,Ordeño,05:07,13.81,2,,,,,0,,1.50,1.32,1.62,1.38,0,0,0,0,4.94,5.10,5.12,0.00,VMS 1,,Tanque,,1.86,1.74,2.10,1.74,2.50,3.23,4.60,3.48
22/02/2024 10:26 p. m.,Ordeño,05:55,16.92,3,,,,,0,,1.38,1.26,1.50,1.38,0,0,0,0,5.22,5.21,5.29,0.00,VMS 1,,Tanque,,1.86,1.62,1.92,1.86,3.62,3.66,5.44,4.20
23/02/2024 08:37 a. m.,Ordeño,06:51,22.18,1,,,,,0,,1.50,1.38,1.56,1.44,0,0,0,0,5.28,5.34,5.43,0.00,VMS 1,,Tanque,,1.86,1.80,1.98,1.74,4.69,4.91,7.07,5.51
23/02/2024 01:52 p. m.,Ordeño,04:23,9.09,2,,,,,0,,1.44,1.32,1.50,1.38,0,0,0,0,4.81,4.80,4.89,0.00,VMS 1,,Tanque,,1.92,1.86,1.92,1.86,1.78,2.09,3.00,2.22
23/02/2024 11:57 p. m.,Ordeño,06:38,21.54,1,,,,,0,,1.62,1.32,1.56,1.32,0,0,0,0,5.33,5.14,5.21,0.00,VMS 1,,Tanque,,1.98,1.74,1.92,1.86,4.78,4.57,6.72,5.47
24/02/2024 06:42 a. m.,Ordeño,05:20,14.50,2,,,,,0,,1.56,1.26,1.56,1.38,0,0,0,0,5.05,5.04,5.09,0.00,VMS 1,,Tanque,,2.10,1.62,2.10,1.92,3.30,3.12,4.60,3.48
24/02/2024 03:11 p. m.,Ordeño,06:05,18.14,3,,,,,0,,1.56,1.44,1.56,1.56,0,0,0,0,5.31,5.31,5.38,0.00,VMS 1,,Tanque,,2.10,1.86,2.04,2.10,3.58,3.94,6.04,4.58
24/02/2024 11:12 p. m.,Ordeño,06:00,16.07,4,,,,,0,,1.44,1.44,1.38,1.32,0,0,0,0,4.91,4.90,4.89,0.00,VMS 1,,Tanque,,1.86,1.80,1.86,1.74,3.51,3.33,5.08,4.15
25/02/2024 11:04 a. m.,Ordeño,07:07,23.14,1,,,,,0,,1.62,1.74,1.68,1.68,0,0,0,0,5.16,5.14,5.28,0.00,VMS 1,,Tanque,,2.10,2.16,2.10,2.04,4.34,4.51,8.12,6.17
26/02/2024 01:37 a. m.,Ordeño,07:34,23.89,1,,,,,0,,1.50,1.56,1.62,1.44,0,0,0,0,4.78,5.01,5.00,0.00,VMS 1,,Tanque,,2.04,2.04,1.98,1.86,3.29,5.27,8.43,6.90
26/02/2024 10:03 a. m.,Ordeño,05:45,16.78,2,,,,,0,,1.44,1.50,1.56,1.50,0,0,0,0,5.19,5.04,5.10,0.00,VMS 1,,Tanque,,1.80,1.98,1.92,1.92,3.83,3.20,5.48,4.27
26/02/2024 05:46 p. m.,Ordeño,05:19,14.88,3,,,,,0,,1.50,1.50,1.56,1.50,0,0,0,0,5.12,5.11,5.15,0.00,VMS 1,,Tanque,,1.86,1.92,2.04,1.80,3.15,3.28,4.88,3.57
27/02/2024 02:58 a. m.,Ordeño,07:09,18.59,1,,,,,0,,1.44,1.56,1.50,1.44,0,0,0,0,5.20,5.33,5.08,0.00,VMS 1,,Tanque,,1.98,1.98,1.98,1.74,4.19,4.02,5.82,4.56
27/02/2024 12:15 p. m.,Ordeño,06:09,18.42,2,,,,,0,,1.50,1.50,1.62,1.50,0,0,0,0,5.44,5.52,5.11,0.00,VMS 1,,Tanque,,1.92,1.92,2.10,1.92,3.43,4.07,6.14,4.78
27/02/2024 07:41 p. m.,Ordeño,05:37,13.77,3,,DD,,,0,,1.26,1.44,1.38,1.38,0,0,0,0,4.95,5.09,5.13,0.00,VMS 1,,Tanque,,1.68,2.40,1.74,1.80,3.02,2.95,4.37,3.43
28/02/2024 07:17 a. m.,Ordeño,07:16,24.45,1,,,,,0,,1.56,1.32,1.56,1.38,0,0,0,0,5.30,5.15,5.30,0.00,VMS 1,,Tanque,,1.92,1.74,1.92,1.74,4.83,5.46,7.90,6.26
28/02/2024 03:35 p. m.,Ordeño,05:46,16.90,2,,,,,0,,1.56,1.32,1.56,1.44,0,0,0,0,5.34,5.20,5.26,0.00,VMS 1,,Tanque,,1.98,1.74,1.86,1.86,3.49,3.81,5.48,4.12
29/02/2024 12:08 p. m.,Ordeño,07:28,26.65,1,,,,,0,,1.44,1.50,1.62,1.44,0,0,0,0,5.18,5.26,5.36,0.00,VMS 1,,Tanque,,1.80,1.92,1.98,1.92,5.48,7.08,7.46,6.63
29/02/2024 09:24 p. m.,Ordeño,06:33,19.52,2,,,,,0,,1.44,1.32,1.38,1.26,0,0,0,0,5.20,5.11,5.17,0.00,VMS 1,,Tanque,,1.86,1.80,1.80,1.98,4.41,4.34,5.98,4.79
01/03/2024 12:39 p. m.,Ordeño,07:53,26.72,1,,DD,,,0,,1.44,1.32,1.38,1.44,0,0,0,0,5.35,4.69,5.11,0.00,VMS 1,,Tanque,,1.80,2.04,1.98,1.92,6.26,6.15,7.69,6.62
02/03/2024 07:28 a. m.,Ordeño,07:43,24.32,1,,,,,0,,1.44,1.44,1.56,1.50,0,0,0,0,5.12,5.29,5.34,0.00,VMS 1,,Tanque,,1.86,1.92,1.92,1.92,5.61,4.63,7.88,6.20
02/03/2024 02:58 p. m.,Ordeño,05:27,14.90,2,,,,,0,,1.32,1.44,1.50,1.32,0,0,0,0,5.06,5.25,5.20,0.00,VMS 1,,Tanque,,1.74,1.80,1.86,1.80,3.29,3.20,4.74,3.67
03/03/2024 12:20 a. m.,Ordeño,06:48,17.85,1,,,,,0,,1.38,1.32,1.38,1.32,0,0,0,0,5.06,5.14,5.14,0.00,VMS 1,,Tanque,,1.80,1.80,1.74,1.68,4.16,3.73,5.60,4.36
03/03/2024 09:05 a. m.,Ordeño,06:02,17.81,2,,,,,0,,1.44,1.50,1.50,1.44,0,0,0,0,5.16,5.19,5.30,0.00,VMS 1,,Tanque,,2.04,1.98,1.98,1.98,4.09,3.68,5.67,4.37
03/03/2024 03:57 p. m.,Ordeño,05:14,12.03,3,,,,,0,,1.26,1.20,1.32,1.20,0,0,0,0,4.80,4.79,4.95,0.00,VMS 1,,Tanque,,1.62,1.62,1.86,1.56,2.63,2.58,3.89,2.93
04/03/2024 12:13 a. m.,Ordeño,06:26,17.05,1,,,,,0,,1.44,1.32,1.38,1.26,0,0,0,0,5.25,5.33,5.22,0.00,VMS 1,,Tanque,,1.86,1.74,1.80,1.86,3.87,3.40,5.55,4.23
04/03/2024 09:13 a. m.,Ordeño,07:25,19.08,2,,,,,0,,1.50,1.14,1.56,1.32,0,0,0,0,5.35,4.76,5.45,0.00,VMS 1,,Tanque,,1.92,1.86,2.04,1.80,4.09,4.35,6.06,4.58
04/03/2024 05:15 p. m.,Ordeño,05:57,15.59,3,,,,,0,,1.44,1.20,1.38,1.32,0,0,0,0,4.95,4.82,5.09,0.00,VMS 1,,Tanque,,1.80,1.92,1.74,1.68,3.58,3.32,4.94,3.75
05/03/2024 06:05 a. m.,Ordeño,08:24,25.50,1,,,,,0,,1.44,1.32,1.38,1.32,0,0,0,0,5.27,5.29,5.32,0.00,VMS 1,,Tanque,,1.86,1.68,1.74,1.62,4.95,5.60,8.33,6.62
05/03/2024 11:26 a. m.,Ordeño,04:43,10.27,2,,,,,0,,1.38,1.26,1.44,1.20,0,0,0,0,5.08,5.03,5.17,0.00,VMS 1,,Tanque,,1.86,1.68,1.86,1.68,1.97,2.35,3.38,2.57
05/03/2024 09:59 p. m.,Ordeño,07:03,21.51,3,,,,,0,,1.44,1.44,1.44,1.32,0,0,0,0,5.36,5.22,5.27,0.00,VMS 1,,Tanque,,1.86,1.92,1.86,1.74,4.71,4.56,6.96,5.28
06/03/2024 08:45 a. m.,Ordeño,06:53,22.23,1,,,,,0,,1.50,1.44,1.50,1.38,0,0,0,0,5.32,5.16,5.28,0.00,VMS 1,,Tanque,,1.92,1.86,1.86,1.74,5.11,4.54,6.98,5.60
07/03/2024 12:39 a. m.,Ordeño,07:54,28.33,1,,,,,0,,1.56,1.38,1.62,1.38,0,0,0,0,4.97,4.82,4.99,0.00,VMS 1,,Tanque,,1.92,1.98,1.98,1.86,6.12,5.64,9.18,7.39
07/03/2024 10:08 a. m.,Ordeño,06:59,18.19,2,,,,,0,,1.44,1.38,1.50,1.38,0,0,0,0,4.90,4.95,4.97,0.00,VMS 1,,Tanque,,1.86,1.86,1.92,1.74,3.99,3.97,5.76,4.47
07/03/2024 04:31 p. m.,Ordeño,04:59,10.58,3,,,,,0,,1.38,1.32,1.38,1.20,0,0,0,0,4.89,4.88,5.03,0.00,VMS 1,,Tanque,,1.80,1.86,1.74,1.62,2.32,2.34,3.40,2.52
08/03/2024 11:15 a. m.,Ordeño,07:12,23.38,1,,,,,0,,1.50,1.38,1.74,1.56,0,0,0,0,5.06,5.20,5.36,0.00,VMS 1,,Tanque,,1.98,1.98,2.16,2.16,3.73,5.20,7.73,6.72
08/03/2024 06:56 p. m.,Ordeño,05:03,13.99,2,,,,,0,,1.44,1.44,1.56,1.44,0,0,0,0,5.11,5.08,5.12,0.00,VMS 1,,Tanque,,1.86,1.92,2.04,1.86,3.33,3.02,4.40,3.24
09/03/2024 01:36 a. m.,Ordeño,05:02,11.24,1,,,,,0,,1.32,1.26,1.38,1.32,0,0,0,0,5.02,4.96,5.18,0.00,VMS 1,,Tanque,,1.68,1.68,1.86,1.92,2.64,2.02,3.80,2.78
09/03/2024 12:48 p. m.,Ordeño,06:12,21.47,2,,,,,0,,1.68,1.38,1.80,1.50,0,0,0,0,5.46,5.48,5.56,0.00,VMS 1,,Tanque,,2.28,1.86,2.28,1.86,3.79,5.00,7.16,5.52
09/03/2024 06:28 p. m.,Ordeño,04:14,9.42,3,,,,,0,,1.32,1.32,1.44,1.38,0,0,0,0,5.14,5.11,5.20,0.00,VMS 1,,Tanque,,1.74,1.86,1.98,1.80,2.11,2.07,3.01,2.23
10/03/2024 12:42 a. m.,Ordeño,04:50,11.48,1,,,,,0,,1.32,1.26,1.50,1.32,0,0,0,0,5.15,4.99,5.22,0.00,VMS 1,,Tanque,,1.68,1.62,1.98,1.74,2.69,2.05,3.88,2.86
10/03/2024 01:48 p. m.,Ordeño,07:44,23.78,2,,,,,0,,1.56,1.50,1.62,1.62,0,0,0,0,5.37,5.04,5.38,0.00,VMS 1,,Tanque,,1.92,2.04,2.04,2.28,5.96,3.13,8.28,6.41
10/03/2024 07:56 p. m.,Ordeño,05:04,11.80,3,,,,,0,,1.32,1.26,1.38,1.32,0,0,0,0,4.95,5.06,4.98,0.00,VMS 1,,Tanque,,1.62,1.62,1.68,1.74,2.74,2.57,3.75,2.74
11/03/2024 06:55 a. m.,Ordeño,07:17,22.02,1,,,,,0,,1.62,1.44,1.68,1.44,0,0,0,0,5.31,5.21,5.36,0.00,VMS 1,,Tanque,,2.16,1.74,2.10,1.86,4.62,5.01,6.70,5.69
11/03/2024 03:59 p. m.,Ordeño,05:43,17.25,2,,,,,0,,1.56,1.56,1.56,1.50,0,0,0,0,5.08,5.08,5.11,0.00,VMS 1,,Tanque,,2.04,2.16,1.92,1.92,3.83,3.83,5.41,4.18
12/03/2024 05:23 a. m.,Ordeño,07:30,23.47,1,,,,,0,,1.62,1.38,1.44,1.50,0,0,0,0,4.82,4.83,4.82,0.00,VMS 1,,Tanque,,2.22,1.80,1.80,1.86,5.42,4.69,7.44,5.92
12/03/2024 03:02 p. m.,Ordeño,05:55,17.10,2,,,,,0,,1.44,1.56,1.50,1.50,0,0,0,0,4.84,5.00,4.84,0.00,VMS 1,,Tanque,,1.86,1.98,1.98,1.98,3.78,3.73,5.36,4.23
13/03/2024 01:40 a. m.,Ordeño,06:17,18.41,1,,,,,0,,1.50,1.50,1.68,1.56,0,0,0,0,5.07,5.32,5.26,0.00,VMS 1,,Tanque,,1.98,1.92,2.04,2.04,2.41,4.35,6.36,5.29
13/03/2024 10:54 a. m.,Ordeño,05:58,19.47,2,,,,,0,,1.62,1.50,1.86,1.56,0,0,0,0,5.43,5.56,5.46,0.00,VMS 1,,Tanque,,2.10,1.92,2.22,1.92,3.67,4.54,6.28,4.98
13/03/2024 07:01 p. m.,Ordeño,05:35,15.07,3,,,,,0,,1.38,1.50,1.56,1.44,0,0,0,0,5.25,5.20,5.26,0.00,VMS 1,,Tanque,,1.98,2.16,2.04,1.80,3.25,2.71,5.14,3.97
14/03/2024 01:12 a. m.,Ordeño,04:56,13.70,1,,,,,0,,1.44,1.56,1.62,1.38,0,0,0,0,5.37,5.36,5.40,0.00,VMS 1,,Tanque,,1.86,2.10,2.10,1.86,3.04,3.09,4.31,3.26
14/03/2024 07:17 a. m.,Ordeño,05:30,13.43,2,,,,,0,,1.44,1.32,1.50,1.38,0,0,0,0,5.37,5.35,5.48,0.00,VMS 1,,Tanque,,1.80,1.68,1.98,1.74,2.43,3.13,4.35,3.52
14/03/2024 05:07 p. m.,Ordeño,06:04,19.79,3,,,,,0,,1.56,1.50,1.62,1.56,0,0,0,0,5.40,5.46,5.42,0.00,VMS 1,,Tanque,,1.92,1.98,2.16,1.98,4.64,4.11,6.22,4.82
14/03/2024 11:34 p. m.,Ordeño,04:53,12.57,4,,,,,0,,1.38,1.38,1.56,1.32,0,0,0,0,5.14,5.32,5.23,0.00,VMS 1,,Tanque,,1.86,1.68,1.92,1.74,2.51,2.81,4.08,3.17
15/03/2024 07:12 a. m.,Ordeño,05:34,16.96,1,,,,,0,,1.38,1.32,1.56,1.32,0,0,0,0,5.22,5.21,5.24,0.00,VMS 1,,Tanque,,1.74,1.68,2.04,1.62,3.47,3.88,5.24,4.37
16/03/2024 02:49 a. m.,Ordeño,08:50,26.20,1,,,,,0,,1.50,1.50,1.74,1.56,0,0,0,0,4.63,4.91,5.00,0.00,VMS 1,,Tanque,,1.92,1.86,2.22,1.98,4.99,6.55,8.24,6.42
16/03/2024 05:08 a. m.,Ordeño,04:58,3.59,2,,,Todos,,0,,1.08,1.08,0.66,0.96,0,0,0,0,4.37,4.17,0.00,4.33,VMS 1,,Tanque,,1.74,1.50,1.32,1.62,0.81,0.82,0.81,1.15
16/03/2024 11:40 a. m.,Ordeño,06:27,12.65,3,,,,,0,,1.38,1.32,1.44,1.32,0,0,0,0,4.83,4.79,4.74,0.00,VMS 1,,Tanque,,1.92,2.16,1.92,1.80,2.96,2.70,3.93,3.06
16/03/2024 05:25 p. m.,Ordeño,04:20,10.01,4,,,,,0,,1.50,1.26,1.50,1.32,0,0,0,0,4.75,4.91,4.87,0.00,VMS 1,,Tanque,,1.92,1.68,1.98,1.74,2.40,2.13,3.06,2.42
17/03/2024 01:35 a. m.,Ordeño,06:16,16.55,1,,,,,0,,1.38,1.44,1.68,1.44,0,0,0,0,5.10,5.10,5.25,0.00,VMS 1,,Tanque,,1.74,1.92,2.22,1.92,3.66,2.98,5.50,4.41
17/03/2024 11:04 a. m.,Ordeño,05:29,18.44,2,,,,,0,,1.56,1.68,1.86,1.62,0,0,0,0,5.03,5.17,5.23,0.00,VMS 1,,Tanque,,2.28,2.16,2.34,1.98,4.50,3.05,6.06,4.83
17/03/2024 04:35 p. m.,Ordeño,04:10,9.83,3,,,,,0,,1.32,1.44,1.56,1.38,0,0,0,0,4.81,4.93,4.95,0.00,VMS 1,,Tanque,,1.74,1.86,2.22,1.86,2.22,2.09,3.11,2.41
18/03/2024 02:24 a. m.,Ordeño,06:09,19.32,1,,,,,0,,1.44,1.44,1.80,1.50,0,0,0,0,5.03,5.23,5.31,0.00,VMS 1,,Tanque,,2.04,1.98,2.40,2.04,2.99,4.62,6.55,5.16
18/03/2024 11:56 a. m.,Ordeño,05:28,19.83,2,,,,,0,,1.56,1.62,1.86,1.62,0,0,0,0,5.07,5.18,5.17,0.00,VMS 1,,Tanque,,1.92,2.10,2.34,2.10,4.57,4.37,6.09,4.80
18/03/2024 09:56 p. m.,Ordeño,06:08,18.54,3,,,,,0,,1.38,1.26,1.44,1.32,0,0,0,0,4.86,4.82,4.92,0.00,VMS 1,,Tanque,,1.74,1.98,1.86,1.68,4.14,4.10,5.72,4.58
19/03/2024 06:01 a. m.,Ordeño,06:57,16.34,1,,,,,0,,1.44,1.32,1.14,1.26,0,0,0,0,5.00,5.08,4.74,0.00,VMS 1,,Tanque,,1.86,1.68,2.46,1.62,3.71,4.05,4.09,4.49
19/03/2024 05:14 p. m.,Ordeño,06:25,20.05,2,,,DI,,0,,1.20,1.50,1.98,1.56,0,0,0,0,4.86,5.09,4.97,0.00,VMS 1,,Tanque,,1.74,1.98,2.58,2.22,1.45,4.89,8.12,5.59
19/03/2024 11:20 p. m.,Ordeño,05:18,12.92,3,,,,,0,,1.38,1.20,1.50,1.26,0,0,0,0,4.77,4.64,4.92,0.00,VMS 1,,Tanque,,1.80,1.56,1.98,1.62,2.69,2.90,4.15,3.18
20/03/2024 07:00 a. m.,Ordeño,05:08,15.83,1,,,,,0,,1.44,1.44,1.68,1.50,0,0,0,0,5.07,4.96,5.16,0.00,VMS 1,,Tanque,,2.04,1.92,2.34,1.86,3.75,3.11,4.96,4.01
20/03/2024 02:56 p. m.,Ordeño,05:15,16.12,2,,,,,0,,1.50,1.38,1.80,1.56,0,0,0,0,5.00,5.04,5.23,0.00,VMS 1,,Tanque,,1.92,1.86,2.28,2.04,2.90,3.62,5.46,4.14
21/03/2024 02:38 a. m.,Ordeño,06:57,23.12,1,,,,,0,,1.44,1.44,1.74,1.62,0,0,0,0,5.06,4.91,5.25,0.00,VMS 1,,Tanque,,1.74,1.86,2.16,2.04,5.85,3.65,7.66,5.96
21/03/2024 01:04 p. m.,Ordeño,06:43,20.98,2,,,,,0,,1.38,1.44,1.62,1.44,0,0,0,0,4.87,4.91,5.04,0.00,VMS 1,,Tanque,,1.80,1.86,1.98,1.86,4.75,4.64,6.43,5.16
22/03/2024 03:38 a. m.,Ordeño,07:22,27.22,1,,,,,0,,1.56,1.50,1.80,1.62,0,0,0,0,4.77,4.95,4.84,0.00,VMS 1,,Tanque,,1.98,1.98,2.16,1.98,5.37,6.29,8.91,6.65
22/03/2024 01:39 p. m.,Ordeño,06:09,19.04,2,,,,,0,,1.32,1.56,1.56,1.44,0,0,0,0,4.68,4.84,4.72,0.00,VMS 1,,Tanque,,1.92,2.22,2.10,1.80,4.52,3.70,6.11,4.71
23/03/2024 11:10 a. m.,Ordeño,07:43,24.93,1,,,,,0,,1.44,1.56,1.68,1.74,0,0,0,0,4.65,4.40,4.85,0.00,VMS 1,,Tanque,,1.86,2.10,2.04,2.16,5.97,3.56,8.38,7.02
23/03/2024 12:50 p. m.,Ordeño,05:37,1.92,2,,,Todos,,0,,0.84,0.54,0.66,0.24,0,0,0,0,4.11,3.93,4.17,0.00,VMS 1,,Tanque,,1.38,1.20,1.38,0.42,0.47,0.40,0.71,0.34
24/03/2024 12:10 a. m.,Ordeño,06:59,20.27,1,,,,,0,,1.38,1.38,1.50,1.32,0,0,0,0,4.81,4.90,4.96,0.00,VMS 1,,Tanque,,1.74,1.86,1.92,1.98,4.72,4.31,6.50,4.74
24/03/2024 09:09 a. m.,Ordeño,06:01,19.12,2,,,,,0,,1.44,1.38,1.62,1.38,0,0,0,0,4.93,5.02,5.17,0.00,VMS 1,,Tanque,,1.86,1.92,2.16,1.98,4.42,4.11,6.01,4.58
24/03/2024 06:30 p. m.,Ordeño,06:28,19.33,3,,,,,0,,1.32,1.44,1.56,1.32,0,0,0,0,5.02,5.09,5.18,0.00,VMS 1,,Tanque,,2.10,1.86,2.04,1.74,4.50,3.86,6.21,4.76
25/03/2024 01:35 a. m.,Ordeño,05:17,13.59,1,,,,,0,,1.32,1.44,1.50,1.26,0,0,0,0,4.75,4.76,4.82,0.00,VMS 1,,Tanque,,1.74,2.10,2.04,1.74,3.04,2.96,4.38,3.21
25/03/2024 10:40 a. m.,Ordeño,06:15,19.96,2,,,,,0,,1.44,1.62,1.62,1.44,0,0,0,0,5.05,5.18,4.95,0.00,VMS 1,,Tanque,,2.04,2.04,2.04,1.86,4.69,3.91,6.48,4.88
25/03/2024 06:12 p. m.,Ordeño,05:18,15.02,3,,,,,0,,1.26,1.44,1.56,1.38,0,0,0,0,4.81,5.02,5.12,0.00,VMS 1,,Tanque,,1.68,1.92,1.98,1.68,3.35,3.28,4.68,3.71
26/03/2024 01:36 a. m.,Ordeño,05:59,11.93,1,,,TD,TD,0,,1.32,1.44,1.74,0.00,0,0,0,0,4.91,4.97,5.19,0.00,VMS 1,,Tanque,,1.86,1.98,2.16,0.00,3.80,2.98,5.15,0.00
26/03/2024 11:38 a. m.,Ordeño,07:24,24.08,2,,,,,0,,1.50,1.56,1.86,1.62,0,0,0,0,5.13,5.38,5.44,0.00,VMS 1,,Tanque,,2.04,2.16,2.34,2.10,3.24,5.02,7.11,8.71
26/03/2024 06:04 p. m.,Ordeño,05:02,12.13,3,,,,,0,,1.32,1.50,1.56,1.38,0,0,0,0,4.87,4.93,5.07,0.00,VMS 1,,Tanque,,1.74,2.04,1.98,1.74,2.80,2.47,4.03,2.83
27/03/2024 03:01 a. m.,Ordeño,06:11,14.36,1,,,DD,DD,0,,1.44,0.00,1.62,1.26,0,0,0,0,5.16,0.00,5.28,0.00,VMS 1,,Tanque,,1.80,0.00,2.10,1.62,3.57,0.00,6.32,4.47
27/03/2024 02:37 p. m.,Ordeño,06:28,22.61,2,,,,,0,,1.50,1.50,1.80,1.56,0,0,0,0,4.97,4.96,5.32,0.00,VMS 1,,Tanque,,1.98,1.92,2.22,1.98,4.00,5.22,7.55,5.84
28/03/2024 12:35 a. m.,Ordeño,05:50,18.07,1,,,,,0,,1.44,1.32,1.62,1.50,0,0,0,0,4.78,4.65,4.89,0.00,VMS 1,,Tanque,,1.86,1.68,2.04,1.86,4.17,3.53,5.84,4.53
28/03/2024 01:37 p. m.,Ordeño,07:32,24.45,2,,,,,0,,1.50,1.44,1.62,1.50,0,0,0,0,4.95,4.70,4.88,0.00,VMS 1,,Tanque,,1.98,2.04,2.04,1.98,6.12,3.89,8.20,6.24
28/03/2024 10:24 p. m.,Ordeño,05:49,17.38,3,,,,,0,,1.44,1.32,1.62,1.44,0,0,0,0,4.78,4.94,4.86,0.00,VMS 1,,Tanque,,1.80,1.74,2.10,1.92,3.52,3.94,5.64,4.28
29/03/2024 05:04 a. m.,Ordeño,05:14,14.19,1,,,,,0,,1.50,1.32,1.56,1.38,0,0,0,0,4.99,5.06,5.04,0.00,VMS 1,,Tanque,,1.86,1.74,1.98,1.80,3.25,3.12,4.30,3.52
29/03/2024 02:27 p. m.,Ordeño,06:18,19.12,2,,,,,0,,1.38,1.38,1.50,1.44,0,0,0,0,4.78,4.84,4.81,0.00,VMS 1,,Tanque,,1.80,2.04,1.92,1.98,4.30,4.02,6.17,4.63
29/03/2024 07:48 p. m.,Ordeño,04:53,11.47,3,,,,,0,,1.38,1.26,1.38,1.26,0,0,0,0,4.82,4.86,4.91,0.00,VMS 1,,Tanque,,1.68,1.56,1.80,1.62,2.60,2.47,3.67,2.73
30/03/2024 08:15 a. m.,Ordeño,08:21,26.36,1,,,,,0,,1.56,1.50,1.50,1.44,0,0,0,0,5.03,5.17,4.56,0.00,VMS 1,,Tanque,,1.92,2.10,2.10,1.92,5.25,5.62,8.84,6.65
30/03/2024 04:19 p. m.,Ordeño,05:44,15.90,2,,,,,0,,1.38,1.44,1.62,1.44,0,0,0,0,4.57,4.64,4.68,0.00,VMS 1,,Tanque,,1.80,1.86,2.04,1.80,3.62,3.38,5.02,3.88
31/03/2024 03:42 a. m.,Ordeño,07:15,24.56,1,,,,,0,,1.56,1.44,1.62,1.44,0,0,0,0,5.05,5.10,5.08,0.00,VMS 1,,Tanque,,1.98,1.86,2.10,1.86,5.20,5.38,7.88,6.10
31/03/2024 11:12 a. m.,Ordeño,05:03,15.31,2,,,,,0,,1.44,1.44,1.74,1.56,0,0,0,0,4.72,4.70,4.75,0.00,VMS 1,,Tanque,,1.92,1.74,2.22,2.10,3.44,3.14,4.90,3.83
31/03/2024 06:34 p. m.,Ordeño,07:18,10.38,3,,,TI,TI,0,,1.56,1.26,0.00,1.44,0,0,0,0,5.03,5.03,0.00,0.00,VMS 1,,Tanque,,1.98,1.62,0.00,1.98,3.35,3.15,0.00,3.88
01/04/2024 03:34 a. m.,Ordeño,06:58,22.64,1,,,,,0,,1.56,1.32,1.86,1.50,0,0,0,0,5.04,5.03,5.28,0.00,VMS 1,,Tanque,,1.98,1.80,2.28,1.92,4.62,4.42,8.53,5.07
01/04/2024 05:16 p. m.,Ordeño,08:55,27.62,2,,,,,0,,1.56,1.50,1.32,1.44,0,0,0,0,4.93,4.97,4.80,0.00,VMS 1,,Tanque,,2.22,1.86,1.80,1.92,6.21,6.11,8.37,6.93
01/04/2024 09:55 p. m.,Ordeño,04:42,9.22,3,,,,,0,,1.56,1.20,1.44,1.26,0,0,0,0,4.61,4.55,4.54,0.00,VMS 1,,Tanque,,2.04,1.74,1.80,1.62,2.13,2.05,2.81,2.23
02/04/2024 10:12 a. m.,Ordeño,07:25,25.40,1,,,,,0,,1.62,1.56,1.56,1.56,0,0,0,0,5.10,5.12,5.18,0.00,VMS 1,,Tanque,,2.10,2.04,1.92,2.04,5.46,5.56,7.88,6.50
02/04/2024 07:12 p. m.,Ordeño,06:02,17.23,2,,,,,0,,1.50,1.38,1.44,1.44,0,0,0,0,4.87,4.78,4.82,0.00,VMS 1,,Tanque,,1.86,1.92,1.98,1.74,3.96,3.41,5.47,4.39
03/04/2024 03:35 a. m.,Ordeño,06:02,18.29,1,,,,,0,,1.68,1.32,1.56,1.50,0,0,0,0,4.90,4.86,4.89,0.00,VMS 1,,Tanque,,2.16,1.74,1.98,1.92,4.17,3.94,5.65,4.53
03/04/2024 11:25 a. m.,Ordeño,05:56,15.90,2,,,,,0,,1.26,1.26,1.32,1.14,0,0,0,0,4.85,5.00,4.96,0.00,VMS 1,,Tanque,,1.68,1.62,1.92,1.50,3.34,3.45,5.04,4.07
03/04/2024 11:39 p. m.,Ordeño,07:01,21.93,3,,,,,0,,1.50,1.44,1.56,1.44,0,0,0,0,4.78,4.86,4.85,0.00,VMS 1,,Tanque,,1.86,1.80,1.98,1.86,4.10,4.65,7.38,5.80
04/04/2024 08:54 a. m.,Ordeño,06:47,19.54,1,,,,,0,,1.50,1.32,1.50,1.38,0,0,0,0,4.98,5.00,5.08,0.00,VMS 1,,Tanque,,1.86,1.74,1.92,1.74,4.64,3.54,6.37,4.99
04/04/2024 05:24 p. m.,Ordeño,05:30,16.09,2,,,,,0,,1.50,1.38,1.50,1.44,0,0,0,0,4.90,4.98,4.92,0.00,VMS 1,,Tanque,,1.92,1.80,1.92,1.80,3.77,3.42,4.95,3.95
05/04/2024 08:19 a. m.,Ordeño,07:07,27.32,1,,,,,0,,1.62,1.50,1.62,1.56,0,0,0,0,5.16,5.10,5.09,0.00,VMS 1,,Tanque,,2.04,2.10,2.04,1.98,5.99,6.10,7.67,7.56
05/04/2024 05:44 p. m.,Ordeño,05:30,15.78,2,,,,,0,,1.50,1.50,1.62,1.56,0,0,0,0,4.90,4.81,4.94,0.00,VMS 1,,Tanque,,2.04,1.98,2.04,1.92,3.58,3.30,5.07,3.83
06/04/2024 02:34 a. m.,Ordeño,06:18,18.97,1,,,,,0,,1.50,1.38,1.50,1.38,0,0,0,0,5.23,5.27,5.23,0.00,VMS 1,,Tanque,,1.86,1.74,2.04,1.86,4.32,4.04,6.09,4.52
06/04/2024 10:03 a. m.,Ordeño,05:15,15.01,2,,,,,0,,1.62,1.44,1.56,1.44,0,0,0,0,5.22,5.11,5.22,0.00,VMS 1,,Tanque,,1.98,1.74,1.98,1.74,3.57,3.10,4.75,3.59
06/04/2024 06:24 p. m.,Ordeño,06:40,15.77,3,,,,,0,,1.44,1.38,1.50,1.44,0,0,0,0,5.01,4.98,5.01,0.00,VMS 1,,Tanque,,1.86,1.86,1.92,1.86,3.68,2.80,5.22,4.07
07/04/2024 03:18 a. m.,Ordeño,05:49,18.43,1,,,,,0,,1.62,1.38,1.68,1.56,0,0,0,0,5.35,5.31,5.13,0.00,VMS 1,,Tanque,,2.16,1.80,2.10,1.98,4.19,3.95,5.79,4.50
07/04/2024 11:10 a. m.,Ordeño,05:20,16.32,2,,,,,0,,1.62,1.38,1.68,1.56,0,0,0,0,5.16,5.10,5.12,0.00,VMS 1,,Tanque,,1.98,1.80,2.10,1.98,3.74,3.50,5.18,3.90
07/04/2024 06:11 p. m.,Ordeño,04:42,12.29,3,,,,,0,,1.44,1.44,1.56,1.44,0,0,0,0,4.83,4.97,4.95,0.00,VMS 1,,Tanque,,1.86,1.98,1.98,1.92,2.85,2.61,3.90,2.93
08/04/2024 12:58 a. m.,Ordeño,05:17,14.77,1,,,,,0,,1.62,1.32,1.56,1.44,0,0,0,0,5.15,5.13,5.15,0.00,VMS 1,,Tanque,,2.04,1.68,2.10,1.80,3.31,3.17,4.73,3.56
09/04/2024 01:05 a. m.,Ordeño,05:27,10.11,1,,,,,0,DI,1.26,1.26,1.32,1.26,0,0,0,0,5.72,4.80,4.80,0.00,VMS 1,,Tanque,,2.04,1.68,1.74,1.62,1.62,2.41,3.46,2.62
10/04/2024 09:27 a. m.,Ordeño,17:17,9.92,2,,,DI,DI,0,,0.00,1.32,1.44,1.32,0,0,0,0,0.00,5.06,5.09,0.00,VMS 1,,Tanque,,0.00,1.68,1.92,1.68,0.00,2.75,4.13,3.04
10/04/2024 05:48 p. m.,Ordeño,05:53,17.29,3,,,,,0,DI,1.62,1.44,1.56,1.50,0,0,0,0,6.11,4.82,4.88,0.00,VMS 1,,Tanque,,2.10,1.86,1.98,1.92,3.44,3.81,5.64,4.40
13/04/2024 06:59 a. m.,Ordeño,07:06,24.77,1,,,,,0,,1.44,1.44,1.68,1.62,0,0,0,0,5.19,5.18,5.24,0.00,VMS 1,,Tanque,,1.80,1.86,2.04,1.98,3.98,6.00,8.15,6.64
13/04/2024 06:13 p. m.,Ordeño,06:14,17.46,2,,,,,0,,1.32,1.44,1.56,1.62,0,0,0,0,5.07,4.78,4.90,0.00,VMS 1,,Tanque,,1.68,1.86,2.28,2.10,3.48,3.46,6.00,4.52
14/04/2024 10:31 a. m.,Ordeño,07:34,25.21,1,,,,,0,,1.50,1.44,1.74,1.80,0,0,0,0,5.20,4.85,5.28,0.00,VMS 1,,Tanque,,1.92,1.98,2.10,2.22,5.07,3.33,9.37,7.44
14/04/2024 06:25 p. m.,Ordeño,06:05,15.32,2,,,,,0,,1.32,1.32,1.44,1.44,0,0,0,0,4.92,4.87,4.80,0.00,VMS 1,,Tanque,,1.68,1.92,1.80,1.86,3.19,3.33,4.96,3.84
15/04/2024 06:02 a. m.,Ordeño,07:02,21.75,1,,,,,0,,1.44,1.50,1.56,1.56,0,0,0,0,5.35,5.17,5.24,0.00,VMS 1,,Tanque,,1.92,1.98,1.92,1.92,4.90,3.92,7.26,5.67
15/04/2024 08:00 p. m.,Ordeño,08:23,24.30,2,,,,,0,,1.44,1.50,1.68,1.44,0,0,0,0,5.18,5.12,5.17,0.00,VMS 1,,Tanque,,1.92,1.92,2.16,2.04,5.19,5.39,7.51,6.21
16/04/2024 05:45 a. m.,Ordeño,07:34,19.10,1,,,,,0,,1.44,1.38,1.44,1.44,0,0,0,0,5.06,4.81,4.84,0.00,VMS 1,,Tanque,,1.86,1.86,1.80,1.80,4.00,4.13,6.24,4.73
16/04/2024 06:18 p. m.,Ordeño,07:37,24.10,2,,,,,0,,1.38,1.32,1.62,1.50,0,0,0,0,5.29,4.98,5.17,0.00,VMS 1,,Tanque,,1.80,1.86,2.10,1.86,5.52,4.16,8.28,6.14
17/04/2024 06:48 a. m.,Ordeño,07:59,24.07,1,,,,,0,,1.38,1.38,1.50,1.44,0,0,0,0,5.19,5.11,5.17,0.00,VMS 1,,Tanque,,1.80,1.80,1.92,1.86,5.02,5.17,7.88,6.00
17/04/2024 08:23 p. m.,Ordeño,09:18,25.48,2,,,,,0,,1.38,1.44,1.44,1.50,0,0,0,0,5.10,4.96,5.09,0.00,VMS 1,,Tanque,,1.80,1.80,1.80,1.86,5.66,4.92,8.53,6.37
18/04/2024 09:19 a. m.,Ordeño,13:16,23.30,1,,,,,0,,0.48,1.32,1.56,1.50,0,0,0,0,4.97,4.96,5.06,0.00,VMS 1,,Tanque,,0.90,1.68,1.92,2.04,4.60,4.68,7.86,6.16
19/04/2024 04:07 a. m.,Ordeño,17:41,24.69,1,,,,,0,,0.42,1.50,1.74,1.62,0,0,0,0,4.95,4.91,5.07,0.00,VMS 1,,Tanque,,0.90,1.92,2.22,1.98,4.27,5.77,7.97,6.68
19/04/2024 02:38 p. m.,Ordeño,13:22,16.40,2,,,,,0,,0.36,1.32,1.56,1.50,0,0,0,0,4.55,4.65,4.64,0.00,VMS 1,,Tanque,,0.66,1.74,1.98,2.10,2.93,3.71,5.61,4.15
20/04/2024 09:40 a. m.,Ordeño,15:59,24.21,1,,TD,,,0,,0.42,1.32,1.56,1.44,0,0,0,0,4.94,4.90,4.78,0.00,VMS 1,,Tanque,,1.02,1.68,1.92,2.22,4.08,5.55,6.89,7.69
21/04/2024 03:19 p. m.,Ordeño,12:54,17.09,2,,,,,0,,1.44,1.20,1.26,1.38,0,0,0,0,5.14,5.01,4.95,0.00,VMS 1,,Tanque,,1.92,1.62,1.74,1.86,3.14,3.78,6.05,4.12
22/04/2024 05:54 a. m.,Ordeño,09:22,24.47,1,,,,,0,,1.50,1.38,1.56,1.62,0,0,0,0,5.05,4.86,4.95,0.00,VMS 1,,Tanque,,1.86,1.74,2.10,2.10,4.65,4.21,8.92,6.69
22/04/2024 11:59 a. m.,Ordeño,05:07,11.04,2,,,,,0,,1.44,1.26,1.44,1.44,0,0,0,0,5.21,5.00,5.03,0.00,VMS 1,,Tanque,,1.74,1.74,1.98,1.98,2.19,2.40,3.75,2.70
23/04/2024 01:52 a. m.,Ordeño,07:59,24.19,1,,,,,0,,1.62,1.32,1.56,1.62,0,0,0,0,5.14,5.41,5.27,0.00,VMS 1,,Tanque,,2.16,1.68,1.92,2.10,3.71,5.63,8.43,6.42
23/04/2024 11:31 a. m.,Ordeño,06:29,17.58,2,,,,,0,,1.44,1.38,1.44,1.50,0,0,0,0,4.97,5.13,5.08,0.00,VMS 1,,Tanque,,1.86,1.74,1.86,1.86,3.50,3.85,5.93,4.30
23/04/2024 09:31 p. m.,Ordeño,07:03,18.93,3,,,,,0,,1.38,1.26,1.38,1.44,0,0,0,0,4.98,5.17,5.05,0.00,VMS 1,,Tanque,,1.74,1.62,1.80,1.80,3.95,4.02,6.32,4.64
24/04/2024 10:59 a. m.,Ordeño,07:31,24.73,1,,,,,0,,1.50,1.44,1.56,1.50,0,0,0,0,5.06,5.26,5.23,0.00,VMS 1,,Tanque,,1.86,1.86,2.04,1.80,4.42,5.50,8.35,6.46
24/04/2024 05:37 p. m.,Ordeño,05:58,11.93,2,,,,,0,,1.50,1.26,1.38,1.38,0,0,0,0,4.73,4.92,4.85,0.00,VMS 1,,Tanque,,1.86,1.68,1.80,1.80,2.55,2.52,3.90,2.96
25/04/2024 02:08 a. m.,Ordeño,06:09,15.64,1,,,,,0,,1.44,1.26,1.44,1.44,0,0,0,0,4.91,5.11,4.97,0.00,VMS 1,,Tanque,,1.80,1.62,1.74,1.80,3.31,3.26,5.26,3.81
25/04/2024 11:19 a. m.,Ordeño,06:36,17.75,2,,,,,0,,1.38,1.32,1.38,1.44,0,0,0,0,4.93,5.24,5.18,0.00,VMS 1,,Tanque,,1.74,1.68,1.92,1.86,3.21,3.93,5.96,4.65
25/04/2024 05:51 p. m.,Ordeño,05:12,10.74,3,,,,,0,,1.26,1.14,1.38,1.26,0,0,0,0,4.81,5.06,4.92,0.00,VMS 1,,Tanque,,1.62,1.50,1.80,1.62,2.21,2.19,3.57,2.77
26/04/2024 01:15 a. m.,Ordeño,05:32,14.10,1,,,,,0,,1.38,1.26,1.44,1.38,0,0,0,0,4.96,5.17,5.14,0.00,VMS 1,,Tanque,,1.74,1.74,1.86,1.74,2.96,2.91,4.69,3.54
26/04/2024 08:55 a. m.,Ordeño,05:58,14.98,2,,,,,0,,1.38,1.38,1.38,1.44,0,0,0,0,5.09,5.24,5.20,0.00,VMS 1,,Tanque,,1.74,1.80,1.86,1.86,3.16,3.08,4.89,3.85
27/04/2024 02:35 a. m.,Ordeño,09:02,28.25,1,,,,,0,,1.44,1.50,1.62,1.62,0,0,0,0,4.93,5.30,5.28,0.00,VMS 1,,Tanque,,1.92,1.92,2.10,2.10,5.26,6.24,10.36,6.39
27/04/2024 08:52 a. m.,Ordeño,05:02,11.52,2,,,,,0,,1.44,1.26,1.32,1.32,0,0,0,0,4.67,4.77,4.73,0.00,VMS 1,,Tanque,,1.86,1.74,1.92,1.68,2.49,2.48,3.69,2.86
27/04/2024 06:24 p. m.,Ordeño,05:48,16.53,3,,,,,0,,1.38,1.32,1.56,1.44,0,0,0,0,4.90,4.93,5.08,0.00,VMS 1,,Tanque,,2.04,1.80,1.92,1.80,3.90,2.91,5.42,4.30
28/04/2024 07:09 a. m.,Ordeño,07:17,22.87,1,,,,,0,,1.50,1.32,1.56,1.44,0,0,0,0,4.93,5.13,5.20,0.00,VMS 1,,Tanque,,1.98,1.74,2.04,1.86,3.76,4.94,7.96,6.21
28/04/2024 05:01 p. m.,Ordeño,05:43,17.66,2,,,,,0,,1.44,1.50,1.62,1.56,0,0,0,0,4.93,5.01,5.02,0.00,VMS 1,,Tanque,,2.04,2.04,2.04,1.92,3.95,3.70,5.67,4.34
29/04/2024 02:35 a. m.,Ordeño,08:02,18.23,1,,,,,0,,1.44,1.32,1.38,1.38,0,0,0,0,4.93,5.06,5.10,0.00,VMS 1,,Tanque,,1.74,1.74,1.80,1.80,4.00,3.76,6.01,4.46
29/04/2024 07:59 a. m.,Ordeño,05:00,9.15,2,,,,,0,,1.44,1.38,1.62,1.32,0,0,0,0,4.59,4.66,4.71,0.00,VMS 1,,Tanque,,1.86,1.74,2.16,1.74,1.99,1.92,3.09,2.15
29/04/2024 05:17 p. m.,Ordeño,05:32,14.44,3,,,,,0,,1.20,1.38,1.26,1.26,0,0,0,393,4.61,4.74,4.66,0.00,VMS 1,,Tanque,,1.74,1.86,1.62,1.74,3.04,2.98,4.73,3.69
30/04/2024 06:55 a. m.,Ordeño,07:26,24.63,1,,,,,0,,1.56,1.50,1.56,1.56,0,0,0,0,5.03,5.14,5.07,0.00,VMS 1,,Tanque,,2.10,2.10,1.98,1.92,4.99,5.05,8.16,6.43
30/04/2024 01:21 p. m.,Ordeño,05:06,10.46,2,,,,,0,,1.38,1.44,1.38,1.38,0,0,0,0,4.52,4.66,4.60,0.00,VMS 1,,Tanque,,1.74,1.92,1.92,1.74,2.27,2.18,3.41,2.60
01/05/2024 03:41 a. m.,Ordeño,08:21,26.33,1,,,,,0,,1.50,1.50,1.50,1.56,0,0,0,0,5.02,4.97,5.01,0.00,VMS 1,,Tanque,,1.92,2.16,1.86,2.16,6.08,4.33,9.15,6.77
01/05/2024 09:54 a. m.,Ordeño,04:51,10.67,2,,,,,0,,1.38,1.32,1.44,1.38,0,0,0,0,4.77,5.05,5.02,0.00,VMS 1,,Tanque,,1.80,1.86,1.80,1.80,2.28,2.25,3.54,2.60
01/05/2024 06:57 p. m.,Ordeño,05:53,16.55,3,,,,,0,,1.38,1.44,1.50,1.50,0,0,0,0,4.91,5.09,5.15,0.00,VMS 1,,Tanque,,1.86,1.92,1.98,1.86,3.60,3.39,5.40,4.16
02/05/2024 11:04 p. m.,Ordeño,06:31,20.36,2,,,,,0,,1.62,1.38,1.56,1.44,0,0,0,0,4.89,4.98,4.93,0.00,VMS 1,,Tanque,,1.98,1.80,2.04,1.92,4.55,4.21,6.60,5.00
03/05/2024 09:50 a. m.,Ordeño,06:02,18.98,1,,,,,0,,1.50,1.44,1.74,1.50,0,0,0,0,5.08,5.11,5.28,0.00,VMS 1,,Tanque,,1.92,2.28,2.22,1.98,3.60,3.92,6.51,4.95
03/05/2024 04:09 p. m.,Ordeño,04:30,9.92,2,,,,,0,,1.44,1.20,1.56,1.56,0,0,0,0,4.76,4.93,4.79,0.00,VMS 1,,Tanque,,1.86,1.68,1.98,2.10,2.07,1.98,3.27,2.60
04/05/2024 01:18 p. m.,Ordeño,07:32,21.20,1,,,DD,DD,0,,1.62,0.00,1.86,1.74,0,0,0,0,4.74,0.00,5.19,0.00,VMS 1,,Tanque,,2.10,0.00,2.58,2.22,4.60,0.00,8.73,7.87
04/05/2024 02:45 p. m.,Ordeño,08:42,6.70,2,,,"DI,TI,TD",,0,DD,0.36,1.38,0.42,0.66,0,0,0,0,4.16,5.03,0.00,4.19,VMS 1,,Tanque,,0.90,2.04,1.20,1.26,0.34,5.36,0.53,0.47
05/05/2024 01:07 a. m.,Ordeño,05:53,18.82,1,,,,,0,,1.44,1.44,1.62,1.56,0,0,0,0,4.91,4.81,5.01,0.00,VMS 1,,Tanque,,1.86,2.40,2.10,2.34,4.07,4.12,5.70,4.93
05/05/2024 09:49 a. m.,Ordeño,05:53,16.43,2,,,,,0,,1.50,1.38,1.62,1.50,0,0,0,0,5.17,5.21,5.37,0.00,VMS 1,,Tanque,,1.86,2.28,2.10,2.22,3.65,2.97,5.37,4.44
06/05/2024 05:06 a. m.,Ordeño,07:16,28.56,1,,,,,0,,1.44,1.38,1.80,1.68,0,0,0,0,4.89,5.08,5.37,0.00,VMS 1,,Tanque,,1.86,1.98,2.28,2.10,5.20,6.33,8.85,8.18
06/05/2024 12:16 p. m.,Ordeño,04:51,9.08,2,,,,,0,,1.32,1.26,1.50,1.44,0,0,0,0,4.48,4.61,4.62,0.00,VMS 1,,Tanque,,1.68,1.68,1.92,2.04,2.05,1.82,2.86,2.35
07/05/2024 05:25 a. m.,Ordeño,08:20,25.64,1,,,,,0,,1.44,1.32,1.62,1.50,0,0,0,0,5.11,5.21,5.34,0.00,VMS 1,,Tanque,,1.86,1.74,2.04,1.92,3.96,4.81,9.26,7.61
07/05/2024 02:01 p. m.,Ordeño,05:08,13.97,2,,,,,0,,1.44,1.20,1.50,1.44,0,0,0,0,4.81,4.86,4.87,0.00,VMS 1,,Tanque,,1.98,1.56,2.16,2.10,3.19,2.86,4.25,3.67
08/05/2024 01:37 a. m.,Ordeño,06:36,21.79,1,,,,,0,,1.44,1.32,1.56,1.38,0,0,0,0,5.35,5.33,5.42,0.00,VMS 1,,Tanque,,1.80,2.04,2.10,1.86,4.82,4.29,6.84,5.84
08/05/2024 01:03 p. m.,Ordeño,05:59,20.17,2,,,,,0,,1.62,1.44,1.74,1.74,0,0,0,0,5.19,5.19,5.26,0.00,VMS 1,,Tanque,,2.10,1.80,2.22,2.16,4.61,3.85,6.41,5.30
08/05/2024 08:12 p. m.,Ordeño,04:36,10.88,3,,,,,0,,1.44,1.26,1.44,1.38,0,0,0,0,4.63,4.80,4.89,0.00,VMS 1,,Tanque,,1.86,1.74,1.98,1.86,2.32,2.26,3.50,2.80
09/05/2024 02:08 p. m.,Ordeño,08:12,29.18,1,,,,,0,,1.50,1.38,1.74,1.62,0,0,0,0,5.23,5.08,5.11,0.00,VMS 1,,Tanque,,2.16,2.16,2.28,1.98,6.97,4.47,10.27,7.47
10/05/2024 01:27 a. m.,Ordeño,05:43,15.99,1,,DD,,,0,,1.44,1.32,1.44,1.38,0,0,0,0,4.82,4.99,4.88,0.00,VMS 1,,Tanque,,1.92,1.80,1.86,1.92,3.48,3.40,5.12,3.99
10/05/2024 01:19 p. m.,Ordeño,06:33,21.93,2,,DD,,,0,,1.62,1.50,1.62,1.50,0,0,0,0,5.40,5.48,5.57,0.00,VMS 1,,Tanque,,2.28,2.10,2.04,2.10,4.92,4.54,6.98,5.49
10/05/2024 11:09 p. m.,Ordeño,06:05,16.68,3,,,,,0,,1.50,1.26,1.38,1.26,0,0,0,0,5.03,5.21,5.07,0.00,VMS 1,,Tanque,,1.98,1.74,1.98,1.62,3.69,3.56,5.36,4.07
11/05/2024 07:35 a. m.,Ordeño,05:27,14.78,1,,,,,0,,1.56,1.38,1.50,1.38,0,0,0,0,5.22,5.21,5.22,0.00,VMS 1,,Tanque,,2.10,1.74,1.86,1.80,3.45,2.84,4.77,3.72
11/05/2024 02:13 p. m.,Ordeño,05:00,11.53,2,,,,,0,,1.50,1.32,1.50,1.38,0,0,0,0,5.14,5.22,5.14,0.00,VMS 1,,Tanque,,1.92,1.68,1.98,1.74,2.50,2.46,3.72,2.85
13/05/2024 12:06 a. m.,Ordeño,07:51,16.57,1,,,,,0,,1.32,1.38,1.32,1.26,0,0,0,0,4.88,5.11,4.81,0.00,VMS 1,,Tanque,,1.74,2.10,1.98,1.62,3.60,3.66,5.38,3.93
13/05/2024 06:21 p. m.,Ordeño,08:26,28.72,2,,,,,0,,1.38,1.50,1.56,1.56,0,0,0,0,5.03,5.02,5.16,0.00,VMS 1,,Tanque,,1.92,2.10,2.40,1.92,7.20,5.43,9.26,6.83
14/05/2024 04:47 a. m.,Ordeño,05:55,15.85,1,,,,,0,,1.44,1.32,1.44,1.38,0,0,0,0,4.79,4.88,5.02,0.00,VMS 1,,Tanque,,2.22,1.92,1.86,1.86,3.80,3.14,5.10,3.81
14/05/2024 12:14 p. m.,Ordeño,04:50,12.56,2,,DD,,,0,,1.44,1.44,1.50,1.56,0,0,0,0,5.19,5.23,5.20,0.00,VMS 1,,Tanque,,1.86,2.16,1.86,1.98,2.86,2.68,4.01,3.01
15/05/2024 02:55 a. m.,Ordeño,08:24,25.66,1,,"DD,TD",,,0,,1.56,1.56,1.50,1.44,0,0,0,0,5.38,5.42,5.33,0.00,VMS 1,,Tanque,,2.10,2.40,1.92,1.92,5.77,5.43,8.27,6.19
15/05/2024 02:03 p. m.,Ordeño,06:20,19.51,2,,,,,0,,1.56,1.50,1.56,1.50,0,0,0,0,5.12,5.22,5.17,0.00,VMS 1,,Tanque,,1.98,2.22,2.04,2.10,4.44,4.14,6.17,4.76
16/05/2024 03:57 a. m.,Ordeño,07:34,22.60,1,,DD,,,0,,1.68,1.44,1.50,1.44,0,0,0,0,5.05,5.11,5.11,0.00,VMS 1,,Tanque,,2.22,1.80,2.22,1.86,4.98,4.65,7.35,5.62
16/05/2024 04:30 p. m.,Ordeño,07:14,21.34,2,,DD,,,0,,1.50,1.32,1.56,1.50,0,0,0,0,5.16,5.18,5.16,0.00,VMS 1,,Tanque,,2.16,1.92,2.16,1.86,5.19,3.56,7.15,5.44
17/05/2024 01:30 a. m.,Ordeño,05:28,14.09,1,,,,,0,,1.38,1.32,1.44,1.32,0,0,0,0,5.03,5.03,5.08,0.00,VMS 1,,Tanque,,1.86,1.92,1.80,1.68,3.34,2.53,4.67,3.55
17/05/2024 02:50 p. m.,Ordeño,07:23,23.75,2,,,,,0,,1.50,1.44,1.50,1.50,0,0,0,0,5.34,5.49,5.42,0.00,VMS 1,,Tanque,,2.22,1.92,2.16,2.10,5.38,4.92,7.52,5.93
18/05/2024 12:57 a. m.,Ordeño,06:12,17.55,1,,DD,,,0,,1.50,1.38,1.44,1.38,0,0,0,0,5.05,5.23,5.11,0.00,VMS 1,,Tanque,,1.86,1.92,1.86,1.74,3.93,3.66,5.60,4.36
18/05/2024 12:17 p. m.,Ordeño,07:17,21.54,2,,,,,0,,1.50,1.44,1.56,1.44,0,0,0,0,5.42,5.51,5.44,0.00,VMS 1,,Tanque,,1.98,1.92,2.28,1.92,4.79,4.52,6.89,5.34
18/05/2024 10:13 p. m.,Ordeño,05:46,15.74,3,,,,,0,,1.44,1.38,1.50,1.32,0,0,0,0,5.03,5.24,5.11,0.00,VMS 1,,Tanque,,1.86,1.80,1.98,1.86,3.36,3.46,4.99,3.93
19/05/2024 11:57 a. m.,Ordeño,07:09,22.01,1,,,,,0,,1.56,1.44,1.62,1.50,0,0,0,0,5.00,5.17,5.22,0.00,VMS 1,,Tanque,,2.10,1.92,2.22,1.86,3.27,4.83,7.78,6.13
20/05/2024 02:17 a. m.,Ordeño,06:34,22.53,1,,,,,0,,1.56,1.62,1.80,1.62,0,0,0,0,5.06,5.10,5.07,0.00,VMS 1,,Tanque,,2.16,2.10,2.34,2.16,5.43,4.31,7.18,5.61
20/05/2024 08:51 a. m.,Ordeño,04:45,11.46,2,,DD,,,0,,1.44,1.50,1.50,1.32,0,0,0,0,5.06,5.25,5.02,0.00,VMS 1,,Tanque,,2.04,2.04,1.92,1.68,2.62,2.43,3.68,2.73
20/05/2024 06:50 p. m.,Ordeño,06:00,17.76,3,,,,,0,,1.44,1.38,1.50,1.38,0,0,0,0,5.12,5.25,5.13,0.00,VMS 1,,Tanque,,1.98,1.92,1.92,1.92,4.09,3.80,5.57,4.30
21/05/2024 01:39 a. m.,Ordeño,04:47,4.30,1,,,"DI,TI,TD",,0,,0.90,1.14,1.02,0.78,0,0,0,0,5.06,5.25,5.21,0.00,VMS 1,,Tanque,,1.38,1.62,1.44,1.32,0.61,2.36,0.85,0.48
21/05/2024 01:53 p. m.,Ordeño,08:00,27.40,2,,DD,,,0,,1.56,1.62,1.68,1.62,0,0,0,0,5.17,5.38,5.32,0.00,VMS 1,,Tanque,,2.04,2.22,2.04,2.28,5.26,4.86,9.64,7.64
22/05/2024 06:47 a. m.,Ordeño,07:21,24.76,1,,,,,0,,1.38,1.44,1.62,1.56,0,0,0,0,4.99,5.13,5.03,0.00,VMS 1,,Tanque,,2.10,2.10,2.10,2.04,4.82,5.46,8.05,6.43
22/05/2024 02:05 p. m.,Ordeño,05:27,11.37,2,,,,,0,,1.08,1.08,1.08,0.96,0,308,0,0,4.78,4.88,4.78,0.00,VMS 1,,Tanque,,1.50,1.50,1.62,1.50,2.60,2.41,3.62,2.74
22/05/2024 10:03 p. m.,Ordeño,05:18,14.33,3,,DD,,,0,,1.44,1.32,1.44,1.32,0,0,0,0,5.24,5.22,5.23,0.00,VMS 1,,Tanque,,1.80,1.80,1.98,1.74,3.32,3.02,4.54,3.45
23/05/2024 10:31 a. m.,Ordeño,06:34,21.47,1,,,,,0,,1.44,1.38,1.62,1.44,0,0,0,0,5.26,5.34,5.28,0.00,VMS 1,,Tanque,,2.04,1.92,2.10,1.74,4.41,4.86,6.78,5.42
24/05/2024 12:29 a. m.,Ordeño,07:32,23.80,1,,"DI,DD",,,0,,1.56,1.44,1.50,1.50,0,0,0,0,5.14,5.12,5.22,0.00,VMS 1,,Tanque,,2.28,2.04,1.92,2.04,5.45,4.91,7.49,5.95
24/05/2024 04:57 p. m.,Ordeño,07:58,26.32,2,,DD,,,0,,1.50,1.32,1.56,1.50,0,0,0,0,4.95,4.89,4.99,0.00,VMS 1,,Tanque,,2.10,2.04,2.22,2.04,6.46,5.04,8.48,6.34
25/05/2024 09:56 a. m.,Ordeño,07:05,26.53,1,,TI,,,0,,1.56,1.32,1.74,1.62,0,0,0,0,4.99,5.11,4.92,0.00,VMS 1,,Tanque,,2.22,2.10,2.28,2.10,5.16,6.17,8.58,6.62
25/05/2024 08:26 p. m.,Ordeño,05:47,15.29,2,,DD,,,0,,1.38,1.32,1.38,1.38,0,0,0,0,4.99,4.89,4.86,0.00,VMS 1,,Tanque,,1.86,2.04,1.98,1.74,3.46,3.24,4.87,3.72
26/05/2024 09:53 a. m.,Ordeño,07:15,24.07,1,,DD,,,0,,1.44,1.38,1.56,1.56,0,0,0,0,5.22,5.28,5.27,0.00,VMS 1,,Tanque,,1.98,2.04,2.22,2.28,5.58,4.94,7.62,5.93
26/05/2024 11:12 p. m.,Ordeño,07:09,22.26,2,,"TI,TD",,,0,,1.38,1.32,1.38,1.38,0,0,367,0,5.14,5.05,5.12,0.00,VMS 1,,Tanque,,1.86,1.92,1.92,1.74,5.12,4.81,6.95,5.38
27/05/2024 07:54 a. m.,Ordeño,04:42,14.09,1,,"DI,TI",,,0,,1.56,1.38,1.68,1.44,0,327,0,0,5.08,5.13,5.13,0.00,VMS 1,,Tanque,,2.10,1.74,2.34,1.80,3.00,3.05,4.51,3.53
27/05/2024 03:08 p. m.,Ordeño,05:03,11.96,2,,,,,0,,1.38,1.32,1.44,1.32,0,0,0,0,5.15,5.10,5.08,0.00,VMS 1,,Tanque,,1.80,2.04,1.80,1.74,2.67,2.55,3.89,2.85
28/05/2024 02:19 a. m.,Ordeño,07:21,20.39,1,,,,,0,,1.44,1.32,1.68,1.44,0,0,0,0,5.53,5.65,5.56,0.00,VMS 1,,Tanque,,1.86,1.92,2.16,1.86,3.11,4.91,6.94,5.43
28/05/2024 01:31 p. m.,Ordeño,05:52,19.66,2,,,,,0,,1.44,1.44,1.68,1.44,0,0,0,0,5.32,5.36,5.45,0.00,VMS 1,,Tanque,,1.92,1.86,2.10,1.98,4.57,4.24,5.98,4.87
28/05/2024 10:19 p. m.,Ordeño,06:26,13.39,3,,,,,0,,1.38,1.32,1.62,1.32,0,0,0,0,5.05,5.13,5.13,0.00,VMS 1,,Tanque,,1.86,1.68,2.04,1.74,2.96,2.71,4.44,3.28
29/05/2024 11:02 a. m.,Ordeño,07:02,21.51,1,,DD,,,0,,1.50,1.56,1.74,1.56,0,0,0,0,5.42,5.64,5.62,0.00,VMS 1,,Tanque,,1.86,2.04,2.46,1.98,3.98,4.75,6.88,5.90
30/05/2024 02:17 a. m.,Ordeño,07:13,25.96,1,,,,,0,,1.62,1.50,1.80,1.74,0,0,0,0,5.14,5.29,5.30,0.00,VMS 1,,Tanque,,1.98,1.92,2.16,2.40,5.22,5.87,8.45,6.42
30/05/2024 12:11 p. m.,Ordeño,05:51,17.75,2,,,,,0,,1.50,1.38,1.56,1.50,0,483,356,0,5.13,5.22,5.29,0.00,VMS 1,,Tanque,,2.10,1.98,1.98,2.04,4.13,3.81,5.44,4.37
31/05/2024 01:08 a. m.,Ordeño,06:19,22.07,1,,,,,0,,1.62,1.44,1.74,1.50,0,0,0,0,5.21,5.22,5.35,0.00,VMS 1,,Tanque,,2.16,1.80,2.16,1.92,4.75,4.72,7.06,5.54
31/05/2024 11:07 a. m.,Ordeño,06:06,18.88,2,,,,,0,,1.56,1.50,1.56,1.44,0,0,0,0,5.14,5.35,5.21,0.00,VMS 1,,Tanque,,1.86,2.10,2.04,1.80,4.28,4.00,6.00,4.60
31/05/2024 07:59 p. m.,Ordeño,05:28,14.77,3,,,,,0,,1.50,1.32,1.62,1.38,0,0,318,0,5.12,5.21,5.16,0.00,VMS 1,,Tanque,,1.86,1.80,2.22,1.74,3.34,2.94,4.80,3.69
01/06/2024 04:07 a. m.,Ordeño,05:18,15.21,1,,,,,0,,1.56,1.44,1.68,1.44,0,0,0,0,5.26,5.34,5.42,0.00,VMS 1,,Tanque,,1.92,1.98,2.04,1.80,3.44,3.20,4.85,3.72
01/06/2024 12:39 p. m.,Ordeño,05:16,14.95,2,,,,,0,,1.38,1.38,1.62,1.44,0,0,304,0,5.16,5.27,5.37,0.00,VMS 1,,Tanque,,1.80,1.80,2.04,1.92,3.11,3.25,4.85,3.74
01/06/2024 09:01 p. m.,Ordeño,05:16,14.60,3,,,,,0,,1.50,1.44,1.68,1.38,0,0,0,0,5.11,5.21,5.15,0.00,VMS 1,,Tanque,,1.92,1.86,2.10,1.86,3.03,3.19,4.79,3.59
02/06/2024 10:37 a. m.,Ordeño,06:36,22.33,1,,,,,0,,1.38,1.50,1.74,1.56,0,0,0,0,5.10,5.37,5.27,0.00,VMS 1,,Tanque,,1.74,2.10,2.10,1.92,3.86,4.89,7.59,5.99
03/06/2024 04:35 a. m.,Ordeño,07:47,29.66,1,,,,,0,,1.50,1.50,1.62,1.44,0,0,0,0,5.03,5.06,5.06,0.00,VMS 1,,Tanque,,2.10,2.10,1.98,1.86,6.50,6.53,9.06,7.57
03/06/2024 04:18 p. m.,Ordeño,06:17,20.52,2,,,,,0,,1.32,1.38,1.62,1.44,0,0,0,0,4.89,5.03,5.04,0.00,VMS 1,,Tanque,,1.80,1.80,2.10,1.80,4.72,4.27,6.57,4.96
04/06/2024 01:02 a. m.,Ordeño,05:11,14.05,1,,,,,0,,1.44,1.26,1.56,1.26,0,0,0,0,4.79,4.96,5.03,0.00,VMS 1,,Tanque,,1.86,1.62,2.04,1.56,2.75,3.00,4.71,3.59
04/06/2024 02:44 p. m.,Ordeño,07:29,24.85,2,,,,,0,,1.44,1.32,1.62,1.44,0,0,0,0,5.39,5.48,5.52,0.00,VMS 1,,Tanque,,1.80,1.80,2.04,1.86,5.72,5.18,7.91,6.04
05/06/2024 10:19 a. m.,Ordeño,08:01,27.49,1,,,,,0,,1.38,1.32,1.80,1.50,0,0,0,0,4.77,4.94,5.33,0.00,VMS 1,,Tanque,,1.80,1.80,2.22,1.92,3.89,5.04,10.10,8.46
05/06/2024 06:59 p. m.,Ordeño,05:01,11.88,2,,,,,0,DD,1.38,1.32,1.38,1.20,0,671,0,0,4.70,4.85,4.50,0.00,VMS 1,,Tanque,,1.80,1.68,1.92,1.62,2.78,2.38,3.81,2.91
06/06/2024 01:11 a. m.,Ordeño,04:23,10.63,1,,,,,0,,1.32,1.32,1.56,1.26,0,0,0,0,5.18,5.17,5.25,0.00,VMS 1,,Tanque,,1.68,1.80,2.10,1.74,2.49,2.26,3.40,2.48
06/06/2024 03:27 p. m.,Ordeño,08:16,26.13,2,,,,,0,,1.38,1.44,1.68,1.44,0,423,0,0,5.30,5.43,5.47,0.00,VMS 1,,Tanque,,1.86,1.86,2.04,1.92,6.03,5.52,8.18,6.40
07/06/2024 05:41 a. m.,Ordeño,07:05,23.03,1,,,,,0,,1.50,1.38,1.68,1.44,0,0,0,0,4.94,5.04,5.22,0.00,VMS 1,,Tanque,,1.92,1.98,2.10,1.92,3.88,4.78,8.18,6.19
07/06/2024 05:04 p. m.,Ordeño,07:22,18.12,2,,,,,0,,1.44,1.26,1.56,1.32,0,0,0,0,4.88,4.97,4.69,0.00,VMS 1,,Tanque,,2.04,1.86,1.98,1.74,4.13,3.53,5.88,4.58
08/06/2024 08:12 a. m.,Ordeño,07:12,24.66,1,,,,,0,,1.56,1.44,1.74,1.50,0,0,0,0,5.07,5.10,5.22,0.00,VMS 1,,Tanque,,1.98,2.04,2.22,1.86,5.68,4.38,8.33,6.27
08/06/2024 06:41 p. m.,Ordeño,06:11,18.84,2,,,,,0,,1.56,1.14,1.62,1.38,0,0,0,0,5.20,4.93,5.04,0.00,VMS 1,,Tanque,,2.04,1.80,2.10,1.68,4.22,4.24,5.87,4.51
09/06/2024 01:22 p. m.,Ordeño,08:10,30.34,1,,,,,0,,1.62,1.62,1.68,1.50,0,498,0,0,5.12,5.16,5.17,0.00,VMS 1,,Tanque,,2.04,2.22,2.04,1.98,6.93,6.25,9.65,7.51
10/06/2024 01:13 a. m.,Ordeño,05:46,17.67,1,,,,,0,DD,1.44,1.50,1.68,1.38,410,796,0,0,4.87,4.87,4.95,0.00,VMS 1,,Tanque,,1.92,1.80,2.04,1.74,4.16,3.27,5.86,4.38
10/06/2024 12:42 p. m.,Ordeño,05:59,18.06,2,,,,,0,,1.50,1.44,1.56,1.26,0,450,0,0,5.19,5.20,5.24,0.00,VMS 1,,Tanque,,1.92,1.86,1.98,1.62,4.12,3.80,5.82,4.32
11/06/2024 01:07 a. m.,Ordeño,06:14,18.23,1,,,,,0,,1.38,1.32,1.50,1.26,0,304,0,0,4.99,5.08,5.05,0.00,VMS 1,,Tanque,,1.74,1.80,1.92,1.80,4.05,3.85,5.89,4.44
11/06/2024 12:08 p. m.,Ordeño,06:56,17.77,2,,,,,0,,1.38,1.50,1.44,1.32,0,300,0,0,5.05,5.07,4.69,0.00,VMS 1,,Tanque,,1.98,1.98,1.92,1.62,4.06,3.64,5.72,4.35
12/06/2024 01:26 a. m.,Ordeño,06:50,21.54,1,,,,,0,,1.44,1.56,1.68,1.38,0,0,0,0,4.93,5.10,5.09,0.00,VMS 1,,Tanque,,1.80,2.28,2.10,1.74,4.17,4.78,7.08,5.51
12/06/2024 10:10 a. m.,Ordeño,05:07,14.73,2,,,,,0,,1.38,1.50,1.62,1.38,0,362,0,0,4.94,5.02,5.03,0.00,VMS 1,,Tanque,,2.04,1.92,2.10,1.86,3.49,2.97,4.51,3.76
13/06/2024 06:34 a. m.,Ordeño,09:18,28.73,1,,,,,0,,1.44,1.38,1.68,1.62,0,0,0,0,5.01,4.89,4.86,0.00,VMS 1,,Tanque,,1.86,1.92,2.28,1.98,6.14,3.81,11.52,7.26
13/06/2024 05:57 p. m.,Ordeño,05:42,17.56,2,,,,,0,"DI,DD",1.56,1.44,1.62,1.38,693,1045,0,0,4.92,5.11,4.92,0.00,VMS 1,,Divert 3,Sangre por pezón por encima del umbral,1.98,2.16,2.10,1.74,3.87,3.91,5.45,4.33
14/06/2024 10:11 a. m.,Ordeño,06:39,23.75,1,,,,,0,DD,1.50,1.62,1.98,1.56,322,988,0,341,4.84,4.93,5.09,0.00,VMS 1,,Tanque,,1.98,2.40,2.46,2.16,5.07,4.06,8.30,6.32
14/06/2024 08:07 p. m.,Ordeño,05:30,15.98,2,,,,,0,DD,1.38,1.20,1.56,1.26,0,868,0,0,4.75,4.70,4.74,0.00,VMS 1,,Tanque,,1.80,1.80,2.10,1.74,3.67,3.45,5.06,3.80
15/06/2024 09:36 a. m.,Ordeño,07:45,23.41,1,,,,,0,DD,1.50,1.38,1.68,1.38,367,838,0,0,5.04,4.93,5.25,0.00,VMS 1,,Tanque,,1.86,1.74,2.28,1.86,5.56,4.23,7.67,5.95
16/06/2024 03:41 a. m.,Ordeño,07:26,26.41,1,,,,,0,DD,1.44,1.62,1.80,1.62,575,1029,0,0,5.03,5.09,5.19,0.00,VMS 1,,Divert 3,Sangre por pezón por encima del umbral,1.92,2.04,2.52,1.98,4.67,6.18,9.00,6.56
16/06/2024 05:53 p. m.,Ordeño,07:23,24.94,2,,,,,0,DD,1.50,1.44,1.62,1.32,446,1627,0,0,4.88,4.81,4.92,0.00,VMS 1,,Divert 3,Sangre por pezón por encima del umbral,1.86,1.98,2.22,1.80,5.85,5.35,7.85,5.89
18/06/2024 12:26 a. m.,Ordeño,10:49,2.82,1,,,Todos,,0,"DI,DD",0.78,0.78,0.72,0.30,913,7522,0,0,7.84,4.36,0.00,3.55,VMS 1,,Divert 3,,1.62,1.44,1.68,1.02,0.60,0.82,1.17,0.23
22/06/2024 04:23 p. m.,Ordeño,06:28,20.76,2,,,,,0,,1.38,1.26,1.74,1.56,387,0,0,0,5.24,4.77,4.88,0.00,VMS 1,,Tanque,,1.80,1.74,2.34,1.92,4.19,4.28,7.17,5.12
23/06/2024 02:16 a. m.,Ordeño,05:56,17.19,1,,,,,0,,1.44,1.38,1.80,1.38,582,357,0,0,5.00,4.85,4.94,0.00,VMS 1,,Tanque,,1.92,1.92,2.22,1.86,3.01,3.47,6.20,4.51
23/06/2024 01:37 p. m.,Ordeño,06:28,19.80,2,,,,,0,,1.32,1.38,1.68,1.38,493,0,0,0,4.88,4.77,4.86,0.00,VMS 1,,Tanque,,1.74,1.92,2.22,1.74,3.57,4.27,6.95,5.01
24/06/2024 12:08 a. m.,Ordeño,06:08,19.68,1,,,,,0,,1.44,1.56,1.74,1.56,394,0,0,0,5.10,4.98,4.96,0.00,VMS 1,,Tanque,,1.92,1.98,2.22,1.98,3.94,4.06,6.77,4.91
24/06/2024 10:43 a. m.,Ordeño,05:35,16.50,2,,,,,0,DI,1.56,1.44,1.74,1.56,690,497,0,0,4.65,4.63,4.63,0.00,VMS 1,,Tanque,,1.98,1.86,2.10,1.98,2.70,3.31,5.80,4.69
24/06/2024 11:23 p. m.,Ordeño,06:26,21.38,3,,,,,0,,1.38,1.68,1.74,1.50,396,494,0,0,4.98,4.91,4.86,0.00,VMS 1,,Tanque,,1.98,2.22,2.22,1.98,4.13,4.30,7.28,5.67
25/06/2024 08:07 a. m.,Ordeño,05:36,15.85,1,,,,,0,,1.44,1.62,1.62,1.56,439,320,0,0,5.23,5.23,4.89,0.00,VMS 1,,Tanque,,1.92,2.04,2.40,2.10,3.21,3.14,5.40,4.10
25/06/2024 06:10 p. m.,Ordeño,05:34,17.54,2,,,,,0,,1.44,1.62,1.80,1.44,349,0,0,0,4.92,4.93,4.75,0.00,VMS 1,,Tanque,,1.86,2.22,2.40,1.92,3.40,3.65,6.04,4.45
26/06/2024 09:39 a. m.,Ordeño,06:40,23.79,1,,,,,0,,1.50,1.50,1.98,1.62,304,0,0,0,4.99,4.83,4.94,0.00,VMS 1,,Tanque,,1.98,1.92,2.58,2.16,4.01,4.31,8.81,6.66
26/06/2024 07:56 p. m.,Ordeño,05:31,14.77,2,,,,,0,,1.38,1.32,1.68,1.44,534,580,0,0,4.66,4.58,4.45,0.00,VMS 1,,Tanque,,1.80,1.80,2.04,1.86,2.89,3.08,5.03,3.77
27/06/2024 06:52 a. m.,Ordeño,05:57,19.43,1,,,,,0,,1.56,1.44,1.86,1.50,0,0,0,0,5.27,5.13,5.08,0.00,VMS 1,,Tanque,,2.10,1.92,2.34,1.86,3.87,4.19,6.52,4.85
27/06/2024 06:27 p. m.,Ordeño,06:40,20.05,2,,,,,0,,1.32,1.44,1.56,1.50,0,0,0,0,5.02,5.02,4.83,0.00,VMS 1,,Tanque,,1.68,1.86,2.04,2.10,3.95,4.03,6.96,5.11
28/06/2024 02:23 a. m.,Ordeño,05:20,14.81,1,,,,,0,,1.56,1.44,1.74,1.44,0,0,0,0,5.19,4.94,5.01,0.00,VMS 1,,Tanque,,2.22,2.10,2.28,2.10,2.94,3.12,5.00,3.75
28/06/2024 09:03 a. m.,Ordeño,04:41,12.08,2,,,,,0,,1.38,1.38,1.74,1.44,0,0,0,0,5.30,5.19,5.28,0.00,VMS 1,,Tanque,,1.98,1.74,2.28,1.98,2.42,2.38,4.17,3.11
28/06/2024 08:10 p. m.,Ordeño,06:05,19.37,3,,,,,0,,1.50,1.32,1.74,1.38,0,0,0,0,5.10,4.75,5.00,0.00,VMS 1,,Tanque,,1.92,1.86,2.22,1.98,3.90,3.98,6.55,4.94
29/06/2024 04:27 a. m.,Ordeño,05:26,15.71,1,,,,,0,,1.32,1.38,1.68,1.38,0,0,0,0,4.97,4.96,4.98,0.00,VMS 1,,Tanque,,2.16,1.80,2.22,1.92,3.17,3.23,5.35,3.96
29/06/2024 03:13 p. m.,Ordeño,05:46,18.70,2,,,,,0,,1.50,1.32,1.80,1.50,0,0,0,0,5.15,4.90,4.80,0.00,VMS 1,,Tanque,,2.10,1.86,2.28,1.98,3.64,3.92,6.34,4.80
30/06/2024 01:13 a. m.,Ordeño,06:15,17.19,1,,,,,0,,1.38,1.20,1.56,1.26,0,0,0,0,4.73,4.55,4.68,0.00,VMS 1,,Tanque,,1.74,1.62,2.04,1.62,3.49,3.30,5.99,4.41
30/06/2024 10:30 a. m.,Ordeño,05:38,17.27,2,,,,,0,,1.50,1.32,1.74,1.50,0,0,0,0,4.98,4.74,4.95,0.00,VMS 1,,Tanque,,1.98,1.86,2.16,1.92,3.33,3.70,5.85,4.39
30/06/2024 05:39 p. m.,Ordeño,04:51,11.63,3,,,,,0,,1.38,1.32,1.50,1.32,0,0,0,0,4.67,4.62,4.67,0.00,VMS 1,,Tanque,,1.80,1.62,1.92,1.86,2.32,2.31,3.95,3.05
01/07/2024 01:22 a. m.,Ordeño,05:35,14.20,1,,,,,0,,1.38,1.38,1.62,1.44,0,0,0,0,4.85,4.80,4.81,0.00,VMS 1,,Tanque,,1.92,1.80,2.10,1.92,2.61,2.95,4.87,3.77
01/07/2024 02:53 p. m.,Ordeño,07:16,21.94,2,,,,,0,,1.38,1.38,1.62,1.26,0,0,0,300,4.83,4.68,4.67,0.00,VMS 1,,Tanque,,1.74,1.80,2.16,1.74,4.65,3.54,7.86,5.89
02/07/2024 05:30 a. m.,Ordeño,07:46,21.90,1,,,,,0,,1.44,1.38,1.56,1.38,0,0,0,0,4.53,4.48,4.54,0.00,VMS 1,,Tanque,,1.92,1.74,1.98,1.80,3.78,4.82,7.59,5.71
02/07/2024 12:38 p. m.,Ordeño,04:51,11.54,2,,,,,0,,1.32,1.20,1.50,1.32,0,0,0,0,4.59,4.47,4.57,0.00,VMS 1,,Tanque,,1.98,1.68,1.98,1.74,2.26,2.41,3.87,3.00
02/07/2024 11:14 p. m.,Ordeño,06:30,19.29,3,,,,,0,,1.38,1.32,1.50,1.32,0,0,0,0,4.87,4.75,4.83,0.00,VMS 1,,Tanque,,1.74,1.74,1.92,1.86,4.07,3.86,6.50,4.86
03/07/2024 07:04 a. m.,Ordeño,05:21,14.06,1,,,,,0,,1.38,1.26,1.50,1.38,0,0,0,0,4.87,4.63,4.82,0.00,VMS 1,,Tanque,,1.74,1.68,1.92,1.80,2.96,2.99,4.80,3.31
03/07/2024 02:05 p. m.,Ordeño,05:10,12.64,2,,,,,0,,1.26,1.26,1.44,1.32,0,0,0,0,4.71,4.57,4.83,0.00,VMS 1,,Tanque,,1.74,1.74,2.04,1.68,2.65,2.66,4.23,3.10
04/07/2024 02:42 a. m.,Ordeño,07:57,21.33,1,,,,,0,,1.32,1.44,1.44,1.44,0,0,0,0,4.97,4.92,4.65,0.00,VMS 1,,Tanque,,1.74,1.74,1.92,1.74,3.76,3.87,8.01,5.69
04/07/2024 11:02 a. m.,Ordeño,06:04,13.30,2,,,,,0,,1.44,1.26,1.38,1.20,362,0,0,0,4.77,4.71,4.24,0.00,VMS 1,,Tanque,,1.86,1.74,1.86,1.62,2.93,2.78,4.40,3.19
05/07/2024 09:11 a. m.,Ordeño,08:33,25.76,1,,,,,0,,1.44,1.50,1.68,1.62,0,0,0,0,4.93,4.57,4.94,0.00,VMS 1,,Tanque,,1.92,1.92,2.22,2.04,5.42,4.19,9.32,6.83
05/07/2024 11:10 p. m.,Ordeño,05:22,11.32,3,,,,,0,,1.26,1.20,1.38,1.14,0,0,0,0,4.72,4.73,4.68,0.00,VMS 1,,Tanque,,1.62,1.56,1.86,1.50,2.22,2.49,3.85,2.76
06/07/2024 09:27 a. m.,Ordeño,06:09,17.73,1,,,,,0,,1.26,1.20,1.56,1.32,0,0,0,0,5.14,5.05,5.14,0.00,VMS 1,,Tanque,,1.68,1.74,2.04,1.68,3.31,3.88,6.03,4.51
06/07/2024 06:49 p. m.,Ordeño,05:36,15.38,2,,,,,0,,1.32,1.26,1.62,1.38,0,0,0,0,4.86,4.77,4.92,0.00,VMS 1,,Tanque,,1.68,1.80,2.22,1.98,2.97,3.27,5.32,3.82
07/07/2024 04:09 a. m.,Ordeño,06:53,15.47,1,,,,,0,,1.20,1.38,1.56,1.38,0,0,0,0,4.81,4.66,4.71,0.00,VMS 1,,Tanque,,1.68,1.86,2.16,1.80,3.51,2.90,5.26,3.80
07/07/2024 11:56 a. m.,Ordeño,05:57,8.92,2,,,TD,TD,0,,1.20,1.26,1.44,0.00,0,0,0,0,4.55,4.50,4.45,0.00,VMS 1,,Tanque,,1.56,1.86,2.16,0.00,2.59,2.34,3.99,0.00
08/07/2024 01:01 a. m.,Ordeño,07:37,23.31,1,,,,,0,,1.26,1.32,1.44,1.38,0,0,0,0,5.00,4.97,4.91,0.00,VMS 1,,Tanque,,1.74,1.68,1.86,1.74,4.64,4.59,7.43,6.65
08/07/2024 12:18 p. m.,Ordeño,06:46,19.53,2,,,,,0,,1.32,1.26,1.50,1.20,0,0,0,0,4.72,4.94,5.05,0.00,VMS 1,,Tanque,,1.74,1.68,1.98,1.62,4.42,3.93,6.59,4.59
09/07/2024 01:01 a. m.,Ordeño,07:00,19.81,1,,,,,0,,1.26,1.26,1.44,1.26,0,0,0,0,4.82,4.60,4.74,0.00,VMS 1,,Tanque,,1.62,1.74,2.04,1.62,4.37,3.86,6.91,4.67
09/07/2024 12:58 p. m.,Ordeño,06:40,19.04,2,,,,,0,,1.32,1.32,1.62,1.32,0,0,0,0,4.79,4.64,4.94,0.00,VMS 1,,Tanque,,1.74,1.80,2.16,1.74,3.91,3.06,7.24,4.83
09/07/2024 06:52 p. m.,Ordeño,04:17,8.23,3,,,,,0,,1.14,1.14,1.38,1.14,0,0,0,0,4.52,4.51,4.59,0.00,VMS 1,,Tanque,,1.50,1.44,1.80,1.50,1.68,1.66,2.90,1.99
10/07/2024 07:53 a. m.,Ordeño,07:44,21.68,1,,,,,0,,1.38,1.38,1.56,1.32,0,0,0,0,4.85,4.91,4.92,0.00,VMS 1,,Tanque,,1.68,1.80,2.04,1.68,4.29,4.14,7.73,5.52
10/07/2024 05:40 p. m.,Ordeño,06:05,15.86,2,,,,,0,,1.38,1.26,1.44,1.26,0,0,0,0,4.63,4.75,4.74,0.00,VMS 1,,Tanque,,1.74,1.74,1.80,1.68,3.39,3.37,5.23,3.87
11/07/2024 12:31 a. m.,Ordeño,04:57,11.50,1,,,,,0,,1.32,1.26,1.50,1.14,0,0,0,0,4.62,4.78,4.81,0.00,VMS 1,,Tanque,,1.74,1.62,2.04,1.50,2.31,2.43,4.03,2.73
11/07/2024 05:14 p. m.,Ordeño,08:10,25.54,2,,,,,0,,1.44,1.38,1.62,1.44,0,0,0,0,4.99,5.01,5.14,0.00,VMS 1,,Tanque,,1.92,2.10,2.10,1.86,5.26,5.01,8.94,6.33
12/07/2024 06:05 a. m.,Ordeño,05:52,15.77,1,,,,,0,,1.50,1.26,1.62,1.32,0,0,0,0,4.46,4.47,4.61,0.00,VMS 1,,Tanque,,1.92,1.92,2.04,1.74,2.96,3.08,5.75,3.98
12/07/2024 02:56 p. m.,Ordeño,06:03,13.66,2,,,,,0,,1.32,1.26,1.50,1.20,0,0,0,0,5.01,4.92,4.90,0.00,VMS 1,,Tanque,,1.74,1.56,2.04,1.68,2.95,2.80,4.54,3.37
13/07/2024 12:04 a. m.,Ordeño,05:35,15.42,1,,,,,0,,1.44,1.38,1.68,1.44,0,0,0,0,5.14,5.17,5.30,0.00,VMS 1,,Tanque,,1.86,1.86,2.10,1.86,2.69,3.32,5.51,3.90
13/07/2024 10:04 a. m.,Ordeño,05:41,17.36,2,,,,,0,,1.50,1.32,1.74,1.50,0,0,0,0,5.10,5.04,5.14,0.00,VMS 1,,Tanque,,1.80,1.80,2.10,1.92,3.54,3.73,5.82,4.27
13/07/2024 05:57 p. m.,Ordeño,04:46,12.12,3,,,,,0,,1.32,1.32,1.56,1.38,0,0,0,0,4.91,4.83,4.92,0.00,VMS 1,,Tanque,,1.62,1.92,2.04,1.86,2.72,2.39,4.10,2.91
14/07/2024 12:41 a. m.,Ordeño,04:45,11.11,1,,,,,0,,1.38,1.20,1.56,1.26,0,0,0,0,4.90,4.91,4.96,0.00,VMS 1,,Tanque,,1.68,1.56,1.98,1.80,2.44,2.18,3.90,2.59
14/07/2024 11:26 a. m.,Ordeño,06:23,18.60,2,,,,,0,,1.32,1.32,1.50,1.38,0,0,0,0,5.23,5.30,5.19,0.00,VMS 1,,Tanque,,1.68,1.74,1.86,1.80,4.01,3.84,6.20,4.55
14/07/2024 06:06 p. m.,Ordeño,05:03,10.67,3,,,,,0,,1.26,1.38,1.44,1.26,0,0,0,0,4.92,4.77,4.72,0.00,VMS 1,,Tanque,,1.68,1.86,1.86,1.68,2.35,2.09,3.59,2.64
15/07/2024 09:04 a. m.,Ordeño,07:55,23.66,1,,,,,0,,1.44,1.38,1.74,1.62,0,0,0,0,4.92,4.91,4.96,0.00,VMS 1,,Tanque,,1.80,1.86,2.10,1.98,4.96,4.50,8.35,5.85
15/07/2024 04:19 p. m.,Ordeño,04:56,9.11,2,,,,,0,,1.32,1.26,1.56,1.38,0,0,0,0,4.64,4.92,5.16,0.00,VMS 1,,Tanque,,1.68,1.80,1.98,1.92,2.01,1.77,3.16,2.17
16/07/2024 12:44 a. m.,Ordeño,05:07,12.13,1,,,,,0,,1.38,1.26,1.44,1.32,0,0,0,0,4.83,5.10,4.85,0.00,VMS 1,,Tanque,,1.80,1.74,1.98,1.74,2.79,2.56,4.10,2.68
16/07/2024 04:15 p. m.,Ordeño,07:34,23.31,2,,,,,0,,1.38,1.38,1.62,1.32,0,0,0,0,4.86,5.10,5.05,0.00,VMS 1,,Tanque,,1.74,1.80,2.04,1.68,5.22,4.32,8.12,5.65
17/07/2024 06:50 a. m.,Ordeño,07:04,21.85,1,,,,,0,,1.50,1.50,1.74,1.44,0,0,0,0,4.59,4.89,4.94,0.00,VMS 1,,Tanque,,2.04,1.86,2.28,1.80,3.87,4.67,7.76,5.55
17/07/2024 03:55 p. m.,Ordeño,05:14,13.60,2,,,,,0,,1.44,1.32,1.50,1.38,0,0,0,0,4.76,4.95,4.77,0.00,VMS 1,,Tanque,,1.86,1.68,1.86,1.92,3.06,2.77,4.46,3.31
18/07/2024 12:16 a. m.,Ordeño,04:54,12.10,1,,,,,0,,1.56,1.32,1.56,1.38,0,0,0,0,4.87,4.90,4.74,0.00,VMS 1,,Tanque,,2.04,1.80,2.10,1.80,2.57,2.53,4.04,2.96
18/07/2024 07:20 a. m.,Ordeño,04:55,11.44,2,,,,,0,,1.50,1.32,1.50,1.32,0,0,0,0,4.88,4.82,4.81,0.00,VMS 1,,Tanque,,2.04,1.80,1.98,1.74,2.56,2.40,3.73,2.75
18/07/2024 06:55 p. m.,Ordeño,06:19,18.66,3,,,,,0,,1.50,1.50,1.68,1.56,0,0,0,0,5.14,4.93,5.23,0.00,VMS 1,,Tanque,,2.10,1.98,2.04,1.86,4.46,2.66,6.72,4.82
19/07/2024 05:19 a. m.,Ordeño,06:06,18.08,1,,,,,0,,1.56,1.38,1.62,1.44,0,0,0,0,4.98,5.04,5.08,0.00,VMS 1,,Tanque,,1.98,1.80,1.92,1.80,4.07,3.74,6.02,4.25
20/07/2024 12:21 a. m.,Ordeño,06:49,24.50,1,,,,,0,,1.62,1.44,1.80,1.62,0,0,0,0,4.69,4.81,5.02,0.00,VMS 1,,Tanque,,2.04,1.92,2.28,2.22,4.69,5.04,8.35,6.42
20/07/2024 09:28 a. m.,Ordeño,05:26,14.13,2,,,,,0,,1.50,1.38,1.50,1.32,0,0,0,0,4.67,4.68,4.68,0.00,VMS 1,,Tanque,,1.92,1.80,1.80,1.68,3.26,2.98,4.58,3.31
20/07/2024 04:42 p. m.,Ordeño,05:35,10.38,3,,,,,0,,1.44,1.26,1.56,1.32,0,0,0,0,4.81,4.86,4.93,0.00,VMS 1,,Tanque,,1.86,1.68,2.16,1.80,2.32,2.10,3.45,2.51
21/07/2024 01:40 a. m.,Ordeño,05:23,15.13,1,,,,,0,,1.50,1.44,1.74,1.50,0,0,0,0,5.11,5.12,5.27,0.00,VMS 1,,Tanque,,1.98,1.86,2.16,1.92,3.33,3.02,5.14,3.64
21/07/2024 08:54 a. m.,Ordeño,04:41,12.14,2,,,,,0,,1.38,1.38,1.62,1.56,0,0,0,0,4.98,4.93,5.18,0.00,VMS 1,,Tanque,,1.86,1.74,2.16,1.98,2.71,2.32,4.14,2.97
21/07/2024 07:08 p. m.,Ordeño,05:32,15.75,3,,,,,0,,1.44,1.38,1.74,1.50,0,0,0,0,4.83,4.93,5.09,0.00,VMS 1,,Tanque,,1.86,1.80,2.28,1.92,3.24,3.32,5.36,3.83
22/07/2024 06:56 a. m.,Ordeño,05:46,18.76,1,,,,,0,,1.56,1.50,1.74,1.68,0,0,0,0,4.82,4.88,4.98,0.00,VMS 1,,Tanque,,1.98,1.98,2.16,2.10,4.46,3.48,6.23,4.59
22/07/2024 05:15 p. m.,Ordeño,05:10,15.74,2,,,,,0,,1.38,1.44,1.80,1.56,0,0,0,0,4.78,4.84,4.95,0.00,VMS 1,,Tanque,,1.80,1.98,2.22,1.92,3.59,3.07,5.34,3.74
23/07/2024 02:48 a. m.,Ordeño,06:05,15.45,1,,,,,0,,1.44,1.44,1.74,1.44,0,0,0,0,4.96,4.94,5.04,0.00,VMS 1,,Tanque,,1.92,1.92,2.16,2.04,3.53,2.97,5.23,3.72
23/07/2024 11:12 a. m.,Ordeño,05:30,14.48,2,,,,,0,,1.38,1.44,1.56,1.44,0,0,0,0,5.07,5.13,5.17,0.00,VMS 1,,Tanque,,1.86,1.98,1.92,1.86,3.30,2.84,4.78,3.56
23/07/2024 06:38 p. m.,Ordeño,04:41,10.85,3,,,,,0,,1.38,1.38,1.56,1.44,0,0,0,0,4.81,4.86,4.99,0.00,VMS 1,,Tanque,,1.74,1.74,2.04,1.80,2.45,2.06,3.76,2.58
24/07/2024 10:00 a. m.,Ordeño,06:47,21.45,1,,,,,0,,1.50,1.50,1.86,1.74,0,0,0,0,4.79,4.59,5.08,0.00,VMS 1,,Tanque,,1.92,1.98,2.28,2.22,4.63,3.10,8.08,5.64
24/07/2024 05:14 p. m.,Ordeño,04:26,8.15,2,,,,,0,,1.26,1.20,1.50,1.32,0,0,0,0,4.39,4.40,4.57,0.00,VMS 1,,Tanque,,1.68,1.68,1.80,1.74,1.90,1.65,2.67,1.93
24/07/2024 11:38 p. m.,Ordeño,04:24,9.29,3,,,,,0,,1.44,1.26,1.56,1.38,0,0,0,0,4.62,4.78,4.86,0.00,VMS 1,,Tanque,,1.86,1.92,2.04,1.92,2.02,1.93,3.14,2.20
25/07/2024 10:24 a. m.,Ordeño,06:29,11.44,1,,,TI,TI,0,,1.44,1.50,0.00,1.56,0,0,0,0,5.19,5.20,0.00,0.00,VMS 1,,Tanque,,1.80,2.10,0.00,2.16,3.47,3.40,0.00,4.57
25/07/2024 04:49 p. m.,Ordeño,06:47,13.31,2,,,,,0,,1.26,1.26,1.74,1.32,0,0,0,0,4.83,5.07,5.27,0.00,VMS 1,,Tanque,,1.68,1.68,2.10,1.80,1.95,1.72,7.46,2.18
26/07/2024 01:50 a. m.,Ordeño,06:34,15.00,1,,,,,0,,1.56,1.38,1.62,1.44,0,0,0,0,4.89,5.07,4.57,0.00,VMS 1,,Tanque,,1.98,1.92,2.16,1.92,2.91,3.35,5.09,3.65
26/07/2024 11:00 a. m.,Ordeño,05:30,15.43,2,,,,,0,,1.56,1.44,1.62,1.50,0,0,0,0,5.04,5.07,5.10,0.00,VMS 1,,Tanque,,1.86,1.80,2.04,1.86,3.55,3.21,4.85,3.82
26/07/2024 06:36 p. m.,Ordeño,04:40,11.04,3,,,,,0,,1.44,1.32,1.56,1.38,0,0,0,0,4.86,4.97,4.95,0.00,VMS 1,,Tanque,,1.92,1.86,2.04,1.86,2.48,2.24,3.58,2.74
27/07/2024 08:47 a. m.,Ordeño,06:36,20.95,1,,,,,0,,1.56,1.56,1.74,1.56,0,0,0,0,4.98,5.10,5.23,0.00,VMS 1,,Tanque,,2.04,1.98,2.04,1.98,3.84,3.75,7.53,5.83
27/07/2024 05:04 p. m.,Ordeño,04:57,11.71,2,,,,,0,,1.44,1.38,1.50,1.32,0,0,0,0,4.65,4.78,4.75,0.00,VMS 1,,Tanque,,1.80,1.74,1.92,1.68,2.74,2.31,3.81,2.85
28/07/2024 02:25 a. m.,Ordeño,05:06,14.43,1,,,,,0,,1.50,1.50,1.68,1.56,0,0,0,0,4.86,4.92,4.89,0.00,VMS 1,,Tanque,,2.16,1.80,2.10,1.98,3.34,2.83,4.80,3.46
28/07/2024 10:37 a. m.,Ordeño,05:21,13.72,2,,,,,0,,1.44,1.38,1.50,1.44,0,0,0,0,4.95,5.19,5.08,0.00,VMS 1,,Tanque,,1.80,1.92,1.86,1.74,2.98,2.95,4.48,3.31
28/07/2024 05:48 p. m.,Ordeño,04:54,12.52,3,,,,,0,,1.44,1.38,1.62,1.44,0,0,0,0,5.18,5.23,5.23,0.00,VMS 1,,Tanque,,1.86,1.80,2.04,1.86,2.86,2.52,4.15,2.99
29/07/2024 02:49 a. m.,Ordeño,05:18,14.38,1,,,,,0,,1.50,1.44,1.68,1.44,0,0,0,0,4.91,4.96,5.17,0.00,VMS 1,,Tanque,,1.92,1.92,2.28,1.86,2.31,3.23,5.14,3.70
29/07/2024 09:01 a. m.,Ordeño,04:30,9.58,2,,,,,0,,1.32,1.38,1.50,1.32,0,0,0,0,4.76,4.67,4.74,0.00,VMS 1,,Tanque,,1.74,1.86,2.10,1.74,2.35,1.99,3.09,2.15
29/07/2024 08:28 p. m.,Ordeño,06:24,17.88,3,,,,,0,,1.38,1.32,1.50,1.38,0,0,0,0,4.84,4.84,4.92,0.00,VMS 1,,Tanque,,1.80,1.80,1.92,1.74,4.11,3.43,5.98,4.36
30/07/2024 08:57 a. m.,Ordeño,06:19,21.43,1,,,,,0,,1.44,1.50,1.74,1.50,0,0,0,0,4.83,4.97,5.04,0.00,VMS 1,,Tanque,,1.80,2.04,2.16,1.98,5.02,4.25,7.02,5.14
30/07/2024 09:59 p. m.,Ordeño,06:01,19.86,2,,,,,0,,1.50,1.38,1.74,1.44,0,0,0,0,4.71,4.76,4.74,0.00,VMS 1,,Tanque,,1.86,1.74,2.22,1.80,4.48,3.88,6.67,4.83
31/07/2024 06:59 a. m.,Ordeño,05:16,14.58,1,,,,,0,,1.50,1.38,1.56,1.32,0,0,0,0,4.72,4.77,4.85,0.00,VMS 1,,Tanque,,1.86,1.74,1.92,1.74,3.27,2.98,4.82,3.51
31/07/2024 03:34 p. m.,Ordeño,05:00,12.50,2,,,,,0,,1.50,1.32,1.62,1.26,0,0,0,0,4.77,4.90,4.92,0.00,VMS 1,,Tanque,,1.98,1.74,1.98,1.68,2.52,2.56,4.30,3.12
01/08/2024 12:54 a. m.,Ordeño,05:39,15.86,1,,,,,0,,1.44,1.26,1.56,1.26,0,0,0,0,4.85,4.92,5.00,0.00,VMS 1,,Tanque,,1.74,1.68,1.92,1.68,3.57,3.18,5.26,3.85
01/08/2024 02:35 p. m.,Ordeño,06:50,21.18,2,,,,,0,,1.50,1.38,1.50,1.26,0,0,0,0,4.70,4.84,4.92,0.00,VMS 1,,Tanque,,1.98,1.74,1.98,1.86,4.89,4.22,6.94,5.13
01/08/2024 11:37 p. m.,Ordeño,05:26,10.69,3,,,,,0,,1.32,1.26,1.38,1.14,0,0,0,0,4.41,4.46,4.52,0.00,VMS 1,,Tanque,,1.74,1.74,1.80,1.68,2.36,2.03,3.66,2.64
02/08/2024 05:42 a. m.,Ordeño,04:50,9.46,1,,,,,0,,1.38,1.38,1.44,1.20,0,0,0,0,4.81,4.85,4.90,0.00,VMS 1,,Tanque,,1.74,1.74,1.80,1.62,2.07,1.93,3.28,2.18
02/08/2024 02:43 p. m.,Ordeño,05:30,14.00,2,,,,,0,,1.38,1.44,1.44,1.38,0,0,0,0,4.91,5.11,5.05,0.00,VMS 1,,Tanque,,1.98,1.80,1.92,1.80,3.15,2.79,4.65,3.41
03/08/2024 02:48 a. m.,Ordeño,06:17,17.66,1,,,,,0,,1.62,1.38,1.62,1.38,0,0,0,0,4.87,4.91,4.97,0.00,VMS 1,,Tanque,,1.98,1.80,2.10,1.86,3.51,3.62,6.11,4.42
03/08/2024 01:20 p. m.,Ordeño,06:06,16.76,2,,,,,0,,1.50,1.38,1.50,1.38,0,0,0,0,4.85,4.96,5.03,0.00,VMS 1,,Tanque,,1.98,1.92,1.92,1.80,3.63,3.37,5.68,4.08
03/08/2024 09:42 p. m.,Ordeño,05:18,12.02,3,,,,,0,,1.50,1.32,1.56,1.44,0,0,0,0,4.77,4.82,4.88,0.00,VMS 1,,Tanque,,1.86,1.80,1.98,1.86,2.19,2.29,4.46,3.08
04/08/2024 11:26 a. m.,Ordeño,07:08,21.10,1,,,,,0,,1.62,1.44,1.56,1.56,0,0,0,0,4.79,4.94,4.93,0.00,VMS 1,,Tanque,,2.10,1.92,2.10,1.98,4.27,4.11,7.36,5.36
04/08/2024 09:27 p. m.,Ordeño,05:03,13.43,2,,,,,0,,1.62,1.26,1.62,1.38,0,0,0,0,4.71,4.69,4.67,0.00,VMS 1,,Tanque,,2.10,1.62,2.04,1.86,3.03,2.68,4.50,3.22
05/08/2024 02:10 p. m.,Ordeño,07:25,22.74,1,,,,,0,,1.56,1.38,1.62,1.56,0,0,0,0,4.87,4.62,4.84,0.00,VMS 1,,Tanque,,1.92,1.86,2.22,1.98,5.62,3.41,7.99,5.72
06/08/2024 12:26 a. m.,Ordeño,05:29,14.04,1,,,,,0,,1.44,1.50,1.56,1.50,0,0,0,0,4.54,4.72,4.64,0.00,VMS 1,,Tanque,,1.86,1.92,1.98,1.86,3.12,2.62,4.96,3.34
06/08/2024 12:06 p. m.,Ordeño,05:47,17.38,2,,,,,0,,1.50,1.50,1.74,1.62,0,0,0,0,4.94,4.77,5.03,0.00,VMS 1,,Tanque,,1.92,1.92,2.28,2.10,4.22,2.56,6.13,4.47
07/08/2024 12:34 a. m.,Ordeño,06:21,16.75,1,,,,,0,,1.50,1.32,1.50,1.32,0,0,0,0,4.70,4.71,4.74,0.00,VMS 1,,Tanque,,1.92,1.80,1.92,1.68,3.80,3.10,5.67,4.18
07/08/2024 12:27 p. m.,Ordeño,05:57,17.85,2,,,,,0,,1.56,1.56,1.68,1.44,0,0,0,0,5.10,5.09,5.17,0.00,VMS 1,,Tanque,,2.22,1.98,2.04,1.80,4.08,3.21,6.12,4.44
07/08/2024 10:29 p. m.,Ordeño,05:21,12.83,3,,,,,0,,1.50,1.44,1.56,1.32,0,0,0,0,4.67,4.80,4.68,0.00,VMS 1,,Tanque,,1.86,1.98,1.98,1.74,2.68,2.45,4.42,3.28
08/08/2024 10:25 a. m.,Ordeño,06:56,18.37,1,,,,,0,,1.62,1.44,1.68,1.50,0,0,0,0,4.99,5.09,5.09,0.00,VMS 1,,Tanque,,2.04,1.92,2.10,1.86,4.33,3.17,6.35,4.52
13/08/2024 01:24 p. m.,Ordeño,04:07,7.97,2,,,,,0,,1.44,1.26,1.50,1.32,0,0,0,0,4.38,4.82,4.44,0.00,VMS 1,,Tanque,,2.04,1.68,1.92,1.74,1.84,1.45,2.82,1.86
14/08/2024 12:13 a. m.,Ordeño,06:56,15.08,1,,,,,0,,1.50,1.32,1.44,1.44,0,0,0,0,4.94,5.26,4.82,0.00,VMS 1,,Tanque,,1.98,1.80,1.80,1.92,3.38,2.70,5.29,3.71
14/08/2024 12:48 p. m.,Ordeño,06:33,18.71,2,,,,,0,,1.50,1.38,1.50,1.44,0,0,0,0,4.96,5.37,4.88,0.00,VMS 1,,Tanque,,1.98,1.80,1.98,1.98,4.37,3.35,6.41,4.58
17/08/2024 10:44 a. m.,Ordeño,09:02,26.59,1,,,,,0,,1.50,1.38,1.74,1.62,0,0,0,0,4.68,5.05,4.88,0.00,VMS 1,,Tanque,,1.98,1.86,2.10,2.16,5.17,3.94,10.31,7.17
17/08/2024 11:24 p. m.,Ordeño,06:16,13.02,2,,,,,0,,1.44,1.26,1.32,1.26,0,0,0,0,4.58,4.86,4.42,0.00,VMS 1,,Tanque,,1.86,1.62,1.86,1.62,3.51,2.14,4.46,2.91
18/08/2024 06:51 p. m.,Ordeño,07:17,23.71,1,,,,,0,,1.50,1.26,1.56,1.38,0,0,0,0,4.86,5.31,4.92,0.00,VMS 1,,Tanque,,1.92,1.68,2.04,1.80,5.95,4.29,7.81,5.66
20/08/2024 06:16 a. m.,Ordeño,05:15,9.86,1,,,,,0,,1.32,1.20,1.38,1.26,0,0,0,0,4.39,4.76,4.55,0.00,VMS 1,,Tanque,,1.68,1.62,1.86,1.68,1.99,1.64,3.78,2.45
21/08/2024 09:56 a. m.,Ordeño,08:01,25.70,1,,,,,0,,1.56,1.38,1.62,1.50,0,0,0,0,4.61,5.25,4.57,0.00,VMS 1,,Tanque,,2.16,1.74,1.98,1.86,5.83,5.31,8.36,6.20
22/08/2024 07:08 a. m.,Ordeño,04:50,9.32,1,,,,,0,,1.38,1.20,1.38,1.32,0,0,0,0,4.52,4.94,4.69,0.00,VMS 1,,Tanque,,1.74,1.68,1.80,1.74,2.34,1.47,3.47,2.04
22/08/2024 05:13 p. m.,Ordeño,05:25,11.18,2,,,,,0,,1.32,1.20,1.44,1.32,0,0,0,0,4.72,5.09,4.89,0.00,VMS 1,,Tanque,,1.74,1.92,1.80,1.68,2.82,1.84,4.01,2.51
22/08/2024 11:35 p. m.,Ordeño,04:17,7.57,3,,,,,0,,1.32,1.20,1.44,1.20,0,0,0,0,4.86,5.23,4.86,0.00,VMS 1,,Tanque,,1.74,1.56,1.80,1.62,1.91,1.17,2.74,1.75
23/08/2024 11:55 a. m.,Ordeño,07:26,16.96,1,,,,,0,,1.50,1.32,1.44,1.44,0,0,0,0,5.15,5.69,5.22,0.00,VMS 1,,Tanque,,1.86,1.80,1.86,1.86,4.01,2.84,6.03,4.08
24/08/2024 09:04 a. m.,Ordeño,05:22,12.18,2,,,,,0,,1.50,1.14,1.50,1.32,0,0,0,0,4.90,5.09,4.85,0.00,VMS 1,,Tanque,,1.86,1.56,1.92,1.74,3.13,1.78,4.42,2.85
24/08/2024 06:54 p. m.,Ordeño,05:23,12.54,3,,,,,0,,1.50,1.20,1.38,1.26,0,0,0,0,4.74,5.23,4.67,0.00,VMS 1,,Tanque,,2.04,1.56,1.80,1.86,3.08,1.96,4.49,3.01
25/08/2024 06:44 a. m.,Ordeño,06:46,16.57,1,,,,,0,,1.56,1.44,1.44,1.50,0,0,0,0,4.80,5.27,4.86,0.00,VMS 1,,Tanque,,2.04,1.92,1.92,1.86,3.98,2.61,6.10,3.88
25/08/2024 04:53 p. m.,Ordeño,05:47,12.97,2,,,,,0,,1.38,1.26,1.38,1.38,0,0,0,0,4.69,5.12,4.62,0.00,VMS 1,,Tanque,,1.80,1.68,1.74,1.74,3.10,2.12,4.60,3.15
26/08/2024 12:26 a. m.,Ordeño,04:59,10.08,1,,,,,0,,1.50,1.26,1.38,1.26,0,0,0,0,4.76,4.86,4.65,0.00,VMS 1,,Tanque,,1.98,1.68,1.74,1.68,2.34,1.69,3.78,2.27
26/08/2024 09:11 a. m.,Ordeño,05:10,12.82,2,,,,,0,,1.50,1.26,1.50,1.38,0,0,0,0,4.81,5.29,4.55,0.00,VMS 1,,Tanque,,1.92,1.62,1.98,1.86,3.18,2.11,4.49,3.04
26/08/2024 07:57 p. m.,Ordeño,05:50,14.44,3,,,,,0,,1.44,1.26,1.50,1.32,0,0,0,0,4.72,4.95,4.86,0.00,VMS 1,,Tanque,,1.80,1.68,1.92,1.74,3.37,2.42,5.23,3.42
27/08/2024 10:26 a. m.,Ordeño,06:47,19.24,1,,,,,0,,1.56,1.26,1.62,1.38,0,0,0,0,4.70,5.25,4.89,0.00,VMS 1,,Tanque,,1.92,1.62,1.98,1.74,3.73,3.34,7.33,4.84
27/08/2024 04:56 p. m.,Ordeño,04:11,7.87,2,,,,,0,,1.38,1.08,1.50,1.26,0,0,0,0,4.54,4.63,4.49,0.00,VMS 1,,Tanque,,1.86,1.56,1.92,1.68,1.92,1.22,2.96,1.77
28/08/2024 01:15 a. m.,Ordeño,05:06,11.23,1,,,,,0,,1.56,1.20,1.56,1.38,0,0,0,0,4.74,5.11,4.74,0.00,VMS 1,,Tanque,,2.04,1.62,1.92,1.74,2.59,1.87,4.10,2.67
28/08/2024 10:00 a. m.,Ordeño,05:07,12.43,2,,,,,0,,1.50,1.32,1.56,1.44,0,0,0,0,4.74,5.24,4.74,0.00,VMS 1,,Tanque,,1.98,1.74,1.92,1.86,3.10,1.95,4.43,2.95
28/08/2024 06:41 p. m.,Ordeño,05:01,11.35,3,,,,,0,,1.50,1.20,1.44,1.44,0,388,0,0,4.65,5.12,4.72,0.00,VMS 1,,Tanque,,1.86,1.50,1.98,1.86,2.72,1.81,4.07,2.75
30/08/2024 12:08 a. m.,Ordeño,09:59,9.78,1,,,,,0,,1.32,1.14,1.32,1.14,0,390,0,0,4.09,4.56,4.26,0.00,VMS 1,,Tanque,,1.74,1.62,1.80,1.56,2.29,1.41,3.61,2.47
30/08/2024 06:42 a. m.,Ordeño,04:28,7.56,2,,,,,0,,1.32,1.14,1.44,1.20,0,0,0,0,4.70,5.00,4.84,0.00,VMS 1,,Tanque,,1.80,1.68,1.86,1.56,1.94,1.09,2.82,1.71
30/08/2024 03:32 p. m.,Ordeño,05:10,11.54,3,,,,,0,,1.26,1.08,1.44,1.20,0,0,0,0,4.95,5.54,5.12,0.00,VMS 1,,Tanque,,1.74,1.44,1.86,1.56,2.70,1.79,4.32,2.73
31/08/2024 04:12 a. m.,Ordeño,06:43,9.74,1,,DD,TI,TI,0,,1.32,1.14,0.00,1.32,0,0,0,0,4.51,5.22,0.00,0.00,VMS 1,,Tanque,,1.98,1.56,0.00,1.74,3.48,2.45,0.00,3.81
31/08/2024 08:29 a. m.,Ordeño,07:10,10.01,2,,,,,0,,1.08,0.90,1.50,0.78,0,0,0,0,4.20,4.68,4.79,0.00,VMS 1,,Tanque,,1.80,1.26,1.98,1.38,1.05,0.86,7.08,1.02
31/08/2024 10:28 p. m.,Ordeño,06:02,15.37,3,,,,,0,,1.38,1.14,1.44,1.26,0,0,0,0,4.66,4.24,4.30,0.00,VMS 1,,Tanque,,1.68,1.80,2.10,1.62,3.96,2.13,5.38,3.90
01/09/2024 07:50 a. m.,Ordeño,04:57,11.14,1,,,,,0,,1.38,1.20,1.56,1.32,0,0,0,0,4.62,5.02,4.43,0.00,VMS 1,,Tanque,,1.80,1.68,1.98,1.68,2.91,1.61,3.92,2.70
01/09/2024 04:11 p. m.,Ordeño,04:40,9.90,2,,,,,0,,1.32,1.02,1.44,1.14,0,0,0,0,4.64,5.08,4.60,0.00,VMS 1,,Tanque,,1.68,1.44,1.92,1.50,2.44,1.64,3.47,2.35
02/09/2024 06:52 a. m.,Ordeño,06:30,17.87,1,,,,,0,,1.50,1.20,1.68,1.32,0,0,0,0,4.62,4.93,4.74,0.00,VMS 1,,Tanque,,1.86,1.74,2.22,1.74,3.24,3.21,6.91,4.51
02/09/2024 06:40 p. m.,Ordeño,04:56,11.96,2,,,,,0,,1.62,1.32,1.56,1.50,0,0,0,0,4.17,4.79,4.40,4.53,VMS 3,,Tanque,,2.04,1.74,1.92,1.86,3.36,1.95,3.90,2.75
03/09/2024 01:38 a. m.,Ordeño,04:04,6.95,1,,,,,0,,1.44,1.14,1.56,1.26,0,0,0,0,4.06,4.26,4.17,4.12,VMS 3,,Tanque,,1.92,1.62,2.04,1.68,2.02,1.02,2.38,1.53
03/09/2024 03:15 p. m.,Ordeño,05:32,15.20,2,,,,,0,,1.74,1.56,1.62,1.62,0,0,0,0,4.05,4.33,4.32,4.45,VMS 3,,Tanque,,2.46,1.92,2.04,2.04,4.14,2.27,5.16,3.63
04/09/2024 01:27 a. m.,Ordeño,04:50,10.18,1,,,,,0,,1.68,1.38,1.56,1.50,0,0,0,0,3.65,4.08,3.96,3.92,VMS 3,,Tanque,,2.46,1.86,2.04,1.86,2.77,1.60,3.54,2.27
05/09/2024 06:36 a. m.,Ordeño,04:14,5.79,2,,,,,0,,1.50,1.02,1.56,1.02,0,0,0,0,3.69,4.10,3.80,3.62,VMS 3,,Tanque,,1.98,1.68,1.92,1.62,1.71,0.88,1.95,1.25
05/09/2024 04:20 p. m.,Ordeño,06:01,10.05,3,,,,,0,,1.44,1.26,1.44,1.38,0,0,0,0,4.12,4.49,4.25,4.49,VMS 3,,Tanque,,1.98,1.62,1.86,1.86,2.79,1.56,3.52,2.18
06/09/2024 12:39 a. m.,Ordeño,05:45,7.61,1,,,,,0,,1.38,1.14,1.26,1.32,0,0,0,0,3.92,4.29,4.10,4.17,VMS 3,,Tanque,,1.74,1.56,1.62,1.62,2.09,1.03,2.75,1.74
06/09/2024 06:40 p. m.,Ordeño,05:46,13.74,2,,,,,0,,1.50,1.08,1.44,1.32,0,0,0,0,3.98,4.68,4.23,4.53,VMS 3,,Tanque,,1.98,1.44,1.92,1.80,3.77,2.08,4.81,3.08
07/09/2024 01:36 p. m.,Ordeño,04:01,6.96,2,,,,,0,,1.32,1.08,1.44,1.20,0,0,0,0,4.07,4.61,4.26,4.61,VMS 3,,Tanque,,1.80,1.50,1.86,1.56,1.96,0.99,2.49,1.52
08/09/2024 02:22 a. m.,Ordeño,05:34,14.07,1,,,,,0,,1.50,1.26,1.56,1.38,0,0,0,0,4.24,4.74,4.37,4.61,VMS 3,,Tanque,,1.92,1.68,2.22,1.74,3.93,1.94,4.93,3.27
08/09/2024 11:57 a. m.,Ordeño,08:10,6.84,2,,,TI,TI,0,,1.38,1.26,0.00,1.44,0,0,0,0,4.05,4.75,0.00,4.53,VMS 3,,Tanque,,2.34,1.74,0.00,1.92,2.91,1.64,0.00,2.29
09/09/2024 01:26 a. m.,Ordeño,07:11,15.76,1,,,,,0,,1.38,1.14,1.74,1.38,0,0,0,0,4.06,4.34,4.41,4.67,VMS 3,,Tanque,,1.80,1.56,2.22,1.74,3.21,1.40,8.02,3.13
10/09/2024 01:43 a. m.,Ordeño,05:03,10.53,1,,,,,0,,1.56,1.14,1.44,1.38,0,0,0,0,4.23,4.47,4.55,4.64,VMS 3,,Tanque,,2.16,1.50,1.86,1.80,2.51,1.46,3.87,2.69
10/09/2024 01:35 p. m.,Ordeño,05:43,14.27,2,,,,,0,,1.56,1.14,1.62,1.44,0,0,0,0,4.40,4.93,4.65,4.77,VMS 3,,Tanque,,2.16,1.74,1.98,1.80,3.06,2.36,5.13,3.72
11/09/2024 01:38 a. m.,Ordeño,05:39,13.08,1,,,,,0,,1.20,1.26,1.50,1.32,314,0,0,0,4.39,4.62,4.43,4.91,VMS 3,,Tanque,,1.74,1.68,1.86,1.62,2.96,2.03,4.82,3.27
11/09/2024 10:14 a. m.,Ordeño,04:56,11.79,2,,,,,0,,1.50,1.20,1.50,1.32,0,0,0,0,4.50,4.84,4.66,4.09,VMS 3,,Tanque,,1.98,1.56,1.86,1.80,3.31,1.76,3.90,2.82
11/09/2024 10:50 p. m.,Ordeño,05:49,16.14,3,,,,,0,,1.50,1.38,1.56,1.44,0,0,0,0,4.39,4.75,4.51,4.72,VMS 3,,Tanque,,2.04,1.86,1.98,1.86,4.44,2.49,5.41,3.80
12/09/2024 03:03 p. m.,Ordeño,06:12,18.60,1,,,,,0,TD,1.68,1.32,1.74,1.68,0,0,0,0,4.28,4.76,4.51,5.15,VMS 3,,Tanque,,2.28,1.74,2.16,2.04,4.90,2.72,6.66,4.32
13/09/2024 12:39 a. m.,Ordeño,04:44,8.94,1,,,,,0,,1.44,1.08,1.44,1.20,0,0,0,0,3.85,4.21,4.06,3.23,VMS 3,,Tanque,,1.98,1.56,1.92,1.62,2.48,1.20,3.19,2.07
14/09/2024 02:29 p. m.,Ordeño,05:47,12.05,2,,,,,0,,1.44,1.14,1.38,1.38,0,0,0,0,4.36,4.68,4.49,4.76,VMS 3,,Tanque,,1.86,1.50,1.86,1.74,3.46,1.60,4.37,2.62
14/09/2024 11:03 p. m.,Ordeño,05:00,10.44,3,,,,,0,,1.56,1.20,1.38,1.38,0,0,0,0,4.13,4.71,4.28,4.51,VMS 3,,Tanque,,1.98,1.50,1.86,1.86,2.97,1.40,3.80,2.27
15/09/2024 01:26 p. m.,Ordeño,05:54,16.00,1,,,,,0,,1.62,1.26,1.62,1.44,0,0,0,0,4.22,4.82,4.43,4.76,VMS 3,,Tanque,,2.04,1.62,2.10,1.80,4.21,2.43,5.75,3.61
16/09/2024 12:05 a. m.,Ordeño,04:58,10.61,1,,,,,0,,1.56,1.14,1.50,1.32,0,0,0,0,4.17,4.63,4.20,4.48,VMS 3,,Tanque,,2.04,1.62,1.86,1.74,2.92,1.51,3.86,2.32
16/09/2024 10:04 a. m.,Ordeño,05:06,10.85,2,,,,,0,,1.50,1.14,1.44,1.32,0,0,0,0,4.20,4.54,4.33,4.62,VMS 3,,Tanque,,1.98,1.56,1.86,1.74,3.17,1.49,3.89,2.30
16/09/2024 09:56 p. m.,Ordeño,05:42,12.40,3,,,,,0,,1.38,1.14,1.44,1.26,0,0,0,0,4.08,4.82,4.34,4.58,VMS 3,,Tanque,,1.80,1.68,1.92,1.62,3.47,1.64,4.62,2.67
17/09/2024 08:53 a. m.,Ordeño,04:35,10.67,1,,,,,0,DD,1.56,1.20,1.68,1.56,0,0,0,0,4.01,4.87,4.22,4.60,VMS 3,,Tanque,,2.04,1.68,2.22,1.98,3.00,1.48,3.96,2.23
17/09/2024 05:46 p. m.,Ordeño,04:21,8.01,2,,,,,0,DD,1.38,1.14,1.44,1.44,0,0,0,0,3.96,4.75,4.22,4.55,VMS 3,,Tanque,,2.10,1.50,1.86,1.86,2.17,1.09,3.02,1.73
18/09/2024 01:51 a. m.,Ordeño,04:06,7.32,1,,,,,0,,1.50,1.20,1.56,1.38,0,0,0,0,4.03,4.74,4.31,4.40,VMS 3,,Tanque,,2.04,1.68,1.92,1.74,2.12,0.96,2.60,1.64
18/09/2024 11:24 a. m.,Ordeño,05:42,9.61,2,,,,,0,,1.56,1.26,1.44,1.38,0,0,0,0,4.15,4.89,4.38,4.60,VMS 3,,Tanque,,2.04,1.74,1.86,1.80,2.76,1.28,3.50,2.07
18/09/2024 10:16 p. m.,Ordeño,04:48,9.30,3,,,,,0,,1.44,1.14,1.38,1.26,0,0,0,0,3.88,4.59,4.19,4.36,VMS 3,,Tanque,,1.92,1.50,1.80,1.68,2.81,1.12,3.44,1.93
19/09/2024 12:22 p. m.,Ordeño,05:32,11.37,1,,,,,0,DD,1.50,1.08,1.38,1.32,0,0,0,0,4.00,4.83,4.21,4.58,VMS 3,,Tanque,,1.86,1.50,1.80,1.74,3.26,1.64,4.15,2.32
19/09/2024 08:55 p. m.,Ordeño,04:19,5.90,2,,,,,0,,1.26,0.96,1.32,1.20,0,0,0,0,3.98,4.57,4.20,4.20,VMS 3,,Tanque,,1.68,1.38,1.74,1.62,1.72,0.68,2.29,1.21
20/09/2024 08:49 a. m.,Ordeño,05:17,11.19,1,,,,,0,"DD,TD",1.56,1.08,1.50,1.20,0,0,0,0,3.65,5.15,4.46,4.84,VMS 3,,Tanque,,2.10,1.50,2.10,1.56,3.51,1.33,4.13,2.22
21/09/2024 02:18 a. m.,Ordeño,04:07,6.87,1,,,,,0,DD,1.32,0.96,1.44,1.08,0,0,0,0,3.78,4.60,4.12,4.32,VMS 3,,Tanque,,1.80,1.26,1.86,1.44,2.06,0.94,2.50,1.37
21/12/2024 09:34 a. m.,Ordeño,09:21,10.56,1,,,,,0,Todos,1.14,0.78,1.32,1.62,2479,998,578,1254,4.34,4.16,4.77,3.57,VMS 3,,Divert 3,,2.16,1.56,2.16,2.70,1.73,1.17,4.57,3.09
25/12/2024 01:27 a. m.,Ordeño,06:04,4.11,1,,,TI,,0,DI,1.02,1.02,0.54,1.44,983,0,582,330,4.65,4.59,4.79,4.60,VMS 3,,Tanque,,1.50,1.44,1.26,2.34,1.01,1.28,0.35,1.47
25/12/2024 06:24 a. m.,Ordeño,06:27,4.56,2,,,,,0,"DI,TI",1.14,1.26,0.78,1.50,787,0,300,325,4.67,4.44,5.29,4.40,VMS 3,,Tanque,,1.68,1.68,1.32,2.34,1.26,1.46,0.37,1.47
25/12/2024 04:38 p. m.,Ordeño,08:03,10.21,3,,,,,0,"DI,TI",1.32,1.26,0.66,1.92,876,0,474,0,4.48,4.39,5.07,4.42,VMS 3,,Tanque,,1.74,1.86,1.32,2.40,2.62,3.27,0.65,3.67
26/12/2024 06:14 a. m.,Ordeño,06:59,13.24,1,,,,,0,"DI,TI",1.32,1.44,0.96,1.86,862,0,377,0,4.69,4.46,5.08,4.33,VMS 3,,Tanque,,1.86,1.92,1.50,2.28,4.04,3.68,0.81,4.71
27/12/2024 05:22 a. m.,Ordeño,05:23,10.40,1,,,,,0,DI,1.26,1.20,0.72,1.56,846,0,0,0,4.49,4.35,4.89,4.36,VMS 3,,Tanque,,1.68,1.74,1.14,1.98,2.99,3.14,0.71,3.56
27/12/2024 12:52 p. m.,Ordeño,04:25,8.69,2,,,,,0,TI,1.44,1.26,0.84,1.68,545,0,0,0,3.74,4.38,4.73,4.11,VMS 3,,Tanque,,1.98,1.74,1.26,2.22,2.60,2.53,0.67,2.89
27/12/2024 10:49 p. m.,Ordeño,05:29,10.66,3,,,,,0,TI,1.56,1.26,0.90,1.68,447,0,0,0,4.40,4.42,5.11,4.30,VMS 3,,Tanque,,1.92,1.68,1.32,2.22,2.52,3.52,0.79,3.83
28/12/2024 05:37 a. m.,Ordeño,04:35,8.59,1,,,,,0,TI,1.32,1.26,0.78,1.80,439,0,0,0,4.24,4.15,4.87,4.03,VMS 3,,Tanque,,1.86,1.80,1.32,2.40,2.39,2.52,0.66,3.02
28/12/2024 04:33 p. m.,Ordeño,06:11,14.49,2,,,,,0,TI,1.26,1.26,0.96,1.80,0,0,0,0,2.81,4.08,4.87,4.23,VMS 3,,Tanque,,1.80,1.74,1.74,2.22,4.65,3.82,0.97,5.05
29/12/2024 05:06 a. m.,Ordeño,12:04,15.45,1,,,,,0,TI,0.78,1.38,0.90,1.74,0,0,0,0,1.68,4.03,4.70,3.94,VMS 3,,Tanque,,1.86,1.86,1.32,2.40,4.94,3.84,1.23,5.44
29/12/2024 03:11 p. m.,Ordeño,05:45,12.49,2,,,,,0,"DI,TI",1.38,1.32,1.02,1.92,385,0,0,0,4.86,4.23,4.93,4.20,VMS 3,,Tanque,,1.92,1.86,1.62,2.46,3.79,3.18,0.89,4.63
30/12/2024 02:23 a. m.,Ordeño,05:12,12.76,1,,,,,0,TI,1.38,1.38,1.02,1.98,0,0,0,0,4.60,4.18,5.18,4.20,VMS 3,,Tanque,,1.86,1.86,1.56,2.58,3.43,3.22,0.99,5.12
30/12/2024 10:13 a. m.,Ordeño,05:33,10.84,2,,,,,0,,1.20,1.38,0.90,1.62,371,0,0,0,4.28,4.16,4.57,4.07,VMS 3,,Tanque,,1.68,1.92,1.44,2.04,3.01,3.21,0.83,3.79
30/12/2024 07:00 p. m.,Ordeño,05:12,10.56,3,,DD,,,0,,1.44,1.38,1.02,1.68,0,0,0,0,4.57,4.44,4.11,4.43,VMS 3,,Tanque,,1.92,1.86,1.56,2.16,3.40,2.02,1.10,4.04
31/12/2024 03:51 a. m.,Ordeño,06:52,13.07,1,,,,,0,TI,1.56,1.44,0.90,1.80,0,0,0,0,4.36,4.29,4.96,4.08,VMS 3,,Tanque,,1.92,2.22,1.26,2.34,3.12,4.32,0.93,4.70
31/12/2024 10:47 a. m.,Ordeño,06:11,9.43,2,,,,,0,,1.62,1.44,1.02,1.98,0,0,0,0,4.46,4.38,4.66,4.18,VMS 3,,Tanque,,2.16,1.92,1.50,2.58,2.62,2.87,0.62,3.32
31/12/2024 05:25 p. m.,Ordeño,04:00,6.41,3,,,DI,DI,0,,0.00,1.50,0.96,1.74,0,0,0,0,0.00,4.36,4.67,4.34,VMS 3,,Tanque,,0.00,2.10,1.44,2.28,0.00,2.59,0.64,3.18
01/01/2025 12:27 a. m.,Ordeño,05:00,11.10,1,,,,,0,,1.56,1.38,0.78,1.74,0,0,0,0,4.51,4.35,4.47,4.09,VMS 3,,Tanque,,2.04,1.80,1.14,2.22,3.86,2.65,0.93,3.66
01/01/2025 08:23 a. m.,Ordeño,05:52,11.32,2,,,,,0,,1.44,1.56,1.02,1.92,0,0,0,0,4.42,4.40,4.61,4.33,VMS 3,,Tanque,,1.92,1.98,1.38,2.40,3.28,3.10,0.88,4.06
01/01/2025 06:32 p. m.,Ordeño,05:26,13.45,3,,,,,0,TI,1.44,1.44,1.02,1.68,0,0,0,0,4.47,4.29,5.22,4.58,VMS 3,,Tanque,,1.86,2.16,1.50,2.10,4.19,3.11,1.03,5.12
02/01/2025 02:47 a. m.,Ordeño,04:43,11.93,1,,,,,0,TI,1.56,1.44,0.90,1.68,0,0,0,0,4.02,4.29,4.81,4.30,VMS 3,,Tanque,,2.16,2.04,1.32,2.22,3.30,3.55,0.90,4.18
02/01/2025 11:48 a. m.,Ordeño,05:05,12.87,2,,,,,0,TI,1.50,1.44,1.02,1.98,0,0,0,0,4.48,4.28,5.15,4.19,VMS 3,,Tanque,,1.86,1.98,1.44,2.52,3.25,3.92,0.89,4.81
03/01/2025 02:50 a. m.,Ordeño,04:40,9.99,1,,,,,0,,1.50,1.32,0.90,1.68,0,0,0,0,4.22,4.14,4.73,4.39,VMS 3,,Tanque,,2.04,1.74,1.26,2.16,2.97,2.70,0.71,3.61
03/01/2025 08:57 a. m.,Ordeño,05:45,9.44,2,,,,,0,,1.56,1.50,0.90,1.74,0,0,0,0,4.49,4.43,4.61,4.29,VMS 3,,Tanque,,1.92,1.98,1.32,2.52,2.68,2.74,0.70,3.32
03/01/2025 06:53 p. m.,Ordeño,06:49,15.87,3,,,,,0,,1.50,1.56,0.90,1.74,0,0,0,0,4.56,4.55,4.53,4.05,VMS 3,,Tanque,,2.16,2.04,1.20,2.28,4.15,4.63,1.11,5.98
04/01/2025 05:17 a. m.,Ordeño,05:35,14.86,1,,,,,0,TI,1.68,1.44,1.08,1.80,0,0,0,0,4.23,4.20,4.94,4.31,VMS 3,,Tanque,,2.16,1.92,1.44,2.34,3.67,4.21,1.15,5.83
04/01/2025 04:30 p. m.,Ordeño,06:10,17.18,2,,,,,0,TI,1.50,1.44,0.96,1.68,0,0,0,0,4.43,4.42,5.25,4.26,VMS 3,,Tanque,,1.98,1.92,1.32,2.16,4.38,4.74,1.40,6.66
05/01/2025 12:51 a. m.,Ordeño,05:22,12.88,1,,,,,0,TI,1.32,1.32,0.78,1.50,0,0,0,0,4.26,4.28,4.91,4.24,VMS 3,,Tanque,,1.68,1.86,1.20,1.92,3.74,3.57,0.93,4.64
05/01/2025 09:13 a. m.,Ordeño,05:35,13.78,2,,,,,0,,1.50,1.38,1.02,1.68,0,0,0,0,4.50,4.50,5.01,4.56,VMS 3,,Tanque,,1.98,1.86,1.50,2.10,3.51,4.30,1.14,4.83
05/01/2025 10:31 p. m.,Ordeño,06:31,18.30,3,,,,,0,TI,1.44,1.50,1.08,1.74,0,0,0,0,4.47,4.35,5.21,4.72,VMS 3,,Tanque,,1.92,1.98,1.50,2.22,4.74,4.27,1.76,7.53
06/01/2025 08:35 a. m.,Ordeño,08:33,15.49,1,,,,,0,,1.44,1.50,0.90,1.62,0,0,0,0,4.50,4.34,4.74,4.58,VMS 3,,Tanque,,1.80,2.04,1.32,1.98,3.81,4.40,1.44,5.84
06/01/2025 05:47 p. m.,Ordeño,05:57,15.36,2,,,,,0,,1.50,1.44,0.96,1.68,0,0,0,0,4.46,4.55,5.12,4.69,VMS 3,,Tanque,,1.92,1.92,1.38,2.22,3.69,4.85,1.17,5.65
07/01/2025 02:20 a. m.,Ordeño,05:48,13.76,1,,,,,0,,1.38,1.50,0.90,1.74,0,0,0,0,4.49,4.42,4.64,4.68,VMS 3,,Tanque,,1.86,1.92,1.32,2.16,3.56,4.21,1.14,4.85
07/01/2025 12:20 p. m.,Ordeño,05:27,17.08,2,,DD,,,0,,1.56,1.68,1.08,1.86,0,0,0,0,4.56,4.48,4.93,4.59,VMS 3,,Tanque,,1.92,2.16,1.50,2.52,4.58,5.24,1.20,6.06
07/01/2025 07:52 p. m.,Ordeño,04:58,12.61,3,,,,,0,,1.38,1.44,1.02,1.68,0,0,0,0,4.43,4.35,4.88,4.43,VMS 3,,Tanque,,1.86,1.98,1.44,2.22,3.30,3.82,1.08,4.41
08/01/2025 03:37 a. m.,Ordeño,05:12,13.48,1,,,,,0,,1.44,1.56,1.02,1.80,0,0,0,0,4.56,4.54,4.70,4.76,VMS 3,,Tanque,,1.86,2.04,1.38,2.16,3.61,4.15,1.06,4.66
08/01/2025 03:05 p. m.,Ordeño,06:08,18.73,2,,,,,0,,1.50,1.50,1.02,1.80,0,0,0,0,4.56,4.45,4.72,4.63,VMS 3,,Tanque,,1.98,1.92,1.50,2.34,5.35,4.44,1.72,7.22
09/01/2025 01:57 a. m.,Ordeño,05:33,16.09,1,,,,,0,,1.50,1.38,1.02,1.92,0,0,0,0,4.37,4.19,4.87,4.40,VMS 3,,Tanque,,1.92,1.80,1.50,2.34,4.67,3.61,1.57,6.24
09/01/2025 12:58 p. m.,Ordeño,06:19,19.50,2,,,,,0,,1.50,1.44,0.96,1.74,0,0,0,0,4.35,4.23,4.67,4.51,VMS 3,,Tanque,,2.28,1.92,1.38,2.22,5.42,5.50,1.73,6.85
09/01/2025 10:06 p. m.,Ordeño,05:48,16.14,3,,,,,0,,1.50,1.50,0.90,1.68,0,0,0,0,4.32,4.18,4.65,4.41,VMS 3,,Tanque,,2.10,2.04,1.26,2.10,4.36,4.99,1.27,5.52
10/01/2025 10:27 a. m.,Ordeño,07:07,21.11,1,,,,,0,TI,1.56,1.44,1.08,1.74,0,0,0,0,4.29,4.28,4.97,4.54,VMS 3,,Tanque,,2.22,1.92,1.38,2.22,5.06,6.73,1.79,7.53
10/01/2025 07:15 p. m.,Ordeño,05:35,14.56,2,,,,,0,,1.56,1.50,1.02,1.74,0,0,0,0,4.20,4.42,4.76,4.38,VMS 3,,Tanque,,1.98,2.16,1.50,2.16,3.14,4.73,1.24,5.45
11/01/2025 07:04 a. m.,Ordeño,06:30,20.65,1,,TD,,,0,,1.56,1.50,1.08,1.80,0,0,0,0,4.54,4.40,4.83,4.66,VMS 3,,Tanque,,2.40,1.92,1.50,2.52,5.80,6.18,1.88,6.79
11/01/2025 02:25 p. m.,Ordeño,05:07,13.92,2,,,,,0,,1.50,1.62,0.96,1.62,0,0,0,0,4.36,4.37,4.55,4.47,VMS 3,,Tanque,,1.92,2.04,1.38,2.04,3.72,4.20,1.09,4.91
12/01/2025 01:29 a. m.,Ordeño,06:47,20.41,1,,,,,0,,1.50,1.62,1.02,1.50,0,0,0,0,4.50,4.47,4.70,4.62,VMS 3,,Tanque,,1.92,2.22,1.38,2.16,5.35,6.10,1.78,7.18
12/01/2025 09:42 a. m.,Ordeño,05:27,14.47,2,,,,,0,,1.50,1.56,1.08,1.68,0,0,0,0,4.36,4.33,4.69,4.57,VMS 3,,Tanque,,2.16,2.04,1.56,2.10,3.55,4.02,1.31,5.59
12/01/2025 05:46 p. m.,Ordeño,06:07,15.97,3,,,,,0,,1.50,1.50,0.96,1.56,0,0,0,0,4.56,4.53,4.63,4.17,VMS 3,,Tanque,,1.80,2.10,1.44,2.04,4.11,4.80,1.28,5.78
13/01/2025 05:26 a. m.,Ordeño,07:32,22.89,1,,,,,0,,1.50,1.56,1.02,1.56,0,0,0,0,4.62,4.52,4.82,4.66,VMS 3,,Tanque,,1.92,2.04,1.44,2.04,5.98,6.96,1.95,8.00
13/01/2025 04:02 p. m.,Ordeño,05:49,15.32,2,,,,,0,,1.50,1.50,1.08,1.56,0,0,0,0,4.45,4.38,4.75,4.70,VMS 3,,Tanque,,1.92,1.86,1.38,1.98,3.61,4.53,1.31,5.87
14/01/2025 01:14 a. m.,Ordeño,05:31,13.25,1,,,,,0,,1.44,1.38,0.96,1.44,0,0,0,0,4.24,4.25,4.66,4.54,VMS 3,,Tanque,,1.80,1.86,1.32,1.86,3.50,3.92,1.23,4.60
14/01/2025 04:08 p. m.,Ordeño,15:02,20.19,2,,,,,0,,1.50,1.56,1.02,1.44,307,0,0,0,4.93,4.78,5.08,4.90,VMS 3,,Tanque,,2.04,2.04,1.44,1.98,5.24,5.41,2.03,7.51
15/01/2025 10:06 a. m.,Ordeño,05:03,11.27,2,,,,,0,,1.56,1.44,0.96,1.62,0,0,0,0,4.41,4.25,4.51,4.58,VMS 3,,Tanque,,2.16,1.80,1.38,2.22,2.97,3.52,1.01,3.77
15/01/2025 11:34 p. m.,Ordeño,07:09,19.46,3,,,,,0,TI,1.62,1.50,1.20,1.74,0,0,0,0,4.39,4.37,5.27,4.93,VMS 3,,Tanque,,2.04,1.86,1.50,2.22,3.33,5.07,2.25,8.81
16/01/2025 09:40 a. m.,Ordeño,05:58,17.06,1,,,,,0,,1.62,1.56,1.14,1.74,0,0,0,0,4.74,4.50,4.93,4.93,VMS 3,,Tanque,,1.98,2.04,1.62,2.28,4.40,4.27,1.68,6.71
16/01/2025 06:37 p. m.,Ordeño,05:40,16.92,2,,,,,0,,1.56,1.56,1.08,1.68,0,0,0,0,4.83,4.67,4.83,5.03,VMS 3,,Tanque,,1.98,2.10,1.44,2.34,4.50,5.14,1.48,5.80
17/01/2025 02:41 a. m.,Ordeño,05:24,13.73,1,,,,,0,,1.62,1.38,1.02,1.50,0,0,0,0,4.62,4.54,4.55,4.78,VMS 3,,Tanque,,1.98,1.92,1.38,1.86,3.55,4.32,1.18,4.68
17/01/2025 10:50 a. m.,Ordeño,05:25,15.94,2,,,,,0,,1.56,1.80,1.14,1.68,0,0,0,0,4.93,4.82,4.72,4.89,VMS 3,,Tanque,,1.98,2.34,1.50,2.10,4.40,4.60,1.31,5.63
17/01/2025 07:43 p. m.,Ordeño,05:51,16.20,3,,,,,0,,1.62,1.56,1.08,1.68,0,0,0,0,4.71,4.72,4.86,4.94,VMS 3,,Tanque,,2.10,1.98,1.50,2.04,4.02,5.13,1.38,5.67
18/01/2025 09:34 a. m.,Ordeño,06:43,21.98,1,,,,,0,,1.68,1.80,1.32,1.92,0,0,0,316,4.72,4.74,4.98,5.06,VMS 3,,Tanque,,2.10,2.46,1.74,2.64,4.44,6.44,2.19,8.91
18/01/2025 03:25 p. m.,Ordeño,04:27,10.64,2,,,,,0,,1.50,1.56,1.08,1.68,0,0,0,0,4.72,4.53,4.76,4.81,VMS 3,,Tanque,,1.98,2.10,1.50,2.22,2.87,3.08,0.99,3.70
18/01/2025 11:57 p. m.,Ordeño,05:40,16.10,1,,,,,0,,1.62,1.62,1.02,1.68,0,0,0,0,4.87,4.79,4.87,5.04,VMS 3,,Tanque,,2.34,2.16,1.44,2.10,4.40,4.84,1.25,5.61
19/01/2025 08:26 a. m.,Ordeño,05:48,17.28,2,,,,,0,,1.56,1.62,1.08,1.68,0,0,0,0,4.81,4.72,4.67,4.96,VMS 3,,Tanque,,1.92,2.04,1.50,2.22,4.53,5.26,1.40,6.09
19/01/2025 04:26 p. m.,Ordeño,05:25,15.35,3,,,,,0,,1.50,1.62,1.08,1.62,0,0,0,0,4.60,4.61,4.74,4.82,VMS 3,,Tanque,,1.80,2.10,1.50,2.04,3.73,4.86,1.29,5.47
19/01/2025 09:39 p. m.,Ordeño,04:38,9.45,4,,,,,0,,1.50,1.44,0.96,1.68,0,0,0,0,4.41,4.39,4.22,4.46,VMS 3,,Tanque,,1.98,1.86,1.44,2.16,2.36,2.91,0.85,3.33
20/01/2025 09:09 a. m.,Ordeño,06:59,21.37,1,,,,,0,,1.74,1.56,1.02,1.68,0,0,0,314,4.72,4.74,4.83,4.88,VMS 3,,Tanque,,2.10,1.98,1.32,2.16,4.82,6.84,1.77,7.94
21/01/2025 12:58 a. m.,Ordeño,08:07,26.90,1,,"DD,TD",,,0,,1.80,1.62,1.20,1.68,0,0,0,0,4.65,4.43,4.81,4.67,VMS 3,,Tanque,,2.28,2.10,1.68,2.10,6.23,7.92,2.52,10.23
21/01/2025 11:34 a. m.,Ordeño,06:58,20.78,2,,,,,0,,1.62,1.50,1.08,1.62,0,0,0,0,4.50,4.37,4.33,4.62,VMS 3,,Tanque,,2.10,1.98,1.44,2.16,5.22,6.53,1.77,7.26
21/01/2025 07:14 p. m.,Ordeño,06:16,12.66,3,,,,,0,,1.38,1.32,0.84,1.20,0,0,0,0,4.24,4.28,4.32,4.52,VMS 2,,Tanque,,1.74,1.74,1.14,1.68,3.33,3.95,1.04,4.34
22/01/2025 01:41 a. m.,Ordeño,05:12,13.60,1,,,,,0,,1.56,1.50,0.96,1.68,0,0,0,0,4.52,4.67,4.44,4.80,VMS 2,,Tanque,,1.98,1.92,1.38,2.10,3.57,4.04,1.09,4.90
22/01/2025 09:49 a. m.,Ordeño,05:36,16.97,2,,,,,0,,1.62,1.56,0.96,1.92,0,0,0,0,4.69,4.75,4.58,4.88,VMS 2,,Tanque,,2.04,1.92,1.20,2.52,4.33,4.92,1.42,6.30
22/01/2025 07:17 p. m.,Ordeño,06:17,15.42,3,,,,,0,,1.56,1.44,0.96,1.74,0,0,0,0,4.59,4.55,4.49,4.93,VMS 2,,Tanque,,2.10,1.92,1.38,2.16,4.26,3.51,1.39,6.26
23/01/2025 02:29 a. m.,Ordeño,06:08,15.66,1,,,,,0,,1.44,1.50,0.90,1.56,0,0,0,0,4.79,4.88,4.57,5.06,VMS 2,,Tanque,,1.92,2.04,1.26,1.98,4.05,4.76,1.46,5.39
23/01/2025 08:53 a. m.,Ordeño,05:15,13.15,2,,,,,0,,1.68,1.44,0.96,1.86,0,0,0,0,4.85,4.88,4.68,5.09,VMS 2,,Tanque,,2.16,1.86,1.50,2.40,3.42,3.95,1.05,4.73
23/01/2025 11:54 p. m.,Ordeño,07:48,23.60,1,,,,,0,,1.44,1.44,0.96,1.74,0,0,0,0,4.61,4.29,4.83,4.90,VMS 2,,Tanque,,1.92,1.92,1.26,2.16,7.31,4.16,2.48,9.65
24/01/2025 08:14 a. m.,Ordeño,06:20,16.38,2,,,,,0,,1.56,1.38,0.96,1.62,0,0,0,0,4.48,4.77,4.62,4.76,VMS 2,,Tanque,,2.04,1.86,1.44,2.10,4.18,5.05,1.48,5.67
24/01/2025 03:25 p. m.,Ordeño,05:00,12.78,3,,,,,0,,1.44,1.50,0.84,1.56,0,0,0,0,4.56,4.56,4.67,4.91,VMS 2,,Tanque,,1.80,1.92,1.20,1.98,3.60,3.82,1.20,4.16
25/01/2025 12:28 a. m.,Ordeño,05:49,15.35,1,,,,,0,,1.38,1.50,0.90,1.50,0,0,0,0,4.65,4.66,4.67,4.92,VMS 2,,Tanque,,1.74,1.92,1.20,1.92,4.45,3.97,1.50,5.43
25/01/2025 10:01 a. m.,Ordeño,06:09,17.88,2,,,,,0,,1.44,1.62,0.90,1.62,0,0,0,0,4.65,4.79,4.77,4.95,VMS 2,,Tanque,,1.74,2.16,1.32,2.34,5.12,5.07,1.70,5.99
25/01/2025 07:15 p. m.,Ordeño,05:48,16.58,3,,,,,0,,1.44,1.44,1.02,1.56,0,0,0,0,4.70,4.65,4.93,4.96,VMS 2,,Tanque,,1.80,1.92,1.38,1.92,4.75,4.54,1.56,5.73
26/01/2025 01:55 a. m.,Ordeño,05:11,13.21,1,,,,,0,,1.50,1.44,0.84,1.62,0,0,0,0,4.57,4.64,4.63,4.59,VMS 2,,Tanque,,1.98,1.86,1.14,2.10,3.56,3.98,1.05,4.62
26/01/2025 11:11 a. m.,Ordeño,05:51,18.13,2,,,,,0,,1.62,1.68,1.14,1.74,0,0,0,0,4.84,4.77,4.84,5.11,VMS 2,,Tanque,,2.16,2.40,1.56,2.16,4.98,5.51,1.73,5.91
26/01/2025 10:30 p. m.,Ordeño,06:46,22.82,3,,,,,0,,1.56,1.56,1.02,2.04,0,0,0,0,4.62,4.55,4.84,4.55,VMS 2,,Tanque,,1.98,2.04,1.44,2.52,5.84,6.47,1.95,8.56
27/01/2025 08:36 a. m.,Ordeño,06:35,20.05,1,,,,,0,,1.44,1.56,1.02,2.04,0,0,0,0,4.50,4.44,4.71,4.44,VMS 2,,Tanque,,1.80,1.98,1.32,2.64,5.23,5.69,1.72,7.41
27/01/2025 03:31 p. m.,Ordeño,05:06,14.45,2,,,,,0,,1.50,1.62,0.96,1.92,0,0,0,0,4.42,4.37,4.74,4.49,VMS 2,,Tanque,,1.98,1.98,1.38,2.40,3.79,4.22,1.18,5.26
28/01/2025 01:48 a. m.,Ordeño,06:32,21.15,1,,,,,0,,1.56,1.56,0.96,1.80,0,0,0,0,4.42,4.44,4.58,4.45,VMS 2,,Tanque,,1.98,2.40,1.32,2.28,5.54,5.68,1.85,8.08
28/01/2025 10:39 a. m.,Ordeño,05:33,18.61,2,,DD,,,0,,1.62,1.56,0.90,1.98,0,0,0,0,4.42,4.42,4.31,4.33,VMS 2,,Tanque,,2.10,2.10,1.50,2.58,4.91,5.18,1.65,6.87
28/01/2025 07:15 p. m.,Ordeño,05:41,17.24,3,,DD,,,0,,1.50,1.50,1.74,0.90,0,0,0,0,4.42,4.43,4.45,4.73,VMS 2,,Tanque,,1.86,2.22,2.34,1.32,4.49,5.16,6.23,1.36
29/01/2025 12:57 a. m.,Ordeño,05:59,13.56,1,,,,,0,,1.50,1.44,0.84,1.80,0,0,0,0,4.89,4.82,4.81,4.91,VMS 2,,Tanque,,1.86,2.10,1.20,2.40,3.44,3.96,1.21,4.95
29/01/2025 07:41 a. m.,Ordeño,05:39,15.35,2,,DD,,,0,,1.56,1.38,0.84,1.62,0,0,0,0,4.82,4.76,4.80,4.85,VMS 2,,Tanque,,2.10,2.16,1.32,2.04,4.06,4.48,1.24,5.57
29/01/2025 03:16 p. m.,Ordeño,06:07,17.50,3,,,,,0,,1.56,1.50,0.90,1.92,0,0,0,0,4.89,4.89,4.73,4.91,VMS 2,,Tanque,,2.04,2.04,1.38,2.52,4.29,5.11,1.48,6.62
30/01/2025 01:47 a. m.,Ordeño,07:42,21.11,1,,,,,0,,1.44,1.50,0.96,1.50,0,0,0,0,4.69,4.70,4.93,4.84,VMS 2,,Tanque,,1.86,2.22,1.32,1.98,4.88,5.78,1.98,8.47
30/01/2025 09:02 a. m.,Ordeño,05:33,15.39,2,,,,,0,,1.44,1.50,0.90,1.74,0,0,0,0,4.57,4.58,4.82,4.59,VMS 2,,Tanque,,1.92,1.92,1.32,2.28,3.96,4.53,1.32,5.58
30/01/2025 04:27 p. m.,Ordeño,05:51,15.56,3,,,,,0,,1.44,1.38,0.90,1.56,0,0,0,0,4.71,4.70,4.68,4.67,VMS 2,,Tanque,,1.86,1.86,1.26,2.10,4.06,4.64,1.32,5.54
30/01/2025 11:04 p. m.,Ordeño,05:41,15.47,4,,,,,0,,1.50,1.44,0.84,1.62,0,0,0,0,4.70,4.77,4.75,4.74,VMS 2,,Tanque,,1.92,1.92,1.26,2.22,3.97,4.61,1.30,5.59
31/01/2025 08:37 a. m.,Ordeño,06:58,21.68,1,,,,,0,,1.44,1.44,0.96,1.74,0,0,0,0,4.97,5.09,4.90,4.94,VMS 2,,Tanque,,1.80,1.98,1.32,2.34,5.81,6.26,1.84,7.77
31/01/2025 03:20 p. m.,Ordeño,05:18,15.02,2,,DD,,,0,,1.50,1.50,0.96,1.74,0,0,0,0,4.69,4.69,4.77,4.68,VMS 2,,Tanque,,2.04,2.10,1.50,2.28,4.08,4.25,1.27,5.42
01/02/2025 02:29 a. m.,Ordeño,08:17,21.10,1,,,TI,TI,0,,1.68,1.44,0.00,1.74,0,0,0,0,4.75,4.63,0.00,4.71,VMS 2,,Tanque,,2.28,1.98,0.00,2.28,6.04,6.17,0.00,8.89
01/02/2025 09:46 a. m.,Ordeño,05:50,18.47,2,,,,,0,TI,1.50,1.44,1.08,1.74,0,0,0,0,4.34,4.43,5.14,4.52,VMS 2,,Tanque,,1.86,2.04,1.62,2.40,4.42,4.99,3.46,5.60
01/02/2025 06:12 p. m.,Ordeño,06:39,19.20,3,,,,,0,,1.56,1.38,1.02,1.80,0,0,0,0,4.82,4.82,4.76,4.83,VMS 2,,Tanque,,2.10,1.98,1.56,2.40,4.95,5.49,1.70,7.06
02/02/2025 03:25 a. m.,Ordeño,06:43,20.64,1,,,,,0,,1.50,1.50,1.02,1.74,0,0,0,0,4.71,4.69,4.73,4.63,VMS 2,,Tanque,,1.86,1.92,1.44,2.28,5.74,5.33,1.88,7.69
02/02/2025 08:22 a. m.,Ordeño,04:31,10.27,2,,,,,0,,1.56,1.56,0.90,1.44,0,0,0,0,4.43,4.42,4.54,4.37,VMS 2,,Tanque,,2.10,1.92,1.26,2.04,2.82,3.14,0.86,3.45
02/02/2025 05:39 p. m.,Ordeño,06:24,19.78,3,,,,,0,,1.68,1.44,1.08,1.92,0,0,0,0,4.89,4.68,4.81,4.64,VMS 2,,Tanque,,2.04,2.22,1.44,2.52,5.33,5.38,1.97,7.10
03/02/2025 12:02 a. m.,Ordeño,05:40,14.60,1,,,,,0,,1.50,1.44,0.90,1.68,0,0,0,0,4.70,4.76,4.73,4.71,VMS 2,,Tanque,,1.92,1.92,1.44,2.10,3.93,4.44,1.14,5.09
03/02/2025 07:45 a. m.,Ordeño,07:01,17.85,2,,,,,0,,1.50,1.50,0.96,1.56,0,0,0,0,4.90,4.82,4.68,4.70,VMS 2,,Tanque,,1.92,1.92,1.26,2.16,4.65,5.17,1.67,6.36
03/02/2025 04:06 p. m.,Ordeño,06:10,20.03,3,,,,,0,,1.62,1.62,1.08,1.92,0,0,0,0,4.98,4.95,4.86,4.84,VMS 2,,Tanque,,2.16,1.98,1.50,2.46,5.26,5.92,1.62,7.23
04/02/2025 02:08 a. m.,Ordeño,06:52,20.40,1,,,,,0,,1.44,1.62,1.02,1.74,0,0,0,0,4.57,4.30,4.67,4.55,VMS 2,,Tanque,,1.86,2.28,1.38,2.34,6.09,3.94,2.09,8.28
04/02/2025 06:50 a. m.,Ordeño,04:34,10.14,2,,,,,0,,1.44,1.50,0.84,1.62,0,0,0,0,4.44,4.55,4.53,4.57,VMS 2,,Tanque,,1.80,2.10,1.20,2.10,2.68,2.80,0.87,3.79
04/02/2025 02:52 p. m.,Ordeño,07:34,17.25,3,,,,,0,,1.50,1.56,1.20,1.62,0,0,0,0,4.92,4.89,4.83,4.85,VMS 2,,Tanque,,1.86,2.10,1.86,2.04,4.93,4.80,1.92,5.60
04/02/2025 09:31 p. m.,Ordeño,05:46,15.51,4,,,,,0,,1.56,1.56,0.90,1.74,0,0,0,0,4.58,4.55,4.65,4.51,VMS 2,,Tanque,,1.98,2.16,1.20,2.40,4.09,4.69,1.29,5.44
05/02/2025 03:21 a. m.,Ordeño,05:47,14.71,1,,,,,0,,1.56,1.62,0.90,1.86,0,0,0,0,4.72,4.77,4.64,4.63,VMS 2,,Tanque,,1.98,2.10,1.26,2.34,3.83,4.22,1.33,5.33
05/02/2025 10:30 a. m.,Ordeño,05:35,16.31,2,,,,,0,,1.62,1.62,1.02,1.92,0,0,0,0,4.86,4.58,4.79,4.80,VMS 2,,Tanque,,2.04,2.34,1.32,2.52,4.65,3.93,1.44,6.29
05/02/2025 05:24 p. m.,Ordeño,05:36,16.91,3,,,,,0,,1.56,1.56,0.96,1.86,0,0,0,0,4.92,4.85,4.81,4.78,VMS 2,,Tanque,,1.98,2.10,1.32,2.34,4.42,4.91,1.50,6.08
05/02/2025 09:25 p. m.,Ordeño,04:24,8.85,4,,,,,0,,1.62,1.56,0.84,1.74,0,0,0,0,4.79,4.72,4.75,4.71,VMS 2,,Tanque,,2.16,1.98,1.20,2.22,2.16,2.76,0.75,3.18
06/02/2025 05:35 a. m.,Ordeño,06:49,20.47,1,,,,,0,,1.56,1.50,1.02,1.86,0,0,0,0,4.93,4.84,4.83,4.76,VMS 2,,Tanque,,1.92,2.04,1.32,2.34,5.28,6.01,1.75,7.43
06/02/2025 06:29 p. m.,Ordeño,07:46,25.76,2,,,,,0,,1.62,1.62,1.08,1.92,0,375,0,0,4.68,4.67,5.03,4.78,VMS 2,,Tanque,,2.10,2.10,1.56,2.40,5.65,7.34,2.56,10.21
06/02/2025 11:28 p. m.,Ordeño,05:52,10.16,3,,,TD,,0,,1.50,1.44,1.44,0.90,0,0,0,0,4.47,4.46,4.51,4.32,VMS 2,,Tanque,,1.98,1.92,1.92,1.26,2.65,3.09,3.41,1.01
07/02/2025 02:49 a. m.,Ordeño,04:36,7.77,1,,,,,0,,1.38,1.44,0.72,1.50,0,0,0,0,4.74,4.60,4.44,4.77,VMS 2,,Tanque,,1.80,2.10,1.32,1.92,2.10,2.37,0.59,2.71
07/02/2025 02:09 p. m.,Ordeño,07:42,23.46,2,,,,,0,,1.68,1.62,1.08,1.62,0,0,0,0,4.97,4.95,5.01,5.18,VMS 2,,Tanque,,2.28,2.10,1.38,2.10,6.63,5.88,2.32,8.63
08/02/2025 01:36 a. m.,Ordeño,07:32,22.38,1,,,,,0,,1.56,1.44,1.02,1.62,0,0,0,0,4.58,4.68,4.86,4.84,VMS 2,,Tanque,,1.92,1.86,1.38,1.92,5.51,5.99,2.24,8.64
08/02/2025 08:42 a. m.,Ordeño,08:42,15.19,2,,,,,0,,1.20,1.38,1.02,1.44,0,0,0,0,4.40,4.53,4.65,4.71,VMS 2,,Tanque,,1.74,1.86,1.38,2.04,4.05,4.65,1.17,5.32
08/02/2025 06:23 p. m.,Ordeño,06:33,22.59,3,,DD,,,0,,1.62,1.68,1.14,1.80,0,356,0,0,4.85,4.73,4.79,4.99,VMS 2,,Tanque,,1.98,2.40,1.44,2.22,6.07,6.50,2.45,7.57
09/02/2025 02:53 a. m.,Ordeño,06:48,18.56,1,,,,,0,,1.56,1.50,0.90,1.50,0,0,0,0,4.52,4.45,4.61,4.58,VMS 2,,Tanque,,1.98,1.92,1.20,1.86,5.08,5.09,1.71,6.68
09/02/2025 11:32 a. m.,Ordeño,06:06,19.33,2,,DD,,,0,,1.68,1.68,1.08,1.80,0,0,0,0,4.91,4.60,4.95,5.04,VMS 2,,Tanque,,2.16,2.76,1.56,2.28,5.41,5.08,1.79,7.05
09/02/2025 07:58 p. m.,Ordeño,06:36,18.75,3,,,,,0,,1.62,1.62,1.02,1.56,0,0,0,0,4.84,4.88,4.78,4.87,VMS 2,,Tanque,,2.04,2.10,1.44,2.10,4.83,5.50,1.80,6.62
10/02/2025 05:10 a. m.,Ordeño,06:57,20.79,1,,,,,0,,1.50,1.62,1.02,1.56,0,0,0,0,4.58,4.52,4.66,4.54,VMS 2,,Tanque,,1.86,2.34,1.38,2.04,5.06,6.33,1.94,7.46
10/02/2025 04:10 p. m.,Ordeño,06:37,21.26,2,,,,,0,,1.62,1.74,1.08,1.62,0,0,0,0,4.33,4.33,4.42,4.54,VMS 3,,Tanque,,2.10,2.28,1.38,1.98,5.76,6.40,1.89,7.21
10/02/2025 09:54 p. m.,Ordeño,04:51,12.69,3,,,,,0,,1.62,1.62,1.02,1.62,0,0,0,0,4.55,4.56,4.48,4.64,VMS 3,,Tanque,,2.10,2.10,1.38,2.10,3.41,3.90,1.06,4.32
11/02/2025 08:17 a. m.,Ordeño,06:29,21.00,1,,,,,0,,1.68,1.80,1.20,1.92,0,0,0,0,4.51,4.74,4.78,5.06,VMS 3,,Tanque,,2.22,2.40,1.56,2.40,3.35,7.32,2.21,8.12
11/02/2025 05:50 p. m.,Ordeño,07:50,19.83,2,,,,,0,,1.62,1.80,1.08,1.74,0,0,0,0,4.35,4.35,4.39,4.47,VMS 3,,Tanque,,2.16,2.40,1.50,2.22,5.33,5.92,1.79,6.79
12/02/2025 01:42 a. m.,Ordeño,05:42,18.05,1,,,,,0,,1.68,1.68,1.02,1.80,0,0,0,0,4.36,4.41,4.37,4.56,VMS 3,,Tanque,,2.16,2.10,1.38,2.16,4.99,5.48,1.57,6.01
12/02/2025 11:03 a. m.,Ordeño,06:34,22.27,2,,,,,0,,1.68,1.74,1.20,1.74,0,0,0,0,4.58,4.48,4.45,4.58,VMS 3,,Tanque,,2.16,2.22,1.68,2.22,6.13,6.65,1.99,7.50
12/02/2025 09:15 p. m.,Ordeño,07:10,21.42,3,,,,,0,,1.62,1.62,1.14,1.62,0,0,0,0,4.47,4.35,4.52,4.49,VMS 3,,Tanque,,2.04,2.16,1.44,2.04,6.02,5.94,1.91,7.55
13/02/2025 09:45 a. m.,Ordeño,08:26,25.33,1,,,,,0,,1.68,1.62,0.84,2.16,0,0,0,0,4.40,4.39,4.44,4.06,VMS 3,,Tanque,,2.28,2.16,1.38,2.70,7.52,5.85,2.65,9.31
13/02/2025 05:35 p. m.,Ordeño,05:50,16.84,2,,,,,0,,1.74,1.62,1.08,1.86,0,0,0,0,4.06,4.19,4.28,4.02,VMS 3,,Tanque,,2.22,2.34,1.50,2.34,4.54,5.10,1.43,5.77
14/02/2025 11:20 a. m.,Ordeño,07:09,28.43,1,,,,,0,,1.80,1.74,1.32,2.04,0,0,0,0,4.14,4.20,4.62,3.99,VMS 3,,Tanque,,2.52,2.52,1.62,2.52,7.29,8.05,3.46,9.63
14/02/2025 05:55 p. m.,Ordeño,05:08,14.97,2,,,,,0,,1.80,1.68,1.14,1.92,0,0,0,0,4.32,4.33,4.31,4.19,VMS 3,,Tanque,,2.22,2.04,1.62,2.40,4.05,4.65,1.41,4.86
14/02/2025 11:14 p. m.,Ordeño,04:40,11.11,3,,,,,0,,1.74,1.56,1.02,1.68,0,0,0,0,4.19,4.34,4.29,4.41,VMS 3,,Tanque,,2.28,2.04,1.38,2.16,3.12,3.47,1.05,3.47
15/02/2025 08:13 a. m.,Ordeño,06:03,14.66,1,,,DI,DI,0,,0.00,1.74,1.20,1.80,0,0,0,0,0.00,4.55,4.62,4.83,VMS 3,,Tanque,,0.00,2.16,1.68,2.28,0.00,6.32,1.85,6.49
15/02/2025 03:58 p. m.,Ordeño,05:32,17.99,2,,,,,0,,1.98,1.62,1.14,1.92,0,0,0,0,4.02,4.20,4.46,4.13,VMS 3,,Tanque,,2.46,2.16,1.74,2.40,5.73,5.17,1.50,5.59
16/02/2025 01:37 a. m.,Ordeño,05:53,20.58,1,,,,,0,,1.92,1.68,1.20,1.86,0,0,0,0,4.31,4.47,4.59,4.65,VMS 3,,Tanque,,2.46,2.10,1.56,2.34,5.54,5.94,1.92,7.18
16/02/2025 09:59 a. m.,Ordeño,05:53,19.01,2,,,,,0,,1.92,1.68,1.20,1.98,0,0,0,0,4.55,4.47,4.61,4.39,VMS 3,,Tanque,,2.70,2.22,1.62,2.40,4.85,5.73,1.85,6.58
16/02/2025 04:45 p. m.,Ordeño,04:57,14.29,3,,,,,0,,1.92,1.68,1.14,1.92,0,0,0,0,4.42,4.44,4.47,4.16,VMS 3,,Tanque,,2.46,2.16,1.68,2.40,3.77,4.36,1.29,4.87
17/02/2025 01:25 a. m.,Ordeño,05:48,19.17,1,,,,,0,,1.74,1.74,1.02,1.86,0,0,0,0,4.56,4.63,4.60,4.64,VMS 3,,Tanque,,2.46,2.22,1.50,2.34,4.88,5.99,1.79,6.51
17/02/2025 03:40 p. m.,Ordeño,07:49,28.39,2,,DD,,,0,,1.86,1.74,1.02,1.80,0,0,0,0,4.53,4.52,4.66,4.64,VMS 3,,Tanque,,2.52,2.16,1.38,2.46,6.79,8.65,2.81,10.14
18/02/2025 02:28 a. m.,Ordeño,06:09,20.38,1,,,,,0,,2.04,1.68,1.14,2.04,0,0,0,0,4.81,4.35,4.78,4.62,VMS 3,,Tanque,,2.76,2.16,1.50,2.58,6.13,4.00,2.17,8.08
18/02/2025 09:34 a. m.,Ordeño,06:14,16.43,2,,,,,0,,1.74,1.38,1.02,1.68,0,0,0,0,4.58,4.58,4.59,4.68,VMS 3,,Tanque,,2.40,1.86,1.38,2.16,4.76,4.99,1.50,5.18
18/02/2025 04:42 p. m.,Ordeño,05:07,14.56,3,,,,,0,,1.74,1.62,1.80,1.02,0,0,0,0,4.50,4.35,4.52,4.45,VMS 3,,Tanque,,2.22,2.16,2.22,1.44,4.09,4.41,4.69,1.37
19/02/2025 03:37 a. m.,Ordeño,07:17,24.85,1,,DD,,,0,,1.74,1.62,0.96,1.62,0,0,0,0,4.72,4.77,4.58,4.89,VMS 3,,Tanque,,2.04,2.16,1.32,2.04,6.97,7.38,2.39,8.11
19/02/2025 10:49 a. m.,Ordeño,06:17,18.87,2,,DD,,,0,,1.50,1.44,0.84,1.62,0,0,0,0,4.65,4.64,4.54,4.87,VMS 3,,Tanque,,1.98,1.86,1.32,2.04,5.18,5.74,1.71,6.24
19/02/2025 07:48 p. m.,Ordeño,06:44,19.56,3,,,,,0,,1.56,1.32,0.84,1.62,0,0,0,0,4.46,4.44,4.45,4.47,VMS 3,,Tanque,,2.04,1.92,1.20,2.10,5.49,5.80,1.84,6.43
20/02/2025 05:35 a. m.,Ordeño,07:30,24.35,1,,,,,0,,1.62,1.62,0.78,1.62,0,0,0,0,4.84,4.81,4.65,5.06,VMS 3,,Tanque,,2.16,2.10,1.20,2.10,6.78,7.42,2.32,7.83
20/02/2025 12:14 p. m.,Ordeño,05:44,16.87,2,,,,,0,,1.68,1.50,0.96,1.74,0,0,0,0,4.61,4.54,4.58,4.76,VMS 3,,Tanque,,2.16,1.98,1.32,2.16,4.76,5.17,1.49,5.45
21/02/2025 02:39 a. m.,Ordeño,06:46,22.72,1,,DD,,,0,,1.74,1.80,1.20,1.68,0,0,0,0,4.40,4.53,4.84,4.66,VMS 3,,Tanque,,2.34,2.22,1.56,2.10,4.57,6.84,3.26,8.05
21/02/2025 11:54 a. m.,Ordeño,06:28,21.76,2,,DD,,,0,,1.74,1.68,1.02,1.68,0,0,0,0,4.67,4.54,4.57,4.78,VMS 3,,Tanque,,2.16,2.16,1.38,2.04,6.35,6.33,2.04,7.04
22/02/2025 01:51 a. m.,Ordeño,09:39,29.93,1,,DD,,,0,,1.62,1.50,0.90,1.50,0,0,0,0,4.62,4.60,4.64,4.83,VMS 3,,Tanque,,2.10,1.98,1.26,1.92,8.77,7.95,3.15,10.06
22/02/2025 04:42 p. m.,Ordeño,08:03,27.09,2,,DD,,,0,,1.68,1.50,1.02,1.68,0,0,0,0,4.60,4.49,4.84,4.75,VMS 3,,Tanque,,2.16,1.98,1.38,2.16,7.41,6.34,3.39,9.95
23/02/2025 09:23 p. m.,Ordeño,07:09,20.61,2,,,,,0,,1.44,1.38,0.96,1.50,0,0,0,0,4.84,4.73,4.69,5.04,VMS 3,,Tanque,,1.92,1.86,1.32,1.86,5.93,6.60,2.02,6.06
24/02/2025 11:29 a. m.,Ordeño,08:12,29.19,1,,,,,0,,1.62,1.68,0.90,1.62,0,0,0,0,4.94,4.80,4.82,5.34,VMS 3,,Tanque,,2.10,2.16,1.26,2.04,8.22,8.07,3.33,9.57
24/02/2025 11:18 p. m.,Ordeño,07:42,25.01,2,,,,,0,,1.56,1.50,0.96,1.50,0,0,0,0,4.59,4.56,4.58,4.83,VMS 3,,Tanque,,2.04,1.98,1.32,1.98,7.14,7.78,2.38,7.71
25/02/2025 09:29 a. m.,Ordeño,07:15,22.42,1,,,,,0,,1.62,1.50,0.90,1.68,0,0,0,0,5.13,4.82,4.80,5.21,VMS 3,,Tanque,,2.28,1.86,1.20,2.16,6.96,5.56,2.43,7.47
25/02/2025 05:34 p. m.,Ordeño,06:00,17.35,2,,,,,0,,1.62,1.44,0.90,1.56,0,0,0,0,4.53,4.62,4.56,4.86,VMS 3,,Tanque,,2.04,1.92,1.32,2.10,5.07,5.25,1.68,5.35
26/02/2025 03:03 a. m.,Ordeño,06:40,20.09,1,,,,,0,,1.56,1.62,0.96,1.56,0,0,0,0,5.05,4.83,4.82,5.20,VMS 3,,Tanque,,2.16,2.10,1.32,1.98,5.71,5.07,2.21,7.10
26/02/2025 03:10 p. m.,Ordeño,08:02,26.32,2,,DD,,,0,,1.62,1.44,1.02,1.62,0,0,0,0,4.86,4.75,4.76,4.99,VMS 3,,Tanque,,2.10,2.04,1.38,2.10,7.42,8.17,2.57,8.16
27/02/2025 12:39 a. m.,Ordeño,06:25,18.01,1,,,,,0,,1.50,1.38,0.84,1.38,0,0,0,0,4.56,4.54,4.58,4.81,VMS 3,,Tanque,,1.86,1.80,1.14,1.80,5.03,5.57,1.83,5.58
27/02/2025 10:40 a. m.,Ordeño,07:30,24.60,2,,,,,0,,1.62,1.44,0.90,1.50,0,0,0,0,5.10,4.96,4.99,5.32,VMS 3,,Tanque,,2.22,1.98,1.26,1.86,7.28,6.91,2.40,8.01
27/02/2025 07:45 p. m.,Ordeño,06:42,20.06,3,,,,,0,,1.50,1.44,0.90,1.44,0,0,0,0,4.91,4.82,4.79,5.04,VMS 3,,Tanque,,1.86,1.92,1.20,1.80,5.88,5.90,1.92,6.36
28/02/2025 08:29 a. m.,Ordeño,07:28,23.87,1,,DD,,,0,,1.74,1.62,1.02,1.68,0,0,0,0,4.33,4.62,4.76,4.86,VMS 3,,Tanque,,2.16,1.98,1.56,2.16,4.26,7.77,2.92,8.92
28/02/2025 04:41 p. m.,Ordeño,06:09,16.21,2,,,,,0,,1.56,1.44,0.90,1.56,0,0,0,0,4.66,4.54,4.54,4.89,VMS 3,,Tanque,,2.10,1.92,1.26,1.98,4.61,4.72,1.69,5.19
01/03/2025 01:09 a. m.,Ordeño,06:54,19.44,1,,,,,0,,1.50,1.38,0.96,1.62,0,0,0,0,4.64,4.64,4.59,4.82,VMS 3,,Tanque,,1.86,1.92,1.38,2.16,5.47,6.06,1.83,6.08
01/03/2025 03:58 p. m.,Ordeño,06:24,20.70,2,,,,,0,,1.68,1.56,1.08,1.80,0,0,0,0,4.57,4.36,4.85,4.79,VMS 3,,Tanque,,2.22,1.98,1.44,2.22,6.51,4.16,3.08,6.95
01/03/2025 11:14 p. m.,Ordeño,05:54,16.17,3,,,,,0,,1.50,1.50,0.90,1.62,0,0,0,0,4.46,4.59,4.52,4.66,VMS 3,,Tanque,,1.92,1.98,1.20,2.04,4.61,4.92,1.63,5.01
02/03/2025 08:11 a. m.,Ordeño,06:34,18.89,1,,,,,0,,1.56,1.44,0.90,1.62,0,0,0,0,4.57,4.64,4.56,4.86,VMS 3,,Tanque,,2.04,1.80,1.32,2.04,5.28,5.81,1.85,5.95
02/03/2025 10:08 p. m.,Ordeño,08:03,26.55,2,,DD,,,0,,1.62,1.56,0.96,1.56,0,0,0,0,4.70,4.63,4.75,4.95,VMS 3,,Tanque,,2.04,2.16,1.26,1.92,7.10,8.01,2.71,8.73
03/03/2025 02:13 a. m.,Ordeño,04:06,7.94,1,,,,,0,,1.44,1.38,0.72,1.44,0,0,0,0,4.17,4.29,4.16,4.33,VMS 3,,Tanque,,1.92,1.80,1.02,1.86,2.24,2.51,0.71,2.48
03/03/2025 02:20 p. m.,Ordeño,06:46,24.68,2,,,,,0,,1.80,1.62,1.08,1.80,0,0,0,0,4.78,4.63,4.71,4.90,VMS 3,,Tanque,,2.46,2.10,1.56,2.40,7.32,6.39,2.51,8.46
04/03/2025 02:06 a. m.,Ordeño,07:42,24.18,1,,DD,,,0,,1.68,1.50,1.02,1.68,0,0,0,0,4.50,4.62,4.62,4.82,VMS 3,,Tanque,,2.28,1.98,1.44,2.04,5.63,7.96,2.42,8.17
04/03/2025 05:21 p. m.,Ordeño,09:48,31.45,2,,DD,,,0,,1.56,1.50,0.96,1.68,0,0,0,0,4.76,4.68,4.73,4.78,VMS 3,,Tanque,,2.34,2.22,1.38,2.16,8.66,9.92,3.10,9.77
05/03/2025 01:24 a. m.,Ordeño,06:51,17.06,1,,,,,0,,1.56,1.50,0.90,1.50,0,0,0,0,4.48,4.39,4.47,4.69,VMS 3,,Tanque,,2.04,2.10,1.32,1.92,4.82,5.26,1.58,5.40
05/03/2025 09:29 a. m.,Ordeño,06:22,17.96,2,,,,,0,,1.56,1.38,0.90,1.62,0,0,0,0,4.82,4.73,4.72,5.10,VMS 3,,Tanque,,2.04,1.92,1.32,2.10,5.10,5.51,1.73,5.62
05/03/2025 06:35 p. m.,Ordeño,06:47,19.12,3,,,,,0,,1.56,1.38,0.96,1.74,0,0,0,0,4.69,4.58,4.58,4.97,VMS 3,,Tanque,,2.16,1.86,1.38,2.16,5.36,5.83,1.85,6.08
06/03/2025 03:51 a. m.,Ordeño,06:26,20.35,1,,,,,0,,1.56,1.62,0.96,1.68,0,0,0,0,4.71,4.71,4.60,4.81,VMS 3,,Tanque,,2.04,2.40,1.38,2.10,5.97,5.87,1.91,6.60
06/03/2025 03:46 p. m.,Ordeño,09:40,24.34,2,,DD,,,0,,1.80,1.68,1.32,1.74,0,0,0,0,4.75,4.90,4.90,4.68,VMS 3,,Tanque,,2.34,2.40,2.46,2.22,2.47,7.62,5.49,8.76
07/03/2025 03:16 a. m.,Ordeño,07:07,25.15,1,,DD,,,0,,1.74,1.68,1.14,1.86,0,0,0,0,4.89,4.78,4.96,4.73,VMS 3,,Tanque,,2.16,2.22,1.62,2.46,5.88,7.96,2.47,8.84
07/03/2025 07:26 a. m.,Ordeño,04:20,8.84,2,,,,,0,,1.56,1.50,0.90,1.56,0,0,0,0,4.55,4.45,4.54,4.62,VMS 3,,Tanque,,2.04,2.04,1.26,2.04,2.48,2.77,0.93,2.66
07/03/2025 04:12 p. m.,Ordeño,06:03,18.79,3,,,,,0,,1.56,1.68,1.08,1.80,0,0,0,0,4.95,4.80,4.94,5.13,VMS 3,,Tanque,,1.98,2.28,1.44,2.22,5.40,5.60,1.80,5.99
07/03/2025 11:25 p. m.,Ordeño,05:37,15.02,4,,,,,0,,1.50,1.50,0.96,1.68,0,0,0,0,4.89,4.81,4.70,4.97,VMS 3,,Tanque,,1.86,1.92,1.32,2.16,4.35,4.49,1.36,4.82
08/03/2025 09:08 a. m.,Ordeño,06:25,20.39,1,,,,,0,,1.68,1.62,1.14,1.80,0,0,0,0,5.41,5.40,5.23,5.59,VMS 3,,Tanque,,2.22,2.04,1.50,2.22,4.54,6.49,2.47,6.89
08/03/2025 04:48 p. m.,Ordeño,06:17,16.11,2,,TD,,,0,,1.56,1.62,1.02,1.92,0,0,0,0,4.88,4.71,4.66,4.59,VMS 3,,Tanque,,2.22,2.22,2.22,2.40,4.62,4.73,2.37,4.39
09/03/2025 09:08 a. m.,Ordeño,07:46,26.84,1,,DD,,,0,,1.74,1.50,1.20,1.68,0,0,0,0,5.02,4.89,5.00,4.66,VMS 3,,Tanque,,2.16,1.92,1.56,2.22,6.99,7.66,3.73,8.46
09/03/2025 05:59 p. m.,Ordeño,06:22,18.15,2,,,,,0,,1.86,1.50,1.02,1.62,0,0,0,0,4.65,4.64,4.58,4.62,VMS 3,,Tanque,,2.34,2.04,1.50,2.04,5.17,5.55,1.61,5.82
09/03/2025 11:08 p. m.,Ordeño,06:05,11.46,3,,TD,,,0,,1.68,1.44,1.20,1.74,0,0,0,0,4.86,4.91,4.70,4.82,VMS 3,,Tanque,,2.16,1.86,2.40,2.16,3.25,3.52,2.44,2.25
10/03/2025 08:36 a. m.,Ordeño,06:53,22.60,1,,DD,,,0,,1.62,1.62,1.08,1.80,0,0,0,0,5.46,5.28,5.06,5.64,VMS 3,,Tanque,,2.04,2.04,1.56,2.34,6.78,6.14,2.29,7.39
10/03/2025 04:57 p. m.,Ordeño,06:34,18.71,2,,,,,0,,1.74,1.56,1.08,1.68,0,0,0,0,4.86,4.96,4.94,5.08,VMS 3,,Tanque,,2.40,2.10,1.56,2.04,4.25,6.37,1.85,6.24
11/03/2025 05:45 a. m.,Ordeño,06:30,23.63,1,,,,,0,,1.74,1.68,1.14,1.98,0,0,0,0,4.86,4.82,4.78,4.97,VMS 3,,Tanque,,2.22,2.40,1.50,2.58,4.97,6.84,2.87,8.95
11/03/2025 10:03 a. m.,Ordeño,04:46,10.53,2,,,,,0,,1.68,1.56,0.96,1.74,0,0,0,0,4.85,4.72,4.68,4.91,VMS 3,,Tanque,,2.16,2.22,1.50,2.28,2.97,3.42,0.94,3.20
11/03/2025 02:57 p. m.,Ordeño,04:48,10.42,3,,,,,0,,1.68,1.56,0.96,1.68,0,0,0,0,4.80,4.71,4.69,4.96,VMS 3,,Tanque,,2.04,2.10,1.38,2.16,3.09,3.15,0.98,3.20
12/03/2025 02:36 a. m.,Ordeño,06:56,23.06,1,,DD,,,0,,1.62,1.50,1.02,1.74,0,0,0,0,4.92,4.80,4.82,4.96,VMS 3,,Tanque,,2.10,2.04,1.44,2.10,6.05,6.11,2.74,8.16
12/03/2025 08:14 a. m.,Ordeño,04:49,12.30,2,,,,,0,,1.62,1.62,1.02,1.80,0,0,0,0,4.31,4.30,4.29,4.46,VMS 3,,Tanque,,2.22,2.16,1.50,2.52,3.53,3.89,1.04,3.84
12/03/2025 04:21 p. m.,Ordeño,05:26,14.53,3,,,,,0,,1.56,1.44,1.02,1.56,0,0,0,0,4.50,4.46,4.50,4.56,VMS 3,,Tanque,,2.04,1.92,1.44,2.10,4.14,4.35,1.42,4.62
13/03/2025 01:21 a. m.,Ordeño,06:28,18.40,1,,,,,0,,1.56,1.44,0.96,1.50,0,0,0,0,4.46,4.47,4.42,4.47,VMS 3,,Tanque,,1.98,1.80,1.38,1.92,5.28,5.65,1.85,5.62
13/03/2025 09:40 a. m.,Ordeño,06:14,18.32,2,,,,,0,,1.62,1.56,0.96,1.56,0,0,0,0,4.57,4.60,4.54,4.58,VMS 3,,Tanque,,2.10,1.98,1.32,1.92,5.33,5.61,1.71,5.67
13/03/2025 05:31 p. m.,Ordeño,05:03,11.55,3,,,,,0,,1.50,1.44,0.90,1.44,0,0,0,0,4.50,4.51,4.43,4.51,VMS 3,,Tanque,,2.04,1.86,1.26,1.80,3.45,3.57,1.05,3.48
14/03/2025 03:53 a. m.,Ordeño,06:05,17.96,1,,,,,0,,1.44,1.50,0.96,1.44,0,0,0,0,4.57,4.54,4.48,4.58,VMS 3,,Tanque,,1.92,1.92,1.32,1.80,5.16,5.39,1.73,5.68
14/03/2025 02:02 p. m.,Ordeño,06:53,20.65,2,,,,,0,,1.44,1.50,1.02,1.56,0,0,0,0,4.74,4.76,4.75,4.85,VMS 3,,Tanque,,1.98,1.98,1.38,1.92,5.45,6.56,1.93,6.71
15/03/2025 06:18 a. m.,Ordeño,08:13,26.24,1,,,,,0,,1.44,1.50,1.02,1.62,0,0,0,340,4.54,4.55,4.63,4.71,VMS 3,,Tanque,,1.80,1.98,1.44,2.22,5.67,7.65,3.19,9.73
15/03/2025 02:08 p. m.,Ordeño,05:23,13.83,2,,,,,0,,1.44,1.44,0.96,1.50,0,0,0,0,4.48,4.34,4.50,4.37,VMS 3,,Tanque,,1.92,1.86,1.38,1.92,4.18,3.75,1.42,4.48
16/03/2025 02:19 a. m.,Ordeño,06:57,22.29,1,,,,,0,,1.56,1.56,1.08,1.56,0,0,0,0,4.73,4.60,4.63,4.73,VMS 3,,Tanque,,2.04,2.04,1.56,1.98,6.59,6.00,2.33,7.37
16/03/2025 10:06 a. m.,Ordeño,05:40,16.42,2,,,,,0,,1.56,1.62,1.02,1.56,0,0,0,0,4.39,4.55,4.52,4.57,VMS 3,,Tanque,,2.22,2.04,1.44,1.98,4.60,5.01,1.60,5.21
17/03/2025 02:37 a. m.,Ordeño,06:40,22.80,1,,,,,0,,1.56,1.86,1.08,1.74,0,0,0,0,4.47,4.54,4.71,4.71,VMS 3,,Tanque,,2.04,2.46,1.50,2.28,5.65,6.70,3.13,7.32
17/03/2025 08:07 a. m.,Ordeño,04:48,12.37,2,,,,,0,,1.62,1.68,1.08,1.56,0,0,0,0,4.39,4.35,4.42,4.38,VMS 3,,Tanque,,2.16,2.22,1.50,1.98,3.33,4.01,1.21,3.82
17/03/2025 05:38 p. m.,Ordeño,06:20,19.08,3,,DD,,,0,,1.50,1.56,1.08,1.50,0,0,0,0,4.67,4.59,4.70,4.86,VMS 3,,Tanque,,2.04,2.04,1.50,1.98,5.57,5.66,1.88,5.97
18/03/2025 06:09 a. m.,Ordeño,07:27,23.57,1,,,,,0,,1.50,1.62,1.14,1.80,0,0,0,0,4.54,4.45,4.16,4.67,VMS 3,,Tanque,,2.04,2.10,1.74,2.34,7.37,5.94,2.57,7.69
18/03/2025 03:57 p. m.,Ordeño,05:40,15.98,2,,,,,0,,1.68,1.56,1.20,1.74,0,0,0,0,4.35,4.38,4.44,4.59,VMS 3,,Tanque,,2.16,1.98,1.56,2.16,4.55,4.80,1.60,5.03
19/03/2025 09:37 a. m.,Ordeño,08:14,26.79,1,,,,,0,,1.56,1.56,1.26,1.68,0,0,0,0,4.71,4.69,4.74,4.75,VMS 3,,Tanque,,2.04,1.92,1.68,2.28,7.16,8.83,3.32,7.48
19/03/2025 10:39 p. m.,Ordeño,06:24,14.07,2,,DD,DD,DD,0,,1.62,0.24,1.08,1.50,0,0,0,0,4.57,0.00,4.63,4.60,VMS 3,,Tanque,,2.10,0.48,1.44,1.92,6.04,0.11,1.80,6.12
20/03/2025 10:30 a. m.,Ordeño,07:06,22.70,1,,,,,0,,1.74,1.68,1.20,1.68,0,0,0,0,5.04,4.60,4.85,5.01,VMS 3,,Tanque,,2.22,2.16,1.68,2.22,4.36,7.92,2.55,7.87
20/03/2025 10:14 p. m.,Ordeño,06:00,20.88,2,,,,,0,,1.62,1.80,1.20,1.74,0,0,0,0,4.93,4.58,4.92,4.93,VMS 3,,Tanque,,2.04,2.28,1.56,2.28,5.62,6.15,2.35,6.76
21/03/2025 07:25 a. m.,Ordeño,06:08,20.13,1,,,,,0,,1.62,1.80,1.20,1.74,0,0,0,0,4.96,4.91,4.86,5.17,VMS 3,,Tanque,,2.22,2.28,1.68,2.28,5.01,6.49,2.13,6.50
21/03/2025 06:42 p. m.,Ordeño,06:16,21.48,2,,,,,0,,1.68,1.80,1.14,1.80,0,0,0,0,4.83,4.72,4.76,4.99,VMS 3,,Tanque,,2.58,2.22,1.62,2.52,6.14,6.39,2.16,6.79
22/03/2025 09:18 a. m.,Ordeño,06:30,24.18,1,,DD,,,0,,1.68,1.92,1.44,1.92,0,0,0,0,4.51,4.52,4.74,4.86,VMS 3,,Tanque,,2.16,2.46,1.86,2.34,5.41,7.03,3.08,8.66
22/03/2025 10:57 p. m.,Ordeño,06:21,21.59,2,,,,,0,,1.68,1.80,1.26,1.74,0,0,0,0,4.58,4.44,4.67,4.66,VMS 3,,Tanque,,2.16,2.28,1.62,2.22,6.45,5.86,2.72,6.56
23/03/2025 06:23 a. m.,Ordeño,05:46,18.07,1,,,,,0,,1.86,1.62,1.14,1.74,0,0,0,0,5.10,5.00,4.33,5.13,VMS 3,,Tanque,,2.28,2.04,1.56,2.22,5.31,5.54,1.81,5.41
23/03/2025 03:22 p. m.,Ordeño,06:59,20.63,2,,,,,0,,1.62,1.68,1.20,1.80,0,0,0,0,5.24,5.13,5.01,5.32,VMS 3,,Tanque,,2.16,2.22,1.62,2.16,5.99,6.32,1.95,6.37
24/03/2025 06:06 a. m.,Ordeño,07:12,26.82,1,,,,,0,,1.74,1.68,1.32,1.80,0,0,0,0,4.93,4.93,4.98,5.13,VMS 3,,Tanque,,2.34,2.16,1.74,2.22,6.79,8.04,3.59,8.40
24/03/2025 04:33 p. m.,Ordeño,06:59,24.36,2,,,,,0,,1.56,1.68,1.20,1.80,0,0,0,0,4.90,4.81,4.83,4.89,VMS 3,,Tanque,,2.10,2.22,1.68,2.34,7.03,7.47,2.32,7.54
25/03/2025 02:33 a. m.,Ordeño,06:33,21.34,1,,,,,0,,1.86,1.62,1.26,1.68,0,0,0,0,4.96,4.86,4.87,4.95,VMS 3,,Tanque,,2.64,2.16,1.74,2.16,5.55,6.73,2.10,6.96
25/03/2025 12:09 p. m.,Ordeño,06:47,23.03,2,,,,,0,,1.68,1.62,1.14,1.62,0,0,0,0,5.01,4.99,5.03,5.14,VMS 3,,Tanque,,2.22,2.16,1.56,2.04,6.22,7.18,2.31,7.32
25/03/2025 07:29 p. m.,Ordeño,05:23,15.70,3,,,,,0,,1.68,1.74,1.14,1.62,0,0,0,0,4.67,4.67,4.67,4.75,VMS 3,,Tanque,,2.28,2.34,1.56,2.04,4.60,4.74,1.54,4.82
26/03/2025 09:19 a. m.,Ordeño,07:12,24.59,1,,,,,0,,1.74,1.68,1.20,1.80,0,0,0,0,4.86,4.60,4.89,5.02,VMS 3,,Tanque,,2.40,2.04,1.62,2.28,7.36,5.17,3.23,8.83
26/03/2025 07:55 p. m.,Ordeño,07:27,25.07,2,,,,,0,,1.56,1.74,1.14,1.62,0,0,0,0,4.89,4.94,4.90,4.84,VMS 3,,Tanque,,1.98,2.16,1.50,2.04,7.20,7.77,2.38,7.72
27/03/2025 05:30 a. m.,Ordeño,06:47,23.23,1,,DD,,,0,,1.62,1.56,1.08,1.68,0,0,0,0,4.77,4.94,4.87,4.92,VMS 3,,Tanque,,2.22,2.04,1.50,2.04,6.70,7.11,2.26,7.16
27/03/2025 04:29 p. m.,Ordeño,07:12,25.14,2,,,,,0,,1.62,1.74,1.14,1.68,0,0,0,0,5.13,4.94,4.97,5.13,VMS 3,,Tanque,,2.10,2.28,1.62,2.10,7.40,7.15,2.60,7.99
28/03/2025 03:33 a. m.,Ordeño,06:50,23.60,1,,,,,0,,1.74,1.68,1.14,1.68,0,0,0,0,4.89,4.96,4.90,4.95,VMS 3,,Tanque,,2.34,2.10,1.44,2.10,5.58,7.57,2.63,7.82
28/03/2025 04:23 p. m.,Ordeño,07:51,24.18,2,,,,,0,,1.68,1.56,1.20,1.56,0,0,0,0,4.72,4.62,4.84,4.59,VMS 3,,Tanque,,2.22,1.98,1.56,2.04,6.08,6.22,2.94,8.94
29/03/2025 03:37 a. m.,Ordeño,07:51,25.15,1,,,,,0,,1.62,1.50,0.96,1.62,0,0,0,0,4.90,4.75,4.69,4.69,VMS 3,,Tanque,,2.16,1.92,1.32,2.04,7.11,7.89,2.04,8.11
29/03/2025 07:10 p. m.,Ordeño,06:54,22.46,2,,,,,0,,1.56,1.56,1.20,1.62,0,0,0,0,4.71,4.58,4.97,4.57,VMS 3,,Tanque,,2.04,2.10,1.50,2.10,6.16,5.77,3.71,6.82
30/03/2025 03:03 a. m.,Ordeño,05:58,17.84,1,,,,,0,,1.50,1.56,1.02,1.56,0,0,0,0,4.80,4.73,4.61,4.63,VMS 3,,Tanque,,2.04,1.98,1.38,2.10,5.14,5.42,1.79,5.49
30/03/2025 09:29 p. m.,Ordeño,07:30,27.80,2,,,,,0,,1.62,1.62,1.26,1.86,0,0,0,0,4.51,4.60,4.72,4.73,VMS 3,,Tanque,,2.16,2.04,1.68,2.22,6.04,8.21,4.33,9.22
01/04/2025 09:07 p. m.,Ordeño,06:48,17.56,2,,,,,0,,1.56,1.44,1.02,1.44,0,0,0,0,4.38,4.32,4.40,4.45,VMS 3,,Tanque,,2.04,1.86,1.44,1.92,4.78,5.68,1.86,5.24
02/04/2025 09:34 a. m.,Ordeño,07:05,22.83,1,,,,,0,,1.68,1.68,1.14,1.68,0,0,0,0,4.55,4.59,4.67,4.95,VMS 3,,Tanque,,2.22,2.16,1.62,2.10,5.14,7.54,2.65,7.50
03/04/2025 01:41 a. m.,Ordeño,07:38,27.65,1,,,,,0,,1.68,1.62,1.08,1.74,0,0,0,0,4.75,4.30,4.61,4.63,VMS 3,,Tanque,,2.22,2.22,1.38,2.28,8.52,7.62,3.52,7.99
03/04/2025 02:54 p. m.,Ordeño,07:28,26.04,2,,,,,0,,1.56,1.62,0.96,1.62,0,0,0,0,4.64,4.61,4.63,5.08,VMS 3,,Tanque,,2.04,2.16,1.38,2.04,7.22,7.30,3.07,8.45
04/04/2025 03:56 p. m.,Ordeño,08:08,27.41,1,,,,,0,,1.50,1.44,1.14,1.68,0,0,0,0,4.35,4.26,4.78,4.70,VMS 3,,Tanque,,1.98,2.04,1.62,2.28,8.21,6.02,5.35,7.83
05/04/2025 09:17 a. m.,Ordeño,07:32,26.99,1,,DD,,,0,,1.56,1.68,1.14,1.62,0,0,0,0,4.34,4.58,4.58,4.66,VMS 3,,Tanque,,2.04,2.16,1.50,2.10,6.53,8.95,3.87,7.64
09/04/2025 09:52 a. m.,Ordeño,07:06,25.78,1,,,,,0,,1.62,1.50,1.32,1.80,0,0,0,0,4.54,4.43,4.84,4.82,VMS 3,,Tanque,,2.16,1.98,1.68,2.22,6.57,6.07,5.63,7.51
09/04/2025 10:13 p. m.,Ordeño,08:08,23.79,2,,,,,0,,1.56,1.50,1.02,1.50,0,0,0,0,4.84,4.77,4.56,4.93,VMS 3,,Tanque,,2.10,1.98,1.38,2.04,6.96,7.89,2.64,6.30
10/04/2025 08:23 p. m.,Ordeño,08:47,30.18,1,,,,,0,,1.62,1.50,1.20,1.68,0,0,0,0,4.75,4.56,4.94,4.91,VMS 3,,Tanque,,2.04,2.04,1.62,2.22,7.97,9.44,5.05,7.72
11/04/2025 09:08 a. m.,Ordeño,06:34,22.52,1,,,,,0,,1.74,1.62,1.14,1.68,0,0,0,0,4.76,4.76,4.70,5.07,VMS 3,,Tanque,,2.40,2.04,1.50,2.10,5.91,6.64,2.89,7.08
11/04/2025 08:14 p. m.,Ordeño,06:54,20.70,2,,,,,0,,1.56,1.62,1.08,1.50,0,0,0,0,4.75,4.76,4.76,5.09,VMS 3,,Tanque,,2.04,1.98,1.62,1.86,5.04,7.10,2.39,6.17
12/04/2025 04:02 p. m.,Ordeño,08:11,29.13,1,,,,,0,,1.56,1.62,1.14,1.80,0,0,0,0,4.22,4.59,4.71,4.91,VMS 3,,Tanque,,2.16,2.04,1.56,2.22,5.86,9.04,4.41,9.82
13/04/2025 01:48 p. m.,Ordeño,06:12,17.41,2,,,,,0,,1.68,1.56,0.84,1.50,0,0,0,0,4.75,4.75,4.36,4.82,VMS 3,,Tanque,,2.22,2.04,1.26,1.92,5.00,5.73,1.81,4.87
13/04/2025 10:38 p. m.,Ordeño,05:46,15.95,3,,,,,0,,1.44,1.50,0.96,1.44,0,0,0,0,4.65,4.63,4.54,4.82,VMS 3,,Tanque,,1.86,1.98,1.38,1.92,4.67,4.69,1.85,4.74
14/04/2025 07:47 a. m.,Ordeño,06:08,19.68,1,,,,,0,,1.56,1.74,0.96,1.50,0,0,0,0,5.08,5.03,4.83,5.16,VMS 3,,Tanque,,2.10,2.16,1.32,1.92,5.53,6.46,2.08,5.61
15/04/2025 03:59 a. m.,Ordeño,07:07,25.73,1,,,,,0,,1.68,1.68,1.08,1.80,0,0,0,0,4.62,4.44,4.79,4.97,VMS 3,,Tanque,,2.28,2.16,1.50,2.28,6.33,5.58,4.97,8.85
15/04/2025 05:29 p. m.,Ordeño,08:06,26.27,2,,,,,0,,1.80,1.44,1.14,1.68,0,0,0,0,4.76,4.74,4.73,4.94,VMS 3,,Tanque,,2.46,2.04,1.56,2.28,6.86,7.90,3.25,8.26
16/04/2025 06:53 a. m.,Ordeño,06:33,22.84,1,,,,,0,,1.68,1.56,1.14,1.86,0,0,0,0,4.51,4.55,4.63,4.86,VMS 3,,Tanque,,2.10,1.98,1.50,2.40,5.47,5.88,3.14,8.35
17/04/2025 02:37 a. m.,Ordeño,08:12,30.26,1,,,,,0,,1.86,1.68,1.32,2.04,0,0,0,0,4.54,4.54,4.59,4.68,VMS 3,,Tanque,,2.34,2.10,1.68,2.64,7.00,9.61,4.60,9.05
18/04/2025 11:22 p. m.,Ordeño,08:01,33.21,1,,,,,0,,1.62,1.68,1.14,1.74,0,0,0,0,4.27,4.20,4.54,4.54,VMS 3,,Tanque,,2.16,2.16,1.56,2.16,8.67,8.59,5.71,10.24
19/04/2025 03:20 p. m.,Ordeño,07:52,24.86,1,,,,,0,,1.56,1.62,1.14,1.68,0,0,0,0,4.22,4.39,4.53,4.75,VMS 3,,Tanque,,2.16,2.04,1.62,2.16,5.14,8.63,3.33,7.76
22/04/2025 11:09 a. m.,Ordeño,06:40,17.60,2,,,,,0,,1.68,1.56,1.08,1.62,0,0,0,0,4.56,4.71,4.47,4.76,VMS 3,,Tanque,,2.04,1.98,1.50,2.04,4.67,6.14,1.85,4.94
23/04/2025 04:36 p. m.,Ordeño,08:28,29.54,1,,DD,,,0,,1.68,1.56,1.44,1.86,0,0,0,0,4.19,4.42,4.80,4.61,VMS 3,,Tanque,,2.28,2.04,1.92,2.58,6.01,9.71,5.26,8.56
23/04/2025 11:57 p. m.,Ordeño,05:41,13.45,1,,,,,0,,1.56,1.44,1.02,1.50,0,0,0,0,4.53,4.47,4.35,4.61,VMS 3,,Tanque,,1.98,1.98,1.38,1.98,4.03,4.72,1.38,3.32
24/04/2025 02:39 p. m.,Ordeño,09:11,25.78,2,,,,,0,,1.68,1.50,1.14,1.74,0,0,0,0,4.71,4.75,4.84,5.20,VMS 3,,Tanque,,2.40,1.92,1.50,2.16,6.61,8.67,3.22,7.28
30/04/2025 08:36 a. m.,Ordeño,06:19,18.11,1,,DD,,,0,,1.62,1.50,1.14,1.74,0,0,0,0,4.75,4.58,4.66,4.90,VMS 3,,Tanque,,2.10,2.10,1.50,2.22,5.02,6.10,1.99,5.00
30/04/2025 11:24 p. m.,Ordeño,07:51,26.30,2,,,,,0,,1.68,1.62,1.08,1.62,0,0,0,0,4.70,4.73,4.82,5.04,VMS 3,,Tanque,,2.10,2.16,1.44,2.22,6.91,8.54,3.23,7.62
01/05/2025 07:59 a. m.,Ordeño,06:00,17.64,1,,,,,0,,1.62,1.56,1.08,1.62,0,0,0,0,4.72,4.77,4.68,4.66,VMS 3,,Tanque,,1.98,1.92,1.62,2.22,5.24,5.46,1.98,4.96
01/05/2025 08:10 p. m.,Ordeño,07:32,22.84,2,,,,,0,,1.62,1.50,1.20,1.62,0,0,0,0,4.58,4.51,4.68,4.78,VMS 3,,Tanque,,1.98,2.28,1.56,2.16,6.03,7.67,2.70,6.44
02/05/2025 05:19 p. m.,Ordeño,07:08,27.10,1,,DD,,,0,,1.62,1.50,1.20,1.86,0,0,0,0,4.33,4.37,4.68,4.78,VMS 3,,Tanque,,2.04,1.86,1.74,2.46,5.89,7.19,4.87,9.15
03/05/2025 06:29 a. m.,Ordeño,07:27,21.66,1,,,,,0,,1.74,1.50,1.26,1.74,0,0,0,0,4.44,4.49,4.60,4.69,VMS 3,,Tanque,,2.28,2.04,1.68,2.22,4.91,7.36,2.72,6.67
03/05/2025 11:00 p. m.,Ordeño,07:40,25.92,2,,,,,0,,1.86,1.68,1.26,1.80,0,0,0,0,4.43,4.57,4.68,4.94,VMS 3,,Tanque,,2.46,2.16,1.74,2.22,5.13,8.50,3.71,8.58
04/05/2025 08:56 a. m.,Ordeño,06:06,18.94,1,,,,,0,,1.62,1.56,1.20,1.80,0,0,0,0,4.73,4.58,4.61,4.84,VMS 3,,Tanque,,2.16,2.16,1.62,2.28,5.74,5.44,2.23,5.53
04/05/2025 05:06 p. m.,Ordeño,06:09,14.57,2,,,,,0,,1.62,1.44,1.14,1.68,0,0,0,0,4.60,4.60,4.56,4.59,VMS 3,,Tanque,,2.04,1.98,1.62,2.16,4.14,4.78,1.71,3.94
10/05/2025 07:22 p. m.,Ordeño,07:00,16.13,2,,DI,,,0,,1.50,1.14,1.14,1.50,0,0,0,0,4.97,5.04,4.60,4.75,VMS 3,,Drenaje,,2.46,1.62,1.68,2.04,4.03,2.22,2.91,6.97
11/05/2025 09:01 a. m.,Ordeño,06:38,18.34,1,,,,,0,,1.68,1.14,1.32,1.68,0,0,0,0,4.22,5.11,4.74,4.89,VMS 3,,Drenaje,,2.10,1.50,1.68,2.46,5.02,2.75,3.17,7.40
11/05/2025 08:02 p. m.,Ordeño,06:28,16.44,2,,,,,0,,1.68,1.08,1.26,1.56,0,0,0,0,4.82,4.83,4.55,4.83,VMS 3,,Drenaje,,2.22,1.50,1.74,1.92,6.02,1.98,2.39,6.05
12/05/2025 06:40 a. m.,Ordeño,05:46,15.79,1,,,,,0,,1.86,1.26,1.32,1.74,0,0,0,0,4.68,4.83,4.77,4.95,VMS 3,,Drenaje,,2.64,1.74,1.80,2.28,4.65,2.56,2.52,6.06
12/05/2025 04:59 p. m.,Ordeño,06:08,16.24,2,,,,,0,,1.68,1.20,1.20,1.62,0,0,0,0,4.94,4.73,4.78,5.05,VMS 3,,Drenaje,,2.40,1.56,1.62,2.16,5.90,2.23,2.38,5.73
13/05/2025 03:47 a. m.,Ordeño,06:10,17.45,1,,,,,0,,1.86,1.20,1.26,1.56,0,0,0,0,4.88,4.83,4.81,5.04,VMS 3,,Drenaje,,2.58,1.68,1.68,2.10,6.06,2.69,2.49,6.21
13/05/2025 09:17 a. m.,Ordeño,04:29,9.21,2,,,,,0,,1.74,1.08,1.20,1.50,0,0,0,0,4.68,4.64,4.48,4.62,VMS 3,,Drenaje,,2.22,1.56,1.62,1.92,3.37,1.39,1.22,3.23
13/05/2025 06:33 p. m.,Ordeño,05:46,15.46,3,,,,,0,,1.68,1.20,1.20,1.50,0,0,0,0,4.96,4.91,4.78,5.05,VMS 3,,Drenaje,,2.64,1.68,1.68,1.98,5.19,2.66,2.14,5.47
14/05/2025 03:25 a. m.,Ordeño,05:46,14.74,1,,,,,0,,1.62,1.08,1.14,1.44,0,0,0,0,4.89,4.75,4.79,4.93,VMS 3,,Drenaje,,2.10,1.50,1.56,1.86,5.30,2.18,1.99,5.27
14/05/2025 04:31 p. m.,Ordeño,07:19,21.15,2,,,,,0,,1.68,1.14,1.14,1.50,0,0,0,0,4.76,5.01,4.80,4.86,VMS 3,,Drenaje,,2.28,1.62,1.56,1.92,6.57,3.99,3.13,7.46
15/05/2025 05:24 a. m.,Ordeño,07:02,19.19,1,,,,,0,,1.68,1.14,1.08,1.50,0,0,0,0,4.43,4.80,4.47,4.65,VMS 3,,Drenaje,,2.16,1.56,1.44,1.98,5.35,3.81,2.90,7.13
15/05/2025 03:14 p. m.,Ordeño,05:43,14.55,2,,DI,,,0,,1.80,1.14,1.08,1.50,0,0,0,0,4.47,4.72,4.56,4.54,VMS 3,,Drenaje,,2.34,1.74,1.44,1.92,4.07,3.00,2.12,5.36
15/05/2025 11:16 p. m.,Ordeño,05:38,13.68,3,,,,,0,,1.56,1.08,0.96,1.38,0,0,0,0,4.47,4.75,4.30,4.50,VMS 3,,Drenaje,,2.10,1.50,1.26,1.74,5.10,2.34,1.76,4.48
16/05/2025 08:38 a. m.,Ordeño,06:03,15.82,1,,,,,0,,1.62,1.26,1.08,1.44,0,0,0,0,4.62,5.03,4.61,4.64,VMS 3,,Drenaje,,2.22,1.98,1.44,1.92,5.49,3.25,2.03,5.05
16/05/2025 08:01 p. m.,Ordeño,06:25,17.59,2,,,,,0,,1.62,1.08,1.02,1.38,0,0,0,0,4.47,4.82,4.60,4.60,VMS 3,,Drenaje,,2.58,1.50,1.38,1.86,6.02,3.35,2.39,5.83
17/05/2025 03:41 a. m.,Ordeño,05:26,13.22,1,,,,,0,,1.62,1.08,1.08,1.38,0,0,0,0,4.56,4.72,4.49,4.52,VMS 3,,Drenaje,,2.10,1.56,1.44,1.74,4.45,2.68,1.73,4.36
17/05/2025 09:26 a. m.,Ordeño,04:36,9.76,2,,,,,0,,1.62,1.08,1.02,1.38,0,0,0,0,4.65,4.72,4.59,4.60,VMS 3,,Drenaje,,2.16,1.44,1.32,1.98,3.38,2.11,1.33,2.94
17/05/2025 05:01 p. m.,Ordeño,05:04,12.08,3,,,,,0,,1.68,1.08,1.02,1.38,0,0,0,0,4.82,5.05,4.69,4.80,VMS 3,,Drenaje,,2.22,1.50,1.32,1.68,3.93,2.59,1.63,3.93
18/05/2025 02:57 a. m.,Ordeño,06:07,16.82,1,,,,,0,,1.62,1.08,1.14,1.38,0,0,0,0,4.75,4.92,4.78,4.78,VMS 3,,Drenaje,,2.04,1.62,1.62,1.80,5.44,3.61,2.22,5.55
18/05/2025 08:38 a. m.,Ordeño,04:28,9.68,2,,,,,0,,1.62,1.20,1.08,1.44,0,0,0,0,4.59,4.73,4.60,4.57,VMS 3,,Drenaje,,2.10,1.62,1.50,1.80,3.20,2.13,1.21,3.14
19/05/2025 03:10 a. m.,Ordeño,07:53,28.11,1,,,,,0,"DD,TD",2.22,1.26,1.32,1.80,0,0,0,0,3.77,5.11,4.74,4.93,VMS 3,,Drenaje,,4.50,1.62,1.80,2.52,8.79,6.67,3.97,8.68
19/05/2025 04:45 p. m.,Ordeño,06:19,19.97,2,,,,,0,,1.74,1.26,1.26,1.56,0,0,0,0,4.46,4.80,4.67,4.57,VMS 3,,Drenaje,,2.28,1.62,1.86,2.10,6.50,4.34,2.75,6.38
20/05/2025 04:01 a. m.,Ordeño,05:47,16.26,1,,,,,0,,1.68,1.20,1.20,1.56,0,0,0,0,4.25,4.86,4.60,4.64,VMS 3,,Drenaje,,2.16,1.62,1.74,1.98,4.34,3.90,2.25,5.77
20/05/2025 02:57 p. m.,Ordeño,05:43,16.54,2,,,,,0,,1.68,1.20,1.26,1.50,0,0,0,0,4.45,4.94,4.67,4.69,VMS 3,,Drenaje,,2.16,1.68,1.74,1.98,5.13,3.79,2.27,5.35
21/05/2025 06:43 a. m.,Ordeño,06:55,23.51,1,,,,,0,,1.98,1.32,1.32,1.74,0,0,0,0,4.54,4.98,4.69,4.82,VMS 3,,Drenaje,,2.64,1.68,1.74,2.28,6.88,5.56,3.24,7.83
22/05/2025 10:09 a. m.,Ordeño,04:32,10.21,2,,,,,0,,1.62,1.14,1.08,1.44,0,0,0,0,4.67,4.79,4.50,4.80,VMS 3,,Tanque,,2.04,1.68,1.50,1.80,3.43,2.31,1.33,3.14
23/05/2025 02:55 a. m.,Ordeño,06:05,20.73,1,,,,,0,,1.98,1.38,1.44,1.98,0,0,0,0,4.59,5.08,4.92,5.19,VMS 3,,Tanque,,2.64,1.80,1.86,2.64,4.58,4.34,3.84,7.97
23/05/2025 10:27 a. m.,Ordeño,04:57,12.84,2,,,,,0,,1.80,1.20,1.26,1.62,0,0,0,0,4.73,5.00,4.66,4.97,VMS 3,,Tanque,,2.28,1.62,1.62,2.22,4.18,3.06,1.67,3.93
24/05/2025 01:16 a. m.,Ordeño,07:04,22.47,1,,,,,0,,1.86,1.32,1.38,1.62,0,0,0,0,4.79,5.01,4.90,5.13,VMS 3,,Tanque,,2.52,1.68,1.74,2.04,6.00,5.63,3.27,7.57
24/05/2025 04:27 p. m.,Ordeño,07:00,23.24,2,,,,,0,,1.86,1.38,1.38,1.74,0,0,0,0,4.86,5.21,5.06,5.23,VMS 3,,Tanque,,2.46,1.80,1.80,2.28,5.65,5.94,3.46,8.19
25/05/2025 12:27 a. m.,Ordeño,05:08,13.74,1,,,,,0,,1.74,1.26,1.14,1.44,0,0,0,0,4.84,4.79,4.84,4.97,VMS 3,,Tanque,,2.10,1.68,1.62,1.92,4.60,3.07,1.75,4.32
25/05/2025 12:28 p. m.,Ordeño,06:27,18.01,2,,,,,0,,1.80,1.26,1.32,1.68,0,0,0,0,4.50,4.86,4.72,4.88,VMS 3,,Tanque,,2.22,1.62,1.80,2.10,4.07,4.92,2.74,6.28
25/05/2025 09:50 p. m.,Ordeño,05:37,15.65,3,,,,,0,,1.74,1.44,1.26,1.56,0,0,0,0,4.83,4.85,4.78,4.97,VMS 3,,Tanque,,2.64,1.80,1.86,1.98,5.20,3.58,2.04,4.83
26/05/2025 06:02 a. m.,Ordeño,05:12,15.01,1,,,,,0,,1.98,1.32,1.14,1.56,0,0,0,0,4.80,4.99,4.90,5.14,VMS 3,,Tanque,,2.52,1.92,1.50,1.92,4.93,3.70,1.80,4.58
26/05/2025 09:39 p. m.,Ordeño,07:15,23.12,2,,,,,0,,1.98,1.38,1.32,1.62,0,0,0,0,4.50,4.77,4.66,4.84,VMS 3,,Tanque,,2.34,1.86,1.74,2.10,6.30,5.07,3.70,8.05
27/05/2025 11:11 a. m.,Ordeño,06:37,21.04,1,,,,,0,,1.86,1.32,1.32,1.62,0,0,0,0,4.51,4.53,4.59,4.65,VMS 3,,Tanque,,2.28,1.86,1.74,2.04,6.48,4.36,3.01,7.19
27/05/2025 09:40 p. m.,Ordeño,05:49,16.61,2,,,,,0,,1.86,1.26,1.20,1.44,0,0,0,0,4.46,4.54,4.54,4.69,VMS 3,,Tanque,,2.34,1.86,1.56,1.86,5.91,3.09,2.24,5.37
28/05/2025 08:48 a. m.,Ordeño,05:53,18.27,1,,,,,0,,1.92,1.44,1.32,1.62,0,0,0,0,4.49,4.76,4.67,4.85,VMS 3,,Tanque,,2.34,2.10,1.74,2.28,4.98,4.80,2.44,6.05
28/05/2025 04:51 p. m.,Ordeño,05:05,13.58,2,,,,,0,,1.80,1.50,1.14,1.56,0,0,0,0,4.54,4.76,4.55,4.78,VMS 3,,Tanque,,2.22,1.92,1.50,2.10,4.50,3.29,1.82,3.97
29/05/2025 03:04 a. m.,Ordeño,05:20,15.14,1,,,,,0,,1.68,1.38,1.20,1.68,0,0,0,0,4.50,4.57,4.54,4.61,VMS 3,,Tanque,,2.16,1.86,1.80,2.16,3.81,3.71,2.24,5.38
29/05/2025 12:53 p. m.,Ordeño,05:34,11.60,2,,,DI,DI,0,,0.00,1.50,1.14,1.56,0,0,0,0,0.00,4.70,4.64,4.73,VMS 3,,Tanque,,0.00,1.92,1.56,1.98,0.00,3.87,2.17,5.56
30/05/2025 03:06 a. m.,Ordeño,06:28,22.75,1,,,,,0,,1.56,1.68,1.32,1.92,0,0,0,0,4.21,4.92,4.72,4.58,VMS 3,,Tanque,,1.98,2.10,1.68,2.52,6.22,5.84,3.21,7.48
30/05/2025 05:15 p. m.,Ordeño,06:45,22.83,2,,DD,,,0,,1.74,1.26,1.32,1.62,0,0,0,0,4.50,4.67,4.66,4.65,VMS 3,,Tanque,,2.28,1.92,1.80,1.98,6.38,5.80,3.23,7.42
31/05/2025 11:31 a. m.,Ordeño,07:08,26.44,1,,,,,0,,1.62,1.56,1.26,1.86,0,0,0,0,4.46,4.66,4.64,4.33,VMS 3,,Tanque,,2.04,1.98,1.62,2.52,7.09,6.59,3.99,8.77
31/05/2025 10:50 p. m.,Ordeño,05:50,16.22,2,,,,,0,,1.68,1.32,1.26,1.56,0,0,0,0,4.43,4.40,4.61,4.58,VMS 3,,Tanque,,2.16,1.80,1.74,1.98,4.84,3.20,2.42,5.76
01/06/2025 10:01 a. m.,Ordeño,06:37,18.89,1,,,,,0,,1.56,1.38,1.20,1.68,0,0,0,0,4.91,4.94,4.87,4.91,VMS 3,,Tanque,,2.16,1.74,1.62,2.04,6.36,3.95,2.58,6.00
02/06/2025 02:45 a. m.,Ordeño,06:52,23.39,1,,,,,0,,1.74,1.50,1.38,1.80,0,0,0,0,4.47,4.89,4.81,4.86,VMS 3,,Tanque,,2.28,1.86,1.80,2.34,4.88,6.15,3.77,8.59
05/06/2025 03:35 p. m.,Ordeño,07:22,27.05,1,,,,,0,,1.62,1.62,1.32,1.74,0,0,0,0,4.55,4.73,5.14,5.14,VMS 3,,Tanque,,2.16,2.10,1.80,2.28,7.78,5.34,6.10,7.83
06/06/2025 03:26 a. m.,Ordeño,06:30,17.24,1,,,,,0,,1.68,1.56,1.20,1.74,0,0,0,0,4.98,4.68,4.94,5.30,VMS 3,,Tanque,,2.40,1.98,1.74,2.22,6.66,2.31,2.65,5.62
08/06/2025 08:53 a. m.,Ordeño,07:02,27.44,1,,,,,0,TI,1.56,1.62,1.56,2.04,0,0,0,0,4.05,4.80,5.14,4.84,VMS 3,,Tanque,,1.92,2.04,1.92,2.76,4.58,7.68,5.91,9.27
09/06/2025 12:40 p. m.,Ordeño,07:39,24.04,1,,,,,0,TI,1.44,1.56,1.62,1.98,0,0,0,0,4.15,4.64,5.12,4.85,VMS 3,,Tanque,,1.86,2.04,2.10,2.64,4.41,5.61,5.53,8.49
11/06/2025 06:37 a. m.,Ordeño,06:53,23.36,1,,,,,0,,1.50,1.44,1.26,1.80,0,0,0,0,4.16,4.57,4.96,4.87,VMS 3,,Tanque,,1.92,1.92,1.80,2.34,4.84,4.88,5.29,8.35
12/06/2025 08:54 a. m.,Ordeño,06:42,25.36,1,,,,,0,,1.68,1.56,1.38,1.80,0,0,0,0,4.40,4.68,4.96,4.99,VMS 3,,Tanque,,2.10,1.98,1.80,2.28,6.92,5.07,5.41,7.96
12/06/2025 03:17 p. m.,Ordeño,04:45,8.25,2,,,,,0,,1.50,1.32,1.02,1.50,0,0,0,0,4.58,4.69,4.63,5.00,VMS 3,,Tanque,,1.98,1.74,1.44,1.92,3.14,1.65,1.07,2.39
13/06/2025 06:11 a. m.,Ordeño,05:17,18.43,1,,,,,0,,1.80,1.74,1.50,2.10,0,0,0,0,4.51,5.15,5.20,5.11,VMS 3,,Tanque,,2.22,2.34,1.98,2.64,3.69,5.10,3.25,6.39
13/06/2025 03:11 p. m.,Ordeño,05:27,13.64,2,,,,,0,,1.62,1.56,1.20,1.74,0,0,0,0,4.76,4.97,5.04,4.86,VMS 3,,Tanque,,2.22,2.10,1.68,2.34,4.50,3.32,1.82,4.00
17/06/2025 01:19 a. m.,Ordeño,06:53,22.46,1,,,,,0,,1.56,1.62,1.38,2.04,0,0,0,0,4.39,5.02,4.94,4.47,VMS 3,,Tanque,,2.16,2.10,1.86,2.46,6.94,3.10,4.97,7.45
17/06/2025 09:58 a. m.,Ordeño,05:23,13.08,2,,,,,0,DD,1.62,1.50,1.02,1.62,0,0,0,0,4.59,5.51,4.57,4.75,VMS 3,,Tanque,,2.10,1.98,1.38,2.10,4.78,3.02,1.87,3.41
19/06/2025 02:34 p. m.,Ordeño,07:17,28.00,1,,,,,0,,1.68,1.74,1.44,1.98,0,0,0,0,4.55,5.15,5.03,4.57,VMS 3,,Tanque,,2.28,2.22,1.80,2.52,7.73,6.36,5.93,7.98
20/06/2025 08:15 a. m.,Ordeño,06:16,21.46,1,,,,,0,,1.86,1.56,1.38,1.92,0,0,0,0,4.76,4.87,5.02,4.86,VMS 3,,Tanque,,2.34,2.04,1.80,2.46,7.02,3.31,3.87,7.26
22/06/2025 05:27 p. m.,Ordeño,07:39,29.27,1,,,,,0,,1.86,1.68,1.38,1.92,301,0,0,0,4.38,4.66,4.56,4.70,VMS 3,,Tanque,,2.52,2.22,1.80,2.34,9.47,4.84,6.78,8.18
24/06/2025 09:05 a. m.,Ordeño,05:54,14.18,1,,,,,0,,1.20,1.56,1.14,1.68,0,0,0,0,4.93,4.77,4.59,4.81,VMS 3,,Tanque,,2.16,2.10,1.56,2.16,2.05,4.45,2.71,4.97
24/06/2025 05:10 p. m.,Ordeño,04:30,8.23,2,,,DI,,0,,1.44,1.68,1.62,1.20,328,0,0,0,5.39,4.77,5.17,4.97,VMS 3,,Tanque,,2.04,2.22,2.04,1.62,1.63,2.07,2.87,1.66
25/06/2025 03:32 a. m.,Ordeño,04:57,13.14,1,,,,,0,DI,1.68,1.62,1.26,1.56,0,0,0,0,6.06,5.06,5.16,5.30,VMS 3,,Tanque,,2.22,2.16,1.68,2.04,2.46,3.88,2.20,4.60
28/06/2025 10:15 a. m.,Ordeño,07:14,24.68,1,,,,,0,,1.74,1.56,1.32,1.44,0,0,0,0,4.78,4.83,4.96,4.86,VMS 3,,Tanque,,2.34,2.04,1.74,1.92,5.92,5.87,5.66,7.23
29/06/2025 04:05 a. m.,Ordeño,07:08,21.80,1,,,,,0,,1.56,1.56,1.20,1.74,0,0,0,0,5.13,4.74,4.54,4.95,VMS 3,,Tanque,,1.98,1.98,1.74,2.22,7.18,4.12,3.81,6.69
30/06/2025 06:20 p. m.,Ordeño,06:10,20.24,2,,,,,0,,1.68,1.56,1.14,1.50,0,0,0,0,4.95,4.72,4.81,4.96,VMS 3,,Tanque,,2.04,1.92,1.56,1.92,5.91,5.30,3.02,6.01
01/07/2025 04:14 a. m.,Ordeño,05:33,14.68,1,,,,,0,,1.68,1.56,1.08,1.50,0,0,0,0,5.03,4.71,4.87,5.02,VMS 3,,Tanque,,2.10,1.92,1.50,2.10,4.83,3.07,2.15,4.63
02/07/2025 01:49 a. m.,Ordeño,07:18,26.47,1,,,,,0,,1.56,1.68,1.32,1.68,0,0,0,0,4.78,4.78,4.71,4.96,VMS 3,,Tanque,,2.46,2.16,1.68,2.22,7.08,6.43,4.37,8.59
02/07/2025 01:09 p. m.,Ordeño,05:21,14.28,2,,DI,,,0,,1.62,1.44,1.08,1.44,0,0,0,0,4.72,4.58,4.64,4.62,VMS 3,,Tanque,,2.34,2.16,1.50,1.86,4.11,3.40,2.22,4.55
02/07/2025 10:40 p. m.,Ordeño,04:49,11.58,3,,,,,0,,1.62,1.62,1.20,1.56,0,0,0,0,4.70,4.64,4.64,4.71,VMS 3,,Tanque,,2.04,2.04,1.56,1.98,3.14,3.10,1.41,3.93
03/07/2025 10:55 p. m.,Ordeño,07:31,21.62,1,,,,,0,,1.56,1.56,1.20,1.62,0,0,0,0,4.18,4.53,4.65,4.66,VMS 3,,Tanque,,2.04,2.04,1.62,2.28,4.72,5.56,2.88,8.46
04/07/2025 07:37 a. m.,Ordeño,05:11,11.86,1,,,,,0,,1.44,1.62,1.02,1.50,0,0,0,0,4.64,4.52,4.64,4.49,VMS 3,,Tanque,,1.80,2.16,1.38,1.92,3.96,2.56,1.68,3.66
05/07/2025 02:42 a. m.,Ordeño,07:06,22.59,1,,,,,0,,1.68,1.56,1.08,1.50,0,0,0,0,4.70,4.69,4.90,4.87,VMS 3,,Tanque,,2.10,1.98,1.62,1.98,5.71,5.29,3.95,7.64
05/07/2025 01:31 p. m.,Ordeño,05:38,14.61,2,,,,,0,,1.62,1.44,1.08,1.50,0,0,0,0,4.40,4.56,4.67,4.52,VMS 3,,Tanque,,2.04,1.86,1.50,1.98,4.94,3.50,1.97,4.20
06/07/2025 06:01 a. m.,Ordeño,06:27,19.69,1,,,,,0,,1.86,1.50,1.20,1.68,0,0,0,0,4.41,4.40,4.79,4.62,VMS 3,,Tanque,,2.40,1.98,1.62,2.16,6.30,2.74,3.45,7.20
07/07/2025 09:57 a. m.,Ordeño,05:38,13.81,2,,,,,0,,1.68,1.44,1.02,1.62,0,0,0,0,4.47,4.45,4.51,4.25,VMS 3,,Tanque,,2.22,1.86,1.38,2.10,5.17,2.84,1.79,4.01
07/07/2025 11:24 p. m.,Ordeño,05:53,19.63,3,,,,,0,,2.04,1.38,1.08,1.68,0,0,0,0,4.56,4.58,4.73,4.49,VMS 3,,Tanque,,2.58,1.86,1.44,2.16,6.61,4.66,2.68,5.68
08/07/2025 09:36 a. m.,Ordeño,05:50,16.54,1,,,,,0,,1.86,1.38,1.32,1.50,0,0,0,0,4.55,4.53,3.72,4.55,VMS 3,,Tanque,,2.46,1.86,2.40,1.92,5.97,3.07,2.86,4.64
08/07/2025 10:57 p. m.,Ordeño,06:25,19.45,2,,,,,0,,1.80,1.44,1.20,1.62,0,0,0,0,4.56,4.66,4.59,4.41,VMS 3,,Tanque,,2.34,2.04,1.56,2.28,7.01,3.98,2.70,5.76
09/07/2025 10:16 a. m.,Ordeño,05:31,15.64,1,,,,,0,,1.92,1.44,1.14,1.62,0,0,0,0,4.42,4.46,4.59,4.42,VMS 3,,Tanque,,2.52,1.92,1.56,2.10,5.46,2.70,2.34,5.14
10/07/2025 12:59 a. m.,Ordeño,06:22,20.53,1,,,,,0,,1.92,1.56,1.20,1.62,0,0,0,0,4.31,4.67,4.57,4.34,VMS 3,,Tanque,,2.40,1.92,1.56,2.10,5.76,5.28,3.06,6.43
10/07/2025 11:16 a. m.,Ordeño,05:16,15.97,2,,DI,,,0,,1.98,1.38,1.02,1.50,0,0,0,0,4.64,4.72,4.57,4.69,VMS 3,,Tanque,,2.52,1.86,1.50,1.92,5.49,3.75,2.07,4.66
11/07/2025 06:24 a. m.,Ordeño,07:16,23.63,1,,DI,,,0,TI,1.86,1.50,1.98,1.62,0,0,0,0,4.33,4.37,5.01,4.72,VMS 3,,Tanque,,2.52,1.86,0.22,2.28,5.90,3.75,5.49,8.49
12/07/2025 07:01 a. m.,Ordeño,06:49,20.40,1,,,DD,,0,TI,1.74,1.50,1.62,1.74,0,0,320,0,4.22,4.24,5.03,4.39,VMS 3,,Tanque,,2.34,2.04,3.90,2.22,6.48,2.52,5.91,5.49
13/07/2025 07:10 a. m.,Ordeño,06:28,17.56,1,,,DD,,0,TD,1.68,1.32,1.32,1.74,0,0,0,0,4.14,3.95,4.16,4.70,VMS 3,,Tanque,,2.28,1.74,1.68,2.10,6.31,1.83,3.91,5.51
13/07/2025 05:28 p. m.,Ordeño,04:53,12.61,2,,,,,0,TD,1.62,1.50,1.26,1.50,0,0,0,0,4.09,4.59,4.31,5.24,VMS 3,,Tanque,,2.16,1.98,1.56,1.92,3.77,3.24,1.89,3.71
16/07/2025 08:22 a. m.,Ordeño,04:21,9.22,2,,,,,0,,1.44,1.38,1.14,1.38,0,0,0,0,4.29,4.46,4.34,4.60,VMS 3,,Tanque,,1.86,1.80,1.56,1.68,2.69,2.35,1.42,2.76
16/07/2025 09:45 p. m.,Ordeño,06:12,18.43,3,,,,,0,,1.62,1.50,1.20,1.56,0,0,0,0,4.76,4.78,4.76,4.87,VMS 3,,Tanque,,2.16,2.10,1.56,1.98,5.88,4.42,2.73,5.40
17/07/2025 07:38 a. m.,Ordeño,05:00,13.29,1,,,,,0,,1.50,1.38,1.20,1.68,0,0,0,0,4.61,4.69,4.85,4.80,VMS 3,,Tanque,,1.92,1.98,1.56,2.28,3.35,3.69,1.95,4.30
17/07/2025 06:48 p. m.,Ordeño,06:00,15.43,2,,,,,0,,1.50,1.44,1.14,1.32,0,0,0,0,4.79,4.73,4.66,4.72,VMS 3,,Tanque,,1.98,1.98,1.50,1.68,4.80,3.78,2.23,4.62
18/07/2025 02:55 a. m.,Ordeño,04:45,11.49,1,,,,,0,,1.62,1.32,1.20,1.32,0,0,0,0,4.52,4.71,4.66,4.67,VMS 3,,Tanque,,1.98,1.74,1.56,1.74,3.26,2.98,1.76,3.49
18/07/2025 11:09 a. m.,Ordeño,04:48,11.98,2,,,,,0,,1.56,1.26,1.14,1.50,0,0,0,0,4.66,4.71,4.14,4.58,VMS 3,,Tanque,,1.98,1.92,1.74,1.92,3.59,2.89,2.08,3.42
19/07/2025 06:21 a. m.,Ordeño,05:51,17.29,1,,,DD,,0,,1.68,1.50,1.32,1.62,0,0,0,0,4.38,4.18,4.68,4.37,VMS 3,,Tanque,,2.22,1.98,1.68,2.22,5.57,2.60,4.06,5.06
19/07/2025 11:47 a. m.,Ordeño,04:24,6.90,2,,,,,0,,1.50,1.38,0.96,1.38,0,0,0,0,4.24,4.31,4.12,4.15,VMS 3,,Tanque,,1.92,1.80,1.50,1.86,2.48,1.56,0.96,1.90
20/07/2025 01:38 a. m.,Ordeño,06:05,17.11,1,,,,,0,,1.62,1.44,1.32,1.44,0,0,0,0,4.66,4.66,4.74,4.84,VMS 3,,Tanque,,2.10,1.98,1.68,1.86,4.61,3.73,2.91,5.86
21/07/2025 02:43 a. m.,Ordeño,06:48,18.46,1,,,,,0,TI,1.50,1.50,1.38,1.50,0,0,0,0,4.09,4.31,4.88,4.74,VMS 3,,Tanque,,1.98,2.10,1.80,1.86,3.89,3.47,5.07,6.03
21/07/2025 02:49 p. m.,Ordeño,05:50,16.45,2,,,,,0,,1.74,1.32,1.20,1.26,0,0,0,0,4.58,4.54,4.56,4.68,VMS 3,,Tanque,,2.28,1.86,1.56,1.62,5.57,3.93,2.36,4.59
23/07/2025 12:13 a. m.,Ordeño,05:15,13.49,1,,,,,0,,1.74,1.32,1.20,1.44,0,0,0,0,4.53,4.50,4.57,4.76,VMS 3,,Tanque,,2.28,1.80,1.56,1.80,4.70,3.14,1.79,3.86
23/07/2025 01:18 p. m.,Ordeño,05:48,18.01,2,,,,,0,,1.68,1.44,1.26,1.50,0,0,0,0,4.45,4.56,4.71,4.84,VMS 3,,Tanque,,2.22,1.92,1.68,1.98,5.36,4.41,2.71,5.53
24/07/2025 03:35 a. m.,Ordeño,06:08,18.86,1,,,,,0,,1.80,1.50,1.20,1.44,0,0,0,0,4.38,4.53,4.60,4.72,VMS 3,,Tanque,,2.46,2.16,1.68,1.92,5.35,4.81,2.80,5.90
24/07/2025 02:47 p. m.,Ordeño,05:10,14.82,2,,DI,,,0,,1.68,1.38,1.20,1.44,0,0,0,0,4.34,4.41,4.55,4.53,VMS 3,,Tanque,,2.16,1.98,1.56,1.92,4.73,3.59,2.09,4.41
26/07/2025 06:38 p. m.,Ordeño,07:18,24.86,1,,,,,0,TD,1.68,1.38,1.32,1.68,0,0,0,0,3.99,4.21,4.69,4.74,VMS 3,,Tanque,,2.10,1.86,1.92,2.10,6.39,5.25,5.24,7.98
28/07/2025 09:08 a. m.,Ordeño,07:07,24.14,1,,,,,0,,1.80,1.62,1.44,1.50,0,0,0,0,4.06,4.55,4.89,4.45,VMS 3,,Tanque,,2.22,2.28,1.80,1.98,6.73,6.51,6.69,4.21
29/07/2025 09:53 a. m.,Ordeño,06:11,18.06,1,,,,,0,"TI,TD",1.68,1.50,1.32,1.56,0,0,0,0,4.14,4.23,4.95,4.90,VMS 3,,Tanque,,2.40,2.04,1.68,1.92,6.23,3.39,3.68,4.76
31/07/2025 07:13 p. m.,Ordeño,05:58,16.06,2,,,,,0,,1.56,1.38,1.08,1.32,0,0,0,0,4.89,4.81,4.89,4.91,VMS 3,,Tanque,,2.04,1.98,1.50,1.62,5.26,3.97,2.23,4.60
01/08/2025 08:14 a. m.,Ordeño,05:56,16.85,1,,,,,0,,1.68,1.44,1.26,1.38,0,0,0,0,4.83,4.96,5.10,5.22,VMS 3,,Tanque,,2.16,2.04,1.62,1.74,4.00,4.88,2.65,5.32
03/08/2025 02:27 p. m.,Ordeño,07:28,27.56,1,,,,,0,,1.68,1.50,1.26,1.50,0,0,0,0,4.41,4.59,4.97,4.79,VMS 3,,Tanque,,2.34,2.10,1.62,1.92,7.19,6.13,6.22,8.02
03/08/2025 09:38 p. m.,Ordeño,04:42,8.20,2,,,,,0,,1.56,1.26,1.08,1.32,0,0,0,0,4.22,4.25,4.31,4.43,VMS 3,,Tanque,,1.98,1.74,1.62,1.74,2.80,1.94,1.17,2.29
04/08/2025 08:07 a. m.,Ordeño,05:00,12.82,1,,,,,0,,1.68,1.44,1.08,1.38,0,0,0,0,4.48,4.73,4.78,4.77,VMS 3,,Tanque,,2.22,1.92,1.56,1.80,4.04,3.31,1.85,3.62
04/08/2025 11:21 p. m.,Ordeño,06:24,17.94,2,,,,,0,,1.62,1.38,1.14,1.38,0,0,0,0,4.34,4.67,4.75,4.87,VMS 3,,Tanque,,2.10,1.86,1.68,1.74,4.29,4.73,3.09,5.83
06/08/2025 05:46 a. m.,Ordeño,05:32,14.70,1,,,,,0,,1.74,1.38,1.08,1.32,0,0,0,0,4.45,4.53,4.57,4.67,VMS 3,,Tanque,,2.34,1.86,1.50,1.68,4.44,3.74,2.10,4.42
06/08/2025 10:08 p. m.,Ordeño,06:35,18.72,2,,,,,0,,1.74,1.50,1.14,1.50,0,0,0,0,4.18,4.80,4.90,4.95,VMS 3,,Tanque,,2.34,1.92,1.56,1.98,3.26,5.30,3.39,6.77
07/08/2025 05:35 a. m.,Ordeño,05:13,10.98,1,,,,,0,,1.56,1.44,1.08,1.32,0,0,0,0,4.75,4.59,4.75,4.67,VMS 3,,Tanque,,2.10,1.92,1.50,1.74,3.71,2.72,1.49,3.06
08/08/2025 05:43 a. m.,Ordeño,08:03,21.93,1,,,,,0,,1.74,1.50,1.32,1.50,0,0,0,0,4.21,4.55,4.94,4.67,VMS 3,,Tanque,,2.28,2.22,1.68,1.92,4.29,4.62,5.13,7.89
08/08/2025 05:48 p. m.,Ordeño,09:55,15.61,2,,,,,0,,1.74,1.44,1.20,1.32,0,0,0,0,4.53,4.64,4.67,4.65,VMS 3,,Tanque,,2.28,2.04,1.56,1.74,5.15,3.98,2.15,4.33
09/08/2025 03:36 a. m.,Ordeño,05:33,13.80,1,,,,,0,,1.62,1.32,1.14,1.38,0,0,0,0,4.22,4.24,4.40,4.57,VMS 3,,Tanque,,2.04,1.86,1.62,1.80,4.97,2.87,1.87,4.09
09/08/2025 11:38 a. m.,Ordeño,04:34,10.14,2,,,,,0,,1.68,1.44,1.14,1.32,0,0,0,0,4.14,4.29,4.32,4.47,VMS 3,,Tanque,,2.28,2.04,1.50,1.68,3.32,2.50,1.45,2.87
10/08/2025 06:42 a. m.,Ordeño,07:36,19.24,1,,,,,0,,1.74,1.50,1.26,1.62,0,0,0,0,4.08,4.37,4.71,4.73,VMS 3,,Tanque,,2.28,2.16,1.56,1.98,4.00,3.94,3.85,7.45
10/08/2025 03:12 p. m.,Ordeño,04:32,10.71,2,,DI,,,0,,1.56,1.44,1.08,1.44,0,0,0,0,4.53,4.59,4.54,4.64,VMS 3,,Tanque,,1.98,1.92,1.56,1.80,3.23,2.75,1.56,3.17
11/08/2025 08:56 a. m.,Ordeño,07:09,22.14,1,,,,,0,,1.80,1.50,1.38,1.68,0,0,0,0,4.34,4.66,4.89,5.00,VMS 3,,Tanque,,2.34,2.10,1.74,2.22,5.24,6.55,3.42,6.93
11/08/2025 04:44 p. m.,Ordeño,04:40,9.20,2,,,,,0,,1.50,1.56,1.08,1.50,0,0,0,0,4.27,4.37,4.34,4.51,VMS 3,,Tanque,,2.10,2.16,1.50,1.92,3.02,2.30,1.20,2.68
12/08/2025 11:48 a. m.,Ordeño,06:24,21.73,1,,DD,,,0,,1.92,1.44,1.38,1.80,0,0,0,0,4.54,4.35,4.82,4.92,VMS 3,,Tanque,,2.58,1.86,1.86,2.46,7.29,4.16,3.57,6.71
12/08/2025 10:40 p. m.,Ordeño,05:02,13.23,2,,,,,0,,1.74,1.26,1.26,1.50,0,0,0,0,4.55,4.62,4.67,4.79,VMS 3,,Tanque,,2.16,1.68,1.74,1.86,4.14,3.34,1.87,3.88
13/08/2025 08:52 a. m.,Ordeño,05:19,14.51,1,,,,,0,,1.74,1.62,1.32,1.56,0,0,0,0,4.55,4.55,4.61,4.85,VMS 3,,Tanque,,2.28,2.16,1.80,2.10,4.80,3.66,1.86,4.19
13/08/2025 07:13 p. m.,Ordeño,05:09,14.31,2,,,,,0,,1.86,1.44,1.20,1.38,0,0,0,0,4.53,4.66,4.62,4.62,VMS 3,,Tanque,,2.34,1.98,1.62,1.74,4.36,3.77,1.98,4.20
14/08/2025 09:47 a. m.,Ordeño,06:06,19.39,1,,,,,0,,1.92,1.56,1.38,1.68,0,0,0,0,4.65,4.54,4.70,4.68,VMS 3,,Tanque,,2.70,1.98,1.80,2.04,6.80,3.41,2.90,6.28
14/08/2025 07:37 p. m.,Ordeño,05:25,13.69,2,,,,,0,,1.68,1.44,1.14,1.32,0,0,0,0,4.46,4.52,4.44,4.47,VMS 3,,Tanque,,2.28,1.86,1.50,1.74,4.57,3.20,1.80,4.12
15/08/2025 03:33 p. m.,Ordeño,06:36,21.13,1,,,,,0,,1.86,1.56,1.14,1.68,0,0,0,0,4.27,4.44,4.28,4.76,VMS 3,,Tanque,,2.34,2.10,1.56,2.28,4.43,5.12,4.02,7.56
15/08/2025 10:41 p. m.,Ordeño,04:26,6.96,2,,,,,0,,1.56,1.32,1.02,1.26,0,0,0,0,4.15,4.17,4.21,4.09,VMS 3,,Tanque,,2.04,1.68,1.56,1.56,2.17,1.89,1.00,1.90
16/08/2025 09:49 a. m.,Ordeño,04:56,14.06,1,,,,,0,,1.80,1.50,1.20,1.44,0,0,0,0,4.71,4.66,4.69,4.84,VMS 3,,Tanque,,2.40,2.22,1.62,1.80,4.26,3.82,1.98,4.00
16/08/2025 09:28 p. m.,Ordeño,05:51,16.41,2,,,,,0,,1.62,1.50,1.20,1.44,0,0,0,0,4.55,4.72,4.70,4.72,VMS 3,,Tanque,,2.28,2.04,1.56,1.80,5.30,4.22,2.24,4.65
17/08/2025 03:50 p. m.,Ordeño,06:57,23.22,1,,,,,0,,1.86,1.50,1.32,1.62,0,0,0,0,4.61,4.55,4.69,4.98,VMS 3,,Tanque,,2.46,2.10,1.80,1.98,6.95,4.91,3.82,7.54
18/08/2025 02:39 a. m.,Ordeño,05:37,9.30,1,,,TD,TD,0,,1.62,1.44,1.08,0.00,0,0,0,0,4.29,4.34,4.27,0.00,VMS 3,,Tanque,,2.10,1.92,1.50,0.00,4.23,3.23,1.84,0.00
18/08/2025 10:07 a. m.,Ordeño,06:11,13.77,2,,,,,0,,1.56,1.26,0.96,1.56,0,0,0,0,4.35,4.43,4.47,4.70,VMS 3,,Tanque,,2.10,1.86,1.38,1.92,3.38,2.54,1.35,6.50
19/08/2025 02:23 a. m.,Ordeño,06:32,21.07,1,,,,,0,,1.62,1.56,1.26,1.50,0,0,0,0,4.57,4.54,4.71,4.66,VMS 3,,Tanque,,2.04,2.16,1.62,1.92,5.29,5.88,3.40,6.50
19/08/2025 01:14 p. m.,Ordeño,05:17,13.88,2,,,,,0,,1.68,1.56,1.14,1.56,0,0,0,0,4.36,4.36,4.47,4.63,VMS 3,,Tanque,,2.16,2.04,1.56,2.16,4.68,3.33,1.85,4.02
20/08/2025 05:13 a. m.,Ordeño,06:47,21.10,1,,,,,0,,1.68,1.38,1.20,1.44,0,0,0,0,4.60,4.60,4.97,4.78,VMS 3,,Tanque,,2.16,1.86,1.62,1.86,6.89,4.96,3.28,5.97
25/08/2025 04:49 p. m.,Ordeño,08:25,2.67,2,,,Todos,,0,,0.96,0.54,0.60,0.78,0,0,0,0,4.15,0.00,4.45,4.09,VMS 3,,Drenaje,,1.68,1.38,1.08,1.32,0.95,0.41,0.57,0.74
30/08/2025 02:16 a. m.,Ordeño,05:21,11.62,1,,,,,0,,1.56,1.26,1.08,1.38,0,0,0,0,4.62,5.03,5.11,4.61,VMS 3,,Drenaje,,2.22,1.68,1.44,1.86,4.12,2.18,1.67,3.65
30/08/2025 05:33 p. m.,Ordeño,06:23,17.00,2,,,,,0,,1.62,1.56,1.14,1.56,0,0,0,0,4.57,4.90,4.92,4.71,VMS 3,,Drenaje,,2.46,2.04,1.74,2.10,4.73,3.20,2.99,6.08
31/08/2025 07:59 p. m.,Ordeño,05:29,13.43,2,,DI,,,0,,1.68,1.32,1.14,1.44,0,0,0,0,4.69,4.74,4.81,4.59,VMS 3,,Drenaje,,2.64,1.80,1.74,1.86,3.94,2.78,2.09,4.62
01/09/2025 11:46 a. m.,Ordeño,07:48,20.76,1,,,,,0,,1.56,1.44,1.56,1.08,0,0,0,0,4.60,4.74,4.76,4.80,VMS 3,,Drenaje,,2.16,2.04,1.92,1.44,8.28,2.69,6.57,3.22
01/09/2025 07:57 p. m.,Ordeño,04:27,9.37,2,,DI,,,0,,1.56,1.32,0.96,1.32,0,0,0,0,4.27,4.60,4.52,4.43,VMS 3,,Drenaje,,2.16,1.92,1.26,1.68,2.63,1.99,1.50,3.25
02/09/2025 08:18 a. m.,Ordeño,06:32,16.70,1,,,,,0,,1.68,1.44,1.14,1.68,0,0,0,0,4.87,4.82,4.87,4.87,VMS 3,,Drenaje,,2.22,1.92,1.50,2.46,6.65,2.39,2.42,5.24
02/09/2025 09:25 p. m.,Ordeño,05:35,15.18,2,,,,,0,,1.56,1.32,1.08,1.44,0,0,0,0,4.19,4.55,4.67,4.49,VMS 3,,Drenaje,,2.22,1.86,1.62,1.80,4.31,3.55,2.33,4.99
03/09/2025 02:17 p. m.,Ordeño,07:10,20.41,1,,,,,0,,1.56,1.56,1.08,1.86,0,0,0,0,4.46,4.61,4.69,4.33,VMS 3,,Drenaje,,2.22,2.10,1.44,2.34,7.00,3.76,3.13,6.52
04/09/2025 01:47 a. m.,Ordeño,05:55,13.55,1,,,,,0,,1.44,1.26,0.96,1.32,0,0,0,0,4.21,4.52,4.36,4.20,VMS 3,,Drenaje,,1.98,1.92,1.26,1.68,4.45,2.96,1.84,4.30
04/09/2025 04:36 p. m.,Ordeño,06:34,17.87,2,,,,,0,,1.56,1.50,1.08,1.32,0,0,0,0,4.43,4.53,4.55,3.91,VMS 3,,Drenaje,,2.40,1.98,1.62,1.80,5.80,3.67,2.58,5.82
05/09/2025 03:44 a. m.,Ordeño,05:26,13.22,1,,,,,0,,1.56,1.38,1.02,1.44,0,0,0,0,4.56,4.66,4.54,4.53,VMS 3,,Drenaje,,2.04,1.86,1.44,1.80,4.54,2.80,1.79,4.09
05/09/2025 07:48 p. m.,Ordeño,06:21,17.59,2,,,,,0,,1.62,1.26,1.14,1.50,0,0,0,0,4.21,4.70,4.73,4.58,VMS 3,,Drenaje,,2.28,1.86,1.50,2.04,3.69,4.37,3.18,6.35
06/09/2025 03:04 a. m.,Ordeño,04:28,8.67,1,,,,,0,,1.50,1.38,0.90,1.38,0,0,0,0,4.43,4.51,4.31,4.24,VMS 3,,Drenaje,,2.04,1.86,1.32,1.92,2.97,1.82,1.17,2.71
06/09/2025 01:20 p. m.,Ordeño,05:08,12.94,2,,DI,,,0,,1.68,1.44,0.96,1.38,0,0,0,0,4.79,4.69,4.81,4.87,VMS 3,,Drenaje,,2.58,1.92,1.44,1.92,3.90,3.00,1.94,4.10
07/09/2025 12:54 a. m.,Ordeño,05:27,13.53,1,,,,,0,,1.68,1.32,1.02,1.38,0,0,0,0,4.33,4.69,4.69,4.65,VMS 3,,Drenaje,,2.22,1.80,1.44,1.86,3.59,3.18,2.19,4.57
07/09/2025 03:24 p. m.,Ordeño,05:45,16.73,2,,,,,0,,1.62,1.38,1.02,1.56,0,0,0,0,4.44,4.70,4.49,4.60,VMS 3,,Drenaje,,2.28,1.80,1.50,2.04,4.88,3.67,2.52,5.66
08/09/2025 03:08 a. m.,Ordeño,05:25,13.89,1,,,,,0,,1.50,1.08,1.02,1.38,0,0,0,0,4.33,4.43,4.48,4.31,VMS 3,,Drenaje,,2.10,1.56,1.38,1.92,4.25,3.26,2.05,4.33
09/09/2025 12:14 p. m.,Ordeño,04:52,10.83,2,,,,,0,,1.62,1.44,0.96,1.38,0,0,0,0,4.27,4.49,4.36,4.64,VMS 3,,Drenaje,,2.16,1.98,1.38,1.68,3.91,2.35,1.55,3.02
10/09/2025 01:29 a. m.,Ordeño,05:54,14.87,1,,,,,0,TD,1.50,1.38,1.02,1.32,0,0,0,0,4.70,4.60,4.63,5.44,VMS 3,,Drenaje,,1.98,1.98,1.38,1.80,4.88,3.06,2.41,4.52
11/09/2025 11:26 p. m.,Ordeño,06:19,21.01,1,,,,,0,TD,1.50,1.44,1.20,1.80,0,0,0,0,4.04,4.39,4.63,5.02,VMS 3,,Tanque,,1.86,2.04,1.56,2.28,4.73,5.14,3.71,7.43
12/09/2025 03:14 a. m.,Ordeño,04:16,3.97,1,,,Todos,,0,,1.38,1.02,0.78,0.84,0,0,0,0,4.35,4.26,4.30,4.37,VMS 3,,Tanque,,1.92,1.56,1.32,1.56,1.35,0.96,0.57,1.09
12/09/2025 01:19 p. m.,Ordeño,05:25,12.16,2,,,,,0,,1.56,1.32,1.08,1.38,0,0,0,0,4.88,4.65,4.86,4.98,VMS 3,,Tanque,,2.10,1.74,1.50,1.86,4.50,2.94,1.81,2.91
13/09/2025 03:07 a. m.,Ordeño,06:19,15.89,1,,,,,0,,1.62,1.32,1.08,1.44,0,0,0,0,4.82,4.38,4.85,5.18,VMS 3,,Tanque,,2.04,1.86,1.44,1.86,6.19,2.30,2.63,4.77
14/09/2025 01:42 a. m.,Ordeño,05:05,12.71,1,,,,,0,,1.68,1.50,1.20,1.44,0,0,0,0,4.56,4.51,4.60,4.75,VMS 3,,Tanque,,2.16,2.04,1.56,1.86,4.41,2.53,1.90,3.87
14/09/2025 05:22 p. m.,Ordeño,06:45,20.36,2,,,,,0,,1.80,1.62,1.14,1.62,0,0,0,0,4.90,4.70,4.85,5.05,VMS 3,,Tanque,,2.40,2.10,1.50,2.04,7.23,3.48,3.26,6.39
15/09/2025 06:23 p. m.,Ordeño,04:09,6.71,2,,,,,0,,1.50,1.44,0.90,1.38,0,0,0,0,4.09,4.25,4.22,4.12,VMS 3,,Tanque,,1.92,1.98,1.32,1.86,2.21,1.51,0.98,2.01
16/09/2025 11:05 a. m.,Ordeño,06:56,19.41,1,,TD,,,0,,1.74,1.80,1.26,1.86,0,0,0,0,4.80,4.45,4.82,4.75,VMS 3,,Tanque,,2.22,2.34,1.74,2.52,7.25,2.85,3.30,6.01
16/09/2025 11:29 p. m.,Ordeño,05:35,15.84,2,,,,,0,,1.62,1.56,1.02,1.44,0,0,0,0,4.63,4.60,4.64,4.56,VMS 3,,Tanque,,2.16,2.04,1.44,1.86,5.07,3.82,2.40,4.55
17/09/2025 11:31 a. m.,Ordeño,05:49,16.14,1,,,,,0,,1.74,1.62,1.08,1.68,0,0,0,0,4.81,4.62,4.69,4.72,VMS 3,,Tanque,,2.28,2.40,1.50,2.10,5.71,3.25,2.40,4.78
17/09/2025 11:23 p. m.,Ordeño,06:03,16.21,2,,,,,0,,1.56,1.38,1.08,1.44,0,0,0,0,4.01,4.52,4.54,4.35,VMS 3,,Tanque,,2.22,1.74,1.50,1.86,5.96,3.65,2.20,4.40
18/09/2025 07:59 a. m.,Ordeño,04:57,11.34,1,,,,,0,,1.50,1.56,1.14,1.44,0,0,0,0,4.47,4.47,4.47,4.14,VMS 3,,Tanque,,1.98,2.10,1.50,3.54,4.14,2.21,1.70,3.29
19/09/2025 12:29 a. m.,Ordeño,06:03,19.07,1,,,,,0,,1.68,1.56,1.20,1.68,0,0,0,0,4.28,4.68,4.73,4.61,VMS 3,,Tanque,,2.16,2.16,1.68,2.16,3.66,5.39,3.44,6.58
19/09/2025 07:13 a. m.,Ordeño,04:15,7.86,2,,,,,0,,1.62,1.44,0.96,1.44,0,0,0,0,4.22,4.26,4.27,4.14,VMS 3,,Tanque,,2.04,1.98,1.44,1.86,2.67,1.90,1.17,2.12
19/09/2025 06:25 p. m.,Ordeño,05:35,14.15,3,,,,,0,,1.62,1.44,1.08,1.56,0,0,0,0,4.79,4.53,4.68,4.76,VMS 3,,Tanque,,2.10,1.98,1.56,2.04,4.97,2.46,2.26,4.46
20/09/2025 03:19 a. m.,Ordeño,04:49,11.29,1,,,,,0,,1.68,1.38,1.08,1.38,0,0,0,0,4.53,4.57,4.49,4.44,VMS 3,,Tanque,,2.22,1.92,1.56,1.86,3.71,2.59,1.70,3.29
20/09/2025 12:34 p. m.,Ordeño,04:39,11.00,2,,,,,0,,1.74,1.44,1.08,1.50,0,0,0,0,4.45,4.56,4.60,4.61,VMS 3,,Tanque,,2.10,1.86,1.50,1.98,3.63,2.38,1.67,3.32
20/09/2025 11:14 p. m.,Ordeño,05:30,13.84,3,,,,,0,,1.56,1.44,1.02,1.38,0,0,0,0,4.80,4.70,4.68,4.72,VMS 3,,Tanque,,2.28,2.04,1.38,1.80,4.70,3.18,1.89,4.07
21/09/2025 08:19 a. m.,Ordeño,04:51,12.58,1,,DI,,,0,,1.56,1.44,1.08,1.44,0,0,0,0,4.69,4.76,4.81,4.84,VMS 3,,Tanque,,2.46,1.92,1.50,1.92,3.97,2.90,1.80,3.91
21/09/2025 04:50 p. m.,Ordeño,04:23,11.42,2,,DI,,,0,,1.74,1.38,0.96,1.44,0,0,0,0,4.96,4.82,4.75,4.84,VMS 3,,Tanque,,2.76,1.98,1.44,1.80,3.72,2.71,1.68,3.31
22/09/2025 07:44 a. m.,Ordeño,06:42,19.79,1,,,,,0,,1.74,1.50,1.26,1.62,0,0,0,0,4.74,4.49,4.81,4.79,VMS 3,,Tanque,,2.28,1.98,1.62,2.04,7.28,2.73,3.20,6.58
22/09/2025 04:10 p. m.,Ordeño,04:40,10.46,2,,,,,0,,1.62,1.32,1.08,1.44,0,0,0,0,4.31,4.50,4.61,4.33,VMS 3,,Tanque,,2.16,2.04,1.44,1.86,3.30,2.44,1.57,3.15
23/09/2025 04:31 a. m.,Ordeño,05:56,16.72,1,,,,,0,,1.50,1.32,1.08,1.44,0,0,0,0,4.52,4.63,4.68,4.59,VMS 3,,Tanque,,2.16,2.10,1.50,1.86,4.79,4.22,2.57,5.14
23/09/2025 07:42 p. m.,Ordeño,07:07,20.08,2,,,,,0,,1.44,1.38,1.14,1.56,0,0,0,0,4.39,4.58,4.54,4.45,VMS 3,,Tanque,,2.16,1.80,1.44,1.98,6.56,4.50,3.00,6.02
24/09/2025 06:33 a. m.,Ordeño,05:51,15.64,1,,,,,0,,1.56,1.38,1.14,1.50,0,0,0,0,4.58,4.64,4.62,4.52,VMS 3,,Tanque,,1.98,2.16,1.50,1.86,5.25,3.65,2.22,4.52
24/09/2025 06:24 p. m.,Ordeño,06:10,17.57,2,,,,,0,,1.56,1.44,1.02,1.38,0,0,0,0,4.75,4.82,4.75,4.64,VMS 3,,Tanque,,2.04,1.92,1.38,1.74,5.57,4.23,2.45,5.32
28/09/2025 11:32 p. m.,Ordeño,05:53,15.38,3,,,,,0,,1.56,1.38,1.20,1.56,0,0,0,0,4.47,5.10,4.66,4.59,VMS 3,,Tanque,,2.10,2.04,1.68,1.98,5.10,3.17,2.38,4.73
29/09/2025 10:33 a. m.,Ordeño,05:46,13.98,1,,,,,0,,1.50,1.50,1.26,1.62,0,0,0,0,4.41,4.90,4.52,4.53,VMS 3,,Tanque,,2.10,2.04,1.74,2.10,4.96,2.60,2.08,4.34
29/09/2025 10:43 p. m.,Ordeño,05:20,14.51,2,,,,,0,,1.74,1.56,1.26,1.68,0,0,0,0,4.48,4.85,4.62,4.61,VMS 3,,Tanque,,2.22,2.22,1.74,2.46,4.59,3.12,2.23,4.57
30/09/2025 10:14 a. m.,Ordeño,05:10,15.16,1,,,,,0,,1.86,1.44,1.14,1.50,0,0,0,0,4.63,4.88,4.70,4.61,VMS 3,,Tanque,,2.40,1.92,1.62,1.98,4.89,3.34,2.27,4.66
30/09/2025 10:00 p. m.,Ordeño,05:16,14.83,2,,,,,0,,1.86,1.50,1.20,1.50,0,0,0,0,4.52,4.70,4.68,4.47,VMS 3,,Tanque,,2.58,1.92,1.86,1.98,5.12,2.99,2.17,4.55
01/10/2025 11:28 a. m.,Ordeño,05:52,18.06,1,,,,,0,,1.92,1.32,1.20,1.68,0,0,0,0,4.75,4.69,4.82,4.76,VMS 3,,Tanque,,2.52,1.80,1.68,2.10,6.17,3.29,2.89,5.71
02/10/2025 12:16 a. m.,Ordeño,05:30,15.99,1,,,,,0,,1.86,1.32,1.20,1.50,0,0,0,0,4.52,4.76,4.68,4.60,VMS 3,,Tanque,,2.40,1.86,1.56,1.86,4.98,3.50,2.52,4.99
02/10/2025 11:18 a. m.,Ordeño,05:07,13.80,2,,,,,0,,1.80,1.56,1.20,1.56,0,0,0,0,4.40,4.70,4.67,4.65,VMS 3,,Tanque,,2.46,2.16,1.62,2.04,3.35,3.46,2.19,4.80
02/10/2025 07:14 p. m.,Ordeño,04:45,10.70,3,,,,,0,,1.74,1.44,1.14,1.38,350,0,0,0,4.46,4.55,4.45,4.49,VMS 3,,Tanque,,2.16,2.04,1.56,1.86,3.66,2.28,1.64,3.12
03/10/2025 02:01 a. m.,Ordeño,04:17,9.76,1,,,,,0,,1.80,1.32,0.96,1.32,0,0,0,0,4.59,4.70,4.59,4.68,VMS 3,,Tanque,,2.28,1.92,1.38,1.74,3.17,2.16,1.52,2.91
03/10/2025 11:54 a. m.,Ordeño,05:49,15.21,2,,,,,0,,1.56,1.56,1.20,1.56,0,0,0,0,4.67,4.98,4.79,4.66,VMS 3,,Tanque,,2.04,2.04,1.56,2.04,5.23,3.07,2.23,4.68
04/10/2025 12:10 a. m.,Ordeño,05:27,16.78,1,,,,,0,,1.80,1.44,1.20,1.68,0,0,0,0,4.43,5.00,4.55,4.58,VMS 3,,Tanque,,2.34,2.04,1.68,2.10,5.08,3.77,2.61,5.32
04/10/2025 12:59 p. m.,Ordeño,05:30,17.67,2,,,,,0,,1.80,1.50,1.26,1.80,0,0,0,0,4.43,4.92,4.64,4.57,VMS 3,,Tanque,,2.34,1.98,1.68,2.40,4.93,3.84,2.86,6.04
04/10/2025 10:51 p. m.,Ordeño,04:49,13.38,3,,DI,,,0,,1.74,1.38,1.32,1.50,0,0,0,0,4.32,4.60,4.32,4.31,VMS 3,,Tanque,,2.46,1.80,1.74,1.92,4.20,3.08,1.95,4.15
05/10/2025 01:35 p. m.,Ordeño,05:42,18.49,1,,,,,0,,1.98,1.56,1.44,1.80,0,0,0,0,4.30,4.73,4.63,4.62,VMS 3,,Tanque,,2.52,2.16,1.80,2.46,4.16,4.72,3.22,6.39
05/10/2025 10:12 p. m.,Ordeño,04:53,11.98,2,,,,,0,,1.74,1.38,1.20,1.50,0,0,0,0,4.21,4.45,4.46,4.23,VMS 3,,Tanque,,2.34,1.86,1.68,1.86,4.23,2.36,1.80,3.59
06/10/2025 10:40 a. m.,Ordeño,06:06,18.07,1,,,,,0,,1.74,1.44,1.26,1.56,0,0,0,0,4.37,4.68,4.60,4.57,VMS 3,,Tanque,,2.34,2.16,1.68,1.98,6.07,3.95,2.68,5.37
06/10/2025 09:53 p. m.,Ordeño,05:16,14.51,2,,DI,,,0,,1.74,1.50,1.20,1.50,348,0,0,0,4.50,5.12,4.57,4.57,VMS 3,,Tanque,,2.58,1.98,1.62,1.98,4.14,3.32,2.32,4.73
07/10/2025 06:06 a. m.,Ordeño,05:19,12.37,1,,,,,0,DD,1.92,1.56,1.26,1.62,0,0,0,0,4.46,5.53,4.52,4.44,VMS 3,,Tanque,,2.58,2.22,1.74,2.10,5.09,2.17,1.71,3.40
10/10/2025 02:32 a. m.,Ordeño,05:32,12.66,1,,,,,0,,1.62,1.38,1.32,1.26,304,0,0,0,4.30,4.43,3.94,4.21,VMS 3,,Tanque,,2.04,2.10,1.80,1.68,4.48,2.91,1.85,3.42
10/10/2025 03:57 p. m.,Ordeño,05:38,16.26,2,,,,,0,,1.74,1.32,1.20,1.62,0,0,0,0,4.49,4.60,4.45,4.82,VMS 3,,Tanque,,2.28,1.80,1.68,2.16,5.13,3.23,2.67,5.23
11/10/2025 12:48 a. m.,Ordeño,04:54,9.08,1,,,DD,DD,0,,1.74,0.00,1.32,1.56,0,0,0,0,4.22,0.00,4.27,4.44,VMS 3,,Tanque,,2.40,0.00,1.80,1.98,3.43,0.00,1.87,3.78
14/10/2025 11:05 a. m.,Ordeño,05:19,10.56,2,,,,,0,DD,1.44,1.26,1.08,1.32,0,0,0,0,4.78,5.51,4.79,5.23,VMS 3,,Tanque,,1.92,1.74,1.50,1.74,3.82,1.96,1.70,3.08
14/10/2025 11:27 p. m.,Ordeño,06:16,15.59,3,,,DD,,0,,1.68,1.38,1.26,1.44,0,0,0,0,5.01,5.00,4.92,5.38,VMS 3,,Tanque,,2.22,1.92,1.62,1.86,5.98,1.57,2.75,5.29
15/10/2025 09:52 a. m.,Ordeño,07:36,14.26,1,,,,,0,,1.50,1.26,1.08,1.38,0,0,0,0,4.71,5.02,4.81,4.96,VMS 3,,Tanque,,1.92,1.68,1.50,1.68,4.70,3.08,2.24,4.24
16/10/2025 02:26 a. m.,Ordeño,06:36,20.75,1,,,,,0,,1.68,1.50,1.26,1.56,0,0,0,0,4.56,5.03,4.85,4.93,VMS 3,,Tanque,,2.28,2.04,1.74,1.98,5.10,4.87,3.73,7.05
16/10/2025 10:58 a. m.,Ordeño,05:01,11.18,2,,,,,0,,1.56,1.38,1.14,1.50,0,0,0,0,4.28,4.55,4.46,4.46,VMS 3,,Tanque,,2.16,1.80,1.62,1.98,4.02,2.15,1.63,3.38
17/10/2025 02:10 a. m.,Ordeño,05:54,20.01,1,,,,,0,,1.74,1.74,1.50,1.74,0,0,0,0,4.55,4.77,4.73,4.78,VMS 3,,Tanque,,2.34,2.52,1.86,2.16,5.93,4.06,3.48,6.54
17/10/2025 02:58 p. m.,Ordeño,06:07,17.99,2,,,,,0,,1.68,1.50,1.20,1.50,0,0,0,0,4.45,4.70,4.68,4.60,VMS 3,,Tanque,,2.46,1.92,1.68,1.92,5.87,3.91,2.76,5.45
18/10/2025 03:28 p. m.,Ordeño,07:05,22.01,1,,,DD,,0,DD,1.68,1.56,1.32,1.80,0,0,0,0,4.22,5.24,4.70,4.81,VMS 3,,Tanque,,2.10,1.98,1.80,2.34,5.29,2.81,4.98,8.93
04/04/2025 08:31 a. m.,Echada sin ordeñar,01:26,,,,,,,,,,,,,,,,,,,,,VMS 3,,,,,,,,,,,
14/05/2025 11:56 a. m.,Echada sin ordeñar,00:06,,,,,,,,,,,,,,,,,,,,,VMS 3,,,,,,,,,,,
25/07/2025 03:36 a. m.,Echada sin ordeñar,01:39,,,,,,,,,,,,,,,,,,,,,VMS 3,,,,,,,,,,,
14/09/2025 05:16 p. m.,Echada sin ordeñar,05:33,,,,,,,,,,,,,,,,,,,,,VMS 3,,,,,,,,,,,
20/09/2025 03:13 a. m.,Echada sin ordeñar,05:46,,,,,,,,,,,,,,,,,,,,,VMS 3,,,,,,,,,,,
22/09/2025 04:04 p. m.,Echada sin ordeñar,05:39,,,,,,,,,,,,,,,,,,,,,VMS 3,,,,,,,,,,,
