Main,,,,Estado,,,,,Estado AMD,,Media de los flujos (kg/min),,,,Sangre (ppm),,,,Conductividad (mS / cm),,,,Misc,,,,Flujos máximos (kg/min),,,,Producciones (kg),,,
Hora de inicio,Acción,Duración (mm:ss),Producción (kg),Número de ordeño,RCS (* 1000 células / ml),Patada,Incompleto,Pezones no encontrados,Ubre,Pezón,DI,DD,TI,TD,DI,DD,TI,TD,DI,DD,TI,TD,EO/PO,Usuario,Destino Leche,Razón de la desviación,DI,DD,TI,TD,DI,DD,TI,TD
23/07/2023 05:36 p. m.,Ordeño,06:12,23.70,1,,,,,1,TI,1.86,1.56,1.86,1.98,0,0,0,0,5.11,4.75,5.35,4.49,VMS 3,,Tanque,,2.34,2.10,2.40,2.46,4.60,5.15,7.05,6.90
02/09/2023 11:03 a. m.,Ordeño,05:13,11.65,2,,,,,1,TI,1.38,1.44,2.04,1.44,0,0,0,0,4.15,4.38,5.71,4.05,VMS 3,,Tanque,,1.92,2.10,2.46,2.28,1.61,1.73,5.89,2.42
15/11/2023 05:55 p. m.,Ordeño,12:03,10.33,2,,,,TI,1,"DI,DD,TD",1.92,1.80,0.00,1.98,7550,2375,0,1267,4.66,4.92,0.00,5.06,VMS 3,,Divert 3,,2.76,2.82,0.00,2.82,3.02,3.60,0.00,3.71
16/11/2023 01:46 a. m.,Ordeño,10:07,7.50,1,,,,TI,1,"DI,DD,TD",1.80,1.86,0.00,1.92,7543,1981,0,1068,5.07,4.98,0.00,4.99,VMS 3,,Divert 3,,2.52,2.58,0.00,3.00,2.51,2.42,0.00,2.57
16/11/2023 09:09 a. m.,Ordeño,11:06,8.29,2,,,,TI,1,"DI,DD,TD",1.86,1.86,0.00,2.16,6843,1120,0,967,5.20,5.05,0.00,5.38,VMS 3,,Divert 3,,2.76,2.58,0.00,3.06,2.94,2.38,0.00,2.97
17/11/2023 05:18 p. m.,Ordeño,12:32,8.13,3,,,,TI,1,"DI,TD",1.98,1.80,0.00,2.10,1602,318,0,637,5.05,5.34,0.00,5.44,VMS 3,,Divert 3,,2.82,2.64,0.00,2.64,2.74,2.52,0.00,2.87
18/11/2023 12:02 a. m.,Ordeño,12:07,9.48,1,,,,TI,1,DI,1.92,1.86,0.00,1.86,1883,401,0,449,5.04,5.08,0.00,5.38,VMS 3,,Divert 3,,2.64,2.64,0.00,2.52,3.32,3.11,0.00,3.05
18/11/2023 07:09 a. m.,Ordeño,15:28,20.24,2,,,,,1,"DI,TI",1.86,1.62,1.80,1.86,682,304,669,0,5.03,4.67,5.40,5.32,VMS 3,,Divert 3,,2.76,2.34,2.64,3.24,3.60,3.59,9.06,3.99
19/11/2023 10:23 a. m.,Ordeño,10:49,13.85,3,,,,,1,,1.74,1.62,2.16,1.80,0,0,0,0,5.26,5.08,4.98,5.52,VMS 3,,Divert 3,,2.52,2.40,2.70,2.40,1.77,1.59,8.51,1.98
22/11/2023 11:50 a. m.,Ordeño,16:11,17.54,2,,,TI,TI,1,,2.04,1.98,0.00,1.98,0,0,0,0,5.25,4.67,0.00,5.64,VMS 3,,Tanque,,2.76,2.88,0.00,2.58,5.80,3.56,0.00,8.18
22/11/2023 09:55 p. m.,Ordeño,14:48,17.57,3,,,TI,TI,1,DI,2.04,1.98,0.00,2.04,675,0,0,0,4.60,4.65,0.00,5.12,VMS 3,,Divert 3,Sangre por pezón por encima del umbral,2.52,2.76,0.00,2.70,6.50,5.19,0.00,5.88
24/11/2023 08:40 a. m.,Ordeño,11:48,14.79,2,,"DI,TD",TI,TI,1,TD,2.04,1.26,0.00,1.92,0,0,0,0,4.37,3.44,0.00,4.59,VMS 2,,Tanque,,2.52,1.86,0.00,2.46,6.04,5.73,0.00,3.02
26/11/2023 05:21 a. m.,Ordeño,14:34,12.41,1,,DI,TD,TD,1,TI,1.62,1.68,1.86,0.00,0,0,0,0,4.19,4.33,5.71,0.00,VMS 2,,Tanque,,2.10,2.34,2.28,0.00,2.34,3.61,6.46,0.00
26/11/2023 10:35 p. m.,Ordeño,14:58,23.66,2,,"DI,TD",,,1,TI,1.92,1.74,1.74,1.86,0,0,0,0,4.20,4.52,5.36,4.56,VMS 2,,Tanque,,2.46,2.34,2.10,2.58,5.86,6.53,5.17,6.10
27/11/2023 01:38 p. m.,Ordeño,23:22,20.94,2,,Todos,,,1,TD,1.32,1.98,1.62,1.98,0,0,0,0,4.57,4.32,4.86,6.68,VMS 2,,Tanque,,2.16,2.52,2.10,2.34,4.74,4.69,5.11,6.40
28/11/2023 11:05 a. m.,Ordeño,04:56,25.15,1,,,,,1,TD,2.22,2.10,1.80,1.74,0,0,0,0,4.89,5.01,5.57,5.71,VMS 2,,Tanque,,2.76,2.70,2.40,2.40,7.65,6.43,7.09,3.98
19/03/2024 10:04 a. m.,Ordeño,09:03,16.93,2,,,,TI,1,TD,1.92,1.68,0.00,1.86,0,0,0,0,5.50,5.35,0.00,6.38,VMS 2,,Tanque,,2.46,2.40,0.00,2.34,4.51,4.69,0.00,7.73
20/05/2024 03:13 p. m.,Ordeño,06:55,16.31,2,,,,,1,TI,1.92,1.74,1.68,1.86,0,0,0,0,5.14,5.20,6.42,4.87,VMS 2,,Tanque,,2.52,2.28,2.40,2.46,3.05,2.57,6.96,3.73
21/05/2024 04:26 a. m.,Ordeño,08:23,19.34,1,,,,,1,,2.04,1.92,1.32,1.74,0,0,0,0,5.47,5.52,5.21,5.45,VMS 2,,Tanque,,2.64,2.76,2.10,2.34,5.38,4.60,2.52,6.84
27/05/2024 01:21 p. m.,Ordeño,10:04,14.98,2,,,,,1,,2.22,1.68,1.56,1.98,0,0,0,0,5.09,4.58,5.03,4.60,VMS 2,,Tanque,,4.38,2.46,2.10,2.70,4.01,2.42,3.20,5.35
13/06/2024 03:31 p. m.,Ordeño,06:08,15.53,2,,,,,1,TI,1.92,1.74,1.80,1.74,0,0,0,0,5.04,4.93,5.77,4.50,VMS 2,,Tanque,,2.46,2.28,2.34,2.34,3.10,2.91,6.03,3.49
11/09/2024 01:04 p. m.,Ordeño,05:38,19.64,1,,,,,1,,2.16,1.86,1.68,1.86,0,0,0,0,5.06,5.28,5.10,4.87,VMS 2,,Tanque,,2.76,2.58,2.10,2.40,4.72,4.26,4.28,6.38
11/09/2024 11:00 p. m.,Ordeño,05:16,9.99,2,,,,,1,,1.92,1.38,1.38,1.38,0,0,0,0,4.74,4.62,4.75,4.12,VMS 2,,Tanque,,2.52,1.92,2.04,2.28,2.41,2.01,2.06,3.51
12/09/2024 10:10 a. m.,Ordeño,06:57,10.03,1,,,TI,TI,1,,2.10,1.68,0.00,1.80,0,0,0,0,4.93,5.15,0.00,4.52,VMS 2,,Tanque,,2.88,2.28,0.00,2.52,3.10,2.67,0.00,4.26
14/09/2024 05:36 a. m.,Ordeño,04:13,12.53,1,,,,,1,,2.04,1.44,1.50,1.74,0,0,375,0,4.72,4.79,4.91,4.41,VMS 2,,Tanque,,2.70,2.28,1.98,2.34,2.90,2.84,2.52,4.27
18/09/2024 01:28 a. m.,Ordeño,05:53,11.90,1,,,,,1,,1.74,1.32,1.62,1.38,0,0,400,0,4.85,4.74,5.10,4.35,VMS 2,,Tanque,,2.70,2.22,2.04,2.46,2.18,2.16,3.88,3.68
26/09/2024 06:10 p. m.,Ordeño,07:16,16.69,2,,,,,1,TD,1.92,1.50,1.50,1.92,0,0,0,0,4.49,4.51,4.51,5.72,VMS 2,,Tanque,,2.34,2.16,1.98,2.34,3.25,3.18,2.55,7.71
28/10/2024 07:18 a. m.,Ordeño,09:11,6.29,1,,,TI,TI,1,,1.68,1.20,0.00,1.62,0,0,0,0,4.10,4.26,0.00,3.61,VMS 3,,Tanque,,2.52,1.68,0.00,2.28,2.27,1.44,0.00,2.58
09/05/2025 11:48 p. m.,Ordeño,09:39,7.20,4,,,Todos,,1,TD,0.96,0.54,1.62,1.20,0,0,0,0,5.59,5.31,5.83,7.77,VMS 2,,Tanque,,2.34,1.56,2.16,2.22,1.64,1.21,1.87,2.48
30/05/2025 10:37 a. m.,Ordeño,06:38,22.74,1,,,,,1,TD,2.10,2.16,2.22,0.54,0,0,0,0,6.41,5.52,5.88,9.78,VMS 3,,Tanque,,2.52,2.70,2.64,1.02,6.81,6.82,8.78,0.33
30/05/2025 05:57 p. m.,Ordeño,10:50,7.06,2,,,,TD,1,TD,1.56,1.98,1.74,0.12,0,0,0,0,5.04,4.94,4.93,7.04,VMS 3,,Tanque,,2.46,2.70,2.22,0.30,2.00,2.40,2.60,0.06
02/06/2025 05:13 p. m.,Ordeño,07:51,9.88,3,,,,TD,1,TD,1.86,1.98,1.74,0.18,0,0,0,0,5.54,5.27,5.36,7.37,VMS 3,,Tanque,,2.34,2.40,2.16,0.42,2.74,3.32,3.67,0.15
03/06/2025 05:39 p. m.,Ordeño,07:37,19.53,2,,,,,1,TD,2.04,1.92,2.28,0.42,0,0,0,0,5.18,4.95,5.52,8.78,VMS 3,,Tanque,,2.64,2.70,2.94,0.84,4.70,5.36,9.17,0.30
05/06/2025 10:45 p. m.,Ordeño,09:51,19.79,4,,,,,1,TD,2.04,2.10,2.04,0.48,0,0,0,0,5.48,5.15,5.41,6.57,VMS 3,,Tanque,,2.64,2.64,2.52,0.72,5.62,6.16,7.79,0.22
09/06/2025 03:45 p. m.,Ordeño,07:49,8.82,2,,DI,TI,TI,1,TD,2.34,1.86,0.00,0.36,0,0,0,0,4.82,4.65,0.00,7.84,VMS 3,,Tanque,,3.54,2.40,0.00,0.78,3.94,4.57,0.00,0.31
09/06/2025 08:12 p. m.,Ordeño,10:01,11.79,3,,,,TD,1,TD,1.86,1.80,1.98,0.18,0,0,0,0,4.95,4.79,5.31,6.23,VMS 3,,Tanque,,2.46,2.34,2.52,0.48,2.24,2.32,7.09,0.14
12/06/2025 05:25 p. m.,Ordeño,12:35,15.37,3,,,,,1,TD,1.98,1.98,1.98,0.36,0,0,0,600,5.27,5.01,5.31,6.57,VMS 3,,Tanque,,2.94,2.46,2.46,0.84,4.39,4.97,5.76,0.25
15/06/2025 12:39 p. m.,Ordeño,10:47,9.09,2,,,,TD,1,TD,2.10,1.80,1.92,0.24,0,0,0,0,4.34,4.63,4.78,7.50,VMS 3,,Tanque,,2.76,2.40,2.34,0.48,2.81,2.95,3.17,0.16
16/06/2025 08:13 a. m.,Ordeño,11:49,9.22,2,,,,TD,1,TD,1.86,1.80,1.86,0.24,0,0,0,1000,5.21,5.02,5.40,8.98,VMS 3,,Tanque,,2.40,2.46,2.52,0.54,2.63,2.82,3.64,0.13
17/06/2025 04:59 p. m.,Ordeño,08:36,7.41,3,,,TI,TI,1,TD,2.10,2.04,0.00,0.54,0,0,0,0,4.84,4.68,0.00,8.38,VMS 2,,Tanque,,2.82,2.70,0.00,1.02,3.45,3.60,0.00,0.36
18/06/2025 10:52 a. m.,Ordeño,08:01,9.03,2,,DI,TI,TI,1,TD,2.16,2.04,0.00,0.42,0,0,0,0,4.98,4.96,0.00,6.43,VMS 2,,Tanque,,3.06,2.58,0.00,0.96,3.60,5.11,0.00,0.32
21/06/2025 10:33 p. m.,Ordeño,09:37,8.31,4,,,TI,TI,1,TD,1.98,1.80,0.00,0.36,0,0,0,0,4.78,4.68,0.00,6.45,VMS 2,,Tanque,,2.76,2.52,0.00,0.78,3.77,4.23,0.00,0.31
26/06/2025 11:31 a. m.,Ordeño,09:46,14.35,3,,,,TD,1,"TI,TD",1.92,1.80,2.04,0.18,0,0,0,0,4.58,4.79,5.42,8.04,VMS 2,,Tanque,,2.70,2.46,2.70,0.30,2.43,2.39,9.35,0.18
29/06/2025 07:56 a. m.,Ordeño,10:11,8.90,2,,,,TI,1,"DD,TD",2.52,1.86,0.00,0.36,0,0,0,0,3.40,4.95,0.00,6.19,VMS 2,,Tanque,,0.10,2.40,0.00,0.78,4.72,3.86,0.00,0.32
01/07/2025 06:30 p. m.,Ordeño,09:39,9.36,3,,,TI,TI,1,TD,1.86,1.92,0.00,0.72,0,0,0,0,4.61,4.75,0.00,8.17,VMS 2,,Tanque,,2.52,2.64,0.00,1.26,4.26,4.69,0.00,0.41
02/07/2025 06:17 p. m.,Ordeño,08:00,13.19,3,,,,,1,TD,1.98,1.92,1.68,0.54,0,0,0,0,4.77,4.74,5.17,6.56,VMS 2,,Tanque,,2.58,2.70,2.28,1.02,4.63,4.67,3.55,0.34
06/07/2025 03:36 a. m.,Ordeño,08:59,6.83,1,,,TI,TI,1,TD,2.04,1.68,0.00,0.36,0,0,0,0,4.46,4.39,0.00,6.62,VMS 2,,Tanque,,2.70,2.22,0.00,0.72,3.39,3.11,0.00,0.33
10/07/2025 12:19 a. m.,Ordeño,08:11,13.33,1,,,,,1,TD,2.04,1.98,1.80,0.66,0,0,0,0,4.97,5.18,5.02,7.71,VMS 2,,Tanque,,2.70,2.70,2.52,1.44,3.64,5.04,4.33,0.32
11/07/2025 04:02 p. m.,Ordeño,07:50,17.52,3,,,,,1,TD,2.40,1.74,2.04,0.84,0,0,0,0,4.88,5.02,4.75,8.11,VMS 2,,Tanque,,3.12,2.40,2.64,1.38,5.29,5.86,5.76,0.61
14/07/2025 08:12 a. m.,Ordeño,07:08,24.69,1,,,,,1,TD,2.28,2.10,1.98,0.36,0,0,0,0,5.17,5.08,5.16,8.98,VMS 2,,Tanque,,3.06,2.76,2.46,0.84,7.44,6.79,10.06,0.40
15/07/2025 09:57 a. m.,Ordeño,08:52,22.91,1,,,,,1,TD,2.10,2.16,1.98,0.66,0,0,0,0,5.28,5.23,5.22,7.37,VMS 2,,Tanque,,2.82,2.70,2.52,1.44,6.50,6.16,9.87,0.38
19/07/2025 02:27 p. m.,Ordeño,09:01,8.19,3,,,TI,TI,1,TD,2.22,1.92,0.00,0.48,0,0,0,0,4.87,4.93,0.00,9.05,VMS 2,,Tanque,,3.06,2.40,0.00,1.26,3.89,3.93,0.00,0.37
20/07/2025 01:14 p. m.,Ordeño,08:53,23.21,2,,,,,1,TD,2.40,1.92,2.46,0.72,0,0,0,0,5.23,5.01,5.11,7.71,VMS 2,,Tanque,,3.12,2.52,2.94,1.44,6.50,6.61,9.65,0.45
23/07/2025 04:38 p. m.,Ordeño,09:52,6.84,3,,,TI,TI,1,TD,2.04,1.98,0.00,0.60,0,0,0,0,5.09,4.67,0.00,8.17,VMS 2,,Tanque,,3.06,2.52,0.00,1.32,3.08,3.40,0.00,0.36
24/07/2025 09:37 a. m.,Ordeño,11:32,20.51,2,,,,,1,TD,2.10,2.10,2.10,0.78,0,0,0,0,5.03,4.64,5.42,8.71,VMS 2,,Tanque,,3.30,2.94,2.76,1.50,5.14,5.41,9.57,0.39
28/07/2025 08:34 a. m.,Ordeño,08:47,21.86,1,,,,,1,TD,2.40,1.98,2.28,0.78,0,0,0,0,5.36,4.91,5.39,6.75,VMS 2,,Tanque,,3.06,2.52,2.82,1.38,7.26,6.35,7.91,0.34
29/07/2025 10:04 a. m.,Ordeño,09:01,10.44,2,,DI,TI,TI,1,TD,2.46,1.98,0.00,0.90,0,0,0,0,5.49,5.05,0.00,7.84,VMS 2,,Tanque,,3.54,2.58,0.00,1.44,4.04,5.89,0.00,0.51
29/07/2025 04:59 p. m.,Ordeño,08:26,13.17,3,,,,TD,1,TI,2.10,1.50,1.92,0.00,0,0,0,0,5.14,5.17,5.94,0.00,VMS 2,,Tanque,,3.18,2.16,2.52,0.00,4.05,2.18,6.94,0.00
30/07/2025 02:54 a. m.,Ordeño,11:19,11.13,1,,,,,1,TD,1.86,1.62,1.50,0.42,0,0,0,0,5.23,5.43,4.29,6.16,VMS 2,,Tanque,,2.76,2.16,2.10,1.20,3.31,3.94,3.62,0.26
30/07/2025 09:09 p. m.,Ordeño,07:21,17.30,3,,,,,1,TD,2.46,1.98,2.16,0.72,0,0,0,0,4.90,4.76,5.17,8.58,VMS 2,,Tanque,,3.06,2.70,2.82,1.20,4.94,4.19,7.73,0.44
01/08/2025 03:50 p. m.,Ordeño,13:38,18.50,2,,,,,1,TD,2.04,1.98,2.10,0.42,0,0,0,0,4.93,4.82,4.98,7.30,VMS 2,,Tanque,,2.76,3.00,2.64,1.02,4.43,4.84,8.92,0.31
03/08/2025 06:24 p. m.,Ordeño,10:56,18.68,2,,,,,1,TD,2.10,1.98,2.10,0.96,0,0,0,0,4.70,4.64,5.19,8.98,VMS 2,,Tanque,,2.70,2.64,2.70,1.50,4.67,4.66,8.71,0.64
05/08/2025 06:31 a. m.,Ordeño,08:08,7.72,2,,,TI,TI,1,TD,2.22,1.86,0.00,0.72,0,0,0,0,4.92,4.85,0.00,7.10,VMS 2,,Tanque,,3.00,2.46,0.00,1.20,3.70,3.67,0.00,0.35
11/08/2025 03:07 p. m.,Ordeño,07:48,18.25,2,,,,,1,TD,2.22,2.04,2.16,0.42,0,0,0,0,4.77,4.99,4.99,6.90,VMS 2,,Tanque,,2.94,2.64,2.64,1.02,5.78,6.41,5.77,0.29
15/08/2025 02:57 a. m.,Ordeño,08:16,18.28,1,,,,,1,TD,2.22,1.98,2.10,0.30,0,0,0,0,5.09,5.00,4.76,6.30,VMS 2,,Tanque,,3.00,2.58,2.64,0.66,5.67,5.95,6.45,0.21
20/08/2025 02:20 p. m.,Ordeño,07:09,12.12,2,,,DI,DI,1,TD,0.00,1.92,1.92,1.02,0,0,0,0,0.00,4.53,5.13,7.44,VMS 2,,Tanque,,0.00,2.52,2.34,1.74,0.00,5.67,5.91,0.54
21/08/2025 09:35 a. m.,Ordeño,07:22,12.99,2,,,,,1,"DD,TD",1.92,2.04,1.74,0.48,0,0,0,0,4.29,5.23,4.29,7.44,VMS 2,,Tanque,,2.70,2.64,2.22,0.90,3.97,4.13,4.54,0.35
22/08/2025 01:33 p. m.,Ordeño,08:26,18.38,2,,,,,1,TD,2.22,2.04,1.98,0.90,0,0,0,0,5.18,5.04,5.19,8.24,VMS 2,,Tanque,,3.00,2.70,2.52,1.56,6.05,5.95,5.69,0.69
23/08/2025 07:20 p. m.,Ordeño,07:01,13.66,3,,,,,1,TD,2.28,1.74,1.86,0.72,0,0,0,0,5.41,5.07,5.07,7.84,VMS 2,,Tanque,,3.24,2.34,2.34,1.44,4.93,4.27,3.91,0.55
25/08/2025 05:50 p. m.,Ordeño,09:06,12.03,3,,DI,,,1,TD,2.22,1.92,1.62,0.48,0,0,0,0,5.25,5.14,5.25,7.57,VMS 2,,Tanque,,2.76,2.88,2.52,1.20,3.73,3.95,3.97,0.38
26/08/2025 01:35 a. m.,Ordeño,10:45,11.69,1,,,,,1,TD,1.98,2.04,1.74,0.48,0,0,0,0,5.18,5.06,5.22,7.77,VMS 2,,Tanque,,2.88,2.70,2.28,1.14,3.90,3.86,3.71,0.22
26/08/2025 07:23 p. m.,Ordeño,08:51,15.86,3,,,,,1,"TI,TD",2.22,1.98,1.80,0.72,0,0,0,0,4.46,4.87,5.45,7.97,VMS 2,,Tanque,,2.82,2.52,2.22,1.20,3.43,4.56,7.47,0.40
28/08/2025 03:13 p. m.,Ordeño,08:45,13.27,2,,,,,1,TD,2.10,1.98,1.56,0.78,0,0,0,0,4.95,4.93,5.08,7.57,VMS 2,,Tanque,,2.64,2.52,1.98,1.26,4.13,4.55,4.10,0.49
30/08/2025 01:13 a. m.,Ordeño,07:16,11.82,1,,,,,1,TD,2.16,1.92,1.74,0.72,0,0,0,0,5.13,4.96,5.23,8.17,VMS 2,,Tanque,,2.70,2.52,2.28,1.38,3.66,4.16,3.55,0.45
30/08/2025 02:44 p. m.,Ordeño,08:36,17.47,2,,,,,1,TD,2.16,1.80,1.80,0.42,0,0,0,0,5.36,5.16,5.30,6.70,VMS 2,,Tanque,,2.82,2.28,2.46,1.08,5.57,5.91,5.69,0.30
01/09/2025 02:53 a. m.,Ordeño,07:33,18.31,1,,,,,1,TD,2.28,1.80,2.04,0.66,0,0,0,0,5.08,4.73,5.52,8.44,VMS 2,,Tanque,,2.94,2.28,2.52,1.20,4.53,4.88,8.51,0.39
01/09/2025 01:35 p. m.,Ordeño,07:01,12.79,2,,,,,1,TD,2.16,1.80,1.74,0.54,0,0,0,0,4.94,4.92,4.74,7.30,VMS 2,,Tanque,,3.12,2.34,2.22,1.14,4.06,4.64,3.76,0.33
03/09/2025 01:10 a. m.,Ordeño,06:26,14.91,1,,,,,1,TD,2.28,1.98,2.10,0.78,0,0,0,0,4.88,4.61,5.34,8.11,VMS 2,,Tanque,,2.94,2.58,2.82,1.32,3.62,3.99,6.80,0.50
03/09/2025 03:37 p. m.,Ordeño,09:00,18.99,2,,,,,1,TD,2.34,2.16,2.16,0.48,0,0,0,0,5.28,5.07,5.47,7.44,VMS 2,,Tanque,,2.88,3.00,2.70,1.08,5.35,6.85,6.47,0.32
10/09/2025 03:21 a. m.,Ordeño,06:56,11.96,1,,,,,1,TD,2.22,1.98,1.92,0.36,0,0,0,0,4.59,4.68,4.93,6.77,VMS 2,,Tanque,,2.94,2.52,2.40,0.66,4.00,3.77,3.79,0.40
12/09/2025 05:29 p. m.,Ordeño,06:34,13.58,2,,,,,1,TD,2.28,1.86,2.04,0.78,0,0,0,0,4.94,4.62,5.21,9.18,VMS 2,,Tanque,,2.82,2.34,2.58,1.32,4.02,3.29,5.83,0.44
14/09/2025 08:16 a. m.,Ordeño,08:03,8.55,1,,,TI,TI,1,TD,2.04,1.98,0.00,0.78,0,0,0,0,4.73,4.98,0.00,8.04,VMS 2,,Tanque,,3.00,2.52,0.00,1.32,3.88,4.26,0.00,0.41
14/09/2025 05:39 p. m.,Ordeño,07:51,16.91,2,,,,TD,1,TD,2.22,1.98,2.04,0.30,0,0,0,0,4.95,4.70,5.26,6.50,VMS 2,,Tanque,,2.70,2.58,2.76,0.60,4.05,4.50,8.17,0.19
16/09/2025 11:22 p. m.,Ordeño,08:26,11.66,3,,,,TD,1,TD,2.04,1.80,1.80,0.24,0,0,0,0,4.81,4.59,4.82,5.90,VMS 2,,Tanque,,3.00,2.52,2.70,0.48,3.79,3.97,3.75,0.15
18/09/2025 11:17 a. m.,Ordeño,06:54,10.34,2,,TD,,TD,1,TD,1.92,2.04,1.74,0.42,0,0,0,0,5.31,5.28,5.26,7.24,VMS 2,,Tanque,,2.46,3.06,2.16,0.78,3.28,3.29,3.60,0.17
19/09/2025 05:52 p. m.,Ordeño,06:28,16.02,2,,,,,1,TD,2.04,2.22,1.86,0.84,0,0,0,0,5.23,5.27,5.46,9.92,VMS 2,,Tanque,,2.58,2.94,2.34,1.38,5.22,4.80,5.45,0.55
20/09/2025 02:43 a. m.,Ordeño,09:12,13.05,1,,,,,1,TD,2.16,2.22,1.86,0.48,0,0,0,0,5.18,5.26,5.27,8.44,VMS 2,,Tanque,,2.82,2.94,2.40,1.02,4.15,4.39,4.27,0.24
20/09/2025 01:40 p. m.,Ordeño,10:52,14.72,2,,DI,,,1,TD,2.22,1.98,1.92,0.36,0,0,0,0,4.78,4.85,5.12,6.70,VMS 2,,Tanque,,3.42,3.12,2.46,0.78,4.44,5.15,4.83,0.30
24/09/2025 12:07 a. m.,Ordeño,09:09,9.05,1,,DI,,,1,TD,2.10,1.86,1.62,0.42,0,0,0,0,4.92,4.74,4.93,7.04,VMS 2,,Tanque,,3.06,2.70,2.34,0.72,2.45,3.35,2.97,0.28
25/09/2025 03:40 a. m.,Ordeño,06:37,12.77,1,,,,,1,TD,2.16,1.92,1.80,0.60,0,0,0,0,4.83,4.71,4.82,8.04,VMS 2,,Tanque,,2.70,2.52,2.22,1.32,4.14,4.17,3.99,0.47
26/09/2025 08:25 a. m.,Ordeño,09:06,16.47,1,,,,,1,TD,2.16,1.92,2.10,0.36,0,0,0,0,4.99,4.92,5.26,6.23,VMS 2,,Tanque,,2.88,2.70,2.64,0.72,5.08,5.89,5.28,0.22
29/09/2025 06:33 a. m.,Ordeño,07:42,17.66,1,,,,,1,TD,2.34,2.10,2.04,0.66,0,0,0,0,5.01,5.34,5.03,7.57,VMS 2,,Tanque,,2.94,2.70,2.52,1.32,5.43,6.19,5.65,0.39
01/10/2025 02:18 a. m.,Ordeño,10:36,12.64,1,,DI,,,1,TD,2.10,2.10,1.80,0.48,0,0,0,0,4.89,5.02,5.14,7.71,VMS 2,,Tanque,,2.82,2.64,2.22,1.08,3.61,4.39,4.25,0.39
01/10/2025 11:04 a. m.,Ordeño,07:55,12.57,2,,,,,1,TD,2.34,1.74,1.86,0.48,0,0,0,0,4.82,4.22,5.07,7.44,VMS 2,,Tanque,,3.12,2.28,2.28,0.96,4.22,4.34,3.80,0.21
03/10/2025 10:52 p. m.,Ordeño,08:50,7.08,3,,,TI,TI,1,TD,2.10,1.86,0.00,0.60,0,0,0,0,4.83,4.98,0.00,7.17,VMS 2,,Tanque,,2.82,2.40,0.00,1.32,3.16,3.50,0.00,0.42
04/10/2025 09:54 a. m.,Ordeño,08:19,18.34,1,,,,TD,1,,2.22,1.86,2.04,0.00,0,0,0,0,4.69,5.25,5.35,0.00,VMS 2,,Tanque,,3.00,2.52,2.82,0.00,5.12,5.41,7.81,0.00
04/10/2025 08:53 p. m.,Ordeño,09:00,12.80,2,,TI,,,1,TD,2.04,1.74,1.74,0.84,0,0,0,0,4.64,4.72,4.82,7.04,VMS 2,,Tanque,,2.64,2.46,2.34,1.38,4.50,5.20,2.54,0.56
06/10/2025 11:52 p. m.,Ordeño,09:51,9.27,1,,,TI,TI,1,TD,2.10,1.92,0.00,0.60,0,0,0,0,4.57,4.73,0.00,6.35,VMS 2,,Tanque,,2.82,2.58,0.00,1.20,4.32,4.64,0.00,0.31
12/10/2025 09:07 a. m.,Ordeño,05:44,14.36,1,,,,,1,TD,2.34,2.04,1.80,0.96,0,0,0,0,4.43,4.83,4.98,8.64,VMS 2,,Tanque,,2.82,2.64,2.34,1.62,4.53,4.70,4.59,0.54
19/10/2025 06:29 p. m.,Ordeño,08:49,10.76,2,,,TI,TI,1,TD,2.22,2.04,0.00,0.66,0,0,0,0,4.68,4.74,0.00,6.29,VMS 2,,Tanque,,3.78,2.70,0.00,1.14,4.97,5.23,0.00,0.56
20/10/2025 04:46 a. m.,Ordeño,08:54,17.08,1,,,,,1,TD,2.34,1.98,2.34,0.48,0,0,0,0,4.62,4.64,5.13,6.97,VMS 2,,Tanque,,3.06,2.94,2.94,0.96,4.25,4.67,7.89,0.27
20/10/2025 12:21 p. m.,Ordeño,10:00,7.59,2,,,,,1,TD,2.10,1.86,1.86,0.36,0,0,0,0,4.56,4.41,4.48,7.04,VMS 3,,Tanque,,2.64,2.40,2.46,0.96,2.53,2.76,2.07,0.23
15/09/2022 02:07 p. m.,Ordeño,07:06,4.99,1,,,,,0,,1.26,1.08,1.38,1.02,7998,7390,1591,0,3.47,2.81,2.68,2.81,VMS 3,,Divert 3,,2.10,1.98,1.98,1.44,0.97,0.93,1.83,1.26
16/09/2022 01:21 a. m.,Ordeño,09:19,6.59,1,,,,,0,,0.36,0.48,0.48,0.42,7989,3189,1095,1691,2.95,2.48,2.21,2.88,VMS 3,,Divert 3,,0.72,1.38,1.08,1.02,0.97,2.01,1.81,1.80
16/09/2022 02:44 p. m.,Ordeño,05:53,3.87,2,,TI,,TI,0,,0.54,0.66,0.42,0.54,7978,1884,1000,1687,3.99,3.91,2.88,3.26,VMS 3,,Divert 3,,1.68,1.38,0.90,0.96,1.30,1.31,0.14,1.12
16/09/2022 09:46 p. m.,Ordeño,05:54,8.54,3,,,,,0,,0.90,1.02,1.14,0.72,5075,1480,568,773,4.26,4.01,4.17,3.84,VMS 3,,Divert 3,,1.80,1.74,1.92,1.20,1.47,1.97,3.17,1.93
17/09/2022 08:11 a. m.,Ordeño,07:19,8.07,1,,TI,,,0,,1.26,1.26,1.14,0.84,4969,1062,367,0,4.57,4.47,4.27,4.10,VMS 3,,Divert 3,,1.98,1.80,1.68,1.32,1.84,2.15,2.25,1.83
17/09/2022 07:57 p. m.,Ordeño,06:09,10.25,2,,TD,,,0,,1.26,1.32,1.26,0.84,4473,858,365,361,4.85,4.61,4.45,4.44,VMS 3,,Divert 3,,1.86,1.80,1.74,1.38,2.25,2.64,3.29,2.07
18/09/2022 02:38 a. m.,Ordeño,04:45,7.56,1,,TD,,,0,,1.20,1.14,1.26,0.84,3974,955,468,0,4.70,4.43,4.33,4.31,VMS 3,,Divert 3,,1.86,1.80,1.74,1.26,1.69,1.86,2.52,1.49
18/09/2022 02:33 p. m.,Ordeño,05:18,10.63,2,,,,,0,,1.32,1.26,1.26,0.78,2576,549,0,0,4.85,4.68,4.53,4.71,VMS 3,,Divert 3,,1.86,1.86,1.74,1.20,2.33,2.49,3.28,2.53
19/09/2022 03:38 a. m.,Ordeño,05:37,11.83,1,,TD,,,0,,1.32,1.32,1.32,0.84,2370,449,0,0,4.99,4.57,4.46,4.40,VMS 3,,Divert 3,,1.86,1.92,1.74,1.20,2.77,3.03,3.88,2.15
19/09/2022 02:54 p. m.,Ordeño,06:02,12.35,2,,,,,0,,1.38,1.26,1.26,0.84,1678,350,0,0,4.89,4.47,4.45,4.28,VMS 3,,Divert 3,,1.74,1.74,1.74,1.26,2.68,3.08,4.02,2.57
20/09/2022 03:57 a. m.,Ordeño,04:56,8.74,1,,TI,DI,DI,0,,0.00,1.20,1.20,0.90,0,0,0,0,0.00,4.48,4.33,4.16,VMS 3,,Divert 3,,0.00,1.68,1.62,1.32,0.00,3.25,2.83,2.66
20/09/2022 03:52 p. m.,Ordeño,06:16,14.37,2,,,,,0,,1.44,1.32,1.26,0.84,2180,0,0,0,4.85,4.45,4.36,4.30,VMS 3,,Tanque,,1.86,1.86,1.80,1.32,3.57,3.06,4.84,2.90
20/09/2022 10:47 p. m.,Ordeño,04:14,6.36,3,,TD,,,0,,1.26,1.08,1.20,0.78,2974,0,0,0,4.67,4.51,4.55,4.37,VMS 3,,Tanque,,1.74,1.50,1.56,1.14,1.27,1.69,1.84,1.56
21/09/2022 11:08 a. m.,Ordeño,05:54,13.30,1,,,,,0,DD,1.68,1.32,1.32,0.84,0,0,0,0,3.44,4.48,4.30,4.20,VMS 3,,Tanque,,2.40,1.92,1.98,1.38,3.09,3.30,4.06,2.85
21/09/2022 09:05 p. m.,Ordeño,05:55,12.36,2,,,,,0,,1.44,1.26,1.20,0.78,0,0,0,0,4.72,4.39,4.28,4.09,VMS 3,,Tanque,,1.80,1.80,1.62,1.44,2.58,3.21,3.82,2.75
22/09/2022 08:22 a. m.,Ordeño,06:38,13.47,1,,,,,0,,1.38,1.26,1.14,0.90,0,0,0,0,4.57,4.42,4.28,4.28,VMS 3,,Tanque,,1.86,1.62,1.50,1.32,2.97,3.41,4.26,2.83
22/09/2022 04:56 p. m.,Ordeño,05:13,11.35,2,,,,,0,,1.44,1.32,1.20,0.84,0,0,0,0,4.25,4.33,4.27,4.03,VMS 3,,Tanque,,2.04,1.98,1.62,1.32,2.50,2.78,3.47,2.60
23/09/2022 02:55 a. m.,Ordeño,05:28,11.78,1,,,,,0,,1.44,1.38,1.14,0.90,0,0,0,0,4.57,4.47,4.25,4.13,VMS 3,,Tanque,,1.86,1.80,1.56,1.38,2.68,2.95,3.74,2.41
23/09/2022 10:02 a. m.,Ordeño,04:53,9.16,2,,TD,,,0,,1.44,1.14,1.14,0.72,0,0,0,0,4.51,4.32,4.30,3.55,VMS 3,,Tanque,,1.92,1.62,1.56,1.08,1.98,2.47,2.79,1.92
23/09/2022 06:02 p. m.,Ordeño,07:36,11.76,3,,,,,0,,1.38,1.14,1.08,0.78,0,0,0,0,4.45,4.43,4.19,4.01,VMS 3,,Tanque,,2.04,1.62,1.50,1.38,2.58,2.94,3.45,2.79
24/09/2022 02:04 a. m.,Ordeño,05:14,10.90,1,,,,,0,,1.38,1.20,1.20,0.78,0,0,0,0,4.53,4.30,4.24,4.02,VMS 3,,Tanque,,1.80,1.62,1.62,1.38,2.36,2.80,3.34,2.40
24/09/2022 07:27 p. m.,Ordeño,07:59,20.61,2,,TD,,,0,,1.32,1.26,1.26,0.90,0,0,0,0,4.88,4.51,4.48,4.22,VMS 3,,Tanque,,1.74,1.86,1.86,1.38,4.39,5.37,6.56,4.29
25/09/2022 07:18 a. m.,Ordeño,06:01,14.78,1,,TD,,,0,,1.26,1.32,1.26,0.90,0,0,0,0,4.60,4.38,4.36,4.08,VMS 3,,Tanque,,1.68,1.80,1.74,1.38,3.25,3.60,4.56,3.37
25/09/2022 04:56 p. m.,Ordeño,10:55,13.96,2,,,,,0,,1.32,1.44,1.14,1.02,0,0,0,0,4.33,4.15,4.26,3.88,VMS 3,,Tanque,,1.68,2.10,1.56,1.50,3.21,3.41,4.02,3.32
26/09/2022 06:17 a. m.,Ordeño,07:45,19.27,1,,,,,0,DI,1.38,1.38,1.20,0.96,0,0,0,0,4.41,4.25,3.43,3.99,VMS 3,,Tanque,,1.68,1.86,1.68,1.50,4.13,4.73,6.26,4.15
26/09/2022 04:41 p. m.,Ordeño,07:25,10.62,2,,,TI,TI,0,,1.38,1.32,0.00,1.08,0,0,0,0,4.15,4.14,0.00,3.86,VMS 3,,Tanque,,1.98,1.68,0.00,1.62,3.56,3.64,0.00,3.42
26/09/2022 11:11 p. m.,Ordeño,06:31,11.55,3,,,,,0,,1.38,1.20,1.20,0.84,0,0,0,0,4.20,4.15,4.57,3.82,VMS 3,,Tanque,,1.80,1.68,1.74,1.32,2.06,2.31,5.04,2.14
27/09/2022 07:47 a. m.,Ordeño,05:40,11.03,1,,,,,0,,1.56,1.20,1.26,0.72,0,0,0,0,4.25,4.23,4.06,3.41,VMS 3,,Tanque,,1.98,1.56,1.74,1.14,2.69,2.97,3.00,2.37
27/09/2022 03:39 p. m.,Ordeño,05:31,11.08,2,,,,,0,,1.50,1.14,1.26,0.84,0,0,0,0,4.29,4.22,4.23,3.95,VMS 3,,Tanque,,1.92,1.50,1.68,1.50,2.62,2.97,2.76,2.73
28/09/2022 02:53 a. m.,Ordeño,06:06,15.28,1,,,,,0,,1.56,1.32,1.26,0.90,0,0,0,0,4.27,4.27,4.17,3.92,VMS 3,,Tanque,,2.04,1.86,1.68,1.38,3.60,4.03,4.10,3.55
28/09/2022 11:01 a. m.,Ordeño,05:31,11.77,2,,,,,0,,1.50,1.14,1.14,0.78,0,0,0,0,4.22,4.10,4.23,4.13,VMS 3,,Tanque,,1.98,1.62,1.74,1.20,2.65,3.07,3.35,2.70
29/09/2022 04:04 a. m.,Ordeño,08:09,21.02,1,,,,,0,,1.56,1.20,1.20,0.90,0,0,0,0,4.61,4.47,4.35,4.00,VMS 3,,Tanque,,1.92,1.74,1.68,1.38,4.86,5.43,6.00,4.73
29/09/2022 11:38 a. m.,Ordeño,05:25,11.14,2,,,,,0,,1.50,1.08,1.14,0.84,0,0,0,0,4.15,4.08,4.01,3.97,VMS 3,,Tanque,,1.86,1.44,1.68,1.20,2.64,2.82,3.32,2.36
30/09/2022 12:44 a. m.,Ordeño,07:48,17.16,1,,,,,0,,1.44,1.08,1.20,0.78,0,0,0,0,4.29,4.30,4.27,3.76,VMS 3,,Tanque,,1.86,1.62,1.62,1.20,3.70,4.66,4.76,4.04
30/09/2022 08:45 a. m.,Ordeño,07:14,12.37,2,,,,,0,,1.38,1.08,1.20,0.84,0,0,0,0,4.20,4.14,4.16,3.67,VMS 3,,Tanque,,1.80,1.62,1.80,1.20,2.90,3.28,3.43,2.76
30/09/2022 04:09 p. m.,Ordeño,05:43,10.84,3,,,,,0,,1.44,1.08,1.20,0.60,0,0,0,0,4.48,4.32,4.43,3.18,VMS 3,,Tanque,,1.86,1.50,1.86,1.08,2.57,2.83,3.10,2.34
30/09/2022 11:15 p. m.,Ordeño,05:46,10.67,4,,,,,0,,1.32,1.02,1.08,0.78,0,0,0,0,4.34,4.24,4.21,3.83,VMS 3,,Tanque,,1.74,1.50,1.50,1.38,2.57,2.58,3.12,2.40
01/10/2022 08:03 a. m.,Ordeño,05:38,13.26,1,,TI,,,0,,1.32,1.20,1.08,0.84,0,0,0,0,4.48,4.38,4.27,4.09,VMS 3,,Tanque,,1.62,1.68,1.56,1.26,3.28,3.56,3.35,3.07
01/10/2022 05:19 p. m.,Ordeño,06:16,15.10,2,,TI,,,0,,1.32,1.20,1.20,0.84,0,0,0,0,4.57,4.51,4.49,4.12,VMS 3,,Tanque,,1.62,1.74,1.68,1.32,3.40,3.85,4.46,3.39
02/10/2022 07:48 a. m.,Ordeño,07:21,20.19,1,,,,,0,,1.50,1.32,1.20,0.96,0,0,0,0,4.44,4.40,4.31,3.80,VMS 3,,Tanque,,1.92,1.74,1.80,1.38,4.38,5.38,5.77,4.66
02/10/2022 03:50 p. m.,Ordeño,05:02,11.83,2,,TI,,,0,,1.32,1.38,1.14,0.96,0,0,0,0,4.20,4.13,4.27,3.89,VMS 3,,Tanque,,1.68,1.80,1.86,1.68,2.96,3.15,2.92,2.80
03/10/2022 12:26 a. m.,Ordeño,06:35,13.48,1,,,,,0,,1.32,1.44,1.14,0.96,0,0,0,0,4.36,4.28,4.17,3.74,VMS 3,,Tanque,,1.68,1.92,1.74,1.32,3.10,3.28,4.39,2.71
03/10/2022 08:49 a. m.,Ordeño,05:53,13.36,2,,,,,0,,1.38,1.32,1.20,0.84,0,0,0,0,4.35,4.28,4.22,3.63,VMS 3,,Tanque,,1.80,1.74,1.62,1.20,2.92,3.59,3.62,3.23
03/10/2022 07:50 p. m.,Ordeño,07:10,17.34,3,,,,,0,,1.32,1.38,1.14,1.02,0,0,0,0,4.61,4.45,4.39,4.24,VMS 3,,Tanque,,1.80,1.98,1.62,1.50,4.14,4.41,4.87,3.92
04/10/2022 07:27 a. m.,Ordeño,06:55,19.24,1,,,,,0,,1.38,1.50,1.20,1.14,0,0,0,0,4.33,4.33,3.85,4.17,VMS 3,,Tanque,,1.98,1.98,1.74,1.62,4.42,4.77,5.56,4.49
04/10/2022 03:01 p. m.,Ordeño,05:15,11.80,2,,,,,0,,1.38,1.38,1.20,1.02,0,0,0,0,4.29,4.20,4.21,3.99,VMS 3,,Tanque,,1.80,1.80,1.68,1.44,2.83,3.15,3.16,2.66
04/10/2022 11:42 p. m.,Ordeño,05:50,13.70,3,,,,,0,,1.50,1.32,1.32,0.90,0,0,0,0,4.45,4.27,4.31,3.66,VMS 3,,Tanque,,1.92,1.74,1.80,1.32,3.20,3.70,3.47,3.33
05/10/2022 08:55 a. m.,Ordeño,05:37,14.25,1,,,,,0,,1.50,1.32,1.32,1.08,0,0,0,0,4.40,4.27,4.18,4.23,VMS 3,,Tanque,,1.92,1.74,1.74,1.44,3.41,3.71,3.87,3.26
05/10/2022 04:46 p. m.,Ordeño,05:28,13.50,2,,,,,0,,1.56,1.38,1.20,0.96,0,0,0,0,4.24,4.22,4.32,3.65,VMS 3,,Tanque,,1.98,1.92,1.68,1.32,3.17,3.60,3.73,3.00
05/10/2022 11:44 p. m.,Ordeño,06:06,11.81,3,,,,,0,,1.38,1.20,1.08,0.84,0,0,0,0,4.17,4.14,4.16,3.21,VMS 3,,Tanque,,1.74,1.68,1.56,1.86,2.65,2.99,3.01,3.16
06/10/2022 09:40 a. m.,Ordeño,06:26,15.11,1,,TD,,,0,,1.44,1.14,1.20,0.90,0,0,0,0,3.92,4.15,4.21,4.00,VMS 3,,Tanque,,1.86,1.56,1.74,1.50,3.51,3.96,4.03,3.61
06/10/2022 06:09 p. m.,Ordeño,06:35,13.33,2,,,,,0,,1.44,1.02,1.14,0.78,0,0,0,0,4.32,4.23,4.25,3.94,VMS 3,,Tanque,,1.92,1.44,1.62,1.26,3.04,3.45,3.74,3.10
07/10/2022 01:42 a. m.,Ordeño,05:23,12.35,1,,,,,0,,1.38,1.20,1.14,0.96,0,0,0,0,4.31,4.18,4.11,3.88,VMS 3,,Tanque,,1.80,1.68,1.62,1.38,2.92,3.10,3.47,2.86
07/10/2022 09:20 a. m.,Ordeño,05:41,12.77,2,,,,,0,,1.38,1.32,1.20,0.96,0,0,0,0,4.18,4.17,3.76,3.83,VMS 3,,Tanque,,1.80,1.86,1.62,1.38,2.94,3.05,3.76,3.02
07/10/2022 06:35 p. m.,Ordeño,06:06,13.28,3,,,,,0,,1.32,1.26,1.14,0.96,0,0,0,0,4.29,4.23,4.18,4.25,VMS 3,,Tanque,,1.68,1.62,1.68,1.32,3.00,3.27,3.78,3.23
08/10/2022 01:23 a. m.,Ordeño,05:47,11.11,1,,,,,0,,1.32,1.26,1.20,0.90,0,0,0,0,4.29,4.32,4.33,4.15,VMS 3,,Tanque,,1.68,1.80,1.62,1.32,2.52,2.84,3.27,2.48
08/10/2022 11:39 a. m.,Ordeño,06:09,16.26,2,,,,,0,,1.44,1.32,1.32,1.02,0,0,0,0,4.49,4.29,4.31,4.07,VMS 3,,Tanque,,1.80,1.80,1.86,1.44,3.64,4.11,4.41,4.10
08/10/2022 06:33 p. m.,Ordeño,06:51,11.47,3,,,,,0,DI,1.32,1.26,1.20,0.90,0,0,0,0,4.62,3.69,3.62,4.02,VMS 3,,Tanque,,1.74,1.74,1.68,1.68,2.56,2.88,3.31,2.72
09/10/2022 02:11 a. m.,Ordeño,08:32,8.44,1,,,TI,TI,0,,1.26,1.38,0.00,0.90,0,0,0,0,4.17,4.11,0.00,3.43,VMS 3,,Tanque,,1.86,1.86,0.00,1.50,2.61,3.04,0.00,2.79
09/10/2022 02:20 a. m.,Ordeño,11:39,0.60,2,,,TI,"DI,DD,TI",0,,0.36,0.18,0.00,0.18,0,0,0,0,3.75,2.48,0.00,3.62,VMS 3,,Tanque,,0.66,0.36,0.00,0.42,0.17,0.17,0.00,0.26
09/10/2022 01:28 p. m.,Ordeño,10:10,10.95,3,,,TI,TI,0,,1.26,1.32,0.00,1.02,0,0,0,0,4.40,4.30,0.00,4.10,VMS 3,,Tanque,,1.62,1.86,0.00,1.44,3.07,4.11,0.00,3.77
09/10/2022 09:39 p. m.,Ordeño,07:51,15.85,4,,,,,0,TI,1.32,1.20,1.38,0.84,0,0,0,0,4.13,4.17,4.59,3.39,VMS 3,,Tanque,,1.74,1.62,1.86,1.26,3.33,3.12,6.34,3.06
10/10/2022 09:38 a. m.,Ordeño,07:27,17.66,1,,,,,0,,1.32,1.26,1.20,0.96,0,0,0,0,4.48,4.52,4.50,3.85,VMS 3,,Tanque,,1.74,1.68,1.56,1.74,4.43,4.66,3.80,4.77
10/10/2022 06:41 p. m.,Ordeño,06:39,13.70,2,,,,,0,,1.44,1.20,1.20,0.84,0,0,0,0,4.35,4.31,4.51,3.98,VMS 3,,Tanque,,1.74,1.68,1.68,1.26,3.22,3.76,3.13,3.59
11/10/2022 07:06 a. m.,Ordeño,07:36,18.70,1,,,,,0,,1.50,1.26,1.32,0.84,0,0,0,0,4.45,4.31,4.56,3.64,VMS 3,,Tanque,,1.86,1.80,1.68,1.56,4.24,5.01,4.78,4.67
11/10/2022 03:41 p. m.,Ordeño,05:41,13.73,2,,,,,0,,1.38,1.38,1.20,0.96,0,0,0,0,4.23,4.26,4.43,3.97,VMS 3,,Tanque,,1.74,1.86,1.68,1.32,3.19,3.59,3.70,3.25
12/10/2022 02:13 a. m.,Ordeño,07:04,15.94,1,,,,,0,"DI,DD",1.44,1.32,1.32,0.84,0,0,0,0,4.49,4.47,4.38,3.34,VMS 3,,Tanque,,1.86,1.74,2.04,1.32,3.60,3.99,4.34,4.01
12/10/2022 09:11 a. m.,Ordeño,05:53,12.19,2,,,,,0,,1.32,1.26,1.20,0.90,0,0,0,0,4.47,4.45,4.54,3.96,VMS 3,,Tanque,,1.68,1.68,1.68,1.26,2.89,3.10,3.27,2.93
12/10/2022 05:07 p. m.,Ordeño,06:22,13.40,3,,,,,0,DI,1.44,1.32,1.38,0.78,0,0,0,0,4.64,4.44,4.55,3.59,VMS 3,,Tanque,,1.86,1.74,1.74,1.32,3.15,3.38,3.58,3.29
12/10/2022 11:51 p. m.,Ordeño,05:00,11.46,4,,,,,0,,1.38,1.38,1.26,0.96,0,0,0,0,4.39,4.38,4.42,3.90,VMS 3,,Tanque,,1.86,1.86,1.62,1.44,2.61,2.94,3.18,2.73
13/10/2022 06:30 a. m.,Ordeño,05:21,11.65,1,,,,,0,,1.26,1.26,1.20,0.96,0,0,0,0,4.34,4.23,4.22,3.96,VMS 3,,Tanque,,1.80,1.74,1.62,1.56,2.77,2.93,3.29,2.66
13/10/2022 07:41 p. m.,Ordeño,06:21,19.01,2,,,,,0,,1.50,1.32,1.32,1.08,0,0,0,0,5.25,4.95,4.75,4.48,VMS 3,,Tanque,,1.86,1.98,1.80,1.68,4.24,5.04,5.23,4.50
14/10/2022 03:24 a. m.,Ordeño,05:14,12.06,1,,,,,0,,1.50,1.32,1.38,1.02,0,0,0,0,4.33,4.28,4.19,4.08,VMS 3,,Tanque,,1.80,1.80,1.74,1.50,2.57,2.91,3.45,3.13
14/10/2022 01:39 p. m.,Ordeño,05:56,16.39,2,,,,,0,,1.44,1.32,1.32,1.02,0,0,0,0,4.52,4.41,4.35,4.27,VMS 3,,Tanque,,1.92,1.68,1.74,1.44,3.56,4.04,4.72,4.07
14/10/2022 10:20 p. m.,Ordeño,05:54,15.11,3,,,,,0,,1.38,1.38,1.26,0.96,0,0,0,0,4.66,4.51,4.37,4.08,VMS 3,,Tanque,,1.74,1.92,1.86,1.50,3.56,3.75,4.29,3.51
15/10/2022 08:58 a. m.,Ordeño,06:30,18.96,1,,,,,0,,1.44,1.38,1.26,1.02,0,0,0,0,4.81,4.72,4.57,4.32,VMS 3,,Tanque,,1.86,1.98,1.74,1.56,4.31,4.83,5.33,4.49
15/10/2022 04:13 p. m.,Ordeño,05:27,13.28,2,,,,,0,,1.38,1.26,1.20,0.96,0,0,0,0,4.55,4.43,4.31,3.79,VMS 3,,Tanque,,1.74,1.80,1.62,1.44,2.96,3.40,3.56,3.36
16/10/2022 12:38 a. m.,Ordeño,05:51,15.13,1,,,,,0,,1.38,1.38,1.32,1.08,0,0,0,0,4.57,4.50,4.29,4.19,VMS 3,,Tanque,,1.80,1.86,1.80,1.56,3.38,3.77,4.15,3.83
16/10/2022 09:15 a. m.,Ordeño,06:19,16.24,2,,,,,0,,1.56,1.32,1.38,1.26,0,0,0,0,4.36,4.18,4.22,3.72,VMS 3,,Tanque,,1.98,1.86,1.86,2.76,3.14,3.76,4.34,5.00
16/10/2022 06:24 p. m.,Ordeño,05:52,16.15,3,,,,,0,,1.44,1.44,1.32,1.02,0,0,0,0,4.52,4.44,4.38,3.95,VMS 3,,Tanque,,1.86,1.98,1.68,1.38,3.68,4.01,4.65,3.81
17/10/2022 04:09 a. m.,Ordeño,06:10,15.78,1,,,,,0,,1.44,1.44,1.32,1.02,0,0,0,0,4.40,4.30,4.32,4.07,VMS 3,,Tanque,,1.92,1.86,1.80,1.44,3.65,3.86,4.63,3.64
17/10/2022 05:00 p. m.,Ordeño,07:46,21.14,2,,,,,0,,1.50,1.38,1.38,0.96,0,0,0,0,4.74,4.56,4.67,4.00,VMS 3,,Tanque,,1.80,1.86,1.92,1.50,4.82,5.42,5.94,4.96
18/10/2022 07:36 a. m.,Ordeño,07:28,22.83,1,,,,,0,,1.38,1.56,1.44,1.14,0,0,0,0,4.30,4.34,4.20,4.17,VMS 3,,Tanque,,1.74,2.04,2.04,1.98,4.72,5.78,6.96,5.37
18/10/2022 07:52 p. m.,Ordeño,06:32,18.73,2,,,,,0,,1.38,1.38,1.20,1.20,0,0,0,0,4.55,4.50,4.53,4.37,VMS 2,,Tanque,,1.80,1.98,1.62,1.80,4.30,4.41,5.03,4.99
19/10/2022 04:20 a. m.,Ordeño,08:00,13.86,1,,,,,0,,1.38,1.20,1.02,1.08,0,0,0,0,4.53,4.63,4.61,4.38,VMS 2,,Tanque,,1.80,1.80,1.44,1.50,3.11,3.34,3.64,3.77
19/10/2022 12:51 p. m.,Ordeño,07:28,13.26,2,,,,,0,,1.56,1.32,1.20,1.08,0,0,0,0,4.61,4.56,4.60,4.19,VMS 2,,Tanque,,1.98,1.80,1.56,1.44,3.00,3.24,3.55,3.47
19/10/2022 07:48 p. m.,Ordeño,04:27,8.69,3,,,,,0,,1.44,1.32,1.20,1.08,0,0,0,0,4.48,4.42,4.41,4.18,VMS 2,,Tanque,,2.04,1.74,1.62,1.44,1.99,2.01,2.29,2.40
20/10/2022 08:41 a. m.,Ordeño,05:46,17.72,1,,,,,0,,1.56,1.50,1.38,1.32,0,0,0,0,4.74,4.77,4.59,4.46,VMS 2,,Tanque,,2.04,1.98,1.74,1.74,3.94,4.31,4.76,4.71
20/10/2022 04:33 p. m.,Ordeño,04:57,10.90,2,,,,,0,,1.50,1.32,1.32,1.26,0,0,0,0,4.71,4.61,4.70,4.34,VMS 2,,Tanque,,1.98,1.80,2.10,1.62,2.41,2.56,2.97,2.96
21/10/2022 06:51 a. m.,Ordeño,06:56,20.26,1,,,,,0,,1.56,1.38,1.38,1.20,0,0,0,0,4.73,4.79,4.71,4.46,VMS 2,,Tanque,,1.98,2.10,1.74,1.68,4.22,4.91,5.55,5.58
21/10/2022 10:01 p. m.,Ordeño,07:04,22.98,2,,,,,0,,1.62,1.38,1.44,1.32,0,0,0,0,4.84,4.82,4.80,4.50,VMS 2,,Tanque,,2.28,1.92,1.98,1.80,5.25,5.42,6.11,6.20
22/10/2022 07:58 a. m.,Ordeño,07:25,12.61,1,,"DI,TI",,,0,,1.56,1.56,1.32,1.26,0,0,0,0,4.48,4.57,4.14,4.43,VMS 2,,Tanque,,1.98,1.98,1.74,1.68,2.68,3.03,3.43,3.47
22/10/2022 09:21 p. m.,Ordeño,06:30,17.85,2,,,,,0,,1.62,1.44,1.32,1.20,0,0,0,0,4.81,4.83,4.56,4.57,VMS 2,,Tanque,,2.10,1.86,1.80,1.62,4.32,4.23,4.49,4.81
23/10/2022 06:56 a. m.,Ordeño,05:43,16.45,1,,,,,0,,1.44,1.38,1.32,1.26,0,0,0,0,4.01,4.83,4.60,4.45,VMS 2,,Tanque,,1.98,1.80,1.80,1.68,4.01,3.84,4.33,4.27
23/10/2022 04:38 p. m.,Ordeño,05:29,16.00,2,,,,,0,,1.50,1.38,1.38,1.32,0,0,0,0,4.59,4.59,4.58,4.40,VMS 2,,Tanque,,1.98,1.86,1.74,1.80,3.73,3.80,4.31,4.16
23/10/2022 11:18 p. m.,Ordeño,04:24,9.31,3,,,,,0,,1.44,1.44,1.32,1.08,0,0,0,0,4.53,4.53,4.52,4.37,VMS 2,,Tanque,,1.86,1.92,1.68,1.56,2.06,2.26,2.47,2.52
24/10/2022 06:59 a. m.,Ordeño,06:55,11.24,1,,,,,0,,1.38,1.26,1.14,1.14,0,0,0,0,4.59,4.65,4.69,4.37,VMS 2,,Tanque,,2.04,1.74,1.44,1.62,2.49,2.70,3.01,3.04
24/10/2022 02:53 p. m.,Ordeño,05:56,14.58,2,,,,,0,,1.56,1.32,1.38,1.20,0,0,0,0,5.01,4.91,4.94,4.70,VMS 2,,Tanque,,2.16,1.86,1.86,1.62,3.35,3.53,3.83,3.87
25/10/2022 06:58 a. m.,Ordeño,08:40,24.13,1,,,,,0,,1.68,1.38,1.50,1.32,0,0,0,0,5.02,4.96,4.86,4.79,VMS 2,,Tanque,,2.04,1.86,1.86,1.86,5.32,5.82,6.30,6.69
25/10/2022 05:18 p. m.,Ordeño,05:58,17.00,2,,,,,0,,1.50,1.20,1.32,1.26,0,0,0,0,5.10,4.93,4.96,4.84,VMS 2,,Tanque,,2.10,1.80,1.92,1.86,3.91,4.03,4.52,4.54
26/10/2022 12:54 a. m.,Ordeño,04:57,12.55,1,,,,,0,,1.62,1.32,1.38,1.26,0,0,0,0,4.97,4.72,4.79,4.48,VMS 2,,Tanque,,2.16,1.80,1.68,1.68,2.83,3.02,3.33,3.37
26/10/2022 11:45 a. m.,Ordeño,06:20,18.41,2,,,,,0,,1.68,1.32,1.26,1.26,0,0,0,0,5.17,5.00,4.36,4.76,VMS 2,,Tanque,,2.10,1.68,1.80,1.68,4.22,4.50,4.71,4.98
26/10/2022 07:07 p. m.,Ordeño,05:11,13.74,3,,,,,0,,1.56,1.50,1.44,1.20,0,0,0,0,5.14,5.00,4.85,4.77,VMS 2,,Tanque,,2.10,1.98,1.80,1.74,3.13,3.31,3.67,3.63
27/10/2022 02:41 a. m.,Ordeño,05:29,14.09,1,,,,,0,,1.56,1.32,1.38,1.20,0,0,0,0,5.10,4.91,4.89,4.67,VMS 2,,Tanque,,2.04,1.74,1.74,1.62,3.15,3.36,3.68,3.90
27/10/2022 12:44 p. m.,Ordeño,03:56,10.15,2,,Todos,,,0,,1.50,1.56,1.38,1.20,0,0,0,0,5.38,5.44,5.25,5.04,VMS 2,,Tanque,,1.86,2.16,1.80,1.62,2.16,2.72,2.76,2.51
27/10/2022 07:40 p. m.,Ordeño,06:25,21.09,3,,,,,0,,1.68,1.32,1.50,1.32,0,0,0,0,5.25,4.80,4.82,4.83,VMS 2,,Tanque,,2.16,1.86,2.04,1.80,4.92,4.89,5.63,5.65
28/10/2022 07:30 a. m.,Ordeño,06:57,20.62,1,,,,,0,,1.68,1.44,1.38,1.14,0,0,0,0,5.09,5.08,4.93,4.32,VMS 2,,Tanque,,2.16,1.92,1.86,1.62,4.81,4.92,5.48,5.41
28/10/2022 06:06 p. m.,Ordeño,06:11,19.74,2,,TD,,,0,,1.68,1.32,1.38,1.26,0,0,0,0,5.20,4.86,4.52,4.85,VMS 2,,Tanque,,2.16,1.80,1.92,1.74,4.64,4.66,5.39,5.05
29/10/2022 02:19 a. m.,Ordeño,05:22,15.57,1,,,,,0,,1.62,1.50,1.44,1.26,0,0,0,0,5.11,5.01,4.84,4.81,VMS 2,,Tanque,,2.10,1.92,1.86,1.74,3.76,3.48,4.22,4.11
29/10/2022 10:20 a. m.,Ordeño,05:30,15.03,2,,,,,0,,1.56,1.44,1.38,1.32,0,0,0,0,4.95,4.95,4.82,4.64,VMS 2,,Tanque,,1.98,1.86,1.86,1.68,3.36,3.44,4.13,4.10
29/10/2022 07:22 p. m.,Ordeño,05:46,16.47,3,,,,,0,,1.56,1.50,1.44,1.20,0,0,0,0,5.06,5.07,4.90,4.21,VMS 2,,Tanque,,2.10,2.10,1.80,1.74,3.71,3.93,4.35,4.48
30/10/2022 01:54 a. m.,Ordeño,05:17,14.38,1,,,,,0,,1.56,1.38,1.38,1.26,0,0,0,0,5.20,5.19,4.96,4.88,VMS 2,,Tanque,,2.04,1.86,1.74,1.74,3.33,3.47,3.65,3.93
30/10/2022 12:52 p. m.,Ordeño,06:55,19.46,2,,,,,0,,1.68,1.56,1.38,1.32,0,0,0,0,5.07,5.12,4.86,4.58,VMS 2,,Tanque,,2.16,2.04,1.92,1.98,4.69,4.49,5.37,4.91
30/10/2022 10:37 p. m.,Ordeño,06:08,17.03,3,,,,,0,,1.62,1.44,1.32,1.26,0,0,0,0,4.82,4.84,4.76,4.60,VMS 2,,Tanque,,2.04,2.10,1.62,1.80,3.86,4.01,4.49,4.67
31/10/2022 08:23 a. m.,Ordeño,06:02,17.82,1,,,,,0,,1.68,1.38,1.38,1.20,0,0,0,0,4.96,4.99,4.81,4.67,VMS 2,,Tanque,,2.16,1.80,1.74,1.68,4.03,4.29,4.74,4.76
31/10/2022 10:11 p. m.,Ordeño,07:11,22.29,2,,,,,0,,1.68,1.50,1.38,1.38,0,0,0,0,5.20,5.17,5.07,5.06,VMS 2,,Tanque,,2.10,1.98,1.80,1.80,4.54,5.04,6.68,6.03
01/11/2022 10:12 a. m.,Ordeño,07:23,20.85,1,,,,,0,,1.68,1.38,1.44,1.14,0,0,0,0,5.35,5.17,4.98,4.87,VMS 2,,Tanque,,2.10,1.92,1.86,1.74,4.77,5.04,5.50,5.54
01/11/2022 06:01 p. m.,Ordeño,05:16,13.57,2,,,,,0,,1.50,1.26,1.32,1.14,0,0,0,0,5.11,5.10,4.88,4.88,VMS 2,,Tanque,,2.16,1.74,1.68,1.68,3.19,3.19,3.52,3.67
02/11/2022 06:31 a. m.,Ordeño,08:49,15.23,1,,,TI,TI,0,,1.68,1.26,0.00,1.14,0,0,0,0,5.36,5.28,0.00,4.95,VMS 2,,Tanque,,2.28,1.74,0.00,1.62,4.09,5.19,0.00,5.95
02/11/2022 05:01 p. m.,Ordeño,07:35,21.38,2,,,,,0,,1.62,1.38,1.38,1.26,0,0,0,0,5.19,5.21,4.97,4.94,VMS 2,,Tanque,,2.16,2.10,1.92,1.74,4.46,4.48,7.31,5.13
03/11/2022 12:07 a. m.,Ordeño,06:04,11.19,1,,,,,0,,1.38,0.96,0.90,0.90,0,0,0,0,5.00,4.95,4.71,4.78,VMS 2,,Tanque,,1.92,1.32,1.20,1.26,2.79,2.66,2.54,3.20
03/11/2022 10:15 a. m.,Ordeño,06:12,17.53,2,,,,,0,,1.74,1.44,1.20,1.38,0,0,0,0,5.45,5.45,4.94,5.40,VMS 2,,Tanque,,2.22,1.92,1.68,1.92,4.27,4.29,4.33,4.64
03/11/2022 07:13 p. m.,Ordeño,06:00,15.85,3,,,,,0,,1.68,1.26,1.32,1.20,0,330,0,0,5.30,5.27,5.18,5.08,VMS 2,,Tanque,,2.04,1.86,1.68,1.68,3.71,3.94,3.78,4.42
04/11/2022 07:15 a. m.,Ordeño,06:22,21.21,1,,,,,0,,1.68,1.38,1.44,1.32,0,0,0,0,5.17,5.08,5.04,4.94,VMS 2,,Tanque,,2.10,1.80,1.86,1.74,4.90,5.18,5.33,5.80
04/11/2022 04:31 p. m.,Ordeño,05:32,16.59,2,,,,,0,,1.74,1.32,1.50,1.32,0,0,0,0,5.03,4.88,4.84,4.68,VMS 2,,Tanque,,2.40,1.80,1.92,1.80,3.94,3.86,4.40,4.39
05/11/2022 01:30 a. m.,Ordeño,05:28,16.04,1,,,,,0,,1.68,1.32,1.32,1.26,0,0,0,0,4.90,4.73,4.85,4.67,VMS 2,,Tanque,,2.22,1.86,1.80,1.68,3.67,3.73,4.27,4.37
05/11/2022 03:37 p. m.,Ordeño,09:13,23.01,2,,,,,0,,1.68,1.26,1.38,1.26,0,0,0,0,5.02,5.14,4.99,4.82,VMS 2,,Tanque,,2.10,1.86,1.86,1.92,5.36,5.20,5.88,6.57
06/11/2022 12:48 a. m.,Ordeño,06:21,12.07,1,,,DD,DD,0,,1.68,0.00,1.32,1.26,0,0,0,0,4.91,0.00,4.78,4.55,VMS 2,,Tanque,,2.28,0.00,1.74,1.74,3.51,0.00,4.31,4.25
06/11/2022 04:42 p. m.,Ordeño,07:19,25.99,2,,,,,0,,1.68,1.44,1.38,1.44,0,0,0,0,4.96,5.53,5.05,5.23,VMS 2,,Tanque,,2.22,1.92,1.86,1.86,5.68,6.16,6.99,7.16
07/11/2022 04:01 a. m.,Ordeño,06:41,18.32,1,,,,,0,,1.56,1.38,1.26,1.32,0,0,0,0,5.12,5.06,4.68,4.76,VMS 2,,Tanque,,2.16,1.98,1.80,1.98,4.56,3.46,5.43,4.87
07/11/2022 01:09 p. m.,Ordeño,06:10,16.37,2,,,,,0,,1.62,1.32,1.20,1.26,0,0,0,0,5.18,5.32,4.77,4.97,VMS 2,,Tanque,,2.04,1.74,1.62,1.80,3.98,3.40,4.59,4.40
07/11/2022 06:37 p. m.,Ordeño,04:23,10.82,3,,,,,0,,1.50,1.26,1.32,1.26,0,0,0,0,5.24,5.51,4.90,5.12,VMS 2,,Tanque,,1.98,1.86,1.80,1.74,2.65,2.39,2.93,2.85
07/11/2022 11:32 p. m.,Ordeño,04:14,8.80,4,,,,,0,,1.50,1.26,1.26,1.14,0,0,0,0,5.24,5.35,4.85,5.06,VMS 2,,Tanque,,1.98,1.74,1.62,1.68,2.07,2.02,2.29,2.42
08/11/2022 07:21 a. m.,Ordeño,05:31,15.40,1,,,,,0,,1.56,1.50,1.26,1.26,0,0,0,0,5.64,5.87,5.35,5.66,VMS 2,,Tanque,,1.92,2.04,1.62,1.50,3.56,3.52,4.11,4.21
08/11/2022 04:04 p. m.,Ordeño,05:48,17.60,2,,,,,0,,1.62,1.56,1.32,1.32,0,0,0,0,5.35,5.62,4.89,5.39,VMS 2,,Tanque,,2.16,2.04,1.92,1.80,4.28,4.05,4.79,4.48
08/11/2022 10:44 p. m.,Ordeño,04:42,12.78,3,,,,,0,,1.62,1.38,1.38,1.26,0,0,0,0,5.17,5.14,4.94,4.98,VMS 2,,Tanque,,2.04,1.80,1.74,1.62,2.92,2.93,3.53,3.40
09/11/2022 07:05 a. m.,Ordeño,06:00,16.64,1,,,,,0,,1.56,1.62,1.26,1.38,0,0,0,0,5.52,5.71,5.12,5.42,VMS 2,,Tanque,,1.98,2.10,1.74,1.80,3.95,3.88,4.54,4.27
09/11/2022 02:53 p. m.,Ordeño,05:20,15.56,2,,,,,0,,1.56,1.50,1.32,1.32,0,0,0,0,5.51,5.57,5.16,5.33,VMS 2,,Tanque,,1.98,2.22,1.74,1.68,3.82,3.62,4.18,3.94
09/11/2022 11:18 p. m.,Ordeño,05:44,16.67,3,,,,,0,,1.62,1.44,1.38,1.32,0,0,0,0,5.37,5.32,5.01,5.14,VMS 2,,Tanque,,2.10,1.92,1.74,1.74,3.75,3.92,4.63,4.37
10/11/2022 10:28 a. m.,Ordeño,07:04,20.92,1,,,,,0,,1.68,1.50,1.44,1.38,0,0,0,0,5.18,5.33,4.93,4.93,VMS 2,,Tanque,,2.28,2.04,1.92,2.10,4.42,5.08,5.49,5.93
10/11/2022 05:40 p. m.,Ordeño,04:56,12.95,2,,,,,0,,1.68,1.38,1.32,1.38,0,0,0,0,5.11,5.04,4.80,4.94,VMS 2,,Tanque,,2.10,1.86,1.80,1.86,2.99,3.02,3.39,3.55
11/11/2022 12:37 a. m.,Ordeño,05:09,14.19,1,,,,,0,,1.62,1.38,1.26,1.26,0,0,0,0,5.38,5.44,4.95,5.20,VMS 2,,Tanque,,2.16,1.80,1.68,1.68,3.26,3.30,3.89,3.74
11/11/2022 01:00 p. m.,Ordeño,06:45,21.47,2,,,,,0,,1.80,1.44,1.50,1.26,0,0,0,0,5.11,5.09,4.84,4.86,VMS 2,,Tanque,,2.28,1.98,1.98,1.86,4.82,5.22,5.70,5.73
11/11/2022 10:33 p. m.,Ordeño,05:43,16.11,3,,,,,0,,1.80,1.38,1.26,1.26,0,0,0,0,4.99,4.83,4.75,4.67,VMS 2,,Tanque,,2.40,1.86,1.68,1.86,3.64,3.90,4.17,4.40
12/11/2022 09:38 a. m.,Ordeño,06:27,20.95,1,,,,,0,,1.68,1.50,1.38,1.44,0,0,0,0,5.39,5.35,5.00,5.17,VMS 2,,Tanque,,2.10,1.92,1.80,2.04,5.02,4.98,5.85,5.10
12/11/2022 04:59 p. m.,Ordeño,06:11,15.13,2,,,,,0,,1.56,1.44,1.32,1.32,0,0,0,0,5.12,5.01,4.89,4.74,VMS 2,,Tanque,,2.22,1.98,1.80,1.74,3.70,3.45,4.12,3.86
13/11/2022 12:26 a. m.,Ordeño,05:38,14.77,1,,,,,0,,1.50,1.32,1.20,1.14,0,0,0,0,5.18,5.09,4.90,4.80,VMS 2,,Tanque,,1.98,1.62,1.62,1.50,3.50,3.42,4.00,3.85
13/11/2022 11:00 a. m.,Ordeño,06:24,20.72,2,,,,,0,,1.74,1.56,1.38,1.26,0,0,0,0,5.38,5.43,5.13,4.98,VMS 2,,Tanque,,2.16,1.98,1.86,1.74,4.59,5.08,5.59,5.46
13/11/2022 03:39 p. m.,Ordeño,05:00,8.76,3,,,,,0,,1.56,1.32,1.26,1.26,0,0,0,0,4.97,4.94,4.80,4.71,VMS 2,,Tanque,,2.04,1.74,1.80,1.74,2.01,2.03,2.44,2.28
14/11/2022 01:10 a. m.,Ordeño,06:41,18.00,1,,,,,0,,1.62,1.44,1.32,1.20,0,0,0,0,4.86,5.08,4.93,4.84,VMS 2,,Tanque,,2.22,1.98,1.62,1.74,4.30,4.20,4.81,4.69
14/11/2022 09:46 a. m.,Ordeño,05:38,16.44,2,,,,,0,,1.62,1.50,1.38,1.20,0,0,0,0,4.98,5.02,4.84,4.52,VMS 2,,Tanque,,2.04,2.04,1.80,1.86,3.54,3.92,4.52,4.46
14/11/2022 03:41 p. m.,Ordeño,04:34,12.33,3,,,,,0,,1.68,1.32,1.44,1.32,0,0,0,0,5.00,4.84,4.74,4.72,VMS 2,,Tanque,,2.16,1.80,1.98,1.68,2.91,2.88,3.29,3.25
14/11/2022 10:25 p. m.,Ordeño,04:43,12.58,4,,,,,0,,1.62,1.38,1.38,1.26,0,0,0,0,4.86,4.78,4.76,4.56,VMS 2,,Tanque,,2.10,1.80,1.68,1.68,2.89,2.88,3.45,3.36
15/11/2022 01:27 p. m.,Ordeño,07:12,24.44,1,,,,,0,,1.68,1.44,1.44,1.38,0,0,0,0,5.05,5.20,4.87,4.98,VMS 2,,Tanque,,2.22,1.98,1.92,1.92,5.15,5.96,6.53,6.80
15/11/2022 09:05 p. m.,Ordeño,05:24,14.87,2,,,,,0,,1.80,1.50,1.56,1.26,0,0,0,0,4.76,4.75,4.56,4.41,VMS 2,,Tanque,,2.28,1.86,2.10,1.98,3.48,3.38,4.17,3.84
16/11/2022 07:30 a. m.,Ordeño,05:50,18.50,1,,,,,0,,1.56,1.50,1.44,1.44,0,0,0,0,4.98,5.01,4.85,4.86,VMS 2,,Tanque,,2.04,1.92,1.80,1.92,4.35,4.21,5.30,4.64
16/11/2022 12:27 p. m.,Ordeño,03:55,9.34,2,,,,,0,,1.56,1.38,1.44,1.26,0,0,0,0,4.77,4.74,4.63,4.62,VMS 2,,Tanque,,1.98,1.86,1.86,1.68,2.29,2.07,2.62,2.36
16/11/2022 11:30 p. m.,Ordeño,05:57,19.45,3,,,,,0,,1.68,1.56,1.44,1.38,0,0,0,0,5.06,5.01,4.83,4.87,VMS 2,,Tanque,,2.40,2.04,2.04,1.80,4.39,4.55,5.40,5.11
17/11/2022 10:16 a. m.,Ordeño,05:57,19.73,1,,,,,0,,1.74,1.68,1.56,1.50,0,0,0,0,4.91,5.02,4.78,4.72,VMS 2,,Tanque,,2.22,2.28,2.22,1.98,4.52,4.69,5.57,4.95
17/11/2022 06:54 p. m.,Ordeño,05:07,15.52,2,,,,,0,,1.62,1.44,1.50,1.32,0,0,0,0,4.65,4.68,4.59,4.44,VMS 2,,Tanque,,2.04,1.86,1.92,1.92,3.55,3.60,4.19,4.18
18/11/2022 06:33 a. m.,Ordeño,06:46,21.51,1,,,,,0,,1.56,1.62,1.38,1.32,0,0,0,0,4.92,4.95,4.76,4.67,VMS 2,,Tanque,,1.98,2.04,1.92,1.86,5.04,4.88,6.01,5.58
18/11/2022 12:40 p. m.,Ordeño,04:36,11.72,2,,,,,0,,1.62,1.50,1.44,1.26,0,0,0,0,4.78,4.74,4.61,4.56,VMS 2,,Tanque,,2.04,1.98,1.92,1.68,2.81,2.63,3.30,2.98
18/11/2022 07:05 p. m.,Ordeño,04:30,12.12,3,,,,,0,,1.62,1.38,1.44,1.38,0,0,0,0,4.84,4.88,4.76,4.81,VMS 2,,Tanque,,2.04,1.74,1.74,1.86,2.72,2.75,3.32,3.33
18/11/2022 11:40 p. m.,Ordeño,04:27,9.41,4,,,,,0,,1.56,1.38,1.32,1.32,0,0,0,0,5.18,5.27,4.96,5.16,VMS 2,,Tanque,,2.34,2.04,1.62,1.74,2.19,2.20,2.56,2.46
19/11/2022 08:39 a. m.,Ordeño,05:43,17.79,1,,,,,0,,1.68,1.56,1.50,1.32,0,0,0,0,5.37,5.34,5.11,5.09,VMS 2,,Tanque,,2.58,2.16,1.86,1.80,4.00,4.16,4.85,4.78
19/11/2022 03:42 p. m.,Ordeño,04:45,14.10,2,,,,,0,,1.68,1.44,1.50,1.26,0,0,0,0,5.17,5.17,5.04,4.93,VMS 2,,Tanque,,2.04,1.92,1.92,1.62,3.19,3.35,3.91,3.65
19/11/2022 10:35 p. m.,Ordeño,05:07,13.54,3,,,,,0,,1.62,1.44,1.44,1.38,0,0,0,0,5.07,5.17,4.89,4.91,VMS 2,,Tanque,,2.22,1.92,1.80,1.86,3.04,3.08,3.77,3.65
20/11/2022 09:26 a. m.,Ordeño,07:06,19.24,1,,,,,0,,1.68,1.32,1.32,1.08,0,0,0,0,5.12,5.14,4.96,4.81,VMS 2,,Tanque,,2.16,1.80,1.74,1.68,4.20,4.69,5.38,4.97
20/11/2022 05:58 p. m.,Ordeño,05:52,15.07,2,,,,,0,,1.62,1.56,1.44,1.32,0,0,0,0,4.90,4.87,4.76,4.75,VMS 2,,Tanque,,2.16,2.04,1.86,1.74,3.46,3.33,4.14,4.14
21/11/2022 12:55 a. m.,Ordeño,04:49,11.88,1,,,,,0,,1.62,1.50,1.38,1.38,0,0,0,0,5.01,4.93,4.59,4.84,VMS 2,,Tanque,,2.16,2.04,1.86,1.80,2.72,2.66,3.37,3.13
21/11/2022 09:24 a. m.,Ordeño,04:58,14.34,2,,,,,0,,1.62,1.50,1.44,1.32,0,0,0,0,5.14,5.07,4.87,4.96,VMS 2,,Tanque,,2.10,2.04,1.86,1.68,3.28,3.35,3.90,3.81
21/11/2022 04:35 p. m.,Ordeño,04:35,11.30,3,,,,,0,,1.56,1.50,1.32,1.38,0,0,0,0,4.91,4.88,4.75,4.76,VMS 2,,Tanque,,2.10,1.92,1.74,1.80,2.64,2.54,3.15,2.97
22/11/2022 01:30 a. m.,Ordeño,06:11,15.54,1,,,,,0,,1.62,1.56,1.32,1.32,0,0,0,0,4.98,5.21,4.69,4.89,VMS 2,,Tanque,,2.10,2.22,1.74,1.86,3.60,3.55,4.18,4.21
22/11/2022 12:28 p. m.,Ordeño,05:29,18.27,2,,,,,0,,1.74,1.62,1.50,1.56,0,0,0,0,5.07,5.14,4.92,4.84,VMS 2,,Tanque,,2.16,2.04,2.04,1.98,4.08,4.22,5.12,4.85
22/11/2022 07:08 p. m.,Ordeño,04:21,10.67,3,,,,,0,,1.50,1.38,1.38,1.38,0,0,0,0,4.75,4.80,4.68,4.72,VMS 2,,Tanque,,1.98,1.80,1.86,1.80,2.39,2.42,2.92,2.94
23/11/2022 06:50 a. m.,Ordeño,05:20,14.84,1,,,,,0,,1.62,1.44,1.50,1.32,0,0,0,0,5.49,5.50,5.21,5.11,VMS 2,,Tanque,,1.98,1.92,1.86,1.80,3.17,3.89,3.75,4.03
23/11/2022 11:34 a. m.,Ordeño,04:04,9.77,2,,,,,0,,1.56,1.56,1.44,1.50,0,0,0,0,4.71,4.82,4.57,4.65,VMS 2,,Tanque,,2.04,2.16,2.10,2.10,2.31,2.26,2.53,2.67
23/11/2022 07:09 p. m.,Ordeño,04:36,11.91,3,,,,,0,,1.56,1.38,1.38,1.38,0,0,0,0,4.93,4.88,4.83,4.78,VMS 2,,Tanque,,2.04,1.80,1.74,1.80,2.72,2.63,3.29,3.27
24/11/2022 01:11 a. m.,Ordeño,04:31,11.26,1,,,,,0,,1.50,1.44,1.26,1.38,0,0,0,0,5.17,5.18,4.98,5.24,VMS 2,,Tanque,,1.98,1.92,1.68,1.80,2.53,2.55,3.11,3.07
24/11/2022 12:52 p. m.,Ordeño,06:44,20.70,2,,,,,0,,1.74,1.50,1.56,1.38,0,0,0,0,5.55,5.72,5.28,5.23,VMS 2,,Tanque,,2.22,2.28,2.34,1.86,4.65,4.80,5.69,5.56
24/11/2022 10:32 p. m.,Ordeño,05:02,14.24,3,,,,,0,,1.56,1.38,1.44,1.56,0,0,0,0,4.90,4.93,4.80,4.80,VMS 2,,Tanque,,1.92,1.86,1.86,1.98,3.27,3.18,3.99,3.80
25/11/2022 07:01 a. m.,Ordeño,04:58,12.80,1,,,,,0,,1.44,1.38,1.32,1.38,0,0,0,0,5.06,4.97,4.92,5.02,VMS 2,,Tanque,,1.86,1.80,1.68,1.86,2.87,2.92,3.65,3.36
25/11/2022 02:52 p. m.,Ordeño,04:55,13.45,2,,,,,0,,1.56,1.26,1.44,1.32,0,0,0,0,5.44,5.23,5.26,5.37,VMS 2,,Tanque,,1.98,1.86,1.80,1.86,2.89,3.02,3.86,3.68
25/11/2022 10:31 p. m.,Ordeño,05:05,12.91,3,,,,,0,,1.44,1.26,1.32,1.32,0,0,0,0,4.50,5.36,5.23,5.41,VMS 2,,Tanque,,2.04,1.62,1.68,1.68,3.08,2.80,3.57,3.46
26/11/2022 04:11 a. m.,Ordeño,04:18,10.53,1,,,,,0,,1.56,1.26,1.32,1.32,0,0,0,0,5.71,5.56,5.45,5.66,VMS 2,,Tanque,,2.10,1.68,1.68,1.74,2.39,2.32,2.85,2.97
26/11/2022 01:03 p. m.,Ordeño,05:00,13.98,2,,,,,0,,1.62,1.26,1.44,1.32,0,0,0,0,5.01,5.10,4.99,5.00,VMS 2,,Tanque,,1.98,1.80,1.86,1.68,3.08,3.18,3.98,3.74
26/11/2022 09:07 p. m.,Ordeño,04:58,12.87,3,,,,,0,,1.56,1.26,1.38,1.32,0,0,0,0,4.96,4.91,4.88,4.95,VMS 2,,Tanque,,1.98,1.86,1.92,1.92,2.78,2.85,3.63,3.61
27/11/2022 07:04 a. m.,Ordeño,05:20,16.35,1,,,,,0,,1.62,1.38,1.44,1.38,0,0,0,0,5.15,5.20,5.00,5.09,VMS 2,,Tanque,,2.04,1.74,1.92,1.80,3.72,3.72,4.52,4.39
27/11/2022 01:09 p. m.,Ordeño,04:28,11.10,2,,,,,0,,1.50,1.38,1.38,1.44,0,0,0,0,4.88,4.87,4.86,4.82,VMS 2,,Tanque,,1.86,1.74,1.80,1.80,2.46,2.48,3.14,3.02
27/11/2022 08:49 p. m.,Ordeño,05:00,11.95,3,,,,,0,,1.44,1.38,1.38,1.38,0,0,0,0,4.82,4.79,4.80,4.69,VMS 2,,Tanque,,1.80,1.80,1.74,1.98,2.65,2.59,3.47,3.24
28/11/2022 03:04 a. m.,Ordeño,04:40,11.69,1,,,,,0,,1.44,1.32,1.32,1.26,0,0,0,0,5.17,5.12,5.00,5.08,VMS 2,,Tanque,,1.86,1.80,1.62,1.68,2.70,2.55,3.25,3.19
28/11/2022 08:49 a. m.,Ordeño,04:26,10.79,2,,,,,0,,1.50,1.32,1.32,1.32,0,0,0,0,5.36,5.37,5.20,5.24,VMS 2,,Tanque,,1.86,1.80,1.62,1.80,2.48,2.38,2.91,3.02
28/11/2022 01:47 p. m.,Ordeño,04:25,9.07,3,,,,,0,,1.44,1.20,1.32,1.32,0,0,0,0,5.63,5.71,5.47,5.57,VMS 2,,Tanque,,1.98,1.62,1.62,1.68,2.06,2.02,2.43,2.56
28/11/2022 10:38 p. m.,Ordeño,06:07,14.91,4,,,,,0,,1.56,1.44,1.32,1.32,0,0,0,0,5.42,5.46,5.25,5.37,VMS 2,,Tanque,,1.92,1.80,1.62,1.68,3.41,3.52,4.05,3.93
29/11/2022 04:48 a. m.,Ordeño,04:38,11.39,1,,,,,0,,1.56,1.26,1.38,1.20,0,0,0,0,5.03,5.00,4.85,4.68,VMS 2,,Tanque,,1.98,1.62,1.74,1.68,2.59,2.57,3.09,3.14
29/11/2022 10:19 a. m.,Ordeño,03:59,7.37,2,,,,,0,,1.38,1.26,1.32,1.32,0,0,0,0,5.04,5.13,5.12,5.29,VMS 2,,Tanque,,1.86,1.74,1.68,2.10,1.46,1.67,2.05,2.19
29/11/2022 04:28 p. m.,Ordeño,04:41,12.66,3,,,,,0,,1.50,1.32,1.38,1.32,0,0,0,0,4.97,4.92,4.87,4.94,VMS 2,,Tanque,,1.86,1.68,1.68,1.86,2.79,2.86,3.57,3.44
29/11/2022 11:52 p. m.,Ordeño,05:33,13.24,4,,,,,0,,1.50,1.32,1.38,1.32,0,0,0,0,5.03,4.99,4.92,5.02,VMS 2,,Tanque,,1.86,1.74,1.74,1.74,2.94,2.91,3.71,3.68
30/11/2022 07:04 a. m.,Ordeño,05:35,12.59,1,,,,,0,,1.62,1.26,1.38,1.38,0,0,0,0,5.07,4.93,4.91,4.65,VMS 2,,Tanque,,2.16,1.68,1.74,1.80,2.76,2.84,3.43,3.56
30/11/2022 12:48 p. m.,Ordeño,04:33,9.96,2,,,,,0,,1.50,1.26,1.38,1.32,0,0,0,0,4.81,4.83,4.69,4.77,VMS 2,,Tanque,,1.86,1.68,1.86,1.74,2.22,2.30,2.81,2.63
30/11/2022 07:18 p. m.,Ordeño,05:08,10.45,3,,,,,0,,1.44,1.20,1.26,1.26,0,0,0,0,4.76,4.80,4.75,4.65,VMS 2,,Tanque,,1.80,1.56,1.62,1.62,2.36,2.24,2.78,3.07
01/12/2022 12:42 a. m.,Ordeño,04:37,9.20,1,,,,,0,,1.44,1.20,1.32,1.20,0,0,0,0,4.88,4.80,4.67,4.74,VMS 2,,Tanque,,1.80,1.68,1.80,1.74,2.14,2.09,2.52,2.45
01/12/2022 09:36 a. m.,Ordeño,07:25,15.47,2,,,,,0,,1.62,1.32,1.44,1.32,0,0,0,0,5.36,5.13,5.02,5.06,VMS 2,,Tanque,,2.28,1.74,1.86,1.80,3.41,3.49,4.18,4.39
01/12/2022 05:26 p. m.,Ordeño,07:23,14.20,3,,,,,0,,1.56,1.08,1.26,1.20,0,0,0,0,4.88,4.64,4.77,4.67,VMS 2,,Tanque,,1.98,1.44,1.62,1.68,3.21,3.16,4.02,3.81
01/12/2022 11:16 p. m.,Ordeño,04:30,10.31,4,,,,,0,,1.44,1.20,1.26,1.26,0,0,0,0,4.75,4.73,4.62,4.66,VMS 2,,Tanque,,1.80,1.74,1.74,1.74,2.33,2.34,2.78,2.86
02/12/2022 03:59 a. m.,Ordeño,06:39,8.13,1,,,,,0,,1.44,1.20,1.20,1.26,0,0,0,0,5.02,4.82,4.82,4.77,VMS 2,,Tanque,,1.86,1.62,1.62,1.62,1.85,1.82,2.14,2.32
02/12/2022 09:08 a. m.,Ordeño,07:32,6.32,2,,,TI,TI,0,,1.38,1.14,0.00,1.20,0,0,0,0,5.10,4.95,0.00,4.97,VMS 2,,Tanque,,1.80,1.56,0.00,1.56,2.03,1.91,0.00,2.38
02/12/2022 01:31 p. m.,Ordeño,10:37,4.67,3,,,TI,TI,0,,1.14,1.14,0.00,1.20,0,0,0,0,4.95,4.89,0.00,4.78,VMS 2,,Tanque,,1.68,1.56,0.00,1.56,1.51,1.32,0.00,1.84
02/12/2022 06:21 p. m.,Ordeño,07:59,5.99,4,,DI,TI,TI,0,,1.50,1.32,0.00,1.20,0,0,0,0,4.73,4.70,0.00,4.79,VMS 2,,Tanque,,1.98,1.74,0.00,1.50,1.91,2.05,0.00,2.03
02/12/2022 11:43 p. m.,Ordeño,08:04,12.82,5,,,,,0,,1.38,1.32,1.44,1.32,0,0,0,0,4.74,4.67,5.21,4.61,VMS 2,,Tanque,,1.74,1.62,1.98,1.80,2.12,2.11,5.91,2.68
03/12/2022 07:54 a. m.,Ordeño,06:28,13.39,1,,,,,0,,1.62,1.26,1.38,1.32,0,0,0,0,4.79,4.67,4.55,4.08,VMS 2,,Tanque,,2.16,1.68,1.80,1.86,3.02,3.22,2.93,4.22
03/12/2022 03:43 p. m.,Ordeño,05:06,12.29,2,,,,,0,,1.38,1.38,1.32,1.26,0,0,0,0,4.73,4.79,4.80,4.77,VMS 2,,Tanque,,1.92,1.74,1.68,1.68,2.98,3.14,2.43,3.74
03/12/2022 10:47 p. m.,Ordeño,04:59,10.32,3,,,,,0,,1.38,1.20,1.20,1.14,0,0,0,0,4.57,4.13,4.81,4.44,VMS 2,,Tanque,,1.68,1.80,1.56,1.56,2.42,2.53,2.22,3.15
04/12/2022 07:50 a. m.,Ordeño,06:40,15.80,1,,,,,0,,1.50,1.32,1.44,1.26,0,0,0,0,5.26,5.27,5.33,5.18,VMS 2,,Tanque,,1.86,1.62,1.98,1.74,3.69,3.67,3.83,4.61
04/12/2022 02:31 p. m.,Ordeño,05:19,11.26,2,,,,,0,,1.44,1.32,1.44,1.20,0,0,0,0,4.98,5.01,5.15,4.76,VMS 2,,Tanque,,1.74,1.68,1.80,1.68,2.56,2.65,2.84,3.21
04/12/2022 11:01 p. m.,Ordeño,05:04,13.48,3,,,,,0,,1.38,1.38,1.32,1.32,0,0,0,0,4.69,4.81,4.98,4.69,VMS 2,,Tanque,,1.74,1.80,1.74,1.68,3.10,3.06,3.58,3.74
05/12/2022 06:57 a. m.,Ordeño,05:06,13.33,1,,,,,0,,1.68,1.32,1.56,1.32,0,0,0,0,4.90,4.81,4.93,4.66,VMS 2,,Tanque,,2.10,1.80,1.98,1.86,2.95,3.08,3.48,3.82
05/12/2022 01:45 p. m.,Ordeño,08:08,11.74,2,,,,,0,,1.50,1.26,1.44,1.26,0,0,0,0,4.85,4.94,4.95,4.82,VMS 2,,Tanque,,1.92,1.68,1.80,1.74,2.68,2.56,3.14,3.36
05/12/2022 11:23 p. m.,Ordeño,06:50,16.74,3,,,,,0,,1.50,1.08,1.32,1.26,0,0,0,0,4.44,4.41,4.43,4.75,VMS 2,,Tanque,,2.16,1.62,1.80,1.68,3.90,3.72,4.86,4.26
06/12/2022 06:55 a. m.,Ordeño,05:27,12.92,1,,,,,0,,1.62,1.32,1.44,1.38,0,0,0,0,4.97,4.88,4.96,4.76,VMS 2,,Tanque,,2.10,1.74,1.86,1.80,2.88,2.82,3.59,3.63
06/12/2022 04:56 p. m.,Ordeño,05:40,16.09,2,,,,,0,,1.50,1.44,1.38,1.26,0,0,0,0,4.71,4.80,4.80,4.45,VMS 2,,Tanque,,1.92,1.86,1.86,1.80,3.61,3.56,4.55,4.37
07/12/2022 12:14 a. m.,Ordeño,06:07,12.54,1,,,,,0,DI,1.50,1.32,1.38,1.26,0,0,0,0,4.93,4.84,4.79,3.67,VMS 2,,Tanque,,2.04,1.68,1.74,1.68,2.82,2.85,3.60,3.27
07/12/2022 08:03 a. m.,Ordeño,09:16,13.43,2,,,,,0,,1.50,1.32,1.32,1.26,0,0,0,0,5.04,5.05,5.00,4.88,VMS 2,,Tanque,,1.98,1.86,1.86,1.80,2.98,3.01,3.49,3.95
07/12/2022 03:57 p. m.,Ordeño,07:24,13.29,3,,,,,0,,1.38,1.20,1.14,1.38,0,0,0,0,4.70,4.79,4.18,4.68,VMS 2,,Tanque,,1.92,1.62,1.62,1.80,2.89,2.82,4.03,3.55
08/12/2022 12:46 a. m.,Ordeño,06:17,15.27,1,,,,,0,,1.50,1.38,1.08,1.44,0,0,0,0,4.97,4.93,4.25,4.81,VMS 2,,Tanque,,1.92,1.80,1.56,1.98,3.52,3.26,4.38,4.11
08/12/2022 09:15 a. m.,Ordeño,06:20,15.68,2,,,,,0,,1.56,1.32,1.14,1.38,0,0,0,0,5.09,5.08,4.55,4.37,VMS 2,,Tanque,,2.04,1.74,1.74,1.86,3.53,3.32,4.28,4.55
08/12/2022 02:26 p. m.,Ordeño,03:50,8.74,3,,,,,0,,1.50,1.32,1.38,1.26,0,0,0,0,4.89,4.93,4.82,4.73,VMS 2,,Tanque,,1.86,1.74,1.86,1.68,2.07,1.96,2.37,2.34
08/12/2022 09:37 p. m.,Ordeño,04:50,11.81,4,,,,,0,,1.44,1.32,1.32,1.50,0,0,0,0,5.01,4.93,4.80,5.15,VMS 2,,Tanque,,1.80,1.74,1.68,1.92,2.69,2.56,3.21,3.35
09/12/2022 03:12 a. m.,Ordeño,04:14,10.30,1,,,,,0,,1.50,1.32,1.32,1.38,0,0,0,0,5.09,5.04,4.88,5.03,VMS 2,,Tanque,,1.92,1.62,1.62,1.74,2.35,2.37,2.71,2.87
09/12/2022 10:22 a. m.,Ordeño,06:06,12.73,2,,,,,0,,1.50,1.44,1.38,1.50,0,0,0,0,5.09,5.14,4.86,5.07,VMS 2,,Tanque,,1.86,1.92,1.80,1.86,2.91,2.93,3.59,3.30
09/12/2022 05:11 p. m.,Ordeño,05:39,12.54,3,,,,,0,,1.38,1.38,1.20,1.44,0,0,0,0,4.55,4.79,4.48,4.81,VMS 2,,Tanque,,1.92,1.74,1.68,1.92,2.83,2.81,3.42,3.48
10/12/2022 02:19 a. m.,Ordeño,06:57,16.98,1,,,,,0,,1.44,1.44,1.32,1.44,0,0,0,0,5.15,5.18,4.97,4.93,VMS 2,,Tanque,,1.80,1.86,1.80,2.04,3.88,3.72,4.77,4.61
10/12/2022 10:27 a. m.,Ordeño,05:49,15.41,2,,,,,0,,1.50,1.38,1.44,1.56,0,0,0,0,5.25,5.14,5.13,4.98,VMS 2,,Tanque,,1.92,1.80,1.86,2.04,3.48,3.50,4.03,4.40
10/12/2022 04:23 p. m.,Ordeño,04:37,9.93,3,,,,,0,,1.56,1.32,1.32,1.44,0,0,0,0,4.72,4.68,4.79,4.91,VMS 2,,Tanque,,1.98,1.62,1.74,1.86,2.33,2.27,2.64,2.69
11/12/2022 12:46 a. m.,Ordeño,05:19,13.80,1,,,,,0,,1.56,1.38,1.26,1.44,0,0,0,0,5.00,5.07,4.63,4.87,VMS 2,,Tanque,,1.98,1.98,1.74,2.16,3.05,3.10,3.84,3.81
11/12/2022 06:19 a. m.,Ordeño,04:56,11.16,2,,,,,0,,1.50,1.32,1.20,1.38,0,0,0,0,5.14,5.07,4.85,4.51,VMS 2,,Tanque,,1.92,1.68,1.62,1.86,2.50,2.38,3.09,3.19
11/12/2022 01:49 p. m.,Ordeño,09:34,13.25,3,,,,,0,,1.44,1.26,1.26,1.38,0,0,0,0,5.13,5.13,5.03,5.14,VMS 2,,Tanque,,1.80,1.62,1.68,1.92,2.92,2.97,3.70,3.66
11/12/2022 08:54 p. m.,Ordeño,09:35,12.65,4,,DI,,,0,,1.44,1.44,1.14,1.32,0,0,0,0,4.83,4.93,4.85,4.42,VMS 2,,Tanque,,1.86,1.80,1.44,1.98,3.03,2.86,3.24,3.52
12/12/2022 03:20 a. m.,Ordeño,05:59,12.50,1,,,,,0,,1.44,1.14,1.32,1.38,0,0,0,0,5.08,4.67,4.79,4.56,VMS 2,,Tanque,,1.86,1.62,1.74,1.92,2.74,2.79,3.55,3.42
12/12/2022 01:00 p. m.,Ordeño,07:28,15.85,2,,,,,0,,1.50,1.32,1.38,1.44,0,0,0,0,4.77,4.82,4.59,4.85,VMS 2,,Tanque,,2.04,1.80,1.80,2.04,3.52,3.54,4.21,4.58
12/12/2022 06:35 p. m.,Ordeño,04:28,10.09,3,,,,,0,,1.44,1.26,1.26,1.26,0,0,0,0,4.66,4.63,4.52,4.62,VMS 2,,Tanque,,1.98,1.74,1.74,1.74,2.16,2.21,2.83,2.89
13/12/2022 02:55 a. m.,Ordeño,05:24,14.43,1,,,,,0,,1.44,1.44,1.32,1.44,0,0,0,0,4.85,4.87,4.71,4.66,VMS 2,,Tanque,,1.80,1.80,1.74,1.86,3.21,3.13,4.06,4.03
13/12/2022 10:29 a. m.,Ordeño,05:28,10.99,2,,,,,0,,1.32,1.26,1.20,1.26,0,0,0,0,4.65,4.64,4.46,4.73,VMS 2,,Tanque,,1.80,1.68,1.68,1.56,2.38,2.42,3.05,3.14
13/12/2022 07:24 p. m.,Ordeño,05:02,11.16,3,,,,,0,,1.20,1.32,1.26,1.14,0,0,0,0,4.92,4.79,4.72,4.80,VMS 2,,Tanque,,1.62,1.74,1.56,1.56,2.51,2.46,3.02,3.17
14/12/2022 10:17 a. m.,Ordeño,08:14,19.25,1,,,,,0,,1.50,1.38,1.32,1.20,0,0,0,0,5.17,5.19,4.98,4.76,VMS 2,,Tanque,,1.86,1.80,1.68,1.68,3.77,3.96,5.32,6.20
14/12/2022 06:45 p. m.,Ordeño,13:22,6.70,2,,,"DD,TI","DD,TI",0,,1.26,0.00,0.00,1.32,0,0,0,0,4.76,0.00,0.00,4.19,VMS 2,,Tanque,,1.92,0.00,0.00,1.74,2.67,0.00,0.00,4.03
15/12/2022 03:16 a. m.,Ordeño,07:32,18.57,1,,,,,0,,1.38,1.50,1.32,1.26,0,0,0,0,4.90,4.77,4.87,4.42,VMS 2,,Tanque,,1.74,1.92,1.74,1.80,3.70,4.39,6.44,4.04
15/12/2022 05:11 p. m.,Ordeño,07:58,21.35,2,,,,,0,,1.38,1.32,1.26,1.32,0,0,0,0,5.28,5.07,4.95,5.21,VMS 2,,Tanque,,1.86,1.68,1.62,1.86,5.24,4.39,5.39,6.33
16/12/2022 12:23 a. m.,Ordeño,06:07,10.01,1,,,,,0,DD,1.26,1.20,1.08,1.32,0,0,0,0,4.39,4.67,4.14,3.88,VMS 2,,Tanque,,1.74,1.62,1.56,1.80,2.25,1.99,2.69,3.08
16/12/2022 07:43 a. m.,Ordeño,06:05,13.21,2,,,,,0,,1.32,1.38,1.20,1.26,0,0,0,0,5.04,5.39,4.77,5.10,VMS 2,,Tanque,,1.92,1.74,1.74,1.74,3.02,2.78,3.57,3.84
16/12/2022 05:52 p. m.,Ordeño,06:11,18.51,3,,,,,0,,1.50,1.50,1.38,1.32,0,0,0,0,5.65,5.72,5.42,5.65,VMS 2,,Tanque,,1.92,2.04,1.80,1.74,4.27,3.82,5.21,5.21
16/12/2022 11:19 p. m.,Ordeño,06:31,9.91,4,,,,,0,,1.38,1.32,1.20,1.38,0,0,0,0,5.17,5.33,5.10,4.83,VMS 2,,Tanque,,1.68,1.68,1.56,1.86,2.38,2.08,2.61,2.84
17/12/2022 07:24 a. m.,Ordeño,10:13,10.51,1,,,TI,TI,0,,1.32,1.38,0.00,1.56,0,0,0,0,5.41,5.55,0.00,5.51,VMS 2,,Tanque,,1.98,1.80,0.00,2.22,3.25,3.15,0.00,4.11
17/12/2022 05:06 p. m.,Ordeño,07:12,19.83,2,,,,,0,,1.56,1.50,1.44,1.68,0,0,0,0,5.38,5.49,5.32,5.25,VMS 2,,Tanque,,1.92,1.86,2.04,2.34,4.64,3.74,6.28,5.17
18/12/2022 01:48 a. m.,Ordeño,06:52,11.62,1,,,TI,TI,0,,1.50,1.56,0.00,1.56,0,0,0,0,5.11,5.35,0.00,5.19,VMS 2,,Tanque,,1.80,1.98,0.00,2.04,3.72,3.50,0.00,4.40
18/12/2022 10:01 a. m.,Ordeño,06:38,18.64,2,,,,,0,,1.56,1.50,1.44,1.62,0,0,0,0,5.15,5.47,5.22,5.13,VMS 2,,Tanque,,1.92,1.92,1.92,2.16,3.78,3.81,6.34,4.71
18/12/2022 07:35 p. m.,Ordeño,09:40,12.86,3,,,TI,TI,0,,1.56,1.50,0.00,1.56,0,0,0,0,5.09,5.13,0.00,5.01,VMS 2,,Tanque,,2.76,1.86,0.00,2.10,3.77,4.00,0.00,5.09
19/12/2022 02:41 a. m.,Ordeño,10:41,9.47,1,,,TI,TI,0,,1.44,1.32,0.00,1.50,0,0,0,0,5.17,5.06,0.00,4.56,VMS 2,,Tanque,,1.80,1.74,0.00,1.92,2.41,3.10,0.00,3.96
19/12/2022 02:48 p. m.,Ordeño,07:22,20.28,2,,,,,0,,1.56,1.50,1.50,1.62,0,0,0,0,4.83,4.81,5.11,4.75,VMS 2,,Tanque,,1.92,1.86,1.86,2.16,4.40,4.08,6.41,5.39
20/12/2022 02:28 a. m.,Ordeño,09:35,14.17,1,,,TI,TI,0,,1.44,1.56,0.00,1.44,0,0,0,0,4.95,5.08,0.00,4.86,VMS 2,,Tanque,,2.10,1.98,0.00,1.92,4.18,4.44,0.00,5.55
20/12/2022 04:26 p. m.,Ordeño,06:47,24.35,2,,,,,0,,1.62,1.56,1.56,1.68,0,0,0,0,5.17,5.11,5.05,4.97,VMS 2,,Tanque,,2.04,2.04,2.04,2.10,5.41,5.41,6.55,6.98
20/12/2022 11:23 p. m.,Ordeño,08:15,10.78,3,,,,,0,,1.50,1.44,1.20,1.32,0,0,0,0,4.66,4.60,4.77,4.48,VMS 2,,Tanque,,2.04,1.92,1.62,1.92,2.43,2.62,2.35,3.38
21/12/2022 08:45 a. m.,Ordeño,05:33,15.98,1,,,,,0,,1.62,1.50,1.44,1.56,0,0,0,0,5.13,5.28,5.22,4.88,VMS 2,,Tanque,,1.98,2.10,1.92,2.04,3.75,3.89,3.59,4.75
21/12/2022 04:49 p. m.,Ordeño,06:54,13.54,2,,,,,0,,1.56,1.38,1.26,1.44,0,0,0,0,5.01,5.05,5.20,4.71,VMS 2,,Tanque,,2.16,1.74,1.68,1.92,3.16,3.09,3.27,4.02
22/12/2022 07:10 a. m.,Ordeño,07:44,6.45,1,,,"DI,DD,TI","DI,DD,TI",0,,0.00,0.00,0.00,1.56,0,0,0,0,0.00,0.00,0.00,5.13,VMS 2,,Tanque,,0.00,0.00,0.00,1.98,0.00,0.00,0.00,6.45
22/12/2022 05:32 p. m.,Ordeño,06:45,9.75,2,,,"DD,TI","DD,TI",0,,1.62,0.00,0.00,1.44,0,0,0,0,5.57,0.00,0.00,4.61,VMS 2,,Tanque,,1.98,0.00,0.00,1.86,4.30,0.00,0.00,5.45
23/12/2022 01:40 a. m.,Ordeño,14:07,7.40,1,,,"DI,TI","DI,TI",0,,0.00,1.38,0.00,1.38,0,0,0,0,0.00,5.54,0.00,4.86,VMS 2,,Tanque,,0.00,1.86,0.00,1.80,0.00,3.30,0.00,4.10
23/12/2022 11:57 a. m.,Ordeño,06:32,20.48,2,,,,,0,,1.68,1.38,1.50,1.44,0,0,0,0,5.30,5.08,4.78,4.95,VMS 2,,Tanque,,2.22,1.86,1.92,1.86,4.52,4.29,5.51,6.16
23/12/2022 10:43 p. m.,Ordeño,07:25,18.70,3,,,,,0,DI,1.56,1.38,1.38,1.44,0,0,0,0,5.33,5.26,4.95,4.23,VMS 2,,Tanque,,2.04,1.80,1.74,1.92,4.19,3.57,4.13,6.81
24/12/2022 07:49 a. m.,Ordeño,07:22,15.94,1,,,,,0,,1.62,1.32,1.50,1.32,0,0,0,0,5.26,5.33,5.11,4.73,VMS 2,,Tanque,,2.10,1.74,1.86,1.92,3.78,3.02,3.90,5.24
24/12/2022 02:17 p. m.,Ordeño,05:16,10.34,2,,,,,0,,1.50,1.26,1.38,1.32,0,0,0,0,5.13,5.25,5.07,4.78,VMS 2,,Tanque,,2.16,1.68,1.86,1.68,2.44,2.11,2.60,3.19
24/12/2022 10:41 p. m.,Ordeño,05:32,14.34,3,,,,,0,,1.56,1.44,1.50,1.26,0,0,0,0,5.21,5.39,5.12,4.92,VMS 2,,Tanque,,1.92,1.74,1.98,1.68,3.26,2.88,3.84,4.36
25/12/2022 07:12 a. m.,Ordeño,06:24,15.15,1,,,,,0,,1.62,1.50,1.38,1.50,0,0,0,0,5.39,5.62,5.27,5.09,VMS 2,,Tanque,,2.04,1.98,1.74,1.92,3.59,3.24,3.96,4.36
25/12/2022 03:23 p. m.,Ordeño,08:01,11.51,2,,,,,0,,1.44,1.44,1.02,1.44,0,0,0,0,4.68,4.93,4.85,4.56,VMS 2,,Tanque,,2.16,1.80,1.38,1.98,2.62,2.50,3.03,3.36
26/12/2022 01:21 a. m.,Ordeño,08:43,16.88,1,,,,,0,,1.56,1.50,1.44,1.50,0,0,0,0,4.96,5.08,4.88,4.51,VMS 2,,Tanque,,2.10,1.86,1.86,2.10,3.97,3.69,4.38,4.84
26/12/2022 09:54 a. m.,Ordeño,06:25,10.69,2,,,TI,TI,0,,1.68,1.44,0.00,1.44,0,0,0,0,4.66,4.82,0.00,4.43,VMS 2,,Tanque,,2.10,1.86,0.00,1.92,3.37,3.18,0.00,4.14
26/12/2022 07:54 p. m.,Ordeño,04:56,4.32,3,,,"DI,DD,TI","DI,DD,TI",0,,0.00,0.00,0.00,1.56,0,0,0,0,0.00,0.00,0.00,4.54,VMS 2,,Tanque,,0.00,0.00,0.00,1.98,0.00,0.00,0.00,4.32
27/12/2022 07:56 a. m.,Ordeño,06:53,23.59,1,,,,,0,"DI,DD",1.80,1.50,1.44,1.50,0,0,0,0,4.93,4.89,4.37,3.83,VMS 2,,Tanque,,2.28,1.92,1.86,2.22,4.81,5.85,5.90,7.03
27/12/2022 06:14 p. m.,Ordeño,05:13,15.32,2,,,,,0,,1.44,1.32,1.26,1.44,0,0,0,0,4.63,4.61,4.74,4.57,VMS 2,,Tanque,,1.92,1.74,1.68,1.92,3.65,3.27,3.16,5.24
28/12/2022 12:32 a. m.,Ordeño,04:41,11.31,1,,,,,0,,1.44,1.38,1.32,1.38,0,0,0,0,4.96,4.95,4.94,4.71,VMS 2,,Tanque,,1.86,1.74,1.68,1.86,2.59,2.44,2.66,3.62
28/12/2022 08:57 a. m.,Ordeño,05:23,14.02,2,,,,,0,,1.68,1.26,1.44,1.26,0,0,0,0,5.12,5.06,5.21,4.71,VMS 2,,Tanque,,2.16,1.68,1.80,1.80,3.21,3.19,3.51,4.11
29/12/2022 09:30 a. m.,Ordeño,07:30,24.44,1,,,,,0,,1.68,1.32,1.50,1.62,0,0,0,0,5.09,4.54,4.84,4.56,VMS 2,,Tanque,,2.16,1.74,1.86,2.22,5.47,5.17,6.44,7.36
29/12/2022 05:28 p. m.,Ordeño,05:40,10.92,2,,,,,0,,1.44,1.20,1.26,1.32,0,0,0,0,4.52,4.47,4.68,4.36,VMS 2,,Tanque,,1.98,1.74,1.62,1.86,2.72,2.38,2.83,2.99
29/12/2022 10:21 p. m.,Ordeño,05:21,8.21,3,,,,,0,,1.44,1.08,1.20,1.32,0,0,0,0,5.01,4.78,4.68,4.55,VMS 2,,Tanque,,2.04,1.44,1.62,1.86,1.98,1.77,2.14,2.32
30/12/2022 08:46 a. m.,Ordeño,07:54,14.47,1,,,DI,DI,0,,0.00,1.32,1.50,1.38,0,0,0,0,0.00,5.61,5.42,5.13,VMS 2,,Tanque,,0.00,1.68,1.92,1.92,0.00,4.14,5.03,5.30
30/12/2022 07:03 p. m.,Ordeño,05:57,5.26,2,,,"DI,DD,TI","DI,DD,TI",0,,0.00,0.00,0.00,1.44,0,0,0,0,0.00,0.00,0.00,4.71,VMS 2,,Tanque,,0.00,0.00,0.00,1.98,0.00,0.00,0.00,5.26
31/12/2022 03:30 a. m.,Ordeño,08:32,21.47,1,,,,,0,,1.68,1.56,1.50,1.44,0,0,0,0,5.15,5.35,5.10,5.03,VMS 2,,Tanque,,2.10,2.04,1.98,2.04,5.28,5.08,6.22,4.89
31/12/2022 02:45 p. m.,Ordeño,07:39,19.39,2,,,,,0,,1.62,1.44,1.44,1.32,0,0,0,0,5.15,5.14,5.08,4.94,VMS 2,,Tanque,,2.04,1.74,1.92,1.86,3.87,4.25,5.38,5.89
01/01/2023 01:48 a. m.,Ordeño,06:33,18.63,1,,,,,0,,1.50,1.50,1.44,1.62,0,0,0,0,5.26,5.13,4.96,4.68,VMS 2,,Tanque,,1.98,2.10,1.98,2.10,3.97,4.17,5.02,5.47
01/01/2023 01:04 p. m.,Ordeño,06:22,20.32,2,,,,,0,,1.56,1.50,1.44,1.68,0,0,0,0,5.37,5.21,5.04,4.95,VMS 2,,Tanque,,2.04,1.86,1.80,2.28,4.46,4.46,5.63,5.77
01/01/2023 11:53 p. m.,Ordeño,06:29,17.86,1,,,,,0,,1.44,1.44,1.44,1.62,0,0,0,0,5.09,5.09,4.91,4.61,VMS 2,,Tanque,,1.80,1.86,1.98,2.10,3.90,3.90,4.92,5.14
02/01/2023 01:02 p. m.,Ordeño,07:22,22.55,1,,,,,0,,1.56,1.50,1.50,1.68,0,0,0,0,5.35,5.12,5.00,4.76,VMS 2,,Tanque,,1.98,1.98,2.34,2.22,5.03,4.95,6.11,6.46
02/01/2023 10:28 p. m.,Ordeño,04:53,14.53,2,,,,,0,,1.56,1.32,1.44,1.56,0,0,0,0,4.90,4.83,4.63,4.73,VMS 2,,Tanque,,1.98,1.86,2.16,2.10,3.24,3.23,3.92,4.14
03/01/2023 07:38 a. m.,Ordeño,05:22,16.59,1,,,,,0,,1.74,1.44,1.50,1.56,0,0,0,0,5.16,5.16,4.93,4.85,VMS 2,,Tanque,,2.40,2.04,1.92,2.10,3.63,3.82,4.41,4.73
03/01/2023 01:45 p. m.,Ordeño,04:02,9.92,2,,,,,0,,1.50,1.32,1.38,1.50,0,0,0,0,4.95,4.80,4.90,4.85,VMS 2,,Tanque,,1.98,1.74,1.80,1.92,2.24,2.14,2.73,2.81
03/01/2023 06:24 p. m.,Ordeño,04:04,7.48,3,,,,,0,,1.56,1.20,1.32,1.44,0,0,0,0,4.94,4.82,4.87,4.79,VMS 2,,Tanque,,1.92,1.62,1.86,1.86,1.74,1.67,2.02,2.05
03/01/2023 11:08 p. m.,Ordeño,04:59,8.83,4,,,,,0,,1.50,1.32,1.26,1.38,0,0,0,0,5.36,5.28,5.13,5.26,VMS 2,,Tanque,,1.98,1.68,1.62,1.80,2.03,1.94,2.34,2.52
04/01/2023 06:23 a. m.,Ordeño,05:31,14.03,1,,,,,0,,1.62,1.32,1.32,1.44,0,0,0,0,5.36,5.27,5.15,5.19,VMS 2,,Tanque,,2.04,1.68,1.74,1.92,3.14,3.18,3.65,4.06
04/01/2023 04:53 p. m.,Ordeño,08:07,17.66,2,,,,,0,,1.74,1.32,1.50,1.44,0,0,0,0,5.14,5.09,5.00,5.13,VMS 2,,Tanque,,2.16,1.68,1.98,1.92,3.88,4.07,4.83,4.88
05/01/2023 12:18 a. m.,Ordeño,06:19,15.73,1,,,,,0,,1.86,1.38,1.56,1.50,0,0,0,0,5.20,5.09,5.07,5.07,VMS 2,,Tanque,,2.52,1.74,1.92,2.04,3.31,3.51,4.16,4.75
05/01/2023 08:08 a. m.,Ordeño,05:56,15.37,2,,,,,0,,1.80,1.44,1.56,1.56,0,0,0,0,5.10,5.07,4.98,5.15,VMS 2,,Tanque,,2.28,1.92,1.98,1.98,3.37,3.46,4.13,4.41
05/01/2023 11:27 p. m.,Ordeño,06:47,23.88,3,,,,,0,,1.74,1.38,1.50,1.62,0,0,0,0,4.97,4.95,4.85,4.87,VMS 2,,Tanque,,2.34,1.86,1.92,2.04,4.94,5.62,6.24,7.08
06/01/2023 09:19 a. m.,Ordeño,05:12,15.39,1,,,,,0,,1.44,1.32,1.38,1.68,0,0,0,0,4.76,4.79,4.64,4.64,VMS 2,,Tanque,,1.86,1.74,1.80,2.16,3.64,3.28,4.12,4.35
06/01/2023 06:26 p. m.,Ordeño,05:40,16.12,2,,,,,0,,1.38,1.38,1.38,1.68,0,0,0,0,5.19,5.21,4.90,5.06,VMS 2,,Tanque,,1.74,2.04,1.74,2.16,3.73,3.53,4.33,4.53
06/01/2023 11:06 p. m.,Ordeño,04:32,9.77,3,,,,,0,,1.32,1.26,1.32,1.62,0,0,0,0,5.17,5.14,4.90,4.95,VMS 2,,Tanque,,1.68,1.86,1.86,2.10,2.28,2.14,2.62,2.73
07/01/2023 12:49 p. m.,Ordeño,06:57,23.35,1,,,,,0,,1.56,1.56,1.50,1.74,0,0,0,0,5.08,5.02,4.89,4.98,VMS 2,,Tanque,,1.98,2.04,1.86,2.28,5.44,5.05,6.33,6.53
07/01/2023 07:38 p. m.,Ordeño,05:04,12.04,2,,,,,0,,1.38,1.32,1.38,1.62,0,0,0,0,4.83,4.76,4.68,4.70,VMS 2,,Tanque,,1.80,1.68,1.86,2.10,2.77,2.66,3.41,3.20
08/01/2023 01:33 a. m.,Ordeño,04:48,11.82,1,,,,,0,,1.38,1.38,1.32,1.50,0,0,0,0,5.04,5.17,4.87,4.88,VMS 2,,Tanque,,1.74,1.80,1.68,2.16,2.68,2.62,3.22,3.30
08/01/2023 07:45 a. m.,Ordeño,04:33,12.04,2,,,,,0,,1.50,1.44,1.44,1.50,0,0,0,0,5.14,5.15,5.03,5.25,VMS 2,,Tanque,,1.86,1.80,1.74,2.04,2.77,2.67,3.25,3.35
08/01/2023 04:11 p. m.,Ordeño,05:33,14.58,3,,,,,0,,1.44,1.44,1.38,1.50,0,0,0,0,4.85,4.85,4.82,4.98,VMS 2,,Tanque,,1.92,1.74,1.74,1.98,3.23,3.21,4.11,4.03
08/01/2023 09:07 p. m.,Ordeño,04:16,8.83,4,,,,,0,,1.44,1.20,1.26,1.50,0,0,0,0,4.68,4.79,4.74,4.68,VMS 2,,Tanque,,1.80,1.68,1.62,1.86,2.04,1.85,2.45,2.49
09/01/2023 07:36 a. m.,Ordeño,05:57,19.15,1,,,,,0,,1.62,1.56,1.56,1.50,0,0,0,0,5.29,5.33,5.04,5.18,VMS 2,,Tanque,,1.92,1.92,2.04,1.98,4.31,4.28,5.19,5.37
09/01/2023 03:03 p. m.,Ordeño,05:16,12.84,2,,,,,0,,1.50,1.44,1.56,1.62,0,0,0,0,4.87,4.92,4.71,5.00,VMS 2,,Tanque,,1.92,1.86,1.98,2.04,2.91,2.77,3.51,3.65
09/01/2023 11:43 p. m.,Ordeño,05:13,14.69,3,,,,,0,,1.56,1.38,1.44,1.56,0,0,0,0,4.95,4.98,4.86,4.98,VMS 2,,Tanque,,1.98,1.86,1.80,1.98,3.31,3.24,3.99,4.15
10/01/2023 09:31 a. m.,Ordeño,05:46,17.69,1,,,,,0,,1.74,1.44,1.62,1.56,0,0,0,0,5.28,5.30,5.00,5.26,VMS 2,,Tanque,,2.16,1.92,1.98,2.04,3.77,4.07,4.60,5.25
10/01/2023 06:13 p. m.,Ordeño,04:56,14.57,2,,,,,0,,1.68,1.32,1.44,1.50,0,0,0,0,4.96,4.86,4.80,4.88,VMS 2,,Tanque,,2.16,1.68,1.80,2.04,3.29,3.15,4.01,4.12
11/01/2023 04:00 a. m.,Ordeño,05:34,16.86,1,,,,,0,,1.80,1.26,1.56,1.56,0,0,0,0,4.98,4.99,4.76,4.56,VMS 2,,Tanque,,2.22,1.62,1.92,2.04,3.38,3.95,4.21,5.32
11/01/2023 01:33 p. m.,Ordeño,06:23,16.86,2,,TD,,,0,,1.74,1.38,1.62,1.56,0,0,0,0,4.99,4.94,4.86,4.57,VMS 2,,Tanque,,2.28,1.74,1.98,2.04,3.56,3.69,4.58,5.03
12/01/2023 12:12 a. m.,Ordeño,06:18,13.40,1,,TD,TD,,0,,1.68,1.32,1.38,1.02,0,0,0,0,4.90,4.83,4.68,4.68,VMS 2,,Tanque,,2.22,1.74,1.86,1.68,3.64,3.79,4.79,1.18
12/01/2023 09:19 a. m.,Ordeño,07:36,11.45,2,,TD,TD,,0,,1.74,1.56,1.50,0.72,0,0,0,0,4.81,4.74,4.40,4.49,VMS 2,,Tanque,,2.10,1.98,1.98,1.56,3.38,3.38,4.43,0.26
12/01/2023 06:46 p. m.,Ordeño,05:08,12.47,3,,TD,TD,,0,,1.62,1.38,1.44,1.20,0,0,0,0,4.76,4.75,4.65,4.93,VMS 2,,Tanque,,2.16,1.80,1.86,1.98,3.45,3.31,4.22,1.49
13/01/2023 12:39 a. m.,Ordeño,05:53,15.39,1,,,,,0,,1.50,1.26,1.32,1.80,0,0,0,0,4.69,4.67,4.57,4.90,VMS 2,,Tanque,,1.92,1.62,1.74,2.58,2.74,2.59,3.24,6.82
13/01/2023 06:33 a. m.,Ordeño,04:32,9.31,2,,,,,0,,1.62,1.32,1.32,1.26,0,0,0,0,4.84,4.75,4.60,4.44,VMS 2,,Tanque,,2.10,1.74,1.68,1.86,2.36,2.30,2.85,1.80
13/01/2023 01:56 p. m.,Ordeño,05:20,10.92,3,,TD,TD,,0,,1.74,1.32,1.56,1.14,0,0,0,0,4.81,4.76,4.50,4.49,VMS 2,,Tanque,,2.22,1.80,1.98,1.68,2.96,2.92,3.63,1.41
13/01/2023 07:47 p. m.,Ordeño,06:06,8.14,4,,TD,TD,,0,,1.50,1.14,1.26,1.08,0,0,0,0,4.75,4.74,4.51,4.57,VMS 2,,Tanque,,1.92,1.50,1.56,1.62,2.12,2.01,2.58,1.43
14/01/2023 07:24 a. m.,Ordeño,06:18,15.75,1,,TD,TD,,0,,1.74,1.44,1.44,0.84,0,0,0,0,4.99,4.91,4.65,4.61,VMS 2,,Tanque,,2.28,1.86,1.92,1.38,4.59,4.83,5.46,0.87
14/01/2023 06:38 p. m.,Ordeño,06:57,21.44,2,,,,,0,,1.44,1.50,1.32,1.74,0,0,0,0,4.71,4.77,4.62,5.33,VMS 2,,Tanque,,1.80,1.92,1.62,2.58,4.05,4.06,5.27,8.06
15/01/2023 03:47 a. m.,Ordeño,07:10,13.84,1,,TD,TD,,0,,1.44,1.50,1.44,0.54,0,0,0,0,4.80,4.73,4.57,4.15,VMS 2,,Tanque,,1.86,1.98,1.86,1.26,4.38,4.00,5.21,0.25
15/01/2023 07:50 a. m.,Ordeño,05:08,5.75,2,,TD,TD,,0,,1.32,1.26,1.26,0.42,0,0,0,0,4.69,4.46,4.54,4.29,VMS 2,,Tanque,,1.74,1.68,1.56,0.84,1.82,1.67,2.06,0.20
15/01/2023 05:47 p. m.,Ordeño,05:57,19.19,3,,,,,0,TD,1.38,1.38,1.44,1.74,0,0,0,0,4.70,4.73,4.67,6.00,VMS 2,,Tanque,,1.92,1.80,1.92,2.34,3.93,3.68,4.82,6.76
16/01/2023 03:43 a. m.,Ordeño,06:13,18.80,1,,,,,0,,1.62,1.44,1.44,1.74,0,0,0,0,5.06,4.86,5.47,5.04,VMS 2,,Tanque,,2.28,1.80,1.80,2.28,4.35,4.36,5.49,4.60
16/01/2023 02:11 p. m.,Ordeño,06:13,19.05,2,,,,,0,,1.44,1.38,1.44,1.74,0,0,0,0,4.79,4.92,4.64,5.21,VMS 2,,Tanque,,1.80,1.80,1.86,2.40,4.67,4.27,5.47,4.64
16/01/2023 09:47 p. m.,Ordeño,05:05,13.94,3,,,,,0,,1.56,1.38,1.44,1.50,0,0,0,0,4.90,4.87,4.71,5.35,VMS 2,,Tanque,,1.98,1.98,1.86,2.16,3.32,3.28,4.13,3.21
17/01/2023 04:09 a. m.,Ordeño,05:12,12.14,1,,,,,0,,1.56,1.32,1.62,1.44,0,0,0,0,5.03,5.07,5.02,5.39,VMS 1,,Tanque,,1.98,1.74,2.16,1.92,2.66,2.65,4.10,2.73
17/01/2023 01:01 p. m.,Ordeño,06:05,16.47,2,,,,,0,,1.62,1.26,1.86,1.50,0,0,0,0,5.21,5.19,5.10,5.67,VMS 1,,Tanque,,1.98,1.74,2.52,2.10,3.55,3.59,5.25,4.08
17/01/2023 10:13 p. m.,Ordeño,04:39,11.00,3,,,,,0,,1.32,1.26,1.38,1.56,0,0,0,0,4.81,4.73,4.66,4.43,VMS 2,,Tanque,,1.86,1.68,1.86,2.22,2.50,2.26,2.91,3.33
18/01/2023 03:13 a. m.,Ordeño,05:50,7.25,1,,,,,0,,1.32,1.14,1.14,1.14,0,0,0,0,4.92,4.81,4.73,4.71,VMS 2,,Tanque,,1.86,1.50,1.50,1.62,1.75,1.58,2.01,1.91
18/01/2023 02:06 p. m.,Ordeño,05:58,19.44,2,,,,,0,,1.44,1.32,1.50,1.50,0,0,0,0,5.20,5.19,4.84,4.33,VMS 2,,Tanque,,1.86,1.74,2.04,1.98,4.25,4.24,5.24,5.71
18/01/2023 09:46 p. m.,Ordeño,04:36,12.14,3,,,,,0,,1.38,1.26,1.44,1.44,0,0,0,0,4.85,4.80,4.73,4.04,VMS 2,,Tanque,,1.68,1.68,1.86,1.86,2.70,2.71,3.20,3.53
19/01/2023 06:49 a. m.,Ordeño,05:49,16.53,1,,,,,0,,1.44,1.32,1.38,1.56,0,0,0,0,4.91,4.95,4.75,4.27,VMS 2,,Tanque,,1.86,1.74,1.74,2.10,3.92,3.57,4.47,4.57
19/01/2023 01:16 p. m.,Ordeño,04:28,10.46,2,,TD,,,0,,1.32,1.32,1.44,1.32,0,0,0,0,4.80,4.80,4.71,4.38,VMS 2,,Tanque,,1.68,1.86,1.80,1.98,2.78,2.57,3.32,1.79
19/01/2023 08:35 p. m.,Ordeño,05:27,8.69,3,,TD,TD,,0,,1.32,1.26,1.50,0.48,0,0,0,0,4.58,4.56,4.51,3.95,VMS 2,,Tanque,,1.74,1.80,1.80,1.08,2.69,2.55,3.23,0.22
20/01/2023 01:00 a. m.,Ordeño,05:45,12.29,1,,,,,0,,1.38,1.26,1.32,1.68,0,0,0,0,4.89,4.96,4.69,5.49,VMS 2,,Tanque,,1.74,1.74,1.68,2.10,1.95,1.90,2.27,6.17
20/01/2023 03:29 p. m.,Ordeño,08:21,24.20,2,,,,,0,,1.62,1.44,1.80,1.38,0,0,0,0,5.54,5.50,5.16,4.97,VMS 1,,Tanque,,2.22,1.98,2.40,1.80,4.87,5.39,7.62,6.32
20/01/2023 11:29 p. m.,Ordeño,05:09,15.08,3,,,,,0,,1.44,1.38,1.62,1.56,0,0,0,0,4.86,4.93,4.59,4.78,VMS 1,,Tanque,,1.92,1.98,2.04,2.10,3.30,3.19,4.92,3.67
21/01/2023 10:13 a. m.,Ordeño,06:11,19.20,1,,,,,0,,1.50,1.56,1.56,1.56,0,0,0,0,5.16,5.22,5.16,5.10,VMS 1,,Tanque,,1.92,1.92,1.98,1.98,4.25,4.07,5.81,5.07
21/01/2023 10:50 p. m.,Ordeño,06:17,21.12,2,,,,,0,,1.80,1.50,1.74,1.44,0,0,0,0,4.97,5.03,4.85,4.85,VMS 1,,Tanque,,2.40,1.98,2.16,1.98,4.55,4.45,6.85,5.27
22/01/2023 09:49 a. m.,Ordeño,05:38,18.74,1,,,,,0,,1.68,1.62,1.80,1.62,0,0,0,0,5.04,5.16,4.97,5.00,VMS 1,,Tanque,,2.10,2.04,2.28,2.10,4.00,3.94,5.98,4.82
22/01/2023 09:04 p. m.,Ordeño,05:56,16.24,2,,,,,0,,1.62,1.44,1.56,1.62,0,0,0,0,4.93,4.88,4.86,4.83,VMS 1,,Tanque,,2.04,1.86,2.04,2.16,3.43,3.34,5.01,4.46
23/01/2023 06:17 a. m.,Ordeño,05:21,15.83,1,,,,,0,,1.56,1.38,1.62,1.44,0,0,0,0,4.79,4.80,4.68,4.63,VMS 1,,Tanque,,2.04,1.92,1.98,1.92,3.36,3.45,4.87,4.15
23/01/2023 01:33 p. m.,Ordeño,04:38,12.39,2,,,,,0,,1.74,1.38,1.68,1.56,0,0,0,0,5.03,5.14,5.00,5.07,VMS 1,,Tanque,,2.40,1.74,2.16,2.04,2.87,2.71,3.96,2.85
23/01/2023 10:56 p. m.,Ordeño,05:13,14.16,3,,,,,0,,1.44,1.38,1.44,1.62,0,0,0,0,5.04,4.96,4.77,4.93,VMS 2,,Tanque,,1.98,1.74,1.98,2.16,3.21,2.92,3.92,4.11
24/01/2023 07:01 a. m.,Ordeño,05:45,11.62,1,,,,,0,,1.56,1.26,1.26,1.62,0,0,0,0,4.77,4.68,4.62,4.55,VMS 2,,Tanque,,2.10,1.56,1.68,2.22,2.58,2.54,3.18,3.32
24/01/2023 04:14 p. m.,Ordeño,05:31,16.65,2,,,,,0,,1.56,1.32,1.38,1.74,0,0,0,0,5.31,5.26,5.03,5.17,VMS 2,,Tanque,,2.04,1.80,1.74,2.28,3.77,3.65,4.62,4.61
25/01/2023 01:01 a. m.,Ordeño,05:19,16.06,1,,,,,0,,1.74,1.38,1.50,1.68,0,0,0,0,5.21,5.20,4.95,5.14,VMS 2,,Tanque,,2.28,1.92,1.98,2.22,3.61,3.67,4.31,4.47
25/01/2023 09:58 a. m.,Ordeño,05:38,16.67,2,,,,,0,,1.62,1.38,1.44,1.74,0,0,0,0,5.13,5.22,4.98,5.04,VMS 2,,Tanque,,2.04,1.86,1.86,2.28,3.78,3.74,4.63,4.52
25/01/2023 03:34 p. m.,Ordeño,04:16,9.63,3,,,,,0,,1.62,1.26,1.32,1.44,0,0,0,0,5.10,4.95,4.89,5.02,VMS 2,,Tanque,,2.04,1.68,1.80,1.92,2.35,2.11,2.60,2.57
25/01/2023 10:03 p. m.,Ordeño,04:40,11.56,4,,,,,0,,1.56,1.26,1.38,1.50,0,0,0,0,5.09,5.09,4.92,5.08,VMS 2,,Tanque,,1.92,1.80,1.80,1.86,2.55,2.56,3.26,3.19
26/01/2023 06:11 a. m.,Ordeño,06:16,15.82,1,,,,,0,,1.68,1.32,1.32,1.50,0,0,0,0,5.42,5.35,5.11,5.36,VMS 2,,Tanque,,2.28,1.74,1.74,1.86,3.58,3.58,4.17,4.49
26/01/2023 01:40 p. m.,Ordeño,05:25,13.73,2,,,,,0,,1.62,1.26,1.50,1.56,0,0,0,0,5.23,5.14,5.07,5.20,VMS 2,,Tanque,,2.10,1.74,1.98,1.98,2.94,3.23,3.76,3.80
26/01/2023 08:52 p. m.,Ordeño,06:24,11.46,3,,,,,0,,1.56,1.08,1.26,1.26,0,0,0,0,4.81,4.63,4.64,4.60,VMS 2,,Tanque,,1.86,1.38,1.74,1.62,2.73,2.42,3.13,3.18
27/01/2023 07:29 a. m.,Ordeño,06:34,18.86,1,,,,,0,,1.62,1.32,1.38,1.50,0,0,0,0,5.20,5.10,4.98,5.02,VMS 2,,Tanque,,2.04,1.68,1.86,1.86,4.09,4.34,5.31,5.12
27/01/2023 01:38 p. m.,Ordeño,04:37,11.33,2,,,,,0,,1.68,1.26,1.50,1.50,0,0,0,0,5.13,4.97,4.83,5.11,VMS 2,,Tanque,,2.22,1.56,1.98,1.92,2.60,2.57,2.93,3.23
27/01/2023 09:12 p. m.,Ordeño,05:15,12.74,3,,,,,0,,1.62,1.14,1.44,1.44,0,0,0,0,5.01,4.84,4.78,4.87,VMS 2,,Tanque,,2.04,1.56,1.80,1.98,2.77,2.76,3.59,3.62
28/01/2023 06:21 a. m.,Ordeño,08:08,12.60,1,,,TI,TI,0,,1.74,1.02,0.00,1.50,0,0,0,0,5.39,5.12,0.00,5.03,VMS 2,,Tanque,,2.22,1.56,0.00,2.16,3.87,3.93,0.00,4.80
28/01/2023 06:48 p. m.,Ordeño,09:03,21.62,2,,,,,0,,1.68,0.84,1.50,1.56,0,0,0,0,5.31,4.98,5.22,5.06,VMS 2,,Tanque,,2.10,1.26,1.86,2.10,4.56,4.45,6.97,5.64
29/01/2023 12:19 a. m.,Ordeño,06:02,11.37,1,,,,,0,,1.68,0.84,1.56,1.56,0,0,0,0,5.06,4.72,4.58,4.86,VMS 2,,Tanque,,2.04,1.26,1.86,2.10,2.72,2.76,2.67,3.22
29/01/2023 07:59 a. m.,Ordeño,05:24,14.52,2,,,,,0,,1.62,1.20,1.38,1.62,0,0,0,0,5.33,5.17,5.01,5.12,VMS 2,,Tanque,,2.04,1.50,1.80,2.04,3.58,3.31,3.56,4.07
29/01/2023 02:28 p. m.,Ordeño,04:51,11.47,3,,,,,0,,1.74,1.14,1.62,1.74,0,0,0,0,5.17,4.94,4.98,4.93,VMS 2,,Tanque,,2.28,1.80,2.10,2.16,2.72,2.60,2.94,3.21
29/01/2023 11:50 p. m.,Ordeño,05:55,17.39,4,,,,,0,,1.56,1.14,1.50,1.74,0,0,0,0,5.32,5.17,5.11,5.23,VMS 2,,Tanque,,1.92,1.62,1.86,2.34,4.04,3.81,4.71,4.83
30/01/2023 07:57 a. m.,Ordeño,05:42,15.31,1,,,,,0,,1.74,1.14,1.62,1.86,0,0,0,0,5.40,5.09,5.22,5.06,VMS 2,,Tanque,,2.22,1.56,2.04,2.34,3.71,3.41,4.09,4.10
30/01/2023 01:14 p. m.,Ordeño,04:16,9.44,2,,TI,,,0,,1.50,1.14,1.56,1.68,0,0,0,0,5.13,4.97,5.02,5.12,VMS 2,,Tanque,,1.92,1.50,2.10,2.28,2.15,2.09,2.56,2.64
30/01/2023 09:09 p. m.,Ordeño,05:48,14.87,3,,,,,0,,1.56,0.96,1.56,1.68,0,0,0,0,4.98,4.75,5.00,4.69,VMS 3,,Tanque,,1.98,1.44,2.16,2.34,3.24,3.25,4.39,3.99
31/01/2023 06:55 a. m.,Ordeño,05:52,16.48,1,,,,,0,,1.86,1.14,1.86,1.74,0,0,0,0,4.87,4.65,4.83,4.67,VMS 3,,Tanque,,2.34,1.80,2.40,2.22,3.72,3.70,4.80,4.26
31/01/2023 01:10 p. m.,Ordeño,04:58,10.32,2,,,,,0,,1.50,1.20,1.62,1.68,0,0,0,0,4.73,4.52,4.70,4.41,VMS 3,,Tanque,,1.92,1.68,2.04,2.28,2.24,2.38,2.96,2.74
31/01/2023 06:49 p. m.,Ordeño,04:04,8.08,3,,,,,0,,1.56,1.08,1.74,1.56,0,0,0,0,4.62,4.52,4.71,4.83,VMS 3,,Tanque,,2.04,1.50,2.22,2.04,1.88,1.78,2.37,2.05
01/02/2023 01:05 a. m.,Ordeño,04:30,10.04,1,,,,,0,,1.74,1.08,1.74,1.56,0,0,0,0,4.62,4.54,4.56,4.84,VMS 3,,Tanque,,2.46,1.56,2.10,2.10,2.18,2.32,2.85,2.69
01/02/2023 09:47 a. m.,Ordeño,06:27,14.47,2,,,,,0,,1.80,1.14,1.68,1.68,0,0,0,0,4.89,4.82,4.99,4.92,VMS 3,,Tanque,,2.22,1.62,2.10,2.28,3.23,3.35,4.15,3.74
01/02/2023 04:02 p. m.,Ordeño,06:25,10.57,3,,,,,0,,1.68,1.02,1.62,1.62,0,0,0,0,4.89,4.84,4.85,4.78,VMS 3,,Tanque,,2.16,1.38,2.04,2.22,2.35,2.43,3.06,2.73
02/02/2023 12:00 a. m.,Ordeño,05:56,14.55,1,,,,,0,,1.86,1.02,1.74,1.74,0,0,0,0,5.03,4.89,4.98,5.07,VMS 3,,Tanque,,2.40,1.56,2.22,2.22,3.02,3.41,4.33,3.79
02/02/2023 08:30 a. m.,Ordeño,07:22,14.93,2,,,,,0,,1.92,1.02,1.68,1.56,0,0,0,0,5.10,4.81,4.90,4.96,VMS 3,,Tanque,,2.64,1.50,2.04,1.92,3.19,3.49,4.45,3.80
02/02/2023 01:21 p. m.,Ordeño,06:12,9.33,3,,,,,0,,1.74,1.02,1.44,1.62,0,0,0,0,5.03,4.88,4.97,5.09,VMS 3,,Tanque,,2.34,1.50,1.86,2.10,2.13,2.28,2.60,2.32
02/02/2023 09:19 p. m.,Ordeño,07:10,14.29,4,,,,,0,,1.80,0.90,1.68,1.56,0,0,0,0,5.10,4.92,4.94,5.28,VMS 3,,Tanque,,2.58,1.38,2.10,2.16,3.00,3.28,4.20,3.81
03/02/2023 03:18 a. m.,Ordeño,06:56,10.03,1,,,,,0,,1.74,1.02,1.50,1.68,0,0,0,0,4.67,4.46,4.54,4.68,VMS 3,,Tanque,,2.28,1.38,1.86,2.04,2.25,2.35,2.82,2.61
03/02/2023 03:21 p. m.,Ordeño,08:07,19.63,2,,,,,0,,1.80,1.02,1.62,1.62,0,0,0,0,5.09,4.82,4.90,4.95,VMS 3,,Tanque,,2.40,1.62,2.04,2.04,4.26,4.33,5.87,5.17
03/02/2023 11:44 p. m.,Ordeño,06:58,13.03,3,,,,,0,,1.62,0.90,1.56,1.68,0,0,0,0,4.52,4.41,4.44,4.39,VMS 3,,Tanque,,1.98,1.32,2.10,2.10,2.96,2.98,3.74,3.35
04/02/2023 07:01 p. m.,Ordeño,09:00,22.51,1,,,,,0,,1.56,0.84,1.56,1.50,0,0,0,0,5.31,5.19,5.07,5.20,VMS 3,,Tanque,,2.04,1.32,2.04,1.98,4.99,5.13,6.31,6.08
05/02/2023 09:06 a. m.,Ordeño,05:49,14.45,1,,,,,0,,1.68,1.02,1.62,1.62,0,0,0,0,4.91,4.70,4.78,4.70,VMS 3,,Tanque,,2.10,1.68,2.22,2.10,3.15,3.26,4.22,3.82
05/02/2023 06:31 p. m.,Ordeño,06:05,16.54,2,,,,,0,,1.80,1.08,1.68,1.86,0,0,0,0,5.42,5.19,5.20,5.22,VMS 3,,Tanque,,2.28,1.56,2.10,2.40,3.71,3.67,4.75,4.41
06/02/2023 08:32 a. m.,Ordeño,07:54,21.85,1,,,,,0,,1.56,0.96,1.62,1.62,0,0,0,0,5.24,5.06,4.92,5.07,VMS 3,,Tanque,,1.98,1.44,2.10,1.98,4.55,4.94,6.55,5.81
06/02/2023 05:07 p. m.,Ordeño,06:15,15.66,2,,,,,0,,1.98,1.08,1.98,1.86,0,0,0,0,5.10,4.90,4.88,4.82,VMS 3,,Tanque,,2.52,1.50,2.58,2.52,3.47,3.57,4.51,4.11
06/02/2023 09:58 p. m.,Ordeño,04:44,7.64,3,,,,,0,,1.56,1.26,1.56,1.68,0,0,0,0,4.84,4.70,4.74,4.69,VMS 3,,Tanque,,2.10,1.68,1.92,2.22,1.75,1.75,2.09,2.05
07/02/2023 09:49 a. m.,Ordeño,06:28,20.43,1,,,,,0,,2.04,1.20,2.04,1.80,0,0,0,0,5.41,5.16,5.10,5.24,VMS 3,,Tanque,,2.94,1.80,2.58,2.28,4.35,4.69,5.94,5.45
07/02/2023 05:47 p. m.,Ordeño,04:40,12.47,2,,,,,0,,1.86,1.26,1.86,1.86,0,0,0,0,5.07,4.88,5.00,4.82,VMS 3,,Tanque,,2.40,1.80,2.34,2.34,2.84,2.86,3.53,3.24
08/02/2023 03:40 a. m.,Ordeño,05:33,17.40,1,,,,,0,,1.86,1.26,1.74,1.86,0,0,0,0,5.23,5.02,5.22,4.83,VMS 3,,Tanque,,2.46,1.68,2.34,2.40,3.77,3.95,5.06,4.62
08/02/2023 11:05 a. m.,Ordeño,04:44,12.89,2,,,,,0,,1.80,1.38,1.68,1.86,0,0,0,0,5.19,5.07,5.13,4.98,VMS 3,,Tanque,,2.40,1.80,2.10,2.28,2.87,3.04,3.62,3.36
08/02/2023 05:50 p. m.,Ordeño,04:26,9.59,3,,,,,0,,1.62,1.14,1.68,1.80,0,0,0,0,4.98,4.95,4.99,4.98,VMS 3,,Tanque,,2.16,1.56,2.10,2.52,2.03,2.24,2.70,2.62
09/02/2023 07:24 a. m.,Ordeño,06:53,21.06,1,,,,,0,,1.62,1.32,1.74,1.86,0,0,0,0,4.52,5.22,5.31,5.31,VMS 3,,Tanque,,2.16,1.74,2.22,2.40,5.01,4.23,6.38,5.44
09/02/2023 02:33 p. m.,Ordeño,04:12,9.94,2,,,,,0,,1.80,1.26,1.74,1.68,0,0,0,0,4.85,4.67,4.86,4.85,VMS 3,,Tanque,,2.22,1.62,2.16,2.28,2.24,2.21,2.88,2.61
09/02/2023 09:02 p. m.,Ordeño,04:17,9.75,3,,,,,0,,1.62,1.26,1.68,1.74,0,0,0,0,4.73,4.61,4.67,4.69,VMS 3,,Tanque,,2.10,1.68,2.28,2.52,2.12,2.19,2.83,2.61
10/02/2023 08:01 a. m.,Ordeño,06:29,19.39,1,,,,,0,,1.92,1.26,1.86,1.80,0,0,0,0,5.59,5.35,5.47,5.51,VMS 3,,Tanque,,2.40,1.62,2.22,2.28,4.03,4.57,5.44,5.35
10/02/2023 04:29 p. m.,Ordeño,05:09,15.42,2,,,,,0,,1.68,1.32,1.74,1.68,0,0,0,0,4.83,4.81,4.79,4.93,VMS 3,,Tanque,,2.16,1.74,2.16,2.22,3.18,3.60,4.41,4.23
11/02/2023 03:55 a. m.,Ordeño,06:14,18.51,1,,TD,,,0,,1.80,1.32,1.86,1.74,0,0,0,0,5.12,4.92,4.92,5.14,VMS 3,,Tanque,,2.46,1.74,2.34,2.40,4.35,4.53,5.97,3.66
11/02/2023 09:31 a. m.,Ordeño,04:37,9.28,2,,,,,0,,1.62,1.32,1.50,1.68,0,0,0,0,4.73,4.59,4.63,4.67,VMS 3,,Tanque,,2.10,1.80,1.86,2.04,1.79,1.80,2.18,3.51
11/02/2023 05:06 p. m.,Ordeño,04:31,12.34,3,,,,,0,,1.68,1.38,1.80,1.68,0,0,0,0,4.99,4.80,4.86,4.85,VMS 3,,Tanque,,2.22,2.04,2.16,2.22,2.68,2.83,3.48,3.35
11/02/2023 11:54 p. m.,Ordeño,05:22,12.71,4,,,,,0,,1.56,1.14,1.56,1.38,0,0,0,0,4.99,4.87,4.86,4.84,VMS 3,,Tanque,,2.04,1.50,1.92,1.74,2.78,2.90,3.73,3.30
12/02/2023 01:29 p. m.,Ordeño,08:13,13.03,1,,,DI,DI,0,,0.00,1.38,1.80,1.74,0,0,0,0,0.00,4.86,4.93,4.99,VMS 3,,Tanque,,0.00,1.80,2.34,2.22,0.00,3.61,4.84,4.58
13/02/2023 02:00 a. m.,Ordeño,05:16,16.97,1,,,,,0,,1.92,1.26,1.68,1.74,0,0,0,0,5.16,4.46,4.58,5.09,VMS 3,,Tanque,,2.52,1.74,1.98,2.22,5.12,3.35,4.43,4.07
13/02/2023 12:25 p. m.,Ordeño,07:17,16.61,2,,,,,0,,1.80,1.38,1.74,1.56,0,0,0,0,4.78,4.78,4.91,5.49,VMS 3,,Tanque,,2.58,1.92,2.16,1.98,2.94,3.84,5.19,4.64
13/02/2023 11:37 p. m.,Ordeño,07:03,18.96,3,,,,,0,,1.68,1.26,1.62,1.62,0,0,0,0,4.97,4.64,4.84,4.91,VMS 3,,Tanque,,2.22,1.68,1.98,2.10,3.29,4.42,5.90,5.35
14/02/2023 11:09 a. m.,Ordeño,06:44,21.27,1,,,,,0,,1.56,1.32,1.50,1.74,0,0,0,0,5.14,4.85,4.84,4.73,VMS 3,,Tanque,,1.98,1.62,1.98,2.28,4.38,4.88,6.30,5.71
14/02/2023 07:22 p. m.,Ordeño,04:59,13.86,2,,,,,0,,1.62,1.26,1.68,1.74,0,0,0,0,4.93,4.66,4.70,4.60,VMS 3,,Tanque,,2.34,1.74,2.10,2.28,2.88,3.11,4.17,3.70
15/02/2023 05:58 a. m.,Ordeño,06:33,17.77,1,,,,,0,,1.62,1.32,1.68,1.62,0,0,0,0,5.06,4.81,4.85,4.85,VMS 3,,Tanque,,2.16,1.74,2.16,2.10,3.67,4.03,5.23,4.84
15/02/2023 02:24 p. m.,Ordeño,04:57,12.96,2,,,,,0,,1.62,1.26,1.86,1.50,0,0,0,0,4.74,4.60,4.65,4.58,VMS 3,,Tanque,,2.10,1.74,2.28,1.86,2.74,2.95,3.77,3.50
16/02/2023 01:38 a. m.,Ordeño,07:38,17.59,1,,,,,0,,1.50,1.14,1.56,1.32,0,0,0,0,4.81,4.55,4.58,4.56,VMS 3,,Tanque,,1.98,1.62,2.04,1.98,3.71,3.96,5.13,4.79
16/02/2023 10:57 a. m.,Ordeño,05:36,15.65,2,,,,,0,,1.62,1.20,1.68,1.26,0,0,0,0,4.60,4.53,4.54,4.42,VMS 3,,Tanque,,2.16,1.68,2.16,1.74,3.40,3.61,4.52,4.12
16/02/2023 04:56 p. m.,Ordeño,05:15,9.94,3,,,,,0,"DI,TD",1.74,1.26,1.68,1.44,0,0,0,0,4.96,3.82,4.22,4.82,VMS 3,,Tanque,,2.40,1.68,2.16,1.98,2.21,2.26,2.81,2.66
17/02/2023 07:30 a. m.,Ordeño,06:52,23.85,1,,,,,0,,1.74,1.50,1.74,1.56,0,0,0,0,5.10,5.06,4.89,4.97,VMS 3,,Tanque,,2.16,2.04,2.28,2.04,5.08,5.66,6.80,6.31
17/02/2023 07:00 p. m.,Ordeño,06:49,17.89,2,,,,,0,,1.62,1.26,1.50,1.08,0,0,0,0,4.74,4.69,4.61,4.65,VMS 3,,Tanque,,2.10,1.74,1.92,1.56,4.09,4.04,4.96,4.80
18/02/2023 04:55 a. m.,Ordeño,05:23,15.81,1,,,,,0,,1.92,1.44,1.86,1.32,0,0,0,0,4.77,4.75,4.60,4.64,VMS 3,,Tanque,,2.40,1.92,2.40,1.92,3.34,3.44,4.86,4.17
18/02/2023 07:27 p. m.,Ordeño,06:26,18.61,2,,,,,0,,1.80,1.32,1.74,1.26,0,0,0,0,4.70,4.61,4.60,4.58,VMS 3,,Tanque,,2.34,2.10,2.22,1.74,4.07,4.12,5.46,4.96
19/02/2023 03:05 a. m.,Ordeño,05:03,12.34,1,,,,,0,,1.56,1.50,1.62,1.62,0,0,0,0,4.40,4.42,4.37,4.43,VMS 3,,Tanque,,2.10,2.04,2.22,2.16,2.64,2.80,3.59,3.31
19/02/2023 08:58 a. m.,Ordeño,05:42,9.05,2,,,,,0,,1.74,1.38,1.62,1.38,0,0,0,0,4.73,4.65,4.71,4.61,VMS 3,,Tanque,,2.34,1.92,2.10,2.28,2.05,2.12,2.46,2.42
19/02/2023 02:46 p. m.,Ordeño,04:12,9.78,3,,,,,0,,1.62,1.50,1.62,1.68,0,0,0,0,4.87,4.73,4.70,4.73,VMS 3,,Tanque,,2.16,1.98,1.98,2.22,2.20,2.25,2.80,2.53
20/02/2023 02:13 a. m.,Ordeño,05:17,18.45,1,,,,,0,,1.80,1.80,1.92,1.86,0,0,0,0,5.07,4.94,4.71,4.79,VMS 3,,Tanque,,2.34,2.40,2.34,2.28,3.90,4.13,5.37,5.05
20/02/2023 11:42 a. m.,Ordeño,04:57,16.36,2,,,,,0,,1.92,1.50,1.80,1.74,0,0,0,0,4.87,4.78,4.73,4.78,VMS 3,,Tanque,,2.40,1.98,2.28,2.22,3.49,3.84,4.73,4.30
20/02/2023 11:12 p. m.,Ordeño,06:49,18.40,3,,,,,0,,1.98,1.80,1.80,1.92,0,0,0,0,4.92,4.73,4.74,4.57,VMS 3,,Tanque,,2.52,2.22,2.28,2.46,4.17,3.96,5.57,4.70
21/02/2023 01:30 p. m.,Ordeño,06:58,23.78,1,,,,,0,,2.04,1.80,1.98,1.92,0,0,0,0,4.99,4.82,4.73,4.82,VMS 3,,Tanque,,2.94,2.46,2.46,2.40,4.95,5.47,7.16,6.20
22/02/2023 03:14 a. m.,Ordeño,06:09,23.12,1,,,,,0,,1.80,1.50,1.86,1.80,0,0,0,0,4.77,4.74,4.76,4.49,VMS 3,,Tanque,,2.34,2.04,2.34,2.46,5.05,5.14,6.77,6.16
22/02/2023 01:49 p. m.,Ordeño,04:58,15.12,2,,,,,0,,1.68,1.32,1.86,1.50,0,0,0,0,4.49,4.39,4.36,4.52,VMS 3,,Tanque,,2.16,1.80,2.34,1.92,3.23,3.37,4.52,4.00
22/02/2023 10:43 p. m.,Ordeño,04:54,14.37,3,,,,,0,,1.68,1.50,1.80,1.80,0,0,0,0,4.71,4.60,4.56,4.35,VMS 3,,Tanque,,2.22,1.98,2.28,2.40,3.14,3.28,4.08,3.87
23/02/2023 05:11 p. m.,Ordeño,06:46,24.07,1,,,,,0,,1.74,1.62,1.62,1.62,0,0,0,0,5.28,5.02,4.91,4.97,VMS 3,,Tanque,,2.16,2.22,2.04,2.16,5.07,5.51,6.94,6.55
24/02/2023 03:39 a. m.,Ordeño,05:18,17.98,1,,,,,0,,1.86,1.50,1.92,1.80,0,0,0,0,4.90,4.74,4.76,4.42,VMS 3,,Tanque,,2.34,2.04,2.46,2.34,3.76,4.07,5.31,4.84
24/02/2023 03:05 p. m.,Ordeño,05:37,20.16,2,,,,,0,,1.86,1.68,1.86,1.98,0,0,0,0,5.09,4.83,5.01,4.63,VMS 3,,Tanque,,2.40,2.22,2.40,2.58,4.23,4.65,5.83,5.45
24/02/2023 10:41 p. m.,Ordeño,04:51,13.06,3,,,,,0,,1.44,1.38,1.62,1.50,0,0,0,0,4.97,4.89,4.74,4.69,VMS 3,,Tanque,,1.92,1.92,2.04,2.10,2.81,3.02,3.76,3.47
25/02/2023 09:13 a. m.,Ordeño,05:19,19.74,1,,,,,0,,1.74,1.62,1.92,1.74,0,0,0,0,5.24,5.09,4.94,4.90,VMS 3,,Tanque,,2.10,2.16,2.52,2.22,4.18,4.47,5.74,5.35
25/02/2023 04:50 p. m.,Ordeño,04:25,12.76,2,,,,,0,,1.68,1.68,1.92,1.74,0,0,0,0,4.55,4.68,4.73,4.40,VMS 3,,Tanque,,2.16,2.16,2.34,2.28,2.78,2.96,3.68,3.34
26/02/2023 01:41 a. m.,Ordeño,05:02,17.05,1,,,,,0,,1.80,1.98,2.10,2.10,0,0,0,0,5.23,5.01,5.01,4.78,VMS 3,,Tanque,,2.46,2.52,2.88,2.64,3.73,3.80,5.12,4.40
26/02/2023 01:59 p. m.,Ordeño,05:39,20.86,2,,,,,0,,1.98,1.56,2.04,1.74,0,0,0,0,5.04,4.84,4.78,4.70,VMS 3,,Tanque,,2.70,2.16,2.52,2.22,4.48,4.70,6.21,5.47
26/02/2023 11:24 p. m.,Ordeño,05:01,17.73,3,,,,,0,,1.86,1.74,1.98,1.68,0,0,0,0,5.10,4.85,4.89,4.86,VMS 3,,Tanque,,2.52,2.22,2.58,2.34,3.82,4.07,5.11,4.73
27/02/2023 10:59 a. m.,Ordeño,05:37,20.67,1,,,,,0,,1.86,1.80,1.98,1.98,0,0,0,0,5.12,4.91,4.88,4.59,VMS 3,,Tanque,,2.40,2.34,2.58,2.52,4.47,4.50,6.18,5.52
28/02/2023 03:50 a. m.,Ordeño,06:39,25.80,1,,,,,0,,1.86,1.74,1.80,2.04,0,0,0,0,4.96,4.76,4.80,4.50,VMS 3,,Tanque,,2.46,2.22,2.46,2.58,5.65,5.61,7.60,6.94
28/02/2023 12:59 p. m.,Ordeño,05:12,13.14,2,,,,,0,,1.62,1.56,1.50,1.50,0,0,0,0,4.76,4.47,4.62,4.57,VMS 3,,Tanque,,1.98,2.10,1.92,2.04,2.95,2.97,3.89,3.33
28/02/2023 07:54 p. m.,Ordeño,05:29,11.78,3,,,,,0,,1.62,1.56,1.68,1.56,0,0,0,0,5.03,4.92,4.85,5.03,VMS 3,,Tanque,,2.28,2.10,2.04,1.92,2.55,2.75,3.39,3.09
01/03/2023 04:02 a. m.,Ordeño,04:52,14.40,1,,,,,0,,1.74,1.50,1.74,1.56,0,0,0,0,5.30,5.19,5.20,5.22,VMS 3,,Tanque,,2.34,2.04,2.28,2.10,3.11,3.22,4.25,3.82
01/03/2023 02:39 p. m.,Ordeño,05:30,17.11,2,,,,,0,,1.80,1.56,1.80,1.50,0,0,0,0,5.02,4.74,4.85,4.95,VMS 3,,Tanque,,2.46,2.16,2.22,1.98,3.57,3.93,5.06,4.55
02/03/2023 01:30 a. m.,Ordeño,05:28,18.67,1,,,,,0,,1.86,1.44,1.86,1.50,0,0,0,0,5.07,4.77,4.84,4.89,VMS 3,,Tanque,,2.58,2.10,2.52,1.98,3.86,4.26,5.61,4.94
02/03/2023 08:34 a. m.,Ordeño,04:45,12.60,2,,,,,0,,1.62,1.44,1.62,1.32,0,0,0,0,5.02,4.86,4.85,4.91,VMS 3,,Tanque,,2.10,1.92,2.04,1.86,2.84,2.80,3.69,3.27
02/03/2023 07:02 p. m.,Ordeño,05:06,16.54,3,,,,,0,,1.74,1.62,1.80,1.68,0,0,0,0,4.95,4.68,4.80,4.60,VMS 3,,Tanque,,2.28,2.16,2.22,2.16,3.54,3.75,4.78,4.47
03/03/2023 03:56 a. m.,Ordeño,05:44,17.27,1,,,,,0,,1.56,1.50,1.62,1.56,0,0,0,0,5.01,4.77,4.90,4.81,VMS 3,,Tanque,,2.10,2.04,2.10,2.34,3.94,3.87,4.99,4.47
03/03/2023 02:25 p. m.,Ordeño,05:02,16.89,2,,,,,0,,1.80,1.62,1.92,1.92,0,0,0,0,5.20,4.84,4.89,4.70,VMS 3,,Tanque,,2.28,2.22,2.64,2.58,3.64,3.67,5.16,4.42
04/03/2023 02:18 a. m.,Ordeño,05:06,17.32,1,,,,,0,,1.86,1.50,1.86,1.86,0,0,0,0,4.92,4.73,4.77,4.48,VMS 3,,Tanque,,2.46,2.22,2.22,2.34,3.60,3.90,5.10,4.72
04/03/2023 08:14 a. m.,Ordeño,04:32,10.19,2,,,,,0,,1.86,1.68,1.74,1.98,0,0,0,0,4.81,4.75,4.66,4.74,VMS 3,,Tanque,,2.40,2.28,2.22,2.46,2.28,2.38,2.86,2.67
04/03/2023 02:35 p. m.,Ordeño,04:20,9.02,3,,,,,0,,1.38,1.26,1.44,1.44,0,0,0,0,4.81,4.79,4.68,4.62,VMS 3,,Tanque,,1.98,1.68,1.80,1.92,1.93,2.07,2.59,2.43
04/03/2023 11:56 p. m.,Ordeño,05:05,15.93,1,,,,,0,,1.86,1.50,1.86,1.74,0,0,0,0,5.22,4.91,4.88,4.76,VMS 3,,Tanque,,2.34,2.04,2.28,2.28,3.48,3.69,4.58,4.18
05/03/2023 06:20 a. m.,Ordeño,04:29,12.47,2,,,,,0,,1.80,1.44,1.68,1.92,0,0,0,0,5.21,5.00,4.88,4.95,VMS 3,,Tanque,,2.28,1.92,2.16,2.46,2.70,2.87,3.53,3.37
05/03/2023 04:37 p. m.,Ordeño,05:11,17.85,3,,,,,0,,1.92,1.50,1.92,1.92,0,0,0,0,5.12,4.86,4.84,4.68,VMS 3,,Tanque,,2.40,1.98,2.22,2.34,3.93,4.11,5.15,4.66
05/03/2023 11:56 p. m.,Ordeño,04:30,11.91,1,,,,,0,,1.80,1.32,1.86,1.68,0,0,0,0,4.94,4.67,4.60,4.48,VMS 3,,Tanque,,2.28,1.86,2.46,2.22,2.54,2.79,3.44,3.14
06/03/2023 08:27 a. m.,Ordeño,05:33,16.02,2,,,,,0,,1.86,1.56,1.98,1.86,0,0,0,0,5.19,4.94,4.87,4.84,VMS 3,,Tanque,,2.40,2.04,2.46,2.40,3.54,3.65,4.82,4.01
06/03/2023 03:05 p. m.,Ordeño,04:25,10.72,3,,,,,0,,1.80,1.38,1.80,1.86,0,0,0,0,4.90,4.67,4.70,4.56,VMS 3,,Tanque,,2.40,1.86,2.28,2.46,2.37,2.52,2.89,2.94
07/03/2023 12:44 a. m.,Ordeño,05:29,17.22,1,,,,,0,,1.92,1.32,1.80,1.80,0,0,0,0,5.05,4.82,4.82,4.67,VMS 3,,Tanque,,2.52,1.86,2.34,2.46,3.49,4.02,5.12,4.59
07/03/2023 07:54 a. m.,Ordeño,04:52,12.67,2,,,,,0,,1.92,1.38,1.86,1.80,0,0,0,0,4.80,4.68,4.61,4.41,VMS 3,,Tanque,,2.40,1.86,2.28,2.46,2.67,2.92,3.65,3.43
07/03/2023 04:47 p. m.,Ordeño,05:01,15.56,3,,,,,0,,1.86,1.44,1.80,1.74,0,0,0,0,4.99,4.75,4.80,4.55,VMS 3,,Tanque,,2.58,1.98,2.34,2.22,3.30,3.58,4.48,4.20
07/03/2023 11:36 p. m.,Ordeño,04:42,11.38,4,,,,,0,,1.74,1.50,1.74,1.74,0,0,0,0,4.79,4.69,4.61,4.40,VMS 3,,Tanque,,2.28,1.98,2.10,2.16,2.44,2.70,3.27,2.97
08/03/2023 07:12 a. m.,Ordeño,04:54,13.40,1,,,,,0,,1.56,1.44,1.56,1.80,0,0,0,0,4.79,4.70,4.61,4.54,VMS 3,,Tanque,,2.04,1.86,1.98,2.28,2.88,3.04,3.93,3.55
08/03/2023 06:51 p. m.,Ordeño,05:29,17.89,2,,,,,0,,1.92,1.38,1.80,1.62,0,0,0,0,4.91,4.63,4.78,4.64,VMS 3,,Tanque,,2.52,1.98,2.34,2.10,3.78,4.11,5.27,4.73
09/03/2023 02:49 a. m.,Ordeño,04:41,11.68,1,,,,,0,,1.86,1.50,1.74,1.56,0,0,0,0,4.57,4.43,4.36,4.26,VMS 3,,Tanque,,2.34,2.16,2.10,2.10,2.51,2.79,3.30,3.08
09/03/2023 11:08 a. m.,Ordeño,04:43,14.11,2,,,,,0,,1.80,1.62,1.86,1.68,0,0,0,0,5.06,4.80,4.77,4.79,VMS 3,,Tanque,,2.46,2.16,2.28,2.16,3.04,3.23,4.11,3.73
09/03/2023 09:57 p. m.,Ordeño,05:35,19.18,3,,,,,0,,1.86,1.50,1.86,1.56,0,0,0,0,5.11,4.94,4.82,4.96,VMS 3,,Tanque,,2.34,1.98,2.34,2.04,4.02,4.53,5.57,5.06
10/03/2023 03:16 a. m.,Ordeño,04:29,10.19,1,,,,,0,,1.74,1.56,1.74,1.74,0,0,0,0,4.92,4.71,4.77,4.43,VMS 3,,Tanque,,2.40,2.16,2.22,2.22,2.22,2.46,2.87,2.64
10/03/2023 03:09 p. m.,Ordeño,05:24,19.30,2,,,,,0,,1.86,1.56,1.86,1.68,0,0,0,0,5.24,4.95,4.89,4.76,VMS 3,,Tanque,,2.40,2.10,2.40,2.34,4.07,4.44,5.58,5.21
10/03/2023 09:55 p. m.,Ordeño,05:09,13.01,3,,,,,0,,1.74,1.68,1.74,1.56,0,0,0,0,4.82,4.66,4.56,4.58,VMS 3,,Tanque,,2.40,2.28,2.28,2.04,2.92,2.95,3.74,3.40
11/03/2023 06:30 a. m.,Ordeño,04:42,15.07,1,,,,,0,,1.80,1.56,1.80,1.62,0,0,0,0,5.02,4.81,4.76,4.83,VMS 3,,Tanque,,2.34,2.28,2.22,2.16,3.15,3.51,4.46,3.95
11/03/2023 04:38 p. m.,Ordeño,05:02,17.07,2,,,,,0,,1.86,1.50,1.92,1.68,0,0,0,0,5.04,4.81,4.85,4.86,VMS 3,,Tanque,,2.34,2.10,2.46,2.10,3.75,3.94,5.02,4.36
12/03/2023 12:44 a. m.,Ordeño,04:53,13.68,1,,,,,0,,1.74,1.56,1.98,1.86,0,0,0,0,4.90,4.70,4.64,4.46,VMS 3,,Tanque,,2.34,2.10,2.52,2.40,2.94,3.18,4.00,3.56
12/03/2023 08:23 a. m.,Ordeño,05:07,12.12,2,,,,,0,,1.56,1.20,1.68,1.50,0,0,0,0,4.70,4.55,4.66,4.51,VMS 3,,Tanque,,2.04,1.74,2.16,1.86,2.58,2.73,3.62,3.19
12/03/2023 02:10 p. m.,Ordeño,03:47,8.56,3,,,,,0,,1.62,1.32,1.86,1.56,0,0,0,0,4.52,4.46,4.59,4.52,VMS 3,,Tanque,,2.34,1.74,2.28,1.98,1.89,1.97,2.43,2.27
13/03/2023 12:59 a. m.,Ordeño,05:41,16.70,1,,,,,0,,1.92,1.44,1.98,1.74,0,0,0,0,5.11,4.82,4.91,4.66,VMS 3,,Tanque,,2.52,1.98,2.40,2.34,3.41,3.82,4.84,4.63
13/03/2023 09:29 a. m.,Ordeño,04:46,14.81,2,,,,,0,,1.92,1.50,2.04,1.62,0,0,0,0,4.97,4.81,4.72,4.80,VMS 3,,Tanque,,2.40,2.04,2.52,2.04,3.01,3.61,4.26,3.93
13/03/2023 03:06 p. m.,Ordeño,04:16,9.85,3,,,,,0,,1.80,1.56,1.86,1.74,0,0,0,0,4.89,4.89,4.78,4.94,VMS 3,,Tanque,,2.28,2.16,2.28,2.34,2.10,2.31,2.87,2.57
14/03/2023 01:54 a. m.,Ordeño,05:43,18.28,1,,,,,0,,2.04,1.44,1.98,1.68,0,0,0,0,5.17,4.99,4.90,4.50,VMS 3,,Tanque,,2.70,2.10,2.46,2.22,3.60,4.32,5.20,5.16
14/03/2023 09:28 a. m.,Ordeño,04:51,12.38,2,,,,,0,,1.68,1.38,1.68,1.50,0,0,0,0,4.78,4.65,4.56,4.57,VMS 3,,Tanque,,2.22,1.86,2.10,1.86,2.68,2.89,3.52,3.29
14/03/2023 07:28 p. m.,Ordeño,05:15,14.62,3,,,,,0,,1.98,1.38,1.92,1.56,0,0,0,0,4.90,4.73,4.78,4.68,VMS 3,,Tanque,,2.82,1.92,2.28,1.98,3.15,3.28,4.37,3.82
15/03/2023 05:59 a. m.,Ordeño,05:45,17.19,1,,,,,0,,1.92,1.44,1.98,1.38,0,0,0,0,4.86,4.72,4.63,4.22,VMS 3,,Tanque,,2.46,1.86,2.46,2.04,3.49,4.06,5.00,4.64
15/03/2023 03:00 p. m.,Ordeño,04:35,13.89,2,,DD,,,0,,1.80,1.56,1.86,1.74,0,0,0,0,4.73,4.57,4.57,4.43,VMS 3,,Tanque,,2.58,2.40,2.34,2.28,3.14,2.89,4.15,3.71
15/03/2023 11:33 p. m.,Ordeño,04:49,13.06,3,,,,,0,,1.80,1.44,1.92,1.62,0,0,0,0,4.67,4.51,4.53,4.45,VMS 3,,Tanque,,2.28,2.04,2.40,1.98,2.74,3.15,3.88,3.29
16/03/2023 07:20 a. m.,Ordeño,05:26,11.74,1,,,,,0,,1.56,1.32,1.68,1.38,0,0,0,0,4.67,4.43,4.47,4.46,VMS 3,,Tanque,,2.10,1.74,2.16,1.92,2.44,2.73,3.40,3.17
16/03/2023 02:41 p. m.,Ordeño,04:46,11.72,2,,,,,0,,1.80,1.38,1.92,1.50,0,0,0,0,4.86,4.82,4.73,4.94,VMS 3,,Tanque,,2.34,1.92,2.40,1.92,2.52,2.69,3.42,3.09
16/03/2023 10:57 p. m.,Ordeño,05:35,15.20,3,,,,,0,,1.74,1.80,1.86,1.74,0,0,0,0,5.09,4.98,4.87,4.83,VMS 3,,Tanque,,2.34,2.34,2.22,2.34,3.31,3.44,4.48,3.97
17/03/2023 06:57 a. m.,Ordeño,05:14,13.73,1,,,,,0,,1.80,1.50,1.86,1.62,0,0,0,0,5.07,4.76,4.83,4.97,VMS 3,,Tanque,,2.28,1.98,2.28,2.10,2.97,3.18,3.98,3.60
17/03/2023 03:43 p. m.,Ordeño,06:37,15.77,2,,,,,0,,1.80,1.74,1.74,1.86,0,0,0,0,5.02,4.91,4.96,4.80,VMS 3,,Tanque,,2.58,2.40,2.16,2.28,3.38,3.53,4.43,4.43
17/03/2023 11:29 p. m.,Ordeño,04:23,12.36,3,,,,,0,,1.62,1.74,1.74,1.68,0,0,0,0,4.81,4.78,4.73,4.70,VMS 3,,Tanque,,2.16,2.46,2.22,2.22,2.67,2.80,3.60,3.29
18/03/2023 02:21 p. m.,Ordeño,06:32,21.22,1,,,,,0,,2.16,1.86,1.92,1.92,0,0,0,0,5.08,4.98,4.78,4.59,VMS 3,,Tanque,,2.82,2.34,2.58,2.58,4.11,5.13,6.45,5.53
19/03/2023 12:59 a. m.,Ordeño,04:21,13.28,1,,,,,0,,1.86,1.56,1.98,1.80,0,0,0,0,4.66,4.54,4.42,4.13,VMS 3,,Tanque,,2.34,2.10,2.52,2.34,2.90,2.89,4.00,3.49
19/03/2023 02:15 p. m.,Ordeño,05:46,18.18,2,,,,,0,,1.74,1.56,1.86,1.74,0,0,0,0,4.94,4.82,4.75,4.66,VMS 3,,Tanque,,2.40,2.04,2.40,2.22,3.96,4.05,5.44,4.73
20/03/2023 06:55 a. m.,Ordeño,05:47,21.90,1,,,,,0,,1.98,1.86,2.04,2.04,0,0,0,0,5.19,5.00,4.89,4.95,VMS 3,,Tanque,,2.64,2.52,2.64,2.64,4.78,4.28,7.13,5.71
20/03/2023 02:16 p. m.,Ordeño,04:37,7.65,2,,,,,0,,1.50,1.38,1.56,1.38,0,0,0,0,4.33,4.38,4.36,4.35,VMS 3,,Tanque,,1.92,1.98,1.98,1.92,1.79,1.82,2.17,1.87
20/03/2023 10:08 p. m.,Ordeño,04:08,10.59,3,,,,,0,,1.50,1.62,1.68,1.68,0,0,0,0,4.94,4.79,4.82,4.88,VMS 3,,Tanque,,2.22,2.22,2.16,2.10,2.38,2.40,3.16,2.65
21/03/2023 03:48 a. m.,Ordeño,04:07,9.31,1,,,,,0,,1.44,1.62,1.62,1.68,0,0,0,0,5.42,5.18,5.16,5.27,VMS 3,,Tanque,,1.92,2.10,2.16,2.16,1.99,2.13,2.65,2.54
21/03/2023 10:24 a. m.,Ordeño,04:00,9.88,2,,,,,0,,1.56,1.62,1.74,1.68,0,0,0,0,5.49,5.19,5.22,5.35,VMS 3,,Tanque,,1.86,2.40,2.22,2.16,2.16,2.27,2.91,2.54
21/03/2023 04:22 p. m.,Ordeño,04:12,8.00,3,,,,,0,,1.62,1.56,1.80,1.56,0,0,0,0,4.94,4.76,4.84,4.57,VMS 3,,Tanque,,2.16,2.04,2.16,1.98,1.78,1.86,2.33,2.03
21/03/2023 10:37 p. m.,Ordeño,03:46,7.33,4,,,,,0,,1.44,1.38,1.68,1.50,0,0,0,0,4.67,4.56,4.61,4.58,VMS 3,,Tanque,,1.98,1.86,2.22,1.98,1.59,1.65,2.17,1.92
22/03/2023 09:58 a. m.,Ordeño,05:29,17.77,1,,,,,0,,1.74,1.80,1.80,1.86,0,0,0,0,5.46,5.38,5.30,5.29,VMS 3,,Tanque,,2.34,2.46,2.22,2.40,3.69,4.01,5.28,4.79
22/03/2023 06:40 p. m.,Ordeño,05:02,14.11,2,,,,,0,,1.74,1.68,1.86,1.74,0,0,0,0,4.98,4.89,4.99,4.77,VMS 3,,Tanque,,2.28,2.16,2.40,2.28,3.06,3.14,4.27,3.64
23/03/2023 03:52 a. m.,Ordeño,05:09,15.85,1,,,,,0,,1.92,1.68,1.98,1.68,0,0,0,0,5.20,4.95,5.17,4.97,VMS 3,,Tanque,,2.52,2.16,2.46,2.22,3.24,3.67,4.59,4.35
23/03/2023 12:46 p. m.,Ordeño,05:16,14.48,2,,,,,0,,1.62,1.32,1.68,1.50,0,0,0,0,4.73,4.43,4.70,3.97,VMS 3,,Tanque,,2.10,2.04,2.16,2.04,2.84,3.50,4.03,4.11
23/03/2023 07:14 p. m.,Ordeño,04:17,9.98,3,,,,,0,,1.56,1.44,1.56,1.44,0,0,0,0,4.86,4.68,4.75,4.73,VMS 3,,Tanque,,2.04,1.98,2.16,1.86,2.14,2.32,2.78,2.74
24/03/2023 01:59 a. m.,Ordeño,04:22,11.61,1,,,,,0,,1.74,1.50,1.68,1.56,0,0,0,0,5.19,4.80,5.01,4.97,VMS 3,,Tanque,,2.40,2.04,2.28,1.92,2.48,2.68,3.41,3.04
24/03/2023 12:48 p. m.,Ordeño,05:24,19.08,2,,,,,0,,1.86,1.68,1.98,1.86,0,0,0,0,5.39,5.08,5.21,5.23,VMS 3,,Tanque,,2.34,2.28,2.34,2.28,4.01,4.43,5.67,4.97
24/03/2023 06:58 p. m.,Ordeño,03:47,8.46,3,,,,,0,,1.80,1.38,1.80,1.44,0,0,0,0,4.79,4.72,4.73,4.66,VMS 3,,Tanque,,2.34,1.80,2.28,1.80,1.88,1.89,2.45,2.24
25/03/2023 01:44 a. m.,Ordeño,04:39,12.24,1,,,,,0,,1.74,1.20,1.62,1.38,0,0,0,0,5.08,4.88,4.91,5.02,VMS 3,,Tanque,,2.40,1.86,1.98,1.80,2.56,2.80,3.54,3.34
25/03/2023 10:01 a. m.,Ordeño,05:52,14.32,2,,,,,0,,1.98,1.44,1.74,1.50,0,0,0,0,5.13,4.95,4.78,4.90,VMS 3,,Tanque,,2.58,2.22,2.22,1.92,3.08,3.37,4.09,3.78
25/03/2023 09:21 p. m.,Ordeño,05:40,19.06,3,,,,,0,,1.92,1.56,1.92,1.68,0,0,0,0,5.06,4.79,4.93,4.71,VMS 3,,Tanque,,2.52,2.10,2.34,2.22,4.00,4.33,5.78,4.95
26/03/2023 07:38 a. m.,Ordeño,05:03,16.07,1,,,,,0,,1.80,1.68,1.86,1.74,0,0,0,0,4.86,4.74,4.79,4.64,VMS 3,,Tanque,,2.34,2.28,2.28,2.16,3.43,3.63,4.75,4.26
26/03/2023 04:20 p. m.,Ordeño,04:50,15.56,2,,,,,0,,1.80,1.50,1.92,1.68,0,0,0,0,5.05,4.87,4.96,4.96,VMS 3,,Tanque,,2.28,1.98,2.34,2.16,3.24,3.61,4.55,4.16
26/03/2023 10:02 p. m.,Ordeño,04:09,11.00,3,,,,,0,,1.56,1.56,1.80,1.68,0,0,0,0,5.08,4.93,4.93,4.95,VMS 3,,Tanque,,2.10,2.16,2.22,2.16,2.27,2.47,3.32,2.94
27/03/2023 07:43 a. m.,Ordeño,05:05,17.51,1,,,,,0,,1.92,1.62,1.98,1.68,0,0,0,0,5.21,4.95,4.95,4.93,VMS 3,,Tanque,,2.46,2.28,2.40,2.10,3.63,3.99,5.34,4.55
27/03/2023 05:09 p. m.,Ordeño,05:15,16.15,2,,,,,0,,1.74,1.62,1.74,1.80,0,0,0,0,4.99,4.84,4.94,4.73,VMS 3,,Tanque,,2.22,2.22,2.28,2.52,3.55,3.58,4.80,4.22
28/03/2023 04:05 a. m.,Ordeño,05:55,19.05,1,,,,,0,,1.68,1.44,1.80,1.56,0,0,0,0,4.97,4.77,4.81,4.74,VMS 3,,Tanque,,2.16,1.98,2.16,2.04,4.01,4.36,5.67,5.01
28/03/2023 05:41 p. m.,Ordeño,06:24,22.24,2,,,,,0,,1.80,1.80,1.80,1.62,0,0,0,0,5.23,4.91,4.87,5.09,VMS 3,,Tanque,,2.34,2.58,2.28,2.16,5.09,4.68,6.91,5.56
28/03/2023 10:39 p. m.,Ordeño,03:55,6.54,3,,,,,0,,1.44,1.50,1.68,1.32,0,0,0,0,4.48,4.36,4.54,4.30,VMS 3,,Tanque,,1.98,2.22,2.28,2.28,1.52,1.56,1.90,1.56
29/03/2023 10:34 a. m.,Ordeño,05:33,18.23,1,,,,,0,,1.74,1.44,1.80,1.74,0,0,0,0,5.00,4.88,4.84,4.84,VMS 3,,Tanque,,2.22,1.92,2.22,2.22,3.84,3.99,5.55,4.85
29/03/2023 07:13 p. m.,Ordeño,04:38,11.95,2,,,,,0,,1.56,1.62,1.74,1.86,0,0,0,0,4.65,4.49,4.53,4.22,VMS 3,,Tanque,,2.40,2.28,2.22,2.46,2.63,2.67,3.63,3.02
30/03/2023 01:28 a. m.,Ordeño,04:18,11.28,1,,,,,0,,1.74,1.44,1.86,1.68,0,0,0,0,4.85,4.62,4.73,4.69,VMS 3,,Tanque,,2.28,1.92,2.28,2.34,2.30,2.58,3.34,3.06
30/03/2023 11:06 a. m.,Ordeño,05:29,17.20,2,,,,,0,,1.62,1.62,1.68,1.68,0,0,0,0,5.10,4.97,5.01,4.96,VMS 3,,Tanque,,2.04,2.22,2.04,2.34,3.69,3.85,5.10,4.56
30/03/2023 04:58 p. m.,Ordeño,04:08,8.26,3,,,,,0,,1.56,1.56,1.62,1.38,0,0,0,0,4.81,4.69,4.75,4.70,VMS 3,,Tanque,,2.10,2.04,1.98,2.04,1.88,1.96,2.50,1.92
30/03/2023 09:59 p. m.,Ordeño,03:57,9.00,4,,,,,0,,1.62,1.44,1.80,1.44,0,0,0,0,4.82,4.71,4.83,4.74,VMS 3,,Tanque,,2.22,2.10,2.28,1.98,1.95,2.01,2.74,2.30
31/03/2023 09:11 a. m.,Ordeño,05:31,19.41,1,,,,,0,,1.98,1.80,1.86,1.92,0,0,0,0,5.21,5.04,4.95,4.82,VMS 3,,Tanque,,2.52,2.22,2.28,2.34,4.27,4.27,5.77,5.10
31/03/2023 09:34 p. m.,Ordeño,06:02,20.26,2,,,,,0,,1.80,1.74,1.74,1.98,0,0,0,0,5.08,4.76,4.95,4.70,VMS 3,,Tanque,,2.28,2.34,2.16,2.64,4.43,4.37,6.19,5.27
01/04/2023 08:05 a. m.,Ordeño,05:13,17.02,1,,,,,0,,1.74,1.86,1.80,1.98,0,0,0,0,4.49,4.50,4.49,4.15,VMS 3,,Tanque,,2.22,2.58,2.22,2.52,3.75,3.78,5.12,4.37
01/04/2023 02:28 p. m.,Ordeño,03:57,8.35,2,,,,,0,,1.62,1.50,1.74,1.68,0,0,0,0,4.48,4.42,4.47,4.45,VMS 3,,Tanque,,2.28,2.04,2.16,2.22,1.94,1.86,2.44,2.11
01/04/2023 07:26 p. m.,Ordeño,03:57,8.18,3,,,,,0,,1.56,1.38,1.62,1.56,0,0,0,0,4.62,4.56,4.54,4.44,VMS 3,,Tanque,,1.98,1.98,2.04,1.98,1.73,1.85,2.39,2.21
02/04/2023 12:14 a. m.,Ordeño,04:09,8.46,1,,,,,0,,1.56,1.32,1.62,1.50,0,0,0,0,4.90,4.82,4.73,4.85,VMS 3,,Tanque,,2.16,1.68,2.10,2.10,1.94,1.89,2.41,2.22
02/04/2023 06:49 a. m.,Ordeño,04:10,11.43,2,,,,,0,,1.56,1.50,1.80,1.80,0,0,0,0,5.10,4.97,4.99,4.97,VMS 3,,Tanque,,2.04,2.04,2.28,2.46,2.38,2.62,3.40,3.03
02/04/2023 02:56 p. m.,Ordeño,05:22,13.34,3,,,,,0,,1.74,1.44,1.74,1.74,0,0,0,0,4.95,4.79,4.69,4.79,VMS 3,,Tanque,,2.34,1.98,2.22,2.28,2.96,3.03,3.95,3.40
02/04/2023 08:07 p. m.,Ordeño,04:25,9.75,4,,,,,0,,1.56,1.26,1.56,1.56,0,0,0,0,4.76,4.71,4.58,4.64,VMS 3,,Tanque,,2.22,1.74,2.04,1.98,2.12,2.11,2.88,2.64
03/04/2023 01:16 a. m.,Ordeño,04:30,8.86,1,,,,,0,,1.56,1.44,1.74,1.56,0,0,0,0,4.76,4.64,4.73,4.70,VMS 3,,Tanque,,2.28,2.04,2.34,2.64,1.91,2.00,2.61,2.34
03/04/2023 01:41 p. m.,Ordeño,05:54,15.68,2,,,,,0,,1.56,1.32,1.56,1.56,0,0,0,0,4.82,4.76,4.75,4.70,VMS 3,,Tanque,,2.10,1.98,1.98,2.04,3.30,3.46,4.76,4.16
04/04/2023 08:28 a. m.,Ordeño,06:39,23.50,1,,,,,0,,1.98,1.44,1.92,1.56,0,0,0,0,4.95,4.72,4.90,4.12,VMS 3,,Tanque,,2.46,2.04,2.34,2.16,4.14,5.57,7.05,6.74
04/04/2023 08:06 p. m.,Ordeño,07:46,17.27,2,,,,,0,,1.86,1.44,1.80,1.62,0,0,0,0,4.84,4.65,4.74,4.66,VMS 3,,Tanque,,2.52,1.92,2.46,2.34,3.70,3.99,5.16,4.42
05/04/2023 12:56 a. m.,Ordeño,03:48,8.63,1,,,,,0,,1.62,1.38,1.68,1.56,0,0,0,0,4.37,4.46,4.33,4.20,VMS 3,,Tanque,,2.28,1.98,2.16,2.04,1.95,1.91,2.48,2.29
05/04/2023 10:51 a. m.,Ordeño,04:51,14.96,2,,,,,0,,1.86,1.44,1.86,1.86,0,0,0,0,4.76,4.72,4.76,4.38,VMS 3,,Tanque,,2.40,1.98,2.34,2.40,3.11,3.30,4.48,4.07
05/04/2023 06:37 p. m.,Ordeño,05:13,11.58,3,,,,,0,,1.68,1.32,1.62,1.50,0,0,0,0,4.81,4.53,4.75,4.54,VMS 3,,Tanque,,2.28,1.80,2.28,2.40,2.48,2.64,3.40,3.06
06/04/2023 03:39 a. m.,Ordeño,06:07,16.33,1,,,,,0,,1.80,1.26,1.74,1.38,0,0,0,0,5.16,4.85,4.82,4.33,VMS 3,,Tanque,,2.28,1.86,2.28,1.86,3.42,3.71,4.76,4.44
06/04/2023 10:59 a. m.,Ordeño,04:34,11.59,2,,,,,0,,1.62,1.32,1.62,1.50,0,0,0,0,4.89,4.78,4.82,4.67,VMS 3,,Tanque,,1.98,1.86,1.98,1.92,2.50,2.60,3.51,2.98
06/04/2023 03:42 p. m.,Ordeño,03:50,7.54,3,,,,,0,,1.26,1.14,1.44,1.44,0,0,0,0,4.84,4.76,4.82,4.68,VMS 3,,Tanque,,1.80,1.62,1.92,1.92,1.70,1.69,2.10,2.05
07/04/2023 01:09 a. m.,Ordeño,04:54,14.53,1,,,,,0,,1.62,1.56,1.86,1.80,0,0,0,0,5.02,4.91,4.96,4.68,VMS 3,,Tanque,,2.10,2.10,2.40,2.40,3.10,3.19,4.40,3.84
07/04/2023 09:44 a. m.,Ordeño,04:42,13.20,2,,,,,0,,1.68,1.44,1.74,1.86,0,0,0,0,4.70,4.50,4.59,4.23,VMS 3,,Tanque,,2.10,1.98,2.16,2.40,2.68,2.93,3.87,3.72
07/04/2023 04:51 p. m.,Ordeño,04:19,9.85,3,,,,,0,,1.62,1.26,1.68,1.62,0,0,0,0,4.70,4.55,4.76,4.42,VMS 3,,Tanque,,2.22,1.74,2.16,2.10,2.04,2.23,2.83,2.75
08/04/2023 12:30 a. m.,Ordeño,05:21,11.70,1,,,,,0,,1.44,1.32,1.44,1.68,0,0,0,0,4.71,4.65,4.60,4.54,VMS 3,,Tanque,,1.92,1.80,1.86,2.10,2.53,2.60,3.49,3.08
08/04/2023 11:06 a. m.,Ordeño,05:09,16.71,2,,,,,0,,1.74,1.50,1.80,1.98,0,0,0,0,4.76,4.71,4.76,4.27,VMS 3,,Tanque,,2.28,2.16,2.16,2.58,3.49,3.61,5.01,4.60
08/04/2023 07:52 p. m.,Ordeño,04:29,11.35,3,,,,,0,,1.56,1.74,1.68,1.74,0,0,0,0,4.48,4.46,4.39,4.30,VMS 3,,Tanque,,2.10,2.46,2.16,2.22,2.33,2.59,3.39,3.04
09/04/2023 02:05 a. m.,Ordeño,04:07,9.82,1,,,,,0,,1.56,1.50,1.62,1.68,0,0,0,0,4.71,4.65,4.43,4.56,VMS 3,,Tanque,,2.10,2.04,2.04,2.22,2.08,2.23,2.92,2.59
09/04/2023 01:16 p. m.,Ordeño,05:44,18.70,2,,,,,0,,1.68,1.50,1.74,1.74,0,0,0,0,5.13,4.93,4.63,4.54,VMS 3,,Tanque,,2.16,2.16,2.28,2.46,3.91,4.26,5.50,5.03
10/04/2023 12:03 a. m.,Ordeño,05:25,16.66,1,,,,,0,,1.68,1.38,1.74,1.62,0,0,0,0,4.72,4.56,4.61,4.39,VMS 3,,Tanque,,2.34,1.98,2.22,2.10,3.33,3.90,4.89,4.54
10/04/2023 05:31 a. m.,Ordeño,04:07,8.92,2,,,,,0,,1.56,1.32,1.62,1.62,0,0,0,0,4.58,4.58,4.54,4.46,VMS 3,,Tanque,,2.10,1.86,2.04,2.04,1.90,2.09,2.48,2.45
10/04/2023 12:56 p. m.,Ordeño,04:16,12.29,3,,,,,0,,1.74,1.44,1.80,1.62,0,0,0,0,4.84,4.85,4.80,4.81,VMS 3,,Tanque,,2.46,2.34,2.28,2.16,2.56,2.82,3.64,3.27
10/04/2023 09:56 p. m.,Ordeño,04:50,14.19,4,,,,,0,,1.86,1.44,1.92,1.62,0,0,0,0,4.85,4.72,4.72,4.53,VMS 3,,Tanque,,2.46,2.04,2.40,1.98,2.87,3.30,4.37,3.65
11/04/2023 03:39 a. m.,Ordeño,04:58,9.58,1,,,,,0,,1.44,1.32,1.56,1.32,0,0,0,0,4.51,4.65,4.52,4.49,VMS 3,,Tanque,,1.98,1.74,2.10,1.80,2.10,2.13,2.86,2.49
11/04/2023 02:42 p. m.,Ordeño,05:06,16.28,2,,,,,0,,1.74,1.44,1.80,1.62,0,0,0,0,5.10,4.92,4.87,4.74,VMS 3,,Tanque,,2.28,2.04,2.28,2.16,3.30,3.72,4.90,4.36
11/04/2023 10:17 p. m.,Ordeño,04:33,11.98,3,,,,,0,,1.56,1.38,1.68,1.50,0,0,0,0,4.76,4.73,4.60,4.61,VMS 3,,Tanque,,2.10,1.80,2.16,1.92,2.58,2.78,3.56,3.06
12/04/2023 04:17 a. m.,Ordeño,04:14,9.72,1,,,,,0,,1.68,1.44,1.86,1.62,0,0,0,0,4.70,4.54,4.75,4.57,VMS 3,,Tanque,,2.22,1.86,2.34,2.28,2.02,2.27,2.88,2.55
12/04/2023 12:41 p. m.,Ordeño,05:03,13.57,2,,,,,0,,1.62,1.50,1.74,1.80,0,0,0,0,4.60,4.68,4.64,4.70,VMS 3,,Tanque,,2.16,2.10,2.22,2.34,2.97,3.12,3.99,3.49
12/04/2023 08:59 p. m.,Ordeño,04:40,10.92,3,,,,,0,,1.56,1.50,1.68,1.80,0,0,0,0,4.62,4.63,4.61,4.50,VMS 3,,Tanque,,2.04,1.92,2.16,2.40,2.28,2.51,3.19,2.94
13/04/2023 04:20 a. m.,Ordeño,04:33,11.59,1,,,,,0,,1.62,1.56,1.80,1.98,0,0,0,0,4.77,4.62,4.62,4.42,VMS 3,,Tanque,,2.04,2.04,2.22,2.58,2.47,2.55,3.53,3.04
13/04/2023 11:47 a. m.,Ordeño,04:17,11.79,2,,,,,0,,1.68,1.50,1.86,1.68,0,0,0,0,4.76,4.63,4.63,4.46,VMS 3,,Tanque,,2.16,2.04,2.46,2.10,2.48,2.72,3.63,2.96
13/04/2023 10:33 p. m.,Ordeño,08:01,16.08,3,,,,,0,,1.74,1.44,1.92,1.32,0,0,0,0,4.75,4.57,4.74,4.70,VMS 3,,Tanque,,2.28,2.04,2.40,1.80,3.39,3.62,4.72,4.35
14/04/2023 03:56 a. m.,Ordeño,03:51,8.25,1,,,,,0,,1.56,1.38,1.74,1.50,0,0,0,0,4.48,4.57,4.53,4.58,VMS 3,,Tanque,,2.04,1.92,2.16,1.98,1.82,1.89,2.44,2.10
14/04/2023 10:22 a. m.,Ordeño,03:57,9.80,2,,,,,0,,1.62,1.32,1.74,1.50,0,0,0,0,4.60,4.67,4.62,4.60,VMS 3,,Tanque,,2.22,1.86,2.34,1.98,2.05,2.16,2.94,2.65
14/04/2023 04:17 p. m.,Ordeño,04:09,8.87,3,,,,,0,,1.50,1.14,1.62,1.32,0,0,0,0,4.82,4.79,4.81,4.88,VMS 3,,Tanque,,1.98,1.68,1.98,1.74,1.93,1.99,2.60,2.35
14/04/2023 09:18 p. m.,Ordeño,03:48,7.06,4,,,,,0,,1.50,1.20,1.68,1.44,0,0,0,0,4.55,4.49,4.47,4.45,VMS 3,,Tanque,,2.10,1.74,2.22,1.98,1.58,1.56,2.05,1.87
15/04/2023 02:39 a. m.,Ordeño,04:28,9.40,1,,,,,0,,1.38,1.20,1.50,1.32,0,0,0,0,5.09,4.94,4.96,4.98,VMS 3,,Tanque,,1.80,1.80,1.98,1.98,1.97,2.17,2.68,2.58
15/04/2023 12:07 p. m.,Ordeño,08:00,15.05,2,,,,,0,,1.56,1.56,1.62,1.68,0,0,0,0,4.97,4.74,4.75,4.84,VMS 3,,Tanque,,2.16,2.04,2.10,2.22,3.26,3.22,4.54,4.03
15/04/2023 04:46 p. m.,Ordeño,03:57,7.77,3,,,,,0,,1.62,1.44,1.92,1.50,0,0,0,0,4.85,4.75,4.90,4.60,VMS 3,,Tanque,,2.22,1.98,2.40,1.98,1.72,1.77,2.35,1.93
15/04/2023 10:39 p. m.,Ordeño,04:58,10.12,4,,,,,0,,1.62,1.56,1.74,1.56,0,0,0,0,4.85,4.74,4.91,4.39,VMS 3,,Tanque,,2.16,2.34,2.16,2.04,2.07,2.29,2.86,2.90
16/04/2023 06:35 a. m.,Ordeño,04:10,13.05,1,,,,,0,,1.92,1.74,2.04,1.80,0,0,0,0,4.90,4.79,4.84,4.50,VMS 3,,Tanque,,2.52,2.28,2.52,2.28,2.73,2.96,3.86,3.50
16/04/2023 02:05 p. m.,Ordeño,04:00,10.46,2,,,,,0,,1.68,1.56,1.98,1.74,0,0,0,0,4.68,4.60,4.57,4.44,VMS 3,,Tanque,,2.22,2.22,2.40,2.34,2.19,2.31,3.11,2.85
17/04/2023 12:38 a. m.,Ordeño,05:01,16.18,1,,,,,0,,1.86,1.68,1.92,1.80,0,0,0,0,4.83,4.59,4.65,4.42,VMS 3,,Tanque,,2.40,2.16,2.34,2.28,3.34,3.63,4.93,4.28
17/04/2023 09:57 a. m.,Ordeño,04:34,14.55,2,,,,,0,,1.74,1.62,1.92,1.98,0,0,0,0,4.72,4.57,4.76,4.31,VMS 3,,Tanque,,2.34,2.16,2.58,2.46,3.14,3.23,4.31,3.87
17/04/2023 09:16 p. m.,Ordeño,04:51,15.27,3,,,,,0,,1.62,1.56,1.80,1.68,0,0,0,0,4.59,4.39,4.57,4.41,VMS 3,,Tanque,,2.16,2.10,2.34,2.10,3.25,3.37,4.65,4.00
18/04/2023 02:24 a. m.,Ordeño,03:49,8.20,1,,,,,0,,1.50,1.50,1.80,1.74,0,0,0,0,4.70,4.60,4.59,4.26,VMS 3,,Tanque,,1.92,1.92,2.22,2.28,1.83,1.85,2.36,2.16
18/04/2023 11:09 a. m.,Ordeño,04:36,14.31,2,,,,,0,,1.80,1.50,1.98,1.86,0,0,0,0,4.97,4.66,4.85,4.48,VMS 3,,Tanque,,2.28,1.98,2.52,2.34,2.85,3.26,4.30,3.90
18/04/2023 10:15 p. m.,Ordeño,05:21,16.83,3,,,,,0,,1.68,1.80,1.86,2.04,0,0,0,0,4.70,4.72,4.70,4.44,VMS 3,,Tanque,,2.28,2.28,2.40,2.52,3.51,3.78,5.06,4.48
19/04/2023 10:49 a. m.,Ordeño,05:32,19.76,1,,,,,0,,1.80,1.74,2.04,1.92,0,0,0,0,4.88,4.77,4.75,4.43,VMS 3,,Tanque,,2.28,2.28,2.46,2.52,4.01,4.40,5.94,5.41
19/04/2023 04:38 p. m.,Ordeño,04:00,8.13,2,,,,,0,,1.56,1.56,1.92,1.68,0,0,0,0,4.43,4.40,4.49,4.16,VMS 3,,Tanque,,2.04,2.16,2.40,2.04,1.74,1.87,2.41,2.11
19/04/2023 10:30 p. m.,Ordeño,03:46,8.44,3,,,,,0,,1.50,1.50,1.74,1.62,0,0,0,0,4.51,4.49,4.56,4.40,VMS 3,,Tanque,,2.16,2.04,2.28,1.98,1.79,1.93,2.49,2.23
20/04/2023 09:10 a. m.,Ordeño,05:46,18.45,1,,,,,0,,1.74,1.98,1.98,1.98,0,0,0,0,5.09,5.03,4.97,4.74,VMS 3,,Tanque,,2.34,2.52,2.46,2.40,3.95,3.97,5.63,4.90
20/04/2023 03:42 p. m.,Ordeño,04:15,11.00,2,,,,,0,,1.74,1.50,1.92,1.74,0,0,0,0,4.94,4.76,4.85,4.62,VMS 3,,Tanque,,2.34,2.04,2.46,2.22,2.34,2.52,3.26,2.88
20/04/2023 11:44 p. m.,Ordeño,04:21,13.02,3,,,,,0,,1.86,1.62,1.86,1.86,0,0,0,0,5.01,4.85,4.85,4.52,VMS 3,,Tanque,,2.40,2.10,2.34,2.28,2.77,2.91,3.83,3.51
21/04/2023 10:15 a. m.,Ordeño,05:08,18.00,1,,,,,0,,1.92,1.62,1.92,1.92,0,0,0,0,5.03,4.95,4.94,4.64,VMS 3,,Tanque,,2.70,2.16,2.34,2.58,3.84,4.04,5.19,4.93
21/04/2023 07:09 p. m.,Ordeño,04:54,13.83,2,,,,,0,,1.80,1.68,1.86,1.92,0,0,0,0,4.97,4.81,4.88,4.58,VMS 3,,Tanque,,2.52,2.28,2.34,2.34,2.95,3.11,4.05,3.72
22/04/2023 12:22 a. m.,Ordeño,03:52,9.40,1,,,,,0,,1.74,1.68,1.80,1.74,0,0,0,0,4.89,4.76,4.91,4.66,VMS 3,,Tanque,,2.28,2.22,2.28,2.28,2.10,2.19,2.75,2.36
22/04/2023 11:46 a. m.,Ordeño,05:26,19.72,2,,,,,0,,1.80,1.62,1.86,1.86,0,0,0,0,5.24,5.12,5.08,4.72,VMS 3,,Tanque,,2.34,2.22,2.28,2.28,4.13,4.41,5.94,5.24
22/04/2023 05:22 p. m.,Ordeño,04:15,9.44,3,,,,,0,,1.56,1.50,1.62,1.62,0,0,0,0,4.79,4.60,4.76,4.47,VMS 3,,Tanque,,1.98,2.04,2.04,2.10,2.03,2.23,2.68,2.50
22/04/2023 10:16 p. m.,Ordeño,03:49,7.05,4,,,,,0,,1.56,1.44,1.62,1.62,0,0,0,0,4.98,4.81,4.83,4.67,VMS 3,,Tanque,,2.04,1.98,2.22,2.10,1.55,1.60,1.99,1.91
23/04/2023 11:17 a. m.,Ordeño,05:39,19.78,1,,,,,0,,1.74,1.50,1.80,1.62,0,0,0,0,4.73,4.64,4.58,4.34,VMS 3,,Tanque,,2.16,1.98,2.28,2.10,4.22,4.34,5.97,5.25
23/04/2023 04:59 p. m.,Ordeño,03:49,8.64,2,,,,,0,,1.68,1.62,1.80,1.68,0,0,0,0,4.72,4.60,4.58,4.53,VMS 3,,Tanque,,2.16,2.16,2.46,2.16,1.87,1.98,2.51,2.28
23/04/2023 10:48 p. m.,Ordeño,04:07,8.89,3,,,,,0,,1.50,1.32,1.74,1.38,0,0,0,0,4.66,4.54,4.57,4.47,VMS 3,,Tanque,,1.92,1.74,2.28,1.74,1.91,2.03,2.66,2.29
24/04/2023 06:55 a. m.,Ordeño,04:26,13.21,1,,,,,0,,1.62,1.50,1.80,1.56,0,0,0,0,4.99,4.88,4.84,4.85,VMS 3,,Tanque,,2.16,2.04,2.22,1.98,2.79,2.92,3.90,3.60
24/04/2023 01:11 p. m.,Ordeño,04:28,10.96,2,,,,,0,,1.56,1.38,1.68,1.50,0,0,0,0,4.93,4.63,4.78,4.69,VMS 3,,Tanque,,1.98,1.92,2.10,2.10,2.35,2.55,3.19,2.87
24/04/2023 06:46 p. m.,Ordeño,04:13,8.82,3,,,,,0,,1.44,1.38,1.74,1.44,0,0,0,0,4.71,4.69,4.72,4.64,VMS 3,,Tanque,,1.92,1.86,2.10,1.98,1.89,2.01,2.55,2.37
25/04/2023 12:55 a. m.,Ordeño,04:09,10.83,1,,,,,0,,1.68,1.50,1.80,1.56,0,0,0,0,4.84,4.76,4.85,4.77,VMS 3,,Tanque,,2.22,1.98,2.16,1.98,2.29,2.50,3.17,2.87
25/04/2023 06:24 a. m.,Ordeño,04:06,9.47,2,,,,,0,,1.56,1.44,1.68,1.50,0,0,0,0,4.96,4.91,4.84,4.80,VMS 3,,Tanque,,2.10,1.98,2.04,1.86,1.98,2.20,2.78,2.51
25/04/2023 02:36 p. m.,Ordeño,05:08,14.30,3,,,,,0,,1.74,1.74,1.86,1.62,0,0,0,0,4.96,4.89,4.91,4.94,VMS 3,,Tanque,,2.40,2.34,2.34,2.16,3.08,3.23,4.26,3.73
25/04/2023 10:45 p. m.,Ordeño,05:02,13.08,4,,,,,0,,1.68,1.56,1.98,1.62,0,0,0,0,4.90,4.70,4.84,4.52,VMS 3,,Tanque,,2.10,2.04,2.46,2.40,2.55,3.01,3.94,3.58
26/04/2023 06:11 a. m.,Ordeño,04:31,12.99,1,,,,,0,,1.86,1.68,1.86,1.68,0,0,0,0,4.83,4.77,4.83,4.67,VMS 3,,Tanque,,2.40,2.28,2.46,2.16,2.73,3.01,3.84,3.41
26/04/2023 01:28 p. m.,Ordeño,04:40,11.94,2,,,,,0,,1.68,1.44,1.74,1.44,0,0,0,0,4.76,4.62,4.77,4.60,VMS 3,,Tanque,,2.16,1.92,2.28,1.86,2.56,2.77,3.52,3.09
26/04/2023 10:15 p. m.,Ordeño,04:29,14.29,3,,,,,0,,1.80,1.62,1.92,1.56,0,0,0,0,4.78,4.63,4.77,4.37,VMS 3,,Tanque,,2.34,2.22,2.40,2.04,2.93,3.27,4.28,3.81
27/04/2023 05:50 a. m.,Ordeño,04:24,13.81,1,,,,,0,,1.92,1.56,2.04,1.62,0,0,0,0,4.99,4.74,4.91,4.66,VMS 3,,Tanque,,2.46,2.04,2.58,2.04,2.89,3.16,4.08,3.68
27/04/2023 10:38 a. m.,Ordeño,03:49,8.29,2,,,,,0,,1.68,1.50,1.80,1.50,0,0,0,0,4.72,4.68,4.72,4.58,VMS 3,,Tanque,,2.16,2.10,2.22,1.80,1.88,1.97,2.39,2.05
27/04/2023 03:49 p. m.,Ordeño,03:50,9.08,3,,,,,0,,1.68,1.56,1.80,1.50,0,0,0,0,4.79,4.66,4.65,4.40,VMS 3,,Tanque,,2.40,2.34,2.34,2.04,1.92,2.04,2.65,2.47
27/04/2023 11:17 p. m.,Ordeño,04:15,12.05,4,,,,,0,,1.74,1.44,1.86,1.56,0,0,0,0,4.77,4.69,4.77,4.66,VMS 3,,Tanque,,2.28,1.92,2.28,2.22,2.54,2.65,3.69,3.17
28/04/2023 06:43 a. m.,Ordeño,04:33,13.88,1,,,,,0,,1.86,1.50,1.92,1.62,0,0,0,0,4.97,4.89,4.84,4.80,VMS 3,,Tanque,,2.52,2.10,2.34,2.16,2.98,3.09,4.14,3.67
28/04/2023 01:56 p. m.,Ordeño,04:23,12.10,2,,,,,0,,1.68,1.56,1.80,1.56,0,0,0,0,4.75,4.68,4.60,4.53,VMS 3,,Tanque,,2.40,2.28,2.28,2.46,2.65,2.72,3.71,3.02
28/04/2023 10:18 p. m.,Ordeño,04:50,13.86,3,,,,,0,,1.68,1.56,1.68,1.62,0,0,0,0,4.95,4.63,4.78,4.60,VMS 3,,Tanque,,2.22,2.22,2.16,2.16,2.94,3.15,4.10,3.67
29/04/2023 05:35 a. m.,Ordeño,04:54,14.14,1,,,,,0,,1.80,1.68,1.98,1.74,0,0,0,0,5.08,4.77,4.84,4.67,VMS 3,,Tanque,,2.34,2.10,2.64,2.34,3.05,3.18,4.25,3.66
29/04/2023 12:50 p. m.,Ordeño,04:54,12.67,2,,,,,0,,1.50,1.62,1.74,1.56,0,0,0,0,4.88,4.63,4.85,4.67,VMS 3,,Tanque,,1.92,2.10,2.16,2.04,2.71,2.84,3.76,3.36
29/04/2023 06:31 p. m.,Ordeño,05:18,9.98,3,,,,,0,,1.50,1.32,1.68,1.38,0,0,0,0,4.81,4.58,4.85,4.59,VMS 3,,Tanque,,1.92,1.80,2.16,1.86,2.17,2.29,2.88,2.64
29/04/2023 11:08 p. m.,Ordeño,04:03,6.82,4,,,,,0,,1.50,1.62,1.68,1.56,0,0,0,0,4.49,4.51,4.56,4.54,VMS 3,,Tanque,,2.16,2.34,2.10,2.04,1.50,1.62,1.91,1.79
30/04/2023 06:56 a. m.,Ordeño,04:48,13.37,1,,,,,0,,1.50,1.80,1.80,1.68,0,0,0,0,4.89,4.91,4.83,4.66,VMS 3,,Tanque,,2.10,2.34,2.28,2.10,2.78,2.87,4.09,3.63
30/04/2023 08:19 p. m.,Ordeño,07:08,16.79,2,,,DI,DI,0,,0.00,1.14,1.80,1.68,0,0,0,0,0.00,4.24,4.65,4.33,VMS 3,,Tanque,,0.00,1.62,2.22,2.16,0.00,5.11,6.22,5.46
01/05/2023 05:13 a. m.,Ordeño,05:47,15.76,1,,,,,0,DI,1.80,1.68,1.86,1.74,0,0,0,0,5.05,4.22,4.58,4.24,VMS 3,,Tanque,,2.16,2.10,2.28,2.28,5.08,3.08,4.06,3.54
01/05/2023 10:54 a. m.,Ordeño,03:45,8.40,2,,,,,0,,1.38,1.56,1.80,1.68,375,0,0,0,3.98,4.46,4.60,4.31,VMS 3,,Tanque,,1.86,2.22,2.40,2.16,1.47,2.02,2.58,2.33
01/05/2023 05:56 p. m.,Ordeño,04:27,10.75,3,,,,,0,,1.62,1.44,1.74,1.56,0,0,0,0,4.50,4.73,4.80,4.67,VMS 3,,Tanque,,2.22,1.92,2.28,2.04,1.84,2.43,3.46,3.02
02/05/2023 01:53 a. m.,Ordeño,04:41,13.95,1,,,,,0,,1.56,1.56,1.92,1.80,0,0,0,0,4.75,4.82,4.79,4.66,VMS 3,,Tanque,,1.98,2.10,2.28,2.34,2.60,3.29,4.29,3.77
02/05/2023 10:20 a. m.,Ordeño,04:52,15.20,2,,,,,0,,1.68,1.56,1.86,1.80,0,0,0,0,4.92,4.82,4.81,4.54,VMS 3,,Tanque,,2.22,2.16,2.22,2.40,2.97,3.42,4.65,4.16
02/05/2023 06:17 p. m.,Ordeño,04:35,13.37,3,,,,,0,,1.62,1.56,1.86,1.74,0,0,0,0,4.84,4.83,4.75,4.54,VMS 3,,Tanque,,2.04,2.16,2.70,2.28,2.68,2.99,4.01,3.69
03/05/2023 12:02 a. m.,Ordeño,04:10,9.92,1,,,,,0,,1.74,1.44,1.74,1.62,0,0,0,0,4.85,4.77,4.67,4.74,VMS 3,,Tanque,,2.34,1.92,2.28,2.10,2.06,2.28,2.91,2.67
03/05/2023 07:34 a. m.,Ordeño,05:32,13.59,2,,,,,0,,1.68,1.86,1.80,1.80,0,0,0,0,4.50,4.97,4.94,4.61,VMS 3,,Tanque,,2.22,2.46,2.22,2.34,2.81,3.08,4.17,3.53
03/05/2023 03:06 p. m.,Ordeño,04:27,12.10,3,,,,,0,,1.68,1.56,1.74,1.74,0,0,0,0,4.84,4.77,4.82,4.53,VMS 3,,Tanque,,2.28,2.04,2.34,2.34,2.43,2.78,3.63,3.26
03/05/2023 10:07 p. m.,Ordeño,04:53,11.49,4,,,,,0,,1.80,1.56,1.98,1.74,0,0,0,0,4.98,4.75,4.91,4.79,VMS 3,,Tanque,,2.28,1.98,2.40,2.16,2.24,2.73,3.50,3.02
04/05/2023 07:58 a. m.,Ordeño,05:01,17.19,1,,,,,0,,2.10,1.56,1.98,1.80,0,0,0,0,4.90,4.88,4.79,4.52,VMS 3,,Tanque,,2.58,2.22,2.52,2.34,3.51,3.91,5.14,4.63
04/05/2023 02:21 p. m.,Ordeño,03:50,9.46,2,,,,,0,,1.86,1.44,1.86,1.62,0,0,0,0,4.57,4.57,4.60,4.29,VMS 3,,Tanque,,2.46,1.98,2.40,2.10,2.07,2.09,2.86,2.44
04/05/2023 08:37 p. m.,Ordeño,04:08,8.93,3,,,,,0,,1.68,1.44,1.74,1.56,0,0,0,0,4.59,4.55,4.71,4.58,VMS 3,,Tanque,,2.16,1.80,2.28,2.04,1.88,1.94,2.72,2.39
05/05/2023 03:36 a. m.,Ordeño,04:32,12.45,1,,,,,0,,1.80,1.80,1.80,1.80,0,0,0,0,4.88,4.94,4.85,4.49,VMS 3,,Tanque,,2.28,2.40,2.28,2.46,2.51,2.91,3.71,3.32
05/05/2023 10:25 a. m.,Ordeño,04:22,11.11,2,,,,,0,,1.80,1.80,1.86,1.80,0,0,0,0,4.75,4.65,4.73,4.36,VMS 3,,Tanque,,2.34,2.40,2.28,2.40,2.33,2.52,3.29,2.97
05/05/2023 06:33 p. m.,Ordeño,04:24,12.20,3,,,,,0,,1.80,1.50,1.92,1.62,0,0,0,0,4.69,4.73,4.72,4.55,VMS 3,,Tanque,,2.40,2.04,2.34,2.10,2.54,2.74,3.63,3.29
06/05/2023 01:04 a. m.,Ordeño,04:20,10.96,1,,,,,0,,1.80,1.86,1.86,1.92,0,0,0,0,4.77,4.70,4.78,4.43,VMS 3,,Tanque,,2.28,2.34,2.40,2.76,2.36,2.43,3.27,2.90
06/05/2023 09:41 a. m.,Ordeño,04:47,13.69,2,,,,,0,,1.62,1.56,1.68,1.68,0,0,0,0,4.80,4.68,4.71,4.43,VMS 3,,Tanque,,2.16,2.04,2.16,2.34,2.87,3.05,4.06,3.71
06/05/2023 07:07 p. m.,Ordeño,04:44,11.71,3,,,,,0,,1.80,1.44,1.74,1.68,0,0,0,0,4.73,4.68,4.65,4.49,VMS 3,,Tanque,,2.40,1.80,2.22,2.10,2.57,2.53,3.55,3.06
07/05/2023 03:16 a. m.,Ordeño,04:47,12.47,1,,,,,0,,1.86,1.56,1.86,1.86,0,0,0,0,4.70,4.46,4.61,4.33,VMS 3,,Tanque,,2.46,1.98,2.40,2.46,2.51,2.81,3.76,3.39
07/05/2023 10:13 a. m.,Ordeño,04:02,10.50,2,,,,,0,,1.68,1.62,1.80,1.80,0,0,0,0,4.52,4.46,4.63,4.35,VMS 3,,Tanque,,2.16,2.04,2.22,2.34,2.14,2.30,3.11,2.95
07/05/2023 05:58 p. m.,Ordeño,04:38,10.02,3,,,,,0,,1.80,1.44,1.68,1.68,0,0,0,0,4.61,4.45,4.66,4.43,VMS 3,,Tanque,,2.22,1.98,2.10,2.04,2.08,2.09,3.13,2.72
08/05/2023 02:28 a. m.,Ordeño,04:08,10.89,1,,,,,0,,1.74,1.50,1.86,1.80,0,0,0,0,4.57,4.59,4.64,4.43,VMS 3,,Tanque,,2.34,2.10,2.40,2.28,2.35,2.41,3.35,2.78
08/05/2023 01:20 p. m.,Ordeño,05:41,16.74,2,,,,,0,,1.98,1.56,2.04,1.74,0,0,0,0,5.10,4.91,5.07,4.75,VMS 3,,Tanque,,2.64,2.22,2.52,2.28,3.50,3.70,5.07,4.47
08/05/2023 08:48 p. m.,Ordeño,04:08,9.29,3,,,,,0,,1.68,1.56,1.74,1.56,0,0,0,0,4.68,4.68,4.68,4.53,VMS 3,,Tanque,,2.16,2.10,2.16,2.10,2.07,2.03,2.78,2.41
09/05/2023 02:48 a. m.,Ordeño,04:55,9.58,1,,,,,0,,1.68,1.32,1.62,1.44,0,0,0,0,4.93,4.88,4.81,4.67,VMS 3,,Tanque,,2.16,1.74,2.04,1.86,2.01,2.25,2.74,2.58
09/05/2023 01:04 p. m.,Ordeño,06:59,8.62,2,,,"DI,DD","DI,DD",0,,0.00,0.00,1.98,1.56,0,0,0,0,0.00,0.00,4.76,5.56,VMS 3,,Tanque,,0.00,0.00,2.52,2.10,0.00,0.00,4.67,3.95
09/05/2023 08:48 p. m.,Ordeño,05:26,15.58,3,,,,,0,,1.98,1.80,1.86,1.56,0,0,0,0,5.21,5.21,4.81,4.60,VMS 3,,Tanque,,2.64,2.40,2.22,1.98,4.39,4.99,3.31,2.89
10/05/2023 03:45 a. m.,Ordeño,04:24,10.95,1,,,,,0,,1.80,1.50,1.74,1.56,0,0,0,0,4.54,4.73,4.93,4.89,VMS 3,,Tanque,,2.34,2.16,2.16,2.22,2.24,2.29,3.51,2.91
10/05/2023 01:26 p. m.,Ordeño,04:55,15.04,2,,,,,0,,1.68,1.44,1.74,1.56,0,0,0,0,4.93,4.88,4.93,4.89,VMS 3,,Tanque,,2.10,1.98,2.22,2.04,3.12,3.10,4.64,4.18
10/05/2023 07:04 p. m.,Ordeño,03:59,7.79,3,,,,,0,,1.68,1.38,1.74,1.56,0,0,0,0,4.80,4.77,4.78,4.67,VMS 3,,Tanque,,2.22,1.86,2.28,2.04,1.72,1.67,2.39,2.01
11/05/2023 02:17 a. m.,Ordeño,05:17,11.17,1,,TI,,,0,,1.50,1.50,1.56,1.56,0,0,0,0,4.90,4.83,4.77,4.74,VMS 3,,Tanque,,2.04,2.04,1.98,1.98,2.28,2.39,3.44,3.06
11/05/2023 02:09 p. m.,Ordeño,05:10,16.71,2,,,,,0,,1.80,1.80,1.92,1.98,0,0,0,0,5.16,5.02,5.05,4.67,VMS 3,,Tanque,,2.46,2.46,2.34,2.58,3.46,3.67,5.24,4.34
11/05/2023 07:28 p. m.,Ordeño,03:48,6.28,3,,,,,0,,1.50,1.32,1.56,1.56,0,0,0,0,4.49,4.61,4.50,4.29,VMS 3,,Tanque,,2.16,1.86,2.16,2.10,1.36,1.30,1.83,1.79
12/05/2023 03:08 a. m.,Ordeño,04:32,10.83,1,,,,,0,,1.44,1.44,1.56,1.62,0,0,0,0,4.71,4.74,4.64,4.55,VMS 3,,Tanque,,1.92,1.98,1.92,2.04,2.21,2.37,3.27,2.98
12/05/2023 08:31 a. m.,Ordeño,04:07,8.13,2,,,,,0,,1.50,1.56,1.44,1.62,0,0,0,0,4.71,4.65,4.51,4.49,VMS 3,,Tanque,,2.22,2.10,2.04,2.10,1.76,1.88,2.33,2.16
12/05/2023 02:21 p. m.,Ordeño,03:47,7.72,3,,,,,0,,1.50,1.56,1.50,1.62,0,0,0,0,4.71,4.58,4.44,4.50,VMS 3,,Tanque,,1.98,2.10,1.98,2.16,1.68,1.77,2.16,2.11
12/05/2023 08:21 p. m.,Ordeño,03:47,7.48,4,,,,,0,,1.50,1.56,1.62,1.50,0,0,0,0,4.71,4.70,4.64,4.58,VMS 3,,Tanque,,2.10,2.16,2.16,1.92,1.68,1.75,2.14,1.91
13/05/2023 05:41 a. m.,Ordeño,04:55,13.76,1,,,,,0,,1.74,1.62,1.92,1.80,0,0,0,0,4.73,4.63,4.63,4.44,VMS 3,,Tanque,,2.40,2.34,2.46,2.22,2.80,3.20,4.08,3.68
13/05/2023 11:39 a. m.,Ordeño,05:20,6.20,2,,,TD,TD,0,,1.50,1.62,1.56,0.00,0,0,0,0,4.46,4.48,4.56,0.00,VMS 3,,Tanque,,2.04,2.10,2.04,0.00,1.88,1.91,2.41,0.00
13/05/2023 04:15 p. m.,Ordeño,04:12,8.45,3,,,,,0,,1.56,1.32,1.56,1.86,0,0,0,0,4.54,4.44,4.42,4.42,VMS 3,,Tanque,,2.22,1.98,2.10,2.46,1.40,1.40,1.72,3.93
13/05/2023 10:33 p. m.,Ordeño,05:10,8.83,4,,,,,0,,1.38,1.44,1.50,1.56,0,0,0,0,4.51,4.51,4.44,4.30,VMS 3,,Tanque,,1.86,1.98,1.86,2.16,1.76,1.97,2.67,2.43
14/05/2023 10:11 a. m.,Ordeño,05:06,17.37,1,,,,,0,,1.92,1.80,1.92,1.92,0,0,0,0,4.97,4.84,4.79,4.29,VMS 3,,Tanque,,2.52,2.46,2.40,2.46,3.78,3.85,5.27,4.47
14/05/2023 04:44 p. m.,Ordeño,05:19,5.95,2,,,TI,TI,0,,1.38,1.56,0.00,1.44,0,0,0,0,4.33,4.24,0.00,4.20,VMS 3,,Tanque,,2.04,2.28,0.00,1.92,1.82,2.00,0.00,2.13
15/05/2023 03:44 a. m.,Ordeño,06:34,16.03,1,,,,,0,,1.68,1.56,1.92,1.74,0,0,0,0,4.77,4.58,5.04,4.36,VMS 3,,Tanque,,2.22,1.98,2.52,2.28,3.03,3.18,6.11,3.71
15/05/2023 01:04 p. m.,Ordeño,04:04,11.62,2,,,,,0,,1.74,1.68,1.80,1.86,0,0,0,0,4.70,4.54,4.55,4.70,VMS 3,,Tanque,,2.22,2.28,2.28,2.34,2.42,2.71,3.15,3.34
15/05/2023 10:31 p. m.,Ordeño,05:01,13.50,3,,,,,0,,1.56,1.44,1.50,1.56,0,0,0,0,4.82,4.69,4.71,4.54,VMS 3,,Tanque,,2.04,1.86,1.92,2.04,2.93,3.03,3.90,3.64
16/05/2023 07:56 a. m.,Ordeño,05:06,16.13,1,,,,,0,,1.80,1.74,1.80,1.98,0,0,0,0,5.15,4.97,5.20,4.65,VMS 3,,Tanque,,2.40,2.52,2.22,2.58,3.54,3.65,4.69,4.25
16/05/2023 02:58 p. m.,Ordeño,04:43,12.01,2,,,,,0,,1.56,1.44,1.62,1.56,0,0,0,0,4.87,4.71,4.86,4.71,VMS 3,,Tanque,,2.16,1.92,2.10,2.10,2.54,2.70,3.51,3.26
16/05/2023 11:23 p. m.,Ordeño,04:53,12.66,3,,,,,0,,1.80,1.86,1.80,1.86,0,0,0,0,4.89,4.80,4.83,4.58,VMS 3,,Tanque,,2.22,2.46,2.16,2.34,2.62,2.88,3.80,3.36
17/05/2023 04:57 a. m.,Ordeño,03:53,9.78,1,,,,,0,,1.74,1.56,1.74,1.62,0,0,0,0,4.91,4.80,4.72,4.67,VMS 3,,Tanque,,2.22,2.10,2.28,2.04,2.10,2.28,2.83,2.57
17/05/2023 03:58 p. m.,Ordeño,05:19,18.95,2,,,,,0,,1.80,1.86,1.92,1.86,0,0,0,0,5.17,5.03,5.08,4.76,VMS 3,,Tanque,,2.46,2.46,2.52,2.52,4.04,4.31,5.70,4.90
17/05/2023 11:21 p. m.,Ordeño,04:19,12.42,3,,,,,0,,1.92,1.62,1.98,1.80,0,0,0,0,5.16,4.80,4.96,4.52,VMS 3,,Tanque,,2.46,2.22,2.40,2.28,2.70,2.78,3.63,3.31
18/05/2023 05:11 a. m.,Ordeño,05:00,10.60,1,,,,,0,,1.74,1.56,1.74,1.68,0,0,0,0,5.10,4.87,4.95,4.78,VMS 3,,Tanque,,2.22,2.16,2.16,2.22,2.24,2.46,3.28,2.62
18/05/2023 03:24 p. m.,Ordeño,04:40,16.27,2,,,,,0,,1.86,1.80,2.16,1.98,0,0,0,0,5.03,4.94,5.03,4.63,VMS 3,,Tanque,,2.64,2.34,2.64,2.52,3.34,3.62,4.86,4.45
18/05/2023 09:13 p. m.,Ordeño,03:51,8.11,3,,,,,0,,1.50,1.38,1.62,1.50,0,0,0,0,4.59,4.47,4.35,4.15,VMS 3,,Tanque,,2.28,1.80,2.04,2.10,1.82,1.68,2.42,2.19
19/05/2023 01:50 a. m.,Ordeño,03:54,6.35,1,,,,,0,,1.50,1.44,1.74,1.38,0,0,0,0,4.72,4.40,4.62,4.15,VMS 3,,Tanque,,2.22,2.22,2.40,2.04,1.31,1.37,1.88,1.79
19/05/2023 11:11 a. m.,Ordeño,04:30,10.67,2,,DI,DI,,0,TI,0.54,1.74,1.98,2.04,0,0,0,0,3.89,4.54,4.74,4.16,VMS 3,,Tanque,,1.02,2.34,2.52,2.64,0.23,2.71,4.13,3.60
19/05/2023 06:05 p. m.,Ordeño,04:36,10.48,3,,,,,0,,1.74,1.50,1.74,1.68,0,0,0,0,4.96,4.53,4.67,4.27,VMS 3,,Tanque,,2.28,1.98,2.22,2.22,3.70,1.88,2.62,2.28
20/05/2023 04:18 a. m.,Ordeño,05:22,15.31,1,,,,,0,,1.68,1.50,1.80,1.86,0,0,0,0,4.77,4.81,4.82,4.35,VMS 3,,Tanque,,2.22,2.10,2.34,2.28,3.03,3.36,4.79,4.13
20/05/2023 03:36 p. m.,Ordeño,05:53,16.14,2,,,,,0,,1.92,1.50,1.92,1.98,0,0,0,0,4.91,4.79,4.84,4.35,VMS 3,,Drenaje,,2.40,2.04,2.40,2.64,3.39,3.50,4.91,4.34
20/05/2023 11:35 p. m.,Ordeño,04:05,9.40,3,,,,,0,,1.56,1.62,1.80,1.80,0,0,0,0,4.46,4.44,4.44,4.01,VMS 3,,Drenaje,,2.10,2.04,2.16,2.40,1.82,2.12,2.74,2.72
21/05/2023 10:55 a. m.,Ordeño,07:06,16.39,1,,,,,0,,1.62,1.56,1.86,1.80,0,0,0,0,4.65,4.78,5.06,4.47,VMS 3,,Drenaje,,2.10,2.10,2.88,2.34,3.35,3.39,5.03,4.62
21/05/2023 08:10 p. m.,Ordeño,04:56,13.59,2,,,,,0,,1.62,1.44,1.86,1.80,0,0,0,0,5.03,4.79,4.99,4.48,VMS 3,,Drenaje,,2.10,2.16,2.52,2.34,2.77,3.13,4.11,3.58
22/05/2023 01:42 a. m.,Ordeño,06:01,7.86,1,,,,,0,,1.56,1.32,1.74,1.68,0,0,0,0,4.57,4.42,4.67,4.44,VMS 3,,Drenaje,,2.04,1.80,2.22,2.22,1.77,1.72,2.33,2.04
22/05/2023 09:09 a. m.,Ordeño,05:06,10.52,2,,,,,0,,1.68,1.26,1.80,1.74,0,0,0,0,4.75,4.64,4.72,4.45,VMS 3,,Drenaje,,2.16,1.68,2.22,2.22,2.11,2.32,3.05,3.04
22/05/2023 02:37 p. m.,Ordeño,03:52,8.32,3,,,,,0,,1.50,1.26,1.62,1.50,0,0,0,0,4.87,4.83,4.72,4.81,VMS 3,,Drenaje,,1.86,1.74,1.98,1.98,1.83,1.87,2.35,2.27
22/05/2023 11:56 p. m.,Ordeño,05:00,14.70,1,,,,,0,,1.56,1.56,1.68,1.56,0,0,0,0,4.89,4.63,4.68,4.70,VMS 3,,Drenaje,,2.04,2.10,2.16,2.10,3.15,3.21,4.48,3.86
23/05/2023 11:27 a. m.,Ordeño,05:34,17.83,2,,,,,0,,1.80,1.56,1.74,1.56,0,0,0,0,4.99,4.67,4.89,4.81,VMS 3,,Drenaje,,2.40,2.34,2.16,2.22,3.80,4.08,5.30,4.65
23/05/2023 08:01 p. m.,Ordeño,04:28,12.25,3,,,,,0,,1.68,1.50,1.80,1.50,0,0,0,0,4.72,4.62,4.64,4.58,VMS 3,,Drenaje,,2.16,2.04,2.28,1.98,2.49,2.82,3.60,3.34
24/05/2023 02:33 a. m.,Ordeño,05:24,11.58,1,,,,,0,,1.74,1.44,1.80,1.62,0,0,0,0,4.89,4.60,4.83,4.64,VMS 3,,Drenaje,,2.28,2.04,2.16,2.04,2.36,2.78,3.35,3.09
24/05/2023 09:38 a. m.,Ordeño,04:32,11.82,2,,,,,0,,1.80,1.50,1.80,1.56,0,0,0,0,4.88,4.67,4.76,4.71,VMS 3,,Drenaje,,2.40,1.98,2.28,1.98,2.48,2.73,3.65,2.96
24/05/2023 04:53 p. m.,Ordeño,04:33,11.62,3,,TD,,,0,,1.56,1.44,1.68,1.56,0,0,0,0,4.88,4.72,4.85,4.77,VMS 3,,Drenaje,,2.10,1.92,2.10,2.04,2.45,2.58,3.42,3.17
25/05/2023 12:56 a. m.,Ordeño,04:49,13.87,1,,,,,0,,1.68,1.62,1.80,1.62,0,0,0,0,5.01,4.66,4.92,4.77,VMS 3,,Drenaje,,2.52,2.16,2.28,2.16,2.90,3.11,4.11,3.75
25/05/2023 09:27 a. m.,Ordeño,04:26,13.17,2,,,,,0,,1.62,1.62,1.80,1.68,0,0,0,0,4.75,4.60,4.67,4.47,VMS 3,,Drenaje,,2.16,2.10,2.28,2.16,2.77,2.99,3.91,3.50
25/05/2023 06:00 p. m.,Ordeño,04:44,13.36,3,,,,,0,,1.44,1.44,1.74,1.56,0,0,0,0,4.80,4.63,4.79,4.60,VMS 3,,Drenaje,,1.92,1.86,2.16,2.10,2.77,3.05,4.00,3.54
25/05/2023 11:48 p. m.,Ordeño,04:17,9.95,4,,,,,0,,1.38,1.44,1.74,1.56,0,0,0,0,4.75,4.56,4.64,4.60,VMS 3,,Drenaje,,1.92,1.98,2.16,1.98,2.06,2.34,2.91,2.64
26/05/2023 05:40 a. m.,Ordeño,04:10,9.28,1,,,,,0,,1.50,1.56,1.80,1.44,0,0,0,0,4.61,4.42,4.59,4.33,VMS 3,,Drenaje,,1.92,2.28,2.40,2.10,2.08,2.25,2.78,2.17
26/05/2023 04:59 p. m.,Ordeño,05:25,18.84,2,,,,,0,,1.74,1.62,1.86,1.74,0,0,0,0,4.94,4.70,4.93,4.60,VMS 3,,Drenaje,,2.22,2.04,2.28,2.16,3.69,4.14,5.73,5.28
26/05/2023 11:51 p. m.,Ordeño,04:14,9.58,3,,,,,0,,1.62,1.50,1.74,1.62,0,0,0,0,4.29,4.23,4.31,4.12,VMS 3,,Drenaje,,2.04,1.92,2.28,2.04,2.02,2.26,2.80,2.50
27/05/2023 06:51 a. m.,Ordeño,04:20,9.75,1,,,,,0,,1.56,1.38,1.74,1.56,0,0,0,0,4.55,4.39,4.60,4.34,VMS 3,,Drenaje,,2.04,1.86,2.28,2.04,2.06,2.25,2.84,2.60
27/05/2023 02:05 p. m.,Ordeño,04:09,10.42,2,,,,,0,,1.50,1.50,1.74,1.56,0,0,0,0,4.75,4.60,4.64,4.56,VMS 3,,Drenaje,,2.04,2.04,2.10,2.04,2.17,2.35,3.18,2.72
27/05/2023 09:09 p. m.,Ordeño,04:33,10.68,3,,,,,0,,1.50,1.62,1.74,1.56,0,0,0,0,4.94,4.69,4.91,4.75,VMS 3,,Drenaje,,2.04,2.10,2.22,2.04,2.26,2.48,3.12,2.82
28/05/2023 03:58 a. m.,Ordeño,03:57,10.96,1,,,,,0,,1.74,1.50,1.92,1.56,0,0,0,0,4.75,4.55,4.66,4.47,VMS 3,,Drenaje,,2.28,2.04,2.28,2.04,2.32,2.54,3.30,2.80
28/05/2023 09:47 a. m.,Ordeño,04:53,7.49,2,,,,,0,"DI,TD",1.56,1.44,1.80,1.44,0,0,0,0,4.82,3.75,4.02,4.89,VMS 3,,Drenaje,,2.04,1.92,2.28,1.86,1.75,1.64,2.20,1.90
28/05/2023 06:14 p. m.,Ordeño,04:33,9.77,3,,,,,0,,1.56,1.38,1.56,1.56,0,0,0,0,4.76,4.45,4.68,4.60,VMS 3,,Drenaje,,1.98,2.04,1.92,2.04,1.99,2.23,2.69,2.86
29/05/2023 01:45 a. m.,Ordeño,04:10,10.78,1,,,,,0,,1.62,1.44,1.80,1.62,0,0,0,0,4.42,4.32,4.52,4.35,VMS 3,,Drenaje,,2.34,1.98,2.34,2.22,2.26,2.54,3.25,2.73
29/05/2023 09:36 a. m.,Ordeño,04:29,11.69,2,,,,,0,,1.68,1.38,1.74,1.50,0,0,0,0,4.61,4.48,4.63,4.37,VMS 3,,Drenaje,,2.34,1.92,2.22,1.98,2.38,2.62,3.54,3.15
29/05/2023 05:16 p. m.,Ordeño,04:28,10.69,3,,,,,0,,1.56,1.38,1.62,1.44,0,0,0,0,4.63,4.49,4.56,4.48,VMS 3,,Drenaje,,2.04,1.92,2.10,1.86,2.27,2.44,3.22,2.76
30/05/2023 12:54 a. m.,Ordeño,05:32,11.63,1,,,,,0,,1.56,1.50,1.80,1.68,0,0,0,0,4.96,4.87,4.75,4.77,VMS 3,,Drenaje,,1.98,1.98,2.22,2.04,2.50,2.70,3.55,2.88
30/05/2023 07:24 a. m.,Ordeño,04:37,10.56,2,,,,,0,,1.50,1.56,1.56,1.74,0,0,0,0,4.89,4.70,4.76,4.62,VMS 3,,Drenaje,,2.10,2.04,1.98,2.22,2.10,2.32,2.82,3.32
30/05/2023 08:27 p. m.,Ordeño,06:06,17.47,3,,,,,0,,1.62,1.50,1.74,1.62,0,0,0,0,5.15,4.84,4.92,4.94,VMS 3,,Drenaje,,2.04,1.98,2.34,2.10,3.56,3.97,5.23,4.71
31/05/2023 07:57 a. m.,Ordeño,06:03,18.96,1,,,,,0,,1.56,1.74,1.80,1.92,0,0,0,0,4.38,4.70,4.68,4.46,VMS 3,,Drenaje,,2.16,2.34,2.28,2.40,4.07,4.08,5.70,5.11
31/05/2023 04:56 p. m.,Ordeño,04:30,12.15,2,,,,,0,,1.44,1.68,1.68,1.92,0,0,0,0,4.52,4.41,4.52,4.11,VMS 3,,Drenaje,,1.80,2.34,2.10,2.46,2.57,2.64,3.66,3.28
31/05/2023 10:19 p. m.,Ordeño,03:48,6.90,3,,,,,0,,1.38,1.44,1.56,1.62,0,0,0,0,4.29,4.45,4.37,4.38,VMS 3,,Drenaje,,1.80,1.98,2.04,2.04,1.53,1.56,1.99,1.82
01/06/2023 03:14 a. m.,Ordeño,03:47,6.37,1,,,,,0,,1.38,1.38,1.56,1.44,0,0,0,0,4.56,4.70,4.72,4.64,VMS 3,,Drenaje,,1.86,1.86,1.98,1.92,1.35,1.47,1.88,1.67
01/06/2023 09:04 a. m.,Ordeño,03:54,8.75,2,,,,,0,,1.44,1.38,1.68,1.50,0,0,0,0,4.82,4.72,4.79,4.77,VMS 3,,Drenaje,,1.86,1.92,2.34,2.10,1.86,1.94,2.68,2.27
01/06/2023 07:54 p. m.,Ordeño,05:28,16.52,3,,,,,0,,1.68,1.44,1.68,1.50,0,0,0,0,5.06,5.06,5.14,4.97,VMS 3,,Drenaje,,2.22,1.86,2.22,1.98,3.43,3.72,4.88,4.49
02/06/2023 06:10 a. m.,Ordeño,05:10,17.47,1,,,,,0,,1.74,1.68,1.86,1.74,0,0,0,0,4.83,4.79,4.92,4.56,VMS 3,,Drenaje,,2.28,2.10,2.34,2.28,3.80,3.67,5.32,4.68
02/06/2023 11:24 a. m.,Ordeño,03:59,8.52,2,,,,,0,,1.68,1.50,1.74,1.56,0,0,0,0,4.62,4.50,4.67,4.44,VMS 3,,Drenaje,,2.10,2.04,2.28,2.10,1.99,1.98,2.36,2.19
02/06/2023 10:59 p. m.,Ordeño,05:29,17.53,3,,,,,0,,1.62,1.56,1.80,1.68,0,0,0,0,4.91,4.92,4.91,4.69,VMS 3,,Drenaje,,2.28,2.04,2.28,2.28,3.53,3.85,5.56,4.59
03/06/2023 05:01 a. m.,Ordeño,04:07,10.57,1,,,,,0,,1.56,1.50,1.74,1.74,0,0,0,0,4.82,4.77,4.80,4.51,VMS 3,,Drenaje,,1.92,2.10,2.04,2.28,2.19,2.40,3.11,2.87
03/06/2023 01:32 p. m.,Ordeño,04:55,14.12,2,,,,,0,,1.56,1.56,1.74,1.68,0,0,0,0,5.04,4.93,4.90,4.56,VMS 3,,Drenaje,,2.04,2.04,2.28,2.22,2.93,3.17,4.30,3.72
03/06/2023 06:44 p. m.,Ordeño,03:50,8.25,3,,,,,0,,1.38,1.38,1.56,1.50,0,0,0,0,4.95,4.89,4.96,4.96,VMS 3,,Drenaje,,1.86,1.80,1.98,1.86,1.73,1.84,2.43,2.25
04/06/2023 04:06 a. m.,Ordeño,05:21,16.30,1,,,,,0,,1.62,1.62,1.74,1.68,0,0,0,0,4.93,5.01,4.94,4.88,VMS 3,,Drenaje,,2.10,2.10,2.34,2.28,3.24,3.69,5.05,4.32
04/06/2023 01:05 p. m.,Ordeño,09:04,9.64,2,,,TI,TI,0,,1.68,1.62,0.00,1.62,0,0,0,0,4.81,4.65,0.00,4.62,VMS 3,,Drenaje,,2.28,2.28,0.00,1.98,2.98,3.29,0.00,3.37
04/06/2023 06:48 p. m.,Ordeño,05:56,12.50,3,,,,,0,,1.44,1.38,1.80,1.56,0,0,0,0,4.81,4.58,5.19,4.64,VMS 3,,Drenaje,,1.92,1.92,2.22,2.04,1.71,1.83,6.32,2.64
05/06/2023 01:37 a. m.,Ordeño,04:25,10.39,1,,,,,0,,1.44,1.50,1.56,1.62,0,0,0,0,4.61,4.53,4.37,4.25,VMS 3,,Drenaje,,1.86,1.98,1.98,2.10,2.18,2.34,2.99,2.88
05/06/2023 08:02 a. m.,Ordeño,05:27,9.72,2,,,,,0,,1.56,1.50,1.74,1.62,0,0,0,0,4.40,4.40,4.44,4.24,VMS 3,,Drenaje,,2.10,2.04,2.16,2.22,2.12,2.28,2.55,2.77
05/06/2023 10:49 p. m.,Ordeño,06:28,21.67,3,,,,,0,,1.62,1.56,1.74,1.74,0,0,0,0,4.66,4.61,4.74,4.28,VMS 3,,Drenaje,,2.10,2.16,2.22,2.40,4.42,4.91,6.32,6.02
06/06/2023 06:41 a. m.,Ordeño,04:47,12.80,1,,,,,0,,1.68,1.56,1.74,1.74,0,0,0,0,4.49,4.47,4.59,4.07,VMS 3,,Drenaje,,2.16,2.10,2.16,2.28,2.71,2.95,3.65,3.49
06/06/2023 08:32 p. m.,Ordeño,07:01,20.42,2,,,,,0,,1.68,1.56,1.80,1.86,0,0,0,0,5.03,4.93,5.00,4.46,VMS 3,,Drenaje,,2.22,2.16,2.22,2.34,4.10,4.51,6.04,5.77
07/06/2023 06:25 a. m.,Ordeño,05:09,16.54,1,,,,,0,,1.62,1.74,1.80,1.80,0,0,0,0,4.74,4.76,4.76,4.49,VMS 3,,Drenaje,,2.10,2.40,2.34,2.22,3.51,3.63,4.91,4.49
07/06/2023 05:51 p. m.,Ordeño,06:38,16.51,2,,,,,0,,1.74,1.74,1.68,1.68,0,0,0,0,5.01,4.79,4.87,4.68,VMS 3,,Drenaje,,2.28,2.34,2.64,2.10,3.52,3.52,4.89,4.58
08/06/2023 01:18 a. m.,Ordeño,06:02,12.10,1,,,,,0,,1.56,1.56,1.62,1.74,0,0,0,0,4.75,4.62,4.70,4.36,VMS 3,,Drenaje,,2.04,1.98,2.10,2.16,2.53,2.68,3.61,3.28
08/06/2023 10:33 a. m.,Ordeño,05:29,12.01,2,,,,,0,,1.68,1.50,1.62,1.62,0,0,0,0,4.61,4.50,4.61,4.44,VMS 3,,Drenaje,,2.22,1.98,2.04,2.22,2.60,2.70,3.65,3.06
08/06/2023 06:04 p. m.,Ordeño,04:29,11.34,3,,,,,0,,1.56,1.50,1.62,1.50,0,0,0,0,4.94,4.68,4.87,4.81,VMS 3,,Drenaje,,2.16,2.16,2.10,1.98,2.34,2.56,3.26,3.18
09/06/2023 12:07 a. m.,Ordeño,04:30,10.07,1,,,,,0,,1.56,1.50,1.50,1.62,0,0,0,0,4.94,4.89,4.88,4.86,VMS 3,,Drenaje,,2.10,1.98,1.92,2.10,2.16,2.24,3.03,2.64
09/06/2023 06:19 a. m.,Ordeño,05:55,7.44,2,,,DD,DD,0,,1.56,0.00,1.62,1.62,0,0,0,0,4.65,0.00,4.61,4.46,VMS 3,,Drenaje,,1.98,0.00,2.10,2.04,2.10,0.00,2.90,2.44
09/06/2023 04:48 p. m.,Ordeño,05:26,16.61,3,,,,,0,,1.56,1.74,1.68,1.98,0,0,0,0,5.11,5.06,5.10,4.77,VMS 3,,Drenaje,,2.10,2.34,2.10,2.64,3.25,4.21,4.71,4.44
10/06/2023 12:44 a. m.,Ordeño,05:15,13.42,1,,,,,0,,1.62,1.50,1.68,1.92,0,0,0,0,4.85,4.51,4.77,4.43,VMS 3,,Drenaje,,2.16,2.04,2.16,2.46,2.98,2.81,3.98,3.65
10/06/2023 08:49 a. m.,Ordeño,04:34,11.18,2,,,,,0,,1.50,1.62,1.68,1.80,0,0,0,0,4.37,4.37,4.56,4.05,VMS 3,,Drenaje,,1.86,2.16,2.10,2.34,2.28,2.26,3.43,3.21
10/06/2023 03:51 p. m.,Ordeño,04:07,8.87,3,,,,,0,,1.50,1.32,1.74,1.68,0,0,0,0,4.44,4.49,4.64,4.39,VMS 3,,Drenaje,,1.92,1.80,2.22,2.28,1.90,1.87,2.71,2.39
10/06/2023 09:36 p. m.,Ordeño,04:04,7.24,4,,,,,0,,1.50,1.26,1.50,1.56,0,0,0,0,4.70,4.74,4.77,4.68,VMS 3,,Drenaje,,2.04,1.74,1.86,1.98,1.57,1.55,2.15,1.97
11/06/2023 03:56 a. m.,Ordeño,04:24,9.70,1,,,,,0,,1.50,1.38,1.68,1.68,0,0,0,0,4.98,4.93,4.92,4.79,VMS 3,,Drenaje,,2.04,1.74,2.04,2.10,1.96,2.10,2.82,2.82
11/06/2023 12:10 p. m.,Ordeño,04:50,12.34,2,,,,,0,,1.62,1.56,1.80,1.80,0,0,0,0,5.00,4.93,5.06,4.78,VMS 3,,Drenaje,,2.22,2.22,2.22,2.34,2.56,2.69,3.73,3.36
11/06/2023 07:54 p. m.,Ordeño,04:30,11.37,3,,,,,0,,1.50,1.38,1.68,1.74,0,0,0,0,4.54,4.73,4.71,4.52,VMS 3,,Drenaje,,1.86,1.92,1.98,2.16,2.28,2.43,3.43,3.23
12/06/2023 02:25 a. m.,Ordeño,04:16,9.28,1,,,,,0,,1.50,1.44,1.68,1.62,0,0,0,0,4.75,4.67,4.72,4.63,VMS 3,,Drenaje,,1.98,2.04,2.28,2.04,1.95,2.05,2.77,2.51
12/06/2023 10:25 a. m.,Ordeño,04:31,11.24,2,,,,,0,,1.68,1.50,1.68,1.68,0,0,0,0,4.73,4.65,4.65,4.53,VMS 3,,Drenaje,,2.22,1.92,2.04,2.22,2.33,2.47,3.38,3.06
12/06/2023 05:01 p. m.,Ordeño,03:50,8.56,3,,,,,0,,1.50,1.44,1.62,1.56,0,0,0,0,4.79,4.77,4.86,4.75,VMS 3,,Drenaje,,1.98,1.80,2.16,2.04,1.79,1.93,2.47,2.37
12/06/2023 10:47 p. m.,Ordeño,03:56,8.97,4,,,,,0,,1.62,1.44,1.80,1.50,0,0,0,0,4.69,4.70,4.79,4.64,VMS 3,,Drenaje,,2.16,1.98,2.28,1.86,1.84,2.00,2.77,2.36
13/06/2023 06:31 a. m.,Ordeño,04:28,11.34,1,,,,,0,,1.80,1.56,1.74,1.68,0,0,0,0,4.88,4.77,4.80,4.65,VMS 3,,Drenaje,,2.28,2.10,2.10,2.10,2.27,2.57,3.36,3.14
13/06/2023 11:25 a. m.,Ordeño,04:27,6.55,2,,,,,0,,1.62,1.32,1.62,1.56,0,0,0,0,4.68,4.56,4.81,4.57,VMS 3,,Drenaje,,2.10,1.98,2.04,2.04,1.46,1.45,1.82,1.82
13/06/2023 06:33 p. m.,Ordeño,05:19,8.56,3,,,,,0,,1.62,1.38,1.62,1.44,0,0,0,0,5.00,4.99,4.94,4.84,VMS 3,,Drenaje,,2.16,1.86,2.04,1.86,1.82,1.87,2.54,2.33
14/06/2023 02:50 a. m.,Ordeño,05:53,11.10,1,,,,,0,,1.74,1.38,1.74,1.62,0,0,0,0,4.70,4.57,4.59,4.43,VMS 3,,Drenaje,,2.28,1.92,2.16,2.16,2.20,2.49,3.33,3.08
14/06/2023 11:26 a. m.,Ordeño,04:35,10.82,2,,,,,0,,1.56,1.56,1.68,1.86,0,0,0,0,4.53,4.62,4.60,4.27,VMS 3,,Drenaje,,2.04,2.04,2.04,2.28,2.09,2.44,3.13,3.16
14/06/2023 08:19 p. m.,Ordeño,05:16,13.38,3,,,,,0,,1.68,1.38,1.74,1.62,0,0,0,0,4.93,4.87,4.85,4.72,VMS 3,,Drenaje,,2.28,1.80,2.22,2.10,2.66,2.99,4.07,3.66
15/06/2023 06:29 a. m.,Ordeño,04:48,11.65,1,,,DI,DI,0,,0.00,1.50,1.80,1.80,0,0,0,0,0.00,4.66,4.79,4.52,VMS 3,,Drenaje,,0.00,2.28,2.28,2.40,0.00,3.21,4.33,4.11
15/06/2023 03:07 p. m.,Ordeño,05:15,13.46,2,,,,,0,,1.86,1.56,1.68,1.62,0,0,0,0,5.11,4.58,4.67,4.34,VMS 3,,Drenaje,,2.52,1.98,2.16,2.04,4.32,2.63,3.40,3.11
15/06/2023 10:56 p. m.,Ordeño,04:32,7.85,3,,,,,0,DI,1.38,1.50,1.68,1.68,1799,0,0,0,4.53,4.56,4.66,4.47,VMS 3,,Drenaje,,1.92,2.10,2.16,2.16,1.36,1.81,2.41,2.27
16/06/2023 07:17 a. m.,Ordeño,04:14,9.75,1,,,,,0,,1.62,1.56,1.74,1.86,0,0,0,0,4.55,4.53,4.61,4.47,VMS 3,,Drenaje,,2.04,2.10,2.16,2.28,1.67,2.26,2.96,2.86
16/06/2023 06:55 p. m.,Ordeño,05:32,16.06,2,,,,,0,,1.68,1.44,1.86,1.80,0,0,0,0,5.05,4.77,4.91,4.49,VMS 3,,Drenaje,,2.16,2.10,2.22,2.34,2.80,3.72,4.91,4.63
17/06/2023 03:17 a. m.,Ordeño,04:30,11.38,1,,,,,0,,1.56,1.38,1.68,1.62,0,0,0,0,4.80,4.59,4.71,4.66,VMS 3,,Drenaje,,2.04,1.92,2.10,2.04,2.15,2.61,3.46,3.16
17/06/2023 09:33 a. m.,Ordeño,04:02,9.54,2,,,,,0,,1.56,1.44,1.68,1.68,0,0,0,0,5.12,4.93,4.98,4.87,VMS 3,,Drenaje,,2.10,1.92,2.04,2.10,2.06,2.10,2.75,2.63
17/06/2023 08:10 p. m.,Ordeño,05:27,16.38,3,,,,,0,,1.62,1.44,1.74,1.68,0,0,0,0,5.13,4.85,5.06,4.92,VMS 3,,Drenaje,,2.16,1.92,2.34,2.10,3.09,3.73,4.96,4.60
18/06/2023 08:20 a. m.,Ordeño,05:23,16.95,1,,,,,0,,1.92,1.44,1.74,1.80,0,0,0,0,5.30,4.76,5.00,4.64,VMS 3,,Drenaje,,2.46,1.98,2.22,2.34,3.28,3.91,4.91,4.85
18/06/2023 06:44 p. m.,Ordeño,05:29,15.32,2,,,,,0,,1.68,1.50,1.68,1.74,0,0,0,0,5.21,4.87,5.00,4.63,VMS 3,,Drenaje,,2.22,2.04,2.10,2.22,3.04,3.36,4.54,4.38
19/06/2023 02:29 a. m.,Ordeño,05:31,12.32,1,,,,,0,,1.74,1.44,1.62,1.74,0,0,0,0,4.89,4.54,4.77,4.36,VMS 3,,Drenaje,,2.22,2.04,2.04,2.22,2.46,2.81,3.61,3.44
19/06/2023 08:52 a. m.,Ordeño,04:54,8.91,2,,,,,0,,1.56,1.44,1.56,1.56,0,0,0,0,4.75,4.42,4.65,4.34,VMS 3,,Drenaje,,2.04,1.86,1.98,1.98,1.90,2.02,2.58,2.41
19/06/2023 03:26 p. m.,Ordeño,04:03,9.14,3,,TD,,,0,,1.50,1.56,1.56,1.68,0,0,0,0,4.89,4.43,4.85,4.45,VMS 3,,Drenaje,,1.98,2.16,2.04,2.16,1.90,2.08,2.55,2.61
20/06/2023 06:29 a. m.,Ordeño,05:51,18.77,1,,,,,0,,1.80,1.68,1.74,1.74,0,0,0,0,5.06,4.67,4.80,4.50,VMS 3,,Drenaje,,2.46,2.16,2.16,2.28,3.65,4.21,5.39,5.52
20/06/2023 11:55 a. m.,Ordeño,04:23,6.26,2,,,,,0,,1.44,1.38,1.56,1.56,0,0,0,0,4.27,4.37,4.46,3.98,VMS 3,,Drenaje,,1.92,1.80,2.04,2.04,1.36,1.39,1.81,1.70
20/06/2023 04:54 p. m.,Ordeño,04:22,6.34,3,,,,,0,,1.38,1.38,1.38,1.44,0,0,0,0,4.46,4.34,4.58,4.31,VMS 3,,Drenaje,,1.92,1.92,1.92,1.86,1.26,1.49,1.86,1.73
21/06/2023 02:32 a. m.,Ordeño,05:18,13.55,1,,,,,0,,1.68,1.68,1.68,1.68,0,0,0,0,4.92,4.76,4.70,4.31,VMS 3,,Drenaje,,2.16,2.22,2.40,2.10,2.68,2.92,4.03,3.92
21/06/2023 08:51 a. m.,Ordeño,04:19,7.93,2,,,,,0,,1.50,1.62,1.38,1.62,0,0,0,0,4.61,4.39,4.22,4.06,VMS 3,,Drenaje,,1.98,2.22,1.74,2.10,1.64,1.77,2.40,2.12
21/06/2023 01:48 p. m.,Ordeño,04:27,6.56,3,,,,,0,,1.38,1.44,1.56,1.56,0,0,0,0,4.59,4.55,4.62,4.33,VMS 3,,Drenaje,,1.98,1.98,1.98,2.04,1.37,1.49,1.82,1.88
21/06/2023 09:46 p. m.,Ordeño,04:37,10.89,4,,,,,0,,1.50,1.44,1.62,1.68,0,0,0,0,5.00,4.75,5.02,4.66,VMS 3,,Drenaje,,2.04,1.98,2.16,2.16,1.96,2.41,3.28,3.24
22/06/2023 06:16 a. m.,Ordeño,04:57,12.60,1,,,,,0,,1.68,1.56,1.74,1.68,0,0,0,0,5.13,4.75,5.09,4.66,VMS 3,,Drenaje,,2.28,2.22,2.28,2.10,2.43,2.99,3.62,3.56
22/06/2023 12:03 p. m.,Ordeño,04:37,7.96,2,,,,,0,,1.44,1.50,1.56,1.50,0,0,0,0,4.75,4.52,4.74,4.68,VMS 3,,Drenaje,,1.98,2.16,1.98,1.98,1.63,1.78,2.40,2.15
22/06/2023 10:08 p. m.,Ordeño,05:04,14.86,3,,,,,0,,1.68,1.44,1.74,1.80,0,0,0,0,5.13,4.74,5.04,4.66,VMS 3,,Drenaje,,2.22,2.22,2.28,2.34,3.01,3.33,4.29,4.23
23/06/2023 06:14 a. m.,Ordeño,05:27,11.55,1,,,,,0,,1.68,1.32,1.74,1.56,0,0,0,0,5.12,4.50,5.05,4.76,VMS 3,,Drenaje,,2.10,1.98,2.28,2.04,2.35,2.62,3.42,3.16
23/06/2023 11:18 a. m.,Ordeño,05:28,5.94,2,,,,,0,,1.38,1.20,1.38,1.14,0,0,0,0,4.85,4.52,4.83,4.69,VMS 3,,Drenaje,,1.86,1.80,1.74,1.74,1.26,1.41,1.79,1.48
23/06/2023 05:27 p. m.,Ordeño,04:22,8.82,3,,,,,0,,1.62,1.38,1.68,1.50,0,0,0,0,4.97,4.54,4.90,4.74,VMS 3,,Drenaje,,2.16,1.86,2.16,1.98,1.76,1.98,2.54,2.54
24/06/2023 02:14 a. m.,Ordeño,05:01,13.17,1,,,,,0,,1.80,1.38,1.80,1.56,0,0,0,0,5.13,4.69,5.08,4.73,VMS 3,,Drenaje,,2.34,1.86,2.28,2.10,2.60,2.99,3.85,3.73
24/06/2023 10:11 a. m.,Ordeño,05:14,10.73,2,,,,,0,,1.68,1.44,1.68,1.56,0,0,0,0,4.99,4.50,4.82,4.58,VMS 3,,Drenaje,,2.22,2.46,2.10,1.98,2.12,2.51,3.19,2.91
24/06/2023 07:03 p. m.,Ordeño,05:34,9.93,3,,,,,0,,1.56,1.26,1.62,1.44,0,0,0,0,4.84,4.57,4.64,4.52,VMS 3,,Drenaje,,2.04,1.68,2.28,1.80,1.97,2.19,3.08,2.69
25/06/2023 03:24 a. m.,Ordeño,04:50,10.74,1,,,,,0,,1.50,1.50,1.62,1.56,0,0,0,0,4.53,4.42,4.36,4.24,VMS 3,,Drenaje,,2.04,1.98,2.16,2.04,2.16,2.36,3.19,3.03
25/06/2023 08:26 a. m.,Ordeño,03:55,6.67,2,,,,,0,,1.44,1.26,1.50,1.38,0,0,0,0,4.53,4.41,4.45,4.30,VMS 3,,Drenaje,,1.92,1.92,1.98,1.86,1.49,1.50,1.87,1.81
25/06/2023 07:04 p. m.,Ordeño,06:12,14.84,3,,,,,0,,1.56,1.50,1.62,1.62,0,0,0,0,4.99,4.76,4.79,4.55,VMS 3,,Drenaje,,2.10,1.98,1.98,2.10,2.81,3.26,4.42,4.35
26/06/2023 03:31 a. m.,Ordeño,05:51,8.62,1,,,TI,TI,0,,1.56,1.56,0.00,1.56,0,0,0,0,4.65,4.41,0.00,4.31,VMS 3,,Drenaje,,2.16,2.40,0.00,2.10,2.49,2.83,0.00,3.30
26/06/2023 07:48 a. m.,Ordeño,06:31,8.92,2,,,,,0,,1.26,1.26,1.68,1.38,0,0,0,0,4.52,4.42,4.80,4.42,VMS 3,,Drenaje,,1.80,1.80,2.10,1.86,1.14,1.26,5.06,1.46
26/06/2023 03:15 p. m.,Ordeño,03:56,9.30,3,,,,,0,,1.38,1.56,1.62,1.56,0,0,0,0,4.72,4.55,4.55,4.48,VMS 3,,Drenaje,,1.80,2.28,1.98,1.98,1.84,2.06,2.58,2.82
26/06/2023 11:52 p. m.,Ordeño,04:53,11.73,4,,,,,0,,1.56,1.56,1.56,1.62,0,0,0,0,4.76,4.54,4.68,4.57,VMS 3,,Drenaje,,1.92,2.10,1.98,2.10,2.37,2.68,3.39,3.29
27/06/2023 07:21 a. m.,Ordeño,04:23,11.15,1,,,,,0,,1.56,1.62,1.62,1.62,0,0,0,0,4.90,4.76,4.81,4.64,VMS 3,,Drenaje,,2.16,2.16,2.10,2.04,2.29,2.57,3.16,3.13
27/06/2023 01:47 p. m.,Ordeño,04:27,8.49,2,,,,,0,,1.44,1.56,1.56,1.62,0,0,0,0,4.65,4.92,4.66,4.66,VMS 3,,Drenaje,,1.92,2.10,1.98,2.04,1.71,1.92,2.48,2.38
28/06/2023 01:03 a. m.,Ordeño,06:03,8.14,1,,,"DI,TD","DI,TD",0,,0.00,1.68,1.68,0.00,0,0,0,0,0.00,4.91,4.97,0.00,VMS 3,,Drenaje,,0.00,2.34,2.16,0.00,0.00,3.34,4.80,0.00
28/06/2023 11:02 a. m.,Ordeño,06:52,18.78,2,,,,,0,,1.74,1.68,1.62,1.74,0,0,0,0,5.76,5.21,5.28,5.46,VMS 3,,Drenaje,,2.22,2.28,2.04,2.22,4.26,3.51,4.61,6.40
28/06/2023 07:13 p. m.,Ordeño,04:42,11.20,3,,,,,0,,1.38,1.56,1.62,1.56,0,0,0,0,4.56,4.67,4.85,4.41,VMS 3,,Drenaje,,1.80,2.04,1.92,1.86,2.01,2.84,3.72,2.63
29/06/2023 07:12 a. m.,Ordeño,14:14,6.52,1,,,"DD,TI","DD,TI",0,,1.62,0.00,0.00,1.74,0,0,0,0,4.92,0.00,0.00,4.53,VMS 3,,Drenaje,,2.10,0.00,0.00,2.28,2.20,0.00,0.00,4.32
29/06/2023 04:15 p. m.,Ordeño,07:47,18.08,2,,,,,0,,1.62,1.62,1.86,1.68,0,0,0,0,4.57,4.91,5.15,4.59,VMS 3,,Drenaje,,2.22,2.16,2.34,2.10,3.00,4.65,7.05,3.38
30/06/2023 12:59 a. m.,Ordeño,04:42,10.06,1,,,,,0,,1.62,1.44,1.56,1.56,0,0,0,0,4.62,4.37,4.41,4.69,VMS 3,,Drenaje,,2.16,1.92,1.92,1.92,2.19,2.11,2.55,3.21
30/06/2023 09:12 a. m.,Ordeño,04:44,10.67,2,,,,,0,,1.62,1.26,1.62,1.44,0,0,0,0,5.31,4.90,5.08,5.22,VMS 3,,Drenaje,,2.22,1.92,2.04,2.10,2.29,2.08,3.02,3.28
30/06/2023 04:22 p. m.,Ordeño,04:39,9.86,3,,,,,0,,1.62,1.38,1.62,1.62,0,0,0,0,4.87,4.73,4.81,4.68,VMS 3,,Drenaje,,2.22,1.86,1.98,2.22,2.08,2.03,2.84,2.91
30/06/2023 09:45 p. m.,Ordeño,04:37,7.59,4,,,,,0,,1.50,1.56,1.62,1.50,0,0,0,0,5.06,5.00,5.01,4.96,VMS 3,,Drenaje,,1.98,2.10,2.16,2.10,1.67,1.65,2.20,2.07
01/07/2023 07:35 a. m.,Ordeño,06:18,14.73,1,,,,,0,,1.68,1.68,1.74,1.68,0,0,0,0,5.31,5.14,5.31,5.21,VMS 3,,Drenaje,,2.22,2.34,2.16,2.16,2.96,3.09,4.50,4.18
01/07/2023 01:55 p. m.,Ordeño,04:24,9.03,2,,,,,0,,1.62,1.56,1.86,1.62,0,0,0,0,4.92,4.94,4.92,4.79,VMS 3,,Drenaje,,2.16,2.04,2.28,2.28,1.89,1.97,2.65,2.52
01/07/2023 08:36 p. m.,Ordeño,04:41,8.86,3,,,,,0,,1.56,1.38,1.62,1.68,0,0,0,0,4.84,4.74,4.78,4.74,VMS 3,,Drenaje,,1.98,1.86,2.04,2.16,1.80,1.91,2.54,2.61
02/07/2023 04:34 a. m.,Ordeño,04:55,12.56,1,,,,,0,,1.56,1.50,1.68,1.62,0,0,0,0,5.23,5.14,5.20,5.13,VMS 3,,Drenaje,,2.10,1.98,2.10,2.04,2.59,2.67,3.83,3.47
02/07/2023 03:34 p. m.,Ordeño,06:12,16.88,2,,,,,0,,1.68,1.50,1.74,1.80,0,0,0,0,5.03,5.01,5.07,4.93,VMS 3,,Drenaje,,2.16,2.10,2.16,2.34,3.40,3.59,5.11,4.78
02/07/2023 11:58 p. m.,Ordeño,04:52,12.25,1,,,,,0,,1.62,1.56,1.68,1.68,0,0,0,0,4.91,4.79,4.79,4.53,VMS 3,,Drenaje,,2.16,2.22,2.22,2.16,2.45,2.70,3.67,3.43
03/07/2023 06:59 a. m.,Ordeño,17:33,7.58,2,,,,,0,,1.02,1.02,1.08,0.78,0,0,0,0,4.58,4.51,4.46,4.67,VMS 3,,Drenaje,,1.80,1.92,1.80,1.56,1.53,2.33,2.17,1.55
03/07/2023 01:31 p. m.,Ordeño,04:19,9.29,3,,,,,0,,1.50,1.56,1.56,1.68,0,0,0,0,4.53,4.52,4.51,4.46,VMS 3,,Drenaje,,2.10,2.10,2.04,2.10,1.89,1.96,2.83,2.61
03/07/2023 08:58 p. m.,Ordeño,04:45,9.68,4,,,,,0,,1.56,1.50,1.50,1.62,0,0,0,0,4.93,4.69,4.69,4.65,VMS 3,,Drenaje,,2.04,2.10,1.92,2.04,1.95,2.11,2.89,2.73
04/07/2023 04:34 a. m.,Ordeño,06:00,12.04,1,,,,,0,,1.56,1.62,1.50,1.74,0,0,0,0,5.06,4.97,5.01,4.99,VMS 3,,Drenaje,,1.98,2.10,1.92,2.16,2.51,2.64,3.68,3.21
04/07/2023 02:57 p. m.,Ordeño,06:27,14.21,2,,,,,0,,1.56,1.80,1.62,1.74,0,0,0,0,4.70,4.62,4.68,4.57,VMS 3,,Drenaje,,2.04,2.34,2.04,2.34,2.92,3.07,4.17,4.05
05/07/2023 12:34 a. m.,Ordeño,05:05,14.21,1,,,,,0,,1.62,1.80,1.68,1.80,0,0,0,0,4.80,4.81,4.67,4.29,VMS 3,,Drenaje,,2.10,2.46,2.16,2.40,2.78,3.04,4.27,4.12
05/07/2023 07:10 a. m.,Ordeño,04:55,10.84,2,,,,,0,,1.56,1.74,1.56,1.68,0,0,0,0,4.66,4.66,4.52,4.39,VMS 3,,Drenaje,,2.16,2.22,2.22,2.34,2.16,2.47,3.14,3.07
05/07/2023 12:11 p. m.,Ordeño,04:15,6.94,3,,,,,0,,1.38,1.50,1.62,1.50,0,0,0,0,4.46,4.58,4.67,4.38,VMS 3,,Drenaje,,1.98,2.10,2.10,2.10,1.56,1.54,1.98,1.86
05/07/2023 05:23 p. m.,Ordeño,04:02,6.53,4,,,,,0,,1.26,1.38,1.56,1.44,0,0,0,0,4.60,4.59,4.58,4.59,VMS 3,,Drenaje,,1.80,1.92,2.16,1.98,1.33,1.44,1.92,1.84
06/07/2023 12:05 a. m.,Ordeño,04:12,9.49,1,,,,,0,,1.50,1.50,1.62,1.56,0,0,0,0,4.92,4.85,4.73,4.67,VMS 3,,Drenaje,,2.04,2.10,2.04,2.04,1.89,2.07,2.83,2.70
06/07/2023 08:47 a. m.,Ordeño,04:41,13.62,2,,,,,0,,1.50,1.86,1.80,1.74,0,0,0,0,4.92,4.92,4.86,4.54,VMS 3,,Drenaje,,1.98,2.40,2.28,2.28,2.83,2.97,4.01,3.81
06/07/2023 04:09 p. m.,Ordeño,05:05,10.12,3,,,,,0,,1.56,1.44,1.74,1.62,0,0,0,0,4.81,4.72,4.77,4.39,VMS 3,,Drenaje,,2.04,2.10,2.16,2.16,2.07,2.02,3.16,2.87
07/07/2023 02:38 a. m.,Ordeño,05:02,13.92,1,,,,,0,,1.68,1.74,1.86,1.62,0,0,0,0,4.94,4.84,4.85,4.66,VMS 3,,Drenaje,,2.28,2.40,2.34,2.04,2.78,3.01,4.17,3.96
07/07/2023 07:51 a. m.,Ordeño,03:56,8.14,2,,,,,0,,1.62,1.50,1.68,1.44,0,0,0,0,4.94,4.78,4.67,4.65,VMS 3,,Drenaje,,2.16,1.92,2.28,2.10,1.81,1.80,2.35,2.18
07/07/2023 06:26 p. m.,Ordeño,06:04,15.94,3,,,,,0,,1.74,1.56,1.68,1.74,0,0,0,0,4.87,4.86,4.87,4.49,VMS 3,,Drenaje,,2.22,2.46,2.16,2.34,3.07,3.45,4.86,4.56
08/07/2023 12:36 a. m.,Ordeño,03:55,9.03,1,,,,,0,,1.68,1.50,1.74,1.74,0,0,0,0,4.71,4.59,4.53,4.39,VMS 3,,Drenaje,,2.16,1.92,2.16,2.22,1.93,1.99,2.53,2.58
08/07/2023 06:26 a. m.,Ordeño,04:04,8.90,2,,,,,0,,1.50,1.56,1.68,1.74,0,0,0,0,4.75,4.79,4.58,4.44,VMS 3,,Drenaje,,1.86,2.10,2.16,2.22,1.90,1.98,2.51,2.51
08/07/2023 04:16 p. m.,Ordeño,05:00,14.73,3,,,,,0,,1.62,1.44,1.68,1.74,0,0,0,0,4.85,4.72,4.62,4.50,VMS 3,,Drenaje,,2.40,2.04,2.04,2.28,2.88,3.23,4.34,4.28
09/07/2023 01:09 a. m.,Ordeño,04:44,13.46,1,,,,,0,,1.68,1.62,1.74,1.74,0,0,0,0,4.83,4.84,4.66,4.43,VMS 3,,Drenaje,,2.16,2.16,2.16,2.34,2.71,2.87,4.08,3.80
09/07/2023 10:57 a. m.,Ordeño,05:28,15.32,2,,,,,0,,1.74,1.56,1.68,1.68,0,0,0,0,5.03,4.89,4.83,4.75,VMS 3,,Drenaje,,2.34,2.10,2.22,2.28,3.08,3.45,4.45,4.34
09/07/2023 07:25 p. m.,Ordeño,06:12,13.94,3,,,,,0,,1.74,1.56,1.50,1.68,0,0,0,0,4.95,4.84,4.85,4.60,VMS 3,,Drenaje,,2.28,1.92,1.92,2.34,2.79,3.12,4.04,3.99
10/07/2023 02:40 a. m.,Ordeño,04:31,11.55,1,,,,,0,,1.44,1.50,1.62,1.68,0,0,0,0,4.74,4.70,4.65,4.60,VMS 3,,Drenaje,,1.98,1.98,2.04,2.28,2.27,2.53,3.50,3.25
10/07/2023 09:10 a. m.,Ordeño,04:31,9.79,2,,,,,0,,1.50,1.50,1.50,1.68,0,0,0,0,4.74,4.62,4.79,4.55,VMS 3,,Drenaje,,1.92,1.98,1.92,2.22,1.92,2.19,2.94,2.74
10/07/2023 05:59 p. m.,Ordeño,05:02,14.00,3,,,,,0,,1.56,1.62,1.62,1.80,0,0,0,0,5.02,4.86,4.88,4.60,VMS 3,,Drenaje,,2.04,2.22,2.16,2.52,2.82,3.04,4.12,4.02
11/07/2023 02:14 a. m.,Ordeño,05:10,11.80,1,,,,,0,,1.68,1.38,1.68,1.62,0,0,0,0,4.73,4.59,4.62,4.49,VMS 3,,Drenaje,,2.34,1.92,2.16,2.16,2.26,2.59,3.60,3.35
11/07/2023 10:47 a. m.,Ordeño,05:17,11.82,2,,,,,0,,1.56,1.56,1.74,1.74,0,0,0,0,4.72,4.66,4.76,4.63,VMS 3,,Drenaje,,2.04,2.04,2.28,2.34,2.28,2.55,3.43,3.56
12/07/2023 12:00 a. m.,Ordeño,06:12,17.54,1,,,,,0,,1.50,1.68,1.68,1.92,0,0,0,0,4.30,4.66,4.69,4.37,VMS 3,,Drenaje,,2.10,2.28,2.28,2.52,3.66,3.63,5.35,4.90
12/07/2023 06:30 a. m.,Ordeño,04:43,9.01,2,,DI,,,0,,1.32,1.50,1.62,1.68,0,0,0,0,4.32,4.52,4.52,4.40,VMS 3,,Drenaje,,1.80,2.04,1.98,2.10,1.99,1.98,2.64,2.40
12/07/2023 01:09 p. m.,Ordeño,03:58,9.19,3,,,,,0,,1.56,1.38,1.68,1.62,0,0,0,0,4.58,4.62,4.62,4.60,VMS 3,,Tanque,,1.98,1.80,2.16,2.10,1.86,1.98,2.74,2.61
12/07/2023 06:25 p. m.,Ordeño,04:48,6.62,4,,,,,0,,1.50,1.32,1.50,1.50,0,0,0,0,4.52,4.44,4.56,4.43,VMS 3,,Tanque,,2.04,1.80,1.92,1.98,1.31,1.48,1.89,1.94
13/07/2023 09:09 a. m.,Ordeño,06:39,20.88,1,,,,,0,,1.62,1.68,1.74,1.86,0,0,0,0,5.00,4.89,4.79,4.63,VMS 3,,Tanque,,2.10,2.22,2.16,2.52,4.14,4.51,6.42,5.81
13/07/2023 05:04 p. m.,Ordeño,04:09,9.15,2,,,,,0,,1.50,1.44,1.56,1.62,0,0,0,0,4.40,4.35,4.44,4.30,VMS 3,,Tanque,,2.04,1.92,2.04,2.10,1.85,1.88,2.82,2.60
14/07/2023 01:04 a. m.,Ordeño,04:44,12.01,1,,,,,0,,1.44,1.62,1.68,1.74,0,0,0,0,4.80,4.64,4.75,4.70,VMS 3,,Tanque,,1.92,2.10,2.22,2.34,2.36,2.59,3.69,3.37
14/07/2023 08:20 a. m.,Ordeño,04:27,10.84,2,,,,,0,,1.56,1.56,1.68,1.68,0,0,0,0,4.85,4.76,4.77,4.72,VMS 3,,Tanque,,1.98,2.04,2.04,2.28,2.01,2.31,3.31,3.21
14/07/2023 05:36 p. m.,Ordeño,04:47,11.10,3,,,,,0,,1.38,1.50,1.62,1.62,0,0,0,0,4.76,4.69,4.66,4.64,VMS 3,,Tanque,,1.86,2.16,2.16,2.34,2.10,2.31,3.49,3.20
15/07/2023 01:01 a. m.,Ordeño,04:11,10.56,1,,,,,0,,1.56,1.56,1.68,1.74,0,0,0,0,4.71,4.57,4.59,4.56,VMS 3,,Tanque,,2.16,2.10,2.10,2.22,2.05,2.29,3.29,2.93
15/07/2023 08:27 a. m.,Ordeño,06:32,11.75,2,,,,,0,,1.50,1.74,1.68,1.74,0,0,0,0,4.73,4.77,4.96,4.77,VMS 3,,Tanque,,1.98,2.34,2.28,2.22,2.37,2.54,3.49,3.35
15/07/2023 09:21 p. m.,Ordeño,05:45,18.99,3,,,,,0,,1.74,1.56,1.74,1.80,0,0,0,0,5.05,4.93,5.01,4.72,VMS 3,,Tanque,,2.40,2.04,2.40,2.52,3.69,4.05,5.78,5.47
16/07/2023 05:25 a. m.,Ordeño,05:00,13.26,1,,,,,0,,1.68,1.44,1.68,1.74,0,0,0,0,4.79,4.67,4.79,4.51,VMS 3,,Tanque,,2.22,2.04,2.16,2.22,2.64,2.85,3.89,3.88
16/07/2023 12:05 p. m.,Ordeño,06:18,10.12,2,,,,,0,,1.68,1.44,1.56,1.68,0,0,0,0,4.79,4.66,4.74,4.36,VMS 3,,Tanque,,2.16,1.86,1.98,2.28,2.02,2.17,2.90,3.03
17/07/2023 12:53 a. m.,Ordeño,05:46,17.93,1,,,,,0,,1.74,1.68,1.80,1.92,0,0,0,0,4.92,4.81,4.91,4.59,VMS 3,,Tanque,,2.22,2.16,2.22,2.52,3.55,3.90,5.38,5.10
17/07/2023 10:03 a. m.,Ordeño,05:58,14.24,2,,,,,0,,1.74,1.62,1.74,1.68,0,0,0,0,4.83,4.65,4.79,4.61,VMS 3,,Tanque,,2.28,2.16,2.16,2.34,2.94,3.17,4.32,3.81
17/07/2023 05:42 p. m.,Ordeño,04:17,11.39,3,,,,,0,,1.62,1.56,1.86,1.80,0,0,0,0,4.67,4.67,4.61,4.61,VMS 3,,Tanque,,2.16,2.04,2.34,2.40,2.31,2.42,3.50,3.16
18/07/2023 01:36 a. m.,Ordeño,05:05,11.11,1,,,,,0,,1.56,1.56,1.80,1.62,0,0,0,0,4.39,4.55,4.50,4.46,VMS 3,,Tanque,,1.98,2.10,2.22,2.04,2.18,2.47,3.31,3.15
18/07/2023 10:48 a. m.,Ordeño,05:02,13.44,2,,,,,0,,1.62,1.68,1.74,1.86,0,0,0,0,4.81,4.79,4.76,4.60,VMS 3,,Tanque,,2.16,2.22,2.16,2.40,2.56,2.85,4.18,3.85
18/07/2023 05:05 p. m.,Ordeño,04:09,9.90,3,,,,,0,,1.62,1.56,1.68,1.86,0,0,0,0,4.84,4.74,5.12,4.54,VMS 3,,Tanque,,2.16,2.22,2.10,2.40,1.98,2.14,2.93,2.85
19/07/2023 02:49 a. m.,Ordeño,06:00,13.74,1,,,,,0,,1.74,1.68,1.68,1.74,0,0,0,0,4.85,4.83,4.96,4.46,VMS 3,,Tanque,,2.22,2.22,2.16,2.40,2.79,2.94,4.06,3.95
19/07/2023 07:50 a. m.,Ordeño,03:50,6.04,2,,,DI,DI,0,,0.00,1.56,1.62,1.44,0,0,0,0,0.00,4.86,5.09,4.80,VMS 3,,Tanque,,0.00,2.16,2.28,2.16,0.00,1.82,2.22,2.00
19/07/2023 12:05 p. m.,Ordeño,05:28,6.40,3,,,,,0,,1.62,1.02,1.26,0.96,0,0,0,0,5.16,4.87,4.87,4.66,VMS 3,,Tanque,,2.22,1.80,1.68,1.86,2.62,1.10,1.43,1.25
19/07/2023 05:46 p. m.,Ordeño,04:39,10.35,4,,,,,0,,1.56,1.68,1.62,1.68,0,0,0,0,4.74,4.75,5.00,4.67,VMS 3,,Tanque,,2.10,2.28,2.16,2.34,1.99,2.13,3.30,2.93
20/07/2023 01:17 a. m.,Ordeño,05:34,11.65,1,,,,,0,,1.68,1.56,1.68,1.62,0,0,0,0,4.90,4.87,4.86,4.67,VMS 3,,Tanque,,2.10,2.22,2.22,2.10,2.23,2.49,3.47,3.46
20/07/2023 10:28 a. m.,Ordeño,04:51,13.94,2,,,,,0,,1.74,1.56,1.74,1.86,0,0,0,0,4.63,4.88,4.77,4.62,VMS 3,,Tanque,,2.22,2.16,2.22,2.40,2.69,3.09,4.22,3.94
20/07/2023 04:56 p. m.,Ordeño,04:30,9.27,3,,,,,0,,1.50,1.44,1.62,1.68,0,0,0,0,4.63,4.67,4.69,4.77,VMS 3,,Tanque,,1.98,1.86,2.10,2.04,1.89,2.04,2.85,2.49
20/07/2023 11:32 p. m.,Ordeño,05:13,9.92,4,,,,,0,,1.50,1.50,1.62,1.68,0,0,0,0,4.44,4.75,4.70,4.61,VMS 3,,Tanque,,2.16,2.04,2.16,2.16,2.00,2.11,2.88,2.93
21/07/2023 12:02 p. m.,Ordeño,07:03,17.38,1,,,,,0,,1.80,1.50,1.74,1.86,0,0,0,0,4.90,4.72,4.89,4.59,VMS 3,,Tanque,,2.34,2.04,2.28,2.52,3.38,3.79,5.16,5.05
21/07/2023 11:55 p. m.,Ordeño,08:05,17.18,1,,,,,0,,1.86,1.68,1.68,1.92,0,0,0,0,4.75,4.73,4.83,4.38,VMS 3,,Tanque,,2.40,2.16,2.16,2.52,3.28,3.77,5.16,4.97
22/07/2023 07:42 a. m.,Ordeño,04:34,12.56,2,,,,,0,,1.80,1.68,1.92,1.50,0,0,0,0,4.69,4.72,4.72,4.49,VMS 3,,Tanque,,2.28,2.28,2.40,2.22,2.61,2.80,3.99,3.16
22/07/2023 01:48 p. m.,Ordeño,06:16,8.92,3,,,,,0,,1.56,1.62,1.62,1.80,0,0,0,0,4.63,4.52,4.50,4.24,VMS 3,,Tanque,,2.10,2.16,2.10,2.22,1.75,1.93,2.49,2.75
22/07/2023 11:40 p. m.,Ordeño,05:40,9.75,4,,,TI,TI,0,,1.74,1.56,0.00,1.62,0,0,0,0,4.75,4.65,0.00,4.70,VMS 3,,Tanque,,2.28,2.04,0.00,2.22,2.67,3.16,0.00,3.92
24/07/2023 12:10 a. m.,Ordeño,04:10,7.32,1,,,,,0,,1.50,1.50,1.44,1.68,0,0,0,0,4.48,4.43,4.42,4.15,VMS 3,,Tanque,,2.04,1.92,2.04,2.22,1.71,1.71,1.67,2.23
24/07/2023 10:17 a. m.,Ordeño,06:32,13.41,2,,,,,0,,1.80,1.50,1.80,1.68,0,0,0,0,4.86,4.70,4.77,4.56,VMS 3,,Tanque,,2.34,2.04,2.58,2.16,2.81,3.18,3.39,4.03
24/07/2023 05:56 p. m.,Ordeño,04:32,10.00,3,,,,,0,,1.68,1.44,1.62,1.62,0,0,0,0,4.93,4.70,5.02,4.71,VMS 3,,Tanque,,2.28,2.04,2.04,2.16,2.17,2.30,2.57,2.96
25/07/2023 02:55 a. m.,Ordeño,04:57,12.94,1,,,,,0,,1.68,1.62,1.80,1.86,0,0,0,0,5.01,4.91,5.13,4.59,VMS 3,,Tanque,,2.22,2.10,2.34,2.40,2.65,2.85,3.67,3.77
25/07/2023 10:34 a. m.,Ordeño,04:09,10.48,2,,,,,0,,1.68,1.38,1.80,1.68,0,0,0,0,4.79,4.66,4.86,4.51,VMS 3,,Tanque,,2.22,1.86,2.22,2.16,2.21,2.17,3.03,3.07
25/07/2023 03:27 p. m.,Ordeño,04:23,6.30,3,,,,,0,,1.50,1.32,1.68,1.44,0,0,0,0,4.60,4.50,4.87,4.52,VMS 3,,Tanque,,2.16,1.74,2.10,1.92,1.37,1.38,1.82,1.73
25/07/2023 11:38 p. m.,Ordeño,04:48,10.81,4,,,,,0,,1.62,1.50,1.68,1.68,0,0,0,0,4.95,4.65,4.85,4.31,VMS 3,,Tanque,,2.16,1.86,2.16,2.10,2.12,2.28,3.26,3.15
26/07/2023 06:50 a. m.,Ordeño,05:55,10.24,1,,,,,0,,1.74,1.44,1.68,1.62,0,0,0,0,5.02,4.70,4.98,4.59,VMS 3,,Tanque,,2.40,1.80,2.16,2.04,2.03,2.27,3.03,2.91
26/07/2023 06:08 p. m.,Ordeño,05:11,15.67,2,,,,,0,,1.92,1.44,1.86,1.68,0,0,0,0,4.94,4.66,4.72,4.70,VMS 3,,Tanque,,2.46,1.98,2.46,2.16,3.13,3.30,4.89,4.35
27/07/2023 01:39 a. m.,Ordeño,04:22,9.89,1,,,,,0,,1.62,1.56,1.74,1.68,0,0,0,0,4.60,4.68,4.70,4.58,VMS 3,,Tanque,,2.16,2.10,2.22,2.16,2.01,2.17,2.99,2.72
27/07/2023 07:14 a. m.,Ordeño,04:06,7.48,2,,,,,0,,1.62,1.32,1.56,1.44,0,0,0,0,4.79,4.68,4.76,4.53,VMS 3,,Tanque,,2.34,1.80,1.98,2.04,1.59,1.67,2.19,2.03
27/07/2023 12:55 p. m.,Ordeño,04:05,7.82,3,,,,,0,,1.44,1.32,1.62,1.38,0,0,0,0,4.78,4.80,4.88,4.83,VMS 3,,Tanque,,1.92,1.80,2.04,2.16,1.60,1.66,2.45,2.11
27/07/2023 06:58 p. m.,Ordeño,05:13,8.40,4,,,,,0,,1.44,1.38,1.50,1.56,0,0,0,0,4.97,4.80,4.89,4.83,VMS 3,,Tanque,,2.04,1.74,1.92,2.04,1.69,1.76,2.60,2.35
28/07/2023 12:55 a. m.,Ordeño,04:13,8.66,1,,,,,0,,1.50,1.50,1.62,1.68,0,0,0,0,4.90,4.87,4.76,4.56,VMS 3,,Tanque,,2.10,2.04,2.10,2.16,1.77,1.91,2.49,2.49
28/07/2023 07:09 a. m.,Ordeño,03:57,8.40,2,,,,,0,,1.50,1.38,1.68,1.44,0,0,0,0,4.85,4.84,4.77,4.70,VMS 3,,Tanque,,2.04,1.86,2.22,1.98,1.73,1.84,2.50,2.33
28/07/2023 03:51 p. m.,Ordeño,05:26,12.14,3,,,,,0,,1.62,1.56,1.80,1.80,0,0,0,0,4.92,4.78,4.79,4.54,VMS 3,,Tanque,,2.16,2.04,2.28,2.46,2.32,2.54,3.91,3.37
29/07/2023 09:15 a. m.,Ordeño,05:41,20.42,1,,,,,0,,1.86,1.56,1.98,2.04,0,0,0,0,5.14,5.04,5.11,4.67,VMS 3,,Tanque,,2.46,2.10,2.40,2.52,3.50,4.68,5.85,6.39
29/07/2023 05:09 p. m.,Ordeño,04:03,9.12,2,,,,,0,,1.68,1.50,1.86,1.56,0,0,0,0,4.46,4.37,4.38,4.14,VMS 3,,Tanque,,2.16,1.98,2.34,2.10,1.91,2.00,2.71,2.50
29/07/2023 11:05 p. m.,Ordeño,04:48,6.73,3,,,,,0,,1.56,1.44,1.74,1.74,0,0,0,0,4.45,4.46,4.37,4.15,VMS 3,,Tanque,,2.22,1.92,2.16,2.28,1.42,1.47,1.90,1.94
30/07/2023 04:02 p. m.,Ordeño,06:48,20.41,1,,,,,0,,1.80,1.62,2.04,1.98,0,0,0,0,5.09,4.91,4.93,4.57,VMS 3,,Tanque,,2.28,2.16,2.70,2.58,3.92,4.19,6.52,5.78
31/07/2023 05:15 a. m.,Ordeño,05:38,15.16,1,,,,,0,,1.68,1.74,1.98,1.98,0,0,0,0,4.83,4.77,4.64,4.26,VMS 3,,Tanque,,2.16,2.28,2.40,2.64,3.05,3.12,4.80,4.19
31/07/2023 04:42 p. m.,Ordeño,04:27,12.84,2,,,,,0,,1.68,1.56,1.92,1.92,0,0,0,0,4.80,4.69,4.72,4.54,VMS 3,,Tanque,,2.34,2.10,2.70,2.40,2.53,2.58,4.08,3.65
31/07/2023 10:51 p. m.,Ordeño,03:59,7.20,3,,,,,0,,1.44,1.50,1.80,1.62,0,0,0,0,4.53,4.49,4.61,4.26,VMS 3,,Tanque,,1.92,2.04,2.34,2.34,1.49,1.55,2.09,2.07
01/08/2023 08:50 a. m.,Ordeño,05:59,13.55,1,,,,,0,,1.56,1.80,1.86,1.92,0,0,0,0,5.01,5.03,4.86,4.66,VMS 3,,Tanque,,1.98,2.46,2.34,2.58,2.80,2.78,4.27,3.70
01/08/2023 04:22 p. m.,Ordeño,05:10,9.89,2,,,,,0,,1.50,1.74,1.80,1.86,0,0,0,0,5.02,5.03,4.92,4.73,VMS 3,,Tanque,,2.04,2.28,2.28,2.34,2.04,2.14,2.90,2.81
02/08/2023 02:21 a. m.,Ordeño,04:43,13.18,1,,,,,0,,1.74,1.80,1.92,1.62,0,0,0,0,5.03,5.03,4.85,4.85,VMS 3,,Tanque,,2.46,2.28,2.52,2.28,2.65,2.74,4.36,3.43
02/08/2023 08:53 a. m.,Ordeño,03:49,8.76,2,,,,,0,,1.62,1.62,1.74,1.74,0,0,0,0,4.90,4.76,4.72,4.78,VMS 3,,Tanque,,2.10,2.34,2.22,2.22,1.80,1.92,2.64,2.40
02/08/2023 04:14 p. m.,Ordeño,04:03,9.75,3,,,,,0,,1.62,1.62,1.80,1.86,0,0,0,0,4.90,4.77,4.78,4.51,VMS 3,,Tanque,,2.28,2.16,2.34,2.28,1.98,2.08,2.93,2.76
03/08/2023 01:45 a. m.,Ordeño,04:47,13.13,1,,,,,0,,1.68,1.86,1.86,1.86,0,0,0,0,5.03,5.04,4.85,4.64,VMS 3,,Tanque,,2.16,2.46,2.34,2.40,2.75,2.80,4.07,3.51
03/08/2023 08:38 a. m.,Ordeño,04:23,10.28,2,,,,,0,,1.68,1.74,1.86,1.86,0,0,0,0,4.77,4.63,4.65,4.24,VMS 3,,Tanque,,2.22,2.70,2.40,2.46,2.10,2.29,3.03,2.86
03/08/2023 05:15 p. m.,Ordeño,04:31,11.84,3,,,,,0,,1.62,1.62,1.80,1.74,0,0,0,0,4.85,4.70,4.59,4.42,VMS 3,,Tanque,,2.10,2.04,2.46,2.34,2.27,2.41,3.66,3.50
04/08/2023 01:37 a. m.,Ordeño,04:25,11.25,1,,,,,0,,1.62,1.68,1.86,1.74,0,0,0,0,5.06,4.98,4.84,4.62,VMS 3,,Tanque,,2.22,2.22,2.46,2.40,2.26,2.41,3.49,3.09
04/08/2023 07:57 a. m.,Ordeño,04:14,9.49,2,,,,,0,,1.62,1.62,1.74,1.56,0,0,0,0,4.84,4.78,4.71,4.69,VMS 3,,Tanque,,2.16,2.40,2.22,2.16,1.94,2.12,2.78,2.65
04/08/2023 05:24 p. m.,Ordeño,05:17,12.26,3,,"TI,TD",,,0,,1.80,1.62,1.80,1.86,0,0,0,0,4.91,4.64,4.69,4.52,VMS 3,,Tanque,,2.28,2.34,2.64,2.76,2.86,2.77,3.05,3.58
04/08/2023 11:35 p. m.,Ordeño,04:35,9.73,4,,,,,0,,1.62,1.50,1.86,1.62,0,0,0,0,4.56,4.56,4.63,4.54,VMS 3,,Tanque,,2.22,1.98,2.28,2.10,1.80,1.85,3.62,2.46
05/08/2023 07:06 a. m.,Ordeño,04:25,10.87,1,,,,,0,,1.68,1.56,1.68,1.86,0,0,0,0,4.84,4.76,4.67,4.56,VMS 3,,Tanque,,2.28,2.10,2.22,2.52,2.24,2.29,3.15,3.19
05/08/2023 12:30 p. m.,Ordeño,05:05,7.03,2,,,,,0,,1.62,1.44,1.74,1.56,0,0,0,0,4.77,4.55,4.63,4.54,VMS 3,,Tanque,,2.22,1.86,2.22,1.98,1.54,1.54,2.03,1.92
05/08/2023 08:04 p. m.,Ordeño,04:12,10.15,3,,,,,0,,1.56,1.56,1.74,1.68,0,0,0,0,4.96,4.96,4.92,4.80,VMS 3,,Tanque,,2.34,2.10,2.16,2.34,2.01,2.12,3.11,2.91
06/08/2023 02:00 a. m.,Ordeño,04:03,9.17,1,,,,,0,,1.56,1.62,1.56,1.44,0,0,0,0,4.89,4.95,4.75,4.83,VMS 3,,Tanque,,2.04,2.22,1.98,2.04,1.97,2.02,2.76,2.42
06/08/2023 10:16 a. m.,Ordeño,04:44,11.51,2,,,,,0,,1.62,1.68,1.62,1.62,0,0,0,0,4.17,4.68,4.49,4.35,VMS 3,,Tanque,,2.10,2.16,2.04,2.04,2.42,2.43,3.45,3.21
06/08/2023 04:31 p. m.,Ordeño,03:51,7.48,3,,,,,0,,1.56,1.62,1.74,1.62,0,0,0,0,4.42,4.48,4.43,4.36,VMS 3,,Tanque,,2.16,2.40,2.16,2.10,1.54,1.68,2.10,2.16
07/08/2023 07:21 a. m.,Ordeño,06:41,17.37,1,,,,,0,,1.74,1.74,1.92,1.98,0,0,0,0,4.73,4.64,4.49,4.23,VMS 3,,Tanque,,2.64,2.16,2.46,2.52,3.26,3.41,5.59,5.11
08/08/2023 05:46 a. m.,Ordeño,05:38,21.51,1,,,,,0,,1.86,1.62,1.80,1.92,0,0,0,0,4.81,5.09,4.74,4.58,VMS 3,,Tanque,,2.34,2.04,2.40,2.58,3.72,4.67,6.10,7.02
08/08/2023 04:46 p. m.,Ordeño,04:59,11.54,2,,,,,0,,1.86,1.50,1.80,1.68,0,0,0,0,4.74,4.61,4.46,4.14,VMS 3,,Tanque,,2.52,2.22,2.46,2.16,2.39,2.37,3.34,3.44
09/08/2023 01:41 a. m.,Ordeño,04:00,8.54,1,,,,,0,,1.50,1.44,1.62,1.68,0,0,0,0,4.42,4.47,4.38,4.16,VMS 3,,Tanque,,2.04,2.04,2.04,2.40,1.71,1.81,2.53,2.49
09/08/2023 11:03 a. m.,Ordeño,04:26,10.73,2,,,,,0,,1.62,1.62,1.80,1.80,0,0,0,0,4.94,4.87,4.92,4.76,VMS 3,,Tanque,,2.16,2.10,2.22,2.40,2.07,2.25,3.32,3.09
09/08/2023 06:51 p. m.,Ordeño,05:00,8.97,3,,,,,0,,1.68,1.38,1.74,1.50,0,0,0,0,4.82,4.69,4.84,4.62,VMS 3,,Tanque,,2.22,1.98,2.22,2.16,1.88,1.85,2.76,2.48
10/08/2023 03:33 a. m.,Ordeño,04:27,9.63,1,,,,,0,,1.62,1.56,1.62,1.62,0,0,0,0,4.87,4.86,4.68,4.62,VMS 3,,Tanque,,2.10,2.10,2.04,2.22,1.89,2.04,2.84,2.86
10/08/2023 08:56 a. m.,Ordeño,04:59,6.10,2,,,,,0,,1.56,1.32,1.50,1.14,0,0,0,0,5.00,4.91,4.90,4.89,VMS 3,,Tanque,,2.28,1.74,1.92,1.92,1.32,1.31,1.80,1.67
10/08/2023 05:26 p. m.,Ordeño,04:15,11.25,3,,,,,0,,1.74,1.50,1.74,1.74,0,0,0,0,5.13,5.06,4.98,5.00,VMS 3,,Tanque,,2.34,2.04,2.16,2.34,2.16,2.42,3.38,3.29
10/08/2023 11:11 p. m.,Ordeño,03:55,6.15,4,,,,,0,,1.32,1.38,1.56,1.44,0,0,0,0,4.84,4.72,4.73,4.80,VMS 3,,Tanque,,1.98,2.04,1.98,2.16,1.13,1.31,1.92,1.79
11/08/2023 09:22 a. m.,Ordeño,05:02,13.35,1,,,,,0,,1.68,1.80,1.74,1.68,0,0,0,0,5.19,5.08,4.97,4.87,VMS 3,,Tanque,,2.16,2.34,2.22,2.46,2.64,2.73,4.19,3.79
11/08/2023 05:53 p. m.,Ordeño,04:48,11.26,2,,,,,0,,1.62,1.68,1.80,1.80,0,0,0,0,5.14,5.00,4.99,4.71,VMS 3,,Tanque,,2.22,2.22,2.28,2.40,2.14,2.27,3.57,3.28
12/08/2023 12:40 a. m.,Ordeño,09:07,6.33,1,,,DD,DD,0,,1.50,0.00,1.62,1.92,0,0,0,0,4.87,0.00,4.77,4.59,VMS 3,,Tanque,,2.04,0.00,2.58,2.40,1.68,0.00,2.36,2.29
12/08/2023 07:41 a. m.,Ordeño,06:27,11.84,2,,,,,0,,1.80,1.86,1.74,1.86,0,0,0,0,4.94,5.10,4.92,4.73,VMS 3,,Tanque,,2.28,2.46,2.22,2.64,2.08,3.77,3.38,2.61
12/08/2023 01:51 p. m.,Ordeño,04:40,8.26,3,,,,,0,,1.62,1.62,1.62,1.92,0,0,0,0,4.99,4.70,4.74,4.66,VMS 3,,Tanque,,2.16,2.22,2.10,2.34,1.54,1.69,2.36,2.67
13/08/2023 12:55 a. m.,Ordeño,05:58,15.38,1,,,,,0,,1.80,1.74,1.62,1.92,0,0,0,0,5.02,4.71,4.77,4.45,VMS 3,,Tanque,,2.28,2.22,2.10,2.52,2.90,3.02,4.95,4.51
13/08/2023 08:02 a. m.,Ordeño,03:55,8.61,2,,,,,0,,1.62,1.50,1.74,1.56,0,0,0,0,4.62,4.52,4.42,4.27,VMS 3,,Tanque,,2.10,1.98,2.22,2.16,1.88,1.87,2.63,2.23
13/08/2023 05:35 p. m.,Ordeño,04:23,12.80,3,,,,,0,,1.68,1.56,1.86,1.86,0,0,0,0,4.74,4.72,4.78,4.31,VMS 3,,Tanque,,2.16,2.10,2.22,2.34,2.40,2.46,3.84,4.10
14/08/2023 01:00 p. m.,Ordeño,05:52,20.51,1,,,,,0,,1.86,1.74,1.86,2.04,0,0,0,0,5.04,4.91,4.88,4.53,VMS 3,,Tanque,,2.64,2.22,2.34,2.52,3.99,3.98,6.37,6.17
14/08/2023 11:03 p. m.,Ordeño,04:31,12.46,2,,,,,0,,1.80,1.56,1.80,1.74,0,0,0,0,4.56,4.48,4.38,4.27,VMS 3,,Tanque,,2.34,2.04,2.16,2.40,2.34,2.77,3.78,3.57
15/08/2023 07:51 a. m.,Ordeño,04:38,11.88,1,,,,,0,,1.74,1.62,1.74,1.74,0,0,0,0,4.77,4.68,4.51,4.40,VMS 3,,Tanque,,2.28,2.16,2.16,2.28,2.36,2.47,3.75,3.30
15/08/2023 03:51 p. m.,Ordeño,04:15,10.55,2,,,,,0,,1.62,1.62,1.56,1.74,0,0,0,0,4.96,4.80,4.73,4.68,VMS 3,,Tanque,,2.10,2.16,2.04,2.28,2.08,2.31,3.01,3.15
16/08/2023 01:51 a. m.,Ordeño,04:57,13.66,1,,,,,0,,1.62,1.56,1.62,1.62,0,0,0,0,4.88,4.83,4.73,4.53,VMS 3,,Tanque,,2.28,1.98,2.04,2.28,2.61,2.85,4.08,4.12
16/08/2023 11:14 a. m.,Ordeño,04:58,13.09,2,,,,,0,,1.68,1.62,1.68,1.80,0,0,0,0,4.96,4.83,4.80,4.50,VMS 3,,Tanque,,2.28,2.22,2.22,2.34,2.53,2.79,3.94,3.83
16/08/2023 07:37 p. m.,Ordeño,04:35,11.03,3,,,,,0,,1.50,1.74,1.62,1.62,0,0,0,0,4.90,4.75,4.71,4.67,VMS 3,,Tanque,,1.98,2.40,2.04,2.16,2.22,2.38,3.35,3.08
17/08/2023 05:02 a. m.,Ordeño,05:04,13.57,1,,,,,0,,1.68,1.74,1.62,1.80,0,0,0,0,5.04,4.88,4.79,4.65,VMS 3,,Tanque,,2.34,2.28,2.16,2.40,2.66,2.89,4.13,3.89
17/08/2023 05:51 p. m.,Ordeño,06:58,18.59,2,,,,,0,,1.92,1.62,1.74,1.86,0,0,0,0,5.16,4.77,4.79,4.56,VMS 3,,Tanque,,2.46,2.04,2.22,2.40,3.65,3.87,5.65,5.42
18/08/2023 05:42 a. m.,Ordeño,05:38,15.66,1,,,,,0,,1.68,1.80,1.62,1.86,0,0,0,0,4.88,4.76,4.60,4.39,VMS 3,,Tanque,,2.22,2.46,2.04,2.40,3.22,3.35,4.71,4.38
18/08/2023 02:14 p. m.,Ordeño,05:50,11.35,2,,,,,0,,1.56,1.62,1.56,1.86,0,0,0,0,4.81,4.64,4.75,4.29,VMS 3,,Tanque,,2.04,2.10,1.92,2.46,2.14,2.41,3.38,3.42
18/08/2023 11:03 p. m.,Ordeño,04:56,11.38,3,,,,,0,,1.68,1.56,1.62,1.74,0,0,0,0,4.87,4.71,4.58,4.46,VMS 3,,Tanque,,2.22,2.04,2.04,2.22,2.26,2.49,3.39,3.24
19/08/2023 08:12 a. m.,Ordeño,04:43,13.00,1,,,,,0,,1.80,1.50,1.56,1.68,0,0,0,0,5.02,4.84,4.52,4.58,VMS 3,,Tanque,,2.34,2.16,2.04,2.22,2.50,2.70,4.15,3.65
19/08/2023 07:14 p. m.,Ordeño,05:41,13.95,2,,,,,0,,1.86,1.56,1.62,1.92,0,0,0,0,4.88,4.69,4.58,4.40,VMS 3,,Tanque,,2.34,1.98,2.22,2.58,2.78,2.93,4.09,4.15
20/08/2023 03:19 a. m.,Ordeño,04:27,12.39,1,,,,,0,,1.86,1.50,1.68,1.80,0,0,0,0,4.82,4.69,4.58,4.47,VMS 3,,Tanque,,2.64,1.92,2.10,2.34,2.50,2.75,3.60,3.54
20/08/2023 09:18 a. m.,Ordeño,04:10,8.16,2,,,,,0,,1.56,1.44,1.62,1.50,0,0,0,0,4.56,4.41,4.45,4.20,VMS 3,,Tanque,,2.16,1.98,2.28,2.22,1.64,1.78,2.35,2.39
20/08/2023 05:28 p. m.,Ordeño,04:11,9.66,3,,,,,0,,1.62,1.44,1.68,1.68,0,0,0,0,4.62,4.41,4.40,4.33,VMS 3,,Tanque,,2.10,1.92,2.16,2.22,1.92,2.00,3.10,2.64
21/08/2023 12:06 a. m.,Ordeño,03:51,7.85,1,,,,,0,,1.50,1.38,1.50,1.56,0,0,0,0,4.74,4.48,4.42,4.38,VMS 3,,Tanque,,2.16,1.98,1.92,2.04,1.55,1.69,2.48,2.13
21/08/2023 04:47 p. m.,Ordeño,09:03,19.19,2,,,,,0,,1.92,1.68,1.92,1.98,0,0,0,0,5.10,4.85,5.07,4.69,VMS 3,,Tanque,,2.46,2.22,2.40,2.52,3.51,4.21,5.53,5.94
22/08/2023 01:07 a. m.,Ordeño,04:28,10.63,1,,,,,0,,1.68,1.56,1.74,1.74,0,0,0,0,4.64,4.49,4.48,4.15,VMS 3,,Tanque,,2.22,2.16,2.10,2.40,2.13,2.36,3.09,3.05
22/08/2023 04:19 p. m.,Ordeño,05:25,19.76,2,,,,,0,,1.80,1.62,1.98,1.92,0,0,0,0,5.12,5.03,4.98,4.56,VMS 3,,Tanque,,2.34,2.28,2.46,2.58,3.95,4.26,5.83,5.72
22/08/2023 09:32 p. m.,Ordeño,04:02,7.27,3,,,,,0,,1.32,1.32,1.56,1.26,0,0,0,0,4.39,4.48,4.51,4.24,VMS 3,,Tanque,,2.10,1.92,2.34,1.98,1.51,1.61,2.13,2.02
23/08/2023 06:51 a. m.,Ordeño,05:28,12.43,1,,,,,0,,1.68,1.68,1.86,1.80,363,0,0,0,4.70,4.75,4.60,4.57,VMS 3,,Tanque,,2.22,2.16,2.34,2.34,2.43,2.79,3.84,3.37
23/08/2023 11:54 a. m.,Ordeño,03:54,5.57,2,,,,,0,,1.32,1.32,1.62,1.38,0,0,0,0,4.39,4.46,4.54,4.36,VMS 3,,Tanque,,1.98,1.98,2.28,2.04,1.15,1.27,1.60,1.55
23/08/2023 08:10 p. m.,Ordeño,04:23,10.29,3,,,,,0,,1.56,1.50,1.74,1.62,0,0,0,0,4.74,4.79,4.80,4.69,VMS 3,,Tanque,,2.16,2.28,2.22,1.98,1.92,2.14,3.23,3.00
24/08/2023 05:07 a. m.,Ordeño,04:39,11.94,1,,,,,0,,1.68,1.86,1.74,1.86,0,0,0,0,4.75,4.84,4.74,4.69,VMS 3,,Tanque,,2.34,2.40,2.16,2.28,2.39,2.50,3.77,3.28
24/08/2023 03:00 p. m.,Ordeño,05:52,13.41,2,,,,,0,,1.68,1.80,1.74,1.80,0,0,0,0,4.60,4.67,4.60,4.49,VMS 3,,Tanque,,2.28,2.40,2.22,2.22,2.74,2.84,4.04,3.79
25/08/2023 01:30 a. m.,Ordeño,08:09,9.73,1,,,TI,TI,0,,1.68,1.74,0.00,1.86,0,0,0,0,4.56,4.56,0.00,4.44,VMS 3,,Tanque,,2.34,2.22,0.00,2.46,2.87,3.01,0.00,3.85
25/08/2023 09:29 a. m.,Ordeño,05:49,7.50,2,,DI,TI,TI,0,,1.68,1.68,0.00,1.68,0,0,0,0,4.43,4.43,0.00,4.41,VMS 3,,Tanque,,2.22,2.16,0.00,2.16,2.14,2.42,0.00,2.94
25/08/2023 02:18 p. m.,Ordeño,06:15,11.57,3,,,,,0,TI,1.32,1.38,1.86,1.20,0,0,0,0,4.44,4.44,5.07,4.34,VMS 3,,Tanque,,1.86,2.04,2.46,1.98,1.30,1.39,7.05,1.83
25/08/2023 07:13 p. m.,Ordeño,04:03,6.41,4,,,,,0,,1.32,1.44,1.44,1.50,0,0,0,0,4.57,4.63,4.16,4.26,VMS 3,,Tanque,,1.86,2.10,1.86,2.16,1.33,1.46,1.69,1.93
26/08/2023 01:25 a. m.,Ordeño,04:40,8.63,1,,,,,0,,1.56,1.56,1.50,1.50,0,0,0,0,4.75,4.61,4.26,4.54,VMS 3,,Tanque,,2.04,2.16,1.86,2.10,1.93,2.05,2.08,2.57
26/08/2023 10:03 a. m.,Ordeño,04:14,11.53,2,,,,,0,,1.68,1.56,1.56,1.68,0,0,0,0,4.80,4.69,4.57,4.70,VMS 3,,Tanque,,2.40,2.46,1.92,2.10,2.37,2.71,2.88,3.57
26/08/2023 03:44 p. m.,Ordeño,04:54,8.05,3,,,,,0,,1.44,1.56,1.56,1.62,0,0,0,0,4.67,4.70,4.80,4.72,VMS 3,,Tanque,,1.92,2.16,1.98,2.10,1.61,1.91,2.17,2.36
27/08/2023 01:22 a. m.,Ordeño,04:37,13.70,1,,,,,0,,1.62,1.62,1.80,1.80,0,0,0,0,4.55,4.85,4.67,4.43,VMS 3,,Tanque,,2.28,2.16,2.22,2.28,2.61,3.09,3.71,4.29
27/08/2023 08:48 a. m.,Ordeño,05:34,11.28,2,,,,,0,,1.56,1.56,1.68,1.62,0,0,0,0,3.02,4.59,4.41,4.54,VMS 3,,Tanque,,2.04,2.10,2.04,2.22,2.75,2.44,3.08,3.01
27/08/2023 05:09 p. m.,Ordeño,05:16,12.00,3,,,,,0,,1.68,1.44,1.62,1.68,0,0,0,0,4.77,4.64,4.58,4.44,VMS 3,,Tanque,,2.16,1.98,2.04,2.16,2.31,2.70,3.29,3.70
28/08/2023 12:00 a. m.,Ordeño,05:02,9.44,1,,,,,0,,1.68,1.44,1.68,1.68,0,0,0,0,4.75,4.77,4.72,4.66,VMS 3,,Tanque,,2.22,1.86,2.16,2.04,1.91,2.21,2.69,2.63
28/08/2023 09:29 a. m.,Ordeño,05:32,13.41,2,,,,,0,,1.68,1.44,1.80,1.80,0,0,0,0,4.72,4.62,4.44,4.51,VMS 3,,Tanque,,2.28,1.92,2.28,2.34,2.63,2.89,4.22,3.67
28/08/2023 08:55 p. m.,Ordeño,04:51,14.31,3,,,,,0,,1.62,1.38,1.80,1.80,0,0,0,0,4.46,4.47,4.63,4.13,VMS 3,,Tanque,,2.22,1.98,2.22,2.28,2.64,2.85,4.45,4.37
29/08/2023 04:03 a. m.,Ordeño,04:17,7.96,1,,,,,0,,1.56,1.26,1.68,1.50,0,0,0,0,4.30,4.26,4.36,4.03,VMS 3,,Tanque,,2.16,1.92,2.34,2.16,1.61,1.63,2.54,2.18
29/08/2023 11:12 a. m.,Ordeño,05:12,8.44,2,,,,,0,,1.50,1.50,1.68,1.62,0,0,0,0,4.45,4.40,4.44,4.26,VMS 3,,Tanque,,2.10,2.04,2.16,2.16,1.63,1.83,2.58,2.40
29/08/2023 06:59 p. m.,Ordeño,04:09,9.35,3,,,,,0,,1.50,1.50,1.74,1.62,0,0,0,0,4.52,4.54,4.42,4.34,VMS 3,,Tanque,,2.04,2.10,2.28,2.16,1.85,2.00,2.84,2.66
30/08/2023 02:02 a. m.,Ordeño,04:13,8.75,1,,,,,0,,1.56,1.44,1.74,1.50,0,0,0,0,4.46,4.56,4.62,4.45,VMS 3,,Tanque,,2.16,2.16,2.34,1.92,1.80,1.89,2.71,2.35
30/08/2023 07:34 a. m.,Ordeño,04:55,6.88,2,,,,,0,,1.38,1.38,1.74,1.44,0,0,0,0,4.33,4.47,4.35,4.33,VMS 3,,Tanque,,1.80,1.92,2.22,2.46,1.28,1.49,1.57,2.54
30/08/2023 06:19 p. m.,Ordeño,04:42,12.30,3,,,,,0,,1.56,1.56,1.86,1.68,0,0,0,0,4.52,4.59,3.93,4.45,VMS 3,,Tanque,,1.98,2.04,2.34,2.22,2.27,2.43,4.24,3.36
31/08/2023 06:49 a. m.,Ordeño,05:36,16.04,1,,,,,0,,1.68,1.56,1.92,1.68,0,0,0,0,4.64,4.56,4.27,4.48,VMS 3,,Tanque,,2.16,2.22,2.58,2.10,2.98,3.34,5.23,4.49
31/08/2023 07:49 p. m.,Ordeño,05:21,11.58,2,,TI,TI,,0,,1.80,1.56,0.54,1.92,0,0,0,0,4.60,4.50,3.89,4.39,VMS 3,,Tanque,,2.40,2.10,1.32,2.58,3.12,3.49,0.27,4.70
01/09/2023 01:25 a. m.,Ordeño,05:19,6.79,1,,"DI,TI",,,0,,1.50,1.26,1.50,1.08,0,0,0,0,4.24,4.28,4.60,4.10,VMS 3,,Tanque,,1.92,2.10,2.94,1.86,1.32,1.55,2.01,1.91
01/09/2023 12:59 p. m.,Ordeño,05:58,9.26,2,,TI,TI,,0,,1.74,1.50,0.42,1.80,0,0,0,0,4.53,4.42,2.48,4.30,VMS 3,,Tanque,,2.28,2.16,0.66,2.34,2.65,2.82,0.23,3.56
02/09/2023 03:58 a. m.,Ordeño,08:24,12.11,1,,,TI,TI,0,,1.80,1.62,0.00,1.86,0,0,0,0,4.51,4.45,0.00,4.33,VMS 3,,Tanque,,2.40,2.10,0.00,2.46,3.36,3.72,0.00,5.03
02/09/2023 04:35 p. m.,Ordeño,05:32,5.49,3,,,TI,,0,,1.44,1.44,1.14,1.44,0,0,0,0,4.24,4.51,4.54,4.32,VMS 3,,Tanque,,1.92,1.92,1.86,1.98,1.34,1.51,0.88,1.76
02/09/2023 09:17 p. m.,Ordeño,05:18,3.61,4,,,TI,,0,,1.32,1.26,0.90,1.14,0,0,0,0,4.20,4.34,4.32,4.23,VMS 3,,Tanque,,1.86,1.92,1.68,1.86,0.91,1.01,0.47,1.22
03/09/2023 02:57 a. m.,Ordeño,04:21,5.35,1,,,TI,,0,,1.38,1.26,0.60,1.50,0,0,0,0,4.49,4.59,4.42,4.46,VMS 3,,Tanque,,1.92,1.74,1.14,2.04,1.32,1.45,0.67,1.91
03/09/2023 08:49 a. m.,Ordeño,06:13,6.74,2,,,TI,,0,,1.50,1.38,1.38,1.50,0,0,0,0,4.84,4.79,5.12,4.68,VMS 3,,Tanque,,2.04,1.92,1.98,2.16,1.68,1.81,1.05,2.20
03/09/2023 04:32 p. m.,Ordeño,04:29,8.72,3,,,,,0,,1.56,1.62,1.50,1.74,0,0,0,0,4.87,4.95,5.24,4.83,VMS 3,,Tanque,,2.04,2.16,2.10,2.22,1.93,2.17,1.57,3.05
03/09/2023 11:50 p. m.,Ordeño,06:16,8.10,4,,,,,0,,1.62,1.62,1.68,1.74,0,0,0,0,4.76,4.78,5.12,4.71,VMS 3,,Tanque,,1.98,2.10,2.22,2.28,1.81,1.96,1.88,2.45
04/09/2023 07:54 a. m.,Ordeño,04:10,9.58,1,,,,,0,,1.50,1.56,1.62,1.80,0,0,0,0,4.90,4.84,5.24,4.71,VMS 3,,Tanque,,1.98,2.10,2.16,2.28,2.01,2.31,2.12,3.14
04/09/2023 01:12 p. m.,Ordeño,03:56,6.09,2,,,,,0,,1.26,1.32,1.44,1.32,0,0,0,0,4.69,4.77,5.19,4.64,VMS 3,,Tanque,,1.92,1.92,2.04,1.98,1.24,1.42,1.55,1.88
04/09/2023 10:49 p. m.,Ordeño,04:45,11.86,3,,,,,0,,1.62,1.50,1.74,1.80,0,0,0,0,4.93,4.90,5.14,4.66,VMS 3,,Tanque,,2.16,1.98,2.16,2.22,2.45,2.65,3.00,3.76
05/09/2023 10:35 a. m.,Ordeño,04:39,15.10,1,,,,,0,,1.62,1.86,1.86,1.98,0,0,0,0,4.94,4.99,5.13,4.50,VMS 3,,Tanque,,2.10,2.52,2.46,2.76,3.09,3.37,4.11,4.53
05/09/2023 06:14 p. m.,Ordeño,04:05,9.17,2,,,,,0,,1.50,1.56,1.74,1.80,0,0,0,0,4.59,4.65,4.87,4.52,VMS 3,,Tanque,,2.04,2.28,2.16,2.52,1.80,2.00,2.66,2.71
06/09/2023 02:34 a. m.,Ordeño,04:55,9.61,1,,,,,0,,1.56,1.56,1.68,1.86,0,0,0,0,4.59,4.50,4.68,4.11,VMS 3,,Tanque,,2.10,2.04,2.10,2.40,1.96,2.13,2.77,2.75
06/09/2023 11:36 a. m.,Ordeño,04:12,10.78,2,,,,,0,,1.56,1.56,1.74,1.98,0,0,0,0,4.59,4.71,4.89,4.17,VMS 3,,Tanque,,2.16,2.10,2.22,2.58,1.98,2.20,3.18,3.42
06/09/2023 04:54 p. m.,Ordeño,05:16,6.49,3,,,,,0,,1.44,1.44,1.62,1.56,0,0,0,0,4.50,4.57,4.70,4.46,VMS 3,,Tanque,,1.98,1.92,2.10,2.22,1.35,1.44,1.86,1.84
07/09/2023 12:54 a. m.,Ordeño,04:26,9.39,1,,,,,0,,1.44,1.56,1.80,1.74,0,0,0,0,4.68,4.79,4.77,4.46,VMS 3,,Tanque,,1.92,2.10,2.28,2.28,1.84,2.01,2.81,2.73
07/09/2023 07:20 a. m.,Ordeño,04:47,7.07,2,,,,,0,,1.32,1.50,1.62,1.26,0,0,0,0,4.41,4.58,4.52,4.24,VMS 3,,Tanque,,1.86,2.10,2.16,1.92,1.36,1.55,2.11,2.05
07/09/2023 12:57 p. m.,Ordeño,03:51,5.27,3,,,,,0,,1.20,1.20,1.62,1.44,0,0,0,0,4.40,4.52,4.52,4.46,VMS 3,,Tanque,,1.74,1.80,2.16,2.16,1.01,1.07,1.61,1.58
08/09/2023 01:54 a. m.,Ordeño,05:36,14.35,1,,,,,0,,1.68,1.68,1.86,1.92,0,0,0,0,4.78,4.83,4.75,4.26,VMS 3,,Tanque,,2.22,2.16,2.40,2.46,2.59,2.88,4.46,4.42
08/09/2023 07:38 a. m.,Ordeño,05:07,5.26,2,,,,,0,,1.14,1.32,1.50,1.50,0,0,0,0,4.25,4.49,4.35,4.26,VMS 3,,Tanque,,1.74,2.10,1.98,2.10,0.95,1.13,1.50,1.68
15/11/2023 08:36 a. m.,Ordeño,12:03,10.58,1,,,,,0,Todos,1.56,1.44,1.92,1.14,7575,1302,1074,1069,4.39,4.11,4.85,3.81,VMS 3,,Divert 3,,2.52,2.88,2.40,2.28,2.60,2.89,3.24,1.85
16/11/2023 05:39 p. m.,Ordeño,18:49,5.08,3,,,TD,"TI,TD",0,"DI,DD",1.92,1.68,0.00,0.00,4007,938,0,0,5.54,5.23,0.00,0.00,VMS 3,,Divert 3,,2.52,2.40,0.00,0.00,2.25,2.83,0.00,0.00
16/11/2023 10:18 p. m.,Ordeño,11:04,4.48,4,,,TD,"TI,TD",0,"DI,DD",1.74,1.80,0.00,0.00,6908,1109,0,0,4.91,5.09,0.00,0.00,VMS 3,,Divert 3,,2.28,2.64,0.00,0.00,2.34,2.14,0.00,0.00
17/11/2023 04:53 a. m.,Ordeño,10:56,4.57,1,,,TD,"TI,TD",0,"DI,DD",1.80,1.80,0.00,0.00,3908,923,0,0,5.05,4.94,0.00,0.00,VMS 3,,Divert 3,,2.28,2.22,0.00,0.00,2.55,2.02,0.00,0.00
17/11/2023 11:23 a. m.,Ordeño,13:56,12.05,2,,,,TI,0,DI,1.92,1.74,0.00,1.80,3001,516,0,447,5.12,5.22,0.00,5.65,VMS 3,,Divert 3,,2.70,2.46,0.00,2.28,2.84,2.58,0.00,6.63
18/11/2023 01:12 p. m.,Ordeño,10:59,8.81,3,,,,TI,0,DI,1.92,1.92,0.00,1.68,797,0,0,0,4.95,5.10,0.00,5.21,VMS 3,,Divert 3,,2.64,2.64,0.00,2.34,3.12,2.71,0.00,2.98
18/11/2023 07:05 p. m.,Ordeño,11:36,8.83,4,,TD,,TI,0,,1.86,1.98,0.00,1.92,486,0,0,0,5.09,5.09,0.00,5.30,VMS 3,,Divert 3,,2.46,2.64,0.00,2.46,3.27,2.64,0.00,2.92
19/11/2023 02:01 a. m.,Ordeño,09:16,11.41,1,,,TI,TI,0,,2.10,1.92,0.00,1.92,0,0,0,0,4.98,4.87,0.00,5.21,VMS 3,,Divert 3,,2.82,2.82,0.00,2.58,3.73,3.54,0.00,4.14
19/11/2023 07:03 a. m.,Ordeño,07:47,8.62,2,,,TI,TI,0,,1.92,2.16,0.00,1.98,0,0,0,0,5.17,5.22,0.00,5.41,VMS 3,,Divert 3,,2.58,3.00,0.00,2.64,3.01,2.78,0.00,2.83
19/11/2023 06:03 p. m.,Ordeño,14:31,11.69,4,,,TI,TI,0,,2.04,2.04,0.00,1.92,0,0,0,0,5.37,5.08,0.00,5.20,VMS 3,,Divert 3,,3.36,2.70,0.00,2.46,3.76,3.40,0.00,4.53
19/11/2023 10:09 p. m.,Ordeño,10:53,7.69,5,,,TI,TI,0,,1.98,1.98,0.00,1.86,0,0,0,0,5.36,5.02,0.00,5.34,VMS 3,,Divert 3,,3.06,2.76,0.00,2.28,2.45,2.71,0.00,2.53
20/11/2023 02:42 a. m.,Ordeño,12:18,5.28,1,,,"DI,TI","DI,TI",0,,0.00,1.86,0.00,1.80,0,0,0,0,0.00,5.01,0.00,5.34,VMS 3,,Divert 3,,0.00,2.64,0.00,2.28,0.00,2.39,0.00,2.89
20/11/2023 08:08 a. m.,Ordeño,10:10,18.09,2,,,,,0,,2.10,1.80,2.34,1.86,0,0,0,0,5.10,4.87,5.59,5.28,VMS 3,,Divert 3,,2.88,2.52,3.24,2.40,4.41,2.89,7.25,3.54
20/11/2023 03:04 p. m.,Ordeño,13:54,7.26,3,,,"DI,TI","DI,TI",0,,0.00,2.10,0.00,1.86,0,0,0,0,0.00,5.06,0.00,5.29,VMS 3,,Divert 3,,0.00,3.18,0.00,2.46,0.00,3.27,0.00,3.99
20/11/2023 09:20 p. m.,Ordeño,14:18,12.65,4,,,TI,TI,0,,2.10,1.92,0.00,1.86,423,0,0,0,4.95,4.93,0.00,5.29,VMS 3,,Divert 3,,2.94,2.52,0.00,2.40,5.19,3.34,0.00,4.12
21/11/2023 04:58 a. m.,Ordeño,13:21,13.03,1,,,TI,TI,0,,1.98,2.22,0.00,1.92,0,0,0,0,4.74,4.92,0.00,5.09,VMS 3,,Tanque,,2.88,3.00,0.00,2.40,4.34,4.26,0.00,4.43
21/11/2023 10:00 a. m.,Ordeño,14:33,9.66,2,,,TI,TI,0,,1.80,2.04,0.00,1.74,0,0,0,0,4.99,4.87,0.00,5.03,VMS 3,,Tanque,,2.46,2.76,0.00,2.28,3.02,3.23,0.00,3.41
21/11/2023 06:47 p. m.,Ordeño,08:21,23.66,3,,,,,0,,2.10,1.86,2.10,1.86,0,0,0,0,5.14,4.94,5.29,5.06,VMS 3,,Tanque,,2.64,2.46,2.58,2.40,4.82,4.70,8.01,6.13
22/11/2023 06:13 a. m.,Ordeño,16:23,5.78,1,,,"DI,TI,TD","DI,TI,TD",0,,0.00,2.16,0.00,0.00,0,0,0,0,0.00,5.09,0.00,0.00,VMS 3,,Tanque,,0.00,3.00,0.00,0.00,0.00,5.78,0.00,0.00
23/11/2023 06:36 a. m.,Ordeño,13:27,10.23,1,,,"DI,TI","DI,TI",0,,0.00,1.92,0.00,1.98,0,0,0,0,0.00,4.86,0.00,5.16,VMS 3,,Tanque,,0.00,2.58,0.00,2.46,0.00,4.85,0.00,5.38
23/11/2023 03:48 p. m.,Ordeño,12:51,10.97,2,,"DI,TD",TI,TI,0,,2.04,1.74,0.00,1.86,0,0,0,0,4.66,4.44,0.00,4.50,VMS 2,,Tanque,,2.58,2.40,0.00,2.34,3.54,4.78,0.00,2.65
23/11/2023 11:56 p. m.,Ordeño,15:54,15.65,1,,DI,TD,TD,0,TI,2.04,1.74,1.74,0.00,0,0,0,0,4.47,4.36,5.38,0.00,VMS 2,,Tanque,,2.76,2.34,2.22,0.00,4.58,4.52,6.55,0.00
24/11/2023 07:13 p. m.,Ordeño,12:26,11.77,3,,"DI,TD","DI,TI",TI,0,,1.56,1.68,0.00,1.80,0,0,0,0,4.41,4.31,0.00,4.63,VMS 2,,Tanque,,2.22,2.22,0.00,2.88,1.79,5.97,0.00,4.01
25/11/2023 04:28 p. m.,Ordeño,13:58,9.29,1,,DI,"DI,TI,TD","TI,TD",0,,1.62,1.86,0.00,0.00,0,0,0,0,4.59,4.73,0.00,0.00,VMS 2,,Tanque,,2.34,2.34,0.00,0.00,2.53,6.76,0.00,0.00
25/11/2023 11:05 p. m.,Ordeño,14:00,11.35,2,,"DI,TD",TI,TI,0,TD,1.62,1.50,0.00,1.68,0,0,0,0,4.02,4.12,0.00,4.70,VMS 2,,Tanque,,2.16,2.04,0.00,2.40,1.95,4.17,0.00,5.23
27/11/2023 07:03 a. m.,Ordeño,11:12,5.83,1,,"DI,TD","DI,TI",TI,0,,0.78,2.04,0.00,2.16,0,0,0,0,4.89,4.57,0.00,4.33,VMS 2,,Tanque,,1.50,2.58,0.00,2.70,0.27,3.64,0.00,1.92
27/11/2023 11:03 p. m.,Ordeño,08:59,10.42,3,,DI,"DI,TI",TI,0,TD,1.14,1.86,0.00,1.56,0,0,0,0,4.40,4.93,0.00,5.88,VMS 2,,Tanque,,2.04,2.40,0.00,1.98,0.86,5.51,0.00,4.05
28/11/2023 05:39 p. m.,Ordeño,07:30,7.28,2,,,"DI,TI","DI,TI",0,,0.00,1.80,0.00,1.62,0,0,0,0,0.00,5.01,0.00,5.48,VMS 2,,Tanque,,0.00,2.34,0.00,1.92,0.00,3.61,0.00,3.67
28/11/2023 11:53 p. m.,Ordeño,17:40,12.60,1,,,,,0,,2.04,1.50,1.56,1.56,0,0,0,0,5.28,5.10,5.51,5.42,VMS 2,,Tanque,,2.64,2.04,1.98,1.92,5.18,2.43,3.15,1.84
29/11/2023 08:19 a. m.,Ordeño,06:43,20.72,2,,,,,0,,1.98,2.10,1.68,1.86,0,0,0,0,5.24,5.39,5.25,5.56,VMS 2,,Tanque,,2.52,2.88,2.04,2.34,4.91,6.09,4.22,5.50
29/11/2023 03:33 p. m.,Ordeño,07:04,11.38,3,,,TI,TI,0,,1.98,1.92,0.00,1.68,0,0,0,0,5.01,5.01,0.00,4.98,VMS 2,,Tanque,,2.70,2.52,0.00,2.22,3.52,4.06,0.00,3.80
29/11/2023 11:00 p. m.,Ordeño,05:31,17.57,4,,,,,0,,2.04,1.80,1.86,1.74,0,0,0,0,5.13,5.22,5.52,5.17,VMS 2,,Tanque,,2.70,2.52,2.40,2.40,3.96,4.30,5.12,4.19
30/11/2023 08:27 a. m.,Ordeño,06:52,17.96,1,,,,,0,,2.04,1.98,1.68,1.92,0,0,0,0,4.95,5.16,5.03,5.02,VMS 2,,Tanque,,2.58,2.64,2.22,2.46,4.68,5.06,3.30,4.92
30/11/2023 03:45 p. m.,Ordeño,05:56,15.02,2,,,,,0,,1.98,1.92,1.62,1.80,0,0,0,0,4.91,4.88,4.91,4.73,VMS 2,,Tanque,,2.70,2.46,2.10,2.40,4.00,4.24,2.60,4.18
01/12/2023 12:33 a. m.,Ordeño,07:05,5.18,1,,,"DI,DD,TI","DI,DD,TI",0,,0.00,0.00,0.00,1.68,0,0,0,0,0.00,0.00,0.00,4.87,VMS 2,,Tanque,,0.00,0.00,0.00,2.10,0.00,0.00,0.00,5.18
01/12/2023 08:52 a. m.,Ordeño,07:31,24.75,2,,,,,0,,2.16,2.04,1.74,1.80,0,0,0,0,5.08,5.47,5.57,4.85,VMS 2,,Tanque,,2.88,2.52,2.34,2.28,7.26,6.53,6.00,4.96
01/12/2023 04:37 p. m.,Ordeño,06:16,15.80,3,,,,,0,,2.16,1.56,1.50,1.74,0,0,0,0,4.74,4.75,4.91,4.77,VMS 2,,Tanque,,2.70,2.04,1.80,2.22,4.35,4.21,2.76,4.48
02/12/2023 02:40 a. m.,Ordeño,06:22,19.58,1,,,,,0,,2.10,1.80,1.68,1.98,0,0,0,0,5.00,5.07,5.11,5.00,VMS 2,,Tanque,,2.70,2.34,2.34,2.46,5.29,4.94,3.75,5.60
02/12/2023 12:01 p. m.,Ordeño,10:00,15.68,2,,,TI,TI,0,,2.04,1.68,0.00,1.80,0,0,0,0,5.06,5.05,0.00,4.87,VMS 2,,Tanque,,2.88,2.16,0.00,2.22,4.80,5.13,0.00,5.75
02/12/2023 04:28 p. m.,Ordeño,05:28,13.66,3,,,,,0,TI,1.86,1.62,1.74,1.62,0,0,0,0,4.66,4.85,5.52,4.80,VMS 2,,Tanque,,2.40,2.22,2.10,2.22,3.01,2.69,5.15,2.81
02/12/2023 11:22 p. m.,Ordeño,12:44,10.33,4,,,TI,TI,0,,1.98,1.62,0.00,1.74,0,0,0,0,5.15,5.09,0.00,4.81,VMS 2,,Tanque,,2.58,2.04,0.00,2.40,3.22,3.22,0.00,3.89
03/12/2023 07:13 a. m.,Ordeño,11:47,13.77,1,,,TD,TD,0,,2.10,1.74,1.80,0.00,0,0,0,0,4.87,5.05,5.40,0.00,VMS 2,,Tanque,,2.82,2.28,2.22,0.00,4.81,3.99,4.97,0.00
03/12/2023 12:32 p. m.,Ordeño,06:30,15.52,2,,,,,0,,1.98,1.98,1.56,2.04,0,0,0,0,4.73,4.70,4.78,4.76,VMS 2,,Tanque,,2.52,2.58,1.92,2.76,3.31,3.50,2.03,6.68
03/12/2023 05:59 p. m.,Ordeño,10:25,5.08,3,,,"TI,TD","TI,TD",0,,1.86,1.56,0.00,0.00,0,0,0,0,4.74,4.59,0.00,0.00,VMS 2,,Tanque,,2.58,2.10,0.00,0.00,2.30,2.78,0.00,0.00
03/12/2023 10:46 p. m.,Ordeño,06:37,16.99,4,,,,,0,,1.98,1.80,1.62,1.80,0,0,0,0,5.02,5.06,5.21,5.01,VMS 2,,Tanque,,2.58,2.28,2.10,2.40,3.75,3.17,3.90,6.17
04/12/2023 09:01 a. m.,Ordeño,13:49,4.89,1,,,"DD,TI,TD","DD,TI,TD",0,,2.04,0.00,0.00,0.00,0,0,0,0,5.11,0.00,0.00,0.00,VMS 2,,Tanque,,3.12,0.00,0.00,0.00,4.89,0.00,0.00,0.00
04/12/2023 12:41 p. m.,Ordeño,06:07,21.05,2,,,,,0,,1.92,1.92,1.62,1.86,0,0,0,0,4.55,5.11,5.21,4.97,VMS 2,,Tanque,,2.58,2.82,2.10,2.34,2.74,6.31,4.67,7.33
04/12/2023 07:34 p. m.,Ordeño,08:23,14.49,3,,,,,0,,1.86,1.68,1.38,1.62,0,0,0,0,4.71,4.65,4.72,4.61,VMS 2,,Tanque,,2.40,2.46,1.80,2.46,3.97,4.10,2.30,4.12
05/12/2023 02:47 a. m.,Ordeño,07:18,8.37,1,,DI,"TI,TD","TI,TD",0,,1.92,1.74,0.00,0.00,0,0,0,0,5.10,5.04,0.00,0.00,VMS 2,,Tanque,,2.64,2.28,0.00,0.00,4.07,4.30,0.00,0.00
05/12/2023 08:40 a. m.,Ordeño,07:34,20.88,2,,,,,0,,1.92,1.62,1.68,1.80,0,0,0,0,4.98,4.91,5.11,5.16,VMS 2,,Tanque,,2.52,2.22,2.16,2.22,4.02,3.49,5.52,7.85
05/12/2023 03:28 p. m.,Ordeño,07:57,14.97,3,,,,,0,,2.04,1.80,1.56,1.80,0,0,0,0,4.90,4.89,4.79,4.51,VMS 2,,Tanque,,2.76,2.34,1.98,2.46,4.23,4.01,2.64,4.09
06/12/2023 12:39 a. m.,Ordeño,06:47,19.33,1,,,,,0,,1.86,1.86,1.50,1.80,0,0,0,0,5.18,5.15,4.91,4.80,VMS 2,,Tanque,,2.40,2.40,2.04,2.34,5.31,4.95,3.19,5.88
06/12/2023 05:31 a. m.,Ordeño,05:34,11.86,2,,,,,0,,1.74,1.68,1.26,1.62,0,0,0,0,4.64,4.68,4.80,4.64,VMS 2,,Tanque,,2.34,2.22,1.74,2.04,3.31,3.14,2.13,3.28
06/12/2023 01:53 p. m.,Ordeño,08:54,14.15,3,,,TI,TI,0,,1.62,1.86,0.00,1.74,0,0,0,0,4.79,5.02,0.00,4.89,VMS 2,,Tanque,,2.16,2.64,0.00,2.22,4.82,4.35,0.00,4.98
06/12/2023 06:38 p. m.,Ordeño,07:11,9.19,4,,DI,TI,TI,0,,1.56,1.68,0.00,1.74,0,0,0,0,4.78,4.94,0.00,4.77,VMS 2,,Tanque,,2.10,2.22,0.00,2.40,3.16,2.83,0.00,3.20
07/12/2023 12:18 a. m.,Ordeño,11:30,9.76,1,,,TI,TI,0,,1.56,1.68,0.00,1.68,0,0,0,0,4.65,5.15,0.00,5.03,VMS 2,,Tanque,,2.52,2.16,0.00,2.16,3.59,2.66,0.00,3.51
07/12/2023 09:29 a. m.,Ordeño,08:46,23.70,2,,,,,0,,1.86,1.98,1.68,1.92,0,0,0,0,5.07,5.17,5.60,4.81,VMS 2,,Tanque,,2.40,2.52,2.22,2.64,5.85,5.86,6.85,5.14
07/12/2023 04:40 p. m.,Ordeño,09:33,16.75,3,,TI,,,0,,2.04,1.74,1.32,1.68,0,0,0,0,4.67,4.76,4.67,4.73,VMS 2,,Tanque,,4.02,2.34,1.98,2.16,5.07,4.37,2.03,5.28
07/12/2023 11:27 p. m.,Ordeño,06:00,15.61,4,,,,,0,,1.80,1.80,1.44,1.86,0,0,0,0,4.96,5.04,4.99,4.85,VMS 2,,Tanque,,2.22,2.34,1.92,2.34,4.25,4.24,2.76,4.36
08/12/2023 07:29 a. m.,Ordeño,06:29,18.26,1,,,,,0,,1.80,1.80,1.56,1.92,0,0,0,0,4.82,4.88,4.92,4.61,VMS 2,,Tanque,,2.40,2.28,1.92,2.40,4.72,4.73,3.22,5.59
08/12/2023 01:35 p. m.,Ordeño,06:24,14.13,2,,,,,0,,1.98,1.68,1.50,1.92,0,0,0,0,4.69,4.69,4.93,4.51,VMS 2,,Tanque,,2.46,2.16,1.80,2.52,3.86,3.78,2.29,4.20
08/12/2023 06:20 p. m.,Ordeño,07:21,8.72,3,,,TI,TI,0,,1.80,1.62,0.00,1.68,0,0,0,0,4.59,4.63,0.00,4.60,VMS 2,,Tanque,,2.28,2.10,0.00,2.10,2.86,2.74,0.00,3.12
09/12/2023 01:28 a. m.,Ordeño,05:58,16.50,1,,,,,0,,1.74,1.74,1.62,1.80,0,0,0,0,4.95,4.97,5.19,4.80,VMS 2,,Tanque,,2.34,2.28,1.92,2.40,4.00,3.86,4.30,4.34
09/12/2023 08:53 a. m.,Ordeño,07:02,16.63,2,,,,,0,,1.92,1.74,1.62,1.86,0,0,0,0,5.02,4.89,4.92,4.87,VMS 2,,Tanque,,2.52,2.10,2.10,2.58,4.17,4.45,2.96,5.05
09/12/2023 04:37 p. m.,Ordeño,06:42,17.14,3,,,,,0,,1.98,1.68,1.56,1.86,0,0,0,0,4.75,4.82,4.88,4.78,VMS 2,,Tanque,,2.58,2.16,2.04,2.40,4.65,4.49,2.89,5.11
10/12/2023 12:47 a. m.,Ordeño,07:32,16.72,1,,,,,0,,1.86,1.80,1.56,1.80,0,0,0,0,4.77,4.87,4.86,4.73,VMS 2,,Tanque,,2.46,2.40,1.98,2.34,4.68,4.41,2.94,4.69
10/12/2023 08:26 a. m.,Ordeño,09:58,13.72,2,,,TI,TI,0,,1.98,1.62,0.00,1.86,0,0,0,0,4.49,4.88,0.00,4.73,VMS 2,,Tanque,,2.58,2.16,0.00,2.34,4.86,3.89,0.00,4.97
10/12/2023 05:02 p. m.,Ordeño,07:26,16.13,3,,,TD,TD,0,,2.10,1.74,1.86,0.00,0,0,0,0,4.77,4.60,5.20,0.00,VMS 2,,Tanque,,2.88,2.22,2.52,0.00,5.20,5.21,5.72,0.00
10/12/2023 09:58 p. m.,Ordeño,09:40,14.19,4,,,,,0,,1.80,1.68,1.44,1.62,0,0,0,0,4.63,4.55,4.66,5.12,VMS 2,,Tanque,,2.34,2.40,1.98,2.10,2.97,2.53,2.03,6.66
11/12/2023 06:54 a. m.,Ordeño,05:57,19.44,1,,,,,0,,1.92,1.86,1.62,1.86,0,0,0,0,5.09,4.87,4.99,4.61,VMS 2,,Tanque,,2.46,2.58,1.98,2.40,4.93,5.18,3.48,5.85
11/12/2023 01:38 p. m.,Ordeño,05:46,14.68,2,,,,,0,,2.04,1.74,1.56,1.98,0,0,0,0,4.74,4.60,4.78,4.24,VMS 2,,Tanque,,2.58,2.34,1.98,2.64,3.99,3.84,2.68,4.17
11/12/2023 08:46 p. m.,Ordeño,06:09,14.24,3,,,,,0,,1.92,1.80,1.38,1.92,0,0,0,0,4.61,4.62,4.71,4.36,VMS 2,,Tanque,,2.70,2.34,1.92,2.52,3.85,3.56,2.64,4.19
12/12/2023 01:14 a. m.,Ordeño,05:13,9.00,1,,,,,0,,1.86,1.38,0.66,1.14,0,0,0,0,4.95,4.68,4.69,4.57,VMS 2,,Tanque,,2.52,2.10,1.14,2.04,2.68,2.50,1.39,2.43
12/12/2023 06:45 a. m.,Ordeño,05:26,12.00,2,,,,,0,,2.04,1.68,1.44,1.68,0,0,0,0,4.82,4.68,4.76,4.70,VMS 2,,Tanque,,2.64,2.22,1.86,2.22,3.14,3.02,2.30,3.54
12/12/2023 01:07 p. m.,Ordeño,05:56,13.17,3,,,,,0,,1.86,1.74,1.44,1.98,0,0,0,0,4.97,5.01,4.97,4.61,VMS 2,,Tanque,,2.52,2.28,1.86,2.46,3.62,3.35,2.31,3.89
12/12/2023 05:52 p. m.,Ordeño,06:03,10.11,4,,,,,0,,1.74,1.56,1.44,1.80,0,0,0,0,4.56,4.59,4.65,4.42,VMS 2,,Tanque,,2.22,2.04,1.98,2.34,2.74,2.54,1.87,2.96
13/12/2023 01:19 a. m.,Ordeño,07:45,12.33,1,,,TI,TI,0,,1.68,1.74,0.00,1.80,0,0,0,0,4.98,4.89,0.00,4.74,VMS 2,,Tanque,,2.16,2.16,0.00,2.52,3.89,3.87,0.00,4.57
13/12/2023 07:32 a. m.,Ordeño,05:44,16.44,2,,,,,0,TI,1.80,1.74,1.62,1.74,0,0,0,0,4.70,4.60,5.18,4.36,VMS 2,,Tanque,,2.22,2.46,1.98,2.46,3.83,3.62,5.00,3.99
13/12/2023 02:55 p. m.,Ordeño,06:40,15.61,3,,,,,0,,1.86,1.74,1.50,1.98,0,0,0,0,4.70,4.60,4.70,4.36,VMS 2,,Tanque,,2.52,2.34,1.86,2.46,4.00,3.86,2.91,4.84
13/12/2023 07:29 p. m.,Ordeño,06:20,8.68,4,,,,,0,,1.62,1.62,1.14,1.56,0,0,0,0,4.56,4.63,4.48,4.48,VMS 2,,Tanque,,2.10,2.16,1.56,2.16,2.57,2.40,1.42,2.29
14/12/2023 12:32 a. m.,Ordeño,05:55,12.20,1,,,,,0,,1.86,1.80,1.38,1.92,0,0,0,0,4.76,4.89,4.81,4.50,VMS 2,,Tanque,,2.58,2.52,1.74,2.40,3.23,3.14,2.19,3.64
14/12/2023 08:04 a. m.,Ordeño,05:13,15.34,2,,,,,0,,1.92,1.86,1.44,1.92,0,0,0,0,4.91,4.80,4.76,4.56,VMS 2,,Tanque,,2.58,2.46,1.86,2.46,4.06,4.02,2.75,4.51
14/12/2023 12:46 p. m.,Ordeño,05:45,9.48,3,,,,,0,,1.74,1.74,1.38,1.62,0,0,0,0,4.64,4.61,4.64,4.34,VMS 2,,Tanque,,2.22,2.40,1.74,2.52,2.69,2.45,1.63,2.71
14/12/2023 07:38 p. m.,Ordeño,05:02,14.81,4,,,,,0,,1.86,1.68,1.44,1.98,0,0,0,0,4.89,4.81,4.85,4.48,VMS 2,,Tanque,,2.58,2.28,1.74,2.58,3.92,3.69,2.68,4.52
15/12/2023 01:03 a. m.,Ordeño,05:55,11.72,1,,,,,0,,1.80,1.80,1.38,1.80,0,0,0,0,5.09,5.01,4.91,4.76,VMS 2,,Tanque,,2.22,2.46,1.80,2.22,3.19,2.99,2.11,3.43
15/12/2023 07:31 a. m.,Ordeño,05:31,13.67,2,,,,,0,,2.10,1.80,1.50,1.98,0,0,0,0,4.91,4.72,4.77,4.48,VMS 2,,Tanque,,2.70,2.40,1.98,2.64,3.47,3.62,2.20,4.38
15/12/2023 03:02 p. m.,Ordeño,04:59,15.66,3,,,,,0,,1.92,1.86,1.50,2.04,0,0,0,0,4.68,4.74,4.65,4.49,VMS 2,,Tanque,,2.70,2.58,1.92,2.64,4.30,4.13,2.83,4.40
15/12/2023 11:06 p. m.,Ordeño,08:55,14.83,4,,,,,0,,1.92,1.86,1.38,1.92,0,0,0,0,4.56,4.60,4.63,4.17,VMS 2,,Tanque,,2.52,2.40,1.80,2.40,3.66,3.62,2.80,4.75
16/12/2023 03:12 a. m.,Ordeño,05:20,7.53,1,,,,,0,,1.50,1.32,0.66,0.96,0,0,0,0,4.76,4.73,4.63,4.50,VMS 2,,Tanque,,2.28,2.22,1.14,1.62,1.98,2.00,1.15,2.40
16/12/2023 07:47 a. m.,Ordeño,07:43,10.33,2,,,,,0,,1.74,1.68,1.32,1.74,0,0,0,0,4.83,4.79,4.77,4.64,VMS 2,,Tanque,,2.22,2.28,1.74,2.28,2.71,2.53,1.88,3.21
16/12/2023 01:39 p. m.,Ordeño,05:30,12.94,3,,,,,0,,1.80,1.80,1.38,1.80,0,0,0,0,4.77,4.59,4.70,4.30,VMS 2,,Tanque,,2.28,2.34,1.98,2.22,3.56,3.30,2.39,3.69
16/12/2023 07:59 p. m.,Ordeño,05:42,12.60,4,,,,,0,,1.80,1.62,1.44,1.92,0,0,0,0,4.98,4.93,4.81,4.64,VMS 2,,Tanque,,2.46,2.10,1.80,2.64,3.27,3.12,2.41,3.80
17/12/2023 01:59 a. m.,Ordeño,04:38,12.47,1,,,,,0,,1.86,1.62,1.50,1.80,0,0,0,0,5.04,5.01,4.87,4.64,VMS 2,,Tanque,,2.46,2.10,2.04,2.40,3.45,3.36,2.10,3.56
17/12/2023 07:58 a. m.,Ordeño,07:57,10.39,2,,,TI,TI,0,,1.74,1.80,0.00,1.86,0,0,0,0,4.78,4.80,0.00,4.56,VMS 2,,Tanque,,2.28,2.28,0.00,2.52,3.09,3.47,0.00,3.83
17/12/2023 12:16 p. m.,Ordeño,05:42,10.30,3,,,,,0,,1.62,1.08,1.50,0.96,0,0,0,0,4.58,4.61,5.09,4.42,VMS 2,,Tanque,,2.10,1.56,1.98,1.80,2.31,1.91,3.45,2.63
17/12/2023 05:40 p. m.,Ordeño,06:09,9.35,4,,,TI,TI,0,,1.98,1.56,0.00,1.86,0,0,0,0,4.59,4.62,0.00,4.35,VMS 2,,Tanque,,2.58,2.04,0.00,2.34,3.17,2.91,0.00,3.27
18/12/2023 01:52 a. m.,Ordeño,05:30,18.27,1,,,,,0,,1.86,1.68,1.62,1.80,0,0,0,0,4.66,4.70,4.86,4.34,VMS 2,,Tanque,,2.52,2.28,2.04,2.34,4.29,4.22,4.81,4.95
18/12/2023 08:04 a. m.,Ordeño,06:06,10.61,2,,,DD,DD,0,,2.04,0.00,1.56,1.74,0,0,0,0,4.51,0.00,4.33,4.15,VMS 2,,Tanque,,2.58,0.00,2.10,2.52,3.74,0.00,2.59,4.28
18/12/2023 01:37 p. m.,Ordeño,06:48,13.14,3,,,,,0,,1.92,1.62,1.44,1.68,0,0,0,0,4.67,4.86,4.48,4.35,VMS 2,,Tanque,,2.52,2.16,1.80,2.64,3.19,4.84,1.84,3.27
18/12/2023 10:56 p. m.,Ordeño,06:54,18.35,4,,,,,0,,1.80,1.74,1.56,1.92,0,0,0,0,5.01,4.87,4.87,4.61,VMS 2,,Tanque,,2.52,2.34,1.92,2.40,4.72,4.74,3.43,5.46
19/12/2023 07:59 a. m.,Ordeño,06:26,20.10,1,,,,,0,,1.92,1.74,1.50,2.10,0,0,0,0,5.13,5.04,4.94,4.59,VMS 2,,Tanque,,2.40,2.22,1.98,2.76,5.54,4.72,3.78,6.06
19/12/2023 12:49 p. m.,Ordeño,05:42,11.48,2,,,,,0,,1.98,1.56,1.50,1.98,0,0,0,0,4.79,4.69,4.82,4.39,VMS 2,,Tanque,,2.52,1.98,1.98,2.52,3.40,2.95,2.04,3.09
19/12/2023 07:44 p. m.,Ordeño,07:29,14.55,3,,,,,0,,1.86,1.62,1.56,1.92,0,0,0,0,5.12,5.03,4.90,4.72,VMS 2,,Tanque,,2.40,2.10,1.92,2.46,3.80,3.54,2.70,4.51
20/12/2023 01:41 a. m.,Ordeño,04:50,13.50,1,,,,,0,,2.10,1.62,1.50,1.92,0,0,0,0,5.12,5.16,4.95,4.61,VMS 2,,Tanque,,2.76,2.04,1.86,2.46,3.68,3.36,2.21,4.25
20/12/2023 10:58 a. m.,Ordeño,06:24,18.93,2,,,,,0,,1.92,1.86,1.56,2.10,0,0,0,0,4.79,4.86,4.76,4.34,VMS 2,,Tanque,,2.52,2.40,1.92,2.64,4.95,4.70,3.74,5.54
20/12/2023 05:21 p. m.,Ordeño,05:36,14.22,3,,,,,0,,1.86,1.74,1.38,1.74,0,0,0,0,4.99,4.98,4.92,4.87,VMS 2,,Tanque,,2.52,2.28,1.80,2.16,3.81,3.58,2.59,4.24
20/12/2023 10:57 p. m.,Ordeño,05:21,12.94,4,,,,,0,,1.92,1.74,1.50,1.62,0,0,0,0,4.83,4.95,4.85,4.67,VMS 2,,Tanque,,2.46,2.34,1.92,2.16,3.26,3.64,2.32,3.72
21/12/2023 04:55 a. m.,Ordeño,05:43,11.89,1,,TD,,,0,,1.74,1.74,1.38,1.62,0,0,0,0,4.98,5.08,5.60,4.84,VMS 2,,Tanque,,2.22,2.40,1.74,2.10,3.25,3.00,2.10,3.54
21/12/2023 10:04 a. m.,Ordeño,04:41,12.22,2,,,,,0,,1.86,1.86,1.50,1.92,0,0,0,0,4.97,5.10,4.75,4.61,VMS 2,,Tanque,,2.52,2.34,1.92,2.34,3.35,2.97,2.21,3.69
21/12/2023 05:57 p. m.,Ordeño,05:59,17.82,3,,,,,0,,1.86,1.86,1.62,1.98,0,0,0,0,5.05,5.06,4.86,4.39,VMS 2,,Tanque,,2.34,2.34,2.04,2.52,4.52,4.31,3.57,5.42
21/12/2023 11:03 p. m.,Ordeño,06:30,10.84,4,,DI,TI,TI,0,,2.10,1.74,0.00,1.86,0,0,0,0,4.99,4.96,0.00,4.75,VMS 2,,Tanque,,3.72,2.22,0.00,2.40,3.56,3.36,0.00,3.92
22/12/2023 04:09 a. m.,Ordeño,04:49,13.72,1,,,,,0,,1.74,1.74,1.62,1.62,0,0,0,0,5.10,5.15,5.06,4.72,VMS 2,,Tanque,,2.28,2.34,1.98,2.46,3.21,3.10,3.89,3.52
22/12/2023 12:53 p. m.,Ordeño,05:31,19.91,2,,,,,0,,2.16,1.92,1.68,2.10,0,0,0,0,4.98,4.81,4.74,4.37,VMS 2,,Tanque,,2.70,2.40,2.10,2.70,5.11,5.19,3.48,6.13
22/12/2023 05:57 p. m.,Ordeño,05:40,12.71,3,,,,,0,,1.92,1.74,1.56,1.98,0,0,0,0,4.65,4.61,4.68,4.22,VMS 2,,Tanque,,2.40,2.22,2.10,2.46,3.34,3.23,2.16,3.98
23/12/2023 01:48 a. m.,Ordeño,06:05,17.79,1,,,,,0,,2.16,1.74,1.62,1.98,0,0,0,0,5.04,5.07,4.90,4.62,VMS 2,,Tanque,,2.70,2.22,2.34,2.70,4.50,4.42,3.39,5.48
23/12/2023 09:10 a. m.,Ordeño,06:55,17.16,2,,,,,0,,2.10,1.74,1.68,2.04,0,0,0,0,4.98,4.74,4.70,4.40,VMS 2,,Tanque,,2.76,2.16,2.22,2.58,4.57,4.53,2.99,5.07
23/12/2023 03:36 p. m.,Ordeño,06:07,15.03,3,,,,,0,,1.92,1.68,1.68,1.80,0,0,0,0,4.79,4.73,4.69,4.62,VMS 2,,Tanque,,2.52,2.16,2.04,2.28,3.98,3.87,2.68,4.50
23/12/2023 10:46 p. m.,Ordeño,06:18,16.04,4,,,,,0,,2.04,1.62,1.68,1.86,0,0,0,0,5.05,4.95,4.90,4.67,VMS 2,,Tanque,,2.64,2.04,2.22,2.64,4.18,4.05,3.03,4.78
24/12/2023 04:23 a. m.,Ordeño,06:31,7.48,1,,,"DI,TI","DI,TI",0,,0.00,1.68,0.00,1.86,0,0,0,0,0.00,5.01,0.00,4.96,VMS 2,,Tanque,,0.00,2.28,0.00,2.40,0.00,3.41,0.00,4.07
24/12/2023 09:15 a. m.,Ordeño,10:10,2.61,2,,,"DI,DD,TI","DI,DD,TI",0,,0.00,0.00,0.00,1.62,0,0,0,0,0.00,0.00,0.00,5.02,VMS 2,,Tanque,,0.00,0.00,0.00,2.04,0.00,0.00,0.00,2.61
24/12/2023 02:56 p. m.,Ordeño,07:06,22.76,3,,,,,0,,2.22,1.74,1.86,2.10,0,0,0,0,5.23,4.89,5.30,4.42,VMS 2,,Tanque,,2.70,2.22,2.28,2.70,6.35,5.41,5.67,5.33
24/12/2023 09:21 p. m.,Ordeño,07:17,9.99,4,,DI,"DI,TI",TI,0,,1.92,1.50,0.00,1.86,0,0,0,0,4.62,4.46,0.00,4.64,VMS 2,,Tanque,,2.94,1.92,0.00,2.34,1.26,4.18,0.00,4.55
25/12/2023 03:43 a. m.,Ordeño,06:18,19.34,1,,,,,0,,2.16,1.50,1.80,1.92,0,0,0,0,4.95,4.76,5.05,4.54,VMS 2,,Tanque,,2.64,2.04,2.28,2.58,5.48,4.06,5.11,4.69
25/12/2023 09:24 a. m.,Ordeño,07:51,12.47,2,,DI,,,0,,1.98,1.56,1.50,2.04,0,0,0,0,4.70,4.70,4.69,4.40,VMS 2,,Tanque,,2.70,2.10,2.10,2.58,3.07,3.42,2.11,3.87
25/12/2023 02:52 p. m.,Ordeño,06:48,12.91,3,,,,,0,,1.98,1.44,1.38,1.68,0,0,0,0,4.77,4.49,4.89,4.48,VMS 2,,Tanque,,2.82,2.04,1.80,2.16,3.24,3.37,2.36,3.94
25/12/2023 10:45 p. m.,Ordeño,08:26,13.90,4,,,TI,TI,0,,2.04,1.56,0.00,2.04,0,0,0,0,5.23,4.96,0.00,4.61,VMS 2,,Tanque,,2.58,1.98,0.00,2.52,3.92,4.62,0.00,5.36
26/12/2023 04:15 a. m.,Ordeño,04:58,16.29,1,,,,,0,,2.04,1.56,1.80,2.04,0,0,0,0,4.95,4.69,5.14,4.44,VMS 2,,Tanque,,2.58,2.28,2.22,2.70,3.55,3.56,4.93,4.25
26/12/2023 09:07 a. m.,Ordeño,05:37,11.49,2,,,,,0,,2.04,1.44,1.68,1.86,0,0,0,0,4.73,4.77,4.68,4.45,VMS 2,,Tanque,,2.52,2.04,2.22,2.40,3.00,2.97,2.00,3.52
26/12/2023 03:02 p. m.,Ordeño,06:24,11.40,3,,,TI,TI,0,,1.86,1.50,0.00,1.92,0,0,0,0,4.95,4.76,0.00,4.52,VMS 2,,Tanque,,2.70,1.98,0.00,2.52,3.69,3.48,0.00,4.23
27/12/2023 12:20 a. m.,Ordeño,07:34,22.34,1,,,,,0,,1.98,1.62,1.92,1.86,0,0,0,0,5.10,4.97,4.92,4.57,VMS 2,,Tanque,,2.70,2.16,2.46,2.46,5.22,5.19,5.91,6.02
27/12/2023 09:23 a. m.,Ordeño,07:17,17.88,2,,,TI,TI,0,,2.10,1.80,0.00,2.10,0,0,0,0,5.15,4.57,0.00,4.44,VMS 2,,Tanque,,2.88,2.34,0.00,2.76,5.57,5.73,0.00,6.58
27/12/2023 04:11 p. m.,Ordeño,06:15,18.98,3,,,,,0,,1.92,1.80,1.86,1.98,0,0,0,0,4.95,4.62,4.87,4.25,VMS 2,,Tanque,,2.46,2.28,2.34,2.52,4.01,4.02,5.95,5.00
28/12/2023 04:37 a. m.,Ordeño,09:47,25.26,1,,,,,0,,2.16,1.80,1.68,1.80,0,0,0,0,5.23,5.16,4.88,4.69,VMS 2,,Tanque,,2.88,2.34,2.10,2.46,6.47,6.71,4.52,7.56
28/12/2023 10:24 a. m.,Ordeño,06:09,14.08,2,,,,,0,,2.04,1.74,1.62,1.98,0,0,0,0,4.76,4.70,4.68,4.22,VMS 2,,Tanque,,2.70,2.34,2.04,2.46,3.81,3.72,2.23,4.32
28/12/2023 03:47 p. m.,Ordeño,06:24,8.81,3,,DI,TI,TI,0,,1.74,1.62,0.00,1.92,0,0,0,0,4.49,4.57,0.00,4.08,VMS 2,,Tanque,,2.64,2.28,0.00,2.34,1.77,3.23,0.00,3.81
28/12/2023 11:44 p. m.,Ordeño,06:34,19.01,4,,,,,0,,2.04,1.62,1.80,1.80,0,0,0,0,5.12,4.77,4.92,4.55,VMS 2,,Tanque,,2.64,2.10,2.34,2.34,5.32,4.13,4.77,4.79
29/12/2023 09:33 a. m.,Ordeño,06:23,21.79,1,,,,,0,,2.04,1.86,1.56,1.86,0,0,0,0,5.23,4.78,4.99,4.84,VMS 2,,Tanque,,2.82,2.28,2.04,2.34,5.83,5.70,3.95,6.31
29/12/2023 02:57 p. m.,Ordeño,08:17,11.23,2,,,TI,TI,0,,1.98,1.74,0.00,1.98,0,0,0,0,4.77,4.70,0.00,4.36,VMS 2,,Tanque,,2.70,2.34,0.00,2.58,3.46,3.65,0.00,4.12
29/12/2023 08:07 p. m.,Ordeño,11:00,4.77,3,,,"TI,TD","TI,TD",0,,1.74,1.56,0.00,0.00,0,0,0,0,4.96,4.90,0.00,0.00,VMS 2,,Tanque,,3.00,1.98,0.00,0.00,2.44,2.33,0.00,0.00
29/12/2023 11:29 p. m.,Ordeño,08:37,15.66,4,,,,,0,,1.74,1.20,1.62,1.38,0,0,0,0,4.96,4.79,5.13,5.02,VMS 2,,Tanque,,2.46,1.74,2.10,2.10,2.54,2.33,5.28,5.51
30/12/2023 07:03 a. m.,Ordeño,06:47,13.15,1,,DI,TI,TI,0,,1.86,1.74,0.00,1.74,0,0,0,0,4.97,4.92,0.00,4.62,VMS 2,,Tanque,,2.76,2.46,0.00,2.16,3.21,4.54,0.00,5.40
30/12/2023 10:25 a. m.,Ordeño,05:57,11.35,2,,,,,0,,1.86,1.50,1.62,0.78,0,0,0,0,4.75,4.43,4.85,4.26,VMS 2,,Tanque,,2.40,2.10,2.10,1.32,3.15,1.75,4.39,2.06
30/12/2023 03:44 p. m.,Ordeño,07:38,11.15,3,,,,,0,,1.92,1.68,1.44,1.74,0,0,0,0,4.72,4.76,4.56,4.52,VMS 2,,Tanque,,2.58,2.28,1.92,2.10,3.04,2.80,2.07,3.24
31/12/2023 01:01 a. m.,Ordeño,05:44,20.49,1,,,,,0,,1.92,1.74,1.56,1.86,0,0,0,0,5.23,5.15,4.97,4.88,VMS 2,,Tanque,,2.46,2.28,2.04,2.34,5.32,5.09,3.74,6.34
31/12/2023 08:44 a. m.,Ordeño,06:44,19.75,2,,,,,0,,1.92,1.92,1.50,1.86,0,0,0,0,4.90,4.89,4.92,4.66,VMS 2,,Tanque,,2.58,2.46,1.80,2.40,5.27,5.08,3.40,6.00
31/12/2023 12:50 p. m.,Ordeño,05:15,9.94,3,,,,,0,,1.80,1.86,1.44,1.92,0,0,0,0,4.50,4.49,4.57,4.19,VMS 2,,Tanque,,2.34,2.28,1.86,2.34,2.77,2.66,1.42,3.09
31/12/2023 06:56 p. m.,Ordeño,05:50,8.66,4,,DI,"DI,TI",TI,0,,1.62,1.80,0.00,1.92,0,0,0,0,4.89,4.92,0.00,4.50,VMS 2,,Tanque,,2.40,2.28,0.00,2.52,1.11,3.47,0.00,4.08
01/01/2024 01:35 a. m.,Ordeño,06:42,19.30,1,,,,,0,,2.04,1.74,1.68,1.86,0,0,0,0,5.37,5.18,5.24,4.91,VMS 2,,Tanque,,2.70,2.34,2.10,2.40,5.28,4.04,5.15,4.83
01/01/2024 08:50 a. m.,Ordeño,07:56,18.50,2,,,,,0,,1.98,1.86,1.32,1.92,0,0,0,0,4.97,5.11,4.79,4.70,VMS 2,,Tanque,,2.40,2.28,1.74,2.58,4.94,4.93,3.11,5.52
01/01/2024 06:04 p. m.,Ordeño,08:40,21.70,3,,,,,0,,1.98,1.86,1.38,1.98,0,0,0,0,5.10,5.18,4.95,4.60,VMS 2,,Tanque,,2.64,2.34,1.74,2.46,5.61,5.42,3.99,6.68
02/01/2024 12:54 a. m.,Ordeño,06:38,10.50,1,,DI,"DI,TI",TI,0,,1.56,1.74,0.00,1.86,0,0,0,0,4.69,5.09,0.00,4.87,VMS 2,,Tanque,,2.58,2.22,0.00,2.40,0.56,4.81,0.00,5.13
02/01/2024 09:05 a. m.,Ordeño,06:09,24.21,2,,,,,0,,2.22,1.74,1.86,2.10,0,0,0,0,4.97,5.02,5.24,4.55,VMS 2,,Tanque,,2.82,2.22,2.28,2.64,6.95,5.03,6.24,5.99
02/01/2024 01:54 p. m.,Ordeño,06:05,7.00,3,,DI,"DI,TI",TI,0,,1.38,1.68,0.00,1.98,0,0,0,0,4.22,4.63,0.00,4.36,VMS 2,,Tanque,,2.28,2.22,0.00,2.64,0.31,2.98,0.00,3.71
02/01/2024 06:37 p. m.,Ordeño,06:57,7.30,4,,TI,DI,DI,0,,0.00,1.62,1.74,1.62,0,0,0,0,0.00,4.78,4.88,4.63,VMS 2,,Tanque,,0.00,2.16,2.46,2.16,0.00,2.63,1.68,2.99
03/01/2024 01:56 a. m.,Ordeño,06:00,21.80,1,,,,,0,,2.10,1.62,1.68,1.98,0,0,0,0,5.07,5.30,5.10,4.91,VMS 2,,Tanque,,2.76,2.40,2.04,2.58,5.57,4.73,5.64,5.86
03/01/2024 07:40 a. m.,Ordeño,16:21,10.37,2,,,TD,,0,,1.26,1.26,1.32,0.48,0,0,0,0,4.60,4.84,4.77,2.41,VMS 2,,Tanque,,2.10,1.74,1.80,1.44,3.36,3.81,1.65,1.55
03/01/2024 12:02 p. m.,Ordeño,05:05,11.91,3,,,,,0,,1.86,1.56,1.44,1.80,0,0,0,0,4.87,4.89,4.83,5.10,VMS 2,,Tanque,,2.40,2.10,1.80,2.40,2.37,2.52,2.42,4.60
03/01/2024 04:27 p. m.,Ordeño,09:20,3.73,4,,,"TI,TD","TI,TD",0,,1.74,1.50,0.00,0.00,0,0,0,0,4.79,4.65,0.00,0.00,VMS 2,,Tanque,,2.28,2.04,0.00,0.00,1.81,1.92,0.00,0.00
03/01/2024 07:57 p. m.,Ordeño,06:02,13.21,5,,,,,0,,1.86,1.50,1.50,1.68,0,0,0,0,4.92,4.70,4.91,5.04,VMS 2,,Tanque,,2.46,2.04,1.98,2.16,2.51,2.52,3.21,4.97
04/01/2024 01:54 a. m.,Ordeño,08:38,10.91,1,,,TI,TI,0,,1.74,1.50,0.00,1.68,0,0,0,0,5.33,5.25,0.00,5.10,VMS 2,,Tanque,,2.46,2.10,0.00,2.10,3.22,3.48,0.00,4.21
04/01/2024 10:51 a. m.,Ordeño,07:46,23.58,2,,,,,0,,1.98,1.62,1.86,1.86,0,0,0,0,5.11,5.19,5.35,4.92,VMS 2,,Tanque,,2.46,2.10,2.40,2.40,5.73,5.69,6.27,5.89
04/01/2024 06:03 p. m.,Ordeño,09:16,13.63,3,,,TI,TI,0,,1.92,1.56,0.00,1.86,0,0,0,0,5.24,4.75,0.00,4.88,VMS 2,,Tanque,,2.46,2.10,0.00,3.90,3.92,4.47,0.00,5.24
04/01/2024 10:46 p. m.,Ordeño,06:21,13.86,4,,,,,0,,1.74,1.50,1.68,1.50,0,0,0,0,5.10,4.77,5.02,4.74,VMS 2,,Tanque,,2.22,1.92,2.16,1.92,3.02,2.86,4.85,3.13
05/01/2024 11:36 a. m.,Ordeño,09:57,25.97,1,,,,,0,,1.98,1.74,1.80,1.80,0,0,0,0,5.17,5.02,5.05,5.27,VMS 2,,Tanque,,2.58,2.40,2.22,2.34,7.20,6.26,5.13,7.38
05/01/2024 04:18 p. m.,Ordeño,11:10,7.81,2,,,TI,TI,0,,1.50,1.44,0.00,1.74,0,0,0,0,4.54,4.30,0.00,4.40,VMS 2,,Tanque,,2.10,1.98,0.00,2.22,2.18,2.51,0.00,3.12
05/01/2024 09:54 p. m.,Ordeño,06:08,14.16,3,,,,,0,,1.80,1.56,1.62,1.68,0,0,0,0,4.76,4.48,4.90,4.56,VMS 2,,Tanque,,2.46,2.04,2.10,2.22,3.54,3.27,3.82,3.53
06/01/2024 08:41 a. m.,Ordeño,07:09,23.26,1,,,,,0,,1.68,1.80,1.62,1.86,0,0,0,0,5.22,5.12,4.89,5.21,VMS 2,,Tanque,,2.16,2.34,2.04,2.34,6.31,5.68,4.41,6.86
06/01/2024 01:45 p. m.,Ordeño,08:23,7.31,2,,TI,DI,,0,DD,1.44,1.56,1.68,1.26,0,0,300,0,4.28,4.65,3.75,4.60,VMS 2,,Tanque,,2.64,2.04,2.64,2.16,1.08,2.67,1.43,2.13
06/01/2024 06:44 p. m.,Ordeño,04:57,12.43,3,,,,,0,,1.74,1.50,1.50,1.62,0,0,0,0,4.96,4.77,5.01,4.90,VMS 2,,Tanque,,2.28,1.92,1.86,2.16,2.68,2.71,3.51,3.53
06/01/2024 10:46 p. m.,Ordeño,05:37,8.03,4,,DI,TI,TI,0,,1.98,1.44,0.00,1.62,0,0,0,0,4.96,4.91,0.00,4.89,VMS 2,,Tanque,,3.96,1.92,0.00,2.16,2.79,2.43,0.00,2.81
07/01/2024 06:46 a. m.,Ordeño,06:01,20.90,1,,,,,0,,1.80,1.68,1.74,1.86,0,0,0,0,5.64,5.43,5.30,5.21,VMS 2,,Tanque,,2.40,2.04,2.28,2.46,5.09,4.62,5.41,5.78
07/01/2024 12:38 p. m.,Ordeño,05:22,13.18,2,,,,,0,,1.74,1.62,1.62,1.80,0,0,0,0,5.05,4.96,4.89,4.74,VMS 2,,Tanque,,2.16,2.10,2.10,2.40,3.55,3.37,2.37,3.89
07/01/2024 09:20 p. m.,Ordeño,06:39,19.13,3,,,,,0,,1.86,1.68,1.56,1.92,0,0,0,0,5.25,5.14,4.95,4.96,VMS 2,,Tanque,,2.34,2.16,1.98,2.34,4.91,4.82,3.87,5.53
08/01/2024 03:22 a. m.,Ordeño,06:00,15.08,1,,,,,0,,1.74,1.74,1.68,1.98,0,0,0,0,5.11,5.02,5.00,4.83,VMS 2,,Tanque,,2.28,2.22,2.34,2.70,3.93,3.95,2.70,4.50
08/01/2024 08:53 a. m.,Ordeño,05:56,12.86,2,,,,,0,,1.86,1.86,1.56,1.80,0,0,0,0,5.10,5.08,4.96,4.96,VMS 2,,Tanque,,2.34,2.70,1.92,2.28,3.52,3.31,2.34,3.69
08/01/2024 02:46 p. m.,Ordeño,04:34,13.26,3,,,,,0,,1.92,1.80,1.62,1.86,0,0,0,0,4.91,5.02,4.89,4.95,VMS 2,,Tanque,,2.52,2.52,2.04,2.28,3.41,3.46,2.33,4.06
08/01/2024 08:39 p. m.,Ordeño,06:42,11.93,4,,,,,0,,1.80,1.68,1.56,1.74,0,0,0,0,5.10,5.17,5.09,5.07,VMS 2,,Tanque,,2.34,2.16,1.98,2.16,3.18,2.95,2.44,3.36
09/01/2024 06:46 a. m.,Ordeño,06:46,22.19,1,,,,,0,,1.98,1.86,1.62,1.86,0,0,0,0,5.30,5.29,5.13,5.19,VMS 2,,Tanque,,2.52,2.70,2.16,2.28,5.60,5.60,4.20,6.79
09/01/2024 02:55 p. m.,Ordeño,09:53,12.92,2,,,TI,TI,0,,1.92,1.86,0.00,1.86,0,0,0,0,4.90,4.75,0.00,4.54,VMS 2,,Tanque,,2.70,2.52,0.00,2.58,3.90,4.11,0.00,4.91
09/01/2024 06:52 p. m.,Ordeño,07:34,8.02,3,,,,,0,,1.56,1.38,1.50,1.44,0,0,0,0,5.04,5.15,5.38,5.26,VMS 2,,Tanque,,2.28,1.92,1.92,1.98,1.73,1.57,3.05,1.67
10/01/2024 01:46 a. m.,Ordeño,07:22,17.31,1,,,,,0,,2.04,1.98,1.62,1.92,0,0,0,0,5.18,5.21,4.85,4.99,VMS 2,,Tanque,,2.64,2.70,2.16,2.52,4.50,4.25,3.44,5.12
10/01/2024 07:54 a. m.,Ordeño,05:51,14.99,2,,,,,0,,2.16,1.56,1.50,1.92,0,0,0,0,4.97,4.86,4.74,4.46,VMS 2,,Tanque,,2.70,2.10,2.04,2.46,3.98,3.82,2.87,4.32
10/01/2024 12:19 p. m.,Ordeño,05:40,8.71,3,,,,,0,,1.86,1.74,1.44,1.68,0,0,0,0,4.69,4.80,4.74,4.47,VMS 2,,Tanque,,2.46,2.34,1.92,4.62,2.30,2.16,1.51,2.74
10/01/2024 06:30 p. m.,Ordeño,07:06,12.03,4,,,,,0,,1.92,1.62,1.38,1.80,0,0,0,0,4.75,4.57,4.74,4.63,VMS 2,,Tanque,,2.64,2.16,1.74,2.34,2.91,2.97,2.36,3.79
11/01/2024 01:30 a. m.,Ordeño,06:33,14.33,1,,,,,0,,1.92,1.62,1.38,1.80,0,0,0,0,5.41,5.39,5.20,5.17,VMS 2,,Tanque,,2.64,2.10,1.86,2.28,3.64,3.70,2.67,4.32
11/01/2024 07:57 a. m.,Ordeño,04:56,14.94,2,,,,,0,,2.10,1.74,1.44,1.92,0,0,0,0,5.50,5.26,5.14,5.00,VMS 2,,Tanque,,2.88,2.22,1.86,2.58,3.92,3.92,2.56,4.54
11/01/2024 11:58 a. m.,Ordeño,06:04,9.43,3,,,,,0,,1.74,1.56,1.38,1.68,0,0,0,0,4.96,4.85,4.93,4.61,VMS 2,,Tanque,,2.40,2.16,1.86,2.52,2.28,2.34,1.98,2.83
11/01/2024 03:45 p. m.,Ordeño,06:54,6.39,4,,,,,0,,1.38,1.32,1.14,0.78,0,0,0,0,5.10,4.83,4.93,4.83,VMS 2,,Tanque,,2.52,1.92,1.50,1.44,1.84,1.52,1.19,1.84
11/01/2024 11:52 p. m.,Ordeño,07:26,18.06,1,,,,,0,,1.98,1.62,1.68,1.80,0,0,0,0,5.43,5.52,5.34,5.42,VMS 2,,Tanque,,2.64,2.22,2.04,2.40,4.16,4.68,3.64,5.58
12/01/2024 07:57 a. m.,Ordeño,08:16,19.25,1,,,,,0,,2.04,1.98,1.62,1.92,0,0,0,0,5.24,5.26,5.01,4.87,VMS 2,,Tanque,,2.58,2.52,2.04,2.70,5.13,5.17,3.46,5.49
12/01/2024 12:57 p. m.,Ordeño,05:03,14.73,2,,,,,0,,2.10,1.92,1.44,2.04,0,0,0,0,4.95,4.88,4.81,4.74,VMS 2,,Tanque,,2.76,2.40,1.86,4.14,3.83,3.65,2.65,4.60
12/01/2024 08:56 p. m.,Ordeño,06:27,19.51,3,,,,,0,,2.16,1.80,1.56,1.98,0,0,0,0,4.56,5.11,4.92,4.90,VMS 2,,Tanque,,2.82,2.34,2.16,2.52,5.13,4.98,3.60,5.80
13/01/2024 01:50 a. m.,Ordeño,05:57,12.59,1,,,,,0,,2.10,1.74,1.44,1.86,0,0,0,0,5.12,4.96,4.80,4.82,VMS 2,,Tanque,,2.70,2.22,1.74,2.40,3.20,3.25,2.38,3.76
13/01/2024 11:49 a. m.,Ordeño,08:02,20.88,2,,,,,0,,2.34,1.74,1.56,1.86,0,0,0,0,5.10,5.16,4.96,5.01,VMS 2,,Tanque,,3.06,2.46,2.04,2.40,5.31,5.29,4.11,6.17
13/01/2024 07:03 p. m.,Ordeño,06:15,17.05,3,,,,,0,,2.16,1.74,1.50,1.74,0,0,0,0,4.90,4.83,4.90,4.93,VMS 2,,Tanque,,2.82,2.34,1.98,2.34,4.30,4.52,3.17,5.06
14/01/2024 02:46 a. m.,Ordeño,08:04,13.42,1,,,TI,TI,0,,1.98,1.86,0.00,1.98,0,0,0,0,4.96,4.84,0.00,4.74,VMS 2,,Tanque,,2.52,2.52,0.00,2.52,4.01,4.54,0.00,4.87
14/01/2024 07:14 a. m.,Ordeño,06:34,13.72,2,,,,,0,,2.10,1.80,1.62,1.92,0,0,0,0,5.01,4.93,5.23,4.80,VMS 2,,Tanque,,2.88,2.34,2.04,2.46,3.05,2.79,4.98,2.90
14/01/2024 12:32 p. m.,Ordeño,05:31,11.88,3,,,,,0,,2.04,1.74,1.56,2.04,0,0,0,0,5.03,4.90,4.72,4.59,VMS 2,,Tanque,,2.64,2.34,1.98,3.00,2.95,2.96,2.33,3.64
14/01/2024 07:40 p. m.,Ordeño,05:52,14.89,4,,,,,0,,2.10,1.68,1.56,1.92,0,0,0,0,5.08,4.94,4.89,4.78,VMS 2,,Tanque,,2.70,2.40,1.92,2.40,3.53,3.73,2.87,4.76
15/01/2024 02:35 a. m.,Ordeño,07:57,15.47,1,,,,,0,,2.04,1.74,1.56,1.86,0,0,0,0,4.93,4.95,4.88,4.61,VMS 2,,Tanque,,2.76,2.28,2.28,2.58,3.84,3.97,2.95,4.71
15/01/2024 10:48 a. m.,Ordeño,05:57,18.96,2,,,,,0,,2.22,1.80,1.62,2.04,0,0,0,0,4.85,4.80,4.76,4.62,VMS 2,,Tanque,,3.06,2.40,2.04,2.58,4.91,4.75,3.58,5.72
15/01/2024 07:35 p. m.,Ordeño,05:40,20.05,3,,,,,0,,2.04,1.74,1.56,1.92,0,0,0,0,5.03,5.01,4.96,5.03,VMS 2,,Tanque,,2.70,2.40,1.98,2.34,5.16,5.01,3.97,5.91
16/01/2024 01:21 a. m.,Ordeño,06:46,13.93,1,,,,,0,,2.04,1.68,1.44,1.62,0,0,0,0,4.95,4.82,4.75,4.71,VMS 2,,Tanque,,2.52,2.22,1.86,2.10,3.63,3.63,2.48,4.19
16/01/2024 09:43 a. m.,Ordeño,06:27,18.59,2,,,,,0,,2.04,1.86,1.50,1.92,0,0,0,0,5.08,5.11,4.86,4.79,VMS 2,,Tanque,,2.70,2.52,2.10,2.40,4.75,4.75,3.57,5.52
16/01/2024 03:13 p. m.,Ordeño,05:03,12.77,3,,,,,0,,1.92,1.86,1.50,1.86,0,0,0,0,4.85,4.81,4.73,4.56,VMS 2,,Tanque,,2.52,2.40,1.98,2.34,3.30,3.49,2.45,3.53
16/01/2024 08:42 p. m.,Ordeño,06:54,8.98,4,,,DD,DD,0,,1.86,0.00,1.44,1.80,0,0,0,0,4.92,0.00,4.82,4.61,VMS 2,,Tanque,,2.46,0.00,1.92,2.40,2.87,0.00,2.38,3.73
17/01/2024 01:43 a. m.,Ordeño,06:39,14.58,1,,,,,0,,1.86,1.74,1.44,1.80,0,0,0,0,5.14,5.15,4.94,5.01,VMS 2,,Tanque,,2.40,2.46,1.74,2.34,3.17,5.55,2.19,3.67
17/01/2024 07:48 a. m.,Ordeño,08:15,11.56,2,,,TI,TI,0,,1.80,1.74,0.00,1.80,0,0,0,0,5.05,4.74,0.00,5.08,VMS 2,,Tanque,,2.82,2.34,0.00,2.28,3.65,3.93,0.00,3.98
17/01/2024 02:52 p. m.,Ordeño,05:53,19.19,3,,,,,0,,2.04,1.74,1.80,1.98,0,0,0,0,5.27,4.93,5.37,5.00,VMS 2,,Tanque,,2.64,2.22,2.28,2.58,4.29,4.05,5.84,5.01
17/01/2024 08:17 p. m.,Ordeño,05:01,12.59,4,,,,,0,,1.92,1.68,1.50,1.92,0,0,0,0,4.91,4.74,4.77,4.55,VMS 2,,Tanque,,2.40,2.28,1.98,2.46,3.21,3.14,2.39,3.85
18/01/2024 01:39 a. m.,Ordeño,05:28,11.80,1,,,,,0,,1.80,1.74,1.50,1.80,0,0,0,0,5.18,5.15,5.04,4.93,VMS 2,,Tanque,,2.40,2.70,1.86,2.34,2.97,3.10,2.23,3.50
18/01/2024 08:54 a. m.,Ordeño,09:23,16.19,2,,,,,0,,1.92,1.86,1.62,1.98,0,0,0,0,4.92,5.14,5.05,4.79,VMS 2,,Tanque,,2.64,2.64,1.98,2.46,3.77,4.26,3.19,4.97
18/01/2024 04:35 p. m.,Ordeño,05:49,17.39,3,,,,,0,,1.92,1.80,1.62,1.92,0,0,0,0,5.04,5.20,4.99,4.73,VMS 2,,Tanque,,2.52,2.58,2.16,2.52,4.68,4.27,3.26,5.18
19/01/2024 01:32 a. m.,Ordeño,07:54,18.57,1,,,,,0,,2.10,1.74,1.68,1.86,0,0,0,0,5.09,5.21,5.05,4.89,VMS 2,,Tanque,,2.70,2.34,2.10,2.40,4.70,4.75,3.65,5.47
19/01/2024 07:36 a. m.,Ordeño,04:40,14.34,2,,,,,0,,2.22,1.74,1.68,1.86,0,0,0,0,4.90,4.86,4.83,4.50,VMS 2,,Tanque,,2.76,2.28,2.22,2.64,3.89,3.81,2.63,4.01
19/01/2024 02:50 p. m.,Ordeño,06:24,15.50,3,,,,,0,,2.16,1.56,1.62,1.86,0,340,0,0,4.71,4.60,4.70,4.55,VMS 2,,Tanque,,2.82,2.10,2.10,2.52,3.82,3.94,3.10,4.64
19/01/2024 11:16 p. m.,Ordeño,05:52,18.26,4,,,,,0,,2.10,1.74,1.44,1.86,0,0,0,0,5.20,5.15,4.95,4.80,VMS 2,,Tanque,,2.52,2.34,1.86,2.34,4.60,4.62,3.62,5.42
20/01/2024 09:09 a. m.,Ordeño,09:07,20.91,1,,DI,,,0,,2.10,1.86,1.68,1.74,0,0,0,0,5.41,5.33,5.16,5.00,VMS 2,,Tanque,,3.06,2.58,2.16,2.28,4.67,5.66,4.41,6.17
20/01/2024 05:53 p. m.,Ordeño,07:35,19.82,2,,,,,0,,2.22,1.74,1.44,1.92,0,0,0,0,4.78,4.87,4.84,4.47,VMS 2,,Tanque,,2.76,2.28,1.92,2.64,5.47,5.08,3.68,5.59
21/01/2024 12:44 a. m.,Ordeño,08:40,12.72,1,,,TI,TI,0,,2.04,1.80,0.00,1.80,0,0,0,0,4.93,4.90,0.00,4.73,VMS 2,,Tanque,,2.82,2.52,0.00,2.46,3.86,4.16,0.00,4.70
21/01/2024 07:29 a. m.,Ordeño,06:49,17.80,2,,,,,0,,2.10,1.74,1.68,1.74,0,0,0,0,5.21,5.17,5.20,4.91,VMS 2,,Tanque,,2.76,2.22,2.10,2.76,4.06,3.92,5.40,4.42
21/01/2024 12:42 p. m.,Ordeño,06:04,7.97,3,,,TD,TD,0,,1.98,1.80,1.50,0.00,0,0,0,0,4.89,4.98,4.70,0.00,VMS 2,,Tanque,,2.52,2.34,2.10,0.00,2.92,2.81,2.24,0.00
21/01/2024 06:12 p. m.,Ordeño,08:29,13.63,4,,,,,0,,1.92,1.80,1.44,1.92,0,0,0,0,5.35,5.31,4.98,5.00,VMS 2,,Tanque,,2.40,2.34,1.80,2.46,2.87,2.90,2.38,5.48
22/01/2024 06:32 a. m.,Ordeño,08:08,25.89,1,,,,,0,,2.16,1.92,1.80,1.98,0,0,0,0,5.68,5.43,5.26,4.94,VMS 2,,Tanque,,2.88,2.52,2.10,2.46,6.19,6.48,5.40,7.82
22/01/2024 01:33 p. m.,Ordeño,05:00,16.26,2,,,,,0,,2.16,1.92,1.68,2.04,0,0,0,0,4.94,4.79,4.71,4.52,VMS 2,,Tanque,,2.82,2.40,2.16,2.58,4.04,4.35,3.12,4.75
22/01/2024 09:48 p. m.,Ordeño,06:41,17.72,3,,,,,0,,1.98,1.80,1.62,1.92,0,0,0,0,5.21,5.28,5.03,5.05,VMS 2,,Tanque,,2.70,2.58,2.04,2.40,4.58,4.49,3.50,5.15
23/01/2024 08:22 a. m.,Ordeño,06:55,23.90,1,,,,,0,,2.22,1.92,1.68,1.80,0,0,0,0,5.47,5.53,5.16,5.34,VMS 2,,Tanque,,2.76,2.52,2.16,2.34,5.95,6.20,4.75,7.00
23/01/2024 03:04 p. m.,Ordeño,06:26,16.09,2,,,,,0,,1.92,1.92,1.68,1.86,0,0,0,0,5.01,4.88,4.85,4.70,VMS 2,,Tanque,,2.34,2.52,2.10,2.52,4.12,4.26,3.04,4.67
24/01/2024 12:51 a. m.,Ordeño,09:26,16.21,1,,,TI,TI,0,,1.92,1.86,0.00,1.98,0,0,0,0,5.43,5.17,0.00,5.27,VMS 2,,Tanque,,2.46,2.58,0.00,2.52,4.85,5.23,0.00,6.13
24/01/2024 08:55 a. m.,Ordeño,07:30,23.81,2,,,,,0,,2.04,2.04,1.92,2.04,0,0,0,0,5.51,5.38,5.64,5.05,VMS 2,,Tanque,,2.64,2.70,2.34,2.64,5.44,5.23,7.24,5.90
24/01/2024 04:04 p. m.,Ordeño,05:31,16.39,3,,,,,0,,2.04,1.74,1.68,2.04,0,0,0,0,5.17,5.09,4.81,4.69,VMS 2,,Tanque,,2.70,2.28,2.10,2.46,4.33,4.26,2.93,4.87
25/01/2024 07:24 a. m.,Ordeño,08:28,26.90,1,,,,,0,,2.10,1.92,1.74,1.80,0,0,0,0,5.43,5.44,5.37,5.53,VMS 2,,Tanque,,3.00,2.46,2.28,2.22,6.14,6.64,5.72,8.40
25/01/2024 12:38 p. m.,Ordeño,04:41,12.62,2,,,,,0,,1.92,1.68,1.56,1.92,0,0,0,0,4.94,4.74,4.92,4.49,VMS 2,,Tanque,,2.46,2.40,2.04,2.46,3.20,3.24,2.33,3.85
25/01/2024 07:36 p. m.,Ordeño,05:53,15.10,3,,,,,0,,1.80,1.68,1.44,1.86,0,0,0,0,5.35,5.36,5.11,5.16,VMS 2,,Tanque,,2.40,2.22,1.92,2.46,3.74,3.70,3.01,4.65
26/01/2024 12:04 a. m.,Ordeño,04:34,10.12,1,,,,,0,,1.74,1.50,1.44,1.74,0,0,0,0,5.40,5.29,5.19,5.29,VMS 2,,Tanque,,2.28,1.92,1.86,2.64,2.65,2.55,1.92,3.00
26/01/2024 03:58 a. m.,Ordeño,05:52,8.00,2,,,,,0,,1.68,1.50,1.38,1.08,0,0,0,0,5.55,5.43,5.19,5.27,VMS 2,,Tanque,,2.22,2.04,1.74,1.68,2.02,1.95,1.61,2.42
26/01/2024 08:48 a. m.,Ordeño,05:49,11.00,3,,,,,0,,1.86,1.50,1.56,1.80,0,0,0,0,5.54,5.42,5.20,5.14,VMS 2,,Tanque,,2.40,1.98,1.98,2.40,2.73,2.74,2.28,3.25
26/01/2024 03:16 p. m.,Ordeño,04:29,13.53,4,,,,,0,,2.04,1.62,1.50,1.86,0,0,0,0,5.62,5.55,5.26,5.21,VMS 2,,Tanque,,2.64,2.16,1.92,2.52,3.42,3.37,2.43,4.31
26/01/2024 09:39 p. m.,Ordeño,05:55,13.71,5,,,,,0,,1.80,1.50,1.50,1.80,0,0,0,0,5.30,5.29,5.05,4.86,VMS 2,,Tanque,,2.40,2.22,1.86,2.28,3.49,3.22,2.76,4.24
27/01/2024 02:07 a. m.,Ordeño,07:49,7.23,1,,,TI,TI,0,,1.74,1.38,0.00,1.26,0,0,0,0,5.11,5.00,0.00,4.75,VMS 2,,Tanque,,2.40,2.04,0.00,2.10,2.28,2.39,0.00,2.56
27/01/2024 08:43 a. m.,Ordeño,06:08,15.20,2,,,,,0,,1.98,1.50,1.62,1.86,0,0,0,0,5.57,5.38,5.38,5.11,VMS 2,,Tanque,,2.34,2.16,2.04,2.34,3.66,3.39,4.24,3.91
27/01/2024 02:59 p. m.,Ordeño,17:49,2.40,3,,,"DD,TI,TD","DD,TI,TD",0,,1.50,0.00,0.00,0.00,0,0,0,0,5.49,0.00,0.00,0.00,VMS 2,,Tanque,,2.34,0.00,0.00,0.00,2.40,0.00,0.00,0.00
27/01/2024 09:36 p. m.,Ordeño,06:29,19.75,4,,DD,,,0,,1.92,1.56,1.68,1.92,0,0,0,0,5.50,5.26,5.53,5.15,VMS 2,,Tanque,,2.52,2.16,2.28,2.52,4.39,2.71,5.16,7.49
28/01/2024 03:37 a. m.,Ordeño,06:33,15.31,1,,,,,0,,2.04,1.62,1.50,1.74,0,0,0,0,5.43,5.25,5.12,4.90,VMS 2,,Tanque,,2.58,2.22,1.92,2.40,3.95,4.58,2.63,4.15
28/01/2024 10:55 a. m.,Ordeño,10:14,15.65,2,,,,,0,,2.04,1.50,1.44,1.68,0,0,0,0,5.02,4.72,4.85,4.63,VMS 2,,Tanque,,2.82,2.16,1.92,2.16,4.17,3.69,3.26,4.53
28/01/2024 05:36 p. m.,Ordeño,09:50,12.58,3,,,,,0,,1.86,1.44,1.44,1.50,0,0,0,0,5.10,4.87,4.91,4.89,VMS 2,,Tanque,,2.76,2.46,2.04,2.22,2.94,2.98,2.83,3.83
28/01/2024 11:31 p. m.,Ordeño,07:33,13.00,4,,,,,0,,1.98,1.44,1.38,1.74,0,0,0,0,5.11,5.02,4.90,4.87,VMS 2,,Tanque,,2.70,2.04,1.74,2.40,3.56,3.18,2.51,3.75
29/01/2024 08:08 a. m.,Ordeño,05:19,18.10,1,,,,,0,,1.98,1.62,1.68,2.04,0,0,0,0,5.38,5.27,5.09,5.03,VMS 2,,Tanque,,2.64,2.04,2.10,2.76,4.66,4.20,3.49,5.75
29/01/2024 05:02 p. m.,Ordeño,07:38,13.89,2,,,TI,TI,0,,1.80,1.62,0.00,1.98,0,0,0,0,4.86,4.87,0.00,4.54,VMS 2,,Tanque,,2.76,2.22,0.00,2.70,4.57,4.19,0.00,5.13
30/01/2024 02:00 a. m.,Ordeño,06:18,21.23,1,,,,,0,,1.98,1.62,1.74,2.10,0,0,0,0,5.12,5.07,5.32,4.58,VMS 2,,Tanque,,2.52,2.28,2.22,2.70,4.60,4.25,6.81,5.57
30/01/2024 09:38 a. m.,Ordeño,09:45,8.34,2,,,"DI,TI","DI,TI",0,,0.00,1.68,0.00,1.86,0,0,0,0,0.00,5.13,0.00,4.73,VMS 2,,Tanque,,0.00,2.28,0.00,2.46,0.00,3.88,0.00,4.46
30/01/2024 07:34 p. m.,Ordeño,06:26,24.09,3,,,,,0,,2.10,1.56,1.74,2.04,0,0,0,0,5.42,5.24,5.31,4.80,VMS 2,,Tanque,,2.76,2.10,2.34,2.58,6.50,4.91,6.51,6.17
31/01/2024 01:29 a. m.,Ordeño,05:42,10.96,1,,,,,0,,1.86,1.74,1.44,1.56,0,0,0,0,5.24,5.42,5.18,5.33,VMS 2,,Tanque,,2.52,2.46,1.92,2.04,2.71,3.26,1.97,3.02
31/01/2024 09:38 a. m.,Ordeño,06:37,19.66,2,,,,,0,,2.10,1.62,1.68,2.10,0,0,0,0,5.38,5.36,5.33,4.97,VMS 2,,Tanque,,2.70,2.28,2.10,2.64,4.75,4.88,3.83,6.20
31/01/2024 06:44 p. m.,Ordeño,05:43,17.89,3,,,,,0,,1.98,1.56,1.74,2.10,0,0,0,0,5.30,5.08,5.13,4.72,VMS 2,,Tanque,,2.70,2.16,2.16,2.76,4.29,4.55,3.47,5.58
01/02/2024 02:56 a. m.,Ordeño,06:20,15.06,1,,,,,0,,2.04,1.50,1.68,1.80,0,0,0,0,5.17,4.96,5.07,4.78,VMS 2,,Tanque,,2.70,2.10,2.10,2.40,3.71,3.67,3.04,4.64
01/02/2024 11:00 a. m.,Ordeño,05:24,18.34,2,,,,,0,,2.16,1.92,1.74,2.10,0,0,0,0,5.49,5.47,5.35,4.99,VMS 2,,Tanque,,2.70,2.64,2.34,2.70,4.44,4.88,3.40,5.62
01/02/2024 06:49 p. m.,Ordeño,05:40,15.70,3,,,,,0,,1.92,1.86,1.62,1.98,0,0,0,0,5.48,5.39,5.36,4.95,VMS 2,,Tanque,,2.70,2.40,2.28,2.52,3.90,3.89,3.23,4.68
02/02/2024 03:24 a. m.,Ordeño,05:49,18.44,1,,,,,0,,1.98,1.98,1.68,1.98,0,0,0,0,5.51,5.45,5.32,4.89,VMS 2,,Tanque,,2.76,2.82,2.16,2.58,4.65,4.66,3.59,5.54
02/02/2024 08:33 a. m.,Ordeño,05:51,9.21,2,,DI,TI,TI,0,,2.04,1.98,0.00,1.80,0,0,0,0,4.89,4.77,0.00,4.58,VMS 2,,Tanque,,2.88,2.70,0.00,2.40,2.89,2.98,0.00,3.34
02/02/2024 04:55 p. m.,Ordeño,04:35,13.46,3,,,,,0,,1.86,1.74,1.56,1.68,0,0,0,0,5.52,5.44,5.56,5.25,VMS 2,,Tanque,,2.46,2.34,2.04,2.16,3.26,2.93,3.64,3.63
02/02/2024 11:18 p. m.,Ordeño,05:49,16.61,4,,,,,0,,2.04,2.04,1.62,1.92,0,0,0,0,5.27,5.23,5.03,4.71,VMS 2,,Tanque,,2.64,2.70,2.22,2.52,3.97,4.15,3.37,5.12
03/02/2024 07:59 a. m.,Ordeño,06:57,15.13,1,,,TI,TI,0,,2.10,1.92,0.00,1.92,0,0,0,0,5.67,5.53,0.00,5.30,VMS 2,,Tanque,,2.88,2.76,0.00,2.40,4.87,4.67,0.00,5.59
03/02/2024 01:15 p. m.,Ordeño,05:06,12.99,2,,,,,0,,1.86,1.80,1.62,1.62,0,0,0,0,5.41,5.26,5.56,5.14,VMS 2,,Tanque,,2.58,2.46,2.16,2.10,2.75,2.58,4.51,3.15
03/02/2024 07:55 p. m.,Ordeño,06:03,16.02,3,,,,,0,,2.22,1.92,1.68,1.80,0,0,0,0,5.36,5.17,4.96,5.02,VMS 2,,Tanque,,2.88,2.46,2.10,2.46,3.88,3.95,3.24,4.95
04/02/2024 04:29 a. m.,Ordeño,06:54,18.91,1,,,,,0,,2.10,2.04,1.62,1.68,0,0,0,0,5.57,5.56,5.17,5.27,VMS 2,,Tanque,,2.82,2.88,2.04,2.28,4.90,4.61,3.82,5.58
04/02/2024 12:21 p. m.,Ordeño,10:17,11.50,2,,,TD,TD,0,,2.16,1.92,1.56,0.00,0,0,0,0,5.43,5.36,5.19,0.00,VMS 2,,Tanque,,2.94,2.46,2.04,0.00,4.36,3.87,3.27,0.00
04/02/2024 07:28 p. m.,Ordeño,07:36,20.74,3,,,,,0,,2.10,2.04,1.68,2.16,0,0,0,0,5.22,5.24,5.20,5.11,VMS 2,,Tanque,,2.82,2.52,2.16,2.70,4.30,4.16,3.11,9.17
05/02/2024 03:00 a. m.,Ordeño,06:32,16.48,1,,,,,0,,2.04,2.10,1.50,1.86,0,0,0,0,5.37,5.30,5.11,4.86,VMS 2,,Tanque,,2.58,2.82,1.80,2.40,4.39,4.07,3.30,4.72
05/02/2024 11:05 a. m.,Ordeño,06:45,16.77,2,,,,,0,,2.10,2.04,1.56,2.10,0,0,0,0,5.22,5.18,5.03,4.61,VMS 2,,Tanque,,2.76,2.64,1.98,2.82,4.43,4.31,3.31,4.72
05/02/2024 05:03 p. m.,Ordeño,05:57,11.95,3,,,,,0,,1.92,1.92,1.44,1.80,0,0,0,0,5.09,5.02,4.97,4.48,VMS 2,,Tanque,,2.46,2.58,1.92,2.58,3.12,3.05,2.27,3.51
05/02/2024 11:50 p. m.,Ordeño,06:16,13.14,4,,,,,0,,1.98,1.74,1.50,1.68,0,0,0,0,5.22,5.09,5.09,5.10,VMS 2,,Tanque,,2.52,2.40,1.98,2.10,3.20,3.42,2.62,3.90
06/02/2024 05:29 a. m.,Ordeño,05:20,12.25,1,,,,,0,,1.98,1.86,1.50,1.98,0,0,0,0,5.35,5.17,4.96,5.02,VMS 2,,Tanque,,2.64,2.28,2.04,2.70,3.19,2.99,2.46,3.61
06/02/2024 09:52 a. m.,Ordeño,06:44,8.41,2,,,,,0,,1.68,1.68,1.50,1.86,0,0,0,0,4.95,4.90,4.95,4.70,VMS 2,,Tanque,,2.40,2.22,2.04,2.58,2.18,2.11,1.73,2.39
06/02/2024 04:46 p. m.,Ordeño,05:28,11.81,3,,,,,0,,1.98,1.56,1.62,1.92,0,0,0,0,5.10,4.95,4.80,4.77,VMS 2,,Tanque,,2.76,2.22,2.16,2.58,3.03,2.94,2.36,3.48
06/02/2024 11:39 p. m.,Ordeño,06:19,12.57,4,,,,,0,,2.04,1.68,1.50,2.04,0,0,0,0,5.11,5.00,4.90,4.89,VMS 2,,Tanque,,2.70,2.22,1.92,2.64,3.28,3.13,2.47,3.69
07/02/2024 07:28 a. m.,Ordeño,07:13,17.51,1,,,,,0,,1.92,1.56,1.62,1.86,0,0,0,0,5.37,5.08,5.15,4.89,VMS 2,,Tanque,,2.58,2.16,1.98,2.46,4.34,4.25,3.44,5.48
07/02/2024 04:05 p. m.,Ordeño,06:01,17.52,2,,,,,0,,2.04,1.74,1.68,2.04,0,0,0,0,5.22,5.10,4.98,4.94,VMS 2,,Tanque,,2.58,2.40,2.22,2.64,4.44,4.39,3.59,5.10
07/02/2024 10:45 p. m.,Ordeño,06:47,13.48,3,,,,,0,,2.04,1.62,1.56,1.98,0,0,0,0,4.83,4.75,4.71,4.40,VMS 2,,Tanque,,2.64,2.28,2.10,2.46,3.40,3.32,2.78,3.98
08/02/2024 09:26 a. m.,Ordeño,07:04,21.79,1,,,,,0,,2.34,1.62,1.74,2.04,0,0,0,0,5.16,5.28,5.12,5.08,VMS 2,,Tanque,,3.00,2.28,2.16,2.64,5.16,5.52,4.33,6.78
08/02/2024 04:16 p. m.,Ordeño,07:02,14.95,2,,,,,0,,2.16,1.62,1.50,2.10,0,0,0,0,4.97,4.81,4.77,4.53,VMS 2,,Tanque,,2.82,2.16,2.04,2.64,3.84,3.79,2.93,4.39
08/02/2024 10:43 p. m.,Ordeño,08:00,10.36,3,,,TI,TI,0,,1.98,1.56,0.00,1.98,0,0,0,0,4.91,4.78,0.00,4.59,VMS 2,,Tanque,,2.70,2.34,0.00,2.76,3.09,3.25,0.00,4.02
09/02/2024 02:51 a. m.,Ordeño,05:36,10.71,1,,,,,0,,1.92,1.44,1.62,1.62,0,0,0,0,5.24,5.10,5.09,5.01,VMS 2,,Tanque,,2.64,1.92,2.22,2.16,2.23,1.98,4.09,2.41
09/02/2024 01:23 p. m.,Ordeño,07:23,22.10,2,,,,,0,,2.28,1.62,1.74,1.80,0,0,0,0,5.45,5.29,5.18,5.18,VMS 2,,Tanque,,3.12,2.28,2.22,2.28,5.42,5.71,4.34,6.63
09/02/2024 08:35 p. m.,Ordeño,06:11,14.89,3,,,,,0,,2.22,1.62,1.62,1.92,0,0,0,0,5.11,4.96,4.85,4.72,VMS 2,,Tanque,,2.82,2.28,2.04,2.58,3.73,3.75,2.95,4.46
10/02/2024 05:26 a. m.,Ordeño,06:11,18.14,1,,,,,0,,2.16,1.86,1.74,2.04,0,0,0,0,5.11,5.10,4.91,4.72,VMS 2,,Tanque,,2.82,2.58,2.10,2.82,4.54,4.49,3.70,5.41
10/02/2024 11:19 a. m.,Ordeño,07:15,11.37,2,,,,,0,,2.04,1.86,1.56,1.86,0,0,0,0,4.51,4.63,4.63,4.46,VMS 2,,Tanque,,2.76,2.58,1.98,2.34,2.92,2.86,2.39,3.20
10/02/2024 04:31 p. m.,Ordeño,06:01,10.31,3,,,,,0,,2.04,1.68,1.56,1.92,0,0,0,0,4.99,4.91,4.81,4.60,VMS 2,,Tanque,,2.76,2.52,2.04,2.46,2.57,2.51,2.12,3.11
11/02/2024 01:37 a. m.,Ordeño,06:34,18.05,1,,,,,0,,2.04,1.86,1.68,1.98,0,0,0,0,5.51,5.56,5.20,5.16,VMS 2,,Tanque,,2.70,2.52,2.10,2.52,4.46,4.51,3.54,5.54
11/02/2024 09:04 a. m.,Ordeño,06:14,15.42,2,,,,,0,,1.92,1.98,1.68,2.04,0,0,0,0,4.96,5.03,4.95,4.68,VMS 2,,Tanque,,2.52,2.58,2.28,2.76,3.98,3.86,3.01,4.57
11/02/2024 04:19 p. m.,Ordeño,06:30,13.83,3,,,,,0,,1.92,1.92,1.50,2.04,0,0,0,0,4.78,4.83,4.69,4.46,VMS 2,,Tanque,,2.40,2.58,1.92,2.58,3.55,3.52,2.68,4.08
11/02/2024 11:05 p. m.,Ordeño,05:17,13.34,4,,,,,0,,2.04,1.80,1.50,1.98,0,0,0,0,5.32,5.23,5.02,4.80,VMS 2,,Tanque,,2.64,2.52,1.98,2.52,3.25,3.31,2.69,4.09
12/02/2024 07:03 a. m.,Ordeño,06:03,17.39,1,,,,,0,,2.04,1.86,1.62,1.92,0,0,0,0,5.52,5.42,5.16,5.00,VMS 2,,Tanque,,2.94,2.64,2.04,2.46,4.40,4.24,3.57,5.18
12/02/2024 12:17 p. m.,Ordeño,04:15,11.01,2,,,,,0,,2.04,1.92,1.68,1.98,0,0,0,0,4.84,4.82,4.83,4.60,VMS 2,,Tanque,,2.64,2.58,2.10,2.46,2.98,2.79,2.08,3.16
12/02/2024 07:05 p. m.,Ordeño,06:37,13.69,3,,,,,0,,2.04,1.86,1.62,1.86,0,0,0,0,5.10,4.91,4.81,4.81,VMS 2,,Tanque,,2.64,2.70,2.10,2.52,3.37,3.36,2.94,4.02
13/02/2024 12:32 a. m.,Ordeño,05:38,11.59,1,,,,,0,,1.92,1.74,1.50,1.86,0,0,0,0,5.49,5.31,5.15,5.15,VMS 2,,Tanque,,2.64,2.40,1.92,2.52,2.97,2.81,2.29,3.52
13/02/2024 09:25 a. m.,Ordeño,06:52,19.77,2,,,,,0,,2.16,2.04,1.74,1.80,0,0,0,0,5.78,5.58,5.36,4.99,VMS 2,,Tanque,,2.82,2.82,2.28,2.40,4.97,4.82,3.91,6.07
13/02/2024 03:10 p. m.,Ordeño,05:16,11.29,3,,,,,0,,2.04,1.98,1.56,1.80,0,0,0,0,5.15,5.18,4.97,4.93,VMS 2,,Tanque,,2.64,2.52,2.04,2.58,3.00,2.89,2.22,3.18
13/02/2024 08:19 p. m.,Ordeño,08:50,8.87,4,,,TI,TI,0,,2.10,1.74,0.00,1.62,0,0,0,0,4.96,4.90,0.00,4.87,VMS 2,,Tanque,,2.82,2.58,0.00,2.28,2.96,2.70,0.00,3.21
14/02/2024 02:21 a. m.,Ordeño,05:52,13.94,1,,,,,0,,1.86,1.80,1.68,1.68,0,0,0,0,5.37,5.51,5.37,5.26,VMS 2,,Tanque,,2.40,2.58,2.10,2.40,2.90,2.86,4.57,3.61
14/02/2024 10:47 a. m.,Ordeño,07:04,19.36,2,,,,,0,,2.28,1.92,1.62,1.92,0,0,0,0,5.49,5.43,5.10,5.28,VMS 2,,Tanque,,2.94,2.58,2.10,2.52,4.77,4.87,3.96,5.76
14/02/2024 06:01 p. m.,Ordeño,05:23,15.38,3,,,,,0,,2.22,1.80,1.68,1.92,0,0,0,0,5.09,5.10,4.84,4.87,VMS 2,,Tanque,,2.82,2.46,2.10,2.52,3.93,3.87,3.08,4.50
15/02/2024 01:04 a. m.,Ordeño,07:48,12.00,1,,,TI,TI,0,,2.10,1.98,0.00,1.80,0,0,0,0,5.15,5.37,0.00,5.14,VMS 2,,Tanque,,3.18,2.70,0.00,2.46,4.10,3.93,0.00,3.97
15/02/2024 08:31 a. m.,Ordeño,07:12,19.29,2,,,,,0,,2.10,2.16,1.68,2.04,0,0,0,0,5.23,5.17,5.43,4.80,VMS 2,,Tanque,,2.76,2.82,2.10,2.58,4.11,4.10,6.20,4.88
15/02/2024 07:52 p. m.,Ordeño,06:18,20.84,3,,,,,0,,2.16,1.86,1.56,2.04,0,0,0,0,5.22,5.02,4.90,4.68,VMS 2,,Tanque,,2.64,2.64,2.04,2.58,5.22,5.04,4.32,6.26
16/02/2024 12:17 a. m.,Ordeño,07:49,11.85,1,,DI,,,0,,2.16,1.86,1.44,1.86,0,0,0,0,4.95,4.97,4.84,4.86,VMS 2,,Tanque,,3.30,2.58,1.80,2.52,2.75,3.20,2.35,3.55
16/02/2024 09:04 a. m.,Ordeño,07:12,19.38,2,,,,,0,,2.22,1.74,1.68,1.92,0,0,0,0,5.55,5.63,5.47,5.53,VMS 2,,Tanque,,2.82,2.52,2.04,2.46,5.06,4.88,3.75,5.69
16/02/2024 04:17 p. m.,Ordeño,07:22,15.48,3,,,,,0,,2.16,1.68,1.56,1.80,0,0,0,0,5.35,5.44,5.34,5.24,VMS 2,,Tanque,,3.00,2.22,1.98,2.34,3.98,3.90,3.06,4.54
16/02/2024 11:00 p. m.,Ordeño,08:33,13.08,4,,,,,0,,1.86,1.80,1.38,1.92,0,0,0,0,4.96,5.17,4.99,4.98,VMS 2,,Tanque,,3.06,2.40,1.86,2.58,3.36,3.33,2.67,3.72
17/02/2024 10:52 a. m.,Ordeño,07:04,22.80,1,,,,,0,,2.16,2.16,1.74,1.98,0,0,0,0,5.49,5.71,5.31,5.52,VMS 2,,Tanque,,2.76,2.82,2.22,2.64,5.77,5.89,4.86,6.28
17/02/2024 03:39 p. m.,Ordeño,07:32,10.97,2,,,,,0,,2.16,1.80,1.44,1.68,0,0,0,0,5.23,5.04,4.99,4.91,VMS 2,,Tanque,,2.76,2.46,1.92,2.22,3.10,2.85,2.18,2.84
17/02/2024 09:37 p. m.,Ordeño,06:20,10.98,3,,,,,0,,1.86,1.80,1.32,1.74,0,0,0,0,5.36,5.31,5.19,5.25,VMS 2,,Tanque,,2.46,2.46,1.74,2.28,2.92,2.64,2.19,3.23
18/02/2024 02:30 a. m.,Ordeño,08:14,9.01,1,,,TI,TI,0,,1.80,1.62,0.00,1.80,0,0,0,0,5.44,5.30,0.00,5.32,VMS 2,,Tanque,,2.64,2.22,0.00,2.34,2.71,2.85,0.00,3.45
18/02/2024 11:21 a. m.,Ordeño,07:05,22.27,2,,DI,,,0,TI,2.04,1.98,1.68,2.04,0,0,0,0,4.30,5.49,5.53,5.26,VMS 2,,Tanque,,2.82,2.58,2.16,2.76,5.91,4.82,5.93,5.61
18/02/2024 05:15 p. m.,Ordeño,09:39,8.90,3,,,TI,TI,0,,1.74,1.68,0.00,1.74,0,0,0,0,5.11,5.16,0.00,5.11,VMS 2,,Tanque,,2.88,2.22,0.00,2.40,2.92,2.74,0.00,3.24
19/02/2024 12:56 a. m.,Ordeño,06:42,8.57,1,,DI,"DI,TI",TI,0,,1.44,1.68,0.00,1.86,0,0,0,0,5.29,5.44,0.00,5.37,VMS 2,,Tanque,,2.70,2.52,0.00,2.28,0.56,3.92,0.00,4.09
19/02/2024 07:57 a. m.,Ordeño,07:43,21.72,2,,,,,0,,2.28,1.80,1.74,1.92,0,0,0,0,5.84,5.35,5.53,5.25,VMS 2,,Tanque,,2.88,2.28,2.28,2.46,5.65,4.10,6.62,5.35
19/02/2024 03:39 p. m.,Ordeño,07:40,13.15,3,,DI,DI,,0,"DD,TI,TD",1.44,1.92,1.68,1.86,0,0,0,0,3.42,5.44,4.96,5.05,VMS 2,,Tanque,,2.10,2.64,2.22,2.46,1.91,3.81,2.78,4.65
19/02/2024 09:45 p. m.,Ordeño,05:53,13.07,4,,,,,0,,2.10,1.68,1.44,1.56,0,0,0,0,5.70,5.33,5.07,5.08,VMS 2,,Tanque,,2.88,2.40,1.80,2.40,4.94,2.95,2.03,3.15
20/02/2024 03:30 a. m.,Ordeño,08:11,11.42,1,,,TI,TI,0,,2.10,1.74,0.00,1.80,0,0,0,0,5.23,5.33,0.00,5.31,VMS 2,,Tanque,,2.88,2.16,0.00,2.40,3.81,3.44,0.00,4.17
20/02/2024 10:57 a. m.,Ordeño,06:15,19.36,2,,,,,0,,2.28,1.80,1.92,1.98,0,0,0,0,5.41,5.22,5.51,4.90,VMS 2,,Tanque,,3.00,2.58,2.40,2.70,3.95,4.42,5.94,5.05
20/02/2024 06:41 p. m.,Ordeño,08:48,13.38,3,,,,,0,,1.86,1.50,1.38,1.68,0,0,0,0,5.31,5.17,4.93,5.03,VMS 2,,Tanque,,2.58,1.98,1.74,2.22,3.31,3.36,2.65,4.06
21/02/2024 12:32 a. m.,Ordeño,05:08,11.22,1,,,,,0,,1.80,1.50,1.08,1.44,0,0,0,0,5.34,5.18,5.14,5.04,VMS 2,,Tanque,,2.40,2.04,1.56,2.40,2.89,2.91,2.03,3.39
21/02/2024 09:56 a. m.,Ordeño,05:20,22.11,2,,,,,0,DI,2.16,1.80,1.68,2.04,0,0,0,0,5.99,5.37,5.27,5.01,VMS 2,,Tanque,,2.76,2.34,2.22,2.76,5.71,5.22,4.35,6.83
21/02/2024 04:27 p. m.,Ordeño,10:01,9.94,3,,,TI,TI,0,,2.10,1.68,0.00,1.80,0,0,0,0,5.24,4.94,0.00,4.55,VMS 2,,Tanque,,3.18,2.22,0.00,2.28,3.29,3.04,0.00,3.61
22/02/2024 01:51 a. m.,Ordeño,06:37,21.27,1,,,,,0,,1.98,1.68,1.62,1.92,0,0,0,0,5.64,5.54,5.54,4.98,VMS 2,,Tanque,,2.52,2.22,1.98,2.40,4.79,4.74,5.91,5.83
22/02/2024 08:05 a. m.,Ordeño,06:22,8.73,2,,DI,"DI,TI",TI,0,,1.68,1.80,0.00,1.92,0,0,0,0,5.09,5.42,0.00,5.13,VMS 2,,Tanque,,2.76,2.40,0.00,2.46,0.70,3.77,0.00,4.26
22/02/2024 08:01 p. m.,Ordeño,07:01,24.95,3,,,,,0,,2.16,1.68,1.74,2.10,0,0,0,0,5.93,5.41,5.57,5.00,VMS 2,,Tanque,,2.70,2.16,2.28,2.70,7.06,5.01,6.69,6.19
23/02/2024 03:26 a. m.,Ordeño,07:25,10.63,1,,,,,0,,1.74,1.68,1.14,1.62,0,0,0,0,4.91,4.95,4.84,4.87,VMS 2,,Tanque,,2.28,2.28,1.92,2.28,2.75,2.76,2.00,3.12
23/02/2024 08:41 a. m.,Ordeño,04:59,11.82,2,,,,,0,,2.04,1.62,1.56,1.80,0,0,0,0,5.41,5.28,5.24,4.98,VMS 2,,Tanque,,2.70,2.22,1.92,2.58,2.80,2.93,2.30,3.79
23/02/2024 05:04 p. m.,Ordeño,05:36,18.24,3,,,,,0,,2.04,1.74,1.74,2.10,0,0,0,0,5.81,5.48,5.56,5.26,VMS 2,,Tanque,,2.70,2.34,2.16,2.64,4.48,4.54,3.77,5.45
23/02/2024 11:41 p. m.,Ordeño,08:07,12.33,4,,DI,,,0,,1.74,1.62,1.38,1.80,0,0,0,0,5.27,5.15,5.15,5.06,VMS 2,,Tanque,,2.64,2.22,1.74,2.34,2.53,3.42,2.61,3.77
24/02/2024 04:49 a. m.,Ordeño,07:54,11.20,1,,,,,0,,1.86,1.74,1.26,1.80,0,0,0,0,5.47,5.29,5.15,4.99,VMS 2,,Tanque,,2.52,2.34,1.56,2.40,3.38,2.67,2.02,3.13
24/02/2024 12:33 p. m.,Ordeño,06:00,17.47,2,,,,,0,,1.86,1.80,1.68,2.22,0,0,0,0,5.80,5.76,5.62,5.40,VMS 2,,Tanque,,2.58,2.40,2.10,2.76,4.54,4.26,3.30,5.37
24/02/2024 07:36 p. m.,Ordeño,07:03,13.97,3,,,,,0,,1.92,1.74,1.56,1.92,0,0,0,0,5.59,5.56,5.42,5.48,VMS 2,,Tanque,,2.46,2.28,1.98,2.58,3.65,3.55,2.82,3.95
25/02/2024 04:41 a. m.,Ordeño,07:19,13.85,1,,,TI,TI,0,,1.80,1.80,0.00,1.92,0,0,0,0,5.73,5.69,0.00,5.34,VMS 2,,Tanque,,2.88,2.40,0.00,2.40,4.31,4.41,0.00,5.13
25/02/2024 12:40 p. m.,Ordeño,05:26,18.04,2,,,,,0,,2.04,1.80,1.74,2.04,0,0,0,0,5.65,5.55,5.64,4.87,VMS 2,,Tanque,,2.76,2.46,2.16,2.58,4.38,4.44,4.36,4.86
25/02/2024 05:52 p. m.,Ordeño,08:22,11.04,3,,,,,0,,1.92,1.80,1.44,1.74,0,0,0,0,5.31,5.41,5.12,5.27,VMS 2,,Tanque,,2.40,2.70,1.86,2.10,2.91,2.64,2.25,3.24
26/02/2024 01:33 a. m.,Ordeño,08:42,12.42,1,,,TI,TI,0,,1.80,1.74,0.00,1.74,0,0,0,0,5.77,5.21,0.00,5.42,VMS 2,,Tanque,,2.34,2.34,0.00,2.22,3.91,4.00,0.00,4.51
26/02/2024 10:28 a. m.,Ordeño,07:25,21.62,2,,,,,0,,2.16,1.98,1.86,1.98,0,0,0,0,5.77,5.61,5.70,5.30,VMS 2,,Tanque,,2.82,2.70,2.34,2.46,5.07,4.75,5.71,6.09
26/02/2024 06:37 p. m.,Ordeño,05:45,18.28,3,,,,,0,DI,2.16,1.98,1.68,1.98,0,0,0,0,5.84,5.37,5.06,5.04,VMS 2,,Tanque,,2.82,2.58,2.10,2.70,4.58,4.68,3.45,5.57
27/02/2024 01:15 a. m.,Ordeño,05:56,8.65,1,,DI,"DI,TI",TI,0,,1.50,1.92,0.00,1.92,0,0,0,0,5.16,5.10,0.00,5.07,VMS 2,,Tanque,,2.58,2.58,0.00,2.52,0.55,3.74,0.00,4.36
27/02/2024 07:29 a. m.,Ordeño,06:30,19.01,2,,,,,0,,2.10,1.74,1.56,1.86,0,0,0,0,5.83,5.38,5.47,5.22,VMS 2,,Tanque,,3.00,2.52,1.98,2.58,6.18,3.56,5.21,4.06
27/02/2024 04:02 p. m.,Ordeño,05:33,20.22,3,,,,,0,,1.98,1.92,1.62,1.98,0,0,0,0,4.78,5.94,5.56,5.76,VMS 2,,Tanque,,2.76,2.64,2.16,2.46,5.76,4.91,3.81,5.74
28/02/2024 12:04 a. m.,Ordeño,06:59,15.62,1,,,,,0,,2.04,1.86,1.38,1.86,0,0,0,0,5.46,5.46,5.24,5.42,VMS 2,,Tanque,,2.70,2.46,1.86,2.34,3.96,4.01,3.09,4.56
28/02/2024 08:05 a. m.,Ordeño,07:59,17.96,2,,,,,0,,2.04,1.92,1.62,1.98,0,0,0,0,5.61,5.59,5.52,5.32,VMS 2,,Tanque,,2.52,2.70,2.10,2.64,4.61,4.48,3.36,5.51
28/02/2024 04:36 p. m.,Ordeño,06:15,17.60,3,,,,,0,,2.04,1.68,1.62,2.10,0,0,0,0,5.53,5.39,5.40,5.19,VMS 2,,Tanque,,2.70,2.34,2.16,2.82,4.09,4.41,3.59,5.51
28/02/2024 09:50 p. m.,Ordeño,09:09,10.72,4,,,,,0,,1.98,1.56,1.32,1.68,0,0,0,0,5.34,5.13,5.25,5.12,VMS 2,,Tanque,,2.88,2.10,1.74,2.10,2.83,2.74,2.14,3.01
29/02/2024 02:31 a. m.,Ordeño,07:44,8.37,1,,DI,,,0,,1.86,1.44,1.20,1.62,0,0,0,0,5.45,5.41,5.40,5.25,VMS 2,,Tanque,,2.64,2.04,1.50,2.28,1.88,2.15,1.74,2.60
29/02/2024 09:16 a. m.,Ordeño,08:10,16.44,2,,,,,0,,2.04,1.74,1.44,1.92,0,0,0,0,5.91,5.80,5.68,5.39,VMS 2,,Tanque,,2.76,2.34,2.10,2.58,4.40,4.03,3.04,4.97
29/02/2024 05:10 p. m.,Ordeño,06:00,17.00,3,,,,,0,,2.04,1.74,1.62,2.04,0,0,0,0,5.64,5.40,5.40,5.07,VMS 2,,Tanque,,2.64,2.58,2.04,2.52,4.26,4.22,3.42,5.10
01/03/2024 12:46 a. m.,Ordeño,08:43,13.48,1,,,TI,TI,0,,1.98,1.68,0.00,1.92,0,0,0,0,5.45,5.47,0.00,5.38,VMS 2,,Tanque,,2.58,2.34,0.00,2.34,4.22,4.19,0.00,5.07
01/03/2024 05:09 a. m.,Ordeño,05:49,13.18,2,,,,,0,,1.92,1.68,1.62,1.62,0,0,0,0,5.18,5.12,5.53,5.07,VMS 2,,Tanque,,2.46,2.34,2.10,2.22,2.68,2.52,5.19,2.79
01/03/2024 01:28 p. m.,Ordeño,06:23,13.64,3,,,TI,TI,0,,2.04,1.68,0.00,1.92,0,0,0,0,5.46,5.37,0.00,5.30,VMS 2,,Tanque,,2.64,2.22,0.00,2.46,4.38,4.31,0.00,4.95
01/03/2024 09:43 p. m.,Ordeño,07:05,20.40,4,,,,,0,,1.98,1.68,1.62,1.98,0,0,0,0,5.47,5.44,5.72,5.28,VMS 2,,Tanque,,2.52,2.22,2.16,2.46,4.15,4.18,6.64,5.43
02/03/2024 04:53 a. m.,Ordeño,06:24,10.48,1,,DI,"DI,TI",TI,0,,1.62,1.74,0.00,1.92,0,0,0,0,5.63,5.51,0.00,5.55,VMS 2,,Tanque,,2.58,2.40,0.00,2.46,1.11,4.29,0.00,5.08
02/03/2024 01:07 p. m.,Ordeño,07:14,21.70,2,,,,,0,,1.98,1.74,1.62,1.86,0,0,0,0,5.54,5.37,5.51,4.95,VMS 2,,Tanque,,2.58,2.28,2.04,2.34,6.33,4.23,6.07,5.07
02/03/2024 07:02 p. m.,Ordeño,05:26,11.58,3,,,,,0,,1.86,1.68,1.32,1.68,0,0,0,0,5.07,5.10,4.97,5.10,VMS 2,,Tanque,,2.64,2.22,1.74,2.16,3.02,2.85,2.30,3.41
03/03/2024 12:53 a. m.,Ordeño,07:57,12.89,1,,,,,0,,1.74,1.86,1.32,1.68,0,0,0,0,5.26,5.25,5.16,5.17,VMS 2,,Tanque,,2.40,2.88,1.62,2.16,3.26,3.34,2.46,3.83
03/03/2024 12:38 p. m.,Ordeño,07:28,22.71,2,,,,,0,,1.98,1.86,1.44,1.86,0,0,0,0,5.77,5.70,5.56,5.67,VMS 2,,Tanque,,2.58,2.46,1.92,2.34,5.76,5.58,4.45,6.92
03/03/2024 10:37 p. m.,Ordeño,07:32,22.22,3,,,,,0,,2.10,1.80,1.56,1.92,0,0,0,0,5.63,5.62,5.40,5.47,VMS 2,,Tanque,,2.88,2.64,1.98,2.46,5.57,5.46,4.16,7.03
04/03/2024 03:58 a. m.,Ordeño,06:17,6.54,1,,DI,"DI,TI",TI,0,,1.26,1.74,0.00,1.68,0,0,0,0,4.62,5.15,0.00,5.10,VMS 2,,Tanque,,2.46,2.34,0.00,2.22,0.28,3.14,0.00,3.12
04/03/2024 09:43 a. m.,Ordeño,07:02,15.56,2,,,,,0,,2.22,1.74,1.62,1.68,0,0,0,0,5.33,5.14,5.45,5.12,VMS 2,,Tanque,,2.94,2.40,2.40,2.16,4.94,2.91,4.21,3.50
04/03/2024 04:12 p. m.,Ordeño,05:02,13.33,3,,,,,0,,1.98,1.74,1.50,1.80,0,0,0,0,5.14,5.16,4.98,5.02,VMS 2,,Tanque,,2.64,2.28,1.92,2.34,3.36,3.19,2.69,4.09
04/03/2024 11:28 p. m.,Ordeño,05:51,13.52,4,,,,,0,,1.86,1.62,1.38,1.74,0,0,0,0,5.26,5.28,5.17,5.19,VMS 2,,Tanque,,2.52,2.28,2.04,2.28,3.33,3.31,2.61,4.27
05/03/2024 07:22 a. m.,Ordeño,12:39,15.83,1,,,,,0,,1.68,1.74,1.38,1.92,0,0,0,0,5.58,5.52,5.43,5.52,VMS 2,,Tanque,,2.34,2.28,1.86,2.34,3.25,4.42,2.53,5.63
05/03/2024 11:49 a. m.,Ordeño,08:29,9.31,2,,,,TI,0,,1.86,1.74,0.00,1.68,0,0,0,0,5.35,5.37,0.00,5.42,VMS 2,,Tanque,,2.76,2.40,0.00,2.16,3.57,2.75,0.00,2.99
05/03/2024 05:23 p. m.,Ordeño,05:27,15.05,3,,,,,0,,1.92,1.68,1.68,1.80,0,0,0,0,5.41,5.30,5.41,5.25,VMS 2,,Tanque,,2.70,2.34,2.04,2.16,3.15,2.96,5.01,3.93
06/03/2024 12:48 a. m.,Ordeño,07:11,16.36,1,,,,,0,,1.98,1.68,1.56,1.86,0,0,0,0,5.47,5.36,5.14,5.34,VMS 2,,Tanque,,2.58,2.28,2.04,2.34,3.98,3.81,3.22,5.35
06/03/2024 08:29 a. m.,Ordeño,07:14,15.54,2,,,,,0,,2.04,1.86,1.38,1.80,0,0,0,0,5.24,5.27,5.10,5.09,VMS 2,,Tanque,,2.64,2.40,1.98,2.40,3.87,3.84,2.86,4.97
06/03/2024 04:43 p. m.,Ordeño,06:04,15.89,3,,,,,0,,1.92,1.74,1.62,1.80,0,0,0,0,5.19,5.14,4.90,5.15,VMS 2,,Tanque,,2.52,2.28,2.10,2.34,3.96,3.90,3.14,4.89
06/03/2024 09:55 p. m.,Ordeño,05:49,5.63,4,,DI,"DI,TI",TI,0,,1.26,1.62,0.00,1.62,0,0,0,0,5.23,5.12,0.00,5.15,VMS 2,,Tanque,,2.28,2.10,0.00,2.22,0.27,2.45,0.00,2.91
07/03/2024 02:41 a. m.,Ordeño,05:56,12.30,1,,,,,0,,1.92,1.50,1.56,1.02,0,0,0,0,5.65,5.39,5.34,4.92,VMS 2,,Tanque,,2.52,2.16,1.92,1.98,4.21,2.20,3.39,2.50
07/03/2024 11:29 a. m.,Ordeño,09:04,20.65,2,,,,,0,,2.10,1.92,1.62,1.98,0,0,0,0,5.37,5.45,5.18,5.77,VMS 2,,Tanque,,2.64,2.58,2.16,2.46,5.13,4.91,4.25,6.36
07/03/2024 04:54 p. m.,Ordeño,05:11,10.92,3,,,,,0,,1.98,1.74,1.50,1.68,0,0,0,0,5.17,5.20,4.82,5.18,VMS 2,,Tanque,,2.58,2.46,2.04,2.34,2.85,2.60,2.12,3.35
07/03/2024 11:38 p. m.,Ordeño,05:31,13.85,4,,,,,0,,1.98,1.56,1.50,1.80,0,0,0,0,5.52,5.34,5.18,5.46,VMS 2,,Tanque,,2.46,2.10,1.98,2.34,3.47,3.30,2.69,4.39
08/03/2024 08:18 a. m.,Ordeño,07:12,15.20,1,,,TI,TI,0,,2.16,1.68,0.00,2.04,0,0,0,0,5.36,5.61,0.00,5.49,VMS 2,,Tanque,,2.88,2.16,0.00,2.52,4.57,4.52,0.00,6.11
08/03/2024 03:27 p. m.,Ordeño,09:17,17.90,2,,,,,0,,1.92,1.68,1.68,1.80,0,0,0,0,5.26,5.26,5.67,5.38,VMS 2,,Tanque,,2.46,2.46,2.40,2.22,3.77,3.70,5.79,4.64
08/03/2024 08:14 p. m.,Ordeño,05:41,11.38,3,,,,,0,,2.04,1.62,1.56,1.74,0,0,0,0,5.31,5.19,4.90,5.17,VMS 2,,Tanque,,2.70,2.16,2.04,2.34,2.79,2.86,2.28,3.45
09/03/2024 03:16 a. m.,Ordeño,05:59,15.85,1,,,,,0,,2.04,1.80,1.62,1.98,0,0,0,0,5.49,5.55,5.23,5.58,VMS 2,,Tanque,,2.64,2.34,1.98,2.40,4.01,3.68,3.14,5.02
09/03/2024 11:06 a. m.,Ordeño,08:41,16.01,2,,,,,0,,2.10,1.68,1.50,1.74,0,0,0,0,5.48,5.40,5.21,5.01,VMS 2,,Tanque,,2.70,2.10,1.98,2.28,3.89,3.72,3.04,5.36
09/03/2024 03:44 p. m.,Ordeño,07:02,9.48,3,,DI,,,0,,1.92,1.74,1.38,1.56,0,0,0,0,4.94,5.00,4.93,5.03,VMS 2,,Tanque,,2.70,2.28,1.80,2.28,2.03,2.52,1.94,2.99
10/03/2024 12:54 a. m.,Ordeño,06:51,18.59,1,,,,,0,,1.92,1.80,1.44,1.98,0,0,0,0,5.42,5.45,5.19,5.52,VMS 2,,Tanque,,2.46,2.34,1.86,2.46,4.71,4.17,3.45,6.26
10/03/2024 08:50 a. m.,Ordeño,06:59,11.50,2,,DI,"DI,TI",TI,0,,1.74,1.74,0.00,1.86,0,0,0,0,5.47,5.50,0.00,5.56,VMS 2,,Tanque,,2.40,2.22,0.00,2.46,1.81,4.12,0.00,5.57
10/03/2024 03:54 p. m.,Ordeño,07:29,19.80,3,,,,,0,,2.10,1.74,1.62,1.80,0,0,0,0,5.53,5.36,5.58,5.37,VMS 2,,Tanque,,2.82,2.28,2.10,2.34,5.51,3.64,5.87,4.78
10/03/2024 11:34 p. m.,Ordeño,07:55,15.74,4,,,,,0,,1.98,1.80,1.50,1.74,0,0,0,0,5.01,5.28,4.89,5.31,VMS 2,,Tanque,,2.64,2.28,1.92,2.52,4.04,3.69,2.98,5.03
11/03/2024 05:14 a. m.,Ordeño,08:15,9.82,1,,,TI,TI,0,,1.80,1.68,0.00,1.74,0,0,0,0,5.27,5.33,0.00,5.55,VMS 2,,Tanque,,2.40,2.28,0.00,2.28,2.90,3.02,0.00,3.90
11/03/2024 11:39 a. m.,Ordeño,09:07,15.86,2,,,,,0,,1.86,1.80,1.62,1.92,0,0,0,0,5.31,5.25,5.48,5.40,VMS 2,,Tanque,,2.58,2.46,2.10,2.52,3.33,3.42,4.66,4.45
11/03/2024 09:06 p. m.,Ordeño,10:06,13.85,3,,DI,TI,TI,0,,1.80,1.74,0.00,1.80,0,0,0,0,5.12,5.12,0.00,5.20,VMS 2,,Tanque,,2.28,2.28,0.00,2.46,3.82,4.17,0.00,5.86
12/03/2024 03:06 a. m.,Ordeño,06:39,15.78,1,,,,,0,,1.68,1.74,1.56,1.62,0,0,0,0,5.22,5.33,5.19,5.23,VMS 2,,Tanque,,2.16,2.34,1.92,2.46,3.25,3.11,5.55,3.87
12/03/2024 07:39 a. m.,Ordeño,08:15,7.69,2,,DI,DI,,0,,1.62,1.68,1.32,1.62,0,0,0,0,5.36,5.32,4.74,5.50,VMS 2,,Tanque,,2.58,2.16,1.80,2.22,0.89,2.27,2.11,2.42
12/03/2024 02:57 p. m.,Ordeño,07:10,18.59,3,,,,,0,,1.74,1.86,1.62,1.92,0,0,0,0,5.55,5.37,5.14,5.64,VMS 2,,Tanque,,2.34,2.52,2.04,2.46,5.36,4.07,3.20,5.96
13/03/2024 12:58 a. m.,Ordeño,09:42,19.89,1,,,,,0,,1.86,1.98,1.44,1.80,0,0,0,0,5.17,5.26,5.31,5.57,VMS 2,,Tanque,,2.76,2.64,1.86,2.22,5.10,4.80,3.54,6.45
13/03/2024 07:37 a. m.,Ordeño,08:13,14.20,2,,,,,0,,1.68,1.80,1.32,1.68,0,0,0,0,5.12,5.27,5.11,5.47,VMS 2,,Tanque,,2.16,2.34,1.74,2.46,3.48,3.57,2.87,4.28
13/03/2024 04:55 p. m.,Ordeño,07:36,18.83,3,,,,,0,,1.74,1.86,1.56,1.80,0,0,0,0,5.10,5.19,5.11,5.24,VMS 2,,Tanque,,2.28,2.58,1.98,2.28,4.65,4.47,3.69,6.02
13/03/2024 09:41 p. m.,Ordeño,06:43,8.95,4,,,,,0,,1.62,1.74,1.26,1.50,0,0,0,0,5.02,5.17,5.03,4.95,VMS 2,,Tanque,,2.22,2.46,1.74,2.10,2.27,2.26,1.62,2.80
14/03/2024 05:24 a. m.,Ordeño,07:42,16.68,1,,,,,0,,1.80,1.86,1.50,1.74,0,0,0,0,4.98,5.20,4.94,5.31,VMS 2,,Tanque,,2.34,2.46,1.98,2.34,4.16,4.16,3.11,5.25
14/03/2024 12:52 p. m.,Ordeño,09:50,11.74,2,,,TI,TI,0,,1.98,1.68,0.00,1.56,0,0,0,0,5.09,5.12,0.00,5.36,VMS 2,,Tanque,,2.70,2.10,0.00,2.40,3.76,3.57,0.00,4.41
14/03/2024 09:44 p. m.,Ordeño,07:29,13.66,3,,DI,TI,TI,0,,2.04,1.74,0.00,1.86,0,0,0,0,5.28,5.23,0.00,5.82,VMS 2,,Tanque,,2.58,2.28,0.00,2.40,3.07,4.76,0.00,5.83
15/03/2024 02:57 a. m.,Ordeño,07:20,16.42,1,,,,,0,,2.04,1.68,1.74,1.62,0,0,0,0,5.43,5.32,5.66,5.78,VMS 2,,Tanque,,2.52,2.16,2.16,2.22,3.88,2.80,6.31,3.43
15/03/2024 10:43 a. m.,Ordeño,08:48,16.07,2,,DI,,,0,,2.04,1.92,1.26,1.80,0,0,0,0,5.41,5.49,5.10,5.91,VMS 2,,Tanque,,2.88,2.52,1.74,2.28,3.58,4.19,3.11,5.19
15/03/2024 04:46 p. m.,Ordeño,07:31,12.45,3,,,,,0,,2.10,1.80,1.32,1.74,0,0,0,0,5.37,5.32,5.11,5.57,VMS 2,,Tanque,,2.70,2.34,1.68,2.22,3.73,2.95,2.25,3.52
15/03/2024 10:48 p. m.,Ordeño,10:18,8.82,4,,,TI,TI,0,,1.68,1.74,0.00,1.56,0,0,0,0,5.16,5.32,0.00,5.25,VMS 2,,Tanque,,2.52,2.22,0.00,2.22,2.64,2.71,0.00,3.47
16/03/2024 06:01 a. m.,Ordeño,06:39,8.10,1,,,"DI,TI","DI,TI",0,,0.00,1.68,0.00,1.56,0,0,0,0,0.00,5.50,0.00,5.55,VMS 2,,Tanque,,0.00,2.16,0.00,2.10,0.00,3.66,0.00,4.44
16/03/2024 01:01 p. m.,Ordeño,08:21,20.61,2,,,,,0,,2.04,1.80,1.92,1.86,0,0,0,0,5.31,5.26,5.68,4.99,VMS 2,,Tanque,,2.76,2.34,2.40,2.46,5.63,3.73,6.33,4.92
16/03/2024 07:23 p. m.,Ordeño,04:55,8.19,3,,,,,0,,1.68,1.38,1.26,1.44,0,0,0,0,5.36,5.44,5.26,5.58,VMS 2,,Tanque,,2.40,1.92,1.80,2.04,1.96,2.01,1.47,2.75
16/03/2024 10:49 p. m.,Ordeño,07:13,6.63,4,,,TI,TI,0,,1.56,1.50,0.00,1.68,0,0,0,0,5.02,5.18,0.00,5.29,VMS 2,,Tanque,,2.28,2.10,0.00,2.22,2.01,2.05,0.00,2.57
17/03/2024 06:25 a. m.,Ordeño,13:35,12.58,1,,TD,TD,,0,,1.80,1.50,1.74,1.80,0,0,0,0,5.53,5.58,5.72,5.41,VMS 2,,Tanque,,2.22,2.04,2.28,2.28,3.26,3.14,3.90,2.28
17/03/2024 11:21 a. m.,Ordeño,07:35,11.51,2,,TD,,,0,,1.86,1.80,1.92,1.62,0,0,0,0,5.19,5.31,4.85,5.75,VMS 2,,Tanque,,3.06,2.52,2.40,2.28,3.02,3.33,2.59,2.57
17/03/2024 05:01 p. m.,Ordeño,05:11,12.62,3,,TD,,,0,,1.80,1.50,1.68,1.68,0,0,0,0,5.54,5.30,5.47,5.20,VMS 2,,Tanque,,2.40,2.46,2.10,2.46,2.71,2.69,4.80,2.42
17/03/2024 11:10 p. m.,Ordeño,06:48,13.39,4,,,,,0,,1.80,1.74,1.32,1.68,0,0,0,0,5.66,5.59,5.46,5.48,VMS 2,,Tanque,,2.46,2.64,1.86,2.22,3.05,3.29,2.07,4.98
18/03/2024 07:47 a. m.,Ordeño,09:50,14.54,1,,TD,TD,,0,,1.86,1.80,1.68,1.68,0,0,0,0,5.53,5.56,5.36,5.39,VMS 2,,Tanque,,2.34,2.34,2.34,2.34,4.45,4.18,3.55,2.36
18/03/2024 01:39 p. m.,Ordeño,06:21,11.33,2,,TD,TD,,0,,1.86,1.86,1.62,1.56,0,0,0,0,5.12,5.03,5.10,5.51,VMS 2,,Tanque,,2.34,2.64,2.10,1.98,3.47,3.35,2.64,1.87
18/03/2024 07:01 p. m.,Ordeño,04:52,7.95,3,,TD,TD,,0,,1.80,1.74,1.26,1.08,0,0,0,0,5.07,5.01,5.09,5.27,VMS 2,,Tanque,,2.40,2.46,1.80,1.68,2.55,2.60,1.91,0.89
19/03/2024 01:09 a. m.,Ordeño,08:43,7.50,1,,,TD,TD,0,,1.68,1.50,1.44,0.00,0,0,0,0,5.01,5.07,5.14,0.00,VMS 2,,Tanque,,2.22,2.22,1.80,0.00,2.75,2.53,2.22,0.00
19/03/2024 05:06 p. m.,Ordeño,07:20,17.50,3,,,,,0,,2.04,1.80,1.74,1.74,0,0,0,0,5.24,5.13,5.54,5.13,VMS 2,,Tanque,,2.58,2.28,2.16,2.34,3.94,4.02,6.05,3.49
19/03/2024 11:58 p. m.,Ordeño,06:39,10.65,1,,DI,TI,TI,0,,1.86,1.74,0.00,1.74,0,0,0,0,5.19,5.15,0.00,5.54,VMS 2,,Tanque,,2.40,2.22,0.00,2.22,3.70,3.84,0.00,3.11
20/03/2024 10:05 a. m.,Ordeño,12:40,18.50,2,,,,,0,,2.04,1.62,1.68,1.68,0,0,0,0,5.66,5.51,5.60,5.87,VMS 2,,Tanque,,2.52,2.16,2.16,2.16,4.29,4.46,5.12,4.63
20/03/2024 06:29 p. m.,Ordeño,07:26,18.66,3,,,,,0,,2.22,1.74,1.56,1.86,0,0,0,0,5.14,4.94,4.94,5.56,VMS 2,,Tanque,,2.82,2.34,2.04,2.46,4.80,4.75,4.02,5.09
21/03/2024 01:42 a. m.,Ordeño,07:46,12.90,1,,,,,0,,2.04,1.62,1.62,2.04,0,0,0,0,4.83,4.82,4.96,5.03,VMS 2,,Tanque,,2.76,2.28,2.10,2.58,3.39,3.32,2.62,3.57
21/03/2024 10:17 a. m.,Ordeño,06:11,9.67,2,,DI,"DI,TI",TI,0,,1.56,1.86,0.00,1.86,0,0,0,0,5.36,5.37,0.00,5.66,VMS 2,,Tanque,,2.16,2.46,0.00,2.40,1.13,4.04,0.00,4.50
21/03/2024 03:54 p. m.,Ordeño,06:22,16.20,3,,,,,0,,2.04,1.50,1.80,1.32,0,0,0,0,4.73,5.36,5.79,5.70,VMS 2,,Tanque,,2.76,2.04,2.34,2.16,5.75,2.43,5.09,2.93
21/03/2024 08:59 p. m.,Ordeño,07:58,10.02,4,,,,,0,,1.86,1.56,1.26,1.80,0,0,0,0,4.96,5.23,5.19,5.39,VMS 2,,Tanque,,2.46,2.10,1.62,2.40,2.48,2.53,2.29,2.72
22/03/2024 02:26 a. m.,Ordeño,05:49,11.21,1,,,,,0,,1.86,1.68,1.56,1.86,0,0,0,0,5.22,5.30,5.17,5.55,VMS 2,,Tanque,,2.34,2.28,1.98,2.46,2.78,2.77,2.18,3.48
22/03/2024 01:37 p. m.,Ordeño,05:51,19.76,2,,,,,0,,1.74,1.80,1.56,1.86,0,0,0,0,5.40,5.48,5.37,5.52,VMS 2,,Tanque,,2.28,2.28,1.92,2.46,4.77,4.80,4.08,6.11
22/03/2024 07:53 p. m.,Ordeño,05:24,12.04,3,,,,,0,,1.68,1.74,1.56,1.80,0,0,0,0,5.12,5.08,5.09,5.14,VMS 2,,Tanque,,2.34,2.28,2.10,2.46,3.01,2.93,2.38,3.72
23/03/2024 02:59 a. m.,Ordeño,04:41,13.89,1,,,,,0,,1.80,1.80,1.68,1.80,0,0,0,0,5.48,5.35,5.33,5.55,VMS 2,,Tanque,,2.46,2.34,2.16,2.46,3.23,3.51,2.77,4.38
23/03/2024 11:36 a. m.,Ordeño,07:44,16.40,2,,,,,0,,1.80,1.86,1.68,1.86,0,0,0,0,5.32,5.49,5.34,5.49,VMS 2,,Tanque,,2.40,2.52,2.10,2.52,4.09,3.96,3.42,4.93
23/03/2024 09:18 p. m.,Ordeño,05:46,16.04,3,,,,,0,,1.92,1.68,1.68,1.86,0,0,0,0,5.10,5.07,5.12,5.21,VMS 2,,Tanque,,2.52,2.28,2.16,2.28,3.88,3.95,3.17,5.04
24/03/2024 01:54 a. m.,Ordeño,07:06,7.42,1,,TI,TI,TI,0,,1.68,1.68,0.12,1.74,0,0,0,0,4.89,5.02,3.22,4.99,VMS 2,,Tanque,,2.28,2.10,0.36,2.28,2.36,2.27,0.12,2.67
24/03/2024 09:41 a. m.,Ordeño,06:11,16.23,2,,,,,0,,1.86,1.56,1.74,1.86,0,0,0,0,5.47,5.50,5.43,5.44,VMS 2,,Tanque,,2.46,2.04,2.22,2.40,3.61,3.47,4.74,4.41
24/03/2024 05:10 p. m.,Ordeño,05:06,14.32,3,,,,,0,,1.80,1.62,1.68,1.92,0,0,0,0,5.42,5.43,5.24,5.16,VMS 2,,Tanque,,2.34,2.10,2.16,2.46,3.49,3.49,3.07,4.27
25/03/2024 01:51 a. m.,Ordeño,06:27,16.61,1,,,,,0,,1.92,1.68,1.80,1.98,0,0,0,0,5.35,5.42,5.22,5.05,VMS 2,,Tanque,,2.64,2.16,2.40,2.58,4.07,4.06,3.28,5.20
25/03/2024 07:29 a. m.,Ordeño,05:31,11.47,2,,,,,0,,1.98,1.68,1.86,1.80,0,0,0,0,5.07,5.11,4.88,5.04,VMS 2,,Tanque,,2.64,2.16,2.28,2.40,2.91,2.85,2.21,3.50
25/03/2024 12:42 p. m.,Ordeño,08:02,9.25,3,,,,,0,,1.68,1.32,1.56,1.62,0,0,0,0,5.07,5.16,5.14,5.19,VMS 2,,Tanque,,2.22,1.92,1.92,2.28,2.30,2.24,2.07,2.64
25/03/2024 07:31 p. m.,Ordeño,07:28,13.22,4,,,,,0,,1.92,1.62,1.32,1.86,0,0,0,0,5.20,5.25,5.12,5.20,VMS 2,,Tanque,,2.70,2.10,1.74,2.46,3.44,3.12,2.75,3.91
26/03/2024 12:24 a. m.,Ordeño,05:55,10.93,1,,,,,0,,1.92,1.56,1.62,1.92,0,0,0,0,5.23,5.23,5.17,5.21,VMS 2,,Tanque,,2.58,2.04,2.10,2.64,2.78,2.62,2.07,3.46
26/03/2024 09:42 a. m.,Ordeño,09:05,14.51,2,,,TI,TI,0,,2.04,1.92,0.00,1.80,0,0,0,0,5.37,5.64,0.00,5.36,VMS 2,,Tanque,,2.82,2.46,0.00,2.34,4.65,4.45,0.00,5.41
26/03/2024 02:21 p. m.,Ordeño,06:37,12.76,3,,,,,0,,1.92,1.68,1.80,1.74,0,0,0,0,5.02,5.02,5.49,5.11,VMS 2,,Tanque,,2.58,2.22,2.28,2.22,2.36,2.31,5.57,2.52
26/03/2024 10:19 p. m.,Ordeño,07:21,15.92,4,,,,,0,,1.98,1.74,1.62,1.92,0,0,0,0,5.24,5.27,4.95,4.98,VMS 2,,Tanque,,2.46,2.22,2.22,2.76,3.92,3.76,3.15,5.09
27/03/2024 03:49 a. m.,Ordeño,05:27,11.57,1,,,,,0,,1.86,1.80,1.38,1.80,0,0,0,0,4.97,5.07,4.68,4.91,VMS 2,,Tanque,,2.34,2.34,1.92,2.16,2.92,2.96,2.15,3.54
27/03/2024 02:25 p. m.,Ordeño,07:32,20.37,2,,,,,0,,2.28,1.80,1.80,1.80,0,0,0,0,5.24,5.40,5.25,5.22,VMS 2,,Tanque,,2.94,2.40,2.28,2.28,4.96,5.03,4.28,6.10
27/03/2024 11:15 p. m.,Ordeño,07:50,15.45,3,,,,,0,,1.98,1.74,1.44,1.74,0,0,0,0,4.77,4.86,4.90,4.83,VMS 2,,Tanque,,2.70,2.28,1.92,2.34,3.89,3.81,3.10,4.65
28/03/2024 06:02 a. m.,Ordeño,05:58,12.67,1,,,,,0,,1.92,1.62,1.44,1.74,0,0,0,0,5.24,5.07,5.16,5.24,VMS 2,,Tanque,,2.34,2.34,1.80,2.28,3.16,3.17,2.55,3.79
28/03/2024 11:32 a. m.,Ordeño,07:05,11.14,2,,,,,0,,1.80,1.62,1.38,1.56,0,0,0,0,5.32,5.20,5.21,5.30,VMS 2,,Tanque,,2.58,2.28,1.74,2.10,2.96,2.75,2.22,3.21
28/03/2024 10:23 p. m.,Ordeño,07:17,21.46,3,,,,,0,,2.10,1.92,1.68,1.86,0,0,0,0,5.36,5.54,5.33,5.54,VMS 2,,Tanque,,2.64,2.40,2.16,2.52,5.33,5.08,4.30,6.75
29/03/2024 07:46 a. m.,Ordeño,07:38,19.14,1,,,,,0,,2.28,1.80,1.56,1.68,0,0,0,0,4.96,5.19,5.03,5.04,VMS 2,,Tanque,,3.00,2.46,2.10,2.16,4.88,4.75,3.84,5.67
29/03/2024 05:34 p. m.,Ordeño,06:20,17.94,2,,,,,0,,2.28,1.80,1.50,1.80,0,0,0,0,5.03,5.34,5.09,5.25,VMS 2,,Tanque,,3.06,2.34,1.98,2.46,4.50,4.24,3.68,5.52
29/03/2024 10:38 p. m.,Ordeño,08:17,9.16,3,,,TI,TI,0,,1.98,1.74,0.00,1.74,0,0,0,0,4.96,5.13,0.00,5.26,VMS 2,,Tanque,,2.94,2.40,0.00,2.22,3.10,2.97,0.00,3.09
30/03/2024 04:46 a. m.,Ordeño,08:27,13.04,1,,,,,0,,1.92,1.74,1.56,1.56,0,0,0,0,5.49,5.54,5.42,5.33,VMS 2,,Tanque,,2.46,2.28,1.86,2.10,2.60,2.77,4.39,3.28
30/03/2024 12:15 p. m.,Ordeño,05:55,17.15,2,,,,,0,,2.10,1.86,1.68,1.86,0,0,0,0,5.23,5.28,5.08,5.12,VMS 2,,Tanque,,2.82,2.52,2.10,2.40,4.29,4.09,3.41,5.36
30/03/2024 10:58 p. m.,Ordeño,06:50,19.86,3,,,,,0,,2.04,1.74,1.62,1.86,0,0,0,0,5.23,5.34,5.17,5.24,VMS 2,,Tanque,,2.70,2.28,1.98,2.40,5.01,4.85,4.12,5.88
31/03/2024 09:28 a. m.,Ordeño,06:10,19.65,1,,,,,0,,2.22,1.86,1.68,1.92,0,0,0,0,4.96,5.22,5.17,5.29,VMS 2,,Tanque,,2.76,2.34,2.04,2.46,5.06,4.81,4.07,5.71
31/03/2024 03:49 p. m.,Ordeño,05:29,13.28,2,,,,,0,,1.92,1.68,1.44,1.92,0,0,0,0,5.11,5.00,5.03,4.69,VMS 2,,Tanque,,2.40,2.16,1.80,2.46,3.29,3.30,2.48,4.21
31/03/2024 10:15 p. m.,Ordeño,05:23,12.20,3,,,,,0,,1.92,1.80,1.32,1.80,0,0,0,0,5.23,5.34,5.18,5.23,VMS 2,,Tanque,,2.58,2.34,1.68,2.52,3.06,2.93,2.60,3.61
01/04/2024 05:44 a. m.,Ordeño,09:33,11.87,1,,,TI,TI,0,,2.04,1.74,0.00,1.74,0,0,0,0,5.24,5.27,0.00,5.36,VMS 2,,Tanque,,2.70,2.22,0.00,2.16,3.76,3.78,0.00,4.33
01/04/2024 10:45 a. m.,Ordeño,07:16,12.39,2,,,,,0,,2.04,1.62,1.56,1.56,0,0,0,0,4.97,5.07,5.32,4.94,VMS 2,,Tanque,,2.76,2.22,1.98,2.46,2.62,2.53,4.24,3.00
01/04/2024 11:14 p. m.,Ordeño,08:27,23.93,3,,,,,0,,2.10,1.80,1.62,1.86,0,0,0,0,5.31,5.40,5.15,5.38,VMS 2,,Tanque,,2.70,2.46,2.16,2.40,5.90,5.72,5.18,7.13
02/04/2024 10:46 a. m.,Ordeño,07:05,17.70,1,,,TI,TI,0,,2.04,1.86,0.00,2.64,0,0,0,0,5.23,5.34,0.00,5.24,VMS 2,,Tanque,,2.70,2.58,0.00,4.26,5.59,5.22,0.00,6.89
02/04/2024 04:04 p. m.,Ordeño,09:35,7.04,2,,TD,TI,TI,0,,2.04,1.68,0.00,1.74,0,0,0,0,5.10,5.04,0.00,4.90,VMS 2,,Tanque,,2.64,2.22,0.00,2.28,2.66,2.51,0.00,1.87
03/04/2024 04:49 p. m.,Ordeño,07:12,27.97,1,,,,,0,,2.16,1.86,1.68,1.80,0,0,0,0,5.34,5.69,5.52,5.82,VMS 2,,Tanque,,2.76,2.46,2.16,2.40,6.76,6.78,6.23,8.20
04/04/2024 12:32 a. m.,Ordeño,08:31,10.98,1,,,TI,TI,0,,1.98,1.62,0.00,1.62,0,0,0,0,4.68,4.69,0.00,4.71,VMS 2,,Tanque,,2.58,2.22,0.00,2.16,3.62,3.48,0.00,3.88
04/04/2024 06:32 a. m.,Ordeño,07:53,9.47,2,,,TI,TI,0,,1.74,1.62,0.00,1.62,0,0,0,0,5.15,5.24,0.00,4.90,VMS 2,,Tanque,,2.52,2.16,0.00,2.34,3.03,2.95,0.00,3.49
04/04/2024 12:57 p. m.,Ordeño,05:17,14.29,3,,,,,0,,1.80,1.50,1.92,1.44,0,0,0,0,5.62,5.51,5.48,5.36,VMS 2,,Tanque,,2.52,2.10,2.46,2.34,2.87,2.71,5.38,3.33
04/04/2024 08:19 p. m.,Ordeño,04:59,12.55,4,,,,,0,,1.86,1.80,1.74,1.74,0,0,0,0,5.48,5.57,5.39,5.59,VMS 2,,Tanque,,2.34,2.28,2.28,2.34,3.27,3.23,2.16,3.89
05/04/2024 07:08 a. m.,Ordeño,09:21,15.58,1,,,TD,TD,0,,2.04,1.92,1.62,0.00,0,0,0,0,5.36,5.38,5.33,0.00,VMS 2,,Tanque,,2.64,2.64,2.04,0.00,5.88,5.71,3.99,0.00
05/04/2024 04:20 p. m.,Ordeño,09:09,21.11,2,,,,,0,,1.92,1.92,1.86,1.80,0,0,0,0,5.33,5.43,5.47,5.75,VMS 2,,Tanque,,2.40,2.40,2.46,2.46,4.80,4.47,3.38,8.46
05/04/2024 09:19 p. m.,Ordeño,07:27,7.22,3,,,TI,TI,0,,1.86,1.68,0.00,1.80,0,0,0,0,4.94,5.06,0.00,4.51,VMS 2,,Tanque,,2.70,2.34,0.00,2.22,2.39,2.40,0.00,2.43
06/04/2024 02:13 a. m.,Ordeño,07:14,6.30,1,,DI,TI,TI,0,,1.80,1.68,0.00,1.68,0,0,0,0,5.33,5.40,0.00,5.31,VMS 2,,Tanque,,2.52,2.22,0.00,2.28,1.84,2.15,0.00,2.31
06/04/2024 02:10 p. m.,Ordeño,05:39,24.07,2,,,,,0,,2.28,1.92,1.80,1.98,0,0,364,0,5.61,5.64,5.68,5.64,VMS 2,,Tanque,,2.88,2.52,2.34,2.64,6.27,5.65,5.30,6.85
06/04/2024 07:53 p. m.,Ordeño,05:21,8.06,3,,,,,0,,1.86,1.68,1.38,1.56,0,0,0,0,4.97,5.05,4.96,4.98,VMS 2,,Tanque,,2.40,2.28,1.80,2.10,2.21,2.14,1.42,2.29
07/04/2024 02:34 a. m.,Ordeño,05:37,7.99,1,,DI,"DI,TI",TI,0,,1.26,1.98,0.00,1.98,0,0,0,0,4.76,5.12,0.00,4.96,VMS 2,,Tanque,,2.22,2.52,0.00,2.58,0.26,3.62,0.00,4.11
07/04/2024 07:15 a. m.,Ordeño,06:05,5.03,2,,DI,"DI,TI",TI,0,,1.74,1.56,0.00,1.62,0,0,0,0,5.63,5.41,0.00,5.34,VMS 2,,Tanque,,2.70,2.40,0.00,2.10,0.84,2.14,0.00,2.05
07/04/2024 03:47 p. m.,Ordeño,05:25,23.12,3,,,,,0,,2.40,1.92,2.10,1.98,0,0,0,0,5.37,5.88,5.63,5.70,VMS 2,,Tanque,,3.00,2.52,2.52,2.52,6.34,4.44,6.59,5.75
07/04/2024 10:54 p. m.,Ordeño,07:09,13.44,4,,,,,0,,2.04,1.68,1.56,1.92,0,0,0,0,4.97,5.32,4.88,5.26,VMS 2,,Tanque,,2.76,2.22,2.16,2.52,3.48,3.42,2.45,4.09
08/04/2024 07:43 a. m.,Ordeño,05:26,18.06,1,,,,,0,,2.04,2.04,1.80,1.98,0,0,0,0,5.22,5.78,5.50,5.40,VMS 2,,Tanque,,2.58,2.58,2.28,2.58,4.71,4.58,3.09,5.68
08/04/2024 09:10 p. m.,Ordeño,05:22,23.78,2,,,,,0,,1.86,1.74,1.62,2.04,0,0,0,0,5.48,5.64,5.51,5.41,VMS 2,,Tanque,,2.52,2.46,1.98,2.64,6.20,6.14,4.49,6.95
09/04/2024 06:38 a. m.,Ordeño,06:43,19.66,1,,,,,0,,2.10,1.92,1.74,1.80,0,0,0,0,5.45,5.58,5.39,5.55,VMS 2,,Tanque,,2.94,2.46,2.28,2.46,5.07,4.87,3.92,5.80
09/04/2024 02:35 p. m.,Ordeño,07:53,13.39,2,,,TI,TI,0,,1.92,1.92,0.00,1.92,0,0,0,0,5.34,5.38,0.00,5.40,VMS 2,,Tanque,,2.70,2.46,0.00,2.46,4.44,4.19,0.00,4.76
09/04/2024 10:01 p. m.,Ordeño,07:24,16.20,3,,,,,0,,1.98,1.68,1.62,1.68,0,0,0,0,5.28,5.15,5.57,5.04,VMS 2,,Tanque,,2.70,2.28,2.10,2.22,3.40,3.22,5.58,4.00
10/04/2024 04:23 a. m.,Ordeño,06:11,12.62,1,,,,,0,,2.04,1.68,1.44,1.68,0,0,0,0,5.48,5.42,5.16,5.57,VMS 2,,Tanque,,2.64,2.22,1.86,2.10,3.39,3.02,2.41,3.80
10/04/2024 11:44 a. m.,Ordeño,07:44,10.35,2,,,TI,TI,0,,1.80,1.80,0.00,1.62,0,0,0,0,5.21,5.15,0.00,5.30,VMS 2,,Tanque,,2.46,2.34,0.00,2.10,3.31,3.18,0.00,3.86
10/04/2024 08:29 p. m.,Ordeño,07:17,19.75,3,,,,,0,,1.86,1.68,1.56,1.68,0,0,0,0,5.48,5.49,5.43,5.43,VMS 2,,Tanque,,2.40,2.28,1.92,2.16,4.48,4.21,5.88,5.18
11/04/2024 02:36 a. m.,Ordeño,09:32,10.05,1,,,TI,TI,0,,1.86,1.74,0.00,1.62,0,0,0,0,5.43,5.43,0.00,5.45,VMS 2,,Tanque,,2.40,2.28,0.00,2.22,3.37,3.05,0.00,3.63
11/04/2024 02:23 p. m.,Ordeño,06:17,23.95,2,,,,,0,,2.22,1.74,1.68,1.80,0,0,0,0,5.53,5.29,5.47,5.28,VMS 2,,Tanque,,2.76,2.28,2.10,2.28,5.77,5.36,6.30,6.52
11/04/2024 11:00 p. m.,Ordeño,07:31,15.35,3,,,,,0,,2.04,1.74,1.32,1.74,0,0,0,0,5.09,5.13,4.84,5.11,VMS 2,,Tanque,,2.64,2.34,1.74,2.16,4.12,3.95,2.68,4.60
12/04/2024 07:06 a. m.,Ordeño,07:39,15.46,1,,,,,0,,1.92,1.80,1.44,1.74,0,0,0,0,5.39,5.45,5.31,5.56,VMS 2,,Tanque,,2.52,2.46,1.80,2.16,4.02,3.73,3.18,4.53
12/04/2024 04:29 p. m.,Ordeño,07:05,16.43,2,,,,,0,,1.92,1.74,1.56,1.86,0,0,0,0,5.27,5.37,5.31,5.42,VMS 2,,Tanque,,2.64,2.34,1.92,2.40,4.18,4.11,2.96,5.18
12/04/2024 10:05 p. m.,Ordeño,07:43,7.39,3,,,TI,TI,0,,1.62,1.44,0.00,1.56,0,0,0,0,4.85,4.98,0.00,5.02,VMS 2,,Tanque,,2.52,1.92,0.00,2.16,2.56,2.28,0.00,2.55
13/04/2024 08:20 a. m.,Ordeño,08:38,19.82,1,,,,,0,,2.16,1.74,1.44,1.92,0,0,0,0,5.35,5.37,5.46,5.45,VMS 2,,Tanque,,2.82,2.28,1.86,2.64,4.71,4.62,5.24,5.25
13/04/2024 04:12 p. m.,Ordeño,07:23,14.44,2,,,,,0,,2.04,1.68,1.44,1.80,0,0,0,0,5.34,5.31,5.08,5.30,VMS 2,,Tanque,,2.52,2.22,1.98,2.40,3.64,3.61,2.84,4.35
14/04/2024 01:46 a. m.,Ordeño,07:16,15.69,1,,,,,0,,2.10,1.62,1.56,1.74,0,0,0,0,5.37,5.48,5.29,5.43,VMS 2,,Tanque,,2.76,2.28,2.04,2.40,3.93,3.98,3.10,4.68
14/04/2024 07:01 a. m.,Ordeño,05:04,9.33,2,,,,,0,,1.80,1.68,1.50,1.68,0,0,0,0,5.05,5.14,5.01,5.09,VMS 2,,Tanque,,2.40,2.28,2.28,2.16,2.30,2.37,1.82,2.84
14/04/2024 02:12 p. m.,Ordeño,06:19,8.38,3,,DI,TI,TI,0,,1.50,1.56,0.00,1.68,0,0,0,0,5.20,5.33,0.00,5.35,VMS 2,,Tanque,,2.22,2.10,0.00,2.16,2.52,2.73,0.00,3.13
15/04/2024 12:24 a. m.,Ordeño,06:51,18.80,1,,,,,0,,1.74,1.68,1.62,1.80,0,0,0,0,5.57,5.55,5.54,5.58,VMS 2,,Tanque,,2.34,2.34,1.98,2.46,4.60,3.89,5.33,4.98
15/04/2024 07:36 a. m.,Ordeño,06:37,7.58,2,,DI,"DI,TI",TI,0,,1.20,1.68,0.00,1.80,0,0,0,0,5.16,5.30,0.00,5.35,VMS 2,,Tanque,,2.04,2.22,0.00,2.22,0.32,3.33,0.00,3.93
15/04/2024 08:16 p. m.,Ordeño,06:52,24.02,3,,,,,0,,2.10,1.56,1.56,1.80,0,0,0,0,5.67,5.31,5.45,5.28,VMS 2,,Tanque,,2.82,2.16,2.04,2.28,6.67,5.08,6.29,5.98
16/04/2024 04:16 a. m.,Ordeño,10:30,15.60,1,,,,,0,,1.98,1.62,1.68,1.68,0,0,0,0,5.28,5.52,5.18,4.58,VMS 2,,Tanque,,2.46,2.16,2.22,2.22,3.77,4.01,2.89,4.93
16/04/2024 11:55 a. m.,Ordeño,05:30,14.10,2,,,,,0,,1.74,1.74,1.62,1.86,0,0,0,0,5.32,5.36,5.26,5.23,VMS 2,,Tanque,,2.22,2.28,2.04,2.40,3.37,3.53,2.80,4.40
16/04/2024 08:03 p. m.,Ordeño,05:24,14.09,3,,,,,0,,1.86,1.62,1.38,1.74,0,0,0,0,5.32,5.30,5.19,5.09,VMS 2,,Tanque,,2.40,2.22,1.74,2.10,3.48,3.62,2.72,4.27
17/04/2024 06:12 a. m.,Ordeño,05:16,18.17,1,,,,,0,,1.92,1.80,1.62,1.86,0,0,0,0,5.49,5.44,5.30,5.41,VMS 2,,Tanque,,2.46,2.28,1.98,2.46,4.56,4.60,3.59,5.42
17/04/2024 11:39 a. m.,Ordeño,05:10,11.92,2,,,,,0,,2.16,1.68,1.68,1.86,0,0,0,0,5.34,5.31,5.26,5.26,VMS 2,,Tanque,,2.76,2.28,2.04,2.40,3.05,2.97,2.40,3.50
17/04/2024 07:47 p. m.,Ordeño,07:17,14.91,3,,,,,0,,1.92,1.68,1.50,1.80,0,0,0,0,5.40,5.31,5.34,5.32,VMS 2,,Tanque,,2.46,2.16,1.80,2.34,3.76,3.74,2.96,4.45
18/04/2024 05:27 a. m.,Ordeño,05:50,18.06,1,,,,,0,,1.98,1.80,1.38,1.92,0,0,0,0,5.60,5.59,5.46,5.60,VMS 2,,Tanque,,2.46,2.46,1.80,2.40,4.68,4.50,3.46,5.42
18/04/2024 12:57 p. m.,Ordeño,05:39,15.14,2,,,,,0,,2.28,1.80,1.62,2.04,0,0,0,0,5.47,5.45,5.51,5.41,VMS 2,,Tanque,,3.06,2.34,1.98,2.46,4.01,3.73,2.86,4.54
18/04/2024 10:41 p. m.,Ordeño,05:36,18.28,3,,,,,0,,2.04,1.68,1.50,1.98,0,0,0,0,5.37,5.38,5.29,5.40,VMS 2,,Tanque,,2.58,2.22,1.98,2.46,4.85,4.47,3.53,5.43
19/04/2024 06:22 a. m.,Ordeño,05:56,15.57,1,,,,,0,,1.98,1.86,1.44,1.86,0,0,0,0,5.23,5.54,5.34,5.46,VMS 2,,Tanque,,2.52,2.34,1.80,2.40,4.15,3.90,2.93,4.59
19/04/2024 02:07 p. m.,Ordeño,08:32,11.70,2,,,TI,TI,0,,2.04,1.86,0.00,1.98,0,0,0,0,5.25,5.27,0.00,5.44,VMS 2,,Tanque,,3.00,2.58,0.00,2.64,3.84,3.51,0.00,4.35
19/04/2024 11:57 p. m.,Ordeño,07:18,19.18,1,,,,,0,,2.10,1.68,1.56,1.86,0,0,0,0,4.99,5.04,5.40,5.07,VMS 2,,Tanque,,2.82,2.28,1.98,2.46,4.23,3.90,6.15,4.90
20/04/2024 09:13 a. m.,Ordeño,06:41,10.69,2,,DI,TI,TI,0,,1.80,1.68,0.00,1.74,0,0,0,0,5.38,5.05,0.00,5.52,VMS 2,,Tanque,,2.46,2.40,0.00,2.28,2.89,3.79,0.00,4.01
20/04/2024 02:42 p. m.,Ordeño,05:23,14.50,3,,,,,0,,1.86,1.68,1.62,1.92,0,0,0,0,5.29,5.26,5.37,5.39,VMS 2,,Tanque,,2.64,2.22,2.10,2.58,3.34,2.84,5.13,3.19
21/04/2024 05:01 a. m.,Ordeño,06:48,23.52,1,,,,,0,,2.04,1.62,1.62,1.86,0,0,0,0,5.42,5.46,5.31,5.39,VMS 2,,Tanque,,2.58,1.98,2.04,2.34,6.20,5.58,4.72,7.02
21/04/2024 02:50 p. m.,Ordeño,06:12,16.27,2,,,,,0,,1.86,1.86,1.50,1.92,0,0,0,0,4.97,5.28,5.12,5.06,VMS 2,,Tanque,,2.40,2.46,2.10,2.52,4.34,4.04,3.18,4.71
21/04/2024 09:22 p. m.,Ordeño,06:36,10.75,3,,,,,0,,1.92,1.56,1.32,1.74,0,0,0,0,4.92,4.93,4.78,5.00,VMS 2,,Tanque,,2.46,1.98,1.86,2.16,2.81,2.58,2.04,3.32
22/04/2024 05:41 a. m.,Ordeño,06:56,16.17,1,,,,,0,,2.04,1.68,1.50,1.74,0,0,0,0,5.44,5.65,5.55,5.67,VMS 2,,Tanque,,2.82,2.16,1.92,2.22,4.25,3.94,3.27,4.71
22/04/2024 01:15 p. m.,Ordeño,09:00,11.38,2,,,TI,TI,0,,1.86,1.80,0.00,1.86,0,0,0,0,5.64,5.64,0.00,5.67,VMS 2,,Tanque,,2.58,2.46,0.00,2.46,3.66,3.58,0.00,4.14
22/04/2024 05:00 p. m.,Ordeño,04:44,9.97,3,,,,,0,,1.62,1.20,1.74,1.20,0,0,0,0,5.51,5.44,5.76,5.53,VMS 2,,Tanque,,2.40,1.86,2.22,1.98,1.83,1.62,4.33,2.19
23/04/2024 02:20 a. m.,Ordeño,07:03,17.34,1,,,,,0,,2.04,1.86,1.56,1.86,0,0,0,0,5.43,5.55,5.33,5.53,VMS 2,,Tanque,,2.70,2.40,2.04,2.28,4.72,4.23,3.38,5.01
23/04/2024 08:46 a. m.,Ordeño,07:10,13.11,2,,,,,0,,1.98,1.74,1.44,1.86,0,0,0,0,5.58,5.74,5.52,5.68,VMS 2,,Tanque,,2.64,2.10,1.80,2.52,3.46,3.17,2.57,3.91
23/04/2024 03:57 p. m.,Ordeño,07:20,14.27,3,,,,,0,,1.92,1.92,1.50,1.92,0,0,0,0,5.66,5.60,5.53,5.73,VMS 2,,Tanque,,2.40,2.40,1.98,2.46,3.74,3.48,2.81,4.24
24/04/2024 04:24 a. m.,Ordeño,07:09,21.81,1,,,,,0,,2.04,1.80,1.62,1.86,0,0,0,0,5.52,5.68,5.46,5.65,VMS 2,,Tanque,,2.70,2.46,2.16,2.34,5.72,5.20,4.29,6.60
24/04/2024 01:31 p. m.,Ordeño,06:55,18.10,2,,,,,0,,2.10,1.80,1.56,1.86,0,0,0,0,5.39,5.56,5.32,5.37,VMS 2,,Tanque,,2.64,2.34,1.98,2.46,4.68,4.51,3.50,5.41
25/04/2024 02:04 a. m.,Ordeño,09:04,17.63,1,,,TI,TI,0,,2.10,1.62,0.00,1.80,0,0,0,0,5.17,5.42,0.00,5.43,VMS 2,,Tanque,,2.82,2.16,0.00,2.22,5.72,5.53,0.00,6.38
25/04/2024 08:29 a. m.,Ordeño,06:28,17.63,2,,,,,0,,1.92,1.80,1.68,1.68,0,0,0,0,4.96,5.35,5.62,5.17,VMS 2,,Tanque,,2.52,2.40,2.10,2.22,3.61,3.18,6.64,4.20
25/04/2024 01:39 p. m.,Ordeño,07:24,10.68,3,,,,,0,,1.86,1.62,1.38,1.56,0,0,0,0,5.10,5.27,5.01,4.91,VMS 2,,Tanque,,2.52,2.16,1.98,2.28,2.89,2.66,2.06,3.07
25/04/2024 10:38 p. m.,Ordeño,07:18,16.00,4,,,,,0,,1.92,1.62,1.44,1.74,0,0,0,0,5.43,5.43,5.21,5.44,VMS 2,,Tanque,,2.58,2.16,1.92,2.16,4.01,3.99,3.15,4.85
26/04/2024 07:31 a. m.,Ordeño,07:09,17.66,1,,,,,0,,2.10,1.62,1.56,1.86,0,0,0,0,5.49,5.56,5.42,5.50,VMS 2,,Tanque,,2.76,2.10,1.98,2.34,4.37,4.26,3.55,5.48
26/04/2024 04:03 p. m.,Ordeño,05:54,15.60,2,,,,,0,,1.86,1.74,1.20,1.80,0,0,0,0,5.43,5.50,5.41,5.51,VMS 2,,Tanque,,2.58,2.28,1.56,2.28,4.11,3.89,3.12,4.48
27/04/2024 01:15 a. m.,Ordeño,05:57,18.21,1,,,,,0,,2.04,1.80,1.50,1.80,0,0,0,0,5.47,5.47,5.40,5.49,VMS 2,,Tanque,,2.70,2.46,2.16,2.46,5.00,4.53,3.48,5.20
27/04/2024 10:45 a. m.,Ordeño,06:22,18.28,2,,,,,0,,1.98,1.86,1.32,1.80,0,0,0,0,5.29,5.23,5.19,5.07,VMS 2,,Tanque,,2.70,2.34,1.92,2.28,4.91,4.27,3.75,5.35
27/04/2024 06:03 p. m.,Ordeño,05:44,14.61,3,,,,,0,,2.04,1.80,1.50,1.86,0,0,0,0,5.28,5.04,5.10,5.08,VMS 2,,Tanque,,2.58,2.34,1.92,2.34,3.95,3.43,2.88,4.35
28/04/2024 05:54 p. m.,Ordeño,07:40,24.03,1,,,,,0,,2.16,1.92,1.56,1.86,0,0,0,0,5.08,5.10,5.01,4.98,VMS 2,,Tanque,,2.82,2.40,2.04,2.58,6.08,5.83,4.75,7.37
28/04/2024 11:42 p. m.,Ordeño,07:15,11.61,2,,,,,0,,2.04,1.86,1.26,1.80,0,0,0,0,5.04,4.98,4.91,4.97,VMS 2,,Tanque,,2.70,2.46,1.74,2.34,3.19,2.99,2.20,3.23
29/04/2024 08:31 p. m.,Ordeño,06:48,24.52,1,,,,,0,,2.10,1.86,1.62,1.80,0,0,0,0,5.75,5.54,5.50,5.79,VMS 2,,Tanque,,2.70,2.40,2.10,2.46,6.08,5.49,5.33,7.62
30/04/2024 02:32 a. m.,Ordeño,05:43,11.60,1,,,,,0,,1.98,1.56,1.44,1.68,0,0,0,0,4.90,4.86,4.85,4.89,VMS 2,,Tanque,,2.52,2.16,1.92,2.16,3.12,2.94,2.22,3.32
30/04/2024 01:02 p. m.,Ordeño,06:05,17.85,2,,,,,0,,2.16,1.68,1.62,1.86,0,0,0,0,5.41,5.47,5.29,5.47,VMS 2,,Tanque,,2.88,2.22,2.04,2.40,4.60,4.35,3.73,5.17
30/04/2024 11:09 p. m.,Ordeño,06:01,17.77,3,,,,,0,,1.98,1.80,1.38,1.80,0,0,0,0,5.51,5.49,5.20,5.45,VMS 2,,Tanque,,2.52,2.46,1.86,2.58,4.60,4.18,3.73,5.26
01/05/2024 07:11 a. m.,Ordeño,06:14,16.17,1,,,,,0,,1.92,1.80,1.50,1.80,0,0,0,0,4.94,5.57,5.20,5.67,VMS 2,,Tanque,,2.46,2.34,1.98,2.34,4.51,3.86,3.01,4.79
01/05/2024 01:54 p. m.,Ordeño,07:12,12.28,2,,,,,0,,1.92,1.74,1.44,1.68,0,0,0,0,5.39,5.43,5.28,5.40,VMS 2,,Tanque,,2.64,2.22,1.80,2.16,3.15,3.00,2.65,3.48
01/05/2024 11:43 p. m.,Ordeño,06:49,18.53,3,,,,,0,,1.98,1.92,1.62,1.80,0,0,0,0,5.36,5.44,5.21,5.51,VMS 2,,Tanque,,2.94,2.34,2.10,2.34,4.79,4.34,3.78,5.62
02/05/2024 06:42 a. m.,Ordeño,06:17,13.88,1,,,,,0,,1.98,1.80,1.56,1.80,0,0,0,0,5.28,5.31,5.21,5.23,VMS 2,,Tanque,,2.76,2.28,1.98,2.22,3.57,3.51,2.66,4.14
02/05/2024 01:34 p. m.,Ordeño,05:07,11.93,2,,,,,0,,1.86,1.44,1.38,1.56,0,0,0,0,5.28,5.23,5.22,5.31,VMS 2,,Tanque,,2.64,1.98,1.92,2.28,3.15,2.99,2.33,3.46
02/05/2024 09:31 p. m.,Ordeño,05:56,12.27,3,,,,,0,,1.92,1.56,1.38,1.56,0,0,0,0,5.35,5.24,5.21,5.31,VMS 2,,Tanque,,2.52,2.10,1.86,2.22,3.01,3.02,2.51,3.73
03/05/2024 04:21 a. m.,Ordeño,08:15,11.21,1,,,TI,TI,0,,1.86,1.62,0.00,1.68,0,0,0,0,5.34,5.45,0.00,5.45,VMS 2,,Tanque,,2.46,2.28,0.00,2.40,3.49,3.57,0.00,4.15
03/05/2024 10:26 a. m.,Ordeño,06:41,14.67,2,,,,,0,,1.86,1.56,1.68,1.80,0,0,0,0,5.31,5.30,5.62,5.14,VMS 2,,Tanque,,2.52,2.16,2.16,2.58,3.09,2.74,5.37,3.47
03/05/2024 09:30 p. m.,Ordeño,06:56,17.13,3,,,,,0,,2.04,1.80,1.50,1.86,0,0,0,0,5.25,5.31,5.07,5.40,VMS 2,,Tanque,,2.52,2.58,2.10,2.40,4.51,3.95,3.34,5.33
04/05/2024 08:19 a. m.,Ordeño,06:00,19.80,1,,,,,0,,2.16,1.86,1.74,2.22,0,0,0,0,5.39,5.31,5.26,5.02,VMS 2,,Tanque,,2.70,2.46,2.40,2.76,5.23,4.53,4.08,5.96
04/05/2024 02:04 p. m.,Ordeño,06:58,11.54,2,,,,,0,,1.86,1.68,1.56,1.68,0,0,0,0,5.04,5.16,5.07,5.03,VMS 2,,Tanque,,3.00,2.22,2.10,2.52,3.01,2.92,2.52,3.09
05/05/2024 01:03 a. m.,Ordeño,09:10,14.70,1,,,TI,TI,0,,2.04,1.86,0.00,2.04,0,0,0,0,5.25,5.30,0.00,5.05,VMS 2,,Tanque,,2.70,2.58,0.00,2.82,4.65,4.48,0.00,5.57
05/05/2024 11:34 a. m.,Ordeño,08:25,20.49,2,,,,,0,,2.10,1.74,1.56,1.86,0,0,0,0,5.27,5.30,5.35,4.84,VMS 2,,Tanque,,2.94,2.46,2.04,2.58,4.77,4.49,5.78,5.45
05/05/2024 06:06 p. m.,Ordeño,05:18,9.45,3,,,,,0,,1.80,1.56,1.20,1.68,0,0,0,0,4.93,4.92,4.74,4.84,VMS 2,,Tanque,,2.34,2.04,1.74,2.22,2.42,2.21,1.77,3.05
06/05/2024 04:48 a. m.,Ordeño,05:58,18.42,1,,,,,0,,1.92,1.56,1.50,1.74,0,0,0,0,5.39,5.32,5.21,5.39,VMS 2,,Tanque,,2.52,2.10,1.92,2.28,4.62,4.87,3.44,5.49
06/05/2024 11:47 a. m.,Ordeño,05:46,12.89,2,,,,,0,,2.16,1.68,1.56,1.74,0,0,0,0,5.25,5.37,5.35,5.33,VMS 2,,Tanque,,2.88,2.28,2.04,2.22,3.35,2.95,2.62,3.97
06/05/2024 09:12 p. m.,Ordeño,06:44,16.30,3,,,,,0,,1.86,1.92,1.50,1.68,0,0,0,0,5.32,5.52,5.35,5.38,VMS 2,,Tanque,,2.52,2.76,1.92,2.28,4.07,3.93,3.26,5.04
07/05/2024 05:39 a. m.,Ordeño,08:56,12.71,1,,,TI,TI,0,,1.86,1.80,0.00,1.74,0,0,0,0,5.19,5.30,0.00,5.52,VMS 2,,Tanque,,2.76,2.40,0.00,2.22,4.03,4.04,0.00,4.64
07/05/2024 12:52 p. m.,Ordeño,06:20,14.56,2,,,,,0,,2.04,1.74,1.86,1.74,0,0,0,0,5.07,5.23,5.63,5.04,VMS 2,,Tanque,,2.58,2.40,2.28,2.46,3.07,2.75,5.09,3.65
07/05/2024 09:45 p. m.,Ordeño,08:46,13.61,3,,,,,0,,1.92,1.56,1.32,1.68,0,0,0,0,5.12,5.08,4.98,5.19,VMS 2,,Tanque,,2.46,2.10,1.68,2.22,3.51,3.15,2.75,4.20
08/05/2024 06:33 a. m.,Ordeño,08:23,11.80,1,,"DI,TI",DI,,0,,1.32,1.80,1.68,1.80,0,0,0,0,4.49,5.27,5.24,5.40,VMS 2,,Tanque,,2.16,2.52,2.40,2.58,0.55,3.97,2.49,4.79
08/05/2024 03:04 p. m.,Ordeño,05:45,18.62,2,,,,,0,,2.16,1.62,1.92,1.62,0,0,0,0,5.65,5.47,5.77,5.42,VMS 2,,Tanque,,2.64,2.16,2.52,2.22,4.69,3.53,5.94,4.46
08/05/2024 09:50 p. m.,Ordeño,10:11,12.00,3,,,,,0,,1.86,1.68,1.50,1.68,0,0,0,0,5.10,5.21,5.04,5.16,VMS 2,,Tanque,,2.70,2.40,1.98,2.22,3.26,2.98,2.30,3.46
09/05/2024 06:40 a. m.,Ordeño,05:43,15.27,1,,,,,0,,2.16,1.62,1.44,1.50,0,0,0,0,5.44,5.44,5.37,5.33,VMS 2,,Tanque,,2.70,2.22,1.92,2.28,3.98,3.84,2.88,4.57
09/05/2024 09:59 p. m.,Ordeño,05:21,23.32,2,,,,,0,,2.34,1.92,1.68,2.16,0,0,0,0,5.44,5.50,5.45,5.11,VMS 2,,Tanque,,2.88,2.40,2.16,2.70,6.07,5.60,4.87,6.78
10/05/2024 06:16 a. m.,Ordeño,08:04,12.27,1,,,TI,TI,0,,2.04,1.80,0.00,1.74,0,0,0,0,5.24,5.19,0.00,4.98,VMS 2,,Tanque,,2.88,2.34,0.00,2.46,4.08,3.80,0.00,4.39
10/05/2024 12:07 p. m.,Ordeño,05:27,13.71,2,,,,,0,,1.86,1.62,1.68,1.62,0,0,0,0,5.41,5.46,5.44,5.26,VMS 2,,Tanque,,2.40,2.28,2.10,2.40,2.52,2.58,5.41,3.20
11/05/2024 12:40 a. m.,Ordeño,08:47,20.96,1,,,,,0,"DI,DD,TI",2.10,1.74,1.50,1.26,0,0,0,0,5.44,5.57,5.36,3.80,VMS 2,,Tanque,,2.64,2.34,1.98,1.86,5.47,4.69,3.86,6.94
11/05/2024 06:37 a. m.,Ordeño,08:34,8.20,2,,,TI,TI,0,,1.80,1.86,0.00,1.62,0,0,0,0,4.94,5.04,0.00,5.01,VMS 2,,Tanque,,2.58,2.70,0.00,2.22,2.63,2.74,0.00,2.83
11/05/2024 12:17 p. m.,Ordeño,06:40,11.68,3,,,,,0,,1.98,1.80,1.56,1.56,0,0,0,0,5.42,5.32,5.35,5.29,VMS 2,,Tanque,,2.40,2.34,2.04,2.04,2.29,2.31,4.12,2.96
12/05/2024 02:16 a. m.,Ordeño,06:51,22.89,1,,,,,0,,2.22,1.86,1.68,1.80,0,0,0,0,5.76,5.65,5.43,5.67,VMS 2,,Tanque,,2.76,2.58,2.16,2.34,6.03,5.61,4.57,6.68
12/05/2024 09:03 a. m.,Ordeño,07:35,11.82,2,,,,,0,,1.86,1.80,1.44,1.86,0,0,0,0,5.02,5.04,4.97,4.80,VMS 2,,Tanque,,3.00,2.40,1.92,2.52,2.89,2.93,2.44,3.56
12/05/2024 05:35 p. m.,Ordeño,04:56,13.74,3,,,,,0,,1.92,1.62,1.50,1.80,0,0,0,0,5.38,5.31,5.22,5.33,VMS 2,,Tanque,,2.64,2.16,1.98,2.28,3.39,3.38,2.72,4.25
13/05/2024 01:14 a. m.,Ordeño,06:05,14.13,1,,,,,0,,2.10,1.68,1.38,1.74,0,0,0,0,5.45,5.42,5.43,5.61,VMS 2,,Tanque,,2.70,2.22,1.92,2.34,3.60,3.45,2.85,4.23
13/05/2024 08:41 a. m.,Ordeño,08:53,13.60,2,,,,,0,,1.92,1.74,1.38,1.74,0,0,0,0,5.31,5.43,5.33,5.44,VMS 2,,Tanque,,2.82,2.46,2.04,2.40,3.55,3.28,2.74,4.03
13/05/2024 05:05 p. m.,Ordeño,05:40,13.99,3,,,,,0,,1.80,1.68,1.62,1.80,0,0,0,0,5.45,5.43,5.39,5.31,VMS 2,,Tanque,,2.52,2.16,2.04,2.52,3.61,3.31,2.85,4.22
13/05/2024 11:27 p. m.,Ordeño,08:17,8.77,4,,,TI,TI,0,,1.80,1.68,0.00,1.80,0,0,0,0,5.30,5.31,0.00,5.46,VMS 2,,Tanque,,2.46,2.28,0.00,2.34,2.87,2.59,0.00,3.31
14/05/2024 04:28 a. m.,Ordeño,08:35,7.16,1,,,TI,TI,0,,1.86,1.56,0.00,1.32,0,0,0,0,5.16,5.17,0.00,5.13,VMS 2,,Tanque,,2.64,2.28,0.00,1.98,2.38,2.31,0.00,2.47
14/05/2024 12:52 p. m.,Ordeño,07:14,18.84,2,,,,,0,,1.80,1.74,1.68,1.98,0,0,0,0,5.30,5.58,5.85,5.25,VMS 2,,Tanque,,2.40,2.52,2.16,2.64,3.82,3.58,6.63,4.81
14/05/2024 09:53 p. m.,Ordeño,10:15,15.46,3,,,,,0,,2.04,1.68,1.20,1.74,0,0,0,0,5.44,5.41,4.70,5.42,VMS 2,,Tanque,,2.76,2.22,1.68,2.22,3.99,3.86,3.11,4.50
15/05/2024 07:33 a. m.,Ordeño,06:37,16.24,1,,,,,0,,2.22,1.62,1.62,1.98,0,0,0,0,5.43,5.53,5.47,5.15,VMS 2,,Tanque,,2.58,2.16,2.10,2.76,4.02,4.01,2.98,5.23
15/05/2024 03:37 p. m.,Ordeño,05:53,12.90,2,,,,,0,,1.98,1.74,1.38,1.80,0,0,0,0,5.30,5.28,5.25,5.41,VMS 2,,Tanque,,2.46,2.28,1.80,2.34,3.30,2.99,2.67,3.94
16/05/2024 01:29 a. m.,Ordeño,11:11,7.79,1,,DD,"DD,TI","DD,TI",0,,1.86,0.18,0.00,1.80,0,0,0,0,5.31,2.28,0.00,5.42,VMS 2,,Tanque,,2.52,0.36,0.00,2.22,3.46,0.08,0.00,4.25
16/05/2024 08:25 a. m.,Ordeño,08:32,18.97,2,,,,,0,,2.04,1.80,1.50,1.50,0,0,0,0,5.40,5.77,5.63,5.44,VMS 2,,Tanque,,2.76,2.40,1.92,2.22,3.56,5.71,5.46,4.24
16/05/2024 06:54 p. m.,Ordeño,05:45,16.33,3,,,,,0,,2.04,1.62,1.50,1.80,0,0,0,0,5.43,5.41,5.23,5.24,VMS 2,,Tanque,,2.64,2.22,1.92,2.46,4.35,3.79,3.21,4.98
17/05/2024 01:46 a. m.,Ordeño,05:08,12.04,1,,,,,0,,1.86,1.68,1.26,1.62,0,0,0,0,5.32,5.26,5.30,5.49,VMS 2,,Tanque,,2.58,2.34,1.80,2.28,3.12,2.67,2.37,3.88
17/05/2024 10:25 a. m.,Ordeño,08:04,14.08,2,,,,,0,,1.92,1.80,1.44,1.80,0,0,0,0,5.56,5.59,5.52,5.71,VMS 2,,Tanque,,2.46,2.16,1.92,2.52,3.51,3.08,3.03,4.46
17/05/2024 08:14 p. m.,Ordeño,06:44,16.99,3,,,,,0,,1.92,1.74,1.38,1.80,0,0,0,0,5.47,5.53,5.37,5.67,VMS 2,,Tanque,,2.40,2.46,1.92,2.34,4.35,3.96,3.49,5.19
18/05/2024 02:43 a. m.,Ordeño,08:15,8.36,1,,,TI,TI,0,,1.80,1.68,0.00,1.56,0,0,0,0,5.34,4.85,0.00,5.28,VMS 2,,Tanque,,2.40,2.22,0.00,2.22,2.73,2.57,0.00,3.06
18/05/2024 06:18 a. m.,Ordeño,04:35,7.67,2,,,,,0,,1.62,1.20,1.50,0.84,0,0,0,0,5.21,5.20,5.50,5.13,VMS 2,,Tanque,,2.16,1.86,1.92,1.44,1.46,1.39,3.04,1.78
18/05/2024 01:36 p. m.,Ordeño,05:32,11.32,3,,,,,0,,1.74,1.74,1.44,1.80,0,0,0,0,5.59,5.73,5.48,5.58,VMS 2,,Tanque,,2.28,2.40,1.74,2.40,2.71,2.57,2.66,3.38
18/05/2024 09:47 p. m.,Ordeño,05:35,12.20,4,,,,,0,,1.74,1.68,1.56,1.92,0,0,0,0,5.28,5.32,5.23,4.94,VMS 2,,Tanque,,2.22,2.10,1.98,2.76,3.06,2.65,2.45,4.04
19/05/2024 05:36 a. m.,Ordeño,07:14,12.29,1,,,,,0,,1.92,1.62,1.32,1.80,0,0,0,0,5.46,5.27,5.23,5.28,VMS 2,,Tanque,,2.58,2.34,1.86,2.52,3.19,2.90,2.47,3.73
19/05/2024 02:37 p. m.,Ordeño,08:19,11.37,2,,,TI,TI,0,,1.86,1.86,0.00,1.86,0,0,0,0,5.31,5.41,0.00,5.10,VMS 2,,Tanque,,2.64,2.46,0.00,2.70,3.58,3.29,0.00,4.50
19/05/2024 09:07 p. m.,Ordeño,11:15,5.14,3,,,"DD,TI","DD,TI",0,,1.68,0.00,0.00,1.74,0,0,0,0,5.18,0.00,0.00,5.29,VMS 2,,Tanque,,2.40,0.00,0.00,2.22,2.08,0.00,0.00,3.06
20/05/2024 06:51 a. m.,Ordeño,09:44,13.62,1,,,,TI,0,,1.98,2.10,0.00,1.80,0,0,0,0,5.33,5.81,0.00,5.52,VMS 2,,Tanque,,2.70,2.88,0.00,2.52,3.99,5.20,0.00,4.43
21/05/2024 11:46 a. m.,Ordeño,06:29,8.58,2,,TD,,,0,,1.80,1.74,1.32,1.80,0,0,0,0,4.88,4.98,5.22,4.62,VMS 2,,Tanque,,2.46,2.58,1.80,2.76,2.59,2.49,1.53,1.97
21/05/2024 08:20 p. m.,Ordeño,06:48,11.61,3,,,,,0,,1.86,1.68,1.20,1.74,0,0,0,0,5.05,5.14,5.28,5.16,VMS 2,,Tanque,,2.46,2.28,1.68,2.28,2.77,2.72,1.85,4.27
22/05/2024 06:49 a. m.,Ordeño,06:41,16.16,1,,,,,0,,1.98,1.86,1.44,1.74,0,0,0,0,5.45,5.54,5.54,5.37,VMS 2,,Tanque,,2.40,2.40,1.86,2.34,4.15,3.91,2.78,5.32
22/05/2024 02:16 p. m.,Ordeño,07:07,11.56,2,,,,,0,,1.92,1.74,1.44,1.92,0,0,0,0,5.05,5.12,5.35,4.85,VMS 2,,Tanque,,2.70,2.22,1.80,2.46,3.04,2.85,2.23,3.44
22/05/2024 11:35 p. m.,Ordeño,06:12,13.55,3,,,,,0,,1.86,1.92,1.50,1.74,0,0,0,0,5.33,5.27,5.33,5.31,VMS 2,,Tanque,,2.40,2.58,1.80,2.40,3.45,3.17,2.56,4.37
23/05/2024 08:27 a. m.,Ordeño,04:53,13.88,1,,,,,0,,1.98,2.04,1.50,1.92,0,0,0,0,5.32,5.54,5.49,5.50,VMS 2,,Tanque,,2.64,2.88,1.92,2.46,3.72,3.46,2.54,4.16
23/05/2024 06:05 p. m.,Ordeño,06:46,15.13,2,,,,,0,,1.92,1.86,1.50,1.98,0,0,0,0,5.37,5.46,5.56,5.66,VMS 2,,Tanque,,2.46,2.46,1.98,2.58,3.83,3.70,2.94,4.66
24/05/2024 02:30 a. m.,Ordeño,06:42,14.17,1,,DI,,,0,,2.22,1.86,1.56,1.98,0,0,0,0,5.18,5.53,5.48,5.45,VMS 2,,Tanque,,3.12,2.58,2.04,2.76,3.47,3.40,2.80,4.50
24/05/2024 09:51 a. m.,Ordeño,06:21,10.91,2,,,,,0,,2.16,1.98,1.38,2.16,0,0,0,0,5.19,5.32,5.29,5.04,VMS 2,,Tanque,,2.70,2.40,1.74,2.88,2.70,2.65,2.38,3.18
24/05/2024 06:36 p. m.,Ordeño,04:56,14.14,3,,,,,0,,2.04,1.80,1.62,1.98,0,0,0,0,5.34,5.25,5.30,5.14,VMS 2,,Tanque,,2.70,2.34,2.16,2.70,3.56,3.35,2.77,4.46
25/05/2024 01:59 a. m.,Ordeño,06:07,10.95,1,,,,,0,,2.04,1.68,1.38,1.92,0,0,0,0,5.21,5.18,5.25,5.06,VMS 2,,Tanque,,2.52,2.34,1.86,2.70,2.93,2.51,2.38,3.13
25/05/2024 09:33 a. m.,Ordeño,05:17,12.97,2,,,,,0,,1.92,1.74,1.56,1.98,0,0,0,0,5.35,5.39,5.38,5.11,VMS 2,,Tanque,,2.52,2.28,2.04,2.76,3.12,3.09,2.50,4.26
25/05/2024 06:56 p. m.,Ordeño,06:04,15.65,3,,,,,0,,1.98,1.56,1.56,1.92,0,0,0,0,5.41,5.40,5.24,5.26,VMS 2,,Tanque,,2.40,2.10,1.92,2.46,3.91,3.79,3.19,4.76
26/05/2024 02:15 a. m.,Ordeño,07:12,13.20,1,,,,,0,,1.92,1.80,1.44,2.10,0,0,0,0,4.72,5.00,5.06,4.72,VMS 2,,Tanque,,3.06,2.34,1.92,2.94,3.64,2.96,2.67,3.93
26/05/2024 11:51 a. m.,Ordeño,13:20,0.21,2,,,Todos,"DI,DD,TI",0,,0.00,0.00,0.00,0.36,0,0,0,0,0.00,0.00,0.00,3.55,VMS 2,,Tanque,,0.00,0.00,0.00,0.54,0.00,0.00,0.00,0.21
26/05/2024 04:18 p. m.,Ordeño,04:56,16.39,3,,,,,0,,2.16,1.86,1.68,2.10,0,0,0,0,5.02,5.24,5.11,4.87,VMS 2,,Tanque,,2.76,2.40,2.22,3.00,4.27,3.74,3.08,5.30
27/05/2024 06:56 a. m.,Ordeño,05:05,28.53,1,,,,,0,,4.56,3.54,4.74,4.56,0,0,0,0,5.81,5.36,5.58,5.70,VMS 2,,Tanque,,0.70,0.64,1.00,1.06,5.99,7.83,6.70,8.01
27/05/2024 10:01 p. m.,Ordeño,05:51,13.88,3,,,,,0,,1.98,1.80,1.74,1.74,0,0,0,0,5.30,5.42,5.14,5.12,VMS 2,,Tanque,,2.52,2.34,2.16,2.40,3.37,3.17,3.16,4.18
28/05/2024 05:55 a. m.,Ordeño,04:59,12.60,1,,,,,0,,1.92,1.74,1.62,1.74,0,0,0,0,5.49,5.40,5.23,5.26,VMS 2,,Tanque,,2.46,2.34,2.04,2.40,3.04,3.18,2.51,3.87
28/05/2024 01:22 p. m.,Ordeño,04:56,11.58,2,,,,,0,,1.92,1.74,1.56,1.68,0,0,0,0,5.20,5.05,5.00,4.98,VMS 2,,Tanque,,2.52,2.40,2.28,2.40,2.76,2.57,2.51,3.74
28/05/2024 10:56 p. m.,Ordeño,05:58,14.99,3,,,,,0,,1.92,1.74,1.74,1.74,0,0,0,0,5.47,5.33,5.27,5.38,VMS 2,,Tanque,,2.40,2.34,2.22,2.40,3.83,3.47,3.22,4.47
29/05/2024 06:21 a. m.,Ordeño,08:42,12.47,1,,,,,0,,1.92,1.74,1.44,1.74,0,0,0,0,5.14,5.01,5.00,5.03,VMS 2,,Tanque,,2.76,2.28,1.80,2.40,3.10,2.96,2.73,3.68
29/05/2024 01:45 p. m.,Ordeño,06:47,12.17,2,,,,,0,,1.86,1.68,1.38,1.74,0,0,0,0,5.20,5.08,5.01,5.08,VMS 2,,Tanque,,2.58,2.22,1.86,2.52,3.06,2.97,2.49,3.65
30/05/2024 02:31 a. m.,Ordeño,08:58,15.33,1,,,TI,TI,0,,2.04,1.80,0.00,1.86,0,0,0,0,5.19,5.17,0.00,5.55,VMS 2,,Tanque,,2.76,2.58,0.00,2.46,5.17,4.42,0.00,5.74
30/05/2024 06:34 a. m.,Ordeño,06:21,11.46,2,,,,,0,,1.68,1.62,1.74,1.32,0,0,0,0,4.98,4.96,5.60,4.90,VMS 2,,Tanque,,2.22,2.22,2.22,2.04,1.83,1.81,5.48,2.34
30/05/2024 02:54 p. m.,Ordeño,05:58,14.03,3,,,,,0,,1.92,1.80,1.44,1.74,0,0,0,0,5.44,5.35,5.13,5.25,VMS 2,,Tanque,,2.40,2.34,1.92,2.40,3.62,3.27,2.77,4.37
30/05/2024 11:27 p. m.,Ordeño,07:15,12.98,4,,,,,0,,1.92,1.74,1.38,1.68,0,0,0,0,5.12,4.88,4.98,5.12,VMS 2,,Tanque,,2.58,2.22,1.92,2.34,3.34,3.08,2.64,3.92
31/05/2024 07:22 a. m.,Ordeño,06:22,12.99,1,,,,,0,,1.98,1.80,1.44,1.92,0,0,0,0,5.23,5.17,5.19,4.97,VMS 2,,Tanque,,2.58,2.34,1.86,2.70,3.39,3.04,2.73,3.83
31/05/2024 04:35 p. m.,Ordeño,09:51,15.02,2,,,,,0,,1.98,1.56,1.44,1.92,0,0,0,0,5.25,5.16,5.19,4.97,VMS 2,,Tanque,,2.88,2.16,1.86,2.46,4.15,3.16,3.12,4.59
01/06/2024 12:42 a. m.,Ordeño,05:40,13.83,1,,,,,0,,2.28,1.74,1.50,1.92,0,0,0,0,5.05,5.15,5.16,5.07,VMS 2,,Tanque,,3.30,2.28,1.98,2.58,3.36,3.26,2.75,4.46
01/06/2024 01:18 p. m.,Ordeño,09:34,19.30,2,,,,,0,,2.22,1.92,1.62,1.86,0,0,0,0,5.32,5.36,5.23,5.34,VMS 2,,Tanque,,2.94,2.40,2.04,2.34,5.15,4.37,4.03,5.75
01/06/2024 10:11 p. m.,Ordeño,05:22,12.69,3,,,,,0,,2.10,1.68,1.56,1.68,0,0,0,0,4.80,4.80,4.82,4.62,VMS 2,,Tanque,,2.70,2.10,1.98,2.34,3.51,2.81,2.55,3.82
02/06/2024 05:45 a. m.,Ordeño,07:17,12.94,1,,,,,0,,2.04,1.68,1.62,1.74,0,0,0,0,5.13,5.19,5.09,4.96,VMS 2,,Tanque,,2.70,2.28,1.98,2.34,3.44,3.03,2.58,3.89
02/06/2024 01:26 p. m.,Ordeño,07:56,12.19,2,,,,,0,,1.50,1.68,1.50,1.74,0,0,0,0,4.54,5.08,5.15,5.13,VMS 2,,Tanque,,2.58,2.28,2.04,2.16,3.33,2.82,2.60,3.44
02/06/2024 08:41 p. m.,Ordeño,06:34,11.31,3,,,,,0,,1.14,1.68,1.32,1.62,0,0,0,0,4.87,5.10,4.93,4.93,VMS 2,,Tanque,,2.10,2.22,1.74,2.04,2.67,2.75,2.32,3.57
03/06/2024 04:51 a. m.,Ordeño,07:16,12.32,1,,,,,0,,1.38,1.74,1.44,1.74,0,0,0,0,4.76,5.20,5.19,5.22,VMS 2,,Tanque,,2.70,2.22,1.80,2.34,3.37,2.70,2.68,3.57
03/06/2024 02:32 p. m.,Ordeño,05:51,14.13,2,,TD,,,0,,1.86,1.80,1.56,1.80,0,0,0,0,5.28,5.11,5.02,5.22,VMS 2,,Tanque,,2.46,2.46,1.98,2.52,3.96,3.80,3.31,3.06
04/06/2024 12:00 a. m.,Ordeño,06:45,15.84,1,,,,,0,,1.80,1.86,1.56,1.86,0,0,0,0,5.28,5.22,5.08,5.25,VMS 2,,Tanque,,2.40,2.28,2.04,2.40,3.48,3.13,2.91,6.32
04/06/2024 11:53 a. m.,Ordeño,07:57,18.11,2,,,,,0,,1.98,1.98,1.44,1.92,0,0,0,0,5.22,5.17,5.19,5.26,VMS 2,,Tanque,,2.52,2.52,1.92,2.70,4.67,4.33,3.94,5.17
04/06/2024 08:14 p. m.,Ordeño,05:31,11.56,3,,,,,0,,1.86,1.68,1.38,1.68,0,0,0,0,4.59,4.63,4.72,4.55,VMS 2,,Tanque,,2.58,2.64,1.74,2.10,2.79,2.55,2.41,3.81
05/06/2024 02:54 a. m.,Ordeño,06:56,9.37,1,,,,,0,,1.86,1.56,1.44,1.38,0,0,0,0,4.78,4.71,4.84,4.76,VMS 2,,Tanque,,2.40,2.10,1.86,1.86,2.40,2.20,2.10,2.67
05/06/2024 01:29 p. m.,Ordeño,06:04,16.92,2,,,,,0,,1.98,1.74,1.56,1.80,0,0,0,0,5.44,5.44,5.26,5.50,VMS 2,,Tanque,,2.52,2.28,1.98,2.40,4.10,3.95,3.61,5.26
06/06/2024 12:18 a. m.,Ordeño,06:34,17.35,1,,,,,0,,1.98,1.86,1.74,1.80,0,0,0,0,5.26,5.24,5.26,5.35,VMS 2,,Tanque,,2.46,2.82,2.22,2.28,4.53,3.57,3.82,5.43
06/06/2024 07:09 a. m.,Ordeño,08:31,10.67,2,,,,,0,,1.92,1.74,1.62,1.86,0,0,0,0,5.05,5.05,5.00,5.00,VMS 2,,Tanque,,2.52,2.40,2.28,2.28,2.77,2.49,2.28,3.13
06/06/2024 05:01 p. m.,Ordeño,05:32,11.89,3,,,,,0,,1.80,1.68,1.56,1.68,0,0,0,0,4.75,4.92,4.90,4.52,VMS 2,,Tanque,,2.34,2.16,1.92,2.10,2.97,2.73,2.42,3.77
07/06/2024 01:19 a. m.,Ordeño,05:31,9.28,1,,,TI,TI,0,,1.92,1.80,0.00,1.86,0,0,0,0,4.61,4.73,0.00,4.64,VMS 2,,Tanque,,2.52,2.34,0.00,2.46,2.98,2.71,0.00,3.59
07/06/2024 07:01 a. m.,Ordeño,05:31,11.18,2,,,,,0,,1.80,1.68,1.68,1.80,0,0,0,0,4.60,4.79,4.91,4.39,VMS 2,,Tanque,,2.46,2.22,2.16,2.22,2.26,1.97,4.08,2.87
07/06/2024 02:58 p. m.,Ordeño,05:18,10.87,3,,,,,0,,2.04,1.86,1.68,1.74,0,0,0,0,4.83,4.89,4.69,4.76,VMS 2,,Tanque,,2.46,2.40,2.04,2.16,2.79,2.51,2.23,3.34
08/06/2024 02:17 a. m.,Ordeño,07:23,15.57,1,,,,,0,,1.98,1.92,1.50,1.74,0,0,0,0,5.01,5.10,4.89,4.90,VMS 2,,Tanque,,2.82,2.46,1.98,2.16,4.03,3.56,3.22,4.76
08/06/2024 02:51 p. m.,Ordeño,08:39,18.84,2,,,,,0,,1.98,1.98,1.50,1.80,0,0,0,0,4.75,4.83,4.84,4.41,VMS 2,,Tanque,,2.88,2.64,2.04,2.40,4.80,4.18,3.97,5.89
09/06/2024 12:23 a. m.,Ordeño,07:09,12.14,1,,,,,0,,1.80,1.74,1.56,1.86,0,0,0,0,4.69,4.83,4.77,4.95,VMS 2,,Tanque,,2.58,2.46,1.98,2.34,3.34,2.89,2.53,3.38
09/06/2024 01:09 p. m.,Ordeño,13:06,3.68,2,,,"DI,TI,TD","DI,TI,TD",0,,0.00,1.92,0.00,0.00,0,0,0,0,0.00,5.10,0.00,0.00,VMS 2,,Tanque,,0.00,2.58,0.00,0.00,0.00,3.68,0.00,0.00
09/06/2024 09:10 p. m.,Ordeño,05:59,21.96,3,,,,,0,,1.98,1.68,1.74,1.92,0,0,0,0,5.54,4.65,5.38,5.33,VMS 2,,Tanque,,2.64,2.58,2.16,2.52,5.83,3.06,5.60,7.47
10/06/2024 04:26 a. m.,Ordeño,15:09,3.89,1,,,"DI,TI","DI,TI",0,,0.00,1.68,0.00,1.62,0,0,0,0,0.00,4.92,0.00,4.80,VMS 2,,Tanque,,0.00,2.16,0.00,2.10,0.00,1.69,0.00,2.20
10/06/2024 04:20 p. m.,Ordeño,07:59,21.49,2,,,,,0,,1.98,1.80,1.50,1.86,0,0,0,0,5.09,4.90,5.17,4.81,VMS 2,,Tanque,,2.64,2.52,1.98,2.28,5.11,5.00,5.42,5.96
11/06/2024 01:26 a. m.,Ordeño,09:11,8.76,1,,,TD,TD,0,,1.92,1.68,1.62,0.00,0,0,0,0,4.96,4.84,4.89,0.00,VMS 2,,Tanque,,2.46,2.40,2.22,0.00,3.01,3.13,2.62,0.00
11/06/2024 06:17 a. m.,Ordeño,06:19,11.52,2,,,,,0,,1.74,1.50,1.38,1.86,0,0,0,0,5.10,4.90,4.96,5.28,VMS 2,,Tanque,,2.40,2.04,1.86,2.28,1.85,2.02,1.72,5.93
11/06/2024 08:33 p. m.,Ordeño,06:30,21.43,3,,,,,0,,1.98,1.74,1.56,1.92,0,0,0,0,5.38,5.24,5.13,4.95,VMS 2,,Tanque,,2.52,2.52,2.16,2.34,4.86,5.24,4.58,6.75
12/06/2024 06:36 a. m.,Ordeño,08:25,16.97,1,,,,,0,,2.04,1.98,1.44,1.92,0,0,0,0,5.14,4.82,4.54,5.14,VMS 2,,Tanque,,2.76,2.76,2.10,2.40,4.30,4.08,3.76,4.83
12/06/2024 05:35 p. m.,Ordeño,04:48,15.80,2,,,,,0,,1.92,1.86,1.56,1.80,0,0,0,0,5.16,5.03,5.11,5.20,VMS 2,,Tanque,,2.70,2.40,2.10,2.22,4.09,3.75,3.16,4.80
13/06/2024 07:37 a. m.,Ordeño,09:39,19.48,1,,,,TI,0,,2.16,1.86,0.00,1.86,0,0,0,0,5.21,5.20,0.00,4.60,VMS 2,,Tanque,,2.76,2.34,0.00,2.34,5.52,5.62,0.00,8.34
14/06/2024 02:57 a. m.,Ordeño,08:20,18.07,1,,,,,0,,2.04,1.80,1.68,1.80,0,0,0,0,5.17,4.98,4.93,4.83,VMS 2,,Tanque,,2.64,2.34,2.22,2.28,4.54,4.08,3.64,5.81
14/06/2024 10:26 a. m.,Ordeño,05:38,11.83,2,,,,,0,,1.98,2.04,1.62,1.80,0,0,0,0,4.73,4.70,4.85,4.35,VMS 2,,Tanque,,2.64,2.64,2.22,2.58,3.24,2.81,2.35,3.43
14/06/2024 08:49 p. m.,Ordeño,06:17,15.96,3,,,,,0,,1.92,1.62,1.68,1.80,0,0,0,0,4.78,4.62,4.62,4.53,VMS 2,,Tanque,,2.46,2.04,2.34,2.64,3.93,3.38,3.62,5.03
15/06/2024 08:39 a. m.,Ordeño,09:24,14.74,1,,,TI,TI,0,,2.10,1.86,0.00,2.16,0,0,0,0,4.97,4.88,0.00,4.66,VMS 2,,Tanque,,2.88,2.40,0.00,2.82,4.32,4.20,0.00,6.22
15/06/2024 05:57 p. m.,Ordeño,07:03,18.35,2,,,,,0,,2.04,1.68,1.80,2.04,0,0,0,0,4.82,4.77,5.31,4.52,VMS 2,,Tanque,,2.46,2.28,2.64,2.70,3.57,3.44,6.16,5.18
16/06/2024 02:42 a. m.,Ordeño,07:55,12.88,1,,,,TI,0,,2.04,1.74,0.00,2.04,0,0,0,0,4.58,4.75,0.00,4.56,VMS 2,,Tanque,,3.00,2.34,0.00,2.58,4.69,3.22,0.00,4.97
16/06/2024 08:49 a. m.,Ordeño,05:54,12.74,2,,,,,0,,1.86,1.74,1.68,2.04,0,0,0,0,4.46,4.56,4.91,4.30,VMS 2,,Tanque,,2.52,2.16,2.16,2.64,2.67,2.27,4.35,3.45
16/06/2024 04:26 p. m.,Ordeño,05:37,11.36,3,,,,,0,,1.86,1.56,1.50,1.98,0,0,0,0,4.66,4.74,4.72,4.51,VMS 2,,Tanque,,2.40,2.04,1.86,2.82,2.77,2.41,2.14,4.04
17/06/2024 04:59 a. m.,Ordeño,09:04,20.56,1,,,,,0,,1.92,1.74,1.62,1.92,0,0,0,0,5.17,5.13,5.14,4.99,VMS 2,,Tanque,,2.46,2.34,1.98,2.82,5.07,4.43,4.13,6.93
17/06/2024 03:16 p. m.,Ordeño,04:55,16.04,2,,,,,0,,1.98,1.68,1.62,2.04,0,0,0,0,4.78,4.78,4.82,4.37,VMS 2,,Tanque,,2.58,2.22,2.04,2.58,4.02,3.60,3.00,5.42
18/06/2024 12:27 a. m.,Ordeño,07:51,14.51,1,,,,,0,,1.98,1.68,1.62,1.92,0,0,0,0,4.59,4.73,4.95,4.42,VMS 2,,Tanque,,2.64,2.58,2.04,2.58,3.39,3.36,2.91,4.85
18/06/2024 08:20 a. m.,Ordeño,04:23,14.18,2,,,,,0,,1.98,1.80,1.74,2.04,0,0,0,0,5.12,5.12,5.15,4.70,VMS 2,,Tanque,,2.52,2.46,2.10,2.76,3.54,3.13,2.83,4.68
18/06/2024 04:54 p. m.,Ordeño,05:38,14.23,3,,,,,0,,1.92,1.68,1.56,1.86,0,0,0,0,5.11,4.99,5.14,4.72,VMS 2,,Tanque,,2.46,2.46,2.10,2.40,3.48,3.19,2.94,4.62
19/06/2024 01:15 a. m.,Ordeño,06:39,8.51,1,,DI,"DI,TI",TI,0,,1.02,1.74,0.00,1.92,0,0,0,0,4.15,4.84,0.00,4.81,VMS 2,,Tanque,,1.86,2.28,0.00,2.58,0.24,3.43,0.00,4.84
19/06/2024 08:12 a. m.,Ordeño,05:48,16.58,2,,,,,0,,1.92,1.68,1.80,1.86,0,0,0,0,5.01,4.87,5.35,5.20,VMS 2,,Tanque,,2.58,2.28,2.34,2.40,5.40,2.60,5.21,3.37
19/06/2024 08:29 p. m.,Ordeño,09:37,14.36,3,,,TI,TI,0,,1.98,1.74,0.00,1.92,0,0,0,0,4.75,4.77,0.00,5.03,VMS 2,,Tanque,,2.76,2.34,0.00,2.58,4.41,4.21,0.00,5.74
20/06/2024 01:33 a. m.,Ordeño,05:27,11.46,1,,,,,0,,1.68,1.56,1.80,1.68,0,0,0,0,4.61,4.67,5.15,4.60,VMS 2,,Tanque,,2.28,2.16,2.28,2.28,1.94,1.78,5.53,2.21
20/06/2024 10:35 a. m.,Ordeño,06:03,15.52,2,,,,,0,,1.98,1.74,1.62,1.86,0,0,0,0,5.16,5.13,4.90,5.11,VMS 2,,Tanque,,2.52,2.28,2.16,2.46,3.95,3.74,3.07,4.76
20/06/2024 06:03 p. m.,Ordeño,10:05,9.60,3,,,TI,TI,0,,1.92,1.68,0.00,1.92,0,0,0,0,4.95,4.79,0.00,4.99,VMS 2,,Tanque,,2.34,2.28,0.00,2.52,3.07,2.81,0.00,3.72
21/06/2024 12:10 a. m.,Ordeño,06:07,13.51,1,,,,,0,,1.92,1.50,1.68,1.44,0,0,0,0,5.09,4.94,5.16,4.77,VMS 2,,Tanque,,2.64,2.10,2.10,2.28,2.72,2.62,4.93,3.24
21/06/2024 10:37 a. m.,Ordeño,05:25,17.38,2,,,,,0,,1.98,1.74,1.56,1.92,0,0,0,0,5.10,5.20,4.71,4.97,VMS 2,,Tanque,,2.58,2.22,2.22,2.34,4.36,3.85,3.79,5.38
21/06/2024 05:35 p. m.,Ordeño,06:04,9.01,3,,DI,TI,TI,0,,2.10,1.74,0.00,1.80,0,0,0,0,4.77,4.82,0.00,4.69,VMS 2,,Tanque,,2.82,2.40,0.00,2.40,3.02,2.70,0.00,3.29
22/06/2024 01:48 a. m.,Ordeño,07:08,16.96,1,,,,,0,,1.98,1.86,1.68,1.92,0,0,0,0,5.12,4.96,5.14,4.94,VMS 2,,Tanque,,2.64,2.28,2.04,2.64,3.86,3.49,5.20,4.41
22/06/2024 10:31 a. m.,Ordeño,05:40,14.08,2,,,,,0,,2.10,1.62,1.74,1.74,0,0,0,0,4.92,4.90,4.81,4.67,VMS 2,,Tanque,,2.76,2.10,2.22,2.22,3.66,3.31,2.91,4.20
22/06/2024 06:52 p. m.,Ordeño,08:44,10.32,3,,DI,TI,TI,0,,2.04,1.74,0.00,1.74,0,0,0,0,4.78,4.82,0.00,4.70,VMS 2,,Tanque,,2.82,2.28,0.00,2.28,3.20,2.91,0.00,4.21
22/06/2024 10:27 p. m.,Ordeño,04:53,9.07,4,,,,,0,,1.56,1.14,1.62,1.02,0,0,0,0,4.64,4.43,4.99,4.43,VMS 2,,Tanque,,2.28,1.92,2.22,1.56,1.70,1.42,4.00,1.95
23/06/2024 09:43 a. m.,Ordeño,09:50,3.87,1,,DI,"DD,TI,TD","DD,TI,TD",0,,1.86,0.00,0.00,0.00,0,0,0,0,5.27,0.00,0.00,0.00,VMS 2,,Tanque,,2.52,0.00,0.00,0.00,3.87,0.00,0.00,0.00
23/06/2024 03:53 p. m.,Ordeño,06:12,20.66,2,,,,,0,,1.98,1.86,1.74,1.86,0,0,0,0,4.67,5.35,5.14,5.35,VMS 2,,Tanque,,2.64,2.28,2.10,2.40,3.19,4.93,5.59,6.95
24/06/2024 02:22 a. m.,Ordeño,05:16,16.86,1,,,,,0,,2.04,1.80,1.68,1.80,0,0,0,0,4.95,4.97,4.84,4.81,VMS 2,,Tanque,,2.64,2.28,2.04,2.34,4.57,3.75,3.46,5.08
24/06/2024 12:30 p. m.,Ordeño,05:24,16.25,2,,,,,0,,2.04,1.74,1.74,1.80,0,0,0,0,4.98,4.95,4.85,4.92,VMS 2,,Tanque,,2.76,2.22,2.22,2.22,4.28,3.47,3.52,4.98
24/06/2024 10:19 p. m.,Ordeño,05:01,15.78,3,,,,,0,,1.98,1.68,1.68,1.80,0,0,0,0,5.06,5.04,4.98,5.08,VMS 2,,Tanque,,2.70,2.34,2.10,2.22,3.88,3.62,3.24,5.04
25/06/2024 07:06 a. m.,Ordeño,06:22,15.99,1,,,,,0,,1.98,1.92,1.68,1.80,0,0,0,0,5.03,5.17,5.08,5.08,VMS 2,,Tanque,,2.58,2.52,2.10,2.46,4.20,3.60,3.44,4.75
25/06/2024 02:01 p. m.,Ordeño,05:13,10.81,2,,,,,0,,2.16,1.80,1.56,1.74,0,0,0,0,4.42,4.76,4.82,4.56,VMS 2,,Tanque,,2.76,2.34,1.98,2.28,2.96,2.38,2.12,3.35
25/06/2024 09:39 p. m.,Ordeño,06:53,11.87,3,,,,,0,,1.92,1.80,1.50,1.68,0,0,0,0,4.96,4.97,5.03,5.02,VMS 2,,Tanque,,2.58,2.46,1.92,2.22,3.12,2.68,2.58,3.49
26/06/2024 12:43 p. m.,Ordeño,06:08,21.92,1,,,,,0,,2.10,1.98,1.68,1.86,0,0,0,0,5.19,5.24,5.16,5.18,VMS 2,,Tanque,,2.94,2.52,2.10,2.34,6.04,4.56,4.70,6.62
26/06/2024 09:27 p. m.,Ordeño,05:17,13.22,2,,,,,0,,2.22,1.80,1.56,1.86,0,0,0,0,4.31,4.90,4.77,4.58,VMS 2,,Tanque,,3.12,2.46,1.92,2.46,3.48,2.94,2.82,3.98
27/06/2024 05:57 a. m.,Ordeño,05:06,14.12,1,,,,,0,,2.34,1.86,1.68,1.80,0,0,0,0,4.85,5.29,5.18,5.19,VMS 2,,Tanque,,3.18,2.40,2.10,2.28,3.81,3.18,2.78,4.35
27/06/2024 03:00 p. m.,Ordeño,05:42,14.22,2,,,,,0,,1.98,1.86,1.62,1.80,0,0,0,0,4.87,5.03,4.97,4.83,VMS 2,,Tanque,,2.58,2.58,2.22,2.34,3.52,3.11,3.20,4.39
28/06/2024 01:49 a. m.,Ordeño,05:50,16.93,1,,,,,0,,1.98,1.74,1.62,1.80,0,0,0,0,5.02,5.24,5.07,5.16,VMS 2,,Tanque,,2.58,2.28,1.98,2.64,4.37,3.77,3.65,5.14
28/06/2024 01:55 p. m.,Ordeño,06:13,18.49,2,,,,,0,,2.04,1.80,1.68,1.74,0,0,0,0,5.01,5.01,5.00,4.88,VMS 2,,Tanque,,2.70,2.28,2.16,2.22,4.75,4.18,4.00,5.56
29/06/2024 07:09 a. m.,Ordeño,07:36,25.54,1,,,,,0,,2.10,1.80,1.74,1.86,0,0,0,0,4.94,5.28,0.00,5.29,VMS 2,,Tanque,,2.70,2.28,2.16,2.52,6.12,6.08,5.42,7.92
29/06/2024 03:34 p. m.,Ordeño,07:21,13.75,2,,,,,0,,2.16,1.74,1.44,1.44,0,0,0,0,4.74,4.23,0.00,2.93,VMS 2,,Tanque,,2.82,2.28,1.92,1.98,3.43,3.11,2.60,4.61
29/06/2024 11:37 p. m.,Ordeño,08:35,8.50,3,,,TI,TI,0,,1.86,1.80,0.00,1.80,0,0,0,0,4.88,4.80,0.00,4.78,VMS 2,,Tanque,,2.52,2.70,0.00,2.28,2.65,2.45,0.00,3.40
30/06/2024 08:30 a. m.,Ordeño,06:09,16.29,1,,,,,0,,1.86,1.80,1.80,1.74,0,0,0,0,5.28,5.33,0.00,5.18,VMS 2,,Tanque,,2.46,2.34,2.34,2.34,3.52,3.00,5.51,4.26
30/06/2024 04:40 p. m.,Ordeño,05:46,12.59,2,,,,,0,,1.92,1.80,1.68,1.86,0,0,0,0,5.15,5.05,0.00,4.94,VMS 2,,Tanque,,2.40,2.46,2.10,2.40,3.19,2.73,2.75,3.92
01/07/2024 12:36 a. m.,Ordeño,06:34,11.66,1,,,,,0,,1.86,1.92,1.56,1.86,0,0,0,0,5.00,4.87,0.00,5.04,VMS 2,,Tanque,,2.46,2.52,2.04,2.58,3.02,2.71,2.40,3.53
01/07/2024 11:20 a. m.,Ordeño,06:04,18.58,2,,,,,0,,2.16,1.80,1.68,1.98,0,0,0,0,4.96,5.12,0.00,5.06,VMS 2,,Tanque,,2.64,2.70,2.10,4.92,4.36,4.23,3.58,6.41
01/07/2024 09:43 p. m.,Ordeño,08:01,10.15,3,,,TD,TD,0,,1.92,1.68,1.50,0.00,0,0,0,0,4.90,4.85,0.00,0.00,VMS 2,,Tanque,,2.76,2.28,1.92,0.00,3.74,3.27,3.14,0.00
02/07/2024 02:39 a. m.,Ordeño,07:30,12.89,1,,DI,,,0,,1.80,1.68,1.44,1.80,0,0,0,0,4.78,4.70,0.00,5.30,VMS 2,,Tanque,,2.82,2.34,2.04,2.28,2.02,2.24,1.88,6.75
02/07/2024 09:33 a. m.,Ordeño,07:33,12.19,2,,,,,0,,1.86,2.16,1.56,1.86,0,0,0,0,5.06,4.98,0.00,4.75,VMS 2,,Tanque,,2.46,2.82,2.04,2.40,3.20,2.91,2.57,3.51
02/07/2024 04:53 p. m.,Ordeño,07:13,10.52,3,,,,,0,,1.74,1.86,1.32,1.74,0,0,0,0,4.79,4.74,0.00,4.61,VMS 2,,Tanque,,2.58,2.52,1.92,2.28,2.73,2.56,2.39,2.84
03/07/2024 12:28 a. m.,Ordeño,10:31,8.49,1,,,TI,TI,0,,1.74,1.80,0.00,1.80,0,0,0,0,5.04,4.83,0.00,4.77,VMS 2,,Tanque,,2.28,2.28,0.00,2.16,2.42,2.56,0.00,3.51
03/07/2024 05:34 a. m.,Ordeño,12:28,8.34,2,,,,,0,,1.80,1.56,1.50,1.56,0,0,0,0,4.97,5.01,0.00,5.05,VMS 2,,Tanque,,2.64,2.16,1.80,2.04,2.03,1.56,2.91,1.84
03/07/2024 04:06 p. m.,Ordeño,08:11,18.17,3,,,,,0,,1.98,1.86,1.74,1.86,0,0,0,0,4.96,4.94,0.00,4.84,VMS 2,,Tanque,,2.64,2.34,2.22,2.34,4.15,4.03,4.27,5.72
04/07/2024 06:29 a. m.,Ordeño,06:40,21.90,1,,,,,0,,1.98,1.80,1.74,1.86,0,0,0,0,5.06,5.09,0.00,4.97,VMS 2,,Tanque,,2.70,2.34,2.28,2.40,5.37,5.22,4.52,6.79
04/07/2024 03:06 p. m.,Ordeño,07:56,9.92,2,,,TI,TI,0,,1.92,1.80,0.00,1.86,0,0,0,0,4.48,4.46,0.00,4.65,VMS 2,,Tanque,,2.76,2.34,0.00,2.40,3.51,2.96,0.00,3.45
04/07/2024 10:32 p. m.,Ordeño,05:29,13.44,3,,,,,0,,1.74,1.62,1.74,1.68,0,0,0,0,4.64,4.71,0.00,4.58,VMS 2,,Tanque,,2.40,2.10,2.34,2.22,2.63,2.34,5.02,3.45
05/07/2024 10:25 a. m.,Ordeño,05:44,18.90,1,,,,,0,,1.92,1.92,1.74,1.92,0,0,0,0,5.61,5.42,0.00,5.39,VMS 2,,Tanque,,2.34,2.34,2.22,2.34,4.53,4.40,3.99,5.98
05/07/2024 07:46 p. m.,Ordeño,05:48,15.53,2,,,,,0,,1.92,1.86,1.62,1.80,0,0,0,0,5.01,4.98,0.00,4.89,VMS 2,,Tanque,,2.40,2.46,2.04,2.34,3.66,3.72,3.20,4.95
06/07/2024 07:09 a. m.,Ordeño,05:35,18.65,1,,,,,0,,1.92,2.10,1.74,1.92,0,0,0,0,5.22,5.18,0.00,5.25,VMS 2,,Tanque,,2.34,2.82,2.34,2.52,4.31,4.54,3.87,5.93
06/07/2024 02:20 p. m.,Ordeño,05:40,12.16,2,,,,,0,,1.86,1.80,1.74,1.80,0,0,0,0,5.01,4.83,0.00,4.82,VMS 2,,Tanque,,2.34,2.34,2.52,2.46,2.95,2.91,2.56,3.74
06/07/2024 09:49 p. m.,Ordeño,05:07,11.66,3,,,,,0,,1.92,1.68,1.62,1.74,0,0,0,0,5.06,4.91,0.00,4.89,VMS 2,,Tanque,,2.46,2.22,2.16,2.34,2.67,2.78,2.63,3.58
07/07/2024 05:28 a. m.,Ordeño,06:28,12.73,1,,,,,0,,1.92,1.68,1.68,1.68,0,0,0,0,5.34,5.04,0.00,5.17,VMS 2,,Tanque,,2.40,2.22,2.16,2.28,3.05,3.08,2.88,3.72
07/07/2024 12:19 p. m.,Ordeño,05:29,11.43,2,,,,,0,,1.92,1.74,1.68,1.86,0,0,0,0,5.19,4.91,0.00,4.77,VMS 2,,Tanque,,2.46,2.16,2.04,3.54,2.60,2.64,2.32,3.87
07/07/2024 08:35 p. m.,Ordeño,05:28,13.44,3,,,,,0,,1.92,1.68,1.56,1.86,0,0,0,0,5.19,5.08,0.00,5.23,VMS 2,,Tanque,,2.40,2.22,1.92,2.34,3.11,3.20,2.85,4.28
08/07/2024 06:35 a. m.,Ordeño,05:53,16.17,1,,,,,0,,1.98,1.74,1.56,1.86,0,0,0,0,5.27,4.92,0.00,5.12,VMS 2,,Tanque,,2.46,2.16,2.04,2.40,3.73,3.83,3.45,5.16
08/07/2024 04:10 p. m.,Ordeño,09:12,14.17,2,,,,,0,,1.98,1.80,1.56,1.74,0,0,0,0,5.01,4.66,0.00,4.75,VMS 2,,Tanque,,2.46,2.22,1.98,2.22,3.34,3.18,3.15,4.50
09/07/2024 12:48 a. m.,Ordeño,08:44,11.20,1,,,TI,TI,0,,1.92,1.92,0.00,1.86,0,0,0,0,5.03,4.83,0.00,4.88,VMS 2,,Tanque,,2.82,2.70,0.00,2.28,3.46,3.53,0.00,4.21
09/07/2024 05:40 a. m.,Ordeño,06:20,10.79,2,,,,,0,,1.74,1.74,1.68,1.74,0,0,0,0,4.95,4.69,0.00,4.75,VMS 2,,Tanque,,2.16,2.40,2.10,2.28,1.95,1.97,4.35,2.52
09/07/2024 02:31 p. m.,Ordeño,08:37,11.18,3,,,TI,TI,0,,1.86,1.92,0.00,1.92,0,0,0,0,5.15,4.91,0.00,4.58,VMS 2,,Tanque,,2.46,2.46,0.00,2.40,3.16,3.32,0.00,4.70
09/07/2024 06:32 p. m.,Ordeño,05:53,9.49,4,,,,,0,,1.62,1.44,1.56,1.26,0,0,0,0,4.88,4.71,0.00,4.47,VMS 2,,Tanque,,2.28,2.04,1.98,2.04,1.55,1.52,4.33,2.09
10/07/2024 06:57 a. m.,Ordeño,05:59,19.91,1,,,,,0,,1.92,2.04,1.62,1.92,0,0,0,0,5.36,5.40,0.00,5.02,VMS 2,,Tanque,,2.40,2.52,2.16,2.52,4.60,4.71,4.19,6.41
10/07/2024 05:06 p. m.,Ordeño,06:02,16.09,2,,,,,0,,1.92,1.86,1.68,1.86,0,0,0,0,5.01,4.85,0.00,4.59,VMS 2,,Tanque,,2.40,2.40,2.10,2.46,3.86,3.71,3.56,4.96
11/07/2024 12:29 a. m.,Ordeño,05:40,11.06,1,,,,,0,,1.80,1.74,1.56,1.74,0,0,0,0,4.95,4.70,0.00,4.60,VMS 2,,Tanque,,2.22,2.22,2.04,2.28,2.58,2.57,2.40,3.51
11/07/2024 10:31 a. m.,Ordeño,06:25,16.02,2,,,,,0,,1.98,2.04,1.50,1.98,0,0,0,0,5.05,5.12,0.00,5.00,VMS 2,,Tanque,,2.58,2.58,1.98,2.58,3.99,3.80,3.44,4.79
11/07/2024 06:19 p. m.,Ordeño,05:23,11.35,3,,,,,0,,1.80,1.86,1.50,1.92,0,0,0,0,4.96,4.80,0.00,4.86,VMS 2,,Tanque,,2.28,2.64,1.86,2.40,2.53,2.56,2.44,3.82
12/07/2024 01:24 a. m.,Ordeño,07:20,11.91,1,,,,,0,,1.86,1.74,1.68,1.68,0,0,0,0,5.22,5.14,0.00,4.49,VMS 2,,Tanque,,2.28,2.46,2.10,2.22,2.70,2.73,2.52,3.96
12/07/2024 10:35 a. m.,Ordeño,06:30,11.50,2,,,TI,TI,0,,2.04,2.04,0.00,2.10,0,0,0,0,5.07,5.12,0.00,5.01,VMS 2,,Tanque,,2.70,2.58,0.00,2.64,3.46,3.50,0.00,4.54
12/07/2024 05:46 p. m.,Ordeño,05:08,14.03,3,,,,,0,,1.80,1.62,1.80,1.74,0,0,0,0,5.16,4.90,0.00,4.74,VMS 2,,Tanque,,2.46,2.34,2.22,2.46,2.63,2.70,5.16,3.54
13/07/2024 01:25 a. m.,Ordeño,05:32,12.88,1,,,,,0,,1.86,1.86,1.68,1.74,0,0,0,0,5.15,5.19,0.00,4.72,VMS 2,,Tanque,,2.52,2.46,2.04,2.46,3.03,2.99,2.76,4.10
13/07/2024 01:07 p. m.,Ordeño,05:52,18.92,2,,,,,0,,1.92,1.92,1.68,2.04,0,0,0,0,5.34,5.44,0.00,5.16,VMS 2,,Tanque,,2.52,2.46,2.16,2.64,4.58,4.45,3.96,5.93
13/07/2024 11:43 p. m.,Ordeño,08:14,11.99,3,,,TI,TI,0,,2.10,1.68,0.00,1.86,0,0,0,0,5.02,4.61,0.00,4.77,VMS 2,,Tanque,,2.70,2.52,0.00,2.40,3.72,3.69,0.00,4.58
14/07/2024 06:40 a. m.,Ordeño,05:38,14.57,1,,,,,0,,1.86,1.68,1.80,1.92,0,0,0,0,5.21,5.07,0.00,4.88,VMS 2,,Tanque,,2.34,2.22,2.34,2.46,2.66,2.71,5.44,3.76
14/07/2024 01:31 p. m.,Ordeño,07:57,8.14,2,,,TI,TI,0,,1.74,1.68,0.00,1.80,0,0,0,0,5.20,4.95,0.00,5.01,VMS 2,,Tanque,,2.58,2.16,0.00,2.22,2.62,2.33,0.00,3.19
14/07/2024 08:53 p. m.,Ordeño,06:06,13.42,3,,,,,0,,1.86,1.80,1.74,1.74,0,0,0,0,5.21,4.98,0.00,4.86,VMS 2,,Tanque,,2.40,2.40,2.34,2.34,2.49,2.73,4.42,3.78
15/07/2024 05:00 a. m.,Ordeño,06:00,9.92,1,,,TI,TI,0,,1.86,1.86,0.00,1.86,0,0,0,0,5.23,4.98,0.00,4.92,VMS 2,,Tanque,,2.52,2.52,0.00,2.40,2.99,3.01,0.00,3.92
15/07/2024 01:53 p. m.,Ordeño,06:28,15.42,2,,,,,0,,1.92,1.62,1.80,1.80,0,0,0,0,5.34,5.05,0.00,5.07,VMS 2,,Tanque,,2.64,2.16,2.22,2.28,3.12,3.06,5.11,4.13
16/07/2024 05:47 a. m.,Ordeño,06:44,23.00,1,,,,,0,,1.98,1.74,1.80,1.74,0,0,0,0,5.54,5.21,0.00,5.17,VMS 2,,Tanque,,2.52,2.22,2.28,2.22,5.45,5.59,4.88,7.08
16/07/2024 01:44 p. m.,Ordeño,04:31,11.34,2,,,,,0,,1.86,1.74,1.62,1.80,0,0,0,0,4.88,4.59,0.00,4.60,VMS 2,,Tanque,,2.28,2.16,1.98,2.34,2.86,2.63,2.24,3.61
16/07/2024 11:56 p. m.,Ordeño,05:07,14.64,1,,,,,0,,2.04,1.80,1.68,1.80,0,0,0,0,5.15,5.09,0.00,5.17,VMS 2,,Tanque,,2.64,2.28,2.10,2.28,3.43,3.44,3.02,4.75
17/07/2024 09:09 a. m.,Ordeño,05:39,13.76,2,,,,,0,,1.98,1.80,1.80,1.86,0,0,0,0,5.22,4.97,0.00,5.14,VMS 2,,Tanque,,2.46,2.34,2.22,2.40,3.21,3.08,3.09,4.38
17/07/2024 06:19 p. m.,Ordeño,05:42,13.67,3,,,,,0,,1.86,1.86,1.62,1.80,0,0,0,0,5.23,5.08,0.00,5.03,VMS 2,,Tanque,,2.28,2.40,2.04,2.34,3.21,3.10,2.95,4.41
18/07/2024 04:13 a. m.,Ordeño,07:38,15.34,1,,,,,0,,1.98,1.80,1.62,1.92,0,0,0,0,5.16,5.15,0.00,5.18,VMS 2,,Tanque,,2.46,2.28,2.10,2.40,3.56,3.64,3.44,4.70
18/07/2024 04:23 p. m.,Ordeño,06:17,18.28,2,,,,,0,,1.92,1.86,1.74,1.98,0,0,0,0,5.22,4.94,0.00,5.06,VMS 2,,Tanque,,2.52,2.40,2.28,2.46,4.55,4.00,3.83,5.90
19/07/2024 03:51 a. m.,Ordeño,06:02,14.01,1,,DI,DI,,0,,2.94,1.92,1.74,1.98,0,0,0,0,4.36,4.91,0.00,4.99,VMS 2,,Tanque,,0.52,2.58,2.22,2.52,1.27,3.85,3.67,5.22
19/07/2024 12:47 p. m.,Ordeño,05:49,12.73,2,,,,,0,DI,2.22,2.04,1.62,1.86,0,0,0,0,5.24,4.23,0.00,4.53,VMS 2,,Tanque,,2.76,2.76,2.04,2.40,4.34,2.82,2.38,3.19
19/07/2024 10:39 p. m.,Ordeño,04:40,12.80,3,,,,,0,,1.80,1.80,1.56,1.86,0,0,0,0,5.15,5.17,0.00,4.94,VMS 2,,Tanque,,2.28,2.52,1.98,2.40,2.66,3.07,2.58,4.49
20/07/2024 07:37 a. m.,Ordeño,05:32,14.43,1,,,,,0,,2.04,2.10,1.74,1.86,0,0,0,0,5.51,4.90,0.00,4.92,VMS 2,,Tanque,,2.58,2.70,2.34,2.46,3.23,3.36,3.36,4.48
20/07/2024 05:31 p. m.,Ordeño,05:17,13.94,2,,,,,0,,2.04,1.92,1.68,1.86,0,0,0,0,5.35,5.09,0.00,4.50,VMS 2,,Tanque,,2.52,2.52,2.10,2.34,3.22,3.22,3.16,4.34
21/07/2024 04:11 a. m.,Ordeño,04:54,14.13,1,,,,,0,,1.98,1.86,1.62,1.92,0,0,0,0,5.19,5.04,0.00,4.81,VMS 2,,Tanque,,2.52,2.46,2.04,2.52,3.37,3.15,3.06,4.55
21/07/2024 01:59 p. m.,Ordeño,05:35,14.77,2,,,,,0,,1.98,2.10,1.80,1.92,0,0,0,0,4.82,4.83,0.00,4.68,VMS 2,,Tanque,,2.58,2.70,2.16,2.46,3.63,3.26,3.27,4.61
21/07/2024 10:57 p. m.,Ordeño,05:21,11.83,3,,,,,0,,1.92,1.86,1.56,1.80,0,0,0,0,4.75,4.87,0.00,4.63,VMS 2,,Tanque,,2.52,2.46,2.10,2.28,2.87,2.67,2.65,3.64
22/07/2024 06:18 a. m.,Ordeño,05:08,11.48,1,,,,,0,,1.92,1.86,1.56,1.74,0,0,0,0,5.19,4.90,0.00,4.99,VMS 2,,Tanque,,2.64,2.46,2.10,2.22,2.87,2.75,2.38,3.48
22/07/2024 03:03 p. m.,Ordeño,05:32,13.19,2,,,,,0,,1.86,2.10,1.74,1.92,0,0,0,0,5.14,5.07,0.00,4.97,VMS 2,,Tanque,,2.34,2.52,2.16,2.40,3.14,3.17,2.75,4.13
23/07/2024 03:48 a. m.,Ordeño,05:53,17.83,1,,,,,0,,2.16,1.92,1.86,1.80,0,0,0,0,5.28,5.08,0.00,5.04,VMS 2,,Tanque,,2.70,2.40,2.46,2.46,4.13,4.13,3.97,5.60
23/07/2024 01:57 p. m.,Ordeño,05:29,15.30,2,,,,,0,,2.04,1.92,1.68,1.86,0,0,0,0,5.13,5.03,0.00,4.65,VMS 2,,Tanque,,2.58,2.64,2.16,2.40,3.49,3.68,3.37,4.76
23/07/2024 10:05 p. m.,Ordeño,05:51,12.61,3,,,,,0,,1.86,1.86,1.62,1.80,0,0,0,0,5.03,5.00,0.00,4.69,VMS 2,,Tanque,,2.40,2.52,2.16,2.28,2.99,2.90,2.75,3.97
24/07/2024 10:11 a. m.,Ordeño,04:54,17.53,1,,,,,0,,2.10,2.04,1.68,1.86,0,0,0,0,5.22,4.94,0.00,5.07,VMS 2,,Tanque,,2.76,2.64,2.10,2.34,4.60,3.83,3.78,5.32
25/07/2024 12:01 a. m.,Ordeño,05:50,18.15,1,,,,,0,,2.16,1.92,1.62,1.80,0,0,0,0,5.03,4.93,0.00,4.85,VMS 2,,Tanque,,3.00,2.58,2.10,2.28,4.29,4.18,4.09,5.59
25/07/2024 08:19 a. m.,Ordeño,06:30,11.17,2,,,TI,TI,0,,1.98,2.04,0.00,1.74,0,0,0,0,5.03,5.01,0.00,4.83,VMS 2,,Tanque,,2.58,2.76,0.00,2.28,3.59,3.29,0.00,4.29
25/07/2024 01:17 p. m.,Ordeño,06:27,10.67,3,,,,,0,,1.68,1.92,1.56,1.74,0,0,0,0,4.89,4.73,0.00,4.70,VMS 2,,Tanque,,2.16,2.52,1.98,2.22,1.92,1.95,4.45,2.35
26/07/2024 12:17 a. m.,Ordeño,06:50,16.59,1,,,,,0,,1.86,1.98,1.74,1.80,0,0,0,0,5.18,5.34,0.00,5.20,VMS 2,,Tanque,,2.52,2.46,2.16,2.22,4.00,3.81,3.63,5.15
26/07/2024 07:57 a. m.,Ordeño,07:33,9.38,2,,,TI,TI,0,,1.86,1.98,0.00,1.86,0,0,0,0,4.84,4.79,0.00,4.59,VMS 2,,Tanque,,2.52,2.52,0.00,2.40,2.89,2.71,0.00,3.78
26/07/2024 11:42 a. m.,Ordeño,04:18,7.68,3,,,,,0,,1.44,1.26,1.68,1.26,0,0,0,0,4.86,4.61,0.00,4.71,VMS 2,,Tanque,,2.04,2.22,2.16,2.16,1.34,1.17,3.24,1.93
26/07/2024 06:29 p. m.,Ordeño,06:40,9.79,4,,,,,0,,1.80,1.92,1.50,1.74,0,0,0,0,5.07,5.09,0.00,4.98,VMS 2,,Tanque,,2.40,2.46,2.16,2.22,2.51,2.12,2.27,2.89
27/07/2024 02:49 a. m.,Ordeño,05:57,12.80,1,,,,,0,,1.86,1.98,1.62,1.86,0,0,0,0,5.49,5.43,0.00,5.27,VMS 2,,Tanque,,2.52,2.64,2.04,2.40,3.12,2.95,2.73,4.00
27/07/2024 02:22 p. m.,Ordeño,07:03,13.36,2,,,TI,TI,0,,1.98,2.10,0.00,2.04,0,0,0,0,5.23,5.01,0.00,4.37,VMS 2,,Tanque,,2.52,2.76,0.00,2.58,4.21,3.72,0.00,5.43
27/07/2024 08:51 p. m.,Ordeño,07:32,13.01,3,,,,,0,,1.74,1.68,1.74,1.56,0,0,0,0,5.10,4.83,0.00,4.74,VMS 2,,Tanque,,2.40,2.28,2.22,2.16,2.62,2.33,4.99,3.07
28/07/2024 06:11 a. m.,Ordeño,04:55,14.64,1,,,,,0,,2.10,1.98,1.56,1.92,0,0,0,0,5.10,5.00,0.00,4.81,VMS 2,,Tanque,,2.76,2.52,2.10,2.52,3.59,3.24,3.00,4.81
28/07/2024 03:46 p. m.,Ordeño,05:09,12.81,2,,,,,0,,1.98,1.86,1.56,1.80,0,0,0,0,4.74,4.87,0.00,4.77,VMS 2,,Tanque,,2.52,2.34,1.98,2.34,3.02,3.05,2.65,4.09
29/07/2024 02:18 a. m.,Ordeño,07:47,14.29,1,,DI,,,0,,2.10,2.16,1.62,1.92,0,0,0,0,5.09,5.13,0.00,5.14,VMS 2,,Tanque,,3.06,2.76,2.22,2.28,2.83,3.64,3.50,4.32
29/07/2024 09:54 a. m.,Ordeño,05:11,10.25,2,,,,,0,,1.92,1.68,1.44,1.74,0,0,0,0,5.11,4.76,0.00,4.74,VMS 2,,Tanque,,2.34,2.28,1.86,2.34,3.11,2.05,1.92,3.17
29/07/2024 08:28 p. m.,Ordeño,07:54,14.09,3,,,,,0,,2.04,1.80,1.62,1.80,0,0,0,0,4.96,4.86,0.00,4.69,VMS 2,,Tanque,,2.64,2.34,2.04,2.34,3.24,2.93,3.29,4.63
30/07/2024 06:30 a. m.,Ordeño,05:56,14.41,1,,TD,,,0,,1.98,1.92,1.56,1.56,0,0,0,0,5.37,5.26,0.00,4.42,VMS 2,,Tanque,,2.52,2.64,1.92,2.04,3.54,3.32,2.84,4.71
30/07/2024 04:54 p. m.,Ordeño,04:57,14.86,2,,,,,0,,2.04,1.74,1.68,1.80,0,0,0,0,5.04,4.89,0.00,4.66,VMS 2,,Tanque,,2.64,2.28,2.10,2.22,3.66,3.35,3.32,4.53
31/07/2024 12:20 a. m.,Ordeño,06:38,9.54,1,,,,,0,,1.86,1.86,1.38,1.62,0,0,0,0,5.03,4.64,0.00,4.63,VMS 2,,Tanque,,2.64,2.64,1.74,2.04,2.49,2.14,2.21,2.70
31/07/2024 12:52 p. m.,Ordeño,06:11,18.92,2,,,,,0,,2.16,1.98,1.86,1.92,0,0,0,0,5.36,5.10,0.00,5.04,VMS 2,,Tanque,,2.58,2.52,2.28,2.40,4.50,4.39,4.04,5.99
31/07/2024 08:49 p. m.,Ordeño,05:14,8.97,3,,,,,0,,1.86,1.80,1.50,1.74,0,0,0,0,4.90,4.36,0.00,4.80,VMS 2,,Tanque,,2.28,2.52,1.98,2.22,2.25,2.29,1.89,2.54
01/08/2024 11:42 a. m.,Ordeño,05:19,20.11,1,,,,,0,,2.22,2.16,1.80,1.98,0,0,0,0,5.17,5.10,0.00,5.01,VMS 2,,Tanque,,2.76,2.76,2.16,2.46,4.85,4.53,4.55,6.18
01/08/2024 08:56 p. m.,Ordeño,08:18,8.39,2,,,TI,TI,0,,1.92,1.74,0.00,1.62,0,0,0,0,4.70,4.59,0.00,4.42,VMS 2,,Tanque,,2.88,2.22,0.00,2.22,2.79,2.38,0.00,3.22
02/08/2024 02:08 a. m.,Ordeño,06:58,10.07,1,,,,,0,,1.80,1.68,1.62,1.38,0,0,0,0,4.82,4.60,0.00,4.64,VMS 2,,Tanque,,2.58,2.22,2.22,2.04,1.99,1.84,4.14,2.10
02/08/2024 10:07 a. m.,Ordeño,08:22,10.13,2,,,TI,TI,0,,2.10,1.80,0.00,1.92,0,0,0,0,4.52,4.88,0.00,4.96,VMS 2,,Tanque,,3.84,2.46,0.00,2.58,3.42,2.82,0.00,3.89
02/08/2024 03:57 p. m.,Ordeño,07:33,8.42,3,,,,,0,,1.56,1.26,1.68,1.20,0,0,0,0,5.07,4.86,0.00,4.84,VMS 2,,Tanque,,2.22,2.16,2.22,2.04,1.52,1.23,4.02,1.65
03/08/2024 12:38 a. m.,Ordeño,06:31,13.96,1,,,,,0,,1.98,1.92,1.68,1.80,0,0,0,0,5.29,5.14,0.00,4.85,VMS 2,,Tanque,,2.64,2.40,2.22,2.34,3.20,3.08,3.05,4.63
03/08/2024 11:25 a. m.,Ordeño,07:40,15.59,2,,,,,0,,2.10,1.92,1.62,1.80,0,0,0,0,5.29,5.14,0.00,4.98,VMS 2,,Tanque,,2.58,2.46,2.04,2.28,3.75,3.61,3.53,4.70
03/08/2024 07:55 p. m.,Ordeño,09:02,8.92,3,,,TI,TI,0,,1.74,1.86,0.00,1.80,0,0,0,0,5.07,5.01,0.00,4.58,VMS 2,,Tanque,,2.40,2.28,0.00,2.28,2.89,2.52,0.00,3.51
04/08/2024 12:52 a. m.,Ordeño,04:50,11.16,1,,,,,0,,1.80,1.62,1.80,1.32,0,0,0,0,4.94,4.85,0.00,4.66,VMS 2,,Tanque,,2.64,2.28,2.34,2.04,2.19,2.24,4.23,2.50
04/08/2024 12:10 p. m.,Ordeño,05:14,16.25,2,,,,,0,,2.04,1.92,1.74,1.92,0,0,0,0,5.18,5.05,0.00,5.00,VMS 2,,Tanque,,2.46,2.58,2.28,2.46,3.95,3.64,3.30,5.36
04/08/2024 10:33 p. m.,Ordeño,08:07,12.68,3,,,TI,TI,0,,1.98,1.98,0.00,1.86,0,0,0,0,5.10,4.86,0.00,4.87,VMS 2,,Tanque,,2.58,2.70,0.00,2.40,3.86,4.06,0.00,4.76
05/08/2024 06:30 a. m.,Ordeño,07:28,9.79,1,,,TI,TI,0,,2.04,1.86,0.00,1.80,0,0,0,0,4.94,4.72,0.00,4.75,VMS 2,,Tanque,,2.70,2.46,0.00,2.34,3.32,2.78,0.00,3.69
05/08/2024 03:02 p. m.,Ordeño,05:33,14.72,2,,,,,0,,1.98,1.68,1.80,1.68,0,0,0,0,4.96,4.68,0.00,4.50,VMS 2,,Tanque,,2.58,2.40,2.22,2.22,2.78,2.64,5.78,3.52
06/08/2024 12:43 a. m.,Ordeño,07:43,10.68,1,,,TI,TI,0,,1.92,1.80,0.00,1.86,0,0,0,0,5.05,5.04,0.00,5.02,VMS 2,,Tanque,,2.94,2.34,0.00,2.34,3.28,3.20,0.00,4.20
06/08/2024 08:48 a. m.,Ordeño,05:22,14.25,2,,,,,0,,1.98,1.92,1.80,1.74,0,0,0,0,4.97,4.95,0.00,4.88,VMS 2,,Tanque,,2.52,2.46,2.52,2.34,2.98,2.61,4.92,3.74
06/08/2024 07:23 p. m.,Ordeño,07:43,13.92,3,,,,,0,,1.98,1.80,1.68,1.80,0,0,0,0,4.98,4.89,0.00,4.59,VMS 2,,Tanque,,2.58,2.28,2.16,2.34,3.48,3.17,2.93,4.34
07/08/2024 06:27 a. m.,Ordeño,06:52,11.95,1,,DI,TI,TI,0,,2.16,1.98,0.00,1.92,0,0,0,0,4.99,4.95,0.00,4.73,VMS 2,,Tanque,,2.88,2.52,0.00,2.52,2.86,3.86,0.00,5.23
07/08/2024 12:55 p. m.,Ordeño,05:04,11.68,2,,,,,0,,1.92,1.56,1.80,1.38,0,0,0,0,5.18,4.84,0.00,4.56,VMS 2,,Tanque,,2.52,2.16,2.28,2.10,2.94,1.68,4.53,2.53
07/08/2024 09:16 p. m.,Ordeño,06:49,10.87,3,,DI,,,0,,1.98,1.86,1.62,1.86,0,0,0,0,4.89,4.83,0.00,4.85,VMS 2,,Tanque,,2.82,2.70,2.10,2.34,1.99,2.75,2.58,3.55
08/08/2024 05:52 a. m.,Ordeño,04:48,11.32,1,,,,,0,,1.92,1.86,1.50,1.56,0,0,0,0,5.10,4.98,0.00,4.83,VMS 2,,Tanque,,2.46,2.64,1.98,2.22,3.47,2.44,2.09,3.32
08/08/2024 02:22 p. m.,Ordeño,05:22,10.75,2,,,,,0,,1.98,1.92,1.56,1.68,0,0,0,0,4.84,4.70,0.00,4.60,VMS 2,,Tanque,,2.52,2.58,1.98,2.16,2.66,2.34,2.43,3.32
08/08/2024 10:14 p. m.,Ordeño,06:33,9.61,3,,,,,0,,1.86,1.74,1.50,1.80,0,0,0,0,4.98,4.85,0.00,4.82,VMS 2,,Tanque,,2.46,2.28,2.10,2.16,2.42,2.29,2.00,2.90
09/08/2024 10:08 a. m.,Ordeño,06:39,15.84,1,,,,,0,,1.98,1.98,1.50,1.86,0,0,0,0,5.23,5.24,0.00,5.15,VMS 2,,Tanque,,2.46,2.70,1.98,2.46,4.31,3.69,3.58,4.26
09/08/2024 07:48 p. m.,Ordeño,08:24,10.58,2,,TD,TI,TI,0,,1.92,1.92,0.00,2.04,0,0,0,0,4.81,4.73,0.00,4.41,VMS 2,,Tanque,,3.18,2.52,0.00,2.94,3.27,2.79,0.00,4.52
10/08/2024 12:33 a. m.,Ordeño,08:10,9.86,1,,,,,0,,1.62,1.80,1.68,1.80,0,0,0,0,4.55,4.59,0.00,4.22,VMS 2,,Tanque,,2.46,2.28,2.10,2.28,1.92,1.75,3.99,2.20
10/08/2024 10:19 a. m.,Ordeño,04:38,11.82,2,,,,,0,,1.80,1.68,1.56,1.86,0,0,0,0,5.02,5.01,0.00,4.81,VMS 2,,Tanque,,2.46,2.22,1.98,2.34,2.85,2.60,2.62,3.75
10/08/2024 06:35 p. m.,Ordeño,07:01,11.25,3,,,,,0,,1.86,1.98,1.56,1.92,0,0,0,0,4.74,4.80,0.00,4.49,VMS 2,,Tanque,,2.64,2.70,1.98,2.46,2.64,2.42,2.60,3.59
11/08/2024 09:23 a. m.,Ordeño,06:16,17.73,1,,,,,0,,2.16,1.92,1.80,1.98,0,0,0,0,5.15,5.21,0.00,4.55,VMS 2,,Tanque,,2.70,2.52,2.22,2.70,4.33,4.19,3.68,5.53
11/08/2024 07:58 p. m.,Ordeño,05:34,11.35,2,,,,,0,,1.98,1.68,1.56,1.92,0,0,0,0,4.69,4.68,0.00,4.70,VMS 2,,Tanque,,2.58,2.22,1.92,2.40,2.83,2.53,2.62,3.37
12/08/2024 07:59 a. m.,Ordeño,05:52,15.12,1,,,,,0,,2.10,1.92,1.74,2.04,0,0,0,0,5.04,5.16,0.00,5.11,VMS 2,,Tanque,,2.82,2.46,2.22,2.64,3.61,3.27,3.49,4.75
12/08/2024 06:08 p. m.,Ordeño,06:50,11.60,2,,,,,0,,1.92,1.86,1.62,1.80,0,0,0,0,4.99,4.85,0.00,4.89,VMS 2,,Tanque,,2.52,2.46,2.10,2.34,2.98,2.42,2.66,3.54
13/08/2024 05:32 a. m.,Ordeño,06:49,14.97,1,,,,,0,,2.04,1.98,1.68,1.98,0,0,0,0,5.09,5.11,0.00,4.95,VMS 2,,Tanque,,2.64,2.64,2.16,2.64,3.80,3.25,3.27,4.65
13/08/2024 01:30 p. m.,Ordeño,06:37,10.22,2,,,,,0,,1.86,2.16,1.62,1.92,0,0,0,0,4.74,4.52,0.00,4.61,VMS 2,,Tanque,,2.46,2.88,2.10,2.46,2.55,2.29,2.30,3.08
13/08/2024 11:22 p. m.,Ordeño,08:17,7.81,3,,,TI,TI,0,,1.80,1.80,0.00,1.92,0,0,0,0,4.84,4.61,0.00,4.66,VMS 2,,Tanque,,2.46,2.34,0.00,2.70,2.56,2.14,0.00,3.11
14/08/2024 06:17 a. m.,Ordeño,05:50,11.58,1,,,,,0,,1.80,1.80,1.68,1.92,0,0,0,0,5.11,5.16,0.00,4.72,VMS 2,,Tanque,,2.40,2.52,2.34,4.68,2.07,1.93,4.31,3.27
14/08/2024 03:45 p. m.,Ordeño,07:43,9.46,2,,,TI,TI,0,,1.86,1.92,0.00,1.98,0,0,0,0,5.36,4.83,0.00,5.16,VMS 2,,Tanque,,2.52,2.58,0.00,2.58,2.97,2.84,0.00,3.65
14/08/2024 11:59 p. m.,Ordeño,06:18,10.96,1,,,,,0,,1.86,1.62,1.62,1.74,0,384,0,0,4.98,5.00,0.00,4.96,VMS 2,,Tanque,,2.46,2.34,2.04,2.22,2.10,1.94,3.82,3.10
15/08/2024 09:40 a. m.,Ordeño,08:20,9.79,2,,,TI,TI,0,,1.92,1.74,0.00,1.92,0,0,0,0,4.97,4.92,0.00,4.73,VMS 2,,Tanque,,3.00,2.58,0.00,2.40,3.34,2.57,0.00,3.88
15/08/2024 03:43 p. m.,Ordeño,05:02,10.30,3,,,,,0,,1.80,1.38,1.68,1.20,0,0,0,0,4.97,4.82,0.00,4.64,VMS 2,,Tanque,,2.52,2.16,2.10,2.04,1.88,1.62,4.23,2.57
16/08/2024 01:33 a. m.,Ordeño,06:09,11.95,1,,,,,0,,2.04,1.56,1.56,1.86,0,0,0,0,5.31,5.18,0.00,5.05,VMS 2,,Tanque,,2.64,2.10,1.92,2.34,2.75,2.79,2.70,3.71
16/08/2024 10:19 a. m.,Ordeño,07:25,8.91,2,,,TI,TI,0,,2.04,1.80,0.00,1.98,0,0,0,0,5.10,4.99,0.00,4.84,VMS 2,,Tanque,,2.82,2.34,0.00,2.52,2.71,2.57,0.00,3.63
16/08/2024 05:48 p. m.,Ordeño,05:07,10.32,3,,,,,0,,1.80,1.44,1.62,1.56,0,0,0,0,5.13,4.90,0.00,4.59,VMS 2,,Tanque,,2.40,1.98,2.10,2.10,1.99,1.73,4.04,2.56
17/08/2024 02:19 a. m.,Ordeño,06:29,11.28,1,,,,,0,,1.92,1.68,1.50,1.74,0,0,0,0,5.27,5.12,0.00,4.88,VMS 2,,Tanque,,2.46,2.22,1.98,2.58,2.73,2.44,2.46,3.65
17/08/2024 12:59 p. m.,Ordeño,06:59,13.65,2,,,,,0,,2.16,1.74,1.50,1.68,0,0,0,0,5.06,5.05,0.00,4.66,VMS 2,,Tanque,,2.82,2.52,2.10,2.10,3.52,3.16,2.78,4.19
17/08/2024 10:14 p. m.,Ordeño,05:27,10.66,3,,,,,0,,1.80,1.68,1.44,1.80,0,0,0,0,5.00,4.97,0.00,4.60,VMS 2,,Tanque,,2.28,2.28,1.80,2.28,2.50,2.35,2.25,3.56
18/08/2024 05:44 a. m.,Ordeño,05:10,9.94,1,,,,,0,,1.98,1.62,1.56,1.68,0,0,0,0,5.21,4.97,0.00,4.66,VMS 2,,Tanque,,2.52,2.04,2.16,2.16,2.43,2.14,2.25,3.12
18/08/2024 05:26 p. m.,Ordeño,06:58,13.09,2,,,,,0,,1.92,1.80,1.62,1.92,0,0,0,0,5.14,4.96,0.00,4.57,VMS 2,,Tanque,,2.52,2.34,2.16,2.28,3.14,2.94,2.78,4.23
19/08/2024 04:23 a. m.,Ordeño,08:54,10.51,1,,,TI,TI,0,,1.92,1.68,0.00,1.80,0,0,0,0,4.93,4.87,0.00,4.53,VMS 2,,Tanque,,2.88,2.22,0.00,2.64,3.29,2.97,0.00,4.25
19/08/2024 12:14 p. m.,Ordeño,05:39,11.49,2,,,,,0,,1.92,1.56,1.92,1.74,0,0,0,0,4.85,4.64,0.00,4.50,VMS 2,,Tanque,,2.46,2.16,2.52,2.40,2.29,2.05,4.83,2.32
19/08/2024 11:09 p. m.,Ordeño,08:49,8.71,3,,,TI,TI,0,,1.80,1.44,0.00,1.92,0,0,0,0,5.01,4.70,0.00,4.60,VMS 2,,Tanque,,2.34,1.98,0.00,2.58,2.40,2.41,0.00,3.90
20/08/2024 05:54 a. m.,Ordeño,06:27,11.00,1,,,,,0,,1.86,1.74,1.62,1.92,0,0,0,0,5.00,4.90,0.00,4.49,VMS 2,,Tanque,,2.52,2.16,1.98,2.52,2.15,1.97,4.14,2.74
20/08/2024 06:15 p. m.,Ordeño,07:52,12.14,2,,,TI,TI,0,,1.98,1.80,0.00,1.92,0,0,0,0,5.12,5.12,0.00,4.85,VMS 2,,Tanque,,2.88,2.40,0.00,2.46,3.68,3.62,0.00,4.84
21/08/2024 05:04 a. m.,Ordeño,06:41,16.00,1,,,,,0,,1.92,1.68,1.68,1.86,0,0,0,0,5.09,5.01,0.00,4.58,VMS 2,,Tanque,,2.58,2.22,2.16,2.46,3.24,2.86,5.84,4.06
21/08/2024 06:44 p. m.,Ordeño,08:52,13.39,2,,,TI,TI,0,,1.86,1.92,0.00,1.86,0,0,0,0,5.05,5.08,0.00,5.11,VMS 2,,Tanque,,2.76,2.46,0.00,2.46,4.32,3.67,0.00,5.40
22/08/2024 03:57 a. m.,Ordeño,06:01,14.50,1,,,,,0,,1.80,1.80,1.68,1.98,0,0,0,0,4.88,4.89,0.00,4.26,VMS 2,,Tanque,,2.34,2.22,2.22,2.46,2.85,2.44,5.48,3.73
22/08/2024 04:04 p. m.,Ordeño,09:20,11.70,2,,,TI,TI,0,,1.86,1.92,0.00,1.86,0,0,0,0,4.83,5.02,0.00,4.35,VMS 2,,Tanque,,2.28,2.58,0.00,2.46,3.59,3.35,0.00,4.76
22/08/2024 10:32 p. m.,Ordeño,07:50,10.20,3,,,,,0,,1.62,1.68,1.56,1.68,0,0,0,0,4.70,4.68,0.00,4.49,VMS 2,,Tanque,,2.52,2.22,2.22,2.22,1.95,1.79,4.19,2.27
23/08/2024 08:07 a. m.,Ordeño,05:33,12.35,1,,,,,0,,1.80,1.86,1.50,1.86,0,0,0,0,5.21,5.19,0.00,4.82,VMS 2,,Tanque,,2.34,2.40,2.16,2.40,2.88,2.75,2.50,4.22
23/08/2024 06:34 p. m.,Ordeño,07:22,13.33,2,,,,,0,,1.80,1.68,1.44,1.74,0,0,0,0,4.95,4.85,0.00,4.59,VMS 2,,Tanque,,2.46,2.22,1.98,2.28,3.43,3.07,2.66,4.17
24/08/2024 04:30 a. m.,Ordeño,04:45,12.55,1,,,,,0,,1.92,1.68,1.50,1.86,0,0,0,0,5.18,5.14,0.00,4.77,VMS 2,,Tanque,,2.46,2.22,1.92,2.34,2.96,2.76,2.57,4.26
24/08/2024 12:12 p. m.,Ordeño,08:29,8.57,2,,,TI,TI,0,,1.92,2.16,0.00,1.80,0,0,0,0,4.89,5.00,0.00,5.01,VMS 2,,Tanque,,2.52,2.76,0.00,2.22,2.79,2.60,0.00,3.18
24/08/2024 06:21 p. m.,Ordeño,06:08,5.26,3,,,TI,TI,0,,1.74,1.56,0.00,1.62,0,0,0,0,4.70,4.66,0.00,4.86,VMS 2,,Tanque,,2.34,2.28,0.00,2.10,1.64,1.41,0.00,2.21
24/08/2024 11:51 p. m.,Ordeño,06:00,10.14,4,,,,,0,,1.68,1.50,1.68,1.38,0,0,0,0,4.84,4.83,0.00,4.67,VMS 2,,Tanque,,2.40,2.10,2.16,1.98,1.83,1.58,4.40,2.33
25/08/2024 08:25 a. m.,Ordeño,05:19,11.07,1,,,,,0,,2.04,1.80,1.62,1.80,0,0,0,0,5.14,5.17,0.00,5.16,VMS 2,,Tanque,,2.82,2.40,2.04,2.46,2.70,2.30,2.45,3.62
25/08/2024 03:52 p. m.,Ordeño,06:51,9.25,2,,,,,0,,1.86,1.68,1.50,1.62,0,0,0,0,4.86,4.92,0.00,4.67,VMS 2,,Tanque,,2.64,2.40,1.98,2.28,2.40,2.07,1.99,2.79
25/08/2024 11:45 p. m.,Ordeño,09:04,7.05,3,,,TI,TI,0,,1.74,1.74,0.00,1.74,0,0,0,0,4.96,4.88,0.00,4.56,VMS 2,,Tanque,,2.28,2.34,0.00,2.22,2.15,1.95,0.00,2.95
26/08/2024 07:09 a. m.,Ordeño,09:00,7.32,1,,,TI,TI,0,,1.74,1.68,0.00,1.74,0,0,0,0,5.07,4.98,0.00,4.84,VMS 2,,Tanque,,2.34,2.34,0.00,2.40,2.27,2.06,0.00,2.99
26/08/2024 01:35 p. m.,Ordeño,07:15,12.45,2,,,,,0,,1.80,1.68,1.74,1.56,0,0,0,0,4.95,4.91,0.00,4.72,VMS 2,,Tanque,,2.34,2.28,2.22,2.16,2.14,1.93,5.75,2.63
26/08/2024 11:37 p. m.,Ordeño,06:23,12.92,3,,,,,0,,1.98,1.98,1.56,1.98,0,0,0,0,4.97,5.06,0.00,4.41,VMS 2,,Tanque,,2.58,2.52,2.16,2.52,3.13,2.60,2.79,4.40
27/08/2024 06:53 a. m.,Ordeño,05:33,8.73,1,,,,,0,,1.80,1.56,1.50,1.80,0,0,0,0,4.67,4.68,0.00,4.62,VMS 2,,Tanque,,2.64,2.28,1.92,2.28,2.34,1.85,1.79,2.75
27/08/2024 04:21 p. m.,Ordeño,08:22,8.58,2,,,TI,TI,0,,1.74,1.62,0.00,1.92,0,0,0,0,4.58,4.44,0.00,4.46,VMS 2,,Tanque,,2.58,2.22,0.00,2.34,2.82,2.33,0.00,3.43
27/08/2024 11:57 p. m.,Ordeño,07:43,10.83,1,,,,,0,,1.62,1.62,1.62,1.74,0,0,0,0,4.54,4.59,0.00,4.53,VMS 2,,Tanque,,2.16,2.22,2.04,2.28,2.08,1.96,4.18,2.61
28/08/2024 10:32 a. m.,Ordeño,08:40,12.85,2,,,,,0,,1.92,1.86,1.62,1.86,0,0,0,0,4.82,4.68,0.00,4.56,VMS 2,,Tanque,,2.46,2.52,2.10,2.52,3.06,2.85,2.75,4.19
29/08/2024 12:04 a. m.,Ordeño,08:10,15.90,1,,,,,0,,1.98,1.86,1.56,1.80,0,0,0,0,5.06,4.76,0.00,4.71,VMS 2,,Tanque,,2.46,2.46,2.04,2.46,3.84,3.56,3.43,5.07
29/08/2024 08:55 a. m.,Ordeño,08:48,8.56,2,,,TI,TI,0,,1.92,1.92,0.00,1.92,0,0,0,0,4.55,4.57,0.00,4.36,VMS 2,,Tanque,,2.46,2.52,0.00,2.52,2.62,2.43,0.00,3.51
29/08/2024 03:17 p. m.,Ordeño,05:34,10.41,3,,,,,0,,1.74,1.50,1.86,1.74,0,0,0,0,4.62,4.59,0.00,4.01,VMS 2,,Tanque,,2.22,2.22,2.34,2.34,1.90,1.82,4.03,2.66
30/08/2024 01:50 a. m.,Ordeño,05:19,12.79,1,,,,,0,,1.86,1.74,1.62,1.92,0,0,0,0,5.01,4.91,0.00,4.74,VMS 2,,Tanque,,2.34,2.28,2.10,2.46,3.04,2.68,2.84,4.23
30/08/2024 12:21 p. m.,Ordeño,05:26,12.76,2,,,,,0,,2.04,1.80,1.80,1.98,0,0,0,0,4.72,4.83,0.00,4.50,VMS 2,,Tanque,,2.64,2.28,2.22,2.52,2.90,2.87,2.88,4.11
30/08/2024 09:52 p. m.,Ordeño,05:35,10.29,3,,,,,0,,2.10,1.68,1.50,1.86,0,0,0,0,4.49,4.48,0.00,4.34,VMS 2,,Tanque,,2.70,2.22,1.98,2.58,2.53,2.30,2.24,3.22
31/08/2024 07:27 a. m.,Ordeño,05:12,11.24,1,,,,,0,,1.86,1.80,1.62,2.04,0,0,0,0,4.71,4.65,0.00,4.31,VMS 2,,Tanque,,2.52,2.34,2.16,2.64,2.66,2.33,2.39,3.86
31/08/2024 06:04 p. m.,Ordeño,06:47,10.23,2,,,,,0,,1.86,1.56,1.50,1.92,0,0,0,0,4.53,4.47,0.00,4.03,VMS 2,,Tanque,,2.52,2.04,1.92,2.46,2.63,2.01,2.35,3.24
01/09/2024 04:14 a. m.,Ordeño,05:53,11.41,1,,,,,0,,1.92,1.50,1.56,1.68,0,0,0,0,4.61,4.49,0.00,4.31,VMS 2,,Tanque,,2.58,2.10,1.92,2.22,2.74,2.45,2.51,3.71
01/09/2024 12:40 p. m.,Ordeño,06:35,9.16,2,,,,,0,,1.80,1.68,1.44,1.98,0,0,0,0,4.47,4.38,0.00,4.02,VMS 2,,Tanque,,2.46,2.16,1.92,2.46,2.30,1.89,1.99,2.98
01/09/2024 11:37 p. m.,Ordeño,05:35,11.46,3,,,,,0,,2.04,1.62,1.44,1.74,0,0,0,0,4.72,4.57,0.00,4.45,VMS 2,,Tanque,,2.52,2.16,1.80,2.10,2.85,2.36,2.60,3.65
02/09/2024 09:09 a. m.,Ordeño,06:32,10.99,1,,,,,0,,2.04,1.62,1.50,1.86,0,0,0,0,4.75,4.62,0.00,4.19,VMS 2,,Tanque,,2.58,2.10,1.98,2.34,2.73,2.30,2.43,3.53
02/09/2024 06:25 p. m.,Ordeño,05:03,10.39,2,,,,,0,,1.92,1.50,1.50,1.86,0,0,0,0,4.87,4.76,0.00,4.57,VMS 2,,Tanque,,2.58,1.98,1.86,2.40,2.56,2.24,2.23,3.36
03/09/2024 04:32 a. m.,Ordeño,05:32,12.21,1,,,,,0,,2.10,1.56,1.56,1.86,0,0,0,0,4.99,4.83,0.00,4.72,VMS 2,,Tanque,,2.52,2.10,2.04,2.64,2.86,2.58,2.65,4.12
03/09/2024 11:03 a. m.,Ordeño,06:07,8.87,2,,,,,0,,2.10,1.62,1.50,1.86,0,0,0,0,4.59,4.52,0.00,4.41,VMS 2,,Tanque,,2.88,2.28,1.92,2.40,2.27,1.93,1.92,2.75
03/09/2024 08:23 p. m.,Ordeño,05:10,10.19,3,,,,,0,,1.98,1.56,1.56,1.80,0,0,0,0,4.93,4.79,0.00,4.25,VMS 2,,Tanque,,2.64,2.40,1.98,2.28,2.46,1.99,2.25,3.49
04/09/2024 05:43 a. m.,Ordeño,05:03,11.91,1,,,,,0,,2.16,1.68,1.68,1.98,0,0,0,0,4.64,4.96,0.00,4.66,VMS 2,,Tanque,,2.88,2.22,2.22,2.52,3.00,2.46,2.70,3.75
04/09/2024 02:54 p. m.,Ordeño,04:59,10.66,2,,,,,0,,2.04,1.74,1.68,1.98,0,0,0,0,4.73,4.60,4.68,4.20,VMS 2,,Tanque,,2.46,2.34,2.16,2.52,2.65,2.27,2.32,3.42
04/09/2024 11:34 p. m.,Ordeño,06:17,8.46,3,,,,,0,,1.74,1.56,1.44,1.86,0,0,0,0,4.43,4.62,4.53,4.37,VMS 2,,Tanque,,2.28,2.04,1.80,2.64,1.90,1.87,1.93,2.76
05/09/2024 09:09 a. m.,Ordeño,07:52,12.07,1,,TI,,,0,,1.86,1.68,1.68,1.80,0,0,0,0,4.82,4.75,4.69,4.58,VMS 2,,Tanque,,2.40,2.16,2.28,2.28,2.53,2.48,3.12,3.94
05/09/2024 09:40 p. m.,Ordeño,05:39,10.94,2,,DI,TI,TI,0,,2.16,1.74,0.00,2.04,0,0,0,0,4.86,4.71,0.00,4.41,VMS 2,,Tanque,,2.70,2.28,0.00,2.58,3.64,2.95,0.00,4.35
06/09/2024 10:59 a. m.,Ordeño,05:58,17.29,1,,,,,0,,2.28,1.80,1.86,1.98,0,0,0,0,4.91,4.64,4.92,4.35,VMS 2,,Tanque,,2.88,2.40,2.46,2.52,3.73,3.54,4.87,5.15
06/09/2024 08:44 p. m.,Ordeño,06:45,9.71,2,,,,,0,,1.98,1.62,1.38,1.80,0,0,390,0,4.55,4.38,4.41,4.35,VMS 2,,Tanque,,2.82,2.10,1.86,2.34,2.47,2.22,1.99,3.03
07/09/2024 06:00 a. m.,Ordeño,05:52,11.01,1,,,,,0,,1.92,1.80,1.38,1.86,0,0,0,0,4.88,4.87,4.81,4.60,VMS 2,,Tanque,,2.52,2.46,1.92,2.58,2.86,2.39,2.24,3.52
07/09/2024 03:39 p. m.,Ordeño,07:57,9.24,2,,,TI,,0,,1.92,1.74,0.48,1.98,0,0,0,0,4.41,4.72,2.95,4.51,VMS 2,,Tanque,,2.82,2.34,0.78,2.52,2.95,2.36,0.36,3.57
08/09/2024 01:13 a. m.,Ordeño,06:17,13.44,1,,,,,0,,2.16,1.62,1.68,1.80,0,0,0,0,4.70,4.81,5.17,4.49,VMS 2,,Tanque,,2.82,2.16,2.10,2.64,2.79,2.35,4.83,3.47
08/09/2024 01:17 p. m.,Ordeño,06:06,8.51,2,,,"DI,TI","DI,TI",0,,0.00,1.68,0.00,1.56,0,0,0,0,0.00,4.96,0.00,4.63,VMS 2,,Tanque,,0.00,2.40,0.00,2.40,0.00,3.43,0.00,5.08
08/09/2024 11:42 p. m.,Ordeño,05:19,17.59,3,,,,,0,DI,2.16,1.62,1.86,1.74,0,0,0,0,5.55,4.90,5.24,4.40,VMS 2,,Tanque,,2.82,2.16,2.34,2.28,5.61,2.72,5.55,3.71
09/09/2024 07:59 a. m.,Ordeño,05:50,10.00,1,,,,,0,,1.74,1.86,1.44,1.92,0,0,343,0,4.56,4.75,4.60,4.52,VMS 2,,Tanque,,2.22,2.52,1.74,2.70,2.19,2.24,2.05,3.52
09/09/2024 08:03 p. m.,Ordeño,06:58,14.32,2,,,,,0,,1.98,1.68,1.68,1.98,0,0,320,0,5.21,5.01,5.09,4.60,VMS 2,,Tanque,,2.46,2.28,2.10,2.64,3.05,3.10,3.07,5.10
10/09/2024 09:46 a. m.,Ordeño,05:23,16.33,1,,,,,0,,2.16,1.56,1.56,1.98,0,0,318,0,5.00,5.02,5.02,4.59,VMS 2,,Tanque,,2.88,2.16,2.10,2.52,3.44,3.83,3.42,5.64
10/09/2024 06:53 p. m.,Ordeño,10:57,13.22,2,,DD,,,0,,1.92,0.42,1.50,1.74,0,0,312,0,4.57,2.55,4.75,4.58,VMS 2,,Tanque,,2.64,0.66,1.98,2.52,3.13,0.27,2.84,6.98
12/09/2024 08:18 p. m.,Ordeño,05:54,13.87,2,,,,,0,TI,2.10,1.56,1.68,1.92,0,0,373,0,4.58,4.90,5.43,4.52,VMS 2,,Tanque,,2.64,2.10,2.10,2.34,2.45,2.47,5.18,3.77
13/09/2024 06:24 a. m.,Ordeño,04:54,12.36,1,,,,,0,,2.10,1.62,1.50,1.62,0,515,361,0,4.99,4.86,4.76,4.48,VMS 2,,Tanque,,2.76,2.10,1.98,2.58,2.87,2.63,2.43,4.43
13/09/2024 04:40 p. m.,Ordeño,05:24,11.90,2,,,,,0,,1.98,1.50,1.62,1.56,0,0,332,0,4.85,4.72,4.96,4.16,VMS 2,,Tanque,,2.76,2.10,2.04,2.52,2.88,2.46,2.47,4.09
14/09/2024 03:35 p. m.,Ordeño,04:40,10.66,2,,,,,0,,1.92,1.56,1.56,1.68,0,0,357,0,4.66,4.74,4.71,4.25,VMS 2,,Tanque,,2.52,2.16,2.10,2.40,2.51,2.26,2.45,3.44
15/09/2024 01:50 a. m.,Ordeño,06:51,10.46,1,,,,,0,,1.92,1.92,1.50,1.92,0,0,0,0,4.73,4.72,4.85,4.53,VMS 2,,Tanque,,2.46,2.58,2.04,2.34,2.51,2.21,2.29,3.45
15/09/2024 06:19 p. m.,Ordeño,06:09,15.62,2,,,,,0,,2.10,1.74,1.62,1.92,0,0,385,0,4.90,4.87,5.02,4.57,VMS 2,,Tanque,,2.82,2.34,2.10,2.52,3.55,3.26,3.56,5.25
16/09/2024 02:03 a. m.,Ordeño,07:25,8.19,1,,,,,0,,1.86,1.74,1.38,1.98,0,0,0,0,4.36,4.60,4.62,4.10,VMS 2,,Tanque,,2.46,2.34,1.80,2.46,1.92,1.75,1.90,2.62
16/09/2024 12:50 p. m.,Ordeño,08:40,8.98,2,,,TI,TI,0,,2.16,1.80,0.00,2.10,0,0,0,0,4.57,5.00,0.00,4.43,VMS 2,,Tanque,,2.64,2.28,0.00,2.88,2.96,2.42,0.00,3.60
16/09/2024 04:16 p. m.,Ordeño,07:08,5.45,3,,,,,0,,1.14,1.32,1.56,1.50,0,0,356,0,3.97,4.42,5.30,3.96,VMS 2,,Tanque,,2.40,2.10,2.04,2.34,0.85,0.63,2.98,0.99
17/09/2024 12:34 a. m.,Ordeño,06:00,8.28,3,,,,,0,,1.74,1.62,1.50,1.68,0,0,321,0,4.64,4.61,4.61,4.43,VMS 2,,Tanque,,2.34,2.34,1.98,2.34,1.94,1.70,2.14,2.50
17/09/2024 08:39 a. m.,Ordeño,05:22,8.64,2,,DI,,,0,,2.22,1.74,1.38,1.98,0,0,0,0,4.71,4.75,4.62,4.07,VMS 2,,Tanque,,2.70,2.58,2.34,2.58,1.97,1.85,1.81,3.01
17/09/2024 03:59 p. m.,Ordeño,07:49,5.56,3,,,TI,TI,0,,1.92,1.68,0.00,1.80,0,0,0,0,4.45,4.69,0.00,4.40,VMS 2,,Tanque,,2.76,2.34,0.00,2.34,2.01,1.43,0.00,2.12
18/09/2024 01:40 p. m.,Ordeño,05:16,13.25,2,,,,,0,,2.10,1.74,1.74,2.16,0,0,319,0,4.91,4.96,4.91,4.52,VMS 2,,Tanque,,2.76,2.40,2.16,2.88,3.09,2.81,3.03,4.32
19/09/2024 12:07 a. m.,Ordeño,05:19,10.06,1,,,,,0,,1.92,1.56,1.50,1.44,0,0,0,0,4.55,4.64,4.57,4.07,VMS 2,,Tanque,,2.34,2.04,2.16,2.52,2.31,1.97,2.01,3.77
19/09/2024 12:33 p. m.,Ordeño,05:50,13.56,2,,,,,0,,2.04,1.62,1.68,2.04,0,0,0,0,4.59,4.94,4.84,4.40,VMS 2,,Tanque,,2.64,2.22,2.16,2.64,3.17,2.98,3.07,4.34
20/09/2024 01:05 a. m.,Ordeño,05:57,11.43,1,,,,,0,,1.98,1.68,1.50,1.92,0,0,0,0,4.19,4.69,4.54,4.34,VMS 2,,Tanque,,2.64,2.28,2.22,2.46,2.82,2.43,2.54,3.64
20/09/2024 12:32 p. m.,Ordeño,07:39,11.07,2,,,,,0,,1.80,1.86,1.44,2.04,0,0,0,0,4.38,4.66,4.52,4.19,VMS 2,,Tanque,,2.40,2.46,1.92,2.52,2.68,2.17,2.47,3.75
21/09/2024 01:51 a. m.,Ordeño,06:28,8.88,1,,,,,0,,1.86,1.50,1.38,1.80,0,0,0,0,3.98,4.34,4.45,4.12,VMS 2,,Tanque,,2.58,2.28,1.92,2.40,2.21,1.84,1.87,2.96
21/09/2024 12:43 p. m.,Ordeño,05:57,9.84,2,,,,,0,,1.80,1.92,1.44,2.10,0,0,0,0,4.64,4.85,4.48,4.31,VMS 2,,Tanque,,2.34,2.40,1.86,2.70,2.41,2.04,2.03,3.36
21/09/2024 11:08 p. m.,Ordeño,05:38,8.49,3,,,,,0,,1.68,1.50,1.38,1.92,0,0,0,0,4.45,4.47,4.41,4.09,VMS 2,,Tanque,,2.16,2.10,1.80,2.46,1.97,1.63,1.99,2.90
22/09/2024 07:01 a. m.,Ordeño,05:05,8.02,1,,,,,0,,1.74,1.62,1.44,1.92,0,0,0,0,4.71,4.76,4.61,4.41,VMS 2,,Tanque,,2.22,2.10,1.86,2.58,1.95,1.51,1.78,2.78
22/09/2024 04:30 p. m.,Ordeño,08:26,7.54,2,,,TI,TI,0,,1.98,1.62,0.00,1.98,0,0,0,0,4.65,4.63,0.00,4.40,VMS 2,,Tanque,,2.46,2.16,0.00,2.52,2.29,1.97,0.00,3.28
22/09/2024 10:47 p. m.,Ordeño,08:49,4.53,3,,,TI,TI,0,,1.68,1.38,0.00,1.74,0,0,0,0,4.37,4.37,0.00,4.29,VMS 2,,Tanque,,2.16,1.98,0.00,2.46,1.42,1.14,0.00,1.97
23/09/2024 10:08 a. m.,Ordeño,07:01,15.14,1,,,,,0,TI,1.92,1.74,1.86,1.74,0,0,0,0,4.76,4.79,5.61,4.67,VMS 2,,Tanque,,2.58,2.46,2.40,2.34,2.96,2.36,5.93,3.89
23/09/2024 10:16 p. m.,Ordeño,08:23,10.22,2,,,,,0,,1.80,1.62,1.32,1.86,0,0,0,0,4.64,4.72,4.41,4.38,VMS 2,,Tanque,,2.34,2.10,1.80,2.28,2.54,2.26,1.86,3.56
24/09/2024 07:42 a. m.,Ordeño,06:23,10.32,1,,,,,0,,1.92,1.68,1.50,1.80,0,0,0,0,4.84,4.80,4.76,4.70,VMS 2,,Tanque,,2.52,2.22,1.92,2.40,2.74,2.15,1.98,3.45
24/09/2024 04:10 p. m.,Ordeño,05:56,6.63,2,,DI,TI,TI,0,,1.62,1.74,0.00,1.98,0,0,0,0,4.56,4.79,0.00,4.49,VMS 2,,Tanque,,2.88,2.52,0.00,2.40,1.44,2.00,0.00,3.19
25/09/2024 01:37 a. m.,Ordeño,09:07,5.31,1,,,"TI,TD","TI,TD",0,,1.92,1.92,0.00,0.00,0,0,0,0,4.97,4.80,0.00,0.00,VMS 2,,Tanque,,2.46,2.70,0.00,0.00,3.07,2.24,0.00,0.00
25/09/2024 07:07 a. m.,Ordeño,09:25,13.03,2,,,,,0,TI,1.56,1.44,1.74,1.98,0,0,0,0,4.43,4.40,5.20,4.60,VMS 2,,Tanque,,2.34,2.28,2.28,2.58,1.76,1.49,4.68,5.10
25/09/2024 03:04 p. m.,Ordeño,07:06,7.37,3,,DI,TI,TI,0,,1.98,1.38,0.00,1.86,0,0,0,0,4.57,4.48,0.00,4.37,VMS 2,,Tanque,,2.76,1.92,0.00,2.58,1.89,2.07,0.00,3.41
26/09/2024 03:59 a. m.,Ordeño,09:10,11.54,1,,,TD,TD,0,,2.04,1.68,1.68,0.00,0,0,0,0,5.00,4.96,5.03,0.00,VMS 2,,Tanque,,2.58,2.16,2.10,0.00,3.73,3.08,4.73,0.00
27/09/2024 07:23 a. m.,Ordeño,08:28,11.52,1,,DI,,,0,,1.98,1.68,1.62,1.68,0,0,0,0,4.33,4.45,4.53,4.39,VMS 2,,Tanque,,2.94,2.34,2.16,2.34,2.63,2.93,2.76,3.20
27/09/2024 08:45 p. m.,Ordeño,07:35,15.09,2,,,,,0,,2.04,1.68,1.50,1.62,0,0,0,0,4.89,4.62,4.69,4.63,VMS 2,,Tanque,,2.52,2.22,1.98,2.34,4.32,3.33,3.16,4.28
28/09/2024 08:07 a. m.,Ordeño,07:54,9.38,1,,,TI,TI,0,,1.86,2.04,0.00,1.98,0,0,0,0,4.34,4.45,0.00,4.66,VMS 2,,Tanque,,2.40,2.64,0.00,2.52,3.16,2.65,0.00,3.57
28/09/2024 02:40 p. m.,Ordeño,06:15,10.69,2,,,,,0,TI,1.80,1.56,1.62,1.68,0,0,0,0,4.26,4.35,4.91,4.11,VMS 2,,Tanque,,2.46,2.22,2.10,2.28,1.97,1.79,4.30,2.63
28/09/2024 10:57 p. m.,Ordeño,05:03,6.20,3,,DI,TI,TI,0,,1.80,1.74,0.00,1.80,0,0,0,0,4.40,4.47,0.00,4.53,VMS 2,,Tanque,,2.58,2.40,0.00,2.40,1.61,2.04,0.00,2.55
29/09/2024 09:42 a. m.,Ordeño,06:22,15.88,1,,,,,0,,1.80,1.86,1.68,2.04,0,0,0,0,4.65,4.61,4.83,4.79,VMS 2,,Tanque,,2.28,2.76,2.10,2.58,3.63,2.85,4.92,4.48
29/09/2024 11:22 p. m.,Ordeño,09:36,11.77,2,,,TI,TI,0,,2.04,1.92,0.00,1.92,0,0,0,0,4.57,4.68,0.00,4.33,VMS 2,,Tanque,,2.64,2.40,0.00,2.46,3.54,3.35,0.00,4.88
30/09/2024 07:09 a. m.,Ordeño,04:59,11.94,1,,,,,0,TI,1.80,1.62,1.86,1.80,0,308,0,0,4.30,4.28,4.85,4.00,VMS 2,,Tanque,,2.40,2.16,2.40,2.34,2.29,1.91,4.95,2.79
30/09/2024 01:49 p. m.,Ordeño,09:29,6.07,2,,,TI,,0,,1.86,1.62,0.30,1.62,0,0,0,0,4.08,4.19,2.75,4.03,VMS 3,,Tanque,,2.64,2.40,1.02,2.52,1.84,1.51,0.29,2.43
30/09/2024 11:31 p. m.,Ordeño,06:00,12.02,3,,,,,0,,1.92,1.44,1.74,1.44,0,0,0,0,4.53,4.36,4.78,4.41,VMS 3,,Tanque,,2.52,2.04,2.28,2.10,2.69,2.39,3.76,3.18
01/10/2024 08:11 a. m.,Ordeño,08:20,9.43,1,,,,,0,,1.74,1.62,1.56,1.68,0,0,0,0,4.23,4.39,4.39,4.48,VMS 3,,Tanque,,2.70,2.10,2.04,2.28,2.59,2.01,2.21,2.62
01/10/2024 06:33 p. m.,Ordeño,05:33,9.63,2,,,TI,TI,0,,1.98,1.50,0.00,1.86,0,0,0,0,4.31,4.31,0.00,4.48,VMS 3,,Tanque,,2.58,1.92,0.00,2.34,2.86,2.64,0.00,4.13
02/10/2024 12:54 a. m.,Ordeño,05:34,6.12,1,,DI,TI,TI,0,,1.74,1.50,0.00,1.80,0,0,0,0,4.19,4.24,0.00,4.27,VMS 3,,Tanque,,2.40,2.04,0.00,2.28,2.10,1.62,0.00,2.40
02/10/2024 05:54 a. m.,Ordeño,05:03,8.92,2,,,,,0,,1.50,0.90,1.74,0.90,0,0,0,0,4.40,4.46,4.99,4.37,VMS 3,,Tanque,,2.16,1.38,2.22,1.50,1.55,1.13,4.33,1.91
02/10/2024 04:50 p. m.,Ordeño,06:25,12.83,3,,,,,0,,1.98,1.50,1.68,1.62,0,0,0,0,4.74,4.47,4.54,4.48,VMS 3,,Tanque,,2.82,2.04,2.04,2.34,3.27,2.59,2.74,4.23
03/10/2024 01:19 a. m.,Ordeño,05:57,9.48,1,,,,,0,,1.98,1.62,1.56,1.80,0,0,0,0,4.36,4.33,4.55,4.38,VMS 3,,Tanque,,2.70,2.10,1.92,2.28,2.46,2.06,1.99,2.97
03/10/2024 11:18 a. m.,Ordeño,06:29,11.88,2,,,,,0,,2.10,1.56,1.56,1.98,0,0,0,0,4.54,4.51,4.61,4.49,VMS 3,,Tanque,,2.82,2.04,2.04,2.58,3.04,2.47,2.45,3.92
03/10/2024 09:49 p. m.,Ordeño,06:58,11.95,3,,,,,0,,1.92,1.74,1.62,2.04,0,0,0,0,4.50,4.52,4.82,4.46,VMS 3,,Tanque,,2.52,2.22,2.04,2.58,2.93,2.40,2.69,3.93
04/10/2024 08:19 a. m.,Ordeño,05:22,11.75,1,,,,,0,,1.86,1.92,1.56,1.98,0,0,0,0,3.95,4.52,4.69,4.40,VMS 3,,Tanque,,2.46,2.58,1.92,2.40,3.10,2.45,2.43,3.77
04/10/2024 03:43 p. m.,Ordeño,06:19,7.28,2,,,,,0,,1.38,1.56,1.50,1.74,0,0,0,0,3.98,4.09,4.42,3.92,VMS 3,,Tanque,,2.04,2.22,1.98,2.64,1.79,1.45,1.77,2.27
05/10/2024 12:28 a. m.,Ordeño,07:57,8.21,1,,DI,,,0,,1.92,1.74,1.50,1.86,0,0,0,0,4.17,4.23,4.39,3.96,VMS 3,,Tanque,,2.46,2.52,1.86,2.46,2.01,1.80,1.94,2.46
05/10/2024 12:05 p. m.,Ordeño,07:01,10.04,2,,DI,TI,TI,0,,1.86,1.86,0.00,2.04,0,0,0,0,4.10,4.29,0.00,4.06,VMS 3,,Tanque,,2.70,2.40,0.00,2.82,3.33,2.45,0.00,4.26
05/10/2024 06:22 p. m.,Ordeño,09:45,8.50,3,,,,,0,TI,1.44,1.68,1.62,1.80,0,0,0,0,3.85,4.08,4.76,4.13,VMS 3,,Tanque,,2.22,2.52,2.10,2.58,1.61,1.32,3.64,1.93
06/10/2024 01:25 a. m.,Ordeño,06:51,5.97,1,,DI,TI,TI,0,,1.68,1.80,0.00,1.92,0,0,0,0,4.01,4.18,0.00,3.85,VMS 3,,Tanque,,2.40,2.64,0.00,2.70,1.78,1.67,0.00,2.52
06/10/2024 08:51 a. m.,Ordeño,08:29,6.39,2,,,TI,TI,0,,1.62,1.80,0.00,1.86,0,0,0,0,4.21,4.33,0.00,4.10,VMS 3,,Tanque,,2.34,2.40,0.00,2.40,2.27,1.64,0.00,2.48
06/10/2024 03:00 p. m.,Ordeño,07:50,5.61,3,,,TI,TI,0,,1.62,1.62,0.00,1.80,0,0,0,0,4.38,4.38,0.00,4.29,VMS 3,,Tanque,,2.28,2.40,0.00,2.34,2.03,1.53,0.00,2.05
06/10/2024 10:50 p. m.,Ordeño,07:06,11.91,4,,,,,0,,1.68,1.62,1.86,1.92,0,0,0,0,4.55,4.39,5.04,4.38,VMS 3,,Tanque,,2.34,2.22,2.34,2.52,2.11,1.70,5.27,2.83
07/10/2024 06:52 a. m.,Ordeño,06:19,9.66,1,,,,,0,,1.86,1.62,1.62,1.92,0,0,0,0,4.36,4.18,4.10,4.11,VMS 3,,Tanque,,2.46,2.16,2.10,2.46,2.57,1.99,1.93,3.17
07/10/2024 03:15 p. m.,Ordeño,08:42,9.54,2,,DI,,,0,,1.98,1.74,1.68,2.10,0,0,0,0,4.23,4.26,4.33,4.14,VMS 3,,Tanque,,2.76,2.46,2.10,2.58,1.92,2.16,2.12,3.34
08/10/2024 07:39 a. m.,Ordeño,06:32,12.71,1,,DI,TI,TI,0,,2.10,1.98,0.00,2.04,0,0,0,0,4.57,4.60,0.00,4.43,VMS 3,,Tanque,,2.64,2.64,0.00,2.64,3.76,3.62,0.00,5.33
08/10/2024 02:17 p. m.,Ordeño,05:54,11.26,2,,,,,0,TI,1.86,1.62,1.98,1.80,0,0,0,0,4.47,4.00,4.82,4.00,VMS 3,,Tanque,,2.40,2.22,2.46,2.34,2.82,1.41,4.86,2.17
08/10/2024 10:29 p. m.,Ordeño,05:36,8.55,3,,,,,0,,2.04,1.56,1.56,1.92,0,0,0,0,3.73,4.14,4.16,4.12,VMS 3,,Tanque,,2.52,2.16,2.16,2.34,2.25,1.74,1.59,2.97
09/10/2024 09:45 a. m.,Ordeño,05:05,8.82,1,,DI,TI,TI,0,,1.74,1.80,0.00,1.92,0,0,0,0,4.26,4.38,0.00,4.21,VMS 3,,Tanque,,2.28,2.40,0.00,2.70,2.43,2.41,0.00,3.98
09/10/2024 04:55 p. m.,Ordeño,06:02,11.03,2,,,,,0,,1.98,1.56,1.74,1.80,0,0,0,0,4.48,4.41,4.92,4.29,VMS 3,,Tanque,,2.52,2.16,2.22,2.34,2.43,1.77,4.21,2.62
10/10/2024 02:09 a. m.,Ordeño,07:43,8.87,1,,DI,,,0,,1.86,1.62,1.50,1.80,0,0,0,0,4.11,4.19,4.32,4.20,VMS 3,,Tanque,,2.76,2.16,1.86,2.40,1.74,1.88,1.82,3.43
10/10/2024 02:30 p. m.,Ordeño,09:41,10.60,2,,,TI,TI,0,,2.04,1.68,0.00,2.10,0,0,0,0,4.20,4.35,0.00,4.35,VMS 3,,Tanque,,3.00,2.34,0.00,2.82,3.46,2.77,0.00,4.37
10/10/2024 07:35 p. m.,Ordeño,09:30,7.60,3,,DI,,,0,TI,1.68,1.44,1.68,1.62,300,0,0,0,3.82,4.10,4.93,4.13,VMS 3,,Tanque,,2.76,2.10,2.28,2.28,0.95,1.19,3.51,1.95
11/10/2024 09:07 a. m.,Ordeño,09:41,11.46,1,,,TI,TI,0,,1.98,1.86,0.00,2.10,0,0,0,0,4.51,4.57,0.00,4.45,VMS 3,,Tanque,,2.58,2.58,0.00,2.64,3.91,3.00,0.00,4.55
11/10/2024 05:39 p. m.,Ordeño,09:30,11.42,2,,DI,,,0,TI,1.68,1.80,1.74,1.92,0,0,0,0,3.95,4.31,4.96,4.20,VMS 3,,Tanque,,2.22,2.46,2.16,2.46,1.55,1.90,4.59,3.38
12/10/2024 07:28 a. m.,Ordeño,04:57,14.49,1,,,,,0,,1.92,1.80,1.56,2.04,0,0,0,0,4.73,4.46,4.44,4.32,VMS 3,,Tanque,,2.46,2.52,2.10,2.52,4.21,2.70,2.91,4.67
12/10/2024 02:45 p. m.,Ordeño,06:08,8.30,2,,,,,0,,1.92,1.68,1.56,1.86,317,0,0,0,4.19,4.19,4.59,4.11,VMS 3,,Tanque,,2.64,2.22,2.04,2.46,2.12,1.63,1.77,2.78
12/10/2024 09:39 p. m.,Ordeño,09:19,5.62,3,,,TI,,0,,1.56,1.68,0.42,1.68,0,0,0,0,3.93,4.18,3.02,4.13,VMS 3,,Tanque,,2.34,2.28,1.02,2.22,1.70,1.32,0.29,2.31
13/10/2024 02:25 a. m.,Ordeño,08:39,4.83,1,,,TD,,0,TI,1.26,0.60,1.80,0.66,0,0,0,0,4.08,4.38,4.97,4.00,VMS 3,,Tanque,,2.52,1.32,2.22,1.20,1.08,0.72,2.36,0.67
13/10/2024 12:57 p. m.,Ordeño,09:14,12.73,2,,,,,0,,1.98,1.80,1.80,1.98,0,0,0,0,4.62,4.61,4.79,4.47,VMS 3,,Tanque,,2.64,2.46,2.28,2.46,3.28,2.57,2.82,4.06
14/10/2024 01:32 a. m.,Ordeño,09:26,10.52,1,,,TI,TI,0,,1.80,1.86,0.00,2.10,0,0,0,0,4.26,4.54,0.00,4.49,VMS 3,,Tanque,,2.70,2.34,0.00,2.58,3.21,2.70,0.00,4.61
14/10/2024 10:19 a. m.,Ordeño,05:53,11.69,2,,,,,0,,1.98,1.62,1.86,1.86,0,0,0,0,4.28,4.27,4.85,4.35,VMS 3,,Tanque,,2.52,2.34,2.34,2.34,2.57,1.96,3.99,3.17
14/10/2024 11:24 p. m.,Ordeño,07:35,10.30,3,,,TI,TI,0,,1.92,1.74,0.00,1.80,0,0,0,0,4.42,4.47,0.00,4.27,VMS 3,,Tanque,,2.70,2.28,0.00,2.28,3.38,2.57,0.00,4.35
15/10/2024 05:46 a. m.,Ordeño,07:34,5.40,1,,DI,TI,TI,0,,1.68,1.50,0.00,1.74,0,0,0,0,3.85,4.15,0.00,4.12,VMS 3,,Tanque,,2.58,2.22,0.00,2.28,1.35,1.53,0.00,2.52
15/10/2024 12:33 p. m.,Ordeño,08:55,11.23,2,,DI,,,0,TI,2.04,1.56,1.74,1.86,0,0,0,0,4.14,4.14,5.04,4.10,VMS 3,,Tanque,,2.64,2.10,2.16,2.34,2.05,1.49,5.13,2.56
16/10/2024 05:12 a. m.,Ordeño,08:11,16.40,1,,,,,0,,1.92,1.68,1.62,2.04,0,0,0,0,4.47,4.58,4.37,4.48,VMS 3,,Tanque,,2.40,2.22,1.98,2.64,4.26,3.33,3.41,5.40
16/10/2024 05:34 p. m.,Ordeño,07:52,13.16,2,,,,,0,,2.10,1.68,1.56,1.86,0,0,0,0,4.27,4.23,4.52,4.20,VMS 3,,Tanque,,3.18,2.22,2.16,2.58,3.57,2.48,2.62,4.49
17/10/2024 05:10 a. m.,Ordeño,10:12,8.98,1,,,TI,TI,0,,1.86,1.92,0.00,2.04,0,0,0,0,4.14,4.33,0.00,4.23,VMS 3,,Tanque,,2.40,2.52,0.00,2.64,3.09,2.16,0.00,3.73
17/10/2024 09:43 a. m.,Ordeño,05:55,3.41,2,,DI,TI,TI,0,,1.68,1.14,0.00,1.44,0,0,0,0,4.15,4.14,0.00,4.12,VMS 3,,Tanque,,2.46,2.04,0.00,2.10,1.09,0.81,0.00,1.51
17/10/2024 04:13 p. m.,Ordeño,06:06,10.59,3,,,,,0,TI,1.86,1.56,1.74,1.68,0,0,0,0,4.21,4.21,5.04,4.30,VMS 3,,Tanque,,2.34,2.28,2.16,2.10,1.96,1.46,4.88,2.29
18/10/2024 01:00 a. m.,Ordeño,09:09,7.41,1,,,TI,TI,0,,1.62,1.74,0.00,1.86,0,0,0,0,4.11,4.30,0.00,4.36,VMS 3,,Tanque,,2.58,2.46,0.00,2.40,2.49,1.83,0.00,3.09
18/10/2024 11:12 a. m.,Ordeño,08:58,12.99,2,,,,,0,TI,1.86,1.92,1.74,2.10,0,0,0,0,4.31,4.22,4.96,4.27,VMS 3,,Tanque,,2.64,2.52,2.34,2.58,2.80,2.19,4.05,3.95
19/10/2024 02:42 a. m.,Ordeño,06:02,14.43,1,,,,,0,,2.22,1.86,1.74,2.04,0,0,0,0,4.64,4.50,4.62,4.26,VMS 3,,Tanque,,2.70,2.52,2.16,2.58,3.87,2.85,2.97,4.74
19/10/2024 11:08 a. m.,Ordeño,05:22,8.75,2,,,,,0,,1.80,1.68,1.56,1.92,0,0,0,0,4.16,4.18,4.48,4.07,VMS 3,,Tanque,,2.58,2.28,2.10,2.40,2.23,1.85,1.73,2.94
19/10/2024 11:03 p. m.,Ordeño,09:36,8.56,3,,,TI,TI,0,,1.86,1.68,0.00,1.92,0,0,0,0,4.12,4.41,0.00,4.18,VMS 3,,Tanque,,2.58,2.16,0.00,2.40,2.82,2.08,0.00,3.66
20/10/2024 08:10 a. m.,Ordeño,06:39,11.36,1,,,,,0,TI,1.86,1.56,1.74,1.80,0,0,0,0,4.33,4.28,4.92,4.16,VMS 3,,Tanque,,2.70,2.16,2.16,2.34,2.47,1.84,4.11,2.94
20/10/2024 03:04 p. m.,Ordeño,08:03,6.28,2,,,TI,,0,,1.74,1.50,0.30,1.86,0,0,0,0,4.19,4.18,3.02,4.07,VMS 3,,Tanque,,2.40,2.10,0.60,2.34,2.03,1.46,0.22,2.57
21/10/2024 12:00 a. m.,Ordeño,07:26,10.18,1,,,,,0,,1.74,1.56,1.80,1.80,0,0,0,0,4.50,4.39,4.85,4.42,VMS 3,,Tanque,,2.52,2.16,2.16,2.40,2.52,1.81,3.27,2.58
21/10/2024 08:07 a. m.,Ordeño,06:33,8.77,2,,,,,0,,1.86,1.56,1.62,1.80,0,0,0,0,4.32,4.28,4.28,3.74,VMS 3,,Tanque,,2.46,2.34,2.16,2.52,2.16,1.63,1.75,3.23
22/10/2024 01:46 a. m.,Ordeño,07:41,15.70,1,,,,,0,,2.04,1.86,1.68,2.04,0,0,0,0,4.57,4.58,4.72,4.16,VMS 3,,Tanque,,2.58,2.40,2.10,2.82,4.23,2.82,3.44,5.21
22/10/2024 12:53 p. m.,Ordeño,07:24,7.52,2,,,TI,TI,0,,1.80,1.56,0.00,1.86,0,0,0,0,4.08,4.19,0.00,4.22,VMS 3,,Tanque,,2.40,2.22,0.00,2.52,2.63,1.78,0.00,3.11
23/10/2024 12:38 a. m.,Ordeño,07:01,7.81,1,,,TI,TI,0,,1.74,1.44,0.00,1.68,0,0,0,0,4.14,4.30,0.00,4.11,VMS 3,,Tanque,,2.34,2.40,0.00,2.34,2.66,1.91,0.00,3.24
23/10/2024 08:48 a. m.,Ordeño,06:58,6.37,2,,,TI,TI,0,,1.80,1.32,0.00,1.68,0,0,0,0,3.96,4.14,0.00,4.13,VMS 3,,Tanque,,3.12,1.98,0.00,2.34,2.27,1.45,0.00,2.65
24/10/2024 12:47 a. m.,Ordeño,06:01,14.68,1,,,,,0,TI,1.86,1.62,1.92,1.86,0,0,0,0,4.13,4.41,5.26,4.30,VMS 3,,Tanque,,2.46,2.10,2.28,2.40,3.13,2.31,5.08,4.16
24/10/2024 08:42 a. m.,Ordeño,10:53,4.55,2,,DI,TI,TI,0,,1.38,1.14,0.00,1.80,0,0,0,0,3.88,4.15,0.00,4.06,VMS 3,,Tanque,,2.28,1.62,0.00,2.34,1.64,0.92,0.00,1.99
24/10/2024 02:33 p. m.,Ordeño,06:11,4.43,3,,,,,0,TI,1.32,1.02,1.50,0.78,0,0,0,0,4.19,4.05,4.74,3.84,VMS 3,,Tanque,,2.28,1.62,1.98,1.44,1.11,0.76,1.30,1.26
25/10/2024 02:13 a. m.,Ordeño,06:43,6.75,1,,DI,TI,TI,0,,1.26,1.20,0.00,1.92,0,0,0,0,2.98,4.33,0.00,4.34,VMS 3,,Tanque,,2.10,2.04,0.00,2.40,1.81,1.80,0.00,3.14
25/10/2024 09:31 a. m.,Ordeño,09:48,6.41,2,,DI,DI,,0,TI,1.02,1.26,1.56,1.68,0,0,0,0,3.32,4.09,4.93,4.07,VMS 3,,Tanque,,2.22,1.98,2.04,2.22,0.85,1.19,2.25,2.12
25/10/2024 02:36 p. m.,Ordeño,10:07,3.03,3,,DI,DI,,0,,1.08,1.02,0.18,1.32,0,0,0,0,3.43,3.91,2.75,3.78,VMS 3,,Tanque,,2.10,1.50,0.66,2.16,0.64,0.77,0.22,1.40
26/10/2024 01:09 a. m.,Ordeño,09:28,9.59,1,,,,,0,TI,1.80,1.38,1.62,1.80,0,0,0,0,4.70,4.25,4.88,4.19,VMS 3,,Tanque,,2.82,1.92,2.04,2.28,3.08,1.70,2.10,2.71
26/10/2024 10:09 a. m.,Ordeño,05:34,6.65,2,,DI,TI,TI,0,,1.74,1.14,0.00,1.86,0,0,0,0,4.39,4.17,0.00,4.05,VMS 3,,Tanque,,2.40,1.80,0.00,2.46,2.22,1.51,0.00,2.92
26/10/2024 04:51 p. m.,Ordeño,05:16,6.48,3,,,,,0,TI,1.74,1.14,1.68,1.74,0,0,0,0,4.25,4.06,5.31,3.99,VMS 3,,Tanque,,2.40,1.74,2.16,2.34,1.44,0.99,2.12,1.93
27/10/2024 07:24 a. m.,Ordeño,09:44,9.53,1,,,TI,TI,0,,2.04,1.50,0.00,2.04,0,0,0,0,4.30,4.57,0.00,4.39,VMS 3,,Tanque,,2.76,2.04,0.00,2.58,3.26,2.26,0.00,4.01
27/10/2024 12:07 p. m.,Ordeño,09:35,3.42,2,,,TI,TI,0,,1.32,0.78,0.00,1.38,0,0,0,0,4.10,4.36,0.00,4.06,VMS 3,,Tanque,,2.46,1.20,0.00,2.22,1.17,0.76,0.00,1.49
27/10/2024 09:11 p. m.,Ordeño,05:35,8.66,3,,,,,0,TI,1.62,1.14,1.74,1.62,0,0,0,0,4.46,4.30,5.42,4.38,VMS 3,,Tanque,,2.28,1.80,2.40,2.10,1.49,1.08,3.97,2.12
28/10/2024 01:16 p. m.,Ordeño,06:39,5.48,2,,DI,,,0,,1.68,1.14,1.50,1.62,0,0,0,0,4.09,4.31,4.92,4.06,VMS 3,,Tanque,,2.40,1.80,1.92,2.10,0.68,0.90,2.08,1.82
28/10/2024 11:55 p. m.,Ordeño,05:28,6.65,2,,DI,TI,TI,0,,1.92,1.44,0.00,1.86,0,0,0,0,4.37,4.36,0.00,4.20,VMS 3,,Tanque,,2.64,1.92,0.00,2.28,2.44,1.46,0.00,2.75
29/10/2024 11:53 a. m.,Ordeño,13:00,6.42,1,,,TI,TI,0,,1.68,1.50,0.00,1.98,0,0,0,0,3.96,4.36,0.00,4.16,VMS 3,,Tanque,,2.64,2.10,0.00,2.58,2.03,1.54,0.00,2.85
29/10/2024 06:19 p. m.,Ordeño,09:57,6.17,3,,,,,0,TI,1.20,0.60,1.44,1.14,0,0,0,0,3.76,4.24,5.41,4.02,VMS 3,,Tanque,,2.40,1.14,2.10,1.92,0.98,0.63,3.43,1.13
30/10/2024 03:09 a. m.,Ordeño,08:20,4.57,1,,,TI,TI,0,,1.68,1.02,0.00,1.62,0,0,0,0,3.75,4.23,0.00,4.04,VMS 3,,Tanque,,2.64,1.44,0.00,2.10,1.54,1.07,0.00,1.96
30/10/2024 08:46 p. m.,Ordeño,05:37,11.60,2,,,,,0,TI,1.92,1.50,1.74,1.92,0,0,0,0,4.52,4.81,5.25,4.58,VMS 3,,Tanque,,2.28,2.04,2.10,2.52,2.73,1.93,3.01,3.93
31/10/2024 05:26 a. m.,Ordeño,05:33,5.26,1,,,TI,TI,0,,1.74,1.26,0.00,1.68,0,0,0,0,4.03,4.12,0.00,3.98,VMS 3,,Tanque,,2.28,1.92,0.00,2.46,2.01,1.14,0.00,2.11
31/10/2024 01:26 p. m.,Ordeño,05:49,6.39,2,,,,,0,TI,1.86,1.20,1.68,1.68,0,0,0,0,4.35,4.32,5.17,4.12,VMS 3,,Tanque,,2.52,1.80,2.16,2.16,1.58,1.05,1.93,1.83
01/11/2024 04:49 a. m.,Ordeño,10:03,8.66,1,,,TI,TI,0,,1.86,1.56,0.00,1.98,0,0,0,0,4.23,4.38,0.00,4.56,VMS 3,,Tanque,,2.70,2.10,0.00,2.46,3.15,1.87,0.00,3.64
01/11/2024 12:54 p. m.,Ordeño,06:43,7.62,2,,,,,0,TI,1.86,1.14,1.74,1.74,0,0,0,0,4.01,4.53,5.06,4.02,VMS 3,,Tanque,,2.58,1.74,2.28,2.34,1.69,1.03,3.10,1.80
12/03/2025 09:36 p. m.,Ordeño,10:10,20.93,1,,,,,0,Todos,1.74,1.56,1.62,2.16,7765,998,1587,742,3.30,3.98,4.19,4.29,VMS 3,,Divert 3,,2.94,2.28,2.10,2.76,3.11,4.75,7.33,5.74
13/03/2025 08:28 a. m.,Ordeño,13:05,9.43,1,,,,,0,Todos,1.68,1.50,1.62,2.04,7756,1499,2688,1945,4.43,4.67,4.81,4.86,VMS 3,,Divert 3,,2.88,2.64,2.40,2.52,1.74,1.77,2.75,3.17
20/03/2025 04:13 p. m.,Ordeño,16:07,36.25,1,,,,,0,,2.22,2.10,2.04,2.28,346,0,0,0,4.72,5.07,5.32,4.87,VMS 3,,Drenaje,,3.12,3.00,2.52,2.88,8.26,7.44,10.68,9.87
20/03/2025 10:30 p. m.,Ordeño,13:41,8.42,2,,,,TI,0,,2.10,1.68,0.00,1.68,559,0,0,0,4.47,4.38,0.00,4.33,VMS 3,,Drenaje,,3.06,2.22,0.00,2.10,2.97,2.48,0.00,2.97
21/03/2025 03:52 a. m.,Ordeño,08:37,12.90,1,,,,,0,,1.92,1.74,1.92,1.74,0,0,0,0,4.92,4.70,4.84,4.76,VMS 3,,Drenaje,,2.64,2.52,2.40,2.28,2.11,1.87,6.32,2.60
21/03/2025 09:54 a. m.,Ordeño,08:09,6.28,2,,DI,,TI,0,DI,1.26,1.68,0.00,1.80,900,0,0,0,4.96,5.05,0.00,5.08,VMS 3,,Drenaje,,2.46,2.16,0.00,2.28,0.67,2.46,0.00,3.15
21/03/2025 09:34 p. m.,Ordeño,09:45,13.92,3,,DI,TI,TI,0,,1.92,1.80,0.00,2.22,0,0,0,0,5.11,5.05,0.00,4.98,VMS 3,,Drenaje,,3.24,2.40,0.00,2.88,1.91,5.21,0.00,6.80
22/03/2025 02:27 a. m.,Ordeño,11:52,11.73,1,,,TI,TI,0,,2.22,1.80,0.00,2.04,0,0,0,0,5.17,4.84,0.00,4.81,VMS 3,,Drenaje,,2.88,2.22,0.00,2.76,6.37,2.29,0.00,3.07
22/03/2025 03:00 p. m.,Ordeño,13:18,30.71,2,,,,,0,,2.46,1.98,2.34,2.22,305,0,0,0,5.31,5.13,5.35,5.12,VMS 3,,Drenaje,,3.42,2.58,2.94,3.00,6.62,5.31,11.29,7.49
22/03/2025 10:07 p. m.,Ordeño,07:29,9.39,3,,DI,,TI,0,,1.62,1.86,0.00,2.04,400,0,0,0,4.56,4.78,0.00,4.73,VMS 3,,Drenaje,,2.58,2.40,0.00,2.52,0.96,3.61,0.00,4.82
23/03/2025 09:36 a. m.,Ordeño,14:32,21.65,1,,,TI,TI,0,,2.52,1.98,0.00,2.22,0,0,0,0,4.69,4.79,0.00,4.72,VMS 3,,Drenaje,,3.18,2.70,0.00,2.88,7.96,6.06,0.00,7.63
23/03/2025 06:03 p. m.,Ordeño,07:48,14.61,2,,DI,TI,TI,0,,2.10,1.80,0.00,2.04,0,0,0,0,4.57,4.60,0.00,4.57,VMS 3,,Drenaje,,2.94,2.52,0.00,2.64,4.86,4.35,0.00,5.40
23/03/2025 11:49 p. m.,Ordeño,09:28,9.97,3,,DI,TI,TI,0,,2.10,1.92,0.00,1.92,0,0,0,0,4.72,4.67,0.00,4.58,VMS 3,,Drenaje,,3.06,2.46,0.00,2.64,2.47,3.15,0.00,4.35
24/03/2025 07:41 a. m.,Ordeño,10:03,20.47,1,,DD,TD,TD,0,,2.28,2.10,2.34,0.00,0,0,0,0,4.86,4.60,4.73,0.00,VMS 3,,Drenaje,,3.00,2.64,3.00,0.00,5.89,4.22,10.36,0.00
24/03/2025 04:42 p. m.,Ordeño,11:11,20.60,2,,,TI,TI,0,,2.22,1.92,0.00,1.98,0,0,0,0,4.71,4.68,0.00,4.89,VMS 3,,Drenaje,,2.88,2.70,0.00,2.46,5.48,4.72,0.00,10.40
24/03/2025 09:59 p. m.,Ordeño,08:00,17.23,3,,DI,,,0,,2.22,1.92,1.92,1.86,0,0,0,0,4.78,4.52,4.92,4.47,VMS 3,,Drenaje,,2.94,2.46,2.34,2.46,3.63,3.26,6.29,4.05
25/03/2025 08:33 a. m.,Ordeño,09:18,24.84,1,,,,,0,,2.52,2.10,2.10,1.98,0,0,0,0,4.95,4.60,5.00,4.67,VMS 3,,Drenaje,,3.30,2.70,2.64,2.52,6.58,5.49,5.65,7.12
25/03/2025 01:46 p. m.,Ordeño,07:55,9.85,2,,,TI,TI,0,,2.10,2.16,0.00,1.62,0,0,0,0,4.45,4.55,0.00,3.99,VMS 2,,Drenaje,,2.88,2.70,0.00,2.46,3.21,2.92,0.00,3.72
25/03/2025 06:02 p. m.,Ordeño,06:42,14.08,3,,,,,0,,2.10,1.92,1.74,1.74,0,0,0,0,4.56,4.51,4.87,4.41,VMS 2,,Drenaje,,2.70,2.70,2.28,2.34,2.73,2.46,5.39,3.50
26/03/2025 12:22 a. m.,Ordeño,04:50,16.11,1,,,,,0,,2.16,2.10,1.86,1.74,0,0,0,0,4.51,4.51,4.52,4.15,VMS 2,,Drenaje,,2.76,2.76,2.46,2.28,3.86,3.60,3.99,4.66
26/03/2025 08:43 a. m.,Ordeño,07:49,14.91,2,,,TI,TI,0,,2.22,2.10,0.00,1.92,0,0,0,0,4.42,4.47,0.00,4.06,VMS 2,,Drenaje,,2.88,2.76,0.00,2.40,4.87,4.40,0.00,5.64
26/03/2025 02:26 p. m.,Ordeño,05:07,18.04,3,,TD,,,0,,2.10,1.62,2.10,1.26,0,0,0,0,4.34,4.35,4.80,4.33,VMS 2,,Drenaje,,3.00,2.46,2.76,1.92,3.39,3.12,8.59,2.94
26/03/2025 10:58 p. m.,Ordeño,04:57,21.85,4,,,,,0,,2.46,1.80,1.98,1.98,0,0,0,0,4.41,4.46,4.74,4.07,VMS 2,,Drenaje,,3.18,2.64,2.52,2.76,5.13,4.75,5.42,6.55
27/03/2025 07:13 a. m.,Ordeño,04:52,21.26,1,,,,,0,,2.22,1.80,2.04,2.04,0,0,0,0,4.53,4.52,4.79,4.26,VMS 2,,Drenaje,,3.00,2.52,2.76,2.70,4.97,4.40,5.38,6.51
27/03/2025 02:15 p. m.,Ordeño,05:54,18.72,2,,,,,0,,2.16,1.92,2.16,1.92,0,0,0,0,4.59,4.51,4.97,4.42,VMS 2,,Drenaje,,2.76,2.64,2.70,2.58,4.59,3.78,4.79,5.56
27/03/2025 08:53 p. m.,Ordeño,06:18,13.13,3,,,,DI,0,,0.00,1.98,2.16,1.80,0,0,0,0,0.00,4.39,4.69,4.34,VMS 2,,Drenaje,,0.00,2.64,2.64,2.28,0.00,3.53,4.62,4.98
28/03/2025 03:34 a. m.,Ordeño,07:46,20.05,1,,,,,0,,2.22,1.98,1.92,1.98,0,0,0,0,4.41,4.54,4.74,4.12,VMS 2,,Drenaje,,3.18,2.64,2.46,2.46,6.59,3.66,4.66,5.14
28/03/2025 01:46 p. m.,Ordeño,10:06,19.94,2,,,,DI,0,,0.00,1.98,2.04,2.04,0,0,0,0,0.00,4.47,4.73,4.35,VMS 2,,Drenaje,,0.00,2.70,2.46,2.64,0.00,5.22,6.86,7.86
28/03/2025 09:01 p. m.,Ordeño,10:30,16.28,3,,,,TI,0,,2.28,1.98,0.00,1.80,0,0,0,0,4.45,4.36,0.00,4.21,VMS 2,,Drenaje,,3.42,2.58,0.00,2.88,6.88,3.98,0.00,5.42
29/03/2025 12:59 a. m.,Ordeño,07:01,16.05,1,,,,,0,,1.92,1.80,2.10,1.56,0,0,0,0,4.12,4.49,4.41,4.20,VMS 2,,Drenaje,,2.58,2.58,2.82,2.40,3.19,2.10,8.05,2.71
29/03/2025 06:52 a. m.,Ordeño,09:31,11.62,2,,,TI,TI,0,,2.22,1.98,0.00,1.92,0,0,0,0,4.33,4.49,0.00,4.19,VMS 2,,Drenaje,,3.18,2.82,0.00,2.40,3.54,3.22,0.00,4.86
29/03/2025 12:11 p. m.,Ordeño,07:09,17.32,3,,,,,0,,2.22,1.98,2.10,1.92,0,0,0,0,4.69,4.61,4.81,4.37,VMS 2,,Tanque,,2.70,2.64,2.58,2.58,2.95,2.85,7.51,4.01
29/03/2025 06:33 p. m.,Ordeño,10:20,12.21,4,,,TI,TI,0,,2.22,1.92,0.00,1.74,0,0,0,0,4.60,4.61,0.00,4.33,VMS 2,,Tanque,,3.30,2.52,0.00,2.34,3.80,3.48,0.00,4.93
30/03/2025 12:00 a. m.,Ordeño,08:14,17.11,1,,TD,,,0,,2.16,2.04,1.98,2.04,0,0,0,0,4.80,4.61,4.82,4.47,VMS 2,,Tanque,,2.88,2.64,2.52,2.94,3.41,3.14,7.77,2.79
30/03/2025 09:34 a. m.,Ordeño,09:11,26.09,2,,,,,0,,2.34,2.28,2.04,2.10,0,0,0,0,4.68,4.37,4.77,4.48,VMS 2,,Tanque,,3.12,3.30,2.52,3.36,5.54,5.06,6.53,8.96
30/03/2025 03:09 p. m.,Ordeño,08:56,11.20,3,,DI,DI,,0,,1.38,2.04,1.80,1.80,0,0,0,0,4.29,4.57,4.69,4.34,VMS 2,,Tanque,,2.64,2.82,2.22,2.28,0.32,3.11,3.72,4.05
30/03/2025 10:29 p. m.,Ordeño,07:22,14.95,4,,DI,TI,TI,0,,2.34,2.34,0.00,1.98,0,0,0,0,4.76,4.24,0.00,4.33,VMS 2,,Tanque,,3.42,3.00,0.00,2.52,4.83,4.03,0.00,6.09
31/03/2025 06:09 a. m.,Ordeño,11:33,23.16,1,,DI,,,0,,2.40,1.98,1.98,1.92,0,0,0,0,4.50,4.57,4.96,4.53,VMS 2,,Tanque,,3.66,2.76,2.82,2.88,3.78,4.05,9.33,6.00
31/03/2025 10:05 a. m.,Ordeño,08:47,13.32,2,,,,,0,,2.46,1.80,1.62,1.74,0,0,0,0,4.29,4.64,4.38,4.45,VMS 2,,Tanque,,3.18,2.46,2.16,2.46,4.46,2.29,3.29,3.28
31/03/2025 05:24 p. m.,Ordeño,06:27,12.36,3,,DI,TI,TI,0,,2.28,2.10,0.00,1.92,0,0,0,0,4.64,4.51,0.00,4.28,VMS 2,,Tanque,,3.18,2.76,0.00,3.00,3.34,3.77,0.00,5.25
31/03/2025 07:37 p. m.,Ordeño,08:34,10.77,4,,,,,0,,1.98,1.56,2.10,1.44,0,0,0,0,4.65,4.58,4.86,4.54,VMS 2,,Tanque,,2.70,2.34,2.70,2.22,2.05,1.27,5.95,1.50
01/04/2025 12:42 a. m.,Ordeño,06:13,10.22,1,,DI,TI,TI,0,,2.28,1.68,0.00,1.80,0,0,0,0,4.72,4.65,0.00,4.41,VMS 2,,Tanque,,2.94,2.16,0.00,2.34,3.12,2.80,0.00,4.30
01/04/2025 07:39 a. m.,Ordeño,08:55,18.70,2,,TI,,,0,,2.10,1.80,2.04,1.86,0,0,0,0,4.91,4.79,5.09,4.36,VMS 2,,Tanque,,2.64,2.46,3.12,2.64,4.24,3.51,5.59,5.36
01/04/2025 12:32 p. m.,Ordeño,07:40,16.10,3,,,,,0,,2.10,1.86,2.04,1.68,0,0,0,0,4.73,4.66,4.68,4.49,VMS 2,,Tanque,,3.30,2.46,2.58,2.28,3.37,2.91,5.87,3.95
01/04/2025 06:07 p. m.,Ordeño,08:07,11.00,4,,DI,TI,TI,0,,2.10,1.86,0.00,1.98,0,0,0,0,4.74,4.59,0.00,4.41,VMS 2,,Tanque,,3.00,2.46,0.00,2.58,3.41,3.01,0.00,4.58
02/04/2025 01:00 a. m.,Ordeño,09:24,22.31,1,,,,,0,,2.34,1.74,2.10,1.92,0,0,0,0,4.93,4.67,4.96,4.60,VMS 2,,Tanque,,3.12,2.40,2.64,2.82,4.47,3.91,8.15,5.78
02/04/2025 07:43 a. m.,Ordeño,10:52,19.19,2,,,,,0,,2.22,1.86,1.98,1.62,0,0,0,0,4.93,4.78,4.52,4.47,VMS 2,,Tanque,,3.00,2.46,2.52,2.22,4.72,4.10,5.37,5.00
02/04/2025 01:22 p. m.,Ordeño,08:25,15.93,3,,TI,,,0,,2.22,1.80,2.04,1.74,0,0,0,0,5.05,4.87,4.86,4.58,VMS 2,,Tanque,,3.06,2.40,2.64,2.34,4.04,3.55,3.95,4.39
02/04/2025 05:17 p. m.,Ordeño,05:22,12.45,4,,,,,0,,2.10,1.74,1.92,1.74,0,0,0,0,5.07,4.94,4.99,4.70,VMS 2,,Tanque,,2.64,2.52,2.52,2.22,2.90,2.53,3.53,3.49
02/04/2025 10:00 p. m.,Ordeño,09:33,11.86,5,,DI,,,0,,2.04,1.86,1.74,1.74,0,0,0,0,4.65,4.74,4.81,4.42,VMS 2,,Tanque,,3.00,2.28,2.22,2.40,1.95,2.89,3.49,3.53
03/04/2025 02:52 a. m.,Ordeño,08:50,10.15,1,,,TI,TI,0,,2.10,1.62,0.00,1.80,0,0,0,0,5.07,4.88,0.00,4.66,VMS 2,,Tanque,,2.82,2.28,0.00,2.28,4.06,2.66,0.00,3.43
03/04/2025 02:53 p. m.,Ordeño,09:32,10.64,2,,,Todos,,0,,1.98,1.68,1.68,1.80,0,0,0,0,4.49,4.60,4.60,4.34,VMS 2,,Tanque,,2.88,2.34,2.28,2.52,2.76,2.13,2.77,2.98
03/04/2025 11:20 p. m.,Ordeño,12:01,20.92,3,,,,,0,,1.92,1.86,1.98,1.92,0,0,0,0,4.77,4.81,4.95,4.36,VMS 2,,Tanque,,2.82,2.46,2.76,2.52,5.03,4.48,5.52,5.89
04/04/2025 06:07 a. m.,Ordeño,10:18,10.07,1,,,"DI,TI","DI,TI",0,,0.00,1.80,0.00,1.92,0,0,0,0,0.00,4.63,0.00,4.21,VMS 2,,Tanque,,0.00,2.52,0.00,2.58,0.00,4.03,0.00,6.04
04/04/2025 01:24 p. m.,Ordeño,08:05,24.47,2,,,,,0,,2.16,1.92,1.98,1.74,0,0,0,0,4.86,4.58,4.61,4.18,VMS 2,,Tanque,,2.94,2.52,2.40,2.22,6.88,4.03,8.91,4.65
04/04/2025 07:24 p. m.,Ordeño,08:16,13.83,3,,,,,0,,2.04,1.80,1.80,1.98,0,0,350,0,4.53,4.44,4.62,4.31,VMS 2,,Tanque,,2.76,2.40,2.16,2.46,3.20,2.84,3.61,4.18
05/04/2025 01:56 a. m.,Ordeño,07:02,11.57,1,,DI,TI,TI,0,,2.28,1.74,0.00,1.98,0,0,0,0,4.55,4.32,0.00,4.13,VMS 2,,Tanque,,2.76,2.40,0.00,2.76,3.56,3.31,0.00,4.70
05/04/2025 06:40 a. m.,Ordeño,09:10,9.00,2,,DI,TI,TI,0,,2.04,1.68,0.00,1.80,0,0,0,0,4.76,4.60,0.00,4.45,VMS 2,,Tanque,,2.88,2.28,0.00,2.52,2.80,2.36,0.00,3.84
05/04/2025 01:24 p. m.,Ordeño,08:51,23.73,3,,,,,0,"DD,TI",2.04,1.92,2.10,1.98,0,0,337,0,3.63,4.62,4.96,4.20,VMS 2,,Tanque,,2.64,2.40,2.82,2.64,5.22,3.73,9.72,5.06
05/04/2025 09:55 p. m.,Ordeño,08:35,16.01,4,,DI,TI,TI,0,,2.16,1.86,0.00,2.28,0,0,0,0,4.65,4.62,0.00,4.36,VMS 2,,Tanque,,3.12,2.46,0.00,2.94,3.85,4.79,0.00,7.37
06/04/2025 10:09 a. m.,Ordeño,08:35,32.46,1,,,,,0,,2.40,2.22,2.16,2.16,0,0,0,0,5.13,5.17,4.87,4.39,VMS 2,,Tanque,,3.12,3.00,2.76,3.12,7.36,6.46,9.37,9.27
06/04/2025 04:25 p. m.,Ordeño,06:49,12.08,2,,DI,TI,TI,0,,2.34,2.10,0.00,1.86,0,0,0,0,4.77,4.59,0.00,4.39,VMS 2,,Tanque,,3.30,2.76,0.00,2.70,3.01,3.91,0.00,5.16
07/04/2025 12:10 a. m.,Ordeño,09:11,24.51,1,,,,,0,,2.40,1.92,2.04,2.04,0,0,0,0,5.16,5.03,5.15,4.50,VMS 2,,Tanque,,3.00,2.64,2.70,2.82,5.46,4.19,8.50,6.36
07/04/2025 09:38 a. m.,Ordeño,07:06,17.53,2,,"DI,TD",TI,TI,0,,2.16,2.22,0.00,2.04,0,0,0,0,4.96,4.98,0.00,4.61,VMS 2,,Tanque,,3.06,3.12,0.00,2.64,4.17,5.30,0.00,8.06
07/04/2025 03:53 p. m.,Ordeño,08:32,23.85,3,,,,,0,,2.28,1.92,2.10,2.10,0,0,0,0,4.85,4.78,5.14,4.19,VMS 2,,Tanque,,3.00,2.40,2.70,2.76,5.05,3.73,9.78,5.29
08/04/2025 12:27 a. m.,Ordeño,11:42,11.43,1,,TD,"TI,TD",TI,0,,2.28,2.04,0.00,1.86,0,0,0,0,4.85,5.00,0.00,4.71,VMS 2,,Tanque,,3.12,3.00,0.00,3.12,4.97,4.54,0.00,1.92
08/04/2025 05:50 a. m.,Ordeño,08:47,19.42,2,,TD,,,0,,2.22,2.10,2.04,2.28,0,0,0,0,4.76,4.72,4.99,4.55,VMS 2,,Tanque,,3.00,2.76,2.70,3.36,3.69,3.33,8.94,3.46
08/04/2025 10:47 a. m.,Ordeño,06:43,18.75,3,,,,,0,,2.04,1.98,1.62,2.28,0,0,0,0,4.63,4.59,4.33,4.48,VMS 2,,Tanque,,2.64,2.52,2.22,3.12,3.27,2.86,3.50,9.12
08/04/2025 05:32 p. m.,Ordeño,08:51,16.94,4,,,,,0,,2.16,2.04,1.68,2.16,0,0,0,0,4.66,4.66,4.73,4.04,VMS 2,,Tanque,,3.12,2.52,2.16,2.88,4.07,3.89,4.25,4.73
09/04/2025 12:52 a. m.,Ordeño,08:52,13.73,1,,DI,TI,TI,0,,2.28,2.04,0.00,1.92,0,0,0,0,4.66,4.74,0.00,4.28,VMS 2,,Tanque,,3.00,2.82,0.00,2.40,4.35,4.10,0.00,5.28
09/04/2025 05:57 a. m.,Ordeño,08:46,19.02,2,,,,,0,,2.22,1.98,2.10,1.86,0,0,0,0,4.66,4.74,5.08,4.42,VMS 2,,Tanque,,2.94,2.64,2.70,2.52,3.51,3.32,8.16,4.03
09/04/2025 10:10 a. m.,Ordeño,07:21,12.05,3,,,,,0,,1.98,1.68,1.92,1.80,0,0,0,0,4.66,4.52,4.61,4.63,VMS 2,,Tanque,,2.64,2.22,2.64,2.34,2.94,2.32,3.36,3.43
09/04/2025 02:29 p. m.,Ordeño,08:01,11.22,4,,,,,0,,2.04,1.68,1.74,1.56,0,0,0,0,4.79,4.60,4.75,4.48,VMS 2,,Tanque,,2.70,2.40,2.28,2.34,2.68,2.32,3.01,3.21
09/04/2025 08:31 p. m.,Ordeño,09:37,10.66,5,,,TI,TI,0,,2.04,1.68,0.00,1.80,0,0,0,0,4.59,4.47,0.00,4.34,VMS 2,,Tanque,,2.58,2.22,0.00,2.52,3.29,3.10,0.00,4.27
10/04/2025 02:14 a. m.,Ordeño,08:41,19.72,1,,,,,0,,2.28,1.80,1.98,2.28,0,0,0,0,4.85,4.68,4.88,4.35,VMS 2,,Tanque,,2.88,2.52,2.46,2.82,3.81,3.16,7.67,5.08
10/04/2025 10:15 a. m.,Ordeño,10:54,20.49,2,,,,,0,,2.16,1.92,1.86,2.16,0,0,0,0,4.71,4.60,4.67,4.24,VMS 2,,Tanque,,2.88,2.52,2.40,2.88,4.68,4.44,5.31,6.06
10/04/2025 03:14 p. m.,Ordeño,05:45,11.25,3,,,,,0,,2.04,1.86,1.80,1.98,0,0,0,0,4.56,4.70,4.54,4.09,VMS 2,,Tanque,,2.70,2.52,2.40,2.64,2.71,2.40,2.90,3.24
10/04/2025 11:22 p. m.,Ordeño,06:56,9.39,4,,DI,"DI,TI",TI,0,,1.86,1.86,0.00,2.04,0,0,0,0,4.49,4.51,0.00,4.07,VMS 2,,Tanque,,2.94,2.52,0.00,2.64,0.73,3.65,0.00,5.01
11/04/2025 09:22 a. m.,Ordeño,07:55,28.59,1,,,,,0,,2.40,1.98,2.22,2.22,0,0,0,0,4.65,4.65,4.66,4.54,VMS 2,,Tanque,,3.18,2.58,2.94,2.88,7.66,4.90,9.35,6.68
11/04/2025 02:36 p. m.,Ordeño,08:28,9.33,2,,TI,TI,,0,"DI,DD",1.98,1.68,1.44,1.98,0,0,400,0,4.45,4.55,3.42,4.24,VMS 2,,Tanque,,2.94,2.28,2.52,2.88,2.73,2.41,0.41,3.78
11/04/2025 05:28 p. m.,Ordeño,05:13,7.99,3,,,,,0,,1.26,1.26,1.92,1.14,0,0,0,0,4.40,4.56,4.56,4.64,VMS 2,,Tanque,,2.28,2.22,2.46,2.40,1.09,1.14,3.99,1.77
11/04/2025 10:07 p. m.,Ordeño,08:46,6.45,4,,,TI,TI,0,,1.80,1.62,0.00,1.62,0,0,0,0,4.43,4.56,0.00,4.57,VMS 2,,Tanque,,2.94,2.10,0.00,2.10,1.83,1.99,0.00,2.63
12/04/2025 08:12 a. m.,Ordeño,09:34,15.54,1,,,TI,TI,0,,2.28,1.80,0.00,2.10,0,0,0,0,4.75,4.73,0.00,4.51,VMS 2,,Tanque,,3.06,2.34,0.00,2.82,4.88,4.59,0.00,6.07
12/04/2025 04:02 p. m.,Ordeño,07:04,20.48,2,,,,,0,,2.40,1.62,2.46,1.80,0,0,0,0,4.84,4.74,4.80,4.58,VMS 2,,Tanque,,3.12,2.34,2.94,2.46,3.40,3.09,9.91,4.08
12/04/2025 11:14 p. m.,Ordeño,07:03,10.26,3,,,TI,TI,0,,2.40,1.68,0.00,1.92,0,0,0,0,4.76,4.76,0.00,4.77,VMS 2,,Tanque,,3.06,2.16,0.00,2.46,3.38,2.95,0.00,3.93
13/04/2025 03:08 a. m.,Ordeño,06:23,5.89,1,,DI,TI,TI,0,,2.28,1.62,0.00,1.80,0,0,0,0,4.76,4.48,0.00,4.61,VMS 2,,Tanque,,3.00,2.16,0.00,2.82,1.89,1.62,0.00,2.38
13/04/2025 06:46 a. m.,Ordeño,05:39,11.94,2,,,,,0,,1.44,1.14,2.10,1.02,0,0,0,0,4.57,4.50,4.74,4.20,VMS 2,,Tanque,,2.52,1.74,2.58,1.50,1.67,1.31,7.02,1.94
13/04/2025 11:44 a. m.,Ordeño,05:44,10.19,3,,,,,0,,2.04,1.68,1.62,1.98,0,0,0,0,4.70,4.58,4.60,4.48,VMS 2,,Tanque,,2.70,2.16,2.04,2.46,2.34,2.27,2.41,3.17
13/04/2025 05:05 p. m.,Ordeño,09:06,7.61,4,,,TI,TI,0,,1.86,1.56,0.00,1.92,0,0,0,0,4.55,3.92,0.00,4.44,VMS 2,,Tanque,,3.24,2.16,0.00,2.46,2.29,2.26,0.00,3.06
14/04/2025 12:03 a. m.,Ordeño,08:48,2.70,1,,,"DD,TI,TD","DD,TI,TD",0,,1.98,0.00,0.00,0.00,0,0,0,0,4.69,0.00,0.00,0.00,VMS 2,,Tanque,,2.58,0.00,0.00,0.00,2.70,0.00,0.00,0.00
14/04/2025 08:16 a. m.,Ordeño,10:15,24.08,2,,,,,0,,2.04,2.10,2.04,2.22,0,0,0,0,4.60,4.98,5.02,4.63,VMS 2,,Tanque,,2.88,2.70,2.64,2.88,3.58,4.58,8.72,7.20
14/04/2025 04:32 p. m.,Ordeño,04:49,12.91,3,,,,,0,,1.92,1.56,1.80,1.80,0,0,0,0,4.78,4.62,4.81,4.62,VMS 2,,Tanque,,2.52,2.04,2.40,2.40,3.09,2.75,3.19,3.88
14/04/2025 11:21 p. m.,Ordeño,05:46,8.22,4,,DI,TI,TI,0,,2.10,1.62,0.00,1.80,0,0,0,0,4.76,4.65,0.00,4.50,VMS 2,,Tanque,,3.06,2.16,0.00,2.34,2.66,2.41,0.00,3.15
15/04/2025 03:07 a. m.,Ordeño,08:35,5.46,1,,,TI,TI,0,,1.74,1.68,0.00,1.56,0,0,0,0,4.70,4.62,0.00,4.50,VMS 2,,Tanque,,3.06,2.28,0.00,2.34,1.85,1.52,0.00,2.09
15/04/2025 11:40 a. m.,Ordeño,07:18,20.31,2,,,,,0,,2.04,1.80,2.40,1.98,0,0,0,0,4.95,4.94,5.27,4.67,VMS 2,,Tanque,,2.76,2.28,2.94,2.52,3.95,3.37,8.45,4.54
15/04/2025 04:55 p. m.,Ordeño,05:58,10.27,3,,,,,0,,1.98,1.86,1.98,1.68,0,0,0,0,4.95,4.87,4.80,4.88,VMS 2,,Tanque,,2.58,2.40,2.52,2.22,2.36,2.15,2.74,3.02
15/04/2025 11:21 p. m.,Ordeño,08:50,8.61,4,,DI,TI,TI,0,,2.22,1.86,0.00,1.86,0,0,0,0,4.75,4.74,0.00,4.42,VMS 2,,Tanque,,3.30,2.40,0.00,2.52,2.32,2.57,0.00,3.72
16/04/2025 06:11 a. m.,Ordeño,07:14,18.44,1,,TD,,,0,,2.10,1.92,2.22,2.04,0,0,0,0,4.22,4.90,4.78,4.45,VMS 2,,Tanque,,2.76,2.52,2.88,2.94,4.75,3.38,7.17,3.14
16/04/2025 11:40 a. m.,Ordeño,08:46,11.18,2,,,,TI,0,,1.98,1.50,0.00,2.34,0,0,0,0,4.68,4.75,0.00,4.66,VMS 2,,Tanque,,3.12,2.10,0.00,2.88,3.23,2.97,0.00,4.98
16/04/2025 04:18 p. m.,Ordeño,09:15,14.55,3,,,,,0,,2.10,1.74,2.28,2.22,0,0,0,0,4.75,4.65,4.80,4.22,VMS 2,,Tanque,,2.76,2.34,2.82,2.88,2.62,2.32,6.17,3.44
17/04/2025 01:49 a. m.,Ordeño,06:56,24.51,1,,TD,,,0,,2.46,1.80,2.46,2.70,0,0,0,0,4.72,4.99,4.79,4.46,VMS 2,,Tanque,,3.12,2.46,3.12,3.42,4.99,5.05,6.59,7.88
17/04/2025 08:07 a. m.,Ordeño,08:50,13.88,2,,,,TI,0,,2.28,2.10,0.00,2.52,0,0,0,0,4.69,4.99,0.00,4.55,VMS 2,,Tanque,,3.36,2.88,0.00,3.24,3.90,3.73,0.00,6.25
17/04/2025 01:42 p. m.,Ordeño,06:24,19.95,3,,,,,0,,2.10,1.86,2.34,2.34,0,0,0,0,5.04,5.06,5.00,4.60,VMS 2,,Tanque,,2.94,2.52,2.94,2.82,3.50,3.19,8.59,4.67
17/04/2025 10:09 p. m.,Ordeño,08:44,15.80,4,,,TI,TI,0,,2.22,2.04,0.00,2.04,0,0,0,0,4.98,5.06,0.00,4.86,VMS 2,,Tanque,,3.12,2.70,0.00,2.58,5.07,4.52,0.00,6.21
18/04/2025 02:14 a. m.,Ordeño,07:36,17.34,1,,,,,0,,2.10,1.74,2.34,2.04,0,0,0,0,4.92,4.84,4.80,4.61,VMS 2,,Tanque,,2.76,2.28,3.24,2.64,2.81,2.49,8.74,3.30
18/04/2025 07:59 a. m.,Ordeño,08:24,11.51,2,,,TI,TI,0,,2.22,1.80,0.00,2.04,0,0,0,0,5.05,4.90,0.00,4.93,VMS 2,,Tanque,,2.94,2.70,0.00,2.58,3.57,3.36,0.00,4.58
18/04/2025 01:24 p. m.,Ordeño,05:56,18.26,3,,,,,0,,2.28,1.74,2.34,2.10,0,0,0,0,4.92,4.92,5.02,4.57,VMS 2,,Tanque,,3.06,2.82,2.88,2.70,3.47,3.18,7.63,3.98
18/04/2025 10:23 p. m.,Ordeño,06:21,23.82,4,,,,,0,,2.34,1.68,2.10,2.16,0,0,0,0,5.17,5.20,5.10,4.83,VMS 2,,Tanque,,3.00,2.34,2.70,2.88,4.89,5.35,6.26,7.32
19/04/2025 06:33 a. m.,Ordeño,05:40,22.78,1,,,,,0,,2.22,2.22,2.16,2.40,0,0,0,0,5.17,5.32,5.22,4.72,VMS 2,,Tanque,,3.00,2.82,2.64,2.88,5.19,4.71,6.05,6.83
19/04/2025 01:21 p. m.,Ordeño,07:39,9.48,2,,,"DI,TI","DI,TI",0,,0.00,1.98,0.00,2.34,0,0,0,0,0.00,5.13,0.00,4.68,VMS 2,,Tanque,,0.00,2.70,0.00,2.94,0.00,3.88,0.00,5.60
19/04/2025 05:10 p. m.,Ordeño,06:51,19.10,3,,,,,0,,2.40,1.80,2.22,1.86,0,0,0,0,5.63,5.05,5.08,4.81,VMS 2,,Tanque,,3.06,2.34,2.88,2.34,6.21,2.42,7.39,3.08
19/04/2025 10:14 p. m.,Ordeño,05:20,14.06,4,,,,,0,,2.28,2.04,2.16,1.98,0,0,0,0,4.85,5.31,4.94,4.93,VMS 2,,Tanque,,2.88,2.76,2.76,2.52,3.40,2.80,3.91,3.95
20/04/2025 02:29 a. m.,Ordeño,10:22,11.00,1,,,,,0,,1.80,1.86,1.92,1.86,0,0,0,0,5.11,5.27,5.21,4.92,VMS 2,,Tanque,,2.82,2.46,2.64,2.40,2.35,2.20,3.09,3.36
20/04/2025 09:10 a. m.,Ordeño,08:13,11.95,2,,,TI,TI,0,,2.10,1.92,0.00,1.98,0,0,0,0,5.03,5.07,0.00,4.94,VMS 2,,Tanque,,2.88,2.58,0.00,2.70,3.76,3.69,0.00,4.50
20/04/2025 03:00 p. m.,Ordeño,09:15,18.31,3,,,,,0,,2.22,1.86,2.10,2.16,0,0,0,0,5.11,4.92,5.34,4.67,VMS 2,,Tanque,,3.00,2.46,2.70,2.76,3.30,2.91,7.92,4.18
20/04/2025 11:31 p. m.,Ordeño,07:22,14.21,4,,DI,TI,TI,0,,2.28,2.10,0.00,1.86,0,0,0,0,5.04,4.99,0.00,4.79,VMS 2,,Tanque,,3.48,2.82,0.00,2.52,3.99,4.21,0.00,6.01
21/04/2025 06:06 a. m.,Ordeño,09:28,22.18,1,,,,,0,,2.28,1.86,2.28,2.10,0,0,0,0,5.32,5.05,4.94,4.72,VMS 2,,Tanque,,2.94,2.52,2.82,2.64,4.60,3.86,8.43,5.29
21/04/2025 03:11 p. m.,Ordeño,08:44,16.96,2,,TD,TI,TI,0,,2.40,1.80,0.00,2.28,0,0,0,0,5.25,5.08,0.00,4.84,VMS 2,,Tanque,,3.18,2.46,0.00,2.88,5.33,5.01,0.00,6.62
21/04/2025 10:12 p. m.,Ordeño,08:47,24.72,3,,,,,0,,2.28,1.74,2.28,2.10,0,0,0,0,5.25,5.14,5.15,4.76,VMS 2,,Tanque,,2.88,2.40,2.82,2.64,4.39,4.19,10.04,6.10
22/04/2025 05:58 a. m.,Ordeño,09:50,22.48,1,,,,,0,,2.16,1.86,1.92,2.28,0,0,0,0,5.58,5.54,4.92,5.27,VMS 2,,Tanque,,2.88,2.40,2.58,3.00,5.30,4.86,5.87,6.45
22/04/2025 03:28 p. m.,Ordeño,07:03,25.31,2,,,,,0,,2.22,1.80,2.16,2.10,0,0,0,0,5.52,5.47,5.33,5.45,VMS 2,,Tanque,,3.00,2.46,2.88,2.58,5.73,5.52,6.43,7.63
22/04/2025 10:07 p. m.,Ordeño,07:15,10.16,3,,DI,"DI,TI",TI,0,,2.04,1.86,0.00,2.10,0,0,0,0,5.16,5.19,0.00,4.95,VMS 2,,Tanque,,2.88,2.46,0.00,2.70,1.05,3.86,0.00,5.25
23/04/2025 07:38 a. m.,Ordeño,07:20,30.03,1,,,,,0,,2.28,1.80,2.34,2.10,0,0,0,0,5.45,5.47,5.44,5.55,VMS 2,,Tanque,,3.00,2.52,2.94,2.70,7.37,5.63,9.70,7.33
23/04/2025 06:21 p. m.,Ordeño,06:58,27.32,2,,,,,0,,2.28,1.80,2.28,2.10,0,0,0,0,5.26,5.54,5.25,5.19,VMS 2,,Tanque,,3.00,2.34,2.82,2.58,6.13,6.11,7.17,7.91
24/04/2025 12:17 a. m.,Ordeño,06:54,11.49,1,,DI,TI,TI,0,,2.46,1.92,0.00,2.10,0,0,0,0,5.14,5.10,0.00,4.82,VMS 2,,Tanque,,3.42,2.46,0.00,2.58,3.35,3.45,0.00,4.69
24/04/2025 08:10 a. m.,Ordeño,07:34,25.47,2,,,,,0,,2.34,1.80,2.28,2.04,0,0,0,0,5.56,5.51,5.30,5.06,VMS 2,,Tanque,,3.12,2.64,2.82,3.30,5.41,4.40,9.44,6.22
24/04/2025 03:11 p. m.,Ordeño,08:53,18.33,3,,,,,0,,2.22,1.98,1.80,1.92,0,0,0,0,5.37,5.36,5.16,5.08,VMS 2,,Tanque,,3.00,2.64,2.34,2.52,4.35,3.77,4.81,5.40
24/04/2025 10:15 p. m.,Ordeño,08:59,13.41,4,,TD,TI,TI,0,,2.10,1.86,0.00,2.04,0,0,0,0,5.35,5.27,0.00,4.74,VMS 2,,Tanque,,2.82,2.40,0.00,2.52,3.90,3.92,0.00,5.59
25/04/2025 02:48 a. m.,Ordeño,07:11,18.72,1,,,,,0,,2.10,1.14,2.34,1.92,0,0,0,0,5.46,5.20,5.23,5.02,VMS 2,,Tanque,,2.76,1.80,3.18,2.58,3.41,2.96,8.51,3.84
25/04/2025 06:47 a. m.,Ordeño,08:50,8.84,2,,,TI,TI,0,,1.86,1.62,0.00,1.80,0,0,0,0,5.15,5.26,0.00,5.26,VMS 2,,Tanque,,2.82,2.10,0.00,2.52,2.84,2.55,0.00,3.45
25/04/2025 02:08 p. m.,Ordeño,07:35,22.11,3,,,,,0,,2.16,1.86,2.28,2.04,0,0,0,0,5.38,5.49,5.23,5.00,VMS 2,,Tanque,,2.94,2.64,2.88,2.52,4.33,4.02,8.04,5.72
25/04/2025 10:23 p. m.,Ordeño,09:57,15.92,4,,,TI,TI,0,,2.10,1.92,0.00,2.04,0,0,0,0,5.33,5.29,0.00,4.79,VMS 2,,Tanque,,2.82,2.82,0.00,2.52,4.82,4.63,0.00,6.47
26/04/2025 07:51 a. m.,Ordeño,08:56,28.51,1,,,,,0,,2.22,2.16,2.16,2.16,0,0,0,0,5.24,5.22,5.03,4.74,VMS 2,,Tanque,,2.88,2.88,2.76,2.94,6.16,5.05,10.01,7.29
26/04/2025 01:24 p. m.,Ordeño,08:36,10.97,2,,,TI,TI,0,,2.28,1.86,0.00,1.86,0,0,0,0,4.92,4.74,0.00,4.54,VMS 2,,Tanque,,2.94,2.52,0.00,2.58,3.45,2.99,0.00,4.53
26/04/2025 04:28 p. m.,Ordeño,08:58,5.97,3,,,TI,TI,0,,1.92,1.20,0.00,0.84,0,0,0,0,4.94,4.94,0.00,4.93,VMS 2,,Tanque,,2.94,1.92,0.00,1.62,2.06,1.66,0.00,2.25
27/04/2025 12:41 a. m.,Ordeño,08:28,26.86,1,,,,,0,,2.22,1.98,2.10,2.10,0,0,0,0,5.62,5.54,5.43,5.06,VMS 2,,Tanque,,2.88,3.00,2.70,2.64,5.23,4.56,10.57,6.50
27/04/2025 06:24 a. m.,Ordeño,08:34,11.86,2,,TD,TI,TI,0,,2.04,1.92,0.00,2.04,0,0,0,0,5.24,5.25,0.00,4.80,VMS 2,,Tanque,,2.70,2.76,0.00,2.58,3.76,3.30,0.00,4.80
27/04/2025 02:10 p. m.,Ordeño,07:06,23.97,3,,,,,0,,2.22,1.86,2.10,1.98,0,0,0,0,5.25,5.18,5.41,4.79,VMS 2,,Tanque,,3.00,2.52,3.12,2.58,4.88,4.16,8.84,6.09
27/04/2025 07:47 p. m.,Ordeño,07:24,13.24,4,,,,,0,,2.16,1.92,1.68,1.92,0,0,0,0,4.92,4.73,4.82,4.49,VMS 2,,Tanque,,2.76,2.58,2.16,2.52,3.09,2.72,3.36,4.07
27/04/2025 11:45 p. m.,Ordeño,08:21,6.59,5,,,TI,TI,0,,1.74,1.56,0.00,1.02,0,0,0,0,5.06,5.06,0.00,5.03,VMS 2,,Tanque,,2.70,2.16,0.00,1.62,2.16,2.03,0.00,2.40
28/04/2025 07:57 a. m.,Ordeño,07:21,23.44,1,,,,,0,,2.16,1.80,2.34,1.86,0,0,0,0,5.20,5.12,5.15,5.02,VMS 2,,Tanque,,2.70,2.46,2.82,2.34,4.81,4.46,7.83,6.34
28/04/2025 01:39 p. m.,Ordeño,06:36,13.93,2,,,,,0,,1.86,1.86,1.98,1.92,0,0,0,0,5.08,4.99,5.07,4.55,VMS 2,,Tanque,,2.40,2.40,2.58,2.52,3.22,2.87,3.77,4.07
28/04/2025 06:04 p. m.,Ordeño,08:53,7.37,3,,,TI,TI,0,,1.98,1.68,0.00,1.80,0,0,0,0,5.12,4.99,0.00,4.88,VMS 2,,Tanque,,2.58,2.16,0.00,2.40,2.33,2.19,0.00,2.85
29/04/2025 01:16 a. m.,Ordeño,06:36,21.88,1,,,,,0,,1.98,1.86,2.04,1.86,0,0,0,0,5.42,5.51,5.49,5.15,VMS 2,,Tanque,,2.70,2.76,2.82,2.34,4.52,3.85,7.88,5.63
29/04/2025 05:37 a. m.,Ordeño,10:47,2.89,2,,DI,"DI,TI,TD","TI,TD",0,,1.56,1.68,0.00,0.00,0,0,0,0,5.09,5.31,0.00,0.00,VMS 2,,Tanque,,2.82,2.22,0.00,0.00,0.46,2.43,0.00,0.00
29/04/2025 09:40 a. m.,Ordeño,07:44,18.14,3,,,,DD,0,,2.10,0.00,1.98,2.04,0,0,0,0,5.18,0.00,5.50,5.23,VMS 2,,Tanque,,2.58,0.00,2.52,2.58,5.08,0.00,6.37,6.69
29/04/2025 03:49 p. m.,Ordeño,06:32,17.11,4,,,,,0,,1.98,1.98,1.92,1.86,0,0,0,0,5.13,5.31,5.43,4.90,VMS 2,,Tanque,,2.70,2.64,2.46,2.34,3.56,4.72,4.59,4.24
29/04/2025 11:42 p. m.,Ordeño,06:16,20.79,5,,,,,0,,2.10,1.98,2.04,1.92,0,0,0,0,5.32,5.22,4.96,4.73,VMS 2,,Tanque,,2.76,2.82,2.76,2.34,4.68,4.08,5.81,6.22
30/04/2025 06:58 a. m.,Ordeño,08:38,14.49,1,,,TI,TI,0,,2.16,1.92,0.00,1.92,0,0,0,0,5.19,5.11,0.00,5.20,VMS 2,,Tanque,,3.00,2.64,0.00,2.58,4.94,4.28,0.00,5.27
30/04/2025 11:22 a. m.,Ordeño,13:09,0.30,2,,DI,Todos,"DD,TI,TD",0,,0.42,0.00,0.00,0.00,0,0,0,0,2.55,0.00,0.00,0.00,VMS 2,,Tanque,,0.96,0.00,0.00,0.00,0.30,0.00,0.00,0.00
30/04/2025 04:49 p. m.,Ordeño,16:15,18.73,3,,,,,0,,1.86,1.62,1.80,1.80,0,0,0,0,5.20,5.39,5.52,5.13,VMS 2,,Tanque,,2.76,2.04,2.28,2.22,3.89,3.52,5.98,5.34
30/04/2025 11:15 p. m.,Ordeño,06:58,23.29,4,,,,,0,,2.22,1.92,2.16,1.86,0,0,0,0,5.19,5.19,5.12,5.00,VMS 2,,Tanque,,2.82,2.52,2.76,2.40,5.01,4.86,6.60,6.82
01/05/2025 07:19 a. m.,Ordeño,07:41,10.87,1,,,"DI,TI","DI,TI",0,,0.00,1.98,0.00,2.16,0,0,0,0,0.00,5.06,0.00,4.53,VMS 2,,Tanque,,0.00,2.88,0.00,2.64,0.00,4.60,0.00,6.27
01/05/2025 11:13 a. m.,Ordeño,07:24,11.53,2,,,TD,,0,,1.80,0.90,1.92,1.20,0,0,0,0,4.93,4.72,5.43,4.88,VMS 2,,Tanque,,2.94,1.86,2.40,1.98,3.62,1.34,5.51,1.06
01/05/2025 03:52 p. m.,Ordeño,08:22,15.21,3,,,,,0,,2.04,1.86,1.98,1.74,0,0,0,0,4.75,4.92,4.89,5.01,VMS 2,,Tanque,,2.52,2.40,2.76,2.28,3.07,3.03,4.15,4.96
01/05/2025 11:29 p. m.,Ordeño,06:05,20.83,4,,,,,0,,2.10,1.80,1.98,1.74,0,0,0,0,5.22,5.25,5.25,5.19,VMS 2,,Tanque,,2.76,2.46,2.64,2.22,4.62,4.41,5.64,6.16
02/05/2025 03:41 a. m.,Ordeño,06:39,8.60,1,,,,,0,,1.80,1.50,1.62,1.08,0,0,0,0,4.77,4.85,5.23,4.84,VMS 2,,Tanque,,2.52,2.22,2.16,1.74,2.14,1.83,2.22,2.41
02/05/2025 07:26 a. m.,Ordeño,06:43,10.42,2,,,,,0,,1.98,1.56,1.62,1.08,0,0,0,0,4.84,4.79,5.03,4.71,VMS 2,,Tanque,,2.58,2.28,2.04,1.68,2.45,2.13,2.85,2.99
02/05/2025 03:20 p. m.,Ordeño,08:10,22.37,3,,,,,0,,2.10,1.86,2.04,1.80,0,0,0,0,4.87,5.03,5.27,5.00,VMS 2,,Tanque,,2.82,2.58,2.52,2.22,5.13,4.65,6.04,6.55
02/05/2025 10:24 p. m.,Ordeño,06:45,13.44,4,,,TI,TI,0,,2.22,1.86,0.00,1.62,0,0,0,0,4.83,5.01,0.00,4.94,VMS 2,,Tanque,,2.82,2.58,0.00,2.04,4.28,3.95,0.00,5.21
03/05/2025 06:22 a. m.,Ordeño,09:45,25.57,1,,,,,0,,2.22,1.86,2.40,1.56,0,0,0,0,5.07,5.33,5.28,5.28,VMS 2,,Tanque,,3.30,2.40,3.12,1.92,5.11,4.74,8.94,6.78
03/05/2025 10:23 a. m.,Ordeño,09:17,6.31,2,,TD,TI,TI,0,,1.62,0.96,0.00,0.84,0,0,0,0,4.35,4.57,0.00,4.66,VMS 2,,Tanque,,2.88,1.80,0.00,1.38,2.18,1.73,0.00,2.40
03/05/2025 06:00 p. m.,Ordeño,08:22,23.03,3,,,,,0,,2.16,1.80,2.28,1.26,0,0,0,0,4.83,5.10,5.23,5.01,VMS 2,,Tanque,,2.70,2.40,3.06,1.74,4.68,4.24,7.98,6.13
04/05/2025 05:21 a. m.,Ordeño,11:33,27.94,1,,,,,0,,2.10,1.92,2.28,1.14,0,0,0,0,5.26,5.35,5.15,5.21,VMS 2,,Tanque,,2.76,2.46,2.88,1.68,6.09,5.35,7.97,8.53
04/05/2025 12:08 p. m.,Ordeño,09:54,18.15,2,,,,,0,,2.16,1.86,2.10,1.14,0,0,0,0,4.56,4.66,5.02,4.65,VMS 2,,Tanque,,2.76,2.58,2.70,1.50,4.13,3.74,4.96,5.32
04/05/2025 05:39 p. m.,Ordeño,08:09,12.71,3,,TD,,,0,,1.92,1.68,1.74,1.02,0,0,0,0,4.47,4.58,4.78,4.47,VMS 2,,Tanque,,2.64,2.28,2.22,1.74,3.05,2.90,3.70,3.06
05/05/2025 03:40 a. m.,Ordeño,11:38,20.04,1,,,TI,TI,0,,2.16,2.16,0.00,1.08,0,0,0,0,5.16,5.28,0.00,4.99,VMS 2,,Tanque,,3.00,2.82,0.00,1.56,5.95,5.61,0.00,8.48
05/05/2025 08:56 a. m.,Ordeño,07:30,19.91,2,,,,,0,,2.04,2.04,2.34,1.08,0,0,0,0,4.41,4.66,4.95,4.33,VMS 2,,Tanque,,2.58,2.64,3.00,1.50,3.26,3.03,9.13,4.49
05/05/2025 04:05 p. m.,Ordeño,09:12,12.35,3,,,TI,TI,0,,2.04,1.98,0.00,1.02,0,0,0,0,4.81,4.85,0.00,4.68,VMS 2,,Tanque,,3.06,2.70,0.00,1.44,3.78,3.43,0.00,5.14
05/05/2025 11:01 p. m.,Ordeño,09:19,20.44,4,,,,,0,,2.10,1.92,2.16,1.02,0,0,0,0,5.08,5.04,5.16,4.82,VMS 2,,Tanque,,2.82,2.46,2.76,1.56,3.65,3.52,7.76,5.51
06/05/2025 05:51 a. m.,Ordeño,07:58,20.30,1,,,,,0,,2.28,2.04,2.16,1.32,0,0,0,0,5.10,5.16,4.71,5.13,VMS 2,,Tanque,,3.12,2.88,2.94,1.74,4.71,4.09,5.39,6.11
06/05/2025 10:34 a. m.,Ordeño,09:09,9.34,2,,,TI,TI,0,,2.04,1.98,0.00,1.20,0,0,0,0,4.71,4.64,0.00,4.71,VMS 2,,Tanque,,2.94,2.70,0.00,1.62,2.94,2.66,0.00,3.74
06/05/2025 04:11 p. m.,Ordeño,07:03,15.70,3,,TI,,,0,,2.16,1.92,2.22,1.14,0,0,0,0,4.92,4.84,4.90,4.83,VMS 2,,Tanque,,3.12,2.70,3.00,1.44,3.18,2.67,5.64,4.21
06/05/2025 11:10 p. m.,Ordeño,09:11,17.87,4,,,,,0,,2.22,1.98,2.22,1.20,0,0,0,0,4.94,4.90,4.76,4.97,VMS 2,,Tanque,,3.00,2.76,2.64,1.62,3.87,3.54,5.44,5.02
07/05/2025 06:31 a. m.,Ordeño,09:34,14.25,1,,,TI,TI,0,,2.10,1.86,0.00,1.44,0,0,0,0,4.59,4.78,0.00,4.70,VMS 2,,Tanque,,2.76,2.58,0.00,1.92,4.29,3.95,0.00,6.01
07/05/2025 09:33 a. m.,Ordeño,06:52,13.78,2,,,,,0,,2.04,1.92,2.22,1.32,0,0,0,0,4.54,4.52,4.83,4.54,VMS 2,,Tanque,,2.64,2.70,2.70,1.68,2.11,1.93,6.96,2.78
07/05/2025 05:08 p. m.,Ordeño,06:14,17.18,3,,,,,0,,2.16,1.92,2.28,1.44,0,0,0,0,4.83,4.80,4.90,4.63,VMS 2,,Tanque,,3.00,2.70,3.00,1.92,3.80,3.26,4.94,5.18
07/05/2025 10:10 p. m.,Ordeño,08:15,10.26,4,,,,,0,,2.10,1.86,1.74,1.20,0,0,0,0,4.70,4.88,4.82,4.69,VMS 2,,Tanque,,2.94,2.52,2.28,1.62,2.41,2.04,2.79,3.02
08/05/2025 05:47 a. m.,Ordeño,08:26,14.56,1,,,TI,TI,0,,2.22,2.10,0.00,1.50,0,0,0,0,5.03,4.94,0.00,4.76,VMS 2,,Tanque,,3.00,2.94,0.00,1.98,4.33,4.16,0.00,6.07
08/05/2025 08:37 a. m.,Ordeño,07:19,12.49,2,,,,,0,,1.32,1.08,2.22,1.02,0,0,0,0,4.76,4.80,5.03,4.78,VMS 2,,Tanque,,2.28,1.98,2.88,1.50,1.67,1.49,7.08,2.25
08/05/2025 04:48 p. m.,Ordeño,08:36,23.00,3,,,,,0,,2.22,1.92,1.86,1.38,0,0,0,0,4.79,4.85,4.88,4.77,VMS 2,,Tanque,,3.00,2.82,2.52,1.92,5.04,4.56,6.10,7.30
09/05/2025 01:09 a. m.,Ordeño,09:31,21.38,1,,,,,0,,2.28,2.04,2.04,1.44,0,0,0,0,5.07,4.99,5.14,4.76,VMS 2,,Tanque,,2.82,2.88,2.58,1.92,4.85,4.33,5.79,6.41
09/05/2025 06:32 a. m.,Ordeño,08:32,9.57,2,,,,,0,,1.14,0.90,0.90,0.96,0,0,0,0,5.19,5.10,5.09,5.65,VMS 2,,Tanque,,2.16,1.98,1.86,1.56,2.37,1.92,2.40,2.88
09/05/2025 09:59 a. m.,Ordeño,09:49,2.48,3,,,Todos,DD,0,"DI,TD",1.26,0.24,0.96,1.20,0,0,0,0,4.89,3.42,4.09,7.37,VMS 2,,Tanque,,2.52,0.42,1.56,1.62,0.48,0.12,0.64,1.24
31/05/2025 12:41 a. m.,Ordeño,11:04,7.37,1,,,,TD,0,TD,1.56,1.80,1.68,0.24,0,0,0,0,5.41,5.21,5.15,6.03,VMS 3,,Tanque,,2.76,2.46,2.22,0.66,2.10,2.29,2.82,0.16
31/05/2025 07:44 a. m.,Ordeño,10:30,8.84,2,,,,TD,0,TD,1.74,2.16,1.68,0.18,0,0,0,0,5.84,5.53,5.48,6.50,VMS 3,,Tanque,,2.40,2.82,2.22,0.36,2.51,2.96,3.27,0.10
31/05/2025 03:25 p. m.,Ordeño,11:35,6.36,3,,,TI,TI,0,TD,1.74,1.98,0.00,0.24,0,0,0,300,5.93,5.53,0.00,6.90,VMS 3,,Tanque,,2.46,2.88,0.00,0.60,2.78,3.38,0.00,0.20
31/05/2025 07:35 p. m.,Ordeño,09:26,8.22,4,,,,TD,0,,1.32,1.50,1.92,0.12,0,0,0,0,5.56,5.41,5.96,5.76,VMS 3,,Tanque,,2.04,2.22,2.40,0.30,1.29,1.39,5.49,0.05
01/06/2025 02:46 a. m.,Ordeño,10:04,8.91,1,,,,TD,0,,1.86,2.04,1.86,0.18,0,0,0,0,5.58,5.46,5.55,5.36,VMS 3,,Tanque,,2.46,2.70,2.22,0.42,2.76,2.85,3.24,0.06
01/06/2025 11:36 a. m.,Ordeño,10:38,16.75,2,,,,,0,"TI,TD",2.16,2.16,1.98,0.36,0,0,0,0,4.23,5.55,5.67,7.04,VMS 3,,Tanque,,3.54,2.82,2.52,0.78,6.87,4.62,5.04,0.22
01/06/2025 04:54 p. m.,Ordeño,09:55,6.98,3,,,,TD,0,,1.74,2.04,1.68,0.12,0,0,0,0,5.60,5.34,5.48,5.36,VMS 3,,Tanque,,2.28,2.64,2.10,0.36,1.94,2.33,2.61,0.10
02/06/2025 12:46 a. m.,Ordeño,09:40,11.83,1,,,,TD,0,TD,1.98,1.92,1.86,0.18,0,0,0,0,5.68,5.34,5.47,6.30,VMS 3,,Tanque,,2.40,2.52,2.28,0.48,3.33,4.09,4.31,0.10
02/06/2025 10:07 a. m.,Ordeño,10:06,15.90,2,,,,,0,TD,2.16,2.16,2.04,0.36,0,0,0,0,5.53,5.35,5.49,6.63,VMS 3,,Tanque,,2.82,2.76,2.46,0.66,4.60,5.16,5.93,0.21
02/06/2025 11:16 p. m.,Ordeño,10:42,9.43,4,,,,TD,0,TD,1.80,1.80,1.86,0.24,0,0,0,0,5.42,5.26,5.38,6.63,VMS 3,,Tanque,,2.40,2.40,2.34,0.48,2.55,3.02,3.73,0.13
03/06/2025 08:06 a. m.,Ordeño,10:10,8.30,1,,,TI,"TI,TD",0,,1.92,1.92,0.00,0.00,0,0,0,0,5.36,5.01,0.00,0.00,VMS 3,,Tanque,,2.82,2.46,0.00,0.00,4.48,3.82,0.00,0.00
04/06/2025 01:09 a. m.,Ordeño,12:20,6.90,1,,,TI,"TI,TD",0,,1.80,1.98,0.00,0.24,0,0,0,0,5.02,4.94,0.00,5.63,VMS 3,,Tanque,,2.70,2.52,0.00,0.42,3.34,3.40,0.00,0.16
04/06/2025 08:04 a. m.,Ordeño,11:13,16.15,2,,,,TD,0,,1.92,1.98,2.10,0.00,0,0,0,0,5.01,4.81,5.45,0.00,VMS 3,,Tanque,,2.58,2.58,2.58,0.00,3.67,4.08,8.40,0.00
04/06/2025 05:54 p. m.,Ordeño,09:13,14.61,3,,,,,0,TD,1.92,1.92,1.98,0.36,0,0,0,300,5.09,4.94,5.03,6.50,VMS 3,,Tanque,,2.52,2.58,2.46,0.60,4.51,4.73,5.16,0.21
04/06/2025 11:54 p. m.,Ordeño,10:20,8.05,1,,,,TD,0,TD,1.80,1.80,1.74,0.18,0,0,0,0,5.23,5.07,5.19,6.70,VMS 3,,Tanque,,2.28,2.40,2.10,0.42,2.47,2.53,2.91,0.14
05/06/2025 07:07 a. m.,Ordeño,13:31,7.42,2,,DI,TI,"TI,TD",0,,1.92,1.92,0.00,0.18,0,0,0,0,5.25,4.92,0.00,5.70,VMS 3,,Tanque,,2.58,2.64,0.00,0.30,3.33,3.98,0.00,0.11
05/06/2025 10:57 a. m.,Ordeño,09:47,10.57,3,,TI,,TD,0,,1.80,1.74,2.04,0.12,0,0,0,0,4.86,4.86,5.53,5.56,VMS 3,,Tanque,,2.28,2.34,2.94,0.36,2.37,2.41,5.69,0.10
06/06/2025 07:19 a. m.,Ordeño,11:14,13.59,1,,,,TD,0,,1.98,1.98,2.04,0.30,0,0,0,400,4.61,4.54,4.73,5.09,VMS 3,,Tanque,,2.58,2.46,2.58,0.54,4.05,4.45,4.91,0.18
06/06/2025 02:32 p. m.,Ordeño,11:47,6.94,2,,,TI,"TI,TD",0,TD,1.98,2.04,0.00,0.12,0,0,0,0,4.71,4.75,0.00,5.90,VMS 3,,Tanque,,2.58,2.82,0.00,0.30,3.29,3.54,0.00,0.11
06/06/2025 10:58 p. m.,Ordeño,09:53,17.49,3,,,,,0,TD,2.04,1.98,2.04,0.24,0,0,0,0,4.99,4.87,5.42,6.90,VMS 3,,Tanque,,2.46,2.76,2.70,0.54,4.01,4.50,8.78,0.20
07/06/2025 07:26 a. m.,Ordeño,11:05,12.97,1,,DI,,,0,,2.10,1.92,1.80,0.24,0,0,0,0,4.83,4.72,4.88,5.43,VMS 3,,Tanque,,2.58,2.52,2.16,0.72,3.66,4.35,4.76,0.20
07/06/2025 12:15 p. m.,Ordeño,11:55,8.36,2,,,,TD,0,TD,1.74,1.92,1.62,0.18,0,0,0,0,4.62,4.73,4.42,6.43,VMS 3,,Tanque,,2.52,2.64,2.10,0.42,2.61,2.74,2.92,0.09
07/06/2025 11:31 p. m.,Ordeño,12:45,11.11,3,,DI,TI,TI,0,TD,2.16,1.86,0.00,0.60,0,0,0,300,5.15,4.86,0.00,6.43,VMS 3,,Tanque,,2.88,2.34,0.00,1.32,5.34,5.47,0.00,0.30
08/06/2025 08:17 a. m.,Ordeño,11:58,19.99,1,,DI,,,0,TD,2.16,1.98,2.22,0.24,0,0,0,0,4.91,4.80,5.41,5.76,VMS 3,,Tanque,,2.70,2.52,2.82,0.48,4.53,5.15,10.09,0.22
08/06/2025 01:59 p. m.,Ordeño,12:32,9.39,2,,,,TD,0,TD,1.98,1.92,1.86,0.12,0,0,0,0,4.86,4.73,4.73,6.10,VMS 3,,Tanque,,2.52,2.52,2.28,0.24,3.03,3.18,3.09,0.09
08/06/2025 08:28 p. m.,Ordeño,13:22,6.22,3,,,TI,"TI,TD",0,TD,1.98,1.80,0.00,0.18,0,0,0,0,5.10,4.88,0.00,6.37,VMS 3,,Tanque,,2.64,2.28,0.00,0.42,2.83,3.25,0.00,0.14
09/06/2025 07:04 a. m.,Ordeño,11:31,21.02,1,,,,TD,0,,2.22,2.04,2.22,0.18,0,0,0,0,5.09,4.87,5.46,5.70,VMS 3,,Tanque,,2.70,2.58,2.82,0.36,5.50,6.22,9.15,0.15
10/06/2025 01:13 a. m.,Ordeño,12:39,5.19,1,,,TI,"TI,TD",0,,1.86,1.86,0.00,0.12,0,0,0,0,5.00,4.87,0.00,4.62,VMS 3,,Tanque,,2.58,2.64,0.00,0.42,2.39,2.71,0.00,0.09
10/06/2025 12:35 p. m.,Ordeño,11:07,20.95,2,,,,TD,0,TD,2.10,2.10,1.86,0.18,0,0,0,0,5.04,4.75,4.85,5.83,VMS 3,,Tanque,,2.76,2.70,2.34,0.48,5.25,5.99,9.56,0.15
10/06/2025 11:03 p. m.,Ordeño,12:25,15.23,3,,,,,0,TD,2.04,1.92,1.92,0.30,0,0,0,600,4.71,4.55,4.75,6.70,VMS 3,,Tanque,,2.82,2.64,2.94,0.60,4.45,5.03,5.55,0.20
11/06/2025 09:05 a. m.,Ordeño,08:52,14.46,1,,,,,0,,1.98,1.86,1.92,0.42,0,0,0,400,4.79,4.64,4.89,5.23,VMS 3,,Tanque,,2.52,2.40,2.40,0.78,4.42,4.55,5.28,0.21
11/06/2025 04:52 p. m.,Ordeño,11:20,11.99,2,,,,,0,,2.04,1.80,1.92,0.42,0,0,0,0,5.03,4.79,5.14,5.63,VMS 3,,Tanque,,2.52,2.58,2.58,0.84,3.51,3.96,4.29,0.23
11/06/2025 11:55 p. m.,Ordeño,11:52,6.78,1,,DI,TI,"TI,TD",0,,1.98,1.98,0.00,0.18,0,0,0,0,4.99,4.93,0.00,4.09,VMS 3,,Tanque,,2.52,2.52,0.00,0.48,3.17,3.51,0.00,0.10
12/06/2025 08:13 a. m.,Ordeño,10:24,18.10,2,,,,,0,TD,1.92,2.10,2.16,0.30,0,0,0,500,5.28,5.01,5.44,6.63,VMS 3,,Tanque,,2.34,2.88,2.70,0.66,4.21,4.60,9.09,0.20
12/06/2025 11:58 p. m.,Ordeño,12:22,11.04,1,,TI,,TD,0,,1.92,2.10,2.04,0.18,0,0,0,0,5.07,4.93,5.16,5.49,VMS 3,,Tanque,,2.52,2.58,3.00,0.48,3.26,3.92,3.69,0.17
13/06/2025 06:41 a. m.,Ordeño,11:41,11.33,2,,,,TD,0,TD,1.86,2.04,1.92,0.12,0,0,0,0,4.93,4.81,5.19,5.63,VMS 3,,Tanque,,2.40,2.64,2.34,0.30,3.10,3.45,4.69,0.09
13/06/2025 12:03 p. m.,Ordeño,10:06,8.77,3,,,,TD,0,,1.74,1.86,1.74,0.12,0,0,0,0,4.83,4.76,4.71,2.95,VMS 3,,Tanque,,2.58,2.46,2.28,0.30,2.63,2.88,3.19,0.07
13/06/2025 06:38 p. m.,Ordeño,10:14,9.72,4,,,,TD,0,,2.04,1.74,1.86,0.18,0,0,0,0,4.95,4.95,5.18,5.49,VMS 3,,Tanque,,3.00,2.34,2.82,0.42,2.90,2.99,3.70,0.13
14/06/2025 06:31 a. m.,Ordeño,12:24,14.69,1,,TI,TI,,0,TD,2.10,2.10,1.80,0.42,0,0,0,300,5.16,5.03,4.96,6.77,VMS 3,,Tanque,,2.88,2.64,2.88,0.84,5.96,6.09,2.38,0.26
14/06/2025 03:30 p. m.,Ordeño,11:06,18.70,2,,,,TD,0,,2.16,1.92,2.22,0.18,0,0,0,0,5.07,4.86,5.43,4.82,VMS 3,,Tanque,,2.76,2.46,2.76,0.48,4.25,4.75,9.57,0.13
15/06/2025 06:40 a. m.,Ordeño,12:01,21.35,1,,,,,0,TD,2.16,2.22,2.16,0.36,0,0,0,400,5.24,4.91,5.18,6.77,VMS 3,,Tanque,,2.70,2.82,2.64,0.66,5.98,6.07,9.04,0.26
15/06/2025 06:47 p. m.,Ordeño,09:22,9.23,3,,DI,,TD,0,,2.04,1.62,1.80,0.24,0,0,0,0,4.95,4.93,5.16,5.36,VMS 3,,Tanque,,2.58,2.22,2.34,0.60,2.60,3.07,3.45,0.11
16/06/2025 02:30 a. m.,Ordeño,12:10,12.07,1,,DI,,TD,0,,2.04,1.86,1.62,0.18,0,0,0,0,4.91,5.03,5.13,5.43,VMS 3,,Tanque,,2.64,2.40,2.16,0.42,3.55,3.96,4.43,0.13
16/06/2025 04:12 p. m.,Ordeño,10:00,8.95,3,,,TI,TI,0,TD,2.22,1.86,0.00,0.24,0,0,0,0,5.06,4.91,0.00,6.16,VMS 2,,Tanque,,3.30,2.52,0.00,0.54,4.21,4.53,0.00,0.21
16/06/2025 09:31 p. m.,Ordeño,10:05,5.81,4,,,TI,TI,0,TD,1.98,1.74,0.00,0.30,0,0,0,0,4.79,4.78,0.00,7.10,VMS 2,,Tanque,,2.94,2.28,0.00,0.72,2.66,2.94,0.00,0.21
17/06/2025 03:06 a. m.,Ordeño,07:23,12.67,1,,"DD,TI",,TD,0,TD,2.10,1.68,1.98,0.12,0,0,0,0,5.20,4.99,5.48,6.97,VMS 2,,Tanque,,2.82,2.70,2.82,0.18,2.97,2.30,7.31,0.09
17/06/2025 09:52 a. m.,Ordeño,11:08,14.07,2,,DI,,TD,0,,2.10,1.86,1.86,0.00,0,0,0,0,4.93,4.95,5.20,0.00,VMS 2,,Tanque,,3.12,2.52,2.40,0.00,3.55,4.60,5.92,0.00
18/06/2025 12:25 a. m.,Ordeño,09:26,15.46,1,,,,,0,TD,2.22,1.80,1.86,0.18,0,0,0,0,4.73,4.62,4.93,5.96,VMS 2,,Tanque,,2.76,2.76,2.76,0.48,3.87,3.97,7.38,0.24
18/06/2025 03:49 p. m.,Ordeño,11:27,12.98,3,,DI,,TD,0,TD,2.04,1.56,1.80,0.12,0,0,0,0,4.65,4.34,4.99,6.03,VMS 2,,Tanque,,2.76,2.76,2.22,0.36,2.55,2.59,7.71,0.13
19/06/2025 01:45 a. m.,Ordeño,12:35,9.79,1,,,TI,"TI,TD",0,,2.10,1.68,0.00,0.30,0,0,0,0,5.02,4.80,0.00,4.82,VMS 2,,Tanque,,2.82,2.70,0.00,0.72,4.71,4.89,0.00,0.19
19/06/2025 06:30 a. m.,Ordeño,09:53,4.89,2,,DI,TI,"TI,TD",0,TD,1.98,1.80,0.00,0.18,0,0,0,0,4.53,4.78,0.00,5.76,VMS 2,,Tanque,,2.58,2.40,0.00,0.36,1.83,2.92,0.00,0.14
19/06/2025 01:08 p. m.,Ordeño,12:15,17.69,3,,,,TD,0,TD,2.22,1.74,1.92,0.18,0,0,0,0,4.90,4.79,5.29,6.10,VMS 2,,Tanque,,2.94,2.28,2.46,0.36,4.41,3.47,9.63,0.18
19/06/2025 07:14 p. m.,Ordeño,10:05,6.34,4,,,TI,TI,0,TD,1.92,1.68,0.00,0.24,0,0,0,0,4.71,4.78,0.00,6.16,VMS 2,,Tanque,,2.76,2.22,0.00,0.72,2.96,3.12,0.00,0.26
20/06/2025 03:04 a. m.,Ordeño,09:07,9.12,1,,,TI,TI,0,TD,1.98,1.86,0.00,0.24,0,0,0,0,4.91,5.07,0.00,6.37,VMS 2,,Tanque,,2.70,2.46,0.00,0.60,4.16,4.71,0.00,0.25
20/06/2025 09:39 a. m.,Ordeño,10:30,17.79,2,,,,TD,0,TD,1.92,1.80,1.68,0.12,0,0,0,0,4.92,4.94,5.22,6.30,VMS 2,,Tanque,,2.46,2.34,2.82,0.18,3.54,3.65,10.49,0.11
20/06/2025 03:41 p. m.,Ordeño,11:06,6.27,3,,,TI,TI,0,TD,1.80,1.74,0.00,0.24,0,0,0,0,4.71,4.73,0.00,7.77,VMS 2,,Tanque,,2.58,2.22,0.00,0.48,2.89,3.15,0.00,0.23
20/06/2025 07:26 p. m.,Ordeño,09:31,7.34,4,,DI,,TD,0,,1.50,1.56,1.62,0.12,0,0,0,0,4.63,4.81,5.10,5.16,VMS 2,,Tanque,,2.40,2.04,2.16,0.24,1.55,1.61,4.08,0.10
21/06/2025 02:03 a. m.,Ordeño,08:49,7.64,1,,,TI,"TI,TD",0,TD,1.98,1.92,0.00,0.18,0,0,0,0,4.87,5.00,0.00,6.63,VMS 2,,Tanque,,2.94,2.46,0.00,0.42,3.78,3.71,0.00,0.15
21/06/2025 06:27 a. m.,Ordeño,08:24,10.95,2,,,,TD,0,TD,1.86,1.62,1.80,0.12,0,0,0,0,4.65,4.67,5.28,7.84,VMS 2,,Tanque,,2.52,2.22,2.22,0.36,2.34,2.53,5.94,0.14
21/06/2025 02:05 p. m.,Ordeño,08:35,12.28,3,,TI,,TD,0,TD,2.10,1.86,1.92,0.18,0,0,0,0,4.80,4.74,4.94,6.37,VMS 2,,Tanque,,2.64,2.34,2.64,0.30,4.02,4.10,4.03,0.13
22/06/2025 05:44 a. m.,Ordeño,11:45,16.22,1,,,,,0,TD,2.10,1.80,1.86,0.36,0,0,0,0,4.90,4.89,5.35,6.03,VMS 2,,Tanque,,2.76,2.76,2.46,0.66,3.88,4.02,8.12,0.20
22/06/2025 03:28 p. m.,Ordeño,11:21,13.70,2,,,,,0,TD,2.04,1.98,1.44,0.30,0,378,0,0,4.45,4.56,4.34,6.10,VMS 2,,Tanque,,2.94,2.52,1.98,0.90,4.52,4.17,4.79,0.22
23/06/2025 12:55 a. m.,Ordeño,08:27,9.34,1,,,TI,TI,0,TD,2.16,1.98,0.00,0.36,0,0,0,0,4.59,4.68,0.00,7.17,VMS 2,,Tanque,,3.00,2.64,0.00,1.02,4.49,4.57,0.00,0.28
23/06/2025 07:42 a. m.,Ordeño,11:39,16.42,2,,,,TD,0,TD,2.22,1.80,1.92,0.18,0,0,0,0,4.79,4.68,5.20,6.43,VMS 2,,Tanque,,3.12,2.28,2.46,0.42,3.81,3.91,8.51,0.19
23/06/2025 04:37 p. m.,Ordeño,09:34,7.45,3,,,TI,TI,0,TD,1.80,1.80,0.00,0.24,0,0,0,0,4.66,4.76,0.00,5.76,VMS 2,,Tanque,,2.70,2.40,0.00,0.48,3.53,3.71,0.00,0.21
24/06/2025 02:15 a. m.,Ordeño,12:11,10.99,1,,,TI,TI,0,TD,1.98,1.98,0.00,0.48,0,0,0,0,4.93,4.87,0.00,6.03,VMS 2,,Tanque,,3.12,2.82,0.00,1.02,5.13,5.60,0.00,0.26
24/06/2025 08:06 a. m.,Ordeño,12:00,16.90,2,,,,TD,0,TI,2.16,1.50,2.04,0.00,0,0,0,0,4.59,4.49,5.35,0.00,VMS 2,,Tanque,,2.76,2.22,2.70,0.00,3.60,3.25,10.05,0.00
24/06/2025 03:31 p. m.,Ordeño,10:51,7.16,3,,,TI,TI,0,TD,1.74,1.68,0.00,0.36,0,0,0,0,4.31,4.51,0.00,6.97,VMS 2,,Tanque,,2.58,2.46,0.00,0.72,3.18,3.73,0.00,0.25
24/06/2025 09:17 p. m.,Ordeño,08:59,5.51,4,,,TI,"TI,TD",0,TD,1.86,1.62,0.00,0.24,0,0,0,0,4.61,4.63,0.00,5.90,VMS 2,,Tanque,,2.76,2.40,0.00,0.42,2.60,2.77,0.00,0.14
25/06/2025 07:47 a. m.,Ordeño,10:33,20.97,1,,,,,0,TD,2.04,1.86,1.92,0.42,0,0,0,0,5.11,5.02,5.27,6.23,VMS 2,,Tanque,,2.82,2.46,2.40,1.02,5.69,5.12,9.94,0.22
25/06/2025 03:19 p. m.,Ordeño,10:35,7.67,2,,,TI,TI,0,TD,1.86,1.74,0.00,0.30,0,0,0,0,4.58,4.53,0.00,6.50,VMS 2,,Tanque,,2.64,2.28,0.00,0.90,3.69,3.72,0.00,0.26
26/06/2025 01:46 a. m.,Ordeño,11:54,10.02,1,,,TI,TI,0,TD,1.86,1.98,0.00,0.36,0,0,0,0,4.86,4.94,0.00,6.57,VMS 2,,Tanque,,2.52,2.70,0.00,0.72,4.75,5.07,0.00,0.20
26/06/2025 06:33 a. m.,Ordeño,10:21,6.70,2,,,TI,"TI,TD",0,TD,1.92,1.86,0.00,0.18,0,0,0,0,4.20,4.66,0.00,7.17,VMS 2,,Tanque,,3.54,2.40,0.00,0.36,3.59,2.95,0.00,0.16
26/06/2025 07:11 p. m.,Ordeño,09:47,6.48,4,,DI,TI,"TI,TD",0,TD,1.92,1.62,0.00,0.12,0,0,0,0,4.93,5.08,0.00,6.50,VMS 2,,Tanque,,2.88,2.16,0.00,0.24,2.94,3.42,0.00,0.12
27/06/2025 01:49 a. m.,Ordeño,11:05,8.01,1,,,TI,TI,0,TD,1.92,1.86,0.00,0.24,0,0,0,0,5.07,4.95,0.00,6.70,VMS 2,,Tanque,,2.46,2.46,0.00,0.66,3.51,4.27,0.00,0.23
27/06/2025 11:23 a. m.,Ordeño,08:43,21.52,2,,,,TD,0,TI,2.10,2.04,1.98,0.18,0,0,0,0,4.78,4.62,5.48,3.82,VMS 2,,Tanque,,2.70,2.70,2.58,0.42,5.65,5.42,10.27,0.18
27/06/2025 06:20 p. m.,Ordeño,09:09,6.37,3,,,TI,"TI,TD",0,TD,1.92,1.74,0.00,0.24,0,0,0,0,4.60,4.73,0.00,5.83,VMS 2,,Tanque,,2.76,2.34,0.00,0.54,2.98,3.20,0.00,0.19
28/06/2025 06:25 a. m.,Ordeño,12:19,12.05,1,,,TI,TI,0,TD,2.10,1.98,0.00,0.42,0,0,0,0,4.92,4.83,0.00,5.63,VMS 2,,Tanque,,2.70,2.64,0.00,0.84,5.70,6.14,0.00,0.21
28/06/2025 01:17 p. m.,Ordeño,09:55,6.99,2,,,TI,"TI,TD",0,TD,1.92,1.68,0.00,0.30,0,0,0,0,4.30,4.43,0.00,7.17,VMS 2,,Tanque,,2.64,2.22,0.00,0.60,3.40,3.43,0.00,0.16
28/06/2025 06:24 p. m.,Ordeño,08:06,4.49,3,,DI,TI,"TI,TD",0,TD,2.04,1.62,0.00,0.24,0,0,0,0,4.37,4.58,0.00,6.16,VMS 2,,Tanque,,2.76,2.16,0.00,0.48,1.97,2.37,0.00,0.15
29/06/2025 01:19 a. m.,Ordeño,10:20,17.60,1,,,,TD,0,TD,2.04,1.86,2.10,0.18,0,0,0,0,4.82,4.98,5.42,7.71,VMS 2,,Tanque,,2.58,2.52,2.64,0.48,3.86,3.82,9.78,0.14
29/06/2025 04:58 p. m.,Ordeño,08:51,15.18,3,,,,TD,0,,2.10,1.80,1.62,0.18,0,0,0,0,4.78,4.96,4.94,5.36,VMS 2,,Tanque,,2.58,2.58,2.04,0.54,4.82,4.73,5.44,0.19
30/06/2025 03:45 a. m.,Ordeño,11:29,11.33,1,,,TI,"TI,TD",0,TD,2.04,1.86,0.00,0.18,0,0,0,0,4.57,4.93,0.00,6.57,VMS 2,,Tanque,,3.24,2.58,0.00,0.36,5.75,5.43,0.00,0.15
30/06/2025 09:12 a. m.,Ordeño,10:24,6.17,2,,DI,TI,TI,0,TD,2.10,1.74,0.00,0.24,0,0,0,0,4.36,4.38,0.00,6.43,VMS 2,,Tanque,,2.88,2.46,0.00,0.48,2.68,3.22,0.00,0.27
30/06/2025 04:54 p. m.,Ordeño,07:44,7.73,3,,,TI,"TI,TD",0,TD,2.10,1.80,0.00,0.30,0,0,0,0,4.62,4.54,0.00,6.83,VMS 2,,Tanque,,2.76,2.34,0.00,0.60,3.57,3.98,0.00,0.18
01/07/2025 02:08 a. m.,Ordeño,08:01,6.19,1,,DI,"DI,TI","TI,TD",0,TD,1.86,1.86,0.00,0.30,0,0,0,0,5.09,5.02,0.00,7.57,VMS 2,,Tanque,,3.06,2.46,0.00,0.72,1.23,4.78,0.00,0.18
01/07/2025 09:59 a. m.,Ordeño,08:43,21.16,2,,,,TD,0,,2.10,1.98,1.98,0.00,0,0,0,0,4.89,4.69,5.36,0.00,VMS 2,,Tanque,,2.82,2.58,2.58,0.00,6.85,4.83,9.48,0.00
02/07/2025 12:37 a. m.,Ordeño,08:51,5.70,1,,DI,TI,"TI,TD",0,TD,1.86,1.92,0.00,0.24,0,0,0,0,4.77,4.82,0.00,7.37,VMS 2,,Tanque,,2.88,2.40,0.00,0.48,2.35,3.16,0.00,0.19
02/07/2025 08:59 a. m.,Ordeño,09:08,18.18,2,,,,,0,TD,2.16,1.86,1.74,0.30,0,0,0,0,4.97,4.94,5.50,7.10,VMS 2,,Tanque,,2.70,2.70,2.34,0.54,5.06,4.93,7.92,0.27
03/07/2025 02:26 a. m.,Ordeño,08:21,9.20,1,,,TI,TI,0,,2.10,1.86,0.00,0.36,0,0,0,0,5.03,4.79,0.00,4.89,VMS 2,,Tanque,,2.88,2.40,0.00,0.84,4.23,4.76,0.00,0.21
03/07/2025 09:30 a. m.,Ordeño,11:54,13.02,2,,,,TD,0,"TI,TD",1.92,1.98,1.86,0.12,0,373,0,0,4.60,4.66,5.62,6.57,VMS 2,,Tanque,,2.76,2.58,2.22,0.18,3.30,3.57,6.05,0.10
03/07/2025 05:46 p. m.,Ordeño,09:14,7.94,3,,,TI,TI,0,TD,2.10,1.80,0.00,0.48,0,0,0,0,4.64,4.66,0.00,6.63,VMS 2,,Tanque,,2.76,2.40,0.00,0.96,3.49,4.14,0.00,0.31
04/07/2025 12:17 a. m.,Ordeño,10:42,7.42,1,,,TI,"TI,TD",0,TD,1.98,1.74,0.00,0.24,0,0,0,0,4.61,4.83,0.00,5.96,VMS 2,,Tanque,,2.70,2.28,0.00,0.66,3.53,3.74,0.00,0.15
04/07/2025 08:37 a. m.,Ordeño,09:38,18.75,2,,,,,0,TD,2.10,1.80,1.92,0.36,0,0,0,0,4.99,5.01,5.41,6.43,VMS 2,,Tanque,,2.64,2.34,2.52,0.84,4.33,4.62,9.58,0.22
04/07/2025 06:20 p. m.,Ordeño,09:02,9.76,3,,,TI,TI,0,TD,2.04,1.92,0.00,0.30,0,0,0,0,4.70,4.87,0.00,6.30,VMS 2,,Tanque,,2.94,2.58,0.00,0.78,4.74,4.79,0.00,0.23
05/07/2025 12:37 a. m.,Ordeño,09:49,13.40,1,,,,TD,0,TD,2.22,1.68,1.74,0.18,0,0,0,0,4.72,4.64,5.23,6.70,VMS 2,,Tanque,,2.94,2.22,2.28,0.42,3.06,3.41,6.74,0.19
05/07/2025 06:37 a. m.,Ordeño,09:03,8.90,2,,DI,,TD,0,,2.04,1.56,1.62,0.18,0,0,0,0,4.92,4.91,4.98,5.63,VMS 2,,Tanque,,2.64,2.22,2.22,0.54,2.73,3.03,2.98,0.16
05/07/2025 01:38 p. m.,Ordeño,09:48,7.05,3,,,TI,"TI,TD",0,TD,2.16,1.86,0.00,0.12,0,0,0,0,4.79,4.92,0.00,5.70,VMS 2,,Tanque,,2.82,2.58,0.00,0.30,3.42,3.53,0.00,0.10
05/07/2025 10:00 p. m.,Ordeño,11:27,13.09,4,,DI,,TD,0,,2.16,1.62,1.80,0.00,0,371,0,0,4.72,4.73,5.31,0.00,VMS 2,,Tanque,,2.88,2.22,2.22,0.00,3.00,3.70,6.39,0.00
06/07/2025 10:53 a. m.,Ordeño,08:36,7.26,2,,,TI,TI,0,TD,2.04,1.80,0.00,0.30,0,0,0,0,4.46,4.67,0.00,6.30,VMS 2,,Tanque,,3.18,2.40,0.00,0.66,3.46,3.59,0.00,0.21
06/07/2025 05:33 p. m.,Ordeño,09:23,15.14,3,,,,TD,0,TD,2.22,1.62,1.98,0.18,0,0,0,0,4.58,4.74,5.36,6.03,VMS 2,,Tanque,,2.94,2.16,2.46,0.36,2.99,3.24,8.82,0.09
07/07/2025 12:19 a. m.,Ordeño,09:58,6.66,1,,,TI,TI,0,TD,1.92,1.86,0.00,0.30,0,0,0,0,4.92,4.87,0.00,6.70,VMS 2,,Tanque,,2.64,2.52,0.00,0.60,3.08,3.35,0.00,0.23
07/07/2025 08:07 a. m.,Ordeño,10:09,8.19,2,,,TI,"TI,TD",0,TD,2.04,1.86,0.00,0.18,0,0,0,0,5.07,5.07,0.00,6.43,VMS 2,,Tanque,,2.88,2.46,0.00,0.36,3.84,4.22,0.00,0.13
07/07/2025 03:19 p. m.,Ordeño,06:55,16.23,3,,TI,,,0,TD,2.16,1.74,2.10,0.18,0,0,0,0,4.90,4.91,5.39,7.71,VMS 2,,Tanque,,2.94,2.34,3.00,0.42,3.78,3.77,8.48,0.20
08/07/2025 12:26 a. m.,Ordeño,09:10,9.61,1,,,TI,TI,0,TD,2.04,1.86,0.00,0.30,0,0,0,0,4.78,4.91,0.00,6.70,VMS 2,,Tanque,,2.88,2.52,0.00,0.90,4.67,4.67,0.00,0.27
08/07/2025 07:48 a. m.,Ordeño,10:40,13.59,2,,DI,,TD,0,TD,1.86,1.92,1.86,0.36,0,0,0,0,4.70,4.91,5.18,5.63,VMS 2,,Tanque,,3.06,2.52,2.34,0.96,2.50,3.59,7.34,0.16
08/07/2025 03:38 p. m.,Ordeño,09:35,9.32,3,,,TI,TI,0,TD,2.16,1.86,0.00,0.72,0,0,0,0,4.98,4.78,0.00,7.17,VMS 2,,Tanque,,2.76,2.46,0.00,1.44,4.99,4.03,0.00,0.30
08/07/2025 10:51 p. m.,Ordeño,09:23,14.47,4,,,,,0,TD,2.10,1.92,1.92,0.30,0,0,0,0,4.86,4.99,5.15,7.17,VMS 2,,Tanque,,2.82,2.70,2.46,0.48,3.54,3.68,7.01,0.24
09/07/2025 06:40 a. m.,Ordeño,10:13,8.70,1,,DI,TI,"TI,TD",0,TD,2.22,1.92,0.00,0.18,0,0,0,0,4.92,5.05,0.00,5.90,VMS 2,,Tanque,,3.00,2.52,0.00,0.42,4.18,4.37,0.00,0.15
09/07/2025 03:12 p. m.,Ordeño,08:19,17.86,2,,,,,0,TD,2.10,1.98,1.86,0.36,0,0,0,0,5.06,5.05,5.35,6.70,VMS 2,,Tanque,,2.82,2.58,2.28,0.84,4.59,4.77,8.25,0.25
10/07/2025 06:52 a. m.,Ordeño,10:37,6.42,2,,,TI,"TI,TD",0,,1.86,1.86,0.00,0.12,0,0,0,0,4.57,4.85,0.00,5.36,VMS 2,,Tanque,,2.64,2.64,0.00,0.30,3.20,3.11,0.00,0.11
10/07/2025 02:10 p. m.,Ordeño,08:20,14.44,3,,DI,,TD,0,,2.16,1.92,1.92,0.00,0,0,0,0,5.10,5.10,5.37,0.00,VMS 2,,Tanque,,3.00,2.64,2.46,0.00,3.08,4.25,7.11,0.00
11/07/2025 12:13 a. m.,Ordeño,07:23,6.28,1,,DI,"DI,TI",TI,0,TD,1.68,1.92,0.00,0.78,0,0,0,0,5.23,5.19,0.00,8.11,VMS 2,,Tanque,,2.58,2.58,0.00,1.44,0.76,5.12,0.00,0.40
11/07/2025 06:15 a. m.,Ordeño,11:07,16.29,2,,,,TD,0,,2.34,1.74,1.92,0.00,0,0,0,0,4.94,4.96,5.35,0.00,VMS 2,,Tanque,,3.00,2.40,2.40,0.00,4.80,3.53,7.96,0.00
12/07/2025 02:01 a. m.,Ordeño,11:23,10.83,1,,,TI,TI,0,,2.40,1.80,0.00,0.60,0,0,0,0,4.85,4.93,0.00,5.49,VMS 2,,Tanque,,3.06,2.28,0.00,1.20,4.97,5.52,0.00,0.34
12/07/2025 12:51 p. m.,Ordeño,13:29,21.68,2,,,,,0,"TI,TD",2.46,1.86,2.04,0.36,0,0,0,0,4.63,4.77,5.41,5.96,VMS 2,,Tanque,,3.48,2.40,2.58,0.78,5.78,6.18,9.44,0.28
12/07/2025 08:14 p. m.,Ordeño,06:46,3.85,3,,,"DI,TI","DI,TI,TD",0,,0.00,1.80,0.00,0.30,0,0,0,0,0.00,4.63,0.00,6.03,VMS 2,,Tanque,,0.00,2.34,0.00,0.54,0.00,3.67,0.00,0.18
13/07/2025 08:04 a. m.,Ordeño,13:59,23.26,1,,,,,0,TD,2.28,2.04,1.74,0.42,0,0,0,0,4.83,4.88,4.97,6.10,VMS 2,,Tanque,,3.12,2.58,2.28,1.14,7.26,6.64,9.09,0.27
13/07/2025 06:02 p. m.,Ordeño,09:33,8.52,2,,DI,TI,"TI,TD",0,,2.28,1.98,0.00,0.00,0,0,0,0,4.57,4.70,0.00,0.00,VMS 2,,Tanque,,3.36,2.52,0.00,0.00,3.30,5.22,0.00,0.00
14/07/2025 03:47 p. m.,Ordeño,09:48,7.05,2,,DI,TI,TI,0,TD,2.10,1.92,0.00,0.30,0,0,0,0,4.55,4.54,0.00,6.57,VMS 2,,Tanque,,2.82,2.58,0.00,0.60,2.96,3.83,0.00,0.26
14/07/2025 09:21 p. m.,Ordeño,07:13,5.48,3,,,TI,"TI,TD",0,,2.10,1.86,0.00,0.00,0,0,0,0,4.91,4.71,0.00,0.00,VMS 2,,Tanque,,2.58,2.52,0.00,0.00,2.75,2.73,0.00,0.00
15/07/2025 05:35 p. m.,Ordeño,10:17,7.56,2,,,TI,TI,0,TD,2.10,1.86,0.00,0.36,0,0,0,0,4.66,4.61,0.00,6.03,VMS 2,,Tanque,,2.82,2.40,0.00,0.84,3.67,3.63,0.00,0.26
16/07/2025 01:05 a. m.,Ordeño,09:49,7.54,1,,,TI,"TI,TD",0,,2.10,1.86,0.00,0.12,0,0,0,0,4.83,4.87,0.00,4.56,VMS 2,,Tanque,,2.76,2.46,0.00,0.24,3.69,3.75,0.00,0.10
16/07/2025 07:48 a. m.,Ordeño,09:51,16.99,2,,,,TD,0,TD,2.10,1.98,1.92,0.18,0,0,0,0,5.04,4.92,5.29,6.97,VMS 2,,Tanque,,2.88,2.76,2.58,0.42,3.66,3.79,9.37,0.17
16/07/2025 02:48 p. m.,Ordeño,10:14,5.83,3,,DI,TI,"TI,TD",0,TD,1.86,1.80,0.00,0.12,0,0,0,0,5.09,4.73,0.00,6.03,VMS 2,,Tanque,,2.82,2.40,0.00,0.36,2.45,3.27,0.00,0.11
17/07/2025 02:00 a. m.,Ordeño,11:13,20.56,1,,DI,,,0,,2.34,1.92,2.04,0.36,0,0,0,0,4.92,4.83,5.42,5.23,VMS 2,,Tanque,,3.30,3.12,2.70,0.72,5.25,6.72,8.39,0.20
17/07/2025 12:48 p. m.,Ordeño,08:11,5.67,2,,,"DI,TI","DI,TI",0,TD,0.00,2.10,0.00,0.48,0,363,0,0,0.00,4.60,0.00,6.43,VMS 2,,Tanque,,0.00,2.70,0.00,1.20,0.00,5.42,0.00,0.25
17/07/2025 05:33 p. m.,Ordeño,09:43,15.64,3,,,,TD,0,TI,2.34,1.86,1.98,0.12,0,0,0,0,4.67,4.35,5.21,3.82,VMS 2,,Tanque,,3.12,2.64,2.76,0.30,6.63,2.30,6.62,0.09
18/07/2025 12:56 a. m.,Ordeño,09:56,7.49,1,,,TI,TI,0,TD,2.22,1.86,0.00,0.30,0,0,0,0,4.28,4.69,0.00,5.83,VMS 2,,Tanque,,3.12,2.88,0.00,0.72,3.70,3.59,0.00,0.20
18/07/2025 01:07 p. m.,Ordeño,08:56,20.57,2,,DI,,,0,TD,2.40,1.98,2.16,0.72,0,0,0,0,5.11,5.24,5.29,6.70,VMS 2,,Tanque,,3.12,2.64,3.06,1.38,4.68,6.38,9.19,0.32
18/07/2025 06:55 p. m.,Ordeño,08:58,5.41,3,,,TI,"TI,TD",0,,2.28,1.80,0.00,0.00,0,0,0,0,4.88,4.74,0.00,0.00,VMS 2,,Tanque,,3.30,2.58,0.00,0.00,3.15,2.26,0.00,0.00
19/07/2025 01:41 a. m.,Ordeño,07:01,7.02,1,,,TI,TI,0,TD,2.22,1.98,0.00,0.24,0,0,0,0,4.87,4.99,0.00,6.97,VMS 2,,Tanque,,2.76,2.64,0.00,0.48,3.24,3.56,0.00,0.22
19/07/2025 07:59 a. m.,Ordeño,07:13,6.22,2,,DI,TI,"TI,TD",0,,2.34,1.92,0.00,0.00,0,0,0,0,4.87,4.85,0.00,0.00,VMS 2,,Tanque,,3.48,2.58,0.00,0.00,3.09,3.13,0.00,0.00
19/07/2025 06:15 p. m.,Ordeño,07:17,1.56,4,,,"DI,TI","DI,TI,TD",0,,0.00,1.50,0.00,0.00,0,0,0,0,0.00,5.14,0.00,0.00,VMS 2,,Tanque,,0.00,2.16,0.00,0.00,0.00,1.56,0.00,0.00
20/07/2025 01:51 a. m.,Ordeño,09:36,10.04,1,,,TI,"TI,TD",0,,2.46,1.62,0.00,0.00,0,0,0,0,5.14,5.12,0.00,0.00,VMS 2,,Tanque,,3.18,2.16,0.00,0.00,5.64,4.40,0.00,0.00
20/07/2025 07:24 p. m.,Ordeño,11:44,6.00,3,,,TI,"TI,TD",0,TD,2.16,1.68,0.00,0.18,0,0,0,0,4.89,4.63,0.00,6.57,VMS 2,,Tanque,,3.24,2.40,0.00,0.42,2.99,2.82,0.00,0.19
21/07/2025 02:45 a. m.,Ordeño,10:41,6.78,1,,DD,TI,"TI,TD",0,,2.04,1.92,0.00,0.24,0,0,0,0,5.09,4.97,0.00,5.49,VMS 2,,Tanque,,3.18,2.70,0.00,0.54,3.42,3.21,0.00,0.15
21/07/2025 10:19 a. m.,Ordeño,07:32,15.70,2,,DI,,TD,0,TD,2.28,1.86,2.10,0.18,0,0,0,0,5.23,4.89,5.50,6.16,VMS 2,,Tanque,,3.00,2.52,3.00,0.48,2.93,5.02,7.58,0.17
21/07/2025 05:16 p. m.,Ordeño,10:06,9.21,3,,,TI,"TI,TD",0,,2.34,1.92,0.00,0.18,0,0,0,0,5.09,4.79,0.00,4.36,VMS 2,,Tanque,,3.30,2.64,0.00,0.30,5.14,3.95,0.00,0.12
22/07/2025 02:49 a. m.,Ordeño,08:49,6.75,1,,DI,"DI,TI",TI,0,TD,1.80,1.98,0.00,0.60,0,0,0,0,5.23,4.96,0.00,6.43,VMS 2,,Tanque,,3.00,2.64,0.00,1.08,1.08,5.40,0.00,0.27
22/07/2025 09:14 a. m.,Ordeño,13:50,9.33,2,,,TI,"TI,TD",0,TD,2.22,1.92,0.00,0.18,0,0,0,0,5.49,4.89,0.00,6.83,VMS 2,,Tanque,,3.06,2.58,0.00,0.48,5.52,3.68,0.00,0.13
22/07/2025 04:29 p. m.,Ordeño,08:51,19.49,3,,TI,,,0,TD,2.40,1.92,2.16,0.36,0,0,0,0,5.09,5.01,5.69,6.63,VMS 2,,Tanque,,3.00,2.64,2.88,1.02,4.98,4.57,9.70,0.24
23/07/2025 01:43 a. m.,Ordeño,10:14,10.41,1,,,TI,TI,0,,2.16,1.98,0.00,0.24,0,0,0,0,5.16,5.16,0.00,4.82,VMS 2,,Tanque,,3.36,2.52,0.00,0.42,4.78,5.43,0.00,0.20
23/07/2025 10:51 a. m.,Ordeño,09:21,10.09,2,,,TI,"TI,TD",0,,2.34,2.16,0.00,0.00,0,0,0,0,5.16,4.90,0.00,0.00,VMS 2,,Tanque,,3.24,2.88,0.00,0.00,4.97,5.12,0.00,0.00
24/07/2025 01:55 a. m.,Ordeño,12:05,8.80,1,,,TI,"TI,TD",0,,2.10,1.92,0.00,0.00,0,0,0,0,5.43,5.17,0.00,0.00,VMS 2,,Tanque,,2.64,2.52,0.00,0.00,4.67,4.13,0.00,0.00
24/07/2025 06:23 p. m.,Ordeño,07:43,9.27,3,,,TI,"TI,TD",0,TD,2.22,1.98,0.00,0.42,0,0,0,0,4.96,4.80,0.00,6.97,VMS 2,,Tanque,,2.94,2.64,0.00,0.90,4.37,4.71,0.00,0.19
25/07/2025 01:02 a. m.,Ordeño,08:07,5.03,1,,DI,"DI,TI","TI,TD",0,TD,1.74,1.80,0.00,0.30,0,0,0,0,4.82,4.66,0.00,6.70,VMS 2,,Tanque,,2.76,2.46,0.00,0.84,1.34,3.50,0.00,0.19
25/07/2025 01:52 p. m.,Ordeño,11:20,24.36,2,,,,,0,TD,2.16,1.92,2.10,0.66,0,352,0,0,5.36,4.91,5.69,6.77,VMS 2,,Tanque,,2.82,2.58,2.76,1.26,7.38,6.77,9.91,0.30
26/07/2025 12:37 a. m.,Ordeño,10:02,8.91,1,,,TI,"TI,TD",0,TD,1.86,1.92,0.00,0.12,0,0,0,0,4.69,4.51,0.00,5.29,VMS 2,,Tanque,,2.82,2.58,0.00,0.24,4.23,4.59,0.00,0.09
26/07/2025 09:27 a. m.,Ordeño,10:08,16.41,2,,,,,0,TD,1.98,2.10,2.04,0.42,0,0,0,0,4.76,4.59,5.16,6.57,VMS 2,,Tanque,,2.94,2.88,2.58,1.02,4.52,4.38,7.27,0.24
26/07/2025 06:32 p. m.,Ordeño,10:07,7.10,3,,DI,TI,TI,0,TD,1.92,1.80,0.00,0.30,0,0,0,0,5.23,4.92,0.00,6.83,VMS 2,,Tanque,,3.00,2.64,0.00,0.66,3.18,3.71,0.00,0.21
27/07/2025 02:33 a. m.,Ordeño,08:11,7.85,1,,DI,TI,"TI,TD",0,,1.98,2.10,0.00,0.00,0,0,0,0,5.29,5.04,0.00,0.00,VMS 2,,Tanque,,3.00,2.82,0.00,0.00,3.41,4.44,0.00,0.00
27/07/2025 06:21 a. m.,Ordeño,06:36,5.28,2,,DI,TI,TI,0,TD,2.10,1.62,0.00,0.54,0,0,0,0,5.23,4.77,0.00,7.84,VMS 2,,Tanque,,3.18,2.52,0.00,1.26,2.70,2.28,0.00,0.30
27/07/2025 11:36 a. m.,Ordeño,11:03,13.10,3,,,,TD,0,TD,2.04,1.62,2.04,0.30,0,0,0,0,5.29,4.91,5.43,7.50,VMS 2,,Tanque,,2.58,2.22,2.64,0.66,2.58,2.20,8.17,0.15
27/07/2025 05:35 p. m.,Ordeño,10:42,7.37,4,,,TI,TI,0,TD,1.98,1.62,0.00,0.48,0,0,0,0,4.76,4.78,0.00,6.77,VMS 2,,Tanque,,2.70,2.22,0.00,0.90,3.81,3.31,0.00,0.25
28/07/2025 05:42 p. m.,Ordeño,10:26,7.21,2,,DI,TI,"TI,TD",0,TD,2.10,1.86,0.00,0.36,0,0,0,0,4.96,4.74,0.00,6.63,VMS 2,,Tanque,,2.70,2.46,0.00,0.96,3.09,3.93,0.00,0.19
29/07/2025 12:54 a. m.,Ordeño,09:01,15.25,1,,,,TD,0,,2.22,1.86,1.98,0.00,0,0,0,0,5.29,5.03,5.12,0.00,VMS 2,,Tanque,,3.00,2.46,2.58,0.00,4.64,3.75,6.86,0.00
30/07/2025 01:52 p. m.,Ordeño,08:02,7.31,2,,DI,TI,"TI,TD",0,,2.22,2.10,0.00,0.00,0,375,0,0,5.21,5.28,0.00,0.00,VMS 2,,Tanque,,3.06,2.82,0.00,0.00,3.39,3.92,0.00,0.00
31/07/2025 03:43 a. m.,Ordeño,07:43,7.15,1,,,TI,TI,0,TD,2.28,1.80,0.00,0.30,0,0,0,0,4.85,4.70,0.00,7.17,VMS 2,,Tanque,,3.24,2.46,0.00,0.78,3.59,3.34,0.00,0.22
31/07/2025 08:39 a. m.,Ordeño,08:14,5.33,2,,,TI,"TI,TD",0,,2.10,1.56,0.00,0.00,0,0,0,0,4.73,4.43,0.00,0.00,VMS 2,,Tanque,,2.82,2.40,0.00,0.00,2.59,2.74,0.00,0.00
31/07/2025 05:38 p. m.,Ordeño,09:20,17.86,3,,,,TD,0,,2.34,1.80,2.10,0.00,0,0,0,0,5.02,4.78,5.09,0.00,VMS 2,,Tanque,,3.18,2.76,2.58,0.00,4.64,4.40,8.82,0.00
01/08/2025 06:17 a. m.,Ordeño,09:45,10.55,1,,,TI,TI,0,TD,2.22,2.28,0.00,0.30,0,0,0,0,4.82,4.78,0.00,6.57,VMS 2,,Tanque,,3.00,3.00,0.00,0.78,5.42,4.89,0.00,0.24
02/08/2025 01:15 a. m.,Ordeño,08:09,9.88,1,,,TI,TI,0,TD,2.22,1.86,0.00,0.36,0,0,0,0,5.06,5.17,0.00,6.63,VMS 2,,Tanque,,3.18,2.40,0.00,0.72,4.73,4.91,0.00,0.24
02/08/2025 09:32 a. m.,Ordeño,09:00,15.86,2,,DI,,,0,"DI,DD,TI",2.04,1.98,1.92,0.54,0,0,0,0,4.91,5.04,5.16,3.42,VMS 2,,Tanque,,3.42,2.64,2.64,1.14,2.73,4.72,8.16,0.25
02/08/2025 03:46 p. m.,Ordeño,10:30,7.42,3,,,TI,"TI,TD",0,TD,1.74,1.62,0.00,0.30,0,0,0,0,4.57,4.76,0.00,6.10,VMS 2,,Tanque,,2.76,2.52,0.00,0.72,4.08,3.15,0.00,0.19
02/08/2025 11:32 p. m.,Ordeño,10:12,14.73,4,,,,TD,0,,1.86,1.62,1.80,0.00,0,0,0,0,4.79,4.40,5.20,0.00,VMS 2,,Tanque,,2.64,2.28,2.52,0.00,3.95,4.24,6.54,0.00
03/08/2025 09:58 a. m.,Ordeño,09:05,10.43,1,,,TI,"TI,TD",0,,2.10,1.92,0.00,0.00,0,0,0,0,5.18,5.31,0.00,0.00,VMS 2,,Tanque,,2.82,2.82,0.00,0.00,5.09,5.34,0.00,0.00
04/08/2025 03:55 a. m.,Ordeño,11:17,9.19,1,,,TI,"TI,TD",0,TD,1.80,1.92,0.00,0.18,0,0,0,0,4.27,4.65,0.00,6.16,VMS 2,,Tanque,,2.82,2.76,0.00,0.36,4.28,4.75,0.00,0.16
04/08/2025 02:04 p. m.,Ordeño,12:30,19.06,2,,DD,,,0,,2.22,1.56,1.68,0.36,0,0,0,0,4.78,4.79,4.90,5.36,VMS 2,,Tanque,,2.88,2.34,2.28,0.96,5.09,5.30,8.46,0.21
05/08/2025 12:17 a. m.,Ordeño,08:01,9.54,1,,,TI,"TI,TD",0,,2.40,1.92,0.00,0.00,0,0,0,0,4.52,4.81,0.00,0.00,VMS 2,,Tanque,,2.82,2.52,0.00,0.00,4.53,5.01,0.00,0.00
05/08/2025 11:39 a. m.,Ordeño,09:20,14.81,3,,,,TD,0,,2.16,1.80,2.34,0.18,0,0,0,0,4.59,4.93,4.94,5.23,VMS 2,,Tanque,,2.82,2.34,3.00,0.36,2.91,2.85,8.93,0.12
05/08/2025 09:54 p. m.,Ordeño,08:06,9.68,4,,DI,TI,TI,0,TD,2.16,1.92,0.00,0.66,0,0,0,0,4.98,5.02,0.00,6.77,VMS 2,,Tanque,,3.00,2.58,0.00,1.26,4.14,5.21,0.00,0.33
06/08/2025 03:23 a. m.,Ordeño,07:07,6.96,1,,,TI,"TI,TD",0,,2.10,1.74,0.00,0.12,0,0,0,0,4.63,4.56,0.00,0.00,VMS 2,,Tanque,,3.00,2.34,0.00,0.24,3.89,2.98,0.00,0.09
06/08/2025 07:02 a. m.,Ordeño,08:31,12.74,2,,,,TD,0,TD,1.86,1.68,2.16,0.12,0,0,0,0,4.51,4.56,4.83,5.96,VMS 2,,Tanque,,2.46,2.22,2.88,0.36,1.87,2.13,8.65,0.09
06/08/2025 06:51 p. m.,Ordeño,08:36,17.53,3,,,,,0,TD,2.22,1.80,1.86,0.72,0,0,0,0,5.09,5.19,5.06,6.37,VMS 2,,Tanque,,2.88,2.46,2.46,1.32,5.88,6.12,5.15,0.38
07/08/2025 07:06 a. m.,Ordeño,08:26,16.69,1,,,,TD,0,,2.40,2.04,1.86,0.18,0,0,0,0,4.77,4.95,4.88,5.36,VMS 2,,Tanque,,3.00,2.76,2.40,0.42,5.50,5.81,5.21,0.17
07/08/2025 01:09 p. m.,Ordeño,09:55,7.42,2,,DI,,TD,0,TD,2.16,1.62,1.62,0.12,0,0,0,0,4.21,4.52,4.64,5.49,VMS 2,,Tanque,,3.24,2.28,2.10,0.36,2.51,2.38,2.41,0.12
07/08/2025 07:12 p. m.,Ordeño,08:25,8.76,3,,,,TD,0,,2.16,1.80,1.86,0.18,0,0,0,0,4.61,4.93,4.84,5.23,VMS 2,,Tanque,,2.94,2.40,2.40,0.42,3.02,3.06,2.54,0.14
08/08/2025 03:25 a. m.,Ordeño,08:19,12.07,1,,,,TD,0,,2.16,1.92,1.86,0.18,0,0,0,0,4.99,5.26,5.06,5.56,VMS 2,,Tanque,,2.82,2.46,2.34,0.48,3.95,4.16,3.81,0.15
08/08/2025 01:28 p. m.,Ordeño,08:44,14.56,2,,,,,0,TD,2.22,1.86,1.68,0.24,0,0,0,0,4.58,4.90,5.10,5.76,VMS 2,,Tanque,,2.76,2.40,2.52,0.66,4.62,5.15,4.57,0.22
08/08/2025 07:15 p. m.,Ordeño,09:01,7.54,3,,,,TD,0,,2.04,1.68,1.56,0.18,0,0,0,0,4.59,4.86,4.98,4.89,VMS 2,,Tanque,,2.52,2.22,2.10,0.36,2.53,2.64,2.24,0.13
09/08/2025 03:31 a. m.,Ordeño,11:02,8.14,1,,,TI,"TI,TD",0,,2.16,1.92,0.00,0.24,0,0,0,0,4.73,4.99,0.00,5.29,VMS 2,,Tanque,,3.12,2.52,0.00,0.54,3.90,4.06,0.00,0.18
09/08/2025 01:20 p. m.,Ordeño,08:52,17.67,2,,,,TD,0,TD,2.10,1.98,1.86,0.30,0,0,0,0,4.60,4.84,5.40,5.76,VMS 2,,Tanque,,2.64,2.58,2.46,0.60,4.78,4.65,8.05,0.19
09/08/2025 09:02 p. m.,Ordeño,07:21,9.43,3,,,,TD,0,TD,1.86,1.68,1.50,0.24,0,0,0,0,4.47,4.45,4.52,5.29,VMS 2,,Tanque,,2.58,2.28,2.22,0.66,2.98,3.22,3.08,0.15
10/08/2025 07:44 a. m.,Ordeño,07:22,14.16,1,,,,TD,0,,2.22,2.04,1.98,0.18,0,0,0,0,4.92,4.99,5.07,5.63,VMS 2,,Tanque,,3.00,2.64,2.64,0.36,4.58,4.89,4.55,0.14
10/08/2025 05:01 p. m.,Ordeño,09:19,13.49,2,,,,,0,,2.10,2.04,1.80,0.24,0,0,0,0,4.91,5.04,5.20,5.23,VMS 2,,Tanque,,2.64,2.64,2.46,0.54,4.54,4.45,4.28,0.22
11/08/2025 01:26 a. m.,Ordeño,10:45,11.81,1,,DI,,TD,0,,1.86,1.80,1.68,0.12,0,0,0,0,4.91,4.91,5.13,5.16,VMS 2,,Tanque,,2.88,2.64,2.22,0.36,3.77,4.09,3.81,0.14
11/08/2025 11:21 p. m.,Ordeño,09:22,10.61,3,,,,TD,0,TD,2.10,1.92,1.74,0.24,0,0,0,0,4.81,4.73,4.87,5.76,VMS 2,,Tanque,,2.64,2.58,2.16,0.54,3.40,3.60,3.44,0.17
12/08/2025 07:47 a. m.,Ordeño,07:56,12.07,1,,,,,0,,2.10,2.16,1.98,0.24,0,0,0,0,4.94,4.98,5.21,5.36,VMS 2,,Tanque,,2.70,2.76,2.52,0.60,3.90,4.13,3.84,0.20
12/08/2025 04:25 p. m.,Ordeño,08:56,11.48,2,,,,,0,TD,2.04,2.04,1.80,0.24,0,0,0,0,5.06,4.98,5.14,6.03,VMS 2,,Tanque,,2.64,2.58,2.28,0.48,3.67,3.78,3.77,0.26
13/08/2025 01:39 a. m.,Ordeño,11:47,12.05,1,,,,,0,TD,1.92,1.98,1.68,0.24,0,0,0,0,4.95,4.86,4.93,5.76,VMS 2,,Tanque,,2.46,2.64,2.28,0.54,3.92,4.14,3.77,0.22
13/08/2025 10:22 a. m.,Ordeño,09:03,11.46,2,,DI,,,0,TD,2.04,1.92,1.68,0.42,0,0,0,0,5.08,4.94,5.08,6.70,VMS 2,,Tanque,,3.12,2.64,2.34,1.02,2.86,4.25,4.14,0.21
13/08/2025 06:15 p. m.,Ordeño,06:55,12.09,3,,,,TD,0,,2.22,1.86,1.68,0.24,0,0,0,0,5.21,5.14,5.15,5.76,VMS 2,,Tanque,,2.88,2.46,2.40,0.60,4.52,3.96,3.46,0.15
14/08/2025 01:58 a. m.,Ordeño,09:19,11.18,1,,,,TD,0,TD,2.04,1.98,1.86,0.18,0,0,0,0,4.95,5.14,4.96,6.03,VMS 2,,Tanque,,2.88,2.94,2.40,0.42,3.61,3.74,3.65,0.18
14/08/2025 01:09 p. m.,Ordeño,09:34,14.12,2,,TI,,,0,TD,2.04,2.04,1.98,0.24,0,0,0,0,5.01,4.96,5.04,6.70,VMS 2,,Tanque,,2.88,3.00,2.46,0.54,4.99,4.68,4.24,0.21
15/08/2025 12:46 p. m.,Ordeño,10:33,10.55,2,,TI,TI,TD,0,TD,1.98,1.86,1.80,0.18,0,380,0,0,4.59,4.63,4.54,5.43,VMS 2,,Tanque,,3.24,2.40,2.52,0.48,4.08,4.27,2.04,0.16
15/08/2025 06:20 p. m.,Ordeño,08:30,8.70,3,,,,TD,0,TI,1.92,1.74,1.80,0.18,0,0,0,0,4.47,4.49,4.88,3.69,VMS 2,,Tanque,,2.52,2.28,2.28,0.36,2.21,2.31,4.02,0.16
16/08/2025 01:20 a. m.,Ordeño,08:00,9.51,1,,,,TD,0,TD,2.10,1.86,1.74,0.12,0,0,0,0,4.88,4.82,4.81,5.96,VMS 2,,Tanque,,2.82,2.52,2.34,0.18,3.11,3.21,3.10,0.09
16/08/2025 11:37 a. m.,Ordeño,10:39,13.34,2,,,,,0,,2.16,2.04,1.74,0.30,0,0,0,0,5.23,5.00,4.65,3.02,VMS 2,,Tanque,,2.88,2.94,2.34,0.84,4.47,4.45,4.22,0.20
16/08/2025 10:22 p. m.,Ordeño,09:22,14.13,3,,,,,0,TD,2.04,2.04,1.80,0.36,0,0,0,0,5.37,5.25,5.09,6.23,VMS 2,,Tanque,,2.82,2.58,2.28,0.84,4.56,4.85,4.50,0.22
17/08/2025 10:13 a. m.,Ordeño,08:10,16.40,1,,,,TD,0,TD,2.40,2.16,2.04,0.36,0,0,0,0,4.95,4.80,4.85,5.90,VMS 2,,Tanque,,3.18,2.94,2.58,0.78,5.23,5.84,5.16,0.17
17/08/2025 10:02 p. m.,Ordeño,09:44,13.88,2,,DI,,TD,0,,2.16,2.10,1.68,0.00,0,0,0,0,4.94,4.67,4.93,0.00,VMS 2,,Tanque,,3.54,2.76,2.22,0.00,4.13,5.33,4.42,0.00
18/08/2025 08:14 a. m.,Ordeño,09:10,14.74,1,,,,,0,TD,2.34,2.16,1.74,1.08,0,0,0,0,4.61,4.75,4.98,7.17,VMS 2,,Tanque,,3.24,2.76,2.16,1.80,5.08,4.71,4.45,0.50
18/08/2025 04:54 p. m.,Ordeño,08:07,11.18,2,,,,TD,0,TD,2.16,2.04,1.80,0.30,0,0,0,0,4.86,4.81,4.93,6.16,VMS 2,,Tanque,,3.06,2.70,2.34,0.72,3.57,3.80,3.69,0.12
19/08/2025 01:43 a. m.,Ordeño,10:57,8.68,1,,,TI,TI,0,TD,2.10,1.80,0.00,0.36,0,0,0,0,5.20,4.68,0.00,5.70,VMS 2,,Tanque,,2.88,2.40,0.00,0.72,4.12,4.35,0.00,0.21
19/08/2025 07:47 a. m.,Ordeño,08:32,13.23,2,,,,TD,0,TD,1.98,2.04,1.80,0.12,0,0,0,0,4.87,4.89,5.24,6.57,VMS 2,,Tanque,,2.64,2.76,2.40,0.18,3.06,3.33,6.74,0.10
19/08/2025 03:32 p. m.,Ordeño,10:56,3.67,3,,DI,"DD,TI","DD,TI",0,TD,1.86,0.00,0.00,0.60,0,0,0,0,4.87,0.00,0.00,6.63,VMS 2,,Tanque,,2.94,0.00,0.00,1.20,3.42,0.00,0.00,0.25
20/08/2025 01:13 a. m.,Ordeño,07:26,18.83,1,,,,TD,0,,2.28,2.16,2.16,0.00,0,0,0,0,5.12,5.13,5.53,0.00,VMS 2,,Tanque,,3.12,2.88,2.70,0.00,4.73,6.61,7.49,0.00
21/08/2025 12:41 a. m.,Ordeño,08:41,15.93,1,,TI,,TD,0,,2.28,1.92,1.92,0.00,0,0,0,0,5.11,5.07,4.99,0.00,VMS 2,,Tanque,,3.30,2.58,2.52,0.00,7.20,4.93,3.80,0.00
21/08/2025 06:26 p. m.,Ordeño,08:05,12.80,3,,,,TD,0,,2.04,1.86,1.74,0.00,0,0,0,0,5.13,5.13,5.15,0.00,VMS 2,,Tanque,,2.94,2.70,2.34,0.00,3.97,4.44,4.39,0.00
22/08/2025 01:09 a. m.,Ordeño,07:16,8.24,1,,"DI,TI",,TD,0,,1.98,1.80,1.80,0.00,0,0,0,0,5.20,5.05,5.04,0.00,VMS 2,,Tanque,,3.06,2.40,2.34,0.00,2.07,3.42,2.75,0.00
22/08/2025 08:49 p. m.,Ordeño,06:01,8.79,3,,,,TD,0,,2.16,1.92,1.62,0.00,0,444,349,0,4.83,4.64,4.72,0.00,VMS 2,,Tanque,,2.64,2.52,2.10,0.00,2.89,3.08,2.82,0.00
23/08/2025 03:47 a. m.,Ordeño,10:06,6.45,1,,DI,TI,TI,0,TD,2.22,1.80,0.00,0.24,0,0,0,0,5.32,5.11,0.00,6.83,VMS 2,,Tanque,,3.00,2.28,0.00,0.60,2.83,3.40,0.00,0.22
23/08/2025 10:27 a. m.,Ordeño,07:49,12.20,2,,DI,,TD,0,,2.10,1.74,1.98,0.00,0,0,0,0,5.32,5.20,5.46,0.00,VMS 2,,Tanque,,3.18,2.28,2.52,0.00,2.24,3.70,6.26,0.00
24/08/2025 06:28 a. m.,Ordeño,10:30,9.89,1,,,TI,"TI,TD",0,TD,2.16,2.10,0.00,0.24,0,0,0,0,5.16,5.07,0.00,6.57,VMS 2,,Tanque,,2.82,2.94,0.00,0.42,4.71,5.00,0.00,0.18
24/08/2025 03:45 p. m.,Ordeño,08:23,16.13,2,,,,TD,0,,2.04,1.98,1.98,0.00,0,0,0,0,4.90,4.76,5.33,0.00,VMS 2,,Tanque,,2.70,2.52,2.52,0.00,3.79,4.06,8.28,0.00
25/08/2025 12:10 a. m.,Ordeño,10:09,10.28,1,,,,TD,0,,2.04,1.80,1.62,0.00,0,0,0,0,4.91,4.73,4.75,0.00,VMS 2,,Tanque,,2.58,2.70,2.04,0.00,3.54,3.57,3.17,0.00
25/08/2025 09:30 a. m.,Ordeño,09:26,12.23,2,,DI,,TD,0,,2.28,1.92,1.86,0.00,0,0,0,0,5.26,5.07,5.24,0.00,VMS 2,,Tanque,,3.18,2.64,2.40,0.00,3.95,4.40,3.88,0.00
26/08/2025 01:22 p. m.,Ordeño,13:48,8.16,2,,DD,TI,"TI,TD",0,,2.04,1.68,0.00,0.00,0,0,0,0,5.26,4.94,0.00,0.00,VMS 2,,Tanque,,3.00,2.88,0.00,0.00,4.44,3.72,0.00,0.00
27/08/2025 02:44 a. m.,Ordeño,08:53,11.43,1,,,,TD,0,TD,2.22,1.68,1.32,0.18,0,0,0,0,5.14,4.94,5.04,6.43,VMS 2,,Tanque,,2.88,2.28,1.74,0.36,3.89,3.86,3.56,0.12
27/08/2025 02:16 p. m.,Ordeño,08:40,8.46,2,,DI,TI,"TI,TD",0,TD,2.16,2.16,0.00,0.06,0,0,0,0,5.11,5.18,0.00,6.77,VMS 2,,Tanque,,3.54,2.76,0.00,0.18,3.37,5.04,0.00,0.05
27/08/2025 06:06 p. m.,Ordeño,08:50,10.12,3,,,,TD,0,"TI,TD",2.16,1.62,1.26,0.12,0,0,0,0,4.82,4.63,5.46,6.57,VMS 2,,Tanque,,2.64,2.40,1.80,0.24,2.85,1.51,5.68,0.08
28/08/2025 04:46 a. m.,Ordeño,08:28,13.57,1,,,,TD,0,,2.22,1.86,1.38,0.00,0,0,0,0,4.80,4.97,4.97,0.00,VMS 2,,Tanque,,2.82,2.46,1.80,0.00,4.65,4.57,4.35,0.00
28/08/2025 10:25 p. m.,Ordeño,09:24,5.86,3,,DI,TI,"TI,TD",0,,2.10,1.86,0.00,0.12,0,0,0,0,5.00,4.85,0.00,2.48,VMS 2,,Tanque,,3.00,2.46,0.00,0.24,2.75,3.06,0.00,0.05
29/08/2025 05:34 a. m.,Ordeño,06:29,13.19,1,,,,,0,TD,2.22,1.92,1.74,0.18,0,0,0,0,5.21,5.08,5.43,6.57,VMS 2,,Tanque,,2.82,2.70,2.16,0.54,3.50,3.60,5.88,0.21
29/08/2025 03:15 p. m.,Ordeño,09:41,13.02,2,,,,TD,0,,1.98,1.98,1.56,0.00,0,0,0,0,4.85,5.07,5.04,0.00,VMS 2,,Tanque,,2.70,2.58,2.52,0.00,4.45,4.39,4.18,0.00
31/08/2025 03:23 a. m.,Ordeño,09:52,15.59,1,,,,TD,0,,2.16,2.04,1.86,0.24,0,0,0,0,5.07,4.98,5.12,5.36,VMS 2,,Tanque,,2.88,2.70,2.46,0.54,5.08,5.39,4.94,0.18
31/08/2025 03:48 p. m.,Ordeño,12:12,9.50,2,,,TI,"TI,TD",0,,2.04,1.92,0.00,0.00,0,0,0,0,4.94,4.79,0.00,0.00,VMS 2,,Tanque,,2.76,2.58,0.00,0.00,4.67,4.83,0.00,0.00
01/09/2025 09:57 p. m.,Ordeño,07:35,10.99,3,,,,TD,0,,2.16,2.04,1.80,0.12,0,0,0,0,5.11,4.83,5.12,5.03,VMS 2,,Tanque,,2.58,2.76,2.34,0.36,3.46,3.96,3.44,0.13
02/09/2025 08:35 a. m.,Ordeño,07:47,14.09,1,,DI,,TD,0,,2.22,2.04,2.04,0.00,0,0,0,0,5.20,4.89,5.35,0.00,VMS 2,,Tanque,,2.70,2.88,2.70,0.00,4.55,4.88,4.66,0.00
02/09/2025 04:31 p. m.,Ordeño,08:16,6.55,2,,DI,TI,"TI,TD",0,,2.34,1.80,0.00,0.00,0,0,0,0,4.74,4.53,0.00,0.00,VMS 2,,Tanque,,3.18,2.40,0.00,0.00,3.12,3.43,0.00,0.00
04/09/2025 12:30 a. m.,Ordeño,09:33,10.64,1,,,,TD,0,TD,2.16,2.04,1.74,0.12,0,0,0,0,4.68,4.62,5.02,5.49,VMS 2,,Tanque,,2.82,2.70,2.34,0.18,3.33,3.71,3.54,0.06
04/09/2025 08:29 a. m.,Ordeño,08:45,11.94,2,,,,TD,0,,2.28,2.28,1.86,0.18,0,0,0,0,4.88,4.63,5.02,5.09,VMS 2,,Tanque,,2.70,3.00,2.70,0.42,3.85,4.13,3.80,0.16
04/09/2025 04:31 p. m.,Ordeño,08:31,10.47,3,,,,TD,0,,2.22,1.92,1.86,0.12,0,0,0,0,5.00,4.87,5.05,4.02,VMS 2,,Tanque,,2.70,2.52,2.40,0.24,3.33,3.52,3.56,0.06
05/09/2025 01:51 a. m.,Ordeño,09:02,12.41,1,,,,,0,TD,2.22,2.16,1.98,0.30,0,0,0,0,4.94,4.95,5.03,7.30,VMS 2,,Tanque,,2.94,2.70,2.58,0.72,4.05,4.14,4.01,0.21
05/09/2025 09:16 a. m.,Ordeño,08:46,9.54,2,,,,TD,0,TD,2.16,1.98,1.86,0.18,0,0,0,0,4.85,4.95,5.13,6.03,VMS 2,,Tanque,,2.88,2.58,2.52,0.42,2.97,3.28,3.14,0.15
05/09/2025 06:42 p. m.,Ordeño,08:54,11.09,3,,DI,,TI,0,,2.22,1.98,0.00,1.80,0,0,0,0,4.79,4.82,0.00,5.02,VMS 2,,Tanque,,3.54,2.52,0.00,2.52,2.62,4.17,0.00,4.30
06/09/2025 03:06 a. m.,Ordeño,09:44,12.69,1,,,,TD,0,TD,2.28,2.04,2.04,0.24,0,0,0,0,4.67,4.91,4.84,6.03,VMS 2,,Tanque,,2.94,2.70,2.58,0.66,4.74,3.97,3.82,0.16
06/09/2025 11:30 a. m.,Ordeño,09:32,11.04,2,,,,TD,0,,2.28,2.04,1.98,0.18,0,0,0,0,4.66,4.64,5.02,4.49,VMS 2,,Tanque,,3.06,2.76,2.46,0.36,3.55,3.74,3.64,0.11
06/09/2025 06:16 p. m.,Ordeño,08:55,8.67,3,,,,,0,TD,2.10,1.86,1.80,0.18,0,0,0,0,4.65,4.75,4.91,6.23,VMS 2,,Tanque,,2.64,2.58,2.34,0.48,2.73,2.86,2.88,0.20
07/09/2025 02:29 a. m.,Ordeño,10:31,11.19,1,,,,,0,,2.16,2.04,1.80,0.18,0,0,0,0,5.00,4.80,4.83,5.49,VMS 2,,Tanque,,2.94,2.88,2.28,0.36,3.51,3.85,3.63,0.20
07/09/2025 10:47 a. m.,Ordeño,07:36,10.23,2,,"DI,TD",,,0,TD,2.22,1.80,1.92,0.24,0,0,0,0,4.55,4.54,4.81,5.63,VMS 2,,Tanque,,3.24,2.28,2.52,0.60,2.91,3.58,3.48,0.26
07/09/2025 05:24 p. m.,Ordeño,10:36,5.61,3,,TD,TI,"TI,TD",0,TD,2.04,1.86,0.00,0.18,0,0,0,0,4.47,4.73,0.00,5.63,VMS 2,,Tanque,,2.94,2.46,0.00,0.48,2.70,2.75,0.00,0.16
08/09/2025 04:49 a. m.,Ordeño,09:40,16.86,1,,,,,0,TD,2.10,2.04,1.98,0.24,0,0,0,0,4.66,4.86,5.20,6.16,VMS 2,,Tanque,,2.70,2.88,2.52,0.48,4.50,4.78,7.36,0.22
08/09/2025 01:14 p. m.,Ordeño,09:09,9.12,2,,DI,,TD,0,TD,2.16,1.98,1.50,0.18,0,0,0,0,4.24,4.52,4.57,5.90,VMS 2,,Tanque,,2.94,2.46,2.10,0.60,2.89,3.17,2.90,0.16
09/09/2025 12:21 a. m.,Ordeño,08:18,3.98,1,,,"DD,TI","DD,TI,TD",0,,2.16,0.00,0.00,0.00,0,0,0,0,4.60,0.00,0.00,0.00,VMS 2,,Tanque,,3.06,0.00,0.00,0.00,3.98,0.00,0.00,0.00
09/09/2025 07:19 a. m.,Ordeño,08:03,16.44,2,,TD,,TD,0,TD,2.16,2.16,1.86,0.60,0,0,0,0,4.74,4.77,4.98,6.10,VMS 2,,Tanque,,2.82,2.70,2.40,1.14,3.18,6.30,6.83,0.13
09/09/2025 05:29 p. m.,Ordeño,06:50,13.11,3,,,,TD,0,,2.28,2.28,1.92,0.00,0,0,0,0,4.93,4.48,4.86,0.00,VMS 2,,Tanque,,2.88,2.82,2.40,0.00,4.47,4.29,4.35,0.00
10/09/2025 11:57 a. m.,Ordeño,10:28,12.31,2,,,,,0,TD,2.22,2.10,1.74,0.24,0,0,0,0,4.92,4.86,4.99,6.16,VMS 2,,Tanque,,3.00,2.70,2.28,0.66,4.00,4.10,4.01,0.20
10/09/2025 10:55 p. m.,Ordeño,07:42,14.67,3,,,,,0,TD,2.34,2.10,1.68,0.60,0,0,0,0,4.79,4.99,4.99,5.63,VMS 2,,Tanque,,3.00,2.82,2.16,1.14,4.75,5.01,4.60,0.31
11/09/2025 07:43 a. m.,Ordeño,10:42,11.18,1,,,,TD,0,,2.16,2.22,1.80,0.12,0,0,0,0,4.64,4.60,4.87,4.56,VMS 2,,Tanque,,2.70,2.94,2.34,0.30,3.69,3.76,3.65,0.08
11/09/2025 08:47 p. m.,Ordeño,08:21,17.36,2,,,,,0,TD,2.22,2.16,1.86,0.66,0,0,0,0,5.10,4.94,5.14,6.30,VMS 2,,Tanque,,2.76,3.00,2.28,1.26,5.53,5.92,5.61,0.30
12/09/2025 09:09 a. m.,Ordeño,09:36,8.25,1,,DI,TI,"TI,TD",0,,2.22,2.22,0.00,0.00,0,0,0,0,4.61,4.60,0.00,0.00,VMS 2,,Tanque,,3.12,2.82,0.00,0.00,3.23,5.02,0.00,0.00
13/09/2025 05:27 a. m.,Ordeño,11:43,14.85,1,,DI,,,0,,2.34,2.04,1.74,0.84,0,0,0,0,4.84,4.88,4.78,3.75,VMS 2,,Tanque,,3.18,2.64,2.28,1.80,4.06,5.34,4.61,0.84
13/09/2025 12:46 p. m.,Ordeño,09:03,9.87,2,,DI,,TD,0,,2.22,1.86,1.86,0.18,0,0,0,0,4.77,4.56,4.88,5.23,VMS 2,,Tanque,,2.94,2.58,2.40,0.42,3.07,3.73,2.97,0.10
13/09/2025 11:32 p. m.,Ordeño,07:07,12.98,3,,TI,,TD,0,,2.28,1.92,1.86,0.00,0,0,0,0,4.92,4.70,5.02,0.00,VMS 2,,Tanque,,2.82,2.58,2.76,0.00,4.86,4.46,3.66,0.00
15/09/2025 03:55 a. m.,Ordeño,07:39,13.04,1,,,,TD,0,TD,2.22,1.92,1.74,0.48,0,0,0,0,5.10,4.84,4.80,6.70,VMS 2,,Tanque,,2.88,2.64,2.28,0.78,4.07,4.83,3.96,0.18
15/09/2025 11:01 a. m.,Ordeño,09:52,10.10,2,,,,,0,TD,2.28,1.80,1.80,0.36,0,0,0,0,4.62,4.52,4.62,6.90,VMS 2,,Tanque,,2.82,2.34,2.40,0.96,3.28,3.51,3.09,0.22
15/09/2025 06:30 p. m.,Ordeño,09:00,10.40,3,,,,TD,0,,2.10,1.68,1.80,0.18,0,0,0,0,4.87,4.73,4.82,5.49,VMS 2,,Tanque,,3.06,2.34,2.88,0.48,3.25,3.66,3.31,0.18
16/09/2025 03:53 a. m.,Ordeño,09:21,11.90,1,,DI,,,0,,2.28,1.74,1.92,0.24,0,0,0,0,5.21,5.19,5.48,5.36,VMS 2,,Tanque,,3.66,2.34,2.58,0.66,3.24,4.43,4.02,0.21
16/09/2025 01:08 p. m.,Ordeño,09:08,13.74,2,,,,,0,TD,2.34,1.80,2.10,0.36,0,0,0,0,4.92,4.79,5.02,6.57,VMS 2,,Tanque,,2.94,2.40,2.70,0.90,4.53,4.73,4.18,0.30
17/09/2025 06:11 a. m.,Ordeño,09:45,4.98,1,,,TI,"TI,TD",0,TD,1.74,1.92,0.00,0.12,0,0,0,0,4.39,4.40,0.00,5.76,VMS 2,,Tanque,,2.58,2.70,0.00,0.30,2.35,2.51,0.00,0.12
17/09/2025 11:42 a. m.,Ordeño,06:01,8.54,2,,,,TD,0,,1.92,1.68,1.86,0.00,0,0,0,0,4.53,4.31,5.02,0.00,VMS 2,,Tanque,,2.52,2.28,2.76,0.00,1.85,2.11,4.58,0.00
18/09/2025 12:14 a. m.,Ordeño,10:49,14.65,1,,,,,0,TD,1.86,1.92,1.86,0.48,0,0,0,0,4.79,4.74,4.86,6.57,VMS 2,,Tanque,,2.70,2.76,2.34,1.02,4.69,5.07,4.66,0.23
18/09/2025 10:47 p. m.,Ordeño,08:26,12.75,3,,TI,,TD,0,,2.46,1.86,1.80,0.00,0,0,0,0,4.93,4.85,5.13,0.00,VMS 2,,Tanque,,3.06,2.58,2.28,0.00,4.43,4.51,3.81,0.00
19/09/2025 07:30 a. m.,Ordeño,09:00,9.65,1,,"DI,TI",,,0,,1.92,2.04,1.86,0.30,0,0,0,0,5.18,5.21,5.38,2.79,VMS 2,,Tanque,,3.12,2.70,2.40,0.78,2.61,3.14,3.55,0.35
20/09/2025 11:20 p. m.,Ordeño,10:05,12.45,3,,,,TD,0,TD,2.28,1.92,1.86,0.24,0,0,0,0,4.72,4.84,4.99,5.63,VMS 2,,Tanque,,2.88,2.64,2.46,0.60,4.12,4.28,3.89,0.16
21/09/2025 10:15 a. m.,Ordeño,08:40,14.85,1,,,,,0,TD,2.22,1.92,1.92,0.36,0,0,0,0,5.03,4.93,5.12,6.63,VMS 2,,Tanque,,2.88,2.70,2.40,0.72,4.54,5.09,4.94,0.28
21/09/2025 07:42 p. m.,Ordeño,08:51,11.56,2,,,,,0,TD,2.16,1.86,1.50,0.30,0,0,0,0,4.69,4.65,4.80,6.70,VMS 2,,Tanque,,2.82,2.40,2.04,0.60,3.60,3.90,3.83,0.23
22/09/2025 03:49 a. m.,Ordeño,08:36,10.71,1,,,,TD,0,TD,2.22,1.92,1.86,0.18,0,0,0,0,4.64,4.81,5.07,5.70,VMS 2,,Tanque,,2.94,2.40,2.28,0.30,3.43,3.67,3.49,0.12
22/09/2025 12:21 p. m.,Ordeño,08:28,11.97,2,,TI,,,0,,2.28,1.86,1.86,0.90,0,0,0,0,4.90,4.82,5.01,4.84,VMS 2,,Tanque,,3.06,2.40,2.46,1.50,3.86,4.10,2.59,1.42
22/09/2025 11:10 p. m.,Ordeño,07:55,15.24,3,,,,,0,TD,2.22,1.98,1.86,0.30,0,0,0,0,4.98,4.99,5.00,6.70,VMS 2,,Tanque,,3.00,2.70,2.52,0.66,4.78,5.30,4.92,0.24
23/09/2025 06:40 a. m.,Ordeño,06:30,10.29,1,,,,TD,0,,2.22,1.92,1.62,0.00,0,0,0,0,4.90,4.84,5.06,0.00,VMS 2,,Tanque,,2.76,2.52,2.10,0.00,3.29,3.59,3.41,0.00
23/09/2025 04:36 p. m.,Ordeño,06:14,14.05,2,,,,,0,TD,2.28,1.86,1.86,0.66,0,0,0,0,5.06,4.88,5.13,7.84,VMS 2,,Tanque,,2.88,2.46,2.34,1.20,4.53,4.77,4.43,0.32
24/09/2025 09:09 a. m.,Ordeño,10:35,7.85,2,,,TI,"TI,TD",0,,2.10,1.38,0.00,0.00,0,0,0,0,4.89,4.72,0.00,0.00,VMS 2,,Tanque,,3.00,2.16,0.00,0.00,4.16,3.69,0.00,0.00
24/09/2025 05:29 p. m.,Ordeño,08:04,15.57,3,,TD,,,0,TD,2.04,1.74,2.10,2.58,0,0,0,0,4.64,4.46,4.82,5.83,VMS 2,,Tanque,,3.30,2.64,2.64,4.44,3.78,4.00,7.32,0.47
25/09/2025 12:04 p. m.,Ordeño,08:40,11.06,2,,,,TD,0,,2.04,1.92,2.10,0.18,0,0,0,0,4.92,4.77,5.10,4.82,VMS 2,,Tanque,,2.82,2.58,2.70,0.48,3.45,3.90,3.56,0.15
25/09/2025 07:31 p. m.,Ordeño,05:52,10.13,3,,,,,0,TD,1.98,1.74,1.92,0.42,0,0,0,0,4.87,4.71,4.96,7.10,VMS 2,,Tanque,,2.52,2.34,2.52,1.08,3.19,3.42,3.22,0.30
26/09/2025 03:03 p. m.,Ordeño,07:17,7.98,2,,,,TD,0,TD,2.04,1.74,1.50,0.24,0,0,0,0,4.60,4.61,4.86,5.76,VMS 2,,Tanque,,2.64,2.28,1.92,0.66,2.44,2.86,2.52,0.16
27/09/2025 12:43 a. m.,Ordeño,09:22,10.07,1,,,,TD,0,,2.04,1.80,1.92,0.12,0,0,0,0,4.88,4.84,5.24,5.56,VMS 2,,Tanque,,2.58,2.52,2.34,0.24,3.02,3.55,3.41,0.09
27/09/2025 08:44 a. m.,Ordeño,08:11,8.52,2,,,,TD,0,TD,1.92,1.86,1.86,0.06,0,0,0,0,4.55,4.72,4.84,5.76,VMS 2,,Tanque,,2.88,2.46,2.70,0.18,2.80,3.02,2.64,0.06
27/09/2025 06:33 p. m.,Ordeño,07:18,10.88,3,,DI,,,0,TD,2.04,1.92,1.86,0.30,0,0,0,0,4.69,4.85,5.14,6.03,VMS 2,,Tanque,,3.18,2.76,2.58,0.78,2.73,3.92,3.98,0.25
28/09/2025 01:56 a. m.,Ordeño,10:26,10.19,1,,,,TD,0,,1.98,1.74,1.38,0.00,0,0,0,0,4.89,4.86,4.79,0.00,VMS 2,,Tanque,,2.70,2.28,1.98,0.00,3.96,3.18,3.05,0.00
28/09/2025 09:32 a. m.,Ordeño,08:17,10.59,2,,,,TD,0,,2.10,1.80,1.98,0.00,0,0,0,0,4.90,5.06,5.29,0.00,VMS 2,,Tanque,,2.88,2.34,2.58,0.00,3.38,3.77,3.44,0.00
28/09/2025 05:31 p. m.,Ordeño,07:30,11.07,3,,,,,0,,2.16,1.86,1.74,0.42,0,0,0,0,5.03,5.08,5.09,3.97,VMS 2,,Tanque,,2.70,2.40,2.22,1.08,3.35,3.80,3.61,0.31
29/09/2025 01:35 p. m.,Ordeño,08:09,10.71,2,,,,TD,0,,1.98,1.98,1.86,0.18,0,0,0,0,4.61,4.75,4.91,5.36,VMS 2,,Tanque,,2.70,2.70,2.40,0.42,3.31,3.77,3.49,0.14
29/09/2025 10:22 p. m.,Ordeño,08:59,11.43,3,,,,TD,0,,2.16,1.86,1.62,0.00,0,0,0,0,5.03,4.99,5.04,0.00,VMS 2,,Tanque,,2.76,2.58,2.40,0.00,3.72,3.96,3.75,0.00
30/09/2025 07:42 a. m.,Ordeño,08:23,14.37,1,,TI,,,0,TD,2.22,2.10,2.04,0.42,0,0,0,0,4.50,5.00,4.93,6.77,VMS 2,,Tanque,,3.24,2.88,2.88,0.72,4.80,4.94,4.37,0.26
30/09/2025 05:03 p. m.,Ordeño,09:52,12.65,2,,,,TD,0,,2.22,1.80,1.92,0.00,0,0,0,0,4.84,4.87,5.07,0.00,VMS 2,,Tanque,,3.42,2.28,2.58,0.00,4.05,4.37,4.23,0.00
01/10/2025 07:00 p. m.,Ordeño,09:16,11.10,3,,,,TD,0,,2.04,1.86,1.86,0.00,0,0,0,0,4.58,4.46,5.04,0.00,VMS 2,,Tanque,,3.30,2.52,2.46,0.00,3.49,3.81,3.80,0.00
02/10/2025 01:59 a. m.,Ordeño,06:55,9.81,1,,,,,0,TD,2.10,1.98,1.80,0.66,0,0,0,0,4.70,4.70,5.02,7.50,VMS 2,,Tanque,,2.70,2.46,2.40,1.08,3.02,3.51,2.98,0.30
02/10/2025 09:34 a. m.,Ordeño,08:28,9.10,2,,,,TD,0,,2.04,1.98,1.80,0.00,0,0,0,0,4.55,4.61,4.86,0.00,VMS 2,,Tanque,,3.18,2.70,2.34,0.00,2.83,3.28,2.99,0.00
02/10/2025 07:52 p. m.,Ordeño,08:58,11.86,3,,,,,0,TD,1.98,1.80,1.86,0.54,0,0,0,0,4.76,4.67,5.04,6.57,VMS 2,,Tanque,,2.82,2.82,2.52,1.20,3.67,4.06,3.81,0.32
03/10/2025 05:23 a. m.,Ordeño,09:57,11.67,1,,DI,,TD,0,,2.10,1.92,1.98,0.00,0,0,0,0,4.83,4.95,4.95,0.00,VMS 2,,Tanque,,3.00,2.52,2.64,0.00,3.20,4.35,4.12,0.00
03/10/2025 02:59 p. m.,Ordeño,07:38,12.81,2,,,,TD,0,,2.28,1.92,1.56,0.00,0,0,0,0,4.63,4.78,4.81,0.00,VMS 2,,Tanque,,2.88,2.46,2.22,0.00,4.46,4.31,4.04,0.00
05/10/2025 07:26 a. m.,Ordeño,08:53,14.92,1,,,,TD,0,,2.10,1.98,1.86,0.18,0,0,0,0,5.13,4.96,5.28,5.36,VMS 2,,Tanque,,2.76,2.58,2.40,0.30,4.36,4.73,5.69,0.14
05/10/2025 04:13 p. m.,Ordeño,08:16,11.04,2,,DI,,,0,TD,2.16,1.92,1.98,0.24,0,0,0,0,4.84,4.76,5.03,6.23,VMS 2,,Tanque,,3.42,2.58,2.58,0.54,2.95,4.11,3.72,0.26
06/10/2025 01:50 a. m.,Ordeño,08:20,13.58,1,,TI,,,0,TD,1.98,2.04,1.80,0.36,0,0,0,0,5.05,4.72,5.09,7.04,VMS 2,,Tanque,,2.82,2.94,2.40,0.72,5.15,4.65,3.57,0.21
06/10/2025 01:12 p. m.,Ordeño,08:00,15.13,2,,,,,0,,2.04,1.98,1.86,0.30,0,0,0,0,4.94,4.85,4.85,5.36,VMS 2,,Tanque,,3.36,2.64,2.28,0.66,4.65,5.11,5.15,0.22
07/10/2025 06:25 a. m.,Ordeño,08:10,12.92,2,,,,TD,0,,1.98,1.74,2.10,0.24,0,0,0,0,4.92,4.84,5.12,4.09,VMS 2,,Tanque,,2.46,2.34,2.70,0.48,2.85,3.15,6.83,0.09
07/10/2025 02:45 p. m.,Ordeño,08:13,11.59,3,,,,TD,0,TD,1.98,1.98,1.92,0.24,0,0,0,0,4.92,4.83,4.81,5.70,VMS 2,,Tanque,,2.94,2.76,2.52,0.48,3.79,3.88,3.77,0.15
08/10/2025 01:27 a. m.,Ordeño,08:02,13.61,1,,DI,,,0,TD,2.40,1.80,2.04,0.36,0,0,0,0,4.80,4.86,5.00,5.90,VMS 2,,Tanque,,3.42,2.64,2.64,0.78,3.79,4.93,4.64,0.25
08/10/2025 11:17 a. m.,Ordeño,08:53,12.06,2,,"DI,TI",,TD,0,TD,2.10,2.10,1.74,0.48,0,0,0,0,4.79,4.92,4.99,6.57,VMS 2,,Tanque,,2.88,2.76,2.34,0.96,4.71,4.72,2.45,0.18
08/10/2025 11:34 p. m.,Ordeño,08:07,16.69,3,,,,TD,0,,2.16,2.04,2.10,0.00,0,0,0,0,4.72,4.84,5.12,0.00,VMS 2,,Tanque,,2.88,2.64,2.94,0.00,4.97,5.25,6.47,0.00
09/10/2025 10:41 a. m.,Ordeño,09:05,14.82,1,,DI,,,0,TD,2.34,2.04,1.80,0.36,0,0,0,0,5.06,4.94,4.99,6.57,VMS 2,,Tanque,,3.36,2.82,2.40,0.78,4.18,5.55,4.80,0.29
09/10/2025 07:18 p. m.,Ordeño,08:11,11.81,2,,,,TD,0,,2.10,1.86,1.68,0.24,0,0,0,0,4.85,4.76,4.84,5.36,VMS 2,,Tanque,,2.70,2.52,2.28,0.48,4.31,3.85,3.46,0.19
10/10/2025 05:36 a. m.,Ordeño,08:42,14.19,1,,,,TD,0,,2.28,2.28,1.80,0.18,0,0,0,0,4.92,4.88,5.05,5.49,VMS 2,,Tanque,,3.00,3.06,2.28,0.42,4.69,4.81,4.55,0.14
10/10/2025 01:19 p. m.,Ordeño,07:17,10.73,2,,,,TD,0,TD,2.16,1.86,1.80,0.24,0,0,0,0,4.70,4.75,5.04,6.03,VMS 2,,Tanque,,2.70,2.46,2.28,0.48,3.34,3.62,3.59,0.18
10/10/2025 11:38 p. m.,Ordeño,08:41,13.78,3,,TD,,,0,,2.22,1.92,1.98,0.30,0,0,0,0,4.72,4.86,5.02,5.23,VMS 2,,Tanque,,3.00,2.58,2.58,0.60,4.32,4.78,4.46,0.22
11/10/2025 06:53 p. m.,Ordeño,08:49,22.27,1,,,,TD,0,,2.40,1.92,1.92,0.00,0,0,0,0,4.97,5.15,5.04,0.00,VMS 2,,Tanque,,3.12,2.64,2.46,0.00,7.21,7.60,7.46,0.00
12/10/2025 04:31 p. m.,Ordeño,08:28,10.49,2,,,,,0,TD,2.28,1.74,1.80,0.24,0,0,0,0,4.84,5.09,5.26,6.37,VMS 2,,Tanque,,3.00,2.64,2.64,0.48,3.31,3.49,3.46,0.23
13/10/2025 12:07 a. m.,Ordeño,09:01,9.75,1,,,,TD,0,TD,2.10,1.80,1.56,0.18,0,0,0,0,4.92,5.10,5.12,5.76,VMS 2,,Tanque,,3.72,2.46,2.16,0.42,3.14,3.36,3.12,0.13
13/10/2025 12:37 p. m.,Ordeño,07:08,16.47,2,,TD,,,0,,2.28,2.10,1.86,0.42,0,0,0,0,4.96,5.31,5.31,5.23,VMS 2,,Tanque,,3.00,2.82,2.40,0.90,5.11,5.62,5.44,0.30
13/10/2025 09:59 p. m.,Ordeño,09:25,11.70,3,,,,TD,0,TD,2.16,1.92,1.74,0.12,0,0,0,0,4.75,4.91,4.79,5.76,VMS 2,,Tanque,,2.70,2.70,2.34,0.36,3.77,4.12,3.68,0.13
14/10/2025 04:44 a. m.,Ordeño,09:01,7.47,1,,,,TD,0,,1.98,1.92,1.68,0.00,0,0,0,0,4.96,4.99,4.89,0.00,VMS 2,,Tanque,,2.70,2.70,2.46,0.00,2.35,2.44,2.68,0.00
14/10/2025 12:42 p. m.,Ordeño,08:07,6.84,2,,DI,TI,"TI,TD",0,,2.16,2.16,0.00,0.00,0,0,0,0,5.15,5.16,0.00,0.00,VMS 2,,Tanque,,3.18,3.18,0.00,0.00,2.70,4.14,0.00,0.00
14/10/2025 09:38 p. m.,Ordeño,07:08,16.39,3,,,,TD,0,TD,2.40,1.80,2.28,0.30,0,0,0,0,4.96,4.91,5.25,5.90,VMS 2,,Tanque,,2.94,2.52,3.00,0.60,4.80,4.07,7.34,0.18
15/10/2025 08:00 a. m.,Ordeño,08:12,13.66,1,,,,,0,,2.10,2.10,1.56,0.42,0,0,0,0,4.96,4.95,4.36,5.23,VMS 2,,Tanque,,2.94,3.18,2.10,0.84,4.43,4.64,4.35,0.24
15/10/2025 05:00 p. m.,Ordeño,09:18,11.18,2,,,,,0,TD,2.22,2.04,1.62,0.54,0,0,0,0,4.82,4.77,4.85,6.16,VMS 2,,Tanque,,2.76,2.76,2.28,1.14,3.51,3.92,3.45,0.30
16/10/2025 04:47 a. m.,Ordeño,09:38,15.95,1,,,,,0,,2.52,2.16,1.98,0.30,0,0,0,0,4.87,4.82,4.98,5.43,VMS 2,,Tanque,,3.54,2.94,2.46,0.66,5.06,5.49,5.15,0.25
16/10/2025 11:13 a. m.,Ordeño,08:14,8.09,2,,,,TD,0,"DI,DD,TI",2.28,1.74,2.04,0.12,0,0,0,0,4.56,4.55,4.63,3.35,VMS 2,,Tanque,,2.94,2.22,2.52,0.30,2.45,2.90,2.63,0.11
16/10/2025 07:51 p. m.,Ordeño,09:37,11.23,3,,,,,0,,2.04,2.04,1.86,0.78,0,0,0,0,4.91,4.90,5.12,2.48,VMS 2,,Tanque,,2.88,2.88,2.40,1.62,3.62,3.82,3.54,0.25
17/10/2025 02:41 a. m.,Ordeño,08:49,9.27,1,,,,,0,TD,2.10,2.10,1.86,0.48,0,0,0,0,4.84,4.91,5.05,5.76,VMS 2,,Tanque,,2.70,2.88,2.34,1.02,2.91,3.14,2.97,0.25
17/10/2025 11:06 a. m.,Ordeño,08:30,11.96,2,,,,,0,,2.34,2.10,2.16,0.30,0,0,0,0,5.12,4.98,4.96,5.09,VMS 2,,Tanque,,3.00,2.70,2.76,0.60,3.82,4.04,3.90,0.20
18/10/2025 12:11 a. m.,Ordeño,08:57,17.38,1,,,,TD,0,,2.22,2.10,1.98,0.00,0,0,0,0,4.86,4.91,5.09,0.00,VMS 2,,Tanque,,3.18,2.82,2.64,0.00,5.59,6.10,5.69,0.00
18/10/2025 09:32 a. m.,Ordeño,10:44,13.35,2,,,,,0,TD,1.98,1.92,2.04,0.84,0,0,0,0,4.48,4.77,4.90,7.37,VMS 2,,Tanque,,3.30,2.52,2.64,1.26,4.45,4.35,4.07,0.48
18/10/2025 06:08 p. m.,Ordeño,10:43,11.18,3,,,,TD,0,TD,1.98,2.04,1.68,0.24,0,0,0,0,4.62,4.69,4.77,5.63,VMS 2,,Tanque,,3.00,2.70,2.34,0.42,3.46,3.96,3.63,0.13
19/10/2025 07:18 a. m.,Ordeño,10:58,16.87,1,,,,TD,0,,2.16,1.98,1.98,0.00,0,0,0,0,4.66,4.89,5.01,0.00,VMS 2,,Tanque,,3.06,2.70,2.64,0.00,5.54,5.84,5.49,0.00
11/10/2024 10:10 p. m.,Rechazada,00:00,,,,,,,,,,,,,,,,,,,,,VMS 3,,,,,,,,,,,
13/10/2024 04:35 p. m.,Rechazada,00:00,,,,,,,,,,,,,,,,,,,,,VMS 3,,,,,,,,,,,
16/10/2024 09:26 a. m.,Rechazada,00:00,,,,,,,,,,,,,,,,,,,,,VMS 3,,,,,,,,,,,
20/10/2024 01:53 a. m.,Rechazada,00:00,,,,,,,,,,,,,,,,,,,,,VMS 3,,,,,,,,,,,
20/10/2024 01:09 p. m.,Rechazada,00:00,,,,,,,,,,,,,,,,,,,,,VMS 3,,,,,,,,,,,
20/10/2024 04:42 p. m.,Rechazada,00:00,,,,,,,,,,,,,,,,,,,,,VMS 3,,,,,,,,,,,
21/10/2024 12:39 p. m.,Rechazada,00:00,,,,,,,,,,,,,,,,,,,,,VMS 3,,,,,,,,,,,
22/10/2024 05:01 a. m.,Rechazada,00:00,,,,,,,,,,,,,,,,,,,,,VMS 3,,,,,,,,,,,
22/10/2024 03:07 p. m.,Rechazada,00:00,,,,,,,,,,,,,,,,,,,,,VMS 3,,,,,,,,,,,
22/03/2025 08:40 a. m.,Echada sin ordeñar,22:16,,,,,,,,,,,,,,,,,,,,,VMS 3,,,,,,,,,,,
10/06/2025 04:56 p. m.,Rechazada,00:00,,,,,,,,,,,,,,,,,,,,,VMS 3,,,,,,,,,,,
03/08/2025 03:03 a. m.,Rechazada,00:00,,,,,,,,,,,,,,,,,,,,,VMS 2,,,,,,,,,,,
13/08/2025 07:48 a. m.,Rechazada,00:00,,,,,,,,,,,,,,,,,,,,,VMS 2,,,,,,,,,,,
18/08/2025 02:59 a. m.,Rechazada,00:00,,,,,,,,,,,,,,,,,,,,,VMS 2,,,,,,,,,,,
03/09/2025 06:56 a. m.,Rechazada,00:00,,,,,,,,,,,,,,,,,,,,,VMS 2,,,,,,,,,,,
04/09/2025 01:16 p. m.,Rechazada,00:00,,,,,,,,,,,,,,,,,,,,,VMS 2,,,,,,,,,,,
12/09/2025 02:53 a. m.,Rechazada,00:00,,,,,,,,,,,,,,,,,,,,,VMS 2,,,,,,,,,,,
16/09/2025 05:42 p. m.,Rechazada,00:00,,,,,,,,,,,,,,,,,,,,,VMS 2,,,,,,,,,,,
28/09/2025 08:45 p. m.,Rechazada,00:00,,,,,,,,,,,,,,,,,,,,,VMS 2,,,,,,,,,,,
30/09/2025 09:04 p. m.,Rechazada,00:00,,,,,,,,,,,,,,,,,,,,,VMS 2,,,,,,,,,,,
10/10/2025 01:04 a. m.,Rechazada,00:00,,,,,,,,,,,,,,,,,,,,,VMS 2,,,,,,,,,,,
13/10/2025 03:34 a. m.,Rechazada,00:00,,,,,,,,,,,,,,,,,,,,,VMS 2,,,,,,,,,,,
15/10/2025 10:00 p. m.,Rechazada,00:00,,,,,,,,,,,,,,,,,,,,,VMS 2,,,,,,,,,,,
16/10/2025 09:52 p. m.,Rechazada,00:00,,,,,,,,,,,,,,,,,,,,,VMS 2,,,,,,,,,,,
