Main,,,,Estado,,,,,Estado AMD,,Media de los flujos (kg/min),,,,Sangre (ppm),,,,Conductividad (mS / cm),,,,Misc,,,,Flujos máximos (kg/min),,,,Producciones (kg),,,
Hora de inicio,Acción,Duración (mm:ss),Producción (kg),Número de ordeño,RCS (* 1000 células / ml),Patada,Incompleto,Pezones no encontrados,Ubre,Pezón,DI,DD,TI,TD,DI,DD,TI,TD,DI,DD,TI,TD,EO/PO,Usuario,Destino Leche,Razón de la desviación,DI,DD,TI,TD,DI,DD,TI,TD
17/07/2024 06:43 a. m.,Ordeño,11:03,15.44,1,,,,,1,,0.84,1.08,1.02,1.08,453,0,0,0,4.69,4.43,4.22,4.21,VMS 3,,Tanque,,1.14,1.62,1.50,1.50,1.73,3.70,5.08,4.93
18/07/2024 09:08 a. m.,Ordeño,09:35,13.85,1,,,,,1,,0.72,1.02,1.26,1.20,0,0,0,0,4.84,4.55,4.38,4.40,VMS 3,,Tanque,,1.20,1.56,1.68,1.56,1.29,3.37,4.63,4.56
19/07/2024 01:30 a. m.,Ordeño,06:20,8.53,1,,,,,1,,0.72,1.02,1.26,1.26,0,0,0,0,4.42,4.15,4.15,4.03,VMS 3,,Tanque,,1.26,1.38,1.62,1.56,0.85,2.08,2.81,2.79
19/07/2024 03:32 p. m.,Ordeño,10:32,9.47,2,,,,,1,DI,0.78,1.14,1.20,1.20,0,0,0,0,5.26,4.55,4.51,4.43,VMS 3,,Tanque,,1.08,1.62,1.68,1.74,0.90,2.17,3.35,3.05
20/07/2024 05:29 a. m.,Ordeño,06:38,10.39,1,,,,,1,,0.78,1.20,1.20,1.26,0,0,0,0,5.14,4.63,4.59,4.54,VMS 3,,Tanque,,1.14,1.74,1.56,1.56,0.99,2.49,3.47,3.44
20/07/2024 09:51 p. m.,Ordeño,06:33,12.11,2,,,,,1,,0.78,1.26,1.26,1.20,0,0,0,0,5.21,4.71,4.66,4.65,VMS 3,,Tanque,,1.26,1.80,1.68,1.56,1.23,2.97,4.18,3.73
21/07/2024 03:40 p. m.,Ordeño,08:00,8.88,1,,,TD,TD,1,,0.96,1.26,1.38,0.00,0,0,0,0,5.06,4.57,4.47,0.00,VMS 3,,Tanque,,1.38,1.80,1.80,0.00,1.29,3.30,4.29,0.00
22/07/2024 07:35 p. m.,Ordeño,10:42,14.90,1,,,,,1,,1.08,1.32,1.44,1.08,0,0,0,0,5.00,4.89,4.63,4.64,VMS 3,,Tanque,,1.62,1.80,1.92,1.56,1.45,3.92,4.94,4.59
23/07/2024 08:25 a. m.,Ordeño,05:19,10.00,1,,,,,1,,1.02,1.08,1.50,1.20,0,0,0,0,5.01,4.62,4.56,4.51,VMS 3,,Tanque,,1.44,1.56,1.86,1.50,0.94,2.46,3.31,3.29
24/07/2024 11:50 p. m.,Ordeño,05:13,14.00,1,,,,,1,"DI,DD",1.14,1.38,1.56,1.32,0,0,0,0,6.04,5.55,4.65,4.60,VMS 3,,Tanque,,1.80,1.86,1.98,1.74,2.08,4.01,4.20,3.71
26/07/2024 01:46 a. m.,Ordeño,11:04,15.56,1,,,,,1,DI,1.08,1.26,1.50,1.14,381,0,0,0,5.80,5.31,4.62,5.11,VMS 3,,Tanque,,1.50,1.62,1.92,1.50,1.90,3.91,4.07,5.68
26/07/2024 04:50 p. m.,Ordeño,04:45,8.99,2,,,,,1,,0.96,1.32,1.44,1.26,679,0,0,0,4.99,4.45,4.42,4.29,VMS 3,,Tanque,,1.38,1.80,1.74,1.62,0.99,1.99,3.21,2.80
27/07/2024 06:25 a. m.,Ordeño,05:58,9.33,1,,,,,1,,0.96,1.20,1.56,1.20,565,0,0,0,5.01,4.50,4.40,4.58,VMS 3,,Tanque,,1.38,1.56,1.98,1.50,1.06,2.18,3.07,3.02
27/07/2024 11:11 p. m.,Ordeño,05:04,11.68,2,,,,,1,DI,0.96,1.26,1.56,1.26,0,0,0,0,5.21,4.61,4.42,4.51,VMS 3,,Tanque,,1.56,1.68,1.92,1.68,1.36,3.02,3.51,3.79
28/07/2024 01:33 p. m.,Ordeño,06:37,11.12,1,,,,,1,DI,1.02,1.38,1.56,1.32,0,0,0,0,5.42,4.62,4.71,4.81,VMS 3,,Tanque,,1.44,1.86,1.98,1.74,1.27,2.67,3.80,3.38
29/07/2024 04:21 p. m.,Ordeño,07:26,14.86,1,,,,,1,DI,1.08,1.32,1.50,1.26,0,0,0,0,5.76,4.81,4.74,4.78,VMS 3,,Tanque,,1.56,1.74,1.86,1.62,2.22,3.48,4.55,4.61
30/07/2024 05:29 p. m.,Ordeño,08:54,16.10,1,,,,,1,,1.02,1.32,1.56,1.20,0,0,0,0,5.58,5.10,4.85,5.04,VMS 3,,Tanque,,1.50,1.80,1.98,1.50,2.23,4.28,4.77,4.82
31/07/2024 02:07 p. m.,Ordeño,05:25,12.29,1,,,,,1,"DD,TD",1.08,1.26,1.56,1.14,0,0,0,0,3.61,4.88,4.67,4.80,VMS 3,,Tanque,,1.44,1.62,1.92,1.56,1.84,3.15,3.96,3.34
01/08/2024 05:39 a. m.,Ordeño,07:25,12.03,1,,,,,1,,1.02,1.02,1.56,1.14,349,0,0,0,5.36,4.78,4.67,4.76,VMS 3,,Tanque,,1.44,1.50,1.98,1.68,1.20,2.85,4.06,3.92
01/08/2024 07:02 p. m.,Ordeño,06:18,10.54,2,,,,,1,,1.02,1.14,1.50,1.20,0,0,0,0,5.06,4.71,4.62,4.71,VMS 3,,Tanque,,1.56,1.56,1.86,1.62,0.99,2.45,3.53,3.57
02/08/2024 08:18 a. m.,Ordeño,05:08,10.76,1,,,,,1,,1.02,1.08,1.56,1.32,547,0,0,0,5.21,4.66,4.63,4.66,VMS 3,,Tanque,,1.56,1.56,1.92,1.62,0.90,2.65,3.65,3.56
03/08/2024 12:02 a. m.,Ordeño,06:52,8.46,1,,,TD,TD,1,DI,1.02,1.20,1.62,0.00,368,0,0,0,5.33,4.67,4.57,0.00,VMS 3,,Tanque,,1.38,1.62,2.16,0.00,1.34,2.90,4.22,0.00
04/08/2024 01:44 a. m.,Ordeño,08:27,9.04,1,,,TD,TD,1,,1.08,1.14,1.62,0.00,379,0,0,0,5.19,4.84,4.56,0.00,VMS 3,,Tanque,,1.38,1.50,2.10,0.00,1.23,3.58,4.23,0.00
04/08/2024 08:13 p. m.,Ordeño,05:16,8.52,3,,DD,DD,,1,,1.02,0.42,1.56,1.20,480,0,0,0,5.00,1.14,4.60,4.58,VMS 3,,Tanque,,1.38,0.96,1.92,1.56,1.08,0.31,3.46,3.67
06/08/2024 07:23 a. m.,Ordeño,04:51,8.35,1,,,TD,TD,1,,0.90,1.08,1.50,0.00,0,0,0,0,4.85,4.63,4.44,0.00,VMS 3,,Tanque,,1.32,1.44,1.86,0.00,1.32,3.15,3.88,0.00
06/08/2024 03:45 p. m.,Ordeño,07:05,9.77,2,,,,,1,,0.78,1.02,1.38,1.14,0,0,0,0,4.59,4.39,4.42,4.63,VMS 3,,Tanque,,1.14,1.44,1.74,1.44,0.75,1.74,2.38,4.90
09/08/2024 12:49 p. m.,Ordeño,05:57,12.07,1,,,,,1,,0.96,1.08,1.56,1.20,0,0,0,0,4.92,4.58,4.56,4.57,VMS 3,,Tanque,,1.32,1.44,2.22,1.50,1.20,2.97,3.95,3.95
10/08/2024 02:41 a. m.,Ordeño,06:27,12.84,1,,,,,1,,1.02,1.02,1.68,1.08,0,0,0,0,4.45,4.48,4.13,4.42,VMS 3,,Tanque,,1.44,1.44,2.10,1.56,1.32,3.24,4.05,4.23
11/08/2024 01:22 a. m.,Ordeño,06:24,16.27,1,,,,,1,,1.08,1.20,1.62,1.32,0,0,0,0,5.30,5.18,4.48,4.93,VMS 3,,Tanque,,1.44,1.62,2.28,1.68,1.81,3.93,5.16,5.37
11/08/2024 01:48 p. m.,Ordeño,05:59,11.53,2,,,,,1,,0.96,1.08,1.32,1.14,0,0,0,0,5.16,4.79,4.45,4.70,VMS 3,,Tanque,,1.38,1.56,1.68,1.50,1.17,2.65,4.02,3.69
12/08/2024 12:56 a. m.,Ordeño,07:19,6.53,1,,,TD,TD,1,,0.96,1.02,1.32,0.00,628,0,0,0,4.76,4.57,4.44,0.00,VMS 3,,Tanque,,1.38,1.38,1.92,0.00,1.13,2.54,2.86,0.00
15/08/2024 03:58 a. m.,Ordeño,05:39,14.46,1,,,,,1,,0.96,1.32,1.50,1.32,0,0,0,0,5.19,4.98,4.51,4.75,VMS 3,,Tanque,,1.38,1.80,1.98,1.62,1.65,4.17,4.09,4.55
15/08/2024 04:09 p. m.,Ordeño,05:22,11.90,2,,,,,1,,0.96,1.08,1.44,1.26,0,0,0,0,5.00,4.79,4.50,4.61,VMS 3,,Tanque,,1.38,1.38,1.86,1.50,1.16,2.75,4.11,3.88
20/08/2024 01:03 a. m.,Ordeño,06:27,15.37,1,,,,,1,,1.14,1.26,1.62,1.32,347,0,0,0,5.09,5.05,4.61,5.08,VMS 3,,Tanque,,1.56,1.74,2.04,1.68,1.72,3.94,4.31,5.40
20/08/2024 02:26 p. m.,Ordeño,10:10,13.50,2,,,,,1,,1.02,1.14,1.62,1.20,451,0,0,0,4.48,4.63,4.60,4.71,VMS 3,,Tanque,,1.44,1.62,2.04,1.68,1.31,3.30,4.36,4.53
24/08/2024 09:34 a. m.,Ordeño,08:00,9.53,1,,,TD,TD,1,,1.08,1.14,1.68,0.00,0,0,0,0,4.52,4.86,4.60,0.00,VMS 3,,Tanque,,1.44,1.56,2.22,0.00,1.49,3.78,4.26,0.00
25/08/2024 12:36 a. m.,Ordeño,06:24,14.25,1,,,,,1,,1.02,1.14,1.68,1.20,0,0,0,0,4.65,4.63,4.38,4.97,VMS 3,,Tanque,,1.50,1.56,2.04,1.56,1.42,3.79,4.35,4.69
26/08/2024 11:39 p. m.,Ordeño,06:05,16.45,2,,,,,1,,1.08,1.14,1.68,1.26,0,0,0,0,3.68,4.45,4.43,4.25,VMS 3,,Tanque,,1.50,1.62,2.16,1.74,1.82,3.90,5.70,5.03
27/08/2024 02:02 p. m.,Ordeño,08:21,15.76,1,,,,,1,,1.02,1.08,1.62,1.32,0,0,0,0,4.19,4.47,4.25,4.45,VMS 3,,Tanque,,1.50,1.50,2.04,1.74,1.63,3.66,5.30,5.17
28/08/2024 04:15 a. m.,Ordeño,06:55,16.09,1,,,,,1,,1.20,1.08,1.74,1.38,0,0,0,0,4.02,4.54,4.41,4.50,VMS 3,,Tanque,,2.22,1.44,2.10,1.86,1.70,3.87,5.04,5.48
28/08/2024 08:39 p. m.,Ordeño,08:19,17.75,2,,,,,1,,1.02,1.08,1.62,1.32,319,0,0,0,4.27,4.71,4.54,4.43,VMS 3,,Tanque,,1.50,1.44,2.04,1.68,1.92,4.20,5.53,6.10
30/08/2024 11:13 p. m.,Ordeño,07:26,16.30,2,,,,,1,,1.02,1.20,1.68,1.26,300,0,0,0,4.96,4.46,4.66,5.01,VMS 3,,Tanque,,1.50,1.50,1.98,1.62,1.70,4.11,5.20,5.29
31/08/2024 09:06 p. m.,Ordeño,07:59,18.96,1,,,,,1,,1.20,1.26,1.68,1.32,519,0,0,0,5.03,4.97,4.52,4.99,VMS 3,,Tanque,,1.56,1.68,2.10,1.68,2.21,4.45,6.07,6.23
01/09/2024 10:32 a. m.,Ordeño,07:53,10.27,1,,,TD,TD,1,,1.02,1.14,1.68,0.00,0,0,0,0,4.83,4.55,4.40,0.00,VMS 3,,Tanque,,1.44,1.68,2.16,0.00,1.62,3.40,5.25,0.00
02/09/2024 02:12 a. m.,Ordeño,08:50,17.00,1,,,,,1,,0.96,1.38,1.62,1.44,0,0,0,0,4.69,4.61,4.58,4.68,VMS 3,,Tanque,,1.38,1.80,2.10,1.74,1.65,4.05,6.06,5.24
02/09/2024 05:57 p. m.,Ordeño,05:56,17.41,2,,,,,1,,1.02,1.20,1.74,1.26,0,0,0,0,5.42,5.21,4.96,0.00,VMS 1,,Tanque,,1.50,1.68,2.34,1.68,1.66,4.14,6.45,5.16
09/09/2024 02:17 p. m.,Ordeño,08:07,17.61,1,,,,,1,,0.96,1.14,1.98,1.14,0,0,0,0,5.02,5.47,4.62,0.00,VMS 1,,Tanque,,1.32,1.56,2.64,1.56,1.61,4.48,6.23,5.29
20/09/2024 08:36 p. m.,Ordeño,09:41,17.48,2,,TD,,,1,,0.96,1.02,1.86,1.14,0,0,0,0,4.74,4.91,4.39,0.00,VMS 1,,Tanque,,1.32,1.44,2.46,1.68,1.60,4.17,6.68,5.03
29/09/2024 06:48 p. m.,Ordeño,11:43,19.87,1,,TD,,,1,,0.84,1.08,1.92,1.26,0,0,0,0,4.77,5.27,4.88,0.00,VMS 1,,Tanque,,1.20,1.44,2.58,1.62,1.94,5.22,7.46,5.25
02/10/2024 11:17 a. m.,Ordeño,08:39,19.22,1,,,,,1,DD,0.90,1.38,1.80,1.32,0,0,0,0,5.23,6.17,5.26,0.00,VMS 1,,Tanque,,1.44,1.92,2.40,1.74,1.84,5.19,6.56,5.63
05/11/2024 04:25 p. m.,Ordeño,07:13,18.41,1,,,,,1,,1.20,1.44,1.74,1.44,0,0,0,0,5.11,5.64,5.17,0.00,VMS 1,,Tanque,,1.56,1.80,2.28,1.92,1.88,4.26,5.89,6.38
26/11/2024 02:45 a. m.,Ordeño,06:12,18.36,1,,,,,1,,1.14,1.50,2.16,1.56,0,0,0,0,5.19,4.99,4.68,0.00,VMS 1,,Tanque,,1.56,1.92,2.82,1.92,1.62,3.94,6.43,6.37
10/01/2025 11:44 a. m.,Ordeño,06:37,20.22,1,,,,,1,,1.14,1.50,2.46,1.56,0,0,0,0,5.13,5.24,4.36,0.00,VMS 1,,Tanque,,1.50,1.92,3.06,1.98,1.99,4.45,7.35,6.43
15/01/2025 08:32 a. m.,Ordeño,06:43,19.59,1,,,,,1,,1.26,1.74,2.40,1.74,0,0,0,0,4.74,5.00,4.27,0.00,VMS 1,,Tanque,,1.74,2.28,3.12,2.52,1.75,4.58,6.69,6.57
03/03/2025 02:07 a. m.,Ordeño,06:24,21.03,1,,,,,1,,1.20,1.62,2.22,1.74,0,0,0,0,4.54,4.43,4.33,4.39,VMS 2,,Tanque,,1.68,2.22,2.94,2.46,1.71,4.77,7.13,7.42
13/03/2025 01:40 p. m.,Ordeño,06:05,19.34,1,,,,,1,DI,1.14,1.68,2.16,1.68,0,0,0,0,4.74,4.38,4.18,4.00,VMS 2,,Tanque,,1.62,2.22,2.76,2.28,2.23,4.16,6.84,6.11
04/08/2025 06:34 a. m.,Ordeño,04:20,5.95,2,,,,,1,DI,1.02,0.78,1.32,1.08,0,0,0,0,4.89,4.19,4.11,4.03,VMS 3,,Tanque,,1.38,1.50,2.10,1.62,1.77,0.96,1.64,1.58
26/09/2025 01:12 p. m.,Ordeño,05:15,14.63,2,,,,,1,DI,0.78,1.56,1.86,1.62,0,0,0,0,5.67,4.01,4.05,4.02,VMS 3,,Tanque,,1.38,2.10,2.22,2.10,0.96,3.11,5.34,5.22
16/07/2024 09:24 a. m.,Ordeño,08:27,11.14,1,,,,,0,DI,0.84,1.14,1.38,1.20,438,0,0,0,5.22,4.57,4.32,4.19,VMS 3,,Tanque,,1.38,1.56,1.86,1.56,1.23,2.85,3.57,3.49
21/07/2024 11:18 p. m.,Ordeño,06:55,7.94,2,,,,,0,,0.72,1.14,1.20,1.14,684,0,0,0,3.73,4.00,4.08,4.27,VMS 3,,Tanque,,1.32,1.50,1.80,1.62,0.50,1.37,1.78,4.29
23/07/2024 07:06 p. m.,Ordeño,04:32,8.60,2,,,,,0,,0.96,1.20,1.56,1.20,0,0,0,0,4.65,4.52,4.67,4.51,VMS 3,,Tanque,,1.44,1.62,1.86,1.50,0.82,2.11,2.89,2.78
03/08/2024 09:26 a. m.,Ordeño,07:11,10.12,2,,,,,0,,1.02,0.96,1.50,1.32,374,0,0,0,4.63,4.55,4.58,4.53,VMS 3,,Tanque,,1.38,1.32,1.92,1.74,0.84,1.97,2.45,4.86
04/08/2024 06:36 a. m.,Ordeño,07:30,7.20,2,,,,,0,,0.78,0.72,1.32,1.20,300,0,0,0,4.49,2.55,4.44,4.69,VMS 3,,Tanque,,1.20,0.90,1.68,1.50,0.37,0.81,1.54,4.48
05/08/2024 02:39 a. m.,Ordeño,06:21,8.37,1,,,,,0,,0.84,1.20,1.44,0.96,0,0,0,0,4.56,4.78,4.31,4.22,VMS 3,,Tanque,,1.26,1.56,1.86,1.32,0.58,4.03,1.94,1.82
05/08/2024 05:24 p. m.,Ordeño,10:42,11.62,2,,,,,0,,0.84,1.14,1.38,1.08,0,0,0,0,4.88,4.78,4.53,4.71,VMS 3,,Tanque,,1.26,1.56,1.80,1.38,1.08,3.36,3.00,4.18
07/08/2024 04:44 a. m.,Ordeño,07:32,11.99,1,,,,,0,,0.78,1.08,1.44,1.08,0,0,0,0,4.49,4.60,4.44,4.56,VMS 3,,Tanque,,1.20,1.50,1.86,1.56,1.14,2.98,4.19,3.68
07/08/2024 03:18 p. m.,Ordeño,05:52,9.52,2,,,,,0,,0.78,1.02,1.32,1.02,0,0,0,0,4.66,4.60,4.37,4.53,VMS 3,,Tanque,,1.14,1.38,1.62,1.44,0.88,2.36,3.26,3.02
07/08/2024 11:07 p. m.,Ordeño,04:45,6.99,3,,,,,0,,0.72,0.90,1.20,0.90,0,0,0,0,4.12,4.40,4.36,4.35,VMS 3,,Tanque,,1.08,1.26,1.50,1.26,0.67,1.71,2.40,2.21
08/08/2024 08:48 a. m.,Ordeño,05:31,9.29,1,,,,,0,,0.84,1.02,1.38,1.08,364,0,0,0,4.53,4.64,4.43,4.69,VMS 3,,Tanque,,1.26,1.44,1.74,1.50,0.81,2.28,3.23,2.97
08/08/2024 11:47 p. m.,Ordeño,09:44,14.56,2,,,,,0,,0.96,1.08,1.44,1.02,0,0,0,0,4.11,4.67,4.42,4.56,VMS 3,,Tanque,,1.38,1.56,1.80,1.44,1.53,3.62,4.92,4.49
12/08/2024 12:01 p. m.,Ordeño,07:28,12.68,2,,,,,0,,0.90,1.14,1.38,1.26,0,0,0,0,4.58,4.65,4.42,4.91,VMS 3,,Tanque,,1.38,1.50,1.74,1.62,1.06,2.69,3.54,5.39
12/08/2024 08:57 p. m.,Ordeño,06:20,6.40,3,,,TD,TD,0,,0.84,1.14,1.38,0.00,0,0,0,0,4.38,4.52,4.21,0.00,VMS 3,,Tanque,,1.20,1.56,1.74,0.00,0.94,2.26,3.20,0.00
13/08/2024 04:32 a. m.,Ordeño,06:36,10.98,1,,,,,0,,0.78,1.14,1.38,1.26,347,0,0,0,4.59,4.56,4.42,4.79,VMS 3,,Tanque,,1.26,1.50,1.68,1.68,0.84,1.94,2.74,5.46
13/08/2024 01:01 p. m.,Ordeño,05:15,8.88,2,,,,,0,,0.84,1.14,1.50,1.08,0,0,0,0,4.45,4.57,4.58,4.55,VMS 3,,Tanque,,1.38,1.62,1.98,1.44,0.91,2.24,3.00,2.73
13/08/2024 11:25 p. m.,Ordeño,06:21,10.03,3,,,,,0,,0.90,1.14,1.44,1.14,0,0,0,0,4.67,4.59,4.43,4.60,VMS 3,,Tanque,,1.26,1.50,1.92,1.50,0.92,2.51,3.43,3.17
14/08/2024 10:56 a. m.,Ordeño,05:19,12.24,1,,,,,0,,0.90,1.20,1.62,1.26,0,0,0,0,4.44,4.66,4.37,4.75,VMS 3,,Tanque,,1.32,1.62,1.98,1.62,1.13,3.05,4.15,3.91
16/08/2024 02:31 a. m.,Ordeño,06:49,10.69,1,,,,,0,,0.90,1.08,1.44,1.14,0,0,0,0,4.63,4.57,4.46,4.56,VMS 3,,Tanque,,1.26,1.44,1.80,1.50,1.02,2.52,3.61,3.54
16/08/2024 03:58 p. m.,Ordeño,07:01,13.21,2,,,,,0,,1.02,1.20,1.62,1.08,0,0,0,0,4.84,4.76,4.61,4.61,VMS 3,,Tanque,,1.44,1.56,1.98,1.56,1.21,3.37,4.07,4.56
17/08/2024 12:36 a. m.,Ordeño,07:34,8.58,1,,,,,0,,0.90,1.08,1.44,1.08,0,0,0,0,4.32,4.48,4.27,4.56,VMS 3,,Tanque,,1.38,1.44,1.74,1.56,0.88,2.10,2.83,2.77
17/08/2024 04:52 p. m.,Ordeño,09:11,16.28,2,,,,,0,,0.96,1.32,1.62,1.20,0,0,0,0,4.44,4.89,4.58,4.72,VMS 3,,Tanque,,1.38,1.80,2.16,1.50,1.71,3.69,5.76,5.12
18/08/2024 03:45 a. m.,Ordeño,06:24,11.55,1,,,,,0,,1.02,1.08,1.56,1.08,0,0,0,0,4.37,4.47,4.45,4.46,VMS 3,,Tanque,,1.56,1.44,1.98,1.44,1.08,2.77,3.85,3.85
18/08/2024 04:40 p. m.,Ordeño,06:35,12.15,2,,,,,0,,0.90,1.32,1.50,1.20,0,0,0,0,4.49,4.48,4.54,4.52,VMS 3,,Tanque,,1.44,1.80,1.92,1.50,1.17,2.85,4.32,3.81
19/08/2024 09:21 a. m.,Ordeño,07:09,15.80,1,,,,,0,,1.02,1.26,1.56,1.26,0,0,0,0,4.78,4.61,4.50,4.74,VMS 3,,Tanque,,1.44,1.68,1.86,1.62,1.51,3.64,5.28,5.37
21/08/2024 01:24 a. m.,Ordeño,06:04,11.33,1,,,,,0,,0.96,1.14,1.56,1.20,455,0,0,0,4.60,4.52,4.33,4.64,VMS 3,,Tanque,,1.38,1.56,1.98,1.56,0.99,2.77,3.79,3.78
21/08/2024 03:20 p. m.,Ordeño,06:05,15.47,2,,,,,0,,1.14,1.08,1.68,1.26,0,0,0,0,4.10,4.66,4.66,4.74,VMS 3,,Tanque,,1.56,1.56,2.22,1.62,1.56,3.66,5.18,5.07
22/08/2024 02:05 a. m.,Ordeño,07:11,11.41,1,,,,,0,,1.02,1.14,1.56,1.14,0,0,0,0,4.55,4.52,4.48,4.61,VMS 3,,Tanque,,1.38,1.68,1.98,1.62,1.20,2.59,3.86,3.76
22/08/2024 01:56 p. m.,Ordeño,07:16,12.56,2,,,,,0,,1.02,1.08,1.62,1.08,0,0,0,0,4.49,4.53,4.56,4.64,VMS 3,,Tanque,,1.44,1.44,2.04,1.44,1.20,2.93,4.32,4.11
23/08/2024 01:13 a. m.,Ordeño,09:21,13.14,1,,,,,0,,1.08,1.14,1.68,1.14,0,0,0,0,4.48,4.60,4.47,4.47,VMS 3,,Tanque,,1.50,1.50,2.10,1.86,1.22,3.15,4.27,4.50
23/08/2024 06:09 p. m.,Ordeño,12:13,15.17,2,,,,,0,,1.02,1.26,1.62,1.08,0,0,0,0,5.00,5.10,4.78,4.82,VMS 3,,Tanque,,1.44,1.68,1.92,1.38,1.69,3.95,4.67,4.86
25/08/2024 09:01 a. m.,Ordeño,07:53,8.82,2,,,,,0,,0.60,1.02,1.44,1.02,0,0,0,0,4.38,4.44,4.37,4.57,VMS 3,,Tanque,,0.90,1.50,1.86,1.56,0.72,2.26,3.35,2.49
25/08/2024 10:28 p. m.,Ordeño,10:15,9.76,3,,,TD,TD,0,,1.02,0.96,1.62,0.00,0,0,0,0,4.44,4.50,4.34,0.00,VMS 3,,Tanque,,1.56,1.32,2.10,0.00,1.43,3.36,4.97,0.00
26/08/2024 09:00 a. m.,Ordeño,06:16,13.74,1,,,,,0,TD,0.96,1.02,1.56,1.32,0,0,0,0,4.29,4.37,4.33,5.17,VMS 3,,Tanque,,1.38,1.56,1.98,1.68,1.15,2.92,4.21,5.46
29/08/2024 04:40 a. m.,Ordeño,04:50,9.48,1,,,,,0,,0.84,1.08,1.44,1.20,0,0,0,0,4.44,4.34,4.27,4.37,VMS 3,,Tanque,,1.32,1.38,1.86,1.56,0.93,2.19,3.17,3.19
29/08/2024 05:40 p. m.,Ordeño,07:53,22.46,2,,,,,0,,1.02,2.82,1.50,1.14,0,0,0,0,4.48,4.91,4.54,4.49,VMS 3,,Tanque,,1.44,4.20,1.98,1.74,1.36,10.77,5.24,5.09
30/08/2024 07:58 a. m.,Ordeño,06:41,22.54,1,,,,,0,,0.96,3.18,1.50,1.56,0,0,0,0,4.58,4.74,4.39,4.57,VMS 3,,Tanque,,1.32,4.44,1.98,1.98,1.60,9.54,5.93,5.47
03/09/2024 05:48 a. m.,Ordeño,06:39,12.73,1,,,,,0,,0.96,1.26,1.62,1.20,489,0,0,0,5.00,5.02,4.69,0.00,VMS 1,,Tanque,,1.32,1.68,2.04,1.74,1.15,3.03,4.72,3.83
03/09/2024 09:40 p. m.,Ordeño,06:31,10.66,2,,,TI,TI,0,,1.02,1.26,0.00,1.32,387,0,0,0,5.07,5.09,0.00,0.00,VMS 1,,Tanque,,1.62,1.62,0.00,1.92,1.60,3.97,0.00,5.09
04/09/2024 05:21 a. m.,Ordeño,06:35,10.47,1,,,,,0,,0.84,0.96,1.62,1.14,583,0,0,0,4.75,4.59,4.76,0.00,VMS 1,,Tanque,,1.38,1.32,2.28,1.56,0.72,1.70,5.71,2.34
05/09/2024 12:10 a. m.,Ordeño,08:52,12.12,1,,,TD,TD,0,,0.96,1.20,1.68,0.00,0,0,0,0,4.73,4.94,4.47,0.00,VMS 1,,Tanque,,1.32,1.56,2.10,0.00,1.74,4.38,6.00,0.00
05/09/2024 10:37 a. m.,Ordeño,08:21,14.38,2,,,,,0,,0.90,1.20,1.50,1.38,0,0,0,0,4.68,4.67,4.64,0.00,VMS 1,,Tanque,,1.26,1.50,1.92,1.86,1.08,2.79,4.24,6.27
06/09/2024 12:19 a. m.,Ordeño,08:56,14.68,1,,,,,0,,0.90,1.14,1.62,1.20,0,0,0,0,4.85,4.90,4.75,0.00,VMS 1,,Tanque,,1.32,1.62,2.10,1.68,1.46,3.62,5.22,4.38
06/09/2024 11:17 a. m.,Ordeño,06:12,11.91,2,,,,,0,,0.90,1.14,1.62,1.20,0,0,0,0,4.44,4.56,4.43,0.00,VMS 1,,Tanque,,1.44,1.50,2.10,1.62,1.10,2.86,4.31,3.64
06/09/2024 10:15 p. m.,Ordeño,06:59,8.17,3,,TD,TD,TD,0,,0.90,0.96,1.62,0.30,0,0,0,0,4.57,4.48,4.44,0.00,VMS 1,,Tanque,,1.32,1.38,1.98,0.78,1.15,2.67,4.24,0.11
07/09/2024 02:43 p. m.,Ordeño,06:59,11.80,1,,,TD,TD,0,,0.90,1.14,1.86,0.00,0,0,0,0,4.53,4.86,4.60,0.00,VMS 1,,Tanque,,1.38,1.56,2.34,0.00,1.58,4.10,6.12,0.00
07/09/2024 11:16 p. m.,Ordeño,08:53,12.17,2,,,,,0,,0.84,0.96,1.62,1.20,0,0,0,0,4.21,4.26,4.20,0.00,VMS 1,,Tanque,,1.32,1.32,2.10,1.62,0.75,2.08,3.40,5.94
08/09/2024 07:48 a. m.,Ordeño,09:02,2.59,1,,,"DD,TI","DD,TI",0,,0.78,0.00,0.00,0.96,0,0,0,0,4.40,0.00,0.00,0.00,VMS 1,,Tanque,,1.20,0.00,0.00,1.38,0.79,0.00,0.00,1.80
08/09/2024 01:16 p. m.,Ordeño,08:43,10.44,2,,DI,,,0,,0.78,1.02,1.62,0.96,0,0,0,0,4.36,4.80,4.80,0.00,VMS 1,,Tanque,,1.14,1.44,2.10,1.32,0.51,3.27,5.50,1.16
08/09/2024 09:13 p. m.,Ordeño,06:04,8.70,3,,,,,0,,0.84,0.96,1.44,1.14,0,0,0,0,4.74,4.55,4.67,0.00,VMS 1,,Tanque,,1.26,1.32,1.98,1.56,0.83,2.08,3.46,2.33
09/09/2024 09:08 p. m.,Ordeño,04:38,6.68,2,,,,,0,,0.78,1.08,1.44,1.02,0,0,0,0,4.16,4.33,4.32,0.00,VMS 1,,Tanque,,1.26,1.50,1.86,1.32,0.61,1.50,2.58,1.99
10/09/2024 08:50 a. m.,Ordeño,09:35,13.08,1,,,,,0,,1.02,1.08,1.74,1.08,0,0,0,0,4.99,5.08,4.89,0.00,VMS 1,,Tanque,,1.44,1.50,2.16,1.44,1.16,3.13,4.80,3.99
10/09/2024 03:24 p. m.,Ordeño,04:48,7.46,2,,,,,0,,0.78,0.96,1.56,1.02,0,0,0,0,4.69,4.68,4.73,0.00,VMS 1,,Tanque,,1.32,1.32,2.16,1.38,0.68,1.75,2.82,2.21
11/09/2024 03:00 a. m.,Ordeño,08:11,9.66,1,,,TD,TD,0,,0.96,1.08,1.68,0.00,0,0,0,0,5.30,5.44,5.11,0.00,VMS 1,,Tanque,,1.38,1.62,2.16,0.00,1.19,3.21,5.26,0.00
11/09/2024 05:56 a. m.,Ordeño,07:05,7.44,2,,,,,0,,0.54,0.78,1.02,1.20,487,0,0,0,5.15,5.03,4.99,0.00,VMS 1,,Tanque,,1.20,1.14,1.80,1.80,0.42,0.77,1.26,4.99
11/09/2024 12:45 p. m.,Ordeño,04:26,8.18,3,,,,,0,,0.84,1.02,1.62,1.02,0,0,0,0,4.99,5.03,5.03,0.00,VMS 1,,Tanque,,1.32,1.44,2.34,1.44,0.72,1.87,3.16,2.43
11/09/2024 11:34 p. m.,Ordeño,05:49,12.49,4,,,,,0,,1.02,1.08,1.68,1.08,0,0,0,0,4.80,4.82,4.66,0.00,VMS 1,,Tanque,,1.38,1.44,2.52,1.50,1.17,2.93,4.66,3.73
12/09/2024 10:56 a. m.,Ordeño,06:04,13.04,1,,,,,0,,1.02,1.08,1.68,1.08,0,0,0,0,4.88,4.87,4.70,0.00,VMS 1,,Tanque,,1.32,1.44,2.22,1.62,1.22,3.06,4.82,3.94
12/09/2024 10:09 p. m.,Ordeño,06:15,12.73,2,,,,,0,,0.90,1.08,1.62,1.02,0,0,0,0,4.77,4.82,4.62,0.00,VMS 1,,Tanque,,1.44,1.50,2.10,1.44,1.10,2.97,4.73,3.93
13/09/2024 10:57 a. m.,Ordeño,08:11,14.50,1,,,,,0,,0.90,1.08,1.68,1.08,0,0,0,0,4.87,4.82,4.63,0.00,VMS 1,,Tanque,,1.32,1.68,2.40,1.44,1.30,3.42,5.24,4.54
13/09/2024 08:15 p. m.,Ordeño,05:51,10.93,2,,,,,0,,0.96,1.08,1.62,1.08,0,0,0,0,4.69,4.54,4.55,0.00,VMS 1,,Tanque,,1.38,1.50,2.10,1.44,1.01,2.54,4.05,3.33
14/09/2024 10:40 a. m.,Ordeño,07:42,15.52,1,,,DI,DI,0,,0.00,1.02,1.68,1.08,0,0,0,0,0.00,5.05,4.80,0.00,VMS 1,,Tanque,,0.00,1.44,2.22,1.56,0.00,3.93,6.26,5.33
14/09/2024 06:25 p. m.,Ordeño,06:20,7.51,2,,,TD,TD,0,,1.02,0.90,1.50,0.00,0,0,0,0,5.21,4.65,4.63,0.00,VMS 1,,Tanque,,1.44,1.38,1.86,0.00,1.97,2.07,3.47,0.00
15/09/2024 12:02 a. m.,Ordeño,08:40,9.27,1,,,,,0,,0.78,0.84,1.50,1.02,488,0,0,0,4.58,4.66,4.61,0.00,VMS 1,,Tanque,,1.20,1.14,1.86,1.44,0.49,1.51,2.40,4.87
15/09/2024 11:53 p. m.,Ordeño,06:53,8.88,2,,,"DD,TD","DD,TD",0,,0.84,0.00,1.68,0.00,0,0,0,0,4.61,0.00,5.18,0.00,VMS 1,,Tanque,,1.32,0.00,2.22,0.00,2.12,0.00,6.76,0.00
16/09/2024 11:41 a. m.,Ordeño,08:07,14.93,1,,,,,0,,0.84,1.26,1.44,1.08,0,0,0,0,5.13,5.49,4.92,0.00,VMS 1,,Tanque,,1.32,1.80,1.92,1.50,1.04,3.75,4.50,5.64
16/09/2024 11:12 p. m.,Ordeño,05:43,11.24,2,,,,,0,,0.78,0.96,1.56,1.02,0,0,0,0,5.38,5.24,5.17,0.00,VMS 1,,Tanque,,1.14,1.44,1.98,1.56,1.17,2.14,4.89,3.04
17/09/2024 10:02 a. m.,Ordeño,06:27,8.64,1,,,TD,TD,0,,0.84,1.14,1.62,0.00,0,0,0,0,5.57,5.77,5.51,0.00,VMS 1,,Tanque,,1.20,1.56,2.10,0.00,1.17,2.52,4.95,0.00
17/09/2024 03:13 p. m.,Ordeño,06:25,9.29,2,,,,,0,,0.66,1.02,1.38,1.20,0,0,0,0,5.10,5.36,5.29,0.00,VMS 1,,Tanque,,1.14,1.44,1.80,1.62,0.54,1.21,2.32,5.22
18/09/2024 04:08 a. m.,Ordeño,07:46,10.67,1,,,TD,TD,0,,0.84,1.14,1.62,0.00,0,0,0,0,5.39,5.57,5.26,0.00,VMS 1,,Tanque,,1.20,1.56,1.92,0.00,1.46,3.42,5.79,0.00
18/09/2024 11:50 a. m.,Ordeño,07:13,11.65,2,,,,,0,,0.72,1.20,1.56,1.20,0,0,0,0,5.09,5.15,4.99,0.00,VMS 1,,Tanque,,1.20,1.68,2.04,1.68,0.87,1.95,3.31,5.52
18/09/2024 10:40 p. m.,Ordeño,06:50,8.84,3,,,TD,TD,0,,0.84,1.08,1.68,0.00,0,0,0,0,5.12,5.30,5.17,0.00,VMS 1,,Tanque,,1.14,1.44,2.34,0.00,1.14,2.95,4.75,0.00
19/09/2024 06:19 a. m.,Ordeño,05:44,6.17,1,,,TD,TD,0,,0.78,0.96,1.68,0.00,0,0,0,0,5.07,5.03,4.96,0.00,VMS 1,,Tanque,,1.20,1.32,2.10,0.00,0.87,1.94,3.36,0.00
19/09/2024 01:33 p. m.,Ordeño,07:48,12.54,2,,,,,0,,0.72,1.02,1.50,1.26,0,0,0,0,5.05,5.10,5.20,0.00,VMS 1,,Tanque,,1.02,1.44,1.92,1.68,0.82,1.98,3.44,6.30
20/09/2024 04:33 a. m.,Ordeño,11:02,16.52,1,,,,,0,,0.84,1.14,1.62,1.20,0,0,0,0,4.88,5.27,4.87,0.00,VMS 1,,Tanque,,1.14,1.50,2.04,1.68,1.57,3.93,6.58,4.44
21/09/2024 08:54 a. m.,Ordeño,08:02,13.81,1,,,,,0,,0.90,1.02,1.62,1.02,0,0,0,0,4.67,4.76,4.64,0.00,VMS 1,,Tanque,,1.38,1.38,2.34,1.50,1.34,3.21,5.25,4.01
21/09/2024 08:28 p. m.,Ordeño,05:56,9.80,2,,,TD,TD,0,,0.78,1.02,1.56,0.00,0,0,0,0,4.99,5.11,5.04,0.00,VMS 1,,Tanque,,1.20,1.50,2.10,0.00,1.25,3.09,5.46,0.00
22/09/2024 02:51 a. m.,Ordeño,06:22,5.27,1,,,TD,TD,0,,0.84,0.90,1.56,0.00,0,0,0,0,4.82,4.78,4.79,0.00,VMS 1,,Tanque,,1.26,1.26,1.98,0.00,0.67,1.75,2.85,0.00
22/09/2024 06:55 a. m.,Ordeño,07:04,8.69,2,,,,,0,,0.66,0.84,1.44,1.14,0,0,0,0,4.61,5.03,5.08,0.00,VMS 1,,Tanque,,1.14,1.26,1.80,1.62,0.40,1.08,1.86,5.35
22/09/2024 06:54 p. m.,Ordeño,09:32,14.35,3,,,,,0,,0.84,0.96,1.74,1.14,0,0,0,0,5.21,5.35,5.12,0.00,VMS 1,,Tanque,,1.20,1.32,2.40,1.50,1.32,3.34,5.84,3.85
23/09/2024 08:24 a. m.,Ordeño,12:53,15.34,1,,,,,0,,0.90,1.08,1.74,1.14,0,0,0,0,4.75,5.04,5.03,0.00,VMS 1,,Tanque,,1.56,1.44,2.34,1.62,1.42,3.69,5.61,4.62
23/09/2024 04:29 p. m.,Ordeño,05:29,9.66,2,,,,,0,,0.84,0.96,1.56,0.90,0,0,0,0,4.60,4.64,4.64,0.00,VMS 1,,Tanque,,1.32,1.32,2.16,1.32,0.86,2.24,3.82,2.74
24/09/2024 01:39 a. m.,Ordeño,05:40,11.74,1,,,,,0,,0.84,1.02,1.62,1.02,0,0,0,0,4.96,5.04,5.00,0.00,VMS 1,,Tanque,,1.20,1.44,2.04,1.38,1.02,2.70,4.58,3.44
24/09/2024 09:03 a. m.,Ordeño,04:59,9.60,2,,,,,0,,0.78,1.02,1.50,1.02,0,0,0,0,5.16,5.17,5.31,0.00,VMS 1,,Tanque,,1.14,1.50,1.86,1.44,0.94,2.14,3.73,2.79
24/09/2024 11:04 p. m.,Ordeño,07:35,11.50,3,,,TD,TD,0,,0.84,1.14,1.56,0.00,0,0,0,0,4.96,5.17,4.99,0.00,VMS 1,,Tanque,,1.20,1.62,2.10,0.00,1.56,3.72,6.22,0.00
25/09/2024 04:27 a. m.,Ordeño,07:38,10.39,1,,,,,0,,0.66,0.90,1.38,1.20,0,0,0,0,4.49,4.63,4.72,0.00,VMS 1,,Tanque,,1.08,1.26,1.86,1.62,0.49,1.31,2.15,6.44
25/09/2024 11:40 a. m.,Ordeño,05:46,9.13,2,,,,,0,,0.78,0.96,1.56,1.02,0,0,0,0,4.75,4.78,4.85,0.00,VMS 1,,Tanque,,1.14,1.32,2.10,1.56,0.84,2.17,3.45,2.67
25/09/2024 08:30 p. m.,Ordeño,06:17,10.06,3,,,,,0,,0.78,0.96,1.50,1.02,0,0,0,0,4.64,4.86,4.81,0.00,VMS 1,,Tanque,,1.20,1.38,1.86,1.38,0.92,2.33,3.79,3.02
26/09/2024 03:01 p. m.,Ordeño,06:58,16.67,1,,,,,0,,0.90,1.14,1.62,1.20,0,0,0,0,4.95,5.43,4.92,0.00,VMS 1,,Tanque,,1.26,1.56,2.04,1.56,1.33,4.40,5.27,5.67
27/09/2024 04:19 a. m.,Ordeño,06:58,14.41,1,,,,,0,,0.84,1.02,1.56,1.08,0,0,0,0,4.60,4.55,4.56,0.00,VMS 1,,Tanque,,1.20,1.44,2.16,1.50,1.35,3.30,5.29,4.47
27/09/2024 12:10 p. m.,Ordeño,07:25,9.45,2,,,,,0,,0.78,0.90,1.62,0.96,0,0,0,0,4.74,4.76,4.81,0.00,VMS 1,,Tanque,,1.20,1.38,2.22,1.38,0.97,2.14,3.54,2.80
28/09/2024 01:59 a. m.,Ordeño,09:49,11.70,1,,,TD,TD,0,,0.84,0.96,1.68,0.00,0,0,0,0,5.10,5.23,5.05,0.00,VMS 1,,Tanque,,1.08,1.32,2.10,0.00,1.61,3.83,6.26,0.00
28/09/2024 08:08 p. m.,Ordeño,09:11,14.20,2,,,TD,TD,0,,0.84,1.02,1.68,0.00,0,0,0,0,4.93,5.14,5.06,0.00,VMS 1,,Tanque,,1.20,1.44,2.22,0.00,1.95,4.67,7.58,0.00
30/09/2024 09:54 a. m.,Ordeño,06:41,12.16,1,,,TD,,0,,0.78,0.96,1.68,0.90,0,0,0,0,4.27,4.42,4.60,0.00,VMS 1,,Tanque,,1.14,1.32,2.16,1.38,1.15,3.18,5.55,2.28
30/09/2024 05:19 p. m.,Ordeño,06:19,5.96,2,,TD,TD,TD,0,,0.72,0.96,1.44,0.42,0,0,0,0,4.42,4.57,4.85,0.00,VMS 1,,Tanque,,0.96,1.38,1.86,0.66,0.75,1.94,3.21,0.06
01/10/2024 01:52 a. m.,Ordeño,06:01,10.47,1,,,,,0,,0.78,1.02,1.50,1.14,0,0,0,0,4.67,4.92,4.95,0.00,VMS 1,,Tanque,,1.20,1.32,1.92,1.50,0.86,2.15,3.80,3.66
01/10/2024 12:52 p. m.,Ordeño,06:19,12.49,2,,,,,0,,0.84,1.02,1.62,1.02,0,0,0,0,5.32,5.42,5.41,0.00,VMS 1,,Tanque,,1.32,1.44,2.04,1.50,1.21,3.00,5.14,3.14
02/10/2024 11:09 p. m.,Ordeño,05:35,13.51,2,,,,,0,,0.96,1.14,1.74,1.14,0,0,0,0,5.17,5.30,5.18,0.00,VMS 1,,Tanque,,1.38,1.62,2.16,1.50,1.22,3.21,5.28,3.80
03/10/2024 08:39 a. m.,Ordeño,05:21,11.13,1,,,,,0,,0.90,1.20,1.62,1.20,0,0,0,0,5.02,5.17,5.09,0.00,VMS 1,,Tanque,,1.32,1.56,2.16,1.56,1.09,2.60,4.45,2.99
03/10/2024 06:41 p. m.,Ordeño,05:40,7.47,2,,DI,TI,TI,0,,1.08,1.08,0.00,1.14,0,0,0,0,4.95,4.97,0.00,0.00,VMS 1,,Tanque,,1.86,1.56,0.00,1.62,1.09,2.83,0.00,3.55
03/10/2024 11:38 p. m.,Ordeño,05:40,9.60,3,,,,,0,,0.78,1.02,1.74,1.08,0,0,0,0,4.73,4.84,5.09,0.00,VMS 1,,Tanque,,1.26,1.50,2.22,1.50,0.61,1.26,6.11,1.62
04/10/2024 09:53 a. m.,Ordeño,07:54,12.74,1,,,,,0,,1.02,1.14,1.80,1.32,0,0,0,0,4.95,5.05,4.76,0.00,VMS 1,,Tanque,,1.38,1.50,2.34,1.74,1.30,3.16,4.69,3.59
04/10/2024 10:28 p. m.,Ordeño,06:17,10.80,2,,TD,TD,TD,0,,0.96,1.20,1.86,0.48,0,0,0,0,4.69,5.00,4.78,0.00,VMS 1,,Tanque,,1.32,1.56,2.40,0.84,1.38,3.57,5.77,0.08
05/10/2024 08:07 a. m.,Ordeño,07:45,13.35,1,,,,,0,,0.96,1.02,1.80,1.38,0,0,0,0,4.82,4.71,4.78,0.00,VMS 1,,Tanque,,1.44,1.38,2.28,1.68,1.07,2.61,3.98,5.69
05/10/2024 04:44 p. m.,Ordeño,04:47,9.83,2,,,,,0,,0.96,1.02,1.74,1.20,0,0,0,0,4.66,4.73,4.52,0.00,VMS 1,,Tanque,,1.38,1.44,2.16,1.62,0.91,2.37,3.69,2.86
06/10/2024 05:07 a. m.,Ordeño,07:18,10.42,1,,,TD,TD,0,,0.90,1.08,1.62,0.00,0,0,0,0,4.67,4.75,4.64,0.00,VMS 1,,Tanque,,1.32,1.44,2.10,0.00,1.39,3.44,5.59,0.00
06/10/2024 07:24 a. m.,Ordeño,09:18,5.84,2,,,,,0,,0.18,0.48,0.78,1.26,0,0,0,0,3.69,4.46,4.50,0.00,VMS 1,,Tanque,,0.48,0.84,1.56,1.56,0.28,0.49,0.98,4.09
06/10/2024 02:25 p. m.,Ordeño,05:09,8.66,3,,,,,0,,0.78,1.02,1.44,1.14,0,0,0,0,4.38,4.67,4.63,0.00,VMS 1,,Tanque,,1.20,1.44,1.98,1.68,0.69,2.11,3.33,2.53
06/10/2024 10:19 p. m.,Ordeño,05:03,9.96,4,,,,,0,,0.84,1.08,1.50,1.08,0,0,0,0,4.66,4.97,4.75,0.00,VMS 1,,Tanque,,1.32,1.44,1.92,1.32,0.88,2.28,4.00,2.80
07/10/2024 09:43 a. m.,Ordeño,08:14,10.75,1,,,TD,TD,0,,1.02,1.20,1.80,0.00,0,0,0,0,5.07,5.23,4.80,0.00,VMS 1,,Tanque,,1.38,1.80,2.16,0.00,1.41,3.47,5.87,0.00
07/10/2024 04:40 p. m.,Ordeño,07:19,12.38,2,,,,,0,,0.78,1.02,1.44,1.32,0,0,0,0,4.71,4.74,4.68,0.00,VMS 1,,Tanque,,1.08,1.38,1.98,1.74,0.80,1.97,3.35,6.26
08/10/2024 02:48 a. m.,Ordeño,05:47,13.71,1,,,,,0,,0.84,1.20,1.62,1.20,0,0,0,0,5.00,5.08,4.72,0.00,VMS 1,,Tanque,,1.20,1.62,2.22,1.62,1.20,3.24,5.56,3.71
08/10/2024 10:41 a. m.,Ordeño,05:26,10.16,2,,,,,0,,0.90,1.02,1.44,1.14,0,0,0,0,4.87,4.73,4.71,0.00,VMS 1,,Tanque,,1.26,1.62,1.98,1.44,1.00,2.39,4.04,2.73
09/10/2024 12:44 a. m.,Ordeño,07:58,12.61,1,,,TD,TD,0,,0.84,1.14,1.68,0.00,0,0,0,0,4.67,5.08,4.70,0.00,VMS 1,,Tanque,,1.20,1.62,2.16,0.00,1.67,4.12,6.82,0.00
09/10/2024 01:57 p. m.,Ordeño,11:00,17.34,2,,,,,0,,0.90,1.08,1.74,1.38,0,0,0,0,4.74,4.66,4.62,0.00,VMS 1,,Tanque,,1.38,1.56,2.28,1.86,1.42,3.81,6.04,6.07
10/10/2024 03:21 a. m.,Ordeño,07:26,16.65,1,,,,,0,,0.90,1.08,1.62,1.08,0,0,0,0,4.81,4.84,4.61,0.00,VMS 1,,Tanque,,1.32,1.44,2.10,1.50,1.45,4.12,6.81,4.27
10/10/2024 10:10 a. m.,Ordeño,04:46,8.99,2,,,,,0,,0.84,0.96,1.50,1.08,0,0,0,0,4.82,4.78,4.68,0.00,VMS 1,,Tanque,,1.26,1.32,2.34,1.44,0.90,2.06,3.53,2.50
10/10/2024 06:12 p. m.,Ordeño,06:01,10.77,3,,,,,0,,0.78,1.02,1.50,1.08,0,0,0,0,5.00,5.03,4.85,0.00,VMS 1,,Tanque,,1.14,1.44,1.80,1.44,0.91,2.55,4.23,3.08
11/10/2024 05:11 a. m.,Ordeño,06:50,14.39,1,,,,,0,,0.90,1.08,1.62,1.20,0,0,0,0,5.26,5.18,5.15,0.00,VMS 1,,Tanque,,1.26,1.56,2.04,1.56,1.34,3.25,5.71,4.09
11/10/2024 02:31 p. m.,Ordeño,05:43,11.99,2,,,,,0,,1.02,1.02,1.74,1.14,0,308,0,0,5.11,4.98,4.84,0.00,VMS 1,,Tanque,,1.50,1.44,2.16,1.50,1.15,2.77,4.53,3.54
11/10/2024 08:24 p. m.,Ordeño,04:32,6.32,3,,,,,0,,0.72,0.84,1.44,0.90,0,0,0,0,4.56,4.57,4.74,0.00,VMS 1,,Tanque,,1.26,1.20,1.86,1.32,0.55,1.41,2.50,1.86
12/10/2024 08:46 a. m.,Ordeño,07:41,16.01,1,,,,,0,,1.02,1.20,1.68,1.20,0,0,0,0,5.16,5.30,5.16,0.00,VMS 1,,Tanque,,1.50,1.68,2.28,1.56,1.32,3.73,6.21,4.75
12/10/2024 08:18 p. m.,Ordeño,06:13,14.79,2,,,,,0,,0.96,1.14,1.74,1.14,0,0,0,0,5.09,5.10,4.95,0.00,VMS 1,,Tanque,,1.38,1.68,2.16,1.50,1.28,3.51,5.51,4.49
13/10/2024 06:17 a. m.,Ordeño,06:08,12.01,1,,,,,0,,0.96,1.14,1.56,1.14,0,0,0,0,4.90,4.83,4.77,0.00,VMS 1,,Tanque,,1.44,1.56,2.04,1.56,1.08,2.75,4.67,3.51
13/10/2024 03:12 p. m.,Ordeño,08:48,10.58,2,,,,,0,,0.96,1.08,1.62,1.20,0,0,0,0,4.65,4.52,4.61,0.00,VMS 1,,Tanque,,1.32,1.44,2.04,1.62,0.94,2.50,3.94,3.20
13/10/2024 11:18 p. m.,Ordeño,05:44,9.99,3,,,,,0,,0.96,1.08,1.56,1.20,0,0,0,0,4.78,4.77,4.75,0.00,VMS 1,,Tanque,,1.56,1.44,1.98,1.62,0.85,2.32,3.78,3.04
14/10/2024 12:24 p. m.,Ordeño,09:12,16.80,1,,,,,0,,1.02,1.26,1.86,1.32,0,0,0,0,5.40,5.55,5.09,0.00,VMS 1,,Tanque,,1.38,1.62,2.34,1.80,1.60,4.00,6.02,5.18
15/10/2024 12:24 a. m.,Ordeño,08:40,14.62,1,,,,,0,,0.90,1.14,1.62,1.26,0,0,0,0,5.15,5.00,4.85,0.00,VMS 1,,Tanque,,1.20,1.56,2.04,1.80,1.34,3.31,5.61,4.36
15/10/2024 09:33 a. m.,Ordeño,05:38,13.24,2,,,,,0,,0.96,1.14,1.74,1.20,0,0,0,0,5.03,5.05,4.90,0.00,VMS 1,,Tanque,,1.32,1.56,2.22,1.74,1.12,3.10,5.14,3.88
15/10/2024 02:54 p. m.,Ordeño,04:34,7.08,3,,,,,0,,0.78,1.08,1.56,1.02,0,0,0,0,4.95,4.96,4.99,0.00,VMS 1,,Tanque,,1.26,1.56,1.92,1.38,0.63,1.70,2.69,2.06
16/10/2024 04:45 a. m.,Ordeño,06:36,12.23,1,,,TD,TD,0,,0.96,1.26,1.80,0.00,0,0,0,0,5.09,5.24,4.91,0.00,VMS 1,,Tanque,,1.38,1.62,2.40,0.00,1.69,3.99,6.55,0.00
16/10/2024 01:07 p. m.,Ordeño,07:09,13.82,2,,,,,0,,0.90,1.14,1.74,1.32,0,0,0,0,5.13,5.20,5.12,0.00,VMS 1,,Tanque,,1.32,1.50,2.58,1.68,1.18,2.78,4.71,5.15
16/10/2024 11:44 p. m.,Ordeño,06:52,8.52,3,,,TD,TD,0,,0.96,1.08,1.74,0.00,0,0,0,0,4.97,4.95,4.99,0.00,VMS 1,,Tanque,,1.44,1.38,2.34,0.00,1.12,2.88,4.52,0.00
17/10/2024 09:03 a. m.,Ordeño,07:26,15.81,1,,,,,0,,0.96,1.08,1.86,1.32,0,0,0,0,4.90,4.87,4.80,0.00,VMS 1,,Tanque,,1.44,1.56,2.16,1.74,1.08,3.05,4.86,6.82
17/10/2024 06:21 p. m.,Ordeño,05:45,11.39,2,,,,,0,,0.90,1.14,1.62,1.08,0,0,0,0,5.04,4.94,5.01,0.00,VMS 1,,Tanque,,1.32,1.56,2.10,1.56,1.10,2.69,4.37,3.23
18/10/2024 04:41 a. m.,Ordeño,06:14,14.42,1,,,,,0,,0.96,1.14,1.74,1.14,0,0,0,0,5.11,5.00,5.01,0.00,VMS 1,,Tanque,,1.32,1.62,2.34,1.68,1.21,3.40,5.67,4.14
18/10/2024 10:44 a. m.,Ordeño,05:08,7.72,2,,,,,0,,0.84,0.96,1.44,1.02,0,0,0,0,4.96,4.88,5.00,0.00,VMS 1,,Tanque,,1.26,1.32,1.92,1.44,0.70,1.76,3.01,2.25
18/10/2024 08:21 p. m.,Ordeño,06:05,10.97,3,,,,,0,,0.84,0.96,1.44,1.02,0,0,0,0,4.84,4.83,4.89,0.00,VMS 1,,Tanque,,1.20,1.44,1.80,1.38,0.92,2.44,4.36,3.25
19/10/2024 04:24 a. m.,Ordeño,08:55,10.79,1,,,,,0,,0.90,0.84,1.56,1.02,0,0,0,0,4.87,4.79,4.95,0.00,VMS 1,,Tanque,,1.32,1.20,1.98,1.50,1.07,2.46,4.15,3.11
19/10/2024 01:54 p. m.,Ordeño,06:34,12.42,2,,,,,0,,0.90,1.14,1.74,1.26,0,0,0,0,4.73,4.92,4.95,0.00,VMS 1,,Tanque,,1.20,1.68,2.34,1.74,1.05,2.84,4.79,3.74
19/10/2024 08:10 p. m.,Ordeño,04:25,7.19,3,,,,,0,,0.78,0.96,1.62,1.08,0,0,0,0,4.43,4.50,4.54,0.00,VMS 1,,Tanque,,1.14,1.38,2.10,1.56,0.65,1.66,2.70,2.18
20/10/2024 04:07 a. m.,Ordeño,05:35,7.56,1,,,TD,TD,0,,0.90,1.08,1.74,0.00,0,0,0,0,4.77,4.78,4.79,0.00,VMS 1,,Tanque,,1.38,1.44,2.16,0.00,0.93,2.49,4.14,0.00
20/10/2024 12:08 p. m.,Ordeño,05:39,7.39,2,,,TD,TD,0,,0.90,1.08,1.68,0.00,0,0,0,0,4.87,5.10,5.00,0.00,VMS 1,,Tanque,,1.26,1.50,2.16,0.00,0.97,2.52,3.90,0.00
20/10/2024 06:42 p. m.,Ordeño,06:57,11.32,3,,,,,0,,0.72,1.02,1.62,1.26,0,0,0,0,4.90,4.80,4.87,0.00,VMS 1,,Tanque,,1.02,1.44,2.10,1.68,0.73,1.83,3.02,5.74
21/10/2024 02:08 a. m.,Ordeño,04:48,9.73,1,,,,,0,,0.84,1.14,1.68,1.08,0,0,0,0,4.84,4.97,4.99,0.00,VMS 1,,Tanque,,1.20,1.56,2.10,1.50,0.87,2.23,4.01,2.62
21/10/2024 01:40 p. m.,Ordeño,06:30,14.81,2,,,,,0,,0.84,1.38,1.86,1.32,0,0,0,0,5.03,5.15,4.96,0.00,VMS 1,,Tanque,,1.26,1.80,2.34,1.86,1.38,3.61,5.57,4.25
21/10/2024 08:19 p. m.,Ordeño,04:39,8.17,3,,,,,0,,0.78,1.14,1.62,1.02,0,0,0,0,4.53,4.61,4.38,0.00,VMS 1,,Tanque,,1.20,1.50,1.98,1.38,0.75,1.91,3.25,2.26
22/10/2024 02:23 a. m.,Ordeño,04:43,7.36,1,,,,,0,,0.78,1.08,1.56,0.96,0,0,0,0,4.59,4.73,4.58,0.00,VMS 1,,Tanque,,1.14,1.44,2.04,1.32,0.64,1.70,2.94,2.08
22/10/2024 11:21 a. m.,Ordeño,05:37,8.89,2,,,TD,TD,0,,0.84,1.14,1.62,0.00,0,0,0,0,4.98,5.20,4.97,0.00,VMS 1,,Tanque,,1.14,1.50,2.22,0.00,1.13,2.89,4.87,0.00
22/10/2024 08:15 p. m.,Ordeño,04:42,7.98,3,,,TD,TD,0,,0.84,1.08,1.68,0.00,0,0,0,0,4.66,4.87,4.61,0.00,VMS 1,,Tanque,,1.32,1.62,2.22,0.00,1.06,2.60,4.32,0.00
23/10/2024 02:10 a. m.,Ordeño,07:15,11.59,1,,,,,0,,0.84,1.20,1.50,1.26,0,0,0,0,4.55,4.60,4.37,0.00,VMS 1,,Tanque,,1.32,1.68,1.92,1.62,0.73,1.81,3.01,6.04
23/10/2024 12:58 p. m.,Ordeño,07:36,13.53,2,,,,,0,,0.96,1.14,1.68,1.02,0,0,0,0,4.68,4.75,4.45,0.00,VMS 1,,Tanque,,1.38,1.56,2.10,1.50,1.27,3.31,5.36,3.59
24/10/2024 01:24 a. m.,Ordeño,07:02,14.99,1,,,,,0,,0.96,1.08,1.62,1.08,0,0,0,0,4.50,4.57,4.25,0.00,VMS 1,,Tanque,,1.38,1.44,2.10,1.50,1.33,3.54,6.03,4.09
24/10/2024 10:01 a. m.,Ordeño,05:19,11.33,2,,,,,0,,0.90,1.08,1.68,1.08,0,0,0,0,4.47,4.56,4.24,0.00,VMS 1,,Tanque,,1.32,1.68,2.22,1.44,1.16,2.66,4.34,3.17
24/10/2024 06:12 p. m.,Ordeño,05:21,10.01,3,,,,,0,,0.84,1.08,1.62,1.08,0,0,0,0,4.19,4.37,4.31,0.00,VMS 1,,Tanque,,1.32,1.50,2.04,1.44,0.88,2.37,3.82,2.94
25/10/2024 06:46 a. m.,Ordeño,06:17,15.63,1,,,,,0,,1.08,1.26,1.74,1.26,0,0,0,0,4.79,4.87,4.63,0.00,VMS 1,,Tanque,,1.56,1.68,2.22,1.62,1.43,3.82,5.51,4.87
25/10/2024 02:55 p. m.,Ordeño,05:18,10.43,2,,,,,0,,0.96,1.14,1.56,1.20,0,0,0,0,4.65,4.73,4.41,0.00,VMS 1,,Tanque,,1.38,1.68,1.92,1.62,1.09,2.36,3.90,3.08
26/10/2024 12:31 a. m.,Ordeño,05:22,12.45,1,,,,,0,,0.96,1.20,1.80,1.26,0,0,0,0,4.88,4.95,4.79,0.00,VMS 1,,Tanque,,1.50,1.74,2.40,1.62,1.10,2.89,4.71,3.75
26/10/2024 10:33 a. m.,Ordeño,05:32,12.65,2,,,,,0,,0.84,1.14,1.68,1.26,0,0,0,0,4.91,5.11,5.10,0.00,VMS 1,,Tanque,,1.26,1.56,2.16,1.62,1.08,2.93,4.86,3.78
26/10/2024 05:28 p. m.,Ordeño,04:42,8.16,3,,,,,0,,0.96,1.14,1.62,1.14,367,0,0,0,4.92,4.87,4.84,0.00,VMS 1,,Tanque,,1.32,1.68,2.04,1.50,0.80,1.82,3.11,2.43
27/10/2024 02:32 a. m.,Ordeño,05:21,11.46,1,,,,,0,,0.90,1.20,1.68,1.20,0,0,0,0,5.15,5.27,5.10,0.00,VMS 1,,Tanque,,1.44,1.50,2.16,1.56,0.89,2.67,4.42,3.48
27/10/2024 10:19 a. m.,Ordeño,07:45,10.24,2,,,,,0,,0.96,1.14,1.68,1.14,0,0,0,0,5.33,5.33,5.18,0.00,VMS 1,,Tanque,,1.32,1.62,2.16,1.44,1.04,2.34,3.89,2.97
27/10/2024 05:44 p. m.,Ordeño,04:54,8.95,3,,,,,0,,0.84,1.08,1.74,1.14,0,0,0,0,4.99,5.07,5.00,0.00,VMS 1,,Tanque,,1.26,1.50,2.16,1.44,0.74,2.09,3.41,2.71
28/10/2024 01:51 a. m.,Ordeño,07:20,7.00,1,,,TD,TD,0,,0.84,1.14,1.80,0.00,0,0,0,0,4.73,5.21,4.95,0.00,VMS 1,,Tanque,,1.32,1.56,2.34,0.00,0.79,2.40,3.81,0.00
28/10/2024 11:55 a. m.,Ordeño,06:53,15.18,2,,,,,0,,1.02,1.08,1.98,1.38,0,0,0,0,5.26,5.19,4.85,0.00,VMS 1,,Tanque,,1.50,1.50,2.46,1.80,1.12,2.98,4.63,6.45
28/10/2024 05:39 p. m.,Ordeño,06:14,5.11,3,,,TD,TD,0,,0.90,1.08,1.62,0.00,0,0,0,0,5.00,5.06,5.04,0.00,VMS 1,,Tanque,,1.32,1.50,2.10,0.00,0.71,1.70,2.70,0.00
28/10/2024 10:13 p. m.,Ordeño,07:56,3.66,4,,,TD,TD,0,,0.84,0.84,1.74,0.00,0,0,0,0,4.76,4.95,4.89,0.00,VMS 1,,Tanque,,1.26,1.14,2.28,0.00,0.46,1.16,2.04,0.00
29/10/2024 04:58 a. m.,Ordeño,06:21,5.74,1,,,TD,TD,0,,0.84,1.02,1.74,0.00,0,0,0,0,4.84,5.07,4.82,0.00,VMS 1,,Tanque,,1.32,1.38,2.22,0.00,0.64,1.99,3.11,0.00
29/10/2024 01:51 p. m.,Ordeño,06:49,13.95,2,,,,,0,,0.90,1.08,1.80,1.38,0,0,0,0,5.16,5.27,5.08,0.00,VMS 1,,Tanque,,1.38,1.50,2.40,1.74,0.90,2.58,4.39,6.08
29/10/2024 11:31 p. m.,Ordeño,05:15,11.12,3,,,,,0,,1.02,1.08,1.74,1.20,0,0,0,0,4.87,4.80,4.57,0.00,VMS 1,,Tanque,,1.50,1.56,2.22,1.62,1.04,2.66,4.49,2.93
30/10/2024 08:51 a. m.,Ordeño,05:32,11.42,1,,,,,0,,0.96,1.26,1.56,1.26,0,0,0,0,4.80,5.04,4.18,0.00,VMS 1,,Tanque,,1.44,1.62,2.10,1.62,1.02,2.66,4.63,3.11
30/10/2024 04:02 p. m.,Ordeño,04:46,8.94,2,,,,,0,,0.90,1.26,1.50,1.26,0,0,0,0,5.06,5.15,5.09,0.00,VMS 1,,Tanque,,1.26,1.62,1.92,1.62,0.84,2.10,3.46,2.54
30/10/2024 11:59 p. m.,Ordeño,04:55,9.38,1,,,,,0,,0.78,1.14,1.50,1.26,0,0,0,0,4.72,4.91,4.83,0.00,VMS 1,,Tanque,,1.32,1.56,1.98,1.68,0.87,2.16,3.68,2.67
31/10/2024 09:59 a. m.,Ordeño,05:31,13.03,2,,,,,0,,0.90,1.26,1.56,1.38,0,0,0,0,5.13,5.18,5.16,0.00,VMS 1,,Tanque,,1.32,1.74,2.04,1.92,1.15,3.05,5.02,3.81
31/10/2024 04:35 p. m.,Ordeño,04:47,7.69,3,,,,,0,,0.96,1.08,1.50,1.14,0,0,0,0,4.84,4.90,4.83,0.00,VMS 1,,Tanque,,1.44,1.44,1.86,1.56,0.73,1.74,2.89,2.33
31/10/2024 10:49 p. m.,Ordeño,04:53,7.45,4,,,,,0,,0.84,1.08,1.50,1.08,0,0,0,0,4.72,4.84,4.84,0.00,VMS 1,,Tanque,,1.26,1.38,1.98,1.44,0.60,1.69,2.97,2.19
01/11/2024 09:18 a. m.,Ordeño,06:08,8.99,1,,,TD,TD,0,,1.08,1.20,1.92,0.00,0,0,0,0,5.11,5.11,5.06,0.00,VMS 1,,Tanque,,1.74,1.62,2.46,0.00,1.20,3.06,4.73,0.00
01/11/2024 10:20 a. m.,Ordeño,09:40,4.96,2,,,,DI,0,,0.12,0.24,0.42,1.26,0,0,0,0,1.94,4.02,4.32,0.00,VMS 1,,Tanque,,0.36,0.60,1.20,1.74,0.11,0.30,0.41,4.14
01/11/2024 05:45 p. m.,Ordeño,04:51,9.47,3,,,,,0,,0.78,1.26,1.62,1.14,0,321,0,0,4.83,4.95,4.99,0.00,VMS 1,,Tanque,,1.20,1.68,2.28,1.50,0.74,2.13,3.61,2.99
02/11/2024 03:57 a. m.,Ordeño,05:14,12.78,1,,,,,0,,1.02,1.20,1.80,1.26,0,0,0,0,5.10,5.12,4.98,0.00,VMS 1,,Tanque,,1.44,1.62,2.34,1.62,1.14,2.93,4.75,3.96
02/11/2024 10:00 a. m.,Ordeño,04:31,8.09,2,,,,,0,,0.96,1.02,1.68,1.20,0,0,0,0,4.84,5.00,5.04,0.00,VMS 1,,Tanque,,1.44,1.44,2.22,1.56,0.85,1.82,3.03,2.39
02/11/2024 05:12 p. m.,Ordeño,05:05,9.25,3,,,,,0,,0.90,1.14,1.50,1.26,0,0,0,0,5.11,5.17,5.22,0.00,VMS 1,,Tanque,,1.38,1.56,1.92,1.74,0.80,2.10,3.48,2.87
02/11/2024 11:11 p. m.,Ordeño,05:18,7.07,4,,,,,0,,0.84,1.02,1.56,1.02,0,0,0,0,4.76,4.87,5.01,0.00,VMS 1,,Tanque,,1.26,1.38,1.92,1.38,0.58,1.55,2.76,2.18
03/11/2024 06:39 a. m.,Ordeño,04:50,9.69,1,,,,,0,,0.84,1.02,1.68,1.14,0,0,0,0,4.85,5.00,5.01,0.00,VMS 1,,Tanque,,1.38,1.44,2.10,1.62,0.79,2.27,3.65,2.98
03/11/2024 03:29 p. m.,Ordeño,04:57,11.18,2,,,,,0,,1.02,1.08,1.86,1.26,0,0,0,0,5.14,5.34,5.13,0.00,VMS 1,,Tanque,,1.62,1.44,2.40,1.74,0.96,2.62,4.13,3.47
04/11/2024 12:21 a. m.,Ordeño,05:43,10.25,1,,,,,0,,0.90,1.02,1.62,1.14,0,0,0,0,4.58,4.72,4.85,0.00,VMS 1,,Tanque,,1.32,1.38,2.10,1.44,0.90,2.34,3.95,3.06
04/11/2024 10:48 a. m.,Ordeño,05:35,13.66,2,,,,,0,,0.96,1.14,1.86,1.26,0,0,0,0,5.12,5.24,4.70,0.00,VMS 1,,Tanque,,1.50,1.56,2.46,1.62,1.15,3.04,5.22,4.25
04/11/2024 11:33 p. m.,Ordeño,06:55,16.31,3,,,,,0,,1.02,1.20,1.86,1.32,0,0,0,0,4.98,5.30,5.17,0.00,VMS 1,,Tanque,,1.38,1.74,2.40,1.68,1.28,3.85,6.05,5.13
05/11/2024 10:34 p. m.,Ordeño,04:34,6.08,2,,,,,0,,0.78,1.02,1.44,1.08,0,0,0,0,4.64,4.89,4.70,0.00,VMS 1,,Tanque,,1.26,1.38,1.98,1.50,0.56,1.33,2.24,1.95
06/11/2024 09:02 a. m.,Ordeño,05:54,13.00,1,,,,,0,,0.96,1.26,1.68,1.20,0,0,0,0,4.78,4.92,4.61,0.00,VMS 1,,Tanque,,1.44,1.68,2.10,1.56,1.03,2.99,4.86,4.12
06/11/2024 05:32 p. m.,Ordeño,05:22,11.41,2,,,,,0,,1.02,1.26,1.80,1.20,0,0,0,0,5.14,5.15,5.19,0.00,VMS 1,,Tanque,,1.50,1.68,2.22,1.62,1.01,2.70,4.26,3.44
07/11/2024 12:47 a. m.,Ordeño,05:58,9.65,1,,,,,0,,1.02,1.14,1.38,1.14,0,0,0,0,5.09,5.08,4.31,0.00,VMS 1,,Tanque,,1.44,1.62,1.98,1.50,0.87,2.23,3.65,2.90
07/11/2024 08:36 a. m.,Ordeño,04:38,10.64,2,,,,,0,,0.96,1.38,1.86,1.38,0,0,0,0,5.09,5.34,5.34,0.00,VMS 1,,Tanque,,1.38,1.74,2.46,1.74,0.93,2.44,3.98,3.29
07/11/2024 04:48 p. m.,Ordeño,04:44,11.46,3,,,,,0,,1.02,1.20,1.92,1.32,0,0,0,0,5.35,5.35,5.33,0.00,VMS 1,,Tanque,,1.56,1.56,2.70,1.74,1.04,2.65,4.29,3.48
08/11/2024 02:06 a. m.,Ordeño,05:17,12.64,1,,,,,0,,1.02,1.26,1.92,1.32,0,0,0,0,5.16,5.29,5.10,0.00,VMS 1,,Tanque,,1.44,1.74,2.52,1.74,1.10,2.94,4.72,3.88
08/11/2024 09:49 a. m.,Ordeño,05:42,10.18,2,,,,,0,,1.02,1.32,1.86,1.32,0,0,0,0,4.95,5.01,5.04,0.00,VMS 1,,Tanque,,1.38,1.74,2.46,1.62,0.94,2.35,3.76,3.13
08/11/2024 06:19 p. m.,Ordeño,05:04,10.94,3,,,,,0,,0.90,1.26,1.74,1.38,0,0,0,0,4.88,5.01,4.95,0.00,VMS 1,,Tanque,,1.32,1.62,2.34,1.74,0.93,2.54,4.00,3.47
09/11/2024 05:29 a. m.,Ordeño,05:37,13.94,1,,,,,0,,1.08,1.32,1.86,1.32,0,0,0,0,4.94,5.01,4.91,0.00,VMS 1,,Tanque,,1.50,1.74,2.46,1.74,1.20,3.35,5.06,4.33
09/11/2024 03:40 p. m.,Ordeño,06:11,14.51,2,,,,,0,,1.02,1.44,1.80,1.44,0,0,0,0,5.32,5.42,5.32,0.00,VMS 1,,Tanque,,1.44,1.86,2.22,1.86,1.31,3.29,5.46,4.45
09/11/2024 11:52 p. m.,Ordeño,05:05,10.34,3,,,,,0,,0.96,1.26,1.74,1.20,0,0,0,0,5.30,5.16,5.18,0.00,VMS 1,,Tanque,,1.44,1.56,2.16,1.62,0.88,2.41,3.76,3.29
10/11/2024 06:22 a. m.,Ordeño,04:55,9.24,1,,,,,0,,1.02,1.26,1.80,1.20,0,0,0,0,5.06,5.17,5.04,0.00,VMS 1,,Tanque,,1.44,1.62,2.58,1.56,0.86,2.15,3.46,2.77
10/11/2024 07:03 p. m.,Ordeño,08:19,16.90,2,,,,,0,,1.20,1.26,1.98,1.32,0,0,0,0,5.34,5.59,5.21,0.00,VMS 1,,Tanque,,1.74,1.74,2.46,1.74,1.56,4.26,5.65,5.43
11/11/2024 02:42 a. m.,Ordeño,05:29,9.06,1,,,,,0,,0.90,1.14,1.86,1.26,0,0,0,0,5.08,5.06,4.95,0.00,VMS 1,,Tanque,,1.44,1.62,2.58,1.68,0.82,1.99,3.53,2.72
11/11/2024 11:04 a. m.,Ordeño,04:54,11.15,2,,,,,0,,1.08,1.20,2.16,1.26,0,0,0,0,5.12,5.12,4.86,0.00,VMS 1,,Tanque,,1.68,1.62,2.64,1.56,0.99,2.61,4.07,3.48
11/11/2024 05:01 p. m.,Ordeño,04:43,7.86,3,,,,,0,,0.96,1.08,1.92,1.20,0,0,0,0,4.85,5.05,5.01,0.00,VMS 1,,Tanque,,1.44,1.50,2.52,1.86,0.71,1.76,2.98,2.41
12/11/2024 12:44 a. m.,Ordeño,05:20,10.75,1,,,,,0,,1.02,1.26,1.92,1.20,0,0,0,0,4.99,5.13,5.12,0.00,VMS 1,,Tanque,,1.38,1.74,2.52,1.50,0.97,2.38,4.03,3.37
12/11/2024 11:23 a. m.,Ordeño,06:12,14.94,2,,,,,0,,1.08,1.26,2.16,1.32,0,0,0,0,5.33,5.34,5.01,0.00,VMS 1,,Tanque,,1.44,1.68,2.70,1.80,1.32,3.56,5.45,4.61
12/11/2024 09:09 p. m.,Ordeño,06:04,13.23,3,,,,,0,,1.08,1.26,2.10,1.26,0,0,0,0,5.33,5.32,4.92,0.00,VMS 1,,Tanque,,1.74,1.68,2.64,1.74,1.18,3.16,4.78,4.11
13/11/2024 07:28 a. m.,Ordeño,07:29,14.02,1,,,,,0,,1.14,1.14,1.92,1.20,0,0,0,0,5.45,5.24,5.16,0.00,VMS 1,,Tanque,,1.56,1.68,2.52,1.68,1.17,3.23,5.26,4.36
13/11/2024 03:49 p. m.,Ordeño,05:08,9.07,2,,,DD,DD,0,,1.02,0.00,1.92,1.20,0,0,0,0,4.98,0.00,5.03,0.00,VMS 1,,Tanque,,1.44,0.00,2.46,1.62,1.00,0.00,4.49,3.58
14/11/2024 03:03 a. m.,Ordeño,06:04,16.40,1,,,,,0,,1.08,1.44,1.92,1.26,0,0,0,0,5.07,5.60,4.94,0.00,VMS 1,,Tanque,,1.50,1.86,2.40,1.80,1.26,4.87,5.66,4.61
14/11/2024 11:03 a. m.,Ordeño,04:34,9.46,2,,,,,0,,1.08,1.14,1.86,1.26,0,0,0,0,4.52,4.63,4.54,0.00,VMS 1,,Tanque,,1.62,1.86,2.28,1.68,0.92,1.87,3.68,2.99
15/11/2024 12:04 a. m.,Ordeño,05:53,16.14,1,,,,,0,,0.96,1.26,1.98,1.38,0,0,0,0,5.09,5.22,4.97,0.00,VMS 1,,Tanque,,1.50,1.74,2.46,1.74,1.34,3.54,6.30,4.96
15/11/2024 10:32 a. m.,Ordeño,06:22,14.41,2,,,,,0,,1.20,1.26,2.10,1.38,0,0,0,0,5.02,5.14,4.96,0.00,VMS 1,,Tanque,,1.62,1.68,2.82,1.86,1.41,3.31,5.31,4.38
16/11/2024 12:06 a. m.,Ordeño,07:48,17.31,1,,,,,0,,1.14,1.32,2.10,1.32,0,0,0,0,4.81,5.14,4.61,0.00,VMS 1,,Tanque,,1.68,1.74,2.76,1.80,1.45,3.98,6.50,5.38
16/11/2024 08:38 a. m.,Ordeño,05:06,12.15,2,,,,,0,,1.14,1.20,2.16,1.26,0,0,0,0,4.88,4.93,4.84,0.00,VMS 1,,Tanque,,1.56,1.68,2.88,1.62,1.06,2.86,4.61,3.62
16/11/2024 04:44 p. m.,Ordeño,04:25,9.90,3,,,,,0,,0.90,1.20,2.04,1.32,0,0,0,0,4.81,4.96,4.75,0.00,VMS 1,,Tanque,,1.50,1.68,2.70,1.68,0.82,2.29,3.75,3.04
17/11/2024 01:48 a. m.,Ordeño,05:01,12.53,1,,,,,0,,1.08,1.44,2.16,1.50,0,0,0,0,5.03,5.09,4.94,0.00,VMS 1,,Tanque,,1.56,1.92,2.70,2.04,1.14,2.81,4.62,3.96
17/11/2024 11:04 a. m.,Ordeño,05:16,12.77,2,,,,,0,,1.20,1.44,2.28,1.44,0,0,0,0,5.13,5.20,4.80,0.00,VMS 1,,Tanque,,1.68,1.80,2.76,1.80,1.11,3.12,4.57,3.97
17/11/2024 11:00 p. m.,Ordeño,05:36,14.81,3,,,,,0,,1.14,1.44,2.16,1.38,0,0,0,0,4.88,5.05,4.62,0.00,VMS 1,,Tanque,,1.80,1.92,2.64,1.86,1.24,3.49,5.49,4.59
18/11/2024 09:27 a. m.,Ordeño,05:08,14.16,1,,,,,0,,1.20,1.38,2.04,1.50,0,0,0,0,5.00,5.17,4.96,0.00,VMS 1,,Tanque,,1.62,1.74,2.76,1.86,1.31,3.32,5.24,4.29
18/11/2024 05:52 p. m.,Ordeño,04:46,10.28,2,,,,,0,,1.02,1.26,2.04,1.26,0,0,0,0,4.82,4.81,4.61,0.00,VMS 1,,Tanque,,1.62,1.68,2.58,1.80,0.90,2.39,3.93,3.06
19/11/2024 08:28 a. m.,Ordeño,06:36,17.84,1,,,,,0,,1.20,1.44,2.52,1.44,0,0,0,0,5.14,5.35,4.80,0.00,VMS 1,,Tanque,,1.68,1.86,3.06,2.04,1.50,4.55,5.84,5.95
19/11/2024 06:25 p. m.,Ordeño,07:09,12.70,2,,,,,0,,1.02,1.32,2.10,1.38,0,0,0,0,4.74,4.82,4.61,0.00,VMS 1,,Tanque,,1.38,1.80,3.06,2.22,1.07,2.82,4.86,3.95
20/11/2024 05:42 a. m.,Ordeño,11:20,14.96,1,,,,,0,,2.04,1.38,1.08,1.50,0,0,0,0,4.81,4.91,4.92,0.00,VMS 1,,Tanque,,2.64,1.92,1.50,1.92,5.35,3.35,1.52,4.74
20/11/2024 03:07 p. m.,Ordeño,08:52,12.76,2,,,,,0,,1.98,1.26,1.08,1.32,0,0,0,0,4.81,4.71,4.79,0.00,VMS 1,,Tanque,,2.58,1.62,1.62,1.74,4.58,3.00,1.29,3.89
20/11/2024 11:47 p. m.,Ordeño,08:22,11.05,3,,,,,0,,1.02,1.14,1.92,1.32,0,0,0,0,4.51,4.53,4.50,0.00,VMS 1,,Tanque,,1.50,1.56,2.58,1.74,1.01,2.44,4.19,3.41
21/11/2024 08:08 a. m.,Ordeño,07:32,11.02,1,,,,,0,,1.08,1.08,2.16,1.38,0,0,0,0,4.97,4.93,4.70,0.00,VMS 1,,Tanque,,1.50,1.44,2.88,1.86,1.03,2.55,4.02,3.42
21/11/2024 02:50 p. m.,Ordeño,04:17,9.27,2,,,,,0,,0.90,1.44,1.98,1.44,0,0,0,0,5.35,5.54,5.41,0.00,VMS 1,,Tanque,,1.44,1.98,2.52,1.92,0.71,2.09,3.54,2.93
21/11/2024 10:52 p. m.,Ordeño,04:49,11.20,3,,,,,0,,0.96,1.20,1.98,1.38,0,0,0,0,5.08,5.21,5.15,0.00,VMS 1,,Tanque,,1.32,1.62,2.58,1.80,0.97,2.57,4.27,3.39
22/11/2024 10:45 a. m.,Ordeño,06:36,16.80,1,,,,,0,,1.14,1.38,2.10,1.50,0,0,0,0,5.33,5.41,5.09,0.00,VMS 1,,Tanque,,1.68,1.86,2.76,1.98,1.55,3.79,6.42,5.04
22/11/2024 10:35 p. m.,Ordeño,06:57,16.56,2,,,,,0,,1.02,1.50,2.04,1.50,0,0,0,0,5.13,5.15,4.91,0.00,VMS 1,,Tanque,,1.38,1.92,2.58,2.10,1.57,3.84,6.12,5.03
23/11/2024 09:46 a. m.,Ordeño,06:03,14.70,1,,,,,0,,1.20,1.32,2.10,1.38,0,0,0,0,4.79,4.74,4.61,0.00,VMS 1,,Tanque,,1.62,1.74,2.70,1.80,1.24,3.55,5.24,4.67
23/11/2024 10:59 p. m.,Ordeño,05:58,16.42,2,,,,,0,,1.08,1.44,1.92,1.44,0,0,0,0,4.87,4.73,4.77,0.00,VMS 1,,Tanque,,1.74,1.98,2.58,1.92,1.41,3.72,6.25,5.04
24/11/2024 07:19 a. m.,Ordeño,05:19,11.92,1,,,,,0,,1.14,1.38,1.86,1.32,0,0,0,0,4.91,4.94,4.91,0.00,VMS 1,,Tanque,,1.74,1.80,2.28,1.74,1.14,2.67,4.37,3.74
24/11/2024 07:59 p. m.,Ordeño,06:23,16.89,2,,,,,0,,1.14,1.32,1.92,1.32,0,0,0,0,4.90,4.94,4.79,0.00,VMS 1,,Tanque,,1.74,1.74,2.52,1.74,1.36,3.90,6.23,5.40
25/11/2024 08:45 a. m.,Ordeño,07:24,17.51,1,,,,,0,,1.26,1.26,2.34,1.38,0,0,0,0,4.91,4.96,4.60,0.00,VMS 1,,Tanque,,1.62,1.68,2.94,1.86,1.56,4.03,6.34,5.58
26/11/2024 09:16 a. m.,Ordeño,04:35,8.29,2,,,,,0,,0.96,1.26,1.68,1.38,0,0,0,0,4.63,5.22,4.94,0.00,VMS 1,,Tanque,,1.32,1.68,2.10,1.68,1.08,1.70,3.13,2.38
26/11/2024 09:12 p. m.,Ordeño,06:07,17.32,3,,,,,0,,1.20,1.38,2.04,1.50,0,0,0,0,5.11,5.08,4.97,0.00,VMS 1,,Tanque,,1.56,1.74,2.70,2.04,1.46,3.93,6.47,5.46
27/11/2024 09:14 a. m.,Ordeño,05:44,15.67,1,,,,,0,,1.26,1.32,2.10,1.44,0,0,0,0,5.16,5.01,4.69,0.00,VMS 1,,Tanque,,1.68,1.80,2.70,1.80,1.55,3.85,5.25,5.02
27/11/2024 03:51 p. m.,Ordeño,04:20,8.80,2,,,,,0,,1.02,1.14,1.74,1.20,0,0,0,0,4.78,4.63,4.64,0.00,VMS 1,,Tanque,,1.50,1.68,2.22,1.62,0.88,1.91,3.32,2.69
28/11/2024 02:06 a. m.,Ordeño,05:48,14.49,1,,,,,0,,1.02,1.20,1.86,1.32,0,0,0,0,4.86,4.89,4.75,0.00,VMS 1,,Tanque,,1.38,1.68,2.46,1.74,1.25,3.34,5.37,4.53
28/11/2024 10:47 a. m.,Ordeño,05:08,12.99,2,,,,,0,,1.02,1.50,1.92,1.38,0,0,0,0,5.04,5.14,5.02,0.00,VMS 1,,Tanque,,1.44,1.86,2.40,1.74,1.16,2.93,4.82,4.08
28/11/2024 07:32 p. m.,Ordeño,05:20,12.11,3,,,,,0,,0.78,1.38,1.74,1.20,0,0,0,0,4.77,5.09,5.08,0.00,VMS 1,,Tanque,,1.32,1.86,2.16,1.68,0.96,2.86,4.42,3.87
29/11/2024 03:06 a. m.,Ordeño,04:56,11.16,1,,,,,0,,1.08,1.32,1.92,1.26,0,0,0,0,4.79,4.94,4.75,0.00,VMS 1,,Tanque,,1.62,1.80,2.28,1.62,1.09,2.48,4.09,3.50
29/11/2024 12:01 p. m.,Ordeño,05:16,12.56,2,,,,,0,,1.14,1.44,2.04,1.26,0,0,0,0,4.77,4.81,4.87,0.00,VMS 1,,Tanque,,1.68,1.98,3.00,1.68,1.10,2.90,4.63,3.93
29/11/2024 10:08 p. m.,Ordeño,05:31,14.01,3,,,,,0,,1.02,1.26,1.80,1.32,0,0,0,0,4.48,4.60,4.66,0.00,VMS 1,,Tanque,,1.44,1.74,2.34,1.86,1.21,3.21,5.26,4.33
30/11/2024 11:02 a. m.,Ordeño,06:18,18.99,1,,,,,0,,1.08,1.44,1.86,1.44,0,0,0,0,4.88,4.87,4.91,0.00,VMS 1,,Tanque,,1.50,1.86,2.58,1.92,1.70,4.26,7.23,5.80
30/11/2024 11:13 p. m.,Ordeño,06:13,16.84,2,,,,,0,,1.02,1.44,1.74,1.38,0,0,0,0,4.77,4.80,4.82,0.00,VMS 1,,Tanque,,1.50,1.98,2.28,1.80,1.56,3.81,6.20,5.27
01/12/2024 11:32 a. m.,Ordeño,06:19,16.75,1,,,,,0,,1.32,1.32,2.10,1.38,0,0,0,0,4.75,4.74,4.81,0.00,VMS 1,,Tanque,,1.68,1.74,2.82,1.86,1.51,4.09,5.66,5.49
02/12/2024 12:20 a. m.,Ordeño,04:52,18.64,1,,,,,0,,0.90,1.62,2.64,1.44,0,0,0,0,4.43,4.51,4.19,0.00,VMS 1,,Tanque,,1.68,4.74,1.00,2.16,1.48,4.00,8.08,5.08
02/12/2024 10:22 a. m.,Ordeño,05:24,14.70,2,,,,,0,,1.14,1.26,2.40,1.32,0,0,0,0,4.46,4.53,4.39,0.00,VMS 1,,Tanque,,1.62,1.92,3.48,1.80,1.19,3.21,5.97,4.33
02/12/2024 09:01 p. m.,Ordeño,05:34,14.17,3,,,,,0,,1.02,1.32,2.16,1.32,0,0,0,0,4.18,4.27,4.21,0.00,VMS 1,,Tanque,,1.56,1.68,3.12,1.68,1.13,2.96,5.98,4.10
03/12/2024 11:10 a. m.,Ordeño,06:00,18.59,1,,,,,0,,1.14,1.32,2.52,1.50,0,0,0,0,4.51,4.54,4.27,0.00,VMS 1,,Tanque,,1.68,1.74,3.30,1.92,1.40,4.11,7.35,5.73
03/12/2024 09:16 p. m.,Ordeño,05:46,13.85,2,,,,,0,,1.14,1.32,2.04,1.32,0,0,0,0,4.39,4.53,4.56,0.00,VMS 1,,Tanque,,1.56,1.74,2.76,1.74,1.10,3.07,5.56,4.12
04/12/2024 07:49 a. m.,Ordeño,06:15,15.71,1,,,,,0,,1.26,1.32,2.16,1.44,0,0,0,0,4.88,5.00,4.78,0.00,VMS 1,,Tanque,,1.68,1.68,3.18,1.86,1.32,3.48,6.36,4.55
04/12/2024 06:47 p. m.,Ordeño,05:57,15.48,2,,,,,0,,1.08,1.32,2.04,1.44,0,0,0,0,4.41,4.70,4.76,0.00,VMS 1,,Tanque,,1.56,1.74,3.00,2.04,1.31,3.37,6.15,4.65
05/12/2024 08:57 a. m.,Ordeño,07:10,19.31,1,,,,,0,,1.26,1.50,1.92,1.56,0,0,0,0,4.90,4.74,4.65,0.00,VMS 1,,Tanque,,1.62,1.92,2.40,2.10,1.82,4.50,6.71,6.28
05/12/2024 10:36 p. m.,Ordeño,05:48,17.66,2,,,,,0,,1.20,1.44,1.98,1.56,0,0,0,0,4.62,4.63,4.71,0.00,VMS 1,,Tanque,,1.62,1.86,2.70,1.98,1.47,4.12,6.50,5.57
06/12/2024 07:58 a. m.,Ordeño,05:22,13.21,1,,,,,0,,1.14,1.56,1.68,1.56,0,0,0,0,4.59,4.66,4.26,0.00,VMS 1,,Tanque,,1.62,2.40,2.22,2.10,1.14,2.97,5.08,4.02
06/12/2024 03:14 p. m.,Ordeño,04:51,9.69,2,,,,,0,,1.02,1.32,1.92,1.26,0,0,0,0,4.46,4.65,4.75,0.00,VMS 1,,Tanque,,1.56,1.68,2.46,1.74,0.84,2.16,3.56,3.13
07/12/2024 02:55 a. m.,Ordeño,06:46,16.28,1,,,,,0,,1.20,1.32,2.34,1.56,0,0,0,0,4.88,4.99,4.79,0.00,VMS 1,,Tanque,,1.68,1.74,2.88,2.04,1.31,3.79,5.94,5.24
07/12/2024 11:07 a. m.,Ordeño,04:32,10.69,2,,,,,0,,1.02,1.26,1.92,1.44,0,0,0,0,4.53,4.70,4.64,0.00,VMS 1,,Tanque,,1.50,1.86,2.52,1.86,0.91,2.41,4.02,3.35
07/12/2024 10:21 p. m.,Ordeño,04:57,12.29,3,,,,,0,,0.96,1.20,2.10,1.50,0,0,0,0,4.51,4.54,4.53,0.00,VMS 1,,Tanque,,1.56,1.56,2.82,2.04,1.02,2.79,4.52,3.96
08/12/2024 10:49 a. m.,Ordeño,07:33,15.76,1,,,,,0,,1.20,1.32,2.28,1.56,0,0,0,0,4.61,4.66,4.39,0.00,VMS 1,,Tanque,,1.62,1.92,2.82,1.98,1.35,3.70,5.70,5.01
08/12/2024 09:40 p. m.,Ordeño,06:14,11.69,2,,,,,0,,1.02,1.14,1.86,1.44,0,0,0,0,4.29,4.40,4.53,0.00,VMS 1,,Tanque,,1.62,1.62,2.28,1.86,1.01,2.60,4.45,3.63
09/12/2024 06:33 a. m.,Ordeño,04:57,11.61,1,,,,,0,,1.02,1.20,1.92,1.44,0,0,0,0,4.55,4.52,4.60,0.00,VMS 1,,Tanque,,1.62,1.56,2.52,1.98,0.96,2.58,4.35,3.72
09/12/2024 05:00 p. m.,Ordeño,05:01,13.25,2,,,,,0,,0.96,1.38,1.92,1.50,0,0,0,0,4.74,4.65,4.72,0.00,VMS 1,,Tanque,,1.44,1.86,2.52,1.98,1.09,3.00,5.00,4.16
10/12/2024 07:36 a. m.,Ordeño,11:08,11.10,1,,,TD,TD,0,,1.14,1.32,2.22,0.00,0,0,0,0,4.76,4.79,4.47,0.00,VMS 1,,Tanque,,1.62,2.04,2.88,0.00,1.68,3.75,5.67,0.00
10/12/2024 01:00 p. m.,Ordeño,06:57,11.78,2,,,,,0,,1.02,1.26,1.92,1.44,0,0,0,0,4.52,4.37,4.47,0.00,VMS 1,,Tanque,,1.56,1.68,2.40,2.52,0.73,1.81,2.90,6.34
11/12/2024 01:49 a. m.,Ordeño,05:47,15.83,1,,,,,0,,1.20,1.38,1.98,1.32,0,0,0,0,4.85,4.85,4.85,0.00,VMS 1,,Tanque,,1.68,1.68,2.46,1.68,1.38,3.85,6.14,4.46
11/12/2024 11:41 a. m.,Ordeño,04:56,12.71,2,,,,,0,,1.14,1.26,1.98,1.26,0,0,0,0,4.82,4.66,4.61,0.00,VMS 1,,Tanque,,1.68,1.74,2.52,1.62,1.27,3.01,4.98,3.45
12/12/2024 01:56 a. m.,Ordeño,06:16,17.05,1,,,,,0,,1.26,1.44,2.04,1.44,0,0,0,0,4.94,4.78,4.66,0.00,VMS 1,,Tanque,,1.68,1.86,2.58,1.98,1.60,4.07,5.88,5.50
12/12/2024 03:12 p. m.,Ordeño,05:43,16.06,2,,,,,0,,1.14,1.50,2.22,1.44,0,0,0,0,4.71,4.96,4.50,0.00,VMS 1,,Tanque,,1.56,1.92,2.82,2.28,1.32,3.92,5.98,4.84
13/12/2024 01:23 a. m.,Ordeño,05:22,12.54,1,,,,,0,,1.14,1.26,1.92,1.14,0,0,0,0,4.65,4.63,4.66,0.00,VMS 1,,Tanque,,1.56,1.56,2.52,1.56,1.11,2.91,4.87,3.65
13/12/2024 11:49 a. m.,Ordeño,04:55,13.32,2,,,,,0,,1.02,1.32,2.04,1.38,0,0,0,0,4.97,5.03,4.91,0.00,VMS 1,,Tanque,,1.50,1.74,2.52,1.86,1.16,3.07,5.36,3.73
13/12/2024 11:58 p. m.,Ordeño,05:27,14.64,1,,,,,0,,1.02,1.32,2.04,1.44,0,0,0,0,4.77,4.74,4.68,0.00,VMS 1,,Tanque,,1.56,1.92,2.52,1.86,1.25,3.29,5.45,4.65
14/12/2024 09:48 a. m.,Ordeño,05:17,12.51,2,,,,,0,,1.14,1.50,2.10,1.44,0,0,0,0,4.69,4.69,4.47,0.00,VMS 1,,Tanque,,1.56,2.10,2.58,1.86,1.14,2.79,4.62,3.96
14/12/2024 07:10 p. m.,Ordeño,04:52,11.08,3,,,,,0,,1.08,1.32,2.04,1.32,0,0,0,0,4.49,4.56,4.61,0.00,VMS 1,,Tanque,,1.86,1.80,2.52,1.68,0.98,2.48,4.18,3.44
15/12/2024 06:40 a. m.,Ordeño,06:22,15.31,1,,,,,0,,1.20,1.32,2.16,1.32,0,0,0,0,4.65,4.83,4.66,0.00,VMS 1,,Tanque,,1.62,1.86,2.76,1.68,1.30,3.37,5.96,4.68
15/12/2024 04:58 p. m.,Ordeño,05:06,12.68,2,,,,,0,,1.14,1.32,2.10,1.38,0,0,0,0,4.64,4.74,4.59,0.00,VMS 1,,Tanque,,1.56,1.86,2.64,1.74,1.16,2.95,4.60,3.97
15/12/2024 11:27 p. m.,Ordeño,03:54,7.59,3,,,,,0,,0.90,1.26,1.86,1.32,0,0,0,0,4.23,4.68,4.75,0.00,VMS 1,,Tanque,,1.44,1.68,2.46,1.68,0.65,1.72,2.80,2.42
16/12/2024 10:34 a. m.,Ordeño,05:02,14.30,1,,,,,0,,1.14,1.38,2.10,1.50,0,0,0,0,4.94,4.81,4.87,0.00,VMS 1,,Tanque,,1.68,1.80,2.64,1.86,1.26,3.25,5.36,4.43
16/12/2024 11:20 p. m.,Ordeño,05:32,16.13,2,,,,,0,,1.14,1.38,2.22,1.56,0,0,0,0,4.83,4.92,4.66,0.00,VMS 1,,Tanque,,1.68,1.80,2.82,2.10,1.36,3.68,6.01,5.08
17/12/2024 10:10 a. m.,Ordeño,04:52,13.89,1,,,,,0,,1.08,1.50,2.40,1.56,0,0,0,0,4.62,4.66,4.39,0.00,VMS 1,,Tanque,,1.50,2.10,2.88,2.22,1.18,3.05,5.29,4.37
18/12/2024 01:07 a. m.,Ordeño,05:54,18.30,1,,,,,0,,1.26,1.50,2.10,1.62,0,0,0,0,4.94,4.88,4.75,0.00,VMS 1,,Tanque,,1.74,1.98,2.58,2.10,1.75,4.43,6.09,6.03
18/12/2024 12:09 p. m.,Ordeño,06:12,14.32,2,,,,,0,,1.14,1.32,2.16,1.50,0,0,0,0,4.64,4.65,4.53,0.00,VMS 1,,Tanque,,1.56,1.74,2.70,1.98,1.29,3.11,5.33,4.59
19/12/2024 02:47 a. m.,Ordeño,06:39,15.11,1,,,,,0,,1.14,1.44,1.86,1.50,0,0,0,0,4.95,5.07,4.63,0.00,VMS 1,,Tanque,,1.50,1.92,2.46,2.04,1.53,4.12,3.49,5.97
19/12/2024 12:55 p. m.,Ordeño,04:42,12.87,2,,,,,0,,1.08,1.44,2.10,1.50,0,0,0,0,4.88,4.91,4.97,0.00,VMS 1,,Tanque,,1.50,1.92,2.76,2.10,1.10,2.93,4.88,3.96
20/12/2024 12:19 a. m.,Ordeño,06:11,14.70,1,,,,,0,,1.08,1.44,2.04,1.50,0,0,0,0,4.95,4.92,4.87,0.00,VMS 1,,Tanque,,1.38,2.28,2.64,2.16,1.33,3.26,5.44,4.67
20/12/2024 07:10 a. m.,Ordeño,05:02,9.32,2,,,,,0,,1.08,1.26,1.98,1.32,0,0,0,0,4.57,4.59,4.63,0.00,VMS 1,,Tanque,,1.62,1.74,2.58,1.80,0.96,2.07,3.51,2.78
20/12/2024 03:59 p. m.,Ordeño,05:14,11.03,3,,,,,0,,0.90,1.38,1.92,1.32,0,0,0,0,4.77,4.81,4.75,0.00,VMS 1,,Tanque,,1.32,1.80,2.46,1.86,0.96,2.51,4.00,3.56
21/12/2024 12:21 a. m.,Ordeño,04:44,10.68,1,,,,,0,,0.96,1.26,1.98,1.44,0,0,0,0,4.76,4.89,4.73,0.00,VMS 1,,Tanque,,1.38,1.68,2.52,1.80,0.95,2.39,3.88,3.46
21/12/2024 09:03 a. m.,Ordeño,04:55,11.59,2,,,,,0,,1.02,1.32,2.04,1.44,0,0,0,0,4.69,4.76,4.77,0.00,VMS 1,,Tanque,,1.38,1.74,2.52,1.92,1.00,2.45,4.41,3.73
21/12/2024 06:18 p. m.,Ordeño,05:32,11.84,3,,,,,0,,0.90,1.14,1.92,1.32,0,0,0,0,4.63,4.74,4.78,0.00,VMS 1,,Tanque,,1.38,1.44,2.52,1.80,0.98,2.54,4.42,3.90
22/12/2024 05:10 a. m.,Ordeño,06:12,14.50,1,,,,,0,,1.02,1.26,2.28,1.38,0,0,0,0,4.63,4.72,4.36,0.00,VMS 1,,Tanque,,1.44,1.68,2.76,1.80,1.34,3.34,5.31,4.51
22/12/2024 03:56 p. m.,Ordeño,06:02,13.43,2,,,,,0,,1.08,1.26,2.16,1.44,0,0,0,0,4.63,4.55,4.49,0.00,VMS 1,,Tanque,,1.50,1.68,2.70,1.98,1.20,3.10,4.72,4.41
23/12/2024 12:20 a. m.,Ordeño,05:07,11.62,1,,,,,0,,1.02,1.20,2.16,1.44,0,0,0,0,4.50,4.42,4.49,0.00,VMS 1,,Tanque,,1.50,1.68,2.88,2.04,1.05,2.56,4.36,3.65
23/12/2024 12:17 p. m.,Ordeño,07:07,16.21,2,,,,,0,,1.14,1.32,2.28,1.50,0,0,0,0,4.80,4.85,4.61,0.00,VMS 1,,Tanque,,1.68,1.92,3.12,2.10,1.41,3.75,5.72,5.33
23/12/2024 10:58 p. m.,Ordeño,05:20,13.08,3,,,,,0,,0.90,1.26,2.16,1.38,0,0,0,0,4.32,4.46,4.31,0.00,VMS 1,,Tanque,,1.32,1.68,2.76,1.80,1.10,2.91,4.94,4.13
24/12/2024 05:46 a. m.,Ordeño,04:23,8.79,1,,,,,0,,0.90,1.08,1.98,1.32,0,0,0,0,4.31,4.38,4.42,0.00,VMS 1,,Tanque,,1.32,1.50,2.52,1.92,0.81,1.87,3.36,2.75
24/12/2024 03:29 p. m.,Ordeño,05:47,12.81,2,,,,,0,,1.08,1.14,2.16,1.38,0,0,0,0,4.47,4.54,4.70,0.00,VMS 1,,Tanque,,1.50,1.62,2.64,1.98,1.11,2.70,4.82,4.18
25/12/2024 01:09 a. m.,Ordeño,05:08,11.83,1,,,,,0,,0.96,1.20,1.92,1.38,0,0,0,0,4.33,4.37,4.34,0.00,VMS 1,,Tanque,,1.38,1.56,2.40,1.80,1.11,2.62,4.26,3.84
25/12/2024 12:30 p. m.,Ordeño,05:20,14.24,2,,,,,0,,1.02,1.38,1.98,1.44,0,0,0,0,4.58,4.61,4.56,0.00,VMS 1,,Tanque,,1.38,1.80,2.58,1.80,1.27,2.95,5.51,4.51
26/12/2024 12:33 a. m.,Ordeño,05:50,16.31,1,,,,,0,,1.02,1.26,1.98,1.44,0,0,0,0,4.21,4.55,4.61,0.00,VMS 1,,Tanque,,1.38,1.68,2.64,1.98,1.39,3.58,6.17,5.17
26/12/2024 10:19 a. m.,Ordeño,05:07,12.47,2,,,,,0,,0.96,1.20,2.04,1.38,0,0,0,0,4.34,4.61,4.53,0.00,VMS 1,,Tanque,,1.44,1.62,2.76,1.86,1.13,2.85,4.52,3.97
26/12/2024 06:09 p. m.,Ordeño,04:53,10.81,3,,,,,0,,0.96,1.26,1.92,1.32,0,0,0,0,4.59,4.59,4.70,0.00,VMS 1,,Tanque,,1.44,1.68,2.40,1.80,0.93,2.36,4.01,3.51
27/12/2024 08:35 a. m.,Ordeño,06:33,19.10,1,,,,,0,,1.08,1.26,2.40,1.44,0,0,0,0,4.65,4.87,4.58,0.00,VMS 1,,Tanque,,1.56,1.68,3.06,1.86,1.52,4.43,6.97,6.18
27/12/2024 06:29 p. m.,Ordeño,05:01,12.86,2,,,,,0,,1.08,1.38,2.04,1.38,0,0,0,0,4.46,4.71,4.56,0.00,VMS 1,,Tanque,,1.56,1.98,2.52,1.92,1.22,2.86,4.73,4.05
28/12/2024 01:13 a. m.,Ordeño,04:34,9.38,1,,,,,0,,0.96,1.14,1.92,1.26,0,0,0,0,4.45,4.77,4.71,0.00,VMS 1,,Tanque,,1.50,1.68,2.46,1.62,0.79,2.05,3.49,3.05
28/12/2024 11:46 a. m.,Ordeño,05:01,13.95,2,,,,,0,,0.96,1.38,1.98,1.50,0,0,0,0,4.65,4.83,4.85,0.00,VMS 1,,Tanque,,1.38,1.80,2.58,1.92,1.13,3.06,5.40,4.36
28/12/2024 07:58 p. m.,Ordeño,04:52,10.98,3,,,,,0,,0.90,1.20,1.98,1.32,0,0,0,0,4.60,4.62,4.57,0.00,VMS 1,,Tanque,,1.32,1.62,2.58,1.74,0.95,2.47,4.06,3.50
29/12/2024 03:34 a. m.,Ordeño,04:57,10.63,1,,,,,0,,0.90,1.20,1.92,1.20,0,0,0,0,4.61,4.78,4.69,0.00,VMS 1,,Tanque,,1.38,1.68,2.46,1.56,0.96,2.37,3.95,3.35
29/12/2024 12:56 p. m.,Ordeño,05:03,12.70,2,,,,,0,,1.08,1.20,2.22,1.38,0,0,0,0,4.82,4.64,4.49,0.00,VMS 1,,Tanque,,1.56,1.62,2.70,1.86,1.17,2.78,4.77,3.98
29/12/2024 11:44 p. m.,Ordeño,05:13,13.94,3,,,,,0,,1.08,1.32,2.10,1.50,0,0,0,0,4.61,4.59,4.59,0.00,VMS 1,,Tanque,,1.62,1.80,2.64,1.92,1.18,3.10,5.30,4.36
30/12/2024 10:21 a. m.,Ordeño,05:33,14.08,1,,,,,0,,1.02,1.20,2.04,1.44,0,0,0,0,4.47,4.60,4.47,0.00,VMS 1,,Tanque,,1.44,1.56,2.64,1.86,1.22,3.18,5.33,4.35
30/12/2024 06:05 p. m.,Ordeño,04:59,10.83,2,,,,,0,,0.90,1.26,1.92,1.50,0,0,0,0,4.50,4.65,4.41,0.00,VMS 1,,Tanque,,1.32,1.68,2.46,1.86,0.94,2.29,4.25,3.35
31/12/2024 01:54 a. m.,Ordeño,05:00,11.23,1,,,,,0,,0.84,1.32,2.04,1.38,0,0,0,0,4.37,4.57,4.43,0.00,VMS 1,,Tanque,,1.26,1.80,2.64,1.86,0.95,2.40,4.33,3.55
31/12/2024 02:15 p. m.,Ordeño,05:38,16.71,2,,,,,0,,1.02,1.38,1.98,1.56,0,0,0,0,4.49,4.75,4.51,0.00,VMS 1,,Tanque,,1.44,1.86,2.64,1.92,1.38,3.80,6.14,5.39
01/01/2025 01:00 a. m.,Ordeño,05:05,13.96,1,,,,,0,,0.96,1.38,1.92,1.50,0,0,0,0,4.37,4.45,4.26,0.00,VMS 1,,Tanque,,1.44,1.86,2.40,1.92,1.25,3.13,5.26,4.32
01/01/2025 12:38 p. m.,Ordeño,05:21,15.13,2,,,,,0,,1.08,1.32,1.98,1.56,0,0,0,0,4.38,4.59,4.30,0.00,VMS 1,,Tanque,,1.50,1.74,2.52,1.92,1.26,3.40,5.42,5.05
02/01/2025 01:40 a. m.,Ordeño,06:36,17.84,1,,,,,0,,1.20,1.44,1.98,1.56,0,0,0,0,4.61,4.55,4.38,0.00,VMS 1,,Tanque,,1.74,1.86,2.58,2.10,1.53,4.06,6.72,5.53
02/01/2025 01:56 p. m.,Ordeño,05:59,16.17,2,,,,,0,,1.08,1.38,2.04,1.56,0,330,0,0,4.16,4.38,4.04,0.00,VMS 1,,Tanque,,1.50,1.74,2.64,1.98,1.33,3.57,6.31,4.96
03/01/2025 02:01 a. m.,Ordeño,06:57,16.24,1,,,,,0,,1.08,1.32,2.10,1.44,0,0,0,0,4.30,4.44,4.20,0.00,VMS 1,,Tanque,,1.50,1.92,2.82,1.92,1.37,3.65,6.10,5.12
03/01/2025 04:12 p. m.,Ordeño,07:28,17.90,2,,,,,0,,1.14,1.44,1.98,1.50,0,0,0,0,4.45,4.56,4.43,0.00,VMS 1,,Tanque,,1.50,1.92,2.46,2.10,1.45,4.09,6.53,5.83
04/01/2025 03:58 a. m.,Ordeño,05:21,14.00,1,,,,,0,,1.02,1.20,2.16,1.38,0,0,0,0,4.42,4.40,4.18,0.00,VMS 1,,Tanque,,1.56,1.62,2.58,1.80,1.13,3.14,5.22,4.51
04/01/2025 05:32 p. m.,Ordeño,05:57,15.86,2,,,,,0,,1.08,1.44,2.40,1.44,0,0,0,0,4.64,4.71,4.36,0.00,VMS 1,,Tanque,,1.50,1.74,3.00,1.86,1.28,3.47,6.10,5.01
05/01/2025 02:57 a. m.,Ordeño,05:13,11.43,1,,,,,0,,0.90,1.26,1.92,1.38,0,0,0,0,4.29,4.38,4.31,0.00,VMS 1,,Tanque,,1.32,1.62,2.34,1.98,0.90,2.52,4.38,3.63
05/01/2025 12:30 p. m.,Ordeño,05:44,10.56,2,,DD,,,0,,0.96,1.14,1.98,1.26,0,0,0,0,4.50,4.46,4.37,0.00,VMS 1,,Tanque,,1.44,1.56,2.76,1.74,0.86,2.35,3.94,3.41
06/01/2025 02:40 a. m.,Ordeño,06:14,17.15,1,,,,,0,,1.08,1.38,2.16,1.44,0,0,0,0,4.69,4.65,4.23,0.00,VMS 1,,Tanque,,1.50,1.86,2.70,2.10,1.37,3.86,6.47,5.45
06/01/2025 12:19 p. m.,Ordeño,05:54,11.73,2,,,,,0,,1.08,1.20,2.10,1.44,0,0,0,0,4.28,4.38,4.14,0.00,VMS 1,,Tanque,,1.62,1.80,2.52,2.10,1.19,2.52,4.34,3.68
07/01/2025 08:07 a. m.,Ordeño,07:02,20.47,1,,,,,0,,1.32,1.50,2.16,1.56,0,0,0,0,4.64,4.85,4.52,0.00,VMS 1,,Tanque,,1.80,2.04,2.76,2.16,1.95,4.59,6.75,7.18
07/01/2025 04:42 p. m.,Ordeño,04:26,10.05,2,,,,,0,,1.02,1.32,2.10,1.32,0,0,0,0,4.13,4.36,4.11,0.00,VMS 1,,Tanque,,1.56,1.80,2.64,2.04,0.88,2.28,3.80,3.09
08/01/2025 06:06 a. m.,Ordeño,05:39,15.28,1,,,,,0,,1.14,1.38,2.46,1.44,0,0,0,0,4.63,4.59,4.25,0.00,VMS 1,,Tanque,,1.68,1.80,3.12,1.74,1.26,3.54,5.52,4.96
08/01/2025 04:31 p. m.,Ordeño,05:30,13.46,2,,,,,0,,1.20,1.38,2.28,1.38,0,0,0,0,4.68,4.52,4.18,0.00,VMS 1,,Tanque,,1.74,1.74,3.00,1.86,1.30,3.03,4.89,4.24
09/01/2025 01:54 a. m.,Ordeño,04:42,12.02,1,,,,,0,,1.08,1.38,2.10,1.44,0,0,0,0,4.81,4.66,4.52,0.00,VMS 1,,Tanque,,1.50,1.80,2.64,1.92,1.13,2.63,4.56,3.70
09/01/2025 03:50 p. m.,Ordeño,05:51,17.64,2,,,,,0,,1.14,1.32,2.22,1.62,0,0,0,0,4.81,4.63,4.46,0.00,VMS 1,,Tanque,,1.56,1.80,2.88,2.28,1.50,3.99,6.59,5.56
10/01/2025 10:56 p. m.,Ordeño,05:10,14.58,2,,,,,0,,1.02,1.32,2.04,1.50,0,0,0,0,4.46,4.52,4.30,0.00,VMS 1,,Tanque,,1.50,1.80,2.58,2.10,1.36,3.14,5.52,4.56
11/01/2025 11:06 a. m.,Ordeño,05:27,15.54,1,,,,,0,,1.08,1.38,2.40,1.50,0,0,0,0,4.86,4.82,4.55,0.00,VMS 1,,Tanque,,1.50,1.86,2.94,2.04,1.35,3.50,5.77,4.92
11/01/2025 09:26 p. m.,Ordeño,05:07,13.28,2,,,,,0,,1.02,1.32,2.10,1.44,0,0,0,0,4.93,4.69,4.49,0.00,VMS 1,,Tanque,,1.38,1.62,2.82,1.98,1.11,2.93,5.01,4.23
12/01/2025 06:25 a. m.,Ordeño,05:21,12.75,1,,,,,0,,1.14,1.38,2.22,1.56,0,0,0,0,4.82,4.96,4.65,0.00,VMS 1,,Tanque,,1.62,1.92,2.64,2.04,1.19,2.78,4.67,4.11
12/01/2025 02:16 p. m.,Ordeño,04:22,9.93,2,,,,,0,,0.90,1.50,1.86,1.62,0,0,0,0,4.68,4.76,4.77,0.00,VMS 1,,Tanque,,1.38,1.98,2.28,2.16,0.86,2.11,3.70,3.26
13/01/2025 07:56 a. m.,Ordeño,07:48,21.03,1,,,,,0,,1.32,1.56,2.64,1.56,0,0,0,0,5.07,5.05,4.61,0.00,VMS 1,,Tanque,,1.68,1.92,3.30,2.28,1.76,5.15,6.87,7.25
13/01/2025 09:24 p. m.,Ordeño,05:50,8.92,2,,,"DI,TI","DI,TI",0,,0.00,1.26,0.00,1.50,0,0,0,0,0.00,4.55,0.00,0.00,VMS 1,,Tanque,,0.00,1.62,0.00,2.10,0.00,3.62,0.00,5.30
14/01/2025 09:01 a. m.,Ordeño,08:14,18.84,1,,,,,0,,1.38,1.38,2.34,1.68,0,0,0,0,5.07,4.55,4.35,0.00,VMS 1,,Tanque,,1.80,1.68,3.00,2.16,2.11,3.26,8.75,4.72
15/01/2025 07:03 p. m.,Ordeño,05:01,11.58,2,,,,,0,,1.08,1.26,2.10,1.38,0,0,0,0,4.59,4.54,4.31,0.00,VMS 1,,Tanque,,1.50,2.04,2.70,1.86,0.96,2.61,4.14,3.87
16/01/2025 09:32 a. m.,Ordeño,06:35,18.46,1,,,,,0,,1.20,1.56,2.52,1.50,0,0,0,0,5.01,5.11,4.58,0.00,VMS 1,,Tanque,,1.56,1.98,3.18,2.16,1.51,4.39,6.66,5.90
16/01/2025 06:38 p. m.,Ordeño,04:27,10.59,2,,,,,0,,0.96,1.38,2.16,1.44,0,0,0,0,4.76,4.91,4.59,0.00,VMS 1,,Tanque,,1.44,1.74,2.64,1.86,0.86,2.41,3.96,3.36
17/01/2025 02:08 a. m.,Ordeño,04:19,10.13,1,,,,,0,,0.96,1.44,2.04,1.50,0,0,0,0,4.82,4.96,4.79,0.00,VMS 1,,Tanque,,1.44,1.80,2.64,2.04,0.83,2.21,3.91,3.18
17/01/2025 03:12 p. m.,Ordeño,06:52,17.44,2,,,,,0,,1.08,1.44,2.34,1.50,0,0,0,0,5.17,5.08,4.72,0.00,VMS 1,,Tanque,,1.44,1.86,2.94,1.98,1.48,4.11,6.17,5.68
18/01/2025 03:23 a. m.,Ordeño,05:42,15.99,1,,,,,0,,1.26,1.32,2.40,1.44,0,0,0,0,4.89,4.85,4.54,0.00,VMS 1,,Tanque,,1.74,1.74,2.88,1.86,1.55,3.97,5.35,5.12
18/01/2025 12:55 p. m.,Ordeño,04:47,12.51,2,,,,,0,,1.14,1.44,2.16,1.44,0,0,0,0,4.69,4.73,4.60,0.00,VMS 1,,Tanque,,1.62,1.86,2.94,1.92,1.08,2.83,4.71,3.89
18/01/2025 07:28 p. m.,Ordeño,04:03,7.67,3,,,,,0,,0.90,1.26,1.86,1.26,0,0,0,0,4.42,4.62,4.64,0.00,VMS 1,,Tanque,,1.38,1.68,2.40,1.62,0.61,1.58,3.03,2.45
19/01/2025 05:55 a. m.,Ordeño,05:38,13.69,1,,,,,0,,1.08,1.20,2.04,1.32,0,0,0,0,4.67,4.69,4.65,0.00,VMS 1,,Tanque,,1.50,1.44,2.58,1.80,1.10,3.04,5.07,4.48
19/01/2025 02:51 p. m.,Ordeño,04:57,11.25,2,,,,,0,,1.02,1.32,1.92,1.32,0,0,0,0,4.62,4.53,4.46,0.00,VMS 1,,Tanque,,1.56,1.68,2.46,1.80,0.97,2.49,4.20,3.59
20/01/2025 03:32 a. m.,Ordeño,06:33,16.90,1,,,,,0,,1.20,1.26,1.98,1.44,0,0,0,0,4.75,4.68,4.58,0.00,VMS 1,,Tanque,,1.62,1.62,2.94,1.86,1.37,3.80,6.39,5.34
20/01/2025 05:08 p. m.,Ordeño,05:45,17.83,2,,,,,0,,1.20,1.32,2.10,1.50,0,0,0,0,4.53,4.62,4.45,0.00,VMS 1,,Tanque,,1.68,1.80,2.70,1.98,1.53,3.95,6.79,5.56
21/01/2025 08:25 a. m.,Ordeño,06:38,18.55,1,,,,,0,,1.14,1.44,2.10,1.68,0,0,0,0,4.45,4.47,4.42,0.00,VMS 1,,Tanque,,1.62,1.74,2.76,2.04,1.75,3.49,7.36,5.95
21/01/2025 04:28 p. m.,Ordeño,04:24,11.07,2,,TD,,,0,,1.08,1.26,2.10,1.50,0,0,0,0,4.24,4.26,4.21,4.44,VMS 3,,Tanque,,1.74,1.80,2.70,2.10,1.05,2.35,3.97,3.70
21/01/2025 11:25 p. m.,Ordeño,03:49,8.83,3,,,,,0,,0.72,1.14,1.98,1.50,0,0,0,0,3.89,4.19,4.09,4.32,VMS 3,,Tanque,,1.26,1.56,2.40,1.98,0.80,2.00,3.11,2.92
22/01/2025 11:28 a. m.,Ordeño,06:28,17.34,1,,,,,0,,1.26,1.56,2.34,1.62,0,0,0,0,4.48,4.52,4.24,4.59,VMS 3,,Tanque,,1.74,1.92,2.94,2.10,1.60,4.00,5.92,5.82
22/01/2025 07:22 p. m.,Ordeño,04:55,10.02,2,,,,,0,,1.02,1.26,2.10,1.44,0,0,0,0,4.18,4.24,4.20,4.33,VMS 3,,Tanque,,1.56,1.68,2.58,1.98,0.95,2.17,3.56,3.34
23/01/2025 07:33 a. m.,Ordeño,05:35,16.88,1,,,,,0,,1.14,1.50,2.34,1.62,0,0,0,0,4.47,4.45,4.24,4.53,VMS 3,,Tanque,,1.68,2.16,2.88,1.98,1.41,3.80,6.08,5.59
23/01/2025 03:20 p. m.,Ordeño,04:27,9.94,2,,,,,0,,1.08,1.38,2.16,1.44,0,0,0,0,4.15,4.16,4.12,4.18,VMS 3,,Tanque,,1.68,1.80,2.70,1.86,0.93,2.21,3.53,3.27
24/01/2025 02:33 a. m.,Ordeño,05:27,14.33,1,,,,,0,,1.14,1.44,2.34,1.50,0,0,0,0,4.36,4.30,4.19,4.43,VMS 3,,Tanque,,1.68,1.74,3.06,2.04,1.24,3.16,5.15,4.78
24/01/2025 02:05 p. m.,Ordeño,05:59,16.85,2,,,,,0,,1.20,1.44,2.22,1.50,0,0,0,0,4.49,4.37,4.24,4.53,VMS 3,,Tanque,,1.80,1.92,2.76,1.92,1.53,3.77,6.06,5.49
24/01/2025 10:17 p. m.,Ordeño,04:13,10.50,3,,,,,0,,0.84,1.14,1.92,1.44,0,0,0,0,4.23,4.18,4.09,4.19,VMS 3,,Tanque,,1.50,1.56,2.40,1.86,0.99,2.29,3.73,3.49
25/01/2025 06:25 a. m.,Ordeño,04:44,11.40,1,,,,,0,,1.08,1.44,1.98,1.50,0,0,0,0,4.21,4.38,4.41,4.35,VMS 3,,Tanque,,1.56,1.92,2.46,1.98,1.08,2.51,3.96,3.85
25/01/2025 05:43 p. m.,Ordeño,05:22,15.49,2,,,,,0,,1.26,1.44,2.16,1.56,0,0,0,0,4.02,4.52,4.38,4.63,VMS 3,,Tanque,,2.22,1.86,2.64,1.98,1.91,3.39,5.10,5.09
26/01/2025 07:38 a. m.,Ordeño,06:12,19.13,1,,,,,0,,1.26,1.44,2.22,1.68,0,0,0,0,4.36,4.36,4.09,4.47,VMS 3,,Tanque,,2.04,1.80,2.70,2.22,1.64,4.41,6.69,6.39
26/01/2025 04:59 p. m.,Ordeño,04:54,12.69,2,,,,,0,,1.26,1.32,2.16,1.56,0,0,0,0,4.28,4.22,4.09,4.43,VMS 3,,Tanque,,1.62,1.74,2.76,2.28,1.27,2.74,4.47,4.21
27/01/2025 06:46 a. m.,Ordeño,06:31,18.37,1,,,,,0,,1.26,1.56,2.16,1.74,0,0,0,0,4.35,4.37,4.14,4.56,VMS 3,,Tanque,,1.86,2.10,2.64,2.34,1.51,4.06,6.70,6.10
27/01/2025 02:47 p. m.,Ordeño,04:39,10.87,2,,,,,0,,1.08,1.44,1.92,1.56,0,0,0,0,4.16,4.35,4.34,4.43,VMS 3,,Tanque,,1.62,1.92,2.28,1.92,0.92,2.42,3.84,3.69
28/01/2025 03:31 a. m.,Ordeño,06:38,17.48,1,,,,,0,,1.26,1.50,2.04,1.56,0,0,0,0,4.62,4.65,4.34,4.68,VMS 3,,Tanque,,1.80,1.92,2.58,2.16,1.47,3.91,6.24,5.86
28/01/2025 03:49 p. m.,Ordeño,09:55,21.46,2,,,,,0,,1.20,1.56,1.68,3.60,0,0,0,363,4.42,4.49,4.54,4.63,VMS 3,,Tanque,,1.68,1.98,2.22,0.16,1.50,3.60,5.88,10.48
29/01/2025 02:43 a. m.,Ordeño,05:54,15.36,1,,,,,0,,1.02,1.44,1.44,4.14,0,0,0,0,3.94,4.23,4.25,4.19,VMS 3,,Tanque,,1.56,1.86,1.80,1.54,1.14,2.84,4.73,6.65
29/01/2025 10:46 a. m.,Ordeño,09:34,10.57,2,,,,TD,0,TD,0.96,1.50,4.56,1.26,0,0,346,0,4.34,4.33,4.67,5.36,VMS 3,,Tanque,,1.56,1.92,0.46,1.80,0.99,2.23,7.19,0.16
29/01/2025 06:53 p. m.,Ordeño,07:00,16.25,3,,,,,0,,0.96,1.38,1.20,1.62,0,0,0,0,4.64,4.51,4.46,4.55,VMS 3,,Tanque,,1.50,1.74,1.56,2.22,0.97,2.51,5.03,7.74
30/01/2025 04:49 a. m.,Ordeño,07:38,13.98,1,,,,,0,,1.14,1.62,1.08,1.56,0,0,0,0,4.38,4.41,4.45,4.24,VMS 3,,Tanque,,1.68,1.98,1.50,1.92,1.32,3.25,5.18,4.23
30/01/2025 04:41 p. m.,Ordeño,08:39,15.42,2,,,,,0,,1.20,1.62,1.02,1.56,0,0,0,0,4.46,4.41,4.39,4.36,VMS 3,,Tanque,,1.62,2.04,1.44,2.10,1.42,3.59,5.61,4.80
31/01/2025 06:12 a. m.,Ordeño,08:25,15.89,1,,,,,0,,1.14,1.56,1.02,1.62,0,0,0,0,4.37,4.27,4.21,4.24,VMS 3,,Tanque,,1.62,1.98,1.44,2.04,1.48,3.55,5.92,4.94
31/01/2025 05:19 p. m.,Ordeño,08:13,15.37,2,,,,,0,,1.14,1.50,0.96,1.62,0,0,0,0,4.59,4.44,4.49,4.57,VMS 3,,Tanque,,1.56,2.10,1.38,2.16,1.39,3.58,5.49,4.91
01/02/2025 03:07 a. m.,Ordeño,07:27,13.45,1,,,,,0,,1.14,1.44,1.02,1.50,0,0,0,0,4.51,4.45,4.30,4.30,VMS 3,,Tanque,,1.74,1.80,1.38,1.86,1.31,3.06,4.81,4.27
01/02/2025 12:09 p. m.,Ordeño,08:17,12.00,2,,,,,0,,1.08,1.62,0.84,1.62,0,0,0,0,4.26,4.33,4.44,4.46,VMS 3,,Tanque,,1.50,2.16,1.26,2.04,1.14,2.72,4.16,3.98
01/02/2025 06:46 p. m.,Ordeño,07:09,8.87,3,,,,,0,,0.90,1.44,0.78,1.50,0,0,0,0,4.46,4.60,4.49,4.60,VMS 3,,Tanque,,1.56,2.10,1.14,1.92,0.85,1.97,3.19,2.86
02/02/2025 03:06 a. m.,Ordeño,07:45,11.75,1,,,,,0,,0.84,1.44,0.84,1.56,0,0,0,0,4.49,4.51,4.54,4.68,VMS 3,,Tanque,,1.56,1.80,1.20,2.04,0.98,2.71,4.14,3.92
02/02/2025 03:19 p. m.,Ordeño,09:07,16.92,2,,,,,0,,1.20,1.56,0.96,1.68,0,0,0,0,4.60,4.47,4.49,4.61,VMS 3,,Tanque,,1.74,2.28,1.68,2.10,1.57,3.80,6.10,5.45
03/02/2025 03:55 a. m.,Ordeño,08:41,15.98,1,,,,,0,,1.20,1.50,0.96,1.38,0,0,0,0,4.40,4.27,4.30,4.25,VMS 3,,Tanque,,1.62,1.92,1.32,1.98,1.51,3.59,5.75,5.13
03/02/2025 04:11 p. m.,Ordeño,07:48,17.45,2,,,,,0,,1.26,1.44,1.20,1.68,0,0,0,329,4.54,4.41,4.39,4.41,VMS 3,,Tanque,,1.74,2.10,1.80,2.16,1.60,3.95,6.27,5.63
04/02/2025 05:13 a. m.,Ordeño,07:29,16.84,1,,,,,0,,1.20,1.56,1.26,1.68,0,0,0,0,4.38,4.32,4.30,4.35,VMS 3,,Tanque,,1.80,2.28,1.68,2.10,1.55,3.71,6.18,5.40
04/02/2025 06:16 p. m.,Ordeño,08:35,17.81,2,,,,,0,,1.32,1.44,1.26,1.56,0,0,0,0,4.47,4.31,4.38,4.33,VMS 3,,Tanque,,1.80,1.92,1.74,1.98,1.66,4.12,6.42,5.61
05/02/2025 03:01 a. m.,Ordeño,05:52,11.21,1,,,,,0,,1.08,1.38,1.26,1.50,0,0,0,0,4.11,4.20,4.23,4.15,VMS 3,,Tanque,,1.74,1.98,1.62,1.92,1.03,2.43,4.09,3.66
05/02/2025 11:10 a. m.,Ordeño,04:41,10.34,2,,,,,0,,0.96,1.26,1.56,1.44,0,0,0,0,4.10,4.23,4.29,4.40,VMS 3,,Tanque,,1.68,1.68,1.98,1.86,0.94,2.32,3.69,3.39
05/02/2025 10:45 p. m.,Ordeño,06:33,16.08,3,,,,,0,,1.20,1.50,1.56,1.56,0,0,0,0,4.82,4.79,4.82,4.94,VMS 3,,Tanque,,1.68,2.10,2.04,1.92,1.42,3.61,5.74,5.31
06/02/2025 09:55 a. m.,Ordeño,05:57,16.74,1,,,,,0,,1.32,1.44,1.80,1.56,0,0,0,0,4.83,4.50,4.33,4.77,VMS 3,,Tanque,,1.92,1.92,2.28,2.04,1.59,3.73,6.10,5.32
06/02/2025 05:07 p. m.,Ordeño,04:48,9.48,2,,,,,0,,0.90,1.50,1.50,1.44,0,0,0,0,4.37,4.32,4.33,4.54,VMS 3,,Tanque,,1.68,1.98,1.92,1.86,0.92,2.04,3.37,3.15
07/02/2025 07:23 a. m.,Ordeño,06:57,18.68,1,,,,,0,,1.26,1.50,1.62,1.62,0,0,0,0,4.35,4.38,4.22,4.55,VMS 3,,Tanque,,1.74,1.98,2.28,1.98,1.56,4.03,7.06,6.03
07/02/2025 05:41 p. m.,Ordeño,05:51,13.18,2,,,,,0,,1.14,1.32,1.56,1.38,0,0,0,0,4.24,4.17,3.99,4.28,VMS 3,,Tanque,,1.68,1.68,2.04,1.80,1.29,2.73,4.96,4.20
08/02/2025 01:32 a. m.,Ordeño,04:46,10.30,1,,,,,0,,0.96,1.26,1.50,1.44,0,0,0,0,4.31,4.37,4.41,4.53,VMS 3,,Tanque,,1.50,1.62,1.86,1.98,0.99,2.21,3.71,3.39
08/02/2025 09:17 a. m.,Ordeño,05:13,11.19,2,,,,,0,,1.02,1.32,1.50,1.38,0,0,0,0,4.34,4.28,4.21,4.52,VMS 3,,Tanque,,1.56,1.74,2.16,1.86,1.06,2.33,4.15,3.65
08/02/2025 07:13 p. m.,Ordeño,05:42,13.64,3,,,,,0,,1.14,1.26,1.56,1.44,0,0,0,0,4.45,4.44,4.40,4.59,VMS 3,,Tanque,,1.56,1.68,2.10,1.86,1.30,3.02,4.95,4.37
09/02/2025 05:18 a. m.,Ordeño,05:40,14.54,1,,,,,0,,1.08,1.38,1.62,1.50,0,0,0,0,4.49,4.53,4.26,4.67,VMS 3,,Tanque,,1.56,1.74,2.16,1.86,1.30,3.19,5.38,4.67
09/02/2025 03:01 p. m.,Ordeño,05:37,13.33,2,,,,,0,,1.14,1.32,1.50,1.44,0,0,0,0,4.49,4.45,4.39,4.49,VMS 3,,Tanque,,1.74,1.80,1.92,1.80,1.34,2.92,4.87,4.20
09/02/2025 10:26 p. m.,Ordeño,05:21,9.14,3,,,,,0,,0.96,1.20,1.44,1.32,0,0,0,0,4.33,4.46,4.34,4.42,VMS 3,,Tanque,,1.50,1.68,1.86,1.74,0.86,2.00,3.23,3.05
10/02/2025 06:57 a. m.,Ordeño,06:01,12.19,1,,,,,0,,1.14,1.38,1.62,1.38,0,0,0,0,4.40,4.58,4.39,4.72,VMS 3,,Tanque,,1.50,1.74,2.10,1.80,1.09,2.54,4.50,4.06
10/02/2025 05:33 p. m.,Ordeño,05:46,14.39,2,,,,,0,,1.02,1.44,1.44,1.62,0,0,0,0,4.50,4.68,4.66,4.66,VMS 2,,Tanque,,1.50,1.98,1.86,2.04,1.25,3.21,5.06,4.87
11/02/2025 02:07 a. m.,Ordeño,05:10,11.73,1,,,,,0,,0.96,1.32,1.38,1.50,0,0,0,0,4.17,4.25,4.40,4.33,VMS 2,,Tanque,,1.44,1.74,1.86,1.86,1.17,2.59,4.07,3.90
11/02/2025 11:59 a. m.,Ordeño,05:42,13.10,2,,,,,0,,0.84,1.32,1.32,1.56,0,0,0,0,4.43,4.41,4.39,4.47,VMS 2,,Tanque,,1.50,1.98,1.80,2.16,1.11,2.90,4.57,4.52
12/02/2025 02:37 a. m.,Ordeño,06:38,20.10,1,,,,,0,,1.02,1.56,1.62,1.80,0,0,0,0,4.43,4.54,4.58,4.47,VMS 2,,Tanque,,1.38,2.16,2.04,2.28,1.82,4.37,6.87,7.04
12/02/2025 09:29 a. m.,Ordeño,04:38,8.23,2,,,,DI,0,,0.00,1.32,1.38,1.44,0,0,0,0,0.00,4.05,4.26,4.14,VMS 2,,Tanque,,0.00,2.16,1.74,1.92,0.00,2.07,3.17,2.99
12/02/2025 07:25 p. m.,Ordeño,05:41,14.44,3,,,,,0,,1.32,1.44,1.44,1.44,0,0,0,0,4.61,4.59,4.62,4.60,VMS 2,,Tanque,,1.74,1.98,1.98,1.92,2.05,2.98,4.79,4.62
13/02/2025 01:50 a. m.,Ordeño,04:38,9.16,1,,,,,0,,0.84,1.32,1.38,1.44,0,0,0,0,4.02,4.47,4.53,4.53,VMS 2,,Tanque,,1.44,1.68,1.80,1.80,0.86,1.98,3.26,3.06
13/02/2025 01:56 p. m.,Ordeño,05:17,10.19,2,,,TD,TD,0,,1.14,1.44,1.80,0.00,0,0,0,0,4.38,4.57,4.54,0.00,VMS 2,,Tanque,,1.62,2.28,2.22,0.00,1.39,3.43,5.37,0.00
13/02/2025 11:30 p. m.,Ordeño,07:02,18.12,3,,,,,0,,0.96,1.50,1.74,1.98,0,0,0,0,4.25,4.40,4.29,3.54,VMS 2,,Tanque,,1.50,2.04,2.34,2.88,1.12,3.00,4.72,9.28
14/02/2025 12:29 p. m.,Ordeño,05:58,17.68,1,,,,,0,,1.20,1.56,1.74,1.50,0,0,0,0,4.62,4.67,4.54,4.93,VMS 2,,Tanque,,1.62,2.16,2.28,1.98,1.62,4.17,6.27,5.62
14/02/2025 11:07 p. m.,Ordeño,05:15,13.35,2,,,,,0,,1.26,1.50,1.62,1.32,0,0,0,0,4.40,4.29,4.34,4.32,VMS 2,,Tanque,,1.86,2.04,2.10,1.80,1.32,3.06,4.92,4.05
15/02/2025 12:09 p. m.,Ordeño,06:25,12.08,1,,,TD,TD,0,,1.20,1.56,1.68,0.00,0,0,0,0,4.39,4.49,4.47,0.00,VMS 2,,Tanque,,1.62,2.04,2.22,0.00,1.78,3.88,6.42,0.00
15/02/2025 04:51 p. m.,Ordeño,06:57,11.88,2,,,,,0,,0.84,1.26,1.44,1.68,0,0,0,0,4.12,4.30,4.31,4.68,VMS 2,,Tanque,,1.56,1.86,1.92,2.34,0.60,1.34,2.25,7.69
16/02/2025 06:41 a. m.,Ordeño,06:41,18.56,1,,,,,0,,1.26,1.68,1.68,1.50,0,0,0,0,4.57,4.72,4.44,4.43,VMS 2,,Tanque,,1.80,2.28,2.16,2.04,1.64,4.56,6.71,5.65
16/02/2025 01:34 p. m.,Ordeño,04:26,8.79,2,,,,,0,,1.02,1.44,1.50,1.44,0,0,0,0,4.12,4.24,4.19,4.07,VMS 2,,Tanque,,1.56,1.92,1.80,1.92,0.83,2.04,3.15,2.77
17/02/2025 01:02 a. m.,Ordeño,06:10,14.91,1,,,,,0,,1.08,1.56,1.44,1.56,0,0,0,0,4.40,4.44,4.32,4.53,VMS 2,,Tanque,,1.56,2.04,1.98,2.04,1.28,3.47,5.52,4.64
17/02/2025 01:59 p. m.,Ordeño,06:15,17.88,2,,,,,0,,1.26,1.62,1.62,1.68,0,0,0,0,4.53,4.56,4.32,4.35,VMS 2,,Tanque,,1.62,2.52,2.16,2.22,1.57,4.07,6.28,5.96
18/02/2025 01:26 a. m.,Ordeño,05:55,15.05,1,,,,,0,,1.20,1.68,1.56,1.44,0,0,0,0,4.34,4.21,4.07,4.40,VMS 2,,Tanque,,1.74,2.22,2.16,1.98,1.40,3.40,5.67,4.58
18/02/2025 11:04 a. m.,Ordeño,05:06,13.12,2,,,,,0,,1.20,1.50,1.74,1.44,0,0,0,0,4.28,4.30,4.28,4.23,VMS 2,,Tanque,,1.86,1.98,2.16,1.86,1.26,3.02,4.82,4.02
18/02/2025 10:37 p. m.,Ordeño,06:00,14.49,3,,,,,0,,1.14,1.56,1.44,1.50,0,0,0,0,4.26,4.30,4.36,4.24,VMS 2,,Tanque,,1.68,2.16,1.86,2.10,1.26,3.24,5.10,4.89
19/02/2025 08:49 a. m.,Ordeño,05:41,13.65,1,,,,,0,,1.08,1.68,1.50,1.44,0,0,0,0,4.38,4.27,4.36,4.41,VMS 2,,Tanque,,1.56,2.22,1.92,1.86,1.25,3.19,4.95,4.26
19/02/2025 05:16 p. m.,Ordeño,04:57,10.87,2,,,,,0,,0.96,1.44,1.44,1.38,0,0,0,0,4.08,4.15,4.28,4.24,VMS 2,,Tanque,,1.68,2.28,1.80,1.86,0.96,2.47,3.89,3.55
20/02/2025 01:43 a. m.,Ordeño,04:55,11.20,1,,,,,0,,1.02,1.38,1.56,1.32,0,0,0,0,4.27,4.16,4.35,4.31,VMS 2,,Tanque,,1.92,2.16,2.04,1.74,1.05,2.51,4.03,3.61
20/02/2025 08:36 a. m.,Ordeño,05:11,9.81,2,,,,,0,,1.08,1.44,1.56,1.38,0,0,0,0,4.50,4.51,4.34,4.60,VMS 2,,Tanque,,1.50,2.10,1.98,1.86,0.90,2.21,3.45,3.25
20/02/2025 05:44 p. m.,Ordeño,04:48,10.93,3,,,,,0,,1.02,1.32,1.62,1.20,0,0,0,0,4.18,4.19,4.31,4.41,VMS 2,,Tanque,,1.50,1.74,2.04,1.68,0.98,2.57,4.09,3.29
21/02/2025 03:28 a. m.,Ordeño,04:48,12.27,1,,,,,0,,0.96,1.62,1.80,1.32,0,0,0,0,4.32,4.13,4.40,4.50,VMS 2,,Tanque,,1.38,2.16,2.28,1.74,1.14,2.84,4.56,3.73
21/02/2025 03:52 p. m.,Ordeño,05:55,15.39,2,,,,,0,,1.02,1.62,1.62,1.44,0,0,0,0,4.34,4.36,4.35,4.58,VMS 2,,Tanque,,1.50,2.28,2.04,1.98,1.40,3.57,5.62,4.80
21/02/2025 10:47 p. m.,Ordeño,04:31,9.49,3,,,,,0,,1.14,1.44,1.62,1.26,0,0,0,0,4.21,4.10,4.27,4.17,VMS 2,,Tanque,,1.68,2.16,2.22,1.68,1.05,2.18,3.40,2.86
22/02/2025 11:12 a. m.,Ordeño,06:09,16.76,1,,,,,0,,1.14,1.50,1.74,1.50,0,0,0,0,4.49,4.51,4.62,4.54,VMS 2,,Tanque,,1.62,2.34,2.22,2.22,1.42,3.89,6.17,5.28
23/02/2025 01:27 a. m.,Ordeño,06:06,18.23,1,,,,,0,,1.14,1.44,2.10,1.56,0,0,0,0,4.36,4.37,4.30,4.40,VMS 2,,Tanque,,1.50,2.16,2.64,2.10,1.49,4.29,6.33,6.12
23/02/2025 09:33 a. m.,Ordeño,05:31,9.78,2,,,,,0,DD,1.02,1.44,1.62,1.20,0,0,0,0,4.36,4.56,3.48,4.29,VMS 2,,Tanque,,1.38,2.04,1.98,1.86,1.01,2.33,3.53,2.91
23/02/2025 05:15 p. m.,Ordeño,04:45,10.73,3,,,,,0,,0.84,1.38,1.56,1.38,0,0,0,0,4.25,4.46,4.56,4.55,VMS 2,,Tanque,,1.38,1.80,2.04,1.86,0.95,2.42,3.77,3.59
24/02/2025 02:06 a. m.,Ordeño,05:05,11.64,1,,,,,0,,0.96,1.32,1.62,1.50,0,0,0,0,4.42,4.39,4.64,4.57,VMS 2,,Tanque,,1.50,1.86,2.28,1.92,0.93,2.54,4.03,4.14
24/02/2025 01:14 p. m.,Ordeño,05:44,16.37,2,,,,,0,,1.08,1.38,1.68,1.56,0,0,0,0,4.75,4.73,4.79,4.76,VMS 2,,Tanque,,1.56,1.80,2.16,1.92,1.42,3.63,5.71,5.61
24/02/2025 10:29 p. m.,Ordeño,05:30,12.47,3,,,,,0,,1.02,1.26,1.56,1.38,0,0,0,0,4.54,4.46,4.61,4.55,VMS 2,,Tanque,,1.56,1.86,2.22,1.92,1.25,2.67,4.34,4.21
25/02/2025 10:23 a. m.,Ordeño,05:50,17.12,1,,,,,0,,1.14,1.38,2.04,1.62,0,0,0,0,4.66,4.68,4.73,4.69,VMS 2,,Tanque,,1.74,1.86,2.64,2.10,1.51,3.77,5.87,5.97
25/02/2025 07:06 p. m.,Ordeño,05:54,11.42,2,,,,,0,,1.20,1.26,1.92,1.44,0,0,0,0,4.41,4.40,4.34,4.27,VMS 2,,Tanque,,1.68,2.16,2.40,1.86,1.18,2.57,3.93,3.74
26/02/2025 03:29 a. m.,Ordeño,05:05,12.56,1,,,,,0,,1.02,1.50,1.86,1.50,0,0,0,0,4.67,4.67,4.81,4.68,VMS 2,,Tanque,,1.92,2.16,2.34,1.98,1.14,2.82,4.44,4.16
26/02/2025 10:36 a. m.,Ordeño,04:26,9.71,2,,,,,0,,0.96,1.38,1.86,1.38,0,0,0,0,4.37,4.44,4.71,4.50,VMS 2,,Tanque,,1.44,1.74,2.40,1.92,0.87,2.20,3.40,3.24
26/02/2025 07:02 p. m.,Ordeño,05:10,11.31,3,,,,,0,,1.08,1.26,1.98,1.32,0,0,0,0,4.65,4.54,4.62,4.62,VMS 2,,Tanque,,1.62,1.74,2.52,1.92,0.95,2.58,4.09,3.69
27/02/2025 03:21 a. m.,Ordeño,05:47,12.50,1,,,,,0,,1.14,1.38,1.86,1.38,0,0,0,0,4.50,4.59,4.72,4.68,VMS 2,,Tanque,,1.68,1.80,2.34,1.86,1.15,2.78,4.34,4.23
27/02/2025 11:43 a. m.,Ordeño,04:58,8.28,2,,,TD,TD,0,,1.14,1.32,1.86,0.00,0,0,0,0,4.63,4.79,4.80,0.00,VMS 2,,Tanque,,1.68,1.74,2.34,0.00,1.12,2.88,4.28,0.00
27/02/2025 04:36 p. m.,Ordeño,06:54,12.25,3,,,,,0,,1.02,1.20,1.74,1.74,0,0,0,0,4.38,4.81,4.66,4.91,VMS 2,,Tanque,,1.74,1.56,2.22,2.40,0.70,1.60,2.51,7.44
28/02/2025 12:33 a. m.,Ordeño,05:32,11.85,1,,,,,0,,0.90,1.44,1.86,1.44,0,0,0,0,4.54,4.68,4.84,4.49,VMS 2,,Tanque,,1.50,1.92,2.40,2.10,0.97,2.76,4.27,3.85
28/02/2025 08:04 a. m.,Ordeño,04:51,11.64,2,,,,,0,,0.96,1.32,1.80,1.44,0,0,0,0,4.65,4.69,4.85,4.64,VMS 2,,Tanque,,1.62,1.80,2.10,1.86,1.07,2.58,4.24,3.75
28/02/2025 03:23 p. m.,Ordeño,04:51,11.23,3,,,,,0,,1.02,1.38,1.86,1.20,0,0,0,0,4.53,4.62,4.73,4.55,VMS 2,,Tanque,,1.62,1.68,2.40,1.62,1.09,2.67,4.13,3.34
28/02/2025 10:31 p. m.,Ordeño,04:50,9.75,4,,,,,0,,0.96,1.20,1.92,1.20,0,0,0,0,4.48,4.55,4.73,4.60,VMS 2,,Tanque,,1.68,1.56,2.40,1.68,0.91,2.24,3.54,3.06
01/03/2025 09:12 a. m.,Ordeño,05:45,15.87,1,,,,,0,,1.02,1.44,2.04,1.44,0,0,0,0,4.61,4.57,4.58,4.59,VMS 2,,Tanque,,1.44,2.28,2.76,2.04,1.31,3.61,5.71,5.24
01/03/2025 04:17 p. m.,Ordeño,04:26,9.46,2,,,,,0,,0.90,1.26,1.80,1.20,0,0,0,0,4.33,4.36,4.54,4.33,VMS 2,,Tanque,,1.56,1.68,2.34,1.62,0.91,2.20,3.57,2.78
02/03/2025 09:53 a. m.,Ordeño,06:19,21.95,1,,,,,0,,1.14,1.86,2.16,1.86,0,0,0,0,4.72,4.96,4.62,4.60,VMS 2,,Tanque,,1.62,2.40,2.88,2.70,2.01,4.69,7.60,7.65
03/03/2025 10:39 a. m.,Ordeño,04:48,11.99,2,,,,,0,,1.20,1.32,1.98,1.50,0,0,0,0,4.42,4.33,4.33,4.34,VMS 2,,Tanque,,1.74,1.74,2.46,1.92,1.21,2.82,4.03,3.93
03/03/2025 05:01 p. m.,Ordeño,04:08,8.90,3,,,,,0,,1.02,1.56,1.98,1.38,0,0,0,0,4.26,4.41,4.35,4.40,VMS 2,,Tanque,,1.50,2.16,2.34,1.86,0.81,2.05,3.21,2.83
04/03/2025 12:56 a. m.,Ordeño,04:46,10.16,1,,,,,0,,0.84,1.38,1.98,1.26,0,0,0,0,3.73,4.42,4.53,4.34,VMS 2,,Tanque,,1.50,1.86,2.64,1.68,1.01,2.33,3.66,3.16
04/03/2025 11:35 a. m.,Ordeño,05:39,16.29,2,,,,,0,,1.08,1.44,2.04,1.56,0,0,0,0,4.67,4.81,4.65,4.70,VMS 2,,Tanque,,1.56,1.98,2.52,2.22,1.39,3.67,5.69,5.54
04/03/2025 09:10 p. m.,Ordeño,05:27,12.27,3,,,,,0,,1.02,1.26,1.80,1.14,0,0,0,0,4.60,4.43,4.51,4.61,VMS 2,,Tanque,,1.44,1.74,2.46,1.56,1.28,2.77,4.48,3.74
05/03/2025 03:53 a. m.,Ordeño,05:07,10.03,1,,,,,0,,0.96,1.20,1.86,1.02,0,0,0,0,4.33,4.44,4.51,4.47,VMS 2,,Tanque,,1.74,1.68,2.40,1.62,0.93,2.37,3.78,2.95
05/03/2025 11:24 a. m.,Ordeño,04:36,10.60,2,,,,,0,,1.08,1.32,1.86,1.20,0,0,0,0,4.52,4.56,4.46,4.55,VMS 2,,Tanque,,1.62,1.74,2.52,1.56,0.95,2.51,4.00,3.14
05/03/2025 07:17 p. m.,Ordeño,04:37,9.88,3,,,,,0,,0.96,1.32,1.86,1.26,0,0,0,0,4.25,4.38,4.47,4.39,VMS 2,,Tanque,,1.44,1.86,2.34,1.80,0.83,2.19,3.78,3.08
06/03/2025 07:02 a. m.,Ordeño,05:45,16.73,1,,,,,0,,1.14,1.38,1.92,1.56,0,0,0,0,4.58,4.55,4.62,4.53,VMS 2,,Tanque,,1.68,1.98,2.40,2.16,1.53,3.91,5.67,5.62
06/03/2025 06:12 p. m.,Ordeño,05:58,15.19,2,,,,,0,,1.14,1.32,1.74,1.32,0,0,0,0,4.63,4.50,4.34,4.55,VMS 2,,Tanque,,1.56,1.98,2.52,1.86,1.37,3.59,5.42,4.81
07/03/2025 02:19 a. m.,Ordeño,04:58,12.40,1,,,,,0,,1.02,1.38,1.80,1.44,0,0,0,0,4.44,4.62,4.67,4.62,VMS 2,,Tanque,,1.56,2.04,2.28,1.92,1.18,2.80,4.42,4.00
07/03/2025 12:21 p. m.,Ordeño,05:17,13.70,2,,,,,0,,1.08,1.38,1.98,1.32,0,0,0,0,4.57,4.54,4.45,4.52,VMS 2,,Tanque,,1.74,2.04,2.46,1.80,1.30,3.25,4.88,4.27
07/03/2025 10:52 p. m.,Ordeño,05:09,14.47,3,,,,,0,,1.08,1.50,1.92,1.56,0,0,0,0,4.51,4.57,4.44,4.43,VMS 2,,Tanque,,1.56,1.98,2.52,1.92,1.33,3.21,5.24,4.69
08/03/2025 09:30 a. m.,Ordeño,05:41,15.60,1,,,,,0,,1.20,1.50,2.10,1.38,0,0,0,0,4.58,4.64,4.43,4.58,VMS 2,,Tanque,,1.62,1.98,2.64,2.16,1.46,3.66,5.76,4.72
08/03/2025 07:02 p. m.,Ordeño,05:34,13.32,2,,,,,0,,1.02,1.44,1.80,1.44,0,0,0,0,4.45,4.49,4.53,4.42,VMS 2,,Tanque,,1.62,1.98,2.28,1.92,1.20,3.00,4.86,4.26
09/03/2025 08:39 a. m.,Ordeño,05:45,19.07,1,,,,,0,,1.20,1.74,2.34,1.80,0,0,0,0,4.66,4.50,4.51,4.35,VMS 2,,Tanque,,1.74,2.28,3.06,2.40,1.64,4.43,6.56,6.44
09/03/2025 05:50 p. m.,Ordeño,04:34,10.76,2,,,,,0,,1.02,1.56,2.16,1.32,0,0,0,0,4.27,4.24,4.32,4.19,VMS 2,,Tanque,,1.68,2.16,2.70,1.80,0.99,2.46,3.97,3.34
10/03/2025 01:29 a. m.,Ordeño,04:28,10.78,1,,,,,0,,1.02,1.44,1.98,1.38,0,0,0,0,4.29,4.40,4.49,4.31,VMS 2,,Tanque,,1.50,2.10,2.52,1.80,1.01,2.49,3.99,3.29
10/03/2025 08:53 a. m.,Ordeño,04:31,11.43,2,,,,,0,,1.08,1.62,1.98,1.62,0,0,0,0,4.54,4.72,4.85,4.58,VMS 2,,Tanque,,1.50,2.34,2.52,2.04,1.03,2.67,3.99,3.74
10/03/2025 04:29 p. m.,Ordeño,04:37,10.52,3,,,,,0,,1.02,1.44,1.92,1.38,0,0,0,0,4.81,4.78,4.86,4.65,VMS 2,,Tanque,,1.56,1.86,2.40,1.92,0.95,2.40,3.80,3.37
11/03/2025 01:19 a. m.,Ordeño,04:55,13.19,1,,,,,0,,0.96,1.32,1.92,1.56,0,0,0,0,4.40,4.49,4.46,4.46,VMS 2,,Tanque,,1.44,1.74,2.40,2.04,1.08,3.02,4.80,4.29
11/03/2025 10:45 a. m.,Ordeño,05:07,13.75,2,,,,,0,,1.08,1.26,2.10,1.56,0,0,0,0,4.58,4.51,4.48,4.45,VMS 2,,Tanque,,1.56,1.74,2.58,2.04,1.24,3.07,4.98,4.46
12/03/2025 02:06 a. m.,Ordeño,06:35,20.38,1,,,,,0,,1.20,1.62,2.16,1.68,0,0,0,0,4.65,4.71,4.40,4.59,VMS 2,,Tanque,,1.68,2.34,2.70,2.28,1.70,4.70,6.75,7.23
12/03/2025 05:38 p. m.,Ordeño,06:35,20.84,2,,,,,0,,1.20,1.50,2.16,1.68,0,0,0,0,4.64,4.59,4.40,4.32,VMS 2,,Tanque,,1.68,1.98,2.70,3.06,2.02,4.84,6.64,7.34
13/03/2025 05:36 p. m.,Ordeño,05:47,3.34,2,,,"DD,TD",,0,,0.24,0.54,0.96,0.54,0,0,0,0,3.40,3.69,3.95,3.83,VMS 2,,Tanque,,0.60,1.14,1.98,1.14,0.36,0.69,1.37,0.92
13/03/2025 09:34 p. m.,Ordeño,07:33,3.95,3,,,DD,,0,,0.36,0.96,1.38,1.26,0,0,0,0,2.71,3.82,3.93,3.81,VMS 2,,Tanque,,0.90,1.62,1.98,1.92,0.31,0.79,1.34,1.51
14/03/2025 03:52 a. m.,Ordeño,04:28,7.45,1,,,,,0,,0.66,1.32,1.68,1.32,0,0,0,0,3.71,4.06,4.17,4.01,VMS 2,,Tanque,,1.32,1.80,2.16,1.80,0.59,1.57,2.63,2.66
14/03/2025 03:45 p. m.,Ordeño,06:04,17.33,2,,,,,0,,0.96,1.62,1.74,1.68,0,0,0,0,4.56,4.71,4.52,4.50,VMS 2,,Tanque,,1.44,2.28,2.16,2.40,1.45,3.78,6.07,6.03
14/03/2025 10:04 p. m.,Ordeño,04:39,8.41,3,,,,,0,,0.84,1.50,1.68,1.26,0,0,0,0,4.49,4.44,4.31,4.31,VMS 2,,Tanque,,1.20,2.34,2.22,2.10,0.86,1.90,3.07,2.58
15/03/2025 02:26 p. m.,Ordeño,07:14,22.97,1,,,,,0,,1.14,1.62,1.86,1.80,0,0,0,0,4.73,4.61,4.45,4.50,VMS 2,,Tanque,,1.50,2.16,2.64,2.88,2.13,4.92,7.81,8.11
16/03/2025 03:02 a. m.,Ordeño,06:05,16.47,1,,,,,0,,0.96,1.80,1.92,1.62,0,0,0,0,4.32,4.25,4.06,4.24,VMS 2,,Tanque,,1.44,2.34,2.58,2.16,1.45,3.58,5.85,5.59
16/03/2025 09:48 a. m.,Ordeño,04:41,10.33,2,,,,,0,,0.90,1.56,1.68,1.44,0,0,0,0,4.32,4.38,4.45,4.39,VMS 2,,Tanque,,1.38,2.04,2.16,1.86,0.95,2.37,3.61,3.40
16/03/2025 05:28 p. m.,Ordeño,05:31,12.17,3,,,,,0,,0.90,1.44,1.74,1.38,0,0,0,0,4.59,4.72,4.52,4.66,VMS 2,,Tanque,,1.32,1.92,2.22,1.98,1.09,2.71,4.24,4.13
17/03/2025 02:09 a. m.,Ordeño,05:49,12.82,1,,,,,0,,0.90,1.44,1.74,1.38,0,0,0,0,4.53,4.66,4.69,4.67,VMS 2,,Tanque,,1.38,2.10,2.22,1.80,1.09,2.94,4.45,4.34
17/03/2025 12:14 p. m.,Ordeño,05:30,14.67,2,,,,,0,,0.90,1.80,1.80,1.56,0,0,0,0,4.45,4.44,4.50,4.57,VMS 2,,Tanque,,1.38,2.46,2.40,2.04,1.26,3.26,5.12,5.03
17/03/2025 10:07 p. m.,Ordeño,05:25,13.83,3,,,,,0,,0.96,1.44,1.92,1.44,0,0,0,0,4.34,4.29,4.08,4.38,VMS 2,,Tanque,,1.38,1.98,2.64,1.98,1.28,3.11,4.84,4.60
18/03/2025 09:25 a. m.,Ordeño,06:04,16.67,1,,,,,0,,1.08,1.44,2.04,1.44,0,0,0,0,4.81,4.60,4.59,4.62,VMS 2,,Tanque,,1.62,1.98,2.64,2.16,1.50,3.87,5.83,5.47
18/03/2025 03:49 p. m.,Ordeño,04:11,9.54,2,,,,,0,,0.96,1.74,1.86,1.62,0,0,0,0,4.20,4.33,4.40,4.35,VMS 2,,Tanque,,1.50,2.34,2.40,2.22,0.96,1.99,3.19,3.40
19/03/2025 01:42 a. m.,Ordeño,05:02,12.54,1,,,,,0,,0.96,1.56,2.04,1.50,0,0,0,0,4.30,4.28,4.22,4.21,VMS 2,,Tanque,,1.44,2.10,2.64,1.98,1.08,2.86,4.44,4.16
19/03/2025 10:19 a. m.,Ordeño,04:38,11.57,2,,,,,0,,0.96,1.38,2.04,1.62,0,0,0,0,4.15,4.16,4.27,4.24,VMS 2,,Tanque,,1.50,1.86,2.76,2.16,1.02,2.49,3.98,4.08
19/03/2025 04:44 p. m.,Ordeño,04:05,8.73,3,,,,,0,,0.84,1.50,1.86,1.68,0,0,0,0,3.86,4.10,4.27,4.19,VMS 2,,Tanque,,1.26,2.04,2.52,2.10,0.74,1.91,3.06,3.02
20/03/2025 03:58 a. m.,Ordeño,05:04,14.00,1,,,,,0,,0.96,1.50,1.98,1.62,0,0,0,0,3.96,4.02,4.14,4.09,VMS 2,,Tanque,,1.38,2.10,2.58,2.10,1.23,3.10,4.85,4.82
20/03/2025 01:26 p. m.,Ordeño,04:44,11.33,2,,,,,0,,0.96,1.32,1.92,1.62,0,0,0,0,3.80,3.64,3.99,3.77,VMS 2,,Tanque,,1.50,1.86,2.46,2.22,0.99,2.47,4.04,3.83
20/03/2025 09:49 p. m.,Ordeño,04:25,9.15,3,,,,,0,,0.84,1.32,1.86,1.38,0,0,0,0,3.72,3.65,3.96,3.95,VMS 2,,Tanque,,1.38,1.74,2.40,2.04,0.82,1.96,3.22,3.15
21/03/2025 07:52 a. m.,Ordeño,05:33,13.07,1,,,,,0,,0.90,1.74,2.04,1.50,0,0,0,0,4.01,4.07,4.22,4.11,VMS 2,,Tanque,,1.32,2.28,2.82,2.28,1.20,3.02,4.85,4.00
21/03/2025 03:49 p. m.,Ordeño,04:42,10.82,2,,,,,0,,0.96,1.38,1.86,1.44,0,0,0,0,4.19,4.40,3.99,4.30,VMS 2,,Tanque,,1.56,1.98,2.34,1.98,0.98,2.43,3.76,3.65
21/03/2025 10:22 p. m.,Ordeño,04:28,8.73,3,,,,,0,,0.78,1.26,1.74,1.56,0,0,0,0,4.10,4.32,4.42,4.38,VMS 2,,Tanque,,1.26,1.68,2.16,2.22,0.78,1.89,3.08,2.98
22/03/2025 06:25 a. m.,Ordeño,04:48,12.39,1,,,,,0,,0.84,1.56,1.92,1.62,0,0,0,0,4.39,4.55,4.40,4.42,VMS 2,,Tanque,,1.50,2.04,2.58,2.10,1.05,2.64,4.35,4.35
22/03/2025 04:15 p. m.,Ordeño,06:10,15.13,2,,,,,0,,0.96,1.44,1.98,1.56,0,0,0,0,4.50,4.51,4.24,4.57,VMS 2,,Tanque,,1.44,1.92,2.70,2.22,1.39,3.23,5.27,5.24
23/03/2025 05:42 a. m.,Ordeño,06:32,17.74,1,,,,,0,,1.02,1.56,2.16,1.44,0,0,0,0,4.43,4.44,4.39,4.44,VMS 2,,Tanque,,1.44,2.16,2.76,1.86,1.55,4.28,5.48,6.43
23/03/2025 02:19 p. m.,Ordeño,05:24,12.66,2,,,,,0,,0.96,1.44,1.92,1.56,0,0,0,0,4.18,4.27,4.13,4.23,VMS 2,,Tanque,,1.32,1.92,2.40,2.16,1.15,2.65,4.48,4.38
23/03/2025 11:07 p. m.,Ordeño,05:07,12.23,3,,,,,0,,0.84,1.44,1.68,1.38,0,0,0,0,4.31,4.62,4.53,4.50,VMS 2,,Tanque,,1.32,2.16,2.16,1.98,0.99,2.61,4.43,4.20
24/03/2025 10:44 a. m.,Ordeño,06:56,16.94,1,,,,,0,,1.02,1.56,1.86,1.32,0,0,0,0,4.68,4.65,4.38,4.51,VMS 2,,Tanque,,1.44,2.16,2.28,1.80,1.49,3.87,6.05,5.53
25/03/2025 12:57 a. m.,Ordeño,06:08,19.81,1,,,,,0,,1.08,1.56,1.74,1.50,0,0,0,0,4.44,4.49,4.40,4.43,VMS 2,,Tanque,,1.68,2.16,2.22,2.16,1.80,4.55,6.56,6.90
25/03/2025 10:28 a. m.,Ordeño,04:49,14.00,2,,,,,0,,1.08,1.62,1.62,1.26,0,0,0,0,4.39,4.40,4.37,4.53,VMS 2,,Tanque,,1.56,2.28,2.10,1.98,1.47,3.28,4.92,4.33
25/03/2025 08:48 p. m.,Ordeño,05:40,15.17,3,,,,,0,,1.08,1.38,1.74,1.50,0,0,0,0,4.09,4.38,4.41,4.28,VMS 2,,Tanque,,1.56,1.86,2.28,2.16,1.39,3.43,5.16,5.19
26/03/2025 08:05 a. m.,Ordeño,05:18,15.89,1,,,,,0,,0.72,1.38,2.04,1.32,0,0,0,0,4.08,4.34,4.40,4.40,VMS 2,,Tanque,,1.38,1.92,2.58,1.86,1.23,3.85,5.29,5.52
26/03/2025 05:53 p. m.,Ordeño,04:23,12.75,2,,,,,0,,0.84,1.38,1.74,1.32,0,0,0,0,4.01,4.21,4.26,4.47,VMS 2,,Tanque,,1.44,1.80,2.34,1.92,1.16,3.10,4.65,3.84
27/03/2025 08:49 a. m.,Ordeño,06:52,20.47,1,,,,,0,,1.26,1.38,1.98,1.50,0,0,0,0,4.59,4.65,4.59,4.53,VMS 2,,Tanque,,1.68,2.04,2.70,2.28,1.90,4.89,6.57,7.11
27/03/2025 03:35 p. m.,Ordeño,04:30,9.31,2,,,,,0,,0.90,1.38,1.86,1.26,0,0,0,0,4.13,4.18,4.43,4.28,VMS 2,,Tanque,,1.38,1.86,2.46,1.98,0.97,2.22,3.27,2.85
28/03/2025 03:48 a. m.,Ordeño,05:47,17.40,1,,,,,0,,1.14,1.50,2.22,1.62,0,0,0,0,4.42,4.34,4.27,4.40,VMS 2,,Tanque,,1.56,2.16,2.70,2.28,1.42,3.93,6.34,5.71
28/03/2025 04:14 p. m.,Ordeño,05:50,16.33,2,,,DI,DI,0,,0.00,1.62,2.16,1.74,0,0,0,0,0.00,4.34,4.27,4.35,VMS 2,,Tanque,,0.00,2.22,2.82,2.40,0.00,3.97,6.07,6.29
29/03/2025 12:54 a. m.,Ordeño,04:56,13.43,1,,,,,0,,1.14,1.56,1.86,1.56,0,0,0,0,4.39,4.35,4.27,4.34,VMS 2,,Tanque,,1.62,1.98,2.52,2.10,1.45,2.92,4.64,4.42
29/03/2025 07:29 a. m.,Ordeño,04:24,9.74,2,,,,,0,,1.02,1.38,1.80,1.62,0,0,0,0,4.13,4.42,4.55,4.46,VMS 2,,Tanque,,1.62,1.98,2.16,2.10,0.90,2.23,3.16,3.45
29/03/2025 03:39 p. m.,Ordeño,05:02,11.80,3,,,,,0,,1.08,1.50,1.98,1.44,0,0,0,0,4.41,4.49,4.27,4.38,VMS 2,,Tanque,,1.80,2.04,2.52,1.98,1.05,2.62,4.25,3.88
29/03/2025 11:54 p. m.,Ordeño,04:47,11.80,4,,,,,0,,0.96,1.44,1.92,1.56,0,0,0,0,4.40,4.34,4.28,4.34,VMS 2,,Tanque,,1.50,2.04,2.34,2.28,0.97,2.54,4.10,4.19
30/03/2025 11:15 a. m.,Ordeño,05:53,16.34,1,,,,,0,,1.14,1.50,2.10,1.44,0,0,0,0,4.55,4.50,4.29,4.41,VMS 2,,Tanque,,1.68,2.16,2.58,2.04,1.45,3.75,5.72,5.42
30/03/2025 09:37 p. m.,Ordeño,05:05,12.06,2,,,,,0,,1.14,1.44,1.92,1.50,0,0,0,0,4.57,4.37,4.41,4.60,VMS 2,,Tanque,,1.56,1.80,2.40,2.16,1.36,1.87,4.38,4.45
31/03/2025 08:15 a. m.,Ordeño,05:28,14.22,1,,,,,0,,1.14,1.56,2.16,1.56,0,0,0,0,4.43,4.37,4.16,4.46,VMS 2,,Tanque,,1.92,2.04,2.88,2.34,1.37,3.21,4.55,5.09
31/03/2025 03:10 p. m.,Ordeño,04:08,9.84,2,,,,,0,,1.02,1.68,1.86,1.62,0,0,0,0,4.11,4.10,4.26,4.28,VMS 2,,Tanque,,1.56,2.28,2.40,2.64,0.92,2.11,3.53,3.28
01/04/2025 12:50 a. m.,Ordeño,04:58,13.01,1,,,,,0,,0.96,1.50,2.10,1.56,0,0,0,0,4.18,4.18,4.11,4.41,VMS 2,,Tanque,,1.44,2.04,2.58,2.16,1.02,2.98,4.56,4.45
01/04/2025 08:06 a. m.,Ordeño,04:40,10.83,2,,,,,0,,1.08,1.44,1.98,1.62,0,0,0,0,3.85,4.12,4.35,4.30,VMS 2,,Tanque,,1.68,1.86,2.46,2.16,1.01,2.45,3.72,3.65
01/04/2025 03:28 p. m.,Ordeño,04:19,9.15,3,,,,,0,,0.90,1.32,1.86,1.50,0,0,0,0,4.20,4.27,4.23,4.33,VMS 2,,Tanque,,1.32,1.80,2.40,1.92,0.79,2.05,3.24,3.07
01/04/2025 10:02 p. m.,Ordeño,05:39,8.74,4,,,,,0,,0.90,1.32,1.92,1.50,0,0,0,0,4.14,4.19,4.22,4.40,VMS 2,,Tanque,,1.38,1.74,2.52,2.04,0.73,1.95,3.05,3.01
02/04/2025 11:25 a. m.,Ordeño,05:34,17.47,1,,,,,0,,1.08,1.62,2.34,1.56,0,0,0,0,4.44,4.53,4.40,4.65,VMS 2,,Tanque,,1.50,2.10,3.00,2.10,1.61,4.07,6.47,5.32
02/04/2025 07:14 p. m.,Ordeño,04:55,7.37,2,,,TD,TD,0,,1.20,1.38,2.34,0.00,0,0,0,0,4.13,4.40,4.33,0.00,VMS 2,,Tanque,,1.74,1.92,2.82,0.00,1.08,2.47,3.82,0.00
02/04/2025 09:41 p. m.,Ordeño,07:33,6.97,3,,,,,0,,0.24,0.60,1.02,1.56,0,0,0,0,3.15,3.73,4.20,4.43,VMS 2,,Tanque,,0.60,1.20,1.80,2.28,0.28,0.63,1.23,4.83
03/04/2025 02:46 p. m.,Ordeño,07:00,20.16,1,,,,,0,,1.08,1.38,2.22,1.56,0,0,0,0,4.35,4.47,4.27,4.47,VMS 2,,Tanque,,1.62,1.92,2.82,2.16,1.77,4.98,6.35,7.06
03/04/2025 11:04 p. m.,Ordeño,04:25,10.00,2,,,,,0,,1.02,1.32,1.80,1.32,0,0,0,0,3.96,3.88,4.15,4.10,VMS 2,,Tanque,,1.44,1.80,2.40,1.92,0.97,2.23,3.70,3.10
04/04/2025 08:29 a. m.,Ordeño,04:53,12.78,1,,,,,0,,1.02,1.38,1.80,1.44,0,0,0,0,4.10,4.22,4.28,4.35,VMS 2,,Tanque,,1.44,2.04,2.22,1.92,1.13,2.92,4.75,3.98
04/04/2025 05:19 p. m.,Ordeño,05:16,11.07,2,,,,,0,,1.02,1.32,1.98,1.26,0,0,0,0,4.20,4.16,4.19,4.40,VMS 2,,Tanque,,1.62,1.74,2.46,1.74,1.02,2.52,3.97,3.56
05/04/2025 09:26 a. m.,Ordeño,06:55,21.41,1,,,,,0,,1.32,1.44,2.40,1.86,0,0,0,0,4.57,4.67,4.47,4.72,VMS 2,,Tanque,,1.86,2.04,2.94,2.70,1.83,4.76,6.67,8.15
05/04/2025 07:43 p. m.,Ordeño,05:41,13.41,2,,,,,0,,1.14,1.38,2.34,1.20,0,0,0,0,4.44,4.35,4.46,4.51,VMS 2,,Tanque,,1.74,1.80,2.76,1.74,1.30,3.05,4.84,4.22
06/04/2025 10:35 a. m.,Ordeño,06:31,19.98,1,,,,,0,,1.14,1.56,2.34,1.68,0,0,0,0,4.60,4.63,4.47,4.66,VMS 2,,Tanque,,1.62,2.04,2.94,2.34,1.72,4.59,6.42,7.25
06/04/2025 09:22 p. m.,Ordeño,05:32,14.05,2,,,,,0,,1.14,1.50,1.86,1.44,0,0,0,0,4.32,4.37,4.35,4.45,VMS 2,,Tanque,,1.62,1.98,2.40,1.98,1.28,3.05,5.04,4.68
07/04/2025 09:05 a. m.,Ordeño,05:33,16.12,1,,,,,0,,1.32,1.68,2.10,1.62,0,0,0,0,4.62,4.64,4.48,4.69,VMS 2,,Tanque,,1.92,2.22,2.88,2.28,1.56,3.40,5.53,5.63
07/04/2025 05:46 p. m.,Ordeño,04:54,12.45,2,,,,,0,,1.02,1.50,2.22,1.56,0,0,0,0,4.37,4.52,4.48,4.58,VMS 2,,Tanque,,1.62,1.98,2.82,2.16,0.98,2.75,4.30,4.42
08/04/2025 12:58 a. m.,Ordeño,04:12,10.03,1,,,,,0,,0.72,1.50,1.92,1.80,0,0,0,0,4.18,4.47,4.33,4.37,VMS 2,,Tanque,,1.44,1.98,2.46,2.46,0.85,2.16,3.50,3.52
08/04/2025 10:23 a. m.,Ordeño,04:53,13.23,2,,,,,0,,1.02,1.68,1.92,1.56,0,0,0,0,4.63,4.66,4.53,4.67,VMS 2,,Tanque,,1.56,2.28,2.40,2.22,1.15,2.92,4.78,4.38
08/04/2025 09:53 p. m.,Ordeño,05:21,14.65,3,,,,,0,,1.08,1.62,1.98,1.50,0,0,0,0,4.34,4.40,4.26,4.37,VMS 2,,Tanque,,1.62,2.10,2.58,1.98,1.26,3.36,5.10,4.93
09/04/2025 05:50 a. m.,Ordeño,04:51,11.49,1,,,,,0,,1.02,1.56,1.92,1.56,0,0,0,0,4.33,4.54,4.54,4.48,VMS 2,,Tanque,,1.56,2.34,2.52,1.98,1.08,2.58,3.86,3.97
09/04/2025 04:57 p. m.,Ordeño,05:32,14.92,2,,,,,0,,1.08,1.50,2.28,1.50,0,0,0,0,4.51,4.53,4.36,4.56,VMS 2,,Tanque,,1.62,1.98,2.82,1.98,1.26,3.42,5.13,5.11
10/04/2025 01:09 a. m.,Ordeño,04:40,10.90,1,,,,,0,,1.08,1.32,2.04,1.38,0,0,0,0,4.32,4.27,4.34,4.36,VMS 2,,Tanque,,1.62,1.86,2.52,1.74,1.01,2.34,3.92,3.63
10/04/2025 11:38 a. m.,Ordeño,06:08,15.35,2,,,,,0,,1.26,1.50,2.22,1.38,0,0,0,0,4.57,4.53,4.47,4.52,VMS 2,,Tanque,,1.80,1.98,2.82,1.98,1.44,3.49,5.44,4.98
11/04/2025 12:12 a. m.,Ordeño,05:53,17.47,1,,,,,0,,1.02,1.68,2.10,1.68,0,0,0,0,4.44,4.51,4.32,4.49,VMS 2,,Tanque,,1.74,2.22,2.70,2.10,1.45,3.76,6.05,6.21
11/04/2025 01:21 p. m.,Ordeño,06:24,18.02,2,,,,,0,,1.20,1.56,2.28,1.56,0,0,0,0,4.46,4.41,4.32,4.44,VMS 2,,Tanque,,1.68,1.98,2.76,2.16,1.73,3.95,6.29,6.05
12/04/2025 12:13 a. m.,Ordeño,05:19,13.03,1,,,,,0,,1.08,1.50,2.10,1.32,0,0,0,0,4.19,4.16,4.15,4.39,VMS 2,,Tanque,,1.68,1.92,3.00,1.68,1.24,2.87,4.72,4.20
12/04/2025 01:36 p. m.,Ordeño,06:31,18.33,2,,,,,0,,1.02,1.74,2.10,1.44,0,0,0,0,4.71,4.67,4.51,4.80,VMS 2,,Tanque,,1.50,2.28,2.76,1.92,1.57,4.09,6.52,6.15
13/04/2025 03:01 a. m.,Ordeño,05:55,11.87,1,,,"DI,DD","DI,DD",0,,0.00,0.00,2.28,1.56,0,0,0,0,0.00,0.00,4.42,4.60,VMS 2,,Tanque,,0.00,0.00,2.82,2.34,0.00,0.00,6.06,5.81
13/04/2025 07:12 a. m.,Ordeño,05:43,11.35,2,,,,,0,,1.32,1.68,1.80,1.26,0,0,0,0,4.64,4.77,4.40,4.34,VMS 2,,Tanque,,1.74,2.34,2.34,1.86,1.98,5.23,2.25,1.89
13/04/2025 02:27 p. m.,Ordeño,04:38,7.56,3,,,DD,DD,0,,0.72,0.00,1.98,1.38,0,0,0,0,4.23,0.00,4.47,4.62,VMS 2,,Tanque,,1.26,0.00,2.64,1.80,0.83,0.00,3.52,3.21
14/04/2025 04:29 a. m.,Ordeño,07:37,20.35,1,,,,,0,,1.20,1.74,2.28,1.68,0,0,0,0,4.61,4.51,4.67,4.96,VMS 2,,Tanque,,1.68,2.40,2.88,2.16,1.91,4.74,7.16,6.54
14/04/2025 04:26 p. m.,Ordeño,05:32,15.02,2,,,,,0,,0.90,1.50,2.22,1.50,0,0,0,0,4.24,4.22,4.34,4.55,VMS 2,,Tanque,,1.32,2.16,3.00,2.04,1.22,2.86,5.76,5.18
15/04/2025 02:18 a. m.,Ordeño,04:47,12.14,1,,,,,0,,0.96,1.44,2.22,1.50,0,0,0,0,4.43,4.35,4.34,4.51,VMS 2,,Tanque,,1.44,1.80,2.76,1.92,1.10,2.51,4.57,3.96
15/04/2025 02:56 p. m.,Ordeño,05:57,17.93,2,,,,,0,,1.02,1.62,2.52,1.62,0,0,0,0,4.60,4.74,4.72,4.83,VMS 2,,Tanque,,1.44,2.16,3.24,2.04,1.55,4.00,6.21,6.17
15/04/2025 10:43 p. m.,Ordeño,04:05,9.07,3,,,,,0,,0.90,1.44,1.92,1.44,0,0,0,0,4.27,4.47,4.45,4.56,VMS 2,,Tanque,,1.32,1.92,2.64,2.10,0.81,1.95,3.34,2.97
16/04/2025 08:48 a. m.,Ordeño,04:58,14.25,1,,,,,0,,0.96,1.44,2.16,1.68,0,0,0,0,4.88,4.88,4.72,5.14,VMS 2,,Tanque,,1.50,1.86,2.64,2.16,1.20,3.20,5.09,4.76
16/04/2025 08:24 p. m.,Ordeño,05:24,16.23,2,,,,,0,,1.02,1.50,2.22,1.74,0,0,0,0,4.81,4.73,4.59,4.77,VMS 2,,Tanque,,1.50,2.10,2.94,2.16,1.45,3.46,5.53,5.79
17/04/2025 01:57 p. m.,Ordeño,05:35,20.85,1,,,,,0,,1.20,1.80,2.58,2.10,0,0,0,0,5.04,4.99,4.79,4.87,VMS 2,,Tanque,,1.86,2.40,3.36,2.76,1.87,4.83,6.97,7.18
17/04/2025 10:49 p. m.,Ordeño,04:33,12.30,2,,,,,0,,1.02,1.62,2.10,1.68,0,0,0,0,4.45,4.60,4.46,4.78,VMS 2,,Tanque,,1.50,2.22,2.64,2.10,1.23,2.73,4.52,3.82
18/04/2025 10:27 a. m.,Ordeño,06:21,16.84,1,,,,,0,,1.20,1.62,2.46,1.68,0,0,0,0,4.92,5.05,4.82,5.17,VMS 2,,Tanque,,1.62,2.10,3.30,2.04,1.51,3.87,5.93,5.53
19/04/2025 01:34 a. m.,Ordeño,05:58,19.68,1,,,,,0,,1.02,1.68,2.34,1.80,0,0,0,0,4.83,4.85,4.68,4.86,VMS 2,,Tanque,,1.44,2.34,2.88,2.40,1.61,4.27,6.95,6.85
19/04/2025 03:10 p. m.,Ordeño,05:46,17.73,2,,,,,0,,1.14,1.56,2.34,1.68,0,0,0,0,4.68,4.79,4.52,5.09,VMS 2,,Tanque,,1.74,2.52,2.94,2.04,1.70,4.17,6.11,5.75
20/04/2025 12:29 a. m.,Ordeño,04:14,10.57,1,,,,,0,,0.96,1.38,2.16,1.50,0,0,0,0,4.25,4.25,4.19,4.39,VMS 2,,Tanque,,1.50,1.92,3.18,2.28,0.87,2.34,3.77,3.59
20/04/2025 10:13 a. m.,Ordeño,04:43,12.90,2,,,,,0,,1.02,1.38,2.10,1.68,0,0,0,0,4.43,4.53,4.39,4.74,VMS 2,,Tanque,,1.50,1.98,2.70,2.16,1.08,3.01,4.54,4.27
20/04/2025 08:23 p. m.,Ordeño,04:48,12.13,3,,,,,0,,1.02,1.32,2.10,1.50,0,0,0,0,4.30,4.25,4.27,4.46,VMS 2,,Tanque,,1.50,1.80,2.94,1.92,1.04,2.84,4.25,4.00
21/04/2025 09:15 a. m.,Ordeño,06:15,17.56,1,,,,,0,,1.20,1.38,2.52,1.62,0,0,0,0,4.73,4.71,4.61,4.91,VMS 2,,Tanque,,1.68,1.86,3.60,1.92,1.48,4.05,6.11,5.92
21/04/2025 04:18 p. m.,Ordeño,08:42,8.12,2,,,,,0,,1.08,1.32,1.86,1.44,0,0,0,0,4.36,4.33,4.46,4.45,VMS 2,,Tanque,,1.56,1.80,2.40,2.04,0.76,1.91,2.66,2.79
22/04/2025 09:06 a. m.,Ordeño,05:57,19.75,1,,,,,0,,1.20,1.62,2.52,1.80,0,0,0,0,4.64,4.63,4.54,4.82,VMS 2,,Tanque,,1.62,2.28,3.18,2.34,1.59,4.96,6.30,6.90
22/04/2025 05:18 p. m.,Ordeño,04:11,9.60,2,,,,,0,,0.96,1.38,2.10,1.56,0,0,0,0,3.99,4.12,4.25,4.33,VMS 2,,Tanque,,1.50,1.98,2.64,1.98,0.79,2.14,3.50,3.17
23/04/2025 08:22 a. m.,Ordeño,05:48,19.49,1,,,,,0,,1.08,1.62,2.22,1.74,0,0,0,0,4.66,4.85,4.84,5.08,VMS 2,,Tanque,,1.62,2.28,2.94,2.76,1.55,4.56,6.93,6.45
23/04/2025 04:36 p. m.,Ordeño,04:33,12.37,2,,,,,0,,1.02,1.38,2.04,1.68,0,0,0,0,4.65,4.93,4.85,5.19,VMS 2,,Tanque,,1.44,1.80,2.70,2.10,1.14,2.87,4.37,3.99
24/04/2025 12:42 a. m.,Ordeño,04:40,11.03,1,,,,,0,,0.96,1.26,1.86,1.50,0,0,0,0,4.47,4.70,4.84,5.02,VMS 2,,Tanque,,1.50,1.74,2.34,1.92,0.93,2.57,3.75,3.78
24/04/2025 02:00 p. m.,Ordeño,05:27,12.11,2,,,TD,TD,0,,1.08,1.56,2.28,0.00,0,0,0,0,4.90,4.96,4.84,0.00,VMS 2,,Tanque,,1.50,2.04,2.82,0.00,1.65,3.85,6.61,0.00
24/04/2025 06:38 p. m.,Ordeño,07:33,10.91,3,,,,,0,TD,0.84,1.20,1.74,1.68,0,0,0,0,4.19,4.48,4.61,5.21,VMS 2,,Tanque,,1.44,1.62,2.40,2.16,0.47,1.13,1.97,7.34
25/04/2025 07:20 a. m.,Ordeño,05:49,17.43,1,,,,,0,,1.02,1.86,2.16,1.68,0,0,0,0,4.74,4.80,4.64,4.78,VMS 2,,Tanque,,1.68,2.40,2.70,2.22,1.39,3.84,6.50,5.70
25/04/2025 05:52 p. m.,Ordeño,05:02,14.80,2,,,,,0,,1.02,1.62,2.34,1.62,0,0,0,0,4.69,4.81,4.71,4.89,VMS 2,,Tanque,,1.38,2.46,2.94,2.04,1.36,3.52,5.39,4.53
26/04/2025 09:08 a. m.,Ordeño,06:56,20.26,1,,,,,0,,1.26,1.56,2.22,1.62,0,0,0,0,4.78,4.75,4.76,4.74,VMS 2,,Tanque,,1.74,1.98,2.88,2.04,1.73,5.05,6.71,6.77
26/04/2025 06:01 p. m.,Ordeño,05:19,12.57,2,,,,,0,,1.08,1.44,2.04,1.50,0,0,0,0,4.46,4.61,4.57,4.59,VMS 2,,Tanque,,1.62,1.92,2.58,1.92,1.21,2.89,4.60,3.87
27/04/2025 08:20 a. m.,Ordeño,06:09,18.37,1,,,,,0,,1.14,1.50,2.52,1.56,0,0,0,0,4.71,4.85,4.75,4.99,VMS 2,,Tanque,,1.62,2.10,3.18,1.98,1.43,4.35,6.57,6.02
27/04/2025 06:24 p. m.,Ordeño,05:12,13.71,2,,,,,0,,1.02,1.38,2.22,1.50,0,0,0,0,4.71,4.66,4.62,4.77,VMS 2,,Tanque,,1.50,1.98,2.76,1.86,1.23,3.03,4.98,4.47
28/04/2025 12:07 p. m.,Ordeño,06:23,22.24,1,,,,,0,,1.20,1.62,2.46,1.86,0,0,0,0,4.95,5.06,4.74,4.88,VMS 2,,Tanque,,1.62,2.22,3.06,2.28,2.02,5.23,7.43,7.56
28/04/2025 07:55 p. m.,Ordeño,05:18,10.97,2,,,,,0,,1.02,1.38,1.92,1.62,0,0,0,0,4.32,4.39,4.42,4.48,VMS 2,,Tanque,,1.50,1.86,2.52,2.10,1.01,2.56,3.87,3.53
29/04/2025 07:34 a. m.,Ordeño,05:22,15.37,1,,,,,0,,1.02,1.56,2.28,1.68,0,0,0,0,4.48,4.65,4.54,4.75,VMS 2,,Tanque,,1.44,2.10,2.94,2.10,1.27,3.44,5.61,5.05
29/04/2025 06:19 p. m.,Ordeño,04:41,13.42,2,,,,,0,,0.96,1.50,2.28,1.68,0,0,0,0,4.45,4.56,4.48,4.61,VMS 2,,Tanque,,1.44,1.98,2.88,2.04,1.12,3.07,4.86,4.37
30/04/2025 06:52 a. m.,Ordeño,05:23,16.07,1,,,,,0,,1.14,1.50,2.58,1.68,0,0,0,0,4.52,4.57,4.80,4.87,VMS 2,,Tanque,,1.56,1.98,3.18,2.22,1.32,3.85,5.42,5.48
30/04/2025 10:00 p. m.,Ordeño,05:22,17.17,2,,,,,0,,1.02,1.50,2.28,1.68,0,0,0,0,4.58,4.53,4.58,4.86,VMS 2,,Tanque,,1.50,2.04,2.94,2.04,1.36,4.02,6.31,5.48
01/05/2025 02:14 p. m.,Ordeño,06:46,20.35,1,,,,,0,,1.14,1.56,2.46,1.74,0,0,0,0,4.54,4.65,4.63,4.80,VMS 2,,Tanque,,1.62,2.04,3.12,2.16,1.89,4.72,6.80,6.94
02/05/2025 01:56 a. m.,Ordeño,05:26,15.31,1,,,,,0,,1.02,1.56,2.22,1.56,0,0,0,0,4.23,4.37,4.44,4.52,VMS 2,,Tanque,,1.44,2.10,2.82,1.98,1.30,3.47,5.57,4.97
02/05/2025 02:50 p. m.,Ordeño,05:47,17.01,2,,,,,0,,1.14,1.56,2.22,1.68,0,0,0,0,4.33,4.49,4.54,4.60,VMS 2,,Tanque,,1.68,2.04,2.88,2.04,1.40,3.94,6.13,5.54
02/05/2025 10:53 p. m.,Ordeño,04:26,7.80,3,,,,,0,,0.96,1.32,1.92,1.44,0,0,0,0,4.04,4.14,4.37,4.34,VMS 2,,Tanque,,1.38,1.74,2.40,1.80,0.62,1.60,2.88,2.70
03/05/2025 03:08 p. m.,Ordeño,06:21,20.79,1,,,,,0,,1.08,1.44,2.34,1.68,0,0,0,0,4.69,4.78,4.70,4.92,VMS 2,,Tanque,,1.62,2.10,3.18,2.10,1.55,4.86,7.25,7.13
04/05/2025 07:02 a. m.,Ordeño,06:16,19.47,1,,,,,0,,1.26,1.74,2.40,1.80,0,0,0,0,4.52,4.61,4.47,4.61,VMS 2,,Tanque,,1.74,2.34,2.94,2.22,1.92,4.36,6.38,6.81
04/05/2025 07:20 p. m.,Ordeño,05:25,16.33,2,,,,,0,,1.02,1.44,2.04,1.74,0,0,0,0,4.40,4.38,4.44,4.47,VMS 2,,Tanque,,1.56,2.22,2.70,2.10,1.26,3.63,6.14,5.30
05/05/2025 04:07 a. m.,Ordeño,05:03,9.96,1,,,DD,DD,0,,1.14,0.00,2.28,1.68,0,0,0,0,4.49,0.00,4.41,4.65,VMS 2,,Tanque,,1.56,0.00,2.82,2.10,1.12,0.00,4.50,4.34
05/05/2025 09:21 a. m.,Ordeño,05:08,9.12,2,,,,,0,,0.36,1.56,1.56,1.38,0,0,0,0,4.09,4.59,4.48,4.33,VMS 2,,Tanque,,0.66,2.22,2.70,2.16,0.48,3.64,2.66,2.34
06/05/2025 12:17 a. m.,Ordeño,05:42,19.23,1,,,,,0,,1.20,1.68,2.16,1.98,0,0,0,0,4.67,4.51,4.42,4.56,VMS 2,,Tanque,,1.74,2.40,3.00,2.58,1.55,4.07,6.64,6.97
06/05/2025 11:33 a. m.,Ordeño,05:08,16.27,2,,,,,0,,1.14,1.50,2.04,1.98,0,0,0,0,4.45,4.43,4.36,4.24,VMS 2,,Tanque,,1.62,1.98,2.70,2.46,1.45,3.24,5.92,5.66
06/05/2025 07:02 p. m.,Ordeño,04:32,10.69,3,,,,,0,,1.08,1.44,1.92,1.62,0,0,0,0,4.33,4.38,4.42,3.95,VMS 2,,Tanque,,1.56,2.28,2.40,2.10,1.02,2.35,3.69,3.63
07/05/2025 06:10 a. m.,Ordeño,05:27,15.23,1,,,,,0,,1.08,1.50,2.40,1.62,0,0,0,0,4.38,4.52,4.36,4.23,VMS 2,,Tanque,,1.62,2.10,3.06,2.16,1.19,3.50,5.16,5.38
07/05/2025 03:31 p. m.,Ordeño,04:41,12.89,2,,,,,0,,1.02,1.44,2.04,1.68,0,0,0,0,4.29,4.40,4.22,4.37,VMS 2,,Tanque,,1.62,2.04,2.52,2.10,1.11,2.86,4.60,4.32
08/05/2025 05:56 a. m.,Ordeño,06:53,18.92,1,,,,,0,,1.32,1.62,2.46,1.86,0,0,0,0,4.56,4.40,4.29,4.43,VMS 2,,Tanque,,1.86,2.16,3.30,2.28,1.71,4.03,6.28,6.90
08/05/2025 04:37 p. m.,Ordeño,05:13,14.25,2,,,,,0,,1.02,1.50,2.10,1.68,0,0,0,0,4.26,4.32,4.21,4.43,VMS 2,,Tanque,,1.56,2.10,2.70,2.04,0.97,3.06,5.17,5.05
09/05/2025 02:32 a. m.,Ordeño,04:57,13.81,1,,,,,0,,1.14,1.56,2.28,1.74,0,0,0,0,4.45,4.52,4.41,4.44,VMS 2,,Tanque,,1.74,2.16,2.88,2.22,1.07,2.39,4.97,5.38
09/05/2025 01:55 p. m.,Ordeño,05:28,15.10,2,,,,,0,,1.20,1.62,2.28,1.68,0,0,0,0,4.35,4.26,4.22,3.99,VMS 2,,Tanque,,1.68,2.22,2.94,2.16,1.24,3.51,5.20,5.15
10/05/2025 07:31 a. m.,Ordeño,06:16,20.28,1,,,,,0,,1.32,1.62,2.28,1.86,0,0,0,0,4.31,4.05,4.06,4.13,VMS 2,,Tanque,,1.74,2.46,3.00,2.40,1.71,4.20,6.99,7.38
10/05/2025 06:16 p. m.,Ordeño,04:47,11.64,2,,,,,0,,1.26,1.38,2.22,1.80,0,0,0,0,4.28,4.14,4.42,4.44,VMS 2,,Tanque,,1.74,1.80,2.76,2.28,1.24,1.86,4.02,4.52
11/05/2025 03:27 a. m.,Ordeño,04:53,13.59,1,,,,,0,,1.02,1.44,2.22,1.74,0,0,0,0,4.09,4.28,4.23,4.21,VMS 2,,Tanque,,1.56,1.98,2.88,2.16,1.00,3.04,4.76,4.79
11/05/2025 11:38 a. m.,Ordeño,04:31,12.04,2,,,,,0,,1.08,1.38,2.10,1.74,0,0,0,0,4.29,4.27,4.31,4.34,VMS 2,,Tanque,,1.74,1.80,3.06,2.40,1.05,2.57,4.21,4.21
11/05/2025 06:10 p. m.,Ordeño,04:28,9.16,3,,,,,0,,0.96,1.38,1.92,1.74,0,0,0,0,4.17,4.12,4.24,4.30,VMS 2,,Tanque,,1.62,2.04,2.46,2.22,0.83,1.93,3.30,3.10
12/05/2025 02:22 a. m.,Ordeño,04:20,11.22,1,,,,,0,,0.90,1.50,2.16,1.68,0,0,0,0,4.17,4.33,4.21,4.24,VMS 2,,Tanque,,1.44,1.98,2.82,2.22,0.90,2.51,3.94,3.87
12/05/2025 02:31 p. m.,Ordeño,05:26,16.84,2,,,,,0,,1.08,1.44,2.28,1.92,0,0,0,0,4.43,4.40,4.30,4.29,VMS 2,,Tanque,,1.56,2.10,3.00,2.70,1.41,3.77,5.86,5.80
13/05/2025 12:07 a. m.,Ordeño,04:29,11.08,1,,,,,0,,0.90,1.38,1.92,1.44,0,0,0,0,4.00,3.99,3.97,3.99,VMS 2,,Tanque,,1.44,1.92,2.52,1.92,0.83,2.54,4.17,3.54
13/05/2025 11:30 a. m.,Ordeño,05:29,16.33,2,,,,,0,,1.02,1.44,2.52,1.68,0,0,0,0,4.39,4.34,4.44,4.26,VMS 2,,Tanque,,1.50,2.10,3.18,2.64,1.33,3.76,5.75,5.49
14/05/2025 01:57 a. m.,Ordeño,06:41,18.43,1,,,,,0,,1.02,1.44,2.16,1.50,0,0,0,0,4.48,4.45,4.34,4.48,VMS 2,,Tanque,,1.50,1.86,2.82,2.28,1.47,4.01,6.60,6.35
14/05/2025 09:38 a. m.,Ordeño,04:06,9.73,2,,,,,0,,0.90,1.44,1.86,1.56,0,0,0,0,4.37,4.39,4.38,4.34,VMS 2,,Tanque,,1.44,2.04,2.46,2.16,0.98,2.20,3.55,3.00
14/05/2025 05:31 p. m.,Ordeño,04:37,10.45,3,,,,,0,,0.90,1.38,1.92,1.44,0,0,0,0,4.34,4.36,4.20,4.32,VMS 2,,Tanque,,1.26,1.92,2.52,2.04,0.85,2.33,3.83,3.44
15/05/2025 08:20 a. m.,Ordeño,07:21,12.04,1,,,TD,TD,0,,1.14,1.62,2.28,0.00,0,0,0,0,4.57,4.59,4.48,0.00,VMS 2,,Tanque,,1.56,2.40,2.76,0.00,1.76,4.33,5.95,0.00
15/05/2025 03:43 p. m.,Ordeño,06:13,13.14,2,,,,,0,,0.72,1.44,1.68,1.80,0,0,0,0,4.08,4.29,4.36,4.49,VMS 2,,Tanque,,1.38,1.98,2.16,2.34,0.71,1.98,3.14,7.31
16/05/2025 02:07 a. m.,Ordeño,05:11,13.18,1,,,,,0,,0.96,1.44,2.10,1.32,0,0,0,0,4.55,4.55,4.40,4.25,VMS 2,,Tanque,,1.50,1.92,2.58,1.74,1.12,3.22,4.99,3.85
16/05/2025 09:17 a. m.,Ordeño,04:23,9.71,2,,,,,0,,0.90,1.38,2.16,1.20,0,0,0,0,4.46,4.47,4.48,4.48,VMS 2,,Tanque,,1.44,1.98,2.64,1.74,0.87,2.39,3.60,2.85
16/05/2025 06:11 p. m.,Ordeño,05:08,12.24,3,,,,,0,,1.02,1.38,1.92,1.32,0,0,0,0,4.65,4.66,4.52,4.60,VMS 2,,Tanque,,1.50,1.86,2.40,1.74,1.02,2.75,4.47,4.00
17/05/2025 07:00 a. m.,Ordeño,06:22,16.77,1,,,,,0,,1.14,1.50,2.22,1.44,0,0,0,0,4.47,4.50,4.52,4.46,VMS 2,,Tanque,,1.86,1.92,2.88,2.16,1.43,3.91,5.60,5.83
17/05/2025 06:35 p. m.,Ordeño,05:42,13.54,2,,,,,0,,0.84,1.32,1.80,1.38,0,0,0,0,4.33,4.40,4.36,4.53,VMS 2,,Tanque,,1.44,1.68,2.22,2.10,1.11,2.90,5.09,4.44
18/05/2025 08:50 a. m.,Ordeño,06:04,19.93,1,,,,,0,,1.14,1.62,2.16,1.68,0,0,0,0,4.61,4.58,4.51,4.45,VMS 2,,Tanque,,1.56,2.22,2.70,2.40,1.63,4.33,7.19,6.78
18/05/2025 05:19 p. m.,Ordeño,04:57,11.05,2,,,,,0,,1.14,1.32,2.16,1.32,0,0,0,0,4.23,4.20,4.28,4.11,VMS 2,,Tanque,,1.56,1.68,2.76,1.80,1.15,2.45,4.13,3.32
19/05/2025 12:22 a. m.,Ordeño,04:17,9.04,1,,,,,0,,1.02,1.26,1.86,1.38,0,0,0,0,4.10,4.19,4.28,4.11,VMS 2,,Tanque,,1.62,1.74,2.28,1.80,0.74,1.97,3.35,2.98
19/05/2025 11:41 a. m.,Ordeño,05:32,14.92,2,,,,,0,,1.08,1.32,2.28,1.38,0,0,0,0,4.42,4.63,4.53,4.65,VMS 2,,Tanque,,1.50,1.80,2.82,2.04,1.17,3.44,5.40,4.91
19/05/2025 10:03 p. m.,Ordeño,05:01,11.48,3,,,,,0,,0.96,1.32,1.98,1.32,0,0,0,0,4.23,4.22,4.08,4.29,VMS 2,,Tanque,,1.44,1.86,2.70,1.92,1.00,2.49,4.19,3.80
20/05/2025 11:07 a. m.,Ordeño,07:07,17.57,1,,,,,0,,1.20,1.38,2.28,1.68,0,0,0,0,4.58,4.62,4.40,4.42,VMS 2,,Tanque,,1.68,1.86,2.82,2.52,1.58,4.14,5.77,6.08
21/05/2025 12:03 a. m.,Ordeño,06:46,15.61,1,,,,,0,,1.02,1.44,2.10,1.62,0,0,0,0,4.30,4.35,4.13,4.17,VMS 2,,Tanque,,1.44,1.98,2.64,2.46,1.17,3.16,5.79,5.49
21/05/2025 07:16 a. m.,Ordeño,04:23,9.62,2,,,,,0,,0.84,1.44,1.98,1.32,0,0,0,0,4.21,4.34,4.20,4.27,VMS 2,,Tanque,,1.50,1.86,2.64,1.74,0.75,2.13,3.80,2.94
21/05/2025 02:17 p. m.,Ordeño,04:59,10.04,3,,,,,0,,0.78,1.38,1.80,1.32,0,0,0,0,4.35,4.47,4.26,4.33,VMS 2,,Tanque,,1.32,1.80,2.46,1.92,0.74,2.18,3.78,3.34
22/05/2025 12:44 a. m.,Ordeño,05:57,13.22,1,,,,,0,,1.02,1.32,1.86,1.26,0,0,0,0,4.33,4.33,4.19,4.29,VMS 2,,Tanque,,1.50,1.80,2.28,1.80,1.14,2.81,5.00,4.27
22/05/2025 11:07 a. m.,Ordeño,05:36,14.47,2,,,,,0,,1.02,1.56,2.10,1.38,0,0,0,0,4.58,4.78,4.47,4.59,VMS 2,,Tanque,,1.56,2.04,2.58,2.28,1.27,3.11,5.42,4.67
22/05/2025 05:53 p. m.,Ordeño,04:20,9.02,3,,,,,0,,0.90,1.32,1.74,1.38,0,0,0,0,4.31,4.45,4.40,4.39,VMS 2,,Tanque,,1.38,1.86,2.16,1.98,0.83,1.90,3.25,3.04
23/05/2025 06:40 a. m.,Ordeño,06:29,17.48,1,,,,,0,,1.02,1.56,1.80,1.50,0,0,0,0,4.58,4.72,4.60,4.45,VMS 2,,Tanque,,1.50,2.04,2.28,2.28,1.32,3.70,6.33,6.13
23/05/2025 06:12 p. m.,Ordeño,07:07,15.77,2,,,,,0,,1.08,1.68,1.86,1.50,0,0,0,0,4.37,4.56,4.26,4.29,VMS 2,,Tanque,,1.56,2.28,2.52,1.98,1.36,3.40,5.72,5.29
24/05/2025 07:03 a. m.,Ordeño,05:31,16.82,1,,,,,0,,1.08,1.74,1.98,1.68,0,0,0,0,4.41,4.33,4.21,4.28,VMS 2,,Tanque,,1.56,2.28,2.46,2.34,1.32,3.56,6.27,5.67
24/05/2025 05:53 p. m.,Ordeño,05:11,14.07,2,,,,,0,,1.02,1.56,2.04,1.56,0,0,0,0,4.38,4.43,4.18,4.22,VMS 2,,Tanque,,1.50,2.04,2.46,2.16,1.12,3.20,4.98,4.77
25/05/2025 02:14 a. m.,Ordeño,04:39,11.66,1,,,,,0,,1.02,1.38,1.92,1.56,0,0,0,0,4.04,4.26,4.19,4.12,VMS 2,,Tanque,,1.50,1.86,2.46,2.22,0.98,2.64,4.16,3.88
25/05/2025 11:31 a. m.,Ordeño,04:59,12.69,2,,,,,0,,1.02,1.44,1.98,1.50,0,0,0,0,4.16,4.36,4.17,4.19,VMS 2,,Tanque,,1.56,2.04,2.40,1.98,1.09,2.75,4.74,4.11
26/05/2025 01:54 a. m.,Ordeño,05:49,17.22,1,,,,,0,,0.96,1.56,2.04,1.68,0,0,0,0,4.15,4.41,4.17,4.28,VMS 2,,Tanque,,1.44,2.04,2.64,2.34,1.24,3.80,6.24,5.94
26/05/2025 10:43 a. m.,Ordeño,04:45,12.11,2,,,,,0,,1.02,1.44,1.80,1.50,0,0,0,0,4.27,4.27,4.27,4.20,VMS 2,,Tanque,,1.80,2.10,2.28,2.04,1.22,2.74,4.39,3.76
27/05/2025 01:59 a. m.,Ordeño,06:49,19.56,1,,,,,0,,1.14,1.68,1.86,1.80,0,0,0,0,4.36,4.28,4.36,4.28,VMS 2,,Tanque,,1.74,2.22,2.34,2.52,1.78,4.04,6.82,6.92
27/05/2025 11:12 a. m.,Ordeño,04:40,11.92,2,,,,,0,,1.02,1.50,1.80,1.68,0,0,0,0,4.15,4.08,4.09,3.90,VMS 2,,Tanque,,1.44,1.98,2.22,2.28,1.07,2.68,4.29,3.88
27/05/2025 06:19 p. m.,Ordeño,07:11,5.41,3,,,TD,TD,0,,0.78,1.32,1.62,0.00,0,0,0,0,3.88,4.15,4.09,0.00,VMS 2,,Tanque,,1.32,1.92,2.10,0.00,0.66,1.84,2.91,0.00
28/05/2025 02:32 a. m.,Ordeño,06:44,13.02,1,,,,,0,,0.96,1.32,1.80,1.50,0,0,0,0,4.25,4.16,4.23,4.24,VMS 2,,Tanque,,1.74,1.92,2.46,2.10,0.82,2.42,3.61,6.17
28/05/2025 02:06 p. m.,Ordeño,05:28,14.78,2,,,,,0,,0.96,1.50,1.74,1.56,0,0,0,0,4.36,4.37,4.31,4.05,VMS 2,,Tanque,,1.38,2.04,2.22,2.34,1.15,3.39,5.47,4.77
29/05/2025 03:42 a. m.,Ordeño,05:39,15.70,1,,,,,0,,0.96,1.44,1.68,1.44,0,0,0,0,4.30,4.18,4.10,4.17,VMS 2,,Tanque,,1.38,1.86,2.10,1.86,1.34,3.44,5.73,5.19
29/05/2025 02:21 p. m.,Ordeño,05:19,13.89,2,,,,,0,,0.96,1.68,1.74,1.44,0,0,0,0,4.15,4.27,4.23,4.17,VMS 2,,Tanque,,1.38,2.16,2.16,1.98,1.21,3.17,5.05,4.46
30/05/2025 03:12 a. m.,Ordeño,05:44,15.28,1,,,,,0,,1.02,1.50,1.80,1.44,0,0,0,0,4.29,4.24,4.09,4.13,VMS 2,,Tanque,,1.56,1.98,2.40,1.92,1.25,3.41,5.56,5.06
30/05/2025 01:44 p. m.,Ordeño,05:25,12.73,2,,,,,0,,0.96,1.62,1.80,1.26,0,0,0,0,4.02,4.29,4.17,4.07,VMS 2,,Tanque,,1.38,2.16,2.28,1.68,0.95,3.04,4.85,3.89
31/05/2025 04:21 a. m.,Ordeño,06:02,17.21,1,,,,,0,,1.02,1.56,2.10,1.68,0,0,0,0,4.41,4.43,4.26,4.20,VMS 2,,Tanque,,1.50,2.04,2.64,2.28,1.34,3.85,5.78,6.24
31/05/2025 02:11 p. m.,Ordeño,05:28,13.09,2,,,,,0,,0.96,1.32,1.80,1.44,0,0,0,0,4.05,4.15,4.20,4.21,VMS 2,,Tanque,,1.50,1.74,2.22,1.98,1.30,2.94,4.66,4.19
31/05/2025 09:40 p. m.,Ordeño,04:25,9.15,3,,,,,0,,0.78,1.20,1.80,1.44,0,0,0,0,3.98,4.16,4.09,4.19,VMS 2,,Tanque,,1.26,1.68,2.28,2.04,0.71,1.98,3.23,3.23
01/06/2025 05:58 a. m.,Ordeño,04:55,7.20,1,,,TD,TD,0,,0.96,1.20,1.68,0.00,0,0,0,0,4.41,4.43,4.37,0.00,VMS 2,,Tanque,,1.38,1.56,2.10,0.00,0.89,2.45,3.86,0.00
01/06/2025 05:51 p. m.,Ordeño,07:51,17.93,2,,,,,0,,0.96,1.26,1.92,1.62,0,0,0,0,4.43,4.48,4.39,4.59,VMS 2,,Tanque,,1.38,1.68,2.46,2.22,1.14,3.46,5.06,8.27
02/06/2025 02:33 a. m.,Ordeño,04:37,10.62,1,,,,,0,,0.84,1.32,1.74,1.44,0,0,0,0,4.02,4.15,4.07,4.04,VMS 2,,Tanque,,1.32,1.74,2.10,1.86,0.85,2.44,3.89,3.44
02/06/2025 03:00 p. m.,Ordeño,05:50,16.44,2,,,,,0,,0.90,1.38,1.86,1.56,0,0,0,0,4.44,4.58,4.38,4.42,VMS 2,,Tanque,,1.26,2.04,2.46,2.04,1.28,3.71,5.95,5.50
02/06/2025 10:11 p. m.,Ordeño,04:30,8.91,3,,,,,0,,0.72,1.14,1.62,1.38,0,0,0,0,4.05,4.30,4.23,4.30,VMS 2,,Tanque,,1.14,1.56,2.10,1.98,0.73,1.92,3.28,2.98
03/06/2025 07:12 a. m.,Ordeño,05:13,12.48,1,,,,,0,,0.84,1.38,1.74,1.50,0,0,0,0,4.31,4.44,4.27,4.33,VMS 2,,Tanque,,1.20,1.86,2.28,1.86,1.07,2.83,4.53,4.05
03/06/2025 03:09 p. m.,Ordeño,04:34,10.28,2,,,,,0,,0.96,1.20,1.86,1.32,0,0,0,0,3.27,4.30,4.34,4.31,VMS 2,,Tanque,,2.52,1.74,2.34,1.74,1.22,2.25,3.67,3.14
03/06/2025 10:51 p. m.,Ordeño,05:32,9.25,3,,,,,0,,0.78,1.20,1.62,1.14,0,0,0,0,3.89,4.19,4.20,4.07,VMS 2,,Tanque,,1.20,1.62,2.04,1.74,0.83,2.05,3.28,3.09
04/06/2025 08:48 a. m.,Ordeño,05:11,12.83,1,,,,,0,,0.78,1.26,1.80,1.44,0,0,0,0,4.21,4.47,4.27,4.61,VMS 2,,Tanque,,1.14,1.74,2.22,1.86,0.92,2.87,4.72,4.32
04/06/2025 03:14 p. m.,Ordeño,04:43,8.01,2,,,,,0,,0.84,1.20,1.80,1.56,0,0,0,0,4.35,4.15,4.19,4.27,VMS 2,,Tanque,,1.26,1.56,2.16,2.10,0.71,1.74,2.82,2.74
05/06/2025 01:30 a. m.,Ordeño,04:54,12.26,1,,,,,0,,0.90,1.20,1.86,1.68,0,0,0,0,4.50,4.42,4.36,4.40,VMS 2,,Tanque,,1.26,1.68,2.34,2.10,0.99,2.62,4.31,4.34
05/06/2025 12:11 p. m.,Ordeño,05:27,14.24,2,,,,,0,,0.96,1.20,1.92,1.38,0,0,0,0,4.30,4.33,4.27,4.11,VMS 2,,Tanque,,1.50,1.80,2.52,1.92,1.19,3.20,5.28,4.57
06/06/2025 12:33 a. m.,Ordeño,05:27,16.27,1,,,,,0,,0.90,1.50,1.80,1.74,0,0,0,0,4.27,4.47,4.30,4.58,VMS 2,,Tanque,,1.32,2.16,2.28,2.22,1.26,3.53,5.72,5.76
06/06/2025 11:29 a. m.,Ordeño,05:12,14.05,2,,,,,0,,0.96,1.56,1.80,1.68,0,0,0,0,4.48,4.50,4.36,4.47,VMS 2,,Tanque,,1.26,1.98,2.40,2.22,1.38,2.60,5.24,4.83
06/06/2025 07:21 p. m.,Ordeño,04:58,10.69,3,,,,,0,,0.78,1.32,1.74,1.56,0,0,0,0,4.22,4.29,4.19,4.32,VMS 2,,Tanque,,1.26,1.80,2.34,2.28,0.80,2.31,3.81,3.77
07/06/2025 06:07 a. m.,Ordeño,05:11,13.88,1,,,,,0,,0.90,1.32,1.98,1.62,0,0,0,0,4.24,4.31,4.31,4.29,VMS 2,,Tanque,,1.44,1.80,2.52,2.04,1.08,3.02,4.85,4.93
07/06/2025 01:56 p. m.,Ordeño,04:20,9.84,2,,,,,0,,0.78,1.26,1.74,1.50,0,0,0,0,4.16,4.20,4.24,4.21,VMS 2,,Tanque,,1.26,1.74,2.34,2.10,0.80,2.18,3.49,3.37
07/06/2025 10:19 p. m.,Ordeño,04:56,10.51,3,,,,,0,,0.84,1.26,1.68,1.44,0,0,0,0,4.19,4.11,4.18,4.21,VMS 2,,Tanque,,1.26,1.74,2.40,1.86,0.81,2.33,3.72,3.65
08/06/2025 09:03 a. m.,Ordeño,05:45,13.81,1,,,,,0,,0.84,1.20,1.74,1.44,0,0,0,0,4.21,4.41,4.39,4.41,VMS 2,,Tanque,,1.32,1.62,2.28,1.92,1.09,2.91,4.88,4.93
08/06/2025 04:31 p. m.,Ordeño,04:53,8.39,2,,,,,0,,0.72,1.14,1.62,1.20,0,0,0,0,4.44,4.33,4.38,4.27,VMS 2,,Tanque,,1.14,1.56,2.16,1.62,0.62,1.88,3.05,2.84
09/06/2025 02:07 a. m.,Ordeño,05:30,11.97,1,,,,,0,,0.84,1.32,1.80,1.56,0,0,0,0,4.05,4.11,4.22,4.03,VMS 2,,Tanque,,1.26,1.74,2.28,1.92,0.99,2.53,4.36,4.09
09/06/2025 12:01 p. m.,Ordeño,04:57,12.17,2,,,,,0,,0.78,1.32,1.74,1.62,0,0,0,0,3.95,4.11,3.97,4.04,VMS 2,,Tanque,,1.20,1.68,2.34,2.04,0.91,2.56,4.38,4.32
09/06/2025 07:00 p. m.,Ordeño,04:16,8.87,3,,,,,0,,0.78,1.20,1.74,1.50,0,0,0,0,4.29,4.33,4.38,4.15,VMS 2,,Tanque,,1.26,1.80,2.22,1.98,0.74,1.97,3.13,3.03
10/06/2025 03:17 a. m.,Ordeño,04:53,10.73,1,,,,,0,,0.72,1.20,1.86,1.44,0,0,0,0,4.21,4.25,4.51,4.18,VMS 2,,Tanque,,1.20,1.68,2.34,1.98,0.80,2.41,3.76,3.76
10/06/2025 11:57 a. m.,Ordeño,04:47,10.52,2,,,,,0,,0.78,1.26,1.68,1.44,0,0,0,0,4.00,4.07,4.15,4.07,VMS 2,,Tanque,,1.20,1.92,2.16,1.98,0.81,2.29,3.75,3.67
10/06/2025 11:24 p. m.,Ordeño,05:15,13.63,3,,,,,0,,0.84,1.38,1.74,1.56,0,0,0,0,4.20,4.26,4.16,4.19,VMS 2,,Tanque,,1.38,1.74,2.22,2.10,1.06,2.93,4.76,4.88
11/06/2025 07:57 a. m.,Ordeño,04:45,10.69,1,,,,,0,,0.78,1.26,1.56,1.56,0,0,0,0,4.01,4.13,4.29,4.06,VMS 2,,Tanque,,1.20,1.86,2.10,1.98,0.89,2.32,3.78,3.70
11/06/2025 05:23 p. m.,Ordeño,05:19,11.55,2,,,,,0,,0.84,1.20,1.74,1.50,0,0,0,0,4.23,4.25,4.41,4.27,VMS 2,,Tanque,,1.44,1.56,2.22,1.92,0.91,2.55,4.05,4.04
12/06/2025 03:59 a. m.,Ordeño,05:42,8.53,1,,,TD,TD,0,,0.96,1.26,1.86,0.00,0,0,0,0,4.15,4.22,4.37,0.00,VMS 2,,Tanque,,1.38,1.62,2.46,0.00,1.10,2.83,4.60,0.00
12/06/2025 02:27 p. m.,Ordeño,07:03,16.52,2,,,,,0,,0.78,1.20,1.92,1.74,0,0,0,0,4.07,4.18,4.11,4.13,VMS 2,,Tanque,,1.32,1.68,2.46,2.34,0.95,2.87,4.65,8.05
13/06/2025 01:50 a. m.,Ordeño,05:20,11.50,1,,,,,0,,0.72,1.32,1.62,1.26,0,0,0,0,3.89,4.08,4.12,3.72,VMS 2,,Tanque,,1.14,1.74,2.16,1.74,0.83,2.68,4.38,3.61
13/06/2025 08:24 a. m.,Ordeño,04:28,7.97,2,,,,,0,,0.66,1.08,1.56,1.26,0,0,0,0,3.95,4.13,4.32,4.14,VMS 2,,Tanque,,1.20,1.56,1.98,1.68,0.59,1.76,2.91,2.71
13/06/2025 05:12 p. m.,Ordeño,05:04,10.12,3,,,,,0,,0.66,1.14,1.62,1.20,0,0,0,0,4.36,4.36,4.46,4.51,VMS 2,,Tanque,,1.08,1.62,2.04,1.68,0.59,2.36,3.70,3.47
14/06/2025 06:25 a. m.,Ordeño,07:48,17.98,1,,,,,0,,1.14,1.38,1.98,1.44,0,0,0,0,4.49,4.39,4.32,4.42,VMS 2,,Tanque,,1.56,1.68,2.52,2.04,1.55,3.98,6.44,6.01
14/06/2025 02:47 p. m.,Ordeño,04:50,9.82,2,,,,,0,,0.66,1.20,1.74,1.32,0,0,0,0,3.74,4.10,4.24,4.07,VMS 2,,Tanque,,1.20,1.62,2.16,1.80,0.73,2.17,3.65,3.27
15/06/2025 01:10 a. m.,Ordeño,07:19,11.76,1,,TD,,,0,,0.78,1.26,1.86,0.90,0,0,0,0,4.14,4.32,4.49,4.34,VMS 2,,Tanque,,1.26,1.86,2.40,2.10,0.87,2.62,4.18,4.09
15/06/2025 02:22 p. m.,Ordeño,06:17,17.36,2,,,,,0,,0.96,1.32,1.92,1.50,0,0,0,0,4.62,4.67,4.51,4.57,VMS 2,,Tanque,,1.44,1.74,2.52,1.98,1.30,3.65,6.36,6.05
15/06/2025 10:21 p. m.,Ordeño,04:42,10.58,3,,,,,0,,0.90,1.32,1.74,1.44,0,0,0,0,4.09,4.26,4.29,4.18,VMS 2,,Tanque,,1.38,1.86,2.22,1.98,0.93,2.25,3.66,3.74
16/06/2025 03:25 p. m.,Ordeño,07:10,19.50,1,,,,,0,,1.08,1.50,2.22,1.62,0,0,0,0,4.34,4.56,4.36,4.42,VMS 2,,Tanque,,1.62,2.34,2.76,2.16,1.53,4.54,6.61,6.82
17/06/2025 12:58 a. m.,Ordeño,04:35,7.61,1,,,TD,TD,0,,0.96,1.38,1.92,0.00,0,0,0,0,4.13,4.26,4.35,0.00,VMS 2,,Tanque,,1.44,1.98,2.40,0.00,0.96,2.54,4.11,0.00
17/06/2025 07:31 a. m.,Ordeño,07:23,13.55,2,,,,,0,,0.84,1.26,1.86,1.74,0,0,0,0,4.25,4.20,4.34,4.43,VMS 2,,Tanque,,1.38,1.86,2.22,2.40,0.69,1.87,3.19,7.80
17/06/2025 03:37 p. m.,Ordeño,04:36,9.46,3,,,,,0,,0.66,1.26,1.80,1.56,0,0,0,0,4.05,4.21,4.27,4.02,VMS 2,,Tanque,,1.14,1.68,2.58,2.10,0.72,2.17,3.57,3.00
18/06/2025 02:00 a. m.,Ordeño,04:52,11.50,1,,,,,0,,0.96,1.32,1.92,1.44,0,0,0,0,3.91,4.15,4.26,4.09,VMS 2,,Tanque,,1.50,1.80,2.40,1.80,0.93,2.58,4.07,3.92
18/06/2025 01:57 p. m.,Ordeño,05:16,14.77,2,,,,,0,,0.96,1.50,1.98,1.62,0,0,0,0,4.19,4.29,4.33,4.21,VMS 2,,Tanque,,1.38,1.98,2.40,2.10,1.20,3.27,5.23,5.07
19/06/2025 01:25 a. m.,Ordeño,05:09,12.42,1,,,,,0,,0.96,1.38,2.04,1.44,0,0,0,0,3.94,4.13,4.23,3.78,VMS 2,,Tanque,,1.44,2.16,2.70,1.86,0.96,2.77,4.49,4.20
19/06/2025 02:04 p. m.,Ordeño,05:46,15.39,2,,,,,0,,0.90,1.38,2.10,1.56,0,0,0,0,4.43,4.53,4.55,4.58,VMS 2,,Tanque,,1.44,1.92,2.76,1.98,1.02,3.47,5.31,5.59
19/06/2025 10:40 p. m.,Ordeño,05:11,10.52,3,,,,,0,,0.96,1.14,1.92,1.38,0,0,0,0,4.31,4.28,4.31,4.31,VMS 2,,Tanque,,1.44,1.50,2.34,1.86,0.89,2.29,3.67,3.67
20/06/2025 11:47 a. m.,Ordeño,05:52,16.73,1,,,,,0,,0.96,1.44,2.28,1.68,0,0,0,0,4.44,4.62,4.54,4.55,VMS 2,,Tanque,,1.56,1.98,2.82,2.10,1.11,3.84,5.62,6.16
20/06/2025 06:01 p. m.,Ordeño,04:00,6.97,2,,,,,0,,0.84,1.20,1.68,1.44,0,0,0,0,4.31,4.14,4.35,4.16,VMS 2,,Tanque,,1.38,1.74,2.28,1.92,0.76,1.42,2.38,2.41
21/06/2025 02:44 a. m.,Ordeño,04:52,10.43,1,,,,,0,,0.78,1.20,1.86,1.32,0,0,0,0,4.33,4.46,4.54,4.49,VMS 2,,Tanque,,1.50,2.16,2.46,1.86,0.65,2.28,3.84,3.66
21/06/2025 02:42 p. m.,Ordeño,05:20,9.35,2,,,TD,TD,0,,0.96,1.38,2.04,0.00,0,0,0,0,4.46,4.67,4.68,0.00,VMS 2,,Tanque,,1.44,1.80,2.46,0.00,1.09,3.18,5.08,0.00
21/06/2025 07:54 p. m.,Ordeño,06:35,9.72,3,,,,,0,,0.66,1.08,1.56,1.56,0,0,0,0,4.38,4.39,4.61,4.77,VMS 2,,Tanque,,1.26,1.50,2.10,2.04,0.46,1.01,1.91,6.34
22/06/2025 07:20 a. m.,Ordeño,05:35,14.57,1,,,,,0,,0.96,1.26,1.92,1.44,0,0,0,0,4.37,4.42,4.54,4.29,VMS 2,,Tanque,,1.44,1.86,2.46,1.98,1.13,3.34,5.16,4.94
22/06/2025 03:48 p. m.,Ordeño,04:30,9.95,2,,,,,0,,0.96,1.32,1.98,1.44,0,0,0,0,4.32,4.36,4.33,4.20,VMS 2,,Tanque,,1.56,1.80,2.40,1.74,0.85,2.18,3.62,3.30
23/06/2025 01:04 a. m.,Ordeño,04:32,9.79,1,,,,,0,,0.84,1.20,1.98,1.50,0,0,0,0,4.06,4.14,4.27,4.08,VMS 2,,Tanque,,1.38,1.50,2.52,1.98,0.73,2.12,3.45,3.49
23/06/2025 11:01 a. m.,Ordeño,05:37,12.60,2,,,,,0,,1.02,1.26,2.10,1.56,0,0,0,0,4.32,4.43,4.46,4.34,VMS 2,,Tanque,,1.50,1.68,2.70,2.04,0.93,2.77,4.40,4.50
23/06/2025 07:03 p. m.,Ordeño,04:42,8.30,3,,,,,0,,0.78,1.08,1.80,1.38,0,0,0,0,3.93,4.16,4.25,4.20,VMS 2,,Tanque,,1.32,1.50,2.28,1.80,0.60,1.73,3.00,2.97
24/06/2025 03:01 a. m.,Ordeño,04:33,8.99,1,,,,,0,,0.78,1.26,1.92,1.38,0,0,0,0,4.12,4.47,4.47,4.36,VMS 2,,Tanque,,1.38,1.68,2.52,1.92,0.65,1.97,3.14,3.23
24/06/2025 01:16 p. m.,Ordeño,04:38,8.33,2,,,TD,TD,0,,1.02,1.56,1.98,0.00,0,0,0,0,4.46,4.69,4.52,0.00,VMS 2,,Tanque,,1.44,2.22,2.52,0.00,1.11,2.75,4.47,0.00
24/06/2025 05:39 p. m.,Ordeño,05:52,9.32,3,,,,,0,TD,0.48,1.08,1.56,1.80,0,0,0,0,3.71,4.02,4.28,4.54,VMS 2,,Tanque,,1.02,1.50,2.16,2.34,0.31,1.02,1.56,6.43
25/06/2025 03:11 a. m.,Ordeño,04:11,9.36,1,,,,,0,,0.78,1.32,2.04,1.50,0,0,0,0,4.06,4.29,4.28,4.06,VMS 2,,Tanque,,1.44,1.80,2.58,1.98,0.67,2.05,3.46,3.18
25/06/2025 02:22 p. m.,Ordeño,04:55,9.07,2,,,TD,TD,0,,1.02,1.38,2.16,0.00,0,0,0,0,4.31,4.41,4.48,0.00,VMS 2,,Tanque,,1.44,1.86,2.64,0.00,1.09,3.06,4.92,0.00
25/06/2025 05:21 p. m.,Ordeño,06:04,7.69,3,,,,,0,,0.54,0.84,1.20,1.68,0,0,0,0,4.09,4.20,4.19,4.57,VMS 2,,Tanque,,1.08,1.50,1.98,2.28,0.30,0.61,1.03,5.75
26/06/2025 12:28 a. m.,Ordeño,03:49,5.95,1,,,,,0,,0.54,1.20,1.74,1.38,0,0,0,0,3.73,4.13,4.06,3.88,VMS 2,,Tanque,,1.26,1.68,2.34,1.80,0.38,1.29,2.14,2.14
26/06/2025 11:56 a. m.,Ordeño,05:11,13.18,2,,,,,0,,0.90,1.38,2.10,1.74,0,0,0,0,4.45,4.66,4.55,4.57,VMS 2,,Tanque,,1.38,2.04,2.58,2.28,0.93,2.84,4.69,4.72
26/06/2025 07:56 p. m.,Ordeño,04:31,9.64,3,,,,,0,,0.90,1.20,1.86,1.50,0,0,0,0,4.80,4.88,4.88,4.87,VMS 2,,Tanque,,1.26,1.86,2.46,1.98,0.82,2.15,3.36,3.31
27/06/2025 08:33 a. m.,Ordeño,05:28,14.79,1,,,,,0,,0.96,1.38,2.10,1.74,0,0,0,0,4.65,4.83,4.67,4.68,VMS 2,,Tanque,,1.50,1.86,2.76,2.34,1.05,3.34,4.56,5.84
27/06/2025 04:52 p. m.,Ordeño,04:25,9.77,2,,,,,0,,0.78,1.32,1.98,1.44,0,0,0,0,4.32,4.39,4.39,4.46,VMS 2,,Tanque,,1.20,1.80,2.58,1.86,0.76,2.16,3.59,3.26
28/06/2025 01:09 a. m.,Ordeño,04:02,8.83,1,,,,,0,,0.84,1.32,1.92,1.56,0,0,0,0,4.31,4.29,4.40,4.35,VMS 2,,Tanque,,1.44,1.86,2.28,1.98,0.78,1.92,3.14,2.99
28/06/2025 12:49 p. m.,Ordeño,05:15,13.15,2,,,,,0,,0.90,1.26,2.04,1.56,0,0,0,0,4.30,4.49,4.41,4.48,VMS 2,,Tanque,,1.32,1.68,2.46,2.04,0.93,2.89,4.79,4.54
28/06/2025 07:11 p. m.,Ordeño,04:14,7.09,3,,,,,0,,0.84,1.20,1.92,1.32,0,0,0,0,4.16,4.32,4.34,4.33,VMS 2,,Tanque,,1.26,1.68,2.46,1.68,0.60,1.60,2.48,2.41
29/06/2025 03:24 a. m.,Ordeño,04:34,9.44,1,,,,,0,,0.78,1.26,1.98,1.32,0,0,0,0,4.35,4.57,4.48,4.42,VMS 2,,Tanque,,1.32,1.80,2.64,1.92,0.70,2.10,3.48,3.16
29/06/2025 01:09 p. m.,Ordeño,04:39,10.98,2,,,,,0,,0.96,1.26,2.10,1.44,0,0,0,0,4.43,4.50,4.47,4.42,VMS 2,,Tanque,,1.38,1.74,2.58,1.86,0.89,2.39,3.94,3.76
29/06/2025 11:15 p. m.,Ordeño,04:31,9.09,3,,,,,0,,0.78,1.32,1.80,1.44,0,0,0,0,3.80,4.29,4.22,4.17,VMS 2,,Tanque,,1.32,1.74,2.46,1.98,0.67,1.89,3.38,3.15
30/06/2025 10:12 a. m.,Ordeño,04:54,12.88,1,,,,,0,,0.96,1.32,1.92,1.74,0,0,0,0,4.51,4.46,4.55,4.44,VMS 2,,Tanque,,1.44,1.86,2.58,2.28,1.01,2.72,4.51,4.64
30/06/2025 05:24 p. m.,Ordeño,04:06,8.51,2,,,,,0,,0.78,1.14,1.80,1.50,0,0,0,0,4.30,4.48,4.62,4.49,VMS 2,,Tanque,,1.50,1.62,2.16,1.92,0.65,1.74,3.06,3.06
01/07/2025 12:25 a. m.,Ordeño,04:24,7.99,1,,,,,0,,0.84,1.20,1.86,1.38,0,0,0,0,4.18,4.27,4.49,4.28,VMS 2,,Tanque,,1.38,1.62,2.40,1.74,0.69,1.78,2.87,2.65
01/07/2025 10:43 a. m.,Ordeño,04:58,12.86,2,,,,,0,,0.96,1.44,1.92,1.68,0,0,0,0,4.29,4.69,4.62,4.56,VMS 2,,Tanque,,1.86,1.86,2.58,2.40,0.96,2.75,4.51,4.64
01/07/2025 09:27 p. m.,Ordeño,05:25,12.75,3,,,,,0,,1.02,1.32,1.92,1.56,0,0,0,0,4.23,4.41,4.48,4.37,VMS 2,,Tanque,,1.56,1.74,2.34,2.16,1.00,2.73,4.49,4.53
02/07/2025 10:41 a. m.,Ordeño,05:17,14.94,1,,,,,0,,1.02,1.44,1.74,1.74,0,0,0,0,4.31,4.54,4.49,4.42,VMS 2,,Tanque,,1.44,2.28,2.22,2.28,1.12,3.33,5.16,5.33
02/07/2025 06:47 p. m.,Ordeño,04:24,8.45,2,,,,,0,,0.84,1.20,1.80,1.38,0,0,0,0,4.31,4.15,4.37,4.19,VMS 2,,Tanque,,1.32,1.62,2.28,1.98,0.71,1.75,2.99,3.00
03/07/2025 11:45 a. m.,Ordeño,06:27,19.64,1,,,,,0,,1.20,1.50,2.22,1.80,0,0,0,0,4.81,4.72,4.46,4.63,VMS 2,,Tanque,,1.62,2.28,2.64,2.34,1.51,4.54,5.88,7.71
03/07/2025 07:10 p. m.,Ordeño,04:20,7.80,2,,,,,0,,0.90,1.20,1.92,1.26,0,0,0,0,3.92,4.27,4.36,4.33,VMS 2,,Tanque,,1.44,1.50,2.34,1.74,0.53,1.76,2.86,2.65
04/07/2025 03:13 a. m.,Ordeño,04:21,8.89,1,,,,,0,,0.84,1.26,1.74,1.44,0,0,0,0,4.34,4.55,4.54,4.46,VMS 2,,Tanque,,1.44,1.62,2.10,1.92,0.68,1.85,3.22,3.14
04/07/2025 12:51 p. m.,Ordeño,05:02,12.11,2,,,,,0,,1.02,1.38,1.92,1.50,0,0,0,0,4.46,4.73,4.74,4.63,VMS 2,,Tanque,,1.50,1.74,2.46,1.98,0.89,2.62,4.29,4.31
04/07/2025 10:43 p. m.,Ordeño,04:57,10.41,3,,,,,0,,0.84,1.20,1.80,1.32,0,0,0,0,4.25,4.31,4.49,4.37,VMS 2,,Tanque,,1.32,1.50,2.40,1.74,0.72,2.35,3.75,3.59
05/07/2025 06:52 a. m.,Ordeño,04:38,9.98,1,,,,,0,,0.84,1.38,1.74,1.44,0,0,0,0,4.46,4.71,4.77,4.62,VMS 2,,Tanque,,1.44,1.86,2.10,2.04,0.73,2.14,3.52,3.59
05/07/2025 03:45 p. m.,Ordeño,04:51,11.48,2,,,,,0,,0.90,1.44,1.86,1.56,0,0,0,0,4.60,4.78,4.71,4.74,VMS 2,,Tanque,,1.38,1.86,2.40,2.04,0.89,2.47,4.00,4.12
06/07/2025 12:14 a. m.,Ordeño,04:38,10.29,1,,,,,0,,0.84,1.38,1.80,1.44,0,0,0,0,4.51,4.59,4.58,4.55,VMS 2,,Tanque,,1.32,1.92,2.28,1.92,0.76,2.20,3.64,3.69
06/07/2025 09:36 a. m.,Ordeño,04:59,11.08,2,,,,,0,,0.78,1.32,1.86,1.32,0,0,0,0,4.39,4.60,4.70,4.54,VMS 2,,Tanque,,1.26,1.80,2.34,1.80,0.85,2.46,4.08,3.69
07/07/2025 12:06 a. m.,Ordeño,06:19,17.13,1,,,,,0,,1.02,1.38,1.92,1.50,0,0,0,0,4.59,4.67,4.63,4.66,VMS 2,,Tanque,,1.44,1.74,2.58,2.04,1.37,3.77,5.75,6.24
07/07/2025 11:00 a. m.,Ordeño,05:21,13.27,2,,,,,0,,0.96,1.32,1.92,1.44,0,0,0,0,4.43,4.26,4.39,4.21,VMS 2,,Tanque,,1.38,1.80,2.52,1.86,1.11,2.91,4.77,4.48
07/07/2025 05:47 p. m.,Ordeño,04:08,7.87,3,,,,,0,,0.84,1.20,1.80,1.32,0,0,0,0,4.30,4.23,4.43,4.38,VMS 2,,Tanque,,1.44,1.56,2.28,1.74,0.65,1.67,2.83,2.72
08/07/2025 06:40 a. m.,Ordeño,05:42,15.11,1,,,,,0,,0.96,1.44,1.86,1.56,0,0,0,0,4.42,4.51,4.57,4.53,VMS 2,,Tanque,,1.38,1.92,2.64,2.10,1.14,2.94,5.52,5.51
08/07/2025 05:50 p. m.,Ordeño,05:30,14.27,2,,,,,0,,1.02,1.32,1.86,1.50,0,0,0,0,4.45,4.39,4.54,4.44,VMS 2,,Tanque,,1.68,1.80,2.34,1.92,1.15,3.13,5.01,4.98
09/07/2025 02:24 a. m.,Ordeño,04:57,10.51,1,,,,,0,,0.78,1.32,1.80,1.32,0,0,0,0,4.24,4.37,4.47,4.34,VMS 2,,Tanque,,1.38,1.74,2.28,1.74,0.86,2.37,3.84,3.44
09/07/2025 11:56 a. m.,Ordeño,05:10,11.97,2,,,,,0,,0.90,1.32,1.98,1.32,0,0,0,0,4.39,4.43,4.47,4.46,VMS 2,,Tanque,,1.44,1.68,2.40,1.80,0.90,2.73,4.29,4.05
09/07/2025 06:50 p. m.,Ordeño,04:20,7.65,3,,,,,0,,0.72,1.14,1.86,1.20,0,0,0,0,4.18,4.44,4.49,4.44,VMS 2,,Tanque,,1.32,1.56,2.28,1.86,0.55,1.75,2.76,2.59
10/07/2025 06:18 a. m.,Ordeño,05:13,14.44,1,,,,,0,,0.96,1.44,2.10,1.62,0,0,0,0,4.58,4.64,4.55,4.59,VMS 2,,Tanque,,1.50,1.92,2.70,2.22,1.05,2.97,5.39,5.03
10/07/2025 01:46 p. m.,Ordeño,04:26,9.31,2,,,,,0,,0.96,1.26,1.98,1.32,0,0,0,0,4.29,4.37,4.43,4.46,VMS 2,,Tanque,,1.56,1.68,2.40,1.68,0.85,2.06,3.37,3.03
11/07/2025 01:48 a. m.,Ordeño,05:30,14.93,1,,,,,0,,0.96,1.44,1.98,1.62,0,0,0,0,4.39,4.51,4.54,4.58,VMS 2,,Tanque,,1.50,1.86,2.52,2.22,1.22,3.04,5.34,5.33
11/07/2025 01:00 p. m.,Ordeño,05:31,15.06,2,,,,,0,,0.96,1.38,2.16,1.56,0,0,0,0,4.38,4.51,4.50,4.51,VMS 2,,Tanque,,1.50,2.04,2.64,2.16,1.19,3.36,5.35,5.16
11/07/2025 09:46 p. m.,Ordeño,08:00,10.45,3,,,,,0,,0.96,1.14,1.98,1.38,0,0,0,0,4.34,4.30,4.41,4.37,VMS 2,,Tanque,,1.44,1.50,2.46,1.86,0.94,2.36,3.69,3.46
12/07/2025 01:05 p. m.,Ordeño,05:54,20.07,1,,,,,0,,1.08,1.62,2.22,1.92,0,0,0,0,4.50,4.78,4.60,4.62,VMS 2,,Tanque,,1.50,2.16,2.82,2.46,1.49,4.01,7.45,7.12
13/07/2025 12:36 a. m.,Ordeño,06:32,14.55,1,,,,,0,,1.20,1.38,2.16,1.56,0,0,0,0,4.43,4.37,4.35,4.40,VMS 2,,Tanque,,1.98,1.80,2.64,2.16,1.25,3.09,5.14,5.07
13/07/2025 04:23 p. m.,Ordeño,06:53,19.11,2,,,,,0,,0.96,1.56,2.16,1.50,0,0,0,0,4.57,4.77,4.57,4.71,VMS 2,,Tanque,,1.44,2.16,2.70,2.04,1.48,4.48,6.63,6.52
14/07/2025 11:41 a. m.,Ordeño,07:25,21.89,1,,,,,0,,1.20,1.62,2.22,1.56,0,0,0,0,4.51,4.61,4.35,4.42,VMS 2,,Tanque,,1.68,2.22,2.82,1.98,1.65,5.01,7.67,7.56
14/07/2025 08:13 p. m.,Ordeño,04:49,10.03,2,,,,,0,,0.96,1.26,1.92,1.32,0,0,0,0,4.16,4.18,4.32,4.16,VMS 2,,Tanque,,1.44,1.62,2.52,1.74,0.81,2.25,3.59,3.38
15/07/2025 01:51 p. m.,Ordeño,05:56,13.09,1,,,TD,TD,0,,1.14,1.56,2.10,0.00,0,0,0,0,4.56,4.83,4.55,0.00,VMS 2,,Tanque,,1.62,2.16,2.70,0.00,1.65,4.75,6.69,0.00
15/07/2025 06:46 p. m.,Ordeño,05:52,9.52,2,,,,,0,,0.60,1.20,1.68,1.68,0,0,0,0,3.67,4.14,4.15,4.46,VMS 2,,Tanque,,1.26,1.74,2.22,2.10,0.38,1.14,1.87,6.13
16/07/2025 02:04 a. m.,Ordeño,04:15,7.98,1,,,,,0,,0.84,1.32,2.10,1.38,0,0,0,0,3.90,4.12,4.16,3.96,VMS 2,,Tanque,,1.44,1.74,2.70,1.80,0.52,1.90,3.07,2.49
16/07/2025 11:19 a. m.,Ordeño,04:38,11.55,2,,,,,0,,0.84,1.56,1.98,1.50,0,0,0,0,4.24,4.46,4.51,4.22,VMS 2,,Tanque,,1.38,2.16,2.46,1.98,0.91,2.62,4.34,3.68
16/07/2025 05:59 p. m.,Ordeño,04:03,7.32,3,,,,,0,,0.48,1.20,1.80,1.32,0,0,0,0,3.91,4.51,4.55,4.59,VMS 2,,Tanque,,0.96,1.50,2.34,1.68,0.44,1.64,2.81,2.43
17/07/2025 02:38 a. m.,Ordeño,05:29,10.94,1,,,,,0,,0.90,1.38,1.92,1.32,0,0,0,0,4.52,4.50,4.55,4.59,VMS 2,,Tanque,,1.32,1.80,2.34,1.80,0.86,2.54,3.94,3.60
17/07/2025 04:31 p. m.,Ordeño,06:08,15.99,2,,,,,0,,1.02,1.62,2.16,1.32,0,0,0,0,4.27,4.33,4.27,4.34,VMS 2,,Tanque,,1.56,2.10,2.58,1.80,1.20,3.60,6.18,5.01
18/07/2025 08:04 a. m.,Ordeño,05:58,16.29,1,,,,,0,,1.20,1.56,2.22,1.50,0,0,0,0,4.17,4.18,4.17,4.10,VMS 2,,Tanque,,1.68,2.10,2.70,1.98,1.21,3.57,5.94,5.57
18/07/2025 04:15 p. m.,Ordeño,04:31,9.81,2,,,,,0,,1.14,1.44,2.10,1.38,0,0,0,0,4.14,4.18,4.25,4.18,VMS 2,,Tanque,,1.68,1.92,2.70,1.80,0.89,2.13,3.57,3.22
19/07/2025 01:03 a. m.,Ordeño,04:49,10.26,1,,,,,0,,0.96,1.44,2.10,1.32,0,0,0,0,3.99,4.33,4.30,4.40,VMS 2,,Tanque,,1.68,1.98,2.64,1.86,0.74,2.26,3.85,3.41
19/07/2025 08:28 a. m.,Ordeño,04:58,9.93,2,,,,,0,,0.90,1.44,2.16,1.38,0,0,0,0,4.40,4.58,4.47,4.64,VMS 2,,Tanque,,1.32,2.04,2.64,1.86,0.75,2.22,3.54,3.42
19/07/2025 04:53 p. m.,Ordeño,04:49,10.21,3,,,,,0,,0.90,1.26,2.10,1.20,0,0,0,0,4.34,4.53,4.44,4.58,VMS 2,,Tanque,,1.44,1.68,2.58,1.98,0.78,2.40,3.91,3.12
20/07/2025 07:54 a. m.,Ordeño,06:33,18.02,1,,,,,0,,1.20,1.62,2.40,1.44,0,0,0,0,4.89,4.56,4.44,4.58,VMS 2,,Tanque,,1.80,2.04,3.06,2.04,1.57,4.30,6.32,5.83
20/07/2025 03:25 p. m.,Ordeño,04:22,9.26,2,,,,,0,,0.84,1.44,2.04,1.38,0,0,0,0,4.36,4.22,4.25,4.30,VMS 2,,Tanque,,1.32,1.86,2.46,1.86,0.63,2.12,3.49,3.02
21/07/2025 12:37 a. m.,Ordeño,06:04,11.59,1,,,,,0,,0.96,1.44,2.16,1.38,0,0,0,0,4.42,4.36,4.31,4.53,VMS 2,,Tanque,,1.32,1.86,2.64,1.98,0.88,2.39,4.34,3.98
21/07/2025 07:24 a. m.,Ordeño,04:20,8.67,2,,,,,0,,0.72,1.38,2.04,1.38,0,0,0,0,4.49,4.42,4.30,4.49,VMS 2,,Tanque,,1.26,1.92,2.58,1.74,0.61,1.95,3.26,2.85
21/07/2025 04:09 p. m.,Ordeño,04:59,11.63,3,,,,,0,,0.84,1.44,2.16,1.32,0,0,0,0,4.82,4.66,4.59,4.80,VMS 2,,Tanque,,1.32,2.16,2.76,1.80,0.88,2.69,4.27,3.79
22/07/2025 07:08 a. m.,Ordeño,06:01,18.56,1,,,,,0,,1.02,1.62,2.22,1.74,0,0,0,0,4.69,4.54,4.45,4.46,VMS 2,,Tanque,,1.44,2.04,2.76,2.40,1.37,4.24,6.14,6.81
22/07/2025 04:17 p. m.,Ordeño,04:47,11.13,2,,,,,0,,0.90,1.44,1.98,1.44,0,0,0,0,4.36,4.13,3.94,4.19,VMS 2,,Tanque,,1.32,1.86,2.52,1.92,0.98,2.33,3.99,3.83
22/07/2025 10:52 p. m.,Ordeño,04:19,8.48,3,,,,,0,,0.60,1.38,1.86,1.44,0,0,0,0,4.36,4.28,4.29,4.46,VMS 2,,Tanque,,1.08,1.80,2.46,1.86,0.55,1.77,3.05,3.11
23/07/2025 11:41 a. m.,Ordeño,05:54,18.08,1,,,,,0,,0.96,1.68,2.16,1.74,0,0,0,0,4.56,4.63,4.46,4.52,VMS 2,,Tanque,,1.44,2.34,2.76,2.46,1.51,3.72,6.39,6.46
23/07/2025 07:10 p. m.,Ordeño,04:55,8.86,2,,,,,0,,0.78,1.32,1.98,1.26,0,0,0,0,4.15,3.96,3.93,4.04,VMS 2,,Tanque,,1.26,2.16,2.40,1.80,0.67,1.91,3.27,3.01
24/07/2025 04:28 a. m.,Ordeño,05:28,11.46,1,,,,,0,,0.96,1.56,2.04,1.50,0,0,0,0,4.36,4.21,4.18,4.22,VMS 2,,Tanque,,1.32,2.04,2.64,1.98,0.92,2.49,4.11,3.94
24/07/2025 11:44 a. m.,Ordeño,04:35,8.25,2,,,,,0,,0.78,1.38,1.98,1.44,0,0,0,0,4.22,3.99,4.06,4.04,VMS 2,,Tanque,,1.26,1.92,2.46,1.92,0.63,1.67,3.03,2.92
25/07/2025 12:09 a. m.,Ordeño,05:33,13.16,1,,,,,0,,0.90,1.44,1.98,1.44,0,0,0,0,4.29,4.13,4.04,4.12,VMS 2,,Tanque,,1.32,1.98,2.58,2.10,1.04,2.78,4.65,4.69
25/07/2025 02:22 p. m.,Ordeño,06:30,17.11,2,,,,,0,,1.02,1.56,2.16,1.44,0,0,0,0,4.62,4.37,4.28,4.24,VMS 2,,Tanque,,1.56,2.10,2.82,1.98,1.38,3.92,6.02,5.79
26/07/2025 12:56 a. m.,Ordeño,05:01,11.61,1,,,,,0,,0.78,1.56,1.86,1.38,0,0,0,0,4.22,4.18,4.15,4.07,VMS 2,,Tanque,,1.26,2.04,2.28,1.86,0.82,2.53,4.34,3.92
26/07/2025 09:22 a. m.,Ordeño,04:39,10.17,2,,,,,0,,0.90,1.50,1.86,1.32,0,0,0,0,4.36,4.32,4.28,4.30,VMS 2,,Tanque,,1.44,1.92,2.40,1.92,0.81,2.27,3.83,3.26
26/07/2025 04:20 p. m.,Ordeño,05:30,7.80,3,,,,,0,,0.90,1.32,1.68,1.14,0,0,0,0,4.22,4.27,4.34,4.44,VMS 2,,Tanque,,1.38,1.86,2.16,1.50,0.68,1.70,2.76,2.66
27/07/2025 02:44 a. m.,Ordeño,05:16,12.26,1,,,,,0,,0.78,1.62,1.92,1.44,0,0,0,0,4.49,4.44,4.36,4.53,VMS 2,,Tanque,,1.44,2.28,2.34,1.92,0.92,2.62,4.30,4.42
27/07/2025 02:38 p. m.,Ordeño,04:55,8.74,2,,,TD,TD,0,,0.84,1.68,1.86,0.00,0,0,0,0,4.22,4.31,4.21,0.00,VMS 2,,Tanque,,1.32,2.46,2.40,0.00,0.93,2.92,4.89,0.00
28/07/2025 01:37 a. m.,Ordeño,06:21,14.33,1,,,,,0,,0.90,1.44,1.86,1.50,0,0,0,0,4.36,4.19,4.11,4.14,VMS 2,,Tanque,,1.38,1.86,2.40,1.92,0.98,2.58,4.63,6.14
28/07/2025 11:28 a. m.,Ordeño,05:10,10.65,2,,,,,0,,0.90,1.44,1.86,1.38,0,0,0,0,4.29,4.11,4.05,3.97,VMS 2,,Tanque,,1.44,1.98,2.34,1.80,0.84,2.47,4.01,3.33
28/07/2025 11:16 p. m.,Ordeño,05:22,12.72,3,,,,,0,,0.90,1.50,2.04,1.26,0,0,0,0,4.36,4.21,4.14,4.17,VMS 2,,Tanque,,1.38,1.98,2.52,1.68,1.02,2.68,4.91,4.11
29/07/2025 09:52 a. m.,Ordeño,05:25,12.74,1,,,,,0,,0.90,1.74,1.98,1.26,0,0,0,0,4.49,4.38,4.12,4.41,VMS 2,,Tanque,,1.38,2.22,2.58,1.68,1.05,2.86,4.79,4.04
29/07/2025 06:47 p. m.,Ordeño,05:02,11.00,2,,,,,0,,0.90,1.44,1.92,1.20,0,0,0,0,4.15,4.29,4.25,4.32,VMS 2,,Tanque,,1.50,1.86,2.34,1.62,0.90,2.52,4.09,3.49
30/07/2025 09:04 a. m.,Ordeño,06:21,17.15,1,,,,,0,,0.90,1.62,1.92,1.44,0,0,0,0,4.34,4.60,4.42,4.67,VMS 2,,Tanque,,1.32,2.10,2.52,2.04,1.23,4.04,5.97,5.91
30/07/2025 04:52 p. m.,Ordeño,04:23,9.19,2,,,,,0,,0.72,1.32,1.86,1.38,0,0,0,0,4.47,4.61,4.50,4.84,VMS 3,,Tanque,,1.32,1.80,2.40,1.74,0.78,2.07,3.30,3.04
31/07/2025 01:59 a. m.,Ordeño,05:01,11.74,1,,,,,0,,0.54,1.44,1.86,1.38,0,0,0,0,4.20,4.62,4.49,4.72,VMS 3,,Tanque,,0.90,1.80,2.40,2.34,0.78,2.71,4.15,4.10
31/07/2025 01:24 p. m.,Ordeño,05:26,13.02,2,,,,,0,,0.66,1.38,2.10,1.38,0,0,0,0,4.28,4.41,4.29,4.58,VMS 3,,Tanque,,1.20,1.80,2.64,1.80,0.86,2.96,4.80,4.40
01/08/2025 12:07 a. m.,Ordeño,05:23,12.38,1,,,,,0,,0.84,1.32,1.92,1.44,0,0,0,0,4.24,4.34,4.20,4.57,VMS 3,,Tanque,,1.32,1.80,2.40,1.86,0.96,2.75,4.44,4.23
01/08/2025 11:02 a. m.,Ordeño,05:40,13.74,2,,,,,0,,0.90,1.38,2.28,1.44,0,0,0,0,4.42,4.56,4.34,4.71,VMS 3,,Tanque,,1.50,1.98,2.82,2.16,0.95,3.11,4.95,4.73
01/08/2025 11:54 p. m.,Ordeño,05:58,15.48,1,,,,,0,,0.90,1.50,2.22,1.50,0,0,0,0,4.42,4.43,4.27,4.63,VMS 3,,Tanque,,1.38,1.92,3.12,1.80,1.10,3.50,5.71,5.17
02/08/2025 01:50 p. m.,Ordeño,07:00,18.05,1,,,,,0,,0.90,1.56,2.04,1.62,0,0,0,0,4.53,4.53,4.34,4.76,VMS 3,,Tanque,,1.26,1.98,2.58,2.10,1.22,4.03,6.64,6.16
02/08/2025 10:52 p. m.,Ordeño,04:31,9.79,2,,,,,0,,0.78,1.56,1.92,1.50,0,0,0,0,4.08,4.20,4.21,4.39,VMS 3,,Tanque,,1.38,1.98,2.34,1.92,0.76,2.20,3.47,3.36
03/08/2025 07:42 a. m.,Ordeño,04:41,10.82,1,,,,,0,,0.72,1.50,1.86,1.50,0,0,0,0,4.34,4.55,4.50,4.70,VMS 3,,Tanque,,1.32,2.04,2.34,2.04,0.71,2.46,3.81,3.84
04/08/2025 02:10 a. m.,Ordeño,05:46,16.73,1,,,DI,DI,0,,0.00,1.62,1.98,1.56,0,0,0,0,0.00,4.68,4.43,4.62,VMS 3,,Tanque,,0.00,2.04,2.52,2.04,0.00,4.58,6.41,5.74
04/08/2025 04:33 p. m.,Ordeño,04:58,11.12,3,,,,,0,,0.78,1.32,2.04,1.38,0,0,0,0,4.14,4.39,4.43,4.33,VMS 3,,Tanque,,1.38,2.04,2.52,1.74,0.78,2.54,3.89,3.91
05/08/2025 02:42 a. m.,Ordeño,05:48,11.63,1,,,,,0,,0.90,1.50,1.92,1.44,0,0,0,0,4.07,4.26,4.21,4.34,VMS 3,,Tanque,,1.32,1.92,2.52,1.86,0.86,2.54,4.20,4.03
05/08/2025 01:03 p. m.,Ordeño,05:29,12.16,2,,,,,0,,0.84,1.44,2.22,1.56,0,0,0,0,4.66,4.31,4.29,4.36,VMS 3,,Tanque,,2.40,1.98,2.76,2.04,0.98,2.68,4.34,4.16
05/08/2025 11:51 p. m.,Ordeño,05:17,13.90,3,,,,,0,,0.96,1.56,1.98,1.56,0,0,0,0,4.58,4.42,4.28,4.54,VMS 3,,Tanque,,1.38,2.28,2.46,1.98,1.15,3.02,4.99,4.74
06/08/2025 10:24 a. m.,Ordeño,05:14,12.83,1,,,,,0,,0.84,1.44,1.98,1.50,0,0,0,0,4.18,4.28,4.30,4.47,VMS 3,,Tanque,,1.26,1.98,2.40,2.10,0.80,2.89,4.68,4.46
06/08/2025 05:07 p. m.,Ordeño,04:04,7.65,2,,,,,0,,0.72,1.38,1.80,1.44,0,0,0,0,4.03,4.27,4.30,4.34,VMS 3,,Tanque,,1.26,1.74,2.22,1.92,0.52,1.72,2.74,2.67
07/08/2025 12:35 a. m.,Ordeño,04:25,9.48,1,,,,,0,,0.72,1.32,1.80,1.44,0,0,0,0,4.36,4.52,4.29,4.59,VMS 3,,Tanque,,1.26,1.92,2.52,1.92,0.67,2.05,3.42,3.34
07/08/2025 09:15 a. m.,Ordeño,04:47,10.68,2,,,,,0,,0.84,1.32,1.98,1.44,0,0,0,0,4.41,4.39,4.33,4.55,VMS 3,,Tanque,,1.38,1.80,2.52,1.86,0.74,2.31,3.94,3.69
07/08/2025 05:42 p. m.,Ordeño,04:45,10.48,3,,,,,0,,0.78,1.32,1.92,1.38,0,0,0,0,4.39,4.40,4.33,4.50,VMS 3,,Tanque,,1.20,1.86,2.52,1.74,0.77,2.27,3.77,3.67
08/08/2025 01:43 a. m.,Ordeño,04:48,9.74,1,,,,,0,,0.72,1.26,1.80,1.26,0,0,0,0,4.39,4.40,4.33,4.56,VMS 3,,Tanque,,1.26,1.74,2.28,1.62,0.72,2.13,3.46,3.43
08/08/2025 02:41 p. m.,Ordeño,07:08,16.65,2,,,,,0,,0.96,1.44,2.16,1.44,0,0,0,0,4.69,4.55,4.33,4.59,VMS 3,,Tanque,,1.38,1.86,2.76,1.92,1.17,3.69,6.04,5.75
09/08/2025 09:04 a. m.,Ordeño,06:16,19.71,1,,,,,0,,1.08,1.68,2.04,1.56,0,0,0,0,4.75,4.50,4.33,4.52,VMS 3,,Tanque,,1.56,2.16,2.70,2.04,1.52,4.54,7.20,6.45
10/08/2025 01:02 a. m.,Ordeño,06:19,17.90,1,,,,,0,,0.96,1.50,1.92,1.50,0,0,0,0,4.56,4.30,4.15,4.35,VMS 3,,Tanque,,1.44,2.16,2.58,1.98,1.29,3.97,6.73,5.91
10/08/2025 02:30 p. m.,Ordeño,05:42,17.10,2,,,,,0,,1.02,1.56,2.10,1.56,0,0,0,0,4.67,4.65,4.47,4.64,VMS 3,,Tanque,,1.44,2.10,2.64,2.04,1.31,3.85,6.42,5.52
11/08/2025 01:02 a. m.,Ordeño,06:09,12.85,1,,,,,0,,0.84,1.26,1.98,1.38,0,0,0,0,4.49,4.45,4.49,4.47,VMS 3,,Tanque,,1.50,1.86,2.52,1.80,1.09,2.92,4.55,4.29
11/08/2025 03:18 p. m.,Ordeño,06:12,18.45,2,,,,,0,,1.08,1.44,2.46,1.62,0,0,0,0,4.68,4.58,4.34,4.76,VMS 3,,Tanque,,1.62,1.92,3.12,2.16,1.36,4.35,6.33,6.41
12/08/2025 10:31 a. m.,Ordeño,06:04,18.64,1,,,,,0,,1.14,1.80,2.46,1.74,0,0,0,0,4.61,4.42,4.28,4.65,VMS 3,,Tanque,,1.68,2.46,3.18,2.28,1.56,3.74,6.62,6.72
12/08/2025 05:49 p. m.,Ordeño,04:10,7.24,2,,,,,0,,0.72,1.26,1.92,1.38,0,0,0,0,3.93,4.29,4.27,4.25,VMS 3,,Tanque,,1.50,1.74,2.94,1.80,0.56,1.65,2.68,2.35
13/08/2025 05:34 a. m.,Ordeño,05:08,14.54,1,,,,,0,,0.78,1.68,2.10,1.62,0,0,0,0,4.61,4.75,4.46,4.80,VMS 3,,Tanque,,1.44,2.10,2.82,2.16,0.91,3.23,5.39,5.01
13/08/2025 02:02 p. m.,Ordeño,04:29,10.48,2,,,,,0,,0.84,1.56,1.92,1.56,0,0,0,0,4.73,4.64,4.49,4.91,VMS 3,,Tanque,,1.44,2.04,2.58,2.04,0.81,2.33,3.69,3.65
14/08/2025 01:24 a. m.,Ordeño,05:23,14.38,1,,,,,0,,0.90,1.56,1.86,1.50,0,0,0,0,4.65,4.72,4.56,4.90,VMS 3,,Tanque,,1.44,2.16,2.46,1.92,1.03,3.17,5.24,4.94
14/08/2025 02:25 p. m.,Ordeño,05:33,17.26,2,,,,,0,,1.02,1.68,2.04,1.62,0,0,0,0,4.72,4.81,4.56,4.88,VMS 3,,Tanque,,1.56,2.28,2.76,2.22,1.29,3.90,6.26,5.81
15/08/2025 12:02 a. m.,Ordeño,04:39,11.21,1,,,,,0,,0.72,1.50,2.04,1.50,0,0,0,0,4.40,4.59,4.42,4.75,VMS 3,,Tanque,,1.26,2.22,2.70,1.92,0.83,2.39,4.15,3.84
15/08/2025 06:30 a. m.,Ordeño,04:22,8.22,2,,,,,0,,0.48,1.44,1.62,1.50,0,0,0,0,4.12,4.64,4.65,4.75,VMS 3,,Tanque,,1.08,2.04,2.10,1.98,0.58,1.85,2.96,2.83
15/08/2025 03:02 p. m.,Ordeño,05:01,11.58,3,,,,,0,,0.78,1.50,1.86,1.50,0,0,0,0,4.47,4.71,4.61,4.83,VMS 3,,Tanque,,1.50,1.92,2.46,1.92,0.92,2.53,4.19,3.94
16/08/2025 12:44 a. m.,Ordeño,04:40,11.20,1,,,,,0,,0.72,1.56,1.80,1.56,0,0,0,0,4.33,4.57,4.41,4.64,VMS 3,,Tanque,,1.32,2.04,2.34,1.98,0.76,2.50,4.06,3.88
16/08/2025 01:46 p. m.,Ordeño,05:58,16.93,2,,,,,0,,1.02,1.56,2.40,1.62,0,0,0,0,4.81,4.66,4.50,4.80,VMS 3,,Tanque,,1.56,2.04,3.00,1.98,1.18,3.88,6.10,5.77
17/08/2025 12:29 a. m.,Ordeño,04:38,11.17,1,,,,,0,,0.72,1.62,1.98,1.56,0,0,0,0,4.18,4.37,4.21,4.53,VMS 3,,Tanque,,1.32,2.16,2.46,1.92,0.84,2.43,3.98,3.92
17/08/2025 10:07 a. m.,Ordeño,04:51,12.50,2,,,,,0,,0.96,1.68,2.04,1.62,0,0,0,0,4.85,4.68,4.52,4.98,VMS 3,,Tanque,,1.44,2.10,2.58,2.10,1.03,2.81,4.40,4.26
17/08/2025 05:08 p. m.,Ordeño,03:59,8.27,3,,,,,0,,0.78,1.50,1.92,1.50,0,0,0,0,4.48,4.62,4.37,4.82,VMS 3,,Tanque,,1.44,2.22,2.52,1.98,0.66,1.86,3.01,2.74
18/08/2025 07:10 a. m.,Ordeño,05:38,16.73,1,,,,,0,,0.96,1.68,2.34,1.68,0,0,0,0,4.70,4.55,4.45,4.78,VMS 3,,Tanque,,1.50,2.28,3.06,2.22,1.16,3.65,6.16,5.76
19/08/2025 12:35 a. m.,Ordeño,05:39,19.13,1,,,,,0,,1.08,1.74,2.34,1.62,0,0,0,0,4.57,4.47,4.31,4.40,VMS 3,,Tanque,,1.62,2.28,2.94,2.04,1.49,4.58,7.35,5.71
19/08/2025 03:57 p. m.,Ordeño,06:00,15.93,2,,,,,0,,0.96,1.56,2.40,1.50,0,0,0,0,4.15,4.32,4.14,4.34,VMS 3,,Tanque,,1.44,2.04,3.00,2.04,1.02,3.53,5.65,5.73
20/08/2025 05:07 a. m.,Ordeño,05:28,14.58,1,,,,,0,,0.96,1.50,2.16,1.50,0,0,0,0,4.54,4.60,4.44,4.58,VMS 3,,Tanque,,1.56,1.98,2.76,1.98,1.35,3.04,5.13,5.06
20/08/2025 04:22 p. m.,Ordeño,05:12,14.25,2,,,,,0,,0.90,1.62,2.04,1.68,0,0,0,0,5.16,4.79,4.64,4.90,VMS 3,,Tanque,,1.32,2.10,2.52,2.16,1.07,3.01,5.18,4.99
20/08/2025 11:46 p. m.,Ordeño,06:07,8.23,3,,,,,0,,0.48,0.84,1.20,1.02,0,0,0,0,4.30,4.58,4.64,4.63,VMS 3,,Tanque,,1.02,1.56,2.10,1.56,0.46,1.73,3.09,2.95
21/08/2025 08:15 a. m.,Ordeño,21:52,11.09,1,,,,,0,,0.60,1.32,1.50,1.26,0,0,0,0,4.50,4.67,4.70,4.69,VMS 3,,Tanque,,1.20,1.80,2.34,1.86,0.82,2.52,4.04,3.71
21/08/2025 06:02 p. m.,Ordeño,05:20,12.06,2,,,,,0,,0.60,1.32,2.28,1.44,0,0,0,0,4.80,4.95,4.86,4.68,VMS 3,,Tanque,,1.08,1.86,3.06,1.92,0.73,2.85,4.13,4.35
22/08/2025 06:51 a. m.,Ordeño,05:26,16.02,1,,,,,0,,0.90,1.74,2.16,1.68,0,0,0,0,4.65,4.59,4.57,4.69,VMS 3,,Tanque,,1.56,2.22,3.06,2.22,1.19,3.64,5.81,5.38
22/08/2025 05:46 p. m.,Ordeño,04:42,11.99,2,,,,,0,,0.90,1.38,2.22,1.56,0,0,0,0,4.32,4.33,4.30,4.34,VMS 3,,Tanque,,1.56,1.80,2.76,2.04,0.90,2.70,4.32,4.07
23/08/2025 07:28 a. m.,Ordeño,05:28,16.70,1,,,,,0,,0.90,1.68,2.34,1.74,0,0,0,0,4.22,4.57,4.47,4.55,VMS 3,,Tanque,,1.56,2.22,2.94,2.22,1.41,3.59,5.88,5.82
23/08/2025 03:43 p. m.,Ordeño,04:09,9.51,2,,,,,0,,0.90,1.62,1.92,1.62,0,0,0,0,4.27,4.31,4.28,4.36,VMS 3,,Tanque,,1.38,2.28,2.40,2.10,0.85,2.00,3.39,3.27
24/08/2025 01:34 a. m.,Ordeño,04:24,10.89,1,,,,,0,,0.78,1.38,2.16,1.62,0,0,0,0,4.21,4.31,4.29,4.21,VMS 3,,Tanque,,1.32,1.86,2.82,2.28,0.81,2.33,3.87,3.88
24/08/2025 01:53 p. m.,Ordeño,05:10,14.95,2,,,,,0,,0.96,1.50,2.40,1.68,0,0,0,0,4.33,4.56,4.51,4.49,VMS 3,,Tanque,,1.56,2.16,2.94,2.16,1.08,3.27,5.50,5.10
25/08/2025 12:37 a. m.,Ordeño,04:56,12.15,1,,,,,0,,0.78,1.50,2.40,1.56,0,0,0,0,4.14,4.34,4.33,4.34,VMS 3,,Tanque,,1.44,1.92,3.24,2.10,0.85,2.72,4.30,4.28
25/08/2025 11:56 a. m.,Ordeño,04:44,12.85,2,,,,,0,,0.96,1.68,2.58,1.62,0,0,0,0,4.22,4.48,4.29,4.50,VMS 3,,Tanque,,1.50,2.34,3.12,2.10,0.91,2.83,4.67,4.44
25/08/2025 11:52 p. m.,Ordeño,04:50,12.84,3,,,,,0,,0.90,1.68,2.40,1.56,0,0,0,0,4.09,4.38,4.24,4.38,VMS 3,,Tanque,,1.56,2.34,2.94,1.98,0.92,2.72,4.82,4.38
26/08/2025 08:17 a. m.,Ordeño,04:19,8.81,1,,,,,0,,0.66,1.44,2.10,1.44,0,0,0,0,3.85,4.22,4.03,4.25,VMS 3,,Tanque,,1.32,1.92,2.82,1.92,0.69,1.86,3.22,3.04
26/08/2025 06:49 p. m.,Ordeño,04:41,11.63,2,,,,,0,,0.84,1.44,2.34,1.50,0,0,0,0,4.02,4.40,4.31,4.43,VMS 3,,Tanque,,1.32,1.92,3.00,1.92,0.82,2.58,4.27,3.96
27/08/2025 06:38 a. m.,Ordeño,05:11,13.88,1,,,,,0,,0.96,1.68,2.34,1.56,0,0,0,0,4.54,4.60,4.45,4.77,VMS 3,,Tanque,,1.56,2.22,2.88,1.98,1.06,2.88,5.01,4.93
27/08/2025 11:29 p. m.,Ordeño,06:14,18.77,2,,,,,0,,1.14,1.56,2.40,1.62,0,0,0,0,5.00,4.86,4.65,4.85,VMS 3,,Tanque,,1.80,2.04,3.00,2.04,1.48,4.66,6.14,6.49
28/08/2025 02:00 p. m.,Ordeño,05:25,15.28,1,,,,,0,,1.08,1.80,2.40,1.68,0,0,0,0,4.86,4.61,4.60,4.83,VMS 3,,Tanque,,1.44,2.34,3.06,2.22,1.28,3.60,4.67,5.73
29/08/2025 08:18 a. m.,Ordeño,06:19,18.23,1,,,,,0,,0.96,1.62,2.58,1.68,0,0,0,0,4.69,4.68,4.44,4.75,VMS 3,,Tanque,,1.68,2.22,3.30,2.10,1.24,4.46,5.78,6.75
29/08/2025 04:36 p. m.,Ordeño,04:21,9.72,2,,,,,0,,0.66,1.44,2.40,1.50,0,0,0,0,4.35,4.68,4.60,4.66,VMS 3,,Tanque,,1.32,2.28,3.00,1.92,0.71,2.11,3.55,3.35
30/08/2025 02:01 a. m.,Ordeño,04:21,10.66,1,,,,,0,,0.84,1.50,2.22,1.62,0,0,0,0,4.27,4.63,4.44,4.55,VMS 3,,Tanque,,1.62,1.98,3.00,2.10,0.79,2.30,3.84,3.73
30/08/2025 01:26 p. m.,Ordeño,04:52,12.94,2,,,,,0,,0.78,1.56,2.34,1.62,0,0,0,0,4.45,4.63,4.48,4.73,VMS 3,,Tanque,,1.32,1.98,3.12,2.04,0.82,2.92,4.72,4.48
30/08/2025 11:59 p. m.,Ordeño,04:49,12.49,1,,,,,0,,0.72,1.56,2.40,1.56,0,0,0,0,4.17,4.49,4.50,4.74,VMS 3,,Tanque,,1.38,2.16,3.06,2.04,0.85,2.79,4.55,4.30
31/08/2025 01:24 p. m.,Ordeño,05:48,16.00,2,,,,,0,,0.96,1.62,2.34,1.68,0,0,0,0,4.31,4.61,4.41,4.62,VMS 3,,Tanque,,1.50,2.34,3.24,2.40,1.06,3.48,5.97,5.49
01/09/2025 12:25 a. m.,Ordeño,04:39,11.55,1,,,,,0,,0.96,1.74,2.10,1.56,0,0,0,0,4.26,4.41,4.26,4.48,VMS 3,,Tanque,,1.44,2.40,2.58,2.22,0.90,2.33,4.32,4.00
01/09/2025 07:58 a. m.,Ordeño,04:22,9.20,2,,,,,0,,0.72,1.44,2.22,1.50,0,0,0,0,4.54,4.60,4.53,4.68,VMS 3,,Tanque,,1.26,1.92,2.82,1.86,0.59,1.99,3.43,3.19
01/09/2025 05:02 p. m.,Ordeño,04:31,11.40,3,,,,,0,,0.90,1.62,2.16,1.56,0,0,0,0,4.33,4.67,4.60,4.76,VMS 3,,Tanque,,1.38,2.16,3.00,1.92,0.81,2.52,4.10,3.97
02/09/2025 02:20 a. m.,Ordeño,04:43,11.06,1,,,,,0,,0.84,1.50,2.28,1.62,0,0,0,0,4.51,4.53,4.46,4.78,VMS 3,,Tanque,,1.44,2.04,2.88,1.92,0.77,2.43,4.03,3.83
02/09/2025 01:56 p. m.,Ordeño,04:56,13.84,2,,,,,0,,0.96,1.62,2.34,1.62,0,0,0,0,4.31,4.42,4.34,4.55,VMS 3,,Tanque,,1.56,2.10,3.00,2.16,1.03,3.03,5.06,4.72
03/09/2025 02:06 a. m.,Ordeño,04:51,11.59,1,,,,,0,,0.90,1.44,2.40,1.50,0,0,0,0,3.94,4.27,4.21,4.33,VMS 3,,Tanque,,1.62,1.80,3.00,1.92,0.82,2.56,4.09,4.12
03/09/2025 12:46 p. m.,Ordeño,05:02,12.83,2,,,,,0,,0.84,1.62,2.34,1.56,0,0,0,0,4.46,4.48,4.50,4.65,VMS 3,,Tanque,,1.44,2.34,2.94,1.92,0.87,2.90,4.75,4.31
04/09/2025 12:49 a. m.,Ordeño,05:17,14.46,1,,,,,0,,0.84,1.74,2.22,1.56,0,0,0,0,4.26,4.39,4.36,4.53,VMS 3,,Tanque,,1.32,2.40,2.82,1.98,1.02,3.21,5.22,5.01
04/09/2025 02:28 p. m.,Ordeño,05:35,16.00,2,,,,,0,,0.84,1.62,2.16,1.56,0,0,0,0,4.50,4.53,4.40,4.59,VMS 3,,Tanque,,1.44,2.04,2.88,2.10,1.12,3.53,5.85,5.50
05/09/2025 02:17 a. m.,Ordeño,05:05,14.06,1,,,,,0,,0.84,1.62,2.58,1.62,0,0,0,0,4.35,4.47,4.47,4.67,VMS 3,,Tanque,,1.62,2.10,3.36,2.10,1.10,3.10,4.98,4.88
05/09/2025 04:28 p. m.,Ordeño,06:02,17.87,2,,,,,0,,1.02,1.80,2.22,1.68,0,0,0,0,4.59,4.70,4.47,4.80,VMS 3,,Tanque,,1.62,2.40,2.82,2.16,1.32,4.01,6.32,6.22
06/09/2025 02:14 a. m.,Ordeño,04:28,11.21,1,,,,,0,,0.78,1.56,2.22,1.56,0,0,0,0,4.43,4.50,4.38,4.51,VMS 3,,Tanque,,1.26,2.04,2.76,1.98,0.86,2.40,4.15,3.80
06/09/2025 04:51 p. m.,Ordeño,05:55,18.84,2,,,,,0,,0.90,1.80,2.40,1.74,0,0,0,0,4.18,4.78,4.61,4.85,VMS 3,,Tanque,,1.50,2.46,3.12,2.16,1.66,4.17,6.43,6.58
07/09/2025 03:49 a. m.,Ordeño,05:06,12.94,1,,,,,0,,0.96,1.56,2.46,1.56,0,0,0,0,4.53,4.49,4.42,4.58,VMS 3,,Tanque,,1.50,2.04,2.94,2.16,0.96,2.90,4.59,4.49
07/09/2025 10:46 a. m.,Ordeño,04:35,8.68,2,,,,,0,DD,0.48,1.26,1.98,1.50,0,0,0,0,3.57,4.70,4.56,4.65,VMS 3,,Tanque,,1.20,1.86,2.82,1.98,0.78,1.95,3.00,2.95
08/09/2025 01:11 a. m.,Ordeño,06:04,18.13,1,,,,,0,,1.02,1.80,2.28,1.74,0,0,0,0,4.68,4.70,4.61,4.84,VMS 3,,Tanque,,1.44,2.46,2.94,2.22,1.39,3.81,6.66,6.27
08/09/2025 04:00 p. m.,Ordeño,05:52,17.70,2,,,,,0,,1.14,1.80,2.40,1.68,0,0,0,0,4.54,4.58,4.26,4.65,VMS 3,,Tanque,,1.62,2.40,3.00,2.10,1.48,4.01,6.16,6.05
09/09/2025 03:55 a. m.,Ordeño,04:35,13.74,1,,,,,0,,0.96,1.68,2.10,1.80,0,0,0,0,4.31,4.36,4.10,4.45,VMS 3,,Tanque,,1.50,2.22,2.64,2.28,1.07,2.94,5.15,4.58
09/09/2025 10:31 a. m.,Ordeño,03:47,6.88,2,,,,,0,,0.66,1.44,1.92,1.56,0,0,0,0,4.20,4.36,4.35,4.39,VMS 3,,Tanque,,1.26,1.98,2.46,2.04,0.55,1.48,2.53,2.32
09/09/2025 11:42 p. m.,Ordeño,05:27,15.51,3,,,,,0,,0.96,1.62,2.10,1.62,0,0,0,0,4.50,4.47,4.36,4.63,VMS 3,,Tanque,,1.50,2.16,2.64,2.04,1.11,3.15,5.89,5.36
10/09/2025 07:05 a. m.,Ordeño,03:57,8.18,1,,,,,0,,0.78,1.44,1.86,1.44,0,0,0,0,4.14,4.34,4.34,4.33,VMS 3,,Tanque,,1.26,1.92,2.34,1.92,0.68,1.82,2.99,2.69
10/09/2025 03:00 p. m.,Ordeño,04:29,8.52,2,,,,,0,,0.72,1.32,1.98,1.38,0,0,0,0,4.26,4.45,4.30,4.47,VMS 3,,Tanque,,1.38,1.74,2.40,1.74,0.57,1.80,2.99,3.16
11/09/2025 02:05 a. m.,Ordeño,05:12,14.07,1,,,,,0,,0.84,1.62,1.98,1.62,0,0,0,0,4.62,4.59,4.55,4.66,VMS 3,,Tanque,,1.38,2.22,2.76,1.98,0.99,3.10,5.16,4.82
11/09/2025 02:50 p. m.,Ordeño,05:42,15.05,2,,,,,0,,0.96,1.50,2.04,1.56,0,0,0,0,4.57,4.52,4.49,4.58,VMS 3,,Tanque,,1.44,1.98,2.70,1.98,1.11,3.42,5.38,5.14
11/09/2025 10:58 p. m.,Ordeño,04:26,9.23,3,,,,,0,,0.84,1.50,1.92,1.44,0,0,0,0,4.31,4.46,4.49,4.49,VMS 3,,Tanque,,1.38,1.92,2.58,1.80,0.75,2.07,3.27,3.14
12/09/2025 10:59 a. m.,Ordeño,05:23,15.66,1,,,,,0,"DD,TI,TD",1.50,1.62,2.22,1.68,0,0,0,0,3.33,4.59,4.72,4.77,VMS 3,,Tanque,,3.84,2.28,3.30,2.22,1.70,3.20,5.48,5.28
12/09/2025 07:35 p. m.,Ordeño,04:31,9.59,2,,,,,0,,0.90,1.50,1.98,1.38,0,0,0,0,4.41,4.38,4.51,4.46,VMS 3,,Tanque,,1.38,2.04,2.64,1.80,0.81,2.13,3.44,3.21
13/09/2025 12:28 p. m.,Ordeño,06:37,19.11,1,,,,,0,,1.02,1.68,2.28,1.68,0,0,0,0,4.54,4.60,4.54,4.80,VMS 3,,Tanque,,1.50,2.64,2.82,2.10,1.37,4.29,6.80,6.65
13/09/2025 10:19 p. m.,Ordeño,05:42,9.46,2,,,,,0,,0.90,1.38,2.28,1.32,0,0,0,0,4.04,4.23,4.21,4.20,VMS 3,,Tanque,,1.38,1.74,2.82,1.80,0.61,2.12,3.40,3.33
14/09/2025 11:56 a. m.,Ordeño,05:31,15.63,1,,,,,0,,0.90,1.62,2.40,1.62,0,0,0,0,4.76,4.73,4.70,4.97,VMS 3,,Tanque,,1.44,2.28,2.94,2.22,1.04,3.35,5.53,5.71
15/09/2025 07:05 a. m.,Ordeño,06:35,18.87,1,,,,,0,,1.14,1.92,2.28,1.80,0,0,0,0,4.75,4.63,4.46,4.59,VMS 3,,Tanque,,1.56,2.58,2.94,2.28,1.59,4.51,6.80,5.97
15/09/2025 06:47 p. m.,Ordeño,04:32,11.78,2,,,,,0,,0.90,1.56,2.16,1.68,0,0,0,0,4.37,4.25,4.22,4.32,VMS 3,,Tanque,,1.44,2.10,2.70,2.04,0.88,2.59,4.24,4.07
16/09/2025 06:49 a. m.,Ordeño,05:01,14.36,1,,,,,0,,0.96,1.68,2.52,1.68,0,0,0,0,4.76,4.74,4.67,4.86,VMS 3,,Tanque,,1.62,2.16,3.24,2.10,0.94,3.10,5.36,4.96
16/09/2025 02:53 p. m.,Ordeño,04:19,9.18,2,,,,,0,,0.96,1.56,2.28,1.50,0,0,0,0,4.53,4.60,4.49,4.74,VMS 3,,Tanque,,1.56,1.98,3.12,1.86,0.74,2.02,3.27,3.15
16/09/2025 11:17 p. m.,Ordeño,04:12,9.85,3,,,,,0,,0.78,1.44,2.04,1.62,0,0,0,0,4.69,4.67,4.57,4.83,VMS 3,,Tanque,,1.26,2.10,2.58,2.10,0.72,2.01,3.66,3.46
17/09/2025 09:14 a. m.,Ordeño,04:53,12.52,1,,,,,0,,0.84,1.62,2.22,1.68,0,0,0,0,4.59,4.89,4.68,4.94,VMS 3,,Tanque,,1.38,2.04,2.82,2.10,0.81,2.78,4.59,4.34
17/09/2025 06:22 p. m.,Ordeño,04:41,11.21,2,,,,,0,,0.96,1.50,2.16,1.56,0,0,0,0,4.80,4.81,4.67,4.81,VMS 3,,Tanque,,1.50,2.04,2.64,1.98,0.89,2.41,3.93,3.98
18/09/2025 01:26 a. m.,Ordeño,03:52,8.29,1,,,,,0,,0.72,1.50,1.92,1.50,0,0,0,0,4.41,4.58,4.67,4.76,VMS 3,,Tanque,,1.44,1.92,2.46,1.92,0.57,1.95,2.89,2.88
18/09/2025 12:07 p. m.,Ordeño,05:01,13.77,2,,,,,0,,0.96,1.62,2.28,1.68,0,0,0,0,4.72,4.80,4.76,4.87,VMS 3,,Tanque,,1.44,2.16,2.70,2.10,0.95,3.15,4.69,4.98
18/09/2025 10:20 p. m.,Ordeño,04:54,11.72,3,,,,,0,,0.90,1.56,2.10,1.56,0,0,0,0,4.48,4.48,4.46,4.61,VMS 3,,Tanque,,1.26,2.16,2.64,1.92,0.83,2.58,4.27,4.04
19/09/2025 08:56 a. m.,Ordeño,05:41,13.01,1,,,,,0,,1.08,1.68,2.34,1.74,0,0,0,0,4.63,4.53,4.44,4.62,VMS 3,,Tanque,,1.50,2.22,3.00,2.16,0.98,2.80,4.84,4.39
19/09/2025 04:41 p. m.,Ordeño,04:02,8.19,2,,,,,0,,0.66,1.50,2.04,1.50,0,0,0,0,4.13,4.33,4.39,4.37,VMS 3,,Tanque,,1.26,1.98,2.58,1.92,0.54,1.87,2.92,2.86
19/09/2025 11:37 p. m.,Ordeño,04:08,8.32,3,,,,,0,,0.66,1.44,1.80,1.38,0,0,0,0,4.07,4.41,4.48,4.45,VMS 3,,Tanque,,1.14,1.98,2.28,1.92,0.53,1.77,3.07,2.95
20/09/2025 11:33 a. m.,Ordeño,06:11,14.52,1,,,,,0,,0.90,1.62,2.22,1.68,0,0,0,0,4.59,4.69,4.54,4.74,VMS 3,,Tanque,,1.32,2.16,3.00,2.10,1.10,2.99,5.35,5.08
20/09/2025 10:22 p. m.,Ordeño,04:51,12.26,2,,,,,0,,0.84,1.68,2.04,1.62,0,0,0,0,4.31,4.50,4.47,4.61,VMS 3,,Tanque,,1.32,2.22,2.58,2.04,0.86,2.76,4.39,4.25
21/09/2025 07:35 a. m.,Ordeño,05:58,11.71,1,,,,,0,,0.96,1.80,2.04,1.56,0,0,0,0,4.34,4.56,4.47,4.58,VMS 3,,Tanque,,1.44,2.34,2.70,1.98,0.87,2.58,4.17,4.09
21/09/2025 03:19 p. m.,Ordeño,04:09,9.36,2,,,,,0,,0.78,1.50,1.92,1.56,0,0,0,0,4.26,4.48,4.43,4.59,VMS 3,,Tanque,,1.32,1.92,2.40,1.92,0.69,1.94,3.43,3.30
22/09/2025 02:00 a. m.,Ordeño,05:14,13.89,1,,,,,0,,0.84,1.62,2.10,1.62,0,0,0,0,4.60,4.62,4.70,4.71,VMS 3,,Tanque,,1.32,2.10,2.70,2.04,0.97,3.06,5.00,4.86
22/09/2025 02:05 p. m.,Ordeño,05:58,16.20,2,,,,,0,,1.08,1.44,2.28,1.74,0,0,0,0,4.71,4.69,4.68,4.81,VMS 3,,Tanque,,1.56,1.92,2.76,2.10,1.13,3.49,5.93,5.65
22/09/2025 10:09 p. m.,Ordeño,04:17,9.98,3,,,,,0,,0.84,1.56,1.92,1.56,0,0,0,0,4.51,4.58,4.67,4.59,VMS 3,,Tanque,,1.44,2.10,2.40,1.92,0.80,2.22,3.48,3.48
23/09/2025 08:25 a. m.,Ordeño,05:00,13.57,1,,,,,0,,0.90,1.62,2.22,1.68,0,0,0,0,4.45,4.72,4.55,4.63,VMS 3,,Tanque,,1.44,2.10,2.70,2.16,0.89,3.19,4.71,4.78
23/09/2025 10:37 p. m.,Ordeño,05:40,17.24,2,,,,,0,,1.08,1.92,2.28,1.74,0,0,0,0,4.67,4.56,4.61,4.79,VMS 3,,Tanque,,1.62,2.58,2.82,2.28,1.32,3.54,6.14,6.24
24/09/2025 08:46 a. m.,Ordeño,04:56,12.93,1,,,,,0,,0.96,1.68,2.16,1.62,0,0,0,0,4.58,4.48,4.44,4.59,VMS 3,,Tanque,,1.56,2.28,2.76,1.98,0.97,2.63,4.89,4.44
24/09/2025 04:46 p. m.,Ordeño,04:21,10.28,2,,,,,0,,0.90,1.62,2.16,1.62,0,0,0,0,4.67,4.76,4.83,4.84,VMS 3,,Tanque,,1.38,2.16,2.64,2.10,0.71,2.22,3.68,3.67
25/09/2025 01:22 a. m.,Ordeño,04:22,10.37,1,,,,,0,,0.96,1.50,1.98,1.56,0,0,0,0,2.95,4.52,4.44,4.53,VMS 3,,Tanque,,1.62,2.04,2.40,2.10,0.90,2.28,3.55,3.64
25/09/2025 01:56 p. m.,Ordeño,05:24,15.57,2,,,,,0,,0.96,1.62,2.16,1.62,0,0,0,0,3.69,4.24,4.15,4.40,VMS 3,,Tanque,,1.80,2.04,2.64,1.98,1.24,3.53,5.33,5.47
26/09/2025 12:23 a. m.,Ordeño,04:53,12.92,1,,,,,0,,0.90,1.74,2.04,1.50,0,0,0,0,2.88,4.14,4.02,4.07,VMS 3,,Tanque,,1.44,2.40,2.82,1.86,1.06,2.95,4.55,4.36
26/09/2025 10:06 p. m.,Ordeño,05:29,10.10,3,,,,,0,,0.90,1.44,1.86,1.44,0,0,0,0,4.67,4.07,4.15,4.13,VMS 3,,Tanque,,1.26,1.80,2.46,1.80,0.73,2.16,3.63,3.58
27/09/2025 07:21 a. m.,Ordeño,05:40,10.88,1,,,,,0,,1.02,1.50,1.92,1.44,0,0,0,0,4.62,4.30,4.26,4.24,VMS 3,,Tanque,,1.50,1.98,2.28,1.92,0.76,2.33,3.91,3.88
27/09/2025 03:27 p. m.,Ordeño,04:25,9.11,2,,,,,0,,0.72,1.26,1.86,1.44,0,0,0,0,4.53,4.43,4.50,4.42,VMS 3,,Tanque,,1.38,1.74,2.34,1.86,0.56,1.95,3.33,3.27
28/09/2025 12:55 a. m.,Ordeño,05:02,12.17,1,,,,,0,,0.72,1.44,1.80,1.56,0,0,0,0,4.23,4.47,4.46,4.52,VMS 3,,Tanque,,1.14,2.10,2.22,2.04,0.75,2.66,4.50,4.26
28/09/2025 03:50 p. m.,Ordeño,05:47,18.34,2,,,,,0,,1.02,1.68,2.04,1.68,0,0,0,0,4.60,4.55,4.59,4.61,VMS 3,,Tanque,,1.62,2.22,2.52,2.10,1.24,4.07,6.82,6.21
29/09/2025 07:05 a. m.,Ordeño,05:43,17.97,1,,,,,0,,0.90,1.74,1.98,1.74,0,0,0,0,4.27,4.43,4.33,4.47,VMS 3,,Tanque,,1.32,2.40,2.58,2.28,1.14,3.92,6.66,6.25
29/09/2025 03:43 p. m.,Ordeño,04:33,10.63,2,,,,,0,,0.90,1.44,1.86,1.50,0,0,0,0,4.32,4.57,4.52,4.47,VMS 3,,Tanque,,1.50,1.98,2.34,1.92,0.81,2.36,3.71,3.75
30/09/2025 12:02 a. m.,Ordeño,04:24,9.71,1,,,,,0,,0.72,1.56,1.98,1.50,0,0,0,0,4.28,4.49,4.62,4.56,VMS 3,,Tanque,,1.26,2.04,2.52,2.04,0.59,2.14,3.56,3.42
30/09/2025 09:30 a. m.,Ordeño,04:43,12.62,2,,,,,0,,0.66,1.74,1.98,1.68,0,0,0,0,4.49,4.61,4.78,4.82,VMS 3,,Tanque,,1.26,2.58,2.40,2.16,0.80,2.75,4.65,4.42
30/09/2025 04:35 p. m.,Ordeño,04:05,8.46,3,,,,,0,,0.78,1.56,1.86,1.50,0,0,0,0,4.41,4.43,4.55,4.63,VMS 3,,Tanque,,1.26,2.04,2.46,1.86,0.57,1.83,3.16,2.90
30/09/2025 11:00 p. m.,Ordeño,03:47,7.52,4,,,,,0,,0.60,1.44,1.86,1.56,0,0,0,0,4.32,4.50,4.61,4.52,VMS 3,,Tanque,,1.14,2.10,2.52,1.92,0.49,1.65,2.74,2.64
01/10/2025 06:26 a. m.,Ordeño,04:24,10.12,1,,,,,0,,0.66,1.62,2.04,1.62,0,0,0,0,4.15,4.52,4.49,4.73,VMS 3,,Tanque,,1.20,2.16,2.58,2.04,0.64,2.19,3.69,3.60
01/10/2025 04:21 p. m.,Ordeño,04:55,12.93,2,,,,,0,,0.78,1.74,2.04,1.68,0,0,0,0,4.74,4.70,4.83,4.82,VMS 3,,Tanque,,1.20,2.34,2.46,2.16,0.85,2.75,4.70,4.63
02/10/2025 12:30 a. m.,Ordeño,04:20,10.72,1,,,,,0,,0.78,1.50,2.04,1.62,0,0,0,0,4.66,4.56,4.61,4.73,VMS 3,,Tanque,,1.32,2.10,2.52,2.22,0.73,2.33,3.97,3.69
02/10/2025 10:53 a. m.,Ordeño,05:02,14.02,2,,,,,0,,0.84,1.62,2.04,1.68,0,0,0,0,4.60,4.63,4.74,4.86,VMS 3,,Tanque,,1.32,2.28,2.46,2.16,0.92,3.09,5.07,4.94
02/10/2025 09:36 p. m.,Ordeño,05:02,13.34,3,,,,,0,,0.84,1.62,2.22,1.62,0,0,0,0,4.53,4.47,4.53,4.69,VMS 3,,Tanque,,1.38,2.10,2.76,1.98,0.92,2.87,4.76,4.79
03/10/2025 12:09 p. m.,Ordeño,06:07,18.51,1,,,,,0,,1.02,1.62,2.16,1.68,0,0,0,0,4.47,4.58,4.45,4.73,VMS 3,,Tanque,,1.56,2.10,2.64,2.22,1.21,4.15,6.60,6.55
04/10/2025 12:05 a. m.,Ordeño,05:14,13.07,1,,,,,0,,0.84,1.56,1.98,1.62,0,0,0,0,4.09,4.20,4.08,4.25,VMS 3,,Tanque,,1.38,1.98,2.46,2.04,0.81,2.80,4.82,4.64
04/10/2025 07:51 a. m.,Ordeño,04:14,9.71,2,,,,,0,,0.78,1.50,1.86,1.56,0,0,0,0,4.16,4.41,4.54,4.51,VMS 3,,Tanque,,1.26,2.04,2.34,1.98,0.72,2.22,3.40,3.37
04/10/2025 06:19 p. m.,Ordeño,05:13,14.06,3,,,,,0,,0.90,1.50,2.22,1.62,0,0,0,0,4.49,4.59,4.56,4.71,VMS 3,,Tanque,,1.50,1.92,2.64,1.92,0.91,3.20,4.85,5.10
05/10/2025 08:39 a. m.,Ordeño,05:57,18.28,1,,,,,0,,0.78,1.56,2.22,1.68,0,0,0,0,4.58,4.65,4.43,4.70,VMS 3,,Tanque,,1.32,2.10,2.76,2.04,1.06,3.83,6.94,6.45
05/10/2025 04:56 p. m.,Ordeño,04:24,10.98,2,,,,,0,,0.78,1.50,2.16,1.56,0,0,0,0,4.21,4.40,4.38,4.37,VMS 3,,Tanque,,1.38,1.92,2.76,2.16,0.80,2.54,3.94,3.70
06/10/2025 06:26 a. m.,Ordeño,05:42,18.70,1,,,,,0,,0.96,1.68,2.40,1.74,0,0,0,0,4.53,4.73,4.45,4.64,VMS 3,,Tanque,,1.44,2.28,3.06,2.10,1.20,4.27,6.86,6.37
06/10/2025 02:30 p. m.,Ordeño,04:18,10.49,2,,,,,0,,0.84,1.74,2.16,1.68,0,0,0,0,4.25,4.47,4.19,4.44,VMS 3,,Tanque,,1.44,2.22,2.76,2.40,0.75,2.40,3.74,3.60
07/10/2025 12:05 a. m.,Ordeño,04:31,10.30,1,,,,,0,,0.66,1.38,2.04,1.50,0,0,0,0,3.89,4.37,4.32,4.31,VMS 3,,Tanque,,1.32,1.74,2.58,1.86,0.58,2.25,3.74,3.73
07/10/2025 06:28 a. m.,Ordeño,04:01,9.20,2,,,,,0,,0.72,1.44,2.10,1.50,0,0,0,0,4.06,4.59,4.39,4.45,VMS 3,,Tanque,,1.50,1.92,2.70,1.92,0.57,2.21,3.43,2.99
07/10/2025 03:36 p. m.,Ordeño,04:43,12.30,3,,,,,0,,0.84,1.44,2.22,1.62,0,0,0,0,4.40,4.62,4.35,4.59,VMS 3,,Tanque,,1.38,1.92,2.76,2.04,0.80,2.82,4.41,4.27
07/10/2025 11:55 p. m.,Ordeño,04:20,10.30,1,,,,,0,,0.72,1.50,2.04,1.68,0,0,0,0,4.06,4.36,4.22,4.38,VMS 3,,Tanque,,1.26,1.98,2.58,2.10,0.65,2.27,3.76,3.62
08/10/2025 07:54 a. m.,Ordeño,06:00,6.35,1,,,TD,TD,0,,0.72,1.50,2.10,0.00,0,0,0,0,4.01,4.33,4.16,0.00,VMS 3,,Tanque,,1.38,1.92,2.64,0.00,0.67,2.10,3.58,0.00
08/10/2025 07:55 p. m.,Ordeño,05:54,17.38,2,,,,,0,DI,0.84,1.62,2.22,1.74,0,0,0,0,4.60,4.41,3.74,4.07,VMS 3,,Tanque,,1.56,2.16,3.00,2.28,1.11,3.64,5.91,6.72
09/10/2025 07:39 a. m.,Ordeño,05:33,12.47,1,,,,,0,,1.14,1.44,2.34,1.32,0,0,0,0,4.32,4.28,3.94,3.95,VMS 3,,Tanque,,1.74,1.98,2.94,1.92,0.87,3.07,4.93,3.60
09/10/2025 05:24 p. m.,Ordeño,05:00,11.72,2,,,,,0,,0.78,1.62,2.10,1.26,0,0,0,0,4.34,4.28,3.64,4.28,VMS 3,,Tanque,,1.44,2.10,2.58,1.86,0.76,2.68,4.72,3.56
10/10/2025 01:50 a. m.,Ordeño,04:23,10.31,1,,,,,0,,0.66,1.44,2.22,1.32,0,0,0,0,4.11,4.22,3.86,4.29,VMS 3,,Tanque,,1.32,1.98,2.70,1.74,0.75,2.49,3.91,3.16
10/10/2025 09:35 a. m.,Ordeño,04:08,9.20,2,,,,,0,TD,0.60,1.50,2.04,1.56,0,0,0,0,3.86,4.22,3.95,4.71,VMS 3,,Tanque,,1.32,2.04,2.70,2.04,0.60,2.09,3.30,3.21
10/10/2025 05:24 p. m.,Ordeño,04:12,9.72,3,,,,,0,TD,0.78,1.50,2.04,1.50,0,0,0,0,3.97,4.26,4.06,4.66,VMS 3,,Tanque,,1.32,2.04,2.58,1.92,0.62,2.23,3.52,3.35
11/10/2025 01:36 a. m.,Ordeño,04:23,7.86,1,,,DD,DD,0,,0.96,0.00,2.16,1.62,0,0,0,0,4.09,0.00,4.09,4.51,VMS 3,,Tanque,,1.38,0.00,2.58,2.04,0.74,0.00,3.71,3.41
11/10/2025 01:08 p. m.,Ordeño,21:17,4.87,2,,,TI,"DI,TI",0,,0.00,1.50,0.00,1.44,0,0,0,0,0.00,4.76,0.00,4.65,VMS 3,,Tanque,,0.00,2.10,0.00,1.80,0.00,2.37,0.00,2.50
11/10/2025 04:42 p. m.,Ordeño,04:45,13.05,3,,,,,0,,0.84,1.56,2.34,1.62,0,0,0,0,4.33,4.09,4.22,4.51,VMS 3,,Tanque,,1.44,2.10,2.94,2.28,0.85,2.40,5.89,3.91
12/10/2025 12:57 a. m.,Ordeño,05:16,10.32,1,,,,,0,,0.84,1.56,2.16,1.62,0,0,0,0,3.97,3.97,4.01,4.27,VMS 3,,Tanque,,1.38,2.04,2.64,1.92,0.63,2.21,3.76,3.72
12/10/2025 11:55 a. m.,Ordeño,04:51,12.18,2,,,,,0,,0.48,1.44,2.04,1.86,0,0,0,0,4.07,4.33,4.46,4.70,VMS 3,,Tanque,,0.78,2.04,2.82,2.46,0.69,2.48,4.53,4.48
12/10/2025 09:12 p. m.,Ordeño,04:37,10.89,3,,,,DI,0,,0.00,1.38,2.34,1.62,0,0,0,0,0.00,4.40,4.25,4.62,VMS 3,,Tanque,,0.00,1.80,2.82,2.10,0.00,2.57,4.08,4.24
13/10/2025 03:31 a. m.,Ordeño,04:20,8.02,1,,,,,0,,1.08,1.38,2.10,1.62,0,0,0,0,4.34,4.05,4.01,4.16,VMS 3,,Tanque,,1.62,1.92,2.70,2.10,1.38,1.49,2.68,2.47
13/10/2025 03:02 p. m.,Ordeño,04:44,14.08,2,,,,,0,,0.84,1.56,2.34,1.92,0,0,0,0,4.20,4.40,4.31,4.57,VMS 3,,Tanque,,1.44,1.98,2.88,2.46,0.85,2.91,5.21,5.11
14/10/2025 12:27 a. m.,Ordeño,04:17,10.97,1,,,,,0,,0.78,1.44,2.10,1.74,0,0,0,0,4.05,4.20,4.13,4.38,VMS 3,,Tanque,,1.32,1.98,2.52,2.10,0.64,2.31,4.08,3.94
14/10/2025 12:22 p. m.,Ordeño,05:26,14.84,2,,,,,0,,0.96,1.68,2.40,1.68,0,0,0,0,4.28,4.39,4.27,4.49,VMS 3,,Tanque,,1.38,2.16,3.18,2.10,0.95,3.26,5.34,5.29
15/10/2025 12:29 a. m.,Ordeño,05:08,13.90,1,,,,,0,,0.90,1.68,2.46,1.68,0,0,0,0,4.45,4.41,4.19,4.44,VMS 3,,Tanque,,1.44,2.40,3.00,2.04,0.89,3.07,4.92,5.02
15/10/2025 03:13 p. m.,Ordeño,05:45,17.23,2,,,,,0,,1.02,1.68,2.46,1.86,0,0,0,0,4.37,4.35,4.20,4.37,VMS 3,,Tanque,,1.44,2.34,3.12,2.40,1.05,3.78,6.42,5.98
16/10/2025 07:49 a. m.,Ordeño,05:24,18.12,1,,,,,0,,1.02,1.98,2.58,1.86,0,0,0,0,4.36,4.20,4.12,4.34,VMS 3,,Tanque,,1.56,2.70,3.12,2.34,1.21,4.05,6.63,6.23
16/10/2025 03:57 p. m.,Ordeño,03:52,7.78,2,,,,,0,,0.84,1.68,2.10,1.62,0,0,0,0,3.82,4.01,3.85,3.99,VMS 3,,Tanque,,1.44,2.34,2.58,2.10,0.57,1.69,2.83,2.69
17/10/2025 06:34 a. m.,Ordeño,05:31,16.23,1,,,,,0,,0.84,1.68,2.28,1.74,0,0,0,0,4.34,4.36,4.21,4.45,VMS 3,,Tanque,,1.32,2.16,3.00,2.10,0.92,3.64,5.85,5.82
17/10/2025 02:44 p. m.,Ordeño,04:16,8.74,2,,,,,0,,0.78,1.38,2.22,1.56,0,0,0,0,3.98,4.09,4.15,4.13,VMS 3,,Tanque,,1.44,1.86,3.06,2.04,0.55,1.92,3.16,3.11
18/10/2025 07:04 a. m.,Ordeño,05:52,16.82,1,,,,,0,,1.02,1.62,2.40,1.80,0,0,0,0,4.40,4.38,4.28,4.43,VMS 3,,Tanque,,1.44,2.28,2.94,2.28,1.17,3.61,5.99,6.05
18/10/2025 05:49 p. m.,Ordeño,04:51,11.24,2,,,,,0,,0.72,1.38,2.22,1.56,0,0,0,0,4.06,4.23,4.16,4.23,VMS 3,,Tanque,,1.20,1.80,2.82,1.86,0.63,2.49,4.01,4.11
19/10/2025 01:47 a. m.,Ordeño,04:54,8.86,1,,,,,0,,0.66,1.38,2.16,1.56,0,0,0,0,4.23,4.38,4.55,4.60,VMS 3,,Tanque,,1.26,1.74,2.76,1.98,0.55,1.91,3.28,3.12
19/10/2025 12:39 p. m.,Ordeño,05:01,13.27,2,,,,,0,,0.84,1.44,2.28,1.62,0,0,0,0,4.51,4.58,4.67,4.80,VMS 3,,Tanque,,1.56,1.86,2.88,2.04,0.81,2.90,4.79,4.77
19/10/2025 07:30 p. m.,Ordeño,03:59,7.55,3,,,,,0,,0.60,1.26,1.98,1.38,0,0,0,0,4.37,4.55,4.56,4.61,VMS 3,,Tanque,,1.26,1.68,2.46,1.92,0.52,1.65,2.61,2.77
20/10/2025 03:30 a. m.,Ordeño,04:15,10.04,1,,,,,0,,0.66,1.26,2.22,1.62,0,0,0,0,4.37,4.61,4.40,4.71,VMS 3,,Tanque,,1.20,1.68,2.70,1.98,0.59,2.22,3.68,3.55
23/09/2024 02:59 a. m.,Echada sin ordeñar,00:07,,,,,,,,,,,,,,,,,,,,,VMS 1,,,,,,,,,,,
14/10/2024 03:55 p. m.,Rechazada,00:00,,,,,,,,,,,,,,,,,,,,,VMS 1,,,,,,,,,,,
29/10/2024 01:51 p. m.,Echada sin ordeñar,06:48,,,,,,,,,,,,,,,,,,,,,VMS 1,,,,,,,,,,,
08/11/2024 10:45 p. m.,Rechazada,00:00,,,,,,,,,,,,,,,,,,,,,VMS 1,,,,,,,,,,,
18/11/2024 03:55 a. m.,Rechazada,00:00,,,,,,,,,,,,,,,,,,,,,VMS 1,,,,,,,,,,,
25/11/2024 06:48 p. m.,Echada sin ordeñar,19:26,,,,,,,,,,,,,,,,,,,,,VMS 1,,,,,,,,,,,
29/11/2024 12:30 a. m.,Rechazada,00:00,,,,,,,,,,,,,,,,,,,,,VMS 1,,,,,,,,,,,
22/01/2025 02:11 p. m.,Rechazada,00:00,,,,,,,,,,,,,,,,,,,,,VMS 3,,,,,,,,,,,
13/02/2025 03:22 p. m.,Rechazada,00:00,,,,,,,,,,,,,,,,,,,,,VMS 2,,,,,,,,,,,
18/02/2025 04:27 p. m.,Rechazada,00:00,,,,,,,,,,,,,,,,,,,,,VMS 2,,,,,,,,,,,
22/02/2025 03:57 p. m.,Rechazada,00:00,,,,,,,,,,,,,,,,,,,,,VMS 2,,,,,,,,,,,
27/02/2025 07:04 a. m.,Rechazada,00:00,,,,,,,,,,,,,,,,,,,,,VMS 2,,,,,,,,,,,
14/03/2025 09:46 a. m.,Rechazada,00:00,,,,,,,,,,,,,,,,,,,,,VMS 2,,,,,,,,,,,
16/03/2025 03:02 a. m.,Echada sin ordeñar,06:05,,,,,,,,,,,,,,,,,,,,,VMS 2,,,,,,,,,,,
31/03/2025 02:51 a. m.,Rechazada,00:00,,,,,,,,,,,,,,,,,,,,,VMS 2,,,,,,,,,,,
02/04/2025 03:39 p. m.,Rechazada,00:00,,,,,,,,,,,,,,,,,,,,,VMS 2,,,,,,,,,,,
24/04/2025 11:32 p. m.,Rechazada,00:00,,,,,,,,,,,,,,,,,,,,,VMS 2,,,,,,,,,,,
25/04/2025 08:27 a. m.,Rechazada,00:00,,,,,,,,,,,,,,,,,,,,,VMS 2,,,,,,,,,,,
25/04/2025 11:56 p. m.,Rechazada,00:00,,,,,,,,,,,,,,,,,,,,,VMS 2,,,,,,,,,,,
27/04/2025 10:57 p. m.,Rechazada,00:00,,,,,,,,,,,,,,,,,,,,,VMS 2,,,,,,,,,,,
09/05/2025 05:30 p. m.,Rechazada,00:00,,,,,,,,,,,,,,,,,,,,,VMS 2,,,,,,,,,,,
11/05/2025 06:02 a. m.,Rechazada,00:00,,,,,,,,,,,,,,,,,,,,,VMS 2,,,,,,,,,,,
21/05/2025 05:29 p. m.,Rechazada,00:00,,,,,,,,,,,,,,,,,,,,,VMS 2,,,,,,,,,,,
21/05/2025 07:25 p. m.,Rechazada,00:00,,,,,,,,,,,,,,,,,,,,,VMS 2,,,,,,,,,,,
08/06/2025 01:46 p. m.,Rechazada,00:00,,,,,,,,,,,,,,,,,,,,,VMS 2,,,,,,,,,,,
20/07/2025 12:57 a. m.,Echada sin ordeñar,00:31,,,,,,,,,,,,,,,,,,,,,VMS 2,,,,,,,,,,,
21/07/2025 11:52 a. m.,Rechazada,00:00,,,,,,,,,,,,,,,,,,,,,VMS 2,,,,,,,,,,,
21/08/2025 02:01 p. m.,Rechazada,00:00,,,,,,,,,,,,,,,,,,,,,VMS 3,,,,,,,,,,,
04/09/2025 03:44 a. m.,Rechazada,00:00,,,,,,,,,,,,,,,,,,,,,VMS 3,,,,,,,,,,,
13/09/2025 10:13 p. m.,Echada sin ordeñar,05:29,,,,,,,,,,,,,,,,,,,,,VMS 3,,,,,,,,,,,
19/10/2025 10:43 p. m.,Rechazada,00:00,,,,,,,,,,,,,,,,,,,,,VMS 3,,,,,,,,,,,
