Main,,,,Estado,,,,,Estado AMD,,Media de los flujos (kg/min),,,,Sangre (ppm),,,,Conductividad (mS / cm),,,,Misc,,,,Flujos máximos (kg/min),,,,Producciones (kg),,,
Hora de inicio,Acción,Duración (mm:ss),Producción (kg),Número de ordeño,RCS (* 1000 células / ml),Patada,Incompleto,Pezones no encontrados,Ubre,Pezón,DI,DD,TI,TD,DI,DD,TI,TD,DI,DD,TI,TD,EO/PO,Usuario,Destino Leche,Razón de la desviación,DI,DD,TI,TD,DI,DD,TI,TD
23/11/2023 04:41 p. m.,Ordeño,07:10,6.07,1,,,,,1,TI,0.48,0.66,0.84,0.66,3383,668,357,473,4.38,4.54,5.15,4.96,VMS 3,,Divert 3,,0.84,1.08,1.20,0.96,1.24,1.20,1.74,1.89
29/12/2023 05:27 a. m.,Ordeño,12:36,10.37,1,,,,,1,"DI,DD",0.66,0.78,0.60,0.54,666,0,0,0,7.30,6.45,4.46,4.63,VMS 3,,Tanque,,1.08,1.32,0.90,0.84,3.81,3.86,1.34,1.36
06/01/2024 06:35 p. m.,Ordeño,15:18,10.12,2,,,,TI,1,DI,0.60,0.72,0.00,0.84,0,0,0,0,9.65,4.92,0.00,5.15,VMS 3,,Tanque,,1.02,1.08,0.00,1.20,1.83,4.24,0.00,4.05
08/01/2024 02:15 a. m.,Ordeño,13:36,5.23,1,,TI,,DI,1,TD,0.00,0.54,0.66,0.66,0,0,0,0,0.00,4.65,4.68,8.71,VMS 3,,Tanque,,0.00,0.96,0.96,1.32,0.00,1.48,1.46,2.29
08/01/2024 11:02 p. m.,Ordeño,11:57,8.10,2,,TI,DD,DD,1,,0.78,0.00,0.78,0.66,0,0,0,0,5.18,0.00,4.75,4.96,VMS 3,,Tanque,,1.56,0.00,1.32,1.02,1.91,0.00,2.12,4.07
10/01/2024 09:07 p. m.,Ordeño,12:39,9.20,1,,"TI,TD",TD,,1,,0.96,0.78,0.90,0.72,0,0,0,0,4.97,4.79,4.65,5.23,VMS 3,,Tanque,,1.26,1.14,1.92,1.38,3.01,4.62,1.18,0.39
11/01/2024 04:38 p. m.,Ordeño,12:19,14.19,1,,,,,1,"DI,TD",0.66,0.72,0.90,0.66,0,0,0,0,8.78,5.25,5.14,7.24,VMS 3,,Tanque,,1.08,1.50,1.32,1.14,2.84,5.12,2.95,3.28
12/01/2024 02:48 p. m.,Ordeño,09:14,9.29,3,,,,,1,"DI,DD",0.60,0.60,0.84,0.66,0,0,0,0,7.97,7.04,5.14,5.07,VMS 3,,Tanque,,0.96,1.02,1.14,0.90,2.28,1.88,2.70,2.43
13/01/2024 07:18 a. m.,Ordeño,08:08,11.37,1,,,,,1,,0.60,0.66,0.84,0.66,0,0,0,0,5.46,5.50,5.08,5.13,VMS 3,,Tanque,,1.02,1.02,1.20,1.02,1.90,1.74,4.25,3.48
13/01/2024 11:36 p. m.,Ordeño,08:36,12.25,2,,,,,1,,0.54,0.60,0.78,0.66,0,0,0,0,5.59,5.41,5.19,5.17,VMS 3,,Tanque,,0.84,0.96,1.14,0.90,1.99,1.99,4.30,3.97
14/01/2024 06:49 p. m.,Ordeño,09:59,14.14,1,,,,,1,,0.60,0.60,0.90,0.66,0,0,0,0,5.74,5.29,5.18,4.95,VMS 3,,Tanque,,0.90,0.90,1.26,1.08,2.52,2.56,4.64,4.42
16/01/2024 04:27 a. m.,Ordeño,11:09,11.11,1,,TD,,,1,,0.66,0.78,0.72,0.48,0,0,0,0,5.89,6.03,4.89,5.64,VMS 3,,Tanque,,1.02,1.14,1.14,1.02,3.12,2.67,4.51,0.81
16/01/2024 04:47 p. m.,Ordeño,07:59,8.30,2,,,,,1,,0.48,0.48,0.90,0.60,0,0,0,0,5.89,5.42,5.75,5.38,VMS 3,,Tanque,,0.78,0.78,1.26,0.96,1.26,1.11,3.94,1.99
26/01/2024 09:56 p. m.,Ordeño,09:56,15.55,2,,,,,1,,0.60,0.78,0.90,0.66,0,0,0,0,5.99,6.24,5.70,5.46,VMS 3,,Tanque,,0.96,1.08,1.26,0.96,3.22,3.83,4.62,3.88
29/01/2024 04:31 a. m.,Ordeño,10:57,12.26,1,,TD,TD,,1,DD,0.66,0.78,0.90,1.74,0,0,0,0,5.64,6.61,5.35,6.30,VMS 2,,Tanque,,1.08,1.38,1.32,3.06,4.10,3.64,4.24,0.28
30/01/2024 07:15 a. m.,Ordeño,13:41,9.58,1,,,"DD,TD",TD,1,,0.72,0.54,0.84,0.00,0,0,0,0,5.87,5.75,5.72,0.00,VMS 2,,Tanque,,1.14,0.96,1.44,0.00,4.21,1.87,3.50,0.00
30/01/2024 08:25 p. m.,Ordeño,08:53,9.17,2,,,DD,,1,TD,0.60,0.54,0.78,0.90,0,0,0,0,5.02,5.41,5.52,6.16,VMS 2,,Tanque,,0.90,1.14,1.20,1.32,1.55,1.25,2.23,4.14
31/01/2024 12:55 p. m.,Ordeño,11:57,8.05,1,,,TD,TD,1,,0.66,0.60,0.84,0.00,0,0,0,0,5.23,5.35,5.46,0.00,VMS 2,,Tanque,,1.08,1.08,1.26,0.00,2.47,2.23,3.35,0.00
05/02/2024 09:54 a. m.,Ordeño,10:44,11.84,1,,,,TD,1,DD,0.78,0.84,0.90,0.00,0,0,0,0,6.84,7.04,6.03,0.00,VMS 2,,Tanque,,1.32,1.32,1.20,0.00,3.98,3.77,4.09,0.00
06/02/2024 05:03 a. m.,Ordeño,08:57,11.74,1,,,,,1,TD,0.72,0.84,1.02,0.84,0,0,0,0,5.75,5.84,5.71,7.30,VMS 2,,Tanque,,1.08,1.20,1.38,1.32,2.95,2.60,3.37,2.82
06/02/2024 09:17 p. m.,Ordeño,09:21,8.66,2,,,,,1,TD,0.60,0.60,0.84,0.72,0,0,0,0,5.80,5.83,5.69,8.04,VMS 2,,Tanque,,0.96,0.96,1.56,1.08,2.17,2.02,2.70,1.77
07/02/2024 08:05 p. m.,Ordeño,09:45,14.43,1,,,,,1,,0.72,0.72,1.02,0.78,0,0,0,0,6.03,6.01,5.99,0.00,VMS 1,,Tanque,,1.14,1.20,1.56,1.26,3.37,3.13,4.82,3.11
10/02/2024 04:14 a. m.,Ordeño,13:45,11.64,1,,TD,,TD,1,DD,0.60,0.84,1.02,0.12,0,0,0,0,5.55,6.63,5.87,0.00,VMS 1,,Tanque,,0.96,1.20,1.50,0.24,3.02,3.66,4.91,0.05
12/02/2024 03:11 p. m.,Ordeño,09:47,15.51,1,,,,,1,,0.72,0.72,0.90,0.78,0,0,0,0,6.31,6.38,5.88,0.00,VMS 1,,Tanque,,1.02,1.20,1.26,1.08,3.30,3.82,4.46,3.93
13/02/2024 05:21 a. m.,Ordeño,07:59,10.99,1,,,,,1,,0.66,0.66,1.02,0.78,0,0,0,0,5.88,5.91,5.61,0.00,VMS 1,,Tanque,,1.02,1.08,1.38,1.14,2.50,2.29,3.52,2.68
16/02/2024 09:48 p. m.,Ordeño,09:50,16.70,2,,,,,1,,0.60,0.66,0.90,0.78,0,0,0,0,5.85,5.77,5.85,0.00,VMS 1,,Tanque,,0.96,1.02,1.38,1.14,3.47,3.53,5.50,4.20
18/02/2024 04:37 p. m.,Ordeño,09:29,16.64,1,,,,,1,,0.66,0.72,1.02,0.84,0,0,0,0,5.59,5.52,5.66,0.00,VMS 1,,Tanque,,1.08,1.08,1.44,1.32,3.60,3.30,5.31,4.43
21/02/2024 10:44 a. m.,Ordeño,11:40,13.43,1,,,,,1,,0.78,0.72,1.08,0.72,0,0,0,0,6.10,5.74,5.81,0.00,VMS 1,,Tanque,,1.14,1.14,1.56,1.14,3.61,2.78,4.92,2.12
23/02/2024 02:26 a. m.,Ordeño,06:45,10.26,1,,,,,1,,0.66,0.66,0.96,0.72,0,0,0,0,5.81,5.54,5.97,0.00,VMS 1,,Tanque,,1.02,0.96,1.32,1.08,2.30,2.25,3.45,2.26
23/02/2024 09:43 p. m.,Ordeño,10:19,14.62,2,,,,,1,,0.60,0.72,0.84,0.72,0,0,0,0,5.93,5.68,5.82,0.00,VMS 1,,Tanque,,1.02,1.02,1.32,1.08,3.30,3.13,4.91,3.28
24/02/2024 06:02 p. m.,Ordeño,11:31,10.62,1,,,TD,TD,1,,0.66,0.72,0.96,0.00,0,0,0,0,6.25,5.90,6.11,0.00,VMS 1,,Tanque,,0.96,1.26,1.38,0.00,3.20,2.88,4.54,0.00
26/02/2024 03:53 p. m.,Ordeño,08:41,16.32,1,,,,,1,,0.72,0.78,1.02,0.84,0,0,0,0,6.93,6.52,6.50,0.00,VMS 1,,Tanque,,1.08,1.14,1.38,1.26,3.88,3.69,4.75,4.00
29/02/2024 06:49 a. m.,Ordeño,10:44,14.55,1,,,,,1,,0.78,0.72,1.02,0.78,0,0,0,0,6.21,5.81,5.91,0.00,VMS 1,,Tanque,,1.20,1.08,1.32,1.14,3.70,3.70,4.70,2.45
02/03/2024 03:25 a. m.,Ordeño,09:56,16.34,1,,,,,1,,0.78,0.78,0.96,0.84,0,0,0,0,6.42,6.24,5.56,0.00,VMS 1,,Tanque,,1.08,1.08,1.32,1.20,3.97,3.75,4.88,3.74
03/03/2024 02:01 p. m.,Ordeño,11:59,11.94,1,,,TD,TD,1,,0.78,0.78,0.96,0.00,0,0,0,0,6.20,6.19,5.68,0.00,VMS 1,,Tanque,,1.20,1.14,1.26,0.00,3.69,3.85,4.40,0.00
06/03/2024 07:19 p. m.,Ordeño,08:18,8.05,2,,,TI,,1,,0.72,0.66,0.90,0.72,0,0,0,0,6.10,5.60,5.68,6.47,VMS 3,,Tanque,,1.08,1.02,1.20,1.08,2.14,2.09,1.93,1.89
08/03/2024 03:27 a. m.,Ordeño,10:14,11.54,1,,,,,1,,0.72,0.78,1.02,0.78,0,0,0,0,5.95,5.68,6.04,6.31,VMS 3,,Tanque,,1.02,1.14,1.56,1.02,2.75,2.80,3.52,2.47
08/03/2024 04:21 p. m.,Ordeño,07:32,10.94,2,,,,,1,,0.66,0.78,0.96,0.78,0,0,0,0,5.75,5.48,5.81,6.01,VMS 3,,Tanque,,1.02,1.08,1.32,1.14,2.65,2.56,3.27,2.46
09/03/2024 09:06 p. m.,Ordeño,08:19,11.07,3,,,,,1,DI,0.84,0.66,1.02,0.66,0,0,0,0,6.42,5.14,5.40,5.36,VMS 3,,Tanque,,1.26,1.14,1.44,1.08,3.96,2.21,2.92,1.98
10/03/2024 11:23 a. m.,Ordeño,08:17,12.00,1,,,,,1,,0.72,0.78,1.08,0.78,0,0,0,0,5.54,5.15,5.45,5.63,VMS 3,,Tanque,,1.08,1.08,1.44,1.14,2.75,2.91,3.79,2.55
12/03/2024 03:00 a. m.,Ordeño,11:14,12.34,1,,,,,1,,0.66,0.72,1.02,0.78,0,0,0,0,5.03,4.81,5.11,5.09,VMS 3,,Tanque,,0.96,1.02,1.44,1.26,2.89,2.86,3.85,2.74
13/03/2024 02:30 a. m.,Ordeño,08:13,15.45,1,,,,,1,,0.78,0.78,1.08,0.66,0,0,0,0,6.04,5.47,5.41,5.39,VMS 3,,Tanque,,1.14,1.08,1.56,1.08,3.68,3.80,4.28,3.69
14/03/2024 09:55 p. m.,Ordeño,09:17,17.68,2,,,,,1,,0.78,0.78,1.08,0.78,0,0,0,0,5.93,5.52,5.73,5.67,VMS 3,,Tanque,,1.20,1.20,1.62,1.14,4.29,4.48,4.93,3.98
18/03/2024 11:07 a. m.,Ordeño,11:42,12.41,1,,,TD,TD,1,,0.78,0.90,0.96,0.00,0,0,0,0,5.94,5.56,4.98,0.00,VMS 3,,Tanque,,1.80,1.26,1.32,0.00,3.78,4.22,4.41,0.00
18/03/2024 09:48 p. m.,Ordeño,07:22,6.39,3,,,,,1,TD,0.60,0.60,0.84,0.84,0,0,0,0,4.67,4.46,4.87,6.10,VMS 3,,Tanque,,0.96,0.90,1.14,1.26,0.86,0.80,1.10,3.63
25/03/2024 11:19 a. m.,Ordeño,07:32,11.72,1,,,,,1,,0.60,0.72,0.96,0.78,0,0,0,0,4.75,4.64,4.78,5.07,VMS 3,,Tanque,,0.96,1.14,1.26,1.14,2.78,2.57,3.67,2.70
30/03/2024 09:43 p. m.,Ordeño,08:39,15.65,2,,,,,1,DI,0.78,0.72,0.90,0.72,0,0,0,0,6.34,5.19,5.11,5.07,VMS 3,,Tanque,,1.08,1.02,1.32,1.08,3.86,3.77,4.70,3.32
20/04/2024 06:39 a. m.,Ordeño,09:11,15.24,1,,,,,1,,0.78,0.96,1.14,0.90,0,0,0,0,5.85,5.45,5.53,5.61,VMS 3,,Tanque,,1.14,1.38,1.44,1.38,3.99,3.43,4.57,3.25
22/04/2024 08:19 p. m.,Ordeño,06:25,13.69,2,,,,,1,,0.84,1.02,1.26,1.02,0,0,0,0,5.19,5.15,5.01,5.48,VMS 3,,Tanque,,1.26,1.50,1.62,1.38,3.09,3.38,4.15,3.07
18/05/2024 05:54 a. m.,Ordeño,08:25,6.01,2,,,,,1,DI,0.96,0.66,0.90,0.54,0,0,0,0,5.54,4.69,4.59,4.54,VMS 3,,Tanque,,1.32,1.08,1.26,0.90,3.89,0.62,0.88,0.62
19/05/2024 02:00 a. m.,Ordeño,09:12,17.70,1,,,,,1,,0.96,0.96,1.26,0.90,0,0,0,0,5.15,5.01,4.92,5.21,VMS 3,,Tanque,,1.62,1.50,1.68,1.32,4.22,4.71,4.82,3.95
17/06/2024 04:01 a. m.,Ordeño,10:55,13.17,1,,,,,1,,0.84,0.90,0.54,0.84,0,0,0,0,5.18,5.05,5.50,4.69,VMS 3,,Tanque,,1.38,1.32,0.96,1.38,3.36,3.47,3.36,2.98
17/06/2024 07:17 p. m.,Ordeño,10:16,11.17,2,,,,,1,TI,0.78,0.96,0.54,0.78,0,0,0,0,4.28,4.38,5.13,3.92,VMS 3,,Tanque,,1.14,1.38,1.02,1.26,2.67,2.92,2.92,2.66
19/06/2024 07:31 a. m.,Ordeño,08:54,12.32,1,,,,,1,,0.78,0.78,0.78,0.78,0,0,0,0,4.93,4.84,5.29,4.72,VMS 3,,Tanque,,1.14,1.14,1.20,1.80,2.85,2.94,3.49,3.04
19/06/2024 11:13 p. m.,Ordeño,12:26,14.93,2,,,,,1,,0.78,0.78,0.60,0.78,0,0,0,0,5.16,5.01,5.29,4.46,VMS 3,,Tanque,,1.20,1.20,1.02,1.50,3.53,3.53,4.31,3.56
22/06/2024 12:30 a. m.,Ordeño,08:49,8.00,1,,,TI,,1,TI,0.72,0.90,0.60,0.78,0,0,0,0,4.69,4.60,5.83,4.53,VMS 3,,Tanque,,1.38,2.04,1.26,1.56,2.09,2.28,1.67,1.96
22/06/2024 08:16 a. m.,Ordeño,08:18,5.90,2,,,TI,,1,TI,0.66,0.78,0.78,0.84,0,0,0,0,4.62,4.66,5.55,4.60,VMS 3,,Tanque,,0.90,1.14,1.20,1.74,1.59,1.67,0.98,1.66
22/06/2024 03:36 p. m.,Ordeño,07:52,6.49,3,,,,,1,TI,0.60,0.72,0.66,0.78,0,0,0,0,4.89,4.75,5.76,4.69,VMS 3,,Tanque,,0.90,1.08,1.08,1.38,1.71,1.71,1.37,1.70
22/06/2024 11:42 p. m.,Ordeño,06:50,7.59,4,,,,,1,TI,0.66,0.84,0.72,0.78,0,0,0,0,5.02,4.95,6.08,4.99,VMS 3,,Tanque,,1.02,1.08,1.08,1.38,1.95,1.92,1.81,1.91
23/06/2024 10:35 a. m.,Ordeño,09:18,7.14,1,,"DI,DD","DI,DD",,1,TI,0.60,0.72,0.78,0.78,0,0,0,0,4.31,4.55,5.81,4.85,VMS 3,,Tanque,,1.26,1.50,1.44,1.44,0.63,0.82,3.09,2.60
23/06/2024 04:18 p. m.,Ordeño,09:01,9.26,2,,,,,1,,0.72,0.96,0.66,0.78,0,0,0,0,5.78,5.50,5.72,4.64,VMS 3,,Tanque,,1.14,1.50,1.02,1.20,3.27,3.21,1.52,1.26
26/08/2024 01:42 p. m.,Ordeño,06:47,16.72,1,,,,,1,,0.90,1.02,1.20,1.08,0,0,0,0,4.67,4.61,4.74,4.34,VMS 3,,Tanque,,1.32,1.32,1.62,1.62,3.60,3.81,4.92,4.39
14/11/2024 07:57 p. m.,Ordeño,14:28,25.87,1,,,,,1,DD,1.08,1.32,1.20,1.08,0,0,0,0,5.89,6.22,4.50,0.00,VMS 1,,Tanque,,1.50,1.74,1.86,1.50,6.42,6.69,7.01,5.75
16/01/2025 06:28 a. m.,Ordeño,09:25,21.39,1,,,,,1,,1.02,1.38,1.38,1.02,0,0,0,0,4.94,4.92,4.85,0.00,VMS 1,,Tanque,,1.56,1.74,1.86,1.50,5.22,5.61,6.00,4.56
30/01/2025 10:33 a. m.,Ordeño,09:33,27.88,1,,,,,1,,1.08,1.14,1.32,1.08,0,0,0,0,5.90,5.37,5.69,0.00,VMS 1,,Tanque,,1.50,1.62,1.86,1.44,6.42,7.55,7.78,6.13
08/03/2025 09:32 p. m.,Ordeño,08:47,26.29,2,,,,,1,,1.20,1.26,1.26,1.08,0,0,0,0,5.60,5.51,5.39,5.68,VMS 2,,Tanque,,1.62,1.74,1.68,1.56,6.79,6.79,6.78,5.93
25/03/2025 05:19 a. m.,Ordeño,09:28,19.00,1,,,,,1,"DI,DD",1.02,1.14,1.14,1.08,0,0,0,0,5.09,5.36,4.02,4.62,VMS 2,,Tanque,,1.44,1.74,1.56,1.74,3.92,3.49,3.71,7.88
05/04/2025 06:11 p. m.,Ordeño,09:57,33.24,2,,,,,1,,1.20,1.44,1.32,1.44,0,0,0,0,5.45,5.48,5.52,5.58,VMS 2,,Tanque,,1.74,1.86,1.68,2.16,8.70,8.60,7.15,8.79
06/04/2025 05:40 p. m.,Ordeño,09:02,31.04,1,,,,,1,,1.38,1.50,1.44,1.38,0,0,0,0,5.38,5.45,5.42,5.52,VMS 2,,Tanque,,1.74,1.98,2.16,2.04,8.41,7.72,7.22,7.69
19/04/2025 07:52 p. m.,Ordeño,09:06,30.36,2,,,,,1,,1.32,1.32,1.50,1.26,0,0,0,0,5.17,5.32,5.42,5.46,VMS 2,,Tanque,,1.86,1.68,1.92,1.62,8.15,7.97,7.47,6.77
05/05/2025 06:59 p. m.,Ordeño,09:18,25.78,2,,,,,1,,1.32,1.26,1.38,1.14,0,0,0,0,5.07,5.19,5.30,5.08,VMS 2,,Tanque,,1.92,1.74,1.86,1.62,6.81,6.77,6.71,5.49
14/05/2025 02:03 p. m.,Ordeño,16:29,13.29,2,,,,,1,DI,0.36,1.20,1.20,1.02,0,0,0,0,8.31,6.00,5.81,5.86,VMS 2,,Tanque,,0.96,1.68,1.50,1.62,3.92,3.30,3.32,2.75
14/05/2025 11:12 p. m.,Ordeño,13:03,8.87,3,,,"DD,TI,TD",,1,DI,0.66,1.14,0.96,0.54,0,0,478,0,6.18,5.04,5.01,5.07,VMS 2,,Tanque,,1.14,1.74,1.32,1.08,5.34,1.33,1.20,1.00
15/05/2025 06:39 a. m.,Ordeño,05:22,3.32,1,,,Todos,,1,DI,0.30,1.02,0.96,0.48,0,0,0,0,5.77,4.92,5.03,4.92,VMS 2,,Tanque,,0.48,1.38,1.38,0.90,0.40,1.17,0.96,0.79
15/05/2025 07:14 p. m.,Ordeño,10:29,11.90,2,,,DI,,1,,0.42,1.14,1.14,0.96,793,0,0,0,5.63,5.53,5.44,5.58,VMS 2,,Tanque,,1.08,1.62,1.50,1.44,1.61,3.62,3.55,3.12
17/05/2025 01:59 a. m.,Ordeño,14:46,21.33,1,,,,,1,DI,0.36,1.26,1.26,1.38,0,0,0,0,6.50,5.29,5.45,5.47,VMS 2,,Tanque,,0.84,1.92,1.62,2.10,3.51,6.03,6.07,5.72
17/05/2025 03:44 p. m.,Ordeño,17:41,16.59,2,,,,,1,DI,0.42,1.20,1.32,1.20,0,0,0,0,6.42,5.47,5.42,5.47,VMS 2,,Tanque,,0.90,1.80,1.62,1.68,4.75,4.02,3.95,3.87
19/05/2025 05:08 p. m.,Ordeño,12:10,19.54,2,,DI,,,1,DI,0.60,1.14,1.26,1.08,0,0,0,0,7.57,5.55,5.55,5.59,VMS 2,,Tanque,,1.02,1.56,1.74,1.62,4.08,5.18,5.63,4.65
20/05/2025 04:06 a. m.,Ordeño,11:11,18.86,1,,,,,1,DI,0.66,1.20,1.26,0.96,0,0,0,0,6.58,5.47,5.43,5.42,VMS 2,,Tanque,,1.20,1.74,1.62,1.44,4.50,5.20,5.15,4.01
20/05/2025 07:19 p. m.,Ordeño,08:23,21.04,2,,,DI,,1,,0.42,1.20,1.26,1.32,0,0,0,0,5.28,5.35,5.34,5.33,VMS 2,,Tanque,,0.84,1.68,1.68,2.64,1.58,6.53,6.51,6.42
22/05/2025 07:25 p. m.,Ordeño,08:25,18.90,2,,,DI,,1,,0.30,1.14,1.38,1.26,0,0,0,0,3.99,5.06,5.16,5.08,VMS 2,,Tanque,,0.90,1.56,1.74,1.80,0.44,6.33,6.19,5.94
24/05/2025 04:58 p. m.,Ordeño,13:45,18.64,2,,,,,1,DI,0.66,1.08,1.32,1.20,0,0,0,0,7.30,5.15,5.19,5.18,VMS 2,,Tanque,,1.14,1.56,1.68,1.74,6.27,4.19,4.17,4.01
29/05/2025 09:20 a. m.,Ordeño,14:37,20.66,1,,,,,1,DI,0.60,1.02,1.14,0.96,0,0,0,0,9.31,5.01,5.11,5.16,VMS 2,,Tanque,,1.08,1.56,1.56,1.50,6.54,4.93,5.11,4.08
29/05/2025 10:14 p. m.,Ordeño,08:35,18.52,2,,,,,1,DI,0.60,1.02,1.14,1.02,0,0,0,0,8.64,4.97,5.09,5.49,VMS 2,,Tanque,,0.90,1.56,1.50,1.56,2.13,5.69,5.75,4.95
30/05/2025 07:00 a. m.,Ordeño,06:31,12.01,1,,,,,1,DI,0.48,1.08,1.14,0.90,0,0,0,0,7.84,5.03,5.17,5.06,VMS 2,,Tanque,,0.84,1.62,1.80,1.44,0.61,4.16,4.07,3.17
30/05/2025 07:01 p. m.,Ordeño,07:24,17.21,2,,,,,1,DI,0.48,1.26,1.32,1.14,0,0,0,0,7.10,5.08,5.23,5.17,VMS 2,,Tanque,,0.78,1.62,1.86,1.68,1.98,5.22,5.31,4.70
31/05/2025 06:20 a. m.,Ordeño,08:35,18.24,1,,,,,1,,0.54,1.20,1.26,0.96,0,0,0,0,5.82,5.08,5.19,5.08,VMS 2,,Tanque,,0.90,1.62,1.56,1.44,2.56,5.51,5.63,4.54
09/06/2025 07:55 a. m.,Ordeño,13:09,19.00,1,,,,,1,DI,0.60,1.26,1.44,1.38,0,0,0,0,7.37,5.58,5.55,5.67,VMS 2,,Tanque,,1.02,1.74,1.98,1.92,4.32,4.95,5.04,4.69
09/06/2025 06:21 p. m.,Ordeño,07:46,12.70,2,,,,,1,,0.54,1.26,1.32,1.20,0,0,0,0,5.57,4.93,5.05,5.01,VMS 2,,Tanque,,0.90,1.62,1.68,1.68,2.42,3.35,3.63,3.30
11/06/2025 03:54 a. m.,Ordeño,08:55,13.60,1,,,,,1,DI,0.60,1.32,1.32,1.08,0,0,0,0,7.57,5.45,5.44,5.47,VMS 2,,Tanque,,0.96,1.74,1.80,1.50,2.78,3.84,3.80,3.18
11/06/2025 10:34 p. m.,Ordeño,10:41,14.46,2,,,,,1,DI,0.60,1.32,1.32,1.20,586,0,0,0,7.97,4.91,5.22,5.16,VMS 2,,Tanque,,0.90,1.86,1.68,1.74,2.67,3.96,4.07,3.76
12/06/2025 07:15 a. m.,Ordeño,06:17,8.20,1,,,,,1,DI,0.54,1.14,1.20,1.02,486,0,0,0,8.31,5.16,5.38,5.23,VMS 2,,Tanque,,0.90,1.50,1.68,1.56,1.34,2.33,2.40,2.13
12/06/2025 03:28 p. m.,Ordeño,07:36,7.04,2,,,TD,TD,1,DI,0.66,1.26,1.20,0.00,387,0,0,0,7.97,5.45,5.44,0.00,VMS 2,,Tanque,,0.96,1.62,1.50,0.00,1.58,2.64,2.82,0.00
13/06/2025 06:58 a. m.,Ordeño,07:42,17.72,1,,,,,1,DI,0.78,1.08,1.32,1.38,0,0,0,0,7.17,5.40,5.60,5.69,VMS 2,,Tanque,,1.14,1.50,1.62,1.92,1.69,2.85,5.76,7.42
13/06/2025 03:38 p. m.,Ordeño,05:34,9.69,2,,,,,1,DI,0.90,1.20,1.26,0.96,392,0,0,0,7.84,5.50,5.33,5.12,VMS 2,,Drenaje,,1.20,1.68,1.68,1.56,2.09,3.21,2.60,1.79
14/06/2025 11:57 a. m.,Ordeño,12:09,12.32,1,,,TD,,1,DI,0.96,1.38,1.26,0.96,682,0,0,0,8.04,5.44,5.31,5.49,VMS 2,,Drenaje,,1.44,1.86,1.80,1.38,3.13,3.58,3.29,2.32
14/06/2025 06:43 p. m.,Ordeño,05:45,3.05,2,,,Todos,,1,DI,0.72,0.84,0.96,0.72,1490,0,0,0,9.31,4.72,4.88,5.17,VMS 2,,Drenaje,,1.14,1.20,1.56,1.20,0.76,0.72,0.78,0.79
15/06/2025 05:33 a. m.,Ordeño,06:52,8.29,1,,,DI,,1,DI,0.66,1.14,1.20,1.08,685,0,0,0,8.64,5.34,5.43,5.30,VMS 2,,Drenaje,,1.02,1.62,1.56,1.74,1.01,2.54,2.61,2.13
15/06/2025 06:51 p. m.,Ordeño,07:29,14.93,2,,,,,1,DI,0.72,1.08,1.14,1.08,385,0,0,0,8.31,5.81,5.50,5.59,VMS 2,,Drenaje,,1.02,1.50,1.56,1.68,1.64,4.54,4.75,4.00
16/06/2025 02:42 a. m.,Ordeño,05:25,10.19,1,,,,,1,DI,0.66,1.14,1.20,1.08,0,0,0,0,7.57,5.53,5.56,5.59,VMS 2,,Drenaje,,1.02,1.62,1.50,1.62,1.30,3.06,3.11,2.72
16/06/2025 07:33 p. m.,Ordeño,08:45,21.09,2,,,,,1,DI,0.66,1.14,1.26,1.14,0,0,0,0,6.54,5.59,5.58,5.47,VMS 2,,Drenaje,,1.02,1.74,1.74,1.62,2.88,6.20,6.34,5.67
14/07/2025 07:58 a. m.,Ordeño,08:37,18.22,1,,,,,1,,0.66,1.20,1.20,1.02,0,0,0,0,4.76,5.01,5.37,5.23,VMS 2,,Tanque,,1.14,1.62,1.62,1.62,3.85,4.98,4.82,4.57
09/10/2025 03:07 p. m.,Ordeño,09:16,14.96,1,,,TD,TD,1,,1.08,1.32,1.62,0.00,0,0,0,0,5.22,5.12,5.39,0.00,VMS 3,,Tanque,,1.44,1.74,2.04,0.00,4.40,5.01,5.55,0.00
17/10/2025 12:38 a. m.,Ordeño,07:59,21.61,1,,,,,1,,0.90,1.50,1.56,1.26,0,0,0,0,4.96,4.69,4.95,4.69,VMS 3,,Tanque,,1.44,2.22,1.92,1.56,4.61,5.83,5.95,5.22
17/10/2025 08:35 p. m.,Ordeño,08:36,21.31,2,,,,,1,,0.96,1.20,1.44,1.20,0,0,0,0,4.79,4.71,4.89,4.71,VMS 3,,Tanque,,1.38,1.74,1.86,1.56,4.84,5.42,6.01,5.04
17/11/2023 09:13 a. m.,Ordeño,15:25,13.05,1,,,,,0,,0.78,0.84,0.90,0.72,7599,4623,1780,1347,3.43,2.55,3.66,3.18,VMS 3,,Divert 3,,1.26,1.56,1.50,1.20,3.27,4.60,2.37,2.81
18/11/2023 03:05 p. m.,Ordeño,11:59,11.60,1,,,,,0,,0.72,0.48,0.60,0.66,5694,1809,769,854,5.09,5.23,5.37,5.62,VMS 3,,Divert 3,,1.20,0.90,1.02,0.90,3.51,2.78,3.10,2.21
20/11/2023 12:45 p. m.,Ordeño,14:05,4.43,1,,,,"DI,TI",0,"DD,TD",0.48,0.54,0.00,0.84,0,535,0,788,3.35,4.93,0.00,5.27,VMS 3,,Divert 3,,1.02,0.84,0.00,1.38,0.11,2.29,0.00,2.03
21/11/2023 11:27 p. m.,Ordeño,11:48,10.37,1,,,,,0,"TI,TD",0.60,0.78,0.84,0.72,6051,2859,0,372,4.07,3.71,4.61,4.83,VMS 3,,Tanque,Separada manualmente,1.14,1.32,1.26,1.26,2.90,3.14,2.17,2.16
24/11/2023 08:37 p. m.,Ordeño,13:11,3.24,1,,,"DI,TI","DI,TI",0,,0.00,0.60,0.00,0.66,0,0,0,0,0.00,4.40,0.00,4.26,VMS 3,,Divert 3,,0.00,1.02,0.00,1.02,0.00,1.49,0.00,1.75
26/11/2023 12:41 p. m.,Ordeño,17:45,6.32,1,,,,TI,0,,0.54,0.78,0.00,0.72,2649,359,0,387,4.46,5.04,0.00,4.73,VMS 3,,Divert 3,,0.90,1.20,0.00,1.08,2.04,2.42,0.00,1.86
27/11/2023 08:28 p. m.,Ordeño,14:09,2.16,1,,,"DI,TI,TD","TI,TD",0,,0.54,0.60,0.00,0.00,0,0,0,0,4.33,4.34,0.00,0.00,VMS 3,,Tanque,,0.96,0.90,0.00,0.00,0.64,1.52,0.00,0.00
29/11/2023 01:38 p. m.,Ordeño,15:32,5.63,1,,,,TI,0,,0.60,0.72,0.00,0.72,6800,0,0,0,4.91,4.77,0.00,4.59,VMS 3,,Divert 3,Sangre por pezón por encima del umbral,0.90,1.14,0.00,1.26,1.60,1.73,0.00,2.30
30/11/2023 01:57 a. m.,Ordeño,07:32,0.06,1,,DI,,Todos,0,,0.48,0.00,0.00,0.00,0,0,0,0,4.62,0.00,0.00,0.00,VMS 3,,Tanque,,0.96,0.00,0.00,0.00,0.06,0.00,0.00,0.00
27/12/2023 10:25 a. m.,Ordeño,14:10,13.49,1,,,,,0,,0.78,0.66,0.78,0.66,0,0,0,0,4.71,4.73,5.37,5.10,VMS 3,,Tanque,,1.14,1.02,1.68,1.56,1.00,4.43,3.77,4.29
28/12/2023 04:52 p. m.,Ordeño,17:50,7.56,1,,"TI,TD",,TI,0,DD,0.84,0.66,0.60,0.78,0,0,0,0,5.63,5.78,4.29,5.60,VMS 3,,Tanque,,1.26,1.02,1.26,1.26,2.52,3.69,0.19,1.16
30/12/2023 04:03 a. m.,Ordeño,12:27,7.76,1,,,"DI,TI","DI,TI",0,,0.00,0.72,0.00,0.78,0,0,0,0,0.00,5.12,0.00,5.41,VMS 3,,Tanque,,0.00,1.14,0.00,1.14,0.00,3.91,0.00,3.85
30/12/2023 01:28 p. m.,Ordeño,16:47,9.65,2,,,,,0,"DI,TI",0.54,0.60,0.66,0.54,0,0,0,0,5.84,4.91,5.84,4.84,VMS 3,,Tanque,,0.90,0.84,1.08,0.78,3.06,1.60,3.40,1.59
30/12/2023 08:46 p. m.,Ordeño,13:41,4.52,3,,TI,,,0,,0.42,0.54,0.60,0.42,0,0,0,0,4.76,4.64,4.63,4.66,VMS 3,,Tanque,,0.72,0.78,1.26,0.78,0.99,1.30,1.03,1.20
31/12/2023 08:42 p. m.,Ordeño,13:57,7.64,1,,TD,"TI,TD",TI,0,,0.72,0.60,0.00,0.36,0,0,0,0,5.10,4.97,0.00,2.68,VMS 3,,Tanque,,1.08,0.96,0.00,0.66,3.81,3.55,0.00,0.28
02/01/2024 02:40 a. m.,Ordeño,14:14,7.91,1,,,"DI,TD","DI,TD",0,,0.00,0.60,0.84,0.00,0,0,0,0,0.00,4.97,5.51,0.00,VMS 3,,Tanque,,0.00,1.02,1.44,0.00,0.00,4.18,3.73,0.00
02/01/2024 09:27 p. m.,Ordeño,14:19,5.19,2,,TI,"DI,TI","DI,TI",0,DD,0.00,0.72,0.72,0.60,0,0,0,0,0.00,5.04,3.75,4.89,VMS 3,,Tanque,,0.00,1.38,1.38,1.08,0.00,2.33,0.10,2.76
03/01/2024 01:22 p. m.,Ordeño,15:10,7.38,1,,TI,"DI,TD","DI,TD",0,,0.00,0.60,0.72,0.00,0,0,0,0,0.00,4.57,5.46,0.00,VMS 3,,Tanque,,0.00,1.02,1.44,0.00,0.00,3.74,3.64,0.00
03/01/2024 08:31 p. m.,Ordeño,12:10,3.07,2,,,"DI,TD","DI,TD",0,,0.00,0.54,0.66,0.00,0,0,0,0,0.00,4.91,5.04,0.00,VMS 3,,Tanque,,0.00,0.84,1.02,0.00,0.00,1.48,1.59,0.00
05/01/2024 12:37 a. m.,Ordeño,13:42,8.11,1,,TD,"DI,TD",DI,0,,0.00,0.72,0.84,0.72,0,0,0,0,0.00,5.36,5.11,5.15,VMS 3,,Tanque,,0.00,1.08,1.26,1.32,0.00,4.00,3.37,0.74
06/01/2024 01:27 a. m.,Ordeño,10:56,8.29,1,,TD,TI,TI,0,,0.96,0.72,0.00,0.78,0,0,0,0,5.03,4.89,0.00,5.12,VMS 3,,Tanque,,1.32,1.20,0.00,1.32,2.82,4.07,0.00,1.40
07/01/2024 10:44 a. m.,Ordeño,12:21,7.37,1,,TD,DI,DI,0,,0.00,0.72,0.90,0.84,0,0,0,0,0.00,5.13,5.08,5.06,VMS 3,,Tanque,,0.00,1.20,1.26,1.98,0.00,3.86,1.96,1.55
07/01/2024 08:28 p. m.,Ordeño,14:28,5.03,2,,,"DI,TI","DI,TI",0,,0.00,0.66,0.54,0.78,0,0,0,0,0.00,4.73,4.09,4.87,VMS 3,,Tanque,,0.00,1.08,1.38,1.20,0.00,2.51,0.18,2.34
09/01/2024 09:16 p. m.,Ordeño,11:55,8.36,1,,,"DI,TI","DI,TI",0,,0.00,0.72,0.00,0.78,0,0,0,0,0.00,4.44,0.00,5.10,VMS 3,,Tanque,,0.00,1.38,0.00,1.08,0.00,4.44,0.00,3.92
09/01/2024 09:29 p. m.,Ordeño,16:08,2.48,2,,,TI,"DD,TD",0,DI,0.60,0.18,0.60,0.00,0,0,0,0,8.78,2.75,6.23,0.00,VMS 3,,Tanque,,1.02,0.42,1.20,0.00,1.94,0.16,0.38,0.00
12/01/2024 04:52 a. m.,Ordeño,10:03,5.99,1,,,"DI,TI","DI,TI",0,,0.00,0.72,0.00,0.84,0,0,0,0,0.00,4.80,0.00,4.81,VMS 3,,Tanque,,0.00,1.08,0.00,1.14,0.00,3.01,0.00,2.98
12/01/2024 02:43 p. m.,Ordeño,03:46,0.00,2,,,Todos,Todos,0,,0.00,0.00,0.00,0.00,0,0,0,0,0.00,0.00,0.00,0.00,VMS 3,,Tanque,,0.00,0.00,0.00,0.00,0.00,0.00,0.00,0.00
17/01/2024 04:11 a. m.,Ordeño,11:07,5.15,1,,TD,TD,TD,0,,0.60,0.54,0.72,0.36,0,0,0,0,5.35,5.12,5.33,4.76,VMS 3,,Tanque,,1.20,1.26,1.02,0.72,1.68,1.63,1.78,0.06
17/01/2024 04:27 a. m.,Ordeño,11:21,2.75,2,,,,"DI,DD,TD",0,,0.00,0.00,0.66,0.18,0,0,0,0,0.00,0.00,5.18,2.95,VMS 3,,Tanque,,0.00,0.00,1.38,0.36,0.00,0.00,2.63,0.12
17/01/2024 08:55 p. m.,Ordeño,11:50,13.35,3,,,,,0,,0.66,0.66,0.96,0.66,0,0,0,0,5.68,5.25,5.45,4.72,VMS 3,,Tanque,,0.90,1.38,1.74,1.44,2.43,2.65,4.00,4.27
18/01/2024 03:14 a. m.,Ordeño,08:24,3.76,1,,,TD,TD,0,,0.48,0.54,0.60,0.00,0,0,0,0,5.25,4.85,4.89,0.00,VMS 3,,Tanque,,0.78,0.96,0.90,0.00,0.98,1.01,1.77,0.00
18/01/2024 12:14 p. m.,Ordeño,09:26,9.31,2,,,,,0,,0.54,0.60,0.84,0.60,0,0,0,0,5.28,5.14,5.36,4.99,VMS 3,,Tanque,,0.84,0.84,1.32,0.90,1.55,1.63,3.71,2.42
18/01/2024 08:48 p. m.,Ordeño,08:38,7.72,3,,,,,0,,0.54,0.54,0.84,0.60,0,0,0,0,5.25,5.11,5.12,5.09,VMS 3,,Tanque,,0.90,0.90,1.32,0.90,1.46,1.55,2.35,2.36
19/01/2024 06:09 a. m.,Ordeño,07:22,8.95,1,,,,,0,,0.54,0.66,0.96,0.72,0,0,0,0,5.19,5.01,5.38,5.12,VMS 3,,Tanque,,0.78,0.96,1.38,1.20,1.64,1.73,2.74,2.84
19/01/2024 08:05 p. m.,Ordeño,09:00,12.48,2,,,,,0,,0.54,0.78,0.90,0.66,0,0,0,0,5.12,5.15,5.32,4.90,VMS 3,,Tanque,,0.78,1.14,1.50,1.14,2.30,2.63,3.92,3.63
20/01/2024 02:35 a. m.,Ordeño,08:51,6.25,1,,,,,0,,0.48,0.48,0.78,0.60,0,0,0,0,4.85,4.62,5.08,4.48,VMS 3,,Tanque,,0.78,0.84,1.14,0.90,1.15,1.21,1.97,1.92
20/01/2024 04:59 p. m.,Ordeño,18:32,12.63,2,,,,,0,,0.54,0.66,0.84,0.72,0,0,0,0,5.14,4.98,5.09,5.10,VMS 3,,Tanque,,0.84,0.90,1.32,1.08,2.40,2.69,4.24,3.30
21/01/2024 05:09 a. m.,Ordeño,11:07,8.42,1,,,TI,TI,0,,0.60,0.60,0.00,0.66,0,0,0,0,4.88,4.73,0.00,4.38,VMS 3,,Tanque,,0.90,1.02,0.00,0.96,2.20,2.45,0.00,3.77
21/01/2024 05:57 p. m.,Ordeño,08:35,13.20,2,,,,,0,,0.60,0.66,0.96,0.66,0,0,0,0,4.96,4.89,5.19,4.72,VMS 3,,Tanque,,0.90,0.90,1.62,1.02,2.35,2.56,4.72,3.57
22/01/2024 04:32 a. m.,Ordeño,08:12,7.53,1,,,DD,DD,0,,0.54,0.00,0.84,0.66,0,0,0,0,4.62,0.00,4.74,4.35,VMS 3,,Tanque,,0.96,0.00,1.20,1.08,1.94,0.00,2.71,2.88
22/01/2024 04:43 a. m.,Ordeño,10:04,1.90,2,,,,"DI,TI,TD",0,,0.00,0.60,0.00,0.00,0,0,0,0,0.00,4.78,0.00,0.00,VMS 3,,Tanque,,0.00,0.90,0.00,0.00,0.00,1.90,0.00,0.00
22/01/2024 04:42 p. m.,Ordeño,07:55,12.24,3,,,,,0,,0.60,0.72,0.96,0.78,0,0,0,0,4.91,4.96,5.12,4.71,VMS 3,,Tanque,,0.84,1.14,1.26,1.20,2.39,2.61,3.68,3.56
23/01/2024 03:47 a. m.,Ordeño,11:48,8.26,1,,TD,TD,,0,TI,0.54,0.72,0.90,0.60,0,0,0,0,4.73,4.90,4.97,3.89,VMS 3,,Tanque,,0.78,0.96,1.74,1.08,2.15,2.33,3.56,0.22
23/01/2024 07:01 p. m.,Ordeño,09:26,14.98,2,,,,,0,,0.60,0.66,0.84,0.66,0,0,0,0,4.98,4.91,5.06,5.01,VMS 3,,Tanque,,0.84,0.96,1.14,1.02,2.96,3.34,4.39,4.29
24/01/2024 04:44 a. m.,Ordeño,08:25,9.35,1,,,,,0,,0.54,0.60,0.84,0.60,0,0,0,0,4.63,4.72,4.80,4.54,VMS 3,,Tanque,,0.84,0.96,1.38,0.90,1.87,1.98,3.08,2.42
24/01/2024 01:49 p. m.,Ordeño,08:00,9.16,2,,,,,0,,0.48,0.60,0.78,0.66,0,0,0,0,4.65,4.79,4.81,4.64,VMS 3,,Tanque,,0.78,0.96,1.08,0.96,1.82,2.00,2.87,2.47
25/01/2024 05:30 a. m.,Ordeño,08:36,14.78,1,,,,,0,,0.60,0.72,0.90,0.72,0,0,0,0,4.97,4.94,4.76,4.43,VMS 3,,Tanque,,0.84,1.02,1.38,1.14,2.97,3.28,4.30,4.23
25/01/2024 06:15 p. m.,Ordeño,09:15,11.72,2,,,,,0,,0.48,0.66,0.84,0.72,0,0,0,0,4.53,4.70,4.94,4.66,VMS 3,,Tanque,,0.78,1.02,1.14,1.08,2.10,2.59,3.61,3.42
26/01/2024 12:30 a. m.,Ordeño,10:14,2.54,1,,TI,"DD,TI,TD",DD,0,,0.48,0.00,0.66,0.48,0,0,0,0,4.26,0.00,4.48,4.30,VMS 3,,Tanque,,0.72,0.00,0.90,1.02,1.00,0.00,0.80,0.74
28/01/2024 01:59 a. m.,Ordeño,06:56,0.19,1,,TI,Todos,Todos,0,,0.00,0.00,0.60,0.00,0,0,0,0,0.00,0.00,4.09,0.00,VMS 2,,Tanque,,0.00,0.00,1.38,0.00,0.00,0.00,0.19,0.00
28/01/2024 04:18 a. m.,Ordeño,11:06,8.55,2,,"DD,TI","DD,TI",DD,0,DI,0.66,0.36,0.60,0.72,0,0,0,0,6.04,4.56,5.72,5.57,VMS 2,,Tanque,,1.08,0.72,1.02,1.20,3.60,0.13,0.50,4.32
02/02/2024 12:21 p. m.,Ordeño,12:27,7.90,1,,TI,,TD,0,DD,0.72,0.78,0.90,0.00,0,0,400,0,6.70,7.37,4.96,0.00,VMS 2,,Tanque,,1.14,1.20,1.86,0.00,3.76,3.75,0.39,0.00
03/02/2024 05:52 a. m.,Ordeño,10:17,4.10,1,,,"DI,DD,TD","DI,DD,TD",0,,0.00,0.00,1.02,0.00,0,0,0,0,0.00,0.00,5.95,0.00,VMS 2,,Tanque,,0.00,0.00,3.90,0.00,0.00,0.00,4.10,0.00
03/02/2024 08:47 p. m.,Ordeño,11:27,6.61,2,,TD,"TI,TD","TI,TD",0,,0.72,0.72,0.00,0.36,0,0,0,0,6.10,6.51,0.00,6.37,VMS 2,,Tanque,,1.02,1.08,0.00,0.78,3.55,2.99,0.00,0.07
03/02/2024 08:59 p. m.,Ordeño,12:05,2.56,3,,,"TI,TD","DI,DD",0,TD,0.36,0.00,0.66,0.66,0,0,0,489,2.28,0.00,5.77,8.78,VMS 2,,Tanque,,0.90,0.00,1.02,1.20,0.15,0.00,0.92,1.49
04/02/2024 11:52 a. m.,Ordeño,11:51,1.22,1,,"DD,TI,TD",Todos,"DI,DD",0,TD,0.00,0.42,0.84,0.66,0,0,0,0,0.00,2.95,4.49,6.23,VMS 2,,Tanque,,0.00,0.78,1.50,1.20,0.00,0.11,0.74,0.37
04/02/2024 12:06 p. m.,Ordeño,14:46,0.77,2,,,Todos,"DI,DD,TI",0,TD,0.00,0.00,0.00,0.72,0,0,0,0,0.00,0.00,0.00,7.17,VMS 2,,Tanque,,0.00,0.00,0.00,1.14,0.00,0.00,0.00,0.77
08/02/2024 10:20 a. m.,Ordeño,03:21,0.00,1,,,Todos,Todos,0,,0.00,0.00,0.00,0.00,0,0,0,0,0.00,0.00,0.00,0.00,VMS 1,,Tanque,,0.00,0.00,0.00,0.00,0.00,0.00,0.00,0.00
08/02/2024 04:38 p. m.,Ordeño,09:40,14.12,2,,,,,0,,0.66,0.72,0.96,0.72,0,0,0,0,6.38,6.39,5.92,0.00,VMS 1,,Tanque,,1.02,1.08,1.44,1.56,3.29,3.04,4.65,3.14
09/02/2024 12:15 a. m.,Ordeño,04:41,4.92,1,,,,,0,,0.54,0.54,0.84,0.60,0,0,0,0,4.84,4.81,5.19,0.00,VMS 1,,Tanque,,0.90,0.78,1.20,0.84,1.09,1.01,1.74,1.08
09/02/2024 12:08 p. m.,Ordeño,10:54,5.52,2,,"DD,TI","DD,TI",DD,0,DI,0.66,0.12,0.96,0.78,0,0,0,0,5.72,4.42,5.52,0.00,VMS 1,,Tanque,,1.08,0.42,1.68,1.08,2.26,0.07,1.00,2.19
10/02/2024 03:33 p. m.,Ordeño,10:15,10.06,2,,,,,0,,0.60,0.54,0.84,0.78,0,0,0,0,5.42,5.38,5.56,0.00,VMS 1,,Tanque,,0.90,0.90,1.20,1.14,1.91,1.48,2.67,4.00
11/02/2024 07:29 a. m.,Ordeño,07:35,12.72,1,,,,,0,,0.60,0.72,1.02,0.84,0,0,0,0,5.43,5.51,5.46,0.00,VMS 1,,Tanque,,0.90,1.20,1.50,1.26,2.92,2.86,4.15,2.79
11/02/2024 05:26 p. m.,Ordeño,09:35,8.66,2,,,,,0,,0.54,0.60,0.90,0.78,0,0,0,0,5.46,5.31,5.40,0.00,VMS 1,,Tanque,,0.90,1.08,1.26,1.20,1.83,1.80,2.86,2.17
13/02/2024 04:16 p. m.,Ordeño,09:15,9.21,2,,,,,0,,0.60,0.66,0.96,0.72,0,0,0,0,5.37,5.36,5.50,0.00,VMS 1,,Tanque,,0.90,1.02,1.50,1.08,1.94,1.90,3.10,2.27
14/02/2024 04:15 a. m.,Ordeño,10:01,10.82,1,,,,,0,,0.66,0.66,0.96,0.78,0,0,0,0,5.11,5.17,5.25,0.00,VMS 1,,Tanque,,1.14,1.02,1.32,1.14,2.37,2.26,3.61,2.58
14/02/2024 05:05 p. m.,Ordeño,11:11,11.82,2,,,,,0,,0.60,0.60,0.96,0.72,0,0,0,0,5.14,5.25,5.28,0.00,VMS 1,,Tanque,,1.14,0.96,1.32,1.14,2.56,2.38,3.93,2.95
15/02/2024 04:09 a. m.,Ordeño,08:01,10.50,1,,,,,0,,0.60,0.60,0.84,0.78,0,0,0,0,5.28,5.17,0.00,5.54,VMS 1,,Tanque,,0.90,0.96,1.38,1.20,2.24,2.26,3.38,2.62
15/02/2024 11:58 p. m.,Ordeño,09:56,15.38,1,,,,,0,,0.66,0.66,0.84,0.66,0,0,0,0,5.81,5.53,5.79,0.00,VMS 1,,Tanque,,1.02,1.02,1.26,1.20,3.32,3.27,4.95,3.84
17/02/2024 04:54 a. m.,Ordeño,07:45,4.79,1,,,,,0,,0.42,0.48,0.66,0.60,0,0,0,0,4.86,4.78,5.11,0.00,VMS 1,,Tanque,,1.02,0.84,1.02,0.96,1.04,0.92,1.60,1.23
17/02/2024 09:12 p. m.,Ordeño,14:46,14.58,2,,,,,0,,0.72,0.78,0.90,0.78,0,0,0,0,5.79,5.71,5.55,0.00,VMS 1,,Tanque,,1.08,1.26,1.50,1.26,3.28,3.23,4.57,3.50
19/02/2024 02:33 a. m.,Ordeño,07:48,7.60,1,,,,,0,,0.48,0.60,0.78,0.66,0,0,0,0,4.99,5.00,5.25,0.00,VMS 1,,Tanque,,0.90,1.02,1.20,1.32,1.56,1.51,2.57,1.96
20/02/2024 05:51 a. m.,Ordeño,16:59,12.70,1,,TD,TD,,0,,0.48,0.66,0.90,0.60,0,0,0,0,5.14,6.37,6.34,0.00,VMS 1,,Tanque,,1.08,1.08,1.32,0.90,3.35,3.51,5.35,0.49
20/02/2024 01:04 p. m.,Ordeño,07:51,4.13,2,,,"DI,DD,TD","DI,TD",0,,0.00,0.42,0.84,0.00,0,0,0,0,0.00,4.82,6.47,0.00,VMS 1,,Tanque,,0.00,0.72,1.38,0.00,0.00,0.51,3.62,0.00
21/02/2024 08:41 p. m.,Ordeño,07:54,4.58,2,,DD,TD,TD,0,,0.60,0.54,0.84,0.00,0,0,0,0,5.16,0.00,5.40,0.00,VMS 1,,Tanque,,0.96,0.84,1.20,0.00,1.30,1.26,2.02,0.00
22/02/2024 01:05 p. m.,Ordeño,08:37,13.45,1,,,,,0,,0.66,0.72,0.96,0.90,0,0,0,0,5.80,5.70,5.88,0.00,VMS 1,,Tanque,,1.02,1.08,1.32,1.32,2.68,2.71,3.89,4.17
25/02/2024 07:36 a. m.,Ordeño,07:51,9.49,1,,,,,0,,0.60,0.66,0.96,0.78,0,0,0,0,5.04,4.81,5.10,0.00,VMS 1,,Tanque,,0.96,0.96,1.32,1.14,2.01,1.92,2.89,2.67
25/02/2024 04:31 p. m.,Ordeño,07:44,5.71,2,,,DI,DI,0,,0.00,0.66,0.90,0.66,0,0,0,0,0.00,5.62,5.68,0.00,VMS 1,,Tanque,,0.00,1.02,1.38,1.02,0.00,1.70,2.53,1.48
27/02/2024 04:15 a. m.,Ordeño,12:20,6.97,1,,,TD,TD,0,,0.60,0.66,0.90,0.00,0,0,0,0,5.67,5.51,5.49,0.00,VMS 1,,Tanque,,0.96,1.08,1.32,0.00,1.89,1.96,3.12,0.00
27/02/2024 07:21 p. m.,Ordeño,09:44,9.16,2,,TD,TD,,0,,0.66,0.72,0.96,0.72,0,0,0,0,5.96,5.83,5.73,0.00,VMS 1,,Tanque,,1.08,1.14,1.38,1.32,2.49,2.67,3.71,0.29
28/02/2024 12:03 p. m.,Ordeño,10:13,14.58,1,,,,,0,,0.66,0.66,1.02,0.72,0,0,0,0,5.67,5.39,5.68,0.00,VMS 1,,Tanque,,1.02,1.02,1.38,1.56,3.15,3.20,4.71,3.52
29/02/2024 07:43 p. m.,Ordeño,08:56,11.30,2,,,,,0,,0.60,0.72,1.02,0.78,0,0,0,0,5.67,5.50,5.51,0.00,VMS 1,,Tanque,,0.96,1.08,1.50,1.14,2.60,2.55,3.87,2.28
02/03/2024 03:52 p. m.,Ordeño,07:30,9.77,2,,,,,0,,0.60,0.66,0.96,0.72,0,0,0,0,5.53,5.24,5.40,0.00,VMS 1,,Tanque,,0.96,0.96,1.32,1.14,2.18,2.16,3.31,2.12
04/03/2024 05:21 a. m.,Ordeño,08:50,13.48,1,,,,,0,,0.66,0.66,0.96,0.84,0,0,0,0,5.50,5.31,5.40,0.00,VMS 1,,Tanque,,1.02,1.02,1.32,1.38,2.67,2.63,4.14,4.04
04/03/2024 09:19 p. m.,Ordeño,12:20,6.79,2,,,TI,TI,0,,0.60,0.66,0.00,0.60,0,0,0,0,5.36,5.15,0.00,0.00,VMS 1,,Tanque,,0.96,1.08,0.00,0.96,2.46,2.52,0.00,1.81
06/03/2024 02:47 a. m.,Ordeño,09:24,17.24,1,,,,,0,,0.66,0.78,0.96,0.84,0,0,0,0,6.49,6.30,6.30,0.00,VMS 1,,Tanque,,1.20,1.14,1.44,1.26,3.90,4.24,4.70,4.40
07/03/2024 12:55 a. m.,Ordeño,07:18,3.49,1,,,TI,,0,,0.48,0.54,0.78,0.60,0,0,0,0,4.76,4.64,4.91,5.19,VMS 3,,Tanque,,0.72,0.78,1.20,0.90,0.85,0.83,0.95,0.86
07/03/2024 02:05 p. m.,Ordeño,09:13,10.92,2,,,,,0,,0.66,0.84,1.02,0.84,0,0,0,0,5.50,5.36,5.61,5.90,VMS 3,,Tanque,,1.02,1.26,1.56,1.14,2.75,2.81,3.09,2.27
08/03/2024 11:59 p. m.,Ordeño,08:44,6.40,1,,,,,0,,0.54,0.72,1.02,0.66,0,0,0,0,5.48,5.27,5.46,5.55,VMS 3,,Tanque,,0.84,1.08,1.38,0.96,1.52,1.54,1.99,1.35
09/03/2024 10:41 a. m.,Ordeño,07:18,6.69,2,,,DI,DI,0,,0.00,0.72,1.02,0.78,0,0,0,0,0.00,5.21,5.52,5.76,VMS 3,,Tanque,,0.00,1.02,1.32,1.14,0.00,2.14,2.58,1.97
10/03/2024 04:24 p. m.,Ordeño,06:24,3.93,2,,,,,0,,0.60,0.60,0.66,0.78,0,0,0,0,4.79,4.61,4.86,4.97,VMS 3,,Tanque,,0.90,1.02,1.02,1.14,0.92,0.94,0.81,1.26
11/03/2024 10:38 a. m.,Ordeño,08:08,14.75,1,,,,,0,,0.78,0.78,1.08,0.78,0,0,0,0,5.61,5.15,5.52,5.49,VMS 3,,Tanque,,1.26,1.14,1.56,1.08,3.74,3.56,4.14,3.31
13/03/2024 03:51 p. m.,Ordeño,08:48,10.60,2,,,,,0,,0.66,0.72,0.96,0.72,0,0,0,0,5.33,5.01,5.16,5.27,VMS 3,,Tanque,,1.02,1.02,1.32,1.08,2.63,2.46,3.24,2.27
14/03/2024 02:34 a. m.,Ordeño,08:09,8.58,1,,,,,0,,0.66,0.72,0.96,0.72,0,0,0,0,4.85,4.73,4.82,5.16,VMS 3,,Tanque,,0.96,1.02,1.44,1.02,2.01,1.99,2.59,1.99
15/03/2024 03:23 a. m.,Ordeño,07:29,4.41,1,,,,,0,,0.54,0.60,0.72,0.54,0,0,0,0,4.76,4.53,4.95,4.85,VMS 3,,Tanque,,0.84,0.90,1.02,0.90,1.10,1.03,1.28,1.00
15/03/2024 10:03 a. m.,Ordeño,06:15,6.31,2,,,,,0,,0.66,0.78,1.02,0.72,0,0,0,0,5.11,4.81,4.98,5.27,VMS 3,,Tanque,,1.02,1.26,1.56,1.20,1.50,1.55,1.82,1.44
15/03/2024 05:35 p. m.,Ordeño,06:35,7.36,3,,,,,0,,0.66,0.72,0.96,0.72,0,0,0,0,5.37,5.18,5.34,5.28,VMS 3,,Tanque,,0.96,1.08,1.38,1.02,1.75,1.83,2.14,1.64
16/03/2024 01:16 a. m.,Ordeño,07:01,7.73,1,,,,,0,,0.60,0.78,0.96,0.66,0,0,0,0,4.96,4.91,5.28,5.08,VMS 3,,Tanque,,0.96,1.26,1.32,1.14,1.87,1.96,2.23,1.67
16/03/2024 01:12 p. m.,Ordeño,06:58,12.16,2,,,,,0,,0.78,0.90,1.14,0.84,0,0,0,0,5.69,5.43,5.58,5.74,VMS 3,,Tanque,,1.20,1.32,1.50,1.14,2.85,2.95,3.67,2.69
17/03/2024 02:36 a. m.,Ordeño,07:07,12.59,1,,,,,0,,0.78,0.78,1.02,0.78,0,0,0,0,5.32,5.05,5.25,5.23,VMS 3,,Tanque,,1.20,1.20,1.38,1.08,2.93,2.92,3.92,2.82
17/03/2024 03:09 p. m.,Ordeño,08:32,12.84,2,,,,,0,,0.66,0.78,1.08,0.84,0,0,0,0,5.22,5.05,5.24,5.26,VMS 3,,Tanque,,1.08,1.14,1.44,1.26,2.99,2.99,3.95,2.91
18/03/2024 05:29 p. m.,Ordeño,06:27,3.49,2,,,TD,TD,0,,0.54,0.60,0.84,0.00,0,0,0,0,4.86,4.79,4.87,0.00,VMS 3,,Tanque,,0.84,0.90,1.26,0.00,0.99,1.14,1.36,0.00
19/03/2024 07:27 a. m.,Ordeño,07:36,9.12,1,,,,,0,,0.78,0.72,1.02,0.78,0,0,0,0,5.21,4.76,5.03,5.31,VMS 3,,Tanque,,1.44,1.32,1.38,1.32,2.23,2.33,2.84,1.72
19/03/2024 01:45 p. m.,Ordeño,06:23,5.73,2,,,,,0,,0.60,0.72,0.90,0.66,0,0,0,0,4.78,4.69,4.91,5.05,VMS 3,,Tanque,,1.02,1.14,1.20,1.02,1.37,1.46,1.76,1.14
19/03/2024 11:00 p. m.,Ordeño,06:49,9.48,3,,,,,0,,0.72,0.78,0.96,0.72,0,0,0,0,5.22,4.97,5.27,5.11,VMS 3,,Tanque,,1.08,1.32,1.32,1.02,2.19,2.37,3.01,1.91
20/03/2024 06:59 a. m.,Ordeño,06:32,7.93,1,,,,,0,,0.66,0.66,1.02,0.72,0,0,0,0,5.31,5.08,5.44,5.21,VMS 3,,Tanque,,0.96,1.02,1.38,1.20,1.85,2.01,2.41,1.66
20/03/2024 02:31 p. m.,Ordeño,05:50,7.20,2,,,,,0,,0.66,0.66,0.96,0.72,0,0,0,0,4.96,4.81,5.15,5.04,VMS 3,,Tanque,,1.02,1.02,1.38,1.14,1.70,1.76,2.14,1.60
20/03/2024 10:29 p. m.,Ordeño,10:47,6.37,3,,,TI,TI,0,,0.60,0.72,0.00,0.90,0,0,0,0,4.99,4.93,0.00,5.00,VMS 3,,Tanque,,0.84,1.20,0.00,1.26,1.86,2.06,0.00,2.45
21/03/2024 09:44 a. m.,Ordeño,06:55,12.70,1,,,,,0,,0.72,0.84,0.96,0.78,0,0,0,0,5.16,5.14,5.43,5.44,VMS 3,,Tanque,,1.08,1.26,1.44,1.14,2.94,2.87,3.86,3.03
21/03/2024 05:37 p. m.,Ordeño,07:02,7.96,2,,,,,0,,0.66,0.72,0.90,0.72,0,0,0,0,5.20,5.07,5.39,5.31,VMS 3,,Tanque,,0.96,1.02,1.26,1.02,1.89,1.87,2.47,1.73
22/03/2024 02:25 a. m.,Ordeño,08:21,9.27,1,,,,,0,,0.60,0.72,0.96,0.72,0,0,0,0,5.15,4.96,5.29,5.10,VMS 3,,Tanque,,1.02,1.02,1.26,1.62,2.12,2.19,2.96,2.00
22/03/2024 11:46 a. m.,Ordeño,06:59,9.46,2,,,,,0,,0.66,0.78,0.96,0.78,0,0,0,0,5.02,5.03,5.18,5.15,VMS 3,,Tanque,,1.14,1.26,1.38,1.20,2.27,2.31,2.94,1.94
22/03/2024 09:50 p. m.,Ordeño,07:17,10.76,3,,,,,0,,0.66,0.72,0.96,0.78,0,0,0,0,5.13,4.94,5.34,5.16,VMS 3,,Tanque,,0.96,1.14,1.32,1.14,2.46,2.63,3.33,2.34
23/03/2024 07:05 a. m.,Ordeño,06:46,9.44,1,,,,,0,,0.66,0.72,0.96,0.78,0,0,0,0,5.13,4.83,5.17,5.17,VMS 3,,Tanque,,1.02,1.08,1.38,1.08,2.17,2.26,2.99,2.02
23/03/2024 02:41 p. m.,Ordeño,06:36,7.68,2,,,,,0,,0.66,0.66,0.96,0.78,0,0,0,0,4.89,4.71,5.06,5.04,VMS 3,,Tanque,,0.96,1.02,1.32,1.02,1.79,1.84,2.29,1.76
24/03/2024 12:06 a. m.,Ordeño,07:05,9.55,1,,,,,0,,0.66,0.72,1.02,0.78,0,0,0,0,5.14,4.84,5.39,5.20,VMS 3,,Tanque,,1.02,1.08,1.32,1.14,2.19,2.40,2.87,2.09
24/03/2024 09:51 a. m.,Ordeño,07:47,7.61,2,,,DD,DD,0,,0.60,0.00,1.02,0.78,0,0,0,0,4.76,0.00,4.98,5.00,VMS 3,,Tanque,,0.96,0.00,1.38,1.14,2.27,0.00,3.09,2.25
24/03/2024 10:08 p. m.,Ordeño,08:56,13.37,3,,,,,0,,0.60,0.78,0.96,0.72,0,0,0,0,4.95,5.36,5.06,4.99,VMS 3,,Tanque,,0.96,1.14,1.32,1.08,2.78,4.15,3.74,2.70
25/03/2024 11:21 p. m.,Ordeño,07:51,11.22,2,,,,,0,,0.72,0.72,0.96,0.78,0,0,0,0,4.99,4.83,4.77,4.98,VMS 3,,Tanque,,1.02,1.32,1.20,1.20,2.66,2.73,3.18,2.65
26/03/2024 08:19 a. m.,Ordeño,06:43,8.30,1,,,,,0,,0.60,0.72,0.96,0.78,0,0,0,0,4.44,4.64,4.58,4.84,VMS 3,,Tanque,,0.90,1.14,1.32,1.14,1.93,1.98,2.46,1.93
26/03/2024 03:42 p. m.,Ordeño,06:22,7.43,2,,,,,0,,0.60,0.66,0.96,0.72,0,0,0,0,4.79,4.93,4.82,4.96,VMS 3,,Tanque,,0.90,1.08,1.32,1.02,1.79,1.81,2.21,1.62
27/03/2024 05:33 a. m.,Ordeño,08:18,14.41,1,,,,,0,,0.66,0.84,0.96,0.78,0,0,0,0,5.09,5.05,4.88,5.08,VMS 3,,Tanque,,1.02,1.38,1.38,1.08,3.31,3.42,4.40,3.28
27/03/2024 07:25 p. m.,Ordeño,09:02,12.11,2,,,,,0,,0.72,0.72,1.02,0.78,0,0,0,0,4.80,4.76,4.73,5.01,VMS 3,,Tanque,,1.02,1.14,1.38,1.20,2.78,2.96,3.63,2.74
28/03/2024 12:45 p. m.,Ordeño,08:32,15.46,1,,,,,0,,0.66,0.90,1.02,0.72,0,0,0,0,5.12,5.20,4.97,5.15,VMS 3,,Tanque,,1.02,1.38,1.38,1.20,3.19,3.68,4.93,3.66
28/03/2024 07:50 p. m.,Ordeño,06:47,6.23,2,,,,,0,,0.60,0.66,0.78,0.60,0,0,0,0,4.67,4.56,4.72,4.82,VMS 3,,Tanque,,0.96,1.08,1.20,0.84,1.41,1.53,1.88,1.41
29/03/2024 07:10 a. m.,Ordeño,08:46,12.11,1,,,,,0,,0.72,0.84,1.08,0.84,0,0,0,0,4.81,4.86,4.77,4.85,VMS 3,,Tanque,,1.26,1.20,1.50,1.14,2.73,3.06,3.57,2.75
29/03/2024 04:44 p. m.,Ordeño,07:11,9.43,2,,,,,0,,0.66,0.78,1.08,0.72,0,0,0,0,4.81,4.82,4.78,4.89,VMS 3,,Tanque,,0.96,1.08,1.56,1.14,2.09,2.35,2.91,2.08
30/03/2024 03:59 a. m.,Ordeño,07:26,8.70,1,,,DI,DI,0,,0.00,0.78,0.96,0.78,0,0,0,0,0.00,4.73,4.60,4.62,VMS 3,,Tanque,,0.00,1.14,1.32,1.14,0.00,2.75,3.35,2.60
31/03/2024 07:02 a. m.,Ordeño,09:02,5.78,1,,,,,0,,0.54,0.48,0.66,0.48,0,0,0,0,4.77,4.50,4.64,4.72,VMS 3,,Tanque,,0.78,0.84,1.14,0.78,1.11,1.39,1.80,1.48
01/04/2024 12:08 a. m.,Ordeño,10:12,16.13,1,,,,,0,,0.66,0.78,0.96,0.78,0,0,0,0,5.42,5.17,5.28,5.16,VMS 3,,Tanque,,1.02,1.14,1.38,1.14,3.53,3.96,5.08,3.56
01/04/2024 11:11 a. m.,Ordeño,07:30,8.87,2,,,,,0,,0.60,0.66,0.84,0.72,0,0,0,0,4.84,4.62,4.61,4.88,VMS 3,,Tanque,,0.84,1.02,1.20,0.96,2.08,2.01,2.72,2.06
01/04/2024 11:29 p. m.,Ordeño,07:45,12.60,3,,,,,0,,0.66,0.96,1.08,0.84,0,0,0,0,5.09,4.86,4.94,5.20,VMS 3,,Tanque,,1.08,1.50,1.50,1.26,2.84,3.26,3.84,2.66
02/04/2024 07:11 a. m.,Ordeño,06:56,8.37,1,,,,,0,,0.66,0.78,1.08,0.84,0,0,0,0,5.20,4.85,5.14,5.04,VMS 3,,Tanque,,1.02,1.32,1.44,1.14,1.84,2.02,2.58,1.93
03/04/2024 01:42 a. m.,Ordeño,07:58,15.93,1,,,,,0,,0.90,1.08,1.20,0.90,0,0,0,0,5.80,5.23,5.32,5.37,VMS 3,,Tanque,,1.32,1.62,1.56,1.26,3.60,4.34,4.09,3.90
03/04/2024 12:25 p. m.,Ordeño,07:02,8.98,2,,,,,0,,0.72,0.78,1.08,0.72,0,0,0,0,5.04,4.91,4.91,4.77,VMS 3,,Tanque,,1.08,1.26,1.50,1.08,2.15,2.37,2.70,1.76
03/04/2024 06:18 p. m.,Ordeño,05:08,5.04,3,,,,,0,,0.60,0.66,1.02,0.84,0,0,0,0,4.60,4.58,4.76,4.82,VMS 3,,Tanque,,1.02,1.14,1.38,1.14,1.14,1.19,1.45,1.26
04/04/2024 12:55 a. m.,Ordeño,08:33,4.16,1,,"DI,TD","DI,TD","DI,TD",0,TI,0.48,0.78,1.08,0.60,0,0,0,0,3.82,4.70,4.87,4.49,VMS 3,,Tanque,,0.96,1.20,1.44,1.08,0.09,1.90,2.09,0.08
04/04/2024 03:02 a. m.,Ordeño,07:36,5.25,2,,TD,,,0,"DI,TD",0.72,0.60,0.78,0.96,0,0,0,0,5.17,3.75,4.67,5.03,VMS 3,,Tanque,,1.32,0.96,1.14,1.68,2.05,0.48,0.68,2.04
04/04/2024 11:18 a. m.,Ordeño,06:31,9.18,3,,,,,0,,0.72,1.02,1.20,0.84,0,0,0,0,5.43,5.14,5.29,5.45,VMS 3,,Tanque,,1.08,1.62,1.56,1.20,2.16,2.24,2.87,1.91
04/04/2024 04:09 p. m.,Ordeño,06:43,5.09,4,,,,,0,,0.60,0.78,0.90,0.72,0,0,0,0,5.31,4.95,5.14,5.04,VMS 3,,Tanque,,0.90,1.38,1.38,1.08,1.15,1.33,1.54,1.07
05/04/2024 07:53 a. m.,Ordeño,07:38,15.60,1,,,,,0,,0.84,1.02,1.20,0.96,0,0,0,0,5.76,5.28,5.49,5.65,VMS 3,,Tanque,,1.26,1.56,1.50,1.32,3.64,4.30,4.05,3.61
05/04/2024 04:39 p. m.,Ordeño,07:18,8.93,2,,,,,0,,0.72,0.84,1.08,0.84,0,0,0,0,5.10,4.83,4.94,4.97,VMS 3,,Tanque,,1.08,1.38,1.44,1.20,2.04,2.26,2.67,1.96
06/04/2024 02:31 a. m.,Ordeño,07:42,10.40,1,,,,,0,,0.72,0.84,1.14,0.90,0,0,0,0,4.85,4.81,4.73,4.71,VMS 3,,Tanque,,1.14,1.44,1.68,1.26,2.40,2.58,2.90,2.52
06/04/2024 08:29 a. m.,Ordeño,06:19,5.96,2,,,,,0,,0.72,0.90,1.02,0.84,0,0,0,0,4.72,4.68,4.72,4.58,VMS 3,,Tanque,,1.08,1.26,1.38,1.32,1.35,1.56,1.82,1.23
07/04/2024 12:26 a. m.,Ordeño,08:18,16.18,1,,,,,0,,0.78,0.90,1.14,0.84,0,0,0,0,5.19,4.90,4.98,5.10,VMS 3,,Tanque,,1.20,1.38,1.56,1.26,3.72,4.02,4.73,3.71
07/04/2024 10:55 a. m.,Ordeño,06:22,9.24,2,,,,,0,,0.72,0.96,1.08,0.96,0,0,0,0,4.80,4.80,4.81,4.89,VMS 3,,Tanque,,0.96,1.50,1.50,1.26,2.21,2.31,2.78,1.94
07/04/2024 11:43 p. m.,Ordeño,07:01,13.97,3,,,,,0,,0.84,0.96,1.08,0.90,0,0,0,0,4.84,4.80,4.76,4.90,VMS 3,,Tanque,,1.26,1.50,1.50,1.20,3.22,3.50,4.14,3.11
08/04/2024 10:30 a. m.,Ordeño,07:17,11.61,1,,,,,0,,0.72,0.90,1.08,0.96,0,0,0,0,5.13,4.92,5.01,5.18,VMS 3,,Tanque,,1.14,1.50,1.50,1.26,2.66,2.83,3.47,2.65
08/04/2024 10:23 p. m.,Ordeño,06:12,11.96,2,,,,,0,,0.84,0.90,1.20,0.90,0,0,0,0,4.99,4.79,5.02,4.90,VMS 3,,Tanque,,1.26,1.32,1.56,1.32,2.70,3.06,3.55,2.65
09/04/2024 05:19 a. m.,Ordeño,06:00,7.55,1,,,,,0,,0.66,0.84,0.96,0.84,0,0,0,0,4.80,4.86,4.67,4.69,VMS 3,,Tanque,,1.02,1.26,1.62,1.14,1.74,1.89,2.26,1.66
09/04/2024 08:53 p. m.,Ordeño,08:49,16.43,2,,,,,0,,0.78,0.96,1.20,0.96,0,0,0,0,5.23,5.17,5.08,5.28,VMS 3,,Tanque,,1.32,1.50,1.62,1.26,3.71,4.03,4.95,3.74
10/04/2024 10:27 a. m.,Ordeño,07:21,12.72,1,,,,,0,,0.72,0.90,1.14,0.84,0,0,0,0,5.04,4.80,4.71,4.68,VMS 3,,Tanque,,1.02,1.26,1.50,1.32,2.98,3.18,3.90,2.66
10/04/2024 05:28 p. m.,Ordeño,06:00,7.12,2,,,,,0,,0.60,0.84,1.02,0.84,0,0,0,0,4.55,4.75,4.59,4.74,VMS 3,,Tanque,,0.96,1.32,1.38,1.20,1.61,1.77,2.01,1.73
11/04/2024 02:13 a. m.,Ordeño,06:08,9.25,1,,,,,0,,0.66,0.90,1.08,0.78,0,0,0,0,4.72,4.73,4.73,4.79,VMS 3,,Tanque,,1.02,1.38,1.56,1.14,2.23,2.38,2.67,1.97
11/04/2024 01:33 p. m.,Ordeño,06:08,12.65,2,,,,,0,,0.78,0.84,1.14,0.96,0,0,0,0,5.17,4.79,5.03,5.05,VMS 3,,Tanque,,1.14,1.50,1.56,1.32,2.69,3.43,3.82,2.71
11/04/2024 08:15 p. m.,Ordeño,06:17,4.47,3,,,TI,TI,0,,0.66,0.78,0.00,0.84,0,0,0,0,4.68,4.58,0.00,4.59,VMS 3,,Tanque,,0.96,1.14,0.00,1.20,1.46,1.56,0.00,1.45
11/04/2024 09:35 p. m.,Ordeño,12:00,1.19,4,,"DI,TI",TI,DD,0,TI,0.30,0.24,0.78,0.24,0,0,0,0,3.42,2.68,5.03,3.89,VMS 3,,Tanque,,0.72,0.66,1.74,0.72,0.21,0.19,0.54,0.25
12/04/2024 02:54 a. m.,Ordeño,05:59,7.14,1,,,,,0,,0.60,0.84,1.08,0.78,0,0,0,0,4.29,4.36,4.89,4.48,VMS 3,,Tanque,,0.90,1.26,1.38,1.08,1.21,1.29,3.41,1.23
12/04/2024 09:20 p. m.,Ordeño,08:27,16.60,2,,,,,0,,0.72,0.96,1.14,0.90,0,0,0,0,5.53,5.33,5.11,5.61,VMS 3,,Tanque,,1.14,1.44,1.50,1.20,3.83,4.17,4.60,4.00
13/04/2024 07:33 a. m.,Ordeño,06:33,8.47,1,,,,,0,,0.72,0.84,1.02,0.72,0,0,0,0,4.84,4.71,4.75,4.53,VMS 3,,Tanque,,1.08,1.26,1.44,1.14,2.07,2.10,2.59,1.71
13/04/2024 04:15 p. m.,Ordeño,06:20,8.22,2,,,,,0,,0.66,0.78,1.08,0.90,0,0,0,0,4.84,4.83,4.78,4.98,VMS 3,,Tanque,,1.02,1.14,1.44,1.38,1.85,2.11,2.25,2.01
13/04/2024 10:46 p. m.,Ordeño,05:10,6.54,3,,,,,0,,0.60,0.72,1.02,0.84,0,0,0,0,4.79,4.68,4.78,4.77,VMS 3,,Tanque,,0.96,1.08,1.38,1.14,1.49,1.64,1.93,1.48
14/04/2024 04:12 p. m.,Ordeño,07:32,16.61,1,,,,,0,,0.84,1.02,1.20,0.90,0,0,0,0,5.78,5.29,5.36,5.68,VMS 3,,Tanque,,1.20,1.38,1.50,1.32,3.78,4.45,4.29,4.09
15/04/2024 02:53 a. m.,Ordeño,06:47,9.62,1,,,,,0,,0.66,0.84,1.02,0.78,0,0,0,0,4.97,4.85,4.80,4.88,VMS 3,,Tanque,,0.96,1.26,1.44,1.20,2.19,2.39,2.91,2.13
15/04/2024 02:32 p. m.,Ordeño,06:22,12.26,2,,,,,0,,0.78,0.90,1.20,0.90,0,0,0,0,5.05,5.04,4.93,5.21,VMS 3,,Tanque,,1.26,1.38,1.62,1.26,2.75,2.97,3.75,2.79
15/04/2024 10:02 p. m.,Ordeño,05:35,7.30,3,,,,,0,,0.66,0.78,1.02,0.78,0,0,0,0,4.86,4.80,4.76,4.80,VMS 3,,Tanque,,1.02,1.20,1.38,1.14,1.65,1.77,2.19,1.69
16/04/2024 06:00 a. m.,Ordeño,05:49,8.59,1,,,,,0,,0.72,0.90,1.08,0.84,0,0,0,0,5.06,4.86,4.92,4.93,VMS 3,,Tanque,,1.20,1.44,1.44,1.14,1.93,2.14,2.61,1.91
16/04/2024 05:52 p. m.,Ordeño,07:31,13.19,2,,,,,0,,0.72,0.90,1.14,0.90,0,0,0,0,5.09,4.99,4.94,5.08,VMS 3,,Tanque,,1.14,1.32,1.50,1.26,2.99,3.14,4.05,3.01
17/04/2024 01:27 a. m.,Ordeño,05:44,7.82,1,,,,,0,,0.78,0.78,1.14,0.96,0,0,0,0,4.78,4.64,4.70,4.64,VMS 3,,Tanque,,1.08,1.20,1.56,1.26,1.72,1.96,2.31,1.83
17/04/2024 08:53 a. m.,Ordeño,06:29,8.12,2,,,,,0,,0.66,0.90,1.02,0.84,0,0,0,0,4.80,4.82,4.73,4.95,VMS 3,,Tanque,,1.08,1.32,1.44,1.20,1.87,1.92,2.40,1.93
17/04/2024 11:33 p. m.,Ordeño,07:00,14.89,3,,,,,0,,0.72,0.84,1.20,0.90,0,0,0,0,5.40,5.23,5.09,5.25,VMS 3,,Tanque,,1.02,1.20,1.56,1.26,3.29,3.69,4.60,3.31
18/04/2024 01:58 p. m.,Ordeño,06:50,12.14,1,,,,,0,,0.78,0.90,1.20,0.84,0,0,0,0,5.14,5.01,5.05,5.23,VMS 3,,Tanque,,1.08,1.26,1.56,1.26,2.79,2.93,3.69,2.73
18/04/2024 11:32 p. m.,Ordeño,06:27,8.27,2,,,,,0,,0.72,0.78,1.08,0.90,0,0,0,0,4.54,4.63,4.50,4.56,VMS 3,,Tanque,,1.02,1.08,1.44,1.26,1.88,2.07,2.41,1.91
19/04/2024 09:23 a. m.,Ordeño,06:57,10.53,1,,,,,0,,0.84,0.90,1.20,0.90,0,0,0,0,4.92,5.02,5.06,4.96,VMS 3,,Tanque,,1.32,1.20,1.68,1.38,2.45,2.50,3.29,2.29
20/04/2024 08:55 p. m.,Ordeño,07:12,13.55,2,,,,,0,,0.78,1.02,1.14,0.96,0,0,0,0,5.16,5.19,5.17,5.31,VMS 3,,Tanque,,1.08,1.32,1.56,1.26,3.00,3.29,4.27,2.99
21/04/2024 10:35 a. m.,Ordeño,07:02,13.28,1,,,,,0,,0.84,0.96,1.20,0.96,0,0,0,0,5.00,4.85,4.93,4.92,VMS 3,,Tanque,,1.20,1.44,1.62,1.44,3.01,3.30,4.03,2.94
22/04/2024 05:48 a. m.,Ordeño,07:00,16.22,1,,,,,0,,0.96,1.02,1.26,1.02,0,0,0,0,5.55,5.24,5.33,5.58,VMS 3,,Tanque,,1.38,1.44,1.68,1.38,3.71,4.07,4.58,3.86
23/04/2024 06:57 a. m.,Ordeño,06:04,10.24,1,,,,,0,,0.84,0.96,1.26,0.96,0,0,0,0,4.94,4.84,4.79,5.00,VMS 3,,Tanque,,1.20,1.44,1.62,1.26,2.30,2.59,3.02,2.33
23/04/2024 02:30 p. m.,Ordeño,05:10,7.41,2,,,,,0,,0.72,0.84,1.08,0.84,0,0,0,0,4.71,4.69,4.83,4.93,VMS 3,,Tanque,,1.08,1.26,1.56,1.20,1.75,1.79,2.21,1.66
24/04/2024 02:17 a. m.,Ordeño,06:07,12.31,1,,,,,0,,0.96,0.90,1.32,0.90,0,0,0,0,5.37,5.05,5.33,5.35,VMS 3,,Tanque,,1.38,1.32,1.68,1.20,2.66,3.21,3.63,2.81
24/04/2024 02:48 p. m.,Ordeño,06:34,13.71,2,,,,,0,,0.84,0.96,1.14,0.96,0,0,0,0,5.37,4.89,5.28,5.43,VMS 3,,Tanque,,1.62,1.86,1.50,1.32,2.93,3.75,3.90,3.13
25/04/2024 12:57 a. m.,Ordeño,05:48,9.74,1,,,,,0,,0.90,0.90,1.20,0.90,0,0,0,0,5.10,4.89,5.03,5.01,VMS 3,,Tanque,,1.38,1.32,1.56,1.20,2.24,2.36,2.99,2.15
25/04/2024 10:17 a. m.,Ordeño,05:16,9.26,2,,,,,0,,0.90,0.96,1.14,0.90,0,0,0,0,4.91,4.82,4.88,4.96,VMS 3,,Tanque,,1.32,1.32,1.62,1.26,2.07,2.43,2.73,2.03
26/04/2024 01:03 a. m.,Ordeño,08:35,11.23,1,,,DD,DD,0,,0.90,0.00,1.38,0.84,0,0,0,0,5.26,0.00,5.05,5.15,VMS 3,,Tanque,,1.26,0.00,1.86,1.20,3.24,0.00,4.35,3.64
26/04/2024 08:29 a. m.,Ordeño,07:13,9.44,2,,,,,0,,0.72,1.02,1.02,0.78,0,0,0,0,4.85,5.37,4.90,4.92,VMS 3,,Tanque,,1.02,1.68,1.44,1.14,1.66,4.17,2.01,1.60
26/04/2024 07:15 p. m.,Ordeño,06:03,10.29,3,,,,,0,,0.78,0.84,1.14,0.90,0,0,0,0,4.92,4.83,4.94,4.94,VMS 3,,Tanque,,1.14,1.26,1.50,1.26,2.46,2.25,3.19,2.39
27/04/2024 04:26 a. m.,Ordeño,06:00,9.45,1,,,,,0,,0.72,0.84,1.14,0.84,0,0,0,0,4.73,4.62,4.73,4.75,VMS 3,,Tanque,,1.26,1.44,1.56,1.14,2.23,2.39,2.76,2.07
27/04/2024 07:05 p. m.,Ordeño,08:44,14.84,2,,,,,0,,0.78,0.96,1.14,0.66,0,0,0,0,5.40,5.18,5.29,5.38,VMS 3,,Tanque,,1.14,1.38,1.44,1.14,3.36,3.89,4.18,3.41
28/04/2024 07:40 a. m.,Ordeño,06:29,9.90,1,,,DI,DI,0,,0.00,1.08,1.20,0.96,0,0,0,0,0.00,4.83,4.89,5.15,VMS 3,,Tanque,,0.00,1.44,1.50,1.44,0.00,3.07,3.95,2.88
28/04/2024 11:38 a. m.,Ordeño,04:21,3.09,2,,,DI,DI,0,,0.00,0.72,0.90,0.66,0,0,0,0,0.00,4.51,4.62,4.35,VMS 3,,Tanque,,0.00,1.14,1.38,1.02,0.00,0.95,1.25,0.89
28/04/2024 09:19 p. m.,Ordeño,07:50,12.49,3,,,,,0,DI,0.90,0.90,1.08,0.84,0,0,0,0,5.95,4.97,4.83,5.09,VMS 3,,Tanque,,1.20,1.32,1.56,1.08,4.05,2.67,3.33,2.44
29/04/2024 05:58 a. m.,Ordeño,05:24,8.57,1,,,,,0,,0.60,0.90,1.02,0.78,0,0,0,0,4.76,4.78,4.79,4.98,VMS 3,,Tanque,,0.96,1.38,1.44,1.14,1.61,2.23,2.70,2.03
29/04/2024 03:36 p. m.,Ordeño,06:08,10.32,2,,,,,0,,0.72,0.84,1.20,0.90,0,0,0,0,4.97,4.79,4.92,5.02,VMS 3,,Tanque,,1.02,1.32,1.56,1.20,2.12,2.60,3.24,2.36
30/04/2024 12:40 a. m.,Ordeño,06:06,9.48,1,,,,,0,,0.78,0.90,1.14,0.90,0,0,0,0,5.02,4.91,4.71,4.93,VMS 3,,Tanque,,1.14,1.26,1.62,1.20,2.10,2.31,2.92,2.15
30/04/2024 10:01 a. m.,Ordeño,05:51,10.38,2,,,,,0,,0.78,0.90,1.14,0.90,0,0,0,0,5.15,4.99,4.94,5.15,VMS 3,,Tanque,,1.20,1.26,1.50,1.20,2.32,2.60,3.17,2.29
30/04/2024 08:36 p. m.,Ordeño,07:16,11.81,3,,,,,0,,0.78,0.90,1.20,0.90,0,0,0,0,5.22,5.01,4.97,5.17,VMS 3,,Tanque,,1.20,1.26,1.62,1.26,2.54,3.01,3.61,2.65
01/05/2024 08:53 a. m.,Ordeño,07:27,9.60,1,,,DD,DD,0,,0.78,0.00,1.14,0.96,0,0,0,0,5.10,0.00,4.87,5.18,VMS 3,,Tanque,,1.20,0.00,1.62,1.32,2.86,0.00,3.91,2.83
01/05/2024 01:46 p. m.,Ordeño,08:26,7.19,2,,,,,0,,0.60,0.96,0.90,0.78,0,0,0,0,4.63,5.30,4.61,4.63,VMS 3,,Tanque,,0.84,1.38,1.26,1.08,1.00,4.01,1.19,0.99
01/05/2024 11:09 p. m.,Ordeño,05:22,8.28,3,,,,,0,,0.78,0.78,1.08,0.90,0,0,0,0,4.72,4.69,4.66,4.69,VMS 3,,Tanque,,1.14,1.14,1.44,1.32,1.95,1.84,2.59,1.90
02/05/2024 09:26 a. m.,Ordeño,06:13,11.26,1,,,,,0,,0.78,0.84,1.14,0.90,0,0,0,0,5.12,4.97,4.79,5.22,VMS 3,,Tanque,,1.08,1.20,1.50,1.26,2.60,2.59,3.46,2.61
02/05/2024 08:06 p. m.,Ordeño,06:07,10.53,2,,,,,0,,0.78,0.90,1.02,0.96,0,0,0,0,5.21,5.02,5.09,5.38,VMS 3,,Tanque,,1.08,1.20,1.38,1.26,2.40,2.49,3.18,2.46
03/05/2024 08:26 a. m.,Ordeño,07:54,13.79,1,,,,,0,,0.78,0.96,1.14,0.90,0,0,0,0,5.43,5.17,5.21,5.37,VMS 3,,Tanque,,1.08,1.32,1.50,1.14,3.13,3.31,4.32,3.03
03/05/2024 05:46 p. m.,Ordeño,06:16,9.15,2,,,,,0,,0.66,0.78,1.02,0.84,0,0,0,0,4.98,4.97,4.91,4.97,VMS 3,,Tanque,,1.02,1.08,1.38,1.14,2.14,2.26,2.76,1.99
04/05/2024 06:15 a. m.,Ordeño,06:18,12.46,1,,,,,0,,0.84,1.02,1.20,0.90,0,0,0,0,5.09,4.96,4.94,5.18,VMS 3,,Tanque,,1.26,1.44,1.50,1.20,2.83,2.93,3.85,2.85
04/05/2024 02:13 p. m.,Ordeño,06:05,7.80,2,,,,,0,,0.66,0.78,1.02,0.84,0,0,0,0,4.71,4.69,4.72,4.70,VMS 3,,Tanque,,0.96,1.14,1.38,1.14,1.83,1.94,2.27,1.76
05/05/2024 02:53 a. m.,Ordeño,07:11,14.14,1,,,,,0,,0.72,0.90,1.20,1.02,0,0,0,0,5.16,5.06,4.99,5.42,VMS 3,,Tanque,,1.08,1.20,1.62,1.38,3.22,3.30,4.42,3.20
05/05/2024 02:05 p. m.,Ordeño,06:59,12.55,2,,,,,0,,0.72,0.84,1.08,0.84,0,0,0,0,5.03,4.85,4.93,5.02,VMS 3,,Tanque,,1.02,1.20,1.44,1.20,2.85,3.00,3.90,2.80
06/05/2024 02:02 a. m.,Ordeño,06:43,12.99,1,,,,,0,,0.84,0.90,1.20,0.84,0,0,0,0,5.10,4.89,4.93,5.11,VMS 3,,Tanque,,1.20,1.20,1.62,1.20,3.00,3.16,3.87,2.96
06/05/2024 11:48 a. m.,Ordeño,06:07,10.47,2,,,,,0,,0.78,0.84,1.14,0.66,0,0,0,0,4.89,4.86,4.85,5.03,VMS 3,,Tanque,,1.08,1.20,1.56,1.44,2.35,2.56,3.22,2.34
07/05/2024 12:09 a. m.,Ordeño,07:28,14.07,1,,,,,0,,0.72,0.90,1.14,0.90,0,0,0,0,4.86,4.95,4.96,5.20,VMS 3,,Tanque,,1.08,1.32,1.50,1.32,3.18,3.24,4.25,3.40
07/05/2024 09:30 a. m.,Ordeño,06:04,10.33,2,,,,,0,,0.78,0.96,1.20,0.90,0,0,0,0,4.90,4.87,4.95,4.97,VMS 3,,Tanque,,1.08,1.32,1.62,1.20,2.34,2.53,3.11,2.35
07/05/2024 11:18 p. m.,Ordeño,07:16,14.37,3,,,,,0,,0.78,0.90,1.14,0.96,0,0,0,0,5.15,5.10,4.99,5.32,VMS 3,,Tanque,,1.14,1.26,1.74,1.38,3.26,3.51,4.17,3.43
08/05/2024 10:36 a. m.,Ordeño,07:11,13.22,1,,,,,0,,0.72,0.90,1.14,0.96,0,0,0,0,5.09,4.96,5.06,5.26,VMS 3,,Tanque,,1.14,1.32,1.50,1.20,2.92,3.17,4.14,2.99
09/05/2024 01:46 a. m.,Ordeño,07:47,15.52,1,,,,,0,,0.84,0.84,1.20,0.96,0,0,0,0,5.26,4.91,5.07,5.20,VMS 3,,Tanque,,1.20,1.20,1.50,1.32,3.52,3.89,4.30,3.81
09/05/2024 09:06 a. m.,Ordeño,05:28,6.80,2,,,,,0,,0.66,0.84,1.02,0.84,0,0,0,0,4.94,4.72,4.70,4.80,VMS 3,,Tanque,,0.96,1.20,1.50,1.14,1.64,1.68,1.94,1.54
10/05/2024 02:15 a. m.,Ordeño,07:19,16.06,1,,,,,0,,0.84,0.96,1.20,0.96,0,0,0,0,5.40,5.13,5.17,5.53,VMS 3,,Tanque,,1.20,1.44,1.56,1.32,3.59,4.25,4.32,3.90
10/05/2024 02:37 p. m.,Ordeño,07:12,13.13,2,,,,,0,,0.72,0.96,1.14,0.96,0,0,0,0,4.91,4.93,4.93,5.13,VMS 3,,Tanque,,1.08,1.26,1.56,1.32,3.05,3.12,4.06,2.90
10/05/2024 11:51 p. m.,Ordeño,06:29,10.14,3,,,,,0,,0.72,0.96,1.14,0.90,0,0,0,0,4.93,4.86,4.94,5.04,VMS 3,,Tanque,,1.08,1.32,1.50,1.26,2.30,2.35,3.24,2.25
11/05/2024 07:58 a. m.,Ordeño,05:30,9.87,1,,,,,0,,0.84,0.90,1.08,0.90,0,0,0,0,5.04,4.95,5.01,5.10,VMS 3,,Tanque,,1.20,1.20,1.56,1.14,2.20,2.46,2.99,2.22
11/05/2024 03:09 p. m.,Ordeño,05:32,9.02,2,,,,,0,,0.78,0.96,1.14,1.02,0,0,0,0,5.02,4.98,5.08,5.22,VMS 3,,Tanque,,1.20,1.38,1.56,1.38,2.03,2.14,2.78,2.07
12/05/2024 05:01 a. m.,Ordeño,07:02,15.13,1,,,,,0,,0.96,1.02,1.20,0.96,0,0,0,0,5.53,5.10,5.25,5.36,VMS 3,,Tanque,,1.26,1.44,1.56,1.20,3.42,3.85,4.43,3.43
12/05/2024 01:37 p. m.,Ordeño,05:45,8.49,2,,,,,0,,0.78,0.72,1.08,0.84,0,0,0,0,4.86,4.73,4.76,4.75,VMS 3,,Tanque,,1.14,1.08,1.50,1.14,1.98,2.10,2.49,1.92
13/05/2024 04:05 a. m.,Ordeño,06:58,15.71,1,,,,,0,,0.90,0.96,1.20,1.02,0,0,0,0,5.08,4.99,5.03,5.15,VMS 3,,Tanque,,1.26,1.26,1.56,1.26,3.62,3.77,4.78,3.54
13/05/2024 03:23 p. m.,Ordeño,06:09,10.79,2,,,,,0,,0.78,0.84,1.08,0.90,0,0,0,0,4.77,4.78,4.78,4.89,VMS 3,,Tanque,,1.14,1.26,1.44,1.26,2.43,2.62,3.23,2.51
14/05/2024 12:14 a. m.,Ordeño,05:56,9.20,1,,,,,0,,0.78,0.84,1.08,0.90,0,0,0,0,4.91,4.75,4.79,4.91,VMS 3,,Tanque,,1.08,1.20,1.44,1.26,2.12,2.22,2.81,2.05
14/05/2024 07:55 a. m.,Ordeño,06:00,9.27,2,,,,,0,,0.72,0.90,1.20,0.96,0,0,0,0,5.06,5.02,4.98,5.24,VMS 3,,Tanque,,1.02,1.26,1.50,1.32,2.10,2.26,2.85,2.06
14/05/2024 06:25 p. m.,Ordeño,06:47,11.80,3,,,,,0,,0.78,0.84,1.14,0.90,0,0,0,0,5.25,5.04,5.10,5.25,VMS 3,,Tanque,,1.20,1.20,1.44,1.32,2.63,2.82,3.64,2.71
15/05/2024 06:43 a. m.,Ordeño,09:38,14.27,1,,,,,0,,0.90,0.78,1.14,0.84,0,0,0,0,5.21,4.91,5.01,4.97,VMS 3,,Tanque,,1.68,1.14,1.50,1.32,3.28,3.56,4.17,3.26
15/05/2024 06:38 p. m.,Ordeño,07:53,13.18,2,,,,,0,,0.60,0.90,1.14,1.02,0,0,0,0,4.54,4.92,4.81,5.10,VMS 3,,Tanque,,0.96,1.26,1.56,1.38,2.92,3.17,4.04,3.05
16/05/2024 09:20 a. m.,Ordeño,06:50,14.69,1,,,,,0,,0.90,0.84,1.14,0.96,0,0,0,0,4.94,4.85,4.90,4.94,VMS 3,,Tanque,,1.26,1.20,1.50,1.32,3.20,3.43,4.67,3.39
16/05/2024 08:36 p. m.,Ordeño,05:56,10.60,2,,,,,0,,0.78,0.90,1.08,0.90,0,0,0,0,4.86,4.84,4.89,4.97,VMS 3,,Tanque,,1.14,1.26,1.44,1.26,2.42,2.48,3.24,2.46
17/05/2024 09:59 a. m.,Ordeño,07:41,15.03,1,,,,,0,,0.90,0.90,1.20,0.96,0,0,0,0,5.15,5.01,4.99,5.16,VMS 3,,Tanque,,1.32,1.20,1.56,1.38,3.43,3.60,4.57,3.43
18/05/2024 02:49 a. m.,Ordeño,07:35,12.81,1,,,DI,DI,0,,0.00,1.08,1.20,0.96,0,0,0,0,0.00,5.24,5.05,5.22,VMS 3,,Tanque,,0.00,1.32,1.56,1.26,0.00,4.21,4.80,3.80
19/05/2024 02:04 p. m.,Ordeño,06:36,13.00,2,,,,,0,,0.90,0.84,1.20,1.02,0,0,0,0,5.29,4.94,4.87,5.06,VMS 3,,Tanque,,1.38,1.20,1.56,1.38,2.91,3.19,3.96,2.94
20/05/2024 04:34 a. m.,Ordeño,08:38,12.58,1,,,DD,DD,0,,0.84,0.00,1.20,0.90,0,0,0,0,5.24,0.00,4.88,5.21,VMS 3,,Tanque,,1.26,0.00,1.56,1.26,3.63,0.00,5.21,3.74
20/05/2024 01:02 p. m.,Ordeño,08:53,12.63,2,,,,,0,,0.72,1.08,1.02,0.84,0,0,0,0,5.09,5.42,4.97,5.10,VMS 3,,Tanque,,1.08,1.50,1.44,1.26,2.26,5.03,3.02,2.32
21/05/2024 12:47 a. m.,Ordeño,10:08,9.99,1,,,TD,TD,0,,0.84,0.96,1.14,0.00,0,0,0,0,5.12,4.78,4.89,0.00,VMS 3,,Tanque,,1.56,1.32,1.56,0.00,2.89,2.94,4.16,0.00
21/05/2024 07:22 a. m.,Ordeño,06:42,9.84,2,,,,,0,,0.72,0.78,1.08,0.96,0,0,0,0,5.14,4.88,4.93,5.49,VMS 3,,Tanque,,1.08,1.14,1.38,1.32,1.70,1.72,2.24,4.18
21/05/2024 08:38 p. m.,Ordeño,06:46,13.81,3,,,,,0,,0.78,0.96,1.20,0.96,0,0,0,0,5.30,5.09,5.06,5.19,VMS 3,,Tanque,,1.14,1.38,1.62,1.26,3.18,3.33,4.41,2.89
22/05/2024 05:35 a. m.,Ordeño,05:43,9.24,1,,,,,0,,0.78,0.96,1.14,0.90,0,0,0,0,4.96,4.80,4.79,5.01,VMS 3,,Tanque,,1.14,1.32,1.50,1.26,2.10,2.18,2.90,2.06
22/05/2024 01:33 p. m.,Ordeño,05:48,7.94,2,,,,,0,,0.78,0.96,1.14,0.84,0,0,0,0,5.23,4.88,5.00,5.19,VMS 3,,Tanque,,1.14,1.38,1.44,1.20,1.73,1.86,2.50,1.85
22/05/2024 11:20 p. m.,Ordeño,05:31,10.02,3,,,,,0,,0.78,0.96,1.14,0.90,0,0,0,0,5.11,5.01,5.01,5.11,VMS 3,,Tanque,,1.08,1.32,1.56,1.26,2.24,2.30,3.28,2.20
23/05/2024 09:29 a. m.,Ordeño,06:06,12.16,1,,,,,0,,0.84,0.90,1.14,0.96,0,0,0,0,5.35,5.14,5.19,5.37,VMS 3,,Tanque,,1.14,1.32,1.68,1.32,2.75,2.85,3.78,2.78
23/05/2024 10:01 p. m.,Ordeño,06:41,13.10,2,,,,,0,,0.78,0.96,1.20,0.96,0,0,0,0,5.23,5.02,5.03,5.23,VMS 3,,Tanque,,1.20,1.32,1.56,1.38,3.01,3.02,4.16,2.91
24/05/2024 09:21 a. m.,Ordeño,06:21,11.71,1,,,,,0,,0.72,1.02,1.14,1.02,0,0,0,0,4.97,4.88,4.84,5.14,VMS 3,,Tanque,,1.14,1.56,1.56,1.32,2.67,2.77,3.66,2.61
24/05/2024 06:00 p. m.,Ordeño,05:59,9.22,2,,,,,0,,0.66,0.96,1.14,0.90,0,0,0,0,4.94,4.90,4.92,5.07,VMS 3,,Tanque,,1.02,1.32,1.44,1.20,2.15,2.15,2.83,2.09
25/05/2024 04:31 a. m.,Ordeño,07:01,12.69,1,,,,,0,,0.78,0.90,1.20,0.90,0,0,0,0,5.21,5.11,5.03,5.22,VMS 3,,Tanque,,1.32,1.32,1.56,1.26,2.80,3.08,4.08,2.73
25/05/2024 08:01 p. m.,Ordeño,07:08,15.84,2,,,,,0,,0.90,0.90,1.26,1.02,0,0,0,0,5.64,5.47,5.30,5.70,VMS 3,,Tanque,,1.26,1.44,1.50,1.38,3.80,3.89,4.60,3.55
26/05/2024 09:21 a. m.,Ordeño,06:29,13.58,1,,,,,0,,0.90,0.90,1.14,0.90,0,0,0,0,5.22,5.05,4.88,5.08,VMS 3,,Tanque,,1.26,1.32,1.56,1.32,3.10,3.12,4.27,3.09
26/05/2024 06:57 p. m.,Ordeño,05:34,10.80,2,,,,,0,,0.84,0.84,1.26,0.96,0,0,0,0,5.20,4.99,4.92,5.06,VMS 3,,Tanque,,1.20,1.20,1.62,1.38,2.42,2.60,3.31,2.47
27/05/2024 06:47 a. m.,Ordeño,06:01,13.64,1,,,,,0,,0.90,1.02,1.26,0.96,0,0,0,0,5.27,5.13,5.03,5.34,VMS 3,,Tanque,,1.20,1.38,1.56,1.32,2.99,3.19,4.30,3.16
27/05/2024 05:50 p. m.,Ordeño,06:04,11.93,2,,,,,0,,0.78,0.96,1.20,0.90,0,0,0,0,5.19,5.14,5.04,5.27,VMS 3,,Tanque,,1.14,1.26,1.50,1.32,2.65,2.78,3.72,2.78
28/05/2024 06:24 a. m.,Ordeño,06:17,13.99,1,,,,,0,,0.90,1.14,1.32,1.02,0,0,0,0,5.18,5.22,4.92,5.33,VMS 3,,Tanque,,1.20,1.44,1.68,1.62,3.14,3.20,4.39,3.26
28/05/2024 09:39 p. m.,Ordeño,06:48,14.79,2,,,,,0,,0.84,0.90,1.26,0.96,0,0,0,0,5.17,5.15,5.00,5.11,VMS 3,,Tanque,,1.20,1.20,1.56,1.26,3.41,3.44,4.62,3.32
29/05/2024 08:55 a. m.,Ordeño,05:59,10.35,1,,TI,,,0,,0.72,0.90,1.08,0.84,0,0,0,0,4.72,4.66,4.65,4.73,VMS 3,,Tanque,,1.14,1.26,1.38,1.26,2.39,2.50,3.16,2.30
29/05/2024 11:27 p. m.,Ordeño,06:44,15.21,2,,,,,0,,1.02,0.96,1.20,1.02,0,0,0,0,5.41,5.12,5.24,5.48,VMS 3,,Tanque,,1.62,1.32,1.56,1.44,3.49,3.84,4.29,3.59
30/05/2024 06:00 a. m.,Ordeño,05:30,6.16,1,,,,,0,,0.72,0.84,1.08,0.72,0,0,0,0,4.62,4.64,4.70,3.93,VMS 3,,Tanque,,1.08,1.14,1.44,1.14,1.37,1.47,1.80,1.52
30/05/2024 03:29 p. m.,Ordeño,05:57,10.20,2,,,,,0,,0.78,0.84,1.20,0.90,0,0,0,0,4.80,4.87,4.85,4.92,VMS 3,,Tanque,,1.14,1.20,1.56,1.56,2.38,2.49,3.09,2.24
31/05/2024 01:16 a. m.,Ordeño,06:13,11.67,1,,,,,0,,0.84,0.96,1.20,0.96,0,0,0,0,5.04,4.99,4.93,5.13,VMS 3,,Tanque,,1.20,1.38,1.50,1.32,2.67,2.79,3.61,2.60
31/05/2024 12:59 p. m.,Ordeño,06:29,13.67,2,,,,,0,,0.84,0.96,1.26,1.02,0,0,0,0,5.17,5.20,5.06,5.33,VMS 3,,Tanque,,1.20,1.38,1.56,1.38,3.15,3.17,4.20,3.15
01/06/2024 01:53 a. m.,Ordeño,06:58,14.14,1,,,,,0,,0.78,0.90,1.20,0.96,0,0,0,0,5.03,5.00,4.89,5.05,VMS 3,,Tanque,,1.26,1.26,1.74,1.32,3.20,3.35,4.38,3.21
01/06/2024 12:08 p. m.,Ordeño,06:44,11.47,2,,,,,0,,0.72,0.84,1.08,0.84,0,0,0,0,4.85,5.00,4.88,4.91,VMS 3,,Tanque,,1.02,1.20,1.44,1.20,2.59,2.74,3.50,2.64
02/06/2024 12:30 a. m.,Ordeño,07:54,13.80,1,,,,,0,,0.72,0.96,1.08,0.90,0,0,0,0,4.89,5.13,4.88,5.00,VMS 3,,Tanque,,1.02,1.38,1.50,1.32,3.06,3.14,4.42,3.18
02/06/2024 10:51 a. m.,Ordeño,06:27,11.20,2,,,,,0,,0.72,0.78,1.08,0.84,0,0,0,0,4.75,4.84,4.70,4.67,VMS 3,,Tanque,,1.08,1.14,1.38,1.14,2.60,2.56,3.56,2.48
02/06/2024 11:20 p. m.,Ordeño,06:15,13.47,3,,,,,0,,0.72,0.84,1.08,0.90,0,0,0,0,4.84,4.98,4.82,5.06,VMS 3,,Tanque,,1.14,1.38,1.50,1.20,3.02,3.10,4.31,3.04
03/06/2024 10:16 a. m.,Ordeño,07:45,11.84,1,,,,,0,,0.72,0.78,1.02,0.84,0,0,0,0,4.77,4.91,4.69,4.71,VMS 3,,Tanque,,1.08,1.20,1.44,1.20,2.62,2.75,3.75,2.72
03/06/2024 09:14 p. m.,Ordeño,06:40,12.38,2,,,,,0,,0.72,0.72,1.08,0.78,0,0,0,0,4.82,4.92,4.83,4.74,VMS 3,,Tanque,,1.14,1.26,1.50,1.20,2.82,2.93,3.82,2.81
04/06/2024 06:12 a. m.,Ordeño,06:16,11.04,1,,,,,0,,0.72,0.72,1.08,0.90,0,0,0,0,4.89,4.93,4.88,5.13,VMS 3,,Tanque,,1.08,1.08,1.44,1.26,2.48,2.54,3.51,2.51
04/06/2024 06:46 p. m.,Ordeño,07:05,14.09,2,,,,,0,,0.72,0.78,1.08,0.84,0,0,0,0,5.04,5.01,4.75,4.70,VMS 3,,Tanque,,1.08,1.20,1.56,1.14,3.17,3.27,4.47,3.18
05/06/2024 07:29 a. m.,Ordeño,07:11,13.64,1,,,,,0,,0.84,0.78,1.02,0.84,0,0,0,0,4.84,4.87,4.76,4.36,VMS 3,,Tanque,,1.20,1.14,1.38,1.20,3.16,3.32,3.99,3.17
05/06/2024 06:18 p. m.,Ordeño,06:54,11.50,2,,,,,0,,0.72,0.78,1.14,0.84,0,0,0,0,4.77,4.84,4.77,4.77,VMS 3,,Tanque,,1.02,1.14,1.50,1.14,2.68,2.69,3.47,2.66
06/06/2024 05:55 a. m.,Ordeño,06:51,12.37,1,,,,,0,,0.78,0.72,1.14,0.84,0,0,0,0,4.98,4.90,4.70,4.72,VMS 3,,Tanque,,1.14,1.14,1.50,1.20,2.81,2.87,3.85,2.84
06/06/2024 01:27 p. m.,Ordeño,05:34,7.24,2,,,,,0,,0.66,0.66,1.02,0.78,0,0,0,0,4.68,4.69,4.58,4.61,VMS 3,,Tanque,,0.96,0.90,1.32,1.14,1.65,1.67,2.26,1.66
07/06/2024 01:52 a. m.,Ordeño,07:12,13.82,1,,,,,0,,0.72,0.72,1.08,0.84,0,0,0,0,5.19,4.96,4.69,4.66,VMS 3,,Tanque,,1.08,1.14,1.68,1.20,3.12,3.19,4.36,3.15
07/06/2024 01:56 p. m.,Ordeño,07:24,13.69,2,,,,,0,,0.72,0.78,1.02,0.78,0,0,0,0,5.14,5.07,4.88,4.80,VMS 3,,Tanque,,0.96,1.20,1.38,1.14,3.09,3.14,4.29,3.17
08/06/2024 12:55 a. m.,Ordeño,06:25,10.84,1,,,,,0,,0.66,0.90,0.96,0.84,0,0,0,0,4.80,4.94,4.83,4.86,VMS 3,,Tanque,,0.96,1.20,1.32,1.14,2.48,2.46,3.42,2.48
08/06/2024 03:47 p. m.,Ordeño,08:41,13.12,2,,,TI,,0,,0.84,0.78,0.60,0.78,0,0,0,0,5.32,5.10,2.55,4.58,VMS 3,,Tanque,,1.20,1.14,1.50,1.20,3.55,3.64,2.32,3.61
09/06/2024 04:48 a. m.,Ordeño,09:34,14.23,1,,,,,0,,0.72,0.90,0.84,0.84,0,0,0,0,4.83,4.96,4.89,4.81,VMS 3,,Tanque,,1.20,1.20,1.44,1.20,2.89,2.94,5.50,2.90
09/06/2024 03:08 p. m.,Ordeño,06:38,9.87,2,,,,,0,,0.66,0.90,0.78,0.84,0,0,0,0,4.74,4.83,4.49,4.82,VMS 3,,Tanque,,1.08,1.38,1.26,1.26,2.38,2.50,2.63,2.36
09/06/2024 11:13 p. m.,Ordeño,06:42,8.16,3,,,,,0,,0.66,0.78,0.72,0.78,0,0,0,0,4.73,4.78,4.65,4.67,VMS 3,,Tanque,,1.02,1.08,1.14,1.14,1.89,1.99,2.40,1.88
10/06/2024 09:23 a. m.,Ordeño,08:41,11.50,1,,,,,0,,0.78,0.90,0.72,0.84,0,0,0,0,5.02,4.96,4.85,4.81,VMS 3,,Tanque,,1.08,1.20,1.14,1.14,2.64,2.65,3.64,2.57
11/06/2024 12:36 a. m.,Ordeño,16:01,14.24,1,,,,,0,,0.72,0.90,0.60,0.90,0,0,0,0,5.18,5.07,4.83,4.77,VMS 3,,Tanque,,1.08,1.26,0.90,1.80,3.16,3.46,4.44,3.18
11/06/2024 05:35 p. m.,Ordeño,12:19,13.79,2,,,,,0,,0.78,0.90,0.60,0.84,0,0,0,0,4.68,4.83,4.65,4.40,VMS 3,,Tanque,,1.38,1.32,0.96,1.32,3.19,3.23,3.96,3.41
12/06/2024 05:34 a. m.,Ordeño,12:30,10.67,1,,,,,0,,0.72,0.84,0.54,0.90,0,0,0,0,4.71,4.67,4.51,4.54,VMS 3,,Tanque,,1.08,1.26,1.02,1.32,2.35,2.56,3.33,2.43
12/06/2024 04:11 p. m.,Ordeño,09:01,9.32,2,,,,,0,,0.66,0.78,0.60,0.78,0,0,0,0,4.68,4.74,4.57,4.64,VMS 3,,Tanque,,0.96,1.08,0.96,1.14,2.07,2.30,2.85,2.10
13/06/2024 04:08 a. m.,Ordeño,12:09,11.84,1,,,,,0,,0.78,0.84,0.60,0.90,0,0,0,0,4.88,4.82,4.62,4.64,VMS 3,,Tanque,,1.14,1.32,1.02,1.38,2.70,2.89,3.49,2.76
13/06/2024 03:44 p. m.,Ordeño,12:34,10.20,2,,TI,,,0,,0.72,0.84,0.60,0.78,0,0,0,0,4.63,4.63,4.53,4.57,VMS 3,,Tanque,,1.20,1.32,1.20,1.14,2.35,2.60,2.90,2.35
14/06/2024 03:58 a. m.,Ordeño,12:40,13.10,1,,,,,0,,0.78,0.90,0.60,0.84,0,0,0,0,4.82,4.82,4.56,4.51,VMS 3,,Tanque,,1.50,1.26,1.02,1.32,2.97,2.98,4.35,2.80
14/06/2024 03:38 p. m.,Ordeño,10:08,11.40,2,,,,,0,,0.72,0.84,0.60,0.90,0,0,0,0,4.75,4.67,4.66,4.55,VMS 3,,Tanque,,1.08,1.32,0.96,1.32,2.56,2.79,3.42,2.63
15/06/2024 09:24 a. m.,Ordeño,12:23,13.64,1,,TD,TD,,0,"DD,TI",0.84,0.96,0.72,0.90,0,0,0,0,4.43,5.05,4.93,3.82,VMS 3,,Tanque,,1.38,1.44,1.32,1.56,3.96,3.97,5.17,0.54
15/06/2024 03:26 p. m.,Ordeño,08:00,0.65,2,,"TI,TD",Todos,"DI,DD,TI",0,,0.00,0.00,0.48,0.84,0,0,0,0,0.00,0.00,3.75,4.42,VMS 3,,Tanque,,0.00,0.00,0.90,1.26,0.00,0.00,0.18,0.47
15/06/2024 08:57 p. m.,Ordeño,11:02,13.09,3,,,,,0,,0.78,0.72,0.54,0.84,0,0,0,0,5.24,5.17,5.27,4.89,VMS 3,,Tanque,,1.14,1.14,0.96,1.26,2.76,2.79,3.55,3.99
16/06/2024 06:00 a. m.,Ordeño,08:46,9.66,1,,,,,0,TI,0.78,0.84,0.72,0.90,0,0,0,0,5.38,5.11,5.65,4.70,VMS 3,,Tanque,,1.14,1.26,1.08,1.32,2.32,2.53,2.69,2.12
16/06/2024 01:21 p. m.,Ordeño,10:27,6.01,2,,,,,0,,0.72,0.78,0.54,0.84,0,0,0,0,4.44,4.52,4.91,4.30,VMS 3,,Tanque,,1.32,1.26,0.84,1.20,1.49,1.64,1.53,1.35
18/06/2024 05:54 a. m.,Ordeño,09:24,7.40,1,,,,,0,,0.66,0.84,0.54,0.72,0,0,0,0,4.41,4.38,4.90,4.14,VMS 3,,Tanque,,1.02,1.26,0.90,1.14,1.80,1.97,1.92,1.71
18/06/2024 07:01 p. m.,Ordeño,09:36,12.24,2,,,,,0,"DI,TI",0.78,0.84,0.72,0.72,0,0,0,0,5.20,4.99,5.34,3.83,VMS 3,,Tanque,,1.14,1.20,1.14,1.44,3.03,3.20,3.36,2.65
20/06/2024 08:19 a. m.,Ordeño,09:13,8.50,1,,,,,0,,0.72,0.84,0.66,0.78,0,0,0,0,4.70,4.79,5.08,4.61,VMS 3,,Tanque,,1.08,1.20,0.96,1.50,2.01,2.10,2.43,1.96
20/06/2024 11:27 p. m.,Ordeño,11:11,9.26,2,,"TI,TD",TI,TI,0,DI,0.72,0.78,0.48,0.60,0,0,0,0,4.88,4.32,4.36,3.41,VMS 3,,Tanque,,1.14,1.32,1.14,1.02,3.26,3.59,0.16,2.25
21/06/2024 10:29 a. m.,Ordeño,10:45,12.88,1,,,,,0,TI,0.72,0.84,0.72,0.78,0,0,0,0,5.15,5.00,5.81,4.95,VMS 3,,Tanque,,1.08,1.26,1.14,1.38,2.50,2.69,4.39,3.30
24/06/2024 12:30 a. m.,Ordeño,07:54,8.38,1,,,,,0,TI,0.66,0.78,0.78,0.78,0,0,0,0,4.62,4.61,5.34,4.72,VMS 3,,Tanque,,1.02,1.14,1.32,1.44,2.00,2.06,2.34,1.98
24/06/2024 10:44 a. m.,Ordeño,07:37,11.32,2,,,,,0,TI,0.78,0.78,0.84,0.84,0,0,0,0,5.03,4.94,5.81,4.99,VMS 3,,Tanque,,1.14,1.14,1.20,1.38,2.71,2.66,3.24,2.71
24/06/2024 08:22 p. m.,Ordeño,08:43,5.23,3,,"DD,TD","DI,DD",DI,0,,0.00,0.78,0.72,0.78,0,0,0,0,0.00,4.62,5.03,4.55,VMS 3,,Tanque,,0.00,1.62,1.20,1.62,0.00,1.15,3.01,1.07
25/06/2024 12:33 a. m.,Ordeño,08:29,9.11,1,,,,,0,,0.78,0.78,0.60,0.72,0,0,0,0,5.55,5.09,5.16,4.97,VMS 3,,Tanque,,1.14,1.26,1.20,1.08,3.24,2.41,1.19,2.27
25/06/2024 08:57 a. m.,Ordeño,07:01,9.20,2,,,,,0,,0.60,0.78,0.72,0.84,0,0,0,0,4.74,4.88,5.37,4.98,VMS 3,,Tanque,,0.90,1.08,1.14,1.26,2.16,2.23,2.65,2.16
25/06/2024 04:14 p. m.,Ordeño,05:54,8.12,3,,,,,0,,0.66,0.78,0.78,0.90,0,0,0,0,4.86,4.80,5.34,5.09,VMS 3,,Tanque,,1.02,1.08,1.20,1.20,1.83,1.97,2.40,1.92
26/06/2024 12:51 a. m.,Ordeño,06:07,9.48,1,,,,,0,,0.78,0.84,0.84,0.84,0,0,0,0,4.97,4.80,5.13,5.00,VMS 3,,Tanque,,1.14,1.14,1.20,1.20,2.21,2.33,2.72,2.22
26/06/2024 11:46 a. m.,Ordeño,06:50,10.93,2,,,,,0,,0.72,0.90,0.84,0.90,0,0,0,0,4.64,4.75,4.93,4.84,VMS 3,,Tanque,,1.02,1.32,1.20,1.26,2.49,2.62,3.26,2.56
26/06/2024 11:14 p. m.,Ordeño,06:31,9.62,3,,,,,0,,0.66,0.72,0.78,0.84,0,0,0,0,4.58,4.54,4.86,4.72,VMS 3,,Tanque,,0.96,1.08,1.26,1.14,2.22,2.35,2.88,2.17
27/06/2024 10:15 a. m.,Ordeño,06:45,11.47,1,,,,,0,,0.72,0.84,0.84,0.96,0,0,0,0,4.68,4.76,4.67,4.72,VMS 3,,Tanque,,0.96,1.20,1.20,1.32,2.65,2.79,3.29,2.74
27/06/2024 06:47 p. m.,Ordeño,05:57,8.06,2,,,,,0,,0.66,0.72,0.84,0.90,0,0,0,0,4.59,4.57,4.55,4.45,VMS 3,,Tanque,,0.96,1.02,1.26,1.20,1.88,1.95,2.31,1.92
28/06/2024 08:05 a. m.,Ordeño,08:14,14.08,1,,,,,0,,0.66,0.90,0.78,0.96,0,0,0,0,4.91,4.98,4.69,5.11,VMS 3,,Tanque,,1.02,1.38,1.26,1.32,3.31,3.38,4.16,3.23
28/06/2024 06:42 p. m.,Ordeño,07:08,11.03,2,,,,,0,,0.72,0.84,0.84,0.90,0,0,0,0,4.74,4.64,4.60,4.59,VMS 3,,Tanque,,1.08,1.38,1.26,1.26,2.53,2.65,3.32,2.53
29/06/2024 02:26 a. m.,Ordeño,05:50,7.11,1,,,,,0,,0.72,0.66,0.72,0.90,0,0,0,0,4.34,4.44,4.27,4.24,VMS 3,,Tanque,,1.08,0.96,1.08,1.26,1.62,1.72,2.01,1.76
29/06/2024 10:08 a. m.,Ordeño,06:00,7.94,2,,,,,0,,0.72,0.84,0.78,0.96,0,0,0,0,4.67,4.66,4.60,4.63,VMS 3,,Tanque,,1.02,1.26,1.32,1.26,1.89,1.88,2.25,1.92
29/06/2024 08:51 p. m.,Ordeño,06:42,10.21,3,,,,,0,,0.72,0.84,0.84,0.90,0,0,0,0,4.65,4.58,4.42,4.43,VMS 3,,Tanque,,1.02,1.26,1.20,1.38,2.34,2.51,3.07,2.29
30/06/2024 12:29 p. m.,Ordeño,08:41,14.67,1,,,,,0,,0.78,0.90,0.78,0.90,0,0,0,0,4.74,4.73,4.68,4.41,VMS 3,,Tanque,,1.26,1.38,1.20,1.26,3.29,3.40,4.50,3.48
30/06/2024 09:56 p. m.,Ordeño,05:47,7.56,2,,,,,0,,0.66,0.72,0.66,0.78,0,0,0,0,4.24,4.41,4.38,4.32,VMS 3,,Tanque,,0.90,1.14,1.02,1.20,1.73,1.83,2.18,1.82
01/07/2024 10:27 a. m.,Ordeño,08:03,12.86,1,,,,,0,,0.72,0.84,0.84,0.84,0,0,0,0,4.92,4.82,4.65,4.64,VMS 3,,Tanque,,1.20,1.14,1.32,1.32,2.94,3.01,3.93,2.98
01/07/2024 10:07 p. m.,Ordeño,07:15,12.16,2,,,,,0,,0.72,0.72,0.84,0.78,0,0,0,0,4.77,4.70,4.45,4.71,VMS 3,,Tanque,,1.08,1.08,1.20,1.20,2.80,2.86,3.68,2.82
02/07/2024 10:40 a. m.,Ordeño,07:30,12.22,1,,,,,0,,0.72,0.84,0.78,0.84,0,0,0,0,4.65,4.64,4.47,4.53,VMS 3,,Tanque,,1.02,1.20,1.20,1.20,2.75,2.92,3.73,2.82
02/07/2024 10:13 p. m.,Ordeño,06:55,10.36,2,,,,,0,,0.72,0.72,0.84,0.84,0,0,0,0,4.43,4.44,4.34,4.41,VMS 3,,Tanque,,1.20,1.02,1.32,1.14,2.34,2.45,3.16,2.41
03/07/2024 11:00 a. m.,Ordeño,08:50,13.56,1,,,,,0,,0.66,0.78,0.78,0.78,0,0,0,0,4.66,4.78,4.54,4.45,VMS 3,,Tanque,,1.08,1.50,1.20,1.20,3.08,3.23,4.18,3.07
03/07/2024 09:43 p. m.,Ordeño,06:53,10.13,2,,,,,0,,0.72,0.78,0.84,0.90,0,0,0,0,4.41,4.47,4.31,4.23,VMS 3,,Tanque,,1.20,1.08,1.32,1.26,2.21,2.50,3.06,2.36
04/07/2024 12:12 p. m.,Ordeño,09:33,15.90,1,,,,,0,,0.78,0.84,0.84,0.84,0,0,0,0,4.78,4.85,4.42,4.38,VMS 3,,Tanque,,1.20,1.26,1.32,1.14,3.48,3.80,4.78,3.84
04/07/2024 10:12 p. m.,Ordeño,07:26,10.40,2,,,,,0,,0.66,0.72,0.96,0.84,0,0,0,0,4.44,4.66,4.49,4.24,VMS 3,,Tanque,,1.02,1.08,1.56,1.44,2.30,2.44,3.20,2.46
05/07/2024 09:51 a. m.,Ordeño,06:24,11.49,1,,,,,0,,0.72,0.84,1.02,0.90,0,0,0,0,4.65,4.71,4.65,4.48,VMS 3,,Tanque,,1.08,1.14,1.50,1.32,2.64,2.72,3.44,2.69
05/07/2024 10:39 p. m.,Ordeño,08:36,13.26,2,,,,,0,,0.72,0.90,0.90,0.84,0,0,0,0,4.58,4.73,4.48,4.44,VMS 3,,Tanque,,1.08,1.32,1.38,1.38,2.96,3.14,4.09,3.07
06/07/2024 08:51 a. m.,Ordeño,06:32,10.00,1,,,,,0,,0.78,0.90,1.02,0.96,0,0,0,0,4.44,4.45,4.45,4.35,VMS 3,,Tanque,,1.14,1.26,1.44,1.32,2.22,2.39,3.08,2.31
06/07/2024 06:02 p. m.,Ordeño,06:15,8.92,2,,,,,0,,0.66,0.84,0.84,0.84,0,0,0,0,4.37,4.45,4.36,4.43,VMS 3,,Tanque,,1.02,1.14,1.38,1.26,1.98,2.12,2.83,1.99
07/07/2024 09:04 a. m.,Ordeño,08:07,16.05,1,,,,,0,,0.78,0.90,0.96,0.84,0,0,0,0,4.92,4.86,4.70,4.76,VMS 3,,Tanque,,1.20,1.38,1.32,1.26,3.58,3.72,5.04,3.71
07/07/2024 08:43 p. m.,Ordeño,06:52,12.83,2,,,,,0,,0.84,0.84,1.08,0.90,0,0,0,0,4.69,4.64,4.51,4.65,VMS 3,,Tanque,,1.26,1.26,1.44,1.26,2.85,2.98,3.97,3.03
08/07/2024 10:50 a. m.,Ordeño,07:23,15.42,1,,,,,0,,0.84,0.84,1.02,0.84,0,0,0,0,4.83,4.78,4.59,4.69,VMS 3,,Tanque,,1.32,1.26,1.38,1.20,3.34,3.63,4.84,3.61
09/07/2024 01:18 a. m.,Ordeño,07:38,14.37,1,,,,,0,,0.90,0.90,1.14,0.96,0,0,0,0,4.58,4.71,4.50,4.64,VMS 3,,Tanque,,1.26,1.38,1.74,1.32,3.26,3.19,4.63,3.29
09/07/2024 01:07 p. m.,Ordeño,05:18,12.33,2,,,,,0,,0.84,1.02,1.14,0.96,0,0,0,0,4.36,4.52,4.44,4.56,VMS 3,,Tanque,,1.14,1.50,1.56,1.26,2.74,2.90,3.87,2.82
10/07/2024 12:00 a. m.,Ordeño,06:34,9.89,1,,,,,0,,0.78,0.84,1.08,1.02,0,0,0,0,4.44,4.58,4.50,4.50,VMS 3,,Tanque,,1.14,1.32,1.50,1.32,2.16,2.38,3.03,2.32
10/07/2024 09:12 a. m.,Ordeño,05:57,10.35,2,,,,,0,,0.72,0.90,1.08,0.96,0,0,0,0,4.89,4.77,4.72,4.92,VMS 3,,Tanque,,1.08,1.20,1.44,1.38,2.30,2.42,3.31,2.32
10/07/2024 06:30 p. m.,Ordeño,05:45,10.26,3,,,,,0,,0.78,0.84,1.02,0.90,0,0,0,0,4.78,4.64,4.59,4.62,VMS 3,,Tanque,,1.20,1.38,1.44,1.14,2.30,2.45,3.17,2.34
11/07/2024 06:12 a. m.,Ordeño,06:58,14.30,1,,,,,0,,0.84,1.02,1.02,1.02,0,0,0,0,4.90,4.92,4.71,4.90,VMS 3,,Tanque,,1.26,1.56,1.44,1.32,3.14,3.34,4.52,3.30
11/07/2024 05:06 p. m.,Ordeño,06:54,10.75,2,,,,,0,,0.72,0.96,1.02,0.84,0,0,0,0,4.70,4.72,4.71,4.77,VMS 3,,Tanque,,1.08,1.26,1.44,1.20,2.40,2.46,3.40,2.49
11/07/2024 11:40 p. m.,Ordeño,05:35,7.46,3,,,,,0,,0.78,0.84,1.02,0.84,0,0,0,0,4.64,4.64,4.56,4.52,VMS 3,,Tanque,,1.08,1.26,1.44,1.32,1.67,1.83,2.27,1.69
12/07/2024 10:06 a. m.,Ordeño,08:15,12.88,1,,,,,0,,0.84,0.84,1.14,0.90,0,0,0,0,5.09,4.96,4.73,4.99,VMS 3,,Tanque,,1.20,1.14,1.62,1.44,2.86,3.08,4.01,2.93
12/07/2024 05:05 p. m.,Ordeño,06:31,7.88,2,,,,,0,,0.66,0.78,1.02,0.90,0,0,0,0,4.89,4.85,4.74,4.74,VMS 3,,Tanque,,1.14,1.20,1.38,1.20,1.77,1.82,2.40,1.89
13/07/2024 12:32 a. m.,Ordeño,05:36,9.05,1,,,,,0,,0.84,0.84,1.08,0.96,0,0,0,0,4.83,4.86,4.67,4.73,VMS 3,,Tanque,,1.14,1.26,1.56,1.26,2.00,2.16,2.89,2.00
13/07/2024 09:26 a. m.,Ordeño,07:41,10.84,2,,,,,0,,0.78,0.78,1.08,0.90,0,0,0,0,4.88,4.91,4.68,4.76,VMS 3,,Tanque,,1.38,1.20,1.50,1.44,2.41,2.56,3.42,2.45
13/07/2024 08:21 p. m.,Ordeño,07:36,12.02,3,,,,,0,,0.84,0.78,1.02,0.84,0,0,0,0,4.74,4.77,4.59,4.52,VMS 3,,Tanque,,1.08,1.14,1.44,1.20,2.63,2.80,3.86,2.73
14/07/2024 05:14 a. m.,Ordeño,06:56,10.63,1,,,,,0,,0.84,1.02,1.14,0.96,0,0,0,0,4.67,4.71,4.65,4.66,VMS 3,,Tanque,,1.14,1.44,1.50,1.26,2.43,2.38,3.46,2.36
14/07/2024 05:20 p. m.,Ordeño,07:50,13.70,2,,,,,0,,0.84,0.78,1.20,0.90,0,0,0,0,4.65,4.64,4.59,4.67,VMS 3,,Tanque,,1.26,1.26,1.62,1.26,3.09,3.13,4.40,3.08
15/07/2024 12:57 a. m.,Ordeño,05:15,7.82,1,,,,,0,,0.78,0.84,1.20,0.90,0,0,0,0,4.24,4.39,4.40,4.26,VMS 3,,Tanque,,1.14,1.20,1.50,1.32,1.71,1.76,2.46,1.89
15/07/2024 10:58 a. m.,Ordeño,06:25,11.67,2,,,,,0,,0.78,0.90,1.14,0.96,0,0,0,0,4.54,4.62,4.39,4.53,VMS 3,,Tanque,,1.14,1.26,1.50,1.32,2.57,2.62,3.92,2.56
15/07/2024 11:45 p. m.,Ordeño,06:59,14.12,3,,,,,0,,0.78,0.96,1.14,1.02,0,0,0,0,4.41,4.58,4.51,4.59,VMS 3,,Tanque,,1.20,1.32,1.50,1.38,3.16,3.15,4.58,3.23
16/07/2024 10:04 a. m.,Ordeño,06:35,12.00,1,,,,,0,,0.78,1.08,1.14,1.02,0,0,0,0,4.33,4.44,4.45,4.46,VMS 3,,Tanque,,1.08,1.56,1.68,1.38,2.66,2.70,3.94,2.70
16/07/2024 06:54 p. m.,Ordeño,06:30,9.00,2,,,,,0,,0.66,0.84,1.02,0.90,0,0,0,0,4.39,4.58,4.53,4.45,VMS 3,,Tanque,,1.08,1.20,1.38,1.20,2.00,2.11,2.82,2.07
17/07/2024 05:51 a. m.,Ordeño,07:05,12.92,1,,,,,0,,0.84,1.02,1.14,1.02,0,0,0,0,4.55,4.64,4.49,4.61,VMS 3,,Tanque,,1.26,1.38,1.74,1.68,2.86,2.95,4.15,2.96
17/07/2024 05:08 p. m.,Ordeño,07:26,13.05,2,,,,,0,,0.66,0.96,1.08,0.96,0,0,0,0,4.56,4.69,4.65,4.66,VMS 3,,Tanque,,1.08,1.32,1.50,1.26,2.91,2.97,4.17,3.00
18/07/2024 01:30 a. m.,Ordeño,05:51,9.73,1,,,,,0,,0.96,0.78,1.26,1.02,0,0,0,0,4.63,4.53,4.59,4.61,VMS 3,,Tanque,,1.50,1.32,1.68,1.32,2.18,2.22,3.05,2.28
18/07/2024 04:29 p. m.,Ordeño,09:03,16.24,2,,,,,0,,0.84,1.02,1.14,0.96,0,0,0,0,4.67,4.69,4.52,4.54,VMS 3,,Tanque,,1.32,1.44,1.50,1.32,3.65,3.68,5.14,3.77
19/07/2024 12:48 a. m.,Ordeño,05:20,8.61,1,,,,,0,,0.78,0.78,1.20,0.96,0,0,0,0,4.21,4.36,4.29,4.23,VMS 3,,Tanque,,1.26,1.32,1.68,1.38,1.91,2.03,2.71,1.96
19/07/2024 09:16 a. m.,Ordeño,05:46,9.36,2,,,,,0,,0.78,1.08,1.32,1.02,0,0,0,0,4.37,4.48,4.54,4.56,VMS 3,,Tanque,,1.20,1.44,1.74,1.38,2.08,2.17,2.91,2.20
19/07/2024 04:23 p. m.,Ordeño,05:52,7.45,3,,,,,0,,0.72,0.90,1.20,0.84,0,0,0,0,4.39,4.49,4.51,4.50,VMS 3,,Tanque,,1.08,1.20,1.56,1.20,1.70,1.81,2.24,1.70
19/07/2024 11:44 p. m.,Ordeño,05:38,7.61,4,,,,,0,,0.72,0.96,1.20,0.96,0,0,0,0,4.34,4.43,4.42,4.56,VMS 3,,Tanque,,1.14,1.38,1.56,1.26,1.72,1.77,2.37,1.75
20/07/2024 08:57 a. m.,Ordeño,06:25,11.05,1,,,,,0,,0.78,0.96,1.26,1.02,0,0,0,0,4.58,4.62,4.52,4.70,VMS 3,,Tanque,,1.14,1.44,1.56,1.32,2.52,2.55,3.56,2.42
20/07/2024 04:30 p. m.,Ordeño,05:17,7.90,2,,,,,0,,0.72,0.84,1.26,0.96,0,0,0,0,4.47,4.50,4.51,4.68,VMS 3,,Tanque,,1.14,1.20,1.56,1.26,1.74,1.85,2.47,1.84
21/07/2024 01:53 a. m.,Ordeño,06:08,10.22,1,,,,,0,,0.72,0.90,1.14,1.02,0,0,0,0,4.46,4.49,4.53,4.53,VMS 3,,Tanque,,1.14,1.32,1.68,1.32,2.30,2.36,3.23,2.33
21/07/2024 10:00 a. m.,Ordeño,06:03,9.08,2,,,,,0,,0.78,0.84,1.14,0.96,0,0,0,0,4.51,4.48,4.54,4.63,VMS 3,,Tanque,,1.20,1.26,1.68,1.26,2.04,2.13,2.91,2.00
21/07/2024 07:33 p. m.,Ordeño,06:10,11.08,3,,,,,0,,0.78,0.96,1.14,1.02,0,0,0,0,4.60,4.54,4.67,4.82,VMS 3,,Tanque,,1.26,1.32,1.56,1.32,2.50,2.56,3.53,2.49
22/07/2024 05:31 a. m.,Ordeño,06:20,11.49,1,,,,,0,,0.90,0.84,1.26,1.02,0,0,0,0,4.74,4.53,4.67,4.83,VMS 3,,Tanque,,1.20,1.32,1.62,1.38,2.52,2.74,3.55,2.68
22/07/2024 03:11 p. m.,Ordeño,06:52,10.47,2,,,,,0,,0.84,0.96,1.14,1.02,0,0,0,0,4.69,4.60,4.56,4.65,VMS 3,,Tanque,,1.20,1.44,1.50,1.50,2.31,2.33,3.38,2.45
23/07/2024 01:09 a. m.,Ordeño,06:07,10.38,1,,,,,0,,0.72,0.90,1.14,0.96,0,0,0,0,4.46,4.50,4.54,4.51,VMS 3,,Tanque,,1.14,1.38,1.50,1.26,2.30,2.24,3.45,2.39
23/07/2024 01:30 p. m.,Ordeño,07:22,15.13,2,,,,,0,,0.84,1.02,1.20,0.90,0,0,0,0,4.86,4.91,4.75,4.91,VMS 3,,Tanque,,1.26,1.50,1.56,1.32,3.34,3.37,4.90,3.52
24/07/2024 12:16 a. m.,Ordeño,06:07,11.47,1,,,,,0,,0.78,0.96,1.20,0.96,0,0,0,0,4.58,4.66,4.60,4.65,VMS 3,,Tanque,,1.20,1.38,1.62,1.32,2.53,2.66,3.70,2.58
24/07/2024 08:23 a. m.,Ordeño,05:19,9.29,2,,,,,0,,0.78,0.84,1.20,0.90,0,0,0,0,4.69,4.73,4.66,4.81,VMS 3,,Tanque,,1.14,1.26,1.62,1.32,2.09,2.17,2.89,2.14
24/07/2024 04:56 p. m.,Ordeño,05:34,9.81,3,,,,,0,,0.90,0.90,1.26,0.96,0,0,0,0,4.72,4.63,4.53,4.75,VMS 3,,Tanque,,1.38,1.32,1.68,1.26,2.22,2.34,3.09,2.16
25/07/2024 02:35 a. m.,Ordeño,05:42,11.02,1,,,,,0,,0.84,0.96,1.26,0.96,0,0,0,0,4.62,4.54,4.66,4.67,VMS 3,,Tanque,,1.14,1.32,1.68,1.32,2.42,2.52,3.56,2.52
25/07/2024 01:54 p. m.,Ordeño,06:15,12.71,2,,,,,0,,0.90,0.90,1.26,1.02,0,0,0,0,4.54,4.50,4.65,4.67,VMS 3,,Tanque,,1.38,1.32,1.74,1.32,2.81,2.82,4.12,2.96
25/07/2024 10:03 p. m.,Ordeño,07:35,7.39,3,,,,,0,,0.78,0.72,1.08,0.90,0,0,0,0,4.49,4.42,4.45,4.46,VMS 3,,Tanque,,1.20,1.08,1.50,1.50,1.63,1.64,2.30,1.82
26/07/2024 10:25 a. m.,Ordeño,10:17,14.13,1,,,,,0,,0.96,0.96,1.20,0.90,0,0,0,0,4.83,4.85,4.58,4.83,VMS 3,,Tanque,,1.32,1.32,1.62,1.20,3.08,3.23,4.65,3.17
26/07/2024 06:43 p. m.,Ordeño,06:26,8.53,2,,,,,0,,0.84,0.78,1.26,0.96,0,0,0,0,4.45,4.45,4.42,4.37,VMS 3,,Tanque,,1.32,1.14,1.56,1.62,1.97,1.97,2.67,1.92
27/07/2024 04:53 a. m.,Ordeño,06:51,10.94,1,,,,,0,,0.78,0.84,1.14,0.84,0,0,0,0,4.61,4.57,4.39,4.59,VMS 3,,Tanque,,1.14,1.20,1.56,1.32,2.50,2.52,3.46,2.46
27/07/2024 03:21 p. m.,Ordeño,08:06,11.69,2,,,,,0,,0.90,0.96,1.14,0.96,0,0,0,0,4.85,4.70,4.38,4.82,VMS 3,,Tanque,,1.32,1.50,1.62,1.38,2.51,2.61,3.87,2.70
28/07/2024 01:40 a. m.,Ordeño,09:38,7.48,1,,TI,TI,,0,,0.72,0.78,0.66,0.90,0,0,0,0,4.52,4.62,3.02,4.59,VMS 3,,Tanque,,1.14,1.08,1.26,1.32,2.37,2.39,0.26,2.46
28/07/2024 06:12 a. m.,Ordeño,07:50,8.31,2,,,,,0,,0.66,0.66,1.20,0.84,0,0,0,0,4.66,4.68,4.64,4.72,VMS 3,,Tanque,,0.96,1.08,1.56,1.38,1.19,1.25,4.66,1.21
28/07/2024 03:33 p. m.,Ordeño,06:45,10.65,3,,,,,0,,0.72,0.72,1.08,0.90,0,0,0,0,4.83,4.83,4.66,4.98,VMS 3,,Tanque,,1.20,1.14,1.44,1.26,2.43,2.46,3.27,2.49
29/07/2024 11:39 a. m.,Ordeño,06:51,17.83,1,,,,,0,,0.96,1.02,1.32,0.96,0,0,0,0,4.89,5.01,4.66,4.94,VMS 3,,Tanque,,1.56,1.44,1.68,1.38,3.83,4.17,5.79,4.04
29/07/2024 10:54 p. m.,Ordeño,05:30,8.05,2,,,,,0,,0.72,0.84,1.02,0.96,0,0,0,0,4.07,4.29,4.18,4.28,VMS 3,,Tanque,,1.14,1.20,1.50,1.26,1.81,1.82,2.53,1.89
30/07/2024 10:58 a. m.,Ordeño,10:40,12.66,1,,,,,0,,0.84,1.02,1.02,0.96,0,0,0,0,4.77,4.82,4.50,4.80,VMS 3,,Tanque,,1.20,1.50,1.44,1.62,2.82,3.00,3.86,2.98
31/07/2024 01:04 a. m.,Ordeño,09:35,15.39,1,,,,,0,,0.78,1.02,1.08,0.96,0,0,0,0,4.70,4.87,4.50,4.71,VMS 3,,Tanque,,1.20,1.50,1.56,1.32,3.39,3.42,4.99,3.59
31/07/2024 10:13 a. m.,Ordeño,07:01,9.52,2,,,,,0,,0.78,0.90,1.08,0.90,0,0,0,0,4.49,4.54,4.64,4.62,VMS 3,,Tanque,,1.14,1.20,1.50,1.62,2.25,2.15,3.01,2.11
31/07/2024 09:19 p. m.,Ordeño,08:30,5.46,3,,TD,"TI,TD","TI,TD",0,,0.78,1.02,0.00,0.60,0,0,0,0,4.47,4.48,0.00,4.09,VMS 3,,Tanque,,1.14,1.26,0.00,1.20,2.51,2.78,0.00,0.17
01/08/2024 02:01 p. m.,Ordeño,07:26,17.96,1,,,,,0,,0.90,1.08,1.32,1.08,0,0,0,0,4.61,4.72,4.74,4.89,VMS 3,,Tanque,,1.32,1.56,1.74,1.44,3.58,3.79,5.92,4.67
01/08/2024 09:37 p. m.,Ordeño,06:09,5.17,2,,TD,,,0,,0.66,0.78,0.90,0.84,0,0,0,0,4.05,4.18,4.06,4.14,VMS 3,,Tanque,,1.08,1.14,1.44,1.20,1.31,1.34,1.42,1.10
02/08/2024 09:43 a. m.,Ordeño,10:27,11.76,1,,,,,0,,0.84,0.96,1.20,1.08,0,0,0,0,4.39,4.55,4.57,4.58,VMS 3,,Tanque,,1.14,1.38,1.74,1.44,2.77,2.90,3.45,2.64
02/08/2024 11:04 p. m.,Ordeño,06:51,14.51,2,,,,,0,,0.84,1.20,1.62,1.02,0,0,0,0,4.66,4.73,4.18,4.92,VMS 3,,Tanque,,1.38,1.62,0.10,1.62,3.10,3.22,5.12,3.07
03/08/2024 09:06 a. m.,Ordeño,06:53,5.82,1,,"TI,TD","TI,TD",,0,,0.78,1.08,0.96,0.72,0,0,0,0,4.36,4.48,4.18,4.62,VMS 3,,Tanque,,1.08,1.44,1.38,1.44,2.24,2.42,0.85,0.31
03/08/2024 03:28 p. m.,Ordeño,07:33,10.27,2,,,,,0,,0.66,0.84,1.08,0.96,0,0,0,0,4.19,4.27,4.62,4.80,VMS 3,,Tanque,,0.96,1.32,1.44,1.38,1.43,1.43,4.13,3.28
03/08/2024 10:37 p. m.,Ordeño,05:51,8.23,3,,,,,0,,0.72,1.02,1.08,0.96,0,0,0,0,4.66,4.69,4.64,4.50,VMS 3,,Tanque,,1.20,1.44,1.50,1.32,1.80,2.00,2.52,1.91
04/08/2024 08:15 a. m.,Ordeño,06:12,11.73,1,,,,,0,,0.96,0.96,1.26,1.08,0,0,0,0,4.67,2.55,4.78,4.86,VMS 3,,Tanque,,1.32,1.68,1.68,1.44,2.47,3.26,3.53,2.47
04/08/2024 05:48 p. m.,Ordeño,07:18,10.82,2,,DD,,,0,,0.84,0.78,1.14,0.96,0,0,0,0,4.53,1.41,4.54,4.51,VMS 3,,Tanque,,1.80,1.08,1.50,1.44,2.64,2.41,3.24,2.53
05/08/2024 12:44 a. m.,Ordeño,05:17,9.33,1,,,,,0,,0.84,1.20,1.26,1.14,0,0,0,0,4.50,4.93,4.64,4.62,VMS 3,,Tanque,,1.20,1.56,1.56,1.62,1.89,2.94,2.63,1.87
05/08/2024 07:39 a. m.,Ordeño,07:42,6.57,2,,TD,TI,,0,,0.90,0.96,1.14,1.08,0,0,0,0,4.56,4.55,4.61,4.64,VMS 3,,Tanque,,1.26,1.44,1.56,1.98,1.88,1.91,1.17,1.61
05/08/2024 02:43 p. m.,Ordeño,06:02,9.90,3,,,,,0,,0.84,0.90,1.14,1.08,0,0,0,0,4.69,4.56,4.72,5.06,VMS 3,,Tanque,,1.20,1.26,1.50,1.56,1.82,1.95,2.46,3.67
05/08/2024 10:27 p. m.,Ordeño,06:47,8.84,4,,,,,0,,0.84,1.08,1.08,0.96,0,0,0,0,4.44,4.49,4.66,4.49,VMS 3,,Tanque,,1.26,1.44,1.50,1.32,1.99,2.00,2.77,2.08
06/08/2024 12:01 p. m.,Ordeño,07:20,15.57,1,,,,,0,,1.02,1.02,1.20,1.08,0,0,0,0,4.71,4.63,4.71,4.57,VMS 3,,Tanque,,1.38,1.38,1.68,1.50,3.46,3.65,4.90,3.56
06/08/2024 09:04 p. m.,Ordeño,05:52,8.51,2,,,,,0,,0.72,0.90,1.08,0.96,0,0,0,0,4.17,4.34,4.29,4.21,VMS 3,,Tanque,,1.08,1.38,1.38,1.26,1.87,1.98,2.72,1.94
07/08/2024 07:28 a. m.,Ordeño,06:36,11.48,1,,,,,0,,0.78,1.08,1.26,1.14,0,0,0,0,4.44,4.48,4.49,4.49,VMS 3,,Tanque,,1.14,1.50,1.62,1.68,2.52,2.68,3.75,2.53
07/08/2024 06:44 p. m.,Ordeño,06:36,11.60,2,,,,,0,,0.78,0.96,1.14,1.02,0,0,0,0,4.51,4.48,4.51,4.53,VMS 3,,Tanque,,1.14,1.32,1.44,1.32,2.56,2.68,3.61,2.75
08/08/2024 02:59 a. m.,Ordeño,07:34,9.85,1,,,,,0,,0.78,1.02,1.08,1.08,0,0,0,0,4.33,4.40,4.43,4.53,VMS 3,,Tanque,,1.14,1.44,1.44,1.44,2.10,2.38,3.09,2.28
08/08/2024 02:26 p. m.,Ordeño,07:45,12.99,2,,,,,0,,0.84,1.02,1.14,1.14,0,0,0,0,4.55,4.58,4.57,4.66,VMS 3,,Tanque,,1.38,1.56,1.62,1.44,2.83,3.12,4.10,2.94
09/08/2024 05:59 a. m.,Ordeño,08:05,13.38,1,,,,,0,,0.84,1.08,1.20,1.14,0,0,0,0,4.19,4.33,4.22,4.34,VMS 3,,Tanque,,1.26,1.56,1.68,1.44,2.84,3.08,4.28,3.18
09/08/2024 01:31 p. m.,Ordeño,06:13,5.98,2,,,,,0,,0.78,0.84,1.08,0.96,0,0,0,0,4.10,4.24,4.30,4.24,VMS 3,,Tanque,,1.14,1.26,1.50,1.56,1.29,1.41,1.81,1.47
10/08/2024 01:54 a. m.,Ordeño,06:34,12.21,1,,,,,0,,0.96,0.90,1.26,1.08,0,0,0,0,4.45,4.49,4.53,4.49,VMS 3,,Tanque,,1.26,1.26,1.74,1.44,2.65,2.89,3.84,2.83
10/08/2024 05:26 p. m.,Ordeño,07:30,16.62,2,,,,,0,,0.84,0.90,1.14,1.08,0,0,0,0,4.64,4.66,4.64,4.68,VMS 3,,Tanque,,1.20,1.32,1.62,1.44,3.46,3.91,5.28,3.97
11/08/2024 06:34 a. m.,Ordeño,06:23,13.01,1,,,,,0,,0.90,1.02,1.20,1.08,0,0,0,0,4.36,4.44,4.52,4.57,VMS 3,,Tanque,,1.32,1.44,1.62,1.44,2.91,3.00,4.01,3.09
11/08/2024 09:02 p. m.,Ordeño,08:14,14.10,2,,,,,0,,0.90,0.90,1.08,1.14,0,0,0,0,4.41,4.57,4.44,4.59,VMS 3,,Tanque,,1.26,1.32,1.56,1.50,3.06,3.36,4.38,3.30
12/08/2024 10:46 a. m.,Ordeño,07:28,14.04,1,,,,,0,,0.84,1.14,1.20,1.20,0,0,0,0,4.46,4.52,4.42,4.69,VMS 3,,Tanque,,1.32,1.44,1.56,1.56,3.07,3.25,4.46,3.26
12/08/2024 08:27 p. m.,Ordeño,05:54,9.17,2,,,,,0,,0.78,0.90,1.20,1.08,0,0,0,0,4.10,4.30,4.35,4.53,VMS 3,,Tanque,,1.02,1.32,1.50,1.44,1.99,2.17,2.87,2.14
13/08/2024 08:37 a. m.,Ordeño,06:22,13.66,1,,,,,0,,0.84,0.96,1.20,1.08,0,0,0,0,4.65,4.71,4.65,4.68,VMS 3,,Tanque,,1.20,1.38,1.62,1.44,3.00,3.27,4.21,3.18
13/08/2024 09:16 p. m.,Ordeño,06:49,13.56,2,,,,,0,,0.84,0.96,1.14,1.08,0,0,0,0,4.53,4.65,4.57,4.60,VMS 3,,Tanque,,1.20,1.38,1.50,1.38,2.92,3.25,4.31,3.08
14/08/2024 06:51 a. m.,Ordeño,05:16,9.61,1,,,,,0,,0.90,1.02,1.20,1.02,0,0,0,0,4.34,4.39,4.36,4.41,VMS 3,,Tanque,,1.32,1.38,1.56,1.32,2.13,2.35,2.91,2.22
14/08/2024 11:15 p. m.,Ordeño,07:49,17.56,2,,,,,0,,0.84,0.96,1.14,0.96,0,0,0,0,4.61,4.65,4.59,4.45,VMS 3,,Tanque,,1.26,1.32,1.56,1.38,3.79,3.97,5.60,4.20
15/08/2024 06:49 a. m.,Ordeño,05:39,7.74,1,,,,,0,,0.72,1.02,1.08,1.02,0,0,0,0,4.06,4.30,4.40,4.26,VMS 3,,Tanque,,1.14,1.38,1.56,1.32,1.83,1.89,2.28,1.74
15/08/2024 11:07 p. m.,Ordeño,06:27,15.67,2,,,,,0,,0.96,1.02,1.26,1.14,0,0,0,0,4.60,4.73,4.72,4.77,VMS 3,,Tanque,,1.32,1.56,1.62,1.44,3.50,3.53,4.92,3.72
16/08/2024 10:49 a. m.,Ordeño,05:37,9.64,1,,,,,0,,0.90,0.90,1.20,1.02,0,0,0,0,4.17,4.30,4.33,4.29,VMS 3,,Tanque,,1.38,1.32,1.56,1.38,2.13,2.17,3.08,2.26
16/08/2024 11:24 p. m.,Ordeño,05:28,11.74,2,,,,,0,,1.02,0.96,1.32,1.08,0,0,0,0,4.45,4.56,4.46,4.49,VMS 3,,Tanque,,1.38,1.32,1.80,1.50,2.64,2.61,3.70,2.79
17/08/2024 01:10 p. m.,Ordeño,07:32,14.33,1,,,,,0,,0.90,1.02,1.20,1.08,0,0,0,0,4.52,4.61,4.63,4.66,VMS 3,,Tanque,,1.20,1.50,1.62,1.38,3.11,3.17,4.62,3.43
18/08/2024 02:15 a. m.,Ordeño,07:33,13.77,1,,,,,0,,0.90,1.02,1.20,1.14,0,0,0,0,4.63,4.47,4.52,4.60,VMS 3,,Tanque,,1.26,1.44,1.62,1.56,2.91,3.22,4.40,3.24
18/08/2024 02:14 p. m.,Ordeño,05:58,10.86,2,,,,,0,,0.84,0.96,1.20,1.02,0,0,0,0,4.22,4.34,4.46,4.27,VMS 3,,Tanque,,1.14,1.38,1.62,1.38,2.37,2.43,3.54,2.52
19/08/2024 02:28 a. m.,Ordeño,06:25,11.82,1,,,,,0,,0.90,0.90,1.26,1.02,0,0,0,0,4.45,4.46,4.45,4.59,VMS 3,,Tanque,,1.20,1.32,1.68,1.38,2.62,2.63,3.75,2.82
19/08/2024 09:12 p. m.,Ordeño,07:20,17.61,2,,,,,0,,0.96,0.96,1.26,1.02,0,0,0,0,4.76,4.68,4.60,4.86,VMS 3,,Tanque,,1.32,1.32,1.62,1.38,3.85,4.06,5.45,4.25
20/08/2024 09:58 a. m.,Ordeño,07:29,12.02,1,,,,,0,,0.96,0.96,1.26,1.02,0,0,0,0,4.40,4.50,4.54,4.65,VMS 3,,Tanque,,1.38,1.38,1.62,1.38,2.65,2.74,3.75,2.88
21/08/2024 02:49 a. m.,Ordeño,07:08,15.83,1,,,,,0,,0.90,1.08,1.32,1.08,0,0,0,0,4.55,4.64,4.65,4.72,VMS 3,,Tanque,,1.32,1.38,1.86,1.44,3.68,3.50,5.02,3.63
21/08/2024 04:38 p. m.,Ordeño,06:33,13.07,2,,,,,0,,0.84,1.02,1.20,1.08,0,0,0,0,4.50,4.45,4.53,4.55,VMS 3,,Tanque,,1.26,1.38,1.62,1.50,2.96,2.88,4.15,3.08
22/08/2024 09:23 a. m.,Ordeño,06:38,14.88,1,,,,,0,,0.90,1.02,1.26,1.14,0,0,0,0,4.75,4.66,4.74,4.81,VMS 3,,Tanque,,1.26,1.38,1.68,1.44,3.21,3.23,4.85,3.59
23/08/2024 01:47 a. m.,Ordeño,06:29,13.76,1,,,,,0,,0.90,1.08,1.26,1.08,0,0,0,0,4.41,4.53,4.47,4.54,VMS 3,,Tanque,,1.32,1.56,1.68,1.44,2.97,3.01,4.55,3.23
23/08/2024 05:12 p. m.,Ordeño,06:28,13.48,2,,,,,0,,0.84,0.90,1.20,0.96,0,0,0,0,4.53,4.58,4.72,4.46,VMS 3,,Tanque,,1.26,1.26,1.56,1.26,2.94,2.92,4.44,3.18
24/08/2024 10:06 a. m.,Ordeño,07:42,15.28,1,,,,,0,,1.02,1.08,1.26,1.02,0,0,0,0,4.66,4.65,4.60,4.52,VMS 3,,Tanque,,1.38,1.50,1.68,1.32,3.38,3.27,4.95,3.68
24/08/2024 11:45 p. m.,Ordeño,06:48,11.77,2,,,,,0,,0.90,0.90,1.20,1.08,0,0,0,0,4.30,4.28,4.45,4.46,VMS 3,,Tanque,,1.26,1.20,1.62,1.38,2.57,2.56,3.73,2.91
25/08/2024 06:09 p. m.,Ordeño,06:56,17.43,1,,,,,0,,0.96,1.08,1.38,1.14,0,0,0,0,4.78,4.85,4.79,4.89,VMS 3,,Tanque,,1.26,1.50,1.86,1.44,3.85,3.82,5.65,4.11
27/08/2024 01:29 a. m.,Ordeño,05:37,9.51,1,,,,,0,,0.90,1.02,1.32,1.14,0,0,0,0,4.22,4.22,4.50,4.14,VMS 3,,Tanque,,1.26,1.44,1.68,1.62,2.04,2.05,3.04,2.38
27/08/2024 03:15 p. m.,Ordeño,07:41,13.52,2,,,,,0,,0.96,0.90,1.26,0.96,0,0,0,0,4.64,4.61,4.58,4.60,VMS 3,,Tanque,,1.20,1.44,1.62,1.68,2.95,2.95,4.35,3.27
28/08/2024 06:29 a. m.,Ordeño,06:32,14.46,1,,,,,0,,1.02,0.90,1.32,1.14,0,0,0,0,4.45,4.40,4.20,4.43,VMS 3,,Tanque,,1.32,1.32,1.74,1.62,3.10,3.19,4.66,3.51
29/08/2024 06:03 a. m.,Ordeño,07:42,18.93,1,,,,,0,,1.08,0.96,1.38,1.02,0,0,0,0,4.70,4.61,4.61,4.56,VMS 3,,Tanque,,1.44,1.32,1.74,1.56,4.11,4.21,5.92,4.69
09/11/2024 05:03 p. m.,Ordeño,08:54,14.37,1,,,,,0,,1.62,1.56,1.80,1.56,3354,895,995,491,2.82,2.95,2.88,2.84,VMS 3,,Divert 3,,2.10,2.04,2.34,2.10,4.59,2.88,3.26,3.64
10/11/2024 01:17 a. m.,Ordeño,07:16,4.51,1,,"DD,TD",,,0,,1.26,1.32,1.38,1.20,2048,400,386,682,3.63,3.35,3.90,3.80,VMS 3,,Divert 3,,1.80,1.74,1.98,1.62,1.47,0.55,1.37,1.12
10/11/2024 11:50 a. m.,Ordeño,12:00,3.01,2,,"DD,TI,TD",,"DD,TI",0,TD,1.20,0.42,0.60,1.38,645,0,0,300,4.58,0.00,3.42,4.76,VMS 3,,Divert 3,,1.62,0.72,1.08,3.24,2.34,0.09,0.08,0.50
10/11/2024 09:19 p. m.,Ordeño,10:01,11.52,3,,,TI,TI,0,,1.02,1.32,0.00,1.08,438,0,0,389,5.05,4.97,0.00,4.66,VMS 3,,Divert 3,,1.38,1.80,0.00,1.74,2.61,4.86,0.00,4.05
11/11/2024 02:13 a. m.,Ordeño,07:18,9.84,1,,,,,0,TI,0.96,0.96,1.62,0.96,339,0,0,0,4.50,4.42,5.11,4.32,VMS 3,,Divert 3,,1.32,1.38,2.10,1.44,1.63,1.61,5.20,1.40
11/11/2024 08:55 p. m.,Ordeño,10:23,22.58,2,,,,,0,,1.08,1.32,1.32,1.08,348,0,0,0,5.03,4.89,4.96,5.02,VMS 3,,Divert 3,,1.50,1.68,1.74,1.68,6.02,5.97,5.25,5.34
12/11/2024 12:12 p. m.,Ordeño,09:25,17.19,1,,,,,0,,1.14,1.32,1.38,1.14,0,0,0,0,4.88,4.89,4.83,4.89,VMS 3,,Divert 3,,1.56,1.86,2.04,1.50,4.68,4.62,3.87,4.02
12/11/2024 07:24 p. m.,Ordeño,07:08,8.14,2,,,,,0,,1.02,1.20,1.32,0.96,0,0,0,0,4.69,4.78,4.69,4.74,VMS 3,,Divert 3,,1.38,1.62,1.68,1.32,2.23,2.10,1.86,1.95
13/11/2024 02:51 a. m.,Ordeño,13:14,9.19,1,,,,,0,,1.02,1.14,1.08,0.84,0,0,0,0,4.57,4.77,4.68,4.37,VMS 3,,Divert 3,,1.38,1.56,1.44,1.56,2.45,2.44,2.21,2.09
13/11/2024 10:02 a. m.,Ordeño,09:37,8.01,2,,DI,,,0,,1.14,1.20,1.26,1.14,0,0,0,0,4.76,4.76,4.68,4.83,VMS 3,,Divert 3,,1.86,1.68,2.04,1.50,1.47,2.34,2.07,2.13
13/11/2024 09:58 p. m.,Ordeño,09:04,16.27,3,,,,,0,,1.20,1.26,1.38,1.14,0,0,0,0,4.80,4.78,4.80,4.71,VMS 3,,Divert 3,,1.68,1.68,1.86,1.56,4.75,4.28,3.56,3.68
15/11/2024 05:06 a. m.,Ordeño,05:54,11.29,1,,,,,0,,1.02,1.14,1.44,1.20,0,0,0,0,4.95,5.07,4.77,0.00,VMS 1,,Tanque,,1.50,1.56,1.86,1.62,2.82,2.94,2.85,2.68
15/11/2024 05:19 p. m.,Ordeño,08:30,13.03,2,,"TI,TD",TD,,0,,1.08,1.32,1.38,0.72,0,0,0,0,5.21,5.33,5.17,0.00,VMS 1,,Tanque,,1.56,1.74,1.86,1.14,4.08,4.45,4.04,0.46
16/11/2024 03:05 a. m.,Ordeño,10:13,16.10,1,,,,,0,,1.02,1.20,1.38,1.20,0,0,0,0,5.09,5.05,4.94,0.00,VMS 1,,Tanque,,1.44,1.62,1.98,1.62,3.20,3.47,3.83,5.60
16/11/2024 05:41 p. m.,Ordeño,08:48,16.15,2,,TD,TD,,0,,1.08,1.26,1.50,1.08,0,0,0,0,5.21,5.43,5.30,0.00,VMS 1,,Tanque,,1.38,1.74,1.92,1.86,4.93,5.26,5.00,0.96
17/11/2024 03:50 a. m.,Ordeño,07:14,17.11,1,,,,,0,,1.08,1.26,1.44,1.26,0,0,0,0,5.09,5.14,5.15,0.00,VMS 1,,Tanque,,1.44,1.68,2.04,1.62,3.79,4.26,3.82,5.24
17/11/2024 12:32 p. m.,Ordeño,06:55,13.02,2,,,,,0,,1.02,1.08,1.50,1.08,0,0,0,0,5.07,5.04,5.08,0.00,VMS 1,,Tanque,,1.38,1.50,1.92,1.50,3.33,3.62,3.46,2.61
17/11/2024 10:50 p. m.,Ordeño,09:07,16.74,3,,,,,0,,1.08,1.08,1.44,1.02,0,0,0,0,5.15,4.92,5.23,0.00,VMS 1,,Tanque,,1.50,1.68,1.86,1.38,4.05,4.77,4.34,3.58
18/11/2024 10:07 a. m.,Ordeño,07:49,18.23,1,,,,,0,,1.02,1.32,1.50,1.20,0,0,0,0,4.87,5.30,5.17,0.00,VMS 1,,Tanque,,1.44,1.74,2.04,1.50,4.62,4.88,4.69,4.04
18/11/2024 06:43 p. m.,Ordeño,10:20,10.83,2,,TI,TI,,0,,1.02,1.08,0.96,1.32,0,0,0,0,5.09,5.02,4.15,0.00,VMS 1,,Tanque,,1.50,1.56,1.62,1.80,3.44,3.69,0.45,3.25
19/11/2024 05:28 a. m.,Ordeño,08:08,20.38,1,,,,,0,,1.08,1.14,1.50,1.20,0,0,0,0,5.29,5.22,5.28,0.00,VMS 1,,Tanque,,1.50,1.56,2.04,1.56,4.50,5.14,4.89,5.85
19/11/2024 12:39 p. m.,Ordeño,10:42,12.53,2,,DI,,,0,,1.02,1.02,1.32,0.96,0,0,0,0,5.14,5.00,5.08,0.00,VMS 1,,Tanque,,1.38,1.44,1.80,1.38,3.27,3.48,3.30,2.48
19/11/2024 10:42 p. m.,Ordeño,08:52,16.81,3,,,,,0,,1.02,1.20,1.50,1.14,0,0,0,0,5.23,5.30,5.26,0.00,VMS 1,,Tanque,,1.32,1.80,1.92,1.44,4.26,4.46,4.39,3.70
20/11/2024 08:47 a. m.,Ordeño,14:44,17.49,1,,,,,0,,0.96,1.02,1.32,1.02,0,0,0,0,5.16,5.17,5.13,0.00,VMS 1,,Tanque,,1.38,1.44,1.86,1.50,4.20,4.54,4.57,4.18
21/11/2024 12:16 a. m.,Ordeño,09:05,26.33,1,,,,,0,,1.20,1.32,1.50,1.20,0,0,0,0,5.31,5.41,5.31,0.00,VMS 1,,Tanque,,1.50,1.74,2.04,1.68,6.44,6.93,6.76,6.20
21/11/2024 10:18 a. m.,Ordeño,07:23,17.08,2,,,,,0,,1.02,1.14,1.44,1.20,0,0,0,0,5.08,5.20,5.24,0.00,VMS 1,,Tanque,,1.38,1.56,2.88,1.56,4.04,4.33,4.76,3.95
21/11/2024 06:46 p. m.,Ordeño,08:55,13.84,3,,,,,0,,0.96,0.96,1.32,0.96,0,0,0,0,4.88,4.92,5.01,0.00,VMS 1,,Tanque,,1.38,1.50,1.74,1.38,3.43,3.65,3.57,3.19
22/11/2024 03:15 a. m.,Ordeño,12:29,12.28,1,,,TD,TD,0,,1.02,1.20,1.38,0.00,0,0,0,0,5.20,5.20,5.31,0.00,VMS 1,,Tanque,,1.44,1.86,1.92,0.00,3.81,4.33,4.14,0.00
22/11/2024 07:23 a. m.,Ordeño,09:09,12.01,2,,,,,0,,0.90,1.08,1.26,1.14,0,0,0,0,5.12,5.20,5.17,0.00,VMS 1,,Tanque,,1.38,1.44,1.68,1.50,2.13,2.31,2.15,5.42
22/11/2024 05:39 p. m.,Ordeño,10:13,17.30,3,,,,,0,,1.02,1.20,1.32,1.02,0,0,0,0,4.99,5.07,5.11,0.00,VMS 1,,Tanque,,1.38,1.56,2.04,1.38,4.33,4.52,4.85,3.60
23/11/2024 02:02 a. m.,Ordeño,12:24,7.90,1,,TI,"TI,TD",TD,0,,0.96,1.14,1.02,0.00,0,0,0,0,4.87,5.01,4.65,0.00,VMS 1,,Tanque,,1.32,1.50,1.56,0.00,3.22,3.62,1.06,0.00
23/11/2024 11:53 a. m.,Ordeño,10:20,22.01,2,,,,,0,,1.08,1.08,1.50,1.08,0,0,0,0,4.92,5.02,5.16,0.00,VMS 1,,Tanque,,1.44,1.50,1.98,1.44,4.57,4.77,6.47,6.20
23/11/2024 09:53 p. m.,Ordeño,07:34,16.75,3,,,,,0,,1.08,1.08,1.44,0.96,0,0,0,0,4.87,4.93,4.91,0.00,VMS 1,,Tanque,,1.44,1.50,1.98,1.56,4.33,4.68,4.13,3.61
24/11/2024 11:00 a. m.,Ordeño,10:34,21.93,1,,,,,0,,1.08,1.20,1.38,1.02,0,0,0,0,4.75,4.92,4.93,0.00,VMS 1,,Tanque,,1.68,1.56,1.80,1.56,5.47,5.90,5.78,4.78
25/11/2024 12:43 a. m.,Ordeño,13:02,17.19,1,,,TD,TD,0,,1.08,1.14,1.32,0.00,0,0,0,0,4.84,4.86,5.08,0.00,VMS 1,,Tanque,,1.50,1.56,1.86,0.00,5.36,6.10,5.73,0.00
25/11/2024 10:07 a. m.,Ordeño,09:01,21.69,2,,,,,0,,1.08,1.08,1.38,1.08,0,0,0,0,4.75,4.95,5.01,0.00,VMS 1,,Tanque,,1.50,1.44,1.92,1.50,4.79,4.84,4.85,7.21
26/11/2024 01:37 a. m.,Ordeño,10:09,25.71,1,,,,,0,,1.20,1.14,1.38,1.02,0,0,0,0,5.12,5.19,5.43,0.00,VMS 1,,Tanque,,1.50,1.50,1.86,1.38,6.73,6.84,7.30,4.84
26/11/2024 12:39 p. m.,Ordeño,08:33,17.15,2,,TD,TD,,0,,1.02,1.14,1.32,0.84,0,0,0,0,4.92,5.07,5.26,0.00,VMS 1,,Tanque,,1.32,1.50,1.74,1.50,5.28,5.78,5.75,0.34
26/11/2024 05:21 p. m.,Ordeño,09:08,13.06,3,,,,,0,,1.02,1.02,1.14,1.14,0,0,0,0,4.84,4.80,4.96,0.00,VMS 1,,Tanque,,1.38,1.44,1.56,1.50,2.45,2.37,2.34,5.90
27/11/2024 03:05 a. m.,Ordeño,09:05,17.07,1,,,,,0,,1.14,1.20,1.38,0.96,0,0,0,0,5.18,5.22,5.36,0.00,VMS 1,,Tanque,,1.44,1.56,1.80,1.38,4.30,4.87,4.54,3.36
27/11/2024 11:35 a. m.,Ordeño,08:36,11.67,2,,TD,TD,TD,0,,1.02,1.08,1.26,0.72,0,0,0,0,4.83,4.81,5.05,0.00,VMS 1,,Tanque,,1.38,1.62,1.92,1.44,3.76,3.82,3.92,0.17
27/11/2024 07:49 p. m.,Ordeño,10:10,5.70,3,,"TI,TD","DD,TI,TD",DD,0,,1.14,0.00,0.90,0.78,0,0,0,0,5.24,0.00,4.95,0.00,VMS 1,,Tanque,,1.50,0.00,1.86,1.26,3.84,0.00,1.01,0.85
28/11/2024 05:34 a. m.,Ordeño,09:29,25.16,1,,,,,0,,1.08,1.20,1.44,1.14,0,0,0,0,5.39,5.50,5.69,0.00,VMS 1,,Tanque,,1.44,1.56,1.80,1.62,5.17,7.21,6.34,6.44
28/11/2024 11:23 a. m.,Ordeño,07:13,9.62,2,,,,,0,,0.96,1.08,1.32,0.84,0,0,0,0,5.04,4.88,5.14,0.00,VMS 1,,Tanque,,1.32,1.38,1.74,1.68,2.59,2.61,2.70,1.72
28/11/2024 06:53 p. m.,Ordeño,10:30,12.59,3,,,,,0,,1.14,1.02,1.08,0.90,0,0,0,0,5.30,5.28,5.50,0.00,VMS 1,,Tanque,,1.44,1.50,1.56,1.38,3.34,3.40,3.42,2.43
29/11/2024 03:31 a. m.,Ordeño,08:58,17.70,1,,,,,0,,1.08,1.14,1.38,1.02,0,0,0,0,5.33,5.49,5.61,0.00,VMS 1,,Tanque,,1.32,1.62,1.74,1.44,4.40,4.63,4.94,3.73
29/11/2024 12:40 p. m.,Ordeño,07:33,18.01,2,,,,,0,,1.08,1.02,1.32,0.96,0,0,0,0,5.18,5.34,5.42,0.00,VMS 1,,Tanque,,1.44,1.50,1.74,1.38,4.54,4.73,4.85,3.89
29/11/2024 10:32 p. m.,Ordeño,11:18,17.99,3,,TD,,,0,,1.14,1.02,1.26,0.84,0,0,0,0,5.22,5.34,5.33,0.00,VMS 1,,Tanque,,1.50,1.50,1.74,1.26,4.69,5.29,5.46,2.55
30/11/2024 05:37 a. m.,Ordeño,12:20,10.87,1,,,TD,TD,0,,1.08,1.02,1.20,0.00,0,0,0,0,5.02,5.09,5.24,0.00,VMS 1,,Tanque,,1.44,1.38,1.62,0.00,3.58,3.66,3.63,0.00
30/11/2024 02:04 p. m.,Ordeño,10:27,10.17,2,,"TI,TD","TI,TD",,0,,1.14,1.20,1.14,0.90,0,0,0,300,5.22,5.28,5.09,0.00,VMS 1,,Tanque,,1.50,1.68,2.64,1.68,4.37,4.53,0.92,0.35
30/11/2024 06:27 p. m.,Ordeño,09:45,18.23,3,,,,,0,,0.96,1.02,1.32,1.02,0,0,0,0,4.98,5.07,5.48,0.00,VMS 1,,Tanque,,1.50,1.38,1.74,1.56,2.76,2.68,6.12,6.67
01/12/2024 07:00 a. m.,Ordeño,11:47,22.65,1,,,,,0,,1.14,1.08,1.50,1.08,373,380,0,0,5.36,5.36,5.56,0.00,VMS 1,,Tanque,,1.62,1.56,1.92,1.62,5.42,5.47,6.62,5.14
01/12/2024 10:30 p. m.,Ordeño,09:14,26.36,2,,,,,0,,1.20,1.32,1.50,1.08,0,0,0,0,5.17,5.24,5.33,0.00,VMS 1,,Tanque,,1.68,1.68,1.86,1.44,6.22,6.94,7.24,5.96
02/12/2024 07:33 a. m.,Ordeño,12:24,14.69,1,,,TD,TD,0,,1.02,1.14,1.14,0.00,0,0,0,0,4.82,4.94,4.44,0.00,VMS 1,,Tanque,,1.38,1.56,1.80,0.00,4.62,4.78,5.29,0.00
02/12/2024 10:58 a. m.,Ordeño,08:00,11.56,2,,,,,0,,0.78,0.90,1.38,1.08,0,0,0,0,4.53,4.67,4.67,0.00,VMS 1,,Tanque,,1.14,1.32,2.34,1.50,1.94,1.86,2.61,5.15
03/12/2024 01:08 a. m.,Ordeño,15:12,18.67,1,,,TD,TD,0,,1.14,1.20,1.56,0.00,0,0,0,0,5.27,5.35,5.07,0.00,VMS 1,,Tanque,,1.50,1.56,2.46,0.00,5.06,5.77,7.84,0.00
03/12/2024 06:50 a. m.,Ordeño,08:40,17.19,2,,,,,0,,0.96,1.26,1.50,1.08,0,0,0,0,4.51,4.75,4.66,0.00,VMS 1,,Tanque,,1.44,1.86,2.16,1.56,3.48,3.70,4.07,5.94
03/12/2024 04:13 p. m.,Ordeño,09:06,18.56,3,,,,,0,,1.02,1.20,1.32,0.90,0,0,0,0,4.85,4.96,5.15,0.00,VMS 1,,Tanque,,1.44,1.62,1.80,1.38,4.59,5.03,5.40,3.54
04/12/2024 01:44 a. m.,Ordeño,08:51,17.97,1,,,,,0,,1.08,1.14,1.44,1.02,0,0,0,0,4.82,5.05,5.21,0.00,VMS 1,,Tanque,,1.44,1.56,2.16,1.74,4.45,4.61,5.34,3.57
04/12/2024 10:49 a. m.,Ordeño,08:18,18.60,2,,,,,0,,1.20,1.08,1.44,1.02,0,0,0,0,4.89,5.12,5.14,0.00,VMS 1,,Tanque,,1.62,1.50,2.04,1.50,4.31,4.84,5.70,3.75
04/12/2024 07:58 p. m.,Ordeño,08:33,19.72,3,,,,,0,,1.14,1.14,1.56,1.08,0,0,0,0,4.96,5.03,5.23,0.00,VMS 1,,Tanque,,1.50,1.98,2.16,1.62,4.62,5.12,5.85,4.13
05/12/2024 03:46 a. m.,Ordeño,13:47,6.68,1,,,"TI,TD","TI,TD",0,,1.08,0.96,0.00,0.00,0,0,0,0,5.03,5.08,0.00,0.00,VMS 1,,Tanque,,1.44,1.44,0.00,0.00,3.33,3.35,0.00,0.00
05/12/2024 07:18 p. m.,Ordeño,09:51,28.13,2,,,,,0,,1.20,1.26,1.44,1.08,0,0,0,0,5.00,5.23,5.53,0.00,VMS 1,,Tanque,,1.56,1.68,1.80,1.44,7.45,7.34,7.21,6.13
06/12/2024 03:12 a. m.,Ordeño,08:32,10.49,1,,TI,TI,,0,,1.02,1.14,1.08,1.02,0,0,0,0,4.73,4.77,4.56,0.00,VMS 1,,Tanque,,1.38,1.62,1.56,1.68,3.47,3.46,0.71,2.85
06/12/2024 11:00 a. m.,Ordeño,07:21,16.43,2,,,,,0,,1.02,1.20,1.50,1.08,326,0,0,0,4.79,5.00,5.09,0.00,VMS 1,,Tanque,,1.32,1.56,2.04,1.56,3.57,3.67,6.11,3.08
06/12/2024 09:09 p. m.,Ordeño,11:56,12.58,3,,TD,TD,TD,0,,0.90,1.08,1.26,0.48,0,0,0,0,5.06,5.26,5.13,0.00,VMS 1,,Tanque,,1.26,1.44,1.74,0.72,3.83,4.20,4.49,0.06
07/12/2024 10:56 a. m.,Ordeño,10:01,27.40,1,,,,,0,,1.14,1.26,1.44,1.20,0,0,0,0,5.07,5.17,5.32,0.00,VMS 1,,Tanque,,1.50,1.62,1.98,1.74,6.49,6.91,6.86,7.14
07/12/2024 07:38 p. m.,Ordeño,12:41,13.80,2,,,,,0,,1.02,1.02,1.14,0.90,0,0,0,0,4.96,4.99,5.12,0.00,VMS 1,,Tanque,,1.38,1.38,1.56,1.26,3.63,3.66,3.70,2.81
08/12/2024 08:12 a. m.,Ordeño,10:50,24.83,1,,,,,0,,1.14,1.38,1.44,0.96,0,0,0,0,5.27,5.34,5.41,0.00,VMS 1,,Tanque,,1.44,1.86,1.86,1.44,6.51,5.79,7.35,5.18
08/12/2024 02:55 p. m.,Ordeño,07:50,13.59,2,,,,,0,,1.02,1.20,1.26,0.96,0,0,0,0,4.61,4.80,4.94,0.00,VMS 1,,Tanque,,1.38,1.56,1.68,1.38,3.62,3.56,3.63,2.78
09/12/2024 02:47 a. m.,Ordeño,09:00,15.74,1,,,TI,TI,0,,1.14,1.20,0.00,1.14,0,0,0,0,5.23,5.40,0.00,0.00,VMS 1,,Tanque,,1.44,1.56,0.00,1.62,5.35,5.67,0.00,4.72
09/12/2024 11:28 a. m.,Ordeño,10:53,15.80,2,,TD,TD,TD,0,,0.90,1.14,1.38,0.48,0,0,0,0,5.07,5.12,5.48,0.00,VMS 1,,Tanque,,1.32,1.68,1.98,0.78,3.87,4.39,7.41,0.13
09/12/2024 10:12 p. m.,Ordeño,08:42,16.91,3,,TI,,,0,,1.14,1.20,1.02,1.20,0,0,0,0,5.22,5.38,5.09,0.00,VMS 1,,Tanque,,1.62,1.62,1.68,1.62,4.89,5.06,0.58,6.38
10/12/2024 12:19 p. m.,Ordeño,10:12,22.06,1,,TD,,TD,0,,1.14,1.26,1.50,0.78,0,0,0,0,5.39,5.38,5.20,0.00,VMS 1,,Tanque,,1.44,1.62,2.04,1.02,6.90,6.95,8.14,0.07
10/12/2024 10:21 p. m.,Ordeño,09:13,16.29,2,,,,,0,,1.02,1.08,1.26,1.02,0,0,0,0,4.99,5.19,5.12,0.00,VMS 1,,Tanque,,1.44,1.56,1.80,1.92,3.74,3.98,3.72,4.85
11/12/2024 09:58 a. m.,Ordeño,10:37,21.70,1,,,,,0,,1.08,1.14,1.38,0.78,0,0,0,0,5.08,5.13,5.35,0.00,VMS 1,,Tanque,,1.44,1.62,1.86,1.20,5.69,6.42,5.95,3.64
12/12/2024 05:00 a. m.,Ordeño,10:55,19.62,1,,,TD,TD,0,,1.20,1.38,1.56,0.00,0,0,0,0,5.40,5.25,5.42,0.00,VMS 1,,Tanque,,1.50,1.86,2.04,0.00,6.67,6.54,6.41,0.00
12/12/2024 06:48 p. m.,Ordeño,08:24,20.18,2,,,,,0,,1.20,1.26,1.50,1.26,0,0,0,0,5.13,5.29,5.47,0.00,VMS 1,,Tanque,,1.56,1.92,1.98,2.10,4.84,5.10,5.03,5.21
13/12/2024 06:49 a. m.,Ordeño,08:15,15.32,1,,,,,0,,1.14,1.38,1.62,0.84,0,0,0,0,5.19,5.45,5.47,0.00,VMS 1,,Tanque,,1.50,1.80,2.04,1.26,4.16,4.20,4.79,2.17
13/12/2024 09:16 p. m.,Ordeño,08:47,15.84,2,,TI,TI,,0,,1.02,1.32,1.26,1.08,0,0,0,0,5.24,5.28,5.35,0.00,VMS 1,,Tanque,,1.44,1.74,1.92,1.74,5.30,5.54,1.11,3.89
14/12/2024 03:36 a. m.,Ordeño,07:05,12.65,1,,,,,0,,0.90,1.14,1.50,0.84,0,0,0,0,5.04,5.01,5.23,0.00,VMS 1,,Tanque,,1.20,1.50,2.10,1.38,2.30,2.36,6.39,1.60
14/12/2024 06:33 p. m.,Ordeño,11:07,21.15,2,,,,,0,,1.14,1.32,1.50,1.08,0,0,0,0,5.29,5.30,5.35,0.00,VMS 1,,Tanque,,1.74,1.74,2.28,1.56,5.42,5.74,5.68,4.31
15/12/2024 12:45 p. m.,Ordeño,09:50,23.14,1,,,,,0,,1.20,1.14,1.50,1.08,0,0,0,0,5.24,5.29,5.27,0.00,VMS 1,,Tanque,,1.56,1.62,1.98,1.50,5.82,6.20,6.46,4.66
16/12/2024 01:55 a. m.,Ordeño,08:21,18.17,1,,,,,0,,1.14,1.08,1.50,1.02,0,0,0,0,5.30,5.34,5.61,0.00,VMS 1,,Tanque,,1.50,1.50,1.98,1.44,4.72,4.85,5.01,3.59
16/12/2024 12:44 p. m.,Ordeño,08:23,12.03,2,,TI,TI,,0,,1.14,1.02,1.14,1.08,0,0,0,0,5.14,5.21,5.16,0.00,VMS 1,,Tanque,,1.50,1.44,1.74,1.74,3.78,4.13,0.81,3.31
16/12/2024 07:31 p. m.,Ordeño,06:54,12.00,3,,,,,0,,0.90,0.96,1.38,0.84,0,314,0,0,5.16,5.26,5.46,0.00,VMS 1,,Tanque,,1.26,1.38,1.86,1.50,2.37,2.34,5.44,1.85
17/12/2024 06:37 a. m.,Ordeño,10:24,9.50,1,,TI,"TI,TD","TI,TD",0,DD,0.96,1.20,0.42,0.00,0,0,0,0,5.41,5.53,4.09,0.00,VMS 1,,Tanque,,1.38,1.56,0.84,0.00,4.64,4.79,0.07,0.00
17/12/2024 03:19 p. m.,Ordeño,12:19,13.56,2,,,,TI,0,,0.96,1.08,0.00,1.08,0,0,0,0,5.08,5.18,0.00,0.00,VMS 1,,Tanque,,1.44,1.38,0.00,1.62,3.69,3.95,0.00,5.92
18/12/2024 12:59 a. m.,Ordeño,08:08,18.09,1,,,,,0,,0.90,1.08,1.50,0.96,0,0,0,0,5.20,5.35,5.29,0.00,VMS 1,,Tanque,,1.26,1.38,2.04,1.74,3.62,3.95,7.35,3.17
18/12/2024 11:59 a. m.,Ordeño,10:10,20.36,2,,,,,0,,1.08,1.20,1.44,1.08,0,0,0,0,5.52,5.59,5.33,0.00,VMS 1,,Tanque,,1.44,1.62,1.92,1.80,5.21,5.37,5.15,4.63
18/12/2024 07:49 p. m.,Ordeño,10:48,12.04,3,,TD,TD,,0,,0.90,1.02,1.32,0.72,0,0,0,0,5.20,5.35,5.49,0.00,VMS 1,,Tanque,,1.32,1.38,1.86,1.50,3.58,4.09,3.93,0.44
19/12/2024 03:29 a. m.,Ordeño,09:43,18.23,1,,,,,0,,0.96,0.96,1.26,1.08,0,0,0,0,5.28,5.33,5.64,0.00,VMS 1,,Tanque,,1.38,1.44,1.62,1.50,4.16,4.02,4.22,5.83
19/12/2024 04:18 p. m.,Ordeño,09:42,23.96,2,,,,,0,,1.08,1.14,1.38,1.14,0,0,0,0,5.55,5.59,5.71,0.00,VMS 1,,Tanque,,1.44,1.68,1.92,1.86,5.94,6.31,6.29,5.42
20/12/2024 03:24 a. m.,Ordeño,10:05,19.78,1,,,,,0,,0.96,1.14,1.38,1.08,0,0,0,0,5.57,5.50,5.85,0.00,VMS 1,,Tanque,,1.38,1.56,1.86,2.10,4.97,5.15,5.35,4.31
20/12/2024 04:26 p. m.,Ordeño,10:56,18.41,2,,TD,TD,TD,0,,0.90,1.14,1.32,0.36,0,0,0,0,5.64,5.68,5.89,0.00,VMS 1,,Tanque,,1.68,1.50,1.74,0.66,4.92,6.56,6.88,0.05
21/12/2024 03:01 a. m.,Ordeño,09:30,20.83,1,,,,,0,,0.96,1.02,1.38,1.14,0,0,0,0,5.50,5.47,5.80,0.00,VMS 1,,Tanque,,1.32,1.44,1.86,1.50,4.71,5.03,5.30,5.79
21/12/2024 06:04 p. m.,Ordeño,12:10,21.49,2,,TD,TD,,0,,1.08,1.14,1.44,0.60,0,0,0,0,5.70,5.68,5.86,0.00,VMS 1,,Tanque,,1.50,1.56,1.98,1.26,6.59,6.92,7.69,0.29
22/12/2024 01:16 a. m.,Ordeño,10:40,16.43,1,,,,,0,,0.90,1.02,1.20,1.08,0,0,0,0,5.17,5.25,5.44,0.00,VMS 1,,Tanque,,1.26,1.32,1.62,1.56,3.04,3.21,3.49,6.69
22/12/2024 10:43 a. m.,Ordeño,10:51,16.94,2,,,,,0,,0.90,1.14,1.26,0.90,0,0,0,0,5.32,5.37,5.42,0.00,VMS 1,,Tanque,,1.26,1.56,1.80,1.32,4.42,4.43,4.94,3.15
22/12/2024 10:46 p. m.,Ordeño,11:39,21.27,3,,,,,0,,0.90,1.14,1.32,1.02,0,0,0,0,5.50,5.55,5.63,0.00,VMS 1,,Tanque,,1.32,1.68,1.86,1.50,5.42,5.72,6.15,3.98
23/12/2024 08:41 a. m.,Ordeño,08:22,16.67,1,,,,,0,,1.02,1.20,1.38,1.14,0,0,0,0,5.41,5.44,5.48,0.00,VMS 1,,Tanque,,1.44,1.68,2.22,1.68,4.33,4.21,4.79,3.34
23/12/2024 06:40 p. m.,Ordeño,09:10,19.55,2,,,,,0,,0.96,1.14,1.32,1.08,0,0,0,0,5.40,5.44,5.51,0.00,VMS 1,,Tanque,,1.32,1.50,1.86,1.38,4.92,5.21,5.45,3.97
24/12/2024 03:23 a. m.,Ordeño,08:15,18.81,1,,,,,0,,1.08,1.14,1.26,1.02,0,0,0,0,5.32,5.40,5.52,0.00,VMS 1,,Tanque,,1.56,1.56,1.68,1.32,4.72,4.92,5.33,3.84
24/12/2024 04:46 p. m.,Ordeño,10:06,20.73,2,,,,,0,,0.96,1.08,1.38,1.02,0,0,0,0,5.47,5.47,5.70,0.00,VMS 1,,Tanque,,1.32,1.44,1.92,1.50,5.03,5.41,5.85,4.44
25/12/2024 06:57 a. m.,Ordeño,07:37,19.92,1,,,,,0,,1.08,1.14,1.38,1.08,0,0,0,0,5.18,5.30,5.50,0.00,VMS 1,,Tanque,,1.44,1.50,1.86,1.44,5.03,5.19,5.50,4.20
25/12/2024 02:05 p. m.,Ordeño,06:22,12.46,2,,,,,0,,0.96,1.14,1.38,1.08,0,0,0,0,5.25,5.49,5.56,0.00,VMS 1,,Tanque,,1.50,1.56,1.86,1.56,3.15,3.06,3.58,2.67
26/12/2024 01:41 a. m.,Ordeño,09:00,19.75,1,,,,,0,,0.96,1.14,1.32,1.02,0,0,0,0,5.68,5.75,5.74,0.00,VMS 1,,Tanque,,1.38,1.56,1.68,1.62,4.83,5.22,5.49,4.21
26/12/2024 03:40 p. m.,Ordeño,11:06,26.43,2,,,,,0,,1.02,1.20,1.38,1.14,0,0,0,0,5.61,5.61,5.78,0.00,VMS 1,,Tanque,,1.50,1.62,1.92,1.50,6.52,6.85,7.37,5.69
27/12/2024 05:57 a. m.,Ordeño,10:05,20.44,1,,TI,TI,TI,0,"DI,DD",1.20,1.26,0.42,1.08,0,0,0,0,5.45,5.48,3.55,0.00,VMS 1,,Tanque,,1.50,1.62,0.78,1.62,7.15,6.87,0.07,6.35
27/12/2024 09:00 p. m.,Ordeño,10:30,27.54,2,,TD,,,0,,1.02,1.14,1.38,1.02,0,310,0,0,5.47,5.72,5.43,0.00,VMS 1,,Tanque,,1.44,1.62,1.80,1.68,7.05,6.80,7.47,6.22
28/12/2024 09:00 a. m.,Ordeño,10:31,24.88,1,,,,,0,,1.20,1.26,1.38,1.14,0,0,0,0,5.80,5.90,5.44,0.00,VMS 1,,Tanque,,1.50,1.74,1.92,1.62,6.32,6.74,6.00,5.82
28/12/2024 07:45 p. m.,Ordeño,10:28,16.40,2,,TD,TD,,0,,1.08,1.14,1.38,0.66,0,0,0,0,5.47,5.49,5.72,0.00,VMS 1,,Tanque,,1.44,1.56,1.98,1.56,5.14,5.55,5.43,0.28
29/12/2024 08:44 a. m.,Ordeño,10:17,28.60,1,,,,,0,,1.08,1.20,1.50,1.08,0,0,0,0,5.61,5.64,5.91,0.00,VMS 1,,Tanque,,1.50,1.56,1.92,1.56,6.97,7.52,7.44,6.67
29/12/2024 07:21 p. m.,Ordeño,10:46,21.46,2,,,,,0,,1.14,1.14,1.44,0.90,0,0,0,0,5.35,5.45,5.71,0.00,VMS 1,,Tanque,,1.56,1.62,2.10,1.32,5.73,5.77,5.98,3.98
30/12/2024 06:50 a. m.,Ordeño,08:48,23.26,1,,,,,0,,1.14,1.32,1.50,1.14,0,0,0,0,5.61,5.53,5.75,0.00,VMS 1,,Tanque,,1.56,1.68,1.98,1.56,5.76,6.25,6.33,4.92
30/12/2024 07:33 p. m.,Ordeño,09:27,25.50,2,,,,,0,,1.02,1.20,1.38,1.02,0,0,0,0,5.37,5.53,5.69,0.00,VMS 1,,Tanque,,1.38,1.62,1.86,1.38,6.54,6.63,6.92,5.41
31/12/2024 05:13 a. m.,Ordeño,12:19,22.90,1,,,,,0,,1.02,0.90,1.38,0.96,0,0,0,0,5.90,5.89,6.12,0.00,VMS 1,,Tanque,,1.38,1.32,2.04,1.50,5.59,5.95,6.49,4.87
31/12/2024 06:33 p. m.,Ordeño,11:37,27.62,2,,,,,0,,1.08,1.20,1.38,1.02,0,0,0,0,5.70,5.75,5.97,0.00,VMS 1,,Tanque,,1.38,1.74,1.86,1.38,7.06,7.29,7.20,6.07
01/01/2025 03:22 a. m.,Ordeño,08:26,20.89,1,,,,,0,,1.20,1.08,1.38,0.96,0,0,0,0,5.65,5.65,6.01,0.00,VMS 1,,Tanque,,1.62,1.56,1.86,1.32,5.23,5.54,5.78,4.34
01/01/2025 05:55 p. m.,Ordeño,10:08,28.31,2,,,,,0,,1.14,1.26,1.38,1.02,0,0,0,0,5.55,5.59,5.63,0.00,VMS 1,,Tanque,,1.68,1.62,1.86,1.50,7.39,7.31,7.78,5.83
02/01/2025 05:41 a. m.,Ordeño,09:55,25.69,1,,,,,0,,1.14,1.26,1.50,1.14,0,0,0,0,5.28,5.34,5.46,0.00,VMS 1,,Tanque,,1.56,1.68,1.98,1.56,6.60,6.20,7.13,5.76
02/01/2025 10:02 p. m.,Ordeño,10:48,30.80,2,,,,,0,,1.08,1.08,1.44,1.08,0,0,0,0,5.17,5.18,5.33,0.00,VMS 1,,Tanque,,1.50,1.44,1.92,1.38,7.71,8.05,8.38,6.66
03/01/2025 08:10 a. m.,Ordeño,11:21,19.14,1,,,,,0,,1.08,1.26,1.38,1.08,0,0,0,0,5.04,5.05,5.20,0.00,VMS 1,,Tanque,,1.44,1.68,1.80,1.50,4.83,5.13,5.18,4.00
03/01/2025 07:07 p. m.,Ordeño,09:21,22.37,2,,,,,0,,0.96,1.20,1.38,1.08,0,0,0,0,5.20,5.17,5.24,0.00,VMS 1,,Tanque,,1.38,1.68,1.80,1.44,5.65,5.57,6.23,4.92
04/01/2025 03:42 a. m.,Ordeño,09:35,18.12,1,,,,,0,,1.02,1.14,1.38,0.96,0,0,0,0,5.02,5.01,5.13,0.00,VMS 1,,Tanque,,1.50,1.56,1.80,1.50,4.41,4.91,5.04,3.76
04/01/2025 12:06 p. m.,Ordeño,09:14,17.67,2,,,,,0,,1.02,1.26,1.44,1.02,0,0,0,0,5.11,5.13,5.31,0.00,VMS 1,,Tanque,,1.50,1.68,1.86,1.62,4.25,4.44,5.10,3.88
04/01/2025 09:14 p. m.,Ordeño,08:56,18.16,3,,,,,0,,0.90,1.14,1.32,0.96,0,0,0,0,5.10,5.11,5.31,0.00,VMS 1,,Tanque,,1.32,1.50,1.68,1.44,4.51,4.77,5.04,3.84
05/01/2025 05:52 a. m.,Ordeño,08:28,20.31,1,,,,,0,,0.96,1.32,1.38,1.08,0,0,0,0,5.36,5.41,5.50,0.00,VMS 1,,Tanque,,1.44,1.74,1.80,1.44,4.99,5.26,5.59,4.47
05/01/2025 07:31 p. m.,Ordeño,11:46,21.17,2,,,TD,TD,0,,1.02,1.14,1.32,0.00,0,0,0,0,5.25,5.15,5.37,0.00,VMS 1,,Tanque,,1.44,1.62,1.86,0.00,6.62,7.02,7.53,0.00
06/01/2025 02:22 a. m.,Ordeño,11:58,16.95,1,,,,,0,,0.84,1.14,1.20,1.08,0,0,0,0,5.02,4.98,5.04,0.00,VMS 1,,Tanque,,1.20,1.56,1.62,1.50,3.32,3.44,3.68,6.51
06/01/2025 07:20 a. m.,Ordeño,06:16,10.66,2,,,,,0,,0.96,0.96,1.08,0.84,0,0,0,0,5.26,5.18,5.34,0.00,VMS 1,,Tanque,,1.38,1.38,1.38,1.20,2.75,2.87,2.89,2.15
06/01/2025 10:32 p. m.,Ordeño,11:45,16.67,3,,TD,"TI,TD",TD,0,"DI,DD",1.08,1.32,1.08,0.42,0,0,0,0,5.07,5.26,3.71,0.00,VMS 1,,Tanque,,1.44,1.80,1.86,0.66,7.25,7.77,1.59,0.06
07/01/2025 07:23 a. m.,Ordeño,09:11,24.42,1,,,,,0,,0.96,1.14,1.38,1.08,0,0,0,0,4.85,5.05,5.33,0.00,VMS 1,,Tanque,,1.32,1.56,1.80,1.50,5.14,5.11,7.84,6.33
07/01/2025 07:57 p. m.,Ordeño,09:33,26.18,2,,,,,0,,1.08,1.26,1.26,1.02,0,0,0,0,5.17,5.25,5.10,0.00,VMS 1,,Tanque,,1.50,1.80,1.68,1.44,7.03,7.65,6.84,4.66
08/01/2025 11:14 a. m.,Ordeño,10:05,28.95,1,,,,,0,,1.08,1.32,1.38,1.08,0,0,0,0,5.10,5.12,5.18,0.00,VMS 1,,Tanque,,1.50,1.74,1.86,1.44,7.36,7.99,7.51,6.09
08/01/2025 07:28 p. m.,Ordeño,06:21,14.40,2,,,,,0,,1.14,1.26,1.26,1.08,0,0,0,0,4.75,4.64,4.99,0.00,VMS 1,,Tanque,,1.68,1.62,1.68,1.62,3.80,3.74,3.92,2.94
09/01/2025 06:04 a. m.,Ordeño,09:10,21.65,1,,,,,0,,1.08,1.32,1.38,1.14,0,0,0,0,5.01,5.13,5.19,0.00,VMS 1,,Tanque,,1.56,1.68,1.86,1.56,5.50,5.65,5.95,4.55
09/01/2025 08:59 p. m.,Ordeño,11:22,24.78,2,,,,,0,,0.90,1.20,1.26,1.14,0,0,0,0,4.90,4.98,5.11,0.00,VMS 1,,Tanque,,1.32,1.68,1.80,1.68,6.08,6.63,6.50,5.57
10/01/2025 10:38 a. m.,Ordeño,08:48,22.53,1,,,,,0,,1.02,1.38,1.44,1.14,0,0,0,0,4.80,4.77,5.03,0.00,VMS 1,,Tanque,,1.38,1.92,1.98,1.68,5.66,5.98,6.19,4.70
10/01/2025 07:59 p. m.,Ordeño,07:13,18.05,2,,,,,0,,1.08,1.32,1.38,1.08,0,0,0,0,4.99,5.05,5.29,0.00,VMS 1,,Tanque,,1.44,1.74,1.80,1.50,4.40,4.73,4.96,3.96
11/01/2025 09:14 a. m.,Ordeño,08:17,16.31,1,,,,,0,,1.08,1.32,1.50,1.14,0,0,0,0,5.06,4.96,5.10,0.00,VMS 1,,Tanque,,1.44,1.74,1.92,1.68,4.01,4.25,4.47,3.58
11/01/2025 12:31 p. m.,Ordeño,06:14,3.16,2,,,Todos,,0,,0.60,0.48,0.54,0.36,0,0,0,0,4.52,4.42,4.35,0.00,VMS 1,,Tanque,,1.32,1.02,1.02,0.66,0.74,0.76,0.87,0.79
12/01/2025 02:29 a. m.,Ordeño,07:07,15.58,1,,,,,0,,1.14,1.32,1.50,1.14,0,0,0,0,5.25,5.17,5.22,0.00,VMS 1,,Tanque,,1.56,1.80,1.92,1.56,3.87,3.94,4.29,3.48
12/01/2025 11:58 a. m.,Ordeño,06:18,12.86,2,,,,,0,,1.14,1.32,1.38,0.96,0,0,0,0,5.08,5.02,5.25,0.00,VMS 1,,Tanque,,1.56,1.80,2.04,1.50,3.20,3.27,3.59,2.80
12/01/2025 07:39 p. m.,Ordeño,09:07,10.28,3,,,,,0,,1.02,1.32,1.32,1.02,0,0,0,0,5.02,5.04,5.14,0.00,VMS 1,,Tanque,,1.32,1.80,1.74,1.44,2.49,2.71,2.84,2.24
13/01/2025 11:02 a. m.,Ordeño,08:39,19.60,1,,,,,0,,1.14,1.38,1.62,1.26,0,0,0,0,5.20,5.24,5.19,0.00,VMS 1,,Tanque,,1.50,1.86,2.10,1.74,4.85,5.13,5.37,4.25
14/01/2025 01:15 a. m.,Ordeño,08:51,14.39,1,,,,,0,,1.02,1.50,1.50,1.20,0,0,0,0,4.95,4.90,4.97,0.00,VMS 1,,Tanque,,1.44,2.22,2.04,1.74,3.40,3.62,4.06,3.31
14/01/2025 11:43 a. m.,Ordeño,05:41,9.23,2,,,,,0,,1.08,1.32,1.38,1.14,0,0,0,0,5.08,5.02,4.99,0.00,VMS 1,,Tanque,,1.56,1.74,1.86,2.16,2.30,2.31,2.60,2.02
15/01/2025 10:31 a. m.,Ordeño,09:38,26.29,1,,,,,0,,1.20,1.50,1.50,1.32,0,0,0,0,5.07,5.20,5.13,0.00,VMS 1,,Tanque,,1.56,1.92,1.98,1.86,7.00,7.01,6.26,6.02
16/01/2025 04:40 p. m.,Ordeño,07:17,11.24,2,,,,,0,,0.90,1.20,1.32,0.90,0,0,0,0,4.89,4.98,5.08,0.00,VMS 1,,Tanque,,1.38,1.68,1.80,1.50,2.76,2.88,3.04,2.56
17/01/2025 07:31 a. m.,Ordeño,09:56,19.94,1,,,,,0,,1.08,1.50,1.50,1.26,0,0,0,0,5.12,5.09,5.00,0.00,VMS 1,,Tanque,,1.68,1.92,2.10,1.68,5.01,5.24,5.58,4.11
17/01/2025 04:56 p. m.,Ordeño,08:39,11.72,2,,,,,0,,1.08,1.26,1.44,1.08,0,0,0,0,5.03,5.08,5.13,0.00,VMS 1,,Tanque,,1.44,1.62,2.34,1.44,2.96,3.05,3.27,2.44
18/01/2025 03:30 a. m.,Ordeño,06:40,14.55,1,,,,,0,,0.96,1.38,1.44,1.02,0,0,0,0,5.30,5.39,5.55,0.00,VMS 1,,Tanque,,1.38,1.74,1.92,1.38,3.70,3.87,4.00,2.98
18/01/2025 12:43 p. m.,Ordeño,06:39,14.12,2,,,,,0,,1.02,1.26,1.32,1.02,0,0,0,0,5.02,5.34,5.34,0.00,VMS 1,,Tanque,,1.38,1.74,1.68,1.50,3.65,3.65,3.90,2.92
18/01/2025 11:39 p. m.,Ordeño,10:00,17.79,3,,,,,0,,1.02,1.32,1.38,1.08,0,0,0,0,5.19,5.37,5.44,0.00,VMS 1,,Tanque,,1.50,1.80,1.86,1.44,4.54,4.77,4.68,3.80
19/01/2025 11:05 a. m.,Ordeño,08:37,17.29,1,,,,,0,,1.02,1.20,1.32,1.08,0,0,0,0,5.22,5.33,5.20,0.00,VMS 1,,Tanque,,1.44,1.56,1.68,1.56,4.30,4.66,4.65,3.68
20/01/2025 01:37 a. m.,Ordeño,12:11,21.43,1,,,,,0,,1.02,1.20,1.38,1.08,0,0,0,0,5.22,5.22,5.38,0.00,VMS 1,,Tanque,,1.44,1.62,1.86,1.50,5.30,5.67,5.87,4.59
20/01/2025 04:37 p. m.,Ordeño,12:15,22.70,2,,,,,0,,1.02,1.20,1.20,0.96,0,0,0,0,5.06,5.23,5.19,0.00,VMS 1,,Tanque,,1.50,1.68,1.74,1.32,5.74,6.05,6.22,4.69
21/01/2025 08:58 a. m.,Ordeño,10:32,22.13,1,,,,,0,,0.96,1.26,1.38,1.02,0,0,0,0,5.12,5.20,5.36,0.00,VMS 1,,Tanque,,1.44,1.62,1.74,1.50,5.59,5.66,6.15,4.73
21/01/2025 07:21 p. m.,Ordeño,09:00,18.81,2,,,,,0,,0.84,1.14,1.26,0.96,0,0,0,0,5.57,5.42,5.60,0.00,VMS 1,,Tanque,,1.32,1.50,1.56,1.44,4.60,4.99,5.23,3.99
22/01/2025 08:15 a. m.,Ordeño,09:01,21.15,1,,,,,0,,1.08,1.32,1.44,1.14,0,0,0,0,5.27,5.36,5.48,0.00,VMS 1,,Tanque,,1.50,1.74,1.80,1.50,5.32,5.69,5.69,4.45
22/01/2025 07:06 p. m.,Ordeño,10:04,18.65,2,,,,,0,,0.90,1.14,1.26,0.96,0,0,0,0,5.46,5.55,5.66,0.00,VMS 1,,Tanque,,1.32,1.56,1.62,1.38,4.75,4.86,5.11,3.93
23/01/2025 10:41 a. m.,Ordeño,09:54,27.16,1,,,,,0,,1.02,1.26,1.44,1.08,0,0,0,0,5.43,5.47,5.65,0.00,VMS 1,,Tanque,,1.38,1.62,1.80,1.62,6.75,7.24,7.35,5.82
24/01/2025 02:15 a. m.,Ordeño,11:26,27.03,1,,,,,0,,1.08,1.38,1.44,1.14,0,0,0,0,5.38,5.38,5.52,0.00,VMS 1,,Tanque,,1.56,1.80,1.86,1.56,6.82,7.04,7.36,5.81
24/01/2025 07:04 p. m.,Ordeño,10:39,28.31,2,,,,,0,,0.96,1.20,1.38,1.08,0,0,0,0,5.39,5.32,5.56,0.00,VMS 1,,Tanque,,1.50,1.56,1.98,1.50,7.03,7.54,7.63,6.11
25/01/2025 05:56 a. m.,Ordeño,09:27,18.50,1,,,,,0,,0.84,1.20,1.38,1.02,0,0,0,0,5.40,5.42,5.53,0.00,VMS 1,,Tanque,,1.38,1.80,1.74,1.38,4.61,4.64,5.28,3.97
25/01/2025 04:35 p. m.,Ordeño,08:21,19.14,2,,,,,0,,0.96,1.26,1.20,1.02,0,0,0,0,5.61,5.66,5.15,0.00,VMS 1,,Tanque,,1.32,1.68,1.68,1.38,4.73,5.03,5.45,3.93
26/01/2025 02:54 a. m.,Ordeño,14:19,18.09,1,,,,,0,,0.84,1.20,1.20,0.90,0,0,0,0,5.29,5.30,5.08,0.00,VMS 1,,Tanque,,1.38,1.62,1.68,1.26,4.39,4.83,5.11,3.76
26/01/2025 02:36 p. m.,Ordeño,09:31,21.71,2,,,,,0,,0.90,1.20,1.26,1.02,0,0,0,0,5.38,5.48,5.35,0.00,VMS 1,,Tanque,,1.32,1.68,1.62,1.38,5.64,5.68,5.80,4.59
27/01/2025 03:38 a. m.,Ordeño,12:43,20.73,1,,,,,0,,0.90,1.20,1.20,1.02,0,0,0,0,5.04,5.13,5.24,0.00,VMS 1,,Tanque,,1.26,1.56,1.68,1.44,5.27,5.25,5.76,4.45
27/01/2025 03:28 p. m.,Ordeño,08:48,22.74,2,,,,,0,,1.02,1.20,1.32,1.08,0,0,0,0,5.42,5.47,5.53,0.00,VMS 1,,Tanque,,1.38,1.68,1.74,1.44,5.64,5.94,6.28,4.88
28/01/2025 12:31 a. m.,Ordeño,06:58,14.61,1,,,,,0,,0.96,1.08,1.26,0.96,0,0,0,0,5.09,5.13,5.26,0.00,VMS 1,,Tanque,,1.38,1.44,1.68,1.32,3.58,3.90,4.01,3.12
28/01/2025 07:47 a. m.,Ordeño,08:56,14.37,2,,,,,0,,0.96,1.08,1.26,1.02,0,0,0,0,5.63,5.59,5.73,0.00,VMS 1,,Tanque,,1.44,1.50,1.62,1.38,3.61,3.73,3.88,3.15
28/01/2025 04:48 p. m.,Ordeño,07:01,14.83,3,,,,,0,,0.90,1.14,1.26,0.90,0,0,0,0,6.03,5.40,5.51,0.00,VMS 1,,Tanque,,1.38,1.56,1.92,1.38,3.43,4.14,4.11,3.15
29/01/2025 03:47 a. m.,Ordeño,09:12,18.03,1,,,,,0,,1.26,1.20,1.26,1.02,0,0,0,0,5.75,5.28,5.32,0.00,VMS 1,,Tanque,,1.56,1.68,1.86,1.38,4.16,4.80,5.09,3.98
29/01/2025 07:24 p. m.,Ordeño,09:47,27.72,2,,,,,0,,1.02,1.14,1.38,1.08,0,0,0,0,5.94,5.40,5.61,0.00,VMS 1,,Tanque,,1.56,1.50,1.86,1.50,6.85,6.79,8.17,5.91
30/01/2025 08:57 p. m.,Ordeño,08:39,18.34,2,,,,,0,,0.78,0.96,1.20,0.90,0,0,0,0,5.78,5.51,5.66,0.00,VMS 1,,Tanque,,1.20,1.38,1.74,1.32,4.21,4.94,5.19,4.00
31/01/2025 03:55 a. m.,Ordeño,07:15,14.95,1,,,,,0,,0.96,0.96,1.20,0.90,0,0,0,0,5.89,5.72,5.87,0.00,VMS 1,,Tanque,,1.38,1.44,1.56,1.26,3.65,4.04,4.22,3.04
31/01/2025 05:06 p. m.,Ordeño,09:07,24.56,2,,,,,0,,1.02,1.20,1.32,1.08,0,0,0,0,5.68,5.46,5.55,0.00,VMS 1,,Tanque,,1.44,1.80,1.74,1.50,5.92,6.53,6.81,5.30
01/02/2025 05:42 a. m.,Ordeño,07:48,22.24,1,,,,,0,,1.14,1.32,1.38,1.20,0,0,0,0,5.48,5.41,5.52,0.00,VMS 1,,Tanque,,1.50,1.68,1.80,1.68,5.55,5.62,6.51,4.56
01/02/2025 05:05 p. m.,Ordeño,07:28,20.33,2,,,,,0,,1.14,1.14,1.38,1.14,0,0,0,0,5.74,5.56,5.65,0.00,VMS 1,,Tanque,,1.50,1.68,1.80,1.56,4.93,5.39,5.62,4.39
02/02/2025 02:58 a. m.,Ordeño,08:51,19.98,1,,,,,0,,1.08,1.26,1.44,1.14,0,0,0,0,5.80,5.68,5.94,0.00,VMS 1,,Tanque,,1.38,1.62,1.98,1.56,4.73,5.41,5.49,4.35
02/02/2025 03:59 p. m.,Ordeño,08:51,23.22,2,,,,,0,,1.14,1.08,1.44,1.08,0,0,0,0,5.64,5.49,5.68,0.00,VMS 1,,Tanque,,1.56,1.56,1.92,1.68,5.57,6.25,6.35,5.05
03/02/2025 05:47 a. m.,Ordeño,09:36,28.27,1,,,,,0,,1.08,1.26,1.32,1.08,0,0,0,0,5.59,5.55,5.54,0.00,VMS 1,,Tanque,,1.50,1.68,1.98,1.44,7.01,7.32,7.63,6.31
03/02/2025 05:06 p. m.,Ordeño,08:41,19.96,2,,,,,0,,1.02,1.08,1.38,0.96,0,0,0,0,5.27,5.21,5.34,0.00,VMS 1,,Tanque,,1.56,1.62,1.74,1.44,4.82,5.26,5.50,4.38
03/02/2025 11:45 p. m.,Ordeño,06:08,13.17,3,,,,,0,,0.96,1.08,1.26,1.02,0,0,0,0,5.40,5.42,5.66,0.00,VMS 1,,Tanque,,1.38,1.44,1.68,1.38,3.13,3.60,3.66,2.78
04/02/2025 04:32 p. m.,Ordeño,09:16,27.92,1,,,,,0,,1.20,1.14,1.38,0.96,0,0,0,0,5.40,5.33,5.41,0.00,VMS 1,,Tanque,,1.80,1.68,1.74,1.50,7.25,6.50,7.65,6.52
05/02/2025 12:28 a. m.,Ordeño,07:26,14.77,1,,,,,0,,1.02,1.08,1.26,0.96,0,0,0,0,5.14,5.12,5.29,0.00,VMS 1,,Tanque,,1.44,1.50,1.62,1.38,3.60,3.97,4.06,3.14
05/02/2025 07:08 a. m.,Ordeño,08:09,14.44,2,,,,,0,,0.90,1.14,1.32,0.96,0,0,0,0,5.68,5.72,5.82,0.00,VMS 1,,Tanque,,1.38,1.56,1.68,1.50,3.61,3.84,4.02,2.97
05/02/2025 06:50 p. m.,Ordeño,08:27,24.79,3,,,,,0,,1.14,1.20,1.32,1.08,0,0,0,0,5.61,5.53,5.74,0.00,VMS 1,,Tanque,,1.56,1.62,1.68,1.44,6.16,6.56,6.72,5.35
06/02/2025 02:54 a. m.,Ordeño,06:50,15.33,1,,,,,0,,1.02,1.26,1.26,0.90,0,0,0,0,5.13,5.13,5.29,0.00,VMS 1,,Tanque,,1.44,1.56,1.62,1.44,3.75,4.15,4.20,3.23
06/02/2025 10:42 a. m.,Ordeño,07:07,15.62,2,,,,,0,,0.90,1.26,1.32,0.96,0,0,0,0,5.31,5.25,5.45,0.00,VMS 1,,Tanque,,1.20,1.68,1.74,1.50,3.88,4.27,4.21,3.26
06/02/2025 11:20 p. m.,Ordeño,09:10,22.81,3,,,,,0,,1.08,1.14,1.26,0.96,0,0,0,0,5.18,5.20,5.24,0.00,VMS 1,,Tanque,,1.50,1.56,1.74,1.32,5.56,5.91,6.44,4.90
07/02/2025 10:15 a. m.,Ordeño,07:39,18.02,1,,,,,0,,1.08,1.14,1.32,1.02,0,0,0,0,4.99,4.98,5.17,0.00,VMS 1,,Tanque,,1.56,1.50,1.68,1.38,4.57,4.73,5.00,3.72
08/02/2025 12:24 a. m.,Ordeño,08:11,23.82,1,,,,,0,,1.14,1.20,1.32,1.02,0,0,0,0,5.29,5.26,5.33,0.00,VMS 1,,Tanque,,1.62,1.62,1.74,1.38,5.84,6.29,6.56,5.13
08/02/2025 06:19 a. m.,Ordeño,06:00,11.38,2,,,,,0,,0.90,1.26,1.26,1.02,0,0,0,0,5.08,5.05,5.28,0.00,VMS 1,,Tanque,,1.32,1.68,1.68,1.68,2.67,3.18,3.08,2.45
08/02/2025 05:35 p. m.,Ordeño,07:58,19.63,3,,,,,0,,1.02,1.08,1.26,0.96,0,0,0,0,5.41,5.40,5.53,0.00,VMS 1,,Tanque,,1.38,1.50,1.74,1.38,4.87,5.24,5.43,4.09
09/02/2025 02:00 a. m.,Ordeño,07:29,17.43,1,,,,,0,,1.08,1.32,1.50,1.20,0,0,0,0,5.57,5.60,5.65,0.00,VMS 1,,Tanque,,1.68,1.80,1.92,1.50,4.36,4.52,4.88,3.67
09/02/2025 04:38 p. m.,Ordeño,08:27,27.05,2,,,,,0,,1.20,1.26,1.44,1.14,0,0,0,0,5.54,5.46,5.54,0.00,VMS 1,,Tanque,,1.62,1.62,1.86,1.68,6.50,7.19,7.37,5.99
10/02/2025 02:11 a. m.,Ordeño,08:32,16.84,1,,,,,0,,0.96,1.26,1.32,1.02,0,0,0,0,5.28,5.39,5.54,0.00,VMS 1,,Tanque,,1.38,1.80,1.74,1.32,4.19,4.36,4.60,3.69
10/02/2025 09:37 a. m.,Ordeño,06:07,14.79,2,,,,,0,,1.14,1.20,1.26,1.32,0,0,0,0,5.31,5.32,5.46,5.41,VMS 2,,Tanque,,1.56,1.68,1.68,1.74,3.77,3.80,3.71,3.51
11/02/2025 01:05 a. m.,Ordeño,10:02,28.39,1,,,,,0,,1.08,1.26,1.20,0.90,0,0,0,0,5.30,5.33,5.27,4.53,VMS 2,,Tanque,,1.62,1.74,1.68,1.50,7.29,7.63,7.52,5.95
11/02/2025 11:36 a. m.,Ordeño,07:36,18.58,2,,,,,0,,1.08,1.20,1.26,1.08,0,0,0,0,5.03,5.01,5.12,5.01,VMS 2,,Tanque,,1.50,1.62,1.56,1.62,4.85,4.93,4.66,4.14
11/02/2025 07:03 p. m.,Ordeño,09:08,14.06,3,,,,,0,,0.96,1.26,1.26,1.02,0,0,0,0,5.03,5.14,5.05,5.09,VMS 2,,Tanque,,1.38,1.68,1.62,1.56,3.69,3.59,3.65,3.13
12/02/2025 09:12 a. m.,Ordeño,09:46,28.75,1,,,,,0,,1.26,1.38,1.38,1.32,0,0,0,0,5.44,5.66,5.60,5.68,VMS 2,,Tanque,,1.68,1.86,1.86,1.80,7.85,7.35,6.58,6.97
12/02/2025 05:09 p. m.,Ordeño,06:26,15.13,2,,,,,0,,1.08,1.20,1.20,1.08,0,0,0,0,5.02,5.12,5.22,5.07,VMS 2,,Tanque,,1.56,1.62,1.56,1.44,3.80,3.89,3.97,3.47
13/02/2025 02:28 a. m.,Ordeño,09:03,20.70,1,,,,,0,,1.02,1.44,1.32,1.20,0,0,0,0,5.37,5.47,5.47,5.53,VMS 2,,Tanque,,1.44,1.86,1.68,1.62,5.24,5.36,5.26,4.84
13/02/2025 03:31 p. m.,Ordeño,09:20,26.69,2,,,,,0,,1.08,1.32,1.32,1.20,0,0,0,0,5.09,5.15,5.25,4.34,VMS 2,,Tanque,,1.56,1.74,1.74,1.80,6.74,6.72,6.79,6.44
14/02/2025 12:22 a. m.,Ordeño,08:04,20.13,1,,,,,0,,1.08,1.26,1.20,1.20,0,0,0,0,4.84,4.92,4.83,3.97,VMS 2,,Tanque,,1.50,1.74,1.56,1.68,4.76,5.18,5.05,5.14
14/02/2025 04:35 p. m.,Ordeño,10:24,28.92,2,,,,,0,,1.14,1.38,1.26,1.08,0,0,0,0,4.99,5.09,4.95,5.40,VMS 2,,Tanque,,1.62,1.80,1.68,1.62,7.73,7.72,7.17,6.30
14/02/2025 10:35 p. m.,Ordeño,05:32,7.80,3,,,,,0,,1.08,1.14,1.14,0.78,0,0,0,0,4.39,4.43,4.61,4.52,VMS 2,,Tanque,,1.50,1.56,1.56,1.26,2.11,2.03,2.09,1.57
15/02/2025 08:51 a. m.,Ordeño,08:34,20.72,1,,,,,0,,1.08,1.32,1.26,1.02,0,0,0,0,5.03,5.30,5.44,5.27,VMS 2,,Tanque,,1.50,1.74,1.62,1.68,5.38,5.56,5.33,4.45
15/02/2025 03:39 p. m.,Ordeño,07:55,14.65,2,,,,,0,,1.08,1.32,1.20,0.90,0,0,0,0,5.06,5.17,5.18,5.22,VMS 2,,Tanque,,1.50,1.80,1.56,1.44,3.84,3.90,3.89,3.02
15/02/2025 11:10 p. m.,Ordeño,06:23,12.26,3,,,DI,DI,0,,0.00,1.26,1.20,1.02,0,0,0,0,0.00,5.49,5.24,5.42,VMS 2,,Tanque,,0.00,1.68,1.56,1.56,0.00,4.25,4.41,3.60
16/02/2025 07:20 a. m.,Ordeño,12:13,21.76,1,,,,,0,,1.20,1.32,1.14,0.96,0,0,0,0,5.25,5.32,5.18,5.15,VMS 2,,Tanque,,1.62,1.68,1.56,2.10,8.05,4.90,4.80,4.01
16/02/2025 06:03 p. m.,Ordeño,12:00,19.29,2,,,,,0,,0.96,1.20,1.14,0.90,0,0,0,0,4.72,5.04,4.91,5.22,VMS 2,,Tanque,,1.50,1.62,1.62,1.44,4.16,5.56,5.35,4.22
17/02/2025 02:13 p. m.,Ordeño,08:55,27.93,1,,,,,0,,1.20,1.20,1.26,1.08,0,0,0,0,4.99,5.23,5.12,4.96,VMS 2,,Tanque,,1.62,1.74,1.62,1.56,6.98,7.36,7.22,6.37
17/02/2025 05:27 p. m.,Ordeño,06:04,2.47,2,,,Todos,,0,,0.60,0.42,0.30,0.30,0,0,0,0,4.17,4.27,4.33,4.58,VMS 2,,Tanque,,1.32,0.78,0.96,0.66,0.51,0.92,0.63,0.41
18/02/2025 01:43 a. m.,Ordeño,05:28,10.80,1,,,,,0,,1.08,1.20,1.20,0.96,0,0,0,0,4.93,4.89,5.01,5.00,VMS 2,,Tanque,,1.68,1.68,1.44,1.50,2.93,2.80,2.74,2.33
18/02/2025 08:35 a. m.,Ordeño,07:23,12.81,2,,,,,0,,1.02,1.14,1.14,0.96,0,0,0,0,5.08,5.03,4.98,4.88,VMS 2,,Tanque,,1.38,1.62,1.56,1.50,3.26,3.49,3.24,2.82
18/02/2025 03:34 p. m.,Ordeño,05:25,12.35,3,,,,,0,,1.14,1.20,1.26,0.96,0,0,0,0,4.94,4.99,5.01,4.90,VMS 2,,Tanque,,1.56,1.56,1.68,1.68,3.16,3.25,3.27,2.67
18/02/2025 10:05 p. m.,Ordeño,08:10,13.28,4,,,,,0,,1.02,1.26,1.26,1.08,0,0,0,0,5.13,5.11,5.03,5.04,VMS 2,,Tanque,,1.50,1.86,1.86,1.62,3.32,3.41,3.36,3.19
19/02/2025 09:07 a. m.,Ordeño,10:02,21.96,1,,,,,0,,1.08,1.38,1.32,0.96,0,0,0,0,4.98,4.95,5.03,5.14,VMS 2,,Tanque,,1.50,1.80,1.68,1.44,5.83,5.92,5.73,4.48
19/02/2025 05:48 p. m.,Ordeño,06:48,14.64,2,,,,,0,,0.96,1.32,1.14,0.96,0,0,0,0,4.74,4.76,4.82,4.84,VMS 2,,Tanque,,1.44,1.62,1.50,1.44,3.80,3.82,3.85,3.17
20/02/2025 01:24 a. m.,Ordeño,08:54,16.58,1,,,,,0,,0.96,1.32,1.26,0.96,0,0,0,0,5.41,5.44,5.35,5.38,VMS 2,,Tanque,,1.50,1.92,1.68,1.44,4.48,4.48,4.36,3.26
20/02/2025 09:51 a. m.,Ordeño,07:27,16.56,2,,,,,0,,0.96,1.20,1.20,0.96,0,0,0,0,5.15,5.11,5.10,5.27,VMS 2,,Tanque,,1.44,1.68,1.56,1.38,4.38,4.31,4.44,3.43
20/02/2025 09:34 p. m.,Ordeño,10:19,21.68,3,,,,,0,,0.96,1.26,1.26,1.02,0,0,0,0,5.11,5.19,5.26,5.14,VMS 2,,Tanque,,1.50,1.62,1.68,1.86,5.62,5.79,5.63,4.64
21/02/2025 06:21 a. m.,Ordeño,07:02,17.46,1,,,,,0,,1.08,1.20,1.20,0.96,0,0,0,0,5.12,5.19,5.08,5.10,VMS 2,,Tanque,,1.50,1.56,1.50,1.50,4.56,4.63,4.66,3.61
22/02/2025 02:49 a. m.,Ordeño,07:25,15.91,2,,,,,0,,1.08,1.44,1.14,0.96,0,0,0,0,5.02,5.10,5.01,5.18,VMS 2,,Tanque,,1.50,1.92,1.50,1.50,4.23,4.21,4.05,3.42
22/02/2025 07:33 a. m.,Ordeño,06:00,8.56,1,,,TD,,0,,0.90,1.26,0.96,0.72,0,0,0,0,5.09,5.19,5.15,5.21,VMS 2,,Tanque,,1.32,1.62,1.32,1.20,2.29,2.34,2.24,1.69
22/02/2025 07:38 p. m.,Ordeño,09:39,24.20,3,,,,,0,,0.96,1.20,1.08,0.96,0,0,0,0,5.22,5.16,5.16,5.43,VMS 2,,Tanque,,1.44,1.62,1.38,1.62,6.33,6.38,6.20,5.29
23/02/2025 03:13 a. m.,Ordeño,07:25,11.68,1,,,,,0,,0.96,1.08,1.08,0.84,0,0,0,0,4.71,4.65,4.92,4.88,VMS 2,,Tanque,,1.26,1.38,1.44,1.26,3.09,2.94,3.06,2.59
23/02/2025 01:53 p. m.,Ordeño,08:49,21.16,2,,,,,0,,1.02,1.14,1.08,0.84,0,0,0,0,5.24,5.19,5.25,5.36,VMS 2,,Tanque,,1.50,1.56,1.44,1.44,5.57,5.65,5.45,4.49
24/02/2025 02:58 a. m.,Ordeño,10:02,25.57,1,,,,,0,,0.96,1.14,1.14,1.08,0,0,0,0,5.36,5.33,5.32,5.43,VMS 2,,Tanque,,1.44,1.50,1.50,1.56,6.52,6.45,6.49,6.11
24/02/2025 01:05 p. m.,Ordeño,07:57,17.95,2,,,,,0,,0.96,1.08,1.14,1.02,0,0,0,0,5.02,4.93,5.06,5.10,VMS 2,,Tanque,,1.38,1.50,1.50,1.50,4.72,4.45,4.66,4.12
24/02/2025 11:57 p. m.,Ordeño,07:53,19.17,1,,,,,0,,1.02,1.20,1.14,1.08,0,0,0,0,5.21,5.27,5.15,5.28,VMS 2,,Tanque,,1.38,1.68,1.56,1.62,4.84,4.93,4.88,4.52
25/02/2025 10:30 a. m.,Ordeño,09:12,20.15,2,,,,,0,,1.02,1.32,1.20,1.08,0,0,0,0,5.27,5.21,5.20,5.36,VMS 2,,Tanque,,1.44,1.86,1.50,1.74,5.11,5.13,5.05,4.86
25/02/2025 06:35 p. m.,Ordeño,07:32,15.27,3,,,,,0,,0.90,1.26,1.08,1.02,0,0,0,0,5.26,5.34,5.31,5.26,VMS 2,,Tanque,,1.44,1.68,1.44,1.56,3.84,3.89,3.92,3.62
26/02/2025 01:59 a. m.,Ordeño,07:24,14.14,1,,,,,0,,0.90,1.26,1.14,0.96,0,0,0,0,5.39,5.34,5.29,5.35,VMS 2,,Tanque,,1.26,1.62,1.56,1.44,3.66,3.71,3.69,3.08
26/02/2025 11:36 a. m.,Ordeño,07:38,19.37,2,,,,,0,,1.02,1.14,1.14,1.14,0,0,0,0,5.52,5.52,5.51,5.57,VMS 2,,Tanque,,1.44,1.56,1.50,1.74,4.81,4.88,4.90,4.78
26/02/2025 09:18 p. m.,Ordeño,08:30,20.09,3,,,,,0,,0.90,1.02,1.14,1.02,0,0,0,0,5.46,5.47,5.35,5.49,VMS 2,,Tanque,,1.20,1.50,1.56,1.68,5.05,5.03,5.14,4.87
27/02/2025 09:51 a. m.,Ordeño,09:45,26.10,1,,,,,0,,0.96,1.26,1.26,1.38,0,0,0,0,5.65,5.81,5.58,5.74,VMS 2,,Tanque,,1.38,1.74,1.56,2.10,6.49,6.37,6.47,6.77
28/02/2025 12:21 a. m.,Ordeño,09:06,27.22,1,,,,,0,,1.14,1.32,1.44,1.32,0,0,0,0,5.55,5.49,5.38,5.57,VMS 2,,Tanque,,1.62,1.62,1.86,1.74,6.83,7.03,6.69,6.67
28/02/2025 06:34 a. m.,Ordeño,06:46,11.88,2,,,,,0,,0.90,0.90,1.14,0.84,0,0,0,0,5.41,5.42,5.38,5.56,VMS 2,,Tanque,,1.26,1.44,1.44,1.32,3.13,3.11,3.09,2.55
28/02/2025 04:53 p. m.,Ordeño,08:03,20.71,3,,,,,0,,1.02,1.02,1.14,1.02,0,0,0,0,5.61,5.61,5.54,5.68,VMS 2,,Tanque,,1.50,1.38,1.68,1.56,5.29,5.29,5.37,4.76
28/02/2025 10:03 p. m.,Ordeño,05:55,11.56,4,,,,,0,,0.96,1.20,1.20,0.96,0,0,0,0,5.62,5.49,5.39,5.61,VMS 2,,Tanque,,1.38,1.68,1.56,1.50,3.08,2.88,3.06,2.54
01/03/2025 08:10 a. m.,Ordeño,08:52,21.32,1,,,,,0,,1.14,1.26,1.26,1.02,0,0,0,0,5.76,5.78,5.58,5.80,VMS 2,,Tanque,,1.50,1.56,1.56,1.56,5.70,5.42,5.66,4.54
01/03/2025 04:01 p. m.,Ordeño,07:08,14.52,2,,,,,0,,0.90,1.02,1.20,0.90,0,0,0,0,5.40,5.37,5.34,5.47,VMS 2,,Tanque,,1.38,1.38,1.50,1.44,3.79,3.76,3.78,3.19
02/03/2025 07:59 a. m.,Ordeño,09:56,27.59,1,,,,,0,,1.14,1.32,1.26,0.78,0,0,0,0,5.67,5.57,5.43,4.97,VMS 2,,Tanque,,1.50,1.74,1.80,1.32,7.93,6.91,7.53,5.22
02/03/2025 05:22 p. m.,Ordeño,09:09,18.44,2,,,,,0,,0.90,1.20,1.14,0.90,0,0,0,0,5.66,5.50,5.53,5.69,VMS 2,,Tanque,,1.38,1.68,1.56,1.56,4.88,4.84,4.83,3.89
03/03/2025 02:22 a. m.,Ordeño,07:37,18.76,1,,,,,0,,1.08,1.20,1.14,0.90,0,0,0,0,5.61,5.64,5.41,5.46,VMS 2,,Tanque,,1.44,1.62,1.50,1.50,4.92,4.87,4.85,4.12
03/03/2025 09:55 a. m.,Ordeño,06:44,15.52,2,,,,,0,,1.08,1.08,1.14,0.96,0,0,0,0,5.50,5.34,5.40,5.40,VMS 2,,Tanque,,1.44,1.56,1.50,1.50,4.04,3.92,4.05,3.51
03/03/2025 04:48 p. m.,Ordeño,06:12,14.18,3,,,,,0,,1.02,1.02,1.14,1.02,0,0,0,0,5.40,5.14,5.35,5.54,VMS 2,,Tanque,,1.44,1.44,1.50,1.50,3.65,3.65,3.67,3.21
04/03/2025 05:56 a. m.,Ordeño,08:43,27.12,1,,,,,0,,1.26,1.38,1.32,1.20,0,0,0,0,5.82,5.89,5.71,5.89,VMS 2,,Tanque,,1.74,1.86,1.68,1.68,7.22,6.06,7.19,6.65
04/03/2025 05:19 p. m.,Ordeño,08:55,22.15,2,,,,,0,,1.08,1.14,1.14,0.90,0,0,0,0,5.61,5.62,5.47,5.68,VMS 2,,Tanque,,1.62,1.62,1.56,1.44,6.05,5.80,5.78,4.52
05/03/2025 02:12 a. m.,Ordeño,08:37,17.92,1,,,,,0,,1.02,1.32,1.14,0.90,0,0,0,0,5.46,5.64,5.39,5.55,VMS 2,,Tanque,,1.56,2.04,1.62,1.50,4.87,4.76,4.62,3.67
05/03/2025 09:19 a. m.,Ordeño,06:24,15.59,2,,,,,0,,1.14,1.26,1.20,0.90,0,0,0,0,5.60,5.64,5.60,5.74,VMS 2,,Tanque,,1.44,1.68,1.56,1.44,4.13,4.20,4.09,3.17
05/03/2025 05:52 p. m.,Ordeño,07:42,16.07,3,,,,,0,,0.90,1.26,1.14,0.90,0,0,0,0,5.51,5.57,5.43,5.53,VMS 2,,Tanque,,1.32,1.68,1.56,1.44,4.32,4.16,4.19,3.40
06/03/2025 01:08 a. m.,Ordeño,06:41,15.53,1,,,,,0,,1.14,1.20,1.14,1.02,0,0,0,0,5.40,5.44,5.48,5.59,VMS 2,,Tanque,,1.56,1.62,1.44,1.68,4.13,3.99,3.93,3.48
06/03/2025 10:49 a. m.,Ordeño,08:22,19.27,2,,,,,0,,1.08,1.38,1.14,0.96,0,0,0,0,5.38,5.64,5.36,5.60,VMS 2,,Tanque,,1.44,1.92,1.62,1.44,5.02,5.26,4.88,4.11
07/03/2025 12:10 a. m.,Ordeño,08:03,22.69,1,,,,,0,,1.20,1.32,1.26,0.90,0,0,0,0,5.32,5.44,5.33,4.68,VMS 2,,Tanque,,1.62,1.68,1.68,1.44,6.19,5.94,5.76,4.80
07/03/2025 06:51 a. m.,Ordeño,06:24,14.24,2,,,,,0,,1.14,1.26,1.20,1.02,0,0,0,0,5.37,5.43,5.41,5.43,VMS 2,,Tanque,,1.56,1.68,1.56,1.50,3.82,3.81,3.60,3.01
07/03/2025 04:56 p. m.,Ordeño,08:58,18.05,3,,,,,0,,0.96,1.26,1.14,0.90,0,0,0,0,5.38,5.42,5.38,5.39,VMS 2,,Tanque,,1.44,1.68,1.56,1.50,4.92,4.68,4.69,3.76
08/03/2025 06:58 a. m.,Ordeño,10:26,27.88,1,,,,,0,,1.08,1.38,1.26,1.14,0,0,0,0,5.64,5.63,5.37,5.74,VMS 2,,Tanque,,1.50,1.86,1.68,1.80,8.07,6.03,7.28,6.50
09/03/2025 10:05 a. m.,Ordeño,08:51,23.45,1,,,,,0,,1.08,1.44,1.20,1.20,0,0,0,0,5.41,5.57,5.17,5.50,VMS 2,,Tanque,,1.56,1.92,1.74,1.74,6.12,6.13,5.93,5.27
09/03/2025 07:03 p. m.,Ordeño,07:13,16.54,2,,,,,0,,1.02,1.32,1.20,1.08,0,0,0,0,5.27,5.50,5.53,5.61,VMS 2,,Tanque,,1.50,1.80,1.62,1.56,4.30,4.32,4.22,3.70
10/03/2025 02:13 a. m.,Ordeño,07:01,14.91,1,,,,,0,,1.02,1.38,1.08,1.02,0,0,0,0,5.50,5.61,5.36,5.51,VMS 2,,Tanque,,1.38,1.86,1.44,1.50,3.98,3.93,3.94,3.06
10/03/2025 10:16 a. m.,Ordeño,07:28,18.19,2,,,,,0,,1.08,1.26,1.26,0.96,0,0,0,0,5.68,5.72,5.52,5.65,VMS 2,,Tanque,,1.44,1.68,1.74,1.62,4.81,4.85,4.84,3.69
11/03/2025 12:49 a. m.,Ordeño,10:13,22.56,1,,,TD,TD,0,,1.14,1.26,1.26,0.00,0,0,0,0,5.61,5.64,5.54,0.00,VMS 2,,Tanque,,1.44,1.68,1.62,0.00,7.56,7.51,7.49,0.00
11/03/2025 12:10 p. m.,Ordeño,10:26,19.30,2,,,TI,TI,0,,1.02,1.20,0.00,1.14,0,0,0,0,5.37,5.40,0.00,5.75,VMS 2,,Tanque,,1.44,1.68,0.00,1.80,6.10,6.12,0.00,7.08
12/03/2025 01:47 a. m.,Ordeño,09:52,26.28,1,,,,,0,,1.02,1.14,1.20,0.78,0,0,0,0,5.54,5.44,5.20,4.92,VMS 2,,Tanque,,1.38,1.50,1.74,1.38,7.10,7.19,8.08,3.91
12/03/2025 07:11 a. m.,Ordeño,05:53,9.91,2,,,,,0,,0.96,0.96,0.90,0.66,0,0,0,0,5.08,5.11,4.24,5.07,VMS 2,,Tanque,,1.56,1.38,1.38,1.14,3.01,2.76,2.31,1.83
12/03/2025 07:01 p. m.,Ordeño,09:44,25.19,3,,,,,0,,1.08,1.32,1.32,1.08,0,0,0,0,5.65,5.79,5.68,5.59,VMS 2,,Tanque,,1.50,1.80,1.68,1.62,6.92,7.11,5.79,5.37
13/03/2025 07:33 a. m.,Ordeño,09:51,26.72,1,,,,,0,,1.02,1.20,1.26,1.26,0,0,0,0,5.50,5.50,5.50,5.14,VMS 2,,Tanque,,1.44,1.62,1.62,1.98,7.04,6.97,6.52,6.19
13/03/2025 11:25 p. m.,Ordeño,10:05,29.03,2,,,,,0,,1.14,1.26,1.32,1.20,0,0,0,0,5.68,5.69,5.66,5.22,VMS 2,,Tanque,,1.56,1.68,1.68,1.86,8.10,6.96,7.00,6.97
14/03/2025 10:33 a. m.,Ordeño,08:14,22.31,1,,,,,0,,1.08,1.14,1.26,1.08,0,0,0,0,5.26,5.31,5.21,5.33,VMS 2,,Tanque,,1.50,1.68,1.68,1.86,5.72,5.83,5.46,5.30
14/03/2025 05:07 p. m.,Ordeño,06:11,14.75,2,,,,,0,,1.08,1.32,1.26,1.26,0,0,0,0,5.38,5.50,5.33,5.30,VMS 2,,Tanque,,1.56,1.86,1.68,1.98,3.70,3.80,3.61,3.64
15/03/2025 03:40 a. m.,Ordeño,09:21,23.69,1,,,,,0,,1.08,1.32,1.38,1.02,0,0,0,0,5.55,5.64,5.53,5.33,VMS 2,,Tanque,,1.44,1.80,1.98,1.62,6.37,6.08,6.00,5.24
15/03/2025 10:39 a. m.,Ordeño,06:36,14.38,2,,,,,0,,0.96,1.20,1.20,1.14,0,0,0,0,5.13,5.21,5.26,5.23,VMS 2,,Tanque,,1.32,1.68,1.56,1.86,3.67,3.73,3.59,3.39
16/03/2025 12:31 a. m.,Ordeño,10:13,29.61,1,,,,,0,,1.08,1.38,1.38,1.32,0,0,0,0,5.26,5.41,5.19,5.18,VMS 2,,Tanque,,1.62,1.92,1.86,1.98,7.66,7.53,7.45,6.97
16/03/2025 09:38 a. m.,Ordeño,09:00,19.03,2,,,,,0,,1.02,1.20,1.26,1.08,0,0,0,0,5.06,5.12,5.12,5.13,VMS 2,,Tanque,,1.38,1.74,1.74,1.86,5.01,4.97,4.92,4.13
16/03/2025 06:07 p. m.,Ordeño,07:28,17.44,3,,,,,0,,1.02,1.20,1.26,1.20,0,0,0,0,5.07,5.06,5.10,5.14,VMS 2,,Tanque,,1.44,1.56,1.62,1.80,4.46,4.48,4.37,4.13
16/03/2025 11:55 p. m.,Ordeño,06:07,12.92,1,,,,,0,,1.02,1.26,1.20,1.20,0,0,0,0,5.06,5.19,5.17,5.22,VMS 2,,Tanque,,1.44,1.62,1.56,1.80,3.38,3.26,3.24,3.04
17/03/2025 05:42 a. m.,Ordeño,06:08,13.51,2,,,,,0,,0.96,1.32,1.32,1.26,0,0,0,0,5.12,5.20,5.23,4.96,VMS 2,,Tanque,,1.38,1.80,1.68,2.04,3.40,3.45,3.40,3.26
17/03/2025 07:36 p. m.,Ordeño,09:59,27.49,3,,,,,0,,1.14,1.26,1.38,1.20,0,0,0,0,5.08,5.16,4.95,5.11,VMS 2,,Tanque,,1.50,1.68,1.86,1.92,7.01,7.07,6.81,6.60
18/03/2025 01:25 a. m.,Ordeño,07:00,8.72,1,,,TD,TD,0,,1.02,1.26,1.20,0.00,0,0,0,0,4.82,4.88,4.84,0.00,VMS 2,,Tanque,,1.44,1.74,1.50,0.00,2.91,2.95,2.86,0.00
18/03/2025 07:02 a. m.,Ordeño,07:08,14.02,2,,,,,0,,0.84,1.26,1.26,1.14,0,0,0,0,4.94,5.07,5.21,4.95,VMS 2,,Tanque,,1.32,1.86,1.62,1.62,3.05,2.91,2.92,5.14
18/03/2025 09:55 p. m.,Ordeño,10:03,28.47,3,,,,,0,,1.08,1.32,1.38,1.32,0,0,0,0,5.28,5.53,4.81,5.15,VMS 2,,Tanque,,1.44,1.98,1.74,2.10,7.51,7.43,6.21,7.32
19/03/2025 03:20 a. m.,Ordeño,05:53,10.23,1,,,,,0,,0.96,1.20,1.26,1.08,0,0,0,0,4.77,4.90,5.15,4.82,VMS 2,,Tanque,,1.32,1.56,1.62,1.62,2.68,2.52,2.57,2.46
19/03/2025 08:35 a. m.,Ordeño,05:56,10.64,2,,,,,0,,0.90,1.32,1.26,0.96,0,0,0,0,4.96,5.09,5.07,4.98,VMS 2,,Tanque,,1.32,1.74,1.62,1.44,2.72,2.75,2.84,2.33
19/03/2025 07:55 p. m.,Ordeño,08:31,22.72,3,,,,,0,,1.08,1.32,1.20,1.26,0,0,0,0,5.16,5.30,4.92,5.06,VMS 2,,Tanque,,1.56,1.86,1.56,1.86,5.59,5.56,5.76,5.81
20/03/2025 12:31 a. m.,Ordeño,05:21,9.62,1,,,,,0,,0.96,1.38,1.38,1.20,0,0,0,0,4.49,4.75,4.88,4.71,VMS 2,,Tanque,,1.38,1.80,1.74,1.86,2.40,2.54,2.37,2.31
20/03/2025 06:25 a. m.,Ordeño,07:25,12.38,2,,,,,0,,0.84,1.38,1.26,1.14,0,0,0,0,4.70,4.84,5.12,4.57,VMS 2,,Tanque,,1.38,1.80,1.56,1.62,3.11,3.27,3.02,2.98
20/03/2025 04:46 p. m.,Ordeño,09:21,22.73,3,,,,,0,,0.96,1.44,1.38,1.20,0,0,0,0,5.08,5.20,5.11,4.91,VMS 2,,Tanque,,1.44,1.92,1.80,1.74,6.00,5.71,5.88,5.14
21/03/2025 02:00 a. m.,Ordeño,08:20,18.39,1,,,,,0,,0.90,1.32,1.38,1.26,0,0,0,0,5.00,5.15,5.23,4.93,VMS 2,,Tanque,,1.32,1.74,1.80,1.86,4.69,4.65,4.64,4.41
21/03/2025 03:24 p. m.,Ordeño,09:45,27.09,2,,,,,0,DD,1.08,1.44,1.38,1.20,0,0,0,0,5.06,5.21,4.11,4.84,VMS 2,,Tanque,,1.50,1.98,1.68,1.62,7.22,6.95,6.70,6.22
21/03/2025 09:36 p. m.,Ordeño,05:42,10.98,3,,,,,0,,0.96,1.14,1.26,0.96,0,0,0,0,4.77,4.99,5.16,4.85,VMS 2,,Tanque,,1.32,1.56,1.62,1.50,2.88,2.79,2.88,2.43
22/03/2025 01:40 a. m.,Ordeño,05:28,8.34,1,,,,,0,,0.84,1.02,1.26,0.72,0,0,0,0,5.00,5.15,5.20,5.02,VMS 2,,Tanque,,1.20,1.50,1.62,1.32,2.07,2.39,2.15,1.73
22/03/2025 09:56 a. m.,Ordeño,07:58,17.57,2,,,,,0,,0.96,1.20,1.26,1.08,0,0,0,0,5.23,5.28,5.29,5.03,VMS 2,,Tanque,,1.32,1.62,1.74,1.62,4.60,4.35,4.61,4.01
22/03/2025 07:27 p. m.,Ordeño,09:10,20.95,3,,,,,0,,1.02,1.02,1.32,1.14,0,0,0,0,5.23,5.30,5.26,5.26,VMS 2,,Tanque,,1.38,1.44,1.74,1.74,5.34,5.42,5.24,4.95
23/03/2025 05:00 a. m.,Ordeño,07:17,19.62,1,,,,,0,,1.14,1.20,1.38,1.14,0,0,0,0,4.97,4.97,5.06,4.83,VMS 2,,Tanque,,1.56,1.68,1.80,1.68,5.03,4.94,5.06,4.59
23/03/2025 11:44 a. m.,Ordeño,06:05,14.28,2,,,,,0,,1.08,1.32,1.32,1.14,0,0,0,0,4.76,5.00,5.04,4.96,VMS 2,,Tanque,,1.50,1.92,1.62,1.68,3.67,3.57,3.64,3.40
23/03/2025 10:29 p. m.,Ordeño,10:02,22.70,3,,,,,0,,0.96,1.20,1.26,1.14,0,0,0,0,5.05,5.22,5.20,5.04,VMS 2,,Tanque,,1.38,1.62,1.74,1.74,5.94,5.64,5.72,5.40
24/03/2025 05:32 a. m.,Ordeño,07:55,13.76,1,,,,,0,,1.02,1.08,1.20,1.02,0,0,0,0,4.73,4.72,4.99,4.85,VMS 2,,Tanque,,1.38,1.44,1.62,1.68,3.42,3.58,3.57,3.19
24/03/2025 10:45 p. m.,Ordeño,11:50,23.72,2,,,TD,TD,0,,1.14,1.26,1.08,0.00,0,0,0,0,5.25,5.23,4.81,0.00,VMS 2,,Tanque,,1.62,1.68,1.62,0.00,8.00,7.75,7.97,0.00
25/03/2025 10:34 a. m.,Ordeño,04:23,10.03,2,,,,,0,,1.02,1.20,1.20,0.66,0,0,0,0,4.79,4.93,5.04,4.80,VMS 2,,Tanque,,1.44,1.62,1.62,1.32,2.79,2.88,2.69,1.67
25/03/2025 05:30 p. m.,Ordeño,04:20,12.99,3,,,,,0,,1.20,1.14,1.14,0.84,0,0,0,0,5.04,5.18,4.87,4.61,VMS 2,,Tanque,,1.50,1.74,1.50,1.74,3.59,3.45,3.46,2.49
25/03/2025 11:23 p. m.,Ordeño,05:41,11.80,4,,,,,0,,1.14,0.78,1.20,0.90,0,0,0,0,4.98,4.70,5.19,4.95,VMS 2,,Tanque,,1.56,1.20,1.62,1.44,3.15,3.17,3.10,2.38
26/03/2025 09:48 a. m.,Ordeño,08:05,22.83,1,,,,,0,,1.02,1.44,1.20,0.96,0,0,0,0,5.28,5.48,5.14,5.33,VMS 2,,Tanque,,1.50,1.92,1.62,1.38,6.36,6.14,6.08,4.25
27/03/2025 12:12 a. m.,Ordeño,05:58,25.05,1,,,,,0,,1.32,1.38,1.32,1.32,0,0,0,0,5.15,5.26,5.07,5.15,VMS 2,,Tanque,,1.68,1.92,1.74,1.86,6.01,6.83,6.18,6.03
27/03/2025 05:27 a. m.,Ordeño,05:13,10.28,2,,,,,0,,1.14,1.26,1.14,0.66,0,0,0,0,4.95,4.93,5.05,5.04,VMS 2,,Tanque,,1.50,1.80,1.56,1.14,2.83,2.90,2.67,1.88
27/03/2025 03:19 p. m.,Ordeño,08:53,22.61,3,,,,,0,,1.02,1.08,1.14,1.26,0,0,0,0,5.13,5.25,5.23,5.29,VMS 2,,Tanque,,1.38,1.56,1.50,1.98,5.86,5.95,5.51,5.29
28/03/2025 12:05 a. m.,Ordeño,08:08,19.43,1,,,,,0,,1.14,1.20,1.26,1.14,0,0,0,0,5.35,5.33,5.36,5.40,VMS 2,,Tanque,,1.50,1.68,1.62,1.62,5.09,4.89,4.99,4.46
28/03/2025 07:13 a. m.,Ordeño,08:06,16.45,2,,,,,0,,1.02,1.20,1.14,1.14,0,0,0,0,5.22,5.33,5.23,5.40,VMS 2,,Tanque,,1.44,1.80,1.50,1.86,4.26,4.37,4.00,3.82
28/03/2025 09:50 p. m.,Ordeño,09:46,30.35,3,,,,,0,,1.14,1.26,1.20,1.20,0,0,0,0,5.12,5.23,5.13,5.22,VMS 2,,Tanque,,1.56,1.74,1.62,1.80,8.00,7.55,7.87,6.93
29/03/2025 03:45 a. m.,Ordeño,05:38,12.80,1,,,,,0,,1.08,1.20,1.14,1.14,0,0,0,0,4.93,4.95,5.02,5.20,VMS 2,,Tanque,,1.50,1.62,1.50,1.80,3.23,3.30,3.25,3.02
29/03/2025 10:42 a. m.,Ordeño,06:04,15.08,2,,,,,0,,1.14,1.26,1.26,1.20,0,0,0,0,5.09,5.14,5.14,5.19,VMS 2,,Tanque,,1.50,1.62,1.74,1.80,3.85,3.70,3.76,3.77
29/03/2025 03:34 p. m.,Ordeño,04:28,9.06,3,,,,,0,,1.20,1.08,1.26,1.14,0,0,0,0,5.01,5.09,5.01,5.19,VMS 2,,Tanque,,1.50,1.44,1.62,1.80,2.35,2.17,2.26,2.28
29/03/2025 11:27 p. m.,Ordeño,06:33,15.55,4,,,,,0,,1.08,1.32,1.26,1.20,0,0,0,0,5.00,5.15,5.02,4.94,VMS 2,,Tanque,,1.56,1.80,1.62,1.98,4.07,4.02,3.85,3.61
30/03/2025 11:50 a. m.,Ordeño,09:25,26.26,1,,,,,0,DD,1.08,1.32,0.96,1.20,0,0,0,0,5.15,5.30,4.09,5.02,VMS 2,,Tanque,,1.62,1.80,1.44,1.92,6.80,6.75,6.50,6.21
30/03/2025 07:48 p. m.,Ordeño,07:21,17.69,2,,,,,0,,1.08,1.26,1.32,1.14,0,0,0,0,4.96,5.04,5.02,5.01,VMS 2,,Tanque,,1.38,1.68,1.86,1.68,4.62,4.51,4.64,3.92
31/03/2025 06:27 a. m.,Ordeño,08:24,23.65,1,,,,,0,,1.08,1.38,1.32,1.26,0,0,0,0,5.10,5.31,5.16,5.26,VMS 2,,Tanque,,1.62,1.86,1.74,2.04,5.97,6.00,5.82,5.86
31/03/2025 12:31 p. m.,Ordeño,05:34,10.03,2,,,,,0,,0.90,1.08,1.14,1.08,0,0,0,0,4.76,4.91,4.94,5.02,VMS 2,,Tanque,,1.32,1.56,1.56,1.98,2.62,2.65,2.54,2.22
31/03/2025 05:10 p. m.,Ordeño,04:57,8.78,3,,,,,0,,0.96,1.20,1.20,0.84,0,0,0,0,4.77,4.77,4.93,5.09,VMS 2,,Tanque,,1.44,1.62,1.62,1.56,2.34,2.32,2.25,1.87
31/03/2025 11:12 p. m.,Ordeño,06:41,13.61,4,,,,,0,,1.02,1.08,1.14,1.14,0,0,0,0,4.99,5.05,5.06,5.14,VMS 2,,Tanque,,1.38,1.50,1.50,2.04,3.52,3.50,3.49,3.10
01/04/2025 10:38 a. m.,Ordeño,09:16,25.98,1,,,,,0,,1.08,1.26,1.32,1.32,0,0,0,0,5.41,5.46,5.41,5.50,VMS 2,,Tanque,,1.50,1.68,1.74,2.16,6.64,6.50,6.42,6.42
01/04/2025 06:40 p. m.,Ordeño,07:14,16.91,2,,,,,0,,1.08,1.20,1.26,1.20,0,0,0,0,4.94,4.93,5.03,5.08,VMS 2,,Tanque,,1.50,1.80,1.56,1.92,4.44,4.24,4.32,3.91
02/04/2025 07:05 a. m.,Ordeño,09:40,24.77,1,,,,,0,,1.14,1.20,1.32,1.20,0,0,0,0,5.20,5.19,5.25,5.13,VMS 2,,Tanque,,1.56,1.62,1.68,1.86,6.35,6.38,6.17,5.87
02/04/2025 07:57 p. m.,Ordeño,09:12,24.32,2,,,,,0,,1.08,1.14,1.26,1.08,0,0,0,0,4.99,5.01,5.20,5.16,VMS 2,,Tanque,,1.56,1.86,1.92,1.74,6.49,6.18,6.23,5.42
03/04/2025 06:08 a. m.,Ordeño,08:23,21.67,1,,,,,0,,1.08,1.38,1.44,1.20,0,0,0,0,5.20,5.27,5.42,5.28,VMS 2,,Tanque,,1.44,1.74,1.86,1.68,5.87,5.50,5.49,4.81
03/04/2025 10:11 p. m.,Ordeño,10:12,30.70,2,,,,,0,,1.14,1.32,1.32,1.26,0,0,0,0,5.22,5.35,5.42,5.38,VMS 2,,Tanque,,1.62,1.74,1.74,1.92,7.80,7.60,7.72,7.58
04/04/2025 09:18 a. m.,Ordeño,07:02,17.72,1,,,,,0,,1.08,1.20,1.32,1.20,0,0,0,0,4.70,4.69,4.95,4.69,VMS 2,,Tanque,,1.62,1.68,1.74,1.68,4.64,4.50,4.56,4.02
05/04/2025 01:17 a. m.,Ordeño,09:09,30.85,1,,,,,0,,1.26,1.38,1.26,1.56,0,0,0,0,5.56,5.54,5.48,5.66,VMS 2,,Tanque,,1.62,1.86,1.74,2.34,7.70,6.90,7.02,9.23
07/04/2025 02:27 a. m.,Ordeño,07:10,16.81,1,,,,,0,,1.20,1.44,1.38,1.14,0,0,0,0,5.35,5.30,5.40,5.25,VMS 2,,Tanque,,1.62,1.98,1.80,1.62,4.34,4.17,4.63,3.67
07/04/2025 01:48 p. m.,Ordeño,07:43,22.92,2,,,,,0,,1.20,1.56,1.56,1.62,0,0,0,0,5.64,5.71,5.61,5.62,VMS 2,,Tanque,,1.62,2.04,1.86,2.16,5.80,5.66,5.75,5.71
08/04/2025 02:51 a. m.,Ordeño,08:04,25.67,1,,,,,0,,1.32,1.44,1.50,1.50,0,0,0,0,5.51,5.60,5.59,5.54,VMS 2,,Tanque,,1.74,1.98,1.92,1.98,6.76,6.28,6.26,6.37
08/04/2025 08:41 a. m.,Ordeño,05:06,10.41,2,,,,,0,,1.20,1.26,1.38,1.08,0,0,0,0,5.23,5.19,5.40,5.21,VMS 2,,Tanque,,1.50,1.74,2.10,1.56,2.77,2.89,2.78,1.97
08/04/2025 03:49 p. m.,Ordeño,05:54,12.59,3,,,,,0,,1.32,1.20,1.56,0.84,0,0,0,0,5.17,5.05,5.28,5.06,VMS 2,,Tanque,,1.68,1.62,2.34,1.26,3.49,2.89,3.62,2.59
08/04/2025 09:39 p. m.,Ordeño,06:08,11.20,4,,,,,0,,1.08,1.26,1.26,1.26,0,0,0,0,5.00,5.07,5.13,5.17,VMS 2,,Tanque,,1.44,1.74,1.74,1.86,2.96,2.86,2.86,2.52
09/04/2025 09:30 a. m.,Ordeño,09:09,25.79,1,,,,,0,,1.20,1.44,1.50,1.32,0,0,0,0,5.60,5.67,5.61,5.70,VMS 2,,Tanque,,1.62,1.92,1.92,1.80,6.94,6.55,6.64,5.66
09/04/2025 06:46 p. m.,Ordeño,08:10,16.65,2,,,,,0,,1.26,1.32,1.44,1.08,0,0,0,0,5.25,5.15,5.29,5.28,VMS 2,,Tanque,,1.56,1.68,1.86,1.56,4.42,4.13,4.44,3.66
10/04/2025 11:52 a. m.,Ordeño,09:29,30.08,1,,,,,0,,1.20,1.32,1.44,1.26,0,0,0,0,5.57,5.74,5.54,5.59,VMS 2,,Tanque,,1.62,1.68,2.04,1.86,8.06,8.90,6.63,6.49
10/04/2025 10:10 p. m.,Ordeño,07:47,21.25,2,,,,,0,,1.14,1.32,1.38,1.14,0,0,0,0,5.25,5.19,5.34,5.20,VMS 2,,Tanque,,1.50,1.80,1.92,1.56,5.61,5.45,5.72,4.47
11/04/2025 06:26 a. m.,Ordeño,06:59,16.54,1,,,,,0,,1.20,1.26,1.38,1.14,0,0,0,0,5.38,5.32,5.40,5.41,VMS 2,,Tanque,,1.56,1.68,1.86,1.62,4.48,4.16,4.18,3.72
11/04/2025 01:57 p. m.,Ordeño,06:28,15.20,2,,,,,0,,1.20,1.20,1.32,1.20,0,0,0,0,5.25,5.42,5.39,5.45,VMS 2,,Tanque,,1.50,1.68,1.68,1.68,4.03,3.71,3.93,3.53
11/04/2025 09:39 p. m.,Ordeño,06:34,16.52,3,,,,,0,,1.20,1.26,1.44,1.20,0,0,0,0,5.24,5.23,5.33,5.51,VMS 2,,Tanque,,1.56,1.68,2.16,1.62,4.46,4.16,4.10,3.80
12/04/2025 08:55 a. m.,Ordeño,08:57,25.86,1,,,,,0,,1.14,1.26,1.50,1.32,0,0,0,0,5.55,5.54,5.65,5.64,VMS 2,,Tanque,,1.62,1.68,1.86,1.74,6.93,6.84,6.45,5.64
12/04/2025 07:17 p. m.,Ordeño,07:36,21.13,2,,,,,0,,1.14,1.38,1.50,1.26,0,0,0,0,5.36,5.41,5.48,5.45,VMS 2,,Tanque,,1.50,2.04,2.04,1.68,5.51,5.21,5.56,4.85
13/04/2025 04:26 a. m.,Ordeño,07:45,17.36,1,,,,,0,,1.02,1.38,1.44,1.08,0,0,0,0,5.11,5.17,5.29,5.14,VMS 2,,Tanque,,1.38,1.92,1.92,1.50,4.77,4.35,4.44,3.80
13/04/2025 07:33 p. m.,Ordeño,11:19,27.03,2,,,,,0,,1.08,1.38,1.56,1.26,0,0,0,0,5.37,5.45,5.45,5.57,VMS 2,,Tanque,,1.50,1.86,1.98,1.68,7.57,7.02,6.32,6.12
14/04/2025 11:05 a. m.,Ordeño,08:58,23.88,1,,DI,,,0,,1.08,1.38,1.44,1.26,0,0,0,0,4.95,5.19,5.40,5.29,VMS 2,,Tanque,,1.74,1.92,1.92,1.74,5.86,6.17,6.31,5.54
14/04/2025 06:46 p. m.,Ordeño,06:59,14.88,2,,,,,0,,1.02,1.50,1.50,1.32,0,0,0,0,5.10,5.05,5.28,5.14,VMS 2,,Tanque,,1.44,2.16,1.98,1.80,4.24,3.67,3.67,3.30
15/04/2025 02:54 a. m.,Ordeño,08:04,17.12,1,,,,,0,,1.02,1.14,1.38,1.32,0,0,0,0,5.23,5.29,5.48,5.31,VMS 2,,Tanque,,1.38,1.62,1.74,1.68,4.60,4.29,4.53,3.70
15/04/2025 09:19 a. m.,Ordeño,06:06,13.09,2,,,,,0,,1.02,1.38,1.38,1.20,0,0,0,0,5.28,5.42,5.40,5.34,VMS 2,,Tanque,,1.44,1.86,1.86,1.62,3.40,3.42,3.30,2.97
15/04/2025 07:39 p. m.,Ordeño,07:43,20.95,3,,,,,0,,1.20,1.50,1.62,1.32,0,0,0,0,5.41,5.41,5.60,5.56,VMS 2,,Tanque,,1.68,2.04,2.10,1.80,5.55,5.41,5.31,4.68
16/04/2025 02:40 a. m.,Ordeño,06:19,13.31,1,,,,,0,,1.14,1.38,1.44,1.26,0,0,0,0,5.16,5.14,5.34,5.33,VMS 2,,Tanque,,1.62,1.80,1.86,1.62,3.45,3.42,3.55,2.89
16/04/2025 09:02 a. m.,Ordeño,05:38,12.74,2,,,,,0,,1.14,1.38,1.44,1.08,0,0,0,0,5.21,5.15,5.40,5.41,VMS 2,,Tanque,,1.56,1.80,1.92,1.74,3.31,3.34,3.29,2.80
16/04/2025 06:49 p. m.,Ordeño,07:35,19.45,3,,DD,,,0,,1.14,1.26,1.50,1.32,0,0,0,0,5.20,5.26,5.46,5.38,VMS 2,,Tanque,,1.56,1.86,1.98,1.86,4.87,5.08,4.98,4.52
17/04/2025 03:23 a. m.,Ordeño,07:10,20.98,1,,,,,0,,1.20,1.32,1.56,1.44,0,0,0,0,5.59,5.65,5.72,5.68,VMS 2,,Tanque,,1.62,1.74,2.04,2.04,5.37,5.37,5.23,5.01
17/04/2025 04:58 p. m.,Ordeño,09:42,30.65,2,,,,,0,,1.20,1.38,1.56,1.38,0,0,0,0,5.63,5.66,5.80,5.69,VMS 2,,Tanque,,1.74,2.10,1.92,1.92,8.04,7.89,7.35,7.37
18/04/2025 02:42 a. m.,Ordeño,06:47,19.59,1,,,,,0,,1.26,1.38,1.56,1.20,0,0,0,0,5.25,5.37,5.47,5.48,VMS 2,,Tanque,,1.68,1.80,2.04,1.68,5.01,5.17,5.01,4.40
18/04/2025 10:21 a. m.,Ordeño,06:06,15.45,2,,,,,0,,1.14,1.26,1.38,1.20,0,0,0,0,5.19,5.32,5.42,5.44,VMS 2,,Tanque,,1.68,1.68,1.86,1.68,3.97,3.95,4.01,3.52
19/04/2025 02:14 a. m.,Ordeño,08:51,30.03,1,,,,,0,,1.26,1.38,1.50,1.38,0,0,0,0,5.23,5.59,5.49,5.53,VMS 2,,Tanque,,1.68,1.92,2.16,1.74,7.52,8.02,7.08,7.41
20/04/2025 08:38 a. m.,Ordeño,08:49,25.43,1,,,,,0,,1.26,1.38,1.50,1.38,0,0,0,0,5.30,5.54,5.46,5.55,VMS 2,,Tanque,,1.68,1.92,1.92,1.86,6.73,6.29,6.71,5.70
20/04/2025 08:11 p. m.,Ordeño,10:26,20.79,2,,,,,0,,1.44,1.26,1.44,1.14,0,0,0,0,5.17,5.25,5.28,5.40,VMS 2,,Tanque,,1.86,1.80,1.98,1.56,5.44,5.26,5.49,4.60
21/04/2025 07:16 a. m.,Ordeño,07:50,22.93,1,,,,,0,,1.38,1.32,1.38,1.20,0,0,0,0,5.32,5.45,5.41,5.39,VMS 2,,Tanque,,1.86,1.68,1.86,1.68,6.10,5.90,5.94,4.99
22/04/2025 12:22 a. m.,Ordeño,09:14,29.34,1,,,,,0,,1.38,1.32,1.50,1.32,0,0,0,0,5.59,5.53,5.62,5.71,VMS 2,,Tanque,,1.74,1.74,1.98,1.68,8.25,6.85,7.32,6.92
22/04/2025 02:54 p. m.,Ordeño,07:38,24.84,2,,,,,0,,1.38,1.32,1.50,1.32,0,0,0,0,5.12,5.27,5.47,5.32,VMS 2,,Tanque,,1.86,1.80,1.86,1.74,6.55,6.41,6.41,5.47
23/04/2025 05:31 a. m.,Ordeño,14:37,11.85,1,,DI,"DI,TD","DI,TD",0,"DD,TI",0.54,1.38,1.44,0.24,0,0,0,0,3.42,5.32,5.62,2.35,VMS 2,,Tanque,,0.90,1.80,1.98,0.72,0.06,5.32,6.34,0.13
23/04/2025 11:42 p. m.,Ordeño,09:26,28.90,2,,,,,0,,1.44,1.38,1.38,1.38,0,0,0,0,5.60,5.50,5.52,5.49,VMS 2,,Tanque,,1.86,1.86,1.92,1.92,8.79,7.03,6.84,6.24
24/04/2025 10:42 a. m.,Ordeño,05:56,13.72,1,,,DI,,0,,1.20,1.26,1.44,1.26,0,0,0,0,5.02,5.38,5.37,5.26,VMS 2,,Tanque,,1.68,1.74,1.86,1.68,2.57,4.07,4.36,2.72
24/04/2025 07:20 p. m.,Ordeño,05:30,10.74,2,,,,,0,,1.26,1.38,1.44,1.32,0,0,0,0,5.21,5.35,5.35,5.27,VMS 2,,Tanque,,1.62,1.92,1.92,1.98,2.55,2.83,2.92,2.44
25/04/2025 03:13 a. m.,Ordeño,05:10,8.99,1,,,,,0,,1.26,1.38,1.26,1.02,0,0,0,0,5.12,5.19,5.10,5.16,VMS 2,,Tanque,,1.68,1.80,1.62,1.80,2.21,2.50,2.31,1.97
25/04/2025 05:46 p. m.,Ordeño,05:44,14.28,2,,,,,0,,1.50,1.56,1.68,1.56,0,0,0,0,5.50,5.61,5.58,5.15,VMS 2,,Tanque,,1.98,2.10,2.22,1.98,3.59,3.88,3.75,3.06
26/04/2025 07:03 a. m.,Ordeño,05:05,11.74,1,,,,,0,,1.50,1.50,1.62,1.44,0,0,0,0,5.10,5.23,5.23,5.14,VMS 2,,Tanque,,1.92,1.98,2.10,1.98,3.01,3.13,3.01,2.59
26/04/2025 07:58 p. m.,Ordeño,07:25,12.22,2,,,,,0,,1.44,1.44,1.38,1.14,0,0,0,0,5.14,5.28,5.24,5.37,VMS 2,,Tanque,,1.92,1.92,1.74,1.62,3.41,3.13,3.11,2.57
27/04/2025 09:59 a. m.,Ordeño,07:08,13.31,1,,,,,0,,1.44,1.38,1.44,1.26,0,0,0,0,5.06,5.33,5.14,5.31,VMS 2,,Tanque,,1.86,1.86,1.80,1.74,3.71,3.40,3.41,2.79
28/04/2025 12:04 a. m.,Ordeño,06:55,13.25,1,,,,,0,,1.20,1.32,1.44,1.14,0,0,0,0,4.92,5.06,5.09,5.03,VMS 2,,Tanque,,1.68,1.86,1.86,1.62,3.71,3.23,3.27,3.04
28/04/2025 02:02 p. m.,Ordeño,06:01,12.00,2,,,,,0,,1.14,1.32,1.26,1.20,0,0,0,0,4.94,5.05,5.08,5.09,VMS 2,,Tanque,,1.62,1.74,1.80,1.62,3.39,3.07,2.86,2.68
28/04/2025 11:53 p. m.,Ordeño,04:50,9.41,3,,,,,0,,1.20,1.38,1.26,1.08,0,0,0,0,5.08,5.11,5.09,5.15,VMS 2,,Tanque,,1.62,1.74,1.68,1.50,2.61,2.37,2.41,2.02
29/04/2025 02:55 p. m.,Ordeño,06:43,16.39,1,,,,,0,,1.20,1.20,1.50,1.26,0,0,0,0,5.33,5.45,5.43,5.43,VMS 2,,Tanque,,1.62,1.62,1.92,1.62,4.47,4.22,3.99,3.71
30/04/2025 01:43 a. m.,Ordeño,06:37,13.67,1,,,,,0,,1.14,1.38,1.38,1.20,0,0,0,0,4.98,5.22,5.29,5.15,VMS 2,,Tanque,,1.56,1.74,1.74,1.56,3.71,3.33,3.49,3.14
30/04/2025 02:33 p. m.,Ordeño,06:59,15.29,2,,,,,0,,1.14,1.26,1.38,1.14,0,0,0,0,5.18,5.33,5.39,5.47,VMS 2,,Tanque,,1.80,1.74,1.86,1.50,4.26,3.92,3.91,3.20
01/05/2025 07:38 a. m.,Ordeño,07:58,19.86,1,,,,,0,,1.26,1.02,1.44,1.32,0,0,0,0,4.94,5.06,5.10,5.07,VMS 2,,Tanque,,1.62,1.32,1.92,1.62,5.22,5.20,4.92,4.52
01/05/2025 07:04 p. m.,Ordeño,05:34,11.36,2,,,,,0,,1.14,1.14,1.14,1.08,0,0,0,0,4.94,5.05,5.11,5.14,VMS 2,,Tanque,,1.50,1.56,1.62,1.50,2.98,2.84,2.86,2.68
02/05/2025 07:33 a. m.,Ordeño,09:30,16.38,1,,,,,0,,1.32,1.20,1.32,1.14,0,0,0,0,5.04,5.39,5.29,5.11,VMS 2,,Tanque,,2.34,1.74,1.68,1.68,4.45,4.29,4.07,3.57
02/05/2025 02:38 p. m.,Ordeño,05:13,7.62,2,,,,,0,,1.02,1.14,1.20,1.08,0,0,0,0,4.80,5.03,5.07,5.00,VMS 2,,Tanque,,1.38,1.56,1.56,1.44,1.98,1.98,1.90,1.76
03/05/2025 04:16 a. m.,Ordeño,11:41,14.99,1,,,TD,TD,0,,1.14,1.20,1.32,0.00,0,0,0,0,5.07,5.34,5.36,0.00,VMS 2,,Tanque,,1.56,1.68,1.74,0.00,5.07,4.97,4.95,0.00
03/05/2025 10:02 p. m.,Ordeño,08:40,24.80,2,,,,,0,,1.14,1.08,1.32,1.32,0,0,0,0,5.00,5.31,5.21,5.39,VMS 2,,Tanque,,1.62,1.50,1.68,1.80,6.20,6.23,5.94,6.43
04/05/2025 11:03 a. m.,Ordeño,07:11,17.43,1,,,,,0,,1.20,1.20,1.32,1.08,0,0,0,0,5.12,5.33,5.34,5.18,VMS 2,,Tanque,,1.56,1.86,1.68,1.44,5.04,4.64,4.86,2.89
05/05/2025 01:30 a. m.,Ordeño,07:54,18.98,1,,,,,0,,1.20,1.32,1.38,1.32,0,0,0,0,4.94,5.20,5.08,5.36,VMS 2,,Tanque,,1.68,1.80,1.92,1.68,4.96,5.08,4.75,4.19
06/05/2025 08:44 a. m.,Ordeño,07:47,18.44,1,,,,,0,,1.32,1.20,1.38,1.08,0,0,0,0,4.90,5.04,5.11,4.92,VMS 2,,Tanque,,1.74,1.68,1.80,1.68,4.95,4.67,4.90,3.92
06/05/2025 04:49 p. m.,Ordeño,05:33,11.59,2,,,,,0,,1.14,1.08,1.26,1.14,0,0,0,0,4.92,5.04,5.16,5.11,VMS 2,,Tanque,,1.56,1.56,1.74,1.56,3.01,3.11,2.94,2.53
07/05/2025 02:00 a. m.,Ordeño,06:04,16.11,1,,,,,0,,1.32,1.20,1.32,1.20,0,0,0,0,5.26,5.45,5.37,5.49,VMS 2,,Tanque,,1.74,1.50,1.68,1.62,4.20,4.24,4.11,3.56
07/05/2025 02:43 p. m.,Ordeño,07:39,19.98,2,,,,,0,,1.08,1.14,1.32,1.20,0,0,0,0,5.23,5.34,5.35,5.52,VMS 2,,Tanque,,1.62,1.68,1.80,1.56,5.27,4.99,5.20,4.52
08/05/2025 02:26 a. m.,Ordeño,07:35,21.04,1,,,,,0,,1.26,1.26,1.38,1.38,0,0,0,0,5.15,5.35,5.28,5.39,VMS 2,,Tanque,,1.62,1.68,1.74,1.74,5.50,5.33,5.30,4.91
08/05/2025 10:53 a. m.,Ordeño,05:22,10.58,2,,,,,0,,1.02,1.08,1.14,1.14,0,0,0,0,4.82,4.92,5.09,5.07,VMS 2,,Tanque,,1.44,1.44,1.50,1.56,2.74,2.63,2.69,2.52
09/05/2025 04:21 a. m.,Ordeño,09:16,27.99,1,,,,,0,,1.20,1.26,1.26,1.32,0,0,0,0,5.20,5.37,5.15,5.44,VMS 2,,Tanque,,1.56,1.68,1.68,1.74,7.22,7.00,7.03,6.74
09/05/2025 08:03 p. m.,Ordeño,09:19,23.59,2,,,,,0,,1.14,1.20,1.26,1.14,0,0,0,0,4.80,4.99,5.10,5.08,VMS 2,,Tanque,,1.74,1.74,1.68,1.50,6.18,5.78,6.20,5.43
10/05/2025 02:24 a. m.,Ordeño,06:35,10.76,1,,,,,0,,1.26,1.20,1.20,1.08,0,0,0,0,4.85,4.91,5.00,4.87,VMS 2,,Tanque,,1.68,1.62,1.62,1.56,2.91,2.61,2.82,2.42
10/05/2025 11:13 a. m.,Ordeño,05:41,14.17,2,,,,,0,,1.26,1.20,1.32,1.20,0,0,0,0,5.10,5.19,5.14,5.14,VMS 2,,Tanque,,1.62,1.74,1.68,1.80,3.60,3.56,3.60,3.41
10/05/2025 10:31 p. m.,Ordeño,06:44,16.80,3,,,,,0,,1.20,1.26,1.14,1.08,0,0,0,0,5.00,5.16,4.59,4.74,VMS 2,,Tanque,,1.62,1.68,1.50,1.62,4.39,4.34,4.34,3.73
11/05/2025 11:28 a. m.,Ordeño,08:53,21.53,1,,,,,0,,1.20,1.14,1.32,1.26,0,0,0,0,5.03,5.14,5.11,5.08,VMS 2,,Tanque,,1.50,1.62,1.74,1.80,5.59,5.50,5.56,4.88
11/05/2025 08:23 p. m.,Ordeño,06:01,13.43,2,,,,,0,,1.14,1.26,1.20,1.20,0,0,0,0,4.84,5.00,5.04,5.03,VMS 2,,Tanque,,1.56,1.74,1.56,1.62,3.40,3.34,3.43,3.26
12/05/2025 08:15 a. m.,Ordeño,13:16,20.24,1,,,,,0,,0.60,1.14,1.26,1.20,0,0,0,0,4.88,5.28,5.23,5.31,VMS 2,,Tanque,,0.96,1.62,1.68,1.62,5.41,5.18,5.10,4.55
12/05/2025 05:13 p. m.,Ordeño,10:15,13.68,2,,,,,0,,0.60,1.32,1.26,1.02,0,0,0,0,4.82,5.19,5.24,5.19,VMS 2,,Tanque,,1.20,1.74,1.86,1.44,3.74,3.39,3.71,2.84
13/05/2025 06:59 a. m.,Ordeño,17:24,22.92,1,,,,,0,,0.48,1.26,1.38,1.20,0,0,0,0,4.80,5.23,5.24,5.10,VMS 2,,Tanque,,1.20,1.80,1.74,1.68,5.37,6.08,6.27,5.20
13/05/2025 03:47 p. m.,Ordeño,15:34,13.31,2,,,,,0,,0.42,1.14,1.14,0.90,0,0,0,0,4.48,5.03,5.16,5.17,VMS 2,,Tanque,,1.14,1.56,1.50,1.38,3.63,3.51,3.59,2.58
14/05/2025 04:05 a. m.,Ordeño,07:06,15.98,1,,,DI,,0,,0.24,1.26,1.32,1.20,0,0,0,0,4.60,5.46,5.36,5.47,VMS 2,,Tanque,,0.78,1.74,1.80,1.80,0.37,5.52,5.43,4.66
16/05/2025 07:25 a. m.,Ordeño,15:15,13.40,1,,,DI,,0,,0.30,1.26,1.26,0.96,0,0,0,0,5.86,5.53,5.42,5.41,VMS 2,,Tanque,,0.90,1.80,1.68,1.50,1.81,4.17,4.16,3.26
18/05/2025 01:09 a. m.,Ordeño,14:40,15.70,1,,,,,0,,0.42,1.38,1.26,1.20,0,0,0,0,5.81,5.60,5.66,5.52,VMS 2,,Tanque,,0.72,2.04,1.62,1.86,4.01,4.11,4.05,3.53
18/05/2025 05:24 p. m.,Ordeño,08:20,19.01,2,,,DI,,0,,0.24,1.20,1.32,1.26,0,0,0,0,4.83,5.68,5.62,5.52,VMS 2,,Tanque,,0.72,1.62,1.74,1.98,0.36,6.13,6.28,6.24
19/05/2025 03:36 a. m.,Ordeño,07:33,12.51,1,,,DI,,0,,0.30,1.26,1.32,1.26,0,0,0,0,4.96,5.40,5.33,5.35,VMS 2,,Tanque,,0.84,1.62,1.86,1.80,0.55,4.20,4.03,3.73
21/05/2025 02:51 a. m.,Ordeño,08:22,10.23,1,,,,,0,,0.42,1.20,1.26,1.08,0,0,0,0,5.36,5.23,5.12,5.12,VMS 2,,Tanque,,0.84,1.68,1.62,1.50,1.35,3.11,3.19,2.58
21/05/2025 09:45 a. m.,Ordeño,07:38,10.10,2,,,,,0,,0.42,1.02,1.20,0.84,0,0,0,0,5.61,5.28,5.35,5.33,VMS 2,,Tanque,,0.84,1.38,1.50,1.32,1.70,3.14,3.01,2.25
22/05/2025 01:44 a. m.,Ordeño,14:29,23.67,1,,,,,0,,0.48,1.26,1.62,1.32,0,0,0,0,5.54,5.40,5.53,5.37,VMS 2,,Tanque,,0.84,1.74,2.04,2.04,4.65,7.05,6.05,5.92
23/05/2025 02:50 a. m.,Ordeño,06:55,9.85,1,,,DI,,0,,0.18,1.26,1.26,1.14,0,0,0,0,4.31,5.12,5.15,5.05,VMS 2,,Tanque,,0.60,1.62,1.68,1.62,0.34,3.28,3.36,2.87
23/05/2025 09:57 a. m.,Ordeño,06:34,7.92,2,,,DI,,0,,0.24,1.08,1.20,1.02,0,0,0,0,4.43,5.22,5.29,5.08,VMS 2,,Tanque,,0.78,1.50,1.74,1.56,0.40,2.62,2.72,2.18
23/05/2025 07:22 p. m.,Ordeño,06:18,11.14,3,,,DI,,0,,0.30,1.08,1.26,1.02,0,0,0,0,4.85,5.35,5.27,5.23,VMS 2,,Tanque,,1.02,1.44,1.62,1.56,0.34,3.86,3.81,3.13
24/05/2025 06:39 a. m.,Ordeño,14:16,16.76,1,,,,,0,,0.30,1.20,1.26,0.66,0,0,0,0,5.89,5.46,5.48,5.49,VMS 2,,Tanque,,0.60,1.62,1.62,1.38,1.26,5.51,5.64,4.35
24/05/2025 11:49 p. m.,Ordeño,05:35,10.10,3,,,,,0,,0.36,1.14,1.26,1.08,0,0,0,0,5.58,5.22,5.33,5.18,VMS 2,,Tanque,,0.60,1.44,1.56,1.74,0.32,3.37,3.56,2.85
25/05/2025 12:30 p. m.,Ordeño,08:38,17.99,1,,,DI,,0,,0.36,1.08,1.26,1.02,0,0,0,0,5.65,5.36,5.44,5.33,VMS 2,,Tanque,,0.78,1.56,1.62,1.68,0.75,6.08,6.05,5.11
25/05/2025 07:36 p. m.,Ordeño,07:11,10.25,2,,,,,0,,0.36,0.90,1.20,0.90,0,0,0,0,5.35,5.02,5.04,4.96,VMS 2,,Tanque,,0.60,1.38,1.62,1.50,0.85,3.31,3.43,2.66
26/05/2025 04:23 a. m.,Ordeño,06:50,13.46,1,,,,,0,,0.30,1.14,1.32,1.02,0,0,0,0,5.21,5.37,5.45,5.35,VMS 2,,Tanque,,0.90,1.68,1.68,1.44,0.93,4.52,4.31,3.70
26/05/2025 06:00 p. m.,Ordeño,08:55,17.61,2,,,DI,,0,,0.30,1.02,1.20,0.96,0,0,0,0,4.86,5.27,5.35,5.36,VMS 2,,Tanque,,0.96,1.56,1.62,1.50,0.39,5.95,6.10,5.17
27/05/2025 12:45 a. m.,Ordeño,07:47,10.77,1,,,,,0,,0.24,1.02,1.20,1.08,0,0,0,0,4.87,4.96,5.10,4.97,VMS 2,,Tanque,,0.84,1.44,1.56,1.62,0.81,3.53,3.32,3.11
27/05/2025 10:54 a. m.,Ordeño,07:28,12.85,2,,,DI,,0,,0.30,1.14,1.20,1.02,0,0,0,0,4.48,5.22,5.30,5.17,VMS 2,,Tanque,,1.08,1.56,1.56,1.56,0.36,4.31,4.49,3.69
28/05/2025 12:08 a. m.,Ordeño,08:27,17.66,1,,,DI,,0,,0.24,1.20,1.20,1.02,0,0,0,0,4.11,5.09,5.10,5.27,VMS 2,,Tanque,,0.90,1.62,1.62,1.50,0.31,6.09,6.27,4.99
28/05/2025 05:55 a. m.,Ordeño,06:36,7.73,2,,,,,0,,0.24,0.96,1.08,0.96,0,0,0,0,4.41,4.85,4.91,4.92,VMS 2,,Tanque,,0.66,1.38,1.50,1.44,0.32,2.71,2.47,2.23
28/05/2025 01:54 p. m.,Ordeño,05:54,10.07,3,,,,,0,,0.30,1.14,1.20,0.90,0,0,0,0,4.28,5.11,5.19,5.06,VMS 2,,Tanque,,0.90,1.50,1.50,1.38,0.47,3.40,3.48,2.72
28/05/2025 10:42 p. m.,Ordeño,06:18,11.90,4,,,,,0,,0.36,1.14,1.14,0.90,0,0,0,0,5.63,5.13,5.18,5.09,VMS 2,,Tanque,,0.60,1.56,1.50,1.38,0.62,3.88,4.03,3.37
31/05/2025 06:38 p. m.,Ordeño,09:56,18.03,2,,,,,0,,0.54,1.08,1.44,1.20,0,0,0,0,5.42,4.97,5.06,5.05,VMS 2,,Tanque,,0.90,1.50,1.86,1.74,3.29,5.12,4.85,4.77
01/06/2025 03:22 a. m.,Ordeño,07:39,11.48,1,,,,,0,,0.48,1.20,1.26,1.08,0,0,0,0,4.74,4.98,5.04,4.94,VMS 2,,Tanque,,0.84,1.56,1.68,1.56,2.19,3.29,3.07,2.93
01/06/2025 04:16 p. m.,Ordeño,11:14,19.07,2,,,,,0,,0.48,1.14,1.38,1.20,0,0,0,0,4.62,5.30,5.33,5.18,VMS 2,,Tanque,,0.78,1.80,1.74,1.80,3.47,5.39,5.44,4.77
02/06/2025 06:50 a. m.,Ordeño,13:05,23.05,1,,,,,0,,0.54,1.26,1.38,1.20,0,0,0,0,4.43,5.22,5.37,5.28,VMS 2,,Tanque,,0.84,1.62,1.86,2.04,4.41,6.40,6.28,5.96
02/06/2025 05:23 p. m.,Ordeño,09:24,14.31,2,,,,,0,,0.54,1.08,1.26,1.02,0,0,0,0,4.57,5.18,5.26,5.16,VMS 2,,Tanque,,1.02,1.44,1.62,1.50,3.16,4.03,3.87,3.25
03/06/2025 05:35 a. m.,Ordeño,12:36,18.57,1,,,,,0,,0.60,1.14,1.32,1.20,0,0,0,0,4.25,4.97,5.02,4.99,VMS 2,,Tanque,,0.96,1.62,1.80,1.80,3.86,4.87,4.97,4.87
03/06/2025 06:41 p. m.,Ordeño,11:48,15.98,2,,,,,0,,0.48,1.14,1.26,1.02,0,0,0,0,4.43,4.89,5.07,4.98,VMS 2,,Tanque,,0.84,1.50,1.62,1.56,3.70,4.45,4.39,3.44
04/06/2025 07:31 a. m.,Ordeño,10:27,18.71,1,,,,,0,,0.60,1.08,1.38,1.20,0,0,0,0,4.52,5.01,5.14,5.30,VMS 2,,Tanque,,0.96,1.62,1.92,1.62,3.94,4.98,5.31,4.48
04/06/2025 04:40 p. m.,Ordeño,09:35,12.70,2,,,,,0,,0.48,1.02,1.26,1.08,0,0,0,0,4.37,5.01,5.13,5.26,VMS 2,,Tanque,,0.78,1.38,1.62,1.50,2.71,3.48,3.45,3.06
04/06/2025 11:59 p. m.,Ordeño,06:58,9.22,1,,,,,0,,0.54,0.90,1.08,0.96,0,0,0,0,4.36,5.03,5.16,5.21,VMS 2,,Tanque,,0.96,1.26,1.68,1.38,2.00,2.52,2.49,2.21
05/06/2025 09:39 a. m.,Ordeño,11:00,15.16,2,,,,,0,,0.48,1.20,1.20,1.02,0,0,0,0,4.59,5.41,5.42,5.21,VMS 2,,Tanque,,0.96,1.62,1.62,1.62,3.09,4.16,4.27,3.64
05/06/2025 07:36 p. m.,Ordeño,09:55,14.16,3,,,,,0,,0.54,1.14,1.20,0.96,0,0,0,0,4.80,5.27,5.38,5.46,VMS 2,,Tanque,,0.90,1.50,1.56,1.38,3.16,3.91,3.94,3.15
06/06/2025 09:08 a. m.,Ordeño,14:10,20.20,1,,,,,0,,0.48,1.20,1.32,1.14,0,0,0,0,4.75,5.23,5.30,5.28,VMS 2,,Tanque,,0.90,1.80,1.68,1.80,4.29,5.41,5.55,4.95
06/06/2025 11:09 p. m.,Ordeño,14:01,20.99,2,,,,,0,,0.48,1.26,1.26,1.20,0,0,0,0,4.50,5.11,5.25,5.17,VMS 2,,Tanque,,0.96,1.68,1.68,1.74,4.52,5.54,5.66,5.27
07/06/2025 12:27 p. m.,Ordeño,12:30,17.67,1,,,,,0,,0.48,0.96,1.20,1.08,0,0,0,0,4.62,5.34,5.39,5.35,VMS 2,,Tanque,,0.84,1.50,1.56,1.50,3.90,4.79,4.79,4.19
08/06/2025 01:58 a. m.,Ordeño,14:02,21.81,1,,,,,0,,0.48,1.14,1.38,1.32,0,0,0,0,4.76,5.13,5.31,5.23,VMS 2,,Tanque,,0.90,1.62,1.74,1.80,4.41,5.71,6.01,5.68
08/06/2025 09:10 a. m.,Ordeño,07:50,9.97,2,,,,,0,,0.54,1.14,1.32,1.08,0,0,0,0,4.35,4.94,5.06,4.95,VMS 2,,Tanque,,0.96,1.56,1.98,1.44,2.33,2.70,2.72,2.22
08/06/2025 07:25 p. m.,Ordeño,11:58,15.34,3,,,,,0,,0.48,1.02,1.26,1.08,0,0,0,0,4.90,5.48,5.43,5.43,VMS 2,,Tanque,,0.90,1.50,1.68,1.56,3.21,4.11,4.40,3.62
10/06/2025 06:20 a. m.,Ordeño,10:03,16.44,1,,,,,0,,0.60,1.20,1.26,1.14,0,0,0,0,5.48,5.21,5.32,5.17,VMS 2,,Tanque,,1.02,1.56,1.74,1.56,3.35,4.46,4.51,4.12
10/06/2025 03:19 p. m.,Ordeño,08:20,10.60,2,,,,,0,,0.48,1.26,1.20,1.08,0,0,0,0,5.34,5.01,5.16,5.19,VMS 2,,Tanque,,0.78,1.62,1.56,1.62,2.26,2.91,2.88,2.55
12/06/2025 11:15 p. m.,Ordeño,06:15,5.12,3,,TD,"TI,TD",TI,0,DI,0.72,1.02,0.00,1.14,0,0,0,0,7.37,5.43,0.00,5.16,VMS 2,,Tanque,,1.08,1.44,0.00,1.92,1.66,2.91,0.00,0.55
17/06/2025 06:05 a. m.,Ordeño,06:13,12.42,1,,,,,0,,0.66,1.14,1.20,1.08,0,0,0,0,5.65,5.22,5.29,5.22,VMS 2,,Drenaje,,1.14,1.62,1.68,1.56,1.93,3.59,3.63,3.27
17/06/2025 06:15 p. m.,Ordeño,08:18,16.83,2,,,,,0,,0.66,1.08,1.20,1.08,0,0,0,0,5.58,5.35,5.48,5.50,VMS 2,,Drenaje,,1.02,1.62,1.56,1.56,2.54,4.81,5.06,4.42
18/06/2025 02:06 a. m.,Ordeño,05:36,10.36,1,,,,,0,,0.66,1.08,1.26,1.14,0,0,0,0,5.32,5.02,5.33,5.16,VMS 2,,Drenaje,,1.02,1.44,1.80,1.56,1.69,3.15,2.96,2.56
18/06/2025 04:32 p. m.,Ordeño,10:55,19.32,2,,,,,0,,0.60,1.20,1.26,1.14,0,0,0,0,5.25,5.22,5.25,5.32,VMS 2,,Drenaje,,1.02,1.62,2.04,1.50,3.43,5.44,5.60,4.85
18/06/2025 11:19 p. m.,Ordeño,05:19,10.08,3,,,,,0,,0.60,1.20,1.20,1.08,0,0,0,0,4.77,5.07,5.31,4.75,VMS 2,,Drenaje,,0.90,1.56,1.62,1.56,1.51,3.07,2.95,2.55
19/06/2025 09:19 a. m.,Ordeño,06:45,14.87,1,,,,,0,,0.66,1.26,1.38,1.32,0,0,0,0,5.14,5.31,5.43,5.50,VMS 2,,Drenaje,,1.08,1.68,1.80,1.74,2.55,4.24,4.12,3.96
19/06/2025 04:54 p. m.,Ordeño,05:28,10.09,2,,,,,0,,0.66,1.02,1.26,1.02,0,0,0,0,5.25,5.18,5.44,5.44,VMS 2,,Drenaje,,1.02,1.38,1.62,1.50,1.80,2.94,2.92,2.43
20/06/2025 01:51 a. m.,Ordeño,06:46,13.97,1,,,,,0,,0.72,1.02,1.38,1.14,0,0,0,0,5.33,5.48,5.46,5.45,VMS 2,,Drenaje,,1.08,1.44,1.80,1.68,2.42,3.95,4.03,3.57
20/06/2025 09:06 a. m.,Ordeño,06:15,10.99,2,,,,,0,,0.66,1.44,1.32,1.08,0,0,0,0,5.19,5.13,5.35,5.29,VMS 2,,Drenaje,,1.02,1.80,1.68,1.56,2.02,3.26,2.97,2.74
20/06/2025 05:09 p. m.,Ordeño,06:13,11.48,3,,,,,0,,0.66,1.08,1.26,1.02,0,0,0,0,5.18,5.19,5.42,5.32,VMS 2,,Drenaje,,0.96,1.50,1.68,1.50,2.19,3.25,3.21,2.83
21/06/2025 02:20 a. m.,Ordeño,08:04,14.57,1,,,,,0,,0.54,1.20,1.26,1.08,0,0,0,0,5.20,5.33,5.41,5.36,VMS 2,,Drenaje,,0.90,1.56,1.62,1.50,2.75,4.20,4.09,3.53
21/06/2025 10:54 a. m.,Ordeño,06:36,12.23,2,,,,,0,,0.72,1.08,1.32,1.08,0,0,0,0,5.33,5.01,5.21,5.09,VMS 2,,Drenaje,,1.08,1.38,1.62,1.56,2.25,3.55,3.41,3.02
21/06/2025 07:39 p. m.,Ordeño,08:36,11.91,3,,,,,0,,0.66,1.32,1.20,0.90,0,0,0,0,5.12,5.06,5.21,5.17,VMS 2,,Drenaje,,0.96,1.62,1.74,1.32,2.36,3.48,3.28,2.79
22/06/2025 04:24 a. m.,Ordeño,07:13,12.41,1,,,,,0,,0.54,1.02,1.14,0.96,0,0,0,0,5.04,5.22,5.36,5.36,VMS 2,,Drenaje,,0.90,1.56,1.56,1.44,2.40,3.40,3.54,3.07
22/06/2025 04:04 p. m.,Ordeño,08:39,17.54,2,,,,,0,,0.66,1.14,1.14,0.96,0,0,0,0,5.32,5.17,5.41,5.21,VMS 2,,Drenaje,,1.02,1.68,1.56,1.38,3.45,4.90,4.97,4.22
23/06/2025 06:23 a. m.,Ordeño,08:51,20.75,1,,,,,0,,0.72,1.20,1.26,1.08,0,0,0,0,5.33,5.08,5.20,5.09,VMS 2,,Drenaje,,1.14,1.56,1.92,1.56,3.93,5.71,5.81,5.30
23/06/2025 10:54 p. m.,Ordeño,09:58,22.35,2,,,,,0,,0.66,1.08,1.26,1.02,0,0,0,0,5.06,5.03,5.13,5.08,VMS 2,,Drenaje,,1.14,1.56,1.62,1.50,4.33,6.23,6.09,5.70
24/06/2025 10:30 a. m.,Ordeño,09:38,15.57,1,,,,,0,,0.66,1.08,1.14,0.96,0,0,0,0,4.79,4.83,5.00,4.95,VMS 2,,Drenaje,,1.08,1.62,1.50,1.50,3.07,4.13,4.49,3.88
24/06/2025 10:06 p. m.,Ordeño,08:16,15.94,2,,,,,0,,0.66,1.08,1.20,1.08,0,0,0,0,4.93,5.02,5.14,5.01,VMS 2,,Drenaje,,1.08,1.56,1.68,1.56,3.09,4.48,4.32,4.05
25/06/2025 11:26 a. m.,Ordeño,10:00,21.04,1,,,,,0,,0.60,1.26,1.26,1.14,0,0,0,0,5.06,5.22,5.41,5.35,VMS 2,,Drenaje,,1.02,1.80,1.68,1.62,4.13,5.73,5.85,5.33
25/06/2025 10:25 p. m.,Ordeño,07:48,13.44,2,,,,,0,,0.60,1.32,1.14,0.96,0,0,0,0,4.93,5.08,5.20,5.16,VMS 2,,Drenaje,,1.02,1.74,1.68,1.56,2.73,3.68,3.65,3.38
26/06/2025 10:33 a. m.,Ordeño,09:15,18.83,1,,,,,0,,0.66,1.38,1.26,1.08,0,0,0,0,5.19,5.34,5.41,5.36,VMS 2,,Drenaje,,1.08,1.80,1.68,1.56,3.77,5.12,5.26,4.68
27/06/2025 12:45 a. m.,Ordeño,09:26,20.24,1,,,,,0,,0.66,1.08,1.20,1.08,0,0,0,0,4.93,5.09,5.23,5.06,VMS 2,,Drenaje,,1.02,1.50,1.56,1.44,4.03,5.59,5.57,5.05
27/06/2025 10:26 a. m.,Ordeño,06:54,11.22,2,,,,,0,,0.54,1.08,1.08,0.90,0,0,0,0,4.71,4.82,5.01,4.88,VMS 2,,Drenaje,,0.90,1.50,1.44,1.50,2.18,3.27,3.04,2.73
27/06/2025 07:41 p. m.,Ordeño,07:55,11.32,3,,,,,0,,0.54,0.96,1.08,0.84,0,0,0,0,5.13,5.07,5.20,5.11,VMS 2,,Drenaje,,0.90,1.32,1.56,1.50,2.28,3.08,3.23,2.73
28/06/2025 08:04 a. m.,Ordeño,09:06,18.00,1,,,,,0,,0.60,1.20,1.20,1.08,0,0,0,0,5.45,5.36,5.41,5.36,VMS 2,,Drenaje,,0.96,1.62,1.62,1.62,3.57,4.85,5.05,4.53
28/06/2025 11:14 p. m.,Ordeño,11:48,19.72,2,,,,,0,,0.54,1.14,1.14,1.02,0,0,0,0,4.95,5.25,5.36,5.28,VMS 2,,Drenaje,,1.02,1.62,1.50,1.50,4.09,5.23,5.41,4.99
29/06/2025 06:45 a. m.,Ordeño,06:16,10.17,1,,,,,0,,0.60,1.02,1.08,0.72,0,0,0,0,4.95,5.23,5.22,4.83,VMS 2,,Drenaje,,0.96,1.44,1.56,1.08,2.09,2.92,2.87,2.29
29/06/2025 05:07 p. m.,Ordeño,08:23,13.68,2,,,,,0,,0.54,1.02,1.20,0.84,0,0,0,0,5.19,5.36,5.41,5.35,VMS 2,,Drenaje,,0.90,1.44,1.68,1.38,2.68,4.13,3.84,3.03
30/06/2025 02:23 a. m.,Ordeño,08:46,14.96,1,,,,,0,,0.54,1.26,1.14,0.90,0,0,0,0,5.16,5.47,5.55,5.53,VMS 2,,Drenaje,,1.02,1.68,1.62,1.38,3.01,4.12,4.23,3.60
30/06/2025 05:37 p. m.,Ordeño,11:33,16.83,2,,TD,TD,,0,,0.54,1.14,1.20,0.78,0,0,0,0,5.37,5.28,5.49,5.49,VMS 2,,Drenaje,,0.96,1.50,1.56,1.62,4.45,6.01,6.10,0.27
01/07/2025 01:18 a. m.,Ordeño,08:35,15.93,1,,,,,0,,0.60,1.32,1.08,1.14,0,0,0,0,4.71,4.94,5.02,5.36,VMS 2,,Drenaje,,1.02,1.86,1.50,1.62,2.30,3.30,3.25,7.08
01/07/2025 11:06 a. m.,Ordeño,07:23,12.84,2,,,,,0,,0.66,1.02,1.14,0.90,0,0,0,0,5.09,5.22,5.22,4.77,VMS 2,,Drenaje,,1.02,1.38,1.56,1.38,2.91,3.95,3.88,2.10
01/07/2025 11:48 p. m.,Ordeño,09:57,16.60,3,,,,,0,,0.54,1.26,1.20,1.14,0,0,0,0,4.90,5.09,5.22,5.36,VMS 2,,Drenaje,,0.90,1.62,1.62,1.56,3.59,4.81,4.79,3.41
02/07/2025 07:48 a. m.,Ordeño,06:56,10.72,1,,,,,0,,0.54,1.14,1.14,0.90,0,0,0,0,4.69,4.94,5.17,5.36,VMS 2,,Drenaje,,0.90,1.50,1.50,1.38,2.23,3.06,3.04,2.39
02/07/2025 07:22 p. m.,Ordeño,10:35,15.90,2,,,,,0,,0.54,1.08,1.14,1.02,0,0,0,0,4.98,5.16,5.36,5.47,VMS 2,,Drenaje,,0.96,1.44,1.62,1.62,3.26,4.21,4.53,3.90
03/07/2025 06:47 a. m.,Ordeño,10:18,18.06,1,,,,,0,,0.60,1.08,1.32,1.26,0,0,0,0,5.13,5.19,5.43,5.35,VMS 2,,Drenaje,,1.02,1.50,1.68,1.86,3.58,5.10,4.99,4.39
03/07/2025 02:52 p. m.,Ordeño,08:06,8.67,2,,,TD,TD,0,,0.54,1.02,1.02,0.00,0,0,0,0,4.78,5.05,5.23,0.00,VMS 2,,Drenaje,,0.90,1.44,1.56,0.00,2.32,3.14,3.21,0.00
04/07/2025 04:08 a. m.,Ordeño,11:06,19.28,1,,,,,0,,0.60,1.20,1.26,1.14,0,0,0,0,5.12,5.08,5.22,5.07,VMS 2,,Drenaje,,1.02,1.68,1.62,1.62,3.94,5.38,5.09,4.87
04/07/2025 02:41 p. m.,Ordeño,08:00,13.32,2,,,,,0,,0.72,0.96,1.20,0.96,0,0,0,0,5.03,5.23,4.09,5.09,VMS 2,,Drenaje,,1.08,1.50,1.68,1.50,2.90,3.94,3.85,2.63
05/07/2025 04:22 a. m.,Ordeño,07:43,16.72,1,,,,,0,,0.78,1.38,1.32,1.32,0,0,0,0,5.06,4.99,5.23,5.22,VMS 2,,Drenaje,,1.20,1.74,1.68,1.80,3.62,4.43,4.56,4.11
05/07/2025 06:18 p. m.,Ordeño,09:30,19.83,2,,,,,0,,0.66,1.08,1.14,1.14,0,0,0,0,5.19,5.27,5.44,5.48,VMS 2,,Drenaje,,1.14,1.56,1.50,1.62,4.04,5.45,5.52,4.82
06/07/2025 02:40 a. m.,Ordeño,06:49,12.71,1,,,,,0,,0.66,1.32,1.20,1.14,0,0,0,0,4.99,5.19,5.30,5.29,VMS 2,,Drenaje,,1.14,1.74,1.56,1.62,2.56,3.60,3.49,3.06
06/07/2025 04:24 p. m.,Ordeño,10:47,17.81,2,,,,,0,,0.66,1.08,1.20,1.08,0,0,0,0,5.12,5.21,5.29,5.49,VMS 2,,Drenaje,,1.02,1.50,1.74,1.62,3.63,4.86,4.93,4.39
07/07/2025 06:40 a. m.,Ordeño,08:34,19.41,1,,,,,0,,0.72,1.32,1.38,1.38,0,0,0,0,5.06,5.01,5.18,5.04,VMS 2,,Drenaje,,1.20,1.68,1.80,1.86,4.05,5.14,5.24,4.98
07/07/2025 01:24 p. m.,Ordeño,05:57,8.44,2,,,,,0,,0.60,0.96,1.14,0.96,0,0,0,0,4.77,4.91,5.19,5.17,VMS 2,,Drenaje,,0.96,1.32,1.68,1.38,1.61,2.44,2.34,2.05
07/07/2025 10:36 p. m.,Ordeño,07:20,14.13,3,,,,,0,,0.66,1.26,1.32,1.20,0,0,0,0,5.10,5.32,5.56,5.39,VMS 2,,Drenaje,,1.26,1.62,1.68,1.68,2.92,3.86,3.81,3.54
08/07/2025 08:51 a. m.,Ordeño,08:49,15.25,1,,,,,0,,0.66,1.32,1.38,1.08,0,0,0,0,4.97,5.17,5.43,5.32,VMS 2,,Drenaje,,1.08,1.68,1.74,1.50,3.25,4.25,4.18,3.57
08/07/2025 04:27 p. m.,Ordeño,05:59,9.51,2,,,,,0,,0.60,1.08,1.26,1.02,0,0,0,0,4.85,5.04,5.28,5.26,VMS 2,,Drenaje,,1.02,1.50,1.62,1.62,1.89,2.69,2.59,2.34
09/07/2025 12:19 a. m.,Ordeño,07:14,11.45,1,,,,,0,,0.60,1.32,1.26,1.02,0,0,0,0,4.92,5.26,5.34,5.19,VMS 2,,Drenaje,,0.90,1.74,1.74,1.56,2.40,3.14,3.24,2.67
09/07/2025 08:31 a. m.,Ordeño,06:59,13.96,2,,,,,0,,0.72,1.26,1.38,1.32,0,0,0,0,5.31,5.52,5.62,5.52,VMS 2,,Tanque,,1.02,1.74,1.80,1.80,2.74,3.93,3.70,3.59
09/07/2025 07:27 p. m.,Ordeño,08:17,16.10,3,,,,,0,,0.66,1.38,1.32,1.14,0,0,0,0,5.12,5.17,5.43,5.39,VMS 2,,Tanque,,1.02,1.74,1.74,1.80,3.32,4.43,4.51,3.84
10/07/2025 03:04 a. m.,Ordeño,07:00,12.62,1,,,,,0,,0.66,1.32,1.26,1.08,0,0,0,0,4.90,5.05,5.36,5.26,VMS 2,,Tanque,,1.02,1.80,1.62,1.74,2.59,3.58,3.49,2.96
10/07/2025 04:39 p. m.,Ordeño,09:25,19.97,2,,,,,0,,0.66,1.08,1.26,1.08,0,0,0,0,5.12,5.11,5.35,5.26,VMS 2,,Tanque,,1.02,1.50,1.62,1.74,4.16,5.60,5.49,4.72
11/07/2025 02:11 a. m.,Ordeño,07:16,14.31,1,,,,,0,,0.72,1.20,1.38,1.14,0,0,0,0,4.80,4.90,5.08,4.98,VMS 2,,Tanque,,1.08,1.62,1.74,1.68,2.99,4.06,3.94,3.32
11/07/2025 07:21 p. m.,Ordeño,12:03,15.41,2,,,TI,TI,0,,0.72,1.14,0.00,1.08,0,0,0,0,5.07,5.02,0.00,5.13,VMS 2,,Tanque,,1.14,1.50,0.00,1.62,4.53,5.73,0.00,5.15
12/07/2025 04:06 a. m.,Ordeño,09:55,7.74,1,,TD,TI,TI,0,,0.72,1.08,0.00,1.20,0,0,0,0,4.58,4.93,0.00,5.32,VMS 2,,Tanque,,1.44,1.50,0.00,1.92,2.50,3.63,0.00,1.61
12/07/2025 10:19 a. m.,Ordeño,07:32,17.47,2,,,,,0,,0.60,0.96,1.32,1.20,0,0,0,0,4.91,5.12,5.15,5.26,VMS 2,,Tanque,,0.96,1.38,1.68,1.86,2.16,2.89,6.36,6.06
12/07/2025 10:38 p. m.,Ordeño,12:45,16.87,3,,,,,0,,0.66,1.32,0.96,0.96,0,0,0,0,5.12,5.17,4.93,4.81,VMS 2,,Tanque,,1.02,1.74,1.38,1.38,3.98,5.38,3.27,4.24
13/07/2025 04:39 p. m.,Ordeño,11:36,24.60,1,,,,,0,,0.72,1.26,1.32,1.20,0,0,0,0,5.18,5.24,5.44,5.18,VMS 2,,Tanque,,1.20,1.80,1.62,1.56,5.56,7.12,5.78,6.14
15/07/2025 02:37 a. m.,Ordeño,15:22,0.00,1,,,Todos,Todos,0,,0.00,0.00,0.00,0.00,0,0,0,0,0.00,0.00,0.00,0.00,VMS 2,,Tanque,,0.00,0.00,0.00,0.00,0.00,0.00,0.00,0.00
15/07/2025 09:10 a. m.,Ordeño,10:38,26.77,2,,,,,0,DI,0.90,1.20,1.38,1.32,0,0,0,0,6.16,5.22,5.23,5.24,VMS 2,,Tanque,,1.32,1.62,1.74,1.86,6.39,7.40,5.44,7.54
15/07/2025 10:02 p. m.,Ordeño,07:42,15.79,3,,,,,0,,0.66,1.20,1.26,1.26,0,0,0,0,4.70,4.73,5.17,4.83,VMS 2,,Tanque,,1.08,1.56,1.56,1.86,2.71,4.34,4.58,4.16
16/07/2025 07:00 a. m.,Ordeño,05:49,11.51,1,,,,,0,,0.72,1.14,1.20,1.20,0,0,0,0,5.04,4.92,5.15,4.98,VMS 2,,Tanque,,1.08,1.56,1.62,1.74,1.95,3.23,3.37,2.96
16/07/2025 05:42 p. m.,Ordeño,08:59,14.38,2,,,,,0,,0.66,1.14,1.26,1.02,0,0,0,0,5.52,5.45,5.56,5.39,VMS 2,,Tanque,,1.02,1.50,1.68,1.44,2.97,3.87,4.04,3.50
17/07/2025 08:02 a. m.,Ordeño,09:57,22.72,1,,,,,0,,0.72,1.38,1.50,1.32,0,0,0,0,5.54,5.42,5.63,5.39,VMS 2,,Tanque,,1.08,1.80,1.98,1.86,4.78,6.17,6.40,5.37
17/07/2025 07:48 p. m.,Ordeño,08:17,16.63,2,,,,,0,,0.66,1.50,1.50,1.26,0,0,0,0,5.01,5.03,5.20,5.06,VMS 2,,Tanque,,1.02,2.04,1.98,1.86,3.40,4.67,4.65,3.91
18/07/2025 08:45 a. m.,Ordeño,07:47,18.60,1,,,,,0,,0.84,1.32,1.38,1.14,0,0,0,0,5.04,5.12,5.30,4.84,VMS 2,,Tanque,,1.20,1.80,1.86,1.74,3.86,5.32,5.25,4.17
18/07/2025 08:26 p. m.,Ordeño,10:02,16.75,2,,,,,0,,0.78,1.38,1.38,1.20,0,0,0,0,5.13,5.15,5.30,5.12,VMS 2,,Tanque,,1.26,1.92,1.80,1.86,3.50,4.55,4.69,4.01
19/07/2025 07:06 a. m.,Ordeño,07:15,17.00,1,,,,,0,,0.90,1.50,1.50,1.32,0,0,0,0,5.20,5.19,5.21,5.10,VMS 2,,Tanque,,1.38,1.92,1.92,1.80,3.53,4.71,4.59,4.17
19/07/2025 07:21 p. m.,Ordeño,07:58,15.70,2,,,,,0,,0.78,1.32,1.44,1.08,0,0,0,0,4.95,5.00,5.19,5.03,VMS 2,,Tanque,,1.14,1.80,1.80,1.56,3.35,4.55,4.35,3.45
20/07/2025 04:16 a. m.,Ordeño,05:44,10.36,1,,,,,0,,0.72,1.32,1.32,1.02,0,0,0,0,5.09,4.93,5.11,5.13,VMS 2,,Tanque,,1.08,1.74,1.62,1.50,2.20,2.93,2.86,2.37
20/07/2025 06:03 p. m.,Ordeño,10:41,22.08,2,,,,,0,,0.72,1.26,1.32,1.14,0,0,0,0,5.63,5.50,5.61,5.66,VMS 2,,Tanque,,1.08,1.62,1.86,1.74,4.61,5.96,6.21,5.30
21/07/2025 06:29 a. m.,Ordeño,07:54,20.35,1,,,,,0,,0.90,1.38,1.44,1.20,0,0,0,0,5.56,5.31,5.40,5.49,VMS 2,,Tanque,,1.32,1.80,1.80,1.74,4.16,5.84,5.55,4.80
21/07/2025 04:01 p. m.,Ordeño,07:06,13.23,2,,,,,0,,0.72,1.14,1.08,1.02,0,0,0,0,5.29,5.13,5.26,5.20,VMS 2,,Tanque,,1.08,1.62,1.50,1.50,2.78,3.61,3.70,3.14
22/07/2025 06:12 a. m.,Ordeño,10:11,17.52,1,,TD,TD,,0,,0.78,1.32,1.32,1.02,0,0,0,0,5.56,5.28,5.21,5.25,VMS 2,,Tanque,,1.20,1.80,1.74,1.38,4.46,6.56,5.51,0.99
22/07/2025 06:43 p. m.,Ordeño,08:08,21.03,2,,,,,0,,0.78,1.20,1.38,1.32,0,0,0,0,5.43,4.99,5.15,5.55,VMS 2,,Tanque,,1.14,1.62,1.80,1.86,3.79,5.08,5.18,6.98
23/07/2025 01:30 a. m.,Ordeño,06:53,8.56,1,,,,,0,,0.60,1.32,1.20,0.90,0,0,0,0,5.09,4.88,5.17,4.72,VMS 2,,Tanque,,0.96,1.80,1.56,1.86,1.86,2.80,2.39,1.51
23/07/2025 10:27 a. m.,Ordeño,07:26,12.80,2,,,,,0,,0.78,1.26,1.38,1.08,0,0,0,0,5.36,5.17,5.32,5.12,VMS 2,,Tanque,,1.20,1.68,1.80,1.62,2.88,3.71,3.85,2.36
23/07/2025 07:32 p. m.,Ordeño,08:37,15.06,3,,,,,0,,0.66,1.08,1.20,1.08,0,0,0,0,5.49,5.31,5.48,5.72,VMS 2,,Tanque,,1.08,1.56,1.56,1.50,3.09,4.33,4.27,3.37
24/07/2025 05:55 a. m.,Ordeño,08:01,18.14,1,,,,,0,,0.78,1.32,1.38,1.20,0,0,0,0,5.63,5.29,5.52,4.98,VMS 2,,Tanque,,1.08,1.74,1.68,1.74,3.56,5.25,5.00,4.33
24/07/2025 02:43 p. m.,Ordeño,07:41,13.55,2,,,,,0,,0.66,1.32,1.32,1.02,0,0,0,0,5.23,5.05,5.28,5.46,VMS 2,,Tanque,,1.08,1.92,1.80,1.62,2.81,3.90,3.72,3.12
25/07/2025 09:56 a. m.,Ordeño,15:22,27.13,1,,,,,0,,0.90,1.44,1.38,1.20,0,0,0,0,5.56,5.33,5.30,5.45,VMS 2,,Tanque,,1.32,1.92,1.92,1.68,5.38,7.49,7.09,7.17
25/07/2025 07:22 p. m.,Ordeño,07:11,12.54,2,,,,,0,,0.66,1.08,1.20,0.84,0,0,0,0,4.76,4.63,4.89,4.79,VMS 2,,Tanque,,1.08,1.44,1.62,1.32,2.63,3.39,3.68,2.84
26/07/2025 06:14 a. m.,Ordeño,07:02,17.26,1,,,,,0,,0.78,1.32,1.38,1.26,0,0,0,0,5.36,5.05,5.23,5.17,VMS 2,,Tanque,,1.32,1.86,1.74,1.92,3.36,5.08,4.66,4.16
26/07/2025 08:08 p. m.,Ordeño,09:01,20.05,2,,,,,0,,0.72,1.20,1.32,1.08,0,0,0,0,5.36,5.06,5.21,5.35,VMS 2,,Tanque,,1.14,1.62,1.74,1.62,4.05,5.47,5.73,4.80
27/07/2025 04:02 a. m.,Ordeño,06:52,12.18,1,,,,,0,,0.72,1.32,1.38,1.14,0,0,0,0,5.16,4.98,5.23,5.32,VMS 2,,Tanque,,1.20,1.74,1.74,1.62,2.55,3.53,3.35,2.75
27/07/2025 01:40 p. m.,Ordeño,08:25,14.54,2,,,,,0,,0.72,1.14,1.26,0.96,0,0,0,0,5.36,5.18,5.35,5.24,VMS 2,,Tanque,,1.08,1.68,1.68,1.50,2.95,4.33,4.15,3.11
27/07/2025 09:15 p. m.,Ordeño,06:45,12.08,3,,,,,0,,0.78,1.02,1.20,0.90,0,0,0,0,5.29,5.20,5.25,5.32,VMS 2,,Tanque,,1.20,1.38,1.62,1.38,2.49,3.53,3.43,2.63
28/07/2025 10:27 a. m.,Ordeño,10:05,22.13,1,,,,,0,,0.78,1.38,1.38,1.32,0,0,0,0,5.36,5.19,5.33,5.32,VMS 2,,Tanque,,1.26,1.86,1.86,2.04,4.62,6.09,6.03,5.39
28/07/2025 09:04 p. m.,Ordeño,07:22,13.38,2,,,,,0,,0.78,0.96,1.14,1.08,0,0,0,0,5.09,4.94,4.94,4.97,VMS 2,,Tanque,,1.26,1.50,1.56,1.68,2.81,3.48,3.66,3.43
29/07/2025 07:37 a. m.,Ordeño,07:50,16.56,1,,,,,0,,0.78,1.38,1.32,1.20,0,0,0,0,5.36,5.19,5.20,5.21,VMS 2,,Tanque,,1.26,1.86,1.74,1.68,3.46,4.62,4.49,3.99
29/07/2025 04:42 p. m.,Ordeño,07:48,16.34,2,,,,,0,"DD,TI,TD",1.92,1.26,1.26,1.02,0,0,0,0,3.32,5.17,5.41,5.33,VMS 2,,Tanque,,0.16,1.74,1.62,1.56,4.78,4.15,4.02,3.39
30/07/2025 12:25 a. m.,Ordeño,07:23,12.60,1,,,,,0,,0.78,1.32,1.26,1.02,0,0,0,0,4.95,5.09,5.20,5.20,VMS 2,,Tanque,,1.20,1.68,1.62,1.62,2.55,3.61,3.58,2.86
30/07/2025 01:17 p. m.,Ordeño,08:42,21.15,2,,,,,0,,0.78,1.20,1.32,1.14,0,0,0,0,5.08,5.08,5.22,5.53,VMS 2,,Tanque,,1.26,1.56,1.68,1.56,4.40,6.04,5.83,4.88
31/07/2025 01:48 a. m.,Ordeño,06:31,11.89,1,,,,,0,,0.78,1.08,1.20,0.90,0,0,0,0,4.76,4.84,4.98,5.05,VMS 2,,Tanque,,1.20,1.44,1.62,1.26,2.63,3.25,3.36,2.65
31/07/2025 10:17 a. m.,Ordeño,05:35,6.80,2,,,TI,,0,,0.66,1.20,1.14,0.96,0,0,0,0,4.60,4.71,4.92,4.80,VMS 2,,Tanque,,1.02,1.68,1.56,1.50,1.41,1.98,1.72,1.69
31/07/2025 11:36 p. m.,Ordeño,07:02,17.79,3,,,,,0,,0.96,1.20,1.44,1.26,0,0,0,0,5.35,5.11,5.31,5.13,VMS 2,,Tanque,,1.26,1.68,1.92,1.74,3.71,4.97,4.89,4.22
01/08/2025 11:18 a. m.,Ordeño,06:52,15.54,1,,,,,0,,0.90,1.38,1.38,1.08,0,0,0,0,5.01,5.03,5.11,5.02,VMS 2,,Tanque,,1.38,1.80,1.74,1.56,3.33,4.23,4.42,3.56
01/08/2025 05:39 p. m.,Ordeño,04:53,6.93,2,,,,,0,,0.72,1.02,1.08,0.84,0,0,0,0,4.87,5.02,5.09,5.05,VMS 2,,Tanque,,1.08,1.56,1.50,1.32,1.51,1.84,1.87,1.71
02/08/2025 08:45 a. m.,Ordeño,08:40,23.97,1,,,,,0,,0.84,1.26,1.38,1.38,0,0,0,0,5.51,5.31,5.36,5.32,VMS 2,,Tanque,,1.20,1.68,1.86,1.92,4.80,6.36,6.41,6.40
02/08/2025 09:28 p. m.,Ordeño,08:16,19.13,2,,,,,0,,0.78,1.08,1.32,1.14,0,0,0,0,5.11,5.18,5.20,5.15,VMS 2,,Tanque,,1.50,1.50,1.74,1.56,3.82,5.47,5.23,4.61
03/08/2025 04:50 a. m.,Ordeño,06:03,11.22,1,,,,,0,,0.84,1.08,1.20,0.84,0,0,0,0,5.04,5.06,5.26,5.08,VMS 2,,Tanque,,1.20,1.50,1.50,1.32,2.43,3.16,3.27,2.36
04/08/2025 12:41 a. m.,Ordeño,10:42,26.65,1,,"TI,TD",,,0,,0.96,1.26,1.38,1.20,0,0,0,0,5.35,5.34,5.25,5.31,VMS 2,,Tanque,,1.44,1.74,1.86,1.68,6.06,8.36,6.93,5.30
04/08/2025 10:09 a. m.,Ordeño,06:29,12.01,2,,,,,0,,0.72,1.14,1.08,1.08,0,0,0,0,4.57,4.51,4.84,4.98,VMS 2,,Tanque,,1.20,1.56,1.50,1.80,1.92,2.49,3.49,4.11
04/08/2025 10:13 p. m.,Ordeño,06:22,13.79,3,,,,,0,,0.90,1.14,1.26,0.90,0,0,0,0,5.19,5.14,5.08,4.97,VMS 2,,Tanque,,1.32,1.50,1.62,1.44,2.91,4.07,3.90,2.91
05/08/2025 10:24 a. m.,Ordeño,08:00,19.34,1,,,,,0,,0.84,1.32,1.44,1.14,0,0,0,0,5.47,5.46,5.47,5.31,VMS 2,,Tanque,,1.26,1.74,1.92,1.56,4.14,5.48,5.39,4.33
05/08/2025 11:53 p. m.,Ordeño,08:47,19.44,1,,,,,0,,0.78,1.20,1.32,1.08,0,0,0,0,5.04,5.10,5.16,5.07,VMS 2,,Tanque,,1.20,1.62,1.62,1.44,4.04,5.68,5.30,4.42
06/08/2025 09:45 p. m.,Ordeño,10:18,29.66,2,,,,,0,,0.90,1.20,1.32,1.20,0,0,0,0,5.25,5.31,5.20,5.21,VMS 2,,Tanque,,1.26,1.62,1.68,1.68,6.29,8.15,7.99,7.23
07/08/2025 05:59 a. m.,Ordeño,05:31,6.73,1,,,,,0,,0.66,1.08,1.14,0.84,0,0,455,0,4.44,4.36,4.61,4.34,VMS 2,,Tanque,,1.08,1.56,1.56,1.32,1.48,1.86,1.77,1.62
07/08/2025 12:46 p. m.,Ordeño,05:23,8.28,2,,,,,0,,0.72,1.02,1.08,0.84,0,0,0,0,5.07,5.20,5.04,5.12,VMS 2,,Tanque,,1.14,1.44,1.50,1.32,1.71,2.35,2.39,1.83
08/08/2025 01:56 a. m.,Ordeño,07:31,21.10,1,,,,,0,,0.96,1.20,1.26,1.02,0,0,0,0,5.87,5.73,5.65,5.66,VMS 2,,Tanque,,1.44,1.56,1.56,1.50,4.39,5.90,5.96,4.85
08/08/2025 08:51 a. m.,Ordeño,05:50,11.52,2,,,,,0,,0.90,1.14,1.26,0.90,0,0,0,0,5.31,5.30,5.36,5.34,VMS 2,,Tanque,,1.20,1.50,1.56,1.56,2.35,3.40,3.14,2.63
08/08/2025 06:43 p. m.,Ordeño,07:35,15.19,3,,,,,0,,0.78,1.08,1.26,0.96,0,0,0,0,5.52,5.54,5.58,5.60,VMS 2,,Tanque,,1.14,1.50,1.62,1.44,3.06,4.31,4.27,3.55
09/08/2025 09:23 a. m.,Ordeño,09:05,23.23,1,,,,,0,,0.84,1.14,1.26,1.02,0,0,0,0,5.41,5.25,5.40,5.37,VMS 2,,Tanque,,1.20,1.74,1.74,1.50,4.99,6.16,6.52,5.56
09/08/2025 11:38 p. m.,Ordeño,07:34,22.27,2,,,,,0,,0.90,1.20,1.26,1.26,0,0,0,0,5.21,5.03,5.27,5.20,VMS 2,,Tanque,,1.38,1.74,1.56,1.80,4.20,5.95,6.29,5.83
10/08/2025 06:43 a. m.,Ordeño,05:29,10.67,1,,,,,0,,0.84,1.14,1.20,0.96,0,0,0,0,5.00,4.99,5.07,4.84,VMS 2,,Tanque,,1.20,1.62,1.50,1.44,2.19,3.09,2.93,2.46
10/08/2025 07:40 p. m.,Ordeño,09:08,20.99,2,,,,,0,,0.72,1.08,1.14,0.96,0,0,0,0,5.03,5.10,5.27,5.31,VMS 2,,Tanque,,1.08,1.56,1.56,1.56,4.36,5.91,5.88,4.84
11/08/2025 03:35 a. m.,Ordeño,06:23,12.50,1,,,,,0,,0.72,1.32,1.26,1.02,0,0,0,0,4.91,4.98,5.12,5.09,VMS 2,,Tanque,,1.14,1.74,1.74,1.68,2.58,3.63,3.42,2.87
11/08/2025 01:53 p. m.,Ordeño,07:48,16.74,2,,,,,0,,0.84,1.14,1.26,0.96,0,0,0,0,5.12,5.05,5.13,5.20,VMS 2,,Tanque,,1.20,1.62,1.62,1.56,3.53,4.78,4.75,3.68
12/08/2025 02:31 a. m.,Ordeño,08:03,20.33,1,,,,,0,,0.84,1.38,1.38,1.32,0,0,0,0,5.01,4.78,5.15,5.03,VMS 2,,Tanque,,1.38,1.80,1.80,1.74,4.27,5.37,5.47,5.22
12/08/2025 04:08 p. m.,Ordeño,07:46,19.69,2,,,,,0,,0.90,1.26,1.44,1.08,0,0,0,0,4.93,4.72,5.01,4.91,VMS 2,,Tanque,,1.32,1.62,1.74,1.62,4.18,5.62,5.57,4.32
12/08/2025 10:40 p. m.,Ordeño,04:55,8.97,3,,,,,0,,0.84,1.20,1.26,1.02,0,0,0,0,4.60,4.59,4.94,4.63,VMS 2,,Tanque,,1.20,1.80,1.62,1.44,1.88,2.61,2.41,2.07
13/08/2025 05:27 a. m.,Ordeño,05:55,11.10,1,,,,,0,,0.78,1.20,1.32,0.96,0,0,0,0,4.80,4.72,5.07,4.90,VMS 2,,Tanque,,1.14,1.62,1.68,1.68,2.34,3.14,3.10,2.52
13/08/2025 03:25 p. m.,Ordeño,06:40,15.52,2,,,,,0,,0.84,1.20,1.32,0.96,0,0,0,0,5.34,5.22,5.42,5.26,VMS 2,,Tanque,,1.26,1.62,1.62,1.44,3.23,4.59,4.36,3.34
14/08/2025 05:29 a. m.,Ordeño,08:30,17.19,1,,,TD,TD,0,,0.90,1.26,1.38,0.00,0,0,0,0,4.94,4.86,5.17,0.00,VMS 2,,Tanque,,1.38,2.10,1.80,0.00,4.31,6.70,6.18,0.00
14/08/2025 10:47 a. m.,Ordeño,08:11,11.30,2,,,,,0,TD,0.78,0.90,1.20,1.14,0,0,0,0,4.73,4.61,4.97,5.45,VMS 2,,Tanque,,1.20,1.26,1.62,1.62,1.34,1.64,1.74,6.58
14/08/2025 09:56 p. m.,Ordeño,07:25,17.14,3,,"DI,DD",,,0,,0.96,1.14,1.38,0.96,0,0,0,0,5.22,5.14,5.23,4.84,VMS 2,,Tanque,,1.62,2.22,1.74,1.44,3.74,4.83,5.06,3.51
15/08/2025 07:09 a. m.,Ordeño,06:23,15.14,1,,,,,0,,0.96,1.38,1.38,0.96,0,0,0,0,5.09,5.15,5.10,4.83,VMS 2,,Tanque,,1.32,1.86,1.74,1.32,3.31,4.69,4.31,2.83
15/08/2025 02:49 p. m.,Ordeño,07:17,9.69,2,,,,,0,,0.78,1.14,1.20,0.78,0,0,0,0,5.03,4.96,4.09,4.96,VMS 2,,Tanque,,1.50,1.62,1.62,1.32,2.10,2.89,2.92,1.78
15/08/2025 10:27 p. m.,Ordeño,05:08,9.14,3,,,,,0,,0.90,1.08,1.20,0.78,0,0,0,0,4.87,4.82,5.01,4.93,VMS 2,,Tanque,,1.38,1.44,1.56,1.32,1.99,2.68,2.58,1.89
16/08/2025 09:34 a. m.,Ordeño,07:19,17.77,1,,,,,0,,0.90,1.26,1.38,1.02,0,0,0,0,5.22,5.06,5.22,5.26,VMS 2,,Tanque,,1.32,1.62,1.80,1.38,3.90,5.05,5.15,3.67
16/08/2025 10:32 p. m.,Ordeño,06:47,18.10,2,,,,,0,,0.96,1.26,1.32,1.08,0,0,0,0,5.16,4.92,5.16,5.06,VMS 2,,Tanque,,1.32,1.68,1.74,1.50,3.81,4.98,5.15,4.16
17/08/2025 06:33 a. m.,Ordeño,05:41,12.70,1,,,,,0,,0.96,1.26,1.32,0.96,0,0,0,0,5.09,4.87,5.17,4.97,VMS 2,,Tanque,,1.32,1.62,1.74,1.38,2.75,3.56,3.64,2.75
17/08/2025 04:29 p. m.,Ordeño,06:50,16.47,2,,,,,0,,0.96,1.26,1.32,1.08,0,0,0,0,5.20,5.00,5.32,5.13,VMS 2,,Tanque,,1.32,1.74,1.68,1.68,3.37,4.61,4.59,3.90
17/08/2025 11:21 p. m.,Ordeño,05:13,9.21,3,,,,,0,,1.02,1.08,1.20,0.90,0,0,0,0,4.94,4.75,4.99,4.82,VMS 2,,Tanque,,1.38,1.50,1.62,1.44,1.92,2.73,2.48,2.08
18/08/2025 11:02 a. m.,Ordeño,07:30,18.73,1,,,,,0,,0.90,1.44,1.44,1.26,0,0,0,0,5.06,5.09,5.26,5.10,VMS 2,,Tanque,,1.26,2.10,1.74,1.74,3.98,5.11,5.06,4.58
18/08/2025 06:00 p. m.,Ordeño,05:31,11.10,2,,,,,0,,1.02,1.20,1.32,0.96,0,0,0,0,4.99,4.80,5.13,5.11,VMS 2,,Tanque,,1.38,1.56,1.74,1.44,2.20,3.16,3.13,2.61
19/08/2025 02:58 a. m.,Ordeño,05:33,14.02,1,,,,,0,,1.08,1.32,1.38,1.08,0,0,0,0,5.05,4.95,5.19,5.12,VMS 2,,Tanque,,1.50,1.62,1.74,1.44,2.95,4.00,3.89,3.18
19/08/2025 10:27 a. m.,Ordeño,05:24,10.85,2,,,,,0,,1.02,1.20,1.26,1.02,0,0,0,0,4.93,4.83,5.04,4.96,VMS 2,,Tanque,,1.44,1.68,1.86,1.44,2.31,3.11,2.96,2.47
20/08/2025 03:23 a. m.,Ordeño,08:52,26.85,1,,,,,0,,0.96,1.32,1.38,1.26,0,0,0,0,5.20,4.98,5.19,5.19,VMS 2,,Tanque,,1.38,1.68,1.74,1.68,5.45,7.49,7.14,6.77
20/08/2025 02:53 p. m.,Ordeño,07:00,16.67,2,,,,,0,,0.84,1.32,1.38,1.26,0,0,0,0,4.64,4.67,4.85,4.74,VMS 2,,Tanque,,1.26,1.68,1.80,1.74,3.43,4.33,4.51,4.40
21/08/2025 05:32 a. m.,Ordeño,07:23,20.33,1,,,,,0,,0.90,1.26,1.26,1.26,0,0,0,0,4.94,4.86,5.06,4.91,VMS 2,,Tanque,,1.26,1.74,1.68,1.80,4.16,5.38,5.52,5.27
21/08/2025 04:44 p. m.,Ordeño,06:27,15.74,2,,,,,0,,0.90,1.20,1.20,1.20,0,0,0,0,4.91,4.78,4.90,4.90,VMS 2,,Tanque,,1.32,1.62,1.74,1.68,3.22,4.32,4.24,3.96
22/08/2025 03:13 a. m.,Ordeño,06:06,15.79,1,,,,,0,,1.02,1.32,1.26,1.20,0,0,0,0,5.19,5.03,5.19,5.15,VMS 2,,Tanque,,1.50,1.74,1.74,1.56,3.24,4.43,4.20,3.92
22/08/2025 02:31 p. m.,Ordeño,08:22,18.66,2,,,,,0,,0.84,1.02,1.20,1.14,0,0,0,0,5.44,5.30,5.40,5.43,VMS 2,,Tanque,,1.32,1.50,1.62,1.56,3.64,5.39,4.94,4.69
23/08/2025 12:46 a. m.,Ordeño,06:25,17.56,1,,,,,0,,1.02,1.26,1.26,1.20,0,0,0,0,5.20,5.04,5.21,5.19,VMS 2,,Tanque,,1.44,1.68,1.62,1.56,3.72,4.73,4.78,4.33
23/08/2025 01:01 p. m.,Ordeño,06:49,17.16,2,,,,,0,,1.02,1.20,1.32,1.32,0,351,0,0,5.16,5.06,5.14,5.07,VMS 2,,Tanque,,1.38,1.62,1.68,1.74,3.59,4.84,4.54,4.19
24/08/2025 07:08 a. m.,Ordeño,09:17,18.11,1,,,TD,TD,0,,1.02,1.44,1.44,0.00,0,0,0,0,5.23,5.07,5.19,0.00,VMS 2,,Tanque,,1.56,1.86,1.80,0.00,4.92,6.51,6.68,0.00
24/08/2025 01:54 p. m.,Ordeño,07:41,14.58,2,,,,,0,TD,0.84,1.02,1.26,1.44,0,0,0,0,4.89,4.83,5.12,5.80,VMS 2,,Tanque,,1.26,1.44,1.62,1.92,1.90,2.29,2.46,7.93
25/08/2025 12:55 a. m.,Ordeño,07:47,17.52,1,,,,,0,,0.90,1.20,1.26,1.14,0,0,0,0,5.31,5.21,5.36,5.03,VMS 2,,Tanque,,1.26,1.62,1.80,1.56,3.76,5.29,4.92,3.55
25/08/2025 07:03 a. m.,Ordeño,05:00,9.74,2,,,,,0,,0.90,1.26,1.20,1.08,0,0,0,0,5.19,5.16,5.36,5.20,VMS 2,,Tanque,,1.38,1.68,1.68,1.68,2.08,2.78,2.70,2.18
25/08/2025 03:42 p. m.,Ordeño,06:23,14.20,3,,,,,0,,0.84,1.26,1.26,1.08,0,0,0,0,5.38,5.48,5.50,5.54,VMS 2,,Tanque,,1.20,1.74,1.68,1.62,3.01,4.20,3.94,3.05
25/08/2025 11:44 p. m.,Ordeño,05:46,13.23,4,,,,,0,,0.96,1.20,1.38,1.14,0,0,0,0,5.31,5.20,5.40,5.40,VMS 2,,Tanque,,1.32,1.62,1.80,1.80,2.81,3.66,3.70,3.06
26/08/2025 10:18 a. m.,Ordeño,06:47,16.75,1,,,,,0,,0.96,1.32,1.32,1.26,0,0,0,0,5.19,5.20,5.26,5.39,VMS 2,,Tanque,,1.32,1.74,1.68,1.62,3.61,4.74,4.51,3.89
26/08/2025 10:26 p. m.,Ordeño,07:53,18.25,2,,,,,0,,0.84,1.44,1.38,1.32,0,0,0,0,5.13,5.28,5.17,5.32,VMS 2,,Tanque,,1.26,1.86,1.74,1.92,3.98,5.18,4.89,4.20
27/08/2025 09:06 a. m.,Ordeño,10:20,13.36,1,,,TI,TI,0,,1.02,1.08,0.00,1.20,0,0,0,0,5.22,5.13,0.00,5.38,VMS 2,,Tanque,,1.44,1.50,0.00,1.68,3.67,5.28,0.00,4.41
27/08/2025 04:59 p. m.,Ordeño,08:07,16.24,2,,,,,0,,0.84,1.08,1.32,0.96,0,0,0,0,5.15,5.23,5.53,5.33,VMS 2,,Tanque,,1.20,1.50,1.80,1.56,2.61,3.44,7.14,3.05
28/08/2025 01:05 a. m.,Ordeño,06:37,14.40,1,,,,,0,,1.02,1.38,1.38,1.20,0,0,0,0,5.42,5.37,4.95,5.64,VMS 2,,Tanque,,1.56,1.86,1.92,1.56,3.12,4.14,3.64,3.50
28/08/2025 08:42 a. m.,Ordeño,05:42,11.53,2,,,,,0,,0.90,1.32,1.20,1.14,0,0,0,0,5.01,5.04,4.90,5.15,VMS 2,,Tanque,,1.26,1.74,1.68,1.56,2.42,3.46,2.73,2.92
28/08/2025 06:10 p. m.,Ordeño,06:44,14.06,3,,,,,0,,0.84,1.14,1.14,1.08,0,0,0,0,5.22,5.13,5.29,5.20,VMS 2,,Tanque,,1.20,1.62,1.50,1.62,3.10,3.87,3.47,3.62
29/08/2025 02:29 a. m.,Ordeño,06:31,13.96,1,,,,,0,,0.90,1.20,1.26,1.02,0,0,0,0,5.14,5.00,5.37,5.20,VMS 2,,Tanque,,1.32,1.56,1.74,1.50,2.94,4.03,3.54,3.45
29/08/2025 09:33 a. m.,Ordeño,05:30,12.70,2,,,,,0,,0.96,1.38,1.32,1.26,0,0,0,0,5.26,5.15,5.37,5.26,VMS 2,,Tanque,,1.38,1.86,1.68,1.74,2.69,3.73,3.22,3.06
29/08/2025 05:57 p. m.,Ordeño,06:07,12.81,3,,,,,0,,0.84,1.08,1.14,0.96,0,0,0,0,5.39,5.14,5.37,5.34,VMS 2,,Tanque,,1.26,1.62,1.68,1.50,2.76,3.54,3.32,3.19
30/08/2025 06:51 a. m.,Ordeño,08:17,21.96,1,,,,,0,,1.02,1.38,1.32,1.20,0,0,0,0,5.31,5.17,5.22,5.19,VMS 2,,Tanque,,1.44,1.80,1.68,1.62,4.70,6.17,5.70,5.39
30/08/2025 04:38 p. m.,Ordeño,06:47,13.30,2,,,,,0,,0.84,1.20,1.14,1.02,0,0,0,0,4.96,4.87,5.17,5.04,VMS 2,,Tanque,,1.20,1.62,1.56,1.44,2.84,3.69,3.39,3.38
31/08/2025 05:01 a. m.,Ordeño,07:24,18.81,1,,,,,0,,0.90,1.26,1.32,1.14,0,0,0,0,5.00,4.85,5.18,4.79,VMS 2,,Tanque,,1.32,1.74,1.74,1.44,4.07,5.25,5.08,4.41
31/08/2025 03:41 p. m.,Ordeño,06:25,14.31,2,,,,,0,,1.02,1.08,1.26,1.08,0,0,0,0,4.94,4.72,5.01,4.77,VMS 2,,Tanque,,1.32,1.56,1.62,1.50,3.12,4.06,3.74,3.39
31/08/2025 11:08 p. m.,Ordeño,05:50,10.13,3,,,,,0,,0.84,1.20,1.20,1.08,0,0,0,0,4.73,4.72,4.99,4.71,VMS 2,,Tanque,,1.20,1.68,1.50,1.56,2.18,2.74,2.69,2.52
01/09/2025 09:35 a. m.,Ordeño,06:57,17.62,1,,,,,0,,1.02,1.20,1.38,1.14,0,0,0,0,5.20,5.06,5.25,5.19,VMS 2,,Tanque,,1.44,1.86,1.80,1.62,3.82,4.75,4.79,4.26
01/09/2025 04:50 p. m.,Ordeño,05:27,9.86,2,,,,,0,,0.90,1.02,1.14,0.96,0,0,0,0,4.99,4.83,5.02,4.99,VMS 2,,Tanque,,1.26,1.44,1.56,1.44,1.99,2.76,2.74,2.37
02/09/2025 02:53 a. m.,Ordeño,06:16,15.77,1,,,,,0,,1.02,1.44,1.38,1.26,0,0,0,0,5.15,5.12,5.20,5.10,VMS 2,,Tanque,,1.38,1.98,1.74,1.74,3.40,4.39,4.29,3.69
02/09/2025 04:14 p. m.,Ordeño,08:51,20.10,2,,,,,0,,1.02,1.32,1.44,1.26,0,0,0,0,5.01,4.80,5.09,5.00,VMS 2,,Tanque,,1.38,1.80,1.86,1.62,4.46,5.47,5.53,4.64
03/09/2025 02:24 a. m.,Ordeño,05:57,14.35,1,,,,,0,,1.02,1.26,1.44,1.20,0,0,0,0,4.87,4.69,5.01,4.86,VMS 2,,Tanque,,1.44,1.74,1.92,1.68,3.04,4.00,3.97,3.34
03/09/2025 03:11 p. m.,Ordeño,07:50,20.44,2,,,,,0,,1.14,1.20,1.50,1.20,0,0,0,0,5.41,5.06,5.34,5.29,VMS 2,,Tanque,,1.56,1.62,1.92,1.68,4.29,5.53,5.71,4.91
04/09/2025 02:31 a. m.,Ordeño,06:30,15.92,1,,,,,0,,0.96,1.20,1.26,1.14,0,0,0,0,4.80,4.68,4.90,4.72,VMS 2,,Tanque,,1.38,1.62,1.68,1.50,3.46,4.38,4.21,3.87
04/09/2025 12:05 p. m.,Ordeño,05:28,11.74,2,,,,,0,,0.90,1.32,1.32,1.20,0,0,0,0,4.87,4.82,5.04,4.90,VMS 2,,Tanque,,1.32,1.68,1.68,1.68,2.42,3.48,3.01,2.83
04/09/2025 11:00 p. m.,Ordeño,06:36,16.61,3,,,,,0,,0.96,1.20,1.44,1.14,0,0,0,0,5.34,5.15,5.31,5.24,VMS 2,,Tanque,,1.38,1.74,2.10,1.50,3.49,4.55,4.61,3.96
05/09/2025 01:35 p. m.,Ordeño,08:11,21.06,1,,,,,0,,0.96,1.32,1.38,1.38,0,0,0,0,5.25,5.07,5.35,5.23,VMS 2,,Tanque,,1.44,1.86,1.74,1.86,4.86,5.12,6.01,5.07
06/09/2025 01:53 a. m.,Ordeño,05:53,13.38,1,,,,,0,,0.96,1.20,1.32,1.20,0,0,0,0,4.74,4.70,4.91,4.62,VMS 2,,Tanque,,1.44,1.68,1.74,1.74,3.02,3.46,3.69,3.21
06/09/2025 10:04 a. m.,Ordeño,05:32,12.77,2,,,,,0,,1.02,1.26,1.38,1.14,0,0,0,0,5.27,5.24,5.43,5.30,VMS 2,,Tanque,,1.44,1.80,1.86,1.50,2.73,3.63,3.44,2.97
06/09/2025 07:55 p. m.,Ordeño,07:15,16.82,3,,,,,0,,1.02,1.02,1.26,1.08,0,0,0,0,5.46,5.48,5.57,5.53,VMS 2,,Tanque,,1.62,1.62,1.62,1.56,3.52,4.58,4.68,4.04
07/09/2025 03:28 a. m.,Ordeño,05:31,12.35,1,,,,,0,,0.96,1.20,1.32,1.02,0,0,0,0,5.26,5.21,5.51,5.19,VMS 2,,Tanque,,1.44,1.56,1.92,1.50,2.70,3.30,3.42,2.93
07/09/2025 02:55 p. m.,Ordeño,06:52,17.64,2,,,,,0,,0.96,1.26,1.38,1.14,0,0,0,0,5.14,5.06,5.22,5.01,VMS 2,,Tanque,,1.32,1.74,1.80,1.68,3.80,5.07,4.69,4.08
08/09/2025 05:39 a. m.,Ordeño,07:42,18.82,1,,,,,0,,0.84,1.32,1.38,1.26,0,0,0,0,4.88,4.85,5.05,4.78,VMS 2,,Tanque,,1.26,1.80,1.80,1.68,4.18,5.00,4.98,4.66
09/09/2025 12:57 a. m.,Ordeño,09:31,23.33,1,,,,,0,,0.96,1.26,1.38,1.14,0,0,0,0,4.88,4.76,4.88,4.71,VMS 2,,Tanque,,1.44,1.62,1.74,1.56,5.17,6.26,6.19,5.71
09/09/2025 08:13 a. m.,Ordeño,06:10,7.99,2,,,,,0,,0.96,1.14,1.14,0.96,0,0,0,0,4.54,4.38,4.51,4.26,VMS 2,,Tanque,,1.50,1.56,1.62,1.50,1.75,2.26,2.13,1.85
09/09/2025 04:50 p. m.,Ordeño,08:28,8.42,3,,TD,TD,TD,0,"DI,DD,TI",0.96,1.08,1.14,0.30,0,0,0,0,4.86,4.81,5.07,3.55,VMS 2,,Tanque,,1.38,1.50,1.68,0.60,2.45,2.94,2.95,0.08
10/09/2025 01:05 a. m.,Ordeño,07:28,16.47,1,,,,,0,,0.90,1.32,1.20,1.26,0,0,0,0,5.12,5.20,5.25,5.13,VMS 2,,Tanque,,1.26,1.80,1.62,1.80,2.81,3.73,3.70,6.23
10/09/2025 12:08 p. m.,Ordeño,07:08,17.39,2,,,,,0,,1.02,1.20,1.20,1.02,0,0,0,0,5.05,4.86,5.12,4.79,VMS 2,,Tanque,,1.38,1.68,1.56,1.44,3.78,4.86,4.81,3.94
11/09/2025 01:38 a. m.,Ordeño,07:30,19.48,1,,,,,0,,0.96,1.26,1.32,1.14,0,0,0,0,5.05,4.92,5.06,5.07,VMS 2,,Tanque,,1.44,1.68,2.16,1.62,4.25,5.46,5.20,4.57
11/09/2025 12:31 p. m.,Ordeño,06:25,15.24,2,,TD,,,0,,1.08,1.38,1.44,1.14,0,0,0,0,4.93,4.80,5.02,4.75,VMS 2,,Tanque,,1.50,1.92,1.86,1.68,3.58,4.42,4.44,2.80
12/09/2025 12:38 a. m.,Ordeño,06:58,16.42,1,,TD,,,0,,1.02,1.26,1.38,1.26,0,0,0,0,4.94,4.95,5.06,4.95,VMS 2,,Tanque,,1.44,1.80,1.80,1.62,3.86,4.92,4.81,2.83
12/09/2025 06:54 a. m.,Ordeño,07:39,6.54,2,,"TI,TD",TD,TD,0,TI,0.96,1.08,1.26,0.42,0,0,0,0,4.67,4.60,4.84,3.69,VMS 2,,Tanque,,1.32,1.44,2.28,0.72,1.88,2.34,2.21,0.11
12/09/2025 08:58 p. m.,Ordeño,08:32,22.97,3,,,,,0,,0.84,1.26,1.26,1.20,0,0,0,0,5.01,4.91,5.01,5.64,VMS 2,,Tanque,,1.20,1.68,1.74,1.68,4.46,5.64,5.65,7.22
13/09/2025 08:41 a. m.,Ordeño,06:26,12.83,1,,,,,0,,0.90,1.26,1.38,0.96,0,0,0,0,4.84,4.69,4.94,4.49,VMS 2,,Tanque,,1.44,1.74,1.74,1.50,3.19,3.89,3.71,2.04
14/09/2025 12:38 a. m.,Ordeño,08:18,23.66,1,,,,,0,,1.02,1.50,1.38,1.26,0,0,0,0,5.25,5.23,5.22,5.40,VMS 2,,Tanque,,1.38,1.98,1.74,1.74,5.47,6.63,6.75,4.81
14/09/2025 08:38 a. m.,Ordeño,05:36,10.89,2,,,,,0,,0.96,1.20,1.26,1.02,0,0,0,0,4.79,4.71,4.83,5.10,VMS 2,,Tanque,,1.32,1.62,1.68,1.50,2.36,2.99,3.08,2.46
15/09/2025 02:28 a. m.,Ordeño,08:37,23.45,1,,,,,0,,0.96,1.20,1.32,1.14,0,0,0,0,5.09,5.24,5.26,5.31,VMS 2,,Tanque,,1.32,1.56,1.80,1.56,5.24,6.49,6.21,5.51
15/09/2025 12:43 p. m.,Ordeño,05:52,8.52,2,,,,,0,,0.96,1.20,1.26,1.14,0,0,463,0,4.63,4.32,4.69,4.58,VMS 2,,Tanque,,1.50,1.62,1.56,1.56,1.97,2.23,2.20,2.12
16/09/2025 03:02 a. m.,Ordeño,07:44,20.80,1,,,,,0,,0.96,1.26,1.44,1.32,0,0,0,0,5.48,5.47,5.55,5.48,VMS 2,,Tanque,,1.26,1.80,1.80,1.68,4.65,5.61,5.67,4.87
16/09/2025 12:37 p. m.,Ordeño,06:25,13.74,2,,,,,0,,0.90,1.44,1.44,1.20,0,0,0,0,5.06,5.06,5.22,5.03,VMS 2,,Tanque,,1.38,1.98,1.98,1.74,2.99,3.68,3.83,3.24
17/09/2025 09:58 a. m.,Ordeño,07:41,25.03,1,,,,,0,,1.02,1.26,1.50,1.38,0,0,0,0,5.12,5.26,5.34,5.31,VMS 2,,Tanque,,1.44,1.80,1.98,1.80,4.86,6.48,6.84,6.85
18/09/2025 10:12 a. m.,Ordeño,07:01,14.63,1,,,,,0,,0.96,1.50,1.44,1.32,0,0,559,0,5.17,5.15,5.12,5.21,VMS 2,,Tanque,,1.38,1.98,1.92,1.74,3.46,3.94,3.53,3.70
19/09/2025 01:49 a. m.,Ordeño,04:44,5.73,1,,,Todos,,0,,0.90,1.14,1.20,0.90,0,0,466,0,4.54,4.47,4.80,4.49,VMS 2,,Tanque,,1.26,1.56,1.74,1.44,1.34,1.33,1.44,1.62
19/09/2025 06:33 a. m.,Ordeño,08:50,2.40,2,,,Todos,,0,DI,0.72,0.78,0.72,0.42,0,0,562,0,4.73,4.34,4.51,3.78,VMS 2,,Tanque,,1.08,1.38,1.32,1.26,0.56,0.48,0.60,0.76
19/09/2025 07:03 p. m.,Ordeño,06:12,9.75,3,,,,,0,,0.78,1.20,1.14,1.08,0,0,0,0,4.76,4.87,4.99,4.94,VMS 2,,Tanque,,1.20,1.68,1.68,1.50,2.40,2.45,2.57,2.33
20/09/2025 06:54 a. m.,Ordeño,06:29,12.40,1,,,,,0,,0.78,1.38,1.26,1.08,0,0,0,0,4.98,4.99,5.13,5.07,VMS 2,,Tanque,,1.14,1.80,1.68,1.74,2.69,3.29,3.33,3.09
20/09/2025 06:21 p. m.,Ordeño,06:11,14.28,2,,,,,0,,0.96,1.26,1.32,1.14,0,0,0,0,5.04,4.99,5.06,5.02,VMS 2,,Tanque,,1.44,1.68,1.80,1.56,3.18,3.79,3.88,3.43
21/09/2025 05:17 a. m.,Ordeño,06:19,13.36,1,,,,,0,,1.02,1.26,1.44,1.26,0,0,0,0,5.03,4.99,5.06,5.02,VMS 2,,Tanque,,1.44,1.80,1.86,1.68,2.91,3.65,3.48,3.32
21/09/2025 05:12 p. m.,Ordeño,06:05,14.97,2,,,,,0,,1.14,1.20,1.44,1.20,0,0,0,0,5.04,4.93,5.11,5.02,VMS 2,,Tanque,,1.68,1.68,2.16,1.62,3.33,3.99,4.05,3.60
22/09/2025 05:15 a. m.,Ordeño,06:41,15.26,1,,,,,0,,1.14,1.20,1.38,1.20,0,0,0,0,5.05,5.02,5.06,4.97,VMS 2,,Tanque,,1.62,1.74,1.86,1.68,3.38,4.17,4.10,3.61
22/09/2025 04:53 p. m.,Ordeño,05:39,12.39,2,,,,,0,,1.02,1.08,1.32,1.08,0,0,0,0,4.98,4.83,5.06,4.82,VMS 2,,Tanque,,1.50,1.50,1.68,1.62,2.75,3.41,3.30,2.93
23/09/2025 05:13 a. m.,Ordeño,06:16,16.44,1,,,,,0,,1.02,1.26,1.44,1.20,0,0,0,0,4.98,4.98,5.06,4.75,VMS 2,,Tanque,,1.44,1.86,1.86,1.62,3.63,4.39,4.48,3.94
23/09/2025 05:04 p. m.,Ordeño,06:06,13.36,2,,,,,0,,1.02,1.26,1.38,1.08,0,0,0,0,4.86,4.75,5.00,4.69,VMS 2,,Tanque,,1.38,1.74,1.74,1.74,3.01,3.73,3.58,3.04
24/09/2025 05:30 a. m.,Ordeño,06:01,15.08,1,,,,,0,,1.08,1.14,1.32,1.20,0,0,0,0,5.11,4.96,5.13,4.96,VMS 2,,Tanque,,1.74,1.68,1.80,1.68,3.27,4.02,4.00,3.79
25/09/2025 05:19 a. m.,Ordeño,08:29,27.03,1,,,,,0,,1.14,1.32,1.32,1.26,0,0,0,0,5.44,5.45,5.08,5.53,VMS 2,,Tanque,,1.56,1.80,1.74,1.56,6.34,7.64,6.27,6.78
25/09/2025 04:20 p. m.,Ordeño,05:32,7.72,2,,,,,0,,0.78,1.08,1.08,0.90,0,0,577,0,4.32,4.26,4.62,4.49,VMS 2,,Tanque,,1.14,1.56,1.44,1.32,1.77,1.97,2.04,1.94
26/09/2025 08:58 a. m.,Ordeño,06:52,16.96,1,,,,,0,,0.96,1.20,1.38,1.20,0,0,0,0,5.26,5.19,5.39,5.33,VMS 2,,Tanque,,1.44,1.68,1.74,1.56,3.96,4.33,4.75,3.92
26/09/2025 10:42 p. m.,Ordeño,06:20,11.75,2,,,,,0,,1.20,1.14,1.44,1.08,0,0,0,0,4.90,4.49,4.97,4.87,VMS 2,,Tanque,,1.62,1.62,1.86,1.50,2.68,3.09,3.20,2.78
27/09/2025 09:53 a. m.,Ordeño,06:35,9.90,1,,,,,0,,0.96,1.38,1.32,1.08,0,0,0,0,5.00,5.13,5.04,5.13,VMS 2,,Tanque,,1.38,1.80,1.74,1.62,2.22,2.89,2.47,2.32
27/09/2025 11:10 p. m.,Ordeño,05:30,13.05,2,,,,,0,,1.02,1.26,1.32,1.02,0,0,0,0,5.03,4.84,5.05,4.91,VMS 2,,Tanque,,1.44,1.74,1.68,1.44,2.94,3.49,3.48,3.14
28/09/2025 04:14 p. m.,Ordeño,08:28,22.84,1,,,,,0,,1.02,1.02,1.26,1.08,0,0,0,0,5.09,5.07,5.22,5.18,VMS 2,,Tanque,,1.38,1.50,1.68,1.50,5.18,5.93,6.08,5.65
29/09/2025 02:03 a. m.,Ordeño,05:36,14.35,1,,,,,0,,1.08,1.32,1.26,1.08,0,0,0,0,5.01,4.86,4.97,4.85,VMS 2,,Tanque,,1.56,1.80,1.74,1.44,3.13,3.98,3.83,3.41
29/09/2025 04:25 p. m.,Ordeño,08:26,19.02,2,,,,,0,,1.02,1.02,1.26,1.14,0,0,0,0,5.16,5.21,5.25,5.35,VMS 2,,Tanque,,1.44,1.50,1.68,1.62,4.09,5.15,5.08,4.70
30/09/2025 06:51 a. m.,Ordeño,06:43,19.42,1,,,,,0,,1.20,1.26,1.38,1.20,0,0,0,0,5.15,5.13,5.20,5.29,VMS 2,,Tanque,,1.50,1.74,1.80,1.50,4.44,5.06,5.17,4.75
30/09/2025 05:36 p. m.,Ordeño,06:09,14.24,2,,,,,0,,0.96,1.08,1.26,1.02,0,0,0,0,5.08,5.01,5.14,5.20,VMS 2,,Tanque,,1.44,1.56,1.56,1.62,3.01,3.84,3.83,3.56
01/10/2025 04:57 a. m.,Ordeño,06:14,15.08,1,,,,,0,,1.02,1.14,1.20,0.96,0,0,0,0,5.01,5.01,5.15,5.00,VMS 2,,Tanque,,1.44,1.62,1.68,1.56,3.32,4.09,3.96,3.71
01/10/2025 07:54 p. m.,Ordeño,07:22,19.89,2,,,,,0,,1.02,1.32,1.32,1.20,0,0,0,0,5.05,4.74,5.10,5.21,VMS 2,,Tanque,,1.56,1.74,1.74,1.62,4.48,5.37,5.28,4.76
02/10/2025 10:42 a. m.,Ordeño,07:11,18.81,1,,,,,0,,1.02,1.38,1.32,1.08,0,0,0,0,4.89,4.75,5.06,5.13,VMS 2,,Tanque,,1.44,1.86,1.74,1.62,4.26,5.13,4.99,4.43
03/10/2025 01:38 a. m.,Ordeño,06:40,17.90,1,,,,,0,,1.02,1.32,1.26,1.08,0,0,0,0,4.89,4.82,4.96,4.89,VMS 2,,Tanque,,1.50,1.80,1.74,1.44,4.01,4.78,4.75,4.36
03/10/2025 06:04 p. m.,Ordeño,07:27,18.87,2,,,,,0,,1.02,1.08,1.26,1.08,0,0,0,0,4.88,4.77,4.97,4.87,VMS 2,,Tanque,,1.50,1.68,1.68,1.56,4.26,5.14,4.89,4.58
04/10/2025 06:21 a. m.,Ordeño,06:03,15.39,1,,,,,0,,1.02,1.14,1.26,1.08,0,0,0,0,4.78,4.78,5.00,4.87,VMS 2,,Tanque,,1.56,1.62,1.62,1.44,3.45,4.07,4.11,3.76
04/10/2025 05:03 p. m.,Ordeño,05:30,11.28,2,,,,,0,,0.90,1.20,1.20,1.02,0,0,0,0,4.16,4.79,5.02,4.86,VMS 2,,Tanque,,1.38,1.62,1.56,1.38,2.59,3.08,2.85,2.76
05/10/2025 03:30 a. m.,Ordeño,06:17,14.64,1,,,,,0,,0.96,1.32,1.32,1.08,0,0,0,0,5.24,5.24,5.28,5.27,VMS 2,,Tanque,,1.44,1.74,1.68,1.56,3.23,3.92,3.82,3.67
06/10/2025 12:26 a. m.,Ordeño,08:55,25.49,1,,,,,0,,1.02,1.20,1.26,1.14,0,0,0,0,5.25,4.98,5.24,5.16,VMS 2,,Tanque,,1.44,1.80,1.80,1.68,5.70,6.84,6.75,6.20
06/10/2025 05:42 p. m.,Ordeño,07:29,19.47,2,,,,,0,,0.96,1.26,1.26,1.14,0,0,0,0,4.72,4.93,4.86,4.78,VMS 3,,Tanque,,1.32,1.62,1.74,1.56,4.29,5.22,5.33,4.63
07/10/2025 07:00 a. m.,Ordeño,05:47,10.84,1,,,,,0,,1.14,1.14,1.44,1.14,0,0,0,0,4.65,4.66,4.79,4.59,VMS 3,,Tanque,,1.56,1.50,1.86,1.56,2.56,2.83,2.96,2.49
07/10/2025 06:34 p. m.,Ordeño,05:33,12.84,2,,,,,0,,1.08,1.50,1.44,1.32,0,0,0,0,4.80,4.89,4.96,4.85,VMS 3,,Tanque,,1.56,1.98,1.86,1.74,2.88,3.49,3.44,3.03
08/10/2025 06:22 a. m.,Ordeño,05:43,15.16,1,,,,,0,,1.14,1.50,1.50,1.26,0,0,0,0,5.01,5.02,5.02,4.91,VMS 3,,Tanque,,1.56,1.98,1.86,1.62,3.31,4.22,4.09,3.54
08/10/2025 08:23 p. m.,Ordeño,07:45,15.53,2,,,,,0,,1.02,1.62,1.44,1.14,0,0,0,0,4.91,4.68,4.36,4.47,VMS 3,,Tanque,,1.44,2.04,1.80,1.68,3.60,4.37,4.06,3.50
09/10/2025 07:52 p. m.,Ordeño,07:12,10.52,2,,,,,0,,0.90,1.08,1.26,1.14,0,0,0,0,4.88,4.86,4.39,5.10,VMS 3,,Tanque,,1.32,1.50,1.68,1.56,1.45,1.90,1.73,5.44
10/10/2025 01:06 p. m.,Ordeño,08:15,23.47,1,,,,,0,,1.02,1.20,1.56,1.38,0,0,0,0,5.36,5.12,5.08,5.22,VMS 3,,Tanque,,1.50,1.56,2.04,1.74,5.35,6.35,6.77,5.00
11/10/2025 02:01 a. m.,Ordeño,07:10,13.48,1,,,,,0,,1.02,1.20,1.56,1.20,0,0,0,0,4.69,4.79,4.83,4.71,VMS 3,,Tanque,,1.50,1.80,2.04,1.56,3.23,3.57,3.69,2.99
11/10/2025 07:51 p. m.,Ordeño,09:16,18.66,2,,,,,0,,0.96,1.44,1.50,1.20,0,0,0,0,4.88,4.86,4.99,4.97,VMS 3,,Tanque,,1.32,1.92,1.92,1.68,4.14,4.99,5.12,4.41
12/10/2025 01:35 p. m.,Ordeño,07:44,14.81,1,,,DI,DI,0,,0.00,1.26,1.56,1.38,0,0,0,0,0.00,4.80,4.92,4.89,VMS 3,,Tanque,,0.00,1.62,2.10,2.04,0.00,5.06,5.21,4.54
12/10/2025 09:49 p. m.,Ordeño,14:12,13.76,2,,,,,0,,1.02,1.14,1.26,1.08,0,0,0,0,5.15,4.80,4.79,4.75,VMS 3,,Tanque,,1.50,1.62,1.98,1.56,5.88,2.73,2.80,2.35
13/10/2025 04:00 p. m.,Ordeño,07:15,21.28,1,,,,,0,,0.96,1.32,1.62,1.44,0,0,0,0,4.68,4.95,5.10,5.10,VMS 3,,Tanque,,1.38,1.74,2.04,2.16,3.50,6.12,6.39,5.27
14/10/2025 06:47 a. m.,Ordeño,06:36,16.88,1,,,,,0,,0.96,1.26,1.50,1.26,0,0,0,0,4.96,4.75,4.87,4.78,VMS 3,,Tanque,,1.32,1.68,1.86,1.62,3.61,4.30,4.89,4.08
14/10/2025 08:12 p. m.,Ordeño,06:57,18.57,2,,,,,0,,0.96,1.44,1.50,1.20,0,0,0,0,5.34,4.99,5.11,5.06,VMS 3,,Tanque,,1.38,1.92,1.92,1.56,3.72,5.08,5.26,4.51
15/10/2025 12:50 p. m.,Ordeño,07:33,20.20,1,,,,,0,,0.96,1.44,1.50,1.26,0,0,0,0,5.03,4.84,4.99,4.83,VMS 3,,Tanque,,1.32,2.04,1.86,1.68,4.30,5.47,5.62,4.81
16/10/2025 08:02 a. m.,Ordeño,07:57,20.06,1,,,,,0,,1.08,1.14,1.56,1.26,0,0,0,0,5.30,4.87,4.93,4.74,VMS 3,,Tanque,,1.44,1.62,2.10,1.56,4.41,4.91,5.73,5.01
18/10/2025 09:20 p. m.,Ordeño,08:35,21.37,1,,,,,0,,1.02,1.14,1.32,1.14,0,0,0,0,5.03,4.94,5.02,4.85,VMS 3,,Tanque,,1.50,1.56,1.68,1.50,4.80,5.54,5.76,5.27
19/10/2025 01:46 p. m.,Ordeño,07:17,14.09,1,,,,,0,,0.96,1.50,1.50,1.26,0,0,0,0,4.78,4.61,4.79,4.52,VMS 3,,Tanque,,1.38,2.04,1.80,1.62,3.29,3.54,3.74,3.52
20/10/2025 02:04 a. m.,Ordeño,05:46,14.76,1,,,,,0,,1.14,1.50,1.56,1.32,0,0,0,0,5.05,4.88,5.01,4.89,VMS 3,,Tanque,,1.56,1.92,1.98,1.80,3.29,3.86,4.05,3.56
21/12/2024 06:07 a. m.,Rechazada,00:00,,,,,,,,,,,,,,,,,,,,,VMS 1,,,,,,,,,,,
01/01/2025 03:31 a. m.,Rechazada,00:00,,,,,,,,,,,,,,,,,,,,,VMS 1,,,,,,,,,,,
28/01/2025 12:45 a. m.,Rechazada,00:00,,,,,,,,,,,,,,,,,,,,,VMS 1,,,,,,,,,,,
22/02/2025 07:33 a. m.,Echada sin ordeñar,05:59,,,,,,,,,,,,,,,,,,,,,VMS 2,,,,,,,,,,,
12/03/2025 01:57 a. m.,Rechazada,00:00,,,,,,,,,,,,,,,,,,,,,VMS 2,,,,,,,,,,,
27/03/2025 02:56 a. m.,Rechazada,00:00,,,,,,,,,,,,,,,,,,,,,VMS 2,,,,,,,,,,,
09/04/2025 11:09 a. m.,Rechazada,00:00,,,,,,,,,,,,,,,,,,,,,VMS 2,,,,,,,,,,,
17/05/2025 02:14 a. m.,Rechazada,00:00,,,,,,,,,,,,,,,,,,,,,VMS 2,,,,,,,,,,,
26/07/2025 11:29 a. m.,Rechazada,00:00,,,,,,,,,,,,,,,,,,,,,VMS 2,,,,,,,,,,,
01/08/2025 11:14 p. m.,Rechazada,00:00,,,,,,,,,,,,,,,,,,,,,VMS 2,,,,,,,,,,,
04/08/2025 10:06 a. m.,Echada sin ordeñar,02:49,,,,,,,,,,,,,,,,,,,,,VMS 2,,,,,,,,,,,
05/08/2025 01:25 p. m.,Rechazada,00:00,,,,,,,,,,,,,,,,,,,,,VMS 2,,,,,,,,,,,
29/08/2025 10:42 p. m.,Rechazada,00:00,,,,,,,,,,,,,,,,,,,,,VMS 2,,,,,,,,,,,
30/08/2025 11:27 a. m.,Rechazada,00:00,,,,,,,,,,,,,,,,,,,,,VMS 2,,,,,,,,,,,
30/08/2025 07:09 p. m.,Rechazada,00:00,,,,,,,,,,,,,,,,,,,,,VMS 2,,,,,,,,,,,
01/09/2025 02:06 p. m.,Rechazada,00:00,,,,,,,,,,,,,,,,,,,,,VMS 2,,,,,,,,,,,
04/09/2025 07:38 a. m.,Rechazada,00:00,,,,,,,,,,,,,,,,,,,,,VMS 2,,,,,,,,,,,
05/09/2025 05:26 p. m.,Rechazada,00:00,,,,,,,,,,,,,,,,,,,,,VMS 2,,,,,,,,,,,
12/09/2025 07:02 a. m.,Rechazada,00:00,,,,,,,,,,,,,,,,,,,,,VMS 2,,,,,,,,,,,
13/09/2025 12:50 a. m.,Rechazada,00:00,,,,,,,,,,,,,,,,,,,,,VMS 2,,,,,,,,,,,
13/09/2025 09:00 a. m.,Rechazada,00:00,,,,,,,,,,,,,,,,,,,,,VMS 2,,,,,,,,,,,
15/09/2025 06:15 a. m.,Rechazada,00:00,,,,,,,,,,,,,,,,,,,,,VMS 2,,,,,,,,,,,
27/09/2025 07:06 p. m.,Rechazada,00:00,,,,,,,,,,,,,,,,,,,,,VMS 2,,,,,,,,,,,
03/10/2025 09:12 a. m.,Rechazada,00:00,,,,,,,,,,,,,,,,,,,,,VMS 2,,,,,,,,,,,
13/10/2025 03:59 a. m.,Rechazada,00:00,,,,,,,,,,,,,,,,,,,,,VMS 3,,,,,,,,,,,
